-2,3,1,1,1,0
-5,-7,1,1,2,0
-3,9,1,1,2,0
-8,5,1,1,2,0
3,3,1,1,2,0
-4,-8,1,1,2,0
-2,3,2,1,2,0
2,-3,1,1,2,0
-9,-6,1,1,2,0
2,9,1,1,2,0
-5,-7,2,1,3,0
-3,9,2,1,3,0
-8,5,2,1,3,0
3,3,2,1,3,0
-4,-8,2,1,3,0
1,-8,1,1,3,0
-2,3,3,1,3,0
2,-3,2,1,3,0
-9,-6,2,1,3,0
2,9,2,1,3,0
-5,-7,3,1,4,0
-3,9,3,1,4,0
-8,5,2,1,4,0
3,3,3,1,4,0
-7,5,3,1,4,0
-4,-8,3,1,4,0
1,-8,2,1,4,0
-2,3,4,1,4,0
2,-3,3,1,4,0
-9,-6,3,1,4,0
2,9,3,1,4,0
-3,8,4,1,5,0
-5,-7,4,1,5,0
-3,9,3,1,5,0
-8,5,2,1,5,0
3,3,4,1,5,0
3,-3,4,1,5,0
-7,5,4,1,5,0
-4,-8,4,1,5,0
1,-8,3,1,5,0
-2,3,5,1,5,0
2,-3,3,1,5,0
-9,-6,4,1,5,0
2,9,4,1,5,0
-8,-6,5,1,6,0
-3,8,5,1,6,0
-5,-7,5,1,6,0
-3,9,3,1,6,0
-8,5,2,1,6,0
3,3,5,1,6,0
1,-7,4,1,6,0
3,-3,5,1,6,0
-7,5,5,1,6,0
1,-8,3,1,6,0
-4,-8,5,1,6,0
-2,3,6,1,6,0
2,-3,3,1,6,0
-9,-6,4,1,6,0
2,9,5,1,6,0
-8,-6,6,1,7,0
-3,8,6,1,7,0
-5,-7,6,1,7,0
-3,9,3,1,7,0
-8,5,2,1,7,0
3,3,6,1,7,0
1,-7,5,1,7,0
3,-3,6,1,7,0
-7,5,6,1,7,0
1,-8,3,1,7,0
-4,-8,5,1,7,0
-2,3,7,1,7,0
2,-3,3,1,7,0
-9,-6,4,1,7,0
-3,-8,6,1,7,0
2,8,6,1,7,0
2,9,5,1,7,0
-8,-6,7,1,8,0
-3,8,7,1,8,0
-5,-7,7,1,8,0
-3,9,3,1,8,0
-8,5,2,1,8,0
3,3,7,1,8,0
1,-7,6,1,8,0
3,-3,7,1,8,0
-7,5,7,1,8,0
1,-8,3,1,8,0
-4,-8,5,1,8,0
-2,3,8,1,8,0
2,-3,3,1,8,0
-3,-7,7,1,8,0
-9,-6,4,1,8,0
-3,-8,6,1,8,0
3,8,7,1,8,0
2,8,6,1,8,0
2,9,5,1,8,0
-8,-6,8,1,9,0
2,-7,8,1,9,0
-3,8,8,1,9,0
-5,-7,8,1,9,0
-3,9,3,1,9,0
4,3,8,1,9,0
-8,5,2,1,9,0
3,3,7,1,9,0
1,-7,6,1,9,0
3,-3,8,1,9,0
-7,5,8,1,9,0
1,-8,3,1,9,0
-4,-8,5,1,9,0
-2,3,8,1,9,0
2,-3,3,1,9,0
-3,-7,8,1,9,0
-9,-6,4,1,9,0
-3,-8,6,1,9,0
3,8,8,1,9,0
-1,3,9,1,9,0
2,8,6,1,9,0
2,9,5,1,9,0
-5,-7,8,1,10,0
-8,-6,9,1,10,0
2,-7,9,1,10,0
-3,8,9,1,10,0
-3,9,3,1,10,0
4,3,9,1,10,0
-8,5,2,1,10,0
3,3,7,1,10,0
1,-7,6,1,10,0
3,-3,9,1,10,0
-7,5,9,1,10,0
1,-8,3,1,10,0
-4,-8,5,1,10,0
-2,3,8,1,10,0
2,-3,3,1,10,0
-3,-7,9,1,10,0
-9,-6,4,1,10,0
-3,-8,6,1,10,0
-1,3,9,1,10,0
3,8,9,1,10,0
-6,-7,9,1,10,0
2,8,6,1,10,0
2,9,5,1,10,0
-5,-7,8,1,11,0
-8,-6,9,1,11,0
2,-7,9,1,11,0
-3,8,9,1,11,0
-3,9,3,1,11,0
4,3,9,1,11,0
-8,5,2,1,11,0
3,3,7,1,11,0
1,-7,6,1,11,0
3,-3,9,1,11,0
-7,5,9,1,11,0
1,-8,3,1,11,0
-4,-8,5,1,11,0
-2,3,8,1,11,0
2,-3,3,1,11,0
-3,-7,9,1,11,0
-9,-6,4,1,11,0
-3,-8,6,1,11,0
-1,3,11,1,11,0
3,8,9,1,11,0
-6,-7,9,1,11,0
2,8,6,1,11,0
2,9,5,1,11,0
-5,-7,8,1,12,0
-8,-6,9,1,12,0
-3,8,9,1,12,0
2,-7,11,1,12,0
4,-3,11,1,12,0
-3,9,3,1,12,0
4,3,11,1,12,0
-8,5,2,1,12,0
3,3,7,1,12,0
1,-7,6,1,12,0
3,-3,9,1,12,0
-7,5,9,1,12,0
-7,-6,11,1,12,0
1,-8,3,1,12,0
-4,-8,5,1,12,0
-6,5,11,1,12,0
-2,3,8,1,12,0
2,-3,3,1,12,0
-3,-7,11,1,12,0
-6,-6,11,1,12,0
-9,-6,4,1,12,0
-3,-8,6,1,12,0
-1,3,12,1,12,0
-6,-7,9,1,12,0
3,8,11,1,12,0
2,8,6,1,12,0
2,9,5,1,12,0
-3,7,11,1,12,0
-5,-7,8,1,13,0
-8,-6,9,1,13,0
-3,8,9,1,13,0
2,-7,12,1,13,0
4,-3,12,1,13,0
-3,9,3,1,13,0
4,3,12,1,13,0
-8,5,2,1,13,0
3,3,7,1,13,0
1,-7,6,1,13,0
3,-3,9,1,13,0
-7,5,9,1,13,0
-7,-6,12,1,13,0
1,-8,3,1,13,0
-4,-8,5,1,13,0
-6,5,12,1,13,0
-2,3,8,1,13,0
2,-3,3,1,13,0
-3,-7,11,1,13,0
-6,-6,12,1,13,0
-9,-6,4,1,13,0
-3,-8,6,1,13,0
-1,3,13,1,13,0
-6,-7,9,1,13,0
3,8,12,1,13,0
2,8,6,1,13,0
2,9,5,1,13,0
-3,7,12,1,13,0
-5,-7,8,1,14,0
-8,-6,9,1,14,0
-3,8,9,1,14,0
2,-7,13,1,14,0
4,-3,13,1,14,0
-3,9,3,1,14,0
4,3,13,1,14,0
-8,5,2,1,14,0
3,3,7,1,14,0
1,-7,6,1,14,0
3,-3,9,1,14,0
-7,5,9,1,14,0
-7,-6,13,1,14,0
1,-8,3,1,14,0
-4,-8,5,1,14,0
-6,5,13,1,14,0
-2,3,8,1,14,0
2,-3,3,1,14,0
-3,-7,12,1,14,0
-6,-6,13,1,14,0
-9,-6,4,1,14,0
-3,-8,6,1,14,0
-1,3,14,1,14,0
-6,-7,9,1,14,0
3,8,13,1,14,0
2,8,6,1,14,0
2,9,5,1,14,0
-3,7,13,1,14,0
-5,-7,8,1,15,0
-8,-6,9,1,15,0
-3,8,9,1,15,0
2,-7,14,1,15,0
4,-3,14,1,15,0
-3,9,3,1,15,0
4,3,14,1,15,0
-8,5,2,1,15,0
3,3,7,1,15,0
1,-7,6,1,15,0
3,-3,9,1,15,0
-7,5,9,1,15,0
-7,-6,14,1,15,0
1,-8,3,1,15,0
-4,-8,5,1,15,0
-6,5,14,1,15,0
0,3,15,1,15,0
-2,3,8,1,15,0
2,-3,3,1,15,0
-3,-7,13,1,15,0
3,7,14,1,15,0
-6,-6,14,1,15,0
-9,-6,4,1,15,0
-3,-8,6,1,15,0
-1,3,14,1,15,0
-6,-7,9,1,15,0
3,8,13,1,15,0
2,8,6,1,15,0
2,9,5,1,15,0
-3,7,14,1,15,0
-5,-7,8,1,16,0
-8,-6,9,1,16,0
-3,8,9,1,16,0
2,-7,14,1,16,0
4,-3,15,1,16,0
-2,7,15,1,16,0
5,3,15,1,16,0
-3,9,3,1,16,0
4,3,14,1,16,0
-8,5,2,1,16,0
3,3,7,1,16,0
-7,-5,15,1,16,0
1,-7,6,1,16,0
3,-3,9,1,16,0
-7,5,9,1,16,0
-7,-6,14,1,16,0
1,-8,3,1,16,0
-4,-8,5,1,16,0
-6,5,15,1,16,0
0,3,16,1,16,0
-2,3,8,1,16,0
2,-3,3,1,16,0
-6,-6,14,1,16,0
-3,-7,14,1,16,0
3,7,15,1,16,0
-9,-6,4,1,16,0
-3,-8,6,1,16,0
-1,3,14,1,16,0
-6,-7,9,1,16,0
3,8,13,1,16,0
3,-7,15,1,16,0
2,8,6,1,16,0
2,9,5,1,16,0
-3,7,14,1,16,0
-5,-6,15,1,16,0
-5,-7,8,1,17,0
-8,-6,9,1,17,0
-3,8,9,1,17,0
2,-7,14,1,17,0
4,-3,16,1,17,0
-2,7,16,1,17,0
5,3,16,1,17,0
-3,9,3,1,17,0
4,3,14,1,17,0
-8,5,2,1,17,0
3,3,7,1,17,0
-7,-5,16,1,17,0
1,-7,6,1,17,0
3,-3,9,1,17,0
-7,5,9,1,17,0
-7,-6,14,1,17,0
1,-8,3,1,17,0
-4,-8,5,1,17,0
-6,5,15,1,17,0
0,3,17,1,17,0
-5,5,16,1,17,0
-2,3,8,1,17,0
2,-3,3,1,17,0
-6,-6,14,1,17,0
-3,-7,15,1,17,0
3,7,16,1,17,0
-9,-6,4,1,17,0
-3,-8,6,1,17,0
-1,3,14,1,17,0
-6,-7,9,1,17,0
3,8,13,1,17,0
3,-7,16,1,17,0
2,8,6,1,17,0
2,9,5,1,17,0
-3,7,14,1,17,0
-5,-6,16,1,17,0
-5,-7,8,1,18,0
-8,-6,9,1,18,0
-3,8,9,1,18,0
2,-7,14,1,18,0
4,-3,16,1,18,0
-2,7,17,1,18,0
5,3,17,1,18,0
-3,9,3,1,18,0
4,3,14,1,18,0
-8,5,2,1,18,0
3,3,7,1,18,0
-7,-5,17,1,18,0
1,-7,6,1,18,0
3,-3,9,1,18,0
-7,5,9,1,18,0
-7,-6,14,1,18,0
1,-8,3,1,18,0
-4,-8,5,1,18,0
-6,5,15,1,18,0
0,3,18,1,18,0
-5,5,17,1,18,0
4,7,17,1,18,0
-2,3,8,1,18,0
2,-3,3,1,18,0
-6,-6,14,1,18,0
3,7,16,1,18,0
-3,-7,16,1,18,0
-9,-6,4,1,18,0
-3,-8,6,1,18,0
-1,3,14,1,18,0
-6,-7,9,1,18,0
3,8,13,1,18,0
3,-7,17,1,18,0
5,-3,17,1,18,0
2,8,6,1,18,0
2,9,5,1,18,0
-3,7,14,1,18,0
-5,-6,17,1,18,0
-5,-7,8,1,19,0
-8,-6,9,1,19,0
-3,8,9,1,19,0
2,-7,14,1,19,0
4,-3,16,1,19,0
-2,7,18,1,19,0
5,3,18,1,19,0
-3,9,3,1,19,0
4,3,14,1,19,0
-8,5,2,1,19,0
3,3,7,1,19,0
-7,-5,18,1,19,0
1,-7,6,1,19,0
3,-3,9,1,19,0
-7,5,9,1,19,0
-7,-6,14,1,19,0
1,-8,3,1,19,0
-4,-8,5,1,19,0
-6,5,15,1,19,0
0,3,19,1,19,0
-5,5,18,1,19,0
4,7,18,1,19,0
-2,3,8,1,19,0
2,-3,3,1,19,0
-6,-6,14,1,19,0
3,7,16,1,19,0
-3,-7,17,1,19,0
-9,-6,4,1,19,0
-3,-8,6,1,19,0
-1,3,14,1,19,0
-6,-7,9,1,19,0
3,8,13,1,19,0
3,-7,18,1,19,0
5,-3,18,1,19,0
2,8,6,1,19,0
2,9,5,1,19,0
-3,7,14,1,19,0
-5,-6,18,1,19,0
-5,-7,8,1,20,0
-8,-6,9,1,20,0
-3,8,9,1,20,0
2,-7,14,1,20,0
4,-3,16,1,20,0
-2,7,18,1,20,0
5,3,19,1,20,0
-3,9,3,1,20,0
4,3,14,1,20,0
-8,5,2,1,20,0
3,3,7,1,20,0
-7,-5,19,1,20,0
1,-7,6,1,20,0
3,-3,9,1,20,0
-7,5,9,1,20,0
-7,-6,14,1,20,0
1,-8,3,1,20,0
-4,-8,5,1,20,0
-6,5,15,1,20,0
0,3,19,1,20,0
-5,5,19,1,20,0
4,7,19,1,20,0
-2,3,8,1,20,0
2,-3,3,1,20,0
-6,-6,14,1,20,0
3,7,16,1,20,0
-3,-7,18,1,20,0
-9,-6,4,1,20,0
-3,-8,6,1,20,0
-1,3,14,1,20,0
-6,-7,9,1,20,0
3,8,13,1,20,0
3,-7,19,1,20,0
5,-3,19,1,20,0
2,8,6,1,20,0
2,9,5,1,20,0
-3,7,14,1,20,0
-2,6,19,1,20,0
-5,-6,19,1,20,0
-5,-7,8,1,21,0
-8,-6,9,1,21,0
-3,8,9,1,21,0
2,-7,14,1,21,0
4,-3,16,1,21,0
-2,7,18,1,21,0
5,3,19,1,21,0
-3,9,3,1,21,0
4,3,14,1,21,0
-8,5,2,1,21,0
3,3,7,1,21,0
-7,-5,19,1,21,0
1,-7,6,1,21,0
3,-3,9,1,21,0
-7,5,9,1,21,0
-7,-6,14,1,21,0
1,-8,3,1,21,0
-4,-8,5,1,21,0
-6,5,15,1,21,0
1,3,21,1,21,0
0,3,19,1,21,0
-5,5,19,1,21,0
4,7,19,1,21,0
-2,3,8,1,21,0
2,-3,3,1,21,0
-6,-6,14,1,21,0
3,7,16,1,21,0
-3,-7,19,1,21,0
-9,-6,4,1,21,0
-3,-8,6,1,21,0
-1,3,14,1,21,0
-6,-7,9,1,21,0
3,8,13,1,21,0
3,-7,19,1,21,0
5,-3,19,1,21,0
2,8,6,1,21,0
2,9,5,1,21,0
-3,7,14,1,21,0
-2,6,19,1,21,0
-5,-6,19,1,21,0
-5,-7,8,1,22,0
-8,-6,9,1,22,0
-3,8,9,1,22,0
2,-7,14,1,22,0
4,-3,16,1,22,0
-2,7,18,1,22,0
5,3,19,1,22,0
-3,9,3,1,22,0
4,3,14,1,22,0
-8,5,2,1,22,0
3,3,7,1,22,0
-7,-5,21,1,22,0
1,-7,6,1,22,0
3,-3,9,1,22,0
-7,5,9,1,22,0
-7,-6,14,1,22,0
1,-8,3,1,22,0
-4,-8,5,1,22,0
-6,5,15,1,22,0
1,3,22,1,22,0
4,-7,21,1,22,0
0,3,19,1,22,0
-5,5,21,1,22,0
4,7,21,1,22,0
-2,3,8,1,22,0
2,-3,3,1,22,0
-6,-6,14,1,22,0
3,7,16,1,22,0
-3,-7,19,1,22,0
-9,-6,4,1,22,0
-3,-8,6,1,22,0
-1,3,14,1,22,0
-6,-7,9,1,22,0
3,8,13,1,22,0
3,-7,19,1,22,0
5,-3,21,1,22,0
2,8,6,1,22,0
2,9,5,1,22,0
-3,7,14,1,22,0
-5,-6,19,1,22,0
-2,6,21,1,22,0
6,3,21,1,22,0
-5,-7,8,1,23,0
-8,-6,9,1,23,0
-3,8,9,1,23,0
2,-7,14,1,23,0
4,-3,16,1,23,0
-2,7,18,1,23,0
5,3,19,1,23,0
-3,9,3,1,23,0
4,3,14,1,23,0
-7,-4,22,1,23,0
-8,5,2,1,23,0
3,3,7,1,23,0
-7,-5,21,1,23,0
1,-7,6,1,23,0
3,-3,9,1,23,0
-7,5,9,1,23,0
-7,-6,14,1,23,0
1,-8,3,1,23,0
-4,-8,5,1,23,0
-6,5,15,1,23,0
1,3,23,1,23,0
4,-7,22,1,23,0
0,3,19,1,23,0
-5,5,21,1,23,0
4,7,22,1,23,0
-2,3,8,1,23,0
2,-3,3,1,23,0
-6,-6,14,1,23,0
3,7,16,1,23,0
-4,5,22,1,23,0
-3,-7,21,1,23,0
-9,-6,4,1,23,0
-3,-8,6,1,23,0
-1,3,14,1,23,0
-6,-7,9,1,23,0
3,8,13,1,23,0
3,-7,19,1,23,0
5,-3,22,1,23,0
2,8,6,1,23,0
2,9,5,1,23,0
-3,7,14,1,23,0
-5,-6,21,1,23,0
-2,6,22,1,23,0
6,3,22,1,23,0
-5,-7,8,1,24,0
-8,-6,9,1,24,0
-3,8,9,1,24,0
2,-7,14,1,24,0
4,-3,16,1,24,0
-2,7,18,1,24,0
5,3,19,1,24,0
-3,9,3,1,24,0
4,3,14,1,24,0
-7,-4,23,1,24,0
-8,5,2,1,24,0
3,3,7,1,24,0
-7,-5,21,1,24,0
-4,-6,22,1,24,0
1,-7,6,1,24,0
3,-3,9,1,24,0
-7,5,9,1,24,0
-7,-6,14,1,24,0
1,-8,3,1,24,0
-4,-8,5,1,24,0
-6,5,15,1,24,0
1,3,24,1,24,0
4,-7,23,1,24,0
6,-3,23,1,24,0
0,3,19,1,24,0
-5,5,21,1,24,0
-3,-6,23,1,24,0
4,7,23,1,24,0
-2,3,8,1,24,0
2,-3,3,1,24,0
-6,-6,14,1,24,0
3,7,16,1,24,0
-3,-7,22,1,24,0
-4,5,23,1,24,0
-9,-6,4,1,24,0
-3,-8,6,1,24,0
-1,3,14,1,24,0
-6,-7,9,1,24,0
3,8,13,1,24,0
3,-7,19,1,24,0
5,-3,22,1,24,0
2,8,6,1,24,0
2,9,5,1,24,0
-3,7,14,1,24,0
-5,-6,21,1,24,0
-2,6,23,1,24,0
6,3,23,1,24,0
-5,-7,8,1,25,0
-8,-6,9,1,25,0
-3,8,9,1,25,0
2,-7,14,1,25,0
4,-3,16,1,25,0
-2,7,18,1,25,0
5,3,19,1,25,0
-1,6,24,1,25,0
-3,9,3,1,25,0
4,3,14,1,25,0
-7,-4,24,1,25,0
-8,5,2,1,25,0
3,3,7,1,25,0
-7,-5,21,1,25,0
-4,-6,23,1,25,0
1,-7,6,1,25,0
3,-3,9,1,25,0
-7,5,9,1,25,0
-7,-6,14,1,25,0
1,-8,3,1,25,0
-4,-8,5,1,25,0
-6,5,15,1,25,0
1,3,25,1,25,0
4,-7,24,1,25,0
6,-3,24,1,25,0
5,7,24,1,25,0
0,3,19,1,25,0
-5,5,21,1,25,0
4,7,23,1,25,0
-3,-6,24,1,25,0
-2,3,8,1,25,0
2,-3,3,1,25,0
-6,-6,14,1,25,0
3,7,16,1,25,0
-3,-7,22,1,25,0
-4,5,24,1,25,0
-9,-6,4,1,25,0
-3,-8,6,1,25,0
-1,3,14,1,25,0
-6,-7,9,1,25,0
3,8,13,1,25,0
3,-7,19,1,25,0
5,-3,22,1,25,0
2,8,6,1,25,0
2,9,5,1,25,0
-3,7,14,1,25,0
-5,-6,21,1,25,0
-2,6,23,1,25,0
6,3,24,1,25,0
-5,-7,8,1,26,0
-8,-6,9,1,26,0
-3,8,9,1,26,0
2,-7,14,1,26,0
4,-3,16,1,26,0
-2,7,18,1,26,0
5,3,19,1,26,0
-1,6,25,1,26,0
-3,9,3,1,26,0
4,3,14,1,26,0
-7,-4,25,1,26,0
-8,5,2,1,26,0
3,3,7,1,26,0
-7,-5,21,1,26,0
-4,-6,24,1,26,0
1,-7,6,1,26,0
3,-3,9,1,26,0
-7,5,9,1,26,0
-7,-6,14,1,26,0
1,-8,3,1,26,0
-4,-8,5,1,26,0
-6,5,15,1,26,0
1,3,26,1,26,0
4,-7,25,1,26,0
6,-3,25,1,26,0
5,7,25,1,26,0
0,3,19,1,26,0
-5,5,21,1,26,0
4,7,23,1,26,0
-3,-6,24,1,26,0
-2,3,8,1,26,0
2,-3,3,1,26,0
-6,-6,14,1,26,0
3,7,16,1,26,0
-3,-7,22,1,26,0
-4,5,25,1,26,0
-9,-6,4,1,26,0
-3,-8,6,1,26,0
-1,3,14,1,26,0
-6,-7,9,1,26,0
3,8,13,1,26,0
3,-7,19,1,26,0
5,-3,22,1,26,0
2,8,6,1,26,0
2,9,5,1,26,0
-3,7,14,1,26,0
-5,-6,21,1,26,0
-2,6,23,1,26,0
6,3,25,1,26,0
-5,-7,8,1,27,0
-8,-6,9,1,27,0
-3,8,9,1,27,0
2,-7,14,1,27,0
4,-3,16,1,27,0
-2,7,18,1,27,0
5,3,19,1,27,0
-1,6,26,1,27,0
-3,9,3,1,27,0
4,3,14,1,27,0
-4,-5,25,1,27,0
-7,-4,26,1,27,0
-8,5,2,1,27,0
3,3,7,1,27,0
-7,-5,21,1,27,0
-4,-6,24,1,27,0
1,-7,6,1,27,0
3,-3,9,1,27,0
-7,5,9,1,27,0
-7,-6,14,1,27,0
2,3,27,1,27,0
1,-8,3,1,27,0
-4,-8,5,1,27,0
-6,5,15,1,27,0
1,3,26,1,27,0
4,-7,26,1,27,0
6,-3,26,1,27,0
5,7,26,1,27,0
0,3,19,1,27,0
-5,5,21,1,27,0
4,7,23,1,27,0
-3,-6,25,1,27,0
-2,3,8,1,27,0
2,-3,3,1,27,0
-6,-6,14,1,27,0
3,7,16,1,27,0
-3,-7,22,1,27,0
-4,5,26,1,27,0
-9,-6,4,1,27,0
-3,-8,6,1,27,0
-1,3,14,1,27,0
-6,-7,9,1,27,0
3,8,13,1,27,0
3,-7,19,1,27,0
5,-3,22,1,27,0
2,8,6,1,27,0
-2,-6,26,1,27,0
2,9,5,1,27,0
-3,7,14,1,27,0
-5,-6,21,1,27,0
-2,6,23,1,27,0
6,3,26,1,27,0
-5,-7,8,1,28,0
-8,-6,9,1,28,0
-3,8,9,1,28,0
2,-7,14,1,28,0
4,-3,16,1,28,0
-2,7,18,1,28,0
5,3,19,1,28,0
-1,6,27,1,28,0
-3,9,3,1,28,0
4,3,14,1,28,0
-4,-5,26,1,28,0
-7,-4,27,1,28,0
5,-7,27,1,28,0
-8,5,2,1,28,0
3,3,7,1,28,0
-7,-5,21,1,28,0
-4,-6,24,1,28,0
1,-7,6,1,28,0
3,-3,9,1,28,0
-7,5,9,1,28,0
-7,-6,14,1,28,0
2,3,28,1,28,0
1,-8,3,1,28,0
-4,-8,5,1,28,0
-6,5,15,1,28,0
1,3,26,1,28,0
4,-7,26,1,28,0
6,-3,27,1,28,0
5,7,27,1,28,0
0,3,19,1,28,0
-5,5,21,1,28,0
4,7,23,1,28,0
-3,-6,27,1,28,0
-2,3,8,1,28,0
2,-3,3,1,28,0
-6,-6,14,1,28,0
3,7,16,1,28,0
-3,-7,22,1,28,0
-4,5,27,1,28,0
-9,-6,4,1,28,0
-3,-8,6,1,28,0
-1,3,14,1,28,0
-6,-7,9,1,28,0
3,8,13,1,28,0
3,-7,19,1,28,0
5,-3,22,1,28,0
2,8,6,1,28,0
-2,-6,26,1,28,0
7,3,27,1,28,0
2,9,5,1,28,0
-3,7,14,1,28,0
-5,-6,21,1,28,0
-2,6,23,1,28,0
6,3,26,1,28,0
-5,-7,8,1,29,0
-8,-6,9,1,29,0
-3,8,9,1,29,0
2,-7,14,1,29,0
4,-3,16,1,29,0
-2,7,18,1,29,0
5,3,19,1,29,0
-1,6,28,1,29,0
-3,9,3,1,29,0
4,3,14,1,29,0
-4,-5,27,1,29,0
-7,-4,28,1,29,0
5,-7,28,1,29,0
-8,5,2,1,29,0
3,3,7,1,29,0
-7,-5,21,1,29,0
-4,-6,24,1,29,0
1,-7,6,1,29,0
3,-3,9,1,29,0
-7,5,9,1,29,0
-7,-6,14,1,29,0
2,3,29,1,29,0
1,-8,3,1,29,0
-4,-8,5,1,29,0
-6,5,15,1,29,0
1,3,26,1,29,0
4,-7,26,1,29,0
6,-3,28,1,29,0
5,7,28,1,29,0
0,3,19,1,29,0
-5,5,21,1,29,0
4,7,23,1,29,0
-3,-6,28,1,29,0
-2,3,8,1,29,0
2,-3,3,1,29,0
-6,-6,14,1,29,0
3,7,16,1,29,0
-3,-7,22,1,29,0
-4,5,27,1,29,0
-9,-6,4,1,29,0
-3,-8,6,1,29,0
-1,3,14,1,29,0
-6,-7,9,1,29,0
3,8,13,1,29,0
3,-7,19,1,29,0
5,-3,22,1,29,0
-3,5,28,1,29,0
2,8,6,1,29,0
-2,-6,26,1,29,0
7,3,28,1,29,0
2,9,5,1,29,0
-3,7,14,1,29,0
-5,-6,21,1,29,0
-2,6,23,1,29,0
6,3,26,1,29,0
-5,-7,8,1,30,0
-8,-6,9,1,30,0
-3,8,9,1,30,0
2,-7,14,1,30,0
4,-3,16,1,30,0
-2,7,18,1,30,0
5,3,19,1,30,0
-7,-3,29,1,30,0
-1,6,29,1,30,0
-3,9,3,1,30,0
4,3,14,1,30,0
-7,-4,28,1,30,0
-4,-5,28,1,30,0
5,-7,29,1,30,0
7,-3,29,1,30,0
-8,5,2,1,30,0
3,3,7,1,30,0
-7,-5,21,1,30,0
-4,-6,24,1,30,0
1,-7,6,1,30,0
3,-3,9,1,30,0
-7,5,9,1,30,0
-7,-6,14,1,30,0
2,3,29,1,30,0
1,-8,3,1,30,0
-4,-8,5,1,30,0
-6,5,15,1,30,0
1,3,26,1,30,0
4,-7,26,1,30,0
6,-3,28,1,30,0
5,7,29,1,30,0
0,3,19,1,30,0
-5,5,21,1,30,0
4,7,23,1,30,0
-3,-6,28,1,30,0
-2,3,8,1,30,0
2,-3,3,1,30,0
-6,-6,14,1,30,0
3,7,16,1,30,0
-3,-7,22,1,30,0
-4,5,27,1,30,0
-9,-6,4,1,30,0
-3,-8,6,1,30,0
-1,3,14,1,30,0
-6,-7,9,1,30,0
3,8,13,1,30,0
3,-7,19,1,30,0
5,-3,22,1,30,0
-3,5,29,1,30,0
2,8,6,1,30,0
-2,-6,26,1,30,0
7,3,29,1,30,0
2,9,5,1,30,0
-3,7,14,1,30,0
-5,-6,21,1,30,0
-2,6,23,1,30,0
6,3,26,1,30,0
-5,-7,8,1,31,0
-8,-6,9,1,31,0
-3,8,9,1,31,0
2,-7,14,1,31,0
4,-3,16,1,31,0
-2,7,18,1,31,0
5,3,19,1,31,0
-7,-3,29,1,31,0
-1,6,29,1,31,0
-3,9,3,1,31,0
4,3,14,1,31,0
-7,-4,28,1,31,0
5,-7,29,1,31,0
7,-3,29,1,31,0
-4,-5,29,1,31,0
-8,5,2,1,31,0
3,3,7,1,31,0
-7,-5,21,1,31,0
-4,-6,24,1,31,0
1,-7,6,1,31,0
3,-3,9,1,31,0
-7,5,9,1,31,0
-7,-6,14,1,31,0
2,3,31,1,31,0
1,-8,3,1,31,0
-4,-8,5,1,31,0
-6,5,15,1,31,0
1,3,26,1,31,0
4,-7,26,1,31,0
6,-3,28,1,31,0
5,7,29,1,31,0
0,3,19,1,31,0
-5,5,21,1,31,0
4,7,23,1,31,0
-3,-6,29,1,31,0
-2,3,8,1,31,0
2,-3,3,1,31,0
-6,-6,14,1,31,0
3,7,16,1,31,0
-3,-7,22,1,31,0
-4,5,27,1,31,0
-9,-6,4,1,31,0
-3,-8,6,1,31,0
-1,3,14,1,31,0
-6,-7,9,1,31,0
3,8,13,1,31,0
3,-7,19,1,31,0
5,-3,22,1,31,0
-3,5,29,1,31,0
2,8,6,1,31,0
-2,-6,26,1,31,0
7,3,29,1,31,0
2,9,5,1,31,0
-3,7,14,1,31,0
-5,-6,21,1,31,0
-2,6,23,1,31,0
6,3,26,1,31,0
-5,-7,8,1,32,0
-8,-6,9,1,32,0
-3,8,9,1,32,0
2,-7,14,1,32,0
4,-3,16,1,32,0
-2,7,18,1,32,0
5,3,19,1,32,0
-7,-3,29,1,32,0
-1,6,31,1,32,0
-3,9,3,1,32,0
4,3,14,1,32,0
-7,-4,28,1,32,0
-4,-5,29,1,32,0
5,-7,31,1,32,0
7,-3,31,1,32,0
-8,5,2,1,32,0
3,3,7,1,32,0
-7,-5,21,1,32,0
-4,-6,24,1,32,0
1,-7,6,1,32,0
3,-3,9,1,32,0
-7,5,9,1,32,0
-7,-6,14,1,32,0
2,3,32,1,32,0
-6,-3,31,1,32,0
6,7,31,1,32,0
1,-8,3,1,32,0
-4,-8,5,1,32,0
-6,5,15,1,32,0
1,3,26,1,32,0
4,-7,26,1,32,0
6,-3,28,1,32,0
5,7,29,1,32,0
0,3,19,1,32,0
-5,5,21,1,32,0
4,7,23,1,32,0
-3,-6,29,1,32,0
-2,3,8,1,32,0
2,-3,3,1,32,0
-6,-6,14,1,32,0
3,7,16,1,32,0
-3,-7,22,1,32,0
-4,5,27,1,32,0
-9,-6,4,1,32,0
-3,-8,6,1,32,0
-1,3,14,1,32,0
-6,-7,9,1,32,0
3,8,13,1,32,0
3,-7,19,1,32,0
5,-3,22,1,32,0
-3,5,31,1,32,0
2,8,6,1,32,0
-2,-6,26,1,32,0
7,3,31,1,32,0
2,9,5,1,32,0
-3,7,14,1,32,0
-5,-6,21,1,32,0
-2,6,23,1,32,0
6,3,26,1,32,0
-5,-7,8,1,33,0
-8,-6,9,1,33,0
-3,8,9,1,33,0
2,-7,14,1,33,0
4,-3,16,1,33,0
-2,7,18,1,33,0
5,3,19,1,33,0
-7,-3,29,1,33,0
-1,6,31,1,33,0
-3,9,3,1,33,0
4,3,14,1,33,0
-7,-4,28,1,33,0
-4,-5,31,1,33,0
5,-7,32,1,33,0
7,-3,32,1,33,0
-8,5,2,1,33,0
3,3,7,1,33,0
-7,-5,21,1,33,0
-4,-6,24,1,33,0
1,-7,6,1,33,0
3,-3,9,1,33,0
-7,5,9,1,33,0
-7,-6,14,1,33,0
2,3,33,1,33,0
-6,-3,32,1,33,0
6,7,32,1,33,0
1,-8,3,1,33,0
-4,-8,5,1,33,0
-6,5,15,1,33,0
1,3,26,1,33,0
4,-7,26,1,33,0
6,-3,28,1,33,0
5,7,29,1,33,0
0,3,19,1,33,0
-5,5,21,1,33,0
4,7,23,1,33,0
-3,-6,31,1,33,0
-2,3,8,1,33,0
2,-3,3,1,33,0
-6,-6,14,1,33,0
3,7,16,1,33,0
-3,-7,22,1,33,0
-4,5,27,1,33,0
-9,-6,4,1,33,0
-3,-8,6,1,33,0
-1,3,14,1,33,0
-6,-7,9,1,33,0
3,8,13,1,33,0
3,-7,19,1,33,0
5,-3,22,1,33,0
-3,5,32,1,33,0
2,8,6,1,33,0
-2,-6,26,1,33,0
0,6,32,1,33,0
7,3,32,1,33,0
2,9,5,1,33,0
-3,7,14,1,33,0
-5,-6,21,1,33,0
-2,6,23,1,33,0
6,3,26,1,33,0
-5,-7,8,1,34,0
-8,-6,9,1,34,0
-3,8,9,1,34,0
2,-7,14,1,34,0
4,-3,16,1,34,0
-2,7,18,1,34,0
5,3,19,1,34,0
-7,-3,29,1,34,0
-1,6,31,1,34,0
-4,-4,32,1,34,0
-3,9,3,1,34,0
4,3,14,1,34,0
-7,-4,28,1,34,0
-4,-5,31,1,34,0
5,-7,33,1,34,0
7,-3,33,1,34,0
-8,5,2,1,34,0
3,3,34,1,34,0
-7,-5,21,1,34,0
-4,-6,24,1,34,0
1,-7,6,1,34,0
3,-3,9,1,34,0
-7,5,9,1,34,0
-7,-6,14,1,34,0
2,3,33,1,34,0
-6,-3,33,1,34,0
6,7,33,1,34,0
1,-8,3,1,34,0
-4,-8,5,1,34,0
-6,5,15,1,34,0
1,3,26,1,34,0
4,-7,26,1,34,0
6,-3,28,1,34,0
5,7,29,1,34,0
0,3,19,1,34,0
-5,5,21,1,34,0
4,7,23,1,34,0
-3,-6,32,1,34,0
-2,3,8,1,34,0
2,-3,3,1,34,0
-6,-6,14,1,34,0
3,7,16,1,34,0
-3,-7,22,1,34,0
-4,5,27,1,34,0
-9,-6,4,1,34,0
-3,-8,6,1,34,0
-1,3,14,1,34,0
-6,-7,9,1,34,0
3,8,13,1,34,0
3,-7,19,1,34,0
5,-3,22,1,34,0
-3,5,33,1,34,0
8,3,33,1,34,0
2,8,6,1,34,0
-2,-6,26,1,34,0
7,3,32,1,34,0
0,6,33,1,34,0
2,9,5,1,34,0
-3,7,14,1,34,0
-5,-6,21,1,34,0
-2,6,23,1,34,0
6,3,26,1,34,0
-5,-7,8,1,35,0
-8,-6,9,1,35,0
-3,8,9,1,35,0
2,-7,14,1,35,0
4,-3,16,1,35,0
-2,7,18,1,35,0
5,3,19,1,35,0
-7,-3,29,1,35,0
-1,6,31,1,35,0
-4,-4,33,1,35,0
-3,9,3,1,35,0
4,3,14,1,35,0
-7,-4,28,1,35,0
-4,-5,31,1,35,0
5,-7,33,1,35,0
7,-3,34,1,35,0
-8,5,2,1,35,0
3,3,35,1,35,0
-7,-5,21,1,35,0
-4,-6,24,1,35,0
1,-7,6,1,35,0
3,-3,9,1,35,0
-7,5,9,1,35,0
-7,-6,14,1,35,0
2,3,33,1,35,0
-6,-3,34,1,35,0
6,7,34,1,35,0
1,-8,3,1,35,0
-4,-8,5,1,35,0
-6,5,15,1,35,0
1,3,26,1,35,0
4,-7,26,1,35,0
6,-3,28,1,35,0
5,7,29,1,35,0
0,3,19,1,35,0
-5,5,21,1,35,0
4,7,23,1,35,0
-3,-6,33,1,35,0
-2,3,8,1,35,0
2,-3,3,1,35,0
-6,-6,14,1,35,0
3,7,16,1,35,0
-3,-7,22,1,35,0
-4,5,27,1,35,0
-3,4,34,1,35,0
-9,-6,4,1,35,0
-3,-8,6,1,35,0
-1,3,14,1,35,0
-6,-7,9,1,35,0
3,8,13,1,35,0
3,-7,19,1,35,0
5,-3,22,1,35,0
-3,5,33,1,35,0
8,3,34,1,35,0
2,8,6,1,35,0
-2,-6,26,1,35,0
7,3,32,1,35,0
6,-7,34,1,35,0
0,6,34,1,35,0
2,9,5,1,35,0
-3,7,14,1,35,0
-5,-6,21,1,35,0
-2,6,23,1,35,0
6,3,26,1,35,0
-5,-7,8,1,36,0
-8,-6,9,1,36,0
-3,8,9,1,36,0
2,-7,14,1,36,0
4,-3,16,1,36,0
-2,7,18,1,36,0
5,3,19,1,36,0
-7,-3,29,1,36,0
-1,6,31,1,36,0
-4,-4,34,1,36,0
-3,9,3,1,36,0
4,3,14,1,36,0
-7,-4,28,1,36,0
-4,-5,31,1,36,0
5,-7,33,1,36,0
7,-3,35,1,36,0
-8,5,2,1,36,0
3,3,36,1,36,0
-7,-5,21,1,36,0
-4,-6,24,1,36,0
1,-7,6,1,36,0
3,-3,9,1,36,0
-7,5,9,1,36,0
-7,-6,14,1,36,0
2,3,33,1,36,0
-6,-3,35,1,36,0
6,7,35,1,36,0
1,-8,3,1,36,0
-4,-8,5,1,36,0
-6,5,15,1,36,0
1,3,26,1,36,0
4,-7,26,1,36,0
6,-3,28,1,36,0
5,7,29,1,36,0
0,3,19,1,36,0
-5,5,21,1,36,0
4,7,23,1,36,0
-3,-6,33,1,36,0
-2,3,8,1,36,0
2,-3,3,1,36,0
-6,-6,14,1,36,0
3,7,16,1,36,0
-3,-7,22,1,36,0
-4,5,27,1,36,0
-3,4,35,1,36,0
-9,-6,4,1,36,0
-3,-8,6,1,36,0
-1,3,14,1,36,0
-6,-7,9,1,36,0
3,8,13,1,36,0
3,-7,19,1,36,0
5,-3,22,1,36,0
-3,5,33,1,36,0
8,3,35,1,36,0
2,8,6,1,36,0
7,3,32,1,36,0
-2,-6,34,1,36,0
6,-7,35,1,36,0
0,6,35,1,36,0
2,9,5,1,36,0
-3,7,14,1,36,0
-5,-6,21,1,36,0
-2,6,23,1,36,0
6,3,26,1,36,0
-5,-7,8,1,37,0
-8,-6,9,1,37,0
-3,8,9,1,37,0
2,-7,14,1,37,0
4,-3,16,1,37,0
-2,7,18,1,37,0
5,3,19,1,37,0
-7,-3,29,1,37,0
-1,6,31,1,37,0
-4,-4,34,1,37,0
-3,9,3,1,37,0
4,3,14,1,37,0
-7,-4,28,1,37,0
-4,-5,31,1,37,0
5,-7,33,1,37,0
7,-3,35,1,37,0
-8,5,2,1,37,0
3,3,37,1,37,0
-7,-5,21,1,37,0
-4,-6,24,1,37,0
1,-7,6,1,37,0
3,-3,9,1,37,0
-7,5,9,1,37,0
-7,-6,14,1,37,0
2,3,33,1,37,0
-6,-3,36,1,37,0
-3,-4,35,1,37,0
6,7,36,1,37,0
1,-8,3,1,37,0
-4,-8,5,1,37,0
-6,5,15,1,37,0
1,3,26,1,37,0
4,-7,26,1,37,0
6,-3,28,1,37,0
5,7,29,1,37,0
0,3,19,1,37,0
-5,5,21,1,37,0
4,7,23,1,37,0
-3,-6,33,1,37,0
-2,3,8,1,37,0
2,-3,3,1,37,0
-6,-6,14,1,37,0
3,7,16,1,37,0
-3,-7,22,1,37,0
-4,5,27,1,37,0
-3,4,35,1,37,0
-9,-6,4,1,37,0
-3,-8,6,1,37,0
-1,3,14,1,37,0
-6,-7,9,1,37,0
3,8,13,1,37,0
3,-7,19,1,37,0
5,-3,22,1,37,0
-3,5,33,1,37,0
8,3,35,1,37,0
-2,4,36,1,37,0
2,8,6,1,37,0
-2,-6,35,1,37,0
6,-7,36,1,37,0
8,-3,36,1,37,0
0,6,36,1,37,0
7,3,36,1,37,0
2,9,5,1,37,0
-3,7,14,1,37,0
-5,-6,21,1,37,0
-2,6,23,1,37,0
6,3,26,1,37,0
-5,-7,8,1,38,0
-8,-6,9,1,38,0
-3,8,9,1,38,0
2,-7,14,1,38,0
4,-3,16,1,38,0
-2,7,18,1,38,0
5,3,19,1,38,0
-7,-3,29,1,38,0
-1,6,31,1,38,0
-4,-4,34,1,38,0
-3,9,3,1,38,0
4,3,14,1,38,0
-7,-4,28,1,38,0
-4,-5,31,1,38,0
5,-7,33,1,38,0
7,-3,35,1,38,0
-8,5,2,1,38,0
3,3,38,1,38,0
-7,-5,21,1,38,0
-4,-6,24,1,38,0
7,7,37,1,38,0
1,-7,6,1,38,0
3,-3,9,1,38,0
-7,5,9,1,38,0
-7,-6,14,1,38,0
2,3,33,1,38,0
6,7,36,1,38,0
-6,-3,37,1,38,0
-3,-4,37,1,38,0
1,-8,3,1,38,0
-4,-8,5,1,38,0
-6,5,15,1,38,0
1,3,26,1,38,0
4,-7,26,1,38,0
6,-3,28,1,38,0
5,7,29,1,38,0
0,3,19,1,38,0
-5,5,21,1,38,0
4,7,23,1,38,0
-3,-6,33,1,38,0
-2,3,8,1,38,0
2,-3,3,1,38,0
-6,-6,14,1,38,0
3,7,16,1,38,0
-3,-7,22,1,38,0
-4,5,27,1,38,0
-3,4,35,1,38,0
-9,-6,4,1,38,0
-3,-8,6,1,38,0
-1,3,14,1,38,0
-6,-7,9,1,38,0
3,8,13,1,38,0
3,-7,19,1,38,0
5,-3,22,1,38,0
-3,5,33,1,38,0
8,3,35,1,38,0
-2,4,37,1,38,0
2,8,6,1,38,0
-2,-6,36,1,38,0
6,-7,37,1,38,0
8,-3,37,1,38,0
0,6,37,1,38,0
7,3,37,1,38,0
2,9,5,1,38,0
-3,7,14,1,38,0
-5,-6,21,1,38,0
-2,6,23,1,38,0
6,3,26,1,38,0
-5,-7,8,1,39,0
-8,-6,9,1,39,0
-3,8,9,1,39,0
2,-7,14,1,39,0
4,-3,16,1,39,0
-2,7,18,1,39,0
5,3,19,1,39,0
-7,-3,29,1,39,0
-1,6,31,1,39,0
-4,-4,34,1,39,0
-3,9,3,1,39,0
4,3,14,1,39,0
-7,-4,28,1,39,0
-4,-5,31,1,39,0
5,-7,33,1,39,0
7,-3,35,1,39,0
-8,5,2,1,39,0
3,3,39,1,39,0
-7,-5,21,1,39,0
-4,-6,24,1,39,0
7,7,38,1,39,0
1,-7,6,1,39,0
3,-3,9,1,39,0
-7,5,9,1,39,0
-7,-6,14,1,39,0
2,3,33,1,39,0
6,7,36,1,39,0
-6,-3,38,1,39,0
-3,-4,38,1,39,0
1,-8,3,1,39,0
-4,-8,5,1,39,0
-6,5,15,1,39,0
1,3,26,1,39,0
4,-7,26,1,39,0
6,-3,28,1,39,0
5,7,29,1,39,0
0,3,19,1,39,0
-5,5,21,1,39,0
4,7,23,1,39,0
-3,-6,33,1,39,0
-2,3,8,1,39,0
2,-3,3,1,39,0
-6,-6,14,1,39,0
3,7,16,1,39,0
-3,-7,22,1,39,0
-4,5,27,1,39,0
-3,4,35,1,39,0
-9,-6,4,1,39,0
-3,-8,6,1,39,0
-1,3,14,1,39,0
-6,-7,9,1,39,0
3,8,13,1,39,0
3,-7,19,1,39,0
5,-3,22,1,39,0
-3,5,33,1,39,0
8,3,35,1,39,0
-2,4,38,1,39,0
1,6,38,1,39,0
2,8,6,1,39,0
0,6,37,1,39,0
-2,-6,37,1,39,0
6,-7,38,1,39,0
8,-3,38,1,39,0
7,3,38,1,39,0
2,9,5,1,39,0
-3,7,14,1,39,0
-5,-6,21,1,39,0
-2,6,23,1,39,0
6,3,26,1,39,0
-5,-7,8,1,40,0
-8,-6,9,1,40,0
-3,8,9,1,40,0
2,-7,14,1,40,0
4,-3,16,1,40,0
-2,7,18,1,40,0
5,3,19,1,40,0
-7,-3,29,1,40,0
-1,6,31,1,40,0
-4,-4,34,1,40,0
-3,9,3,1,40,0
4,3,14,1,40,0
-7,-4,28,1,40,0
-4,-5,31,1,40,0
5,-7,33,1,40,0
7,-3,35,1,40,0
-8,5,2,1,40,0
3,3,39,1,40,0
-7,-5,21,1,40,0
-4,-6,24,1,40,0
7,7,39,1,40,0
1,-7,6,1,40,0
3,-3,9,1,40,0
-7,5,9,1,40,0
-7,-6,14,1,40,0
2,3,33,1,40,0
6,7,36,1,40,0
-6,-3,38,1,40,0
-3,-4,39,1,40,0
1,-8,3,1,40,0
-4,-8,5,1,40,0
-6,5,15,1,40,0
1,3,26,1,40,0
4,-7,26,1,40,0
6,-3,28,1,40,0
5,7,29,1,40,0
0,3,19,1,40,0
-5,5,21,1,40,0
4,7,23,1,40,0
-3,-6,33,1,40,0
-2,3,8,1,40,0
2,-3,3,1,40,0
-6,-6,14,1,40,0
3,7,16,1,40,0
-3,-7,22,1,40,0
-4,5,27,1,40,0
-3,4,35,1,40,0
-9,-6,4,1,40,0
-3,-8,6,1,40,0
-1,3,14,1,40,0
-6,-7,9,1,40,0
3,8,13,1,40,0
3,-7,19,1,40,0
5,-3,22,1,40,0
-3,5,33,1,40,0
8,3,35,1,40,0
-2,4,39,1,40,0
1,6,39,1,40,0
2,8,6,1,40,0
0,6,37,1,40,0
6,-7,39,1,40,0
8,-3,39,1,40,0
-2,-6,38,1,40,0
7,3,39,1,40,0
2,9,5,1,40,0
-3,7,14,1,40,0
-5,-6,21,1,40,0
-2,6,23,1,40,0
6,3,26,1,40,0
-5,-7,8,1,41,0
-8,-6,9,1,41,0
-3,8,9,1,41,0
2,-7,14,1,41,0
4,-3,16,1,41,0
-2,7,18,1,41,0
5,3,19,1,41,0
-7,-3,29,1,41,0
-1,6,31,1,41,0
-4,-4,34,1,41,0
-3,9,3,1,41,0
4,3,41,1,41,0
-7,-4,28,1,41,0
-4,-5,31,1,41,0
5,-7,33,1,41,0
7,-3,35,1,41,0
-8,5,2,1,41,0
3,3,39,1,41,0
-7,-5,21,1,41,0
-4,-6,24,1,41,0
7,7,39,1,41,0
1,-7,6,1,41,0
3,-3,9,1,41,0
-7,5,9,1,41,0
-7,-6,14,1,41,0
2,3,33,1,41,0
6,7,36,1,41,0
-6,-3,38,1,41,0
-3,-4,39,1,41,0
1,-8,3,1,41,0
-4,-8,5,1,41,0
-6,5,15,1,41,0
1,3,26,1,41,0
4,-7,26,1,41,0
6,-3,28,1,41,0
5,7,29,1,41,0
0,3,19,1,41,0
-5,5,21,1,41,0
4,7,23,1,41,0
-3,-6,39,1,41,0
-2,3,8,1,41,0
2,-3,3,1,41,0
-6,-6,14,1,41,0
3,7,16,1,41,0
-3,-7,22,1,41,0
-4,5,27,1,41,0
-3,4,35,1,41,0
-5,-3,39,1,41,0
-9,-6,4,1,41,0
-3,-8,6,1,41,0
-1,3,14,1,41,0
-6,-7,9,1,41,0
3,8,13,1,41,0
3,-7,19,1,41,0
5,-3,22,1,41,0
-3,5,33,1,41,0
8,3,35,1,41,0
-2,4,39,1,41,0
1,6,39,1,41,0
2,8,6,1,41,0
0,6,37,1,41,0
6,-7,39,1,41,0
8,-3,39,1,41,0
-2,-6,38,1,41,0
7,3,39,1,41,0
2,9,5,1,41,0
-3,7,14,1,41,0
-5,-6,21,1,41,0
-2,6,23,1,41,0
6,3,26,1,41,0
-5,-7,8,1,42,0
-8,-6,9,1,42,0
-3,8,9,1,42,0
2,-7,14,1,42,0
4,-3,16,1,42,0
-2,7,18,1,42,0
5,3,19,1,42,0
-7,-3,29,1,42,0
-1,6,31,1,42,0
-4,-4,34,1,42,0
-3,9,3,1,42,0
4,3,42,1,42,0
-7,-4,28,1,42,0
-4,-5,31,1,42,0
5,-7,33,1,42,0
7,-3,41,1,42,0
-8,5,2,1,42,0
3,3,39,1,42,0
-7,-5,21,1,42,0
-4,-6,24,1,42,0
7,7,41,1,42,0
1,-7,6,1,42,0
3,-3,9,1,42,0
-7,5,9,1,42,0
-7,-6,14,1,42,0
2,3,33,1,42,0
6,7,36,1,42,0
-6,-3,38,1,42,0
-3,-4,41,1,42,0
1,-8,3,1,42,0
-4,-8,5,1,42,0
-6,5,15,1,42,0
1,3,26,1,42,0
4,-7,26,1,42,0
6,-3,28,1,42,0
5,7,29,1,42,0
0,3,19,1,42,0
-5,5,21,1,42,0
4,7,23,1,42,0
-3,-6,39,1,42,0
7,-7,41,1,42,0
-2,3,8,1,42,0
2,-3,3,1,42,0
-6,-6,14,1,42,0
3,7,16,1,42,0
-3,-7,22,1,42,0
-4,5,27,1,42,0
-3,4,35,1,42,0
-5,-3,39,1,42,0
-9,-6,4,1,42,0
-3,-8,6,1,42,0
-1,3,14,1,42,0
-6,-7,9,1,42,0
3,8,13,1,42,0
3,-7,19,1,42,0
5,-3,22,1,42,0
-3,5,33,1,42,0
8,3,35,1,42,0
-2,4,41,1,42,0
1,6,41,1,42,0
2,8,6,1,42,0
0,6,37,1,42,0
6,-7,39,1,42,0
8,-3,39,1,42,0
-2,-6,38,1,42,0
7,3,41,1,42,0
2,9,5,1,42,0
-3,7,14,1,42,0
-5,-6,21,1,42,0
-2,6,23,1,42,0
6,3,26,1,42,0
-5,-7,8,1,43,0
-8,-6,9,1,43,0
-3,8,9,1,43,0
2,-7,14,1,43,0
4,-3,16,1,43,0
-2,7,18,1,43,0
5,3,19,1,43,0
-7,-3,29,1,43,0
-1,6,31,1,43,0
-4,-4,34,1,43,0
-3,9,3,1,43,0
4,3,43,1,43,0
-7,-4,28,1,43,0
-4,-5,31,1,43,0
5,-7,33,1,43,0
7,-3,42,1,43,0
-8,5,2,1,43,0
3,3,39,1,43,0
-7,-5,21,1,43,0
-4,-6,24,1,43,0
7,7,42,1,43,0
1,-7,6,1,43,0
3,-3,9,1,43,0
-7,5,9,1,43,0
-7,-6,14,1,43,0
2,3,33,1,43,0
6,7,36,1,43,0
-6,-3,38,1,43,0
-3,-4,42,1,43,0
1,-8,3,1,43,0
-4,-8,5,1,43,0
-6,5,15,1,43,0
1,3,26,1,43,0
4,-7,26,1,43,0
6,-3,28,1,43,0
5,7,29,1,43,0
0,3,19,1,43,0
-5,5,21,1,43,0
4,7,23,1,43,0
-5,-2,42,1,43,0
-3,-6,41,1,43,0
7,-7,42,1,43,0
-2,3,8,1,43,0
2,-3,3,1,43,0
-6,-6,14,1,43,0
3,7,16,1,43,0
-3,-7,22,1,43,0
-4,5,27,1,43,0
-3,4,35,1,43,0
-5,-3,41,1,43,0
-9,-6,4,1,43,0
-3,-8,6,1,43,0
-1,3,14,1,43,0
-6,-7,9,1,43,0
3,8,13,1,43,0
3,-7,19,1,43,0
5,-3,22,1,43,0
-3,5,33,1,43,0
8,3,35,1,43,0
-2,4,42,1,43,0
1,6,42,1,43,0
2,8,6,1,43,0
0,6,37,1,43,0
6,-7,39,1,43,0
8,-3,39,1,43,0
-2,-6,38,1,43,0
7,3,42,1,43,0
2,9,5,1,43,0
-3,7,14,1,43,0
-5,-6,21,1,43,0
-2,6,23,1,43,0
6,3,26,1,43,0
-5,-7,8,1,44,0
-8,-6,9,1,44,0
-3,8,9,1,44,0
2,-7,14,1,44,0
4,-3,16,1,44,0
-2,7,18,1,44,0
5,3,19,1,44,0
-7,-3,29,1,44,0
-1,6,31,1,44,0
-4,-4,34,1,44,0
-3,9,3,1,44,0
4,3,44,1,44,0
-7,-4,28,1,44,0
-4,-5,31,1,44,0
5,-7,33,1,44,0
7,-3,43,1,44,0
8,7,43,1,44,0
-8,5,2,1,44,0
3,3,39,1,44,0
-7,-5,21,1,44,0
-4,-6,24,1,44,0
7,7,42,1,44,0
1,-7,6,1,44,0
3,-3,9,1,44,0
-7,5,9,1,44,0
-7,-6,14,1,44,0
2,3,33,1,44,0
6,7,36,1,44,0
-6,-3,38,1,44,0
-3,-4,42,1,44,0
1,-8,3,1,44,0
-4,-8,5,1,44,0
-6,5,15,1,44,0
1,3,26,1,44,0
4,-7,26,1,44,0
6,-3,28,1,44,0
5,7,29,1,44,0
0,3,19,1,44,0
-5,5,21,1,44,0
4,7,23,1,44,0
-5,-2,43,1,44,0
-3,-6,42,1,44,0
7,-7,43,1,44,0
-2,3,8,1,44,0
2,-3,3,1,44,0
-6,-6,14,1,44,0
3,7,16,1,44,0
-3,-7,22,1,44,0
-4,5,27,1,44,0
-3,4,35,1,44,0
-5,-3,41,1,44,0
-2,-4,43,1,44,0
-9,-6,4,1,44,0
-3,-8,6,1,44,0
-1,3,14,1,44,0
-6,-7,9,1,44,0
3,8,13,1,44,0
3,-7,19,1,44,0
5,-3,22,1,44,0
-3,5,33,1,44,0
8,3,35,1,44,0
-2,4,42,1,44,0
1,6,43,1,44,0
2,8,6,1,44,0
0,6,37,1,44,0
6,-7,39,1,44,0
8,-3,39,1,44,0
-2,-6,38,1,44,0
7,3,42,1,44,0
-1,4,43,1,44,0
2,9,5,1,44,0
-3,7,14,1,44,0
-5,-6,21,1,44,0
-2,6,23,1,44,0
6,3,43,1,44,0
-5,-7,8,1,45,0
-8,-6,9,1,45,0
-3,8,9,1,45,0
2,-7,14,1,45,0
4,-3,16,1,45,0
-2,7,18,1,45,0
5,3,19,1,45,0
-7,-3,29,1,45,0
-1,6,31,1,45,0
-4,-4,34,1,45,0
-3,9,3,1,45,0
4,3,45,1,45,0
-7,-4,28,1,45,0
-4,-5,31,1,45,0
5,-7,33,1,45,0
7,-3,44,1,45,0
8,7,44,1,45,0
-8,5,2,1,45,0
3,3,39,1,45,0
-7,-5,21,1,45,0
-4,-6,24,1,45,0
7,7,42,1,45,0
1,-7,6,1,45,0
3,-3,9,1,45,0
-7,5,9,1,45,0
-7,-6,14,1,45,0
2,3,33,1,45,0
6,7,36,1,45,0
-6,-3,38,1,45,0
-3,-4,42,1,45,0
1,-8,3,1,45,0
-4,-8,5,1,45,0
-6,5,15,1,45,0
1,3,26,1,45,0
4,-7,26,1,45,0
6,-3,28,1,45,0
5,7,29,1,45,0
0,3,19,1,45,0
-5,5,21,1,45,0
4,7,23,1,45,0
-5,-2,44,1,45,0
-3,-6,43,1,45,0
7,-7,44,1,45,0
-2,3,8,1,45,0
2,-3,3,1,45,0
-6,-6,14,1,45,0
3,7,16,1,45,0
-3,-7,22,1,45,0
-4,5,27,1,45,0
-3,4,35,1,45,0
-5,-3,41,1,45,0
2,6,44,1,45,0
-2,-4,44,1,45,0
-9,-6,4,1,45,0
-3,-8,6,1,45,0
-1,3,14,1,45,0
-6,-7,9,1,45,0
3,8,13,1,45,0
3,-7,19,1,45,0
5,-3,22,1,45,0
-3,5,33,1,45,0
8,3,35,1,45,0
-2,4,42,1,45,0
1,6,43,1,45,0
2,8,6,1,45,0
0,6,37,1,45,0
6,-7,39,1,45,0
8,-3,39,1,45,0
-2,-6,38,1,45,0
7,3,42,1,45,0
-1,4,44,1,45,0
2,9,5,1,45,0
-3,7,14,1,45,0
-5,-6,21,1,45,0
-2,6,23,1,45,0
6,3,44,1,45,0
-5,-7,8,1,46,0
-8,-6,9,1,46,0
-3,8,9,1,46,0
2,-7,14,1,46,0
4,-3,16,1,46,0
-2,7,18,1,46,0
5,3,46,1,46,0
-7,-3,29,1,46,0
-1,6,31,1,46,0
-4,-4,34,1,46,0
-3,9,3,1,46,0
4,3,45,1,46,0
-7,-4,28,1,46,0
-4,-5,31,1,46,0
5,-7,33,1,46,0
7,-3,45,1,46,0
8,7,45,1,46,0
-8,5,2,1,46,0
3,3,39,1,46,0
-7,-5,21,1,46,0
-4,-6,24,1,46,0
7,7,42,1,46,0
1,-7,6,1,46,0
3,-3,9,1,46,0
-7,5,9,1,46,0
-7,-6,14,1,46,0
2,3,33,1,46,0
6,7,36,1,46,0
-6,-3,38,1,46,0
-3,-4,42,1,46,0
1,-8,3,1,46,0
-4,-8,5,1,46,0
-6,5,15,1,46,0
1,3,26,1,46,0
4,-7,26,1,46,0
6,-3,28,1,46,0
5,7,29,1,46,0
0,3,19,1,46,0
-5,5,21,1,46,0
4,7,23,1,46,0
-5,-2,45,1,46,0
-3,-6,44,1,46,0
7,-7,45,1,46,0
-2,3,8,1,46,0
2,-3,3,1,46,0
-6,-6,14,1,46,0
3,7,16,1,46,0
-3,-7,22,1,46,0
-4,5,27,1,46,0
-3,4,35,1,46,0
-5,-3,41,1,46,0
2,6,45,1,46,0
-2,-4,45,1,46,0
-9,-6,4,1,46,0
-3,-8,6,1,46,0
-1,3,14,1,46,0
-6,-7,9,1,46,0
3,8,13,1,46,0
3,-7,19,1,46,0
5,-3,22,1,46,0
-3,5,33,1,46,0
8,3,35,1,46,0
-2,4,42,1,46,0
1,6,43,1,46,0
2,8,6,1,46,0
0,6,37,1,46,0
6,-7,39,1,46,0
8,-3,39,1,46,0
-2,-6,38,1,46,0
7,3,42,1,46,0
-1,4,45,1,46,0
2,9,5,1,46,0
-3,7,14,1,46,0
-5,-6,21,1,46,0
-2,6,23,1,46,0
6,3,45,1,46,0
-5,-7,8,1,47,0
-8,-6,9,1,47,0
-3,8,9,1,47,0
2,-7,14,1,47,0
4,-3,16,1,47,0
-2,7,18,1,47,0
5,3,47,1,47,0
-7,-3,29,1,47,0
-1,6,31,1,47,0
-4,-4,34,1,47,0
-3,9,3,1,47,0
4,3,45,1,47,0
-7,-4,28,1,47,0
-4,-5,31,1,47,0
5,-7,33,1,47,0
8,7,45,1,47,0
7,-3,46,1,47,0
-8,5,2,1,47,0
3,3,39,1,47,0
-7,-5,21,1,47,0
-4,-6,24,1,47,0
8,-7,46,1,47,0
7,7,46,1,47,0
1,-7,6,1,47,0
3,-3,9,1,47,0
-7,5,9,1,47,0
-7,-6,14,1,47,0
2,3,33,1,47,0
6,7,36,1,47,0
-6,-3,38,1,47,0
-3,-4,42,1,47,0
1,-8,3,1,47,0
-4,-8,5,1,47,0
-6,5,15,1,47,0
1,3,26,1,47,0
4,-7,26,1,47,0
6,-3,28,1,47,0
5,7,29,1,47,0
0,3,19,1,47,0
-5,5,21,1,47,0
4,7,23,1,47,0
7,-7,45,1,47,0
-5,-2,46,1,47,0
-3,-6,45,1,47,0
-2,3,8,1,47,0
2,-3,3,1,47,0
-6,-6,14,1,47,0
3,7,16,1,47,0
-3,-7,22,1,47,0
-4,5,27,1,47,0
-3,4,35,1,47,0
-5,-3,41,1,47,0
2,6,46,1,47,0
-2,-4,46,1,47,0
-9,-6,4,1,47,0
-3,-8,6,1,47,0
-1,3,14,1,47,0
-6,-7,9,1,47,0
3,8,13,1,47,0
3,-7,19,1,47,0
5,-3,22,1,47,0
-3,5,33,1,47,0
8,3,35,1,47,0
-2,4,42,1,47,0
1,6,43,1,47,0
2,8,6,1,47,0
0,6,37,1,47,0
6,-7,39,1,47,0
8,-3,39,1,47,0
-2,-6,38,1,47,0
7,3,42,1,47,0
-1,4,46,1,47,0
2,9,5,1,47,0
-3,7,14,1,47,0
-5,-6,21,1,47,0
-2,6,23,1,47,0
6,3,46,1,47,0
-5,-7,8,1,48,0
-8,-6,9,1,48,0
-3,8,9,1,48,0
2,-7,14,1,48,0
4,-3,16,1,48,0
-2,7,18,1,48,0
5,3,48,1,48,0
-7,-3,29,1,48,0
-1,6,31,1,48,0
-4,-4,34,1,48,0
-3,9,3,1,48,0
4,3,45,1,48,0
-7,-4,28,1,48,0
-4,-5,31,1,48,0
5,-7,33,1,48,0
8,7,45,1,48,0
7,-3,46,1,48,0
-8,5,2,1,48,0
3,3,39,1,48,0
-7,-5,21,1,48,0
-4,-6,24,1,48,0
8,-7,47,1,48,0
7,7,47,1,48,0
1,-7,6,1,48,0
3,-3,9,1,48,0
-7,5,9,1,48,0
-7,-6,14,1,48,0
2,3,33,1,48,0
6,7,36,1,48,0
-6,-3,38,1,48,0
-3,-4,42,1,48,0
1,-8,3,1,48,0
-4,-8,5,1,48,0
-6,5,15,1,48,0
1,3,26,1,48,0
4,-7,26,1,48,0
5,7,29,1,48,0
6,-3,47,1,48,0
0,3,19,1,48,0
-5,5,21,1,48,0
4,7,23,1,48,0
7,-7,45,1,48,0
-3,-6,45,1,48,0
-5,-2,47,1,48,0
-2,3,8,1,48,0
2,-3,3,1,48,0
-6,-6,14,1,48,0
3,7,16,1,48,0
-3,-7,22,1,48,0
-4,5,27,1,48,0
-3,4,35,1,48,0
-5,-3,41,1,48,0
2,6,47,1,48,0
-2,-4,47,1,48,0
-9,-6,4,1,48,0
-3,-8,6,1,48,0
-1,3,14,1,48,0
-6,-7,9,1,48,0
3,8,13,1,48,0
3,-7,19,1,48,0
5,-3,22,1,48,0
-3,5,33,1,48,0
8,3,35,1,48,0
-2,4,42,1,48,0
1,6,43,1,48,0
2,8,6,1,48,0
0,6,37,1,48,0
6,-7,39,1,48,0
8,-3,39,1,48,0
7,3,42,1,48,0
-2,-6,46,1,48,0
-1,4,47,1,48,0
2,9,5,1,48,0
-3,7,14,1,48,0
-5,-6,21,1,48,0
-2,6,23,1,48,0
6,3,47,1,48,0
-5,-7,8,1,49,0
-8,-6,9,1,49,0
-3,8,9,1,49,0
2,-7,14,1,49,0
4,-3,16,1,49,0
-2,7,18,1,49,0
5,3,49,1,49,0
-7,-3,29,1,49,0
-1,6,31,1,49,0
-4,-4,34,1,49,0
-3,9,3,1,49,0
4,3,45,1,49,0
-7,-4,28,1,49,0
-4,-5,31,1,49,0
5,-7,33,1,49,0
8,7,45,1,49,0
7,-3,46,1,49,0
-8,5,2,1,49,0
3,3,39,1,49,0
-7,-5,21,1,49,0
-4,-6,24,1,49,0
8,-7,48,1,49,0
7,7,48,1,49,0
1,-7,6,1,49,0
3,-3,9,1,49,0
-7,5,9,1,49,0
-7,-6,14,1,49,0
2,3,33,1,49,0
6,7,36,1,49,0
-6,-3,38,1,49,0
-3,-4,42,1,49,0
1,-8,3,1,49,0
-4,-8,5,1,49,0
-6,5,15,1,49,0
1,3,26,1,49,0
4,-7,26,1,49,0
5,7,29,1,49,0
6,-3,48,1,49,0
0,3,19,1,49,0
-5,5,21,1,49,0
4,7,23,1,49,0
7,-7,45,1,49,0
-3,-6,45,1,49,0
-5,-2,48,1,49,0
-2,3,8,1,49,0
2,-3,3,1,49,0
-6,-6,14,1,49,0
3,7,16,1,49,0
-3,-7,22,1,49,0
-4,5,27,1,49,0
-3,4,35,1,49,0
-5,-3,41,1,49,0
-2,-4,47,1,49,0
2,6,48,1,49,0
-9,-6,4,1,49,0
-3,-8,6,1,49,0
-1,3,14,1,49,0
-6,-7,9,1,49,0
3,8,13,1,49,0
3,-7,19,1,49,0
5,-3,22,1,49,0
-3,5,33,1,49,0
8,3,35,1,49,0
-2,4,42,1,49,0
1,6,43,1,49,0
2,8,6,1,49,0
0,6,37,1,49,0
6,-7,39,1,49,0
8,-3,39,1,49,0
7,3,42,1,49,0
-2,-6,47,1,49,0
-1,4,48,1,49,0
2,9,5,1,49,0
-3,7,14,1,49,0
-5,-6,21,1,49,0
-2,6,23,1,49,0
6,3,48,1,49,0
-5,-7,8,1,50,0
-8,-6,9,1,50,0
-3,8,9,1,50,0
2,-7,14,1,50,0
4,-3,16,1,50,0
-2,7,18,1,50,0
5,3,49,1,50,0
-7,-3,29,1,50,0
-1,6,31,1,50,0
-4,-4,34,1,50,0
-3,9,3,1,50,0
4,3,45,1,50,0
-7,-4,28,1,50,0
-4,-5,31,1,50,0
5,-7,33,1,50,0
8,7,45,1,50,0
7,-3,46,1,50,0
-8,5,2,1,50,0
3,3,39,1,50,0
-7,-5,21,1,50,0
-4,-6,24,1,50,0
8,-7,48,1,50,0
7,7,49,1,50,0
1,-7,6,1,50,0
3,-3,9,1,50,0
-7,5,9,1,50,0
-7,-6,14,1,50,0
2,3,33,1,50,0
6,7,36,1,50,0
-6,-3,38,1,50,0
-3,-4,42,1,50,0
1,-8,3,1,50,0
-4,-8,5,1,50,0
-6,5,15,1,50,0
1,3,26,1,50,0
4,-7,26,1,50,0
5,7,29,1,50,0
6,-3,49,1,50,0
0,3,19,1,50,0
-5,5,21,1,50,0
4,7,23,1,50,0
-3,-6,45,1,50,0
-5,-2,48,1,50,0
7,-7,49,1,50,0
-2,3,8,1,50,0
2,-3,3,1,50,0
-6,-6,14,1,50,0
3,7,16,1,50,0
-3,-7,22,1,50,0
-4,5,27,1,50,0
-3,4,35,1,50,0
-5,-3,41,1,50,0
-2,-4,48,1,50,0
2,6,49,1,50,0
-9,-6,4,1,50,0
-3,-8,6,1,50,0
-1,3,14,1,50,0
-6,-7,9,1,50,0
3,8,13,1,50,0
3,-7,19,1,50,0
5,-3,22,1,50,0
-3,5,33,1,50,0
8,3,35,1,50,0
-2,4,42,1,50,0
1,6,43,1,50,0
2,8,6,1,50,0
0,6,37,1,50,0
6,-7,39,1,50,0
8,-3,39,1,50,0
7,3,42,1,50,0
-4,-2,49,1,50,0
-2,-6,48,1,50,0
-1,4,49,1,50,0
2,9,5,1,50,0
-3,7,14,1,50,0
-5,-6,21,1,50,0
-2,6,23,1,50,0
6,3,49,1,50,0
-5,-7,8,1,51,0
-8,-6,9,1,51,0
-3,8,9,1,51,0
2,-7,14,1,51,0
4,-3,16,1,51,0
-2,7,18,1,51,0
5,3,51,1,51,0
-7,-3,29,1,51,0
-1,6,31,1,51,0
-4,-4,34,1,51,0
-3,9,3,1,51,0
4,3,45,1,51,0
-7,-4,28,1,51,0
-4,-5,31,1,51,0
5,-7,33,1,51,0
8,7,45,1,51,0
7,-3,46,1,51,0
-8,5,2,1,51,0
3,3,39,1,51,0
-7,-5,21,1,51,0
-4,-6,24,1,51,0
8,-7,48,1,51,0
7,7,49,1,51,0
1,-7,6,1,51,0
3,-3,9,1,51,0
-7,5,9,1,51,0
-7,-6,14,1,51,0
2,3,33,1,51,0
6,7,36,1,51,0
-6,-3,38,1,51,0
-3,-4,42,1,51,0
1,-8,3,1,51,0
-4,-8,5,1,51,0
-6,5,15,1,51,0
1,3,26,1,51,0
4,-7,26,1,51,0
5,7,29,1,51,0
6,-3,49,1,51,0
0,3,19,1,51,0
-5,5,21,1,51,0
4,7,23,1,51,0
-3,-6,45,1,51,0
-5,-2,48,1,51,0
7,-7,49,1,51,0
-2,3,8,1,51,0
2,-3,3,1,51,0
-6,-6,14,1,51,0
3,7,16,1,51,0
-3,-7,22,1,51,0
-4,5,27,1,51,0
-3,4,35,1,51,0
-5,-3,41,1,51,0
-2,-4,48,1,51,0
2,6,49,1,51,0
-9,-6,4,1,51,0
-3,-8,6,1,51,0
-1,3,14,1,51,0
-6,-7,9,1,51,0
3,8,13,1,51,0
3,-7,19,1,51,0
5,-3,22,1,51,0
-3,5,33,1,51,0
8,3,35,1,51,0
-2,4,42,1,51,0
1,6,43,1,51,0
2,8,6,1,51,0
0,6,37,1,51,0
6,-7,39,1,51,0
8,-3,39,1,51,0
7,3,42,1,51,0
-4,-2,49,1,51,0
-1,4,49,1,51,0
-2,-6,49,1,51,0
2,9,5,1,51,0
-3,7,14,1,51,0
-5,-6,21,1,51,0
-2,6,23,1,51,0
6,3,49,1,51,0
-1,-4,49,1,51,0
-5,-7,8,1,52,0
-8,-6,9,1,52,0
-3,8,9,1,52,0
2,-7,14,1,52,0
4,-3,16,1,52,0
-2,7,18,1,52,0
5,3,51,1,52,0
-7,-3,29,1,52,0
-1,6,31,1,52,0
-4,-4,34,1,52,0
-3,9,3,1,52,0
4,3,52,1,52,0
-7,-4,28,1,52,0
-4,-5,31,1,52,0
5,-7,33,1,52,0
8,7,45,1,52,0
7,-3,46,1,52,0
-8,5,2,1,52,0
3,3,39,1,52,0
-7,-5,21,1,52,0
-4,-6,24,1,52,0
8,-7,48,1,52,0
7,7,51,1,52,0
1,-7,6,1,52,0
3,-3,9,1,52,0
-7,5,9,1,52,0
-7,-6,14,1,52,0
2,3,33,1,52,0
6,7,36,1,52,0
-6,-3,38,1,52,0
-3,-4,42,1,52,0
1,-8,3,1,52,0
-4,-8,5,1,52,0
-6,5,15,1,52,0
1,3,26,1,52,0
4,-7,26,1,52,0
5,7,29,1,52,0
6,-3,51,1,52,0
0,3,19,1,52,0
-5,5,21,1,52,0
4,7,23,1,52,0
-3,-6,45,1,52,0
-5,-2,48,1,52,0
7,-7,51,1,52,0
3,6,51,1,52,0
-2,3,8,1,52,0
2,-3,3,1,52,0
-6,-6,14,1,52,0
3,7,16,1,52,0
-3,-7,22,1,52,0
-4,5,27,1,52,0
-3,4,35,1,52,0
-5,-3,41,1,52,0
-2,-4,48,1,52,0
2,6,49,1,52,0
-9,-6,4,1,52,0
-3,-8,6,1,52,0
-1,3,14,1,52,0
-6,-7,9,1,52,0
3,8,13,1,52,0
3,-7,19,1,52,0
5,-3,22,1,52,0
-3,5,33,1,52,0
8,3,35,1,52,0
-2,4,42,1,52,0
1,6,43,1,52,0
-4,-1,51,1,52,0
0,5,51,1,52,0
2,8,6,1,52,0
0,6,37,1,52,0
6,-7,39,1,52,0
8,-3,39,1,52,0
7,3,42,1,52,0
-4,-2,49,1,52,0
-1,4,49,1,52,0
-2,-6,49,1,52,0
2,9,5,1,52,0
-3,7,14,1,52,0
-5,-6,21,1,52,0
-2,6,23,1,52,0
-1,-4,49,1,52,0
6,3,51,1,52,0
-5,-7,8,1,53,0
-8,-6,9,1,53,0
-3,8,9,1,53,0
2,-7,14,1,53,0
4,-3,16,1,53,0
-2,7,18,1,53,0
5,3,51,1,53,0
-7,-3,29,1,53,0
-1,6,31,1,53,0
-4,-4,34,1,53,0
-3,9,3,1,53,0
4,3,53,1,53,0
-7,-4,28,1,53,0
-4,-5,31,1,53,0
5,-7,33,1,53,0
8,7,45,1,53,0
7,-3,46,1,53,0
-8,5,2,1,53,0
3,3,39,1,53,0
-7,-5,21,1,53,0
-4,-6,24,1,53,0
8,-7,48,1,53,0
7,7,52,1,53,0
1,-7,6,1,53,0
3,-3,9,1,53,0
-7,5,9,1,53,0
-7,-6,14,1,53,0
2,3,33,1,53,0
6,7,36,1,53,0
-6,-3,38,1,53,0
-3,-4,42,1,53,0
1,-8,3,1,53,0
-4,-8,5,1,53,0
-6,5,15,1,53,0
1,3,26,1,53,0
4,-7,26,1,53,0
5,7,29,1,53,0
6,-3,52,1,53,0
3,5,52,1,53,0
0,3,19,1,53,0
-5,5,21,1,53,0
4,7,23,1,53,0
-3,-6,45,1,53,0
-5,-2,48,1,53,0
3,6,51,1,53,0
7,-7,52,1,53,0
-2,3,8,1,53,0
2,-3,3,1,53,0
-6,-6,14,1,53,0
3,7,16,1,53,0
-3,-7,22,1,53,0
-4,5,27,1,53,0
-3,4,35,1,53,0
-5,-3,41,1,53,0
-2,-4,48,1,53,0
2,6,49,1,53,0
-9,-6,4,1,53,0
-3,-8,6,1,53,0
-1,3,14,1,53,0
-6,-7,9,1,53,0
3,8,13,1,53,0
3,-7,19,1,53,0
5,-3,22,1,53,0
-3,5,33,1,53,0
8,3,35,1,53,0
-2,4,42,1,53,0
1,6,43,1,53,0
-4,-1,52,1,53,0
0,5,52,1,53,0
2,8,6,1,53,0
0,6,37,1,53,0
6,-7,39,1,53,0
8,-3,39,1,53,0
7,3,42,1,53,0
-4,-2,49,1,53,0
-1,4,49,1,53,0
-2,-6,51,1,53,0
2,9,5,1,53,0
-3,7,14,1,53,0
-5,-6,21,1,53,0
-2,6,23,1,53,0
6,3,52,1,53,0
-1,-4,52,1,53,0
-5,-7,8,1,54,0
-8,-6,9,1,54,0
-3,8,9,1,54,0
2,-7,14,1,54,0
4,-3,16,1,54,0
-2,7,18,1,54,0
5,3,51,1,54,0
-7,-3,29,1,54,0
-1,6,31,1,54,0
-4,-4,34,1,54,0
-3,9,3,1,54,0
4,3,54,1,54,0
-7,-4,28,1,54,0
-4,-5,31,1,54,0
5,-7,33,1,54,0
8,7,45,1,54,0
7,-3,46,1,54,0
-8,5,2,1,54,0
3,3,39,1,54,0
-7,-5,21,1,54,0
-4,-6,24,1,54,0
8,-7,48,1,54,0
7,7,52,1,54,0
1,-7,6,1,54,0
3,-3,9,1,54,0
-7,5,9,1,54,0
-7,-6,14,1,54,0
2,3,33,1,54,0
-6,-3,38,1,54,0
-3,-4,42,1,54,0
6,7,53,1,54,0
1,-8,3,1,54,0
-4,-8,5,1,54,0
-6,5,15,1,54,0
1,3,26,1,54,0
4,-7,26,1,54,0
5,7,29,1,54,0
6,-3,52,1,54,0
3,5,53,1,54,0
0,3,19,1,54,0
-5,5,21,1,54,0
4,7,23,1,54,0
-3,-6,45,1,54,0
-5,-2,48,1,54,0
3,6,51,1,54,0
7,-7,53,1,54,0
-2,3,8,1,54,0
2,-3,3,1,54,0
-6,-6,14,1,54,0
3,7,16,1,54,0
-3,-7,22,1,54,0
-4,5,27,1,54,0
-3,4,35,1,54,0
-5,-3,41,1,54,0
-2,-4,48,1,54,0
2,6,49,1,54,0
-9,-6,4,1,54,0
-3,-8,6,1,54,0
-1,3,14,1,54,0
-6,-7,9,1,54,0
3,8,13,1,54,0
3,-7,19,1,54,0
-3,5,33,1,54,0
8,3,35,1,54,0
-2,4,42,1,54,0
1,6,43,1,54,0
-4,-1,53,1,54,0
5,-3,53,1,54,0
0,5,53,1,54,0
2,8,6,1,54,0
0,6,37,1,54,0
6,-7,39,1,54,0
8,-3,39,1,54,0
7,3,42,1,54,0
-4,-2,49,1,54,0
-1,4,49,1,54,0
-2,-6,52,1,54,0
-1,-3,53,1,54,0
2,9,5,1,54,0
-3,7,14,1,54,0
-5,-6,21,1,54,0
-2,6,23,1,54,0
-1,-4,52,1,54,0
6,3,53,1,54,0
-5,-7,8,1,55,0
-8,-6,9,1,55,0
-3,8,9,1,55,0
2,-7,14,1,55,0
4,-3,16,1,55,0
-2,7,18,1,55,0
5,3,51,1,55,0
-7,-3,29,1,55,0
-1,6,31,1,55,0
-4,-4,34,1,55,0
-3,9,3,1,55,0
4,3,55,1,55,0
-7,-4,28,1,55,0
-4,-5,31,1,55,0
5,-7,33,1,55,0
8,7,45,1,55,0
7,-3,46,1,55,0
-8,5,2,1,55,0
3,3,39,1,55,0
-7,-5,21,1,55,0
-4,-6,24,1,55,0
8,-7,48,1,55,0
7,7,52,1,55,0
1,-7,6,1,55,0
3,-3,9,1,55,0
-7,5,9,1,55,0
-7,-6,14,1,55,0
2,3,33,1,55,0
-6,-3,38,1,55,0
-3,-4,42,1,55,0
6,7,54,1,55,0
1,-8,3,1,55,0
-4,-8,5,1,55,0
-6,5,15,1,55,0
1,3,26,1,55,0
4,-7,26,1,55,0
5,7,29,1,55,0
6,-3,52,1,55,0
3,5,54,1,55,0
0,3,19,1,55,0
-5,5,21,1,55,0
4,7,23,1,55,0
-3,-6,45,1,55,0
-5,-2,48,1,55,0
3,6,51,1,55,0
7,-7,54,1,55,0
-2,-3,54,1,55,0
-2,3,8,1,55,0
2,-3,3,1,55,0
-6,-6,14,1,55,0
3,7,16,1,55,0
-3,-7,22,1,55,0
-4,5,27,1,55,0
-3,4,35,1,55,0
-5,-3,41,1,55,0
-2,-4,48,1,55,0
2,6,49,1,55,0
-9,-6,4,1,55,0
-3,-8,6,1,55,0
-1,3,14,1,55,0
-6,-7,9,1,55,0
3,8,13,1,55,0
3,-7,19,1,55,0
-3,5,33,1,55,0
8,3,35,1,55,0
-2,4,42,1,55,0
1,6,43,1,55,0
-4,-1,54,1,55,0
5,-3,54,1,55,0
0,5,54,1,55,0
2,8,6,1,55,0
0,6,37,1,55,0
6,-7,39,1,55,0
8,-3,39,1,55,0
7,3,42,1,55,0
-4,-2,49,1,55,0
-1,4,49,1,55,0
-1,-3,53,1,55,0
-2,-6,53,1,55,0
2,9,5,1,55,0
-3,7,14,1,55,0
-5,-6,21,1,55,0
-2,6,23,1,55,0
-1,-4,52,1,55,0
6,3,54,1,55,0
-5,-7,8,1,56,0
-8,-6,9,1,56,0
-3,8,9,1,56,0
2,-7,14,1,56,0
4,-3,16,1,56,0
-2,7,18,1,56,0
5,3,51,1,56,0
-7,-3,29,1,56,0
-1,6,31,1,56,0
-4,-4,34,1,56,0
-3,9,3,1,56,0
4,3,56,1,56,0
-7,-4,28,1,56,0
-4,-5,31,1,56,0
5,-7,33,1,56,0
8,7,45,1,56,0
7,-3,46,1,56,0
-8,5,2,1,56,0
3,3,39,1,56,0
-7,-5,21,1,56,0
-4,-6,24,1,56,0
8,-7,48,1,56,0
7,7,52,1,56,0
1,-7,6,1,56,0
3,-3,9,1,56,0
-7,5,9,1,56,0
-7,-6,14,1,56,0
2,3,33,1,56,0
-6,-3,38,1,56,0
-3,-4,42,1,56,0
6,7,55,1,56,0
1,-8,3,1,56,0
-4,-8,5,1,56,0
-6,5,15,1,56,0
1,3,26,1,56,0
4,-7,26,1,56,0
5,7,29,1,56,0
6,-3,52,1,56,0
3,5,55,1,56,0
0,3,19,1,56,0
-5,5,21,1,56,0
4,7,23,1,56,0
-3,-6,45,1,56,0
-5,-2,48,1,56,0
3,6,51,1,56,0
7,-7,55,1,56,0
-2,-3,55,1,56,0
-2,3,8,1,56,0
2,-3,3,1,56,0
-6,-6,14,1,56,0
3,7,16,1,56,0
-3,-7,22,1,56,0
-4,5,27,1,56,0
-3,4,35,1,56,0
-5,-3,41,1,56,0
-2,-4,48,1,56,0
2,6,49,1,56,0
0,4,55,1,56,0
-9,-6,4,1,56,0
-3,-8,6,1,56,0
-1,3,14,1,56,0
-6,-7,9,1,56,0
3,8,13,1,56,0
3,-7,19,1,56,0
-3,5,33,1,56,0
8,3,35,1,56,0
-2,4,42,1,56,0
1,6,43,1,56,0
0,5,54,1,56,0
-4,-1,55,1,56,0
5,-3,55,1,56,0
2,8,6,1,56,0
0,6,37,1,56,0
6,-7,39,1,56,0
8,-3,39,1,56,0
7,3,42,1,56,0
-4,-2,49,1,56,0
-1,4,49,1,56,0
-1,-3,53,1,56,0
-2,-6,54,1,56,0
2,9,5,1,56,0
-3,7,14,1,56,0
-5,-6,21,1,56,0
-2,6,23,1,56,0
-1,-4,52,1,56,0
6,3,55,1,56,0
-5,-7,8,1,57,0
-8,-6,9,1,57,0
-3,8,9,1,57,0
2,-7,14,1,57,0
4,-3,16,1,57,0
-2,7,18,1,57,0
5,3,51,1,57,0
-7,-3,29,1,57,0
-1,6,31,1,57,0
-4,-4,34,1,57,0
-3,9,3,1,57,0
4,3,57,1,57,0
-7,-4,28,1,57,0
-4,-5,31,1,57,0
5,-7,33,1,57,0
8,7,45,1,57,0
7,-3,46,1,57,0
-8,5,2,1,57,0
3,3,39,1,57,0
-7,-5,21,1,57,0
-4,-6,24,1,57,0
8,-7,48,1,57,0
7,7,52,1,57,0
1,-7,6,1,57,0
3,-3,9,1,57,0
-7,5,9,1,57,0
-7,-6,14,1,57,0
2,3,33,1,57,0
-6,-3,38,1,57,0
-3,-4,42,1,57,0
6,7,56,1,57,0
1,-8,3,1,57,0
-4,-8,5,1,57,0
-6,5,15,1,57,0
1,3,26,1,57,0
4,-7,26,1,57,0
5,7,29,1,57,0
6,-3,52,1,57,0
3,5,56,1,57,0
0,3,19,1,57,0
-5,5,21,1,57,0
4,7,23,1,57,0
-3,-6,45,1,57,0
-5,-2,48,1,57,0
3,6,51,1,57,0
7,-7,55,1,57,0
-2,-3,56,1,57,0
-2,3,8,1,57,0
2,-3,3,1,57,0
-6,-6,14,1,57,0
3,7,16,1,57,0
-3,-7,22,1,57,0
-4,5,27,1,57,0
-3,4,35,1,57,0
-5,-3,41,1,57,0
-2,-4,48,1,57,0
2,6,49,1,57,0
0,4,56,1,57,0
-9,-6,4,1,57,0
-3,-8,6,1,57,0
-1,3,14,1,57,0
-6,-7,9,1,57,0
3,8,13,1,57,0
3,-7,19,1,57,0
-3,5,33,1,57,0
8,3,35,1,57,0
-2,4,42,1,57,0
1,6,43,1,57,0
0,5,54,1,57,0
-4,-1,56,1,57,0
5,-3,56,1,57,0
2,8,6,1,57,0
0,6,37,1,57,0
8,-3,39,1,57,0
-4,-2,49,1,57,0
-1,4,49,1,57,0
-1,-3,53,1,57,0
-2,-6,55,1,57,0
6,-7,56,1,57,0
7,3,56,1,57,0
2,9,5,1,57,0
-3,7,14,1,57,0
-5,-6,21,1,57,0
-2,6,23,1,57,0
-1,-4,52,1,57,0
6,3,55,1,57,0
-5,-7,8,1,58,0
-8,-6,9,1,58,0
-3,8,9,1,58,0
2,-7,14,1,58,0
4,-3,16,1,58,0
-2,7,18,1,58,0
5,3,51,1,58,0
-7,-3,29,1,58,0
-1,6,31,1,58,0
-4,-4,34,1,58,0
-3,9,3,1,58,0
4,3,58,1,58,0
-7,-4,28,1,58,0
-4,-5,31,1,58,0
5,-7,33,1,58,0
8,7,45,1,58,0
7,-3,46,1,58,0
-8,5,2,1,58,0
3,3,39,1,58,0
-7,-5,21,1,58,0
-4,-6,24,1,58,0
8,-7,48,1,58,0
7,7,52,1,58,0
1,-7,6,1,58,0
3,-3,9,1,58,0
-7,5,9,1,58,0
-7,-6,14,1,58,0
2,3,33,1,58,0
-6,-3,38,1,58,0
-3,-4,42,1,58,0
6,7,57,1,58,0
1,-8,3,1,58,0
-4,-8,5,1,58,0
-6,5,15,1,58,0
1,3,26,1,58,0
4,-7,26,1,58,0
5,7,29,1,58,0
6,-3,52,1,58,0
3,5,57,1,58,0
0,3,19,1,58,0
-5,5,21,1,58,0
4,7,23,1,58,0
-3,-6,45,1,58,0
-5,-2,48,1,58,0
3,6,51,1,58,0
7,-7,55,1,58,0
-2,-3,57,1,58,0
-2,3,8,1,58,0
2,-3,3,1,58,0
-6,-6,14,1,58,0
3,7,16,1,58,0
-3,-7,22,1,58,0
-4,5,27,1,58,0
-3,4,35,1,58,0
-5,-3,41,1,58,0
-2,-4,48,1,58,0
2,6,49,1,58,0
0,4,57,1,58,0
-9,-6,4,1,58,0
-3,-8,6,1,58,0
-1,3,14,1,58,0
-6,-7,9,1,58,0
3,8,13,1,58,0
3,-7,19,1,58,0
-3,5,33,1,58,0
8,3,35,1,58,0
-2,4,42,1,58,0
1,6,43,1,58,0
0,5,54,1,58,0
-4,-1,57,1,58,0
5,-3,57,1,58,0
2,8,6,1,58,0
0,6,37,1,58,0
8,-3,39,1,58,0
-4,-2,49,1,58,0
-1,4,49,1,58,0
-1,-3,53,1,58,0
-2,-6,56,1,58,0
6,-7,57,1,58,0
7,3,57,1,58,0
2,9,5,1,58,0
-3,7,14,1,58,0
-5,-6,21,1,58,0
-2,6,23,1,58,0
-1,-4,52,1,58,0
6,3,55,1,58,0
-5,-7,8,1,59,0
-8,-6,9,1,59,0
-3,8,9,1,59,0
2,-7,14,1,59,0
4,-3,16,1,59,0
-2,7,18,1,59,0
5,3,51,1,59,0
-7,-3,29,1,59,0
-1,6,31,1,59,0
-4,-4,34,1,59,0
-3,9,3,1,59,0
4,3,58,1,59,0
-7,-4,28,1,59,0
-4,-5,31,1,59,0
5,-7,33,1,59,0
8,7,45,1,59,0
7,-3,46,1,59,0
-8,5,2,1,59,0
3,3,59,1,59,0
-7,-5,21,1,59,0
-4,-6,24,1,59,0
8,-7,48,1,59,0
7,7,52,1,59,0
1,-7,6,1,59,0
3,-3,9,1,59,0
-7,5,9,1,59,0
-7,-6,14,1,59,0
2,3,33,1,59,0
-6,-3,38,1,59,0
-3,-4,42,1,59,0
6,7,58,1,59,0
1,-8,3,1,59,0
-4,-8,5,1,59,0
-6,5,15,1,59,0
1,3,26,1,59,0
4,-7,26,1,59,0
5,7,29,1,59,0
6,-3,52,1,59,0
3,5,58,1,59,0
0,3,19,1,59,0
-5,5,21,1,59,0
4,7,23,1,59,0
-3,-6,45,1,59,0
-5,-2,48,1,59,0
3,6,51,1,59,0
7,-7,55,1,59,0
1,4,58,1,59,0
-2,-3,58,1,59,0
-2,3,8,1,59,0
2,-3,3,1,59,0
-6,-6,14,1,59,0
3,7,16,1,59,0
-3,-7,22,1,59,0
-4,5,27,1,59,0
-3,4,35,1,59,0
-5,-3,41,1,59,0
-2,-4,48,1,59,0
2,6,49,1,59,0
0,4,57,1,59,0
-9,-6,4,1,59,0
-3,-8,6,1,59,0
-1,3,14,1,59,0
-6,-7,9,1,59,0
3,8,13,1,59,0
3,-7,19,1,59,0
-3,5,33,1,59,0
8,3,35,1,59,0
-2,4,42,1,59,0
1,6,43,1,59,0
0,5,54,1,59,0
-4,-1,58,1,59,0
5,-3,58,1,59,0
2,8,6,1,59,0
0,6,37,1,59,0
8,-3,39,1,59,0
-4,-2,49,1,59,0
-1,4,49,1,59,0
-1,-3,53,1,59,0
-2,-6,57,1,59,0
6,-7,58,1,59,0
7,3,58,1,59,0
2,9,5,1,59,0
-3,7,14,1,59,0
-5,-6,21,1,59,0
-2,6,23,1,59,0
-1,-4,52,1,59,0
6,3,55,1,59,0
-5,-7,8,1,60,0
-8,-6,9,1,60,0
-3,8,9,1,60,0
2,-7,14,1,60,0
-2,7,18,1,60,0
5,3,51,1,60,0
-7,-3,29,1,60,0
-1,6,31,1,60,0
-4,-4,34,1,60,0
4,-3,59,1,60,0
-3,9,3,1,60,0
4,3,58,1,60,0
-7,-4,28,1,60,0
-4,-5,31,1,60,0
5,-7,33,1,60,0
8,7,45,1,60,0
7,-3,46,1,60,0
-8,5,2,1,60,0
3,3,59,1,60,0
-7,-5,21,1,60,0
-4,-6,24,1,60,0
8,-7,48,1,60,0
7,7,52,1,60,0
1,-7,6,1,60,0
3,-3,9,1,60,0
-7,5,9,1,60,0
-7,-6,14,1,60,0
2,3,33,1,60,0
-6,-3,38,1,60,0
-3,-4,42,1,60,0
6,7,58,1,60,0
4,5,59,1,60,0
1,-8,3,1,60,0
-4,-8,5,1,60,0
-6,5,15,1,60,0
1,3,26,1,60,0
4,-7,26,1,60,0
6,-3,52,1,60,0
3,5,58,1,60,0
5,7,59,1,60,0
0,3,19,1,60,0
-5,5,21,1,60,0
4,7,23,1,60,0
-3,-6,45,1,60,0
-5,-2,48,1,60,0
3,6,51,1,60,0
7,-7,55,1,60,0
1,4,59,1,60,0
-2,-3,59,1,60,0
-2,3,8,1,60,0
2,-3,3,1,60,0
-6,-6,14,1,60,0
3,7,16,1,60,0
-3,-7,22,1,60,0
-4,5,27,1,60,0
-3,4,35,1,60,0
-5,-3,41,1,60,0
-2,-4,48,1,60,0
2,6,49,1,60,0
0,4,57,1,60,0
-9,-6,4,1,60,0
-3,-8,6,1,60,0
-1,3,14,1,60,0
-6,-7,9,1,60,0
3,8,13,1,60,0
3,-7,19,1,60,0
-3,5,33,1,60,0
8,3,35,1,60,0
-2,4,42,1,60,0
1,6,43,1,60,0
0,5,54,1,60,0
5,-3,58,1,60,0
-4,-1,59,1,60,0
2,8,6,1,60,0
0,6,37,1,60,0
8,-3,39,1,60,0
-4,-2,49,1,60,0
-1,4,49,1,60,0
-1,-3,53,1,60,0
-2,-6,58,1,60,0
6,-7,59,1,60,0
7,3,59,1,60,0
2,9,5,1,60,0
-3,7,14,1,60,0
-5,-6,21,1,60,0
-2,6,23,1,60,0
-1,-4,52,1,60,0
6,3,55,1,60,0
-5,-7,8,1,61,0
-8,-6,9,1,61,0
-3,8,9,1,61,0
2,-7,14,1,61,0
-2,7,18,1,61,0
5,3,51,1,61,0
-7,-3,29,1,61,0
-1,6,31,1,61,0
-4,-4,34,1,61,0
4,-3,59,1,61,0
-3,9,3,1,61,0
4,3,58,1,61,0
-7,-4,28,1,61,0
-4,-5,31,1,61,0
5,-7,33,1,61,0
8,7,45,1,61,0
7,-3,46,1,61,0
-8,5,2,1,61,0
3,3,61,1,61,0
-7,-5,21,1,61,0
-4,-6,24,1,61,0
8,-7,48,1,61,0
7,7,52,1,61,0
1,-7,6,1,61,0
3,-3,9,1,61,0
-7,5,9,1,61,0
-7,-6,14,1,61,0
2,3,33,1,61,0
-6,-3,38,1,61,0
-3,-4,42,1,61,0
6,7,58,1,61,0
4,5,59,1,61,0
1,-8,3,1,61,0
-4,-8,5,1,61,0
-6,5,15,1,61,0
1,3,26,1,61,0
4,-7,26,1,61,0
6,-3,52,1,61,0
3,5,58,1,61,0
5,7,59,1,61,0
0,3,19,1,61,0
-5,5,21,1,61,0
4,7,23,1,61,0
-3,-6,45,1,61,0
-5,-2,48,1,61,0
3,6,51,1,61,0
7,-7,55,1,61,0
1,4,59,1,61,0
-2,-3,59,1,61,0
-2,3,8,1,61,0
2,-3,3,1,61,0
-6,-6,14,1,61,0
3,7,16,1,61,0
-3,-7,22,1,61,0
-4,5,27,1,61,0
-3,4,35,1,61,0
-5,-3,41,1,61,0
-2,-4,48,1,61,0
2,6,49,1,61,0
0,4,57,1,61,0
-9,-6,4,1,61,0
-3,-8,6,1,61,0
-1,3,14,1,61,0
-6,-7,9,1,61,0
3,8,13,1,61,0
3,-7,19,1,61,0
-3,5,33,1,61,0
8,3,35,1,61,0
-2,4,42,1,61,0
1,6,43,1,61,0
0,5,54,1,61,0
5,-3,58,1,61,0
-4,-1,59,1,61,0
2,8,6,1,61,0
0,6,37,1,61,0
8,-3,39,1,61,0
-4,-2,49,1,61,0
-1,4,49,1,61,0
-1,-3,53,1,61,0
6,-7,59,1,61,0
7,3,59,1,61,0
-2,-6,59,1,61,0
2,9,5,1,61,0
-3,7,14,1,61,0
-5,-6,21,1,61,0
-2,6,23,1,61,0
-1,-4,52,1,61,0
6,3,55,1,61,0
-5,-7,8,1,62,0
-8,-6,9,1,62,0
-3,8,9,1,62,0
2,-7,14,1,62,0
-2,7,18,1,62,0
5,3,51,1,62,0
-7,-3,29,1,62,0
-1,6,31,1,62,0
-4,-4,34,1,62,0
4,-3,61,1,62,0
-3,9,3,1,62,0
4,3,58,1,62,0
-7,-4,28,1,62,0
-4,-5,31,1,62,0
5,-7,33,1,62,0
8,7,45,1,62,0
7,-3,46,1,62,0
-1,-6,61,1,62,0
-8,5,2,1,62,0
3,3,62,1,62,0
-7,-5,21,1,62,0
-4,-6,24,1,62,0
8,-7,48,1,62,0
7,7,52,1,62,0
-3,0,61,1,62,0
1,-7,6,1,62,0
3,-3,9,1,62,0
-7,5,9,1,62,0
-7,-6,14,1,62,0
2,3,33,1,62,0
-6,-3,38,1,62,0
-3,-4,42,1,62,0
6,7,58,1,62,0
4,5,61,1,62,0
1,-8,3,1,62,0
-4,-8,5,1,62,0
-6,5,15,1,62,0
1,3,26,1,62,0
4,-7,26,1,62,0
6,-3,52,1,62,0
3,5,58,1,62,0
5,7,59,1,62,0
0,3,19,1,62,0
-5,5,21,1,62,0
4,7,23,1,62,0
-3,-6,45,1,62,0
-5,-2,48,1,62,0
3,6,51,1,62,0
7,-7,55,1,62,0
-2,-3,59,1,62,0
1,4,61,1,62,0
-2,3,8,1,62,0
2,-3,3,1,62,0
-6,-6,14,1,62,0
3,7,16,1,62,0
-3,-7,22,1,62,0
-4,5,27,1,62,0
-3,4,35,1,62,0
-5,-3,41,1,62,0
-2,-4,48,1,62,0
2,6,49,1,62,0
0,4,57,1,62,0
-9,-6,4,1,62,0
-3,-8,6,1,62,0
-1,3,14,1,62,0
-6,-7,9,1,62,0
3,8,13,1,62,0
3,-7,19,1,62,0
-3,5,33,1,62,0
8,3,35,1,62,0
-2,4,42,1,62,0
1,6,43,1,62,0
0,5,54,1,62,0
5,-3,58,1,62,0
-4,-1,59,1,62,0
2,8,6,1,62,0
0,6,37,1,62,0
8,-3,39,1,62,0
-4,-2,49,1,62,0
-1,4,49,1,62,0
-1,-3,53,1,62,0
-2,-6,59,1,62,0
6,-7,61,1,62,0
7,3,61,1,62,0
2,9,5,1,62,0
-3,7,14,1,62,0
-5,-6,21,1,62,0
-2,6,23,1,62,0
-1,-4,52,1,62,0
6,3,55,1,62,0
-5,-7,8,1,63,0
-8,-6,9,1,63,0
-3,8,9,1,63,0
2,-7,14,1,63,0
-2,7,18,1,63,0
5,3,51,1,63,0
-7,-3,29,1,63,0
-1,6,31,1,63,0
-4,-4,34,1,63,0
-1,-5,62,1,63,0
4,-3,62,1,63,0
-3,9,3,1,63,0
4,3,58,1,63,0
-7,-4,28,1,63,0
-4,-5,31,1,63,0
5,-7,33,1,63,0
8,7,45,1,63,0
7,-3,46,1,63,0
-1,-6,61,1,63,0
-8,5,2,1,63,0
3,3,63,1,63,0
-7,-5,21,1,63,0
-4,-6,24,1,63,0
8,-7,48,1,63,0
7,7,52,1,63,0
-3,0,62,1,63,0
1,-7,6,1,63,0
3,-3,9,1,63,0
-7,5,9,1,63,0
-7,-6,14,1,63,0
2,3,33,1,63,0
-6,-3,38,1,63,0
-3,-4,42,1,63,0
6,7,58,1,63,0
4,5,62,1,63,0
1,-8,3,1,63,0
-4,-8,5,1,63,0
-6,5,15,1,63,0
1,3,26,1,63,0
4,-7,26,1,63,0
6,-3,52,1,63,0
3,5,58,1,63,0
-2,-2,61,1,63,0
5,7,62,1,63,0
0,3,19,1,63,0
-5,5,21,1,63,0
4,7,23,1,63,0
-3,-6,45,1,63,0
-5,-2,48,1,63,0
3,6,51,1,63,0
7,-7,55,1,63,0
-2,-3,59,1,63,0
1,4,62,1,63,0
-2,3,8,1,63,0
2,-3,3,1,63,0
-6,-6,14,1,63,0
3,7,16,1,63,0
-3,-7,22,1,63,0
-4,5,27,1,63,0
-3,4,35,1,63,0
-5,-3,41,1,63,0
-2,-4,48,1,63,0
2,6,49,1,63,0
0,4,57,1,63,0
-9,-6,4,1,63,0
-3,-8,6,1,63,0
-1,3,14,1,63,0
-6,-7,9,1,63,0
3,8,13,1,63,0
3,-7,19,1,63,0
-3,5,33,1,63,0
-2,4,42,1,63,0
1,6,43,1,63,0
0,5,54,1,63,0
5,-3,58,1,63,0
-4,-1,59,1,63,0
8,3,62,1,63,0
2,8,6,1,63,0
0,6,37,1,63,0
8,-3,39,1,63,0
-4,-2,49,1,63,0
-1,4,49,1,63,0
-1,-3,53,1,63,0
-2,-6,59,1,63,0
7,3,61,1,63,0
6,-7,62,1,63,0
2,9,5,1,63,0
-3,7,14,1,63,0
-5,-6,21,1,63,0
-2,6,23,1,63,0
-1,-4,52,1,63,0
6,3,55,1,63,0
-5,-7,8,1,64,0
-8,-6,9,1,64,0
-3,8,9,1,64,0
2,-7,14,1,64,0
-2,7,18,1,64,0
5,3,51,1,64,0
-7,-3,29,1,64,0
-1,6,31,1,64,0
-4,-4,34,1,64,0
-1,-5,63,1,64,0
4,-3,63,1,64,0
-3,9,3,1,64,0
4,3,58,1,64,0
-7,-4,28,1,64,0
-4,-5,31,1,64,0
8,7,45,1,64,0
7,-3,46,1,64,0
-1,-6,61,1,64,0
5,-7,63,1,64,0
-8,5,2,1,64,0
3,3,64,1,64,0
-7,-5,21,1,64,0
-4,-6,24,1,64,0
8,-7,48,1,64,0
7,7,52,1,64,0
-3,0,63,1,64,0
1,-7,6,1,64,0
3,-3,9,1,64,0
-7,5,9,1,64,0
-7,-6,14,1,64,0
2,3,33,1,64,0
-6,-3,38,1,64,0
-3,-4,42,1,64,0
6,7,58,1,64,0
4,5,63,1,64,0
1,-8,3,1,64,0
-4,-8,5,1,64,0
-6,5,15,1,64,0
1,3,26,1,64,0
4,-7,26,1,64,0
6,-3,52,1,64,0
3,5,58,1,64,0
-2,-2,62,1,64,0
5,7,63,1,64,0
0,3,19,1,64,0
-5,5,21,1,64,0
4,7,23,1,64,0
-3,-6,45,1,64,0
-5,-2,48,1,64,0
3,6,51,1,64,0
7,-7,55,1,64,0
-2,-3,59,1,64,0
1,4,63,1,64,0
-2,3,8,1,64,0
2,-3,3,1,64,0
-6,-6,14,1,64,0
3,7,16,1,64,0
-3,-7,22,1,64,0
-4,5,27,1,64,0
-3,4,35,1,64,0
-5,-3,41,1,64,0
-2,-4,48,1,64,0
2,6,49,1,64,0
0,4,57,1,64,0
-9,-6,4,1,64,0
-3,-8,6,1,64,0
-1,3,14,1,64,0
-6,-7,9,1,64,0
3,8,13,1,64,0
3,-7,19,1,64,0
-3,5,33,1,64,0
-2,4,42,1,64,0
1,6,43,1,64,0
0,5,54,1,64,0
5,-3,58,1,64,0
-4,-1,59,1,64,0
8,3,63,1,64,0
2,8,6,1,64,0
0,6,37,1,64,0
8,-3,39,1,64,0
-4,-2,49,1,64,0
-1,4,49,1,64,0
-1,-3,53,1,64,0
-2,-6,59,1,64,0
7,3,61,1,64,0
6,-7,62,1,64,0
2,9,5,1,64,0
-3,7,14,1,64,0
-5,-6,21,1,64,0
-2,6,23,1,64,0
-1,-4,52,1,64,0
6,3,55,1,64,0
-5,-7,8,1,65,0
-8,-6,9,1,65,0
-3,8,9,1,65,0
2,-7,14,1,65,0
-2,7,18,1,65,0
5,3,51,1,65,0
-7,-3,29,1,65,0
-1,6,31,1,65,0
-4,-4,34,1,65,0
-1,-5,64,1,65,0
4,-3,64,1,65,0
-3,9,3,1,65,0
4,3,58,1,65,0
-7,-4,28,1,65,0
-4,-5,31,1,65,0
8,7,45,1,65,0
7,-3,46,1,65,0
-1,-6,61,1,65,0
5,-7,64,1,65,0
-8,5,2,1,65,0
3,3,64,1,65,0
-7,-5,21,1,65,0
-4,-6,24,1,65,0
8,-7,48,1,65,0
7,7,52,1,65,0
-3,0,64,1,65,0
1,-7,6,1,65,0
3,-3,9,1,65,0
-7,5,9,1,65,0
-7,-6,14,1,65,0
2,3,65,1,65,0
-6,-3,38,1,65,0
-3,-4,42,1,65,0
6,7,58,1,65,0
4,5,64,1,65,0
1,-8,3,1,65,0
-4,-8,5,1,65,0
-6,5,15,1,65,0
1,3,26,1,65,0
4,-7,26,1,65,0
6,-3,52,1,65,0
3,5,58,1,65,0
-2,-2,63,1,65,0
5,7,64,1,65,0
0,3,19,1,65,0
-5,5,21,1,65,0
4,7,23,1,65,0
-3,-6,45,1,65,0
-5,-2,48,1,65,0
3,6,51,1,65,0
7,-7,55,1,65,0
-2,-3,59,1,65,0
1,4,64,1,65,0
-2,3,8,1,65,0
2,-3,3,1,65,0
-6,-6,14,1,65,0
3,7,16,1,65,0
-3,-7,22,1,65,0
-4,5,27,1,65,0
-3,4,35,1,65,0
-5,-3,41,1,65,0
-2,-4,48,1,65,0
2,6,49,1,65,0
0,4,57,1,65,0
-9,-6,4,1,65,0
-3,-8,6,1,65,0
-1,3,14,1,65,0
-6,-7,9,1,65,0
3,8,13,1,65,0
3,-7,19,1,65,0
-3,5,33,1,65,0
-2,4,42,1,65,0
1,6,43,1,65,0
0,5,54,1,65,0
5,-3,58,1,65,0
-4,-1,59,1,65,0
8,3,64,1,65,0
2,8,6,1,65,0
0,6,37,1,65,0
8,-3,39,1,65,0
-4,-2,49,1,65,0
-1,4,49,1,65,0
-1,-3,53,1,65,0
-2,-6,59,1,65,0
7,3,61,1,65,0
6,-7,62,1,65,0
2,9,5,1,65,0
-3,7,14,1,65,0
-5,-6,21,1,65,0
-2,6,23,1,65,0
-1,-4,52,1,65,0
6,3,55,1,65,0
-5,-7,8,1,66,0
-8,-6,9,1,66,0
-3,8,9,1,66,0
2,-7,14,1,66,0
-2,7,18,1,66,0
5,3,51,1,66,0
-7,-3,29,1,66,0
-1,6,31,1,66,0
-4,-4,34,1,66,0
4,-3,64,1,66,0
-1,-5,65,1,66,0
-3,9,3,1,66,0
4,3,58,1,66,0
-7,-4,28,1,66,0
-4,-5,31,1,66,0
8,7,45,1,66,0
7,-3,46,1,66,0
-1,-6,61,1,66,0
5,-7,65,1,66,0
-8,5,2,1,66,0
3,3,64,1,66,0
-7,-5,21,1,66,0
-4,-6,24,1,66,0
8,-7,48,1,66,0
7,7,52,1,66,0
-3,0,65,1,66,0
1,-7,6,1,66,0
-7,5,9,1,66,0
-7,-6,14,1,66,0
2,3,66,1,66,0
-6,-3,38,1,66,0
-3,-4,42,1,66,0
6,7,58,1,66,0
3,-3,65,1,66,0
4,5,65,1,66,0
1,-8,3,1,66,0
-4,-8,5,1,66,0
-6,5,15,1,66,0
1,3,26,1,66,0
4,-7,26,1,66,0
6,-3,52,1,66,0
3,5,58,1,66,0
5,7,64,1,66,0
-2,-2,64,1,66,0
2,4,65,1,66,0
0,3,19,1,66,0
-5,5,21,1,66,0
-3,-6,45,1,66,0
-5,-2,48,1,66,0
3,6,51,1,66,0
7,-7,55,1,66,0
-2,-3,59,1,66,0
1,4,64,1,66,0
4,7,65,1,66,0
-2,3,8,1,66,0
2,-3,3,1,66,0
-6,-6,14,1,66,0
3,7,16,1,66,0
-3,-7,22,1,66,0
-4,5,27,1,66,0
-3,4,35,1,66,0
-5,-3,41,1,66,0
-2,-4,48,1,66,0
2,6,49,1,66,0
0,4,57,1,66,0
-9,-6,4,1,66,0
-3,-8,6,1,66,0
-1,3,14,1,66,0
-6,-7,9,1,66,0
3,8,13,1,66,0
3,-7,19,1,66,0
-3,5,33,1,66,0
-2,4,42,1,66,0
1,6,43,1,66,0
0,5,54,1,66,0
5,-3,58,1,66,0
-4,-1,59,1,66,0
8,3,64,1,66,0
2,8,6,1,66,0
0,6,37,1,66,0
8,-3,39,1,66,0
-4,-2,49,1,66,0
-1,4,49,1,66,0
-1,-3,53,1,66,0
-2,-6,59,1,66,0
6,-7,62,1,66,0
7,3,65,1,66,0
2,9,5,1,66,0
-3,7,14,1,66,0
-5,-6,21,1,66,0
-2,6,23,1,66,0
-1,-4,52,1,66,0
6,3,55,1,66,0
-5,-7,8,1,67,0
-8,-6,9,1,67,0
-3,8,9,1,67,0
2,-7,14,1,67,0
-2,7,18,1,67,0
5,3,51,1,67,0
-7,-3,29,1,67,0
-1,6,31,1,67,0
-4,-4,34,1,67,0
4,-3,64,1,67,0
-1,-5,66,1,67,0
-3,9,3,1,67,0
4,3,58,1,67,0
-7,-4,28,1,67,0
-4,-5,31,1,67,0
8,7,45,1,67,0
7,-3,46,1,67,0
-1,-6,61,1,67,0
5,-7,66,1,67,0
-8,5,2,1,67,0
3,3,64,1,67,0
-7,-5,21,1,67,0
-4,-6,24,1,67,0
8,-7,48,1,67,0
7,7,52,1,67,0
-3,0,66,1,67,0
1,-7,6,1,67,0
-7,5,9,1,67,0
-7,-6,14,1,67,0
2,3,67,1,67,0
-6,-3,38,1,67,0
-3,-4,42,1,67,0
6,7,58,1,67,0
3,-3,66,1,67,0
4,5,66,1,67,0
1,-8,3,1,67,0
-4,-8,5,1,67,0
-6,5,15,1,67,0
1,3,26,1,67,0
4,-7,26,1,67,0
6,-3,52,1,67,0
3,5,58,1,67,0
5,7,64,1,67,0
-2,-2,65,1,67,0
2,4,66,1,67,0
0,3,19,1,67,0
-5,5,21,1,67,0
-3,-6,45,1,67,0
-5,-2,48,1,67,0
3,6,51,1,67,0
7,-7,55,1,67,0
-2,-3,59,1,67,0
1,4,64,1,67,0
4,7,66,1,67,0
-2,3,8,1,67,0
2,-3,3,1,67,0
-6,-6,14,1,67,0
3,7,16,1,67,0
-3,-7,22,1,67,0
-4,5,27,1,67,0
-3,4,35,1,67,0
-5,-3,41,1,67,0
-2,-4,48,1,67,0
2,6,49,1,67,0
0,4,57,1,67,0
-9,-6,4,1,67,0
-3,-8,6,1,67,0
-1,3,14,1,67,0
-6,-7,9,1,67,0
3,8,13,1,67,0
3,-7,19,1,67,0
-3,5,33,1,67,0
-2,4,42,1,67,0
1,6,43,1,67,0
0,5,54,1,67,0
5,-3,58,1,67,0
-4,-1,59,1,67,0
8,3,64,1,67,0
2,8,6,1,67,0
0,6,37,1,67,0
8,-3,39,1,67,0
-4,-2,49,1,67,0
-1,4,49,1,67,0
-1,-3,53,1,67,0
-2,-6,59,1,67,0
6,-7,62,1,67,0
7,3,66,1,67,0
2,9,5,1,67,0
-3,7,14,1,67,0
-5,-6,21,1,67,0
-2,6,23,1,67,0
-1,-4,52,1,67,0
6,3,55,1,67,0
-5,-7,8,1,68,0
-8,-6,9,1,68,0
-3,8,9,1,68,0
2,-7,14,1,68,0
-2,7,18,1,68,0
5,3,51,1,68,0
-7,-3,29,1,68,0
-1,6,31,1,68,0
-4,-4,34,1,68,0
4,-3,64,1,68,0
-1,-5,66,1,68,0
-3,9,3,1,68,0
4,3,58,1,68,0
-7,-4,28,1,68,0
-4,-5,31,1,68,0
8,7,45,1,68,0
7,-3,46,1,68,0
-1,-6,61,1,68,0
5,-7,67,1,68,0
-8,5,2,1,68,0
3,3,68,1,68,0
-7,-5,21,1,68,0
-4,-6,24,1,68,0
8,-7,48,1,68,0
7,7,52,1,68,0
-3,0,66,1,68,0
5,5,67,1,68,0
1,-7,6,1,68,0
-7,5,9,1,68,0
-7,-6,14,1,68,0
2,3,67,1,68,0
-6,-3,38,1,68,0
-3,-4,42,1,68,0
6,7,58,1,68,0
4,5,66,1,68,0
-2,0,67,1,68,0
3,-3,67,1,68,0
1,-8,3,1,68,0
-4,-8,5,1,68,0
-6,5,15,1,68,0
1,3,26,1,68,0
4,-7,26,1,68,0
6,-3,52,1,68,0
3,5,58,1,68,0
5,7,64,1,68,0
0,-5,67,1,68,0
-2,-2,66,1,68,0
2,4,67,1,68,0
0,3,19,1,68,0
-5,5,21,1,68,0
-3,-6,45,1,68,0
-5,-2,48,1,68,0
3,6,51,1,68,0
7,-7,55,1,68,0
-2,-3,59,1,68,0
1,4,64,1,68,0
4,7,67,1,68,0
-2,3,8,1,68,0
2,-3,3,1,68,0
-6,-6,14,1,68,0
3,7,16,1,68,0
-3,-7,22,1,68,0
-4,5,27,1,68,0
-3,4,35,1,68,0
-5,-3,41,1,68,0
-2,-4,48,1,68,0
2,6,49,1,68,0
0,4,57,1,68,0
-9,-6,4,1,68,0
-3,-8,6,1,68,0
-1,3,14,1,68,0
-6,-7,9,1,68,0
3,8,13,1,68,0
3,-7,19,1,68,0
-3,5,33,1,68,0
-2,4,42,1,68,0
1,6,43,1,68,0
0,5,54,1,68,0
5,-3,58,1,68,0
-4,-1,59,1,68,0
8,3,64,1,68,0
2,8,6,1,68,0
0,6,37,1,68,0
8,-3,39,1,68,0
-4,-2,49,1,68,0
-1,4,49,1,68,0
-1,-3,53,1,68,0
-2,-6,59,1,68,0
6,-7,62,1,68,0
7,3,67,1,68,0
2,9,5,1,68,0
-3,7,14,1,68,0
-5,-6,21,1,68,0
-2,6,23,1,68,0
-1,-4,52,1,68,0
6,3,55,1,68,0
-5,-7,8,1,69,0
-8,-6,9,1,69,0
-3,8,9,1,69,0
2,-7,14,1,69,0
-2,7,18,1,69,0
5,3,51,1,69,0
-7,-3,29,1,69,0
-1,6,31,1,69,0
-4,-4,34,1,69,0
4,-3,64,1,69,0
-1,-5,66,1,69,0
-3,9,3,1,69,0
4,3,58,1,69,0
-7,-4,28,1,69,0
-4,-5,31,1,69,0
8,7,45,1,69,0
7,-3,46,1,69,0
-1,-6,61,1,69,0
5,-7,68,1,69,0
5,4,68,1,69,0
3,2,69,1,69,0
-8,5,2,1,69,0
3,3,68,1,69,0
-7,-5,21,1,69,0
-4,-6,24,1,69,0
8,-7,48,1,69,0
7,7,52,1,69,0
-3,0,66,1,69,0
5,5,67,1,69,0
1,-7,6,1,69,0
-7,5,9,1,69,0
-7,-6,14,1,69,0
2,3,67,1,69,0
-6,-3,38,1,69,0
-3,-4,42,1,69,0
6,7,58,1,69,0
4,5,66,1,69,0
-2,0,68,1,69,0
-2,-1,67,1,69,0
3,-3,68,1,69,0
1,-8,3,1,69,0
-4,-8,5,1,69,0
-6,5,15,1,69,0
1,3,26,1,69,0
4,-7,26,1,69,0
6,-3,52,1,69,0
3,5,58,1,69,0
-2,-2,66,1,69,0
2,4,67,1,69,0
0,-5,68,1,69,0
5,7,68,1,69,0
0,3,19,1,69,0
-5,5,21,1,69,0
-3,-6,45,1,69,0
-5,-2,48,1,69,0
3,6,51,1,69,0
7,-7,55,1,69,0
-2,-3,59,1,69,0
1,4,64,1,69,0
4,7,67,1,69,0
2,5,68,1,69,0
-2,3,8,1,69,0
2,-3,3,1,69,0
-6,-6,14,1,69,0
3,7,16,1,69,0
-3,-7,22,1,69,0
-4,5,27,1,69,0
-3,4,35,1,69,0
-5,-3,41,1,69,0
-2,-4,48,1,69,0
2,6,49,1,69,0
0,4,57,1,69,0
-9,-6,4,1,69,0
-3,-8,6,1,69,0
-1,3,14,1,69,0
-6,-7,9,1,69,0
3,8,13,1,69,0
3,-7,19,1,69,0
-3,5,33,1,69,0
-2,4,42,1,69,0
1,6,43,1,69,0
0,5,54,1,69,0
5,-3,58,1,69,0
-4,-1,59,1,69,0
8,3,64,1,69,0
2,8,6,1,69,0
0,6,37,1,69,0
8,-3,39,1,69,0
-4,-2,49,1,69,0
-1,4,49,1,69,0
-1,-3,53,1,69,0
-2,-6,59,1,69,0
6,-7,62,1,69,0
7,3,68,1,69,0
2,9,5,1,69,0
-3,7,14,1,69,0
-5,-6,21,1,69,0
-2,6,23,1,69,0
-1,-4,52,1,69,0
6,3,55,1,69,0
-5,-7,8,1,70,0
-8,-6,9,1,70,0
-3,8,9,1,70,0
2,-7,14,1,70,0
-2,7,18,1,70,0
5,3,51,1,70,0
-7,-3,29,1,70,0
-1,6,31,1,70,0
-4,-4,34,1,70,0
4,-3,64,1,70,0
-1,-5,66,1,70,0
-3,9,3,1,70,0
4,3,58,1,70,0
-7,-4,28,1,70,0
-4,-5,31,1,70,0
8,7,45,1,70,0
7,-3,46,1,70,0
-1,-6,61,1,70,0
5,-7,68,1,70,0
5,4,68,1,70,0
3,2,69,1,70,0
-8,5,2,1,70,0
3,3,68,1,70,0
-7,-5,21,1,70,0
-4,-6,24,1,70,0
8,-7,48,1,70,0
7,7,52,1,70,0
-3,0,66,1,70,0
5,5,69,1,70,0
1,-7,6,1,70,0
-7,5,9,1,70,0
-7,-6,14,1,70,0
2,3,67,1,70,0
-6,-3,38,1,70,0
-3,-4,42,1,70,0
6,7,58,1,70,0
4,5,66,1,70,0
-2,0,69,1,70,0
-2,-1,68,1,70,0
3,-3,69,1,70,0
1,-8,3,1,70,0
-4,-8,5,1,70,0
-6,5,15,1,70,0
1,3,26,1,70,0
6,-3,52,1,70,0
3,5,58,1,70,0
-2,-2,66,1,70,0
2,4,67,1,70,0
0,-5,69,1,70,0
4,-7,69,1,70,0
5,7,69,1,70,0
0,3,19,1,70,0
-5,5,21,1,70,0
-3,-6,45,1,70,0
-5,-2,48,1,70,0
3,6,51,1,70,0
7,-7,55,1,70,0
-2,-3,59,1,70,0
1,4,64,1,70,0
4,7,67,1,70,0
2,5,69,1,70,0
-2,3,8,1,70,0
2,-3,3,1,70,0
-6,-6,14,1,70,0
3,7,16,1,70,0
-3,-7,22,1,70,0
-4,5,27,1,70,0
-3,4,35,1,70,0
-5,-3,41,1,70,0
-2,-4,48,1,70,0
2,6,49,1,70,0
0,4,57,1,70,0
-9,-6,4,1,70,0
-3,-8,6,1,70,0
-1,3,14,1,70,0
-6,-7,9,1,70,0
3,8,13,1,70,0
3,-7,19,1,70,0
-3,5,33,1,70,0
-2,4,42,1,70,0
1,6,43,1,70,0
0,5,54,1,70,0
5,-3,58,1,70,0
-4,-1,59,1,70,0
8,3,64,1,70,0
2,8,6,1,70,0
0,6,37,1,70,0
8,-3,39,1,70,0
-4,-2,49,1,70,0
-1,4,49,1,70,0
-1,-3,53,1,70,0
-2,-6,59,1,70,0
6,-7,62,1,70,0
7,3,69,1,70,0
2,9,5,1,70,0
-3,7,14,1,70,0
-5,-6,21,1,70,0
-2,6,23,1,70,0
-1,-4,52,1,70,0
6,3,55,1,70,0
-5,-7,8,1,71,0
-8,-6,9,1,71,0
-3,8,9,1,71,0
2,-7,14,1,71,0
-2,7,18,1,71,0
5,3,51,1,71,0
-7,-3,29,1,71,0
-1,6,31,1,71,0
-4,-4,34,1,71,0
4,-3,64,1,71,0
-1,-5,66,1,71,0
-3,9,3,1,71,0
4,3,58,1,71,0
-7,-4,28,1,71,0
-4,-5,31,1,71,0
8,7,45,1,71,0
7,-3,46,1,71,0
-1,-6,61,1,71,0
5,-7,68,1,71,0
5,4,68,1,71,0
3,2,71,1,71,0
-8,5,2,1,71,0
3,3,68,1,71,0
-7,-5,21,1,71,0
-4,-6,24,1,71,0
8,-7,48,1,71,0
7,7,52,1,71,0
-3,0,66,1,71,0
5,5,69,1,71,0
1,-7,6,1,71,0
-7,5,9,1,71,0
-7,-6,14,1,71,0
2,3,67,1,71,0
-6,-3,38,1,71,0
-3,-4,42,1,71,0
6,7,58,1,71,0
4,5,66,1,71,0
-2,0,69,1,71,0
3,-3,69,1,71,0
-2,-1,69,1,71,0
1,-8,3,1,71,0
-4,-8,5,1,71,0
-6,5,15,1,71,0
1,3,26,1,71,0
6,-3,52,1,71,0
3,5,58,1,71,0
-2,-2,66,1,71,0
2,4,67,1,71,0
0,-5,69,1,71,0
4,-7,69,1,71,0
5,7,69,1,71,0
0,3,19,1,71,0
-5,5,21,1,71,0
-3,-6,45,1,71,0
-5,-2,48,1,71,0
3,6,51,1,71,0
7,-7,55,1,71,0
-2,-3,59,1,71,0
1,4,64,1,71,0
4,7,67,1,71,0
2,5,69,1,71,0
-2,3,8,1,71,0
2,-3,3,1,71,0
-6,-6,14,1,71,0
3,7,16,1,71,0
-3,-7,22,1,71,0
-4,5,27,1,71,0
-3,4,35,1,71,0
-5,-3,41,1,71,0
-2,-4,48,1,71,0
2,6,49,1,71,0
0,4,57,1,71,0
-9,-6,4,1,71,0
-3,-8,6,1,71,0
-1,3,14,1,71,0
-6,-7,9,1,71,0
3,8,13,1,71,0
3,-7,19,1,71,0
-3,5,33,1,71,0
-2,4,42,1,71,0
1,6,43,1,71,0
0,5,54,1,71,0
5,-3,58,1,71,0
-4,-1,59,1,71,0
8,3,64,1,71,0
2,8,6,1,71,0
0,6,37,1,71,0
8,-3,39,1,71,0
-4,-2,49,1,71,0
-1,4,49,1,71,0
-1,-3,53,1,71,0
-2,-6,59,1,71,0
6,-7,62,1,71,0
7,3,69,1,71,0
2,9,5,1,71,0
-3,7,14,1,71,0
-5,-6,21,1,71,0
-2,6,23,1,71,0
-1,-4,52,1,71,0
6,3,55,1,71,0
-5,-7,8,1,72,0
-8,-6,9,1,72,0
-3,8,9,1,72,0
2,-7,14,1,72,0
-2,7,18,1,72,0
5,3,51,1,72,0
-7,-3,29,1,72,0
-1,6,31,1,72,0
-4,-4,34,1,72,0
4,-3,64,1,72,0
-1,-5,66,1,72,0
-3,9,3,1,72,0
4,3,58,1,72,0
-7,-4,28,1,72,0
-4,-5,31,1,72,0
8,7,45,1,72,0
7,-3,46,1,72,0
-1,-6,61,1,72,0
5,-7,68,1,72,0
5,4,68,1,72,0
3,2,72,1,72,0
-8,5,2,1,72,0
3,3,68,1,72,0
-7,-5,21,1,72,0
-4,-6,24,1,72,0
8,-7,48,1,72,0
7,7,52,1,72,0
-3,0,66,1,72,0
5,5,71,1,72,0
1,-7,6,1,72,0
-7,5,9,1,72,0
-7,-6,14,1,72,0
2,3,67,1,72,0
-6,-3,38,1,72,0
-3,-4,42,1,72,0
6,7,58,1,72,0
4,5,66,1,72,0
-2,-1,69,1,72,0
-2,0,71,1,72,0
3,-3,71,1,72,0
1,-8,3,1,72,0
-4,-8,5,1,72,0
-6,5,15,1,72,0
1,3,26,1,72,0
6,-3,52,1,72,0
3,5,58,1,72,0
-2,-2,66,1,72,0
0,-5,71,1,72,0
4,-7,71,1,72,0
2,4,71,1,72,0
5,7,71,1,72,0
0,3,19,1,72,0
-5,5,21,1,72,0
-3,-6,45,1,72,0
-5,-2,48,1,72,0
3,6,51,1,72,0
7,-7,55,1,72,0
-2,-3,59,1,72,0
1,4,64,1,72,0
4,7,67,1,72,0
2,5,69,1,72,0
-2,3,8,1,72,0
2,-3,3,1,72,0
-6,-6,14,1,72,0
3,7,16,1,72,0
-3,-7,22,1,72,0
-4,5,27,1,72,0
-3,4,35,1,72,0
-5,-3,41,1,72,0
-2,-4,48,1,72,0
2,6,49,1,72,0
0,4,57,1,72,0
-9,-6,4,1,72,0
-3,-8,6,1,72,0
-1,3,14,1,72,0
-6,-7,9,1,72,0
3,8,13,1,72,0
3,-7,19,1,72,0
-3,5,33,1,72,0
-2,4,42,1,72,0
1,6,43,1,72,0
0,5,54,1,72,0
5,-3,58,1,72,0
-4,-1,59,1,72,0
8,3,64,1,72,0
2,8,6,1,72,0
0,6,37,1,72,0
8,-3,39,1,72,0
-4,-2,49,1,72,0
-1,4,49,1,72,0
-1,-3,53,1,72,0
-2,-6,59,1,72,0
6,-7,62,1,72,0
7,3,69,1,72,0
2,9,5,1,72,0
-3,7,14,1,72,0
-5,-6,21,1,72,0
-2,6,23,1,72,0
-1,-4,52,1,72,0
6,3,71,1,72,0
-5,-7,8,1,73,0
-8,-6,9,1,73,0
-3,8,9,1,73,0
2,-7,14,1,73,0
-2,7,18,1,73,0
5,3,51,1,73,0
-7,-3,29,1,73,0
-1,6,31,1,73,0
-4,-4,34,1,73,0
4,-3,64,1,73,0
-1,-5,66,1,73,0
-3,9,3,1,73,0
4,3,58,1,73,0
-7,-4,28,1,73,0
-4,-5,31,1,73,0
8,7,45,1,73,0
7,-3,46,1,73,0
-1,-6,61,1,73,0
5,-7,68,1,73,0
5,4,68,1,73,0
3,2,73,1,73,0
-8,5,2,1,73,0
3,3,68,1,73,0
-7,-5,21,1,73,0
-4,-6,24,1,73,0
8,-7,48,1,73,0
7,7,52,1,73,0
-3,0,66,1,73,0
5,5,72,1,73,0
1,-7,6,1,73,0
-7,5,9,1,73,0
-7,-6,14,1,73,0
2,3,67,1,73,0
-6,-3,38,1,73,0
-3,-4,42,1,73,0
6,7,58,1,73,0
4,5,66,1,73,0
-2,-1,69,1,73,0
3,-3,71,1,73,0
-2,0,72,1,73,0
1,-8,3,1,73,0
-4,-8,5,1,73,0
-6,5,15,1,73,0
1,3,26,1,73,0
6,-3,52,1,73,0
3,5,58,1,73,0
-2,-2,66,1,73,0
0,-5,72,1,73,0
4,-7,72,1,73,0
2,4,72,1,73,0
5,7,72,1,73,0
0,3,19,1,73,0
-5,5,21,1,73,0
-3,-6,45,1,73,0
-5,-2,48,1,73,0
3,6,51,1,73,0
7,-7,55,1,73,0
-2,-3,59,1,73,0
1,4,64,1,73,0
4,7,67,1,73,0
2,5,69,1,73,0
-2,3,8,1,73,0
-6,-6,14,1,73,0
3,7,16,1,73,0
-3,-7,22,1,73,0
-4,5,27,1,73,0
-3,4,35,1,73,0
-5,-3,41,1,73,0
-2,-4,48,1,73,0
2,6,49,1,73,0
0,4,57,1,73,0
-1,-1,71,1,73,0
2,-3,72,1,73,0
-9,-6,4,1,73,0
-3,-8,6,1,73,0
-1,3,14,1,73,0
-6,-7,9,1,73,0
3,8,13,1,73,0
3,-7,19,1,73,0
-3,5,33,1,73,0
-2,4,42,1,73,0
1,6,43,1,73,0
0,5,54,1,73,0
5,-3,58,1,73,0
-4,-1,59,1,73,0
8,3,64,1,73,0
2,8,6,1,73,0
0,6,37,1,73,0
8,-3,39,1,73,0
-4,-2,49,1,73,0
-1,4,49,1,73,0
-1,-3,53,1,73,0
-2,-6,59,1,73,0
6,-7,62,1,73,0
7,3,69,1,73,0
2,9,5,1,73,0
-3,7,14,1,73,0
-5,-6,21,1,73,0
-2,6,23,1,73,0
-1,-4,52,1,73,0
6,3,72,1,73,0
-5,-7,8,1,74,0
-8,-6,9,1,74,0
-3,8,9,1,74,0
2,-7,14,1,74,0
-2,7,18,1,74,0
5,3,51,1,74,0
-7,-3,29,1,74,0
-1,6,31,1,74,0
-4,-4,34,1,74,0
4,-3,64,1,74,0
-1,-5,66,1,74,0
-3,9,3,1,74,0
4,3,58,1,74,0
-7,-4,28,1,74,0
-4,-5,31,1,74,0
8,7,45,1,74,0
7,-3,46,1,74,0
-1,-6,61,1,74,0
5,-7,68,1,74,0
5,4,68,1,74,0
3,2,74,1,74,0
1,-5,73,1,74,0
-8,5,2,1,74,0
3,3,68,1,74,0
-7,-5,21,1,74,0
-4,-6,24,1,74,0
8,-7,48,1,74,0
7,7,52,1,74,0
-3,0,66,1,74,0
5,5,73,1,74,0
1,-7,6,1,74,0
-7,5,9,1,74,0
-7,-6,14,1,74,0
2,3,67,1,74,0
-6,-3,38,1,74,0
-3,-4,42,1,74,0
6,7,58,1,74,0
4,5,66,1,74,0
-2,-1,69,1,74,0
3,-3,71,1,74,0
-2,0,73,1,74,0
1,-8,3,1,74,0
-4,-8,5,1,74,0
-6,5,15,1,74,0
1,3,26,1,74,0
6,-3,52,1,74,0
3,5,58,1,74,0
-2,-2,66,1,74,0
0,-5,72,1,74,0
4,-7,73,1,74,0
2,4,73,1,74,0
5,7,73,1,74,0
0,3,19,1,74,0
-5,5,21,1,74,0
-3,-6,45,1,74,0
-5,-2,48,1,74,0
3,6,51,1,74,0
7,-7,55,1,74,0
-2,-3,59,1,74,0
1,4,64,1,74,0
4,7,67,1,74,0
2,5,69,1,74,0
-2,3,8,1,74,0
-6,-6,14,1,74,0
3,7,16,1,74,0
-3,-7,22,1,74,0
-4,5,27,1,74,0
-3,4,35,1,74,0
-5,-3,41,1,74,0
-2,-4,48,1,74,0
2,6,49,1,74,0
0,4,57,1,74,0
2,-3,73,1,74,0
-1,-1,73,1,74,0
-9,-6,4,1,74,0
-3,-8,6,1,74,0
-1,3,14,1,74,0
-6,-7,9,1,74,0
3,8,13,1,74,0
3,-7,19,1,74,0
-3,5,33,1,74,0
-2,4,42,1,74,0
1,6,43,1,74,0
0,5,54,1,74,0
5,-3,58,1,74,0
-4,-1,59,1,74,0
8,3,64,1,74,0
2,8,6,1,74,0
0,6,37,1,74,0
8,-3,39,1,74,0
-4,-2,49,1,74,0
-1,4,49,1,74,0
-1,-3,53,1,74,0
-2,-6,59,1,74,0
6,-7,62,1,74,0
7,3,69,1,74,0
2,9,5,1,74,0
-3,7,14,1,74,0
-5,-6,21,1,74,0
-2,6,23,1,74,0
-1,-4,52,1,74,0
6,3,73,1,74,0
-5,-7,8,1,75,0
-8,-6,9,1,75,0
-3,8,9,1,75,0
2,-7,14,1,75,0
-2,7,18,1,75,0
5,3,51,1,75,0
-7,-3,29,1,75,0
-1,6,31,1,75,0
-4,-4,34,1,75,0
4,-3,64,1,75,0
-1,-5,66,1,75,0
-3,9,3,1,75,0
4,3,58,1,75,0
-7,-4,28,1,75,0
-4,-5,31,1,75,0
8,7,45,1,75,0
7,-3,46,1,75,0
-1,-6,61,1,75,0
5,-7,68,1,75,0
5,4,68,1,75,0
3,2,75,1,75,0
1,-5,74,1,75,0
-8,5,2,1,75,0
3,3,68,1,75,0
-7,-5,21,1,75,0
-4,-6,24,1,75,0
8,-7,48,1,75,0
7,7,52,1,75,0
-3,0,66,1,75,0
5,5,74,1,75,0
1,-7,6,1,75,0
-7,5,9,1,75,0
-7,-6,14,1,75,0
2,3,67,1,75,0
-6,-3,38,1,75,0
-3,-4,42,1,75,0
6,7,58,1,75,0
4,5,66,1,75,0
-2,-1,69,1,75,0
3,-3,71,1,75,0
-2,0,74,1,75,0
1,-8,3,1,75,0
-4,-8,5,1,75,0
-6,5,15,1,75,0
1,3,26,1,75,0
6,-3,52,1,75,0
3,5,58,1,75,0
-2,-2,66,1,75,0
0,-5,72,1,75,0
2,4,73,1,75,0
4,-7,74,1,75,0
5,7,74,1,75,0
0,3,19,1,75,0
-5,5,21,1,75,0
-3,-6,45,1,75,0
-5,-2,48,1,75,0
3,6,51,1,75,0
7,-7,55,1,75,0
-2,-3,59,1,75,0
1,4,64,1,75,0
4,7,67,1,75,0
2,5,74,1,75,0
-2,3,8,1,75,0
-6,-6,14,1,75,0
3,7,16,1,75,0
-3,-7,22,1,75,0
-4,5,27,1,75,0
-3,4,35,1,75,0
-5,-3,41,1,75,0
-2,-4,48,1,75,0
2,6,49,1,75,0
0,4,57,1,75,0
2,-3,74,1,75,0
-1,-1,74,1,75,0
-9,-6,4,1,75,0
-3,-8,6,1,75,0
-1,3,14,1,75,0
-6,-7,9,1,75,0
3,8,13,1,75,0
3,-7,19,1,75,0
-3,5,33,1,75,0
-2,4,42,1,75,0
1,6,43,1,75,0
0,5,54,1,75,0
5,-3,58,1,75,0
-4,-1,59,1,75,0
8,3,64,1,75,0
2,8,6,1,75,0
0,6,37,1,75,0
8,-3,39,1,75,0
-4,-2,49,1,75,0
-1,4,49,1,75,0
-1,-3,53,1,75,0
-2,-6,59,1,75,0
6,-7,62,1,75,0
7,3,74,1,75,0
2,9,5,1,75,0
-3,7,14,1,75,0
-5,-6,21,1,75,0
-2,6,23,1,75,0
-1,-4,52,1,75,0
6,3,73,1,75,0
-5,-7,8,1,76,0
-8,-6,9,1,76,0
-3,8,9,1,76,0
2,-7,14,1,76,0
-2,7,18,1,76,0
5,3,51,1,76,0
-7,-3,29,1,76,0
-1,6,31,1,76,0
-4,-4,34,1,76,0
4,-3,64,1,76,0
-1,-5,66,1,76,0
-3,9,3,1,76,0
4,3,58,1,76,0
-7,-4,28,1,76,0
-4,-5,31,1,76,0
8,7,45,1,76,0
7,-3,46,1,76,0
-1,-6,61,1,76,0
5,-7,68,1,76,0
5,4,68,1,76,0
3,2,76,1,76,0
1,-5,75,1,76,0
6,5,75,1,76,0
-8,5,2,1,76,0
3,3,68,1,76,0
-7,-5,21,1,76,0
-4,-6,24,1,76,0
8,-7,48,1,76,0
7,7,52,1,76,0
-3,0,66,1,76,0
5,5,74,1,76,0
1,-7,6,1,76,0
-7,5,9,1,76,0
-7,-6,14,1,76,0
2,3,67,1,76,0
-6,-3,38,1,76,0
-3,-4,42,1,76,0
6,7,58,1,76,0
4,5,66,1,76,0
-2,-1,69,1,76,0
3,-3,71,1,76,0
-2,0,74,1,76,0
1,-8,3,1,76,0
-4,-8,5,1,76,0
-6,5,15,1,76,0
1,3,26,1,76,0
6,-3,52,1,76,0
3,5,58,1,76,0
-2,-2,66,1,76,0
0,-5,72,1,76,0
2,4,73,1,76,0
4,-7,74,1,76,0
-1,0,75,1,76,0
5,7,75,1,76,0
0,3,19,1,76,0
-5,5,21,1,76,0
-3,-6,45,1,76,0
-5,-2,48,1,76,0
3,6,51,1,76,0
7,-7,55,1,76,0
-2,-3,59,1,76,0
1,4,64,1,76,0
4,7,67,1,76,0
2,5,75,1,76,0
-2,3,8,1,76,0
-6,-6,14,1,76,0
3,7,16,1,76,0
-3,-7,22,1,76,0
-4,5,27,1,76,0
-3,4,35,1,76,0
-5,-3,41,1,76,0
-2,-4,48,1,76,0
2,6,49,1,76,0
0,4,57,1,76,0
2,-3,75,1,76,0
-1,-1,75,1,76,0
-9,-6,4,1,76,0
-3,-8,6,1,76,0
-1,3,14,1,76,0
-6,-7,9,1,76,0
3,8,13,1,76,0
-3,5,33,1,76,0
-2,4,42,1,76,0
1,6,43,1,76,0
0,5,54,1,76,0
5,-3,58,1,76,0
-4,-1,59,1,76,0
8,3,64,1,76,0
3,-7,75,1,76,0
2,8,6,1,76,0
0,6,37,1,76,0
8,-3,39,1,76,0
-4,-2,49,1,76,0
-1,4,49,1,76,0
-1,-3,53,1,76,0
-2,-6,59,1,76,0
6,-7,62,1,76,0
7,3,75,1,76,0
2,9,5,1,76,0
-3,7,14,1,76,0
-5,-6,21,1,76,0
-2,6,23,1,76,0
-1,-4,52,1,76,0
6,3,73,1,76,0
-5,-7,8,1,77,0
-8,-6,9,1,77,0
-3,8,9,1,77,0
2,-7,14,1,77,0
-2,7,18,1,77,0
5,3,51,1,77,0
-7,-3,29,1,77,0
-1,6,31,1,77,0
-4,-4,34,1,77,0
4,-3,64,1,77,0
-1,-5,66,1,77,0
0,-1,76,1,77,0
-3,9,3,1,77,0
4,3,58,1,77,0
-7,-4,28,1,77,0
-4,-5,31,1,77,0
8,7,45,1,77,0
7,-3,46,1,77,0
-1,-6,61,1,77,0
5,-7,68,1,77,0
5,4,68,1,77,0
3,2,77,1,77,0
1,-5,76,1,77,0
6,5,76,1,77,0
-8,5,2,1,77,0
3,3,68,1,77,0
-7,-5,21,1,77,0
-4,-6,24,1,77,0
8,-7,48,1,77,0
7,7,52,1,77,0
-3,0,66,1,77,0
5,5,74,1,77,0
1,-7,6,1,77,0
-7,5,9,1,77,0
-7,-6,14,1,77,0
2,3,67,1,77,0
-6,-3,38,1,77,0
-3,-4,42,1,77,0
6,7,58,1,77,0
4,5,66,1,77,0
-2,-1,69,1,77,0
3,-3,71,1,77,0
-2,0,74,1,77,0
1,-8,3,1,77,0
-4,-8,5,1,77,0
-6,5,15,1,77,0
1,3,26,1,77,0
6,-3,52,1,77,0
3,5,58,1,77,0
-2,-2,66,1,77,0
0,-5,72,1,77,0
2,4,73,1,77,0
4,-7,74,1,77,0
-1,0,75,1,77,0
5,7,76,1,77,0
0,3,19,1,77,0
-5,5,21,1,77,0
-3,-6,45,1,77,0
-5,-2,48,1,77,0
3,6,51,1,77,0
7,-7,55,1,77,0
-2,-3,59,1,77,0
1,4,64,1,77,0
4,7,67,1,77,0
-1,1,76,1,77,0
2,5,76,1,77,0
-2,3,8,1,77,0
-6,-6,14,1,77,0
3,7,16,1,77,0
-3,-7,22,1,77,0
-4,5,27,1,77,0
-3,4,35,1,77,0
-5,-3,41,1,77,0
-2,-4,48,1,77,0
2,6,49,1,77,0
0,4,57,1,77,0
-1,-1,75,1,77,0
2,-3,76,1,77,0
-9,-6,4,1,77,0
-3,-8,6,1,77,0
-1,3,14,1,77,0
-6,-7,9,1,77,0
3,8,13,1,77,0
-3,5,33,1,77,0
-2,4,42,1,77,0
1,6,43,1,77,0
0,5,54,1,77,0
5,-3,58,1,77,0
-4,-1,59,1,77,0
8,3,64,1,77,0
3,-7,76,1,77,0
2,8,6,1,77,0
0,6,37,1,77,0
8,-3,39,1,77,0
-4,-2,49,1,77,0
-1,4,49,1,77,0
-1,-3,53,1,77,0
-2,-6,59,1,77,0
6,-7,62,1,77,0
7,3,76,1,77,0
2,9,5,1,77,0
-3,7,14,1,77,0
-5,-6,21,1,77,0
-2,6,23,1,77,0
-1,-4,52,1,77,0
6,3,73,1,77,0
-5,-7,8,1,78,0
-8,-6,9,1,78,0
-3,8,9,1,78,0
2,-7,14,1,78,0
-2,7,18,1,78,0
5,3,51,1,78,0
-7,-3,29,1,78,0
-1,6,31,1,78,0
-4,-4,34,1,78,0
4,-3,64,1,78,0
-1,-5,66,1,78,0
0,-1,77,1,78,0
3,1,78,1,78,0
-3,9,3,1,78,0
4,3,58,1,78,0
-7,-4,28,1,78,0
-4,-5,31,1,78,0
8,7,45,1,78,0
7,-3,46,1,78,0
-1,-6,61,1,78,0
5,-7,68,1,78,0
5,4,68,1,78,0
3,2,77,1,78,0
1,-5,77,1,78,0
6,5,77,1,78,0
-8,5,2,1,78,0
3,3,68,1,78,0
-7,-5,21,1,78,0
-4,-6,24,1,78,0
8,-7,48,1,78,0
7,7,52,1,78,0
-3,0,66,1,78,0
5,5,74,1,78,0
1,-7,6,1,78,0
-7,5,9,1,78,0
-7,-6,14,1,78,0
2,3,67,1,78,0
-6,-3,38,1,78,0
-3,-4,42,1,78,0
4,5,66,1,78,0
-2,-1,69,1,78,0
3,-3,71,1,78,0
-2,0,74,1,78,0
6,7,77,1,78,0
1,-8,3,1,78,0
-4,-8,5,1,78,0
-6,5,15,1,78,0
1,3,26,1,78,0
6,-3,52,1,78,0
3,5,58,1,78,0
-2,-2,66,1,78,0
0,-5,72,1,78,0
2,4,73,1,78,0
4,-7,74,1,78,0
-1,0,75,1,78,0
5,7,76,1,78,0
0,3,19,1,78,0
-5,5,21,1,78,0
-3,-6,45,1,78,0
-5,-2,48,1,78,0
3,6,51,1,78,0
7,-7,55,1,78,0
-2,-3,59,1,78,0
1,4,64,1,78,0
4,7,67,1,78,0
-1,1,77,1,78,0
2,5,77,1,78,0
-2,3,8,1,78,0
-6,-6,14,1,78,0
3,7,16,1,78,0
-3,-7,22,1,78,0
-4,5,27,1,78,0
-3,4,35,1,78,0
-5,-3,41,1,78,0
-2,-4,48,1,78,0
2,6,49,1,78,0
0,4,57,1,78,0
-1,-1,75,1,78,0
2,-3,77,1,78,0
-9,-6,4,1,78,0
-3,-8,6,1,78,0
-1,3,14,1,78,0
-6,-7,9,1,78,0
3,8,13,1,78,0
-3,5,33,1,78,0
-2,4,42,1,78,0
1,6,43,1,78,0
0,5,54,1,78,0
5,-3,58,1,78,0
-4,-1,59,1,78,0
8,3,64,1,78,0
3,-7,77,1,78,0
2,8,6,1,78,0
0,6,37,1,78,0
8,-3,39,1,78,0
-4,-2,49,1,78,0
-1,4,49,1,78,0
-1,-3,53,1,78,0
-2,-6,59,1,78,0
6,-7,62,1,78,0
7,3,77,1,78,0
2,9,5,1,78,0
-3,7,14,1,78,0
-5,-6,21,1,78,0
-2,6,23,1,78,0
-1,-4,52,1,78,0
6,3,73,1,78,0
-5,-7,8,1,79,0
-8,-6,9,1,79,0
-3,8,9,1,79,0
2,-7,14,1,79,0
-2,7,18,1,79,0
5,3,51,1,79,0
-7,-3,29,1,79,0
-1,6,31,1,79,0
-4,-4,34,1,79,0
4,-3,64,1,79,0
-1,-5,66,1,79,0
3,1,79,1,79,0
0,-1,78,1,79,0
-3,9,3,1,79,0
4,3,58,1,79,0
-7,-4,28,1,79,0
-4,-5,31,1,79,0
8,7,45,1,79,0
7,-3,46,1,79,0
-1,-6,61,1,79,0
5,-7,68,1,79,0
5,4,68,1,79,0
3,2,77,1,79,0
1,-5,78,1,79,0
6,5,78,1,79,0
-8,5,2,1,79,0
3,3,68,1,79,0
-7,-5,21,1,79,0
-4,-6,24,1,79,0
8,-7,48,1,79,0
7,7,52,1,79,0
-3,0,66,1,79,0
5,5,74,1,79,0
1,-7,6,1,79,0
-7,5,9,1,79,0
-7,-6,14,1,79,0
2,3,67,1,79,0
-6,-3,38,1,79,0
-3,-4,42,1,79,0
4,5,66,1,79,0
-2,-1,69,1,79,0
3,-3,71,1,79,0
-2,0,74,1,79,0
6,7,78,1,79,0
1,-8,3,1,79,0
-4,-8,5,1,79,0
-6,5,15,1,79,0
1,3,26,1,79,0
6,-3,52,1,79,0
3,5,58,1,79,0
-2,-2,66,1,79,0
0,-5,72,1,79,0
2,4,73,1,79,0
4,-7,74,1,79,0
-1,0,75,1,79,0
5,7,76,1,79,0
0,3,19,1,79,0
-5,5,21,1,79,0
-3,-6,45,1,79,0
-5,-2,48,1,79,0
3,6,51,1,79,0
7,-7,55,1,79,0
-2,-3,59,1,79,0
1,4,64,1,79,0
4,7,67,1,79,0
-1,1,78,1,79,0
2,5,78,1,79,0
-2,3,8,1,79,0
-6,-6,14,1,79,0
3,7,16,1,79,0
-3,-7,22,1,79,0
-4,5,27,1,79,0
-3,4,35,1,79,0
-5,-3,41,1,79,0
-2,-4,48,1,79,0
2,6,49,1,79,0
0,4,57,1,79,0
-1,-1,75,1,79,0
2,-3,77,1,79,0
-9,-6,4,1,79,0
-3,-8,6,1,79,0
-1,3,14,1,79,0
-6,-7,9,1,79,0
3,8,13,1,79,0
-3,5,33,1,79,0
-2,4,42,1,79,0
1,6,43,1,79,0
0,5,54,1,79,0
5,-3,58,1,79,0
-4,-1,59,1,79,0
8,3,64,1,79,0
3,-7,78,1,79,0
2,8,6,1,79,0
0,6,37,1,79,0
8,-3,39,1,79,0
-4,-2,49,1,79,0
-1,4,49,1,79,0
-1,-3,53,1,79,0
-2,-6,59,1,79,0
6,-7,62,1,79,0
7,3,78,1,79,0
2,9,5,1,79,0
-3,7,14,1,79,0
-5,-6,21,1,79,0
-2,6,23,1,79,0
-1,-4,52,1,79,0
6,3,73,1,79,0
1,-3,78,1,79,0
-5,-7,8,1,80,0
-8,-6,9,1,80,0
-3,8,9,1,80,0
2,-7,14,1,80,0
-2,7,18,1,80,0
5,3,51,1,80,0
-7,-3,29,1,80,0
-1,6,31,1,80,0
-4,-4,34,1,80,0
4,-3,64,1,80,0
-1,-5,66,1,80,0
3,1,79,1,80,0
0,-1,79,1,80,0
-3,9,3,1,80,0
4,3,58,1,80,0
-7,-4,28,1,80,0
-4,-5,31,1,80,0
8,7,45,1,80,0
7,-3,46,1,80,0
-1,-6,61,1,80,0
5,-7,68,1,80,0
5,4,68,1,80,0
3,2,77,1,80,0
1,-5,79,1,80,0
6,5,79,1,80,0
-8,5,2,1,80,0
3,3,68,1,80,0
-7,-5,21,1,80,0
-4,-6,24,1,80,0
8,-7,48,1,80,0
7,7,52,1,80,0
-3,0,66,1,80,0
5,5,74,1,80,0
1,-7,6,1,80,0
-7,5,9,1,80,0
-7,-6,14,1,80,0
2,3,67,1,80,0
-6,-3,38,1,80,0
-3,-4,42,1,80,0
4,5,66,1,80,0
-2,-1,69,1,80,0
3,-3,71,1,80,0
-2,0,74,1,80,0
6,7,79,1,80,0
1,-8,3,1,80,0
-4,-8,5,1,80,0
-6,5,15,1,80,0
1,3,26,1,80,0
6,-3,52,1,80,0
3,5,58,1,80,0
-2,-2,66,1,80,0
0,-5,72,1,80,0
2,4,73,1,80,0
4,-7,74,1,80,0
-1,0,75,1,80,0
5,7,76,1,80,0
0,3,19,1,80,0
-5,5,21,1,80,0
-3,-6,45,1,80,0
-5,-2,48,1,80,0
3,6,51,1,80,0
7,-7,55,1,80,0
-2,-3,59,1,80,0
1,4,64,1,80,0
4,7,67,1,80,0
2,5,78,1,80,0
-1,1,79,1,80,0
-2,3,8,1,80,0
-6,-6,14,1,80,0
3,7,16,1,80,0
-3,-7,22,1,80,0
-4,5,27,1,80,0
-3,4,35,1,80,0
-5,-3,41,1,80,0
-2,-4,48,1,80,0
2,6,49,1,80,0
0,4,57,1,80,0
-1,-1,75,1,80,0
2,-3,77,1,80,0
1,5,79,1,80,0
-9,-6,4,1,80,0
-3,-8,6,1,80,0
-1,3,14,1,80,0
-6,-7,9,1,80,0
3,8,13,1,80,0
-3,5,33,1,80,0
-2,4,42,1,80,0
1,6,43,1,80,0
0,5,54,1,80,0
5,-3,58,1,80,0
-4,-1,59,1,80,0
8,3,64,1,80,0
3,-7,79,1,80,0
2,8,6,1,80,0
0,6,37,1,80,0
8,-3,39,1,80,0
-4,-2,49,1,80,0
-1,4,49,1,80,0
-1,-3,53,1,80,0
-2,-6,59,1,80,0
6,-7,62,1,80,0
7,3,79,1,80,0
2,9,5,1,80,0
-3,7,14,1,80,0
-5,-6,21,1,80,0
-2,6,23,1,80,0
-1,-4,52,1,80,0
6,3,73,1,80,0
1,-3,79,1,80,0
-5,-7,8,1,81,0
-8,-6,9,1,81,0
-3,8,9,1,81,0
2,-7,14,1,81,0
-2,7,18,1,81,0
5,3,51,1,81,0
-7,-3,29,1,81,0
-1,6,31,1,81,0
-4,-4,34,1,81,0
4,-3,64,1,81,0
-1,-5,66,1,81,0
3,1,81,1,81,0
0,-1,79,1,81,0
-3,9,3,1,81,0
4,3,58,1,81,0
-7,-4,28,1,81,0
-4,-5,31,1,81,0
8,7,45,1,81,0
7,-3,46,1,81,0
-1,-6,61,1,81,0
5,-7,68,1,81,0
5,4,68,1,81,0
3,2,77,1,81,0
1,-5,79,1,81,0
6,5,79,1,81,0
-8,5,2,1,81,0
3,3,68,1,81,0
-7,-5,21,1,81,0
-4,-6,24,1,81,0
8,-7,48,1,81,0
7,7,52,1,81,0
-3,0,66,1,81,0
5,5,74,1,81,0
1,-7,6,1,81,0
-7,5,9,1,81,0
-7,-6,14,1,81,0
2,3,67,1,81,0
-6,-3,38,1,81,0
-3,-4,42,1,81,0
4,5,66,1,81,0
-2,-1,69,1,81,0
3,-3,71,1,81,0
-2,0,74,1,81,0
6,7,79,1,81,0
1,-8,3,1,81,0
-4,-8,5,1,81,0
-6,5,15,1,81,0
1,3,26,1,81,0
6,-3,52,1,81,0
3,5,58,1,81,0
-2,-2,66,1,81,0
0,-5,72,1,81,0
2,4,73,1,81,0
4,-7,74,1,81,0
-1,0,75,1,81,0
5,7,76,1,81,0
0,3,19,1,81,0
-5,5,21,1,81,0
-3,-6,45,1,81,0
-5,-2,48,1,81,0
3,6,51,1,81,0
7,-7,55,1,81,0
-2,-3,59,1,81,0
1,4,64,1,81,0
4,7,67,1,81,0
2,5,78,1,81,0
-1,1,79,1,81,0
-2,3,8,1,81,0
-6,-6,14,1,81,0
3,7,16,1,81,0
-3,-7,22,1,81,0
-4,5,27,1,81,0
-3,4,35,1,81,0
-5,-3,41,1,81,0
-2,-4,48,1,81,0
2,6,49,1,81,0
0,4,57,1,81,0
-1,-1,75,1,81,0
2,-3,77,1,81,0
1,5,79,1,81,0
-9,-6,4,1,81,0
-3,-8,6,1,81,0
-1,3,14,1,81,0
-6,-7,9,1,81,0
3,8,13,1,81,0
-3,5,33,1,81,0
-2,4,42,1,81,0
1,6,43,1,81,0
0,5,54,1,81,0
5,-3,58,1,81,0
-4,-1,59,1,81,0
8,3,64,1,81,0
3,-7,79,1,81,0
2,8,6,1,81,0
0,6,37,1,81,0
8,-3,39,1,81,0
-4,-2,49,1,81,0
-1,4,49,1,81,0
-1,-3,53,1,81,0
-2,-6,59,1,81,0
6,-7,62,1,81,0
7,3,79,1,81,0
2,9,5,1,81,0
-3,7,14,1,81,0
-5,-6,21,1,81,0
-2,6,23,1,81,0
-1,-4,52,1,81,0
6,3,73,1,81,0
1,-3,79,1,81,0
-5,-7,8,1,82,0
-8,-6,9,1,82,0
-3,8,9,1,82,0
-2,7,18,1,82,0
5,3,51,1,82,0
-7,-3,29,1,82,0
-1,6,31,1,82,0
-4,-4,34,1,82,0
4,-3,64,1,82,0
-1,-5,66,1,82,0
3,1,82,1,82,0
2,-7,81,1,82,0
7,5,81,1,82,0
0,-1,81,1,82,0
-3,9,3,1,82,0
4,3,58,1,82,0
-7,-4,28,1,82,0
-4,-5,31,1,82,0
8,7,45,1,82,0
7,-3,46,1,82,0
-1,-6,61,1,82,0
5,-7,68,1,82,0
5,4,68,1,82,0
3,2,77,1,82,0
1,-5,79,1,82,0
6,5,79,1,82,0
-8,5,2,1,82,0
3,3,68,1,82,0
-7,-5,21,1,82,0
-4,-6,24,1,82,0
8,-7,48,1,82,0
7,7,52,1,82,0
-3,0,66,1,82,0
5,5,74,1,82,0
1,-7,6,1,82,0
-7,5,9,1,82,0
-7,-6,14,1,82,0
2,3,67,1,82,0
-6,-3,38,1,82,0
-3,-4,42,1,82,0
4,5,66,1,82,0
-2,-1,69,1,82,0
3,-3,71,1,82,0
-2,0,74,1,82,0
6,7,81,1,82,0
1,-8,3,1,82,0
-4,-8,5,1,82,0
-6,5,15,1,82,0
1,3,26,1,82,0
6,-3,52,1,82,0
3,5,58,1,82,0
-2,-2,66,1,82,0
0,-5,72,1,82,0
2,4,73,1,82,0
4,-7,74,1,82,0
-1,0,75,1,82,0
5,7,76,1,82,0
0,3,19,1,82,0
-5,5,21,1,82,0
-3,-6,45,1,82,0
-5,-2,48,1,82,0
3,6,51,1,82,0
7,-7,55,1,82,0
-2,-3,59,1,82,0
1,4,64,1,82,0
4,7,67,1,82,0
2,5,78,1,82,0
-1,1,81,1,82,0
-2,3,8,1,82,0
-6,-6,14,1,82,0
3,7,16,1,82,0
-3,-7,22,1,82,0
-4,5,27,1,82,0
-3,4,35,1,82,0
-5,-3,41,1,82,0
-2,-4,48,1,82,0
2,6,49,1,82,0
0,4,57,1,82,0
-1,-1,75,1,82,0
2,-3,77,1,82,0
1,5,81,1,82,0
-9,-6,4,1,82,0
-3,-8,6,1,82,0
-1,3,14,1,82,0
-6,-7,9,1,82,0
3,8,13,1,82,0
-3,5,33,1,82,0
-2,4,42,1,82,0
1,6,43,1,82,0
0,5,54,1,82,0
5,-3,58,1,82,0
-4,-1,59,1,82,0
3,-7,79,1,82,0
8,3,81,1,82,0
2,8,6,1,82,0
0,6,37,1,82,0
8,-3,39,1,82,0
-4,-2,49,1,82,0
-1,4,49,1,82,0
-1,-3,53,1,82,0
-2,-6,59,1,82,0
6,-7,62,1,82,0
7,3,79,1,82,0
2,-5,81,1,82,0
2,9,5,1,82,0
-3,7,14,1,82,0
-5,-6,21,1,82,0
-2,6,23,1,82,0
-1,-4,52,1,82,0
6,3,73,1,82,0
1,-3,81,1,82,0
-5,-7,8,1,83,0
-8,-6,9,1,83,0
-3,8,9,1,83,0
-2,7,18,1,83,0
5,3,51,1,83,0
-7,-3,29,1,83,0
-1,6,31,1,83,0
-4,-4,34,1,83,0
4,-3,64,1,83,0
-1,-5,66,1,83,0
3,1,83,1,83,0
0,-1,81,1,83,0
2,-7,82,1,83,0
7,5,82,1,83,0
-3,9,3,1,83,0
4,3,58,1,83,0
-7,-4,28,1,83,0
-4,-5,31,1,83,0
8,7,45,1,83,0
7,-3,46,1,83,0
-1,-6,61,1,83,0
5,-7,68,1,83,0
5,4,68,1,83,0
3,2,77,1,83,0
1,-5,79,1,83,0
6,5,79,1,83,0
0,-2,82,1,83,0
-8,5,2,1,83,0
3,3,68,1,83,0
-7,-5,21,1,83,0
-4,-6,24,1,83,0
8,-7,48,1,83,0
7,7,52,1,83,0
-3,0,66,1,83,0
5,5,74,1,83,0
1,-7,6,1,83,0
-7,5,9,1,83,0
-7,-6,14,1,83,0
2,3,67,1,83,0
-6,-3,38,1,83,0
-3,-4,42,1,83,0
4,5,66,1,83,0
-2,-1,69,1,83,0
3,-3,71,1,83,0
-2,0,74,1,83,0
6,7,82,1,83,0
1,-8,3,1,83,0
-4,-8,5,1,83,0
-6,5,15,1,83,0
1,3,26,1,83,0
6,-3,52,1,83,0
3,5,58,1,83,0
-2,-2,66,1,83,0
0,-5,72,1,83,0
2,4,73,1,83,0
4,-7,74,1,83,0
-1,0,75,1,83,0
5,7,76,1,83,0
0,3,19,1,83,0
-5,5,21,1,83,0
-3,-6,45,1,83,0
-5,-2,48,1,83,0
3,6,51,1,83,0
7,-7,55,1,83,0
-2,-3,59,1,83,0
1,4,64,1,83,0
4,7,67,1,83,0
2,5,78,1,83,0
-1,1,82,1,83,0
-2,3,8,1,83,0
-6,-6,14,1,83,0
3,7,16,1,83,0
-3,-7,22,1,83,0
-4,5,27,1,83,0
-3,4,35,1,83,0
-5,-3,41,1,83,0
-2,-4,48,1,83,0
2,6,49,1,83,0
0,4,57,1,83,0
-1,-1,75,1,83,0
2,-3,77,1,83,0
1,5,82,1,83,0
-9,-6,4,1,83,0
-3,-8,6,1,83,0
-1,3,14,1,83,0
-6,-7,9,1,83,0
3,8,13,1,83,0
-3,5,33,1,83,0
-2,4,42,1,83,0
1,6,43,1,83,0
0,5,54,1,83,0
5,-3,58,1,83,0
-4,-1,59,1,83,0
3,-7,79,1,83,0
8,3,82,1,83,0
2,8,6,1,83,0
0,6,37,1,83,0
8,-3,39,1,83,0
-4,-2,49,1,83,0
-1,4,49,1,83,0
-1,-3,53,1,83,0
-2,-6,59,1,83,0
6,-7,62,1,83,0
7,3,79,1,83,0
2,-5,82,1,83,0
2,9,5,1,83,0
-3,7,14,1,83,0
-5,-6,21,1,83,0
-2,6,23,1,83,0
-1,-4,52,1,83,0
6,3,73,1,83,0
1,-3,82,1,83,0
-5,-7,8,1,84,0
-8,-6,9,1,84,0
-3,8,9,1,84,0
-2,7,18,1,84,0
5,3,51,1,84,0
-7,-3,29,1,84,0
-1,6,31,1,84,0
-4,-4,34,1,84,0
4,-3,64,1,84,0
-1,-5,66,1,84,0
3,1,83,1,84,0
0,-1,81,1,84,0
2,-7,82,1,84,0
7,5,83,1,84,0
-3,9,3,1,84,0
4,3,58,1,84,0
-7,-4,28,1,84,0
-4,-5,31,1,84,0
8,7,45,1,84,0
7,-3,46,1,84,0
-1,-6,61,1,84,0
5,-7,68,1,84,0
5,4,68,1,84,0
3,2,77,1,84,0
1,-5,79,1,84,0
6,5,79,1,84,0
0,-2,82,1,84,0
-8,5,2,1,84,0
3,3,68,1,84,0
-7,-5,21,1,84,0
-4,-6,24,1,84,0
8,-7,48,1,84,0
7,7,52,1,84,0
-3,0,66,1,84,0
5,5,74,1,84,0
1,-7,6,1,84,0
-7,5,9,1,84,0
-7,-6,14,1,84,0
2,3,67,1,84,0
-6,-3,38,1,84,0
-3,-4,42,1,84,0
4,5,66,1,84,0
-2,-1,69,1,84,0
3,-3,71,1,84,0
-2,0,74,1,84,0
6,7,83,1,84,0
1,-8,3,1,84,0
-4,-8,5,1,84,0
-6,5,15,1,84,0
1,3,26,1,84,0
6,-3,52,1,84,0
3,5,58,1,84,0
-2,-2,66,1,84,0
0,-5,72,1,84,0
2,4,73,1,84,0
4,-7,74,1,84,0
-1,0,75,1,84,0
5,7,76,1,84,0
0,3,19,1,84,0
-5,5,21,1,84,0
-3,-6,45,1,84,0
-5,-2,48,1,84,0
3,6,51,1,84,0
7,-7,55,1,84,0
-2,-3,59,1,84,0
1,4,64,1,84,0
4,7,67,1,84,0
2,5,78,1,84,0
-1,1,83,1,84,0
-2,3,8,1,84,0
-6,-6,14,1,84,0
3,7,16,1,84,0
-3,-7,22,1,84,0
-4,5,27,1,84,0
-3,4,35,1,84,0
-5,-3,41,1,84,0
-2,-4,48,1,84,0
2,6,49,1,84,0
0,4,57,1,84,0
-1,-1,75,1,84,0
2,-3,77,1,84,0
1,5,83,1,84,0
-9,-6,4,1,84,0
-3,-8,6,1,84,0
-1,3,14,1,84,0
-6,-7,9,1,84,0
3,8,13,1,84,0
-3,5,33,1,84,0
-2,4,42,1,84,0
1,6,43,1,84,0
0,5,54,1,84,0
5,-3,58,1,84,0
-4,-1,59,1,84,0
3,-7,79,1,84,0
8,3,83,1,84,0
2,8,6,1,84,0
0,6,37,1,84,0
8,-3,39,1,84,0
-4,-2,49,1,84,0
-1,4,49,1,84,0
-1,-3,53,1,84,0
-2,-6,59,1,84,0
6,-7,62,1,84,0
7,3,79,1,84,0
2,-5,83,1,84,0
1,-2,83,1,84,0
2,9,5,1,84,0
-3,7,14,1,84,0
-5,-6,21,1,84,0
-2,6,23,1,84,0
-1,-4,52,1,84,0
6,3,73,1,84,0
1,-3,83,1,84,0
4,1,84,1,84,0
-5,-7,8,1,85,0
-8,-6,9,1,85,0
-3,8,9,1,85,0
-2,7,18,1,85,0
5,3,51,1,85,0
-7,-3,29,1,85,0
-1,6,31,1,85,0
-4,-4,34,1,85,0
4,-3,64,1,85,0
-1,-5,66,1,85,0
3,1,83,1,85,0
0,-1,81,1,85,0
2,-7,84,1,85,0
7,5,84,1,85,0
-3,9,3,1,85,0
4,3,58,1,85,0
-7,-4,28,1,85,0
-4,-5,31,1,85,0
8,7,45,1,85,0
7,-3,46,1,85,0
-1,-6,61,1,85,0
5,-7,68,1,85,0
5,4,68,1,85,0
3,2,77,1,85,0
1,-5,79,1,85,0
6,5,79,1,85,0
0,-2,82,1,85,0
-8,5,2,1,85,0
3,3,68,1,85,0
-7,-5,21,1,85,0
-4,-6,24,1,85,0
8,-7,48,1,85,0
-3,0,66,1,85,0
5,5,74,1,85,0
7,7,84,1,85,0
1,-7,6,1,85,0
-7,5,9,1,85,0
-7,-6,14,1,85,0
2,3,67,1,85,0
-6,-3,38,1,85,0
-3,-4,42,1,85,0
4,5,66,1,85,0
-2,-1,69,1,85,0
3,-3,71,1,85,0
-2,0,74,1,85,0
6,7,83,1,85,0
1,-8,3,1,85,0
-4,-8,5,1,85,0
-6,5,15,1,85,0
1,3,26,1,85,0
6,-3,52,1,85,0
3,5,58,1,85,0
-2,-2,66,1,85,0
0,-5,72,1,85,0
2,4,73,1,85,0
4,-7,74,1,85,0
-1,0,75,1,85,0
5,7,76,1,85,0
0,3,19,1,85,0
-5,5,21,1,85,0
-3,-6,45,1,85,0
-5,-2,48,1,85,0
3,6,51,1,85,0
7,-7,55,1,85,0
-2,-3,59,1,85,0
1,4,64,1,85,0
4,7,67,1,85,0
2,5,78,1,85,0
-1,1,84,1,85,0
-2,3,8,1,85,0
-6,-6,14,1,85,0
3,7,16,1,85,0
-3,-7,22,1,85,0
-4,5,27,1,85,0
-3,4,35,1,85,0
-5,-3,41,1,85,0
-2,-4,48,1,85,0
2,6,49,1,85,0
0,4,57,1,85,0
-1,-1,75,1,85,0
2,-3,77,1,85,0
1,5,84,1,85,0
-9,-6,4,1,85,0
-3,-8,6,1,85,0
-1,3,14,1,85,0
-6,-7,9,1,85,0
3,8,13,1,85,0
-3,5,33,1,85,0
-2,4,42,1,85,0
1,6,43,1,85,0
0,5,54,1,85,0
5,-3,58,1,85,0
-4,-1,59,1,85,0
3,-7,79,1,85,0
8,3,84,1,85,0
2,8,6,1,85,0
0,6,37,1,85,0
8,-3,39,1,85,0
-4,-2,49,1,85,0
-1,4,49,1,85,0
-1,-3,53,1,85,0
-2,-6,59,1,85,0
6,-7,62,1,85,0
7,3,79,1,85,0
2,-5,84,1,85,0
1,-2,84,1,85,0
4,0,85,1,85,0
2,9,5,1,85,0
-3,7,14,1,85,0
-5,-6,21,1,85,0
-2,6,23,1,85,0
-1,-4,52,1,85,0
6,3,73,1,85,0
4,1,84,1,85,0
1,-3,84,1,85,0
-5,-7,8,1,86,0
-8,-6,9,1,86,0
-3,8,9,1,86,0
-2,7,18,1,86,0
5,3,51,1,86,0
-7,-3,29,1,86,0
-1,6,31,1,86,0
-4,-4,34,1,86,0
4,-3,64,1,86,0
-1,-5,66,1,86,0
3,1,83,1,86,0
0,-1,81,1,86,0
2,-7,85,1,86,0
7,5,85,1,86,0
-3,9,3,1,86,0
4,3,58,1,86,0
-7,-4,28,1,86,0
-4,-5,31,1,86,0
8,7,45,1,86,0
7,-3,46,1,86,0
-1,-6,61,1,86,0
5,-7,68,1,86,0
5,4,68,1,86,0
3,2,77,1,86,0
1,-5,79,1,86,0
6,5,79,1,86,0
0,-2,82,1,86,0
-8,5,2,1,86,0
3,3,68,1,86,0
-7,-5,21,1,86,0
-4,-6,24,1,86,0
8,-7,48,1,86,0
-3,0,66,1,86,0
5,5,74,1,86,0
7,7,85,1,86,0
1,-7,6,1,86,0
-7,5,9,1,86,0
-7,-6,14,1,86,0
2,3,67,1,86,0
-6,-3,38,1,86,0
-3,-4,42,1,86,0
4,5,66,1,86,0
-2,-1,69,1,86,0
3,-3,71,1,86,0
-2,0,74,1,86,0
6,7,83,1,86,0
1,-8,3,1,86,0
-4,-8,5,1,86,0
-6,5,15,1,86,0
1,3,26,1,86,0
6,-3,52,1,86,0
3,5,58,1,86,0
-2,-2,66,1,86,0
0,-5,72,1,86,0
2,4,73,1,86,0
4,-7,74,1,86,0
-1,0,75,1,86,0
5,7,76,1,86,0
0,2,85,1,86,0
0,3,19,1,86,0
-5,5,21,1,86,0
-3,-6,45,1,86,0
-5,-2,48,1,86,0
3,6,51,1,86,0
7,-7,55,1,86,0
-2,-3,59,1,86,0
1,4,64,1,86,0
4,7,67,1,86,0
2,5,78,1,86,0
-1,1,84,1,86,0
-2,3,8,1,86,0
-6,-6,14,1,86,0
3,7,16,1,86,0
-3,-7,22,1,86,0
-4,5,27,1,86,0
-3,4,35,1,86,0
-5,-3,41,1,86,0
-2,-4,48,1,86,0
2,6,49,1,86,0
0,4,57,1,86,0
-1,-1,75,1,86,0
2,-3,77,1,86,0
1,5,85,1,86,0
-9,-6,4,1,86,0
-3,-8,6,1,86,0
-1,3,14,1,86,0
-6,-7,9,1,86,0
3,8,13,1,86,0
-3,5,33,1,86,0
-2,4,42,1,86,0
1,6,43,1,86,0
0,5,54,1,86,0
5,-3,58,1,86,0
-4,-1,59,1,86,0
3,-7,79,1,86,0
8,3,84,1,86,0
2,8,6,1,86,0
0,6,37,1,86,0
8,-3,39,1,86,0
-4,-2,49,1,86,0
-1,4,49,1,86,0
-1,-3,53,1,86,0
-2,-6,59,1,86,0
6,-7,62,1,86,0
4,0,86,1,86,0
2,-5,85,1,86,0
7,3,85,1,86,0
1,-2,85,1,86,0
2,9,5,1,86,0
-3,7,14,1,86,0
-5,-6,21,1,86,0
-2,6,23,1,86,0
-1,-4,52,1,86,0
6,3,73,1,86,0
4,1,84,1,86,0
1,-3,85,1,86,0
-5,-7,8,1,87,0
-8,-6,9,1,87,0
-3,8,9,1,87,0
-2,7,18,1,87,0
5,3,51,1,87,0
-7,-3,29,1,87,0
-1,6,31,1,87,0
-4,-4,34,1,87,0
4,-3,64,1,87,0
-1,-5,66,1,87,0
3,1,83,1,87,0
0,-1,81,1,87,0
2,-7,86,1,87,0
7,5,86,1,87,0
-3,9,3,1,87,0
4,3,58,1,87,0
-7,-4,28,1,87,0
-4,-5,31,1,87,0
8,7,45,1,87,0
7,-3,46,1,87,0
-1,-6,61,1,87,0
5,-7,68,1,87,0
5,4,68,1,87,0
3,2,77,1,87,0
1,-5,79,1,87,0
6,5,79,1,87,0
0,-2,82,1,87,0
-8,5,2,1,87,0
3,3,68,1,87,0
-7,-5,21,1,87,0
-4,-6,24,1,87,0
8,-7,48,1,87,0
-3,0,66,1,87,0
5,5,74,1,87,0
7,7,86,1,87,0
1,-7,6,1,87,0
-7,5,9,1,87,0
-7,-6,14,1,87,0
2,3,67,1,87,0
-6,-3,38,1,87,0
-3,-4,42,1,87,0
4,5,66,1,87,0
-2,-1,69,1,87,0
3,-3,71,1,87,0
-2,0,74,1,87,0
6,7,83,1,87,0
1,-8,3,1,87,0
-4,-8,5,1,87,0
-6,5,15,1,87,0
1,3,26,1,87,0
6,-3,52,1,87,0
3,5,58,1,87,0
-2,-2,66,1,87,0
0,-5,72,1,87,0
2,4,73,1,87,0
4,-7,74,1,87,0
-1,0,75,1,87,0
5,7,76,1,87,0
0,2,86,1,87,0
0,3,19,1,87,0
-5,5,21,1,87,0
-3,-6,45,1,87,0
-5,-2,48,1,87,0
3,6,51,1,87,0
7,-7,55,1,87,0
-2,-3,59,1,87,0
1,4,64,1,87,0
4,7,67,1,87,0
2,5,78,1,87,0
-1,1,84,1,87,0
3,-5,86,1,87,0
-2,3,8,1,87,0
-6,-6,14,1,87,0
3,7,16,1,87,0
-3,-7,22,1,87,0
-4,5,27,1,87,0
-3,4,35,1,87,0
-5,-3,41,1,87,0
-2,-4,48,1,87,0
2,6,49,1,87,0
0,4,57,1,87,0
-1,-1,75,1,87,0
2,-3,77,1,87,0
1,5,85,1,87,0
-9,-6,4,1,87,0
-3,-8,6,1,87,0
-1,3,14,1,87,0
-6,-7,9,1,87,0
3,8,13,1,87,0
-3,5,33,1,87,0
-2,4,42,1,87,0
0,5,54,1,87,0
5,-3,58,1,87,0
-4,-1,59,1,87,0
3,-7,79,1,87,0
8,3,84,1,87,0
1,6,86,1,87,0
2,8,6,1,87,0
0,6,37,1,87,0
8,-3,39,1,87,0
-4,-2,49,1,87,0
-1,4,49,1,87,0
-1,-3,53,1,87,0
-2,-6,59,1,87,0
6,-7,62,1,87,0
4,0,87,1,87,0
2,-5,85,1,87,0
7,3,86,1,87,0
1,-2,86,1,87,0
2,9,5,1,87,0
-3,7,14,1,87,0
-5,-6,21,1,87,0
-2,6,23,1,87,0
-1,-4,52,1,87,0
6,3,73,1,87,0
4,1,84,1,87,0
1,-3,86,1,87,0
-5,-7,8,1,88,0
-8,-6,9,1,88,0
-3,8,9,1,88,0
-2,7,18,1,88,0
5,3,51,1,88,0
-7,-3,29,1,88,0
-1,6,31,1,88,0
-4,-4,34,1,88,0
4,-3,64,1,88,0
-1,-5,66,1,88,0
3,1,83,1,88,0
0,-1,81,1,88,0
2,-7,87,1,88,0
7,5,87,1,88,0
-3,9,3,1,88,0
4,3,58,1,88,0
-7,-4,28,1,88,0
-4,-5,31,1,88,0
8,7,45,1,88,0
7,-3,46,1,88,0
-1,-6,61,1,88,0
5,-7,68,1,88,0
5,4,68,1,88,0
3,2,77,1,88,0
1,-5,79,1,88,0
6,5,79,1,88,0
0,-2,82,1,88,0
-8,5,2,1,88,0
3,3,68,1,88,0
-7,-5,21,1,88,0
-4,-6,24,1,88,0
8,-7,48,1,88,0
-3,0,66,1,88,0
5,5,74,1,88,0
7,7,87,1,88,0
1,-7,6,1,88,0
-7,5,9,1,88,0
-7,-6,14,1,88,0
2,3,67,1,88,0
-6,-3,38,1,88,0
-3,-4,42,1,88,0
4,5,66,1,88,0
-2,-1,69,1,88,0
3,-3,71,1,88,0
-2,0,74,1,88,0
6,7,83,1,88,0
1,-8,3,1,88,0
-4,-8,5,1,88,0
-6,5,15,1,88,0
1,3,26,1,88,0
6,-3,52,1,88,0
3,5,58,1,88,0
-2,-2,66,1,88,0
0,-5,72,1,88,0
2,4,73,1,88,0
4,-7,74,1,88,0
-1,0,75,1,88,0
5,7,76,1,88,0
0,2,87,1,88,0
0,3,19,1,88,0
-5,5,21,1,88,0
-3,-6,45,1,88,0
-5,-2,48,1,88,0
3,6,51,1,88,0
7,-7,55,1,88,0
-2,-3,59,1,88,0
1,4,64,1,88,0
4,7,67,1,88,0
2,5,78,1,88,0
-1,1,84,1,88,0
3,-5,87,1,88,0
-2,3,8,1,88,0
-6,-6,14,1,88,0
3,7,16,1,88,0
-3,-7,22,1,88,0
-4,5,27,1,88,0
-3,4,35,1,88,0
-5,-3,41,1,88,0
-2,-4,48,1,88,0
2,6,49,1,88,0
0,4,57,1,88,0
-1,-1,75,1,88,0
2,-3,77,1,88,0
1,5,85,1,88,0
-9,-6,4,1,88,0
-3,-8,6,1,88,0
-1,3,14,1,88,0
-6,-7,9,1,88,0
3,8,13,1,88,0
-3,5,33,1,88,0
-2,4,42,1,88,0
0,5,54,1,88,0
5,-3,58,1,88,0
-4,-1,59,1,88,0
3,-7,79,1,88,0
8,3,84,1,88,0
1,6,87,1,88,0
2,8,6,1,88,0
0,6,37,1,88,0
8,-3,39,1,88,0
-4,-2,49,1,88,0
-1,4,49,1,88,0
-1,-3,53,1,88,0
-2,-6,59,1,88,0
6,-7,62,1,88,0
4,0,88,1,88,0
2,-5,85,1,88,0
7,3,87,1,88,0
1,-2,87,1,88,0
2,9,5,1,88,0
-3,7,14,1,88,0
-5,-6,21,1,88,0
-2,6,23,1,88,0
-1,-4,52,1,88,0
6,3,73,1,88,0
4,1,84,1,88,0
1,-3,87,1,88,0
-5,-7,8,1,89,0
-8,-6,9,1,89,0
-3,8,9,1,89,0
-2,7,18,1,89,0
5,3,51,1,89,0
-7,-3,29,1,89,0
-1,6,31,1,89,0
-4,-4,34,1,89,0
4,-3,64,1,89,0
-1,-5,66,1,89,0
3,1,83,1,89,0
0,-1,81,1,89,0
2,-7,87,1,89,0
7,5,87,1,89,0
1,-4,88,1,89,0
-3,9,3,1,89,0
4,3,58,1,89,0
-7,-4,28,1,89,0
-4,-5,31,1,89,0
8,7,45,1,89,0
7,-3,46,1,89,0
-1,-6,61,1,89,0
5,-7,68,1,89,0
5,4,68,1,89,0
3,2,77,1,89,0
1,-5,79,1,89,0
6,5,79,1,89,0
0,-2,82,1,89,0
-8,5,2,1,89,0
3,3,68,1,89,0
-7,-5,21,1,89,0
-4,-6,24,1,89,0
8,-7,48,1,89,0
-3,0,66,1,89,0
5,5,74,1,89,0
7,7,88,1,89,0
-7,5,9,1,89,0
-7,-6,14,1,89,0
2,3,67,1,89,0
-6,-3,38,1,89,0
-3,-4,42,1,89,0
4,5,66,1,89,0
-2,-1,69,1,89,0
3,-3,71,1,89,0
-2,0,74,1,89,0
6,7,83,1,89,0
1,-7,88,1,89,0
1,-8,3,1,89,0
-4,-8,5,1,89,0
-6,5,15,1,89,0
1,3,26,1,89,0
6,-3,52,1,89,0
3,5,58,1,89,0
-2,-2,66,1,89,0
0,-5,72,1,89,0
2,4,73,1,89,0
4,-7,74,1,89,0
-1,0,75,1,89,0
5,7,76,1,89,0
0,2,88,1,89,0
0,3,19,1,89,0
-5,5,21,1,89,0
-3,-6,45,1,89,0
-5,-2,48,1,89,0
3,6,51,1,89,0
7,-7,55,1,89,0
-2,-3,59,1,89,0
1,4,64,1,89,0
4,7,67,1,89,0
2,5,78,1,89,0
-1,1,84,1,89,0
3,-5,88,1,89,0
-2,3,8,1,89,0
-6,-6,14,1,89,0
3,7,16,1,89,0
-3,-7,22,1,89,0
-4,5,27,1,89,0
-3,4,35,1,89,0
-5,-3,41,1,89,0
-2,-4,48,1,89,0
2,6,49,1,89,0
0,4,57,1,89,0
-1,-1,75,1,89,0
2,-3,77,1,89,0
1,5,85,1,89,0
-9,-6,4,1,89,0
-3,-8,6,1,89,0
-1,3,14,1,89,0
-6,-7,9,1,89,0
3,8,13,1,89,0
-3,5,33,1,89,0
-2,4,42,1,89,0
0,5,54,1,89,0
5,-3,58,1,89,0
-4,-1,59,1,89,0
3,-7,79,1,89,0
8,3,84,1,89,0
1,6,88,1,89,0
2,8,6,1,89,0
0,6,37,1,89,0
8,-3,39,1,89,0
-4,-2,49,1,89,0
-1,4,49,1,89,0
-1,-3,53,1,89,0
-2,-6,59,1,89,0
6,-7,62,1,89,0
4,0,89,1,89,0
2,-5,85,1,89,0
7,3,88,1,89,0
1,-2,88,1,89,0
2,9,5,1,89,0
-3,7,14,1,89,0
-5,-6,21,1,89,0
-2,6,23,1,89,0
-1,-4,52,1,89,0
6,3,73,1,89,0
4,1,84,1,89,0
1,-3,87,1,89,0
8,5,88,1,89,0
-5,-7,8,1,90,0
-8,-6,9,1,90,0
-3,8,9,1,90,0
-2,7,18,1,90,0
5,3,51,1,90,0
-7,-3,29,1,90,0
-1,6,31,1,90,0
-4,-4,34,1,90,0
4,-3,64,1,90,0
-1,-5,66,1,90,0
3,1,83,1,90,0
0,-1,81,1,90,0
2,-7,87,1,90,0
7,5,87,1,90,0
1,-4,89,1,90,0
-3,9,3,1,90,0
4,3,58,1,90,0
-7,-4,28,1,90,0
-4,-5,31,1,90,0
8,7,45,1,90,0
7,-3,46,1,90,0
-1,-6,61,1,90,0
5,-7,68,1,90,0
5,4,68,1,90,0
3,2,77,1,90,0
1,-5,79,1,90,0
6,5,79,1,90,0
0,-2,82,1,90,0
-8,5,2,1,90,0
3,3,68,1,90,0
-7,-5,21,1,90,0
-4,-6,24,1,90,0
8,-7,48,1,90,0
-3,0,66,1,90,0
5,5,74,1,90,0
7,7,89,1,90,0
-7,5,9,1,90,0
-7,-6,14,1,90,0
2,3,67,1,90,0
-6,-3,38,1,90,0
-3,-4,42,1,90,0
4,5,66,1,90,0
-2,-1,69,1,90,0
3,-3,71,1,90,0
-2,0,74,1,90,0
6,7,83,1,90,0
1,-7,89,1,90,0
1,-8,3,1,90,0
-4,-8,5,1,90,0
-6,5,15,1,90,0
1,3,26,1,90,0
6,-3,52,1,90,0
3,5,58,1,90,0
-2,-2,66,1,90,0
0,-5,72,1,90,0
2,4,73,1,90,0
4,-7,74,1,90,0
-1,0,75,1,90,0
5,7,76,1,90,0
0,2,89,1,90,0
0,3,19,1,90,0
-5,5,21,1,90,0
-3,-6,45,1,90,0
-5,-2,48,1,90,0
3,6,51,1,90,0
7,-7,55,1,90,0
-2,-3,59,1,90,0
1,4,64,1,90,0
4,7,67,1,90,0
2,5,78,1,90,0
-1,1,84,1,90,0
3,-5,89,1,90,0
-2,3,8,1,90,0
-6,-6,14,1,90,0
3,7,16,1,90,0
-3,-7,22,1,90,0
-4,5,27,1,90,0
-3,4,35,1,90,0
-5,-3,41,1,90,0
-2,-4,48,1,90,0
2,6,49,1,90,0
0,4,57,1,90,0
-1,-1,75,1,90,0
2,-3,77,1,90,0
1,5,85,1,90,0
-9,-6,4,1,90,0
-3,-8,6,1,90,0
-1,3,14,1,90,0
-6,-7,9,1,90,0
3,8,13,1,90,0
-3,5,33,1,90,0
-2,4,42,1,90,0
0,5,54,1,90,0
5,-3,58,1,90,0
-4,-1,59,1,90,0
3,-7,79,1,90,0
8,3,84,1,90,0
1,6,89,1,90,0
1,-1,89,1,90,0
2,8,6,1,90,0
0,6,37,1,90,0
8,-3,39,1,90,0
-4,-2,49,1,90,0
-1,4,49,1,90,0
-1,-3,53,1,90,0
-2,-6,59,1,90,0
6,-7,62,1,90,0
4,0,89,1,90,0
2,-5,85,1,90,0
1,-2,88,1,90,0
7,3,89,1,90,0
2,9,5,1,90,0
-3,7,14,1,90,0
-5,-6,21,1,90,0
-2,6,23,1,90,0
-1,-4,52,1,90,0
6,3,73,1,90,0
4,1,84,1,90,0
1,-3,87,1,90,0
8,5,89,1,90,0
-5,-7,8,1,91,0
-8,-6,9,1,91,0
-3,8,9,1,91,0
-2,7,18,1,91,0
5,3,51,1,91,0
-7,-3,29,1,91,0
-1,6,31,1,91,0
-4,-4,34,1,91,0
4,-3,64,1,91,0
-1,-5,66,1,91,0
3,1,83,1,91,0
0,-1,81,1,91,0
2,-7,87,1,91,0
7,5,87,1,91,0
1,-4,89,1,91,0
-3,9,3,1,91,0
4,3,58,1,91,0
-7,-4,28,1,91,0
-4,-5,31,1,91,0
8,7,45,1,91,0
7,-3,46,1,91,0
-1,-6,61,1,91,0
5,-7,68,1,91,0
5,4,68,1,91,0
3,2,77,1,91,0
1,-5,79,1,91,0
6,5,79,1,91,0
0,-2,82,1,91,0
-8,5,2,1,91,0
3,3,68,1,91,0
-7,-5,21,1,91,0
-4,-6,24,1,91,0
8,-7,48,1,91,0
-3,0,66,1,91,0
5,5,74,1,91,0
7,7,89,1,91,0
-7,5,9,1,91,0
-7,-6,14,1,91,0
2,3,67,1,91,0
-6,-3,38,1,91,0
-3,-4,42,1,91,0
4,5,66,1,91,0
-2,-1,69,1,91,0
3,-3,71,1,91,0
-2,0,74,1,91,0
6,7,83,1,91,0
1,-7,89,1,91,0
1,-8,3,1,91,0
-4,-8,5,1,91,0
-6,5,15,1,91,0
1,3,26,1,91,0
6,-3,52,1,91,0
3,5,58,1,91,0
-2,-2,66,1,91,0
0,-5,72,1,91,0
2,4,73,1,91,0
4,-7,74,1,91,0
-1,0,75,1,91,0
5,7,76,1,91,0
0,2,89,1,91,0
0,3,19,1,91,0
-5,5,21,1,91,0
-3,-6,45,1,91,0
-5,-2,48,1,91,0
3,6,51,1,91,0
7,-7,55,1,91,0
-2,-3,59,1,91,0
1,4,64,1,91,0
4,7,67,1,91,0
2,5,78,1,91,0
-1,1,84,1,91,0
3,-5,89,1,91,0
-2,3,8,1,91,0
-6,-6,14,1,91,0
3,7,16,1,91,0
-3,-7,22,1,91,0
-4,5,27,1,91,0
-3,4,35,1,91,0
-5,-3,41,1,91,0
-2,-4,48,1,91,0
2,6,49,1,91,0
0,4,57,1,91,0
-1,-1,75,1,91,0
2,-3,77,1,91,0
1,5,85,1,91,0
-9,-6,4,1,91,0
-3,-8,6,1,91,0
-1,3,14,1,91,0
-6,-7,9,1,91,0
3,8,13,1,91,0
-3,5,33,1,91,0
-2,4,42,1,91,0
0,5,54,1,91,0
5,-3,58,1,91,0
-4,-1,59,1,91,0
3,-7,79,1,91,0
8,3,84,1,91,0
1,6,89,1,91,0
1,-1,89,1,91,0
2,8,6,1,91,0
0,6,37,1,91,0
8,-3,39,1,91,0
-4,-2,49,1,91,0
-1,4,49,1,91,0
-1,-3,53,1,91,0
-2,-6,59,1,91,0
6,-7,62,1,91,0
4,0,91,1,91,0
2,-5,85,1,91,0
1,-2,88,1,91,0
7,3,89,1,91,0
2,9,5,1,91,0
-3,7,14,1,91,0
-5,-6,21,1,91,0
-2,6,23,1,91,0
-1,-4,52,1,91,0
6,3,73,1,91,0
4,1,84,1,91,0
1,-3,87,1,91,0
8,5,89,1,91,0
-5,-7,8,1,92,0
-8,-6,9,1,92,0
-3,8,9,1,92,0
-2,7,18,1,92,0
5,3,51,1,92,0
-7,-3,29,1,92,0
-1,6,31,1,92,0
-4,-4,34,1,92,0
4,-3,64,1,92,0
-1,-5,66,1,92,0
3,1,83,1,92,0
0,-1,81,1,92,0
2,-7,87,1,92,0
7,5,87,1,92,0
1,-4,89,1,92,0
-3,9,3,1,92,0
4,3,58,1,92,0
-7,-4,28,1,92,0
-4,-5,31,1,92,0
7,-3,46,1,92,0
-1,-6,61,1,92,0
5,-7,68,1,92,0
5,4,68,1,92,0
3,2,77,1,92,0
1,-5,79,1,92,0
6,5,79,1,92,0
0,-2,82,1,92,0
8,7,91,1,92,0
-8,5,2,1,92,0
3,3,68,1,92,0
-7,-5,21,1,92,0
-4,-6,24,1,92,0
8,-7,48,1,92,0
-3,0,66,1,92,0
5,5,74,1,92,0
7,7,89,1,92,0
-7,5,9,1,92,0
-7,-6,14,1,92,0
2,3,67,1,92,0
-6,-3,38,1,92,0
-3,-4,42,1,92,0
4,5,66,1,92,0
-2,-1,69,1,92,0
3,-3,71,1,92,0
-2,0,74,1,92,0
6,7,83,1,92,0
1,-7,91,1,92,0
1,-8,3,1,92,0
-4,-8,5,1,92,0
-6,5,15,1,92,0
1,3,26,1,92,0
6,-3,52,1,92,0
3,5,58,1,92,0
-2,-2,66,1,92,0
0,-5,72,1,92,0
2,4,73,1,92,0
4,-7,74,1,92,0
-1,0,75,1,92,0
5,7,76,1,92,0
0,2,91,1,92,0
2,-1,91,1,92,0
0,3,19,1,92,0
-5,5,21,1,92,0
-3,-6,45,1,92,0
-5,-2,48,1,92,0
3,6,51,1,92,0
7,-7,55,1,92,0
-2,-3,59,1,92,0
1,4,64,1,92,0
4,7,67,1,92,0
2,5,78,1,92,0
-1,1,84,1,92,0
3,-5,91,1,92,0
-2,3,8,1,92,0
-6,-6,14,1,92,0
3,7,16,1,92,0
-3,-7,22,1,92,0
-4,5,27,1,92,0
-3,4,35,1,92,0
-5,-3,41,1,92,0
-2,-4,48,1,92,0
2,6,49,1,92,0
0,4,57,1,92,0
-1,-1,75,1,92,0
2,-3,77,1,92,0
1,5,85,1,92,0
-9,-6,4,1,92,0
-3,-8,6,1,92,0
-1,3,14,1,92,0
-6,-7,9,1,92,0
3,8,13,1,92,0
-3,5,33,1,92,0
-2,4,42,1,92,0
0,5,54,1,92,0
5,-3,58,1,92,0
-4,-1,59,1,92,0
3,-7,79,1,92,0
8,3,84,1,92,0
1,-1,89,1,92,0
1,6,91,1,92,0
2,8,6,1,92,0
0,6,37,1,92,0
8,-3,39,1,92,0
-4,-2,49,1,92,0
-1,4,49,1,92,0
-1,-3,53,1,92,0
-2,-6,59,1,92,0
6,-7,62,1,92,0
4,0,92,1,92,0
2,-5,85,1,92,0
1,-2,88,1,92,0
7,3,89,1,92,0
2,9,5,1,92,0
-3,7,14,1,92,0
-5,-6,21,1,92,0
-2,6,23,1,92,0
-1,-4,52,1,92,0
4,1,84,1,92,0
1,-3,91,1,92,0
8,5,91,1,92,0
6,3,91,1,92,0
-5,-7,8,1,93,0
-8,-6,9,1,93,0
-3,8,9,1,93,0
-2,7,18,1,93,0
5,3,51,1,93,0
-7,-3,29,1,93,0
-1,6,31,1,93,0
-4,-4,34,1,93,0
4,-3,64,1,93,0
-1,-5,66,1,93,0
3,1,83,1,93,0
0,-1,81,1,93,0
2,-7,87,1,93,0
1,-4,89,1,93,0
7,5,92,1,93,0
-3,9,3,1,93,0
4,3,58,1,93,0
-7,-4,28,1,93,0
-4,-5,31,1,93,0
7,-3,46,1,93,0
-1,-6,61,1,93,0
5,-7,68,1,93,0
5,4,68,1,93,0
3,2,77,1,93,0
1,-5,79,1,93,0
6,5,79,1,93,0
0,-2,82,1,93,0
8,7,92,1,93,0
-8,5,2,1,93,0
3,3,68,1,93,0
-7,-5,21,1,93,0
-4,-6,24,1,93,0
8,-7,48,1,93,0
-3,0,66,1,93,0
5,5,74,1,93,0
7,7,89,1,93,0
4,-5,92,1,93,0
1,-6,92,1,93,0
-7,5,9,1,93,0
-7,-6,14,1,93,0
2,3,67,1,93,0
-6,-3,38,1,93,0
-3,-4,42,1,93,0
4,5,66,1,93,0
-2,-1,69,1,93,0
3,-3,71,1,93,0
-2,0,74,1,93,0
6,7,83,1,93,0
1,-7,91,1,93,0
1,2,92,1,93,0
1,-8,3,1,93,0
-4,-8,5,1,93,0
-6,5,15,1,93,0
1,3,26,1,93,0
6,-3,52,1,93,0
3,5,58,1,93,0
-2,-2,66,1,93,0
0,-5,72,1,93,0
2,4,73,1,93,0
4,-7,74,1,93,0
-1,0,75,1,93,0
5,7,76,1,93,0
0,2,91,1,93,0
2,-1,91,1,93,0
0,3,19,1,93,0
-5,5,21,1,93,0
-3,-6,45,1,93,0
-5,-2,48,1,93,0
3,6,51,1,93,0
7,-7,55,1,93,0
-2,-3,59,1,93,0
1,4,64,1,93,0
4,7,67,1,93,0
2,5,78,1,93,0
-1,1,84,1,93,0
3,-5,91,1,93,0
-2,3,8,1,93,0
-6,-6,14,1,93,0
3,7,16,1,93,0
-3,-7,22,1,93,0
-4,5,27,1,93,0
-3,4,35,1,93,0
-5,-3,41,1,93,0
-2,-4,48,1,93,0
2,6,49,1,93,0
0,4,57,1,93,0
-1,-1,75,1,93,0
2,-3,77,1,93,0
1,5,85,1,93,0
-9,-6,4,1,93,0
-3,-8,6,1,93,0
-1,3,14,1,93,0
-6,-7,9,1,93,0
3,8,13,1,93,0
-3,5,33,1,93,0
-2,4,42,1,93,0
0,5,54,1,93,0
5,-3,58,1,93,0
-4,-1,59,1,93,0
3,-7,79,1,93,0
8,3,84,1,93,0
1,-1,89,1,93,0
1,6,92,1,93,0
2,8,6,1,93,0
0,6,37,1,93,0
8,-3,39,1,93,0
-4,-2,49,1,93,0
-1,4,49,1,93,0
-1,-3,53,1,93,0
-2,-6,59,1,93,0
6,-7,62,1,93,0
4,0,93,1,93,0
2,-5,85,1,93,0
1,-2,88,1,93,0
7,3,89,1,93,0
2,9,5,1,93,0
-3,7,14,1,93,0
-5,-6,21,1,93,0
-2,6,23,1,93,0
-1,-4,52,1,93,0
4,1,84,1,93,0
8,5,91,1,93,0
1,-3,92,1,93,0
6,3,92,1,93,0
-5,-7,8,1,94,0
-8,-6,9,1,94,0
-3,8,9,1,94,0
-2,7,18,1,94,0
5,3,51,1,94,0
-7,-3,29,1,94,0
-1,6,31,1,94,0
-4,-4,34,1,94,0
4,-3,64,1,94,0
-1,-5,66,1,94,0
3,1,83,1,94,0
0,-1,81,1,94,0
2,-7,87,1,94,0
1,-4,89,1,94,0
7,5,93,1,94,0
-3,9,3,1,94,0
4,3,58,1,94,0
-7,-4,28,1,94,0
-4,-5,31,1,94,0
7,-3,46,1,94,0
-1,-6,61,1,94,0
5,-7,68,1,94,0
5,4,68,1,94,0
3,2,77,1,94,0
1,-5,79,1,94,0
6,5,79,1,94,0
0,-2,82,1,94,0
8,7,93,1,94,0
-8,5,2,1,94,0
3,3,68,1,94,0
-7,-5,21,1,94,0
-4,-6,24,1,94,0
8,-7,48,1,94,0
-3,0,66,1,94,0
5,5,74,1,94,0
7,7,89,1,94,0
4,-5,93,1,94,0
1,-6,93,1,94,0
-7,5,9,1,94,0
-7,-6,14,1,94,0
2,3,67,1,94,0
-6,-3,38,1,94,0
-3,-4,42,1,94,0
4,5,66,1,94,0
-2,-1,69,1,94,0
3,-3,71,1,94,0
-2,0,74,1,94,0
6,7,83,1,94,0
1,-7,91,1,94,0
1,2,93,1,94,0
1,-8,3,1,94,0
-4,-8,5,1,94,0
-6,5,15,1,94,0
1,3,26,1,94,0
6,-3,52,1,94,0
3,5,58,1,94,0
-2,-2,66,1,94,0
0,-5,72,1,94,0
2,4,73,1,94,0
4,-7,74,1,94,0
-1,0,75,1,94,0
5,7,76,1,94,0
0,2,91,1,94,0
2,-1,91,1,94,0
0,3,19,1,94,0
-5,5,21,1,94,0
-3,-6,45,1,94,0
-5,-2,48,1,94,0
3,6,51,1,94,0
7,-7,55,1,94,0
-2,-3,59,1,94,0
1,4,64,1,94,0
4,7,67,1,94,0
2,5,78,1,94,0
-1,1,84,1,94,0
3,-5,91,1,94,0
5,-1,94,1,94,0
-2,3,8,1,94,0
-6,-6,14,1,94,0
3,7,16,1,94,0
-3,-7,22,1,94,0
-4,5,27,1,94,0
-3,4,35,1,94,0
-5,-3,41,1,94,0
-2,-4,48,1,94,0
2,6,49,1,94,0
0,4,57,1,94,0
-1,-1,75,1,94,0
2,-3,77,1,94,0
1,5,85,1,94,0
-9,-6,4,1,94,0
-3,-8,6,1,94,0
-1,3,14,1,94,0
-6,-7,9,1,94,0
3,8,13,1,94,0
-3,5,33,1,94,0
-2,4,42,1,94,0
0,5,54,1,94,0
5,-3,58,1,94,0
-4,-1,59,1,94,0
3,-7,79,1,94,0
8,3,84,1,94,0
1,-1,89,1,94,0
1,6,92,1,94,0
2,8,6,1,94,0
0,6,37,1,94,0
8,-3,39,1,94,0
-4,-2,49,1,94,0
-1,4,49,1,94,0
-1,-3,53,1,94,0
-2,-6,59,1,94,0
6,-7,62,1,94,0
4,0,93,1,94,0
2,-5,85,1,94,0
1,-2,88,1,94,0
7,3,89,1,94,0
1,7,93,1,94,0
2,9,5,1,94,0
-3,7,14,1,94,0
-5,-6,21,1,94,0
-2,6,23,1,94,0
-1,-4,52,1,94,0
4,1,84,1,94,0
8,5,91,1,94,0
1,-3,93,1,94,0
6,3,93,1,94,0
-5,-7,8,1,95,0
-8,-6,9,1,95,0
-3,8,9,1,95,0
-2,7,18,1,95,0
5,3,51,1,95,0
-7,-3,29,1,95,0
-1,6,31,1,95,0
-4,-4,34,1,95,0
4,-3,64,1,95,0
-1,-5,66,1,95,0
3,1,83,1,95,0
0,-1,81,1,95,0
2,-7,87,1,95,0
1,-4,94,1,95,0
7,5,94,1,95,0
-3,9,3,1,95,0
4,3,58,1,95,0
-7,-4,28,1,95,0
-4,-5,31,1,95,0
7,-3,46,1,95,0
-1,-6,61,1,95,0
5,-7,68,1,95,0
5,4,68,1,95,0
3,2,77,1,95,0
1,-5,79,1,95,0
6,5,79,1,95,0
0,-2,82,1,95,0
8,7,94,1,95,0
-8,5,2,1,95,0
3,3,68,1,95,0
-7,-5,21,1,95,0
-4,-6,24,1,95,0
8,-7,48,1,95,0
-3,0,66,1,95,0
5,5,74,1,95,0
7,7,89,1,95,0
1,-6,93,1,95,0
4,-5,94,1,95,0
-7,5,9,1,95,0
-7,-6,14,1,95,0
2,3,67,1,95,0
-6,-3,38,1,95,0
-3,-4,42,1,95,0
4,5,66,1,95,0
-2,-1,69,1,95,0
3,-3,71,1,95,0
-2,0,74,1,95,0
6,7,83,1,95,0
1,-7,91,1,95,0
1,2,94,1,95,0
1,-8,3,1,95,0
-4,-8,5,1,95,0
-6,5,15,1,95,0
1,3,26,1,95,0
6,-3,52,1,95,0
3,5,58,1,95,0
-2,-2,66,1,95,0
0,-5,72,1,95,0
2,4,73,1,95,0
4,-7,74,1,95,0
-1,0,75,1,95,0
5,7,76,1,95,0
0,2,91,1,95,0
2,-1,91,1,95,0
0,3,19,1,95,0
-5,5,21,1,95,0
-3,-6,45,1,95,0
-5,-2,48,1,95,0
3,6,51,1,95,0
7,-7,55,1,95,0
-2,-3,59,1,95,0
1,4,64,1,95,0
4,7,67,1,95,0
2,5,78,1,95,0
-1,1,84,1,95,0
3,-5,91,1,95,0
5,-1,95,1,95,0
-2,3,8,1,95,0
-6,-6,14,1,95,0
3,7,16,1,95,0
-3,-7,22,1,95,0
-4,5,27,1,95,0
-3,4,35,1,95,0
-5,-3,41,1,95,0
-2,-4,48,1,95,0
2,6,49,1,95,0
0,4,57,1,95,0
-1,-1,75,1,95,0
2,-3,77,1,95,0
1,5,85,1,95,0
0,-7,94,1,95,0
-9,-6,4,1,95,0
-3,-8,6,1,95,0
-1,3,14,1,95,0
-6,-7,9,1,95,0
3,8,13,1,95,0
-3,5,33,1,95,0
-2,4,42,1,95,0
0,5,54,1,95,0
5,-3,58,1,95,0
-4,-1,59,1,95,0
3,-7,79,1,95,0
8,3,84,1,95,0
1,-1,89,1,95,0
1,6,92,1,95,0
2,8,6,1,95,0
0,6,37,1,95,0
8,-3,39,1,95,0
-4,-2,49,1,95,0
-1,4,49,1,95,0
-1,-3,53,1,95,0
-2,-6,59,1,95,0
6,-7,62,1,95,0
4,0,93,1,95,0
2,-5,85,1,95,0
1,-2,88,1,95,0
1,7,94,1,95,0
7,3,94,1,95,0
2,9,5,1,95,0
-3,7,14,1,95,0
-5,-6,21,1,95,0
-2,6,23,1,95,0
-1,-4,52,1,95,0
4,1,84,1,95,0
8,5,91,1,95,0
1,-3,93,1,95,0
6,3,93,1,95,0
-5,-7,8,1,96,0
-8,-6,9,1,96,0
-3,8,9,1,96,0
-2,7,18,1,96,0
5,3,51,1,96,0
-7,-3,29,1,96,0
-1,6,31,1,96,0
-4,-4,34,1,96,0
4,-3,64,1,96,0
-1,-5,66,1,96,0
3,1,83,1,96,0
0,-1,81,1,96,0
2,-7,87,1,96,0
1,-4,95,1,96,0
7,5,95,1,96,0
-3,9,3,1,96,0
4,3,58,1,96,0
-7,-4,28,1,96,0
-4,-5,31,1,96,0
7,-3,46,1,96,0
-1,-6,61,1,96,0
5,-7,68,1,96,0
5,4,68,1,96,0
3,2,77,1,96,0
1,-5,79,1,96,0
6,5,79,1,96,0
0,-2,82,1,96,0
8,7,95,1,96,0
-8,5,2,1,96,0
3,3,68,1,96,0
-7,-5,21,1,96,0
-4,-6,24,1,96,0
8,-7,48,1,96,0
-3,0,66,1,96,0
5,5,74,1,96,0
7,7,89,1,96,0
1,-6,93,1,96,0
4,-5,95,1,96,0
-7,5,9,1,96,0
-7,-6,14,1,96,0
2,3,67,1,96,0
-6,-3,38,1,96,0
-3,-4,42,1,96,0
4,5,66,1,96,0
-2,-1,69,1,96,0
3,-3,71,1,96,0
-2,0,74,1,96,0
6,7,83,1,96,0
1,-7,91,1,96,0
1,2,95,1,96,0
1,-8,3,1,96,0
-4,-8,5,1,96,0
-6,5,15,1,96,0
1,3,26,1,96,0
6,-3,52,1,96,0
3,5,58,1,96,0
-2,-2,66,1,96,0
0,-5,72,1,96,0
2,4,73,1,96,0
4,-7,74,1,96,0
-1,0,75,1,96,0
5,7,76,1,96,0
0,2,91,1,96,0
2,-1,91,1,96,0
0,3,19,1,96,0
-5,5,21,1,96,0
-3,-6,45,1,96,0
-5,-2,48,1,96,0
3,6,51,1,96,0
7,-7,55,1,96,0
-2,-3,59,1,96,0
1,4,64,1,96,0
4,7,67,1,96,0
2,5,78,1,96,0
-1,1,84,1,96,0
3,-5,91,1,96,0
5,-1,96,1,96,0
-2,3,8,1,96,0
-6,-6,14,1,96,0
3,7,16,1,96,0
-3,-7,22,1,96,0
-4,5,27,1,96,0
-3,4,35,1,96,0
-5,-3,41,1,96,0
-2,-4,48,1,96,0
2,6,49,1,96,0
0,4,57,1,96,0
-1,-1,75,1,96,0
2,-3,77,1,96,0
1,5,85,1,96,0
0,-7,95,1,96,0
-9,-6,4,1,96,0
-3,-8,6,1,96,0
-1,3,14,1,96,0
-6,-7,9,1,96,0
3,8,13,1,96,0
-3,5,33,1,96,0
-2,4,42,1,96,0
0,5,54,1,96,0
5,-3,58,1,96,0
-4,-1,59,1,96,0
3,-7,79,1,96,0
8,3,84,1,96,0
1,-1,89,1,96,0
1,6,92,1,96,0
2,7,95,1,96,0
7,2,95,1,96,0
2,8,6,1,96,0
0,6,37,1,96,0
8,-3,39,1,96,0
-4,-2,49,1,96,0
-1,4,49,1,96,0
-1,-3,53,1,96,0
-2,-6,59,1,96,0
6,-7,62,1,96,0
4,0,93,1,96,0
2,-5,85,1,96,0
1,-2,88,1,96,0
1,7,94,1,96,0
7,3,94,1,96,0
2,9,5,1,96,0
-3,7,14,1,96,0
-5,-6,21,1,96,0
-2,6,23,1,96,0
-1,-4,52,1,96,0
4,1,84,1,96,0
8,5,91,1,96,0
1,-3,93,1,96,0
6,3,93,1,96,0
-5,-7,8,1,97,0
-8,-6,9,1,97,0
-3,8,9,1,97,0
-2,7,18,1,97,0
5,3,51,1,97,0
-7,-3,29,1,97,0
-1,6,31,1,97,0
-4,-4,34,1,97,0
4,-3,64,1,97,0
-1,-5,66,1,97,0
3,1,83,1,97,0
0,-1,81,1,97,0
2,-7,87,1,97,0
1,-4,96,1,97,0
7,5,96,1,97,0
-3,9,3,1,97,0
4,3,58,1,97,0
-7,-4,28,1,97,0
-4,-5,31,1,97,0
7,-3,46,1,97,0
-1,-6,61,1,97,0
5,-7,68,1,97,0
5,4,68,1,97,0
3,2,77,1,97,0
1,-5,79,1,97,0
6,5,79,1,97,0
0,-2,82,1,97,0
8,7,95,1,97,0
-8,5,2,1,97,0
3,3,68,1,97,0
-7,-5,21,1,97,0
-4,-6,24,1,97,0
8,-7,48,1,97,0
-3,0,66,1,97,0
5,5,74,1,97,0
1,-6,93,1,97,0
4,-5,96,1,97,0
7,7,96,1,97,0
-7,5,9,1,97,0
-7,-6,14,1,97,0
2,3,67,1,97,0
-6,-3,38,1,97,0
-3,-4,42,1,97,0
4,5,66,1,97,0
-2,-1,69,1,97,0
3,-3,71,1,97,0
-2,0,74,1,97,0
6,7,83,1,97,0
1,-7,91,1,97,0
1,2,96,1,97,0
1,-8,3,1,97,0
-4,-8,5,1,97,0
-6,5,15,1,97,0
1,3,26,1,97,0
6,-3,52,1,97,0
3,5,58,1,97,0
-2,-2,66,1,97,0
0,-5,72,1,97,0
2,4,73,1,97,0
4,-7,74,1,97,0
-1,0,75,1,97,0
5,7,76,1,97,0
0,2,91,1,97,0
2,-1,91,1,97,0
0,3,19,1,97,0
-5,5,21,1,97,0
-3,-6,45,1,97,0
-5,-2,48,1,97,0
3,6,51,1,97,0
7,-7,55,1,97,0
-2,-3,59,1,97,0
1,4,64,1,97,0
4,7,67,1,97,0
2,5,78,1,97,0
-1,1,84,1,97,0
3,-5,91,1,97,0
5,-1,97,1,97,0
-2,3,8,1,97,0
-6,-6,14,1,97,0
3,7,16,1,97,0
-3,-7,22,1,97,0
-4,5,27,1,97,0
-3,4,35,1,97,0
-5,-3,41,1,97,0
-2,-4,48,1,97,0
2,6,49,1,97,0
0,4,57,1,97,0
-1,-1,75,1,97,0
2,-3,77,1,97,0
1,5,85,1,97,0
0,-7,96,1,97,0
-9,-6,4,1,97,0
-3,-8,6,1,97,0
-1,3,14,1,97,0
-6,-7,9,1,97,0
3,8,13,1,97,0
-3,5,33,1,97,0
-2,4,42,1,97,0
0,5,54,1,97,0
5,-3,58,1,97,0
-4,-1,59,1,97,0
3,-7,79,1,97,0
8,3,84,1,97,0
1,-1,89,1,97,0
1,6,92,1,97,0
2,7,96,1,97,0
7,2,96,1,97,0
2,8,6,1,97,0
0,6,37,1,97,0
8,-3,39,1,97,0
-4,-2,49,1,97,0
-1,4,49,1,97,0
-1,-3,53,1,97,0
-2,-6,59,1,97,0
6,-7,62,1,97,0
4,0,93,1,97,0
2,-5,85,1,97,0
1,-2,88,1,97,0
1,7,94,1,97,0
7,3,94,1,97,0
2,9,5,1,97,0
-3,7,14,1,97,0
-5,-6,21,1,97,0
-2,6,23,1,97,0
-1,-4,52,1,97,0
4,1,84,1,97,0
8,5,91,1,97,0
1,-3,93,1,97,0
6,3,93,1,97,0
-5,-7,8,1,98,0
-8,-6,9,1,98,0
-3,8,9,1,98,0
-2,7,18,1,98,0
5,3,51,1,98,0
-7,-3,29,1,98,0
-1,6,31,1,98,0
-4,-4,34,1,98,0
4,-3,64,1,98,0
-1,-5,66,1,98,0
3,1,83,1,98,0
0,-1,81,1,98,0
2,-7,87,1,98,0
1,-4,97,1,98,0
7,5,97,1,98,0
-3,9,3,1,98,0
4,3,58,1,98,0
-7,-4,28,1,98,0
-4,-5,31,1,98,0
7,-3,46,1,98,0
-1,-6,61,1,98,0
5,-7,68,1,98,0
5,4,68,1,98,0
3,2,77,1,98,0
1,-5,79,1,98,0
6,5,79,1,98,0
0,-2,82,1,98,0
8,7,95,1,98,0
-8,5,2,1,98,0
3,3,68,1,98,0
-7,-5,21,1,98,0
-4,-6,24,1,98,0
8,-7,48,1,98,0
-3,0,66,1,98,0
5,5,74,1,98,0
1,-6,93,1,98,0
7,7,96,1,98,0
4,-5,97,1,98,0
-7,5,9,1,98,0
-7,-6,14,1,98,0
2,3,67,1,98,0
-6,-3,38,1,98,0
-3,-4,42,1,98,0
4,5,66,1,98,0
-2,-1,69,1,98,0
3,-3,71,1,98,0
-2,0,74,1,98,0
6,7,83,1,98,0
1,-7,91,1,98,0
1,2,97,1,98,0
1,-8,3,1,98,0
-4,-8,5,1,98,0
-6,5,15,1,98,0
1,3,26,1,98,0
6,-3,52,1,98,0
3,5,58,1,98,0
-2,-2,66,1,98,0
0,-5,72,1,98,0
2,4,73,1,98,0
4,-7,74,1,98,0
-1,0,75,1,98,0
5,7,76,1,98,0
0,2,91,1,98,0
2,-1,91,1,98,0
0,3,19,1,98,0
-5,5,21,1,98,0
-3,-6,45,1,98,0
-5,-2,48,1,98,0
3,6,51,1,98,0
7,-7,55,1,98,0
-2,-3,59,1,98,0
1,4,64,1,98,0
4,7,67,1,98,0
2,5,78,1,98,0
-1,1,84,1,98,0
3,-5,91,1,98,0
5,-1,98,1,98,0
-2,3,8,1,98,0
-6,-6,14,1,98,0
3,7,16,1,98,0
-3,-7,22,1,98,0
-4,5,27,1,98,0
-3,4,35,1,98,0
-5,-3,41,1,98,0
-2,-4,48,1,98,0
2,6,49,1,98,0
0,4,57,1,98,0
-1,-1,75,1,98,0
2,-3,77,1,98,0
1,5,85,1,98,0
0,-7,97,1,98,0
-9,-6,4,1,98,0
-3,-8,6,1,98,0
-1,3,14,1,98,0
-6,-7,9,1,98,0
3,8,13,1,98,0
-3,5,33,1,98,0
-2,4,42,1,98,0
0,5,54,1,98,0
5,-3,58,1,98,0
-4,-1,59,1,98,0
3,-7,79,1,98,0
8,3,84,1,98,0
1,-1,89,1,98,0
1,6,92,1,98,0
2,7,97,1,98,0
7,2,97,1,98,0
2,8,6,1,98,0
0,6,37,1,98,0
8,-3,39,1,98,0
-4,-2,49,1,98,0
-1,4,49,1,98,0
-1,-3,53,1,98,0
-2,-6,59,1,98,0
6,-7,62,1,98,0
4,0,93,1,98,0
2,-5,85,1,98,0
1,-2,88,1,98,0
1,7,94,1,98,0
7,3,94,1,98,0
2,9,5,1,98,0
-3,7,14,1,98,0
-5,-6,21,1,98,0
-2,6,23,1,98,0
-1,-4,52,1,98,0
4,1,84,1,98,0
8,5,91,1,98,0
1,-3,93,1,98,0
6,3,93,1,98,0
-5,-7,8,1,99,0
-8,-6,9,1,99,0
-3,8,9,1,99,0
-2,7,18,1,99,0
5,3,51,1,99,0
-7,-3,29,1,99,0
-1,6,31,1,99,0
-4,-4,34,1,99,0
4,-3,64,1,99,0
-1,-5,66,1,99,0
3,1,83,1,99,0
0,-1,81,1,99,0
2,-7,87,1,99,0
1,-4,97,1,99,0
7,5,98,1,99,0
-3,9,3,1,99,0
4,3,58,1,99,0
-7,-4,28,1,99,0
-4,-5,31,1,99,0
7,-3,46,1,99,0
-1,-6,61,1,99,0
5,-7,68,1,99,0
5,4,68,1,99,0
3,2,77,1,99,0
1,-5,79,1,99,0
6,5,79,1,99,0
0,-2,82,1,99,0
8,7,95,1,99,0
-8,5,2,1,99,0
3,3,68,1,99,0
-7,-5,21,1,99,0
-4,-6,24,1,99,0
8,-7,48,1,99,0
-3,0,66,1,99,0
5,5,74,1,99,0
1,-6,93,1,99,0
4,-5,97,1,99,0
1,1,98,1,99,0
7,7,97,1,99,0
0,-3,98,1,99,0
-7,5,9,1,99,0
-7,-6,14,1,99,0
2,3,67,1,99,0
-6,-3,38,1,99,0
-3,-4,42,1,99,0
4,5,66,1,99,0
-2,-1,69,1,99,0
3,-3,71,1,99,0
-2,0,74,1,99,0
6,7,83,1,99,0
1,-7,91,1,99,0
1,2,97,1,99,0
1,-8,3,1,99,0
-4,-8,5,1,99,0
-6,5,15,1,99,0
1,3,26,1,99,0
6,-3,52,1,99,0
3,5,58,1,99,0
-2,-2,66,1,99,0
0,-5,72,1,99,0
2,4,73,1,99,0
4,-7,74,1,99,0
-1,0,75,1,99,0
5,7,76,1,99,0
0,2,91,1,99,0
2,-1,91,1,99,0
0,3,19,1,99,0
-5,5,21,1,99,0
-3,-6,45,1,99,0
-5,-2,48,1,99,0
3,6,51,1,99,0
7,-7,55,1,99,0
-2,-3,59,1,99,0
1,4,64,1,99,0
4,7,67,1,99,0
2,5,78,1,99,0
-1,1,84,1,99,0
3,-5,91,1,99,0
5,-1,99,1,99,0
-2,3,8,1,99,0
-6,-6,14,1,99,0
3,7,16,1,99,0
-3,-7,22,1,99,0
-4,5,27,1,99,0
-3,4,35,1,99,0
-5,-3,41,1,99,0
-2,-4,48,1,99,0
2,6,49,1,99,0
0,4,57,1,99,0
-1,-1,75,1,99,0
2,-3,77,1,99,0
1,5,85,1,99,0
0,-7,98,1,99,0
-9,-6,4,1,99,0
-3,-8,6,1,99,0
-1,3,14,1,99,0
-6,-7,9,1,99,0
3,8,13,1,99,0
-3,5,33,1,99,0
-2,4,42,1,99,0
0,5,54,1,99,0
5,-3,58,1,99,0
-4,-1,59,1,99,0
3,-7,79,1,99,0
8,3,84,1,99,0
1,-1,89,1,99,0
1,6,92,1,99,0
2,7,98,1,99,0
7,2,98,1,99,0
2,8,6,1,99,0
0,6,37,1,99,0
8,-3,39,1,99,0
-4,-2,49,1,99,0
-1,4,49,1,99,0
-1,-3,53,1,99,0
-2,-6,59,1,99,0
6,-7,62,1,99,0
4,0,93,1,99,0
2,-5,85,1,99,0
1,-2,88,1,99,0
1,7,94,1,99,0
7,3,94,1,99,0
2,9,5,1,99,0
-3,7,14,1,99,0
-5,-6,21,1,99,0
-2,6,23,1,99,0
-1,-4,52,1,99,0
4,1,84,1,99,0
8,5,91,1,99,0
1,-3,93,1,99,0
6,3,93,1,99,0
5,-5,98,1,99,0
-5,-7,8,1,100,0
-8,-6,9,1,100,0
-3,8,9,1,100,0
-2,7,18,1,100,0
5,3,51,1,100,0
-7,-3,29,1,100,0
-1,6,31,1,100,0
-4,-4,34,1,100,0
4,-3,64,1,100,0
-1,-5,66,1,100,0
3,1,83,1,100,0
0,-1,81,1,100,0
2,-7,87,1,100,0
1,-4,97,1,100,0
7,5,98,1,100,0
-3,9,3,1,100,0
4,3,58,1,100,0
-7,-4,28,1,100,0
-4,-5,31,1,100,0
7,-3,46,1,100,0
-1,-6,61,1,100,0
5,-7,68,1,100,0
5,4,68,1,100,0
3,2,77,1,100,0
1,-5,79,1,100,0
0,-2,82,1,100,0
8,7,95,1,100,0
2,1,99,1,100,0
6,5,99,1,100,0
-8,5,2,1,100,0
3,3,68,1,100,0
-7,-5,21,1,100,0
-4,-6,24,1,100,0
8,-7,48,1,100,0
-3,0,66,1,100,0
5,5,74,1,100,0
1,-6,93,1,100,0
4,-5,97,1,100,0
1,1,98,1,100,0
0,-3,99,1,100,0
7,7,99,1,100,0
-7,5,9,1,100,0
-7,-6,14,1,100,0
2,3,67,1,100,0
-6,-3,38,1,100,0
-3,-4,42,1,100,0
4,5,66,1,100,0
-2,-1,69,1,100,0
3,-3,71,1,100,0
-2,0,74,1,100,0
6,7,83,1,100,0
1,-7,91,1,100,0
1,2,97,1,100,0
1,-8,3,1,100,0
-4,-8,5,1,100,0
-6,5,15,1,100,0
1,3,26,1,100,0
6,-3,52,1,100,0
3,5,58,1,100,0
-2,-2,66,1,100,0
0,-5,72,1,100,0
2,4,73,1,100,0
4,-7,74,1,100,0
-1,0,75,1,100,0
5,7,76,1,100,0
0,2,91,1,100,0
2,-1,91,1,100,0
0,3,19,1,100,0
-5,5,21,1,100,0
-3,-6,45,1,100,0
-5,-2,48,1,100,0
3,6,51,1,100,0
7,-7,55,1,100,0
-2,-3,59,1,100,0
1,4,64,1,100,0
4,7,67,1,100,0
2,5,78,1,100,0
-1,1,84,1,100,0
3,-5,91,1,100,0
5,-1,99,1,100,0
-2,3,8,1,100,0
-6,-6,14,1,100,0
3,7,16,1,100,0
-3,-7,22,1,100,0
-4,5,27,1,100,0
-3,4,35,1,100,0
-5,-3,41,1,100,0
-2,-4,48,1,100,0
2,6,49,1,100,0
0,4,57,1,100,0
-1,-1,75,1,100,0
2,-3,77,1,100,0
1,5,85,1,100,0
0,-7,99,1,100,0
-9,-6,4,1,100,0
-3,-8,6,1,100,0
-1,3,14,1,100,0
-6,-7,9,1,100,0
3,8,13,1,100,0
-3,5,33,1,100,0
-2,4,42,1,100,0
0,5,54,1,100,0
5,-3,58,1,100,0
-4,-1,59,1,100,0
3,-7,79,1,100,0
8,3,84,1,100,0
1,-1,89,1,100,0
1,6,92,1,100,0
2,7,99,1,100,0
7,2,99,1,100,0
2,8,6,1,100,0
0,6,37,1,100,0
8,-3,39,1,100,0
-4,-2,49,1,100,0
-1,4,49,1,100,0
-1,-3,53,1,100,0
-2,-6,59,1,100,0
6,-7,62,1,100,0
4,0,93,1,100,0
2,-5,85,1,100,0
1,-2,88,1,100,0
1,7,94,1,100,0
7,3,94,1,100,0
2,9,5,1,100,0
-3,7,14,1,100,0
-5,-6,21,1,100,0
-2,6,23,1,100,0
-1,-4,52,1,100,0
4,1,84,1,100,0
8,5,91,1,100,0
1,-3,93,1,100,0
6,3,93,1,100,0
5,-5,99,1,100,0
-5,-7,8,1,101,0
-8,-6,9,1,101,0
-3,8,9,1,101,0
-2,7,18,1,101,0
5,3,51,1,101,0
-7,-3,29,1,101,0
-1,6,31,1,101,0
-4,-4,34,1,101,0
4,-3,64,1,101,0
-1,-5,66,1,101,0
3,1,83,1,101,0
0,-1,81,1,101,0
2,-7,87,1,101,0
1,-4,97,1,101,0
7,5,98,1,101,0
-3,9,3,1,101,0
4,3,58,1,101,0
-7,-4,28,1,101,0
-4,-5,31,1,101,0
7,-3,46,1,101,0
-1,-6,61,1,101,0
5,-7,68,1,101,0
5,4,68,1,101,0
3,2,77,1,101,0
1,-5,79,1,101,0
0,-2,82,1,101,0
8,7,95,1,101,0
2,1,99,1,101,0
6,5,99,1,101,0
-8,5,2,1,101,0
3,3,68,1,101,0
-7,-5,21,1,101,0
-4,-6,24,1,101,0
8,-7,48,1,101,0
-3,0,66,1,101,0
5,5,74,1,101,0
1,-6,93,1,101,0
4,-5,97,1,101,0
1,1,98,1,101,0
0,-3,99,1,101,0
7,7,99,1,101,0
-7,5,9,1,101,0
-7,-6,14,1,101,0
2,3,67,1,101,0
-6,-3,38,1,101,0
-3,-4,42,1,101,0
4,5,66,1,101,0
-2,-1,69,1,101,0
3,-3,71,1,101,0
-2,0,74,1,101,0
6,7,83,1,101,0
1,-7,91,1,101,0
1,2,97,1,101,0
1,-8,3,1,101,0
-4,-8,5,1,101,0
-6,5,15,1,101,0
1,3,26,1,101,0
6,-3,52,1,101,0
3,5,58,1,101,0
-2,-2,66,1,101,0
0,-5,72,1,101,0
2,4,73,1,101,0
4,-7,74,1,101,0
-1,0,75,1,101,0
5,7,76,1,101,0
0,2,91,1,101,0
2,-1,91,1,101,0
0,3,19,1,101,0
-5,5,21,1,101,0
-3,-6,45,1,101,0
-5,-2,48,1,101,0
3,6,51,1,101,0
7,-7,55,1,101,0
-2,-3,59,1,101,0
1,4,64,1,101,0
4,7,67,1,101,0
2,5,78,1,101,0
-1,1,84,1,101,0
3,-5,91,1,101,0
5,-1,101,1,101,0
-2,3,8,1,101,0
-6,-6,14,1,101,0
3,7,16,1,101,0
-3,-7,22,1,101,0
-4,5,27,1,101,0
-3,4,35,1,101,0
-5,-3,41,1,101,0
-2,-4,48,1,101,0
2,6,49,1,101,0
0,4,57,1,101,0
-1,-1,75,1,101,0
2,-3,77,1,101,0
1,5,85,1,101,0
0,-7,99,1,101,0
-9,-6,4,1,101,0
-3,-8,6,1,101,0
-1,3,14,1,101,0
-6,-7,9,1,101,0
3,8,13,1,101,0
-3,5,33,1,101,0
-2,4,42,1,101,0
0,5,54,1,101,0
5,-3,58,1,101,0
-4,-1,59,1,101,0
3,-7,79,1,101,0
8,3,84,1,101,0
1,-1,89,1,101,0
1,6,92,1,101,0
2,7,99,1,101,0
7,2,99,1,101,0
2,8,6,1,101,0
0,6,37,1,101,0
8,-3,39,1,101,0
-4,-2,49,1,101,0
-1,4,49,1,101,0
-1,-3,53,1,101,0
-2,-6,59,1,101,0
6,-7,62,1,101,0
4,0,93,1,101,0
2,-5,85,1,101,0
1,-2,88,1,101,0
1,7,94,1,101,0
7,3,94,1,101,0
2,9,5,1,101,0
-3,7,14,1,101,0
-5,-6,21,1,101,0
-2,6,23,1,101,0
-1,-4,52,1,101,0
4,1,84,1,101,0
8,5,91,1,101,0
1,-3,93,1,101,0
6,3,93,1,101,0
5,-5,99,1,101,0
-5,-7,8,1,102,0
-8,-6,9,1,102,0
-3,8,9,1,102,0
-2,7,18,1,102,0
5,3,51,1,102,0
-7,-3,29,1,102,0
-1,6,31,1,102,0
-4,-4,34,1,102,0
4,-3,64,1,102,0
-1,-5,66,1,102,0
3,1,83,1,102,0
0,-1,81,1,102,0
2,-7,87,1,102,0
1,-4,97,1,102,0
7,5,98,1,102,0
-3,9,3,1,102,0
4,3,58,1,102,0
-7,-4,28,1,102,0
-4,-5,31,1,102,0
7,-3,46,1,102,0
-1,-6,61,1,102,0
5,-7,68,1,102,0
5,4,68,1,102,0
3,2,77,1,102,0
1,-5,79,1,102,0
0,-2,82,1,102,0
8,7,95,1,102,0
2,1,101,1,102,0
6,5,101,1,102,0
-8,5,2,1,102,0
3,3,68,1,102,0
-7,-5,21,1,102,0
-4,-6,24,1,102,0
8,-7,48,1,102,0
-3,0,66,1,102,0
5,5,74,1,102,0
1,-6,93,1,102,0
4,-5,97,1,102,0
1,1,98,1,102,0
0,-3,101,1,102,0
7,7,101,1,102,0
-7,5,9,1,102,0
-7,-6,14,1,102,0
2,3,67,1,102,0
-6,-3,38,1,102,0
-3,-4,42,1,102,0
4,5,66,1,102,0
-2,-1,69,1,102,0
3,-3,71,1,102,0
-2,0,74,1,102,0
6,7,83,1,102,0
1,-7,91,1,102,0
1,2,97,1,102,0
1,-8,3,1,102,0
-4,-8,5,1,102,0
-6,5,15,1,102,0
1,3,26,1,102,0
6,-3,52,1,102,0
3,5,58,1,102,0
-2,-2,66,1,102,0
0,-5,72,1,102,0
2,4,73,1,102,0
4,-7,74,1,102,0
-1,0,75,1,102,0
5,7,76,1,102,0
0,2,91,1,102,0
2,-1,91,1,102,0
0,3,19,1,102,0
-5,5,21,1,102,0
-3,-6,45,1,102,0
-5,-2,48,1,102,0
3,6,51,1,102,0
7,-7,55,1,102,0
-2,-3,59,1,102,0
1,4,64,1,102,0
4,7,67,1,102,0
2,5,78,1,102,0
-1,1,84,1,102,0
3,-5,91,1,102,0
5,-1,102,1,102,0
-2,3,8,1,102,0
-6,-6,14,1,102,0
3,7,16,1,102,0
-3,-7,22,1,102,0
-4,5,27,1,102,0
-3,4,35,1,102,0
-5,-3,41,1,102,0
-2,-4,48,1,102,0
2,6,49,1,102,0
0,4,57,1,102,0
-1,-1,75,1,102,0
2,-3,77,1,102,0
1,5,85,1,102,0
0,-7,101,1,102,0
-9,-6,4,1,102,0
-3,-8,6,1,102,0
-1,3,14,1,102,0
-6,-7,9,1,102,0
3,8,13,1,102,0
-3,5,33,1,102,0
-2,4,42,1,102,0
0,5,54,1,102,0
5,-3,58,1,102,0
-4,-1,59,1,102,0
3,-7,79,1,102,0
8,3,84,1,102,0
1,-1,89,1,102,0
1,6,92,1,102,0
2,7,101,1,102,0
7,2,101,1,102,0
2,8,6,1,102,0
0,6,37,1,102,0
8,-3,39,1,102,0
-4,-2,49,1,102,0
-1,4,49,1,102,0
-1,-3,53,1,102,0
-2,-6,59,1,102,0
6,-7,62,1,102,0
4,0,93,1,102,0
2,-5,85,1,102,0
1,-2,88,1,102,0
1,7,94,1,102,0
7,3,94,1,102,0
2,9,5,1,102,0
-3,7,14,1,102,0
-5,-6,21,1,102,0
-2,6,23,1,102,0
-1,-4,52,1,102,0
4,1,84,1,102,0
8,5,91,1,102,0
1,-3,93,1,102,0
6,3,93,1,102,0
5,-5,101,1,102,0
-5,-7,8,1,103,0
-8,-6,9,1,103,0
-3,8,9,1,103,0
-2,7,18,1,103,0
5,3,51,1,103,0
-7,-3,29,1,103,0
-1,6,31,1,103,0
-4,-4,34,1,103,0
4,-3,64,1,103,0
-1,-5,66,1,103,0
3,1,83,1,103,0
0,-1,81,1,103,0
2,-7,87,1,103,0
1,-4,97,1,103,0
7,5,98,1,103,0
-3,9,3,1,103,0
4,3,58,1,103,0
-7,-4,28,1,103,0
-4,-5,31,1,103,0
7,-3,46,1,103,0
-1,-6,61,1,103,0
5,-7,68,1,103,0
5,4,68,1,103,0
3,2,77,1,103,0
1,-5,79,1,103,0
0,-2,82,1,103,0
8,7,95,1,103,0
2,1,102,1,103,0
6,5,102,1,103,0
-8,5,2,1,103,0
3,3,68,1,103,0
-7,-5,21,1,103,0
-4,-6,24,1,103,0
8,-7,48,1,103,0
-3,0,66,1,103,0
5,5,74,1,103,0
1,-6,93,1,103,0
4,-5,97,1,103,0
1,1,98,1,103,0
0,-3,102,1,103,0
7,7,102,1,103,0
-7,5,9,1,103,0
-7,-6,14,1,103,0
2,3,67,1,103,0
-6,-3,38,1,103,0
-3,-4,42,1,103,0
4,5,66,1,103,0
-2,-1,69,1,103,0
3,-3,71,1,103,0
-2,0,74,1,103,0
6,7,83,1,103,0
1,-7,91,1,103,0
1,2,97,1,103,0
1,-8,3,1,103,0
-4,-8,5,1,103,0
-6,5,15,1,103,0
1,3,26,1,103,0
6,-3,52,1,103,0
3,5,58,1,103,0
-2,-2,66,1,103,0
0,-5,72,1,103,0
2,4,73,1,103,0
4,-7,74,1,103,0
-1,0,75,1,103,0
5,7,76,1,103,0
0,2,91,1,103,0
2,-1,91,1,103,0
0,3,19,1,103,0
-5,5,21,1,103,0
-3,-6,45,1,103,0
-5,-2,48,1,103,0
3,6,51,1,103,0
7,-7,55,1,103,0
-2,-3,59,1,103,0
1,4,64,1,103,0
4,7,67,1,103,0
2,5,78,1,103,0
-1,1,84,1,103,0
3,-5,91,1,103,0
5,-1,103,1,103,0
-2,3,8,1,103,0
-6,-6,14,1,103,0
3,7,16,1,103,0
-3,-7,22,1,103,0
-4,5,27,1,103,0
-3,4,35,1,103,0
-5,-3,41,1,103,0
-2,-4,48,1,103,0
2,6,49,1,103,0
0,4,57,1,103,0
-1,-1,75,1,103,0
2,-3,77,1,103,0
1,5,85,1,103,0
0,-7,102,1,103,0
-9,-6,4,1,103,0
-3,-8,6,1,103,0
-1,3,14,1,103,0
-6,-7,9,1,103,0
3,8,13,1,103,0
-3,5,33,1,103,0
-2,4,42,1,103,0
0,5,54,1,103,0
5,-3,58,1,103,0
-4,-1,59,1,103,0
3,-7,79,1,103,0
8,3,84,1,103,0
1,-1,89,1,103,0
1,6,92,1,103,0
2,7,102,1,103,0
7,2,102,1,103,0
2,8,6,1,103,0
0,6,37,1,103,0
8,-3,39,1,103,0
-4,-2,49,1,103,0
-1,4,49,1,103,0
-1,-3,53,1,103,0
-2,-6,59,1,103,0
6,-7,62,1,103,0
4,0,93,1,103,0
2,-5,85,1,103,0
1,-2,88,1,103,0
1,7,94,1,103,0
7,3,94,1,103,0
2,9,5,1,103,0
-3,7,14,1,103,0
-5,-6,21,1,103,0
-2,6,23,1,103,0
-1,-4,52,1,103,0
4,1,84,1,103,0
8,5,91,1,103,0
1,-3,93,1,103,0
6,3,93,1,103,0
5,-5,102,1,103,0
-5,-7,8,1,104,0
-8,-6,9,1,104,0
-3,8,9,1,104,0
-2,7,18,1,104,0
5,3,51,1,104,0
-7,-3,29,1,104,0
-1,6,31,1,104,0
-4,-4,34,1,104,0
4,-3,64,1,104,0
-1,-5,66,1,104,0
3,1,83,1,104,0
0,-1,81,1,104,0
2,-7,87,1,104,0
1,-4,97,1,104,0
7,5,98,1,104,0
-3,9,3,1,104,0
4,3,58,1,104,0
-7,-4,28,1,104,0
-4,-5,31,1,104,0
7,-3,46,1,104,0
-1,-6,61,1,104,0
5,-7,68,1,104,0
5,4,68,1,104,0
3,2,77,1,104,0
1,-5,79,1,104,0
0,-2,82,1,104,0
8,7,95,1,104,0
2,1,102,1,104,0
6,5,103,1,104,0
-8,5,2,1,104,0
3,3,68,1,104,0
-7,-5,21,1,104,0
-4,-6,24,1,104,0
8,-7,48,1,104,0
-3,0,66,1,104,0
5,5,74,1,104,0
1,-6,93,1,104,0
7,7,102,1,104,0
4,-5,103,1,104,0
1,1,103,1,104,0
0,-3,103,1,104,0
-7,5,9,1,104,0
-7,-6,14,1,104,0
2,3,67,1,104,0
-6,-3,38,1,104,0
-3,-4,42,1,104,0
4,5,66,1,104,0
-2,-1,69,1,104,0
3,-3,71,1,104,0
-2,0,74,1,104,0
1,-7,91,1,104,0
1,2,97,1,104,0
6,7,103,1,104,0
1,-8,3,1,104,0
-4,-8,5,1,104,0
-6,5,15,1,104,0
1,3,26,1,104,0
6,-3,52,1,104,0
3,5,58,1,104,0
-2,-2,66,1,104,0
0,-5,72,1,104,0
2,4,73,1,104,0
4,-7,74,1,104,0
-1,0,75,1,104,0
5,7,76,1,104,0
0,2,91,1,104,0
2,-1,91,1,104,0
0,3,19,1,104,0
-5,5,21,1,104,0
-3,-6,45,1,104,0
-5,-2,48,1,104,0
3,6,51,1,104,0
7,-7,55,1,104,0
-2,-3,59,1,104,0
1,4,64,1,104,0
4,7,67,1,104,0
2,5,78,1,104,0
-1,1,84,1,104,0
3,-5,91,1,104,0
5,-1,104,1,104,0
-2,3,8,1,104,0
-6,-6,14,1,104,0
3,7,16,1,104,0
-3,-7,22,1,104,0
-4,5,27,1,104,0
-3,4,35,1,104,0
-5,-3,41,1,104,0
-2,-4,48,1,104,0
2,6,49,1,104,0
0,4,57,1,104,0
-1,-1,75,1,104,0
2,-3,77,1,104,0
1,5,85,1,104,0
0,-7,103,1,104,0
-9,-6,4,1,104,0
-3,-8,6,1,104,0
-1,3,14,1,104,0
-6,-7,9,1,104,0
3,8,13,1,104,0
-3,5,33,1,104,0
-2,4,42,1,104,0
0,5,54,1,104,0
5,-3,58,1,104,0
-4,-1,59,1,104,0
3,-7,79,1,104,0
8,3,84,1,104,0
1,-1,89,1,104,0
1,6,92,1,104,0
2,7,103,1,104,0
7,2,103,1,104,0
2,8,6,1,104,0
0,6,37,1,104,0
8,-3,39,1,104,0
-4,-2,49,1,104,0
-1,4,49,1,104,0
-1,-3,53,1,104,0
-2,-6,59,1,104,0
6,-7,62,1,104,0
4,0,93,1,104,0
2,-5,85,1,104,0
1,-2,88,1,104,0
1,7,94,1,104,0
7,3,94,1,104,0
2,9,5,1,104,0
-3,7,14,1,104,0
-5,-6,21,1,104,0
-2,6,23,1,104,0
-1,-4,52,1,104,0
4,1,84,1,104,0
8,5,91,1,104,0
1,-3,93,1,104,0
6,3,93,1,104,0
5,-5,102,1,104,0
-5,-7,8,1,105,0
-8,-6,9,1,105,0
-3,8,9,1,105,0
-2,7,18,1,105,0
5,3,51,1,105,0
-7,-3,29,1,105,0
-1,6,31,1,105,0
-4,-4,34,1,105,0
4,-3,64,1,105,0
-1,-5,66,1,105,0
3,1,83,1,105,0
0,-1,81,1,105,0
2,-7,87,1,105,0
1,-4,97,1,105,0
7,5,98,1,105,0
-3,9,3,1,105,0
4,3,58,1,105,0
-7,-4,28,1,105,0
-4,-5,31,1,105,0
7,-3,46,1,105,0
-1,-6,61,1,105,0
5,-7,68,1,105,0
5,4,68,1,105,0
3,2,77,1,105,0
1,-5,79,1,105,0
0,-2,82,1,105,0
8,7,95,1,105,0
2,1,102,1,105,0
6,5,104,1,105,0
-8,5,2,1,105,0
3,3,68,1,105,0
-7,-5,21,1,105,0
-4,-6,24,1,105,0
8,-7,48,1,105,0
-3,0,66,1,105,0
5,5,74,1,105,0
1,-6,93,1,105,0
7,7,102,1,105,0
4,-5,104,1,105,0
1,1,104,1,105,0
0,-3,104,1,105,0
-7,5,9,1,105,0
-7,-6,14,1,105,0
2,3,67,1,105,0
-6,-3,38,1,105,0
-3,-4,42,1,105,0
4,5,66,1,105,0
-2,-1,69,1,105,0
3,-3,71,1,105,0
-2,0,74,1,105,0
1,-7,91,1,105,0
1,2,97,1,105,0
6,7,104,1,105,0
1,-8,3,1,105,0
-4,-8,5,1,105,0
-6,5,15,1,105,0
1,3,26,1,105,0
6,-3,52,1,105,0
3,5,58,1,105,0
-2,-2,66,1,105,0
0,-5,72,1,105,0
2,4,73,1,105,0
4,-7,74,1,105,0
-1,0,75,1,105,0
5,7,76,1,105,0
0,2,91,1,105,0
2,-1,91,1,105,0
0,3,19,1,105,0
-5,5,21,1,105,0
-3,-6,45,1,105,0
-5,-2,48,1,105,0
3,6,51,1,105,0
7,-7,55,1,105,0
-2,-3,59,1,105,0
1,4,64,1,105,0
4,7,67,1,105,0
2,5,78,1,105,0
-1,1,84,1,105,0
3,-5,91,1,105,0
5,-1,105,1,105,0
-2,3,8,1,105,0
-6,-6,14,1,105,0
3,7,16,1,105,0
-3,-7,22,1,105,0
-4,5,27,1,105,0
-3,4,35,1,105,0
-5,-3,41,1,105,0
-2,-4,48,1,105,0
2,6,49,1,105,0
0,4,57,1,105,0
-1,-1,75,1,105,0
2,-3,77,1,105,0
1,5,85,1,105,0
0,-7,104,1,105,0
-9,-6,4,1,105,0
-3,-8,6,1,105,0
-1,3,14,1,105,0
-6,-7,9,1,105,0
3,8,13,1,105,0
-3,5,33,1,105,0
-2,4,42,1,105,0
0,5,54,1,105,0
5,-3,58,1,105,0
-4,-1,59,1,105,0
3,-7,79,1,105,0
8,3,84,1,105,0
1,-1,89,1,105,0
1,6,92,1,105,0
7,2,103,1,105,0
2,7,104,1,105,0
2,8,6,1,105,0
0,6,37,1,105,0
8,-3,39,1,105,0
-4,-2,49,1,105,0
-1,4,49,1,105,0
-1,-3,53,1,105,0
-2,-6,59,1,105,0
6,-7,62,1,105,0
4,0,93,1,105,0
2,-5,85,1,105,0
1,-2,88,1,105,0
1,7,94,1,105,0
7,3,94,1,105,0
6,2,104,1,105,0
2,9,5,1,105,0
-3,7,14,1,105,0
-5,-6,21,1,105,0
-2,6,23,1,105,0
-1,-4,52,1,105,0
4,1,84,1,105,0
8,5,91,1,105,0
1,-3,93,1,105,0
6,3,93,1,105,0
5,-5,102,1,105,0
-5,-7,8,1,106,0
-8,-6,9,1,106,0
-3,8,9,1,106,0
-2,7,18,1,106,0
5,3,51,1,106,0
-7,-3,29,1,106,0
-1,6,31,1,106,0
-4,-4,34,1,106,0
4,-3,64,1,106,0
-1,-5,66,1,106,0
3,1,83,1,106,0
0,-1,81,1,106,0
2,-7,87,1,106,0
1,-4,97,1,106,0
7,5,98,1,106,0
-3,9,3,1,106,0
4,3,58,1,106,0
-7,-4,28,1,106,0
-4,-5,31,1,106,0
7,-3,46,1,106,0
-1,-6,61,1,106,0
5,-7,68,1,106,0
5,4,68,1,106,0
3,2,77,1,106,0
1,-5,79,1,106,0
0,-2,82,1,106,0
8,7,95,1,106,0
2,1,102,1,106,0
6,5,105,1,106,0
-8,5,2,1,106,0
3,3,68,1,106,0
-7,-5,21,1,106,0
-4,-6,24,1,106,0
8,-7,48,1,106,0
-3,0,66,1,106,0
5,5,74,1,106,0
1,-6,93,1,106,0
7,7,102,1,106,0
4,-5,105,1,106,0
1,1,105,1,106,0
0,-3,105,1,106,0
-7,5,9,1,106,0
-7,-6,14,1,106,0
2,3,67,1,106,0
-6,-3,38,1,106,0
-3,-4,42,1,106,0
4,5,66,1,106,0
-2,-1,69,1,106,0
3,-3,71,1,106,0
-2,0,74,1,106,0
1,-7,91,1,106,0
1,2,97,1,106,0
6,7,105,1,106,0
1,-8,3,1,106,0
-4,-8,5,1,106,0
-6,5,15,1,106,0
1,3,26,1,106,0
6,-3,52,1,106,0
3,5,58,1,106,0
-2,-2,66,1,106,0
0,-5,72,1,106,0
2,4,73,1,106,0
4,-7,74,1,106,0
-1,0,75,1,106,0
5,7,76,1,106,0
0,2,91,1,106,0
2,-1,91,1,106,0
0,3,19,1,106,0
-5,5,21,1,106,0
-3,-6,45,1,106,0
-5,-2,48,1,106,0
3,6,51,1,106,0
7,-7,55,1,106,0
-2,-3,59,1,106,0
1,4,64,1,106,0
4,7,67,1,106,0
2,5,78,1,106,0
-1,1,84,1,106,0
3,-5,91,1,106,0
5,-1,106,1,106,0
-2,3,8,1,106,0
-6,-6,14,1,106,0
3,7,16,1,106,0
-3,-7,22,1,106,0
-4,5,27,1,106,0
-3,4,35,1,106,0
-5,-3,41,1,106,0
-2,-4,48,1,106,0
2,6,49,1,106,0
0,4,57,1,106,0
-1,-1,75,1,106,0
2,-3,77,1,106,0
1,5,85,1,106,0
0,-7,105,1,106,0
-9,-6,4,1,106,0
-3,-8,6,1,106,0
-1,3,14,1,106,0
-6,-7,9,1,106,0
3,8,13,1,106,0
-3,5,33,1,106,0
-2,4,42,1,106,0
0,5,54,1,106,0
5,-3,58,1,106,0
-4,-1,59,1,106,0
3,-7,79,1,106,0
8,3,84,1,106,0
1,-1,89,1,106,0
1,6,92,1,106,0
7,2,103,1,106,0
2,7,105,1,106,0
2,8,6,1,106,0
0,6,37,1,106,0
8,-3,39,1,106,0
-4,-2,49,1,106,0
-1,4,49,1,106,0
-1,-3,53,1,106,0
-2,-6,59,1,106,0
6,-7,62,1,106,0
4,0,93,1,106,0
2,-5,85,1,106,0
1,-2,88,1,106,0
1,7,94,1,106,0
7,3,94,1,106,0
6,2,105,1,106,0
2,9,5,1,106,0
-3,7,14,1,106,0
-5,-6,21,1,106,0
-2,6,23,1,106,0
-1,-4,52,1,106,0
4,1,84,1,106,0
8,5,91,1,106,0
1,-3,93,1,106,0
6,3,93,1,106,0
5,-5,102,1,106,0
-5,-7,8,1,107,0
-8,-6,9,1,107,0
-3,8,9,1,107,0
-2,7,18,1,107,0
5,3,51,1,107,0
-7,-3,29,1,107,0
-1,6,31,1,107,0
-4,-4,34,1,107,0
4,-3,64,1,107,0
-1,-5,66,1,107,0
3,1,83,1,107,0
0,-1,81,1,107,0
2,-7,87,1,107,0
1,-4,97,1,107,0
7,5,98,1,107,0
-3,9,3,1,107,0
4,3,58,1,107,0
-7,-4,28,1,107,0
-4,-5,31,1,107,0
7,-3,46,1,107,0
-1,-6,61,1,107,0
5,-7,68,1,107,0
5,4,68,1,107,0
3,2,77,1,107,0
1,-5,79,1,107,0
0,-2,82,1,107,0
8,7,95,1,107,0
2,1,102,1,107,0
6,5,106,1,107,0
-8,5,2,1,107,0
3,3,68,1,107,0
-7,-5,21,1,107,0
-4,-6,24,1,107,0
8,-7,48,1,107,0
-3,0,66,1,107,0
5,5,74,1,107,0
1,-6,93,1,107,0
7,7,102,1,107,0
4,-5,106,1,107,0
1,1,106,1,107,0
0,-3,106,1,107,0
-7,5,9,1,107,0
-7,-6,14,1,107,0
2,3,67,1,107,0
-6,-3,38,1,107,0
-3,-4,42,1,107,0
4,5,66,1,107,0
-2,-1,69,1,107,0
3,-3,71,1,107,0
-2,0,74,1,107,0
1,-7,91,1,107,0
1,2,97,1,107,0
6,7,106,1,107,0
1,-8,3,1,107,0
-4,-8,5,1,107,0
-6,5,15,1,107,0
1,3,26,1,107,0
6,-3,52,1,107,0
3,5,58,1,107,0
-2,-2,66,1,107,0
0,-5,72,1,107,0
2,4,73,1,107,0
4,-7,74,1,107,0
-1,0,75,1,107,0
5,7,76,1,107,0
0,2,91,1,107,0
2,-1,91,1,107,0
0,3,19,1,107,0
-5,5,21,1,107,0
-3,-6,45,1,107,0
-5,-2,48,1,107,0
3,6,51,1,107,0
7,-7,55,1,107,0
-2,-3,59,1,107,0
1,4,64,1,107,0
4,7,67,1,107,0
2,5,78,1,107,0
-1,1,84,1,107,0
3,-5,91,1,107,0
5,-1,106,1,107,0
0,-6,106,1,107,0
-2,3,8,1,107,0
-6,-6,14,1,107,0
3,7,16,1,107,0
-3,-7,22,1,107,0
-4,5,27,1,107,0
-3,4,35,1,107,0
-5,-3,41,1,107,0
-2,-4,48,1,107,0
2,6,49,1,107,0
0,4,57,1,107,0
-1,-1,75,1,107,0
2,-3,77,1,107,0
1,5,85,1,107,0
0,-7,105,1,107,0
-9,-6,4,1,107,0
-3,-8,6,1,107,0
-1,3,14,1,107,0
-6,-7,9,1,107,0
3,8,13,1,107,0
-3,5,33,1,107,0
-2,4,42,1,107,0
0,5,54,1,107,0
5,-3,58,1,107,0
-4,-1,59,1,107,0
3,-7,79,1,107,0
8,3,84,1,107,0
1,-1,89,1,107,0
1,6,92,1,107,0
7,2,103,1,107,0
2,7,106,1,107,0
2,8,6,1,107,0
0,6,37,1,107,0
8,-3,39,1,107,0
-4,-2,49,1,107,0
-1,4,49,1,107,0
-1,-3,53,1,107,0
-2,-6,59,1,107,0
6,-7,62,1,107,0
4,0,93,1,107,0
2,-5,85,1,107,0
1,-2,88,1,107,0
1,7,94,1,107,0
7,3,94,1,107,0
6,2,106,1,107,0
4,-1,107,1,107,0
2,9,5,1,107,0
-3,7,14,1,107,0
-5,-6,21,1,107,0
-2,6,23,1,107,0
-1,-4,52,1,107,0
4,1,84,1,107,0
8,5,91,1,107,0
1,-3,93,1,107,0
6,3,93,1,107,0
5,-5,102,1,107,0
-5,-7,8,1,108,0
-8,-6,9,1,108,0
-3,8,9,1,108,0
-2,7,18,1,108,0
5,3,51,1,108,0
-7,-3,29,1,108,0
-1,6,31,1,108,0
-4,-4,34,1,108,0
4,-3,64,1,108,0
-1,-5,66,1,108,0
3,1,83,1,108,0
0,-1,81,1,108,0
2,-7,87,1,108,0
1,-4,97,1,108,0
7,5,98,1,108,0
-3,9,3,1,108,0
4,3,58,1,108,0
-7,-4,28,1,108,0
-4,-5,31,1,108,0
7,-3,46,1,108,0
-1,-6,61,1,108,0
5,-7,68,1,108,0
5,4,68,1,108,0
3,2,77,1,108,0
1,-5,79,1,108,0
0,-2,82,1,108,0
8,7,95,1,108,0
2,1,102,1,108,0
6,5,106,1,108,0
-8,5,2,1,108,0
3,3,68,1,108,0
-7,-5,21,1,108,0
-4,-6,24,1,108,0
8,-7,48,1,108,0
-3,0,66,1,108,0
1,-6,93,1,108,0
7,7,102,1,108,0
4,-5,107,1,108,0
1,1,107,1,108,0
0,-3,107,1,108,0
5,5,107,1,108,0
6,6,107,1,108,0
-7,5,9,1,108,0
-7,-6,14,1,108,0
2,3,67,1,108,0
-6,-3,38,1,108,0
-3,-4,42,1,108,0
4,5,66,1,108,0
-2,-1,69,1,108,0
3,-3,71,1,108,0
-2,0,74,1,108,0
1,-7,91,1,108,0
1,2,97,1,108,0
6,7,106,1,108,0
1,-8,3,1,108,0
-4,-8,5,1,108,0
-6,5,15,1,108,0
1,3,26,1,108,0
6,-3,52,1,108,0
3,5,58,1,108,0
-2,-2,66,1,108,0
0,-5,72,1,108,0
2,4,73,1,108,0
4,-7,74,1,108,0
-1,0,75,1,108,0
5,7,76,1,108,0
0,2,91,1,108,0
2,-1,91,1,108,0
0,3,19,1,108,0
-5,5,21,1,108,0
-3,-6,45,1,108,0
-5,-2,48,1,108,0
3,6,51,1,108,0
7,-7,55,1,108,0
-2,-3,59,1,108,0
1,4,64,1,108,0
4,7,67,1,108,0
2,5,78,1,108,0
-1,1,84,1,108,0
3,-5,91,1,108,0
5,-1,106,1,108,0
0,-6,107,1,108,0
-2,3,8,1,108,0
-6,-6,14,1,108,0
3,7,16,1,108,0
-3,-7,22,1,108,0
-4,5,27,1,108,0
-3,4,35,1,108,0
-5,-3,41,1,108,0
-2,-4,48,1,108,0
0,4,57,1,108,0
-1,-1,75,1,108,0
2,-3,77,1,108,0
1,5,85,1,108,0
0,-7,105,1,108,0
2,6,107,1,108,0
-9,-6,4,1,108,0
-3,-8,6,1,108,0
-1,3,14,1,108,0
-6,-7,9,1,108,0
3,8,13,1,108,0
-3,5,33,1,108,0
-2,4,42,1,108,0
0,5,54,1,108,0
5,-3,58,1,108,0
-4,-1,59,1,108,0
3,-7,79,1,108,0
8,3,84,1,108,0
1,-1,89,1,108,0
1,6,92,1,108,0
7,2,103,1,108,0
2,7,106,1,108,0
2,8,6,1,108,0
0,6,37,1,108,0
8,-3,39,1,108,0
-4,-2,49,1,108,0
-1,4,49,1,108,0
-1,-3,53,1,108,0
-2,-6,59,1,108,0
6,-7,62,1,108,0
4,0,93,1,108,0
2,-5,85,1,108,0
1,-2,88,1,108,0
1,7,94,1,108,0
7,3,94,1,108,0
4,-1,108,1,108,0
6,2,107,1,108,0
2,9,5,1,108,0
-3,7,14,1,108,0
-5,-6,21,1,108,0
-2,6,23,1,108,0
-1,-4,52,1,108,0
4,1,84,1,108,0
8,5,91,1,108,0
1,-3,93,1,108,0
6,3,93,1,108,0
5,-5,102,1,108,0
-5,-7,8,1,109,0
-8,-6,9,1,109,0
-3,8,9,1,109,0
-2,7,18,1,109,0
5,3,51,1,109,0
-7,-3,29,1,109,0
-1,6,31,1,109,0
-4,-4,34,1,109,0
4,-3,64,1,109,0
-1,-5,66,1,109,0
3,1,83,1,109,0
0,-1,81,1,109,0
2,-7,87,1,109,0
1,-4,97,1,109,0
7,5,98,1,109,0
-3,9,3,1,109,0
4,3,58,1,109,0
-7,-4,28,1,109,0
-4,-5,31,1,109,0
7,-3,46,1,109,0
-1,-6,61,1,109,0
5,-7,68,1,109,0
5,4,68,1,109,0
3,2,77,1,109,0
1,-5,79,1,109,0
0,-2,82,1,109,0
8,7,95,1,109,0
2,1,102,1,109,0
6,5,106,1,109,0
-8,5,2,1,109,0
3,3,68,1,109,0
-7,-5,21,1,109,0
-4,-6,24,1,109,0
8,-7,48,1,109,0
-3,0,66,1,109,0
1,-6,93,1,109,0
7,7,102,1,109,0
4,-5,108,1,109,0
1,1,108,1,109,0
0,-3,108,1,109,0
5,5,108,1,109,0
6,6,108,1,109,0
-7,5,9,1,109,0
-7,-6,14,1,109,0
2,3,67,1,109,0
-6,-3,38,1,109,0
-3,-4,42,1,109,0
4,5,66,1,109,0
-2,-1,69,1,109,0
3,-3,71,1,109,0
-2,0,74,1,109,0
1,-7,91,1,109,0
1,2,97,1,109,0
6,7,106,1,109,0
1,-8,3,1,109,0
-4,-8,5,1,109,0
-6,5,15,1,109,0
1,3,26,1,109,0
6,-3,52,1,109,0
3,5,58,1,109,0
-2,-2,66,1,109,0
0,-5,72,1,109,0
2,4,73,1,109,0
4,-7,74,1,109,0
-1,0,75,1,109,0
5,7,76,1,109,0
0,2,91,1,109,0
2,-1,91,1,109,0
0,3,19,1,109,0
-5,5,21,1,109,0
-3,-6,45,1,109,0
-5,-2,48,1,109,0
3,6,51,1,109,0
7,-7,55,1,109,0
-2,-3,59,1,109,0
1,4,64,1,109,0
4,7,67,1,109,0
2,5,78,1,109,0
-1,1,84,1,109,0
3,-5,91,1,109,0
5,-1,106,1,109,0
0,-6,108,1,109,0
-2,3,8,1,109,0
-6,-6,14,1,109,0
3,7,16,1,109,0
-3,-7,22,1,109,0
-4,5,27,1,109,0
-3,4,35,1,109,0
-5,-3,41,1,109,0
-2,-4,48,1,109,0
0,4,57,1,109,0
-1,-1,75,1,109,0
2,-3,77,1,109,0
1,5,85,1,109,0
0,-7,105,1,109,0
2,6,108,1,109,0
-9,-6,4,1,109,0
-3,-8,6,1,109,0
-1,3,14,1,109,0
-6,-7,9,1,109,0
3,8,13,1,109,0
-3,5,33,1,109,0
-2,4,42,1,109,0
0,5,54,1,109,0
5,-3,58,1,109,0
-4,-1,59,1,109,0
3,-7,79,1,109,0
8,3,84,1,109,0
1,-1,89,1,109,0
1,6,92,1,109,0
7,2,103,1,109,0
2,7,106,1,109,0
2,8,6,1,109,0
0,6,37,1,109,0
8,-3,39,1,109,0
-4,-2,49,1,109,0
-1,4,49,1,109,0
-1,-3,53,1,109,0
-2,-6,59,1,109,0
6,-7,62,1,109,0
4,0,93,1,109,0
2,-5,85,1,109,0
1,-2,88,1,109,0
1,7,94,1,109,0
7,3,94,1,109,0
4,-1,109,1,109,0
6,2,108,1,109,0
2,9,5,1,109,0
-3,7,14,1,109,0
-5,-6,21,1,109,0
-2,6,23,1,109,0
-1,-4,52,1,109,0
4,1,84,1,109,0
8,5,91,1,109,0
1,-3,93,1,109,0
6,3,93,1,109,0
5,-5,102,1,109,0
-5,-7,8,1,110,0
-8,-6,9,1,110,0
-3,8,9,1,110,0
-2,7,18,1,110,0
5,3,51,1,110,0
-7,-3,29,1,110,0
-1,6,31,1,110,0
-4,-4,34,1,110,0
4,-3,64,1,110,0
-1,-5,66,1,110,0
3,1,83,1,110,0
0,-1,81,1,110,0
2,-7,87,1,110,0
1,-4,97,1,110,0
7,5,98,1,110,0
-3,9,3,1,110,0
4,3,58,1,110,0
-7,-4,28,1,110,0
-4,-5,31,1,110,0
7,-3,46,1,110,0
-1,-6,61,1,110,0
5,-7,68,1,110,0
5,4,68,1,110,0
3,2,77,1,110,0
1,-5,79,1,110,0
8,7,95,1,110,0
2,1,102,1,110,0
6,5,106,1,110,0
4,-4,109,1,110,0
1,0,109,1,110,0
0,-2,109,1,110,0
-8,5,2,1,110,0
3,3,68,1,110,0
-7,-5,21,1,110,0
-4,-6,24,1,110,0
8,-7,48,1,110,0
-3,0,66,1,110,0
1,-6,93,1,110,0
7,7,102,1,110,0
4,-5,108,1,110,0
1,1,108,1,110,0
0,-3,108,1,110,0
5,5,109,1,110,0
6,6,109,1,110,0
-7,5,9,1,110,0
-7,-6,14,1,110,0
2,3,67,1,110,0
-6,-3,38,1,110,0
-3,-4,42,1,110,0
4,5,66,1,110,0
-2,-1,69,1,110,0
3,-3,71,1,110,0
-2,0,74,1,110,0
1,-7,91,1,110,0
1,2,97,1,110,0
6,7,106,1,110,0
1,-8,3,1,110,0
-4,-8,5,1,110,0
-6,5,15,1,110,0
1,3,26,1,110,0
6,-3,52,1,110,0
3,5,58,1,110,0
-2,-2,66,1,110,0
0,-5,72,1,110,0
2,4,73,1,110,0
4,-7,74,1,110,0
-1,0,75,1,110,0
5,7,76,1,110,0
0,2,91,1,110,0
2,-1,91,1,110,0
0,3,19,1,110,0
-5,5,21,1,110,0
-3,-6,45,1,110,0
-5,-2,48,1,110,0
3,6,51,1,110,0
7,-7,55,1,110,0
-2,-3,59,1,110,0
1,4,64,1,110,0
4,7,67,1,110,0
2,5,78,1,110,0
-1,1,84,1,110,0
3,-5,91,1,110,0
5,-1,106,1,110,0
0,-6,109,1,110,0
-2,3,8,1,110,0
-6,-6,14,1,110,0
3,7,16,1,110,0
-3,-7,22,1,110,0
-4,5,27,1,110,0
-3,4,35,1,110,0
-5,-3,41,1,110,0
-2,-4,48,1,110,0
0,4,57,1,110,0
-1,-1,75,1,110,0
2,-3,77,1,110,0
1,5,85,1,110,0
0,-7,105,1,110,0
2,6,109,1,110,0
-9,-6,4,1,110,0
-3,-8,6,1,110,0
-1,3,14,1,110,0
-6,-7,9,1,110,0
3,8,13,1,110,0
-3,5,33,1,110,0
-2,4,42,1,110,0
0,5,54,1,110,0
5,-3,58,1,110,0
-4,-1,59,1,110,0
3,-7,79,1,110,0
8,3,84,1,110,0
1,-1,89,1,110,0
1,6,92,1,110,0
7,2,103,1,110,0
2,7,106,1,110,0
2,8,6,1,110,0
0,6,37,1,110,0
8,-3,39,1,110,0
-4,-2,49,1,110,0
-1,4,49,1,110,0
-1,-3,53,1,110,0
-2,-6,59,1,110,0
6,-7,62,1,110,0
4,0,93,1,110,0
2,-5,85,1,110,0
1,-2,88,1,110,0
1,7,94,1,110,0
7,3,94,1,110,0
4,-1,109,1,110,0
6,2,109,1,110,0
2,9,5,1,110,0
-3,7,14,1,110,0
-5,-6,21,1,110,0
-2,6,23,1,110,0
-1,-4,52,1,110,0
4,1,84,1,110,0
8,5,91,1,110,0
1,-3,93,1,110,0
6,3,93,1,110,0
5,-5,102,1,110,0
-5,-7,8,1,111,0
-8,-6,9,1,111,0
-3,8,9,1,111,0
-2,7,18,1,111,0
5,3,51,1,111,0
-7,-3,29,1,111,0
-1,6,31,1,111,0
-4,-4,34,1,111,0
4,-3,64,1,111,0
-1,-5,66,1,111,0
3,1,83,1,111,0
0,-1,81,1,111,0
2,-7,87,1,111,0
1,-4,97,1,111,0
7,5,98,1,111,0
-3,9,3,1,111,0
4,3,58,1,111,0
-7,-4,28,1,111,0
-4,-5,31,1,111,0
7,-3,46,1,111,0
-1,-6,61,1,111,0
5,-7,68,1,111,0
5,4,68,1,111,0
3,2,77,1,111,0
1,-5,79,1,111,0
8,7,95,1,111,0
2,1,102,1,111,0
6,5,106,1,111,0
4,-4,109,1,111,0
1,0,109,1,111,0
0,-2,109,1,111,0
-8,5,2,1,111,0
3,3,68,1,111,0
-7,-5,21,1,111,0
-4,-6,24,1,111,0
8,-7,48,1,111,0
-3,0,66,1,111,0
1,-6,93,1,111,0
7,7,102,1,111,0
4,-5,108,1,111,0
1,1,108,1,111,0
0,-3,108,1,111,0
5,5,109,1,111,0
6,6,109,1,111,0
-7,5,9,1,111,0
-7,-6,14,1,111,0
2,3,67,1,111,0
-6,-3,38,1,111,0
-3,-4,42,1,111,0
4,5,66,1,111,0
-2,-1,69,1,111,0
3,-3,71,1,111,0
-2,0,74,1,111,0
1,-7,91,1,111,0
1,2,97,1,111,0
6,7,106,1,111,0
1,-8,3,1,111,0
-4,-8,5,1,111,0
-6,5,15,1,111,0
1,3,26,1,111,0
6,-3,52,1,111,0
3,5,58,1,111,0
-2,-2,66,1,111,0
0,-5,72,1,111,0
2,4,73,1,111,0
4,-7,74,1,111,0
-1,0,75,1,111,0
5,7,76,1,111,0
0,2,91,1,111,0
2,-1,91,1,111,0
0,3,19,1,111,0
-5,5,21,1,111,0
-3,-6,45,1,111,0
-5,-2,48,1,111,0
3,6,51,1,111,0
7,-7,55,1,111,0
-2,-3,59,1,111,0
1,4,64,1,111,0
4,7,67,1,111,0
2,5,78,1,111,0
-1,1,84,1,111,0
3,-5,91,1,111,0
5,-1,106,1,111,0
0,-6,109,1,111,0
-2,3,8,1,111,0
-6,-6,14,1,111,0
3,7,16,1,111,0
-3,-7,22,1,111,0
-4,5,27,1,111,0
-3,4,35,1,111,0
-5,-3,41,1,111,0
-2,-4,48,1,111,0
0,4,57,1,111,0
-1,-1,75,1,111,0
2,-3,77,1,111,0
1,5,85,1,111,0
0,-7,105,1,111,0
2,6,109,1,111,0
-9,-6,4,1,111,0
-3,-8,6,1,111,0
-1,3,14,1,111,0
-6,-7,9,1,111,0
3,8,13,1,111,0
-3,5,33,1,111,0
-2,4,42,1,111,0
0,5,54,1,111,0
5,-3,58,1,111,0
-4,-1,59,1,111,0
3,-7,79,1,111,0
8,3,84,1,111,0
1,-1,89,1,111,0
1,6,92,1,111,0
7,2,103,1,111,0
2,7,106,1,111,0
2,8,6,1,111,0
0,6,37,1,111,0
8,-3,39,1,111,0
-4,-2,49,1,111,0
-1,4,49,1,111,0
-1,-3,53,1,111,0
-2,-6,59,1,111,0
6,-7,62,1,111,0
4,0,93,1,111,0
2,-5,85,1,111,0
1,-2,88,1,111,0
1,7,94,1,111,0
7,3,94,1,111,0
4,-1,111,1,111,0
6,2,109,1,111,0
2,9,5,1,111,0
-3,7,14,1,111,0
-5,-6,21,1,111,0
-2,6,23,1,111,0
-1,-4,52,1,111,0
4,1,84,1,111,0
8,5,91,1,111,0
1,-3,93,1,111,0
6,3,93,1,111,0
5,-5,102,1,111,0
-5,-7,8,1,112,0
-8,-6,9,1,112,0
-3,8,9,1,112,0
-2,7,18,1,112,0
5,3,51,1,112,0
-7,-3,29,1,112,0
-1,6,31,1,112,0
-4,-4,34,1,112,0
4,-3,64,1,112,0
-1,-5,66,1,112,0
3,1,83,1,112,0
0,-1,81,1,112,0
2,-7,87,1,112,0
1,-4,97,1,112,0
7,5,98,1,112,0
-3,9,3,1,112,0
4,3,58,1,112,0
-7,-4,28,1,112,0
-4,-5,31,1,112,0
7,-3,46,1,112,0
-1,-6,61,1,112,0
5,-7,68,1,112,0
3,2,77,1,112,0
1,-5,79,1,112,0
8,7,95,1,112,0
2,1,102,1,112,0
6,5,106,1,112,0
1,0,109,1,112,0
4,-4,111,1,112,0
0,-2,111,1,112,0
5,4,111,1,112,0
-8,5,2,1,112,0
3,3,68,1,112,0
-7,-5,21,1,112,0
-4,-6,24,1,112,0
8,-7,48,1,112,0
-3,0,66,1,112,0
1,-6,93,1,112,0
7,7,102,1,112,0
4,-5,108,1,112,0
1,1,108,1,112,0
0,-3,108,1,112,0
5,5,109,1,112,0
0,0,111,1,112,0
6,6,111,1,112,0
-7,5,9,1,112,0
-7,-6,14,1,112,0
2,3,67,1,112,0
-6,-3,38,1,112,0
-3,-4,42,1,112,0
4,5,66,1,112,0
-2,-1,69,1,112,0
3,-3,71,1,112,0
-2,0,74,1,112,0
1,-7,91,1,112,0
1,2,97,1,112,0
6,7,106,1,112,0
1,-8,3,1,112,0
-4,-8,5,1,112,0
-6,5,15,1,112,0
1,3,26,1,112,0
6,-3,52,1,112,0
3,5,58,1,112,0
-2,-2,66,1,112,0
0,-5,72,1,112,0
2,4,73,1,112,0
4,-7,74,1,112,0
-1,0,75,1,112,0
5,7,76,1,112,0
0,2,91,1,112,0
2,-1,91,1,112,0
0,3,19,1,112,0
-5,5,21,1,112,0
-3,-6,45,1,112,0
-5,-2,48,1,112,0
3,6,51,1,112,0
7,-7,55,1,112,0
-2,-3,59,1,112,0
1,4,64,1,112,0
4,7,67,1,112,0
2,5,78,1,112,0
-1,1,84,1,112,0
3,-5,91,1,112,0
5,-1,106,1,112,0
0,-6,111,1,112,0
-2,3,8,1,112,0
-6,-6,14,1,112,0
3,7,16,1,112,0
-3,-7,22,1,112,0
-4,5,27,1,112,0
-3,4,35,1,112,0
-5,-3,41,1,112,0
-2,-4,48,1,112,0
0,4,57,1,112,0
-1,-1,75,1,112,0
2,-3,77,1,112,0
1,5,85,1,112,0
0,-7,105,1,112,0
2,6,111,1,112,0
-9,-6,4,1,112,0
-3,-8,6,1,112,0
-1,3,14,1,112,0
-6,-7,9,1,112,0
3,8,13,1,112,0
-3,5,33,1,112,0
-2,4,42,1,112,0
0,5,54,1,112,0
5,-3,58,1,112,0
-4,-1,59,1,112,0
3,-7,79,1,112,0
8,3,84,1,112,0
1,-1,89,1,112,0
1,6,92,1,112,0
7,2,103,1,112,0
2,7,106,1,112,0
2,8,6,1,112,0
0,6,37,1,112,0
8,-3,39,1,112,0
-4,-2,49,1,112,0
-1,4,49,1,112,0
-1,-3,53,1,112,0
-2,-6,59,1,112,0
6,-7,62,1,112,0
4,0,93,1,112,0
2,-5,85,1,112,0
1,-2,88,1,112,0
1,7,94,1,112,0
7,3,94,1,112,0
4,-1,112,1,112,0
6,2,109,1,112,0
2,9,5,1,112,0
-3,7,14,1,112,0
-5,-6,21,1,112,0
-2,6,23,1,112,0
-1,-4,52,1,112,0
4,1,84,1,112,0
8,5,91,1,112,0
1,-3,93,1,112,0
6,3,93,1,112,0
5,-5,102,1,112,0
5,2,111,1,112,0
-5,-7,8,1,113,0
-8,-6,9,1,113,0
-3,8,9,1,113,0
-2,7,18,1,113,0
5,3,51,1,113,0
-7,-3,29,1,113,0
-1,6,31,1,113,0
-4,-4,34,1,113,0
4,-3,64,1,113,0
-1,-5,66,1,113,0
3,1,83,1,113,0
0,-1,81,1,113,0
2,-7,87,1,113,0
1,-4,97,1,113,0
7,5,98,1,113,0
-3,9,3,1,113,0
4,3,58,1,113,0
-7,-4,28,1,113,0
-4,-5,31,1,113,0
7,-3,46,1,113,0
-1,-6,61,1,113,0
5,-7,68,1,113,0
3,2,77,1,113,0
1,-5,79,1,113,0
8,7,95,1,113,0
2,1,102,1,113,0
6,5,106,1,113,0
1,0,109,1,113,0
4,-4,112,1,113,0
0,-2,112,1,113,0
5,4,112,1,113,0
3,-1,113,1,113,0
-8,5,2,1,113,0
3,3,68,1,113,0
-7,-5,21,1,113,0
-4,-6,24,1,113,0
8,-7,48,1,113,0
-3,0,66,1,113,0
1,-6,93,1,113,0
7,7,102,1,113,0
4,-5,108,1,113,0
1,1,108,1,113,0
0,-3,108,1,113,0
5,5,109,1,113,0
6,6,111,1,113,0
0,0,112,1,113,0
-7,5,9,1,113,0
-7,-6,14,1,113,0
2,3,67,1,113,0
-6,-3,38,1,113,0
-3,-4,42,1,113,0
4,5,66,1,113,0
-2,-1,69,1,113,0
3,-3,71,1,113,0
-2,0,74,1,113,0
1,-7,91,1,113,0
1,2,97,1,113,0
6,7,106,1,113,0
5,6,112,1,113,0
1,-8,3,1,113,0
-4,-8,5,1,113,0
-6,5,15,1,113,0
1,3,26,1,113,0
6,-3,52,1,113,0
3,5,58,1,113,0
-2,-2,66,1,113,0
0,-5,72,1,113,0
2,4,73,1,113,0
4,-7,74,1,113,0
-1,0,75,1,113,0
5,7,76,1,113,0
0,2,91,1,113,0
2,-1,91,1,113,0
0,3,19,1,113,0
-5,5,21,1,113,0
-3,-6,45,1,113,0
-5,-2,48,1,113,0
3,6,51,1,113,0
7,-7,55,1,113,0
-2,-3,59,1,113,0
1,4,64,1,113,0
4,7,67,1,113,0
2,5,78,1,113,0
-1,1,84,1,113,0
3,-5,91,1,113,0
5,-1,106,1,113,0
0,-6,112,1,113,0
-2,3,8,1,113,0
-6,-6,14,1,113,0
3,7,16,1,113,0
-3,-7,22,1,113,0
-4,5,27,1,113,0
-3,4,35,1,113,0
-5,-3,41,1,113,0
-2,-4,48,1,113,0
0,4,57,1,113,0
-1,-1,75,1,113,0
2,-3,77,1,113,0
1,5,85,1,113,0
0,-7,105,1,113,0
2,6,112,1,113,0
-9,-6,4,1,113,0
-3,-8,6,1,113,0
-1,3,14,1,113,0
-6,-7,9,1,113,0
3,8,13,1,113,0
-3,5,33,1,113,0
-2,4,42,1,113,0
0,5,54,1,113,0
5,-3,58,1,113,0
-4,-1,59,1,113,0
3,-7,79,1,113,0
8,3,84,1,113,0
1,-1,89,1,113,0
1,6,92,1,113,0
7,2,103,1,113,0
2,7,106,1,113,0
2,8,6,1,113,0
0,6,37,1,113,0
8,-3,39,1,113,0
-4,-2,49,1,113,0
-1,4,49,1,113,0
-1,-3,53,1,113,0
-2,-6,59,1,113,0
6,-7,62,1,113,0
4,0,93,1,113,0
2,-5,85,1,113,0
1,-2,88,1,113,0
1,7,94,1,113,0
7,3,94,1,113,0
4,-1,112,1,113,0
6,2,109,1,113,0
2,9,5,1,113,0
-3,7,14,1,113,0
-5,-6,21,1,113,0
-2,6,23,1,113,0
-1,-4,52,1,113,0
4,1,84,1,113,0
8,5,91,1,113,0
1,-3,93,1,113,0
6,3,93,1,113,0
5,-5,102,1,113,0
5,2,112,1,113,0
-5,-7,8,1,114,0
-8,-6,9,1,114,0
-3,8,9,1,114,0
-2,7,18,1,114,0
5,3,51,1,114,0
-7,-3,29,1,114,0
-1,6,31,1,114,0
-4,-4,34,1,114,0
4,-3,64,1,114,0
-1,-5,66,1,114,0
3,1,83,1,114,0
0,-1,81,1,114,0
2,-7,87,1,114,0
1,-4,97,1,114,0
7,5,98,1,114,0
-3,9,3,1,114,0
4,3,58,1,114,0
-7,-4,28,1,114,0
-4,-5,31,1,114,0
7,-3,46,1,114,0
-1,-6,61,1,114,0
5,-7,68,1,114,0
3,2,77,1,114,0
1,-5,79,1,114,0
8,7,95,1,114,0
2,1,102,1,114,0
6,5,106,1,114,0
1,0,109,1,114,0
4,-4,112,1,114,0
3,-1,114,1,114,0
0,-2,113,1,114,0
5,4,113,1,114,0
-8,5,2,1,114,0
3,3,68,1,114,0
-7,-5,21,1,114,0
-4,-6,24,1,114,0
8,-7,48,1,114,0
-3,0,66,1,114,0
1,-6,93,1,114,0
7,7,102,1,114,0
4,-5,108,1,114,0
1,1,108,1,114,0
0,-3,108,1,114,0
5,5,109,1,114,0
6,6,111,1,114,0
0,0,113,1,114,0
-7,5,9,1,114,0
-7,-6,14,1,114,0
2,3,67,1,114,0
-6,-3,38,1,114,0
-3,-4,42,1,114,0
4,5,66,1,114,0
-2,-1,69,1,114,0
3,-3,71,1,114,0
-2,0,74,1,114,0
1,-7,91,1,114,0
1,2,97,1,114,0
6,7,106,1,114,0
5,6,113,1,114,0
1,-8,3,1,114,0
-4,-8,5,1,114,0
-6,5,15,1,114,0
1,3,26,1,114,0
6,-3,52,1,114,0
3,5,58,1,114,0
-2,-2,66,1,114,0
2,4,73,1,114,0
4,-7,74,1,114,0
-1,0,75,1,114,0
5,7,76,1,114,0
0,2,91,1,114,0
2,-1,91,1,114,0
3,-4,113,1,114,0
0,-5,113,1,114,0
0,3,19,1,114,0
-5,5,21,1,114,0
-3,-6,45,1,114,0
-5,-2,48,1,114,0
3,6,51,1,114,0
7,-7,55,1,114,0
-2,-3,59,1,114,0
1,4,64,1,114,0
4,7,67,1,114,0
2,5,78,1,114,0
-1,1,84,1,114,0
3,-5,91,1,114,0
5,-1,106,1,114,0
0,-6,112,1,114,0
-2,3,8,1,114,0
-6,-6,14,1,114,0
3,7,16,1,114,0
-3,-7,22,1,114,0
-4,5,27,1,114,0
-3,4,35,1,114,0
-5,-3,41,1,114,0
-2,-4,48,1,114,0
0,4,57,1,114,0
-1,-1,75,1,114,0
2,-3,77,1,114,0
1,5,85,1,114,0
0,-7,105,1,114,0
2,6,112,1,114,0
-9,-6,4,1,114,0
-3,-8,6,1,114,0
-1,3,14,1,114,0
-6,-7,9,1,114,0
3,8,13,1,114,0
-3,5,33,1,114,0
-2,4,42,1,114,0
0,5,54,1,114,0
5,-3,58,1,114,0
-4,-1,59,1,114,0
3,-7,79,1,114,0
8,3,84,1,114,0
1,-1,89,1,114,0
7,2,103,1,114,0
2,7,106,1,114,0
1,6,113,1,114,0
2,8,6,1,114,0
0,6,37,1,114,0
8,-3,39,1,114,0
-4,-2,49,1,114,0
-1,4,49,1,114,0
-1,-3,53,1,114,0
-2,-6,59,1,114,0
6,-7,62,1,114,0
4,0,93,1,114,0
2,-5,85,1,114,0
1,-2,88,1,114,0
1,7,94,1,114,0
7,3,94,1,114,0
4,-1,112,1,114,0
6,2,109,1,114,0
2,9,5,1,114,0
-3,7,14,1,114,0
-5,-6,21,1,114,0
-2,6,23,1,114,0
-1,-4,52,1,114,0
4,1,84,1,114,0
8,5,91,1,114,0
1,-3,93,1,114,0
6,3,93,1,114,0
5,-5,102,1,114,0
5,2,113,1,114,0
-5,-7,8,1,115,0
-8,-6,9,1,115,0
-3,8,9,1,115,0
-2,7,18,1,115,0
5,3,51,1,115,0
-7,-3,29,1,115,0
-1,6,31,1,115,0
-4,-4,34,1,115,0
4,-3,64,1,115,0
-1,-5,66,1,115,0
3,1,83,1,115,0
0,-1,81,1,115,0
2,-7,87,1,115,0
1,-4,97,1,115,0
7,5,98,1,115,0
-3,9,3,1,115,0
4,3,58,1,115,0
-7,-4,28,1,115,0
-4,-5,31,1,115,0
7,-3,46,1,115,0
-1,-6,61,1,115,0
5,-7,68,1,115,0
3,2,77,1,115,0
1,-5,79,1,115,0
8,7,95,1,115,0
2,1,102,1,115,0
6,5,106,1,115,0
1,0,109,1,115,0
4,-4,112,1,115,0
3,-1,115,1,115,0
0,-2,114,1,115,0
5,4,114,1,115,0
-8,5,2,1,115,0
3,3,68,1,115,0
-7,-5,21,1,115,0
-4,-6,24,1,115,0
8,-7,48,1,115,0
-3,0,66,1,115,0
1,-6,93,1,115,0
7,7,102,1,115,0
4,-5,108,1,115,0
1,1,108,1,115,0
0,-3,108,1,115,0
5,5,109,1,115,0
6,6,111,1,115,0
0,0,114,1,115,0
-7,5,9,1,115,0
-7,-6,14,1,115,0
2,3,67,1,115,0
-6,-3,38,1,115,0
-3,-4,42,1,115,0
4,5,66,1,115,0
-2,-1,69,1,115,0
3,-3,71,1,115,0
-2,0,74,1,115,0
1,-7,91,1,115,0
1,2,97,1,115,0
6,7,106,1,115,0
5,6,113,1,115,0
1,-8,3,1,115,0
-4,-8,5,1,115,0
-6,5,15,1,115,0
1,3,26,1,115,0
6,-3,52,1,115,0
3,5,58,1,115,0
-2,-2,66,1,115,0
2,4,73,1,115,0
4,-7,74,1,115,0
-1,0,75,1,115,0
5,7,76,1,115,0
0,2,91,1,115,0
2,-1,91,1,115,0
3,-4,114,1,115,0
0,-5,114,1,115,0
0,3,19,1,115,0
-5,5,21,1,115,0
-3,-6,45,1,115,0
-5,-2,48,1,115,0
3,6,51,1,115,0
7,-7,55,1,115,0
-2,-3,59,1,115,0
1,4,64,1,115,0
4,7,67,1,115,0
2,5,78,1,115,0
-1,1,84,1,115,0
3,-5,91,1,115,0
5,-1,106,1,115,0
0,-6,112,1,115,0
-2,3,8,1,115,0
-6,-6,14,1,115,0
3,7,16,1,115,0
-3,-7,22,1,115,0
-4,5,27,1,115,0
-3,4,35,1,115,0
-5,-3,41,1,115,0
-2,-4,48,1,115,0
0,4,57,1,115,0
-1,-1,75,1,115,0
2,-3,77,1,115,0
0,-7,105,1,115,0
2,6,112,1,115,0
1,5,114,1,115,0
-9,-6,4,1,115,0
-3,-8,6,1,115,0
-1,3,14,1,115,0
-6,-7,9,1,115,0
3,8,13,1,115,0
-3,5,33,1,115,0
-2,4,42,1,115,0
0,5,54,1,115,0
5,-3,58,1,115,0
-4,-1,59,1,115,0
3,-7,79,1,115,0
8,3,84,1,115,0
1,-1,89,1,115,0
7,2,103,1,115,0
2,7,106,1,115,0
1,6,113,1,115,0
2,8,6,1,115,0
0,6,37,1,115,0
8,-3,39,1,115,0
-4,-2,49,1,115,0
-1,4,49,1,115,0
-1,-3,53,1,115,0
-2,-6,59,1,115,0
6,-7,62,1,115,0
4,0,93,1,115,0
2,-5,85,1,115,0
1,-2,88,1,115,0
1,7,94,1,115,0
7,3,94,1,115,0
4,-1,112,1,115,0
6,2,109,1,115,0
5,1,114,1,115,0
2,9,5,1,115,0
-3,7,14,1,115,0
-5,-6,21,1,115,0
-2,6,23,1,115,0
-1,-4,52,1,115,0
4,1,84,1,115,0
8,5,91,1,115,0
1,-3,93,1,115,0
6,3,93,1,115,0
5,-5,102,1,115,0
5,2,113,1,115,0
-5,-7,8,1,116,0
-8,-6,9,1,116,0
-3,8,9,1,116,0
-2,7,18,1,116,0
5,3,51,1,116,0
-7,-3,29,1,116,0
-1,6,31,1,116,0
-4,-4,34,1,116,0
4,-3,64,1,116,0
-1,-5,66,1,116,0
3,1,83,1,116,0
2,-7,87,1,116,0
1,-4,97,1,116,0
7,5,98,1,116,0
0,-1,115,1,116,0
-3,9,3,1,116,0
4,3,58,1,116,0
-7,-4,28,1,116,0
-4,-5,31,1,116,0
7,-3,46,1,116,0
-1,-6,61,1,116,0
5,-7,68,1,116,0
3,2,77,1,116,0
1,-5,79,1,116,0
8,7,95,1,116,0
2,1,102,1,116,0
6,5,106,1,116,0
1,0,109,1,116,0
4,-4,112,1,116,0
3,-1,116,1,116,0
0,-2,114,1,116,0
5,4,115,1,116,0
-8,5,2,1,116,0
3,3,68,1,116,0
-7,-5,21,1,116,0
-4,-6,24,1,116,0
8,-7,48,1,116,0
-3,0,66,1,116,0
1,-6,93,1,116,0
7,7,102,1,116,0
4,-5,108,1,116,0
1,1,108,1,116,0
0,-3,108,1,116,0
5,5,109,1,116,0
6,6,111,1,116,0
0,0,115,1,116,0
-7,5,9,1,116,0
-7,-6,14,1,116,0
2,3,67,1,116,0
-6,-3,38,1,116,0
-3,-4,42,1,116,0
4,5,66,1,116,0
-2,-1,69,1,116,0
3,-3,71,1,116,0
-2,0,74,1,116,0
1,-7,91,1,116,0
1,2,97,1,116,0
6,7,106,1,116,0
5,6,114,1,116,0
1,-8,3,1,116,0
-4,-8,5,1,116,0
-6,5,15,1,116,0
1,3,26,1,116,0
6,-3,52,1,116,0
3,5,58,1,116,0
-2,-2,66,1,116,0
2,4,73,1,116,0
4,-7,74,1,116,0
-1,0,75,1,116,0
5,7,76,1,116,0
0,2,91,1,116,0
2,-1,91,1,116,0
3,-4,115,1,116,0
0,-5,115,1,116,0
0,3,19,1,116,0
-5,5,21,1,116,0
-3,-6,45,1,116,0
-5,-2,48,1,116,0
3,6,51,1,116,0
7,-7,55,1,116,0
-2,-3,59,1,116,0
1,4,64,1,116,0
4,7,67,1,116,0
2,5,78,1,116,0
-1,1,84,1,116,0
3,-5,91,1,116,0
5,-1,106,1,116,0
0,-6,112,1,116,0
-2,3,8,1,116,0
-6,-6,14,1,116,0
3,7,16,1,116,0
-3,-7,22,1,116,0
-4,5,27,1,116,0
-3,4,35,1,116,0
-5,-3,41,1,116,0
-2,-4,48,1,116,0
0,4,57,1,116,0
-1,-1,75,1,116,0
2,-3,77,1,116,0
0,-7,105,1,116,0
2,6,112,1,116,0
1,5,115,1,116,0
-9,-6,4,1,116,0
-3,-8,6,1,116,0
-1,3,14,1,116,0
-6,-7,9,1,116,0
3,8,13,1,116,0
-3,5,33,1,116,0
-2,4,42,1,116,0
0,5,54,1,116,0
5,-3,58,1,116,0
-4,-1,59,1,116,0
3,-7,79,1,116,0
8,3,84,1,116,0
1,-1,89,1,116,0
7,2,103,1,116,0
2,7,106,1,116,0
1,6,113,1,116,0
2,8,6,1,116,0
0,6,37,1,116,0
8,-3,39,1,116,0
-4,-2,49,1,116,0
-1,4,49,1,116,0
-1,-3,53,1,116,0
-2,-6,59,1,116,0
6,-7,62,1,116,0
4,0,93,1,116,0
2,-5,85,1,116,0
1,-2,88,1,116,0
1,7,94,1,116,0
7,3,94,1,116,0
4,-1,112,1,116,0
6,2,109,1,116,0
5,1,115,1,116,0
2,9,5,1,116,0
-3,7,14,1,116,0
-5,-6,21,1,116,0
-2,6,23,1,116,0
-1,-4,52,1,116,0
4,1,84,1,116,0
8,5,91,1,116,0
1,-3,93,1,116,0
6,3,93,1,116,0
5,-5,102,1,116,0
5,2,113,1,116,0
-5,-7,8,1,117,0
-8,-6,9,1,117,0
-3,8,9,1,117,0
-2,7,18,1,117,0
5,3,51,1,117,0
-7,-3,29,1,117,0
-1,6,31,1,117,0
-4,-4,34,1,117,0
4,-3,64,1,117,0
-1,-5,66,1,117,0
3,1,83,1,117,0
2,-7,87,1,117,0
1,-4,97,1,117,0
7,5,98,1,117,0
0,-1,116,1,117,0
-3,9,3,1,117,0
4,3,58,1,117,0
-7,-4,28,1,117,0
-4,-5,31,1,117,0
7,-3,46,1,117,0
-1,-6,61,1,117,0
5,-7,68,1,117,0
3,2,77,1,117,0
1,-5,79,1,117,0
8,7,95,1,117,0
2,1,102,1,117,0
6,5,106,1,117,0
1,0,109,1,117,0
4,-4,112,1,117,0
3,-1,117,1,117,0
0,-2,114,1,117,0
5,4,115,1,117,0
-8,5,2,1,117,0
3,3,68,1,117,0
-7,-5,21,1,117,0
-4,-6,24,1,117,0
8,-7,48,1,117,0
-3,0,66,1,117,0
1,-6,93,1,117,0
7,7,102,1,117,0
4,-5,108,1,117,0
1,1,108,1,117,0
0,-3,108,1,117,0
6,6,111,1,117,0
5,5,115,1,117,0
0,0,116,1,117,0
4,4,116,1,117,0
-7,5,9,1,117,0
-7,-6,14,1,117,0
2,3,67,1,117,0
-6,-3,38,1,117,0
-3,-4,42,1,117,0
4,5,66,1,117,0
-2,-1,69,1,117,0
3,-3,71,1,117,0
-2,0,74,1,117,0
1,-7,91,1,117,0
1,2,97,1,117,0
6,7,106,1,117,0
5,6,114,1,117,0
1,-8,3,1,117,0
-4,-8,5,1,117,0
-6,5,15,1,117,0
1,3,26,1,117,0
6,-3,52,1,117,0
3,5,58,1,117,0
-2,-2,66,1,117,0
2,4,73,1,117,0
4,-7,74,1,117,0
-1,0,75,1,117,0
5,7,76,1,117,0
0,2,91,1,117,0
2,-1,91,1,117,0
3,-4,116,1,117,0
0,-5,116,1,117,0
0,3,19,1,117,0
-5,5,21,1,117,0
-3,-6,45,1,117,0
-5,-2,48,1,117,0
3,6,51,1,117,0
7,-7,55,1,117,0
-2,-3,59,1,117,0
1,4,64,1,117,0
4,7,67,1,117,0
2,5,78,1,117,0
-1,1,84,1,117,0
3,-5,91,1,117,0
5,-1,106,1,117,0
0,-6,112,1,117,0
-2,3,8,1,117,0
-6,-6,14,1,117,0
3,7,16,1,117,0
-3,-7,22,1,117,0
-4,5,27,1,117,0
-3,4,35,1,117,0
-5,-3,41,1,117,0
-2,-4,48,1,117,0
0,4,57,1,117,0
-1,-1,75,1,117,0
2,-3,77,1,117,0
0,-7,105,1,117,0
2,6,112,1,117,0
1,5,116,1,117,0
-9,-6,4,1,117,0
-3,-8,6,1,117,0
-1,3,14,1,117,0
-6,-7,9,1,117,0
3,8,13,1,117,0
-3,5,33,1,117,0
-2,4,42,1,117,0
0,5,54,1,117,0
5,-3,58,1,117,0
-4,-1,59,1,117,0
3,-7,79,1,117,0
8,3,84,1,117,0
1,-1,89,1,117,0
7,2,103,1,117,0
2,7,106,1,117,0
1,6,113,1,117,0
2,8,6,1,117,0
0,6,37,1,117,0
8,-3,39,1,117,0
-4,-2,49,1,117,0
-1,4,49,1,117,0
-1,-3,53,1,117,0
-2,-6,59,1,117,0
6,-7,62,1,117,0
4,0,93,1,117,0
2,-5,85,1,117,0
1,-2,88,1,117,0
1,7,94,1,117,0
7,3,94,1,117,0
4,-1,112,1,117,0
6,2,109,1,117,0
5,1,116,1,117,0
2,9,5,1,117,0
-3,7,14,1,117,0
-5,-6,21,1,117,0
-2,6,23,1,117,0
-1,-4,52,1,117,0
4,1,84,1,117,0
8,5,91,1,117,0
1,-3,93,1,117,0
6,3,93,1,117,0
5,-5,102,1,117,0
5,2,113,1,117,0
-5,-7,8,1,118,0
-8,-6,9,1,118,0
-3,8,9,1,118,0
-2,7,18,1,118,0
5,3,51,1,118,0
-7,-3,29,1,118,0
-1,6,31,1,118,0
-4,-4,34,1,118,0
4,-3,64,1,118,0
-1,-5,66,1,118,0
3,1,83,1,118,0
2,-7,87,1,118,0
1,-4,97,1,118,0
7,5,98,1,118,0
0,-1,117,1,118,0
-3,9,3,1,118,0
4,3,58,1,118,0
-7,-4,28,1,118,0
-4,-5,31,1,118,0
7,-3,46,1,118,0
-1,-6,61,1,118,0
5,-7,68,1,118,0
3,2,77,1,118,0
1,-5,79,1,118,0
8,7,95,1,118,0
2,1,102,1,118,0
6,5,106,1,118,0
1,0,109,1,118,0
4,-4,112,1,118,0
3,-1,117,1,118,0
0,-2,114,1,118,0
5,4,115,1,118,0
-8,5,2,1,118,0
3,3,68,1,118,0
-7,-5,21,1,118,0
-4,-6,24,1,118,0
8,-7,48,1,118,0
-3,0,66,1,118,0
1,-6,93,1,118,0
7,7,102,1,118,0
4,-5,108,1,118,0
1,1,108,1,118,0
0,-3,108,1,118,0
6,6,111,1,118,0
5,5,116,1,118,0
0,0,117,1,118,0
4,4,117,1,118,0
-7,5,9,1,118,0
-7,-6,14,1,118,0
2,3,67,1,118,0
-6,-3,38,1,118,0
-3,-4,42,1,118,0
4,5,66,1,118,0
-2,-1,69,1,118,0
-2,0,74,1,118,0
1,-7,91,1,118,0
1,2,97,1,118,0
6,7,106,1,118,0
5,6,114,1,118,0
3,-3,117,1,118,0
1,-8,3,1,118,0
-4,-8,5,1,118,0
-6,5,15,1,118,0
1,3,26,1,118,0
6,-3,52,1,118,0
3,5,58,1,118,0
-2,-2,66,1,118,0
2,4,73,1,118,0
4,-7,74,1,118,0
-1,0,75,1,118,0
5,7,76,1,118,0
0,2,91,1,118,0
2,-1,91,1,118,0
3,-4,116,1,118,0
0,-5,117,1,118,0
0,3,19,1,118,0
-5,5,21,1,118,0
-3,-6,45,1,118,0
-5,-2,48,1,118,0
3,6,51,1,118,0
7,-7,55,1,118,0
-2,-3,59,1,118,0
1,4,64,1,118,0
4,7,67,1,118,0
2,5,78,1,118,0
-1,1,84,1,118,0
3,-5,91,1,118,0
5,-1,106,1,118,0
0,-6,112,1,118,0
-2,3,8,1,118,0
-6,-6,14,1,118,0
3,7,16,1,118,0
-3,-7,22,1,118,0
-4,5,27,1,118,0
-3,4,35,1,118,0
-5,-3,41,1,118,0
-2,-4,48,1,118,0
0,4,57,1,118,0
-1,-1,75,1,118,0
2,-3,77,1,118,0
0,-7,105,1,118,0
2,6,112,1,118,0
1,5,117,1,118,0
-9,-6,4,1,118,0
-3,-8,6,1,118,0
-1,3,14,1,118,0
-6,-7,9,1,118,0
3,8,13,1,118,0
-3,5,33,1,118,0
-2,4,42,1,118,0
0,5,54,1,118,0
5,-3,58,1,118,0
-4,-1,59,1,118,0
3,-7,79,1,118,0
8,3,84,1,118,0
1,-1,89,1,118,0
7,2,103,1,118,0
2,7,106,1,118,0
1,6,113,1,118,0
2,8,6,1,118,0
0,6,37,1,118,0
8,-3,39,1,118,0
-4,-2,49,1,118,0
-1,4,49,1,118,0
-1,-3,53,1,118,0
-2,-6,59,1,118,0
6,-7,62,1,118,0
4,0,93,1,118,0
2,-5,85,1,118,0
1,-2,88,1,118,0
1,7,94,1,118,0
7,3,94,1,118,0
4,-1,112,1,118,0
6,2,109,1,118,0
5,1,116,1,118,0
2,9,5,1,118,0
-3,7,14,1,118,0
-5,-6,21,1,118,0
-2,6,23,1,118,0
-1,-4,52,1,118,0
8,5,91,1,118,0
1,-3,93,1,118,0
6,3,93,1,118,0
5,-5,102,1,118,0
5,2,113,1,118,0
4,1,117,1,118,0
3,0,118,1,118,0
-5,-7,8,1,119,0
-8,-6,9,1,119,0
-3,8,9,1,119,0
-2,7,18,1,119,0
5,3,51,1,119,0
-7,-3,29,1,119,0
-1,6,31,1,119,0
-4,-4,34,1,119,0
4,-3,64,1,119,0
-1,-5,66,1,119,0
3,1,83,1,119,0
2,-7,87,1,119,0
1,-4,97,1,119,0
7,5,98,1,119,0
0,-1,118,1,119,0
2,0,119,1,119,0
-3,9,3,1,119,0
4,3,58,1,119,0
-7,-4,28,1,119,0
-4,-5,31,1,119,0
7,-3,46,1,119,0
-1,-6,61,1,119,0
5,-7,68,1,119,0
3,2,77,1,119,0
1,-5,79,1,119,0
8,7,95,1,119,0
2,1,102,1,119,0
6,5,106,1,119,0
1,0,109,1,119,0
4,-4,112,1,119,0
3,-1,117,1,119,0
0,-2,114,1,119,0
5,4,115,1,119,0
-8,5,2,1,119,0
3,3,68,1,119,0
-7,-5,21,1,119,0
-4,-6,24,1,119,0
8,-7,48,1,119,0
-3,0,66,1,119,0
1,-6,93,1,119,0
7,7,102,1,119,0
4,-5,108,1,119,0
1,1,108,1,119,0
0,-3,108,1,119,0
6,6,111,1,119,0
0,0,117,1,119,0
5,5,117,1,119,0
4,4,118,1,119,0
-7,5,9,1,119,0
-7,-6,14,1,119,0
2,3,67,1,119,0
-6,-3,38,1,119,0
-3,-4,42,1,119,0
4,5,66,1,119,0
-2,-1,69,1,119,0
-2,0,74,1,119,0
1,-7,91,1,119,0
1,2,97,1,119,0
6,7,106,1,119,0
5,6,114,1,119,0
3,-3,118,1,119,0
0,1,118,1,119,0
1,-8,3,1,119,0
-4,-8,5,1,119,0
-6,5,15,1,119,0
1,3,26,1,119,0
6,-3,52,1,119,0
3,5,58,1,119,0
-2,-2,66,1,119,0
2,4,73,1,119,0
4,-7,74,1,119,0
-1,0,75,1,119,0
5,7,76,1,119,0
0,2,91,1,119,0
2,-1,91,1,119,0
3,-4,116,1,119,0
0,-5,118,1,119,0
0,3,19,1,119,0
-5,5,21,1,119,0
-3,-6,45,1,119,0
-5,-2,48,1,119,0
3,6,51,1,119,0
7,-7,55,1,119,0
-2,-3,59,1,119,0
1,4,64,1,119,0
4,7,67,1,119,0
2,5,78,1,119,0
-1,1,84,1,119,0
3,-5,91,1,119,0
5,-1,106,1,119,0
0,-6,112,1,119,0
-2,3,8,1,119,0
-6,-6,14,1,119,0
3,7,16,1,119,0
-3,-7,22,1,119,0
-4,5,27,1,119,0
-3,4,35,1,119,0
-5,-3,41,1,119,0
-2,-4,48,1,119,0
0,4,57,1,119,0
-1,-1,75,1,119,0
2,-3,77,1,119,0
0,-7,105,1,119,0
2,6,112,1,119,0
1,5,118,1,119,0
-9,-6,4,1,119,0
-3,-8,6,1,119,0
-1,3,14,1,119,0
-6,-7,9,1,119,0
3,8,13,1,119,0
-3,5,33,1,119,0
-2,4,42,1,119,0
0,5,54,1,119,0
5,-3,58,1,119,0
-4,-1,59,1,119,0
3,-7,79,1,119,0
8,3,84,1,119,0
1,-1,89,1,119,0
7,2,103,1,119,0
2,7,106,1,119,0
1,6,113,1,119,0
2,8,6,1,119,0
0,6,37,1,119,0
8,-3,39,1,119,0
-4,-2,49,1,119,0
-1,4,49,1,119,0
-1,-3,53,1,119,0
-2,-6,59,1,119,0
6,-7,62,1,119,0
4,0,93,1,119,0
2,-5,85,1,119,0
1,-2,88,1,119,0
1,7,94,1,119,0
7,3,94,1,119,0
4,-1,112,1,119,0
6,2,109,1,119,0
5,1,116,1,119,0
2,9,5,1,119,0
-3,7,14,1,119,0
-5,-6,21,1,119,0
-2,6,23,1,119,0
-1,-4,52,1,119,0
8,5,91,1,119,0
1,-3,93,1,119,0
6,3,93,1,119,0
5,-5,102,1,119,0
5,2,113,1,119,0
3,0,118,1,119,0
4,1,118,1,119,0
-5,-7,8,1,120,0
-8,-6,9,1,120,0
-3,8,9,1,120,0
-2,7,18,1,120,0
5,3,51,1,120,0
-7,-3,29,1,120,0
-1,6,31,1,120,0
-4,-4,34,1,120,0
4,-3,64,1,120,0
-1,-5,66,1,120,0
3,1,83,1,120,0
2,-7,87,1,120,0
1,-4,97,1,120,0
7,5,98,1,120,0
2,0,119,1,120,0
0,-1,119,1,120,0
-3,9,3,1,120,0
-7,-4,28,1,120,0
-4,-5,31,1,120,0
7,-3,46,1,120,0
-1,-6,61,1,120,0
5,-7,68,1,120,0
3,2,77,1,120,0
1,-5,79,1,120,0
8,7,95,1,120,0
2,1,102,1,120,0
6,5,106,1,120,0
1,0,109,1,120,0
4,-4,112,1,120,0
3,-1,117,1,120,0
0,-2,114,1,120,0
5,4,115,1,120,0
4,3,119,1,120,0
-8,5,2,1,120,0
3,3,68,1,120,0
-7,-5,21,1,120,0
-4,-6,24,1,120,0
8,-7,48,1,120,0
-3,0,66,1,120,0
1,-6,93,1,120,0
7,7,102,1,120,0
4,-5,108,1,120,0
1,1,108,1,120,0
0,-3,108,1,120,0
6,6,111,1,120,0
0,0,117,1,120,0
4,4,118,1,120,0
5,5,118,1,120,0
-7,5,9,1,120,0
-7,-6,14,1,120,0
2,3,67,1,120,0
-6,-3,38,1,120,0
-3,-4,42,1,120,0
4,5,66,1,120,0
-2,-1,69,1,120,0
-2,0,74,1,120,0
1,-7,91,1,120,0
1,2,97,1,120,0
6,7,106,1,120,0
5,6,114,1,120,0
3,-3,119,1,120,0
0,1,119,1,120,0
0,-4,119,1,120,0
1,-8,3,1,120,0
-4,-8,5,1,120,0
-6,5,15,1,120,0
1,3,26,1,120,0
6,-3,52,1,120,0
3,5,58,1,120,0
-2,-2,66,1,120,0
2,4,73,1,120,0
4,-7,74,1,120,0
-1,0,75,1,120,0
5,7,76,1,120,0
0,2,91,1,120,0
2,-1,91,1,120,0
3,-4,116,1,120,0
0,-5,118,1,120,0
0,3,19,1,120,0
-5,5,21,1,120,0
-3,-6,45,1,120,0
-5,-2,48,1,120,0
3,6,51,1,120,0
7,-7,55,1,120,0
-2,-3,59,1,120,0
1,4,64,1,120,0
4,7,67,1,120,0
2,5,78,1,120,0
-1,1,84,1,120,0
3,-5,91,1,120,0
5,-1,106,1,120,0
0,-6,112,1,120,0
-2,3,8,1,120,0
-6,-6,14,1,120,0
3,7,16,1,120,0
-3,-7,22,1,120,0
-4,5,27,1,120,0
-3,4,35,1,120,0
-5,-3,41,1,120,0
-2,-4,48,1,120,0
0,4,57,1,120,0
-1,-1,75,1,120,0
2,-3,77,1,120,0
0,-7,105,1,120,0
2,6,112,1,120,0
1,5,119,1,120,0
-9,-6,4,1,120,0
-3,-8,6,1,120,0
-1,3,14,1,120,0
-6,-7,9,1,120,0
3,8,13,1,120,0
-3,5,33,1,120,0
-2,4,42,1,120,0
0,5,54,1,120,0
5,-3,58,1,120,0
-4,-1,59,1,120,0
3,-7,79,1,120,0
8,3,84,1,120,0
1,-1,89,1,120,0
7,2,103,1,120,0
2,7,106,1,120,0
1,6,113,1,120,0
2,8,6,1,120,0
0,6,37,1,120,0
8,-3,39,1,120,0
-4,-2,49,1,120,0
-1,4,49,1,120,0
-1,-3,53,1,120,0
-2,-6,59,1,120,0
6,-7,62,1,120,0
4,0,93,1,120,0
2,-5,85,1,120,0
1,-2,88,1,120,0
1,7,94,1,120,0
7,3,94,1,120,0
4,-1,112,1,120,0
6,2,109,1,120,0
5,1,116,1,120,0
2,9,5,1,120,0
-3,7,14,1,120,0
-5,-6,21,1,120,0
-2,6,23,1,120,0
-1,-4,52,1,120,0
8,5,91,1,120,0
1,-3,93,1,120,0
6,3,93,1,120,0
5,-5,102,1,120,0
5,2,113,1,120,0
3,0,118,1,120,0
4,1,119,1,120,0
-5,-7,8,1,121,0
-8,-6,9,1,121,0
-3,8,9,1,121,0
-2,7,18,1,121,0
5,3,51,1,121,0
-7,-3,29,1,121,0
-1,6,31,1,121,0
-4,-4,34,1,121,0
4,-3,64,1,121,0
-1,-5,66,1,121,0
3,1,83,1,121,0
2,-7,87,1,121,0
1,-4,97,1,121,0
7,5,98,1,121,0
2,0,121,1,121,0
0,-1,119,1,121,0
-3,9,3,1,121,0
-7,-4,28,1,121,0
-4,-5,31,1,121,0
7,-3,46,1,121,0
-1,-6,61,1,121,0
5,-7,68,1,121,0
3,2,77,1,121,0
1,-5,79,1,121,0
8,7,95,1,121,0
2,1,102,1,121,0
6,5,106,1,121,0
1,0,109,1,121,0
4,-4,112,1,121,0
3,-1,117,1,121,0
0,-2,114,1,121,0
5,4,115,1,121,0
4,3,119,1,121,0
-8,5,2,1,121,0
3,3,68,1,121,0
-7,-5,21,1,121,0
-4,-6,24,1,121,0
8,-7,48,1,121,0
-3,0,66,1,121,0
1,-6,93,1,121,0
7,7,102,1,121,0
4,-5,108,1,121,0
1,1,108,1,121,0
0,-3,108,1,121,0
6,6,111,1,121,0
0,0,117,1,121,0
4,4,118,1,121,0
5,5,119,1,121,0
-7,5,9,1,121,0
-7,-6,14,1,121,0
2,3,67,1,121,0
-6,-3,38,1,121,0
-3,-4,42,1,121,0
4,5,66,1,121,0
-2,-1,69,1,121,0
-2,0,74,1,121,0
1,-7,91,1,121,0
1,2,97,1,121,0
6,7,106,1,121,0
5,6,114,1,121,0
3,-3,119,1,121,0
0,1,119,1,121,0
0,-4,119,1,121,0
1,-8,3,1,121,0
-4,-8,5,1,121,0
-6,5,15,1,121,0
1,3,26,1,121,0
6,-3,52,1,121,0
3,5,58,1,121,0
-2,-2,66,1,121,0
2,4,73,1,121,0
4,-7,74,1,121,0
-1,0,75,1,121,0
5,7,76,1,121,0
0,2,91,1,121,0
2,-1,91,1,121,0
3,-4,116,1,121,0
0,-5,118,1,121,0
0,3,19,1,121,0
-5,5,21,1,121,0
-3,-6,45,1,121,0
-5,-2,48,1,121,0
3,6,51,1,121,0
7,-7,55,1,121,0
-2,-3,59,1,121,0
1,4,64,1,121,0
4,7,67,1,121,0
2,5,78,1,121,0
-1,1,84,1,121,0
3,-5,91,1,121,0
5,-1,106,1,121,0
0,-6,112,1,121,0
-2,3,8,1,121,0
-6,-6,14,1,121,0
3,7,16,1,121,0
-3,-7,22,1,121,0
-4,5,27,1,121,0
-3,4,35,1,121,0
-5,-3,41,1,121,0
-2,-4,48,1,121,0
0,4,57,1,121,0
-1,-1,75,1,121,0
2,-3,77,1,121,0
0,-7,105,1,121,0
2,6,112,1,121,0
1,5,119,1,121,0
-9,-6,4,1,121,0
-3,-8,6,1,121,0
-1,3,14,1,121,0
-6,-7,9,1,121,0
3,8,13,1,121,0
-3,5,33,1,121,0
-2,4,42,1,121,0
0,5,54,1,121,0
5,-3,58,1,121,0
-4,-1,59,1,121,0
3,-7,79,1,121,0
8,3,84,1,121,0
1,-1,89,1,121,0
7,2,103,1,121,0
2,7,106,1,121,0
1,6,113,1,121,0
2,8,6,1,121,0
0,6,37,1,121,0
8,-3,39,1,121,0
-4,-2,49,1,121,0
-1,4,49,1,121,0
-1,-3,53,1,121,0
-2,-6,59,1,121,0
6,-7,62,1,121,0
4,0,93,1,121,0
2,-5,85,1,121,0
1,-2,88,1,121,0
1,7,94,1,121,0
7,3,94,1,121,0
4,-1,112,1,121,0
6,2,109,1,121,0
5,1,116,1,121,0
2,9,5,1,121,0
-3,7,14,1,121,0
-5,-6,21,1,121,0
-2,6,23,1,121,0
-1,-4,52,1,121,0
8,5,91,1,121,0
1,-3,93,1,121,0
6,3,93,1,121,0
5,-5,102,1,121,0
5,2,113,1,121,0
3,0,118,1,121,0
4,1,119,1,121,0
-5,-7,8,1,122,0
-8,-6,9,1,122,0
-3,8,9,1,122,0
-2,7,18,1,122,0
5,3,51,1,122,0
-7,-3,29,1,122,0
-1,6,31,1,122,0
-4,-4,34,1,122,0
4,-3,64,1,122,0
-1,-5,66,1,122,0
3,1,83,1,122,0
2,-7,87,1,122,0
1,-4,97,1,122,0
7,5,98,1,122,0
2,0,122,1,122,0
0,-1,121,1,122,0
-3,9,3,1,122,0
-7,-4,28,1,122,0
-4,-5,31,1,122,0
7,-3,46,1,122,0
-1,-6,61,1,122,0
5,-7,68,1,122,0
3,2,77,1,122,0
1,-5,79,1,122,0
8,7,95,1,122,0
2,1,102,1,122,0
6,5,106,1,122,0
1,0,109,1,122,0
4,-4,112,1,122,0
3,-1,117,1,122,0
0,-2,114,1,122,0
5,4,115,1,122,0
4,3,121,1,122,0
-8,5,2,1,122,0
3,3,68,1,122,0
-7,-5,21,1,122,0
-4,-6,24,1,122,0
8,-7,48,1,122,0
-3,0,66,1,122,0
1,-6,93,1,122,0
7,7,102,1,122,0
4,-5,108,1,122,0
1,1,108,1,122,0
0,-3,108,1,122,0
6,6,111,1,122,0
0,0,117,1,122,0
4,4,118,1,122,0
5,5,119,1,122,0
-7,5,9,1,122,0
-7,-6,14,1,122,0
2,3,67,1,122,0
-6,-3,38,1,122,0
-3,-4,42,1,122,0
4,5,66,1,122,0
-2,-1,69,1,122,0
-2,0,74,1,122,0
1,-7,91,1,122,0
1,2,97,1,122,0
6,7,106,1,122,0
5,6,114,1,122,0
3,-3,121,1,122,0
0,1,121,1,122,0
0,-4,121,1,122,0
1,-8,3,1,122,0
-4,-8,5,1,122,0
-6,5,15,1,122,0
1,3,26,1,122,0
6,-3,52,1,122,0
3,5,58,1,122,0
-2,-2,66,1,122,0
2,4,73,1,122,0
4,-7,74,1,122,0
-1,0,75,1,122,0
5,7,76,1,122,0
0,2,91,1,122,0
2,-1,91,1,122,0
3,-4,116,1,122,0
0,-5,118,1,122,0
0,3,19,1,122,0
-5,5,21,1,122,0
-3,-6,45,1,122,0
-5,-2,48,1,122,0
3,6,51,1,122,0
7,-7,55,1,122,0
-2,-3,59,1,122,0
4,7,67,1,122,0
2,5,78,1,122,0
-1,1,84,1,122,0
3,-5,91,1,122,0
5,-1,106,1,122,0
0,-6,112,1,122,0
1,4,121,1,122,0
-2,3,8,1,122,0
-6,-6,14,1,122,0
3,7,16,1,122,0
-3,-7,22,1,122,0
-4,5,27,1,122,0
-3,4,35,1,122,0
-5,-3,41,1,122,0
-2,-4,48,1,122,0
0,4,57,1,122,0
-1,-1,75,1,122,0
2,-3,77,1,122,0
0,-7,105,1,122,0
2,6,112,1,122,0
1,5,119,1,122,0
-9,-6,4,1,122,0
-3,-8,6,1,122,0
-1,3,14,1,122,0
-6,-7,9,1,122,0
3,8,13,1,122,0
-3,5,33,1,122,0
-2,4,42,1,122,0
0,5,54,1,122,0
5,-3,58,1,122,0
-4,-1,59,1,122,0
3,-7,79,1,122,0
8,3,84,1,122,0
1,-1,89,1,122,0
7,2,103,1,122,0
2,7,106,1,122,0
1,6,113,1,122,0
2,8,6,1,122,0
0,6,37,1,122,0
8,-3,39,1,122,0
-4,-2,49,1,122,0
-1,4,49,1,122,0
-1,-3,53,1,122,0
-2,-6,59,1,122,0
6,-7,62,1,122,0
4,0,93,1,122,0
2,-5,85,1,122,0
1,-2,88,1,122,0
1,7,94,1,122,0
7,3,94,1,122,0
4,-1,112,1,122,0
6,2,109,1,122,0
5,1,116,1,122,0
2,9,5,1,122,0
-3,7,14,1,122,0
-5,-6,21,1,122,0
-2,6,23,1,122,0
-1,-4,52,1,122,0
8,5,91,1,122,0
1,-3,93,1,122,0
6,3,93,1,122,0
5,-5,102,1,122,0
5,2,113,1,122,0
3,0,118,1,122,0
4,1,121,1,122,0
-5,-7,8,1,123,0
-8,-6,9,1,123,0
-3,8,9,1,123,0
-2,7,18,1,123,0
5,3,51,1,123,0
-7,-3,29,1,123,0
-1,6,31,1,123,0
-4,-4,34,1,123,0
4,-3,64,1,123,0
-1,-5,66,1,123,0
3,1,83,1,123,0
2,-7,87,1,123,0
1,-4,97,1,123,0
7,5,98,1,123,0
2,0,123,1,123,0
0,-1,121,1,123,0
-3,9,3,1,123,0
-7,-4,28,1,123,0
-4,-5,31,1,123,0
7,-3,46,1,123,0
-1,-6,61,1,123,0
5,-7,68,1,123,0
3,2,77,1,123,0
1,-5,79,1,123,0
8,7,95,1,123,0
2,1,102,1,123,0
6,5,106,1,123,0
1,0,109,1,123,0
4,-4,112,1,123,0
3,-1,117,1,123,0
0,-2,114,1,123,0
5,4,115,1,123,0
4,3,122,1,123,0
-8,5,2,1,123,0
3,3,68,1,123,0
-7,-5,21,1,123,0
-4,-6,24,1,123,0
8,-7,48,1,123,0
-3,0,66,1,123,0
1,-6,93,1,123,0
7,7,102,1,123,0
4,-5,108,1,123,0
1,1,108,1,123,0
0,-3,108,1,123,0
6,6,111,1,123,0
4,4,118,1,123,0
5,5,119,1,123,0
0,0,122,1,123,0
-7,5,9,1,123,0
-7,-6,14,1,123,0
2,3,67,1,123,0
-6,-3,38,1,123,0
-3,-4,42,1,123,0
-2,-1,69,1,123,0
-2,0,74,1,123,0
1,-7,91,1,123,0
1,2,97,1,123,0
6,7,106,1,123,0
5,6,114,1,123,0
3,-3,121,1,123,0
4,5,121,1,123,0
0,1,122,1,123,0
0,-4,122,1,123,0
1,-8,3,1,123,0
-4,-8,5,1,123,0
-6,5,15,1,123,0
1,3,26,1,123,0
6,-3,52,1,123,0
3,5,58,1,123,0
-2,-2,66,1,123,0
2,4,73,1,123,0
4,-7,74,1,123,0
-1,0,75,1,123,0
5,7,76,1,123,0
0,2,91,1,123,0
2,-1,91,1,123,0
3,-4,116,1,123,0
0,-5,118,1,123,0
0,3,19,1,123,0
-5,5,21,1,123,0
-3,-6,45,1,123,0
-5,-2,48,1,123,0
3,6,51,1,123,0
7,-7,55,1,123,0
-2,-3,59,1,123,0
4,7,67,1,123,0
2,5,78,1,123,0
-1,1,84,1,123,0
3,-5,91,1,123,0
5,-1,106,1,123,0
0,-6,112,1,123,0
1,4,122,1,123,0
-2,3,8,1,123,0
-6,-6,14,1,123,0
3,7,16,1,123,0
-3,-7,22,1,123,0
-4,5,27,1,123,0
-3,4,35,1,123,0
-5,-3,41,1,123,0
-2,-4,48,1,123,0
0,4,57,1,123,0
-1,-1,75,1,123,0
0,-7,105,1,123,0
2,6,112,1,123,0
1,5,119,1,123,0
2,-3,122,1,123,0
-9,-6,4,1,123,0
-3,-8,6,1,123,0
-1,3,14,1,123,0
-6,-7,9,1,123,0
3,8,13,1,123,0
-3,5,33,1,123,0
-2,4,42,1,123,0
0,5,54,1,123,0
5,-3,58,1,123,0
-4,-1,59,1,123,0
3,-7,79,1,123,0
8,3,84,1,123,0
1,-1,89,1,123,0
7,2,103,1,123,0
2,7,106,1,123,0
1,6,113,1,123,0
2,8,6,1,123,0
0,6,37,1,123,0
8,-3,39,1,123,0
-4,-2,49,1,123,0
-1,4,49,1,123,0
-1,-3,53,1,123,0
-2,-6,59,1,123,0
6,-7,62,1,123,0
4,0,93,1,123,0
2,-5,85,1,123,0
1,-2,88,1,123,0
1,7,94,1,123,0
7,3,94,1,123,0
4,-1,112,1,123,0
6,2,109,1,123,0
5,1,116,1,123,0
2,9,5,1,123,0
-3,7,14,1,123,0
-5,-6,21,1,123,0
-2,6,23,1,123,0
-1,-4,52,1,123,0
8,5,91,1,123,0
1,-3,93,1,123,0
6,3,93,1,123,0
5,-5,102,1,123,0
5,2,113,1,123,0
3,0,118,1,123,0
4,1,122,1,123,0
-5,-7,8,1,124,0
-8,-6,9,1,124,0
-3,8,9,1,124,0
-2,7,18,1,124,0
5,3,51,1,124,0
-7,-3,29,1,124,0
-1,6,31,1,124,0
-4,-4,34,1,124,0
4,-3,64,1,124,0
-1,-5,66,1,124,0
2,-7,87,1,124,0
1,-4,97,1,124,0
7,5,98,1,124,0
2,0,124,1,124,0
0,-1,121,1,124,0
3,1,123,1,124,0
-3,9,3,1,124,0
-7,-4,28,1,124,0
-4,-5,31,1,124,0
7,-3,46,1,124,0
-1,-6,61,1,124,0
5,-7,68,1,124,0
3,2,77,1,124,0
1,-5,79,1,124,0
8,7,95,1,124,0
2,1,102,1,124,0
6,5,106,1,124,0
1,0,109,1,124,0
4,-4,112,1,124,0
3,-1,117,1,124,0
0,-2,114,1,124,0
5,4,115,1,124,0
4,3,123,1,124,0
-8,5,2,1,124,0
3,3,68,1,124,0
-7,-5,21,1,124,0
-4,-6,24,1,124,0
8,-7,48,1,124,0
-3,0,66,1,124,0
1,-6,93,1,124,0
7,7,102,1,124,0
4,-5,108,1,124,0
1,1,108,1,124,0
0,-3,108,1,124,0
6,6,111,1,124,0
4,4,118,1,124,0
5,5,119,1,124,0
0,0,123,1,124,0
-7,5,9,1,124,0
-7,-6,14,1,124,0
2,3,67,1,124,0
-6,-3,38,1,124,0
-3,-4,42,1,124,0
-2,-1,69,1,124,0
-2,0,74,1,124,0
1,-7,91,1,124,0
1,2,97,1,124,0
6,7,106,1,124,0
5,6,114,1,124,0
3,-3,121,1,124,0
4,5,122,1,124,0
0,1,123,1,124,0
0,-4,123,1,124,0
1,-8,3,1,124,0
-4,-8,5,1,124,0
-6,5,15,1,124,0
1,3,26,1,124,0
6,-3,52,1,124,0
3,5,58,1,124,0
-2,-2,66,1,124,0
2,4,73,1,124,0
4,-7,74,1,124,0
-1,0,75,1,124,0
5,7,76,1,124,0
0,2,91,1,124,0
2,-1,91,1,124,0
3,-4,116,1,124,0
0,-5,118,1,124,0
0,3,19,1,124,0
-5,5,21,1,124,0
-3,-6,45,1,124,0
-5,-2,48,1,124,0
3,6,51,1,124,0
7,-7,55,1,124,0
-2,-3,59,1,124,0
4,7,67,1,124,0
2,5,78,1,124,0
-1,1,84,1,124,0
3,-5,91,1,124,0
5,-1,106,1,124,0
0,-6,112,1,124,0
1,4,123,1,124,0
-2,3,8,1,124,0
-6,-6,14,1,124,0
3,7,16,1,124,0
-3,-7,22,1,124,0
-4,5,27,1,124,0
-3,4,35,1,124,0
-5,-3,41,1,124,0
-2,-4,48,1,124,0
0,4,57,1,124,0
-1,-1,75,1,124,0
0,-7,105,1,124,0
2,6,112,1,124,0
1,5,119,1,124,0
2,-3,123,1,124,0
-9,-6,4,1,124,0
-3,-8,6,1,124,0
-1,3,14,1,124,0
-6,-7,9,1,124,0
3,8,13,1,124,0
-3,5,33,1,124,0
-2,4,42,1,124,0
0,5,54,1,124,0
5,-3,58,1,124,0
-4,-1,59,1,124,0
3,-7,79,1,124,0
8,3,84,1,124,0
1,-1,89,1,124,0
7,2,103,1,124,0
2,7,106,1,124,0
1,6,113,1,124,0
2,8,6,1,124,0
0,6,37,1,124,0
8,-3,39,1,124,0
-4,-2,49,1,124,0
-1,4,49,1,124,0
-1,-3,53,1,124,0
-2,-6,59,1,124,0
6,-7,62,1,124,0
4,0,93,1,124,0
2,-5,85,1,124,0
1,-2,88,1,124,0
1,7,94,1,124,0
7,3,94,1,124,0
4,-1,112,1,124,0
6,2,109,1,124,0
5,1,116,1,124,0
2,9,5,1,124,0
-3,7,14,1,124,0
-5,-6,21,1,124,0
-2,6,23,1,124,0
-1,-4,52,1,124,0
8,5,91,1,124,0
1,-3,93,1,124,0
6,3,93,1,124,0
5,-5,102,1,124,0
5,2,113,1,124,0
3,0,118,1,124,0
4,1,122,1,124,0
-5,-7,8,1,125,0
-8,-6,9,1,125,0
-3,8,9,1,125,0
-2,7,18,1,125,0
5,3,51,1,125,0
-7,-3,29,1,125,0
-1,6,31,1,125,0
-4,-4,34,1,125,0
4,-3,64,1,125,0
-1,-5,66,1,125,0
2,-7,87,1,125,0
1,-4,97,1,125,0
7,5,98,1,125,0
2,0,125,1,125,0
0,-1,121,1,125,0
3,1,124,1,125,0
-3,9,3,1,125,0
-7,-4,28,1,125,0
-4,-5,31,1,125,0
7,-3,46,1,125,0
-1,-6,61,1,125,0
5,-7,68,1,125,0
3,2,77,1,125,0
1,-5,79,1,125,0
8,7,95,1,125,0
2,1,102,1,125,0
6,5,106,1,125,0
1,0,109,1,125,0
4,-4,112,1,125,0
3,-1,117,1,125,0
0,-2,114,1,125,0
5,4,115,1,125,0
4,3,123,1,125,0
-8,5,2,1,125,0
-7,-5,21,1,125,0
-4,-6,24,1,125,0
8,-7,48,1,125,0
-3,0,66,1,125,0
1,-6,93,1,125,0
7,7,102,1,125,0
4,-5,108,1,125,0
1,1,108,1,125,0
0,-3,108,1,125,0
6,6,111,1,125,0
5,5,119,1,125,0
0,0,123,1,125,0
3,3,124,1,125,0
4,4,124,1,125,0
-7,5,9,1,125,0
-7,-6,14,1,125,0
2,3,67,1,125,0
-6,-3,38,1,125,0
-3,-4,42,1,125,0
-2,-1,69,1,125,0
-2,0,74,1,125,0
1,-7,91,1,125,0
1,2,97,1,125,0
6,7,106,1,125,0
5,6,114,1,125,0
3,-3,121,1,125,0
4,5,123,1,125,0
0,1,124,1,125,0
0,-4,124,1,125,0
1,-8,3,1,125,0
-4,-8,5,1,125,0
-6,5,15,1,125,0
1,3,26,1,125,0
6,-3,52,1,125,0
3,5,58,1,125,0
-2,-2,66,1,125,0
2,4,73,1,125,0
4,-7,74,1,125,0
-1,0,75,1,125,0
5,7,76,1,125,0
0,2,91,1,125,0
2,-1,91,1,125,0
3,-4,116,1,125,0
0,-5,118,1,125,0
0,3,19,1,125,0
-5,5,21,1,125,0
-3,-6,45,1,125,0
-5,-2,48,1,125,0
3,6,51,1,125,0
7,-7,55,1,125,0
-2,-3,59,1,125,0
4,7,67,1,125,0
2,5,78,1,125,0
-1,1,84,1,125,0
3,-5,91,1,125,0
5,-1,106,1,125,0
0,-6,112,1,125,0
1,4,124,1,125,0
-2,3,8,1,125,0
-6,-6,14,1,125,0
3,7,16,1,125,0
-3,-7,22,1,125,0
-4,5,27,1,125,0
-3,4,35,1,125,0
-5,-3,41,1,125,0
-2,-4,48,1,125,0
0,4,57,1,125,0
-1,-1,75,1,125,0
0,-7,105,1,125,0
2,6,112,1,125,0
1,5,119,1,125,0
2,-3,124,1,125,0
-9,-6,4,1,125,0
-3,-8,6,1,125,0
-1,3,14,1,125,0
-6,-7,9,1,125,0
3,8,13,1,125,0
-3,5,33,1,125,0
-2,4,42,1,125,0
0,5,54,1,125,0
5,-3,58,1,125,0
-4,-1,59,1,125,0
3,-7,79,1,125,0
8,3,84,1,125,0
1,-1,89,1,125,0
7,2,103,1,125,0
2,7,106,1,125,0
1,6,113,1,125,0
2,8,6,1,125,0
0,6,37,1,125,0
8,-3,39,1,125,0
-4,-2,49,1,125,0
-1,4,49,1,125,0
-1,-3,53,1,125,0
-2,-6,59,1,125,0
6,-7,62,1,125,0
4,0,93,1,125,0
2,-5,85,1,125,0
1,-2,88,1,125,0
1,7,94,1,125,0
7,3,94,1,125,0
4,-1,112,1,125,0
6,2,109,1,125,0
5,1,116,1,125,0
2,9,5,1,125,0
-3,7,14,1,125,0
-5,-6,21,1,125,0
-2,6,23,1,125,0
-1,-4,52,1,125,0
8,5,91,1,125,0
1,-3,93,1,125,0
6,3,93,1,125,0
5,-5,102,1,125,0
5,2,113,1,125,0
3,0,118,1,125,0
4,1,122,1,125,0
-5,-7,8,1,126,0
-8,-6,9,1,126,0
-3,8,9,1,126,0
-2,7,18,1,126,0
5,3,51,1,126,0
-7,-3,29,1,126,0
-1,6,31,1,126,0
-4,-4,34,1,126,0
4,-3,64,1,126,0
-1,-5,66,1,126,0
2,-7,87,1,126,0
1,-4,97,1,126,0
7,5,98,1,126,0
2,0,125,1,126,0
0,-1,121,1,126,0
3,1,125,1,126,0
-3,9,3,1,126,0
-7,-4,28,1,126,0
-4,-5,31,1,126,0
7,-3,46,1,126,0
-1,-6,61,1,126,0
5,-7,68,1,126,0
3,2,77,1,126,0
1,-5,79,1,126,0
8,7,95,1,126,0
2,1,102,1,126,0
6,5,106,1,126,0
1,0,126,1,126,0
4,-4,112,1,126,0
3,-1,117,1,126,0
0,-2,114,1,126,0
5,4,115,1,126,0
4,3,123,1,126,0
-8,5,2,1,126,0
-7,-5,21,1,126,0
-4,-6,24,1,126,0
8,-7,48,1,126,0
-3,0,66,1,126,0
1,-6,93,1,126,0
7,7,102,1,126,0
4,-5,108,1,126,0
1,1,108,1,126,0
6,6,111,1,126,0
5,5,119,1,126,0
0,-3,125,1,126,0
0,0,125,1,126,0
3,3,125,1,126,0
4,4,125,1,126,0
-7,5,9,1,126,0
-7,-6,14,1,126,0
2,3,67,1,126,0
-6,-3,38,1,126,0
-3,-4,42,1,126,0
-2,-1,69,1,126,0
-2,0,74,1,126,0
1,-7,91,1,126,0
1,2,97,1,126,0
6,7,106,1,126,0
5,6,114,1,126,0
3,-3,121,1,126,0
4,5,123,1,126,0
0,1,124,1,126,0
0,-4,124,1,126,0
1,-8,3,1,126,0
-4,-8,5,1,126,0
-6,5,15,1,126,0
1,3,26,1,126,0
6,-3,52,1,126,0
3,5,58,1,126,0
-2,-2,66,1,126,0
2,4,73,1,126,0
4,-7,74,1,126,0
-1,0,75,1,126,0
5,7,76,1,126,0
2,-1,91,1,126,0
3,-4,116,1,126,0
0,-5,118,1,126,0
0,2,125,1,126,0
0,3,19,1,126,0
-5,5,21,1,126,0
-3,-6,45,1,126,0
-5,-2,48,1,126,0
3,6,51,1,126,0
7,-7,55,1,126,0
-2,-3,59,1,126,0
4,7,67,1,126,0
2,5,78,1,126,0
-1,1,84,1,126,0
3,-5,91,1,126,0
5,-1,106,1,126,0
0,-6,112,1,126,0
2,-2,125,1,126,0
1,4,125,1,126,0
-2,3,8,1,126,0
-6,-6,14,1,126,0
3,7,16,1,126,0
-3,-7,22,1,126,0
-4,5,27,1,126,0
-3,4,35,1,126,0
-5,-3,41,1,126,0
-2,-4,48,1,126,0
0,4,57,1,126,0
-1,-1,75,1,126,0
0,-7,105,1,126,0
2,6,112,1,126,0
1,5,119,1,126,0
2,-3,124,1,126,0
-9,-6,4,1,126,0
-3,-8,6,1,126,0
-1,3,14,1,126,0
-6,-7,9,1,126,0
3,8,13,1,126,0
-3,5,33,1,126,0
-2,4,42,1,126,0
0,5,54,1,126,0
5,-3,58,1,126,0
-4,-1,59,1,126,0
3,-7,79,1,126,0
8,3,84,1,126,0
1,-1,89,1,126,0
7,2,103,1,126,0
2,7,106,1,126,0
1,6,113,1,126,0
2,8,6,1,126,0
0,6,37,1,126,0
8,-3,39,1,126,0
-4,-2,49,1,126,0
-1,4,49,1,126,0
-1,-3,53,1,126,0
-2,-6,59,1,126,0
6,-7,62,1,126,0
4,0,93,1,126,0
2,-5,85,1,126,0
1,-2,88,1,126,0
1,7,94,1,126,0
7,3,94,1,126,0
4,-1,112,1,126,0
6,2,109,1,126,0
5,1,116,1,126,0
2,9,5,1,126,0
-3,7,14,1,126,0
-5,-6,21,1,126,0
-2,6,23,1,126,0
-1,-4,52,1,126,0
8,5,91,1,126,0
1,-3,93,1,126,0
6,3,93,1,126,0
5,-5,102,1,126,0
5,2,113,1,126,0
3,0,118,1,126,0
4,1,122,1,126,0
-5,-7,8,1,127,0
-8,-6,9,1,127,0
-3,8,9,1,127,0
-2,7,18,1,127,0
5,3,51,1,127,0
-7,-3,29,1,127,0
-1,6,31,1,127,0
-4,-4,34,1,127,0
4,-3,64,1,127,0
-1,-5,66,1,127,0
2,-7,87,1,127,0
1,-4,97,1,127,0
7,5,98,1,127,0
2,0,125,1,127,0
0,-1,121,1,127,0
3,1,126,1,127,0
-3,9,3,1,127,0
-7,-4,28,1,127,0
-4,-5,31,1,127,0
7,-3,46,1,127,0
-1,-6,61,1,127,0
5,-7,68,1,127,0
3,2,77,1,127,0
1,-5,79,1,127,0
8,7,95,1,127,0
2,1,102,1,127,0
6,5,106,1,127,0
1,0,127,1,127,0
4,-4,112,1,127,0
3,-1,117,1,127,0
0,-2,114,1,127,0
5,4,115,1,127,0
4,3,123,1,127,0
-8,5,2,1,127,0
-7,-5,21,1,127,0
-4,-6,24,1,127,0
8,-7,48,1,127,0
-3,0,66,1,127,0
1,-6,93,1,127,0
7,7,102,1,127,0
4,-5,108,1,127,0
1,1,108,1,127,0
6,6,111,1,127,0
5,5,119,1,127,0
0,-3,126,1,127,0
0,0,126,1,127,0
3,3,126,1,127,0
4,4,126,1,127,0
-7,5,9,1,127,0
-7,-6,14,1,127,0
2,3,67,1,127,0
-6,-3,38,1,127,0
-3,-4,42,1,127,0
-2,-1,69,1,127,0
-2,0,74,1,127,0
1,-7,91,1,127,0
1,2,97,1,127,0
6,7,106,1,127,0
5,6,114,1,127,0
3,-3,121,1,127,0
4,5,123,1,127,0
0,1,124,1,127,0
0,-4,124,1,127,0
1,-8,3,1,127,0
-4,-8,5,1,127,0
-6,5,15,1,127,0
1,3,26,1,127,0
6,-3,52,1,127,0
3,5,58,1,127,0
-2,-2,66,1,127,0
2,4,73,1,127,0
4,-7,74,1,127,0
-1,0,75,1,127,0
5,7,76,1,127,0
2,-1,91,1,127,0
3,-4,116,1,127,0
0,-5,118,1,127,0
0,2,126,1,127,0
0,3,19,1,127,0
-5,5,21,1,127,0
-3,-6,45,1,127,0
-5,-2,48,1,127,0
3,6,51,1,127,0
7,-7,55,1,127,0
-2,-3,59,1,127,0
4,7,67,1,127,0
2,5,78,1,127,0
-1,1,84,1,127,0
3,-5,91,1,127,0
5,-1,106,1,127,0
0,-6,112,1,127,0
2,-2,126,1,127,0
1,4,126,1,127,0
-2,3,8,1,127,0
-6,-6,14,1,127,0
3,7,16,1,127,0
-3,-7,22,1,127,0
-4,5,27,1,127,0
-3,4,35,1,127,0
-5,-3,41,1,127,0
-2,-4,48,1,127,0
0,4,57,1,127,0
-1,-1,75,1,127,0
0,-7,105,1,127,0
2,6,112,1,127,0
1,5,119,1,127,0
2,-3,124,1,127,0
-9,-6,4,1,127,0
-3,-8,6,1,127,0
-1,3,14,1,127,0
-6,-7,9,1,127,0
3,8,13,1,127,0
-3,5,33,1,127,0
-2,4,42,1,127,0
0,5,54,1,127,0
5,-3,58,1,127,0
-4,-1,59,1,127,0
3,-7,79,1,127,0
8,3,84,1,127,0
1,-1,89,1,127,0
7,2,103,1,127,0
2,7,106,1,127,0
1,6,113,1,127,0
2,8,6,1,127,0
0,6,37,1,127,0
8,-3,39,1,127,0
-4,-2,49,1,127,0
-1,4,49,1,127,0
-1,-3,53,1,127,0
-2,-6,59,1,127,0
6,-7,62,1,127,0
4,0,93,1,127,0
2,-5,85,1,127,0
1,-2,88,1,127,0
1,7,94,1,127,0
7,3,94,1,127,0
4,-1,112,1,127,0
6,2,109,1,127,0
5,1,116,1,127,0
2,9,5,1,127,0
-3,7,14,1,127,0
-5,-6,21,1,127,0
-2,6,23,1,127,0
-1,-4,52,1,127,0
8,5,91,1,127,0
1,-3,93,1,127,0
6,3,93,1,127,0
5,-5,102,1,127,0
5,2,113,1,127,0
3,0,118,1,127,0
4,1,122,1,127,0
-5,-7,8,1,128,0
-8,-6,9,1,128,0
-3,8,9,1,128,0
-2,7,18,1,128,0
5,3,51,1,128,0
-7,-3,29,1,128,0
-1,6,31,1,128,0
-4,-4,34,1,128,0
4,-3,64,1,128,0
-1,-5,66,1,128,0
2,-7,87,1,128,0
1,-4,97,1,128,0
7,5,98,1,128,0
2,0,125,1,128,0
0,-1,121,1,128,0
3,1,127,1,128,0
-3,9,3,1,128,0
-7,-4,28,1,128,0
-4,-5,31,1,128,0
7,-3,46,1,128,0
-1,-6,61,1,128,0
5,-7,68,1,128,0
3,2,77,1,128,0
1,-5,79,1,128,0
8,7,95,1,128,0
2,1,102,1,128,0
6,5,106,1,128,0
1,0,128,1,128,0
4,-4,112,1,128,0
3,-1,117,1,128,0
0,-2,114,1,128,0
5,4,115,1,128,0
4,3,123,1,128,0
-8,5,2,1,128,0
-7,-5,21,1,128,0
-4,-6,24,1,128,0
8,-7,48,1,128,0
-3,0,66,1,128,0
1,-6,93,1,128,0
7,7,102,1,128,0
4,-5,108,1,128,0
1,1,108,1,128,0
6,6,111,1,128,0
5,5,119,1,128,0
0,-3,127,1,128,0
0,0,127,1,128,0
3,3,127,1,128,0
4,4,127,1,128,0
-7,5,9,1,128,0
-7,-6,14,1,128,0
2,3,67,1,128,0
-6,-3,38,1,128,0
-3,-4,42,1,128,0
-2,-1,69,1,128,0
-2,0,74,1,128,0
1,-7,91,1,128,0
1,2,97,1,128,0
6,7,106,1,128,0
5,6,114,1,128,0
3,-3,121,1,128,0
4,5,123,1,128,0
0,1,124,1,128,0
0,-4,124,1,128,0
1,-8,3,1,128,0
-4,-8,5,1,128,0
-6,5,15,1,128,0
6,-3,52,1,128,0
3,5,58,1,128,0
-2,-2,66,1,128,0
2,4,73,1,128,0
4,-7,74,1,128,0
-1,0,75,1,128,0
5,7,76,1,128,0
2,-1,91,1,128,0
3,-4,116,1,128,0
0,-5,118,1,128,0
0,2,127,1,128,0
1,3,127,1,128,0
0,3,19,1,128,0
-5,5,21,1,128,0
-3,-6,45,1,128,0
-5,-2,48,1,128,0
3,6,51,1,128,0
7,-7,55,1,128,0
-2,-3,59,1,128,0
4,7,67,1,128,0
2,5,78,1,128,0
-1,1,84,1,128,0
3,-5,91,1,128,0
5,-1,106,1,128,0
0,-6,112,1,128,0
1,4,126,1,128,0
2,-2,127,1,128,0
-2,3,8,1,128,0
-6,-6,14,1,128,0
3,7,16,1,128,0
-3,-7,22,1,128,0
-4,5,27,1,128,0
-3,4,35,1,128,0
-5,-3,41,1,128,0
-2,-4,48,1,128,0
0,4,57,1,128,0
-1,-1,75,1,128,0
0,-7,105,1,128,0
2,6,112,1,128,0
1,5,119,1,128,0
2,-3,124,1,128,0
-9,-6,4,1,128,0
-3,-8,6,1,128,0
-1,3,14,1,128,0
-6,-7,9,1,128,0
3,8,13,1,128,0
-3,5,33,1,128,0
-2,4,42,1,128,0
0,5,54,1,128,0
5,-3,58,1,128,0
-4,-1,59,1,128,0
3,-7,79,1,128,0
8,3,84,1,128,0
1,-1,89,1,128,0
7,2,103,1,128,0
2,7,106,1,128,0
1,6,113,1,128,0
2,8,6,1,128,0
0,6,37,1,128,0
8,-3,39,1,128,0
-4,-2,49,1,128,0
-1,4,49,1,128,0
-1,-3,53,1,128,0
-2,-6,59,1,128,0
6,-7,62,1,128,0
4,0,93,1,128,0
2,-5,85,1,128,0
1,-2,88,1,128,0
1,7,94,1,128,0
7,3,94,1,128,0
4,-1,112,1,128,0
6,2,109,1,128,0
5,1,116,1,128,0
2,9,5,1,128,0
-3,7,14,1,128,0
-5,-6,21,1,128,0
-2,6,23,1,128,0
-1,-4,52,1,128,0
8,5,91,1,128,0
1,-3,93,1,128,0
6,3,93,1,128,0
5,-5,102,1,128,0
5,2,113,1,128,0
3,0,118,1,128,0
4,1,122,1,128,0
-5,-7,8,1,129,0
-8,-6,9,1,129,0
-3,8,9,1,129,0
-2,7,18,1,129,0
5,3,51,1,129,0
-7,-3,29,1,129,0
-1,6,31,1,129,0
-4,-4,34,1,129,0
4,-3,64,1,129,0
-1,-5,66,1,129,0
2,-7,87,1,129,0
1,-4,97,1,129,0
7,5,98,1,129,0
2,0,125,1,129,0
0,-1,121,1,129,0
3,1,128,1,129,0
-3,9,3,1,129,0
-7,-4,28,1,129,0
-4,-5,31,1,129,0
7,-3,46,1,129,0
-1,-6,61,1,129,0
5,-7,68,1,129,0
3,2,77,1,129,0
1,-5,79,1,129,0
8,7,95,1,129,0
2,1,102,1,129,0
6,5,106,1,129,0
1,0,129,1,129,0
4,-4,112,1,129,0
3,-1,117,1,129,0
0,-2,114,1,129,0
5,4,115,1,129,0
4,3,123,1,129,0
-8,5,2,1,129,0
-7,-5,21,1,129,0
-4,-6,24,1,129,0
8,-7,48,1,129,0
-3,0,66,1,129,0
1,-6,93,1,129,0
7,7,102,1,129,0
4,-5,108,1,129,0
1,1,108,1,129,0
6,6,111,1,129,0
5,5,119,1,129,0
0,-3,128,1,129,0
0,0,128,1,129,0
3,3,128,1,129,0
4,4,128,1,129,0
-7,5,9,1,129,0
-7,-6,14,1,129,0
2,3,67,1,129,0
-6,-3,38,1,129,0
-3,-4,42,1,129,0
-2,-1,69,1,129,0
-2,0,74,1,129,0
1,-7,91,1,129,0
1,2,97,1,129,0
6,7,106,1,129,0
5,6,114,1,129,0
3,-3,121,1,129,0
4,5,123,1,129,0
0,1,124,1,129,0
0,-4,124,1,129,0
1,-8,3,1,129,0
-4,-8,5,1,129,0
-6,5,15,1,129,0
6,-3,52,1,129,0
3,5,58,1,129,0
-2,-2,66,1,129,0
2,4,73,1,129,0
4,-7,74,1,129,0
-1,0,75,1,129,0
5,7,76,1,129,0
2,-1,91,1,129,0
3,-4,116,1,129,0
0,-5,118,1,129,0
0,2,128,1,129,0
1,3,128,1,129,0
0,3,19,1,129,0
-5,5,21,1,129,0
-3,-6,45,1,129,0
-5,-2,48,1,129,0
3,6,51,1,129,0
7,-7,55,1,129,0
-2,-3,59,1,129,0
4,7,67,1,129,0
2,5,78,1,129,0
-1,1,84,1,129,0
3,-5,91,1,129,0
5,-1,106,1,129,0
0,-6,112,1,129,0
1,4,126,1,129,0
2,-2,128,1,129,0
-2,3,8,1,129,0
-6,-6,14,1,129,0
3,7,16,1,129,0
-3,-7,22,1,129,0
-4,5,27,1,129,0
-3,4,35,1,129,0
-5,-3,41,1,129,0
-2,-4,48,1,129,0
0,4,57,1,129,0
-1,-1,75,1,129,0
0,-7,105,1,129,0
2,6,112,1,129,0
1,5,119,1,129,0
2,-3,124,1,129,0
-9,-6,4,1,129,0
-3,-8,6,1,129,0
-1,3,14,1,129,0
-6,-7,9,1,129,0
3,8,13,1,129,0
-3,5,33,1,129,0
-2,4,42,1,129,0
0,5,54,1,129,0
5,-3,58,1,129,0
-4,-1,59,1,129,0
3,-7,79,1,129,0
8,3,84,1,129,0
1,-1,89,1,129,0
7,2,103,1,129,0
2,7,106,1,129,0
1,6,113,1,129,0
2,8,6,1,129,0
0,6,37,1,129,0
8,-3,39,1,129,0
-4,-2,49,1,129,0
-1,4,49,1,129,0
-1,-3,53,1,129,0
-2,-6,59,1,129,0
6,-7,62,1,129,0
4,0,93,1,129,0
2,-5,85,1,129,0
1,-2,88,1,129,0
1,7,94,1,129,0
7,3,94,1,129,0
4,-1,112,1,129,0
6,2,109,1,129,0
5,1,116,1,129,0
2,9,5,1,129,0
-3,7,14,1,129,0
-5,-6,21,1,129,0
-2,6,23,1,129,0
-1,-4,52,1,129,0
8,5,91,1,129,0
1,-3,93,1,129,0
6,3,93,1,129,0
5,-5,102,1,129,0
5,2,113,1,129,0
3,0,118,1,129,0
4,1,122,1,129,0
-5,-7,8,1,130,0
-8,-6,9,1,130,0
-3,8,9,1,130,0
-2,7,18,1,130,0
5,3,51,1,130,0
-7,-3,29,1,130,0
-1,6,31,1,130,0
-4,-4,34,1,130,0
4,-3,64,1,130,0
-1,-5,66,1,130,0
2,-7,87,1,130,0
1,-4,97,1,130,0
7,5,98,1,130,0
2,0,125,1,130,0
0,-1,129,1,130,0
3,1,129,1,130,0
-3,9,3,1,130,0
-7,-4,28,1,130,0
-4,-5,31,1,130,0
7,-3,46,1,130,0
-1,-6,61,1,130,0
5,-7,68,1,130,0
1,-5,79,1,130,0
8,7,95,1,130,0
2,1,102,1,130,0
6,5,106,1,130,0
1,0,129,1,130,0
4,-4,112,1,130,0
3,-1,117,1,130,0
0,-2,114,1,130,0
5,4,115,1,130,0
4,3,123,1,130,0
3,2,129,1,130,0
-8,5,2,1,130,0
-7,-5,21,1,130,0
-4,-6,24,1,130,0
8,-7,48,1,130,0
-3,0,66,1,130,0
1,-6,93,1,130,0
7,7,102,1,130,0
4,-5,108,1,130,0
1,1,108,1,130,0
6,6,111,1,130,0
5,5,119,1,130,0
0,0,128,1,130,0
3,3,128,1,130,0
0,-3,129,1,130,0
4,4,129,1,130,0
-7,5,9,1,130,0
-7,-6,14,1,130,0
2,3,67,1,130,0
-6,-3,38,1,130,0
-3,-4,42,1,130,0
-2,-1,69,1,130,0
-2,0,74,1,130,0
1,-7,91,1,130,0
1,2,97,1,130,0
6,7,106,1,130,0
5,6,114,1,130,0
3,-3,121,1,130,0
4,5,123,1,130,0
0,1,124,1,130,0
0,-4,124,1,130,0
1,-8,3,1,130,0
-4,-8,5,1,130,0
-6,5,15,1,130,0
6,-3,52,1,130,0
3,5,58,1,130,0
-2,-2,66,1,130,0
2,4,73,1,130,0
4,-7,74,1,130,0
-1,0,75,1,130,0
5,7,76,1,130,0
2,-1,91,1,130,0
3,-4,116,1,130,0
0,-5,118,1,130,0
0,2,129,1,130,0
1,3,129,1,130,0
0,3,19,1,130,0
-5,5,21,1,130,0
-3,-6,45,1,130,0
-5,-2,48,1,130,0
3,6,51,1,130,0
7,-7,55,1,130,0
-2,-3,59,1,130,0
4,7,67,1,130,0
2,5,78,1,130,0
-1,1,84,1,130,0
3,-5,91,1,130,0
5,-1,106,1,130,0
0,-6,112,1,130,0
1,4,126,1,130,0
2,-2,129,1,130,0
-2,3,8,1,130,0
-6,-6,14,1,130,0
3,7,16,1,130,0
-3,-7,22,1,130,0
-4,5,27,1,130,0
-3,4,35,1,130,0
-5,-3,41,1,130,0
-2,-4,48,1,130,0
0,4,57,1,130,0
-1,-1,75,1,130,0
0,-7,105,1,130,0
2,6,112,1,130,0
1,5,119,1,130,0
2,-3,124,1,130,0
-9,-6,4,1,130,0
-3,-8,6,1,130,0
-1,3,14,1,130,0
-6,-7,9,1,130,0
3,8,13,1,130,0
-3,5,33,1,130,0
-2,4,42,1,130,0
0,5,54,1,130,0
5,-3,58,1,130,0
-4,-1,59,1,130,0
3,-7,79,1,130,0
8,3,84,1,130,0
1,-1,89,1,130,0
7,2,103,1,130,0
2,7,106,1,130,0
1,6,113,1,130,0
2,8,6,1,130,0
0,6,37,1,130,0
8,-3,39,1,130,0
-4,-2,49,1,130,0
-1,4,49,1,130,0
-1,-3,53,1,130,0
-2,-6,59,1,130,0
6,-7,62,1,130,0
4,0,93,1,130,0
2,-5,85,1,130,0
1,-2,88,1,130,0
1,7,94,1,130,0
7,3,94,1,130,0
4,-1,112,1,130,0
6,2,109,1,130,0
5,1,116,1,130,0
2,9,5,1,130,0
-3,7,14,1,130,0
-5,-6,21,1,130,0
-2,6,23,1,130,0
-1,-4,52,1,130,0
8,5,91,1,130,0
1,-3,93,1,130,0
6,3,93,1,130,0
5,-5,102,1,130,0
5,2,113,1,130,0
3,0,118,1,130,0
4,1,122,1,130,0
-5,-7,8,1,131,0
-8,-6,9,1,131,0
-3,8,9,1,131,0
-2,7,18,1,131,0
5,3,51,1,131,0
-7,-3,29,1,131,0
-1,6,31,1,131,0
-4,-4,34,1,131,0
4,-3,64,1,131,0
-1,-5,66,1,131,0
2,-7,87,1,131,0
1,-4,97,1,131,0
7,5,98,1,131,0
2,0,125,1,131,0
0,-1,129,1,131,0
3,1,129,1,131,0
-3,9,3,1,131,0
-7,-4,28,1,131,0
-4,-5,31,1,131,0
7,-3,46,1,131,0
-1,-6,61,1,131,0
5,-7,68,1,131,0
1,-5,79,1,131,0
8,7,95,1,131,0
2,1,102,1,131,0
6,5,106,1,131,0
1,0,131,1,131,0
4,-4,112,1,131,0
3,-1,117,1,131,0
0,-2,114,1,131,0
5,4,115,1,131,0
4,3,123,1,131,0
3,2,129,1,131,0
-8,5,2,1,131,0
-7,-5,21,1,131,0
-4,-6,24,1,131,0
8,-7,48,1,131,0
-3,0,66,1,131,0
1,-6,93,1,131,0
7,7,102,1,131,0
4,-5,108,1,131,0
1,1,108,1,131,0
6,6,111,1,131,0
5,5,119,1,131,0
0,0,128,1,131,0
3,3,128,1,131,0
0,-3,129,1,131,0
4,4,129,1,131,0
-7,5,9,1,131,0
-7,-6,14,1,131,0
2,3,67,1,131,0
-6,-3,38,1,131,0
-3,-4,42,1,131,0
-2,-1,69,1,131,0
-2,0,74,1,131,0
1,-7,91,1,131,0
1,2,97,1,131,0
6,7,106,1,131,0
5,6,114,1,131,0
3,-3,121,1,131,0
4,5,123,1,131,0
0,1,124,1,131,0
0,-4,124,1,131,0
1,-8,3,1,131,0
-4,-8,5,1,131,0
-6,5,15,1,131,0
6,-3,52,1,131,0
3,5,58,1,131,0
-2,-2,66,1,131,0
2,4,73,1,131,0
4,-7,74,1,131,0
-1,0,75,1,131,0
5,7,76,1,131,0
2,-1,91,1,131,0
3,-4,116,1,131,0
0,-5,118,1,131,0
0,2,129,1,131,0
1,3,129,1,131,0
0,3,19,1,131,0
-5,5,21,1,131,0
-3,-6,45,1,131,0
-5,-2,48,1,131,0
3,6,51,1,131,0
7,-7,55,1,131,0
-2,-3,59,1,131,0
4,7,67,1,131,0
2,5,78,1,131,0
-1,1,84,1,131,0
3,-5,91,1,131,0
5,-1,106,1,131,0
0,-6,112,1,131,0
1,4,126,1,131,0
2,-2,129,1,131,0
-2,3,8,1,131,0
-6,-6,14,1,131,0
3,7,16,1,131,0
-3,-7,22,1,131,0
-4,5,27,1,131,0
-3,4,35,1,131,0
-5,-3,41,1,131,0
-2,-4,48,1,131,0
0,4,57,1,131,0
-1,-1,75,1,131,0
0,-7,105,1,131,0
2,6,112,1,131,0
1,5,119,1,131,0
2,-3,124,1,131,0
-9,-6,4,1,131,0
-3,-8,6,1,131,0
-1,3,14,1,131,0
-6,-7,9,1,131,0
3,8,13,1,131,0
-3,5,33,1,131,0
-2,4,42,1,131,0
0,5,54,1,131,0
5,-3,58,1,131,0
-4,-1,59,1,131,0
3,-7,79,1,131,0
8,3,84,1,131,0
1,-1,89,1,131,0
7,2,103,1,131,0
2,7,106,1,131,0
1,6,113,1,131,0
2,8,6,1,131,0
0,6,37,1,131,0
8,-3,39,1,131,0
-4,-2,49,1,131,0
-1,4,49,1,131,0
-1,-3,53,1,131,0
-2,-6,59,1,131,0
6,-7,62,1,131,0
4,0,93,1,131,0
2,-5,85,1,131,0
1,-2,88,1,131,0
1,7,94,1,131,0
7,3,94,1,131,0
4,-1,112,1,131,0
6,2,109,1,131,0
5,1,116,1,131,0
2,9,5,1,131,0
-3,7,14,1,131,0
-5,-6,21,1,131,0
-2,6,23,1,131,0
-1,-4,52,1,131,0
8,5,91,1,131,0
1,-3,93,1,131,0
6,3,93,1,131,0
5,-5,102,1,131,0
5,2,113,1,131,0
3,0,118,1,131,0
4,1,122,1,131,0
-5,-7,8,1,132,0
-8,-6,9,1,132,0
-3,8,9,1,132,0
-2,7,18,1,132,0
5,3,51,1,132,0
-7,-3,29,1,132,0
-1,6,31,1,132,0
-4,-4,34,1,132,0
4,-3,64,1,132,0
-1,-5,66,1,132,0
2,-7,87,1,132,0
1,-4,97,1,132,0
7,5,98,1,132,0
2,0,125,1,132,0
3,1,129,1,132,0
0,-1,131,1,132,0
-3,9,3,1,132,0
-7,-4,28,1,132,0
-4,-5,31,1,132,0
7,-3,46,1,132,0
-1,-6,61,1,132,0
5,-7,68,1,132,0
1,-5,79,1,132,0
8,7,95,1,132,0
6,5,106,1,132,0
1,0,131,1,132,0
4,-4,112,1,132,0
3,-1,117,1,132,0
5,4,115,1,132,0
4,3,123,1,132,0
0,-2,131,1,132,0
3,2,131,1,132,0
2,1,131,1,132,0
-8,5,2,1,132,0
-7,-5,21,1,132,0
-4,-6,24,1,132,0
8,-7,48,1,132,0
-3,0,66,1,132,0
1,-6,93,1,132,0
7,7,102,1,132,0
4,-5,108,1,132,0
1,1,108,1,132,0
6,6,111,1,132,0
5,5,119,1,132,0
0,0,132,1,132,0
3,3,128,1,132,0
0,-3,129,1,132,0
4,4,129,1,132,0
-7,5,9,1,132,0
-7,-6,14,1,132,0
2,3,67,1,132,0
-6,-3,38,1,132,0
-3,-4,42,1,132,0
-2,-1,69,1,132,0
-2,0,74,1,132,0
1,-7,91,1,132,0
1,2,97,1,132,0
6,7,106,1,132,0
5,6,114,1,132,0
3,-3,121,1,132,0
4,5,123,1,132,0
0,1,124,1,132,0
0,-4,124,1,132,0
3,4,131,1,132,0
1,-8,3,1,132,0
-4,-8,5,1,132,0
-6,5,15,1,132,0
6,-3,52,1,132,0
3,5,58,1,132,0
-2,-2,66,1,132,0
2,4,73,1,132,0
4,-7,74,1,132,0
-1,0,75,1,132,0
5,7,76,1,132,0
2,-1,91,1,132,0
3,-4,116,1,132,0
0,-5,118,1,132,0
0,2,131,1,132,0
1,3,131,1,132,0
0,3,19,1,132,0
-5,5,21,1,132,0
-3,-6,45,1,132,0
-5,-2,48,1,132,0
3,6,51,1,132,0
7,-7,55,1,132,0
-2,-3,59,1,132,0
4,7,67,1,132,0
2,5,78,1,132,0
-1,1,84,1,132,0
3,-5,91,1,132,0
5,-1,106,1,132,0
0,-6,112,1,132,0
1,4,126,1,132,0
2,-2,131,1,132,0
-2,3,8,1,132,0
-6,-6,14,1,132,0
3,7,16,1,132,0
-3,-7,22,1,132,0
-4,5,27,1,132,0
-3,4,35,1,132,0
-5,-3,41,1,132,0
-2,-4,48,1,132,0
0,4,57,1,132,0
-1,-1,75,1,132,0
0,-7,105,1,132,0
2,6,112,1,132,0
1,5,119,1,132,0
2,-3,124,1,132,0
-9,-6,4,1,132,0
-3,-8,6,1,132,0
-1,3,14,1,132,0
-6,-7,9,1,132,0
3,8,13,1,132,0
-3,5,33,1,132,0
-2,4,42,1,132,0
0,5,54,1,132,0
5,-3,58,1,132,0
-4,-1,59,1,132,0
3,-7,79,1,132,0
8,3,84,1,132,0
1,-1,89,1,132,0
7,2,103,1,132,0
2,7,106,1,132,0
1,6,113,1,132,0
2,8,6,1,132,0
0,6,37,1,132,0
8,-3,39,1,132,0
-4,-2,49,1,132,0
-1,4,49,1,132,0
-1,-3,53,1,132,0
-2,-6,59,1,132,0
6,-7,62,1,132,0
4,0,93,1,132,0
2,-5,85,1,132,0
1,-2,88,1,132,0
1,7,94,1,132,0
7,3,94,1,132,0
4,-1,112,1,132,0
6,2,109,1,132,0
5,1,116,1,132,0
2,9,5,1,132,0
-3,7,14,1,132,0
-5,-6,21,1,132,0
-2,6,23,1,132,0
-1,-4,52,1,132,0
8,5,91,1,132,0
1,-3,93,1,132,0
6,3,93,1,132,0
5,-5,102,1,132,0
5,2,113,1,132,0
3,0,118,1,132,0
4,1,122,1,132,0
-5,-7,8,1,133,0
-8,-6,9,1,133,0
-3,8,9,1,133,0
-2,7,18,1,133,0
5,3,51,1,133,0
-7,-3,29,1,133,0
-1,6,31,1,133,0
-4,-4,34,1,133,0
4,-3,64,1,133,0
-1,-5,66,1,133,0
2,-7,87,1,133,0
1,-4,97,1,133,0
7,5,98,1,133,0
2,0,125,1,133,0
3,1,129,1,133,0
0,-1,132,1,133,0
-3,9,3,1,133,0
-7,-4,28,1,133,0
-4,-5,31,1,133,0
7,-3,46,1,133,0
-1,-6,61,1,133,0
5,-7,68,1,133,0
1,-5,79,1,133,0
8,7,95,1,133,0
6,5,106,1,133,0
1,0,131,1,133,0
4,-4,112,1,133,0
3,-1,117,1,133,0
5,4,115,1,133,0
4,3,123,1,133,0
3,2,131,1,133,0
0,-2,132,1,133,0
2,1,132,1,133,0
-8,5,2,1,133,0
-7,-5,21,1,133,0
-4,-6,24,1,133,0
8,-7,48,1,133,0
-3,0,66,1,133,0
1,-6,93,1,133,0
7,7,102,1,133,0
4,-5,108,1,133,0
1,1,108,1,133,0
6,6,111,1,133,0
5,5,119,1,133,0
0,0,133,1,133,0
0,-3,129,1,133,0
4,4,129,1,133,0
2,2,132,1,133,0
3,3,132,1,133,0
-7,5,9,1,133,0
-7,-6,14,1,133,0
2,3,67,1,133,0
-6,-3,38,1,133,0
-3,-4,42,1,133,0
-2,-1,69,1,133,0
-2,0,74,1,133,0
1,-7,91,1,133,0
1,2,97,1,133,0
6,7,106,1,133,0
5,6,114,1,133,0
3,-3,121,1,133,0
4,5,123,1,133,0
0,1,124,1,133,0
0,-4,124,1,133,0
3,4,131,1,133,0
1,-8,3,1,133,0
-4,-8,5,1,133,0
-6,5,15,1,133,0
6,-3,52,1,133,0
3,5,58,1,133,0
-2,-2,66,1,133,0
2,4,73,1,133,0
4,-7,74,1,133,0
-1,0,75,1,133,0
5,7,76,1,133,0
2,-1,91,1,133,0
3,-4,116,1,133,0
0,-5,118,1,133,0
0,2,131,1,133,0
1,3,132,1,133,0
-5,5,21,1,133,0
-3,-6,45,1,133,0
-5,-2,48,1,133,0
3,6,51,1,133,0
7,-7,55,1,133,0
-2,-3,59,1,133,0
4,7,67,1,133,0
2,5,78,1,133,0
-1,1,84,1,133,0
3,-5,91,1,133,0
5,-1,106,1,133,0
0,-6,112,1,133,0
1,4,126,1,133,0
2,-2,131,1,133,0
0,3,132,1,133,0
-2,3,8,1,133,0
-6,-6,14,1,133,0
3,7,16,1,133,0
-3,-7,22,1,133,0
-4,5,27,1,133,0
-3,4,35,1,133,0
-5,-3,41,1,133,0
-2,-4,48,1,133,0
0,4,57,1,133,0
-1,-1,75,1,133,0
0,-7,105,1,133,0
2,6,112,1,133,0
1,5,119,1,133,0
2,-3,124,1,133,0
-9,-6,4,1,133,0
-3,-8,6,1,133,0
-1,3,14,1,133,0
-6,-7,9,1,133,0
3,8,13,1,133,0
-3,5,33,1,133,0
-2,4,42,1,133,0
0,5,54,1,133,0
5,-3,58,1,133,0
-4,-1,59,1,133,0
3,-7,79,1,133,0
8,3,84,1,133,0
1,-1,89,1,133,0
7,2,103,1,133,0
2,7,106,1,133,0
1,6,113,1,133,0
2,8,6,1,133,0
0,6,37,1,133,0
8,-3,39,1,133,0
-4,-2,49,1,133,0
-1,4,49,1,133,0
-1,-3,53,1,133,0
-2,-6,59,1,133,0
6,-7,62,1,133,0
4,0,93,1,133,0
2,-5,85,1,133,0
1,7,94,1,133,0
7,3,94,1,133,0
4,-1,112,1,133,0
6,2,109,1,133,0
5,1,116,1,133,0
1,-2,132,1,133,0
2,9,5,1,133,0
-3,7,14,1,133,0
-5,-6,21,1,133,0
-2,6,23,1,133,0
-1,-4,52,1,133,0
8,5,91,1,133,0
1,-3,93,1,133,0
6,3,93,1,133,0
5,-5,102,1,133,0
5,2,113,1,133,0
3,0,118,1,133,0
4,1,122,1,133,0
-5,-7,8,1,134,0
-8,-6,9,1,134,0
-3,8,9,1,134,0
-2,7,18,1,134,0
5,3,51,1,134,0
-7,-3,29,1,134,0
-1,6,31,1,134,0
-4,-4,34,1,134,0
4,-3,64,1,134,0
-1,-5,66,1,134,0
2,-7,87,1,134,0
1,-4,97,1,134,0
7,5,98,1,134,0
2,0,125,1,134,0
3,1,129,1,134,0
0,-1,133,1,134,0
-3,9,3,1,134,0
-7,-4,28,1,134,0
-4,-5,31,1,134,0
7,-3,46,1,134,0
-1,-6,61,1,134,0
5,-7,68,1,134,0
1,-5,79,1,134,0
8,7,95,1,134,0
6,5,106,1,134,0
1,0,131,1,134,0
4,-4,112,1,134,0
3,-1,117,1,134,0
5,4,115,1,134,0
4,3,123,1,134,0
3,2,131,1,134,0
0,-2,133,1,134,0
2,1,133,1,134,0
-8,5,2,1,134,0
-7,-5,21,1,134,0
-4,-6,24,1,134,0
8,-7,48,1,134,0
-3,0,66,1,134,0
1,-6,93,1,134,0
7,7,102,1,134,0
4,-5,108,1,134,0
1,1,108,1,134,0
6,6,111,1,134,0
5,5,119,1,134,0
0,0,134,1,134,0
0,-3,129,1,134,0
4,4,129,1,134,0
2,2,133,1,134,0
3,3,133,1,134,0
-7,5,9,1,134,0
-7,-6,14,1,134,0
2,3,67,1,134,0
-6,-3,38,1,134,0
-3,-4,42,1,134,0
-2,-1,69,1,134,0
-2,0,74,1,134,0
1,-7,91,1,134,0
6,7,106,1,134,0
5,6,114,1,134,0
3,-3,121,1,134,0
4,5,123,1,134,0
0,1,124,1,134,0
0,-4,124,1,134,0
3,4,131,1,134,0
1,2,133,1,134,0
1,-8,3,1,134,0
-4,-8,5,1,134,0
-6,5,15,1,134,0
6,-3,52,1,134,0
3,5,58,1,134,0
-2,-2,66,1,134,0
2,4,73,1,134,0
4,-7,74,1,134,0
-1,0,75,1,134,0
5,7,76,1,134,0
2,-1,91,1,134,0
3,-4,116,1,134,0
0,-5,118,1,134,0
0,2,131,1,134,0
1,3,132,1,134,0
-5,5,21,1,134,0
-3,-6,45,1,134,0
-5,-2,48,1,134,0
3,6,51,1,134,0
7,-7,55,1,134,0
-2,-3,59,1,134,0
4,7,67,1,134,0
2,5,78,1,134,0
-1,1,84,1,134,0
3,-5,91,1,134,0
5,-1,106,1,134,0
0,-6,112,1,134,0
1,4,126,1,134,0
2,-2,131,1,134,0
0,3,133,1,134,0
-2,3,8,1,134,0
-6,-6,14,1,134,0
3,7,16,1,134,0
-3,-7,22,1,134,0
-4,5,27,1,134,0
-3,4,35,1,134,0
-5,-3,41,1,134,0
-2,-4,48,1,134,0
0,4,57,1,134,0
-1,-1,75,1,134,0
0,-7,105,1,134,0
2,6,112,1,134,0
1,5,119,1,134,0
2,-3,124,1,134,0
-9,-6,4,1,134,0
-3,-8,6,1,134,0
-1,3,14,1,134,0
-6,-7,9,1,134,0
3,8,13,1,134,0
-3,5,33,1,134,0
-2,4,42,1,134,0
0,5,54,1,134,0
5,-3,58,1,134,0
-4,-1,59,1,134,0
3,-7,79,1,134,0
8,3,84,1,134,0
1,-1,89,1,134,0
7,2,103,1,134,0
2,7,106,1,134,0
1,6,113,1,134,0
2,8,6,1,134,0
0,6,37,1,134,0
8,-3,39,1,134,0
-4,-2,49,1,134,0
-1,4,49,1,134,0
-1,-3,53,1,134,0
-2,-6,59,1,134,0
6,-7,62,1,134,0
4,0,93,1,134,0
2,-5,85,1,134,0
1,7,94,1,134,0
7,3,94,1,134,0
4,-1,112,1,134,0
6,2,109,1,134,0
5,1,116,1,134,0
1,-2,133,1,134,0
2,9,5,1,134,0
-3,7,14,1,134,0
-5,-6,21,1,134,0
-2,6,23,1,134,0
-1,-4,52,1,134,0
8,5,91,1,134,0
1,-3,93,1,134,0
6,3,93,1,134,0
5,-5,102,1,134,0
5,2,113,1,134,0
3,0,118,1,134,0
4,1,122,1,134,0
-5,-7,8,1,135,0
-8,-6,9,1,135,0
-3,8,9,1,135,0
-2,7,18,1,135,0
5,3,51,1,135,0
-7,-3,29,1,135,0
-1,6,31,1,135,0
-4,-4,34,1,135,0
4,-3,64,1,135,0
-1,-5,66,1,135,0
2,-7,87,1,135,0
1,-4,97,1,135,0
7,5,98,1,135,0
2,0,125,1,135,0
3,1,129,1,135,0
0,-1,133,1,135,0
-3,9,3,1,135,0
-7,-4,28,1,135,0
-4,-5,31,1,135,0
7,-3,46,1,135,0
-1,-6,61,1,135,0
5,-7,68,1,135,0
1,-5,79,1,135,0
8,7,95,1,135,0
6,5,106,1,135,0
1,0,131,1,135,0
4,-4,112,1,135,0
3,-1,117,1,135,0
5,4,115,1,135,0
4,3,123,1,135,0
3,2,131,1,135,0
0,-2,134,1,135,0
2,1,134,1,135,0
-8,5,2,1,135,0
-7,-5,21,1,135,0
-4,-6,24,1,135,0
8,-7,48,1,135,0
-3,0,66,1,135,0
1,-6,93,1,135,0
7,7,102,1,135,0
4,-5,108,1,135,0
1,1,108,1,135,0
6,6,111,1,135,0
5,5,119,1,135,0
0,0,135,1,135,0
0,-3,129,1,135,0
4,4,129,1,135,0
2,2,134,1,135,0
3,3,134,1,135,0
-7,5,9,1,135,0
-7,-6,14,1,135,0
2,3,67,1,135,0
-6,-3,38,1,135,0
-3,-4,42,1,135,0
-2,-1,69,1,135,0
-2,0,74,1,135,0
1,-7,91,1,135,0
6,7,106,1,135,0
5,6,114,1,135,0
3,-3,121,1,135,0
4,5,123,1,135,0
0,1,124,1,135,0
0,-4,124,1,135,0
3,4,131,1,135,0
1,2,134,1,135,0
1,-8,3,1,135,0
-4,-8,5,1,135,0
-6,5,15,1,135,0
6,-3,52,1,135,0
3,5,58,1,135,0
-2,-2,66,1,135,0
2,4,73,1,135,0
4,-7,74,1,135,0
-1,0,75,1,135,0
5,7,76,1,135,0
2,-1,91,1,135,0
3,-4,116,1,135,0
0,-5,118,1,135,0
0,2,131,1,135,0
1,3,132,1,135,0
-5,5,21,1,135,0
-3,-6,45,1,135,0
-5,-2,48,1,135,0
3,6,51,1,135,0
7,-7,55,1,135,0
-2,-3,59,1,135,0
4,7,67,1,135,0
2,5,78,1,135,0
-1,1,84,1,135,0
3,-5,91,1,135,0
5,-1,106,1,135,0
0,-6,112,1,135,0
1,4,126,1,135,0
2,-2,131,1,135,0
0,3,133,1,135,0
-2,3,8,1,135,0
-6,-6,14,1,135,0
3,7,16,1,135,0
-3,-7,22,1,135,0
-4,5,27,1,135,0
-3,4,35,1,135,0
-5,-3,41,1,135,0
-2,-4,48,1,135,0
0,4,57,1,135,0
-1,-1,75,1,135,0
0,-7,105,1,135,0
2,6,112,1,135,0
1,5,119,1,135,0
2,-3,124,1,135,0
-9,-6,4,1,135,0
-3,-8,6,1,135,0
-6,-7,9,1,135,0
3,8,13,1,135,0
-3,5,33,1,135,0
-2,4,42,1,135,0
0,5,54,1,135,0
5,-3,58,1,135,0
-4,-1,59,1,135,0
3,-7,79,1,135,0
8,3,84,1,135,0
7,2,103,1,135,0
2,7,106,1,135,0
1,6,113,1,135,0
1,-1,134,1,135,0
-1,3,134,1,135,0
2,8,6,1,135,0
0,6,37,1,135,0
8,-3,39,1,135,0
-4,-2,49,1,135,0
-1,4,49,1,135,0
-1,-3,53,1,135,0
-2,-6,59,1,135,0
6,-7,62,1,135,0
4,0,93,1,135,0
2,-5,85,1,135,0
1,7,94,1,135,0
7,3,94,1,135,0
4,-1,112,1,135,0
6,2,109,1,135,0
5,1,116,1,135,0
1,-2,133,1,135,0
2,9,5,1,135,0
-3,7,14,1,135,0
-5,-6,21,1,135,0
-2,6,23,1,135,0
-1,-4,52,1,135,0
8,5,91,1,135,0
1,-3,93,1,135,0
6,3,93,1,135,0
5,-5,102,1,135,0
5,2,113,1,135,0
3,0,118,1,135,0
4,1,122,1,135,0
-5,-7,8,1,136,0
-8,-6,9,1,136,0
-3,8,9,1,136,0
-2,7,18,1,136,0
5,3,51,1,136,0
-7,-3,29,1,136,0
-1,6,31,1,136,0
-4,-4,34,1,136,0
4,-3,64,1,136,0
-1,-5,66,1,136,0
2,-7,87,1,136,0
1,-4,97,1,136,0
7,5,98,1,136,0
2,0,125,1,136,0
3,1,129,1,136,0
0,-1,135,1,136,0
-3,9,3,1,136,0
-7,-4,28,1,136,0
-4,-5,31,1,136,0
7,-3,46,1,136,0
-1,-6,61,1,136,0
5,-7,68,1,136,0
1,-5,79,1,136,0
8,7,95,1,136,0
6,5,106,1,136,0
1,0,131,1,136,0
4,-4,112,1,136,0
3,-1,117,1,136,0
5,4,115,1,136,0
4,3,123,1,136,0
3,2,131,1,136,0
0,-2,135,1,136,0
2,1,135,1,136,0
-8,5,2,1,136,0
-7,-5,21,1,136,0
-4,-6,24,1,136,0
8,-7,48,1,136,0
-3,0,66,1,136,0
1,-6,93,1,136,0
7,7,102,1,136,0
4,-5,108,1,136,0
1,1,108,1,136,0
6,6,111,1,136,0
5,5,119,1,136,0
0,0,136,1,136,0
0,-3,129,1,136,0
4,4,129,1,136,0
2,2,135,1,136,0
3,3,135,1,136,0
-7,5,9,1,136,0
-7,-6,14,1,136,0
2,3,67,1,136,0
-6,-3,38,1,136,0
-3,-4,42,1,136,0
-2,-1,69,1,136,0
-2,0,74,1,136,0
1,-7,91,1,136,0
6,7,106,1,136,0
5,6,114,1,136,0
3,-3,121,1,136,0
4,5,123,1,136,0
0,1,124,1,136,0
0,-4,124,1,136,0
3,4,131,1,136,0
1,2,135,1,136,0
1,-8,3,1,136,0
-4,-8,5,1,136,0
-6,5,15,1,136,0
6,-3,52,1,136,0
3,5,58,1,136,0
-2,-2,66,1,136,0
2,4,73,1,136,0
4,-7,74,1,136,0
-1,0,75,1,136,0
5,7,76,1,136,0
2,-1,91,1,136,0
3,-4,116,1,136,0
0,-5,118,1,136,0
0,2,131,1,136,0
1,3,132,1,136,0
-5,5,21,1,136,0
-3,-6,45,1,136,0
-5,-2,48,1,136,0
3,6,51,1,136,0
7,-7,55,1,136,0
-2,-3,59,1,136,0
4,7,67,1,136,0
2,5,78,1,136,0
-1,1,84,1,136,0
3,-5,91,1,136,0
5,-1,106,1,136,0
0,-6,112,1,136,0
1,4,126,1,136,0
2,-2,131,1,136,0
0,3,133,1,136,0
-2,3,8,1,136,0
-6,-6,14,1,136,0
3,7,16,1,136,0
-3,-7,22,1,136,0
-4,5,27,1,136,0
-3,4,35,1,136,0
-5,-3,41,1,136,0
-2,-4,48,1,136,0
0,4,57,1,136,0
-1,-1,75,1,136,0
0,-7,105,1,136,0
2,6,112,1,136,0
1,5,119,1,136,0
2,-3,124,1,136,0
-9,-6,4,1,136,0
-3,-8,6,1,136,0
-6,-7,9,1,136,0
3,8,13,1,136,0
-3,5,33,1,136,0
-2,4,42,1,136,0
0,5,54,1,136,0
5,-3,58,1,136,0
-4,-1,59,1,136,0
3,-7,79,1,136,0
8,3,84,1,136,0
7,2,103,1,136,0
2,7,106,1,136,0
1,6,113,1,136,0
1,-1,135,1,136,0
-1,3,135,1,136,0
2,8,6,1,136,0
0,6,37,1,136,0
8,-3,39,1,136,0
-4,-2,49,1,136,0
-1,4,49,1,136,0
-1,-3,53,1,136,0
-2,-6,59,1,136,0
6,-7,62,1,136,0
4,0,93,1,136,0
2,-5,85,1,136,0
1,7,94,1,136,0
7,3,94,1,136,0
4,-1,112,1,136,0
6,2,109,1,136,0
5,1,116,1,136,0
1,-2,133,1,136,0
2,9,5,1,136,0
-3,7,14,1,136,0
-5,-6,21,1,136,0
-2,6,23,1,136,0
-1,-4,52,1,136,0
8,5,91,1,136,0
1,-3,93,1,136,0
6,3,93,1,136,0
5,-5,102,1,136,0
5,2,113,1,136,0
3,0,118,1,136,0
4,1,122,1,136,0
-5,-7,8,1,137,0
-8,-6,9,1,137,0
-3,8,9,1,137,0
-2,7,18,1,137,0
5,3,51,1,137,0
-7,-3,29,1,137,0
-1,6,31,1,137,0
-4,-4,34,1,137,0
4,-3,64,1,137,0
-1,-5,66,1,137,0
2,-7,87,1,137,0
1,-4,97,1,137,0
7,5,98,1,137,0
2,0,125,1,137,0
3,1,129,1,137,0
0,-1,136,1,137,0
-3,9,3,1,137,0
-7,-4,28,1,137,0
-4,-5,31,1,137,0
7,-3,46,1,137,0
-1,-6,61,1,137,0
5,-7,68,1,137,0
1,-5,79,1,137,0
8,7,95,1,137,0
6,5,106,1,137,0
4,-4,112,1,137,0
3,-1,117,1,137,0
5,4,115,1,137,0
4,3,123,1,137,0
3,2,131,1,137,0
0,-2,135,1,137,0
2,1,135,1,137,0
1,0,136,1,137,0
-8,5,2,1,137,0
-7,-5,21,1,137,0
-4,-6,24,1,137,0
8,-7,48,1,137,0
-3,0,66,1,137,0
1,-6,93,1,137,0
7,7,102,1,137,0
4,-5,108,1,137,0
1,1,108,1,137,0
6,6,111,1,137,0
5,5,119,1,137,0
0,0,137,1,137,0
0,-3,129,1,137,0
4,4,129,1,137,0
2,2,136,1,137,0
3,3,136,1,137,0
-7,5,9,1,137,0
-7,-6,14,1,137,0
2,3,67,1,137,0
-6,-3,38,1,137,0
-3,-4,42,1,137,0
-2,-1,69,1,137,0
-2,0,74,1,137,0
1,-7,91,1,137,0
6,7,106,1,137,0
5,6,114,1,137,0
3,-3,121,1,137,0
4,5,123,1,137,0
0,1,124,1,137,0
0,-4,124,1,137,0
3,4,131,1,137,0
1,2,136,1,137,0
1,-8,3,1,137,0
-4,-8,5,1,137,0
-6,5,15,1,137,0
6,-3,52,1,137,0
3,5,58,1,137,0
-2,-2,66,1,137,0
2,4,73,1,137,0
4,-7,74,1,137,0
-1,0,75,1,137,0
5,7,76,1,137,0
2,-1,91,1,137,0
3,-4,116,1,137,0
0,-5,118,1,137,0
0,2,131,1,137,0
1,3,132,1,137,0
-5,5,21,1,137,0
-3,-6,45,1,137,0
-5,-2,48,1,137,0
3,6,51,1,137,0
7,-7,55,1,137,0
-2,-3,59,1,137,0
4,7,67,1,137,0
2,5,78,1,137,0
-1,1,84,1,137,0
3,-5,91,1,137,0
5,-1,106,1,137,0
0,-6,112,1,137,0
1,4,126,1,137,0
2,-2,131,1,137,0
0,3,133,1,137,0
-2,3,8,1,137,0
-6,-6,14,1,137,0
3,7,16,1,137,0
-3,-7,22,1,137,0
-4,5,27,1,137,0
-3,4,35,1,137,0
-5,-3,41,1,137,0
-2,-4,48,1,137,0
0,4,57,1,137,0
-1,-1,75,1,137,0
0,-7,105,1,137,0
2,6,112,1,137,0
1,5,119,1,137,0
2,-3,124,1,137,0
-9,-6,4,1,137,0
-3,-8,6,1,137,0
-6,-7,9,1,137,0
3,8,13,1,137,0
-3,5,33,1,137,0
-2,4,42,1,137,0
0,5,54,1,137,0
5,-3,58,1,137,0
-4,-1,59,1,137,0
3,-7,79,1,137,0
8,3,84,1,137,0
7,2,103,1,137,0
2,7,106,1,137,0
1,6,113,1,137,0
1,-1,136,1,137,0
-1,3,136,1,137,0
2,8,6,1,137,0
0,6,37,1,137,0
8,-3,39,1,137,0
-4,-2,49,1,137,0
-1,4,49,1,137,0
-1,-3,53,1,137,0
-2,-6,59,1,137,0
6,-7,62,1,137,0
4,0,93,1,137,0
2,-5,85,1,137,0
1,7,94,1,137,0
7,3,94,1,137,0
4,-1,112,1,137,0
6,2,109,1,137,0
5,1,116,1,137,0
1,-2,133,1,137,0
2,9,5,1,137,0
-3,7,14,1,137,0
-5,-6,21,1,137,0
-2,6,23,1,137,0
-1,-4,52,1,137,0
8,5,91,1,137,0
1,-3,93,1,137,0
6,3,93,1,137,0
5,-5,102,1,137,0
5,2,113,1,137,0
3,0,118,1,137,0
4,1,122,1,137,0
-5,-7,8,1,138,0
-8,-6,9,1,138,0
-3,8,9,1,138,0
-2,7,18,1,138,0
5,3,51,1,138,0
-7,-3,29,1,138,0
-1,6,31,1,138,0
-4,-4,34,1,138,0
4,-3,64,1,138,0
-1,-5,66,1,138,0
2,-7,87,1,138,0
1,-4,97,1,138,0
7,5,98,1,138,0
2,0,125,1,138,0
3,1,129,1,138,0
0,-1,137,1,138,0
-3,9,3,1,138,0
-7,-4,28,1,138,0
-4,-5,31,1,138,0
7,-3,46,1,138,0
-1,-6,61,1,138,0
5,-7,68,1,138,0
1,-5,79,1,138,0
8,7,95,1,138,0
6,5,106,1,138,0
4,-4,112,1,138,0
3,-1,117,1,138,0
5,4,115,1,138,0
4,3,123,1,138,0
3,2,131,1,138,0
2,1,135,1,138,0
0,-2,137,1,138,0
1,0,137,1,138,0
-8,5,2,1,138,0
-7,-5,21,1,138,0
-4,-6,24,1,138,0
8,-7,48,1,138,0
-3,0,66,1,138,0
1,-6,93,1,138,0
7,7,102,1,138,0
4,-5,108,1,138,0
1,1,108,1,138,0
6,6,111,1,138,0
5,5,119,1,138,0
0,0,138,1,138,0
0,-3,129,1,138,0
4,4,129,1,138,0
2,2,137,1,138,0
3,3,137,1,138,0
-7,5,9,1,138,0
-7,-6,14,1,138,0
2,3,67,1,138,0
-6,-3,38,1,138,0
-3,-4,42,1,138,0
-2,-1,69,1,138,0
-2,0,74,1,138,0
1,-7,91,1,138,0
6,7,106,1,138,0
5,6,114,1,138,0
3,-3,121,1,138,0
4,5,123,1,138,0
0,1,124,1,138,0
0,-4,124,1,138,0
3,4,131,1,138,0
1,2,136,1,138,0
1,-8,3,1,138,0
-4,-8,5,1,138,0
-6,5,15,1,138,0
6,-3,52,1,138,0
3,5,58,1,138,0
-2,-2,66,1,138,0
2,4,73,1,138,0
4,-7,74,1,138,0
-1,0,75,1,138,0
5,7,76,1,138,0
2,-1,91,1,138,0
3,-4,116,1,138,0
0,-5,118,1,138,0
1,3,132,1,138,0
0,2,137,1,138,0
-5,5,21,1,138,0
-3,-6,45,1,138,0
-5,-2,48,1,138,0
3,6,51,1,138,0
7,-7,55,1,138,0
-2,-3,59,1,138,0
4,7,67,1,138,0
2,5,78,1,138,0
-1,1,84,1,138,0
3,-5,91,1,138,0
5,-1,106,1,138,0
0,-6,112,1,138,0
1,4,126,1,138,0
2,-2,131,1,138,0
0,3,133,1,138,0
-2,3,8,1,138,0
-6,-6,14,1,138,0
3,7,16,1,138,0
-3,-7,22,1,138,0
-4,5,27,1,138,0
-3,4,35,1,138,0
-5,-3,41,1,138,0
-2,-4,48,1,138,0
0,4,57,1,138,0
-1,-1,75,1,138,0
0,-7,105,1,138,0
2,6,112,1,138,0
1,5,119,1,138,0
2,-3,124,1,138,0
-9,-6,4,1,138,0
-3,-8,6,1,138,0
-6,-7,9,1,138,0
3,8,13,1,138,0
-3,5,33,1,138,0
-2,4,42,1,138,0
0,5,54,1,138,0
5,-3,58,1,138,0
-4,-1,59,1,138,0
3,-7,79,1,138,0
8,3,84,1,138,0
7,2,103,1,138,0
2,7,106,1,138,0
1,6,113,1,138,0
1,-1,137,1,138,0
-1,3,137,1,138,0
2,8,6,1,138,0
0,6,37,1,138,0
8,-3,39,1,138,0
-4,-2,49,1,138,0
-1,4,49,1,138,0
-1,-3,53,1,138,0
-2,-6,59,1,138,0
6,-7,62,1,138,0
4,0,93,1,138,0
2,-5,85,1,138,0
1,7,94,1,138,0
7,3,94,1,138,0
4,-1,112,1,138,0
6,2,109,1,138,0
5,1,116,1,138,0
1,-2,133,1,138,0
2,9,5,1,138,0
-3,7,14,1,138,0
-5,-6,21,1,138,0
-2,6,23,1,138,0
-1,-4,52,1,138,0
8,5,91,1,138,0
1,-3,93,1,138,0
6,3,93,1,138,0
5,-5,102,1,138,0
5,2,113,1,138,0
3,0,118,1,138,0
4,1,122,1,138,0
-5,-7,8,1,139,0
-8,-6,9,1,139,0
-3,8,9,1,139,0
-2,7,18,1,139,0
5,3,51,1,139,0
-7,-3,29,1,139,0
-1,6,31,1,139,0
-4,-4,34,1,139,0
4,-3,64,1,139,0
-1,-5,66,1,139,0
2,-7,87,1,139,0
1,-4,97,1,139,0
7,5,98,1,139,0
2,0,125,1,139,0
3,1,129,1,139,0
0,-1,138,1,139,0
-3,9,3,1,139,0
-7,-4,28,1,139,0
-4,-5,31,1,139,0
7,-3,46,1,139,0
-1,-6,61,1,139,0
5,-7,68,1,139,0
1,-5,79,1,139,0
8,7,95,1,139,0
6,5,106,1,139,0
4,-4,112,1,139,0
3,-1,117,1,139,0
5,4,115,1,139,0
4,3,123,1,139,0
3,2,131,1,139,0
0,-2,137,1,139,0
2,1,138,1,139,0
1,0,138,1,139,0
-8,5,2,1,139,0
-7,-5,21,1,139,0
-4,-6,24,1,139,0
8,-7,48,1,139,0
-3,0,66,1,139,0
1,-6,93,1,139,0
7,7,102,1,139,0
4,-5,108,1,139,0
1,1,108,1,139,0
6,6,111,1,139,0
5,5,119,1,139,0
0,0,139,1,139,0
0,-3,129,1,139,0
4,4,129,1,139,0
2,2,137,1,139,0
3,3,138,1,139,0
-7,5,9,1,139,0
-7,-6,14,1,139,0
2,3,67,1,139,0
-6,-3,38,1,139,0
-3,-4,42,1,139,0
-2,-1,69,1,139,0
-2,0,74,1,139,0
1,-7,91,1,139,0
6,7,106,1,139,0
5,6,114,1,139,0
3,-3,121,1,139,0
4,5,123,1,139,0
0,1,124,1,139,0
0,-4,124,1,139,0
3,4,131,1,139,0
1,2,136,1,139,0
1,-8,3,1,139,0
-4,-8,5,1,139,0
-6,5,15,1,139,0
6,-3,52,1,139,0
3,5,58,1,139,0
-2,-2,66,1,139,0
2,4,73,1,139,0
4,-7,74,1,139,0
-1,0,75,1,139,0
5,7,76,1,139,0
2,-1,91,1,139,0
3,-4,116,1,139,0
0,-5,118,1,139,0
1,3,132,1,139,0
0,2,138,1,139,0
-5,5,21,1,139,0
-3,-6,45,1,139,0
-5,-2,48,1,139,0
3,6,51,1,139,0
7,-7,55,1,139,0
-2,-3,59,1,139,0
4,7,67,1,139,0
2,5,78,1,139,0
-1,1,84,1,139,0
3,-5,91,1,139,0
5,-1,106,1,139,0
0,-6,112,1,139,0
1,4,126,1,139,0
2,-2,131,1,139,0
0,3,133,1,139,0
-2,3,8,1,139,0
-6,-6,14,1,139,0
3,7,16,1,139,0
-3,-7,22,1,139,0
-4,5,27,1,139,0
-3,4,35,1,139,0
-5,-3,41,1,139,0
-2,-4,48,1,139,0
0,4,57,1,139,0
-1,-1,75,1,139,0
0,-7,105,1,139,0
2,6,112,1,139,0
1,5,119,1,139,0
2,-3,124,1,139,0
-9,-6,4,1,139,0
-3,-8,6,1,139,0
-6,-7,9,1,139,0
3,8,13,1,139,0
-3,5,33,1,139,0
-2,4,42,1,139,0
0,5,54,1,139,0
5,-3,58,1,139,0
-4,-1,59,1,139,0
3,-7,79,1,139,0
8,3,84,1,139,0
7,2,103,1,139,0
2,7,106,1,139,0
1,6,113,1,139,0
1,-1,137,1,139,0
-1,3,138,1,139,0
2,8,6,1,139,0
0,6,37,1,139,0
8,-3,39,1,139,0
-4,-2,49,1,139,0
-1,4,49,1,139,0
-1,-3,53,1,139,0
-2,-6,59,1,139,0
6,-7,62,1,139,0
4,0,93,1,139,0
2,-5,85,1,139,0
1,7,94,1,139,0
7,3,94,1,139,0
4,-1,112,1,139,0
6,2,109,1,139,0
5,1,116,1,139,0
1,-2,133,1,139,0
2,9,5,1,139,0
-3,7,14,1,139,0
-5,-6,21,1,139,0
-2,6,23,1,139,0
-1,-4,52,1,139,0
8,5,91,1,139,0
1,-3,93,1,139,0
6,3,93,1,139,0
5,-5,102,1,139,0
5,2,113,1,139,0
3,0,118,1,139,0
4,1,122,1,139,0
-5,-7,8,1,140,0
-8,-6,9,1,140,0
-3,8,9,1,140,0
-2,7,18,1,140,0
5,3,51,1,140,0
-7,-3,29,1,140,0
-1,6,31,1,140,0
-4,-4,34,1,140,0
4,-3,64,1,140,0
-1,-5,66,1,140,0
2,-7,87,1,140,0
1,-4,97,1,140,0
7,5,98,1,140,0
2,0,125,1,140,0
3,1,129,1,140,0
0,-1,139,1,140,0
-3,9,3,1,140,0
-7,-4,28,1,140,0
-4,-5,31,1,140,0
7,-3,46,1,140,0
-1,-6,61,1,140,0
5,-7,68,1,140,0
1,-5,79,1,140,0
8,7,95,1,140,0
6,5,106,1,140,0
4,-4,112,1,140,0
3,-1,117,1,140,0
5,4,115,1,140,0
4,3,123,1,140,0
3,2,131,1,140,0
0,-2,137,1,140,0
2,1,139,1,140,0
1,0,139,1,140,0
-8,5,2,1,140,0
-7,-5,21,1,140,0
-4,-6,24,1,140,0
8,-7,48,1,140,0
-3,0,66,1,140,0
1,-6,93,1,140,0
7,7,102,1,140,0
4,-5,108,1,140,0
1,1,108,1,140,0
6,6,111,1,140,0
5,5,119,1,140,0
0,0,139,1,140,0
0,-3,129,1,140,0
4,4,129,1,140,0
2,2,137,1,140,0
3,3,138,1,140,0
-7,5,9,1,140,0
-7,-6,14,1,140,0
-6,-3,38,1,140,0
-3,-4,42,1,140,0
-2,-1,69,1,140,0
-2,0,74,1,140,0
1,-7,91,1,140,0
6,7,106,1,140,0
5,6,114,1,140,0
3,-3,121,1,140,0
4,5,123,1,140,0
0,1,124,1,140,0
0,-4,124,1,140,0
3,4,131,1,140,0
1,2,136,1,140,0
2,3,139,1,140,0
1,-8,3,1,140,0
-4,-8,5,1,140,0
-6,5,15,1,140,0
6,-3,52,1,140,0
3,5,58,1,140,0
-2,-2,66,1,140,0
2,4,73,1,140,0
4,-7,74,1,140,0
-1,0,75,1,140,0
5,7,76,1,140,0
2,-1,91,1,140,0
3,-4,116,1,140,0
0,-5,118,1,140,0
1,3,132,1,140,0
0,2,139,1,140,0
-5,5,21,1,140,0
-3,-6,45,1,140,0
-5,-2,48,1,140,0
3,6,51,1,140,0
7,-7,55,1,140,0
-2,-3,59,1,140,0
4,7,67,1,140,0
2,5,78,1,140,0
-1,1,84,1,140,0
3,-5,91,1,140,0
5,-1,106,1,140,0
0,-6,112,1,140,0
1,4,126,1,140,0
2,-2,131,1,140,0
0,3,133,1,140,0
-2,3,8,1,140,0
-6,-6,14,1,140,0
3,7,16,1,140,0
-3,-7,22,1,140,0
-4,5,27,1,140,0
-3,4,35,1,140,0
-5,-3,41,1,140,0
-2,-4,48,1,140,0
0,4,57,1,140,0
-1,-1,75,1,140,0
0,-7,105,1,140,0
2,6,112,1,140,0
1,5,119,1,140,0
2,-3,124,1,140,0
-9,-6,4,1,140,0
-3,-8,6,1,140,0
-6,-7,9,1,140,0
3,8,13,1,140,0
-3,5,33,1,140,0
-2,4,42,1,140,0
0,5,54,1,140,0
5,-3,58,1,140,0
-4,-1,59,1,140,0
3,-7,79,1,140,0
8,3,84,1,140,0
7,2,103,1,140,0
2,7,106,1,140,0
1,6,113,1,140,0
-1,3,139,1,140,0
1,-1,138,1,140,0
2,8,6,1,140,0
0,6,37,1,140,0
8,-3,39,1,140,0
-4,-2,49,1,140,0
-1,4,49,1,140,0
-1,-3,53,1,140,0
-2,-6,59,1,140,0
6,-7,62,1,140,0
4,0,93,1,140,0
2,-5,85,1,140,0
1,7,94,1,140,0
7,3,94,1,140,0
4,-1,112,1,140,0
6,2,109,1,140,0
5,1,116,1,140,0
1,-2,133,1,140,0
2,9,5,1,140,0
-3,7,14,1,140,0
-5,-6,21,1,140,0
-2,6,23,1,140,0
-1,-4,52,1,140,0
8,5,91,1,140,0
1,-3,93,1,140,0
6,3,93,1,140,0
5,-5,102,1,140,0
5,2,113,1,140,0
3,0,118,1,140,0
4,1,122,1,140,0
-5,-7,8,1,141,0
-8,-6,9,1,141,0
-3,8,9,1,141,0
-2,7,18,1,141,0
5,3,51,1,141,0
-7,-3,29,1,141,0
-1,6,31,1,141,0
-4,-4,34,1,141,0
4,-3,64,1,141,0
-1,-5,66,1,141,0
2,-7,87,1,141,0
1,-4,97,1,141,0
7,5,98,1,141,0
2,0,125,1,141,0
3,1,129,1,141,0
0,-1,139,1,141,0
-3,9,3,1,141,0
-7,-4,28,1,141,0
-4,-5,31,1,141,0
7,-3,46,1,141,0
-1,-6,61,1,141,0
5,-7,68,1,141,0
1,-5,79,1,141,0
8,7,95,1,141,0
6,5,106,1,141,0
4,-4,112,1,141,0
3,-1,117,1,141,0
5,4,115,1,141,0
4,3,123,1,141,0
3,2,131,1,141,0
0,-2,137,1,141,0
2,1,139,1,141,0
1,0,139,1,141,0
-8,5,2,1,141,0
-7,-5,21,1,141,0
-4,-6,24,1,141,0
8,-7,48,1,141,0
-3,0,66,1,141,0
1,-6,93,1,141,0
7,7,102,1,141,0
4,-5,108,1,141,0
1,1,108,1,141,0
6,6,111,1,141,0
5,5,119,1,141,0
0,0,139,1,141,0
0,-3,129,1,141,0
4,4,129,1,141,0
2,2,137,1,141,0
3,3,138,1,141,0
-7,5,9,1,141,0
-7,-6,14,1,141,0
-6,-3,38,1,141,0
-3,-4,42,1,141,0
-2,-1,69,1,141,0
-2,0,74,1,141,0
1,-7,91,1,141,0
6,7,106,1,141,0
5,6,114,1,141,0
3,-3,121,1,141,0
4,5,123,1,141,0
0,1,124,1,141,0
0,-4,124,1,141,0
3,4,131,1,141,0
1,2,136,1,141,0
2,3,139,1,141,0
1,-8,3,1,141,0
-4,-8,5,1,141,0
-6,5,15,1,141,0
6,-3,52,1,141,0
3,5,58,1,141,0
-2,-2,66,1,141,0
2,4,73,1,141,0
4,-7,74,1,141,0
-1,0,141,1,141,0
5,7,76,1,141,0
2,-1,91,1,141,0
3,-4,116,1,141,0
0,-5,118,1,141,0
1,3,132,1,141,0
0,2,139,1,141,0
-5,5,21,1,141,0
-3,-6,45,1,141,0
-5,-2,48,1,141,0
3,6,51,1,141,0
7,-7,55,1,141,0
-2,-3,59,1,141,0
4,7,67,1,141,0
2,5,78,1,141,0
-1,1,84,1,141,0
3,-5,91,1,141,0
5,-1,106,1,141,0
0,-6,112,1,141,0
1,4,126,1,141,0
2,-2,131,1,141,0
0,3,133,1,141,0
-2,3,8,1,141,0
-6,-6,14,1,141,0
3,7,16,1,141,0
-3,-7,22,1,141,0
-4,5,27,1,141,0
-3,4,35,1,141,0
-5,-3,41,1,141,0
-2,-4,48,1,141,0
0,4,57,1,141,0
-1,-1,75,1,141,0
0,-7,105,1,141,0
2,6,112,1,141,0
1,5,119,1,141,0
2,-3,124,1,141,0
-9,-6,4,1,141,0
-3,-8,6,1,141,0
-6,-7,9,1,141,0
3,8,13,1,141,0
-3,5,33,1,141,0
-2,4,42,1,141,0
0,5,54,1,141,0
5,-3,58,1,141,0
-4,-1,59,1,141,0
3,-7,79,1,141,0
8,3,84,1,141,0
7,2,103,1,141,0
2,7,106,1,141,0
1,6,113,1,141,0
-1,3,139,1,141,0
1,-1,139,1,141,0
2,8,6,1,141,0
0,6,37,1,141,0
8,-3,39,1,141,0
-4,-2,49,1,141,0
-1,4,49,1,141,0
-1,-3,53,1,141,0
-2,-6,59,1,141,0
6,-7,62,1,141,0
4,0,93,1,141,0
2,-5,85,1,141,0
1,7,94,1,141,0
7,3,94,1,141,0
4,-1,112,1,141,0
6,2,109,1,141,0
5,1,116,1,141,0
1,-2,133,1,141,0
2,9,5,1,141,0
-3,7,14,1,141,0
-5,-6,21,1,141,0
-2,6,23,1,141,0
-1,-4,52,1,141,0
8,5,91,1,141,0
1,-3,93,1,141,0
6,3,93,1,141,0
5,-5,102,1,141,0
5,2,113,1,141,0
3,0,118,1,141,0
4,1,122,1,141,0
-5,-7,8,1,142,0
-8,-6,9,1,142,0
-3,8,9,1,142,0
-2,7,18,1,142,0
5,3,51,1,142,0
-7,-3,29,1,142,0
-1,6,31,1,142,0
-4,-4,34,1,142,0
4,-3,64,1,142,0
-1,-5,66,1,142,0
2,-7,87,1,142,0
1,-4,97,1,142,0
7,5,98,1,142,0
2,0,125,1,142,0
3,1,129,1,142,0
0,-1,141,1,142,0
-3,9,3,1,142,0
-7,-4,28,1,142,0
-4,-5,31,1,142,0
7,-3,46,1,142,0
-1,-6,61,1,142,0
5,-7,68,1,142,0
1,-5,79,1,142,0
8,7,95,1,142,0
6,5,106,1,142,0
4,-4,112,1,142,0
3,-1,117,1,142,0
5,4,115,1,142,0
4,3,123,1,142,0
3,2,131,1,142,0
0,-2,137,1,142,0
2,1,139,1,142,0
1,0,141,1,142,0
-8,5,2,1,142,0
-7,-5,21,1,142,0
-4,-6,24,1,142,0
8,-7,48,1,142,0
-3,0,66,1,142,0
1,-6,93,1,142,0
7,7,102,1,142,0
4,-5,108,1,142,0
6,6,111,1,142,0
5,5,119,1,142,0
0,0,139,1,142,0
0,-3,129,1,142,0
4,4,129,1,142,0
3,3,138,1,142,0
1,1,141,1,142,0
2,2,141,1,142,0
-7,5,9,1,142,0
-7,-6,14,1,142,0
-6,-3,38,1,142,0
-3,-4,42,1,142,0
-2,-1,69,1,142,0
-2,0,74,1,142,0
1,-7,91,1,142,0
6,7,106,1,142,0
5,6,114,1,142,0
3,-3,121,1,142,0
4,5,123,1,142,0
0,-4,124,1,142,0
3,4,131,1,142,0
1,2,136,1,142,0
2,3,139,1,142,0
0,1,141,1,142,0
1,-8,3,1,142,0
-4,-8,5,1,142,0
-6,5,15,1,142,0
6,-3,52,1,142,0
3,5,58,1,142,0
-2,-2,66,1,142,0
2,4,73,1,142,0
4,-7,74,1,142,0
-1,0,142,1,142,0
5,7,76,1,142,0
2,-1,91,1,142,0
3,-4,116,1,142,0
0,-5,118,1,142,0
1,3,132,1,142,0
0,2,139,1,142,0
-5,5,21,1,142,0
-3,-6,45,1,142,0
-5,-2,48,1,142,0
3,6,51,1,142,0
7,-7,55,1,142,0
-2,-3,59,1,142,0
4,7,67,1,142,0
2,5,78,1,142,0
-1,1,84,1,142,0
3,-5,91,1,142,0
5,-1,106,1,142,0
0,-6,112,1,142,0
1,4,126,1,142,0
2,-2,131,1,142,0
0,3,133,1,142,0
-6,-6,14,1,142,0
3,7,16,1,142,0
-3,-7,22,1,142,0
-4,5,27,1,142,0
-3,4,35,1,142,0
-5,-3,41,1,142,0
-2,-4,48,1,142,0
0,4,57,1,142,0
-1,-1,75,1,142,0
0,-7,105,1,142,0
2,6,112,1,142,0
1,5,119,1,142,0
2,-3,124,1,142,0
-2,3,141,1,142,0
-9,-6,4,1,142,0
-3,-8,6,1,142,0
-6,-7,9,1,142,0
3,8,13,1,142,0
-3,5,33,1,142,0
-2,4,42,1,142,0
0,5,54,1,142,0
5,-3,58,1,142,0
-4,-1,59,1,142,0
3,-7,79,1,142,0
8,3,84,1,142,0
7,2,103,1,142,0
2,7,106,1,142,0
1,6,113,1,142,0
-1,3,139,1,142,0
1,-1,139,1,142,0
2,8,6,1,142,0
0,6,37,1,142,0
8,-3,39,1,142,0
-4,-2,49,1,142,0
-1,4,49,1,142,0
-1,-3,53,1,142,0
-2,-6,59,1,142,0
6,-7,62,1,142,0
4,0,93,1,142,0
2,-5,85,1,142,0
1,7,94,1,142,0
7,3,94,1,142,0
4,-1,112,1,142,0
6,2,109,1,142,0
5,1,116,1,142,0
1,-2,133,1,142,0
2,9,5,1,142,0
-3,7,14,1,142,0
-5,-6,21,1,142,0
-2,6,23,1,142,0
-1,-4,52,1,142,0
8,5,91,1,142,0
1,-3,93,1,142,0
6,3,93,1,142,0
5,-5,102,1,142,0
5,2,113,1,142,0
3,0,118,1,142,0
4,1,122,1,142,0
-5,-7,8,1,143,0
-8,-6,9,1,143,0
-3,8,9,1,143,0
-2,7,18,1,143,0
5,3,51,1,143,0
-7,-3,29,1,143,0
-1,6,31,1,143,0
-4,-4,34,1,143,0
4,-3,64,1,143,0
-1,-5,66,1,143,0
2,-7,87,1,143,0
1,-4,97,1,143,0
7,5,98,1,143,0
2,0,125,1,143,0
3,1,129,1,143,0
0,-1,142,1,143,0
-3,9,3,1,143,0
-7,-4,28,1,143,0
-4,-5,31,1,143,0
7,-3,46,1,143,0
-1,-6,61,1,143,0
5,-7,68,1,143,0
1,-5,79,1,143,0
8,7,95,1,143,0
6,5,106,1,143,0
4,-4,112,1,143,0
3,-1,117,1,143,0
5,4,115,1,143,0
4,3,123,1,143,0
3,2,131,1,143,0
0,-2,137,1,143,0
2,1,139,1,143,0
1,0,141,1,143,0
-8,5,2,1,143,0
-7,-5,21,1,143,0
-4,-6,24,1,143,0
8,-7,48,1,143,0
-3,0,66,1,143,0
1,-6,93,1,143,0
7,7,102,1,143,0
4,-5,108,1,143,0
6,6,111,1,143,0
5,5,119,1,143,0
0,-3,129,1,143,0
4,4,129,1,143,0
3,3,138,1,143,0
2,2,141,1,143,0
0,0,142,1,143,0
1,1,142,1,143,0
-7,5,9,1,143,0
-7,-6,14,1,143,0
-6,-3,38,1,143,0
-3,-4,42,1,143,0
-2,-1,69,1,143,0
-2,0,74,1,143,0
1,-7,91,1,143,0
6,7,106,1,143,0
5,6,114,1,143,0
3,-3,121,1,143,0
4,5,123,1,143,0
0,-4,124,1,143,0
3,4,131,1,143,0
1,2,136,1,143,0
2,3,139,1,143,0
0,1,142,1,143,0
1,-8,3,1,143,0
-4,-8,5,1,143,0
-6,5,15,1,143,0
6,-3,52,1,143,0
3,5,58,1,143,0
-2,-2,66,1,143,0
2,4,73,1,143,0
4,-7,74,1,143,0
-1,0,143,1,143,0
5,7,76,1,143,0
2,-1,91,1,143,0
3,-4,116,1,143,0
0,-5,118,1,143,0
1,3,132,1,143,0
0,2,139,1,143,0
-5,5,21,1,143,0
-3,-6,45,1,143,0
-5,-2,48,1,143,0
3,6,51,1,143,0
7,-7,55,1,143,0
-2,-3,59,1,143,0
4,7,67,1,143,0
2,5,78,1,143,0
-1,1,84,1,143,0
3,-5,91,1,143,0
5,-1,106,1,143,0
0,-6,112,1,143,0
1,4,126,1,143,0
2,-2,131,1,143,0
0,3,133,1,143,0
-6,-6,14,1,143,0
3,7,16,1,143,0
-3,-7,22,1,143,0
-4,5,27,1,143,0
-3,4,35,1,143,0
-5,-3,41,1,143,0
-2,-4,48,1,143,0
0,4,57,1,143,0
-1,-1,75,1,143,0
0,-7,105,1,143,0
2,6,112,1,143,0
1,5,119,1,143,0
2,-3,124,1,143,0
-2,3,142,1,143,0
-9,-6,4,1,143,0
-3,-8,6,1,143,0
-6,-7,9,1,143,0
3,8,13,1,143,0
-3,5,33,1,143,0
-2,4,42,1,143,0
0,5,54,1,143,0
5,-3,58,1,143,0
-4,-1,59,1,143,0
3,-7,79,1,143,0
8,3,84,1,143,0
7,2,103,1,143,0
2,7,106,1,143,0
1,6,113,1,143,0
-1,3,139,1,143,0
1,-1,139,1,143,0
2,8,6,1,143,0
0,6,37,1,143,0
8,-3,39,1,143,0
-4,-2,49,1,143,0
-1,4,49,1,143,0
-1,-3,53,1,143,0
-2,-6,59,1,143,0
6,-7,62,1,143,0
4,0,93,1,143,0
2,-5,85,1,143,0
1,7,94,1,143,0
7,3,94,1,143,0
4,-1,112,1,143,0
6,2,109,1,143,0
5,1,116,1,143,0
1,-2,133,1,143,0
2,9,5,1,143,0
-3,7,14,1,143,0
-5,-6,21,1,143,0
-2,6,23,1,143,0
-1,-4,52,1,143,0
8,5,91,1,143,0
1,-3,93,1,143,0
6,3,93,1,143,0
5,-5,102,1,143,0
5,2,113,1,143,0
3,0,118,1,143,0
4,1,122,1,143,0
-5,-7,8,1,144,0
-8,-6,9,1,144,0
-3,8,9,1,144,0
-2,7,18,1,144,0
5,3,51,1,144,0
-7,-3,29,1,144,0
-1,6,31,1,144,0
-4,-4,34,1,144,0
4,-3,64,1,144,0
-1,-5,66,1,144,0
2,-7,87,1,144,0
1,-4,97,1,144,0
7,5,98,1,144,0
2,0,125,1,144,0
3,1,129,1,144,0
0,-1,143,1,144,0
-3,9,3,1,144,0
-7,-4,28,1,144,0
-4,-5,31,1,144,0
7,-3,46,1,144,0
-1,-6,61,1,144,0
5,-7,68,1,144,0
1,-5,79,1,144,0
8,7,95,1,144,0
6,5,106,1,144,0
4,-4,112,1,144,0
3,-1,117,1,144,0
5,4,115,1,144,0
4,3,123,1,144,0
3,2,131,1,144,0
0,-2,137,1,144,0
2,1,139,1,144,0
1,0,142,1,144,0
-8,5,2,1,144,0
-7,-5,21,1,144,0
-4,-6,24,1,144,0
8,-7,48,1,144,0
-3,0,66,1,144,0
1,-6,93,1,144,0
7,7,102,1,144,0
4,-5,108,1,144,0
6,6,111,1,144,0
5,5,119,1,144,0
0,-3,129,1,144,0
4,4,129,1,144,0
3,3,138,1,144,0
1,1,143,1,144,0
2,2,143,1,144,0
0,0,143,1,144,0
-7,5,9,1,144,0
-7,-6,14,1,144,0
-6,-3,38,1,144,0
-3,-4,42,1,144,0
-2,-1,69,1,144,0
-2,0,74,1,144,0
1,-7,91,1,144,0
6,7,106,1,144,0
5,6,114,1,144,0
3,-3,121,1,144,0
4,5,123,1,144,0
0,-4,124,1,144,0
3,4,131,1,144,0
1,2,136,1,144,0
2,3,139,1,144,0
0,1,143,1,144,0
1,-8,3,1,144,0
-4,-8,5,1,144,0
-6,5,15,1,144,0
6,-3,52,1,144,0
3,5,58,1,144,0
-2,-2,66,1,144,0
2,4,73,1,144,0
4,-7,74,1,144,0
-1,0,144,1,144,0
5,7,76,1,144,0
2,-1,91,1,144,0
3,-4,116,1,144,0
0,-5,118,1,144,0
1,3,132,1,144,0
0,2,139,1,144,0
-5,5,21,1,144,0
-3,-6,45,1,144,0
-5,-2,48,1,144,0
3,6,51,1,144,0
7,-7,55,1,144,0
-2,-3,59,1,144,0
4,7,67,1,144,0
2,5,78,1,144,0
-1,1,84,1,144,0
3,-5,91,1,144,0
5,-1,106,1,144,0
0,-6,112,1,144,0
1,4,126,1,144,0
2,-2,131,1,144,0
0,3,133,1,144,0
-2,2,143,1,144,0
-6,-6,14,1,144,0
3,7,16,1,144,0
-3,-7,22,1,144,0
-4,5,27,1,144,0
-3,4,35,1,144,0
-5,-3,41,1,144,0
-2,-4,48,1,144,0
0,4,57,1,144,0
-1,-1,75,1,144,0
0,-7,105,1,144,0
2,6,112,1,144,0
1,5,119,1,144,0
2,-3,124,1,144,0
-2,3,142,1,144,0
-9,-6,4,1,144,0
-3,-8,6,1,144,0
-6,-7,9,1,144,0
3,8,13,1,144,0
-3,5,33,1,144,0
-2,4,42,1,144,0
0,5,54,1,144,0
5,-3,58,1,144,0
-4,-1,59,1,144,0
3,-7,79,1,144,0
8,3,84,1,144,0
7,2,103,1,144,0
2,7,106,1,144,0
1,6,113,1,144,0
-1,3,139,1,144,0
1,-1,139,1,144,0
2,8,6,1,144,0
0,6,37,1,144,0
8,-3,39,1,144,0
-4,-2,49,1,144,0
-1,4,49,1,144,0
-1,-3,53,1,144,0
-2,-6,59,1,144,0
6,-7,62,1,144,0
4,0,93,1,144,0
2,-5,85,1,144,0
1,7,94,1,144,0
7,3,94,1,144,0
4,-1,112,1,144,0
6,2,109,1,144,0
5,1,116,1,144,0
1,-2,133,1,144,0
2,9,5,1,144,0
-3,7,14,1,144,0
-5,-6,21,1,144,0
-2,6,23,1,144,0
-1,-4,52,1,144,0
8,5,91,1,144,0
1,-3,93,1,144,0
6,3,93,1,144,0
5,-5,102,1,144,0
5,2,113,1,144,0
3,0,118,1,144,0
4,1,122,1,144,0
-5,-7,8,1,145,0
-8,-6,9,1,145,0
-3,8,9,1,145,0
-2,7,18,1,145,0
5,3,51,1,145,0
-7,-3,29,1,145,0
-1,6,31,1,145,0
-4,-4,34,1,145,0
4,-3,64,1,145,0
-1,-5,66,1,145,0
2,-7,87,1,145,0
1,-4,97,1,145,0
7,5,98,1,145,0
2,0,125,1,145,0
3,1,129,1,145,0
0,-1,143,1,145,0
-3,9,3,1,145,0
-7,-4,28,1,145,0
-4,-5,31,1,145,0
7,-3,46,1,145,0
-1,-6,61,1,145,0
5,-7,68,1,145,0
1,-5,79,1,145,0
8,7,95,1,145,0
6,5,106,1,145,0
4,-4,112,1,145,0
3,-1,117,1,145,0
5,4,115,1,145,0
4,3,123,1,145,0
3,2,131,1,145,0
0,-2,137,1,145,0
2,1,139,1,145,0
1,0,142,1,145,0
-8,5,2,1,145,0
-7,-5,21,1,145,0
-4,-6,24,1,145,0
8,-7,48,1,145,0
-3,0,66,1,145,0
1,-6,93,1,145,0
7,7,102,1,145,0
4,-5,108,1,145,0
6,6,111,1,145,0
5,5,119,1,145,0
0,-3,129,1,145,0
4,4,129,1,145,0
3,3,138,1,145,0
1,1,143,1,145,0
2,2,144,1,145,0
0,0,144,1,145,0
-7,5,9,1,145,0
-7,-6,14,1,145,0
-6,-3,38,1,145,0
-3,-4,42,1,145,0
-2,-1,69,1,145,0
-2,0,74,1,145,0
1,-7,91,1,145,0
6,7,106,1,145,0
5,6,114,1,145,0
3,-3,121,1,145,0
4,5,123,1,145,0
0,-4,124,1,145,0
3,4,131,1,145,0
1,2,136,1,145,0
2,3,139,1,145,0
0,1,144,1,145,0
1,-8,3,1,145,0
-4,-8,5,1,145,0
-6,5,15,1,145,0
6,-3,52,1,145,0
3,5,58,1,145,0
-2,-2,66,1,145,0
2,4,73,1,145,0
4,-7,74,1,145,0
-1,0,145,1,145,0
5,7,76,1,145,0
2,-1,91,1,145,0
3,-4,116,1,145,0
0,-5,118,1,145,0
1,3,132,1,145,0
0,2,139,1,145,0
-5,5,21,1,145,0
-3,-6,45,1,145,0
-5,-2,48,1,145,0
3,6,51,1,145,0
7,-7,55,1,145,0
-2,-3,59,1,145,0
4,7,67,1,145,0
2,5,78,1,145,0
-1,1,84,1,145,0
3,-5,91,1,145,0
5,-1,106,1,145,0
0,-6,112,1,145,0
1,4,126,1,145,0
2,-2,131,1,145,0
0,3,133,1,145,0
-2,2,144,1,145,0
-6,-6,14,1,145,0
3,7,16,1,145,0
-3,-7,22,1,145,0
-4,5,27,1,145,0
-3,4,35,1,145,0
-5,-3,41,1,145,0
-2,-4,48,1,145,0
0,4,57,1,145,0
-1,-1,75,1,145,0
0,-7,105,1,145,0
2,6,112,1,145,0
1,5,119,1,145,0
2,-3,124,1,145,0
-2,3,142,1,145,0
-9,-6,4,1,145,0
-3,-8,6,1,145,0
-6,-7,9,1,145,0
3,8,13,1,145,0
-3,5,33,1,145,0
-2,4,42,1,145,0
0,5,54,1,145,0
5,-3,58,1,145,0
-4,-1,59,1,145,0
3,-7,79,1,145,0
8,3,84,1,145,0
7,2,103,1,145,0
2,7,106,1,145,0
1,6,113,1,145,0
-1,3,139,1,145,0
1,-1,139,1,145,0
2,8,6,1,145,0
0,6,37,1,145,0
8,-3,39,1,145,0
-4,-2,49,1,145,0
-1,4,49,1,145,0
-1,-3,53,1,145,0
-2,-6,59,1,145,0
6,-7,62,1,145,0
4,0,93,1,145,0
2,-5,85,1,145,0
1,7,94,1,145,0
7,3,94,1,145,0
4,-1,112,1,145,0
6,2,109,1,145,0
5,1,116,1,145,0
1,-2,133,1,145,0
2,9,5,1,145,0
-3,7,14,1,145,0
-5,-6,21,1,145,0
-2,6,23,1,145,0
-1,-4,52,1,145,0
8,5,91,1,145,0
1,-3,93,1,145,0
6,3,93,1,145,0
5,-5,102,1,145,0
5,2,113,1,145,0
3,0,118,1,145,0
4,1,122,1,145,0
-5,-7,8,1,146,0
-8,-6,9,1,146,0
-3,8,9,1,146,0
-2,7,18,1,146,0
5,3,51,1,146,0
-7,-3,29,1,146,0
-1,6,31,1,146,0
-4,-4,34,1,146,0
4,-3,64,1,146,0
-1,-5,66,1,146,0
2,-7,87,1,146,0
1,-4,97,1,146,0
7,5,98,1,146,0
2,0,125,1,146,0
3,1,129,1,146,0
0,-1,144,1,146,0
-3,9,3,1,146,0
-7,-4,28,1,146,0
-4,-5,31,1,146,0
7,-3,46,1,146,0
-1,-6,61,1,146,0
5,-7,68,1,146,0
1,-5,79,1,146,0
8,7,95,1,146,0
6,5,106,1,146,0
4,-4,112,1,146,0
3,-1,117,1,146,0
5,4,115,1,146,0
4,3,123,1,146,0
3,2,131,1,146,0
0,-2,137,1,146,0
2,1,139,1,146,0
1,0,142,1,146,0
-8,5,2,1,146,0
-7,-5,21,1,146,0
-4,-6,24,1,146,0
8,-7,48,1,146,0
-3,0,66,1,146,0
1,-6,93,1,146,0
7,7,102,1,146,0
4,-5,108,1,146,0
6,6,111,1,146,0
5,5,119,1,146,0
0,-3,129,1,146,0
4,4,129,1,146,0
3,3,138,1,146,0
1,1,145,1,146,0
2,2,145,1,146,0
0,0,145,1,146,0
-7,5,9,1,146,0
-7,-6,14,1,146,0
-6,-3,38,1,146,0
-3,-4,42,1,146,0
-2,-1,69,1,146,0
-2,0,74,1,146,0
1,-7,91,1,146,0
6,7,106,1,146,0
5,6,114,1,146,0
3,-3,121,1,146,0
4,5,123,1,146,0
0,-4,124,1,146,0
3,4,131,1,146,0
1,2,136,1,146,0
2,3,139,1,146,0
0,1,145,1,146,0
1,-8,3,1,146,0
-4,-8,5,1,146,0
-6,5,15,1,146,0
6,-3,52,1,146,0
3,5,58,1,146,0
-2,-2,66,1,146,0
2,4,73,1,146,0
4,-7,74,1,146,0
-1,0,146,1,146,0
5,7,76,1,146,0
2,-1,91,1,146,0
3,-4,116,1,146,0
0,-5,118,1,146,0
1,3,132,1,146,0
0,2,139,1,146,0
-5,5,21,1,146,0
-3,-6,45,1,146,0
-5,-2,48,1,146,0
3,6,51,1,146,0
7,-7,55,1,146,0
-2,-3,59,1,146,0
4,7,67,1,146,0
2,5,78,1,146,0
-1,1,84,1,146,0
3,-5,91,1,146,0
5,-1,106,1,146,0
0,-6,112,1,146,0
1,4,126,1,146,0
2,-2,131,1,146,0
0,3,133,1,146,0
-2,2,145,1,146,0
-6,-6,14,1,146,0
3,7,16,1,146,0
-3,-7,22,1,146,0
-4,5,27,1,146,0
-3,4,35,1,146,0
-5,-3,41,1,146,0
-2,-4,48,1,146,0
0,4,57,1,146,0
-1,-1,75,1,146,0
0,-7,105,1,146,0
2,6,112,1,146,0
1,5,119,1,146,0
2,-3,124,1,146,0
-2,3,142,1,146,0
-9,-6,4,1,146,0
-3,-8,6,1,146,0
-6,-7,9,1,146,0
3,8,13,1,146,0
-3,5,33,1,146,0
-2,4,42,1,146,0
0,5,54,1,146,0
5,-3,58,1,146,0
-4,-1,59,1,146,0
3,-7,79,1,146,0
8,3,84,1,146,0
7,2,103,1,146,0
2,7,106,1,146,0
1,6,113,1,146,0
-1,3,139,1,146,0
1,-1,139,1,146,0
2,8,6,1,146,0
0,6,37,1,146,0
8,-3,39,1,146,0
-4,-2,49,1,146,0
-1,4,49,1,146,0
-1,-3,53,1,146,0
-2,-6,59,1,146,0
6,-7,62,1,146,0
4,0,93,1,146,0
2,-5,85,1,146,0
1,7,94,1,146,0
7,3,94,1,146,0
4,-1,112,1,146,0
6,2,109,1,146,0
5,1,116,1,146,0
1,-2,133,1,146,0
2,9,5,1,146,0
-3,7,14,1,146,0
-5,-6,21,1,146,0
-2,6,23,1,146,0
-1,-4,52,1,146,0
8,5,91,1,146,0
1,-3,93,1,146,0
6,3,93,1,146,0
5,-5,102,1,146,0
5,2,113,1,146,0
3,0,118,1,146,0
4,1,122,1,146,0
-5,-7,8,1,147,0
-8,-6,9,1,147,0
-3,8,9,1,147,0
-2,7,18,1,147,0
5,3,51,1,147,0
-7,-3,29,1,147,0
-1,6,31,1,147,0
-4,-4,34,1,147,0
4,-3,64,1,147,0
-1,-5,66,1,147,0
2,-7,87,1,147,0
1,-4,97,1,147,0
7,5,98,1,147,0
2,0,125,1,147,0
3,1,129,1,147,0
0,-1,145,1,147,0
-3,9,3,1,147,0
-7,-4,28,1,147,0
-4,-5,31,1,147,0
7,-3,46,1,147,0
-1,-6,61,1,147,0
5,-7,68,1,147,0
1,-5,79,1,147,0
8,7,95,1,147,0
6,5,106,1,147,0
4,-4,112,1,147,0
3,-1,117,1,147,0
5,4,115,1,147,0
4,3,123,1,147,0
3,2,131,1,147,0
0,-2,137,1,147,0
2,1,139,1,147,0
1,0,142,1,147,0
-8,5,2,1,147,0
-7,-5,21,1,147,0
-4,-6,24,1,147,0
8,-7,48,1,147,0
-3,0,66,1,147,0
1,-6,93,1,147,0
7,7,102,1,147,0
4,-5,108,1,147,0
6,6,111,1,147,0
5,5,119,1,147,0
0,-3,129,1,147,0
4,4,129,1,147,0
3,3,138,1,147,0
0,0,146,1,147,0
1,1,146,1,147,0
2,2,146,1,147,0
-7,5,9,1,147,0
-7,-6,14,1,147,0
-6,-3,38,1,147,0
-3,-4,42,1,147,0
-2,-1,69,1,147,0
-2,0,74,1,147,0
1,-7,91,1,147,0
6,7,106,1,147,0
5,6,114,1,147,0
3,-3,121,1,147,0
4,5,123,1,147,0
0,-4,124,1,147,0
3,4,131,1,147,0
1,2,136,1,147,0
2,3,139,1,147,0
0,1,145,1,147,0
1,-8,3,1,147,0
-4,-8,5,1,147,0
-6,5,15,1,147,0
6,-3,52,1,147,0
3,5,58,1,147,0
-2,-2,66,1,147,0
2,4,73,1,147,0
4,-7,74,1,147,0
-1,0,147,1,147,0
5,7,76,1,147,0
2,-1,91,1,147,0
3,-4,116,1,147,0
0,-5,118,1,147,0
1,3,132,1,147,0
0,2,139,1,147,0
-5,5,21,1,147,0
-3,-6,45,1,147,0
-5,-2,48,1,147,0
3,6,51,1,147,0
7,-7,55,1,147,0
-2,-3,59,1,147,0
4,7,67,1,147,0
2,5,78,1,147,0
-1,1,84,1,147,0
3,-5,91,1,147,0
5,-1,106,1,147,0
0,-6,112,1,147,0
1,4,126,1,147,0
2,-2,131,1,147,0
0,3,133,1,147,0
-2,2,146,1,147,0
-6,-6,14,1,147,0
3,7,16,1,147,0
-3,-7,22,1,147,0
-4,5,27,1,147,0
-3,4,35,1,147,0
-5,-3,41,1,147,0
-2,-4,48,1,147,0
0,4,57,1,147,0
-1,-1,75,1,147,0
0,-7,105,1,147,0
2,6,112,1,147,0
1,5,119,1,147,0
2,-3,124,1,147,0
-2,3,142,1,147,0
-9,-6,4,1,147,0
-3,-8,6,1,147,0
-6,-7,9,1,147,0
3,8,13,1,147,0
-3,5,33,1,147,0
-2,4,42,1,147,0
0,5,54,1,147,0
5,-3,58,1,147,0
-4,-1,59,1,147,0
3,-7,79,1,147,0
8,3,84,1,147,0
7,2,103,1,147,0
2,7,106,1,147,0
1,6,113,1,147,0
-1,3,139,1,147,0
1,-1,139,1,147,0
2,8,6,1,147,0
0,6,37,1,147,0
8,-3,39,1,147,0
-4,-2,49,1,147,0
-1,4,49,1,147,0
-1,-3,53,1,147,0
-2,-6,59,1,147,0
6,-7,62,1,147,0
4,0,93,1,147,0
2,-5,85,1,147,0
1,7,94,1,147,0
7,3,94,1,147,0
4,-1,112,1,147,0
6,2,109,1,147,0
5,1,116,1,147,0
1,-2,133,1,147,0
2,9,5,1,147,0
-3,7,14,1,147,0
-5,-6,21,1,147,0
-2,6,23,1,147,0
-1,-4,52,1,147,0
8,5,91,1,147,0
1,-3,93,1,147,0
6,3,93,1,147,0
5,-5,102,1,147,0
5,2,113,1,147,0
3,0,118,1,147,0
4,1,122,1,147,0
-5,-7,8,1,148,0
-8,-6,9,1,148,0
-3,8,9,1,148,0
-2,7,18,1,148,0
5,3,51,1,148,0
-7,-3,29,1,148,0
-1,6,31,1,148,0
-4,-4,34,1,148,0
4,-3,64,1,148,0
-1,-5,66,1,148,0
2,-7,87,1,148,0
1,-4,97,1,148,0
7,5,98,1,148,0
2,0,125,1,148,0
3,1,129,1,148,0
0,-1,146,1,148,0
-3,9,3,1,148,0
-7,-4,28,1,148,0
-4,-5,31,1,148,0
7,-3,46,1,148,0
-1,-6,61,1,148,0
5,-7,68,1,148,0
1,-5,79,1,148,0
8,7,95,1,148,0
6,5,106,1,148,0
4,-4,112,1,148,0
3,-1,117,1,148,0
5,4,115,1,148,0
4,3,123,1,148,0
3,2,131,1,148,0
0,-2,137,1,148,0
2,1,139,1,148,0
1,0,142,1,148,0
-8,5,2,1,148,0
-7,-5,21,1,148,0
-4,-6,24,1,148,0
8,-7,48,1,148,0
-3,0,66,1,148,0
1,-6,93,1,148,0
7,7,102,1,148,0
4,-5,108,1,148,0
6,6,111,1,148,0
5,5,119,1,148,0
0,-3,129,1,148,0
4,4,129,1,148,0
3,3,138,1,148,0
0,0,147,1,148,0
1,1,147,1,148,0
2,2,147,1,148,0
-7,5,9,1,148,0
-7,-6,14,1,148,0
-6,-3,38,1,148,0
-3,-4,42,1,148,0
-2,-1,69,1,148,0
-2,0,148,1,148,0
1,-7,91,1,148,0
6,7,106,1,148,0
5,6,114,1,148,0
3,-3,121,1,148,0
4,5,123,1,148,0
0,-4,124,1,148,0
3,4,131,1,148,0
1,2,136,1,148,0
2,3,139,1,148,0
0,1,145,1,148,0
1,-8,3,1,148,0
-4,-8,5,1,148,0
-6,5,15,1,148,0
6,-3,52,1,148,0
3,5,58,1,148,0
-2,-2,66,1,148,0
2,4,73,1,148,0
4,-7,74,1,148,0
-1,0,147,1,148,0
5,7,76,1,148,0
2,-1,91,1,148,0
3,-4,116,1,148,0
0,-5,118,1,148,0
1,3,132,1,148,0
0,2,139,1,148,0
-5,5,21,1,148,0
-3,-6,45,1,148,0
-5,-2,48,1,148,0
3,6,51,1,148,0
7,-7,55,1,148,0
-2,-3,59,1,148,0
4,7,67,1,148,0
2,5,78,1,148,0
-1,1,84,1,148,0
3,-5,91,1,148,0
5,-1,106,1,148,0
0,-6,112,1,148,0
1,4,126,1,148,0
2,-2,131,1,148,0
0,3,133,1,148,0
-2,2,147,1,148,0
-6,-6,14,1,148,0
3,7,16,1,148,0
-3,-7,22,1,148,0
-4,5,27,1,148,0
-3,4,35,1,148,0
-5,-3,41,1,148,0
-2,-4,48,1,148,0
0,4,57,1,148,0
-1,-1,75,1,148,0
0,-7,105,1,148,0
2,6,112,1,148,0
1,5,119,1,148,0
2,-3,124,1,148,0
-2,3,142,1,148,0
-9,-6,4,1,148,0
-3,-8,6,1,148,0
-6,-7,9,1,148,0
3,8,13,1,148,0
-3,5,33,1,148,0
-2,4,42,1,148,0
0,5,54,1,148,0
5,-3,58,1,148,0
-4,-1,59,1,148,0
3,-7,79,1,148,0
8,3,84,1,148,0
7,2,103,1,148,0
2,7,106,1,148,0
1,6,113,1,148,0
-1,3,139,1,148,0
1,-1,139,1,148,0
2,8,6,1,148,0
0,6,37,1,148,0
8,-3,39,1,148,0
-4,-2,49,1,148,0
-1,4,49,1,148,0
-1,-3,53,1,148,0
-2,-6,59,1,148,0
6,-7,62,1,148,0
4,0,93,1,148,0
2,-5,85,1,148,0
1,7,94,1,148,0
7,3,94,1,148,0
4,-1,112,1,148,0
6,2,109,1,148,0
5,1,116,1,148,0
1,-2,133,1,148,0
2,9,5,1,148,0
-3,7,14,1,148,0
-5,-6,21,1,148,0
-2,6,23,1,148,0
-1,-4,52,1,148,0
8,5,91,1,148,0
1,-3,93,1,148,0
6,3,93,1,148,0
5,-5,102,1,148,0
5,2,113,1,148,0
3,0,118,1,148,0
4,1,122,1,148,0
-5,-7,8,1,149,0
-8,-6,9,1,149,0
-3,8,9,1,149,0
-2,7,18,1,149,0
5,3,51,1,149,0
-7,-3,29,1,149,0
-1,6,31,1,149,0
-4,-4,34,1,149,0
4,-3,64,1,149,0
-1,-5,66,1,149,0
2,-7,87,1,149,0
1,-4,97,1,149,0
7,5,98,1,149,0
2,0,125,1,149,0
3,1,129,1,149,0
0,-1,146,1,149,0
-3,9,3,1,149,0
-7,-4,28,1,149,0
-4,-5,31,1,149,0
7,-3,46,1,149,0
-1,-6,61,1,149,0
5,-7,68,1,149,0
1,-5,79,1,149,0
8,7,95,1,149,0
6,5,106,1,149,0
4,-4,112,1,149,0
3,-1,117,1,149,0
5,4,115,1,149,0
4,3,123,1,149,0
3,2,131,1,149,0
0,-2,137,1,149,0
2,1,139,1,149,0
1,0,148,1,149,0
-8,5,2,1,149,0
-7,-5,21,1,149,0
-4,-6,24,1,149,0
8,-7,48,1,149,0
-3,0,66,1,149,0
1,-6,93,1,149,0
7,7,102,1,149,0
4,-5,108,1,149,0
6,6,111,1,149,0
5,5,119,1,149,0
0,-3,129,1,149,0
4,4,129,1,149,0
3,3,138,1,149,0
1,1,147,1,149,0
0,0,148,1,149,0
2,2,148,1,149,0
-7,5,9,1,149,0
-7,-6,14,1,149,0
-6,-3,38,1,149,0
-3,-4,42,1,149,0
-2,-1,69,1,149,0
-2,0,149,1,149,0
1,-7,91,1,149,0
6,7,106,1,149,0
5,6,114,1,149,0
3,-3,121,1,149,0
4,5,123,1,149,0
0,-4,124,1,149,0
3,4,131,1,149,0
1,2,136,1,149,0
2,3,139,1,149,0
0,1,145,1,149,0
1,-8,3,1,149,0
-4,-8,5,1,149,0
-6,5,15,1,149,0
6,-3,52,1,149,0
3,5,58,1,149,0
-2,-2,66,1,149,0
2,4,73,1,149,0
4,-7,74,1,149,0
-1,0,147,1,149,0
5,7,76,1,149,0
2,-1,91,1,149,0
3,-4,116,1,149,0
0,-5,118,1,149,0
1,3,132,1,149,0
0,2,139,1,149,0
-5,5,21,1,149,0
-3,-6,45,1,149,0
-5,-2,48,1,149,0
3,6,51,1,149,0
7,-7,55,1,149,0
-2,-3,59,1,149,0
4,7,67,1,149,0
2,5,78,1,149,0
-1,1,84,1,149,0
3,-5,91,1,149,0
5,-1,106,1,149,0
0,-6,112,1,149,0
1,4,126,1,149,0
2,-2,131,1,149,0
0,3,133,1,149,0
-2,2,148,1,149,0
-6,-6,14,1,149,0
3,7,16,1,149,0
-3,-7,22,1,149,0
-4,5,27,1,149,0
-3,4,35,1,149,0
-5,-3,41,1,149,0
-2,-4,48,1,149,0
0,4,57,1,149,0
-1,-1,75,1,149,0
0,-7,105,1,149,0
2,6,112,1,149,0
1,5,119,1,149,0
2,-3,124,1,149,0
-2,3,142,1,149,0
-9,-6,4,1,149,0
-3,-8,6,1,149,0
-6,-7,9,1,149,0
3,8,13,1,149,0
-3,5,33,1,149,0
-2,4,42,1,149,0
0,5,54,1,149,0
5,-3,58,1,149,0
-4,-1,59,1,149,0
3,-7,79,1,149,0
8,3,84,1,149,0
7,2,103,1,149,0
2,7,106,1,149,0
1,6,113,1,149,0
-1,3,139,1,149,0
1,-1,139,1,149,0
-1,-2,147,1,149,0
2,8,6,1,149,0
0,6,37,1,149,0
8,-3,39,1,149,0
-4,-2,49,1,149,0
-1,4,49,1,149,0
-1,-3,53,1,149,0
-2,-6,59,1,149,0
6,-7,62,1,149,0
4,0,93,1,149,0
2,-5,85,1,149,0
1,7,94,1,149,0
7,3,94,1,149,0
4,-1,112,1,149,0
6,2,109,1,149,0
5,1,116,1,149,0
1,-2,133,1,149,0
2,9,5,1,149,0
-3,7,14,1,149,0
-5,-6,21,1,149,0
-2,6,23,1,149,0
-1,-4,52,1,149,0
8,5,91,1,149,0
1,-3,93,1,149,0
6,3,93,1,149,0
5,-5,102,1,149,0
5,2,113,1,149,0
3,0,118,1,149,0
4,1,122,1,149,0
-5,-7,8,1,150,0
-8,-6,9,1,150,0
-3,8,9,1,150,0
-2,7,18,1,150,0
5,3,51,1,150,0
-7,-3,29,1,150,0
-1,6,31,1,150,0
-4,-4,34,1,150,0
4,-3,64,1,150,0
-1,-5,66,1,150,0
2,-7,87,1,150,0
1,-4,97,1,150,0
7,5,98,1,150,0
2,0,125,1,150,0
3,1,129,1,150,0
0,-1,146,1,150,0
-3,9,3,1,150,0
-7,-4,28,1,150,0
-4,-5,31,1,150,0
7,-3,46,1,150,0
-1,-6,61,1,150,0
5,-7,68,1,150,0
1,-5,79,1,150,0
8,7,95,1,150,0
6,5,106,1,150,0
4,-4,112,1,150,0
3,-1,117,1,150,0
5,4,115,1,150,0
4,3,123,1,150,0
3,2,131,1,150,0
0,-2,137,1,150,0
2,1,139,1,150,0
1,0,148,1,150,0
-8,5,2,1,150,0
-7,-5,21,1,150,0
-4,-6,24,1,150,0
8,-7,48,1,150,0
-3,0,66,1,150,0
1,-6,93,1,150,0
7,7,102,1,150,0
4,-5,108,1,150,0
6,6,111,1,150,0
5,5,119,1,150,0
0,-3,129,1,150,0
4,4,129,1,150,0
3,3,138,1,150,0
2,2,148,1,150,0
1,1,149,1,150,0
0,0,149,1,150,0
-7,5,9,1,150,0
-7,-6,14,1,150,0
-6,-3,38,1,150,0
-3,-4,42,1,150,0
-2,-1,69,1,150,0
-2,0,149,1,150,0
1,-7,91,1,150,0
6,7,106,1,150,0
5,6,114,1,150,0
3,-3,121,1,150,0
4,5,123,1,150,0
0,-4,124,1,150,0
3,4,131,1,150,0
1,2,136,1,150,0
2,3,139,1,150,0
0,1,145,1,150,0
1,-8,3,1,150,0
-4,-8,5,1,150,0
-6,5,15,1,150,0
6,-3,52,1,150,0
3,5,58,1,150,0
-2,-2,66,1,150,0
2,4,73,1,150,0
4,-7,74,1,150,0
-1,0,147,1,150,0
5,7,76,1,150,0
2,-1,91,1,150,0
3,-4,116,1,150,0
0,-5,118,1,150,0
1,3,132,1,150,0
0,2,139,1,150,0
-5,5,21,1,150,0
-3,-6,45,1,150,0
-5,-2,48,1,150,0
3,6,51,1,150,0
7,-7,55,1,150,0
-2,-3,59,1,150,0
4,7,67,1,150,0
2,5,78,1,150,0
-1,1,84,1,150,0
3,-5,91,1,150,0
5,-1,106,1,150,0
0,-6,112,1,150,0
1,4,126,1,150,0
2,-2,131,1,150,0
0,3,133,1,150,0
-2,2,149,1,150,0
-6,-6,14,1,150,0
3,7,16,1,150,0
-3,-7,22,1,150,0
-4,5,27,1,150,0
-3,4,35,1,150,0
-5,-3,41,1,150,0
-2,-4,48,1,150,0
0,4,57,1,150,0
-1,-1,75,1,150,0
0,-7,105,1,150,0
2,6,112,1,150,0
1,5,119,1,150,0
2,-3,124,1,150,0
-2,3,142,1,150,0
-9,-6,4,1,150,0
-3,-8,6,1,150,0
-6,-7,9,1,150,0
3,8,13,1,150,0
-3,5,33,1,150,0
-2,4,42,1,150,0
0,5,54,1,150,0
5,-3,58,1,150,0
-4,-1,59,1,150,0
3,-7,79,1,150,0
8,3,84,1,150,0
7,2,103,1,150,0
2,7,106,1,150,0
1,6,113,1,150,0
-1,3,139,1,150,0
1,-1,139,1,150,0
-1,-2,148,1,150,0
2,8,6,1,150,0
0,6,37,1,150,0
8,-3,39,1,150,0
-4,-2,49,1,150,0
-1,4,49,1,150,0
-1,-3,53,1,150,0
-2,-6,59,1,150,0
6,-7,62,1,150,0
4,0,93,1,150,0
2,-5,85,1,150,0
1,7,94,1,150,0
7,3,94,1,150,0
4,-1,112,1,150,0
6,2,109,1,150,0
5,1,116,1,150,0
1,-2,133,1,150,0
2,9,5,1,150,0
-3,7,14,1,150,0
-5,-6,21,1,150,0
-2,6,23,1,150,0
-1,-4,52,1,150,0
8,5,91,1,150,0
1,-3,93,1,150,0
6,3,93,1,150,0
5,-5,102,1,150,0
5,2,113,1,150,0
3,0,118,1,150,0
4,1,122,1,150,0
-5,-7,8,1,151,0
-8,-6,9,1,151,0
-3,8,9,1,151,0
-2,7,18,1,151,0
5,3,51,1,151,0
-7,-3,29,1,151,0
-1,6,31,1,151,0
-4,-4,34,1,151,0
4,-3,64,1,151,0
-1,-5,66,1,151,0
2,-7,87,1,151,0
1,-4,97,1,151,0
7,5,98,1,151,0
2,0,125,1,151,0
3,1,129,1,151,0
0,-1,149,1,151,0
-3,9,3,1,151,0
-7,-4,28,1,151,0
-4,-5,31,1,151,0
7,-3,46,1,151,0
-1,-6,61,1,151,0
5,-7,68,1,151,0
1,-5,79,1,151,0
8,7,95,1,151,0
6,5,106,1,151,0
4,-4,112,1,151,0
3,-1,117,1,151,0
5,4,115,1,151,0
4,3,123,1,151,0
3,2,131,1,151,0
0,-2,137,1,151,0
2,1,139,1,151,0
1,0,148,1,151,0
-8,5,2,1,151,0
-7,-5,21,1,151,0
-4,-6,24,1,151,0
8,-7,48,1,151,0
-3,0,66,1,151,0
1,-6,93,1,151,0
7,7,102,1,151,0
4,-5,108,1,151,0
6,6,111,1,151,0
5,5,119,1,151,0
0,-3,129,1,151,0
4,4,129,1,151,0
3,3,138,1,151,0
2,2,148,1,151,0
1,1,149,1,151,0
0,0,149,1,151,0
-7,5,9,1,151,0
-7,-6,14,1,151,0
-6,-3,38,1,151,0
-3,-4,42,1,151,0
-2,-1,69,1,151,0
-2,0,151,1,151,0
1,-7,91,1,151,0
6,7,106,1,151,0
5,6,114,1,151,0
3,-3,121,1,151,0
4,5,123,1,151,0
0,-4,124,1,151,0
3,4,131,1,151,0
1,2,136,1,151,0
2,3,139,1,151,0
0,1,145,1,151,0
1,-8,3,1,151,0
-4,-8,5,1,151,0
-6,5,15,1,151,0
6,-3,52,1,151,0
3,5,58,1,151,0
-2,-2,66,1,151,0
2,4,73,1,151,0
4,-7,74,1,151,0
-1,0,147,1,151,0
5,7,76,1,151,0
2,-1,91,1,151,0
3,-4,116,1,151,0
0,-5,118,1,151,0
1,3,132,1,151,0
0,2,139,1,151,0
-5,5,21,1,151,0
-3,-6,45,1,151,0
-5,-2,48,1,151,0
3,6,51,1,151,0
7,-7,55,1,151,0
-2,-3,59,1,151,0
4,7,67,1,151,0
2,5,78,1,151,0
-1,1,84,1,151,0
3,-5,91,1,151,0
5,-1,106,1,151,0
0,-6,112,1,151,0
1,4,126,1,151,0
2,-2,131,1,151,0
0,3,133,1,151,0
-2,2,149,1,151,0
-6,-6,14,1,151,0
3,7,16,1,151,0
-3,-7,22,1,151,0
-4,5,27,1,151,0
-3,4,35,1,151,0
-5,-3,41,1,151,0
-2,-4,48,1,151,0
0,4,57,1,151,0
-1,-1,75,1,151,0
0,-7,105,1,151,0
2,6,112,1,151,0
1,5,119,1,151,0
2,-3,124,1,151,0
-2,3,142,1,151,0
-9,-6,4,1,151,0
-3,-8,6,1,151,0
-6,-7,9,1,151,0
3,8,13,1,151,0
-3,5,33,1,151,0
-2,4,42,1,151,0
0,5,54,1,151,0
5,-3,58,1,151,0
-4,-1,59,1,151,0
3,-7,79,1,151,0
8,3,84,1,151,0
7,2,103,1,151,0
2,7,106,1,151,0
1,6,113,1,151,0
-1,3,139,1,151,0
1,-1,139,1,151,0
-1,-2,149,1,151,0
2,8,6,1,151,0
0,6,37,1,151,0
8,-3,39,1,151,0
-4,-2,49,1,151,0
-1,4,49,1,151,0
-1,-3,53,1,151,0
-2,-6,59,1,151,0
6,-7,62,1,151,0
4,0,93,1,151,0
2,-5,85,1,151,0
1,7,94,1,151,0
7,3,94,1,151,0
4,-1,112,1,151,0
6,2,109,1,151,0
5,1,116,1,151,0
1,-2,133,1,151,0
2,9,5,1,151,0
-3,7,14,1,151,0
-5,-6,21,1,151,0
-2,6,23,1,151,0
-1,-4,52,1,151,0
8,5,91,1,151,0
1,-3,93,1,151,0
6,3,93,1,151,0
5,-5,102,1,151,0
5,2,113,1,151,0
3,0,118,1,151,0
4,1,122,1,151,0
-5,-7,8,1,152,0
-8,-6,9,1,152,0
-3,8,9,1,152,0
-2,7,18,1,152,0
5,3,51,1,152,0
-7,-3,29,1,152,0
-1,6,31,1,152,0
-4,-4,34,1,152,0
4,-3,64,1,152,0
-1,-5,66,1,152,0
2,-7,87,1,152,0
1,-4,97,1,152,0
7,5,98,1,152,0
2,0,125,1,152,0
3,1,129,1,152,0
0,-1,149,1,152,0
-3,9,3,1,152,0
-7,-4,28,1,152,0
-4,-5,31,1,152,0
7,-3,46,1,152,0
-1,-6,61,1,152,0
5,-7,68,1,152,0
1,-5,79,1,152,0
8,7,95,1,152,0
6,5,106,1,152,0
4,-4,112,1,152,0
3,-1,117,1,152,0
5,4,115,1,152,0
4,3,123,1,152,0
3,2,131,1,152,0
0,-2,137,1,152,0
2,1,139,1,152,0
1,0,148,1,152,0
-8,5,2,1,152,0
-7,-5,21,1,152,0
-4,-6,24,1,152,0
8,-7,48,1,152,0
-3,0,66,1,152,0
1,-6,93,1,152,0
7,7,102,1,152,0
4,-5,108,1,152,0
6,6,111,1,152,0
5,5,119,1,152,0
0,-3,129,1,152,0
4,4,129,1,152,0
3,3,138,1,152,0
2,2,148,1,152,0
0,0,151,1,152,0
1,1,151,1,152,0
-7,5,9,1,152,0
-7,-6,14,1,152,0
-6,-3,38,1,152,0
-3,-4,42,1,152,0
-2,-1,69,1,152,0
-2,0,152,1,152,0
1,-7,91,1,152,0
6,7,106,1,152,0
5,6,114,1,152,0
3,-3,121,1,152,0
4,5,123,1,152,0
0,-4,124,1,152,0
3,4,131,1,152,0
1,2,136,1,152,0
2,3,139,1,152,0
0,1,145,1,152,0
1,-8,3,1,152,0
-4,-8,5,1,152,0
-6,5,15,1,152,0
6,-3,52,1,152,0
3,5,58,1,152,0
-2,-2,66,1,152,0
2,4,73,1,152,0
4,-7,74,1,152,0
-1,0,147,1,152,0
5,7,76,1,152,0
2,-1,91,1,152,0
3,-4,116,1,152,0
0,-5,118,1,152,0
1,3,132,1,152,0
0,2,139,1,152,0
-2,1,151,1,152,0
-5,5,21,1,152,0
-3,-6,45,1,152,0
-5,-2,48,1,152,0
3,6,51,1,152,0
7,-7,55,1,152,0
-2,-3,59,1,152,0
4,7,67,1,152,0
2,5,78,1,152,0
-1,1,84,1,152,0
3,-5,91,1,152,0
5,-1,106,1,152,0
0,-6,112,1,152,0
1,4,126,1,152,0
2,-2,131,1,152,0
0,3,133,1,152,0
-2,2,149,1,152,0
-6,-6,14,1,152,0
3,7,16,1,152,0
-3,-7,22,1,152,0
-4,5,27,1,152,0
-3,4,35,1,152,0
-5,-3,41,1,152,0
-2,-4,48,1,152,0
0,4,57,1,152,0
-1,-1,75,1,152,0
0,-7,105,1,152,0
2,6,112,1,152,0
1,5,119,1,152,0
2,-3,124,1,152,0
-2,3,142,1,152,0
-9,-6,4,1,152,0
-3,-8,6,1,152,0
-6,-7,9,1,152,0
3,8,13,1,152,0
-3,5,33,1,152,0
-2,4,42,1,152,0
0,5,54,1,152,0
5,-3,58,1,152,0
-4,-1,59,1,152,0
3,-7,79,1,152,0
8,3,84,1,152,0
7,2,103,1,152,0
2,7,106,1,152,0
1,6,113,1,152,0
-1,3,139,1,152,0
1,-1,139,1,152,0
-1,-2,151,1,152,0
2,8,6,1,152,0
0,6,37,1,152,0
8,-3,39,1,152,0
-4,-2,49,1,152,0
-1,4,49,1,152,0
-1,-3,53,1,152,0
-2,-6,59,1,152,0
6,-7,62,1,152,0
4,0,93,1,152,0
2,-5,85,1,152,0
1,7,94,1,152,0
7,3,94,1,152,0
4,-1,112,1,152,0
6,2,109,1,152,0
5,1,116,1,152,0
1,-2,133,1,152,0
2,9,5,1,152,0
-3,7,14,1,152,0
-5,-6,21,1,152,0
-2,6,23,1,152,0
-1,-4,52,1,152,0
8,5,91,1,152,0
1,-3,93,1,152,0
6,3,93,1,152,0
5,-5,102,1,152,0
5,2,113,1,152,0
3,0,118,1,152,0
4,1,122,1,152,0
-5,-7,8,1,153,0
-8,-6,9,1,153,0
-3,8,9,1,153,0
-2,7,18,1,153,0
5,3,51,1,153,0
-7,-3,29,1,153,0
-1,6,31,1,153,0
-4,-4,34,1,153,0
4,-3,64,1,153,0
-1,-5,66,1,153,0
2,-7,87,1,153,0
1,-4,97,1,153,0
7,5,98,1,153,0
2,0,125,1,153,0
3,1,129,1,153,0
0,-1,151,1,153,0
-3,9,3,1,153,0
-7,-4,28,1,153,0
-4,-5,31,1,153,0
7,-3,46,1,153,0
-1,-6,61,1,153,0
5,-7,68,1,153,0
1,-5,79,1,153,0
8,7,95,1,153,0
6,5,106,1,153,0
4,-4,112,1,153,0
3,-1,117,1,153,0
5,4,115,1,153,0
4,3,123,1,153,0
3,2,131,1,153,0
0,-2,137,1,153,0
2,1,139,1,153,0
1,0,148,1,153,0
-8,5,2,1,153,0
-7,-5,21,1,153,0
-4,-6,24,1,153,0
8,-7,48,1,153,0
-3,0,66,1,153,0
1,-6,93,1,153,0
7,7,102,1,153,0
4,-5,108,1,153,0
6,6,111,1,153,0
5,5,119,1,153,0
0,-3,129,1,153,0
4,4,129,1,153,0
3,3,138,1,153,0
2,2,148,1,153,0
0,0,152,1,153,0
1,1,152,1,153,0
-7,5,9,1,153,0
-7,-6,14,1,153,0
-6,-3,38,1,153,0
-3,-4,42,1,153,0
-2,-1,69,1,153,0
-2,0,152,1,153,0
1,-7,91,1,153,0
6,7,106,1,153,0
5,6,114,1,153,0
3,-3,121,1,153,0
4,5,123,1,153,0
0,-4,124,1,153,0
3,4,131,1,153,0
1,2,136,1,153,0
2,3,139,1,153,0
0,1,145,1,153,0
1,-8,3,1,153,0
-4,-8,5,1,153,0
-6,5,15,1,153,0
6,-3,52,1,153,0
3,5,58,1,153,0
-2,-2,66,1,153,0
2,4,73,1,153,0
4,-7,74,1,153,0
-1,0,147,1,153,0
5,7,76,1,153,0
2,-1,91,1,153,0
3,-4,116,1,153,0
0,-5,118,1,153,0
1,3,132,1,153,0
0,2,139,1,153,0
-2,1,153,1,153,0
-5,5,21,1,153,0
-3,-6,45,1,153,0
-5,-2,48,1,153,0
3,6,51,1,153,0
7,-7,55,1,153,0
-2,-3,59,1,153,0
4,7,67,1,153,0
2,5,78,1,153,0
-1,1,84,1,153,0
3,-5,91,1,153,0
5,-1,106,1,153,0
0,-6,112,1,153,0
1,4,126,1,153,0
2,-2,131,1,153,0
0,3,133,1,153,0
-2,2,149,1,153,0
-6,-6,14,1,153,0
3,7,16,1,153,0
-3,-7,22,1,153,0
-4,5,27,1,153,0
-3,4,35,1,153,0
-5,-3,41,1,153,0
-2,-4,48,1,153,0
0,4,57,1,153,0
-1,-1,75,1,153,0
0,-7,105,1,153,0
2,6,112,1,153,0
1,5,119,1,153,0
2,-3,124,1,153,0
-2,3,142,1,153,0
-9,-6,4,1,153,0
-3,-8,6,1,153,0
-6,-7,9,1,153,0
3,8,13,1,153,0
-3,5,33,1,153,0
-2,4,42,1,153,0
0,5,54,1,153,0
5,-3,58,1,153,0
-4,-1,59,1,153,0
3,-7,79,1,153,0
8,3,84,1,153,0
7,2,103,1,153,0
2,7,106,1,153,0
1,6,113,1,153,0
-1,3,139,1,153,0
1,-1,139,1,153,0
-1,-2,152,1,153,0
2,8,6,1,153,0
0,6,37,1,153,0
8,-3,39,1,153,0
-4,-2,49,1,153,0
-1,4,49,1,153,0
-1,-3,53,1,153,0
-2,-6,59,1,153,0
6,-7,62,1,153,0
4,0,93,1,153,0
2,-5,85,1,153,0
1,7,94,1,153,0
7,3,94,1,153,0
4,-1,112,1,153,0
6,2,109,1,153,0
5,1,116,1,153,0
1,-2,133,1,153,0
2,9,5,1,153,0
-3,7,14,1,153,0
-5,-6,21,1,153,0
-2,6,23,1,153,0
-1,-4,52,1,153,0
8,5,91,1,153,0
1,-3,93,1,153,0
6,3,93,1,153,0
5,-5,102,1,153,0
5,2,113,1,153,0
3,0,118,1,153,0
4,1,122,1,153,0
-5,-7,8,1,154,0
-8,-6,9,1,154,0
-3,8,9,1,154,0
-2,7,18,1,154,0
5,3,51,1,154,0
-7,-3,29,1,154,0
-1,6,31,1,154,0
-4,-4,34,1,154,0
4,-3,64,1,154,0
-1,-5,66,1,154,0
2,-7,87,1,154,0
1,-4,97,1,154,0
7,5,98,1,154,0
2,0,125,1,154,0
3,1,129,1,154,0
0,-1,152,1,154,0
-3,9,3,1,154,0
-7,-4,28,1,154,0
-4,-5,31,1,154,0
7,-3,46,1,154,0
-1,-6,61,1,154,0
5,-7,68,1,154,0
1,-5,79,1,154,0
8,7,95,1,154,0
6,5,106,1,154,0
4,-4,112,1,154,0
3,-1,117,1,154,0
5,4,115,1,154,0
4,3,123,1,154,0
3,2,131,1,154,0
0,-2,137,1,154,0
2,1,139,1,154,0
1,0,148,1,154,0
-8,5,2,1,154,0
-7,-5,21,1,154,0
-4,-6,24,1,154,0
8,-7,48,1,154,0
-3,0,66,1,154,0
1,-6,93,1,154,0
7,7,102,1,154,0
4,-5,108,1,154,0
6,6,111,1,154,0
5,5,119,1,154,0
0,-3,129,1,154,0
4,4,129,1,154,0
3,3,138,1,154,0
2,2,148,1,154,0
0,0,153,1,154,0
1,1,153,1,154,0
-7,5,9,1,154,0
-7,-6,14,1,154,0
-6,-3,38,1,154,0
-3,-4,42,1,154,0
-2,-1,69,1,154,0
-2,0,152,1,154,0
1,-7,91,1,154,0
6,7,106,1,154,0
5,6,114,1,154,0
3,-3,121,1,154,0
4,5,123,1,154,0
0,-4,124,1,154,0
3,4,131,1,154,0
1,2,136,1,154,0
2,3,139,1,154,0
0,1,145,1,154,0
1,-8,3,1,154,0
-4,-8,5,1,154,0
-6,5,15,1,154,0
6,-3,52,1,154,0
3,5,58,1,154,0
-2,-2,66,1,154,0
2,4,73,1,154,0
4,-7,74,1,154,0
-1,0,147,1,154,0
5,7,76,1,154,0
2,-1,91,1,154,0
3,-4,116,1,154,0
0,-5,118,1,154,0
1,3,132,1,154,0
0,2,139,1,154,0
-2,1,154,1,154,0
-5,5,21,1,154,0
-3,-6,45,1,154,0
-5,-2,48,1,154,0
3,6,51,1,154,0
7,-7,55,1,154,0
-2,-3,59,1,154,0
4,7,67,1,154,0
2,5,78,1,154,0
-1,1,84,1,154,0
3,-5,91,1,154,0
5,-1,106,1,154,0
0,-6,112,1,154,0
1,4,126,1,154,0
2,-2,131,1,154,0
0,3,133,1,154,0
-2,2,149,1,154,0
-6,-6,14,1,154,0
3,7,16,1,154,0
-3,-7,22,1,154,0
-4,5,27,1,154,0
-3,4,35,1,154,0
-5,-3,41,1,154,0
-2,-4,48,1,154,0
0,4,57,1,154,0
-1,-1,75,1,154,0
0,-7,105,1,154,0
2,6,112,1,154,0
1,5,119,1,154,0
2,-3,124,1,154,0
-2,3,142,1,154,0
-9,-6,4,1,154,0
-3,-8,6,1,154,0
-6,-7,9,1,154,0
3,8,13,1,154,0
-3,5,33,1,154,0
-2,4,42,1,154,0
0,5,54,1,154,0
5,-3,58,1,154,0
-4,-1,59,1,154,0
3,-7,79,1,154,0
8,3,84,1,154,0
7,2,103,1,154,0
2,7,106,1,154,0
1,6,113,1,154,0
-1,3,139,1,154,0
1,-1,139,1,154,0
-1,-2,153,1,154,0
2,8,6,1,154,0
0,6,37,1,154,0
8,-3,39,1,154,0
-4,-2,49,1,154,0
-1,4,49,1,154,0
-1,-3,53,1,154,0
-2,-6,59,1,154,0
6,-7,62,1,154,0
4,0,93,1,154,0
2,-5,85,1,154,0
1,7,94,1,154,0
7,3,94,1,154,0
4,-1,112,1,154,0
6,2,109,1,154,0
5,1,116,1,154,0
1,-2,133,1,154,0
2,9,5,1,154,0
-3,7,14,1,154,0
-5,-6,21,1,154,0
-2,6,23,1,154,0
-1,-4,52,1,154,0
8,5,91,1,154,0
1,-3,93,1,154,0
6,3,93,1,154,0
5,-5,102,1,154,0
5,2,113,1,154,0
3,0,118,1,154,0
4,1,122,1,154,0
-5,-7,8,1,155,0
-8,-6,9,1,155,0
-3,8,9,1,155,0
-2,7,18,1,155,0
5,3,51,1,155,0
-7,-3,29,1,155,0
-1,6,31,1,155,0
-4,-4,34,1,155,0
4,-3,64,1,155,0
-1,-5,66,1,155,0
2,-7,87,1,155,0
1,-4,97,1,155,0
7,5,98,1,155,0
2,0,125,1,155,0
3,1,129,1,155,0
0,-1,153,1,155,0
-3,9,3,1,155,0
-7,-4,28,1,155,0
-4,-5,31,1,155,0
7,-3,46,1,155,0
-1,-6,61,1,155,0
5,-7,68,1,155,0
1,-5,79,1,155,0
8,7,95,1,155,0
6,5,106,1,155,0
4,-4,112,1,155,0
3,-1,117,1,155,0
5,4,115,1,155,0
4,3,123,1,155,0
3,2,131,1,155,0
0,-2,137,1,155,0
2,1,139,1,155,0
1,0,148,1,155,0
-8,5,2,1,155,0
-7,-5,21,1,155,0
-4,-6,24,1,155,0
8,-7,48,1,155,0
-3,0,66,1,155,0
1,-6,93,1,155,0
7,7,102,1,155,0
4,-5,108,1,155,0
6,6,111,1,155,0
5,5,119,1,155,0
0,-3,129,1,155,0
4,4,129,1,155,0
3,3,138,1,155,0
2,2,148,1,155,0
0,0,154,1,155,0
1,1,154,1,155,0
-7,5,9,1,155,0
-7,-6,14,1,155,0
-6,-3,38,1,155,0
-3,-4,42,1,155,0
-2,-1,69,1,155,0
-2,0,152,1,155,0
1,-7,91,1,155,0
6,7,106,1,155,0
5,6,114,1,155,0
3,-3,121,1,155,0
4,5,123,1,155,0
0,-4,124,1,155,0
3,4,131,1,155,0
1,2,136,1,155,0
2,3,139,1,155,0
0,1,145,1,155,0
1,-8,3,1,155,0
-4,-8,5,1,155,0
-6,5,15,1,155,0
6,-3,52,1,155,0
3,5,58,1,155,0
-2,-2,66,1,155,0
2,4,73,1,155,0
4,-7,74,1,155,0
-1,0,147,1,155,0
5,7,76,1,155,0
2,-1,91,1,155,0
3,-4,116,1,155,0
0,-5,118,1,155,0
1,3,132,1,155,0
0,2,139,1,155,0
-2,1,155,1,155,0
-5,5,21,1,155,0
-3,-6,45,1,155,0
-5,-2,48,1,155,0
3,6,51,1,155,0
7,-7,55,1,155,0
-2,-3,59,1,155,0
4,7,67,1,155,0
2,5,78,1,155,0
-1,1,84,1,155,0
3,-5,91,1,155,0
5,-1,106,1,155,0
0,-6,112,1,155,0
1,4,126,1,155,0
2,-2,131,1,155,0
0,3,133,1,155,0
-2,2,149,1,155,0
-6,-6,14,1,155,0
3,7,16,1,155,0
-3,-7,22,1,155,0
-4,5,27,1,155,0
-3,4,35,1,155,0
-5,-3,41,1,155,0
-2,-4,48,1,155,0
0,4,57,1,155,0
-1,-1,75,1,155,0
0,-7,105,1,155,0
2,6,112,1,155,0
1,5,119,1,155,0
2,-3,124,1,155,0
-2,3,142,1,155,0
-9,-6,4,1,155,0
-3,-8,6,1,155,0
-6,-7,9,1,155,0
3,8,13,1,155,0
-3,5,33,1,155,0
-2,4,42,1,155,0
0,5,54,1,155,0
5,-3,58,1,155,0
-4,-1,59,1,155,0
3,-7,79,1,155,0
8,3,84,1,155,0
7,2,103,1,155,0
2,7,106,1,155,0
1,6,113,1,155,0
-1,3,139,1,155,0
1,-1,139,1,155,0
-1,-2,154,1,155,0
2,8,6,1,155,0
0,6,37,1,155,0
8,-3,39,1,155,0
-4,-2,49,1,155,0
-1,4,49,1,155,0
-1,-3,53,1,155,0
-2,-6,59,1,155,0
6,-7,62,1,155,0
4,0,93,1,155,0
2,-5,85,1,155,0
1,7,94,1,155,0
7,3,94,1,155,0
4,-1,112,1,155,0
6,2,109,1,155,0
5,1,116,1,155,0
1,-2,133,1,155,0
2,9,5,1,155,0
-3,7,14,1,155,0
-5,-6,21,1,155,0
-2,6,23,1,155,0
-1,-4,52,1,155,0
8,5,91,1,155,0
1,-3,93,1,155,0
6,3,93,1,155,0
5,-5,102,1,155,0
5,2,113,1,155,0
3,0,118,1,155,0
4,1,122,1,155,0
-5,-7,8,1,156,0
-8,-6,9,1,156,0
-3,8,9,1,156,0
-2,7,18,1,156,0
5,3,51,1,156,0
-7,-3,29,1,156,0
-1,6,31,1,156,0
-4,-4,34,1,156,0
4,-3,64,1,156,0
-1,-5,66,1,156,0
2,-7,87,1,156,0
1,-4,97,1,156,0
7,5,98,1,156,0
2,0,125,1,156,0
3,1,129,1,156,0
0,-1,154,1,156,0
-3,9,3,1,156,0
-7,-4,28,1,156,0
-4,-5,31,1,156,0
7,-3,46,1,156,0
-1,-6,61,1,156,0
5,-7,68,1,156,0
1,-5,79,1,156,0
8,7,95,1,156,0
6,5,106,1,156,0
4,-4,112,1,156,0
3,-1,117,1,156,0
5,4,115,1,156,0
4,3,123,1,156,0
3,2,131,1,156,0
0,-2,137,1,156,0
2,1,139,1,156,0
1,0,148,1,156,0
-8,5,2,1,156,0
-7,-5,21,1,156,0
-4,-6,24,1,156,0
8,-7,48,1,156,0
-3,0,66,1,156,0
1,-6,93,1,156,0
7,7,102,1,156,0
4,-5,108,1,156,0
6,6,111,1,156,0
5,5,119,1,156,0
0,-3,129,1,156,0
4,4,129,1,156,0
3,3,138,1,156,0
2,2,148,1,156,0
1,1,155,1,156,0
0,0,155,1,156,0
-7,5,9,1,156,0
-7,-6,14,1,156,0
-6,-3,38,1,156,0
-3,-4,42,1,156,0
-2,-1,69,1,156,0
-2,0,152,1,156,0
1,-7,91,1,156,0
6,7,106,1,156,0
5,6,114,1,156,0
3,-3,121,1,156,0
4,5,123,1,156,0
0,-4,124,1,156,0
3,4,131,1,156,0
1,2,136,1,156,0
2,3,139,1,156,0
0,1,145,1,156,0
-3,1,156,1,156,0
1,-8,3,1,156,0
-4,-8,5,1,156,0
-6,5,15,1,156,0
6,-3,52,1,156,0
3,5,58,1,156,0
2,4,73,1,156,0
4,-7,74,1,156,0
-1,0,147,1,156,0
5,7,76,1,156,0
2,-1,91,1,156,0
3,-4,116,1,156,0
0,-5,118,1,156,0
1,3,132,1,156,0
0,2,139,1,156,0
-2,1,155,1,156,0
-2,-2,155,1,156,0
-5,5,21,1,156,0
-3,-6,45,1,156,0
-5,-2,48,1,156,0
3,6,51,1,156,0
7,-7,55,1,156,0
-2,-3,59,1,156,0
4,7,67,1,156,0
2,5,78,1,156,0
-1,1,84,1,156,0
3,-5,91,1,156,0
5,-1,106,1,156,0
0,-6,112,1,156,0
1,4,126,1,156,0
2,-2,131,1,156,0
0,3,133,1,156,0
-2,2,155,1,156,0
-6,-6,14,1,156,0
3,7,16,1,156,0
-3,-7,22,1,156,0
-4,5,27,1,156,0
-3,4,35,1,156,0
-5,-3,41,1,156,0
-2,-4,48,1,156,0
0,4,57,1,156,0
-1,-1,75,1,156,0
0,-7,105,1,156,0
2,6,112,1,156,0
1,5,119,1,156,0
2,-3,124,1,156,0
-2,3,142,1,156,0
-9,-6,4,1,156,0
-3,-8,6,1,156,0
-6,-7,9,1,156,0
3,8,13,1,156,0
-3,5,33,1,156,0
-2,4,42,1,156,0
0,5,54,1,156,0
5,-3,58,1,156,0
-4,-1,59,1,156,0
3,-7,79,1,156,0
8,3,84,1,156,0
7,2,103,1,156,0
2,7,106,1,156,0
1,6,113,1,156,0
-1,3,139,1,156,0
1,-1,139,1,156,0
-1,-2,154,1,156,0
2,8,6,1,156,0
0,6,37,1,156,0
8,-3,39,1,156,0
-4,-2,49,1,156,0
-1,4,49,1,156,0
-1,-3,53,1,156,0
-2,-6,59,1,156,0
6,-7,62,1,156,0
4,0,93,1,156,0
2,-5,85,1,156,0
1,7,94,1,156,0
7,3,94,1,156,0
4,-1,112,1,156,0
6,2,109,1,156,0
5,1,116,1,156,0
1,-2,133,1,156,0
2,9,5,1,156,0
-3,7,14,1,156,0
-5,-6,21,1,156,0
-2,6,23,1,156,0
-1,-4,52,1,156,0
8,5,91,1,156,0
1,-3,93,1,156,0
6,3,93,1,156,0
5,-5,102,1,156,0
5,2,113,1,156,0
3,0,118,1,156,0
4,1,122,1,156,0
-5,-7,8,1,157,0
-8,-6,9,1,157,0
-3,8,9,1,157,0
-2,7,18,1,157,0
5,3,51,1,157,0
-7,-3,29,1,157,0
-1,6,31,1,157,0
-4,-4,34,1,157,0
4,-3,64,1,157,0
-1,-5,66,1,157,0
2,-7,87,1,157,0
1,-4,97,1,157,0
7,5,98,1,157,0
2,0,125,1,157,0
3,1,129,1,157,0
0,-1,155,1,157,0
-3,9,3,1,157,0
-7,-4,28,1,157,0
-4,-5,31,1,157,0
7,-3,46,1,157,0
-1,-6,61,1,157,0
5,-7,68,1,157,0
1,-5,79,1,157,0
8,7,95,1,157,0
6,5,106,1,157,0
4,-4,112,1,157,0
3,-1,117,1,157,0
5,4,115,1,157,0
4,3,123,1,157,0
3,2,131,1,157,0
0,-2,137,1,157,0
2,1,139,1,157,0
1,0,148,1,157,0
-8,5,2,1,157,0
-7,-5,21,1,157,0
-4,-6,24,1,157,0
8,-7,48,1,157,0
-3,0,66,1,157,0
1,-6,93,1,157,0
7,7,102,1,157,0
4,-5,108,1,157,0
6,6,111,1,157,0
5,5,119,1,157,0
0,-3,129,1,157,0
4,4,129,1,157,0
3,3,138,1,157,0
2,2,148,1,157,0
1,1,156,1,157,0
0,0,156,1,157,0
-7,5,9,1,157,0
-7,-6,14,1,157,0
-6,-3,38,1,157,0
-3,-4,42,1,157,0
-2,-1,69,1,157,0
-2,0,152,1,157,0
1,-7,91,1,157,0
6,7,106,1,157,0
5,6,114,1,157,0
3,-3,121,1,157,0
4,5,123,1,157,0
0,-4,124,1,157,0
3,4,131,1,157,0
1,2,136,1,157,0
2,3,139,1,157,0
0,1,145,1,157,0
-3,1,157,1,157,0
1,-8,3,1,157,0
-4,-8,5,1,157,0
-6,5,15,1,157,0
6,-3,52,1,157,0
3,5,58,1,157,0
2,4,73,1,157,0
4,-7,74,1,157,0
-1,0,147,1,157,0
5,7,76,1,157,0
2,-1,91,1,157,0
3,-4,116,1,157,0
0,-5,118,1,157,0
1,3,132,1,157,0
0,2,139,1,157,0
-2,1,155,1,157,0
-2,-2,156,1,157,0
-5,5,21,1,157,0
-3,-6,45,1,157,0
-5,-2,48,1,157,0
3,6,51,1,157,0
7,-7,55,1,157,0
-2,-3,59,1,157,0
4,7,67,1,157,0
2,5,78,1,157,0
-1,1,84,1,157,0
3,-5,91,1,157,0
5,-1,106,1,157,0
0,-6,112,1,157,0
1,4,126,1,157,0
2,-2,131,1,157,0
0,3,133,1,157,0
-2,2,156,1,157,0
-6,-6,14,1,157,0
3,7,16,1,157,0
-3,-7,22,1,157,0
-4,5,27,1,157,0
-3,4,35,1,157,0
-5,-3,41,1,157,0
-2,-4,48,1,157,0
0,4,57,1,157,0
-1,-1,75,1,157,0
0,-7,105,1,157,0
2,6,112,1,157,0
1,5,119,1,157,0
2,-3,124,1,157,0
-2,3,142,1,157,0
-9,-6,4,1,157,0
-3,-8,6,1,157,0
-6,-7,9,1,157,0
3,8,13,1,157,0
-3,5,33,1,157,0
-2,4,42,1,157,0
0,5,54,1,157,0
5,-3,58,1,157,0
-4,-1,59,1,157,0
3,-7,79,1,157,0
8,3,84,1,157,0
7,2,103,1,157,0
2,7,106,1,157,0
1,6,113,1,157,0
-1,3,139,1,157,0
1,-1,139,1,157,0
-1,-2,154,1,157,0
2,8,6,1,157,0
0,6,37,1,157,0
8,-3,39,1,157,0
-4,-2,49,1,157,0
-1,4,49,1,157,0
-1,-3,53,1,157,0
-2,-6,59,1,157,0
6,-7,62,1,157,0
4,0,93,1,157,0
2,-5,85,1,157,0
1,7,94,1,157,0
7,3,94,1,157,0
4,-1,112,1,157,0
6,2,109,1,157,0
5,1,116,1,157,0
1,-2,133,1,157,0
2,9,5,1,157,0
-3,7,14,1,157,0
-5,-6,21,1,157,0
-2,6,23,1,157,0
-1,-4,52,1,157,0
8,5,91,1,157,0
1,-3,93,1,157,0
6,3,93,1,157,0
5,-5,102,1,157,0
5,2,113,1,157,0
3,0,118,1,157,0
4,1,122,1,157,0
-5,-7,8,1,158,0
-8,-6,9,1,158,0
-3,8,9,1,158,0
-2,7,18,1,158,0
5,3,51,1,158,0
-7,-3,29,1,158,0
-1,6,31,1,158,0
-4,-4,34,1,158,0
4,-3,64,1,158,0
-1,-5,66,1,158,0
2,-7,87,1,158,0
1,-4,97,1,158,0
7,5,98,1,158,0
2,0,125,1,158,0
3,1,129,1,158,0
0,-1,155,1,158,0
-3,9,3,1,158,0
-7,-4,28,1,158,0
-4,-5,31,1,158,0
7,-3,46,1,158,0
-1,-6,61,1,158,0
5,-7,68,1,158,0
1,-5,79,1,158,0
8,7,95,1,158,0
6,5,106,1,158,0
4,-4,112,1,158,0
3,-1,117,1,158,0
5,4,115,1,158,0
4,3,123,1,158,0
3,2,131,1,158,0
0,-2,137,1,158,0
2,1,139,1,158,0
1,0,148,1,158,0
-8,5,2,1,158,0
-7,-5,21,1,158,0
-4,-6,24,1,158,0
8,-7,48,1,158,0
-3,0,66,1,158,0
1,-6,93,1,158,0
7,7,102,1,158,0
4,-5,108,1,158,0
6,6,111,1,158,0
5,5,119,1,158,0
0,-3,129,1,158,0
4,4,129,1,158,0
3,3,138,1,158,0
2,2,148,1,158,0
1,1,157,1,158,0
0,0,157,1,158,0
-7,5,9,1,158,0
-7,-6,14,1,158,0
-6,-3,38,1,158,0
-3,-4,42,1,158,0
-2,-1,69,1,158,0
-2,0,152,1,158,0
1,-7,91,1,158,0
6,7,106,1,158,0
5,6,114,1,158,0
3,-3,121,1,158,0
4,5,123,1,158,0
0,-4,124,1,158,0
3,4,131,1,158,0
1,2,136,1,158,0
2,3,139,1,158,0
0,1,145,1,158,0
-3,1,158,1,158,0
1,-8,3,1,158,0
-4,-8,5,1,158,0
-6,5,15,1,158,0
6,-3,52,1,158,0
3,5,58,1,158,0
2,4,73,1,158,0
4,-7,74,1,158,0
-1,0,147,1,158,0
5,7,76,1,158,0
2,-1,91,1,158,0
3,-4,116,1,158,0
0,-5,118,1,158,0
1,3,132,1,158,0
0,2,139,1,158,0
-2,1,155,1,158,0
-2,-2,157,1,158,0
-5,5,21,1,158,0
-3,-6,45,1,158,0
-5,-2,48,1,158,0
3,6,51,1,158,0
7,-7,55,1,158,0
-2,-3,59,1,158,0
4,7,67,1,158,0
2,5,78,1,158,0
-1,1,84,1,158,0
3,-5,91,1,158,0
5,-1,106,1,158,0
0,-6,112,1,158,0
1,4,126,1,158,0
2,-2,131,1,158,0
0,3,133,1,158,0
-2,2,157,1,158,0
-6,-6,14,1,158,0
3,7,16,1,158,0
-3,-7,22,1,158,0
-4,5,27,1,158,0
-3,4,35,1,158,0
-5,-3,41,1,158,0
-2,-4,48,1,158,0
0,4,57,1,158,0
0,-7,105,1,158,0
2,6,112,1,158,0
1,5,119,1,158,0
2,-3,124,1,158,0
-2,3,142,1,158,0
-1,-1,156,1,158,0
-9,-6,4,1,158,0
-3,-8,6,1,158,0
-6,-7,9,1,158,0
3,8,13,1,158,0
-3,5,33,1,158,0
-2,4,42,1,158,0
0,5,54,1,158,0
5,-3,58,1,158,0
-4,-1,59,1,158,0
3,-7,79,1,158,0
8,3,84,1,158,0
7,2,103,1,158,0
2,7,106,1,158,0
1,6,113,1,158,0
-1,3,139,1,158,0
1,-1,139,1,158,0
-1,-2,154,1,158,0
2,8,6,1,158,0
0,6,37,1,158,0
8,-3,39,1,158,0
-4,-2,49,1,158,0
-1,4,49,1,158,0
-1,-3,53,1,158,0
-2,-6,59,1,158,0
6,-7,62,1,158,0
4,0,93,1,158,0
2,-5,85,1,158,0
1,7,94,1,158,0
7,3,94,1,158,0
4,-1,112,1,158,0
6,2,109,1,158,0
5,1,116,1,158,0
1,-2,133,1,158,0
2,9,5,1,158,0
-3,7,14,1,158,0
-5,-6,21,1,158,0
-2,6,23,1,158,0
-1,-4,52,1,158,0
8,5,91,1,158,0
1,-3,93,1,158,0
6,3,93,1,158,0
5,-5,102,1,158,0
5,2,113,1,158,0
3,0,118,1,158,0
4,1,122,1,158,0
-5,-7,8,1,159,0
-8,-6,9,1,159,0
-3,8,9,1,159,0
-2,7,18,1,159,0
5,3,51,1,159,0
-7,-3,29,1,159,0
-1,6,31,1,159,0
-4,-4,34,1,159,0
4,-3,64,1,159,0
-1,-5,66,1,159,0
2,-7,87,1,159,0
1,-4,97,1,159,0
7,5,98,1,159,0
2,0,125,1,159,0
3,1,129,1,159,0
0,-1,155,1,159,0
-3,9,3,1,159,0
-7,-4,28,1,159,0
-4,-5,31,1,159,0
7,-3,46,1,159,0
-1,-6,61,1,159,0
5,-7,68,1,159,0
1,-5,79,1,159,0
8,7,95,1,159,0
6,5,106,1,159,0
4,-4,112,1,159,0
3,-1,117,1,159,0
5,4,115,1,159,0
4,3,123,1,159,0
3,2,131,1,159,0
0,-2,137,1,159,0
2,1,139,1,159,0
1,0,148,1,159,0
-8,5,2,1,159,0
-7,-5,21,1,159,0
-4,-6,24,1,159,0
8,-7,48,1,159,0
-3,0,66,1,159,0
1,-6,93,1,159,0
7,7,102,1,159,0
4,-5,108,1,159,0
6,6,111,1,159,0
5,5,119,1,159,0
0,-3,129,1,159,0
4,4,129,1,159,0
3,3,138,1,159,0
2,2,148,1,159,0
1,1,157,1,159,0
0,0,158,1,159,0
-7,5,9,1,159,0
-7,-6,14,1,159,0
-6,-3,38,1,159,0
-3,-4,42,1,159,0
-2,-1,69,1,159,0
-2,0,152,1,159,0
1,-7,91,1,159,0
6,7,106,1,159,0
5,6,114,1,159,0
3,-3,121,1,159,0
4,5,123,1,159,0
0,-4,124,1,159,0
3,4,131,1,159,0
1,2,136,1,159,0
2,3,139,1,159,0
0,1,145,1,159,0
-3,1,159,1,159,0
1,-8,3,1,159,0
-4,-8,5,1,159,0
-6,5,15,1,159,0
6,-3,52,1,159,0
3,5,58,1,159,0
2,4,73,1,159,0
4,-7,74,1,159,0
-1,0,147,1,159,0
5,7,76,1,159,0
2,-1,91,1,159,0
3,-4,116,1,159,0
0,-5,118,1,159,0
1,3,132,1,159,0
0,2,139,1,159,0
-2,1,158,1,159,0
-2,-2,158,1,159,0
-5,5,21,1,159,0
-3,-6,45,1,159,0
-5,-2,48,1,159,0
3,6,51,1,159,0
7,-7,55,1,159,0
-2,-3,59,1,159,0
4,7,67,1,159,0
2,5,78,1,159,0
-1,1,84,1,159,0
3,-5,91,1,159,0
5,-1,106,1,159,0
0,-6,112,1,159,0
1,4,126,1,159,0
2,-2,131,1,159,0
0,3,133,1,159,0
-2,2,157,1,159,0
-6,-6,14,1,159,0
3,7,16,1,159,0
-3,-7,22,1,159,0
-4,5,27,1,159,0
-3,4,35,1,159,0
-5,-3,41,1,159,0
-2,-4,48,1,159,0
0,4,57,1,159,0
0,-7,105,1,159,0
2,6,112,1,159,0
1,5,119,1,159,0
2,-3,124,1,159,0
-2,3,142,1,159,0
-1,-1,157,1,159,0
-9,-6,4,1,159,0
-3,-8,6,1,159,0
-6,-7,9,1,159,0
3,8,13,1,159,0
-3,5,33,1,159,0
-2,4,42,1,159,0
0,5,54,1,159,0
5,-3,58,1,159,0
-4,-1,59,1,159,0
3,-7,79,1,159,0
8,3,84,1,159,0
7,2,103,1,159,0
2,7,106,1,159,0
1,6,113,1,159,0
-1,3,139,1,159,0
1,-1,139,1,159,0
-1,-2,154,1,159,0
2,8,6,1,159,0
0,6,37,1,159,0
8,-3,39,1,159,0
-4,-2,49,1,159,0
-1,4,49,1,159,0
-1,-3,53,1,159,0
-2,-6,59,1,159,0
6,-7,62,1,159,0
4,0,93,1,159,0
2,-5,85,1,159,0
1,7,94,1,159,0
7,3,94,1,159,0
4,-1,112,1,159,0
6,2,109,1,159,0
5,1,116,1,159,0
1,-2,133,1,159,0
2,9,5,1,159,0
-3,7,14,1,159,0
-5,-6,21,1,159,0
-2,6,23,1,159,0
-1,-4,52,1,159,0
8,5,91,1,159,0
1,-3,93,1,159,0
6,3,93,1,159,0
5,-5,102,1,159,0
5,2,113,1,159,0
3,0,118,1,159,0
4,1,122,1,159,0
-5,-7,8,1,160,0
-8,-6,9,1,160,0
-3,8,9,1,160,0
-2,7,18,1,160,0
5,3,51,1,160,0
-7,-3,29,1,160,0
-1,6,31,1,160,0
-4,-4,34,1,160,0
4,-3,64,1,160,0
-1,-5,66,1,160,0
2,-7,87,1,160,0
1,-4,97,1,160,0
7,5,98,1,160,0
2,0,125,1,160,0
3,1,129,1,160,0
0,-1,155,1,160,0
-3,9,3,1,160,0
-7,-4,28,1,160,0
-4,-5,31,1,160,0
7,-3,46,1,160,0
-1,-6,61,1,160,0
5,-7,68,1,160,0
1,-5,79,1,160,0
8,7,95,1,160,0
6,5,106,1,160,0
4,-4,112,1,160,0
3,-1,117,1,160,0
5,4,115,1,160,0
4,3,123,1,160,0
3,2,131,1,160,0
0,-2,137,1,160,0
2,1,139,1,160,0
1,0,148,1,160,0
-8,5,2,1,160,0
-7,-5,21,1,160,0
-4,-6,24,1,160,0
8,-7,48,1,160,0
-3,0,66,1,160,0
1,-6,93,1,160,0
7,7,102,1,160,0
4,-5,108,1,160,0
6,6,111,1,160,0
5,5,119,1,160,0
0,-3,129,1,160,0
4,4,129,1,160,0
3,3,138,1,160,0
2,2,148,1,160,0
1,1,157,1,160,0
0,0,159,1,160,0
-7,5,9,1,160,0
-7,-6,14,1,160,0
-6,-3,38,1,160,0
-3,-4,42,1,160,0
-2,-1,69,1,160,0
-2,0,152,1,160,0
1,-7,91,1,160,0
6,7,106,1,160,0
5,6,114,1,160,0
3,-3,121,1,160,0
4,5,123,1,160,0
0,-4,124,1,160,0
3,4,131,1,160,0
1,2,136,1,160,0
2,3,139,1,160,0
0,1,145,1,160,0
-3,1,159,1,160,0
1,-8,3,1,160,0
-4,-8,5,1,160,0
-6,5,15,1,160,0
6,-3,52,1,160,0
3,5,58,1,160,0
2,4,73,1,160,0
4,-7,74,1,160,0
-1,0,147,1,160,0
5,7,76,1,160,0
2,-1,91,1,160,0
3,-4,116,1,160,0
0,-5,118,1,160,0
1,3,132,1,160,0
0,2,139,1,160,0
-2,1,158,1,160,0
-2,-2,159,1,160,0
-5,5,21,1,160,0
-3,-6,45,1,160,0
-5,-2,48,1,160,0
3,6,51,1,160,0
7,-7,55,1,160,0
-2,-3,59,1,160,0
4,7,67,1,160,0
2,5,78,1,160,0
-1,1,84,1,160,0
3,-5,91,1,160,0
5,-1,106,1,160,0
0,-6,112,1,160,0
1,4,126,1,160,0
2,-2,131,1,160,0
0,3,133,1,160,0
-2,2,159,1,160,0
-6,-6,14,1,160,0
3,7,16,1,160,0
-3,-7,22,1,160,0
-4,5,27,1,160,0
-3,4,35,1,160,0
-5,-3,41,1,160,0
-2,-4,48,1,160,0
0,4,57,1,160,0
0,-7,105,1,160,0
2,6,112,1,160,0
1,5,119,1,160,0
2,-3,124,1,160,0
-2,3,142,1,160,0
-1,-1,159,1,160,0
-9,-6,4,1,160,0
-3,-8,6,1,160,0
-6,-7,9,1,160,0
3,8,13,1,160,0
-3,5,33,1,160,0
-2,4,42,1,160,0
0,5,54,1,160,0
5,-3,58,1,160,0
-4,-1,59,1,160,0
3,-7,79,1,160,0
8,3,84,1,160,0
7,2,103,1,160,0
2,7,106,1,160,0
1,6,113,1,160,0
-1,3,139,1,160,0
1,-1,139,1,160,0
-1,-2,154,1,160,0
2,8,6,1,160,0
0,6,37,1,160,0
8,-3,39,1,160,0
-4,-2,49,1,160,0
-1,4,49,1,160,0
-1,-3,53,1,160,0
-2,-6,59,1,160,0
6,-7,62,1,160,0
4,0,93,1,160,0
2,-5,85,1,160,0
1,7,94,1,160,0
7,3,94,1,160,0
4,-1,112,1,160,0
6,2,109,1,160,0
5,1,116,1,160,0
1,-2,133,1,160,0
2,9,5,1,160,0
-3,7,14,1,160,0
-5,-6,21,1,160,0
-2,6,23,1,160,0
-1,-4,52,1,160,0
8,5,91,1,160,0
1,-3,93,1,160,0
6,3,93,1,160,0
5,-5,102,1,160,0
5,2,113,1,160,0
3,0,118,1,160,0
4,1,122,1,160,0
-5,-7,8,1,161,0
-8,-6,9,1,161,0
-3,8,9,1,161,0
-2,7,18,1,161,0
5,3,51,1,161,0
-7,-3,29,1,161,0
-1,6,31,1,161,0
-4,-4,34,1,161,0
4,-3,64,1,161,0
-1,-5,66,1,161,0
2,-7,87,1,161,0
1,-4,97,1,161,0
7,5,98,1,161,0
2,0,125,1,161,0
3,1,129,1,161,0
0,-1,155,1,161,0
-3,9,3,1,161,0
-7,-4,28,1,161,0
-4,-5,31,1,161,0
7,-3,46,1,161,0
-1,-6,61,1,161,0
5,-7,68,1,161,0
1,-5,79,1,161,0
8,7,95,1,161,0
6,5,106,1,161,0
4,-4,112,1,161,0
3,-1,117,1,161,0
5,4,115,1,161,0
4,3,123,1,161,0
3,2,131,1,161,0
0,-2,137,1,161,0
2,1,139,1,161,0
1,0,148,1,161,0
-8,5,2,1,161,0
-7,-5,21,1,161,0
-4,-6,24,1,161,0
8,-7,48,1,161,0
-3,0,66,1,161,0
1,-6,93,1,161,0
7,7,102,1,161,0
4,-5,108,1,161,0
6,6,111,1,161,0
5,5,119,1,161,0
0,-3,129,1,161,0
4,4,129,1,161,0
3,3,138,1,161,0
2,2,148,1,161,0
1,1,157,1,161,0
0,0,159,1,161,0
-7,5,9,1,161,0
-7,-6,14,1,161,0
-6,-3,38,1,161,0
-3,-4,42,1,161,0
-2,-1,69,1,161,0
-2,0,152,1,161,0
1,-7,91,1,161,0
6,7,106,1,161,0
5,6,114,1,161,0
3,-3,121,1,161,0
4,5,123,1,161,0
0,-4,124,1,161,0
3,4,131,1,161,0
1,2,136,1,161,0
2,3,139,1,161,0
0,1,145,1,161,0
-3,1,161,1,161,0
1,-8,3,1,161,0
-4,-8,5,1,161,0
-6,5,15,1,161,0
6,-3,52,1,161,0
3,5,58,1,161,0
2,4,73,1,161,0
4,-7,74,1,161,0
-1,0,147,1,161,0
5,7,76,1,161,0
2,-1,91,1,161,0
3,-4,116,1,161,0
0,-5,118,1,161,0
1,3,132,1,161,0
0,2,139,1,161,0
-2,1,158,1,161,0
-2,-2,159,1,161,0
-5,5,21,1,161,0
-3,-6,45,1,161,0
-5,-2,48,1,161,0
3,6,51,1,161,0
7,-7,55,1,161,0
-2,-3,59,1,161,0
4,7,67,1,161,0
2,5,78,1,161,0
-1,1,84,1,161,0
3,-5,91,1,161,0
5,-1,106,1,161,0
0,-6,112,1,161,0
1,4,126,1,161,0
2,-2,131,1,161,0
0,3,133,1,161,0
-2,2,159,1,161,0
-6,-6,14,1,161,0
3,7,16,1,161,0
-3,-7,22,1,161,0
-4,5,27,1,161,0
-3,4,35,1,161,0
-5,-3,41,1,161,0
-2,-4,48,1,161,0
0,4,57,1,161,0
0,-7,105,1,161,0
2,6,112,1,161,0
1,5,119,1,161,0
2,-3,124,1,161,0
-2,3,142,1,161,0
-1,-1,159,1,161,0
-9,-6,4,1,161,0
-3,-8,6,1,161,0
-6,-7,9,1,161,0
3,8,13,1,161,0
-3,5,33,1,161,0
-2,4,42,1,161,0
0,5,54,1,161,0
5,-3,58,1,161,0
-4,-1,59,1,161,0
3,-7,79,1,161,0
8,3,84,1,161,0
7,2,103,1,161,0
2,7,106,1,161,0
1,6,113,1,161,0
-1,3,139,1,161,0
1,-1,139,1,161,0
-1,-2,154,1,161,0
2,8,6,1,161,0
0,6,37,1,161,0
8,-3,39,1,161,0
-4,-2,49,1,161,0
-1,4,49,1,161,0
-1,-3,53,1,161,0
-2,-6,59,1,161,0
6,-7,62,1,161,0
4,0,93,1,161,0
2,-5,85,1,161,0
1,7,94,1,161,0
7,3,94,1,161,0
4,-1,112,1,161,0
6,2,109,1,161,0
5,1,116,1,161,0
1,-2,133,1,161,0
2,9,5,1,161,0
-3,7,14,1,161,0
-5,-6,21,1,161,0
-2,6,23,1,161,0
-1,-4,52,1,161,0
8,5,91,1,161,0
1,-3,93,1,161,0
6,3,93,1,161,0
5,-5,102,1,161,0
5,2,113,1,161,0
3,0,118,1,161,0
4,1,122,1,161,0
-5,-7,8,1,162,0
-8,-6,9,1,162,0
-3,8,9,1,162,0
-2,7,18,1,162,0
5,3,51,1,162,0
-7,-3,29,1,162,0
-1,6,31,1,162,0
-4,-4,34,1,162,0
4,-3,64,1,162,0
-1,-5,66,1,162,0
2,-7,87,1,162,0
1,-4,97,1,162,0
7,5,98,1,162,0
2,0,125,1,162,0
3,1,129,1,162,0
0,-1,155,1,162,0
-3,9,3,1,162,0
-7,-4,28,1,162,0
-4,-5,31,1,162,0
7,-3,46,1,162,0
-1,-6,61,1,162,0
5,-7,68,1,162,0
1,-5,79,1,162,0
8,7,95,1,162,0
6,5,106,1,162,0
4,-4,112,1,162,0
3,-1,117,1,162,0
5,4,115,1,162,0
4,3,123,1,162,0
3,2,131,1,162,0
0,-2,137,1,162,0
2,1,139,1,162,0
1,0,148,1,162,0
-8,5,2,1,162,0
-7,-5,21,1,162,0
-4,-6,24,1,162,0
8,-7,48,1,162,0
-3,0,66,1,162,0
1,-6,93,1,162,0
7,7,102,1,162,0
4,-5,108,1,162,0
6,6,111,1,162,0
5,5,119,1,162,0
0,-3,129,1,162,0
4,4,129,1,162,0
3,3,138,1,162,0
2,2,148,1,162,0
1,1,157,1,162,0
0,0,161,1,162,0
-7,5,9,1,162,0
-7,-6,14,1,162,0
-6,-3,38,1,162,0
-3,-4,42,1,162,0
-2,-1,69,1,162,0
-2,0,152,1,162,0
1,-7,91,1,162,0
6,7,106,1,162,0
5,6,114,1,162,0
3,-3,121,1,162,0
4,5,123,1,162,0
0,-4,124,1,162,0
3,4,131,1,162,0
1,2,136,1,162,0
2,3,139,1,162,0
-3,1,162,1,162,0
0,1,161,1,162,0
1,-8,3,1,162,0
-4,-8,5,1,162,0
-6,5,15,1,162,0
6,-3,52,1,162,0
3,5,58,1,162,0
2,4,73,1,162,0
4,-7,74,1,162,0
-1,0,147,1,162,0
5,7,76,1,162,0
2,-1,91,1,162,0
3,-4,116,1,162,0
0,-5,118,1,162,0
1,3,132,1,162,0
0,2,139,1,162,0
-2,1,158,1,162,0
-2,-2,159,1,162,0
-5,5,21,1,162,0
-3,-6,45,1,162,0
-5,-2,48,1,162,0
3,6,51,1,162,0
7,-7,55,1,162,0
4,7,67,1,162,0
2,5,78,1,162,0
-1,1,84,1,162,0
3,-5,91,1,162,0
5,-1,106,1,162,0
0,-6,112,1,162,0
1,4,126,1,162,0
2,-2,131,1,162,0
0,3,133,1,162,0
-2,2,161,1,162,0
-2,-3,161,1,162,0
-6,-6,14,1,162,0
3,7,16,1,162,0
-3,-7,22,1,162,0
-4,5,27,1,162,0
-3,4,35,1,162,0
-5,-3,41,1,162,0
-2,-4,48,1,162,0
0,4,57,1,162,0
0,-7,105,1,162,0
2,6,112,1,162,0
1,5,119,1,162,0
2,-3,124,1,162,0
-2,3,142,1,162,0
-1,-1,161,1,162,0
-9,-6,4,1,162,0
-3,-8,6,1,162,0
-6,-7,9,1,162,0
3,8,13,1,162,0
-3,5,33,1,162,0
-2,4,42,1,162,0
0,5,54,1,162,0
5,-3,58,1,162,0
-4,-1,59,1,162,0
3,-7,79,1,162,0
8,3,84,1,162,0
7,2,103,1,162,0
2,7,106,1,162,0
1,6,113,1,162,0
-1,3,139,1,162,0
1,-1,139,1,162,0
-1,-2,154,1,162,0
2,8,6,1,162,0
0,6,37,1,162,0
8,-3,39,1,162,0
-4,-2,49,1,162,0
-1,4,49,1,162,0
-1,-3,53,1,162,0
-2,-6,59,1,162,0
6,-7,62,1,162,0
4,0,93,1,162,0
2,-5,85,1,162,0
1,7,94,1,162,0
7,3,94,1,162,0
4,-1,112,1,162,0
6,2,109,1,162,0
5,1,116,1,162,0
1,-2,133,1,162,0
2,9,5,1,162,0
-3,7,14,1,162,0
-5,-6,21,1,162,0
-2,6,23,1,162,0
-1,-4,52,1,162,0
8,5,91,1,162,0
1,-3,93,1,162,0
6,3,93,1,162,0
5,-5,102,1,162,0
5,2,113,1,162,0
3,0,118,1,162,0
4,1,122,1,162,0
-5,-7,8,1,163,0
-8,-6,9,1,163,0
-3,8,9,1,163,0
-2,7,18,1,163,0
5,3,51,1,163,0
-7,-3,29,1,163,0
-1,6,31,1,163,0
-4,-4,34,1,163,0
4,-3,64,1,163,0
-1,-5,66,1,163,0
2,-7,87,1,163,0
1,-4,97,1,163,0
7,5,98,1,163,0
2,0,125,1,163,0
3,1,129,1,163,0
0,-1,155,1,163,0
-3,9,3,1,163,0
-7,-4,28,1,163,0
-4,-5,31,1,163,0
7,-3,46,1,163,0
-1,-6,61,1,163,0
5,-7,68,1,163,0
1,-5,79,1,163,0
8,7,95,1,163,0
6,5,106,1,163,0
4,-4,112,1,163,0
3,-1,117,1,163,0
5,4,115,1,163,0
4,3,123,1,163,0
3,2,131,1,163,0
0,-2,137,1,163,0
2,1,139,1,163,0
1,0,148,1,163,0
-8,5,2,1,163,0
-7,-5,21,1,163,0
-4,-6,24,1,163,0
8,-7,48,1,163,0
-3,0,66,1,163,0
1,-6,93,1,163,0
7,7,102,1,163,0
4,-5,108,1,163,0
6,6,111,1,163,0
5,5,119,1,163,0
0,-3,129,1,163,0
4,4,129,1,163,0
3,3,138,1,163,0
2,2,148,1,163,0
1,1,157,1,163,0
-3,-3,162,1,163,0
0,0,162,1,163,0
-4,1,163,1,163,0
-7,5,9,1,163,0
-7,-6,14,1,163,0
-6,-3,38,1,163,0
-3,-4,42,1,163,0
-2,-1,69,1,163,0
-2,0,152,1,163,0
1,-7,91,1,163,0
6,7,106,1,163,0
5,6,114,1,163,0
3,-3,121,1,163,0
4,5,123,1,163,0
0,-4,124,1,163,0
3,4,131,1,163,0
1,2,136,1,163,0
2,3,139,1,163,0
-3,1,162,1,163,0
0,1,162,1,163,0
1,-8,3,1,163,0
-4,-8,5,1,163,0
-6,5,15,1,163,0
6,-3,52,1,163,0
3,5,58,1,163,0
2,4,73,1,163,0
4,-7,74,1,163,0
-1,0,147,1,163,0
5,7,76,1,163,0
2,-1,91,1,163,0
3,-4,116,1,163,0
0,-5,118,1,163,0
1,3,132,1,163,0
0,2,139,1,163,0
-2,1,158,1,163,0
-2,-2,159,1,163,0
-5,5,21,1,163,0
-3,-6,45,1,163,0
-5,-2,48,1,163,0
3,6,51,1,163,0
7,-7,55,1,163,0
4,7,67,1,163,0
2,5,78,1,163,0
-1,1,84,1,163,0
3,-5,91,1,163,0
5,-1,106,1,163,0
0,-6,112,1,163,0
1,4,126,1,163,0
2,-2,131,1,163,0
0,3,133,1,163,0
-2,-3,161,1,163,0
-2,2,162,1,163,0
-6,-6,14,1,163,0
3,7,16,1,163,0
-3,-7,22,1,163,0
-4,5,27,1,163,0
-3,4,35,1,163,0
-5,-3,41,1,163,0
-2,-4,48,1,163,0
0,4,57,1,163,0
0,-7,105,1,163,0
2,6,112,1,163,0
1,5,119,1,163,0
2,-3,124,1,163,0
-2,3,142,1,163,0
-1,-1,162,1,163,0
-9,-6,4,1,163,0
-3,-8,6,1,163,0
-6,-7,9,1,163,0
3,8,13,1,163,0
-3,5,33,1,163,0
-2,4,42,1,163,0
0,5,54,1,163,0
5,-3,58,1,163,0
-4,-1,59,1,163,0
3,-7,79,1,163,0
8,3,84,1,163,0
7,2,103,1,163,0
2,7,106,1,163,0
1,6,113,1,163,0
-1,3,139,1,163,0
1,-1,139,1,163,0
-1,-2,154,1,163,0
2,8,6,1,163,0
0,6,37,1,163,0
8,-3,39,1,163,0
-4,-2,49,1,163,0
-1,4,49,1,163,0
-1,-3,53,1,163,0
-2,-6,59,1,163,0
6,-7,62,1,163,0
4,0,93,1,163,0
2,-5,85,1,163,0
1,7,94,1,163,0
7,3,94,1,163,0
4,-1,112,1,163,0
6,2,109,1,163,0
5,1,116,1,163,0
1,-2,133,1,163,0
2,9,5,1,163,0
-3,7,14,1,163,0
-5,-6,21,1,163,0
-2,6,23,1,163,0
-1,-4,52,1,163,0
8,5,91,1,163,0
1,-3,93,1,163,0
6,3,93,1,163,0
5,-5,102,1,163,0
5,2,113,1,163,0
3,0,118,1,163,0
4,1,122,1,163,0
-5,-7,8,1,164,0
-8,-6,9,1,164,0
-3,8,9,1,164,0
-2,7,18,1,164,0
5,3,51,1,164,0
-7,-3,29,1,164,0
-1,6,31,1,164,0
-4,-4,34,1,164,0
4,-3,64,1,164,0
-1,-5,66,1,164,0
2,-7,87,1,164,0
1,-4,97,1,164,0
7,5,98,1,164,0
2,0,125,1,164,0
3,1,129,1,164,0
0,-1,155,1,164,0
-3,9,3,1,164,0
-7,-4,28,1,164,0
-4,-5,31,1,164,0
7,-3,46,1,164,0
-1,-6,61,1,164,0
5,-7,68,1,164,0
1,-5,79,1,164,0
8,7,95,1,164,0
6,5,106,1,164,0
4,-4,112,1,164,0
3,-1,117,1,164,0
5,4,115,1,164,0
4,3,123,1,164,0
3,2,131,1,164,0
0,-2,137,1,164,0
2,1,139,1,164,0
1,0,148,1,164,0
-8,5,2,1,164,0
-7,-5,21,1,164,0
-4,-6,24,1,164,0
8,-7,48,1,164,0
-3,0,66,1,164,0
1,-6,93,1,164,0
7,7,102,1,164,0
4,-5,108,1,164,0
6,6,111,1,164,0
5,5,119,1,164,0
0,-3,129,1,164,0
4,4,129,1,164,0
3,3,138,1,164,0
2,2,148,1,164,0
1,1,157,1,164,0
-4,1,164,1,164,0
-3,-3,163,1,164,0
0,0,163,1,164,0
-7,5,9,1,164,0
-7,-6,14,1,164,0
-6,-3,38,1,164,0
-3,-4,42,1,164,0
-2,0,152,1,164,0
1,-7,91,1,164,0
6,7,106,1,164,0
5,6,114,1,164,0
3,-3,121,1,164,0
4,5,123,1,164,0
0,-4,124,1,164,0
3,4,131,1,164,0
1,2,136,1,164,0
2,3,139,1,164,0
-3,1,162,1,164,0
-2,-1,163,1,164,0
0,1,163,1,164,0
1,-8,3,1,164,0
-4,-8,5,1,164,0
-6,5,15,1,164,0
6,-3,52,1,164,0
3,5,58,1,164,0
2,4,73,1,164,0
4,-7,74,1,164,0
5,7,76,1,164,0
2,-1,91,1,164,0
3,-4,116,1,164,0
0,-5,118,1,164,0
1,3,132,1,164,0
0,2,139,1,164,0
-2,1,158,1,164,0
-2,-2,159,1,164,0
-1,0,163,1,164,0
-5,5,21,1,164,0
-3,-6,45,1,164,0
-5,-2,48,1,164,0
3,6,51,1,164,0
7,-7,55,1,164,0
4,7,67,1,164,0
2,5,78,1,164,0
-1,1,84,1,164,0
3,-5,91,1,164,0
5,-1,106,1,164,0
0,-6,112,1,164,0
1,4,126,1,164,0
2,-2,131,1,164,0
0,3,133,1,164,0
-2,-3,161,1,164,0
-2,2,163,1,164,0
-6,-6,14,1,164,0
3,7,16,1,164,0
-3,-7,22,1,164,0
-4,5,27,1,164,0
-3,4,35,1,164,0
-5,-3,41,1,164,0
-2,-4,48,1,164,0
0,4,57,1,164,0
0,-7,105,1,164,0
2,6,112,1,164,0
1,5,119,1,164,0
2,-3,124,1,164,0
-2,3,142,1,164,0
-1,-1,162,1,164,0
-9,-6,4,1,164,0
-3,-8,6,1,164,0
-6,-7,9,1,164,0
3,8,13,1,164,0
-3,5,33,1,164,0
-2,4,42,1,164,0
0,5,54,1,164,0
5,-3,58,1,164,0
-4,-1,59,1,164,0
3,-7,79,1,164,0
8,3,84,1,164,0
7,2,103,1,164,0
2,7,106,1,164,0
1,6,113,1,164,0
-1,3,139,1,164,0
1,-1,139,1,164,0
-1,-2,154,1,164,0
2,8,6,1,164,0
0,6,37,1,164,0
8,-3,39,1,164,0
-4,-2,49,1,164,0
-1,4,49,1,164,0
-1,-3,53,1,164,0
-2,-6,59,1,164,0
6,-7,62,1,164,0
4,0,93,1,164,0
2,-5,85,1,164,0
1,7,94,1,164,0
7,3,94,1,164,0
4,-1,112,1,164,0
6,2,109,1,164,0
5,1,116,1,164,0
1,-2,133,1,164,0
2,9,5,1,164,0
-3,7,14,1,164,0
-5,-6,21,1,164,0
-2,6,23,1,164,0
-1,-4,52,1,164,0
8,5,91,1,164,0
1,-3,93,1,164,0
6,3,93,1,164,0
5,-5,102,1,164,0
5,2,113,1,164,0
3,0,118,1,164,0
4,1,122,1,164,0
-5,-7,8,1,165,0
-8,-6,9,1,165,0
-3,8,9,1,165,0
-2,7,18,1,165,0
5,3,51,1,165,0
-7,-3,29,1,165,0
-1,6,31,1,165,0
-4,-4,34,1,165,0
4,-3,64,1,165,0
-1,-5,66,1,165,0
2,-7,87,1,165,0
1,-4,97,1,165,0
7,5,98,1,165,0
2,0,125,1,165,0
3,1,129,1,165,0
0,-1,155,1,165,0
-3,9,3,1,165,0
-7,-4,28,1,165,0
-4,-5,31,1,165,0
7,-3,46,1,165,0
-1,-6,61,1,165,0
5,-7,68,1,165,0
1,-5,79,1,165,0
8,7,95,1,165,0
6,5,106,1,165,0
4,-4,112,1,165,0
3,-1,117,1,165,0
5,4,115,1,165,0
4,3,123,1,165,0
3,2,131,1,165,0
0,-2,137,1,165,0
2,1,139,1,165,0
1,0,148,1,165,0
-8,5,2,1,165,0
-7,-5,21,1,165,0
-4,-6,24,1,165,0
8,-7,48,1,165,0
-3,0,66,1,165,0
1,-6,93,1,165,0
7,7,102,1,165,0
4,-5,108,1,165,0
6,6,111,1,165,0
5,5,119,1,165,0
0,-3,129,1,165,0
4,4,129,1,165,0
3,3,138,1,165,0
2,2,148,1,165,0
1,1,157,1,165,0
-4,1,165,1,165,0
-3,-3,164,1,165,0
0,0,164,1,165,0
-7,5,9,1,165,0
-7,-6,14,1,165,0
-6,-3,38,1,165,0
-3,-4,42,1,165,0
-2,0,152,1,165,0
1,-7,91,1,165,0
6,7,106,1,165,0
5,6,114,1,165,0
3,-3,121,1,165,0
4,5,123,1,165,0
0,-4,124,1,165,0
3,4,131,1,165,0
1,2,136,1,165,0
2,3,139,1,165,0
-3,1,162,1,165,0
-2,-1,164,1,165,0
0,1,164,1,165,0
1,-8,3,1,165,0
-4,-8,5,1,165,0
-6,5,15,1,165,0
6,-3,52,1,165,0
3,5,58,1,165,0
2,4,73,1,165,0
4,-7,74,1,165,0
5,7,76,1,165,0
2,-1,91,1,165,0
3,-4,116,1,165,0
0,-5,118,1,165,0
1,3,132,1,165,0
0,2,139,1,165,0
-2,1,158,1,165,0
-2,-2,159,1,165,0
-1,0,164,1,165,0
-5,5,21,1,165,0
-3,-6,45,1,165,0
-5,-2,48,1,165,0
3,6,51,1,165,0
7,-7,55,1,165,0
4,7,67,1,165,0
2,5,78,1,165,0
3,-5,91,1,165,0
5,-1,106,1,165,0
0,-6,112,1,165,0
1,4,126,1,165,0
2,-2,131,1,165,0
0,3,133,1,165,0
-2,-3,161,1,165,0
-2,2,164,1,165,0
-1,1,164,1,165,0
-6,-6,14,1,165,0
3,7,16,1,165,0
-3,-7,22,1,165,0
-4,5,27,1,165,0
-3,4,35,1,165,0
-5,-3,41,1,165,0
-2,-4,48,1,165,0
0,4,57,1,165,0
0,-7,105,1,165,0
2,6,112,1,165,0
1,5,119,1,165,0
2,-3,124,1,165,0
-2,3,142,1,165,0
-1,-1,162,1,165,0
-9,-6,4,1,165,0
-3,-8,6,1,165,0
-6,-7,9,1,165,0
3,8,13,1,165,0
-3,5,33,1,165,0
-2,4,42,1,165,0
0,5,54,1,165,0
5,-3,58,1,165,0
-4,-1,59,1,165,0
3,-7,79,1,165,0
8,3,84,1,165,0
7,2,103,1,165,0
2,7,106,1,165,0
1,6,113,1,165,0
-1,3,139,1,165,0
1,-1,139,1,165,0
-1,-2,154,1,165,0
2,8,6,1,165,0
0,6,37,1,165,0
8,-3,39,1,165,0
-4,-2,49,1,165,0
-1,4,49,1,165,0
-1,-3,53,1,165,0
-2,-6,59,1,165,0
6,-7,62,1,165,0
4,0,93,1,165,0
2,-5,85,1,165,0
1,7,94,1,165,0
7,3,94,1,165,0
4,-1,112,1,165,0
6,2,109,1,165,0
5,1,116,1,165,0
1,-2,133,1,165,0
2,9,5,1,165,0
-3,7,14,1,165,0
-5,-6,21,1,165,0
-2,6,23,1,165,0
-1,-4,52,1,165,0
8,5,91,1,165,0
1,-3,93,1,165,0
6,3,93,1,165,0
5,-5,102,1,165,0
5,2,113,1,165,0
3,0,118,1,165,0
4,1,122,1,165,0
-5,-7,8,1,166,0
-8,-6,9,1,166,0
-3,8,9,1,166,0
-2,7,18,1,166,0
5,3,51,1,166,0
-7,-3,29,1,166,0
-1,6,31,1,166,0
-4,-4,34,1,166,0
4,-3,64,1,166,0
-1,-5,66,1,166,0
2,-7,87,1,166,0
1,-4,97,1,166,0
7,5,98,1,166,0
2,0,125,1,166,0
3,1,129,1,166,0
0,-1,155,1,166,0
-3,9,3,1,166,0
-7,-4,28,1,166,0
-4,-5,31,1,166,0
7,-3,46,1,166,0
-1,-6,61,1,166,0
5,-7,68,1,166,0
1,-5,79,1,166,0
8,7,95,1,166,0
6,5,106,1,166,0
4,-4,112,1,166,0
3,-1,117,1,166,0
5,4,115,1,166,0
4,3,123,1,166,0
3,2,131,1,166,0
0,-2,137,1,166,0
2,1,139,1,166,0
1,0,148,1,166,0
-8,5,2,1,166,0
-7,-5,21,1,166,0
-4,-6,24,1,166,0
8,-7,48,1,166,0
-3,0,66,1,166,0
1,-6,93,1,166,0
7,7,102,1,166,0
4,-5,108,1,166,0
6,6,111,1,166,0
5,5,119,1,166,0
0,-3,129,1,166,0
4,4,129,1,166,0
3,3,138,1,166,0
2,2,148,1,166,0
1,1,157,1,166,0
-4,1,166,1,166,0
-3,-3,165,1,166,0
0,0,165,1,166,0
-7,5,9,1,166,0
-7,-6,14,1,166,0
-6,-3,38,1,166,0
-3,-4,42,1,166,0
-2,0,152,1,166,0
1,-7,91,1,166,0
6,7,106,1,166,0
5,6,114,1,166,0
3,-3,121,1,166,0
4,5,123,1,166,0
0,-4,124,1,166,0
3,4,131,1,166,0
1,2,136,1,166,0
2,3,139,1,166,0
-3,1,162,1,166,0
-2,-1,165,1,166,0
0,1,165,1,166,0
1,-8,3,1,166,0
-4,-8,5,1,166,0
-6,5,15,1,166,0
6,-3,52,1,166,0
3,5,58,1,166,0
2,4,73,1,166,0
4,-7,74,1,166,0
5,7,76,1,166,0
2,-1,91,1,166,0
3,-4,116,1,166,0
0,-5,118,1,166,0
1,3,132,1,166,0
0,2,139,1,166,0
-2,1,158,1,166,0
-2,-2,159,1,166,0
-1,0,165,1,166,0
-5,5,21,1,166,0
-3,-6,45,1,166,0
-5,-2,48,1,166,0
3,6,51,1,166,0
7,-7,55,1,166,0
4,7,67,1,166,0
2,5,78,1,166,0
3,-5,91,1,166,0
5,-1,106,1,166,0
0,-6,112,1,166,0
1,4,126,1,166,0
2,-2,131,1,166,0
0,3,133,1,166,0
-2,-3,161,1,166,0
-2,2,165,1,166,0
-1,1,165,1,166,0
-6,-6,14,1,166,0
3,7,16,1,166,0
-3,-7,22,1,166,0
-4,5,27,1,166,0
-3,4,35,1,166,0
-5,-3,41,1,166,0
-2,-4,48,1,166,0
0,4,57,1,166,0
0,-7,105,1,166,0
2,6,112,1,166,0
1,5,119,1,166,0
2,-3,124,1,166,0
-2,3,142,1,166,0
-1,-1,162,1,166,0
-9,-6,4,1,166,0
-3,-8,6,1,166,0
-6,-7,9,1,166,0
3,8,13,1,166,0
-3,5,33,1,166,0
-2,4,42,1,166,0
0,5,54,1,166,0
5,-3,58,1,166,0
-4,-1,59,1,166,0
3,-7,79,1,166,0
8,3,84,1,166,0
7,2,103,1,166,0
2,7,106,1,166,0
1,6,113,1,166,0
-1,3,139,1,166,0
1,-1,139,1,166,0
-1,-2,154,1,166,0
2,8,6,1,166,0
0,6,37,1,166,0
8,-3,39,1,166,0
-4,-2,49,1,166,0
-1,4,49,1,166,0
-1,-3,53,1,166,0
-2,-6,59,1,166,0
6,-7,62,1,166,0
4,0,93,1,166,0
2,-5,85,1,166,0
1,7,94,1,166,0
7,3,94,1,166,0
4,-1,112,1,166,0
6,2,109,1,166,0
5,1,116,1,166,0
1,-2,133,1,166,0
2,9,5,1,166,0
-3,7,14,1,166,0
-5,-6,21,1,166,0
-2,6,23,1,166,0
-1,-4,52,1,166,0
8,5,91,1,166,0
1,-3,93,1,166,0
6,3,93,1,166,0
5,-5,102,1,166,0
5,2,113,1,166,0
3,0,118,1,166,0
4,1,122,1,166,0
-5,-7,8,1,167,0
-8,-6,9,1,167,0
-3,8,9,1,167,0
-2,7,18,1,167,0
5,3,51,1,167,0
-7,-3,29,1,167,0
-1,6,31,1,167,0
-4,-4,34,1,167,0
4,-3,64,1,167,0
-1,-5,66,1,167,0
2,-7,87,1,167,0
1,-4,97,1,167,0
7,5,98,1,167,0
2,0,125,1,167,0
3,1,129,1,167,0
0,-1,155,1,167,0
-3,9,3,1,167,0
-7,-4,28,1,167,0
-4,-5,31,1,167,0
7,-3,46,1,167,0
-1,-6,61,1,167,0
5,-7,68,1,167,0
1,-5,79,1,167,0
8,7,95,1,167,0
6,5,106,1,167,0
4,-4,112,1,167,0
3,-1,117,1,167,0
5,4,115,1,167,0
4,3,123,1,167,0
3,2,131,1,167,0
0,-2,137,1,167,0
2,1,139,1,167,0
1,0,148,1,167,0
-8,5,2,1,167,0
-7,-5,21,1,167,0
-4,-6,24,1,167,0
8,-7,48,1,167,0
-3,0,66,1,167,0
1,-6,93,1,167,0
7,7,102,1,167,0
4,-5,108,1,167,0
6,6,111,1,167,0
5,5,119,1,167,0
0,-3,129,1,167,0
4,4,129,1,167,0
3,3,138,1,167,0
2,2,148,1,167,0
1,1,157,1,167,0
-4,1,167,1,167,0
-3,-3,166,1,167,0
0,0,166,1,167,0
-7,5,9,1,167,0
-7,-6,14,1,167,0
-6,-3,38,1,167,0
-3,-4,42,1,167,0
-2,0,152,1,167,0
1,-7,91,1,167,0
6,7,106,1,167,0
5,6,114,1,167,0
3,-3,121,1,167,0
4,5,123,1,167,0
0,-4,124,1,167,0
3,4,131,1,167,0
1,2,136,1,167,0
2,3,139,1,167,0
-3,1,162,1,167,0
-2,-1,165,1,167,0
0,1,166,1,167,0
1,-8,3,1,167,0
-4,-8,5,1,167,0
-6,5,15,1,167,0
6,-3,52,1,167,0
3,5,58,1,167,0
2,4,73,1,167,0
4,-7,74,1,167,0
5,7,76,1,167,0
2,-1,91,1,167,0
3,-4,116,1,167,0
0,-5,118,1,167,0
1,3,132,1,167,0
0,2,139,1,167,0
-2,1,158,1,167,0
-1,0,166,1,167,0
-2,-2,166,1,167,0
-5,5,21,1,167,0
-3,-6,45,1,167,0
-5,-2,48,1,167,0
3,6,51,1,167,0
7,-7,55,1,167,0
4,7,67,1,167,0
2,5,78,1,167,0
3,-5,91,1,167,0
5,-1,106,1,167,0
0,-6,112,1,167,0
1,4,126,1,167,0
2,-2,131,1,167,0
0,3,133,1,167,0
-2,-3,161,1,167,0
-2,2,166,1,167,0
-1,1,166,1,167,0
-6,-6,14,1,167,0
3,7,16,1,167,0
-3,-7,22,1,167,0
-4,5,27,1,167,0
-3,4,35,1,167,0
-5,-3,41,1,167,0
-2,-4,48,1,167,0
0,4,57,1,167,0
0,-7,105,1,167,0
2,6,112,1,167,0
1,5,119,1,167,0
2,-3,124,1,167,0
-2,3,142,1,167,0
-1,-1,162,1,167,0
-9,-6,4,1,167,0
-3,-8,6,1,167,0
-6,-7,9,1,167,0
3,8,13,1,167,0
-3,5,33,1,167,0
-2,4,42,1,167,0
0,5,54,1,167,0
5,-3,58,1,167,0
-4,-1,59,1,167,0
3,-7,79,1,167,0
8,3,84,1,167,0
7,2,103,1,167,0
2,7,106,1,167,0
1,6,113,1,167,0
-1,3,139,1,167,0
1,-1,139,1,167,0
-1,-2,154,1,167,0
2,8,6,1,167,0
0,6,37,1,167,0
8,-3,39,1,167,0
-4,-2,49,1,167,0
-1,4,49,1,167,0
-1,-3,53,1,167,0
-2,-6,59,1,167,0
6,-7,62,1,167,0
4,0,93,1,167,0
2,-5,85,1,167,0
1,7,94,1,167,0
7,3,94,1,167,0
4,-1,112,1,167,0
6,2,109,1,167,0
5,1,116,1,167,0
1,-2,133,1,167,0
2,9,5,1,167,0
-3,7,14,1,167,0
-5,-6,21,1,167,0
-2,6,23,1,167,0
-1,-4,52,1,167,0
8,5,91,1,167,0
1,-3,93,1,167,0
6,3,93,1,167,0
5,-5,102,1,167,0
5,2,113,1,167,0
3,0,118,1,167,0
4,1,122,1,167,0
-5,-7,8,1,168,0
-8,-6,9,1,168,0
-3,8,9,1,168,0
-2,7,18,1,168,0
5,3,51,1,168,0
-7,-3,29,1,168,0
-1,6,31,1,168,0
-4,-4,34,1,168,0
4,-3,64,1,168,0
-1,-5,66,1,168,0
2,-7,87,1,168,0
1,-4,97,1,168,0
7,5,98,1,168,0
2,0,125,1,168,0
3,1,129,1,168,0
0,-1,155,1,168,0
-3,9,3,1,168,0
-7,-4,28,1,168,0
-4,-5,31,1,168,0
7,-3,46,1,168,0
-1,-6,61,1,168,0
5,-7,68,1,168,0
1,-5,79,1,168,0
8,7,95,1,168,0
6,5,106,1,168,0
4,-4,112,1,168,0
3,-1,117,1,168,0
5,4,115,1,168,0
4,3,123,1,168,0
3,2,131,1,168,0
0,-2,137,1,168,0
2,1,139,1,168,0
1,0,148,1,168,0
-8,5,2,1,168,0
-7,-5,21,1,168,0
-4,-6,24,1,168,0
8,-7,48,1,168,0
-3,0,66,1,168,0
1,-6,93,1,168,0
7,7,102,1,168,0
4,-5,108,1,168,0
6,6,111,1,168,0
5,5,119,1,168,0
0,-3,129,1,168,0
4,4,129,1,168,0
3,3,138,1,168,0
2,2,148,1,168,0
1,1,157,1,168,0
-4,1,168,1,168,0
-3,-3,167,1,168,0
0,0,167,1,168,0
-7,5,9,1,168,0
-7,-6,14,1,168,0
-6,-3,38,1,168,0
-3,-4,42,1,168,0
-2,0,152,1,168,0
1,-7,91,1,168,0
6,7,106,1,168,0
5,6,114,1,168,0
3,-3,121,1,168,0
4,5,123,1,168,0
0,-4,124,1,168,0
3,4,131,1,168,0
1,2,136,1,168,0
2,3,139,1,168,0
-3,1,162,1,168,0
-2,-1,165,1,168,0
0,1,167,1,168,0
1,-8,3,1,168,0
-4,-8,5,1,168,0
-6,5,15,1,168,0
6,-3,52,1,168,0
3,5,58,1,168,0
2,4,73,1,168,0
4,-7,74,1,168,0
5,7,76,1,168,0
2,-1,91,1,168,0
3,-4,116,1,168,0
0,-5,118,1,168,0
1,3,132,1,168,0
0,2,139,1,168,0
-2,1,158,1,168,0
-1,0,167,1,168,0
-2,-2,167,1,168,0
-5,5,21,1,168,0
-3,-6,45,1,168,0
-5,-2,48,1,168,0
3,6,51,1,168,0
7,-7,55,1,168,0
4,7,67,1,168,0
2,5,78,1,168,0
3,-5,91,1,168,0
5,-1,106,1,168,0
0,-6,112,1,168,0
1,4,126,1,168,0
2,-2,131,1,168,0
0,3,133,1,168,0
-2,-3,161,1,168,0
-2,2,167,1,168,0
-1,1,167,1,168,0
-6,-6,14,1,168,0
3,7,16,1,168,0
-3,-7,22,1,168,0
-4,5,27,1,168,0
-3,4,35,1,168,0
-5,-3,41,1,168,0
-2,-4,48,1,168,0
0,4,57,1,168,0
0,-7,105,1,168,0
2,6,112,1,168,0
1,5,119,1,168,0
2,-3,124,1,168,0
-2,3,142,1,168,0
-1,-1,162,1,168,0
-9,-6,4,1,168,0
-3,-8,6,1,168,0
-6,-7,9,1,168,0
3,8,13,1,168,0
-3,5,33,1,168,0
-2,4,42,1,168,0
0,5,54,1,168,0
5,-3,58,1,168,0
-4,-1,59,1,168,0
3,-7,79,1,168,0
8,3,84,1,168,0
7,2,103,1,168,0
2,7,106,1,168,0
1,6,113,1,168,0
-1,3,139,1,168,0
1,-1,139,1,168,0
-1,-2,154,1,168,0
2,8,6,1,168,0
0,6,37,1,168,0
8,-3,39,1,168,0
-4,-2,49,1,168,0
-1,4,49,1,168,0
-1,-3,53,1,168,0
-2,-6,59,1,168,0
6,-7,62,1,168,0
4,0,93,1,168,0
2,-5,85,1,168,0
1,7,94,1,168,0
7,3,94,1,168,0
4,-1,112,1,168,0
6,2,109,1,168,0
5,1,116,1,168,0
1,-2,133,1,168,0
2,9,5,1,168,0
-3,7,14,1,168,0
-5,-6,21,1,168,0
-2,6,23,1,168,0
-1,-4,52,1,168,0
8,5,91,1,168,0
1,-3,93,1,168,0
6,3,93,1,168,0
5,-5,102,1,168,0
5,2,113,1,168,0
3,0,118,1,168,0
4,1,122,1,168,0
-5,-7,8,1,169,0
-8,-6,9,1,169,0
-3,8,9,1,169,0
-2,7,18,1,169,0
5,3,51,1,169,0
-7,-3,29,1,169,0
-1,6,31,1,169,0
-4,-4,34,1,169,0
4,-3,64,1,169,0
-1,-5,66,1,169,0
2,-7,87,1,169,0
1,-4,97,1,169,0
7,5,98,1,169,0
2,0,125,1,169,0
3,1,129,1,169,0
0,-1,155,1,169,0
-3,9,3,1,169,0
-7,-4,28,1,169,0
-4,-5,31,1,169,0
7,-3,46,1,169,0
-1,-6,61,1,169,0
5,-7,68,1,169,0
1,-5,79,1,169,0
8,7,95,1,169,0
6,5,106,1,169,0
4,-4,112,1,169,0
3,-1,117,1,169,0
5,4,115,1,169,0
4,3,123,1,169,0
3,2,131,1,169,0
0,-2,137,1,169,0
2,1,139,1,169,0
1,0,148,1,169,0
-5,1,169,1,169,0
-8,5,2,1,169,0
-7,-5,21,1,169,0
-4,-6,24,1,169,0
8,-7,48,1,169,0
-3,0,66,1,169,0
1,-6,93,1,169,0
7,7,102,1,169,0
4,-5,108,1,169,0
6,6,111,1,169,0
5,5,119,1,169,0
0,-3,129,1,169,0
4,4,129,1,169,0
3,3,138,1,169,0
2,2,148,1,169,0
1,1,157,1,169,0
-4,1,168,1,169,0
-3,-3,168,1,169,0
0,0,168,1,169,0
-7,5,9,1,169,0
-7,-6,14,1,169,0
-6,-3,38,1,169,0
-3,-4,42,1,169,0
-2,0,152,1,169,0
1,-7,91,1,169,0
6,7,106,1,169,0
5,6,114,1,169,0
3,-3,121,1,169,0
4,5,123,1,169,0
0,-4,124,1,169,0
3,4,131,1,169,0
1,2,136,1,169,0
2,3,139,1,169,0
-3,1,162,1,169,0
-2,-1,165,1,169,0
0,1,168,1,169,0
1,-8,3,1,169,0
-4,-8,5,1,169,0
-6,5,15,1,169,0
6,-3,52,1,169,0
3,5,58,1,169,0
2,4,73,1,169,0
4,-7,74,1,169,0
5,7,76,1,169,0
2,-1,91,1,169,0
3,-4,116,1,169,0
0,-5,118,1,169,0
1,3,132,1,169,0
-2,1,158,1,169,0
-1,0,168,1,169,0
-2,-2,168,1,169,0
0,2,168,1,169,0
-5,5,21,1,169,0
-3,-6,45,1,169,0
-5,-2,48,1,169,0
3,6,51,1,169,0
7,-7,55,1,169,0
4,7,67,1,169,0
2,5,78,1,169,0
3,-5,91,1,169,0
5,-1,106,1,169,0
0,-6,112,1,169,0
1,4,126,1,169,0
2,-2,131,1,169,0
0,3,133,1,169,0
-2,-3,161,1,169,0
-2,2,167,1,169,0
-1,1,167,1,169,0
-6,-6,14,1,169,0
3,7,16,1,169,0
-3,-7,22,1,169,0
-4,5,27,1,169,0
-3,4,35,1,169,0
-5,-3,41,1,169,0
-2,-4,48,1,169,0
0,4,57,1,169,0
0,-7,105,1,169,0
2,6,112,1,169,0
1,5,119,1,169,0
2,-3,124,1,169,0
-1,-1,162,1,169,0
-2,3,168,1,169,0
-9,-6,4,1,169,0
-3,-8,6,1,169,0
-6,-7,9,1,169,0
3,8,13,1,169,0
-3,5,33,1,169,0
-2,4,42,1,169,0
0,5,54,1,169,0
5,-3,58,1,169,0
-4,-1,59,1,169,0
3,-7,79,1,169,0
8,3,84,1,169,0
7,2,103,1,169,0
2,7,106,1,169,0
1,6,113,1,169,0
-1,3,139,1,169,0
1,-1,139,1,169,0
-1,-2,154,1,169,0
2,8,6,1,169,0
0,6,37,1,169,0
8,-3,39,1,169,0
-4,-2,49,1,169,0
-1,4,49,1,169,0
-1,-3,53,1,169,0
-2,-6,59,1,169,0
6,-7,62,1,169,0
4,0,93,1,169,0
2,-5,85,1,169,0
1,7,94,1,169,0
7,3,94,1,169,0
4,-1,112,1,169,0
6,2,109,1,169,0
5,1,116,1,169,0
1,-2,133,1,169,0
2,9,5,1,169,0
-3,7,14,1,169,0
-5,-6,21,1,169,0
-2,6,23,1,169,0
-1,-4,52,1,169,0
8,5,91,1,169,0
1,-3,93,1,169,0
6,3,93,1,169,0
5,-5,102,1,169,0
5,2,113,1,169,0
3,0,118,1,169,0
4,1,122,1,169,0
-5,-7,8,1,170,0
-8,-6,9,1,170,0
-3,8,9,1,170,0
-2,7,18,1,170,0
5,3,51,1,170,0
-7,-3,29,1,170,0
-1,6,31,1,170,0
-4,-4,34,1,170,0
4,-3,64,1,170,0
-1,-5,66,1,170,0
2,-7,87,1,170,0
1,-4,97,1,170,0
7,5,98,1,170,0
2,0,125,1,170,0
3,1,129,1,170,0
0,-1,155,1,170,0
-3,9,3,1,170,0
-7,-4,28,1,170,0
-4,-5,31,1,170,0
7,-3,46,1,170,0
-1,-6,61,1,170,0
5,-7,68,1,170,0
1,-5,79,1,170,0
8,7,95,1,170,0
6,5,106,1,170,0
4,-4,112,1,170,0
3,-1,117,1,170,0
5,4,115,1,170,0
4,3,123,1,170,0
3,2,131,1,170,0
0,-2,137,1,170,0
2,1,139,1,170,0
1,0,148,1,170,0
-5,1,169,1,170,0
-8,5,2,1,170,0
-7,-5,21,1,170,0
-4,-6,24,1,170,0
8,-7,48,1,170,0
-3,0,66,1,170,0
1,-6,93,1,170,0
7,7,102,1,170,0
4,-5,108,1,170,0
6,6,111,1,170,0
5,5,119,1,170,0
0,-3,129,1,170,0
4,4,129,1,170,0
3,3,138,1,170,0
2,2,148,1,170,0
1,1,157,1,170,0
-4,1,168,1,170,0
-3,-3,169,1,170,0
0,0,169,1,170,0
-7,5,9,1,170,0
-7,-6,14,1,170,0
-6,-3,38,1,170,0
-3,-4,42,1,170,0
-2,0,152,1,170,0
1,-7,91,1,170,0
6,7,106,1,170,0
5,6,114,1,170,0
3,-3,121,1,170,0
4,5,123,1,170,0
0,-4,124,1,170,0
3,4,131,1,170,0
1,2,136,1,170,0
2,3,139,1,170,0
-3,1,162,1,170,0
-2,-1,165,1,170,0
0,1,169,1,170,0
1,-8,3,1,170,0
-4,-8,5,1,170,0
-6,5,15,1,170,0
6,-3,52,1,170,0
3,5,58,1,170,0
2,4,73,1,170,0
4,-7,74,1,170,0
5,7,76,1,170,0
2,-1,91,1,170,0
3,-4,116,1,170,0
0,-5,118,1,170,0
1,3,132,1,170,0
-2,1,158,1,170,0
-1,0,169,1,170,0
-2,-2,169,1,170,0
0,2,169,1,170,0
-5,5,21,1,170,0
-3,-6,45,1,170,0
-5,-2,48,1,170,0
3,6,51,1,170,0
7,-7,55,1,170,0
4,7,67,1,170,0
2,5,78,1,170,0
3,-5,91,1,170,0
5,-1,106,1,170,0
0,-6,112,1,170,0
1,4,126,1,170,0
2,-2,131,1,170,0
0,3,133,1,170,0
-2,-3,161,1,170,0
-2,2,167,1,170,0
-1,1,167,1,170,0
-6,-6,14,1,170,0
3,7,16,1,170,0
-3,-7,22,1,170,0
-4,5,27,1,170,0
-3,4,35,1,170,0
-5,-3,41,1,170,0
-2,-4,48,1,170,0
0,4,57,1,170,0
0,-7,105,1,170,0
2,6,112,1,170,0
1,5,119,1,170,0
2,-3,124,1,170,0
-1,-1,162,1,170,0
-2,3,169,1,170,0
-9,-6,4,1,170,0
-3,-8,6,1,170,0
-6,-7,9,1,170,0
3,8,13,1,170,0
-3,5,33,1,170,0
-2,4,42,1,170,0
0,5,54,1,170,0
5,-3,58,1,170,0
-4,-1,59,1,170,0
3,-7,79,1,170,0
8,3,84,1,170,0
7,2,103,1,170,0
2,7,106,1,170,0
1,6,113,1,170,0
-1,3,139,1,170,0
1,-1,139,1,170,0
-1,-2,154,1,170,0
2,8,6,1,170,0
0,6,37,1,170,0
8,-3,39,1,170,0
-4,-2,49,1,170,0
-1,4,49,1,170,0
-1,-3,53,1,170,0
-2,-6,59,1,170,0
6,-7,62,1,170,0
4,0,93,1,170,0
2,-5,85,1,170,0
1,7,94,1,170,0
7,3,94,1,170,0
4,-1,112,1,170,0
6,2,109,1,170,0
5,1,116,1,170,0
1,-2,133,1,170,0
2,9,5,1,170,0
-3,7,14,1,170,0
-5,-6,21,1,170,0
-2,6,23,1,170,0
-1,-4,52,1,170,0
8,5,91,1,170,0
1,-3,93,1,170,0
6,3,93,1,170,0
5,-5,102,1,170,0
5,2,113,1,170,0
3,0,118,1,170,0
4,1,122,1,170,0
-5,-7,8,1,171,0
-8,-6,9,1,171,0
-3,8,9,1,171,0
-2,7,18,1,171,0
5,3,51,1,171,0
-7,-3,29,1,171,0
-1,6,31,1,171,0
-4,-4,34,1,171,0
4,-3,64,1,171,0
-1,-5,66,1,171,0
2,-7,87,1,171,0
1,-4,97,1,171,0
7,5,98,1,171,0
2,0,125,1,171,0
3,1,129,1,171,0
0,-1,155,1,171,0
-3,9,3,1,171,0
-7,-4,28,1,171,0
-4,-5,31,1,171,0
7,-3,46,1,171,0
-1,-6,61,1,171,0
5,-7,68,1,171,0
1,-5,79,1,171,0
8,7,95,1,171,0
6,5,106,1,171,0
4,-4,112,1,171,0
3,-1,117,1,171,0
5,4,115,1,171,0
4,3,123,1,171,0
3,2,131,1,171,0
0,-2,137,1,171,0
2,1,139,1,171,0
1,0,148,1,171,0
-5,1,171,1,171,0
-8,5,2,1,171,0
-7,-5,21,1,171,0
-4,-6,24,1,171,0
8,-7,48,1,171,0
-3,0,66,1,171,0
1,-6,93,1,171,0
7,7,102,1,171,0
4,-5,108,1,171,0
6,6,111,1,171,0
5,5,119,1,171,0
0,-3,129,1,171,0
4,4,129,1,171,0
3,3,138,1,171,0
2,2,148,1,171,0
1,1,157,1,171,0
-4,1,168,1,171,0
-3,-3,169,1,171,0
0,0,169,1,171,0
-7,5,9,1,171,0
-7,-6,14,1,171,0
-6,-3,38,1,171,0
-3,-4,42,1,171,0
-2,0,152,1,171,0
1,-7,91,1,171,0
6,7,106,1,171,0
5,6,114,1,171,0
3,-3,121,1,171,0
4,5,123,1,171,0
0,-4,124,1,171,0
3,4,131,1,171,0
1,2,136,1,171,0
2,3,139,1,171,0
-3,1,162,1,171,0
-2,-1,165,1,171,0
0,1,169,1,171,0
1,-8,3,1,171,0
-4,-8,5,1,171,0
-6,5,15,1,171,0
6,-3,52,1,171,0
3,5,58,1,171,0
2,4,73,1,171,0
4,-7,74,1,171,0
5,7,76,1,171,0
2,-1,91,1,171,0
3,-4,116,1,171,0
0,-5,118,1,171,0
1,3,132,1,171,0
-2,1,158,1,171,0
-1,0,169,1,171,0
-2,-2,169,1,171,0
0,2,169,1,171,0
-5,5,21,1,171,0
-3,-6,45,1,171,0
-5,-2,48,1,171,0
3,6,51,1,171,0
7,-7,55,1,171,0
4,7,67,1,171,0
2,5,78,1,171,0
3,-5,91,1,171,0
5,-1,106,1,171,0
0,-6,112,1,171,0
1,4,126,1,171,0
2,-2,131,1,171,0
0,3,133,1,171,0
-2,-3,161,1,171,0
-2,2,167,1,171,0
-1,1,167,1,171,0
-6,-6,14,1,171,0
3,7,16,1,171,0
-3,-7,22,1,171,0
-4,5,27,1,171,0
-3,4,35,1,171,0
-5,-3,41,1,171,0
-2,-4,48,1,171,0
0,4,57,1,171,0
0,-7,105,1,171,0
2,6,112,1,171,0
1,5,119,1,171,0
2,-3,124,1,171,0
-1,-1,162,1,171,0
-2,3,169,1,171,0
-9,-6,4,1,171,0
-3,-8,6,1,171,0
-6,-7,9,1,171,0
3,8,13,1,171,0
-3,5,33,1,171,0
-2,4,42,1,171,0
0,5,54,1,171,0
5,-3,58,1,171,0
-4,-1,59,1,171,0
3,-7,79,1,171,0
8,3,84,1,171,0
7,2,103,1,171,0
2,7,106,1,171,0
1,6,113,1,171,0
-1,3,139,1,171,0
1,-1,139,1,171,0
-1,-2,154,1,171,0
2,8,6,1,171,0
0,6,37,1,171,0
8,-3,39,1,171,0
-4,-2,49,1,171,0
-1,4,49,1,171,0
-1,-3,53,1,171,0
-2,-6,59,1,171,0
6,-7,62,1,171,0
4,0,93,1,171,0
2,-5,85,1,171,0
1,7,94,1,171,0
7,3,94,1,171,0
4,-1,112,1,171,0
6,2,109,1,171,0
5,1,116,1,171,0
1,-2,133,1,171,0
2,9,5,1,171,0
-3,7,14,1,171,0
-5,-6,21,1,171,0
-2,6,23,1,171,0
-1,-4,52,1,171,0
8,5,91,1,171,0
1,-3,93,1,171,0
6,3,93,1,171,0
5,-5,102,1,171,0
5,2,113,1,171,0
3,0,118,1,171,0
4,1,122,1,171,0
-5,-7,8,1,172,0
-8,-6,9,1,172,0
-3,8,9,1,172,0
-2,7,18,1,172,0
5,3,51,1,172,0
-7,-3,29,1,172,0
-1,6,31,1,172,0
-4,-4,34,1,172,0
4,-3,64,1,172,0
-1,-5,66,1,172,0
2,-7,87,1,172,0
1,-4,97,1,172,0
7,5,98,1,172,0
2,0,125,1,172,0
3,1,129,1,172,0
0,-1,155,1,172,0
-3,-1,171,1,172,0
-3,9,3,1,172,0
-7,-4,28,1,172,0
-4,-5,31,1,172,0
7,-3,46,1,172,0
-1,-6,61,1,172,0
5,-7,68,1,172,0
1,-5,79,1,172,0
8,7,95,1,172,0
6,5,106,1,172,0
4,-4,112,1,172,0
3,-1,117,1,172,0
5,4,115,1,172,0
4,3,123,1,172,0
3,2,131,1,172,0
0,-2,137,1,172,0
2,1,139,1,172,0
1,0,148,1,172,0
-5,1,172,1,172,0
-8,5,2,1,172,0
-7,-5,21,1,172,0
-4,-6,24,1,172,0
8,-7,48,1,172,0
-3,0,66,1,172,0
1,-6,93,1,172,0
7,7,102,1,172,0
4,-5,108,1,172,0
6,6,111,1,172,0
5,5,119,1,172,0
0,-3,129,1,172,0
4,4,129,1,172,0
3,3,138,1,172,0
2,2,148,1,172,0
1,1,157,1,172,0
-4,1,168,1,172,0
-3,-3,169,1,172,0
0,0,171,1,172,0
-7,5,9,1,172,0
-7,-6,14,1,172,0
-6,-3,38,1,172,0
-3,-4,42,1,172,0
-2,0,152,1,172,0
1,-7,91,1,172,0
6,7,106,1,172,0
5,6,114,1,172,0
3,-3,121,1,172,0
4,5,123,1,172,0
0,-4,124,1,172,0
3,4,131,1,172,0
1,2,136,1,172,0
2,3,139,1,172,0
-3,1,162,1,172,0
-2,-1,165,1,172,0
0,1,171,1,172,0
1,-8,3,1,172,0
-4,-8,5,1,172,0
-6,5,15,1,172,0
6,-3,52,1,172,0
3,5,58,1,172,0
2,4,73,1,172,0
4,-7,74,1,172,0
5,7,76,1,172,0
2,-1,91,1,172,0
3,-4,116,1,172,0
0,-5,118,1,172,0
1,3,132,1,172,0
-2,1,158,1,172,0
-2,-2,169,1,172,0
-1,0,171,1,172,0
0,2,171,1,172,0
-5,5,21,1,172,0
-3,-6,45,1,172,0
-5,-2,48,1,172,0
3,6,51,1,172,0
7,-7,55,1,172,0
4,7,67,1,172,0
2,5,78,1,172,0
3,-5,91,1,172,0
5,-1,106,1,172,0
0,-6,112,1,172,0
1,4,126,1,172,0
2,-2,131,1,172,0
0,3,133,1,172,0
-2,-3,161,1,172,0
-2,2,167,1,172,0
-1,1,167,1,172,0
-6,-6,14,1,172,0
3,7,16,1,172,0
-3,-7,22,1,172,0
-4,5,27,1,172,0
-3,4,35,1,172,0
-5,-3,41,1,172,0
-2,-4,48,1,172,0
0,4,57,1,172,0
0,-7,105,1,172,0
2,6,112,1,172,0
1,5,119,1,172,0
2,-3,124,1,172,0
-1,-1,162,1,172,0
-2,3,171,1,172,0
-9,-6,4,1,172,0
-3,-8,6,1,172,0
-6,-7,9,1,172,0
3,8,13,1,172,0
-3,5,33,1,172,0
-2,4,42,1,172,0
0,5,54,1,172,0
5,-3,58,1,172,0
-4,-1,59,1,172,0
3,-7,79,1,172,0
8,3,84,1,172,0
7,2,103,1,172,0
2,7,106,1,172,0
1,6,113,1,172,0
-1,3,139,1,172,0
1,-1,139,1,172,0
-1,-2,154,1,172,0
2,8,6,1,172,0
0,6,37,1,172,0
8,-3,39,1,172,0
-4,-2,49,1,172,0
-1,4,49,1,172,0
-1,-3,53,1,172,0
-2,-6,59,1,172,0
6,-7,62,1,172,0
4,0,93,1,172,0
2,-5,85,1,172,0
1,7,94,1,172,0
7,3,94,1,172,0
4,-1,112,1,172,0
6,2,109,1,172,0
5,1,116,1,172,0
1,-2,133,1,172,0
2,9,5,1,172,0
-3,7,14,1,172,0
-5,-6,21,1,172,0
-2,6,23,1,172,0
-1,-4,52,1,172,0
8,5,91,1,172,0
1,-3,93,1,172,0
6,3,93,1,172,0
5,-5,102,1,172,0
5,2,113,1,172,0
3,0,118,1,172,0
4,1,122,1,172,0
-4,-3,171,1,172,0
-5,-7,8,1,173,0
-8,-6,9,1,173,0
-3,8,9,1,173,0
-2,7,18,1,173,0
5,3,51,1,173,0
-7,-3,29,1,173,0
-1,6,31,1,173,0
-4,-4,34,1,173,0
4,-3,64,1,173,0
-1,-5,66,1,173,0
2,-7,87,1,173,0
1,-4,97,1,173,0
7,5,98,1,173,0
2,0,125,1,173,0
3,1,129,1,173,0
0,-1,155,1,173,0
-3,-1,172,1,173,0
-3,9,3,1,173,0
-7,-4,28,1,173,0
-4,-5,31,1,173,0
7,-3,46,1,173,0
-1,-6,61,1,173,0
5,-7,68,1,173,0
1,-5,79,1,173,0
8,7,95,1,173,0
6,5,106,1,173,0
4,-4,112,1,173,0
3,-1,117,1,173,0
5,4,115,1,173,0
4,3,123,1,173,0
3,2,131,1,173,0
0,-2,137,1,173,0
2,1,139,1,173,0
1,0,148,1,173,0
-5,1,173,1,173,0
-8,5,2,1,173,0
-7,-5,21,1,173,0
-4,-6,24,1,173,0
8,-7,48,1,173,0
-3,0,66,1,173,0
1,-6,93,1,173,0
7,7,102,1,173,0
4,-5,108,1,173,0
6,6,111,1,173,0
5,5,119,1,173,0
0,-3,129,1,173,0
4,4,129,1,173,0
3,3,138,1,173,0
2,2,148,1,173,0
1,1,157,1,173,0
-4,1,168,1,173,0
-3,-3,169,1,173,0
0,0,172,1,173,0
-7,5,9,1,173,0
-7,-6,14,1,173,0
-6,-3,38,1,173,0
-3,-4,42,1,173,0
1,-7,91,1,173,0
6,7,106,1,173,0
5,6,114,1,173,0
3,-3,121,1,173,0
4,5,123,1,173,0
0,-4,124,1,173,0
3,4,131,1,173,0
1,2,136,1,173,0
2,3,139,1,173,0
-3,1,162,1,173,0
-2,-1,165,1,173,0
-2,0,172,1,173,0
0,1,172,1,173,0
1,-8,3,1,173,0
-4,-8,5,1,173,0
-6,5,15,1,173,0
6,-3,52,1,173,0
3,5,58,1,173,0
2,4,73,1,173,0
4,-7,74,1,173,0
5,7,76,1,173,0
2,-1,91,1,173,0
3,-4,116,1,173,0
0,-5,118,1,173,0
1,3,132,1,173,0
-2,1,158,1,173,0
-2,-2,169,1,173,0
-1,0,171,1,173,0
0,2,172,1,173,0
-5,5,21,1,173,0
-3,-6,45,1,173,0
-5,-2,48,1,173,0
3,6,51,1,173,0
7,-7,55,1,173,0
4,7,67,1,173,0
2,5,78,1,173,0
3,-5,91,1,173,0
5,-1,106,1,173,0
0,-6,112,1,173,0
1,4,126,1,173,0
2,-2,131,1,173,0
0,3,133,1,173,0
-2,-3,161,1,173,0
-2,2,167,1,173,0
-1,1,167,1,173,0
-6,-6,14,1,173,0
3,7,16,1,173,0
-3,-7,22,1,173,0
-4,5,27,1,173,0
-3,4,35,1,173,0
-5,-3,41,1,173,0
-2,-4,48,1,173,0
0,4,57,1,173,0
0,-7,105,1,173,0
2,6,112,1,173,0
1,5,119,1,173,0
2,-3,124,1,173,0
-1,-1,162,1,173,0
-2,3,172,1,173,0
-9,-6,4,1,173,0
-3,-8,6,1,173,0
-6,-7,9,1,173,0
3,8,13,1,173,0
-3,5,33,1,173,0
-2,4,42,1,173,0
0,5,54,1,173,0
5,-3,58,1,173,0
-4,-1,59,1,173,0
3,-7,79,1,173,0
8,3,84,1,173,0
7,2,103,1,173,0
2,7,106,1,173,0
1,6,113,1,173,0
-1,3,139,1,173,0
1,-1,139,1,173,0
-1,-2,154,1,173,0
2,8,6,1,173,0
0,6,37,1,173,0
8,-3,39,1,173,0
-4,-2,49,1,173,0
-1,4,49,1,173,0
-1,-3,53,1,173,0
-2,-6,59,1,173,0
6,-7,62,1,173,0
4,0,93,1,173,0
2,-5,85,1,173,0
1,7,94,1,173,0
7,3,94,1,173,0
4,-1,112,1,173,0
6,2,109,1,173,0
5,1,116,1,173,0
1,-2,133,1,173,0
2,9,5,1,173,0
-3,7,14,1,173,0
-5,-6,21,1,173,0
-2,6,23,1,173,0
-1,-4,52,1,173,0
8,5,91,1,173,0
1,-3,93,1,173,0
6,3,93,1,173,0
5,-5,102,1,173,0
5,2,113,1,173,0
3,0,118,1,173,0
4,1,122,1,173,0
-4,-3,172,1,173,0
-5,-7,8,1,174,0
-8,-6,9,1,174,0
-3,8,9,1,174,0
-2,7,18,1,174,0
5,3,51,1,174,0
-7,-3,29,1,174,0
-1,6,31,1,174,0
-4,-4,34,1,174,0
4,-3,64,1,174,0
-1,-5,66,1,174,0
2,-7,87,1,174,0
1,-4,97,1,174,0
7,5,98,1,174,0
2,0,125,1,174,0
3,1,129,1,174,0
0,-1,155,1,174,0
-3,-1,173,1,174,0
-3,9,3,1,174,0
-7,-4,28,1,174,0
-4,-5,31,1,174,0
7,-3,46,1,174,0
-1,-6,61,1,174,0
5,-7,68,1,174,0
1,-5,79,1,174,0
8,7,95,1,174,0
6,5,106,1,174,0
4,-4,112,1,174,0
3,-1,117,1,174,0
5,4,115,1,174,0
4,3,123,1,174,0
3,2,131,1,174,0
0,-2,137,1,174,0
2,1,139,1,174,0
1,0,148,1,174,0
-5,1,174,1,174,0
-8,5,2,1,174,0
-7,-5,21,1,174,0
-4,-6,24,1,174,0
8,-7,48,1,174,0
-3,0,66,1,174,0
1,-6,93,1,174,0
7,7,102,1,174,0
4,-5,108,1,174,0
6,6,111,1,174,0
5,5,119,1,174,0
0,-3,129,1,174,0
4,4,129,1,174,0
3,3,138,1,174,0
2,2,148,1,174,0
1,1,157,1,174,0
-4,1,168,1,174,0
-3,-3,169,1,174,0
0,0,173,1,174,0
-7,5,9,1,174,0
-7,-6,14,1,174,0
-6,-3,38,1,174,0
-3,-4,42,1,174,0
1,-7,91,1,174,0
6,7,106,1,174,0
5,6,114,1,174,0
3,-3,121,1,174,0
4,5,123,1,174,0
0,-4,124,1,174,0
3,4,131,1,174,0
1,2,136,1,174,0
2,3,139,1,174,0
-3,1,162,1,174,0
-2,-1,165,1,174,0
-2,0,173,1,174,0
0,1,173,1,174,0
1,-8,3,1,174,0
-4,-8,5,1,174,0
-6,5,15,1,174,0
6,-3,52,1,174,0
3,5,58,1,174,0
2,4,73,1,174,0
4,-7,74,1,174,0
5,7,76,1,174,0
2,-1,91,1,174,0
3,-4,116,1,174,0
0,-5,118,1,174,0
1,3,132,1,174,0
-2,1,158,1,174,0
-2,-2,169,1,174,0
-1,0,171,1,174,0
0,2,173,1,174,0
-5,5,21,1,174,0
-3,-6,45,1,174,0
-5,-2,48,1,174,0
3,6,51,1,174,0
7,-7,55,1,174,0
4,7,67,1,174,0
2,5,78,1,174,0
3,-5,91,1,174,0
5,-1,106,1,174,0
0,-6,112,1,174,0
1,4,126,1,174,0
2,-2,131,1,174,0
0,3,133,1,174,0
-2,-3,161,1,174,0
-2,2,167,1,174,0
-1,1,167,1,174,0
-6,-6,14,1,174,0
3,7,16,1,174,0
-3,-7,22,1,174,0
-4,5,27,1,174,0
-3,4,35,1,174,0
-5,-3,41,1,174,0
-2,-4,48,1,174,0
0,4,57,1,174,0
0,-7,105,1,174,0
2,6,112,1,174,0
1,5,119,1,174,0
2,-3,124,1,174,0
-1,-1,162,1,174,0
-2,3,173,1,174,0
-9,-6,4,1,174,0
-3,-8,6,1,174,0
-6,-7,9,1,174,0
3,8,13,1,174,0
-3,5,33,1,174,0
-2,4,42,1,174,0
0,5,54,1,174,0
5,-3,58,1,174,0
-4,-1,59,1,174,0
3,-7,79,1,174,0
8,3,84,1,174,0
7,2,103,1,174,0
2,7,106,1,174,0
1,6,113,1,174,0
-1,3,139,1,174,0
1,-1,139,1,174,0
-1,-2,154,1,174,0
2,8,6,1,174,0
0,6,37,1,174,0
8,-3,39,1,174,0
-4,-2,49,1,174,0
-1,4,49,1,174,0
-1,-3,53,1,174,0
-2,-6,59,1,174,0
6,-7,62,1,174,0
4,0,93,1,174,0
2,-5,85,1,174,0
1,7,94,1,174,0
7,3,94,1,174,0
4,-1,112,1,174,0
6,2,109,1,174,0
5,1,116,1,174,0
1,-2,133,1,174,0
2,9,5,1,174,0
-3,7,14,1,174,0
-5,-6,21,1,174,0
-2,6,23,1,174,0
-1,-4,52,1,174,0
8,5,91,1,174,0
1,-3,93,1,174,0
6,3,93,1,174,0
5,-5,102,1,174,0
5,2,113,1,174,0
3,0,118,1,174,0
4,1,122,1,174,0
-4,-3,173,1,174,0
-5,-7,8,1,175,0
-8,-6,9,1,175,0
-3,8,9,1,175,0
-2,7,18,1,175,0
5,3,51,1,175,0
-7,-3,29,1,175,0
-1,6,31,1,175,0
4,-3,64,1,175,0
-1,-5,66,1,175,0
2,-7,87,1,175,0
1,-4,97,1,175,0
7,5,98,1,175,0
2,0,125,1,175,0
3,1,129,1,175,0
0,-1,155,1,175,0
-3,-1,174,1,175,0
-4,-4,174,1,175,0
-3,9,3,1,175,0
-7,-4,28,1,175,0
-4,-5,31,1,175,0
7,-3,46,1,175,0
-1,-6,61,1,175,0
5,-7,68,1,175,0
1,-5,79,1,175,0
8,7,95,1,175,0
6,5,106,1,175,0
4,-4,112,1,175,0
3,-1,117,1,175,0
5,4,115,1,175,0
4,3,123,1,175,0
3,2,131,1,175,0
0,-2,137,1,175,0
2,1,139,1,175,0
1,0,148,1,175,0
-5,1,175,1,175,0
-8,5,2,1,175,0
-7,-5,21,1,175,0
-4,-6,24,1,175,0
8,-7,48,1,175,0
-3,0,66,1,175,0
1,-6,93,1,175,0
7,7,102,1,175,0
4,-5,108,1,175,0
6,6,111,1,175,0
5,5,119,1,175,0
0,-3,129,1,175,0
4,4,129,1,175,0
3,3,138,1,175,0
2,2,148,1,175,0
1,1,157,1,175,0
-4,1,168,1,175,0
-3,-3,169,1,175,0
0,0,174,1,175,0
-7,5,9,1,175,0
-7,-6,14,1,175,0
-6,-3,38,1,175,0
-3,-4,42,1,175,0
1,-7,91,1,175,0
6,7,106,1,175,0
5,6,114,1,175,0
3,-3,121,1,175,0
4,5,123,1,175,0
0,-4,124,1,175,0
3,4,131,1,175,0
1,2,136,1,175,0
2,3,139,1,175,0
-3,1,162,1,175,0
-2,0,173,1,175,0
-2,-1,174,1,175,0
0,1,174,1,175,0
1,-8,3,1,175,0
-4,-8,5,1,175,0
-6,5,15,1,175,0
6,-3,52,1,175,0
3,5,58,1,175,0
2,4,73,1,175,0
4,-7,74,1,175,0
5,7,76,1,175,0
2,-1,91,1,175,0
3,-4,116,1,175,0
0,-5,118,1,175,0
1,3,132,1,175,0
-2,1,158,1,175,0
-2,-2,169,1,175,0
-1,0,171,1,175,0
0,2,174,1,175,0
-5,5,21,1,175,0
-3,-6,45,1,175,0
-5,-2,48,1,175,0
3,6,51,1,175,0
7,-7,55,1,175,0
4,7,67,1,175,0
2,5,78,1,175,0
3,-5,91,1,175,0
5,-1,106,1,175,0
0,-6,112,1,175,0
1,4,126,1,175,0
2,-2,131,1,175,0
0,3,133,1,175,0
-2,-3,161,1,175,0
-2,2,167,1,175,0
-1,1,167,1,175,0
-3,3,174,1,175,0
-6,-6,14,1,175,0
3,7,16,1,175,0
-3,-7,22,1,175,0
-4,5,27,1,175,0
-3,4,35,1,175,0
-5,-3,41,1,175,0
-2,-4,48,1,175,0
0,4,57,1,175,0
0,-7,105,1,175,0
2,6,112,1,175,0
1,5,119,1,175,0
2,-3,124,1,175,0
-1,-1,162,1,175,0
-2,3,173,1,175,0
-1,2,174,1,175,0
-9,-6,4,1,175,0
-3,-8,6,1,175,0
-6,-7,9,1,175,0
3,8,13,1,175,0
-3,5,33,1,175,0
-2,4,42,1,175,0
0,5,54,1,175,0
5,-3,58,1,175,0
-4,-1,59,1,175,0
3,-7,79,1,175,0
8,3,84,1,175,0
7,2,103,1,175,0
2,7,106,1,175,0
1,6,113,1,175,0
-1,3,139,1,175,0
1,-1,139,1,175,0
-1,-2,154,1,175,0
2,8,6,1,175,0
0,6,37,1,175,0
8,-3,39,1,175,0
-4,-2,49,1,175,0
-1,4,49,1,175,0
-1,-3,53,1,175,0
-2,-6,59,1,175,0
6,-7,62,1,175,0
4,0,93,1,175,0
2,-5,85,1,175,0
1,7,94,1,175,0
7,3,94,1,175,0
4,-1,112,1,175,0
6,2,109,1,175,0
5,1,116,1,175,0
1,-2,133,1,175,0
2,9,5,1,175,0
-3,7,14,1,175,0
-5,-6,21,1,175,0
-2,6,23,1,175,0
-1,-4,52,1,175,0
8,5,91,1,175,0
1,-3,93,1,175,0
6,3,93,1,175,0
5,-5,102,1,175,0
5,2,113,1,175,0
3,0,118,1,175,0
4,1,122,1,175,0
-4,-3,173,1,175,0
-5,-7,8,1,176,0
-8,-6,9,1,176,0
-3,8,9,1,176,0
-2,7,18,1,176,0
5,3,51,1,176,0
-7,-3,29,1,176,0
-1,6,31,1,176,0
4,-3,64,1,176,0
-1,-5,66,1,176,0
2,-7,87,1,176,0
1,-4,97,1,176,0
7,5,98,1,176,0
2,0,125,1,176,0
3,1,129,1,176,0
0,-1,155,1,176,0
-3,-1,175,1,176,0
-4,-4,175,1,176,0
-6,1,176,1,176,0
-3,9,3,1,176,0
-7,-4,28,1,176,0
-4,-5,31,1,176,0
7,-3,46,1,176,0
-1,-6,61,1,176,0
5,-7,68,1,176,0
1,-5,79,1,176,0
8,7,95,1,176,0
6,5,106,1,176,0
4,-4,112,1,176,0
3,-1,117,1,176,0
5,4,115,1,176,0
4,3,123,1,176,0
3,2,131,1,176,0
0,-2,137,1,176,0
2,1,139,1,176,0
1,0,148,1,176,0
-5,1,175,1,176,0
-8,5,2,1,176,0
-7,-5,21,1,176,0
-4,-6,24,1,176,0
8,-7,48,1,176,0
-3,0,66,1,176,0
1,-6,93,1,176,0
7,7,102,1,176,0
4,-5,108,1,176,0
6,6,111,1,176,0
5,5,119,1,176,0
0,-3,129,1,176,0
4,4,129,1,176,0
3,3,138,1,176,0
2,2,148,1,176,0
1,1,157,1,176,0
-4,1,168,1,176,0
-3,-3,169,1,176,0
0,0,175,1,176,0
-7,5,9,1,176,0
-7,-6,14,1,176,0
-6,-3,38,1,176,0
-3,-4,42,1,176,0
1,-7,91,1,176,0
6,7,106,1,176,0
5,6,114,1,176,0
3,-3,121,1,176,0
4,5,123,1,176,0
0,-4,124,1,176,0
3,4,131,1,176,0
1,2,136,1,176,0
2,3,139,1,176,0
-3,1,162,1,176,0
-2,-1,174,1,176,0
-2,0,175,1,176,0
0,1,175,1,176,0
1,-8,3,1,176,0
-4,-8,5,1,176,0
-6,5,15,1,176,0
6,-3,52,1,176,0
3,5,58,1,176,0
2,4,73,1,176,0
4,-7,74,1,176,0
5,7,76,1,176,0
2,-1,91,1,176,0
3,-4,116,1,176,0
0,-5,118,1,176,0
1,3,132,1,176,0
-2,1,158,1,176,0
-2,-2,169,1,176,0
-1,0,171,1,176,0
0,2,175,1,176,0
-5,5,21,1,176,0
-3,-6,45,1,176,0
-5,-2,48,1,176,0
3,6,51,1,176,0
7,-7,55,1,176,0
4,7,67,1,176,0
2,5,78,1,176,0
3,-5,91,1,176,0
5,-1,106,1,176,0
0,-6,112,1,176,0
1,4,126,1,176,0
2,-2,131,1,176,0
0,3,133,1,176,0
-2,-3,161,1,176,0
-2,2,167,1,176,0
-1,1,167,1,176,0
-3,3,175,1,176,0
-6,-6,14,1,176,0
3,7,16,1,176,0
-3,-7,22,1,176,0
-4,5,27,1,176,0
-3,4,35,1,176,0
-5,-3,41,1,176,0
-2,-4,48,1,176,0
0,4,57,1,176,0
0,-7,105,1,176,0
2,6,112,1,176,0
1,5,119,1,176,0
2,-3,124,1,176,0
-1,-1,162,1,176,0
-2,3,173,1,176,0
-1,2,175,1,176,0
-9,-6,4,1,176,0
-3,-8,6,1,176,0
-6,-7,9,1,176,0
3,8,13,1,176,0
-3,5,33,1,176,0
-2,4,42,1,176,0
0,5,54,1,176,0
5,-3,58,1,176,0
-4,-1,59,1,176,0
3,-7,79,1,176,0
8,3,84,1,176,0
7,2,103,1,176,0
2,7,106,1,176,0
1,6,113,1,176,0
-1,3,139,1,176,0
1,-1,139,1,176,0
-1,-2,154,1,176,0
2,8,6,1,176,0
0,6,37,1,176,0
8,-3,39,1,176,0
-4,-2,49,1,176,0
-1,4,49,1,176,0
-1,-3,53,1,176,0
-2,-6,59,1,176,0
6,-7,62,1,176,0
4,0,93,1,176,0
2,-5,85,1,176,0
1,7,94,1,176,0
7,3,94,1,176,0
4,-1,112,1,176,0
6,2,109,1,176,0
5,1,116,1,176,0
1,-2,133,1,176,0
2,9,5,1,176,0
-3,7,14,1,176,0
-5,-6,21,1,176,0
-2,6,23,1,176,0
-1,-4,52,1,176,0
8,5,91,1,176,0
1,-3,93,1,176,0
6,3,93,1,176,0
5,-5,102,1,176,0
5,2,113,1,176,0
3,0,118,1,176,0
4,1,122,1,176,0
-4,-3,173,1,176,0
-5,-7,8,1,177,0
-8,-6,9,1,177,0
-3,8,9,1,177,0
-2,7,18,1,177,0
5,3,51,1,177,0
-7,-3,29,1,177,0
-1,6,31,1,177,0
4,-3,64,1,177,0
-1,-5,66,1,177,0
2,-7,87,1,177,0
1,-4,97,1,177,0
7,5,98,1,177,0
2,0,125,1,177,0
3,1,129,1,177,0
0,-1,155,1,177,0
-3,-1,175,1,177,0
-6,1,177,1,177,0
-4,-4,176,1,177,0
-3,9,3,1,177,0
-7,-4,28,1,177,0
-4,-5,31,1,177,0
7,-3,46,1,177,0
-1,-6,61,1,177,0
5,-7,68,1,177,0
1,-5,79,1,177,0
8,7,95,1,177,0
6,5,106,1,177,0
4,-4,112,1,177,0
3,-1,117,1,177,0
5,4,115,1,177,0
4,3,123,1,177,0
3,2,131,1,177,0
0,-2,137,1,177,0
2,1,139,1,177,0
1,0,148,1,177,0
-5,1,175,1,177,0
-8,5,2,1,177,0
-7,-5,21,1,177,0
-4,-6,24,1,177,0
8,-7,48,1,177,0
-3,0,66,1,177,0
1,-6,93,1,177,0
7,7,102,1,177,0
4,-5,108,1,177,0
6,6,111,1,177,0
5,5,119,1,177,0
0,-3,129,1,177,0
4,4,129,1,177,0
3,3,138,1,177,0
2,2,148,1,177,0
1,1,157,1,177,0
-4,1,168,1,177,0
-3,-3,169,1,177,0
0,0,176,1,177,0
-7,5,9,1,177,0
-7,-6,14,1,177,0
-6,-3,38,1,177,0
-3,-4,42,1,177,0
1,-7,91,1,177,0
6,7,106,1,177,0
5,6,114,1,177,0
3,-3,121,1,177,0
4,5,123,1,177,0
0,-4,124,1,177,0
3,4,131,1,177,0
1,2,136,1,177,0
2,3,139,1,177,0
-3,1,162,1,177,0
-2,-1,174,1,177,0
0,1,175,1,177,0
-2,0,176,1,177,0
1,-8,3,1,177,0
-4,-8,5,1,177,0
-6,5,15,1,177,0
6,-3,52,1,177,0
3,5,58,1,177,0
2,4,73,1,177,0
4,-7,74,1,177,0
5,7,76,1,177,0
2,-1,91,1,177,0
3,-4,116,1,177,0
0,-5,118,1,177,0
1,3,132,1,177,0
-2,1,158,1,177,0
-2,-2,169,1,177,0
-1,0,171,1,177,0
0,2,176,1,177,0
-5,5,21,1,177,0
-3,-6,45,1,177,0
-5,-2,48,1,177,0
3,6,51,1,177,0
7,-7,55,1,177,0
4,7,67,1,177,0
2,5,78,1,177,0
3,-5,91,1,177,0
5,-1,106,1,177,0
0,-6,112,1,177,0
1,4,126,1,177,0
2,-2,131,1,177,0
0,3,133,1,177,0
-2,-3,161,1,177,0
-2,2,167,1,177,0
-1,1,167,1,177,0
-3,3,175,1,177,0
-6,-6,14,1,177,0
3,7,16,1,177,0
-3,-7,22,1,177,0
-4,5,27,1,177,0
-5,-3,41,1,177,0
-2,-4,48,1,177,0
0,4,57,1,177,0
0,-7,105,1,177,0
2,6,112,1,177,0
1,5,119,1,177,0
2,-3,124,1,177,0
-1,-1,162,1,177,0
-2,3,173,1,177,0
-3,4,176,1,177,0
-1,2,176,1,177,0
-9,-6,4,1,177,0
-3,-8,6,1,177,0
-6,-7,9,1,177,0
3,8,13,1,177,0
-3,5,33,1,177,0
-2,4,42,1,177,0
0,5,54,1,177,0
5,-3,58,1,177,0
3,-7,79,1,177,0
8,3,84,1,177,0
7,2,103,1,177,0
2,7,106,1,177,0
1,6,113,1,177,0
-1,3,139,1,177,0
1,-1,139,1,177,0
-1,-2,154,1,177,0
-4,-1,176,1,177,0
2,8,6,1,177,0
0,6,37,1,177,0
8,-3,39,1,177,0
-4,-2,49,1,177,0
-1,4,49,1,177,0
-1,-3,53,1,177,0
-2,-6,59,1,177,0
6,-7,62,1,177,0
4,0,93,1,177,0
2,-5,85,1,177,0
1,7,94,1,177,0
7,3,94,1,177,0
4,-1,112,1,177,0
6,2,109,1,177,0
5,1,116,1,177,0
1,-2,133,1,177,0
2,9,5,1,177,0
-3,7,14,1,177,0
-5,-6,21,1,177,0
-2,6,23,1,177,0
-1,-4,52,1,177,0
8,5,91,1,177,0
1,-3,93,1,177,0
6,3,93,1,177,0
5,-5,102,1,177,0
5,2,113,1,177,0
3,0,118,1,177,0
4,1,122,1,177,0
-4,-3,173,1,177,0
-5,-7,8,1,178,0
-8,-6,9,1,178,0
-3,8,9,1,178,0
-2,7,18,1,178,0
5,3,51,1,178,0
-7,-3,29,1,178,0
-1,6,31,1,178,0
4,-3,64,1,178,0
-1,-5,66,1,178,0
2,-7,87,1,178,0
1,-4,97,1,178,0
7,5,98,1,178,0
2,0,125,1,178,0
3,1,129,1,178,0
0,-1,155,1,178,0
-3,-1,175,1,178,0
-6,1,178,1,178,0
-4,-4,177,1,178,0
-3,9,3,1,178,0
-7,-4,28,1,178,0
-4,-5,31,1,178,0
7,-3,46,1,178,0
-1,-6,61,1,178,0
5,-7,68,1,178,0
1,-5,79,1,178,0
8,7,95,1,178,0
6,5,106,1,178,0
4,-4,112,1,178,0
3,-1,117,1,178,0
5,4,115,1,178,0
4,3,123,1,178,0
3,2,131,1,178,0
0,-2,137,1,178,0
2,1,139,1,178,0
-5,1,175,1,178,0
1,0,177,1,178,0
-8,5,2,1,178,0
-7,-5,21,1,178,0
-4,-6,24,1,178,0
8,-7,48,1,178,0
-3,0,66,1,178,0
1,-6,93,1,178,0
7,7,102,1,178,0
4,-5,108,1,178,0
6,6,111,1,178,0
5,5,119,1,178,0
0,-3,129,1,178,0
4,4,129,1,178,0
3,3,138,1,178,0
2,2,148,1,178,0
1,1,157,1,178,0
-4,1,168,1,178,0
-3,-3,169,1,178,0
0,0,176,1,178,0
-7,5,9,1,178,0
-7,-6,14,1,178,0
-6,-3,38,1,178,0
-3,-4,42,1,178,0
1,-7,91,1,178,0
6,7,106,1,178,0
5,6,114,1,178,0
3,-3,121,1,178,0
4,5,123,1,178,0
0,-4,124,1,178,0
3,4,131,1,178,0
1,2,136,1,178,0
2,3,139,1,178,0
-3,1,162,1,178,0
-2,-1,174,1,178,0
0,1,175,1,178,0
-2,0,177,1,178,0
1,-8,3,1,178,0
-4,-8,5,1,178,0
-6,5,15,1,178,0
6,-3,52,1,178,0
3,5,58,1,178,0
2,4,73,1,178,0
4,-7,74,1,178,0
5,7,76,1,178,0
2,-1,91,1,178,0
3,-4,116,1,178,0
0,-5,118,1,178,0
1,3,132,1,178,0
-2,1,158,1,178,0
-2,-2,169,1,178,0
-1,0,171,1,178,0
0,2,177,1,178,0
-5,5,21,1,178,0
-3,-6,45,1,178,0
-5,-2,48,1,178,0
3,6,51,1,178,0
7,-7,55,1,178,0
4,7,67,1,178,0
2,5,78,1,178,0
3,-5,91,1,178,0
5,-1,106,1,178,0
0,-6,112,1,178,0
1,4,126,1,178,0
2,-2,131,1,178,0
0,3,133,1,178,0
-2,-3,161,1,178,0
-2,2,167,1,178,0
-1,1,167,1,178,0
-3,3,175,1,178,0
-6,-6,14,1,178,0
3,7,16,1,178,0
-3,-7,22,1,178,0
-4,5,27,1,178,0
-5,-3,41,1,178,0
-2,-4,48,1,178,0
0,4,57,1,178,0
0,-7,105,1,178,0
2,6,112,1,178,0
1,5,119,1,178,0
2,-3,124,1,178,0
-1,-1,162,1,178,0
-2,3,173,1,178,0
-1,2,176,1,178,0
-3,4,177,1,178,0
-9,-6,4,1,178,0
-3,-8,6,1,178,0
-6,-7,9,1,178,0
3,8,13,1,178,0
-3,5,33,1,178,0
-2,4,42,1,178,0
0,5,54,1,178,0
5,-3,58,1,178,0
3,-7,79,1,178,0
8,3,84,1,178,0
7,2,103,1,178,0
2,7,106,1,178,0
1,6,113,1,178,0
1,-1,139,1,178,0
-1,-2,154,1,178,0
-4,-1,177,1,178,0
-1,3,177,1,178,0
2,8,6,1,178,0
0,6,37,1,178,0
8,-3,39,1,178,0
-4,-2,49,1,178,0
-1,4,49,1,178,0
-1,-3,53,1,178,0
-2,-6,59,1,178,0
6,-7,62,1,178,0
4,0,93,1,178,0
2,-5,85,1,178,0
1,7,94,1,178,0
7,3,94,1,178,0
4,-1,112,1,178,0
6,2,109,1,178,0
5,1,116,1,178,0
1,-2,133,1,178,0
2,9,5,1,178,0
-3,7,14,1,178,0
-5,-6,21,1,178,0
-2,6,23,1,178,0
-1,-4,52,1,178,0
8,5,91,1,178,0
1,-3,93,1,178,0
6,3,93,1,178,0
5,-5,102,1,178,0
5,2,113,1,178,0
3,0,118,1,178,0
4,1,122,1,178,0
-4,-3,173,1,178,0
-5,-7,8,1,179,0
-8,-6,9,1,179,0
-3,8,9,1,179,0
-2,7,18,1,179,0
5,3,51,1,179,0
-7,-3,29,1,179,0
-1,6,31,1,179,0
4,-3,64,1,179,0
-1,-5,66,1,179,0
2,-7,87,1,179,0
1,-4,97,1,179,0
7,5,98,1,179,0
2,0,125,1,179,0
3,1,129,1,179,0
0,-1,155,1,179,0
-3,-1,175,1,179,0
-6,1,179,1,179,0
-4,-4,178,1,179,0
-3,9,3,1,179,0
-7,-4,28,1,179,0
-4,-5,31,1,179,0
7,-3,46,1,179,0
-1,-6,61,1,179,0
5,-7,68,1,179,0
1,-5,79,1,179,0
8,7,95,1,179,0
6,5,106,1,179,0
4,-4,112,1,179,0
3,-1,117,1,179,0
5,4,115,1,179,0
4,3,123,1,179,0
3,2,131,1,179,0
0,-2,137,1,179,0
2,1,139,1,179,0
-5,1,175,1,179,0
1,0,178,1,179,0
-8,5,2,1,179,0
-7,-5,21,1,179,0
-4,-6,24,1,179,0
8,-7,48,1,179,0
-3,0,66,1,179,0
1,-6,93,1,179,0
7,7,102,1,179,0
4,-5,108,1,179,0
6,6,111,1,179,0
5,5,119,1,179,0
0,-3,129,1,179,0
4,4,129,1,179,0
3,3,138,1,179,0
2,2,148,1,179,0
1,1,157,1,179,0
-4,1,168,1,179,0
-3,-3,169,1,179,0
0,0,176,1,179,0
-7,5,9,1,179,0
-7,-6,14,1,179,0
-6,-3,38,1,179,0
-3,-4,42,1,179,0
1,-7,91,1,179,0
6,7,106,1,179,0
5,6,114,1,179,0
3,-3,121,1,179,0
4,5,123,1,179,0
0,-4,124,1,179,0
3,4,131,1,179,0
1,2,136,1,179,0
2,3,139,1,179,0
-3,1,162,1,179,0
-2,-1,174,1,179,0
0,1,175,1,179,0
-2,0,178,1,179,0
1,-8,3,1,179,0
-4,-8,5,1,179,0
-6,5,15,1,179,0
6,-3,52,1,179,0
3,5,58,1,179,0
2,4,73,1,179,0
4,-7,74,1,179,0
5,7,76,1,179,0
2,-1,91,1,179,0
3,-4,116,1,179,0
0,-5,118,1,179,0
1,3,132,1,179,0
-2,1,158,1,179,0
-2,-2,169,1,179,0
-1,0,171,1,179,0
0,2,178,1,179,0
-5,5,21,1,179,0
-3,-6,45,1,179,0
-5,-2,48,1,179,0
3,6,51,1,179,0
7,-7,55,1,179,0
4,7,67,1,179,0
2,5,78,1,179,0
3,-5,91,1,179,0
5,-1,106,1,179,0
0,-6,112,1,179,0
1,4,126,1,179,0
2,-2,131,1,179,0
0,3,133,1,179,0
-2,-3,161,1,179,0
-2,2,167,1,179,0
-1,1,167,1,179,0
-3,3,175,1,179,0
-6,-6,14,1,179,0
3,7,16,1,179,0
-3,-7,22,1,179,0
-4,5,27,1,179,0
-5,-3,41,1,179,0
-2,-4,48,1,179,0
0,4,57,1,179,0
0,-7,105,1,179,0
2,6,112,1,179,0
1,5,119,1,179,0
2,-3,124,1,179,0
-1,-1,162,1,179,0
-2,3,173,1,179,0
-1,2,176,1,179,0
-3,4,178,1,179,0
-9,-6,4,1,179,0
-3,-8,6,1,179,0
-6,-7,9,1,179,0
3,8,13,1,179,0
-3,5,33,1,179,0
-2,4,42,1,179,0
0,5,54,1,179,0
5,-3,58,1,179,0
3,-7,79,1,179,0
8,3,84,1,179,0
7,2,103,1,179,0
2,7,106,1,179,0
1,6,113,1,179,0
1,-1,139,1,179,0
-1,-2,154,1,179,0
-4,-1,178,1,179,0
-1,3,178,1,179,0
2,8,6,1,179,0
0,6,37,1,179,0
8,-3,39,1,179,0
-4,-2,49,1,179,0
-1,4,49,1,179,0
-1,-3,53,1,179,0
-2,-6,59,1,179,0
6,-7,62,1,179,0
4,0,93,1,179,0
2,-5,85,1,179,0
1,7,94,1,179,0
7,3,94,1,179,0
4,-1,112,1,179,0
6,2,109,1,179,0
5,1,116,1,179,0
1,-2,133,1,179,0
2,9,5,1,179,0
-3,7,14,1,179,0
-5,-6,21,1,179,0
-2,6,23,1,179,0
-1,-4,52,1,179,0
8,5,91,1,179,0
1,-3,93,1,179,0
6,3,93,1,179,0
5,-5,102,1,179,0
5,2,113,1,179,0
3,0,118,1,179,0
4,1,122,1,179,0
-4,-3,173,1,179,0
-5,-7,8,1,180,0
-8,-6,9,1,180,0
-3,8,9,1,180,0
-2,7,18,1,180,0
5,3,51,1,180,0
-7,-3,29,1,180,0
-1,6,31,1,180,0
4,-3,64,1,180,0
-1,-5,66,1,180,0
2,-7,87,1,180,0
1,-4,97,1,180,0
7,5,98,1,180,0
2,0,125,1,180,0
3,1,129,1,180,0
0,-1,155,1,180,0
-3,-1,175,1,180,0
-6,1,179,1,180,0
-4,-4,179,1,180,0
-3,9,3,1,180,0
-7,-4,28,1,180,0
-4,-5,31,1,180,0
7,-3,46,1,180,0
-1,-6,61,1,180,0
5,-7,68,1,180,0
1,-5,79,1,180,0
8,7,95,1,180,0
6,5,106,1,180,0
4,-4,112,1,180,0
3,-1,117,1,180,0
5,4,115,1,180,0
4,3,123,1,180,0
3,2,131,1,180,0
0,-2,137,1,180,0
2,1,139,1,180,0
-5,1,175,1,180,0
1,0,179,1,180,0
-8,5,2,1,180,0
-7,-5,21,1,180,0
-4,-6,24,1,180,0
8,-7,48,1,180,0
-3,0,66,1,180,0
1,-6,93,1,180,0
7,7,102,1,180,0
4,-5,108,1,180,0
6,6,111,1,180,0
5,5,119,1,180,0
0,-3,129,1,180,0
4,4,129,1,180,0
3,3,138,1,180,0
2,2,148,1,180,0
1,1,157,1,180,0
-4,1,168,1,180,0
-3,-3,169,1,180,0
0,0,176,1,180,0
-7,5,9,1,180,0
-7,-6,14,1,180,0
-6,-3,38,1,180,0
-3,-4,42,1,180,0
1,-7,91,1,180,0
6,7,106,1,180,0
5,6,114,1,180,0
3,-3,121,1,180,0
4,5,123,1,180,0
0,-4,124,1,180,0
3,4,131,1,180,0
2,3,139,1,180,0
-3,1,162,1,180,0
-2,-1,174,1,180,0
0,1,175,1,180,0
-2,0,179,1,180,0
1,2,179,1,180,0
1,-8,3,1,180,0
-4,-8,5,1,180,0
-6,5,15,1,180,0
6,-3,52,1,180,0
3,5,58,1,180,0
2,4,73,1,180,0
4,-7,74,1,180,0
5,7,76,1,180,0
2,-1,91,1,180,0
3,-4,116,1,180,0
0,-5,118,1,180,0
1,3,132,1,180,0
-2,1,158,1,180,0
-2,-2,169,1,180,0
-1,0,171,1,180,0
0,2,178,1,180,0
-5,5,21,1,180,0
-3,-6,45,1,180,0
-5,-2,48,1,180,0
3,6,51,1,180,0
7,-7,55,1,180,0
4,7,67,1,180,0
2,5,78,1,180,0
3,-5,91,1,180,0
5,-1,106,1,180,0
0,-6,112,1,180,0
1,4,126,1,180,0
2,-2,131,1,180,0
-2,-3,161,1,180,0
-2,2,167,1,180,0
-1,1,167,1,180,0
-3,3,175,1,180,0
0,3,179,1,180,0
-6,-6,14,1,180,0
3,7,16,1,180,0
-3,-7,22,1,180,0
-4,5,27,1,180,0
-5,-3,41,1,180,0
-2,-4,48,1,180,0
0,4,57,1,180,0
0,-7,105,1,180,0
2,6,112,1,180,0
1,5,119,1,180,0
2,-3,124,1,180,0
-1,-1,162,1,180,0
-2,3,173,1,180,0
-1,2,176,1,180,0
-3,4,179,1,180,0
-9,-6,4,1,180,0
-3,-8,6,1,180,0
-6,-7,9,1,180,0
3,8,13,1,180,0
-3,5,33,1,180,0
-2,4,42,1,180,0
0,5,54,1,180,0
5,-3,58,1,180,0
3,-7,79,1,180,0
8,3,84,1,180,0
7,2,103,1,180,0
2,7,106,1,180,0
1,6,113,1,180,0
1,-1,139,1,180,0
-1,-2,154,1,180,0
-1,3,178,1,180,0
-4,-1,179,1,180,0
2,8,6,1,180,0
0,6,37,1,180,0
8,-3,39,1,180,0
-4,-2,49,1,180,0
-1,4,49,1,180,0
-1,-3,53,1,180,0
-2,-6,59,1,180,0
6,-7,62,1,180,0
4,0,93,1,180,0
2,-5,85,1,180,0
1,7,94,1,180,0
7,3,94,1,180,0
4,-1,112,1,180,0
6,2,109,1,180,0
5,1,116,1,180,0
1,-2,133,1,180,0
2,9,5,1,180,0
-3,7,14,1,180,0
-5,-6,21,1,180,0
-2,6,23,1,180,0
-1,-4,52,1,180,0
8,5,91,1,180,0
1,-3,93,1,180,0
6,3,93,1,180,0
5,-5,102,1,180,0
5,2,113,1,180,0
3,0,118,1,180,0
4,1,122,1,180,0
-4,-3,173,1,180,0
-5,-7,8,1,181,0
-8,-6,9,1,181,0
-3,8,9,1,181,0
-2,7,18,1,181,0
5,3,51,1,181,0
-7,-3,29,1,181,0
-1,6,31,1,181,0
4,-3,64,1,181,0
-1,-5,66,1,181,0
2,-7,87,1,181,0
1,-4,97,1,181,0
7,5,98,1,181,0
2,0,125,1,181,0
3,1,129,1,181,0
0,-1,155,1,181,0
-3,-1,175,1,181,0
-6,1,181,1,181,0
-4,-4,179,1,181,0
-3,9,3,1,181,0
-7,-4,28,1,181,0
-4,-5,31,1,181,0
7,-3,46,1,181,0
-1,-6,61,1,181,0
5,-7,68,1,181,0
1,-5,79,1,181,0
8,7,95,1,181,0
6,5,106,1,181,0
4,-4,112,1,181,0
3,-1,117,1,181,0
5,4,115,1,181,0
4,3,123,1,181,0
3,2,131,1,181,0
0,-2,137,1,181,0
2,1,139,1,181,0
-5,1,175,1,181,0
1,0,179,1,181,0
-8,5,2,1,181,0
-7,-5,21,1,181,0
-4,-6,24,1,181,0
8,-7,48,1,181,0
-3,0,66,1,181,0
1,-6,93,1,181,0
7,7,102,1,181,0
4,-5,108,1,181,0
6,6,111,1,181,0
5,5,119,1,181,0
0,-3,129,1,181,0
4,4,129,1,181,0
3,3,138,1,181,0
2,2,148,1,181,0
1,1,157,1,181,0
-4,1,168,1,181,0
-3,-3,169,1,181,0
0,0,176,1,181,0
-7,5,9,1,181,0
-7,-6,14,1,181,0
-6,-3,38,1,181,0
-3,-4,42,1,181,0
1,-7,91,1,181,0
6,7,106,1,181,0
5,6,114,1,181,0
3,-3,121,1,181,0
4,5,123,1,181,0
0,-4,124,1,181,0
3,4,131,1,181,0
2,3,139,1,181,0
-3,1,162,1,181,0
-2,-1,174,1,181,0
0,1,175,1,181,0
-2,0,179,1,181,0
1,2,179,1,181,0
1,-8,3,1,181,0
-4,-8,5,1,181,0
-6,5,15,1,181,0
6,-3,52,1,181,0
3,5,58,1,181,0
2,4,73,1,181,0
4,-7,74,1,181,0
5,7,76,1,181,0
2,-1,91,1,181,0
3,-4,116,1,181,0
0,-5,118,1,181,0
1,3,132,1,181,0
-2,1,158,1,181,0
-2,-2,169,1,181,0
-1,0,171,1,181,0
0,2,178,1,181,0
-5,5,21,1,181,0
-3,-6,45,1,181,0
-5,-2,48,1,181,0
3,6,51,1,181,0
7,-7,55,1,181,0
4,7,67,1,181,0
2,5,78,1,181,0
3,-5,91,1,181,0
5,-1,106,1,181,0
0,-6,112,1,181,0
1,4,126,1,181,0
2,-2,131,1,181,0
-2,-3,161,1,181,0
-2,2,167,1,181,0
-1,1,167,1,181,0
-3,3,175,1,181,0
0,3,179,1,181,0
-6,-6,14,1,181,0
3,7,16,1,181,0
-3,-7,22,1,181,0
-4,5,27,1,181,0
-5,-3,41,1,181,0
-2,-4,48,1,181,0
0,4,57,1,181,0
0,-7,105,1,181,0
2,6,112,1,181,0
1,5,119,1,181,0
2,-3,124,1,181,0
-1,-1,162,1,181,0
-2,3,173,1,181,0
-1,2,176,1,181,0
-3,4,179,1,181,0
-9,-6,4,1,181,0
-3,-8,6,1,181,0
-6,-7,9,1,181,0
3,8,13,1,181,0
-3,5,33,1,181,0
-2,4,42,1,181,0
0,5,54,1,181,0
5,-3,58,1,181,0
3,-7,79,1,181,0
8,3,84,1,181,0
7,2,103,1,181,0
2,7,106,1,181,0
1,6,113,1,181,0
1,-1,139,1,181,0
-1,-2,154,1,181,0
-1,3,178,1,181,0
-4,-1,179,1,181,0
2,8,6,1,181,0
0,6,37,1,181,0
8,-3,39,1,181,0
-4,-2,49,1,181,0
-1,4,49,1,181,0
-1,-3,53,1,181,0
-2,-6,59,1,181,0
6,-7,62,1,181,0
4,0,93,1,181,0
2,-5,85,1,181,0
1,7,94,1,181,0
7,3,94,1,181,0
4,-1,112,1,181,0
6,2,109,1,181,0
5,1,116,1,181,0
1,-2,133,1,181,0
2,9,5,1,181,0
-3,7,14,1,181,0
-5,-6,21,1,181,0
-2,6,23,1,181,0
-1,-4,52,1,181,0
8,5,91,1,181,0
1,-3,93,1,181,0
6,3,93,1,181,0
5,-5,102,1,181,0
5,2,113,1,181,0
3,0,118,1,181,0
4,1,122,1,181,0
-4,-3,173,1,181,0
-5,-7,8,1,182,0
-8,-6,9,1,182,0
-3,8,9,1,182,0
-2,7,18,1,182,0
5,3,51,1,182,0
-7,-3,29,1,182,0
-1,6,31,1,182,0
4,-3,64,1,182,0
-1,-5,66,1,182,0
2,-7,87,1,182,0
1,-4,97,1,182,0
7,5,98,1,182,0
2,0,125,1,182,0
3,1,129,1,182,0
0,-1,155,1,182,0
-3,-1,175,1,182,0
-6,1,181,1,182,0
-4,-4,181,1,182,0
-3,9,3,1,182,0
-7,-4,28,1,182,0
-4,-5,31,1,182,0
7,-3,46,1,182,0
-1,-6,61,1,182,0
5,-7,68,1,182,0
1,-5,79,1,182,0
8,7,95,1,182,0
6,5,106,1,182,0
4,-4,112,1,182,0
3,-1,117,1,182,0
5,4,115,1,182,0
4,3,123,1,182,0
3,2,131,1,182,0
0,-2,137,1,182,0
2,1,139,1,182,0
-5,1,175,1,182,0
1,0,181,1,182,0
-8,5,2,1,182,0
-7,-5,21,1,182,0
-4,-6,24,1,182,0
8,-7,48,1,182,0
1,-6,93,1,182,0
7,7,102,1,182,0
4,-5,108,1,182,0
6,6,111,1,182,0
5,5,119,1,182,0
0,-3,129,1,182,0
4,4,129,1,182,0
3,3,138,1,182,0
2,2,148,1,182,0
1,1,157,1,182,0
-4,1,168,1,182,0
-3,-3,169,1,182,0
0,0,176,1,182,0
-3,0,181,1,182,0
-7,5,9,1,182,0
-7,-6,14,1,182,0
-6,-3,38,1,182,0
-3,-4,42,1,182,0
1,-7,91,1,182,0
6,7,106,1,182,0
5,6,114,1,182,0
3,-3,121,1,182,0
4,5,123,1,182,0
0,-4,124,1,182,0
3,4,131,1,182,0
2,3,139,1,182,0
-3,1,162,1,182,0
-2,-1,174,1,182,0
0,1,175,1,182,0
-2,0,179,1,182,0
1,2,181,1,182,0
1,-8,3,1,182,0
-4,-8,5,1,182,0
-6,5,15,1,182,0
6,-3,52,1,182,0
3,5,58,1,182,0
2,4,73,1,182,0
4,-7,74,1,182,0
5,7,76,1,182,0
2,-1,91,1,182,0
3,-4,116,1,182,0
0,-5,118,1,182,0
1,3,132,1,182,0
-2,1,158,1,182,0
-2,-2,169,1,182,0
-1,0,171,1,182,0
0,2,178,1,182,0
-5,5,21,1,182,0
-3,-6,45,1,182,0
-5,-2,48,1,182,0
3,6,51,1,182,0
7,-7,55,1,182,0
4,7,67,1,182,0
2,5,78,1,182,0
3,-5,91,1,182,0
5,-1,106,1,182,0
0,-6,112,1,182,0
1,4,126,1,182,0
2,-2,131,1,182,0
-2,-3,161,1,182,0
-2,2,167,1,182,0
-1,1,167,1,182,0
-3,3,175,1,182,0
0,3,181,1,182,0
-6,-6,14,1,182,0
3,7,16,1,182,0
-3,-7,22,1,182,0
-4,5,27,1,182,0
-5,-3,41,1,182,0
-2,-4,48,1,182,0
0,4,57,1,182,0
0,-7,105,1,182,0
2,6,112,1,182,0
1,5,119,1,182,0
2,-3,124,1,182,0
-1,-1,162,1,182,0
-2,3,173,1,182,0
-1,2,176,1,182,0
-3,4,181,1,182,0
-9,-6,4,1,182,0
-3,-8,6,1,182,0
-6,-7,9,1,182,0
3,8,13,1,182,0
-3,5,33,1,182,0
-2,4,42,1,182,0
0,5,54,1,182,0
5,-3,58,1,182,0
3,-7,79,1,182,0
8,3,84,1,182,0
7,2,103,1,182,0
2,7,106,1,182,0
1,6,113,1,182,0
1,-1,139,1,182,0
-1,-2,154,1,182,0
-1,3,178,1,182,0
-4,-1,181,1,182,0
2,8,6,1,182,0
0,6,37,1,182,0
8,-3,39,1,182,0
-4,-2,49,1,182,0
-1,4,49,1,182,0
-1,-3,53,1,182,0
-2,-6,59,1,182,0
6,-7,62,1,182,0
4,0,93,1,182,0
2,-5,85,1,182,0
1,7,94,1,182,0
7,3,94,1,182,0
4,-1,112,1,182,0
6,2,109,1,182,0
5,1,116,1,182,0
1,-2,133,1,182,0
2,9,5,1,182,0
-3,7,14,1,182,0
-5,-6,21,1,182,0
-2,6,23,1,182,0
-1,-4,52,1,182,0
8,5,91,1,182,0
1,-3,93,1,182,0
6,3,93,1,182,0
5,-5,102,1,182,0
5,2,113,1,182,0
3,0,118,1,182,0
4,1,122,1,182,0
-4,-3,173,1,182,0
-7,1,182,1,182,0
-5,-7,8,1,183,0
-8,-6,9,1,183,0
-3,8,9,1,183,0
-2,7,18,1,183,0
5,3,51,1,183,0
-7,-3,29,1,183,0
-1,6,31,1,183,0
4,-3,64,1,183,0
-1,-5,66,1,183,0
2,-7,87,1,183,0
1,-4,97,1,183,0
7,5,98,1,183,0
2,0,125,1,183,0
3,1,129,1,183,0
0,-1,155,1,183,0
-3,-1,175,1,183,0
-6,1,181,1,183,0
-4,-4,181,1,183,0
-3,9,3,1,183,0
-7,-4,28,1,183,0
7,-3,46,1,183,0
-1,-6,61,1,183,0
5,-7,68,1,183,0
1,-5,79,1,183,0
8,7,95,1,183,0
6,5,106,1,183,0
4,-4,112,1,183,0
3,-1,117,1,183,0
5,4,115,1,183,0
4,3,123,1,183,0
3,2,131,1,183,0
0,-2,137,1,183,0
2,1,139,1,183,0
-5,1,175,1,183,0
1,0,181,1,183,0
-4,-5,182,1,183,0
-8,5,2,1,183,0
-7,-5,21,1,183,0
-4,-6,24,1,183,0
8,-7,48,1,183,0
1,-6,93,1,183,0
7,7,102,1,183,0
4,-5,108,1,183,0
6,6,111,1,183,0
5,5,119,1,183,0
0,-3,129,1,183,0
4,4,129,1,183,0
3,3,138,1,183,0
2,2,148,1,183,0
1,1,157,1,183,0
-4,1,168,1,183,0
-3,-3,169,1,183,0
0,0,176,1,183,0
-3,0,182,1,183,0
-7,5,9,1,183,0
-7,-6,14,1,183,0
-6,-3,38,1,183,0
-3,-4,42,1,183,0
1,-7,91,1,183,0
6,7,106,1,183,0
5,6,114,1,183,0
3,-3,121,1,183,0
4,5,123,1,183,0
0,-4,124,1,183,0
3,4,131,1,183,0
2,3,139,1,183,0
-3,1,162,1,183,0
-2,-1,174,1,183,0
0,1,175,1,183,0
-2,0,179,1,183,0
1,2,182,1,183,0
1,-8,3,1,183,0
-4,-8,5,1,183,0
-6,5,15,1,183,0
6,-3,52,1,183,0
3,5,58,1,183,0
2,4,73,1,183,0
4,-7,74,1,183,0
5,7,76,1,183,0
2,-1,91,1,183,0
3,-4,116,1,183,0
0,-5,118,1,183,0
1,3,132,1,183,0
-2,1,158,1,183,0
-2,-2,169,1,183,0
-1,0,171,1,183,0
0,2,178,1,183,0
-5,5,21,1,183,0
-3,-6,45,1,183,0
-5,-2,48,1,183,0
3,6,51,1,183,0
7,-7,55,1,183,0
4,7,67,1,183,0
2,5,78,1,183,0
3,-5,91,1,183,0
5,-1,106,1,183,0
0,-6,112,1,183,0
1,4,126,1,183,0
2,-2,131,1,183,0
-2,-3,161,1,183,0
-2,2,167,1,183,0
-1,1,167,1,183,0
-3,3,175,1,183,0
0,3,182,1,183,0
-6,-6,14,1,183,0
3,7,16,1,183,0
-3,-7,22,1,183,0
-4,5,27,1,183,0
-5,-3,41,1,183,0
-2,-4,48,1,183,0
0,4,57,1,183,0
0,-7,105,1,183,0
2,6,112,1,183,0
1,5,119,1,183,0
2,-3,124,1,183,0
-1,-1,162,1,183,0
-2,3,173,1,183,0
-1,2,176,1,183,0
-3,4,182,1,183,0
-9,-6,4,1,183,0
-3,-8,6,1,183,0
-6,-7,9,1,183,0
3,8,13,1,183,0
-3,5,33,1,183,0
-2,4,42,1,183,0
0,5,54,1,183,0
5,-3,58,1,183,0
3,-7,79,1,183,0
8,3,84,1,183,0
7,2,103,1,183,0
2,7,106,1,183,0
1,6,113,1,183,0
1,-1,139,1,183,0
-1,-2,154,1,183,0
-1,3,178,1,183,0
-4,-1,182,1,183,0
2,8,6,1,183,0
0,6,37,1,183,0
8,-3,39,1,183,0
-4,-2,49,1,183,0
-1,4,49,1,183,0
-1,-3,53,1,183,0
-2,-6,59,1,183,0
6,-7,62,1,183,0
4,0,93,1,183,0
2,-5,85,1,183,0
1,7,94,1,183,0
7,3,94,1,183,0
4,-1,112,1,183,0
6,2,109,1,183,0
5,1,116,1,183,0
1,-2,133,1,183,0
2,9,5,1,183,0
-3,7,14,1,183,0
-5,-6,21,1,183,0
-2,6,23,1,183,0
-1,-4,52,1,183,0
8,5,91,1,183,0
1,-3,93,1,183,0
6,3,93,1,183,0
5,-5,102,1,183,0
5,2,113,1,183,0
3,0,118,1,183,0
4,1,122,1,183,0
-4,-3,173,1,183,0
-7,1,183,1,183,0
-5,-7,8,1,184,0
-8,-6,9,1,184,0
-3,8,9,1,184,0
-2,7,18,1,184,0
5,3,51,1,184,0
-7,-3,29,1,184,0
-1,6,31,1,184,0
4,-3,64,1,184,0
-1,-5,66,1,184,0
2,-7,87,1,184,0
1,-4,97,1,184,0
7,5,98,1,184,0
2,0,125,1,184,0
3,1,129,1,184,0
0,-1,155,1,184,0
-3,-1,175,1,184,0
-6,1,181,1,184,0
-4,-4,181,1,184,0
-3,9,3,1,184,0
-7,-4,28,1,184,0
7,-3,46,1,184,0
-1,-6,61,1,184,0
5,-7,68,1,184,0
1,-5,79,1,184,0
8,7,95,1,184,0
6,5,106,1,184,0
4,-4,112,1,184,0
3,-1,117,1,184,0
5,4,115,1,184,0
4,3,123,1,184,0
3,2,131,1,184,0
0,-2,137,1,184,0
2,1,139,1,184,0
-5,1,175,1,184,0
1,0,182,1,184,0
-4,-5,183,1,184,0
-8,5,2,1,184,0
-7,-5,21,1,184,0
-4,-6,24,1,184,0
8,-7,48,1,184,0
1,-6,93,1,184,0
7,7,102,1,184,0
4,-5,108,1,184,0
6,6,111,1,184,0
5,5,119,1,184,0
0,-3,129,1,184,0
4,4,129,1,184,0
3,3,138,1,184,0
2,2,148,1,184,0
1,1,157,1,184,0
-4,1,168,1,184,0
-3,-3,169,1,184,0
0,0,176,1,184,0
-3,0,183,1,184,0
-7,5,9,1,184,0
-7,-6,14,1,184,0
-6,-3,38,1,184,0
-3,-4,42,1,184,0
1,-7,91,1,184,0
6,7,106,1,184,0
5,6,114,1,184,0
3,-3,121,1,184,0
4,5,123,1,184,0
0,-4,124,1,184,0
3,4,131,1,184,0
2,3,139,1,184,0
-3,1,162,1,184,0
-2,-1,174,1,184,0
0,1,175,1,184,0
-2,0,179,1,184,0
1,2,183,1,184,0
1,-8,3,1,184,0
-4,-8,5,1,184,0
-6,5,15,1,184,0
6,-3,52,1,184,0
3,5,58,1,184,0
2,4,73,1,184,0
4,-7,74,1,184,0
5,7,76,1,184,0
2,-1,91,1,184,0
3,-4,116,1,184,0
0,-5,118,1,184,0
1,3,132,1,184,0
-2,1,158,1,184,0
-2,-2,169,1,184,0
-1,0,171,1,184,0
-5,-1,183,1,184,0
0,2,178,1,184,0
-5,5,21,1,184,0
-3,-6,45,1,184,0
-5,-2,48,1,184,0
3,6,51,1,184,0
7,-7,55,1,184,0
4,7,67,1,184,0
2,5,78,1,184,0
3,-5,91,1,184,0
5,-1,106,1,184,0
0,-6,112,1,184,0
1,4,126,1,184,0
2,-2,131,1,184,0
-2,-3,161,1,184,0
-2,2,167,1,184,0
-1,1,167,1,184,0
-3,3,175,1,184,0
0,3,183,1,184,0
-6,-6,14,1,184,0
3,7,16,1,184,0
-3,-7,22,1,184,0
-4,5,27,1,184,0
-5,-3,41,1,184,0
-2,-4,48,1,184,0
0,4,57,1,184,0
0,-7,105,1,184,0
2,6,112,1,184,0
1,5,119,1,184,0
2,-3,124,1,184,0
-1,-1,162,1,184,0
-2,3,173,1,184,0
-1,2,176,1,184,0
-3,4,183,1,184,0
-9,-6,4,1,184,0
-3,-8,6,1,184,0
-6,-7,9,1,184,0
3,8,13,1,184,0
-3,5,33,1,184,0
-2,4,42,1,184,0
0,5,54,1,184,0
5,-3,58,1,184,0
3,-7,79,1,184,0
8,3,84,1,184,0
7,2,103,1,184,0
2,7,106,1,184,0
1,6,113,1,184,0
1,-1,139,1,184,0
-1,-2,154,1,184,0
-1,3,178,1,184,0
-4,-1,182,1,184,0
2,8,6,1,184,0
0,6,37,1,184,0
8,-3,39,1,184,0
-4,-2,49,1,184,0
-1,4,49,1,184,0
-1,-3,53,1,184,0
-2,-6,59,1,184,0
6,-7,62,1,184,0
4,0,93,1,184,0
2,-5,85,1,184,0
1,7,94,1,184,0
7,3,94,1,184,0
4,-1,112,1,184,0
6,2,109,1,184,0
5,1,116,1,184,0
1,-2,133,1,184,0
2,9,5,1,184,0
-3,7,14,1,184,0
-5,-6,21,1,184,0
-2,6,23,1,184,0
-1,-4,52,1,184,0
8,5,91,1,184,0
1,-3,93,1,184,0
6,3,93,1,184,0
5,-5,102,1,184,0
5,2,113,1,184,0
3,0,118,1,184,0
4,1,122,1,184,0
-4,-3,173,1,184,0
-7,1,184,1,184,0
-5,-7,8,1,185,0
-8,-6,9,1,185,0
-3,8,9,1,185,0
-2,7,18,1,185,0
5,3,51,1,185,0
-7,-3,29,1,185,0
-1,6,31,1,185,0
4,-3,64,1,185,0
-1,-5,66,1,185,0
2,-7,87,1,185,0
1,-4,97,1,185,0
7,5,98,1,185,0
2,0,125,1,185,0
3,1,129,1,185,0
0,-1,155,1,185,0
-3,-1,175,1,185,0
-6,1,181,1,185,0
-4,-4,181,1,185,0
-3,9,3,1,185,0
-7,-4,28,1,185,0
7,-3,46,1,185,0
-1,-6,61,1,185,0
5,-7,68,1,185,0
1,-5,79,1,185,0
8,7,95,1,185,0
6,5,106,1,185,0
4,-4,112,1,185,0
3,-1,117,1,185,0
5,4,115,1,185,0
4,3,123,1,185,0
3,2,131,1,185,0
0,-2,137,1,185,0
2,1,139,1,185,0
-5,1,175,1,185,0
1,0,183,1,185,0
-4,-5,184,1,185,0
-8,5,2,1,185,0
-7,-5,21,1,185,0
-4,-6,24,1,185,0
8,-7,48,1,185,0
1,-6,93,1,185,0
7,7,102,1,185,0
4,-5,108,1,185,0
6,6,111,1,185,0
5,5,119,1,185,0
0,-3,129,1,185,0
4,4,129,1,185,0
3,3,138,1,185,0
2,2,148,1,185,0
1,1,157,1,185,0
-4,1,168,1,185,0
-3,-3,169,1,185,0
0,0,176,1,185,0
-3,0,184,1,185,0
-7,5,9,1,185,0
-7,-6,14,1,185,0
-6,-3,38,1,185,0
-3,-4,42,1,185,0
1,-7,91,1,185,0
6,7,106,1,185,0
5,6,114,1,185,0
3,-3,121,1,185,0
4,5,123,1,185,0
0,-4,124,1,185,0
3,4,131,1,185,0
2,3,139,1,185,0
-3,1,162,1,185,0
-2,-1,174,1,185,0
0,1,175,1,185,0
-2,0,179,1,185,0
1,2,184,1,185,0
1,-8,3,1,185,0
-4,-8,5,1,185,0
-6,5,15,1,185,0
6,-3,52,1,185,0
3,5,58,1,185,0
2,4,73,1,185,0
4,-7,74,1,185,0
5,7,76,1,185,0
2,-1,91,1,185,0
3,-4,116,1,185,0
0,-5,118,1,185,0
1,3,132,1,185,0
-2,1,158,1,185,0
-2,-2,169,1,185,0
-1,0,171,1,185,0
-5,-1,184,1,185,0
0,2,178,1,185,0
-5,5,21,1,185,0
-3,-6,45,1,185,0
-5,-2,48,1,185,0
3,6,51,1,185,0
7,-7,55,1,185,0
4,7,67,1,185,0
2,5,78,1,185,0
3,-5,91,1,185,0
5,-1,106,1,185,0
0,-6,112,1,185,0
1,4,126,1,185,0
2,-2,131,1,185,0
-2,-3,161,1,185,0
-2,2,167,1,185,0
-1,1,167,1,185,0
-3,3,175,1,185,0
0,3,184,1,185,0
-6,-6,14,1,185,0
3,7,16,1,185,0
-3,-7,22,1,185,0
-4,5,27,1,185,0
-5,-3,41,1,185,0
-2,-4,48,1,185,0
0,-7,105,1,185,0
2,6,112,1,185,0
1,5,119,1,185,0
2,-3,124,1,185,0
-1,-1,162,1,185,0
-2,3,173,1,185,0
-1,2,176,1,185,0
-3,4,183,1,185,0
0,4,184,1,185,0
-9,-6,4,1,185,0
-3,-8,6,1,185,0
-6,-7,9,1,185,0
3,8,13,1,185,0
-2,4,42,1,185,0
0,5,54,1,185,0
5,-3,58,1,185,0
3,-7,79,1,185,0
8,3,84,1,185,0
7,2,103,1,185,0
2,7,106,1,185,0
1,6,113,1,185,0
1,-1,139,1,185,0
-1,-2,154,1,185,0
-1,3,178,1,185,0
-4,-1,182,1,185,0
-3,5,184,1,185,0
2,8,6,1,185,0
0,6,37,1,185,0
8,-3,39,1,185,0
-4,-2,49,1,185,0
-1,4,49,1,185,0
-1,-3,53,1,185,0
-2,-6,59,1,185,0
6,-7,62,1,185,0
4,0,93,1,185,0
2,-5,85,1,185,0
1,7,94,1,185,0
7,3,94,1,185,0
4,-1,112,1,185,0
6,2,109,1,185,0
5,1,116,1,185,0
1,-2,133,1,185,0
2,9,5,1,185,0
-3,7,14,1,185,0
-5,-6,21,1,185,0
-2,6,23,1,185,0
-1,-4,52,1,185,0
8,5,91,1,185,0
1,-3,93,1,185,0
6,3,93,1,185,0
5,-5,102,1,185,0
5,2,113,1,185,0
3,0,118,1,185,0
4,1,122,1,185,0
-4,-3,173,1,185,0
-7,1,185,1,185,0
-5,-7,8,1,186,0
-8,-6,9,1,186,0
-3,8,9,1,186,0
-2,7,18,1,186,0
5,3,51,1,186,0
-7,-3,29,1,186,0
-1,6,31,1,186,0
4,-3,64,1,186,0
-1,-5,66,1,186,0
2,-7,87,1,186,0
1,-4,97,1,186,0
7,5,98,1,186,0
3,1,129,1,186,0
0,-1,155,1,186,0
-3,-1,175,1,186,0
-6,1,181,1,186,0
-4,-4,181,1,186,0
2,0,185,1,186,0
-3,9,3,1,186,0
-7,-4,28,1,186,0
7,-3,46,1,186,0
-1,-6,61,1,186,0
5,-7,68,1,186,0
1,-5,79,1,186,0
8,7,95,1,186,0
6,5,106,1,186,0
4,-4,112,1,186,0
3,-1,117,1,186,0
5,4,115,1,186,0
4,3,123,1,186,0
3,2,131,1,186,0
0,-2,137,1,186,0
2,1,139,1,186,0
-5,1,175,1,186,0
1,0,183,1,186,0
-4,-5,185,1,186,0
-8,5,2,1,186,0
-7,-5,21,1,186,0
-4,-6,24,1,186,0
8,-7,48,1,186,0
1,-6,93,1,186,0
7,7,102,1,186,0
4,-5,108,1,186,0
6,6,111,1,186,0
5,5,119,1,186,0
0,-3,129,1,186,0
4,4,129,1,186,0
3,3,138,1,186,0
2,2,148,1,186,0
1,1,157,1,186,0
-4,1,168,1,186,0
-3,-3,169,1,186,0
0,0,176,1,186,0
-3,0,185,1,186,0
-7,5,9,1,186,0
-7,-6,14,1,186,0
-6,-3,38,1,186,0
-3,-4,42,1,186,0
1,-7,91,1,186,0
6,7,106,1,186,0
5,6,114,1,186,0
3,-3,121,1,186,0
4,5,123,1,186,0
0,-4,124,1,186,0
3,4,131,1,186,0
2,3,139,1,186,0
-3,1,162,1,186,0
-2,-1,174,1,186,0
0,1,175,1,186,0
-2,0,179,1,186,0
1,2,185,1,186,0
1,-8,3,1,186,0
-4,-8,5,1,186,0
-6,5,15,1,186,0
6,-3,52,1,186,0
3,5,58,1,186,0
2,4,73,1,186,0
4,-7,74,1,186,0
5,7,76,1,186,0
2,-1,91,1,186,0
3,-4,116,1,186,0
0,-5,118,1,186,0
1,3,132,1,186,0
-2,1,158,1,186,0
-2,-2,169,1,186,0
-1,0,171,1,186,0
-5,-1,185,1,186,0
0,2,178,1,186,0
-5,5,21,1,186,0
-3,-6,45,1,186,0
-5,-2,48,1,186,0
3,6,51,1,186,0
7,-7,55,1,186,0
4,7,67,1,186,0
2,5,78,1,186,0
3,-5,91,1,186,0
5,-1,106,1,186,0
0,-6,112,1,186,0
1,4,126,1,186,0
2,-2,131,1,186,0
-2,-3,161,1,186,0
-2,2,167,1,186,0
-1,1,167,1,186,0
-3,3,175,1,186,0
0,3,185,1,186,0
-6,-6,14,1,186,0
3,7,16,1,186,0
-3,-7,22,1,186,0
-4,5,27,1,186,0
-5,-3,41,1,186,0
-2,-4,48,1,186,0
0,-7,105,1,186,0
2,6,112,1,186,0
1,5,119,1,186,0
2,-3,124,1,186,0
-1,-1,162,1,186,0
-2,3,173,1,186,0
-1,2,176,1,186,0
-3,4,183,1,186,0
0,4,185,1,186,0
-9,-6,4,1,186,0
-3,-8,6,1,186,0
-6,-7,9,1,186,0
3,8,13,1,186,0
-2,4,42,1,186,0
0,5,54,1,186,0
5,-3,58,1,186,0
3,-7,79,1,186,0
8,3,84,1,186,0
7,2,103,1,186,0
2,7,106,1,186,0
1,6,113,1,186,0
1,-1,139,1,186,0
-1,-2,154,1,186,0
-1,3,178,1,186,0
-4,-1,182,1,186,0
-3,5,185,1,186,0
2,8,6,1,186,0
0,6,37,1,186,0
8,-3,39,1,186,0
-4,-2,49,1,186,0
-1,4,49,1,186,0
-1,-3,53,1,186,0
-2,-6,59,1,186,0
6,-7,62,1,186,0
4,0,93,1,186,0
2,-5,85,1,186,0
1,7,94,1,186,0
7,3,94,1,186,0
4,-1,112,1,186,0
6,2,109,1,186,0
5,1,116,1,186,0
1,-2,133,1,186,0
2,9,5,1,186,0
-3,7,14,1,186,0
-5,-6,21,1,186,0
-2,6,23,1,186,0
-1,-4,52,1,186,0
8,5,91,1,186,0
1,-3,93,1,186,0
6,3,93,1,186,0
5,-5,102,1,186,0
5,2,113,1,186,0
3,0,118,1,186,0
4,1,122,1,186,0
-4,-3,173,1,186,0
-7,1,186,1,186,0
-5,-7,8,1,187,0
-8,-6,9,1,187,0
-3,8,9,1,187,0
-2,7,18,1,187,0
5,3,51,1,187,0
-7,-3,29,1,187,0
-1,6,31,1,187,0
4,-3,64,1,187,0
-1,-5,66,1,187,0
2,-7,87,1,187,0
1,-4,97,1,187,0
7,5,98,1,187,0
3,1,129,1,187,0
0,-1,155,1,187,0
-3,-1,175,1,187,0
-6,1,181,1,187,0
-4,-4,181,1,187,0
2,0,186,1,187,0
-3,9,3,1,187,0
-7,-4,28,1,187,0
7,-3,46,1,187,0
-1,-6,61,1,187,0
5,-7,68,1,187,0
1,-5,79,1,187,0
8,7,95,1,187,0
6,5,106,1,187,0
4,-4,112,1,187,0
3,-1,117,1,187,0
5,4,115,1,187,0
4,3,123,1,187,0
3,2,131,1,187,0
0,-2,137,1,187,0
2,1,139,1,187,0
-5,1,175,1,187,0
1,0,183,1,187,0
-4,-5,186,1,187,0
-8,5,2,1,187,0
-7,-5,21,1,187,0
-4,-6,24,1,187,0
8,-7,48,1,187,0
1,-6,93,1,187,0
7,7,102,1,187,0
4,-5,108,1,187,0
6,6,111,1,187,0
5,5,119,1,187,0
0,-3,129,1,187,0
4,4,129,1,187,0
3,3,138,1,187,0
2,2,148,1,187,0
1,1,157,1,187,0
-4,1,168,1,187,0
-3,-3,169,1,187,0
0,0,176,1,187,0
-3,0,186,1,187,0
-7,5,9,1,187,0
-7,-6,14,1,187,0
-6,-3,38,1,187,0
-3,-4,42,1,187,0
1,-7,91,1,187,0
6,7,106,1,187,0
5,6,114,1,187,0
3,-3,121,1,187,0
4,5,123,1,187,0
0,-4,124,1,187,0
3,4,131,1,187,0
2,3,139,1,187,0
-3,1,162,1,187,0
-2,-1,174,1,187,0
0,1,175,1,187,0
-2,0,179,1,187,0
1,2,186,1,187,0
1,-8,3,1,187,0
-4,-8,5,1,187,0
-6,5,15,1,187,0
6,-3,52,1,187,0
3,5,58,1,187,0
2,4,73,1,187,0
4,-7,74,1,187,0
5,7,76,1,187,0
2,-1,91,1,187,0
3,-4,116,1,187,0
0,-5,118,1,187,0
1,3,132,1,187,0
-2,1,158,1,187,0
-2,-2,169,1,187,0
-1,0,171,1,187,0
-5,-1,186,1,187,0
0,2,178,1,187,0
-5,5,21,1,187,0
-3,-6,45,1,187,0
-5,-2,48,1,187,0
3,6,51,1,187,0
7,-7,55,1,187,0
4,7,67,1,187,0
2,5,78,1,187,0
3,-5,91,1,187,0
5,-1,106,1,187,0
0,-6,112,1,187,0
1,4,126,1,187,0
2,-2,131,1,187,0
-2,-3,161,1,187,0
-2,2,167,1,187,0
-1,1,167,1,187,0
-3,3,175,1,187,0
0,3,186,1,187,0
-6,-6,14,1,187,0
3,7,16,1,187,0
-3,-7,22,1,187,0
-4,5,27,1,187,0
-5,-3,41,1,187,0
-2,-4,48,1,187,0
0,-7,105,1,187,0
2,6,112,1,187,0
1,5,119,1,187,0
2,-3,124,1,187,0
-1,-1,162,1,187,0
-2,3,173,1,187,0
-1,2,176,1,187,0
-3,4,183,1,187,0
0,4,186,1,187,0
-9,-6,4,1,187,0
-3,-8,6,1,187,0
-6,-7,9,1,187,0
3,8,13,1,187,0
-2,4,42,1,187,0
0,5,54,1,187,0
5,-3,58,1,187,0
3,-7,79,1,187,0
8,3,84,1,187,0
7,2,103,1,187,0
2,7,106,1,187,0
1,6,113,1,187,0
1,-1,139,1,187,0
-1,-2,154,1,187,0
-1,3,178,1,187,0
-4,-1,182,1,187,0
-3,5,186,1,187,0
2,8,6,1,187,0
0,6,37,1,187,0
8,-3,39,1,187,0
-4,-2,49,1,187,0
-1,4,49,1,187,0
-1,-3,53,1,187,0
-2,-6,59,1,187,0
6,-7,62,1,187,0
4,0,93,1,187,0
2,-5,85,1,187,0
1,7,94,1,187,0
7,3,94,1,187,0
4,-1,112,1,187,0
6,2,109,1,187,0
5,1,116,1,187,0
1,-2,133,1,187,0
2,9,5,1,187,0
-3,7,14,1,187,0
-5,-6,21,1,187,0
-2,6,23,1,187,0
-1,-4,52,1,187,0
8,5,91,1,187,0
1,-3,93,1,187,0
6,3,93,1,187,0
5,-5,102,1,187,0
5,2,113,1,187,0
3,0,118,1,187,0
4,1,122,1,187,0
-4,-3,173,1,187,0
-7,1,187,1,187,0
-5,-7,8,1,188,0
-8,-6,9,1,188,0
-3,8,9,1,188,0
-2,7,18,1,188,0
5,3,51,1,188,0
-7,-3,29,1,188,0
-1,6,31,1,188,0
4,-3,64,1,188,0
-1,-5,66,1,188,0
2,-7,87,1,188,0
1,-4,97,1,188,0
7,5,98,1,188,0
3,1,129,1,188,0
0,-1,155,1,188,0
-3,-1,175,1,188,0
-6,1,181,1,188,0
-4,-4,181,1,188,0
2,0,187,1,188,0
-3,9,3,1,188,0
-7,-4,28,1,188,0
7,-3,46,1,188,0
-1,-6,61,1,188,0
5,-7,68,1,188,0
1,-5,79,1,188,0
8,7,95,1,188,0
6,5,106,1,188,0
4,-4,112,1,188,0
3,-1,117,1,188,0
5,4,115,1,188,0
4,3,123,1,188,0
3,2,131,1,188,0
0,-2,137,1,188,0
2,1,139,1,188,0
-5,1,175,1,188,0
1,0,183,1,188,0
-4,-5,187,1,188,0
-8,5,2,1,188,0
-7,-5,21,1,188,0
-4,-6,24,1,188,0
8,-7,48,1,188,0
1,-6,93,1,188,0
7,7,102,1,188,0
4,-5,108,1,188,0
6,6,111,1,188,0
5,5,119,1,188,0
0,-3,129,1,188,0
4,4,129,1,188,0
3,3,138,1,188,0
1,1,157,1,188,0
-4,1,168,1,188,0
-3,-3,169,1,188,0
0,0,176,1,188,0
-3,0,187,1,188,0
2,2,187,1,188,0
-7,5,9,1,188,0
-7,-6,14,1,188,0
-6,-3,38,1,188,0
-3,-4,42,1,188,0
1,-7,91,1,188,0
6,7,106,1,188,0
5,6,114,1,188,0
3,-3,121,1,188,0
4,5,123,1,188,0
0,-4,124,1,188,0
3,4,131,1,188,0
2,3,139,1,188,0
-3,1,162,1,188,0
-2,-1,174,1,188,0
0,1,175,1,188,0
-2,0,179,1,188,0
1,2,186,1,188,0
1,-8,3,1,188,0
-4,-8,5,1,188,0
-6,5,15,1,188,0
6,-3,52,1,188,0
3,5,58,1,188,0
2,4,73,1,188,0
4,-7,74,1,188,0
5,7,76,1,188,0
2,-1,91,1,188,0
3,-4,116,1,188,0
0,-5,118,1,188,0
1,3,132,1,188,0
-2,1,158,1,188,0
-2,-2,169,1,188,0
-1,0,171,1,188,0
0,2,178,1,188,0
-5,-1,187,1,188,0
-5,5,21,1,188,0
-3,-6,45,1,188,0
-5,-2,48,1,188,0
3,6,51,1,188,0
7,-7,55,1,188,0
4,7,67,1,188,0
2,5,78,1,188,0
3,-5,91,1,188,0
5,-1,106,1,188,0
0,-6,112,1,188,0
1,4,126,1,188,0
2,-2,131,1,188,0
-2,-3,161,1,188,0
-2,2,167,1,188,0
-1,1,167,1,188,0
-3,3,175,1,188,0
0,3,187,1,188,0
-6,-6,14,1,188,0
3,7,16,1,188,0
-3,-7,22,1,188,0
-4,5,27,1,188,0
-5,-3,41,1,188,0
-2,-4,48,1,188,0
0,-7,105,1,188,0
2,6,112,1,188,0
1,5,119,1,188,0
2,-3,124,1,188,0
-1,-1,162,1,188,0
-2,3,173,1,188,0
-1,2,176,1,188,0
-3,4,183,1,188,0
0,4,187,1,188,0
-9,-6,4,1,188,0
-3,-8,6,1,188,0
-6,-7,9,1,188,0
3,8,13,1,188,0
-2,4,42,1,188,0
0,5,54,1,188,0
5,-3,58,1,188,0
3,-7,79,1,188,0
8,3,84,1,188,0
7,2,103,1,188,0
2,7,106,1,188,0
1,6,113,1,188,0
1,-1,139,1,188,0
-1,-2,154,1,188,0
-1,3,178,1,188,0
-4,-1,182,1,188,0
-3,5,187,1,188,0
2,8,6,1,188,0
0,6,37,1,188,0
8,-3,39,1,188,0
-4,-2,49,1,188,0
-1,4,49,1,188,0
-1,-3,53,1,188,0
-2,-6,59,1,188,0
6,-7,62,1,188,0
4,0,93,1,188,0
2,-5,85,1,188,0
1,7,94,1,188,0
7,3,94,1,188,0
4,-1,112,1,188,0
6,2,109,1,188,0
5,1,116,1,188,0
1,-2,133,1,188,0
-8,1,188,1,188,0
2,9,5,1,188,0
-3,7,14,1,188,0
-5,-6,21,1,188,0
-2,6,23,1,188,0
-1,-4,52,1,188,0
8,5,91,1,188,0
1,-3,93,1,188,0
6,3,93,1,188,0
5,-5,102,1,188,0
5,2,113,1,188,0
3,0,118,1,188,0
4,1,122,1,188,0
-4,-3,173,1,188,0
-7,1,187,1,188,0
-5,-7,8,1,189,0
-8,-6,9,1,189,0
-3,8,9,1,189,0
-2,7,18,1,189,0
5,3,51,1,189,0
-7,-3,29,1,189,0
-1,6,31,1,189,0
4,-3,64,1,189,0
-1,-5,66,1,189,0
2,-7,87,1,189,0
1,-4,97,1,189,0
7,5,98,1,189,0
3,1,129,1,189,0
0,-1,155,1,189,0
-3,-1,175,1,189,0
-6,1,181,1,189,0
-4,-4,181,1,189,0
2,0,188,1,189,0
-3,9,3,1,189,0
-7,-4,28,1,189,0
7,-3,46,1,189,0
-1,-6,61,1,189,0
5,-7,68,1,189,0
1,-5,79,1,189,0
8,7,95,1,189,0
6,5,106,1,189,0
4,-4,112,1,189,0
3,-1,117,1,189,0
5,4,115,1,189,0
4,3,123,1,189,0
3,2,131,1,189,0
0,-2,137,1,189,0
2,1,139,1,189,0
-5,1,175,1,189,0
1,0,183,1,189,0
-4,0,188,1,189,0
-4,-5,188,1,189,0
-8,5,2,1,189,0
-7,-5,21,1,189,0
-4,-6,24,1,189,0
8,-7,48,1,189,0
1,-6,93,1,189,0
7,7,102,1,189,0
4,-5,108,1,189,0
6,6,111,1,189,0
5,5,119,1,189,0
0,-3,129,1,189,0
4,4,129,1,189,0
3,3,138,1,189,0
1,1,157,1,189,0
-4,1,168,1,189,0
-3,-3,169,1,189,0
0,0,176,1,189,0
-3,0,187,1,189,0
2,2,188,1,189,0
-7,5,9,1,189,0
-7,-6,14,1,189,0
-6,-3,38,1,189,0
-3,-4,42,1,189,0
1,-7,91,1,189,0
6,7,106,1,189,0
5,6,114,1,189,0
3,-3,121,1,189,0
4,5,123,1,189,0
0,-4,124,1,189,0
3,4,131,1,189,0
2,3,139,1,189,0
-3,1,162,1,189,0
-2,-1,174,1,189,0
0,1,175,1,189,0
-2,0,179,1,189,0
1,2,186,1,189,0
1,-8,3,1,189,0
-4,-8,5,1,189,0
-6,5,15,1,189,0
6,-3,52,1,189,0
3,5,58,1,189,0
2,4,73,1,189,0
4,-7,74,1,189,0
5,7,76,1,189,0
2,-1,91,1,189,0
3,-4,116,1,189,0
0,-5,118,1,189,0
1,3,132,1,189,0
-2,1,158,1,189,0
-2,-2,169,1,189,0
-1,0,171,1,189,0
0,2,178,1,189,0
-5,-1,188,1,189,0
-5,5,21,1,189,0
-3,-6,45,1,189,0
-5,-2,48,1,189,0
3,6,51,1,189,0
7,-7,55,1,189,0
4,7,67,1,189,0
2,5,78,1,189,0
3,-5,91,1,189,0
5,-1,106,1,189,0
0,-6,112,1,189,0
1,4,126,1,189,0
2,-2,131,1,189,0
-2,-3,161,1,189,0
-2,2,167,1,189,0
-1,1,167,1,189,0
-3,3,175,1,189,0
0,3,187,1,189,0
-6,-6,14,1,189,0
3,7,16,1,189,0
-3,-7,22,1,189,0
-4,5,27,1,189,0
-5,-3,41,1,189,0
-2,-4,48,1,189,0
0,-7,105,1,189,0
2,6,112,1,189,0
1,5,119,1,189,0
2,-3,124,1,189,0
-1,-1,162,1,189,0
-2,3,173,1,189,0
-1,2,176,1,189,0
-3,4,183,1,189,0
0,4,188,1,189,0
-9,-6,4,1,189,0
-3,-8,6,1,189,0
-6,-7,9,1,189,0
3,8,13,1,189,0
-2,4,42,1,189,0
0,5,54,1,189,0
5,-3,58,1,189,0
3,-7,79,1,189,0
8,3,84,1,189,0
7,2,103,1,189,0
2,7,106,1,189,0
1,6,113,1,189,0
1,-1,139,1,189,0
-1,-2,154,1,189,0
-1,3,178,1,189,0
-4,-1,182,1,189,0
-3,5,188,1,189,0
2,8,6,1,189,0
0,6,37,1,189,0
8,-3,39,1,189,0
-4,-2,49,1,189,0
-1,4,49,1,189,0
-1,-3,53,1,189,0
-2,-6,59,1,189,0
6,-7,62,1,189,0
4,0,93,1,189,0
2,-5,85,1,189,0
1,7,94,1,189,0
7,3,94,1,189,0
4,-1,112,1,189,0
6,2,109,1,189,0
5,1,116,1,189,0
1,-2,133,1,189,0
-8,1,189,1,189,0
2,9,5,1,189,0
-3,7,14,1,189,0
-5,-6,21,1,189,0
-2,6,23,1,189,0
-1,-4,52,1,189,0
8,5,91,1,189,0
1,-3,93,1,189,0
6,3,93,1,189,0
5,-5,102,1,189,0
5,2,113,1,189,0
3,0,118,1,189,0
4,1,122,1,189,0
-4,-3,173,1,189,0
-7,1,187,1,189,0
-5,-7,8,1,190,0
-8,-6,9,1,190,0
-3,8,9,1,190,0
-2,7,18,1,190,0
5,3,51,1,190,0
-7,-3,29,1,190,0
-1,6,31,1,190,0
4,-3,64,1,190,0
-1,-5,66,1,190,0
2,-7,87,1,190,0
1,-4,97,1,190,0
7,5,98,1,190,0
3,1,129,1,190,0
0,-1,155,1,190,0
-3,-1,175,1,190,0
-6,1,181,1,190,0
-4,-4,181,1,190,0
2,0,188,1,190,0
-3,9,3,1,190,0
-7,-4,28,1,190,0
7,-3,46,1,190,0
-1,-6,61,1,190,0
5,-7,68,1,190,0
1,-5,79,1,190,0
8,7,95,1,190,0
6,5,106,1,190,0
4,-4,112,1,190,0
3,-1,117,1,190,0
5,4,115,1,190,0
4,3,123,1,190,0
3,2,131,1,190,0
0,-2,137,1,190,0
2,1,139,1,190,0
-5,1,175,1,190,0
1,0,183,1,190,0
-4,-5,188,1,190,0
-4,0,189,1,190,0
-8,5,2,1,190,0
-7,-5,21,1,190,0
8,-7,48,1,190,0
1,-6,93,1,190,0
7,7,102,1,190,0
4,-5,108,1,190,0
6,6,111,1,190,0
5,5,119,1,190,0
0,-3,129,1,190,0
4,4,129,1,190,0
3,3,138,1,190,0
1,1,157,1,190,0
-4,1,168,1,190,0
-3,-3,169,1,190,0
0,0,176,1,190,0
-3,0,187,1,190,0
-4,-6,189,1,190,0
2,2,189,1,190,0
-7,5,9,1,190,0
-7,-6,14,1,190,0
-6,-3,38,1,190,0
-3,-4,42,1,190,0
1,-7,91,1,190,0
6,7,106,1,190,0
5,6,114,1,190,0
3,-3,121,1,190,0
4,5,123,1,190,0
0,-4,124,1,190,0
3,4,131,1,190,0
2,3,139,1,190,0
-3,1,162,1,190,0
-2,-1,174,1,190,0
0,1,175,1,190,0
-2,0,179,1,190,0
1,2,186,1,190,0
1,-8,3,1,190,0
-4,-8,5,1,190,0
-6,5,15,1,190,0
6,-3,52,1,190,0
3,5,58,1,190,0
2,4,73,1,190,0
4,-7,74,1,190,0
5,7,76,1,190,0
3,-4,116,1,190,0
0,-5,118,1,190,0
1,3,132,1,190,0
-2,1,158,1,190,0
-2,-2,169,1,190,0
-1,0,171,1,190,0
0,2,178,1,190,0
-5,-1,189,1,190,0
2,-1,189,1,190,0
-5,5,21,1,190,0
-3,-6,45,1,190,0
-5,-2,48,1,190,0
3,6,51,1,190,0
7,-7,55,1,190,0
4,7,67,1,190,0
2,5,78,1,190,0
3,-5,91,1,190,0
5,-1,106,1,190,0
0,-6,112,1,190,0
1,4,126,1,190,0
2,-2,131,1,190,0
-2,-3,161,1,190,0
-2,2,167,1,190,0
-1,1,167,1,190,0
-3,3,175,1,190,0
0,3,187,1,190,0
-6,-6,14,1,190,0
3,7,16,1,190,0
-3,-7,22,1,190,0
-4,5,27,1,190,0
-5,-3,41,1,190,0
-2,-4,48,1,190,0
0,-7,105,1,190,0
2,6,112,1,190,0
1,5,119,1,190,0
2,-3,124,1,190,0
-1,-1,162,1,190,0
-2,3,173,1,190,0
-1,2,176,1,190,0
-3,4,183,1,190,0
0,4,189,1,190,0
-9,-6,4,1,190,0
-3,-8,6,1,190,0
-6,-7,9,1,190,0
3,8,13,1,190,0
-2,4,42,1,190,0
0,5,54,1,190,0
5,-3,58,1,190,0
3,-7,79,1,190,0
8,3,84,1,190,0
7,2,103,1,190,0
2,7,106,1,190,0
1,6,113,1,190,0
1,-1,139,1,190,0
-1,-2,154,1,190,0
-1,3,178,1,190,0
-4,-1,182,1,190,0
-3,5,189,1,190,0
2,8,6,1,190,0
0,6,37,1,190,0
8,-3,39,1,190,0
-4,-2,49,1,190,0
-1,4,49,1,190,0
-1,-3,53,1,190,0
-2,-6,59,1,190,0
6,-7,62,1,190,0
4,0,93,1,190,0
2,-5,85,1,190,0
1,7,94,1,190,0
7,3,94,1,190,0
4,-1,112,1,190,0
6,2,109,1,190,0
5,1,116,1,190,0
1,-2,133,1,190,0
-8,1,189,1,190,0
2,9,5,1,190,0
-3,7,14,1,190,0
-5,-6,21,1,190,0
-2,6,23,1,190,0
-1,-4,52,1,190,0
8,5,91,1,190,0
1,-3,93,1,190,0
6,3,93,1,190,0
5,-5,102,1,190,0
5,2,113,1,190,0
3,0,118,1,190,0
4,1,122,1,190,0
-4,-3,173,1,190,0
-7,1,187,1,190,0
-5,-7,8,1,191,0
-8,-6,9,1,191,0
-3,8,9,1,191,0
-2,7,18,1,191,0
5,3,51,1,191,0
-7,-3,29,1,191,0
-1,6,31,1,191,0
4,-3,64,1,191,0
-1,-5,66,1,191,0
2,-7,87,1,191,0
1,-4,97,1,191,0
7,5,98,1,191,0
3,1,129,1,191,0
0,-1,155,1,191,0
-3,-1,175,1,191,0
-6,1,181,1,191,0
-4,-4,181,1,191,0
2,0,188,1,191,0
-3,9,3,1,191,0
-7,-4,28,1,191,0
7,-3,46,1,191,0
-1,-6,61,1,191,0
5,-7,68,1,191,0
1,-5,79,1,191,0
8,7,95,1,191,0
6,5,106,1,191,0
4,-4,112,1,191,0
3,-1,117,1,191,0
5,4,115,1,191,0
4,3,123,1,191,0
3,2,131,1,191,0
0,-2,137,1,191,0
2,1,139,1,191,0
-5,1,175,1,191,0
1,0,183,1,191,0
-4,-5,188,1,191,0
-4,0,189,1,191,0
-8,5,2,1,191,0
-7,-5,21,1,191,0
8,-7,48,1,191,0
1,-6,93,1,191,0
7,7,102,1,191,0
4,-5,108,1,191,0
6,6,111,1,191,0
5,5,119,1,191,0
0,-3,129,1,191,0
4,4,129,1,191,0
3,3,138,1,191,0
1,1,157,1,191,0
-4,1,168,1,191,0
-3,-3,169,1,191,0
0,0,176,1,191,0
-3,0,187,1,191,0
-4,-6,189,1,191,0
2,2,189,1,191,0
-7,5,9,1,191,0
-7,-6,14,1,191,0
-6,-3,38,1,191,0
-3,-4,42,1,191,0
1,-7,91,1,191,0
6,7,106,1,191,0
5,6,114,1,191,0
3,-3,121,1,191,0
4,5,123,1,191,0
0,-4,124,1,191,0
3,4,131,1,191,0
2,3,139,1,191,0
-3,1,162,1,191,0
-2,-1,174,1,191,0
0,1,175,1,191,0
-2,0,179,1,191,0
1,2,186,1,191,0
1,-8,3,1,191,0
-4,-8,5,1,191,0
-6,5,15,1,191,0
6,-3,52,1,191,0
3,5,58,1,191,0
2,4,73,1,191,0
4,-7,74,1,191,0
5,7,76,1,191,0
3,-4,116,1,191,0
0,-5,118,1,191,0
1,3,132,1,191,0
-2,1,158,1,191,0
-2,-2,169,1,191,0
-1,0,171,1,191,0
0,2,178,1,191,0
-5,-1,189,1,191,0
2,-1,189,1,191,0
-5,5,21,1,191,0
-3,-6,45,1,191,0
-5,-2,48,1,191,0
3,6,51,1,191,0
7,-7,55,1,191,0
4,7,67,1,191,0
2,5,78,1,191,0
3,-5,91,1,191,0
5,-1,106,1,191,0
0,-6,112,1,191,0
1,4,126,1,191,0
2,-2,131,1,191,0
-2,-3,161,1,191,0
-2,2,167,1,191,0
-1,1,167,1,191,0
-3,3,175,1,191,0
0,3,187,1,191,0
-6,-6,14,1,191,0
3,7,16,1,191,0
-3,-7,22,1,191,0
-4,5,27,1,191,0
-5,-3,41,1,191,0
-2,-4,48,1,191,0
0,-7,105,1,191,0
2,6,112,1,191,0
1,5,119,1,191,0
2,-3,124,1,191,0
-1,-1,162,1,191,0
-2,3,173,1,191,0
-1,2,176,1,191,0
-3,4,183,1,191,0
0,4,189,1,191,0
-9,-6,4,1,191,0
-3,-8,6,1,191,0
-6,-7,9,1,191,0
3,8,13,1,191,0
-2,4,42,1,191,0
0,5,54,1,191,0
5,-3,58,1,191,0
3,-7,79,1,191,0
8,3,84,1,191,0
7,2,103,1,191,0
2,7,106,1,191,0
1,6,113,1,191,0
1,-1,139,1,191,0
-1,-2,154,1,191,0
-1,3,178,1,191,0
-4,-1,182,1,191,0
-3,5,189,1,191,0
2,8,6,1,191,0
0,6,37,1,191,0
8,-3,39,1,191,0
-4,-2,49,1,191,0
-1,4,49,1,191,0
-1,-3,53,1,191,0
-2,-6,59,1,191,0
6,-7,62,1,191,0
4,0,93,1,191,0
2,-5,85,1,191,0
1,7,94,1,191,0
7,3,94,1,191,0
4,-1,112,1,191,0
6,2,109,1,191,0
5,1,116,1,191,0
1,-2,133,1,191,0
-8,1,189,1,191,0
2,9,5,1,191,0
-3,7,14,1,191,0
-5,-6,21,1,191,0
-2,6,23,1,191,0
-1,-4,52,1,191,0
8,5,91,1,191,0
1,-3,93,1,191,0
6,3,93,1,191,0
5,-5,102,1,191,0
5,2,113,1,191,0
3,0,118,1,191,0
4,1,122,1,191,0
-4,-3,173,1,191,0
-7,1,191,1,191,0
-5,-7,8,1,192,0
-8,-6,9,1,192,0
-3,8,9,1,192,0
-2,7,18,1,192,0
5,3,51,1,192,0
-7,-3,29,1,192,0
-1,6,31,1,192,0
4,-3,64,1,192,0
-1,-5,66,1,192,0
2,-7,87,1,192,0
1,-4,97,1,192,0
7,5,98,1,192,0
3,1,129,1,192,0
0,-1,155,1,192,0
-3,-1,175,1,192,0
-6,1,181,1,192,0
-4,-4,181,1,192,0
2,0,188,1,192,0
-3,9,3,1,192,0
-7,-4,28,1,192,0
7,-3,46,1,192,0
-1,-6,61,1,192,0
5,-7,68,1,192,0
1,-5,79,1,192,0
8,7,95,1,192,0
6,5,106,1,192,0
4,-4,112,1,192,0
3,-1,117,1,192,0
5,4,115,1,192,0
4,3,123,1,192,0
3,2,131,1,192,0
0,-2,137,1,192,0
2,1,139,1,192,0
-5,1,175,1,192,0
1,0,183,1,192,0
-4,-5,188,1,192,0
-4,0,191,1,192,0
-6,-1,191,1,192,0
-8,5,2,1,192,0
-7,-5,21,1,192,0
8,-7,48,1,192,0
1,-6,93,1,192,0
7,7,102,1,192,0
4,-5,108,1,192,0
6,6,111,1,192,0
5,5,119,1,192,0
0,-3,129,1,192,0
4,4,129,1,192,0
3,3,138,1,192,0
1,1,157,1,192,0
-4,1,168,1,192,0
-3,-3,169,1,192,0
0,0,176,1,192,0
-3,0,187,1,192,0
-4,-6,191,1,192,0
2,2,191,1,192,0
-7,5,9,1,192,0
-7,-6,14,1,192,0
-6,-3,38,1,192,0
-3,-4,42,1,192,0
1,-7,91,1,192,0
6,7,106,1,192,0
5,6,114,1,192,0
3,-3,121,1,192,0
4,5,123,1,192,0
0,-4,124,1,192,0
3,4,131,1,192,0
2,3,139,1,192,0
-3,1,162,1,192,0
-2,-1,174,1,192,0
0,1,175,1,192,0
-2,0,179,1,192,0
1,2,186,1,192,0
1,-8,3,1,192,0
-4,-8,5,1,192,0
-6,5,15,1,192,0
6,-3,52,1,192,0
3,5,58,1,192,0
2,4,73,1,192,0
4,-7,74,1,192,0
5,7,76,1,192,0
3,-4,116,1,192,0
0,-5,118,1,192,0
1,3,132,1,192,0
-2,1,158,1,192,0
-2,-2,169,1,192,0
-1,0,171,1,192,0
0,2,178,1,192,0
-5,-1,189,1,192,0
2,-1,189,1,192,0
-5,5,21,1,192,0
-3,-6,45,1,192,0
-5,-2,48,1,192,0
3,6,51,1,192,0
7,-7,55,1,192,0
4,7,67,1,192,0
2,5,78,1,192,0
3,-5,91,1,192,0
5,-1,106,1,192,0
0,-6,112,1,192,0
1,4,126,1,192,0
2,-2,131,1,192,0
-2,-3,161,1,192,0
-2,2,167,1,192,0
-1,1,167,1,192,0
-3,3,175,1,192,0
0,3,187,1,192,0
-6,-6,14,1,192,0
3,7,16,1,192,0
-3,-7,22,1,192,0
-4,5,27,1,192,0
-5,-3,41,1,192,0
-2,-4,48,1,192,0
0,-7,105,1,192,0
2,6,112,1,192,0
1,5,119,1,192,0
2,-3,124,1,192,0
-1,-1,162,1,192,0
-2,3,173,1,192,0
-1,2,176,1,192,0
-3,4,183,1,192,0
0,4,191,1,192,0
-9,-6,4,1,192,0
-3,-8,6,1,192,0
-6,-7,9,1,192,0
3,8,13,1,192,0
-2,4,42,1,192,0
5,-3,58,1,192,0
3,-7,79,1,192,0
8,3,84,1,192,0
7,2,103,1,192,0
2,7,106,1,192,0
1,6,113,1,192,0
1,-1,139,1,192,0
-1,-2,154,1,192,0
-1,3,178,1,192,0
-4,-1,182,1,192,0
-3,5,189,1,192,0
0,5,191,1,192,0
2,8,6,1,192,0
0,6,37,1,192,0
8,-3,39,1,192,0
-4,-2,49,1,192,0
-1,4,49,1,192,0
-1,-3,53,1,192,0
-2,-6,59,1,192,0
6,-7,62,1,192,0
4,0,93,1,192,0
2,-5,85,1,192,0
1,7,94,1,192,0
7,3,94,1,192,0
4,-1,112,1,192,0
6,2,109,1,192,0
5,1,116,1,192,0
1,-2,133,1,192,0
-8,1,189,1,192,0
-3,6,191,1,192,0
2,9,5,1,192,0
-3,7,14,1,192,0
-5,-6,21,1,192,0
-2,6,23,1,192,0
-1,-4,52,1,192,0
8,5,91,1,192,0
1,-3,93,1,192,0
6,3,93,1,192,0
5,-5,102,1,192,0
5,2,113,1,192,0
3,0,118,1,192,0
4,1,122,1,192,0
-4,-3,173,1,192,0
-7,1,192,1,192,0
-5,-7,8,1,193,0
-8,-6,9,1,193,0
-3,8,9,1,193,0
-2,7,18,1,193,0
5,3,51,1,193,0
-7,-3,29,1,193,0
-1,6,31,1,193,0
4,-3,64,1,193,0
-1,-5,66,1,193,0
2,-7,87,1,193,0
1,-4,97,1,193,0
7,5,98,1,193,0
3,1,129,1,193,0
0,-1,155,1,193,0
-3,-1,175,1,193,0
-6,1,181,1,193,0
-4,-4,181,1,193,0
2,0,188,1,193,0
-3,9,3,1,193,0
-7,-4,28,1,193,0
7,-3,46,1,193,0
-1,-6,61,1,193,0
5,-7,68,1,193,0
1,-5,79,1,193,0
8,7,95,1,193,0
6,5,106,1,193,0
4,-4,112,1,193,0
5,4,115,1,193,0
4,3,123,1,193,0
3,2,131,1,193,0
0,-2,137,1,193,0
2,1,139,1,193,0
-5,1,175,1,193,0
1,0,183,1,193,0
-4,-5,188,1,193,0
-4,0,192,1,193,0
3,-1,191,1,193,0
-6,-1,192,1,193,0
-8,5,2,1,193,0
-7,-5,21,1,193,0
8,-7,48,1,193,0
1,-6,93,1,193,0
7,7,102,1,193,0
4,-5,108,1,193,0
6,6,111,1,193,0
5,5,119,1,193,0
0,-3,129,1,193,0
4,4,129,1,193,0
3,3,138,1,193,0
1,1,157,1,193,0
-4,1,168,1,193,0
-3,-3,169,1,193,0
0,0,176,1,193,0
-3,0,187,1,193,0
-4,-6,192,1,193,0
2,2,192,1,193,0
-7,5,9,1,193,0
-7,-6,14,1,193,0
-6,-3,38,1,193,0
-3,-4,42,1,193,0
1,-7,91,1,193,0
6,7,106,1,193,0
5,6,114,1,193,0
3,-3,121,1,193,0
4,5,123,1,193,0
0,-4,124,1,193,0
3,4,131,1,193,0
2,3,139,1,193,0
-3,1,162,1,193,0
-2,-1,174,1,193,0
0,1,175,1,193,0
-2,0,179,1,193,0
1,2,186,1,193,0
1,-8,3,1,193,0
-4,-8,5,1,193,0
-6,5,15,1,193,0
6,-3,52,1,193,0
3,5,58,1,193,0
2,4,73,1,193,0
4,-7,74,1,193,0
5,7,76,1,193,0
3,-4,116,1,193,0
0,-5,118,1,193,0
1,3,132,1,193,0
-2,1,158,1,193,0
-2,-2,169,1,193,0
-1,0,171,1,193,0
0,2,178,1,193,0
-5,-1,189,1,193,0
2,-1,189,1,193,0
-5,5,21,1,193,0
-3,-6,45,1,193,0
-5,-2,48,1,193,0
3,6,51,1,193,0
7,-7,55,1,193,0
4,7,67,1,193,0
2,5,78,1,193,0
3,-5,91,1,193,0
5,-1,106,1,193,0
0,-6,112,1,193,0
1,4,126,1,193,0
2,-2,131,1,193,0
-2,-3,161,1,193,0
-2,2,167,1,193,0
-1,1,167,1,193,0
-3,3,175,1,193,0
0,3,187,1,193,0
-6,-6,14,1,193,0
3,7,16,1,193,0
-3,-7,22,1,193,0
-4,5,27,1,193,0
-5,-3,41,1,193,0
-2,-4,48,1,193,0
0,-7,105,1,193,0
2,6,112,1,193,0
1,5,119,1,193,0
2,-3,124,1,193,0
-1,-1,162,1,193,0
-2,3,173,1,193,0
-1,2,176,1,193,0
-3,4,183,1,193,0
0,4,192,1,193,0
-9,-6,4,1,193,0
-3,-8,6,1,193,0
-6,-7,9,1,193,0
3,8,13,1,193,0
-2,4,42,1,193,0
5,-3,58,1,193,0
3,-7,79,1,193,0
8,3,84,1,193,0
7,2,103,1,193,0
2,7,106,1,193,0
1,6,113,1,193,0
1,-1,139,1,193,0
-1,-2,154,1,193,0
-1,3,178,1,193,0
-4,-1,182,1,193,0
-3,5,189,1,193,0
0,5,192,1,193,0
2,8,6,1,193,0
0,6,37,1,193,0
8,-3,39,1,193,0
-4,-2,49,1,193,0
-1,4,49,1,193,0
-1,-3,53,1,193,0
-2,-6,59,1,193,0
6,-7,62,1,193,0
4,0,93,1,193,0
2,-5,85,1,193,0
1,7,94,1,193,0
7,3,94,1,193,0
4,-1,112,1,193,0
6,2,109,1,193,0
5,1,116,1,193,0
1,-2,133,1,193,0
-8,1,189,1,193,0
-3,6,192,1,193,0
2,9,5,1,193,0
-3,7,14,1,193,0
-5,-6,21,1,193,0
-2,6,23,1,193,0
-1,-4,52,1,193,0
8,5,91,1,193,0
1,-3,93,1,193,0
6,3,93,1,193,0
5,-5,102,1,193,0
5,2,113,1,193,0
3,0,118,1,193,0
4,1,122,1,193,0
-4,-3,173,1,193,0
-7,1,193,1,193,0
-5,-7,8,1,194,0
-8,-6,9,1,194,0
-3,8,9,1,194,0
-2,7,18,1,194,0
5,3,51,1,194,0
-7,-3,29,1,194,0
-1,6,31,1,194,0
4,-3,64,1,194,0
-1,-5,66,1,194,0
2,-7,87,1,194,0
1,-4,97,1,194,0
7,5,98,1,194,0
3,1,129,1,194,0
0,-1,155,1,194,0
-3,-1,175,1,194,0
-6,1,181,1,194,0
-4,-4,181,1,194,0
2,0,188,1,194,0
-3,9,3,1,194,0
-7,-4,28,1,194,0
7,-3,46,1,194,0
-1,-6,61,1,194,0
5,-7,68,1,194,0
1,-5,79,1,194,0
8,7,95,1,194,0
6,5,106,1,194,0
4,-4,112,1,194,0
5,4,115,1,194,0
4,3,123,1,194,0
0,-2,137,1,194,0
2,1,139,1,194,0
-5,1,175,1,194,0
1,0,183,1,194,0
-4,-5,188,1,194,0
-4,0,192,1,194,0
3,-1,192,1,194,0
-6,-1,193,1,194,0
3,2,193,1,194,0
-8,5,2,1,194,0
-7,-5,21,1,194,0
8,-7,48,1,194,0
1,-6,93,1,194,0
7,7,102,1,194,0
4,-5,108,1,194,0
6,6,111,1,194,0
5,5,119,1,194,0
0,-3,129,1,194,0
4,4,129,1,194,0
3,3,138,1,194,0
1,1,157,1,194,0
-3,-3,169,1,194,0
0,0,176,1,194,0
-3,0,187,1,194,0
2,2,192,1,194,0
-4,1,193,1,194,0
-4,-6,193,1,194,0
-7,5,9,1,194,0
-7,-6,14,1,194,0
-6,-3,38,1,194,0
-3,-4,42,1,194,0
1,-7,91,1,194,0
6,7,106,1,194,0
5,6,114,1,194,0
3,-3,121,1,194,0
4,5,123,1,194,0
0,-4,124,1,194,0
3,4,131,1,194,0
2,3,139,1,194,0
-3,1,162,1,194,0
-2,-1,174,1,194,0
0,1,175,1,194,0
-2,0,179,1,194,0
1,2,186,1,194,0
1,-8,3,1,194,0
-4,-8,5,1,194,0
-6,5,15,1,194,0
6,-3,52,1,194,0
3,5,58,1,194,0
2,4,73,1,194,0
4,-7,74,1,194,0
5,7,76,1,194,0
3,-4,116,1,194,0
0,-5,118,1,194,0
1,3,132,1,194,0
-2,1,158,1,194,0
-2,-2,169,1,194,0
-1,0,171,1,194,0
0,2,178,1,194,0
-5,-1,189,1,194,0
2,-1,189,1,194,0
-5,5,21,1,194,0
-3,-6,45,1,194,0
-5,-2,48,1,194,0
3,6,51,1,194,0
7,-7,55,1,194,0
4,7,67,1,194,0
2,5,78,1,194,0
3,-5,91,1,194,0
5,-1,106,1,194,0
0,-6,112,1,194,0
1,4,126,1,194,0
2,-2,131,1,194,0
-2,-3,161,1,194,0
-2,2,167,1,194,0
-1,1,167,1,194,0
-3,3,175,1,194,0
0,3,187,1,194,0
-6,-6,14,1,194,0
3,7,16,1,194,0
-3,-7,22,1,194,0
-4,5,27,1,194,0
-5,-3,41,1,194,0
-2,-4,48,1,194,0
0,-7,105,1,194,0
2,6,112,1,194,0
1,5,119,1,194,0
2,-3,124,1,194,0
-1,-1,162,1,194,0
-2,3,173,1,194,0
-1,2,176,1,194,0
-3,4,183,1,194,0
0,4,193,1,194,0
-9,-6,4,1,194,0
-3,-8,6,1,194,0
-6,-7,9,1,194,0
3,8,13,1,194,0
-2,4,42,1,194,0
5,-3,58,1,194,0
3,-7,79,1,194,0
8,3,84,1,194,0
7,2,103,1,194,0
2,7,106,1,194,0
1,6,113,1,194,0
1,-1,139,1,194,0
-1,-2,154,1,194,0
-1,3,178,1,194,0
-4,-1,182,1,194,0
-3,5,189,1,194,0
0,5,193,1,194,0
2,8,6,1,194,0
0,6,37,1,194,0
8,-3,39,1,194,0
-4,-2,49,1,194,0
-1,4,49,1,194,0
-1,-3,53,1,194,0
-2,-6,59,1,194,0
6,-7,62,1,194,0
4,0,93,1,194,0
2,-5,85,1,194,0
1,7,94,1,194,0
7,3,94,1,194,0
4,-1,112,1,194,0
6,2,109,1,194,0
5,1,116,1,194,0
1,-2,133,1,194,0
-8,1,189,1,194,0
-3,6,192,1,194,0
2,9,5,1,194,0
-3,7,14,1,194,0
-5,-6,21,1,194,0
-1,-4,52,1,194,0
8,5,91,1,194,0
1,-3,93,1,194,0
6,3,93,1,194,0
5,-5,102,1,194,0
5,2,113,1,194,0
3,0,118,1,194,0
4,1,122,1,194,0
-4,-3,173,1,194,0
-7,1,194,1,194,0
-2,6,193,1,194,0
-5,-7,8,1,195,0
-8,-6,9,1,195,0
-3,8,9,1,195,0
-2,7,18,1,195,0
5,3,51,1,195,0
-7,-3,29,1,195,0
-1,6,31,1,195,0
4,-3,64,1,195,0
-1,-5,66,1,195,0
2,-7,87,1,195,0
1,-4,97,1,195,0
7,5,98,1,195,0
3,1,129,1,195,0
0,-1,155,1,195,0
-3,-1,175,1,195,0
-6,1,181,1,195,0
-4,-4,181,1,195,0
2,0,188,1,195,0
-3,9,3,1,195,0
-7,-4,28,1,195,0
7,-3,46,1,195,0
-1,-6,61,1,195,0
5,-7,68,1,195,0
1,-5,79,1,195,0
8,7,95,1,195,0
6,5,106,1,195,0
4,-4,112,1,195,0
5,4,115,1,195,0
4,3,123,1,195,0
0,-2,137,1,195,0
2,1,139,1,195,0
-5,1,175,1,195,0
1,0,183,1,195,0
-4,-5,188,1,195,0
-4,0,192,1,195,0
3,2,193,1,195,0
3,-1,193,1,195,0
-6,-1,194,1,195,0
-8,5,2,1,195,0
-7,-5,21,1,195,0
8,-7,48,1,195,0
1,-6,93,1,195,0
7,7,102,1,195,0
4,-5,108,1,195,0
6,6,111,1,195,0
5,5,119,1,195,0
0,-3,129,1,195,0
4,4,129,1,195,0
1,1,157,1,195,0
-3,-3,169,1,195,0
0,0,176,1,195,0
-3,0,187,1,195,0
2,2,192,1,195,0
-4,1,194,1,195,0
-4,-6,194,1,195,0
3,3,194,1,195,0
-7,5,9,1,195,0
-7,-6,14,1,195,0
-6,-3,38,1,195,0
-3,-4,42,1,195,0
1,-7,91,1,195,0
6,7,106,1,195,0
5,6,114,1,195,0
3,-3,121,1,195,0
4,5,123,1,195,0
0,-4,124,1,195,0
3,4,131,1,195,0
2,3,139,1,195,0
-3,1,162,1,195,0
-2,-1,174,1,195,0
0,1,175,1,195,0
-2,0,179,1,195,0
1,2,186,1,195,0
1,-8,3,1,195,0
-4,-8,5,1,195,0
-6,5,15,1,195,0
6,-3,52,1,195,0
3,5,58,1,195,0
2,4,73,1,195,0
4,-7,74,1,195,0
5,7,76,1,195,0
3,-4,116,1,195,0
0,-5,118,1,195,0
1,3,132,1,195,0
-2,1,158,1,195,0
-2,-2,169,1,195,0
-1,0,171,1,195,0
0,2,178,1,195,0
-5,-1,189,1,195,0
2,-1,189,1,195,0
-5,5,21,1,195,0
-3,-6,45,1,195,0
-5,-2,48,1,195,0
3,6,51,1,195,0
7,-7,55,1,195,0
4,7,67,1,195,0
2,5,78,1,195,0
3,-5,91,1,195,0
5,-1,106,1,195,0
0,-6,112,1,195,0
1,4,126,1,195,0
2,-2,131,1,195,0
-2,-3,161,1,195,0
-2,2,167,1,195,0
-1,1,167,1,195,0
-3,3,175,1,195,0
0,3,187,1,195,0
-6,-6,14,1,195,0
3,7,16,1,195,0
-3,-7,22,1,195,0
-4,5,27,1,195,0
-5,-3,41,1,195,0
-2,-4,48,1,195,0
0,-7,105,1,195,0
2,6,112,1,195,0
1,5,119,1,195,0
2,-3,124,1,195,0
-1,-1,162,1,195,0
-2,3,173,1,195,0
-1,2,176,1,195,0
-3,4,183,1,195,0
0,4,194,1,195,0
-9,-6,4,1,195,0
-3,-8,6,1,195,0
-6,-7,9,1,195,0
3,8,13,1,195,0
-2,4,42,1,195,0
5,-3,58,1,195,0
3,-7,79,1,195,0
8,3,84,1,195,0
7,2,103,1,195,0
2,7,106,1,195,0
1,6,113,1,195,0
1,-1,139,1,195,0
-1,-2,154,1,195,0
-1,3,178,1,195,0
-4,-1,182,1,195,0
-3,5,189,1,195,0
0,5,194,1,195,0
2,8,6,1,195,0
0,6,37,1,195,0
8,-3,39,1,195,0
-4,-2,49,1,195,0
-1,4,49,1,195,0
-1,-3,53,1,195,0
-2,-6,59,1,195,0
6,-7,62,1,195,0
4,0,93,1,195,0
2,-5,85,1,195,0
1,7,94,1,195,0
7,3,94,1,195,0
4,-1,112,1,195,0
6,2,109,1,195,0
5,1,116,1,195,0
1,-2,133,1,195,0
-8,1,189,1,195,0
-3,6,192,1,195,0
2,9,5,1,195,0
-3,7,14,1,195,0
-5,-6,21,1,195,0
-1,-4,52,1,195,0
8,5,91,1,195,0
1,-3,93,1,195,0
6,3,93,1,195,0
5,-5,102,1,195,0
5,2,113,1,195,0
3,0,118,1,195,0
4,1,122,1,195,0
-4,-3,173,1,195,0
-7,1,195,1,195,0
-2,6,194,1,195,0
-5,-7,8,1,196,0
-8,-6,9,1,196,0
-3,8,9,1,196,0
-2,7,18,1,196,0
5,3,51,1,196,0
-7,-3,29,1,196,0
-1,6,31,1,196,0
4,-3,64,1,196,0
-1,-5,66,1,196,0
2,-7,87,1,196,0
1,-4,97,1,196,0
7,5,98,1,196,0
3,1,129,1,196,0
0,-1,155,1,196,0
-3,-1,175,1,196,0
-6,1,181,1,196,0
-4,-4,181,1,196,0
2,0,188,1,196,0
-3,9,3,1,196,0
-7,-4,28,1,196,0
7,-3,46,1,196,0
-1,-6,61,1,196,0
5,-7,68,1,196,0
1,-5,79,1,196,0
8,7,95,1,196,0
6,5,106,1,196,0
4,-4,112,1,196,0
5,4,115,1,196,0
4,3,123,1,196,0
0,-2,137,1,196,0
2,1,139,1,196,0
1,0,183,1,196,0
-4,-5,188,1,196,0
-4,0,192,1,196,0
-5,1,195,1,196,0
3,-1,194,1,196,0
-6,-1,195,1,196,0
3,2,195,1,196,0
-8,5,2,1,196,0
-7,-5,21,1,196,0
8,-7,48,1,196,0
1,-6,93,1,196,0
7,7,102,1,196,0
4,-5,108,1,196,0
6,6,111,1,196,0
5,5,119,1,196,0
0,-3,129,1,196,0
4,4,129,1,196,0
1,1,157,1,196,0
-3,-3,169,1,196,0
0,0,176,1,196,0
-3,0,187,1,196,0
2,2,192,1,196,0
-4,1,194,1,196,0
-4,-6,194,1,196,0
3,3,194,1,196,0
-7,5,9,1,196,0
-7,-6,14,1,196,0
-6,-3,38,1,196,0
-3,-4,42,1,196,0
1,-7,91,1,196,0
6,7,106,1,196,0
5,6,114,1,196,0
3,-3,121,1,196,0
4,5,123,1,196,0
0,-4,124,1,196,0
3,4,131,1,196,0
2,3,139,1,196,0
-3,1,162,1,196,0
-2,-1,174,1,196,0
0,1,175,1,196,0
-2,0,179,1,196,0
1,2,186,1,196,0
-4,-7,195,1,196,0
1,-8,3,1,196,0
-4,-8,5,1,196,0
-6,5,15,1,196,0
6,-3,52,1,196,0
3,5,58,1,196,0
2,4,73,1,196,0
4,-7,74,1,196,0
5,7,76,1,196,0
3,-4,116,1,196,0
0,-5,118,1,196,0
1,3,132,1,196,0
-2,1,158,1,196,0
-2,-2,169,1,196,0
-1,0,171,1,196,0
0,2,178,1,196,0
-5,-1,189,1,196,0
2,-1,189,1,196,0
-5,5,21,1,196,0
-3,-6,45,1,196,0
-5,-2,48,1,196,0
3,6,51,1,196,0
7,-7,55,1,196,0
4,7,67,1,196,0
2,5,78,1,196,0
3,-5,91,1,196,0
5,-1,106,1,196,0
0,-6,112,1,196,0
1,4,126,1,196,0
2,-2,131,1,196,0
-2,-3,161,1,196,0
-2,2,167,1,196,0
-1,1,167,1,196,0
-3,3,175,1,196,0
0,3,187,1,196,0
-6,-6,14,1,196,0
3,7,16,1,196,0
-3,-7,22,1,196,0
-4,5,27,1,196,0
-5,-3,41,1,196,0
-2,-4,48,1,196,0
0,-7,105,1,196,0
2,6,112,1,196,0
1,5,119,1,196,0
2,-3,124,1,196,0
-1,-1,162,1,196,0
-2,3,173,1,196,0
-1,2,176,1,196,0
-3,4,183,1,196,0
0,4,194,1,196,0
-9,-6,4,1,196,0
-3,-8,6,1,196,0
-6,-7,9,1,196,0
3,8,13,1,196,0
-2,4,42,1,196,0
5,-3,58,1,196,0
3,-7,79,1,196,0
8,3,84,1,196,0
7,2,103,1,196,0
2,7,106,1,196,0
1,6,113,1,196,0
1,-1,139,1,196,0
-1,-2,154,1,196,0
-1,3,178,1,196,0
-4,-1,182,1,196,0
-3,5,189,1,196,0
0,5,195,1,196,0
2,8,6,1,196,0
0,6,37,1,196,0
8,-3,39,1,196,0
-4,-2,49,1,196,0
-1,4,49,1,196,0
-1,-3,53,1,196,0
-2,-6,59,1,196,0
6,-7,62,1,196,0
4,0,93,1,196,0
2,-5,85,1,196,0
1,7,94,1,196,0
7,3,94,1,196,0
4,-1,112,1,196,0
6,2,109,1,196,0
5,1,116,1,196,0
1,-2,133,1,196,0
-8,1,189,1,196,0
-3,6,192,1,196,0
2,9,5,1,196,0
-3,7,14,1,196,0
-5,-6,21,1,196,0
-1,-4,52,1,196,0
8,5,91,1,196,0
1,-3,93,1,196,0
6,3,93,1,196,0
5,-5,102,1,196,0
5,2,113,1,196,0
3,0,118,1,196,0
4,1,122,1,196,0
-4,-3,173,1,196,0
-7,1,196,1,196,0
-2,6,195,1,196,0
-5,-7,8,1,197,0
-8,-6,9,1,197,0
-3,8,9,1,197,0
-2,7,18,1,197,0
5,3,51,1,197,0
-7,-3,29,1,197,0
-1,6,31,1,197,0
4,-3,64,1,197,0
-1,-5,66,1,197,0
2,-7,87,1,197,0
1,-4,97,1,197,0
7,5,98,1,197,0
3,1,129,1,197,0
0,-1,155,1,197,0
-3,-1,175,1,197,0
-6,1,181,1,197,0
-4,-4,181,1,197,0
2,0,188,1,197,0
-3,9,3,1,197,0
-7,-4,28,1,197,0
7,-3,46,1,197,0
-1,-6,61,1,197,0
5,-7,68,1,197,0
1,-5,79,1,197,0
8,7,95,1,197,0
6,5,106,1,197,0
4,-4,112,1,197,0
5,4,115,1,197,0
4,3,123,1,197,0
0,-2,137,1,197,0
2,1,139,1,197,0
1,0,183,1,197,0
-4,-5,188,1,197,0
-4,0,192,1,197,0
3,2,195,1,197,0
-5,1,196,1,197,0
3,-1,195,1,197,0
-6,-1,196,1,197,0
-8,5,2,1,197,0
-7,-5,21,1,197,0
8,-7,48,1,197,0
1,-6,93,1,197,0
7,7,102,1,197,0
4,-5,108,1,197,0
6,6,111,1,197,0
5,5,119,1,197,0
0,-3,129,1,197,0
4,4,129,1,197,0
1,1,157,1,197,0
-3,-3,169,1,197,0
0,0,176,1,197,0
-3,0,187,1,197,0
2,2,192,1,197,0
-4,1,194,1,197,0
-4,-6,194,1,197,0
3,3,196,1,197,0
-7,5,9,1,197,0
-7,-6,14,1,197,0
-6,-3,38,1,197,0
-3,-4,42,1,197,0
1,-7,91,1,197,0
6,7,106,1,197,0
5,6,114,1,197,0
3,-3,121,1,197,0
4,5,123,1,197,0
0,-4,124,1,197,0
3,4,131,1,197,0
2,3,139,1,197,0
-3,1,162,1,197,0
-2,-1,174,1,197,0
0,1,175,1,197,0
-2,0,179,1,197,0
1,2,186,1,197,0
-4,-7,196,1,197,0
1,-8,3,1,197,0
-4,-8,5,1,197,0
-6,5,15,1,197,0
6,-3,52,1,197,0
3,5,58,1,197,0
2,4,73,1,197,0
4,-7,74,1,197,0
5,7,76,1,197,0
3,-4,116,1,197,0
0,-5,118,1,197,0
1,3,132,1,197,0
-2,1,158,1,197,0
-2,-2,169,1,197,0
-1,0,171,1,197,0
0,2,178,1,197,0
-5,-1,189,1,197,0
2,-1,189,1,197,0
-5,5,21,1,197,0
-3,-6,45,1,197,0
-5,-2,48,1,197,0
3,6,51,1,197,0
7,-7,55,1,197,0
4,7,67,1,197,0
2,5,78,1,197,0
3,-5,91,1,197,0
5,-1,106,1,197,0
0,-6,112,1,197,0
1,4,126,1,197,0
2,-2,131,1,197,0
-2,-3,161,1,197,0
-2,2,167,1,197,0
-1,1,167,1,197,0
-3,3,175,1,197,0
0,3,187,1,197,0
-6,-6,14,1,197,0
3,7,16,1,197,0
-3,-7,22,1,197,0
-4,5,27,1,197,0
-5,-3,41,1,197,0
-2,-4,48,1,197,0
0,-7,105,1,197,0
2,6,112,1,197,0
1,5,119,1,197,0
2,-3,124,1,197,0
-1,-1,162,1,197,0
-2,3,173,1,197,0
-1,2,176,1,197,0
-3,4,183,1,197,0
0,4,194,1,197,0
-9,-6,4,1,197,0
-3,-8,6,1,197,0
-6,-7,9,1,197,0
3,8,13,1,197,0
-2,4,42,1,197,0
5,-3,58,1,197,0
3,-7,79,1,197,0
8,3,84,1,197,0
7,2,103,1,197,0
2,7,106,1,197,0
1,6,113,1,197,0
1,-1,139,1,197,0
-1,-2,154,1,197,0
-1,3,178,1,197,0
-4,-1,182,1,197,0
-3,5,189,1,197,0
0,5,196,1,197,0
2,8,6,1,197,0
0,6,37,1,197,0
8,-3,39,1,197,0
-4,-2,49,1,197,0
-1,4,49,1,197,0
-1,-3,53,1,197,0
-2,-6,59,1,197,0
6,-7,62,1,197,0
4,0,93,1,197,0
2,-5,85,1,197,0
1,7,94,1,197,0
7,3,94,1,197,0
4,-1,112,1,197,0
6,2,109,1,197,0
5,1,116,1,197,0
1,-2,133,1,197,0
-8,1,189,1,197,0
-3,6,192,1,197,0
2,9,5,1,197,0
-3,7,14,1,197,0
-5,-6,21,1,197,0
-1,-4,52,1,197,0
8,5,91,1,197,0
1,-3,93,1,197,0
6,3,93,1,197,0
5,-5,102,1,197,0
5,2,113,1,197,0
3,0,118,1,197,0
4,1,122,1,197,0
-4,-3,173,1,197,0
-7,1,197,1,197,0
-2,6,196,1,197,0
-5,-7,8,1,198,0
-8,-6,9,1,198,0
-3,8,9,1,198,0
-2,7,18,1,198,0
5,3,51,1,198,0
-7,-3,29,1,198,0
-1,6,31,1,198,0
4,-3,64,1,198,0
-1,-5,66,1,198,0
2,-7,87,1,198,0
1,-4,97,1,198,0
7,5,98,1,198,0
3,1,129,1,198,0
0,-1,155,1,198,0
-3,-1,175,1,198,0
-6,1,181,1,198,0
-4,-4,181,1,198,0
2,0,188,1,198,0
-3,9,3,1,198,0
-7,-4,28,1,198,0
7,-3,46,1,198,0
-1,-6,61,1,198,0
5,-7,68,1,198,0
1,-5,79,1,198,0
8,7,95,1,198,0
6,5,106,1,198,0
4,-4,112,1,198,0
5,4,115,1,198,0
4,3,123,1,198,0
0,-2,137,1,198,0
2,1,139,1,198,0
1,0,183,1,198,0
-4,-5,188,1,198,0
-4,0,192,1,198,0
3,2,195,1,198,0
-6,-1,196,1,198,0
-5,1,197,1,198,0
3,-1,196,1,198,0
-8,5,2,1,198,0
-7,-5,21,1,198,0
8,-7,48,1,198,0
1,-6,93,1,198,0
7,7,102,1,198,0
4,-5,108,1,198,0
6,6,111,1,198,0
5,5,119,1,198,0
0,-3,129,1,198,0
4,4,129,1,198,0
1,1,157,1,198,0
-3,-3,169,1,198,0
0,0,176,1,198,0
-3,0,187,1,198,0
2,2,192,1,198,0
-4,1,194,1,198,0
-4,-6,194,1,198,0
3,3,197,1,198,0
-7,5,9,1,198,0
-7,-6,14,1,198,0
-6,-3,38,1,198,0
-3,-4,42,1,198,0
1,-7,91,1,198,0
6,7,106,1,198,0
5,6,114,1,198,0
3,-3,121,1,198,0
4,5,123,1,198,0
0,-4,124,1,198,0
3,4,131,1,198,0
2,3,139,1,198,0
-3,1,162,1,198,0
-2,-1,174,1,198,0
0,1,175,1,198,0
-2,0,179,1,198,0
1,2,186,1,198,0
-4,-7,197,1,198,0
1,-8,3,1,198,0
-4,-8,5,1,198,0
-6,5,15,1,198,0
6,-3,52,1,198,0
3,5,58,1,198,0
2,4,73,1,198,0
4,-7,74,1,198,0
5,7,76,1,198,0
3,-4,116,1,198,0
0,-5,118,1,198,0
1,3,132,1,198,0
-2,1,158,1,198,0
-2,-2,169,1,198,0
-1,0,171,1,198,0
0,2,178,1,198,0
-5,-1,189,1,198,0
2,-1,189,1,198,0
-5,5,21,1,198,0
-3,-6,45,1,198,0
-5,-2,48,1,198,0
3,6,51,1,198,0
7,-7,55,1,198,0
4,7,67,1,198,0
2,5,78,1,198,0
3,-5,91,1,198,0
5,-1,106,1,198,0
0,-6,112,1,198,0
1,4,126,1,198,0
2,-2,131,1,198,0
-2,-3,161,1,198,0
-2,2,167,1,198,0
-1,1,167,1,198,0
-3,3,175,1,198,0
0,3,187,1,198,0
-6,-6,14,1,198,0
3,7,16,1,198,0
-3,-7,22,1,198,0
-4,5,27,1,198,0
-5,-3,41,1,198,0
-2,-4,48,1,198,0
0,-7,105,1,198,0
2,6,112,1,198,0
1,5,119,1,198,0
2,-3,124,1,198,0
-1,-1,162,1,198,0
-2,3,173,1,198,0
-1,2,176,1,198,0
-3,4,183,1,198,0
0,4,194,1,198,0
-9,-6,4,1,198,0
-3,-8,6,1,198,0
-6,-7,9,1,198,0
3,8,13,1,198,0
-2,4,42,1,198,0
5,-3,58,1,198,0
3,-7,79,1,198,0
8,3,84,1,198,0
7,2,103,1,198,0
2,7,106,1,198,0
1,6,113,1,198,0
1,-1,139,1,198,0
-1,-2,154,1,198,0
-1,3,178,1,198,0
-4,-1,182,1,198,0
-3,5,189,1,198,0
0,5,197,1,198,0
2,8,6,1,198,0
8,-3,39,1,198,0
-4,-2,49,1,198,0
-1,4,49,1,198,0
-1,-3,53,1,198,0
-2,-6,59,1,198,0
6,-7,62,1,198,0
4,0,93,1,198,0
2,-5,85,1,198,0
1,7,94,1,198,0
7,3,94,1,198,0
4,-1,112,1,198,0
6,2,109,1,198,0
5,1,116,1,198,0
1,-2,133,1,198,0
-8,1,189,1,198,0
-3,6,192,1,198,0
0,6,197,1,198,0
2,9,5,1,198,0
-3,7,14,1,198,0
-5,-6,21,1,198,0
-1,-4,52,1,198,0
8,5,91,1,198,0
1,-3,93,1,198,0
6,3,93,1,198,0
5,-5,102,1,198,0
5,2,113,1,198,0
3,0,118,1,198,0
4,1,122,1,198,0
-4,-3,173,1,198,0
-7,1,198,1,198,0
-2,6,197,1,198,0
-6,0,197,1,198,0
-5,-7,8,1,199,0
-8,-6,9,1,199,0
-3,8,9,1,199,0
-2,7,18,1,199,0
5,3,51,1,199,0
-7,-3,29,1,199,0
-1,6,31,1,199,0
4,-3,64,1,199,0
-1,-5,66,1,199,0
2,-7,87,1,199,0
1,-4,97,1,199,0
7,5,98,1,199,0
3,1,129,1,199,0
0,-1,155,1,199,0
-3,-1,175,1,199,0
-6,1,199,1,199,0
-4,-4,181,1,199,0
2,0,188,1,199,0
-3,9,3,1,199,0
-7,-4,28,1,199,0
7,-3,46,1,199,0
-1,-6,61,1,199,0
5,-7,68,1,199,0
1,-5,79,1,199,0
8,7,95,1,199,0
6,5,106,1,199,0
4,-4,112,1,199,0
5,4,115,1,199,0
4,3,123,1,199,0
0,-2,137,1,199,0
2,1,139,1,199,0
1,0,183,1,199,0
-4,-5,188,1,199,0
-4,0,192,1,199,0
3,2,195,1,199,0
-6,-1,196,1,199,0
-5,1,198,1,199,0
3,-1,197,1,199,0
-8,5,2,1,199,0
-7,-5,21,1,199,0
8,-7,48,1,199,0
1,-6,93,1,199,0
7,7,102,1,199,0
4,-5,108,1,199,0
6,6,111,1,199,0
5,5,119,1,199,0
0,-3,129,1,199,0
4,4,129,1,199,0
1,1,157,1,199,0
-3,-3,169,1,199,0
0,0,176,1,199,0
-3,0,187,1,199,0
2,2,192,1,199,0
-4,1,194,1,199,0
-4,-6,194,1,199,0
3,3,198,1,199,0
-7,5,9,1,199,0
-7,-6,14,1,199,0
-6,-3,38,1,199,0
-3,-4,42,1,199,0
1,-7,91,1,199,0
6,7,106,1,199,0
5,6,114,1,199,0
3,-3,121,1,199,0
4,5,123,1,199,0
0,-4,124,1,199,0
3,4,131,1,199,0
2,3,139,1,199,0
-3,1,162,1,199,0
-2,-1,174,1,199,0
0,1,175,1,199,0
-2,0,179,1,199,0
1,2,186,1,199,0
-4,-7,198,1,199,0
1,-8,3,1,199,0
-4,-8,5,1,199,0
-6,5,15,1,199,0
6,-3,52,1,199,0
3,5,58,1,199,0
2,4,73,1,199,0
4,-7,74,1,199,0
5,7,76,1,199,0
3,-4,116,1,199,0
0,-5,118,1,199,0
1,3,132,1,199,0
-2,1,158,1,199,0
-2,-2,169,1,199,0
-1,0,171,1,199,0
0,2,178,1,199,0
-5,-1,189,1,199,0
2,-1,189,1,199,0
-5,5,21,1,199,0
-3,-6,45,1,199,0
-5,-2,48,1,199,0
3,6,51,1,199,0
7,-7,55,1,199,0
4,7,67,1,199,0
2,5,78,1,199,0
3,-5,91,1,199,0
5,-1,106,1,199,0
0,-6,112,1,199,0
1,4,126,1,199,0
2,-2,131,1,199,0
-2,-3,161,1,199,0
-2,2,167,1,199,0
-1,1,167,1,199,0
-3,3,175,1,199,0
0,3,187,1,199,0
-6,-6,14,1,199,0
3,7,16,1,199,0
-3,-7,22,1,199,0
-4,5,27,1,199,0
-5,-3,41,1,199,0
-2,-4,48,1,199,0
0,-7,105,1,199,0
2,6,112,1,199,0
1,5,119,1,199,0
2,-3,124,1,199,0
-1,-1,162,1,199,0
-2,3,173,1,199,0
-1,2,176,1,199,0
-3,4,183,1,199,0
0,4,194,1,199,0
-9,-6,4,1,199,0
-3,-8,6,1,199,0
-6,-7,9,1,199,0
3,8,13,1,199,0
-2,4,42,1,199,0
5,-3,58,1,199,0
3,-7,79,1,199,0
8,3,84,1,199,0
7,2,103,1,199,0
2,7,106,1,199,0
1,6,113,1,199,0
1,-1,139,1,199,0
-1,-2,154,1,199,0
-1,3,178,1,199,0
-4,-1,182,1,199,0
-3,5,189,1,199,0
0,5,198,1,199,0
2,8,6,1,199,0
8,-3,39,1,199,0
-4,-2,49,1,199,0
-1,4,49,1,199,0
-1,-3,53,1,199,0
-2,-6,59,1,199,0
6,-7,62,1,199,0
4,0,93,1,199,0
2,-5,85,1,199,0
1,7,94,1,199,0
7,3,94,1,199,0
4,-1,112,1,199,0
6,2,109,1,199,0
5,1,116,1,199,0
1,-2,133,1,199,0
-8,1,189,1,199,0
-3,6,192,1,199,0
0,6,198,1,199,0
2,9,5,1,199,0
-3,7,14,1,199,0
-5,-6,21,1,199,0
-1,-4,52,1,199,0
8,5,91,1,199,0
1,-3,93,1,199,0
6,3,93,1,199,0
5,-5,102,1,199,0
5,2,113,1,199,0
3,0,118,1,199,0
4,1,122,1,199,0
-4,-3,173,1,199,0
-7,1,198,1,199,0
-2,6,198,1,199,0
-6,0,198,1,199,0
-5,-7,8,1,200,0
-8,-6,9,1,200,0
-3,8,9,1,200,0
-2,7,18,1,200,0
5,3,51,1,200,0
-7,-3,29,1,200,0
-1,6,31,1,200,0
4,-3,64,1,200,0
-1,-5,66,1,200,0
2,-7,87,1,200,0
1,-4,97,1,200,0
7,5,98,1,200,0
3,1,129,1,200,0
0,-1,155,1,200,0
-3,-1,175,1,200,0
-6,1,199,1,200,0
-4,-4,181,1,200,0
2,0,188,1,200,0
-3,9,3,1,200,0
-7,-4,28,1,200,0
7,-3,46,1,200,0
-1,-6,61,1,200,0
5,-7,68,1,200,0
1,-5,79,1,200,0
8,7,95,1,200,0
6,5,106,1,200,0
4,-4,112,1,200,0
5,4,115,1,200,0
4,3,123,1,200,0
0,-2,137,1,200,0
2,1,139,1,200,0
1,0,183,1,200,0
-4,-5,188,1,200,0
-4,0,192,1,200,0
3,2,195,1,200,0
-6,-1,196,1,200,0
-5,1,199,1,200,0
3,-1,198,1,200,0
-8,5,2,1,200,0
-7,-5,21,1,200,0
8,-7,48,1,200,0
1,-6,93,1,200,0
7,7,102,1,200,0
4,-5,108,1,200,0
6,6,111,1,200,0
5,5,119,1,200,0
0,-3,129,1,200,0
4,4,129,1,200,0
1,1,157,1,200,0
-3,-3,169,1,200,0
0,0,176,1,200,0
-3,0,187,1,200,0
2,2,192,1,200,0
-4,1,194,1,200,0
-4,-6,194,1,200,0
3,3,199,1,200,0
-7,5,9,1,200,0
-7,-6,14,1,200,0
-6,-3,38,1,200,0
-3,-4,42,1,200,0
1,-7,91,1,200,0
6,7,106,1,200,0
5,6,114,1,200,0
3,-3,121,1,200,0
4,5,123,1,200,0
0,-4,124,1,200,0
3,4,131,1,200,0
2,3,139,1,200,0
-3,1,162,1,200,0
-2,-1,174,1,200,0
0,1,175,1,200,0
-2,0,179,1,200,0
1,2,186,1,200,0
-4,-7,199,1,200,0
1,-8,3,1,200,0
-4,-8,5,1,200,0
-6,5,15,1,200,0
6,-3,52,1,200,0
3,5,58,1,200,0
2,4,73,1,200,0
4,-7,74,1,200,0
5,7,76,1,200,0
3,-4,116,1,200,0
0,-5,118,1,200,0
1,3,132,1,200,0
-2,1,158,1,200,0
-2,-2,169,1,200,0
-1,0,171,1,200,0
0,2,178,1,200,0
-5,-1,189,1,200,0
2,-1,189,1,200,0
-5,5,21,1,200,0
-3,-6,45,1,200,0
-5,-2,48,1,200,0
3,6,51,1,200,0
7,-7,55,1,200,0
4,7,67,1,200,0
2,5,78,1,200,0
3,-5,91,1,200,0
5,-1,106,1,200,0
0,-6,112,1,200,0
1,4,126,1,200,0
2,-2,131,1,200,0
-2,-3,161,1,200,0
-2,2,167,1,200,0
-1,1,167,1,200,0
-3,3,175,1,200,0
0,3,187,1,200,0
-6,-6,14,1,200,0
3,7,16,1,200,0
-3,-7,22,1,200,0
-4,5,27,1,200,0
-5,-3,41,1,200,0
-2,-4,48,1,200,0
0,-7,105,1,200,0
2,6,112,1,200,0
1,5,119,1,200,0
2,-3,124,1,200,0
-1,-1,162,1,200,0
-2,3,173,1,200,0
-1,2,176,1,200,0
-3,4,183,1,200,0
0,4,194,1,200,0
-9,-6,4,1,200,0
-3,-8,6,1,200,0
-6,-7,9,1,200,0
3,8,13,1,200,0
-2,4,42,1,200,0
5,-3,58,1,200,0
3,-7,79,1,200,0
8,3,84,1,200,0
7,2,103,1,200,0
2,7,106,1,200,0
1,6,113,1,200,0
1,-1,139,1,200,0
-1,-2,154,1,200,0
-1,3,178,1,200,0
-4,-1,182,1,200,0
-3,5,189,1,200,0
0,5,199,1,200,0
2,8,6,1,200,0
8,-3,39,1,200,0
-4,-2,49,1,200,0
-1,4,49,1,200,0
-1,-3,53,1,200,0
-2,-6,59,1,200,0
6,-7,62,1,200,0
4,0,93,1,200,0
2,-5,85,1,200,0
1,7,94,1,200,0
7,3,94,1,200,0
4,-1,112,1,200,0
6,2,109,1,200,0
5,1,116,1,200,0
1,-2,133,1,200,0
-8,1,189,1,200,0
-3,6,192,1,200,0
0,6,199,1,200,0
2,9,5,1,200,0
-3,7,14,1,200,0
-5,-6,21,1,200,0
-1,-4,52,1,200,0
8,5,91,1,200,0
1,-3,93,1,200,0
6,3,93,1,200,0
5,-5,102,1,200,0
5,2,113,1,200,0
3,0,118,1,200,0
4,1,122,1,200,0
-4,-3,173,1,200,0
-7,1,198,1,200,0
-2,6,199,1,200,0
-6,0,199,1,200,0
-5,-7,8,1,201,0
-8,-6,9,1,201,0
-3,8,9,1,201,0
-2,7,18,1,201,0
5,3,51,1,201,0
-7,-3,29,1,201,0
-1,6,31,1,201,0
4,-3,64,1,201,0
-1,-5,66,1,201,0
2,-7,87,1,201,0
1,-4,97,1,201,0
7,5,98,1,201,0
3,1,129,1,201,0
0,-1,155,1,201,0
-3,-1,175,1,201,0
-6,1,199,1,201,0
-4,-4,181,1,201,0
2,0,188,1,201,0
-3,9,3,1,201,0
-7,-4,28,1,201,0
7,-3,46,1,201,0
-1,-6,61,1,201,0
5,-7,68,1,201,0
1,-5,79,1,201,0
8,7,95,1,201,0
6,5,106,1,201,0
4,-4,112,1,201,0
5,4,115,1,201,0
4,3,123,1,201,0
0,-2,137,1,201,0
2,1,139,1,201,0
1,0,183,1,201,0
-4,-5,188,1,201,0
-4,0,192,1,201,0
3,2,195,1,201,0
-6,-1,196,1,201,0
-5,1,199,1,201,0
3,-1,198,1,201,0
-8,5,2,1,201,0
-7,-5,21,1,201,0
8,-7,48,1,201,0
1,-6,93,1,201,0
7,7,102,1,201,0
4,-5,108,1,201,0
6,6,111,1,201,0
5,5,119,1,201,0
0,-3,129,1,201,0
4,4,129,1,201,0
1,1,157,1,201,0
-3,-3,169,1,201,0
0,0,176,1,201,0
-3,0,187,1,201,0
2,2,192,1,201,0
-4,1,194,1,201,0
-4,-6,194,1,201,0
3,3,199,1,201,0
-7,5,9,1,201,0
-7,-6,14,1,201,0
-6,-3,38,1,201,0
-3,-4,42,1,201,0
1,-7,91,1,201,0
6,7,106,1,201,0
5,6,114,1,201,0
3,-3,121,1,201,0
4,5,123,1,201,0
0,-4,124,1,201,0
3,4,131,1,201,0
2,3,139,1,201,0
-3,1,162,1,201,0
-2,-1,174,1,201,0
0,1,175,1,201,0
-2,0,179,1,201,0
1,2,186,1,201,0
-4,-7,199,1,201,0
1,-8,3,1,201,0
-4,-8,5,1,201,0
-6,5,15,1,201,0
6,-3,52,1,201,0
3,5,58,1,201,0
2,4,73,1,201,0
4,-7,74,1,201,0
5,7,76,1,201,0
3,-4,116,1,201,0
0,-5,118,1,201,0
1,3,132,1,201,0
-2,1,158,1,201,0
-2,-2,169,1,201,0
-1,0,171,1,201,0
0,2,178,1,201,0
-5,-1,189,1,201,0
2,-1,189,1,201,0
-5,5,21,1,201,0
-3,-6,45,1,201,0
-5,-2,48,1,201,0
3,6,51,1,201,0
7,-7,55,1,201,0
4,7,67,1,201,0
2,5,78,1,201,0
3,-5,91,1,201,0
5,-1,106,1,201,0
0,-6,112,1,201,0
1,4,126,1,201,0
2,-2,131,1,201,0
-2,-3,161,1,201,0
-2,2,167,1,201,0
-1,1,167,1,201,0
-3,3,175,1,201,0
0,3,187,1,201,0
-6,-6,14,1,201,0
3,7,16,1,201,0
-3,-7,22,1,201,0
-4,5,27,1,201,0
-5,-3,41,1,201,0
-2,-4,48,1,201,0
0,-7,105,1,201,0
2,6,112,1,201,0
1,5,119,1,201,0
2,-3,124,1,201,0
-1,-1,162,1,201,0
-2,3,173,1,201,0
-1,2,176,1,201,0
-3,4,183,1,201,0
0,4,194,1,201,0
-9,-6,4,1,201,0
-3,-8,6,1,201,0
-6,-7,9,1,201,0
3,8,13,1,201,0
-2,4,42,1,201,0
5,-3,58,1,201,0
3,-7,79,1,201,0
8,3,84,1,201,0
7,2,103,1,201,0
2,7,106,1,201,0
1,6,113,1,201,0
1,-1,139,1,201,0
-1,-2,154,1,201,0
-1,3,178,1,201,0
-4,-1,182,1,201,0
-3,5,189,1,201,0
0,5,199,1,201,0
2,8,6,1,201,0
8,-3,39,1,201,0
-4,-2,49,1,201,0
-1,4,49,1,201,0
-1,-3,53,1,201,0
-2,-6,59,1,201,0
6,-7,62,1,201,0
4,0,93,1,201,0
2,-5,85,1,201,0
1,7,94,1,201,0
7,3,94,1,201,0
6,2,109,1,201,0
5,1,116,1,201,0
1,-2,133,1,201,0
-8,1,189,1,201,0
-3,6,192,1,201,0
0,6,199,1,201,0
4,-1,199,1,201,0
2,9,5,1,201,0
-3,7,14,1,201,0
-5,-6,21,1,201,0
-1,-4,52,1,201,0
8,5,91,1,201,0
1,-3,93,1,201,0
6,3,93,1,201,0
5,-5,102,1,201,0
5,2,113,1,201,0
3,0,118,1,201,0
4,1,122,1,201,0
-4,-3,173,1,201,0
-7,1,201,1,201,0
-2,6,199,1,201,0
-6,0,199,1,201,0
-5,-7,8,1,202,0
-8,-6,9,1,202,0
-3,8,9,1,202,0
-2,7,18,1,202,0
5,3,51,1,202,0
-7,-3,29,1,202,0
4,-3,64,1,202,0
-1,-5,66,1,202,0
2,-7,87,1,202,0
1,-4,97,1,202,0
7,5,98,1,202,0
3,1,129,1,202,0
0,-1,155,1,202,0
-3,-1,175,1,202,0
-6,1,199,1,202,0
-4,-4,181,1,202,0
2,0,188,1,202,0
-1,6,201,1,202,0
-3,9,3,1,202,0
-7,-4,28,1,202,0
7,-3,46,1,202,0
-1,-6,61,1,202,0
5,-7,68,1,202,0
1,-5,79,1,202,0
8,7,95,1,202,0
6,5,106,1,202,0
4,-4,112,1,202,0
5,4,115,1,202,0
4,3,123,1,202,0
0,-2,137,1,202,0
2,1,139,1,202,0
1,0,183,1,202,0
-4,-5,188,1,202,0
-4,0,192,1,202,0
3,2,195,1,202,0
-6,-1,196,1,202,0
3,-1,198,1,202,0
-5,1,201,1,202,0
-8,5,2,1,202,0
-7,-5,21,1,202,0
8,-7,48,1,202,0
1,-6,93,1,202,0
7,7,102,1,202,0
4,-5,108,1,202,0
6,6,111,1,202,0
5,5,119,1,202,0
0,-3,129,1,202,0
4,4,129,1,202,0
1,1,157,1,202,0
-3,-3,169,1,202,0
0,0,176,1,202,0
-3,0,187,1,202,0
2,2,192,1,202,0
-4,1,194,1,202,0
-4,-6,194,1,202,0
3,3,199,1,202,0
-7,5,9,1,202,0
-7,-6,14,1,202,0
-6,-3,38,1,202,0
-3,-4,42,1,202,0
1,-7,91,1,202,0
6,7,106,1,202,0
5,6,114,1,202,0
3,-3,121,1,202,0
4,5,123,1,202,0
0,-4,124,1,202,0
3,4,131,1,202,0
2,3,139,1,202,0
-3,1,162,1,202,0
-2,-1,174,1,202,0
0,1,175,1,202,0
-2,0,179,1,202,0
1,2,186,1,202,0
-4,-7,199,1,202,0
1,-8,3,1,202,0
-4,-8,5,1,202,0
-6,5,15,1,202,0
6,-3,52,1,202,0
3,5,58,1,202,0
2,4,73,1,202,0
4,-7,74,1,202,0
5,7,76,1,202,0
3,-4,116,1,202,0
0,-5,118,1,202,0
1,3,132,1,202,0
-2,1,158,1,202,0
-2,-2,169,1,202,0
-1,0,171,1,202,0
0,2,178,1,202,0
-5,-1,189,1,202,0
2,-1,189,1,202,0
-5,5,21,1,202,0
-3,-6,45,1,202,0
-5,-2,48,1,202,0
3,6,51,1,202,0
7,-7,55,1,202,0
4,7,67,1,202,0
2,5,78,1,202,0
3,-5,91,1,202,0
5,-1,106,1,202,0
0,-6,112,1,202,0
1,4,126,1,202,0
2,-2,131,1,202,0
-2,-3,161,1,202,0
-2,2,167,1,202,0
-1,1,167,1,202,0
-3,3,175,1,202,0
0,3,187,1,202,0
-6,-6,14,1,202,0
3,7,16,1,202,0
-4,5,27,1,202,0
-5,-3,41,1,202,0
-2,-4,48,1,202,0
0,-7,105,1,202,0
2,6,112,1,202,0
1,5,119,1,202,0
2,-3,124,1,202,0
-1,-1,162,1,202,0
-2,3,173,1,202,0
-1,2,176,1,202,0
-3,4,183,1,202,0
0,4,194,1,202,0
-3,-7,201,1,202,0
-9,-6,4,1,202,0
-3,-8,6,1,202,0
-6,-7,9,1,202,0
3,8,13,1,202,0
-2,4,42,1,202,0
5,-3,58,1,202,0
3,-7,79,1,202,0
8,3,84,1,202,0
7,2,103,1,202,0
2,7,106,1,202,0
1,6,113,1,202,0
1,-1,139,1,202,0
-1,-2,154,1,202,0
-1,3,178,1,202,0
-4,-1,182,1,202,0
-3,5,189,1,202,0
0,5,201,1,202,0
2,8,6,1,202,0
8,-3,39,1,202,0
-4,-2,49,1,202,0
-1,4,49,1,202,0
-1,-3,53,1,202,0
-2,-6,59,1,202,0
6,-7,62,1,202,0
4,0,93,1,202,0
2,-5,85,1,202,0
1,7,94,1,202,0
7,3,94,1,202,0
6,2,109,1,202,0
5,1,116,1,202,0
1,-2,133,1,202,0
-8,1,189,1,202,0
-3,6,192,1,202,0
4,-1,199,1,202,0
-7,-1,201,1,202,0
0,6,201,1,202,0
2,9,5,1,202,0
-3,7,14,1,202,0
-5,-6,21,1,202,0
-1,-4,52,1,202,0
8,5,91,1,202,0
1,-3,93,1,202,0
6,3,93,1,202,0
5,-5,102,1,202,0
5,2,113,1,202,0
3,0,118,1,202,0
4,1,122,1,202,0
-4,-3,173,1,202,0
-7,1,202,1,202,0
-2,6,199,1,202,0
-6,0,199,1,202,0
-5,-7,8,1,203,0
-8,-6,9,1,203,0
-3,8,9,1,203,0
-2,7,18,1,203,0
5,3,51,1,203,0
-7,-3,29,1,203,0
4,-3,64,1,203,0
-1,-5,66,1,203,0
2,-7,87,1,203,0
1,-4,97,1,203,0
7,5,98,1,203,0
3,1,129,1,203,0
0,-1,155,1,203,0
-3,-1,175,1,203,0
-6,1,199,1,203,0
-4,-4,181,1,203,0
2,0,188,1,203,0
-1,6,202,1,203,0
-3,9,3,1,203,0
-7,-4,28,1,203,0
7,-3,46,1,203,0
-1,-6,61,1,203,0
5,-7,68,1,203,0
1,-5,79,1,203,0
8,7,95,1,203,0
6,5,106,1,203,0
4,-4,112,1,203,0
5,4,115,1,203,0
0,-2,137,1,203,0
2,1,139,1,203,0
1,0,183,1,203,0
-4,-5,188,1,203,0
-4,0,192,1,203,0
3,2,195,1,203,0
-6,-1,196,1,203,0
3,-1,198,1,203,0
-5,1,201,1,203,0
4,3,201,1,203,0
-8,5,2,1,203,0
-7,-5,21,1,203,0
8,-7,48,1,203,0
1,-6,93,1,203,0
7,7,102,1,203,0
4,-5,108,1,203,0
6,6,111,1,203,0
5,5,119,1,203,0
0,-3,129,1,203,0
4,4,129,1,203,0
1,1,157,1,203,0
-3,-3,169,1,203,0
0,0,176,1,203,0
-3,0,187,1,203,0
2,2,192,1,203,0
-4,1,194,1,203,0
-4,-6,194,1,203,0
3,3,199,1,203,0
-5,2,202,1,203,0
-7,5,9,1,203,0
-7,-6,14,1,203,0
-6,-3,38,1,203,0
-3,-4,42,1,203,0
1,-7,91,1,203,0
6,7,106,1,203,0
5,6,114,1,203,0
3,-3,121,1,203,0
4,5,123,1,203,0
0,-4,124,1,203,0
3,4,131,1,203,0
2,3,139,1,203,0
-3,1,162,1,203,0
-2,-1,174,1,203,0
0,1,175,1,203,0
-2,0,179,1,203,0
1,2,186,1,203,0
-4,-7,199,1,203,0
1,-8,3,1,203,0
-4,-8,5,1,203,0
-6,5,15,1,203,0
6,-3,52,1,203,0
3,5,58,1,203,0
2,4,73,1,203,0
4,-7,74,1,203,0
5,7,76,1,203,0
3,-4,116,1,203,0
0,-5,118,1,203,0
1,3,132,1,203,0
-2,1,158,1,203,0
-2,-2,169,1,203,0
-1,0,171,1,203,0
0,2,178,1,203,0
-5,-1,189,1,203,0
2,-1,189,1,203,0
-5,5,21,1,203,0
-3,-6,45,1,203,0
-5,-2,48,1,203,0
3,6,51,1,203,0
7,-7,55,1,203,0
4,7,67,1,203,0
2,5,78,1,203,0
3,-5,91,1,203,0
5,-1,106,1,203,0
0,-6,112,1,203,0
1,4,126,1,203,0
2,-2,131,1,203,0
-2,-3,161,1,203,0
-2,2,167,1,203,0
-1,1,167,1,203,0
-3,3,175,1,203,0
0,3,187,1,203,0
-6,-6,14,1,203,0
3,7,16,1,203,0
-4,5,27,1,203,0
-5,-3,41,1,203,0
-2,-4,48,1,203,0
0,-7,105,1,203,0
2,6,112,1,203,0
1,5,119,1,203,0
2,-3,124,1,203,0
-1,-1,162,1,203,0
-2,3,173,1,203,0
-1,2,176,1,203,0
-3,4,183,1,203,0
0,4,194,1,203,0
-3,-7,201,1,203,0
-9,-6,4,1,203,0
-6,-7,9,1,203,0
3,8,13,1,203,0
-2,4,42,1,203,0
5,-3,58,1,203,0
3,-7,79,1,203,0
8,3,84,1,203,0
7,2,103,1,203,0
2,7,106,1,203,0
1,6,113,1,203,0
1,-1,139,1,203,0
-1,-2,154,1,203,0
-1,3,178,1,203,0
-4,-1,182,1,203,0
-3,5,189,1,203,0
-3,-8,202,1,203,0
0,5,202,1,203,0
2,8,6,1,203,0
8,-3,39,1,203,0
-4,-2,49,1,203,0
-1,4,49,1,203,0
-1,-3,53,1,203,0
-2,-6,59,1,203,0
6,-7,62,1,203,0
4,0,93,1,203,0
2,-5,85,1,203,0
1,7,94,1,203,0
7,3,94,1,203,0
6,2,109,1,203,0
5,1,116,1,203,0
1,-2,133,1,203,0
-8,1,189,1,203,0
-3,6,192,1,203,0
4,-1,199,1,203,0
-7,-1,202,1,203,0
0,6,202,1,203,0
2,9,5,1,203,0
-3,7,14,1,203,0
-5,-6,21,1,203,0
-1,-4,52,1,203,0
8,5,91,1,203,0
1,-3,93,1,203,0
6,3,93,1,203,0
5,-5,102,1,203,0
5,2,113,1,203,0
3,0,118,1,203,0
4,1,122,1,203,0
-4,-3,173,1,203,0
-7,1,203,1,203,0
-2,6,199,1,203,0
-6,0,199,1,203,0
4,-2,201,1,203,0
-5,-7,8,1,204,0
-8,-6,9,1,204,0
-3,8,9,1,204,0
-2,7,18,1,204,0
5,3,51,1,204,0
-7,-3,29,1,204,0
4,-3,64,1,204,0
-1,-5,66,1,204,0
2,-7,87,1,204,0
1,-4,97,1,204,0
7,5,98,1,204,0
3,1,129,1,204,0
0,-1,155,1,204,0
-3,-1,175,1,204,0
-6,1,199,1,204,0
-4,-4,181,1,204,0
2,0,188,1,204,0
-1,6,203,1,204,0
-7,2,204,1,204,0
-3,9,3,1,204,0
-7,-4,28,1,204,0
7,-3,46,1,204,0
-1,-6,61,1,204,0
5,-7,68,1,204,0
1,-5,79,1,204,0
8,7,95,1,204,0
6,5,106,1,204,0
4,-4,112,1,204,0
5,4,115,1,204,0
0,-2,137,1,204,0
2,1,139,1,204,0
1,0,183,1,204,0
-4,-5,188,1,204,0
-4,0,192,1,204,0
3,2,195,1,204,0
-6,-1,196,1,204,0
3,-1,198,1,204,0
-5,1,201,1,204,0
4,3,203,1,204,0
-8,5,2,1,204,0
-7,-5,21,1,204,0
8,-7,48,1,204,0
1,-6,93,1,204,0
7,7,102,1,204,0
4,-5,108,1,204,0
6,6,111,1,204,0
5,5,119,1,204,0
0,-3,129,1,204,0
4,4,129,1,204,0
1,1,157,1,204,0
-3,-3,169,1,204,0
0,0,176,1,204,0
-3,0,187,1,204,0
2,2,192,1,204,0
-4,1,194,1,204,0
-4,-6,194,1,204,0
3,3,199,1,204,0
-5,2,203,1,204,0
-7,5,9,1,204,0
-7,-6,14,1,204,0
-6,-3,38,1,204,0
-3,-4,42,1,204,0
1,-7,91,1,204,0
6,7,106,1,204,0
5,6,114,1,204,0
3,-3,121,1,204,0
4,5,123,1,204,0
0,-4,124,1,204,0
3,4,131,1,204,0
2,3,139,1,204,0
-3,1,162,1,204,0
-2,-1,174,1,204,0
0,1,175,1,204,0
-2,0,179,1,204,0
1,2,186,1,204,0
-4,-7,199,1,204,0
1,-8,3,1,204,0
-4,-8,5,1,204,0
-6,5,15,1,204,0
6,-3,52,1,204,0
3,5,58,1,204,0
2,4,73,1,204,0
4,-7,74,1,204,0
5,7,76,1,204,0
3,-4,116,1,204,0
0,-5,118,1,204,0
1,3,132,1,204,0
-2,1,158,1,204,0
-2,-2,169,1,204,0
-1,0,171,1,204,0
0,2,178,1,204,0
-5,-1,189,1,204,0
2,-1,189,1,204,0
-5,5,21,1,204,0
-3,-6,45,1,204,0
-5,-2,48,1,204,0
3,6,51,1,204,0
7,-7,55,1,204,0
4,7,67,1,204,0
2,5,78,1,204,0
3,-5,91,1,204,0
5,-1,106,1,204,0
0,-6,112,1,204,0
1,4,126,1,204,0
2,-2,131,1,204,0
-2,-3,161,1,204,0
-2,2,167,1,204,0
-1,1,167,1,204,0
-3,3,175,1,204,0
0,3,187,1,204,0
-6,-6,14,1,204,0
3,7,16,1,204,0
-4,5,27,1,204,0
-5,-3,41,1,204,0
-2,-4,48,1,204,0
0,-7,105,1,204,0
2,6,112,1,204,0
1,5,119,1,204,0
2,-3,124,1,204,0
-1,-1,162,1,204,0
-2,3,173,1,204,0
-1,2,176,1,204,0
-3,4,183,1,204,0
0,4,194,1,204,0
-3,-7,201,1,204,0
-9,-6,4,1,204,0
-6,-7,9,1,204,0
3,8,13,1,204,0
-2,4,42,1,204,0
5,-3,58,1,204,0
3,-7,79,1,204,0
8,3,84,1,204,0
7,2,103,1,204,0
2,7,106,1,204,0
1,6,113,1,204,0
1,-1,139,1,204,0
-1,-2,154,1,204,0
-1,3,178,1,204,0
-4,-1,182,1,204,0
-3,5,189,1,204,0
-3,-8,203,1,204,0
0,5,203,1,204,0
2,8,6,1,204,0
8,-3,39,1,204,0
-4,-2,49,1,204,0
-1,4,49,1,204,0
-1,-3,53,1,204,0
-2,-6,59,1,204,0
6,-7,62,1,204,0
4,0,93,1,204,0
2,-5,85,1,204,0
1,7,94,1,204,0
7,3,94,1,204,0
6,2,109,1,204,0
5,1,116,1,204,0
1,-2,133,1,204,0
-8,1,189,1,204,0
-3,6,192,1,204,0
4,-1,199,1,204,0
0,6,202,1,204,0
-7,-1,203,1,204,0
2,9,5,1,204,0
-3,7,14,1,204,0
-5,-6,21,1,204,0
-1,-4,52,1,204,0
8,5,91,1,204,0
1,-3,93,1,204,0
6,3,93,1,204,0
5,-5,102,1,204,0
5,2,113,1,204,0
3,0,118,1,204,0
4,1,122,1,204,0
-4,-3,173,1,204,0
-7,1,203,1,204,0
-2,6,199,1,204,0
-6,0,199,1,204,0
4,-2,202,1,204,0
-5,-7,8,1,205,0
-8,-6,9,1,205,0
-3,8,9,1,205,0
-2,7,18,1,205,0
5,3,51,1,205,0
-7,-3,29,1,205,0
4,-3,64,1,205,0
-1,-5,66,1,205,0
2,-7,87,1,205,0
1,-4,97,1,205,0
7,5,98,1,205,0
3,1,129,1,205,0
0,-1,155,1,205,0
-3,-1,175,1,205,0
-6,1,199,1,205,0
-4,-4,181,1,205,0
2,0,188,1,205,0
-7,2,205,1,205,0
-1,6,204,1,205,0
-3,9,3,1,205,0
-7,-4,28,1,205,0
7,-3,46,1,205,0
-1,-6,61,1,205,0
5,-7,68,1,205,0
1,-5,79,1,205,0
8,7,95,1,205,0
6,5,106,1,205,0
4,-4,112,1,205,0
5,4,115,1,205,0
0,-2,137,1,205,0
2,1,139,1,205,0
1,0,183,1,205,0
-4,-5,188,1,205,0
-4,0,192,1,205,0
3,2,195,1,205,0
-6,-1,196,1,205,0
3,-1,198,1,205,0
-5,1,201,1,205,0
-1,7,204,1,205,0
4,3,204,1,205,0
-8,5,2,1,205,0
-7,-5,21,1,205,0
8,-7,48,1,205,0
1,-6,93,1,205,0
7,7,102,1,205,0
4,-5,108,1,205,0
6,6,111,1,205,0
5,5,119,1,205,0
0,-3,129,1,205,0
4,4,129,1,205,0
1,1,157,1,205,0
-3,-3,169,1,205,0
0,0,176,1,205,0
-3,0,187,1,205,0
2,2,192,1,205,0
-4,1,194,1,205,0
-4,-6,194,1,205,0
3,3,199,1,205,0
-5,2,204,1,205,0
-7,5,9,1,205,0
-7,-6,14,1,205,0
-6,-3,38,1,205,0
-3,-4,42,1,205,0
1,-7,91,1,205,0
6,7,106,1,205,0
5,6,114,1,205,0
3,-3,121,1,205,0
4,5,123,1,205,0
0,-4,124,1,205,0
3,4,131,1,205,0
2,3,139,1,205,0
-3,1,162,1,205,0
-2,-1,174,1,205,0
0,1,175,1,205,0
-2,0,179,1,205,0
1,2,186,1,205,0
-4,-7,199,1,205,0
1,-8,3,1,205,0
-4,-8,5,1,205,0
-6,5,15,1,205,0
6,-3,52,1,205,0
3,5,58,1,205,0
2,4,73,1,205,0
4,-7,74,1,205,0
5,7,76,1,205,0
3,-4,116,1,205,0
0,-5,118,1,205,0
1,3,132,1,205,0
-2,1,158,1,205,0
-2,-2,169,1,205,0
-1,0,171,1,205,0
0,2,178,1,205,0
-5,-1,189,1,205,0
2,-1,189,1,205,0
-5,5,21,1,205,0
-3,-6,45,1,205,0
-5,-2,48,1,205,0
3,6,51,1,205,0
7,-7,55,1,205,0
4,7,67,1,205,0
2,5,78,1,205,0
3,-5,91,1,205,0
5,-1,106,1,205,0
0,-6,112,1,205,0
1,4,126,1,205,0
2,-2,131,1,205,0
-2,-3,161,1,205,0
-2,2,167,1,205,0
-1,1,167,1,205,0
-3,3,175,1,205,0
0,3,187,1,205,0
-6,-6,14,1,205,0
3,7,16,1,205,0
-4,5,27,1,205,0
-5,-3,41,1,205,0
-2,-4,48,1,205,0
0,-7,105,1,205,0
2,6,112,1,205,0
1,5,119,1,205,0
2,-3,124,1,205,0
-1,-1,162,1,205,0
-2,3,173,1,205,0
-1,2,176,1,205,0
-3,4,183,1,205,0
0,4,194,1,205,0
-3,-7,201,1,205,0
-9,-6,4,1,205,0
-6,-7,9,1,205,0
3,8,13,1,205,0
-2,4,42,1,205,0
5,-3,58,1,205,0
3,-7,79,1,205,0
8,3,84,1,205,0
7,2,103,1,205,0
2,7,106,1,205,0
1,6,113,1,205,0
1,-1,139,1,205,0
-1,-2,154,1,205,0
-1,3,178,1,205,0
-4,-1,182,1,205,0
-3,5,189,1,205,0
-3,-8,204,1,205,0
0,5,204,1,205,0
2,8,6,1,205,0
8,-3,39,1,205,0
-4,-2,49,1,205,0
-1,4,49,1,205,0
-1,-3,53,1,205,0
-2,-6,59,1,205,0
6,-7,62,1,205,0
4,0,93,1,205,0
2,-5,85,1,205,0
1,7,94,1,205,0
7,3,94,1,205,0
6,2,109,1,205,0
5,1,116,1,205,0
1,-2,133,1,205,0
-8,1,189,1,205,0
-3,6,192,1,205,0
4,-1,199,1,205,0
0,6,202,1,205,0
-7,-1,204,1,205,0
2,9,5,1,205,0
-3,7,14,1,205,0
-5,-6,21,1,205,0
-1,-4,52,1,205,0
8,5,91,1,205,0
1,-3,93,1,205,0
6,3,93,1,205,0
5,-5,102,1,205,0
5,2,113,1,205,0
3,0,118,1,205,0
4,1,122,1,205,0
-4,-3,173,1,205,0
-7,1,203,1,205,0
-2,6,199,1,205,0
-6,0,199,1,205,0
4,-2,203,1,205,0
-5,-7,8,1,206,0
-8,-6,9,1,206,0
-3,8,9,1,206,0
-2,7,18,1,206,0
5,3,51,1,206,0
-7,-3,29,1,206,0
4,-3,64,1,206,0
-1,-5,66,1,206,0
2,-7,87,1,206,0
1,-4,97,1,206,0
7,5,98,1,206,0
3,1,129,1,206,0
0,-1,155,1,206,0
-3,-1,175,1,206,0
-6,1,199,1,206,0
-4,-4,181,1,206,0
2,0,188,1,206,0
-7,2,206,1,206,0
-1,6,204,1,206,0
-3,9,3,1,206,0
-7,-4,28,1,206,0
7,-3,46,1,206,0
-1,-6,61,1,206,0
5,-7,68,1,206,0
1,-5,79,1,206,0
8,7,95,1,206,0
6,5,106,1,206,0
4,-4,112,1,206,0
5,4,115,1,206,0
0,-2,137,1,206,0
2,1,139,1,206,0
1,0,183,1,206,0
-4,-5,188,1,206,0
-4,0,192,1,206,0
3,2,195,1,206,0
-6,-1,196,1,206,0
3,-1,198,1,206,0
-5,1,201,1,206,0
-1,7,205,1,206,0
4,3,205,1,206,0
-8,5,2,1,206,0
-7,-5,21,1,206,0
8,-7,48,1,206,0
1,-6,93,1,206,0
7,7,102,1,206,0
4,-5,108,1,206,0
6,6,111,1,206,0
5,5,119,1,206,0
0,-3,129,1,206,0
4,4,129,1,206,0
1,1,157,1,206,0
-3,-3,169,1,206,0
0,0,176,1,206,0
-3,0,187,1,206,0
2,2,192,1,206,0
-4,1,194,1,206,0
-4,-6,194,1,206,0
3,3,199,1,206,0
-5,2,205,1,206,0
-7,5,9,1,206,0
-7,-6,14,1,206,0
-6,-3,38,1,206,0
-3,-4,42,1,206,0
1,-7,91,1,206,0
6,7,106,1,206,0
5,6,114,1,206,0
3,-3,121,1,206,0
4,5,123,1,206,0
0,-4,124,1,206,0
3,4,131,1,206,0
2,3,139,1,206,0
-3,1,162,1,206,0
-2,-1,174,1,206,0
0,1,175,1,206,0
-2,0,179,1,206,0
1,2,186,1,206,0
-4,-7,199,1,206,0
1,-8,3,1,206,0
-4,-8,5,1,206,0
-6,5,15,1,206,0
6,-3,52,1,206,0
3,5,58,1,206,0
2,4,73,1,206,0
4,-7,74,1,206,0
5,7,76,1,206,0
3,-4,116,1,206,0
0,-5,118,1,206,0
1,3,132,1,206,0
-2,1,158,1,206,0
-2,-2,169,1,206,0
-1,0,171,1,206,0
0,2,178,1,206,0
-5,-1,189,1,206,0
2,-1,189,1,206,0
-5,5,21,1,206,0
-3,-6,45,1,206,0
-5,-2,48,1,206,0
3,6,51,1,206,0
7,-7,55,1,206,0
4,7,67,1,206,0
2,5,78,1,206,0
3,-5,91,1,206,0
5,-1,106,1,206,0
0,-6,112,1,206,0
1,4,126,1,206,0
2,-2,131,1,206,0
-2,-3,161,1,206,0
-2,2,167,1,206,0
-1,1,167,1,206,0
-3,3,175,1,206,0
0,3,187,1,206,0
-6,-6,14,1,206,0
3,7,16,1,206,0
-4,5,27,1,206,0
-5,-3,41,1,206,0
-2,-4,48,1,206,0
0,-7,105,1,206,0
2,6,112,1,206,0
1,5,119,1,206,0
2,-3,124,1,206,0
-1,-1,162,1,206,0
-2,3,173,1,206,0
-1,2,176,1,206,0
-3,4,183,1,206,0
0,4,194,1,206,0
-3,-7,201,1,206,0
-9,-6,4,1,206,0
-6,-7,9,1,206,0
3,8,13,1,206,0
-2,4,42,1,206,0
5,-3,58,1,206,0
3,-7,79,1,206,0
8,3,84,1,206,0
7,2,103,1,206,0
2,7,106,1,206,0
1,6,113,1,206,0
1,-1,139,1,206,0
-1,-2,154,1,206,0
-1,3,178,1,206,0
-4,-1,182,1,206,0
-3,5,189,1,206,0
-3,-8,205,1,206,0
0,5,205,1,206,0
2,8,6,1,206,0
8,-3,39,1,206,0
-4,-2,49,1,206,0
-1,4,49,1,206,0
-1,-3,53,1,206,0
-2,-6,59,1,206,0
6,-7,62,1,206,0
4,0,93,1,206,0
2,-5,85,1,206,0
1,7,94,1,206,0
7,3,94,1,206,0
6,2,109,1,206,0
5,1,116,1,206,0
1,-2,133,1,206,0
-8,1,189,1,206,0
-3,6,192,1,206,0
4,-1,199,1,206,0
0,6,202,1,206,0
-7,-1,205,1,206,0
2,9,5,1,206,0
-3,7,14,1,206,0
-5,-6,21,1,206,0
-1,-4,52,1,206,0
8,5,91,1,206,0
1,-3,93,1,206,0
6,3,93,1,206,0
5,-5,102,1,206,0
5,2,113,1,206,0
3,0,118,1,206,0
4,1,122,1,206,0
-4,-3,173,1,206,0
-7,1,203,1,206,0
-2,6,199,1,206,0
-6,0,199,1,206,0
4,-2,204,1,206,0
-5,-7,8,1,207,0
-8,-6,9,1,207,0
-3,8,9,1,207,0
5,3,51,1,207,0
-7,-3,29,1,207,0
4,-3,64,1,207,0
-1,-5,66,1,207,0
2,-7,87,1,207,0
1,-4,97,1,207,0
7,5,98,1,207,0
3,1,129,1,207,0
0,-1,155,1,207,0
-3,-1,175,1,207,0
-6,1,199,1,207,0
-4,-4,181,1,207,0
2,0,188,1,207,0
-7,2,207,1,207,0
-1,6,204,1,207,0
-2,7,206,1,207,0
-3,9,3,1,207,0
-7,-4,28,1,207,0
7,-3,46,1,207,0
-1,-6,61,1,207,0
5,-7,68,1,207,0
1,-5,79,1,207,0
8,7,95,1,207,0
6,5,106,1,207,0
4,-4,112,1,207,0
5,4,115,1,207,0
0,-2,137,1,207,0
2,1,139,1,207,0
1,0,183,1,207,0
-4,-5,188,1,207,0
-4,0,192,1,207,0
3,2,195,1,207,0
-6,-1,196,1,207,0
3,-1,198,1,207,0
-5,1,201,1,207,0
-1,7,206,1,207,0
4,3,206,1,207,0
-8,5,2,1,207,0
-7,-5,21,1,207,0
8,-7,48,1,207,0
1,-6,93,1,207,0
7,7,102,1,207,0
4,-5,108,1,207,0
6,6,111,1,207,0
5,5,119,1,207,0
0,-3,129,1,207,0
4,4,129,1,207,0
1,1,157,1,207,0
-3,-3,169,1,207,0
0,0,176,1,207,0
-3,0,187,1,207,0
2,2,192,1,207,0
-4,1,194,1,207,0
-4,-6,194,1,207,0
3,3,199,1,207,0
-5,2,205,1,207,0
-7,5,9,1,207,0
-7,-6,14,1,207,0
-6,-3,38,1,207,0
-3,-4,42,1,207,0
1,-7,91,1,207,0
6,7,106,1,207,0
5,6,114,1,207,0
3,-3,121,1,207,0
4,5,123,1,207,0
0,-4,124,1,207,0
3,4,131,1,207,0
2,3,139,1,207,0
-3,1,162,1,207,0
-2,-1,174,1,207,0
0,1,175,1,207,0
-2,0,179,1,207,0
1,2,186,1,207,0
-4,-7,199,1,207,0
-4,2,206,1,207,0
1,-8,3,1,207,0
-4,-8,5,1,207,0
-6,5,15,1,207,0
6,-3,52,1,207,0
3,5,58,1,207,0
2,4,73,1,207,0
4,-7,74,1,207,0
5,7,76,1,207,0
3,-4,116,1,207,0
0,-5,118,1,207,0
1,3,132,1,207,0
-2,1,158,1,207,0
-2,-2,169,1,207,0
-1,0,171,1,207,0
0,2,178,1,207,0
-5,-1,189,1,207,0
2,-1,189,1,207,0
-5,5,21,1,207,0
-3,-6,45,1,207,0
-5,-2,48,1,207,0
3,6,51,1,207,0
7,-7,55,1,207,0
4,7,67,1,207,0
2,5,78,1,207,0
3,-5,91,1,207,0
5,-1,106,1,207,0
0,-6,112,1,207,0
1,4,126,1,207,0
2,-2,131,1,207,0
-2,-3,161,1,207,0
-2,2,167,1,207,0
-1,1,167,1,207,0
-3,3,175,1,207,0
0,3,187,1,207,0
-6,-6,14,1,207,0
3,7,16,1,207,0
-4,5,27,1,207,0
-5,-3,41,1,207,0
-2,-4,48,1,207,0
0,-7,105,1,207,0
2,6,112,1,207,0
1,5,119,1,207,0
2,-3,124,1,207,0
-1,-1,162,1,207,0
-2,3,173,1,207,0
-1,2,176,1,207,0
-3,4,183,1,207,0
0,4,194,1,207,0
-3,-7,206,1,207,0
-9,-6,4,1,207,0
-6,-7,9,1,207,0
3,8,13,1,207,0
-2,4,42,1,207,0
5,-3,58,1,207,0
3,-7,79,1,207,0
8,3,84,1,207,0
7,2,103,1,207,0
2,7,106,1,207,0
1,6,113,1,207,0
1,-1,139,1,207,0
-1,-2,154,1,207,0
-1,3,178,1,207,0
-4,-1,182,1,207,0
-3,5,189,1,207,0
-3,-8,205,1,207,0
0,5,206,1,207,0
2,8,6,1,207,0
8,-3,39,1,207,0
-4,-2,49,1,207,0
-1,4,49,1,207,0
-1,-3,53,1,207,0
-2,-6,59,1,207,0
6,-7,62,1,207,0
4,0,93,1,207,0
2,-5,85,1,207,0
1,7,94,1,207,0
7,3,94,1,207,0
6,2,109,1,207,0
5,1,116,1,207,0
1,-2,133,1,207,0
-8,1,189,1,207,0
-3,6,192,1,207,0
4,-1,199,1,207,0
0,6,202,1,207,0
-7,-1,206,1,207,0
2,9,5,1,207,0
-3,7,14,1,207,0
-5,-6,21,1,207,0
-1,-4,52,1,207,0
8,5,91,1,207,0
1,-3,93,1,207,0
6,3,93,1,207,0
5,-5,102,1,207,0
5,2,113,1,207,0
3,0,118,1,207,0
4,1,122,1,207,0
-4,-3,173,1,207,0
-7,1,203,1,207,0
-2,6,199,1,207,0
-6,0,199,1,207,0
4,-2,205,1,207,0
-5,-7,8,1,208,0
-8,-6,9,1,208,0
-3,8,9,1,208,0
-7,-3,29,1,208,0
4,-3,64,1,208,0
-1,-5,66,1,208,0
2,-7,87,1,208,0
1,-4,97,1,208,0
7,5,98,1,208,0
3,1,129,1,208,0
0,-1,155,1,208,0
-3,-1,175,1,208,0
-6,1,199,1,208,0
-4,-4,181,1,208,0
2,0,188,1,208,0
-7,2,208,1,208,0
-1,6,204,1,208,0
-2,7,207,1,208,0
5,3,207,1,208,0
-3,9,3,1,208,0
-7,-4,28,1,208,0
7,-3,46,1,208,0
-1,-6,61,1,208,0
5,-7,68,1,208,0
1,-5,79,1,208,0
8,7,95,1,208,0
6,5,106,1,208,0
4,-4,112,1,208,0
5,4,115,1,208,0
0,-2,137,1,208,0
2,1,139,1,208,0
1,0,183,1,208,0
-4,-5,188,1,208,0
-4,0,192,1,208,0
3,2,195,1,208,0
-6,-1,196,1,208,0
3,-1,198,1,208,0
-5,1,201,1,208,0
-1,7,206,1,208,0
4,3,206,1,208,0
-8,5,2,1,208,0
-7,-5,21,1,208,0
8,-7,48,1,208,0
1,-6,93,1,208,0
7,7,102,1,208,0
4,-5,108,1,208,0
6,6,111,1,208,0
5,5,119,1,208,0
0,-3,129,1,208,0
4,4,129,1,208,0
1,1,157,1,208,0
-3,-3,169,1,208,0
0,0,176,1,208,0
-3,0,187,1,208,0
2,2,192,1,208,0
-4,1,194,1,208,0
-4,-6,194,1,208,0
3,3,199,1,208,0
-5,2,205,1,208,0
-7,5,9,1,208,0
-7,-6,14,1,208,0
-6,-3,38,1,208,0
-3,-4,42,1,208,0
1,-7,91,1,208,0
6,7,106,1,208,0
5,6,114,1,208,0
3,-3,121,1,208,0
4,5,123,1,208,0
0,-4,124,1,208,0
3,4,131,1,208,0
2,3,139,1,208,0
-3,1,162,1,208,0
-2,-1,174,1,208,0
0,1,175,1,208,0
-2,0,179,1,208,0
1,2,186,1,208,0
-4,-7,199,1,208,0
-4,2,207,1,208,0
1,-8,3,1,208,0
-4,-8,5,1,208,0
-6,5,15,1,208,0
6,-3,52,1,208,0
3,5,58,1,208,0
2,4,73,1,208,0
4,-7,74,1,208,0
5,7,76,1,208,0
3,-4,116,1,208,0
0,-5,118,1,208,0
1,3,132,1,208,0
-2,1,158,1,208,0
-2,-2,169,1,208,0
-1,0,171,1,208,0
0,2,178,1,208,0
-5,-1,189,1,208,0
2,-1,189,1,208,0
-5,5,21,1,208,0
-3,-6,45,1,208,0
-5,-2,48,1,208,0
3,6,51,1,208,0
7,-7,55,1,208,0
4,7,67,1,208,0
2,5,78,1,208,0
3,-5,91,1,208,0
5,-1,106,1,208,0
0,-6,112,1,208,0
1,4,126,1,208,0
2,-2,131,1,208,0
-2,-3,161,1,208,0
-2,2,167,1,208,0
-1,1,167,1,208,0
-3,3,175,1,208,0
0,3,187,1,208,0
-6,-6,14,1,208,0
3,7,16,1,208,0
-4,5,27,1,208,0
-5,-3,41,1,208,0
-2,-4,48,1,208,0
0,-7,105,1,208,0
2,6,112,1,208,0
1,5,119,1,208,0
2,-3,124,1,208,0
-1,-1,162,1,208,0
-2,3,173,1,208,0
-1,2,176,1,208,0
-3,4,183,1,208,0
0,4,194,1,208,0
5,-2,206,1,208,0
-3,-7,207,1,208,0
-9,-6,4,1,208,0
-6,-7,9,1,208,0
3,8,13,1,208,0
-2,4,42,1,208,0
5,-3,58,1,208,0
3,-7,79,1,208,0
8,3,84,1,208,0
7,2,103,1,208,0
2,7,106,1,208,0
1,6,113,1,208,0
1,-1,139,1,208,0
-1,-2,154,1,208,0
-1,3,178,1,208,0
-4,-1,182,1,208,0
-3,5,189,1,208,0
-3,-8,205,1,208,0
0,5,207,1,208,0
2,8,6,1,208,0
8,-3,39,1,208,0
-4,-2,49,1,208,0
-1,4,49,1,208,0
-1,-3,53,1,208,0
-2,-6,59,1,208,0
6,-7,62,1,208,0
4,0,93,1,208,0
2,-5,85,1,208,0
1,7,94,1,208,0
7,3,94,1,208,0
6,2,109,1,208,0
5,1,116,1,208,0
1,-2,133,1,208,0
-8,1,189,1,208,0
-3,6,192,1,208,0
4,-1,199,1,208,0
0,6,202,1,208,0
-7,-1,207,1,208,0
2,9,5,1,208,0
-3,7,14,1,208,0
-5,-6,21,1,208,0
-1,-4,52,1,208,0
8,5,91,1,208,0
1,-3,93,1,208,0
6,3,93,1,208,0
5,-5,102,1,208,0
5,2,113,1,208,0
3,0,118,1,208,0
4,1,122,1,208,0
-4,-3,173,1,208,0
-7,1,203,1,208,0
-2,6,199,1,208,0
-6,0,199,1,208,0
4,-2,205,1,208,0
0,7,207,1,208,0
-5,-7,8,1,209,0
-8,-6,9,1,209,0
-3,8,9,1,209,0
-7,-3,29,1,209,0
4,-3,64,1,209,0
-1,-5,66,1,209,0
2,-7,87,1,209,0
1,-4,97,1,209,0
7,5,98,1,209,0
3,1,129,1,209,0
0,-1,155,1,209,0
-3,-1,175,1,209,0
-6,1,199,1,209,0
-4,-4,181,1,209,0
2,0,188,1,209,0
-7,2,209,1,209,0
-1,6,204,1,209,0
-2,7,208,1,209,0
5,3,208,1,209,0
-3,9,3,1,209,0
-7,-4,28,1,209,0
7,-3,46,1,209,0
-1,-6,61,1,209,0
5,-7,68,1,209,0
1,-5,79,1,209,0
8,7,95,1,209,0
6,5,106,1,209,0
4,-4,112,1,209,0
5,4,115,1,209,0
0,-2,137,1,209,0
2,1,139,1,209,0
1,0,183,1,209,0
-4,-5,188,1,209,0
-4,0,192,1,209,0
3,2,195,1,209,0
-6,-1,196,1,209,0
3,-1,198,1,209,0
-5,1,201,1,209,0
-1,7,206,1,209,0
4,3,206,1,209,0
-8,5,2,1,209,0
-7,-5,21,1,209,0
8,-7,48,1,209,0
1,-6,93,1,209,0
7,7,102,1,209,0
4,-5,108,1,209,0
6,6,111,1,209,0
5,5,119,1,209,0
0,-3,129,1,209,0
4,4,129,1,209,0
1,1,157,1,209,0
-3,-3,169,1,209,0
0,0,176,1,209,0
-3,0,187,1,209,0
2,2,192,1,209,0
-4,1,194,1,209,0
-4,-6,194,1,209,0
3,3,199,1,209,0
-5,2,205,1,209,0
-7,5,9,1,209,0
-7,-6,14,1,209,0
-6,-3,38,1,209,0
-3,-4,42,1,209,0
1,-7,91,1,209,0
6,7,106,1,209,0
5,6,114,1,209,0
3,-3,121,1,209,0
4,5,123,1,209,0
0,-4,124,1,209,0
3,4,131,1,209,0
2,3,139,1,209,0
-3,1,162,1,209,0
-2,-1,174,1,209,0
0,1,175,1,209,0
-2,0,179,1,209,0
1,2,186,1,209,0
-4,-7,199,1,209,0
-4,2,208,1,209,0
1,-8,3,1,209,0
-4,-8,5,1,209,0
-6,5,15,1,209,0
6,-3,52,1,209,0
3,5,58,1,209,0
2,4,73,1,209,0
4,-7,74,1,209,0
5,7,76,1,209,0
3,-4,116,1,209,0
0,-5,118,1,209,0
1,3,132,1,209,0
-2,1,158,1,209,0
-2,-2,169,1,209,0
-1,0,171,1,209,0
0,2,178,1,209,0
-5,-1,189,1,209,0
2,-1,189,1,209,0
-5,5,21,1,209,0
-3,-6,45,1,209,0
-5,-2,48,1,209,0
3,6,51,1,209,0
7,-7,55,1,209,0
4,7,67,1,209,0
2,5,78,1,209,0
3,-5,91,1,209,0
5,-1,106,1,209,0
0,-6,112,1,209,0
1,4,126,1,209,0
2,-2,131,1,209,0
-2,-3,161,1,209,0
-2,2,167,1,209,0
-1,1,167,1,209,0
-3,3,175,1,209,0
0,3,187,1,209,0
-6,-6,14,1,209,0
3,7,16,1,209,0
-4,5,27,1,209,0
-5,-3,41,1,209,0
-2,-4,48,1,209,0
0,-7,105,1,209,0
2,6,112,1,209,0
1,5,119,1,209,0
2,-3,124,1,209,0
-1,-1,162,1,209,0
-2,3,173,1,209,0
-1,2,176,1,209,0
-3,4,183,1,209,0
0,4,194,1,209,0
-3,-7,208,1,209,0
5,-2,208,1,209,0
-9,-6,4,1,209,0
-6,-7,9,1,209,0
3,8,13,1,209,0
-2,4,42,1,209,0
5,-3,58,1,209,0
3,-7,79,1,209,0
8,3,84,1,209,0
7,2,103,1,209,0
2,7,106,1,209,0
1,6,113,1,209,0
1,-1,139,1,209,0
-1,-2,154,1,209,0
-1,3,178,1,209,0
-4,-1,182,1,209,0
-3,5,189,1,209,0
-3,-8,205,1,209,0
0,5,208,1,209,0
2,8,6,1,209,0
8,-3,39,1,209,0
-4,-2,49,1,209,0
-1,4,49,1,209,0
-1,-3,53,1,209,0
-2,-6,59,1,209,0
6,-7,62,1,209,0
4,0,93,1,209,0
2,-5,85,1,209,0
1,7,94,1,209,0
7,3,94,1,209,0
6,2,109,1,209,0
5,1,116,1,209,0
1,-2,133,1,209,0
-8,1,189,1,209,0
-3,6,192,1,209,0
4,-1,199,1,209,0
0,6,202,1,209,0
-7,-1,208,1,209,0
2,9,5,1,209,0
-3,7,14,1,209,0
-5,-6,21,1,209,0
-1,-4,52,1,209,0
8,5,91,1,209,0
1,-3,93,1,209,0
6,3,93,1,209,0
5,-5,102,1,209,0
5,2,113,1,209,0
3,0,118,1,209,0
4,1,122,1,209,0
-4,-3,173,1,209,0
-7,1,203,1,209,0
-2,6,199,1,209,0
-6,0,199,1,209,0
4,-2,205,1,209,0
0,7,208,1,209,0
-5,-7,8,1,210,0
-8,-6,9,1,210,0
-3,8,9,1,210,0
-7,-3,29,1,210,0
4,-3,64,1,210,0
-1,-5,66,1,210,0
2,-7,87,1,210,0
1,-4,97,1,210,0
7,5,98,1,210,0
3,1,129,1,210,0
0,-1,155,1,210,0
-3,-1,175,1,210,0
-6,1,199,1,210,0
-4,-4,181,1,210,0
2,0,188,1,210,0
-7,2,209,1,210,0
-1,6,204,1,210,0
-2,7,209,1,210,0
5,3,209,1,210,0
-3,9,3,1,210,0
-7,-4,28,1,210,0
7,-3,46,1,210,0
-1,-6,61,1,210,0
5,-7,68,1,210,0
1,-5,79,1,210,0
8,7,95,1,210,0
6,5,106,1,210,0
4,-4,112,1,210,0
5,4,115,1,210,0
0,-2,137,1,210,0
2,1,139,1,210,0
1,0,183,1,210,0
-4,-5,188,1,210,0
-4,0,192,1,210,0
3,2,195,1,210,0
-6,-1,196,1,210,0
3,-1,198,1,210,0
-5,1,201,1,210,0
-1,7,206,1,210,0
4,3,206,1,210,0
-8,5,2,1,210,0
-7,-5,21,1,210,0
8,-7,48,1,210,0
1,-6,93,1,210,0
7,7,102,1,210,0
4,-5,108,1,210,0
6,6,111,1,210,0
5,5,119,1,210,0
0,-3,129,1,210,0
4,4,129,1,210,0
1,1,157,1,210,0
-3,-3,169,1,210,0
0,0,176,1,210,0
-3,0,187,1,210,0
2,2,192,1,210,0
-4,1,194,1,210,0
-4,-6,194,1,210,0
3,3,199,1,210,0
-5,2,205,1,210,0
-7,5,9,1,210,0
-7,-6,14,1,210,0
-6,-3,38,1,210,0
-3,-4,42,1,210,0
1,-7,91,1,210,0
6,7,106,1,210,0
5,6,114,1,210,0
3,-3,121,1,210,0
4,5,123,1,210,0
0,-4,124,1,210,0
3,4,131,1,210,0
2,3,139,1,210,0
-3,1,162,1,210,0
-2,-1,174,1,210,0
0,1,175,1,210,0
-2,0,179,1,210,0
1,2,186,1,210,0
-4,-7,199,1,210,0
-4,2,208,1,210,0
1,-8,3,1,210,0
-4,-8,5,1,210,0
-6,5,15,1,210,0
6,-3,52,1,210,0
3,5,58,1,210,0
2,4,73,1,210,0
4,-7,74,1,210,0
5,7,76,1,210,0
3,-4,116,1,210,0
0,-5,118,1,210,0
1,3,132,1,210,0
-2,1,158,1,210,0
-2,-2,169,1,210,0
-1,0,171,1,210,0
0,2,178,1,210,0
-5,-1,189,1,210,0
2,-1,189,1,210,0
-4,3,209,1,210,0
-5,5,21,1,210,0
-3,-6,45,1,210,0
-5,-2,48,1,210,0
3,6,51,1,210,0
7,-7,55,1,210,0
4,7,67,1,210,0
2,5,78,1,210,0
3,-5,91,1,210,0
5,-1,106,1,210,0
0,-6,112,1,210,0
1,4,126,1,210,0
2,-2,131,1,210,0
-2,-3,161,1,210,0
-2,2,167,1,210,0
-1,1,167,1,210,0
-3,3,175,1,210,0
0,3,187,1,210,0
-6,-6,14,1,210,0
3,7,16,1,210,0
-4,5,27,1,210,0
-5,-3,41,1,210,0
-2,-4,48,1,210,0
0,-7,105,1,210,0
2,6,112,1,210,0
1,5,119,1,210,0
2,-3,124,1,210,0
-1,-1,162,1,210,0
-2,3,173,1,210,0
-1,2,176,1,210,0
-3,4,183,1,210,0
0,4,194,1,210,0
-3,-7,208,1,210,0
5,-2,209,1,210,0
-9,-6,4,1,210,0
-6,-7,9,1,210,0
3,8,13,1,210,0
-2,4,42,1,210,0
5,-3,58,1,210,0
3,-7,79,1,210,0
8,3,84,1,210,0
7,2,103,1,210,0
2,7,106,1,210,0
1,6,113,1,210,0
1,-1,139,1,210,0
-1,-2,154,1,210,0
-1,3,178,1,210,0
-4,-1,182,1,210,0
-3,5,189,1,210,0
-3,-8,205,1,210,0
0,5,208,1,210,0
2,8,6,1,210,0
8,-3,39,1,210,0
-4,-2,49,1,210,0
-1,4,49,1,210,0
-1,-3,53,1,210,0
-2,-6,59,1,210,0
6,-7,62,1,210,0
4,0,93,1,210,0
2,-5,85,1,210,0
1,7,94,1,210,0
7,3,94,1,210,0
6,2,109,1,210,0
5,1,116,1,210,0
1,-2,133,1,210,0
-8,1,189,1,210,0
-3,6,192,1,210,0
4,-1,199,1,210,0
0,6,202,1,210,0
-7,-1,208,1,210,0
2,9,5,1,210,0
-3,7,14,1,210,0
-5,-6,21,1,210,0
-1,-4,52,1,210,0
8,5,91,1,210,0
1,-3,93,1,210,0
6,3,93,1,210,0
5,-5,102,1,210,0
5,2,113,1,210,0
3,0,118,1,210,0
4,1,122,1,210,0
-4,-3,173,1,210,0
-7,1,203,1,210,0
-2,6,199,1,210,0
-6,0,199,1,210,0
4,-2,205,1,210,0
-7,-2,209,1,210,0
-2,-7,209,1,210,0
0,7,209,1,210,0
-1,5,209,1,210,0
-5,-7,8,1,211,0
-8,-6,9,1,211,0
-3,8,9,1,211,0
-7,-3,29,1,211,0
4,-3,64,1,211,0
-1,-5,66,1,211,0
2,-7,87,1,211,0
1,-4,97,1,211,0
7,5,98,1,211,0
3,1,129,1,211,0
0,-1,155,1,211,0
-3,-1,175,1,211,0
-6,1,199,1,211,0
-4,-4,181,1,211,0
2,0,188,1,211,0
-7,2,209,1,211,0
-1,6,204,1,211,0
-2,7,209,1,211,0
5,3,209,1,211,0
-3,9,3,1,211,0
-7,-4,28,1,211,0
7,-3,46,1,211,0
-1,-6,61,1,211,0
5,-7,68,1,211,0
1,-5,79,1,211,0
8,7,95,1,211,0
6,5,106,1,211,0
4,-4,112,1,211,0
5,4,115,1,211,0
0,-2,137,1,211,0
2,1,139,1,211,0
1,0,183,1,211,0
-4,-5,188,1,211,0
-4,0,192,1,211,0
3,2,195,1,211,0
-6,-1,196,1,211,0
3,-1,198,1,211,0
-5,1,201,1,211,0
-1,7,206,1,211,0
4,3,206,1,211,0
-7,3,211,1,211,0
-8,5,2,1,211,0
-7,-5,21,1,211,0
8,-7,48,1,211,0
1,-6,93,1,211,0
7,7,102,1,211,0
4,-5,108,1,211,0
6,6,111,1,211,0
5,5,119,1,211,0
0,-3,129,1,211,0
4,4,129,1,211,0
1,1,157,1,211,0
-3,-3,169,1,211,0
0,0,176,1,211,0
-3,0,187,1,211,0
2,2,192,1,211,0
-4,1,194,1,211,0
-4,-6,194,1,211,0
3,3,199,1,211,0
-5,2,205,1,211,0
-7,5,9,1,211,0
-7,-6,14,1,211,0
-6,-3,38,1,211,0
-3,-4,42,1,211,0
1,-7,91,1,211,0
6,7,106,1,211,0
5,6,114,1,211,0
3,-3,121,1,211,0
4,5,123,1,211,0
0,-4,124,1,211,0
3,4,131,1,211,0
2,3,139,1,211,0
-3,1,162,1,211,0
-2,-1,174,1,211,0
0,1,175,1,211,0
-2,0,179,1,211,0
1,2,186,1,211,0
-4,-7,199,1,211,0
-4,2,208,1,211,0
1,-8,3,1,211,0
-4,-8,5,1,211,0
-6,5,15,1,211,0
6,-3,52,1,211,0
3,5,58,1,211,0
2,4,73,1,211,0
4,-7,74,1,211,0
5,7,76,1,211,0
3,-4,116,1,211,0
0,-5,118,1,211,0
1,3,132,1,211,0
-2,1,158,1,211,0
-2,-2,169,1,211,0
-1,0,171,1,211,0
0,2,178,1,211,0
-5,-1,189,1,211,0
2,-1,189,1,211,0
-4,3,209,1,211,0
-5,5,21,1,211,0
-3,-6,45,1,211,0
-5,-2,48,1,211,0
3,6,51,1,211,0
7,-7,55,1,211,0
4,7,67,1,211,0
2,5,78,1,211,0
3,-5,91,1,211,0
5,-1,106,1,211,0
0,-6,112,1,211,0
1,4,126,1,211,0
2,-2,131,1,211,0
-2,-3,161,1,211,0
-2,2,167,1,211,0
-1,1,167,1,211,0
-3,3,175,1,211,0
0,3,187,1,211,0
-6,-6,14,1,211,0
3,7,16,1,211,0
-4,5,27,1,211,0
-5,-3,41,1,211,0
-2,-4,48,1,211,0
0,-7,105,1,211,0
2,6,112,1,211,0
1,5,119,1,211,0
2,-3,124,1,211,0
-1,-1,162,1,211,0
-2,3,173,1,211,0
-1,2,176,1,211,0
-3,4,183,1,211,0
0,4,194,1,211,0
-3,-7,208,1,211,0
5,-2,209,1,211,0
-9,-6,4,1,211,0
-6,-7,9,1,211,0
3,8,13,1,211,0
-2,4,42,1,211,0
5,-3,58,1,211,0
3,-7,79,1,211,0
8,3,84,1,211,0
7,2,103,1,211,0
2,7,106,1,211,0
1,6,113,1,211,0
1,-1,139,1,211,0
-1,-2,154,1,211,0
-1,3,178,1,211,0
-4,-1,182,1,211,0
-3,5,189,1,211,0
-3,-8,205,1,211,0
0,5,208,1,211,0
2,8,6,1,211,0
8,-3,39,1,211,0
-4,-2,49,1,211,0
-1,4,49,1,211,0
-1,-3,53,1,211,0
-2,-6,59,1,211,0
6,-7,62,1,211,0
4,0,93,1,211,0
2,-5,85,1,211,0
1,7,94,1,211,0
7,3,94,1,211,0
6,2,109,1,211,0
5,1,116,1,211,0
1,-2,133,1,211,0
-8,1,189,1,211,0
-3,6,192,1,211,0
4,-1,199,1,211,0
0,6,202,1,211,0
-7,-1,208,1,211,0
2,9,5,1,211,0
-3,7,14,1,211,0
-5,-6,21,1,211,0
-1,-4,52,1,211,0
8,5,91,1,211,0
1,-3,93,1,211,0
6,3,93,1,211,0
5,-5,102,1,211,0
5,2,113,1,211,0
3,0,118,1,211,0
4,1,122,1,211,0
-4,-3,173,1,211,0
-7,1,203,1,211,0
-2,6,199,1,211,0
-6,0,199,1,211,0
4,-2,205,1,211,0
-7,-2,209,1,211,0
-2,-7,209,1,211,0
0,7,209,1,211,0
-1,5,209,1,211,0
-5,-7,8,1,212,0
-8,-6,9,1,212,0
-3,8,9,1,212,0
-7,-3,29,1,212,0
4,-3,64,1,212,0
-1,-5,66,1,212,0
2,-7,87,1,212,0
1,-4,97,1,212,0
7,5,98,1,212,0
3,1,129,1,212,0
0,-1,155,1,212,0
-3,-1,175,1,212,0
-6,1,199,1,212,0
-4,-4,181,1,212,0
2,0,188,1,212,0
-7,2,209,1,212,0
-1,6,204,1,212,0
-2,7,209,1,212,0
5,3,211,1,212,0
-3,9,3,1,212,0
-7,-4,28,1,212,0
7,-3,46,1,212,0
-1,-6,61,1,212,0
5,-7,68,1,212,0
1,-5,79,1,212,0
8,7,95,1,212,0
6,5,106,1,212,0
4,-4,112,1,212,0
5,4,115,1,212,0
0,-2,137,1,212,0
2,1,139,1,212,0
1,0,183,1,212,0
-4,-5,188,1,212,0
-4,0,192,1,212,0
3,2,195,1,212,0
-6,-1,196,1,212,0
3,-1,198,1,212,0
-5,1,201,1,212,0
-1,7,206,1,212,0
4,3,206,1,212,0
-7,3,212,1,212,0
-8,5,2,1,212,0
-7,-5,21,1,212,0
8,-7,48,1,212,0
1,-6,93,1,212,0
7,7,102,1,212,0
4,-5,108,1,212,0
6,6,111,1,212,0
5,5,119,1,212,0
0,-3,129,1,212,0
4,4,129,1,212,0
1,1,157,1,212,0
-3,-3,169,1,212,0
0,0,176,1,212,0
-3,0,187,1,212,0
2,2,192,1,212,0
-4,1,194,1,212,0
-4,-6,194,1,212,0
3,3,199,1,212,0
-5,2,205,1,212,0
-1,8,211,1,212,0
-7,5,9,1,212,0
-7,-6,14,1,212,0
-6,-3,38,1,212,0
-3,-4,42,1,212,0
1,-7,91,1,212,0
6,7,106,1,212,0
5,6,114,1,212,0
3,-3,121,1,212,0
4,5,123,1,212,0
0,-4,124,1,212,0
3,4,131,1,212,0
2,3,139,1,212,0
-3,1,162,1,212,0
-2,-1,174,1,212,0
0,1,175,1,212,0
-2,0,179,1,212,0
1,2,186,1,212,0
-4,-7,199,1,212,0
-4,2,208,1,212,0
1,-8,3,1,212,0
-4,-8,5,1,212,0
-6,5,15,1,212,0
6,-3,52,1,212,0
3,5,58,1,212,0
2,4,73,1,212,0
4,-7,74,1,212,0
5,7,76,1,212,0
3,-4,116,1,212,0
0,-5,118,1,212,0
1,3,132,1,212,0
-2,1,158,1,212,0
-2,-2,169,1,212,0
-1,0,171,1,212,0
0,2,178,1,212,0
-5,-1,189,1,212,0
2,-1,189,1,212,0
-4,3,211,1,212,0
-5,5,21,1,212,0
-3,-6,45,1,212,0
-5,-2,48,1,212,0
3,6,51,1,212,0
7,-7,55,1,212,0
4,7,67,1,212,0
2,5,78,1,212,0
3,-5,91,1,212,0
5,-1,106,1,212,0
0,-6,112,1,212,0
1,4,126,1,212,0
2,-2,131,1,212,0
-2,-3,161,1,212,0
-2,2,167,1,212,0
-1,1,167,1,212,0
-3,3,175,1,212,0
0,3,187,1,212,0
-6,-6,14,1,212,0
3,7,16,1,212,0
-4,5,27,1,212,0
-5,-3,41,1,212,0
-2,-4,48,1,212,0
0,-7,105,1,212,0
2,6,112,1,212,0
1,5,119,1,212,0
2,-3,124,1,212,0
-1,-1,162,1,212,0
-2,3,173,1,212,0
-1,2,176,1,212,0
-3,4,183,1,212,0
0,4,194,1,212,0
-3,-7,208,1,212,0
-8,-2,211,1,212,0
5,-2,211,1,212,0
-9,-6,4,1,212,0
-6,-7,9,1,212,0
3,8,13,1,212,0
-2,4,42,1,212,0
5,-3,58,1,212,0
3,-7,79,1,212,0
8,3,84,1,212,0
7,2,103,1,212,0
2,7,106,1,212,0
1,6,113,1,212,0
1,-1,139,1,212,0
-1,-2,154,1,212,0
-1,3,178,1,212,0
-4,-1,182,1,212,0
-3,5,189,1,212,0
-3,-8,205,1,212,0
0,5,208,1,212,0
2,8,6,1,212,0
8,-3,39,1,212,0
-4,-2,49,1,212,0
-1,-3,53,1,212,0
-2,-6,59,1,212,0
6,-7,62,1,212,0
4,0,93,1,212,0
2,-5,85,1,212,0
1,7,94,1,212,0
7,3,94,1,212,0
6,2,109,1,212,0
5,1,116,1,212,0
1,-2,133,1,212,0
-8,1,189,1,212,0
-3,6,192,1,212,0
4,-1,199,1,212,0
0,6,202,1,212,0
-7,-1,208,1,212,0
-1,4,211,1,212,0
2,9,5,1,212,0
-3,7,14,1,212,0
-5,-6,21,1,212,0
-1,-4,52,1,212,0
8,5,91,1,212,0
1,-3,93,1,212,0
6,3,93,1,212,0
5,-5,102,1,212,0
5,2,113,1,212,0
3,0,118,1,212,0
4,1,122,1,212,0
-4,-3,173,1,212,0
-7,1,203,1,212,0
-2,6,199,1,212,0
-6,0,199,1,212,0
4,-2,205,1,212,0
-7,-2,209,1,212,0
-2,-7,209,1,212,0
-1,5,209,1,212,0
0,7,211,1,212,0
-5,-7,8,1,213,0
-8,-6,9,1,213,0
-3,8,9,1,213,0
-7,-3,29,1,213,0
4,-3,64,1,213,0
-1,-5,66,1,213,0
2,-7,87,1,213,0
1,-4,97,1,213,0
7,5,98,1,213,0
3,1,129,1,213,0
0,-1,155,1,213,0
-3,-1,175,1,213,0
-6,1,199,1,213,0
-4,-4,181,1,213,0
2,0,188,1,213,0
-7,2,209,1,213,0
-1,6,204,1,213,0
-2,7,209,1,213,0
5,3,212,1,213,0
-3,9,3,1,213,0
-7,-4,28,1,213,0
7,-3,46,1,213,0
-1,-6,61,1,213,0
5,-7,68,1,213,0
1,-5,79,1,213,0
8,7,95,1,213,0
6,5,106,1,213,0
4,-4,112,1,213,0
5,4,115,1,213,0
0,-2,137,1,213,0
2,1,139,1,213,0
1,0,183,1,213,0
-4,-5,188,1,213,0
-4,0,192,1,213,0
3,2,195,1,213,0
-6,-1,196,1,213,0
3,-1,198,1,213,0
-5,1,201,1,213,0
-1,7,206,1,213,0
4,3,206,1,213,0
-7,3,213,1,213,0
-8,5,2,1,213,0
-7,-5,21,1,213,0
8,-7,48,1,213,0
1,-6,93,1,213,0
7,7,102,1,213,0
4,-5,108,1,213,0
6,6,111,1,213,0
5,5,119,1,213,0
0,-3,129,1,213,0
4,4,129,1,213,0
1,1,157,1,213,0
-3,-3,169,1,213,0
0,0,176,1,213,0
-3,0,187,1,213,0
2,2,192,1,213,0
-4,1,194,1,213,0
-4,-6,194,1,213,0
3,3,199,1,213,0
-5,2,205,1,213,0
-1,8,212,1,213,0
-7,5,9,1,213,0
-7,-6,14,1,213,0
-6,-3,38,1,213,0
-3,-4,42,1,213,0
1,-7,91,1,213,0
6,7,106,1,213,0
5,6,114,1,213,0
3,-3,121,1,213,0
4,5,123,1,213,0
0,-4,124,1,213,0
3,4,131,1,213,0
2,3,139,1,213,0
-3,1,162,1,213,0
-2,-1,174,1,213,0
0,1,175,1,213,0
-2,0,179,1,213,0
1,2,186,1,213,0
-4,-7,199,1,213,0
-4,2,208,1,213,0
1,-8,3,1,213,0
-4,-8,5,1,213,0
-6,5,15,1,213,0
6,-3,52,1,213,0
3,5,58,1,213,0
2,4,73,1,213,0
4,-7,74,1,213,0
5,7,76,1,213,0
3,-4,116,1,213,0
0,-5,118,1,213,0
1,3,132,1,213,0
-2,1,158,1,213,0
-2,-2,169,1,213,0
-1,0,171,1,213,0
0,2,178,1,213,0
-5,-1,189,1,213,0
2,-1,189,1,213,0
-4,3,212,1,213,0
-5,5,21,1,213,0
-3,-6,45,1,213,0
-5,-2,48,1,213,0
3,6,51,1,213,0
7,-7,55,1,213,0
4,7,67,1,213,0
2,5,78,1,213,0
3,-5,91,1,213,0
5,-1,106,1,213,0
0,-6,112,1,213,0
1,4,126,1,213,0
2,-2,131,1,213,0
-2,-3,161,1,213,0
-2,2,167,1,213,0
-1,1,167,1,213,0
-3,3,175,1,213,0
0,3,187,1,213,0
-6,-6,14,1,213,0
3,7,16,1,213,0
-4,5,27,1,213,0
-5,-3,41,1,213,0
-2,-4,48,1,213,0
0,-7,105,1,213,0
2,6,112,1,213,0
1,5,119,1,213,0
2,-3,124,1,213,0
-1,-1,162,1,213,0
-2,3,173,1,213,0
-1,2,176,1,213,0
-3,4,183,1,213,0
0,4,194,1,213,0
-3,-7,208,1,213,0
5,-2,211,1,213,0
-8,-2,212,1,213,0
-9,-6,4,1,213,0
-6,-7,9,1,213,0
3,8,13,1,213,0
-2,4,42,1,213,0
5,-3,58,1,213,0
3,-7,79,1,213,0
8,3,84,1,213,0
7,2,103,1,213,0
2,7,106,1,213,0
1,6,113,1,213,0
1,-1,139,1,213,0
-1,-2,154,1,213,0
-1,3,178,1,213,0
-4,-1,182,1,213,0
-3,5,189,1,213,0
-3,-8,205,1,213,0
0,5,208,1,213,0
2,8,6,1,213,0
8,-3,39,1,213,0
-4,-2,49,1,213,0
-1,-3,53,1,213,0
-2,-6,59,1,213,0
6,-7,62,1,213,0
4,0,93,1,213,0
2,-5,85,1,213,0
1,7,94,1,213,0
7,3,94,1,213,0
6,2,109,1,213,0
5,1,116,1,213,0
1,-2,133,1,213,0
-8,1,189,1,213,0
-3,6,192,1,213,0
4,-1,199,1,213,0
0,6,202,1,213,0
-7,-1,208,1,213,0
-1,4,212,1,213,0
2,9,5,1,213,0
-3,7,14,1,213,0
-5,-6,21,1,213,0
-1,-4,52,1,213,0
8,5,91,1,213,0
1,-3,93,1,213,0
6,3,93,1,213,0
5,-5,102,1,213,0
5,2,113,1,213,0
3,0,118,1,213,0
4,1,122,1,213,0
-4,-3,173,1,213,0
-7,1,203,1,213,0
-2,6,199,1,213,0
-6,0,199,1,213,0
4,-2,205,1,213,0
-7,-2,209,1,213,0
-1,5,209,1,213,0
-2,-7,211,1,213,0
0,7,212,1,213,0
-5,-7,8,1,214,0
-8,-6,9,1,214,0
-3,8,9,1,214,0
-7,-3,29,1,214,0
4,-3,64,1,214,0
-1,-5,66,1,214,0
2,-7,87,1,214,0
1,-4,97,1,214,0
7,5,98,1,214,0
3,1,129,1,214,0
0,-1,155,1,214,0
-3,-1,175,1,214,0
-6,1,199,1,214,0
-4,-4,181,1,214,0
2,0,188,1,214,0
-7,2,209,1,214,0
-1,6,204,1,214,0
-2,7,209,1,214,0
5,3,212,1,214,0
0,8,213,1,214,0
-3,9,3,1,214,0
-7,-4,28,1,214,0
7,-3,46,1,214,0
-1,-6,61,1,214,0
5,-7,68,1,214,0
1,-5,79,1,214,0
8,7,95,1,214,0
6,5,106,1,214,0
4,-4,112,1,214,0
5,4,115,1,214,0
0,-2,137,1,214,0
2,1,139,1,214,0
1,0,183,1,214,0
-4,-5,188,1,214,0
-4,0,192,1,214,0
3,2,195,1,214,0
-6,-1,196,1,214,0
3,-1,198,1,214,0
-5,1,201,1,214,0
-1,7,206,1,214,0
4,3,206,1,214,0
-7,3,214,1,214,0
-8,5,2,1,214,0
-7,-5,21,1,214,0
8,-7,48,1,214,0
1,-6,93,1,214,0
7,7,102,1,214,0
4,-5,108,1,214,0
6,6,111,1,214,0
5,5,119,1,214,0
0,-3,129,1,214,0
4,4,129,1,214,0
1,1,157,1,214,0
-3,-3,169,1,214,0
0,0,176,1,214,0
-3,0,187,1,214,0
2,2,192,1,214,0
-4,1,194,1,214,0
-4,-6,194,1,214,0
3,3,199,1,214,0
-5,2,205,1,214,0
-1,8,213,1,214,0
-7,5,9,1,214,0
-7,-6,14,1,214,0
-6,-3,38,1,214,0
-3,-4,42,1,214,0
1,-7,91,1,214,0
6,7,106,1,214,0
5,6,114,1,214,0
3,-3,121,1,214,0
4,5,123,1,214,0
0,-4,124,1,214,0
3,4,131,1,214,0
2,3,139,1,214,0
-3,1,162,1,214,0
-2,-1,174,1,214,0
0,1,175,1,214,0
-2,0,179,1,214,0
1,2,186,1,214,0
-4,-7,199,1,214,0
-4,2,208,1,214,0
1,-8,3,1,214,0
-4,-8,5,1,214,0
-6,5,15,1,214,0
6,-3,52,1,214,0
3,5,58,1,214,0
2,4,73,1,214,0
4,-7,74,1,214,0
5,7,76,1,214,0
3,-4,116,1,214,0
0,-5,118,1,214,0
1,3,132,1,214,0
-2,1,158,1,214,0
-2,-2,169,1,214,0
-1,0,171,1,214,0
0,2,178,1,214,0
-5,-1,189,1,214,0
2,-1,189,1,214,0
-4,3,213,1,214,0
-5,5,21,1,214,0
-3,-6,45,1,214,0
-5,-2,48,1,214,0
3,6,51,1,214,0
7,-7,55,1,214,0
4,7,67,1,214,0
2,5,78,1,214,0
3,-5,91,1,214,0
5,-1,106,1,214,0
0,-6,112,1,214,0
1,4,126,1,214,0
2,-2,131,1,214,0
-2,-3,161,1,214,0
-2,2,167,1,214,0
-1,1,167,1,214,0
-3,3,175,1,214,0
0,3,187,1,214,0
-6,-6,14,1,214,0
3,7,16,1,214,0
-4,5,27,1,214,0
-5,-3,41,1,214,0
-2,-4,48,1,214,0
0,-7,105,1,214,0
2,6,112,1,214,0
1,5,119,1,214,0
2,-3,124,1,214,0
-1,-1,162,1,214,0
-2,3,173,1,214,0
-1,2,176,1,214,0
-3,4,183,1,214,0
0,4,194,1,214,0
-3,-7,208,1,214,0
5,-2,212,1,214,0
-8,-2,213,1,214,0
-9,-6,4,1,214,0
-6,-7,9,1,214,0
3,8,13,1,214,0
-2,4,42,1,214,0
5,-3,58,1,214,0
3,-7,79,1,214,0
8,3,84,1,214,0
7,2,103,1,214,0
2,7,106,1,214,0
1,6,113,1,214,0
1,-1,139,1,214,0
-1,-2,154,1,214,0
-1,3,178,1,214,0
-4,-1,182,1,214,0
-3,5,189,1,214,0
-3,-8,205,1,214,0
0,5,208,1,214,0
2,8,6,1,214,0
8,-3,39,1,214,0
-4,-2,49,1,214,0
-1,-3,53,1,214,0
-2,-6,59,1,214,0
6,-7,62,1,214,0
4,0,93,1,214,0
2,-5,85,1,214,0
1,7,94,1,214,0
7,3,94,1,214,0
6,2,109,1,214,0
5,1,116,1,214,0
1,-2,133,1,214,0
-8,1,189,1,214,0
-3,6,192,1,214,0
4,-1,199,1,214,0
0,6,202,1,214,0
-7,-1,208,1,214,0
-1,4,213,1,214,0
2,9,5,1,214,0
-3,7,14,1,214,0
-5,-6,21,1,214,0
-1,-4,52,1,214,0
8,5,91,1,214,0
1,-3,93,1,214,0
5,-5,102,1,214,0
5,2,113,1,214,0
3,0,118,1,214,0
4,1,122,1,214,0
-4,-3,173,1,214,0
-7,1,203,1,214,0
-2,6,199,1,214,0
-6,0,199,1,214,0
4,-2,205,1,214,0
-7,-2,209,1,214,0
-1,5,209,1,214,0
0,7,212,1,214,0
-2,-7,212,1,214,0
6,3,213,1,214,0
-5,-7,8,1,215,0
-8,-6,9,1,215,0
-3,8,9,1,215,0
-7,-3,29,1,215,0
4,-3,64,1,215,0
-1,-5,66,1,215,0
2,-7,87,1,215,0
1,-4,97,1,215,0
7,5,98,1,215,0
3,1,129,1,215,0
0,-1,155,1,215,0
-3,-1,175,1,215,0
-6,1,199,1,215,0
-4,-4,181,1,215,0
2,0,188,1,215,0
-7,2,209,1,215,0
-1,6,204,1,215,0
-2,7,209,1,215,0
5,3,212,1,215,0
0,8,214,1,215,0
-3,9,3,1,215,0
-7,-4,28,1,215,0
7,-3,46,1,215,0
-1,-6,61,1,215,0
5,-7,68,1,215,0
1,-5,79,1,215,0
8,7,95,1,215,0
6,5,106,1,215,0
4,-4,112,1,215,0
5,4,115,1,215,0
0,-2,137,1,215,0
2,1,139,1,215,0
1,0,183,1,215,0
-4,-5,188,1,215,0
-4,0,192,1,215,0
3,2,195,1,215,0
-6,-1,196,1,215,0
3,-1,198,1,215,0
-5,1,201,1,215,0
4,3,206,1,215,0
-7,3,215,1,215,0
-1,7,214,1,215,0
-8,5,2,1,215,0
-7,-5,21,1,215,0
8,-7,48,1,215,0
1,-6,93,1,215,0
7,7,102,1,215,0
4,-5,108,1,215,0
6,6,111,1,215,0
5,5,119,1,215,0
0,-3,129,1,215,0
4,4,129,1,215,0
1,1,157,1,215,0
-3,-3,169,1,215,0
0,0,176,1,215,0
-3,0,187,1,215,0
2,2,192,1,215,0
-4,1,194,1,215,0
-4,-6,194,1,215,0
3,3,199,1,215,0
-5,2,205,1,215,0
-1,8,213,1,215,0
-7,5,9,1,215,0
-7,-6,14,1,215,0
-6,-3,38,1,215,0
-3,-4,42,1,215,0
1,-7,91,1,215,0
6,7,106,1,215,0
5,6,114,1,215,0
3,-3,121,1,215,0
4,5,123,1,215,0
0,-4,124,1,215,0
3,4,131,1,215,0
2,3,139,1,215,0
-3,1,162,1,215,0
-2,-1,174,1,215,0
0,1,175,1,215,0
-2,0,179,1,215,0
1,2,186,1,215,0
-4,-7,199,1,215,0
-4,2,208,1,215,0
6,-2,214,1,215,0
1,-8,3,1,215,0
-4,-8,5,1,215,0
-6,5,15,1,215,0
6,-3,52,1,215,0
3,5,58,1,215,0
2,4,73,1,215,0
4,-7,74,1,215,0
5,7,76,1,215,0
3,-4,116,1,215,0
0,-5,118,1,215,0
1,3,132,1,215,0
-2,1,158,1,215,0
-2,-2,169,1,215,0
-1,0,171,1,215,0
0,2,178,1,215,0
-5,-1,189,1,215,0
2,-1,189,1,215,0
-4,3,214,1,215,0
-5,5,21,1,215,0
-3,-6,45,1,215,0
-5,-2,48,1,215,0
3,6,51,1,215,0
7,-7,55,1,215,0
4,7,67,1,215,0
2,5,78,1,215,0
3,-5,91,1,215,0
5,-1,106,1,215,0
0,-6,112,1,215,0
1,4,126,1,215,0
2,-2,131,1,215,0
-2,-3,161,1,215,0
-2,2,167,1,215,0
-1,1,167,1,215,0
-3,3,175,1,215,0
0,3,187,1,215,0
-6,-6,14,1,215,0
3,7,16,1,215,0
-4,5,27,1,215,0
-5,-3,41,1,215,0
-2,-4,48,1,215,0
0,-7,105,1,215,0
2,6,112,1,215,0
1,5,119,1,215,0
2,-3,124,1,215,0
-1,-1,162,1,215,0
-2,3,173,1,215,0
-1,2,176,1,215,0
-3,4,183,1,215,0
0,4,194,1,215,0
-3,-7,208,1,215,0
5,-2,212,1,215,0
-8,-2,213,1,215,0
-9,-6,4,1,215,0
-6,-7,9,1,215,0
3,8,13,1,215,0
-2,4,42,1,215,0
5,-3,58,1,215,0
3,-7,79,1,215,0
8,3,84,1,215,0
7,2,103,1,215,0
2,7,106,1,215,0
1,6,113,1,215,0
1,-1,139,1,215,0
-1,-2,154,1,215,0
-1,3,178,1,215,0
-4,-1,182,1,215,0
-3,5,189,1,215,0
-3,-8,205,1,215,0
0,5,208,1,215,0
2,8,6,1,215,0
8,-3,39,1,215,0
-4,-2,49,1,215,0
-1,-3,53,1,215,0
-2,-6,59,1,215,0
6,-7,62,1,215,0
4,0,93,1,215,0
2,-5,85,1,215,0
1,7,94,1,215,0
7,3,94,1,215,0
6,2,109,1,215,0
5,1,116,1,215,0
1,-2,133,1,215,0
-8,1,189,1,215,0
-3,6,192,1,215,0
4,-1,199,1,215,0
0,6,202,1,215,0
-7,-1,208,1,215,0
-1,4,214,1,215,0
2,9,5,1,215,0
-3,7,14,1,215,0
-5,-6,21,1,215,0
-1,-4,52,1,215,0
8,5,91,1,215,0
1,-3,93,1,215,0
5,-5,102,1,215,0
5,2,113,1,215,0
3,0,118,1,215,0
4,1,122,1,215,0
-4,-3,173,1,215,0
-7,1,203,1,215,0
-2,6,199,1,215,0
-6,0,199,1,215,0
4,-2,205,1,215,0
-1,5,209,1,215,0
0,7,212,1,215,0
-7,-2,214,1,215,0
-2,-7,213,1,215,0
6,3,214,1,215,0
-5,-7,8,1,216,0
-8,-6,9,1,216,0
-3,8,9,1,216,0
-7,-3,29,1,216,0
4,-3,64,1,216,0
-1,-5,66,1,216,0
2,-7,87,1,216,0
1,-4,97,1,216,0
7,5,98,1,216,0
3,1,129,1,216,0
0,-1,155,1,216,0
-3,-1,175,1,216,0
-6,1,199,1,216,0
-4,-4,181,1,216,0
2,0,188,1,216,0
-7,2,209,1,216,0
-1,6,204,1,216,0
-2,7,209,1,216,0
5,3,212,1,216,0
0,8,215,1,216,0
-3,9,3,1,216,0
-7,-4,28,1,216,0
7,-3,46,1,216,0
-1,-6,61,1,216,0
5,-7,68,1,216,0
1,-5,79,1,216,0
8,7,95,1,216,0
6,5,106,1,216,0
4,-4,112,1,216,0
5,4,115,1,216,0
0,-2,137,1,216,0
2,1,139,1,216,0
1,0,183,1,216,0
-4,-5,188,1,216,0
-4,0,192,1,216,0
3,2,195,1,216,0
-6,-1,196,1,216,0
3,-1,198,1,216,0
-5,1,201,1,216,0
4,3,206,1,216,0
-7,3,216,1,216,0
-1,7,215,1,216,0
-8,5,2,1,216,0
-7,-5,21,1,216,0
8,-7,48,1,216,0
1,-6,93,1,216,0
7,7,102,1,216,0
4,-5,108,1,216,0
6,6,111,1,216,0
5,5,119,1,216,0
0,-3,129,1,216,0
4,4,129,1,216,0
1,1,157,1,216,0
-3,-3,169,1,216,0
0,0,176,1,216,0
-3,0,187,1,216,0
2,2,192,1,216,0
-4,1,194,1,216,0
-4,-6,194,1,216,0
3,3,199,1,216,0
-5,2,205,1,216,0
-1,8,213,1,216,0
-7,5,9,1,216,0
-7,-6,14,1,216,0
-6,-3,38,1,216,0
-3,-4,42,1,216,0
1,-7,91,1,216,0
6,7,106,1,216,0
5,6,114,1,216,0
3,-3,121,1,216,0
4,5,123,1,216,0
0,-4,124,1,216,0
3,4,131,1,216,0
2,3,139,1,216,0
-3,1,162,1,216,0
-2,-1,174,1,216,0
0,1,175,1,216,0
-2,0,179,1,216,0
1,2,186,1,216,0
-4,-7,199,1,216,0
-4,2,208,1,216,0
6,-2,215,1,216,0
1,-8,3,1,216,0
-4,-8,5,1,216,0
-6,5,15,1,216,0
6,-3,52,1,216,0
3,5,58,1,216,0
2,4,73,1,216,0
4,-7,74,1,216,0
5,7,76,1,216,0
3,-4,116,1,216,0
0,-5,118,1,216,0
1,3,132,1,216,0
-2,1,158,1,216,0
-2,-2,169,1,216,0
-1,0,171,1,216,0
0,2,178,1,216,0
-5,-1,189,1,216,0
2,-1,189,1,216,0
-4,3,215,1,216,0
-5,5,21,1,216,0
-3,-6,45,1,216,0
-5,-2,48,1,216,0
3,6,51,1,216,0
7,-7,55,1,216,0
4,7,67,1,216,0
2,5,78,1,216,0
3,-5,91,1,216,0
5,-1,106,1,216,0
0,-6,112,1,216,0
1,4,126,1,216,0
2,-2,131,1,216,0
-2,-3,161,1,216,0
-2,2,167,1,216,0
-1,1,167,1,216,0
-3,3,175,1,216,0
0,3,187,1,216,0
-6,-6,14,1,216,0
3,7,16,1,216,0
-4,5,27,1,216,0
-5,-3,41,1,216,0
-2,-4,48,1,216,0
0,-7,105,1,216,0
2,6,112,1,216,0
1,5,119,1,216,0
2,-3,124,1,216,0
-1,-1,162,1,216,0
-2,3,173,1,216,0
-1,2,176,1,216,0
-3,4,183,1,216,0
0,4,194,1,216,0
-3,-7,208,1,216,0
5,-2,212,1,216,0
-8,-2,213,1,216,0
-9,-6,4,1,216,0
-6,-7,9,1,216,0
3,8,13,1,216,0
-2,4,42,1,216,0
5,-3,58,1,216,0
3,-7,79,1,216,0
8,3,84,1,216,0
7,2,103,1,216,0
2,7,106,1,216,0
1,6,113,1,216,0
1,-1,139,1,216,0
-1,-2,154,1,216,0
-1,3,178,1,216,0
-4,-1,182,1,216,0
-3,5,189,1,216,0
-3,-8,205,1,216,0
0,5,208,1,216,0
2,8,6,1,216,0
8,-3,39,1,216,0
-4,-2,49,1,216,0
-1,-3,53,1,216,0
-2,-6,59,1,216,0
6,-7,62,1,216,0
4,0,93,1,216,0
2,-5,85,1,216,0
1,7,94,1,216,0
7,3,94,1,216,0
6,2,109,1,216,0
5,1,116,1,216,0
1,-2,133,1,216,0
-8,1,189,1,216,0
-3,6,192,1,216,0
4,-1,199,1,216,0
0,6,202,1,216,0
-7,-1,208,1,216,0
-1,4,215,1,216,0
2,9,5,1,216,0
-3,7,14,1,216,0
-5,-6,21,1,216,0
-1,-4,52,1,216,0
8,5,91,1,216,0
1,-3,93,1,216,0
5,-5,102,1,216,0
5,2,113,1,216,0
3,0,118,1,216,0
4,1,122,1,216,0
-4,-3,173,1,216,0
-7,1,203,1,216,0
-2,6,199,1,216,0
-6,0,199,1,216,0
4,-2,205,1,216,0
-1,5,209,1,216,0
0,7,212,1,216,0
-7,-2,215,1,216,0
6,3,215,1,216,0
-2,-7,214,1,216,0
-5,-7,8,1,217,0
-8,-6,9,1,217,0
-3,8,9,1,217,0
-7,-3,29,1,217,0
4,-3,64,1,217,0
-1,-5,66,1,217,0
2,-7,87,1,217,0
1,-4,97,1,217,0
7,5,98,1,217,0
3,1,129,1,217,0
0,-1,155,1,217,0
-3,-1,175,1,217,0
-6,1,199,1,217,0
-4,-4,181,1,217,0
2,0,188,1,217,0
-7,2,209,1,217,0
-1,6,204,1,217,0
-2,7,209,1,217,0
5,3,212,1,217,0
0,8,215,1,217,0
-3,9,3,1,217,0
-7,-4,28,1,217,0
7,-3,46,1,217,0
-1,-6,61,1,217,0
5,-7,68,1,217,0
1,-5,79,1,217,0
8,7,95,1,217,0
6,5,106,1,217,0
4,-4,112,1,217,0
5,4,115,1,217,0
0,-2,137,1,217,0
2,1,139,1,217,0
1,0,183,1,217,0
-4,-5,188,1,217,0
-4,0,192,1,217,0
3,2,195,1,217,0
-6,-1,196,1,217,0
3,-1,198,1,217,0
-5,1,201,1,217,0
4,3,206,1,217,0
-7,3,216,1,217,0
-1,7,216,1,217,0
-8,5,2,1,217,0
-7,-5,21,1,217,0
8,-7,48,1,217,0
1,-6,93,1,217,0
7,7,102,1,217,0
4,-5,108,1,217,0
6,6,111,1,217,0
5,5,119,1,217,0
0,-3,129,1,217,0
4,4,129,1,217,0
1,1,157,1,217,0
-3,-3,169,1,217,0
0,0,176,1,217,0
-3,0,187,1,217,0
2,2,192,1,217,0
-4,1,194,1,217,0
-4,-6,194,1,217,0
3,3,199,1,217,0
-5,2,205,1,217,0
-1,8,213,1,217,0
-7,4,217,1,217,0
-7,5,9,1,217,0
-7,-6,14,1,217,0
-6,-3,38,1,217,0
-3,-4,42,1,217,0
1,-7,91,1,217,0
6,7,106,1,217,0
5,6,114,1,217,0
3,-3,121,1,217,0
4,5,123,1,217,0
0,-4,124,1,217,0
3,4,131,1,217,0
2,3,139,1,217,0
-3,1,162,1,217,0
-2,-1,174,1,217,0
0,1,175,1,217,0
-2,0,179,1,217,0
1,2,186,1,217,0
-4,-7,199,1,217,0
-4,2,208,1,217,0
6,-2,216,1,217,0
1,-8,3,1,217,0
-4,-8,5,1,217,0
-6,5,15,1,217,0
6,-3,52,1,217,0
3,5,58,1,217,0
2,4,73,1,217,0
4,-7,74,1,217,0
5,7,76,1,217,0
3,-4,116,1,217,0
0,-5,118,1,217,0
1,3,132,1,217,0
-2,1,158,1,217,0
-2,-2,169,1,217,0
-1,0,171,1,217,0
0,2,178,1,217,0
-5,-1,189,1,217,0
2,-1,189,1,217,0
-4,3,216,1,217,0
-5,5,21,1,217,0
-3,-6,45,1,217,0
-5,-2,48,1,217,0
3,6,51,1,217,0
7,-7,55,1,217,0
4,7,67,1,217,0
2,5,78,1,217,0
3,-5,91,1,217,0
5,-1,106,1,217,0
0,-6,112,1,217,0
1,4,126,1,217,0
2,-2,131,1,217,0
-2,-3,161,1,217,0
-2,2,167,1,217,0
-1,1,167,1,217,0
-3,3,175,1,217,0
0,3,187,1,217,0
-6,-6,14,1,217,0
3,7,16,1,217,0
-4,5,27,1,217,0
-5,-3,41,1,217,0
-2,-4,48,1,217,0
0,-7,105,1,217,0
2,6,112,1,217,0
1,5,119,1,217,0
2,-3,124,1,217,0
-1,-1,162,1,217,0
-2,3,173,1,217,0
-1,2,176,1,217,0
-3,4,183,1,217,0
0,4,194,1,217,0
-3,-7,208,1,217,0
5,-2,212,1,217,0
-8,-2,213,1,217,0
-9,-6,4,1,217,0
-6,-7,9,1,217,0
3,8,13,1,217,0
-2,4,42,1,217,0
5,-3,58,1,217,0
3,-7,79,1,217,0
8,3,84,1,217,0
7,2,103,1,217,0
2,7,106,1,217,0
1,6,113,1,217,0
1,-1,139,1,217,0
-1,-2,154,1,217,0
-1,3,178,1,217,0
-4,-1,182,1,217,0
-3,5,189,1,217,0
-3,-8,205,1,217,0
0,5,208,1,217,0
2,8,6,1,217,0
8,-3,39,1,217,0
-4,-2,49,1,217,0
-1,-3,53,1,217,0
-2,-6,59,1,217,0
6,-7,62,1,217,0
4,0,93,1,217,0
2,-5,85,1,217,0
1,7,94,1,217,0
7,3,94,1,217,0
6,2,109,1,217,0
5,1,116,1,217,0
1,-2,133,1,217,0
-8,1,189,1,217,0
-3,6,192,1,217,0
4,-1,199,1,217,0
0,6,202,1,217,0
-7,-1,208,1,217,0
-1,4,216,1,217,0
2,9,5,1,217,0
-3,7,14,1,217,0
-5,-6,21,1,217,0
-1,-4,52,1,217,0
8,5,91,1,217,0
1,-3,93,1,217,0
5,-5,102,1,217,0
5,2,113,1,217,0
3,0,118,1,217,0
4,1,122,1,217,0
-4,-3,173,1,217,0
-7,1,203,1,217,0
-2,6,199,1,217,0
-6,0,199,1,217,0
4,-2,205,1,217,0
-1,5,209,1,217,0
0,7,212,1,217,0
-7,-2,216,1,217,0
1,8,216,1,217,0
6,3,216,1,217,0
-2,-7,215,1,217,0
-5,-7,8,1,218,0
-8,-6,9,1,218,0
-3,8,9,1,218,0
-7,-3,29,1,218,0
4,-3,64,1,218,0
-1,-5,66,1,218,0
2,-7,87,1,218,0
1,-4,97,1,218,0
7,5,98,1,218,0
3,1,129,1,218,0
0,-1,155,1,218,0
-3,-1,175,1,218,0
-6,1,199,1,218,0
-4,-4,181,1,218,0
2,0,188,1,218,0
-7,2,209,1,218,0
-1,6,204,1,218,0
-2,7,209,1,218,0
5,3,212,1,218,0
0,8,215,1,218,0
-3,9,3,1,218,0
-7,-4,28,1,218,0
7,-3,46,1,218,0
-1,-6,61,1,218,0
5,-7,68,1,218,0
1,-5,79,1,218,0
8,7,95,1,218,0
6,5,106,1,218,0
4,-4,112,1,218,0
5,4,115,1,218,0
0,-2,137,1,218,0
2,1,139,1,218,0
1,0,183,1,218,0
-4,-5,188,1,218,0
-4,0,192,1,218,0
3,2,195,1,218,0
-6,-1,196,1,218,0
3,-1,198,1,218,0
-5,1,201,1,218,0
4,3,206,1,218,0
-7,3,216,1,218,0
-1,7,217,1,218,0
-8,5,2,1,218,0
-7,-5,21,1,218,0
8,-7,48,1,218,0
1,-6,93,1,218,0
7,7,102,1,218,0
4,-5,108,1,218,0
6,6,111,1,218,0
5,5,119,1,218,0
0,-3,129,1,218,0
4,4,129,1,218,0
1,1,157,1,218,0
-3,-3,169,1,218,0
0,0,176,1,218,0
-3,0,187,1,218,0
2,2,192,1,218,0
-4,1,194,1,218,0
-4,-6,194,1,218,0
3,3,199,1,218,0
-5,2,205,1,218,0
-1,8,213,1,218,0
-7,4,218,1,218,0
-1,-7,216,1,218,0
-7,5,9,1,218,0
-7,-6,14,1,218,0
-6,-3,38,1,218,0
-3,-4,42,1,218,0
1,-7,91,1,218,0
6,7,106,1,218,0
5,6,114,1,218,0
3,-3,121,1,218,0
4,5,123,1,218,0
0,-4,124,1,218,0
3,4,131,1,218,0
2,3,139,1,218,0
-3,1,162,1,218,0
-2,-1,174,1,218,0
0,1,175,1,218,0
-2,0,179,1,218,0
1,2,186,1,218,0
-4,-7,199,1,218,0
-4,2,208,1,218,0
6,-2,217,1,218,0
1,-8,3,1,218,0
-4,-8,5,1,218,0
-6,5,15,1,218,0
6,-3,52,1,218,0
3,5,58,1,218,0
2,4,73,1,218,0
4,-7,74,1,218,0
5,7,76,1,218,0
3,-4,116,1,218,0
0,-5,118,1,218,0
1,3,132,1,218,0
-2,1,158,1,218,0
-2,-2,169,1,218,0
-1,0,171,1,218,0
0,2,178,1,218,0
-5,-1,189,1,218,0
2,-1,189,1,218,0
-4,3,216,1,218,0
-5,5,21,1,218,0
-3,-6,45,1,218,0
-5,-2,48,1,218,0
3,6,51,1,218,0
7,-7,55,1,218,0
4,7,67,1,218,0
2,5,78,1,218,0
3,-5,91,1,218,0
5,-1,106,1,218,0
0,-6,112,1,218,0
1,4,126,1,218,0
2,-2,131,1,218,0
-2,-3,161,1,218,0
-2,2,167,1,218,0
-1,1,167,1,218,0
-3,3,175,1,218,0
0,3,187,1,218,0
-4,4,217,1,218,0
-6,-6,14,1,218,0
3,7,16,1,218,0
-4,5,27,1,218,0
-5,-3,41,1,218,0
-2,-4,48,1,218,0
0,-7,105,1,218,0
2,6,112,1,218,0
1,5,119,1,218,0
2,-3,124,1,218,0
-1,-1,162,1,218,0
-2,3,173,1,218,0
-1,2,176,1,218,0
-3,4,183,1,218,0
0,4,194,1,218,0
-3,-7,208,1,218,0
5,-2,212,1,218,0
-8,-2,213,1,218,0
-9,-6,4,1,218,0
-6,-7,9,1,218,0
3,8,13,1,218,0
-2,4,42,1,218,0
5,-3,58,1,218,0
3,-7,79,1,218,0
8,3,84,1,218,0
7,2,103,1,218,0
2,7,106,1,218,0
1,6,113,1,218,0
1,-1,139,1,218,0
-1,-2,154,1,218,0
-1,3,178,1,218,0
-4,-1,182,1,218,0
-3,5,189,1,218,0
-3,-8,205,1,218,0
0,5,208,1,218,0
2,8,6,1,218,0
8,-3,39,1,218,0
-4,-2,49,1,218,0
-1,-3,53,1,218,0
-2,-6,59,1,218,0
6,-7,62,1,218,0
4,0,93,1,218,0
2,-5,85,1,218,0
1,7,94,1,218,0
7,3,94,1,218,0
6,2,109,1,218,0
5,1,116,1,218,0
1,-2,133,1,218,0
-8,1,189,1,218,0
-3,6,192,1,218,0
4,-1,199,1,218,0
0,6,202,1,218,0
-7,-1,208,1,218,0
-1,4,217,1,218,0
2,9,5,1,218,0
-3,7,14,1,218,0
-5,-6,21,1,218,0
-1,-4,52,1,218,0
8,5,91,1,218,0
1,-3,93,1,218,0
5,-5,102,1,218,0
5,2,113,1,218,0
3,0,118,1,218,0
4,1,122,1,218,0
-4,-3,173,1,218,0
-7,1,203,1,218,0
-2,6,199,1,218,0
-6,0,199,1,218,0
4,-2,205,1,218,0
-1,5,209,1,218,0
0,7,212,1,218,0
-2,-7,215,1,218,0
-7,-2,217,1,218,0
1,8,217,1,218,0
6,3,217,1,218,0
-5,-7,8,1,219,0
-8,-6,9,1,219,0
-3,8,9,1,219,0
-7,-3,29,1,219,0
4,-3,64,1,219,0
-1,-5,66,1,219,0
2,-7,87,1,219,0
1,-4,97,1,219,0
7,5,98,1,219,0
3,1,129,1,219,0
0,-1,155,1,219,0
-3,-1,175,1,219,0
-6,1,199,1,219,0
-4,-4,181,1,219,0
2,0,188,1,219,0
-7,2,209,1,219,0
-1,6,204,1,219,0
-2,7,209,1,219,0
5,3,212,1,219,0
0,8,215,1,219,0
-3,9,3,1,219,0
-7,-4,28,1,219,0
7,-3,46,1,219,0
-1,-6,61,1,219,0
5,-7,68,1,219,0
1,-5,79,1,219,0
8,7,95,1,219,0
6,5,106,1,219,0
4,-4,112,1,219,0
5,4,115,1,219,0
0,-2,137,1,219,0
2,1,139,1,219,0
1,0,183,1,219,0
-4,-5,188,1,219,0
-4,0,192,1,219,0
3,2,195,1,219,0
-6,-1,196,1,219,0
3,-1,198,1,219,0
-5,1,201,1,219,0
4,3,206,1,219,0
-7,3,216,1,219,0
-1,7,218,1,219,0
-8,5,2,1,219,0
-7,-5,21,1,219,0
8,-7,48,1,219,0
1,-6,93,1,219,0
7,7,102,1,219,0
4,-5,108,1,219,0
6,6,111,1,219,0
5,5,119,1,219,0
0,-3,129,1,219,0
4,4,129,1,219,0
1,1,157,1,219,0
-3,-3,169,1,219,0
0,0,176,1,219,0
-3,0,187,1,219,0
2,2,192,1,219,0
-4,1,194,1,219,0
-4,-6,194,1,219,0
3,3,199,1,219,0
-5,2,205,1,219,0
-1,8,213,1,219,0
-7,4,219,1,219,0
-1,-7,217,1,219,0
-7,5,9,1,219,0
-7,-6,14,1,219,0
-6,-3,38,1,219,0
-3,-4,42,1,219,0
1,-7,91,1,219,0
6,7,106,1,219,0
5,6,114,1,219,0
3,-3,121,1,219,0
4,5,123,1,219,0
0,-4,124,1,219,0
3,4,131,1,219,0
2,3,139,1,219,0
-3,1,162,1,219,0
-2,-1,174,1,219,0
0,1,175,1,219,0
-2,0,179,1,219,0
1,2,186,1,219,0
-4,-7,199,1,219,0
-4,2,208,1,219,0
6,-2,218,1,219,0
1,-8,3,1,219,0
-4,-8,5,1,219,0
-6,5,15,1,219,0
6,-3,52,1,219,0
3,5,58,1,219,0
2,4,73,1,219,0
4,-7,74,1,219,0
5,7,76,1,219,0
3,-4,116,1,219,0
0,-5,118,1,219,0
1,3,132,1,219,0
-2,1,158,1,219,0
-2,-2,169,1,219,0
-1,0,171,1,219,0
0,2,178,1,219,0
-5,-1,189,1,219,0
2,-1,189,1,219,0
-4,3,216,1,219,0
-5,5,21,1,219,0
-3,-6,45,1,219,0
-5,-2,48,1,219,0
3,6,51,1,219,0
7,-7,55,1,219,0
4,7,67,1,219,0
2,5,78,1,219,0
3,-5,91,1,219,0
5,-1,106,1,219,0
0,-6,112,1,219,0
1,4,126,1,219,0
2,-2,131,1,219,0
-2,-3,161,1,219,0
-2,2,167,1,219,0
-1,1,167,1,219,0
-3,3,175,1,219,0
0,3,187,1,219,0
-4,4,218,1,219,0
-6,-6,14,1,219,0
3,7,16,1,219,0
-4,5,27,1,219,0
-5,-3,41,1,219,0
-2,-4,48,1,219,0
0,-7,105,1,219,0
2,6,112,1,219,0
1,5,119,1,219,0
2,-3,124,1,219,0
-1,-1,162,1,219,0
-2,3,173,1,219,0
-1,2,176,1,219,0
-3,4,183,1,219,0
0,4,194,1,219,0
-3,-7,208,1,219,0
5,-2,212,1,219,0
-8,-2,213,1,219,0
-9,-6,4,1,219,0
-6,-7,9,1,219,0
3,8,13,1,219,0
-2,4,42,1,219,0
5,-3,58,1,219,0
3,-7,79,1,219,0
8,3,84,1,219,0
7,2,103,1,219,0
2,7,106,1,219,0
1,6,113,1,219,0
1,-1,139,1,219,0
-1,-2,154,1,219,0
-1,3,178,1,219,0
-4,-1,182,1,219,0
-3,5,189,1,219,0
-3,-8,205,1,219,0
0,5,208,1,219,0
2,8,6,1,219,0
8,-3,39,1,219,0
-4,-2,49,1,219,0
-1,-3,53,1,219,0
-2,-6,59,1,219,0
6,-7,62,1,219,0
4,0,93,1,219,0
2,-5,85,1,219,0
1,7,94,1,219,0
7,3,94,1,219,0
6,2,109,1,219,0
5,1,116,1,219,0
1,-2,133,1,219,0
-8,1,189,1,219,0
-3,6,192,1,219,0
4,-1,199,1,219,0
0,6,202,1,219,0
-7,-1,208,1,219,0
-1,4,218,1,219,0
2,9,5,1,219,0
-3,7,14,1,219,0
-5,-6,21,1,219,0
-1,-4,52,1,219,0
8,5,91,1,219,0
1,-3,93,1,219,0
5,-5,102,1,219,0
5,2,113,1,219,0
3,0,118,1,219,0
4,1,122,1,219,0
-4,-3,173,1,219,0
-7,1,203,1,219,0
-2,6,199,1,219,0
-6,0,199,1,219,0
4,-2,205,1,219,0
-1,5,209,1,219,0
0,7,212,1,219,0
-2,-7,215,1,219,0
-7,-2,218,1,219,0
1,8,218,1,219,0
6,3,218,1,219,0
-5,-7,8,1,220,0
-8,-6,9,1,220,0
-3,8,9,1,220,0
4,-3,64,1,220,0
-1,-5,66,1,220,0
2,-7,87,1,220,0
1,-4,97,1,220,0
7,5,98,1,220,0
3,1,129,1,220,0
0,-1,155,1,220,0
-3,-1,175,1,220,0
-6,1,199,1,220,0
-4,-4,181,1,220,0
2,0,188,1,220,0
-7,2,209,1,220,0
-1,6,204,1,220,0
-2,7,209,1,220,0
5,3,212,1,220,0
0,8,215,1,220,0
-7,-3,219,1,220,0
-3,9,3,1,220,0
-7,-4,28,1,220,0
7,-3,46,1,220,0
-1,-6,61,1,220,0
5,-7,68,1,220,0
1,-5,79,1,220,0
8,7,95,1,220,0
6,5,106,1,220,0
4,-4,112,1,220,0
5,4,115,1,220,0
0,-2,137,1,220,0
2,1,139,1,220,0
1,0,183,1,220,0
-4,-5,188,1,220,0
-4,0,192,1,220,0
3,2,195,1,220,0
-6,-1,196,1,220,0
3,-1,198,1,220,0
-5,1,201,1,220,0
4,3,206,1,220,0
-7,3,216,1,220,0
-1,7,219,1,220,0
-8,5,2,1,220,0
-7,-5,21,1,220,0
8,-7,48,1,220,0
1,-6,93,1,220,0
7,7,102,1,220,0
4,-5,108,1,220,0
6,6,111,1,220,0
5,5,119,1,220,0
0,-3,129,1,220,0
4,4,129,1,220,0
1,1,157,1,220,0
-3,-3,169,1,220,0
0,0,176,1,220,0
-3,0,187,1,220,0
2,2,192,1,220,0
-4,1,194,1,220,0
-4,-6,194,1,220,0
3,3,199,1,220,0
-5,2,205,1,220,0
-1,8,213,1,220,0
-7,4,219,1,220,0
-1,-7,218,1,220,0
-7,5,9,1,220,0
-7,-6,14,1,220,0
-6,-3,38,1,220,0
-3,-4,42,1,220,0
1,-7,91,1,220,0
6,7,106,1,220,0
5,6,114,1,220,0
3,-3,121,1,220,0
4,5,123,1,220,0
0,-4,124,1,220,0
3,4,131,1,220,0
2,3,139,1,220,0
-3,1,162,1,220,0
-2,-1,174,1,220,0
0,1,175,1,220,0
-2,0,179,1,220,0
1,2,186,1,220,0
-4,-7,199,1,220,0
-4,2,208,1,220,0
6,-2,219,1,220,0
1,-8,3,1,220,0
-4,-8,5,1,220,0
-6,5,15,1,220,0
6,-3,52,1,220,0
3,5,58,1,220,0
2,4,73,1,220,0
4,-7,74,1,220,0
5,7,76,1,220,0
3,-4,116,1,220,0
0,-5,118,1,220,0
1,3,132,1,220,0
-2,1,158,1,220,0
-2,-2,169,1,220,0
-1,0,171,1,220,0
0,2,178,1,220,0
-5,-1,189,1,220,0
2,-1,189,1,220,0
-4,3,216,1,220,0
-5,5,21,1,220,0
-3,-6,45,1,220,0
-5,-2,48,1,220,0
3,6,51,1,220,0
7,-7,55,1,220,0
4,7,67,1,220,0
2,5,78,1,220,0
3,-5,91,1,220,0
5,-1,106,1,220,0
0,-6,112,1,220,0
1,4,126,1,220,0
2,-2,131,1,220,0
-2,-3,161,1,220,0
-2,2,167,1,220,0
-1,1,167,1,220,0
-3,3,175,1,220,0
0,3,187,1,220,0
-4,4,219,1,220,0
-6,-6,14,1,220,0
3,7,16,1,220,0
-4,5,27,1,220,0
-5,-3,41,1,220,0
-2,-4,48,1,220,0
0,-7,105,1,220,0
2,6,112,1,220,0
1,5,119,1,220,0
2,-3,124,1,220,0
-1,-1,162,1,220,0
-2,3,173,1,220,0
-1,2,176,1,220,0
-3,4,183,1,220,0
0,4,194,1,220,0
-3,-7,208,1,220,0
5,-2,212,1,220,0
-8,-2,213,1,220,0
-9,-6,4,1,220,0
-6,-7,9,1,220,0
3,8,13,1,220,0
-2,4,42,1,220,0
5,-3,58,1,220,0
3,-7,79,1,220,0
8,3,84,1,220,0
7,2,103,1,220,0
2,7,106,1,220,0
1,6,113,1,220,0
1,-1,139,1,220,0
-1,-2,154,1,220,0
-1,3,178,1,220,0
-4,-1,182,1,220,0
-3,5,189,1,220,0
-3,-8,205,1,220,0
0,5,208,1,220,0
2,8,6,1,220,0
8,-3,39,1,220,0
-4,-2,49,1,220,0
-1,-3,53,1,220,0
-2,-6,59,1,220,0
6,-7,62,1,220,0
4,0,93,1,220,0
2,-5,85,1,220,0
7,3,94,1,220,0
6,2,109,1,220,0
5,1,116,1,220,0
1,-2,133,1,220,0
-8,1,189,1,220,0
-3,6,192,1,220,0
4,-1,199,1,220,0
0,6,202,1,220,0
-7,-1,208,1,220,0
-1,4,218,1,220,0
1,7,219,1,220,0
-2,5,219,1,220,0
2,9,5,1,220,0
-3,7,14,1,220,0
-5,-6,21,1,220,0
-1,-4,52,1,220,0
8,5,91,1,220,0
1,-3,93,1,220,0
5,-5,102,1,220,0
5,2,113,1,220,0
3,0,118,1,220,0
4,1,122,1,220,0
-4,-3,173,1,220,0
-7,1,203,1,220,0
-2,6,199,1,220,0
-6,0,199,1,220,0
4,-2,205,1,220,0
-1,5,209,1,220,0
0,7,212,1,220,0
-2,-7,215,1,220,0
-7,-2,218,1,220,0
1,8,218,1,220,0
6,3,219,1,220,0
-5,-7,8,1,221,0
-8,-6,9,1,221,0
-3,8,9,1,221,0
4,-3,64,1,221,0
-1,-5,66,1,221,0
2,-7,87,1,221,0
1,-4,97,1,221,0
7,5,98,1,221,0
3,1,129,1,221,0
0,-1,155,1,221,0
-3,-1,175,1,221,0
-6,1,199,1,221,0
-4,-4,181,1,221,0
2,0,188,1,221,0
-7,2,209,1,221,0
-1,6,204,1,221,0
-2,7,209,1,221,0
5,3,212,1,221,0
0,8,215,1,221,0
-7,-3,219,1,221,0
-3,9,3,1,221,0
-7,-4,28,1,221,0
7,-3,46,1,221,0
-1,-6,61,1,221,0
5,-7,68,1,221,0
1,-5,79,1,221,0
8,7,95,1,221,0
6,5,106,1,221,0
4,-4,112,1,221,0
5,4,115,1,221,0
0,-2,137,1,221,0
2,1,139,1,221,0
1,0,183,1,221,0
-4,-5,188,1,221,0
-4,0,192,1,221,0
3,2,195,1,221,0
-6,-1,196,1,221,0
3,-1,198,1,221,0
-5,1,201,1,221,0
4,3,206,1,221,0
-7,3,216,1,221,0
-1,7,219,1,221,0
-8,5,2,1,221,0
-7,-5,21,1,221,0
8,-7,48,1,221,0
1,-6,93,1,221,0
7,7,102,1,221,0
4,-5,108,1,221,0
6,6,111,1,221,0
5,5,119,1,221,0
0,-3,129,1,221,0
4,4,129,1,221,0
1,1,157,1,221,0
-3,-3,169,1,221,0
0,0,176,1,221,0
-3,0,187,1,221,0
2,2,192,1,221,0
-4,1,194,1,221,0
-4,-6,194,1,221,0
3,3,199,1,221,0
-5,2,205,1,221,0
-1,8,213,1,221,0
-7,4,221,1,221,0
-1,-7,218,1,221,0
-7,5,9,1,221,0
-7,-6,14,1,221,0
-6,-3,38,1,221,0
-3,-4,42,1,221,0
1,-7,91,1,221,0
6,7,106,1,221,0
5,6,114,1,221,0
3,-3,121,1,221,0
4,5,123,1,221,0
0,-4,124,1,221,0
3,4,131,1,221,0
2,3,139,1,221,0
-3,1,162,1,221,0
-2,-1,174,1,221,0
0,1,175,1,221,0
-2,0,179,1,221,0
1,2,186,1,221,0
-4,-7,199,1,221,0
-4,2,208,1,221,0
6,-2,219,1,221,0
-1,-8,219,1,221,0
1,-8,3,1,221,0
-4,-8,5,1,221,0
-6,5,15,1,221,0
6,-3,52,1,221,0
3,5,58,1,221,0
2,4,73,1,221,0
4,-7,74,1,221,0
5,7,76,1,221,0
3,-4,116,1,221,0
0,-5,118,1,221,0
1,3,132,1,221,0
-2,1,158,1,221,0
-2,-2,169,1,221,0
-1,0,171,1,221,0
0,2,178,1,221,0
-5,-1,189,1,221,0
2,-1,189,1,221,0
-4,3,216,1,221,0
-5,5,21,1,221,0
-3,-6,45,1,221,0
-5,-2,48,1,221,0
3,6,51,1,221,0
7,-7,55,1,221,0
4,7,67,1,221,0
2,5,78,1,221,0
3,-5,91,1,221,0
5,-1,106,1,221,0
0,-6,112,1,221,0
1,4,126,1,221,0
2,-2,131,1,221,0
-2,-3,161,1,221,0
-2,2,167,1,221,0
-1,1,167,1,221,0
-3,3,175,1,221,0
0,3,187,1,221,0
-4,4,219,1,221,0
-6,-6,14,1,221,0
3,7,16,1,221,0
-4,5,27,1,221,0
-5,-3,41,1,221,0
-2,-4,48,1,221,0
0,-7,105,1,221,0
2,6,112,1,221,0
1,5,119,1,221,0
2,-3,124,1,221,0
-1,-1,162,1,221,0
-2,3,173,1,221,0
-1,2,176,1,221,0
-3,4,183,1,221,0
0,4,194,1,221,0
-3,-7,208,1,221,0
5,-2,212,1,221,0
-8,-2,213,1,221,0
-9,-6,4,1,221,0
-6,-7,9,1,221,0
3,8,13,1,221,0
-2,4,42,1,221,0
5,-3,58,1,221,0
3,-7,79,1,221,0
8,3,84,1,221,0
7,2,103,1,221,0
2,7,106,1,221,0
1,6,113,1,221,0
1,-1,139,1,221,0
-1,-2,154,1,221,0
-1,3,178,1,221,0
-4,-1,182,1,221,0
-3,5,189,1,221,0
-3,-8,205,1,221,0
0,5,208,1,221,0
2,8,6,1,221,0
8,-3,39,1,221,0
-4,-2,49,1,221,0
-1,-3,53,1,221,0
-2,-6,59,1,221,0
6,-7,62,1,221,0
4,0,93,1,221,0
2,-5,85,1,221,0
7,3,94,1,221,0
6,2,109,1,221,0
5,1,116,1,221,0
1,-2,133,1,221,0
-8,1,189,1,221,0
-3,6,192,1,221,0
4,-1,199,1,221,0
0,6,202,1,221,0
-7,-1,208,1,221,0
-1,4,218,1,221,0
1,7,219,1,221,0
-2,5,219,1,221,0
2,9,5,1,221,0
-3,7,14,1,221,0
-5,-6,21,1,221,0
-1,-4,52,1,221,0
8,5,91,1,221,0
1,-3,93,1,221,0
5,-5,102,1,221,0
5,2,113,1,221,0
3,0,118,1,221,0
4,1,122,1,221,0
-4,-3,173,1,221,0
-7,1,203,1,221,0
-2,6,199,1,221,0
-6,0,199,1,221,0
4,-2,205,1,221,0
-1,5,209,1,221,0
0,7,212,1,221,0
-2,-7,215,1,221,0
-7,-2,218,1,221,0
1,8,218,1,221,0
6,3,219,1,221,0
-5,-7,8,1,222,0
-8,-6,9,1,222,0
-3,8,9,1,222,0
4,-3,64,1,222,0
-1,-5,66,1,222,0
2,-7,87,1,222,0
1,-4,97,1,222,0
7,5,98,1,222,0
3,1,129,1,222,0
0,-1,155,1,222,0
-3,-1,175,1,222,0
-6,1,199,1,222,0
-4,-4,181,1,222,0
2,0,188,1,222,0
-7,2,209,1,222,0
-2,7,209,1,222,0
5,3,212,1,222,0
0,8,215,1,222,0
-1,6,221,1,222,0
-7,-3,221,1,222,0
7,-2,221,1,222,0
-3,9,3,1,222,0
-7,-4,28,1,222,0
7,-3,46,1,222,0
-1,-6,61,1,222,0
5,-7,68,1,222,0
1,-5,79,1,222,0
8,7,95,1,222,0
6,5,106,1,222,0
4,-4,112,1,222,0
5,4,115,1,222,0
0,-2,137,1,222,0
2,1,139,1,222,0
1,0,183,1,222,0
-4,-5,188,1,222,0
-4,0,192,1,222,0
3,2,195,1,222,0
-6,-1,196,1,222,0
3,-1,198,1,222,0
-5,1,201,1,222,0
4,3,206,1,222,0
-7,3,216,1,222,0
-1,7,219,1,222,0
-8,5,2,1,222,0
-7,-5,21,1,222,0
8,-7,48,1,222,0
1,-6,93,1,222,0
7,7,102,1,222,0
4,-5,108,1,222,0
6,6,111,1,222,0
5,5,119,1,222,0
0,-3,129,1,222,0
4,4,129,1,222,0
1,1,157,1,222,0
-3,-3,169,1,222,0
0,0,176,1,222,0
-3,0,187,1,222,0
2,2,192,1,222,0
-4,1,194,1,222,0
-4,-6,194,1,222,0
3,3,199,1,222,0
-5,2,205,1,222,0
-1,8,213,1,222,0
-7,4,222,1,222,0
-1,-7,218,1,222,0
-7,5,9,1,222,0
-7,-6,14,1,222,0
-6,-3,38,1,222,0
-3,-4,42,1,222,0
1,-7,91,1,222,0
6,7,106,1,222,0
5,6,114,1,222,0
3,-3,121,1,222,0
4,5,123,1,222,0
0,-4,124,1,222,0
3,4,131,1,222,0
2,3,139,1,222,0
-3,1,162,1,222,0
-2,-1,174,1,222,0
0,1,175,1,222,0
-2,0,179,1,222,0
1,2,186,1,222,0
-4,-7,199,1,222,0
-4,2,208,1,222,0
6,-2,219,1,222,0
-1,-8,219,1,222,0
1,-8,3,1,222,0
-4,-8,5,1,222,0
-6,5,15,1,222,0
6,-3,52,1,222,0
3,5,58,1,222,0
2,4,73,1,222,0
4,-7,74,1,222,0
5,7,76,1,222,0
3,-4,116,1,222,0
0,-5,118,1,222,0
1,3,132,1,222,0
-2,1,158,1,222,0
-2,-2,169,1,222,0
-1,0,171,1,222,0
0,2,178,1,222,0
-5,-1,189,1,222,0
2,-1,189,1,222,0
-4,3,216,1,222,0
-5,5,21,1,222,0
-3,-6,45,1,222,0
-5,-2,48,1,222,0
3,6,51,1,222,0
7,-7,55,1,222,0
4,7,67,1,222,0
2,5,78,1,222,0
3,-5,91,1,222,0
5,-1,106,1,222,0
0,-6,112,1,222,0
1,4,126,1,222,0
2,-2,131,1,222,0
-2,-3,161,1,222,0
-2,2,167,1,222,0
-1,1,167,1,222,0
-3,3,175,1,222,0
0,3,187,1,222,0
-4,4,221,1,222,0
-6,-6,14,1,222,0
3,7,16,1,222,0
-4,5,27,1,222,0
-5,-3,41,1,222,0
-2,-4,48,1,222,0
0,-7,105,1,222,0
2,6,112,1,222,0
1,5,119,1,222,0
2,-3,124,1,222,0
-1,-1,162,1,222,0
-2,3,173,1,222,0
-1,2,176,1,222,0
-3,4,183,1,222,0
0,4,194,1,222,0
-3,-7,208,1,222,0
5,-2,212,1,222,0
-8,-2,213,1,222,0
-9,-6,4,1,222,0
-6,-7,9,1,222,0
3,8,13,1,222,0
-2,4,42,1,222,0
5,-3,58,1,222,0
3,-7,79,1,222,0
8,3,84,1,222,0
7,2,103,1,222,0
2,7,106,1,222,0
1,6,113,1,222,0
1,-1,139,1,222,0
-1,-2,154,1,222,0
-1,3,178,1,222,0
-4,-1,182,1,222,0
-3,5,189,1,222,0
-3,-8,205,1,222,0
0,5,208,1,222,0
2,8,6,1,222,0
8,-3,39,1,222,0
-4,-2,49,1,222,0
-1,-3,53,1,222,0
-2,-6,59,1,222,0
6,-7,62,1,222,0
4,0,93,1,222,0
2,-5,85,1,222,0
7,3,94,1,222,0
6,2,109,1,222,0
5,1,116,1,222,0
1,-2,133,1,222,0
-8,1,189,1,222,0
-3,6,192,1,222,0
4,-1,199,1,222,0
0,6,202,1,222,0
-7,-1,208,1,222,0
-1,4,218,1,222,0
1,7,221,1,222,0
-2,5,221,1,222,0
2,9,5,1,222,0
-3,7,14,1,222,0
-5,-6,21,1,222,0
-1,-4,52,1,222,0
8,5,91,1,222,0
1,-3,93,1,222,0
5,-5,102,1,222,0
5,2,113,1,222,0
3,0,118,1,222,0
4,1,122,1,222,0
-4,-3,173,1,222,0
-7,1,203,1,222,0
-2,6,199,1,222,0
-6,0,199,1,222,0
4,-2,205,1,222,0
-1,5,209,1,222,0
0,7,212,1,222,0
-2,-7,215,1,222,0
-7,-2,218,1,222,0
1,8,218,1,222,0
6,3,219,1,222,0
-5,-7,8,1,223,0
-8,-6,9,1,223,0
-3,8,9,1,223,0
4,-3,64,1,223,0
-1,-5,66,1,223,0
2,-7,87,1,223,0
1,-4,97,1,223,0
7,5,98,1,223,0
3,1,129,1,223,0
0,-1,155,1,223,0
-3,-1,175,1,223,0
-6,1,199,1,223,0
-4,-4,181,1,223,0
2,0,188,1,223,0
-7,2,209,1,223,0
-2,7,209,1,223,0
5,3,212,1,223,0
0,8,215,1,223,0
-1,6,222,1,223,0
-7,-3,222,1,223,0
7,-2,222,1,223,0
-3,9,3,1,223,0
-7,-4,28,1,223,0
7,-3,46,1,223,0
-1,-6,61,1,223,0
5,-7,68,1,223,0
1,-5,79,1,223,0
8,7,95,1,223,0
6,5,106,1,223,0
4,-4,112,1,223,0
5,4,115,1,223,0
0,-2,137,1,223,0
2,1,139,1,223,0
1,0,183,1,223,0
-4,-5,188,1,223,0
-4,0,192,1,223,0
3,2,195,1,223,0
-6,-1,196,1,223,0
3,-1,198,1,223,0
-5,1,201,1,223,0
4,3,206,1,223,0
-7,3,216,1,223,0
-1,7,219,1,223,0
-8,5,2,1,223,0
-7,-5,21,1,223,0
8,-7,48,1,223,0
1,-6,93,1,223,0
7,7,102,1,223,0
4,-5,108,1,223,0
6,6,111,1,223,0
5,5,119,1,223,0
0,-3,129,1,223,0
4,4,129,1,223,0
1,1,157,1,223,0
-3,-3,169,1,223,0
0,0,176,1,223,0
-3,0,187,1,223,0
2,2,192,1,223,0
-4,1,194,1,223,0
-4,-6,194,1,223,0
3,3,199,1,223,0
-5,2,205,1,223,0
-1,8,213,1,223,0
-7,4,223,1,223,0
-1,-7,218,1,223,0
-7,5,9,1,223,0
-7,-6,14,1,223,0
-6,-3,38,1,223,0
-3,-4,42,1,223,0
1,-7,91,1,223,0
6,7,106,1,223,0
5,6,114,1,223,0
3,-3,121,1,223,0
4,5,123,1,223,0
0,-4,124,1,223,0
3,4,131,1,223,0
2,3,139,1,223,0
-3,1,162,1,223,0
-2,-1,174,1,223,0
0,1,175,1,223,0
-2,0,179,1,223,0
1,2,186,1,223,0
-4,-7,199,1,223,0
-4,2,208,1,223,0
6,-2,219,1,223,0
-1,-8,222,1,223,0
1,-8,3,1,223,0
-4,-8,5,1,223,0
-6,5,15,1,223,0
6,-3,52,1,223,0
3,5,58,1,223,0
2,4,73,1,223,0
4,-7,74,1,223,0
5,7,76,1,223,0
3,-4,116,1,223,0
0,-5,118,1,223,0
1,3,132,1,223,0
-2,1,158,1,223,0
-2,-2,169,1,223,0
-1,0,171,1,223,0
0,2,178,1,223,0
-5,-1,189,1,223,0
2,-1,189,1,223,0
-4,3,216,1,223,0
-5,4,222,1,223,0
-5,5,21,1,223,0
-3,-6,45,1,223,0
-5,-2,48,1,223,0
3,6,51,1,223,0
7,-7,55,1,223,0
4,7,67,1,223,0
2,5,78,1,223,0
3,-5,91,1,223,0
5,-1,106,1,223,0
0,-6,112,1,223,0
1,4,126,1,223,0
2,-2,131,1,223,0
-2,-3,161,1,223,0
-2,2,167,1,223,0
-1,1,167,1,223,0
-3,3,175,1,223,0
0,3,187,1,223,0
-4,4,221,1,223,0
-6,-6,14,1,223,0
3,7,16,1,223,0
-4,5,27,1,223,0
-5,-3,41,1,223,0
-2,-4,48,1,223,0
0,-7,105,1,223,0
2,6,112,1,223,0
1,5,119,1,223,0
2,-3,124,1,223,0
-1,-1,162,1,223,0
-2,3,173,1,223,0
-1,2,176,1,223,0
-3,4,183,1,223,0
0,4,194,1,223,0
-3,-7,208,1,223,0
5,-2,212,1,223,0
-8,-2,213,1,223,0
-9,-6,4,1,223,0
-6,-7,9,1,223,0
3,8,13,1,223,0
-2,4,42,1,223,0
5,-3,58,1,223,0
3,-7,79,1,223,0
8,3,84,1,223,0
7,2,103,1,223,0
2,7,106,1,223,0
1,6,113,1,223,0
1,-1,139,1,223,0
-1,-2,154,1,223,0
-1,3,178,1,223,0
-4,-1,182,1,223,0
-3,5,189,1,223,0
-3,-8,205,1,223,0
0,5,208,1,223,0
2,8,6,1,223,0
8,-3,39,1,223,0
-4,-2,49,1,223,0
-1,-3,53,1,223,0
-2,-6,59,1,223,0
6,-7,62,1,223,0
4,0,93,1,223,0
2,-5,85,1,223,0
6,2,109,1,223,0
5,1,116,1,223,0
1,-2,133,1,223,0
-8,1,189,1,223,0
-3,6,192,1,223,0
4,-1,199,1,223,0
0,6,202,1,223,0
-7,-1,208,1,223,0
-1,4,218,1,223,0
1,7,222,1,223,0
-2,5,222,1,223,0
7,3,222,1,223,0
2,9,5,1,223,0
-3,7,14,1,223,0
-5,-6,21,1,223,0
-1,-4,52,1,223,0
8,5,91,1,223,0
1,-3,93,1,223,0
5,-5,102,1,223,0
5,2,113,1,223,0
3,0,118,1,223,0
4,1,122,1,223,0
-4,-3,173,1,223,0
-7,1,203,1,223,0
-2,6,199,1,223,0
-6,0,199,1,223,0
4,-2,205,1,223,0
-1,5,209,1,223,0
0,7,212,1,223,0
-2,-7,215,1,223,0
-7,-2,218,1,223,0
1,8,218,1,223,0
6,3,219,1,223,0
-5,-7,8,1,224,0
-8,-6,9,1,224,0
-3,8,9,1,224,0
4,-3,64,1,224,0
-1,-5,66,1,224,0
2,-7,87,1,224,0
1,-4,97,1,224,0
7,5,98,1,224,0
3,1,129,1,224,0
0,-1,155,1,224,0
-3,-1,175,1,224,0
-6,1,199,1,224,0
-4,-4,181,1,224,0
2,0,188,1,224,0
-7,2,209,1,224,0
-2,7,209,1,224,0
5,3,212,1,224,0
0,8,215,1,224,0
-7,-3,222,1,224,0
-1,6,223,1,224,0
7,-2,223,1,224,0
-3,9,3,1,224,0
-7,-4,28,1,224,0
7,-3,46,1,224,0
-1,-6,61,1,224,0
5,-7,68,1,224,0
1,-5,79,1,224,0
8,7,95,1,224,0
6,5,106,1,224,0
4,-4,112,1,224,0
5,4,115,1,224,0
0,-2,137,1,224,0
2,1,139,1,224,0
1,0,183,1,224,0
-4,-5,188,1,224,0
-4,0,192,1,224,0
3,2,195,1,224,0
-6,-1,196,1,224,0
3,-1,198,1,224,0
-5,1,201,1,224,0
4,3,206,1,224,0
-7,3,216,1,224,0
-1,7,219,1,224,0
-8,5,2,1,224,0
-7,-5,21,1,224,0
8,-7,48,1,224,0
1,-6,93,1,224,0
7,7,102,1,224,0
4,-5,108,1,224,0
6,6,111,1,224,0
5,5,119,1,224,0
0,-3,129,1,224,0
4,4,129,1,224,0
1,1,157,1,224,0
-3,-3,169,1,224,0
0,0,176,1,224,0
-3,0,187,1,224,0
2,2,192,1,224,0
-4,1,194,1,224,0
-4,-6,194,1,224,0
3,3,199,1,224,0
-5,2,205,1,224,0
-1,8,213,1,224,0
-7,4,223,1,224,0
-1,-7,218,1,224,0
-7,5,224,1,224,0
-7,-6,14,1,224,0
-3,-4,42,1,224,0
1,-7,91,1,224,0
6,7,106,1,224,0
5,6,114,1,224,0
3,-3,121,1,224,0
4,5,123,1,224,0
0,-4,124,1,224,0
3,4,131,1,224,0
2,3,139,1,224,0
-3,1,162,1,224,0
-2,-1,174,1,224,0
0,1,175,1,224,0
-2,0,179,1,224,0
1,2,186,1,224,0
-4,-7,199,1,224,0
-4,2,208,1,224,0
6,-2,219,1,224,0
-6,-3,223,1,224,0
-1,-8,223,1,224,0
1,-8,3,1,224,0
-4,-8,5,1,224,0
-6,5,15,1,224,0
6,-3,52,1,224,0
3,5,58,1,224,0
2,4,73,1,224,0
4,-7,74,1,224,0
5,7,76,1,224,0
3,-4,116,1,224,0
0,-5,118,1,224,0
1,3,132,1,224,0
-2,1,158,1,224,0
-2,-2,169,1,224,0
-1,0,171,1,224,0
0,2,178,1,224,0
-5,-1,189,1,224,0
2,-1,189,1,224,0
-4,3,216,1,224,0
-5,4,223,1,224,0
-5,5,21,1,224,0
-3,-6,45,1,224,0
-5,-2,48,1,224,0
3,6,51,1,224,0
7,-7,55,1,224,0
4,7,67,1,224,0
2,5,78,1,224,0
3,-5,91,1,224,0
5,-1,106,1,224,0
0,-6,112,1,224,0
1,4,126,1,224,0
2,-2,131,1,224,0
-2,-3,161,1,224,0
-2,2,167,1,224,0
-1,1,167,1,224,0
-3,3,175,1,224,0
0,3,187,1,224,0
-4,4,221,1,224,0
-6,-6,14,1,224,0
3,7,16,1,224,0
-4,5,27,1,224,0
-5,-3,41,1,224,0
-2,-4,48,1,224,0
0,-7,105,1,224,0
2,6,112,1,224,0
1,5,119,1,224,0
2,-3,124,1,224,0
-1,-1,162,1,224,0
-2,3,173,1,224,0
-1,2,176,1,224,0
-3,4,183,1,224,0
0,4,194,1,224,0
-3,-7,208,1,224,0
5,-2,212,1,224,0
-8,-2,213,1,224,0
-9,-6,4,1,224,0
-6,-7,9,1,224,0
3,8,13,1,224,0
-2,4,42,1,224,0
5,-3,58,1,224,0
3,-7,79,1,224,0
8,3,84,1,224,0
7,2,103,1,224,0
2,7,106,1,224,0
1,6,113,1,224,0
1,-1,139,1,224,0
-1,-2,154,1,224,0
-1,3,178,1,224,0
-4,-1,182,1,224,0
-3,5,189,1,224,0
-3,-8,205,1,224,0
0,5,208,1,224,0
8,-3,39,1,224,0
-4,-2,49,1,224,0
-1,-3,53,1,224,0
-2,-6,59,1,224,0
6,-7,62,1,224,0
4,0,93,1,224,0
2,-5,85,1,224,0
6,2,109,1,224,0
5,1,116,1,224,0
1,-2,133,1,224,0
-8,1,189,1,224,0
-3,6,192,1,224,0
4,-1,199,1,224,0
0,6,202,1,224,0
-7,-1,208,1,224,0
-1,4,218,1,224,0
1,7,222,1,224,0
2,8,223,1,224,0
-2,5,223,1,224,0
7,3,223,1,224,0
2,9,5,1,224,0
-3,7,14,1,224,0
-5,-6,21,1,224,0
-1,-4,52,1,224,0
8,5,91,1,224,0
1,-3,93,1,224,0
5,-5,102,1,224,0
5,2,113,1,224,0
3,0,118,1,224,0
4,1,122,1,224,0
-4,-3,173,1,224,0
-7,1,203,1,224,0
-2,6,199,1,224,0
-6,0,199,1,224,0
4,-2,205,1,224,0
-1,5,209,1,224,0
0,7,212,1,224,0
-2,-7,215,1,224,0
-7,-2,218,1,224,0
1,8,218,1,224,0
6,3,219,1,224,0
-5,-7,8,1,225,0
-8,-6,9,1,225,0
-3,8,9,1,225,0
4,-3,64,1,225,0
-1,-5,66,1,225,0
2,-7,87,1,225,0
1,-4,97,1,225,0
7,5,98,1,225,0
3,1,129,1,225,0
0,-1,155,1,225,0
-3,-1,175,1,225,0
-6,1,199,1,225,0
-4,-4,181,1,225,0
2,0,188,1,225,0
-7,2,209,1,225,0
-2,7,209,1,225,0
5,3,212,1,225,0
0,8,215,1,225,0
-7,-3,222,1,225,0
-1,6,224,1,225,0
7,-2,224,1,225,0
-3,9,3,1,225,0
-7,-4,28,1,225,0
7,-3,46,1,225,0
-1,-6,61,1,225,0
5,-7,68,1,225,0
1,-5,79,1,225,0
8,7,95,1,225,0
6,5,106,1,225,0
4,-4,112,1,225,0
5,4,115,1,225,0
0,-2,137,1,225,0
2,1,139,1,225,0
1,0,183,1,225,0
-4,-5,188,1,225,0
-4,0,192,1,225,0
3,2,195,1,225,0
-6,-1,196,1,225,0
3,-1,198,1,225,0
-5,1,201,1,225,0
4,3,206,1,225,0
-7,3,216,1,225,0
-1,7,219,1,225,0
-8,5,2,1,225,0
-7,-5,21,1,225,0
8,-7,48,1,225,0
1,-6,93,1,225,0
7,7,102,1,225,0
4,-5,108,1,225,0
6,6,111,1,225,0
5,5,119,1,225,0
0,-3,129,1,225,0
4,4,129,1,225,0
1,1,157,1,225,0
-3,-3,169,1,225,0
0,0,176,1,225,0
-3,0,187,1,225,0
2,2,192,1,225,0
-4,1,194,1,225,0
-4,-6,194,1,225,0
3,3,199,1,225,0
-5,2,205,1,225,0
-1,8,213,1,225,0
-7,4,223,1,225,0
-1,-7,218,1,225,0
-7,5,225,1,225,0
-7,-6,14,1,225,0
-3,-4,42,1,225,0
1,-7,91,1,225,0
6,7,106,1,225,0
5,6,114,1,225,0
3,-3,121,1,225,0
4,5,123,1,225,0
0,-4,124,1,225,0
3,4,131,1,225,0
2,3,139,1,225,0
-3,1,162,1,225,0
-2,-1,174,1,225,0
0,1,175,1,225,0
-2,0,179,1,225,0
1,2,186,1,225,0
-4,-7,199,1,225,0
-4,2,208,1,225,0
6,-2,219,1,225,0
-6,-3,224,1,225,0
-1,-8,224,1,225,0
1,-8,3,1,225,0
-4,-8,5,1,225,0
-6,5,15,1,225,0
6,-3,52,1,225,0
3,5,58,1,225,0
2,4,73,1,225,0
4,-7,74,1,225,0
5,7,76,1,225,0
3,-4,116,1,225,0
0,-5,118,1,225,0
1,3,132,1,225,0
-2,1,158,1,225,0
-2,-2,169,1,225,0
-1,0,171,1,225,0
0,2,178,1,225,0
-5,-1,189,1,225,0
2,-1,189,1,225,0
-4,3,216,1,225,0
-5,4,224,1,225,0
-5,5,21,1,225,0
-3,-6,45,1,225,0
-5,-2,48,1,225,0
3,6,51,1,225,0
7,-7,55,1,225,0
4,7,67,1,225,0
2,5,78,1,225,0
3,-5,91,1,225,0
5,-1,106,1,225,0
0,-6,112,1,225,0
1,4,126,1,225,0
2,-2,131,1,225,0
-2,-3,161,1,225,0
-2,2,167,1,225,0
-1,1,167,1,225,0
-3,3,175,1,225,0
0,3,187,1,225,0
-4,4,221,1,225,0
-6,-6,14,1,225,0
3,7,16,1,225,0
-4,5,27,1,225,0
-5,-3,41,1,225,0
-2,-4,48,1,225,0
0,-7,105,1,225,0
2,6,112,1,225,0
1,5,119,1,225,0
2,-3,124,1,225,0
-1,-1,162,1,225,0
-2,3,173,1,225,0
-1,2,176,1,225,0
-3,4,183,1,225,0
0,4,194,1,225,0
-3,-7,208,1,225,0
5,-2,212,1,225,0
-8,-2,213,1,225,0
-9,-6,4,1,225,0
-6,-7,9,1,225,0
3,8,13,1,225,0
5,-3,58,1,225,0
3,-7,79,1,225,0
8,3,84,1,225,0
7,2,103,1,225,0
2,7,106,1,225,0
1,6,113,1,225,0
1,-1,139,1,225,0
-1,-2,154,1,225,0
-1,3,178,1,225,0
-4,-1,182,1,225,0
-3,5,189,1,225,0
-3,-8,205,1,225,0
0,5,208,1,225,0
-2,4,224,1,225,0
8,-3,39,1,225,0
-4,-2,49,1,225,0
-1,-3,53,1,225,0
-2,-6,59,1,225,0
6,-7,62,1,225,0
4,0,93,1,225,0
2,-5,85,1,225,0
6,2,109,1,225,0
5,1,116,1,225,0
1,-2,133,1,225,0
-8,1,189,1,225,0
-3,6,192,1,225,0
4,-1,199,1,225,0
0,6,202,1,225,0
-7,-1,208,1,225,0
-1,4,218,1,225,0
1,7,222,1,225,0
-2,5,223,1,225,0
7,3,223,1,225,0
2,8,224,1,225,0
2,9,5,1,225,0
-3,7,14,1,225,0
-5,-6,21,1,225,0
-1,-4,52,1,225,0
8,5,91,1,225,0
1,-3,93,1,225,0
5,-5,102,1,225,0
5,2,113,1,225,0
3,0,118,1,225,0
4,1,122,1,225,0
-4,-3,173,1,225,0
-7,1,203,1,225,0
-2,6,199,1,225,0
-6,0,199,1,225,0
4,-2,205,1,225,0
-1,5,209,1,225,0
0,7,212,1,225,0
-2,-7,215,1,225,0
-7,-2,218,1,225,0
1,8,218,1,225,0
6,3,219,1,225,0
-5,-7,8,1,226,0
-8,-6,9,1,226,0
-3,8,9,1,226,0
4,-3,64,1,226,0
-1,-5,66,1,226,0
2,-7,87,1,226,0
1,-4,97,1,226,0
7,5,98,1,226,0
3,1,129,1,226,0
0,-1,155,1,226,0
-3,-1,175,1,226,0
-6,1,199,1,226,0
-4,-4,181,1,226,0
2,0,188,1,226,0
-7,2,209,1,226,0
-2,7,209,1,226,0
5,3,212,1,226,0
0,8,215,1,226,0
-7,-3,222,1,226,0
-1,6,225,1,226,0
7,-2,225,1,226,0
-3,9,3,1,226,0
-7,-4,28,1,226,0
7,-3,46,1,226,0
-1,-6,61,1,226,0
5,-7,68,1,226,0
1,-5,79,1,226,0
8,7,95,1,226,0
6,5,106,1,226,0
4,-4,112,1,226,0
5,4,115,1,226,0
0,-2,137,1,226,0
2,1,139,1,226,0
1,0,183,1,226,0
-4,-5,188,1,226,0
-4,0,192,1,226,0
3,2,195,1,226,0
-6,-1,196,1,226,0
3,-1,198,1,226,0
-5,1,201,1,226,0
4,3,206,1,226,0
-7,3,216,1,226,0
-1,7,219,1,226,0
-8,5,2,1,226,0
-7,-5,21,1,226,0
8,-7,48,1,226,0
1,-6,93,1,226,0
7,7,102,1,226,0
4,-5,108,1,226,0
6,6,111,1,226,0
5,5,119,1,226,0
0,-3,129,1,226,0
4,4,129,1,226,0
1,1,157,1,226,0
-3,-3,169,1,226,0
0,0,176,1,226,0
-3,0,187,1,226,0
2,2,192,1,226,0
-4,1,194,1,226,0
-4,-6,194,1,226,0
3,3,199,1,226,0
-5,2,205,1,226,0
-1,8,213,1,226,0
-7,4,223,1,226,0
-1,-7,225,1,226,0
-7,5,226,1,226,0
-7,-6,14,1,226,0
-3,-4,42,1,226,0
1,-7,91,1,226,0
6,7,106,1,226,0
5,6,114,1,226,0
3,-3,121,1,226,0
4,5,123,1,226,0
0,-4,124,1,226,0
3,4,131,1,226,0
2,3,139,1,226,0
-3,1,162,1,226,0
-2,-1,174,1,226,0
0,1,175,1,226,0
-2,0,179,1,226,0
1,2,186,1,226,0
-4,-7,199,1,226,0
-4,2,208,1,226,0
6,-2,219,1,226,0
-1,-8,224,1,226,0
-6,-3,225,1,226,0
1,-8,3,1,226,0
-4,-8,5,1,226,0
-6,5,15,1,226,0
6,-3,52,1,226,0
3,5,58,1,226,0
2,4,73,1,226,0
4,-7,74,1,226,0
5,7,76,1,226,0
3,-4,116,1,226,0
0,-5,118,1,226,0
1,3,132,1,226,0
-2,1,158,1,226,0
-2,-2,169,1,226,0
-1,0,171,1,226,0
0,2,178,1,226,0
-5,-1,189,1,226,0
2,-1,189,1,226,0
-4,3,216,1,226,0
-5,4,225,1,226,0
-5,5,21,1,226,0
-3,-6,45,1,226,0
-5,-2,48,1,226,0
3,6,51,1,226,0
7,-7,55,1,226,0
4,7,67,1,226,0
2,5,78,1,226,0
3,-5,91,1,226,0
5,-1,106,1,226,0
0,-6,112,1,226,0
1,4,126,1,226,0
2,-2,131,1,226,0
-2,-3,161,1,226,0
-2,2,167,1,226,0
-1,1,167,1,226,0
-3,3,175,1,226,0
0,3,187,1,226,0
-4,4,221,1,226,0
-6,-6,14,1,226,0
3,7,16,1,226,0
-4,5,27,1,226,0
-5,-3,41,1,226,0
-2,-4,48,1,226,0
0,-7,105,1,226,0
2,6,112,1,226,0
1,5,119,1,226,0
2,-3,124,1,226,0
-1,-1,162,1,226,0
-2,3,173,1,226,0
-1,2,176,1,226,0
-3,4,183,1,226,0
0,4,194,1,226,0
-3,-7,208,1,226,0
5,-2,212,1,226,0
-8,-2,213,1,226,0
-9,-6,4,1,226,0
-6,-7,9,1,226,0
3,8,13,1,226,0
5,-3,58,1,226,0
3,-7,79,1,226,0
8,3,84,1,226,0
7,2,103,1,226,0
1,6,113,1,226,0
1,-1,139,1,226,0
-1,-2,154,1,226,0
-1,3,178,1,226,0
-4,-1,182,1,226,0
-3,5,189,1,226,0
-3,-8,205,1,226,0
0,5,208,1,226,0
2,7,225,1,226,0
-2,4,225,1,226,0
8,-3,39,1,226,0
-4,-2,49,1,226,0
-1,-3,53,1,226,0
-2,-6,59,1,226,0
6,-7,62,1,226,0
4,0,93,1,226,0
2,-5,85,1,226,0
6,2,109,1,226,0
5,1,116,1,226,0
1,-2,133,1,226,0
-8,1,189,1,226,0
-3,6,192,1,226,0
4,-1,199,1,226,0
0,6,202,1,226,0
-7,-1,208,1,226,0
-1,4,218,1,226,0
1,7,222,1,226,0
-2,5,223,1,226,0
2,8,224,1,226,0
7,3,225,1,226,0
2,9,5,1,226,0
-3,7,14,1,226,0
-5,-6,21,1,226,0
-1,-4,52,1,226,0
8,5,91,1,226,0
1,-3,93,1,226,0
5,-5,102,1,226,0
5,2,113,1,226,0
3,0,118,1,226,0
4,1,122,1,226,0
-4,-3,173,1,226,0
-7,1,203,1,226,0
-2,6,199,1,226,0
-6,0,199,1,226,0
4,-2,205,1,226,0
-1,5,209,1,226,0
0,7,212,1,226,0
-2,-7,215,1,226,0
-7,-2,218,1,226,0
1,8,218,1,226,0
6,3,219,1,226,0
-5,-7,8,1,227,0
-8,-6,9,1,227,0
-3,8,9,1,227,0
4,-3,64,1,227,0
-1,-5,66,1,227,0
2,-7,87,1,227,0
1,-4,97,1,227,0
7,5,98,1,227,0
3,1,129,1,227,0
0,-1,155,1,227,0
-3,-1,175,1,227,0
-6,1,199,1,227,0
-4,-4,181,1,227,0
2,0,188,1,227,0
-7,2,209,1,227,0
-2,7,209,1,227,0
5,3,212,1,227,0
0,8,215,1,227,0
-7,-3,222,1,227,0
7,-2,225,1,227,0
-1,6,226,1,227,0
-3,9,3,1,227,0
-7,-4,28,1,227,0
7,-3,46,1,227,0
-1,-6,61,1,227,0
5,-7,68,1,227,0
1,-5,79,1,227,0
8,7,95,1,227,0
6,5,106,1,227,0
4,-4,112,1,227,0
5,4,115,1,227,0
0,-2,137,1,227,0
2,1,139,1,227,0
1,0,183,1,227,0
-4,-5,188,1,227,0
-4,0,192,1,227,0
3,2,195,1,227,0
-6,-1,196,1,227,0
3,-1,198,1,227,0
-5,1,201,1,227,0
4,3,206,1,227,0
-7,3,216,1,227,0
-1,7,219,1,227,0
-8,5,2,1,227,0
-7,-5,21,1,227,0
8,-7,48,1,227,0
1,-6,93,1,227,0
7,7,102,1,227,0
4,-5,108,1,227,0
6,6,111,1,227,0
5,5,119,1,227,0
0,-3,129,1,227,0
4,4,129,1,227,0
1,1,157,1,227,0
-3,-3,169,1,227,0
0,0,176,1,227,0
-3,0,187,1,227,0
2,2,192,1,227,0
-4,1,194,1,227,0
-4,-6,194,1,227,0
3,3,199,1,227,0
-5,2,205,1,227,0
-1,8,213,1,227,0
-7,4,223,1,227,0
-1,-7,226,1,227,0
-7,5,227,1,227,0
-7,-6,14,1,227,0
-3,-4,42,1,227,0
1,-7,91,1,227,0
6,7,106,1,227,0
5,6,114,1,227,0
3,-3,121,1,227,0
4,5,123,1,227,0
0,-4,124,1,227,0
3,4,131,1,227,0
2,3,139,1,227,0
-3,1,162,1,227,0
-2,-1,174,1,227,0
0,1,175,1,227,0
-2,0,179,1,227,0
1,2,186,1,227,0
-4,-7,199,1,227,0
-4,2,208,1,227,0
6,-2,219,1,227,0
-1,-8,224,1,227,0
-6,-3,226,1,227,0
1,-8,3,1,227,0
-4,-8,5,1,227,0
-6,5,15,1,227,0
6,-3,52,1,227,0
3,5,58,1,227,0
2,4,73,1,227,0
4,-7,74,1,227,0
5,7,76,1,227,0
3,-4,116,1,227,0
0,-5,118,1,227,0
1,3,132,1,227,0
-2,1,158,1,227,0
-2,-2,169,1,227,0
-1,0,171,1,227,0
0,2,178,1,227,0
-5,-1,189,1,227,0
2,-1,189,1,227,0
-4,3,216,1,227,0
-5,4,226,1,227,0
-5,5,21,1,227,0
-3,-6,45,1,227,0
-5,-2,48,1,227,0
3,6,51,1,227,0
7,-7,55,1,227,0
4,7,67,1,227,0
2,5,78,1,227,0
3,-5,91,1,227,0
5,-1,106,1,227,0
0,-6,112,1,227,0
1,4,126,1,227,0
2,-2,131,1,227,0
-2,-3,161,1,227,0
-2,2,167,1,227,0
-1,1,167,1,227,0
-3,3,175,1,227,0
0,3,187,1,227,0
-4,4,221,1,227,0
-6,-6,14,1,227,0
3,7,16,1,227,0
-4,5,27,1,227,0
-5,-3,41,1,227,0
-2,-4,48,1,227,0
0,-7,105,1,227,0
2,6,112,1,227,0
1,5,119,1,227,0
2,-3,124,1,227,0
-1,-1,162,1,227,0
-2,3,173,1,227,0
-1,2,176,1,227,0
-3,4,183,1,227,0
0,4,194,1,227,0
-3,-7,208,1,227,0
5,-2,212,1,227,0
-8,-2,213,1,227,0
-9,-6,4,1,227,0
-6,-7,9,1,227,0
3,8,13,1,227,0
5,-3,58,1,227,0
3,-7,79,1,227,0
8,3,84,1,227,0
7,2,103,1,227,0
1,6,113,1,227,0
1,-1,139,1,227,0
-1,-2,154,1,227,0
-1,3,178,1,227,0
-4,-1,182,1,227,0
-3,5,189,1,227,0
-3,-8,205,1,227,0
0,5,208,1,227,0
2,7,226,1,227,0
-2,4,226,1,227,0
8,-2,226,1,227,0
8,-3,39,1,227,0
-4,-2,49,1,227,0
-1,-3,53,1,227,0
-2,-6,59,1,227,0
6,-7,62,1,227,0
4,0,93,1,227,0
2,-5,85,1,227,0
6,2,109,1,227,0
5,1,116,1,227,0
1,-2,133,1,227,0
-8,1,189,1,227,0
-3,6,192,1,227,0
4,-1,199,1,227,0
0,6,202,1,227,0
-7,-1,208,1,227,0
-1,4,218,1,227,0
1,7,222,1,227,0
-2,5,223,1,227,0
2,8,224,1,227,0
7,3,226,1,227,0
2,9,5,1,227,0
-3,7,14,1,227,0
-5,-6,21,1,227,0
-1,-4,52,1,227,0
8,5,91,1,227,0
1,-3,93,1,227,0
5,-5,102,1,227,0
5,2,113,1,227,0
3,0,118,1,227,0
4,1,122,1,227,0
-4,-3,173,1,227,0
-7,1,203,1,227,0
-2,6,199,1,227,0
-6,0,199,1,227,0
4,-2,205,1,227,0
-1,5,209,1,227,0
0,7,212,1,227,0
-2,-7,215,1,227,0
-7,-2,218,1,227,0
1,8,218,1,227,0
6,3,219,1,227,0
-5,-7,8,1,228,0
-8,-6,9,1,228,0
-3,8,9,1,228,0
4,-3,64,1,228,0
-1,-5,66,1,228,0
2,-7,87,1,228,0
1,-4,97,1,228,0
7,5,98,1,228,0
3,1,129,1,228,0
0,-1,155,1,228,0
-3,-1,175,1,228,0
-6,1,199,1,228,0
-4,-4,181,1,228,0
2,0,188,1,228,0
-7,2,209,1,228,0
-2,7,209,1,228,0
5,3,212,1,228,0
0,8,215,1,228,0
-7,-3,222,1,228,0
7,-2,225,1,228,0
-1,6,226,1,228,0
-3,9,3,1,228,0
-7,-4,28,1,228,0
7,-3,46,1,228,0
-1,-6,61,1,228,0
5,-7,68,1,228,0
1,-5,79,1,228,0
8,7,95,1,228,0
6,5,106,1,228,0
4,-4,112,1,228,0
5,4,115,1,228,0
0,-2,137,1,228,0
2,1,139,1,228,0
1,0,183,1,228,0
-4,-5,188,1,228,0
-4,0,192,1,228,0
3,2,195,1,228,0
-6,-1,196,1,228,0
3,-1,198,1,228,0
-5,1,201,1,228,0
4,3,206,1,228,0
-7,3,216,1,228,0
-1,7,219,1,228,0
-8,5,2,1,228,0
-7,-5,21,1,228,0
8,-7,48,1,228,0
1,-6,93,1,228,0
7,7,102,1,228,0
4,-5,108,1,228,0
6,6,111,1,228,0
5,5,119,1,228,0
0,-3,129,1,228,0
4,4,129,1,228,0
1,1,157,1,228,0
-3,-3,169,1,228,0
0,0,176,1,228,0
-3,0,187,1,228,0
2,2,192,1,228,0
-4,1,194,1,228,0
-4,-6,194,1,228,0
3,3,199,1,228,0
-5,2,205,1,228,0
-1,8,213,1,228,0
-7,4,223,1,228,0
-1,-7,227,1,228,0
-7,5,228,1,228,0
-7,-6,14,1,228,0
-3,-4,42,1,228,0
1,-7,91,1,228,0
6,7,106,1,228,0
5,6,114,1,228,0
3,-3,121,1,228,0
4,5,123,1,228,0
0,-4,124,1,228,0
3,4,131,1,228,0
2,3,139,1,228,0
-3,1,162,1,228,0
-2,-1,174,1,228,0
0,1,175,1,228,0
-2,0,179,1,228,0
1,2,186,1,228,0
-4,-7,199,1,228,0
-4,2,208,1,228,0
6,-2,219,1,228,0
-1,-8,224,1,228,0
-6,-3,227,1,228,0
1,-8,3,1,228,0
-4,-8,5,1,228,0
-6,5,15,1,228,0
6,-3,52,1,228,0
3,5,58,1,228,0
2,4,73,1,228,0
4,-7,74,1,228,0
5,7,76,1,228,0
3,-4,116,1,228,0
0,-5,118,1,228,0
1,3,132,1,228,0
-2,1,158,1,228,0
-2,-2,169,1,228,0
-1,0,171,1,228,0
0,2,178,1,228,0
-5,-1,189,1,228,0
2,-1,189,1,228,0
-4,3,216,1,228,0
-5,4,227,1,228,0
-5,5,21,1,228,0
-3,-6,45,1,228,0
-5,-2,48,1,228,0
3,6,51,1,228,0
7,-7,55,1,228,0
4,7,67,1,228,0
2,5,78,1,228,0
3,-5,91,1,228,0
5,-1,106,1,228,0
0,-6,112,1,228,0
1,4,126,1,228,0
2,-2,131,1,228,0
-2,-3,161,1,228,0
-2,2,167,1,228,0
-1,1,167,1,228,0
-3,3,175,1,228,0
0,3,187,1,228,0
-4,4,221,1,228,0
-6,-6,14,1,228,0
3,7,16,1,228,0
-4,5,27,1,228,0
-5,-3,41,1,228,0
-2,-4,48,1,228,0
0,-7,105,1,228,0
2,6,112,1,228,0
1,5,119,1,228,0
2,-3,124,1,228,0
-1,-1,162,1,228,0
-2,3,173,1,228,0
-1,2,176,1,228,0
-3,4,183,1,228,0
0,4,194,1,228,0
-3,-7,208,1,228,0
5,-2,212,1,228,0
-8,-2,213,1,228,0
-9,-6,4,1,228,0
-6,-7,9,1,228,0
3,8,13,1,228,0
5,-3,58,1,228,0
3,-7,79,1,228,0
8,3,84,1,228,0
7,2,103,1,228,0
1,6,113,1,228,0
1,-1,139,1,228,0
-1,-2,154,1,228,0
-1,3,178,1,228,0
-4,-1,182,1,228,0
-3,5,189,1,228,0
-3,-8,205,1,228,0
0,5,208,1,228,0
8,-2,226,1,228,0
2,7,227,1,228,0
-2,4,227,1,228,0
8,-3,39,1,228,0
-4,-2,49,1,228,0
-1,-3,53,1,228,0
-2,-6,59,1,228,0
6,-7,62,1,228,0
4,0,93,1,228,0
2,-5,85,1,228,0
6,2,109,1,228,0
5,1,116,1,228,0
1,-2,133,1,228,0
-8,1,189,1,228,0
-3,6,192,1,228,0
4,-1,199,1,228,0
0,6,202,1,228,0
-7,-1,208,1,228,0
-1,4,218,1,228,0
1,7,222,1,228,0
-2,5,223,1,228,0
2,8,224,1,228,0
7,3,226,1,228,0
8,4,227,1,228,0
2,9,5,1,228,0
-3,7,14,1,228,0
-5,-6,21,1,228,0
-1,-4,52,1,228,0
8,5,91,1,228,0
1,-3,93,1,228,0
5,-5,102,1,228,0
5,2,113,1,228,0
3,0,118,1,228,0
4,1,122,1,228,0
-4,-3,173,1,228,0
-7,1,203,1,228,0
-2,6,199,1,228,0
-6,0,199,1,228,0
4,-2,205,1,228,0
0,7,212,1,228,0
-2,-7,215,1,228,0
-7,-2,218,1,228,0
1,8,218,1,228,0
6,3,219,1,228,0
-1,5,227,1,228,0
-5,-7,8,1,229,0
-8,-6,9,1,229,0
-3,8,9,1,229,0
4,-3,64,1,229,0
-1,-5,66,1,229,0
2,-7,87,1,229,0
1,-4,97,1,229,0
7,5,98,1,229,0
3,1,129,1,229,0
0,-1,155,1,229,0
-3,-1,175,1,229,0
-6,1,199,1,229,0
-4,-4,181,1,229,0
2,0,188,1,229,0
-7,2,209,1,229,0
-2,7,209,1,229,0
5,3,212,1,229,0
0,8,215,1,229,0
-7,-3,222,1,229,0
7,-2,225,1,229,0
-1,6,226,1,229,0
-3,9,3,1,229,0
-7,-4,28,1,229,0
7,-3,46,1,229,0
-1,-6,61,1,229,0
5,-7,68,1,229,0
1,-5,79,1,229,0
8,7,95,1,229,0
6,5,106,1,229,0
4,-4,112,1,229,0
5,4,115,1,229,0
0,-2,137,1,229,0
2,1,139,1,229,0
1,0,183,1,229,0
-4,-5,188,1,229,0
-4,0,192,1,229,0
3,2,195,1,229,0
-6,-1,196,1,229,0
3,-1,198,1,229,0
-5,1,201,1,229,0
4,3,206,1,229,0
-7,3,216,1,229,0
-1,7,219,1,229,0
-8,5,2,1,229,0
-7,-5,21,1,229,0
8,-7,48,1,229,0
1,-6,93,1,229,0
7,7,102,1,229,0
4,-5,108,1,229,0
6,6,111,1,229,0
5,5,119,1,229,0
0,-3,129,1,229,0
4,4,129,1,229,0
1,1,157,1,229,0
-3,-3,169,1,229,0
0,0,176,1,229,0
-3,0,187,1,229,0
2,2,192,1,229,0
-4,1,194,1,229,0
-4,-6,194,1,229,0
3,3,199,1,229,0
-5,2,205,1,229,0
-1,8,213,1,229,0
-7,4,223,1,229,0
-1,-7,228,1,229,0
-7,5,229,1,229,0
-7,-6,14,1,229,0
-3,-4,42,1,229,0
1,-7,91,1,229,0
6,7,106,1,229,0
5,6,114,1,229,0
3,-3,121,1,229,0
4,5,123,1,229,0
0,-4,124,1,229,0
3,4,131,1,229,0
2,3,139,1,229,0
-3,1,162,1,229,0
-2,-1,174,1,229,0
0,1,175,1,229,0
-2,0,179,1,229,0
1,2,186,1,229,0
-4,-7,199,1,229,0
-4,2,208,1,229,0
6,-2,219,1,229,0
-1,-8,224,1,229,0
-6,-3,228,1,229,0
1,-8,3,1,229,0
-4,-8,5,1,229,0
-6,5,15,1,229,0
6,-3,52,1,229,0
3,5,58,1,229,0
2,4,73,1,229,0
4,-7,74,1,229,0
5,7,76,1,229,0
3,-4,116,1,229,0
0,-5,118,1,229,0
1,3,132,1,229,0
-2,1,158,1,229,0
-2,-2,169,1,229,0
-1,0,171,1,229,0
0,2,178,1,229,0
-5,-1,189,1,229,0
2,-1,189,1,229,0
-4,3,216,1,229,0
-5,4,227,1,229,0
-3,-6,45,1,229,0
-5,-2,48,1,229,0
3,6,51,1,229,0
7,-7,55,1,229,0
4,7,67,1,229,0
2,5,78,1,229,0
3,-5,91,1,229,0
5,-1,106,1,229,0
0,-6,112,1,229,0
1,4,126,1,229,0
2,-2,131,1,229,0
-2,-3,161,1,229,0
-2,2,167,1,229,0
-1,1,167,1,229,0
-3,3,175,1,229,0
0,3,187,1,229,0
-4,4,221,1,229,0
-5,5,228,1,229,0
-6,-6,14,1,229,0
3,7,16,1,229,0
-4,5,27,1,229,0
-5,-3,41,1,229,0
-2,-4,48,1,229,0
0,-7,105,1,229,0
2,6,112,1,229,0
1,5,119,1,229,0
2,-3,124,1,229,0
-1,-1,162,1,229,0
-2,3,173,1,229,0
-1,2,176,1,229,0
-3,4,183,1,229,0
0,4,194,1,229,0
-3,-7,208,1,229,0
5,-2,212,1,229,0
-8,-2,213,1,229,0
-9,-6,4,1,229,0
-6,-7,9,1,229,0
3,8,13,1,229,0
5,-3,58,1,229,0
3,-7,79,1,229,0
8,3,84,1,229,0
7,2,103,1,229,0
1,6,113,1,229,0
1,-1,139,1,229,0
-1,-2,154,1,229,0
-1,3,178,1,229,0
-4,-1,182,1,229,0
-3,5,189,1,229,0
-3,-8,205,1,229,0
0,5,208,1,229,0
2,7,228,1,229,0
-2,4,228,1,229,0
8,-2,228,1,229,0
8,-3,39,1,229,0
-4,-2,49,1,229,0
-1,-3,53,1,229,0
-2,-6,59,1,229,0
6,-7,62,1,229,0
4,0,93,1,229,0
2,-5,85,1,229,0
6,2,109,1,229,0
5,1,116,1,229,0
1,-2,133,1,229,0
-8,1,189,1,229,0
-3,6,192,1,229,0
4,-1,199,1,229,0
0,6,202,1,229,0
-7,-1,208,1,229,0
-1,4,218,1,229,0
1,7,222,1,229,0
-2,5,223,1,229,0
2,8,224,1,229,0
7,3,226,1,229,0
8,4,228,1,229,0
2,9,5,1,229,0
-3,7,14,1,229,0
-5,-6,21,1,229,0
-1,-4,52,1,229,0
8,5,91,1,229,0
1,-3,93,1,229,0
5,-5,102,1,229,0
5,2,113,1,229,0
3,0,118,1,229,0
4,1,122,1,229,0
-4,-3,173,1,229,0
-7,1,203,1,229,0
-2,6,199,1,229,0
-6,0,199,1,229,0
4,-2,205,1,229,0
0,7,212,1,229,0
-2,-7,215,1,229,0
-7,-2,218,1,229,0
1,8,218,1,229,0
6,3,219,1,229,0
-1,5,228,1,229,0
-5,-7,8,1,230,0
-8,-6,9,1,230,0
-3,8,9,1,230,0
4,-3,64,1,230,0
-1,-5,66,1,230,0
2,-7,87,1,230,0
1,-4,97,1,230,0
7,5,98,1,230,0
3,1,129,1,230,0
0,-1,155,1,230,0
-3,-1,175,1,230,0
-6,1,199,1,230,0
-4,-4,181,1,230,0
2,0,188,1,230,0
-7,2,209,1,230,0
-2,7,209,1,230,0
5,3,212,1,230,0
0,8,215,1,230,0
-7,-3,222,1,230,0
-1,6,226,1,230,0
7,-2,229,1,230,0
-3,9,3,1,230,0
-7,-4,28,1,230,0
7,-3,46,1,230,0
-1,-6,61,1,230,0
5,-7,68,1,230,0
1,-5,79,1,230,0
8,7,95,1,230,0
6,5,106,1,230,0
4,-4,112,1,230,0
5,4,115,1,230,0
0,-2,137,1,230,0
2,1,139,1,230,0
1,0,183,1,230,0
-4,-5,188,1,230,0
-4,0,192,1,230,0
3,2,195,1,230,0
-6,-1,196,1,230,0
3,-1,198,1,230,0
-5,1,201,1,230,0
4,3,206,1,230,0
-7,3,216,1,230,0
-1,7,219,1,230,0
-8,5,2,1,230,0
-7,-5,21,1,230,0
8,-7,48,1,230,0
1,-6,93,1,230,0
7,7,102,1,230,0
4,-5,108,1,230,0
6,6,111,1,230,0
5,5,119,1,230,0
0,-3,129,1,230,0
4,4,129,1,230,0
1,1,157,1,230,0
-3,-3,169,1,230,0
0,0,176,1,230,0
-3,0,187,1,230,0
2,2,192,1,230,0
-4,1,194,1,230,0
-4,-6,194,1,230,0
3,3,199,1,230,0
-5,2,205,1,230,0
-1,8,213,1,230,0
-7,4,223,1,230,0
-1,-7,229,1,230,0
-7,5,229,1,230,0
-7,-6,14,1,230,0
-3,-4,42,1,230,0
1,-7,91,1,230,0
6,7,106,1,230,0
5,6,114,1,230,0
3,-3,121,1,230,0
4,5,123,1,230,0
0,-4,124,1,230,0
3,4,131,1,230,0
2,3,139,1,230,0
-3,1,162,1,230,0
-2,-1,174,1,230,0
0,1,175,1,230,0
-2,0,179,1,230,0
1,2,186,1,230,0
-4,-7,199,1,230,0
-4,2,208,1,230,0
6,-2,219,1,230,0
-1,-8,224,1,230,0
-6,-3,229,1,230,0
1,-8,3,1,230,0
-4,-8,5,1,230,0
-6,5,15,1,230,0
6,-3,52,1,230,0
3,5,58,1,230,0
2,4,73,1,230,0
4,-7,74,1,230,0
5,7,76,1,230,0
3,-4,116,1,230,0
0,-5,118,1,230,0
1,3,132,1,230,0
-2,1,158,1,230,0
-2,-2,169,1,230,0
-1,0,171,1,230,0
0,2,178,1,230,0
-5,-1,189,1,230,0
2,-1,189,1,230,0
-4,3,216,1,230,0
-5,4,227,1,230,0
-3,-6,45,1,230,0
-5,-2,48,1,230,0
3,6,51,1,230,0
7,-7,55,1,230,0
4,7,67,1,230,0
2,5,78,1,230,0
3,-5,91,1,230,0
5,-1,106,1,230,0
0,-6,112,1,230,0
1,4,126,1,230,0
2,-2,131,1,230,0
-2,-3,161,1,230,0
-2,2,167,1,230,0
-1,1,167,1,230,0
-3,3,175,1,230,0
0,3,187,1,230,0
-4,4,221,1,230,0
-5,5,229,1,230,0
-6,-6,14,1,230,0
3,7,16,1,230,0
-4,5,27,1,230,0
-5,-3,41,1,230,0
-2,-4,48,1,230,0
0,-7,105,1,230,0
2,6,112,1,230,0
1,5,119,1,230,0
2,-3,124,1,230,0
-1,-1,162,1,230,0
-2,3,173,1,230,0
-1,2,176,1,230,0
-3,4,183,1,230,0
0,4,194,1,230,0
-3,-7,208,1,230,0
5,-2,212,1,230,0
-8,-2,213,1,230,0
-9,-6,4,1,230,0
-6,-7,9,1,230,0
3,8,13,1,230,0
5,-3,58,1,230,0
3,-7,79,1,230,0
8,3,84,1,230,0
7,2,103,1,230,0
1,6,113,1,230,0
1,-1,139,1,230,0
-1,-2,154,1,230,0
-1,3,178,1,230,0
-4,-1,182,1,230,0
-3,5,189,1,230,0
-3,-8,205,1,230,0
0,5,208,1,230,0
8,-2,228,1,230,0
2,7,229,1,230,0
-2,4,229,1,230,0
8,-3,39,1,230,0
-4,-2,49,1,230,0
-1,-3,53,1,230,0
-2,-6,59,1,230,0
6,-7,62,1,230,0
4,0,93,1,230,0
2,-5,85,1,230,0
6,2,109,1,230,0
5,1,116,1,230,0
1,-2,133,1,230,0
-8,1,189,1,230,0
-3,6,192,1,230,0
4,-1,199,1,230,0
0,6,202,1,230,0
-7,-1,208,1,230,0
-1,4,218,1,230,0
1,7,222,1,230,0
-2,5,223,1,230,0
2,8,224,1,230,0
7,3,226,1,230,0
8,4,229,1,230,0
2,9,5,1,230,0
-3,7,14,1,230,0
-5,-6,21,1,230,0
-1,-4,52,1,230,0
8,5,91,1,230,0
1,-3,93,1,230,0
5,-5,102,1,230,0
5,2,113,1,230,0
3,0,118,1,230,0
4,1,122,1,230,0
-4,-3,173,1,230,0
-7,1,203,1,230,0
-2,6,199,1,230,0
-6,0,199,1,230,0
4,-2,205,1,230,0
0,7,212,1,230,0
-2,-7,215,1,230,0
-7,-2,218,1,230,0
1,8,218,1,230,0
6,3,219,1,230,0
-1,5,229,1,230,0
-5,-7,8,1,231,0
-8,-6,9,1,231,0
-3,8,9,1,231,0
4,-3,64,1,231,0
-1,-5,66,1,231,0
2,-7,87,1,231,0
1,-4,97,1,231,0
7,5,98,1,231,0
3,1,129,1,231,0
0,-1,155,1,231,0
-3,-1,175,1,231,0
-6,1,199,1,231,0
-4,-4,181,1,231,0
2,0,188,1,231,0
-7,2,209,1,231,0
-2,7,209,1,231,0
5,3,212,1,231,0
0,8,215,1,231,0
-7,-3,222,1,231,0
-1,6,226,1,231,0
7,-2,229,1,231,0
-3,9,3,1,231,0
-7,-4,28,1,231,0
7,-3,46,1,231,0
-1,-6,61,1,231,0
5,-7,68,1,231,0
1,-5,79,1,231,0
8,7,95,1,231,0
6,5,106,1,231,0
4,-4,112,1,231,0
5,4,115,1,231,0
0,-2,137,1,231,0
2,1,139,1,231,0
1,0,183,1,231,0
-4,-5,188,1,231,0
-4,0,192,1,231,0
3,2,195,1,231,0
-6,-1,196,1,231,0
3,-1,198,1,231,0
-5,1,201,1,231,0
4,3,206,1,231,0
-7,3,216,1,231,0
-1,7,219,1,231,0
-8,5,2,1,231,0
-7,-5,21,1,231,0
8,-7,48,1,231,0
1,-6,93,1,231,0
7,7,102,1,231,0
4,-5,108,1,231,0
6,6,111,1,231,0
5,5,119,1,231,0
0,-3,129,1,231,0
4,4,129,1,231,0
1,1,157,1,231,0
-3,-3,169,1,231,0
0,0,176,1,231,0
-3,0,187,1,231,0
2,2,192,1,231,0
-4,1,194,1,231,0
-4,-6,194,1,231,0
3,3,199,1,231,0
-5,2,205,1,231,0
-1,8,213,1,231,0
-7,4,223,1,231,0
-1,-7,229,1,231,0
-7,5,229,1,231,0
-7,-6,14,1,231,0
-3,-4,42,1,231,0
1,-7,91,1,231,0
6,7,106,1,231,0
5,6,114,1,231,0
3,-3,121,1,231,0
4,5,123,1,231,0
0,-4,124,1,231,0
3,4,131,1,231,0
2,3,139,1,231,0
-3,1,162,1,231,0
-2,-1,174,1,231,0
0,1,175,1,231,0
-2,0,179,1,231,0
1,2,186,1,231,0
-4,-7,199,1,231,0
-4,2,208,1,231,0
6,-2,219,1,231,0
-1,-8,224,1,231,0
-6,-3,229,1,231,0
1,-8,3,1,231,0
-4,-8,5,1,231,0
-6,5,15,1,231,0
6,-3,52,1,231,0
3,5,58,1,231,0
2,4,73,1,231,0
4,-7,74,1,231,0
5,7,76,1,231,0
3,-4,116,1,231,0
0,-5,118,1,231,0
1,3,132,1,231,0
-2,1,158,1,231,0
-2,-2,169,1,231,0
-1,0,171,1,231,0
0,2,178,1,231,0
-5,-1,189,1,231,0
2,-1,189,1,231,0
-4,3,216,1,231,0
-5,4,227,1,231,0
-7,6,231,1,231,0
-3,-6,45,1,231,0
-5,-2,48,1,231,0
3,6,51,1,231,0
7,-7,55,1,231,0
4,7,67,1,231,0
2,5,78,1,231,0
3,-5,91,1,231,0
5,-1,106,1,231,0
0,-6,112,1,231,0
1,4,126,1,231,0
2,-2,131,1,231,0
-2,-3,161,1,231,0
-2,2,167,1,231,0
-1,1,167,1,231,0
-3,3,175,1,231,0
0,3,187,1,231,0
-4,4,221,1,231,0
-5,5,229,1,231,0
-6,-6,14,1,231,0
3,7,16,1,231,0
-4,5,27,1,231,0
-5,-3,41,1,231,0
-2,-4,48,1,231,0
0,-7,105,1,231,0
2,6,112,1,231,0
1,5,119,1,231,0
2,-3,124,1,231,0
-1,-1,162,1,231,0
-2,3,173,1,231,0
-1,2,176,1,231,0
-3,4,183,1,231,0
0,4,194,1,231,0
-3,-7,208,1,231,0
5,-2,212,1,231,0
-8,-2,213,1,231,0
-9,-6,4,1,231,0
-6,-7,9,1,231,0
3,8,13,1,231,0
5,-3,58,1,231,0
3,-7,79,1,231,0
8,3,84,1,231,0
7,2,103,1,231,0
1,6,113,1,231,0
1,-1,139,1,231,0
-1,-2,154,1,231,0
-1,3,178,1,231,0
-4,-1,182,1,231,0
-3,5,189,1,231,0
-3,-8,205,1,231,0
0,5,208,1,231,0
8,-2,228,1,231,0
2,7,229,1,231,0
-2,4,229,1,231,0
8,-3,39,1,231,0
-4,-2,49,1,231,0
-1,-3,53,1,231,0
-2,-6,59,1,231,0
6,-7,62,1,231,0
4,0,93,1,231,0
2,-5,85,1,231,0
6,2,109,1,231,0
5,1,116,1,231,0
1,-2,133,1,231,0
-8,1,189,1,231,0
-3,6,192,1,231,0
4,-1,199,1,231,0
0,6,202,1,231,0
-7,-1,208,1,231,0
-1,4,218,1,231,0
1,7,222,1,231,0
-2,5,223,1,231,0
2,8,224,1,231,0
7,3,226,1,231,0
8,4,229,1,231,0
2,9,5,1,231,0
-3,7,14,1,231,0
-5,-6,21,1,231,0
-1,-4,52,1,231,0
8,5,91,1,231,0
1,-3,93,1,231,0
5,-5,102,1,231,0
5,2,113,1,231,0
3,0,118,1,231,0
4,1,122,1,231,0
-4,-3,173,1,231,0
-7,1,203,1,231,0
-2,6,199,1,231,0
-6,0,199,1,231,0
4,-2,205,1,231,0
0,7,212,1,231,0
-2,-7,215,1,231,0
-7,-2,218,1,231,0
1,8,218,1,231,0
6,3,219,1,231,0
-1,5,229,1,231,0
-5,-7,8,1,232,0
-8,-6,9,1,232,0
-3,8,9,1,232,0
4,-3,64,1,232,0
-1,-5,66,1,232,0
2,-7,87,1,232,0
1,-4,97,1,232,0
7,5,98,1,232,0
3,1,129,1,232,0
0,-1,155,1,232,0
-3,-1,175,1,232,0
-6,1,199,1,232,0
-4,-4,181,1,232,0
2,0,188,1,232,0
-7,2,209,1,232,0
-2,7,209,1,232,0
5,3,212,1,232,0
0,8,215,1,232,0
-7,-3,222,1,232,0
-1,6,226,1,232,0
7,-2,229,1,232,0
-3,9,3,1,232,0
-7,-4,28,1,232,0
7,-3,46,1,232,0
5,-7,68,1,232,0
1,-5,79,1,232,0
8,7,95,1,232,0
6,5,106,1,232,0
4,-4,112,1,232,0
5,4,115,1,232,0
0,-2,137,1,232,0
2,1,139,1,232,0
1,0,183,1,232,0
-4,-5,188,1,232,0
-4,0,192,1,232,0
3,2,195,1,232,0
-6,-1,196,1,232,0
3,-1,198,1,232,0
-5,1,201,1,232,0
4,3,206,1,232,0
-7,3,216,1,232,0
-1,7,219,1,232,0
-1,-6,231,1,232,0
-8,5,2,1,232,0
-7,-5,21,1,232,0
8,-7,48,1,232,0
1,-6,93,1,232,0
7,7,102,1,232,0
4,-5,108,1,232,0
6,6,111,1,232,0
5,5,119,1,232,0
0,-3,129,1,232,0
4,4,129,1,232,0
1,1,157,1,232,0
-3,-3,169,1,232,0
0,0,176,1,232,0
-3,0,187,1,232,0
2,2,192,1,232,0
-4,1,194,1,232,0
-4,-6,194,1,232,0
3,3,199,1,232,0
-5,2,205,1,232,0
-1,8,213,1,232,0
-7,4,223,1,232,0
-1,-7,229,1,232,0
-7,5,229,1,232,0
-7,-6,14,1,232,0
-3,-4,42,1,232,0
1,-7,91,1,232,0
6,7,106,1,232,0
5,6,114,1,232,0
3,-3,121,1,232,0
4,5,123,1,232,0
0,-4,124,1,232,0
3,4,131,1,232,0
2,3,139,1,232,0
-3,1,162,1,232,0
-2,-1,174,1,232,0
0,1,175,1,232,0
-2,0,179,1,232,0
1,2,186,1,232,0
-4,-7,199,1,232,0
-4,2,208,1,232,0
6,-2,219,1,232,0
-1,-8,224,1,232,0
-6,-3,229,1,232,0
1,-8,3,1,232,0
-4,-8,5,1,232,0
6,-3,52,1,232,0
3,5,58,1,232,0
2,4,73,1,232,0
4,-7,74,1,232,0
5,7,76,1,232,0
3,-4,116,1,232,0
0,-5,118,1,232,0
1,3,132,1,232,0
-2,1,158,1,232,0
-2,-2,169,1,232,0
-1,0,171,1,232,0
0,2,178,1,232,0
-5,-1,189,1,232,0
2,-1,189,1,232,0
-4,3,216,1,232,0
-5,4,227,1,232,0
-7,6,232,1,232,0
-6,5,231,1,232,0
-3,-6,45,1,232,0
-5,-2,48,1,232,0
3,6,51,1,232,0
7,-7,55,1,232,0
4,7,67,1,232,0
2,5,78,1,232,0
3,-5,91,1,232,0
5,-1,106,1,232,0
0,-6,112,1,232,0
1,4,126,1,232,0
2,-2,131,1,232,0
-2,-3,161,1,232,0
-2,2,167,1,232,0
-1,1,167,1,232,0
-3,3,175,1,232,0
0,3,187,1,232,0
-4,4,221,1,232,0
-5,5,229,1,232,0
-6,-6,14,1,232,0
-4,5,27,1,232,0
-2,-4,48,1,232,0
0,-7,105,1,232,0
2,6,112,1,232,0
1,5,119,1,232,0
2,-3,124,1,232,0
-1,-1,162,1,232,0
-1,2,176,1,232,0
-3,4,183,1,232,0
0,4,194,1,232,0
-3,-7,208,1,232,0
5,-2,212,1,232,0
-8,-2,213,1,232,0
-5,-3,231,1,232,0
3,7,231,1,232,0
-2,3,231,1,232,0
-9,-6,4,1,232,0
-6,-7,9,1,232,0
3,8,13,1,232,0
5,-3,58,1,232,0
3,-7,79,1,232,0
8,3,84,1,232,0
7,2,103,1,232,0
1,6,113,1,232,0
1,-1,139,1,232,0
-1,-2,154,1,232,0
-1,3,178,1,232,0
-4,-1,182,1,232,0
-3,5,189,1,232,0
-3,-8,205,1,232,0
0,5,208,1,232,0
8,-2,228,1,232,0
2,7,229,1,232,0
-2,4,229,1,232,0
8,-3,39,1,232,0
-4,-2,49,1,232,0
-1,-3,53,1,232,0
-2,-6,59,1,232,0
6,-7,62,1,232,0
4,0,93,1,232,0
2,-5,85,1,232,0
6,2,109,1,232,0
5,1,116,1,232,0
1,-2,133,1,232,0
-8,1,189,1,232,0
-3,6,192,1,232,0
4,-1,199,1,232,0
0,6,202,1,232,0
-7,-1,208,1,232,0
-1,4,218,1,232,0
1,7,222,1,232,0
-2,5,223,1,232,0
2,8,224,1,232,0
7,3,226,1,232,0
8,4,229,1,232,0
2,9,5,1,232,0
-3,7,14,1,232,0
-5,-6,21,1,232,0
-1,-4,52,1,232,0
8,5,91,1,232,0
1,-3,93,1,232,0
5,-5,102,1,232,0
5,2,113,1,232,0
3,0,118,1,232,0
4,1,122,1,232,0
-4,-3,173,1,232,0
-7,1,203,1,232,0
-2,6,199,1,232,0
-6,0,199,1,232,0
4,-2,205,1,232,0
0,7,212,1,232,0
-2,-7,215,1,232,0
-7,-2,218,1,232,0
1,8,218,1,232,0
6,3,219,1,232,0
-1,5,231,1,232,0
7,4,231,1,232,0
-5,-7,8,1,233,0
-8,-6,9,1,233,0
-3,8,9,1,233,0
4,-3,64,1,233,0
-1,-5,66,1,233,0
2,-7,87,1,233,0
1,-4,97,1,233,0
7,5,98,1,233,0
3,1,129,1,233,0
0,-1,155,1,233,0
-3,-1,175,1,233,0
-6,1,199,1,233,0
-4,-4,181,1,233,0
2,0,188,1,233,0
-7,2,209,1,233,0
-2,7,209,1,233,0
5,3,212,1,233,0
0,8,215,1,233,0
-7,-3,222,1,233,0
-1,6,226,1,233,0
7,-2,232,1,233,0
-3,9,3,1,233,0
-7,-4,28,1,233,0
7,-3,46,1,233,0
5,-7,68,1,233,0
1,-5,79,1,233,0
8,7,95,1,233,0
6,5,106,1,233,0
4,-4,112,1,233,0
5,4,115,1,233,0
0,-2,137,1,233,0
2,1,139,1,233,0
1,0,183,1,233,0
-4,-5,188,1,233,0
-4,0,192,1,233,0
3,2,195,1,233,0
-6,-1,196,1,233,0
3,-1,198,1,233,0
-5,1,201,1,233,0
4,3,206,1,233,0
-7,3,216,1,233,0
-1,7,219,1,233,0
-1,-6,232,1,233,0
-8,5,2,1,233,0
-7,-5,21,1,233,0
8,-7,48,1,233,0
1,-6,93,1,233,0
7,7,102,1,233,0
4,-5,108,1,233,0
6,6,111,1,233,0
5,5,119,1,233,0
0,-3,129,1,233,0
4,4,129,1,233,0
1,1,157,1,233,0
-3,-3,169,1,233,0
0,0,176,1,233,0
-3,0,187,1,233,0
2,2,192,1,233,0
-4,1,194,1,233,0
-4,-6,194,1,233,0
3,3,199,1,233,0
-5,2,205,1,233,0
-1,8,213,1,233,0
-7,4,223,1,233,0
-1,-7,229,1,233,0
-7,5,229,1,233,0
-7,-6,14,1,233,0
-3,-4,42,1,233,0
1,-7,91,1,233,0
6,7,106,1,233,0
5,6,114,1,233,0
3,-3,121,1,233,0
4,5,123,1,233,0
0,-4,124,1,233,0
3,4,131,1,233,0
2,3,139,1,233,0
-3,1,162,1,233,0
-2,-1,174,1,233,0
0,1,175,1,233,0
-2,0,179,1,233,0
1,2,186,1,233,0
-4,-7,199,1,233,0
-4,2,208,1,233,0
6,-2,219,1,233,0
-1,-8,224,1,233,0
-6,-3,229,1,233,0
1,-8,3,1,233,0
-4,-8,5,1,233,0
6,-3,52,1,233,0
3,5,58,1,233,0
2,4,73,1,233,0
4,-7,74,1,233,0
5,7,76,1,233,0
3,-4,116,1,233,0
0,-5,118,1,233,0
1,3,132,1,233,0
-2,1,158,1,233,0
-2,-2,169,1,233,0
-1,0,171,1,233,0
0,2,178,1,233,0
-5,-1,189,1,233,0
2,-1,189,1,233,0
-4,3,216,1,233,0
-5,4,227,1,233,0
-7,6,233,1,233,0
-6,5,232,1,233,0
-3,-6,45,1,233,0
-5,-2,48,1,233,0
3,6,51,1,233,0
7,-7,55,1,233,0
4,7,67,1,233,0
2,5,78,1,233,0
3,-5,91,1,233,0
5,-1,106,1,233,0
0,-6,112,1,233,0
1,4,126,1,233,0
2,-2,131,1,233,0
-2,-3,161,1,233,0
-2,2,167,1,233,0
-1,1,167,1,233,0
-3,3,175,1,233,0
0,3,187,1,233,0
-4,4,221,1,233,0
-5,5,229,1,233,0
-6,-6,14,1,233,0
-4,5,27,1,233,0
-2,-4,48,1,233,0
0,-7,105,1,233,0
2,6,112,1,233,0
1,5,119,1,233,0
2,-3,124,1,233,0
-1,-1,162,1,233,0
-1,2,176,1,233,0
-3,4,183,1,233,0
0,4,194,1,233,0
-3,-7,208,1,233,0
5,-2,212,1,233,0
-8,-2,213,1,233,0
-5,-3,232,1,233,0
3,7,232,1,233,0
-2,3,232,1,233,0
-9,-6,4,1,233,0
-6,-7,9,1,233,0
3,8,13,1,233,0
5,-3,58,1,233,0
3,-7,79,1,233,0
8,3,84,1,233,0
7,2,103,1,233,0
1,6,113,1,233,0
1,-1,139,1,233,0
-1,-2,154,1,233,0
-1,3,178,1,233,0
-4,-1,182,1,233,0
-3,5,189,1,233,0
-3,-8,205,1,233,0
0,5,208,1,233,0
8,-2,228,1,233,0
2,7,229,1,233,0
-2,4,229,1,233,0
8,-3,39,1,233,0
-4,-2,49,1,233,0
-1,-3,53,1,233,0
-2,-6,59,1,233,0
6,-7,62,1,233,0
4,0,93,1,233,0
2,-5,85,1,233,0
6,2,109,1,233,0
5,1,116,1,233,0
1,-2,133,1,233,0
-8,1,189,1,233,0
-3,6,192,1,233,0
4,-1,199,1,233,0
0,6,202,1,233,0
-7,-1,208,1,233,0
-1,4,218,1,233,0
1,7,222,1,233,0
-2,5,223,1,233,0
2,8,224,1,233,0
7,3,226,1,233,0
8,4,229,1,233,0
2,9,5,1,233,0
-3,7,14,1,233,0
-5,-6,21,1,233,0
-1,-4,52,1,233,0
8,5,91,1,233,0
1,-3,93,1,233,0
5,-5,102,1,233,0
5,2,113,1,233,0
3,0,118,1,233,0
4,1,122,1,233,0
-4,-3,173,1,233,0
-7,1,203,1,233,0
-2,6,199,1,233,0
-6,0,199,1,233,0
4,-2,205,1,233,0
0,7,212,1,233,0
-2,-7,215,1,233,0
-7,-2,218,1,233,0
1,8,218,1,233,0
6,3,219,1,233,0
-1,5,232,1,233,0
7,4,232,1,233,0
-5,-7,8,1,234,0
-8,-6,9,1,234,0
-3,8,9,1,234,0
4,-3,64,1,234,0
-1,-5,66,1,234,0
2,-7,87,1,234,0
1,-4,97,1,234,0
7,5,98,1,234,0
3,1,129,1,234,0
0,-1,155,1,234,0
-3,-1,175,1,234,0
-6,1,199,1,234,0
-4,-4,181,1,234,0
2,0,188,1,234,0
-7,2,209,1,234,0
-2,7,209,1,234,0
5,3,212,1,234,0
0,8,215,1,234,0
-7,-3,222,1,234,0
-1,6,226,1,234,0
7,-2,233,1,234,0
-3,9,3,1,234,0
-7,-4,28,1,234,0
7,-3,46,1,234,0
5,-7,68,1,234,0
1,-5,79,1,234,0
8,7,95,1,234,0
6,5,106,1,234,0
4,-4,112,1,234,0
5,4,115,1,234,0
0,-2,137,1,234,0
2,1,139,1,234,0
1,0,183,1,234,0
-4,-5,188,1,234,0
-4,0,192,1,234,0
3,2,195,1,234,0
-6,-1,196,1,234,0
3,-1,198,1,234,0
-5,1,201,1,234,0
4,3,206,1,234,0
-7,3,216,1,234,0
-1,7,219,1,234,0
-1,-6,233,1,234,0
-8,5,2,1,234,0
-7,-5,21,1,234,0
8,-7,48,1,234,0
1,-6,93,1,234,0
7,7,102,1,234,0
4,-5,108,1,234,0
6,6,111,1,234,0
5,5,119,1,234,0
0,-3,129,1,234,0
4,4,129,1,234,0
1,1,157,1,234,0
-3,-3,169,1,234,0
0,0,176,1,234,0
-3,0,187,1,234,0
2,2,192,1,234,0
-4,1,194,1,234,0
-4,-6,194,1,234,0
3,3,199,1,234,0
-5,2,205,1,234,0
-1,8,213,1,234,0
-7,4,223,1,234,0
-1,-7,229,1,234,0
-7,5,229,1,234,0
-7,-6,14,1,234,0
-3,-4,42,1,234,0
1,-7,91,1,234,0
6,7,106,1,234,0
5,6,114,1,234,0
3,-3,121,1,234,0
4,5,123,1,234,0
0,-4,124,1,234,0
3,4,131,1,234,0
2,3,139,1,234,0
-3,1,162,1,234,0
-2,-1,174,1,234,0
0,1,175,1,234,0
-2,0,179,1,234,0
1,2,186,1,234,0
-4,-7,199,1,234,0
-4,2,208,1,234,0
6,-2,219,1,234,0
-1,-8,224,1,234,0
-6,-3,229,1,234,0
1,-8,3,1,234,0
-4,-8,5,1,234,0
6,-3,52,1,234,0
3,5,58,1,234,0
2,4,73,1,234,0
4,-7,74,1,234,0
5,7,76,1,234,0
3,-4,116,1,234,0
0,-5,118,1,234,0
1,3,132,1,234,0
-2,1,158,1,234,0
-2,-2,169,1,234,0
-1,0,171,1,234,0
0,2,178,1,234,0
-5,-1,189,1,234,0
2,-1,189,1,234,0
-4,3,216,1,234,0
-5,4,227,1,234,0
-7,6,234,1,234,0
-6,5,232,1,234,0
-3,-6,45,1,234,0
-5,-2,48,1,234,0
3,6,51,1,234,0
7,-7,55,1,234,0
4,7,67,1,234,0
2,5,78,1,234,0
3,-5,91,1,234,0
5,-1,106,1,234,0
0,-6,112,1,234,0
1,4,126,1,234,0
2,-2,131,1,234,0
-2,-3,161,1,234,0
-2,2,167,1,234,0
-1,1,167,1,234,0
-3,3,175,1,234,0
0,3,187,1,234,0
-4,4,221,1,234,0
-5,5,233,1,234,0
-6,-6,14,1,234,0
-4,5,27,1,234,0
-2,-4,48,1,234,0
0,-7,105,1,234,0
2,6,112,1,234,0
1,5,119,1,234,0
2,-3,124,1,234,0
-1,-1,162,1,234,0
-1,2,176,1,234,0
-3,4,183,1,234,0
0,4,194,1,234,0
-3,-7,208,1,234,0
5,-2,212,1,234,0
-8,-2,213,1,234,0
-2,3,232,1,234,0
-5,-3,233,1,234,0
3,7,233,1,234,0
-9,-6,4,1,234,0
-6,-7,9,1,234,0
3,8,13,1,234,0
5,-3,58,1,234,0
3,-7,79,1,234,0
8,3,84,1,234,0
7,2,103,1,234,0
1,6,113,1,234,0
1,-1,139,1,234,0
-1,-2,154,1,234,0
-1,3,178,1,234,0
-4,-1,182,1,234,0
-3,5,189,1,234,0
-3,-8,205,1,234,0
0,5,208,1,234,0
8,-2,228,1,234,0
2,7,229,1,234,0
-2,4,229,1,234,0
8,-3,39,1,234,0
-4,-2,49,1,234,0
-1,-3,53,1,234,0
-2,-6,59,1,234,0
6,-7,62,1,234,0
4,0,93,1,234,0
2,-5,85,1,234,0
6,2,109,1,234,0
5,1,116,1,234,0
1,-2,133,1,234,0
-8,1,189,1,234,0
-3,6,192,1,234,0
4,-1,199,1,234,0
0,6,202,1,234,0
-7,-1,208,1,234,0
-1,4,218,1,234,0
1,7,222,1,234,0
-2,5,223,1,234,0
2,8,224,1,234,0
7,3,226,1,234,0
8,4,229,1,234,0
2,9,5,1,234,0
-3,7,14,1,234,0
-5,-6,21,1,234,0
-1,-4,52,1,234,0
8,5,91,1,234,0
1,-3,93,1,234,0
5,-5,102,1,234,0
5,2,113,1,234,0
3,0,118,1,234,0
4,1,122,1,234,0
-4,-3,173,1,234,0
-7,1,203,1,234,0
-2,6,199,1,234,0
-6,0,199,1,234,0
4,-2,205,1,234,0
0,7,212,1,234,0
-2,-7,215,1,234,0
-7,-2,218,1,234,0
1,8,218,1,234,0
6,3,219,1,234,0
-1,5,233,1,234,0
7,4,233,1,234,0
-5,-7,8,1,235,0
-8,-6,9,1,235,0
-3,8,9,1,235,0
4,-3,64,1,235,0
-1,-5,66,1,235,0
2,-7,87,1,235,0
1,-4,97,1,235,0
7,5,98,1,235,0
3,1,129,1,235,0
0,-1,155,1,235,0
-3,-1,175,1,235,0
-6,1,199,1,235,0
-4,-4,181,1,235,0
2,0,188,1,235,0
-7,2,209,1,235,0
-2,7,209,1,235,0
5,3,212,1,235,0
0,8,215,1,235,0
-7,-3,222,1,235,0
-1,6,226,1,235,0
7,-2,233,1,235,0
-3,9,3,1,235,0
-7,-4,28,1,235,0
7,-3,46,1,235,0
5,-7,68,1,235,0
1,-5,79,1,235,0
8,7,95,1,235,0
6,5,106,1,235,0
4,-4,112,1,235,0
5,4,115,1,235,0
0,-2,137,1,235,0
2,1,139,1,235,0
1,0,183,1,235,0
-4,-5,188,1,235,0
-4,0,192,1,235,0
3,2,195,1,235,0
-6,-1,196,1,235,0
3,-1,198,1,235,0
-5,1,201,1,235,0
4,3,206,1,235,0
-7,3,216,1,235,0
-1,7,219,1,235,0
-1,-6,234,1,235,0
-8,5,2,1,235,0
-7,-5,21,1,235,0
8,-7,48,1,235,0
1,-6,93,1,235,0
7,7,102,1,235,0
4,-5,108,1,235,0
6,6,111,1,235,0
5,5,119,1,235,0
0,-3,129,1,235,0
4,4,129,1,235,0
1,1,157,1,235,0
-3,-3,169,1,235,0
0,0,176,1,235,0
-3,0,187,1,235,0
2,2,192,1,235,0
-4,1,194,1,235,0
-4,-6,194,1,235,0
3,3,199,1,235,0
-5,2,205,1,235,0
-1,8,213,1,235,0
-7,4,223,1,235,0
-1,-7,229,1,235,0
-7,5,229,1,235,0
-7,-6,14,1,235,0
-3,-4,42,1,235,0
1,-7,91,1,235,0
6,7,106,1,235,0
5,6,114,1,235,0
3,-3,121,1,235,0
4,5,123,1,235,0
0,-4,124,1,235,0
3,4,131,1,235,0
2,3,139,1,235,0
-3,1,162,1,235,0
-2,-1,174,1,235,0
0,1,175,1,235,0
-2,0,179,1,235,0
1,2,186,1,235,0
-4,-7,199,1,235,0
-4,2,208,1,235,0
6,-2,219,1,235,0
-1,-8,224,1,235,0
-6,-3,229,1,235,0
1,-8,3,1,235,0
-4,-8,5,1,235,0
6,-3,52,1,235,0
3,5,58,1,235,0
2,4,73,1,235,0
4,-7,74,1,235,0
5,7,76,1,235,0
3,-4,116,1,235,0
0,-5,118,1,235,0
1,3,132,1,235,0
-2,1,158,1,235,0
-2,-2,169,1,235,0
-1,0,171,1,235,0
0,2,178,1,235,0
-5,-1,189,1,235,0
2,-1,189,1,235,0
-4,3,216,1,235,0
-5,4,227,1,235,0
-7,6,235,1,235,0
-6,5,232,1,235,0
-3,-6,45,1,235,0
-5,-2,48,1,235,0
3,6,51,1,235,0
7,-7,55,1,235,0
4,7,67,1,235,0
2,5,78,1,235,0
3,-5,91,1,235,0
5,-1,106,1,235,0
0,-6,112,1,235,0
1,4,126,1,235,0
2,-2,131,1,235,0
-2,-3,161,1,235,0
-2,2,167,1,235,0
-1,1,167,1,235,0
-3,3,175,1,235,0
0,3,187,1,235,0
-4,4,221,1,235,0
-5,5,234,1,235,0
-6,-6,14,1,235,0
-4,5,27,1,235,0
-2,-4,48,1,235,0
0,-7,105,1,235,0
2,6,112,1,235,0
1,5,119,1,235,0
2,-3,124,1,235,0
-1,-1,162,1,235,0
-1,2,176,1,235,0
-3,4,183,1,235,0
0,4,194,1,235,0
-3,-7,208,1,235,0
5,-2,212,1,235,0
-8,-2,213,1,235,0
-5,-3,234,1,235,0
3,7,234,1,235,0
-2,3,234,1,235,0
-9,-6,4,1,235,0
-6,-7,9,1,235,0
3,8,13,1,235,0
5,-3,58,1,235,0
3,-7,79,1,235,0
8,3,84,1,235,0
7,2,103,1,235,0
1,6,113,1,235,0
1,-1,139,1,235,0
-1,-2,154,1,235,0
-1,3,178,1,235,0
-4,-1,182,1,235,0
-3,5,189,1,235,0
-3,-8,205,1,235,0
0,5,208,1,235,0
8,-2,228,1,235,0
2,7,229,1,235,0
-2,4,229,1,235,0
8,-3,39,1,235,0
-4,-2,49,1,235,0
-1,-3,53,1,235,0
-2,-6,59,1,235,0
6,-7,62,1,235,0
4,0,93,1,235,0
2,-5,85,1,235,0
6,2,109,1,235,0
5,1,116,1,235,0
1,-2,133,1,235,0
-8,1,189,1,235,0
-3,6,192,1,235,0
4,-1,199,1,235,0
0,6,202,1,235,0
-7,-1,208,1,235,0
1,7,222,1,235,0
-2,5,223,1,235,0
2,8,224,1,235,0
7,3,226,1,235,0
8,4,229,1,235,0
-1,4,234,1,235,0
2,9,5,1,235,0
-3,7,14,1,235,0
-5,-6,21,1,235,0
-1,-4,52,1,235,0
8,5,91,1,235,0
1,-3,93,1,235,0
5,-5,102,1,235,0
5,2,113,1,235,0
3,0,118,1,235,0
4,1,122,1,235,0
-4,-3,173,1,235,0
-7,1,203,1,235,0
-2,6,199,1,235,0
-6,0,199,1,235,0
4,-2,205,1,235,0
0,7,212,1,235,0
-2,-7,215,1,235,0
-7,-2,218,1,235,0
1,8,218,1,235,0
6,3,219,1,235,0
-1,5,233,1,235,0
7,4,234,1,235,0
-5,-7,8,1,236,0
-8,-6,9,1,236,0
-3,8,9,1,236,0
4,-3,64,1,236,0
-1,-5,66,1,236,0
2,-7,87,1,236,0
1,-4,97,1,236,0
7,5,98,1,236,0
3,1,129,1,236,0
0,-1,155,1,236,0
-3,-1,175,1,236,0
-6,1,199,1,236,0
-4,-4,181,1,236,0
2,0,188,1,236,0
-7,2,209,1,236,0
-2,7,209,1,236,0
5,3,212,1,236,0
0,8,215,1,236,0
-7,-3,222,1,236,0
-1,6,226,1,236,0
7,-2,235,1,236,0
-3,9,3,1,236,0
-7,-4,28,1,236,0
7,-3,46,1,236,0
5,-7,68,1,236,0
1,-5,79,1,236,0
8,7,95,1,236,0
6,5,106,1,236,0
4,-4,112,1,236,0
5,4,115,1,236,0
0,-2,137,1,236,0
2,1,139,1,236,0
1,0,183,1,236,0
-4,-5,188,1,236,0
-4,0,192,1,236,0
3,2,195,1,236,0
-6,-1,196,1,236,0
3,-1,198,1,236,0
-5,1,201,1,236,0
4,3,206,1,236,0
-7,3,216,1,236,0
-1,7,219,1,236,0
-1,-6,234,1,236,0
-8,5,2,1,236,0
-7,-5,21,1,236,0
8,-7,48,1,236,0
1,-6,93,1,236,0
7,7,102,1,236,0
4,-5,108,1,236,0
6,6,111,1,236,0
5,5,119,1,236,0
0,-3,129,1,236,0
4,4,129,1,236,0
1,1,157,1,236,0
-3,-3,169,1,236,0
0,0,176,1,236,0
-3,0,187,1,236,0
2,2,192,1,236,0
-4,1,194,1,236,0
-4,-6,194,1,236,0
3,3,199,1,236,0
-5,2,205,1,236,0
-1,8,213,1,236,0
-7,4,223,1,236,0
-1,-7,229,1,236,0
-7,5,229,1,236,0
-7,-6,14,1,236,0
-3,-4,42,1,236,0
1,-7,91,1,236,0
6,7,106,1,236,0
5,6,114,1,236,0
3,-3,121,1,236,0
4,5,123,1,236,0
0,-4,124,1,236,0
3,4,131,1,236,0
2,3,139,1,236,0
-3,1,162,1,236,0
-2,-1,174,1,236,0
0,1,175,1,236,0
-2,0,179,1,236,0
1,2,186,1,236,0
-4,-7,199,1,236,0
-4,2,208,1,236,0
6,-2,219,1,236,0
-1,-8,224,1,236,0
-6,-3,229,1,236,0
1,-8,3,1,236,0
-4,-8,5,1,236,0
6,-3,52,1,236,0
3,5,58,1,236,0
2,4,73,1,236,0
4,-7,74,1,236,0
5,7,76,1,236,0
3,-4,116,1,236,0
0,-5,118,1,236,0
1,3,132,1,236,0
-2,1,158,1,236,0
-2,-2,169,1,236,0
-1,0,171,1,236,0
0,2,178,1,236,0
-5,-1,189,1,236,0
2,-1,189,1,236,0
-4,3,216,1,236,0
-5,4,227,1,236,0
-7,6,236,1,236,0
-6,5,232,1,236,0
-3,-6,45,1,236,0
-5,-2,48,1,236,0
3,6,51,1,236,0
7,-7,55,1,236,0
4,7,67,1,236,0
2,5,78,1,236,0
3,-5,91,1,236,0
5,-1,106,1,236,0
0,-6,112,1,236,0
1,4,126,1,236,0
2,-2,131,1,236,0
-2,-3,161,1,236,0
-2,2,167,1,236,0
-1,1,167,1,236,0
-3,3,175,1,236,0
0,3,187,1,236,0
-4,4,221,1,236,0
-5,5,235,1,236,0
-6,-6,14,1,236,0
-4,5,27,1,236,0
-2,-4,48,1,236,0
0,-7,105,1,236,0
2,6,112,1,236,0
1,5,119,1,236,0
2,-3,124,1,236,0
-1,-1,162,1,236,0
-1,2,176,1,236,0
-3,4,183,1,236,0
0,4,194,1,236,0
-3,-7,208,1,236,0
5,-2,212,1,236,0
-8,-2,213,1,236,0
-5,-3,235,1,236,0
3,7,235,1,236,0
-2,3,235,1,236,0
-9,-6,4,1,236,0
-6,-7,9,1,236,0
3,8,13,1,236,0
5,-3,58,1,236,0
3,-7,79,1,236,0
8,3,84,1,236,0
7,2,103,1,236,0
1,6,113,1,236,0
1,-1,139,1,236,0
-1,-2,154,1,236,0
-1,3,178,1,236,0
-4,-1,182,1,236,0
-3,5,189,1,236,0
-3,-8,205,1,236,0
0,5,208,1,236,0
8,-2,228,1,236,0
2,7,229,1,236,0
-2,4,229,1,236,0
8,-3,39,1,236,0
-4,-2,49,1,236,0
-1,-3,53,1,236,0
-2,-6,59,1,236,0
6,-7,62,1,236,0
4,0,93,1,236,0
2,-5,85,1,236,0
6,2,109,1,236,0
5,1,116,1,236,0
1,-2,133,1,236,0
-8,1,189,1,236,0
-3,6,192,1,236,0
4,-1,199,1,236,0
0,6,202,1,236,0
-7,-1,208,1,236,0
1,7,222,1,236,0
-2,5,223,1,236,0
2,8,224,1,236,0
7,3,226,1,236,0
8,4,229,1,236,0
-1,4,235,1,236,0
2,9,5,1,236,0
-3,7,14,1,236,0
-5,-6,21,1,236,0
-1,-4,52,1,236,0
8,5,91,1,236,0
1,-3,93,1,236,0
5,-5,102,1,236,0
5,2,113,1,236,0
3,0,118,1,236,0
4,1,122,1,236,0
-4,-3,173,1,236,0
-7,1,203,1,236,0
-2,6,199,1,236,0
-6,0,199,1,236,0
4,-2,205,1,236,0
0,7,212,1,236,0
-2,-7,215,1,236,0
-7,-2,218,1,236,0
1,8,218,1,236,0
6,3,219,1,236,0
-1,5,233,1,236,0
7,4,235,1,236,0
-5,-7,8,1,237,0
-8,-6,9,1,237,0
-3,8,9,1,237,0
4,-3,64,1,237,0
-1,-5,66,1,237,0
2,-7,87,1,237,0
1,-4,97,1,237,0
7,5,98,1,237,0
3,1,129,1,237,0
0,-1,155,1,237,0
-3,-1,175,1,237,0
-6,1,199,1,237,0
-4,-4,181,1,237,0
2,0,188,1,237,0
-7,2,209,1,237,0
-2,7,209,1,237,0
5,3,212,1,237,0
0,8,215,1,237,0
-7,-3,222,1,237,0
-1,6,226,1,237,0
7,-2,235,1,237,0
-3,9,3,1,237,0
-7,-4,28,1,237,0
7,-3,46,1,237,0
5,-7,68,1,237,0
1,-5,79,1,237,0
8,7,95,1,237,0
6,5,106,1,237,0
4,-4,112,1,237,0
5,4,115,1,237,0
0,-2,137,1,237,0
2,1,139,1,237,0
1,0,183,1,237,0
-4,-5,188,1,237,0
-4,0,192,1,237,0
3,2,195,1,237,0
-6,-1,196,1,237,0
3,-1,198,1,237,0
-5,1,201,1,237,0
4,3,206,1,237,0
-7,3,216,1,237,0
-1,7,219,1,237,0
-1,-6,235,1,237,0
-8,5,2,1,237,0
-7,-5,21,1,237,0
8,-7,48,1,237,0
1,-6,93,1,237,0
7,7,102,1,237,0
4,-5,108,1,237,0
6,6,111,1,237,0
5,5,119,1,237,0
0,-3,129,1,237,0
4,4,129,1,237,0
1,1,157,1,237,0
-3,-3,169,1,237,0
0,0,176,1,237,0
-3,0,187,1,237,0
2,2,192,1,237,0
-4,1,194,1,237,0
-4,-6,194,1,237,0
3,3,199,1,237,0
-5,2,205,1,237,0
-1,8,213,1,237,0
-7,4,223,1,237,0
-1,-7,229,1,237,0
-7,5,229,1,237,0
-7,-6,14,1,237,0
-3,-4,42,1,237,0
1,-7,91,1,237,0
6,7,106,1,237,0
5,6,114,1,237,0
3,-3,121,1,237,0
4,5,123,1,237,0
0,-4,124,1,237,0
3,4,131,1,237,0
2,3,139,1,237,0
-3,1,162,1,237,0
-2,-1,174,1,237,0
0,1,175,1,237,0
-2,0,179,1,237,0
1,2,186,1,237,0
-4,-7,199,1,237,0
-4,2,208,1,237,0
6,-2,219,1,237,0
-1,-8,224,1,237,0
-6,-3,236,1,237,0
1,-8,3,1,237,0
-4,-8,5,1,237,0
6,-3,52,1,237,0
3,5,58,1,237,0
2,4,73,1,237,0
4,-7,74,1,237,0
5,7,76,1,237,0
3,-4,116,1,237,0
0,-5,118,1,237,0
1,3,132,1,237,0
-2,1,158,1,237,0
-2,-2,169,1,237,0
-1,0,171,1,237,0
0,2,178,1,237,0
-5,-1,189,1,237,0
2,-1,189,1,237,0
-4,3,216,1,237,0
-5,4,227,1,237,0
-7,6,237,1,237,0
-6,5,232,1,237,0
-3,-6,45,1,237,0
-5,-2,48,1,237,0
3,6,51,1,237,0
7,-7,55,1,237,0
2,5,78,1,237,0
3,-5,91,1,237,0
5,-1,106,1,237,0
0,-6,112,1,237,0
1,4,126,1,237,0
2,-2,131,1,237,0
-2,-3,161,1,237,0
-1,1,167,1,237,0
-3,3,175,1,237,0
0,3,187,1,237,0
-4,4,221,1,237,0
-5,5,236,1,237,0
4,7,236,1,237,0
-2,2,236,1,237,0
-6,-6,14,1,237,0
-4,5,27,1,237,0
-2,-4,48,1,237,0
0,-7,105,1,237,0
2,6,112,1,237,0
1,5,119,1,237,0
2,-3,124,1,237,0
-1,-1,162,1,237,0
-1,2,176,1,237,0
-3,4,183,1,237,0
0,4,194,1,237,0
-3,-7,208,1,237,0
5,-2,212,1,237,0
-8,-2,213,1,237,0
-5,-3,235,1,237,0
3,7,235,1,237,0
-2,3,235,1,237,0
8,-1,236,1,237,0
-9,-6,4,1,237,0
-6,-7,9,1,237,0
3,8,13,1,237,0
5,-3,58,1,237,0
3,-7,79,1,237,0
8,3,84,1,237,0
7,2,103,1,237,0
1,6,113,1,237,0
1,-1,139,1,237,0
-1,-2,154,1,237,0
-1,3,178,1,237,0
-4,-1,182,1,237,0
-3,5,189,1,237,0
-3,-8,205,1,237,0
0,5,208,1,237,0
8,-2,228,1,237,0
2,7,229,1,237,0
-2,4,229,1,237,0
8,-3,39,1,237,0
-4,-2,49,1,237,0
-1,-3,53,1,237,0
-2,-6,59,1,237,0
6,-7,62,1,237,0
4,0,93,1,237,0
2,-5,85,1,237,0
6,2,109,1,237,0
5,1,116,1,237,0
1,-2,133,1,237,0
-8,1,189,1,237,0
-3,6,192,1,237,0
4,-1,199,1,237,0
0,6,202,1,237,0
-7,-1,208,1,237,0
1,7,222,1,237,0
-2,5,223,1,237,0
2,8,224,1,237,0
7,3,226,1,237,0
8,4,229,1,237,0
-1,4,236,1,237,0
2,9,5,1,237,0
-3,7,14,1,237,0
-5,-6,21,1,237,0
-1,-4,52,1,237,0
8,5,91,1,237,0
1,-3,93,1,237,0
5,-5,102,1,237,0
5,2,113,1,237,0
3,0,118,1,237,0
4,1,122,1,237,0
-4,-3,173,1,237,0
-7,1,203,1,237,0
-2,6,199,1,237,0
-6,0,199,1,237,0
4,-2,205,1,237,0
0,7,212,1,237,0
-2,-7,215,1,237,0
-7,-2,218,1,237,0
1,8,218,1,237,0
6,3,219,1,237,0
-1,5,233,1,237,0
7,4,236,1,237,0
-5,-7,8,1,238,0
-8,-6,9,1,238,0
-3,8,9,1,238,0
4,-3,64,1,238,0
-1,-5,66,1,238,0
2,-7,87,1,238,0
1,-4,97,1,238,0
7,5,98,1,238,0
3,1,129,1,238,0
0,-1,155,1,238,0
-3,-1,175,1,238,0
-6,1,199,1,238,0
-4,-4,181,1,238,0
2,0,188,1,238,0
-7,2,209,1,238,0
-2,7,209,1,238,0
5,3,212,1,238,0
0,8,215,1,238,0
-7,-3,222,1,238,0
-1,6,226,1,238,0
7,-2,235,1,238,0
-3,9,3,1,238,0
-7,-4,28,1,238,0
7,-3,46,1,238,0
5,-7,68,1,238,0
1,-5,79,1,238,0
8,7,95,1,238,0
6,5,106,1,238,0
4,-4,112,1,238,0
5,4,115,1,238,0
0,-2,137,1,238,0
2,1,139,1,238,0
1,0,183,1,238,0
-4,-5,188,1,238,0
-4,0,192,1,238,0
3,2,195,1,238,0
-6,-1,196,1,238,0
3,-1,198,1,238,0
-5,1,201,1,238,0
4,3,206,1,238,0
-7,3,216,1,238,0
-1,7,219,1,238,0
-1,-6,235,1,238,0
-8,5,2,1,238,0
-7,-5,21,1,238,0
8,-7,48,1,238,0
1,-6,93,1,238,0
7,7,102,1,238,0
4,-5,108,1,238,0
6,6,111,1,238,0
5,5,119,1,238,0
0,-3,129,1,238,0
4,4,129,1,238,0
1,1,157,1,238,0
-3,-3,169,1,238,0
0,0,176,1,238,0
-3,0,187,1,238,0
2,2,192,1,238,0
-4,1,194,1,238,0
-4,-6,194,1,238,0
3,3,199,1,238,0
-5,2,205,1,238,0
-1,8,213,1,238,0
-7,4,223,1,238,0
-1,-7,229,1,238,0
-7,5,229,1,238,0
-7,-6,14,1,238,0
-3,-4,42,1,238,0
1,-7,91,1,238,0
6,7,106,1,238,0
5,6,114,1,238,0
3,-3,121,1,238,0
4,5,123,1,238,0
0,-4,124,1,238,0
3,4,131,1,238,0
2,3,139,1,238,0
-3,1,162,1,238,0
-2,-1,174,1,238,0
0,1,175,1,238,0
-2,0,179,1,238,0
1,2,186,1,238,0
-4,-7,199,1,238,0
-4,2,208,1,238,0
6,-2,219,1,238,0
-1,-8,224,1,238,0
-6,-3,237,1,238,0
1,-8,3,1,238,0
-4,-8,5,1,238,0
6,-3,52,1,238,0
3,5,58,1,238,0
2,4,73,1,238,0
4,-7,74,1,238,0
5,7,76,1,238,0
3,-4,116,1,238,0
0,-5,118,1,238,0
1,3,132,1,238,0
-2,1,158,1,238,0
-2,-2,169,1,238,0
-1,0,171,1,238,0
0,2,178,1,238,0
-5,-1,189,1,238,0
2,-1,189,1,238,0
-4,3,216,1,238,0
-5,4,227,1,238,0
-7,6,237,1,238,0
-6,5,232,1,238,0
-3,-6,45,1,238,0
-5,-2,48,1,238,0
3,6,51,1,238,0
7,-7,55,1,238,0
2,5,78,1,238,0
3,-5,91,1,238,0
5,-1,106,1,238,0
1,4,126,1,238,0
2,-2,131,1,238,0
-2,-3,161,1,238,0
-1,1,167,1,238,0
-3,3,175,1,238,0
0,3,187,1,238,0
-4,4,221,1,238,0
-5,5,237,1,238,0
0,-6,236,1,238,0
4,7,237,1,238,0
-2,2,237,1,238,0
-6,6,238,1,238,0
-6,-6,14,1,238,0
-4,5,27,1,238,0
-2,-4,48,1,238,0
0,-7,105,1,238,0
2,6,112,1,238,0
1,5,119,1,238,0
2,-3,124,1,238,0
-1,-1,162,1,238,0
-1,2,176,1,238,0
-3,4,183,1,238,0
0,4,194,1,238,0
-3,-7,208,1,238,0
5,-2,212,1,238,0
-8,-2,213,1,238,0
-5,-3,235,1,238,0
3,7,235,1,238,0
-2,3,235,1,238,0
8,-1,237,1,238,0
-9,-6,4,1,238,0
-6,-7,9,1,238,0
3,8,13,1,238,0
5,-3,58,1,238,0
3,-7,79,1,238,0
8,3,84,1,238,0
7,2,103,1,238,0
1,6,113,1,238,0
1,-1,139,1,238,0
-1,-2,154,1,238,0
-1,3,178,1,238,0
-4,-1,182,1,238,0
-3,5,189,1,238,0
-3,-8,205,1,238,0
0,5,208,1,238,0
8,-2,228,1,238,0
2,7,229,1,238,0
-2,4,229,1,238,0
8,-3,39,1,238,0
-4,-2,49,1,238,0
-1,-3,53,1,238,0
-2,-6,59,1,238,0
6,-7,62,1,238,0
4,0,93,1,238,0
2,-5,85,1,238,0
6,2,109,1,238,0
5,1,116,1,238,0
1,-2,133,1,238,0
-8,1,189,1,238,0
-3,6,192,1,238,0
4,-1,199,1,238,0
0,6,202,1,238,0
-7,-1,208,1,238,0
1,7,222,1,238,0
-2,5,223,1,238,0
2,8,224,1,238,0
7,3,226,1,238,0
8,4,229,1,238,0
-1,4,237,1,238,0
2,9,5,1,238,0
-3,7,14,1,238,0
-5,-6,21,1,238,0
-1,-4,52,1,238,0
8,5,91,1,238,0
1,-3,93,1,238,0
5,-5,102,1,238,0
5,2,113,1,238,0
3,0,118,1,238,0
4,1,122,1,238,0
-4,-3,173,1,238,0
-7,1,203,1,238,0
-2,6,199,1,238,0
-6,0,199,1,238,0
4,-2,205,1,238,0
0,7,212,1,238,0
-2,-7,215,1,238,0
-7,-2,218,1,238,0
1,8,218,1,238,0
6,3,219,1,238,0
-1,5,233,1,238,0
7,4,236,1,238,0
-5,-7,8,1,239,0
-8,-6,9,1,239,0
-3,8,9,1,239,0
4,-3,64,1,239,0
-1,-5,66,1,239,0
2,-7,87,1,239,0
1,-4,97,1,239,0
3,1,129,1,239,0
0,-1,155,1,239,0
-3,-1,175,1,239,0
-6,1,199,1,239,0
-4,-4,181,1,239,0
2,0,188,1,239,0
-7,2,209,1,239,0
-2,7,209,1,239,0
5,3,212,1,239,0
0,8,215,1,239,0
-7,-3,222,1,239,0
-1,6,226,1,239,0
7,-2,235,1,239,0
7,5,238,1,239,0
-3,9,3,1,239,0
-7,-4,28,1,239,0
7,-3,46,1,239,0
5,-7,68,1,239,0
1,-5,79,1,239,0
8,7,95,1,239,0
6,5,106,1,239,0
4,-4,112,1,239,0
5,4,115,1,239,0
0,-2,137,1,239,0
2,1,139,1,239,0
1,0,183,1,239,0
-4,-5,188,1,239,0
-4,0,192,1,239,0
3,2,195,1,239,0
-6,-1,196,1,239,0
3,-1,198,1,239,0
-5,1,201,1,239,0
4,3,206,1,239,0
-7,3,216,1,239,0
-1,7,219,1,239,0
-1,-6,235,1,239,0
-8,5,2,1,239,0
-7,-5,21,1,239,0
8,-7,48,1,239,0
1,-6,93,1,239,0
7,7,102,1,239,0
4,-5,108,1,239,0
6,6,111,1,239,0
5,5,119,1,239,0
0,-3,129,1,239,0
4,4,129,1,239,0
1,1,157,1,239,0
-3,-3,169,1,239,0
0,0,176,1,239,0
-3,0,187,1,239,0
2,2,192,1,239,0
-4,1,194,1,239,0
-4,-6,194,1,239,0
3,3,199,1,239,0
-5,2,205,1,239,0
-1,8,213,1,239,0
-7,4,223,1,239,0
-1,-7,229,1,239,0
-7,5,229,1,239,0
-7,-6,14,1,239,0
-3,-4,42,1,239,0
1,-7,91,1,239,0
6,7,106,1,239,0
5,6,114,1,239,0
3,-3,121,1,239,0
4,5,123,1,239,0
0,-4,124,1,239,0
3,4,131,1,239,0
2,3,139,1,239,0
-3,1,162,1,239,0
-2,-1,174,1,239,0
0,1,175,1,239,0
-2,0,179,1,239,0
1,2,186,1,239,0
-4,-7,199,1,239,0
-4,2,208,1,239,0
6,-2,219,1,239,0
-1,-8,224,1,239,0
-6,-3,238,1,239,0
1,-8,3,1,239,0
-4,-8,5,1,239,0
6,-3,52,1,239,0
3,5,58,1,239,0
2,4,73,1,239,0
4,-7,74,1,239,0
5,7,76,1,239,0
3,-4,116,1,239,0
1,3,132,1,239,0
-2,1,158,1,239,0
-2,-2,169,1,239,0
-1,0,171,1,239,0
0,2,178,1,239,0
-5,-1,189,1,239,0
2,-1,189,1,239,0
-4,3,216,1,239,0
-5,4,227,1,239,0
-7,6,237,1,239,0
-6,5,239,1,239,0
0,-5,237,1,239,0
-3,-6,45,1,239,0
-5,-2,48,1,239,0
3,6,51,1,239,0
7,-7,55,1,239,0
2,5,78,1,239,0
3,-5,91,1,239,0
5,-1,106,1,239,0
1,4,126,1,239,0
2,-2,131,1,239,0
-2,-3,161,1,239,0
-1,1,167,1,239,0
-3,3,175,1,239,0
0,3,187,1,239,0
-4,4,221,1,239,0
0,-6,236,1,239,0
-6,6,238,1,239,0
-5,5,238,1,239,0
4,7,238,1,239,0
-2,2,238,1,239,0
-6,-6,14,1,239,0
-4,5,27,1,239,0
-2,-4,48,1,239,0
0,-7,105,1,239,0
2,6,112,1,239,0
1,5,119,1,239,0
2,-3,124,1,239,0
-1,-1,162,1,239,0
-1,2,176,1,239,0
-3,4,183,1,239,0
0,4,194,1,239,0
-3,-7,208,1,239,0
5,-2,212,1,239,0
-8,-2,213,1,239,0
-5,-3,235,1,239,0
3,7,235,1,239,0
-2,3,235,1,239,0
8,-1,238,1,239,0
-9,-6,4,1,239,0
-6,-7,9,1,239,0
3,8,13,1,239,0
5,-3,58,1,239,0
3,-7,79,1,239,0
8,3,84,1,239,0
7,2,103,1,239,0
1,6,113,1,239,0
1,-1,139,1,239,0
-1,-2,154,1,239,0
-1,3,178,1,239,0
-4,-1,182,1,239,0
-3,5,189,1,239,0
-3,-8,205,1,239,0
0,5,208,1,239,0
8,-2,228,1,239,0
2,7,229,1,239,0
-2,4,229,1,239,0
8,-3,39,1,239,0
-4,-2,49,1,239,0
-1,-3,53,1,239,0
-2,-6,59,1,239,0
6,-7,62,1,239,0
4,0,93,1,239,0
2,-5,85,1,239,0
6,2,109,1,239,0
5,1,116,1,239,0
1,-2,133,1,239,0
-8,1,189,1,239,0
-3,6,192,1,239,0
4,-1,199,1,239,0
0,6,202,1,239,0
-7,-1,208,1,239,0
1,7,222,1,239,0
-2,5,223,1,239,0
2,8,224,1,239,0
7,3,226,1,239,0
8,4,229,1,239,0
-1,4,238,1,239,0
2,9,5,1,239,0
-3,7,14,1,239,0
-5,-6,21,1,239,0
-1,-4,52,1,239,0
8,5,91,1,239,0
1,-3,93,1,239,0
5,-5,102,1,239,0
5,2,113,1,239,0
3,0,118,1,239,0
4,1,122,1,239,0
-4,-3,173,1,239,0
-7,1,203,1,239,0
-2,6,199,1,239,0
-6,0,199,1,239,0
4,-2,205,1,239,0
0,7,212,1,239,0
-2,-7,215,1,239,0
-7,-2,218,1,239,0
1,8,218,1,239,0
6,3,219,1,239,0
-1,5,233,1,239,0
7,4,236,1,239,0
-5,-7,8,1,240,0
-8,-6,9,1,240,0
-3,8,9,1,240,0
4,-3,64,1,240,0
-1,-5,66,1,240,0
2,-7,87,1,240,0
1,-4,97,1,240,0
3,1,129,1,240,0
0,-1,155,1,240,0
-3,-1,175,1,240,0
-6,1,199,1,240,0
-4,-4,181,1,240,0
2,0,188,1,240,0
-7,2,209,1,240,0
-2,7,209,1,240,0
5,3,212,1,240,0
0,8,215,1,240,0
-7,-3,222,1,240,0
-1,6,226,1,240,0
7,-2,235,1,240,0
7,5,239,1,240,0
-3,9,3,1,240,0
-7,-4,28,1,240,0
7,-3,46,1,240,0
5,-7,68,1,240,0
1,-5,79,1,240,0
8,7,95,1,240,0
6,5,106,1,240,0
4,-4,112,1,240,0
5,4,115,1,240,0
0,-2,137,1,240,0
2,1,139,1,240,0
1,0,183,1,240,0
-4,-5,188,1,240,0
-4,0,192,1,240,0
3,2,195,1,240,0
-6,-1,196,1,240,0
3,-1,198,1,240,0
-5,1,201,1,240,0
4,3,206,1,240,0
-7,3,216,1,240,0
-1,7,219,1,240,0
-1,-6,235,1,240,0
-8,5,2,1,240,0
-7,-5,21,1,240,0
8,-7,48,1,240,0
1,-6,93,1,240,0
7,7,102,1,240,0
4,-5,108,1,240,0
6,6,111,1,240,0
5,5,119,1,240,0
0,-3,129,1,240,0
4,4,129,1,240,0
1,1,157,1,240,0
-3,-3,169,1,240,0
0,0,176,1,240,0
-3,0,187,1,240,0
2,2,192,1,240,0
-4,1,194,1,240,0
-4,-6,194,1,240,0
3,3,199,1,240,0
-5,2,205,1,240,0
-1,8,213,1,240,0
-7,4,223,1,240,0
-1,-7,229,1,240,0
-7,5,229,1,240,0
-7,-6,14,1,240,0
-3,-4,42,1,240,0
1,-7,91,1,240,0
6,7,106,1,240,0
5,6,114,1,240,0
3,-3,121,1,240,0
4,5,123,1,240,0
0,-4,124,1,240,0
3,4,131,1,240,0
2,3,139,1,240,0
-3,1,162,1,240,0
-2,-1,174,1,240,0
0,1,175,1,240,0
-2,0,179,1,240,0
1,2,186,1,240,0
-4,-7,199,1,240,0
-4,2,208,1,240,0
6,-2,219,1,240,0
-1,-8,224,1,240,0
-6,-3,239,1,240,0
1,-8,3,1,240,0
-4,-8,5,1,240,0
6,-3,52,1,240,0
3,5,58,1,240,0
2,4,73,1,240,0
4,-7,74,1,240,0
5,7,76,1,240,0
3,-4,116,1,240,0
1,3,132,1,240,0
-2,1,158,1,240,0
-2,-2,169,1,240,0
-1,0,171,1,240,0
0,2,178,1,240,0
-5,-1,189,1,240,0
2,-1,189,1,240,0
-4,3,216,1,240,0
-5,4,227,1,240,0
-7,6,237,1,240,0
-6,5,239,1,240,0
0,-5,238,1,240,0
-3,-6,45,1,240,0
-5,-2,48,1,240,0
3,6,51,1,240,0
7,-7,55,1,240,0
2,5,78,1,240,0
3,-5,91,1,240,0
5,-1,106,1,240,0
1,4,126,1,240,0
2,-2,131,1,240,0
-2,-3,161,1,240,0
-1,1,167,1,240,0
-3,3,175,1,240,0
0,3,187,1,240,0
-4,4,221,1,240,0
0,-6,236,1,240,0
-6,6,238,1,240,0
-5,5,238,1,240,0
4,7,239,1,240,0
-2,2,239,1,240,0
-6,-6,14,1,240,0
-4,5,27,1,240,0
-2,-4,48,1,240,0
0,-7,105,1,240,0
2,6,112,1,240,0
1,5,119,1,240,0
2,-3,124,1,240,0
-1,-1,162,1,240,0
-1,2,176,1,240,0
-3,4,183,1,240,0
0,4,194,1,240,0
-3,-7,208,1,240,0
5,-2,212,1,240,0
-8,-2,213,1,240,0
-5,-3,235,1,240,0
3,7,235,1,240,0
-2,3,235,1,240,0
-5,6,239,1,240,0
8,-1,239,1,240,0
-9,-6,4,1,240,0
-6,-7,9,1,240,0
3,8,13,1,240,0
5,-3,58,1,240,0
3,-7,79,1,240,0
8,3,84,1,240,0
7,2,103,1,240,0
1,6,113,1,240,0
1,-1,139,1,240,0
-1,-2,154,1,240,0
-1,3,178,1,240,0
-4,-1,182,1,240,0
-3,5,189,1,240,0
-3,-8,205,1,240,0
0,5,208,1,240,0
8,-2,228,1,240,0
2,7,229,1,240,0
-2,4,229,1,240,0
8,-3,39,1,240,0
-4,-2,49,1,240,0
-1,-3,53,1,240,0
-2,-6,59,1,240,0
6,-7,62,1,240,0
4,0,93,1,240,0
2,-5,85,1,240,0
6,2,109,1,240,0
5,1,116,1,240,0
1,-2,133,1,240,0
-8,1,189,1,240,0
-3,6,192,1,240,0
4,-1,199,1,240,0
0,6,202,1,240,0
-7,-1,208,1,240,0
1,7,222,1,240,0
-2,5,223,1,240,0
2,8,224,1,240,0
7,3,226,1,240,0
8,4,229,1,240,0
-1,4,239,1,240,0
2,9,5,1,240,0
-3,7,14,1,240,0
-5,-6,21,1,240,0
-1,-4,52,1,240,0
8,5,91,1,240,0
1,-3,93,1,240,0
5,-5,102,1,240,0
5,2,113,1,240,0
3,0,118,1,240,0
4,1,122,1,240,0
-4,-3,173,1,240,0
-7,1,203,1,240,0
-2,6,199,1,240,0
-6,0,199,1,240,0
4,-2,205,1,240,0
0,7,212,1,240,0
-2,-7,215,1,240,0
-7,-2,218,1,240,0
1,8,218,1,240,0
6,3,219,1,240,0
-1,5,233,1,240,0
7,4,236,1,240,0
-5,-7,8,1,241,0
-8,-6,9,1,241,0
-3,8,9,1,241,0
4,-3,64,1,241,0
-1,-5,66,1,241,0
2,-7,87,1,241,0
1,-4,97,1,241,0
3,1,129,1,241,0
0,-1,155,1,241,0
-3,-1,175,1,241,0
-6,1,199,1,241,0
-4,-4,181,1,241,0
2,0,188,1,241,0
-7,2,209,1,241,0
-2,7,209,1,241,0
5,3,212,1,241,0
0,8,215,1,241,0
-7,-3,222,1,241,0
-1,6,226,1,241,0
7,-2,235,1,241,0
7,5,239,1,241,0
-3,9,3,1,241,0
-7,-4,28,1,241,0
7,-3,46,1,241,0
5,-7,68,1,241,0
1,-5,79,1,241,0
8,7,95,1,241,0
6,5,106,1,241,0
4,-4,112,1,241,0
5,4,115,1,241,0
0,-2,137,1,241,0
2,1,139,1,241,0
1,0,183,1,241,0
-4,-5,188,1,241,0
-4,0,192,1,241,0
3,2,195,1,241,0
-6,-1,196,1,241,0
3,-1,198,1,241,0
-5,1,201,1,241,0
4,3,206,1,241,0
-7,3,216,1,241,0
-1,7,219,1,241,0
-1,-6,235,1,241,0
-8,5,2,1,241,0
-7,-5,21,1,241,0
8,-7,48,1,241,0
1,-6,93,1,241,0
7,7,102,1,241,0
4,-5,108,1,241,0
6,6,111,1,241,0
5,5,119,1,241,0
0,-3,129,1,241,0
4,4,129,1,241,0
1,1,157,1,241,0
-3,-3,169,1,241,0
0,0,176,1,241,0
-3,0,187,1,241,0
2,2,192,1,241,0
-4,1,194,1,241,0
-4,-6,194,1,241,0
3,3,199,1,241,0
-5,2,205,1,241,0
-1,8,213,1,241,0
-7,4,223,1,241,0
-1,-7,229,1,241,0
-7,5,229,1,241,0
-7,-6,14,1,241,0
-3,-4,42,1,241,0
1,-7,91,1,241,0
6,7,106,1,241,0
5,6,114,1,241,0
3,-3,121,1,241,0
4,5,123,1,241,0
0,-4,124,1,241,0
3,4,131,1,241,0
2,3,139,1,241,0
-3,1,162,1,241,0
-2,-1,174,1,241,0
0,1,175,1,241,0
-2,0,179,1,241,0
1,2,186,1,241,0
-4,-7,199,1,241,0
-4,2,208,1,241,0
6,-2,219,1,241,0
-1,-8,224,1,241,0
-6,-3,239,1,241,0
1,-8,3,1,241,0
-4,-8,5,1,241,0
6,-3,52,1,241,0
3,5,58,1,241,0
2,4,73,1,241,0
4,-7,74,1,241,0
5,7,76,1,241,0
3,-4,116,1,241,0
1,3,132,1,241,0
-2,1,158,1,241,0
-2,-2,169,1,241,0
-1,0,171,1,241,0
0,2,178,1,241,0
-5,-1,189,1,241,0
2,-1,189,1,241,0
-4,3,216,1,241,0
-5,4,227,1,241,0
-7,6,237,1,241,0
-6,5,241,1,241,0
0,-5,239,1,241,0
-3,-6,45,1,241,0
-5,-2,48,1,241,0
3,6,51,1,241,0
7,-7,55,1,241,0
2,5,78,1,241,0
3,-5,91,1,241,0
5,-1,106,1,241,0
1,4,126,1,241,0
2,-2,131,1,241,0
-2,-3,161,1,241,0
-1,1,167,1,241,0
-3,3,175,1,241,0
0,3,187,1,241,0
-4,4,221,1,241,0
0,-6,236,1,241,0
-6,6,238,1,241,0
-5,5,238,1,241,0
4,7,239,1,241,0
-2,2,239,1,241,0
-6,-6,14,1,241,0
-4,5,27,1,241,0
-2,-4,48,1,241,0
0,-7,105,1,241,0
2,6,112,1,241,0
1,5,119,1,241,0
2,-3,124,1,241,0
-1,-1,162,1,241,0
-1,2,176,1,241,0
-3,4,183,1,241,0
0,4,194,1,241,0
-3,-7,208,1,241,0
5,-2,212,1,241,0
-8,-2,213,1,241,0
-5,-3,235,1,241,0
3,7,235,1,241,0
-2,3,235,1,241,0
-5,6,239,1,241,0
8,-1,239,1,241,0
-9,-6,4,1,241,0
-6,-7,9,1,241,0
3,8,13,1,241,0
5,-3,58,1,241,0
3,-7,79,1,241,0
8,3,84,1,241,0
7,2,103,1,241,0
1,6,113,1,241,0
1,-1,139,1,241,0
-1,-2,154,1,241,0
-1,3,178,1,241,0
-4,-1,182,1,241,0
-3,5,189,1,241,0
-3,-8,205,1,241,0
0,5,208,1,241,0
8,-2,228,1,241,0
2,7,229,1,241,0
-2,4,229,1,241,0
8,-3,39,1,241,0
-4,-2,49,1,241,0
-1,-3,53,1,241,0
-2,-6,59,1,241,0
6,-7,62,1,241,0
4,0,93,1,241,0
2,-5,85,1,241,0
6,2,109,1,241,0
5,1,116,1,241,0
1,-2,133,1,241,0
-8,1,189,1,241,0
-3,6,192,1,241,0
4,-1,199,1,241,0
0,6,202,1,241,0
-7,-1,208,1,241,0
1,7,222,1,241,0
-2,5,223,1,241,0
2,8,224,1,241,0
7,3,226,1,241,0
8,4,229,1,241,0
-1,4,239,1,241,0
2,9,5,1,241,0
-3,7,14,1,241,0
-5,-6,21,1,241,0
-1,-4,52,1,241,0
8,5,91,1,241,0
1,-3,93,1,241,0
5,-5,102,1,241,0
5,2,113,1,241,0
3,0,118,1,241,0
4,1,122,1,241,0
-4,-3,173,1,241,0
-7,1,203,1,241,0
-2,6,199,1,241,0
-6,0,199,1,241,0
4,-2,205,1,241,0
0,7,212,1,241,0
-2,-7,215,1,241,0
-7,-2,218,1,241,0
1,8,218,1,241,0
6,3,219,1,241,0
-1,5,233,1,241,0
7,4,236,1,241,0
-5,-7,8,1,242,0
-8,-6,9,1,242,0
-3,8,9,1,242,0
4,-3,64,1,242,0
-1,-5,66,1,242,0
2,-7,87,1,242,0
1,-4,97,1,242,0
3,1,129,1,242,0
0,-1,155,1,242,0
-3,-1,175,1,242,0
-6,1,199,1,242,0
-4,-4,181,1,242,0
2,0,188,1,242,0
-7,2,209,1,242,0
-2,7,209,1,242,0
5,3,212,1,242,0
0,8,215,1,242,0
-7,-3,222,1,242,0
-1,6,226,1,242,0
7,-2,235,1,242,0
7,5,241,1,242,0
-3,9,3,1,242,0
-7,-4,28,1,242,0
7,-3,46,1,242,0
5,-7,68,1,242,0
1,-5,79,1,242,0
8,7,95,1,242,0
6,5,106,1,242,0
4,-4,112,1,242,0
5,4,115,1,242,0
0,-2,137,1,242,0
2,1,139,1,242,0
1,0,183,1,242,0
-4,-5,188,1,242,0
-4,0,192,1,242,0
3,2,195,1,242,0
-6,-1,196,1,242,0
3,-1,198,1,242,0
-5,1,201,1,242,0
4,3,206,1,242,0
-7,3,216,1,242,0
-1,7,219,1,242,0
-1,-6,235,1,242,0
-8,5,2,1,242,0
-7,-5,21,1,242,0
8,-7,48,1,242,0
1,-6,93,1,242,0
7,7,102,1,242,0
4,-5,108,1,242,0
6,6,111,1,242,0
5,5,119,1,242,0
0,-3,129,1,242,0
4,4,129,1,242,0
1,1,157,1,242,0
-3,-3,169,1,242,0
0,0,176,1,242,0
-3,0,187,1,242,0
2,2,192,1,242,0
-4,1,194,1,242,0
-4,-6,194,1,242,0
3,3,199,1,242,0
-5,2,205,1,242,0
-1,8,213,1,242,0
-7,4,223,1,242,0
-1,-7,229,1,242,0
-7,5,229,1,242,0
-7,-6,14,1,242,0
-3,-4,42,1,242,0
1,-7,91,1,242,0
6,7,106,1,242,0
5,6,114,1,242,0
3,-3,121,1,242,0
4,5,123,1,242,0
0,-4,124,1,242,0
3,4,131,1,242,0
2,3,139,1,242,0
-3,1,162,1,242,0
-2,-1,174,1,242,0
0,1,175,1,242,0
-2,0,179,1,242,0
1,2,186,1,242,0
-4,-7,199,1,242,0
-4,2,208,1,242,0
6,-2,219,1,242,0
-1,-8,224,1,242,0
-6,-3,239,1,242,0
1,-8,3,1,242,0
-4,-8,5,1,242,0
6,-3,52,1,242,0
3,5,58,1,242,0
2,4,73,1,242,0
4,-7,74,1,242,0
5,7,76,1,242,0
3,-4,116,1,242,0
1,3,132,1,242,0
-2,1,158,1,242,0
-2,-2,169,1,242,0
-1,0,171,1,242,0
0,2,178,1,242,0
-5,-1,189,1,242,0
2,-1,189,1,242,0
-4,3,216,1,242,0
-5,4,227,1,242,0
-7,6,237,1,242,0
-6,5,242,1,242,0
0,-5,239,1,242,0
-3,-6,45,1,242,0
-5,-2,48,1,242,0
3,6,51,1,242,0
7,-7,55,1,242,0
2,5,78,1,242,0
3,-5,91,1,242,0
5,-1,106,1,242,0
1,4,126,1,242,0
2,-2,131,1,242,0
-2,-3,161,1,242,0
-1,1,167,1,242,0
-3,3,175,1,242,0
0,3,187,1,242,0
-4,4,221,1,242,0
0,-6,236,1,242,0
-6,6,238,1,242,0
-5,5,238,1,242,0
4,7,241,1,242,0
-2,2,241,1,242,0
-6,-6,14,1,242,0
-4,5,27,1,242,0
-2,-4,48,1,242,0
0,-7,105,1,242,0
2,6,112,1,242,0
1,5,119,1,242,0
2,-3,124,1,242,0
-1,-1,162,1,242,0
-1,2,176,1,242,0
-3,4,183,1,242,0
0,4,194,1,242,0
-3,-7,208,1,242,0
5,-2,212,1,242,0
-8,-2,213,1,242,0
3,7,235,1,242,0
-2,3,235,1,242,0
8,-1,239,1,242,0
-5,6,241,1,242,0
-5,-3,241,1,242,0
-9,-6,4,1,242,0
-6,-7,9,1,242,0
3,8,13,1,242,0
5,-3,58,1,242,0
3,-7,79,1,242,0
8,3,84,1,242,0
7,2,103,1,242,0
1,6,113,1,242,0
1,-1,139,1,242,0
-1,-2,154,1,242,0
-4,-1,182,1,242,0
-3,5,189,1,242,0
-3,-8,205,1,242,0
0,5,208,1,242,0
8,-2,228,1,242,0
2,7,229,1,242,0
-2,4,229,1,242,0
-1,3,241,1,242,0
8,-3,39,1,242,0
-4,-2,49,1,242,0
-1,-3,53,1,242,0
-2,-6,59,1,242,0
6,-7,62,1,242,0
4,0,93,1,242,0
2,-5,85,1,242,0
6,2,109,1,242,0
5,1,116,1,242,0
1,-2,133,1,242,0
-8,1,189,1,242,0
-3,6,192,1,242,0
4,-1,199,1,242,0
0,6,202,1,242,0
-7,-1,208,1,242,0
1,7,222,1,242,0
-2,5,223,1,242,0
2,8,224,1,242,0
7,3,226,1,242,0
8,4,229,1,242,0
-1,4,239,1,242,0
2,9,5,1,242,0
-3,7,14,1,242,0
-5,-6,21,1,242,0
-1,-4,52,1,242,0
8,5,91,1,242,0
1,-3,93,1,242,0
5,-5,102,1,242,0
5,2,113,1,242,0
3,0,118,1,242,0
4,1,122,1,242,0
-4,-3,173,1,242,0
-7,1,203,1,242,0
-2,6,199,1,242,0
-6,0,199,1,242,0
4,-2,205,1,242,0
0,7,212,1,242,0
-2,-7,215,1,242,0
-7,-2,218,1,242,0
1,8,218,1,242,0
6,3,219,1,242,0
-1,5,233,1,242,0
7,4,236,1,242,0
7,-1,241,1,242,0
-5,-7,8,1,243,0
-8,-6,9,1,243,0
-3,8,9,1,243,0
4,-3,64,1,243,0
-1,-5,66,1,243,0
2,-7,87,1,243,0
1,-4,97,1,243,0
3,1,129,1,243,0
0,-1,155,1,243,0
-3,-1,175,1,243,0
-6,1,199,1,243,0
-4,-4,181,1,243,0
2,0,188,1,243,0
-7,2,209,1,243,0
-2,7,209,1,243,0
5,3,212,1,243,0
0,8,215,1,243,0
-7,-3,222,1,243,0
-1,6,226,1,243,0
7,-2,235,1,243,0
7,5,242,1,243,0
-3,9,3,1,243,0
-7,-4,28,1,243,0
7,-3,46,1,243,0
5,-7,68,1,243,0
1,-5,79,1,243,0
8,7,95,1,243,0
6,5,106,1,243,0
4,-4,112,1,243,0
5,4,115,1,243,0
0,-2,137,1,243,0
2,1,139,1,243,0
1,0,183,1,243,0
-4,-5,188,1,243,0
-4,0,192,1,243,0
3,2,195,1,243,0
-6,-1,196,1,243,0
3,-1,198,1,243,0
-5,1,201,1,243,0
4,3,206,1,243,0
-7,3,216,1,243,0
-1,7,219,1,243,0
-1,-6,235,1,243,0
-8,5,2,1,243,0
-7,-5,21,1,243,0
8,-7,48,1,243,0
1,-6,93,1,243,0
7,7,102,1,243,0
4,-5,108,1,243,0
6,6,111,1,243,0
5,5,119,1,243,0
0,-3,129,1,243,0
4,4,129,1,243,0
1,1,157,1,243,0
-3,-3,169,1,243,0
0,0,176,1,243,0
-3,0,187,1,243,0
2,2,192,1,243,0
-4,1,194,1,243,0
-4,-6,194,1,243,0
3,3,199,1,243,0
-5,2,205,1,243,0
-1,8,213,1,243,0
-7,4,223,1,243,0
-1,-7,229,1,243,0
-7,5,229,1,243,0
-7,-6,14,1,243,0
-3,-4,42,1,243,0
1,-7,91,1,243,0
6,7,106,1,243,0
5,6,114,1,243,0
3,-3,121,1,243,0
4,5,123,1,243,0
0,-4,124,1,243,0
3,4,131,1,243,0
2,3,139,1,243,0
-3,1,162,1,243,0
-2,-1,174,1,243,0
0,1,175,1,243,0
-2,0,179,1,243,0
1,2,186,1,243,0
-4,-7,199,1,243,0
-4,2,208,1,243,0
6,-2,219,1,243,0
-1,-8,224,1,243,0
-6,-3,239,1,243,0
1,-8,3,1,243,0
-4,-8,5,1,243,0
6,-3,52,1,243,0
3,5,58,1,243,0
2,4,73,1,243,0
4,-7,74,1,243,0
5,7,76,1,243,0
3,-4,116,1,243,0
1,3,132,1,243,0
-2,1,158,1,243,0
-2,-2,169,1,243,0
-1,0,171,1,243,0
0,2,178,1,243,0
-5,-1,189,1,243,0
2,-1,189,1,243,0
-4,3,216,1,243,0
-5,4,227,1,243,0
-7,6,237,1,243,0
-6,5,243,1,243,0
0,-5,241,1,243,0
-3,-6,45,1,243,0
-5,-2,48,1,243,0
3,6,51,1,243,0
7,-7,55,1,243,0
2,5,78,1,243,0
3,-5,91,1,243,0
5,-1,106,1,243,0
1,4,126,1,243,0
2,-2,131,1,243,0
-2,-3,161,1,243,0
-1,1,167,1,243,0
-3,3,175,1,243,0
0,3,187,1,243,0
-4,4,221,1,243,0
0,-6,236,1,243,0
-6,6,238,1,243,0
-5,5,238,1,243,0
4,7,242,1,243,0
-2,2,242,1,243,0
-6,-6,14,1,243,0
-4,5,27,1,243,0
-2,-4,48,1,243,0
0,-7,105,1,243,0
2,6,112,1,243,0
1,5,119,1,243,0
2,-3,124,1,243,0
-1,-1,162,1,243,0
-1,2,176,1,243,0
-3,4,183,1,243,0
0,4,194,1,243,0
-3,-7,208,1,243,0
5,-2,212,1,243,0
-8,-2,213,1,243,0
3,7,235,1,243,0
-2,3,235,1,243,0
8,-1,239,1,243,0
-5,6,242,1,243,0
-5,-3,242,1,243,0
-9,-6,4,1,243,0
-6,-7,9,1,243,0
3,8,13,1,243,0
5,-3,58,1,243,0
3,-7,79,1,243,0
8,3,84,1,243,0
7,2,103,1,243,0
1,6,113,1,243,0
1,-1,139,1,243,0
-1,-2,154,1,243,0
-4,-1,182,1,243,0
-3,5,189,1,243,0
-3,-8,205,1,243,0
0,5,208,1,243,0
8,-2,228,1,243,0
2,7,229,1,243,0
-2,4,229,1,243,0
-1,3,242,1,243,0
8,-3,39,1,243,0
-4,-2,49,1,243,0
-1,-3,53,1,243,0
-2,-6,59,1,243,0
6,-7,62,1,243,0
4,0,93,1,243,0
2,-5,85,1,243,0
6,2,109,1,243,0
5,1,116,1,243,0
1,-2,133,1,243,0
-8,1,189,1,243,0
-3,6,192,1,243,0
4,-1,199,1,243,0
0,6,202,1,243,0
-7,-1,208,1,243,0
1,7,222,1,243,0
-2,5,223,1,243,0
2,8,224,1,243,0
7,3,226,1,243,0
8,4,229,1,243,0
-1,4,239,1,243,0
2,9,5,1,243,0
-3,7,14,1,243,0
-5,-6,21,1,243,0
-1,-4,52,1,243,0
8,5,91,1,243,0
1,-3,93,1,243,0
5,-5,102,1,243,0
5,2,113,1,243,0
3,0,118,1,243,0
4,1,122,1,243,0
-4,-3,173,1,243,0
-7,1,203,1,243,0
-2,6,199,1,243,0
-6,0,199,1,243,0
4,-2,205,1,243,0
0,7,212,1,243,0
-2,-7,215,1,243,0
-7,-2,218,1,243,0
1,8,218,1,243,0
6,3,219,1,243,0
-1,5,233,1,243,0
7,4,236,1,243,0
7,-1,241,1,243,0
-5,-7,8,1,244,0
-8,-6,9,1,244,0
-3,8,9,1,244,0
4,-3,64,1,244,0
-1,-5,66,1,244,0
2,-7,87,1,244,0
1,-4,97,1,244,0
3,1,129,1,244,0
0,-1,155,1,244,0
-3,-1,175,1,244,0
-6,1,199,1,244,0
-4,-4,181,1,244,0
2,0,188,1,244,0
-7,2,209,1,244,0
-2,7,209,1,244,0
5,3,212,1,244,0
0,8,215,1,244,0
-7,-3,222,1,244,0
-1,6,226,1,244,0
7,-2,235,1,244,0
7,5,242,1,244,0
-3,9,3,1,244,0
-7,-4,28,1,244,0
7,-3,46,1,244,0
5,-7,68,1,244,0
1,-5,79,1,244,0
8,7,95,1,244,0
6,5,106,1,244,0
4,-4,112,1,244,0
5,4,115,1,244,0
0,-2,137,1,244,0
2,1,139,1,244,0
1,0,183,1,244,0
-4,-5,188,1,244,0
-4,0,192,1,244,0
3,2,195,1,244,0
-6,-1,196,1,244,0
3,-1,198,1,244,0
-5,1,201,1,244,0
4,3,206,1,244,0
-7,3,216,1,244,0
-1,7,219,1,244,0
-1,-6,235,1,244,0
7,6,243,1,244,0
-8,5,2,1,244,0
-7,-5,21,1,244,0
8,-7,48,1,244,0
1,-6,93,1,244,0
7,7,102,1,244,0
4,-5,108,1,244,0
6,6,111,1,244,0
5,5,119,1,244,0
0,-3,129,1,244,0
4,4,129,1,244,0
1,1,157,1,244,0
-3,-3,169,1,244,0
0,0,176,1,244,0
-3,0,187,1,244,0
2,2,192,1,244,0
-4,1,194,1,244,0
-4,-6,194,1,244,0
3,3,199,1,244,0
-5,2,205,1,244,0
-1,8,213,1,244,0
-7,4,223,1,244,0
-1,-7,229,1,244,0
-7,5,229,1,244,0
-7,-6,14,1,244,0
-3,-4,42,1,244,0
1,-7,91,1,244,0
6,7,106,1,244,0
5,6,114,1,244,0
3,-3,121,1,244,0
4,5,123,1,244,0
0,-4,124,1,244,0
3,4,131,1,244,0
2,3,139,1,244,0
-3,1,162,1,244,0
-2,-1,174,1,244,0
0,1,175,1,244,0
-2,0,179,1,244,0
1,2,186,1,244,0
-4,-7,199,1,244,0
-4,2,208,1,244,0
6,-2,219,1,244,0
-1,-8,224,1,244,0
-6,-3,239,1,244,0
1,-8,3,1,244,0
-4,-8,5,1,244,0
6,-3,52,1,244,0
3,5,58,1,244,0
2,4,73,1,244,0
4,-7,74,1,244,0
5,7,76,1,244,0
3,-4,116,1,244,0
1,3,132,1,244,0
-2,1,158,1,244,0
-2,-2,169,1,244,0
-1,0,171,1,244,0
0,2,178,1,244,0
-5,-1,189,1,244,0
2,-1,189,1,244,0
-4,3,216,1,244,0
-5,4,227,1,244,0
-7,6,237,1,244,0
-6,5,244,1,244,0
0,-5,242,1,244,0
-3,-6,45,1,244,0
-5,-2,48,1,244,0
3,6,51,1,244,0
7,-7,55,1,244,0
2,5,78,1,244,0
3,-5,91,1,244,0
5,-1,106,1,244,0
1,4,126,1,244,0
2,-2,131,1,244,0
-2,-3,161,1,244,0
-1,1,167,1,244,0
-3,3,175,1,244,0
0,3,187,1,244,0
-4,4,221,1,244,0
0,-6,236,1,244,0
-6,6,238,1,244,0
-5,5,238,1,244,0
4,7,242,1,244,0
5,8,243,1,244,0
-2,2,243,1,244,0
7,0,243,1,244,0
-6,-6,14,1,244,0
-4,5,27,1,244,0
-2,-4,48,1,244,0
0,-7,105,1,244,0
2,6,112,1,244,0
1,5,119,1,244,0
2,-3,124,1,244,0
-1,-1,162,1,244,0
-1,2,176,1,244,0
-3,4,183,1,244,0
0,4,194,1,244,0
-3,-7,208,1,244,0
5,-2,212,1,244,0
-8,-2,213,1,244,0
3,7,235,1,244,0
-2,3,235,1,244,0
8,-1,239,1,244,0
-5,6,242,1,244,0
-5,-3,243,1,244,0
-9,-6,4,1,244,0
-6,-7,9,1,244,0
3,8,13,1,244,0
5,-3,58,1,244,0
3,-7,79,1,244,0
8,3,84,1,244,0
7,2,103,1,244,0
1,6,113,1,244,0
1,-1,139,1,244,0
-1,-2,154,1,244,0
-4,-1,182,1,244,0
-3,5,189,1,244,0
-3,-8,205,1,244,0
0,5,208,1,244,0
8,-2,228,1,244,0
2,7,229,1,244,0
-2,4,229,1,244,0
-4,6,243,1,244,0
-1,3,243,1,244,0
8,-3,39,1,244,0
-4,-2,49,1,244,0
-1,-3,53,1,244,0
-2,-6,59,1,244,0
6,-7,62,1,244,0
4,0,93,1,244,0
2,-5,85,1,244,0
6,2,109,1,244,0
5,1,116,1,244,0
1,-2,133,1,244,0
-8,1,189,1,244,0
-3,6,192,1,244,0
4,-1,199,1,244,0
0,6,202,1,244,0
-7,-1,208,1,244,0
1,7,222,1,244,0
-2,5,223,1,244,0
2,8,224,1,244,0
7,3,226,1,244,0
8,4,229,1,244,0
-1,4,239,1,244,0
2,9,5,1,244,0
-3,7,14,1,244,0
-5,-6,21,1,244,0
-1,-4,52,1,244,0
8,5,91,1,244,0
1,-3,93,1,244,0
5,-5,102,1,244,0
5,2,113,1,244,0
3,0,118,1,244,0
4,1,122,1,244,0
-4,-3,173,1,244,0
-7,1,203,1,244,0
-2,6,199,1,244,0
-6,0,199,1,244,0
4,-2,205,1,244,0
0,7,212,1,244,0
-2,-7,215,1,244,0
-7,-2,218,1,244,0
1,8,218,1,244,0
6,3,219,1,244,0
-1,5,233,1,244,0
7,4,236,1,244,0
7,-1,242,1,244,0
-5,-7,8,1,245,0
-8,-6,9,1,245,0
-3,8,9,1,245,0
4,-3,64,1,245,0
-1,-5,66,1,245,0
2,-7,87,1,245,0
1,-4,97,1,245,0
3,1,129,1,245,0
0,-1,155,1,245,0
-3,-1,175,1,245,0
-6,1,199,1,245,0
-4,-4,181,1,245,0
2,0,188,1,245,0
-7,2,209,1,245,0
-2,7,209,1,245,0
5,3,212,1,245,0
0,8,215,1,245,0
-7,-3,222,1,245,0
-1,6,226,1,245,0
7,-2,235,1,245,0
7,5,242,1,245,0
-3,9,3,1,245,0
-7,-4,28,1,245,0
7,-3,46,1,245,0
5,-7,68,1,245,0
1,-5,79,1,245,0
8,7,95,1,245,0
6,5,106,1,245,0
4,-4,112,1,245,0
5,4,115,1,245,0
0,-2,137,1,245,0
2,1,139,1,245,0
1,0,183,1,245,0
-4,-5,188,1,245,0
-4,0,192,1,245,0
3,2,195,1,245,0
-6,-1,196,1,245,0
3,-1,198,1,245,0
-5,1,201,1,245,0
4,3,206,1,245,0
-7,3,216,1,245,0
-1,7,219,1,245,0
-1,-6,235,1,245,0
7,6,244,1,245,0
-8,5,2,1,245,0
-7,-5,21,1,245,0
8,-7,48,1,245,0
1,-6,93,1,245,0
7,7,102,1,245,0
4,-5,108,1,245,0
6,6,111,1,245,0
5,5,119,1,245,0
0,-3,129,1,245,0
4,4,129,1,245,0
1,1,157,1,245,0
-3,-3,169,1,245,0
0,0,176,1,245,0
-3,0,187,1,245,0
2,2,192,1,245,0
-4,1,194,1,245,0
-4,-6,194,1,245,0
3,3,199,1,245,0
-5,2,205,1,245,0
-1,8,213,1,245,0
-7,4,223,1,245,0
-1,-7,229,1,245,0
-7,5,229,1,245,0
-7,-6,14,1,245,0
-3,-4,42,1,245,0
1,-7,91,1,245,0
6,7,106,1,245,0
5,6,114,1,245,0
3,-3,121,1,245,0
4,5,123,1,245,0
0,-4,124,1,245,0
3,4,131,1,245,0
2,3,139,1,245,0
-3,1,162,1,245,0
-2,-1,174,1,245,0
0,1,175,1,245,0
-2,0,179,1,245,0
1,2,186,1,245,0
-4,-7,199,1,245,0
-4,2,208,1,245,0
6,-2,219,1,245,0
-1,-8,224,1,245,0
-6,-3,239,1,245,0
1,-8,3,1,245,0
-4,-8,5,1,245,0
6,-3,52,1,245,0
3,5,58,1,245,0
2,4,73,1,245,0
4,-7,74,1,245,0
5,7,76,1,245,0
3,-4,116,1,245,0
1,3,132,1,245,0
-2,-2,169,1,245,0
-1,0,171,1,245,0
0,2,178,1,245,0
-5,-1,189,1,245,0
2,-1,189,1,245,0
-4,3,216,1,245,0
-5,4,227,1,245,0
-7,6,237,1,245,0
-6,5,245,1,245,0
0,-5,243,1,245,0
-2,1,244,1,245,0
-3,-6,45,1,245,0
-5,-2,48,1,245,0
3,6,51,1,245,0
7,-7,55,1,245,0
2,5,78,1,245,0
3,-5,91,1,245,0
5,-1,106,1,245,0
1,4,126,1,245,0
2,-2,131,1,245,0
-2,-3,161,1,245,0
-1,1,167,1,245,0
-3,3,175,1,245,0
0,3,187,1,245,0
-4,4,221,1,245,0
0,-6,236,1,245,0
-6,6,238,1,245,0
-5,5,238,1,245,0
4,7,242,1,245,0
-2,2,243,1,245,0
5,8,244,1,245,0
7,0,244,1,245,0
-6,-6,14,1,245,0
-4,5,27,1,245,0
-2,-4,48,1,245,0
0,-7,105,1,245,0
2,6,112,1,245,0
1,5,119,1,245,0
2,-3,124,1,245,0
-1,-1,162,1,245,0
-1,2,176,1,245,0
-3,4,183,1,245,0
0,4,194,1,245,0
-3,-7,208,1,245,0
5,-2,212,1,245,0
-8,-2,213,1,245,0
3,7,235,1,245,0
-2,3,235,1,245,0
8,-1,239,1,245,0
-5,6,242,1,245,0
-5,-3,244,1,245,0
-9,-6,4,1,245,0
-6,-7,9,1,245,0
3,8,13,1,245,0
5,-3,58,1,245,0
3,-7,79,1,245,0
8,3,84,1,245,0
7,2,103,1,245,0
1,6,113,1,245,0
1,-1,139,1,245,0
-1,-2,154,1,245,0
-4,-1,182,1,245,0
-3,5,189,1,245,0
-3,-8,205,1,245,0
0,5,208,1,245,0
8,-2,228,1,245,0
2,7,229,1,245,0
-2,4,229,1,245,0
-4,6,244,1,245,0
-1,3,244,1,245,0
8,-3,39,1,245,0
-4,-2,49,1,245,0
-1,-3,53,1,245,0
-2,-6,59,1,245,0
6,-7,62,1,245,0
4,0,93,1,245,0
2,-5,85,1,245,0
6,2,109,1,245,0
5,1,116,1,245,0
1,-2,133,1,245,0
-8,1,189,1,245,0
-3,6,192,1,245,0
4,-1,199,1,245,0
0,6,202,1,245,0
-7,-1,208,1,245,0
1,7,222,1,245,0
-2,5,223,1,245,0
2,8,224,1,245,0
7,3,226,1,245,0
8,4,229,1,245,0
-1,4,239,1,245,0
2,9,5,1,245,0
-3,7,14,1,245,0
-5,-6,21,1,245,0
-1,-4,52,1,245,0
8,5,91,1,245,0
1,-3,93,1,245,0
5,-5,102,1,245,0
5,2,113,1,245,0
3,0,118,1,245,0
4,1,122,1,245,0
-4,-3,173,1,245,0
-7,1,203,1,245,0
-2,6,199,1,245,0
-6,0,199,1,245,0
4,-2,205,1,245,0
0,7,212,1,245,0
-2,-7,215,1,245,0
-7,-2,218,1,245,0
1,8,218,1,245,0
6,3,219,1,245,0
-1,5,233,1,245,0
7,4,236,1,245,0
7,-1,242,1,245,0
-5,-7,8,1,246,0
-8,-6,9,1,246,0
-3,8,9,1,246,0
4,-3,64,1,246,0
-1,-5,66,1,246,0
2,-7,87,1,246,0
1,-4,97,1,246,0
3,1,129,1,246,0
0,-1,155,1,246,0
-3,-1,175,1,246,0
-6,1,199,1,246,0
-4,-4,181,1,246,0
2,0,188,1,246,0
-7,2,209,1,246,0
-2,7,209,1,246,0
5,3,212,1,246,0
0,8,215,1,246,0
-7,-3,222,1,246,0
-1,6,226,1,246,0
7,-2,235,1,246,0
7,5,242,1,246,0
8,6,245,1,246,0
-3,9,3,1,246,0
-7,-4,28,1,246,0
7,-3,46,1,246,0
5,-7,68,1,246,0
1,-5,79,1,246,0
8,7,95,1,246,0
6,5,106,1,246,0
4,-4,112,1,246,0
5,4,115,1,246,0
0,-2,137,1,246,0
2,1,139,1,246,0
1,0,183,1,246,0
-4,-5,188,1,246,0
-4,0,192,1,246,0
3,2,195,1,246,0
-6,-1,196,1,246,0
3,-1,198,1,246,0
-5,1,201,1,246,0
4,3,206,1,246,0
-7,3,216,1,246,0
-1,7,219,1,246,0
-1,-6,235,1,246,0
7,6,244,1,246,0
-8,5,2,1,246,0
-7,-5,21,1,246,0
8,-7,48,1,246,0
1,-6,93,1,246,0
7,7,102,1,246,0
4,-5,108,1,246,0
6,6,111,1,246,0
5,5,119,1,246,0
0,-3,129,1,246,0
4,4,129,1,246,0
1,1,157,1,246,0
-3,-3,169,1,246,0
0,0,176,1,246,0
-3,0,187,1,246,0
2,2,192,1,246,0
-4,1,194,1,246,0
-4,-6,194,1,246,0
3,3,199,1,246,0
-5,2,205,1,246,0
-1,8,213,1,246,0
-7,4,223,1,246,0
-1,-7,229,1,246,0
-7,5,229,1,246,0
-7,-6,14,1,246,0
-3,-4,42,1,246,0
1,-7,91,1,246,0
6,7,106,1,246,0
5,6,114,1,246,0
3,-3,121,1,246,0
4,5,123,1,246,0
3,4,131,1,246,0
2,3,139,1,246,0
-3,1,162,1,246,0
-2,-1,174,1,246,0
0,1,175,1,246,0
-2,0,179,1,246,0
1,2,186,1,246,0
-4,-7,199,1,246,0
-4,2,208,1,246,0
6,-2,219,1,246,0
-1,-8,224,1,246,0
-6,-3,239,1,246,0
0,-4,244,1,246,0
1,-8,3,1,246,0
-4,-8,5,1,246,0
6,-3,52,1,246,0
3,5,58,1,246,0
2,4,73,1,246,0
4,-7,74,1,246,0
5,7,76,1,246,0
3,-4,116,1,246,0
1,3,132,1,246,0
-2,-2,169,1,246,0
-1,0,171,1,246,0
0,2,178,1,246,0
-5,-1,189,1,246,0
2,-1,189,1,246,0
-4,3,216,1,246,0
-5,4,227,1,246,0
-7,6,237,1,246,0
-6,5,245,1,246,0
0,-5,243,1,246,0
-2,1,245,1,246,0
-3,-6,45,1,246,0
-5,-2,48,1,246,0
3,6,51,1,246,0
7,-7,55,1,246,0
2,5,78,1,246,0
3,-5,91,1,246,0
5,-1,106,1,246,0
1,4,126,1,246,0
2,-2,131,1,246,0
-2,-3,161,1,246,0
-1,1,167,1,246,0
-3,3,175,1,246,0
-4,4,221,1,246,0
0,-6,236,1,246,0
-6,6,238,1,246,0
-5,5,246,1,246,0
4,7,242,1,246,0
-2,2,243,1,246,0
0,3,245,1,246,0
5,8,245,1,246,0
7,0,245,1,246,0
-6,-6,14,1,246,0
-4,5,27,1,246,0
-2,-4,48,1,246,0
0,-7,105,1,246,0
2,6,112,1,246,0
1,5,119,1,246,0
2,-3,124,1,246,0
-1,-1,162,1,246,0
-1,2,176,1,246,0
-3,4,183,1,246,0
0,4,194,1,246,0
-3,-7,208,1,246,0
5,-2,212,1,246,0
-8,-2,213,1,246,0
3,7,235,1,246,0
-2,3,235,1,246,0
8,-1,239,1,246,0
-5,6,242,1,246,0
-5,-3,245,1,246,0
-9,-6,4,1,246,0
-6,-7,9,1,246,0
3,8,13,1,246,0
5,-3,58,1,246,0
3,-7,79,1,246,0
8,3,84,1,246,0
7,2,103,1,246,0
1,6,113,1,246,0
1,-1,139,1,246,0
-1,-2,154,1,246,0
-4,-1,182,1,246,0
-3,5,189,1,246,0
-3,-8,205,1,246,0
0,5,208,1,246,0
8,-2,228,1,246,0
2,7,229,1,246,0
-2,4,229,1,246,0
-1,3,244,1,246,0
-4,6,245,1,246,0
8,-3,39,1,246,0
-4,-2,49,1,246,0
-1,-3,53,1,246,0
-2,-6,59,1,246,0
6,-7,62,1,246,0
4,0,93,1,246,0
2,-5,85,1,246,0
6,2,109,1,246,0
5,1,116,1,246,0
1,-2,133,1,246,0
-8,1,189,1,246,0
-3,6,192,1,246,0
4,-1,199,1,246,0
0,6,202,1,246,0
-7,-1,208,1,246,0
1,7,222,1,246,0
-2,5,223,1,246,0
2,8,224,1,246,0
7,3,226,1,246,0
8,4,229,1,246,0
-1,4,239,1,246,0
2,9,5,1,246,0
-3,7,14,1,246,0
-5,-6,21,1,246,0
-1,-4,52,1,246,0
8,5,91,1,246,0
1,-3,93,1,246,0
5,-5,102,1,246,0
5,2,113,1,246,0
3,0,118,1,246,0
4,1,122,1,246,0
-4,-3,173,1,246,0
-7,1,203,1,246,0
-2,6,199,1,246,0
-6,0,199,1,246,0
4,-2,205,1,246,0
0,7,212,1,246,0
-2,-7,215,1,246,0
-7,-2,218,1,246,0
1,8,218,1,246,0
6,3,219,1,246,0
-1,5,233,1,246,0
7,4,236,1,246,0
7,-1,242,1,246,0
-5,-7,8,1,247,0
-8,-6,9,1,247,0
-3,8,9,1,247,0
4,-3,64,1,247,0
-1,-5,66,1,247,0
2,-7,87,1,247,0
1,-4,97,1,247,0
3,1,129,1,247,0
0,-1,155,1,247,0
-3,-1,175,1,247,0
-6,1,199,1,247,0
-4,-4,181,1,247,0
2,0,188,1,247,0
-7,2,209,1,247,0
-2,7,209,1,247,0
5,3,212,1,247,0
0,8,215,1,247,0
-7,-3,222,1,247,0
-1,6,226,1,247,0
7,-2,235,1,247,0
7,5,242,1,247,0
8,6,246,1,247,0
-3,9,3,1,247,0
-7,-4,28,1,247,0
7,-3,46,1,247,0
5,-7,68,1,247,0
1,-5,79,1,247,0
8,7,95,1,247,0
6,5,106,1,247,0
4,-4,112,1,247,0
5,4,115,1,247,0
0,-2,137,1,247,0
2,1,139,1,247,0
1,0,183,1,247,0
-4,-5,188,1,247,0
-4,0,192,1,247,0
3,2,195,1,247,0
-6,-1,196,1,247,0
3,-1,198,1,247,0
-5,1,201,1,247,0
4,3,206,1,247,0
-7,3,216,1,247,0
-1,7,219,1,247,0
-1,-6,235,1,247,0
7,6,244,1,247,0
-8,5,2,1,247,0
-7,-5,21,1,247,0
8,-7,48,1,247,0
1,-6,93,1,247,0
7,7,102,1,247,0
4,-5,108,1,247,0
6,6,111,1,247,0
5,5,119,1,247,0
0,-3,129,1,247,0
4,4,129,1,247,0
1,1,157,1,247,0
-3,-3,169,1,247,0
0,0,176,1,247,0
-3,0,187,1,247,0
2,2,192,1,247,0
-4,1,194,1,247,0
-4,-6,194,1,247,0
3,3,199,1,247,0
-5,2,205,1,247,0
-1,8,213,1,247,0
-7,4,223,1,247,0
-1,-7,229,1,247,0
-7,5,229,1,247,0
-7,-6,14,1,247,0
-3,-4,42,1,247,0
1,-7,91,1,247,0
6,7,106,1,247,0
5,6,114,1,247,0
3,-3,121,1,247,0
4,5,123,1,247,0
3,4,131,1,247,0
2,3,139,1,247,0
-3,1,162,1,247,0
-2,-1,174,1,247,0
0,1,175,1,247,0
-2,0,179,1,247,0
1,2,186,1,247,0
-4,-7,199,1,247,0
-4,2,208,1,247,0
6,-2,219,1,247,0
-1,-8,224,1,247,0
-6,-3,239,1,247,0
0,-4,245,1,247,0
1,-8,3,1,247,0
-4,-8,5,1,247,0
6,-3,52,1,247,0
3,5,58,1,247,0
2,4,73,1,247,0
4,-7,74,1,247,0
5,7,76,1,247,0
3,-4,116,1,247,0
1,3,132,1,247,0
-2,-2,169,1,247,0
-1,0,171,1,247,0
-5,-1,189,1,247,0
2,-1,189,1,247,0
-4,3,216,1,247,0
-5,4,227,1,247,0
-7,6,237,1,247,0
-6,5,245,1,247,0
0,-5,243,1,247,0
0,2,246,1,247,0
-2,1,246,1,247,0
-3,-6,45,1,247,0
-5,-2,48,1,247,0
3,6,51,1,247,0
7,-7,55,1,247,0
2,5,78,1,247,0
3,-5,91,1,247,0
5,-1,106,1,247,0
1,4,126,1,247,0
2,-2,131,1,247,0
-2,-3,161,1,247,0
-1,1,167,1,247,0
-3,3,175,1,247,0
-4,4,221,1,247,0
0,-6,236,1,247,0
-6,6,238,1,247,0
-5,5,247,1,247,0
4,7,242,1,247,0
-2,2,243,1,247,0
0,3,245,1,247,0
5,8,246,1,247,0
7,0,246,1,247,0
-6,-6,14,1,247,0
-4,5,27,1,247,0
-2,-4,48,1,247,0
0,-7,105,1,247,0
2,6,112,1,247,0
1,5,119,1,247,0
2,-3,124,1,247,0
-1,-1,162,1,247,0
-1,2,176,1,247,0
-3,4,183,1,247,0
0,4,194,1,247,0
-3,-7,208,1,247,0
5,-2,212,1,247,0
-8,-2,213,1,247,0
3,7,235,1,247,0
-2,3,235,1,247,0
8,-1,239,1,247,0
-5,6,242,1,247,0
-5,-3,246,1,247,0
-9,-6,4,1,247,0
-6,-7,9,1,247,0
3,8,13,1,247,0
5,-3,58,1,247,0
3,-7,79,1,247,0
8,3,84,1,247,0
7,2,103,1,247,0
1,6,113,1,247,0
1,-1,139,1,247,0
-1,-2,154,1,247,0
-4,-1,182,1,247,0
-3,5,189,1,247,0
-3,-8,205,1,247,0
0,5,208,1,247,0
8,-2,228,1,247,0
2,7,229,1,247,0
-2,4,229,1,247,0
-1,3,244,1,247,0
-4,6,246,1,247,0
8,-3,39,1,247,0
-4,-2,49,1,247,0
-1,-3,53,1,247,0
-2,-6,59,1,247,0
6,-7,62,1,247,0
4,0,93,1,247,0
2,-5,85,1,247,0
6,2,109,1,247,0
5,1,116,1,247,0
1,-2,133,1,247,0
-8,1,189,1,247,0
-3,6,192,1,247,0
4,-1,199,1,247,0
0,6,202,1,247,0
-7,-1,208,1,247,0
1,7,222,1,247,0
-2,5,223,1,247,0
2,8,224,1,247,0
7,3,226,1,247,0
8,4,229,1,247,0
-1,4,239,1,247,0
2,9,5,1,247,0
-3,7,14,1,247,0
-5,-6,21,1,247,0
-1,-4,52,1,247,0
8,5,91,1,247,0
1,-3,93,1,247,0
5,-5,102,1,247,0
5,2,113,1,247,0
3,0,118,1,247,0
4,1,122,1,247,0
-4,-3,173,1,247,0
-7,1,203,1,247,0
-2,6,199,1,247,0
-6,0,199,1,247,0
4,-2,205,1,247,0
0,7,212,1,247,0
-2,-7,215,1,247,0
-7,-2,218,1,247,0
1,8,218,1,247,0
6,3,219,1,247,0
-1,5,233,1,247,0
7,4,236,1,247,0
7,-1,242,1,247,0
-5,-7,8,1,248,0
-8,-6,9,1,248,0
-3,8,9,1,248,0
4,-3,64,1,248,0
-1,-5,66,1,248,0
2,-7,87,1,248,0
1,-4,97,1,248,0
3,1,129,1,248,0
0,-1,155,1,248,0
-3,-1,175,1,248,0
-6,1,199,1,248,0
-4,-4,181,1,248,0
2,0,188,1,248,0
-7,2,209,1,248,0
-2,7,209,1,248,0
5,3,212,1,248,0
0,8,215,1,248,0
-7,-3,222,1,248,0
-1,6,226,1,248,0
7,-2,235,1,248,0
7,5,242,1,248,0
8,6,247,1,248,0
-3,9,3,1,248,0
-7,-4,28,1,248,0
7,-3,46,1,248,0
5,-7,68,1,248,0
1,-5,79,1,248,0
8,7,95,1,248,0
6,5,106,1,248,0
4,-4,112,1,248,0
5,4,115,1,248,0
0,-2,137,1,248,0
2,1,139,1,248,0
1,0,183,1,248,0
-4,-5,188,1,248,0
-4,0,192,1,248,0
3,2,195,1,248,0
-6,-1,196,1,248,0
3,-1,198,1,248,0
-5,1,201,1,248,0
4,3,206,1,248,0
-7,3,216,1,248,0
-1,7,219,1,248,0
-1,-6,235,1,248,0
7,6,244,1,248,0
-8,5,2,1,248,0
-7,-5,21,1,248,0
8,-7,48,1,248,0
1,-6,93,1,248,0
7,7,102,1,248,0
4,-5,108,1,248,0
6,6,111,1,248,0
5,5,119,1,248,0
0,-3,129,1,248,0
4,4,129,1,248,0
1,1,157,1,248,0
-3,-3,169,1,248,0
0,0,176,1,248,0
-3,0,187,1,248,0
2,2,192,1,248,0
-4,1,194,1,248,0
-4,-6,194,1,248,0
3,3,199,1,248,0
-5,2,205,1,248,0
-1,8,213,1,248,0
-7,4,223,1,248,0
-1,-7,229,1,248,0
-7,5,229,1,248,0
-7,-6,14,1,248,0
-3,-4,42,1,248,0
1,-7,91,1,248,0
6,7,106,1,248,0
5,6,114,1,248,0
3,-3,121,1,248,0
4,5,123,1,248,0
3,4,131,1,248,0
2,3,139,1,248,0
-3,1,162,1,248,0
-2,-1,174,1,248,0
0,1,175,1,248,0
-2,0,179,1,248,0
1,2,186,1,248,0
-4,-7,199,1,248,0
-4,2,208,1,248,0
6,-2,219,1,248,0
-1,-8,224,1,248,0
-6,-3,239,1,248,0
0,-4,246,1,248,0
1,-8,3,1,248,0
-4,-8,5,1,248,0
6,-3,52,1,248,0
3,5,58,1,248,0
2,4,73,1,248,0
4,-7,74,1,248,0
3,-4,116,1,248,0
1,3,132,1,248,0
-2,-2,169,1,248,0
-1,0,171,1,248,0
-5,-1,189,1,248,0
2,-1,189,1,248,0
-4,3,216,1,248,0
-5,4,248,1,248,0
-7,6,237,1,248,0
-6,5,245,1,248,0
0,-5,243,1,248,0
-2,1,246,1,248,0
0,2,247,1,248,0
5,7,247,1,248,0
-3,-6,45,1,248,0
-5,-2,48,1,248,0
3,6,51,1,248,0
7,-7,55,1,248,0
2,5,78,1,248,0
3,-5,91,1,248,0
5,-1,106,1,248,0
1,4,126,1,248,0
2,-2,131,1,248,0
-2,-3,161,1,248,0
-1,1,167,1,248,0
-3,3,175,1,248,0
-4,4,221,1,248,0
0,-6,236,1,248,0
-6,6,238,1,248,0
-5,5,247,1,248,0
4,7,242,1,248,0
0,3,245,1,248,0
5,8,246,1,248,0
-2,2,247,1,248,0
7,0,247,1,248,0
-6,-6,14,1,248,0
-4,5,27,1,248,0
-2,-4,48,1,248,0
0,-7,105,1,248,0
2,6,112,1,248,0
1,5,119,1,248,0
2,-3,124,1,248,0
-1,-1,162,1,248,0
-1,2,176,1,248,0
-3,4,183,1,248,0
0,4,194,1,248,0
-3,-7,208,1,248,0
5,-2,212,1,248,0
-8,-2,213,1,248,0
3,7,235,1,248,0
-2,3,235,1,248,0
8,-1,239,1,248,0
-5,6,242,1,248,0
-5,-3,247,1,248,0
-9,-6,4,1,248,0
-6,-7,9,1,248,0
3,8,13,1,248,0
5,-3,58,1,248,0
3,-7,79,1,248,0
8,3,84,1,248,0
7,2,103,1,248,0
1,6,113,1,248,0
1,-1,139,1,248,0
-1,-2,154,1,248,0
-4,-1,182,1,248,0
-3,5,189,1,248,0
-3,-8,205,1,248,0
0,5,208,1,248,0
8,-2,228,1,248,0
2,7,229,1,248,0
-2,4,229,1,248,0
-1,3,244,1,248,0
-4,6,247,1,248,0
8,-3,39,1,248,0
-4,-2,49,1,248,0
-1,-3,53,1,248,0
-2,-6,59,1,248,0
6,-7,62,1,248,0
4,0,93,1,248,0
2,-5,85,1,248,0
6,2,109,1,248,0
5,1,116,1,248,0
1,-2,133,1,248,0
-8,1,189,1,248,0
-3,6,192,1,248,0
4,-1,199,1,248,0
0,6,202,1,248,0
-7,-1,208,1,248,0
1,7,222,1,248,0
-2,5,223,1,248,0
2,8,224,1,248,0
7,3,226,1,248,0
8,4,229,1,248,0
-1,4,239,1,248,0
2,9,5,1,248,0
-3,7,14,1,248,0
-5,-6,21,1,248,0
-1,-4,52,1,248,0
8,5,91,1,248,0
1,-3,93,1,248,0
5,-5,102,1,248,0
5,2,113,1,248,0
3,0,118,1,248,0
4,1,122,1,248,0
-4,-3,173,1,248,0
-7,1,203,1,248,0
-2,6,199,1,248,0
-6,0,199,1,248,0
4,-2,205,1,248,0
0,7,212,1,248,0
-2,-7,215,1,248,0
-7,-2,218,1,248,0
1,8,218,1,248,0
6,3,219,1,248,0
-1,5,233,1,248,0
7,4,236,1,248,0
7,-1,242,1,248,0
-5,-7,8,1,249,0
-8,-6,9,1,249,0
-3,8,9,1,249,0
4,-3,64,1,249,0
-1,-5,66,1,249,0
2,-7,87,1,249,0
1,-4,97,1,249,0
3,1,129,1,249,0
0,-1,155,1,249,0
-3,-1,175,1,249,0
-6,1,199,1,249,0
-4,-4,181,1,249,0
2,0,188,1,249,0
-7,2,209,1,249,0
-2,7,209,1,249,0
5,3,212,1,249,0
0,8,215,1,249,0
-7,-3,222,1,249,0
-1,6,226,1,249,0
7,-2,235,1,249,0
7,5,242,1,249,0
8,6,248,1,249,0
-3,9,3,1,249,0
-7,-4,28,1,249,0
7,-3,46,1,249,0
5,-7,68,1,249,0
1,-5,79,1,249,0
8,7,95,1,249,0
6,5,106,1,249,0
4,-4,112,1,249,0
5,4,115,1,249,0
0,-2,137,1,249,0
2,1,139,1,249,0
1,0,183,1,249,0
-4,-5,188,1,249,0
-4,0,192,1,249,0
3,2,195,1,249,0
-6,-1,196,1,249,0
3,-1,198,1,249,0
-5,1,201,1,249,0
4,3,206,1,249,0
-7,3,216,1,249,0
-1,7,219,1,249,0
-1,-6,235,1,249,0
7,6,244,1,249,0
-8,5,2,1,249,0
-7,-5,21,1,249,0
8,-7,48,1,249,0
1,-6,93,1,249,0
7,7,102,1,249,0
4,-5,108,1,249,0
6,6,111,1,249,0
5,5,119,1,249,0
0,-3,129,1,249,0
4,4,129,1,249,0
1,1,157,1,249,0
-3,-3,169,1,249,0
0,0,176,1,249,0
-3,0,187,1,249,0
2,2,192,1,249,0
-4,1,194,1,249,0
-4,-6,194,1,249,0
3,3,199,1,249,0
-5,2,205,1,249,0
-1,8,213,1,249,0
-7,4,223,1,249,0
-1,-7,229,1,249,0
-7,5,229,1,249,0
-7,-6,14,1,249,0
-3,-4,42,1,249,0
1,-7,91,1,249,0
6,7,106,1,249,0
5,6,114,1,249,0
3,-3,121,1,249,0
4,5,123,1,249,0
3,4,131,1,249,0
2,3,139,1,249,0
-3,1,162,1,249,0
-2,-1,174,1,249,0
0,1,175,1,249,0
-2,0,179,1,249,0
1,2,186,1,249,0
-4,-7,199,1,249,0
-4,2,208,1,249,0
6,-2,219,1,249,0
-1,-8,224,1,249,0
-6,-3,239,1,249,0
0,-4,248,1,249,0
1,-8,3,1,249,0
-4,-8,5,1,249,0
6,-3,52,1,249,0
3,5,58,1,249,0
2,4,73,1,249,0
4,-7,74,1,249,0
3,-4,116,1,249,0
1,3,132,1,249,0
-2,-2,169,1,249,0
-1,0,171,1,249,0
-5,-1,189,1,249,0
2,-1,189,1,249,0
-4,3,216,1,249,0
-5,4,249,1,249,0
-7,6,237,1,249,0
-6,5,245,1,249,0
0,-5,243,1,249,0
-2,1,246,1,249,0
0,2,248,1,249,0
5,7,248,1,249,0
-3,2,248,1,249,0
-3,-6,45,1,249,0
-5,-2,48,1,249,0
3,6,51,1,249,0
7,-7,55,1,249,0
2,5,78,1,249,0
3,-5,91,1,249,0
5,-1,106,1,249,0
1,4,126,1,249,0
2,-2,131,1,249,0
-2,-3,161,1,249,0
-1,1,167,1,249,0
-3,3,175,1,249,0
-4,4,221,1,249,0
0,-6,236,1,249,0
-6,6,238,1,249,0
-5,5,247,1,249,0
4,7,242,1,249,0
0,3,245,1,249,0
5,8,246,1,249,0
-2,2,247,1,249,0
7,0,248,1,249,0
-6,-6,14,1,249,0
-4,5,27,1,249,0
-2,-4,48,1,249,0
0,-7,105,1,249,0
2,6,112,1,249,0
1,5,119,1,249,0
2,-3,124,1,249,0
-1,-1,162,1,249,0
-1,2,176,1,249,0
-3,4,183,1,249,0
0,4,194,1,249,0
-3,-7,208,1,249,0
5,-2,212,1,249,0
-8,-2,213,1,249,0
3,7,235,1,249,0
-2,3,235,1,249,0
8,-1,239,1,249,0
-5,6,242,1,249,0
-5,-3,248,1,249,0
-9,-6,4,1,249,0
-6,-7,9,1,249,0
3,8,13,1,249,0
5,-3,58,1,249,0
3,-7,79,1,249,0
8,3,84,1,249,0
7,2,103,1,249,0
1,6,113,1,249,0
1,-1,139,1,249,0
-1,-2,154,1,249,0
-4,-1,182,1,249,0
-3,5,189,1,249,0
-3,-8,205,1,249,0
0,5,208,1,249,0
8,-2,228,1,249,0
2,7,229,1,249,0
-2,4,229,1,249,0
-1,3,244,1,249,0
-4,6,248,1,249,0
8,-3,39,1,249,0
-4,-2,49,1,249,0
-1,-3,53,1,249,0
-2,-6,59,1,249,0
6,-7,62,1,249,0
4,0,93,1,249,0
2,-5,85,1,249,0
6,2,109,1,249,0
5,1,116,1,249,0
1,-2,133,1,249,0
-8,1,189,1,249,0
-3,6,192,1,249,0
4,-1,199,1,249,0
0,6,202,1,249,0
-7,-1,208,1,249,0
1,7,222,1,249,0
-2,5,223,1,249,0
2,8,224,1,249,0
7,3,226,1,249,0
8,4,229,1,249,0
-1,4,239,1,249,0
2,9,5,1,249,0
-3,7,14,1,249,0
-5,-6,21,1,249,0
-1,-4,52,1,249,0
8,5,91,1,249,0
1,-3,93,1,249,0
5,-5,102,1,249,0
5,2,113,1,249,0
3,0,118,1,249,0
4,1,122,1,249,0
-4,-3,173,1,249,0
-7,1,203,1,249,0
-2,6,199,1,249,0
-6,0,199,1,249,0
4,-2,205,1,249,0
0,7,212,1,249,0
-2,-7,215,1,249,0
-7,-2,218,1,249,0
1,8,218,1,249,0
6,3,219,1,249,0
-1,5,233,1,249,0
7,4,236,1,249,0
7,-1,242,1,249,0
-5,-7,8,1,250,0
-8,-6,9,1,250,0
-3,8,9,1,250,0
4,-3,64,1,250,0
-1,-5,66,1,250,0
2,-7,87,1,250,0
1,-4,97,1,250,0
3,1,129,1,250,0
0,-1,155,1,250,0
-3,-1,175,1,250,0
-6,1,199,1,250,0
-4,-4,181,1,250,0
2,0,188,1,250,0
-7,2,209,1,250,0
-2,7,209,1,250,0
5,3,212,1,250,0
0,8,215,1,250,0
-7,-3,222,1,250,0
-1,6,226,1,250,0
7,-2,235,1,250,0
7,5,242,1,250,0
8,6,249,1,250,0
-3,9,3,1,250,0
-7,-4,28,1,250,0
7,-3,46,1,250,0
5,-7,68,1,250,0
1,-5,79,1,250,0
8,7,95,1,250,0
6,5,106,1,250,0
4,-4,112,1,250,0
5,4,115,1,250,0
0,-2,137,1,250,0
2,1,139,1,250,0
1,0,183,1,250,0
-4,-5,188,1,250,0
-4,0,192,1,250,0
3,2,195,1,250,0
-6,-1,196,1,250,0
3,-1,198,1,250,0
-5,1,201,1,250,0
4,3,206,1,250,0
-7,3,216,1,250,0
-1,7,219,1,250,0
-1,-6,235,1,250,0
7,6,244,1,250,0
-8,5,2,1,250,0
-7,-5,21,1,250,0
8,-7,48,1,250,0
1,-6,93,1,250,0
7,7,102,1,250,0
4,-5,108,1,250,0
6,6,111,1,250,0
5,5,119,1,250,0
0,-3,129,1,250,0
4,4,129,1,250,0
1,1,157,1,250,0
-3,-3,169,1,250,0
0,0,176,1,250,0
-3,0,187,1,250,0
2,2,192,1,250,0
-4,1,194,1,250,0
-4,-6,194,1,250,0
3,3,199,1,250,0
-5,2,205,1,250,0
-1,8,213,1,250,0
-7,4,223,1,250,0
-1,-7,229,1,250,0
-7,5,229,1,250,0
-7,-6,14,1,250,0
-3,-4,42,1,250,0
1,-7,91,1,250,0
6,7,106,1,250,0
5,6,114,1,250,0
3,-3,121,1,250,0
4,5,123,1,250,0
3,4,131,1,250,0
2,3,139,1,250,0
-3,1,162,1,250,0
-2,-1,174,1,250,0
0,1,175,1,250,0
-2,0,179,1,250,0
1,2,186,1,250,0
-4,-7,199,1,250,0
-4,2,208,1,250,0
6,-2,219,1,250,0
-1,-8,224,1,250,0
-6,-3,239,1,250,0
0,-4,249,1,250,0
1,-8,3,1,250,0
-4,-8,5,1,250,0
6,-3,52,1,250,0
3,5,58,1,250,0
2,4,73,1,250,0
4,-7,74,1,250,0
3,-4,116,1,250,0
1,3,132,1,250,0
-2,-2,169,1,250,0
-1,0,171,1,250,0
-5,-1,189,1,250,0
2,-1,189,1,250,0
-4,3,216,1,250,0
-5,4,249,1,250,0
-7,6,237,1,250,0
-6,5,245,1,250,0
0,-5,243,1,250,0
-2,1,246,1,250,0
0,2,249,1,250,0
5,7,249,1,250,0
-3,2,249,1,250,0
-3,-6,45,1,250,0
-5,-2,48,1,250,0
3,6,51,1,250,0
7,-7,55,1,250,0
2,5,78,1,250,0
3,-5,91,1,250,0
5,-1,106,1,250,0
1,4,126,1,250,0
2,-2,131,1,250,0
-2,-3,161,1,250,0
-1,1,167,1,250,0
-3,3,175,1,250,0
-4,4,221,1,250,0
0,-6,236,1,250,0
-6,6,238,1,250,0
-5,5,247,1,250,0
4,7,242,1,250,0
0,3,245,1,250,0
5,8,246,1,250,0
-2,2,247,1,250,0
7,0,249,1,250,0
-6,-6,14,1,250,0
-2,-4,48,1,250,0
0,-7,105,1,250,0
2,6,112,1,250,0
1,5,119,1,250,0
2,-3,124,1,250,0
-1,-1,162,1,250,0
-1,2,176,1,250,0
-3,4,183,1,250,0
0,4,194,1,250,0
-3,-7,208,1,250,0
5,-2,212,1,250,0
-8,-2,213,1,250,0
3,7,235,1,250,0
-2,3,235,1,250,0
8,-1,239,1,250,0
-5,6,242,1,250,0
-4,5,249,1,250,0
-5,-3,249,1,250,0
-9,-6,4,1,250,0
-6,-7,9,1,250,0
3,8,13,1,250,0
5,-3,58,1,250,0
3,-7,79,1,250,0
8,3,84,1,250,0
7,2,103,1,250,0
1,6,113,1,250,0
1,-1,139,1,250,0
-1,-2,154,1,250,0
-4,-1,182,1,250,0
-3,5,189,1,250,0
-3,-8,205,1,250,0
0,5,208,1,250,0
8,-2,228,1,250,0
2,7,229,1,250,0
-2,4,229,1,250,0
-1,3,244,1,250,0
-4,6,248,1,250,0
8,-3,39,1,250,0
-4,-2,49,1,250,0
-1,-3,53,1,250,0
-2,-6,59,1,250,0
6,-7,62,1,250,0
4,0,93,1,250,0
2,-5,85,1,250,0
6,2,109,1,250,0
5,1,116,1,250,0
1,-2,133,1,250,0
-8,1,189,1,250,0
-3,6,192,1,250,0
4,-1,199,1,250,0
0,6,202,1,250,0
-7,-1,208,1,250,0
1,7,222,1,250,0
-2,5,223,1,250,0
2,8,224,1,250,0
7,3,226,1,250,0
8,4,229,1,250,0
-1,4,239,1,250,0
2,9,5,1,250,0
-3,7,14,1,250,0
-5,-6,21,1,250,0
-1,-4,52,1,250,0
8,5,91,1,250,0
1,-3,93,1,250,0
5,-5,102,1,250,0
5,2,113,1,250,0
3,0,118,1,250,0
4,1,122,1,250,0
-4,-3,173,1,250,0
-7,1,203,1,250,0
-2,6,199,1,250,0
-6,0,199,1,250,0
4,-2,205,1,250,0
0,7,212,1,250,0
-2,-7,215,1,250,0
-7,-2,218,1,250,0
1,8,218,1,250,0
6,3,219,1,250,0
-1,5,233,1,250,0
7,4,236,1,250,0
7,-1,242,1,250,0
-5,-7,8,1,251,0
-8,-6,9,1,251,0
-3,8,9,1,251,0
4,-3,64,1,251,0
-1,-5,66,1,251,0
2,-7,87,1,251,0
1,-4,97,1,251,0
3,1,129,1,251,0
0,-1,155,1,251,0
-3,-1,175,1,251,0
-6,1,199,1,251,0
-4,-4,181,1,251,0
2,0,188,1,251,0
-7,2,209,1,251,0
-2,7,209,1,251,0
5,3,212,1,251,0
0,8,215,1,251,0
-7,-3,222,1,251,0
-1,6,226,1,251,0
7,-2,235,1,251,0
7,5,242,1,251,0
8,6,249,1,251,0
-3,9,3,1,251,0
-7,-4,28,1,251,0
7,-3,46,1,251,0
5,-7,68,1,251,0
1,-5,79,1,251,0
8,7,95,1,251,0
6,5,106,1,251,0
4,-4,112,1,251,0
5,4,115,1,251,0
0,-2,137,1,251,0
2,1,139,1,251,0
1,0,183,1,251,0
-4,-5,188,1,251,0
-4,0,192,1,251,0
3,2,195,1,251,0
-6,-1,196,1,251,0
3,-1,198,1,251,0
-5,1,201,1,251,0
4,3,206,1,251,0
-7,3,216,1,251,0
-1,7,219,1,251,0
-1,-6,235,1,251,0
7,6,244,1,251,0
-8,5,2,1,251,0
-7,-5,21,1,251,0
8,-7,48,1,251,0
1,-6,93,1,251,0
7,7,102,1,251,0
4,-5,108,1,251,0
6,6,111,1,251,0
5,5,119,1,251,0
0,-3,129,1,251,0
4,4,129,1,251,0
1,1,157,1,251,0
-3,-3,169,1,251,0
0,0,176,1,251,0
-3,0,187,1,251,0
2,2,192,1,251,0
-4,1,194,1,251,0
-4,-6,194,1,251,0
3,3,199,1,251,0
-5,2,205,1,251,0
-1,8,213,1,251,0
-7,4,223,1,251,0
-1,-7,229,1,251,0
-7,5,229,1,251,0
-7,-6,14,1,251,0
-3,-4,42,1,251,0
1,-7,91,1,251,0
6,7,106,1,251,0
5,6,114,1,251,0
3,-3,121,1,251,0
4,5,123,1,251,0
3,4,131,1,251,0
2,3,139,1,251,0
-3,1,162,1,251,0
-2,-1,174,1,251,0
0,1,175,1,251,0
-2,0,179,1,251,0
1,2,186,1,251,0
-4,-7,199,1,251,0
-4,2,208,1,251,0
6,-2,219,1,251,0
-1,-8,224,1,251,0
-6,-3,239,1,251,0
0,-4,249,1,251,0
1,-8,3,1,251,0
-4,-8,5,1,251,0
6,-3,52,1,251,0
3,5,58,1,251,0
2,4,73,1,251,0
4,-7,74,1,251,0
3,-4,116,1,251,0
1,3,132,1,251,0
-2,-2,169,1,251,0
-1,0,171,1,251,0
-5,-1,189,1,251,0
2,-1,189,1,251,0
-4,3,216,1,251,0
-5,4,251,1,251,0
-7,6,237,1,251,0
-6,5,245,1,251,0
0,-5,243,1,251,0
-2,1,246,1,251,0
0,2,249,1,251,0
5,7,249,1,251,0
-3,2,249,1,251,0
-3,-6,45,1,251,0
-5,-2,48,1,251,0
3,6,51,1,251,0
7,-7,55,1,251,0
2,5,78,1,251,0
3,-5,91,1,251,0
5,-1,106,1,251,0
1,4,126,1,251,0
2,-2,131,1,251,0
-2,-3,161,1,251,0
-1,1,167,1,251,0
-3,3,175,1,251,0
-4,4,221,1,251,0
0,-6,236,1,251,0
-6,6,238,1,251,0
-5,5,247,1,251,0
4,7,242,1,251,0
0,3,245,1,251,0
5,8,246,1,251,0
-2,2,247,1,251,0
7,0,249,1,251,0
-6,-6,14,1,251,0
-2,-4,48,1,251,0
0,-7,105,1,251,0
2,6,112,1,251,0
1,5,119,1,251,0
2,-3,124,1,251,0
-1,-1,162,1,251,0
-1,2,176,1,251,0
-3,4,183,1,251,0
0,4,194,1,251,0
-3,-7,208,1,251,0
5,-2,212,1,251,0
-8,-2,213,1,251,0
3,7,235,1,251,0
-2,3,235,1,251,0
8,-1,239,1,251,0
-5,6,242,1,251,0
-4,5,249,1,251,0
-5,-3,249,1,251,0
-9,-6,4,1,251,0
-6,-7,9,1,251,0
3,8,13,1,251,0
5,-3,58,1,251,0
3,-7,79,1,251,0
8,3,84,1,251,0
7,2,103,1,251,0
1,6,113,1,251,0
1,-1,139,1,251,0
-1,-2,154,1,251,0
-4,-1,182,1,251,0
-3,5,189,1,251,0
-3,-8,205,1,251,0
0,5,208,1,251,0
8,-2,228,1,251,0
2,7,229,1,251,0
-2,4,229,1,251,0
-1,3,244,1,251,0
-4,6,248,1,251,0
8,-3,39,1,251,0
-4,-2,49,1,251,0
-1,-3,53,1,251,0
-2,-6,59,1,251,0
6,-7,62,1,251,0
4,0,93,1,251,0
2,-5,85,1,251,0
6,2,109,1,251,0
5,1,116,1,251,0
1,-2,133,1,251,0
-8,1,189,1,251,0
-3,6,192,1,251,0
4,-1,199,1,251,0
0,6,202,1,251,0
-7,-1,208,1,251,0
1,7,222,1,251,0
-2,5,223,1,251,0
2,8,224,1,251,0
7,3,226,1,251,0
8,4,229,1,251,0
-1,4,239,1,251,0
2,9,5,1,251,0
-3,7,14,1,251,0
-5,-6,21,1,251,0
-1,-4,52,1,251,0
8,5,91,1,251,0
1,-3,93,1,251,0
5,-5,102,1,251,0
5,2,113,1,251,0
3,0,118,1,251,0
4,1,122,1,251,0
-4,-3,173,1,251,0
-7,1,203,1,251,0
-2,6,199,1,251,0
-6,0,199,1,251,0
4,-2,205,1,251,0
0,7,212,1,251,0
-2,-7,215,1,251,0
-7,-2,218,1,251,0
1,8,218,1,251,0
6,3,219,1,251,0
-1,5,233,1,251,0
7,4,236,1,251,0
7,-1,242,1,251,0
-5,-7,8,1,252,0
-8,-6,9,1,252,0
-3,8,9,1,252,0
4,-3,64,1,252,0
-1,-5,66,1,252,0
2,-7,87,1,252,0
1,-4,97,1,252,0
3,1,129,1,252,0
0,-1,155,1,252,0
-3,-1,175,1,252,0
-6,1,199,1,252,0
-4,-4,181,1,252,0
2,0,188,1,252,0
-7,2,209,1,252,0
-2,7,209,1,252,0
5,3,212,1,252,0
0,8,215,1,252,0
-7,-3,222,1,252,0
-1,6,226,1,252,0
7,-2,235,1,252,0
7,5,242,1,252,0
8,6,249,1,252,0
-3,9,3,1,252,0
-7,-4,28,1,252,0
7,-3,46,1,252,0
5,-7,68,1,252,0
1,-5,79,1,252,0
6,5,106,1,252,0
4,-4,112,1,252,0
5,4,115,1,252,0
0,-2,137,1,252,0
2,1,139,1,252,0
1,0,183,1,252,0
-4,-5,188,1,252,0
-4,0,192,1,252,0
3,2,195,1,252,0
-6,-1,196,1,252,0
3,-1,198,1,252,0
-5,1,201,1,252,0
4,3,206,1,252,0
-7,3,216,1,252,0
-1,7,219,1,252,0
-1,-6,235,1,252,0
7,6,244,1,252,0
8,7,251,1,252,0
-8,5,2,1,252,0
-7,-5,21,1,252,0
8,-7,48,1,252,0
1,-6,93,1,252,0
7,7,102,1,252,0
4,-5,108,1,252,0
6,6,111,1,252,0
5,5,119,1,252,0
0,-3,129,1,252,0
4,4,129,1,252,0
1,1,157,1,252,0
-3,-3,169,1,252,0
0,0,176,1,252,0
-3,0,187,1,252,0
2,2,192,1,252,0
-4,1,194,1,252,0
-4,-6,194,1,252,0
3,3,199,1,252,0
-5,2,205,1,252,0
-1,8,213,1,252,0
-7,4,223,1,252,0
-1,-7,229,1,252,0
-7,5,229,1,252,0
-7,-6,14,1,252,0
-3,-4,42,1,252,0
1,-7,91,1,252,0
6,7,106,1,252,0
5,6,114,1,252,0
3,-3,121,1,252,0
4,5,123,1,252,0
3,4,131,1,252,0
2,3,139,1,252,0
-3,1,162,1,252,0
-2,-1,174,1,252,0
0,1,175,1,252,0
-2,0,179,1,252,0
1,2,186,1,252,0
-4,-7,199,1,252,0
-4,2,208,1,252,0
6,-2,219,1,252,0
-1,-8,224,1,252,0
-6,-3,239,1,252,0
0,-4,249,1,252,0
1,-8,3,1,252,0
-4,-8,5,1,252,0
6,-3,52,1,252,0
3,5,58,1,252,0
2,4,73,1,252,0
4,-7,74,1,252,0
3,-4,116,1,252,0
1,3,132,1,252,0
-2,-2,169,1,252,0
-1,0,171,1,252,0
-5,-1,189,1,252,0
2,-1,189,1,252,0
-4,3,216,1,252,0
-5,4,252,1,252,0
-7,6,237,1,252,0
-6,5,245,1,252,0
0,-5,243,1,252,0
-2,1,246,1,252,0
0,2,251,1,252,0
5,7,251,1,252,0
-3,2,251,1,252,0
-3,-6,45,1,252,0
-5,-2,48,1,252,0
3,6,51,1,252,0
7,-7,55,1,252,0
2,5,78,1,252,0
3,-5,91,1,252,0
5,-1,106,1,252,0
1,4,126,1,252,0
2,-2,131,1,252,0
-2,-3,161,1,252,0
-1,1,167,1,252,0
-3,3,175,1,252,0
-4,4,221,1,252,0
0,-6,236,1,252,0
-6,6,238,1,252,0
-5,5,247,1,252,0
4,7,242,1,252,0
0,3,245,1,252,0
5,8,246,1,252,0
-2,2,247,1,252,0
7,0,251,1,252,0
-6,-6,14,1,252,0
-2,-4,48,1,252,0
0,-7,105,1,252,0
2,6,112,1,252,0
1,5,119,1,252,0
2,-3,124,1,252,0
-1,-1,162,1,252,0
-1,2,176,1,252,0
-3,4,183,1,252,0
0,4,194,1,252,0
-3,-7,208,1,252,0
5,-2,212,1,252,0
-8,-2,213,1,252,0
3,7,235,1,252,0
-2,3,235,1,252,0
8,-1,239,1,252,0
-5,6,242,1,252,0
-4,5,251,1,252,0
-5,-3,251,1,252,0
-9,-6,4,1,252,0
-6,-7,9,1,252,0
3,8,13,1,252,0
5,-3,58,1,252,0
3,-7,79,1,252,0
8,3,84,1,252,0
7,2,103,1,252,0
1,6,113,1,252,0
1,-1,139,1,252,0
-1,-2,154,1,252,0
-4,-1,182,1,252,0
-3,5,189,1,252,0
-3,-8,205,1,252,0
0,5,208,1,252,0
8,-2,228,1,252,0
2,7,229,1,252,0
-2,4,229,1,252,0
-1,3,244,1,252,0
-4,6,248,1,252,0
8,-3,39,1,252,0
-4,-2,49,1,252,0
-1,-3,53,1,252,0
-2,-6,59,1,252,0
6,-7,62,1,252,0
4,0,93,1,252,0
2,-5,85,1,252,0
6,2,109,1,252,0
5,1,116,1,252,0
1,-2,133,1,252,0
-8,1,189,1,252,0
-3,6,192,1,252,0
4,-1,199,1,252,0
0,6,202,1,252,0
-7,-1,208,1,252,0
1,7,222,1,252,0
-2,5,223,1,252,0
2,8,224,1,252,0
7,3,226,1,252,0
8,4,229,1,252,0
-1,4,239,1,252,0
2,9,5,1,252,0
-3,7,14,1,252,0
-5,-6,21,1,252,0
-1,-4,52,1,252,0
8,5,91,1,252,0
1,-3,93,1,252,0
5,-5,102,1,252,0
5,2,113,1,252,0
3,0,118,1,252,0
4,1,122,1,252,0
-4,-3,173,1,252,0
-7,1,203,1,252,0
-2,6,199,1,252,0
-6,0,199,1,252,0
4,-2,205,1,252,0
0,7,212,1,252,0
-2,-7,215,1,252,0
-7,-2,218,1,252,0
1,8,218,1,252,0
6,3,219,1,252,0
-1,5,233,1,252,0
7,4,236,1,252,0
7,-1,242,1,252,0
-5,-7,8,1,253,0
-8,-6,9,1,253,0
-3,8,9,1,253,0
4,-3,64,1,253,0
-1,-5,66,1,253,0
2,-7,87,1,253,0
1,-4,97,1,253,0
3,1,129,1,253,0
0,-1,155,1,253,0
-3,-1,175,1,253,0
-6,1,199,1,253,0
-4,-4,181,1,253,0
2,0,188,1,253,0
-7,2,209,1,253,0
-2,7,209,1,253,0
5,3,212,1,253,0
0,8,215,1,253,0
-7,-3,222,1,253,0
-1,6,226,1,253,0
7,-2,235,1,253,0
7,5,242,1,253,0
8,6,249,1,253,0
-3,9,3,1,253,0
-7,-4,28,1,253,0
7,-3,46,1,253,0
5,-7,68,1,253,0
1,-5,79,1,253,0
6,5,106,1,253,0
4,-4,112,1,253,0
5,4,115,1,253,0
0,-2,137,1,253,0
2,1,139,1,253,0
1,0,183,1,253,0
-4,-5,188,1,253,0
-4,0,192,1,253,0
3,2,195,1,253,0
-6,-1,196,1,253,0
3,-1,198,1,253,0
-5,1,201,1,253,0
4,3,206,1,253,0
-7,3,216,1,253,0
-1,7,219,1,253,0
-1,-6,235,1,253,0
7,6,244,1,253,0
8,7,252,1,253,0
-8,5,2,1,253,0
-7,-5,21,1,253,0
8,-7,48,1,253,0
1,-6,93,1,253,0
7,7,102,1,253,0
4,-5,108,1,253,0
6,6,111,1,253,0
5,5,119,1,253,0
0,-3,129,1,253,0
4,4,129,1,253,0
1,1,157,1,253,0
-3,-3,169,1,253,0
0,0,176,1,253,0
-3,0,187,1,253,0
2,2,192,1,253,0
-4,1,194,1,253,0
-4,-6,194,1,253,0
3,3,199,1,253,0
-5,2,205,1,253,0
-1,8,213,1,253,0
-7,4,223,1,253,0
-1,-7,229,1,253,0
-7,5,229,1,253,0
-7,-6,14,1,253,0
-3,-4,42,1,253,0
1,-7,91,1,253,0
6,7,106,1,253,0
5,6,114,1,253,0
3,-3,121,1,253,0
4,5,123,1,253,0
3,4,131,1,253,0
2,3,139,1,253,0
-3,1,162,1,253,0
-2,-1,174,1,253,0
0,1,175,1,253,0
-2,0,179,1,253,0
1,2,186,1,253,0
-4,-7,199,1,253,0
-4,2,208,1,253,0
6,-2,219,1,253,0
-1,-8,224,1,253,0
-6,-3,239,1,253,0
0,-4,252,1,253,0
1,-8,3,1,253,0
-4,-8,5,1,253,0
6,-3,52,1,253,0
3,5,58,1,253,0
2,4,73,1,253,0
4,-7,74,1,253,0
3,-4,116,1,253,0
1,3,132,1,253,0
-2,-2,169,1,253,0
-1,0,171,1,253,0
-5,-1,189,1,253,0
2,-1,189,1,253,0
-4,3,216,1,253,0
-5,4,253,1,253,0
-7,6,237,1,253,0
-6,5,245,1,253,0
0,-5,243,1,253,0
-2,1,246,1,253,0
0,2,252,1,253,0
5,7,252,1,253,0
-3,2,252,1,253,0
-3,-6,45,1,253,0
-5,-2,48,1,253,0
3,6,51,1,253,0
7,-7,55,1,253,0
2,5,78,1,253,0
3,-5,91,1,253,0
5,-1,106,1,253,0
1,4,126,1,253,0
2,-2,131,1,253,0
-2,-3,161,1,253,0
-1,1,167,1,253,0
-3,3,175,1,253,0
-4,4,221,1,253,0
0,-6,236,1,253,0
-6,6,238,1,253,0
-5,5,247,1,253,0
4,7,242,1,253,0
0,3,245,1,253,0
5,8,246,1,253,0
-2,2,247,1,253,0
7,0,251,1,253,0
-6,-6,14,1,253,0
-2,-4,48,1,253,0
0,-7,105,1,253,0
2,6,112,1,253,0
1,5,119,1,253,0
2,-3,124,1,253,0
-1,-1,162,1,253,0
-1,2,176,1,253,0
-3,4,183,1,253,0
0,4,194,1,253,0
-3,-7,208,1,253,0
5,-2,212,1,253,0
-8,-2,213,1,253,0
3,7,235,1,253,0
-2,3,235,1,253,0
8,-1,239,1,253,0
-5,6,242,1,253,0
-5,-3,251,1,253,0
-4,5,252,1,253,0
6,0,252,1,253,0
-9,-6,4,1,253,0
-6,-7,9,1,253,0
3,8,13,1,253,0
5,-3,58,1,253,0
3,-7,79,1,253,0
8,3,84,1,253,0
7,2,103,1,253,0
1,6,113,1,253,0
1,-1,139,1,253,0
-1,-2,154,1,253,0
-4,-1,182,1,253,0
-3,5,189,1,253,0
-3,-8,205,1,253,0
0,5,208,1,253,0
8,-2,228,1,253,0
2,7,229,1,253,0
-2,4,229,1,253,0
-1,3,244,1,253,0
-4,6,248,1,253,0
8,-3,39,1,253,0
-4,-2,49,1,253,0
-1,-3,53,1,253,0
-2,-6,59,1,253,0
6,-7,62,1,253,0
4,0,93,1,253,0
2,-5,85,1,253,0
6,2,109,1,253,0
5,1,116,1,253,0
1,-2,133,1,253,0
-8,1,189,1,253,0
-3,6,192,1,253,0
4,-1,199,1,253,0
0,6,202,1,253,0
-7,-1,208,1,253,0
1,7,222,1,253,0
-2,5,223,1,253,0
2,8,224,1,253,0
7,3,226,1,253,0
8,4,229,1,253,0
-1,4,239,1,253,0
2,9,5,1,253,0
-3,7,14,1,253,0
-5,-6,21,1,253,0
-1,-4,52,1,253,0
8,5,91,1,253,0
1,-3,93,1,253,0
5,-5,102,1,253,0
5,2,113,1,253,0
3,0,118,1,253,0
4,1,122,1,253,0
-7,1,203,1,253,0
-2,6,199,1,253,0
-6,0,199,1,253,0
4,-2,205,1,253,0
0,7,212,1,253,0
-2,-7,215,1,253,0
-7,-2,218,1,253,0
1,8,218,1,253,0
6,3,219,1,253,0
-1,5,233,1,253,0
7,4,236,1,253,0
7,-1,242,1,253,0
-4,-3,252,1,253,0
-5,-7,8,1,254,0
-8,-6,9,1,254,0
-3,8,9,1,254,0
4,-3,64,1,254,0
-1,-5,66,1,254,0
2,-7,87,1,254,0
1,-4,97,1,254,0
3,1,129,1,254,0
0,-1,155,1,254,0
-3,-1,175,1,254,0
-6,1,199,1,254,0
-4,-4,181,1,254,0
2,0,188,1,254,0
-7,2,209,1,254,0
-2,7,209,1,254,0
5,3,212,1,254,0
0,8,215,1,254,0
-7,-3,222,1,254,0
-1,6,226,1,254,0
7,-2,235,1,254,0
7,5,242,1,254,0
8,6,249,1,254,0
-3,9,3,1,254,0
-7,-4,28,1,254,0
7,-3,46,1,254,0
5,-7,68,1,254,0
1,-5,79,1,254,0
6,5,106,1,254,0
4,-4,112,1,254,0
5,4,115,1,254,0
0,-2,137,1,254,0
2,1,139,1,254,0
1,0,183,1,254,0
-4,-5,188,1,254,0
-4,0,192,1,254,0
3,2,195,1,254,0
-6,-1,196,1,254,0
3,-1,198,1,254,0
-5,1,201,1,254,0
4,3,206,1,254,0
-7,3,216,1,254,0
-1,7,219,1,254,0
-1,-6,235,1,254,0
7,6,244,1,254,0
8,7,253,1,254,0
-8,5,2,1,254,0
-7,-5,21,1,254,0
8,-7,48,1,254,0
1,-6,93,1,254,0
7,7,102,1,254,0
4,-5,108,1,254,0
6,6,111,1,254,0
5,5,119,1,254,0
0,-3,129,1,254,0
4,4,129,1,254,0
1,1,157,1,254,0
-3,-3,169,1,254,0
0,0,176,1,254,0
-3,0,187,1,254,0
2,2,192,1,254,0
-4,1,194,1,254,0
-4,-6,194,1,254,0
3,3,199,1,254,0
-5,2,205,1,254,0
-1,8,213,1,254,0
-7,4,223,1,254,0
-1,-7,229,1,254,0
-7,5,229,1,254,0
-7,-6,14,1,254,0
-3,-4,42,1,254,0
1,-7,91,1,254,0
6,7,106,1,254,0
5,6,114,1,254,0
3,-3,121,1,254,0
4,5,123,1,254,0
3,4,131,1,254,0
2,3,139,1,254,0
-3,1,162,1,254,0
-2,-1,174,1,254,0
-2,0,179,1,254,0
1,2,186,1,254,0
-4,-7,199,1,254,0
-4,2,208,1,254,0
6,-2,219,1,254,0
-1,-8,224,1,254,0
-6,-3,239,1,254,0
0,1,253,1,254,0
0,-4,253,1,254,0
1,-8,3,1,254,0
-4,-8,5,1,254,0
6,-3,52,1,254,0
3,5,58,1,254,0
2,4,73,1,254,0
4,-7,74,1,254,0
3,-4,116,1,254,0
1,3,132,1,254,0
-2,-2,169,1,254,0
-1,0,171,1,254,0
-5,-1,189,1,254,0
2,-1,189,1,254,0
-4,3,216,1,254,0
-5,4,253,1,254,0
-7,6,237,1,254,0
-6,5,245,1,254,0
0,-5,243,1,254,0
-2,1,246,1,254,0
0,2,252,1,254,0
5,7,253,1,254,0
-3,2,253,1,254,0
-3,-6,45,1,254,0
-5,-2,48,1,254,0
3,6,51,1,254,0
7,-7,55,1,254,0
2,5,78,1,254,0
3,-5,91,1,254,0
5,-1,106,1,254,0
1,4,126,1,254,0
2,-2,131,1,254,0
-2,-3,161,1,254,0
-1,1,167,1,254,0
-3,3,175,1,254,0
-4,4,254,1,254,0
0,-6,236,1,254,0
-6,6,238,1,254,0
-5,5,247,1,254,0
4,7,242,1,254,0
0,3,245,1,254,0
5,8,246,1,254,0
-2,2,247,1,254,0
7,0,251,1,254,0
-6,-6,14,1,254,0
-2,-4,48,1,254,0
0,-7,105,1,254,0
2,6,112,1,254,0
1,5,119,1,254,0
2,-3,124,1,254,0
-1,-1,162,1,254,0
-1,2,176,1,254,0
-3,4,183,1,254,0
0,4,194,1,254,0
-3,-7,208,1,254,0
5,-2,212,1,254,0
-8,-2,213,1,254,0
3,7,235,1,254,0
-2,3,235,1,254,0
8,-1,239,1,254,0
-5,6,242,1,254,0
-5,-3,251,1,254,0
-4,5,253,1,254,0
6,0,253,1,254,0
-9,-6,4,1,254,0
-6,-7,9,1,254,0
3,8,13,1,254,0
5,-3,58,1,254,0
3,-7,79,1,254,0
8,3,84,1,254,0
7,2,103,1,254,0
1,6,113,1,254,0
1,-1,139,1,254,0
-1,-2,154,1,254,0
-4,-1,182,1,254,0
-3,5,189,1,254,0
-3,-8,205,1,254,0
0,5,208,1,254,0
8,-2,228,1,254,0
2,7,229,1,254,0
-2,4,229,1,254,0
-1,3,244,1,254,0
-4,6,248,1,254,0
8,-3,39,1,254,0
-4,-2,49,1,254,0
-1,-3,53,1,254,0
-2,-6,59,1,254,0
6,-7,62,1,254,0
4,0,93,1,254,0
2,-5,85,1,254,0
6,2,109,1,254,0
5,1,116,1,254,0
1,-2,133,1,254,0
-8,1,189,1,254,0
-3,6,192,1,254,0
4,-1,199,1,254,0
0,6,202,1,254,0
-7,-1,208,1,254,0
1,7,222,1,254,0
-2,5,223,1,254,0
2,8,224,1,254,0
7,3,226,1,254,0
8,4,229,1,254,0
-1,4,239,1,254,0
2,9,5,1,254,0
-3,7,14,1,254,0
-5,-6,21,1,254,0
-1,-4,52,1,254,0
8,5,91,1,254,0
1,-3,93,1,254,0
5,-5,102,1,254,0
5,2,113,1,254,0
3,0,118,1,254,0
4,1,122,1,254,0
-7,1,203,1,254,0
-2,6,199,1,254,0
-6,0,199,1,254,0
4,-2,205,1,254,0
0,7,212,1,254,0
-2,-7,215,1,254,0
-7,-2,218,1,254,0
1,8,218,1,254,0
6,3,219,1,254,0
-1,5,233,1,254,0
7,4,236,1,254,0
7,-1,242,1,254,0
-4,-3,253,1,254,0
-5,-7,8,1,255,0
-8,-6,9,1,255,0
-3,8,9,1,255,0
4,-3,64,1,255,0
-1,-5,66,1,255,0
2,-7,87,1,255,0
1,-4,97,1,255,0
3,1,129,1,255,0
0,-1,155,1,255,0
-3,-1,175,1,255,0
-6,1,199,1,255,0
-4,-4,181,1,255,0
2,0,188,1,255,0
-7,2,209,1,255,0
-2,7,209,1,255,0
5,3,212,1,255,0
0,8,215,1,255,0
-7,-3,222,1,255,0
-1,6,226,1,255,0
7,-2,235,1,255,0
7,5,242,1,255,0
8,6,249,1,255,0
-3,9,3,1,255,0
-7,-4,28,1,255,0
7,-3,46,1,255,0
5,-7,68,1,255,0
1,-5,79,1,255,0
6,5,106,1,255,0
4,-4,112,1,255,0
5,4,115,1,255,0
0,-2,137,1,255,0
2,1,139,1,255,0
1,0,183,1,255,0
-4,-5,188,1,255,0
-4,0,192,1,255,0
3,2,195,1,255,0
-6,-1,196,1,255,0
3,-1,198,1,255,0
-5,1,201,1,255,0
4,3,206,1,255,0
-7,3,216,1,255,0
-1,7,219,1,255,0
-1,-6,235,1,255,0
7,6,244,1,255,0
8,7,254,1,255,0
-8,5,2,1,255,0
-7,-5,21,1,255,0
8,-7,48,1,255,0
1,-6,93,1,255,0
7,7,102,1,255,0
4,-5,108,1,255,0
6,6,111,1,255,0
5,5,119,1,255,0
0,-3,129,1,255,0
4,4,129,1,255,0
1,1,157,1,255,0
-3,-3,169,1,255,0
0,0,176,1,255,0
-3,0,187,1,255,0
2,2,192,1,255,0
-4,1,194,1,255,0
-4,-6,194,1,255,0
3,3,199,1,255,0
-5,2,205,1,255,0
-1,8,213,1,255,0
-7,4,223,1,255,0
-1,-7,229,1,255,0
-7,5,229,1,255,0
-7,-6,14,1,255,0
-3,-4,42,1,255,0
1,-7,91,1,255,0
6,7,106,1,255,0
5,6,114,1,255,0
3,-3,121,1,255,0
4,5,123,1,255,0
3,4,131,1,255,0
2,3,139,1,255,0
-3,1,162,1,255,0
-2,-1,174,1,255,0
-2,0,179,1,255,0
1,2,186,1,255,0
-4,-7,199,1,255,0
-4,2,208,1,255,0
6,-2,219,1,255,0
-1,-8,224,1,255,0
-6,-3,239,1,255,0
0,1,254,1,255,0
0,-4,254,1,255,0
1,-8,3,1,255,0
-4,-8,5,1,255,0
6,-3,52,1,255,0
3,5,58,1,255,0
2,4,73,1,255,0
4,-7,74,1,255,0
3,-4,116,1,255,0
1,3,132,1,255,0
-2,-2,169,1,255,0
-1,0,171,1,255,0
-5,-1,189,1,255,0
2,-1,189,1,255,0
-4,3,216,1,255,0
-5,4,253,1,255,0
-7,6,237,1,255,0
-6,5,245,1,255,0
0,-5,243,1,255,0
-2,1,246,1,255,0
0,2,252,1,255,0
5,7,254,1,255,0
-3,2,254,1,255,0
-3,-6,45,1,255,0
-5,-2,48,1,255,0
3,6,51,1,255,0
7,-7,55,1,255,0
2,5,78,1,255,0
3,-5,91,1,255,0
5,-1,106,1,255,0
1,4,126,1,255,0
2,-2,131,1,255,0
-2,-3,161,1,255,0
-1,1,167,1,255,0
-3,3,175,1,255,0
-4,4,255,1,255,0
0,-6,236,1,255,0
-6,6,238,1,255,0
-5,5,247,1,255,0
4,7,242,1,255,0
0,3,245,1,255,0
5,8,246,1,255,0
-2,2,247,1,255,0
7,0,251,1,255,0
-6,-6,14,1,255,0
-2,-4,48,1,255,0
0,-7,105,1,255,0
2,6,112,1,255,0
1,5,119,1,255,0
2,-3,124,1,255,0
-1,-1,162,1,255,0
-1,2,176,1,255,0
-3,4,183,1,255,0
0,4,194,1,255,0
-3,-7,208,1,255,0
5,-2,212,1,255,0
-8,-2,213,1,255,0
3,7,235,1,255,0
-2,3,235,1,255,0
8,-1,239,1,255,0
-5,6,242,1,255,0
-5,-3,251,1,255,0
-4,5,253,1,255,0
6,0,254,1,255,0
-9,-6,4,1,255,0
-6,-7,9,1,255,0
3,8,13,1,255,0
5,-3,58,1,255,0
3,-7,79,1,255,0
8,3,84,1,255,0
7,2,103,1,255,0
1,6,113,1,255,0
1,-1,139,1,255,0
-1,-2,154,1,255,0
-4,-1,182,1,255,0
-3,-8,205,1,255,0
0,5,208,1,255,0
8,-2,228,1,255,0
2,7,229,1,255,0
-2,4,229,1,255,0
-1,3,244,1,255,0
-4,6,248,1,255,0
-3,5,254,1,255,0
8,-3,39,1,255,0
-4,-2,49,1,255,0
-1,-3,53,1,255,0
-2,-6,59,1,255,0
6,-7,62,1,255,0
4,0,93,1,255,0
2,-5,85,1,255,0
6,2,109,1,255,0
5,1,116,1,255,0
1,-2,133,1,255,0
-8,1,189,1,255,0
-3,6,192,1,255,0
4,-1,199,1,255,0
0,6,202,1,255,0
-7,-1,208,1,255,0
1,7,222,1,255,0
-2,5,223,1,255,0
2,8,224,1,255,0
7,3,226,1,255,0
8,4,229,1,255,0
-1,4,239,1,255,0
2,9,5,1,255,0
-3,7,14,1,255,0
-5,-6,21,1,255,0
-1,-4,52,1,255,0
8,5,91,1,255,0
1,-3,93,1,255,0
5,-5,102,1,255,0
5,2,113,1,255,0
3,0,118,1,255,0
4,1,122,1,255,0
-7,1,203,1,255,0
-2,6,199,1,255,0
-6,0,199,1,255,0
4,-2,205,1,255,0
0,7,212,1,255,0
-2,-7,215,1,255,0
-7,-2,218,1,255,0
1,8,218,1,255,0
6,3,219,1,255,0
-1,5,233,1,255,0
7,4,236,1,255,0
7,-1,242,1,255,0
-4,-3,254,1,255,0
-5,-7,8,1,256,0
-8,-6,9,1,256,0
-3,8,9,1,256,0
4,-3,64,1,256,0
-1,-5,66,1,256,0
2,-7,87,1,256,0
1,-4,97,1,256,0
3,1,129,1,256,0
0,-1,155,1,256,0
-3,-1,175,1,256,0
-6,1,199,1,256,0
-4,-4,181,1,256,0
2,0,188,1,256,0
-7,2,209,1,256,0
-2,7,209,1,256,0
5,3,212,1,256,0
0,8,215,1,256,0
-7,-3,222,1,256,0
-1,6,226,1,256,0
7,-2,235,1,256,0
7,5,242,1,256,0
8,6,249,1,256,0
-3,9,3,1,256,0
-7,-4,28,1,256,0
7,-3,46,1,256,0
5,-7,68,1,256,0
1,-5,79,1,256,0
6,5,106,1,256,0
4,-4,112,1,256,0
5,4,115,1,256,0
0,-2,137,1,256,0
2,1,139,1,256,0
1,0,183,1,256,0
-4,-5,188,1,256,0
-4,0,192,1,256,0
3,2,195,1,256,0
-6,-1,196,1,256,0
3,-1,198,1,256,0
-5,1,201,1,256,0
4,3,206,1,256,0
-7,3,216,1,256,0
-1,7,219,1,256,0
-1,-6,235,1,256,0
7,6,244,1,256,0
8,7,254,1,256,0
-8,5,2,1,256,0
-7,-5,21,1,256,0
8,-7,48,1,256,0
1,-6,93,1,256,0
7,7,102,1,256,0
4,-5,108,1,256,0
6,6,111,1,256,0
5,5,119,1,256,0
0,-3,129,1,256,0
4,4,129,1,256,0
1,1,157,1,256,0
-3,-3,169,1,256,0
0,0,176,1,256,0
-3,0,187,1,256,0
2,2,192,1,256,0
-4,1,194,1,256,0
-4,-6,194,1,256,0
3,3,199,1,256,0
-5,2,205,1,256,0
-1,8,213,1,256,0
-7,4,223,1,256,0
-1,-7,229,1,256,0
-7,5,229,1,256,0
-7,-6,14,1,256,0
-3,-4,42,1,256,0
1,-7,91,1,256,0
6,7,106,1,256,0
3,-3,121,1,256,0
4,5,123,1,256,0
3,4,131,1,256,0
2,3,139,1,256,0
-3,1,162,1,256,0
-2,-1,174,1,256,0
-2,0,179,1,256,0
1,2,186,1,256,0
-4,-7,199,1,256,0
-4,2,208,1,256,0
6,-2,219,1,256,0
-1,-8,224,1,256,0
-6,-3,239,1,256,0
0,1,255,1,256,0
0,-4,255,1,256,0
5,6,255,1,256,0
1,-8,3,1,256,0
-4,-8,5,1,256,0
6,-3,52,1,256,0
3,5,58,1,256,0
2,4,73,1,256,0
4,-7,74,1,256,0
3,-4,116,1,256,0
1,3,132,1,256,0
-2,-2,169,1,256,0
-1,0,171,1,256,0
-5,-1,189,1,256,0
2,-1,189,1,256,0
-4,3,216,1,256,0
-5,4,253,1,256,0
-7,6,237,1,256,0
-6,5,245,1,256,0
0,-5,243,1,256,0
0,2,252,1,256,0
5,7,254,1,256,0
-3,2,254,1,256,0
-2,1,255,1,256,0
-3,-6,45,1,256,0
-5,-2,48,1,256,0
3,6,51,1,256,0
7,-7,55,1,256,0
2,5,78,1,256,0
3,-5,91,1,256,0
5,-1,106,1,256,0
1,4,126,1,256,0
2,-2,131,1,256,0
-2,-3,161,1,256,0
-1,1,167,1,256,0
-3,3,175,1,256,0
-4,4,256,1,256,0
0,-6,236,1,256,0
-6,6,238,1,256,0
-5,5,247,1,256,0
4,7,242,1,256,0
0,3,245,1,256,0
5,8,246,1,256,0
-2,2,247,1,256,0
7,0,251,1,256,0
-6,-6,14,1,256,0
-2,-4,48,1,256,0
0,-7,105,1,256,0
2,6,112,1,256,0
1,5,119,1,256,0
2,-3,124,1,256,0
-1,-1,162,1,256,0
-1,2,176,1,256,0
-3,4,183,1,256,0
0,4,194,1,256,0
-3,-7,208,1,256,0
5,-2,212,1,256,0
-8,-2,213,1,256,0
3,7,235,1,256,0
-2,3,235,1,256,0
8,-1,239,1,256,0
-5,6,242,1,256,0
-5,-3,251,1,256,0
-4,5,253,1,256,0
6,0,255,1,256,0
-9,-6,4,1,256,0
-6,-7,9,1,256,0
3,8,13,1,256,0
5,-3,58,1,256,0
3,-7,79,1,256,0
8,3,84,1,256,0
7,2,103,1,256,0
1,6,113,1,256,0
1,-1,139,1,256,0
-1,-2,154,1,256,0
-4,-1,182,1,256,0
-3,-8,205,1,256,0
0,5,208,1,256,0
8,-2,228,1,256,0
2,7,229,1,256,0
-2,4,229,1,256,0
-1,3,244,1,256,0
-4,6,248,1,256,0
-3,5,255,1,256,0
8,-3,39,1,256,0
-1,-3,53,1,256,0
-2,-6,59,1,256,0
6,-7,62,1,256,0
4,0,93,1,256,0
2,-5,85,1,256,0
6,2,109,1,256,0
5,1,116,1,256,0
1,-2,133,1,256,0
-8,1,189,1,256,0
-3,6,192,1,256,0
4,-1,199,1,256,0
0,6,202,1,256,0
-7,-1,208,1,256,0
1,7,222,1,256,0
-2,5,223,1,256,0
2,8,224,1,256,0
7,3,226,1,256,0
8,4,229,1,256,0
-1,4,239,1,256,0
-4,-2,255,1,256,0
2,9,5,1,256,0
-3,7,14,1,256,0
-5,-6,21,1,256,0
-1,-4,52,1,256,0
8,5,91,1,256,0
1,-3,93,1,256,0
5,-5,102,1,256,0
5,2,113,1,256,0
3,0,118,1,256,0
4,1,122,1,256,0
-7,1,203,1,256,0
-2,6,199,1,256,0
-6,0,199,1,256,0
4,-2,205,1,256,0
0,7,212,1,256,0
-2,-7,215,1,256,0
-7,-2,218,1,256,0
1,8,218,1,256,0
6,3,219,1,256,0
-1,5,233,1,256,0
7,4,236,1,256,0
7,-1,242,1,256,0
-4,-3,254,1,256,0
-5,-7,8,1,257,0
-8,-6,9,1,257,0
-3,8,9,1,257,0
4,-3,64,1,257,0
-1,-5,66,1,257,0
2,-7,87,1,257,0
1,-4,97,1,257,0
3,1,129,1,257,0
0,-1,155,1,257,0
-3,-1,175,1,257,0
-6,1,199,1,257,0
-4,-4,181,1,257,0
2,0,188,1,257,0
-7,2,209,1,257,0
-2,7,209,1,257,0
5,3,212,1,257,0
0,8,215,1,257,0
-7,-3,222,1,257,0
-1,6,226,1,257,0
7,-2,235,1,257,0
7,5,242,1,257,0
8,6,249,1,257,0
-3,9,3,1,257,0
-7,-4,28,1,257,0
7,-3,46,1,257,0
5,-7,68,1,257,0
1,-5,79,1,257,0
6,5,106,1,257,0
4,-4,112,1,257,0
5,4,115,1,257,0
0,-2,137,1,257,0
2,1,139,1,257,0
1,0,183,1,257,0
-4,-5,188,1,257,0
-4,0,192,1,257,0
3,2,195,1,257,0
-6,-1,196,1,257,0
3,-1,198,1,257,0
-5,1,201,1,257,0
4,3,206,1,257,0
-7,3,216,1,257,0
-1,7,219,1,257,0
-1,-6,235,1,257,0
7,6,244,1,257,0
8,7,254,1,257,0
-8,5,2,1,257,0
-7,-5,21,1,257,0
8,-7,48,1,257,0
1,-6,93,1,257,0
4,-5,108,1,257,0
6,6,111,1,257,0
5,5,119,1,257,0
4,4,129,1,257,0
1,1,157,1,257,0
-3,-3,169,1,257,0
0,0,176,1,257,0
-3,0,187,1,257,0
2,2,192,1,257,0
-4,1,194,1,257,0
-4,-6,194,1,257,0
3,3,199,1,257,0
-5,2,205,1,257,0
-1,8,213,1,257,0
-7,4,223,1,257,0
-1,-7,229,1,257,0
0,-3,256,1,257,0
7,7,256,1,257,0
-7,5,229,1,257,0
-7,-6,14,1,257,0
-3,-4,42,1,257,0
1,-7,91,1,257,0
6,7,106,1,257,0
3,-3,121,1,257,0
4,5,123,1,257,0
3,4,131,1,257,0
2,3,139,1,257,0
-3,1,162,1,257,0
-2,-1,174,1,257,0
-2,0,179,1,257,0
1,2,186,1,257,0
-4,-7,199,1,257,0
-4,2,208,1,257,0
6,-2,219,1,257,0
-1,-8,224,1,257,0
-6,-3,239,1,257,0
0,-4,255,1,257,0
5,6,255,1,257,0
0,1,256,1,257,0
1,-8,3,1,257,0
-4,-8,5,1,257,0
6,-3,52,1,257,0
3,5,58,1,257,0
2,4,73,1,257,0
4,-7,74,1,257,0
3,-4,116,1,257,0
1,3,132,1,257,0
-2,-2,169,1,257,0
-1,0,171,1,257,0
-5,-1,189,1,257,0
2,-1,189,1,257,0
-4,3,216,1,257,0
-5,4,253,1,257,0
-7,6,237,1,257,0
-6,5,245,1,257,0
0,-5,243,1,257,0
0,2,252,1,257,0
5,7,254,1,257,0
-3,2,254,1,257,0
4,6,256,1,257,0
-2,1,256,1,257,0
-3,-6,45,1,257,0
-5,-2,48,1,257,0
3,6,51,1,257,0
7,-7,55,1,257,0
2,5,78,1,257,0
3,-5,91,1,257,0
5,-1,106,1,257,0
1,4,126,1,257,0
2,-2,131,1,257,0
-2,-3,161,1,257,0
-1,1,167,1,257,0
-3,3,175,1,257,0
-4,4,257,1,257,0
0,-6,236,1,257,0
-6,6,238,1,257,0
-5,5,247,1,257,0
4,7,242,1,257,0
0,3,245,1,257,0
5,8,246,1,257,0
-2,2,247,1,257,0
7,0,251,1,257,0
-6,-6,14,1,257,0
-2,-4,48,1,257,0
0,-7,105,1,257,0
2,6,112,1,257,0
1,5,119,1,257,0
2,-3,124,1,257,0
-1,-1,162,1,257,0
-1,2,176,1,257,0
-3,4,183,1,257,0
0,4,194,1,257,0
-3,-7,208,1,257,0
5,-2,212,1,257,0
-8,-2,213,1,257,0
3,7,235,1,257,0
-2,3,235,1,257,0
8,-1,239,1,257,0
-5,6,242,1,257,0
-5,-3,251,1,257,0
-4,5,253,1,257,0
6,0,256,1,257,0
-9,-6,4,1,257,0
-6,-7,9,1,257,0
3,8,13,1,257,0
5,-3,58,1,257,0
3,-7,79,1,257,0
8,3,84,1,257,0
7,2,103,1,257,0
1,6,113,1,257,0
1,-1,139,1,257,0
-1,-2,154,1,257,0
-4,-1,182,1,257,0
-3,-8,205,1,257,0
0,5,208,1,257,0
8,-2,228,1,257,0
2,7,229,1,257,0
-2,4,229,1,257,0
-1,3,244,1,257,0
-4,6,248,1,257,0
-3,5,256,1,257,0
8,-3,39,1,257,0
-1,-3,53,1,257,0
-2,-6,59,1,257,0
6,-7,62,1,257,0
4,0,93,1,257,0
2,-5,85,1,257,0
6,2,109,1,257,0
5,1,116,1,257,0
1,-2,133,1,257,0
-8,1,189,1,257,0
-3,6,192,1,257,0
4,-1,199,1,257,0
0,6,202,1,257,0
-7,-1,208,1,257,0
1,7,222,1,257,0
-2,5,223,1,257,0
2,8,224,1,257,0
7,3,226,1,257,0
8,4,229,1,257,0
-1,4,239,1,257,0
-4,-2,256,1,257,0
2,9,5,1,257,0
-3,7,14,1,257,0
-5,-6,21,1,257,0
-1,-4,52,1,257,0
8,5,91,1,257,0
1,-3,93,1,257,0
5,-5,102,1,257,0
5,2,113,1,257,0
3,0,118,1,257,0
4,1,122,1,257,0
-7,1,203,1,257,0
-2,6,199,1,257,0
-6,0,199,1,257,0
4,-2,205,1,257,0
0,7,212,1,257,0
-2,-7,215,1,257,0
-7,-2,218,1,257,0
1,8,218,1,257,0
6,3,219,1,257,0
-1,5,233,1,257,0
7,4,236,1,257,0
7,-1,242,1,257,0
-4,-3,254,1,257,0
-5,-7,8,1,258,0
-8,-6,9,1,258,0
-3,8,9,1,258,0
4,-3,64,1,258,0
-1,-5,66,1,258,0
2,-7,87,1,258,0
1,-4,97,1,258,0
3,1,129,1,258,0
0,-1,155,1,258,0
-3,-1,175,1,258,0
-6,1,199,1,258,0
-4,-4,181,1,258,0
2,0,188,1,258,0
-7,2,209,1,258,0
-2,7,209,1,258,0
5,3,212,1,258,0
0,8,215,1,258,0
-7,-3,222,1,258,0
-1,6,226,1,258,0
7,-2,235,1,258,0
7,5,242,1,258,0
8,6,249,1,258,0
-3,9,3,1,258,0
-7,-4,28,1,258,0
7,-3,46,1,258,0
5,-7,68,1,258,0
1,-5,79,1,258,0
6,5,106,1,258,0
4,-4,112,1,258,0
5,4,115,1,258,0
0,-2,137,1,258,0
2,1,139,1,258,0
1,0,183,1,258,0
-4,-5,188,1,258,0
-4,0,192,1,258,0
3,2,195,1,258,0
-6,-1,196,1,258,0
3,-1,198,1,258,0
-5,1,201,1,258,0
4,3,206,1,258,0
-7,3,216,1,258,0
-1,7,219,1,258,0
-1,-6,235,1,258,0
7,6,244,1,258,0
8,7,254,1,258,0
-8,5,2,1,258,0
-7,-5,21,1,258,0
8,-7,48,1,258,0
1,-6,93,1,258,0
4,-5,108,1,258,0
6,6,111,1,258,0
5,5,119,1,258,0
4,4,129,1,258,0
1,1,157,1,258,0
-3,-3,169,1,258,0
0,0,176,1,258,0
-3,0,187,1,258,0
2,2,192,1,258,0
-4,1,194,1,258,0
-4,-6,194,1,258,0
3,3,199,1,258,0
-5,2,205,1,258,0
-1,8,213,1,258,0
-7,4,223,1,258,0
-1,-7,229,1,258,0
0,-3,257,1,258,0
7,7,257,1,258,0
-7,5,229,1,258,0
-7,-6,14,1,258,0
-3,-4,42,1,258,0
1,-7,91,1,258,0
6,7,106,1,258,0
3,-3,121,1,258,0
4,5,123,1,258,0
3,4,131,1,258,0
2,3,139,1,258,0
-3,1,162,1,258,0
-2,-1,174,1,258,0
-2,0,179,1,258,0
1,2,186,1,258,0
-4,-7,199,1,258,0
-4,2,208,1,258,0
6,-2,219,1,258,0
-1,-8,224,1,258,0
-6,-3,239,1,258,0
0,-4,255,1,258,0
5,6,255,1,258,0
0,1,257,1,258,0
1,-8,3,1,258,0
-4,-8,5,1,258,0
6,-3,52,1,258,0
3,5,58,1,258,0
2,4,73,1,258,0
4,-7,74,1,258,0
3,-4,116,1,258,0
1,3,132,1,258,0
-2,-2,169,1,258,0
-1,0,171,1,258,0
-5,-1,189,1,258,0
2,-1,189,1,258,0
-4,3,258,1,258,0
-5,4,253,1,258,0
-7,6,237,1,258,0
-6,5,245,1,258,0
0,-5,243,1,258,0
0,2,252,1,258,0
5,7,254,1,258,0
-3,2,254,1,258,0
4,6,257,1,258,0
-2,1,257,1,258,0
-3,-6,45,1,258,0
-5,-2,48,1,258,0
3,6,51,1,258,0
7,-7,55,1,258,0
2,5,78,1,258,0
3,-5,91,1,258,0
5,-1,106,1,258,0
1,4,126,1,258,0
2,-2,131,1,258,0
-2,-3,161,1,258,0
-1,1,167,1,258,0
-3,3,175,1,258,0
-4,4,257,1,258,0
0,-6,236,1,258,0
-6,6,238,1,258,0
-5,5,247,1,258,0
4,7,242,1,258,0
0,3,245,1,258,0
5,8,246,1,258,0
-2,2,247,1,258,0
7,0,251,1,258,0
-6,-6,14,1,258,0
-2,-4,48,1,258,0
0,-7,105,1,258,0
2,6,112,1,258,0
1,5,119,1,258,0
2,-3,124,1,258,0
-1,-1,162,1,258,0
-1,2,176,1,258,0
0,4,194,1,258,0
-3,-7,208,1,258,0
5,-2,212,1,258,0
-8,-2,213,1,258,0
3,7,235,1,258,0
-2,3,235,1,258,0
8,-1,239,1,258,0
-5,6,242,1,258,0
-5,-3,251,1,258,0
-4,5,253,1,258,0
-3,4,257,1,258,0
6,0,257,1,258,0
-9,-6,4,1,258,0
-6,-7,9,1,258,0
3,8,13,1,258,0
5,-3,58,1,258,0
3,-7,79,1,258,0
8,3,84,1,258,0
7,2,103,1,258,0
1,6,113,1,258,0
1,-1,139,1,258,0
-1,-2,154,1,258,0
-4,-1,182,1,258,0
-3,-8,205,1,258,0
0,5,208,1,258,0
8,-2,228,1,258,0
2,7,229,1,258,0
-2,4,229,1,258,0
-1,3,244,1,258,0
-4,6,248,1,258,0
-3,5,256,1,258,0
8,-3,39,1,258,0
-1,-3,53,1,258,0
-2,-6,59,1,258,0
6,-7,62,1,258,0
4,0,93,1,258,0
2,-5,85,1,258,0
6,2,109,1,258,0
5,1,116,1,258,0
1,-2,133,1,258,0
-8,1,189,1,258,0
-3,6,192,1,258,0
4,-1,199,1,258,0
0,6,202,1,258,0
-7,-1,208,1,258,0
1,7,222,1,258,0
-2,5,223,1,258,0
2,8,224,1,258,0
7,3,226,1,258,0
8,4,229,1,258,0
-1,4,239,1,258,0
-4,-2,257,1,258,0
2,9,5,1,258,0
-3,7,14,1,258,0
-5,-6,21,1,258,0
-1,-4,52,1,258,0
8,5,91,1,258,0
1,-3,93,1,258,0
5,-5,102,1,258,0
5,2,113,1,258,0
3,0,118,1,258,0
4,1,122,1,258,0
-7,1,203,1,258,0
-2,6,199,1,258,0
-6,0,199,1,258,0
4,-2,205,1,258,0
0,7,212,1,258,0
-2,-7,215,1,258,0
-7,-2,218,1,258,0
1,8,218,1,258,0
6,3,219,1,258,0
-1,5,233,1,258,0
7,4,236,1,258,0
7,-1,242,1,258,0
-4,-3,254,1,258,0
-5,-7,8,1,259,0
-8,-6,9,1,259,0
-3,8,9,1,259,0
4,-3,64,1,259,0
-1,-5,66,1,259,0
2,-7,87,1,259,0
1,-4,97,1,259,0
3,1,129,1,259,0
0,-1,155,1,259,0
-3,-1,175,1,259,0
-6,1,199,1,259,0
-4,-4,181,1,259,0
2,0,188,1,259,0
-7,2,209,1,259,0
-2,7,209,1,259,0
5,3,212,1,259,0
0,8,215,1,259,0
-7,-3,222,1,259,0
-1,6,226,1,259,0
7,-2,235,1,259,0
7,5,242,1,259,0
8,6,249,1,259,0
-3,9,3,1,259,0
-7,-4,28,1,259,0
7,-3,46,1,259,0
5,-7,68,1,259,0
1,-5,79,1,259,0
6,5,106,1,259,0
4,-4,112,1,259,0
5,4,115,1,259,0
0,-2,137,1,259,0
2,1,139,1,259,0
1,0,183,1,259,0
-4,-5,188,1,259,0
-4,0,192,1,259,0
3,2,195,1,259,0
-6,-1,196,1,259,0
3,-1,198,1,259,0
-5,1,201,1,259,0
4,3,206,1,259,0
-7,3,216,1,259,0
-1,7,219,1,259,0
-1,-6,235,1,259,0
7,6,244,1,259,0
8,7,254,1,259,0
-8,5,2,1,259,0
-7,-5,21,1,259,0
8,-7,48,1,259,0
1,-6,93,1,259,0
4,-5,108,1,259,0
6,6,111,1,259,0
5,5,119,1,259,0
4,4,129,1,259,0
1,1,157,1,259,0
-3,-3,169,1,259,0
0,0,176,1,259,0
-3,0,187,1,259,0
2,2,192,1,259,0
-4,1,194,1,259,0
-4,-6,194,1,259,0
3,3,199,1,259,0
-5,2,205,1,259,0
-1,8,213,1,259,0
-7,4,223,1,259,0
-1,-7,229,1,259,0
7,7,257,1,259,0
0,-3,258,1,259,0
-7,5,229,1,259,0
-7,-6,14,1,259,0
-3,-4,42,1,259,0
1,-7,91,1,259,0
6,7,106,1,259,0
3,-3,121,1,259,0
4,5,123,1,259,0
3,4,131,1,259,0
2,3,139,1,259,0
-3,1,162,1,259,0
-2,-1,174,1,259,0
-2,0,179,1,259,0
1,2,186,1,259,0
-4,-7,199,1,259,0
-4,2,208,1,259,0
6,-2,219,1,259,0
-1,-8,224,1,259,0
-6,-3,239,1,259,0
0,-4,255,1,259,0
5,6,255,1,259,0
0,1,258,1,259,0
7,8,258,1,259,0
1,-8,3,1,259,0
-4,-8,5,1,259,0
6,-3,52,1,259,0
3,5,58,1,259,0
2,4,73,1,259,0
4,-7,74,1,259,0
3,-4,116,1,259,0
1,3,132,1,259,0
-2,-2,169,1,259,0
-1,0,171,1,259,0
-5,-1,189,1,259,0
2,-1,189,1,259,0
-4,3,259,1,259,0
-5,4,253,1,259,0
-7,6,237,1,259,0
-6,5,245,1,259,0
0,-5,243,1,259,0
0,2,252,1,259,0
5,7,254,1,259,0
-3,2,254,1,259,0
4,6,258,1,259,0
-2,1,258,1,259,0
-3,-6,45,1,259,0
-5,-2,48,1,259,0
3,6,51,1,259,0
7,-7,55,1,259,0
2,5,78,1,259,0
3,-5,91,1,259,0
5,-1,106,1,259,0
1,4,126,1,259,0
2,-2,131,1,259,0
-2,-3,161,1,259,0
-1,1,167,1,259,0
-3,3,175,1,259,0
-4,4,257,1,259,0
0,-6,236,1,259,0
-6,6,238,1,259,0
-5,5,247,1,259,0
4,7,242,1,259,0
0,3,245,1,259,0
5,8,246,1,259,0
-2,2,247,1,259,0
7,0,251,1,259,0
-6,-6,14,1,259,0
-2,-4,48,1,259,0
0,-7,105,1,259,0
2,6,112,1,259,0
1,5,119,1,259,0
2,-3,124,1,259,0
-1,-1,162,1,259,0
-1,2,176,1,259,0
0,4,194,1,259,0
-3,-7,208,1,259,0
5,-2,212,1,259,0
-8,-2,213,1,259,0
3,7,235,1,259,0
-2,3,235,1,259,0
8,-1,239,1,259,0
-5,6,242,1,259,0
-5,-3,251,1,259,0
-4,5,253,1,259,0
6,0,257,1,259,0
-3,4,258,1,259,0
-9,-6,4,1,259,0
-6,-7,9,1,259,0
3,8,13,1,259,0
5,-3,58,1,259,0
3,-7,79,1,259,0
8,3,84,1,259,0
7,2,103,1,259,0
1,6,113,1,259,0
1,-1,139,1,259,0
-1,-2,154,1,259,0
-4,-1,182,1,259,0
-3,-8,205,1,259,0
0,5,208,1,259,0
8,-2,228,1,259,0
2,7,229,1,259,0
-2,4,229,1,259,0
-1,3,244,1,259,0
-4,6,248,1,259,0
-3,5,256,1,259,0
5,0,258,1,259,0
8,-3,39,1,259,0
-1,-3,53,1,259,0
-2,-6,59,1,259,0
6,-7,62,1,259,0
4,0,93,1,259,0
2,-5,85,1,259,0
6,2,109,1,259,0
5,1,116,1,259,0
1,-2,133,1,259,0
-8,1,189,1,259,0
-3,6,192,1,259,0
4,-1,199,1,259,0
0,6,202,1,259,0
-7,-1,208,1,259,0
1,7,222,1,259,0
-2,5,223,1,259,0
2,8,224,1,259,0
7,3,226,1,259,0
8,4,229,1,259,0
-1,4,239,1,259,0
-4,-2,258,1,259,0
2,9,5,1,259,0
-3,7,14,1,259,0
-5,-6,21,1,259,0
-1,-4,52,1,259,0
8,5,91,1,259,0
1,-3,93,1,259,0
5,-5,102,1,259,0
5,2,113,1,259,0
3,0,118,1,259,0
4,1,122,1,259,0
-7,1,203,1,259,0
-2,6,199,1,259,0
-6,0,199,1,259,0
4,-2,205,1,259,0
0,7,212,1,259,0
-2,-7,215,1,259,0
-7,-2,218,1,259,0
1,8,218,1,259,0
6,3,219,1,259,0
-1,5,233,1,259,0
7,4,236,1,259,0
7,-1,242,1,259,0
-4,-3,254,1,259,0
-5,-7,8,1,260,0
-8,-6,9,1,260,0
-3,8,9,1,260,0
4,-3,64,1,260,0
-1,-5,66,1,260,0
2,-7,87,1,260,0
1,-4,97,1,260,0
3,1,129,1,260,0
0,-1,155,1,260,0
-3,-1,175,1,260,0
-6,1,199,1,260,0
-4,-4,181,1,260,0
2,0,188,1,260,0
-7,2,209,1,260,0
-2,7,209,1,260,0
5,3,212,1,260,0
0,8,215,1,260,0
-7,-3,222,1,260,0
-1,6,226,1,260,0
7,-2,235,1,260,0
7,5,242,1,260,0
8,6,249,1,260,0
-3,9,3,1,260,0
-7,-4,28,1,260,0
7,-3,46,1,260,0
5,-7,68,1,260,0
1,-5,79,1,260,0
6,5,106,1,260,0
4,-4,112,1,260,0
5,4,115,1,260,0
0,-2,137,1,260,0
2,1,139,1,260,0
1,0,183,1,260,0
-4,-5,188,1,260,0
-4,0,192,1,260,0
3,2,195,1,260,0
-6,-1,196,1,260,0
3,-1,198,1,260,0
-5,1,201,1,260,0
4,3,206,1,260,0
-7,3,216,1,260,0
-1,7,219,1,260,0
-1,-6,235,1,260,0
7,6,244,1,260,0
8,7,254,1,260,0
-8,5,2,1,260,0
-7,-5,21,1,260,0
8,-7,48,1,260,0
1,-6,93,1,260,0
4,-5,108,1,260,0
6,6,111,1,260,0
5,5,119,1,260,0
4,4,129,1,260,0
1,1,157,1,260,0
-3,-3,169,1,260,0
-3,0,187,1,260,0
2,2,192,1,260,0
-4,1,194,1,260,0
-4,-6,194,1,260,0
3,3,199,1,260,0
-5,2,205,1,260,0
-1,8,213,1,260,0
-7,4,223,1,260,0
-1,-7,229,1,260,0
7,7,257,1,260,0
0,-3,258,1,260,0
0,0,259,1,260,0
-7,5,229,1,260,0
-7,-6,14,1,260,0
-3,-4,42,1,260,0
1,-7,91,1,260,0
6,7,106,1,260,0
3,-3,121,1,260,0
4,5,123,1,260,0
3,4,131,1,260,0
2,3,139,1,260,0
-3,1,162,1,260,0
-2,-1,174,1,260,0
-2,0,179,1,260,0
1,2,186,1,260,0
-4,-7,199,1,260,0
-4,2,208,1,260,0
6,-2,219,1,260,0
-1,-8,224,1,260,0
-6,-3,239,1,260,0
0,-4,255,1,260,0
5,6,255,1,260,0
0,1,258,1,260,0
7,8,259,1,260,0
1,-8,3,1,260,0
-4,-8,5,1,260,0
6,-3,52,1,260,0
3,5,58,1,260,0
2,4,73,1,260,0
4,-7,74,1,260,0
3,-4,116,1,260,0
1,3,132,1,260,0
-2,-2,169,1,260,0
-1,0,171,1,260,0
-5,-1,189,1,260,0
2,-1,189,1,260,0
-4,3,259,1,260,0
-5,4,253,1,260,0
-7,6,237,1,260,0
-6,5,245,1,260,0
0,-5,243,1,260,0
0,2,252,1,260,0
5,7,254,1,260,0
-3,2,254,1,260,0
4,6,259,1,260,0
-2,1,259,1,260,0
-3,-6,45,1,260,0
-5,-2,48,1,260,0
3,6,51,1,260,0
7,-7,55,1,260,0
2,5,78,1,260,0
3,-5,91,1,260,0
5,-1,106,1,260,0
1,4,126,1,260,0
2,-2,131,1,260,0
-2,-3,161,1,260,0
-1,1,167,1,260,0
-3,3,175,1,260,0
-4,4,257,1,260,0
0,-6,236,1,260,0
-6,6,238,1,260,0
-5,5,247,1,260,0
4,7,242,1,260,0
0,3,245,1,260,0
5,8,246,1,260,0
-2,2,247,1,260,0
7,0,251,1,260,0
-6,-6,14,1,260,0
-2,-4,48,1,260,0
0,-7,105,1,260,0
2,6,112,1,260,0
1,5,119,1,260,0
2,-3,124,1,260,0
-1,-1,162,1,260,0
-1,2,176,1,260,0
0,4,194,1,260,0
-3,-7,208,1,260,0
5,-2,212,1,260,0
-8,-2,213,1,260,0
3,7,235,1,260,0
-2,3,235,1,260,0
8,-1,239,1,260,0
-5,6,242,1,260,0
-5,-3,251,1,260,0
-4,5,253,1,260,0
6,0,257,1,260,0
-3,4,259,1,260,0
-9,-6,4,1,260,0
-6,-7,9,1,260,0
3,8,13,1,260,0
5,-3,58,1,260,0
3,-7,79,1,260,0
8,3,84,1,260,0
7,2,103,1,260,0
1,6,113,1,260,0
1,-1,139,1,260,0
-1,-2,154,1,260,0
-4,-1,182,1,260,0
-3,-8,205,1,260,0
0,5,208,1,260,0
8,-2,228,1,260,0
2,7,229,1,260,0
-2,4,229,1,260,0
-1,3,244,1,260,0
-4,6,248,1,260,0
-3,5,256,1,260,0
5,0,259,1,260,0
8,-3,39,1,260,0
-1,-3,53,1,260,0
-2,-6,59,1,260,0
6,-7,62,1,260,0
4,0,93,1,260,0
2,-5,85,1,260,0
6,2,109,1,260,0
5,1,116,1,260,0
1,-2,133,1,260,0
-8,1,189,1,260,0
-3,6,192,1,260,0
4,-1,199,1,260,0
0,6,202,1,260,0
-7,-1,208,1,260,0
1,7,222,1,260,0
-2,5,223,1,260,0
2,8,224,1,260,0
7,3,226,1,260,0
8,4,229,1,260,0
-1,4,239,1,260,0
-4,-2,259,1,260,0
2,9,5,1,260,0
-3,7,14,1,260,0
-5,-6,21,1,260,0
-1,-4,52,1,260,0
8,5,91,1,260,0
1,-3,93,1,260,0
5,-5,102,1,260,0
5,2,113,1,260,0
3,0,118,1,260,0
4,1,122,1,260,0
-7,1,203,1,260,0
-2,6,199,1,260,0
-6,0,199,1,260,0
4,-2,205,1,260,0
0,7,212,1,260,0
-2,-7,215,1,260,0
-7,-2,218,1,260,0
1,8,218,1,260,0
6,3,219,1,260,0
-1,5,233,1,260,0
7,4,236,1,260,0
7,-1,242,1,260,0
-4,-3,254,1,260,0
-5,-7,8,1,261,0
-8,-6,9,1,261,0
-3,8,9,1,261,0
4,-3,64,1,261,0
-1,-5,66,1,261,0
2,-7,87,1,261,0
1,-4,97,1,261,0
3,1,129,1,261,0
0,-1,155,1,261,0
-3,-1,175,1,261,0
-6,1,199,1,261,0
-4,-4,181,1,261,0
2,0,188,1,261,0
-7,2,209,1,261,0
-2,7,209,1,261,0
5,3,212,1,261,0
0,8,215,1,261,0
-7,-3,222,1,261,0
-1,6,226,1,261,0
7,-2,235,1,261,0
7,5,242,1,261,0
8,6,249,1,261,0
-3,9,3,1,261,0
-7,-4,28,1,261,0
7,-3,46,1,261,0
5,-7,68,1,261,0
1,-5,79,1,261,0
6,5,106,1,261,0
4,-4,112,1,261,0
5,4,115,1,261,0
0,-2,137,1,261,0
2,1,139,1,261,0
1,0,183,1,261,0
-4,-5,188,1,261,0
-4,0,192,1,261,0
3,2,195,1,261,0
-6,-1,196,1,261,0
3,-1,198,1,261,0
-5,1,201,1,261,0
4,3,206,1,261,0
-7,3,216,1,261,0
-1,7,219,1,261,0
-1,-6,235,1,261,0
7,6,244,1,261,0
8,7,254,1,261,0
-8,5,2,1,261,0
-7,-5,21,1,261,0
8,-7,48,1,261,0
1,-6,93,1,261,0
4,-5,108,1,261,0
6,6,111,1,261,0
5,5,119,1,261,0
4,4,129,1,261,0
1,1,157,1,261,0
-3,-3,169,1,261,0
-3,0,187,1,261,0
2,2,192,1,261,0
-4,1,194,1,261,0
-4,-6,194,1,261,0
3,3,199,1,261,0
-5,2,205,1,261,0
-1,8,213,1,261,0
-7,4,223,1,261,0
-1,-7,229,1,261,0
7,7,257,1,261,0
0,0,259,1,261,0
0,-3,259,1,261,0
-7,5,229,1,261,0
-7,-6,14,1,261,0
-3,-4,42,1,261,0
1,-7,91,1,261,0
6,7,106,1,261,0
3,-3,121,1,261,0
4,5,123,1,261,0
3,4,131,1,261,0
2,3,139,1,261,0
-3,1,162,1,261,0
-2,-1,174,1,261,0
-2,0,179,1,261,0
1,2,186,1,261,0
-4,-7,199,1,261,0
-4,2,208,1,261,0
6,-2,219,1,261,0
-1,-8,224,1,261,0
-6,-3,239,1,261,0
0,-4,255,1,261,0
5,6,255,1,261,0
0,1,258,1,261,0
7,8,259,1,261,0
1,-8,3,1,261,0
-4,-8,5,1,261,0
6,-3,52,1,261,0
3,5,58,1,261,0
2,4,73,1,261,0
4,-7,74,1,261,0
3,-4,116,1,261,0
1,3,132,1,261,0
-2,-2,169,1,261,0
-1,0,171,1,261,0
-5,-1,189,1,261,0
2,-1,189,1,261,0
-4,3,261,1,261,0
-5,4,253,1,261,0
-7,6,237,1,261,0
-6,5,245,1,261,0
0,-5,243,1,261,0
0,2,252,1,261,0
5,7,254,1,261,0
-3,2,254,1,261,0
4,6,259,1,261,0
-2,1,259,1,261,0
-3,-6,45,1,261,0
-5,-2,48,1,261,0
3,6,51,1,261,0
7,-7,55,1,261,0
2,5,78,1,261,0
3,-5,91,1,261,0
5,-1,106,1,261,0
1,4,126,1,261,0
2,-2,131,1,261,0
-2,-3,161,1,261,0
-1,1,167,1,261,0
-3,3,175,1,261,0
-4,4,257,1,261,0
0,-6,236,1,261,0
-6,6,238,1,261,0
-5,5,247,1,261,0
4,7,242,1,261,0
0,3,245,1,261,0
5,8,246,1,261,0
-2,2,247,1,261,0
7,0,251,1,261,0
-6,-6,14,1,261,0
-2,-4,48,1,261,0
0,-7,105,1,261,0
2,6,112,1,261,0
1,5,119,1,261,0
2,-3,124,1,261,0
-1,-1,162,1,261,0
-1,2,176,1,261,0
0,4,194,1,261,0
-3,-7,208,1,261,0
5,-2,212,1,261,0
-8,-2,213,1,261,0
3,7,235,1,261,0
-2,3,235,1,261,0
8,-1,239,1,261,0
-5,6,242,1,261,0
-5,-3,251,1,261,0
-4,5,253,1,261,0
6,0,257,1,261,0
-3,4,259,1,261,0
-9,-6,4,1,261,0
-6,-7,9,1,261,0
3,8,13,1,261,0
5,-3,58,1,261,0
3,-7,79,1,261,0
8,3,84,1,261,0
7,2,103,1,261,0
1,6,113,1,261,0
1,-1,139,1,261,0
-1,-2,154,1,261,0
-4,-1,182,1,261,0
-3,-8,205,1,261,0
0,5,208,1,261,0
8,-2,228,1,261,0
2,7,229,1,261,0
-2,4,229,1,261,0
-1,3,244,1,261,0
-4,6,248,1,261,0
-3,5,256,1,261,0
5,0,259,1,261,0
8,-3,39,1,261,0
-1,-3,53,1,261,0
-2,-6,59,1,261,0
6,-7,62,1,261,0
4,0,93,1,261,0
2,-5,85,1,261,0
6,2,109,1,261,0
5,1,116,1,261,0
1,-2,133,1,261,0
-8,1,189,1,261,0
-3,6,192,1,261,0
4,-1,199,1,261,0
0,6,202,1,261,0
-7,-1,208,1,261,0
1,7,222,1,261,0
-2,5,223,1,261,0
2,8,224,1,261,0
7,3,226,1,261,0
8,4,229,1,261,0
-1,4,239,1,261,0
-4,-2,259,1,261,0
2,9,5,1,261,0
-3,7,14,1,261,0
-5,-6,21,1,261,0
-1,-4,52,1,261,0
8,5,91,1,261,0
1,-3,93,1,261,0
5,-5,102,1,261,0
5,2,113,1,261,0
3,0,118,1,261,0
4,1,122,1,261,0
-7,1,203,1,261,0
-2,6,199,1,261,0
-6,0,199,1,261,0
4,-2,205,1,261,0
0,7,212,1,261,0
-2,-7,215,1,261,0
-7,-2,218,1,261,0
1,8,218,1,261,0
6,3,219,1,261,0
-1,5,233,1,261,0
7,4,236,1,261,0
7,-1,242,1,261,0
-4,-3,254,1,261,0
-5,-7,8,1,262,0
-8,-6,9,1,262,0
-3,8,9,1,262,0
4,-3,64,1,262,0
-1,-5,66,1,262,0
2,-7,87,1,262,0
1,-4,97,1,262,0
3,1,129,1,262,0
0,-1,155,1,262,0
-3,-1,175,1,262,0
-6,1,199,1,262,0
-4,-4,181,1,262,0
2,0,188,1,262,0
-7,2,209,1,262,0
-2,7,209,1,262,0
5,3,212,1,262,0
0,8,215,1,262,0
-7,-3,222,1,262,0
-1,6,226,1,262,0
7,-2,235,1,262,0
7,5,242,1,262,0
8,6,249,1,262,0
-3,9,3,1,262,0
-7,-4,28,1,262,0
7,-3,46,1,262,0
5,-7,68,1,262,0
1,-5,79,1,262,0
6,5,106,1,262,0
4,-4,112,1,262,0
5,4,115,1,262,0
0,-2,137,1,262,0
2,1,139,1,262,0
1,0,183,1,262,0
-4,-5,188,1,262,0
-4,0,192,1,262,0
3,2,195,1,262,0
-6,-1,196,1,262,0
3,-1,198,1,262,0
-5,1,201,1,262,0
4,3,206,1,262,0
-7,3,216,1,262,0
-1,7,219,1,262,0
-1,-6,235,1,262,0
7,6,244,1,262,0
8,7,254,1,262,0
-3,-2,261,1,262,0
-8,5,2,1,262,0
-7,-5,21,1,262,0
8,-7,48,1,262,0
1,-6,93,1,262,0
4,-5,108,1,262,0
6,6,111,1,262,0
5,5,119,1,262,0
4,4,129,1,262,0
1,1,157,1,262,0
-3,-3,169,1,262,0
-3,0,187,1,262,0
2,2,192,1,262,0
-4,1,194,1,262,0
-4,-6,194,1,262,0
3,3,199,1,262,0
-5,2,205,1,262,0
-1,8,213,1,262,0
-7,4,223,1,262,0
-1,-7,229,1,262,0
7,7,257,1,262,0
0,-3,259,1,262,0
0,0,261,1,262,0
-7,5,229,1,262,0
-7,-6,14,1,262,0
-3,-4,42,1,262,0
1,-7,91,1,262,0
6,7,106,1,262,0
3,-3,121,1,262,0
4,5,123,1,262,0
3,4,131,1,262,0
2,3,139,1,262,0
-3,1,162,1,262,0
-2,-1,174,1,262,0
-2,0,179,1,262,0
1,2,186,1,262,0
-4,-7,199,1,262,0
-4,2,208,1,262,0
6,-2,219,1,262,0
-1,-8,224,1,262,0
-6,-3,239,1,262,0
0,-4,255,1,262,0
5,6,255,1,262,0
0,1,258,1,262,0
7,8,261,1,262,0
1,-8,3,1,262,0
-4,-8,5,1,262,0
6,-3,52,1,262,0
3,5,58,1,262,0
2,4,73,1,262,0
4,-7,74,1,262,0
3,-4,116,1,262,0
1,3,132,1,262,0
-2,-2,169,1,262,0
-1,0,171,1,262,0
-5,-1,189,1,262,0
2,-1,189,1,262,0
-4,3,261,1,262,0
-5,4,253,1,262,0
-7,6,237,1,262,0
-6,5,245,1,262,0
0,-5,243,1,262,0
0,2,252,1,262,0
5,7,254,1,262,0
-3,2,254,1,262,0
4,6,261,1,262,0
-2,1,261,1,262,0
-3,-6,45,1,262,0
-5,-2,48,1,262,0
3,6,51,1,262,0
7,-7,55,1,262,0
2,5,78,1,262,0
3,-5,91,1,262,0
5,-1,106,1,262,0
1,4,126,1,262,0
2,-2,131,1,262,0
-2,-3,161,1,262,0
-1,1,167,1,262,0
-3,3,262,1,262,0
-4,4,257,1,262,0
0,-6,236,1,262,0
-6,6,238,1,262,0
-5,5,247,1,262,0
4,7,242,1,262,0
0,3,245,1,262,0
5,8,246,1,262,0
-2,2,247,1,262,0
7,0,251,1,262,0
-6,-6,14,1,262,0
-2,-4,48,1,262,0
0,-7,105,1,262,0
2,6,112,1,262,0
1,5,119,1,262,0
2,-3,124,1,262,0
-1,-1,162,1,262,0
-1,2,176,1,262,0
0,4,194,1,262,0
-3,-7,208,1,262,0
5,-2,212,1,262,0
-8,-2,213,1,262,0
3,7,235,1,262,0
-2,3,235,1,262,0
8,-1,239,1,262,0
-5,6,242,1,262,0
-5,-3,251,1,262,0
-4,5,253,1,262,0
6,0,257,1,262,0
-3,4,261,1,262,0
-9,-6,4,1,262,0
-6,-7,9,1,262,0
3,8,13,1,262,0
5,-3,58,1,262,0
3,-7,79,1,262,0
8,3,84,1,262,0
7,2,103,1,262,0
1,6,113,1,262,0
1,-1,139,1,262,0
-1,-2,154,1,262,0
-4,-1,182,1,262,0
-3,-8,205,1,262,0
0,5,208,1,262,0
8,-2,228,1,262,0
2,7,229,1,262,0
-2,4,229,1,262,0
-1,3,244,1,262,0
-4,6,248,1,262,0
-3,5,256,1,262,0
5,0,261,1,262,0
8,-3,39,1,262,0
-1,-3,53,1,262,0
-2,-6,59,1,262,0
6,-7,62,1,262,0
4,0,93,1,262,0
2,-5,85,1,262,0
6,2,109,1,262,0
5,1,116,1,262,0
1,-2,133,1,262,0
-8,1,189,1,262,0
-3,6,192,1,262,0
4,-1,199,1,262,0
0,6,202,1,262,0
-7,-1,208,1,262,0
1,7,222,1,262,0
-2,5,223,1,262,0
2,8,224,1,262,0
7,3,226,1,262,0
8,4,229,1,262,0
-1,4,239,1,262,0
-4,-2,259,1,262,0
2,9,5,1,262,0
-3,7,14,1,262,0
-5,-6,21,1,262,0
-1,-4,52,1,262,0
8,5,91,1,262,0
1,-3,93,1,262,0
5,-5,102,1,262,0
5,2,113,1,262,0
3,0,118,1,262,0
4,1,122,1,262,0
-7,1,203,1,262,0
-2,6,199,1,262,0
-6,0,199,1,262,0
4,-2,205,1,262,0
0,7,212,1,262,0
-2,-7,215,1,262,0
-7,-2,218,1,262,0
1,8,218,1,262,0
6,3,219,1,262,0
-1,5,233,1,262,0
7,4,236,1,262,0
7,-1,242,1,262,0
-4,-3,254,1,262,0
-5,-7,8,1,263,0
-8,-6,9,1,263,0
-3,8,9,1,263,0
4,-3,64,1,263,0
-1,-5,66,1,263,0
2,-7,87,1,263,0
1,-4,97,1,263,0
3,1,129,1,263,0
0,-1,155,1,263,0
-3,-1,175,1,263,0
-6,1,199,1,263,0
-4,-4,181,1,263,0
2,0,188,1,263,0
-7,2,209,1,263,0
-2,7,209,1,263,0
5,3,212,1,263,0
0,8,215,1,263,0
-7,-3,222,1,263,0
-1,6,226,1,263,0
7,-2,235,1,263,0
7,5,242,1,263,0
8,6,249,1,263,0
-3,9,3,1,263,0
-7,-4,28,1,263,0
7,-3,46,1,263,0
5,-7,68,1,263,0
1,-5,79,1,263,0
6,5,106,1,263,0
4,-4,112,1,263,0
5,4,115,1,263,0
0,-2,137,1,263,0
2,1,139,1,263,0
1,0,183,1,263,0
-4,-5,188,1,263,0
-4,0,192,1,263,0
3,2,195,1,263,0
-6,-1,196,1,263,0
3,-1,198,1,263,0
-5,1,201,1,263,0
4,3,206,1,263,0
-7,3,216,1,263,0
-1,7,219,1,263,0
-1,-6,235,1,263,0
7,6,244,1,263,0
8,7,254,1,263,0
-3,-2,262,1,263,0
-8,5,2,1,263,0
-7,-5,21,1,263,0
8,-7,48,1,263,0
1,-6,93,1,263,0
4,-5,108,1,263,0
6,6,111,1,263,0
5,5,119,1,263,0
4,4,129,1,263,0
1,1,157,1,263,0
-3,-3,169,1,263,0
-3,0,187,1,263,0
2,2,192,1,263,0
-4,1,194,1,263,0
-4,-6,194,1,263,0
3,3,199,1,263,0
-5,2,205,1,263,0
-1,8,213,1,263,0
-7,4,223,1,263,0
-1,-7,229,1,263,0
0,0,262,1,263,0
0,-3,261,1,263,0
7,7,262,1,263,0
-7,5,229,1,263,0
-7,-6,14,1,263,0
-3,-4,42,1,263,0
1,-7,91,1,263,0
6,7,106,1,263,0
3,-3,121,1,263,0
4,5,123,1,263,0
3,4,131,1,263,0
2,3,139,1,263,0
-3,1,162,1,263,0
-2,-1,174,1,263,0
-2,0,179,1,263,0
1,2,186,1,263,0
-4,-7,199,1,263,0
-4,2,208,1,263,0
6,-2,219,1,263,0
-1,-8,224,1,263,0
-6,-3,239,1,263,0
0,-4,255,1,263,0
5,6,255,1,263,0
0,1,258,1,263,0
7,8,261,1,263,0
1,-8,3,1,263,0
-4,-8,5,1,263,0
6,-3,52,1,263,0
3,5,58,1,263,0
2,4,73,1,263,0
4,-7,74,1,263,0
3,-4,116,1,263,0
1,3,132,1,263,0
-2,-2,169,1,263,0
-1,0,171,1,263,0
-5,-1,189,1,263,0
2,-1,189,1,263,0
-4,3,261,1,263,0
-5,4,253,1,263,0
-7,6,237,1,263,0
-6,5,245,1,263,0
0,-5,243,1,263,0
0,2,252,1,263,0
5,7,254,1,263,0
-3,2,254,1,263,0
-2,1,261,1,263,0
4,6,262,1,263,0
-3,-6,45,1,263,0
-5,-2,48,1,263,0
3,6,51,1,263,0
7,-7,55,1,263,0
2,5,78,1,263,0
3,-5,91,1,263,0
5,-1,106,1,263,0
1,4,126,1,263,0
2,-2,131,1,263,0
-2,-3,161,1,263,0
-3,3,263,1,263,0
-4,4,257,1,263,0
0,-6,236,1,263,0
-6,6,238,1,263,0
-5,5,247,1,263,0
4,7,242,1,263,0
0,3,245,1,263,0
5,8,246,1,263,0
-2,2,247,1,263,0
7,0,251,1,263,0
-1,1,262,1,263,0
-6,-6,14,1,263,0
-2,-4,48,1,263,0
0,-7,105,1,263,0
2,6,112,1,263,0
1,5,119,1,263,0
2,-3,124,1,263,0
-1,-1,162,1,263,0
-1,2,176,1,263,0
0,4,194,1,263,0
-3,-7,208,1,263,0
5,-2,212,1,263,0
-8,-2,213,1,263,0
3,7,235,1,263,0
-2,3,235,1,263,0
8,-1,239,1,263,0
-5,6,242,1,263,0
-5,-3,251,1,263,0
-4,5,253,1,263,0
6,0,257,1,263,0
-3,4,262,1,263,0
-9,-6,4,1,263,0
-6,-7,9,1,263,0
3,8,13,1,263,0
5,-3,58,1,263,0
3,-7,79,1,263,0
8,3,84,1,263,0
7,2,103,1,263,0
1,6,113,1,263,0
1,-1,139,1,263,0
-1,-2,154,1,263,0
-4,-1,182,1,263,0
-3,-8,205,1,263,0
0,5,208,1,263,0
8,-2,228,1,263,0
2,7,229,1,263,0
-2,4,229,1,263,0
-1,3,244,1,263,0
-4,6,248,1,263,0
-3,5,256,1,263,0
5,0,262,1,263,0
8,-3,39,1,263,0
-1,-3,53,1,263,0
-2,-6,59,1,263,0
6,-7,62,1,263,0
4,0,93,1,263,0
2,-5,85,1,263,0
6,2,109,1,263,0
5,1,116,1,263,0
1,-2,133,1,263,0
-8,1,189,1,263,0
-3,6,192,1,263,0
4,-1,199,1,263,0
0,6,202,1,263,0
-7,-1,208,1,263,0
1,7,222,1,263,0
-2,5,223,1,263,0
2,8,224,1,263,0
7,3,226,1,263,0
8,4,229,1,263,0
-1,4,239,1,263,0
-4,-2,259,1,263,0
2,9,5,1,263,0
-3,7,14,1,263,0
-5,-6,21,1,263,0
-1,-4,52,1,263,0
8,5,91,1,263,0
1,-3,93,1,263,0
5,-5,102,1,263,0
5,2,113,1,263,0
3,0,118,1,263,0
4,1,122,1,263,0
-7,1,203,1,263,0
-2,6,199,1,263,0
-6,0,199,1,263,0
4,-2,205,1,263,0
0,7,212,1,263,0
-2,-7,215,1,263,0
-7,-2,218,1,263,0
1,8,218,1,263,0
6,3,219,1,263,0
-1,5,233,1,263,0
7,4,236,1,263,0
7,-1,242,1,263,0
-4,-3,254,1,263,0
-5,-7,8,1,264,0
-8,-6,9,1,264,0
-3,8,9,1,264,0
4,-3,64,1,264,0
-1,-5,66,1,264,0
2,-7,87,1,264,0
1,-4,97,1,264,0
3,1,129,1,264,0
0,-1,155,1,264,0
-3,-1,175,1,264,0
-6,1,199,1,264,0
-4,-4,181,1,264,0
2,0,188,1,264,0
-7,2,209,1,264,0
-2,7,209,1,264,0
5,3,212,1,264,0
0,8,215,1,264,0
-7,-3,222,1,264,0
-1,6,226,1,264,0
7,-2,235,1,264,0
7,5,242,1,264,0
8,6,249,1,264,0
-3,9,3,1,264,0
-7,-4,28,1,264,0
7,-3,46,1,264,0
5,-7,68,1,264,0
1,-5,79,1,264,0
6,5,106,1,264,0
4,-4,112,1,264,0
5,4,115,1,264,0
2,1,139,1,264,0
1,0,183,1,264,0
-4,-5,188,1,264,0
-4,0,192,1,264,0
3,2,195,1,264,0
-6,-1,196,1,264,0
3,-1,198,1,264,0
-5,1,201,1,264,0
4,3,206,1,264,0
-7,3,216,1,264,0
-1,7,219,1,264,0
-1,-6,235,1,264,0
7,6,244,1,264,0
8,7,254,1,264,0
0,-2,262,1,264,0
-3,-2,263,1,264,0
-8,5,2,1,264,0
-7,-5,21,1,264,0
8,-7,48,1,264,0
1,-6,93,1,264,0
4,-5,108,1,264,0
6,6,111,1,264,0
5,5,119,1,264,0
4,4,129,1,264,0
1,1,157,1,264,0
-3,-3,169,1,264,0
-3,0,187,1,264,0
2,2,192,1,264,0
-4,1,194,1,264,0
-4,-6,194,1,264,0
3,3,199,1,264,0
-5,2,205,1,264,0
-1,8,213,1,264,0
-7,4,223,1,264,0
-1,-7,229,1,264,0
0,-3,261,1,264,0
0,0,263,1,264,0
7,7,263,1,264,0
-7,5,229,1,264,0
-7,-6,14,1,264,0
-3,-4,42,1,264,0
1,-7,91,1,264,0
6,7,106,1,264,0
3,-3,121,1,264,0
3,4,131,1,264,0
2,3,139,1,264,0
-3,1,162,1,264,0
-2,-1,174,1,264,0
-2,0,179,1,264,0
1,2,186,1,264,0
-4,-7,199,1,264,0
-4,2,208,1,264,0
6,-2,219,1,264,0
-1,-8,224,1,264,0
-6,-3,239,1,264,0
0,-4,255,1,264,0
5,6,255,1,264,0
0,1,258,1,264,0
7,8,261,1,264,0
4,5,263,1,264,0
1,-8,3,1,264,0
-4,-8,5,1,264,0
6,-3,52,1,264,0
3,5,58,1,264,0
2,4,73,1,264,0
4,-7,74,1,264,0
3,-4,116,1,264,0
1,3,132,1,264,0
-2,-2,169,1,264,0
-1,0,171,1,264,0
-5,-1,189,1,264,0
2,-1,189,1,264,0
-4,3,261,1,264,0
-5,4,253,1,264,0
-7,6,237,1,264,0
-6,5,245,1,264,0
0,-5,243,1,264,0
0,2,252,1,264,0
5,7,254,1,264,0
-3,2,254,1,264,0
-2,1,261,1,264,0
4,6,262,1,264,0
-3,-6,45,1,264,0
-5,-2,48,1,264,0
3,6,51,1,264,0
7,-7,55,1,264,0
2,5,78,1,264,0
3,-5,91,1,264,0
5,-1,106,1,264,0
1,4,126,1,264,0
2,-2,131,1,264,0
-2,-3,161,1,264,0
-3,3,264,1,264,0
-4,4,257,1,264,0
0,-6,236,1,264,0
-6,6,238,1,264,0
-5,5,247,1,264,0
4,7,242,1,264,0
0,3,245,1,264,0
5,8,246,1,264,0
-2,2,247,1,264,0
7,0,251,1,264,0
-1,1,263,1,264,0
-6,-6,14,1,264,0
-2,-4,48,1,264,0
0,-7,105,1,264,0
2,6,112,1,264,0
1,5,119,1,264,0
2,-3,124,1,264,0
-1,-1,162,1,264,0
-1,2,176,1,264,0
0,4,194,1,264,0
-3,-7,208,1,264,0
5,-2,212,1,264,0
-8,-2,213,1,264,0
3,7,235,1,264,0
-2,3,235,1,264,0
8,-1,239,1,264,0
-5,6,242,1,264,0
-5,-3,251,1,264,0
-4,5,253,1,264,0
6,0,257,1,264,0
-3,4,263,1,264,0
-9,-6,4,1,264,0
-6,-7,9,1,264,0
3,8,13,1,264,0
5,-3,58,1,264,0
3,-7,79,1,264,0
8,3,84,1,264,0
7,2,103,1,264,0
1,6,113,1,264,0
1,-1,139,1,264,0
-1,-2,154,1,264,0
-4,-1,182,1,264,0
-3,-8,205,1,264,0
0,5,208,1,264,0
8,-2,228,1,264,0
2,7,229,1,264,0
-2,4,229,1,264,0
-1,3,244,1,264,0
-4,6,248,1,264,0
-3,5,256,1,264,0
5,0,263,1,264,0
8,-3,39,1,264,0
-1,-3,53,1,264,0
-2,-6,59,1,264,0
6,-7,62,1,264,0
4,0,93,1,264,0
2,-5,85,1,264,0
6,2,109,1,264,0
5,1,116,1,264,0
1,-2,133,1,264,0
-8,1,189,1,264,0
-3,6,192,1,264,0
4,-1,199,1,264,0
0,6,202,1,264,0
-7,-1,208,1,264,0
1,7,222,1,264,0
-2,5,223,1,264,0
2,8,224,1,264,0
7,3,226,1,264,0
8,4,229,1,264,0
-1,4,239,1,264,0
-4,-2,259,1,264,0
2,9,5,1,264,0
-3,7,14,1,264,0
-5,-6,21,1,264,0
-1,-4,52,1,264,0
8,5,91,1,264,0
1,-3,93,1,264,0
5,-5,102,1,264,0
5,2,113,1,264,0
3,0,118,1,264,0
4,1,122,1,264,0
-7,1,203,1,264,0
-2,6,199,1,264,0
-6,0,199,1,264,0
4,-2,205,1,264,0
0,7,212,1,264,0
-2,-7,215,1,264,0
-7,-2,218,1,264,0
1,8,218,1,264,0
6,3,219,1,264,0
-1,5,233,1,264,0
7,4,236,1,264,0
7,-1,242,1,264,0
-4,-3,254,1,264,0
-5,-7,8,1,265,0
-8,-6,9,1,265,0
-3,8,9,1,265,0
4,-3,64,1,265,0
-1,-5,66,1,265,0
2,-7,87,1,265,0
1,-4,97,1,265,0
3,1,129,1,265,0
0,-1,155,1,265,0
-3,-1,175,1,265,0
-6,1,199,1,265,0
-4,-4,181,1,265,0
2,0,188,1,265,0
-7,2,209,1,265,0
-2,7,209,1,265,0
5,3,212,1,265,0
0,8,215,1,265,0
-7,-3,222,1,265,0
-1,6,226,1,265,0
7,-2,235,1,265,0
7,5,242,1,265,0
8,6,249,1,265,0
-3,9,3,1,265,0
-7,-4,28,1,265,0
7,-3,46,1,265,0
5,-7,68,1,265,0
1,-5,79,1,265,0
6,5,106,1,265,0
4,-4,112,1,265,0
5,4,115,1,265,0
2,1,139,1,265,0
1,0,183,1,265,0
-4,-5,188,1,265,0
-4,0,192,1,265,0
3,2,195,1,265,0
-6,-1,196,1,265,0
3,-1,198,1,265,0
-5,1,201,1,265,0
4,3,206,1,265,0
-7,3,216,1,265,0
-1,7,219,1,265,0
-1,-6,235,1,265,0
7,6,244,1,265,0
8,7,254,1,265,0
0,-2,263,1,265,0
-3,-2,264,1,265,0
-8,5,2,1,265,0
-7,-5,21,1,265,0
8,-7,48,1,265,0
1,-6,93,1,265,0
4,-5,108,1,265,0
6,6,111,1,265,0
5,5,119,1,265,0
4,4,129,1,265,0
1,1,157,1,265,0
-3,-3,169,1,265,0
-3,0,187,1,265,0
2,2,192,1,265,0
-4,1,194,1,265,0
-4,-6,194,1,265,0
3,3,199,1,265,0
-5,2,205,1,265,0
-1,8,213,1,265,0
-7,4,223,1,265,0
-1,-7,229,1,265,0
0,-3,261,1,265,0
0,0,264,1,265,0
7,7,264,1,265,0
-7,5,229,1,265,0
-7,-6,14,1,265,0
-3,-4,42,1,265,0
1,-7,91,1,265,0
6,7,106,1,265,0
3,-3,121,1,265,0
3,4,131,1,265,0
2,3,139,1,265,0
-3,1,162,1,265,0
-2,-1,174,1,265,0
-2,0,179,1,265,0
1,2,186,1,265,0
-4,-7,199,1,265,0
-4,2,208,1,265,0
6,-2,219,1,265,0
-1,-8,224,1,265,0
-6,-3,239,1,265,0
0,-4,255,1,265,0
5,6,255,1,265,0
0,1,258,1,265,0
7,8,261,1,265,0
4,5,264,1,265,0
1,-8,3,1,265,0
-4,-8,5,1,265,0
6,-3,52,1,265,0
3,5,58,1,265,0
2,4,73,1,265,0
4,-7,74,1,265,0
3,-4,116,1,265,0
1,3,132,1,265,0
-2,-2,169,1,265,0
-1,0,171,1,265,0
-5,-1,189,1,265,0
2,-1,189,1,265,0
-4,3,261,1,265,0
-5,4,253,1,265,0
-7,6,237,1,265,0
-6,5,245,1,265,0
0,-5,243,1,265,0
0,2,252,1,265,0
5,7,254,1,265,0
-3,2,254,1,265,0
-2,1,261,1,265,0
4,6,262,1,265,0
-3,-6,45,1,265,0
-5,-2,48,1,265,0
3,6,51,1,265,0
7,-7,55,1,265,0
2,5,78,1,265,0
3,-5,91,1,265,0
5,-1,106,1,265,0
1,4,126,1,265,0
2,-2,131,1,265,0
-2,-3,161,1,265,0
-3,3,265,1,265,0
-4,4,257,1,265,0
0,-6,236,1,265,0
-6,6,238,1,265,0
-5,5,247,1,265,0
4,7,242,1,265,0
0,3,245,1,265,0
5,8,246,1,265,0
-2,2,247,1,265,0
7,0,251,1,265,0
-1,1,264,1,265,0
-6,-6,14,1,265,0
-2,-4,48,1,265,0
0,-7,105,1,265,0
2,6,112,1,265,0
1,5,119,1,265,0
2,-3,124,1,265,0
-1,-1,162,1,265,0
-1,2,176,1,265,0
0,4,194,1,265,0
-3,-7,208,1,265,0
5,-2,212,1,265,0
-8,-2,213,1,265,0
3,7,235,1,265,0
-2,3,235,1,265,0
8,-1,239,1,265,0
-5,6,242,1,265,0
-5,-3,251,1,265,0
-4,5,253,1,265,0
6,0,257,1,265,0
-3,4,264,1,265,0
-9,-6,4,1,265,0
-6,-7,9,1,265,0
3,8,13,1,265,0
5,-3,58,1,265,0
3,-7,79,1,265,0
8,3,84,1,265,0
7,2,103,1,265,0
1,6,113,1,265,0
1,-1,139,1,265,0
-1,-2,154,1,265,0
-4,-1,182,1,265,0
-3,-8,205,1,265,0
0,5,208,1,265,0
8,-2,228,1,265,0
2,7,229,1,265,0
-2,4,229,1,265,0
-1,3,244,1,265,0
-4,6,248,1,265,0
-3,5,256,1,265,0
5,0,263,1,265,0
8,-3,39,1,265,0
-1,-3,53,1,265,0
-2,-6,59,1,265,0
6,-7,62,1,265,0
2,-5,85,1,265,0
6,2,109,1,265,0
5,1,116,1,265,0
1,-2,133,1,265,0
-8,1,189,1,265,0
-3,6,192,1,265,0
4,-1,199,1,265,0
0,6,202,1,265,0
-7,-1,208,1,265,0
1,7,222,1,265,0
-2,5,223,1,265,0
2,8,224,1,265,0
7,3,226,1,265,0
8,4,229,1,265,0
-1,4,239,1,265,0
-4,-2,259,1,265,0
4,0,264,1,265,0
2,9,5,1,265,0
-3,7,14,1,265,0
-5,-6,21,1,265,0
-1,-4,52,1,265,0
8,5,91,1,265,0
1,-3,93,1,265,0
5,-5,102,1,265,0
5,2,113,1,265,0
3,0,118,1,265,0
4,1,122,1,265,0
-7,1,203,1,265,0
-2,6,199,1,265,0
-6,0,199,1,265,0
4,-2,205,1,265,0
0,7,212,1,265,0
-2,-7,215,1,265,0
-7,-2,218,1,265,0
1,8,218,1,265,0
6,3,219,1,265,0
-1,5,233,1,265,0
7,4,236,1,265,0
7,-1,242,1,265,0
-4,-3,254,1,265,0
-5,-7,8,1,266,0
-8,-6,9,1,266,0
-3,8,9,1,266,0
4,-3,64,1,266,0
-1,-5,66,1,266,0
2,-7,87,1,266,0
1,-4,97,1,266,0
3,1,129,1,266,0
0,-1,155,1,266,0
-3,-1,175,1,266,0
-6,1,199,1,266,0
-4,-4,181,1,266,0
2,0,188,1,266,0
-7,2,209,1,266,0
-2,7,209,1,266,0
5,3,212,1,266,0
0,8,215,1,266,0
-7,-3,222,1,266,0
-1,6,226,1,266,0
7,-2,235,1,266,0
7,5,242,1,266,0
8,6,249,1,266,0
-3,9,3,1,266,0
-7,-4,28,1,266,0
7,-3,46,1,266,0
5,-7,68,1,266,0
1,-5,79,1,266,0
6,5,106,1,266,0
4,-4,112,1,266,0
5,4,115,1,266,0
2,1,139,1,266,0
1,0,183,1,266,0
-4,-5,188,1,266,0
-4,0,192,1,266,0
3,2,195,1,266,0
-6,-1,196,1,266,0
3,-1,198,1,266,0
-5,1,201,1,266,0
4,3,206,1,266,0
-7,3,216,1,266,0
-1,7,219,1,266,0
-1,-6,235,1,266,0
7,6,244,1,266,0
8,7,254,1,266,0
-3,-2,265,1,266,0
0,-2,264,1,266,0
-8,5,2,1,266,0
-7,-5,21,1,266,0
8,-7,48,1,266,0
1,-6,93,1,266,0
4,-5,108,1,266,0
6,6,111,1,266,0
5,5,119,1,266,0
4,4,129,1,266,0
1,1,157,1,266,0
-3,-3,169,1,266,0
-3,0,187,1,266,0
2,2,192,1,266,0
-4,1,194,1,266,0
-4,-6,194,1,266,0
3,3,199,1,266,0
-5,2,205,1,266,0
-1,8,213,1,266,0
-7,4,223,1,266,0
-1,-7,229,1,266,0
0,-3,261,1,266,0
0,0,265,1,266,0
7,7,265,1,266,0
-7,5,229,1,266,0
-7,-6,14,1,266,0
-3,-4,42,1,266,0
1,-7,91,1,266,0
6,7,106,1,266,0
3,-3,121,1,266,0
3,4,131,1,266,0
2,3,139,1,266,0
-3,1,162,1,266,0
-2,-1,174,1,266,0
-2,0,179,1,266,0
1,2,186,1,266,0
-4,-7,199,1,266,0
-4,2,208,1,266,0
6,-2,219,1,266,0
-1,-8,224,1,266,0
-6,-3,239,1,266,0
0,-4,255,1,266,0
5,6,255,1,266,0
0,1,258,1,266,0
7,8,261,1,266,0
4,5,265,1,266,0
1,-8,3,1,266,0
-4,-8,5,1,266,0
6,-3,52,1,266,0
3,5,58,1,266,0
2,4,73,1,266,0
4,-7,74,1,266,0
3,-4,116,1,266,0
1,3,132,1,266,0
-2,-2,169,1,266,0
-1,0,171,1,266,0
-5,-1,189,1,266,0
2,-1,189,1,266,0
-4,3,261,1,266,0
-5,4,253,1,266,0
-7,6,237,1,266,0
-6,5,245,1,266,0
0,-5,243,1,266,0
0,2,252,1,266,0
5,7,254,1,266,0
-3,2,254,1,266,0
-2,1,261,1,266,0
4,6,262,1,266,0
-3,-6,45,1,266,0
-5,-2,48,1,266,0
3,6,51,1,266,0
7,-7,55,1,266,0
2,5,78,1,266,0
3,-5,91,1,266,0
5,-1,106,1,266,0
1,4,126,1,266,0
2,-2,131,1,266,0
-2,-3,161,1,266,0
-3,3,266,1,266,0
-4,4,257,1,266,0
0,-6,236,1,266,0
-6,6,238,1,266,0
-5,5,247,1,266,0
4,7,242,1,266,0
0,3,245,1,266,0
5,8,246,1,266,0
-2,2,247,1,266,0
7,0,251,1,266,0
-1,1,265,1,266,0
-6,-6,14,1,266,0
-2,-4,48,1,266,0
0,-7,105,1,266,0
2,6,112,1,266,0
1,5,119,1,266,0
2,-3,124,1,266,0
-1,-1,162,1,266,0
-1,2,176,1,266,0
0,4,194,1,266,0
-3,-7,208,1,266,0
5,-2,212,1,266,0
-8,-2,213,1,266,0
3,7,235,1,266,0
8,-1,239,1,266,0
-5,6,242,1,266,0
-5,-3,251,1,266,0
-4,5,253,1,266,0
6,0,257,1,266,0
-3,4,264,1,266,0
-2,3,265,1,266,0
-9,-6,4,1,266,0
-6,-7,9,1,266,0
3,8,13,1,266,0
5,-3,58,1,266,0
3,-7,79,1,266,0
8,3,84,1,266,0
7,2,103,1,266,0
1,6,113,1,266,0
1,-1,139,1,266,0
-1,-2,154,1,266,0
-4,-1,182,1,266,0
-3,-8,205,1,266,0
0,5,208,1,266,0
8,-2,228,1,266,0
2,7,229,1,266,0
-2,4,229,1,266,0
-1,3,244,1,266,0
-4,6,248,1,266,0
-3,5,256,1,266,0
5,0,263,1,266,0
8,-3,39,1,266,0
-1,-3,53,1,266,0
-2,-6,59,1,266,0
6,-7,62,1,266,0
2,-5,85,1,266,0
6,2,109,1,266,0
5,1,116,1,266,0
1,-2,133,1,266,0
-8,1,189,1,266,0
-3,6,192,1,266,0
4,-1,199,1,266,0
0,6,202,1,266,0
-7,-1,208,1,266,0
1,7,222,1,266,0
-2,5,223,1,266,0
2,8,224,1,266,0
7,3,226,1,266,0
8,4,229,1,266,0
-1,4,239,1,266,0
-4,-2,259,1,266,0
4,0,265,1,266,0
2,9,5,1,266,0
-3,7,14,1,266,0
-5,-6,21,1,266,0
-1,-4,52,1,266,0
8,5,91,1,266,0
1,-3,93,1,266,0
5,-5,102,1,266,0
5,2,113,1,266,0
3,0,118,1,266,0
4,1,122,1,266,0
-7,1,203,1,266,0
-2,6,199,1,266,0
-6,0,199,1,266,0
4,-2,205,1,266,0
0,7,212,1,266,0
-2,-7,215,1,266,0
-7,-2,218,1,266,0
1,8,218,1,266,0
6,3,219,1,266,0
-1,5,233,1,266,0
7,4,236,1,266,0
7,-1,242,1,266,0
-4,-3,254,1,266,0
-5,-7,8,1,267,0
-8,-6,9,1,267,0
-3,8,9,1,267,0
4,-3,64,1,267,0
-1,-5,66,1,267,0
2,-7,87,1,267,0
1,-4,97,1,267,0
3,1,129,1,267,0
0,-1,155,1,267,0
-3,-1,175,1,267,0
-6,1,199,1,267,0
-4,-4,181,1,267,0
2,0,188,1,267,0
-7,2,209,1,267,0
-2,7,209,1,267,0
5,3,212,1,267,0
0,8,215,1,267,0
-7,-3,222,1,267,0
-1,6,226,1,267,0
7,-2,235,1,267,0
7,5,242,1,267,0
8,6,249,1,267,0
-3,9,3,1,267,0
-7,-4,28,1,267,0
7,-3,46,1,267,0
5,-7,68,1,267,0
1,-5,79,1,267,0
6,5,106,1,267,0
4,-4,112,1,267,0
5,4,115,1,267,0
2,1,139,1,267,0
1,0,183,1,267,0
-4,-5,188,1,267,0
-4,0,192,1,267,0
3,2,195,1,267,0
-6,-1,196,1,267,0
3,-1,198,1,267,0
-5,1,201,1,267,0
4,3,206,1,267,0
-7,3,216,1,267,0
-1,7,219,1,267,0
-1,-6,235,1,267,0
7,6,244,1,267,0
8,7,254,1,267,0
-3,-2,266,1,267,0
0,-2,265,1,267,0
-8,5,2,1,267,0
-7,-5,21,1,267,0
8,-7,48,1,267,0
1,-6,93,1,267,0
4,-5,108,1,267,0
6,6,111,1,267,0
5,5,119,1,267,0
4,4,129,1,267,0
1,1,157,1,267,0
-3,-3,169,1,267,0
-3,0,187,1,267,0
2,2,192,1,267,0
-4,1,194,1,267,0
-4,-6,194,1,267,0
3,3,199,1,267,0
-5,2,205,1,267,0
-1,8,213,1,267,0
-7,4,223,1,267,0
-1,-7,229,1,267,0
0,-3,261,1,267,0
0,0,266,1,267,0
7,7,266,1,267,0
-7,5,229,1,267,0
-7,-6,14,1,267,0
-3,-4,42,1,267,0
1,-7,91,1,267,0
6,7,106,1,267,0
3,-3,121,1,267,0
3,4,131,1,267,0
2,3,139,1,267,0
-3,1,162,1,267,0
-2,-1,174,1,267,0
-2,0,179,1,267,0
1,2,186,1,267,0
-4,-7,199,1,267,0
-4,2,208,1,267,0
6,-2,219,1,267,0
-1,-8,224,1,267,0
-6,-3,239,1,267,0
0,-4,255,1,267,0
5,6,255,1,267,0
0,1,258,1,267,0
7,8,261,1,267,0
4,5,266,1,267,0
1,-8,3,1,267,0
-4,-8,5,1,267,0
6,-3,52,1,267,0
3,5,58,1,267,0
2,4,73,1,267,0
4,-7,74,1,267,0
3,-4,116,1,267,0
1,3,132,1,267,0
-2,-2,169,1,267,0
-1,0,171,1,267,0
-5,-1,189,1,267,0
2,-1,189,1,267,0
-4,3,261,1,267,0
-5,4,253,1,267,0
-7,6,237,1,267,0
-6,5,245,1,267,0
0,-5,243,1,267,0
0,2,252,1,267,0
5,7,254,1,267,0
-3,2,267,1,267,0
-2,1,261,1,267,0
4,6,262,1,267,0
-3,-6,45,1,267,0
-5,-2,48,1,267,0
3,6,51,1,267,0
7,-7,55,1,267,0
2,5,78,1,267,0
3,-5,91,1,267,0
5,-1,106,1,267,0
1,4,126,1,267,0
2,-2,131,1,267,0
-2,-3,161,1,267,0
-3,3,266,1,267,0
-4,4,257,1,267,0
0,-6,236,1,267,0
-6,6,238,1,267,0
-5,5,247,1,267,0
4,7,242,1,267,0
0,3,245,1,267,0
5,8,246,1,267,0
-2,2,247,1,267,0
7,0,251,1,267,0
-1,1,266,1,267,0
-6,-6,14,1,267,0
-2,-4,48,1,267,0
0,-7,105,1,267,0
2,6,112,1,267,0
1,5,119,1,267,0
2,-3,124,1,267,0
-1,-1,162,1,267,0
-1,2,176,1,267,0
0,4,194,1,267,0
-3,-7,208,1,267,0
5,-2,212,1,267,0
-8,-2,213,1,267,0
3,7,235,1,267,0
8,-1,239,1,267,0
-5,6,242,1,267,0
-5,-3,251,1,267,0
-4,5,253,1,267,0
6,0,257,1,267,0
-3,4,264,1,267,0
-2,3,266,1,267,0
-9,-6,4,1,267,0
-6,-7,9,1,267,0
3,8,13,1,267,0
5,-3,58,1,267,0
3,-7,79,1,267,0
8,3,84,1,267,0
7,2,103,1,267,0
1,6,113,1,267,0
1,-1,139,1,267,0
-1,-2,154,1,267,0
-4,-1,182,1,267,0
-3,-8,205,1,267,0
0,5,208,1,267,0
8,-2,228,1,267,0
2,7,229,1,267,0
-2,4,229,1,267,0
-1,3,244,1,267,0
-4,6,248,1,267,0
-3,5,256,1,267,0
5,0,263,1,267,0
8,-3,39,1,267,0
-1,-3,53,1,267,0
-2,-6,59,1,267,0
6,-7,62,1,267,0
2,-5,85,1,267,0
6,2,109,1,267,0
5,1,116,1,267,0
1,-2,133,1,267,0
-8,1,189,1,267,0
-3,6,192,1,267,0
4,-1,199,1,267,0
0,6,202,1,267,0
-7,-1,208,1,267,0
1,7,222,1,267,0
-2,5,223,1,267,0
2,8,224,1,267,0
7,3,226,1,267,0
8,4,229,1,267,0
-1,4,239,1,267,0
-4,-2,259,1,267,0
4,0,266,1,267,0
2,9,5,1,267,0
-3,7,14,1,267,0
-5,-6,21,1,267,0
-1,-4,52,1,267,0
8,5,91,1,267,0
1,-3,93,1,267,0
5,-5,102,1,267,0
5,2,113,1,267,0
3,0,118,1,267,0
4,1,122,1,267,0
-7,1,203,1,267,0
-2,6,199,1,267,0
-6,0,199,1,267,0
4,-2,205,1,267,0
0,7,212,1,267,0
-2,-7,215,1,267,0
-7,-2,218,1,267,0
1,8,218,1,267,0
6,3,219,1,267,0
-1,5,233,1,267,0
7,4,236,1,267,0
7,-1,242,1,267,0
-4,-3,254,1,267,0
-5,-7,8,1,268,0
-8,-6,9,1,268,0
-3,8,9,1,268,0
4,-3,64,1,268,0
-1,-5,66,1,268,0
2,-7,87,1,268,0
1,-4,97,1,268,0
3,1,129,1,268,0
0,-1,155,1,268,0
-3,-1,175,1,268,0
-6,1,199,1,268,0
-4,-4,181,1,268,0
2,0,188,1,268,0
-7,2,209,1,268,0
-2,7,209,1,268,0
5,3,212,1,268,0
0,8,215,1,268,0
-7,-3,222,1,268,0
-1,6,226,1,268,0
7,-2,235,1,268,0
7,5,242,1,268,0
8,6,249,1,268,0
-3,9,3,1,268,0
-7,-4,28,1,268,0
7,-3,46,1,268,0
5,-7,68,1,268,0
1,-5,79,1,268,0
6,5,106,1,268,0
4,-4,112,1,268,0
5,4,115,1,268,0
2,1,139,1,268,0
1,0,183,1,268,0
-4,-5,188,1,268,0
-4,0,192,1,268,0
3,2,195,1,268,0
-6,-1,196,1,268,0
3,-1,198,1,268,0
-5,1,201,1,268,0
4,3,206,1,268,0
-7,3,216,1,268,0
-1,7,219,1,268,0
-1,-6,235,1,268,0
7,6,244,1,268,0
8,7,254,1,268,0
-3,-2,266,1,268,0
0,-2,266,1,268,0
-8,5,2,1,268,0
-7,-5,21,1,268,0
8,-7,48,1,268,0
1,-6,93,1,268,0
4,-5,108,1,268,0
6,6,111,1,268,0
5,5,119,1,268,0
4,4,129,1,268,0
1,1,157,1,268,0
-3,-3,169,1,268,0
-3,0,187,1,268,0
2,2,192,1,268,0
-4,1,194,1,268,0
-4,-6,194,1,268,0
3,3,199,1,268,0
-5,2,205,1,268,0
-1,8,213,1,268,0
-7,4,223,1,268,0
-1,-7,229,1,268,0
0,-3,261,1,268,0
0,0,266,1,268,0
7,7,267,1,268,0
-7,5,229,1,268,0
-7,-6,14,1,268,0
-3,-4,42,1,268,0
1,-7,91,1,268,0
6,7,106,1,268,0
3,-3,121,1,268,0
3,4,131,1,268,0
2,3,139,1,268,0
-3,1,162,1,268,0
-2,0,179,1,268,0
1,2,186,1,268,0
-4,-7,199,1,268,0
-4,2,208,1,268,0
6,-2,219,1,268,0
-1,-8,224,1,268,0
-6,-3,239,1,268,0
0,-4,255,1,268,0
5,6,255,1,268,0
0,1,258,1,268,0
7,8,261,1,268,0
4,5,266,1,268,0
-2,-1,267,1,268,0
1,-8,3,1,268,0
-4,-8,5,1,268,0
6,-3,52,1,268,0
2,4,73,1,268,0
4,-7,74,1,268,0
3,-4,116,1,268,0
1,3,132,1,268,0
-2,-2,169,1,268,0
-5,-1,189,1,268,0
2,-1,189,1,268,0
-4,3,261,1,268,0
-5,4,253,1,268,0
-7,6,237,1,268,0
-6,5,245,1,268,0
0,-5,243,1,268,0
0,2,252,1,268,0
5,7,254,1,268,0
-3,2,268,1,268,0
-2,1,261,1,268,0
4,6,262,1,268,0
3,5,267,1,268,0
-1,0,267,1,268,0
-3,-6,45,1,268,0
-5,-2,48,1,268,0
3,6,51,1,268,0
7,-7,55,1,268,0
2,5,78,1,268,0
3,-5,91,1,268,0
5,-1,106,1,268,0
1,4,126,1,268,0
2,-2,131,1,268,0
-2,-3,161,1,268,0
-3,3,266,1,268,0
-4,4,257,1,268,0
0,-6,236,1,268,0
-6,6,238,1,268,0
-5,5,247,1,268,0
4,7,242,1,268,0
0,3,245,1,268,0
5,8,246,1,268,0
-2,2,247,1,268,0
7,0,251,1,268,0
-1,1,266,1,268,0
-6,-6,14,1,268,0
-2,-4,48,1,268,0
0,-7,105,1,268,0
2,6,112,1,268,0
1,5,119,1,268,0
2,-3,124,1,268,0
-1,-1,162,1,268,0
-1,2,176,1,268,0
0,4,194,1,268,0
-3,-7,208,1,268,0
5,-2,212,1,268,0
-8,-2,213,1,268,0
3,7,235,1,268,0
8,-1,239,1,268,0
-5,6,242,1,268,0
-5,-3,251,1,268,0
-4,5,253,1,268,0
6,0,257,1,268,0
-3,4,264,1,268,0
-2,3,267,1,268,0
-9,-6,4,1,268,0
-6,-7,9,1,268,0
3,8,13,1,268,0
5,-3,58,1,268,0
3,-7,79,1,268,0
8,3,84,1,268,0
7,2,103,1,268,0
1,6,113,1,268,0
1,-1,139,1,268,0
-1,-2,154,1,268,0
-4,-1,182,1,268,0
-3,-8,205,1,268,0
0,5,208,1,268,0
8,-2,228,1,268,0
2,7,229,1,268,0
-2,4,229,1,268,0
-1,3,244,1,268,0
-4,6,248,1,268,0
-3,5,256,1,268,0
5,0,263,1,268,0
8,-3,39,1,268,0
-1,-3,53,1,268,0
-2,-6,59,1,268,0
6,-7,62,1,268,0
2,-5,85,1,268,0
6,2,109,1,268,0
5,1,116,1,268,0
1,-2,133,1,268,0
-8,1,189,1,268,0
-3,6,192,1,268,0
4,-1,199,1,268,0
0,6,202,1,268,0
-7,-1,208,1,268,0
1,7,222,1,268,0
-2,5,223,1,268,0
2,8,224,1,268,0
7,3,226,1,268,0
8,4,229,1,268,0
-1,4,239,1,268,0
-4,-2,259,1,268,0
4,0,267,1,268,0
2,9,5,1,268,0
-3,7,14,1,268,0
-5,-6,21,1,268,0
-1,-4,52,1,268,0
8,5,91,1,268,0
1,-3,93,1,268,0
5,-5,102,1,268,0
5,2,113,1,268,0
3,0,118,1,268,0
4,1,122,1,268,0
-7,1,203,1,268,0
-2,6,199,1,268,0
-6,0,199,1,268,0
4,-2,205,1,268,0
0,7,212,1,268,0
-2,-7,215,1,268,0
-7,-2,218,1,268,0
1,8,218,1,268,0
6,3,219,1,268,0
-1,5,233,1,268,0
7,4,236,1,268,0
7,-1,242,1,268,0
-4,-3,254,1,268,0
-5,-7,8,1,269,0
-8,-6,9,1,269,0
-3,8,9,1,269,0
4,-3,64,1,269,0
-1,-5,66,1,269,0
2,-7,87,1,269,0
1,-4,97,1,269,0
3,1,129,1,269,0
-3,-1,175,1,269,0
-6,1,199,1,269,0
-4,-4,181,1,269,0
2,0,188,1,269,0
-7,2,209,1,269,0
-2,7,209,1,269,0
5,3,212,1,269,0
0,8,215,1,269,0
-7,-3,222,1,269,0
-1,6,226,1,269,0
7,-2,235,1,269,0
7,5,242,1,269,0
8,6,249,1,269,0
0,-1,267,1,269,0
-3,9,3,1,269,0
-7,-4,28,1,269,0
7,-3,46,1,269,0
5,-7,68,1,269,0
1,-5,79,1,269,0
6,5,106,1,269,0
4,-4,112,1,269,0
5,4,115,1,269,0
2,1,139,1,269,0
1,0,183,1,269,0
-4,-5,188,1,269,0
-4,0,192,1,269,0
3,2,195,1,269,0
-6,-1,196,1,269,0
3,-1,198,1,269,0
-5,1,201,1,269,0
4,3,206,1,269,0
-7,3,216,1,269,0
-1,7,219,1,269,0
-1,-6,235,1,269,0
7,6,244,1,269,0
8,7,254,1,269,0
-3,-2,266,1,269,0
0,-2,267,1,269,0
-8,5,2,1,269,0
-7,-5,21,1,269,0
8,-7,48,1,269,0
1,-6,93,1,269,0
4,-5,108,1,269,0
6,6,111,1,269,0
5,5,119,1,269,0
4,4,129,1,269,0
1,1,157,1,269,0
-3,-3,169,1,269,0
-3,0,187,1,269,0
2,2,192,1,269,0
-4,1,194,1,269,0
-4,-6,194,1,269,0
3,3,199,1,269,0
-5,2,205,1,269,0
-1,8,213,1,269,0
-7,4,223,1,269,0
-1,-7,229,1,269,0
0,-3,261,1,269,0
0,0,266,1,269,0
7,7,268,1,269,0
-7,5,229,1,269,0
-7,-6,14,1,269,0
-3,-4,42,1,269,0
1,-7,91,1,269,0
6,7,106,1,269,0
3,-3,121,1,269,0
3,4,131,1,269,0
2,3,139,1,269,0
-3,1,162,1,269,0
-2,0,179,1,269,0
1,2,186,1,269,0
-4,-7,199,1,269,0
-4,2,208,1,269,0
6,-2,219,1,269,0
-1,-8,224,1,269,0
-6,-3,239,1,269,0
0,-4,255,1,269,0
5,6,255,1,269,0
0,1,258,1,269,0
7,8,261,1,269,0
4,5,266,1,269,0
-2,-1,268,1,269,0
1,-8,3,1,269,0
-4,-8,5,1,269,0
6,-3,52,1,269,0
2,4,73,1,269,0
4,-7,74,1,269,0
3,-4,116,1,269,0
1,3,132,1,269,0
-2,-2,169,1,269,0
-5,-1,189,1,269,0
2,-1,189,1,269,0
-4,3,261,1,269,0
-5,4,253,1,269,0
-7,6,237,1,269,0
-6,5,245,1,269,0
0,-5,243,1,269,0
0,2,252,1,269,0
5,7,254,1,269,0
-3,2,269,1,269,0
-2,1,261,1,269,0
4,6,262,1,269,0
3,5,268,1,269,0
-1,0,268,1,269,0
-3,-6,45,1,269,0
-5,-2,48,1,269,0
3,6,51,1,269,0
7,-7,55,1,269,0
2,5,78,1,269,0
3,-5,91,1,269,0
5,-1,106,1,269,0
1,4,126,1,269,0
2,-2,131,1,269,0
-2,-3,161,1,269,0
-3,3,266,1,269,0
-4,4,257,1,269,0
0,-6,236,1,269,0
-6,6,238,1,269,0
-5,5,247,1,269,0
4,7,242,1,269,0
0,3,245,1,269,0
5,8,246,1,269,0
-2,2,247,1,269,0
7,0,251,1,269,0
-1,1,266,1,269,0
-6,-6,14,1,269,0
-2,-4,48,1,269,0
0,-7,105,1,269,0
2,6,112,1,269,0
1,5,119,1,269,0
2,-3,124,1,269,0
-1,-1,162,1,269,0
-1,2,176,1,269,0
0,4,194,1,269,0
-3,-7,208,1,269,0
5,-2,212,1,269,0
-8,-2,213,1,269,0
3,7,235,1,269,0
8,-1,239,1,269,0
-5,6,242,1,269,0
-5,-3,251,1,269,0
-4,5,253,1,269,0
6,0,257,1,269,0
-3,4,264,1,269,0
-2,3,268,1,269,0
-9,-6,4,1,269,0
-6,-7,9,1,269,0
3,8,13,1,269,0
5,-3,58,1,269,0
3,-7,79,1,269,0
8,3,84,1,269,0
7,2,103,1,269,0
1,6,113,1,269,0
1,-1,139,1,269,0
-1,-2,154,1,269,0
-4,-1,182,1,269,0
-3,-8,205,1,269,0
0,5,208,1,269,0
8,-2,228,1,269,0
2,7,229,1,269,0
-2,4,229,1,269,0
-1,3,244,1,269,0
-4,6,248,1,269,0
-3,5,256,1,269,0
5,0,263,1,269,0
8,-3,39,1,269,0
-1,-3,53,1,269,0
-2,-6,59,1,269,0
6,-7,62,1,269,0
2,-5,85,1,269,0
6,2,109,1,269,0
5,1,116,1,269,0
1,-2,133,1,269,0
-8,1,189,1,269,0
-3,6,192,1,269,0
4,-1,199,1,269,0
0,6,202,1,269,0
-7,-1,208,1,269,0
1,7,222,1,269,0
-2,5,223,1,269,0
2,8,224,1,269,0
7,3,226,1,269,0
8,4,229,1,269,0
-1,4,239,1,269,0
-4,-2,259,1,269,0
4,0,268,1,269,0
2,9,5,1,269,0
-3,7,14,1,269,0
-5,-6,21,1,269,0
-1,-4,52,1,269,0
8,5,91,1,269,0
1,-3,93,1,269,0
5,-5,102,1,269,0
5,2,113,1,269,0
3,0,118,1,269,0
4,1,122,1,269,0
-7,1,203,1,269,0
-2,6,199,1,269,0
-6,0,199,1,269,0
4,-2,205,1,269,0
0,7,212,1,269,0
-2,-7,215,1,269,0
-7,-2,218,1,269,0
1,8,218,1,269,0
6,3,219,1,269,0
-1,5,233,1,269,0
7,4,236,1,269,0
7,-1,242,1,269,0
-4,-3,254,1,269,0
-5,-7,8,1,270,0
-8,-6,9,1,270,0
-3,8,9,1,270,0
4,-3,64,1,270,0
-1,-5,66,1,270,0
2,-7,87,1,270,0
1,-4,97,1,270,0
3,1,129,1,270,0
-3,-1,175,1,270,0
-6,1,199,1,270,0
-4,-4,181,1,270,0
2,0,188,1,270,0
-7,2,209,1,270,0
-2,7,209,1,270,0
5,3,212,1,270,0
0,8,215,1,270,0
-7,-3,222,1,270,0
-1,6,226,1,270,0
7,-2,235,1,270,0
7,5,242,1,270,0
8,6,249,1,270,0
0,-1,267,1,270,0
-3,9,3,1,270,0
-7,-4,28,1,270,0
7,-3,46,1,270,0
5,-7,68,1,270,0
1,-5,79,1,270,0
6,5,106,1,270,0
4,-4,112,1,270,0
5,4,115,1,270,0
2,1,139,1,270,0
1,0,183,1,270,0
-4,-5,188,1,270,0
-4,0,192,1,270,0
3,2,195,1,270,0
-6,-1,196,1,270,0
3,-1,198,1,270,0
-5,1,201,1,270,0
4,3,206,1,270,0
-7,3,216,1,270,0
-1,7,219,1,270,0
-1,-6,235,1,270,0
7,6,244,1,270,0
8,7,254,1,270,0
-3,-2,266,1,270,0
0,-2,268,1,270,0
-8,5,2,1,270,0
-7,-5,21,1,270,0
8,-7,48,1,270,0
1,-6,93,1,270,0
4,-5,108,1,270,0
6,6,111,1,270,0
5,5,119,1,270,0
4,4,129,1,270,0
1,1,157,1,270,0
-3,-3,169,1,270,0
-3,0,187,1,270,0
2,2,192,1,270,0
-4,1,194,1,270,0
-4,-6,194,1,270,0
3,3,199,1,270,0
-5,2,205,1,270,0
-1,8,213,1,270,0
-7,4,223,1,270,0
-1,-7,229,1,270,0
0,-3,261,1,270,0
0,0,266,1,270,0
7,7,268,1,270,0
-7,5,229,1,270,0
-7,-6,14,1,270,0
-3,-4,42,1,270,0
1,-7,91,1,270,0
3,-3,121,1,270,0
3,4,131,1,270,0
2,3,139,1,270,0
-3,1,162,1,270,0
-2,0,179,1,270,0
1,2,186,1,270,0
-4,-7,199,1,270,0
-4,2,208,1,270,0
6,-2,219,1,270,0
-1,-8,224,1,270,0
-6,-3,239,1,270,0
0,-4,255,1,270,0
5,6,255,1,270,0
0,1,258,1,270,0
7,8,261,1,270,0
4,5,266,1,270,0
-2,-1,269,1,270,0
6,7,269,1,270,0
1,-8,3,1,270,0
-4,-8,5,1,270,0
6,-3,52,1,270,0
2,4,73,1,270,0
4,-7,74,1,270,0
3,-4,116,1,270,0
1,3,132,1,270,0
-2,-2,169,1,270,0
-5,-1,189,1,270,0
2,-1,189,1,270,0
-4,3,261,1,270,0
-5,4,253,1,270,0
-7,6,237,1,270,0
-6,5,245,1,270,0
0,-5,243,1,270,0
0,2,252,1,270,0
5,7,254,1,270,0
-3,2,269,1,270,0
-2,1,261,1,270,0
4,6,262,1,270,0
3,5,269,1,270,0
-1,0,269,1,270,0
-3,-6,45,1,270,0
-5,-2,48,1,270,0
3,6,51,1,270,0
7,-7,55,1,270,0
2,5,78,1,270,0
3,-5,91,1,270,0
5,-1,106,1,270,0
1,4,126,1,270,0
2,-2,131,1,270,0
-2,-3,161,1,270,0
-3,3,266,1,270,0
-4,4,257,1,270,0
0,-6,236,1,270,0
-6,6,238,1,270,0
-5,5,247,1,270,0
4,7,242,1,270,0
0,3,245,1,270,0
5,8,246,1,270,0
-2,2,247,1,270,0
7,0,251,1,270,0
-1,1,266,1,270,0
-6,-6,14,1,270,0
-2,-4,48,1,270,0
0,-7,105,1,270,0
2,6,112,1,270,0
1,5,119,1,270,0
2,-3,124,1,270,0
-1,-1,162,1,270,0
-1,2,176,1,270,0
0,4,194,1,270,0
-3,-7,208,1,270,0
5,-2,212,1,270,0
-8,-2,213,1,270,0
3,7,235,1,270,0
8,-1,239,1,270,0
-5,6,242,1,270,0
-5,-3,251,1,270,0
-4,5,253,1,270,0
6,0,257,1,270,0
-3,4,264,1,270,0
-2,3,269,1,270,0
-9,-6,4,1,270,0
-6,-7,9,1,270,0
3,8,13,1,270,0
5,-3,58,1,270,0
3,-7,79,1,270,0
8,3,84,1,270,0
7,2,103,1,270,0
1,6,113,1,270,0
-1,-2,154,1,270,0
-4,-1,182,1,270,0
-3,-8,205,1,270,0
0,5,208,1,270,0
8,-2,228,1,270,0
2,7,229,1,270,0
-2,4,229,1,270,0
-1,3,244,1,270,0
-4,6,248,1,270,0
-3,5,256,1,270,0
5,0,263,1,270,0
1,-1,268,1,270,0
8,-3,39,1,270,0
-1,-3,53,1,270,0
-2,-6,59,1,270,0
6,-7,62,1,270,0
2,-5,85,1,270,0
6,2,109,1,270,0
5,1,116,1,270,0
1,-2,133,1,270,0
-8,1,189,1,270,0
-3,6,192,1,270,0
4,-1,199,1,270,0
0,6,202,1,270,0
-7,-1,208,1,270,0
1,7,222,1,270,0
-2,5,223,1,270,0
2,8,224,1,270,0
7,3,226,1,270,0
8,4,229,1,270,0
-1,4,239,1,270,0
-4,-2,259,1,270,0
4,0,269,1,270,0
2,9,5,1,270,0
-3,7,14,1,270,0
-5,-6,21,1,270,0
-1,-4,52,1,270,0
8,5,91,1,270,0
1,-3,93,1,270,0
5,-5,102,1,270,0
5,2,113,1,270,0
3,0,118,1,270,0
4,1,122,1,270,0
-7,1,203,1,270,0
-2,6,199,1,270,0
-6,0,199,1,270,0
4,-2,205,1,270,0
0,7,212,1,270,0
-2,-7,215,1,270,0
-7,-2,218,1,270,0
1,8,218,1,270,0
6,3,219,1,270,0
-1,5,233,1,270,0
7,4,236,1,270,0
7,-1,242,1,270,0
-4,-3,254,1,270,0
-5,-7,8,1,271,0
-8,-6,9,1,271,0
-3,8,9,1,271,0
4,-3,64,1,271,0
-1,-5,66,1,271,0
2,-7,87,1,271,0
1,-4,97,1,271,0
3,1,129,1,271,0
-3,-1,175,1,271,0
-6,1,199,1,271,0
-4,-4,181,1,271,0
2,0,188,1,271,0
-7,2,209,1,271,0
-2,7,209,1,271,0
5,3,212,1,271,0
0,8,215,1,271,0
-7,-3,222,1,271,0
-1,6,226,1,271,0
7,-2,235,1,271,0
7,5,242,1,271,0
8,6,249,1,271,0
0,-1,269,1,271,0
-3,9,3,1,271,0
-7,-4,28,1,271,0
7,-3,46,1,271,0
5,-7,68,1,271,0
1,-5,79,1,271,0
6,5,106,1,271,0
4,-4,112,1,271,0
5,4,115,1,271,0
2,1,139,1,271,0
1,0,183,1,271,0
-4,-5,188,1,271,0
-4,0,192,1,271,0
3,2,195,1,271,0
-6,-1,196,1,271,0
3,-1,198,1,271,0
-5,1,201,1,271,0
4,3,206,1,271,0
-7,3,216,1,271,0
-1,7,219,1,271,0
-1,-6,235,1,271,0
7,6,244,1,271,0
8,7,254,1,271,0
-3,-2,266,1,271,0
0,-2,268,1,271,0
-8,5,2,1,271,0
-7,-5,21,1,271,0
8,-7,48,1,271,0
1,-6,93,1,271,0
4,-5,108,1,271,0
6,6,111,1,271,0
5,5,119,1,271,0
4,4,129,1,271,0
1,1,157,1,271,0
-3,-3,169,1,271,0
-3,0,187,1,271,0
2,2,192,1,271,0
-4,1,194,1,271,0
-4,-6,194,1,271,0
3,3,199,1,271,0
-5,2,205,1,271,0
-1,8,213,1,271,0
-7,4,223,1,271,0
-1,-7,229,1,271,0
0,-3,261,1,271,0
0,0,266,1,271,0
7,7,268,1,271,0
-7,5,229,1,271,0
-7,-6,14,1,271,0
-3,-4,42,1,271,0
1,-7,91,1,271,0
3,-3,121,1,271,0
3,4,131,1,271,0
2,3,139,1,271,0
-3,1,162,1,271,0
-2,0,179,1,271,0
1,2,186,1,271,0
-4,-7,199,1,271,0
-4,2,208,1,271,0
6,-2,219,1,271,0
-1,-8,224,1,271,0
-6,-3,239,1,271,0
0,-4,255,1,271,0
5,6,255,1,271,0
0,1,258,1,271,0
7,8,261,1,271,0
4,5,266,1,271,0
-2,-1,269,1,271,0
6,7,269,1,271,0
1,-8,3,1,271,0
-4,-8,5,1,271,0
6,-3,52,1,271,0
2,4,73,1,271,0
4,-7,74,1,271,0
3,-4,116,1,271,0
1,3,132,1,271,0
-2,-2,169,1,271,0
-5,-1,189,1,271,0
2,-1,189,1,271,0
-4,3,261,1,271,0
-5,4,253,1,271,0
-7,6,237,1,271,0
-6,5,245,1,271,0
0,-5,243,1,271,0
0,2,252,1,271,0
5,7,254,1,271,0
-3,2,269,1,271,0
-2,1,261,1,271,0
4,6,262,1,271,0
3,5,269,1,271,0
-1,0,269,1,271,0
-3,-6,45,1,271,0
-5,-2,48,1,271,0
3,6,51,1,271,0
7,-7,55,1,271,0
2,5,78,1,271,0
3,-5,91,1,271,0
5,-1,106,1,271,0
1,4,126,1,271,0
2,-2,131,1,271,0
-2,-3,161,1,271,0
-3,3,266,1,271,0
-4,4,257,1,271,0
0,-6,236,1,271,0
-6,6,238,1,271,0
-5,5,247,1,271,0
4,7,242,1,271,0
0,3,245,1,271,0
5,8,246,1,271,0
-2,2,271,1,271,0
7,0,251,1,271,0
-1,1,266,1,271,0
-6,-6,14,1,271,0
-2,-4,48,1,271,0
0,-7,105,1,271,0
2,6,112,1,271,0
1,5,119,1,271,0
2,-3,124,1,271,0
-1,-1,162,1,271,0
-1,2,176,1,271,0
0,4,194,1,271,0
-3,-7,208,1,271,0
5,-2,212,1,271,0
-8,-2,213,1,271,0
3,7,235,1,271,0
8,-1,239,1,271,0
-5,6,242,1,271,0
-5,-3,251,1,271,0
-4,5,253,1,271,0
6,0,257,1,271,0
-3,4,264,1,271,0
-2,3,269,1,271,0
-9,-6,4,1,271,0
-6,-7,9,1,271,0
3,8,13,1,271,0
5,-3,58,1,271,0
3,-7,79,1,271,0
8,3,84,1,271,0
7,2,103,1,271,0
1,6,113,1,271,0
-1,-2,154,1,271,0
-4,-1,182,1,271,0
-3,-8,205,1,271,0
0,5,208,1,271,0
8,-2,228,1,271,0
2,7,229,1,271,0
-2,4,229,1,271,0
-1,3,244,1,271,0
-4,6,248,1,271,0
-3,5,256,1,271,0
5,0,263,1,271,0
1,-1,269,1,271,0
8,-3,39,1,271,0
-1,-3,53,1,271,0
-2,-6,59,1,271,0
6,-7,62,1,271,0
2,-5,85,1,271,0
6,2,109,1,271,0
5,1,116,1,271,0
1,-2,133,1,271,0
-8,1,189,1,271,0
-3,6,192,1,271,0
4,-1,199,1,271,0
0,6,202,1,271,0
-7,-1,208,1,271,0
1,7,222,1,271,0
-2,5,223,1,271,0
2,8,224,1,271,0
7,3,226,1,271,0
8,4,229,1,271,0
-1,4,239,1,271,0
-4,-2,259,1,271,0
4,0,269,1,271,0
2,9,5,1,271,0
-3,7,14,1,271,0
-5,-6,21,1,271,0
-1,-4,52,1,271,0
8,5,91,1,271,0
1,-3,93,1,271,0
5,-5,102,1,271,0
5,2,113,1,271,0
3,0,118,1,271,0
4,1,122,1,271,0
-7,1,203,1,271,0
-2,6,199,1,271,0
-6,0,199,1,271,0
4,-2,205,1,271,0
0,7,212,1,271,0
-2,-7,215,1,271,0
-7,-2,218,1,271,0
1,8,218,1,271,0
6,3,219,1,271,0
-1,5,233,1,271,0
7,4,236,1,271,0
7,-1,242,1,271,0
-4,-3,254,1,271,0
-5,-7,8,1,272,0
-8,-6,9,1,272,0
-3,8,9,1,272,0
4,-3,64,1,272,0
-1,-5,66,1,272,0
2,-7,87,1,272,0
1,-4,97,1,272,0
3,1,129,1,272,0
-3,-1,175,1,272,0
-6,1,199,1,272,0
-4,-4,181,1,272,0
2,0,188,1,272,0
-7,2,209,1,272,0
-2,7,209,1,272,0
5,3,212,1,272,0
0,8,215,1,272,0
-7,-3,222,1,272,0
-1,6,226,1,272,0
7,-2,235,1,272,0
7,5,242,1,272,0
8,6,249,1,272,0
0,-1,269,1,272,0
-3,9,3,1,272,0
-7,-4,28,1,272,0
7,-3,46,1,272,0
5,-7,68,1,272,0
1,-5,79,1,272,0
6,5,106,1,272,0
4,-4,112,1,272,0
5,4,115,1,272,0
2,1,139,1,272,0
1,0,183,1,272,0
-4,-5,188,1,272,0
-4,0,192,1,272,0
3,2,195,1,272,0
-6,-1,196,1,272,0
3,-1,198,1,272,0
-5,1,201,1,272,0
4,3,206,1,272,0
-7,3,216,1,272,0
-1,7,219,1,272,0
-1,-6,235,1,272,0
7,6,244,1,272,0
8,7,254,1,272,0
-3,-2,266,1,272,0
0,-2,268,1,272,0
-8,5,2,1,272,0
-7,-5,21,1,272,0
8,-7,48,1,272,0
1,-6,93,1,272,0
4,-5,108,1,272,0
5,5,119,1,272,0
4,4,129,1,272,0
1,1,157,1,272,0
-3,-3,169,1,272,0
-3,0,187,1,272,0
2,2,192,1,272,0
-4,1,194,1,272,0
-4,-6,194,1,272,0
3,3,199,1,272,0
-5,2,205,1,272,0
-1,8,213,1,272,0
-7,4,223,1,272,0
-1,-7,229,1,272,0
0,-3,261,1,272,0
7,7,268,1,272,0
0,0,271,1,272,0
6,6,271,1,272,0
-7,5,229,1,272,0
-7,-6,14,1,272,0
-3,-4,42,1,272,0
1,-7,91,1,272,0
3,-3,121,1,272,0
2,3,139,1,272,0
-3,1,162,1,272,0
-2,0,179,1,272,0
1,2,186,1,272,0
-4,-7,199,1,272,0
-4,2,208,1,272,0
6,-2,219,1,272,0
-1,-8,224,1,272,0
-6,-3,239,1,272,0
0,-4,255,1,272,0
5,6,255,1,272,0
0,1,258,1,272,0
7,8,261,1,272,0
4,5,266,1,272,0
6,7,269,1,272,0
-2,-1,271,1,272,0
3,4,271,1,272,0
1,-8,3,1,272,0
-4,-8,5,1,272,0
6,-3,52,1,272,0
2,4,73,1,272,0
4,-7,74,1,272,0
3,-4,116,1,272,0
1,3,132,1,272,0
-2,-2,169,1,272,0
-5,-1,189,1,272,0
2,-1,189,1,272,0
-4,3,261,1,272,0
-5,4,253,1,272,0
-7,6,237,1,272,0
-6,5,245,1,272,0
0,-5,243,1,272,0
0,2,252,1,272,0
5,7,254,1,272,0
-3,2,269,1,272,0
-2,1,261,1,272,0
4,6,262,1,272,0
3,5,269,1,272,0
-1,0,269,1,272,0
-3,-6,45,1,272,0
-5,-2,48,1,272,0
3,6,51,1,272,0
7,-7,55,1,272,0
2,5,78,1,272,0
3,-5,91,1,272,0
5,-1,106,1,272,0
1,4,126,1,272,0
2,-2,131,1,272,0
-2,-3,161,1,272,0
-3,3,266,1,272,0
-4,4,257,1,272,0
0,-6,236,1,272,0
-6,6,238,1,272,0
-5,5,247,1,272,0
4,7,242,1,272,0
0,3,245,1,272,0
5,8,246,1,272,0
-2,2,272,1,272,0
7,0,251,1,272,0
-1,1,266,1,272,0
-6,-6,14,1,272,0
-2,-4,48,1,272,0
0,-7,105,1,272,0
2,6,112,1,272,0
1,5,119,1,272,0
2,-3,124,1,272,0
-1,-1,162,1,272,0
-1,2,176,1,272,0
0,4,194,1,272,0
-3,-7,208,1,272,0
5,-2,212,1,272,0
-8,-2,213,1,272,0
3,7,235,1,272,0
8,-1,239,1,272,0
-5,6,242,1,272,0
-5,-3,251,1,272,0
-4,5,253,1,272,0
6,0,257,1,272,0
-3,4,264,1,272,0
-2,3,271,1,272,0
-9,-6,4,1,272,0
-6,-7,9,1,272,0
3,8,13,1,272,0
5,-3,58,1,272,0
3,-7,79,1,272,0
8,3,84,1,272,0
7,2,103,1,272,0
1,6,113,1,272,0
-1,-2,154,1,272,0
-4,-1,182,1,272,0
-3,-8,205,1,272,0
0,5,208,1,272,0
8,-2,228,1,272,0
2,7,229,1,272,0
-2,4,229,1,272,0
-1,3,244,1,272,0
-4,6,248,1,272,0
-3,5,256,1,272,0
5,0,263,1,272,0
1,-1,271,1,272,0
8,-3,39,1,272,0
-1,-3,53,1,272,0
-2,-6,59,1,272,0
6,-7,62,1,272,0
2,-5,85,1,272,0
6,2,109,1,272,0
5,1,116,1,272,0
1,-2,133,1,272,0
-8,1,189,1,272,0
-3,6,192,1,272,0
4,-1,199,1,272,0
0,6,202,1,272,0
-7,-1,208,1,272,0
1,7,222,1,272,0
-2,5,223,1,272,0
2,8,224,1,272,0
7,3,226,1,272,0
8,4,229,1,272,0
-1,4,239,1,272,0
-4,-2,259,1,272,0
4,0,269,1,272,0
2,9,5,1,272,0
-3,7,14,1,272,0
-5,-6,21,1,272,0
-1,-4,52,1,272,0
8,5,91,1,272,0
1,-3,93,1,272,0
5,-5,102,1,272,0
5,2,113,1,272,0
4,1,122,1,272,0
-7,1,203,1,272,0
-2,6,199,1,272,0
-6,0,199,1,272,0
4,-2,205,1,272,0
0,7,212,1,272,0
-2,-7,215,1,272,0
-7,-2,218,1,272,0
1,8,218,1,272,0
6,3,219,1,272,0
-1,5,233,1,272,0
7,4,236,1,272,0
7,-1,242,1,272,0
-4,-3,254,1,272,0
3,0,271,1,272,0
-5,-7,8,1,273,0
-8,-6,9,1,273,0
-3,8,9,1,273,0
4,-3,64,1,273,0
-1,-5,66,1,273,0
2,-7,87,1,273,0
1,-4,97,1,273,0
3,1,129,1,273,0
-3,-1,175,1,273,0
-6,1,199,1,273,0
-4,-4,181,1,273,0
2,0,188,1,273,0
-7,2,209,1,273,0
-2,7,209,1,273,0
5,3,212,1,273,0
0,8,215,1,273,0
-7,-3,222,1,273,0
-1,6,226,1,273,0
7,-2,235,1,273,0
7,5,242,1,273,0
8,6,249,1,273,0
0,-1,272,1,273,0
-3,9,3,1,273,0
-7,-4,28,1,273,0
7,-3,46,1,273,0
5,-7,68,1,273,0
1,-5,79,1,273,0
6,5,106,1,273,0
4,-4,112,1,273,0
5,4,115,1,273,0
2,1,139,1,273,0
1,0,183,1,273,0
-4,-5,188,1,273,0
-4,0,192,1,273,0
3,2,195,1,273,0
-6,-1,196,1,273,0
3,-1,198,1,273,0
-5,1,201,1,273,0
4,3,206,1,273,0
-7,3,216,1,273,0
-1,7,219,1,273,0
-1,-6,235,1,273,0
7,6,244,1,273,0
8,7,254,1,273,0
-3,-2,266,1,273,0
0,-2,268,1,273,0
-8,5,2,1,273,0
-7,-5,21,1,273,0
8,-7,48,1,273,0
1,-6,93,1,273,0
4,-5,108,1,273,0
5,5,119,1,273,0
4,4,129,1,273,0
1,1,157,1,273,0
-3,-3,169,1,273,0
-3,0,187,1,273,0
2,2,192,1,273,0
-4,1,194,1,273,0
-4,-6,194,1,273,0
3,3,199,1,273,0
-5,2,205,1,273,0
-1,8,213,1,273,0
-7,4,223,1,273,0
-1,-7,229,1,273,0
0,-3,261,1,273,0
7,7,268,1,273,0
0,0,272,1,273,0
6,6,272,1,273,0
-7,5,229,1,273,0
-7,-6,14,1,273,0
-3,-4,42,1,273,0
1,-7,91,1,273,0
3,-3,121,1,273,0
2,3,139,1,273,0
-3,1,162,1,273,0
-2,0,179,1,273,0
1,2,186,1,273,0
-4,-7,199,1,273,0
-4,2,208,1,273,0
6,-2,219,1,273,0
-1,-8,224,1,273,0
-6,-3,239,1,273,0
0,-4,255,1,273,0
5,6,255,1,273,0
0,1,258,1,273,0
7,8,261,1,273,0
4,5,266,1,273,0
6,7,269,1,273,0
-2,-1,272,1,273,0
3,4,272,1,273,0
1,-8,3,1,273,0
-4,-8,5,1,273,0
6,-3,52,1,273,0
2,4,73,1,273,0
4,-7,74,1,273,0
3,-4,116,1,273,0
1,3,132,1,273,0
-2,-2,169,1,273,0
-5,-1,189,1,273,0
2,-1,189,1,273,0
-4,3,261,1,273,0
-5,4,253,1,273,0
-7,6,237,1,273,0
-6,5,245,1,273,0
0,-5,243,1,273,0
0,2,252,1,273,0
5,7,254,1,273,0
-3,2,269,1,273,0
-2,1,261,1,273,0
4,6,262,1,273,0
3,5,269,1,273,0
-1,0,269,1,273,0
-3,-6,45,1,273,0
-5,-2,48,1,273,0
3,6,51,1,273,0
7,-7,55,1,273,0
2,5,78,1,273,0
3,-5,91,1,273,0
5,-1,106,1,273,0
1,4,126,1,273,0
2,-2,131,1,273,0
-2,-3,161,1,273,0
-3,3,266,1,273,0
-4,4,257,1,273,0
0,-6,236,1,273,0
-6,6,238,1,273,0
-5,5,247,1,273,0
4,7,242,1,273,0
0,3,245,1,273,0
5,8,246,1,273,0
7,0,251,1,273,0
-1,1,266,1,273,0
-2,2,273,1,273,0
-6,-6,14,1,273,0
-2,-4,48,1,273,0
0,-7,105,1,273,0
2,6,112,1,273,0
1,5,119,1,273,0
2,-3,124,1,273,0
-1,-1,162,1,273,0
-1,2,176,1,273,0
0,4,194,1,273,0
-3,-7,208,1,273,0
5,-2,212,1,273,0
-8,-2,213,1,273,0
3,7,235,1,273,0
8,-1,239,1,273,0
-5,6,242,1,273,0
-5,-3,251,1,273,0
-4,5,253,1,273,0
6,0,257,1,273,0
-3,4,264,1,273,0
-2,3,271,1,273,0
-9,-6,4,1,273,0
-6,-7,9,1,273,0
3,8,13,1,273,0
5,-3,58,1,273,0
3,-7,79,1,273,0
8,3,84,1,273,0
7,2,103,1,273,0
1,6,113,1,273,0
-1,-2,154,1,273,0
-4,-1,182,1,273,0
-3,-8,205,1,273,0
0,5,208,1,273,0
8,-2,228,1,273,0
2,7,229,1,273,0
-2,4,229,1,273,0
-1,3,244,1,273,0
-4,6,248,1,273,0
-3,5,256,1,273,0
5,0,263,1,273,0
1,-1,271,1,273,0
8,-3,39,1,273,0
-1,-3,53,1,273,0
-2,-6,59,1,273,0
6,-7,62,1,273,0
2,-5,85,1,273,0
6,2,109,1,273,0
5,1,116,1,273,0
1,-2,133,1,273,0
-8,1,189,1,273,0
-3,6,192,1,273,0
4,-1,199,1,273,0
0,6,202,1,273,0
-7,-1,208,1,273,0
1,7,222,1,273,0
-2,5,223,1,273,0
2,8,224,1,273,0
7,3,226,1,273,0
8,4,229,1,273,0
-1,4,239,1,273,0
-4,-2,259,1,273,0
4,0,269,1,273,0
2,9,5,1,273,0
-3,7,14,1,273,0
-5,-6,21,1,273,0
-1,-4,52,1,273,0
8,5,91,1,273,0
1,-3,93,1,273,0
5,-5,102,1,273,0
5,2,113,1,273,0
4,1,122,1,273,0
-7,1,203,1,273,0
-2,6,199,1,273,0
-6,0,199,1,273,0
4,-2,205,1,273,0
0,7,212,1,273,0
-2,-7,215,1,273,0
-7,-2,218,1,273,0
1,8,218,1,273,0
6,3,219,1,273,0
-1,5,233,1,273,0
7,4,236,1,273,0
7,-1,242,1,273,0
-4,-3,254,1,273,0
3,0,272,1,273,0
-5,-7,8,1,274,0
-8,-6,9,1,274,0
-3,8,9,1,274,0
4,-3,64,1,274,0
-1,-5,66,1,274,0
2,-7,87,1,274,0
1,-4,97,1,274,0
3,1,129,1,274,0
-3,-1,175,1,274,0
-6,1,199,1,274,0
-4,-4,181,1,274,0
2,0,188,1,274,0
-7,2,209,1,274,0
-2,7,209,1,274,0
5,3,212,1,274,0
0,8,215,1,274,0
-7,-3,222,1,274,0
-1,6,226,1,274,0
7,-2,235,1,274,0
7,5,242,1,274,0
8,6,249,1,274,0
0,-1,273,1,274,0
-3,9,3,1,274,0
-7,-4,28,1,274,0
7,-3,46,1,274,0
5,-7,68,1,274,0
1,-5,79,1,274,0
6,5,106,1,274,0
4,-4,112,1,274,0
5,4,115,1,274,0
2,1,139,1,274,0
1,0,183,1,274,0
-4,-5,188,1,274,0
-4,0,192,1,274,0
3,2,195,1,274,0
-6,-1,196,1,274,0
3,-1,198,1,274,0
-5,1,201,1,274,0
4,3,206,1,274,0
-7,3,216,1,274,0
-1,7,219,1,274,0
-1,-6,235,1,274,0
7,6,244,1,274,0
8,7,254,1,274,0
-3,-2,266,1,274,0
0,-2,268,1,274,0
-8,5,2,1,274,0
-7,-5,21,1,274,0
8,-7,48,1,274,0
1,-6,93,1,274,0
4,-5,108,1,274,0
5,5,119,1,274,0
4,4,129,1,274,0
1,1,157,1,274,0
-3,-3,169,1,274,0
-3,0,187,1,274,0
2,2,192,1,274,0
-4,1,194,1,274,0
-4,-6,194,1,274,0
3,3,199,1,274,0
-5,2,205,1,274,0
-1,8,213,1,274,0
-7,4,223,1,274,0
-1,-7,229,1,274,0
0,-3,261,1,274,0
7,7,268,1,274,0
0,0,273,1,274,0
6,6,273,1,274,0
-7,5,229,1,274,0
-7,-6,14,1,274,0
-3,-4,42,1,274,0
1,-7,91,1,274,0
3,-3,121,1,274,0
2,3,139,1,274,0
-3,1,162,1,274,0
-2,0,179,1,274,0
1,2,186,1,274,0
-4,-7,199,1,274,0
-4,2,208,1,274,0
6,-2,219,1,274,0
-1,-8,224,1,274,0
-6,-3,239,1,274,0
0,-4,255,1,274,0
5,6,255,1,274,0
0,1,258,1,274,0
7,8,261,1,274,0
4,5,266,1,274,0
6,7,269,1,274,0
-2,-1,273,1,274,0
3,4,273,1,274,0
1,-8,3,1,274,0
-4,-8,5,1,274,0
6,-3,52,1,274,0
2,4,73,1,274,0
4,-7,74,1,274,0
3,-4,116,1,274,0
1,3,132,1,274,0
-2,-2,169,1,274,0
-5,-1,189,1,274,0
2,-1,189,1,274,0
-4,3,261,1,274,0
-5,4,253,1,274,0
-7,6,237,1,274,0
-6,5,245,1,274,0
0,-5,243,1,274,0
0,2,252,1,274,0
5,7,254,1,274,0
-3,2,269,1,274,0
-2,1,261,1,274,0
4,6,262,1,274,0
3,5,269,1,274,0
-1,0,269,1,274,0
-3,-6,45,1,274,0
-5,-2,48,1,274,0
3,6,51,1,274,0
7,-7,55,1,274,0
2,5,78,1,274,0
3,-5,91,1,274,0
5,-1,106,1,274,0
1,4,126,1,274,0
2,-2,131,1,274,0
-2,-3,161,1,274,0
-3,3,266,1,274,0
-4,4,257,1,274,0
0,-6,236,1,274,0
-6,6,238,1,274,0
-5,5,247,1,274,0
4,7,242,1,274,0
0,3,245,1,274,0
5,8,246,1,274,0
7,0,251,1,274,0
-1,1,266,1,274,0
-2,2,274,1,274,0
-6,-6,14,1,274,0
-2,-4,48,1,274,0
0,-7,105,1,274,0
2,6,112,1,274,0
1,5,119,1,274,0
2,-3,124,1,274,0
-1,-1,162,1,274,0
-1,2,176,1,274,0
0,4,194,1,274,0
-3,-7,208,1,274,0
5,-2,212,1,274,0
-8,-2,213,1,274,0
3,7,235,1,274,0
8,-1,239,1,274,0
-5,6,242,1,274,0
-5,-3,251,1,274,0
-4,5,253,1,274,0
6,0,257,1,274,0
-3,4,264,1,274,0
-2,3,271,1,274,0
-9,-6,4,1,274,0
-6,-7,9,1,274,0
3,8,13,1,274,0
5,-3,58,1,274,0
3,-7,79,1,274,0
8,3,84,1,274,0
7,2,103,1,274,0
1,6,113,1,274,0
-1,-2,154,1,274,0
-4,-1,182,1,274,0
-3,-8,205,1,274,0
0,5,208,1,274,0
8,-2,228,1,274,0
2,7,229,1,274,0
-2,4,229,1,274,0
-1,3,244,1,274,0
-4,6,248,1,274,0
-3,5,256,1,274,0
5,0,263,1,274,0
1,-1,272,1,274,0
8,-3,39,1,274,0
-1,-3,53,1,274,0
-2,-6,59,1,274,0
6,-7,62,1,274,0
2,-5,85,1,274,0
6,2,109,1,274,0
5,1,116,1,274,0
1,-2,133,1,274,0
-8,1,189,1,274,0
-3,6,192,1,274,0
4,-1,199,1,274,0
0,6,202,1,274,0
-7,-1,208,1,274,0
1,7,222,1,274,0
-2,5,223,1,274,0
2,8,224,1,274,0
7,3,226,1,274,0
8,4,229,1,274,0
-1,4,239,1,274,0
-4,-2,259,1,274,0
4,0,269,1,274,0
2,9,5,1,274,0
-3,7,14,1,274,0
-5,-6,21,1,274,0
-1,-4,52,1,274,0
8,5,91,1,274,0
1,-3,93,1,274,0
5,-5,102,1,274,0
5,2,113,1,274,0
4,1,122,1,274,0
-7,1,203,1,274,0
-2,6,199,1,274,0
-6,0,199,1,274,0
4,-2,205,1,274,0
0,7,212,1,274,0
-2,-7,215,1,274,0
-7,-2,218,1,274,0
1,8,218,1,274,0
6,3,219,1,274,0
-1,5,233,1,274,0
7,4,236,1,274,0
7,-1,242,1,274,0
-4,-3,254,1,274,0
3,0,273,1,274,0
-5,-7,8,1,275,0
-8,-6,9,1,275,0
-3,8,9,1,275,0
4,-3,64,1,275,0
-1,-5,66,1,275,0
2,-7,87,1,275,0
1,-4,97,1,275,0
3,1,129,1,275,0
-3,-1,175,1,275,0
-6,1,199,1,275,0
-4,-4,181,1,275,0
2,0,188,1,275,0
-7,2,209,1,275,0
-2,7,209,1,275,0
5,3,212,1,275,0
0,8,215,1,275,0
-7,-3,222,1,275,0
-1,6,226,1,275,0
7,-2,235,1,275,0
7,5,242,1,275,0
8,6,249,1,275,0
0,-1,274,1,275,0
-3,9,3,1,275,0
-7,-4,28,1,275,0
7,-3,46,1,275,0
5,-7,68,1,275,0
1,-5,79,1,275,0
6,5,106,1,275,0
4,-4,112,1,275,0
5,4,115,1,275,0
2,1,139,1,275,0
1,0,183,1,275,0
-4,-5,188,1,275,0
-4,0,192,1,275,0
3,2,195,1,275,0
-6,-1,196,1,275,0
3,-1,198,1,275,0
-5,1,201,1,275,0
4,3,206,1,275,0
-7,3,216,1,275,0
-1,7,219,1,275,0
-1,-6,235,1,275,0
7,6,244,1,275,0
8,7,254,1,275,0
-3,-2,266,1,275,0
0,-2,268,1,275,0
-8,5,2,1,275,0
-7,-5,21,1,275,0
8,-7,48,1,275,0
1,-6,93,1,275,0
4,-5,108,1,275,0
5,5,119,1,275,0
4,4,129,1,275,0
1,1,157,1,275,0
-3,-3,169,1,275,0
-3,0,187,1,275,0
2,2,192,1,275,0
-4,1,194,1,275,0
-4,-6,194,1,275,0
3,3,199,1,275,0
-5,2,205,1,275,0
-1,8,213,1,275,0
-7,4,223,1,275,0
-1,-7,229,1,275,0
0,-3,261,1,275,0
7,7,268,1,275,0
0,0,274,1,275,0
6,6,274,1,275,0
-7,5,229,1,275,0
-7,-6,14,1,275,0
-3,-4,42,1,275,0
1,-7,91,1,275,0
3,-3,121,1,275,0
2,3,139,1,275,0
-3,1,162,1,275,0
-2,0,179,1,275,0
1,2,186,1,275,0
-4,-7,199,1,275,0
-4,2,208,1,275,0
6,-2,219,1,275,0
-1,-8,224,1,275,0
-6,-3,239,1,275,0
0,-4,255,1,275,0
5,6,255,1,275,0
0,1,258,1,275,0
7,8,261,1,275,0
4,5,266,1,275,0
6,7,269,1,275,0
-2,-1,273,1,275,0
3,4,274,1,275,0
1,-8,3,1,275,0
-4,-8,5,1,275,0
6,-3,52,1,275,0
2,4,73,1,275,0
4,-7,74,1,275,0
3,-4,116,1,275,0
1,3,132,1,275,0
-2,-2,169,1,275,0
-5,-1,189,1,275,0
2,-1,189,1,275,0
-4,3,261,1,275,0
-5,4,253,1,275,0
-7,6,237,1,275,0
-6,5,245,1,275,0
0,-5,243,1,275,0
0,2,252,1,275,0
5,7,254,1,275,0
-3,2,269,1,275,0
-2,1,261,1,275,0
4,6,262,1,275,0
3,5,269,1,275,0
-1,0,269,1,275,0
-3,-6,45,1,275,0
-5,-2,48,1,275,0
3,6,51,1,275,0
7,-7,55,1,275,0
2,5,78,1,275,0
3,-5,91,1,275,0
5,-1,106,1,275,0
1,4,126,1,275,0
2,-2,131,1,275,0
-2,-3,161,1,275,0
-3,3,266,1,275,0
-4,4,257,1,275,0
0,-6,236,1,275,0
-6,6,238,1,275,0
-5,5,247,1,275,0
4,7,242,1,275,0
0,3,245,1,275,0
5,8,246,1,275,0
7,0,251,1,275,0
-1,1,266,1,275,0
-2,2,275,1,275,0
-6,-6,14,1,275,0
-2,-4,48,1,275,0
0,-7,105,1,275,0
2,6,112,1,275,0
1,5,119,1,275,0
2,-3,124,1,275,0
-1,2,176,1,275,0
0,4,194,1,275,0
-3,-7,208,1,275,0
5,-2,212,1,275,0
-8,-2,213,1,275,0
3,7,235,1,275,0
8,-1,239,1,275,0
-5,6,242,1,275,0
-5,-3,251,1,275,0
-4,5,253,1,275,0
6,0,257,1,275,0
-3,4,264,1,275,0
-2,3,271,1,275,0
-1,-1,274,1,275,0
-9,-6,4,1,275,0
-6,-7,9,1,275,0
3,8,13,1,275,0
5,-3,58,1,275,0
3,-7,79,1,275,0
8,3,84,1,275,0
7,2,103,1,275,0
1,6,113,1,275,0
-1,-2,154,1,275,0
-4,-1,182,1,275,0
-3,-8,205,1,275,0
0,5,208,1,275,0
8,-2,228,1,275,0
2,7,229,1,275,0
-2,4,229,1,275,0
-1,3,244,1,275,0
-4,6,248,1,275,0
-3,5,256,1,275,0
5,0,263,1,275,0
1,-1,273,1,275,0
8,-3,39,1,275,0
-1,-3,53,1,275,0
-2,-6,59,1,275,0
6,-7,62,1,275,0
2,-5,85,1,275,0
6,2,109,1,275,0
5,1,116,1,275,0
1,-2,133,1,275,0
-8,1,189,1,275,0
-3,6,192,1,275,0
4,-1,199,1,275,0
0,6,202,1,275,0
-7,-1,208,1,275,0
1,7,222,1,275,0
-2,5,223,1,275,0
2,8,224,1,275,0
7,3,226,1,275,0
8,4,229,1,275,0
-1,4,239,1,275,0
-4,-2,259,1,275,0
4,0,269,1,275,0
2,9,5,1,275,0
-3,7,14,1,275,0
-5,-6,21,1,275,0
-1,-4,52,1,275,0
8,5,91,1,275,0
1,-3,93,1,275,0
5,-5,102,1,275,0
5,2,113,1,275,0
4,1,122,1,275,0
-7,1,203,1,275,0
-2,6,199,1,275,0
-6,0,199,1,275,0
4,-2,205,1,275,0
0,7,212,1,275,0
-2,-7,215,1,275,0
-7,-2,218,1,275,0
1,8,218,1,275,0
6,3,219,1,275,0
-1,5,233,1,275,0
7,4,236,1,275,0
7,-1,242,1,275,0
-4,-3,254,1,275,0
3,0,274,1,275,0
-5,-7,8,1,276,0
-8,-6,9,1,276,0
-3,8,9,1,276,0
4,-3,64,1,276,0
-1,-5,66,1,276,0
2,-7,87,1,276,0
1,-4,97,1,276,0
3,1,129,1,276,0
-3,-1,175,1,276,0
-6,1,199,1,276,0
-4,-4,181,1,276,0
2,0,188,1,276,0
-7,2,209,1,276,0
-2,7,209,1,276,0
5,3,212,1,276,0
0,8,215,1,276,0
-7,-3,222,1,276,0
-1,6,226,1,276,0
7,-2,235,1,276,0
7,5,242,1,276,0
8,6,249,1,276,0
0,-1,274,1,276,0
-3,9,3,1,276,0
-7,-4,28,1,276,0
7,-3,46,1,276,0
5,-7,68,1,276,0
1,-5,79,1,276,0
6,5,106,1,276,0
4,-4,112,1,276,0
5,4,115,1,276,0
2,1,139,1,276,0
1,0,183,1,276,0
-4,-5,188,1,276,0
-4,0,192,1,276,0
3,2,195,1,276,0
-6,-1,196,1,276,0
3,-1,198,1,276,0
-5,1,201,1,276,0
4,3,206,1,276,0
-7,3,216,1,276,0
-1,7,219,1,276,0
-1,-6,235,1,276,0
7,6,244,1,276,0
8,7,254,1,276,0
-3,-2,266,1,276,0
0,-2,268,1,276,0
-8,5,2,1,276,0
-7,-5,21,1,276,0
8,-7,48,1,276,0
1,-6,93,1,276,0
4,-5,108,1,276,0
5,5,119,1,276,0
4,4,129,1,276,0
1,1,157,1,276,0
-3,-3,169,1,276,0
-3,0,187,1,276,0
2,2,192,1,276,0
-4,1,194,1,276,0
-4,-6,194,1,276,0
3,3,199,1,276,0
-5,2,205,1,276,0
-1,8,213,1,276,0
-7,4,223,1,276,0
-1,-7,229,1,276,0
0,-3,261,1,276,0
7,7,268,1,276,0
0,0,275,1,276,0
6,6,275,1,276,0
-7,5,229,1,276,0
-7,-6,14,1,276,0
-3,-4,42,1,276,0
1,-7,91,1,276,0
3,-3,121,1,276,0
2,3,139,1,276,0
-3,1,162,1,276,0
-2,0,179,1,276,0
1,2,186,1,276,0
-4,-7,199,1,276,0
-4,2,208,1,276,0
6,-2,219,1,276,0
-1,-8,224,1,276,0
-6,-3,239,1,276,0
0,-4,255,1,276,0
5,6,255,1,276,0
0,1,258,1,276,0
7,8,261,1,276,0
4,5,266,1,276,0
6,7,269,1,276,0
-2,-1,273,1,276,0
3,4,275,1,276,0
1,-8,3,1,276,0
-4,-8,5,1,276,0
6,-3,52,1,276,0
2,4,73,1,276,0
4,-7,74,1,276,0
3,-4,116,1,276,0
1,3,132,1,276,0
-2,-2,169,1,276,0
-5,-1,189,1,276,0
2,-1,189,1,276,0
-4,3,261,1,276,0
-5,4,253,1,276,0
-7,6,237,1,276,0
-6,5,245,1,276,0
0,-5,243,1,276,0
0,2,252,1,276,0
5,7,254,1,276,0
-3,2,269,1,276,0
-2,1,261,1,276,0
4,6,262,1,276,0
3,5,269,1,276,0
-1,0,269,1,276,0
-3,-6,45,1,276,0
-5,-2,48,1,276,0
3,6,51,1,276,0
7,-7,55,1,276,0
2,5,78,1,276,0
3,-5,91,1,276,0
5,-1,106,1,276,0
1,4,126,1,276,0
2,-2,131,1,276,0
-2,-3,161,1,276,0
-3,3,266,1,276,0
-4,4,257,1,276,0
0,-6,236,1,276,0
-6,6,238,1,276,0
-5,5,247,1,276,0
4,7,242,1,276,0
0,3,245,1,276,0
5,8,246,1,276,0
7,0,251,1,276,0
-1,1,266,1,276,0
-2,2,276,1,276,0
-6,-6,14,1,276,0
-2,-4,48,1,276,0
0,-7,105,1,276,0
2,6,112,1,276,0
1,5,119,1,276,0
2,-3,124,1,276,0
0,4,194,1,276,0
-3,-7,208,1,276,0
5,-2,212,1,276,0
-8,-2,213,1,276,0
3,7,235,1,276,0
8,-1,239,1,276,0
-5,6,242,1,276,0
-5,-3,251,1,276,0
-4,5,253,1,276,0
6,0,257,1,276,0
-3,4,264,1,276,0
-2,3,271,1,276,0
-1,2,275,1,276,0
-1,-1,275,1,276,0
-9,-6,4,1,276,0
-6,-7,9,1,276,0
3,8,13,1,276,0
5,-3,58,1,276,0
3,-7,79,1,276,0
8,3,84,1,276,0
7,2,103,1,276,0
1,6,113,1,276,0
-1,-2,154,1,276,0
-4,-1,182,1,276,0
-3,-8,205,1,276,0
0,5,208,1,276,0
8,-2,228,1,276,0
2,7,229,1,276,0
-2,4,229,1,276,0
-1,3,244,1,276,0
-4,6,248,1,276,0
-3,5,256,1,276,0
5,0,263,1,276,0
1,-1,275,1,276,0
8,-3,39,1,276,0
-1,-3,53,1,276,0
-2,-6,59,1,276,0
6,-7,62,1,276,0
2,-5,85,1,276,0
6,2,109,1,276,0
5,1,116,1,276,0
1,-2,133,1,276,0
-8,1,189,1,276,0
-3,6,192,1,276,0
4,-1,199,1,276,0
0,6,202,1,276,0
-7,-1,208,1,276,0
1,7,222,1,276,0
-2,5,223,1,276,0
2,8,224,1,276,0
7,3,226,1,276,0
8,4,229,1,276,0
-1,4,239,1,276,0
-4,-2,259,1,276,0
4,0,269,1,276,0
2,9,5,1,276,0
-3,7,14,1,276,0
-5,-6,21,1,276,0
-1,-4,52,1,276,0
8,5,91,1,276,0
1,-3,93,1,276,0
5,-5,102,1,276,0
5,2,113,1,276,0
4,1,122,1,276,0
-7,1,203,1,276,0
-2,6,199,1,276,0
-6,0,199,1,276,0
4,-2,205,1,276,0
0,7,212,1,276,0
-2,-7,215,1,276,0
-7,-2,218,1,276,0
1,8,218,1,276,0
6,3,219,1,276,0
-1,5,233,1,276,0
7,4,236,1,276,0
7,-1,242,1,276,0
-4,-3,254,1,276,0
3,0,275,1,276,0
-5,-7,8,1,277,0
-8,-6,9,1,277,0
-3,8,9,1,277,0
4,-3,64,1,277,0
-1,-5,66,1,277,0
2,-7,87,1,277,0
1,-4,97,1,277,0
3,1,129,1,277,0
-3,-1,175,1,277,0
-6,1,199,1,277,0
-4,-4,181,1,277,0
2,0,188,1,277,0
-7,2,209,1,277,0
-2,7,209,1,277,0
5,3,212,1,277,0
0,8,215,1,277,0
-7,-3,222,1,277,0
-1,6,226,1,277,0
7,-2,235,1,277,0
7,5,242,1,277,0
8,6,249,1,277,0
0,-1,274,1,277,0
-3,9,3,1,277,0
-7,-4,28,1,277,0
7,-3,46,1,277,0
5,-7,68,1,277,0
1,-5,79,1,277,0
6,5,106,1,277,0
4,-4,112,1,277,0
5,4,115,1,277,0
2,1,139,1,277,0
1,0,183,1,277,0
-4,-5,188,1,277,0
-4,0,192,1,277,0
3,2,195,1,277,0
-6,-1,196,1,277,0
3,-1,198,1,277,0
-5,1,201,1,277,0
4,3,206,1,277,0
-7,3,216,1,277,0
-1,7,219,1,277,0
-1,-6,235,1,277,0
7,6,244,1,277,0
8,7,254,1,277,0
-3,-2,266,1,277,0
0,-2,268,1,277,0
-8,5,2,1,277,0
-7,-5,21,1,277,0
8,-7,48,1,277,0
1,-6,93,1,277,0
4,-5,108,1,277,0
5,5,119,1,277,0
4,4,129,1,277,0
1,1,157,1,277,0
-3,-3,169,1,277,0
-3,0,187,1,277,0
2,2,192,1,277,0
-4,1,194,1,277,0
-4,-6,194,1,277,0
3,3,199,1,277,0
-5,2,205,1,277,0
-1,8,213,1,277,0
-7,4,223,1,277,0
-1,-7,229,1,277,0
0,-3,261,1,277,0
7,7,268,1,277,0
0,0,276,1,277,0
6,6,276,1,277,0
-7,5,229,1,277,0
-7,-6,14,1,277,0
-3,-4,42,1,277,0
1,-7,91,1,277,0
3,-3,121,1,277,0
2,3,139,1,277,0
-3,1,162,1,277,0
-2,0,179,1,277,0
1,2,186,1,277,0
-4,-7,199,1,277,0
-4,2,208,1,277,0
6,-2,219,1,277,0
-1,-8,224,1,277,0
-6,-3,239,1,277,0
0,-4,255,1,277,0
5,6,255,1,277,0
0,1,258,1,277,0
7,8,261,1,277,0
4,5,266,1,277,0
6,7,269,1,277,0
-2,-1,273,1,277,0
3,4,276,1,277,0
1,-8,3,1,277,0
-4,-8,5,1,277,0
6,-3,52,1,277,0
2,4,73,1,277,0
4,-7,74,1,277,0
3,-4,116,1,277,0
1,3,132,1,277,0
-2,-2,169,1,277,0
-5,-1,189,1,277,0
-4,3,261,1,277,0
-5,4,253,1,277,0
-7,6,237,1,277,0
-6,5,245,1,277,0
0,-5,243,1,277,0
0,2,252,1,277,0
5,7,254,1,277,0
-3,2,269,1,277,0
-2,1,277,1,277,0
4,6,262,1,277,0
3,5,269,1,277,0
-1,0,269,1,277,0
2,-1,276,1,277,0
-3,-6,45,1,277,0
-5,-2,48,1,277,0
3,6,51,1,277,0
7,-7,55,1,277,0
2,5,78,1,277,0
3,-5,91,1,277,0
5,-1,106,1,277,0
1,4,126,1,277,0
2,-2,131,1,277,0
-2,-3,161,1,277,0
-3,3,266,1,277,0
-4,4,257,1,277,0
0,-6,236,1,277,0
-6,6,238,1,277,0
-5,5,247,1,277,0
4,7,242,1,277,0
0,3,245,1,277,0
5,8,246,1,277,0
7,0,251,1,277,0
-1,1,266,1,277,0
-2,2,276,1,277,0
-6,-6,14,1,277,0
-2,-4,48,1,277,0
0,-7,105,1,277,0
2,6,112,1,277,0
1,5,119,1,277,0
2,-3,124,1,277,0
0,4,194,1,277,0
-3,-7,208,1,277,0
5,-2,212,1,277,0
-8,-2,213,1,277,0
3,7,235,1,277,0
8,-1,239,1,277,0
-5,6,242,1,277,0
-5,-3,251,1,277,0
-4,5,253,1,277,0
6,0,257,1,277,0
-3,4,264,1,277,0
-2,3,271,1,277,0
-1,2,276,1,277,0
-1,-1,276,1,277,0
-9,-6,4,1,277,0
-6,-7,9,1,277,0
3,8,13,1,277,0
5,-3,58,1,277,0
3,-7,79,1,277,0
8,3,84,1,277,0
7,2,103,1,277,0
1,6,113,1,277,0
-1,-2,154,1,277,0
-4,-1,182,1,277,0
-3,-8,205,1,277,0
0,5,208,1,277,0
8,-2,228,1,277,0
2,7,229,1,277,0
-2,4,229,1,277,0
-1,3,244,1,277,0
-4,6,248,1,277,0
-3,5,256,1,277,0
5,0,263,1,277,0
1,-1,275,1,277,0
8,-3,39,1,277,0
-1,-3,53,1,277,0
-2,-6,59,1,277,0
6,-7,62,1,277,0
2,-5,85,1,277,0
6,2,109,1,277,0
5,1,116,1,277,0
1,-2,133,1,277,0
-8,1,189,1,277,0
-3,6,192,1,277,0
4,-1,199,1,277,0
0,6,202,1,277,0
-7,-1,208,1,277,0
1,7,222,1,277,0
-2,5,223,1,277,0
2,8,224,1,277,0
7,3,226,1,277,0
8,4,229,1,277,0
-1,4,239,1,277,0
-4,-2,259,1,277,0
4,0,269,1,277,0
2,9,5,1,277,0
-3,7,14,1,277,0
-5,-6,21,1,277,0
-1,-4,52,1,277,0
8,5,91,1,277,0
1,-3,93,1,277,0
5,-5,102,1,277,0
5,2,113,1,277,0
4,1,122,1,277,0
-7,1,203,1,277,0
-2,6,199,1,277,0
-6,0,199,1,277,0
4,-2,205,1,277,0
0,7,212,1,277,0
-2,-7,215,1,277,0
-7,-2,218,1,277,0
1,8,218,1,277,0
6,3,219,1,277,0
-1,5,233,1,277,0
7,4,236,1,277,0
7,-1,242,1,277,0
-4,-3,254,1,277,0
3,0,276,1,277,0
-5,-7,8,1,278,0
-8,-6,9,1,278,0
-3,8,9,1,278,0
4,-3,64,1,278,0
-1,-5,66,1,278,0
2,-7,87,1,278,0
1,-4,97,1,278,0
3,1,129,1,278,0
-3,-1,175,1,278,0
-6,1,199,1,278,0
-4,-4,181,1,278,0
-7,2,209,1,278,0
-2,7,209,1,278,0
5,3,212,1,278,0
0,8,215,1,278,0
-7,-3,222,1,278,0
-1,6,226,1,278,0
7,-2,235,1,278,0
7,5,242,1,278,0
8,6,249,1,278,0
0,-1,274,1,278,0
2,0,277,1,278,0
-3,9,3,1,278,0
-7,-4,28,1,278,0
7,-3,46,1,278,0
5,-7,68,1,278,0
1,-5,79,1,278,0
6,5,106,1,278,0
4,-4,112,1,278,0
5,4,115,1,278,0
2,1,139,1,278,0
1,0,183,1,278,0
-4,-5,188,1,278,0
-4,0,192,1,278,0
3,2,195,1,278,0
-6,-1,196,1,278,0
3,-1,198,1,278,0
-5,1,201,1,278,0
4,3,206,1,278,0
-7,3,216,1,278,0
-1,7,219,1,278,0
-1,-6,235,1,278,0
7,6,244,1,278,0
8,7,254,1,278,0
-3,-2,266,1,278,0
0,-2,268,1,278,0
-8,5,2,1,278,0
-7,-5,21,1,278,0
8,-7,48,1,278,0
1,-6,93,1,278,0
4,-5,108,1,278,0
5,5,119,1,278,0
4,4,129,1,278,0
1,1,157,1,278,0
-3,-3,169,1,278,0
-3,0,187,1,278,0
2,2,192,1,278,0
-4,1,194,1,278,0
-4,-6,194,1,278,0
3,3,199,1,278,0
-5,2,205,1,278,0
-1,8,213,1,278,0
-7,4,223,1,278,0
-1,-7,229,1,278,0
0,-3,261,1,278,0
7,7,268,1,278,0
0,0,277,1,278,0
6,6,277,1,278,0
-7,5,229,1,278,0
-7,-6,14,1,278,0
-3,-4,42,1,278,0
1,-7,91,1,278,0
3,-3,121,1,278,0
2,3,139,1,278,0
-3,1,162,1,278,0
-2,0,179,1,278,0
1,2,186,1,278,0
-4,-7,199,1,278,0
-4,2,208,1,278,0
6,-2,219,1,278,0
-1,-8,224,1,278,0
-6,-3,239,1,278,0
0,-4,255,1,278,0
5,6,255,1,278,0
0,1,258,1,278,0
7,8,261,1,278,0
4,5,266,1,278,0
6,7,269,1,278,0
3,4,276,1,278,0
-2,-1,277,1,278,0
1,-8,3,1,278,0
-4,-8,5,1,278,0
6,-3,52,1,278,0
4,-7,74,1,278,0
3,-4,116,1,278,0
1,3,132,1,278,0
-2,-2,169,1,278,0
-5,-1,189,1,278,0
-4,3,261,1,278,0
-5,4,253,1,278,0
-7,6,237,1,278,0
-6,5,245,1,278,0
0,-5,243,1,278,0
0,2,252,1,278,0
5,7,254,1,278,0
-3,2,269,1,278,0
-2,1,278,1,278,0
4,6,262,1,278,0
3,5,269,1,278,0
-1,0,269,1,278,0
2,-1,277,1,278,0
2,4,277,1,278,0
-3,-6,45,1,278,0
-5,-2,48,1,278,0
3,6,51,1,278,0
7,-7,55,1,278,0
2,5,78,1,278,0
3,-5,91,1,278,0
5,-1,106,1,278,0
1,4,126,1,278,0
2,-2,131,1,278,0
-2,-3,161,1,278,0
-3,3,266,1,278,0
-4,4,257,1,278,0
0,-6,236,1,278,0
-6,6,238,1,278,0
-5,5,247,1,278,0
4,7,242,1,278,0
0,3,245,1,278,0
5,8,246,1,278,0
7,0,251,1,278,0
-1,1,266,1,278,0
-2,2,276,1,278,0
-6,-6,14,1,278,0
-2,-4,48,1,278,0
0,-7,105,1,278,0
2,6,112,1,278,0
1,5,119,1,278,0
2,-3,124,1,278,0
0,4,194,1,278,0
-3,-7,208,1,278,0
5,-2,212,1,278,0
-8,-2,213,1,278,0
3,7,235,1,278,0
8,-1,239,1,278,0
-5,6,242,1,278,0
-5,-3,251,1,278,0
-4,5,253,1,278,0
6,0,257,1,278,0
-3,4,264,1,278,0
-2,3,271,1,278,0
-1,-1,276,1,278,0
-1,2,277,1,278,0
-9,-6,4,1,278,0
-6,-7,9,1,278,0
3,8,13,1,278,0
5,-3,58,1,278,0
3,-7,79,1,278,0
8,3,84,1,278,0
7,2,103,1,278,0
1,6,113,1,278,0
-1,-2,154,1,278,0
-4,-1,182,1,278,0
-3,-8,205,1,278,0
0,5,208,1,278,0
8,-2,228,1,278,0
2,7,229,1,278,0
-2,4,229,1,278,0
-1,3,244,1,278,0
-4,6,248,1,278,0
-3,5,256,1,278,0
5,0,263,1,278,0
1,-1,275,1,278,0
8,-3,39,1,278,0
-1,-3,53,1,278,0
-2,-6,59,1,278,0
6,-7,62,1,278,0
2,-5,85,1,278,0
6,2,109,1,278,0
5,1,116,1,278,0
1,-2,133,1,278,0
-8,1,189,1,278,0
-3,6,192,1,278,0
4,-1,199,1,278,0
0,6,202,1,278,0
-7,-1,208,1,278,0
1,7,222,1,278,0
-2,5,223,1,278,0
2,8,224,1,278,0
7,3,226,1,278,0
8,4,229,1,278,0
-1,4,239,1,278,0
-4,-2,259,1,278,0
4,0,269,1,278,0
2,9,5,1,278,0
-3,7,14,1,278,0
-5,-6,21,1,278,0
-1,-4,52,1,278,0
8,5,91,1,278,0
1,-3,93,1,278,0
5,-5,102,1,278,0
5,2,113,1,278,0
4,1,122,1,278,0
-7,1,203,1,278,0
-2,6,199,1,278,0
-6,0,199,1,278,0
4,-2,205,1,278,0
0,7,212,1,278,0
-2,-7,215,1,278,0
-7,-2,218,1,278,0
1,8,218,1,278,0
6,3,219,1,278,0
-1,5,233,1,278,0
7,4,236,1,278,0
7,-1,242,1,278,0
-4,-3,254,1,278,0
3,0,276,1,278,0
-5,-7,8,1,279,0
-8,-6,9,1,279,0
-3,8,9,1,279,0
4,-3,64,1,279,0
-1,-5,66,1,279,0
2,-7,87,1,279,0
1,-4,97,1,279,0
3,1,129,1,279,0
-3,-1,175,1,279,0
-6,1,199,1,279,0
-4,-4,181,1,279,0
-7,2,209,1,279,0
-2,7,209,1,279,0
5,3,212,1,279,0
0,8,215,1,279,0
-7,-3,222,1,279,0
-1,6,226,1,279,0
7,-2,235,1,279,0
7,5,242,1,279,0
8,6,249,1,279,0
0,-1,274,1,279,0
2,0,278,1,279,0
-3,9,3,1,279,0
-7,-4,28,1,279,0
7,-3,46,1,279,0
5,-7,68,1,279,0
1,-5,79,1,279,0
6,5,106,1,279,0
4,-4,112,1,279,0
5,4,115,1,279,0
2,1,139,1,279,0
1,0,183,1,279,0
-4,-5,188,1,279,0
-4,0,192,1,279,0
3,2,195,1,279,0
-6,-1,196,1,279,0
3,-1,198,1,279,0
-5,1,201,1,279,0
4,3,206,1,279,0
-7,3,216,1,279,0
-1,7,219,1,279,0
-1,-6,235,1,279,0
7,6,244,1,279,0
8,7,254,1,279,0
-3,-2,266,1,279,0
0,-2,268,1,279,0
-8,5,2,1,279,0
-7,-5,21,1,279,0
8,-7,48,1,279,0
1,-6,93,1,279,0
4,-5,108,1,279,0
5,5,119,1,279,0
4,4,129,1,279,0
1,1,157,1,279,0
-3,-3,169,1,279,0
-3,0,187,1,279,0
2,2,192,1,279,0
-4,1,194,1,279,0
-4,-6,194,1,279,0
3,3,199,1,279,0
-5,2,205,1,279,0
-1,8,213,1,279,0
-7,4,223,1,279,0
-1,-7,229,1,279,0
0,-3,261,1,279,0
7,7,268,1,279,0
6,6,277,1,279,0
0,0,278,1,279,0
-7,5,229,1,279,0
-7,-6,14,1,279,0
-3,-4,42,1,279,0
1,-7,91,1,279,0
3,-3,121,1,279,0
-3,1,162,1,279,0
-2,0,179,1,279,0
1,2,186,1,279,0
-4,-7,199,1,279,0
-4,2,208,1,279,0
6,-2,219,1,279,0
-1,-8,224,1,279,0
-6,-3,239,1,279,0
0,-4,255,1,279,0
0,1,258,1,279,0
7,8,261,1,279,0
4,5,266,1,279,0
6,7,269,1,279,0
3,4,276,1,279,0
-2,-1,278,1,279,0
2,3,278,1,279,0
5,6,278,1,279,0
1,-8,3,1,279,0
-4,-8,5,1,279,0
6,-3,52,1,279,0
4,-7,74,1,279,0
3,-4,116,1,279,0
1,3,132,1,279,0
-2,-2,169,1,279,0
-5,-1,189,1,279,0
-4,3,261,1,279,0
-5,4,253,1,279,0
-7,6,237,1,279,0
-6,5,245,1,279,0
0,-5,243,1,279,0
0,2,252,1,279,0
5,7,254,1,279,0
-3,2,269,1,279,0
-2,1,278,1,279,0
4,6,262,1,279,0
3,5,269,1,279,0
-1,0,269,1,279,0
2,-1,277,1,279,0
2,4,277,1,279,0
-3,-6,45,1,279,0
-5,-2,48,1,279,0
3,6,51,1,279,0
7,-7,55,1,279,0
2,5,78,1,279,0
3,-5,91,1,279,0
5,-1,106,1,279,0
1,4,126,1,279,0
2,-2,131,1,279,0
-2,-3,161,1,279,0
-3,3,266,1,279,0
-4,4,257,1,279,0
0,-6,236,1,279,0
-6,6,238,1,279,0
-5,5,247,1,279,0
4,7,242,1,279,0
0,3,245,1,279,0
5,8,246,1,279,0
7,0,251,1,279,0
-1,1,279,1,279,0
-2,2,276,1,279,0
-6,-6,14,1,279,0
-2,-4,48,1,279,0
0,-7,105,1,279,0
2,6,112,1,279,0
1,5,119,1,279,0
2,-3,124,1,279,0
0,4,194,1,279,0
-3,-7,208,1,279,0
5,-2,212,1,279,0
-8,-2,213,1,279,0
3,7,235,1,279,0
8,-1,239,1,279,0
-5,6,242,1,279,0
-5,-3,251,1,279,0
-4,5,253,1,279,0
6,0,257,1,279,0
-3,4,264,1,279,0
-2,3,271,1,279,0
-1,-1,276,1,279,0
-1,2,278,1,279,0
-9,-6,4,1,279,0
-6,-7,9,1,279,0
3,8,13,1,279,0
5,-3,58,1,279,0
3,-7,79,1,279,0
8,3,84,1,279,0
7,2,103,1,279,0
1,6,113,1,279,0
-1,-2,154,1,279,0
-4,-1,182,1,279,0
-3,-8,205,1,279,0
0,5,208,1,279,0
8,-2,228,1,279,0
2,7,229,1,279,0
-2,4,229,1,279,0
-1,3,244,1,279,0
-4,6,248,1,279,0
-3,5,256,1,279,0
5,0,263,1,279,0
1,-1,275,1,279,0
8,-3,39,1,279,0
-1,-3,53,1,279,0
-2,-6,59,1,279,0
6,-7,62,1,279,0
2,-5,85,1,279,0
6,2,109,1,279,0
5,1,116,1,279,0
1,-2,133,1,279,0
-8,1,189,1,279,0
-3,6,192,1,279,0
4,-1,199,1,279,0
0,6,202,1,279,0
-7,-1,208,1,279,0
1,7,222,1,279,0
-2,5,223,1,279,0
2,8,224,1,279,0
7,3,226,1,279,0
8,4,229,1,279,0
-1,4,239,1,279,0
-4,-2,259,1,279,0
4,0,269,1,279,0
2,9,5,1,279,0
-3,7,14,1,279,0
-5,-6,21,1,279,0
-1,-4,52,1,279,0
8,5,91,1,279,0
1,-3,93,1,279,0
5,-5,102,1,279,0
5,2,113,1,279,0
4,1,122,1,279,0
-7,1,203,1,279,0
-2,6,199,1,279,0
-6,0,199,1,279,0
4,-2,205,1,279,0
0,7,212,1,279,0
-2,-7,215,1,279,0
-7,-2,218,1,279,0
1,8,218,1,279,0
6,3,219,1,279,0
-1,5,233,1,279,0
7,4,236,1,279,0
7,-1,242,1,279,0
-4,-3,254,1,279,0
3,0,276,1,279,0
-5,-7,8,1,280,0
-8,-6,9,1,280,0
-3,8,9,1,280,0
4,-3,64,1,280,0
-1,-5,66,1,280,0
2,-7,87,1,280,0
1,-4,97,1,280,0
3,1,129,1,280,0
-3,-1,175,1,280,0
-6,1,199,1,280,0
-4,-4,181,1,280,0
-7,2,209,1,280,0
-2,7,209,1,280,0
5,3,212,1,280,0
0,8,215,1,280,0
-7,-3,222,1,280,0
-1,6,226,1,280,0
7,-2,235,1,280,0
7,5,242,1,280,0
8,6,249,1,280,0
0,-1,274,1,280,0
2,0,279,1,280,0
-3,9,3,1,280,0
-7,-4,28,1,280,0
7,-3,46,1,280,0
5,-7,68,1,280,0
1,-5,79,1,280,0
6,5,106,1,280,0
4,-4,112,1,280,0
5,4,115,1,280,0
2,1,139,1,280,0
1,0,183,1,280,0
-4,-5,188,1,280,0
-4,0,192,1,280,0
3,2,195,1,280,0
-6,-1,196,1,280,0
3,-1,198,1,280,0
-5,1,201,1,280,0
4,3,206,1,280,0
-7,3,216,1,280,0
-1,7,219,1,280,0
-1,-6,235,1,280,0
7,6,244,1,280,0
8,7,254,1,280,0
-3,-2,266,1,280,0
0,-2,268,1,280,0
-8,5,2,1,280,0
-7,-5,21,1,280,0
8,-7,48,1,280,0
1,-6,93,1,280,0
4,-5,108,1,280,0
4,4,129,1,280,0
1,1,157,1,280,0
-3,-3,169,1,280,0
-3,0,187,1,280,0
2,2,192,1,280,0
-4,1,194,1,280,0
-4,-6,194,1,280,0
3,3,199,1,280,0
-5,2,205,1,280,0
-1,8,213,1,280,0
-7,4,223,1,280,0
-1,-7,229,1,280,0
0,-3,261,1,280,0
7,7,268,1,280,0
6,6,277,1,280,0
0,0,279,1,280,0
5,5,279,1,280,0
-7,5,229,1,280,0
-7,-6,14,1,280,0
-3,-4,42,1,280,0
1,-7,91,1,280,0
3,-3,121,1,280,0
-3,1,162,1,280,0
-2,0,179,1,280,0
1,2,186,1,280,0
-4,-7,199,1,280,0
-4,2,208,1,280,0
6,-2,219,1,280,0
-1,-8,224,1,280,0
-6,-3,239,1,280,0
0,-4,255,1,280,0
0,1,258,1,280,0
7,8,261,1,280,0
4,5,266,1,280,0
6,7,269,1,280,0
3,4,276,1,280,0
5,6,278,1,280,0
-2,-1,279,1,280,0
2,3,279,1,280,0
1,-8,3,1,280,0
-4,-8,5,1,280,0
6,-3,52,1,280,0
4,-7,74,1,280,0
3,-4,116,1,280,0
1,3,132,1,280,0
-2,-2,169,1,280,0
-5,-1,189,1,280,0
-4,3,261,1,280,0
-5,4,253,1,280,0
-7,6,237,1,280,0
-6,5,245,1,280,0
0,-5,243,1,280,0
0,2,252,1,280,0
5,7,254,1,280,0
-3,2,269,1,280,0
-2,1,278,1,280,0
4,6,262,1,280,0
3,5,269,1,280,0
-1,0,269,1,280,0
2,4,277,1,280,0
2,-1,279,1,280,0
-3,-6,45,1,280,0
-5,-2,48,1,280,0
3,6,51,1,280,0
7,-7,55,1,280,0
2,5,78,1,280,0
3,-5,91,1,280,0
5,-1,106,1,280,0
1,4,126,1,280,0
2,-2,131,1,280,0
-2,-3,161,1,280,0
-3,3,266,1,280,0
-4,4,257,1,280,0
0,-6,236,1,280,0
-6,6,238,1,280,0
-5,5,247,1,280,0
4,7,242,1,280,0
0,3,245,1,280,0
5,8,246,1,280,0
7,0,251,1,280,0
-1,1,279,1,280,0
-2,2,276,1,280,0
-6,-6,14,1,280,0
-2,-4,48,1,280,0
0,-7,105,1,280,0
2,6,112,1,280,0
1,5,119,1,280,0
2,-3,124,1,280,0
0,4,194,1,280,0
-3,-7,208,1,280,0
5,-2,212,1,280,0
-8,-2,213,1,280,0
3,7,235,1,280,0
8,-1,239,1,280,0
-5,6,242,1,280,0
-5,-3,251,1,280,0
-4,5,253,1,280,0
6,0,257,1,280,0
-3,4,264,1,280,0
-2,3,271,1,280,0
-1,-1,276,1,280,0
-1,2,279,1,280,0
-9,-6,4,1,280,0
-6,-7,9,1,280,0
3,8,13,1,280,0
5,-3,58,1,280,0
3,-7,79,1,280,0
8,3,84,1,280,0
7,2,103,1,280,0
1,6,113,1,280,0
-1,-2,154,1,280,0
-4,-1,182,1,280,0
-3,-8,205,1,280,0
0,5,208,1,280,0
8,-2,228,1,280,0
2,7,229,1,280,0
-2,4,229,1,280,0
-1,3,244,1,280,0
-4,6,248,1,280,0
-3,5,256,1,280,0
5,0,263,1,280,0
1,-1,275,1,280,0
8,-3,39,1,280,0
-1,-3,53,1,280,0
-2,-6,59,1,280,0
6,-7,62,1,280,0
2,-5,85,1,280,0
6,2,109,1,280,0
5,1,116,1,280,0
1,-2,133,1,280,0
-8,1,189,1,280,0
-3,6,192,1,280,0
4,-1,199,1,280,0
0,6,202,1,280,0
-7,-1,208,1,280,0
1,7,222,1,280,0
-2,5,223,1,280,0
2,8,224,1,280,0
7,3,226,1,280,0
8,4,229,1,280,0
-1,4,239,1,280,0
-4,-2,259,1,280,0
4,0,269,1,280,0
2,9,5,1,280,0
-3,7,14,1,280,0
-5,-6,21,1,280,0
-1,-4,52,1,280,0
8,5,91,1,280,0
1,-3,93,1,280,0
5,-5,102,1,280,0
5,2,113,1,280,0
4,1,122,1,280,0
-7,1,203,1,280,0
-2,6,199,1,280,0
-6,0,199,1,280,0
4,-2,205,1,280,0
0,7,212,1,280,0
-2,-7,215,1,280,0
-7,-2,218,1,280,0
1,8,218,1,280,0
6,3,219,1,280,0
-1,5,233,1,280,0
7,4,236,1,280,0
7,-1,242,1,280,0
-4,-3,254,1,280,0
3,0,276,1,280,0
-5,-7,8,1,281,0
-8,-6,9,1,281,0
-3,8,9,1,281,0
4,-3,64,1,281,0
-1,-5,66,1,281,0
2,-7,87,1,281,0
1,-4,97,1,281,0
3,1,129,1,281,0
-3,-1,175,1,281,0
-6,1,199,1,281,0
-4,-4,181,1,281,0
-7,2,209,1,281,0
-2,7,209,1,281,0
5,3,212,1,281,0
0,8,215,1,281,0
-7,-3,222,1,281,0
-1,6,226,1,281,0
7,-2,235,1,281,0
7,5,242,1,281,0
8,6,249,1,281,0
0,-1,274,1,281,0
2,0,279,1,281,0
-3,9,3,1,281,0
-7,-4,28,1,281,0
7,-3,46,1,281,0
5,-7,68,1,281,0
1,-5,79,1,281,0
6,5,106,1,281,0
4,-4,112,1,281,0
5,4,115,1,281,0
2,1,139,1,281,0
1,0,183,1,281,0
-4,-5,188,1,281,0
-4,0,192,1,281,0
3,2,195,1,281,0
-6,-1,196,1,281,0
3,-1,198,1,281,0
-5,1,201,1,281,0
4,3,206,1,281,0
-7,3,216,1,281,0
-1,7,219,1,281,0
-1,-6,235,1,281,0
7,6,244,1,281,0
8,7,254,1,281,0
-3,-2,266,1,281,0
0,-2,268,1,281,0
-8,5,2,1,281,0
-7,-5,21,1,281,0
8,-7,48,1,281,0
1,-6,93,1,281,0
4,-5,108,1,281,0
4,4,129,1,281,0
1,1,157,1,281,0
-3,-3,169,1,281,0
-3,0,187,1,281,0
2,2,192,1,281,0
-4,1,194,1,281,0
-4,-6,194,1,281,0
3,3,199,1,281,0
-5,2,205,1,281,0
-1,8,213,1,281,0
-7,4,223,1,281,0
-1,-7,229,1,281,0
0,-3,261,1,281,0
7,7,268,1,281,0
6,6,277,1,281,0
5,5,279,1,281,0
0,0,279,1,281,0
-7,5,229,1,281,0
-7,-6,14,1,281,0
-3,-4,42,1,281,0
1,-7,91,1,281,0
3,-3,121,1,281,0
-3,1,162,1,281,0
-2,0,179,1,281,0
1,2,186,1,281,0
-4,-7,199,1,281,0
-4,2,208,1,281,0
6,-2,219,1,281,0
-1,-8,224,1,281,0
-6,-3,239,1,281,0
0,-4,255,1,281,0
0,1,258,1,281,0
7,8,261,1,281,0
4,5,266,1,281,0
6,7,269,1,281,0
3,4,276,1,281,0
5,6,278,1,281,0
-2,-1,279,1,281,0
2,3,279,1,281,0
1,-8,3,1,281,0
-4,-8,5,1,281,0
6,-3,52,1,281,0
4,-7,74,1,281,0
3,-4,116,1,281,0
1,3,132,1,281,0
-2,-2,169,1,281,0
-5,-1,189,1,281,0
-4,3,261,1,281,0
-5,4,253,1,281,0
-7,6,237,1,281,0
-6,5,245,1,281,0
0,-5,243,1,281,0
0,2,252,1,281,0
5,7,254,1,281,0
-3,2,269,1,281,0
-2,1,278,1,281,0
4,6,262,1,281,0
3,5,269,1,281,0
-1,0,269,1,281,0
2,4,277,1,281,0
2,-1,279,1,281,0
-3,-6,45,1,281,0
-5,-2,48,1,281,0
3,6,51,1,281,0
7,-7,55,1,281,0
2,5,78,1,281,0
3,-5,91,1,281,0
5,-1,106,1,281,0
1,4,126,1,281,0
2,-2,131,1,281,0
-2,-3,161,1,281,0
-3,3,266,1,281,0
-4,4,257,1,281,0
0,-6,236,1,281,0
-6,6,238,1,281,0
-5,5,247,1,281,0
4,7,242,1,281,0
0,3,245,1,281,0
5,8,246,1,281,0
7,0,251,1,281,0
-1,1,281,1,281,0
-2,2,276,1,281,0
-6,-6,14,1,281,0
-2,-4,48,1,281,0
0,-7,105,1,281,0
2,6,112,1,281,0
1,5,119,1,281,0
2,-3,124,1,281,0
0,4,194,1,281,0
-3,-7,208,1,281,0
5,-2,212,1,281,0
-8,-2,213,1,281,0
3,7,235,1,281,0
8,-1,239,1,281,0
-5,6,242,1,281,0
-5,-3,251,1,281,0
-4,5,253,1,281,0
6,0,257,1,281,0
-3,4,264,1,281,0
-2,3,271,1,281,0
-1,-1,276,1,281,0
-1,2,279,1,281,0
-9,-6,4,1,281,0
-6,-7,9,1,281,0
3,8,13,1,281,0
5,-3,58,1,281,0
3,-7,79,1,281,0
8,3,84,1,281,0
7,2,103,1,281,0
1,6,113,1,281,0
-1,-2,154,1,281,0
-4,-1,182,1,281,0
-3,-8,205,1,281,0
0,5,208,1,281,0
8,-2,228,1,281,0
2,7,229,1,281,0
-2,4,229,1,281,0
-1,3,244,1,281,0
-4,6,248,1,281,0
-3,5,256,1,281,0
5,0,263,1,281,0
1,-1,275,1,281,0
8,-3,39,1,281,0
-1,-3,53,1,281,0
-2,-6,59,1,281,0
6,-7,62,1,281,0
2,-5,85,1,281,0
6,2,109,1,281,0
5,1,116,1,281,0
1,-2,133,1,281,0
-8,1,189,1,281,0
-3,6,192,1,281,0
4,-1,199,1,281,0
0,6,202,1,281,0
-7,-1,208,1,281,0
1,7,222,1,281,0
-2,5,223,1,281,0
2,8,224,1,281,0
7,3,226,1,281,0
8,4,229,1,281,0
-1,4,239,1,281,0
-4,-2,259,1,281,0
4,0,269,1,281,0
2,9,5,1,281,0
-3,7,14,1,281,0
-5,-6,21,1,281,0
-1,-4,52,1,281,0
8,5,91,1,281,0
1,-3,93,1,281,0
5,-5,102,1,281,0
5,2,113,1,281,0
4,1,122,1,281,0
-7,1,203,1,281,0
-2,6,199,1,281,0
-6,0,199,1,281,0
4,-2,205,1,281,0
0,7,212,1,281,0
-2,-7,215,1,281,0
-7,-2,218,1,281,0
1,8,218,1,281,0
6,3,219,1,281,0
-1,5,233,1,281,0
7,4,236,1,281,0
7,-1,242,1,281,0
-4,-3,254,1,281,0
3,0,276,1,281,0
-5,-7,8,1,282,0
-8,-6,9,1,282,0
-3,8,9,1,282,0
4,-3,64,1,282,0
-1,-5,66,1,282,0
2,-7,87,1,282,0
1,-4,97,1,282,0
3,1,129,1,282,0
-3,-1,175,1,282,0
-6,1,199,1,282,0
-4,-4,181,1,282,0
-7,2,209,1,282,0
-2,7,209,1,282,0
5,3,212,1,282,0
0,8,215,1,282,0
-7,-3,222,1,282,0
-1,6,226,1,282,0
7,-2,235,1,282,0
7,5,242,1,282,0
8,6,249,1,282,0
0,-1,274,1,282,0
2,0,281,1,282,0
-3,9,3,1,282,0
-7,-4,28,1,282,0
7,-3,46,1,282,0
5,-7,68,1,282,0
1,-5,79,1,282,0
6,5,106,1,282,0
4,-4,112,1,282,0
5,4,115,1,282,0
2,1,139,1,282,0
1,0,183,1,282,0
-4,-5,188,1,282,0
-4,0,192,1,282,0
3,2,195,1,282,0
-6,-1,196,1,282,0
3,-1,198,1,282,0
-5,1,201,1,282,0
4,3,206,1,282,0
-7,3,216,1,282,0
-1,7,219,1,282,0
-1,-6,235,1,282,0
7,6,244,1,282,0
8,7,254,1,282,0
-3,-2,266,1,282,0
0,-2,268,1,282,0
-8,5,2,1,282,0
-7,-5,21,1,282,0
8,-7,48,1,282,0
1,-6,93,1,282,0
4,-5,108,1,282,0
4,4,129,1,282,0
1,1,157,1,282,0
-3,-3,169,1,282,0
-3,0,187,1,282,0
2,2,192,1,282,0
-4,1,194,1,282,0
-4,-6,194,1,282,0
3,3,199,1,282,0
-5,2,205,1,282,0
-1,8,213,1,282,0
-7,4,223,1,282,0
-1,-7,229,1,282,0
0,-3,261,1,282,0
7,7,268,1,282,0
6,6,277,1,282,0
5,5,279,1,282,0
0,0,281,1,282,0
-7,5,229,1,282,0
-7,-6,14,1,282,0
-3,-4,42,1,282,0
1,-7,91,1,282,0
3,-3,121,1,282,0
-3,1,162,1,282,0
-2,0,179,1,282,0
1,2,186,1,282,0
-4,-7,199,1,282,0
-4,2,208,1,282,0
6,-2,219,1,282,0
-1,-8,224,1,282,0
-6,-3,239,1,282,0
0,-4,255,1,282,0
0,1,258,1,282,0
7,8,261,1,282,0
4,5,266,1,282,0
6,7,269,1,282,0
3,4,276,1,282,0
5,6,278,1,282,0
-2,-1,279,1,282,0
2,3,281,1,282,0
1,-8,3,1,282,0
-4,-8,5,1,282,0
6,-3,52,1,282,0
4,-7,74,1,282,0
3,-4,116,1,282,0
1,3,132,1,282,0
-2,-2,169,1,282,0
-5,-1,189,1,282,0
-4,3,261,1,282,0
-5,4,253,1,282,0
-7,6,237,1,282,0
-6,5,245,1,282,0
0,-5,243,1,282,0
0,2,252,1,282,0
5,7,254,1,282,0
-3,2,269,1,282,0
-2,1,278,1,282,0
4,6,262,1,282,0
3,5,269,1,282,0
-1,0,269,1,282,0
2,4,277,1,282,0
2,-1,279,1,282,0
-3,-6,45,1,282,0
-5,-2,48,1,282,0
3,6,51,1,282,0
7,-7,55,1,282,0
2,5,78,1,282,0
3,-5,91,1,282,0
5,-1,106,1,282,0
1,4,126,1,282,0
-2,-3,161,1,282,0
-3,3,266,1,282,0
-4,4,257,1,282,0
0,-6,236,1,282,0
-6,6,238,1,282,0
-5,5,247,1,282,0
4,7,242,1,282,0
0,3,245,1,282,0
5,8,246,1,282,0
7,0,251,1,282,0
-2,2,276,1,282,0
-1,1,282,1,282,0
2,-2,281,1,282,0
-6,-6,14,1,282,0
-2,-4,48,1,282,0
0,-7,105,1,282,0
2,6,112,1,282,0
1,5,119,1,282,0
2,-3,124,1,282,0
0,4,194,1,282,0
-3,-7,208,1,282,0
5,-2,212,1,282,0
-8,-2,213,1,282,0
3,7,235,1,282,0
8,-1,239,1,282,0
-5,6,242,1,282,0
-5,-3,251,1,282,0
-4,5,253,1,282,0
6,0,257,1,282,0
-3,4,264,1,282,0
-2,3,271,1,282,0
-1,-1,276,1,282,0
-1,2,279,1,282,0
-9,-6,4,1,282,0
-6,-7,9,1,282,0
3,8,13,1,282,0
5,-3,58,1,282,0
3,-7,79,1,282,0
8,3,84,1,282,0
7,2,103,1,282,0
1,6,113,1,282,0
-1,-2,154,1,282,0
-4,-1,182,1,282,0
-3,-8,205,1,282,0
0,5,208,1,282,0
8,-2,228,1,282,0
2,7,229,1,282,0
-2,4,229,1,282,0
-1,3,244,1,282,0
-4,6,248,1,282,0
-3,5,256,1,282,0
5,0,263,1,282,0
1,-1,275,1,282,0
8,-3,39,1,282,0
-1,-3,53,1,282,0
-2,-6,59,1,282,0
6,-7,62,1,282,0
2,-5,85,1,282,0
6,2,109,1,282,0
5,1,116,1,282,0
1,-2,133,1,282,0
-8,1,189,1,282,0
-3,6,192,1,282,0
4,-1,199,1,282,0
0,6,202,1,282,0
-7,-1,208,1,282,0
1,7,222,1,282,0
-2,5,223,1,282,0
2,8,224,1,282,0
7,3,226,1,282,0
8,4,229,1,282,0
-1,4,239,1,282,0
-4,-2,259,1,282,0
4,0,269,1,282,0
2,9,5,1,282,0
-3,7,14,1,282,0
-5,-6,21,1,282,0
-1,-4,52,1,282,0
8,5,91,1,282,0
1,-3,93,1,282,0
5,-5,102,1,282,0
5,2,113,1,282,0
4,1,122,1,282,0
-7,1,203,1,282,0
-2,6,199,1,282,0
-6,0,199,1,282,0
4,-2,205,1,282,0
0,7,212,1,282,0
-2,-7,215,1,282,0
-7,-2,218,1,282,0
1,8,218,1,282,0
6,3,219,1,282,0
-1,5,233,1,282,0
7,4,236,1,282,0
7,-1,242,1,282,0
-4,-3,254,1,282,0
3,0,276,1,282,0
-5,-7,8,1,283,0
-8,-6,9,1,283,0
-3,8,9,1,283,0
4,-3,64,1,283,0
-1,-5,66,1,283,0
2,-7,87,1,283,0
1,-4,97,1,283,0
3,1,129,1,283,0
-3,-1,175,1,283,0
-6,1,199,1,283,0
-4,-4,181,1,283,0
-7,2,209,1,283,0
-2,7,209,1,283,0
5,3,212,1,283,0
0,8,215,1,283,0
-7,-3,222,1,283,0
-1,6,226,1,283,0
7,-2,235,1,283,0
7,5,242,1,283,0
8,6,249,1,283,0
0,-1,274,1,283,0
2,0,282,1,283,0
-3,9,3,1,283,0
-7,-4,28,1,283,0
7,-3,46,1,283,0
5,-7,68,1,283,0
1,-5,79,1,283,0
6,5,106,1,283,0
4,-4,112,1,283,0
5,4,115,1,283,0
2,1,139,1,283,0
-4,-5,188,1,283,0
-4,0,192,1,283,0
3,2,195,1,283,0
-6,-1,196,1,283,0
3,-1,198,1,283,0
-5,1,201,1,283,0
4,3,206,1,283,0
-7,3,216,1,283,0
-1,7,219,1,283,0
-1,-6,235,1,283,0
7,6,244,1,283,0
8,7,254,1,283,0
-3,-2,266,1,283,0
0,-2,268,1,283,0
1,0,282,1,283,0
-8,5,2,1,283,0
-7,-5,21,1,283,0
8,-7,48,1,283,0
1,-6,93,1,283,0
4,-5,108,1,283,0
4,4,129,1,283,0
1,1,157,1,283,0
-3,-3,169,1,283,0
-3,0,187,1,283,0
2,2,192,1,283,0
-4,1,194,1,283,0
-4,-6,194,1,283,0
3,3,199,1,283,0
-5,2,205,1,283,0
-1,8,213,1,283,0
-7,4,223,1,283,0
-1,-7,229,1,283,0
0,-3,261,1,283,0
7,7,268,1,283,0
6,6,277,1,283,0
5,5,281,1,283,0
0,0,282,1,283,0
-7,5,229,1,283,0
-7,-6,14,1,283,0
-3,-4,42,1,283,0
1,-7,91,1,283,0
3,-3,121,1,283,0
-3,1,162,1,283,0
-2,0,179,1,283,0
1,2,186,1,283,0
-4,-7,199,1,283,0
-4,2,208,1,283,0
6,-2,219,1,283,0
-1,-8,224,1,283,0
-6,-3,239,1,283,0
0,-4,255,1,283,0
0,1,258,1,283,0
7,8,261,1,283,0
4,5,266,1,283,0
6,7,269,1,283,0
3,4,276,1,283,0
5,6,278,1,283,0
-2,-1,279,1,283,0
2,3,281,1,283,0
1,-8,3,1,283,0
-4,-8,5,1,283,0
6,-3,52,1,283,0
4,-7,74,1,283,0
3,-4,116,1,283,0
1,3,132,1,283,0
-2,-2,169,1,283,0
-5,-1,189,1,283,0
-4,3,261,1,283,0
-5,4,253,1,283,0
-7,6,237,1,283,0
-6,5,245,1,283,0
0,-5,243,1,283,0
0,2,252,1,283,0
5,7,254,1,283,0
-3,2,269,1,283,0
-2,1,278,1,283,0
4,6,262,1,283,0
3,5,269,1,283,0
-1,0,269,1,283,0
2,4,277,1,283,0
2,-1,279,1,283,0
-3,-6,45,1,283,0
-5,-2,48,1,283,0
3,6,51,1,283,0
7,-7,55,1,283,0
2,5,78,1,283,0
3,-5,91,1,283,0
5,-1,106,1,283,0
1,4,126,1,283,0
-2,-3,161,1,283,0
-3,3,266,1,283,0
-4,4,257,1,283,0
0,-6,236,1,283,0
-6,6,238,1,283,0
-5,5,247,1,283,0
4,7,242,1,283,0
0,3,245,1,283,0
5,8,246,1,283,0
7,0,251,1,283,0
-2,2,276,1,283,0
2,-2,281,1,283,0
-1,1,283,1,283,0
-6,-6,14,1,283,0
-2,-4,48,1,283,0
0,-7,105,1,283,0
2,6,112,1,283,0
1,5,119,1,283,0
2,-3,124,1,283,0
0,4,194,1,283,0
-3,-7,208,1,283,0
5,-2,212,1,283,0
-8,-2,213,1,283,0
3,7,235,1,283,0
8,-1,239,1,283,0
-5,6,242,1,283,0
-5,-3,251,1,283,0
-4,5,253,1,283,0
6,0,257,1,283,0
-3,4,264,1,283,0
-2,3,271,1,283,0
-1,-1,276,1,283,0
-1,2,279,1,283,0
-9,-6,4,1,283,0
-6,-7,9,1,283,0
3,8,13,1,283,0
5,-3,58,1,283,0
3,-7,79,1,283,0
8,3,84,1,283,0
7,2,103,1,283,0
1,6,113,1,283,0
-1,-2,154,1,283,0
-4,-1,182,1,283,0
-3,-8,205,1,283,0
0,5,208,1,283,0
8,-2,228,1,283,0
2,7,229,1,283,0
-2,4,229,1,283,0
-1,3,244,1,283,0
-4,6,248,1,283,0
-3,5,256,1,283,0
5,0,263,1,283,0
1,-1,275,1,283,0
8,-3,39,1,283,0
-1,-3,53,1,283,0
-2,-6,59,1,283,0
6,-7,62,1,283,0
2,-5,85,1,283,0
6,2,109,1,283,0
5,1,116,1,283,0
1,-2,133,1,283,0
-8,1,189,1,283,0
-3,6,192,1,283,0
4,-1,199,1,283,0
0,6,202,1,283,0
-7,-1,208,1,283,0
1,7,222,1,283,0
-2,5,223,1,283,0
2,8,224,1,283,0
7,3,226,1,283,0
8,4,229,1,283,0
-1,4,239,1,283,0
-4,-2,259,1,283,0
4,0,269,1,283,0
2,9,5,1,283,0
-3,7,14,1,283,0
-5,-6,21,1,283,0
-1,-4,52,1,283,0
8,5,91,1,283,0
1,-3,93,1,283,0
5,-5,102,1,283,0
5,2,113,1,283,0
4,1,122,1,283,0
-7,1,203,1,283,0
-2,6,199,1,283,0
-6,0,199,1,283,0
4,-2,205,1,283,0
0,7,212,1,283,0
-2,-7,215,1,283,0
-7,-2,218,1,283,0
1,8,218,1,283,0
6,3,219,1,283,0
-1,5,233,1,283,0
7,4,236,1,283,0
7,-1,242,1,283,0
-4,-3,254,1,283,0
3,0,276,1,283,0
-5,-7,8,1,284,0
-8,-6,9,1,284,0
-3,8,9,1,284,0
4,-3,64,1,284,0
-1,-5,66,1,284,0
2,-7,87,1,284,0
1,-4,97,1,284,0
3,1,129,1,284,0
-3,-1,175,1,284,0
-6,1,199,1,284,0
-4,-4,181,1,284,0
-7,2,209,1,284,0
-2,7,209,1,284,0
5,3,212,1,284,0
0,8,215,1,284,0
-7,-3,222,1,284,0
-1,6,226,1,284,0
7,-2,235,1,284,0
7,5,242,1,284,0
8,6,249,1,284,0
0,-1,274,1,284,0
2,0,282,1,284,0
-3,9,3,1,284,0
-7,-4,28,1,284,0
7,-3,46,1,284,0
5,-7,68,1,284,0
1,-5,79,1,284,0
6,5,106,1,284,0
4,-4,112,1,284,0
5,4,115,1,284,0
2,1,139,1,284,0
-4,-5,188,1,284,0
-4,0,192,1,284,0
3,2,195,1,284,0
-6,-1,196,1,284,0
3,-1,198,1,284,0
-5,1,201,1,284,0
4,3,206,1,284,0
-7,3,216,1,284,0
-1,7,219,1,284,0
-1,-6,235,1,284,0
7,6,244,1,284,0
8,7,254,1,284,0
-3,-2,266,1,284,0
0,-2,268,1,284,0
1,0,283,1,284,0
-8,5,2,1,284,0
-7,-5,21,1,284,0
8,-7,48,1,284,0
1,-6,93,1,284,0
4,-5,108,1,284,0
4,4,129,1,284,0
1,1,157,1,284,0
-3,-3,169,1,284,0
-3,0,187,1,284,0
2,2,192,1,284,0
-4,1,194,1,284,0
-4,-6,194,1,284,0
3,3,199,1,284,0
-5,2,205,1,284,0
-1,8,213,1,284,0
-7,4,223,1,284,0
-1,-7,229,1,284,0
0,-3,261,1,284,0
7,7,268,1,284,0
6,6,277,1,284,0
5,5,282,1,284,0
0,0,283,1,284,0
-7,5,229,1,284,0
-7,-6,14,1,284,0
-3,-4,42,1,284,0
1,-7,91,1,284,0
3,-3,121,1,284,0
-3,1,162,1,284,0
-2,0,179,1,284,0
1,2,186,1,284,0
-4,-7,199,1,284,0
-4,2,208,1,284,0
6,-2,219,1,284,0
-1,-8,224,1,284,0
-6,-3,239,1,284,0
0,-4,255,1,284,0
0,1,258,1,284,0
7,8,261,1,284,0
4,5,266,1,284,0
6,7,269,1,284,0
3,4,276,1,284,0
5,6,278,1,284,0
-2,-1,279,1,284,0
2,3,282,1,284,0
1,-8,3,1,284,0
-4,-8,5,1,284,0
6,-3,52,1,284,0
4,-7,74,1,284,0
3,-4,116,1,284,0
1,3,132,1,284,0
-2,-2,169,1,284,0
-5,-1,189,1,284,0
-4,3,261,1,284,0
-5,4,253,1,284,0
-7,6,237,1,284,0
-6,5,245,1,284,0
0,-5,243,1,284,0
0,2,252,1,284,0
5,7,254,1,284,0
-3,2,269,1,284,0
-2,1,278,1,284,0
4,6,262,1,284,0
3,5,269,1,284,0
-1,0,269,1,284,0
2,4,277,1,284,0
2,-1,279,1,284,0
-3,-6,45,1,284,0
-5,-2,48,1,284,0
3,6,51,1,284,0
7,-7,55,1,284,0
2,5,78,1,284,0
3,-5,91,1,284,0
5,-1,106,1,284,0
1,4,126,1,284,0
-2,-3,161,1,284,0
-3,3,266,1,284,0
-4,4,257,1,284,0
0,-6,236,1,284,0
-6,6,238,1,284,0
-5,5,247,1,284,0
4,7,242,1,284,0
0,3,245,1,284,0
5,8,246,1,284,0
7,0,251,1,284,0
-2,2,276,1,284,0
-1,1,284,1,284,0
2,-2,283,1,284,0
-6,-6,14,1,284,0
-2,-4,48,1,284,0
0,-7,105,1,284,0
2,6,112,1,284,0
1,5,119,1,284,0
2,-3,124,1,284,0
0,4,194,1,284,0
-3,-7,208,1,284,0
5,-2,212,1,284,0
-8,-2,213,1,284,0
3,7,235,1,284,0
8,-1,239,1,284,0
-5,6,242,1,284,0
-5,-3,251,1,284,0
-4,5,253,1,284,0
6,0,257,1,284,0
-3,4,264,1,284,0
-2,3,271,1,284,0
-1,2,279,1,284,0
-1,-1,283,1,284,0
-9,-6,4,1,284,0
-6,-7,9,1,284,0
3,8,13,1,284,0
5,-3,58,1,284,0
3,-7,79,1,284,0
8,3,84,1,284,0
7,2,103,1,284,0
1,6,113,1,284,0
-1,-2,154,1,284,0
-4,-1,182,1,284,0
-3,-8,205,1,284,0
0,5,208,1,284,0
8,-2,228,1,284,0
2,7,229,1,284,0
-2,4,229,1,284,0
-1,3,244,1,284,0
-4,6,248,1,284,0
-3,5,256,1,284,0
5,0,263,1,284,0
1,-1,275,1,284,0
8,-3,39,1,284,0
-1,-3,53,1,284,0
-2,-6,59,1,284,0
6,-7,62,1,284,0
2,-5,85,1,284,0
6,2,109,1,284,0
5,1,116,1,284,0
1,-2,133,1,284,0
-8,1,189,1,284,0
-3,6,192,1,284,0
4,-1,199,1,284,0
0,6,202,1,284,0
-7,-1,208,1,284,0
1,7,222,1,284,0
-2,5,223,1,284,0
2,8,224,1,284,0
7,3,226,1,284,0
8,4,229,1,284,0
-1,4,239,1,284,0
-4,-2,259,1,284,0
4,0,269,1,284,0
2,9,5,1,284,0
-3,7,14,1,284,0
-5,-6,21,1,284,0
-1,-4,52,1,284,0
8,5,91,1,284,0
1,-3,93,1,284,0
5,-5,102,1,284,0
5,2,113,1,284,0
4,1,122,1,284,0
-7,1,203,1,284,0
-2,6,199,1,284,0
-6,0,199,1,284,0
4,-2,205,1,284,0
0,7,212,1,284,0
-2,-7,215,1,284,0
-7,-2,218,1,284,0
1,8,218,1,284,0
6,3,219,1,284,0
-1,5,233,1,284,0
7,4,236,1,284,0
7,-1,242,1,284,0
-4,-3,254,1,284,0
3,0,276,1,284,0
-5,-7,8,1,285,0
-8,-6,9,1,285,0
-3,8,9,1,285,0
4,-3,64,1,285,0
-1,-5,66,1,285,0
2,-7,87,1,285,0
1,-4,97,1,285,0
3,1,129,1,285,0
-3,-1,175,1,285,0
-6,1,199,1,285,0
-4,-4,181,1,285,0
-7,2,209,1,285,0
-2,7,209,1,285,0
5,3,212,1,285,0
0,8,215,1,285,0
-7,-3,222,1,285,0
-1,6,226,1,285,0
7,-2,235,1,285,0
7,5,242,1,285,0
8,6,249,1,285,0
0,-1,274,1,285,0
2,0,282,1,285,0
-3,9,3,1,285,0
-7,-4,28,1,285,0
7,-3,46,1,285,0
5,-7,68,1,285,0
1,-5,79,1,285,0
6,5,106,1,285,0
4,-4,112,1,285,0
5,4,115,1,285,0
2,1,139,1,285,0
-4,-5,188,1,285,0
-4,0,192,1,285,0
3,2,195,1,285,0
-6,-1,196,1,285,0
3,-1,198,1,285,0
-5,1,201,1,285,0
4,3,206,1,285,0
-7,3,216,1,285,0
-1,7,219,1,285,0
-1,-6,235,1,285,0
7,6,244,1,285,0
8,7,254,1,285,0
-3,-2,266,1,285,0
0,-2,268,1,285,0
1,0,284,1,285,0
-8,5,2,1,285,0
-7,-5,21,1,285,0
8,-7,48,1,285,0
1,-6,93,1,285,0
4,-5,108,1,285,0
4,4,129,1,285,0
1,1,157,1,285,0
-3,-3,169,1,285,0
-3,0,187,1,285,0
2,2,192,1,285,0
-4,1,194,1,285,0
-4,-6,194,1,285,0
3,3,199,1,285,0
-5,2,205,1,285,0
-1,8,213,1,285,0
-7,4,223,1,285,0
-1,-7,229,1,285,0
0,-3,261,1,285,0
7,7,268,1,285,0
6,6,277,1,285,0
3,-2,284,1,285,0
0,0,284,1,285,0
5,5,284,1,285,0
-7,5,229,1,285,0
-7,-6,14,1,285,0
-3,-4,42,1,285,0
1,-7,91,1,285,0
3,-3,121,1,285,0
-3,1,162,1,285,0
-2,0,179,1,285,0
1,2,186,1,285,0
-4,-7,199,1,285,0
-4,2,208,1,285,0
6,-2,219,1,285,0
-1,-8,224,1,285,0
-6,-3,239,1,285,0
0,-4,255,1,285,0
0,1,258,1,285,0
7,8,261,1,285,0
4,5,266,1,285,0
6,7,269,1,285,0
3,4,276,1,285,0
5,6,278,1,285,0
-2,-1,284,1,285,0
2,3,284,1,285,0
1,-8,3,1,285,0
-4,-8,5,1,285,0
6,-3,52,1,285,0
4,-7,74,1,285,0
3,-4,116,1,285,0
1,3,132,1,285,0
-2,-2,169,1,285,0
-5,-1,189,1,285,0
-4,3,261,1,285,0
-5,4,253,1,285,0
-7,6,237,1,285,0
-6,5,245,1,285,0
0,-5,243,1,285,0
0,2,252,1,285,0
5,7,254,1,285,0
-3,2,269,1,285,0
-2,1,278,1,285,0
4,6,262,1,285,0
3,5,269,1,285,0
-1,0,269,1,285,0
2,4,277,1,285,0
2,-1,279,1,285,0
-3,-6,45,1,285,0
-5,-2,48,1,285,0
3,6,51,1,285,0
7,-7,55,1,285,0
2,5,78,1,285,0
3,-5,91,1,285,0
5,-1,106,1,285,0
1,4,126,1,285,0
-2,-3,161,1,285,0
-3,3,266,1,285,0
-4,4,257,1,285,0
0,-6,236,1,285,0
-6,6,238,1,285,0
-5,5,247,1,285,0
4,7,242,1,285,0
0,3,245,1,285,0
5,8,246,1,285,0
7,0,251,1,285,0
-2,2,276,1,285,0
2,-2,283,1,285,0
-1,1,285,1,285,0
-6,-6,14,1,285,0
-2,-4,48,1,285,0
0,-7,105,1,285,0
2,6,112,1,285,0
1,5,119,1,285,0
2,-3,124,1,285,0
0,4,194,1,285,0
-3,-7,208,1,285,0
5,-2,212,1,285,0
-8,-2,213,1,285,0
3,7,235,1,285,0
8,-1,239,1,285,0
-5,6,242,1,285,0
-5,-3,251,1,285,0
-4,5,253,1,285,0
6,0,257,1,285,0
-3,4,264,1,285,0
-2,3,271,1,285,0
-1,2,279,1,285,0
-1,-1,283,1,285,0
-9,-6,4,1,285,0
-6,-7,9,1,285,0
3,8,13,1,285,0
5,-3,58,1,285,0
3,-7,79,1,285,0
8,3,84,1,285,0
7,2,103,1,285,0
1,6,113,1,285,0
-1,-2,154,1,285,0
-4,-1,182,1,285,0
-3,-8,205,1,285,0
0,5,208,1,285,0
8,-2,228,1,285,0
2,7,229,1,285,0
-2,4,229,1,285,0
-1,3,244,1,285,0
-4,6,248,1,285,0
-3,5,256,1,285,0
5,0,263,1,285,0
1,-1,275,1,285,0
8,-3,39,1,285,0
-1,-3,53,1,285,0
-2,-6,59,1,285,0
6,-7,62,1,285,0
2,-5,85,1,285,0
6,2,109,1,285,0
5,1,116,1,285,0
1,-2,133,1,285,0
-8,1,189,1,285,0
-3,6,192,1,285,0
4,-1,199,1,285,0
0,6,202,1,285,0
-7,-1,208,1,285,0
1,7,222,1,285,0
-2,5,223,1,285,0
2,8,224,1,285,0
7,3,226,1,285,0
8,4,229,1,285,0
-1,4,239,1,285,0
-4,-2,259,1,285,0
4,0,269,1,285,0
2,9,5,1,285,0
-3,7,14,1,285,0
-5,-6,21,1,285,0
-1,-4,52,1,285,0
8,5,91,1,285,0
1,-3,93,1,285,0
5,-5,102,1,285,0
5,2,113,1,285,0
4,1,122,1,285,0
-7,1,203,1,285,0
-2,6,199,1,285,0
-6,0,199,1,285,0
4,-2,205,1,285,0
0,7,212,1,285,0
-2,-7,215,1,285,0
-7,-2,218,1,285,0
1,8,218,1,285,0
6,3,219,1,285,0
-1,5,233,1,285,0
7,4,236,1,285,0
7,-1,242,1,285,0
-4,-3,254,1,285,0
3,0,276,1,285,0
-5,-7,8,1,286,0
-8,-6,9,1,286,0
-3,8,9,1,286,0
4,-3,64,1,286,0
-1,-5,66,1,286,0
2,-7,87,1,286,0
1,-4,97,1,286,0
3,1,129,1,286,0
-3,-1,175,1,286,0
-6,1,199,1,286,0
-4,-4,181,1,286,0
-7,2,209,1,286,0
-2,7,209,1,286,0
5,3,212,1,286,0
0,8,215,1,286,0
-7,-3,222,1,286,0
-1,6,226,1,286,0
7,-2,235,1,286,0
7,5,242,1,286,0
8,6,249,1,286,0
0,-1,274,1,286,0
2,0,282,1,286,0
-3,9,3,1,286,0
-7,-4,28,1,286,0
7,-3,46,1,286,0
5,-7,68,1,286,0
1,-5,79,1,286,0
6,5,106,1,286,0
4,-4,112,1,286,0
5,4,115,1,286,0
2,1,139,1,286,0
-4,-5,188,1,286,0
-4,0,192,1,286,0
3,2,195,1,286,0
-6,-1,196,1,286,0
3,-1,198,1,286,0
-5,1,201,1,286,0
4,3,206,1,286,0
-7,3,216,1,286,0
-1,7,219,1,286,0
-1,-6,235,1,286,0
7,6,244,1,286,0
8,7,254,1,286,0
-3,-2,266,1,286,0
0,-2,268,1,286,0
1,0,285,1,286,0
-8,5,2,1,286,0
-7,-5,21,1,286,0
8,-7,48,1,286,0
1,-6,93,1,286,0
4,-5,108,1,286,0
4,4,129,1,286,0
-3,-3,169,1,286,0
-3,0,187,1,286,0
2,2,192,1,286,0
-4,1,194,1,286,0
-4,-6,194,1,286,0
3,3,199,1,286,0
-5,2,205,1,286,0
-1,8,213,1,286,0
-7,4,223,1,286,0
-1,-7,229,1,286,0
0,-3,261,1,286,0
7,7,268,1,286,0
6,6,277,1,286,0
5,5,284,1,286,0
3,-2,285,1,286,0
0,0,285,1,286,0
1,1,285,1,286,0
-7,5,229,1,286,0
-7,-6,14,1,286,0
-3,-4,42,1,286,0
1,-7,91,1,286,0
3,-3,121,1,286,0
-3,1,162,1,286,0
-2,0,179,1,286,0
1,2,186,1,286,0
-4,-7,199,1,286,0
-4,2,208,1,286,0
6,-2,219,1,286,0
-1,-8,224,1,286,0
-6,-3,239,1,286,0
0,-4,255,1,286,0
0,1,258,1,286,0
7,8,261,1,286,0
4,5,266,1,286,0
6,7,269,1,286,0
3,4,276,1,286,0
5,6,278,1,286,0
-2,-1,284,1,286,0
2,3,284,1,286,0
1,-8,3,1,286,0
-4,-8,5,1,286,0
6,-3,52,1,286,0
4,-7,74,1,286,0
3,-4,116,1,286,0
1,3,132,1,286,0
-2,-2,169,1,286,0
-5,-1,189,1,286,0
-4,3,261,1,286,0
-5,4,253,1,286,0
-7,6,237,1,286,0
-6,5,245,1,286,0
0,-5,243,1,286,0
0,2,252,1,286,0
5,7,254,1,286,0
-3,2,269,1,286,0
-2,1,278,1,286,0
4,6,262,1,286,0
3,5,269,1,286,0
-1,0,269,1,286,0
2,4,277,1,286,0
2,-1,279,1,286,0
-3,-6,45,1,286,0
-5,-2,48,1,286,0
3,6,51,1,286,0
7,-7,55,1,286,0
2,5,78,1,286,0
3,-5,91,1,286,0
5,-1,106,1,286,0
1,4,126,1,286,0
-2,-3,161,1,286,0
-3,3,266,1,286,0
-4,4,257,1,286,0
0,-6,236,1,286,0
-6,6,238,1,286,0
-5,5,247,1,286,0
4,7,242,1,286,0
0,3,245,1,286,0
5,8,246,1,286,0
7,0,251,1,286,0
-2,2,276,1,286,0
2,-2,283,1,286,0
-1,1,286,1,286,0
-6,-6,14,1,286,0
-2,-4,48,1,286,0
0,-7,105,1,286,0
2,6,112,1,286,0
1,5,119,1,286,0
2,-3,124,1,286,0
0,4,194,1,286,0
-3,-7,208,1,286,0
5,-2,212,1,286,0
-8,-2,213,1,286,0
3,7,235,1,286,0
8,-1,239,1,286,0
-5,6,242,1,286,0
-5,-3,251,1,286,0
-4,5,253,1,286,0
6,0,257,1,286,0
-3,4,264,1,286,0
-2,3,271,1,286,0
-1,2,279,1,286,0
-1,-1,283,1,286,0
-9,-6,4,1,286,0
-6,-7,9,1,286,0
3,8,13,1,286,0
5,-3,58,1,286,0
3,-7,79,1,286,0
8,3,84,1,286,0
7,2,103,1,286,0
1,6,113,1,286,0
-1,-2,154,1,286,0
-4,-1,182,1,286,0
-3,-8,205,1,286,0
0,5,208,1,286,0
8,-2,228,1,286,0
2,7,229,1,286,0
-2,4,229,1,286,0
-1,3,244,1,286,0
-4,6,248,1,286,0
-3,5,256,1,286,0
5,0,263,1,286,0
1,-1,275,1,286,0
8,-3,39,1,286,0
-1,-3,53,1,286,0
-2,-6,59,1,286,0
6,-7,62,1,286,0
2,-5,85,1,286,0
6,2,109,1,286,0
5,1,116,1,286,0
1,-2,133,1,286,0
-8,1,189,1,286,0
-3,6,192,1,286,0
4,-1,199,1,286,0
0,6,202,1,286,0
-7,-1,208,1,286,0
1,7,222,1,286,0
-2,5,223,1,286,0
2,8,224,1,286,0
7,3,226,1,286,0
8,4,229,1,286,0
-1,4,239,1,286,0
-4,-2,259,1,286,0
4,0,269,1,286,0
2,9,5,1,286,0
-3,7,14,1,286,0
-5,-6,21,1,286,0
-1,-4,52,1,286,0
8,5,91,1,286,0
1,-3,93,1,286,0
5,-5,102,1,286,0
5,2,113,1,286,0
4,1,122,1,286,0
-7,1,203,1,286,0
-2,6,199,1,286,0
-6,0,199,1,286,0
4,-2,205,1,286,0
0,7,212,1,286,0
-2,-7,215,1,286,0
-7,-2,218,1,286,0
1,8,218,1,286,0
6,3,219,1,286,0
-1,5,233,1,286,0
7,4,236,1,286,0
7,-1,242,1,286,0
-4,-3,254,1,286,0
3,0,276,1,286,0
-5,-7,8,1,287,0
-8,-6,9,1,287,0
-3,8,9,1,287,0
4,-3,64,1,287,0
-1,-5,66,1,287,0
2,-7,87,1,287,0
1,-4,97,1,287,0
3,1,129,1,287,0
-3,-1,175,1,287,0
-6,1,199,1,287,0
-4,-4,181,1,287,0
-7,2,209,1,287,0
-2,7,209,1,287,0
5,3,212,1,287,0
0,8,215,1,287,0
-7,-3,222,1,287,0
-1,6,226,1,287,0
7,-2,235,1,287,0
7,5,242,1,287,0
8,6,249,1,287,0
0,-1,274,1,287,0
2,0,282,1,287,0
-3,9,3,1,287,0
-7,-4,28,1,287,0
7,-3,46,1,287,0
5,-7,68,1,287,0
1,-5,79,1,287,0
6,5,106,1,287,0
4,-4,112,1,287,0
5,4,115,1,287,0
2,1,139,1,287,0
-4,-5,188,1,287,0
-4,0,192,1,287,0
3,2,195,1,287,0
-6,-1,196,1,287,0
3,-1,198,1,287,0
-5,1,201,1,287,0
4,3,206,1,287,0
-7,3,216,1,287,0
-1,7,219,1,287,0
-1,-6,235,1,287,0
7,6,244,1,287,0
8,7,254,1,287,0
-3,-2,266,1,287,0
0,-2,268,1,287,0
1,0,286,1,287,0
-8,5,2,1,287,0
-7,-5,21,1,287,0
8,-7,48,1,287,0
1,-6,93,1,287,0
4,-5,108,1,287,0
4,4,129,1,287,0
-3,-3,169,1,287,0
-3,0,187,1,287,0
2,2,192,1,287,0
-4,1,194,1,287,0
-4,-6,194,1,287,0
3,3,199,1,287,0
-5,2,205,1,287,0
-1,8,213,1,287,0
-7,4,223,1,287,0
-1,-7,229,1,287,0
0,-3,261,1,287,0
7,7,268,1,287,0
6,6,277,1,287,0
3,-2,285,1,287,0
0,0,287,1,287,0
5,5,285,1,287,0
1,1,286,1,287,0
-7,5,229,1,287,0
-7,-6,14,1,287,0
-3,-4,42,1,287,0
1,-7,91,1,287,0
3,-3,121,1,287,0
-3,1,162,1,287,0
-2,0,179,1,287,0
1,2,186,1,287,0
-4,-7,199,1,287,0
-4,2,208,1,287,0
6,-2,219,1,287,0
-1,-8,224,1,287,0
-6,-3,239,1,287,0
0,-4,255,1,287,0
7,8,261,1,287,0
4,5,266,1,287,0
6,7,269,1,287,0
3,4,276,1,287,0
5,6,278,1,287,0
-2,-1,284,1,287,0
0,1,286,1,287,0
2,3,285,1,287,0
1,-8,3,1,287,0
-4,-8,5,1,287,0
6,-3,52,1,287,0
4,-7,74,1,287,0
3,-4,116,1,287,0
1,3,132,1,287,0
-2,-2,169,1,287,0
-5,-1,189,1,287,0
-4,3,261,1,287,0
-5,4,253,1,287,0
-7,6,237,1,287,0
-6,5,245,1,287,0
0,-5,243,1,287,0
0,2,252,1,287,0
5,7,254,1,287,0
-3,2,269,1,287,0
-2,1,278,1,287,0
4,6,262,1,287,0
3,5,269,1,287,0
-1,0,269,1,287,0
2,4,277,1,287,0
2,-1,279,1,287,0
-3,-6,45,1,287,0
-5,-2,48,1,287,0
3,6,51,1,287,0
7,-7,55,1,287,0
2,5,78,1,287,0
3,-5,91,1,287,0
5,-1,106,1,287,0
1,4,126,1,287,0
-2,-3,161,1,287,0
-3,3,266,1,287,0
-4,4,257,1,287,0
0,-6,236,1,287,0
-6,6,238,1,287,0
-5,5,247,1,287,0
4,7,242,1,287,0
0,3,245,1,287,0
5,8,246,1,287,0
7,0,251,1,287,0
-2,2,276,1,287,0
2,-2,283,1,287,0
-1,1,286,1,287,0
-6,-6,14,1,287,0
-2,-4,48,1,287,0
0,-7,105,1,287,0
2,6,112,1,287,0
1,5,119,1,287,0
2,-3,124,1,287,0
0,4,194,1,287,0
-3,-7,208,1,287,0
5,-2,212,1,287,0
-8,-2,213,1,287,0
3,7,235,1,287,0
8,-1,239,1,287,0
-5,6,242,1,287,0
-5,-3,251,1,287,0
-4,5,253,1,287,0
6,0,257,1,287,0
-3,4,264,1,287,0
-2,3,271,1,287,0
-1,2,279,1,287,0
-1,-1,283,1,287,0
-9,-6,4,1,287,0
-6,-7,9,1,287,0
3,8,13,1,287,0
5,-3,58,1,287,0
3,-7,79,1,287,0
8,3,84,1,287,0
7,2,103,1,287,0
1,6,113,1,287,0
-1,-2,154,1,287,0
-4,-1,182,1,287,0
-3,-8,205,1,287,0
0,5,208,1,287,0
8,-2,228,1,287,0
2,7,229,1,287,0
-2,4,229,1,287,0
-1,3,244,1,287,0
-4,6,248,1,287,0
-3,5,256,1,287,0
5,0,263,1,287,0
1,-1,275,1,287,0
8,-3,39,1,287,0
-1,-3,53,1,287,0
-2,-6,59,1,287,0
6,-7,62,1,287,0
2,-5,85,1,287,0
6,2,109,1,287,0
5,1,116,1,287,0
1,-2,133,1,287,0
-8,1,189,1,287,0
-3,6,192,1,287,0
4,-1,199,1,287,0
0,6,202,1,287,0
-7,-1,208,1,287,0
1,7,222,1,287,0
-2,5,223,1,287,0
2,8,224,1,287,0
7,3,226,1,287,0
8,4,229,1,287,0
-1,4,239,1,287,0
-4,-2,259,1,287,0
4,0,269,1,287,0
2,9,5,1,287,0
-3,7,14,1,287,0
-5,-6,21,1,287,0
-1,-4,52,1,287,0
8,5,91,1,287,0
1,-3,93,1,287,0
5,-5,102,1,287,0
5,2,113,1,287,0
4,1,122,1,287,0
-7,1,203,1,287,0
-2,6,199,1,287,0
-6,0,199,1,287,0
4,-2,205,1,287,0
0,7,212,1,287,0
-2,-7,215,1,287,0
-7,-2,218,1,287,0
1,8,218,1,287,0
6,3,219,1,287,0
-1,5,233,1,287,0
7,4,236,1,287,0
7,-1,242,1,287,0
-4,-3,254,1,287,0
3,0,276,1,287,0
-5,-7,8,1,288,0
-8,-6,9,1,288,0
-3,8,9,1,288,0
4,-3,64,1,288,0
-1,-5,66,1,288,0
2,-7,87,1,288,0
1,-4,97,1,288,0
3,1,129,1,288,0
-3,-1,175,1,288,0
-6,1,199,1,288,0
-4,-4,181,1,288,0
-7,2,209,1,288,0
-2,7,209,1,288,0
5,3,212,1,288,0
0,8,215,1,288,0
-7,-3,222,1,288,0
-1,6,226,1,288,0
7,-2,235,1,288,0
7,5,242,1,288,0
8,6,249,1,288,0
0,-1,274,1,288,0
2,0,282,1,288,0
-3,9,3,1,288,0
-7,-4,28,1,288,0
7,-3,46,1,288,0
5,-7,68,1,288,0
1,-5,79,1,288,0
6,5,106,1,288,0
4,-4,112,1,288,0
5,4,115,1,288,0
2,1,139,1,288,0
-4,-5,188,1,288,0
-4,0,192,1,288,0
3,2,195,1,288,0
-6,-1,196,1,288,0
3,-1,198,1,288,0
-5,1,201,1,288,0
4,3,206,1,288,0
-7,3,216,1,288,0
-1,7,219,1,288,0
-1,-6,235,1,288,0
7,6,244,1,288,0
8,7,254,1,288,0
-3,-2,266,1,288,0
0,-2,268,1,288,0
1,0,287,1,288,0
-8,5,2,1,288,0
-7,-5,21,1,288,0
8,-7,48,1,288,0
1,-6,93,1,288,0
4,-5,108,1,288,0
4,4,129,1,288,0
-3,-3,169,1,288,0
-3,0,187,1,288,0
-4,1,194,1,288,0
-4,-6,194,1,288,0
3,3,199,1,288,0
-5,2,205,1,288,0
-1,8,213,1,288,0
-7,4,223,1,288,0
-1,-7,229,1,288,0
0,-3,261,1,288,0
7,7,268,1,288,0
6,6,277,1,288,0
0,0,288,1,288,0
5,5,286,1,288,0
2,2,286,1,288,0
3,-2,286,1,288,0
1,1,287,1,288,0
-7,5,229,1,288,0
-7,-6,14,1,288,0
-3,-4,42,1,288,0
1,-7,91,1,288,0
3,-3,121,1,288,0
-3,1,162,1,288,0
-2,0,179,1,288,0
1,2,186,1,288,0
-4,-7,199,1,288,0
-4,2,208,1,288,0
6,-2,219,1,288,0
-1,-8,224,1,288,0
-6,-3,239,1,288,0
0,-4,255,1,288,0
7,8,261,1,288,0
4,5,266,1,288,0
6,7,269,1,288,0
3,4,276,1,288,0
5,6,278,1,288,0
-2,-1,284,1,288,0
2,3,285,1,288,0
0,1,287,1,288,0
1,-8,3,1,288,0
-4,-8,5,1,288,0
6,-3,52,1,288,0
4,-7,74,1,288,0
3,-4,116,1,288,0
1,3,132,1,288,0
-2,-2,169,1,288,0
-5,-1,189,1,288,0
-4,3,261,1,288,0
-5,4,253,1,288,0
-7,6,237,1,288,0
-6,5,245,1,288,0
0,-5,243,1,288,0
0,2,252,1,288,0
5,7,254,1,288,0
-3,2,269,1,288,0
-2,1,278,1,288,0
4,6,262,1,288,0
3,5,269,1,288,0
-1,0,269,1,288,0
2,4,277,1,288,0
2,-1,279,1,288,0
-3,-6,45,1,288,0
-5,-2,48,1,288,0
3,6,51,1,288,0
7,-7,55,1,288,0
2,5,78,1,288,0
3,-5,91,1,288,0
5,-1,106,1,288,0
1,4,126,1,288,0
-2,-3,161,1,288,0
-3,3,266,1,288,0
-4,4,257,1,288,0
0,-6,236,1,288,0
-6,6,238,1,288,0
-5,5,247,1,288,0
4,7,242,1,288,0
0,3,245,1,288,0
5,8,246,1,288,0
7,0,251,1,288,0
-2,2,276,1,288,0
2,-2,283,1,288,0
-1,1,286,1,288,0
-6,-6,14,1,288,0
-2,-4,48,1,288,0
0,-7,105,1,288,0
2,6,112,1,288,0
1,5,119,1,288,0
2,-3,124,1,288,0
0,4,194,1,288,0
-3,-7,208,1,288,0
5,-2,212,1,288,0
-8,-2,213,1,288,0
3,7,235,1,288,0
8,-1,239,1,288,0
-5,6,242,1,288,0
-5,-3,251,1,288,0
-4,5,253,1,288,0
6,0,257,1,288,0
-3,4,264,1,288,0
-2,3,271,1,288,0
-1,2,279,1,288,0
-1,-1,283,1,288,0
-9,-6,4,1,288,0
-6,-7,9,1,288,0
3,8,13,1,288,0
5,-3,58,1,288,0
3,-7,79,1,288,0
8,3,84,1,288,0
7,2,103,1,288,0
1,6,113,1,288,0
-1,-2,154,1,288,0
-4,-1,182,1,288,0
-3,-8,205,1,288,0
0,5,208,1,288,0
8,-2,228,1,288,0
2,7,229,1,288,0
-2,4,229,1,288,0
-1,3,244,1,288,0
-4,6,248,1,288,0
-3,5,256,1,288,0
5,0,263,1,288,0
1,-1,275,1,288,0
8,-3,39,1,288,0
-1,-3,53,1,288,0
-2,-6,59,1,288,0
6,-7,62,1,288,0
2,-5,85,1,288,0
6,2,109,1,288,0
5,1,116,1,288,0
1,-2,133,1,288,0
-8,1,189,1,288,0
-3,6,192,1,288,0
4,-1,199,1,288,0
0,6,202,1,288,0
-7,-1,208,1,288,0
1,7,222,1,288,0
-2,5,223,1,288,0
2,8,224,1,288,0
7,3,226,1,288,0
8,4,229,1,288,0
-1,4,239,1,288,0
-4,-2,259,1,288,0
4,0,269,1,288,0
2,9,5,1,288,0
-3,7,14,1,288,0
-5,-6,21,1,288,0
-1,-4,52,1,288,0
8,5,91,1,288,0
1,-3,93,1,288,0
5,-5,102,1,288,0
5,2,113,1,288,0
4,1,122,1,288,0
-7,1,203,1,288,0
-2,6,199,1,288,0
-6,0,199,1,288,0
4,-2,205,1,288,0
0,7,212,1,288,0
-2,-7,215,1,288,0
-7,-2,218,1,288,0
1,8,218,1,288,0
6,3,219,1,288,0
-1,5,233,1,288,0
7,4,236,1,288,0
7,-1,242,1,288,0
-4,-3,254,1,288,0
3,0,276,1,288,0
-5,-7,8,1,289,0
-8,-6,9,1,289,0
-3,8,9,1,289,0
4,-3,64,1,289,0
-1,-5,66,1,289,0
2,-7,87,1,289,0
1,-4,97,1,289,0
3,1,129,1,289,0
-3,-1,175,1,289,0
-6,1,199,1,289,0
-4,-4,181,1,289,0
-7,2,209,1,289,0
-2,7,209,1,289,0
5,3,212,1,289,0
0,8,215,1,289,0
-7,-3,222,1,289,0
-1,6,226,1,289,0
7,-2,235,1,289,0
7,5,242,1,289,0
8,6,249,1,289,0
0,-1,274,1,289,0
2,0,282,1,289,0
-3,9,3,1,289,0
-7,-4,28,1,289,0
7,-3,46,1,289,0
5,-7,68,1,289,0
1,-5,79,1,289,0
6,5,106,1,289,0
4,-4,112,1,289,0
5,4,115,1,289,0
2,1,139,1,289,0
-4,-5,188,1,289,0
-4,0,192,1,289,0
3,2,195,1,289,0
-6,-1,196,1,289,0
3,-1,198,1,289,0
-5,1,201,1,289,0
4,3,206,1,289,0
-7,3,216,1,289,0
-1,7,219,1,289,0
-1,-6,235,1,289,0
7,6,244,1,289,0
8,7,254,1,289,0
-3,-2,266,1,289,0
0,-2,268,1,289,0
1,0,287,1,289,0
-8,5,2,1,289,0
-7,-5,21,1,289,0
8,-7,48,1,289,0
1,-6,93,1,289,0
4,-5,108,1,289,0
4,4,129,1,289,0
-3,-3,169,1,289,0
-3,0,187,1,289,0
-4,1,194,1,289,0
-4,-6,194,1,289,0
3,3,199,1,289,0
-5,2,205,1,289,0
-1,8,213,1,289,0
-7,4,223,1,289,0
-1,-7,229,1,289,0
0,-3,261,1,289,0
7,7,268,1,289,0
6,6,277,1,289,0
5,5,286,1,289,0
1,1,287,1,289,0
0,0,289,1,289,0
2,2,287,1,289,0
3,-2,287,1,289,0
-7,5,229,1,289,0
-7,-6,14,1,289,0
-3,-4,42,1,289,0
1,-7,91,1,289,0
3,-3,121,1,289,0
-3,1,162,1,289,0
-2,0,179,1,289,0
1,2,186,1,289,0
-4,-7,199,1,289,0
-4,2,208,1,289,0
6,-2,219,1,289,0
-1,-8,224,1,289,0
-6,-3,239,1,289,0
0,-4,255,1,289,0
7,8,261,1,289,0
6,7,269,1,289,0
3,4,276,1,289,0
5,6,278,1,289,0
-2,-1,284,1,289,0
2,3,285,1,289,0
0,1,287,1,289,0
4,5,287,1,289,0
1,-8,3,1,289,0
-4,-8,5,1,289,0
6,-3,52,1,289,0
4,-7,74,1,289,0
3,-4,116,1,289,0
1,3,132,1,289,0
-2,-2,169,1,289,0
-5,-1,189,1,289,0
-4,3,261,1,289,0
-5,4,253,1,289,0
-7,6,237,1,289,0
-6,5,245,1,289,0
0,-5,243,1,289,0
0,2,252,1,289,0
5,7,254,1,289,0
-3,2,269,1,289,0
-2,1,278,1,289,0
4,6,262,1,289,0
3,5,269,1,289,0
-1,0,269,1,289,0
2,4,277,1,289,0
2,-1,279,1,289,0
-3,-6,45,1,289,0
-5,-2,48,1,289,0
3,6,51,1,289,0
7,-7,55,1,289,0
2,5,78,1,289,0
3,-5,91,1,289,0
5,-1,106,1,289,0
1,4,126,1,289,0
-2,-3,161,1,289,0
-3,3,266,1,289,0
-4,4,257,1,289,0
0,-6,236,1,289,0
-6,6,238,1,289,0
-5,5,247,1,289,0
4,7,242,1,289,0
0,3,245,1,289,0
5,8,246,1,289,0
7,0,251,1,289,0
-2,2,276,1,289,0
2,-2,283,1,289,0
-1,1,286,1,289,0
-6,-6,14,1,289,0
-2,-4,48,1,289,0
0,-7,105,1,289,0
2,6,112,1,289,0
1,5,119,1,289,0
2,-3,124,1,289,0
0,4,194,1,289,0
-3,-7,208,1,289,0
5,-2,212,1,289,0
-8,-2,213,1,289,0
3,7,235,1,289,0
8,-1,239,1,289,0
-5,6,242,1,289,0
-5,-3,251,1,289,0
-4,5,253,1,289,0
6,0,257,1,289,0
-3,4,264,1,289,0
-2,3,271,1,289,0
-1,2,279,1,289,0
-1,-1,283,1,289,0
-9,-6,4,1,289,0
-6,-7,9,1,289,0
3,8,13,1,289,0
5,-3,58,1,289,0
3,-7,79,1,289,0
8,3,84,1,289,0
7,2,103,1,289,0
1,6,113,1,289,0
-1,-2,154,1,289,0
-4,-1,182,1,289,0
-3,-8,205,1,289,0
0,5,208,1,289,0
8,-2,228,1,289,0
2,7,229,1,289,0
-2,4,229,1,289,0
-1,3,244,1,289,0
-4,6,248,1,289,0
-3,5,256,1,289,0
5,0,263,1,289,0
1,-1,275,1,289,0
8,-3,39,1,289,0
-1,-3,53,1,289,0
-2,-6,59,1,289,0
6,-7,62,1,289,0
2,-5,85,1,289,0
6,2,109,1,289,0
5,1,116,1,289,0
1,-2,133,1,289,0
-8,1,189,1,289,0
-3,6,192,1,289,0
4,-1,199,1,289,0
0,6,202,1,289,0
-7,-1,208,1,289,0
1,7,222,1,289,0
-2,5,223,1,289,0
2,8,224,1,289,0
7,3,226,1,289,0
8,4,229,1,289,0
-1,4,239,1,289,0
-4,-2,259,1,289,0
4,0,269,1,289,0
2,9,5,1,289,0
-3,7,14,1,289,0
-5,-6,21,1,289,0
-1,-4,52,1,289,0
8,5,91,1,289,0
1,-3,93,1,289,0
5,-5,102,1,289,0
5,2,113,1,289,0
4,1,122,1,289,0
-7,1,203,1,289,0
-2,6,199,1,289,0
-6,0,199,1,289,0
4,-2,205,1,289,0
0,7,212,1,289,0
-2,-7,215,1,289,0
-7,-2,218,1,289,0
1,8,218,1,289,0
6,3,219,1,289,0
-1,5,233,1,289,0
7,4,236,1,289,0
7,-1,242,1,289,0
-4,-3,254,1,289,0
3,0,276,1,289,0
-5,-7,8,1,290,0
-8,-6,9,1,290,0
-3,8,9,1,290,0
4,-3,64,1,290,0
-1,-5,66,1,290,0
2,-7,87,1,290,0
1,-4,97,1,290,0
3,1,129,1,290,0
-3,-1,175,1,290,0
-6,1,199,1,290,0
-4,-4,181,1,290,0
-7,2,209,1,290,0
-2,7,209,1,290,0
5,3,212,1,290,0
0,8,215,1,290,0
-7,-3,222,1,290,0
-1,6,226,1,290,0
7,-2,235,1,290,0
7,5,242,1,290,0
8,6,249,1,290,0
0,-1,274,1,290,0
2,0,282,1,290,0
-3,9,3,1,290,0
-7,-4,28,1,290,0
7,-3,46,1,290,0
5,-7,68,1,290,0
1,-5,79,1,290,0
6,5,106,1,290,0
4,-4,112,1,290,0
5,4,115,1,290,0
2,1,139,1,290,0
-4,-5,188,1,290,0
-4,0,192,1,290,0
3,2,195,1,290,0
-6,-1,196,1,290,0
3,-1,198,1,290,0
-5,1,201,1,290,0
4,3,206,1,290,0
-7,3,216,1,290,0
-1,7,219,1,290,0
-1,-6,235,1,290,0
7,6,244,1,290,0
8,7,254,1,290,0
-3,-2,266,1,290,0
0,-2,268,1,290,0
1,0,289,1,290,0
-8,5,2,1,290,0
-7,-5,21,1,290,0
8,-7,48,1,290,0
1,-6,93,1,290,0
4,-5,108,1,290,0
-3,-3,169,1,290,0
-3,0,187,1,290,0
-4,1,194,1,290,0
-4,-6,194,1,290,0
3,3,199,1,290,0
-5,2,205,1,290,0
-1,8,213,1,290,0
-7,4,223,1,290,0
-1,-7,229,1,290,0
0,-3,261,1,290,0
7,7,268,1,290,0
6,6,277,1,290,0
5,5,286,1,290,0
2,2,287,1,290,0
0,0,289,1,290,0
1,1,288,1,290,0
3,-2,289,1,290,0
4,4,289,1,290,0
-7,5,229,1,290,0
-7,-6,14,1,290,0
-3,-4,42,1,290,0
1,-7,91,1,290,0
3,-3,121,1,290,0
-3,1,162,1,290,0
-2,0,179,1,290,0
-4,-7,199,1,290,0
-4,2,208,1,290,0
6,-2,219,1,290,0
-1,-8,224,1,290,0
-6,-3,239,1,290,0
0,-4,255,1,290,0
7,8,261,1,290,0
6,7,269,1,290,0
3,4,276,1,290,0
5,6,278,1,290,0
-2,-1,284,1,290,0
2,3,285,1,290,0
0,1,287,1,290,0
4,5,287,1,290,0
1,2,289,1,290,0
1,-8,3,1,290,0
-4,-8,5,1,290,0
6,-3,52,1,290,0
4,-7,74,1,290,0
3,-4,116,1,290,0
1,3,132,1,290,0
-2,-2,169,1,290,0
-5,-1,189,1,290,0
-4,3,261,1,290,0
-5,4,253,1,290,0
-7,6,237,1,290,0
-6,5,245,1,290,0
0,-5,243,1,290,0
0,2,252,1,290,0
5,7,254,1,290,0
-3,2,269,1,290,0
-2,1,278,1,290,0
4,6,262,1,290,0
3,5,269,1,290,0
-1,0,269,1,290,0
2,4,277,1,290,0
2,-1,279,1,290,0
-3,-6,45,1,290,0
-5,-2,48,1,290,0
3,6,51,1,290,0
7,-7,55,1,290,0
2,5,78,1,290,0
3,-5,91,1,290,0
5,-1,106,1,290,0
1,4,126,1,290,0
-2,-3,161,1,290,0
-3,3,266,1,290,0
-4,4,257,1,290,0
0,-6,236,1,290,0
-6,6,238,1,290,0
-5,5,247,1,290,0
4,7,242,1,290,0
0,3,245,1,290,0
5,8,246,1,290,0
7,0,251,1,290,0
-2,2,276,1,290,0
2,-2,283,1,290,0
-1,1,286,1,290,0
-6,-6,14,1,290,0
-2,-4,48,1,290,0
0,-7,105,1,290,0
2,6,112,1,290,0
1,5,119,1,290,0
2,-3,124,1,290,0
0,4,194,1,290,0
-3,-7,208,1,290,0
5,-2,212,1,290,0
-8,-2,213,1,290,0
3,7,235,1,290,0
8,-1,239,1,290,0
-5,6,242,1,290,0
-5,-3,251,1,290,0
-4,5,253,1,290,0
6,0,257,1,290,0
-3,4,264,1,290,0
-2,3,271,1,290,0
-1,2,279,1,290,0
-1,-1,283,1,290,0
-9,-6,4,1,290,0
-6,-7,9,1,290,0
3,8,13,1,290,0
5,-3,58,1,290,0
3,-7,79,1,290,0
8,3,84,1,290,0
7,2,103,1,290,0
1,6,113,1,290,0
-1,-2,154,1,290,0
-4,-1,182,1,290,0
-3,-8,205,1,290,0
0,5,208,1,290,0
8,-2,228,1,290,0
2,7,229,1,290,0
-2,4,229,1,290,0
-1,3,244,1,290,0
-4,6,248,1,290,0
-3,5,256,1,290,0
5,0,263,1,290,0
1,-1,275,1,290,0
8,-3,39,1,290,0
-1,-3,53,1,290,0
-2,-6,59,1,290,0
6,-7,62,1,290,0
2,-5,85,1,290,0
6,2,109,1,290,0
5,1,116,1,290,0
1,-2,133,1,290,0
-8,1,189,1,290,0
-3,6,192,1,290,0
4,-1,199,1,290,0
0,6,202,1,290,0
-7,-1,208,1,290,0
1,7,222,1,290,0
-2,5,223,1,290,0
2,8,224,1,290,0
7,3,226,1,290,0
8,4,229,1,290,0
-1,4,239,1,290,0
-4,-2,259,1,290,0
4,0,269,1,290,0
2,9,5,1,290,0
-3,7,14,1,290,0
-5,-6,21,1,290,0
-1,-4,52,1,290,0
8,5,91,1,290,0
1,-3,93,1,290,0
5,-5,102,1,290,0
5,2,113,1,290,0
4,1,122,1,290,0
-7,1,203,1,290,0
-2,6,199,1,290,0
-6,0,199,1,290,0
4,-2,205,1,290,0
0,7,212,1,290,0
-2,-7,215,1,290,0
-7,-2,218,1,290,0
1,8,218,1,290,0
6,3,219,1,290,0
-1,5,233,1,290,0
7,4,236,1,290,0
7,-1,242,1,290,0
-4,-3,254,1,290,0
3,0,276,1,290,0
-5,-7,8,1,291,0
-8,-6,9,1,291,0
-3,8,9,1,291,0
4,-3,64,1,291,0
-1,-5,66,1,291,0
2,-7,87,1,291,0
1,-4,97,1,291,0
3,1,129,1,291,0
-3,-1,175,1,291,0
-6,1,199,1,291,0
-4,-4,181,1,291,0
-7,2,209,1,291,0
-2,7,209,1,291,0
5,3,212,1,291,0
0,8,215,1,291,0
-7,-3,222,1,291,0
-1,6,226,1,291,0
7,-2,235,1,291,0
7,5,242,1,291,0
8,6,249,1,291,0
0,-1,274,1,291,0
2,0,282,1,291,0
-3,9,3,1,291,0
-7,-4,28,1,291,0
7,-3,46,1,291,0
5,-7,68,1,291,0
1,-5,79,1,291,0
6,5,106,1,291,0
4,-4,112,1,291,0
5,4,115,1,291,0
2,1,139,1,291,0
-4,-5,188,1,291,0
-4,0,192,1,291,0
3,2,195,1,291,0
-6,-1,196,1,291,0
3,-1,198,1,291,0
-5,1,201,1,291,0
4,3,206,1,291,0
-7,3,216,1,291,0
-1,7,219,1,291,0
-1,-6,235,1,291,0
7,6,244,1,291,0
8,7,254,1,291,0
-3,-2,266,1,291,0
0,-2,268,1,291,0
1,0,289,1,291,0
-8,5,2,1,291,0
-7,-5,21,1,291,0
8,-7,48,1,291,0
1,-6,93,1,291,0
4,-5,108,1,291,0
-3,-3,169,1,291,0
-3,0,187,1,291,0
-4,1,194,1,291,0
-4,-6,194,1,291,0
3,3,199,1,291,0
-5,2,205,1,291,0
-1,8,213,1,291,0
-7,4,223,1,291,0
-1,-7,229,1,291,0
0,-3,261,1,291,0
7,7,268,1,291,0
6,6,277,1,291,0
5,5,286,1,291,0
2,2,287,1,291,0
3,-2,289,1,291,0
4,4,289,1,291,0
0,0,291,1,291,0
1,1,289,1,291,0
-7,5,229,1,291,0
-7,-6,14,1,291,0
-3,-4,42,1,291,0
1,-7,91,1,291,0
3,-3,121,1,291,0
-3,1,162,1,291,0
-2,0,179,1,291,0
-4,-7,199,1,291,0
-4,2,208,1,291,0
6,-2,219,1,291,0
-1,-8,224,1,291,0
-6,-3,239,1,291,0
0,-4,255,1,291,0
7,8,261,1,291,0
6,7,269,1,291,0
3,4,276,1,291,0
5,6,278,1,291,0
-2,-1,284,1,291,0
2,3,285,1,291,0
0,1,287,1,291,0
4,5,287,1,291,0
1,2,289,1,291,0
1,-8,3,1,291,0
-4,-8,5,1,291,0
6,-3,52,1,291,0
4,-7,74,1,291,0
3,-4,116,1,291,0
1,3,132,1,291,0
-2,-2,169,1,291,0
-5,-1,189,1,291,0
-4,3,261,1,291,0
-5,4,253,1,291,0
-7,6,237,1,291,0
-6,5,245,1,291,0
0,-5,243,1,291,0
0,2,252,1,291,0
5,7,254,1,291,0
-3,2,269,1,291,0
-2,1,278,1,291,0
4,6,262,1,291,0
3,5,269,1,291,0
-1,0,269,1,291,0
2,4,277,1,291,0
2,-1,279,1,291,0
-3,-6,45,1,291,0
-5,-2,48,1,291,0
3,6,51,1,291,0
7,-7,55,1,291,0
2,5,78,1,291,0
3,-5,91,1,291,0
5,-1,106,1,291,0
1,4,126,1,291,0
-2,-3,161,1,291,0
-3,3,266,1,291,0
-4,4,257,1,291,0
0,-6,236,1,291,0
-6,6,238,1,291,0
-5,5,247,1,291,0
4,7,242,1,291,0
0,3,245,1,291,0
5,8,246,1,291,0
7,0,251,1,291,0
-2,2,276,1,291,0
2,-2,283,1,291,0
-1,1,286,1,291,0
-6,-6,14,1,291,0
-2,-4,48,1,291,0
0,-7,105,1,291,0
2,6,112,1,291,0
1,5,119,1,291,0
2,-3,124,1,291,0
0,4,194,1,291,0
-3,-7,208,1,291,0
5,-2,212,1,291,0
-8,-2,213,1,291,0
3,7,235,1,291,0
8,-1,239,1,291,0
-5,6,242,1,291,0
-5,-3,251,1,291,0
-4,5,253,1,291,0
6,0,257,1,291,0
-3,4,264,1,291,0
-2,3,271,1,291,0
-1,2,279,1,291,0
-1,-1,283,1,291,0
-9,-6,4,1,291,0
-6,-7,9,1,291,0
3,8,13,1,291,0
5,-3,58,1,291,0
3,-7,79,1,291,0
8,3,84,1,291,0
7,2,103,1,291,0
1,6,113,1,291,0
-1,-2,154,1,291,0
-4,-1,182,1,291,0
-3,-8,205,1,291,0
0,5,208,1,291,0
8,-2,228,1,291,0
2,7,229,1,291,0
-2,4,229,1,291,0
-1,3,244,1,291,0
-4,6,248,1,291,0
-3,5,256,1,291,0
5,0,263,1,291,0
1,-1,275,1,291,0
8,-3,39,1,291,0
-1,-3,53,1,291,0
-2,-6,59,1,291,0
6,-7,62,1,291,0
2,-5,85,1,291,0
6,2,109,1,291,0
5,1,116,1,291,0
1,-2,133,1,291,0
-8,1,189,1,291,0
-3,6,192,1,291,0
4,-1,199,1,291,0
0,6,202,1,291,0
-7,-1,208,1,291,0
1,7,222,1,291,0
-2,5,223,1,291,0
2,8,224,1,291,0
7,3,226,1,291,0
8,4,229,1,291,0
-1,4,239,1,291,0
-4,-2,259,1,291,0
4,0,269,1,291,0
2,9,5,1,291,0
-3,7,14,1,291,0
-5,-6,21,1,291,0
-1,-4,52,1,291,0
8,5,91,1,291,0
1,-3,93,1,291,0
5,-5,102,1,291,0
5,2,113,1,291,0
4,1,122,1,291,0
-7,1,203,1,291,0
-2,6,199,1,291,0
-6,0,199,1,291,0
4,-2,205,1,291,0
0,7,212,1,291,0
-2,-7,215,1,291,0
-7,-2,218,1,291,0
1,8,218,1,291,0
6,3,219,1,291,0
-1,5,233,1,291,0
7,4,236,1,291,0
7,-1,242,1,291,0
-4,-3,254,1,291,0
3,0,276,1,291,0
-5,-7,8,1,292,0
-8,-6,9,1,292,0
-3,8,9,1,292,0
4,-3,64,1,292,0
-1,-5,66,1,292,0
2,-7,87,1,292,0
1,-4,97,1,292,0
3,1,129,1,292,0
-3,-1,175,1,292,0
-6,1,199,1,292,0
-4,-4,181,1,292,0
-7,2,209,1,292,0
-2,7,209,1,292,0
5,3,212,1,292,0
0,8,215,1,292,0
-7,-3,222,1,292,0
-1,6,226,1,292,0
7,-2,235,1,292,0
7,5,242,1,292,0
8,6,249,1,292,0
0,-1,274,1,292,0
2,0,282,1,292,0
-3,9,3,1,292,0
-7,-4,28,1,292,0
7,-3,46,1,292,0
5,-7,68,1,292,0
1,-5,79,1,292,0
6,5,106,1,292,0
4,-4,112,1,292,0
5,4,115,1,292,0
-4,-5,188,1,292,0
-4,0,192,1,292,0
3,2,195,1,292,0
-6,-1,196,1,292,0
3,-1,198,1,292,0
-5,1,201,1,292,0
4,3,206,1,292,0
-7,3,216,1,292,0
-1,7,219,1,292,0
-1,-6,235,1,292,0
7,6,244,1,292,0
8,7,254,1,292,0
-3,-2,266,1,292,0
0,-2,268,1,292,0
1,0,289,1,292,0
2,1,291,1,292,0
-8,5,2,1,292,0
-7,-5,21,1,292,0
8,-7,48,1,292,0
1,-6,93,1,292,0
4,-5,108,1,292,0
-3,-3,169,1,292,0
-3,0,187,1,292,0
-4,1,194,1,292,0
-4,-6,194,1,292,0
3,3,199,1,292,0
-5,2,205,1,292,0
-1,8,213,1,292,0
-7,4,223,1,292,0
-1,-7,229,1,292,0
0,-3,261,1,292,0
7,7,268,1,292,0
6,6,277,1,292,0
5,5,286,1,292,0
2,2,287,1,292,0
3,-2,289,1,292,0
1,1,291,1,292,0
4,4,291,1,292,0
0,0,292,1,292,0
-7,5,229,1,292,0
-7,-6,14,1,292,0
-3,-4,42,1,292,0
1,-7,91,1,292,0
3,-3,121,1,292,0
-3,1,162,1,292,0
-2,0,179,1,292,0
-4,-7,199,1,292,0
-4,2,208,1,292,0
6,-2,219,1,292,0
-1,-8,224,1,292,0
-6,-3,239,1,292,0
0,-4,255,1,292,0
7,8,261,1,292,0
6,7,269,1,292,0
3,4,276,1,292,0
5,6,278,1,292,0
-2,-1,284,1,292,0
2,3,285,1,292,0
0,1,287,1,292,0
4,5,287,1,292,0
1,2,291,1,292,0
1,-8,3,1,292,0
-4,-8,5,1,292,0
6,-3,52,1,292,0
4,-7,74,1,292,0
3,-4,116,1,292,0
1,3,132,1,292,0
-2,-2,169,1,292,0
-5,-1,189,1,292,0
-4,3,261,1,292,0
-5,4,253,1,292,0
-7,6,237,1,292,0
-6,5,245,1,292,0
0,-5,243,1,292,0
0,2,252,1,292,0
5,7,254,1,292,0
-3,2,269,1,292,0
-2,1,278,1,292,0
4,6,262,1,292,0
3,5,269,1,292,0
-1,0,269,1,292,0
2,4,277,1,292,0
2,-1,279,1,292,0
-3,-6,45,1,292,0
-5,-2,48,1,292,0
3,6,51,1,292,0
7,-7,55,1,292,0
2,5,78,1,292,0
3,-5,91,1,292,0
5,-1,106,1,292,0
1,4,126,1,292,0
-2,-3,161,1,292,0
-3,3,266,1,292,0
-4,4,257,1,292,0
0,-6,236,1,292,0
-6,6,238,1,292,0
-5,5,247,1,292,0
4,7,242,1,292,0
0,3,245,1,292,0
5,8,246,1,292,0
7,0,251,1,292,0
-2,2,276,1,292,0
2,-2,283,1,292,0
-1,1,286,1,292,0
-6,-6,14,1,292,0
-2,-4,48,1,292,0
0,-7,105,1,292,0
2,6,112,1,292,0
1,5,119,1,292,0
2,-3,124,1,292,0
0,4,194,1,292,0
-3,-7,208,1,292,0
5,-2,212,1,292,0
-8,-2,213,1,292,0
3,7,235,1,292,0
8,-1,239,1,292,0
-5,6,242,1,292,0
-5,-3,251,1,292,0
-4,5,253,1,292,0
6,0,257,1,292,0
-3,4,264,1,292,0
-2,3,271,1,292,0
-1,2,279,1,292,0
-1,-1,283,1,292,0
-9,-6,4,1,292,0
-6,-7,9,1,292,0
3,8,13,1,292,0
5,-3,58,1,292,0
3,-7,79,1,292,0
8,3,84,1,292,0
7,2,103,1,292,0
1,6,113,1,292,0
-1,-2,154,1,292,0
-4,-1,182,1,292,0
-3,-8,205,1,292,0
0,5,208,1,292,0
8,-2,228,1,292,0
2,7,229,1,292,0
-2,4,229,1,292,0
-1,3,244,1,292,0
-4,6,248,1,292,0
-3,5,256,1,292,0
5,0,263,1,292,0
1,-1,275,1,292,0
8,-3,39,1,292,0
-1,-3,53,1,292,0
-2,-6,59,1,292,0
6,-7,62,1,292,0
2,-5,85,1,292,0
6,2,109,1,292,0
5,1,116,1,292,0
1,-2,133,1,292,0
-8,1,189,1,292,0
-3,6,192,1,292,0
4,-1,199,1,292,0
0,6,202,1,292,0
-7,-1,208,1,292,0
1,7,222,1,292,0
-2,5,223,1,292,0
2,8,224,1,292,0
7,3,226,1,292,0
8,4,229,1,292,0
-1,4,239,1,292,0
-4,-2,259,1,292,0
4,0,269,1,292,0
2,9,5,1,292,0
-3,7,14,1,292,0
-5,-6,21,1,292,0
-1,-4,52,1,292,0
8,5,91,1,292,0
1,-3,93,1,292,0
5,-5,102,1,292,0
5,2,113,1,292,0
4,1,122,1,292,0
-7,1,203,1,292,0
-2,6,199,1,292,0
-6,0,199,1,292,0
4,-2,205,1,292,0
0,7,212,1,292,0
-2,-7,215,1,292,0
-7,-2,218,1,292,0
1,8,218,1,292,0
6,3,219,1,292,0
-1,5,233,1,292,0
7,4,236,1,292,0
7,-1,242,1,292,0
-4,-3,254,1,292,0
3,0,276,1,292,0
-5,-7,8,1,293,0
-8,-6,9,1,293,0
-3,8,9,1,293,0
4,-3,64,1,293,0
-1,-5,66,1,293,0
2,-7,87,1,293,0
1,-4,97,1,293,0
3,1,129,1,293,0
-3,-1,175,1,293,0
-6,1,199,1,293,0
-4,-4,181,1,293,0
-7,2,209,1,293,0
-2,7,209,1,293,0
5,3,212,1,293,0
0,8,215,1,293,0
-7,-3,222,1,293,0
-1,6,226,1,293,0
7,-2,235,1,293,0
7,5,242,1,293,0
8,6,249,1,293,0
0,-1,274,1,293,0
2,0,282,1,293,0
-3,9,3,1,293,0
-7,-4,28,1,293,0
7,-3,46,1,293,0
5,-7,68,1,293,0
1,-5,79,1,293,0
6,5,106,1,293,0
4,-4,112,1,293,0
5,4,115,1,293,0
-4,-5,188,1,293,0
-4,0,192,1,293,0
3,2,195,1,293,0
-6,-1,196,1,293,0
3,-1,198,1,293,0
-5,1,201,1,293,0
4,3,206,1,293,0
-7,3,216,1,293,0
-1,7,219,1,293,0
-1,-6,235,1,293,0
7,6,244,1,293,0
8,7,254,1,293,0
-3,-2,266,1,293,0
0,-2,268,1,293,0
1,0,289,1,293,0
2,1,292,1,293,0
-8,5,2,1,293,0
-7,-5,21,1,293,0
8,-7,48,1,293,0
1,-6,93,1,293,0
4,-5,108,1,293,0
-3,-3,169,1,293,0
-3,0,187,1,293,0
-4,1,194,1,293,0
-4,-6,194,1,293,0
3,3,199,1,293,0
-5,2,205,1,293,0
-1,8,213,1,293,0
-7,4,223,1,293,0
-1,-7,229,1,293,0
0,-3,261,1,293,0
7,7,268,1,293,0
6,6,277,1,293,0
5,5,286,1,293,0
2,2,287,1,293,0
3,-2,289,1,293,0
1,1,292,1,293,0
4,4,292,1,293,0
0,0,293,1,293,0
-7,5,229,1,293,0
-7,-6,14,1,293,0
-3,-4,42,1,293,0
1,-7,91,1,293,0
-3,1,162,1,293,0
-2,0,179,1,293,0
-4,-7,199,1,293,0
-4,2,208,1,293,0
6,-2,219,1,293,0
-1,-8,224,1,293,0
-6,-3,239,1,293,0
0,-4,255,1,293,0
7,8,261,1,293,0
6,7,269,1,293,0
3,4,276,1,293,0
5,6,278,1,293,0
-2,-1,284,1,293,0
2,3,285,1,293,0
0,1,287,1,293,0
4,5,287,1,293,0
3,-3,291,1,293,0
1,2,292,1,293,0
1,-8,3,1,293,0
-4,-8,5,1,293,0
6,-3,52,1,293,0
4,-7,74,1,293,0
3,-4,116,1,293,0
1,3,132,1,293,0
-2,-2,169,1,293,0
-5,-1,189,1,293,0
-4,3,261,1,293,0
-5,4,253,1,293,0
-7,6,237,1,293,0
-6,5,245,1,293,0
0,-5,243,1,293,0
0,2,252,1,293,0
5,7,254,1,293,0
-3,2,269,1,293,0
-2,1,278,1,293,0
4,6,262,1,293,0
3,5,269,1,293,0
-1,0,269,1,293,0
2,4,277,1,293,0
2,-1,279,1,293,0
-3,-6,45,1,293,0
-5,-2,48,1,293,0
3,6,51,1,293,0
7,-7,55,1,293,0
2,5,78,1,293,0
3,-5,91,1,293,0
5,-1,106,1,293,0
1,4,126,1,293,0
-2,-3,161,1,293,0
-3,3,266,1,293,0
-4,4,257,1,293,0
0,-6,236,1,293,0
-6,6,238,1,293,0
-5,5,247,1,293,0
4,7,242,1,293,0
0,3,245,1,293,0
5,8,246,1,293,0
7,0,251,1,293,0
-2,2,276,1,293,0
2,-2,283,1,293,0
-1,1,286,1,293,0
-6,-6,14,1,293,0
-2,-4,48,1,293,0
0,-7,105,1,293,0
2,6,112,1,293,0
1,5,119,1,293,0
2,-3,124,1,293,0
0,4,194,1,293,0
-3,-7,208,1,293,0
5,-2,212,1,293,0
-8,-2,213,1,293,0
3,7,235,1,293,0
8,-1,239,1,293,0
-5,6,242,1,293,0
-5,-3,251,1,293,0
-4,5,253,1,293,0
6,0,257,1,293,0
-3,4,264,1,293,0
-2,3,271,1,293,0
-1,2,279,1,293,0
-1,-1,283,1,293,0
-9,-6,4,1,293,0
-6,-7,9,1,293,0
3,8,13,1,293,0
5,-3,58,1,293,0
3,-7,79,1,293,0
8,3,84,1,293,0
7,2,103,1,293,0
1,6,113,1,293,0
-1,-2,154,1,293,0
-4,-1,182,1,293,0
-3,-8,205,1,293,0
0,5,208,1,293,0
8,-2,228,1,293,0
2,7,229,1,293,0
-2,4,229,1,293,0
-1,3,244,1,293,0
-4,6,248,1,293,0
-3,5,256,1,293,0
5,0,263,1,293,0
1,-1,275,1,293,0
8,-3,39,1,293,0
-1,-3,53,1,293,0
-2,-6,59,1,293,0
6,-7,62,1,293,0
2,-5,85,1,293,0
6,2,109,1,293,0
5,1,116,1,293,0
1,-2,133,1,293,0
-8,1,189,1,293,0
-3,6,192,1,293,0
4,-1,199,1,293,0
0,6,202,1,293,0
-7,-1,208,1,293,0
1,7,222,1,293,0
-2,5,223,1,293,0
2,8,224,1,293,0
7,3,226,1,293,0
8,4,229,1,293,0
-1,4,239,1,293,0
-4,-2,259,1,293,0
4,0,269,1,293,0
2,9,5,1,293,0
-3,7,14,1,293,0
-5,-6,21,1,293,0
-1,-4,52,1,293,0
8,5,91,1,293,0
1,-3,93,1,293,0
5,-5,102,1,293,0
5,2,113,1,293,0
4,1,122,1,293,0
-7,1,203,1,293,0
-2,6,199,1,293,0
-6,0,199,1,293,0
4,-2,205,1,293,0
0,7,212,1,293,0
-2,-7,215,1,293,0
-7,-2,218,1,293,0
1,8,218,1,293,0
6,3,219,1,293,0
-1,5,233,1,293,0
7,4,236,1,293,0
7,-1,242,1,293,0
-4,-3,254,1,293,0
3,0,276,1,293,0
-5,-7,8,1,294,0
-8,-6,9,1,294,0
-3,8,9,1,294,0
-1,-5,66,1,294,0
2,-7,87,1,294,0
1,-4,97,1,294,0
3,1,129,1,294,0
-3,-1,175,1,294,0
-6,1,199,1,294,0
-4,-4,181,1,294,0
-7,2,209,1,294,0
-2,7,209,1,294,0
5,3,212,1,294,0
0,8,215,1,294,0
-7,-3,222,1,294,0
-1,6,226,1,294,0
7,-2,235,1,294,0
7,5,242,1,294,0
8,6,249,1,294,0
0,-1,274,1,294,0
2,0,282,1,294,0
4,-3,292,1,294,0
-3,9,3,1,294,0
-7,-4,28,1,294,0
7,-3,46,1,294,0
5,-7,68,1,294,0
1,-5,79,1,294,0
6,5,106,1,294,0
4,-4,112,1,294,0
5,4,115,1,294,0
-4,-5,188,1,294,0
-4,0,192,1,294,0
3,2,195,1,294,0
-6,-1,196,1,294,0
3,-1,198,1,294,0
-5,1,201,1,294,0
4,3,206,1,294,0
-7,3,216,1,294,0
-1,7,219,1,294,0
-1,-6,235,1,294,0
7,6,244,1,294,0
8,7,254,1,294,0
-3,-2,266,1,294,0
0,-2,268,1,294,0
1,0,289,1,294,0
2,1,293,1,294,0
-8,5,2,1,294,0
-7,-5,21,1,294,0
8,-7,48,1,294,0
1,-6,93,1,294,0
4,-5,108,1,294,0
-3,-3,169,1,294,0
-3,0,187,1,294,0
-4,1,194,1,294,0
-4,-6,194,1,294,0
3,3,199,1,294,0
-5,2,205,1,294,0
-1,8,213,1,294,0
-7,4,223,1,294,0
-1,-7,229,1,294,0
0,-3,261,1,294,0
7,7,268,1,294,0
6,6,277,1,294,0
5,5,286,1,294,0
2,2,287,1,294,0
3,-2,289,1,294,0
4,4,292,1,294,0
1,1,293,1,294,0
0,0,294,1,294,0
-7,5,229,1,294,0
-7,-6,14,1,294,0
-3,-4,42,1,294,0
1,-7,91,1,294,0
-3,1,162,1,294,0
-2,0,179,1,294,0
-4,-7,199,1,294,0
-4,2,208,1,294,0
6,-2,219,1,294,0
-1,-8,224,1,294,0
-6,-3,239,1,294,0
0,-4,255,1,294,0
7,8,261,1,294,0
6,7,269,1,294,0
3,4,276,1,294,0
5,6,278,1,294,0
-2,-1,284,1,294,0
2,3,285,1,294,0
0,1,287,1,294,0
4,5,287,1,294,0
3,-3,291,1,294,0
1,2,292,1,294,0
1,-8,3,1,294,0
-4,-8,5,1,294,0
6,-3,52,1,294,0
4,-7,74,1,294,0
3,-4,116,1,294,0
1,3,132,1,294,0
-2,-2,169,1,294,0
-5,-1,189,1,294,0
-4,3,261,1,294,0
-5,4,253,1,294,0
-7,6,237,1,294,0
-6,5,245,1,294,0
0,-5,243,1,294,0
0,2,252,1,294,0
5,7,254,1,294,0
-3,2,269,1,294,0
-2,1,278,1,294,0
4,6,262,1,294,0
3,5,269,1,294,0
-1,0,269,1,294,0
2,4,277,1,294,0
2,-1,279,1,294,0
-3,-6,45,1,294,0
-5,-2,48,1,294,0
3,6,51,1,294,0
7,-7,55,1,294,0
2,5,78,1,294,0
3,-5,91,1,294,0
5,-1,106,1,294,0
1,4,126,1,294,0
-2,-3,161,1,294,0
-3,3,266,1,294,0
-4,4,257,1,294,0
0,-6,236,1,294,0
-6,6,238,1,294,0
-5,5,247,1,294,0
4,7,242,1,294,0
0,3,245,1,294,0
5,8,246,1,294,0
7,0,251,1,294,0
-2,2,276,1,294,0
2,-2,283,1,294,0
-1,1,286,1,294,0
-6,-6,14,1,294,0
-2,-4,48,1,294,0
0,-7,105,1,294,0
2,6,112,1,294,0
1,5,119,1,294,0
2,-3,124,1,294,0
0,4,194,1,294,0
-3,-7,208,1,294,0
5,-2,212,1,294,0
-8,-2,213,1,294,0
3,7,235,1,294,0
8,-1,239,1,294,0
-5,6,242,1,294,0
-5,-3,251,1,294,0
-4,5,253,1,294,0
6,0,257,1,294,0
-3,4,264,1,294,0
-2,3,271,1,294,0
-1,2,279,1,294,0
-1,-1,283,1,294,0
-9,-6,4,1,294,0
-6,-7,9,1,294,0
3,8,13,1,294,0
5,-3,58,1,294,0
3,-7,79,1,294,0
8,3,84,1,294,0
7,2,103,1,294,0
1,6,113,1,294,0
-1,-2,154,1,294,0
-4,-1,182,1,294,0
-3,-8,205,1,294,0
0,5,208,1,294,0
8,-2,228,1,294,0
2,7,229,1,294,0
-2,4,229,1,294,0
-1,3,244,1,294,0
-4,6,248,1,294,0
-3,5,256,1,294,0
5,0,263,1,294,0
1,-1,275,1,294,0
8,-3,39,1,294,0
-1,-3,53,1,294,0
-2,-6,59,1,294,0
6,-7,62,1,294,0
2,-5,85,1,294,0
6,2,109,1,294,0
5,1,116,1,294,0
1,-2,133,1,294,0
-8,1,189,1,294,0
-3,6,192,1,294,0
4,-1,199,1,294,0
0,6,202,1,294,0
-7,-1,208,1,294,0
1,7,222,1,294,0
-2,5,223,1,294,0
2,8,224,1,294,0
7,3,226,1,294,0
8,4,229,1,294,0
-1,4,239,1,294,0
-4,-2,259,1,294,0
4,0,269,1,294,0
2,9,5,1,294,0
-3,7,14,1,294,0
-5,-6,21,1,294,0
-1,-4,52,1,294,0
8,5,91,1,294,0
1,-3,93,1,294,0
5,-5,102,1,294,0
5,2,113,1,294,0
4,1,122,1,294,0
-7,1,203,1,294,0
-2,6,199,1,294,0
-6,0,199,1,294,0
4,-2,205,1,294,0
0,7,212,1,294,0
-2,-7,215,1,294,0
-7,-2,218,1,294,0
1,8,218,1,294,0
6,3,219,1,294,0
-1,5,233,1,294,0
7,4,236,1,294,0
7,-1,242,1,294,0
-4,-3,254,1,294,0
3,0,276,1,294,0
-5,-7,8,1,295,0
-8,-6,9,1,295,0
-3,8,9,1,295,0
-1,-5,66,1,295,0
2,-7,87,1,295,0
1,-4,97,1,295,0
3,1,129,1,295,0
-3,-1,175,1,295,0
-6,1,199,1,295,0
-4,-4,181,1,295,0
-7,2,209,1,295,0
-2,7,209,1,295,0
5,3,212,1,295,0
0,8,215,1,295,0
-7,-3,222,1,295,0
-1,6,226,1,295,0
7,-2,235,1,295,0
7,5,242,1,295,0
8,6,249,1,295,0
0,-1,274,1,295,0
2,0,282,1,295,0
4,-3,294,1,295,0
-3,9,3,1,295,0
-7,-4,28,1,295,0
7,-3,46,1,295,0
5,-7,68,1,295,0
1,-5,79,1,295,0
6,5,106,1,295,0
4,-4,112,1,295,0
5,4,115,1,295,0
-4,-5,188,1,295,0
-4,0,192,1,295,0
3,2,195,1,295,0
-6,-1,196,1,295,0
3,-1,198,1,295,0
-5,1,201,1,295,0
4,3,206,1,295,0
-7,3,216,1,295,0
-1,7,219,1,295,0
-1,-6,235,1,295,0
7,6,244,1,295,0
8,7,254,1,295,0
-3,-2,266,1,295,0
0,-2,268,1,295,0
1,0,289,1,295,0
2,1,294,1,295,0
-8,5,2,1,295,0
-7,-5,21,1,295,0
8,-7,48,1,295,0
1,-6,93,1,295,0
4,-5,108,1,295,0
-3,-3,169,1,295,0
-3,0,187,1,295,0
-4,1,194,1,295,0
-4,-6,194,1,295,0
3,3,199,1,295,0
-5,2,205,1,295,0
-1,8,213,1,295,0
-7,4,223,1,295,0
-1,-7,229,1,295,0
0,-3,261,1,295,0
7,7,268,1,295,0
6,6,277,1,295,0
5,5,286,1,295,0
2,2,287,1,295,0
3,-2,289,1,295,0
1,1,294,1,295,0
4,4,294,1,295,0
0,0,294,1,295,0
-7,5,229,1,295,0
-7,-6,14,1,295,0
-3,-4,42,1,295,0
1,-7,91,1,295,0
-3,1,162,1,295,0
-2,0,179,1,295,0
-4,-7,199,1,295,0
-4,2,208,1,295,0
6,-2,219,1,295,0
-1,-8,224,1,295,0
-6,-3,239,1,295,0
0,-4,255,1,295,0
7,8,261,1,295,0
6,7,269,1,295,0
3,4,276,1,295,0
5,6,278,1,295,0
-2,-1,284,1,295,0
2,3,285,1,295,0
0,1,287,1,295,0
4,5,287,1,295,0
3,-3,291,1,295,0
1,2,292,1,295,0
1,-8,3,1,295,0
-4,-8,5,1,295,0
6,-3,52,1,295,0
4,-7,74,1,295,0
3,-4,116,1,295,0
1,3,132,1,295,0
-2,-2,169,1,295,0
-5,-1,189,1,295,0
-4,3,261,1,295,0
-5,4,253,1,295,0
-7,6,237,1,295,0
-6,5,245,1,295,0
0,-5,243,1,295,0
0,2,252,1,295,0
5,7,254,1,295,0
-3,2,269,1,295,0
-2,1,278,1,295,0
4,6,262,1,295,0
3,5,269,1,295,0
-1,0,295,1,295,0
2,4,277,1,295,0
2,-1,279,1,295,0
-3,-6,45,1,295,0
-5,-2,48,1,295,0
3,6,51,1,295,0
7,-7,55,1,295,0
2,5,78,1,295,0
3,-5,91,1,295,0
5,-1,106,1,295,0
1,4,126,1,295,0
-2,-3,161,1,295,0
-3,3,266,1,295,0
-4,4,257,1,295,0
0,-6,236,1,295,0
-6,6,238,1,295,0
-5,5,247,1,295,0
4,7,242,1,295,0
0,3,245,1,295,0
5,8,246,1,295,0
7,0,251,1,295,0
-2,2,276,1,295,0
2,-2,283,1,295,0
-1,1,286,1,295,0
-6,-6,14,1,295,0
-2,-4,48,1,295,0
0,-7,105,1,295,0
2,6,112,1,295,0
1,5,119,1,295,0
2,-3,124,1,295,0
0,4,194,1,295,0
-3,-7,208,1,295,0
5,-2,212,1,295,0
-8,-2,213,1,295,0
3,7,235,1,295,0
8,-1,239,1,295,0
-5,6,242,1,295,0
-5,-3,251,1,295,0
-4,5,253,1,295,0
6,0,257,1,295,0
-3,4,264,1,295,0
-2,3,271,1,295,0
-1,2,279,1,295,0
-1,-1,283,1,295,0
-9,-6,4,1,295,0
-6,-7,9,1,295,0
3,8,13,1,295,0
5,-3,58,1,295,0
3,-7,79,1,295,0
8,3,84,1,295,0
7,2,103,1,295,0
1,6,113,1,295,0
-1,-2,154,1,295,0
-4,-1,182,1,295,0
-3,-8,205,1,295,0
0,5,208,1,295,0
8,-2,228,1,295,0
2,7,229,1,295,0
-2,4,229,1,295,0
-1,3,244,1,295,0
-4,6,248,1,295,0
-3,5,256,1,295,0
5,0,263,1,295,0
1,-1,275,1,295,0
8,-3,39,1,295,0
-1,-3,53,1,295,0
-2,-6,59,1,295,0
6,-7,62,1,295,0
2,-5,85,1,295,0
6,2,109,1,295,0
5,1,116,1,295,0
1,-2,133,1,295,0
-8,1,189,1,295,0
-3,6,192,1,295,0
4,-1,199,1,295,0
0,6,202,1,295,0
-7,-1,208,1,295,0
1,7,222,1,295,0
-2,5,223,1,295,0
2,8,224,1,295,0
7,3,226,1,295,0
8,4,229,1,295,0
-1,4,239,1,295,0
-4,-2,259,1,295,0
4,0,269,1,295,0
2,9,5,1,295,0
-3,7,14,1,295,0
-5,-6,21,1,295,0
-1,-4,52,1,295,0
8,5,91,1,295,0
1,-3,93,1,295,0
5,-5,102,1,295,0
5,2,113,1,295,0
4,1,122,1,295,0
-7,1,203,1,295,0
-2,6,199,1,295,0
-6,0,199,1,295,0
4,-2,205,1,295,0
0,7,212,1,295,0
-2,-7,215,1,295,0
-7,-2,218,1,295,0
1,8,218,1,295,0
6,3,219,1,295,0
-1,5,233,1,295,0
7,4,236,1,295,0
7,-1,242,1,295,0
-4,-3,254,1,295,0
3,0,276,1,295,0
-5,-7,8,1,296,0
-8,-6,9,1,296,0
-3,8,9,1,296,0
-1,-5,66,1,296,0
2,-7,87,1,296,0
1,-4,97,1,296,0
3,1,129,1,296,0
-3,-1,175,1,296,0
-6,1,199,1,296,0
-4,-4,181,1,296,0
-7,2,209,1,296,0
-2,7,209,1,296,0
5,3,212,1,296,0
0,8,215,1,296,0
-7,-3,222,1,296,0
-1,6,226,1,296,0
7,-2,235,1,296,0
7,5,242,1,296,0
8,6,249,1,296,0
0,-1,274,1,296,0
2,0,282,1,296,0
4,-3,294,1,296,0
-3,9,3,1,296,0
-7,-4,28,1,296,0
7,-3,46,1,296,0
5,-7,68,1,296,0
1,-5,79,1,296,0
6,5,106,1,296,0
4,-4,112,1,296,0
5,4,115,1,296,0
-4,-5,188,1,296,0
-4,0,192,1,296,0
3,2,195,1,296,0
-6,-1,196,1,296,0
3,-1,198,1,296,0
-5,1,201,1,296,0
4,3,206,1,296,0
-7,3,216,1,296,0
-1,7,219,1,296,0
-1,-6,235,1,296,0
7,6,244,1,296,0
8,7,254,1,296,0
-3,-2,266,1,296,0
0,-2,268,1,296,0
1,0,289,1,296,0
2,1,295,1,296,0
-8,5,2,1,296,0
-7,-5,21,1,296,0
8,-7,48,1,296,0
1,-6,93,1,296,0
4,-5,108,1,296,0
-3,-3,169,1,296,0
-3,0,187,1,296,0
-4,1,194,1,296,0
-4,-6,194,1,296,0
3,3,199,1,296,0
-5,2,205,1,296,0
-1,8,213,1,296,0
-7,4,223,1,296,0
-1,-7,229,1,296,0
0,-3,261,1,296,0
7,7,268,1,296,0
6,6,277,1,296,0
5,5,286,1,296,0
2,2,287,1,296,0
3,-2,289,1,296,0
1,1,295,1,296,0
4,4,295,1,296,0
0,0,295,1,296,0
-7,5,229,1,296,0
-7,-6,14,1,296,0
-3,-4,42,1,296,0
1,-7,91,1,296,0
-3,1,162,1,296,0
-2,0,179,1,296,0
-4,-7,199,1,296,0
-4,2,208,1,296,0
6,-2,219,1,296,0
-1,-8,224,1,296,0
-6,-3,239,1,296,0
0,-4,255,1,296,0
7,8,261,1,296,0
6,7,269,1,296,0
3,4,276,1,296,0
5,6,278,1,296,0
-2,-1,284,1,296,0
2,3,285,1,296,0
0,1,287,1,296,0
4,5,287,1,296,0
3,-3,291,1,296,0
1,2,292,1,296,0
1,-8,3,1,296,0
-4,-8,5,1,296,0
6,-3,52,1,296,0
4,-7,74,1,296,0
3,-4,116,1,296,0
1,3,132,1,296,0
-2,-2,169,1,296,0
-5,-1,189,1,296,0
-4,3,261,1,296,0
-5,4,253,1,296,0
-7,6,237,1,296,0
-6,5,245,1,296,0
0,-5,243,1,296,0
0,2,252,1,296,0
5,7,254,1,296,0
-3,2,269,1,296,0
-2,1,278,1,296,0
4,6,262,1,296,0
3,5,269,1,296,0
-1,0,296,1,296,0
2,4,277,1,296,0
2,-1,279,1,296,0
-3,-6,45,1,296,0
-5,-2,48,1,296,0
3,6,51,1,296,0
7,-7,55,1,296,0
2,5,78,1,296,0
3,-5,91,1,296,0
5,-1,106,1,296,0
1,4,126,1,296,0
-2,-3,161,1,296,0
-3,3,266,1,296,0
-4,4,257,1,296,0
0,-6,236,1,296,0
-6,6,238,1,296,0
-5,5,247,1,296,0
4,7,242,1,296,0
0,3,245,1,296,0
5,8,246,1,296,0
7,0,251,1,296,0
-2,2,276,1,296,0
2,-2,283,1,296,0
-1,1,286,1,296,0
-6,-6,14,1,296,0
-2,-4,48,1,296,0
0,-7,105,1,296,0
2,6,112,1,296,0
1,5,119,1,296,0
2,-3,124,1,296,0
0,4,194,1,296,0
-3,-7,208,1,296,0
5,-2,212,1,296,0
-8,-2,213,1,296,0
3,7,235,1,296,0
8,-1,239,1,296,0
-5,6,242,1,296,0
-5,-3,251,1,296,0
-4,5,253,1,296,0
6,0,257,1,296,0
-3,4,264,1,296,0
-2,3,271,1,296,0
-1,2,279,1,296,0
-1,-1,283,1,296,0
-9,-6,4,1,296,0
-6,-7,9,1,296,0
3,8,13,1,296,0
5,-3,58,1,296,0
3,-7,79,1,296,0
8,3,84,1,296,0
7,2,103,1,296,0
1,6,113,1,296,0
-1,-2,154,1,296,0
-4,-1,182,1,296,0
-3,-8,205,1,296,0
0,5,208,1,296,0
8,-2,228,1,296,0
2,7,229,1,296,0
-2,4,229,1,296,0
-1,3,244,1,296,0
-4,6,248,1,296,0
-3,5,256,1,296,0
5,0,263,1,296,0
1,-1,275,1,296,0
8,-3,39,1,296,0
-1,-3,53,1,296,0
-2,-6,59,1,296,0
6,-7,62,1,296,0
2,-5,85,1,296,0
6,2,109,1,296,0
5,1,116,1,296,0
1,-2,133,1,296,0
-8,1,189,1,296,0
-3,6,192,1,296,0
4,-1,199,1,296,0
0,6,202,1,296,0
-7,-1,208,1,296,0
1,7,222,1,296,0
-2,5,223,1,296,0
2,8,224,1,296,0
7,3,226,1,296,0
8,4,229,1,296,0
-1,4,239,1,296,0
-4,-2,259,1,296,0
4,0,269,1,296,0
2,9,5,1,296,0
-3,7,14,1,296,0
-5,-6,21,1,296,0
-1,-4,52,1,296,0
8,5,91,1,296,0
1,-3,93,1,296,0
5,-5,102,1,296,0
5,2,113,1,296,0
4,1,122,1,296,0
-7,1,203,1,296,0
-2,6,199,1,296,0
-6,0,199,1,296,0
4,-2,205,1,296,0
0,7,212,1,296,0
-2,-7,215,1,296,0
-7,-2,218,1,296,0
1,8,218,1,296,0
6,3,219,1,296,0
-1,5,233,1,296,0
7,4,236,1,296,0
7,-1,242,1,296,0
-4,-3,254,1,296,0
3,0,276,1,296,0
-5,-7,8,1,297,0
-8,-6,9,1,297,0
-3,8,9,1,297,0
-1,-5,66,1,297,0
2,-7,87,1,297,0
1,-4,97,1,297,0
3,1,129,1,297,0
-3,-1,175,1,297,0
-6,1,199,1,297,0
-4,-4,181,1,297,0
-7,2,209,1,297,0
-2,7,209,1,297,0
5,3,212,1,297,0
0,8,215,1,297,0
-7,-3,222,1,297,0
-1,6,226,1,297,0
7,-2,235,1,297,0
7,5,242,1,297,0
8,6,249,1,297,0
0,-1,274,1,297,0
2,0,282,1,297,0
4,-3,296,1,297,0
-3,9,3,1,297,0
-7,-4,28,1,297,0
7,-3,46,1,297,0
5,-7,68,1,297,0
1,-5,79,1,297,0
6,5,106,1,297,0
4,-4,112,1,297,0
5,4,115,1,297,0
-4,-5,188,1,297,0
-4,0,192,1,297,0
3,2,195,1,297,0
-6,-1,196,1,297,0
3,-1,198,1,297,0
-5,1,201,1,297,0
4,3,206,1,297,0
-7,3,216,1,297,0
-1,7,219,1,297,0
-1,-6,235,1,297,0
7,6,244,1,297,0
8,7,254,1,297,0
-3,-2,266,1,297,0
0,-2,268,1,297,0
1,0,289,1,297,0
2,1,296,1,297,0
-8,5,2,1,297,0
-7,-5,21,1,297,0
8,-7,48,1,297,0
1,-6,93,1,297,0
4,-5,108,1,297,0
-3,-3,169,1,297,0
-3,0,187,1,297,0
-4,1,194,1,297,0
-4,-6,194,1,297,0
3,3,199,1,297,0
-5,2,205,1,297,0
-1,8,213,1,297,0
-7,4,223,1,297,0
-1,-7,229,1,297,0
0,-3,261,1,297,0
7,7,268,1,297,0
6,6,277,1,297,0
5,5,286,1,297,0
2,2,287,1,297,0
3,-2,289,1,297,0
4,4,295,1,297,0
1,1,296,1,297,0
0,0,296,1,297,0
-7,5,229,1,297,0
-7,-6,14,1,297,0
-3,-4,42,1,297,0
1,-7,91,1,297,0
-3,1,162,1,297,0
-2,0,179,1,297,0
-4,-7,199,1,297,0
-4,2,208,1,297,0
6,-2,219,1,297,0
-1,-8,224,1,297,0
-6,-3,239,1,297,0
0,-4,255,1,297,0
7,8,261,1,297,0
6,7,269,1,297,0
5,6,278,1,297,0
-2,-1,284,1,297,0
2,3,285,1,297,0
0,1,287,1,297,0
4,5,287,1,297,0
3,-3,291,1,297,0
1,2,292,1,297,0
3,4,296,1,297,0
1,-8,3,1,297,0
-4,-8,5,1,297,0
6,-3,52,1,297,0
4,-7,74,1,297,0
3,-4,116,1,297,0
1,3,132,1,297,0
-2,-2,169,1,297,0
-5,-1,189,1,297,0
-4,3,261,1,297,0
-5,4,253,1,297,0
-7,6,237,1,297,0
-6,5,245,1,297,0
0,-5,243,1,297,0
0,2,252,1,297,0
5,7,254,1,297,0
-3,2,269,1,297,0
-2,1,278,1,297,0
4,6,262,1,297,0
3,5,269,1,297,0
-1,0,297,1,297,0
2,4,277,1,297,0
2,-1,279,1,297,0
-3,-6,45,1,297,0
-5,-2,48,1,297,0
3,6,51,1,297,0
7,-7,55,1,297,0
2,5,78,1,297,0
3,-5,91,1,297,0
5,-1,106,1,297,0
1,4,126,1,297,0
-2,-3,161,1,297,0
-3,3,266,1,297,0
-4,4,257,1,297,0
0,-6,236,1,297,0
-6,6,238,1,297,0
-5,5,247,1,297,0
4,7,242,1,297,0
0,3,245,1,297,0
5,8,246,1,297,0
7,0,251,1,297,0
-2,2,276,1,297,0
2,-2,283,1,297,0
-1,1,286,1,297,0
-6,-6,14,1,297,0
-2,-4,48,1,297,0
0,-7,105,1,297,0
2,6,112,1,297,0
1,5,119,1,297,0
2,-3,124,1,297,0
0,4,194,1,297,0
-3,-7,208,1,297,0
5,-2,212,1,297,0
-8,-2,213,1,297,0
3,7,235,1,297,0
8,-1,239,1,297,0
-5,6,242,1,297,0
-5,-3,251,1,297,0
-4,5,253,1,297,0
6,0,257,1,297,0
-3,4,264,1,297,0
-2,3,271,1,297,0
-1,2,279,1,297,0
-1,-1,283,1,297,0
-9,-6,4,1,297,0
-6,-7,9,1,297,0
3,8,13,1,297,0
5,-3,58,1,297,0
3,-7,79,1,297,0
8,3,84,1,297,0
7,2,103,1,297,0
1,6,113,1,297,0
-1,-2,154,1,297,0
-4,-1,182,1,297,0
-3,-8,205,1,297,0
0,5,208,1,297,0
8,-2,228,1,297,0
2,7,229,1,297,0
-2,4,229,1,297,0
-1,3,244,1,297,0
-4,6,248,1,297,0
-3,5,256,1,297,0
5,0,263,1,297,0
1,-1,275,1,297,0
8,-3,39,1,297,0
-1,-3,53,1,297,0
-2,-6,59,1,297,0
6,-7,62,1,297,0
2,-5,85,1,297,0
6,2,109,1,297,0
5,1,116,1,297,0
1,-2,133,1,297,0
-8,1,189,1,297,0
-3,6,192,1,297,0
4,-1,199,1,297,0
0,6,202,1,297,0
-7,-1,208,1,297,0
1,7,222,1,297,0
-2,5,223,1,297,0
2,8,224,1,297,0
7,3,226,1,297,0
8,4,229,1,297,0
-1,4,239,1,297,0
-4,-2,259,1,297,0
4,0,269,1,297,0
2,9,5,1,297,0
-3,7,14,1,297,0
-5,-6,21,1,297,0
-1,-4,52,1,297,0
8,5,91,1,297,0
1,-3,93,1,297,0
5,-5,102,1,297,0
5,2,113,1,297,0
4,1,122,1,297,0
-7,1,203,1,297,0
-2,6,199,1,297,0
-6,0,199,1,297,0
4,-2,205,1,297,0
0,7,212,1,297,0
-2,-7,215,1,297,0
-7,-2,218,1,297,0
1,8,218,1,297,0
6,3,219,1,297,0
-1,5,233,1,297,0
7,4,236,1,297,0
7,-1,242,1,297,0
-4,-3,254,1,297,0
3,0,276,1,297,0
-5,-7,8,1,298,0
-8,-6,9,1,298,0
-3,8,9,1,298,0
-1,-5,66,1,298,0
2,-7,87,1,298,0
1,-4,97,1,298,0
-3,-1,175,1,298,0
-6,1,199,1,298,0
-4,-4,181,1,298,0
-7,2,209,1,298,0
-2,7,209,1,298,0
5,3,212,1,298,0
0,8,215,1,298,0
-7,-3,222,1,298,0
-1,6,226,1,298,0
7,-2,235,1,298,0
7,5,242,1,298,0
8,6,249,1,298,0
0,-1,274,1,298,0
2,0,282,1,298,0
4,-3,297,1,298,0
3,1,297,1,298,0
-3,9,3,1,298,0
-7,-4,28,1,298,0
7,-3,46,1,298,0
5,-7,68,1,298,0
1,-5,79,1,298,0
6,5,106,1,298,0
4,-4,112,1,298,0
5,4,115,1,298,0
-4,-5,188,1,298,0
-4,0,192,1,298,0
3,2,195,1,298,0
-6,-1,196,1,298,0
3,-1,198,1,298,0
-5,1,201,1,298,0
4,3,206,1,298,0
-7,3,216,1,298,0
-1,7,219,1,298,0
-1,-6,235,1,298,0
7,6,244,1,298,0
8,7,254,1,298,0
-3,-2,266,1,298,0
0,-2,268,1,298,0
1,0,289,1,298,0
2,1,296,1,298,0
-8,5,2,1,298,0
-7,-5,21,1,298,0
8,-7,48,1,298,0
1,-6,93,1,298,0
4,-5,108,1,298,0
-3,-3,169,1,298,0
-3,0,187,1,298,0
-4,1,194,1,298,0
-4,-6,194,1,298,0
-5,2,205,1,298,0
-1,8,213,1,298,0
-7,4,223,1,298,0
-1,-7,229,1,298,0
0,-3,261,1,298,0
7,7,268,1,298,0
6,6,277,1,298,0
5,5,286,1,298,0
2,2,287,1,298,0
3,-2,289,1,298,0
4,4,295,1,298,0
1,1,297,1,298,0
3,3,297,1,298,0
0,0,297,1,298,0
-7,5,229,1,298,0
-7,-6,14,1,298,0
-3,-4,42,1,298,0
1,-7,91,1,298,0
-3,1,162,1,298,0
-2,0,179,1,298,0
-4,-7,199,1,298,0
-4,2,208,1,298,0
6,-2,219,1,298,0
-1,-8,224,1,298,0
-6,-3,239,1,298,0
0,-4,255,1,298,0
7,8,261,1,298,0
6,7,269,1,298,0
5,6,278,1,298,0
-2,-1,284,1,298,0
2,3,285,1,298,0
0,1,287,1,298,0
4,5,287,1,298,0
3,-3,291,1,298,0
1,2,292,1,298,0
3,4,296,1,298,0
1,-8,3,1,298,0
-4,-8,5,1,298,0
6,-3,52,1,298,0
4,-7,74,1,298,0
3,-4,116,1,298,0
1,3,132,1,298,0
-2,-2,169,1,298,0
-5,-1,189,1,298,0
-4,3,261,1,298,0
-5,4,253,1,298,0
-7,6,237,1,298,0
-6,5,245,1,298,0
0,-5,243,1,298,0
0,2,252,1,298,0
5,7,254,1,298,0
-3,2,269,1,298,0
-2,1,278,1,298,0
4,6,262,1,298,0
3,5,269,1,298,0
-1,0,298,1,298,0
2,4,277,1,298,0
2,-1,279,1,298,0
-3,-6,45,1,298,0
-5,-2,48,1,298,0
3,6,51,1,298,0
7,-7,55,1,298,0
2,5,78,1,298,0
3,-5,91,1,298,0
5,-1,106,1,298,0
1,4,126,1,298,0
-2,-3,161,1,298,0
-3,3,266,1,298,0
-4,4,257,1,298,0
0,-6,236,1,298,0
-6,6,238,1,298,0
-5,5,247,1,298,0
4,7,242,1,298,0
0,3,245,1,298,0
5,8,246,1,298,0
7,0,251,1,298,0
-2,2,276,1,298,0
2,-2,283,1,298,0
-1,1,286,1,298,0
-6,-6,14,1,298,0
-2,-4,48,1,298,0
0,-7,105,1,298,0
2,6,112,1,298,0
1,5,119,1,298,0
2,-3,124,1,298,0
0,4,194,1,298,0
-3,-7,208,1,298,0
5,-2,212,1,298,0
-8,-2,213,1,298,0
3,7,235,1,298,0
8,-1,239,1,298,0
-5,6,242,1,298,0
-5,-3,251,1,298,0
-4,5,253,1,298,0
6,0,257,1,298,0
-3,4,264,1,298,0
-2,3,271,1,298,0
-1,2,279,1,298,0
-1,-1,283,1,298,0
-9,-6,4,1,298,0
-6,-7,9,1,298,0
3,8,13,1,298,0
5,-3,58,1,298,0
3,-7,79,1,298,0
8,3,84,1,298,0
7,2,103,1,298,0
1,6,113,1,298,0
-1,-2,154,1,298,0
-4,-1,182,1,298,0
-3,-8,205,1,298,0
0,5,208,1,298,0
8,-2,228,1,298,0
2,7,229,1,298,0
-2,4,229,1,298,0
-1,3,244,1,298,0
-4,6,248,1,298,0
-3,5,256,1,298,0
5,0,263,1,298,0
1,-1,275,1,298,0
8,-3,39,1,298,0
-1,-3,53,1,298,0
-2,-6,59,1,298,0
6,-7,62,1,298,0
2,-5,85,1,298,0
6,2,109,1,298,0
5,1,116,1,298,0
1,-2,133,1,298,0
-8,1,189,1,298,0
-3,6,192,1,298,0
4,-1,199,1,298,0
0,6,202,1,298,0
-7,-1,208,1,298,0
1,7,222,1,298,0
-2,5,223,1,298,0
2,8,224,1,298,0
7,3,226,1,298,0
8,4,229,1,298,0
-1,4,239,1,298,0
-4,-2,259,1,298,0
4,0,269,1,298,0
2,9,5,1,298,0
-3,7,14,1,298,0
-5,-6,21,1,298,0
-1,-4,52,1,298,0
8,5,91,1,298,0
1,-3,93,1,298,0
5,-5,102,1,298,0
5,2,113,1,298,0
4,1,122,1,298,0
-7,1,203,1,298,0
-2,6,199,1,298,0
-6,0,199,1,298,0
4,-2,205,1,298,0
0,7,212,1,298,0
-2,-7,215,1,298,0
-7,-2,218,1,298,0
1,8,218,1,298,0
6,3,219,1,298,0
-1,5,233,1,298,0
7,4,236,1,298,0
7,-1,242,1,298,0
-4,-3,254,1,298,0
3,0,276,1,298,0
-5,-7,8,1,299,0
-8,-6,9,1,299,0
-3,8,9,1,299,0
-1,-5,66,1,299,0
2,-7,87,1,299,0
1,-4,97,1,299,0
-3,-1,175,1,299,0
-6,1,199,1,299,0
-4,-4,181,1,299,0
-7,2,209,1,299,0
-2,7,209,1,299,0
5,3,212,1,299,0
0,8,215,1,299,0
-7,-3,222,1,299,0
-1,6,226,1,299,0
7,-2,235,1,299,0
7,5,242,1,299,0
8,6,249,1,299,0
0,-1,274,1,299,0
2,0,282,1,299,0
4,-3,298,1,299,0
3,1,298,1,299,0
-3,9,3,1,299,0
-7,-4,28,1,299,0
7,-3,46,1,299,0
5,-7,68,1,299,0
1,-5,79,1,299,0
6,5,106,1,299,0
4,-4,112,1,299,0
5,4,115,1,299,0
-4,-5,188,1,299,0
-4,0,192,1,299,0
3,2,195,1,299,0
-6,-1,196,1,299,0
3,-1,198,1,299,0
-5,1,201,1,299,0
4,3,206,1,299,0
-7,3,216,1,299,0
-1,7,219,1,299,0
-1,-6,235,1,299,0
7,6,244,1,299,0
8,7,254,1,299,0
-3,-2,266,1,299,0
0,-2,268,1,299,0
1,0,289,1,299,0
2,1,296,1,299,0
-8,5,2,1,299,0
-7,-5,21,1,299,0
8,-7,48,1,299,0
1,-6,93,1,299,0
4,-5,108,1,299,0
-3,-3,169,1,299,0
-3,0,187,1,299,0
-4,1,194,1,299,0
-4,-6,194,1,299,0
-5,2,205,1,299,0
-1,8,213,1,299,0
-7,4,223,1,299,0
-1,-7,229,1,299,0
0,-3,261,1,299,0
7,7,268,1,299,0
6,6,277,1,299,0
5,5,286,1,299,0
2,2,287,1,299,0
3,-2,289,1,299,0
4,4,295,1,299,0
1,1,298,1,299,0
3,3,298,1,299,0
0,0,298,1,299,0
-7,5,229,1,299,0
-7,-6,14,1,299,0
-3,-4,42,1,299,0
1,-7,91,1,299,0
-3,1,162,1,299,0
-2,0,179,1,299,0
-4,-7,199,1,299,0
-4,2,208,1,299,0
6,-2,219,1,299,0
-1,-8,224,1,299,0
-6,-3,239,1,299,0
0,-4,255,1,299,0
7,8,261,1,299,0
6,7,269,1,299,0
5,6,278,1,299,0
-2,-1,284,1,299,0
2,3,285,1,299,0
0,1,287,1,299,0
4,5,287,1,299,0
3,-3,291,1,299,0
1,2,292,1,299,0
3,4,296,1,299,0
1,-8,3,1,299,0
-4,-8,5,1,299,0
6,-3,52,1,299,0
4,-7,74,1,299,0
3,-4,116,1,299,0
1,3,132,1,299,0
-2,-2,169,1,299,0
-5,-1,189,1,299,0
-4,3,261,1,299,0
-5,4,253,1,299,0
-7,6,237,1,299,0
-6,5,245,1,299,0
0,-5,243,1,299,0
0,2,252,1,299,0
5,7,254,1,299,0
-3,2,269,1,299,0
-2,1,278,1,299,0
4,6,262,1,299,0
3,5,269,1,299,0
-1,0,299,1,299,0
2,4,277,1,299,0
2,-1,279,1,299,0
-3,-6,45,1,299,0
-5,-2,48,1,299,0
3,6,51,1,299,0
7,-7,55,1,299,0
2,5,78,1,299,0
3,-5,91,1,299,0
5,-1,106,1,299,0
1,4,126,1,299,0
-2,-3,161,1,299,0
-3,3,266,1,299,0
-4,4,257,1,299,0
0,-6,236,1,299,0
-6,6,238,1,299,0
-5,5,247,1,299,0
4,7,242,1,299,0
0,3,245,1,299,0
5,8,246,1,299,0
7,0,251,1,299,0
-2,2,276,1,299,0
2,-2,283,1,299,0
-1,1,286,1,299,0
-6,-6,14,1,299,0
-2,-4,48,1,299,0
0,-7,105,1,299,0
2,6,112,1,299,0
1,5,119,1,299,0
2,-3,124,1,299,0
0,4,194,1,299,0
-3,-7,208,1,299,0
5,-2,212,1,299,0
-8,-2,213,1,299,0
3,7,235,1,299,0
8,-1,239,1,299,0
-5,6,242,1,299,0
-5,-3,251,1,299,0
-4,5,253,1,299,0
6,0,257,1,299,0
-3,4,264,1,299,0
-2,3,271,1,299,0
-1,2,279,1,299,0
-1,-1,298,1,299,0
-9,-6,4,1,299,0
-6,-7,9,1,299,0
3,8,13,1,299,0
5,-3,58,1,299,0
3,-7,79,1,299,0
8,3,84,1,299,0
7,2,103,1,299,0
1,6,113,1,299,0
-1,-2,154,1,299,0
-4,-1,182,1,299,0
-3,-8,205,1,299,0
0,5,208,1,299,0
8,-2,228,1,299,0
2,7,229,1,299,0
-2,4,229,1,299,0
-1,3,244,1,299,0
-4,6,248,1,299,0
-3,5,256,1,299,0
5,0,263,1,299,0
1,-1,275,1,299,0
8,-3,39,1,299,0
-1,-3,53,1,299,0
-2,-6,59,1,299,0
6,-7,62,1,299,0
2,-5,85,1,299,0
6,2,109,1,299,0
5,1,116,1,299,0
1,-2,133,1,299,0
-8,1,189,1,299,0
-3,6,192,1,299,0
4,-1,199,1,299,0
0,6,202,1,299,0
-7,-1,208,1,299,0
1,7,222,1,299,0
-2,5,223,1,299,0
2,8,224,1,299,0
7,3,226,1,299,0
8,4,229,1,299,0
-1,4,239,1,299,0
-4,-2,259,1,299,0
4,0,269,1,299,0
2,9,5,1,299,0
-3,7,14,1,299,0
-5,-6,21,1,299,0
-1,-4,52,1,299,0
8,5,91,1,299,0
1,-3,93,1,299,0
5,-5,102,1,299,0
5,2,113,1,299,0
4,1,122,1,299,0
-7,1,203,1,299,0
-2,6,199,1,299,0
-6,0,199,1,299,0
4,-2,205,1,299,0
0,7,212,1,299,0
-2,-7,215,1,299,0
-7,-2,218,1,299,0
1,8,218,1,299,0
6,3,219,1,299,0
-1,5,233,1,299,0
7,4,236,1,299,0
7,-1,242,1,299,0
-4,-3,254,1,299,0
3,0,276,1,299,0
