-5,5,1,1,1,0
5,3,1,1,2,0
-1,8,1,1,2,0
2,4,1,1,2,0
9,2,1,1,2,0
-5,5,2,1,2,0
5,3,2,1,3,0
1,-6,1,1,3,0
-1,8,2,1,3,0
-3,-4,1,1,3,0
2,4,2,1,3,0
-5,5,3,1,3,0
9,2,2,1,3,0
-4,5,2,1,3,0
-2,-6,1,1,3,0
5,3,3,1,4,0
1,-6,2,1,4,0
-1,8,3,1,4,0
-3,-4,3,1,4,0
2,4,3,1,4,0
-5,5,3,1,4,0
9,2,3,1,4,0
-4,5,4,1,4,0
-2,-6,2,1,4,0
5,3,4,1,5,0
-1,8,3,1,5,0
1,-6,4,1,5,0
-3,-4,4,1,5,0
2,4,4,1,5,0
-5,5,3,1,5,0
9,2,3,1,5,0
8,2,4,1,5,0
-4,5,5,1,5,0
-2,-6,3,1,5,0
5,3,5,1,6,0
1,-6,4,1,6,0
-1,8,4,1,6,0
-3,-4,4,1,6,0
3,4,5,1,6,0
2,4,4,1,6,0
-5,5,3,1,6,0
9,2,3,1,6,0
8,2,5,1,6,0
-4,5,5,1,6,0
-4,6,6,1,6,0
-2,-6,4,1,6,0
2,-6,5,1,6,0
5,3,6,1,7,0
-1,7,5,1,7,0
1,-6,4,1,7,0
-1,8,4,1,7,0
3,4,6,1,7,0
-3,-4,5,1,7,0
2,4,4,1,7,0
-5,5,3,1,7,0
9,2,3,1,7,0
8,2,6,1,7,0
-4,5,6,1,7,0
-4,6,7,1,7,0
-2,-6,5,1,7,0
6,3,6,1,7,0
2,-6,6,1,7,0
5,3,7,1,8,0
-1,7,6,1,8,0
-1,-6,6,1,8,0
1,-6,4,1,8,0
-1,8,4,1,8,0
3,4,7,1,8,0
-3,-4,6,1,8,0
2,4,4,1,8,0
-5,5,3,1,8,0
9,2,3,1,8,0
8,2,6,1,8,0
-4,5,7,1,8,0
-4,6,8,1,8,0
-2,-6,5,1,8,0
6,3,6,1,8,0
2,-6,7,1,8,0
5,3,8,1,9,0
-1,7,7,1,9,0
-1,-6,8,1,9,0
1,-6,4,1,9,0
-1,8,4,1,9,0
3,4,7,1,9,0
-3,-4,7,1,9,0
2,4,4,1,9,0
-5,5,3,1,9,0
9,2,3,1,9,0
8,2,8,1,9,0
-4,5,8,1,9,0
-4,6,9,1,9,0
-2,-6,5,1,9,0
6,3,7,1,9,0
2,-6,8,1,9,0
5,3,9,1,10,0
-1,7,8,1,10,0
-1,-6,9,1,10,0
1,-6,4,1,10,0
-1,8,4,1,10,0
-3,-4,8,1,10,0
3,4,8,1,10,0
2,4,4,1,10,0
-5,5,3,1,10,0
9,2,3,1,10,0
8,2,8,1,10,0
-4,5,8,1,10,0
-4,6,9,1,10,0
-3,5,9,1,10,0
-2,-6,5,1,10,0
6,3,8,1,10,0
2,-6,9,1,10,0
5,3,9,1,11,0
-1,7,8,1,11,0
-1,-6,9,1,11,0
1,-6,4,1,11,0
-1,8,4,1,11,0
-3,-4,8,1,11,0
3,4,9,1,11,0
2,4,4,1,11,0
-5,5,3,1,11,0
9,2,3,1,11,0
-4,5,8,1,11,0
-2,-4,9,1,11,0
8,2,9,1,11,0
-4,6,11,1,11,0
-3,5,9,1,11,0
-2,-6,5,1,11,0
2,-6,9,1,11,0
0,7,9,1,11,0
6,3,9,1,11,0
5,3,9,1,12,0
-1,7,8,1,12,0
-1,-6,11,1,12,0
1,-6,4,1,12,0
-1,8,4,1,12,0
-3,-4,8,1,12,0
3,4,9,1,12,0
2,4,4,1,12,0
-5,5,3,1,12,0
9,2,3,1,12,0
-4,5,8,1,12,0
-2,-4,9,1,12,0
8,2,9,1,12,0
3,-6,11,1,12,0
-4,6,12,1,12,0
-3,5,11,1,12,0
-2,-6,5,1,12,0
2,-6,9,1,12,0
0,7,9,1,12,0
6,3,9,1,12,0
5,3,11,1,13,0
-1,7,8,1,13,0
-1,-6,12,1,13,0
1,-6,4,1,13,0
-1,8,4,1,13,0
4,4,11,1,13,0
-3,-4,8,1,13,0
3,4,9,1,13,0
2,4,4,1,13,0
-5,5,3,1,13,0
9,2,3,1,13,0
-4,5,8,1,13,0
8,2,9,1,13,0
-2,-4,11,1,13,0
3,-6,12,1,13,0
-4,6,13,1,13,0
-3,5,12,1,13,0
7,2,11,1,13,0
-2,-6,5,1,13,0
2,-6,9,1,13,0
0,7,11,1,13,0
6,3,11,1,13,0
5,3,11,1,14,0
-1,7,8,1,14,0
-1,-6,12,1,14,0
1,-6,4,1,14,0
-1,8,4,1,14,0
4,4,12,1,14,0
-3,-4,8,1,14,0
3,4,9,1,14,0
2,4,4,1,14,0
-5,5,3,1,14,0
9,2,3,1,14,0
0,-6,13,1,14,0
-4,5,8,1,14,0
8,2,9,1,14,0
-2,-4,13,1,14,0
3,-6,13,1,14,0
-4,6,14,1,14,0
7,2,12,1,14,0
-3,5,13,1,14,0
-2,-6,5,1,14,0
7,3,12,1,14,0
2,-6,9,1,14,0
6,3,11,1,14,0
5,2,12,1,14,0
0,7,13,1,14,0
5,3,11,1,15,0
-1,7,8,1,15,0
-1,-6,12,1,15,0
1,-6,4,1,15,0
-1,8,4,1,15,0
4,4,13,1,15,0
-3,-4,8,1,15,0
3,4,9,1,15,0
2,4,4,1,15,0
-5,5,3,1,15,0
9,2,3,1,15,0
0,-6,13,1,15,0
-4,5,8,1,15,0
8,2,9,1,15,0
-2,-4,14,1,15,0
3,-6,14,1,15,0
-4,6,14,1,15,0
7,2,13,1,15,0
-3,5,14,1,15,0
-2,-6,5,1,15,0
7,3,13,1,15,0
-4,7,15,1,15,0
2,-6,9,1,15,0
6,3,11,1,15,0
5,2,13,1,15,0
0,7,14,1,15,0
5,3,11,1,16,0
-1,7,8,1,16,0
-1,-6,12,1,16,0
1,-6,4,1,16,0
-1,8,4,1,16,0
4,4,14,1,16,0
-3,-4,8,1,16,0
3,4,9,1,16,0
2,4,4,1,16,0
-5,5,3,1,16,0
9,2,3,1,16,0
0,-6,14,1,16,0
-4,5,8,1,16,0
8,2,9,1,16,0
-2,-4,14,1,16,0
3,-6,15,1,16,0
-4,6,14,1,16,0
7,2,14,1,16,0
-3,5,15,1,16,0
-2,-6,5,1,16,0
-4,7,16,1,16,0
7,3,14,1,16,0
2,-6,9,1,16,0
6,3,11,1,16,0
-1,-4,15,1,16,0
5,2,14,1,16,0
0,7,15,1,16,0
5,3,11,1,17,0
-1,7,8,1,17,0
-1,-6,12,1,17,0
1,-6,4,1,17,0
-1,8,4,1,17,0
4,4,16,1,17,0
-3,-4,8,1,17,0
3,4,9,1,17,0
2,4,4,1,17,0
-5,5,3,1,17,0
9,2,3,1,17,0
0,-6,15,1,17,0
-4,5,8,1,17,0
8,2,9,1,17,0
-2,-4,14,1,17,0
3,-6,16,1,17,0
-4,6,14,1,17,0
7,2,15,1,17,0
-3,5,16,1,17,0
-2,-6,5,1,17,0
-4,7,17,1,17,0
7,3,14,1,17,0
2,-6,9,1,17,0
6,3,11,1,17,0
5,2,15,1,17,0
-1,-4,16,1,17,0
7,4,16,1,17,0
0,7,16,1,17,0
5,3,11,1,18,0
-1,7,8,1,18,0
-1,-6,12,1,18,0
1,-6,4,1,18,0
-1,8,4,1,18,0
4,4,16,1,18,0
-3,-4,8,1,18,0
3,4,9,1,18,0
4,5,17,1,18,0
2,4,4,1,18,0
-5,5,3,1,18,0
9,2,3,1,18,0
0,-6,16,1,18,0
-4,5,8,1,18,0
8,2,9,1,18,0
-2,-4,14,1,18,0
7,1,16,1,18,0
3,-6,17,1,18,0
-4,6,14,1,18,0
7,2,15,1,18,0
-3,5,16,1,18,0
-2,-6,5,1,18,0
-4,7,18,1,18,0
7,3,14,1,18,0
2,-6,9,1,18,0
6,3,11,1,18,0
7,4,16,1,18,0
5,2,16,1,18,0
-1,-4,17,1,18,0
0,7,17,1,18,0
5,3,11,1,19,0
-1,7,8,1,19,0
-1,-6,12,1,19,0
1,-6,4,1,19,0
-1,8,4,1,19,0
4,4,16,1,19,0
-3,-4,8,1,19,0
3,4,9,1,19,0
4,5,18,1,19,0
2,4,4,1,19,0
-5,5,3,1,19,0
9,2,3,1,19,0
8,1,18,1,19,0
0,-6,17,1,19,0
-4,5,8,1,19,0
8,2,9,1,19,0
-2,-4,14,1,19,0
7,1,16,1,19,0
3,-6,17,1,19,0
-4,6,14,1,19,0
7,2,15,1,19,0
-3,5,16,1,19,0
-2,-6,5,1,19,0
-4,7,19,1,19,0
7,3,14,1,19,0
-2,5,17,1,19,0
1,7,18,1,19,0
2,-6,9,1,19,0
6,3,11,1,19,0
0,7,17,1,19,0
7,4,17,1,19,0
5,2,17,1,19,0
-1,-4,18,1,19,0
5,3,11,1,20,0
-1,7,8,1,20,0
-1,-6,12,1,20,0
1,-6,4,1,20,0
-1,8,4,1,20,0
4,4,16,1,20,0
-3,-4,8,1,20,0
3,4,9,1,20,0
4,-6,18,1,20,0
4,5,19,1,20,0
2,4,4,1,20,0
-5,5,3,1,20,0
9,2,3,1,20,0
8,1,19,1,20,0
0,-6,18,1,20,0
-4,5,8,1,20,0
8,2,9,1,20,0
-2,-4,14,1,20,0
7,1,16,1,20,0
3,-6,17,1,20,0
-4,6,14,1,20,0
7,2,15,1,20,0
-3,5,16,1,20,0
-2,-6,5,1,20,0
-4,7,19,1,20,0
7,3,14,1,20,0
-2,5,18,1,20,0
1,7,19,1,20,0
2,-6,9,1,20,0
6,3,11,1,20,0
0,7,17,1,20,0
7,4,18,1,20,0
5,2,19,1,20,0
-1,-4,19,1,20,0
5,3,11,1,21,0
-1,7,8,1,21,0
-1,-6,12,1,21,0
-1,8,4,1,21,0
4,4,16,1,21,0
1,-6,19,1,21,0
-3,-4,8,1,21,0
3,4,9,1,21,0
4,5,19,1,21,0
4,-6,19,1,21,0
2,4,4,1,21,0
-5,5,3,1,21,0
9,2,3,1,21,0
8,1,19,1,21,0
0,-6,18,1,21,0
-4,5,8,1,21,0
8,2,9,1,21,0
-2,-4,14,1,21,0
7,1,16,1,21,0
3,-6,17,1,21,0
-4,6,14,1,21,0
7,2,15,1,21,0
-3,5,16,1,21,0
-2,-6,5,1,21,0
-4,7,19,1,21,0
7,3,14,1,21,0
1,7,19,1,21,0
-2,5,19,1,21,0
2,-6,9,1,21,0
6,3,11,1,21,0
0,7,17,1,21,0
5,2,19,1,21,0
-1,-4,19,1,21,0
7,4,19,1,21,0
-4,8,21,1,21,0
5,3,11,1,22,0
-1,7,8,1,22,0
-1,-6,12,1,22,0
-1,8,4,1,22,0
4,4,16,1,22,0
1,-6,19,1,22,0
5,5,21,1,22,0
-3,-4,8,1,22,0
3,4,9,1,22,0
4,5,19,1,22,0
4,-6,19,1,22,0
2,4,4,1,22,0
-5,5,3,1,22,0
9,2,3,1,22,0
8,1,19,1,22,0
0,-6,18,1,22,0
-4,5,8,1,22,0
8,2,9,1,22,0
-2,-4,14,1,22,0
3,-6,17,1,22,0
7,1,21,1,22,0
-4,6,14,1,22,0
7,2,15,1,22,0
-3,5,16,1,22,0
-2,-6,5,1,22,0
-4,7,19,1,22,0
7,3,14,1,22,0
-2,5,19,1,22,0
5,1,21,1,22,0
8,4,21,1,22,0
1,7,21,1,22,0
2,-6,9,1,22,0
6,3,11,1,22,0
0,7,17,1,22,0
5,2,19,1,22,0
-1,-4,19,1,22,0
7,4,19,1,22,0
-4,8,22,1,22,0
5,3,11,1,23,0
-1,7,8,1,23,0
-1,-6,12,1,23,0
-1,8,4,1,23,0
4,4,16,1,23,0
1,-6,21,1,23,0
5,5,22,1,23,0
-3,-4,8,1,23,0
3,4,9,1,23,0
4,5,19,1,23,0
4,-6,21,1,23,0
2,4,4,1,23,0
-5,5,3,1,23,0
9,2,3,1,23,0
8,1,19,1,23,0
0,-6,18,1,23,0
7,0,22,1,23,0
-4,5,8,1,23,0
8,2,9,1,23,0
-2,-4,14,1,23,0
3,-6,17,1,23,0
7,1,21,1,23,0
-4,6,14,1,23,0
7,2,15,1,23,0
-3,5,16,1,23,0
-2,-6,5,1,23,0
-4,7,19,1,23,0
7,3,14,1,23,0
8,4,21,1,23,0
-2,5,21,1,23,0
5,1,22,1,23,0
1,7,22,1,23,0
2,-6,9,1,23,0
6,3,11,1,23,0
0,7,17,1,23,0
5,2,19,1,23,0
7,4,19,1,23,0
-4,8,23,1,23,0
-1,-4,21,1,23,0
5,3,11,1,24,0
-1,7,8,1,24,0
-1,-6,12,1,24,0
-1,8,4,1,24,0
4,4,16,1,24,0
1,-6,22,1,24,0
5,5,23,1,24,0
-3,-4,8,1,24,0
3,4,9,1,24,0
4,5,19,1,24,0
4,-6,22,1,24,0
2,4,4,1,24,0
-5,5,3,1,24,0
9,2,3,1,24,0
8,1,19,1,24,0
0,-6,18,1,24,0
7,0,23,1,24,0
-4,5,8,1,24,0
8,2,9,1,24,0
-2,-4,14,1,24,0
3,-6,17,1,24,0
7,1,21,1,24,0
-4,6,14,1,24,0
7,2,15,1,24,0
-3,5,16,1,24,0
-2,-6,5,1,24,0
-4,7,24,1,24,0
7,3,14,1,24,0
-2,5,22,1,24,0
5,1,23,1,24,0
8,4,23,1,24,0
1,7,23,1,24,0
2,-6,9,1,24,0
6,3,11,1,24,0
0,7,17,1,24,0
5,2,19,1,24,0
7,4,19,1,24,0
-4,8,23,1,24,0
-1,-4,22,1,24,0
5,3,11,1,25,0
-1,7,8,1,25,0
-1,-6,12,1,25,0
-1,8,4,1,25,0
4,4,16,1,25,0
1,-6,23,1,25,0
5,5,24,1,25,0
-3,-4,8,1,25,0
3,4,9,1,25,0
4,5,19,1,25,0
4,-6,23,1,25,0
2,4,4,1,25,0
-5,5,3,1,25,0
9,2,3,1,25,0
8,1,19,1,25,0
0,-6,18,1,25,0
7,0,24,1,25,0
-4,5,8,1,25,0
8,2,9,1,25,0
-2,-4,14,1,25,0
3,-6,17,1,25,0
7,1,21,1,25,0
-4,6,14,1,25,0
7,2,15,1,25,0
-3,5,16,1,25,0
-2,-6,5,1,25,0
-4,7,24,1,25,0
7,3,14,1,25,0
-2,5,22,1,25,0
8,4,23,1,25,0
5,1,24,1,25,0
1,7,24,1,25,0
2,-6,9,1,25,0
6,3,11,1,25,0
0,7,17,1,25,0
5,2,19,1,25,0
7,4,19,1,25,0
-4,8,23,1,25,0
-1,5,23,1,25,0
-1,-4,23,1,25,0
8,5,24,1,25,0
-3,7,25,1,25,0
5,3,11,1,26,0
5,-6,24,1,26,0
7,5,25,1,26,0
-1,7,8,1,26,0
-1,-6,12,1,26,0
-1,8,4,1,26,0
4,4,16,1,26,0
1,-6,24,1,26,0
5,5,25,1,26,0
-3,-4,8,1,26,0
3,4,9,1,26,0
4,5,19,1,26,0
4,-6,23,1,26,0
2,4,4,1,26,0
-5,5,3,1,26,0
9,2,3,1,26,0
8,1,19,1,26,0
0,-6,18,1,26,0
7,0,25,1,26,0
-4,5,8,1,26,0
8,2,9,1,26,0
-2,-4,14,1,26,0
3,-6,17,1,26,0
7,1,21,1,26,0
-4,6,14,1,26,0
7,2,15,1,26,0
-3,5,16,1,26,0
2,7,25,1,26,0
-2,-6,5,1,26,0
-4,7,24,1,26,0
7,3,14,1,26,0
-2,5,22,1,26,0
8,4,23,1,26,0
5,1,24,1,26,0
1,7,24,1,26,0
2,-6,9,1,26,0
6,3,11,1,26,0
0,7,17,1,26,0
5,2,19,1,26,0
7,4,19,1,26,0
-4,8,23,1,26,0
8,5,24,1,26,0
-3,7,26,1,26,0
-1,5,24,1,26,0
-1,-4,24,1,26,0
5,3,11,1,27,0
5,-6,25,1,27,0
7,5,26,1,27,0
-1,7,8,1,27,0
-1,-6,12,1,27,0
-1,8,4,1,27,0
4,4,16,1,27,0
1,-6,24,1,27,0
5,5,26,1,27,0
-3,-4,8,1,27,0
3,4,9,1,27,0
4,5,19,1,27,0
4,-6,23,1,27,0
2,4,4,1,27,0
-5,5,3,1,27,0
9,2,3,1,27,0
8,1,19,1,27,0
0,-6,18,1,27,0
7,0,25,1,27,0
-4,5,8,1,27,0
8,2,9,1,27,0
-2,-4,14,1,27,0
3,-6,17,1,27,0
7,1,21,1,27,0
-4,6,14,1,27,0
7,2,15,1,27,0
-3,5,16,1,27,0
2,7,26,1,27,0
-2,-6,5,1,27,0
-4,7,24,1,27,0
7,3,14,1,27,0
-2,5,22,1,27,0
8,4,23,1,27,0
1,7,24,1,27,0
5,1,25,1,27,0
6,3,11,1,27,0
0,7,17,1,27,0
5,2,19,1,27,0
7,4,19,1,27,0
-4,8,23,1,27,0
8,5,24,1,27,0
-3,7,27,1,27,0
2,-6,25,1,27,0
-1,5,25,1,27,0
-1,-4,25,1,27,0
5,3,11,1,28,0
7,5,26,1,28,0
5,-6,26,1,28,0
-1,7,8,1,28,0
-1,-6,12,1,28,0
-1,8,4,1,28,0
4,4,16,1,28,0
1,-6,24,1,28,0
5,5,27,1,28,0
-3,-4,8,1,28,0
3,4,9,1,28,0
4,5,19,1,28,0
4,-6,23,1,28,0
2,4,4,1,28,0
-5,5,3,1,28,0
9,2,3,1,28,0
8,1,19,1,28,0
0,-6,18,1,28,0
7,0,27,1,28,0
-4,5,8,1,28,0
8,2,9,1,28,0
-2,-4,14,1,28,0
3,-6,17,1,28,0
7,1,21,1,28,0
-4,6,14,1,28,0
7,2,15,1,28,0
-3,5,16,1,28,0
2,7,27,1,28,0
-2,-6,5,1,28,0
-4,7,24,1,28,0
7,3,14,1,28,0
-2,5,22,1,28,0
8,4,23,1,28,0
1,7,24,1,28,0
5,1,27,1,28,0
6,3,11,1,28,0
0,7,17,1,28,0
5,2,19,1,28,0
7,4,19,1,28,0
-4,8,23,1,28,0
8,5,24,1,28,0
-3,7,28,1,28,0
2,-6,26,1,28,0
-1,5,26,1,28,0
-1,-4,26,1,28,0
5,3,11,1,29,0
5,-6,27,1,29,0
7,5,28,1,29,0
-1,7,8,1,29,0
-1,-6,12,1,29,0
6,5,28,1,29,0
-1,8,4,1,29,0
4,4,16,1,29,0
1,-6,24,1,29,0
5,5,27,1,29,0
-3,-4,8,1,29,0
3,4,9,1,29,0
4,5,19,1,29,0
4,-6,23,1,29,0
2,4,4,1,29,0
-5,5,3,1,29,0
9,2,3,1,29,0
8,1,19,1,29,0
0,-6,18,1,29,0
7,0,28,1,29,0
-4,5,8,1,29,0
8,2,9,1,29,0
-2,-4,14,1,29,0
3,-6,17,1,29,0
7,1,21,1,29,0
-4,6,14,1,29,0
7,2,15,1,29,0
-3,5,16,1,29,0
5,0,28,1,29,0
2,7,28,1,29,0
-2,-6,5,1,29,0
-4,7,24,1,29,0
7,3,14,1,29,0
-2,5,22,1,29,0
8,4,23,1,29,0
1,7,24,1,29,0
5,1,27,1,29,0
6,3,11,1,29,0
0,7,17,1,29,0
5,2,19,1,29,0
7,4,19,1,29,0
-4,8,23,1,29,0
8,5,24,1,29,0
-3,7,29,1,29,0
2,-6,27,1,29,0
-1,-4,27,1,29,0
-1,5,28,1,29,0
5,3,11,1,30,0
7,5,29,1,30,0
5,-6,29,1,30,0
-1,7,8,1,30,0
-1,-6,12,1,30,0
6,5,29,1,30,0
-1,8,4,1,30,0
4,4,16,1,30,0
1,-6,24,1,30,0
5,5,27,1,30,0
-3,-4,8,1,30,0
3,4,9,1,30,0
4,5,19,1,30,0
4,-6,23,1,30,0
2,4,4,1,30,0
-5,5,3,1,30,0
9,2,3,1,30,0
8,1,19,1,30,0
0,-6,18,1,30,0
7,0,28,1,30,0
-4,5,8,1,30,0
8,2,9,1,30,0
-2,-4,14,1,30,0
3,-6,17,1,30,0
7,1,21,1,30,0
6,0,29,1,30,0
-4,6,14,1,30,0
7,2,15,1,30,0
-3,5,16,1,30,0
5,0,28,1,30,0
2,7,29,1,30,0
-2,-6,5,1,30,0
-4,7,24,1,30,0
7,3,14,1,30,0
-2,5,22,1,30,0
8,4,23,1,30,0
1,7,24,1,30,0
5,1,27,1,30,0
6,3,11,1,30,0
0,7,17,1,30,0
5,2,19,1,30,0
7,4,19,1,30,0
-4,8,23,1,30,0
8,5,24,1,30,0
-3,7,29,1,30,0
7,-1,29,1,30,0
2,-6,28,1,30,0
-1,-4,28,1,30,0
-1,5,29,1,30,0
5,3,11,1,31,0
7,5,29,1,31,0
5,-6,29,1,31,0
-1,-5,29,1,31,0
-1,7,8,1,31,0
-1,-6,12,1,31,0
6,5,29,1,31,0
-1,8,4,1,31,0
4,4,16,1,31,0
1,-6,24,1,31,0
5,5,27,1,31,0
-3,-4,8,1,31,0
3,4,9,1,31,0
4,5,19,1,31,0
4,-6,23,1,31,0
2,4,4,1,31,0
-5,5,3,1,31,0
9,2,3,1,31,0
8,1,19,1,31,0
0,-6,18,1,31,0
7,0,28,1,31,0
-4,5,8,1,31,0
8,2,9,1,31,0
-2,-4,14,1,31,0
3,-6,17,1,31,0
7,1,21,1,31,0
6,0,29,1,31,0
-4,6,14,1,31,0
7,2,15,1,31,0
-3,5,16,1,31,0
5,0,28,1,31,0
2,7,29,1,31,0
-2,-6,5,1,31,0
-4,7,24,1,31,0
7,3,14,1,31,0
-2,5,22,1,31,0
8,4,23,1,31,0
1,7,24,1,31,0
5,1,27,1,31,0
6,3,11,1,31,0
0,7,17,1,31,0
5,2,19,1,31,0
7,4,19,1,31,0
-4,8,23,1,31,0
8,5,24,1,31,0
-3,7,31,1,31,0
7,-1,29,1,31,0
-1,-4,28,1,31,0
-1,5,29,1,31,0
2,-6,29,1,31,0
5,3,11,1,32,0
7,5,29,1,32,0
5,-6,29,1,32,0
-1,-5,29,1,32,0
-1,7,8,1,32,0
-1,-6,12,1,32,0
6,5,29,1,32,0
7,6,31,1,32,0
-1,8,4,1,32,0
4,4,16,1,32,0
1,-6,24,1,32,0
5,5,27,1,32,0
6,6,31,1,32,0
-3,-4,8,1,32,0
3,4,9,1,32,0
4,5,19,1,32,0
4,-6,23,1,32,0
2,4,4,1,32,0
-5,5,3,1,32,0
9,2,3,1,32,0
8,1,19,1,32,0
0,-6,18,1,32,0
7,0,28,1,32,0
-4,5,8,1,32,0
8,2,9,1,32,0
-2,-4,14,1,32,0
7,1,21,1,32,0
8,-1,31,1,32,0
6,0,31,1,32,0
3,-6,31,1,32,0
3,7,31,1,32,0
-4,6,14,1,32,0
7,2,15,1,32,0
-3,5,16,1,32,0
5,0,28,1,32,0
2,7,29,1,32,0
0,5,31,1,32,0
6,-6,31,1,32,0
-2,-6,5,1,32,0
-4,7,24,1,32,0
7,3,14,1,32,0
-2,5,22,1,32,0
8,4,23,1,32,0
1,7,24,1,32,0
5,1,27,1,32,0
6,3,11,1,32,0
0,7,17,1,32,0
5,2,19,1,32,0
7,4,19,1,32,0
-4,8,23,1,32,0
8,5,24,1,32,0
-3,7,32,1,32,0
7,-1,29,1,32,0
-1,-4,28,1,32,0
-1,5,29,1,32,0
2,-6,29,1,32,0
5,3,11,1,33,0
7,5,29,1,33,0
5,-6,29,1,33,0
-1,-5,31,1,33,0
-2,7,33,1,33,0
-1,7,8,1,33,0
-1,-6,12,1,33,0
6,5,29,1,33,0
7,6,31,1,33,0
-1,8,4,1,33,0
4,4,16,1,33,0
1,-6,24,1,33,0
5,5,27,1,33,0
6,6,32,1,33,0
-3,-4,8,1,33,0
3,4,9,1,33,0
4,5,19,1,33,0
4,-6,23,1,33,0
2,4,4,1,33,0
-5,5,3,1,33,0
9,2,3,1,33,0
8,1,19,1,33,0
0,-6,18,1,33,0
7,0,28,1,33,0
-4,5,8,1,33,0
8,2,9,1,33,0
-2,-4,14,1,33,0
7,1,21,1,33,0
8,-1,32,1,33,0
6,0,32,1,33,0
3,-6,32,1,33,0
3,7,32,1,33,0
-4,6,14,1,33,0
7,2,15,1,33,0
-3,5,16,1,33,0
5,0,28,1,33,0
2,7,29,1,33,0
0,5,32,1,33,0
6,-6,32,1,33,0
-2,-6,5,1,33,0
-4,7,24,1,33,0
7,3,14,1,33,0
-2,5,22,1,33,0
8,4,23,1,33,0
1,7,24,1,33,0
5,1,27,1,33,0
6,3,11,1,33,0
0,7,17,1,33,0
5,2,19,1,33,0
7,4,19,1,33,0
-4,8,23,1,33,0
8,5,24,1,33,0
-3,7,32,1,33,0
7,-1,29,1,33,0
-1,-4,28,1,33,0
-1,5,29,1,33,0
2,-6,29,1,33,0
5,3,11,1,34,0
7,5,29,1,34,0
5,-6,29,1,34,0
-2,7,34,1,34,0
-1,-5,33,1,34,0
-1,7,8,1,34,0
-1,-6,12,1,34,0
6,5,29,1,34,0
7,6,32,1,34,0
-1,8,4,1,34,0
4,4,16,1,34,0
1,-6,24,1,34,0
5,5,27,1,34,0
6,6,33,1,34,0
-3,-4,8,1,34,0
3,4,9,1,34,0
4,5,19,1,34,0
4,-6,23,1,34,0
2,4,4,1,34,0
-5,5,3,1,34,0
9,2,3,1,34,0
8,1,19,1,34,0
0,-6,18,1,34,0
7,0,28,1,34,0
-4,5,8,1,34,0
8,2,9,1,34,0
-2,-4,14,1,34,0
7,1,21,1,34,0
6,0,32,1,34,0
8,-1,33,1,34,0
3,-6,33,1,34,0
3,7,33,1,34,0
-4,6,14,1,34,0
7,2,15,1,34,0
-3,5,16,1,34,0
5,0,28,1,34,0
2,7,29,1,34,0
0,5,33,1,34,0
6,-6,33,1,34,0
-2,-6,5,1,34,0
-4,7,24,1,34,0
7,3,14,1,34,0
-2,5,22,1,34,0
8,4,23,1,34,0
1,7,24,1,34,0
5,1,27,1,34,0
6,3,11,1,34,0
0,7,17,1,34,0
5,2,19,1,34,0
7,4,19,1,34,0
-4,8,23,1,34,0
8,5,24,1,34,0
-3,7,32,1,34,0
7,-1,29,1,34,0
-1,-4,28,1,34,0
-1,5,29,1,34,0
2,-6,29,1,34,0
5,3,11,1,35,0
7,5,29,1,35,0
5,-6,29,1,35,0
-2,7,35,1,35,0
-1,-5,33,1,35,0
8,6,34,1,35,0
-1,7,8,1,35,0
-1,-6,12,1,35,0
6,5,29,1,35,0
7,6,33,1,35,0
-1,8,4,1,35,0
4,4,16,1,35,0
1,-6,24,1,35,0
5,5,27,1,35,0
6,6,34,1,35,0
-3,-4,8,1,35,0
3,4,9,1,35,0
4,5,19,1,35,0
4,-6,23,1,35,0
2,4,4,1,35,0
-5,5,3,1,35,0
9,2,3,1,35,0
8,1,19,1,35,0
0,-6,18,1,35,0
7,0,28,1,35,0
-4,5,8,1,35,0
8,2,9,1,35,0
-2,-4,14,1,35,0
7,1,21,1,35,0
8,-1,33,1,35,0
6,0,34,1,35,0
3,-6,34,1,35,0
3,7,34,1,35,0
-4,6,14,1,35,0
7,2,15,1,35,0
-3,5,16,1,35,0
5,0,28,1,35,0
2,7,29,1,35,0
0,5,34,1,35,0
6,-6,34,1,35,0
-2,-6,5,1,35,0
-4,7,24,1,35,0
7,3,14,1,35,0
-2,5,22,1,35,0
8,4,23,1,35,0
1,7,24,1,35,0
5,1,27,1,35,0
6,3,11,1,35,0
0,7,17,1,35,0
5,2,19,1,35,0
7,4,19,1,35,0
-4,8,23,1,35,0
8,5,24,1,35,0
-3,7,32,1,35,0
7,-1,29,1,35,0
-1,-4,28,1,35,0
-1,5,29,1,35,0
2,-6,29,1,35,0
5,3,11,1,36,0
7,5,29,1,36,0
5,-6,29,1,36,0
-2,7,36,1,36,0
8,6,35,1,36,0
-1,-5,34,1,36,0
-1,7,8,1,36,0
-1,-6,12,1,36,0
6,5,29,1,36,0
7,6,33,1,36,0
-1,8,4,1,36,0
4,4,16,1,36,0
1,-6,24,1,36,0
5,5,27,1,36,0
6,6,34,1,36,0
6,-1,35,1,36,0
-3,-4,8,1,36,0
3,4,9,1,36,0
4,5,19,1,36,0
4,-6,23,1,36,0
2,4,4,1,36,0
-5,5,3,1,36,0
9,2,3,1,36,0
8,1,19,1,36,0
0,-6,18,1,36,0
7,0,28,1,36,0
-4,5,8,1,36,0
8,2,9,1,36,0
-2,-4,14,1,36,0
7,1,21,1,36,0
8,-1,33,1,36,0
6,0,34,1,36,0
3,-6,35,1,36,0
3,7,35,1,36,0
-4,6,14,1,36,0
7,2,15,1,36,0
-3,5,16,1,36,0
5,0,28,1,36,0
2,7,29,1,36,0
0,5,35,1,36,0
6,-6,35,1,36,0
-2,-6,5,1,36,0
-4,7,24,1,36,0
7,3,14,1,36,0
-2,5,22,1,36,0
8,4,23,1,36,0
1,7,24,1,36,0
5,1,27,1,36,0
6,3,11,1,36,0
0,7,17,1,36,0
5,2,19,1,36,0
7,4,19,1,36,0
-4,8,23,1,36,0
8,5,24,1,36,0
-3,7,32,1,36,0
-1,-4,28,1,36,0
-1,5,29,1,36,0
2,-6,29,1,36,0
7,-1,35,1,36,0
5,3,11,1,37,0
7,5,29,1,37,0
5,-6,29,1,37,0
-2,7,37,1,37,0
-1,-5,35,1,37,0
8,6,36,1,37,0
-1,7,8,1,37,0
-1,-6,12,1,37,0
6,5,29,1,37,0
7,6,33,1,37,0
-1,8,4,1,37,0
4,4,16,1,37,0
1,-6,24,1,37,0
5,5,27,1,37,0
6,-1,36,1,37,0
6,6,36,1,37,0
-3,-4,8,1,37,0
3,4,9,1,37,0
4,5,19,1,37,0
4,-6,23,1,37,0
2,4,4,1,37,0
7,-6,36,1,37,0
-5,5,3,1,37,0
9,2,3,1,37,0
8,1,19,1,37,0
0,-6,18,1,37,0
7,0,28,1,37,0
-4,5,8,1,37,0
8,2,9,1,37,0
-2,-4,14,1,37,0
7,1,21,1,37,0
8,-1,33,1,37,0
6,0,34,1,37,0
1,5,36,1,37,0
3,-6,36,1,37,0
3,7,36,1,37,0
-4,6,14,1,37,0
7,2,15,1,37,0
-3,5,16,1,37,0
5,0,28,1,37,0
2,7,29,1,37,0
0,5,35,1,37,0
6,-6,35,1,37,0
-2,-6,5,1,37,0
-4,7,24,1,37,0
7,3,14,1,37,0
-2,5,22,1,37,0
8,4,23,1,37,0
1,7,24,1,37,0
5,1,27,1,37,0
6,3,11,1,37,0
0,7,17,1,37,0
5,2,19,1,37,0
7,4,19,1,37,0
-4,8,23,1,37,0
8,5,24,1,37,0
-3,7,32,1,37,0
-1,-4,28,1,37,0
-1,5,29,1,37,0
2,-6,29,1,37,0
7,-1,35,1,37,0
5,3,11,1,38,0
7,5,29,1,38,0
5,-6,29,1,38,0
-2,7,38,1,38,0
8,6,36,1,38,0
7,-2,37,1,38,0
-1,-5,36,1,38,0
-1,7,8,1,38,0
-1,-6,12,1,38,0
6,5,29,1,38,0
7,6,33,1,38,0
-1,8,4,1,38,0
4,4,16,1,38,0
1,-6,24,1,38,0
5,5,27,1,38,0
6,-1,37,1,38,0
6,6,37,1,38,0
-3,-4,8,1,38,0
3,4,9,1,38,0
4,5,19,1,38,0
4,-6,23,1,38,0
2,4,4,1,38,0
7,-6,37,1,38,0
-5,5,3,1,38,0
9,2,3,1,38,0
8,1,19,1,38,0
0,-6,18,1,38,0
7,0,28,1,38,0
4,7,37,1,38,0
-4,5,8,1,38,0
8,2,9,1,38,0
-2,-4,14,1,38,0
7,1,21,1,38,0
8,-1,33,1,38,0
6,0,34,1,38,0
3,7,36,1,38,0
1,5,37,1,38,0
3,-6,37,1,38,0
-4,6,14,1,38,0
7,2,15,1,38,0
-3,5,16,1,38,0
5,0,28,1,38,0
2,7,29,1,38,0
0,5,35,1,38,0
6,-6,35,1,38,0
-2,-6,5,1,38,0
-4,7,24,1,38,0
7,3,14,1,38,0
-2,5,22,1,38,0
8,4,23,1,38,0
1,7,24,1,38,0
5,1,27,1,38,0
6,3,11,1,38,0
0,7,17,1,38,0
5,2,19,1,38,0
7,4,19,1,38,0
-4,8,23,1,38,0
8,5,24,1,38,0
-3,7,32,1,38,0
-1,-4,28,1,38,0
-1,5,29,1,38,0
2,-6,29,1,38,0
7,-1,36,1,38,0
5,3,11,1,39,0
7,5,29,1,39,0
5,-6,29,1,39,0
-2,7,38,1,39,0
7,-2,37,1,39,0
-1,-5,36,1,39,0
8,6,38,1,39,0
-1,7,39,1,39,0
-1,-6,12,1,39,0
6,5,29,1,39,0
7,6,33,1,39,0
-1,8,4,1,39,0
4,4,16,1,39,0
1,-6,24,1,39,0
5,5,27,1,39,0
6,6,37,1,39,0
6,-1,38,1,39,0
-3,-4,8,1,39,0
3,4,9,1,39,0
4,5,19,1,39,0
6,7,38,1,39,0
4,-6,38,1,39,0
2,4,4,1,39,0
0,-5,37,1,39,0
7,-6,38,1,39,0
-5,5,3,1,39,0
9,2,3,1,39,0
8,1,19,1,39,0
0,-6,18,1,39,0
7,0,28,1,39,0
4,7,38,1,39,0
-4,5,8,1,39,0
8,2,9,1,39,0
-2,-4,14,1,39,0
7,1,21,1,39,0
8,-1,33,1,39,0
6,0,34,1,39,0
3,7,36,1,39,0
3,-6,37,1,39,0
1,5,38,1,39,0
-4,6,14,1,39,0
7,2,15,1,39,0
-3,5,16,1,39,0
5,0,28,1,39,0
2,7,29,1,39,0
0,5,35,1,39,0
6,-6,35,1,39,0
8,-2,38,1,39,0
-2,-6,5,1,39,0
-4,7,24,1,39,0
7,3,14,1,39,0
-2,5,22,1,39,0
8,4,23,1,39,0
1,7,24,1,39,0
5,1,27,1,39,0
6,3,11,1,39,0
0,7,17,1,39,0
5,2,19,1,39,0
7,4,19,1,39,0
-4,8,23,1,39,0
8,5,24,1,39,0
-3,7,32,1,39,0
-1,-4,28,1,39,0
-1,5,29,1,39,0
2,-6,29,1,39,0
7,-1,36,1,39,0
5,3,11,1,40,0
7,5,29,1,40,0
5,-6,29,1,40,0
-2,7,38,1,40,0
7,-2,37,1,40,0
-1,-5,36,1,40,0
8,6,39,1,40,0
-1,7,39,1,40,0
-1,-6,12,1,40,0
6,5,29,1,40,0
7,6,33,1,40,0
-1,8,4,1,40,0
4,4,16,1,40,0
1,-6,24,1,40,0
5,5,27,1,40,0
6,6,37,1,40,0
6,-1,39,1,40,0
-3,-4,8,1,40,0
3,4,9,1,40,0
4,5,19,1,40,0
6,7,39,1,40,0
4,-6,39,1,40,0
2,4,4,1,40,0
0,-5,38,1,40,0
7,-6,39,1,40,0
-5,5,3,1,40,0
9,2,3,1,40,0
8,1,19,1,40,0
0,-6,18,1,40,0
7,0,28,1,40,0
4,7,39,1,40,0
-4,5,8,1,40,0
8,2,9,1,40,0
-2,-4,14,1,40,0
7,1,21,1,40,0
8,-1,33,1,40,0
6,0,34,1,40,0
3,7,36,1,40,0
3,-6,37,1,40,0
1,5,39,1,40,0
-4,6,14,1,40,0
7,2,15,1,40,0
-3,5,16,1,40,0
5,0,28,1,40,0
2,7,29,1,40,0
0,5,35,1,40,0
6,-6,35,1,40,0
8,-2,39,1,40,0
-2,-6,5,1,40,0
-4,7,24,1,40,0
7,3,14,1,40,0
-2,5,22,1,40,0
8,4,23,1,40,0
1,7,24,1,40,0
5,1,27,1,40,0
6,3,11,1,40,0
0,7,17,1,40,0
5,2,19,1,40,0
7,4,19,1,40,0
-4,8,23,1,40,0
8,5,24,1,40,0
-3,7,32,1,40,0
-1,-4,28,1,40,0
-1,5,29,1,40,0
2,-6,29,1,40,0
7,-1,36,1,40,0
5,3,11,1,41,0
7,5,29,1,41,0
5,-6,29,1,41,0
-2,7,38,1,41,0
7,-2,37,1,41,0
-1,-5,36,1,41,0
8,6,39,1,41,0
-1,7,41,1,41,0
-1,-6,12,1,41,0
6,5,29,1,41,0
7,6,33,1,41,0
-1,8,4,1,41,0
4,4,16,1,41,0
1,-6,24,1,41,0
5,5,27,1,41,0
6,6,37,1,41,0
6,-1,39,1,41,0
-3,-4,8,1,41,0
3,4,9,1,41,0
4,5,19,1,41,0
6,7,39,1,41,0
4,-6,39,1,41,0
2,4,4,1,41,0
7,-6,39,1,41,0
0,-5,39,1,41,0
-5,5,3,1,41,0
9,2,3,1,41,0
8,1,19,1,41,0
0,-6,18,1,41,0
7,0,28,1,41,0
4,7,39,1,41,0
-4,5,8,1,41,0
8,2,9,1,41,0
-2,-4,14,1,41,0
7,1,21,1,41,0
8,-1,33,1,41,0
6,0,34,1,41,0
3,7,36,1,41,0
3,-6,37,1,41,0
1,5,39,1,41,0
-4,6,14,1,41,0
7,2,15,1,41,0
-3,5,16,1,41,0
5,0,28,1,41,0
2,7,29,1,41,0
0,5,35,1,41,0
6,-6,35,1,41,0
8,-2,39,1,41,0
-2,-6,5,1,41,0
-4,7,24,1,41,0
7,3,14,1,41,0
-2,5,22,1,41,0
8,4,23,1,41,0
1,7,24,1,41,0
5,1,27,1,41,0
6,3,11,1,41,0
0,7,17,1,41,0
5,2,19,1,41,0
7,4,19,1,41,0
-4,8,23,1,41,0
8,5,24,1,41,0
-3,7,32,1,41,0
-1,-4,28,1,41,0
-1,5,29,1,41,0
2,-6,29,1,41,0
7,-1,36,1,41,0
5,3,11,1,42,0
7,5,29,1,42,0
5,-6,29,1,42,0
-2,7,38,1,42,0
7,-2,37,1,42,0
-1,-5,36,1,42,0
8,6,39,1,42,0
-1,7,42,1,42,0
-1,-6,12,1,42,0
6,5,29,1,42,0
7,6,33,1,42,0
8,7,41,1,42,0
-1,8,4,1,42,0
4,4,16,1,42,0
1,-6,24,1,42,0
5,5,27,1,42,0
6,6,37,1,42,0
6,-1,41,1,42,0
-3,-4,8,1,42,0
3,4,9,1,42,0
4,5,19,1,42,0
6,7,41,1,42,0
4,-6,41,1,42,0
2,4,4,1,42,0
0,-5,39,1,42,0
7,-6,41,1,42,0
-5,5,3,1,42,0
9,2,3,1,42,0
8,1,19,1,42,0
0,-6,18,1,42,0
7,0,28,1,42,0
4,7,41,1,42,0
-4,5,8,1,42,0
8,2,9,1,42,0
-2,-4,14,1,42,0
7,1,21,1,42,0
8,-1,33,1,42,0
6,0,34,1,42,0
3,7,36,1,42,0
3,-6,37,1,42,0
1,5,41,1,42,0
-4,6,14,1,42,0
7,2,15,1,42,0
-3,5,16,1,42,0
5,0,28,1,42,0
2,7,29,1,42,0
0,5,35,1,42,0
6,-6,35,1,42,0
8,-2,41,1,42,0
-2,-6,5,1,42,0
-4,7,24,1,42,0
7,3,14,1,42,0
-2,5,22,1,42,0
8,4,23,1,42,0
1,7,24,1,42,0
5,1,27,1,42,0
6,3,11,1,42,0
0,7,17,1,42,0
5,2,19,1,42,0
7,4,19,1,42,0
-4,8,23,1,42,0
8,5,24,1,42,0
-3,7,32,1,42,0
-1,-4,28,1,42,0
-1,5,29,1,42,0
2,-6,29,1,42,0
7,-1,36,1,42,0
5,3,11,1,43,0
7,5,29,1,43,0
5,-6,29,1,43,0
-2,7,38,1,43,0
7,-2,37,1,43,0
-1,-5,36,1,43,0
8,6,39,1,43,0
-1,7,43,1,43,0
-1,-6,12,1,43,0
6,5,29,1,43,0
7,6,33,1,43,0
8,7,42,1,43,0
-1,8,4,1,43,0
4,4,16,1,43,0
1,-6,24,1,43,0
5,5,27,1,43,0
6,6,37,1,43,0
6,-1,41,1,43,0
-3,-4,8,1,43,0
3,4,9,1,43,0
4,5,19,1,43,0
6,-2,42,1,43,0
6,7,42,1,43,0
4,-6,42,1,43,0
2,4,4,1,43,0
0,-5,41,1,43,0
7,-6,42,1,43,0
-5,5,3,1,43,0
9,2,3,1,43,0
8,1,19,1,43,0
0,-6,18,1,43,0
7,0,28,1,43,0
2,5,42,1,43,0
4,7,42,1,43,0
-4,5,8,1,43,0
8,2,9,1,43,0
-2,-4,14,1,43,0
7,1,21,1,43,0
8,-1,33,1,43,0
6,0,34,1,43,0
3,7,36,1,43,0
3,-6,37,1,43,0
1,5,41,1,43,0
-4,6,14,1,43,0
7,2,15,1,43,0
-3,5,16,1,43,0
5,0,28,1,43,0
2,7,29,1,43,0
0,5,35,1,43,0
6,-6,35,1,43,0
8,-2,42,1,43,0
-2,-6,5,1,43,0
-4,7,24,1,43,0
7,3,14,1,43,0
-2,5,22,1,43,0
8,4,23,1,43,0
1,7,24,1,43,0
5,1,27,1,43,0
6,3,11,1,43,0
0,7,17,1,43,0
5,2,19,1,43,0
7,4,19,1,43,0
-4,8,23,1,43,0
8,5,24,1,43,0
-3,7,32,1,43,0
-1,-4,28,1,43,0
-1,5,29,1,43,0
2,-6,29,1,43,0
7,-1,36,1,43,0
5,3,11,1,44,0
7,5,29,1,44,0
5,-6,29,1,44,0
-2,7,38,1,44,0
7,-2,37,1,44,0
-1,-5,36,1,44,0
8,6,39,1,44,0
-1,7,44,1,44,0
-1,-6,12,1,44,0
6,5,29,1,44,0
7,6,33,1,44,0
8,7,42,1,44,0
8,-6,43,1,44,0
-1,8,4,1,44,0
4,4,16,1,44,0
1,-6,24,1,44,0
5,5,27,1,44,0
6,6,37,1,44,0
6,-1,41,1,44,0
7,7,43,1,44,0
-3,-4,8,1,44,0
3,4,9,1,44,0
4,5,19,1,44,0
6,-2,43,1,44,0
6,7,43,1,44,0
4,-6,43,1,44,0
2,4,4,1,44,0
7,-6,42,1,44,0
0,-5,42,1,44,0
-5,5,3,1,44,0
9,2,3,1,44,0
8,1,19,1,44,0
0,-6,18,1,44,0
7,0,28,1,44,0
2,5,43,1,44,0
4,7,43,1,44,0
-4,5,8,1,44,0
8,2,9,1,44,0
-2,-4,14,1,44,0
7,1,21,1,44,0
8,-1,33,1,44,0
6,0,34,1,44,0
3,7,36,1,44,0
3,-6,37,1,44,0
1,5,41,1,44,0
-4,6,14,1,44,0
7,2,15,1,44,0
-3,5,16,1,44,0
5,0,28,1,44,0
2,7,29,1,44,0
0,5,35,1,44,0
6,-6,35,1,44,0
8,-2,43,1,44,0
-2,-6,5,1,44,0
-4,7,24,1,44,0
7,3,14,1,44,0
-2,5,22,1,44,0
8,4,23,1,44,0
1,7,24,1,44,0
5,1,27,1,44,0
6,3,11,1,44,0
0,7,17,1,44,0
5,2,19,1,44,0
7,4,19,1,44,0
-4,8,23,1,44,0
8,5,24,1,44,0
-3,7,32,1,44,0
-1,-4,28,1,44,0
-1,5,29,1,44,0
2,-6,29,1,44,0
7,-1,36,1,44,0
5,3,11,1,45,0
7,5,29,1,45,0
-2,7,38,1,45,0
7,-2,37,1,45,0
-1,-5,36,1,45,0
8,6,39,1,45,0
5,-6,44,1,45,0
-1,7,45,1,45,0
-1,-6,12,1,45,0
6,5,29,1,45,0
7,6,33,1,45,0
8,7,42,1,45,0
8,-6,44,1,45,0
-1,8,4,1,45,0
4,4,16,1,45,0
1,-6,24,1,45,0
5,5,27,1,45,0
6,6,37,1,45,0
6,-1,41,1,45,0
7,7,44,1,45,0
-3,-4,8,1,45,0
3,4,9,1,45,0
4,5,19,1,45,0
6,7,43,1,45,0
4,-6,43,1,45,0
6,-2,44,1,45,0
2,4,4,1,45,0
7,-6,42,1,45,0
6,8,44,1,45,0
0,-5,44,1,45,0
5,7,44,1,45,0
-5,5,3,1,45,0
9,2,3,1,45,0
8,1,19,1,45,0
0,-6,18,1,45,0
7,0,28,1,45,0
4,7,43,1,45,0
2,5,44,1,45,0
-4,5,8,1,45,0
8,2,9,1,45,0
-2,-4,14,1,45,0
7,1,21,1,45,0
8,-1,33,1,45,0
6,0,34,1,45,0
3,7,36,1,45,0
3,-6,37,1,45,0
1,5,41,1,45,0
-4,6,14,1,45,0
7,2,15,1,45,0
-3,5,16,1,45,0
5,0,28,1,45,0
2,7,29,1,45,0
0,5,35,1,45,0
6,-6,35,1,45,0
8,-2,43,1,45,0
-2,-6,5,1,45,0
-4,7,24,1,45,0
7,3,14,1,45,0
-2,5,22,1,45,0
8,4,23,1,45,0
1,7,24,1,45,0
5,1,27,1,45,0
8,-3,44,1,45,0
6,3,11,1,45,0
0,7,17,1,45,0
5,2,19,1,45,0
7,4,19,1,45,0
-4,8,23,1,45,0
8,5,24,1,45,0
-3,7,32,1,45,0
-1,-4,28,1,45,0
-1,5,29,1,45,0
2,-6,29,1,45,0
7,-1,36,1,45,0
5,3,11,1,46,0
7,5,29,1,46,0
-2,7,38,1,46,0
7,-2,37,1,46,0
-1,-5,36,1,46,0
8,6,39,1,46,0
5,-6,45,1,46,0
-1,7,45,1,46,0
-1,-6,12,1,46,0
6,5,29,1,46,0
7,6,33,1,46,0
8,7,42,1,46,0
1,-5,45,1,46,0
8,-6,45,1,46,0
-1,8,4,1,46,0
4,4,16,1,46,0
1,-6,24,1,46,0
5,5,27,1,46,0
6,6,37,1,46,0
6,-1,41,1,46,0
7,7,45,1,46,0
-3,-4,8,1,46,0
3,4,9,1,46,0
4,5,19,1,46,0
6,7,43,1,46,0
4,-6,43,1,46,0
6,-2,45,1,46,0
2,4,4,1,46,0
7,-6,42,1,46,0
0,-5,44,1,46,0
6,8,45,1,46,0
5,7,45,1,46,0
-5,5,3,1,46,0
9,2,3,1,46,0
8,1,19,1,46,0
0,-6,18,1,46,0
7,0,28,1,46,0
4,7,43,1,46,0
2,5,45,1,46,0
-4,5,8,1,46,0
8,2,9,1,46,0
-2,-4,14,1,46,0
7,1,21,1,46,0
8,-1,33,1,46,0
6,0,34,1,46,0
3,7,36,1,46,0
3,-6,37,1,46,0
1,5,41,1,46,0
-4,6,14,1,46,0
7,2,15,1,46,0
-3,5,16,1,46,0
5,0,28,1,46,0
2,7,29,1,46,0
0,5,35,1,46,0
6,-6,35,1,46,0
8,-2,43,1,46,0
-2,-6,5,1,46,0
-4,7,24,1,46,0
7,3,14,1,46,0
-2,5,22,1,46,0
8,4,23,1,46,0
1,7,24,1,46,0
5,1,27,1,46,0
8,-3,45,1,46,0
6,3,11,1,46,0
0,7,46,1,46,0
5,2,19,1,46,0
7,4,19,1,46,0
-4,8,23,1,46,0
8,5,24,1,46,0
-3,7,32,1,46,0
-1,-4,28,1,46,0
-1,5,29,1,46,0
2,-6,29,1,46,0
7,-1,36,1,46,0
5,3,11,1,47,0
7,5,29,1,47,0
-2,7,38,1,47,0
7,-2,37,1,47,0
-1,-5,36,1,47,0
8,6,39,1,47,0
5,-6,46,1,47,0
-1,7,45,1,47,0
-1,-6,12,1,47,0
6,5,29,1,47,0
7,6,33,1,47,0
8,7,42,1,47,0
1,-5,46,1,47,0
8,-6,46,1,47,0
-1,8,4,1,47,0
4,4,16,1,47,0
1,-6,24,1,47,0
5,5,27,1,47,0
6,6,37,1,47,0
6,-1,41,1,47,0
7,7,46,1,47,0
-3,-4,8,1,47,0
3,4,9,1,47,0
4,5,19,1,47,0
6,7,43,1,47,0
4,-6,43,1,47,0
6,-2,46,1,47,0
2,4,4,1,47,0
7,-6,42,1,47,0
0,-5,44,1,47,0
6,8,46,1,47,0
5,7,46,1,47,0
-5,5,3,1,47,0
9,2,3,1,47,0
8,1,19,1,47,0
0,-6,18,1,47,0
7,0,28,1,47,0
4,7,43,1,47,0
2,5,46,1,47,0
-4,5,8,1,47,0
8,2,9,1,47,0
-2,-4,14,1,47,0
7,1,21,1,47,0
8,-1,33,1,47,0
6,0,34,1,47,0
3,7,36,1,47,0
3,-6,37,1,47,0
1,5,41,1,47,0
-4,6,14,1,47,0
7,2,15,1,47,0
-3,5,16,1,47,0
5,0,28,1,47,0
2,7,29,1,47,0
0,5,35,1,47,0
6,-6,35,1,47,0
8,-2,43,1,47,0
-2,-6,5,1,47,0
-4,7,24,1,47,0
7,3,14,1,47,0
-2,5,22,1,47,0
8,4,23,1,47,0
1,7,24,1,47,0
5,1,27,1,47,0
8,-3,46,1,47,0
6,3,11,1,47,0
0,7,47,1,47,0
5,2,19,1,47,0
7,4,19,1,47,0
-4,8,23,1,47,0
8,5,24,1,47,0
-3,7,32,1,47,0
-1,-4,28,1,47,0
-1,5,29,1,47,0
2,-6,29,1,47,0
7,-1,36,1,47,0
5,3,11,1,48,0
7,5,29,1,48,0
-2,7,38,1,48,0
7,-2,37,1,48,0
-1,-5,36,1,48,0
8,6,39,1,48,0
5,-6,47,1,48,0
-1,7,45,1,48,0
-1,-6,12,1,48,0
6,5,29,1,48,0
7,6,33,1,48,0
8,7,42,1,48,0
8,-6,46,1,48,0
1,-5,47,1,48,0
-1,8,4,1,48,0
4,4,16,1,48,0
1,-6,24,1,48,0
5,5,27,1,48,0
6,6,37,1,48,0
6,-1,41,1,48,0
7,7,46,1,48,0
8,8,47,1,48,0
-3,-4,8,1,48,0
3,4,9,1,48,0
4,5,19,1,48,0
6,7,43,1,48,0
4,-6,43,1,48,0
6,-2,46,1,48,0
2,4,4,1,48,0
0,-5,44,1,48,0
6,8,47,1,48,0
5,7,47,1,48,0
7,-6,47,1,48,0
-5,5,3,1,48,0
9,2,3,1,48,0
8,1,19,1,48,0
0,-6,18,1,48,0
7,0,28,1,48,0
4,7,43,1,48,0
2,5,47,1,48,0
-4,5,8,1,48,0
8,2,9,1,48,0
-2,-4,14,1,48,0
7,1,21,1,48,0
8,-1,33,1,48,0
6,0,34,1,48,0
3,7,36,1,48,0
3,-6,37,1,48,0
1,5,41,1,48,0
5,-2,47,1,48,0
-4,6,14,1,48,0
7,2,15,1,48,0
-3,5,16,1,48,0
5,0,28,1,48,0
2,7,29,1,48,0
0,5,35,1,48,0
6,-6,35,1,48,0
8,-2,43,1,48,0
-2,-6,5,1,48,0
-4,7,24,1,48,0
7,3,14,1,48,0
-2,5,22,1,48,0
8,4,23,1,48,0
1,7,24,1,48,0
5,1,27,1,48,0
8,-3,47,1,48,0
6,3,11,1,48,0
0,7,48,1,48,0
5,2,19,1,48,0
7,4,19,1,48,0
-4,8,23,1,48,0
8,5,24,1,48,0
-3,7,32,1,48,0
-1,-4,28,1,48,0
-1,5,29,1,48,0
2,-6,29,1,48,0
7,-1,36,1,48,0
5,3,11,1,49,0
7,5,29,1,49,0
-2,7,38,1,49,0
7,-2,37,1,49,0
-1,-5,36,1,49,0
8,6,39,1,49,0
5,-6,48,1,49,0
-1,7,45,1,49,0
-1,-6,12,1,49,0
6,5,29,1,49,0
7,6,33,1,49,0
8,7,42,1,49,0
8,-6,46,1,49,0
7,-3,48,1,49,0
1,-5,48,1,49,0
-1,8,4,1,49,0
4,4,16,1,49,0
1,-6,24,1,49,0
5,5,27,1,49,0
6,6,37,1,49,0
6,-1,41,1,49,0
7,7,46,1,49,0
8,8,48,1,49,0
-3,-4,8,1,49,0
3,4,9,1,49,0
4,5,19,1,49,0
4,-6,43,1,49,0
6,-2,46,1,49,0
6,7,48,1,49,0
2,4,4,1,49,0
0,-5,44,1,49,0
6,8,47,1,49,0
5,7,47,1,49,0
7,-6,48,1,49,0
-5,5,3,1,49,0
9,2,3,1,49,0
8,1,19,1,49,0
0,-6,18,1,49,0
7,0,28,1,49,0
2,5,48,1,49,0
4,7,48,1,49,0
-4,5,8,1,49,0
8,2,9,1,49,0
-2,-4,14,1,49,0
7,1,21,1,49,0
8,-1,33,1,49,0
6,0,34,1,49,0
3,7,36,1,49,0
3,-6,37,1,49,0
1,5,41,1,49,0
5,-2,48,1,49,0
-4,6,14,1,49,0
7,2,15,1,49,0
-3,5,16,1,49,0
5,0,28,1,49,0
2,7,29,1,49,0
0,5,35,1,49,0
6,-6,35,1,49,0
8,-2,43,1,49,0
-2,-6,5,1,49,0
-4,7,24,1,49,0
7,3,14,1,49,0
-2,5,22,1,49,0
8,4,23,1,49,0
1,7,24,1,49,0
5,1,27,1,49,0
8,-3,47,1,49,0
6,3,11,1,49,0
0,7,49,1,49,0
5,2,19,1,49,0
7,4,19,1,49,0
-4,8,23,1,49,0
8,5,24,1,49,0
-3,7,32,1,49,0
-1,-4,28,1,49,0
-1,5,29,1,49,0
2,-6,29,1,49,0
7,-1,36,1,49,0
5,3,11,1,50,0
7,5,29,1,50,0
-2,7,38,1,50,0
7,-2,37,1,50,0
-1,-5,36,1,50,0
8,6,39,1,50,0
5,-6,49,1,50,0
-1,7,45,1,50,0
-1,-6,12,1,50,0
6,5,29,1,50,0
7,6,33,1,50,0
8,7,42,1,50,0
8,-6,46,1,50,0
7,-3,49,1,50,0
1,-5,49,1,50,0
-1,8,4,1,50,0
4,4,16,1,50,0
1,-6,24,1,50,0
5,5,27,1,50,0
6,6,37,1,50,0
6,-1,41,1,50,0
7,7,46,1,50,0
8,8,49,1,50,0
-3,-4,8,1,50,0
3,4,9,1,50,0
4,5,19,1,50,0
4,-6,43,1,50,0
6,-2,46,1,50,0
6,7,49,1,50,0
2,4,4,1,50,0
0,-5,44,1,50,0
6,8,47,1,50,0
5,7,47,1,50,0
3,5,49,1,50,0
7,-6,49,1,50,0
-5,5,3,1,50,0
9,2,3,1,50,0
8,1,19,1,50,0
0,-6,18,1,50,0
7,0,28,1,50,0
2,5,48,1,50,0
4,7,49,1,50,0
-4,5,8,1,50,0
8,2,9,1,50,0
-2,-4,14,1,50,0
7,1,21,1,50,0
8,-1,33,1,50,0
6,0,34,1,50,0
3,7,36,1,50,0
3,-6,37,1,50,0
1,5,41,1,50,0
5,-2,48,1,50,0
-4,6,14,1,50,0
7,2,15,1,50,0
-3,5,16,1,50,0
5,0,28,1,50,0
2,7,29,1,50,0
0,5,35,1,50,0
6,-6,35,1,50,0
8,-2,43,1,50,0
5,-3,49,1,50,0
-2,-6,5,1,50,0
-4,7,24,1,50,0
7,3,14,1,50,0
-2,5,22,1,50,0
8,4,23,1,50,0
1,7,24,1,50,0
5,1,27,1,50,0
8,-3,47,1,50,0
6,3,11,1,50,0
0,7,49,1,50,0
5,2,19,1,50,0
7,4,19,1,50,0
-4,8,23,1,50,0
8,5,24,1,50,0
-3,7,32,1,50,0
-1,-4,28,1,50,0
-1,5,29,1,50,0
2,-6,29,1,50,0
7,-1,36,1,50,0
5,3,11,1,51,0
7,5,29,1,51,0
-2,7,38,1,51,0
7,-2,37,1,51,0
-1,-5,36,1,51,0
8,6,39,1,51,0
5,-6,49,1,51,0
-1,7,45,1,51,0
-1,-6,12,1,51,0
6,5,29,1,51,0
7,6,33,1,51,0
8,7,42,1,51,0
8,-6,46,1,51,0
7,-3,49,1,51,0
1,-5,49,1,51,0
-1,8,4,1,51,0
4,4,16,1,51,0
1,-6,24,1,51,0
5,5,27,1,51,0
6,6,37,1,51,0
6,-1,41,1,51,0
7,7,46,1,51,0
8,8,49,1,51,0
-3,-4,8,1,51,0
3,4,9,1,51,0
4,5,19,1,51,0
4,-6,43,1,51,0
6,-2,46,1,51,0
6,7,49,1,51,0
2,4,4,1,51,0
0,-5,44,1,51,0
6,8,47,1,51,0
5,7,47,1,51,0
3,5,49,1,51,0
7,-6,49,1,51,0
-5,5,3,1,51,0
9,2,3,1,51,0
8,1,19,1,51,0
0,-6,18,1,51,0
7,0,28,1,51,0
2,5,48,1,51,0
4,7,49,1,51,0
-4,5,8,1,51,0
8,2,9,1,51,0
-2,-4,14,1,51,0
7,1,21,1,51,0
8,-1,33,1,51,0
6,0,34,1,51,0
3,7,36,1,51,0
3,-6,37,1,51,0
1,5,41,1,51,0
5,-2,48,1,51,0
-4,6,14,1,51,0
7,2,15,1,51,0
-3,5,16,1,51,0
5,0,28,1,51,0
2,7,29,1,51,0
0,5,35,1,51,0
6,-6,35,1,51,0
8,-2,43,1,51,0
5,-3,49,1,51,0
-2,-6,5,1,51,0
-4,7,24,1,51,0
7,3,14,1,51,0
-2,5,22,1,51,0
8,4,23,1,51,0
1,7,24,1,51,0
5,1,27,1,51,0
8,-3,47,1,51,0
6,3,11,1,51,0
0,7,51,1,51,0
5,2,19,1,51,0
7,4,19,1,51,0
-4,8,23,1,51,0
8,5,24,1,51,0
-3,7,32,1,51,0
-1,-4,28,1,51,0
-1,5,29,1,51,0
2,-6,29,1,51,0
7,-1,36,1,51,0
5,3,11,1,52,0
7,5,29,1,52,0
-2,7,38,1,52,0
7,-2,37,1,52,0
-1,-5,36,1,52,0
8,6,39,1,52,0
5,-6,49,1,52,0
-1,7,45,1,52,0
-1,-6,12,1,52,0
6,5,29,1,52,0
7,6,33,1,52,0
8,7,42,1,52,0
8,-6,46,1,52,0
7,-3,49,1,52,0
1,-5,51,1,52,0
-1,8,4,1,52,0
4,4,16,1,52,0
1,-6,24,1,52,0
5,5,27,1,52,0
6,6,37,1,52,0
6,-1,41,1,52,0
8,8,49,1,52,0
7,-4,51,1,52,0
7,7,51,1,52,0
-3,-4,8,1,52,0
3,4,9,1,52,0
4,5,19,1,52,0
4,-6,43,1,52,0
6,-2,46,1,52,0
6,7,49,1,52,0
2,4,4,1,52,0
0,-5,44,1,52,0
5,7,47,1,52,0
6,8,51,1,52,0
3,5,51,1,52,0
7,-6,51,1,52,0
-5,5,3,1,52,0
9,2,3,1,52,0
8,1,19,1,52,0
0,-6,18,1,52,0
7,0,28,1,52,0
2,5,48,1,52,0
4,7,51,1,52,0
-4,5,8,1,52,0
8,2,9,1,52,0
-2,-4,14,1,52,0
7,1,21,1,52,0
8,-1,33,1,52,0
6,0,34,1,52,0
3,7,36,1,52,0
3,-6,37,1,52,0
1,5,41,1,52,0
5,-2,48,1,52,0
-4,6,14,1,52,0
7,2,15,1,52,0
-3,5,16,1,52,0
5,0,28,1,52,0
2,7,29,1,52,0
0,5,35,1,52,0
8,-2,43,1,52,0
5,-3,51,1,52,0
6,-6,51,1,52,0
-2,-6,5,1,52,0
-4,7,24,1,52,0
7,3,14,1,52,0
-2,5,22,1,52,0
8,4,23,1,52,0
1,7,52,1,52,0
5,1,27,1,52,0
8,-3,47,1,52,0
6,3,11,1,52,0
0,7,51,1,52,0
5,2,19,1,52,0
7,4,19,1,52,0
-4,8,23,1,52,0
8,5,24,1,52,0
-3,7,32,1,52,0
-1,-4,28,1,52,0
-1,5,29,1,52,0
2,-6,29,1,52,0
7,-1,36,1,52,0
5,3,11,1,53,0
7,5,29,1,53,0
-2,7,38,1,53,0
7,-2,37,1,53,0
-1,-5,36,1,53,0
8,6,39,1,53,0
5,-6,49,1,53,0
-1,7,45,1,53,0
-1,-6,12,1,53,0
6,5,29,1,53,0
7,6,33,1,53,0
8,7,42,1,53,0
8,-6,46,1,53,0
7,-3,49,1,53,0
1,-5,52,1,53,0
-1,8,4,1,53,0
4,4,16,1,53,0
1,-6,24,1,53,0
5,5,27,1,53,0
6,6,37,1,53,0
6,-1,41,1,53,0
8,8,49,1,53,0
7,-4,52,1,53,0
7,7,52,1,53,0
-3,-4,8,1,53,0
3,4,9,1,53,0
4,5,19,1,53,0
4,-6,43,1,53,0
6,-2,46,1,53,0
6,7,49,1,53,0
2,4,4,1,53,0
0,-5,44,1,53,0
5,7,47,1,53,0
6,8,52,1,53,0
3,5,52,1,53,0
4,6,52,1,53,0
7,-6,52,1,53,0
-5,5,3,1,53,0
9,2,3,1,53,0
8,1,19,1,53,0
0,-6,18,1,53,0
7,0,28,1,53,0
2,5,48,1,53,0
4,7,51,1,53,0
-4,5,8,1,53,0
8,2,9,1,53,0
-2,-4,14,1,53,0
7,1,21,1,53,0
8,-1,33,1,53,0
6,0,34,1,53,0
3,7,36,1,53,0
3,-6,37,1,53,0
1,5,41,1,53,0
5,-2,48,1,53,0
-4,6,14,1,53,0
7,2,15,1,53,0
-3,5,16,1,53,0
5,0,28,1,53,0
2,7,29,1,53,0
0,5,35,1,53,0
8,-2,43,1,53,0
5,-3,52,1,53,0
6,-6,52,1,53,0
-2,-6,5,1,53,0
-4,7,24,1,53,0
7,3,14,1,53,0
-2,5,22,1,53,0
8,4,23,1,53,0
1,7,53,1,53,0
5,1,27,1,53,0
8,-3,47,1,53,0
6,3,11,1,53,0
0,7,51,1,53,0
5,2,19,1,53,0
7,4,19,1,53,0
-4,8,23,1,53,0
8,5,24,1,53,0
-3,7,32,1,53,0
-1,-4,28,1,53,0
-1,5,29,1,53,0
2,-6,29,1,53,0
7,-1,36,1,53,0
5,3,11,1,54,0
7,5,29,1,54,0
-2,7,38,1,54,0
7,-2,37,1,54,0
-1,-5,36,1,54,0
8,6,39,1,54,0
5,-6,49,1,54,0
-1,7,45,1,54,0
-1,-6,12,1,54,0
6,5,29,1,54,0
7,6,33,1,54,0
8,7,42,1,54,0
8,-6,46,1,54,0
7,-3,49,1,54,0
1,-5,52,1,54,0
-1,8,4,1,54,0
4,4,16,1,54,0
1,-6,24,1,54,0
5,5,27,1,54,0
6,6,37,1,54,0
6,-1,41,1,54,0
8,8,49,1,54,0
7,7,52,1,54,0
7,-4,53,1,54,0
-3,-4,8,1,54,0
3,4,9,1,54,0
4,5,19,1,54,0
4,-6,43,1,54,0
6,-2,46,1,54,0
6,7,49,1,54,0
2,4,4,1,54,0
0,-5,44,1,54,0
5,7,47,1,54,0
6,8,53,1,54,0
3,5,53,1,54,0
4,6,53,1,54,0
7,-6,53,1,54,0
-5,5,3,1,54,0
9,2,3,1,54,0
8,1,19,1,54,0
0,-6,18,1,54,0
7,0,28,1,54,0
2,5,48,1,54,0
4,7,51,1,54,0
-4,5,8,1,54,0
8,2,9,1,54,0
-2,-4,14,1,54,0
7,1,21,1,54,0
8,-1,33,1,54,0
6,0,34,1,54,0
3,7,36,1,54,0
3,-6,37,1,54,0
1,5,41,1,54,0
5,-2,48,1,54,0
-4,6,14,1,54,0
7,2,15,1,54,0
-3,5,16,1,54,0
5,0,28,1,54,0
2,7,29,1,54,0
0,5,35,1,54,0
8,-2,43,1,54,0
5,-3,53,1,54,0
2,-4,53,1,54,0
6,-6,53,1,54,0
-2,-6,5,1,54,0
-4,7,24,1,54,0
7,3,14,1,54,0
-2,5,22,1,54,0
8,4,23,1,54,0
1,7,54,1,54,0
5,1,27,1,54,0
8,-3,47,1,54,0
6,3,11,1,54,0
0,7,51,1,54,0
5,2,19,1,54,0
7,4,19,1,54,0
-4,8,23,1,54,0
8,5,24,1,54,0
-3,7,32,1,54,0
-1,-4,28,1,54,0
-1,5,29,1,54,0
2,-6,29,1,54,0
7,-1,36,1,54,0
5,3,11,1,55,0
7,5,29,1,55,0
-2,7,38,1,55,0
7,-2,37,1,55,0
-1,-5,36,1,55,0
8,6,39,1,55,0
5,-6,49,1,55,0
-1,7,45,1,55,0
-1,-6,12,1,55,0
6,5,29,1,55,0
7,6,33,1,55,0
8,7,42,1,55,0
8,-6,46,1,55,0
7,-3,49,1,55,0
1,-5,52,1,55,0
-1,8,4,1,55,0
4,4,16,1,55,0
1,-6,24,1,55,0
5,5,27,1,55,0
6,6,37,1,55,0
6,-1,41,1,55,0
8,8,49,1,55,0
7,7,52,1,55,0
7,-4,54,1,55,0
-3,-4,8,1,55,0
3,4,9,1,55,0
4,5,19,1,55,0
4,-6,43,1,55,0
6,-2,46,1,55,0
6,7,54,1,55,0
7,8,54,1,55,0
2,4,4,1,55,0
0,-5,44,1,55,0
5,7,47,1,55,0
6,8,53,1,55,0
3,5,54,1,55,0
4,6,54,1,55,0
7,-6,54,1,55,0
-5,5,3,1,55,0
9,2,3,1,55,0
8,1,19,1,55,0
0,-6,18,1,55,0
7,0,28,1,55,0
2,5,48,1,55,0
4,7,51,1,55,0
-4,5,8,1,55,0
8,2,9,1,55,0
-2,-4,14,1,55,0
7,1,21,1,55,0
8,-1,33,1,55,0
6,0,34,1,55,0
3,7,36,1,55,0
3,-6,37,1,55,0
1,5,41,1,55,0
5,-2,48,1,55,0
-4,6,14,1,55,0
7,2,15,1,55,0
-3,5,16,1,55,0
5,0,28,1,55,0
2,7,29,1,55,0
0,5,35,1,55,0
8,-2,43,1,55,0
5,-3,54,1,55,0
2,-4,54,1,55,0
6,-6,54,1,55,0
-2,-6,5,1,55,0
-4,7,24,1,55,0
7,3,14,1,55,0
-2,5,22,1,55,0
8,4,23,1,55,0
1,7,55,1,55,0
5,1,27,1,55,0
8,-3,47,1,55,0
6,3,11,1,55,0
0,7,51,1,55,0
5,2,19,1,55,0
7,4,19,1,55,0
-4,8,23,1,55,0
8,5,24,1,55,0
-3,7,32,1,55,0
-1,-4,28,1,55,0
-1,5,29,1,55,0
2,-6,29,1,55,0
7,-1,36,1,55,0
5,3,11,1,56,0
7,5,29,1,56,0
-2,7,38,1,56,0
7,-2,37,1,56,0
-1,-5,36,1,56,0
8,6,39,1,56,0
5,-6,49,1,56,0
-1,7,45,1,56,0
-1,-6,12,1,56,0
6,5,29,1,56,0
7,6,33,1,56,0
8,7,42,1,56,0
8,-6,46,1,56,0
7,-3,49,1,56,0
1,-5,52,1,56,0
-1,8,4,1,56,0
4,4,16,1,56,0
1,-6,24,1,56,0
5,5,27,1,56,0
6,6,37,1,56,0
6,-1,41,1,56,0
8,8,49,1,56,0
7,7,52,1,56,0
7,-4,55,1,56,0
-3,-4,8,1,56,0
3,4,9,1,56,0
4,5,19,1,56,0
4,-6,43,1,56,0
6,-2,46,1,56,0
6,7,55,1,56,0
7,8,55,1,56,0
2,4,4,1,56,0
0,-5,44,1,56,0
5,7,47,1,56,0
6,8,53,1,56,0
3,5,55,1,56,0
4,6,55,1,56,0
7,-6,55,1,56,0
-5,5,3,1,56,0
9,2,3,1,56,0
8,1,19,1,56,0
0,-6,18,1,56,0
7,0,28,1,56,0
2,5,48,1,56,0
4,7,51,1,56,0
-4,5,8,1,56,0
8,2,9,1,56,0
-2,-4,14,1,56,0
7,1,21,1,56,0
8,-1,33,1,56,0
6,0,34,1,56,0
3,7,36,1,56,0
3,-6,37,1,56,0
1,5,41,1,56,0
5,-2,48,1,56,0
-4,6,14,1,56,0
7,2,15,1,56,0
-3,5,16,1,56,0
5,0,28,1,56,0
2,7,29,1,56,0
0,5,35,1,56,0
8,-2,43,1,56,0
5,-3,55,1,56,0
2,-4,55,1,56,0
6,-6,55,1,56,0
-2,-6,5,1,56,0
-4,7,24,1,56,0
7,3,14,1,56,0
-2,5,22,1,56,0
8,4,23,1,56,0
1,7,56,1,56,0
5,1,27,1,56,0
8,-3,47,1,56,0
6,3,11,1,56,0
0,7,51,1,56,0
5,2,19,1,56,0
7,4,19,1,56,0
-4,8,23,1,56,0
8,5,24,1,56,0
-3,7,32,1,56,0
-1,-4,28,1,56,0
-1,5,29,1,56,0
2,-6,29,1,56,0
7,-1,36,1,56,0
5,3,11,1,57,0
7,5,29,1,57,0
-2,7,38,1,57,0
7,-2,37,1,57,0
-1,-5,36,1,57,0
8,6,39,1,57,0
5,-6,49,1,57,0
-1,7,45,1,57,0
-1,-6,12,1,57,0
6,5,29,1,57,0
7,6,33,1,57,0
8,7,42,1,57,0
8,-6,46,1,57,0
7,-3,49,1,57,0
1,-5,52,1,57,0
-1,8,4,1,57,0
4,4,16,1,57,0
1,-6,24,1,57,0
5,5,27,1,57,0
6,6,37,1,57,0
6,-1,41,1,57,0
8,8,49,1,57,0
7,7,52,1,57,0
7,-4,56,1,57,0
-3,-4,8,1,57,0
3,4,9,1,57,0
4,5,19,1,57,0
4,-6,43,1,57,0
6,-2,46,1,57,0
6,7,56,1,57,0
7,8,56,1,57,0
2,4,4,1,57,0
0,-5,44,1,57,0
5,7,47,1,57,0
6,8,53,1,57,0
3,5,56,1,57,0
4,6,56,1,57,0
7,-6,56,1,57,0
-5,5,3,1,57,0
9,2,3,1,57,0
8,1,19,1,57,0
0,-6,18,1,57,0
7,0,28,1,57,0
2,5,48,1,57,0
4,7,51,1,57,0
-4,5,8,1,57,0
8,2,9,1,57,0
-2,-4,14,1,57,0
7,1,21,1,57,0
8,-1,33,1,57,0
6,0,34,1,57,0
3,7,36,1,57,0
3,-6,37,1,57,0
1,5,41,1,57,0
5,-2,48,1,57,0
-4,6,14,1,57,0
7,2,15,1,57,0
-3,5,16,1,57,0
5,0,28,1,57,0
2,7,29,1,57,0
0,5,35,1,57,0
8,-2,43,1,57,0
5,-3,56,1,57,0
2,-4,56,1,57,0
6,-6,56,1,57,0
-2,-6,5,1,57,0
-4,7,24,1,57,0
7,3,14,1,57,0
-2,5,22,1,57,0
8,4,23,1,57,0
1,7,57,1,57,0
5,1,27,1,57,0
8,-3,47,1,57,0
6,3,11,1,57,0
0,7,51,1,57,0
5,2,19,1,57,0
7,4,19,1,57,0
-4,8,23,1,57,0
8,5,24,1,57,0
-3,7,32,1,57,0
-1,-4,28,1,57,0
-1,5,29,1,57,0
2,-6,29,1,57,0
7,-1,36,1,57,0
5,3,11,1,58,0
7,5,29,1,58,0
-2,7,38,1,58,0
7,-2,37,1,58,0
-1,-5,36,1,58,0
8,6,39,1,58,0
5,-6,49,1,58,0
-1,7,45,1,58,0
-1,-6,12,1,58,0
6,5,29,1,58,0
7,6,33,1,58,0
8,7,42,1,58,0
8,-6,46,1,58,0
7,-3,49,1,58,0
1,-5,52,1,58,0
-1,8,4,1,58,0
4,4,16,1,58,0
1,-6,24,1,58,0
5,5,27,1,58,0
6,6,37,1,58,0
6,-1,41,1,58,0
7,7,52,1,58,0
7,-4,57,1,58,0
8,8,57,1,58,0
-3,-4,8,1,58,0
3,4,9,1,58,0
4,5,19,1,58,0
4,-6,43,1,58,0
6,-2,46,1,58,0
7,8,56,1,58,0
6,7,57,1,58,0
2,4,4,1,58,0
0,-5,44,1,58,0
5,7,47,1,58,0
6,8,53,1,58,0
3,5,57,1,58,0
4,6,57,1,58,0
7,-6,57,1,58,0
-5,5,3,1,58,0
9,2,3,1,58,0
8,1,19,1,58,0
0,-6,18,1,58,0
7,0,28,1,58,0
2,5,48,1,58,0
4,7,51,1,58,0
-4,5,8,1,58,0
8,2,9,1,58,0
-2,-4,14,1,58,0
7,1,21,1,58,0
8,-1,33,1,58,0
6,0,34,1,58,0
3,7,36,1,58,0
3,-6,37,1,58,0
1,5,41,1,58,0
5,-2,48,1,58,0
-4,6,14,1,58,0
7,2,15,1,58,0
-3,5,16,1,58,0
5,0,28,1,58,0
2,7,58,1,58,0
0,5,35,1,58,0
8,-2,43,1,58,0
5,-3,57,1,58,0
2,-4,57,1,58,0
6,-6,57,1,58,0
-2,-6,5,1,58,0
-4,7,24,1,58,0
7,3,14,1,58,0
-2,5,22,1,58,0
8,4,23,1,58,0
1,7,57,1,58,0
5,1,27,1,58,0
8,-3,47,1,58,0
6,3,11,1,58,0
0,7,51,1,58,0
5,2,19,1,58,0
7,4,19,1,58,0
-4,8,23,1,58,0
8,5,24,1,58,0
-3,7,32,1,58,0
-1,-4,28,1,58,0
-1,5,29,1,58,0
2,-6,29,1,58,0
7,-1,36,1,58,0
5,3,11,1,59,0
7,5,29,1,59,0
-2,7,38,1,59,0
7,-2,37,1,59,0
-1,-5,36,1,59,0
8,6,39,1,59,0
5,-6,58,1,59,0
-1,7,45,1,59,0
-1,-6,12,1,59,0
6,5,29,1,59,0
7,6,33,1,59,0
8,-6,46,1,59,0
7,-3,49,1,59,0
1,-5,52,1,59,0
8,7,58,1,59,0
-1,8,4,1,59,0
4,4,16,1,59,0
1,-6,24,1,59,0
5,5,27,1,59,0
6,6,37,1,59,0
6,-1,41,1,59,0
7,7,52,1,59,0
7,-4,57,1,59,0
8,8,57,1,59,0
-3,-4,8,1,59,0
3,4,9,1,59,0
4,5,19,1,59,0
4,-6,43,1,59,0
6,-2,46,1,59,0
7,8,56,1,59,0
6,7,57,1,59,0
7,-5,58,1,59,0
2,4,4,1,59,0
0,-5,44,1,59,0
6,8,53,1,59,0
5,7,58,1,59,0
3,5,58,1,59,0
4,6,58,1,59,0
7,-6,58,1,59,0
-5,5,3,1,59,0
9,2,3,1,59,0
8,1,19,1,59,0
0,-6,18,1,59,0
7,0,28,1,59,0
2,5,48,1,59,0
4,7,51,1,59,0
-4,5,8,1,59,0
8,2,9,1,59,0
-2,-4,14,1,59,0
7,1,21,1,59,0
8,-1,33,1,59,0
6,0,34,1,59,0
3,7,36,1,59,0
3,-6,37,1,59,0
1,5,41,1,59,0
5,-2,48,1,59,0
-4,6,14,1,59,0
7,2,15,1,59,0
-3,5,16,1,59,0
5,0,28,1,59,0
2,7,59,1,59,0
0,5,35,1,59,0
8,-2,43,1,59,0
5,-3,57,1,59,0
6,-6,57,1,59,0
2,-4,58,1,59,0
-2,-6,5,1,59,0
-4,7,24,1,59,0
7,3,14,1,59,0
-2,5,22,1,59,0
8,4,23,1,59,0
1,7,57,1,59,0
5,1,27,1,59,0
8,-3,47,1,59,0
5,-4,58,1,59,0
6,3,11,1,59,0
0,7,51,1,59,0
5,2,19,1,59,0
7,4,19,1,59,0
-4,8,23,1,59,0
8,5,24,1,59,0
-3,7,32,1,59,0
-1,-4,28,1,59,0
-1,5,29,1,59,0
2,-6,29,1,59,0
7,-1,36,1,59,0
5,3,11,1,60,0
7,5,29,1,60,0
-2,7,38,1,60,0
7,-2,37,1,60,0
-1,-5,36,1,60,0
8,6,39,1,60,0
5,-6,59,1,60,0
-1,7,45,1,60,0
-1,-6,12,1,60,0
6,5,29,1,60,0
7,6,33,1,60,0
8,-6,46,1,60,0
7,-3,49,1,60,0
1,-5,52,1,60,0
8,7,58,1,60,0
-1,8,4,1,60,0
4,4,16,1,60,0
1,-6,24,1,60,0
5,5,27,1,60,0
6,6,37,1,60,0
6,-1,41,1,60,0
7,7,52,1,60,0
7,-4,57,1,60,0
8,8,57,1,60,0
-3,-4,8,1,60,0
3,4,9,1,60,0
4,5,19,1,60,0
4,-6,43,1,60,0
6,-2,46,1,60,0
7,8,56,1,60,0
6,7,57,1,60,0
7,-5,59,1,60,0
2,4,4,1,60,0
0,-5,44,1,60,0
6,8,53,1,60,0
7,-6,58,1,60,0
5,7,59,1,60,0
3,5,59,1,60,0
4,6,59,1,60,0
-5,5,3,1,60,0
9,2,3,1,60,0
8,1,19,1,60,0
0,-6,18,1,60,0
7,0,28,1,60,0
2,5,48,1,60,0
4,7,51,1,60,0
-4,5,8,1,60,0
8,2,9,1,60,0
-2,-4,14,1,60,0
7,1,21,1,60,0
8,-1,33,1,60,0
6,0,34,1,60,0
3,7,36,1,60,0
3,-6,37,1,60,0
1,5,41,1,60,0
5,-2,48,1,60,0
-4,6,14,1,60,0
7,2,15,1,60,0
-3,5,16,1,60,0
5,0,28,1,60,0
2,7,59,1,60,0
0,5,35,1,60,0
8,-2,43,1,60,0
5,-3,57,1,60,0
6,-6,57,1,60,0
2,-4,59,1,60,0
-2,-6,5,1,60,0
-4,7,24,1,60,0
7,3,14,1,60,0
-2,5,22,1,60,0
8,4,23,1,60,0
1,7,57,1,60,0
5,1,27,1,60,0
8,-3,47,1,60,0
5,-4,59,1,60,0
6,3,11,1,60,0
0,7,51,1,60,0
5,2,19,1,60,0
7,4,19,1,60,0
-4,8,23,1,60,0
8,5,24,1,60,0
-3,7,32,1,60,0
-1,-4,28,1,60,0
-1,5,29,1,60,0
2,-6,29,1,60,0
7,-1,36,1,60,0
5,3,11,1,61,0
7,5,29,1,61,0
-2,7,38,1,61,0
7,-2,37,1,61,0
-1,-5,36,1,61,0
8,6,39,1,61,0
5,-6,59,1,61,0
-1,7,45,1,61,0
-1,-6,12,1,61,0
6,5,29,1,61,0
7,6,33,1,61,0
8,-6,46,1,61,0
7,-3,49,1,61,0
1,-5,52,1,61,0
8,7,59,1,61,0
-1,8,4,1,61,0
4,4,16,1,61,0
1,-6,24,1,61,0
5,5,27,1,61,0
6,6,37,1,61,0
6,-1,41,1,61,0
7,7,52,1,61,0
7,-4,57,1,61,0
8,8,57,1,61,0
-3,-4,8,1,61,0
3,4,9,1,61,0
4,5,19,1,61,0
4,-6,43,1,61,0
6,-2,46,1,61,0
7,8,56,1,61,0
6,7,57,1,61,0
7,-5,59,1,61,0
2,4,4,1,61,0
0,-5,44,1,61,0
6,8,53,1,61,0
5,7,59,1,61,0
3,5,59,1,61,0
4,6,59,1,61,0
7,-6,59,1,61,0
-5,5,3,1,61,0
9,2,3,1,61,0
8,1,19,1,61,0
0,-6,18,1,61,0
7,0,28,1,61,0
2,5,48,1,61,0
4,7,51,1,61,0
-4,5,8,1,61,0
8,2,9,1,61,0
-2,-4,14,1,61,0
7,1,21,1,61,0
8,-1,33,1,61,0
6,0,34,1,61,0
3,7,36,1,61,0
3,-6,37,1,61,0
1,5,41,1,61,0
5,-2,48,1,61,0
-4,6,14,1,61,0
7,2,15,1,61,0
-3,5,16,1,61,0
5,0,28,1,61,0
2,7,61,1,61,0
0,5,35,1,61,0
8,-2,43,1,61,0
5,-3,57,1,61,0
6,-6,57,1,61,0
2,-4,59,1,61,0
-2,-6,5,1,61,0
-4,7,24,1,61,0
7,3,14,1,61,0
-2,5,22,1,61,0
8,4,23,1,61,0
1,7,57,1,61,0
5,1,27,1,61,0
8,-3,47,1,61,0
5,-4,59,1,61,0
6,3,11,1,61,0
0,7,51,1,61,0
5,2,19,1,61,0
7,4,19,1,61,0
-4,8,23,1,61,0
8,5,24,1,61,0
-3,7,32,1,61,0
-1,-4,28,1,61,0
-1,5,29,1,61,0
2,-6,29,1,61,0
7,-1,36,1,61,0
5,3,11,1,62,0
7,5,29,1,62,0
-2,7,38,1,62,0
7,-2,37,1,62,0
-1,-5,36,1,62,0
8,6,39,1,62,0
5,-6,59,1,62,0
-1,7,45,1,62,0
-1,-6,12,1,62,0
6,5,29,1,62,0
7,6,33,1,62,0
7,-3,49,1,62,0
1,-5,52,1,62,0
8,7,61,1,62,0
8,-6,61,1,62,0
-1,8,4,1,62,0
4,4,16,1,62,0
1,-6,24,1,62,0
5,5,27,1,62,0
6,6,37,1,62,0
6,-1,41,1,62,0
7,7,52,1,62,0
8,8,57,1,62,0
7,-4,61,1,62,0
-3,-4,8,1,62,0
4,5,19,1,62,0
4,-6,43,1,62,0
6,-2,46,1,62,0
7,8,56,1,62,0
6,7,57,1,62,0
7,-5,59,1,62,0
3,4,61,1,62,0
5,6,61,1,62,0
2,4,4,1,62,0
0,-5,44,1,62,0
6,8,53,1,62,0
3,5,59,1,62,0
4,6,59,1,62,0
7,-6,59,1,62,0
5,7,61,1,62,0
3,-4,61,1,62,0
-5,5,3,1,62,0
9,2,3,1,62,0
8,1,19,1,62,0
0,-6,18,1,62,0
7,0,28,1,62,0
2,5,48,1,62,0
4,7,51,1,62,0
-4,5,8,1,62,0
8,2,9,1,62,0
-2,-4,14,1,62,0
7,1,21,1,62,0
8,-1,33,1,62,0
6,0,34,1,62,0
3,7,36,1,62,0
3,-6,37,1,62,0
1,5,41,1,62,0
5,-2,48,1,62,0
-4,6,14,1,62,0
7,2,15,1,62,0
-3,5,16,1,62,0
5,0,28,1,62,0
2,7,62,1,62,0
0,5,35,1,62,0
8,-2,43,1,62,0
5,-3,57,1,62,0
6,-6,57,1,62,0
2,-4,59,1,62,0
-2,-6,5,1,62,0
-4,7,24,1,62,0
7,3,14,1,62,0
-2,5,22,1,62,0
8,4,23,1,62,0
1,7,57,1,62,0
5,1,27,1,62,0
8,-3,47,1,62,0
5,-4,61,1,62,0
6,3,11,1,62,0
0,7,51,1,62,0
5,2,19,1,62,0
7,4,19,1,62,0
-4,8,23,1,62,0
8,5,24,1,62,0
-3,7,32,1,62,0
-1,-4,28,1,62,0
-1,5,29,1,62,0
2,-6,29,1,62,0
7,-1,36,1,62,0
5,3,11,1,63,0
7,5,29,1,63,0
-2,7,38,1,63,0
7,-2,37,1,63,0
-1,-5,36,1,63,0
8,6,39,1,63,0
5,-6,62,1,63,0
-1,7,45,1,63,0
-1,-6,12,1,63,0
6,5,29,1,63,0
7,6,33,1,63,0
7,-3,49,1,63,0
1,-5,52,1,63,0
8,7,62,1,63,0
8,-6,62,1,63,0
-1,8,4,1,63,0
4,4,16,1,63,0
1,-6,24,1,63,0
6,6,37,1,63,0
6,-1,41,1,63,0
7,7,52,1,63,0
8,8,57,1,63,0
7,-4,61,1,63,0
5,5,62,1,63,0
-3,-4,8,1,63,0
4,5,19,1,63,0
4,-6,43,1,63,0
6,-2,46,1,63,0
7,8,56,1,63,0
6,7,57,1,63,0
7,-5,59,1,63,0
5,6,61,1,63,0
3,4,62,1,63,0
2,4,4,1,63,0
0,-5,44,1,63,0
6,8,53,1,63,0
3,5,59,1,63,0
4,6,59,1,63,0
7,-6,59,1,63,0
5,7,62,1,63,0
3,-4,62,1,63,0
-5,5,3,1,63,0
9,2,3,1,63,0
8,1,19,1,63,0
0,-6,18,1,63,0
7,0,28,1,63,0
2,5,48,1,63,0
4,7,51,1,63,0
-4,5,8,1,63,0
8,2,9,1,63,0
-2,-4,14,1,63,0
7,1,21,1,63,0
8,-1,33,1,63,0
6,0,34,1,63,0
3,7,36,1,63,0
3,-6,37,1,63,0
1,5,41,1,63,0
5,-2,48,1,63,0
-4,6,14,1,63,0
7,2,15,1,63,0
-3,5,16,1,63,0
5,0,28,1,63,0
2,7,63,1,63,0
0,5,35,1,63,0
8,-2,43,1,63,0
5,-3,57,1,63,0
6,-6,57,1,63,0
2,-4,59,1,63,0
-2,-6,5,1,63,0
-4,7,24,1,63,0
7,3,14,1,63,0
-2,5,22,1,63,0
8,4,23,1,63,0
1,7,57,1,63,0
5,1,27,1,63,0
8,-3,47,1,63,0
5,-4,62,1,63,0
6,3,11,1,63,0
0,7,51,1,63,0
5,2,19,1,63,0
7,4,19,1,63,0
-4,8,23,1,63,0
8,5,24,1,63,0
-3,7,32,1,63,0
-1,-4,28,1,63,0
-1,5,29,1,63,0
2,-6,29,1,63,0
7,-1,36,1,63,0
8,-4,62,1,63,0
5,3,11,1,64,0
7,5,29,1,64,0
-2,7,38,1,64,0
7,-2,37,1,64,0
-1,-5,36,1,64,0
8,6,39,1,64,0
5,-6,63,1,64,0
-1,7,45,1,64,0
-1,-6,12,1,64,0
6,5,29,1,64,0
7,6,33,1,64,0
7,-3,49,1,64,0
1,-5,52,1,64,0
8,7,63,1,64,0
8,-6,63,1,64,0
-1,8,4,1,64,0
4,4,16,1,64,0
1,-6,24,1,64,0
6,6,37,1,64,0
6,-1,41,1,64,0
7,7,52,1,64,0
8,8,57,1,64,0
7,-4,63,1,64,0
5,5,63,1,64,0
-3,-4,8,1,64,0
4,5,19,1,64,0
4,-6,43,1,64,0
6,-2,46,1,64,0
7,8,56,1,64,0
6,7,57,1,64,0
7,-5,59,1,64,0
5,6,61,1,64,0
3,4,63,1,64,0
2,4,4,1,64,0
0,-5,44,1,64,0
6,8,53,1,64,0
3,5,59,1,64,0
4,6,59,1,64,0
7,-6,59,1,64,0
5,7,63,1,64,0
3,-4,63,1,64,0
-5,5,3,1,64,0
9,2,3,1,64,0
8,1,19,1,64,0
0,-6,18,1,64,0
7,0,28,1,64,0
2,5,48,1,64,0
4,7,51,1,64,0
-4,5,8,1,64,0
8,2,9,1,64,0
-2,-4,14,1,64,0
7,1,21,1,64,0
8,-1,33,1,64,0
6,0,34,1,64,0
3,7,64,1,64,0
3,-6,37,1,64,0
1,5,41,1,64,0
5,-2,48,1,64,0
-4,6,14,1,64,0
7,2,15,1,64,0
-3,5,16,1,64,0
5,0,28,1,64,0
2,7,63,1,64,0
0,5,35,1,64,0
8,-2,43,1,64,0
5,-3,57,1,64,0
6,-6,57,1,64,0
2,-4,59,1,64,0
-2,-6,5,1,64,0
-4,7,24,1,64,0
7,3,14,1,64,0
-2,5,22,1,64,0
8,4,23,1,64,0
1,7,57,1,64,0
5,1,27,1,64,0
8,-3,47,1,64,0
5,-4,63,1,64,0
6,3,11,1,64,0
0,7,51,1,64,0
5,2,19,1,64,0
7,4,19,1,64,0
-4,8,23,1,64,0
8,5,24,1,64,0
-3,7,32,1,64,0
-1,-4,28,1,64,0
-1,5,29,1,64,0
2,-6,29,1,64,0
7,-1,36,1,64,0
8,-4,62,1,64,0
5,3,11,1,65,0
7,5,29,1,65,0
-2,7,38,1,65,0
7,-2,37,1,65,0
-1,-5,36,1,65,0
8,6,39,1,65,0
5,-6,63,1,65,0
-1,7,45,1,65,0
-1,-6,12,1,65,0
6,5,29,1,65,0
7,6,33,1,65,0
7,-3,49,1,65,0
1,-5,52,1,65,0
8,-6,63,1,65,0
8,7,64,1,65,0
-1,8,4,1,65,0
4,4,16,1,65,0
1,-6,24,1,65,0
6,6,37,1,65,0
6,-1,41,1,65,0
7,7,52,1,65,0
8,8,57,1,65,0
7,-4,64,1,65,0
5,5,64,1,65,0
8,-7,64,1,65,0
-3,-4,8,1,65,0
4,5,19,1,65,0
6,-2,46,1,65,0
7,8,56,1,65,0
6,7,57,1,65,0
7,-5,59,1,65,0
5,6,61,1,65,0
3,4,64,1,65,0
4,-6,64,1,65,0
2,4,4,1,65,0
0,-5,44,1,65,0
6,8,53,1,65,0
3,5,59,1,65,0
4,6,59,1,65,0
7,-6,59,1,65,0
3,-4,63,1,65,0
5,7,64,1,65,0
-5,5,3,1,65,0
9,2,3,1,65,0
8,1,19,1,65,0
0,-6,18,1,65,0
7,0,28,1,65,0
2,5,48,1,65,0
4,7,51,1,65,0
6,-4,64,1,65,0
-4,5,8,1,65,0
8,2,9,1,65,0
-2,-4,14,1,65,0
7,1,21,1,65,0
8,-1,33,1,65,0
6,0,34,1,65,0
3,7,65,1,65,0
3,-6,37,1,65,0
1,5,41,1,65,0
5,-2,48,1,65,0
-4,6,14,1,65,0
7,2,15,1,65,0
-3,5,16,1,65,0
5,0,28,1,65,0
2,7,63,1,65,0
0,5,35,1,65,0
8,-2,43,1,65,0
5,-3,57,1,65,0
6,-6,57,1,65,0
2,-4,59,1,65,0
-2,-6,5,1,65,0
-4,7,24,1,65,0
7,3,14,1,65,0
-2,5,22,1,65,0
8,4,23,1,65,0
1,7,57,1,65,0
5,1,27,1,65,0
8,-3,47,1,65,0
5,-4,63,1,65,0
6,3,11,1,65,0
0,7,51,1,65,0
5,2,19,1,65,0
7,4,19,1,65,0
-4,8,23,1,65,0
8,5,24,1,65,0
-3,7,32,1,65,0
-1,-4,28,1,65,0
-1,5,29,1,65,0
2,-6,29,1,65,0
7,-1,36,1,65,0
8,-4,62,1,65,0
5,3,11,1,66,0
7,5,29,1,66,0
-2,7,38,1,66,0
7,-2,37,1,66,0
-1,-5,36,1,66,0
5,-6,63,1,66,0
8,6,65,1,66,0
-1,7,45,1,66,0
-1,-6,12,1,66,0
6,5,29,1,66,0
7,6,33,1,66,0
7,-3,49,1,66,0
1,-5,52,1,66,0
8,-6,63,1,66,0
8,7,64,1,66,0
-1,8,4,1,66,0
4,4,16,1,66,0
1,-6,24,1,66,0
6,6,37,1,66,0
6,-1,41,1,66,0
7,7,52,1,66,0
8,8,57,1,66,0
7,-4,64,1,66,0
8,-7,64,1,66,0
5,5,65,1,66,0
-3,-4,8,1,66,0
4,5,19,1,66,0
6,-2,46,1,66,0
7,8,56,1,66,0
6,7,57,1,66,0
5,6,61,1,66,0
7,-5,65,1,66,0
3,4,65,1,66,0
4,-6,65,1,66,0
2,4,4,1,66,0
0,-5,44,1,66,0
6,8,53,1,66,0
3,5,59,1,66,0
4,6,59,1,66,0
7,-6,59,1,66,0
5,7,64,1,66,0
3,-4,65,1,66,0
-5,5,3,1,66,0
9,2,3,1,66,0
8,1,19,1,66,0
0,-6,18,1,66,0
7,0,28,1,66,0
2,5,48,1,66,0
4,7,51,1,66,0
6,-4,64,1,66,0
5,8,65,1,66,0
7,-7,65,1,66,0
-4,5,8,1,66,0
8,2,9,1,66,0
-2,-4,14,1,66,0
7,1,21,1,66,0
8,-1,33,1,66,0
6,0,34,1,66,0
3,7,66,1,66,0
3,-6,37,1,66,0
1,5,41,1,66,0
5,-2,48,1,66,0
6,-5,65,1,66,0
-4,6,14,1,66,0
7,2,15,1,66,0
-3,5,16,1,66,0
5,0,28,1,66,0
2,7,63,1,66,0
0,5,35,1,66,0
8,-2,43,1,66,0
5,-3,57,1,66,0
6,-6,57,1,66,0
2,-4,59,1,66,0
-2,-6,5,1,66,0
-4,7,24,1,66,0
7,3,14,1,66,0
-2,5,22,1,66,0
8,4,23,1,66,0
1,7,57,1,66,0
5,1,27,1,66,0
8,-3,47,1,66,0
5,-4,63,1,66,0
6,3,11,1,66,0
0,7,51,1,66,0
5,2,19,1,66,0
7,4,19,1,66,0
-4,8,23,1,66,0
8,5,24,1,66,0
-3,7,32,1,66,0
-1,-4,28,1,66,0
-1,5,29,1,66,0
2,-6,29,1,66,0
7,-1,36,1,66,0
8,-4,62,1,66,0
5,3,11,1,67,0
7,5,29,1,67,0
-2,7,38,1,67,0
7,-2,37,1,67,0
-1,-5,36,1,67,0
5,-6,63,1,67,0
8,6,65,1,67,0
-1,7,45,1,67,0
-1,-6,12,1,67,0
6,5,29,1,67,0
7,-3,49,1,67,0
1,-5,52,1,67,0
8,-6,63,1,67,0
8,7,64,1,67,0
7,6,66,1,67,0
-1,8,4,1,67,0
4,4,16,1,67,0
1,-6,24,1,67,0
6,6,37,1,67,0
6,-1,41,1,67,0
7,7,52,1,67,0
8,8,57,1,67,0
7,-4,64,1,67,0
8,-7,64,1,67,0
5,5,66,1,67,0
-3,-4,8,1,67,0
4,5,19,1,67,0
6,-2,46,1,67,0
7,8,56,1,67,0
6,7,57,1,67,0
5,6,61,1,67,0
4,-6,65,1,67,0
7,-5,66,1,67,0
3,4,66,1,67,0
2,4,4,1,67,0
0,-5,44,1,67,0
6,8,53,1,67,0
3,5,59,1,67,0
4,6,59,1,67,0
7,-6,59,1,67,0
5,7,64,1,67,0
3,-4,66,1,67,0
-5,5,3,1,67,0
9,2,3,1,67,0
8,1,19,1,67,0
0,-6,18,1,67,0
7,0,28,1,67,0
2,5,48,1,67,0
4,7,51,1,67,0
6,-4,64,1,67,0
5,8,66,1,67,0
7,-7,66,1,67,0
-4,5,8,1,67,0
8,2,9,1,67,0
-2,-4,14,1,67,0
7,1,21,1,67,0
8,-1,33,1,67,0
6,0,34,1,67,0
3,7,66,1,67,0
3,-6,37,1,67,0
1,5,41,1,67,0
5,-2,48,1,67,0
6,-5,66,1,67,0
-4,6,14,1,67,0
7,2,15,1,67,0
-3,5,16,1,67,0
5,0,28,1,67,0
2,7,67,1,67,0
0,5,35,1,67,0
8,-2,43,1,67,0
5,-3,57,1,67,0
6,-6,57,1,67,0
2,-4,59,1,67,0
-2,-6,5,1,67,0
-4,7,24,1,67,0
7,3,14,1,67,0
-2,5,22,1,67,0
8,4,23,1,67,0
1,7,57,1,67,0
5,1,27,1,67,0
8,-3,47,1,67,0
5,-4,63,1,67,0
6,3,11,1,67,0
0,7,51,1,67,0
5,2,19,1,67,0
7,4,19,1,67,0
-4,8,23,1,67,0
8,5,24,1,67,0
-3,7,32,1,67,0
-1,-4,28,1,67,0
-1,5,29,1,67,0
2,-6,29,1,67,0
7,-1,36,1,67,0
8,-4,62,1,67,0
5,3,11,1,68,0
7,5,29,1,68,0
-2,7,38,1,68,0
7,-2,37,1,68,0
-1,-5,36,1,68,0
5,-6,63,1,68,0
8,6,65,1,68,0
-1,7,45,1,68,0
-1,-6,12,1,68,0
6,5,29,1,68,0
7,-3,49,1,68,0
1,-5,52,1,68,0
8,-6,63,1,68,0
8,7,64,1,68,0
4,-4,67,1,68,0
7,6,67,1,68,0
-1,8,4,1,68,0
4,4,16,1,68,0
1,-6,24,1,68,0
6,6,37,1,68,0
6,-1,41,1,68,0
7,7,52,1,68,0
8,8,57,1,68,0
7,-4,64,1,68,0
8,-7,64,1,68,0
5,5,67,1,68,0
-3,-4,8,1,68,0
4,5,19,1,68,0
6,-2,46,1,68,0
7,8,56,1,68,0
6,7,57,1,68,0
5,6,61,1,68,0
7,-5,67,1,68,0
3,4,67,1,68,0
4,-6,67,1,68,0
2,4,4,1,68,0
0,-5,44,1,68,0
6,8,53,1,68,0
3,5,59,1,68,0
4,6,59,1,68,0
7,-6,59,1,68,0
5,7,64,1,68,0
3,-4,66,1,68,0
-5,5,3,1,68,0
9,2,3,1,68,0
8,1,19,1,68,0
0,-6,18,1,68,0
7,0,28,1,68,0
2,5,48,1,68,0
4,7,51,1,68,0
6,-4,64,1,68,0
5,8,67,1,68,0
7,-7,67,1,68,0
-4,5,8,1,68,0
8,2,9,1,68,0
-2,-4,14,1,68,0
7,1,21,1,68,0
8,-1,33,1,68,0
6,0,34,1,68,0
3,7,66,1,68,0
3,-6,37,1,68,0
1,5,41,1,68,0
5,-2,48,1,68,0
6,-5,67,1,68,0
-4,6,14,1,68,0
7,2,15,1,68,0
-3,5,16,1,68,0
5,0,28,1,68,0
2,7,68,1,68,0
0,5,35,1,68,0
8,-2,43,1,68,0
5,-3,57,1,68,0
6,-6,57,1,68,0
2,-4,59,1,68,0
-2,-6,5,1,68,0
-4,7,24,1,68,0
7,3,14,1,68,0
-2,5,22,1,68,0
8,4,23,1,68,0
1,7,57,1,68,0
5,1,27,1,68,0
8,-3,47,1,68,0
5,-4,63,1,68,0
6,3,11,1,68,0
0,7,51,1,68,0
5,2,19,1,68,0
7,4,19,1,68,0
-4,8,23,1,68,0
8,5,24,1,68,0
-3,7,32,1,68,0
-1,-4,28,1,68,0
-1,5,29,1,68,0
2,-6,29,1,68,0
7,-1,36,1,68,0
8,-4,62,1,68,0
5,3,11,1,69,0
7,5,29,1,69,0
-2,7,38,1,69,0
7,-2,37,1,69,0
-1,-5,36,1,69,0
5,-6,63,1,69,0
8,6,65,1,69,0
-1,7,45,1,69,0
-1,-6,12,1,69,0
6,5,29,1,69,0
7,-3,49,1,69,0
1,-5,52,1,69,0
8,-6,63,1,69,0
8,7,64,1,69,0
4,-4,68,1,69,0
7,6,68,1,69,0
-1,8,4,1,69,0
4,4,16,1,69,0
1,-6,24,1,69,0
6,6,37,1,69,0
6,-1,41,1,69,0
7,7,52,1,69,0
8,8,57,1,69,0
7,-4,64,1,69,0
8,-7,64,1,69,0
3,3,68,1,69,0
5,5,68,1,69,0
-3,-4,8,1,69,0
4,5,19,1,69,0
6,-2,46,1,69,0
7,8,56,1,69,0
6,7,57,1,69,0
5,6,61,1,69,0
3,4,67,1,69,0
7,-5,68,1,69,0
4,-6,68,1,69,0
2,4,4,1,69,0
0,-5,44,1,69,0
6,8,53,1,69,0
3,5,59,1,69,0
4,6,59,1,69,0
7,-6,59,1,69,0
5,7,64,1,69,0
3,-4,66,1,69,0
-5,5,3,1,69,0
9,2,3,1,69,0
8,1,19,1,69,0
0,-6,18,1,69,0
7,0,28,1,69,0
2,5,48,1,69,0
4,7,51,1,69,0
6,-4,64,1,69,0
5,8,68,1,69,0
7,-7,68,1,69,0
-4,5,8,1,69,0
8,2,9,1,69,0
-2,-4,14,1,69,0
7,1,21,1,69,0
8,-1,33,1,69,0
6,0,34,1,69,0
3,7,66,1,69,0
3,-6,37,1,69,0
1,5,41,1,69,0
5,-2,48,1,69,0
6,-5,67,1,69,0
-4,6,14,1,69,0
7,2,15,1,69,0
-3,5,16,1,69,0
5,0,28,1,69,0
2,7,69,1,69,0
0,5,35,1,69,0
8,-2,43,1,69,0
5,-3,57,1,69,0
6,-6,57,1,69,0
2,-4,59,1,69,0
-2,-6,5,1,69,0
-4,7,24,1,69,0
7,3,14,1,69,0
-2,5,22,1,69,0
8,4,23,1,69,0
1,7,57,1,69,0
5,1,27,1,69,0
8,-3,47,1,69,0
5,-4,63,1,69,0
6,3,11,1,69,0
0,7,51,1,69,0
5,2,19,1,69,0
7,4,19,1,69,0
-4,8,23,1,69,0
8,5,24,1,69,0
-3,7,32,1,69,0
-1,-4,28,1,69,0
-1,5,29,1,69,0
2,-6,29,1,69,0
7,-1,36,1,69,0
8,-4,62,1,69,0
5,-5,68,1,69,0
5,3,11,1,70,0
7,5,29,1,70,0
-2,7,38,1,70,0
7,-2,37,1,70,0
-1,-5,36,1,70,0
5,-6,63,1,70,0
8,6,65,1,70,0
8,-5,69,1,70,0
-1,7,45,1,70,0
-1,-6,12,1,70,0
6,5,29,1,70,0
7,-3,49,1,70,0
1,-5,52,1,70,0
8,-6,63,1,70,0
8,7,64,1,70,0
4,-4,69,1,70,0
7,6,69,1,70,0
-1,8,4,1,70,0
4,4,16,1,70,0
1,-6,24,1,70,0
6,6,37,1,70,0
6,-1,41,1,70,0
7,7,52,1,70,0
8,8,57,1,70,0
7,-4,64,1,70,0
8,-7,64,1,70,0
3,3,69,1,70,0
5,5,69,1,70,0
-3,-4,8,1,70,0
4,5,19,1,70,0
6,-2,46,1,70,0
7,8,56,1,70,0
6,7,57,1,70,0
5,6,61,1,70,0
3,4,67,1,70,0
7,-5,68,1,70,0
4,-6,69,1,70,0
2,4,4,1,70,0
0,-5,44,1,70,0
6,8,53,1,70,0
3,5,59,1,70,0
4,6,59,1,70,0
7,-6,59,1,70,0
3,-4,66,1,70,0
5,7,69,1,70,0
-5,5,3,1,70,0
9,2,3,1,70,0
8,1,19,1,70,0
0,-6,18,1,70,0
7,0,28,1,70,0
2,5,48,1,70,0
4,7,51,1,70,0
6,-4,64,1,70,0
5,8,68,1,70,0
7,-7,69,1,70,0
-4,5,8,1,70,0
8,2,9,1,70,0
-2,-4,14,1,70,0
7,1,21,1,70,0
8,-1,33,1,70,0
6,0,34,1,70,0
3,7,66,1,70,0
3,-6,37,1,70,0
1,5,41,1,70,0
5,-2,48,1,70,0
6,-5,67,1,70,0
-4,6,14,1,70,0
7,2,15,1,70,0
-3,5,16,1,70,0
5,0,28,1,70,0
2,7,69,1,70,0
0,5,35,1,70,0
8,-2,43,1,70,0
5,-3,57,1,70,0
6,-6,57,1,70,0
2,-4,59,1,70,0
-2,-6,5,1,70,0
-4,7,24,1,70,0
7,3,14,1,70,0
-2,5,22,1,70,0
8,4,23,1,70,0
1,7,57,1,70,0
5,1,27,1,70,0
8,-3,47,1,70,0
5,-4,63,1,70,0
6,3,11,1,70,0
0,7,51,1,70,0
5,2,19,1,70,0
7,4,19,1,70,0
-4,8,23,1,70,0
8,5,24,1,70,0
-3,7,32,1,70,0
-1,-4,28,1,70,0
-1,5,29,1,70,0
2,-6,29,1,70,0
7,-1,36,1,70,0
8,-4,62,1,70,0
5,-5,68,1,70,0
5,3,11,1,71,0
7,5,29,1,71,0
-2,7,38,1,71,0
7,-2,37,1,71,0
-1,-5,36,1,71,0
5,-6,63,1,71,0
8,6,65,1,71,0
8,-5,69,1,71,0
-1,7,45,1,71,0
-1,-6,12,1,71,0
6,5,29,1,71,0
7,-3,49,1,71,0
1,-5,52,1,71,0
8,-6,63,1,71,0
8,7,64,1,71,0
4,-4,69,1,71,0
7,6,69,1,71,0
-1,8,4,1,71,0
4,4,16,1,71,0
1,-6,24,1,71,0
6,6,37,1,71,0
6,-1,41,1,71,0
7,7,52,1,71,0
8,8,57,1,71,0
7,-4,64,1,71,0
8,-7,64,1,71,0
3,3,69,1,71,0
5,5,69,1,71,0
-3,-4,8,1,71,0
4,5,19,1,71,0
6,-2,46,1,71,0
7,8,56,1,71,0
6,7,57,1,71,0
5,6,61,1,71,0
3,4,67,1,71,0
7,-5,68,1,71,0
4,-6,69,1,71,0
2,4,4,1,71,0
0,-5,44,1,71,0
6,8,53,1,71,0
3,5,59,1,71,0
4,6,59,1,71,0
7,-6,59,1,71,0
3,-4,66,1,71,0
5,7,69,1,71,0
-5,5,3,1,71,0
9,2,3,1,71,0
8,1,19,1,71,0
0,-6,18,1,71,0
7,0,28,1,71,0
2,5,48,1,71,0
4,7,51,1,71,0
6,-4,64,1,71,0
5,8,68,1,71,0
7,-7,69,1,71,0
-4,5,8,1,71,0
8,2,9,1,71,0
-2,-4,14,1,71,0
7,1,21,1,71,0
8,-1,33,1,71,0
6,0,34,1,71,0
3,7,66,1,71,0
3,-6,37,1,71,0
1,5,41,1,71,0
5,-2,48,1,71,0
6,-5,67,1,71,0
-4,6,14,1,71,0
7,2,15,1,71,0
-3,5,16,1,71,0
5,0,28,1,71,0
2,7,71,1,71,0
0,5,35,1,71,0
8,-2,43,1,71,0
5,-3,57,1,71,0
6,-6,57,1,71,0
2,-4,59,1,71,0
-2,-6,5,1,71,0
-4,7,24,1,71,0
7,3,14,1,71,0
-2,5,22,1,71,0
8,4,23,1,71,0
1,7,57,1,71,0
5,1,27,1,71,0
8,-3,47,1,71,0
5,-4,63,1,71,0
6,3,11,1,71,0
0,7,51,1,71,0
5,2,19,1,71,0
7,4,19,1,71,0
-4,8,23,1,71,0
8,5,24,1,71,0
-3,7,32,1,71,0
-1,-4,28,1,71,0
-1,5,29,1,71,0
2,-6,29,1,71,0
7,-1,36,1,71,0
8,-4,62,1,71,0
5,-5,69,1,71,0
5,3,11,1,72,0
-2,7,38,1,72,0
7,-2,37,1,72,0
-1,-5,36,1,72,0
5,-6,63,1,72,0
8,6,65,1,72,0
8,-5,71,1,72,0
7,5,71,1,72,0
-1,7,45,1,72,0
-1,-6,12,1,72,0
6,5,29,1,72,0
7,-3,49,1,72,0
1,-5,52,1,72,0
8,-6,63,1,72,0
8,7,64,1,72,0
4,-4,69,1,72,0
7,6,69,1,72,0
5,4,71,1,72,0
-1,8,4,1,72,0
4,4,16,1,72,0
1,-6,24,1,72,0
6,6,37,1,72,0
6,-1,41,1,72,0
7,7,52,1,72,0
8,8,57,1,72,0
7,-4,64,1,72,0
8,-7,64,1,72,0
5,5,69,1,72,0
3,3,71,1,72,0
-3,-4,8,1,72,0
4,5,19,1,72,0
6,-2,46,1,72,0
7,8,56,1,72,0
6,7,57,1,72,0
5,6,61,1,72,0
3,4,67,1,72,0
7,-5,68,1,72,0
4,-6,69,1,72,0
2,4,4,1,72,0
0,-5,44,1,72,0
6,8,53,1,72,0
3,5,59,1,72,0
4,6,59,1,72,0
7,-6,59,1,72,0
5,7,71,1,72,0
3,-4,71,1,72,0
-5,5,3,1,72,0
9,2,3,1,72,0
8,1,19,1,72,0
0,-6,18,1,72,0
7,0,28,1,72,0
2,5,48,1,72,0
4,7,51,1,72,0
6,-4,64,1,72,0
5,8,68,1,72,0
7,-7,69,1,72,0
-4,5,8,1,72,0
8,2,9,1,72,0
-2,-4,14,1,72,0
7,1,21,1,72,0
8,-1,33,1,72,0
6,0,34,1,72,0
3,7,66,1,72,0
1,5,41,1,72,0
5,-2,48,1,72,0
6,-5,67,1,72,0
3,-6,71,1,72,0
7,-8,71,1,72,0
-4,6,14,1,72,0
7,2,15,1,72,0
-3,5,16,1,72,0
5,0,28,1,72,0
2,7,72,1,72,0
0,5,35,1,72,0
8,-2,43,1,72,0
5,-3,57,1,72,0
6,-6,57,1,72,0
2,-4,59,1,72,0
-2,-6,5,1,72,0
-4,7,24,1,72,0
7,3,14,1,72,0
-2,5,22,1,72,0
8,4,23,1,72,0
1,7,57,1,72,0
5,1,27,1,72,0
8,-3,47,1,72,0
5,-4,63,1,72,0
6,3,11,1,72,0
0,7,51,1,72,0
5,2,19,1,72,0
7,4,19,1,72,0
-4,8,23,1,72,0
8,5,24,1,72,0
-3,7,32,1,72,0
-1,-4,28,1,72,0
-1,5,29,1,72,0
2,-6,29,1,72,0
7,-1,36,1,72,0
8,-4,62,1,72,0
5,-5,71,1,72,0
5,3,11,1,73,0
-2,7,38,1,73,0
7,-2,37,1,73,0
-1,-5,36,1,73,0
5,-6,63,1,73,0
8,6,65,1,73,0
8,-5,72,1,73,0
7,5,72,1,73,0
-1,7,45,1,73,0
-1,-6,12,1,73,0
6,5,29,1,73,0
7,-3,49,1,73,0
1,-5,52,1,73,0
8,-6,63,1,73,0
8,7,64,1,73,0
4,-4,69,1,73,0
7,6,69,1,73,0
5,4,72,1,73,0
-1,8,4,1,73,0
4,4,16,1,73,0
1,-6,24,1,73,0
6,6,37,1,73,0
6,-1,41,1,73,0
7,7,52,1,73,0
8,8,57,1,73,0
7,-4,64,1,73,0
8,-7,64,1,73,0
5,5,69,1,73,0
3,3,72,1,73,0
-3,-4,8,1,73,0
4,5,19,1,73,0
6,-2,46,1,73,0
7,8,56,1,73,0
6,7,57,1,73,0
5,6,61,1,73,0
3,4,67,1,73,0
7,-5,68,1,73,0
4,-6,69,1,73,0
2,4,4,1,73,0
0,-5,44,1,73,0
6,8,53,1,73,0
3,5,59,1,73,0
4,6,59,1,73,0
7,-6,59,1,73,0
5,7,72,1,73,0
3,-4,72,1,73,0
-5,5,3,1,73,0
9,2,3,1,73,0
8,1,19,1,73,0
0,-6,18,1,73,0
7,0,28,1,73,0
2,5,48,1,73,0
4,7,51,1,73,0
6,-4,64,1,73,0
5,8,68,1,73,0
7,-7,69,1,73,0
-4,5,8,1,73,0
8,2,9,1,73,0
-2,-4,14,1,73,0
7,1,21,1,73,0
8,-1,33,1,73,0
6,0,34,1,73,0
3,7,66,1,73,0
1,5,41,1,73,0
5,-2,48,1,73,0
6,-5,67,1,73,0
3,-6,72,1,73,0
7,-8,72,1,73,0
-4,6,14,1,73,0
7,2,15,1,73,0
-3,5,16,1,73,0
5,0,28,1,73,0
2,7,73,1,73,0
0,5,35,1,73,0
8,-2,43,1,73,0
5,-3,57,1,73,0
6,-6,57,1,73,0
2,-4,59,1,73,0
-2,-6,5,1,73,0
-4,7,24,1,73,0
7,3,14,1,73,0
-2,5,22,1,73,0
8,4,23,1,73,0
1,7,57,1,73,0
5,1,27,1,73,0
8,-3,47,1,73,0
5,-4,63,1,73,0
6,3,11,1,73,0
0,7,51,1,73,0
5,2,19,1,73,0
7,4,19,1,73,0
-4,8,23,1,73,0
8,5,24,1,73,0
-3,7,32,1,73,0
-1,-4,28,1,73,0
-1,5,29,1,73,0
2,-6,29,1,73,0
7,-1,36,1,73,0
8,-4,62,1,73,0
5,-5,72,1,73,0
5,3,11,1,74,0
-2,7,38,1,74,0
7,-2,37,1,74,0
-1,-5,36,1,74,0
5,-6,63,1,74,0
8,6,65,1,74,0
7,5,72,1,74,0
8,-5,73,1,74,0
-1,7,45,1,74,0
-1,-6,12,1,74,0
6,5,29,1,74,0
7,-3,49,1,74,0
1,-5,52,1,74,0
8,-6,63,1,74,0
8,7,64,1,74,0
4,-4,69,1,74,0
7,6,69,1,74,0
5,4,73,1,74,0
-1,8,4,1,74,0
4,4,16,1,74,0
1,-6,24,1,74,0
6,6,37,1,74,0
6,-1,41,1,74,0
7,7,52,1,74,0
8,8,57,1,74,0
7,-4,64,1,74,0
8,-7,64,1,74,0
5,5,69,1,74,0
3,3,73,1,74,0
-3,-4,8,1,74,0
4,5,19,1,74,0
6,-2,46,1,74,0
7,8,56,1,74,0
6,7,57,1,74,0
5,6,61,1,74,0
3,4,67,1,74,0
7,-5,68,1,74,0
4,-6,69,1,74,0
2,4,4,1,74,0
0,-5,44,1,74,0
6,8,53,1,74,0
3,5,59,1,74,0
4,6,59,1,74,0
7,-6,59,1,74,0
5,7,73,1,74,0
3,-4,73,1,74,0
-5,5,3,1,74,0
9,2,3,1,74,0
8,1,19,1,74,0
0,-6,18,1,74,0
7,0,28,1,74,0
2,5,48,1,74,0
4,7,51,1,74,0
6,-4,64,1,74,0
5,8,68,1,74,0
7,-7,69,1,74,0
-4,5,8,1,74,0
8,2,9,1,74,0
-2,-4,14,1,74,0
7,1,21,1,74,0
8,-1,33,1,74,0
6,0,34,1,74,0
3,7,66,1,74,0
1,5,41,1,74,0
5,-2,48,1,74,0
6,-5,67,1,74,0
7,-8,72,1,74,0
3,-6,73,1,74,0
-4,6,14,1,74,0
7,2,15,1,74,0
-3,5,16,1,74,0
5,0,28,1,74,0
2,7,74,1,74,0
0,5,35,1,74,0
8,-2,43,1,74,0
5,-3,57,1,74,0
6,-6,57,1,74,0
2,-4,59,1,74,0
-2,-6,5,1,74,0
-4,7,24,1,74,0
7,3,14,1,74,0
-2,5,22,1,74,0
8,4,23,1,74,0
1,7,57,1,74,0
5,1,27,1,74,0
8,-3,47,1,74,0
5,-4,63,1,74,0
6,3,11,1,74,0
0,7,51,1,74,0
5,2,19,1,74,0
7,4,19,1,74,0
-4,8,23,1,74,0
-3,7,32,1,74,0
-1,-4,28,1,74,0
-1,5,29,1,74,0
2,-6,29,1,74,0
7,-1,36,1,74,0
8,-4,62,1,74,0
5,-5,73,1,74,0
8,5,73,1,74,0
5,3,11,1,75,0
-2,7,38,1,75,0
7,-2,37,1,75,0
-1,-5,36,1,75,0
5,-6,63,1,75,0
8,6,65,1,75,0
7,5,72,1,75,0
8,-5,74,1,75,0
6,4,74,1,75,0
-1,7,45,1,75,0
-1,-6,12,1,75,0
6,5,29,1,75,0
7,-3,49,1,75,0
1,-5,52,1,75,0
8,-6,63,1,75,0
8,7,64,1,75,0
4,-4,69,1,75,0
7,6,69,1,75,0
5,4,73,1,75,0
-1,8,4,1,75,0
4,4,16,1,75,0
1,-6,24,1,75,0
6,6,37,1,75,0
6,-1,41,1,75,0
7,7,52,1,75,0
8,8,57,1,75,0
7,-4,64,1,75,0
8,-7,64,1,75,0
5,5,69,1,75,0
4,-5,74,1,75,0
3,3,74,1,75,0
-3,-4,8,1,75,0
4,5,19,1,75,0
6,-2,46,1,75,0
7,8,56,1,75,0
6,7,57,1,75,0
5,6,61,1,75,0
3,4,67,1,75,0
7,-5,68,1,75,0
4,-6,69,1,75,0
2,4,4,1,75,0
0,-5,44,1,75,0
6,8,53,1,75,0
3,5,59,1,75,0
4,6,59,1,75,0
7,-6,59,1,75,0
5,7,73,1,75,0
3,-4,74,1,75,0
-5,5,3,1,75,0
9,2,3,1,75,0
8,1,19,1,75,0
0,-6,18,1,75,0
7,0,28,1,75,0
2,5,48,1,75,0
4,7,51,1,75,0
6,-4,64,1,75,0
7,-7,69,1,75,0
5,8,74,1,75,0
-4,5,8,1,75,0
8,2,9,1,75,0
-2,-4,14,1,75,0
7,1,21,1,75,0
8,-1,33,1,75,0
6,0,34,1,75,0
3,7,66,1,75,0
1,5,41,1,75,0
5,-2,48,1,75,0
6,-5,67,1,75,0
3,-6,74,1,75,0
7,-8,74,1,75,0
-4,6,14,1,75,0
7,2,15,1,75,0
-3,5,16,1,75,0
5,0,28,1,75,0
2,7,75,1,75,0
0,5,35,1,75,0
8,-2,43,1,75,0
5,-3,57,1,75,0
6,-6,57,1,75,0
2,-4,59,1,75,0
-2,-6,5,1,75,0
-4,7,24,1,75,0
7,3,14,1,75,0
-2,5,22,1,75,0
8,4,23,1,75,0
1,7,57,1,75,0
5,1,27,1,75,0
8,-3,47,1,75,0
5,-4,63,1,75,0
6,3,11,1,75,0
0,7,51,1,75,0
5,2,19,1,75,0
7,4,19,1,75,0
-4,8,23,1,75,0
-3,7,32,1,75,0
-1,-4,28,1,75,0
-1,5,29,1,75,0
2,-6,29,1,75,0
7,-1,36,1,75,0
8,-4,62,1,75,0
5,-5,73,1,75,0
8,5,74,1,75,0
5,3,11,1,76,0
-2,7,38,1,76,0
7,-2,37,1,76,0
-1,-5,36,1,76,0
5,-6,63,1,76,0
8,6,65,1,76,0
7,5,72,1,76,0
8,-5,75,1,76,0
6,4,75,1,76,0
-1,7,45,1,76,0
-1,-6,12,1,76,0
6,5,29,1,76,0
7,-3,49,1,76,0
1,-5,52,1,76,0
8,-6,63,1,76,0
8,7,64,1,76,0
4,-4,69,1,76,0
7,6,69,1,76,0
5,4,73,1,76,0
3,2,75,1,76,0
-1,8,4,1,76,0
4,4,16,1,76,0
1,-6,24,1,76,0
6,6,37,1,76,0
6,-1,41,1,76,0
7,7,52,1,76,0
8,8,57,1,76,0
7,-4,64,1,76,0
8,-7,64,1,76,0
5,5,69,1,76,0
3,3,74,1,76,0
4,-5,75,1,76,0
-3,-4,8,1,76,0
4,5,19,1,76,0
6,-2,46,1,76,0
7,8,56,1,76,0
6,7,57,1,76,0
5,6,61,1,76,0
3,4,67,1,76,0
7,-5,68,1,76,0
4,-6,69,1,76,0
2,4,4,1,76,0
0,-5,44,1,76,0
6,8,53,1,76,0
3,5,59,1,76,0
4,6,59,1,76,0
7,-6,59,1,76,0
5,7,73,1,76,0
3,-4,75,1,76,0
-5,5,3,1,76,0
9,2,3,1,76,0
8,1,19,1,76,0
0,-6,18,1,76,0
7,0,28,1,76,0
2,5,48,1,76,0
4,7,51,1,76,0
6,-4,64,1,76,0
7,-7,69,1,76,0
5,8,75,1,76,0
-4,5,8,1,76,0
8,2,9,1,76,0
-2,-4,14,1,76,0
7,1,21,1,76,0
8,-1,33,1,76,0
6,0,34,1,76,0
3,7,66,1,76,0
1,5,41,1,76,0
5,-2,48,1,76,0
6,-5,67,1,76,0
3,-6,75,1,76,0
7,-8,75,1,76,0
-4,6,14,1,76,0
7,2,15,1,76,0
-3,5,16,1,76,0
5,0,28,1,76,0
2,7,75,1,76,0
0,5,35,1,76,0
8,-2,43,1,76,0
5,-3,57,1,76,0
6,-6,57,1,76,0
2,-4,59,1,76,0
-2,-6,5,1,76,0
-4,7,24,1,76,0
7,3,14,1,76,0
-2,5,22,1,76,0
8,4,23,1,76,0
1,7,76,1,76,0
5,1,27,1,76,0
8,-3,47,1,76,0
5,-4,63,1,76,0
6,3,11,1,76,0
0,7,51,1,76,0
5,2,19,1,76,0
7,4,19,1,76,0
-4,8,23,1,76,0
-3,7,32,1,76,0
-1,-4,28,1,76,0
-1,5,29,1,76,0
2,-6,29,1,76,0
7,-1,36,1,76,0
8,-4,62,1,76,0
5,-5,73,1,76,0
8,5,75,1,76,0
5,3,11,1,77,0
-2,7,38,1,77,0
7,-2,37,1,77,0
-1,-5,36,1,77,0
5,-6,63,1,77,0
8,6,65,1,77,0
7,5,72,1,77,0
8,-5,75,1,77,0
4,2,76,1,77,0
6,4,76,1,77,0
-1,7,45,1,77,0
-1,-6,12,1,77,0
6,5,29,1,77,0
7,-3,49,1,77,0
1,-5,52,1,77,0
8,-6,63,1,77,0
8,7,64,1,77,0
4,-4,69,1,77,0
7,6,69,1,77,0
5,4,73,1,77,0
3,2,75,1,77,0
-1,8,4,1,77,0
4,4,16,1,77,0
1,-6,24,1,77,0
6,6,37,1,77,0
6,-1,41,1,77,0
7,7,52,1,77,0
8,8,57,1,77,0
7,-4,64,1,77,0
8,-7,64,1,77,0
5,5,69,1,77,0
3,3,74,1,77,0
4,-5,76,1,77,0
-3,-4,8,1,77,0
4,5,19,1,77,0
6,-2,46,1,77,0
7,8,56,1,77,0
6,7,57,1,77,0
5,6,61,1,77,0
3,4,67,1,77,0
7,-5,68,1,77,0
4,-6,69,1,77,0
2,4,4,1,77,0
0,-5,44,1,77,0
6,8,53,1,77,0
3,5,59,1,77,0
4,6,59,1,77,0
7,-6,59,1,77,0
5,7,73,1,77,0
3,-4,76,1,77,0
-5,5,3,1,77,0
9,2,3,1,77,0
8,1,19,1,77,0
0,-6,18,1,77,0
7,0,28,1,77,0
2,5,48,1,77,0
4,7,51,1,77,0
6,-4,64,1,77,0
5,8,76,1,77,0
7,-7,76,1,77,0
-4,5,8,1,77,0
8,2,9,1,77,0
-2,-4,14,1,77,0
7,1,21,1,77,0
8,-1,33,1,77,0
6,0,34,1,77,0
3,7,66,1,77,0
1,5,41,1,77,0
5,-2,48,1,77,0
6,-5,67,1,77,0
7,-8,75,1,77,0
3,-6,76,1,77,0
-4,6,14,1,77,0
7,2,15,1,77,0
-3,5,16,1,77,0
5,0,28,1,77,0
2,7,75,1,77,0
0,5,35,1,77,0
8,-2,43,1,77,0
5,-3,57,1,77,0
6,-6,57,1,77,0
2,-4,59,1,77,0
-2,-6,5,1,77,0
-4,7,24,1,77,0
7,3,14,1,77,0
-2,5,22,1,77,0
8,4,23,1,77,0
1,7,77,1,77,0
5,1,27,1,77,0
8,-3,47,1,77,0
5,-4,63,1,77,0
6,3,11,1,77,0
0,7,51,1,77,0
5,2,19,1,77,0
7,4,19,1,77,0
-4,8,23,1,77,0
-3,7,32,1,77,0
-1,-4,28,1,77,0
-1,5,29,1,77,0
2,-6,29,1,77,0
7,-1,36,1,77,0
8,-4,62,1,77,0
5,-5,73,1,77,0
8,5,76,1,77,0
5,3,11,1,78,0
-2,7,38,1,78,0
7,-2,37,1,78,0
-1,-5,36,1,78,0
5,-6,63,1,78,0
8,6,65,1,78,0
7,5,72,1,78,0
8,-5,75,1,78,0
6,4,76,1,78,0
4,2,77,1,78,0
-1,7,45,1,78,0
-1,-6,12,1,78,0
6,5,29,1,78,0
7,-3,49,1,78,0
1,-5,52,1,78,0
8,-6,63,1,78,0
8,7,64,1,78,0
4,-4,69,1,78,0
7,6,69,1,78,0
5,4,73,1,78,0
3,2,75,1,78,0
-1,8,4,1,78,0
4,4,16,1,78,0
1,-6,24,1,78,0
6,6,37,1,78,0
6,-1,41,1,78,0
7,7,52,1,78,0
8,8,57,1,78,0
7,-4,64,1,78,0
8,-7,64,1,78,0
5,5,69,1,78,0
3,3,74,1,78,0
4,-5,77,1,78,0
-3,-4,8,1,78,0
4,5,19,1,78,0
6,-2,46,1,78,0
7,8,56,1,78,0
6,7,57,1,78,0
5,6,61,1,78,0
3,4,67,1,78,0
4,-6,69,1,78,0
7,-5,77,1,78,0
2,4,4,1,78,0
0,-5,44,1,78,0
6,8,53,1,78,0
3,5,59,1,78,0
4,6,59,1,78,0
7,-6,59,1,78,0
5,7,73,1,78,0
3,-4,77,1,78,0
-5,5,3,1,78,0
9,2,3,1,78,0
8,1,19,1,78,0
0,-6,18,1,78,0
7,0,28,1,78,0
2,5,48,1,78,0
4,7,51,1,78,0
6,-4,64,1,78,0
5,8,77,1,78,0
7,-7,77,1,78,0
-4,5,8,1,78,0
8,2,9,1,78,0
-2,-4,14,1,78,0
7,1,21,1,78,0
8,-1,33,1,78,0
6,0,34,1,78,0
3,7,66,1,78,0
1,5,41,1,78,0
5,-2,48,1,78,0
6,-5,67,1,78,0
7,-8,75,1,78,0
3,-6,76,1,78,0
-4,6,14,1,78,0
7,2,15,1,78,0
-3,5,16,1,78,0
5,0,28,1,78,0
2,7,75,1,78,0
0,5,35,1,78,0
8,-2,43,1,78,0
5,-3,57,1,78,0
6,-6,57,1,78,0
2,-4,59,1,78,0
3,-7,77,1,78,0
-2,-6,5,1,78,0
-4,7,24,1,78,0
7,3,14,1,78,0
-2,5,22,1,78,0
8,4,23,1,78,0
1,7,78,1,78,0
5,1,27,1,78,0
8,-3,47,1,78,0
5,-4,63,1,78,0
0,7,51,1,78,0
5,2,19,1,78,0
7,4,19,1,78,0
-4,8,23,1,78,0
-3,7,32,1,78,0
-1,-4,28,1,78,0
-1,5,29,1,78,0
2,-6,29,1,78,0
7,-1,36,1,78,0
8,-4,62,1,78,0
5,-5,73,1,78,0
8,5,77,1,78,0
6,3,77,1,78,0
5,3,11,1,79,0
-2,7,38,1,79,0
7,-2,37,1,79,0
-1,-5,36,1,79,0
5,-6,63,1,79,0
8,6,65,1,79,0
7,5,72,1,79,0
8,-5,75,1,79,0
6,4,76,1,79,0
4,2,78,1,79,0
-1,7,45,1,79,0
-1,-6,12,1,79,0
6,5,29,1,79,0
7,-3,49,1,79,0
1,-5,52,1,79,0
8,-6,63,1,79,0
8,7,64,1,79,0
4,-4,69,1,79,0
7,6,69,1,79,0
5,4,73,1,79,0
3,2,75,1,79,0
-1,8,4,1,79,0
4,4,16,1,79,0
1,-6,24,1,79,0
6,6,37,1,79,0
6,-1,41,1,79,0
7,7,52,1,79,0
8,8,57,1,79,0
7,-4,64,1,79,0
8,-7,64,1,79,0
5,5,69,1,79,0
3,3,74,1,79,0
4,-5,78,1,79,0
-3,-4,8,1,79,0
4,5,19,1,79,0
6,-2,46,1,79,0
7,8,56,1,79,0
6,7,57,1,79,0
5,6,61,1,79,0
3,4,67,1,79,0
4,-6,69,1,79,0
7,-5,78,1,79,0
2,4,4,1,79,0
0,-5,44,1,79,0
6,8,53,1,79,0
3,5,59,1,79,0
4,6,59,1,79,0
7,-6,59,1,79,0
5,7,78,1,79,0
3,-4,78,1,79,0
-5,5,3,1,79,0
9,2,3,1,79,0
8,1,19,1,79,0
0,-6,18,1,79,0
7,0,28,1,79,0
2,5,48,1,79,0
4,7,51,1,79,0
6,-4,64,1,79,0
5,8,77,1,79,0
7,-7,78,1,79,0
-4,5,8,1,79,0
8,2,9,1,79,0
-2,-4,14,1,79,0
7,1,21,1,79,0
8,-1,33,1,79,0
6,0,34,1,79,0
3,7,66,1,79,0
1,5,41,1,79,0
5,-2,48,1,79,0
6,-5,67,1,79,0
7,-8,75,1,79,0
3,-6,76,1,79,0
-4,6,14,1,79,0
7,2,15,1,79,0
-3,5,16,1,79,0
5,0,28,1,79,0
2,7,75,1,79,0
0,5,35,1,79,0
8,-2,43,1,79,0
5,-3,57,1,79,0
6,-6,57,1,79,0
2,-4,59,1,79,0
3,-7,78,1,79,0
-2,-6,5,1,79,0
-4,7,24,1,79,0
7,3,14,1,79,0
-2,5,22,1,79,0
1,7,79,1,79,0
5,1,27,1,79,0
8,-3,47,1,79,0
5,-4,63,1,79,0
8,4,78,1,79,0
0,7,51,1,79,0
5,2,19,1,79,0
7,4,19,1,79,0
-4,8,23,1,79,0
-3,7,32,1,79,0
-1,-4,28,1,79,0
-1,5,29,1,79,0
2,-6,29,1,79,0
7,-1,36,1,79,0
8,-4,62,1,79,0
5,-5,73,1,79,0
8,5,77,1,79,0
6,3,78,1,79,0
5,3,11,1,80,0
-2,7,38,1,80,0
7,-2,37,1,80,0
-1,-5,36,1,80,0
5,-6,63,1,80,0
8,6,65,1,80,0
7,5,72,1,80,0
8,-5,75,1,80,0
6,4,76,1,80,0
4,2,79,1,80,0
-1,7,45,1,80,0
-1,-6,12,1,80,0
6,5,29,1,80,0
7,-3,49,1,80,0
1,-5,52,1,80,0
8,-6,63,1,80,0
8,7,64,1,80,0
4,-4,69,1,80,0
7,6,69,1,80,0
5,4,73,1,80,0
3,2,75,1,80,0
-1,8,4,1,80,0
4,4,16,1,80,0
1,-6,24,1,80,0
6,6,37,1,80,0
6,-1,41,1,80,0
7,7,52,1,80,0
8,8,57,1,80,0
7,-4,64,1,80,0
8,-7,64,1,80,0
5,5,69,1,80,0
3,3,74,1,80,0
4,-5,79,1,80,0
-3,-4,8,1,80,0
4,5,19,1,80,0
6,-2,46,1,80,0
7,8,56,1,80,0
6,7,57,1,80,0
5,6,61,1,80,0
3,4,67,1,80,0
4,-6,69,1,80,0
7,-5,79,1,80,0
2,4,4,1,80,0
0,-5,44,1,80,0
6,8,53,1,80,0
3,5,59,1,80,0
4,6,59,1,80,0
7,-6,59,1,80,0
5,7,79,1,80,0
3,-4,79,1,80,0
-5,5,3,1,80,0
9,2,3,1,80,0
8,1,19,1,80,0
0,-6,18,1,80,0
7,0,28,1,80,0
2,5,48,1,80,0
4,7,51,1,80,0
6,-4,64,1,80,0
5,8,77,1,80,0
7,-7,79,1,80,0
-4,5,8,1,80,0
8,2,9,1,80,0
-2,-4,14,1,80,0
7,1,21,1,80,0
8,-1,33,1,80,0
6,0,34,1,80,0
3,7,66,1,80,0
1,5,41,1,80,0
5,-2,48,1,80,0
6,-5,67,1,80,0
7,-8,75,1,80,0
3,-6,76,1,80,0
-4,6,14,1,80,0
7,2,15,1,80,0
-3,5,16,1,80,0
5,0,28,1,80,0
2,7,75,1,80,0
0,5,35,1,80,0
8,-2,43,1,80,0
5,-3,57,1,80,0
6,-6,57,1,80,0
2,-4,59,1,80,0
3,-7,79,1,80,0
-2,-6,5,1,80,0
-4,7,24,1,80,0
7,3,14,1,80,0
-2,5,22,1,80,0
1,7,79,1,80,0
5,1,27,1,80,0
8,-3,47,1,80,0
5,-4,63,1,80,0
8,4,79,1,80,0
0,7,51,1,80,0
5,2,19,1,80,0
7,4,19,1,80,0
-4,8,23,1,80,0
-3,7,32,1,80,0
-1,-4,28,1,80,0
-1,5,29,1,80,0
2,-6,29,1,80,0
7,-1,36,1,80,0
8,-4,62,1,80,0
5,-5,73,1,80,0
8,5,77,1,80,0
6,3,79,1,80,0
5,3,11,1,81,0
-2,7,38,1,81,0
7,-2,37,1,81,0
-1,-5,36,1,81,0
5,-6,63,1,81,0
8,6,65,1,81,0
7,5,72,1,81,0
8,-5,75,1,81,0
6,4,76,1,81,0
4,2,79,1,81,0
-1,7,45,1,81,0
-1,-6,12,1,81,0
6,5,29,1,81,0
7,-3,49,1,81,0
1,-5,52,1,81,0
8,-6,63,1,81,0
8,7,64,1,81,0
4,-4,69,1,81,0
7,6,69,1,81,0
5,4,73,1,81,0
3,2,75,1,81,0
-1,8,4,1,81,0
4,4,16,1,81,0
1,-6,24,1,81,0
6,6,37,1,81,0
6,-1,41,1,81,0
7,7,52,1,81,0
8,8,57,1,81,0
7,-4,64,1,81,0
8,-7,64,1,81,0
5,5,69,1,81,0
3,3,74,1,81,0
4,-5,79,1,81,0
-3,-4,8,1,81,0
4,5,19,1,81,0
6,-2,46,1,81,0
7,8,56,1,81,0
6,7,57,1,81,0
5,6,61,1,81,0
3,4,67,1,81,0
4,-6,69,1,81,0
7,-5,79,1,81,0
2,4,4,1,81,0
0,-5,44,1,81,0
6,8,53,1,81,0
3,5,59,1,81,0
4,6,59,1,81,0
7,-6,59,1,81,0
5,7,79,1,81,0
3,-4,79,1,81,0
-5,5,3,1,81,0
9,2,3,1,81,0
8,1,19,1,81,0
0,-6,18,1,81,0
7,0,28,1,81,0
2,5,48,1,81,0
4,7,51,1,81,0
6,-4,64,1,81,0
5,8,77,1,81,0
7,-7,79,1,81,0
-4,5,8,1,81,0
8,2,9,1,81,0
-2,-4,14,1,81,0
7,1,21,1,81,0
8,-1,33,1,81,0
6,0,34,1,81,0
3,7,66,1,81,0
1,5,41,1,81,0
5,-2,48,1,81,0
6,-5,67,1,81,0
7,-8,75,1,81,0
3,-6,76,1,81,0
-4,6,14,1,81,0
7,2,15,1,81,0
-3,5,16,1,81,0
5,0,28,1,81,0
2,7,75,1,81,0
0,5,35,1,81,0
8,-2,43,1,81,0
5,-3,57,1,81,0
6,-6,57,1,81,0
2,-4,59,1,81,0
3,-7,79,1,81,0
-2,-6,5,1,81,0
-4,7,24,1,81,0
7,3,14,1,81,0
-2,5,22,1,81,0
1,7,81,1,81,0
5,1,27,1,81,0
8,-3,47,1,81,0
5,-4,63,1,81,0
8,4,79,1,81,0
0,7,51,1,81,0
5,2,19,1,81,0
7,4,19,1,81,0
-4,8,23,1,81,0
-3,7,32,1,81,0
-1,-4,28,1,81,0
-1,5,29,1,81,0
2,-6,29,1,81,0
7,-1,36,1,81,0
8,-4,62,1,81,0
5,-5,73,1,81,0
8,5,77,1,81,0
6,3,79,1,81,0
5,3,11,1,82,0
-2,7,38,1,82,0
7,-2,37,1,82,0
-1,-5,36,1,82,0
5,-6,63,1,82,0
8,6,65,1,82,0
7,5,72,1,82,0
8,-5,75,1,82,0
6,4,76,1,82,0
4,2,81,1,82,0
-1,7,45,1,82,0
-1,-6,12,1,82,0
6,5,29,1,82,0
7,-3,49,1,82,0
1,-5,52,1,82,0
8,-6,63,1,82,0
8,7,64,1,82,0
4,-4,69,1,82,0
7,6,69,1,82,0
5,4,73,1,82,0
3,2,75,1,82,0
-1,8,4,1,82,0
4,4,16,1,82,0
1,-6,24,1,82,0
6,6,37,1,82,0
6,-1,41,1,82,0
7,7,52,1,82,0
8,8,57,1,82,0
7,-4,64,1,82,0
8,-7,64,1,82,0
5,5,69,1,82,0
3,3,74,1,82,0
4,-5,79,1,82,0
-3,-4,8,1,82,0
4,5,19,1,82,0
6,-2,46,1,82,0
7,8,56,1,82,0
6,7,57,1,82,0
5,6,61,1,82,0
3,4,67,1,82,0
4,-6,69,1,82,0
7,-5,81,1,82,0
3,-3,81,1,82,0
2,4,4,1,82,0
0,-5,44,1,82,0
6,8,53,1,82,0
3,5,59,1,82,0
4,6,59,1,82,0
7,-6,59,1,82,0
5,7,79,1,82,0
3,-4,79,1,82,0
-5,5,3,1,82,0
9,2,3,1,82,0
8,1,19,1,82,0
0,-6,18,1,82,0
7,0,28,1,82,0
2,5,48,1,82,0
4,7,51,1,82,0
6,-4,64,1,82,0
7,-7,79,1,82,0
3,-5,81,1,82,0
5,8,81,1,82,0
-4,5,8,1,82,0
8,2,9,1,82,0
-2,-4,14,1,82,0
7,1,21,1,82,0
8,-1,33,1,82,0
6,0,34,1,82,0
3,7,66,1,82,0
1,5,41,1,82,0
5,-2,48,1,82,0
6,-5,67,1,82,0
3,-6,76,1,82,0
7,-8,81,1,82,0
-4,6,14,1,82,0
7,2,15,1,82,0
-3,5,16,1,82,0
5,0,28,1,82,0
2,7,75,1,82,0
0,5,35,1,82,0
8,-2,43,1,82,0
5,-3,57,1,82,0
6,-6,57,1,82,0
2,-4,59,1,82,0
3,-7,81,1,82,0
-2,-6,5,1,82,0
-4,7,24,1,82,0
7,3,14,1,82,0
-2,5,22,1,82,0
1,7,81,1,82,0
5,1,27,1,82,0
8,-3,47,1,82,0
5,-4,63,1,82,0
8,4,79,1,82,0
0,7,82,1,82,0
5,2,19,1,82,0
-4,8,23,1,82,0
-3,7,32,1,82,0
-1,-4,28,1,82,0
-1,5,29,1,82,0
2,-6,29,1,82,0
7,-1,36,1,82,0
8,-4,62,1,82,0
5,-5,73,1,82,0
8,5,77,1,82,0
7,4,81,1,82,0
6,3,81,1,82,0
5,3,11,1,83,0
-2,7,38,1,83,0
7,-2,37,1,83,0
-1,-5,36,1,83,0
5,-6,63,1,83,0
8,6,65,1,83,0
7,5,72,1,83,0
8,-5,75,1,83,0
6,4,76,1,83,0
4,2,82,1,83,0
-1,7,45,1,83,0
-1,-6,12,1,83,0
6,5,29,1,83,0
7,-3,49,1,83,0
1,-5,52,1,83,0
8,-6,63,1,83,0
8,7,64,1,83,0
4,-4,69,1,83,0
7,6,69,1,83,0
5,4,73,1,83,0
3,2,75,1,83,0
-1,8,4,1,83,0
4,4,16,1,83,0
1,-6,24,1,83,0
6,6,37,1,83,0
6,-1,41,1,83,0
7,7,52,1,83,0
8,8,57,1,83,0
7,-4,64,1,83,0
8,-7,64,1,83,0
5,5,69,1,83,0
3,3,74,1,83,0
4,-5,79,1,83,0
-3,-4,8,1,83,0
4,5,19,1,83,0
6,-2,46,1,83,0
7,8,56,1,83,0
6,7,57,1,83,0
5,6,61,1,83,0
3,4,67,1,83,0
4,-6,69,1,83,0
3,-3,81,1,83,0
7,-5,82,1,83,0
2,4,4,1,83,0
0,-5,44,1,83,0
6,8,53,1,83,0
3,5,59,1,83,0
4,6,59,1,83,0
7,-6,59,1,83,0
5,7,79,1,83,0
3,-4,79,1,83,0
-5,5,3,1,83,0
9,2,3,1,83,0
8,1,19,1,83,0
0,-6,18,1,83,0
7,0,28,1,83,0
2,5,48,1,83,0
4,7,51,1,83,0
6,-4,64,1,83,0
7,-7,79,1,83,0
3,-5,82,1,83,0
5,8,82,1,83,0
-4,5,8,1,83,0
8,2,9,1,83,0
-2,-4,14,1,83,0
7,1,21,1,83,0
8,-1,33,1,83,0
6,0,34,1,83,0
3,7,66,1,83,0
1,5,41,1,83,0
5,-2,48,1,83,0
6,-5,67,1,83,0
3,-6,76,1,83,0
2,-3,82,1,83,0
7,-8,82,1,83,0
-4,6,14,1,83,0
7,2,15,1,83,0
-3,5,16,1,83,0
5,0,28,1,83,0
2,7,75,1,83,0
0,5,35,1,83,0
8,-2,43,1,83,0
5,-3,57,1,83,0
6,-6,57,1,83,0
2,-4,59,1,83,0
3,-7,82,1,83,0
-2,-6,5,1,83,0
-4,7,24,1,83,0
7,3,14,1,83,0
-2,5,22,1,83,0
1,7,81,1,83,0
5,1,27,1,83,0
8,-3,47,1,83,0
5,-4,63,1,83,0
8,4,79,1,83,0
0,7,83,1,83,0
5,2,19,1,83,0
-4,8,23,1,83,0
-3,7,32,1,83,0
-1,-4,28,1,83,0
-1,5,29,1,83,0
2,-6,29,1,83,0
7,-1,36,1,83,0
8,-4,62,1,83,0
5,-5,73,1,83,0
8,5,77,1,83,0
7,4,82,1,83,0
6,3,82,1,83,0
5,3,11,1,84,0
-2,7,38,1,84,0
7,-2,37,1,84,0
-1,-5,36,1,84,0
5,-6,63,1,84,0
8,6,65,1,84,0
7,5,72,1,84,0
8,-5,75,1,84,0
6,4,76,1,84,0
4,2,83,1,84,0
-1,7,45,1,84,0
-1,-6,12,1,84,0
6,5,29,1,84,0
7,-3,49,1,84,0
1,-5,52,1,84,0
8,-6,63,1,84,0
8,7,64,1,84,0
4,-4,69,1,84,0
7,6,69,1,84,0
5,4,73,1,84,0
3,2,75,1,84,0
-1,8,4,1,84,0
4,4,16,1,84,0
1,-6,24,1,84,0
6,6,37,1,84,0
6,-1,41,1,84,0
7,7,52,1,84,0
8,8,57,1,84,0
7,-4,64,1,84,0
8,-7,64,1,84,0
5,5,69,1,84,0
3,3,74,1,84,0
4,-5,79,1,84,0
-3,-4,8,1,84,0
4,5,19,1,84,0
6,-2,46,1,84,0
7,8,56,1,84,0
6,7,57,1,84,0
5,6,61,1,84,0
3,4,67,1,84,0
4,-6,69,1,84,0
3,-3,81,1,84,0
7,-5,82,1,84,0
2,4,4,1,84,0
0,-5,44,1,84,0
6,8,53,1,84,0
3,5,59,1,84,0
4,6,59,1,84,0
5,7,79,1,84,0
3,-4,79,1,84,0
7,-6,83,1,84,0
-5,5,3,1,84,0
9,2,3,1,84,0
8,1,19,1,84,0
0,-6,18,1,84,0
7,0,28,1,84,0
2,5,48,1,84,0
4,7,51,1,84,0
6,-4,64,1,84,0
7,-7,79,1,84,0
3,-5,83,1,84,0
5,8,83,1,84,0
-4,5,8,1,84,0
8,2,9,1,84,0
-2,-4,14,1,84,0
7,1,21,1,84,0
8,-1,33,1,84,0
6,0,34,1,84,0
3,7,66,1,84,0
1,5,41,1,84,0
5,-2,48,1,84,0
6,-5,67,1,84,0
3,-6,76,1,84,0
2,-3,83,1,84,0
7,-8,83,1,84,0
-4,6,14,1,84,0
7,2,15,1,84,0
-3,5,16,1,84,0
5,0,28,1,84,0
2,7,75,1,84,0
0,5,35,1,84,0
8,-2,43,1,84,0
5,-3,57,1,84,0
6,-6,57,1,84,0
2,-4,59,1,84,0
3,-7,83,1,84,0
-2,-6,5,1,84,0
-4,7,24,1,84,0
7,3,14,1,84,0
-2,5,22,1,84,0
1,7,81,1,84,0
5,1,27,1,84,0
8,-3,47,1,84,0
5,-4,63,1,84,0
8,4,79,1,84,0
0,7,84,1,84,0
5,2,19,1,84,0
-4,8,23,1,84,0
-3,7,32,1,84,0
-1,-4,28,1,84,0
-1,5,29,1,84,0
2,-6,29,1,84,0
7,-1,36,1,84,0
8,-4,62,1,84,0
5,-5,73,1,84,0
8,5,77,1,84,0
7,4,83,1,84,0
6,3,83,1,84,0
5,3,11,1,85,0
-2,7,38,1,85,0
7,-2,37,1,85,0
-1,-5,36,1,85,0
5,-6,63,1,85,0
8,6,65,1,85,0
7,5,72,1,85,0
8,-5,75,1,85,0
6,4,76,1,85,0
4,2,83,1,85,0
-1,7,45,1,85,0
-1,-6,12,1,85,0
6,5,29,1,85,0
7,-3,49,1,85,0
1,-5,52,1,85,0
8,-6,63,1,85,0
8,7,64,1,85,0
4,-4,69,1,85,0
7,6,69,1,85,0
5,4,73,1,85,0
3,2,75,1,85,0
-1,8,4,1,85,0
4,4,16,1,85,0
1,-6,24,1,85,0
6,6,37,1,85,0
6,-1,41,1,85,0
7,7,52,1,85,0
8,8,57,1,85,0
7,-4,64,1,85,0
8,-7,64,1,85,0
5,5,69,1,85,0
3,3,74,1,85,0
4,-5,79,1,85,0
-3,-4,8,1,85,0
4,5,19,1,85,0
6,-2,46,1,85,0
7,8,56,1,85,0
6,7,57,1,85,0
5,6,61,1,85,0
3,4,67,1,85,0
4,-6,69,1,85,0
3,-3,81,1,85,0
7,-5,82,1,85,0
2,4,4,1,85,0
0,-5,44,1,85,0
6,8,53,1,85,0
3,5,59,1,85,0
4,6,59,1,85,0
3,-4,79,1,85,0
7,-6,84,1,85,0
5,7,84,1,85,0
-5,5,3,1,85,0
9,2,3,1,85,0
8,1,19,1,85,0
0,-6,18,1,85,0
7,0,28,1,85,0
2,5,48,1,85,0
4,7,51,1,85,0
6,-4,64,1,85,0
7,-7,79,1,85,0
5,8,83,1,85,0
3,-5,84,1,85,0
-4,5,8,1,85,0
8,2,9,1,85,0
-2,-4,14,1,85,0
7,1,21,1,85,0
8,-1,33,1,85,0
6,0,34,1,85,0
3,7,66,1,85,0
1,5,41,1,85,0
5,-2,48,1,85,0
6,-5,67,1,85,0
3,-6,76,1,85,0
2,-3,84,1,85,0
7,-8,84,1,85,0
-4,6,14,1,85,0
7,2,15,1,85,0
-3,5,16,1,85,0
5,0,28,1,85,0
2,7,75,1,85,0
0,5,35,1,85,0
8,-2,43,1,85,0
5,-3,57,1,85,0
6,-6,57,1,85,0
2,-4,59,1,85,0
3,-7,83,1,85,0
8,3,84,1,85,0
-2,-6,5,1,85,0
-4,7,24,1,85,0
-2,5,22,1,85,0
1,7,81,1,85,0
5,1,27,1,85,0
8,-3,47,1,85,0
5,-4,63,1,85,0
8,4,79,1,85,0
3,-8,84,1,85,0
7,3,84,1,85,0
0,7,85,1,85,0
-4,8,23,1,85,0
-3,7,32,1,85,0
-1,-4,28,1,85,0
-1,5,29,1,85,0
2,-6,29,1,85,0
7,-1,36,1,85,0
8,-4,62,1,85,0
5,-5,73,1,85,0
8,5,77,1,85,0
7,4,83,1,85,0
6,3,83,1,85,0
5,2,84,1,85,0
5,3,11,1,86,0
-2,7,38,1,86,0
7,-2,37,1,86,0
-1,-5,36,1,86,0
5,-6,63,1,86,0
8,6,65,1,86,0
7,5,72,1,86,0
8,-5,75,1,86,0
6,4,76,1,86,0
4,2,83,1,86,0
-1,7,45,1,86,0
-1,-6,12,1,86,0
6,5,29,1,86,0
7,-3,49,1,86,0
1,-5,52,1,86,0
8,-6,63,1,86,0
8,7,64,1,86,0
4,-4,69,1,86,0
7,6,69,1,86,0
5,4,73,1,86,0
3,2,75,1,86,0
-1,8,4,1,86,0
4,4,16,1,86,0
1,-6,24,1,86,0
6,6,37,1,86,0
6,-1,41,1,86,0
7,7,52,1,86,0
8,8,57,1,86,0
7,-4,64,1,86,0
8,-7,64,1,86,0
5,5,69,1,86,0
3,3,74,1,86,0
4,-5,79,1,86,0
-3,-4,8,1,86,0
4,5,19,1,86,0
6,-2,46,1,86,0
7,8,56,1,86,0
6,7,57,1,86,0
5,6,61,1,86,0
3,4,67,1,86,0
4,-6,69,1,86,0
3,-3,81,1,86,0
7,-5,82,1,86,0
2,4,4,1,86,0
0,-5,44,1,86,0
6,8,53,1,86,0
3,5,59,1,86,0
4,6,59,1,86,0
3,-4,79,1,86,0
7,-6,85,1,86,0
5,7,85,1,86,0
-5,5,3,1,86,0
9,2,3,1,86,0
8,1,19,1,86,0
0,-6,18,1,86,0
7,0,28,1,86,0
2,5,48,1,86,0
4,7,51,1,86,0
6,-4,64,1,86,0
5,8,83,1,86,0
3,-5,85,1,86,0
7,-7,85,1,86,0
-4,5,8,1,86,0
8,2,9,1,86,0
-2,-4,14,1,86,0
7,1,21,1,86,0
8,-1,33,1,86,0
6,0,34,1,86,0
3,7,66,1,86,0
1,5,41,1,86,0
5,-2,48,1,86,0
6,-5,67,1,86,0
3,-6,76,1,86,0
7,-8,84,1,86,0
2,-3,85,1,86,0
-4,6,14,1,86,0
-3,5,16,1,86,0
5,0,28,1,86,0
2,7,75,1,86,0
0,5,35,1,86,0
8,-2,43,1,86,0
5,-3,57,1,86,0
6,-6,57,1,86,0
2,-4,59,1,86,0
3,-7,83,1,86,0
8,3,85,1,86,0
7,2,85,1,86,0
-2,-6,5,1,86,0
-4,7,24,1,86,0
-2,5,22,1,86,0
1,7,81,1,86,0
5,1,27,1,86,0
8,-3,47,1,86,0
5,-4,63,1,86,0
8,4,79,1,86,0
7,3,84,1,86,0
3,-8,85,1,86,0
0,7,86,1,86,0
-4,8,23,1,86,0
-3,7,32,1,86,0
-1,-4,28,1,86,0
-1,5,29,1,86,0
2,-6,29,1,86,0
7,-1,36,1,86,0
8,-4,62,1,86,0
5,-5,73,1,86,0
8,5,77,1,86,0
7,4,83,1,86,0
6,3,83,1,86,0
5,2,85,1,86,0
5,3,11,1,87,0
-2,7,38,1,87,0
7,-2,37,1,87,0
-1,-5,36,1,87,0
5,-6,63,1,87,0
8,6,65,1,87,0
7,5,72,1,87,0
8,-5,75,1,87,0
6,4,76,1,87,0
4,2,83,1,87,0
-1,7,45,1,87,0
-1,-6,12,1,87,0
6,5,29,1,87,0
7,-3,49,1,87,0
1,-5,52,1,87,0
8,-6,63,1,87,0
8,7,64,1,87,0
4,-4,69,1,87,0
7,6,69,1,87,0
5,4,73,1,87,0
3,2,75,1,87,0
-1,8,4,1,87,0
4,4,16,1,87,0
1,-6,24,1,87,0
6,6,37,1,87,0
6,-1,41,1,87,0
7,7,52,1,87,0
8,8,57,1,87,0
7,-4,64,1,87,0
8,-7,64,1,87,0
5,5,69,1,87,0
3,3,74,1,87,0
4,-5,79,1,87,0
-3,-4,8,1,87,0
4,5,19,1,87,0
6,-2,46,1,87,0
7,8,56,1,87,0
6,7,57,1,87,0
5,6,61,1,87,0
3,4,67,1,87,0
4,-6,69,1,87,0
3,-3,81,1,87,0
7,-5,82,1,87,0
2,4,4,1,87,0
0,-5,44,1,87,0
6,8,53,1,87,0
3,5,59,1,87,0
4,6,59,1,87,0
3,-4,79,1,87,0
7,-6,86,1,87,0
5,7,86,1,87,0
-5,5,3,1,87,0
9,2,3,1,87,0
8,1,19,1,87,0
0,-6,18,1,87,0
7,0,28,1,87,0
2,5,48,1,87,0
4,7,51,1,87,0
6,-4,64,1,87,0
5,8,83,1,87,0
3,-5,86,1,87,0
7,-7,86,1,87,0
-4,5,8,1,87,0
8,2,9,1,87,0
-2,-4,14,1,87,0
7,1,21,1,87,0
8,-1,33,1,87,0
6,0,34,1,87,0
3,7,66,1,87,0
1,5,41,1,87,0
5,-2,48,1,87,0
6,-5,67,1,87,0
3,-6,76,1,87,0
7,-8,84,1,87,0
2,-3,86,1,87,0
-4,6,14,1,87,0
-3,5,16,1,87,0
5,0,28,1,87,0
2,7,75,1,87,0
0,5,35,1,87,0
8,-2,43,1,87,0
5,-3,57,1,87,0
6,-6,57,1,87,0
2,-4,59,1,87,0
3,-7,83,1,87,0
8,3,86,1,87,0
7,2,86,1,87,0
-2,-6,5,1,87,0
-4,7,24,1,87,0
-2,5,22,1,87,0
1,7,81,1,87,0
5,1,27,1,87,0
8,-3,47,1,87,0
5,-4,63,1,87,0
8,4,79,1,87,0
7,3,84,1,87,0
3,-8,86,1,87,0
0,7,87,1,87,0
-4,8,23,1,87,0
-3,7,32,1,87,0
-1,-4,28,1,87,0
-1,5,29,1,87,0
2,-6,29,1,87,0
7,-1,36,1,87,0
8,-4,62,1,87,0
5,-5,73,1,87,0
8,5,77,1,87,0
7,4,83,1,87,0
6,3,83,1,87,0
5,2,86,1,87,0
5,3,11,1,88,0
-2,7,38,1,88,0
7,-2,37,1,88,0
-1,-5,36,1,88,0
5,-6,63,1,88,0
8,6,65,1,88,0
7,5,72,1,88,0
8,-5,75,1,88,0
6,4,76,1,88,0
4,2,83,1,88,0
-1,7,88,1,88,0
-1,-6,12,1,88,0
6,5,29,1,88,0
7,-3,49,1,88,0
1,-5,52,1,88,0
8,-6,63,1,88,0
8,7,64,1,88,0
4,-4,69,1,88,0
7,6,69,1,88,0
5,4,73,1,88,0
3,2,75,1,88,0
-1,8,4,1,88,0
4,4,16,1,88,0
1,-6,24,1,88,0
6,6,37,1,88,0
6,-1,41,1,88,0
7,7,52,1,88,0
8,8,57,1,88,0
7,-4,64,1,88,0
8,-7,64,1,88,0
5,5,69,1,88,0
3,3,74,1,88,0
4,-5,79,1,88,0
-3,-4,8,1,88,0
4,5,19,1,88,0
6,-2,46,1,88,0
7,8,56,1,88,0
6,7,57,1,88,0
5,6,61,1,88,0
3,4,67,1,88,0
4,-6,69,1,88,0
3,-3,81,1,88,0
7,-5,82,1,88,0
2,4,4,1,88,0
0,-5,44,1,88,0
6,8,53,1,88,0
3,5,59,1,88,0
4,6,59,1,88,0
3,-4,79,1,88,0
5,7,86,1,88,0
7,-6,87,1,88,0
-5,5,3,1,88,0
9,2,3,1,88,0
8,1,19,1,88,0
0,-6,18,1,88,0
7,0,28,1,88,0
2,5,48,1,88,0
6,-4,64,1,88,0
5,8,83,1,88,0
3,-5,86,1,88,0
7,-7,86,1,88,0
4,7,87,1,88,0
2,-2,87,1,88,0
-4,5,8,1,88,0
8,2,9,1,88,0
-2,-4,14,1,88,0
7,1,21,1,88,0
8,-1,33,1,88,0
6,0,34,1,88,0
3,7,66,1,88,0
1,5,41,1,88,0
5,-2,48,1,88,0
6,-5,67,1,88,0
3,-6,76,1,88,0
7,-8,84,1,88,0
2,-3,86,1,88,0
-4,6,14,1,88,0
-3,5,16,1,88,0
5,0,28,1,88,0
2,7,75,1,88,0
0,5,35,1,88,0
8,-2,43,1,88,0
5,-3,57,1,88,0
6,-6,57,1,88,0
2,-4,59,1,88,0
3,-7,83,1,88,0
8,3,87,1,88,0
7,2,87,1,88,0
-2,-6,5,1,88,0
-4,7,24,1,88,0
-2,5,22,1,88,0
1,7,81,1,88,0
8,-3,47,1,88,0
5,-4,63,1,88,0
8,4,79,1,88,0
7,3,84,1,88,0
3,-8,86,1,88,0
2,-5,87,1,88,0
5,1,87,1,88,0
0,7,87,1,88,0
-4,8,23,1,88,0
-3,7,32,1,88,0
-1,-4,28,1,88,0
-1,5,29,1,88,0
2,-6,29,1,88,0
7,-1,36,1,88,0
8,-4,62,1,88,0
5,-5,73,1,88,0
8,5,77,1,88,0
7,4,83,1,88,0
6,3,83,1,88,0
5,2,86,1,88,0
5,3,11,1,89,0
-2,7,38,1,89,0
7,-2,37,1,89,0
-1,-5,36,1,89,0
5,-6,63,1,89,0
8,6,65,1,89,0
7,5,72,1,89,0
8,-5,75,1,89,0
6,4,76,1,89,0
4,2,83,1,89,0
-1,7,89,1,89,0
-1,-6,12,1,89,0
6,5,29,1,89,0
7,-3,49,1,89,0
1,-5,52,1,89,0
8,-6,63,1,89,0
8,7,64,1,89,0
4,-4,69,1,89,0
7,6,69,1,89,0
5,4,73,1,89,0
3,2,75,1,89,0
-1,8,4,1,89,0
4,4,16,1,89,0
1,-6,24,1,89,0
6,6,37,1,89,0
6,-1,41,1,89,0
7,7,52,1,89,0
8,8,57,1,89,0
7,-4,64,1,89,0
8,-7,64,1,89,0
5,5,69,1,89,0
3,3,74,1,89,0
4,-5,79,1,89,0
-3,-4,8,1,89,0
4,5,19,1,89,0
6,-2,46,1,89,0
7,8,56,1,89,0
6,7,57,1,89,0
5,6,61,1,89,0
3,4,67,1,89,0
4,-6,69,1,89,0
3,-3,81,1,89,0
7,-5,82,1,89,0
2,4,4,1,89,0
0,-5,44,1,89,0
6,8,53,1,89,0
3,5,59,1,89,0
4,6,59,1,89,0
3,-4,79,1,89,0
5,7,86,1,89,0
7,-6,88,1,89,0
-5,5,3,1,89,0
9,2,3,1,89,0
8,1,19,1,89,0
0,-6,18,1,89,0
7,0,28,1,89,0
2,5,48,1,89,0
6,-4,64,1,89,0
5,8,83,1,89,0
3,-5,86,1,89,0
7,-7,87,1,89,0
4,7,88,1,89,0
2,-2,88,1,89,0
-4,5,8,1,89,0
8,2,9,1,89,0
-2,-4,14,1,89,0
7,1,21,1,89,0
8,-1,33,1,89,0
6,0,34,1,89,0
3,7,66,1,89,0
1,5,41,1,89,0
5,-2,48,1,89,0
6,-5,67,1,89,0
3,-6,76,1,89,0
2,-3,86,1,89,0
7,-8,88,1,89,0
-4,6,14,1,89,0
-3,5,16,1,89,0
5,0,28,1,89,0
2,7,75,1,89,0
0,5,35,1,89,0
8,-2,43,1,89,0
5,-3,57,1,89,0
6,-6,57,1,89,0
2,-4,59,1,89,0
8,3,88,1,89,0
3,-7,88,1,89,0
7,2,88,1,89,0
-2,-6,5,1,89,0
-4,7,24,1,89,0
-2,5,22,1,89,0
1,7,81,1,89,0
8,-3,47,1,89,0
5,-4,63,1,89,0
8,4,79,1,89,0
7,3,84,1,89,0
3,-8,86,1,89,0
2,-5,87,1,89,0
5,1,88,1,89,0
0,7,87,1,89,0
-4,8,23,1,89,0
-3,7,32,1,89,0
-1,-4,28,1,89,0
-1,5,29,1,89,0
7,-1,36,1,89,0
8,-4,62,1,89,0
5,-5,73,1,89,0
8,5,77,1,89,0
7,4,83,1,89,0
6,3,83,1,89,0
5,2,86,1,89,0
2,-6,88,1,89,0
5,3,11,1,90,0
-2,7,38,1,90,0
7,-2,37,1,90,0
-1,-5,36,1,90,0
5,-6,63,1,90,0
8,6,65,1,90,0
7,5,72,1,90,0
8,-5,75,1,90,0
6,4,76,1,90,0
4,2,83,1,90,0
-1,7,89,1,90,0
-1,-6,12,1,90,0
6,5,29,1,90,0
7,-3,49,1,90,0
1,-5,52,1,90,0
8,-6,63,1,90,0
8,7,64,1,90,0
4,-4,69,1,90,0
7,6,69,1,90,0
5,4,73,1,90,0
3,2,75,1,90,0
-1,8,4,1,90,0
4,4,16,1,90,0
1,-6,24,1,90,0
6,6,37,1,90,0
6,-1,41,1,90,0
7,7,52,1,90,0
8,8,57,1,90,0
7,-4,64,1,90,0
8,-7,64,1,90,0
5,5,69,1,90,0
3,3,74,1,90,0
4,-5,79,1,90,0
-3,-4,8,1,90,0
4,5,19,1,90,0
6,-2,46,1,90,0
7,8,56,1,90,0
6,7,57,1,90,0
5,6,61,1,90,0
3,4,67,1,90,0
4,-6,69,1,90,0
3,-3,81,1,90,0
7,-5,82,1,90,0
2,4,4,1,90,0
0,-5,44,1,90,0
6,8,53,1,90,0
3,5,59,1,90,0
4,6,59,1,90,0
3,-4,79,1,90,0
5,7,86,1,90,0
7,-6,88,1,90,0
-5,5,3,1,90,0
9,2,3,1,90,0
8,1,19,1,90,0
0,-6,18,1,90,0
7,0,28,1,90,0
2,5,48,1,90,0
6,-4,64,1,90,0
5,8,83,1,90,0
3,-5,86,1,90,0
7,-7,89,1,90,0
4,7,89,1,90,0
2,-2,89,1,90,0
-4,5,8,1,90,0
8,2,9,1,90,0
-2,-4,14,1,90,0
7,1,21,1,90,0
8,-1,33,1,90,0
6,0,34,1,90,0
3,7,66,1,90,0
1,5,41,1,90,0
5,-2,48,1,90,0
6,-5,67,1,90,0
3,-6,76,1,90,0
2,-3,86,1,90,0
7,-8,89,1,90,0
-4,6,14,1,90,0
-3,5,16,1,90,0
5,0,28,1,90,0
2,7,75,1,90,0
0,5,35,1,90,0
8,-2,43,1,90,0
5,-3,57,1,90,0
6,-6,57,1,90,0
2,-4,59,1,90,0
8,3,89,1,90,0
3,-7,89,1,90,0
7,2,89,1,90,0
-2,-6,5,1,90,0
-4,7,24,1,90,0
-2,5,22,1,90,0
1,7,81,1,90,0
8,-3,47,1,90,0
5,-4,63,1,90,0
8,4,79,1,90,0
7,3,84,1,90,0
3,-8,86,1,90,0
2,-5,87,1,90,0
5,1,89,1,90,0
0,7,87,1,90,0
-4,8,23,1,90,0
-3,7,32,1,90,0
-1,-4,28,1,90,0
-1,5,29,1,90,0
7,-1,36,1,90,0
8,-4,62,1,90,0
5,-5,73,1,90,0
8,5,77,1,90,0
7,4,83,1,90,0
6,3,83,1,90,0
5,2,86,1,90,0
2,-6,89,1,90,0
5,3,11,1,91,0
-2,7,38,1,91,0
7,-2,37,1,91,0
-1,-5,36,1,91,0
5,-6,63,1,91,0
8,6,65,1,91,0
7,5,72,1,91,0
8,-5,75,1,91,0
6,4,76,1,91,0
4,2,83,1,91,0
-1,7,91,1,91,0
-1,-6,12,1,91,0
6,5,29,1,91,0
7,-3,49,1,91,0
1,-5,52,1,91,0
8,-6,63,1,91,0
8,7,64,1,91,0
4,-4,69,1,91,0
7,6,69,1,91,0
5,4,73,1,91,0
3,2,75,1,91,0
-1,8,4,1,91,0
4,4,16,1,91,0
1,-6,24,1,91,0
6,6,37,1,91,0
6,-1,41,1,91,0
7,7,52,1,91,0
8,8,57,1,91,0
7,-4,64,1,91,0
8,-7,64,1,91,0
5,5,69,1,91,0
3,3,74,1,91,0
4,-5,79,1,91,0
-3,-4,8,1,91,0
4,5,19,1,91,0
6,-2,46,1,91,0
7,8,56,1,91,0
6,7,57,1,91,0
5,6,61,1,91,0
3,4,67,1,91,0
4,-6,69,1,91,0
3,-3,81,1,91,0
7,-5,82,1,91,0
2,4,4,1,91,0
0,-5,44,1,91,0
6,8,53,1,91,0
3,5,59,1,91,0
4,6,59,1,91,0
3,-4,79,1,91,0
5,7,86,1,91,0
7,-6,88,1,91,0
-5,5,3,1,91,0
9,2,3,1,91,0
8,1,19,1,91,0
0,-6,18,1,91,0
7,0,28,1,91,0
2,5,48,1,91,0
6,-4,64,1,91,0
5,8,83,1,91,0
3,-5,86,1,91,0
7,-7,89,1,91,0
4,7,89,1,91,0
2,-2,89,1,91,0
-4,5,8,1,91,0
8,2,9,1,91,0
-2,-4,14,1,91,0
7,1,21,1,91,0
8,-1,33,1,91,0
6,0,34,1,91,0
3,7,66,1,91,0
1,5,41,1,91,0
5,-2,48,1,91,0
6,-5,67,1,91,0
3,-6,76,1,91,0
2,-3,86,1,91,0
7,-8,89,1,91,0
-4,6,14,1,91,0
-3,5,16,1,91,0
5,0,28,1,91,0
2,7,75,1,91,0
0,5,35,1,91,0
8,-2,43,1,91,0
5,-3,57,1,91,0
6,-6,57,1,91,0
2,-4,59,1,91,0
8,3,89,1,91,0
3,-7,89,1,91,0
7,2,89,1,91,0
-2,-6,5,1,91,0
-4,7,24,1,91,0
-2,5,22,1,91,0
1,7,81,1,91,0
8,-3,47,1,91,0
5,-4,63,1,91,0
8,4,79,1,91,0
7,3,84,1,91,0
3,-8,86,1,91,0
2,-5,87,1,91,0
5,1,89,1,91,0
0,7,87,1,91,0
-4,8,23,1,91,0
-3,7,32,1,91,0
-1,-4,28,1,91,0
-1,5,29,1,91,0
7,-1,36,1,91,0
8,-4,62,1,91,0
5,-5,73,1,91,0
8,5,77,1,91,0
7,4,83,1,91,0
6,3,83,1,91,0
5,2,86,1,91,0
2,-6,89,1,91,0
5,3,11,1,92,0
-2,7,38,1,92,0
7,-2,37,1,92,0
-1,-5,36,1,92,0
5,-6,63,1,92,0
8,6,65,1,92,0
7,5,72,1,92,0
8,-5,75,1,92,0
6,4,76,1,92,0
4,2,83,1,92,0
-1,7,92,1,92,0
-1,-6,12,1,92,0
6,5,29,1,92,0
7,-3,49,1,92,0
1,-5,52,1,92,0
8,-6,63,1,92,0
8,7,64,1,92,0
4,-4,69,1,92,0
7,6,69,1,92,0
5,4,73,1,92,0
3,2,75,1,92,0
-1,8,4,1,92,0
4,4,16,1,92,0
1,-6,24,1,92,0
6,6,37,1,92,0
6,-1,41,1,92,0
7,7,52,1,92,0
8,8,57,1,92,0
7,-4,64,1,92,0
8,-7,64,1,92,0
5,5,69,1,92,0
3,3,74,1,92,0
4,-5,79,1,92,0
-3,-4,8,1,92,0
4,5,19,1,92,0
6,-2,46,1,92,0
7,8,56,1,92,0
6,7,57,1,92,0
5,6,61,1,92,0
3,4,67,1,92,0
4,-6,69,1,92,0
3,-3,81,1,92,0
7,-5,82,1,92,0
2,4,4,1,92,0
0,-5,44,1,92,0
6,8,53,1,92,0
3,5,59,1,92,0
4,6,59,1,92,0
3,-4,79,1,92,0
5,7,86,1,92,0
7,-6,88,1,92,0
-5,5,3,1,92,0
9,2,3,1,92,0
8,1,19,1,92,0
0,-6,18,1,92,0
7,0,28,1,92,0
2,5,48,1,92,0
6,-4,64,1,92,0
5,8,83,1,92,0
3,-5,86,1,92,0
4,7,89,1,92,0
2,-2,91,1,92,0
7,-7,91,1,92,0
-4,5,8,1,92,0
8,2,9,1,92,0
-2,-4,14,1,92,0
7,1,21,1,92,0
8,-1,33,1,92,0
6,0,34,1,92,0
3,7,66,1,92,0
1,5,41,1,92,0
5,-2,48,1,92,0
6,-5,67,1,92,0
3,-6,76,1,92,0
2,-3,86,1,92,0
7,-8,89,1,92,0
4,8,91,1,92,0
-4,6,14,1,92,0
-3,5,16,1,92,0
5,0,28,1,92,0
2,7,75,1,92,0
0,5,35,1,92,0
8,-2,43,1,92,0
5,-3,57,1,92,0
6,-6,57,1,92,0
2,-4,59,1,92,0
3,-7,89,1,92,0
8,3,91,1,92,0
7,2,91,1,92,0
-2,-6,5,1,92,0
-4,7,24,1,92,0
-2,5,22,1,92,0
1,7,81,1,92,0
8,-3,47,1,92,0
5,-4,63,1,92,0
8,4,79,1,92,0
7,3,84,1,92,0
2,-5,87,1,92,0
6,-7,91,1,92,0
5,1,91,1,92,0
3,-8,91,1,92,0
0,7,87,1,92,0
-4,8,23,1,92,0
-3,7,32,1,92,0
-1,-4,28,1,92,0
-1,5,29,1,92,0
7,-1,36,1,92,0
8,-4,62,1,92,0
5,-5,73,1,92,0
8,5,77,1,92,0
7,4,83,1,92,0
6,3,83,1,92,0
5,2,86,1,92,0
2,-6,91,1,92,0
5,3,11,1,93,0
-2,7,38,1,93,0
7,-2,37,1,93,0
-1,-5,36,1,93,0
5,-6,63,1,93,0
8,6,65,1,93,0
7,5,72,1,93,0
8,-5,75,1,93,0
6,4,76,1,93,0
4,2,83,1,93,0
-1,7,93,1,93,0
-1,-6,12,1,93,0
6,5,29,1,93,0
7,-3,49,1,93,0
1,-5,52,1,93,0
8,-6,63,1,93,0
8,7,64,1,93,0
4,-4,69,1,93,0
7,6,69,1,93,0
5,4,73,1,93,0
3,2,75,1,93,0
-1,8,4,1,93,0
4,4,16,1,93,0
1,-6,24,1,93,0
6,6,37,1,93,0
6,-1,41,1,93,0
7,7,52,1,93,0
8,8,57,1,93,0
7,-4,64,1,93,0
8,-7,64,1,93,0
5,5,69,1,93,0
3,3,74,1,93,0
4,-5,79,1,93,0
-3,-4,8,1,93,0
4,5,19,1,93,0
6,-2,46,1,93,0
7,8,56,1,93,0
6,7,57,1,93,0
5,6,61,1,93,0
3,4,67,1,93,0
4,-6,69,1,93,0
3,-3,81,1,93,0
7,-5,82,1,93,0
2,4,4,1,93,0
0,-5,44,1,93,0
6,8,53,1,93,0
3,5,59,1,93,0
4,6,59,1,93,0
3,-4,79,1,93,0
5,7,86,1,93,0
7,-6,88,1,93,0
-5,5,3,1,93,0
9,2,3,1,93,0
8,1,19,1,93,0
0,-6,18,1,93,0
7,0,28,1,93,0
2,5,48,1,93,0
6,-4,64,1,93,0
5,8,83,1,93,0
3,-5,86,1,93,0
4,7,89,1,93,0
2,-2,92,1,93,0
7,-7,92,1,93,0
-4,5,8,1,93,0
-2,-4,14,1,93,0
7,1,21,1,93,0
8,-1,33,1,93,0
6,0,34,1,93,0
3,7,66,1,93,0
1,5,41,1,93,0
5,-2,48,1,93,0
6,-5,67,1,93,0
3,-6,76,1,93,0
2,-3,86,1,93,0
7,-8,89,1,93,0
4,8,92,1,93,0
8,2,92,1,93,0
-4,6,14,1,93,0
-3,5,16,1,93,0
5,0,28,1,93,0
2,7,75,1,93,0
0,5,35,1,93,0
8,-2,43,1,93,0
5,-3,57,1,93,0
6,-6,57,1,93,0
2,-4,59,1,93,0
3,-7,89,1,93,0
8,3,91,1,93,0
6,1,92,1,93,0
7,2,92,1,93,0
-2,-6,5,1,93,0
-4,7,24,1,93,0
-2,5,22,1,93,0
1,7,81,1,93,0
8,-3,47,1,93,0
5,-4,63,1,93,0
8,4,79,1,93,0
7,3,84,1,93,0
2,-5,87,1,93,0
6,-7,91,1,93,0
5,1,91,1,93,0
3,-8,92,1,93,0
0,7,87,1,93,0
-4,8,23,1,93,0
-3,7,32,1,93,0
-1,-4,28,1,93,0
-1,5,29,1,93,0
7,-1,36,1,93,0
8,-4,62,1,93,0
5,-5,73,1,93,0
8,5,77,1,93,0
7,4,83,1,93,0
6,3,83,1,93,0
5,2,86,1,93,0
2,-6,92,1,93,0
5,3,11,1,94,0
-2,7,38,1,94,0
7,-2,37,1,94,0
-1,-5,36,1,94,0
5,-6,63,1,94,0
8,6,65,1,94,0
7,5,72,1,94,0
8,-5,75,1,94,0
6,4,76,1,94,0
4,2,83,1,94,0
-1,7,94,1,94,0
-1,-6,12,1,94,0
6,5,29,1,94,0
7,-3,49,1,94,0
1,-5,52,1,94,0
8,-6,63,1,94,0
8,7,64,1,94,0
4,-4,69,1,94,0
7,6,69,1,94,0
5,4,73,1,94,0
3,2,75,1,94,0
-1,8,4,1,94,0
4,4,16,1,94,0
1,-6,24,1,94,0
6,6,37,1,94,0
6,-1,41,1,94,0
7,7,52,1,94,0
8,8,57,1,94,0
7,-4,64,1,94,0
8,-7,64,1,94,0
5,5,69,1,94,0
3,3,74,1,94,0
4,-5,79,1,94,0
-3,-4,8,1,94,0
4,5,19,1,94,0
6,-2,46,1,94,0
7,8,56,1,94,0
6,7,57,1,94,0
5,6,61,1,94,0
3,4,67,1,94,0
4,-6,69,1,94,0
3,-3,81,1,94,0
7,-5,82,1,94,0
2,4,4,1,94,0
0,-5,44,1,94,0
6,8,53,1,94,0
3,5,59,1,94,0
4,6,59,1,94,0
3,-4,79,1,94,0
5,7,86,1,94,0
7,-6,88,1,94,0
-5,5,3,1,94,0
9,2,3,1,94,0
8,1,19,1,94,0
0,-6,18,1,94,0
7,0,28,1,94,0
2,5,48,1,94,0
6,-4,64,1,94,0
5,8,83,1,94,0
3,-5,86,1,94,0
4,7,89,1,94,0
2,-2,93,1,94,0
7,-7,93,1,94,0
-4,5,8,1,94,0
-2,-4,14,1,94,0
8,-1,33,1,94,0
6,0,34,1,94,0
3,7,66,1,94,0
1,5,41,1,94,0
5,-2,48,1,94,0
6,-5,67,1,94,0
3,-6,76,1,94,0
2,-3,86,1,94,0
7,-8,89,1,94,0
4,8,93,1,94,0
8,2,93,1,94,0
7,1,93,1,94,0
-4,6,14,1,94,0
-3,5,16,1,94,0
5,0,28,1,94,0
2,7,75,1,94,0
0,5,35,1,94,0
8,-2,43,1,94,0
5,-3,57,1,94,0
6,-6,57,1,94,0
2,-4,59,1,94,0
3,-7,89,1,94,0
8,3,91,1,94,0
7,2,92,1,94,0
6,1,93,1,94,0
-2,-6,5,1,94,0
-4,7,24,1,94,0
-2,5,22,1,94,0
1,7,81,1,94,0
8,-3,47,1,94,0
5,-4,63,1,94,0
8,4,79,1,94,0
7,3,84,1,94,0
2,-5,87,1,94,0
6,-7,91,1,94,0
5,1,91,1,94,0
3,-8,93,1,94,0
0,7,87,1,94,0
-4,8,23,1,94,0
-3,7,32,1,94,0
-1,-4,28,1,94,0
-1,5,29,1,94,0
7,-1,36,1,94,0
8,-4,62,1,94,0
5,-5,73,1,94,0
8,5,77,1,94,0
7,4,83,1,94,0
6,3,83,1,94,0
5,2,86,1,94,0
2,-6,93,1,94,0
5,3,11,1,95,0
-2,7,95,1,95,0
7,-2,37,1,95,0
-1,-5,36,1,95,0
5,-6,63,1,95,0
8,6,65,1,95,0
7,5,72,1,95,0
8,-5,75,1,95,0
6,4,76,1,95,0
4,2,83,1,95,0
-1,7,94,1,95,0
-1,-6,12,1,95,0
6,5,29,1,95,0
7,-3,49,1,95,0
1,-5,52,1,95,0
8,-6,63,1,95,0
8,7,64,1,95,0
4,-4,69,1,95,0
7,6,69,1,95,0
5,4,73,1,95,0
3,2,75,1,95,0
-1,8,4,1,95,0
4,4,16,1,95,0
1,-6,24,1,95,0
6,6,37,1,95,0
6,-1,41,1,95,0
7,7,52,1,95,0
8,8,57,1,95,0
7,-4,64,1,95,0
8,-7,64,1,95,0
5,5,69,1,95,0
3,3,74,1,95,0
4,-5,79,1,95,0
-3,-4,8,1,95,0
4,5,19,1,95,0
6,-2,46,1,95,0
7,8,56,1,95,0
6,7,57,1,95,0
5,6,61,1,95,0
3,4,67,1,95,0
4,-6,69,1,95,0
3,-3,81,1,95,0
7,-5,82,1,95,0
2,4,4,1,95,0
0,-5,44,1,95,0
6,8,53,1,95,0
3,5,59,1,95,0
4,6,59,1,95,0
3,-4,79,1,95,0
5,7,86,1,95,0
7,-6,88,1,95,0
2,-1,94,1,95,0
-5,5,3,1,95,0
9,2,3,1,95,0
8,1,19,1,95,0
0,-6,18,1,95,0
7,0,28,1,95,0
2,5,48,1,95,0
6,-4,64,1,95,0
5,8,83,1,95,0
3,-5,86,1,95,0
4,7,89,1,95,0
2,-2,93,1,95,0
7,-7,94,1,95,0
-4,5,8,1,95,0
-2,-4,14,1,95,0
8,-1,33,1,95,0
6,0,34,1,95,0
3,7,66,1,95,0
1,5,41,1,95,0
5,-2,48,1,95,0
6,-5,67,1,95,0
3,-6,76,1,95,0
2,-3,86,1,95,0
4,8,94,1,95,0
8,2,94,1,95,0
7,1,94,1,95,0
7,-8,94,1,95,0
-4,6,14,1,95,0
-3,5,16,1,95,0
5,0,28,1,95,0
2,7,75,1,95,0
0,5,35,1,95,0
8,-2,43,1,95,0
5,-3,57,1,95,0
6,-6,57,1,95,0
2,-4,59,1,95,0
8,3,91,1,95,0
7,2,92,1,95,0
6,1,94,1,95,0
3,-7,94,1,95,0
-2,-6,5,1,95,0
-4,7,24,1,95,0
-2,5,22,1,95,0
1,7,81,1,95,0
8,-3,47,1,95,0
5,-4,63,1,95,0
8,4,79,1,95,0
7,3,84,1,95,0
2,-5,87,1,95,0
6,-7,91,1,95,0
5,1,91,1,95,0
3,-8,93,1,95,0
0,7,87,1,95,0
-4,8,23,1,95,0
-3,7,32,1,95,0
-1,-4,28,1,95,0
-1,5,29,1,95,0
7,-1,36,1,95,0
8,-4,62,1,95,0
5,-5,73,1,95,0
8,5,77,1,95,0
7,4,83,1,95,0
6,3,83,1,95,0
5,2,86,1,95,0
2,-6,94,1,95,0
5,3,11,1,96,0
-2,7,96,1,96,0
7,-2,37,1,96,0
-1,-5,36,1,96,0
5,-6,63,1,96,0
8,6,65,1,96,0
7,5,72,1,96,0
8,-5,75,1,96,0
6,4,76,1,96,0
4,2,83,1,96,0
-1,7,94,1,96,0
-1,-6,12,1,96,0
6,5,29,1,96,0
7,-3,49,1,96,0
1,-5,52,1,96,0
8,-6,63,1,96,0
8,7,64,1,96,0
4,-4,69,1,96,0
7,6,69,1,96,0
5,4,73,1,96,0
3,2,75,1,96,0
-1,8,4,1,96,0
4,4,16,1,96,0
1,-6,24,1,96,0
6,6,37,1,96,0
6,-1,41,1,96,0
7,7,52,1,96,0
8,8,57,1,96,0
7,-4,64,1,96,0
8,-7,64,1,96,0
5,5,69,1,96,0
3,3,74,1,96,0
4,-5,79,1,96,0
-3,-4,8,1,96,0
4,5,19,1,96,0
6,-2,46,1,96,0
7,8,56,1,96,0
6,7,57,1,96,0
5,6,61,1,96,0
3,4,67,1,96,0
4,-6,69,1,96,0
3,-3,81,1,96,0
7,-5,82,1,96,0
8,-8,95,1,96,0
2,4,4,1,96,0
0,-5,44,1,96,0
6,8,53,1,96,0
3,5,59,1,96,0
4,6,59,1,96,0
3,-4,79,1,96,0
5,7,86,1,96,0
7,-6,88,1,96,0
2,-1,95,1,96,0
-5,5,3,1,96,0
9,2,3,1,96,0
8,1,19,1,96,0
0,-6,18,1,96,0
7,0,28,1,96,0
2,5,48,1,96,0
6,-4,64,1,96,0
5,8,83,1,96,0
3,-5,86,1,96,0
4,7,89,1,96,0
2,-2,93,1,96,0
7,-7,95,1,96,0
-4,5,8,1,96,0
-2,-4,14,1,96,0
8,-1,33,1,96,0
6,0,34,1,96,0
3,7,66,1,96,0
1,5,41,1,96,0
5,-2,48,1,96,0
6,-5,67,1,96,0
3,-6,76,1,96,0
2,-3,86,1,96,0
7,-8,94,1,96,0
4,8,95,1,96,0
8,2,95,1,96,0
7,1,95,1,96,0
-4,6,14,1,96,0
-3,5,16,1,96,0
5,0,28,1,96,0
2,7,75,1,96,0
0,5,35,1,96,0
8,-2,43,1,96,0
5,-3,57,1,96,0
6,-6,57,1,96,0
2,-4,59,1,96,0
8,3,91,1,96,0
7,2,92,1,96,0
6,1,95,1,96,0
3,-7,95,1,96,0
-2,-6,5,1,96,0
-4,7,24,1,96,0
-2,5,22,1,96,0
1,7,81,1,96,0
8,-3,47,1,96,0
5,-4,63,1,96,0
8,4,79,1,96,0
7,3,84,1,96,0
2,-5,87,1,96,0
6,-7,91,1,96,0
5,1,91,1,96,0
3,-8,93,1,96,0
0,7,87,1,96,0
-4,8,23,1,96,0
-3,7,32,1,96,0
-1,-4,28,1,96,0
-1,5,29,1,96,0
7,-1,36,1,96,0
8,-4,62,1,96,0
5,-5,73,1,96,0
8,5,77,1,96,0
7,4,83,1,96,0
6,3,83,1,96,0
5,2,86,1,96,0
2,-6,95,1,96,0
5,3,11,1,97,0
-2,7,97,1,97,0
7,-2,37,1,97,0
-1,-5,36,1,97,0
5,-6,63,1,97,0
8,6,65,1,97,0
7,5,72,1,97,0
8,-5,75,1,97,0
6,4,76,1,97,0
4,2,83,1,97,0
-1,7,94,1,97,0
-1,-6,12,1,97,0
6,5,29,1,97,0
7,-3,49,1,97,0
1,-5,52,1,97,0
8,-6,63,1,97,0
8,7,64,1,97,0
4,-4,69,1,97,0
7,6,69,1,97,0
5,4,73,1,97,0
3,2,75,1,97,0
-1,8,4,1,97,0
4,4,16,1,97,0
1,-6,24,1,97,0
6,6,37,1,97,0
6,-1,41,1,97,0
7,7,52,1,97,0
8,8,57,1,97,0
7,-4,64,1,97,0
8,-7,64,1,97,0
5,5,69,1,97,0
3,3,74,1,97,0
4,-5,79,1,97,0
-3,-4,8,1,97,0
4,5,19,1,97,0
6,-2,46,1,97,0
7,8,56,1,97,0
6,7,57,1,97,0
5,6,61,1,97,0
3,4,67,1,97,0
4,-6,69,1,97,0
3,-3,81,1,97,0
7,-5,82,1,97,0
8,-8,96,1,97,0
2,4,4,1,97,0
0,-5,44,1,97,0
6,8,53,1,97,0
3,5,59,1,97,0
4,6,59,1,97,0
3,-4,79,1,97,0
5,7,86,1,97,0
7,-6,88,1,97,0
2,-1,96,1,97,0
-5,5,3,1,97,0
9,2,3,1,97,0
8,1,19,1,97,0
0,-6,18,1,97,0
7,0,28,1,97,0
2,5,48,1,97,0
6,-4,64,1,97,0
5,8,83,1,97,0
3,-5,86,1,97,0
4,7,89,1,97,0
2,-2,93,1,97,0
7,-7,96,1,97,0
-4,5,8,1,97,0
-2,-4,14,1,97,0
8,-1,33,1,97,0
6,0,34,1,97,0
3,7,66,1,97,0
1,5,41,1,97,0
5,-2,48,1,97,0
6,-5,67,1,97,0
3,-6,76,1,97,0
2,-3,86,1,97,0
7,-8,94,1,97,0
4,8,95,1,97,0
8,2,96,1,97,0
7,1,96,1,97,0
-4,6,14,1,97,0
-3,5,16,1,97,0
5,0,28,1,97,0
2,7,75,1,97,0
0,5,35,1,97,0
8,-2,43,1,97,0
5,-3,57,1,97,0
6,-6,57,1,97,0
2,-4,59,1,97,0
8,3,91,1,97,0
7,2,92,1,97,0
3,8,96,1,97,0
6,1,96,1,97,0
3,-7,96,1,97,0
-2,-6,5,1,97,0
-4,7,24,1,97,0
-2,5,22,1,97,0
1,7,81,1,97,0
8,-3,47,1,97,0
5,-4,63,1,97,0
8,4,79,1,97,0
7,3,84,1,97,0
2,-5,87,1,97,0
6,-7,91,1,97,0
5,1,91,1,97,0
3,-8,93,1,97,0
0,7,87,1,97,0
-4,8,23,1,97,0
-3,7,32,1,97,0
-1,-4,28,1,97,0
-1,5,29,1,97,0
7,-1,36,1,97,0
8,-4,62,1,97,0
5,-5,73,1,97,0
8,5,77,1,97,0
7,4,83,1,97,0
6,3,83,1,97,0
5,2,86,1,97,0
2,-6,96,1,97,0
5,3,11,1,98,0
-2,7,97,1,98,0
7,-2,37,1,98,0
-1,-5,36,1,98,0
5,-6,63,1,98,0
8,6,65,1,98,0
7,5,72,1,98,0
8,-5,75,1,98,0
6,4,76,1,98,0
4,2,83,1,98,0
-1,7,94,1,98,0
-1,-6,12,1,98,0
6,5,29,1,98,0
7,-3,49,1,98,0
1,-5,52,1,98,0
8,-6,63,1,98,0
8,7,64,1,98,0
4,-4,69,1,98,0
7,6,69,1,98,0
5,4,73,1,98,0
3,2,75,1,98,0
3,-1,97,1,98,0
-1,8,4,1,98,0
4,4,16,1,98,0
1,-6,24,1,98,0
6,6,37,1,98,0
6,-1,41,1,98,0
7,7,52,1,98,0
8,8,57,1,98,0
7,-4,64,1,98,0
8,-7,64,1,98,0
5,5,69,1,98,0
3,3,74,1,98,0
4,-5,79,1,98,0
-3,-4,8,1,98,0
4,5,19,1,98,0
6,-2,46,1,98,0
7,8,56,1,98,0
6,7,57,1,98,0
5,6,61,1,98,0
3,4,67,1,98,0
4,-6,69,1,98,0
3,-3,81,1,98,0
7,-5,82,1,98,0
8,-8,97,1,98,0
2,4,4,1,98,0
0,-5,44,1,98,0
6,8,53,1,98,0
3,5,59,1,98,0
4,6,59,1,98,0
3,-4,79,1,98,0
5,7,86,1,98,0
7,-6,88,1,98,0
2,-1,96,1,98,0
-5,5,3,1,98,0
9,2,3,1,98,0
8,1,19,1,98,0
0,-6,18,1,98,0
7,0,28,1,98,0
2,5,48,1,98,0
6,-4,64,1,98,0
5,8,83,1,98,0
3,-5,86,1,98,0
4,7,89,1,98,0
2,-2,93,1,98,0
7,-7,96,1,98,0
-4,5,8,1,98,0
-2,-4,14,1,98,0
8,-1,33,1,98,0
3,7,66,1,98,0
1,5,41,1,98,0
5,-2,48,1,98,0
6,-5,67,1,98,0
3,-6,76,1,98,0
2,-3,86,1,98,0
7,-8,94,1,98,0
4,8,95,1,98,0
6,0,97,1,98,0
8,2,97,1,98,0
7,1,97,1,98,0
-4,6,14,1,98,0
-3,5,16,1,98,0
5,0,28,1,98,0
2,7,75,1,98,0
0,5,35,1,98,0
8,-2,43,1,98,0
5,-3,57,1,98,0
6,-6,57,1,98,0
2,-4,59,1,98,0
8,3,91,1,98,0
7,2,92,1,98,0
6,1,96,1,98,0
3,-7,96,1,98,0
3,8,97,1,98,0
-2,-6,5,1,98,0
-4,7,24,1,98,0
-2,5,22,1,98,0
1,7,81,1,98,0
8,-3,47,1,98,0
5,-4,63,1,98,0
8,4,79,1,98,0
7,3,84,1,98,0
2,-5,87,1,98,0
6,-7,91,1,98,0
5,1,91,1,98,0
3,-8,97,1,98,0
0,7,87,1,98,0
-4,8,23,1,98,0
-3,7,32,1,98,0
-1,-4,28,1,98,0
-1,5,29,1,98,0
7,-1,36,1,98,0
8,-4,62,1,98,0
5,-5,73,1,98,0
8,5,77,1,98,0
7,4,83,1,98,0
6,3,83,1,98,0
5,2,86,1,98,0
2,-6,97,1,98,0
-2,6,98,1,98,0
5,3,11,1,99,0
-2,7,97,1,99,0
7,-2,37,1,99,0
-1,-5,36,1,99,0
5,-6,63,1,99,0
8,6,65,1,99,0
7,5,72,1,99,0
8,-5,75,1,99,0
6,4,76,1,99,0
4,2,83,1,99,0
2,-7,98,1,99,0
-1,7,94,1,99,0
-1,-6,12,1,99,0
6,5,29,1,99,0
7,-3,49,1,99,0
1,-5,52,1,99,0
8,-6,63,1,99,0
8,7,64,1,99,0
4,-4,69,1,99,0
7,6,69,1,99,0
5,4,73,1,99,0
3,2,75,1,99,0
3,-1,98,1,99,0
-1,8,4,1,99,0
4,4,16,1,99,0
1,-6,24,1,99,0
6,6,37,1,99,0
6,-1,41,1,99,0
7,7,52,1,99,0
8,8,57,1,99,0
7,-4,64,1,99,0
5,5,69,1,99,0
3,3,74,1,99,0
4,-5,79,1,99,0
8,-7,98,1,99,0
-3,-4,8,1,99,0
4,5,19,1,99,0
6,-2,46,1,99,0
7,8,56,1,99,0
6,7,57,1,99,0
5,6,61,1,99,0
3,4,67,1,99,0
4,-6,69,1,99,0
3,-3,81,1,99,0
7,-5,82,1,99,0
8,-8,97,1,99,0
2,4,4,1,99,0
0,-5,44,1,99,0
6,8,53,1,99,0
3,5,59,1,99,0
4,6,59,1,99,0
3,-4,79,1,99,0
5,7,86,1,99,0
7,-6,88,1,99,0
2,-1,96,1,99,0
-5,5,3,1,99,0
9,2,3,1,99,0
0,-6,18,1,99,0
7,0,28,1,99,0
2,5,48,1,99,0
6,-4,64,1,99,0
5,8,83,1,99,0
3,-5,86,1,99,0
4,7,89,1,99,0
2,-2,93,1,99,0
7,-7,98,1,99,0
8,1,98,1,99,0
-4,5,8,1,99,0
-2,-4,14,1,99,0
8,-1,33,1,99,0
1,5,41,1,99,0
5,-2,48,1,99,0
6,-5,67,1,99,0
3,-6,76,1,99,0
2,-3,86,1,99,0
7,-8,94,1,99,0
4,8,95,1,99,0
8,2,97,1,99,0
7,1,97,1,99,0
3,7,98,1,99,0
6,0,98,1,99,0
-4,6,14,1,99,0
-3,5,16,1,99,0
5,0,28,1,99,0
2,7,75,1,99,0
0,5,35,1,99,0
8,-2,43,1,99,0
5,-3,57,1,99,0
6,-6,57,1,99,0
2,-4,59,1,99,0
8,3,91,1,99,0
7,2,92,1,99,0
6,1,96,1,99,0
3,-7,96,1,99,0
3,8,97,1,99,0
-2,-6,5,1,99,0
-4,7,24,1,99,0
-2,5,22,1,99,0
1,7,81,1,99,0
8,-3,47,1,99,0
5,-4,63,1,99,0
8,4,79,1,99,0
7,3,84,1,99,0
2,-5,87,1,99,0
6,-7,91,1,99,0
5,1,91,1,99,0
3,-8,98,1,99,0
0,7,87,1,99,0
-4,8,23,1,99,0
-3,7,32,1,99,0
-1,-4,28,1,99,0
-1,5,29,1,99,0
7,-1,36,1,99,0
8,-4,62,1,99,0
5,-5,73,1,99,0
8,5,77,1,99,0
7,4,83,1,99,0
6,3,83,1,99,0
5,2,86,1,99,0
2,-6,97,1,99,0
-2,6,99,1,99,0
5,3,11,1,100,0
-2,7,97,1,100,0
7,-2,37,1,100,0
-1,-5,36,1,100,0
5,-6,63,1,100,0
8,6,65,1,100,0
7,5,72,1,100,0
8,-5,75,1,100,0
6,4,76,1,100,0
4,2,83,1,100,0
2,-7,98,1,100,0
-1,7,94,1,100,0
-1,-6,12,1,100,0
6,5,29,1,100,0
7,-3,49,1,100,0
1,-5,52,1,100,0
8,-6,63,1,100,0
8,7,64,1,100,0
4,-4,69,1,100,0
7,6,69,1,100,0
5,4,73,1,100,0
3,2,75,1,100,0
3,-1,99,1,100,0
-1,8,4,1,100,0
4,4,16,1,100,0
1,-6,24,1,100,0
6,6,37,1,100,0
6,-1,41,1,100,0
7,7,52,1,100,0
8,8,57,1,100,0
7,-4,64,1,100,0
5,5,69,1,100,0
3,3,74,1,100,0
4,-5,79,1,100,0
8,-7,99,1,100,0
-3,-4,8,1,100,0
4,5,19,1,100,0
6,-2,46,1,100,0
7,8,56,1,100,0
6,7,57,1,100,0
5,6,61,1,100,0
3,4,67,1,100,0
4,-6,69,1,100,0
3,-3,81,1,100,0
7,-5,82,1,100,0
8,-8,97,1,100,0
1,-7,99,1,100,0
2,4,4,1,100,0
0,-5,44,1,100,0
6,8,53,1,100,0
3,5,59,1,100,0
4,6,59,1,100,0
3,-4,79,1,100,0
5,7,86,1,100,0
7,-6,88,1,100,0
2,-1,96,1,100,0
-5,5,3,1,100,0
9,2,3,1,100,0
0,-6,18,1,100,0
7,0,28,1,100,0
2,5,48,1,100,0
6,-4,64,1,100,0
5,8,83,1,100,0
3,-5,86,1,100,0
4,7,89,1,100,0
2,-2,93,1,100,0
7,-7,99,1,100,0
8,1,99,1,100,0
-4,5,8,1,100,0
-2,-4,14,1,100,0
8,-1,33,1,100,0
1,5,41,1,100,0
5,-2,48,1,100,0
6,-5,67,1,100,0
3,-6,76,1,100,0
2,-3,86,1,100,0
7,-8,94,1,100,0
4,8,95,1,100,0
8,2,97,1,100,0
7,1,97,1,100,0
3,7,99,1,100,0
6,0,99,1,100,0
-4,6,14,1,100,0
-3,5,16,1,100,0
5,0,28,1,100,0
2,7,75,1,100,0
0,5,35,1,100,0
8,-2,43,1,100,0
5,-3,57,1,100,0
6,-6,57,1,100,0
2,-4,59,1,100,0
8,3,91,1,100,0
7,2,92,1,100,0
6,1,96,1,100,0
3,-7,96,1,100,0
3,8,97,1,100,0
-2,-6,5,1,100,0
-4,7,24,1,100,0
-2,5,22,1,100,0
1,7,81,1,100,0
8,-3,47,1,100,0
5,-4,63,1,100,0
8,4,79,1,100,0
7,3,84,1,100,0
2,-5,87,1,100,0
6,-7,91,1,100,0
5,1,91,1,100,0
3,-8,99,1,100,0
0,7,87,1,100,0
-4,8,23,1,100,0
-3,7,32,1,100,0
-1,-4,28,1,100,0
-1,5,29,1,100,0
7,-1,36,1,100,0
8,-4,62,1,100,0
5,-5,73,1,100,0
8,5,77,1,100,0
7,4,83,1,100,0
6,3,83,1,100,0
5,2,86,1,100,0
2,-6,97,1,100,0
-2,6,99,1,100,0
5,3,11,1,101,0
-2,7,97,1,101,0
7,-2,37,1,101,0
-1,-5,36,1,101,0
5,-6,63,1,101,0
8,6,65,1,101,0
7,5,72,1,101,0
8,-5,75,1,101,0
6,4,76,1,101,0
4,2,83,1,101,0
2,-7,98,1,101,0
-1,7,94,1,101,0
-1,-6,12,1,101,0
6,5,29,1,101,0
7,-3,49,1,101,0
1,-5,52,1,101,0
8,-6,63,1,101,0
8,7,64,1,101,0
4,-4,69,1,101,0
7,6,69,1,101,0
5,4,73,1,101,0
3,2,75,1,101,0
3,-1,99,1,101,0
-1,8,4,1,101,0
4,4,16,1,101,0
1,-6,24,1,101,0
6,6,37,1,101,0
6,-1,41,1,101,0
7,7,52,1,101,0
8,8,57,1,101,0
7,-4,64,1,101,0
5,5,69,1,101,0
3,3,74,1,101,0
4,-5,79,1,101,0
8,-7,99,1,101,0
-3,-4,8,1,101,0
4,5,19,1,101,0
6,-2,46,1,101,0
7,8,56,1,101,0
6,7,57,1,101,0
5,6,61,1,101,0
3,4,67,1,101,0
4,-6,69,1,101,0
3,-3,81,1,101,0
7,-5,82,1,101,0
8,-8,97,1,101,0
1,-7,99,1,101,0
2,4,4,1,101,0
0,-5,44,1,101,0
6,8,53,1,101,0
3,5,59,1,101,0
4,6,59,1,101,0
3,-4,79,1,101,0
5,7,86,1,101,0
7,-6,88,1,101,0
2,-1,96,1,101,0
-5,5,3,1,101,0
9,2,3,1,101,0
0,-6,18,1,101,0
7,0,28,1,101,0
2,5,48,1,101,0
6,-4,64,1,101,0
5,8,83,1,101,0
3,-5,86,1,101,0
4,7,89,1,101,0
2,-2,93,1,101,0
7,-7,99,1,101,0
8,1,99,1,101,0
-4,5,8,1,101,0
-2,-4,14,1,101,0
8,-1,33,1,101,0
1,5,41,1,101,0
5,-2,48,1,101,0
6,-5,67,1,101,0
3,-6,76,1,101,0
2,-3,86,1,101,0
7,-8,94,1,101,0
4,8,95,1,101,0
8,2,97,1,101,0
7,1,97,1,101,0
3,7,99,1,101,0
6,0,99,1,101,0
-4,6,14,1,101,0
-3,5,16,1,101,0
5,0,28,1,101,0
2,7,75,1,101,0
0,5,35,1,101,0
8,-2,43,1,101,0
5,-3,57,1,101,0
6,-6,57,1,101,0
2,-4,59,1,101,0
8,3,91,1,101,0
7,2,92,1,101,0
6,1,96,1,101,0
3,-7,96,1,101,0
3,8,97,1,101,0
-2,-6,5,1,101,0
-4,7,24,1,101,0
-2,5,22,1,101,0
1,7,81,1,101,0
8,-3,47,1,101,0
5,-4,63,1,101,0
8,4,79,1,101,0
7,3,84,1,101,0
2,-5,87,1,101,0
6,-7,91,1,101,0
5,1,91,1,101,0
3,-8,99,1,101,0
0,7,87,1,101,0
-4,8,23,1,101,0
-3,7,32,1,101,0
-1,-4,28,1,101,0
-1,5,29,1,101,0
7,-1,36,1,101,0
8,-4,62,1,101,0
5,-5,73,1,101,0
8,5,77,1,101,0
7,4,83,1,101,0
6,3,83,1,101,0
5,2,86,1,101,0
2,-6,97,1,101,0
-2,6,101,1,101,0
5,3,11,1,102,0
-2,7,97,1,102,0
7,-2,37,1,102,0
-1,-5,36,1,102,0
5,-6,63,1,102,0
8,6,65,1,102,0
7,5,72,1,102,0
8,-5,75,1,102,0
6,4,76,1,102,0
4,2,83,1,102,0
2,-7,98,1,102,0
-1,7,94,1,102,0
-1,-6,12,1,102,0
6,5,29,1,102,0
7,-3,49,1,102,0
1,-5,52,1,102,0
8,-6,63,1,102,0
8,7,64,1,102,0
4,-4,69,1,102,0
7,6,69,1,102,0
5,4,73,1,102,0
3,2,75,1,102,0
3,-1,101,1,102,0
-1,8,4,1,102,0
4,4,16,1,102,0
1,-6,24,1,102,0
6,6,37,1,102,0
6,-1,41,1,102,0
7,7,52,1,102,0
8,8,57,1,102,0
7,-4,64,1,102,0
5,5,69,1,102,0
3,3,74,1,102,0
4,-5,79,1,102,0
8,-7,101,1,102,0
-3,-4,8,1,102,0
4,5,19,1,102,0
6,-2,46,1,102,0
7,8,56,1,102,0
6,7,57,1,102,0
5,6,61,1,102,0
3,4,67,1,102,0
4,-6,69,1,102,0
3,-3,81,1,102,0
7,-5,82,1,102,0
8,-8,97,1,102,0
1,-7,101,1,102,0
2,4,4,1,102,0
0,-5,44,1,102,0
6,8,53,1,102,0
3,5,59,1,102,0
4,6,59,1,102,0
3,-4,79,1,102,0
5,7,86,1,102,0
7,-6,88,1,102,0
2,-1,96,1,102,0
8,0,101,1,102,0
-5,5,3,1,102,0
9,2,3,1,102,0
0,-6,18,1,102,0
7,0,28,1,102,0
2,5,48,1,102,0
6,-4,64,1,102,0
5,8,83,1,102,0
3,-5,86,1,102,0
4,7,89,1,102,0
2,-2,93,1,102,0
7,-7,99,1,102,0
8,1,101,1,102,0
-4,5,8,1,102,0
-2,-4,14,1,102,0
8,-1,33,1,102,0
1,5,41,1,102,0
5,-2,48,1,102,0
6,-5,67,1,102,0
3,-6,76,1,102,0
2,-3,86,1,102,0
7,-8,94,1,102,0
4,8,95,1,102,0
8,2,97,1,102,0
7,1,97,1,102,0
3,7,101,1,102,0
6,0,101,1,102,0
-4,6,14,1,102,0
-3,5,16,1,102,0
5,0,28,1,102,0
2,7,75,1,102,0
0,5,35,1,102,0
8,-2,43,1,102,0
5,-3,57,1,102,0
6,-6,57,1,102,0
2,-4,59,1,102,0
8,3,91,1,102,0
7,2,92,1,102,0
6,1,96,1,102,0
3,8,97,1,102,0
3,-7,101,1,102,0
-2,-6,5,1,102,0
-4,7,24,1,102,0
-2,5,22,1,102,0
1,7,81,1,102,0
8,-3,47,1,102,0
5,-4,63,1,102,0
8,4,79,1,102,0
7,3,84,1,102,0
2,-5,87,1,102,0
6,-7,91,1,102,0
5,1,91,1,102,0
3,-8,99,1,102,0
0,7,87,1,102,0
-4,8,23,1,102,0
-3,7,32,1,102,0
-1,-4,28,1,102,0
-1,5,29,1,102,0
7,-1,36,1,102,0
8,-4,62,1,102,0
5,-5,73,1,102,0
8,5,77,1,102,0
7,4,83,1,102,0
6,3,83,1,102,0
5,2,86,1,102,0
2,-6,97,1,102,0
-2,6,102,1,102,0
6,-8,101,1,102,0
5,3,11,1,103,0
-2,7,97,1,103,0
7,-2,37,1,103,0
-1,-5,36,1,103,0
5,-6,63,1,103,0
8,6,65,1,103,0
7,5,72,1,103,0
8,-5,75,1,103,0
6,4,76,1,103,0
4,2,83,1,103,0
2,-7,98,1,103,0
-1,7,94,1,103,0
-1,-6,12,1,103,0
6,5,29,1,103,0
7,-3,49,1,103,0
1,-5,52,1,103,0
8,-6,63,1,103,0
8,7,64,1,103,0
4,-4,69,1,103,0
7,6,69,1,103,0
5,4,73,1,103,0
3,2,75,1,103,0
3,-1,102,1,103,0
-1,8,4,1,103,0
4,4,16,1,103,0
1,-6,24,1,103,0
6,6,37,1,103,0
6,-1,41,1,103,0
7,7,52,1,103,0
8,8,57,1,103,0
7,-4,64,1,103,0
5,5,69,1,103,0
3,3,74,1,103,0
4,-5,79,1,103,0
8,-7,102,1,103,0
-3,-4,8,1,103,0
4,5,19,1,103,0
6,-2,46,1,103,0
7,8,56,1,103,0
6,7,57,1,103,0
5,6,61,1,103,0
3,4,67,1,103,0
4,-6,69,1,103,0
3,-3,81,1,103,0
7,-5,82,1,103,0
8,-8,97,1,103,0
1,-7,102,1,103,0
2,4,4,1,103,0
0,-5,44,1,103,0
6,8,53,1,103,0
3,5,59,1,103,0
4,6,59,1,103,0
3,-4,79,1,103,0
5,7,86,1,103,0
7,-6,88,1,103,0
2,-1,96,1,103,0
8,0,102,1,103,0
-5,5,3,1,103,0
9,2,3,1,103,0
0,-6,18,1,103,0
7,0,28,1,103,0
2,5,48,1,103,0
6,-4,64,1,103,0
5,8,83,1,103,0
3,-5,86,1,103,0
4,7,89,1,103,0
2,-2,93,1,103,0
7,-7,99,1,103,0
8,1,102,1,103,0
-4,5,8,1,103,0
-2,-4,14,1,103,0
8,-1,33,1,103,0
1,5,41,1,103,0
5,-2,48,1,103,0
6,-5,67,1,103,0
3,-6,76,1,103,0
2,-3,86,1,103,0
7,-8,94,1,103,0
4,8,95,1,103,0
8,2,97,1,103,0
7,1,97,1,103,0
3,7,102,1,103,0
6,0,102,1,103,0
-4,6,14,1,103,0
-3,5,16,1,103,0
5,0,28,1,103,0
2,7,75,1,103,0
0,5,35,1,103,0
8,-2,43,1,103,0
5,-3,57,1,103,0
6,-6,57,1,103,0
2,-4,59,1,103,0
8,3,91,1,103,0
7,2,92,1,103,0
6,1,96,1,103,0
3,8,97,1,103,0
3,-7,102,1,103,0
-2,-6,5,1,103,0
-4,7,24,1,103,0
-2,5,22,1,103,0
1,7,81,1,103,0
8,-3,47,1,103,0
5,-4,63,1,103,0
8,4,79,1,103,0
7,3,84,1,103,0
2,-5,87,1,103,0
6,-7,91,1,103,0
5,1,91,1,103,0
3,-8,99,1,103,0
0,7,87,1,103,0
-4,8,23,1,103,0
-3,7,32,1,103,0
-1,-4,28,1,103,0
-1,5,29,1,103,0
7,-1,36,1,103,0
8,-4,62,1,103,0
5,-5,73,1,103,0
8,5,77,1,103,0
7,4,83,1,103,0
6,3,83,1,103,0
5,2,86,1,103,0
2,-6,97,1,103,0
-2,6,103,1,103,0
6,-8,102,1,103,0
5,3,11,1,104,0
-2,7,97,1,104,0
7,-2,37,1,104,0
-1,-5,36,1,104,0
5,-6,63,1,104,0
8,6,65,1,104,0
7,5,72,1,104,0
8,-5,75,1,104,0
6,4,76,1,104,0
4,2,83,1,104,0
2,-7,98,1,104,0
-1,7,94,1,104,0
-1,-6,12,1,104,0
6,5,29,1,104,0
7,-3,49,1,104,0
1,-5,52,1,104,0
8,-6,63,1,104,0
8,7,64,1,104,0
4,-4,69,1,104,0
7,6,69,1,104,0
5,4,73,1,104,0
3,2,75,1,104,0
3,-1,102,1,104,0
-1,8,4,1,104,0
4,4,16,1,104,0
6,6,37,1,104,0
6,-1,41,1,104,0
7,7,52,1,104,0
8,8,57,1,104,0
7,-4,64,1,104,0
5,5,69,1,104,0
3,3,74,1,104,0
4,-5,79,1,104,0
1,-6,103,1,104,0
8,-7,103,1,104,0
-3,-4,8,1,104,0
4,5,19,1,104,0
6,-2,46,1,104,0
7,8,56,1,104,0
6,7,57,1,104,0
5,6,61,1,104,0
3,4,67,1,104,0
4,-6,69,1,104,0
3,-3,81,1,104,0
7,-5,82,1,104,0
8,-8,97,1,104,0
1,-7,102,1,104,0
2,4,4,1,104,0
0,-5,44,1,104,0
6,8,53,1,104,0
3,5,59,1,104,0
4,6,59,1,104,0
3,-4,79,1,104,0
5,7,86,1,104,0
7,-6,88,1,104,0
8,0,102,1,104,0
2,-1,103,1,104,0
-5,5,3,1,104,0
9,2,3,1,104,0
0,-6,18,1,104,0
2,5,48,1,104,0
6,-4,64,1,104,0
5,8,83,1,104,0
3,-5,86,1,104,0
4,7,89,1,104,0
2,-2,93,1,104,0
7,-7,99,1,104,0
8,1,103,1,104,0
7,0,103,1,104,0
-4,5,8,1,104,0
-2,-4,14,1,104,0
8,-1,33,1,104,0
1,5,41,1,104,0
5,-2,48,1,104,0
6,-5,67,1,104,0
3,-6,76,1,104,0
2,-3,86,1,104,0
7,-8,94,1,104,0
4,8,95,1,104,0
8,2,97,1,104,0
7,1,97,1,104,0
3,7,103,1,104,0
6,0,103,1,104,0
-4,6,14,1,104,0
-3,5,16,1,104,0
5,0,28,1,104,0
2,7,75,1,104,0
0,5,35,1,104,0
8,-2,43,1,104,0
5,-3,57,1,104,0
6,-6,57,1,104,0
2,-4,59,1,104,0
8,3,91,1,104,0
7,2,92,1,104,0
6,1,96,1,104,0
3,8,97,1,104,0
3,-7,103,1,104,0
-2,-6,5,1,104,0
-4,7,24,1,104,0
-2,5,22,1,104,0
1,7,81,1,104,0
8,-3,47,1,104,0
5,-4,63,1,104,0
8,4,79,1,104,0
7,3,84,1,104,0
2,-5,87,1,104,0
5,1,91,1,104,0
3,-8,99,1,104,0
6,-7,103,1,104,0
0,7,87,1,104,0
-4,8,23,1,104,0
-3,7,32,1,104,0
-1,-4,28,1,104,0
-1,5,29,1,104,0
7,-1,36,1,104,0
8,-4,62,1,104,0
5,-5,73,1,104,0
8,5,77,1,104,0
7,4,83,1,104,0
6,3,83,1,104,0
5,2,86,1,104,0
2,-6,97,1,104,0
-2,6,104,1,104,0
6,-8,102,1,104,0
5,3,11,1,105,0
-2,7,97,1,105,0
7,-2,37,1,105,0
-1,-5,36,1,105,0
5,-6,63,1,105,0
8,6,65,1,105,0
7,5,72,1,105,0
8,-5,75,1,105,0
6,4,76,1,105,0
4,2,83,1,105,0
2,-7,98,1,105,0
-1,7,94,1,105,0
-1,-6,12,1,105,0
6,5,29,1,105,0
7,-3,49,1,105,0
1,-5,52,1,105,0
8,-6,63,1,105,0
8,7,64,1,105,0
4,-4,69,1,105,0
7,6,69,1,105,0
5,4,73,1,105,0
3,2,75,1,105,0
3,-1,102,1,105,0
-1,8,4,1,105,0
4,4,16,1,105,0
6,6,37,1,105,0
6,-1,41,1,105,0
7,7,52,1,105,0
8,8,57,1,105,0
7,-4,64,1,105,0
5,5,69,1,105,0
3,3,74,1,105,0
4,-5,79,1,105,0
1,-6,104,1,105,0
8,-7,104,1,105,0
-3,-4,8,1,105,0
4,5,19,1,105,0
6,-2,46,1,105,0
7,8,56,1,105,0
6,7,57,1,105,0
5,6,61,1,105,0
3,4,67,1,105,0
4,-6,69,1,105,0
3,-3,81,1,105,0
7,-5,82,1,105,0
8,-8,97,1,105,0
1,-7,102,1,105,0
2,4,4,1,105,0
0,-5,44,1,105,0
6,8,53,1,105,0
3,5,59,1,105,0
4,6,59,1,105,0
3,-4,79,1,105,0
5,7,86,1,105,0
7,-6,88,1,105,0
8,0,102,1,105,0
2,-1,104,1,105,0
-5,5,3,1,105,0
9,2,3,1,105,0
0,-6,18,1,105,0
2,5,48,1,105,0
6,-4,64,1,105,0
5,8,83,1,105,0
3,-5,86,1,105,0
4,7,89,1,105,0
2,-2,93,1,105,0
7,-7,99,1,105,0
8,1,104,1,105,0
7,0,104,1,105,0
-4,5,8,1,105,0
-2,-4,14,1,105,0
8,-1,33,1,105,0
1,5,41,1,105,0
5,-2,48,1,105,0
6,-5,67,1,105,0
3,-6,76,1,105,0
2,-3,86,1,105,0
7,-8,94,1,105,0
4,8,95,1,105,0
8,2,97,1,105,0
7,1,97,1,105,0
3,7,104,1,105,0
6,0,104,1,105,0
-4,6,14,1,105,0
-3,5,16,1,105,0
5,0,28,1,105,0
2,7,75,1,105,0
0,5,35,1,105,0
8,-2,43,1,105,0
5,-3,57,1,105,0
6,-6,57,1,105,0
2,-4,59,1,105,0
8,3,91,1,105,0
7,2,92,1,105,0
6,1,96,1,105,0
3,8,97,1,105,0
3,-7,104,1,105,0
-2,-6,5,1,105,0
-4,7,24,1,105,0
-2,5,22,1,105,0
1,7,81,1,105,0
8,-3,47,1,105,0
5,-4,63,1,105,0
8,4,79,1,105,0
7,3,84,1,105,0
2,-5,87,1,105,0
5,1,91,1,105,0
3,-8,99,1,105,0
6,-7,103,1,105,0
0,7,87,1,105,0
-4,8,23,1,105,0
-3,7,32,1,105,0
-1,-4,28,1,105,0
-1,5,29,1,105,0
7,-1,36,1,105,0
8,-4,62,1,105,0
5,-5,73,1,105,0
8,5,77,1,105,0
7,4,83,1,105,0
6,3,83,1,105,0
5,2,86,1,105,0
2,-6,97,1,105,0
-2,6,105,1,105,0
6,-8,102,1,105,0
5,3,11,1,106,0
-2,7,97,1,106,0
7,-2,37,1,106,0
-1,-5,36,1,106,0
5,-6,63,1,106,0
8,6,65,1,106,0
7,5,72,1,106,0
8,-5,75,1,106,0
6,4,76,1,106,0
4,2,83,1,106,0
2,-7,98,1,106,0
-1,7,94,1,106,0
-1,-6,12,1,106,0
6,5,29,1,106,0
7,-3,49,1,106,0
1,-5,52,1,106,0
8,-6,63,1,106,0
8,7,64,1,106,0
4,-4,69,1,106,0
7,6,69,1,106,0
5,4,73,1,106,0
3,2,75,1,106,0
3,-1,102,1,106,0
-1,8,4,1,106,0
4,4,16,1,106,0
6,6,37,1,106,0
6,-1,41,1,106,0
7,7,52,1,106,0
8,8,57,1,106,0
7,-4,64,1,106,0
5,5,69,1,106,0
3,3,74,1,106,0
4,-5,79,1,106,0
8,-7,104,1,106,0
1,-6,105,1,106,0
-3,-4,8,1,106,0
4,5,19,1,106,0
6,-2,46,1,106,0
7,8,56,1,106,0
6,7,57,1,106,0
5,6,61,1,106,0
3,4,67,1,106,0
4,-6,69,1,106,0
3,-3,81,1,106,0
7,-5,82,1,106,0
8,-8,97,1,106,0
1,-7,102,1,106,0
2,4,4,1,106,0
0,-5,44,1,106,0
6,8,53,1,106,0
3,5,59,1,106,0
4,6,59,1,106,0
3,-4,79,1,106,0
5,7,86,1,106,0
7,-6,88,1,106,0
8,0,102,1,106,0
2,-1,105,1,106,0
-5,5,3,1,106,0
9,2,3,1,106,0
0,-6,18,1,106,0
2,5,48,1,106,0
6,-4,64,1,106,0
5,8,83,1,106,0
3,-5,86,1,106,0
4,7,89,1,106,0
2,-2,93,1,106,0
3,6,105,1,106,0
8,1,105,1,106,0
7,0,105,1,106,0
7,-7,105,1,106,0
-4,5,8,1,106,0
-2,-4,14,1,106,0
8,-1,33,1,106,0
1,5,41,1,106,0
5,-2,48,1,106,0
6,-5,67,1,106,0
3,-6,76,1,106,0
2,-3,86,1,106,0
7,-8,94,1,106,0
4,8,95,1,106,0
8,2,97,1,106,0
7,1,97,1,106,0
3,7,104,1,106,0
6,0,105,1,106,0
-4,6,14,1,106,0
-3,5,16,1,106,0
5,0,28,1,106,0
2,7,75,1,106,0
0,5,35,1,106,0
8,-2,43,1,106,0
5,-3,57,1,106,0
6,-6,57,1,106,0
2,-4,59,1,106,0
8,3,91,1,106,0
7,2,92,1,106,0
6,1,96,1,106,0
3,8,97,1,106,0
3,-7,105,1,106,0
-2,-6,5,1,106,0
-4,7,24,1,106,0
-2,5,22,1,106,0
1,7,81,1,106,0
8,-3,47,1,106,0
5,-4,63,1,106,0
8,4,79,1,106,0
7,3,84,1,106,0
2,-5,87,1,106,0
5,1,91,1,106,0
3,-8,99,1,106,0
6,-7,104,1,106,0
0,7,87,1,106,0
-4,8,23,1,106,0
-3,7,32,1,106,0
-1,-4,28,1,106,0
-1,5,29,1,106,0
7,-1,36,1,106,0
8,-4,62,1,106,0
5,-5,73,1,106,0
8,5,77,1,106,0
7,4,83,1,106,0
6,3,83,1,106,0
5,2,86,1,106,0
2,-6,97,1,106,0
-2,6,106,1,106,0
6,-8,102,1,106,0
5,3,11,1,107,0
-2,7,97,1,107,0
7,-2,37,1,107,0
-1,-5,36,1,107,0
5,-6,63,1,107,0
8,6,65,1,107,0
7,5,72,1,107,0
8,-5,75,1,107,0
6,4,76,1,107,0
4,2,83,1,107,0
2,-7,98,1,107,0
-1,7,94,1,107,0
-1,-6,12,1,107,0
6,5,29,1,107,0
7,-3,49,1,107,0
1,-5,52,1,107,0
8,-6,63,1,107,0
8,7,64,1,107,0
4,-4,69,1,107,0
7,6,69,1,107,0
5,4,73,1,107,0
3,2,75,1,107,0
3,-1,102,1,107,0
-1,8,4,1,107,0
4,4,16,1,107,0
6,6,37,1,107,0
6,-1,41,1,107,0
7,7,52,1,107,0
8,8,57,1,107,0
7,-4,64,1,107,0
5,5,69,1,107,0
3,3,74,1,107,0
4,-5,79,1,107,0
8,-7,104,1,107,0
1,-6,106,1,107,0
-3,-4,8,1,107,0
4,5,19,1,107,0
6,-2,46,1,107,0
7,8,56,1,107,0
6,7,57,1,107,0
5,6,61,1,107,0
3,4,67,1,107,0
4,-6,69,1,107,0
3,-3,81,1,107,0
7,-5,82,1,107,0
8,-8,97,1,107,0
1,-7,102,1,107,0
2,4,4,1,107,0
0,-5,44,1,107,0
6,8,53,1,107,0
3,5,59,1,107,0
4,6,59,1,107,0
3,-4,79,1,107,0
5,7,86,1,107,0
7,-6,88,1,107,0
8,0,102,1,107,0
2,-1,106,1,107,0
-5,5,3,1,107,0
9,2,3,1,107,0
0,-6,18,1,107,0
2,5,48,1,107,0
6,-4,64,1,107,0
5,8,83,1,107,0
3,-5,86,1,107,0
4,7,89,1,107,0
2,-2,93,1,107,0
3,6,106,1,107,0
8,1,106,1,107,0
7,0,106,1,107,0
7,-7,106,1,107,0
-4,5,8,1,107,0
-2,-4,14,1,107,0
8,-1,33,1,107,0
1,5,41,1,107,0
5,-2,48,1,107,0
6,-5,67,1,107,0
3,-6,76,1,107,0
2,-3,86,1,107,0
7,-8,94,1,107,0
4,8,95,1,107,0
8,2,97,1,107,0
7,1,97,1,107,0
3,7,104,1,107,0
6,0,105,1,107,0
-4,6,14,1,107,0
-3,5,16,1,107,0
2,7,75,1,107,0
0,5,35,1,107,0
8,-2,43,1,107,0
5,-3,57,1,107,0
6,-6,57,1,107,0
2,-4,59,1,107,0
8,3,91,1,107,0
7,2,92,1,107,0
6,1,96,1,107,0
3,8,97,1,107,0
5,0,106,1,107,0
3,-7,106,1,107,0
-2,-6,5,1,107,0
-4,7,24,1,107,0
-2,5,107,1,107,0
1,7,81,1,107,0
8,-3,47,1,107,0
5,-4,63,1,107,0
8,4,79,1,107,0
7,3,84,1,107,0
2,-5,87,1,107,0
5,1,91,1,107,0
3,-8,99,1,107,0
6,-7,106,1,107,0
0,7,87,1,107,0
-4,8,23,1,107,0
-3,7,32,1,107,0
-1,-4,28,1,107,0
-1,5,29,1,107,0
7,-1,36,1,107,0
8,-4,62,1,107,0
5,-5,73,1,107,0
8,5,77,1,107,0
7,4,83,1,107,0
6,3,83,1,107,0
5,2,86,1,107,0
2,-6,97,1,107,0
-2,6,106,1,107,0
6,-8,102,1,107,0
5,3,11,1,108,0
-2,7,97,1,108,0
7,-2,37,1,108,0
-1,-5,36,1,108,0
5,-6,63,1,108,0
8,6,65,1,108,0
7,5,72,1,108,0
8,-5,75,1,108,0
6,4,76,1,108,0
4,2,83,1,108,0
2,-7,98,1,108,0
-1,7,94,1,108,0
-1,-6,12,1,108,0
6,5,29,1,108,0
7,-3,49,1,108,0
1,-5,52,1,108,0
8,-6,63,1,108,0
8,7,64,1,108,0
4,-4,69,1,108,0
7,6,69,1,108,0
5,4,73,1,108,0
3,2,75,1,108,0
3,-1,102,1,108,0
-1,8,4,1,108,0
4,4,16,1,108,0
6,6,37,1,108,0
6,-1,41,1,108,0
7,7,52,1,108,0
8,8,57,1,108,0
7,-4,64,1,108,0
5,5,69,1,108,0
3,3,74,1,108,0
4,-5,79,1,108,0
8,-7,104,1,108,0
1,-6,107,1,108,0
-3,-4,8,1,108,0
4,5,19,1,108,0
6,-2,46,1,108,0
7,8,56,1,108,0
6,7,57,1,108,0
5,6,61,1,108,0
3,4,67,1,108,0
4,-6,69,1,108,0
3,-3,81,1,108,0
7,-5,82,1,108,0
8,-8,97,1,108,0
1,-7,102,1,108,0
2,4,4,1,108,0
0,-5,44,1,108,0
6,8,53,1,108,0
3,5,59,1,108,0
4,6,59,1,108,0
3,-4,79,1,108,0
5,7,86,1,108,0
8,0,102,1,108,0
2,-1,107,1,108,0
7,-6,107,1,108,0
-5,5,3,1,108,0
9,2,3,1,108,0
0,-6,18,1,108,0
2,5,48,1,108,0
6,-4,64,1,108,0
5,8,83,1,108,0
3,-5,86,1,108,0
4,7,89,1,108,0
2,-2,93,1,108,0
8,1,106,1,108,0
7,-7,106,1,108,0
3,6,107,1,108,0
7,0,107,1,108,0
-4,5,8,1,108,0
-2,-4,14,1,108,0
8,-1,33,1,108,0
1,5,41,1,108,0
5,-2,48,1,108,0
6,-5,67,1,108,0
2,-3,86,1,108,0
7,-8,94,1,108,0
4,8,95,1,108,0
8,2,97,1,108,0
3,7,104,1,108,0
6,0,105,1,108,0
7,1,107,1,108,0
3,-6,107,1,108,0
-4,6,14,1,108,0
-3,5,16,1,108,0
2,7,75,1,108,0
0,5,35,1,108,0
8,-2,43,1,108,0
5,-3,57,1,108,0
6,-6,57,1,108,0
2,-4,59,1,108,0
8,3,91,1,108,0
7,2,92,1,108,0
6,1,96,1,108,0
3,8,97,1,108,0
3,-7,106,1,108,0
5,0,107,1,108,0
-2,-6,5,1,108,0
-4,7,24,1,108,0
-2,5,108,1,108,0
1,7,81,1,108,0
8,-3,47,1,108,0
5,-4,63,1,108,0
8,4,79,1,108,0
7,3,84,1,108,0
2,-5,87,1,108,0
5,1,91,1,108,0
3,-8,99,1,108,0
6,-7,107,1,108,0
0,7,87,1,108,0
-4,8,23,1,108,0
-3,7,32,1,108,0
-1,-4,28,1,108,0
-1,5,29,1,108,0
7,-1,36,1,108,0
8,-4,62,1,108,0
5,-5,73,1,108,0
8,5,77,1,108,0
7,4,83,1,108,0
6,3,83,1,108,0
5,2,86,1,108,0
2,-6,97,1,108,0
-2,6,106,1,108,0
6,-8,102,1,108,0
5,3,11,1,109,0
-2,7,97,1,109,0
7,-2,37,1,109,0
-1,-5,36,1,109,0
5,-6,63,1,109,0
8,6,65,1,109,0
7,5,72,1,109,0
8,-5,75,1,109,0
6,4,76,1,109,0
4,2,83,1,109,0
2,-7,98,1,109,0
-1,7,94,1,109,0
-1,-6,12,1,109,0
6,5,29,1,109,0
7,-3,49,1,109,0
1,-5,52,1,109,0
8,-6,63,1,109,0
8,7,64,1,109,0
4,-4,69,1,109,0
7,6,69,1,109,0
5,4,73,1,109,0
3,2,75,1,109,0
3,-1,102,1,109,0
-1,8,4,1,109,0
4,4,16,1,109,0
6,6,37,1,109,0
6,-1,41,1,109,0
7,7,52,1,109,0
8,8,57,1,109,0
7,-4,64,1,109,0
5,5,69,1,109,0
3,3,74,1,109,0
4,-5,79,1,109,0
8,-7,104,1,109,0
1,-6,108,1,109,0
-3,-4,8,1,109,0
4,5,19,1,109,0
6,-2,46,1,109,0
7,8,56,1,109,0
6,7,57,1,109,0
5,6,61,1,109,0
3,4,67,1,109,0
4,-6,69,1,109,0
3,-3,81,1,109,0
7,-5,82,1,109,0
8,-8,97,1,109,0
1,-7,102,1,109,0
2,4,4,1,109,0
0,-5,44,1,109,0
6,8,53,1,109,0
3,5,59,1,109,0
4,6,59,1,109,0
3,-4,79,1,109,0
5,7,86,1,109,0
8,0,102,1,109,0
2,-1,108,1,109,0
7,-6,108,1,109,0
-5,5,3,1,109,0
9,2,3,1,109,0
0,-6,18,1,109,0
2,5,48,1,109,0
6,-4,64,1,109,0
5,8,83,1,109,0
3,-5,86,1,109,0
4,7,89,1,109,0
2,-2,93,1,109,0
8,1,106,1,109,0
7,-7,106,1,109,0
3,6,108,1,109,0
7,0,108,1,109,0
-4,5,8,1,109,0
-2,-4,14,1,109,0
8,-1,33,1,109,0
1,5,41,1,109,0
5,-2,48,1,109,0
6,-5,67,1,109,0
2,-3,86,1,109,0
7,-8,94,1,109,0
4,8,95,1,109,0
8,2,97,1,109,0
3,7,104,1,109,0
6,0,105,1,109,0
7,1,108,1,109,0
3,-6,108,1,109,0
-4,6,14,1,109,0
-3,5,16,1,109,0
2,7,75,1,109,0
0,5,35,1,109,0
8,-2,43,1,109,0
5,-3,57,1,109,0
6,-6,57,1,109,0
2,-4,59,1,109,0
8,3,91,1,109,0
7,2,92,1,109,0
6,1,96,1,109,0
3,8,97,1,109,0
3,-7,106,1,109,0
5,0,108,1,109,0
-2,-6,5,1,109,0
-4,7,24,1,109,0
-2,5,109,1,109,0
1,7,81,1,109,0
8,-3,47,1,109,0
5,-4,63,1,109,0
8,4,79,1,109,0
7,3,84,1,109,0
2,-5,87,1,109,0
5,1,91,1,109,0
3,-8,99,1,109,0
6,-7,108,1,109,0
0,7,87,1,109,0
-4,8,23,1,109,0
-3,7,32,1,109,0
-1,-4,28,1,109,0
-1,5,29,1,109,0
7,-1,36,1,109,0
8,-4,62,1,109,0
5,-5,73,1,109,0
8,5,77,1,109,0
7,4,83,1,109,0
6,3,83,1,109,0
5,2,86,1,109,0
2,-6,97,1,109,0
-2,6,106,1,109,0
6,-8,102,1,109,0
5,3,11,1,110,0
-2,7,97,1,110,0
7,-2,37,1,110,0
-1,-5,36,1,110,0
5,-6,63,1,110,0
8,6,65,1,110,0
7,5,72,1,110,0
8,-5,75,1,110,0
6,4,76,1,110,0
4,2,83,1,110,0
2,-7,98,1,110,0
-1,7,94,1,110,0
-1,-6,12,1,110,0
6,5,29,1,110,0
7,-3,49,1,110,0
1,-5,52,1,110,0
8,-6,63,1,110,0
8,7,64,1,110,0
4,-4,69,1,110,0
7,6,69,1,110,0
5,4,73,1,110,0
3,2,75,1,110,0
3,-1,102,1,110,0
1,0,109,1,110,0
-1,8,4,1,110,0
4,4,16,1,110,0
6,6,37,1,110,0
6,-1,41,1,110,0
7,7,52,1,110,0
8,8,57,1,110,0
7,-4,64,1,110,0
5,5,69,1,110,0
3,3,74,1,110,0
4,-5,79,1,110,0
8,-7,104,1,110,0
1,-6,109,1,110,0
-3,-4,8,1,110,0
4,5,19,1,110,0
6,-2,46,1,110,0
7,8,56,1,110,0
6,7,57,1,110,0
5,6,61,1,110,0
3,4,67,1,110,0
4,-6,69,1,110,0
3,-3,81,1,110,0
7,-5,82,1,110,0
8,-8,97,1,110,0
1,-7,102,1,110,0
2,4,4,1,110,0
0,-5,44,1,110,0
6,8,53,1,110,0
3,5,59,1,110,0
4,6,59,1,110,0
3,-4,79,1,110,0
5,7,86,1,110,0
8,0,102,1,110,0
2,-1,108,1,110,0
7,-6,109,1,110,0
-5,5,3,1,110,0
9,2,3,1,110,0
0,-6,18,1,110,0
2,5,48,1,110,0
6,-4,64,1,110,0
5,8,83,1,110,0
3,-5,86,1,110,0
4,7,89,1,110,0
2,-2,93,1,110,0
8,1,106,1,110,0
7,-7,106,1,110,0
3,6,108,1,110,0
7,0,108,1,110,0
-4,5,8,1,110,0
-2,-4,14,1,110,0
8,-1,33,1,110,0
1,5,41,1,110,0
5,-2,48,1,110,0
6,-5,67,1,110,0
2,-3,86,1,110,0
7,-8,94,1,110,0
4,8,95,1,110,0
8,2,97,1,110,0
3,7,104,1,110,0
2,6,109,1,110,0
7,1,109,1,110,0
3,-6,109,1,110,0
6,0,109,1,110,0
-4,6,14,1,110,0
-3,5,16,1,110,0
2,7,75,1,110,0
0,5,35,1,110,0
8,-2,43,1,110,0
5,-3,57,1,110,0
6,-6,57,1,110,0
2,-4,59,1,110,0
8,3,91,1,110,0
7,2,92,1,110,0
6,1,96,1,110,0
3,8,97,1,110,0
3,-7,106,1,110,0
5,0,109,1,110,0
-2,-6,5,1,110,0
-4,7,24,1,110,0
-2,5,109,1,110,0
1,7,81,1,110,0
8,-3,47,1,110,0
5,-4,63,1,110,0
8,4,79,1,110,0
7,3,84,1,110,0
2,-5,87,1,110,0
5,1,91,1,110,0
3,-8,99,1,110,0
6,-7,109,1,110,0
0,7,87,1,110,0
-4,8,23,1,110,0
-3,7,32,1,110,0
-1,-4,28,1,110,0
-1,5,29,1,110,0
7,-1,36,1,110,0
8,-4,62,1,110,0
5,-5,73,1,110,0
8,5,77,1,110,0
7,4,83,1,110,0
6,3,83,1,110,0
5,2,86,1,110,0
2,-6,97,1,110,0
-2,6,106,1,110,0
6,-8,102,1,110,0
5,3,11,1,111,0
-2,7,97,1,111,0
7,-2,37,1,111,0
-1,-5,36,1,111,0
5,-6,63,1,111,0
8,6,65,1,111,0
7,5,72,1,111,0
8,-5,75,1,111,0
6,4,76,1,111,0
4,2,83,1,111,0
2,-7,98,1,111,0
-1,7,94,1,111,0
-1,-6,12,1,111,0
6,5,29,1,111,0
7,-3,49,1,111,0
1,-5,52,1,111,0
8,-6,63,1,111,0
8,7,64,1,111,0
4,-4,69,1,111,0
7,6,69,1,111,0
5,4,73,1,111,0
3,2,75,1,111,0
3,-1,102,1,111,0
1,0,109,1,111,0
-1,8,4,1,111,0
4,4,16,1,111,0
6,6,37,1,111,0
6,-1,41,1,111,0
7,7,52,1,111,0
8,8,57,1,111,0
7,-4,64,1,111,0
5,5,69,1,111,0
3,3,74,1,111,0
4,-5,79,1,111,0
8,-7,104,1,111,0
1,-6,109,1,111,0
-3,-4,8,1,111,0
4,5,19,1,111,0
6,-2,46,1,111,0
7,8,56,1,111,0
6,7,57,1,111,0
5,6,61,1,111,0
3,4,67,1,111,0
4,-6,69,1,111,0
3,-3,81,1,111,0
7,-5,82,1,111,0
8,-8,97,1,111,0
1,-7,102,1,111,0
2,4,4,1,111,0
0,-5,44,1,111,0
6,8,53,1,111,0
3,5,59,1,111,0
4,6,59,1,111,0
3,-4,79,1,111,0
5,7,86,1,111,0
8,0,102,1,111,0
2,-1,108,1,111,0
7,-6,109,1,111,0
-5,5,3,1,111,0
9,2,3,1,111,0
0,-6,18,1,111,0
2,5,48,1,111,0
6,-4,64,1,111,0
5,8,83,1,111,0
3,-5,86,1,111,0
4,7,89,1,111,0
2,-2,93,1,111,0
8,1,106,1,111,0
7,-7,106,1,111,0
3,6,108,1,111,0
7,0,108,1,111,0
-4,5,8,1,111,0
-2,-4,14,1,111,0
8,-1,33,1,111,0
1,5,41,1,111,0
5,-2,48,1,111,0
6,-5,67,1,111,0
2,-3,86,1,111,0
7,-8,94,1,111,0
4,8,95,1,111,0
8,2,97,1,111,0
3,7,104,1,111,0
2,6,109,1,111,0
7,1,109,1,111,0
3,-6,109,1,111,0
6,0,109,1,111,0
-4,6,14,1,111,0
-3,5,16,1,111,0
2,7,75,1,111,0
0,5,35,1,111,0
8,-2,43,1,111,0
5,-3,57,1,111,0
6,-6,57,1,111,0
2,-4,59,1,111,0
8,3,91,1,111,0
7,2,92,1,111,0
6,1,96,1,111,0
3,8,97,1,111,0
3,-7,106,1,111,0
5,0,109,1,111,0
-2,-6,5,1,111,0
-4,7,24,1,111,0
-2,5,111,1,111,0
1,7,81,1,111,0
8,-3,47,1,111,0
5,-4,63,1,111,0
8,4,79,1,111,0
7,3,84,1,111,0
2,-5,87,1,111,0
5,1,91,1,111,0
3,-8,99,1,111,0
6,-7,109,1,111,0
0,7,87,1,111,0
-4,8,23,1,111,0
-3,7,32,1,111,0
-1,-4,28,1,111,0
-1,5,29,1,111,0
7,-1,36,1,111,0
8,-4,62,1,111,0
5,-5,73,1,111,0
8,5,77,1,111,0
7,4,83,1,111,0
6,3,83,1,111,0
5,2,86,1,111,0
2,-6,97,1,111,0
-2,6,106,1,111,0
6,-8,102,1,111,0
5,3,11,1,112,0
-2,7,97,1,112,0
7,-2,37,1,112,0
-1,-5,36,1,112,0
8,6,65,1,112,0
7,5,72,1,112,0
8,-5,75,1,112,0
6,4,76,1,112,0
4,2,83,1,112,0
2,-7,98,1,112,0
5,-6,111,1,112,0
-1,7,94,1,112,0
-1,-6,12,1,112,0
6,5,29,1,112,0
7,-3,49,1,112,0
8,-6,63,1,112,0
8,7,64,1,112,0
4,-4,69,1,112,0
7,6,69,1,112,0
5,4,73,1,112,0
3,2,75,1,112,0
3,-1,102,1,112,0
1,-5,111,1,112,0
1,0,111,1,112,0
-1,8,4,1,112,0
4,4,16,1,112,0
6,6,37,1,112,0
6,-1,41,1,112,0
7,7,52,1,112,0
8,8,57,1,112,0
7,-4,64,1,112,0
5,5,69,1,112,0
3,3,74,1,112,0
4,-5,79,1,112,0
8,-7,104,1,112,0
1,-6,109,1,112,0
-3,-4,8,1,112,0
4,5,19,1,112,0
6,-2,46,1,112,0
7,8,56,1,112,0
6,7,57,1,112,0
5,6,61,1,112,0
3,4,67,1,112,0
4,-6,69,1,112,0
3,-3,81,1,112,0
7,-5,82,1,112,0
8,-8,97,1,112,0
1,-7,102,1,112,0
2,4,4,1,112,0
0,-5,44,1,112,0
6,8,53,1,112,0
3,5,59,1,112,0
4,6,59,1,112,0
3,-4,79,1,112,0
5,7,86,1,112,0
8,0,102,1,112,0
2,-1,108,1,112,0
7,-6,111,1,112,0
-5,5,3,1,112,0
9,2,3,1,112,0
0,-6,18,1,112,0
2,5,48,1,112,0
6,-4,64,1,112,0
5,8,83,1,112,0
3,-5,86,1,112,0
4,7,89,1,112,0
2,-2,93,1,112,0
8,1,106,1,112,0
7,-7,106,1,112,0
3,6,108,1,112,0
7,0,108,1,112,0
-4,5,8,1,112,0
-2,-4,14,1,112,0
8,-1,33,1,112,0
1,5,41,1,112,0
5,-2,48,1,112,0
6,-5,67,1,112,0
2,-3,86,1,112,0
7,-8,94,1,112,0
4,8,95,1,112,0
8,2,97,1,112,0
3,7,104,1,112,0
3,-6,109,1,112,0
2,6,111,1,112,0
7,1,111,1,112,0
6,0,111,1,112,0
-4,6,14,1,112,0
-3,5,16,1,112,0
2,7,75,1,112,0
0,5,35,1,112,0
8,-2,43,1,112,0
5,-3,57,1,112,0
6,-6,57,1,112,0
2,-4,59,1,112,0
8,3,91,1,112,0
7,2,92,1,112,0
6,1,96,1,112,0
3,8,97,1,112,0
3,-7,106,1,112,0
5,0,111,1,112,0
-2,-6,5,1,112,0
-4,7,24,1,112,0
-2,5,112,1,112,0
1,7,81,1,112,0
8,-3,47,1,112,0
5,-4,63,1,112,0
8,4,79,1,112,0
7,3,84,1,112,0
2,-5,87,1,112,0
5,1,91,1,112,0
3,-8,99,1,112,0
6,-7,109,1,112,0
0,7,87,1,112,0
-4,8,23,1,112,0
-3,7,32,1,112,0
-1,-4,28,1,112,0
-1,5,29,1,112,0
7,-1,36,1,112,0
8,-4,62,1,112,0
5,-5,73,1,112,0
8,5,77,1,112,0
7,4,83,1,112,0
6,3,83,1,112,0
5,2,86,1,112,0
-2,6,106,1,112,0
6,-8,102,1,112,0
2,-6,111,1,112,0
5,3,11,1,113,0
-2,7,97,1,113,0
7,-2,37,1,113,0
-1,-5,36,1,113,0
8,6,65,1,113,0
7,5,72,1,113,0
8,-5,75,1,113,0
6,4,76,1,113,0
4,2,83,1,113,0
2,-7,98,1,113,0
5,-6,112,1,113,0
-1,7,94,1,113,0
-1,-6,12,1,113,0
6,5,29,1,113,0
7,-3,49,1,113,0
8,-6,63,1,113,0
8,7,64,1,113,0
4,-4,69,1,113,0
7,6,69,1,113,0
5,4,73,1,113,0
3,2,75,1,113,0
3,-1,102,1,113,0
1,-5,112,1,113,0
1,0,112,1,113,0
-1,8,4,1,113,0
4,4,16,1,113,0
6,6,37,1,113,0
6,-1,41,1,113,0
7,7,52,1,113,0
8,8,57,1,113,0
7,-4,64,1,113,0
5,5,69,1,113,0
3,3,74,1,113,0
4,-5,79,1,113,0
8,-7,104,1,113,0
1,-6,109,1,113,0
-3,-4,8,1,113,0
4,5,19,1,113,0
6,-2,46,1,113,0
7,8,56,1,113,0
6,7,57,1,113,0
5,6,61,1,113,0
3,4,67,1,113,0
4,-6,69,1,113,0
3,-3,81,1,113,0
7,-5,82,1,113,0
8,-8,97,1,113,0
1,-7,102,1,113,0
2,4,4,1,113,0
0,-5,44,1,113,0
6,8,53,1,113,0
3,5,59,1,113,0
4,6,59,1,113,0
3,-4,79,1,113,0
5,7,86,1,113,0
8,0,102,1,113,0
2,-1,108,1,113,0
7,-6,112,1,113,0
-5,5,3,1,113,0
9,2,3,1,113,0
0,-6,18,1,113,0
6,-4,64,1,113,0
5,8,83,1,113,0
3,-5,86,1,113,0
4,7,89,1,113,0
2,-2,93,1,113,0
8,1,106,1,113,0
7,-7,106,1,113,0
3,6,108,1,113,0
7,0,108,1,113,0
2,5,112,1,113,0
-4,5,8,1,113,0
-2,-4,14,1,113,0
8,-1,33,1,113,0
1,5,41,1,113,0
5,-2,48,1,113,0
6,-5,67,1,113,0
2,-3,86,1,113,0
7,-8,94,1,113,0
4,8,95,1,113,0
8,2,97,1,113,0
3,7,104,1,113,0
3,-6,109,1,113,0
2,6,111,1,113,0
7,1,112,1,113,0
6,0,112,1,113,0
-4,6,14,1,113,0
-3,5,16,1,113,0
2,7,75,1,113,0
0,5,35,1,113,0
8,-2,43,1,113,0
5,-3,57,1,113,0
6,-6,57,1,113,0
2,-4,59,1,113,0
8,3,91,1,113,0
7,2,92,1,113,0
6,1,96,1,113,0
3,8,97,1,113,0
3,-7,106,1,113,0
5,0,111,1,113,0
-2,-6,5,1,113,0
-4,7,24,1,113,0
-2,5,112,1,113,0
1,7,81,1,113,0
8,-3,47,1,113,0
5,-4,63,1,113,0
8,4,79,1,113,0
7,3,84,1,113,0
2,-5,87,1,113,0
5,1,91,1,113,0
3,-8,99,1,113,0
6,-7,109,1,113,0
4,0,112,1,113,0
0,7,87,1,113,0
-4,8,23,1,113,0
-3,7,32,1,113,0
-1,-4,28,1,113,0
-1,5,113,1,113,0
7,-1,36,1,113,0
8,-4,62,1,113,0
5,-5,73,1,113,0
8,5,77,1,113,0
7,4,83,1,113,0
6,3,83,1,113,0
5,2,86,1,113,0
-2,6,106,1,113,0
6,-8,102,1,113,0
2,-6,112,1,113,0
5,3,11,1,114,0
-2,7,97,1,114,0
7,-2,37,1,114,0
-1,-5,36,1,114,0
8,6,65,1,114,0
7,5,72,1,114,0
8,-5,75,1,114,0
6,4,76,1,114,0
4,2,83,1,114,0
2,-7,98,1,114,0
5,-6,113,1,114,0
-1,7,94,1,114,0
-1,-6,12,1,114,0
6,5,29,1,114,0
7,-3,49,1,114,0
8,-6,63,1,114,0
8,7,64,1,114,0
4,-4,69,1,114,0
7,6,69,1,114,0
5,4,73,1,114,0
3,2,75,1,114,0
3,-1,102,1,114,0
1,-5,113,1,114,0
1,0,113,1,114,0
-1,8,4,1,114,0
4,4,16,1,114,0
6,6,37,1,114,0
6,-1,41,1,114,0
7,7,52,1,114,0
8,8,57,1,114,0
7,-4,64,1,114,0
5,5,69,1,114,0
3,3,74,1,114,0
4,-5,79,1,114,0
8,-7,104,1,114,0
1,-6,109,1,114,0
-3,-4,8,1,114,0
4,5,19,1,114,0
6,-2,46,1,114,0
7,8,56,1,114,0
6,7,57,1,114,0
5,6,61,1,114,0
3,4,67,1,114,0
4,-6,69,1,114,0
3,-3,81,1,114,0
7,-5,82,1,114,0
8,-8,97,1,114,0
1,-7,102,1,114,0
2,4,4,1,114,0
0,-5,44,1,114,0
6,8,53,1,114,0
3,5,59,1,114,0
4,6,59,1,114,0
3,-4,79,1,114,0
5,7,86,1,114,0
8,0,102,1,114,0
2,-1,108,1,114,0
7,-6,112,1,114,0
-5,5,3,1,114,0
9,2,3,1,114,0
0,-6,18,1,114,0
6,-4,64,1,114,0
5,8,83,1,114,0
3,-5,86,1,114,0
4,7,89,1,114,0
2,-2,93,1,114,0
8,1,106,1,114,0
7,-7,106,1,114,0
3,6,108,1,114,0
7,0,108,1,114,0
2,5,113,1,114,0
-4,5,8,1,114,0
-2,-4,14,1,114,0
8,-1,33,1,114,0
1,5,41,1,114,0
5,-2,48,1,114,0
6,-5,67,1,114,0
2,-3,86,1,114,0
7,-8,94,1,114,0
4,8,95,1,114,0
8,2,97,1,114,0
3,7,104,1,114,0
3,-6,109,1,114,0
2,6,111,1,114,0
7,1,112,1,114,0
6,0,113,1,114,0
-4,6,14,1,114,0
-3,5,16,1,114,0
2,7,75,1,114,0
0,5,35,1,114,0
8,-2,43,1,114,0
5,-3,57,1,114,0
2,-4,59,1,114,0
8,3,91,1,114,0
7,2,92,1,114,0
3,8,97,1,114,0
3,-7,106,1,114,0
5,0,111,1,114,0
6,1,113,1,114,0
6,-6,113,1,114,0
-2,-6,5,1,114,0
-4,7,24,1,114,0
-2,5,112,1,114,0
1,7,81,1,114,0
8,-3,47,1,114,0
5,-4,63,1,114,0
8,4,79,1,114,0
7,3,84,1,114,0
2,-5,87,1,114,0
5,1,91,1,114,0
3,-8,99,1,114,0
6,-7,109,1,114,0
4,0,113,1,114,0
-1,4,114,1,114,0
0,7,87,1,114,0
-4,8,23,1,114,0
-3,7,32,1,114,0
-1,-4,28,1,114,0
-1,5,113,1,114,0
7,-1,36,1,114,0
8,-4,62,1,114,0
5,-5,73,1,114,0
8,5,77,1,114,0
7,4,83,1,114,0
6,3,83,1,114,0
5,2,86,1,114,0
-2,6,106,1,114,0
6,-8,102,1,114,0
2,-6,113,1,114,0
5,3,11,1,115,0
-2,7,97,1,115,0
7,-2,37,1,115,0
-1,-5,36,1,115,0
8,6,65,1,115,0
7,5,72,1,115,0
8,-5,75,1,115,0
6,4,76,1,115,0
4,2,83,1,115,0
2,-7,98,1,115,0
5,-6,114,1,115,0
-1,7,94,1,115,0
-1,-6,12,1,115,0
6,5,29,1,115,0
7,-3,49,1,115,0
8,-6,63,1,115,0
8,7,64,1,115,0
4,-4,69,1,115,0
7,6,69,1,115,0
5,4,73,1,115,0
3,2,75,1,115,0
3,-1,102,1,115,0
1,-5,114,1,115,0
1,0,114,1,115,0
-1,8,4,1,115,0
4,4,16,1,115,0
6,6,37,1,115,0
6,-1,41,1,115,0
7,7,52,1,115,0
8,8,57,1,115,0
7,-4,64,1,115,0
5,5,69,1,115,0
3,3,74,1,115,0
4,-5,79,1,115,0
8,-7,104,1,115,0
1,-6,109,1,115,0
-3,-4,8,1,115,0
4,5,19,1,115,0
6,-2,46,1,115,0
7,8,56,1,115,0
6,7,57,1,115,0
5,6,61,1,115,0
3,4,67,1,115,0
4,-6,69,1,115,0
3,-3,81,1,115,0
7,-5,82,1,115,0
8,-8,97,1,115,0
1,-7,102,1,115,0
2,4,4,1,115,0
0,-5,44,1,115,0
6,8,53,1,115,0
3,5,59,1,115,0
4,6,59,1,115,0
3,-4,79,1,115,0
5,7,86,1,115,0
8,0,102,1,115,0
2,-1,108,1,115,0
7,-6,112,1,115,0
-5,5,3,1,115,0
9,2,3,1,115,0
0,-6,18,1,115,0
6,-4,64,1,115,0
5,8,83,1,115,0
3,-5,86,1,115,0
4,7,89,1,115,0
2,-2,93,1,115,0
8,1,106,1,115,0
7,-7,106,1,115,0
3,6,108,1,115,0
7,0,108,1,115,0
2,5,114,1,115,0
-4,5,8,1,115,0
-2,-4,14,1,115,0
8,-1,33,1,115,0
1,5,41,1,115,0
5,-2,48,1,115,0
6,-5,67,1,115,0
2,-3,86,1,115,0
7,-8,94,1,115,0
4,8,95,1,115,0
8,2,97,1,115,0
3,7,104,1,115,0
3,-6,109,1,115,0
2,6,111,1,115,0
7,1,112,1,115,0
6,0,114,1,115,0
-4,6,14,1,115,0
-3,5,16,1,115,0
2,7,75,1,115,0
0,5,35,1,115,0
8,-2,43,1,115,0
5,-3,57,1,115,0
2,-4,59,1,115,0
8,3,91,1,115,0
7,2,92,1,115,0
3,8,97,1,115,0
3,-7,106,1,115,0
5,0,111,1,115,0
6,1,114,1,115,0
6,-6,114,1,115,0
-2,-6,5,1,115,0
-4,7,24,1,115,0
-2,5,112,1,115,0
1,7,81,1,115,0
8,-3,47,1,115,0
5,-4,63,1,115,0
8,4,79,1,115,0
7,3,84,1,115,0
5,1,91,1,115,0
3,-8,99,1,115,0
6,-7,109,1,115,0
-1,4,115,1,115,0
4,0,114,1,115,0
2,-5,114,1,115,0
0,7,87,1,115,0
-4,8,23,1,115,0
-3,7,32,1,115,0
-1,-4,28,1,115,0
-1,5,113,1,115,0
7,-1,36,1,115,0
8,-4,62,1,115,0
5,-5,73,1,115,0
8,5,77,1,115,0
7,4,83,1,115,0
6,3,83,1,115,0
5,2,86,1,115,0
-2,6,106,1,115,0
6,-8,102,1,115,0
2,-6,113,1,115,0
5,3,11,1,116,0
-2,7,97,1,116,0
7,-2,37,1,116,0
-1,-5,36,1,116,0
8,6,65,1,116,0
7,5,72,1,116,0
8,-5,75,1,116,0
6,4,76,1,116,0
4,2,83,1,116,0
2,-7,98,1,116,0
5,-6,115,1,116,0
-1,7,94,1,116,0
-1,-6,12,1,116,0
6,5,29,1,116,0
7,-3,49,1,116,0
8,-6,63,1,116,0
8,7,64,1,116,0
4,-4,69,1,116,0
7,6,69,1,116,0
5,4,73,1,116,0
3,2,75,1,116,0
3,-1,102,1,116,0
1,-5,115,1,116,0
1,0,115,1,116,0
-1,8,4,1,116,0
4,4,16,1,116,0
6,6,37,1,116,0
6,-1,41,1,116,0
7,7,52,1,116,0
8,8,57,1,116,0
7,-4,64,1,116,0
5,5,69,1,116,0
3,3,74,1,116,0
4,-5,79,1,116,0
8,-7,104,1,116,0
1,-6,109,1,116,0
-3,-4,8,1,116,0
4,5,19,1,116,0
6,-2,46,1,116,0
7,8,56,1,116,0
6,7,57,1,116,0
5,6,61,1,116,0
3,4,67,1,116,0
4,-6,69,1,116,0
3,-3,81,1,116,0
7,-5,82,1,116,0
8,-8,97,1,116,0
1,-7,102,1,116,0
2,4,4,1,116,0
0,-5,44,1,116,0
6,8,53,1,116,0
3,5,59,1,116,0
4,6,59,1,116,0
3,-4,79,1,116,0
5,7,86,1,116,0
8,0,102,1,116,0
2,-1,108,1,116,0
7,-6,112,1,116,0
-5,5,3,1,116,0
9,2,3,1,116,0
0,-6,18,1,116,0
6,-4,64,1,116,0
5,8,83,1,116,0
3,-5,86,1,116,0
4,7,89,1,116,0
2,-2,93,1,116,0
8,1,106,1,116,0
7,-7,106,1,116,0
3,6,108,1,116,0
7,0,108,1,116,0
2,5,115,1,116,0
-4,5,8,1,116,0
-2,-4,14,1,116,0
8,-1,33,1,116,0
1,5,41,1,116,0
5,-2,48,1,116,0
6,-5,67,1,116,0
2,-3,86,1,116,0
7,-8,94,1,116,0
4,8,95,1,116,0
8,2,97,1,116,0
3,7,104,1,116,0
3,-6,109,1,116,0
2,6,111,1,116,0
7,1,112,1,116,0
6,0,114,1,116,0
-4,6,14,1,116,0
-3,5,16,1,116,0
2,7,75,1,116,0
0,5,35,1,116,0
8,-2,43,1,116,0
5,-3,57,1,116,0
2,-4,59,1,116,0
8,3,91,1,116,0
7,2,92,1,116,0
3,8,97,1,116,0
3,-7,106,1,116,0
6,1,115,1,116,0
5,0,115,1,116,0
6,-6,115,1,116,0
-2,-6,5,1,116,0
-4,7,24,1,116,0
-2,5,112,1,116,0
1,7,81,1,116,0
8,-3,47,1,116,0
5,-4,63,1,116,0
8,4,79,1,116,0
7,3,84,1,116,0
5,1,91,1,116,0
3,-8,99,1,116,0
6,-7,109,1,116,0
-1,4,116,1,116,0
4,0,115,1,116,0
2,-5,115,1,116,0
0,7,87,1,116,0
-4,8,23,1,116,0
-3,7,32,1,116,0
-1,-4,28,1,116,0
-1,5,113,1,116,0
7,-1,36,1,116,0
8,-4,62,1,116,0
5,-5,73,1,116,0
8,5,77,1,116,0
7,4,83,1,116,0
6,3,83,1,116,0
5,2,86,1,116,0
-2,6,106,1,116,0
6,-8,102,1,116,0
2,-6,113,1,116,0
5,3,11,1,117,0
-2,7,97,1,117,0
7,-2,37,1,117,0
-1,-5,36,1,117,0
8,6,65,1,117,0
7,5,72,1,117,0
8,-5,75,1,117,0
6,4,76,1,117,0
4,2,83,1,117,0
2,-7,98,1,117,0
5,-6,116,1,117,0
1,-4,116,1,117,0
-1,7,94,1,117,0
-1,-6,12,1,117,0
6,5,29,1,117,0
7,-3,49,1,117,0
8,-6,63,1,117,0
8,7,64,1,117,0
4,-4,69,1,117,0
7,6,69,1,117,0
5,4,73,1,117,0
3,2,75,1,117,0
3,-1,102,1,117,0
1,-5,115,1,117,0
1,0,115,1,117,0
-1,8,4,1,117,0
4,4,16,1,117,0
6,6,37,1,117,0
6,-1,41,1,117,0
7,7,52,1,117,0
8,8,57,1,117,0
7,-4,64,1,117,0
5,5,69,1,117,0
3,3,74,1,117,0
4,-5,79,1,117,0
8,-7,104,1,117,0
1,-6,109,1,117,0
0,0,116,1,117,0
-3,-4,8,1,117,0
4,5,19,1,117,0
6,-2,46,1,117,0
7,8,56,1,117,0
6,7,57,1,117,0
5,6,61,1,117,0
3,4,67,1,117,0
4,-6,69,1,117,0
3,-3,81,1,117,0
7,-5,82,1,117,0
8,-8,97,1,117,0
1,-7,102,1,117,0
2,4,4,1,117,0
0,-5,44,1,117,0
6,8,53,1,117,0
3,5,59,1,117,0
4,6,59,1,117,0
3,-4,79,1,117,0
5,7,86,1,117,0
8,0,102,1,117,0
2,-1,108,1,117,0
7,-6,112,1,117,0
-5,5,3,1,117,0
9,2,3,1,117,0
0,-6,18,1,117,0
6,-4,64,1,117,0
5,8,83,1,117,0
3,-5,86,1,117,0
4,7,89,1,117,0
2,-2,93,1,117,0
8,1,106,1,117,0
7,-7,106,1,117,0
3,6,108,1,117,0
7,0,108,1,117,0
2,5,116,1,117,0
-4,5,8,1,117,0
-2,-4,14,1,117,0
8,-1,33,1,117,0
1,5,41,1,117,0
5,-2,48,1,117,0
2,-3,86,1,117,0
7,-8,94,1,117,0
4,8,95,1,117,0
8,2,97,1,117,0
3,7,104,1,117,0
3,-6,109,1,117,0
2,6,111,1,117,0
7,1,112,1,117,0
6,0,114,1,117,0
6,-5,116,1,117,0
-4,6,14,1,117,0
-3,5,16,1,117,0
2,7,75,1,117,0
0,5,35,1,117,0
8,-2,43,1,117,0
5,-3,57,1,117,0
2,-4,59,1,117,0
8,3,91,1,117,0
7,2,92,1,117,0
3,8,97,1,117,0
3,-7,106,1,117,0
6,-6,115,1,117,0
6,1,116,1,117,0
5,0,116,1,117,0
-2,-6,5,1,117,0
-4,7,24,1,117,0
-2,5,112,1,117,0
1,7,81,1,117,0
8,-3,47,1,117,0
5,-4,63,1,117,0
8,4,79,1,117,0
7,3,84,1,117,0
5,1,91,1,117,0
3,-8,99,1,117,0
6,-7,109,1,117,0
-1,4,117,1,117,0
2,-5,115,1,117,0
4,0,116,1,117,0
0,7,87,1,117,0
-4,8,23,1,117,0
-3,7,32,1,117,0
-1,-4,28,1,117,0
-1,5,113,1,117,0
7,-1,36,1,117,0
8,-4,62,1,117,0
5,-5,73,1,117,0
8,5,77,1,117,0
7,4,83,1,117,0
6,3,83,1,117,0
5,2,86,1,117,0
-2,6,106,1,117,0
6,-8,102,1,117,0
2,-6,113,1,117,0
5,3,11,1,118,0
-2,7,97,1,118,0
7,-2,37,1,118,0
-1,-5,36,1,118,0
8,6,65,1,118,0
7,5,72,1,118,0
8,-5,75,1,118,0
6,4,76,1,118,0
4,2,83,1,118,0
2,-7,98,1,118,0
5,-6,117,1,118,0
1,-4,117,1,118,0
-1,7,94,1,118,0
-1,-6,12,1,118,0
6,5,29,1,118,0
7,-3,49,1,118,0
8,-6,63,1,118,0
8,7,64,1,118,0
4,-4,69,1,118,0
7,6,69,1,118,0
5,4,73,1,118,0
3,2,75,1,118,0
3,-1,102,1,118,0
1,-5,115,1,118,0
1,0,115,1,118,0
-1,8,4,1,118,0
4,4,16,1,118,0
6,6,37,1,118,0
6,-1,41,1,118,0
7,7,52,1,118,0
8,8,57,1,118,0
7,-4,64,1,118,0
5,5,69,1,118,0
3,3,74,1,118,0
4,-5,79,1,118,0
8,-7,104,1,118,0
1,-6,109,1,118,0
0,0,117,1,118,0
-3,-4,8,1,118,0
4,5,19,1,118,0
6,-2,46,1,118,0
7,8,56,1,118,0
6,7,57,1,118,0
5,6,61,1,118,0
3,4,67,1,118,0
4,-6,69,1,118,0
3,-3,81,1,118,0
7,-5,82,1,118,0
8,-8,97,1,118,0
1,-7,102,1,118,0
2,4,4,1,118,0
0,-5,44,1,118,0
6,8,53,1,118,0
3,5,59,1,118,0
4,6,59,1,118,0
3,-4,79,1,118,0
5,7,86,1,118,0
8,0,102,1,118,0
2,-1,108,1,118,0
7,-6,112,1,118,0
-5,5,3,1,118,0
9,2,3,1,118,0
0,-6,18,1,118,0
6,-4,64,1,118,0
5,8,83,1,118,0
3,-5,86,1,118,0
4,7,89,1,118,0
2,-2,93,1,118,0
8,1,106,1,118,0
7,-7,106,1,118,0
3,6,108,1,118,0
7,0,108,1,118,0
2,5,117,1,118,0
-4,5,8,1,118,0
-2,-4,14,1,118,0
8,-1,33,1,118,0
1,5,41,1,118,0
5,-2,48,1,118,0
2,-3,86,1,118,0
7,-8,94,1,118,0
4,8,95,1,118,0
8,2,97,1,118,0
3,7,104,1,118,0
3,-6,109,1,118,0
2,6,111,1,118,0
7,1,112,1,118,0
6,0,114,1,118,0
6,-5,117,1,118,0
-4,6,14,1,118,0
-3,5,16,1,118,0
2,7,75,1,118,0
0,5,35,1,118,0
8,-2,43,1,118,0
5,-3,57,1,118,0
2,-4,59,1,118,0
8,3,91,1,118,0
7,2,92,1,118,0
3,8,97,1,118,0
3,-7,106,1,118,0
6,-6,115,1,118,0
6,1,117,1,118,0
5,0,117,1,118,0
-2,-6,5,1,118,0
-4,7,24,1,118,0
-2,5,112,1,118,0
1,7,81,1,118,0
8,-3,47,1,118,0
5,-4,63,1,118,0
8,4,79,1,118,0
7,3,84,1,118,0
5,1,91,1,118,0
3,-8,99,1,118,0
6,-7,109,1,118,0
-1,4,118,1,118,0
4,0,117,1,118,0
2,-5,117,1,118,0
0,7,87,1,118,0
-4,8,23,1,118,0
-3,7,32,1,118,0
-1,-4,28,1,118,0
-1,5,113,1,118,0
7,-1,36,1,118,0
8,-4,62,1,118,0
5,-5,73,1,118,0
8,5,77,1,118,0
7,4,83,1,118,0
6,3,83,1,118,0
5,2,86,1,118,0
-2,6,106,1,118,0
6,-8,102,1,118,0
2,-6,113,1,118,0
5,3,11,1,119,0
-2,7,97,1,119,0
7,-2,37,1,119,0
-1,-5,36,1,119,0
8,6,65,1,119,0
7,5,72,1,119,0
8,-5,75,1,119,0
6,4,76,1,119,0
4,2,83,1,119,0
2,-7,98,1,119,0
5,-6,118,1,119,0
1,-4,118,1,119,0
-1,7,94,1,119,0
-1,-6,12,1,119,0
6,5,29,1,119,0
7,-3,49,1,119,0
8,-6,63,1,119,0
8,7,64,1,119,0
4,-4,69,1,119,0
7,6,69,1,119,0
5,4,73,1,119,0
3,2,75,1,119,0
3,-1,102,1,119,0
1,-5,115,1,119,0
1,0,115,1,119,0
-1,8,4,1,119,0
4,4,16,1,119,0
6,6,37,1,119,0
6,-1,41,1,119,0
7,7,52,1,119,0
8,8,57,1,119,0
7,-4,64,1,119,0
5,5,69,1,119,0
3,3,74,1,119,0
4,-5,79,1,119,0
8,-7,104,1,119,0
1,-6,109,1,119,0
0,0,118,1,119,0
-3,-4,8,1,119,0
4,5,19,1,119,0
6,-2,46,1,119,0
7,8,56,1,119,0
6,7,57,1,119,0
5,6,61,1,119,0
3,4,67,1,119,0
4,-6,69,1,119,0
3,-3,81,1,119,0
7,-5,82,1,119,0
8,-8,97,1,119,0
1,-7,102,1,119,0
2,4,4,1,119,0
0,-5,44,1,119,0
6,8,53,1,119,0
3,5,59,1,119,0
4,6,59,1,119,0
3,-4,79,1,119,0
5,7,86,1,119,0
8,0,102,1,119,0
2,-1,108,1,119,0
7,-6,112,1,119,0
-5,5,3,1,119,0
9,2,3,1,119,0
0,-6,18,1,119,0
6,-4,64,1,119,0
5,8,83,1,119,0
3,-5,86,1,119,0
4,7,89,1,119,0
2,-2,93,1,119,0
8,1,106,1,119,0
7,-7,106,1,119,0
3,6,108,1,119,0
7,0,108,1,119,0
2,5,118,1,119,0
-4,5,8,1,119,0
-2,-4,14,1,119,0
8,-1,33,1,119,0
1,5,41,1,119,0
5,-2,48,1,119,0
2,-3,86,1,119,0
7,-8,94,1,119,0
4,8,95,1,119,0
8,2,97,1,119,0
3,7,104,1,119,0
3,-6,109,1,119,0
2,6,111,1,119,0
7,1,112,1,119,0
6,0,114,1,119,0
6,-5,118,1,119,0
-4,6,14,1,119,0
-3,5,16,1,119,0
2,7,75,1,119,0
0,5,35,1,119,0
8,-2,43,1,119,0
5,-3,57,1,119,0
2,-4,59,1,119,0
8,3,91,1,119,0
7,2,92,1,119,0
3,8,97,1,119,0
3,-7,106,1,119,0
6,-6,115,1,119,0
6,1,118,1,119,0
5,0,118,1,119,0
-2,-6,5,1,119,0
-4,7,24,1,119,0
-2,5,112,1,119,0
1,7,81,1,119,0
8,-3,47,1,119,0
5,-4,63,1,119,0
8,4,79,1,119,0
7,3,84,1,119,0
5,1,91,1,119,0
3,-8,99,1,119,0
6,-7,109,1,119,0
-1,4,119,1,119,0
4,0,117,1,119,0
2,-5,118,1,119,0
0,7,87,1,119,0
-4,8,23,1,119,0
-3,7,32,1,119,0
-1,-4,28,1,119,0
-1,5,113,1,119,0
7,-1,36,1,119,0
8,-4,62,1,119,0
5,-5,73,1,119,0
8,5,77,1,119,0
7,4,83,1,119,0
6,3,83,1,119,0
5,2,86,1,119,0
-2,6,106,1,119,0
6,-8,102,1,119,0
2,-6,113,1,119,0
3,0,118,1,119,0
5,3,11,1,120,0
-2,7,97,1,120,0
7,-2,37,1,120,0
-1,-5,36,1,120,0
8,6,65,1,120,0
7,5,72,1,120,0
8,-5,75,1,120,0
6,4,76,1,120,0
4,2,83,1,120,0
2,-7,98,1,120,0
5,-6,118,1,120,0
1,-4,118,1,120,0
-1,7,94,1,120,0
-1,-6,12,1,120,0
6,5,29,1,120,0
7,-3,49,1,120,0
8,-6,63,1,120,0
8,7,64,1,120,0
4,-4,69,1,120,0
7,6,69,1,120,0
5,4,73,1,120,0
3,2,75,1,120,0
3,-1,102,1,120,0
1,-5,115,1,120,0
1,0,115,1,120,0
-1,8,4,1,120,0
4,4,16,1,120,0
6,6,37,1,120,0
6,-1,41,1,120,0
7,7,52,1,120,0
8,8,57,1,120,0
7,-4,64,1,120,0
5,5,69,1,120,0
3,3,74,1,120,0
4,-5,79,1,120,0
8,-7,104,1,120,0
1,-6,109,1,120,0
0,0,119,1,120,0
-3,-4,8,1,120,0
4,5,19,1,120,0
6,-2,46,1,120,0
7,8,56,1,120,0
6,7,57,1,120,0
5,6,61,1,120,0
3,4,67,1,120,0
4,-6,69,1,120,0
3,-3,81,1,120,0
7,-5,82,1,120,0
8,-8,97,1,120,0
1,-7,102,1,120,0
0,-5,44,1,120,0
6,8,53,1,120,0
3,5,59,1,120,0
4,6,59,1,120,0
3,-4,79,1,120,0
5,7,86,1,120,0
8,0,102,1,120,0
2,-1,108,1,120,0
7,-6,112,1,120,0
2,4,119,1,120,0
-5,5,3,1,120,0
9,2,3,1,120,0
0,-6,18,1,120,0
6,-4,64,1,120,0
5,8,83,1,120,0
3,-5,86,1,120,0
4,7,89,1,120,0
2,-2,93,1,120,0
8,1,106,1,120,0
7,-7,106,1,120,0
3,6,108,1,120,0
7,0,108,1,120,0
2,5,118,1,120,0
-4,5,8,1,120,0
-2,-4,14,1,120,0
8,-1,33,1,120,0
1,5,41,1,120,0
5,-2,48,1,120,0
2,-3,86,1,120,0
7,-8,94,1,120,0
4,8,95,1,120,0
8,2,97,1,120,0
3,7,104,1,120,0
3,-6,109,1,120,0
2,6,111,1,120,0
7,1,112,1,120,0
6,0,114,1,120,0
6,-5,119,1,120,0
-4,6,14,1,120,0
-3,5,16,1,120,0
2,7,75,1,120,0
0,5,35,1,120,0
8,-2,43,1,120,0
5,-3,57,1,120,0
2,-4,59,1,120,0
8,3,91,1,120,0
7,2,92,1,120,0
3,8,97,1,120,0
3,-7,106,1,120,0
6,-6,115,1,120,0
6,1,118,1,120,0
5,0,119,1,120,0
-2,-6,5,1,120,0
-4,7,24,1,120,0
-2,5,112,1,120,0
1,7,81,1,120,0
8,-3,47,1,120,0
5,-4,63,1,120,0
8,4,79,1,120,0
7,3,84,1,120,0
3,-8,99,1,120,0
6,-7,109,1,120,0
-1,4,119,1,120,0
4,0,117,1,120,0
5,1,119,1,120,0
2,-5,119,1,120,0
0,7,87,1,120,0
-4,8,23,1,120,0
-3,7,32,1,120,0
-1,-4,28,1,120,0
-1,5,113,1,120,0
7,-1,36,1,120,0
8,-4,62,1,120,0
8,5,77,1,120,0
7,4,83,1,120,0
6,3,83,1,120,0
5,2,86,1,120,0
-2,6,106,1,120,0
6,-8,102,1,120,0
2,-6,113,1,120,0
5,-5,119,1,120,0
3,0,119,1,120,0
5,3,11,1,121,0
-2,7,97,1,121,0
7,-2,37,1,121,0
-1,-5,36,1,121,0
8,6,65,1,121,0
7,5,72,1,121,0
8,-5,75,1,121,0
6,4,76,1,121,0
4,2,83,1,121,0
2,-7,98,1,121,0
5,-6,118,1,121,0
1,-4,119,1,121,0
-1,7,94,1,121,0
-1,-6,12,1,121,0
6,5,29,1,121,0
7,-3,49,1,121,0
8,-6,63,1,121,0
8,7,64,1,121,0
4,-4,69,1,121,0
7,6,69,1,121,0
5,4,73,1,121,0
3,2,75,1,121,0
3,-1,102,1,121,0
1,-5,115,1,121,0
1,0,115,1,121,0
-1,8,4,1,121,0
4,4,16,1,121,0
6,6,37,1,121,0
6,-1,41,1,121,0
7,7,52,1,121,0
8,8,57,1,121,0
7,-4,64,1,121,0
5,5,69,1,121,0
3,3,74,1,121,0
4,-5,79,1,121,0
8,-7,104,1,121,0
1,-6,109,1,121,0
0,0,119,1,121,0
-3,-4,8,1,121,0
4,5,19,1,121,0
6,-2,46,1,121,0
7,8,56,1,121,0
6,7,57,1,121,0
5,6,61,1,121,0
3,4,67,1,121,0
4,-6,69,1,121,0
3,-3,81,1,121,0
7,-5,82,1,121,0
8,-8,97,1,121,0
1,-7,102,1,121,0
0,-5,44,1,121,0
6,8,53,1,121,0
3,5,59,1,121,0
4,6,59,1,121,0
3,-4,79,1,121,0
5,7,86,1,121,0
8,0,102,1,121,0
2,-1,108,1,121,0
7,-6,112,1,121,0
2,4,119,1,121,0
-5,5,3,1,121,0
9,2,3,1,121,0
0,-6,18,1,121,0
6,-4,64,1,121,0
5,8,83,1,121,0
3,-5,86,1,121,0
4,7,89,1,121,0
2,-2,93,1,121,0
8,1,106,1,121,0
7,-7,106,1,121,0
3,6,108,1,121,0
7,0,108,1,121,0
2,5,118,1,121,0
-4,5,8,1,121,0
-2,-4,14,1,121,0
8,-1,33,1,121,0
1,5,41,1,121,0
5,-2,48,1,121,0
2,-3,86,1,121,0
7,-8,94,1,121,0
4,8,95,1,121,0
8,2,97,1,121,0
3,7,104,1,121,0
3,-6,109,1,121,0
2,6,111,1,121,0
7,1,112,1,121,0
6,0,114,1,121,0
6,-5,119,1,121,0
-4,6,14,1,121,0
-3,5,16,1,121,0
2,7,75,1,121,0
0,5,35,1,121,0
8,-2,43,1,121,0
5,-3,57,1,121,0
2,-4,59,1,121,0
8,3,91,1,121,0
7,2,92,1,121,0
3,8,97,1,121,0
3,-7,106,1,121,0
6,-6,115,1,121,0
6,1,118,1,121,0
5,0,119,1,121,0
-1,3,121,1,121,0
-2,-6,5,1,121,0
-4,7,24,1,121,0
-2,5,112,1,121,0
1,7,81,1,121,0
8,-3,47,1,121,0
5,-4,63,1,121,0
8,4,79,1,121,0
7,3,84,1,121,0
3,-8,99,1,121,0
6,-7,109,1,121,0
-1,4,119,1,121,0
4,0,117,1,121,0
5,1,119,1,121,0
2,-5,119,1,121,0
0,7,87,1,121,0
-4,8,23,1,121,0
-3,7,32,1,121,0
-1,-4,28,1,121,0
-1,5,113,1,121,0
7,-1,36,1,121,0
8,-4,62,1,121,0
8,5,77,1,121,0
7,4,83,1,121,0
6,3,83,1,121,0
5,2,86,1,121,0
-2,6,106,1,121,0
6,-8,102,1,121,0
2,-6,113,1,121,0
5,-5,119,1,121,0
3,0,119,1,121,0
5,3,11,1,122,0
-2,7,97,1,122,0
7,-2,37,1,122,0
-1,-5,36,1,122,0
8,6,65,1,122,0
7,5,72,1,122,0
8,-5,75,1,122,0
6,4,76,1,122,0
4,2,83,1,122,0
2,-7,98,1,122,0
5,-6,118,1,122,0
1,-4,121,1,122,0
-1,7,94,1,122,0
-1,-6,12,1,122,0
6,5,29,1,122,0
7,-3,49,1,122,0
8,-6,63,1,122,0
8,7,64,1,122,0
4,-4,69,1,122,0
7,6,69,1,122,0
5,4,73,1,122,0
3,2,75,1,122,0
3,-1,102,1,122,0
1,-5,115,1,122,0
1,0,115,1,122,0
-1,8,4,1,122,0
4,4,16,1,122,0
6,6,37,1,122,0
6,-1,41,1,122,0
7,7,52,1,122,0
8,8,57,1,122,0
7,-4,64,1,122,0
5,5,69,1,122,0
3,3,74,1,122,0
8,-7,104,1,122,0
1,-6,109,1,122,0
4,-5,121,1,122,0
0,0,121,1,122,0
-3,-4,8,1,122,0
4,5,19,1,122,0
6,-2,46,1,122,0
7,8,56,1,122,0
6,7,57,1,122,0
5,6,61,1,122,0
3,4,67,1,122,0
4,-6,69,1,122,0
3,-3,81,1,122,0
7,-5,82,1,122,0
8,-8,97,1,122,0
1,-7,102,1,122,0
0,-5,44,1,122,0
6,8,53,1,122,0
3,5,59,1,122,0
4,6,59,1,122,0
3,-4,79,1,122,0
5,7,86,1,122,0
8,0,102,1,122,0
2,-1,108,1,122,0
7,-6,112,1,122,0
2,4,121,1,122,0
-5,5,3,1,122,0
9,2,3,1,122,0
0,-6,18,1,122,0
6,-4,64,1,122,0
5,8,83,1,122,0
3,-5,86,1,122,0
4,7,89,1,122,0
2,-2,93,1,122,0
8,1,106,1,122,0
7,-7,106,1,122,0
3,6,108,1,122,0
7,0,108,1,122,0
2,5,118,1,122,0
-4,5,8,1,122,0
-2,-4,14,1,122,0
8,-1,33,1,122,0
1,5,41,1,122,0
5,-2,48,1,122,0
2,-3,86,1,122,0
7,-8,94,1,122,0
4,8,95,1,122,0
8,2,97,1,122,0
3,7,104,1,122,0
3,-6,109,1,122,0
2,6,111,1,122,0
7,1,112,1,122,0
6,0,114,1,122,0
6,-5,119,1,122,0
-4,6,14,1,122,0
-3,5,16,1,122,0
2,7,75,1,122,0
0,5,35,1,122,0
8,-2,43,1,122,0
5,-3,57,1,122,0
8,3,91,1,122,0
7,2,92,1,122,0
3,8,97,1,122,0
3,-7,106,1,122,0
6,-6,115,1,122,0
6,1,118,1,122,0
5,0,119,1,122,0
-1,3,122,1,122,0
2,-4,121,1,122,0
-2,-6,5,1,122,0
-4,7,24,1,122,0
-2,5,112,1,122,0
1,7,81,1,122,0
8,-3,47,1,122,0
5,-4,63,1,122,0
8,4,79,1,122,0
7,3,84,1,122,0
3,-8,99,1,122,0
6,-7,109,1,122,0
-1,4,119,1,122,0
2,-5,119,1,122,0
5,1,121,1,122,0
4,0,121,1,122,0
0,7,87,1,122,0
-4,8,23,1,122,0
-3,7,32,1,122,0
-1,-4,28,1,122,0
-1,5,113,1,122,0
7,-1,36,1,122,0
8,-4,62,1,122,0
8,5,77,1,122,0
7,4,83,1,122,0
6,3,83,1,122,0
5,2,86,1,122,0
-2,6,106,1,122,0
6,-8,102,1,122,0
2,-6,113,1,122,0
3,0,121,1,122,0
5,-5,121,1,122,0
5,3,11,1,123,0
-2,7,97,1,123,0
7,-2,37,1,123,0
-1,-5,36,1,123,0
8,6,65,1,123,0
7,5,72,1,123,0
8,-5,75,1,123,0
6,4,76,1,123,0
4,2,83,1,123,0
2,-7,98,1,123,0
5,-6,118,1,123,0
1,-4,122,1,123,0
-1,7,94,1,123,0
-1,-6,12,1,123,0
6,5,29,1,123,0
7,-3,49,1,123,0
8,-6,63,1,123,0
8,7,64,1,123,0
4,-4,69,1,123,0
7,6,69,1,123,0
5,4,73,1,123,0
3,2,75,1,123,0
3,-1,102,1,123,0
1,-5,115,1,123,0
1,0,115,1,123,0
-1,8,4,1,123,0
4,4,16,1,123,0
6,6,37,1,123,0
6,-1,41,1,123,0
7,7,52,1,123,0
8,8,57,1,123,0
7,-4,64,1,123,0
5,5,69,1,123,0
3,3,74,1,123,0
8,-7,104,1,123,0
1,-6,109,1,123,0
0,0,121,1,123,0
4,-5,122,1,123,0
-3,-4,8,1,123,0
4,5,19,1,123,0
6,-2,46,1,123,0
7,8,56,1,123,0
6,7,57,1,123,0
5,6,61,1,123,0
3,4,67,1,123,0
4,-6,69,1,123,0
3,-3,81,1,123,0
7,-5,82,1,123,0
8,-8,97,1,123,0
1,-7,102,1,123,0
0,-5,44,1,123,0
6,8,53,1,123,0
3,5,59,1,123,0
4,6,59,1,123,0
3,-4,79,1,123,0
5,7,86,1,123,0
8,0,102,1,123,0
2,-1,108,1,123,0
7,-6,112,1,123,0
2,4,122,1,123,0
-1,0,122,1,123,0
-5,5,3,1,123,0
9,2,3,1,123,0
0,-6,18,1,123,0
6,-4,64,1,123,0
5,8,83,1,123,0
3,-5,86,1,123,0
4,7,89,1,123,0
2,-2,93,1,123,0
8,1,106,1,123,0
7,-7,106,1,123,0
3,6,108,1,123,0
7,0,108,1,123,0
2,5,118,1,123,0
-4,5,8,1,123,0
-2,-4,14,1,123,0
8,-1,33,1,123,0
1,5,41,1,123,0
5,-2,48,1,123,0
2,-3,86,1,123,0
7,-8,94,1,123,0
4,8,95,1,123,0
8,2,97,1,123,0
3,7,104,1,123,0
3,-6,109,1,123,0
2,6,111,1,123,0
7,1,112,1,123,0
6,0,114,1,123,0
6,-5,119,1,123,0
-4,6,14,1,123,0
-3,5,16,1,123,0
2,7,75,1,123,0
0,5,35,1,123,0
8,-2,43,1,123,0
5,-3,57,1,123,0
8,3,91,1,123,0
7,2,92,1,123,0
3,8,97,1,123,0
3,-7,106,1,123,0
6,-6,115,1,123,0
6,1,118,1,123,0
5,0,119,1,123,0
-1,3,123,1,123,0
2,-4,122,1,123,0
-2,-6,5,1,123,0
-4,7,24,1,123,0
-2,5,112,1,123,0
1,7,81,1,123,0
8,-3,47,1,123,0
5,-4,63,1,123,0
8,4,79,1,123,0
7,3,84,1,123,0
3,-8,99,1,123,0
6,-7,109,1,123,0
-1,4,119,1,123,0
2,-5,119,1,123,0
5,1,122,1,123,0
4,0,122,1,123,0
0,7,87,1,123,0
-4,8,23,1,123,0
-3,7,32,1,123,0
-1,-4,28,1,123,0
-1,5,113,1,123,0
7,-1,36,1,123,0
8,-4,62,1,123,0
8,5,77,1,123,0
7,4,83,1,123,0
6,3,83,1,123,0
5,2,86,1,123,0
-2,6,106,1,123,0
6,-8,102,1,123,0
2,-6,113,1,123,0
3,0,122,1,123,0
5,-5,122,1,123,0
5,3,11,1,124,0
-2,7,97,1,124,0
7,-2,37,1,124,0
-1,-5,36,1,124,0
8,6,65,1,124,0
7,5,72,1,124,0
8,-5,75,1,124,0
6,4,76,1,124,0
4,2,83,1,124,0
2,-7,98,1,124,0
5,-6,118,1,124,0
1,-4,122,1,124,0
-1,7,94,1,124,0
-1,-6,12,1,124,0
6,5,29,1,124,0
7,-3,49,1,124,0
8,-6,63,1,124,0
8,7,64,1,124,0
4,-4,69,1,124,0
7,6,69,1,124,0
5,4,73,1,124,0
3,2,75,1,124,0
3,-1,102,1,124,0
1,-5,115,1,124,0
1,0,115,1,124,0
-1,8,4,1,124,0
4,4,16,1,124,0
6,6,37,1,124,0
6,-1,41,1,124,0
7,7,52,1,124,0
8,8,57,1,124,0
7,-4,64,1,124,0
5,5,69,1,124,0
3,3,74,1,124,0
8,-7,104,1,124,0
1,-6,109,1,124,0
0,0,121,1,124,0
4,-5,123,1,124,0
-3,-4,8,1,124,0
4,5,19,1,124,0
6,-2,46,1,124,0
7,8,56,1,124,0
6,7,57,1,124,0
5,6,61,1,124,0
3,4,67,1,124,0
4,-6,69,1,124,0
3,-3,81,1,124,0
7,-5,82,1,124,0
8,-8,97,1,124,0
1,-7,102,1,124,0
0,-5,44,1,124,0
6,8,53,1,124,0
3,5,59,1,124,0
4,6,59,1,124,0
3,-4,79,1,124,0
5,7,86,1,124,0
8,0,102,1,124,0
2,-1,108,1,124,0
7,-6,112,1,124,0
2,4,123,1,124,0
-1,0,123,1,124,0
-5,5,3,1,124,0
9,2,3,1,124,0
0,-6,18,1,124,0
6,-4,64,1,124,0
5,8,83,1,124,0
3,-5,86,1,124,0
4,7,89,1,124,0
2,-2,93,1,124,0
8,1,106,1,124,0
7,-7,106,1,124,0
3,6,108,1,124,0
7,0,108,1,124,0
2,5,118,1,124,0
-4,5,8,1,124,0
-2,-4,14,1,124,0
8,-1,33,1,124,0
1,5,41,1,124,0
5,-2,48,1,124,0
2,-3,86,1,124,0
7,-8,94,1,124,0
4,8,95,1,124,0
8,2,97,1,124,0
3,7,104,1,124,0
3,-6,109,1,124,0
2,6,111,1,124,0
7,1,112,1,124,0
6,0,114,1,124,0
6,-5,119,1,124,0
-4,6,14,1,124,0
-3,5,16,1,124,0
2,7,75,1,124,0
0,5,35,1,124,0
8,-2,43,1,124,0
5,-3,57,1,124,0
8,3,91,1,124,0
7,2,92,1,124,0
3,8,97,1,124,0
3,-7,106,1,124,0
6,-6,115,1,124,0
6,1,118,1,124,0
5,0,119,1,124,0
-1,3,124,1,124,0
2,-4,123,1,124,0
-2,-6,5,1,124,0
-4,7,24,1,124,0
-2,5,112,1,124,0
1,7,81,1,124,0
8,-3,47,1,124,0
5,-4,63,1,124,0
8,4,79,1,124,0
7,3,84,1,124,0
3,-8,99,1,124,0
6,-7,109,1,124,0
-1,4,119,1,124,0
2,-5,119,1,124,0
5,1,123,1,124,0
4,0,123,1,124,0
0,7,87,1,124,0
-4,8,23,1,124,0
-3,7,32,1,124,0
-1,-4,28,1,124,0
-1,5,113,1,124,0
7,-1,36,1,124,0
8,-4,62,1,124,0
8,5,77,1,124,0
7,4,83,1,124,0
6,3,83,1,124,0
5,2,86,1,124,0
-2,6,106,1,124,0
6,-8,102,1,124,0
2,-6,113,1,124,0
1,-3,123,1,124,0
3,0,123,1,124,0
5,-5,123,1,124,0
5,3,11,1,125,0
-2,7,97,1,125,0
7,-2,37,1,125,0
-1,-5,36,1,125,0
8,6,65,1,125,0
7,5,72,1,125,0
8,-5,75,1,125,0
6,4,76,1,125,0
4,2,83,1,125,0
2,-7,98,1,125,0
5,-6,118,1,125,0
1,-4,122,1,125,0
2,0,124,1,125,0
-1,7,94,1,125,0
-1,-6,12,1,125,0
6,5,29,1,125,0
7,-3,49,1,125,0
8,-6,63,1,125,0
8,7,64,1,125,0
4,-4,69,1,125,0
7,6,69,1,125,0
5,4,73,1,125,0
3,2,75,1,125,0
3,-1,102,1,125,0
1,-5,115,1,125,0
1,0,115,1,125,0
-1,8,4,1,125,0
4,4,16,1,125,0
6,6,37,1,125,0
6,-1,41,1,125,0
7,7,52,1,125,0
8,8,57,1,125,0
7,-4,64,1,125,0
5,5,69,1,125,0
3,3,74,1,125,0
8,-7,104,1,125,0
1,-6,109,1,125,0
0,0,121,1,125,0
4,-5,124,1,125,0
-3,-4,8,1,125,0
4,5,19,1,125,0
6,-2,46,1,125,0
7,8,56,1,125,0
6,7,57,1,125,0
5,6,61,1,125,0
3,4,67,1,125,0
4,-6,69,1,125,0
3,-3,81,1,125,0
7,-5,82,1,125,0
8,-8,97,1,125,0
1,-7,102,1,125,0
0,-5,44,1,125,0
6,8,53,1,125,0
3,5,59,1,125,0
4,6,59,1,125,0
3,-4,79,1,125,0
5,7,86,1,125,0
8,0,102,1,125,0
2,-1,108,1,125,0
7,-6,112,1,125,0
2,4,124,1,125,0
-1,0,124,1,125,0
-5,5,3,1,125,0
9,2,3,1,125,0
0,-6,18,1,125,0
6,-4,64,1,125,0
5,8,83,1,125,0
3,-5,86,1,125,0
4,7,89,1,125,0
2,-2,93,1,125,0
8,1,106,1,125,0
7,-7,106,1,125,0
3,6,108,1,125,0
7,0,108,1,125,0
2,5,118,1,125,0
-4,5,8,1,125,0
-2,-4,14,1,125,0
8,-1,33,1,125,0
1,5,41,1,125,0
5,-2,48,1,125,0
2,-3,86,1,125,0
7,-8,94,1,125,0
4,8,95,1,125,0
8,2,97,1,125,0
3,7,104,1,125,0
3,-6,109,1,125,0
2,6,111,1,125,0
7,1,112,1,125,0
6,0,114,1,125,0
6,-5,119,1,125,0
-4,6,14,1,125,0
-3,5,16,1,125,0
2,7,75,1,125,0
0,5,35,1,125,0
8,-2,43,1,125,0
5,-3,57,1,125,0
8,3,91,1,125,0
7,2,92,1,125,0
3,8,97,1,125,0
3,-7,106,1,125,0
6,-6,115,1,125,0
6,1,118,1,125,0
5,0,119,1,125,0
-1,3,125,1,125,0
2,-4,124,1,125,0
-2,-6,5,1,125,0
-4,7,24,1,125,0
-2,5,112,1,125,0
1,7,81,1,125,0
8,-3,47,1,125,0
5,-4,63,1,125,0
8,4,79,1,125,0
7,3,84,1,125,0
3,-8,99,1,125,0
6,-7,109,1,125,0
-1,4,119,1,125,0
2,-5,119,1,125,0
5,1,124,1,125,0
4,0,124,1,125,0
0,7,87,1,125,0
-4,8,23,1,125,0
-3,7,32,1,125,0
-1,-4,28,1,125,0
-1,5,113,1,125,0
7,-1,36,1,125,0
8,-4,62,1,125,0
8,5,77,1,125,0
7,4,83,1,125,0
6,3,83,1,125,0
5,2,86,1,125,0
-2,6,106,1,125,0
6,-8,102,1,125,0
2,-6,113,1,125,0
3,0,123,1,125,0
1,-3,124,1,125,0
5,-5,124,1,125,0
5,3,11,1,126,0
-2,7,97,1,126,0
7,-2,37,1,126,0
-1,-5,36,1,126,0
8,6,65,1,126,0
7,5,72,1,126,0
8,-5,75,1,126,0
6,4,76,1,126,0
4,2,83,1,126,0
2,-7,98,1,126,0
5,-6,118,1,126,0
1,-4,122,1,126,0
2,0,125,1,126,0
-1,7,94,1,126,0
-1,-6,12,1,126,0
6,5,29,1,126,0
7,-3,49,1,126,0
8,-6,63,1,126,0
8,7,64,1,126,0
4,-4,69,1,126,0
7,6,69,1,126,0
5,4,73,1,126,0
3,2,75,1,126,0
3,-1,102,1,126,0
1,-5,115,1,126,0
1,0,115,1,126,0
-1,8,4,1,126,0
4,4,16,1,126,0
6,6,37,1,126,0
6,-1,41,1,126,0
7,7,52,1,126,0
8,8,57,1,126,0
7,-4,64,1,126,0
5,5,69,1,126,0
3,3,74,1,126,0
8,-7,104,1,126,0
1,-6,109,1,126,0
0,0,121,1,126,0
4,-5,125,1,126,0
-3,-4,8,1,126,0
4,5,19,1,126,0
6,-2,46,1,126,0
7,8,56,1,126,0
6,7,57,1,126,0
5,6,61,1,126,0
3,4,67,1,126,0
4,-6,69,1,126,0
3,-3,81,1,126,0
7,-5,82,1,126,0
8,-8,97,1,126,0
1,-7,102,1,126,0
0,-5,44,1,126,0
6,8,53,1,126,0
3,5,59,1,126,0
4,6,59,1,126,0
3,-4,79,1,126,0
5,7,86,1,126,0
8,0,102,1,126,0
2,-1,108,1,126,0
7,-6,112,1,126,0
2,4,124,1,126,0
1,3,125,1,126,0
-1,0,125,1,126,0
-5,5,3,1,126,0
9,2,3,1,126,0
0,-6,18,1,126,0
6,-4,64,1,126,0
5,8,83,1,126,0
3,-5,86,1,126,0
4,7,89,1,126,0
2,-2,93,1,126,0
8,1,106,1,126,0
7,-7,106,1,126,0
3,6,108,1,126,0
7,0,108,1,126,0
2,5,118,1,126,0
-4,5,8,1,126,0
-2,-4,14,1,126,0
8,-1,33,1,126,0
1,5,41,1,126,0
5,-2,48,1,126,0
2,-3,86,1,126,0
7,-8,94,1,126,0
4,8,95,1,126,0
8,2,97,1,126,0
3,7,104,1,126,0
3,-6,109,1,126,0
2,6,111,1,126,0
7,1,112,1,126,0
6,0,114,1,126,0
6,-5,119,1,126,0
-4,6,14,1,126,0
-3,5,16,1,126,0
2,7,75,1,126,0
0,5,35,1,126,0
8,-2,43,1,126,0
5,-3,57,1,126,0
8,3,91,1,126,0
7,2,92,1,126,0
3,8,97,1,126,0
3,-7,106,1,126,0
6,-6,115,1,126,0
6,1,118,1,126,0
5,0,119,1,126,0
-1,3,126,1,126,0
2,-4,125,1,126,0
-2,-6,5,1,126,0
-4,7,24,1,126,0
-2,5,112,1,126,0
1,7,81,1,126,0
8,-3,47,1,126,0
8,4,79,1,126,0
7,3,84,1,126,0
3,-8,99,1,126,0
6,-7,109,1,126,0
-1,4,119,1,126,0
2,-5,119,1,126,0
5,1,125,1,126,0
4,0,125,1,126,0
5,-4,125,1,126,0
0,7,87,1,126,0
-4,8,23,1,126,0
-3,7,32,1,126,0
-1,-4,28,1,126,0
-1,5,113,1,126,0
7,-1,36,1,126,0
8,-4,62,1,126,0
8,5,77,1,126,0
7,4,83,1,126,0
6,3,83,1,126,0
5,2,86,1,126,0
-2,6,106,1,126,0
6,-8,102,1,126,0
2,-6,113,1,126,0
3,0,123,1,126,0
5,-5,124,1,126,0
1,-3,125,1,126,0
5,3,11,1,127,0
-2,7,97,1,127,0
7,-2,37,1,127,0
-1,-5,36,1,127,0
8,6,65,1,127,0
7,5,72,1,127,0
8,-5,75,1,127,0
6,4,76,1,127,0
4,2,83,1,127,0
2,-7,98,1,127,0
5,-6,118,1,127,0
1,-4,122,1,127,0
2,0,126,1,127,0
-1,7,94,1,127,0
-1,-6,12,1,127,0
6,5,29,1,127,0
7,-3,49,1,127,0
8,-6,63,1,127,0
8,7,64,1,127,0
4,-4,69,1,127,0
7,6,69,1,127,0
5,4,73,1,127,0
3,2,75,1,127,0
3,-1,102,1,127,0
1,-5,115,1,127,0
1,0,115,1,127,0
-1,8,4,1,127,0
4,4,16,1,127,0
6,6,37,1,127,0
6,-1,41,1,127,0
7,7,52,1,127,0
8,8,57,1,127,0
7,-4,64,1,127,0
5,5,69,1,127,0
3,3,74,1,127,0
8,-7,104,1,127,0
1,-6,109,1,127,0
0,0,121,1,127,0
4,-5,126,1,127,0
-3,-4,8,1,127,0
4,5,19,1,127,0
6,-2,46,1,127,0
7,8,56,1,127,0
6,7,57,1,127,0
5,6,61,1,127,0
3,4,67,1,127,0
4,-6,69,1,127,0
3,-3,81,1,127,0
7,-5,82,1,127,0
8,-8,97,1,127,0
1,-7,102,1,127,0
0,-5,44,1,127,0
6,8,53,1,127,0
3,5,59,1,127,0
4,6,59,1,127,0
3,-4,79,1,127,0
5,7,86,1,127,0
8,0,102,1,127,0
2,-1,108,1,127,0
7,-6,112,1,127,0
2,4,124,1,127,0
1,3,126,1,127,0
-1,0,126,1,127,0
-5,5,3,1,127,0
9,2,3,1,127,0
0,-6,18,1,127,0
6,-4,64,1,127,0
5,8,83,1,127,0
3,-5,86,1,127,0
4,7,89,1,127,0
2,-2,93,1,127,0
8,1,106,1,127,0
7,-7,106,1,127,0
3,6,108,1,127,0
7,0,108,1,127,0
2,5,118,1,127,0
-4,5,8,1,127,0
-2,-4,14,1,127,0
8,-1,33,1,127,0
1,5,41,1,127,0
5,-2,48,1,127,0
2,-3,86,1,127,0
7,-8,94,1,127,0
4,8,95,1,127,0
8,2,97,1,127,0
3,7,104,1,127,0
3,-6,109,1,127,0
2,6,111,1,127,0
7,1,112,1,127,0
6,0,114,1,127,0
6,-5,119,1,127,0
-1,2,127,1,127,0
-4,6,14,1,127,0
-3,5,16,1,127,0
2,7,75,1,127,0
0,5,35,1,127,0
8,-2,43,1,127,0
5,-3,57,1,127,0
8,3,91,1,127,0
7,2,92,1,127,0
3,8,97,1,127,0
3,-7,106,1,127,0
6,-6,115,1,127,0
6,1,118,1,127,0
5,0,119,1,127,0
-1,3,126,1,127,0
2,-4,126,1,127,0
-2,-6,5,1,127,0
-4,7,24,1,127,0
-2,5,112,1,127,0
1,7,81,1,127,0
8,-3,47,1,127,0
8,4,79,1,127,0
7,3,84,1,127,0
3,-8,99,1,127,0
6,-7,109,1,127,0
-1,4,119,1,127,0
2,-5,119,1,127,0
5,1,125,1,127,0
4,0,126,1,127,0
5,-4,126,1,127,0
0,7,87,1,127,0
-4,8,23,1,127,0
-3,7,32,1,127,0
-1,-4,28,1,127,0
-1,5,113,1,127,0
7,-1,36,1,127,0
8,-4,62,1,127,0
8,5,77,1,127,0
7,4,83,1,127,0
6,3,83,1,127,0
5,2,86,1,127,0
-2,6,106,1,127,0
6,-8,102,1,127,0
2,-6,113,1,127,0
3,0,123,1,127,0
5,-5,124,1,127,0
1,-3,126,1,127,0
4,1,126,1,127,0
5,3,11,1,128,0
-2,7,97,1,128,0
7,-2,37,1,128,0
-1,-5,36,1,128,0
8,6,65,1,128,0
7,5,72,1,128,0
8,-5,75,1,128,0
6,4,76,1,128,0
4,2,83,1,128,0
2,-7,98,1,128,0
5,-6,118,1,128,0
1,-4,122,1,128,0
2,0,127,1,128,0
-1,7,94,1,128,0
-1,-6,12,1,128,0
6,5,29,1,128,0
7,-3,49,1,128,0
8,-6,63,1,128,0
8,7,64,1,128,0
7,6,69,1,128,0
5,4,73,1,128,0
3,2,75,1,128,0
3,-1,102,1,128,0
1,-5,115,1,128,0
1,0,115,1,128,0
4,-4,127,1,128,0
-1,8,4,1,128,0
4,4,16,1,128,0
6,6,37,1,128,0
6,-1,41,1,128,0
7,7,52,1,128,0
8,8,57,1,128,0
7,-4,64,1,128,0
5,5,69,1,128,0
3,3,74,1,128,0
8,-7,104,1,128,0
1,-6,109,1,128,0
0,0,121,1,128,0
4,-5,126,1,128,0
-3,-4,8,1,128,0
4,5,19,1,128,0
6,-2,46,1,128,0
7,8,56,1,128,0
6,7,57,1,128,0
5,6,61,1,128,0
3,4,67,1,128,0
4,-6,69,1,128,0
3,-3,81,1,128,0
7,-5,82,1,128,0
8,-8,97,1,128,0
1,-7,102,1,128,0
0,-5,44,1,128,0
6,8,53,1,128,0
3,5,59,1,128,0
4,6,59,1,128,0
3,-4,79,1,128,0
5,7,86,1,128,0
8,0,102,1,128,0
2,-1,108,1,128,0
7,-6,112,1,128,0
2,4,124,1,128,0
1,3,127,1,128,0
-1,0,127,1,128,0
-5,5,3,1,128,0
9,2,3,1,128,0
0,-6,18,1,128,0
6,-4,64,1,128,0
5,8,83,1,128,0
3,-5,86,1,128,0
4,7,89,1,128,0
2,-2,93,1,128,0
8,1,106,1,128,0
7,-7,106,1,128,0
3,6,108,1,128,0
7,0,108,1,128,0
2,5,118,1,128,0
-4,5,8,1,128,0
-2,-4,14,1,128,0
8,-1,33,1,128,0
1,5,41,1,128,0
5,-2,48,1,128,0
2,-3,86,1,128,0
7,-8,94,1,128,0
4,8,95,1,128,0
8,2,97,1,128,0
3,7,104,1,128,0
3,-6,109,1,128,0
2,6,111,1,128,0
7,1,112,1,128,0
6,0,114,1,128,0
6,-5,119,1,128,0
-1,2,128,1,128,0
-4,6,14,1,128,0
-3,5,16,1,128,0
2,7,75,1,128,0
0,5,35,1,128,0
8,-2,43,1,128,0
5,-3,57,1,128,0
8,3,91,1,128,0
7,2,92,1,128,0
3,8,97,1,128,0
3,-7,106,1,128,0
6,-6,115,1,128,0
6,1,118,1,128,0
5,0,119,1,128,0
-1,3,126,1,128,0
2,-4,126,1,128,0
-2,-6,5,1,128,0
-4,7,24,1,128,0
-2,5,112,1,128,0
1,7,81,1,128,0
8,-3,47,1,128,0
8,4,79,1,128,0
7,3,84,1,128,0
3,-8,99,1,128,0
6,-7,109,1,128,0
-1,4,119,1,128,0
2,-5,119,1,128,0
5,1,125,1,128,0
4,0,127,1,128,0
5,-4,127,1,128,0
0,7,87,1,128,0
-4,8,23,1,128,0
-3,7,32,1,128,0
-1,-4,28,1,128,0
-1,5,113,1,128,0
7,-1,36,1,128,0
8,-4,62,1,128,0
8,5,77,1,128,0
7,4,83,1,128,0
6,3,83,1,128,0
5,2,86,1,128,0
-2,6,106,1,128,0
6,-8,102,1,128,0
2,-6,113,1,128,0
3,0,123,1,128,0
5,-5,124,1,128,0
4,1,127,1,128,0
1,-3,127,1,128,0
5,3,11,1,129,0
-2,7,97,1,129,0
7,-2,37,1,129,0
-1,-5,36,1,129,0
8,6,65,1,129,0
7,5,72,1,129,0
8,-5,75,1,129,0
6,4,76,1,129,0
4,2,83,1,129,0
2,-7,98,1,129,0
5,-6,118,1,129,0
1,-4,122,1,129,0
2,0,128,1,129,0
-1,7,94,1,129,0
-1,-6,12,1,129,0
6,5,29,1,129,0
7,-3,49,1,129,0
8,-6,63,1,129,0
8,7,64,1,129,0
7,6,69,1,129,0
5,4,73,1,129,0
3,2,75,1,129,0
3,-1,102,1,129,0
1,-5,115,1,129,0
1,0,115,1,129,0
4,-4,128,1,129,0
-1,8,4,1,129,0
4,4,16,1,129,0
6,6,37,1,129,0
6,-1,41,1,129,0
7,7,52,1,129,0
8,8,57,1,129,0
7,-4,64,1,129,0
5,5,69,1,129,0
3,3,74,1,129,0
8,-7,104,1,129,0
1,-6,109,1,129,0
0,0,121,1,129,0
4,-5,126,1,129,0
-3,-4,8,1,129,0
4,5,19,1,129,0
6,-2,46,1,129,0
7,8,56,1,129,0
6,7,57,1,129,0
5,6,61,1,129,0
3,4,67,1,129,0
4,-6,69,1,129,0
3,-3,81,1,129,0
7,-5,82,1,129,0
8,-8,97,1,129,0
1,-7,102,1,129,0
-2,0,128,1,129,0
0,-5,44,1,129,0
6,8,53,1,129,0
3,5,59,1,129,0
4,6,59,1,129,0
3,-4,79,1,129,0
5,7,86,1,129,0
8,0,102,1,129,0
2,-1,108,1,129,0
7,-6,112,1,129,0
2,4,124,1,129,0
-1,0,127,1,129,0
1,3,128,1,129,0
-5,5,3,1,129,0
9,2,3,1,129,0
0,-6,18,1,129,0
6,-4,64,1,129,0
5,8,83,1,129,0
3,-5,86,1,129,0
4,7,89,1,129,0
2,-2,93,1,129,0
8,1,106,1,129,0
7,-7,106,1,129,0
3,6,108,1,129,0
7,0,108,1,129,0
2,5,118,1,129,0
-4,5,8,1,129,0
-2,-4,14,1,129,0
8,-1,33,1,129,0
1,5,41,1,129,0
5,-2,48,1,129,0
2,-3,86,1,129,0
7,-8,94,1,129,0
4,8,95,1,129,0
8,2,97,1,129,0
3,7,104,1,129,0
3,-6,109,1,129,0
2,6,111,1,129,0
7,1,112,1,129,0
6,0,114,1,129,0
6,-5,119,1,129,0
-1,2,129,1,129,0
-4,6,14,1,129,0
-3,5,16,1,129,0
2,7,75,1,129,0
0,5,35,1,129,0
8,-2,43,1,129,0
5,-3,57,1,129,0
8,3,91,1,129,0
7,2,92,1,129,0
3,8,97,1,129,0
3,-7,106,1,129,0
6,-6,115,1,129,0
6,1,118,1,129,0
5,0,119,1,129,0
-1,3,126,1,129,0
2,-4,126,1,129,0
-2,-6,5,1,129,0
-4,7,24,1,129,0
-2,5,112,1,129,0
1,7,81,1,129,0
8,-3,47,1,129,0
8,4,79,1,129,0
7,3,84,1,129,0
3,-8,99,1,129,0
6,-7,109,1,129,0
-1,4,119,1,129,0
2,-5,119,1,129,0
5,1,125,1,129,0
4,0,127,1,129,0
5,-4,128,1,129,0
0,7,87,1,129,0
-4,8,23,1,129,0
-3,7,32,1,129,0
-1,-4,28,1,129,0
-1,5,113,1,129,0
7,-1,36,1,129,0
8,-4,62,1,129,0
8,5,77,1,129,0
7,4,83,1,129,0
6,3,83,1,129,0
5,2,86,1,129,0
-2,6,106,1,129,0
6,-8,102,1,129,0
2,-6,113,1,129,0
5,-5,124,1,129,0
4,1,128,1,129,0
1,-3,128,1,129,0
3,0,128,1,129,0
5,3,11,1,130,0
-2,7,97,1,130,0
7,-2,37,1,130,0
-1,-5,36,1,130,0
8,6,65,1,130,0
7,5,72,1,130,0
8,-5,75,1,130,0
6,4,76,1,130,0
4,2,83,1,130,0
2,-7,98,1,130,0
5,-6,118,1,130,0
1,-4,122,1,130,0
2,0,129,1,130,0
-1,7,94,1,130,0
-1,-6,12,1,130,0
6,5,29,1,130,0
7,-3,49,1,130,0
8,-6,63,1,130,0
8,7,64,1,130,0
7,6,69,1,130,0
5,4,73,1,130,0
3,2,75,1,130,0
3,-1,102,1,130,0
1,-5,115,1,130,0
1,0,115,1,130,0
4,-4,129,1,130,0
-1,8,4,1,130,0
4,4,16,1,130,0
6,6,37,1,130,0
6,-1,41,1,130,0
7,7,52,1,130,0
8,8,57,1,130,0
7,-4,64,1,130,0
5,5,69,1,130,0
3,3,74,1,130,0
8,-7,104,1,130,0
1,-6,109,1,130,0
0,0,121,1,130,0
4,-5,126,1,130,0
-3,-4,8,1,130,0
4,5,19,1,130,0
6,-2,46,1,130,0
7,8,56,1,130,0
6,7,57,1,130,0
5,6,61,1,130,0
3,4,67,1,130,0
4,-6,69,1,130,0
3,-3,81,1,130,0
7,-5,82,1,130,0
8,-8,97,1,130,0
1,-7,102,1,130,0
-2,0,129,1,130,0
0,-5,44,1,130,0
6,8,53,1,130,0
3,5,59,1,130,0
4,6,59,1,130,0
3,-4,79,1,130,0
5,7,86,1,130,0
8,0,102,1,130,0
2,-1,108,1,130,0
7,-6,112,1,130,0
2,4,124,1,130,0
-1,0,127,1,130,0
1,3,129,1,130,0
-5,5,3,1,130,0
9,2,3,1,130,0
0,-6,18,1,130,0
6,-4,64,1,130,0
5,8,83,1,130,0
3,-5,86,1,130,0
4,7,89,1,130,0
2,-2,93,1,130,0
8,1,106,1,130,0
7,-7,106,1,130,0
3,6,108,1,130,0
7,0,108,1,130,0
2,5,118,1,130,0
-4,5,8,1,130,0
-2,-4,14,1,130,0
8,-1,33,1,130,0
1,5,41,1,130,0
5,-2,48,1,130,0
2,-3,86,1,130,0
7,-8,94,1,130,0
4,8,95,1,130,0
8,2,97,1,130,0
3,7,104,1,130,0
3,-6,109,1,130,0
2,6,111,1,130,0
7,1,112,1,130,0
6,0,114,1,130,0
6,-5,119,1,130,0
-1,2,129,1,130,0
-4,6,14,1,130,0
-3,5,16,1,130,0
2,7,75,1,130,0
0,5,35,1,130,0
8,-2,43,1,130,0
5,-3,57,1,130,0
8,3,91,1,130,0
7,2,92,1,130,0
3,8,97,1,130,0
3,-7,106,1,130,0
6,-6,115,1,130,0
6,1,118,1,130,0
5,0,119,1,130,0
-1,3,126,1,130,0
2,-4,126,1,130,0
-2,-6,5,1,130,0
-4,7,24,1,130,0
-2,5,112,1,130,0
1,7,81,1,130,0
8,-3,47,1,130,0
8,4,79,1,130,0
7,3,84,1,130,0
3,-8,99,1,130,0
6,-7,109,1,130,0
-1,4,119,1,130,0
2,-5,119,1,130,0
5,1,125,1,130,0
1,-2,129,1,130,0
4,0,129,1,130,0
5,-4,129,1,130,0
0,7,87,1,130,0
-4,8,23,1,130,0
-3,7,32,1,130,0
-1,-4,28,1,130,0
-1,5,113,1,130,0
7,-1,36,1,130,0
8,-4,62,1,130,0
8,5,77,1,130,0
7,4,83,1,130,0
6,3,83,1,130,0
5,2,86,1,130,0
-2,6,106,1,130,0
6,-8,102,1,130,0
2,-6,113,1,130,0
5,-5,124,1,130,0
4,1,128,1,130,0
1,-3,129,1,130,0
3,0,129,1,130,0
5,3,11,1,131,0
-2,7,97,1,131,0
7,-2,37,1,131,0
-1,-5,36,1,131,0
8,6,65,1,131,0
7,5,72,1,131,0
8,-5,75,1,131,0
6,4,76,1,131,0
4,2,83,1,131,0
2,-7,98,1,131,0
5,-6,118,1,131,0
1,-4,122,1,131,0
2,0,129,1,131,0
-1,7,94,1,131,0
-1,-6,12,1,131,0
6,5,29,1,131,0
7,-3,49,1,131,0
8,-6,63,1,131,0
8,7,64,1,131,0
7,6,69,1,131,0
5,4,73,1,131,0
3,2,75,1,131,0
3,-1,102,1,131,0
1,-5,115,1,131,0
1,0,115,1,131,0
4,-4,129,1,131,0
-1,8,4,1,131,0
4,4,16,1,131,0
6,6,37,1,131,0
6,-1,41,1,131,0
7,7,52,1,131,0
8,8,57,1,131,0
7,-4,64,1,131,0
5,5,69,1,131,0
3,3,74,1,131,0
8,-7,104,1,131,0
1,-6,109,1,131,0
0,0,121,1,131,0
4,-5,126,1,131,0
-3,-4,8,1,131,0
4,5,19,1,131,0
6,-2,46,1,131,0
7,8,56,1,131,0
6,7,57,1,131,0
5,6,61,1,131,0
3,4,67,1,131,0
4,-6,69,1,131,0
3,-3,81,1,131,0
7,-5,82,1,131,0
8,-8,97,1,131,0
1,-7,102,1,131,0
-2,0,129,1,131,0
0,-5,44,1,131,0
6,8,53,1,131,0
3,5,59,1,131,0
4,6,59,1,131,0
3,-4,79,1,131,0
5,7,86,1,131,0
8,0,102,1,131,0
2,-1,108,1,131,0
7,-6,112,1,131,0
2,4,124,1,131,0
-1,0,127,1,131,0
1,3,129,1,131,0
-5,5,3,1,131,0
9,2,3,1,131,0
0,-6,18,1,131,0
6,-4,64,1,131,0
5,8,83,1,131,0
3,-5,86,1,131,0
4,7,89,1,131,0
2,-2,93,1,131,0
8,1,106,1,131,0
7,-7,106,1,131,0
3,6,108,1,131,0
7,0,108,1,131,0
2,5,118,1,131,0
-4,5,8,1,131,0
-2,-4,14,1,131,0
8,-1,33,1,131,0
1,5,41,1,131,0
5,-2,48,1,131,0
2,-3,86,1,131,0
7,-8,94,1,131,0
4,8,95,1,131,0
8,2,97,1,131,0
3,7,104,1,131,0
3,-6,109,1,131,0
2,6,111,1,131,0
7,1,112,1,131,0
6,0,114,1,131,0
6,-5,119,1,131,0
-1,2,131,1,131,0
-4,6,14,1,131,0
-3,5,16,1,131,0
2,7,75,1,131,0
0,5,35,1,131,0
8,-2,43,1,131,0
5,-3,57,1,131,0
8,3,91,1,131,0
7,2,92,1,131,0
3,8,97,1,131,0
3,-7,106,1,131,0
6,-6,115,1,131,0
6,1,118,1,131,0
5,0,119,1,131,0
-1,3,126,1,131,0
2,-4,126,1,131,0
-2,-6,5,1,131,0
-4,7,24,1,131,0
-2,5,112,1,131,0
1,7,81,1,131,0
8,-3,47,1,131,0
8,4,79,1,131,0
7,3,84,1,131,0
3,-8,99,1,131,0
6,-7,109,1,131,0
-1,4,119,1,131,0
2,-5,119,1,131,0
5,1,125,1,131,0
1,-2,129,1,131,0
4,0,129,1,131,0
5,-4,129,1,131,0
0,7,87,1,131,0
-4,8,23,1,131,0
-3,7,32,1,131,0
-1,-4,28,1,131,0
-1,5,113,1,131,0
7,-1,36,1,131,0
8,-4,62,1,131,0
8,5,77,1,131,0
7,4,83,1,131,0
6,3,83,1,131,0
5,2,86,1,131,0
-2,6,106,1,131,0
6,-8,102,1,131,0
2,-6,113,1,131,0
5,-5,124,1,131,0
4,1,128,1,131,0
1,-3,129,1,131,0
3,0,129,1,131,0
5,3,11,1,132,0
-2,7,97,1,132,0
7,-2,37,1,132,0
-1,-5,36,1,132,0
8,6,65,1,132,0
7,5,72,1,132,0
8,-5,75,1,132,0
6,4,76,1,132,0
4,2,83,1,132,0
2,-7,98,1,132,0
5,-6,118,1,132,0
1,-4,122,1,132,0
2,0,129,1,132,0
-1,7,94,1,132,0
-1,-6,12,1,132,0
6,5,29,1,132,0
7,-3,49,1,132,0
8,-6,63,1,132,0
8,7,64,1,132,0
7,6,69,1,132,0
5,4,73,1,132,0
3,2,75,1,132,0
3,-1,102,1,132,0
1,-5,115,1,132,0
0,-2,131,1,132,0
1,0,131,1,132,0
4,-4,131,1,132,0
-1,8,4,1,132,0
4,4,16,1,132,0
6,6,37,1,132,0
6,-1,41,1,132,0
7,7,52,1,132,0
8,8,57,1,132,0
7,-4,64,1,132,0
5,5,69,1,132,0
3,3,74,1,132,0
8,-7,104,1,132,0
1,-6,109,1,132,0
0,0,121,1,132,0
4,-5,126,1,132,0
-3,-4,8,1,132,0
4,5,19,1,132,0
6,-2,46,1,132,0
7,8,56,1,132,0
6,7,57,1,132,0
5,6,61,1,132,0
3,4,67,1,132,0
4,-6,69,1,132,0
3,-3,81,1,132,0
7,-5,82,1,132,0
8,-8,97,1,132,0
1,-7,102,1,132,0
-2,0,131,1,132,0
0,-5,44,1,132,0
6,8,53,1,132,0
3,5,59,1,132,0
4,6,59,1,132,0
5,7,86,1,132,0
8,0,102,1,132,0
2,-1,108,1,132,0
7,-6,112,1,132,0
2,4,124,1,132,0
-1,0,127,1,132,0
3,-4,131,1,132,0
1,3,131,1,132,0
-5,5,3,1,132,0
9,2,3,1,132,0
0,-6,18,1,132,0
6,-4,64,1,132,0
5,8,83,1,132,0
3,-5,86,1,132,0
4,7,89,1,132,0
2,-2,93,1,132,0
8,1,106,1,132,0
7,-7,106,1,132,0
3,6,108,1,132,0
7,0,108,1,132,0
2,5,118,1,132,0
-4,5,8,1,132,0
-2,-4,14,1,132,0
8,-1,33,1,132,0
1,5,41,1,132,0
5,-2,48,1,132,0
2,-3,86,1,132,0
7,-8,94,1,132,0
4,8,95,1,132,0
8,2,97,1,132,0
3,7,104,1,132,0
3,-6,109,1,132,0
2,6,111,1,132,0
7,1,112,1,132,0
6,0,114,1,132,0
6,-5,119,1,132,0
-1,2,132,1,132,0
-4,6,14,1,132,0
-3,5,16,1,132,0
2,7,75,1,132,0
0,5,35,1,132,0
8,-2,43,1,132,0
5,-3,57,1,132,0
8,3,91,1,132,0
7,2,92,1,132,0
3,8,97,1,132,0
3,-7,106,1,132,0
6,-6,115,1,132,0
6,1,118,1,132,0
5,0,119,1,132,0
-1,3,126,1,132,0
2,-4,126,1,132,0
-2,-6,5,1,132,0
-4,7,24,1,132,0
-2,5,112,1,132,0
1,7,81,1,132,0
8,-3,47,1,132,0
8,4,79,1,132,0
7,3,84,1,132,0
3,-8,99,1,132,0
6,-7,109,1,132,0
-1,4,119,1,132,0
2,-5,119,1,132,0
5,1,125,1,132,0
1,-2,129,1,132,0
5,-4,129,1,132,0
4,0,131,1,132,0
0,7,87,1,132,0
-4,8,23,1,132,0
-3,7,32,1,132,0
-1,-4,28,1,132,0
-1,5,113,1,132,0
7,-1,36,1,132,0
8,-4,62,1,132,0
8,5,77,1,132,0
7,4,83,1,132,0
6,3,83,1,132,0
5,2,86,1,132,0
-2,6,106,1,132,0
6,-8,102,1,132,0
2,-6,113,1,132,0
5,-5,124,1,132,0
4,1,128,1,132,0
1,-3,131,1,132,0
3,0,131,1,132,0
5,3,11,1,133,0
-2,7,97,1,133,0
7,-2,37,1,133,0
-1,-5,36,1,133,0
8,6,65,1,133,0
7,5,72,1,133,0
8,-5,75,1,133,0
6,4,76,1,133,0
4,2,83,1,133,0
2,-7,98,1,133,0
5,-6,118,1,133,0
1,-4,122,1,133,0
2,0,129,1,133,0
-1,7,94,1,133,0
-1,-6,12,1,133,0
6,5,29,1,133,0
7,-3,49,1,133,0
8,-6,63,1,133,0
8,7,64,1,133,0
7,6,69,1,133,0
5,4,73,1,133,0
3,2,75,1,133,0
3,-1,102,1,133,0
1,-5,115,1,133,0
0,-2,132,1,133,0
1,0,132,1,133,0
4,-4,132,1,133,0
-1,8,4,1,133,0
4,4,16,1,133,0
6,6,37,1,133,0
6,-1,41,1,133,0
7,7,52,1,133,0
8,8,57,1,133,0
7,-4,64,1,133,0
5,5,69,1,133,0
3,3,74,1,133,0
8,-7,104,1,133,0
1,-6,109,1,133,0
0,0,121,1,133,0
4,-5,126,1,133,0
-3,-4,8,1,133,0
4,5,19,1,133,0
6,-2,46,1,133,0
7,8,56,1,133,0
6,7,57,1,133,0
5,6,61,1,133,0
3,4,67,1,133,0
4,-6,69,1,133,0
3,-3,81,1,133,0
7,-5,82,1,133,0
8,-8,97,1,133,0
1,-7,102,1,133,0
1,2,132,1,133,0
-2,0,132,1,133,0
0,1,133,1,133,0
0,-5,44,1,133,0
6,8,53,1,133,0
3,5,59,1,133,0
4,6,59,1,133,0
5,7,86,1,133,0
8,0,102,1,133,0
2,-1,108,1,133,0
7,-6,112,1,133,0
2,4,124,1,133,0
-1,0,127,1,133,0
1,3,131,1,133,0
3,-4,132,1,133,0
-5,5,3,1,133,0
9,2,3,1,133,0
0,-6,18,1,133,0
6,-4,64,1,133,0
5,8,83,1,133,0
3,-5,86,1,133,0
4,7,89,1,133,0
2,-2,93,1,133,0
8,1,106,1,133,0
7,-7,106,1,133,0
3,6,108,1,133,0
7,0,108,1,133,0
2,5,118,1,133,0
-4,5,8,1,133,0
-2,-4,14,1,133,0
8,-1,33,1,133,0
1,5,41,1,133,0
5,-2,48,1,133,0
2,-3,86,1,133,0
7,-8,94,1,133,0
4,8,95,1,133,0
8,2,97,1,133,0
3,7,104,1,133,0
3,-6,109,1,133,0
2,6,111,1,133,0
7,1,112,1,133,0
6,0,114,1,133,0
6,-5,119,1,133,0
-1,2,132,1,133,0
-4,6,14,1,133,0
-3,5,16,1,133,0
2,7,75,1,133,0
0,5,35,1,133,0
8,-2,43,1,133,0
5,-3,57,1,133,0
8,3,91,1,133,0
7,2,92,1,133,0
3,8,97,1,133,0
3,-7,106,1,133,0
6,-6,115,1,133,0
6,1,118,1,133,0
5,0,119,1,133,0
-1,3,126,1,133,0
2,-4,126,1,133,0
-2,-6,5,1,133,0
-4,7,24,1,133,0
-2,5,112,1,133,0
1,7,81,1,133,0
8,-3,47,1,133,0
8,4,79,1,133,0
7,3,84,1,133,0
3,-8,99,1,133,0
6,-7,109,1,133,0
-1,4,119,1,133,0
2,-5,119,1,133,0
5,1,125,1,133,0
1,-2,129,1,133,0
5,-4,129,1,133,0
4,0,131,1,133,0
0,7,87,1,133,0
-4,8,23,1,133,0
-3,7,32,1,133,0
-1,-4,28,1,133,0
-1,5,113,1,133,0
7,-1,36,1,133,0
8,-4,62,1,133,0
8,5,77,1,133,0
7,4,83,1,133,0
6,3,83,1,133,0
5,2,86,1,133,0
-2,6,106,1,133,0
6,-8,102,1,133,0
2,-6,113,1,133,0
5,-5,124,1,133,0
4,1,128,1,133,0
1,-3,132,1,133,0
3,0,132,1,133,0
5,3,11,1,134,0
-2,7,97,1,134,0
7,-2,37,1,134,0
-1,-5,36,1,134,0
8,6,65,1,134,0
7,5,72,1,134,0
8,-5,75,1,134,0
6,4,76,1,134,0
4,2,83,1,134,0
2,-7,98,1,134,0
5,-6,118,1,134,0
1,-4,122,1,134,0
2,0,129,1,134,0
-1,7,94,1,134,0
-1,-6,12,1,134,0
6,5,29,1,134,0
7,-3,49,1,134,0
8,-6,63,1,134,0
8,7,64,1,134,0
7,6,69,1,134,0
5,4,73,1,134,0
3,2,75,1,134,0
3,-1,102,1,134,0
1,-5,115,1,134,0
0,-2,133,1,134,0
1,0,133,1,134,0
4,-4,133,1,134,0
-1,8,4,1,134,0
4,4,16,1,134,0
6,6,37,1,134,0
6,-1,41,1,134,0
7,7,52,1,134,0
8,8,57,1,134,0
7,-4,64,1,134,0
5,5,69,1,134,0
3,3,74,1,134,0
8,-7,104,1,134,0
1,-6,109,1,134,0
0,0,121,1,134,0
4,-5,126,1,134,0
-3,-4,8,1,134,0
4,5,19,1,134,0
6,-2,46,1,134,0
7,8,56,1,134,0
6,7,57,1,134,0
5,6,61,1,134,0
3,4,67,1,134,0
4,-6,69,1,134,0
3,-3,81,1,134,0
7,-5,82,1,134,0
8,-8,97,1,134,0
1,-7,102,1,134,0
0,1,134,1,134,0
1,2,133,1,134,0
-2,0,133,1,134,0
0,-5,44,1,134,0
6,8,53,1,134,0
3,5,59,1,134,0
4,6,59,1,134,0
5,7,86,1,134,0
8,0,102,1,134,0
2,-1,108,1,134,0
7,-6,112,1,134,0
2,4,124,1,134,0
-1,0,127,1,134,0
1,3,131,1,134,0
3,-4,133,1,134,0
-5,5,3,1,134,0
9,2,3,1,134,0
0,-6,18,1,134,0
6,-4,64,1,134,0
5,8,83,1,134,0
3,-5,86,1,134,0
4,7,89,1,134,0
2,-2,93,1,134,0
8,1,106,1,134,0
7,-7,106,1,134,0
3,6,108,1,134,0
7,0,108,1,134,0
2,5,118,1,134,0
-4,5,8,1,134,0
-2,-4,14,1,134,0
8,-1,33,1,134,0
1,5,41,1,134,0
5,-2,48,1,134,0
2,-3,86,1,134,0
7,-8,94,1,134,0
4,8,95,1,134,0
8,2,97,1,134,0
3,7,104,1,134,0
3,-6,109,1,134,0
2,6,111,1,134,0
7,1,112,1,134,0
6,0,114,1,134,0
6,-5,119,1,134,0
-1,2,132,1,134,0
-4,6,14,1,134,0
-3,5,16,1,134,0
2,7,75,1,134,0
0,5,35,1,134,0
8,-2,43,1,134,0
5,-3,57,1,134,0
8,3,91,1,134,0
7,2,92,1,134,0
3,8,97,1,134,0
3,-7,106,1,134,0
6,-6,115,1,134,0
6,1,118,1,134,0
5,0,119,1,134,0
-1,3,126,1,134,0
2,-4,126,1,134,0
-2,-6,5,1,134,0
-4,7,24,1,134,0
-2,5,112,1,134,0
1,7,81,1,134,0
8,-3,47,1,134,0
8,4,79,1,134,0
7,3,84,1,134,0
3,-8,99,1,134,0
6,-7,109,1,134,0
-1,4,119,1,134,0
2,-5,119,1,134,0
5,1,125,1,134,0
1,-2,129,1,134,0
5,-4,129,1,134,0
4,0,131,1,134,0
0,7,87,1,134,0
-4,8,23,1,134,0
-3,7,32,1,134,0
-1,-4,28,1,134,0
-1,5,113,1,134,0
7,-1,36,1,134,0
8,-4,62,1,134,0
8,5,77,1,134,0
7,4,83,1,134,0
6,3,83,1,134,0
5,2,86,1,134,0
-2,6,106,1,134,0
6,-8,102,1,134,0
2,-6,113,1,134,0
5,-5,124,1,134,0
4,1,128,1,134,0
1,-3,133,1,134,0
3,0,133,1,134,0
5,3,11,1,135,0
-2,7,97,1,135,0
7,-2,37,1,135,0
-1,-5,36,1,135,0
8,6,65,1,135,0
7,5,72,1,135,0
8,-5,75,1,135,0
6,4,76,1,135,0
4,2,83,1,135,0
2,-7,98,1,135,0
5,-6,118,1,135,0
1,-4,122,1,135,0
2,0,134,1,135,0
-1,7,94,1,135,0
-1,-6,12,1,135,0
6,5,29,1,135,0
7,-3,49,1,135,0
8,-6,63,1,135,0
8,7,64,1,135,0
7,6,69,1,135,0
5,4,73,1,135,0
3,2,75,1,135,0
3,-1,102,1,135,0
1,-5,115,1,135,0
0,-2,134,1,135,0
1,0,134,1,135,0
4,-4,134,1,135,0
-1,8,4,1,135,0
4,4,16,1,135,0
6,6,37,1,135,0
6,-1,41,1,135,0
7,7,52,1,135,0
8,8,57,1,135,0
7,-4,64,1,135,0
5,5,69,1,135,0
3,3,74,1,135,0
8,-7,104,1,135,0
1,-6,109,1,135,0
0,0,121,1,135,0
4,-5,126,1,135,0
-3,-4,8,1,135,0
4,5,19,1,135,0
6,-2,46,1,135,0
7,8,56,1,135,0
6,7,57,1,135,0
5,6,61,1,135,0
3,4,67,1,135,0
4,-6,69,1,135,0
3,-3,81,1,135,0
7,-5,82,1,135,0
8,-8,97,1,135,0
1,-7,102,1,135,0
0,1,135,1,135,0
1,2,134,1,135,0
-2,0,134,1,135,0
0,-5,44,1,135,0
6,8,53,1,135,0
3,5,59,1,135,0
4,6,59,1,135,0
5,7,86,1,135,0
8,0,102,1,135,0
2,-1,108,1,135,0
7,-6,112,1,135,0
2,4,124,1,135,0
-1,0,127,1,135,0
1,3,131,1,135,0
3,-4,134,1,135,0
-5,5,3,1,135,0
9,2,3,1,135,0
0,-6,18,1,135,0
6,-4,64,1,135,0
5,8,83,1,135,0
3,-5,86,1,135,0
4,7,89,1,135,0
2,-2,93,1,135,0
8,1,106,1,135,0
7,-7,106,1,135,0
3,6,108,1,135,0
7,0,108,1,135,0
2,5,118,1,135,0
-4,5,8,1,135,0
-2,-4,14,1,135,0
8,-1,33,1,135,0
1,5,41,1,135,0
5,-2,48,1,135,0
2,-3,86,1,135,0
7,-8,94,1,135,0
4,8,95,1,135,0
8,2,97,1,135,0
3,7,104,1,135,0
3,-6,109,1,135,0
2,6,111,1,135,0
7,1,112,1,135,0
6,0,114,1,135,0
6,-5,119,1,135,0
-1,2,132,1,135,0
-4,6,14,1,135,0
-3,5,16,1,135,0
2,7,75,1,135,0
0,5,35,1,135,0
8,-2,43,1,135,0
5,-3,57,1,135,0
8,3,91,1,135,0
7,2,92,1,135,0
3,8,97,1,135,0
3,-7,106,1,135,0
6,-6,115,1,135,0
6,1,118,1,135,0
5,0,119,1,135,0
-1,3,126,1,135,0
2,-4,126,1,135,0
-2,-6,5,1,135,0
-4,7,24,1,135,0
-2,5,112,1,135,0
1,7,81,1,135,0
8,-3,47,1,135,0
8,4,79,1,135,0
7,3,84,1,135,0
3,-8,99,1,135,0
6,-7,109,1,135,0
-1,4,119,1,135,0
2,-5,119,1,135,0
5,1,125,1,135,0
5,-4,129,1,135,0
4,0,131,1,135,0
1,-2,134,1,135,0
0,7,87,1,135,0
-4,8,23,1,135,0
-3,7,32,1,135,0
-1,-4,28,1,135,0
-1,5,113,1,135,0
7,-1,36,1,135,0
8,-4,62,1,135,0
8,5,77,1,135,0
7,4,83,1,135,0
6,3,83,1,135,0
5,2,86,1,135,0
-2,6,106,1,135,0
6,-8,102,1,135,0
2,-6,113,1,135,0
5,-5,124,1,135,0
4,1,128,1,135,0
1,-3,133,1,135,0
3,0,134,1,135,0
5,3,11,1,136,0
-2,7,97,1,136,0
7,-2,37,1,136,0
-1,-5,36,1,136,0
8,6,65,1,136,0
7,5,72,1,136,0
8,-5,75,1,136,0
6,4,76,1,136,0
4,2,83,1,136,0
2,-7,98,1,136,0
5,-6,118,1,136,0
1,-4,122,1,136,0
0,-1,135,1,136,0
2,0,135,1,136,0
-1,7,94,1,136,0
-1,-6,12,1,136,0
6,5,29,1,136,0
7,-3,49,1,136,0
8,-6,63,1,136,0
8,7,64,1,136,0
7,6,69,1,136,0
5,4,73,1,136,0
3,2,75,1,136,0
3,-1,102,1,136,0
1,-5,115,1,136,0
0,-2,134,1,136,0
4,-4,134,1,136,0
1,0,135,1,136,0
-1,8,4,1,136,0
4,4,16,1,136,0
6,6,37,1,136,0
6,-1,41,1,136,0
7,7,52,1,136,0
8,8,57,1,136,0
7,-4,64,1,136,0
5,5,69,1,136,0
3,3,74,1,136,0
8,-7,104,1,136,0
1,-6,109,1,136,0
0,0,121,1,136,0
4,-5,126,1,136,0
-3,0,135,1,136,0
-3,-4,8,1,136,0
4,5,19,1,136,0
6,-2,46,1,136,0
7,8,56,1,136,0
6,7,57,1,136,0
5,6,61,1,136,0
3,4,67,1,136,0
4,-6,69,1,136,0
7,-5,82,1,136,0
8,-8,97,1,136,0
1,-7,102,1,136,0
0,1,136,1,136,0
-2,0,134,1,136,0
3,-3,135,1,136,0
1,2,135,1,136,0
0,-5,44,1,136,0
6,8,53,1,136,0
3,5,59,1,136,0
4,6,59,1,136,0
5,7,86,1,136,0
8,0,102,1,136,0
2,-1,108,1,136,0
7,-6,112,1,136,0
2,4,124,1,136,0
-1,0,127,1,136,0
1,3,131,1,136,0
3,-4,134,1,136,0
-5,5,3,1,136,0
9,2,3,1,136,0
0,-6,18,1,136,0
6,-4,64,1,136,0
5,8,83,1,136,0
3,-5,86,1,136,0
4,7,89,1,136,0
2,-2,93,1,136,0
8,1,106,1,136,0
7,-7,106,1,136,0
3,6,108,1,136,0
7,0,108,1,136,0
2,5,118,1,136,0
-4,5,8,1,136,0
-2,-4,14,1,136,0
8,-1,33,1,136,0
1,5,41,1,136,0
5,-2,48,1,136,0
2,-3,86,1,136,0
7,-8,94,1,136,0
4,8,95,1,136,0
8,2,97,1,136,0
3,7,104,1,136,0
3,-6,109,1,136,0
2,6,111,1,136,0
7,1,112,1,136,0
6,0,114,1,136,0
6,-5,119,1,136,0
-1,2,132,1,136,0
-4,6,14,1,136,0
-3,5,16,1,136,0
2,7,75,1,136,0
0,5,35,1,136,0
8,-2,43,1,136,0
5,-3,57,1,136,0
8,3,91,1,136,0
7,2,92,1,136,0
3,8,97,1,136,0
3,-7,106,1,136,0
6,-6,115,1,136,0
6,1,118,1,136,0
5,0,119,1,136,0
-1,3,126,1,136,0
2,-4,126,1,136,0
-2,-6,5,1,136,0
-4,7,24,1,136,0
-2,5,112,1,136,0
1,7,81,1,136,0
8,-3,47,1,136,0
8,4,79,1,136,0
7,3,84,1,136,0
3,-8,99,1,136,0
6,-7,109,1,136,0
-1,4,119,1,136,0
2,-5,119,1,136,0
5,1,125,1,136,0
5,-4,129,1,136,0
4,0,131,1,136,0
1,-2,135,1,136,0
0,7,87,1,136,0
-4,8,23,1,136,0
-3,7,32,1,136,0
-1,-4,28,1,136,0
-1,5,113,1,136,0
7,-1,36,1,136,0
8,-4,62,1,136,0
8,5,77,1,136,0
7,4,83,1,136,0
6,3,83,1,136,0
5,2,86,1,136,0
-2,6,106,1,136,0
6,-8,102,1,136,0
2,-6,113,1,136,0
5,-5,124,1,136,0
4,1,128,1,136,0
1,-3,133,1,136,0
3,0,135,1,136,0
5,3,11,1,137,0
-2,7,97,1,137,0
7,-2,37,1,137,0
-1,-5,36,1,137,0
8,6,65,1,137,0
7,5,72,1,137,0
8,-5,75,1,137,0
6,4,76,1,137,0
4,2,83,1,137,0
2,-7,98,1,137,0
5,-6,118,1,137,0
1,-4,122,1,137,0
0,-1,136,1,137,0
2,0,136,1,137,0
4,-3,136,1,137,0
-1,7,94,1,137,0
-1,-6,12,1,137,0
6,5,29,1,137,0
7,-3,49,1,137,0
8,-6,63,1,137,0
8,7,64,1,137,0
7,6,69,1,137,0
5,4,73,1,137,0
3,2,75,1,137,0
3,-1,102,1,137,0
1,-5,115,1,137,0
0,-2,134,1,137,0
4,-4,134,1,137,0
1,0,136,1,137,0
-1,8,4,1,137,0
4,4,16,1,137,0
6,6,37,1,137,0
6,-1,41,1,137,0
7,7,52,1,137,0
8,8,57,1,137,0
7,-4,64,1,137,0
5,5,69,1,137,0
3,3,74,1,137,0
8,-7,104,1,137,0
1,-6,109,1,137,0
0,0,121,1,137,0
4,-5,126,1,137,0
-3,0,136,1,137,0
-3,-4,8,1,137,0
4,5,19,1,137,0
6,-2,46,1,137,0
7,8,56,1,137,0
6,7,57,1,137,0
5,6,61,1,137,0
3,4,67,1,137,0
4,-6,69,1,137,0
7,-5,82,1,137,0
8,-8,97,1,137,0
1,-7,102,1,137,0
0,1,137,1,137,0
-2,0,134,1,137,0
3,-3,136,1,137,0
1,2,136,1,137,0
0,-5,44,1,137,0
6,8,53,1,137,0
3,5,59,1,137,0
4,6,59,1,137,0
5,7,86,1,137,0
8,0,102,1,137,0
2,-1,108,1,137,0
7,-6,112,1,137,0
2,4,124,1,137,0
-1,0,127,1,137,0
1,3,131,1,137,0
3,-4,134,1,137,0
-5,5,3,1,137,0
9,2,3,1,137,0
0,-6,18,1,137,0
6,-4,64,1,137,0
5,8,83,1,137,0
3,-5,86,1,137,0
4,7,89,1,137,0
2,-2,93,1,137,0
8,1,106,1,137,0
7,-7,106,1,137,0
3,6,108,1,137,0
7,0,108,1,137,0
2,5,118,1,137,0
-4,5,8,1,137,0
-2,-4,14,1,137,0
8,-1,33,1,137,0
1,5,41,1,137,0
5,-2,48,1,137,0
2,-3,86,1,137,0
7,-8,94,1,137,0
4,8,95,1,137,0
8,2,97,1,137,0
3,7,104,1,137,0
3,-6,109,1,137,0
2,6,111,1,137,0
7,1,112,1,137,0
6,0,114,1,137,0
6,-5,119,1,137,0
-1,2,132,1,137,0
-4,6,14,1,137,0
-3,5,16,1,137,0
2,7,75,1,137,0
0,5,35,1,137,0
8,-2,43,1,137,0
5,-3,57,1,137,0
8,3,91,1,137,0
7,2,92,1,137,0
3,8,97,1,137,0
3,-7,106,1,137,0
6,-6,115,1,137,0
6,1,118,1,137,0
5,0,119,1,137,0
-1,3,126,1,137,0
2,-4,126,1,137,0
-2,-6,5,1,137,0
-4,7,24,1,137,0
-2,5,112,1,137,0
1,7,81,1,137,0
8,-3,47,1,137,0
8,4,79,1,137,0
7,3,84,1,137,0
3,-8,99,1,137,0
6,-7,109,1,137,0
-1,4,119,1,137,0
2,-5,119,1,137,0
5,1,125,1,137,0
5,-4,129,1,137,0
4,0,131,1,137,0
1,-2,136,1,137,0
0,7,87,1,137,0
-4,8,23,1,137,0
-3,7,32,1,137,0
-1,-4,28,1,137,0
-1,5,113,1,137,0
7,-1,36,1,137,0
8,-4,62,1,137,0
8,5,77,1,137,0
7,4,83,1,137,0
6,3,83,1,137,0
5,2,86,1,137,0
-2,6,106,1,137,0
6,-8,102,1,137,0
2,-6,113,1,137,0
5,-5,124,1,137,0
4,1,128,1,137,0
1,-3,133,1,137,0
3,0,136,1,137,0
5,3,11,1,138,0
-2,7,97,1,138,0
7,-2,37,1,138,0
-1,-5,36,1,138,0
8,6,65,1,138,0
7,5,72,1,138,0
8,-5,75,1,138,0
6,4,76,1,138,0
4,2,83,1,138,0
2,-7,98,1,138,0
5,-6,118,1,138,0
1,-4,122,1,138,0
0,-1,137,1,138,0
2,0,137,1,138,0
4,-3,137,1,138,0
-1,7,94,1,138,0
-1,-6,12,1,138,0
6,5,29,1,138,0
7,-3,49,1,138,0
8,-6,63,1,138,0
8,7,64,1,138,0
7,6,69,1,138,0
5,4,73,1,138,0
3,2,75,1,138,0
3,-1,102,1,138,0
1,-5,115,1,138,0
0,-2,134,1,138,0
4,-4,134,1,138,0
1,0,136,1,138,0
-1,8,4,1,138,0
4,4,16,1,138,0
6,6,37,1,138,0
6,-1,41,1,138,0
7,7,52,1,138,0
8,8,57,1,138,0
7,-4,64,1,138,0
5,5,69,1,138,0
3,3,74,1,138,0
8,-7,104,1,138,0
1,-6,109,1,138,0
4,-5,126,1,138,0
-3,0,137,1,138,0
0,0,137,1,138,0
-3,-4,8,1,138,0
4,5,19,1,138,0
6,-2,46,1,138,0
7,8,56,1,138,0
6,7,57,1,138,0
5,6,61,1,138,0
3,4,67,1,138,0
4,-6,69,1,138,0
7,-5,82,1,138,0
8,-8,97,1,138,0
1,-7,102,1,138,0
0,1,138,1,138,0
-2,0,134,1,138,0
3,-3,136,1,138,0
1,2,137,1,138,0
0,-5,44,1,138,0
6,8,53,1,138,0
3,5,59,1,138,0
4,6,59,1,138,0
5,7,86,1,138,0
8,0,102,1,138,0
2,-1,108,1,138,0
7,-6,112,1,138,0
2,4,124,1,138,0
-1,0,127,1,138,0
1,3,131,1,138,0
3,-4,134,1,138,0
-5,5,3,1,138,0
9,2,3,1,138,0
0,-6,18,1,138,0
6,-4,64,1,138,0
5,8,83,1,138,0
3,-5,86,1,138,0
4,7,89,1,138,0
2,-2,93,1,138,0
8,1,106,1,138,0
7,-7,106,1,138,0
3,6,108,1,138,0
7,0,108,1,138,0
2,5,118,1,138,0
-4,5,8,1,138,0
-2,-4,14,1,138,0
8,-1,33,1,138,0
1,5,41,1,138,0
5,-2,48,1,138,0
2,-3,86,1,138,0
7,-8,94,1,138,0
4,8,95,1,138,0
8,2,97,1,138,0
3,7,104,1,138,0
3,-6,109,1,138,0
2,6,111,1,138,0
7,1,112,1,138,0
6,0,114,1,138,0
6,-5,119,1,138,0
-1,2,132,1,138,0
-4,6,14,1,138,0
-3,5,16,1,138,0
2,7,75,1,138,0
0,5,35,1,138,0
8,-2,43,1,138,0
5,-3,57,1,138,0
8,3,91,1,138,0
7,2,92,1,138,0
3,8,97,1,138,0
3,-7,106,1,138,0
6,-6,115,1,138,0
6,1,118,1,138,0
5,0,119,1,138,0
-1,3,126,1,138,0
2,-4,126,1,138,0
-2,-6,5,1,138,0
-4,7,24,1,138,0
-2,5,112,1,138,0
1,7,81,1,138,0
8,-3,47,1,138,0
8,4,79,1,138,0
7,3,84,1,138,0
3,-8,99,1,138,0
6,-7,109,1,138,0
-1,4,119,1,138,0
2,-5,119,1,138,0
5,1,125,1,138,0
5,-4,129,1,138,0
4,0,131,1,138,0
1,-2,137,1,138,0
0,7,87,1,138,0
-4,8,23,1,138,0
-3,7,32,1,138,0
-1,-4,28,1,138,0
-1,5,113,1,138,0
7,-1,36,1,138,0
8,-4,62,1,138,0
8,5,77,1,138,0
7,4,83,1,138,0
6,3,83,1,138,0
5,2,86,1,138,0
-2,6,106,1,138,0
6,-8,102,1,138,0
2,-6,113,1,138,0
5,-5,124,1,138,0
4,1,128,1,138,0
1,-3,133,1,138,0
3,0,137,1,138,0
5,3,11,1,139,0
-2,7,97,1,139,0
7,-2,37,1,139,0
-1,-5,36,1,139,0
8,6,65,1,139,0
7,5,72,1,139,0
8,-5,75,1,139,0
6,4,76,1,139,0
4,2,83,1,139,0
2,-7,98,1,139,0
5,-6,118,1,139,0
1,-4,122,1,139,0
4,-3,137,1,139,0
0,-1,138,1,139,0
2,0,138,1,139,0
-1,7,94,1,139,0
-1,-6,12,1,139,0
6,5,29,1,139,0
7,-3,49,1,139,0
8,-6,63,1,139,0
8,7,64,1,139,0
7,6,69,1,139,0
5,4,73,1,139,0
3,2,75,1,139,0
3,-1,102,1,139,0
1,-5,115,1,139,0
0,-2,134,1,139,0
4,-4,134,1,139,0
1,0,136,1,139,0
-1,8,4,1,139,0
4,4,16,1,139,0
6,6,37,1,139,0
6,-1,41,1,139,0
7,7,52,1,139,0
8,8,57,1,139,0
7,-4,64,1,139,0
5,5,69,1,139,0
3,3,74,1,139,0
8,-7,104,1,139,0
1,-6,109,1,139,0
4,-5,126,1,139,0
-3,0,138,1,139,0
0,0,138,1,139,0
-3,-4,8,1,139,0
4,5,19,1,139,0
6,-2,46,1,139,0
7,8,56,1,139,0
6,7,57,1,139,0
5,6,61,1,139,0
3,4,67,1,139,0
4,-6,69,1,139,0
7,-5,82,1,139,0
8,-8,97,1,139,0
1,-7,102,1,139,0
0,1,139,1,139,0
-2,0,134,1,139,0
1,2,138,1,139,0
3,-3,138,1,139,0
0,-5,44,1,139,0
6,8,53,1,139,0
3,5,59,1,139,0
4,6,59,1,139,0
5,7,86,1,139,0
8,0,102,1,139,0
2,-1,108,1,139,0
7,-6,112,1,139,0
2,4,124,1,139,0
-1,0,127,1,139,0
1,3,131,1,139,0
3,-4,134,1,139,0
-5,5,3,1,139,0
9,2,3,1,139,0
0,-6,18,1,139,0
6,-4,64,1,139,0
5,8,83,1,139,0
3,-5,86,1,139,0
4,7,89,1,139,0
2,-2,93,1,139,0
8,1,106,1,139,0
7,-7,106,1,139,0
3,6,108,1,139,0
7,0,108,1,139,0
2,5,118,1,139,0
-4,5,8,1,139,0
-2,-4,14,1,139,0
8,-1,33,1,139,0
1,5,41,1,139,0
5,-2,48,1,139,0
2,-3,86,1,139,0
7,-8,94,1,139,0
4,8,95,1,139,0
8,2,97,1,139,0
3,7,104,1,139,0
3,-6,109,1,139,0
2,6,111,1,139,0
7,1,112,1,139,0
6,0,114,1,139,0
6,-5,119,1,139,0
-1,2,132,1,139,0
-4,6,14,1,139,0
-3,5,16,1,139,0
2,7,75,1,139,0
0,5,35,1,139,0
8,-2,43,1,139,0
5,-3,57,1,139,0
8,3,91,1,139,0
7,2,92,1,139,0
3,8,97,1,139,0
3,-7,106,1,139,0
6,-6,115,1,139,0
6,1,118,1,139,0
5,0,119,1,139,0
-1,3,126,1,139,0
2,-4,126,1,139,0
-2,-6,5,1,139,0
-4,7,24,1,139,0
-2,5,112,1,139,0
1,7,81,1,139,0
8,-3,47,1,139,0
8,4,79,1,139,0
7,3,84,1,139,0
3,-8,99,1,139,0
6,-7,109,1,139,0
-1,4,119,1,139,0
2,-5,119,1,139,0
5,1,125,1,139,0
5,-4,129,1,139,0
4,0,131,1,139,0
1,-2,137,1,139,0
0,7,87,1,139,0
-4,8,23,1,139,0
-3,7,32,1,139,0
-1,-4,28,1,139,0
-1,5,113,1,139,0
7,-1,36,1,139,0
8,-4,62,1,139,0
8,5,77,1,139,0
7,4,83,1,139,0
6,3,83,1,139,0
5,2,86,1,139,0
-2,6,106,1,139,0
6,-8,102,1,139,0
2,-6,113,1,139,0
5,-5,124,1,139,0
4,1,128,1,139,0
1,-3,133,1,139,0
3,0,137,1,139,0
5,3,11,1,140,0
-2,7,97,1,140,0
7,-2,37,1,140,0
-1,-5,36,1,140,0
8,6,65,1,140,0
7,5,72,1,140,0
8,-5,75,1,140,0
6,4,76,1,140,0
4,2,83,1,140,0
2,-7,98,1,140,0
5,-6,118,1,140,0
1,-4,122,1,140,0
4,-3,137,1,140,0
0,-1,138,1,140,0
2,0,139,1,140,0
-1,7,94,1,140,0
-1,-6,12,1,140,0
6,5,29,1,140,0
7,-3,49,1,140,0
8,-6,63,1,140,0
8,7,64,1,140,0
7,6,69,1,140,0
5,4,73,1,140,0
3,2,75,1,140,0
3,-1,102,1,140,0
1,-5,115,1,140,0
0,-2,134,1,140,0
4,-4,134,1,140,0
1,0,136,1,140,0
-1,8,4,1,140,0
4,4,16,1,140,0
6,6,37,1,140,0
6,-1,41,1,140,0
7,7,52,1,140,0
8,8,57,1,140,0
7,-4,64,1,140,0
5,5,69,1,140,0
3,3,74,1,140,0
8,-7,104,1,140,0
1,-6,109,1,140,0
4,-5,126,1,140,0
1,1,139,1,140,0
-3,0,139,1,140,0
0,0,139,1,140,0
-3,-4,8,1,140,0
4,5,19,1,140,0
6,-2,46,1,140,0
7,8,56,1,140,0
6,7,57,1,140,0
5,6,61,1,140,0
3,4,67,1,140,0
4,-6,69,1,140,0
7,-5,82,1,140,0
8,-8,97,1,140,0
1,-7,102,1,140,0
0,1,139,1,140,0
-2,0,134,1,140,0
1,2,138,1,140,0
3,-3,139,1,140,0
0,-5,44,1,140,0
6,8,53,1,140,0
3,5,59,1,140,0
4,6,59,1,140,0
5,7,86,1,140,0
8,0,102,1,140,0
2,-1,108,1,140,0
7,-6,112,1,140,0
2,4,124,1,140,0
-1,0,127,1,140,0
1,3,131,1,140,0
3,-4,134,1,140,0
-5,5,3,1,140,0
9,2,3,1,140,0
0,-6,18,1,140,0
6,-4,64,1,140,0
5,8,83,1,140,0
3,-5,86,1,140,0
4,7,89,1,140,0
2,-2,93,1,140,0
8,1,106,1,140,0
7,-7,106,1,140,0
3,6,108,1,140,0
7,0,108,1,140,0
2,5,118,1,140,0
-4,5,8,1,140,0
-2,-4,14,1,140,0
8,-1,33,1,140,0
1,5,41,1,140,0
5,-2,48,1,140,0
2,-3,86,1,140,0
7,-8,94,1,140,0
4,8,95,1,140,0
8,2,97,1,140,0
3,7,104,1,140,0
3,-6,109,1,140,0
2,6,111,1,140,0
7,1,112,1,140,0
6,0,114,1,140,0
6,-5,119,1,140,0
-1,2,132,1,140,0
-4,6,14,1,140,0
-3,5,16,1,140,0
2,7,75,1,140,0
0,5,35,1,140,0
8,-2,43,1,140,0
5,-3,57,1,140,0
8,3,91,1,140,0
7,2,92,1,140,0
3,8,97,1,140,0
3,-7,106,1,140,0
6,-6,115,1,140,0
6,1,118,1,140,0
5,0,119,1,140,0
-1,3,126,1,140,0
2,-4,126,1,140,0
-2,-6,5,1,140,0
-4,7,24,1,140,0
-2,5,112,1,140,0
1,7,81,1,140,0
8,-3,47,1,140,0
8,4,79,1,140,0
7,3,84,1,140,0
3,-8,99,1,140,0
6,-7,109,1,140,0
-1,4,119,1,140,0
2,-5,119,1,140,0
5,1,125,1,140,0
5,-4,129,1,140,0
4,0,131,1,140,0
1,-2,139,1,140,0
0,7,87,1,140,0
-4,8,23,1,140,0
-3,7,32,1,140,0
-1,-4,28,1,140,0
-1,5,113,1,140,0
7,-1,36,1,140,0
8,-4,62,1,140,0
8,5,77,1,140,0
7,4,83,1,140,0
6,3,83,1,140,0
5,2,86,1,140,0
-2,6,106,1,140,0
6,-8,102,1,140,0
2,-6,113,1,140,0
5,-5,124,1,140,0
4,1,128,1,140,0
1,-3,133,1,140,0
3,0,137,1,140,0
5,3,11,1,141,0
-2,7,97,1,141,0
7,-2,37,1,141,0
-1,-5,36,1,141,0
8,6,65,1,141,0
7,5,72,1,141,0
8,-5,75,1,141,0
6,4,76,1,141,0
4,2,83,1,141,0
2,-7,98,1,141,0
5,-6,118,1,141,0
1,-4,122,1,141,0
4,-3,137,1,141,0
0,-1,139,1,141,0
2,0,139,1,141,0
-1,7,94,1,141,0
-1,-6,12,1,141,0
6,5,29,1,141,0
7,-3,49,1,141,0
8,-6,63,1,141,0
8,7,64,1,141,0
7,6,69,1,141,0
5,4,73,1,141,0
3,2,75,1,141,0
3,-1,102,1,141,0
1,-5,115,1,141,0
0,-2,134,1,141,0
4,-4,134,1,141,0
1,0,136,1,141,0
-1,8,4,1,141,0
4,4,16,1,141,0
6,6,37,1,141,0
6,-1,41,1,141,0
7,7,52,1,141,0
8,8,57,1,141,0
7,-4,64,1,141,0
5,5,69,1,141,0
3,3,74,1,141,0
8,-7,104,1,141,0
1,-6,109,1,141,0
4,-5,126,1,141,0
1,1,139,1,141,0
-3,0,139,1,141,0
0,0,141,1,141,0
-3,-4,8,1,141,0
4,5,19,1,141,0
6,-2,46,1,141,0
7,8,56,1,141,0
6,7,57,1,141,0
5,6,61,1,141,0
3,4,67,1,141,0
4,-6,69,1,141,0
7,-5,82,1,141,0
8,-8,97,1,141,0
1,-7,102,1,141,0
0,1,139,1,141,0
-2,0,134,1,141,0
1,2,138,1,141,0
3,-3,139,1,141,0
0,-5,44,1,141,0
6,8,53,1,141,0
3,5,59,1,141,0
4,6,59,1,141,0
5,7,86,1,141,0
8,0,102,1,141,0
2,-1,108,1,141,0
7,-6,112,1,141,0
2,4,124,1,141,0
-1,0,127,1,141,0
1,3,131,1,141,0
3,-4,134,1,141,0
-5,5,3,1,141,0
9,2,3,1,141,0
0,-6,18,1,141,0
6,-4,64,1,141,0
5,8,83,1,141,0
3,-5,86,1,141,0
4,7,89,1,141,0
2,-2,93,1,141,0
8,1,106,1,141,0
7,-7,106,1,141,0
3,6,108,1,141,0
7,0,108,1,141,0
2,5,118,1,141,0
-4,5,8,1,141,0
-2,-4,14,1,141,0
8,-1,33,1,141,0
1,5,41,1,141,0
5,-2,48,1,141,0
2,-3,86,1,141,0
7,-8,94,1,141,0
4,8,95,1,141,0
8,2,97,1,141,0
3,7,104,1,141,0
3,-6,109,1,141,0
2,6,111,1,141,0
7,1,112,1,141,0
6,0,114,1,141,0
6,-5,119,1,141,0
-1,2,132,1,141,0
-4,6,14,1,141,0
-3,5,16,1,141,0
2,7,75,1,141,0
0,5,35,1,141,0
8,-2,43,1,141,0
5,-3,57,1,141,0
8,3,91,1,141,0
7,2,92,1,141,0
3,8,97,1,141,0
3,-7,106,1,141,0
6,-6,115,1,141,0
6,1,118,1,141,0
5,0,119,1,141,0
-1,3,126,1,141,0
2,-4,126,1,141,0
-2,-6,5,1,141,0
-4,7,24,1,141,0
-2,5,112,1,141,0
1,7,81,1,141,0
8,-3,47,1,141,0
8,4,79,1,141,0
7,3,84,1,141,0
3,-8,99,1,141,0
6,-7,109,1,141,0
-1,4,119,1,141,0
2,-5,119,1,141,0
5,1,125,1,141,0
5,-4,129,1,141,0
4,0,131,1,141,0
1,-2,139,1,141,0
0,7,87,1,141,0
-4,8,23,1,141,0
-3,7,32,1,141,0
-1,-4,28,1,141,0
-1,5,113,1,141,0
7,-1,36,1,141,0
8,-4,62,1,141,0
8,5,77,1,141,0
7,4,83,1,141,0
6,3,83,1,141,0
5,2,86,1,141,0
-2,6,106,1,141,0
6,-8,102,1,141,0
2,-6,113,1,141,0
5,-5,124,1,141,0
4,1,128,1,141,0
1,-3,133,1,141,0
3,0,137,1,141,0
5,3,11,1,142,0
-2,7,97,1,142,0
7,-2,37,1,142,0
-1,-5,36,1,142,0
8,6,65,1,142,0
7,5,72,1,142,0
8,-5,75,1,142,0
6,4,76,1,142,0
4,2,83,1,142,0
2,-7,98,1,142,0
5,-6,118,1,142,0
1,-4,122,1,142,0
4,-3,137,1,142,0
0,-1,141,1,142,0
2,0,141,1,142,0
-1,7,94,1,142,0
-1,-6,12,1,142,0
6,5,29,1,142,0
7,-3,49,1,142,0
8,-6,63,1,142,0
8,7,64,1,142,0
7,6,69,1,142,0
5,4,73,1,142,0
3,2,75,1,142,0
3,-1,102,1,142,0
1,-5,115,1,142,0
0,-2,134,1,142,0
4,-4,134,1,142,0
-4,0,141,1,142,0
1,0,141,1,142,0
-1,8,4,1,142,0
4,4,16,1,142,0
6,6,37,1,142,0
6,-1,41,1,142,0
7,7,52,1,142,0
8,8,57,1,142,0
7,-4,64,1,142,0
5,5,69,1,142,0
3,3,74,1,142,0
8,-7,104,1,142,0
1,-6,109,1,142,0
4,-5,126,1,142,0
1,1,139,1,142,0
-3,0,139,1,142,0
0,0,142,1,142,0
-3,-4,8,1,142,0
4,5,19,1,142,0
6,-2,46,1,142,0
7,8,56,1,142,0
6,7,57,1,142,0
5,6,61,1,142,0
3,4,67,1,142,0
4,-6,69,1,142,0
7,-5,82,1,142,0
8,-8,97,1,142,0
1,-7,102,1,142,0
-2,0,134,1,142,0
1,2,138,1,142,0
0,1,141,1,142,0
3,-3,141,1,142,0
0,-5,44,1,142,0
6,8,53,1,142,0
3,5,59,1,142,0
4,6,59,1,142,0
5,7,86,1,142,0
8,0,102,1,142,0
2,-1,108,1,142,0
7,-6,112,1,142,0
2,4,124,1,142,0
-1,0,127,1,142,0
1,3,131,1,142,0
3,-4,134,1,142,0
-5,5,3,1,142,0
9,2,3,1,142,0
0,-6,18,1,142,0
6,-4,64,1,142,0
5,8,83,1,142,0
3,-5,86,1,142,0
4,7,89,1,142,0
2,-2,93,1,142,0
8,1,106,1,142,0
7,-7,106,1,142,0
3,6,108,1,142,0
7,0,108,1,142,0
2,5,118,1,142,0
-4,5,8,1,142,0
-2,-4,14,1,142,0
8,-1,33,1,142,0
1,5,41,1,142,0
5,-2,48,1,142,0
7,-8,94,1,142,0
4,8,95,1,142,0
8,2,97,1,142,0
3,7,104,1,142,0
3,-6,109,1,142,0
2,6,111,1,142,0
7,1,112,1,142,0
6,0,114,1,142,0
6,-5,119,1,142,0
-1,2,132,1,142,0
2,-3,141,1,142,0
-4,6,14,1,142,0
-3,5,16,1,142,0
2,7,75,1,142,0
0,5,35,1,142,0
8,-2,43,1,142,0
5,-3,57,1,142,0
8,3,91,1,142,0
7,2,92,1,142,0
3,8,97,1,142,0
3,-7,106,1,142,0
6,-6,115,1,142,0
6,1,118,1,142,0
5,0,119,1,142,0
-1,3,126,1,142,0
2,-4,126,1,142,0
1,-1,141,1,142,0
-2,-6,5,1,142,0
-4,7,24,1,142,0
-2,5,112,1,142,0
1,7,81,1,142,0
8,-3,47,1,142,0
8,4,79,1,142,0
7,3,84,1,142,0
3,-8,99,1,142,0
6,-7,109,1,142,0
-1,4,119,1,142,0
2,-5,119,1,142,0
5,1,125,1,142,0
5,-4,129,1,142,0
4,0,131,1,142,0
1,-2,139,1,142,0
0,7,87,1,142,0
-4,8,23,1,142,0
-3,7,32,1,142,0
-1,-4,28,1,142,0
-1,5,113,1,142,0
7,-1,36,1,142,0
8,-4,62,1,142,0
8,5,77,1,142,0
7,4,83,1,142,0
6,3,83,1,142,0
5,2,86,1,142,0
-2,6,106,1,142,0
6,-8,102,1,142,0
2,-6,113,1,142,0
5,-5,124,1,142,0
4,1,128,1,142,0
1,-3,133,1,142,0
3,0,137,1,142,0
5,3,11,1,143,0
-2,7,97,1,143,0
7,-2,37,1,143,0
-1,-5,36,1,143,0
8,6,65,1,143,0
7,5,72,1,143,0
8,-5,75,1,143,0
6,4,76,1,143,0
4,2,83,1,143,0
2,-7,98,1,143,0
5,-6,118,1,143,0
1,-4,122,1,143,0
4,-3,137,1,143,0
0,-1,141,1,143,0
2,0,142,1,143,0
-1,7,94,1,143,0
-1,-6,12,1,143,0
6,5,29,1,143,0
7,-3,49,1,143,0
8,-6,63,1,143,0
8,7,64,1,143,0
7,6,69,1,143,0
5,4,73,1,143,0
3,2,75,1,143,0
3,-1,102,1,143,0
1,-5,115,1,143,0
0,-2,134,1,143,0
4,-4,134,1,143,0
-4,0,141,1,143,0
1,0,142,1,143,0
-1,8,4,1,143,0
4,4,16,1,143,0
6,6,37,1,143,0
6,-1,41,1,143,0
7,7,52,1,143,0
8,8,57,1,143,0
7,-4,64,1,143,0
5,5,69,1,143,0
3,3,74,1,143,0
8,-7,104,1,143,0
1,-6,109,1,143,0
4,-5,126,1,143,0
1,1,139,1,143,0
-3,0,139,1,143,0
0,0,143,1,143,0
-3,-4,8,1,143,0
4,5,19,1,143,0
6,-2,46,1,143,0
7,8,56,1,143,0
6,7,57,1,143,0
5,6,61,1,143,0
3,4,67,1,143,0
4,-6,69,1,143,0
7,-5,82,1,143,0
8,-8,97,1,143,0
1,-7,102,1,143,0
-2,0,134,1,143,0
1,2,138,1,143,0
0,1,142,1,143,0
3,-3,142,1,143,0
0,-5,44,1,143,0
6,8,53,1,143,0
3,5,59,1,143,0
4,6,59,1,143,0
5,7,86,1,143,0
8,0,102,1,143,0
2,-1,108,1,143,0
7,-6,112,1,143,0
2,4,124,1,143,0
-1,0,127,1,143,0
1,3,131,1,143,0
3,-4,134,1,143,0
-5,5,3,1,143,0
9,2,3,1,143,0
0,-6,18,1,143,0
6,-4,64,1,143,0
5,8,83,1,143,0
3,-5,86,1,143,0
4,7,89,1,143,0
2,-2,93,1,143,0
8,1,106,1,143,0
7,-7,106,1,143,0
3,6,108,1,143,0
7,0,108,1,143,0
2,5,118,1,143,0
-4,5,8,1,143,0
-2,-4,14,1,143,0
8,-1,33,1,143,0
1,5,41,1,143,0
5,-2,48,1,143,0
7,-8,94,1,143,0
4,8,95,1,143,0
8,2,97,1,143,0
3,7,104,1,143,0
3,-6,109,1,143,0
2,6,111,1,143,0
7,1,112,1,143,0
6,0,114,1,143,0
6,-5,119,1,143,0
-1,2,132,1,143,0
2,-3,141,1,143,0
-4,6,14,1,143,0
-3,5,16,1,143,0
2,7,75,1,143,0
0,5,35,1,143,0
8,-2,43,1,143,0
5,-3,57,1,143,0
8,3,91,1,143,0
7,2,92,1,143,0
3,8,97,1,143,0
3,-7,106,1,143,0
6,-6,115,1,143,0
6,1,118,1,143,0
5,0,119,1,143,0
-1,3,126,1,143,0
2,-4,126,1,143,0
1,-1,141,1,143,0
-2,-6,5,1,143,0
-4,7,24,1,143,0
-2,5,112,1,143,0
1,7,81,1,143,0
8,-3,47,1,143,0
8,4,79,1,143,0
7,3,84,1,143,0
3,-8,99,1,143,0
6,-7,109,1,143,0
-1,4,119,1,143,0
2,-5,119,1,143,0
5,1,125,1,143,0
5,-4,129,1,143,0
4,0,131,1,143,0
1,-2,139,1,143,0
0,7,87,1,143,0
-4,8,23,1,143,0
-3,7,32,1,143,0
-1,-4,28,1,143,0
-1,5,113,1,143,0
7,-1,36,1,143,0
8,-4,62,1,143,0
8,5,77,1,143,0
7,4,83,1,143,0
6,3,83,1,143,0
5,2,86,1,143,0
-2,6,106,1,143,0
6,-8,102,1,143,0
2,-6,113,1,143,0
5,-5,124,1,143,0
4,1,128,1,143,0
1,-3,133,1,143,0
3,0,137,1,143,0
5,3,11,1,144,0
-2,7,97,1,144,0
7,-2,37,1,144,0
-1,-5,36,1,144,0
8,6,65,1,144,0
7,5,72,1,144,0
8,-5,75,1,144,0
6,4,76,1,144,0
4,2,83,1,144,0
2,-7,98,1,144,0
5,-6,118,1,144,0
1,-4,122,1,144,0
4,-3,137,1,144,0
2,0,143,1,144,0
0,-1,143,1,144,0
-1,7,94,1,144,0
-1,-6,12,1,144,0
6,5,29,1,144,0
7,-3,49,1,144,0
8,-6,63,1,144,0
8,7,64,1,144,0
7,6,69,1,144,0
5,4,73,1,144,0
3,2,75,1,144,0
3,-1,102,1,144,0
1,-5,115,1,144,0
0,-2,134,1,144,0
4,-4,134,1,144,0
-4,0,143,1,144,0
1,0,143,1,144,0
-1,8,4,1,144,0
4,4,16,1,144,0
6,6,37,1,144,0
6,-1,41,1,144,0
7,7,52,1,144,0
8,8,57,1,144,0
7,-4,64,1,144,0
5,5,69,1,144,0
3,3,74,1,144,0
8,-7,104,1,144,0
1,-6,109,1,144,0
4,-5,126,1,144,0
1,1,139,1,144,0
-3,0,139,1,144,0
0,0,144,1,144,0
-3,-4,8,1,144,0
4,5,19,1,144,0
6,-2,46,1,144,0
7,8,56,1,144,0
6,7,57,1,144,0
5,6,61,1,144,0
3,4,67,1,144,0
4,-6,69,1,144,0
7,-5,82,1,144,0
8,-8,97,1,144,0
1,-7,102,1,144,0
-2,0,134,1,144,0
1,2,138,1,144,0
0,1,143,1,144,0
3,-3,143,1,144,0
0,-5,44,1,144,0
6,8,53,1,144,0
3,5,59,1,144,0
4,6,59,1,144,0
5,7,86,1,144,0
8,0,102,1,144,0
2,-1,108,1,144,0
7,-6,112,1,144,0
2,4,124,1,144,0
-1,0,127,1,144,0
1,3,131,1,144,0
3,-4,134,1,144,0
-5,5,3,1,144,0
9,2,3,1,144,0
0,-6,18,1,144,0
6,-4,64,1,144,0
5,8,83,1,144,0
3,-5,86,1,144,0
4,7,89,1,144,0
2,-2,93,1,144,0
8,1,106,1,144,0
7,-7,106,1,144,0
3,6,108,1,144,0
7,0,108,1,144,0
2,5,118,1,144,0
-4,5,8,1,144,0
-2,-4,14,1,144,0
8,-1,33,1,144,0
1,5,41,1,144,0
5,-2,48,1,144,0
7,-8,94,1,144,0
4,8,95,1,144,0
8,2,97,1,144,0
3,7,104,1,144,0
3,-6,109,1,144,0
2,6,111,1,144,0
7,1,112,1,144,0
6,0,114,1,144,0
6,-5,119,1,144,0
-1,2,132,1,144,0
2,-3,143,1,144,0
-4,6,14,1,144,0
-3,5,16,1,144,0
2,7,75,1,144,0
0,5,35,1,144,0
8,-2,43,1,144,0
5,-3,57,1,144,0
8,3,91,1,144,0
7,2,92,1,144,0
3,8,97,1,144,0
3,-7,106,1,144,0
6,-6,115,1,144,0
6,1,118,1,144,0
5,0,119,1,144,0
-1,3,126,1,144,0
2,-4,126,1,144,0
1,-1,142,1,144,0
-2,-6,5,1,144,0
-4,7,24,1,144,0
-2,5,112,1,144,0
1,7,81,1,144,0
8,-3,47,1,144,0
8,4,79,1,144,0
7,3,84,1,144,0
3,-8,99,1,144,0
6,-7,109,1,144,0
-1,4,119,1,144,0
2,-5,119,1,144,0
5,1,125,1,144,0
5,-4,129,1,144,0
4,0,131,1,144,0
1,-2,139,1,144,0
0,7,87,1,144,0
-4,8,23,1,144,0
-3,7,32,1,144,0
-1,-4,28,1,144,0
-1,5,113,1,144,0
7,-1,36,1,144,0
8,-4,62,1,144,0
8,5,77,1,144,0
7,4,83,1,144,0
6,3,83,1,144,0
5,2,86,1,144,0
-2,6,106,1,144,0
6,-8,102,1,144,0
2,-6,113,1,144,0
5,-5,124,1,144,0
4,1,128,1,144,0
1,-3,133,1,144,0
3,0,137,1,144,0
5,3,11,1,145,0
-2,7,97,1,145,0
7,-2,37,1,145,0
-1,-5,36,1,145,0
8,6,65,1,145,0
7,5,72,1,145,0
8,-5,75,1,145,0
6,4,76,1,145,0
4,2,83,1,145,0
2,-7,98,1,145,0
5,-6,118,1,145,0
1,-4,122,1,145,0
4,-3,137,1,145,0
2,0,143,1,145,0
0,-1,144,1,145,0
-1,7,94,1,145,0
-1,-6,12,1,145,0
6,5,29,1,145,0
7,-3,49,1,145,0
8,-6,63,1,145,0
8,7,64,1,145,0
7,6,69,1,145,0
5,4,73,1,145,0
3,2,75,1,145,0
3,-1,102,1,145,0
1,-5,115,1,145,0
0,-2,134,1,145,0
4,-4,134,1,145,0
-4,0,144,1,145,0
1,0,144,1,145,0
-1,8,4,1,145,0
4,4,16,1,145,0
6,6,37,1,145,0
6,-1,41,1,145,0
7,7,52,1,145,0
8,8,57,1,145,0
7,-4,64,1,145,0
5,5,69,1,145,0
3,3,74,1,145,0
8,-7,104,1,145,0
1,-6,109,1,145,0
4,-5,126,1,145,0
1,1,139,1,145,0
-3,0,139,1,145,0
0,0,145,1,145,0
3,-2,144,1,145,0
-3,-4,8,1,145,0
4,5,19,1,145,0
6,-2,46,1,145,0
7,8,56,1,145,0
6,7,57,1,145,0
5,6,61,1,145,0
3,4,67,1,145,0
4,-6,69,1,145,0
7,-5,82,1,145,0
8,-8,97,1,145,0
1,-7,102,1,145,0
-2,0,134,1,145,0
1,2,138,1,145,0
3,-3,143,1,145,0
0,1,144,1,145,0
0,-5,44,1,145,0
6,8,53,1,145,0
3,5,59,1,145,0
4,6,59,1,145,0
5,7,86,1,145,0
8,0,102,1,145,0
2,-1,108,1,145,0
7,-6,112,1,145,0
2,4,124,1,145,0
1,3,131,1,145,0
3,-4,134,1,145,0
-1,0,144,1,145,0
-5,5,3,1,145,0
9,2,3,1,145,0
0,-6,18,1,145,0
6,-4,64,1,145,0
5,8,83,1,145,0
3,-5,86,1,145,0
4,7,89,1,145,0
2,-2,93,1,145,0
8,1,106,1,145,0
7,-7,106,1,145,0
3,6,108,1,145,0
7,0,108,1,145,0
2,5,118,1,145,0
-4,5,8,1,145,0
-2,-4,14,1,145,0
8,-1,33,1,145,0
1,5,41,1,145,0
5,-2,48,1,145,0
7,-8,94,1,145,0
4,8,95,1,145,0
8,2,97,1,145,0
3,7,104,1,145,0
3,-6,109,1,145,0
2,6,111,1,145,0
7,1,112,1,145,0
6,0,114,1,145,0
6,-5,119,1,145,0
-1,2,132,1,145,0
2,-3,143,1,145,0
-4,6,14,1,145,0
-3,5,16,1,145,0
2,7,75,1,145,0
0,5,35,1,145,0
8,-2,43,1,145,0
5,-3,57,1,145,0
8,3,91,1,145,0
7,2,92,1,145,0
3,8,97,1,145,0
3,-7,106,1,145,0
6,-6,115,1,145,0
6,1,118,1,145,0
5,0,119,1,145,0
-1,3,126,1,145,0
2,-4,126,1,145,0
1,-1,142,1,145,0
-2,-6,5,1,145,0
-4,7,24,1,145,0
-2,5,112,1,145,0
1,7,81,1,145,0
8,-3,47,1,145,0
8,4,79,1,145,0
7,3,84,1,145,0
3,-8,99,1,145,0
6,-7,109,1,145,0
-1,4,119,1,145,0
2,-5,119,1,145,0
5,1,125,1,145,0
5,-4,129,1,145,0
4,0,131,1,145,0
1,-2,139,1,145,0
0,7,87,1,145,0
-4,8,23,1,145,0
-3,7,32,1,145,0
-1,-4,28,1,145,0
-1,5,113,1,145,0
7,-1,36,1,145,0
8,-4,62,1,145,0
8,5,77,1,145,0
7,4,83,1,145,0
6,3,83,1,145,0
5,2,86,1,145,0
-2,6,106,1,145,0
6,-8,102,1,145,0
2,-6,113,1,145,0
5,-5,124,1,145,0
4,1,128,1,145,0
1,-3,133,1,145,0
3,0,137,1,145,0
5,3,11,1,146,0
-2,7,97,1,146,0
7,-2,37,1,146,0
-1,-5,36,1,146,0
8,6,65,1,146,0
7,5,72,1,146,0
8,-5,75,1,146,0
6,4,76,1,146,0
4,2,83,1,146,0
2,-7,98,1,146,0
5,-6,118,1,146,0
1,-4,122,1,146,0
4,-3,137,1,146,0
2,0,144,1,146,0
0,-1,145,1,146,0
-1,7,94,1,146,0
-1,-6,12,1,146,0
6,5,29,1,146,0
7,-3,49,1,146,0
8,-6,63,1,146,0
8,7,64,1,146,0
7,6,69,1,146,0
5,4,73,1,146,0
3,2,75,1,146,0
3,-1,102,1,146,0
1,-5,115,1,146,0
0,-2,134,1,146,0
4,-4,134,1,146,0
1,0,144,1,146,0
-4,0,145,1,146,0
-1,8,4,1,146,0
4,4,16,1,146,0
6,6,37,1,146,0
6,-1,41,1,146,0
7,7,52,1,146,0
8,8,57,1,146,0
7,-4,64,1,146,0
5,5,69,1,146,0
3,3,74,1,146,0
8,-7,104,1,146,0
1,-6,109,1,146,0
4,-5,126,1,146,0
1,1,139,1,146,0
-3,0,139,1,146,0
3,-2,144,1,146,0
0,0,146,1,146,0
-3,-4,8,1,146,0
4,5,19,1,146,0
6,-2,46,1,146,0
7,8,56,1,146,0
6,7,57,1,146,0
5,6,61,1,146,0
3,4,67,1,146,0
4,-6,69,1,146,0
7,-5,82,1,146,0
8,-8,97,1,146,0
1,-7,102,1,146,0
-2,0,134,1,146,0
1,2,138,1,146,0
3,-3,143,1,146,0
0,1,145,1,146,0
0,-5,44,1,146,0
6,8,53,1,146,0
3,5,59,1,146,0
4,6,59,1,146,0
5,7,86,1,146,0
8,0,102,1,146,0
2,-1,108,1,146,0
7,-6,112,1,146,0
2,4,124,1,146,0
1,3,131,1,146,0
3,-4,134,1,146,0
-1,0,145,1,146,0
-5,5,3,1,146,0
9,2,3,1,146,0
0,-6,18,1,146,0
6,-4,64,1,146,0
5,8,83,1,146,0
3,-5,86,1,146,0
4,7,89,1,146,0
8,1,106,1,146,0
7,-7,106,1,146,0
3,6,108,1,146,0
7,0,108,1,146,0
2,5,118,1,146,0
2,-2,145,1,146,0
-4,5,8,1,146,0
-2,-4,14,1,146,0
8,-1,33,1,146,0
1,5,41,1,146,0
5,-2,48,1,146,0
7,-8,94,1,146,0
4,8,95,1,146,0
8,2,97,1,146,0
3,7,104,1,146,0
3,-6,109,1,146,0
2,6,111,1,146,0
7,1,112,1,146,0
6,0,114,1,146,0
6,-5,119,1,146,0
-1,2,132,1,146,0
2,-3,143,1,146,0
-4,6,14,1,146,0
-3,5,16,1,146,0
2,7,75,1,146,0
0,5,35,1,146,0
8,-2,43,1,146,0
5,-3,57,1,146,0
8,3,91,1,146,0
7,2,92,1,146,0
3,8,97,1,146,0
3,-7,106,1,146,0
6,-6,115,1,146,0
6,1,118,1,146,0
5,0,119,1,146,0
-1,3,126,1,146,0
2,-4,126,1,146,0
1,-1,142,1,146,0
-2,-6,5,1,146,0
-4,7,24,1,146,0
-2,5,112,1,146,0
1,7,81,1,146,0
8,-3,47,1,146,0
8,4,79,1,146,0
7,3,84,1,146,0
3,-8,99,1,146,0
6,-7,109,1,146,0
-1,4,119,1,146,0
2,-5,119,1,146,0
5,1,125,1,146,0
5,-4,129,1,146,0
4,0,131,1,146,0
1,-2,139,1,146,0
0,7,87,1,146,0
-4,8,23,1,146,0
-3,7,32,1,146,0
-1,-4,28,1,146,0
-1,5,113,1,146,0
7,-1,36,1,146,0
8,-4,62,1,146,0
8,5,77,1,146,0
7,4,83,1,146,0
6,3,83,1,146,0
5,2,86,1,146,0
-2,6,106,1,146,0
6,-8,102,1,146,0
2,-6,113,1,146,0
5,-5,124,1,146,0
4,1,128,1,146,0
1,-3,133,1,146,0
3,0,137,1,146,0
5,3,11,1,147,0
-2,7,97,1,147,0
7,-2,37,1,147,0
-1,-5,36,1,147,0
8,6,65,1,147,0
7,5,72,1,147,0
8,-5,75,1,147,0
6,4,76,1,147,0
4,2,83,1,147,0
2,-7,98,1,147,0
5,-6,118,1,147,0
1,-4,122,1,147,0
4,-3,137,1,147,0
2,0,144,1,147,0
0,-1,146,1,147,0
-1,7,94,1,147,0
-1,-6,12,1,147,0
6,5,29,1,147,0
7,-3,49,1,147,0
8,-6,63,1,147,0
8,7,64,1,147,0
7,6,69,1,147,0
5,4,73,1,147,0
3,2,75,1,147,0
3,-1,102,1,147,0
1,-5,115,1,147,0
0,-2,134,1,147,0
4,-4,134,1,147,0
1,0,145,1,147,0
-4,0,146,1,147,0
-1,8,4,1,147,0
4,4,16,1,147,0
6,6,37,1,147,0
6,-1,41,1,147,0
7,7,52,1,147,0
8,8,57,1,147,0
7,-4,64,1,147,0
5,5,69,1,147,0
3,3,74,1,147,0
8,-7,104,1,147,0
1,-6,109,1,147,0
4,-5,126,1,147,0
1,1,139,1,147,0
-3,0,139,1,147,0
0,0,146,1,147,0
3,-2,146,1,147,0
-3,-4,8,1,147,0
4,5,19,1,147,0
6,-2,46,1,147,0
7,8,56,1,147,0
6,7,57,1,147,0
5,6,61,1,147,0
3,4,67,1,147,0
4,-6,69,1,147,0
7,-5,82,1,147,0
8,-8,97,1,147,0
1,-7,102,1,147,0
-2,0,134,1,147,0
1,2,138,1,147,0
3,-3,143,1,147,0
0,1,145,1,147,0
0,-5,44,1,147,0
6,8,53,1,147,0
3,5,59,1,147,0
4,6,59,1,147,0
5,7,86,1,147,0
8,0,102,1,147,0
2,-1,108,1,147,0
7,-6,112,1,147,0
2,4,124,1,147,0
1,3,131,1,147,0
3,-4,134,1,147,0
-1,0,147,1,147,0
-5,5,3,1,147,0
9,2,3,1,147,0
0,-6,18,1,147,0
6,-4,64,1,147,0
5,8,83,1,147,0
3,-5,86,1,147,0
4,7,89,1,147,0
8,1,106,1,147,0
7,-7,106,1,147,0
3,6,108,1,147,0
7,0,108,1,147,0
2,5,118,1,147,0
2,-2,146,1,147,0
-4,5,8,1,147,0
-2,-4,14,1,147,0
8,-1,33,1,147,0
1,5,41,1,147,0
5,-2,48,1,147,0
7,-8,94,1,147,0
4,8,95,1,147,0
8,2,97,1,147,0
3,7,104,1,147,0
3,-6,109,1,147,0
2,6,111,1,147,0
7,1,112,1,147,0
6,0,114,1,147,0
6,-5,119,1,147,0
-1,2,132,1,147,0
2,-3,143,1,147,0
-4,6,14,1,147,0
-3,5,16,1,147,0
2,7,75,1,147,0
0,5,35,1,147,0
8,-2,43,1,147,0
5,-3,57,1,147,0
8,3,91,1,147,0
7,2,92,1,147,0
3,8,97,1,147,0
3,-7,106,1,147,0
6,-6,115,1,147,0
6,1,118,1,147,0
5,0,119,1,147,0
-1,3,126,1,147,0
2,-4,126,1,147,0
1,-1,142,1,147,0
-2,-6,5,1,147,0
-4,7,24,1,147,0
-2,5,112,1,147,0
1,7,81,1,147,0
8,-3,47,1,147,0
8,4,79,1,147,0
7,3,84,1,147,0
3,-8,99,1,147,0
6,-7,109,1,147,0
-1,4,119,1,147,0
2,-5,119,1,147,0
5,1,125,1,147,0
5,-4,129,1,147,0
4,0,131,1,147,0
1,-2,139,1,147,0
0,7,87,1,147,0
-4,8,23,1,147,0
-3,7,32,1,147,0
-1,-4,28,1,147,0
-1,5,113,1,147,0
7,-1,36,1,147,0
8,-4,62,1,147,0
8,5,77,1,147,0
7,4,83,1,147,0
6,3,83,1,147,0
5,2,86,1,147,0
-2,6,106,1,147,0
6,-8,102,1,147,0
2,-6,113,1,147,0
5,-5,124,1,147,0
4,1,128,1,147,0
1,-3,133,1,147,0
3,0,137,1,147,0
5,3,11,1,148,0
-2,7,97,1,148,0
7,-2,37,1,148,0
-1,-5,36,1,148,0
8,6,65,1,148,0
7,5,72,1,148,0
8,-5,75,1,148,0
6,4,76,1,148,0
4,2,83,1,148,0
2,-7,98,1,148,0
5,-6,118,1,148,0
1,-4,122,1,148,0
4,-3,137,1,148,0
2,0,144,1,148,0
-5,0,147,1,148,0
0,-1,147,1,148,0
-1,7,94,1,148,0
-1,-6,12,1,148,0
6,5,29,1,148,0
7,-3,49,1,148,0
8,-6,63,1,148,0
8,7,64,1,148,0
7,6,69,1,148,0
5,4,73,1,148,0
3,2,75,1,148,0
3,-1,102,1,148,0
1,-5,115,1,148,0
0,-2,134,1,148,0
4,-4,134,1,148,0
-4,0,146,1,148,0
1,0,146,1,148,0
-1,8,4,1,148,0
4,4,16,1,148,0
6,6,37,1,148,0
6,-1,41,1,148,0
7,7,52,1,148,0
8,8,57,1,148,0
7,-4,64,1,148,0
5,5,69,1,148,0
3,3,74,1,148,0
8,-7,104,1,148,0
1,-6,109,1,148,0
4,-5,126,1,148,0
1,1,139,1,148,0
-3,0,139,1,148,0
3,-2,146,1,148,0
0,0,147,1,148,0
-3,-4,8,1,148,0
4,5,19,1,148,0
6,-2,46,1,148,0
7,8,56,1,148,0
6,7,57,1,148,0
5,6,61,1,148,0
3,4,67,1,148,0
4,-6,69,1,148,0
7,-5,82,1,148,0
8,-8,97,1,148,0
1,-7,102,1,148,0
-2,0,134,1,148,0
1,2,138,1,148,0
3,-3,143,1,148,0
0,1,145,1,148,0
0,-5,44,1,148,0
6,8,53,1,148,0
3,5,59,1,148,0
4,6,59,1,148,0
5,7,86,1,148,0
8,0,102,1,148,0
2,-1,108,1,148,0
7,-6,112,1,148,0
2,4,124,1,148,0
1,3,131,1,148,0
3,-4,134,1,148,0
-1,0,148,1,148,0
-5,5,3,1,148,0
9,2,3,1,148,0
0,-6,18,1,148,0
6,-4,64,1,148,0
5,8,83,1,148,0
3,-5,86,1,148,0
4,7,89,1,148,0
8,1,106,1,148,0
7,-7,106,1,148,0
3,6,108,1,148,0
7,0,108,1,148,0
2,5,118,1,148,0
2,-2,147,1,148,0
-4,5,8,1,148,0
-2,-4,14,1,148,0
8,-1,33,1,148,0
1,5,41,1,148,0
5,-2,48,1,148,0
7,-8,94,1,148,0
4,8,95,1,148,0
8,2,97,1,148,0
3,7,104,1,148,0
3,-6,109,1,148,0
2,6,111,1,148,0
7,1,112,1,148,0
6,0,114,1,148,0
6,-5,119,1,148,0
-1,2,132,1,148,0
2,-3,143,1,148,0
-4,6,14,1,148,0
-3,5,16,1,148,0
2,7,75,1,148,0
0,5,35,1,148,0
8,-2,43,1,148,0
5,-3,57,1,148,0
8,3,91,1,148,0
7,2,92,1,148,0
3,8,97,1,148,0
3,-7,106,1,148,0
6,-6,115,1,148,0
6,1,118,1,148,0
5,0,119,1,148,0
-1,3,126,1,148,0
2,-4,126,1,148,0
1,-1,142,1,148,0
-2,-6,5,1,148,0
-4,7,24,1,148,0
-2,5,112,1,148,0
1,7,81,1,148,0
8,-3,47,1,148,0
8,4,79,1,148,0
7,3,84,1,148,0
3,-8,99,1,148,0
6,-7,109,1,148,0
-1,4,119,1,148,0
2,-5,119,1,148,0
5,1,125,1,148,0
5,-4,129,1,148,0
4,0,131,1,148,0
1,-2,139,1,148,0
0,7,87,1,148,0
-4,8,23,1,148,0
-3,7,32,1,148,0
-1,-4,28,1,148,0
-1,5,113,1,148,0
7,-1,36,1,148,0
8,-4,62,1,148,0
8,5,77,1,148,0
7,4,83,1,148,0
6,3,83,1,148,0
5,2,86,1,148,0
-2,6,106,1,148,0
6,-8,102,1,148,0
2,-6,113,1,148,0
5,-5,124,1,148,0
4,1,128,1,148,0
1,-3,133,1,148,0
3,0,137,1,148,0
5,3,11,1,149,0
-2,7,97,1,149,0
7,-2,37,1,149,0
-1,-5,36,1,149,0
8,6,65,1,149,0
7,5,72,1,149,0
8,-5,75,1,149,0
6,4,76,1,149,0
4,2,83,1,149,0
2,-7,98,1,149,0
5,-6,118,1,149,0
1,-4,122,1,149,0
4,-3,137,1,149,0
2,0,144,1,149,0
0,-1,147,1,149,0
-5,0,148,1,149,0
-1,7,94,1,149,0
-1,-6,12,1,149,0
6,5,29,1,149,0
7,-3,49,1,149,0
8,-6,63,1,149,0
8,7,64,1,149,0
7,6,69,1,149,0
5,4,73,1,149,0
3,2,75,1,149,0
3,-1,102,1,149,0
1,-5,115,1,149,0
0,-2,134,1,149,0
4,-4,134,1,149,0
-4,0,146,1,149,0
1,0,147,1,149,0
-1,8,4,1,149,0
4,4,16,1,149,0
6,6,37,1,149,0
6,-1,41,1,149,0
7,7,52,1,149,0
8,8,57,1,149,0
7,-4,64,1,149,0
5,5,69,1,149,0
3,3,74,1,149,0
8,-7,104,1,149,0
1,-6,109,1,149,0
4,-5,126,1,149,0
1,1,139,1,149,0
-3,0,139,1,149,0
3,-2,146,1,149,0
0,0,148,1,149,0
-3,-4,8,1,149,0
4,5,19,1,149,0
6,-2,46,1,149,0
7,8,56,1,149,0
6,7,57,1,149,0
5,6,61,1,149,0
3,4,67,1,149,0
4,-6,69,1,149,0
7,-5,82,1,149,0
8,-8,97,1,149,0
1,-7,102,1,149,0
-2,0,134,1,149,0
1,2,138,1,149,0
3,-3,143,1,149,0
0,1,145,1,149,0
0,-5,44,1,149,0
6,8,53,1,149,0
3,5,59,1,149,0
4,6,59,1,149,0
5,7,86,1,149,0
8,0,102,1,149,0
2,-1,108,1,149,0
7,-6,112,1,149,0
2,4,124,1,149,0
1,3,131,1,149,0
3,-4,134,1,149,0
-1,0,149,1,149,0
-5,5,3,1,149,0
9,2,3,1,149,0
0,-6,18,1,149,0
6,-4,64,1,149,0
5,8,83,1,149,0
3,-5,86,1,149,0
4,7,89,1,149,0
8,1,106,1,149,0
7,-7,106,1,149,0
3,6,108,1,149,0
7,0,108,1,149,0
2,5,118,1,149,0
2,-2,148,1,149,0
-4,5,8,1,149,0
-2,-4,14,1,149,0
8,-1,33,1,149,0
1,5,41,1,149,0
5,-2,48,1,149,0
7,-8,94,1,149,0
4,8,95,1,149,0
8,2,97,1,149,0
3,7,104,1,149,0
3,-6,109,1,149,0
2,6,111,1,149,0
7,1,112,1,149,0
6,0,114,1,149,0
6,-5,119,1,149,0
-1,2,132,1,149,0
2,-3,143,1,149,0
-4,6,14,1,149,0
-3,5,16,1,149,0
2,7,75,1,149,0
0,5,35,1,149,0
8,-2,43,1,149,0
5,-3,57,1,149,0
8,3,91,1,149,0
7,2,92,1,149,0
3,8,97,1,149,0
3,-7,106,1,149,0
6,-6,115,1,149,0
6,1,118,1,149,0
5,0,119,1,149,0
-1,3,126,1,149,0
2,-4,126,1,149,0
1,-1,142,1,149,0
-2,-6,5,1,149,0
-4,7,24,1,149,0
-2,5,112,1,149,0
1,7,81,1,149,0
8,-3,47,1,149,0
8,4,79,1,149,0
7,3,84,1,149,0
3,-8,99,1,149,0
6,-7,109,1,149,0
-1,4,119,1,149,0
2,-5,119,1,149,0
5,1,125,1,149,0
5,-4,129,1,149,0
4,0,131,1,149,0
1,-2,139,1,149,0
0,7,87,1,149,0
-4,8,23,1,149,0
-3,7,32,1,149,0
-1,-4,28,1,149,0
-1,5,113,1,149,0
7,-1,36,1,149,0
8,-4,62,1,149,0
8,5,77,1,149,0
7,4,83,1,149,0
6,3,83,1,149,0
5,2,86,1,149,0
-2,6,106,1,149,0
6,-8,102,1,149,0
2,-6,113,1,149,0
5,-5,124,1,149,0
4,1,128,1,149,0
1,-3,133,1,149,0
3,0,137,1,149,0
5,3,11,1,150,0
-2,7,97,1,150,0
7,-2,37,1,150,0
-1,-5,36,1,150,0
8,6,65,1,150,0
7,5,72,1,150,0
8,-5,75,1,150,0
6,4,76,1,150,0
4,2,83,1,150,0
2,-7,98,1,150,0
5,-6,118,1,150,0
1,-4,122,1,150,0
4,-3,137,1,150,0
2,0,144,1,150,0
0,-1,147,1,150,0
-5,0,149,1,150,0
-1,7,94,1,150,0
-1,-6,12,1,150,0
6,5,29,1,150,0
7,-3,49,1,150,0
8,-6,63,1,150,0
8,7,64,1,150,0
7,6,69,1,150,0
5,4,73,1,150,0
3,2,75,1,150,0
3,-1,102,1,150,0
1,-5,115,1,150,0
0,-2,134,1,150,0
4,-4,134,1,150,0
-4,0,146,1,150,0
1,0,148,1,150,0
-1,8,4,1,150,0
4,4,16,1,150,0
6,6,37,1,150,0
6,-1,41,1,150,0
7,7,52,1,150,0
8,8,57,1,150,0
7,-4,64,1,150,0
5,5,69,1,150,0
3,3,74,1,150,0
8,-7,104,1,150,0
1,-6,109,1,150,0
4,-5,126,1,150,0
1,1,139,1,150,0
-3,0,139,1,150,0
3,-2,146,1,150,0
0,0,149,1,150,0
-3,-4,8,1,150,0
4,5,19,1,150,0
6,-2,46,1,150,0
7,8,56,1,150,0
6,7,57,1,150,0
5,6,61,1,150,0
3,4,67,1,150,0
4,-6,69,1,150,0
7,-5,82,1,150,0
8,-8,97,1,150,0
1,-7,102,1,150,0
-2,0,134,1,150,0
1,2,138,1,150,0
3,-3,143,1,150,0
0,1,145,1,150,0
0,-5,44,1,150,0
6,8,53,1,150,0
3,5,59,1,150,0
4,6,59,1,150,0
5,7,86,1,150,0
8,0,102,1,150,0
2,-1,108,1,150,0
7,-6,112,1,150,0
2,4,124,1,150,0
1,3,131,1,150,0
3,-4,134,1,150,0
-1,0,149,1,150,0
-5,5,3,1,150,0
9,2,3,1,150,0
0,-6,18,1,150,0
6,-4,64,1,150,0
5,8,83,1,150,0
3,-5,86,1,150,0
4,7,89,1,150,0
8,1,106,1,150,0
7,-7,106,1,150,0
3,6,108,1,150,0
7,0,108,1,150,0
2,5,118,1,150,0
2,-2,149,1,150,0
-4,5,8,1,150,0
-2,-4,14,1,150,0
8,-1,33,1,150,0
1,5,41,1,150,0
5,-2,48,1,150,0
7,-8,94,1,150,0
4,8,95,1,150,0
8,2,97,1,150,0
3,7,104,1,150,0
3,-6,109,1,150,0
2,6,111,1,150,0
7,1,112,1,150,0
6,0,114,1,150,0
6,-5,119,1,150,0
-1,2,132,1,150,0
2,-3,143,1,150,0
-4,6,14,1,150,0
-3,5,16,1,150,0
2,7,75,1,150,0
0,5,35,1,150,0
8,-2,43,1,150,0
5,-3,57,1,150,0
8,3,91,1,150,0
7,2,92,1,150,0
3,8,97,1,150,0
3,-7,106,1,150,0
6,-6,115,1,150,0
6,1,118,1,150,0
5,0,119,1,150,0
-1,3,126,1,150,0
2,-4,126,1,150,0
1,-1,142,1,150,0
-2,-6,5,1,150,0
-4,7,24,1,150,0
-2,5,112,1,150,0
1,7,81,1,150,0
8,-3,47,1,150,0
8,4,79,1,150,0
7,3,84,1,150,0
3,-8,99,1,150,0
6,-7,109,1,150,0
-1,4,119,1,150,0
2,-5,119,1,150,0
5,1,125,1,150,0
5,-4,129,1,150,0
4,0,131,1,150,0
1,-2,139,1,150,0
0,7,87,1,150,0
-4,8,23,1,150,0
-3,7,32,1,150,0
-1,-4,28,1,150,0
-1,5,113,1,150,0
7,-1,36,1,150,0
8,-4,62,1,150,0
8,5,77,1,150,0
7,4,83,1,150,0
6,3,83,1,150,0
5,2,86,1,150,0
-2,6,106,1,150,0
6,-8,102,1,150,0
2,-6,113,1,150,0
5,-5,124,1,150,0
4,1,128,1,150,0
1,-3,133,1,150,0
3,0,137,1,150,0
5,3,11,1,151,0
-2,7,97,1,151,0
7,-2,37,1,151,0
-1,-5,36,1,151,0
8,6,65,1,151,0
7,5,72,1,151,0
8,-5,75,1,151,0
6,4,76,1,151,0
4,2,83,1,151,0
2,-7,98,1,151,0
5,-6,118,1,151,0
1,-4,122,1,151,0
4,-3,137,1,151,0
2,0,144,1,151,0
0,-1,147,1,151,0
-5,0,149,1,151,0
-1,7,94,1,151,0
-1,-6,12,1,151,0
6,5,29,1,151,0
7,-3,49,1,151,0
8,-6,63,1,151,0
8,7,64,1,151,0
7,6,69,1,151,0
5,4,73,1,151,0
3,2,75,1,151,0
3,-1,102,1,151,0
1,-5,115,1,151,0
0,-2,134,1,151,0
4,-4,134,1,151,0
-4,0,146,1,151,0
1,0,149,1,151,0
-1,8,4,1,151,0
4,4,16,1,151,0
6,6,37,1,151,0
6,-1,41,1,151,0
7,7,52,1,151,0
8,8,57,1,151,0
7,-4,64,1,151,0
5,5,69,1,151,0
3,3,74,1,151,0
8,-7,104,1,151,0
1,-6,109,1,151,0
4,-5,126,1,151,0
1,1,139,1,151,0
-3,0,139,1,151,0
3,-2,146,1,151,0
0,0,149,1,151,0
-3,-4,8,1,151,0
4,5,19,1,151,0
6,-2,46,1,151,0
7,8,56,1,151,0
6,7,57,1,151,0
5,6,61,1,151,0
3,4,67,1,151,0
4,-6,69,1,151,0
7,-5,82,1,151,0
8,-8,97,1,151,0
1,-7,102,1,151,0
-2,0,134,1,151,0
1,2,138,1,151,0
3,-3,143,1,151,0
0,1,145,1,151,0
0,-5,44,1,151,0
6,8,53,1,151,0
3,5,59,1,151,0
4,6,59,1,151,0
5,7,86,1,151,0
8,0,102,1,151,0
2,-1,108,1,151,0
7,-6,112,1,151,0
2,4,124,1,151,0
1,3,131,1,151,0
3,-4,134,1,151,0
-1,0,151,1,151,0
-5,5,3,1,151,0
9,2,3,1,151,0
0,-6,18,1,151,0
6,-4,64,1,151,0
5,8,83,1,151,0
3,-5,86,1,151,0
4,7,89,1,151,0
8,1,106,1,151,0
7,-7,106,1,151,0
3,6,108,1,151,0
7,0,108,1,151,0
2,5,118,1,151,0
2,-2,149,1,151,0
-4,5,8,1,151,0
-2,-4,14,1,151,0
8,-1,33,1,151,0
1,5,41,1,151,0
5,-2,48,1,151,0
7,-8,94,1,151,0
4,8,95,1,151,0
8,2,97,1,151,0
3,7,104,1,151,0
3,-6,109,1,151,0
2,6,111,1,151,0
7,1,112,1,151,0
6,0,114,1,151,0
6,-5,119,1,151,0
-1,2,132,1,151,0
2,-3,143,1,151,0
-4,6,14,1,151,0
-3,5,16,1,151,0
2,7,75,1,151,0
0,5,35,1,151,0
8,-2,43,1,151,0
5,-3,57,1,151,0
8,3,91,1,151,0
7,2,92,1,151,0
3,8,97,1,151,0
3,-7,106,1,151,0
6,-6,115,1,151,0
6,1,118,1,151,0
5,0,119,1,151,0
-1,3,126,1,151,0
2,-4,126,1,151,0
1,-1,142,1,151,0
-2,-6,5,1,151,0
-4,7,24,1,151,0
-2,5,112,1,151,0
1,7,81,1,151,0
8,-3,47,1,151,0
8,4,79,1,151,0
7,3,84,1,151,0
3,-8,99,1,151,0
6,-7,109,1,151,0
-1,4,119,1,151,0
2,-5,119,1,151,0
5,1,125,1,151,0
5,-4,129,1,151,0
4,0,131,1,151,0
1,-2,139,1,151,0
0,7,87,1,151,0
-4,8,23,1,151,0
-3,7,32,1,151,0
-1,-4,28,1,151,0
-1,5,113,1,151,0
7,-1,36,1,151,0
8,-4,62,1,151,0
8,5,77,1,151,0
7,4,83,1,151,0
6,3,83,1,151,0
5,2,86,1,151,0
-2,6,106,1,151,0
6,-8,102,1,151,0
2,-6,113,1,151,0
5,-5,124,1,151,0
4,1,128,1,151,0
1,-3,133,1,151,0
3,0,137,1,151,0
5,3,11,1,152,0
-2,7,97,1,152,0
7,-2,37,1,152,0
-1,-5,36,1,152,0
8,6,65,1,152,0
7,5,72,1,152,0
8,-5,75,1,152,0
6,4,76,1,152,0
4,2,83,1,152,0
2,-7,98,1,152,0
5,-6,118,1,152,0
1,-4,122,1,152,0
4,-3,137,1,152,0
2,0,144,1,152,0
0,-1,147,1,152,0
-5,0,151,1,152,0
-1,7,94,1,152,0
-1,-6,12,1,152,0
6,5,29,1,152,0
7,-3,49,1,152,0
8,-6,63,1,152,0
8,7,64,1,152,0
7,6,69,1,152,0
5,4,73,1,152,0
3,2,75,1,152,0
3,-1,102,1,152,0
1,-5,115,1,152,0
0,-2,134,1,152,0
4,-4,134,1,152,0
-4,0,146,1,152,0
1,0,149,1,152,0
-1,8,4,1,152,0
4,4,16,1,152,0
6,6,37,1,152,0
6,-1,41,1,152,0
7,7,52,1,152,0
8,8,57,1,152,0
7,-4,64,1,152,0
5,5,69,1,152,0
3,3,74,1,152,0
8,-7,104,1,152,0
1,-6,109,1,152,0
4,-5,126,1,152,0
1,1,139,1,152,0
-3,0,139,1,152,0
3,-2,146,1,152,0
0,0,151,1,152,0
-3,-4,8,1,152,0
4,5,19,1,152,0
6,-2,46,1,152,0
7,8,56,1,152,0
6,7,57,1,152,0
5,6,61,1,152,0
3,4,67,1,152,0
4,-6,69,1,152,0
7,-5,82,1,152,0
8,-8,97,1,152,0
1,-7,102,1,152,0
1,2,138,1,152,0
3,-3,143,1,152,0
0,1,145,1,152,0
-2,0,151,1,152,0
0,-5,44,1,152,0
6,8,53,1,152,0
3,5,59,1,152,0
4,6,59,1,152,0
5,7,86,1,152,0
8,0,102,1,152,0
2,-1,108,1,152,0
7,-6,112,1,152,0
2,4,124,1,152,0
1,3,131,1,152,0
3,-4,134,1,152,0
-1,0,152,1,152,0
-5,5,3,1,152,0
9,2,3,1,152,0
0,-6,18,1,152,0
6,-4,64,1,152,0
5,8,83,1,152,0
3,-5,86,1,152,0
4,7,89,1,152,0
8,1,106,1,152,0
7,-7,106,1,152,0
3,6,108,1,152,0
7,0,108,1,152,0
2,5,118,1,152,0
2,-2,151,1,152,0
-4,5,8,1,152,0
-2,-4,14,1,152,0
8,-1,33,1,152,0
1,5,41,1,152,0
5,-2,48,1,152,0
7,-8,94,1,152,0
4,8,95,1,152,0
8,2,97,1,152,0
3,7,104,1,152,0
3,-6,109,1,152,0
2,6,111,1,152,0
7,1,112,1,152,0
6,0,114,1,152,0
6,-5,119,1,152,0
-1,2,132,1,152,0
2,-3,143,1,152,0
-4,6,14,1,152,0
-3,5,16,1,152,0
2,7,75,1,152,0
0,5,35,1,152,0
8,-2,43,1,152,0
5,-3,57,1,152,0
8,3,91,1,152,0
7,2,92,1,152,0
3,8,97,1,152,0
3,-7,106,1,152,0
6,-6,115,1,152,0
6,1,118,1,152,0
5,0,119,1,152,0
-1,3,126,1,152,0
2,-4,126,1,152,0
1,-1,142,1,152,0
-2,-6,5,1,152,0
-4,7,24,1,152,0
-2,5,112,1,152,0
1,7,81,1,152,0
8,-3,47,1,152,0
8,4,79,1,152,0
7,3,84,1,152,0
3,-8,99,1,152,0
6,-7,109,1,152,0
-1,4,119,1,152,0
2,-5,119,1,152,0
5,1,125,1,152,0
5,-4,129,1,152,0
4,0,131,1,152,0
1,-2,151,1,152,0
0,7,87,1,152,0
-4,8,23,1,152,0
-3,7,32,1,152,0
-1,-4,28,1,152,0
-1,5,113,1,152,0
7,-1,36,1,152,0
8,-4,62,1,152,0
8,5,77,1,152,0
7,4,83,1,152,0
6,3,83,1,152,0
5,2,86,1,152,0
-2,6,106,1,152,0
6,-8,102,1,152,0
2,-6,113,1,152,0
5,-5,124,1,152,0
4,1,128,1,152,0
1,-3,133,1,152,0
3,0,137,1,152,0
5,3,11,1,153,0
-2,7,97,1,153,0
7,-2,37,1,153,0
-1,-5,36,1,153,0
8,6,65,1,153,0
7,5,72,1,153,0
8,-5,75,1,153,0
6,4,76,1,153,0
4,2,83,1,153,0
2,-7,98,1,153,0
5,-6,118,1,153,0
1,-4,122,1,153,0
4,-3,137,1,153,0
2,0,144,1,153,0
0,-1,147,1,153,0
-5,0,152,1,153,0
-1,7,94,1,153,0
-1,-6,12,1,153,0
6,5,29,1,153,0
7,-3,49,1,153,0
8,-6,63,1,153,0
8,7,64,1,153,0
7,6,69,1,153,0
5,4,73,1,153,0
3,2,75,1,153,0
3,-1,102,1,153,0
1,-5,115,1,153,0
0,-2,134,1,153,0
4,-4,134,1,153,0
-4,0,146,1,153,0
1,0,149,1,153,0
-1,8,4,1,153,0
4,4,16,1,153,0
6,6,37,1,153,0
6,-1,41,1,153,0
7,7,52,1,153,0
8,8,57,1,153,0
7,-4,64,1,153,0
5,5,69,1,153,0
3,3,74,1,153,0
8,-7,104,1,153,0
1,-6,109,1,153,0
4,-5,126,1,153,0
1,1,139,1,153,0
-3,0,139,1,153,0
3,-2,146,1,153,0
0,0,152,1,153,0
-3,-4,8,1,153,0
4,5,19,1,153,0
6,-2,46,1,153,0
7,8,56,1,153,0
6,7,57,1,153,0
5,6,61,1,153,0
3,4,67,1,153,0
4,-6,69,1,153,0
7,-5,82,1,153,0
8,-8,97,1,153,0
1,-7,102,1,153,0
1,2,138,1,153,0
3,-3,143,1,153,0
0,1,145,1,153,0
-2,0,153,1,153,0
0,-5,44,1,153,0
6,8,53,1,153,0
3,5,59,1,153,0
4,6,59,1,153,0
5,7,86,1,153,0
8,0,102,1,153,0
2,-1,108,1,153,0
7,-6,112,1,153,0
2,4,124,1,153,0
1,3,131,1,153,0
3,-4,134,1,153,0
-1,0,152,1,153,0
-5,5,3,1,153,0
9,2,3,1,153,0
0,-6,18,1,153,0
6,-4,64,1,153,0
5,8,83,1,153,0
3,-5,86,1,153,0
4,7,89,1,153,0
8,1,106,1,153,0
7,-7,106,1,153,0
3,6,108,1,153,0
7,0,108,1,153,0
2,5,118,1,153,0
2,-2,151,1,153,0
-4,5,8,1,153,0
-2,-4,14,1,153,0
8,-1,33,1,153,0
1,5,41,1,153,0
5,-2,48,1,153,0
7,-8,94,1,153,0
4,8,95,1,153,0
8,2,97,1,153,0
3,7,104,1,153,0
3,-6,109,1,153,0
2,6,111,1,153,0
7,1,112,1,153,0
6,0,114,1,153,0
6,-5,119,1,153,0
-1,2,132,1,153,0
2,-3,143,1,153,0
-4,6,14,1,153,0
-3,5,16,1,153,0
2,7,75,1,153,0
0,5,35,1,153,0
8,-2,43,1,153,0
5,-3,57,1,153,0
8,3,91,1,153,0
7,2,92,1,153,0
3,8,97,1,153,0
3,-7,106,1,153,0
6,-6,115,1,153,0
6,1,118,1,153,0
5,0,119,1,153,0
-1,3,126,1,153,0
2,-4,126,1,153,0
1,-1,152,1,153,0
-2,-6,5,1,153,0
-4,7,24,1,153,0
-2,5,112,1,153,0
1,7,81,1,153,0
8,-3,47,1,153,0
8,4,79,1,153,0
7,3,84,1,153,0
3,-8,99,1,153,0
6,-7,109,1,153,0
-1,4,119,1,153,0
2,-5,119,1,153,0
5,1,125,1,153,0
5,-4,129,1,153,0
4,0,131,1,153,0
1,-2,151,1,153,0
0,7,87,1,153,0
-4,8,23,1,153,0
-3,7,32,1,153,0
-1,-4,28,1,153,0
-1,5,113,1,153,0
7,-1,36,1,153,0
8,-4,62,1,153,0
8,5,77,1,153,0
7,4,83,1,153,0
6,3,83,1,153,0
5,2,86,1,153,0
-2,6,106,1,153,0
6,-8,102,1,153,0
2,-6,113,1,153,0
5,-5,124,1,153,0
4,1,128,1,153,0
1,-3,133,1,153,0
3,0,137,1,153,0
5,3,11,1,154,0
-2,7,97,1,154,0
7,-2,37,1,154,0
-1,-5,36,1,154,0
8,6,65,1,154,0
7,5,72,1,154,0
8,-5,75,1,154,0
6,4,76,1,154,0
4,2,83,1,154,0
2,-7,98,1,154,0
5,-6,118,1,154,0
1,-4,122,1,154,0
4,-3,137,1,154,0
2,0,144,1,154,0
0,-1,147,1,154,0
-5,0,152,1,154,0
-1,7,94,1,154,0
-1,-6,12,1,154,0
6,5,29,1,154,0
7,-3,49,1,154,0
8,-6,63,1,154,0
8,7,64,1,154,0
7,6,69,1,154,0
5,4,73,1,154,0
3,2,75,1,154,0
3,-1,102,1,154,0
1,-5,115,1,154,0
0,-2,134,1,154,0
4,-4,134,1,154,0
-4,0,146,1,154,0
1,0,149,1,154,0
-1,8,4,1,154,0
4,4,16,1,154,0
6,6,37,1,154,0
6,-1,41,1,154,0
7,7,52,1,154,0
8,8,57,1,154,0
7,-4,64,1,154,0
5,5,69,1,154,0
3,3,74,1,154,0
8,-7,104,1,154,0
1,-6,109,1,154,0
4,-5,126,1,154,0
1,1,139,1,154,0
-3,0,139,1,154,0
3,-2,146,1,154,0
0,0,153,1,154,0
-3,-4,8,1,154,0
4,5,19,1,154,0
6,-2,46,1,154,0
7,8,56,1,154,0
6,7,57,1,154,0
5,6,61,1,154,0
3,4,67,1,154,0
4,-6,69,1,154,0
7,-5,82,1,154,0
8,-8,97,1,154,0
1,-7,102,1,154,0
1,2,138,1,154,0
3,-3,143,1,154,0
0,1,145,1,154,0
-2,0,154,1,154,0
0,-5,44,1,154,0
6,8,53,1,154,0
3,5,59,1,154,0
4,6,59,1,154,0
5,7,86,1,154,0
8,0,102,1,154,0
2,-1,108,1,154,0
7,-6,112,1,154,0
2,4,124,1,154,0
1,3,131,1,154,0
3,-4,134,1,154,0
-1,0,153,1,154,0
-5,5,3,1,154,0
9,2,3,1,154,0
0,-6,18,1,154,0
6,-4,64,1,154,0
5,8,83,1,154,0
3,-5,86,1,154,0
4,7,89,1,154,0
8,1,106,1,154,0
7,-7,106,1,154,0
3,6,108,1,154,0
7,0,108,1,154,0
2,5,118,1,154,0
2,-2,153,1,154,0
-4,5,8,1,154,0
-2,-4,14,1,154,0
8,-1,33,1,154,0
1,5,41,1,154,0
5,-2,48,1,154,0
7,-8,94,1,154,0
4,8,95,1,154,0
8,2,97,1,154,0
3,7,104,1,154,0
3,-6,109,1,154,0
2,6,111,1,154,0
7,1,112,1,154,0
6,0,114,1,154,0
6,-5,119,1,154,0
-1,2,132,1,154,0
2,-3,143,1,154,0
-4,6,14,1,154,0
-3,5,16,1,154,0
2,7,75,1,154,0
0,5,35,1,154,0
8,-2,43,1,154,0
5,-3,57,1,154,0
8,3,91,1,154,0
7,2,92,1,154,0
3,8,97,1,154,0
3,-7,106,1,154,0
6,-6,115,1,154,0
6,1,118,1,154,0
5,0,119,1,154,0
-1,3,126,1,154,0
2,-4,126,1,154,0
1,-1,153,1,154,0
-2,-6,5,1,154,0
-4,7,24,1,154,0
-2,5,112,1,154,0
1,7,81,1,154,0
8,-3,47,1,154,0
8,4,79,1,154,0
7,3,84,1,154,0
3,-8,99,1,154,0
6,-7,109,1,154,0
-1,4,119,1,154,0
2,-5,119,1,154,0
5,1,125,1,154,0
5,-4,129,1,154,0
4,0,131,1,154,0
1,-2,151,1,154,0
0,7,87,1,154,0
-4,8,23,1,154,0
-3,7,32,1,154,0
-1,-4,28,1,154,0
-1,5,113,1,154,0
7,-1,36,1,154,0
8,-4,62,1,154,0
8,5,77,1,154,0
7,4,83,1,154,0
6,3,83,1,154,0
5,2,86,1,154,0
-2,6,106,1,154,0
6,-8,102,1,154,0
2,-6,113,1,154,0
5,-5,124,1,154,0
4,1,128,1,154,0
1,-3,133,1,154,0
3,0,137,1,154,0
-6,0,153,1,154,0
5,3,11,1,155,0
-2,7,97,1,155,0
7,-2,37,1,155,0
-1,-5,36,1,155,0
8,6,65,1,155,0
7,5,72,1,155,0
8,-5,75,1,155,0
6,4,76,1,155,0
4,2,83,1,155,0
2,-7,98,1,155,0
5,-6,118,1,155,0
1,-4,122,1,155,0
4,-3,137,1,155,0
2,0,144,1,155,0
0,-1,147,1,155,0
-5,0,152,1,155,0
-1,7,94,1,155,0
-1,-6,12,1,155,0
6,5,29,1,155,0
7,-3,49,1,155,0
8,-6,63,1,155,0
8,7,64,1,155,0
7,6,69,1,155,0
5,4,73,1,155,0
3,2,75,1,155,0
3,-1,102,1,155,0
1,-5,115,1,155,0
0,-2,134,1,155,0
4,-4,134,1,155,0
-4,0,146,1,155,0
1,0,149,1,155,0
-1,8,4,1,155,0
4,4,16,1,155,0
6,6,37,1,155,0
6,-1,41,1,155,0
7,7,52,1,155,0
8,8,57,1,155,0
7,-4,64,1,155,0
5,5,69,1,155,0
3,3,74,1,155,0
8,-7,104,1,155,0
1,-6,109,1,155,0
4,-5,126,1,155,0
1,1,139,1,155,0
-3,0,139,1,155,0
3,-2,146,1,155,0
0,0,154,1,155,0
-3,-4,8,1,155,0
4,5,19,1,155,0
6,-2,46,1,155,0
7,8,56,1,155,0
6,7,57,1,155,0
5,6,61,1,155,0
3,4,67,1,155,0
4,-6,69,1,155,0
7,-5,82,1,155,0
8,-8,97,1,155,0
1,-7,102,1,155,0
1,2,138,1,155,0
3,-3,143,1,155,0
0,1,145,1,155,0
-2,0,155,1,155,0
0,-5,44,1,155,0
6,8,53,1,155,0
3,5,59,1,155,0
4,6,59,1,155,0
5,7,86,1,155,0
8,0,102,1,155,0
2,-1,108,1,155,0
7,-6,112,1,155,0
2,4,124,1,155,0
1,3,131,1,155,0
3,-4,134,1,155,0
-1,0,154,1,155,0
-5,5,3,1,155,0
9,2,3,1,155,0
0,-6,18,1,155,0
6,-4,64,1,155,0
5,8,83,1,155,0
3,-5,86,1,155,0
4,7,89,1,155,0
8,1,106,1,155,0
7,-7,106,1,155,0
3,6,108,1,155,0
7,0,108,1,155,0
2,5,118,1,155,0
2,-2,153,1,155,0
-4,5,8,1,155,0
-2,-4,14,1,155,0
8,-1,33,1,155,0
1,5,41,1,155,0
5,-2,48,1,155,0
7,-8,94,1,155,0
4,8,95,1,155,0
8,2,97,1,155,0
3,7,104,1,155,0
3,-6,109,1,155,0
2,6,111,1,155,0
7,1,112,1,155,0
6,0,114,1,155,0
6,-5,119,1,155,0
-1,2,132,1,155,0
2,-3,143,1,155,0
-4,6,14,1,155,0
-3,5,16,1,155,0
2,7,75,1,155,0
0,5,35,1,155,0
8,-2,43,1,155,0
5,-3,57,1,155,0
8,3,91,1,155,0
7,2,92,1,155,0
3,8,97,1,155,0
3,-7,106,1,155,0
6,-6,115,1,155,0
6,1,118,1,155,0
5,0,119,1,155,0
-1,3,126,1,155,0
2,-4,126,1,155,0
1,-1,154,1,155,0
-2,-6,5,1,155,0
-4,7,24,1,155,0
-2,5,112,1,155,0
1,7,81,1,155,0
8,-3,47,1,155,0
8,4,79,1,155,0
7,3,84,1,155,0
3,-8,99,1,155,0
6,-7,109,1,155,0
-1,4,119,1,155,0
2,-5,119,1,155,0
5,1,125,1,155,0
5,-4,129,1,155,0
4,0,131,1,155,0
1,-2,151,1,155,0
0,7,87,1,155,0
-4,8,23,1,155,0
-3,7,32,1,155,0
-1,-4,28,1,155,0
-1,5,113,1,155,0
7,-1,36,1,155,0
8,-4,62,1,155,0
8,5,77,1,155,0
7,4,83,1,155,0
6,3,83,1,155,0
5,2,86,1,155,0
-2,6,106,1,155,0
6,-8,102,1,155,0
2,-6,113,1,155,0
5,-5,124,1,155,0
4,1,128,1,155,0
1,-3,133,1,155,0
3,0,137,1,155,0
-6,0,154,1,155,0
5,3,11,1,156,0
-2,7,97,1,156,0
7,-2,37,1,156,0
-1,-5,36,1,156,0
8,6,65,1,156,0
7,5,72,1,156,0
8,-5,75,1,156,0
6,4,76,1,156,0
4,2,83,1,156,0
2,-7,98,1,156,0
5,-6,118,1,156,0
1,-4,122,1,156,0
4,-3,137,1,156,0
2,0,144,1,156,0
0,-1,147,1,156,0
-5,0,152,1,156,0
-1,7,94,1,156,0
-1,-6,12,1,156,0
6,5,29,1,156,0
7,-3,49,1,156,0
8,-6,63,1,156,0
8,7,64,1,156,0
7,6,69,1,156,0
5,4,73,1,156,0
3,2,75,1,156,0
3,-1,102,1,156,0
1,-5,115,1,156,0
0,-2,134,1,156,0
4,-4,134,1,156,0
-4,0,146,1,156,0
1,0,149,1,156,0
-1,8,4,1,156,0
4,4,16,1,156,0
6,6,37,1,156,0
6,-1,41,1,156,0
7,7,52,1,156,0
8,8,57,1,156,0
7,-4,64,1,156,0
5,5,69,1,156,0
3,3,74,1,156,0
8,-7,104,1,156,0
1,-6,109,1,156,0
4,-5,126,1,156,0
1,1,139,1,156,0
-3,0,139,1,156,0
3,-2,146,1,156,0
0,0,155,1,156,0
-3,-4,8,1,156,0
4,5,19,1,156,0
6,-2,46,1,156,0
7,8,56,1,156,0
6,7,57,1,156,0
5,6,61,1,156,0
3,4,67,1,156,0
4,-6,69,1,156,0
7,-5,82,1,156,0
8,-8,97,1,156,0
1,-7,102,1,156,0
1,2,138,1,156,0
3,-3,143,1,156,0
0,1,145,1,156,0
-2,0,156,1,156,0
0,-5,44,1,156,0
6,8,53,1,156,0
3,5,59,1,156,0
4,6,59,1,156,0
5,7,86,1,156,0
8,0,102,1,156,0
7,-6,112,1,156,0
2,4,124,1,156,0
1,3,131,1,156,0
3,-4,134,1,156,0
2,-1,154,1,156,0
-1,0,155,1,156,0
-5,5,3,1,156,0
9,2,3,1,156,0
0,-6,18,1,156,0
6,-4,64,1,156,0
5,8,83,1,156,0
3,-5,86,1,156,0
4,7,89,1,156,0
8,1,106,1,156,0
7,-7,106,1,156,0
3,6,108,1,156,0
7,0,108,1,156,0
2,5,118,1,156,0
2,-2,153,1,156,0
-4,5,8,1,156,0
-2,-4,14,1,156,0
8,-1,33,1,156,0
1,5,41,1,156,0
5,-2,48,1,156,0
7,-8,94,1,156,0
4,8,95,1,156,0
8,2,97,1,156,0
3,7,104,1,156,0
3,-6,109,1,156,0
2,6,111,1,156,0
7,1,112,1,156,0
6,0,114,1,156,0
6,-5,119,1,156,0
-1,2,132,1,156,0
2,-3,143,1,156,0
-4,6,14,1,156,0
-3,5,16,1,156,0
2,7,75,1,156,0
0,5,35,1,156,0
8,-2,43,1,156,0
5,-3,57,1,156,0
8,3,91,1,156,0
7,2,92,1,156,0
3,8,97,1,156,0
3,-7,106,1,156,0
6,-6,115,1,156,0
6,1,118,1,156,0
5,0,119,1,156,0
-1,3,126,1,156,0
2,-4,126,1,156,0
1,-1,155,1,156,0
-2,-6,5,1,156,0
-4,7,24,1,156,0
-2,5,112,1,156,0
1,7,81,1,156,0
8,-3,47,1,156,0
8,4,79,1,156,0
7,3,84,1,156,0
3,-8,99,1,156,0
6,-7,109,1,156,0
-1,4,119,1,156,0
2,-5,119,1,156,0
5,1,125,1,156,0
5,-4,129,1,156,0
4,0,131,1,156,0
1,-2,151,1,156,0
0,7,87,1,156,0
-4,8,23,1,156,0
-3,7,32,1,156,0
-1,-4,28,1,156,0
-1,5,113,1,156,0
7,-1,36,1,156,0
8,-4,62,1,156,0
8,5,77,1,156,0
7,4,83,1,156,0
6,3,83,1,156,0
5,2,86,1,156,0
-2,6,106,1,156,0
6,-8,102,1,156,0
2,-6,113,1,156,0
5,-5,124,1,156,0
4,1,128,1,156,0
1,-3,133,1,156,0
3,0,137,1,156,0
-6,0,155,1,156,0
5,3,11,1,157,0
-2,7,97,1,157,0
7,-2,37,1,157,0
-1,-5,36,1,157,0
8,6,65,1,157,0
7,5,72,1,157,0
8,-5,75,1,157,0
6,4,76,1,157,0
4,2,83,1,157,0
2,-7,98,1,157,0
5,-6,118,1,157,0
1,-4,122,1,157,0
4,-3,137,1,157,0
2,0,144,1,157,0
0,-1,147,1,157,0
-5,0,152,1,157,0
-1,7,94,1,157,0
-1,-6,12,1,157,0
6,5,29,1,157,0
7,-3,49,1,157,0
8,-6,63,1,157,0
8,7,64,1,157,0
7,6,69,1,157,0
5,4,73,1,157,0
3,2,75,1,157,0
3,-1,102,1,157,0
1,-5,115,1,157,0
0,-2,134,1,157,0
4,-4,134,1,157,0
-4,0,146,1,157,0
1,0,149,1,157,0
-1,8,4,1,157,0
4,4,16,1,157,0
6,6,37,1,157,0
6,-1,41,1,157,0
7,7,52,1,157,0
8,8,57,1,157,0
7,-4,64,1,157,0
5,5,69,1,157,0
3,3,74,1,157,0
8,-7,104,1,157,0
1,-6,109,1,157,0
4,-5,126,1,157,0
1,1,139,1,157,0
-3,0,139,1,157,0
3,-2,146,1,157,0
0,0,156,1,157,0
-3,-4,8,1,157,0
4,5,19,1,157,0
6,-2,46,1,157,0
7,8,56,1,157,0
6,7,57,1,157,0
5,6,61,1,157,0
3,4,67,1,157,0
4,-6,69,1,157,0
7,-5,82,1,157,0
8,-8,97,1,157,0
1,-7,102,1,157,0
1,2,138,1,157,0
3,-3,143,1,157,0
0,1,145,1,157,0
-2,0,157,1,157,0
0,-5,44,1,157,0
6,8,53,1,157,0
3,5,59,1,157,0
4,6,59,1,157,0
5,7,86,1,157,0
8,0,102,1,157,0
7,-6,112,1,157,0
2,4,124,1,157,0
1,3,131,1,157,0
3,-4,134,1,157,0
2,-1,154,1,157,0
-1,0,156,1,157,0
-5,5,3,1,157,0
9,2,3,1,157,0
0,-6,18,1,157,0
6,-4,64,1,157,0
5,8,83,1,157,0
3,-5,86,1,157,0
4,7,89,1,157,0
8,1,106,1,157,0
7,-7,106,1,157,0
3,6,108,1,157,0
7,0,108,1,157,0
2,5,118,1,157,0
2,-2,153,1,157,0
-4,5,8,1,157,0
-2,-4,14,1,157,0
8,-1,33,1,157,0
1,5,41,1,157,0
5,-2,48,1,157,0
7,-8,94,1,157,0
4,8,95,1,157,0
8,2,97,1,157,0
3,7,104,1,157,0
3,-6,109,1,157,0
2,6,111,1,157,0
7,1,112,1,157,0
6,0,114,1,157,0
6,-5,119,1,157,0
-1,2,132,1,157,0
2,-3,143,1,157,0
-4,6,14,1,157,0
-3,5,16,1,157,0
2,7,75,1,157,0
0,5,35,1,157,0
8,-2,43,1,157,0
5,-3,57,1,157,0
8,3,91,1,157,0
7,2,92,1,157,0
3,8,97,1,157,0
3,-7,106,1,157,0
6,-6,115,1,157,0
6,1,118,1,157,0
5,0,119,1,157,0
-1,3,126,1,157,0
2,-4,126,1,157,0
1,-1,156,1,157,0
-2,-6,5,1,157,0
-4,7,24,1,157,0
-2,5,112,1,157,0
1,7,81,1,157,0
8,-3,47,1,157,0
8,4,79,1,157,0
7,3,84,1,157,0
3,-8,99,1,157,0
6,-7,109,1,157,0
-1,4,119,1,157,0
2,-5,119,1,157,0
5,1,125,1,157,0
5,-4,129,1,157,0
4,0,131,1,157,0
1,-2,151,1,157,0
0,7,87,1,157,0
-4,8,23,1,157,0
-3,7,32,1,157,0
-1,-4,28,1,157,0
-1,5,113,1,157,0
7,-1,36,1,157,0
8,-4,62,1,157,0
8,5,77,1,157,0
7,4,83,1,157,0
6,3,83,1,157,0
5,2,86,1,157,0
-2,6,106,1,157,0
6,-8,102,1,157,0
2,-6,113,1,157,0
5,-5,124,1,157,0
4,1,128,1,157,0
1,-3,133,1,157,0
3,0,137,1,157,0
-6,0,156,1,157,0
5,3,11,1,158,0
-2,7,97,1,158,0
7,-2,37,1,158,0
-1,-5,36,1,158,0
8,6,65,1,158,0
7,5,72,1,158,0
8,-5,75,1,158,0
6,4,76,1,158,0
4,2,83,1,158,0
2,-7,98,1,158,0
5,-6,118,1,158,0
1,-4,122,1,158,0
4,-3,137,1,158,0
2,0,144,1,158,0
0,-1,147,1,158,0
-5,0,152,1,158,0
-1,7,94,1,158,0
-1,-6,12,1,158,0
6,5,29,1,158,0
7,-3,49,1,158,0
8,-6,63,1,158,0
8,7,64,1,158,0
7,6,69,1,158,0
5,4,73,1,158,0
3,2,75,1,158,0
3,-1,102,1,158,0
1,-5,115,1,158,0
0,-2,134,1,158,0
4,-4,134,1,158,0
-4,0,146,1,158,0
1,0,149,1,158,0
-1,8,4,1,158,0
4,4,16,1,158,0
6,6,37,1,158,0
6,-1,41,1,158,0
7,7,52,1,158,0
8,8,57,1,158,0
7,-4,64,1,158,0
5,5,69,1,158,0
3,3,74,1,158,0
8,-7,104,1,158,0
1,-6,109,1,158,0
4,-5,126,1,158,0
1,1,139,1,158,0
3,-2,146,1,158,0
-3,0,157,1,158,0
0,0,157,1,158,0
-3,-4,8,1,158,0
4,5,19,1,158,0
6,-2,46,1,158,0
7,8,56,1,158,0
6,7,57,1,158,0
5,6,61,1,158,0
3,4,67,1,158,0
4,-6,69,1,158,0
7,-5,82,1,158,0
8,-8,97,1,158,0
1,-7,102,1,158,0
1,2,138,1,158,0
3,-3,143,1,158,0
0,1,145,1,158,0
-2,0,158,1,158,0
0,-5,44,1,158,0
6,8,53,1,158,0
3,5,59,1,158,0
4,6,59,1,158,0
5,7,86,1,158,0
8,0,102,1,158,0
7,-6,112,1,158,0
2,4,124,1,158,0
1,3,131,1,158,0
3,-4,134,1,158,0
2,-1,154,1,158,0
-1,0,157,1,158,0
-5,5,3,1,158,0
9,2,3,1,158,0
0,-6,18,1,158,0
6,-4,64,1,158,0
5,8,83,1,158,0
3,-5,86,1,158,0
4,7,89,1,158,0
8,1,106,1,158,0
7,-7,106,1,158,0
3,6,108,1,158,0
7,0,108,1,158,0
2,5,118,1,158,0
2,-2,153,1,158,0
-4,5,8,1,158,0
-2,-4,14,1,158,0
8,-1,33,1,158,0
1,5,41,1,158,0
5,-2,48,1,158,0
7,-8,94,1,158,0
4,8,95,1,158,0
8,2,97,1,158,0
3,7,104,1,158,0
3,-6,109,1,158,0
2,6,111,1,158,0
7,1,112,1,158,0
6,0,114,1,158,0
6,-5,119,1,158,0
-1,2,132,1,158,0
2,-3,143,1,158,0
-4,6,14,1,158,0
-3,5,16,1,158,0
2,7,75,1,158,0
0,5,35,1,158,0
8,-2,43,1,158,0
5,-3,57,1,158,0
8,3,91,1,158,0
7,2,92,1,158,0
3,8,97,1,158,0
3,-7,106,1,158,0
6,-6,115,1,158,0
6,1,118,1,158,0
5,0,119,1,158,0
-1,3,126,1,158,0
2,-4,126,1,158,0
1,-1,157,1,158,0
-2,-6,5,1,158,0
-4,7,24,1,158,0
-2,5,112,1,158,0
1,7,81,1,158,0
8,-3,47,1,158,0
8,4,79,1,158,0
7,3,84,1,158,0
3,-8,99,1,158,0
6,-7,109,1,158,0
-1,4,119,1,158,0
2,-5,119,1,158,0
5,1,125,1,158,0
5,-4,129,1,158,0
4,0,131,1,158,0
1,-2,151,1,158,0
0,7,87,1,158,0
-4,8,23,1,158,0
-3,7,32,1,158,0
-1,-4,28,1,158,0
-1,5,113,1,158,0
7,-1,36,1,158,0
8,-4,62,1,158,0
8,5,77,1,158,0
7,4,83,1,158,0
6,3,83,1,158,0
5,2,86,1,158,0
-2,6,106,1,158,0
6,-8,102,1,158,0
2,-6,113,1,158,0
5,-5,124,1,158,0
4,1,128,1,158,0
1,-3,133,1,158,0
3,0,137,1,158,0
-6,0,157,1,158,0
5,3,11,1,159,0
-2,7,97,1,159,0
7,-2,37,1,159,0
-1,-5,36,1,159,0
8,6,65,1,159,0
7,5,72,1,159,0
8,-5,75,1,159,0
6,4,76,1,159,0
4,2,83,1,159,0
2,-7,98,1,159,0
5,-6,118,1,159,0
1,-4,122,1,159,0
4,-3,137,1,159,0
2,0,144,1,159,0
0,-1,147,1,159,0
-5,0,152,1,159,0
-1,7,94,1,159,0
-1,-6,12,1,159,0
6,5,29,1,159,0
7,-3,49,1,159,0
8,-6,63,1,159,0
8,7,64,1,159,0
7,6,69,1,159,0
5,4,73,1,159,0
3,2,75,1,159,0
3,-1,102,1,159,0
1,-5,115,1,159,0
0,-2,134,1,159,0
4,-4,134,1,159,0
-4,0,146,1,159,0
1,0,149,1,159,0
-1,8,4,1,159,0
4,4,16,1,159,0
6,6,37,1,159,0
6,-1,41,1,159,0
7,7,52,1,159,0
8,8,57,1,159,0
7,-4,64,1,159,0
5,5,69,1,159,0
3,3,74,1,159,0
8,-7,104,1,159,0
1,-6,109,1,159,0
4,-5,126,1,159,0
1,1,139,1,159,0
3,-2,146,1,159,0
0,0,157,1,159,0
-3,0,158,1,159,0
-3,-4,8,1,159,0
4,5,19,1,159,0
6,-2,46,1,159,0
7,8,56,1,159,0
6,7,57,1,159,0
5,6,61,1,159,0
3,4,67,1,159,0
4,-6,69,1,159,0
7,-5,82,1,159,0
8,-8,97,1,159,0
1,-7,102,1,159,0
1,2,138,1,159,0
3,-3,143,1,159,0
0,1,145,1,159,0
-2,0,159,1,159,0
0,-5,44,1,159,0
6,8,53,1,159,0
3,5,59,1,159,0
4,6,59,1,159,0
5,7,86,1,159,0
8,0,102,1,159,0
7,-6,112,1,159,0
2,4,124,1,159,0
1,3,131,1,159,0
3,-4,134,1,159,0
2,-1,154,1,159,0
-1,0,158,1,159,0
-5,5,3,1,159,0
9,2,3,1,159,0
0,-6,18,1,159,0
6,-4,64,1,159,0
5,8,83,1,159,0
3,-5,86,1,159,0
4,7,89,1,159,0
8,1,106,1,159,0
7,-7,106,1,159,0
3,6,108,1,159,0
7,0,108,1,159,0
2,5,118,1,159,0
2,-2,153,1,159,0
-4,5,8,1,159,0
-2,-4,14,1,159,0
8,-1,33,1,159,0
1,5,41,1,159,0
5,-2,48,1,159,0
7,-8,94,1,159,0
4,8,95,1,159,0
8,2,97,1,159,0
3,7,104,1,159,0
3,-6,109,1,159,0
2,6,111,1,159,0
7,1,112,1,159,0
6,0,114,1,159,0
6,-5,119,1,159,0
-1,2,132,1,159,0
2,-3,143,1,159,0
-4,6,14,1,159,0
-3,5,16,1,159,0
2,7,75,1,159,0
0,5,35,1,159,0
8,-2,43,1,159,0
5,-3,57,1,159,0
8,3,91,1,159,0
7,2,92,1,159,0
3,8,97,1,159,0
3,-7,106,1,159,0
6,-6,115,1,159,0
6,1,118,1,159,0
5,0,119,1,159,0
-1,3,126,1,159,0
2,-4,126,1,159,0
1,-1,158,1,159,0
-2,-6,5,1,159,0
-4,7,24,1,159,0
-2,5,112,1,159,0
1,7,81,1,159,0
8,-3,47,1,159,0
8,4,79,1,159,0
7,3,84,1,159,0
3,-8,99,1,159,0
6,-7,109,1,159,0
-1,4,119,1,159,0
2,-5,119,1,159,0
5,1,125,1,159,0
5,-4,129,1,159,0
4,0,131,1,159,0
1,-2,151,1,159,0
0,7,87,1,159,0
-4,8,23,1,159,0
-3,7,32,1,159,0
-1,-4,28,1,159,0
-1,5,113,1,159,0
7,-1,36,1,159,0
8,-4,62,1,159,0
8,5,77,1,159,0
7,4,83,1,159,0
6,3,83,1,159,0
5,2,86,1,159,0
-2,6,106,1,159,0
6,-8,102,1,159,0
2,-6,113,1,159,0
5,-5,124,1,159,0
4,1,128,1,159,0
1,-3,133,1,159,0
3,0,137,1,159,0
-6,0,158,1,159,0
5,3,11,1,160,0
-2,7,97,1,160,0
7,-2,37,1,160,0
-1,-5,36,1,160,0
8,6,65,1,160,0
7,5,72,1,160,0
8,-5,75,1,160,0
6,4,76,1,160,0
4,2,83,1,160,0
2,-7,98,1,160,0
5,-6,118,1,160,0
1,-4,122,1,160,0
4,-3,137,1,160,0
2,0,144,1,160,0
-5,0,152,1,160,0
0,-1,159,1,160,0
-1,7,94,1,160,0
-1,-6,12,1,160,0
6,5,29,1,160,0
7,-3,49,1,160,0
8,-6,63,1,160,0
8,7,64,1,160,0
7,6,69,1,160,0
5,4,73,1,160,0
3,2,75,1,160,0
3,-1,102,1,160,0
1,-5,115,1,160,0
0,-2,134,1,160,0
4,-4,134,1,160,0
-4,0,146,1,160,0
1,0,149,1,160,0
-1,8,4,1,160,0
4,4,16,1,160,0
6,6,37,1,160,0
6,-1,41,1,160,0
7,7,52,1,160,0
8,8,57,1,160,0
7,-4,64,1,160,0
5,5,69,1,160,0
3,3,74,1,160,0
8,-7,104,1,160,0
1,-6,109,1,160,0
4,-5,126,1,160,0
1,1,139,1,160,0
3,-2,146,1,160,0
-3,0,159,1,160,0
0,0,159,1,160,0
-3,-4,8,1,160,0
4,5,19,1,160,0
6,-2,46,1,160,0
7,8,56,1,160,0
6,7,57,1,160,0
5,6,61,1,160,0
3,4,67,1,160,0
4,-6,69,1,160,0
7,-5,82,1,160,0
8,-8,97,1,160,0
1,-7,102,1,160,0
1,2,138,1,160,0
3,-3,143,1,160,0
0,1,145,1,160,0
-2,0,159,1,160,0
0,-5,44,1,160,0
6,8,53,1,160,0
3,5,59,1,160,0
4,6,59,1,160,0
5,7,86,1,160,0
8,0,102,1,160,0
7,-6,112,1,160,0
2,4,124,1,160,0
1,3,131,1,160,0
3,-4,134,1,160,0
2,-1,154,1,160,0
-1,0,159,1,160,0
-5,5,3,1,160,0
9,2,3,1,160,0
0,-6,18,1,160,0
6,-4,64,1,160,0
5,8,83,1,160,0
3,-5,86,1,160,0
4,7,89,1,160,0
8,1,106,1,160,0
7,-7,106,1,160,0
3,6,108,1,160,0
7,0,108,1,160,0
2,5,118,1,160,0
2,-2,153,1,160,0
-4,5,8,1,160,0
-2,-4,14,1,160,0
8,-1,33,1,160,0
1,5,41,1,160,0
5,-2,48,1,160,0
7,-8,94,1,160,0
4,8,95,1,160,0
8,2,97,1,160,0
3,7,104,1,160,0
3,-6,109,1,160,0
2,6,111,1,160,0
7,1,112,1,160,0
6,0,114,1,160,0
6,-5,119,1,160,0
-1,2,132,1,160,0
2,-3,143,1,160,0
-4,6,14,1,160,0
-3,5,16,1,160,0
2,7,75,1,160,0
0,5,35,1,160,0
8,-2,43,1,160,0
5,-3,57,1,160,0
8,3,91,1,160,0
7,2,92,1,160,0
3,8,97,1,160,0
3,-7,106,1,160,0
6,-6,115,1,160,0
6,1,118,1,160,0
5,0,119,1,160,0
-1,3,126,1,160,0
2,-4,126,1,160,0
1,-1,159,1,160,0
-2,-6,5,1,160,0
-4,7,24,1,160,0
-2,5,112,1,160,0
1,7,81,1,160,0
8,-3,47,1,160,0
8,4,79,1,160,0
7,3,84,1,160,0
3,-8,99,1,160,0
6,-7,109,1,160,0
-1,4,119,1,160,0
2,-5,119,1,160,0
5,1,125,1,160,0
5,-4,129,1,160,0
4,0,131,1,160,0
1,-2,151,1,160,0
0,7,87,1,160,0
-4,8,23,1,160,0
-3,7,32,1,160,0
-1,-4,28,1,160,0
-1,5,113,1,160,0
7,-1,36,1,160,0
8,-4,62,1,160,0
8,5,77,1,160,0
7,4,83,1,160,0
6,3,83,1,160,0
5,2,86,1,160,0
-2,6,106,1,160,0
6,-8,102,1,160,0
2,-6,113,1,160,0
5,-5,124,1,160,0
4,1,128,1,160,0
1,-3,133,1,160,0
3,0,137,1,160,0
-6,0,159,1,160,0
5,3,11,1,161,0
-2,7,97,1,161,0
7,-2,37,1,161,0
-1,-5,36,1,161,0
8,6,65,1,161,0
7,5,72,1,161,0
8,-5,75,1,161,0
6,4,76,1,161,0
4,2,83,1,161,0
2,-7,98,1,161,0
5,-6,118,1,161,0
1,-4,122,1,161,0
4,-3,137,1,161,0
2,0,144,1,161,0
-5,0,152,1,161,0
0,-1,159,1,161,0
-1,7,94,1,161,0
-1,-6,12,1,161,0
6,5,29,1,161,0
7,-3,49,1,161,0
8,-6,63,1,161,0
8,7,64,1,161,0
7,6,69,1,161,0
5,4,73,1,161,0
3,2,75,1,161,0
3,-1,102,1,161,0
1,-5,115,1,161,0
0,-2,134,1,161,0
4,-4,134,1,161,0
-4,0,146,1,161,0
1,0,149,1,161,0
-1,8,4,1,161,0
4,4,16,1,161,0
6,6,37,1,161,0
6,-1,41,1,161,0
7,7,52,1,161,0
8,8,57,1,161,0
7,-4,64,1,161,0
5,5,69,1,161,0
3,3,74,1,161,0
8,-7,104,1,161,0
1,-6,109,1,161,0
4,-5,126,1,161,0
1,1,139,1,161,0
3,-2,146,1,161,0
-3,0,159,1,161,0
0,0,159,1,161,0
-3,-4,8,1,161,0
4,5,19,1,161,0
6,-2,46,1,161,0
7,8,56,1,161,0
6,7,57,1,161,0
5,6,61,1,161,0
3,4,67,1,161,0
4,-6,69,1,161,0
7,-5,82,1,161,0
8,-8,97,1,161,0
1,-7,102,1,161,0
1,2,138,1,161,0
3,-3,143,1,161,0
0,1,145,1,161,0
-2,0,161,1,161,0
0,-5,44,1,161,0
6,8,53,1,161,0
3,5,59,1,161,0
4,6,59,1,161,0
5,7,86,1,161,0
8,0,102,1,161,0
7,-6,112,1,161,0
2,4,124,1,161,0
1,3,131,1,161,0
3,-4,134,1,161,0
2,-1,154,1,161,0
-1,0,159,1,161,0
-5,5,3,1,161,0
9,2,3,1,161,0
0,-6,18,1,161,0
6,-4,64,1,161,0
5,8,83,1,161,0
3,-5,86,1,161,0
4,7,89,1,161,0
8,1,106,1,161,0
7,-7,106,1,161,0
3,6,108,1,161,0
7,0,108,1,161,0
2,5,118,1,161,0
2,-2,153,1,161,0
-4,5,8,1,161,0
-2,-4,14,1,161,0
8,-1,33,1,161,0
1,5,41,1,161,0
5,-2,48,1,161,0
7,-8,94,1,161,0
4,8,95,1,161,0
8,2,97,1,161,0
3,7,104,1,161,0
3,-6,109,1,161,0
2,6,111,1,161,0
7,1,112,1,161,0
6,0,114,1,161,0
6,-5,119,1,161,0
-1,2,132,1,161,0
2,-3,143,1,161,0
-4,6,14,1,161,0
-3,5,16,1,161,0
2,7,75,1,161,0
0,5,35,1,161,0
8,-2,43,1,161,0
5,-3,57,1,161,0
8,3,91,1,161,0
7,2,92,1,161,0
3,8,97,1,161,0
3,-7,106,1,161,0
6,-6,115,1,161,0
6,1,118,1,161,0
5,0,119,1,161,0
-1,3,126,1,161,0
2,-4,126,1,161,0
1,-1,159,1,161,0
-2,-6,5,1,161,0
-4,7,24,1,161,0
-2,5,112,1,161,0
1,7,81,1,161,0
8,-3,47,1,161,0
8,4,79,1,161,0
7,3,84,1,161,0
3,-8,99,1,161,0
6,-7,109,1,161,0
-1,4,119,1,161,0
2,-5,119,1,161,0
5,1,125,1,161,0
5,-4,129,1,161,0
4,0,131,1,161,0
1,-2,151,1,161,0
0,7,87,1,161,0
-4,8,23,1,161,0
-3,7,32,1,161,0
-1,-4,28,1,161,0
-1,5,113,1,161,0
7,-1,36,1,161,0
8,-4,62,1,161,0
8,5,77,1,161,0
7,4,83,1,161,0
6,3,83,1,161,0
5,2,86,1,161,0
-2,6,106,1,161,0
6,-8,102,1,161,0
2,-6,113,1,161,0
5,-5,124,1,161,0
4,1,128,1,161,0
1,-3,133,1,161,0
3,0,137,1,161,0
-6,0,159,1,161,0
5,3,11,1,162,0
-2,7,97,1,162,0
7,-2,37,1,162,0
-1,-5,36,1,162,0
8,6,65,1,162,0
7,5,72,1,162,0
8,-5,75,1,162,0
6,4,76,1,162,0
4,2,83,1,162,0
2,-7,98,1,162,0
5,-6,118,1,162,0
1,-4,122,1,162,0
4,-3,137,1,162,0
2,0,144,1,162,0
-5,0,152,1,162,0
0,-1,159,1,162,0
-1,7,94,1,162,0
-1,-6,12,1,162,0
6,5,29,1,162,0
7,-3,49,1,162,0
8,-6,63,1,162,0
8,7,64,1,162,0
7,6,69,1,162,0
5,4,73,1,162,0
3,2,75,1,162,0
3,-1,102,1,162,0
1,-5,115,1,162,0
0,-2,134,1,162,0
4,-4,134,1,162,0
-4,0,146,1,162,0
1,0,149,1,162,0
-1,8,4,1,162,0
4,4,16,1,162,0
6,6,37,1,162,0
6,-1,41,1,162,0
7,7,52,1,162,0
8,8,57,1,162,0
7,-4,64,1,162,0
5,5,69,1,162,0
3,3,74,1,162,0
8,-7,104,1,162,0
1,-6,109,1,162,0
4,-5,126,1,162,0
1,1,139,1,162,0
3,-2,146,1,162,0
0,0,159,1,162,0
-3,0,161,1,162,0
-3,-4,8,1,162,0
4,5,19,1,162,0
6,-2,46,1,162,0
7,8,56,1,162,0
6,7,57,1,162,0
5,6,61,1,162,0
3,4,67,1,162,0
4,-6,69,1,162,0
7,-5,82,1,162,0
8,-8,97,1,162,0
1,-7,102,1,162,0
1,2,138,1,162,0
3,-3,143,1,162,0
0,1,145,1,162,0
-2,0,162,1,162,0
0,-5,44,1,162,0
6,8,53,1,162,0
3,5,59,1,162,0
4,6,59,1,162,0
5,7,86,1,162,0
8,0,102,1,162,0
7,-6,112,1,162,0
2,4,124,1,162,0
1,3,131,1,162,0
3,-4,134,1,162,0
2,-1,154,1,162,0
-1,0,159,1,162,0
-5,5,3,1,162,0
9,2,3,1,162,0
0,-6,18,1,162,0
6,-4,64,1,162,0
5,8,83,1,162,0
3,-5,86,1,162,0
4,7,89,1,162,0
8,1,106,1,162,0
7,-7,106,1,162,0
3,6,108,1,162,0
7,0,108,1,162,0
2,5,118,1,162,0
2,-2,153,1,162,0
-4,5,8,1,162,0
-2,-4,14,1,162,0
8,-1,33,1,162,0
1,5,41,1,162,0
5,-2,48,1,162,0
7,-8,94,1,162,0
4,8,95,1,162,0
8,2,97,1,162,0
3,7,104,1,162,0
3,-6,109,1,162,0
2,6,111,1,162,0
7,1,112,1,162,0
6,0,114,1,162,0
6,-5,119,1,162,0
-1,2,132,1,162,0
2,-3,143,1,162,0
-4,6,14,1,162,0
-3,5,16,1,162,0
2,7,75,1,162,0
0,5,35,1,162,0
8,-2,43,1,162,0
5,-3,57,1,162,0
8,3,91,1,162,0
7,2,92,1,162,0
3,8,97,1,162,0
3,-7,106,1,162,0
6,-6,115,1,162,0
6,1,118,1,162,0
5,0,119,1,162,0
-1,3,126,1,162,0
2,-4,126,1,162,0
1,-1,159,1,162,0
-2,-6,5,1,162,0
-4,7,24,1,162,0
-2,5,112,1,162,0
1,7,81,1,162,0
8,-3,47,1,162,0
8,4,79,1,162,0
7,3,84,1,162,0
3,-8,99,1,162,0
6,-7,109,1,162,0
-1,4,119,1,162,0
2,-5,119,1,162,0
5,1,125,1,162,0
5,-4,129,1,162,0
4,0,131,1,162,0
1,-2,151,1,162,0
-7,0,161,1,162,0
0,7,87,1,162,0
-4,8,23,1,162,0
-3,7,32,1,162,0
-1,-4,28,1,162,0
-1,5,113,1,162,0
7,-1,36,1,162,0
8,-4,62,1,162,0
8,5,77,1,162,0
7,4,83,1,162,0
6,3,83,1,162,0
5,2,86,1,162,0
-2,6,106,1,162,0
6,-8,102,1,162,0
2,-6,113,1,162,0
5,-5,124,1,162,0
4,1,128,1,162,0
1,-3,133,1,162,0
3,0,137,1,162,0
-6,0,159,1,162,0
5,3,11,1,163,0
-2,7,97,1,163,0
7,-2,37,1,163,0
-1,-5,36,1,163,0
8,6,65,1,163,0
7,5,72,1,163,0
8,-5,75,1,163,0
6,4,76,1,163,0
4,2,83,1,163,0
2,-7,98,1,163,0
5,-6,118,1,163,0
1,-4,122,1,163,0
4,-3,137,1,163,0
2,0,144,1,163,0
-5,0,152,1,163,0
0,-1,159,1,163,0
-1,7,94,1,163,0
-1,-6,12,1,163,0
6,5,29,1,163,0
7,-3,49,1,163,0
8,-6,63,1,163,0
8,7,64,1,163,0
7,6,69,1,163,0
5,4,73,1,163,0
3,2,75,1,163,0
3,-1,102,1,163,0
1,-5,115,1,163,0
0,-2,134,1,163,0
4,-4,134,1,163,0
-4,0,146,1,163,0
1,0,149,1,163,0
-1,8,4,1,163,0
4,4,16,1,163,0
6,6,37,1,163,0
6,-1,41,1,163,0
7,7,52,1,163,0
8,8,57,1,163,0
7,-4,64,1,163,0
5,5,69,1,163,0
3,3,74,1,163,0
8,-7,104,1,163,0
1,-6,109,1,163,0
4,-5,126,1,163,0
1,1,139,1,163,0
3,-2,146,1,163,0
0,0,161,1,163,0
-3,0,163,1,163,0
-3,-4,8,1,163,0
4,5,19,1,163,0
6,-2,46,1,163,0
7,8,56,1,163,0
6,7,57,1,163,0
5,6,61,1,163,0
3,4,67,1,163,0
4,-6,69,1,163,0
7,-5,82,1,163,0
8,-8,97,1,163,0
1,-7,102,1,163,0
1,2,138,1,163,0
3,-3,143,1,163,0
0,1,145,1,163,0
-2,0,162,1,163,0
0,-5,44,1,163,0
6,8,53,1,163,0
3,5,59,1,163,0
4,6,59,1,163,0
5,7,86,1,163,0
8,0,102,1,163,0
7,-6,112,1,163,0
2,4,124,1,163,0
1,3,131,1,163,0
3,-4,134,1,163,0
2,-1,154,1,163,0
-1,0,161,1,163,0
-5,5,3,1,163,0
9,2,3,1,163,0
0,-6,18,1,163,0
6,-4,64,1,163,0
5,8,83,1,163,0
3,-5,86,1,163,0
4,7,89,1,163,0
8,1,106,1,163,0
7,-7,106,1,163,0
3,6,108,1,163,0
7,0,108,1,163,0
2,5,118,1,163,0
2,-2,153,1,163,0
-4,5,8,1,163,0
-2,-4,14,1,163,0
8,-1,33,1,163,0
1,5,41,1,163,0
5,-2,48,1,163,0
7,-8,94,1,163,0
4,8,95,1,163,0
8,2,97,1,163,0
3,7,104,1,163,0
3,-6,109,1,163,0
2,6,111,1,163,0
7,1,112,1,163,0
6,0,114,1,163,0
6,-5,119,1,163,0
-1,2,132,1,163,0
2,-3,143,1,163,0
-4,6,14,1,163,0
-3,5,16,1,163,0
2,7,75,1,163,0
0,5,35,1,163,0
8,-2,43,1,163,0
5,-3,57,1,163,0
8,3,91,1,163,0
7,2,92,1,163,0
3,8,97,1,163,0
3,-7,106,1,163,0
6,-6,115,1,163,0
6,1,118,1,163,0
5,0,119,1,163,0
-1,3,126,1,163,0
2,-4,126,1,163,0
1,-1,161,1,163,0
-2,-6,5,1,163,0
-4,7,24,1,163,0
-2,5,112,1,163,0
1,7,81,1,163,0
8,-3,47,1,163,0
8,4,79,1,163,0
7,3,84,1,163,0
3,-8,99,1,163,0
6,-7,109,1,163,0
-1,4,119,1,163,0
2,-5,119,1,163,0
5,1,125,1,163,0
5,-4,129,1,163,0
4,0,131,1,163,0
1,-2,151,1,163,0
-7,0,162,1,163,0
0,7,87,1,163,0
-4,8,23,1,163,0
-3,7,32,1,163,0
-1,-4,28,1,163,0
-1,5,113,1,163,0
7,-1,36,1,163,0
8,-4,62,1,163,0
8,5,77,1,163,0
7,4,83,1,163,0
6,3,83,1,163,0
5,2,86,1,163,0
-2,6,106,1,163,0
6,-8,102,1,163,0
2,-6,113,1,163,0
5,-5,124,1,163,0
4,1,128,1,163,0
1,-3,133,1,163,0
3,0,137,1,163,0
-6,0,159,1,163,0
5,3,11,1,164,0
-2,7,97,1,164,0
7,-2,37,1,164,0
-1,-5,36,1,164,0
8,6,65,1,164,0
7,5,72,1,164,0
8,-5,75,1,164,0
6,4,76,1,164,0
4,2,83,1,164,0
2,-7,98,1,164,0
5,-6,118,1,164,0
1,-4,122,1,164,0
4,-3,137,1,164,0
2,0,144,1,164,0
-5,0,152,1,164,0
0,-1,159,1,164,0
-1,7,94,1,164,0
-1,-6,12,1,164,0
6,5,29,1,164,0
7,-3,49,1,164,0
8,-6,63,1,164,0
8,7,64,1,164,0
7,6,69,1,164,0
5,4,73,1,164,0
3,2,75,1,164,0
3,-1,102,1,164,0
1,-5,115,1,164,0
0,-2,134,1,164,0
4,-4,134,1,164,0
1,0,149,1,164,0
-4,0,163,1,164,0
-1,8,4,1,164,0
4,4,16,1,164,0
6,6,37,1,164,0
6,-1,41,1,164,0
7,7,52,1,164,0
8,8,57,1,164,0
7,-4,64,1,164,0
5,5,69,1,164,0
3,3,74,1,164,0
8,-7,104,1,164,0
1,-6,109,1,164,0
4,-5,126,1,164,0
1,1,139,1,164,0
3,-2,146,1,164,0
-3,0,164,1,164,0
0,0,163,1,164,0
-3,-4,8,1,164,0
4,5,19,1,164,0
6,-2,46,1,164,0
7,8,56,1,164,0
6,7,57,1,164,0
5,6,61,1,164,0
3,4,67,1,164,0
4,-6,69,1,164,0
7,-5,82,1,164,0
8,-8,97,1,164,0
1,-7,102,1,164,0
1,2,138,1,164,0
3,-3,143,1,164,0
0,1,145,1,164,0
-2,0,163,1,164,0
0,-5,44,1,164,0
6,8,53,1,164,0
3,5,59,1,164,0
4,6,59,1,164,0
5,7,86,1,164,0
8,0,102,1,164,0
7,-6,112,1,164,0
2,4,124,1,164,0
1,3,131,1,164,0
3,-4,134,1,164,0
2,-1,154,1,164,0
-2,1,163,1,164,0
-1,0,163,1,164,0
-5,5,3,1,164,0
9,2,3,1,164,0
0,-6,18,1,164,0
6,-4,64,1,164,0
5,8,83,1,164,0
3,-5,86,1,164,0
4,7,89,1,164,0
8,1,106,1,164,0
7,-7,106,1,164,0
3,6,108,1,164,0
7,0,108,1,164,0
2,5,118,1,164,0
2,-2,153,1,164,0
-4,5,8,1,164,0
-2,-4,14,1,164,0
8,-1,33,1,164,0
1,5,41,1,164,0
5,-2,48,1,164,0
7,-8,94,1,164,0
4,8,95,1,164,0
8,2,97,1,164,0
3,7,104,1,164,0
3,-6,109,1,164,0
2,6,111,1,164,0
7,1,112,1,164,0
6,0,114,1,164,0
6,-5,119,1,164,0
-1,2,132,1,164,0
2,-3,143,1,164,0
-4,6,14,1,164,0
-3,5,16,1,164,0
2,7,75,1,164,0
0,5,35,1,164,0
8,-2,43,1,164,0
5,-3,57,1,164,0
8,3,91,1,164,0
7,2,92,1,164,0
3,8,97,1,164,0
3,-7,106,1,164,0
6,-6,115,1,164,0
6,1,118,1,164,0
5,0,119,1,164,0
-1,3,126,1,164,0
2,-4,126,1,164,0
1,-1,162,1,164,0
-2,-6,5,1,164,0
-4,7,24,1,164,0
-2,5,112,1,164,0
1,7,81,1,164,0
8,-3,47,1,164,0
8,4,79,1,164,0
7,3,84,1,164,0
3,-8,99,1,164,0
6,-7,109,1,164,0
-1,4,119,1,164,0
2,-5,119,1,164,0
5,1,125,1,164,0
5,-4,129,1,164,0
4,0,131,1,164,0
1,-2,151,1,164,0
-7,0,163,1,164,0
0,7,87,1,164,0
-4,8,23,1,164,0
-3,7,32,1,164,0
-1,-4,28,1,164,0
-1,5,113,1,164,0
7,-1,36,1,164,0
8,-4,62,1,164,0
8,5,77,1,164,0
7,4,83,1,164,0
6,3,83,1,164,0
5,2,86,1,164,0
-2,6,106,1,164,0
6,-8,102,1,164,0
2,-6,113,1,164,0
5,-5,124,1,164,0
4,1,128,1,164,0
1,-3,133,1,164,0
3,0,137,1,164,0
-6,0,159,1,164,0
5,3,11,1,165,0
-2,7,97,1,165,0
7,-2,37,1,165,0
-1,-5,36,1,165,0
8,6,65,1,165,0
7,5,72,1,165,0
8,-5,75,1,165,0
6,4,76,1,165,0
4,2,83,1,165,0
2,-7,98,1,165,0
5,-6,118,1,165,0
1,-4,122,1,165,0
4,-3,137,1,165,0
2,0,144,1,165,0
-5,0,152,1,165,0
0,-1,159,1,165,0
-1,7,94,1,165,0
-1,-6,12,1,165,0
6,5,29,1,165,0
7,-3,49,1,165,0
8,-6,63,1,165,0
8,7,64,1,165,0
7,6,69,1,165,0
5,4,73,1,165,0
3,2,75,1,165,0
3,-1,102,1,165,0
1,-5,115,1,165,0
0,-2,134,1,165,0
4,-4,134,1,165,0
1,0,149,1,165,0
-4,0,164,1,165,0
-1,8,4,1,165,0
4,4,16,1,165,0
6,6,37,1,165,0
6,-1,41,1,165,0
7,7,52,1,165,0
8,8,57,1,165,0
7,-4,64,1,165,0
5,5,69,1,165,0
3,3,74,1,165,0
8,-7,104,1,165,0
1,-6,109,1,165,0
4,-5,126,1,165,0
1,1,139,1,165,0
3,-2,146,1,165,0
-3,0,165,1,165,0
0,0,164,1,165,0
-3,-4,8,1,165,0
4,5,19,1,165,0
6,-2,46,1,165,0
7,8,56,1,165,0
6,7,57,1,165,0
5,6,61,1,165,0
3,4,67,1,165,0
4,-6,69,1,165,0
7,-5,82,1,165,0
8,-8,97,1,165,0
1,-7,102,1,165,0
1,2,138,1,165,0
3,-3,143,1,165,0
0,1,145,1,165,0
-2,0,164,1,165,0
0,-5,44,1,165,0
6,8,53,1,165,0
3,5,59,1,165,0
4,6,59,1,165,0
5,7,86,1,165,0
8,0,102,1,165,0
7,-6,112,1,165,0
2,4,124,1,165,0
1,3,131,1,165,0
3,-4,134,1,165,0
2,-1,154,1,165,0
-2,1,164,1,165,0
-1,0,164,1,165,0
-5,5,3,1,165,0
9,2,3,1,165,0
0,-6,18,1,165,0
6,-4,64,1,165,0
5,8,83,1,165,0
3,-5,86,1,165,0
4,7,89,1,165,0
8,1,106,1,165,0
7,-7,106,1,165,0
3,6,108,1,165,0
7,0,108,1,165,0
2,5,118,1,165,0
2,-2,153,1,165,0
-4,5,8,1,165,0
-2,-4,14,1,165,0
8,-1,33,1,165,0
1,5,41,1,165,0
5,-2,48,1,165,0
7,-8,94,1,165,0
4,8,95,1,165,0
8,2,97,1,165,0
3,7,104,1,165,0
3,-6,109,1,165,0
2,6,111,1,165,0
7,1,112,1,165,0
6,0,114,1,165,0
6,-5,119,1,165,0
-1,2,132,1,165,0
2,-3,143,1,165,0
-4,6,14,1,165,0
-3,5,16,1,165,0
2,7,75,1,165,0
0,5,35,1,165,0
8,-2,43,1,165,0
5,-3,57,1,165,0
8,3,91,1,165,0
7,2,92,1,165,0
3,8,97,1,165,0
3,-7,106,1,165,0
6,-6,115,1,165,0
6,1,118,1,165,0
5,0,119,1,165,0
-1,3,126,1,165,0
2,-4,126,1,165,0
1,-1,162,1,165,0
-2,-6,5,1,165,0
-4,7,24,1,165,0
-2,5,112,1,165,0
1,7,81,1,165,0
8,-3,47,1,165,0
8,4,79,1,165,0
7,3,84,1,165,0
3,-8,99,1,165,0
6,-7,109,1,165,0
-1,4,119,1,165,0
2,-5,119,1,165,0
5,1,125,1,165,0
5,-4,129,1,165,0
4,0,131,1,165,0
1,-2,151,1,165,0
-7,0,164,1,165,0
0,7,87,1,165,0
-4,8,23,1,165,0
-3,7,32,1,165,0
-1,-4,28,1,165,0
-1,5,113,1,165,0
7,-1,36,1,165,0
8,-4,62,1,165,0
8,5,77,1,165,0
7,4,83,1,165,0
6,3,83,1,165,0
5,2,86,1,165,0
-2,6,106,1,165,0
6,-8,102,1,165,0
2,-6,113,1,165,0
5,-5,124,1,165,0
4,1,128,1,165,0
1,-3,133,1,165,0
3,0,137,1,165,0
-6,0,159,1,165,0
5,3,11,1,166,0
-2,7,97,1,166,0
7,-2,37,1,166,0
-1,-5,36,1,166,0
8,6,65,1,166,0
7,5,72,1,166,0
8,-5,75,1,166,0
6,4,76,1,166,0
4,2,83,1,166,0
2,-7,98,1,166,0
5,-6,118,1,166,0
1,-4,122,1,166,0
4,-3,137,1,166,0
2,0,144,1,166,0
-5,0,152,1,166,0
0,-1,159,1,166,0
-1,7,94,1,166,0
-1,-6,12,1,166,0
6,5,29,1,166,0
7,-3,49,1,166,0
8,-6,63,1,166,0
8,7,64,1,166,0
7,6,69,1,166,0
5,4,73,1,166,0
3,2,75,1,166,0
3,-1,102,1,166,0
1,-5,115,1,166,0
0,-2,134,1,166,0
4,-4,134,1,166,0
1,0,149,1,166,0
-4,0,165,1,166,0
-1,8,4,1,166,0
4,4,16,1,166,0
6,6,37,1,166,0
6,-1,41,1,166,0
7,7,52,1,166,0
8,8,57,1,166,0
7,-4,64,1,166,0
5,5,69,1,166,0
3,3,74,1,166,0
8,-7,104,1,166,0
1,-6,109,1,166,0
4,-5,126,1,166,0
1,1,139,1,166,0
3,-2,146,1,166,0
-3,0,166,1,166,0
0,0,165,1,166,0
-3,-4,8,1,166,0
4,5,19,1,166,0
6,-2,46,1,166,0
7,8,56,1,166,0
6,7,57,1,166,0
5,6,61,1,166,0
3,4,67,1,166,0
4,-6,69,1,166,0
7,-5,82,1,166,0
8,-8,97,1,166,0
1,-7,102,1,166,0
1,2,138,1,166,0
3,-3,143,1,166,0
0,1,145,1,166,0
-2,0,165,1,166,0
0,-5,44,1,166,0
6,8,53,1,166,0
3,5,59,1,166,0
4,6,59,1,166,0
5,7,86,1,166,0
8,0,102,1,166,0
7,-6,112,1,166,0
2,4,124,1,166,0
1,3,131,1,166,0
3,-4,134,1,166,0
2,-1,154,1,166,0
-2,1,165,1,166,0
-1,0,165,1,166,0
-5,5,3,1,166,0
9,2,3,1,166,0
0,-6,18,1,166,0
6,-4,64,1,166,0
5,8,83,1,166,0
3,-5,86,1,166,0
4,7,89,1,166,0
8,1,106,1,166,0
7,-7,106,1,166,0
3,6,108,1,166,0
7,0,108,1,166,0
2,5,118,1,166,0
2,-2,153,1,166,0
-4,5,8,1,166,0
-2,-4,14,1,166,0
8,-1,33,1,166,0
1,5,41,1,166,0
5,-2,48,1,166,0
7,-8,94,1,166,0
4,8,95,1,166,0
8,2,97,1,166,0
3,7,104,1,166,0
3,-6,109,1,166,0
2,6,111,1,166,0
7,1,112,1,166,0
6,0,114,1,166,0
6,-5,119,1,166,0
-1,2,132,1,166,0
2,-3,143,1,166,0
-4,6,14,1,166,0
-3,5,16,1,166,0
2,7,75,1,166,0
0,5,35,1,166,0
8,-2,43,1,166,0
5,-3,57,1,166,0
8,3,91,1,166,0
7,2,92,1,166,0
3,8,97,1,166,0
3,-7,106,1,166,0
6,-6,115,1,166,0
6,1,118,1,166,0
5,0,119,1,166,0
-1,3,126,1,166,0
2,-4,126,1,166,0
1,-1,162,1,166,0
-2,-6,5,1,166,0
-4,7,24,1,166,0
-2,5,112,1,166,0
1,7,81,1,166,0
8,-3,47,1,166,0
8,4,79,1,166,0
7,3,84,1,166,0
3,-8,99,1,166,0
6,-7,109,1,166,0
-1,4,119,1,166,0
2,-5,119,1,166,0
5,1,125,1,166,0
5,-4,129,1,166,0
4,0,131,1,166,0
1,-2,151,1,166,0
-7,0,164,1,166,0
0,7,87,1,166,0
-4,8,23,1,166,0
-3,7,32,1,166,0
-1,-4,28,1,166,0
-1,5,113,1,166,0
7,-1,36,1,166,0
8,-4,62,1,166,0
8,5,77,1,166,0
7,4,83,1,166,0
6,3,83,1,166,0
5,2,86,1,166,0
-2,6,106,1,166,0
6,-8,102,1,166,0
2,-6,113,1,166,0
5,-5,124,1,166,0
4,1,128,1,166,0
1,-3,133,1,166,0
3,0,137,1,166,0
-6,0,159,1,166,0
5,3,11,1,167,0
-2,7,97,1,167,0
7,-2,37,1,167,0
-1,-5,36,1,167,0
8,6,65,1,167,0
7,5,72,1,167,0
8,-5,75,1,167,0
6,4,76,1,167,0
4,2,83,1,167,0
2,-7,98,1,167,0
5,-6,118,1,167,0
1,-4,122,1,167,0
4,-3,137,1,167,0
2,0,144,1,167,0
-5,0,152,1,167,0
0,-1,159,1,167,0
-1,7,94,1,167,0
-1,-6,12,1,167,0
6,5,29,1,167,0
7,-3,49,1,167,0
8,-6,63,1,167,0
8,7,64,1,167,0
7,6,69,1,167,0
5,4,73,1,167,0
3,2,75,1,167,0
3,-1,102,1,167,0
1,-5,115,1,167,0
0,-2,134,1,167,0
4,-4,134,1,167,0
1,0,149,1,167,0
-4,0,166,1,167,0
-1,8,4,1,167,0
4,4,16,1,167,0
6,6,37,1,167,0
6,-1,41,1,167,0
7,7,52,1,167,0
8,8,57,1,167,0
7,-4,64,1,167,0
5,5,69,1,167,0
3,3,74,1,167,0
8,-7,104,1,167,0
1,-6,109,1,167,0
4,-5,126,1,167,0
1,1,139,1,167,0
3,-2,146,1,167,0
-3,0,167,1,167,0
0,0,166,1,167,0
-3,-4,8,1,167,0
4,5,19,1,167,0
6,-2,46,1,167,0
7,8,56,1,167,0
6,7,57,1,167,0
5,6,61,1,167,0
3,4,67,1,167,0
4,-6,69,1,167,0
7,-5,82,1,167,0
8,-8,97,1,167,0
1,-7,102,1,167,0
1,2,138,1,167,0
3,-3,143,1,167,0
0,1,145,1,167,0
-2,0,166,1,167,0
0,-5,44,1,167,0
6,8,53,1,167,0
3,5,59,1,167,0
4,6,59,1,167,0
5,7,86,1,167,0
8,0,102,1,167,0
7,-6,112,1,167,0
2,4,124,1,167,0
1,3,131,1,167,0
3,-4,134,1,167,0
2,-1,154,1,167,0
-2,1,166,1,167,0
-1,0,166,1,167,0
-5,5,3,1,167,0
9,2,3,1,167,0
0,-6,18,1,167,0
6,-4,64,1,167,0
5,8,83,1,167,0
3,-5,86,1,167,0
4,7,89,1,167,0
8,1,106,1,167,0
7,-7,106,1,167,0
3,6,108,1,167,0
7,0,108,1,167,0
2,5,118,1,167,0
2,-2,153,1,167,0
-4,5,8,1,167,0
-2,-4,14,1,167,0
8,-1,33,1,167,0
1,5,41,1,167,0
5,-2,48,1,167,0
7,-8,94,1,167,0
4,8,95,1,167,0
8,2,97,1,167,0
3,7,104,1,167,0
3,-6,109,1,167,0
2,6,111,1,167,0
7,1,112,1,167,0
6,0,114,1,167,0
6,-5,119,1,167,0
-1,2,132,1,167,0
2,-3,143,1,167,0
-4,6,14,1,167,0
-3,5,16,1,167,0
2,7,75,1,167,0
0,5,35,1,167,0
8,-2,43,1,167,0
5,-3,57,1,167,0
8,3,91,1,167,0
7,2,92,1,167,0
3,8,97,1,167,0
3,-7,106,1,167,0
6,-6,115,1,167,0
6,1,118,1,167,0
5,0,119,1,167,0
-1,3,126,1,167,0
2,-4,126,1,167,0
1,-1,162,1,167,0
-2,-6,5,1,167,0
-4,7,24,1,167,0
-2,5,112,1,167,0
1,7,81,1,167,0
8,-3,47,1,167,0
8,4,79,1,167,0
7,3,84,1,167,0
3,-8,99,1,167,0
6,-7,109,1,167,0
-1,4,119,1,167,0
2,-5,119,1,167,0
5,1,125,1,167,0
5,-4,129,1,167,0
4,0,131,1,167,0
1,-2,151,1,167,0
-7,0,165,1,167,0
0,7,87,1,167,0
-4,8,23,1,167,0
-3,7,32,1,167,0
-1,-4,28,1,167,0
-1,5,113,1,167,0
7,-1,36,1,167,0
8,-4,62,1,167,0
8,5,77,1,167,0
7,4,83,1,167,0
6,3,83,1,167,0
5,2,86,1,167,0
-2,6,106,1,167,0
6,-8,102,1,167,0
2,-6,113,1,167,0
5,-5,124,1,167,0
4,1,128,1,167,0
1,-3,133,1,167,0
3,0,137,1,167,0
-6,0,159,1,167,0
5,3,11,1,168,0
-2,7,97,1,168,0
7,-2,37,1,168,0
-1,-5,36,1,168,0
8,6,65,1,168,0
7,5,72,1,168,0
8,-5,75,1,168,0
6,4,76,1,168,0
4,2,83,1,168,0
2,-7,98,1,168,0
5,-6,118,1,168,0
1,-4,122,1,168,0
4,-3,137,1,168,0
2,0,144,1,168,0
-5,0,152,1,168,0
0,-1,159,1,168,0
-1,7,94,1,168,0
-1,-6,12,1,168,0
6,5,29,1,168,0
7,-3,49,1,168,0
8,-6,63,1,168,0
8,7,64,1,168,0
7,6,69,1,168,0
5,4,73,1,168,0
3,2,75,1,168,0
3,-1,102,1,168,0
1,-5,115,1,168,0
0,-2,134,1,168,0
4,-4,134,1,168,0
1,0,149,1,168,0
-4,0,167,1,168,0
-1,8,4,1,168,0
4,4,16,1,168,0
6,6,37,1,168,0
6,-1,41,1,168,0
7,7,52,1,168,0
8,8,57,1,168,0
7,-4,64,1,168,0
5,5,69,1,168,0
3,3,74,1,168,0
8,-7,104,1,168,0
1,-6,109,1,168,0
4,-5,126,1,168,0
1,1,139,1,168,0
3,-2,146,1,168,0
-3,0,168,1,168,0
0,0,167,1,168,0
-3,-4,8,1,168,0
4,5,19,1,168,0
6,-2,46,1,168,0
7,8,56,1,168,0
6,7,57,1,168,0
5,6,61,1,168,0
3,4,67,1,168,0
4,-6,69,1,168,0
7,-5,82,1,168,0
8,-8,97,1,168,0
1,-7,102,1,168,0
1,2,138,1,168,0
3,-3,143,1,168,0
0,1,145,1,168,0
-2,0,167,1,168,0
0,-5,44,1,168,0
6,8,53,1,168,0
3,5,59,1,168,0
4,6,59,1,168,0
5,7,86,1,168,0
8,0,102,1,168,0
7,-6,112,1,168,0
2,4,124,1,168,0
1,3,131,1,168,0
3,-4,134,1,168,0
2,-1,154,1,168,0
-2,1,167,1,168,0
-1,0,167,1,168,0
-5,5,3,1,168,0
9,2,3,1,168,0
0,-6,18,1,168,0
6,-4,64,1,168,0
5,8,83,1,168,0
3,-5,86,1,168,0
4,7,89,1,168,0
8,1,106,1,168,0
7,-7,106,1,168,0
3,6,108,1,168,0
7,0,108,1,168,0
2,5,118,1,168,0
2,-2,153,1,168,0
-4,5,8,1,168,0
-2,-4,14,1,168,0
8,-1,33,1,168,0
1,5,41,1,168,0
5,-2,48,1,168,0
7,-8,94,1,168,0
4,8,95,1,168,0
8,2,97,1,168,0
3,7,104,1,168,0
3,-6,109,1,168,0
2,6,111,1,168,0
7,1,112,1,168,0
6,0,114,1,168,0
6,-5,119,1,168,0
-1,2,132,1,168,0
2,-3,143,1,168,0
-4,6,14,1,168,0
-3,5,16,1,168,0
2,7,75,1,168,0
0,5,35,1,168,0
8,-2,43,1,168,0
5,-3,57,1,168,0
8,3,91,1,168,0
7,2,92,1,168,0
3,8,97,1,168,0
3,-7,106,1,168,0
6,-6,115,1,168,0
6,1,118,1,168,0
5,0,119,1,168,0
-1,3,126,1,168,0
2,-4,126,1,168,0
1,-1,162,1,168,0
-8,0,167,1,168,0
-2,-6,5,1,168,0
-4,7,24,1,168,0
-2,5,112,1,168,0
1,7,81,1,168,0
8,-3,47,1,168,0
8,4,79,1,168,0
7,3,84,1,168,0
3,-8,99,1,168,0
6,-7,109,1,168,0
-1,4,119,1,168,0
2,-5,119,1,168,0
5,1,125,1,168,0
5,-4,129,1,168,0
4,0,131,1,168,0
1,-2,151,1,168,0
-7,0,165,1,168,0
0,7,87,1,168,0
-4,8,23,1,168,0
-3,7,32,1,168,0
-1,-4,28,1,168,0
-1,5,113,1,168,0
7,-1,36,1,168,0
8,-4,62,1,168,0
8,5,77,1,168,0
7,4,83,1,168,0
6,3,83,1,168,0
5,2,86,1,168,0
-2,6,106,1,168,0
6,-8,102,1,168,0
2,-6,113,1,168,0
5,-5,124,1,168,0
4,1,128,1,168,0
1,-3,133,1,168,0
3,0,137,1,168,0
-6,0,159,1,168,0
5,3,11,1,169,0
-2,7,97,1,169,0
7,-2,37,1,169,0
-1,-5,36,1,169,0
8,6,65,1,169,0
7,5,72,1,169,0
8,-5,75,1,169,0
6,4,76,1,169,0
4,2,83,1,169,0
2,-7,98,1,169,0
5,-6,118,1,169,0
1,-4,122,1,169,0
4,-3,137,1,169,0
2,0,144,1,169,0
-5,0,152,1,169,0
0,-1,159,1,169,0
-1,7,94,1,169,0
-1,-6,12,1,169,0
6,5,29,1,169,0
7,-3,49,1,169,0
8,-6,63,1,169,0
8,7,64,1,169,0
7,6,69,1,169,0
5,4,73,1,169,0
3,2,75,1,169,0
3,-1,102,1,169,0
1,-5,115,1,169,0
0,-2,134,1,169,0
4,-4,134,1,169,0
1,0,149,1,169,0
-4,0,168,1,169,0
-1,8,4,1,169,0
4,4,16,1,169,0
6,6,37,1,169,0
6,-1,41,1,169,0
7,7,52,1,169,0
8,8,57,1,169,0
7,-4,64,1,169,0
5,5,69,1,169,0
3,3,74,1,169,0
8,-7,104,1,169,0
1,-6,109,1,169,0
4,-5,126,1,169,0
1,1,139,1,169,0
3,-2,146,1,169,0
-3,0,169,1,169,0
0,0,167,1,169,0
-3,-4,8,1,169,0
4,5,19,1,169,0
6,-2,46,1,169,0
7,8,56,1,169,0
6,7,57,1,169,0
5,6,61,1,169,0
3,4,67,1,169,0
4,-6,69,1,169,0
7,-5,82,1,169,0
8,-8,97,1,169,0
1,-7,102,1,169,0
1,2,138,1,169,0
3,-3,143,1,169,0
0,1,145,1,169,0
-2,0,168,1,169,0
-2,-1,168,1,169,0
0,-5,44,1,169,0
6,8,53,1,169,0
3,5,59,1,169,0
4,6,59,1,169,0
5,7,86,1,169,0
8,0,102,1,169,0
7,-6,112,1,169,0
2,4,124,1,169,0
1,3,131,1,169,0
3,-4,134,1,169,0
2,-1,154,1,169,0
-2,1,168,1,169,0
-1,0,168,1,169,0
-5,5,3,1,169,0
9,2,3,1,169,0
0,-6,18,1,169,0
6,-4,64,1,169,0
5,8,83,1,169,0
3,-5,86,1,169,0
4,7,89,1,169,0
8,1,106,1,169,0
7,-7,106,1,169,0
3,6,108,1,169,0
7,0,108,1,169,0
2,5,118,1,169,0
2,-2,153,1,169,0
-4,5,8,1,169,0
-2,-4,14,1,169,0
8,-1,33,1,169,0
1,5,41,1,169,0
5,-2,48,1,169,0
7,-8,94,1,169,0
4,8,95,1,169,0
8,2,97,1,169,0
3,7,104,1,169,0
3,-6,109,1,169,0
2,6,111,1,169,0
7,1,112,1,169,0
6,0,114,1,169,0
6,-5,119,1,169,0
-1,2,132,1,169,0
2,-3,143,1,169,0
-4,6,14,1,169,0
-3,5,16,1,169,0
2,7,75,1,169,0
0,5,35,1,169,0
8,-2,43,1,169,0
5,-3,57,1,169,0
8,3,91,1,169,0
7,2,92,1,169,0
3,8,97,1,169,0
3,-7,106,1,169,0
6,-6,115,1,169,0
6,1,118,1,169,0
5,0,119,1,169,0
-1,3,126,1,169,0
2,-4,126,1,169,0
1,-1,162,1,169,0
-8,0,168,1,169,0
-2,-6,5,1,169,0
-4,7,24,1,169,0
-2,5,112,1,169,0
1,7,81,1,169,0
8,-3,47,1,169,0
8,4,79,1,169,0
7,3,84,1,169,0
3,-8,99,1,169,0
6,-7,109,1,169,0
-1,4,119,1,169,0
2,-5,119,1,169,0
5,1,125,1,169,0
5,-4,129,1,169,0
4,0,131,1,169,0
1,-2,151,1,169,0
-7,0,165,1,169,0
0,7,87,1,169,0
-4,8,23,1,169,0
-3,7,32,1,169,0
-1,-4,28,1,169,0
-1,5,113,1,169,0
7,-1,36,1,169,0
8,-4,62,1,169,0
8,5,77,1,169,0
7,4,83,1,169,0
6,3,83,1,169,0
5,2,86,1,169,0
-2,6,106,1,169,0
6,-8,102,1,169,0
2,-6,113,1,169,0
5,-5,124,1,169,0
4,1,128,1,169,0
1,-3,133,1,169,0
3,0,137,1,169,0
-6,0,159,1,169,0
5,3,11,1,170,0
-2,7,97,1,170,0
7,-2,37,1,170,0
-1,-5,36,1,170,0
8,6,65,1,170,0
7,5,72,1,170,0
8,-5,75,1,170,0
6,4,76,1,170,0
4,2,83,1,170,0
2,-7,98,1,170,0
5,-6,118,1,170,0
1,-4,122,1,170,0
4,-3,137,1,170,0
2,0,144,1,170,0
0,-1,159,1,170,0
-5,0,169,1,170,0
-1,7,94,1,170,0
-1,-6,12,1,170,0
6,5,29,1,170,0
7,-3,49,1,170,0
8,-6,63,1,170,0
8,7,64,1,170,0
7,6,69,1,170,0
5,4,73,1,170,0
3,2,75,1,170,0
3,-1,102,1,170,0
1,-5,115,1,170,0
0,-2,134,1,170,0
4,-4,134,1,170,0
1,0,149,1,170,0
-4,0,168,1,170,0
-1,8,4,1,170,0
4,4,16,1,170,0
6,6,37,1,170,0
6,-1,41,1,170,0
7,7,52,1,170,0
8,8,57,1,170,0
7,-4,64,1,170,0
5,5,69,1,170,0
3,3,74,1,170,0
8,-7,104,1,170,0
1,-6,109,1,170,0
4,-5,126,1,170,0
1,1,139,1,170,0
3,-2,146,1,170,0
-3,0,169,1,170,0
0,0,168,1,170,0
-3,-4,8,1,170,0
4,5,19,1,170,0
6,-2,46,1,170,0
7,8,56,1,170,0
6,7,57,1,170,0
5,6,61,1,170,0
3,4,67,1,170,0
4,-6,69,1,170,0
7,-5,82,1,170,0
8,-8,97,1,170,0
1,-7,102,1,170,0
1,2,138,1,170,0
3,-3,143,1,170,0
0,1,145,1,170,0
-2,0,168,1,170,0
-2,-1,169,1,170,0
0,-5,44,1,170,0
6,8,53,1,170,0
3,5,59,1,170,0
4,6,59,1,170,0
5,7,86,1,170,0
8,0,102,1,170,0
7,-6,112,1,170,0
2,4,124,1,170,0
1,3,131,1,170,0
3,-4,134,1,170,0
2,-1,154,1,170,0
-2,1,169,1,170,0
-1,0,169,1,170,0
-5,5,3,1,170,0
9,2,3,1,170,0
0,-6,18,1,170,0
6,-4,64,1,170,0
5,8,83,1,170,0
3,-5,86,1,170,0
4,7,89,1,170,0
8,1,106,1,170,0
7,-7,106,1,170,0
3,6,108,1,170,0
7,0,108,1,170,0
2,5,118,1,170,0
2,-2,153,1,170,0
-4,5,8,1,170,0
-2,-4,14,1,170,0
8,-1,33,1,170,0
1,5,41,1,170,0
5,-2,48,1,170,0
7,-8,94,1,170,0
4,8,95,1,170,0
8,2,97,1,170,0
3,7,104,1,170,0
3,-6,109,1,170,0
2,6,111,1,170,0
7,1,112,1,170,0
6,0,114,1,170,0
6,-5,119,1,170,0
-1,2,132,1,170,0
2,-3,143,1,170,0
-1,-1,169,1,170,0
-4,6,14,1,170,0
-3,5,16,1,170,0
2,7,75,1,170,0
0,5,35,1,170,0
8,-2,43,1,170,0
5,-3,57,1,170,0
8,3,91,1,170,0
7,2,92,1,170,0
3,8,97,1,170,0
3,-7,106,1,170,0
6,-6,115,1,170,0
6,1,118,1,170,0
5,0,119,1,170,0
-1,3,126,1,170,0
2,-4,126,1,170,0
1,-1,162,1,170,0
-8,0,169,1,170,0
-2,-6,5,1,170,0
-4,7,24,1,170,0
-2,5,112,1,170,0
1,7,81,1,170,0
8,-3,47,1,170,0
8,4,79,1,170,0
7,3,84,1,170,0
3,-8,99,1,170,0
6,-7,109,1,170,0
-1,4,119,1,170,0
2,-5,119,1,170,0
5,1,125,1,170,0
5,-4,129,1,170,0
4,0,131,1,170,0
1,-2,151,1,170,0
-7,0,165,1,170,0
0,7,87,1,170,0
-4,8,23,1,170,0
-3,7,32,1,170,0
-1,-4,28,1,170,0
-1,5,113,1,170,0
7,-1,36,1,170,0
8,-4,62,1,170,0
8,5,77,1,170,0
7,4,83,1,170,0
6,3,83,1,170,0
5,2,86,1,170,0
-2,6,106,1,170,0
6,-8,102,1,170,0
2,-6,113,1,170,0
5,-5,124,1,170,0
4,1,128,1,170,0
1,-3,133,1,170,0
3,0,137,1,170,0
-6,0,159,1,170,0
5,3,11,1,171,0
-2,7,97,1,171,0
7,-2,37,1,171,0
-1,-5,36,1,171,0
8,6,65,1,171,0
7,5,72,1,171,0
8,-5,75,1,171,0
6,4,76,1,171,0
4,2,83,1,171,0
2,-7,98,1,171,0
5,-6,118,1,171,0
1,-4,122,1,171,0
4,-3,137,1,171,0
2,0,144,1,171,0
0,-1,159,1,171,0
-5,0,169,1,171,0
-1,7,94,1,171,0
-1,-6,12,1,171,0
6,5,29,1,171,0
7,-3,49,1,171,0
8,-6,63,1,171,0
8,7,64,1,171,0
7,6,69,1,171,0
5,4,73,1,171,0
3,2,75,1,171,0
3,-1,102,1,171,0
1,-5,115,1,171,0
0,-2,134,1,171,0
4,-4,134,1,171,0
1,0,149,1,171,0
-4,0,168,1,171,0
-1,8,4,1,171,0
4,4,16,1,171,0
6,6,37,1,171,0
6,-1,41,1,171,0
7,7,52,1,171,0
8,8,57,1,171,0
7,-4,64,1,171,0
5,5,69,1,171,0
3,3,74,1,171,0
8,-7,104,1,171,0
1,-6,109,1,171,0
4,-5,126,1,171,0
1,1,139,1,171,0
3,-2,146,1,171,0
-3,0,171,1,171,0
0,0,169,1,171,0
-3,-4,8,1,171,0
4,5,19,1,171,0
6,-2,46,1,171,0
7,8,56,1,171,0
6,7,57,1,171,0
5,6,61,1,171,0
3,4,67,1,171,0
4,-6,69,1,171,0
7,-5,82,1,171,0
8,-8,97,1,171,0
1,-7,102,1,171,0
1,2,138,1,171,0
3,-3,143,1,171,0
0,1,145,1,171,0
-2,0,168,1,171,0
-2,-1,169,1,171,0
0,-5,44,1,171,0
6,8,53,1,171,0
3,5,59,1,171,0
4,6,59,1,171,0
5,7,86,1,171,0
8,0,102,1,171,0
7,-6,112,1,171,0
2,4,124,1,171,0
1,3,131,1,171,0
3,-4,134,1,171,0
2,-1,154,1,171,0
-2,1,169,1,171,0
-1,0,169,1,171,0
-5,5,3,1,171,0
9,2,3,1,171,0
0,-6,18,1,171,0
6,-4,64,1,171,0
5,8,83,1,171,0
3,-5,86,1,171,0
4,7,89,1,171,0
8,1,106,1,171,0
7,-7,106,1,171,0
3,6,108,1,171,0
7,0,108,1,171,0
2,5,118,1,171,0
2,-2,153,1,171,0
-4,5,8,1,171,0
-2,-4,14,1,171,0
8,-1,33,1,171,0
1,5,41,1,171,0
5,-2,48,1,171,0
7,-8,94,1,171,0
4,8,95,1,171,0
8,2,97,1,171,0
3,7,104,1,171,0
3,-6,109,1,171,0
2,6,111,1,171,0
7,1,112,1,171,0
6,0,114,1,171,0
6,-5,119,1,171,0
-1,2,132,1,171,0
2,-3,143,1,171,0
-1,-1,169,1,171,0
-4,6,14,1,171,0
-3,5,16,1,171,0
2,7,75,1,171,0
0,5,35,1,171,0
8,-2,43,1,171,0
5,-3,57,1,171,0
8,3,91,1,171,0
7,2,92,1,171,0
3,8,97,1,171,0
3,-7,106,1,171,0
6,-6,115,1,171,0
6,1,118,1,171,0
5,0,119,1,171,0
-1,3,126,1,171,0
2,-4,126,1,171,0
1,-1,162,1,171,0
-8,0,169,1,171,0
-2,-6,5,1,171,0
-4,7,24,1,171,0
-2,5,112,1,171,0
1,7,81,1,171,0
8,-3,47,1,171,0
8,4,79,1,171,0
7,3,84,1,171,0
3,-8,99,1,171,0
6,-7,109,1,171,0
-1,4,119,1,171,0
2,-5,119,1,171,0
5,1,125,1,171,0
5,-4,129,1,171,0
4,0,131,1,171,0
1,-2,151,1,171,0
-7,0,165,1,171,0
0,7,87,1,171,0
-4,8,23,1,171,0
-3,7,32,1,171,0
-1,-4,28,1,171,0
-1,5,113,1,171,0
7,-1,36,1,171,0
8,-4,62,1,171,0
8,5,77,1,171,0
7,4,83,1,171,0
6,3,83,1,171,0
5,2,86,1,171,0
-2,6,106,1,171,0
6,-8,102,1,171,0
2,-6,113,1,171,0
5,-5,124,1,171,0
4,1,128,1,171,0
1,-3,133,1,171,0
3,0,137,1,171,0
-6,0,159,1,171,0
5,3,11,1,172,0
-2,7,97,1,172,0
7,-2,37,1,172,0
-1,-5,36,1,172,0
8,6,65,1,172,0
7,5,72,1,172,0
8,-5,75,1,172,0
6,4,76,1,172,0
4,2,83,1,172,0
2,-7,98,1,172,0
5,-6,118,1,172,0
1,-4,122,1,172,0
4,-3,137,1,172,0
2,0,144,1,172,0
0,-1,159,1,172,0
-5,0,171,1,172,0
-1,7,94,1,172,0
-1,-6,12,1,172,0
6,5,29,1,172,0
7,-3,49,1,172,0
8,-6,63,1,172,0
8,7,64,1,172,0
7,6,69,1,172,0
5,4,73,1,172,0
3,2,75,1,172,0
3,-1,102,1,172,0
1,-5,115,1,172,0
0,-2,134,1,172,0
4,-4,134,1,172,0
1,0,149,1,172,0
-4,0,168,1,172,0
-1,8,4,1,172,0
4,4,16,1,172,0
6,6,37,1,172,0
6,-1,41,1,172,0
7,7,52,1,172,0
8,8,57,1,172,0
7,-4,64,1,172,0
5,5,69,1,172,0
3,3,74,1,172,0
8,-7,104,1,172,0
1,-6,109,1,172,0
4,-5,126,1,172,0
1,1,139,1,172,0
3,-2,146,1,172,0
-3,0,172,1,172,0
0,0,169,1,172,0
-3,-4,8,1,172,0
4,5,19,1,172,0
6,-2,46,1,172,0
7,8,56,1,172,0
6,7,57,1,172,0
5,6,61,1,172,0
3,4,67,1,172,0
4,-6,69,1,172,0
7,-5,82,1,172,0
8,-8,97,1,172,0
1,-7,102,1,172,0
1,2,138,1,172,0
3,-3,143,1,172,0
0,1,145,1,172,0
-2,0,168,1,172,0
-2,-1,171,1,172,0
0,-5,44,1,172,0
6,8,53,1,172,0
3,5,59,1,172,0
4,6,59,1,172,0
5,7,86,1,172,0
8,0,102,1,172,0
7,-6,112,1,172,0
2,4,124,1,172,0
1,3,131,1,172,0
3,-4,134,1,172,0
2,-1,154,1,172,0
-2,1,169,1,172,0
-1,0,171,1,172,0
-5,5,3,1,172,0
9,2,3,1,172,0
0,-6,18,1,172,0
6,-4,64,1,172,0
5,8,83,1,172,0
3,-5,86,1,172,0
4,7,89,1,172,0
8,1,106,1,172,0
7,-7,106,1,172,0
3,6,108,1,172,0
7,0,108,1,172,0
2,5,118,1,172,0
2,-2,153,1,172,0
-2,2,171,1,172,0
-4,5,8,1,172,0
-2,-4,14,1,172,0
8,-1,33,1,172,0
1,5,41,1,172,0
5,-2,48,1,172,0
7,-8,94,1,172,0
4,8,95,1,172,0
8,2,97,1,172,0
3,7,104,1,172,0
3,-6,109,1,172,0
2,6,111,1,172,0
7,1,112,1,172,0
6,0,114,1,172,0
6,-5,119,1,172,0
-1,2,132,1,172,0
2,-3,143,1,172,0
-1,-1,171,1,172,0
-4,6,14,1,172,0
-3,5,16,1,172,0
2,7,75,1,172,0
0,5,35,1,172,0
8,-2,43,1,172,0
5,-3,57,1,172,0
8,3,91,1,172,0
7,2,92,1,172,0
3,8,97,1,172,0
3,-7,106,1,172,0
6,-6,115,1,172,0
6,1,118,1,172,0
5,0,119,1,172,0
-1,3,126,1,172,0
2,-4,126,1,172,0
1,-1,162,1,172,0
-8,0,169,1,172,0
-2,-6,5,1,172,0
-4,7,24,1,172,0
-2,5,112,1,172,0
1,7,81,1,172,0
8,-3,47,1,172,0
8,4,79,1,172,0
7,3,84,1,172,0
3,-8,99,1,172,0
6,-7,109,1,172,0
-1,4,119,1,172,0
2,-5,119,1,172,0
5,1,125,1,172,0
5,-4,129,1,172,0
4,0,131,1,172,0
1,-2,151,1,172,0
-7,0,171,1,172,0
0,7,87,1,172,0
-4,8,23,1,172,0
-3,7,32,1,172,0
-1,-4,28,1,172,0
-1,5,113,1,172,0
7,-1,36,1,172,0
8,-4,62,1,172,0
8,5,77,1,172,0
7,4,83,1,172,0
6,3,83,1,172,0
5,2,86,1,172,0
-2,6,106,1,172,0
6,-8,102,1,172,0
2,-6,113,1,172,0
5,-5,124,1,172,0
4,1,128,1,172,0
1,-3,133,1,172,0
3,0,137,1,172,0
-6,0,159,1,172,0
5,3,11,1,173,0
-2,7,97,1,173,0
7,-2,37,1,173,0
-1,-5,36,1,173,0
8,6,65,1,173,0
7,5,72,1,173,0
8,-5,75,1,173,0
6,4,76,1,173,0
4,2,83,1,173,0
2,-7,98,1,173,0
5,-6,118,1,173,0
1,-4,122,1,173,0
4,-3,137,1,173,0
2,0,144,1,173,0
0,-1,159,1,173,0
-5,0,172,1,173,0
-1,7,94,1,173,0
-1,-6,12,1,173,0
6,5,29,1,173,0
7,-3,49,1,173,0
8,-6,63,1,173,0
8,7,64,1,173,0
7,6,69,1,173,0
5,4,73,1,173,0
3,2,75,1,173,0
3,-1,102,1,173,0
1,-5,115,1,173,0
0,-2,134,1,173,0
4,-4,134,1,173,0
1,0,149,1,173,0
-4,0,168,1,173,0
-1,8,4,1,173,0
4,4,16,1,173,0
6,6,37,1,173,0
6,-1,41,1,173,0
7,7,52,1,173,0
8,8,57,1,173,0
7,-4,64,1,173,0
5,5,69,1,173,0
3,3,74,1,173,0
8,-7,104,1,173,0
1,-6,109,1,173,0
4,-5,126,1,173,0
1,1,139,1,173,0
3,-2,146,1,173,0
-3,0,173,1,173,0
0,0,169,1,173,0
-3,-4,8,1,173,0
4,5,19,1,173,0
6,-2,46,1,173,0
7,8,56,1,173,0
6,7,57,1,173,0
5,6,61,1,173,0
3,4,67,1,173,0
4,-6,69,1,173,0
7,-5,82,1,173,0
8,-8,97,1,173,0
1,-7,102,1,173,0
1,2,138,1,173,0
3,-3,143,1,173,0
0,1,145,1,173,0
-2,0,168,1,173,0
-2,-1,172,1,173,0
0,-5,44,1,173,0
6,8,53,1,173,0
3,5,59,1,173,0
4,6,59,1,173,0
5,7,86,1,173,0
8,0,102,1,173,0
7,-6,112,1,173,0
2,4,124,1,173,0
1,3,131,1,173,0
3,-4,134,1,173,0
2,-1,154,1,173,0
-2,1,169,1,173,0
-1,0,172,1,173,0
-5,5,3,1,173,0
9,2,3,1,173,0
0,-6,18,1,173,0
6,-4,64,1,173,0
5,8,83,1,173,0
3,-5,86,1,173,0
4,7,89,1,173,0
8,1,106,1,173,0
7,-7,106,1,173,0
3,6,108,1,173,0
7,0,108,1,173,0
2,5,118,1,173,0
2,-2,153,1,173,0
-2,2,171,1,173,0
-4,5,8,1,173,0
-2,-4,14,1,173,0
8,-1,33,1,173,0
1,5,41,1,173,0
5,-2,48,1,173,0
7,-8,94,1,173,0
4,8,95,1,173,0
8,2,97,1,173,0
3,7,104,1,173,0
3,-6,109,1,173,0
2,6,111,1,173,0
7,1,112,1,173,0
6,0,114,1,173,0
6,-5,119,1,173,0
2,-3,143,1,173,0
-1,2,172,1,173,0
-1,-1,172,1,173,0
-4,6,14,1,173,0
-3,5,16,1,173,0
2,7,75,1,173,0
0,5,35,1,173,0
8,-2,43,1,173,0
5,-3,57,1,173,0
8,3,91,1,173,0
7,2,92,1,173,0
3,8,97,1,173,0
3,-7,106,1,173,0
6,-6,115,1,173,0
6,1,118,1,173,0
5,0,119,1,173,0
-1,3,126,1,173,0
2,-4,126,1,173,0
1,-1,162,1,173,0
-8,0,169,1,173,0
-2,-6,5,1,173,0
-4,7,24,1,173,0
-2,5,112,1,173,0
1,7,81,1,173,0
8,-3,47,1,173,0
8,4,79,1,173,0
7,3,84,1,173,0
3,-8,99,1,173,0
6,-7,109,1,173,0
-1,4,119,1,173,0
2,-5,119,1,173,0
5,1,125,1,173,0
5,-4,129,1,173,0
4,0,131,1,173,0
1,-2,151,1,173,0
-7,0,172,1,173,0
0,7,87,1,173,0
-4,8,23,1,173,0
-3,7,32,1,173,0
-1,-4,28,1,173,0
-1,5,113,1,173,0
7,-1,36,1,173,0
8,-4,62,1,173,0
8,5,77,1,173,0
7,4,83,1,173,0
6,3,83,1,173,0
5,2,86,1,173,0
-2,6,106,1,173,0
6,-8,102,1,173,0
2,-6,113,1,173,0
5,-5,124,1,173,0
4,1,128,1,173,0
1,-3,133,1,173,0
3,0,137,1,173,0
-6,0,159,1,173,0
5,3,11,1,174,0
-2,7,97,1,174,0
7,-2,37,1,174,0
-1,-5,36,1,174,0
8,6,65,1,174,0
7,5,72,1,174,0
8,-5,75,1,174,0
6,4,76,1,174,0
4,2,83,1,174,0
2,-7,98,1,174,0
5,-6,118,1,174,0
1,-4,122,1,174,0
4,-3,137,1,174,0
2,0,144,1,174,0
0,-1,159,1,174,0
-5,0,173,1,174,0
-1,7,94,1,174,0
-1,-6,12,1,174,0
6,5,29,1,174,0
7,-3,49,1,174,0
8,-6,63,1,174,0
8,7,64,1,174,0
7,6,69,1,174,0
5,4,73,1,174,0
3,2,75,1,174,0
3,-1,102,1,174,0
1,-5,115,1,174,0
0,-2,134,1,174,0
4,-4,134,1,174,0
1,0,149,1,174,0
-4,0,168,1,174,0
-1,8,4,1,174,0
4,4,16,1,174,0
6,6,37,1,174,0
6,-1,41,1,174,0
7,7,52,1,174,0
8,8,57,1,174,0
7,-4,64,1,174,0
5,5,69,1,174,0
3,3,74,1,174,0
8,-7,104,1,174,0
1,-6,109,1,174,0
4,-5,126,1,174,0
1,1,139,1,174,0
3,-2,146,1,174,0
-3,0,174,1,174,0
0,0,169,1,174,0
-3,-4,8,1,174,0
4,5,19,1,174,0
6,-2,46,1,174,0
7,8,56,1,174,0
6,7,57,1,174,0
5,6,61,1,174,0
3,4,67,1,174,0
4,-6,69,1,174,0
7,-5,82,1,174,0
8,-8,97,1,174,0
1,-7,102,1,174,0
1,2,138,1,174,0
3,-3,143,1,174,0
0,1,145,1,174,0
-2,0,168,1,174,0
-2,-1,173,1,174,0
0,-5,44,1,174,0
6,8,53,1,174,0
3,5,59,1,174,0
4,6,59,1,174,0
5,7,86,1,174,0
8,0,102,1,174,0
7,-6,112,1,174,0
2,4,124,1,174,0
1,3,131,1,174,0
3,-4,134,1,174,0
2,-1,154,1,174,0
-2,1,169,1,174,0
-1,0,173,1,174,0
-5,5,3,1,174,0
9,2,3,1,174,0
0,-6,18,1,174,0
6,-4,64,1,174,0
5,8,83,1,174,0
3,-5,86,1,174,0
4,7,89,1,174,0
8,1,106,1,174,0
7,-7,106,1,174,0
3,6,108,1,174,0
7,0,108,1,174,0
2,5,118,1,174,0
2,-2,153,1,174,0
-2,2,171,1,174,0
-4,5,8,1,174,0
-2,-4,14,1,174,0
8,-1,33,1,174,0
1,5,41,1,174,0
5,-2,48,1,174,0
7,-8,94,1,174,0
4,8,95,1,174,0
8,2,97,1,174,0
3,7,104,1,174,0
3,-6,109,1,174,0
2,6,111,1,174,0
7,1,112,1,174,0
6,0,114,1,174,0
6,-5,119,1,174,0
2,-3,143,1,174,0
-1,2,173,1,174,0
-1,-1,173,1,174,0
-4,6,14,1,174,0
-3,5,16,1,174,0
2,7,75,1,174,0
0,5,35,1,174,0
8,-2,43,1,174,0
5,-3,57,1,174,0
8,3,91,1,174,0
7,2,92,1,174,0
3,8,97,1,174,0
3,-7,106,1,174,0
6,-6,115,1,174,0
6,1,118,1,174,0
5,0,119,1,174,0
-1,3,126,1,174,0
2,-4,126,1,174,0
1,-1,162,1,174,0
-8,0,169,1,174,0
-2,-6,5,1,174,0
-4,7,24,1,174,0
-2,5,112,1,174,0
1,7,81,1,174,0
8,-3,47,1,174,0
8,4,79,1,174,0
7,3,84,1,174,0
3,-8,99,1,174,0
6,-7,109,1,174,0
-1,4,119,1,174,0
2,-5,119,1,174,0
5,1,125,1,174,0
5,-4,129,1,174,0
4,0,131,1,174,0
1,-2,151,1,174,0
-7,0,173,1,174,0
0,7,87,1,174,0
-4,8,23,1,174,0
-3,7,32,1,174,0
-1,-4,28,1,174,0
-1,5,113,1,174,0
7,-1,36,1,174,0
8,-4,62,1,174,0
8,5,77,1,174,0
7,4,83,1,174,0
6,3,83,1,174,0
5,2,86,1,174,0
-2,6,106,1,174,0
6,-8,102,1,174,0
2,-6,113,1,174,0
5,-5,124,1,174,0
4,1,128,1,174,0
1,-3,133,1,174,0
3,0,137,1,174,0
-6,0,159,1,174,0
5,3,11,1,175,0
-2,7,97,1,175,0
7,-2,37,1,175,0
-1,-5,36,1,175,0
8,6,65,1,175,0
7,5,72,1,175,0
8,-5,75,1,175,0
6,4,76,1,175,0
4,2,83,1,175,0
2,-7,98,1,175,0
5,-6,118,1,175,0
1,-4,122,1,175,0
4,-3,137,1,175,0
2,0,144,1,175,0
0,-1,159,1,175,0
-5,0,174,1,175,0
-1,7,94,1,175,0
-1,-6,12,1,175,0
6,5,29,1,175,0
7,-3,49,1,175,0
8,-6,63,1,175,0
8,7,64,1,175,0
7,6,69,1,175,0
5,4,73,1,175,0
3,2,75,1,175,0
3,-1,102,1,175,0
1,-5,115,1,175,0
0,-2,134,1,175,0
4,-4,134,1,175,0
1,0,149,1,175,0
-4,0,168,1,175,0
-1,8,4,1,175,0
4,4,16,1,175,0
6,6,37,1,175,0
6,-1,41,1,175,0
7,7,52,1,175,0
8,8,57,1,175,0
7,-4,64,1,175,0
5,5,69,1,175,0
3,3,74,1,175,0
8,-7,104,1,175,0
1,-6,109,1,175,0
4,-5,126,1,175,0
1,1,139,1,175,0
3,-2,146,1,175,0
-3,0,175,1,175,0
0,0,169,1,175,0
-3,-4,8,1,175,0
4,5,19,1,175,0
6,-2,46,1,175,0
7,8,56,1,175,0
6,7,57,1,175,0
5,6,61,1,175,0
3,4,67,1,175,0
4,-6,69,1,175,0
7,-5,82,1,175,0
8,-8,97,1,175,0
1,-7,102,1,175,0
1,2,138,1,175,0
3,-3,143,1,175,0
0,1,145,1,175,0
-2,0,168,1,175,0
-2,-1,174,1,175,0
0,-5,44,1,175,0
6,8,53,1,175,0
3,5,59,1,175,0
4,6,59,1,175,0
5,7,86,1,175,0
8,0,102,1,175,0
7,-6,112,1,175,0
2,4,124,1,175,0
1,3,131,1,175,0
3,-4,134,1,175,0
2,-1,154,1,175,0
-2,1,169,1,175,0
-1,0,174,1,175,0
-5,5,3,1,175,0
9,2,3,1,175,0
0,-6,18,1,175,0
6,-4,64,1,175,0
5,8,83,1,175,0
3,-5,86,1,175,0
4,7,89,1,175,0
8,1,106,1,175,0
7,-7,106,1,175,0
3,6,108,1,175,0
7,0,108,1,175,0
2,5,118,1,175,0
2,-2,153,1,175,0
-2,2,171,1,175,0
-4,5,8,1,175,0
-2,-4,14,1,175,0
8,-1,33,1,175,0
1,5,41,1,175,0
5,-2,48,1,175,0
7,-8,94,1,175,0
4,8,95,1,175,0
8,2,97,1,175,0
3,7,104,1,175,0
3,-6,109,1,175,0
2,6,111,1,175,0
7,1,112,1,175,0
6,0,114,1,175,0
6,-5,119,1,175,0
2,-3,143,1,175,0
-1,2,174,1,175,0
-1,-1,174,1,175,0
-4,6,14,1,175,0
-3,5,16,1,175,0
2,7,75,1,175,0
0,5,35,1,175,0
8,-2,43,1,175,0
5,-3,57,1,175,0
8,3,91,1,175,0
7,2,92,1,175,0
3,8,97,1,175,0
3,-7,106,1,175,0
6,-6,115,1,175,0
6,1,118,1,175,0
5,0,119,1,175,0
-1,3,126,1,175,0
2,-4,126,1,175,0
1,-1,162,1,175,0
-8,0,169,1,175,0
-2,-6,5,1,175,0
-4,7,24,1,175,0
-2,5,112,1,175,0
1,7,81,1,175,0
8,-3,47,1,175,0
8,4,79,1,175,0
7,3,84,1,175,0
3,-8,99,1,175,0
6,-7,109,1,175,0
-1,4,119,1,175,0
2,-5,119,1,175,0
5,1,125,1,175,0
5,-4,129,1,175,0
4,0,131,1,175,0
1,-2,151,1,175,0
-7,0,174,1,175,0
0,7,87,1,175,0
-4,8,23,1,175,0
-3,7,32,1,175,0
-1,-4,28,1,175,0
-1,5,113,1,175,0
7,-1,36,1,175,0
8,-4,62,1,175,0
8,5,77,1,175,0
7,4,83,1,175,0
6,3,83,1,175,0
5,2,86,1,175,0
-2,6,106,1,175,0
6,-8,102,1,175,0
2,-6,113,1,175,0
5,-5,124,1,175,0
4,1,128,1,175,0
1,-3,133,1,175,0
3,0,137,1,175,0
-6,0,159,1,175,0
5,3,11,1,176,0
-2,7,97,1,176,0
7,-2,37,1,176,0
-1,-5,36,1,176,0
8,6,65,1,176,0
7,5,72,1,176,0
8,-5,75,1,176,0
6,4,76,1,176,0
4,2,83,1,176,0
2,-7,98,1,176,0
5,-6,118,1,176,0
1,-4,122,1,176,0
4,-3,137,1,176,0
2,0,144,1,176,0
0,-1,159,1,176,0
-5,0,175,1,176,0
-1,7,94,1,176,0
-1,-6,12,1,176,0
6,5,29,1,176,0
7,-3,49,1,176,0
8,-6,63,1,176,0
8,7,64,1,176,0
7,6,69,1,176,0
5,4,73,1,176,0
3,2,75,1,176,0
3,-1,102,1,176,0
1,-5,115,1,176,0
0,-2,134,1,176,0
4,-4,134,1,176,0
1,0,149,1,176,0
-4,0,168,1,176,0
-1,8,4,1,176,0
4,4,16,1,176,0
6,6,37,1,176,0
6,-1,41,1,176,0
7,7,52,1,176,0
8,8,57,1,176,0
7,-4,64,1,176,0
5,5,69,1,176,0
3,3,74,1,176,0
8,-7,104,1,176,0
1,-6,109,1,176,0
4,-5,126,1,176,0
1,1,139,1,176,0
3,-2,146,1,176,0
-3,0,176,1,176,0
0,0,169,1,176,0
-3,-4,8,1,176,0
4,5,19,1,176,0
6,-2,46,1,176,0
7,8,56,1,176,0
6,7,57,1,176,0
5,6,61,1,176,0
3,4,67,1,176,0
4,-6,69,1,176,0
7,-5,82,1,176,0
8,-8,97,1,176,0
1,-7,102,1,176,0
1,2,138,1,176,0
3,-3,143,1,176,0
0,1,145,1,176,0
-2,0,168,1,176,0
-2,-1,175,1,176,0
0,-5,44,1,176,0
6,8,53,1,176,0
3,5,59,1,176,0
4,6,59,1,176,0
5,7,86,1,176,0
8,0,102,1,176,0
7,-6,112,1,176,0
2,4,124,1,176,0
1,3,131,1,176,0
3,-4,134,1,176,0
2,-1,154,1,176,0
-2,1,169,1,176,0
-1,0,175,1,176,0
-2,-2,175,1,176,0
-5,5,3,1,176,0
9,2,3,1,176,0
0,-6,18,1,176,0
6,-4,64,1,176,0
5,8,83,1,176,0
3,-5,86,1,176,0
4,7,89,1,176,0
8,1,106,1,176,0
7,-7,106,1,176,0
3,6,108,1,176,0
7,0,108,1,176,0
2,5,118,1,176,0
2,-2,153,1,176,0
-2,2,171,1,176,0
-4,5,8,1,176,0
-2,-4,14,1,176,0
8,-1,33,1,176,0
1,5,41,1,176,0
5,-2,48,1,176,0
7,-8,94,1,176,0
4,8,95,1,176,0
8,2,97,1,176,0
3,7,104,1,176,0
3,-6,109,1,176,0
2,6,111,1,176,0
7,1,112,1,176,0
6,0,114,1,176,0
6,-5,119,1,176,0
2,-3,143,1,176,0
-1,2,175,1,176,0
-1,-1,175,1,176,0
-4,6,14,1,176,0
-3,5,16,1,176,0
2,7,75,1,176,0
0,5,35,1,176,0
8,-2,43,1,176,0
5,-3,57,1,176,0
8,3,91,1,176,0
7,2,92,1,176,0
3,8,97,1,176,0
3,-7,106,1,176,0
6,-6,115,1,176,0
6,1,118,1,176,0
5,0,119,1,176,0
-1,3,126,1,176,0
2,-4,126,1,176,0
1,-1,162,1,176,0
-8,0,169,1,176,0
-2,-6,5,1,176,0
-4,7,24,1,176,0
-2,5,112,1,176,0
1,7,81,1,176,0
8,-3,47,1,176,0
8,4,79,1,176,0
7,3,84,1,176,0
3,-8,99,1,176,0
6,-7,109,1,176,0
-1,4,119,1,176,0
2,-5,119,1,176,0
5,1,125,1,176,0
5,-4,129,1,176,0
4,0,131,1,176,0
1,-2,151,1,176,0
-7,0,175,1,176,0
0,7,87,1,176,0
-4,8,23,1,176,0
-3,7,32,1,176,0
-1,-4,28,1,176,0
-1,5,113,1,176,0
7,-1,36,1,176,0
8,-4,62,1,176,0
8,5,77,1,176,0
7,4,83,1,176,0
6,3,83,1,176,0
5,2,86,1,176,0
-2,6,106,1,176,0
6,-8,102,1,176,0
2,-6,113,1,176,0
5,-5,124,1,176,0
4,1,128,1,176,0
1,-3,133,1,176,0
3,0,137,1,176,0
-6,0,159,1,176,0
5,3,11,1,177,0
-2,7,97,1,177,0
7,-2,37,1,177,0
-1,-5,36,1,177,0
8,6,65,1,177,0
7,5,72,1,177,0
8,-5,75,1,177,0
6,4,76,1,177,0
4,2,83,1,177,0
2,-7,98,1,177,0
5,-6,118,1,177,0
1,-4,122,1,177,0
4,-3,137,1,177,0
2,0,144,1,177,0
0,-1,159,1,177,0
-5,0,175,1,177,0
-1,7,94,1,177,0
-1,-6,12,1,177,0
6,5,29,1,177,0
7,-3,49,1,177,0
8,-6,63,1,177,0
8,7,64,1,177,0
7,6,69,1,177,0
5,4,73,1,177,0
3,2,75,1,177,0
3,-1,102,1,177,0
1,-5,115,1,177,0
0,-2,134,1,177,0
4,-4,134,1,177,0
1,0,149,1,177,0
-4,0,168,1,177,0
-3,-2,176,1,177,0
-1,8,4,1,177,0
4,4,16,1,177,0
6,6,37,1,177,0
6,-1,41,1,177,0
7,7,52,1,177,0
8,8,57,1,177,0
7,-4,64,1,177,0
5,5,69,1,177,0
3,3,74,1,177,0
8,-7,104,1,177,0
1,-6,109,1,177,0
4,-5,126,1,177,0
1,1,139,1,177,0
3,-2,146,1,177,0
-3,0,177,1,177,0
0,0,176,1,177,0
-3,-4,8,1,177,0
4,5,19,1,177,0
6,-2,46,1,177,0
7,8,56,1,177,0
6,7,57,1,177,0
5,6,61,1,177,0
3,4,67,1,177,0
4,-6,69,1,177,0
7,-5,82,1,177,0
8,-8,97,1,177,0
1,-7,102,1,177,0
1,2,138,1,177,0
3,-3,143,1,177,0
0,1,145,1,177,0
-2,0,168,1,177,0
-2,-1,175,1,177,0
0,-5,44,1,177,0
6,8,53,1,177,0
3,5,59,1,177,0
4,6,59,1,177,0
5,7,86,1,177,0
8,0,102,1,177,0
7,-6,112,1,177,0
2,4,124,1,177,0
1,3,131,1,177,0
3,-4,134,1,177,0
2,-1,154,1,177,0
-2,1,169,1,177,0
-1,0,176,1,177,0
-2,-2,176,1,177,0
-5,5,3,1,177,0
9,2,3,1,177,0
0,-6,18,1,177,0
6,-4,64,1,177,0
5,8,83,1,177,0
3,-5,86,1,177,0
4,7,89,1,177,0
8,1,106,1,177,0
7,-7,106,1,177,0
3,6,108,1,177,0
7,0,108,1,177,0
2,5,118,1,177,0
2,-2,153,1,177,0
-2,2,171,1,177,0
-4,5,8,1,177,0
-2,-4,14,1,177,0
8,-1,33,1,177,0
1,5,41,1,177,0
5,-2,48,1,177,0
7,-8,94,1,177,0
4,8,95,1,177,0
8,2,97,1,177,0
3,7,104,1,177,0
3,-6,109,1,177,0
2,6,111,1,177,0
7,1,112,1,177,0
6,0,114,1,177,0
6,-5,119,1,177,0
2,-3,143,1,177,0
-1,2,176,1,177,0
-1,-1,176,1,177,0
-4,6,14,1,177,0
-3,5,16,1,177,0
2,7,75,1,177,0
0,5,35,1,177,0
8,-2,43,1,177,0
5,-3,57,1,177,0
8,3,91,1,177,0
7,2,92,1,177,0
3,8,97,1,177,0
3,-7,106,1,177,0
6,-6,115,1,177,0
6,1,118,1,177,0
5,0,119,1,177,0
-1,3,126,1,177,0
2,-4,126,1,177,0
1,-1,162,1,177,0
-8,0,169,1,177,0
-2,-6,5,1,177,0
-4,7,24,1,177,0
-2,5,112,1,177,0
1,7,81,1,177,0
8,-3,47,1,177,0
8,4,79,1,177,0
7,3,84,1,177,0
3,-8,99,1,177,0
6,-7,109,1,177,0
-1,4,119,1,177,0
2,-5,119,1,177,0
5,1,125,1,177,0
5,-4,129,1,177,0
4,0,131,1,177,0
1,-2,151,1,177,0
-7,0,175,1,177,0
0,7,87,1,177,0
-4,8,23,1,177,0
-3,7,32,1,177,0
-1,-4,28,1,177,0
-1,5,113,1,177,0
7,-1,36,1,177,0
8,-4,62,1,177,0
8,5,77,1,177,0
7,4,83,1,177,0
6,3,83,1,177,0
5,2,86,1,177,0
-2,6,106,1,177,0
6,-8,102,1,177,0
2,-6,113,1,177,0
5,-5,124,1,177,0
4,1,128,1,177,0
1,-3,133,1,177,0
3,0,137,1,177,0
-6,0,176,1,177,0
5,3,11,1,178,0
-2,7,97,1,178,0
7,-2,37,1,178,0
-1,-5,36,1,178,0
8,6,65,1,178,0
7,5,72,1,178,0
8,-5,75,1,178,0
6,4,76,1,178,0
4,2,83,1,178,0
2,-7,98,1,178,0
5,-6,118,1,178,0
1,-4,122,1,178,0
4,-3,137,1,178,0
2,0,144,1,178,0
0,-1,159,1,178,0
-5,0,175,1,178,0
-1,7,94,1,178,0
-1,-6,12,1,178,0
6,5,29,1,178,0
7,-3,49,1,178,0
8,-6,63,1,178,0
8,7,64,1,178,0
7,6,69,1,178,0
5,4,73,1,178,0
3,2,75,1,178,0
3,-1,102,1,178,0
1,-5,115,1,178,0
0,-2,134,1,178,0
4,-4,134,1,178,0
1,0,149,1,178,0
-4,0,178,1,178,0
-3,-2,177,1,178,0
-1,8,4,1,178,0
4,4,16,1,178,0
6,6,37,1,178,0
6,-1,41,1,178,0
7,7,52,1,178,0
8,8,57,1,178,0
7,-4,64,1,178,0
5,5,69,1,178,0
3,3,74,1,178,0
8,-7,104,1,178,0
1,-6,109,1,178,0
4,-5,126,1,178,0
1,1,139,1,178,0
3,-2,146,1,178,0
-3,0,177,1,178,0
0,0,177,1,178,0
-3,-4,8,1,178,0
4,5,19,1,178,0
6,-2,46,1,178,0
7,8,56,1,178,0
6,7,57,1,178,0
5,6,61,1,178,0
3,4,67,1,178,0
4,-6,69,1,178,0
7,-5,82,1,178,0
8,-8,97,1,178,0
1,-7,102,1,178,0
1,2,138,1,178,0
3,-3,143,1,178,0
0,1,145,1,178,0
-2,0,168,1,178,0
-2,-1,175,1,178,0
0,-5,44,1,178,0
6,8,53,1,178,0
3,5,59,1,178,0
4,6,59,1,178,0
5,7,86,1,178,0
8,0,102,1,178,0
7,-6,112,1,178,0
2,4,124,1,178,0
1,3,131,1,178,0
3,-4,134,1,178,0
2,-1,154,1,178,0
-2,1,169,1,178,0
-1,0,177,1,178,0
-2,-2,177,1,178,0
-5,5,3,1,178,0
9,2,3,1,178,0
0,-6,18,1,178,0
6,-4,64,1,178,0
5,8,83,1,178,0
3,-5,86,1,178,0
4,7,89,1,178,0
8,1,106,1,178,0
7,-7,106,1,178,0
3,6,108,1,178,0
7,0,108,1,178,0
2,5,118,1,178,0
2,-2,153,1,178,0
-2,2,171,1,178,0
-4,5,8,1,178,0
-2,-4,14,1,178,0
8,-1,33,1,178,0
1,5,41,1,178,0
5,-2,48,1,178,0
7,-8,94,1,178,0
4,8,95,1,178,0
8,2,97,1,178,0
3,7,104,1,178,0
3,-6,109,1,178,0
2,6,111,1,178,0
7,1,112,1,178,0
6,0,114,1,178,0
6,-5,119,1,178,0
2,-3,143,1,178,0
-1,-1,176,1,178,0
-1,2,177,1,178,0
-4,6,14,1,178,0
-3,5,16,1,178,0
2,7,75,1,178,0
0,5,35,1,178,0
8,-2,43,1,178,0
5,-3,57,1,178,0
8,3,91,1,178,0
7,2,92,1,178,0
3,8,97,1,178,0
3,-7,106,1,178,0
6,-6,115,1,178,0
6,1,118,1,178,0
5,0,119,1,178,0
-1,3,126,1,178,0
2,-4,126,1,178,0
1,-1,162,1,178,0
-8,0,169,1,178,0
-1,-2,177,1,178,0
-2,-6,5,1,178,0
-4,7,24,1,178,0
-2,5,112,1,178,0
1,7,81,1,178,0
8,-3,47,1,178,0
8,4,79,1,178,0
7,3,84,1,178,0
3,-8,99,1,178,0
6,-7,109,1,178,0
-1,4,119,1,178,0
2,-5,119,1,178,0
5,1,125,1,178,0
5,-4,129,1,178,0
4,0,131,1,178,0
1,-2,151,1,178,0
-7,0,175,1,178,0
0,7,87,1,178,0
-4,8,23,1,178,0
-3,7,32,1,178,0
-1,-4,28,1,178,0
-1,5,113,1,178,0
7,-1,36,1,178,0
8,-4,62,1,178,0
8,5,77,1,178,0
7,4,83,1,178,0
6,3,83,1,178,0
5,2,86,1,178,0
-2,6,106,1,178,0
6,-8,102,1,178,0
2,-6,113,1,178,0
5,-5,124,1,178,0
4,1,128,1,178,0
1,-3,133,1,178,0
3,0,137,1,178,0
-6,0,177,1,178,0
5,3,11,1,179,0
-2,7,97,1,179,0
7,-2,37,1,179,0
-1,-5,36,1,179,0
8,6,65,1,179,0
7,5,72,1,179,0
8,-5,75,1,179,0
6,4,76,1,179,0
4,2,83,1,179,0
2,-7,98,1,179,0
5,-6,118,1,179,0
1,-4,122,1,179,0
4,-3,137,1,179,0
2,0,144,1,179,0
0,-1,159,1,179,0
-5,0,175,1,179,0
-1,7,94,1,179,0
-1,-6,12,1,179,0
6,5,29,1,179,0
7,-3,49,1,179,0
8,-6,63,1,179,0
8,7,64,1,179,0
7,6,69,1,179,0
5,4,73,1,179,0
3,2,75,1,179,0
3,-1,102,1,179,0
1,-5,115,1,179,0
0,-2,134,1,179,0
4,-4,134,1,179,0
1,0,149,1,179,0
-4,0,179,1,179,0
-3,-2,178,1,179,0
-1,8,4,1,179,0
4,4,16,1,179,0
6,6,37,1,179,0
6,-1,41,1,179,0
7,7,52,1,179,0
8,8,57,1,179,0
7,-4,64,1,179,0
5,5,69,1,179,0
3,3,74,1,179,0
8,-7,104,1,179,0
1,-6,109,1,179,0
4,-5,126,1,179,0
1,1,139,1,179,0
3,-2,146,1,179,0
-3,0,177,1,179,0
0,0,177,1,179,0
-3,-4,8,1,179,0
4,5,19,1,179,0
6,-2,46,1,179,0
7,8,56,1,179,0
6,7,57,1,179,0
5,6,61,1,179,0
3,4,67,1,179,0
4,-6,69,1,179,0
7,-5,82,1,179,0
8,-8,97,1,179,0
1,-7,102,1,179,0
1,2,138,1,179,0
3,-3,143,1,179,0
0,1,145,1,179,0
-2,0,168,1,179,0
-2,-1,175,1,179,0
0,-5,44,1,179,0
6,8,53,1,179,0
3,5,59,1,179,0
4,6,59,1,179,0
5,7,86,1,179,0
8,0,102,1,179,0
7,-6,112,1,179,0
2,4,124,1,179,0
1,3,131,1,179,0
3,-4,134,1,179,0
2,-1,154,1,179,0
-2,1,169,1,179,0
-1,0,178,1,179,0
-2,-2,178,1,179,0
-5,5,3,1,179,0
9,2,3,1,179,0
0,-6,18,1,179,0
6,-4,64,1,179,0
5,8,83,1,179,0
3,-5,86,1,179,0
4,7,89,1,179,0
8,1,106,1,179,0
7,-7,106,1,179,0
3,6,108,1,179,0
7,0,108,1,179,0
2,5,118,1,179,0
2,-2,153,1,179,0
-2,2,171,1,179,0
-1,1,178,1,179,0
-4,5,8,1,179,0
-2,-4,14,1,179,0
8,-1,33,1,179,0
1,5,41,1,179,0
5,-2,48,1,179,0
7,-8,94,1,179,0
4,8,95,1,179,0
8,2,97,1,179,0
3,7,104,1,179,0
3,-6,109,1,179,0
2,6,111,1,179,0
7,1,112,1,179,0
6,0,114,1,179,0
6,-5,119,1,179,0
2,-3,143,1,179,0
-1,-1,176,1,179,0
-1,2,178,1,179,0
-4,6,14,1,179,0
-3,5,16,1,179,0
2,7,75,1,179,0
0,5,35,1,179,0
8,-2,43,1,179,0
5,-3,57,1,179,0
8,3,91,1,179,0
7,2,92,1,179,0
3,8,97,1,179,0
3,-7,106,1,179,0
6,-6,115,1,179,0
6,1,118,1,179,0
5,0,119,1,179,0
-1,3,126,1,179,0
2,-4,126,1,179,0
1,-1,162,1,179,0
-8,0,169,1,179,0
-1,-2,178,1,179,0
-2,-6,5,1,179,0
-4,7,24,1,179,0
-2,5,112,1,179,0
1,7,81,1,179,0
8,-3,47,1,179,0
8,4,79,1,179,0
7,3,84,1,179,0
3,-8,99,1,179,0
6,-7,109,1,179,0
-1,4,119,1,179,0
2,-5,119,1,179,0
5,1,125,1,179,0
5,-4,129,1,179,0
4,0,131,1,179,0
1,-2,151,1,179,0
-7,0,175,1,179,0
0,7,87,1,179,0
-4,8,23,1,179,0
-3,7,32,1,179,0
-1,-4,28,1,179,0
-1,5,113,1,179,0
7,-1,36,1,179,0
8,-4,62,1,179,0
8,5,77,1,179,0
7,4,83,1,179,0
6,3,83,1,179,0
5,2,86,1,179,0
-2,6,106,1,179,0
6,-8,102,1,179,0
2,-6,113,1,179,0
5,-5,124,1,179,0
4,1,128,1,179,0
1,-3,133,1,179,0
3,0,137,1,179,0
-6,0,178,1,179,0
5,3,11,1,180,0
-2,7,97,1,180,0
7,-2,37,1,180,0
-1,-5,36,1,180,0
8,6,65,1,180,0
7,5,72,1,180,0
8,-5,75,1,180,0
6,4,76,1,180,0
4,2,83,1,180,0
2,-7,98,1,180,0
5,-6,118,1,180,0
1,-4,122,1,180,0
4,-3,137,1,180,0
2,0,144,1,180,0
0,-1,159,1,180,0
-5,0,175,1,180,0
-1,7,94,1,180,0
-1,-6,12,1,180,0
6,5,29,1,180,0
7,-3,49,1,180,0
8,-6,63,1,180,0
8,7,64,1,180,0
7,6,69,1,180,0
5,4,73,1,180,0
3,2,75,1,180,0
3,-1,102,1,180,0
1,-5,115,1,180,0
0,-2,134,1,180,0
4,-4,134,1,180,0
1,0,149,1,180,0
-4,0,179,1,180,0
-3,-2,179,1,180,0
-1,8,4,1,180,0
4,4,16,1,180,0
6,6,37,1,180,0
6,-1,41,1,180,0
7,7,52,1,180,0
8,8,57,1,180,0
7,-4,64,1,180,0
5,5,69,1,180,0
3,3,74,1,180,0
8,-7,104,1,180,0
1,-6,109,1,180,0
4,-5,126,1,180,0
1,1,139,1,180,0
3,-2,146,1,180,0
-3,0,177,1,180,0
0,0,177,1,180,0
-3,-4,8,1,180,0
4,5,19,1,180,0
6,-2,46,1,180,0
7,8,56,1,180,0
6,7,57,1,180,0
5,6,61,1,180,0
3,4,67,1,180,0
4,-6,69,1,180,0
7,-5,82,1,180,0
8,-8,97,1,180,0
1,-7,102,1,180,0
1,2,138,1,180,0
3,-3,143,1,180,0
0,1,145,1,180,0
-2,0,168,1,180,0
-2,-1,175,1,180,0
0,-5,44,1,180,0
6,8,53,1,180,0
3,5,59,1,180,0
4,6,59,1,180,0
5,7,86,1,180,0
8,0,102,1,180,0
7,-6,112,1,180,0
2,4,124,1,180,0
1,3,131,1,180,0
3,-4,134,1,180,0
2,-1,154,1,180,0
-2,1,169,1,180,0
-1,0,179,1,180,0
-2,-2,179,1,180,0
-5,5,3,1,180,0
9,2,3,1,180,0
0,-6,18,1,180,0
6,-4,64,1,180,0
5,8,83,1,180,0
3,-5,86,1,180,0
4,7,89,1,180,0
8,1,106,1,180,0
7,-7,106,1,180,0
3,6,108,1,180,0
7,0,108,1,180,0
2,5,118,1,180,0
2,-2,153,1,180,0
-2,2,171,1,180,0
-1,1,179,1,180,0
-4,5,8,1,180,0
-2,-4,14,1,180,0
8,-1,33,1,180,0
1,5,41,1,180,0
5,-2,48,1,180,0
7,-8,94,1,180,0
4,8,95,1,180,0
8,2,97,1,180,0
3,7,104,1,180,0
3,-6,109,1,180,0
2,6,111,1,180,0
7,1,112,1,180,0
6,0,114,1,180,0
6,-5,119,1,180,0
2,-3,143,1,180,0
-1,-1,176,1,180,0
-1,2,179,1,180,0
-4,6,14,1,180,0
-3,5,16,1,180,0
2,7,75,1,180,0
0,5,35,1,180,0
8,-2,43,1,180,0
5,-3,57,1,180,0
8,3,91,1,180,0
7,2,92,1,180,0
3,8,97,1,180,0
3,-7,106,1,180,0
6,-6,115,1,180,0
6,1,118,1,180,0
5,0,119,1,180,0
-1,3,126,1,180,0
2,-4,126,1,180,0
1,-1,162,1,180,0
-8,0,169,1,180,0
-1,-2,179,1,180,0
-2,-6,5,1,180,0
-4,7,24,1,180,0
-2,5,112,1,180,0
1,7,81,1,180,0
8,-3,47,1,180,0
8,4,79,1,180,0
7,3,84,1,180,0
3,-8,99,1,180,0
6,-7,109,1,180,0
-1,4,119,1,180,0
2,-5,119,1,180,0
5,1,125,1,180,0
5,-4,129,1,180,0
4,0,131,1,180,0
1,-2,151,1,180,0
-7,0,175,1,180,0
0,7,87,1,180,0
-4,8,23,1,180,0
-3,7,32,1,180,0
-1,-4,28,1,180,0
-1,5,113,1,180,0
7,-1,36,1,180,0
8,-4,62,1,180,0
8,5,77,1,180,0
7,4,83,1,180,0
6,3,83,1,180,0
5,2,86,1,180,0
-2,6,106,1,180,0
6,-8,102,1,180,0
2,-6,113,1,180,0
5,-5,124,1,180,0
4,1,128,1,180,0
1,-3,133,1,180,0
3,0,137,1,180,0
-6,0,179,1,180,0
5,3,11,1,181,0
-2,7,97,1,181,0
7,-2,37,1,181,0
-1,-5,36,1,181,0
8,6,65,1,181,0
7,5,72,1,181,0
8,-5,75,1,181,0
6,4,76,1,181,0
4,2,83,1,181,0
2,-7,98,1,181,0
5,-6,118,1,181,0
1,-4,122,1,181,0
4,-3,137,1,181,0
2,0,144,1,181,0
0,-1,159,1,181,0
-5,0,175,1,181,0
-1,7,94,1,181,0
-1,-6,12,1,181,0
6,5,29,1,181,0
7,-3,49,1,181,0
8,-6,63,1,181,0
8,7,64,1,181,0
7,6,69,1,181,0
5,4,73,1,181,0
3,2,75,1,181,0
3,-1,102,1,181,0
1,-5,115,1,181,0
0,-2,134,1,181,0
4,-4,134,1,181,0
1,0,149,1,181,0
-4,0,181,1,181,0
-3,-2,179,1,181,0
-1,8,4,1,181,0
4,4,16,1,181,0
6,6,37,1,181,0
6,-1,41,1,181,0
7,7,52,1,181,0
8,8,57,1,181,0
7,-4,64,1,181,0
5,5,69,1,181,0
3,3,74,1,181,0
8,-7,104,1,181,0
1,-6,109,1,181,0
4,-5,126,1,181,0
1,1,139,1,181,0
3,-2,146,1,181,0
-3,0,177,1,181,0
0,0,177,1,181,0
-3,-4,8,1,181,0
4,5,19,1,181,0
6,-2,46,1,181,0
7,8,56,1,181,0
6,7,57,1,181,0
5,6,61,1,181,0
3,4,67,1,181,0
4,-6,69,1,181,0
7,-5,82,1,181,0
8,-8,97,1,181,0
1,-7,102,1,181,0
1,2,138,1,181,0
3,-3,143,1,181,0
0,1,145,1,181,0
-2,0,168,1,181,0
-2,-1,175,1,181,0
0,-5,44,1,181,0
6,8,53,1,181,0
3,5,59,1,181,0
4,6,59,1,181,0
5,7,86,1,181,0
8,0,102,1,181,0
7,-6,112,1,181,0
2,4,124,1,181,0
1,3,131,1,181,0
3,-4,134,1,181,0
2,-1,154,1,181,0
-2,1,169,1,181,0
-2,-2,179,1,181,0
-1,0,179,1,181,0
-5,5,3,1,181,0
9,2,3,1,181,0
0,-6,18,1,181,0
6,-4,64,1,181,0
5,8,83,1,181,0
3,-5,86,1,181,0
4,7,89,1,181,0
8,1,106,1,181,0
7,-7,106,1,181,0
3,6,108,1,181,0
7,0,108,1,181,0
2,5,118,1,181,0
2,-2,153,1,181,0
-2,2,171,1,181,0
-1,1,179,1,181,0
-4,5,8,1,181,0
-2,-4,14,1,181,0
8,-1,33,1,181,0
1,5,41,1,181,0
5,-2,48,1,181,0
7,-8,94,1,181,0
4,8,95,1,181,0
8,2,97,1,181,0
3,7,104,1,181,0
3,-6,109,1,181,0
2,6,111,1,181,0
7,1,112,1,181,0
6,0,114,1,181,0
6,-5,119,1,181,0
2,-3,143,1,181,0
-1,-1,176,1,181,0
-1,2,179,1,181,0
-4,6,14,1,181,0
-3,5,16,1,181,0
2,7,75,1,181,0
0,5,35,1,181,0
8,-2,43,1,181,0
5,-3,57,1,181,0
8,3,91,1,181,0
7,2,92,1,181,0
3,8,97,1,181,0
3,-7,106,1,181,0
6,-6,115,1,181,0
6,1,118,1,181,0
5,0,119,1,181,0
-1,3,126,1,181,0
2,-4,126,1,181,0
1,-1,162,1,181,0
-8,0,169,1,181,0
-1,-2,179,1,181,0
-2,-6,5,1,181,0
-4,7,24,1,181,0
-2,5,112,1,181,0
1,7,81,1,181,0
8,-3,47,1,181,0
8,4,79,1,181,0
7,3,84,1,181,0
3,-8,99,1,181,0
6,-7,109,1,181,0
-1,4,119,1,181,0
2,-5,119,1,181,0
5,1,125,1,181,0
5,-4,129,1,181,0
4,0,131,1,181,0
1,-2,151,1,181,0
-7,0,175,1,181,0
0,7,87,1,181,0
-4,8,23,1,181,0
-3,7,32,1,181,0
-1,-4,28,1,181,0
-1,5,113,1,181,0
7,-1,36,1,181,0
8,-4,62,1,181,0
8,5,77,1,181,0
7,4,83,1,181,0
6,3,83,1,181,0
5,2,86,1,181,0
-2,6,106,1,181,0
6,-8,102,1,181,0
2,-6,113,1,181,0
5,-5,124,1,181,0
4,1,128,1,181,0
1,-3,133,1,181,0
3,0,137,1,181,0
-6,0,179,1,181,0
5,3,11,1,182,0
-2,7,97,1,182,0
7,-2,37,1,182,0
-1,-5,36,1,182,0
8,6,65,1,182,0
7,5,72,1,182,0
8,-5,75,1,182,0
6,4,76,1,182,0
4,2,83,1,182,0
2,-7,98,1,182,0
5,-6,118,1,182,0
1,-4,122,1,182,0
4,-3,137,1,182,0
2,0,144,1,182,0
0,-1,159,1,182,0
-5,0,181,1,182,0
-1,7,94,1,182,0
-1,-6,12,1,182,0
6,5,29,1,182,0
7,-3,49,1,182,0
8,-6,63,1,182,0
8,7,64,1,182,0
7,6,69,1,182,0
5,4,73,1,182,0
3,2,75,1,182,0
3,-1,102,1,182,0
1,-5,115,1,182,0
4,-4,134,1,182,0
1,0,149,1,182,0
-4,0,182,1,182,0
-3,-2,181,1,182,0
0,-2,181,1,182,0
-1,8,4,1,182,0
4,4,16,1,182,0
6,6,37,1,182,0
6,-1,41,1,182,0
7,7,52,1,182,0
8,8,57,1,182,0
7,-4,64,1,182,0
5,5,69,1,182,0
3,3,74,1,182,0
8,-7,104,1,182,0
1,-6,109,1,182,0
4,-5,126,1,182,0
1,1,139,1,182,0
3,-2,146,1,182,0
-3,0,177,1,182,0
0,0,177,1,182,0
-3,-4,8,1,182,0
4,5,19,1,182,0
6,-2,46,1,182,0
7,8,56,1,182,0
6,7,57,1,182,0
5,6,61,1,182,0
3,4,67,1,182,0
4,-6,69,1,182,0
7,-5,82,1,182,0
8,-8,97,1,182,0
1,-7,102,1,182,0
1,2,138,1,182,0
3,-3,143,1,182,0
-2,0,168,1,182,0
-2,-1,175,1,182,0
0,1,181,1,182,0
0,-5,44,1,182,0
6,8,53,1,182,0
3,5,59,1,182,0
4,6,59,1,182,0
5,7,86,1,182,0
8,0,102,1,182,0
7,-6,112,1,182,0
2,4,124,1,182,0
1,3,131,1,182,0
3,-4,134,1,182,0
2,-1,154,1,182,0
-2,1,169,1,182,0
-2,-2,181,1,182,0
-1,0,179,1,182,0
-5,5,3,1,182,0
9,2,3,1,182,0
0,-6,18,1,182,0
6,-4,64,1,182,0
5,8,83,1,182,0
3,-5,86,1,182,0
4,7,89,1,182,0
8,1,106,1,182,0
7,-7,106,1,182,0
3,6,108,1,182,0
7,0,108,1,182,0
2,5,118,1,182,0
2,-2,153,1,182,0
-2,2,171,1,182,0
-1,1,181,1,182,0
-4,5,8,1,182,0
-2,-4,14,1,182,0
8,-1,33,1,182,0
1,5,41,1,182,0
5,-2,48,1,182,0
7,-8,94,1,182,0
4,8,95,1,182,0
8,2,97,1,182,0
3,7,104,1,182,0
3,-6,109,1,182,0
2,6,111,1,182,0
7,1,112,1,182,0
6,0,114,1,182,0
6,-5,119,1,182,0
2,-3,143,1,182,0
-1,-1,176,1,182,0
-1,2,181,1,182,0
-4,6,14,1,182,0
-3,5,16,1,182,0
2,7,75,1,182,0
0,5,35,1,182,0
8,-2,43,1,182,0
5,-3,57,1,182,0
8,3,91,1,182,0
7,2,92,1,182,0
3,8,97,1,182,0
3,-7,106,1,182,0
6,-6,115,1,182,0
6,1,118,1,182,0
5,0,119,1,182,0
-1,3,126,1,182,0
2,-4,126,1,182,0
1,-1,162,1,182,0
-8,0,169,1,182,0
-1,-2,179,1,182,0
-2,-6,5,1,182,0
-4,7,24,1,182,0
-2,5,112,1,182,0
1,7,81,1,182,0
8,-3,47,1,182,0
8,4,79,1,182,0
7,3,84,1,182,0
3,-8,99,1,182,0
6,-7,109,1,182,0
-1,4,119,1,182,0
2,-5,119,1,182,0
5,1,125,1,182,0
5,-4,129,1,182,0
4,0,131,1,182,0
1,-2,151,1,182,0
-7,0,175,1,182,0
0,7,87,1,182,0
-4,8,23,1,182,0
-3,7,32,1,182,0
-1,-4,28,1,182,0
-1,5,113,1,182,0
7,-1,36,1,182,0
8,-4,62,1,182,0
8,5,77,1,182,0
7,4,83,1,182,0
6,3,83,1,182,0
5,2,86,1,182,0
-2,6,106,1,182,0
6,-8,102,1,182,0
2,-6,113,1,182,0
5,-5,124,1,182,0
4,1,128,1,182,0
1,-3,133,1,182,0
3,0,137,1,182,0
-6,0,181,1,182,0
5,3,11,1,183,0
-2,7,97,1,183,0
7,-2,37,1,183,0
-1,-5,36,1,183,0
8,6,65,1,183,0
7,5,72,1,183,0
8,-5,75,1,183,0
6,4,76,1,183,0
4,2,83,1,183,0
2,-7,98,1,183,0
5,-6,118,1,183,0
1,-4,122,1,183,0
4,-3,137,1,183,0
2,0,144,1,183,0
0,-1,159,1,183,0
-5,0,182,1,183,0
-1,7,94,1,183,0
-1,-6,12,1,183,0
6,5,29,1,183,0
7,-3,49,1,183,0
8,-6,63,1,183,0
8,7,64,1,183,0
7,6,69,1,183,0
5,4,73,1,183,0
3,2,75,1,183,0
3,-1,102,1,183,0
1,-5,115,1,183,0
4,-4,134,1,183,0
1,0,149,1,183,0
-4,0,183,1,183,0
-3,-2,182,1,183,0
0,-2,182,1,183,0
-1,8,4,1,183,0
4,4,16,1,183,0
6,6,37,1,183,0
6,-1,41,1,183,0
7,7,52,1,183,0
8,8,57,1,183,0
7,-4,64,1,183,0
5,5,69,1,183,0
3,3,74,1,183,0
8,-7,104,1,183,0
1,-6,109,1,183,0
4,-5,126,1,183,0
1,1,139,1,183,0
3,-2,146,1,183,0
-3,0,177,1,183,0
0,0,177,1,183,0
-3,-4,8,1,183,0
4,5,19,1,183,0
6,-2,46,1,183,0
7,8,56,1,183,0
6,7,57,1,183,0
5,6,61,1,183,0
3,4,67,1,183,0
4,-6,69,1,183,0
7,-5,82,1,183,0
8,-8,97,1,183,0
1,-7,102,1,183,0
1,2,138,1,183,0
3,-3,143,1,183,0
-2,0,168,1,183,0
-2,-1,175,1,183,0
0,1,182,1,183,0
0,-5,44,1,183,0
6,8,53,1,183,0
3,5,59,1,183,0
4,6,59,1,183,0
5,7,86,1,183,0
8,0,102,1,183,0
7,-6,112,1,183,0
2,4,124,1,183,0
1,3,131,1,183,0
3,-4,134,1,183,0
2,-1,154,1,183,0
-2,1,169,1,183,0
-2,-2,181,1,183,0
-1,0,179,1,183,0
-5,5,3,1,183,0
9,2,3,1,183,0
0,-6,18,1,183,0
6,-4,64,1,183,0
5,8,83,1,183,0
3,-5,86,1,183,0
4,7,89,1,183,0
8,1,106,1,183,0
7,-7,106,1,183,0
3,6,108,1,183,0
7,0,108,1,183,0
2,5,118,1,183,0
2,-2,153,1,183,0
-2,2,171,1,183,0
-1,1,182,1,183,0
-2,-3,182,1,183,0
-4,5,8,1,183,0
-2,-4,14,1,183,0
8,-1,33,1,183,0
1,5,41,1,183,0
5,-2,48,1,183,0
7,-8,94,1,183,0
4,8,95,1,183,0
8,2,97,1,183,0
3,7,104,1,183,0
3,-6,109,1,183,0
2,6,111,1,183,0
7,1,112,1,183,0
6,0,114,1,183,0
6,-5,119,1,183,0
2,-3,143,1,183,0
-1,-1,176,1,183,0
-1,2,182,1,183,0
-4,6,14,1,183,0
-3,5,16,1,183,0
2,7,75,1,183,0
0,5,35,1,183,0
8,-2,43,1,183,0
5,-3,57,1,183,0
8,3,91,1,183,0
7,2,92,1,183,0
3,8,97,1,183,0
3,-7,106,1,183,0
6,-6,115,1,183,0
6,1,118,1,183,0
5,0,119,1,183,0
-1,3,126,1,183,0
2,-4,126,1,183,0
1,-1,162,1,183,0
-8,0,169,1,183,0
-1,-2,179,1,183,0
-2,-6,5,1,183,0
-4,7,24,1,183,0
-2,5,112,1,183,0
1,7,81,1,183,0
8,-3,47,1,183,0
8,4,79,1,183,0
7,3,84,1,183,0
3,-8,99,1,183,0
6,-7,109,1,183,0
-1,4,119,1,183,0
2,-5,119,1,183,0
5,1,125,1,183,0
5,-4,129,1,183,0
4,0,131,1,183,0
1,-2,151,1,183,0
-7,0,175,1,183,0
0,7,87,1,183,0
-4,8,23,1,183,0
-3,7,32,1,183,0
-1,-4,28,1,183,0
-1,5,113,1,183,0
7,-1,36,1,183,0
8,-4,62,1,183,0
8,5,77,1,183,0
7,4,83,1,183,0
6,3,83,1,183,0
5,2,86,1,183,0
-2,6,106,1,183,0
6,-8,102,1,183,0
2,-6,113,1,183,0
5,-5,124,1,183,0
4,1,128,1,183,0
1,-3,133,1,183,0
3,0,137,1,183,0
-6,0,182,1,183,0
5,3,11,1,184,0
-2,7,97,1,184,0
7,-2,37,1,184,0
-1,-5,36,1,184,0
8,6,65,1,184,0
7,5,72,1,184,0
8,-5,75,1,184,0
6,4,76,1,184,0
4,2,83,1,184,0
2,-7,98,1,184,0
5,-6,118,1,184,0
1,-4,122,1,184,0
4,-3,137,1,184,0
2,0,144,1,184,0
0,-1,159,1,184,0
-5,0,183,1,184,0
-1,7,94,1,184,0
-1,-6,12,1,184,0
6,5,29,1,184,0
7,-3,49,1,184,0
8,-6,63,1,184,0
8,7,64,1,184,0
7,6,69,1,184,0
5,4,73,1,184,0
3,2,75,1,184,0
3,-1,102,1,184,0
1,-5,115,1,184,0
4,-4,134,1,184,0
1,0,149,1,184,0
-4,0,184,1,184,0
-3,-2,183,1,184,0
0,-2,183,1,184,0
-1,8,4,1,184,0
4,4,16,1,184,0
6,6,37,1,184,0
6,-1,41,1,184,0
7,7,52,1,184,0
8,8,57,1,184,0
7,-4,64,1,184,0
5,5,69,1,184,0
3,3,74,1,184,0
8,-7,104,1,184,0
1,-6,109,1,184,0
4,-5,126,1,184,0
1,1,139,1,184,0
3,-2,146,1,184,0
-3,0,177,1,184,0
0,0,177,1,184,0
-3,-4,8,1,184,0
4,5,19,1,184,0
6,-2,46,1,184,0
7,8,56,1,184,0
6,7,57,1,184,0
5,6,61,1,184,0
3,4,67,1,184,0
4,-6,69,1,184,0
7,-5,82,1,184,0
8,-8,97,1,184,0
1,-7,102,1,184,0
1,2,138,1,184,0
3,-3,143,1,184,0
-2,0,168,1,184,0
-2,-1,175,1,184,0
0,1,183,1,184,0
0,-5,44,1,184,0
6,8,53,1,184,0
3,5,59,1,184,0
4,6,59,1,184,0
5,7,86,1,184,0
8,0,102,1,184,0
7,-6,112,1,184,0
2,4,124,1,184,0
1,3,131,1,184,0
3,-4,134,1,184,0
2,-1,154,1,184,0
-2,1,169,1,184,0
-2,-2,181,1,184,0
-1,0,179,1,184,0
-5,5,3,1,184,0
9,2,3,1,184,0
0,-6,18,1,184,0
6,-4,64,1,184,0
5,8,83,1,184,0
3,-5,86,1,184,0
4,7,89,1,184,0
8,1,106,1,184,0
7,-7,106,1,184,0
3,6,108,1,184,0
7,0,108,1,184,0
2,5,118,1,184,0
2,-2,153,1,184,0
-2,2,171,1,184,0
0,3,183,1,184,0
-1,1,183,1,184,0
-2,-3,183,1,184,0
-4,5,8,1,184,0
-2,-4,14,1,184,0
8,-1,33,1,184,0
1,5,41,1,184,0
5,-2,48,1,184,0
7,-8,94,1,184,0
4,8,95,1,184,0
8,2,97,1,184,0
3,7,104,1,184,0
3,-6,109,1,184,0
2,6,111,1,184,0
7,1,112,1,184,0
6,0,114,1,184,0
6,-5,119,1,184,0
2,-3,143,1,184,0
-1,-1,176,1,184,0
-1,2,182,1,184,0
-4,6,14,1,184,0
-3,5,16,1,184,0
2,7,75,1,184,0
0,5,35,1,184,0
8,-2,43,1,184,0
5,-3,57,1,184,0
8,3,91,1,184,0
7,2,92,1,184,0
3,8,97,1,184,0
3,-7,106,1,184,0
6,-6,115,1,184,0
6,1,118,1,184,0
5,0,119,1,184,0
-1,3,126,1,184,0
2,-4,126,1,184,0
1,-1,162,1,184,0
-8,0,169,1,184,0
-1,-2,179,1,184,0
-2,-6,5,1,184,0
-4,7,24,1,184,0
-2,5,112,1,184,0
1,7,81,1,184,0
8,-3,47,1,184,0
8,4,79,1,184,0
7,3,84,1,184,0
3,-8,99,1,184,0
6,-7,109,1,184,0
-1,4,119,1,184,0
2,-5,119,1,184,0
5,1,125,1,184,0
5,-4,129,1,184,0
4,0,131,1,184,0
1,-2,151,1,184,0
-7,0,175,1,184,0
0,7,87,1,184,0
-4,8,23,1,184,0
-3,7,32,1,184,0
-1,-4,28,1,184,0
-1,5,113,1,184,0
7,-1,36,1,184,0
8,-4,62,1,184,0
8,5,77,1,184,0
7,4,83,1,184,0
6,3,83,1,184,0
5,2,86,1,184,0
-2,6,106,1,184,0
6,-8,102,1,184,0
2,-6,113,1,184,0
5,-5,124,1,184,0
4,1,128,1,184,0
1,-3,133,1,184,0
3,0,137,1,184,0
-6,0,182,1,184,0
5,3,11,1,185,0
-2,7,97,1,185,0
7,-2,37,1,185,0
-1,-5,36,1,185,0
8,6,65,1,185,0
7,5,72,1,185,0
8,-5,75,1,185,0
6,4,76,1,185,0
4,2,83,1,185,0
2,-7,98,1,185,0
5,-6,118,1,185,0
1,-4,122,1,185,0
4,-3,137,1,185,0
2,0,144,1,185,0
0,-1,159,1,185,0
-5,0,184,1,185,0
-1,7,94,1,185,0
-1,-6,12,1,185,0
6,5,29,1,185,0
7,-3,49,1,185,0
8,-6,63,1,185,0
8,7,64,1,185,0
7,6,69,1,185,0
5,4,73,1,185,0
3,2,75,1,185,0
3,-1,102,1,185,0
1,-5,115,1,185,0
4,-4,134,1,185,0
1,0,149,1,185,0
-4,0,185,1,185,0
-3,-2,183,1,185,0
0,-2,184,1,185,0
-1,8,4,1,185,0
4,4,16,1,185,0
6,6,37,1,185,0
6,-1,41,1,185,0
7,7,52,1,185,0
8,8,57,1,185,0
7,-4,64,1,185,0
5,5,69,1,185,0
3,3,74,1,185,0
8,-7,104,1,185,0
1,-6,109,1,185,0
4,-5,126,1,185,0
1,1,139,1,185,0
3,-2,146,1,185,0
-3,0,177,1,185,0
0,0,177,1,185,0
-3,-4,8,1,185,0
4,5,19,1,185,0
6,-2,46,1,185,0
7,8,56,1,185,0
6,7,57,1,185,0
5,6,61,1,185,0
3,4,67,1,185,0
4,-6,69,1,185,0
7,-5,82,1,185,0
8,-8,97,1,185,0
1,-7,102,1,185,0
1,2,138,1,185,0
3,-3,143,1,185,0
-2,0,168,1,185,0
-2,-1,175,1,185,0
0,1,184,1,185,0
0,-5,44,1,185,0
6,8,53,1,185,0
3,5,59,1,185,0
4,6,59,1,185,0
5,7,86,1,185,0
8,0,102,1,185,0
7,-6,112,1,185,0
2,4,124,1,185,0
1,3,131,1,185,0
3,-4,134,1,185,0
2,-1,154,1,185,0
-2,1,169,1,185,0
-2,-2,181,1,185,0
-1,0,179,1,185,0
-5,5,3,1,185,0
9,2,3,1,185,0
0,-6,18,1,185,0
6,-4,64,1,185,0
5,8,83,1,185,0
3,-5,86,1,185,0
4,7,89,1,185,0
8,1,106,1,185,0
7,-7,106,1,185,0
3,6,108,1,185,0
7,0,108,1,185,0
2,5,118,1,185,0
2,-2,153,1,185,0
-2,2,171,1,185,0
0,3,184,1,185,0
-1,1,184,1,185,0
-2,-3,184,1,185,0
-4,5,8,1,185,0
-2,-4,14,1,185,0
8,-1,33,1,185,0
1,5,41,1,185,0
5,-2,48,1,185,0
7,-8,94,1,185,0
4,8,95,1,185,0
8,2,97,1,185,0
3,7,104,1,185,0
3,-6,109,1,185,0
2,6,111,1,185,0
7,1,112,1,185,0
6,0,114,1,185,0
6,-5,119,1,185,0
2,-3,143,1,185,0
-1,-1,176,1,185,0
-1,2,182,1,185,0
-4,6,14,1,185,0
-3,5,16,1,185,0
2,7,75,1,185,0
0,5,35,1,185,0
8,-2,43,1,185,0
5,-3,57,1,185,0
8,3,91,1,185,0
7,2,92,1,185,0
3,8,97,1,185,0
3,-7,106,1,185,0
6,-6,115,1,185,0
6,1,118,1,185,0
5,0,119,1,185,0
-1,3,126,1,185,0
2,-4,126,1,185,0
1,-1,162,1,185,0
-8,0,169,1,185,0
-1,-2,179,1,185,0
-2,-6,5,1,185,0
-4,7,24,1,185,0
-2,5,112,1,185,0
1,7,81,1,185,0
8,-3,47,1,185,0
8,4,79,1,185,0
7,3,84,1,185,0
3,-8,99,1,185,0
6,-7,109,1,185,0
-1,4,119,1,185,0
2,-5,119,1,185,0
5,1,125,1,185,0
5,-4,129,1,185,0
4,0,131,1,185,0
1,-2,151,1,185,0
-7,0,175,1,185,0
-4,-2,184,1,185,0
0,7,87,1,185,0
-4,8,23,1,185,0
-3,7,32,1,185,0
-1,-4,28,1,185,0
-1,5,113,1,185,0
7,-1,36,1,185,0
8,-4,62,1,185,0
8,5,77,1,185,0
7,4,83,1,185,0
6,3,83,1,185,0
5,2,86,1,185,0
-2,6,106,1,185,0
6,-8,102,1,185,0
2,-6,113,1,185,0
5,-5,124,1,185,0
4,1,128,1,185,0
1,-3,133,1,185,0
3,0,137,1,185,0
-6,0,182,1,185,0
5,3,11,1,186,0
-2,7,97,1,186,0
7,-2,37,1,186,0
-1,-5,36,1,186,0
8,6,65,1,186,0
7,5,72,1,186,0
8,-5,75,1,186,0
6,4,76,1,186,0
4,2,83,1,186,0
2,-7,98,1,186,0
5,-6,118,1,186,0
1,-4,122,1,186,0
4,-3,137,1,186,0
2,0,144,1,186,0
0,-1,159,1,186,0
-5,0,185,1,186,0
-1,7,94,1,186,0
-1,-6,12,1,186,0
6,5,29,1,186,0
7,-3,49,1,186,0
8,-6,63,1,186,0
8,7,64,1,186,0
7,6,69,1,186,0
5,4,73,1,186,0
3,2,75,1,186,0
3,-1,102,1,186,0
1,-5,115,1,186,0
4,-4,134,1,186,0
1,0,149,1,186,0
-4,0,186,1,186,0
-3,-2,183,1,186,0
0,-2,184,1,186,0
-1,8,4,1,186,0
4,4,16,1,186,0
6,6,37,1,186,0
6,-1,41,1,186,0
7,7,52,1,186,0
8,8,57,1,186,0
7,-4,64,1,186,0
5,5,69,1,186,0
3,3,74,1,186,0
8,-7,104,1,186,0
1,-6,109,1,186,0
4,-5,126,1,186,0
1,1,139,1,186,0
3,-2,146,1,186,0
-3,0,177,1,186,0
0,0,177,1,186,0
0,-3,185,1,186,0
-3,-4,8,1,186,0
4,5,19,1,186,0
6,-2,46,1,186,0
7,8,56,1,186,0
6,7,57,1,186,0
5,6,61,1,186,0
3,4,67,1,186,0
4,-6,69,1,186,0
7,-5,82,1,186,0
8,-8,97,1,186,0
1,-7,102,1,186,0
1,2,138,1,186,0
3,-3,143,1,186,0
-2,0,168,1,186,0
-2,-1,175,1,186,0
0,1,185,1,186,0
0,-5,44,1,186,0
6,8,53,1,186,0
3,5,59,1,186,0
4,6,59,1,186,0
5,7,86,1,186,0
8,0,102,1,186,0
7,-6,112,1,186,0
2,4,124,1,186,0
1,3,131,1,186,0
3,-4,134,1,186,0
2,-1,154,1,186,0
-2,1,169,1,186,0
-2,-2,181,1,186,0
-1,0,179,1,186,0
-5,5,3,1,186,0
9,2,3,1,186,0
0,-6,18,1,186,0
6,-4,64,1,186,0
5,8,83,1,186,0
3,-5,86,1,186,0
4,7,89,1,186,0
8,1,106,1,186,0
7,-7,106,1,186,0
3,6,108,1,186,0
7,0,108,1,186,0
2,5,118,1,186,0
2,-2,153,1,186,0
-2,2,171,1,186,0
0,3,185,1,186,0
-1,1,185,1,186,0
-2,-3,185,1,186,0
-4,5,8,1,186,0
-2,-4,14,1,186,0
8,-1,33,1,186,0
1,5,41,1,186,0
5,-2,48,1,186,0
7,-8,94,1,186,0
4,8,95,1,186,0
8,2,97,1,186,0
3,7,104,1,186,0
3,-6,109,1,186,0
2,6,111,1,186,0
7,1,112,1,186,0
6,0,114,1,186,0
6,-5,119,1,186,0
2,-3,143,1,186,0
-1,-1,176,1,186,0
-1,2,182,1,186,0
-4,6,14,1,186,0
-3,5,16,1,186,0
2,7,75,1,186,0
0,5,35,1,186,0
8,-2,43,1,186,0
5,-3,57,1,186,0
8,3,91,1,186,0
7,2,92,1,186,0
3,8,97,1,186,0
3,-7,106,1,186,0
6,-6,115,1,186,0
6,1,118,1,186,0
5,0,119,1,186,0
-1,3,126,1,186,0
2,-4,126,1,186,0
1,-1,162,1,186,0
-8,0,169,1,186,0
-1,-2,179,1,186,0
-2,-6,5,1,186,0
-4,7,24,1,186,0
-2,5,112,1,186,0
1,7,81,1,186,0
8,-3,47,1,186,0
8,4,79,1,186,0
7,3,84,1,186,0
3,-8,99,1,186,0
6,-7,109,1,186,0
-1,4,119,1,186,0
2,-5,119,1,186,0
5,1,125,1,186,0
5,-4,129,1,186,0
4,0,131,1,186,0
1,-2,151,1,186,0
-7,0,175,1,186,0
-4,-2,185,1,186,0
0,7,87,1,186,0
-4,8,23,1,186,0
-3,7,32,1,186,0
-1,-4,28,1,186,0
-1,5,113,1,186,0
7,-1,36,1,186,0
8,-4,62,1,186,0
8,5,77,1,186,0
7,4,83,1,186,0
6,3,83,1,186,0
5,2,86,1,186,0
-2,6,106,1,186,0
6,-8,102,1,186,0
2,-6,113,1,186,0
5,-5,124,1,186,0
4,1,128,1,186,0
1,-3,133,1,186,0
3,0,137,1,186,0
-6,0,182,1,186,0
5,3,11,1,187,0
-2,7,97,1,187,0
7,-2,37,1,187,0
-1,-5,36,1,187,0
8,6,65,1,187,0
7,5,72,1,187,0
8,-5,75,1,187,0
6,4,76,1,187,0
4,2,83,1,187,0
2,-7,98,1,187,0
5,-6,118,1,187,0
1,-4,122,1,187,0
4,-3,137,1,187,0
2,0,144,1,187,0
0,-1,159,1,187,0
-5,0,186,1,187,0
-1,7,94,1,187,0
-1,-6,12,1,187,0
6,5,29,1,187,0
7,-3,49,1,187,0
8,-6,63,1,187,0
8,7,64,1,187,0
7,6,69,1,187,0
5,4,73,1,187,0
3,2,75,1,187,0
3,-1,102,1,187,0
1,-5,115,1,187,0
4,-4,134,1,187,0
1,0,149,1,187,0
-4,0,187,1,187,0
-3,-2,183,1,187,0
0,-2,184,1,187,0
-1,8,4,1,187,0
4,4,16,1,187,0
6,6,37,1,187,0
6,-1,41,1,187,0
7,7,52,1,187,0
8,8,57,1,187,0
7,-4,64,1,187,0
5,5,69,1,187,0
3,3,74,1,187,0
8,-7,104,1,187,0
1,-6,109,1,187,0
4,-5,126,1,187,0
1,1,139,1,187,0
3,-2,146,1,187,0
-3,0,177,1,187,0
0,0,177,1,187,0
0,-3,186,1,187,0
-3,-4,8,1,187,0
4,5,19,1,187,0
6,-2,46,1,187,0
7,8,56,1,187,0
6,7,57,1,187,0
5,6,61,1,187,0
3,4,67,1,187,0
4,-6,69,1,187,0
7,-5,82,1,187,0
8,-8,97,1,187,0
1,-7,102,1,187,0
1,2,138,1,187,0
3,-3,143,1,187,0
-2,0,168,1,187,0
-2,-1,175,1,187,0
0,1,186,1,187,0
0,-5,44,1,187,0
6,8,53,1,187,0
3,5,59,1,187,0
4,6,59,1,187,0
5,7,86,1,187,0
8,0,102,1,187,0
7,-6,112,1,187,0
2,4,124,1,187,0
1,3,131,1,187,0
3,-4,134,1,187,0
2,-1,154,1,187,0
-2,1,169,1,187,0
-2,-2,181,1,187,0
-1,0,179,1,187,0
0,2,186,1,187,0
-5,5,3,1,187,0
9,2,3,1,187,0
0,-6,18,1,187,0
6,-4,64,1,187,0
5,8,83,1,187,0
3,-5,86,1,187,0
4,7,89,1,187,0
8,1,106,1,187,0
7,-7,106,1,187,0
3,6,108,1,187,0
7,0,108,1,187,0
2,5,118,1,187,0
2,-2,153,1,187,0
-2,2,171,1,187,0
-1,1,185,1,187,0
0,3,186,1,187,0
-2,-3,186,1,187,0
-4,5,8,1,187,0
-2,-4,14,1,187,0
8,-1,33,1,187,0
1,5,41,1,187,0
5,-2,48,1,187,0
7,-8,94,1,187,0
4,8,95,1,187,0
8,2,97,1,187,0
3,7,104,1,187,0
3,-6,109,1,187,0
2,6,111,1,187,0
7,1,112,1,187,0
6,0,114,1,187,0
6,-5,119,1,187,0
2,-3,143,1,187,0
-1,-1,176,1,187,0
-1,2,182,1,187,0
-4,6,14,1,187,0
-3,5,16,1,187,0
2,7,75,1,187,0
0,5,35,1,187,0
8,-2,43,1,187,0
5,-3,57,1,187,0
8,3,91,1,187,0
7,2,92,1,187,0
3,8,97,1,187,0
3,-7,106,1,187,0
6,-6,115,1,187,0
6,1,118,1,187,0
5,0,119,1,187,0
-1,3,126,1,187,0
2,-4,126,1,187,0
1,-1,162,1,187,0
-8,0,169,1,187,0
-1,-2,179,1,187,0
-2,-6,5,1,187,0
-4,7,24,1,187,0
-2,5,112,1,187,0
1,7,81,1,187,0
8,-3,47,1,187,0
8,4,79,1,187,0
7,3,84,1,187,0
3,-8,99,1,187,0
6,-7,109,1,187,0
-1,4,119,1,187,0
2,-5,119,1,187,0
5,1,125,1,187,0
5,-4,129,1,187,0
4,0,131,1,187,0
1,-2,151,1,187,0
-7,0,175,1,187,0
-4,-2,186,1,187,0
0,7,87,1,187,0
-4,8,23,1,187,0
-3,7,32,1,187,0
-1,-4,28,1,187,0
-1,5,113,1,187,0
7,-1,36,1,187,0
8,-4,62,1,187,0
8,5,77,1,187,0
7,4,83,1,187,0
6,3,83,1,187,0
5,2,86,1,187,0
-2,6,106,1,187,0
6,-8,102,1,187,0
2,-6,113,1,187,0
5,-5,124,1,187,0
4,1,128,1,187,0
1,-3,133,1,187,0
3,0,137,1,187,0
-6,0,182,1,187,0
5,3,11,1,188,0
-2,7,97,1,188,0
7,-2,37,1,188,0
-1,-5,36,1,188,0
8,6,65,1,188,0
7,5,72,1,188,0
8,-5,75,1,188,0
6,4,76,1,188,0
4,2,83,1,188,0
2,-7,98,1,188,0
5,-6,118,1,188,0
1,-4,122,1,188,0
4,-3,137,1,188,0
2,0,144,1,188,0
0,-1,159,1,188,0
-5,0,187,1,188,0
-1,7,94,1,188,0
-1,-6,12,1,188,0
6,5,29,1,188,0
7,-3,49,1,188,0
8,-6,63,1,188,0
8,7,64,1,188,0
7,6,69,1,188,0
5,4,73,1,188,0
3,2,75,1,188,0
3,-1,102,1,188,0
1,-5,115,1,188,0
4,-4,134,1,188,0
1,0,149,1,188,0
-4,0,188,1,188,0
-3,-2,183,1,188,0
0,-2,184,1,188,0
-1,8,4,1,188,0
4,4,16,1,188,0
6,6,37,1,188,0
6,-1,41,1,188,0
7,7,52,1,188,0
8,8,57,1,188,0
7,-4,64,1,188,0
5,5,69,1,188,0
3,3,74,1,188,0
8,-7,104,1,188,0
1,-6,109,1,188,0
4,-5,126,1,188,0
1,1,139,1,188,0
3,-2,146,1,188,0
-3,0,177,1,188,0
0,0,177,1,188,0
0,-3,187,1,188,0
-3,-4,8,1,188,0
4,5,19,1,188,0
6,-2,46,1,188,0
7,8,56,1,188,0
6,7,57,1,188,0
5,6,61,1,188,0
3,4,67,1,188,0
4,-6,69,1,188,0
7,-5,82,1,188,0
8,-8,97,1,188,0
1,-7,102,1,188,0
1,2,138,1,188,0
3,-3,143,1,188,0
-2,0,168,1,188,0
-2,-1,175,1,188,0
0,1,187,1,188,0
0,-5,44,1,188,0
6,8,53,1,188,0
3,5,59,1,188,0
4,6,59,1,188,0
5,7,86,1,188,0
8,0,102,1,188,0
7,-6,112,1,188,0
2,4,124,1,188,0
1,3,131,1,188,0
3,-4,134,1,188,0
2,-1,154,1,188,0
-2,1,169,1,188,0
-2,-2,181,1,188,0
-1,0,179,1,188,0
0,2,187,1,188,0
-5,5,3,1,188,0
9,2,3,1,188,0
0,-6,18,1,188,0
6,-4,64,1,188,0
5,8,83,1,188,0
3,-5,86,1,188,0
4,7,89,1,188,0
8,1,106,1,188,0
7,-7,106,1,188,0
3,6,108,1,188,0
7,0,108,1,188,0
2,5,118,1,188,0
2,-2,153,1,188,0
-2,2,171,1,188,0
-1,1,185,1,188,0
0,3,187,1,188,0
-2,-3,187,1,188,0
-4,5,8,1,188,0
-2,-4,14,1,188,0
8,-1,33,1,188,0
1,5,41,1,188,0
5,-2,48,1,188,0
7,-8,94,1,188,0
4,8,95,1,188,0
8,2,97,1,188,0
3,7,104,1,188,0
3,-6,109,1,188,0
2,6,111,1,188,0
7,1,112,1,188,0
6,0,114,1,188,0
6,-5,119,1,188,0
2,-3,143,1,188,0
-1,-1,176,1,188,0
-1,2,182,1,188,0
-4,6,14,1,188,0
-3,5,16,1,188,0
2,7,75,1,188,0
0,5,35,1,188,0
8,-2,43,1,188,0
5,-3,57,1,188,0
8,3,91,1,188,0
7,2,92,1,188,0
3,8,97,1,188,0
3,-7,106,1,188,0
6,-6,115,1,188,0
6,1,118,1,188,0
5,0,119,1,188,0
-1,3,126,1,188,0
2,-4,126,1,188,0
1,-1,162,1,188,0
-8,0,169,1,188,0
-1,-2,179,1,188,0
-2,-6,5,1,188,0
-4,7,24,1,188,0
-2,5,112,1,188,0
1,7,81,1,188,0
8,-3,47,1,188,0
8,4,79,1,188,0
7,3,84,1,188,0
3,-8,99,1,188,0
6,-7,109,1,188,0
-1,4,119,1,188,0
2,-5,119,1,188,0
5,1,125,1,188,0
5,-4,129,1,188,0
4,0,131,1,188,0
1,-2,151,1,188,0
-7,0,175,1,188,0
-4,-2,187,1,188,0
0,7,87,1,188,0
-4,8,23,1,188,0
-3,7,32,1,188,0
-1,-4,28,1,188,0
-1,5,113,1,188,0
7,-1,36,1,188,0
8,-4,62,1,188,0
8,5,77,1,188,0
7,4,83,1,188,0
6,3,83,1,188,0
5,2,86,1,188,0
-2,6,106,1,188,0
6,-8,102,1,188,0
2,-6,113,1,188,0
5,-5,124,1,188,0
4,1,128,1,188,0
1,-3,133,1,188,0
3,0,137,1,188,0
-6,0,187,1,188,0
5,3,11,1,189,0
-2,7,97,1,189,0
7,-2,37,1,189,0
-1,-5,36,1,189,0
8,6,65,1,189,0
7,5,72,1,189,0
8,-5,75,1,189,0
6,4,76,1,189,0
4,2,83,1,189,0
2,-7,98,1,189,0
5,-6,118,1,189,0
1,-4,122,1,189,0
4,-3,137,1,189,0
2,0,144,1,189,0
0,-1,159,1,189,0
-5,0,188,1,189,0
-1,7,94,1,189,0
-1,-6,12,1,189,0
6,5,29,1,189,0
7,-3,49,1,189,0
8,-6,63,1,189,0
8,7,64,1,189,0
7,6,69,1,189,0
5,4,73,1,189,0
3,2,75,1,189,0
3,-1,102,1,189,0
1,-5,115,1,189,0
4,-4,134,1,189,0
1,0,149,1,189,0
-4,0,189,1,189,0
-3,-2,183,1,189,0
0,-2,184,1,189,0
-1,8,4,1,189,0
4,4,16,1,189,0
6,6,37,1,189,0
6,-1,41,1,189,0
7,7,52,1,189,0
8,8,57,1,189,0
7,-4,64,1,189,0
5,5,69,1,189,0
3,3,74,1,189,0
8,-7,104,1,189,0
1,-6,109,1,189,0
4,-5,126,1,189,0
1,1,139,1,189,0
3,-2,146,1,189,0
-3,0,177,1,189,0
0,0,177,1,189,0
0,-3,188,1,189,0
-3,-4,8,1,189,0
4,5,19,1,189,0
6,-2,46,1,189,0
7,8,56,1,189,0
6,7,57,1,189,0
5,6,61,1,189,0
3,4,67,1,189,0
4,-6,69,1,189,0
7,-5,82,1,189,0
8,-8,97,1,189,0
1,-7,102,1,189,0
1,2,138,1,189,0
3,-3,143,1,189,0
-2,0,168,1,189,0
-2,-1,175,1,189,0
0,1,188,1,189,0
0,-5,44,1,189,0
6,8,53,1,189,0
3,5,59,1,189,0
4,6,59,1,189,0
5,7,86,1,189,0
8,0,102,1,189,0
7,-6,112,1,189,0
2,4,124,1,189,0
1,3,131,1,189,0
3,-4,134,1,189,0
2,-1,154,1,189,0
-2,1,169,1,189,0
-2,-2,181,1,189,0
-1,0,179,1,189,0
0,2,188,1,189,0
-5,5,3,1,189,0
9,2,3,1,189,0
0,-6,18,1,189,0
6,-4,64,1,189,0
5,8,83,1,189,0
3,-5,86,1,189,0
4,7,89,1,189,0
8,1,106,1,189,0
7,-7,106,1,189,0
3,6,108,1,189,0
7,0,108,1,189,0
2,5,118,1,189,0
2,-2,153,1,189,0
-2,2,171,1,189,0
-1,1,185,1,189,0
0,3,188,1,189,0
-2,-3,188,1,189,0
-4,5,8,1,189,0
-2,-4,14,1,189,0
8,-1,33,1,189,0
1,5,41,1,189,0
5,-2,48,1,189,0
7,-8,94,1,189,0
4,8,95,1,189,0
8,2,97,1,189,0
3,7,104,1,189,0
3,-6,109,1,189,0
2,6,111,1,189,0
7,1,112,1,189,0
6,0,114,1,189,0
6,-5,119,1,189,0
2,-3,143,1,189,0
-1,-1,176,1,189,0
-1,2,182,1,189,0
-4,6,14,1,189,0
-3,5,16,1,189,0
2,7,75,1,189,0
0,5,35,1,189,0
8,-2,43,1,189,0
5,-3,57,1,189,0
8,3,91,1,189,0
7,2,92,1,189,0
3,8,97,1,189,0
3,-7,106,1,189,0
6,-6,115,1,189,0
6,1,118,1,189,0
5,0,119,1,189,0
-1,3,126,1,189,0
2,-4,126,1,189,0
1,-1,162,1,189,0
-8,0,169,1,189,0
-1,-2,179,1,189,0
-2,-6,5,1,189,0
-4,7,24,1,189,0
-2,5,112,1,189,0
1,7,81,1,189,0
8,-3,47,1,189,0
8,4,79,1,189,0
7,3,84,1,189,0
3,-8,99,1,189,0
6,-7,109,1,189,0
-1,4,119,1,189,0
2,-5,119,1,189,0
5,1,125,1,189,0
5,-4,129,1,189,0
4,0,131,1,189,0
1,-2,151,1,189,0
-7,0,175,1,189,0
-4,-2,188,1,189,0
0,7,87,1,189,0
-4,8,23,1,189,0
-3,7,32,1,189,0
-1,-4,28,1,189,0
-1,5,113,1,189,0
7,-1,36,1,189,0
8,-4,62,1,189,0
8,5,77,1,189,0
7,4,83,1,189,0
6,3,83,1,189,0
5,2,86,1,189,0
-2,6,106,1,189,0
6,-8,102,1,189,0
2,-6,113,1,189,0
5,-5,124,1,189,0
4,1,128,1,189,0
1,-3,133,1,189,0
3,0,137,1,189,0
-6,0,187,1,189,0
5,3,11,1,190,0
-2,7,97,1,190,0
7,-2,37,1,190,0
-1,-5,36,1,190,0
8,6,65,1,190,0
7,5,72,1,190,0
8,-5,75,1,190,0
6,4,76,1,190,0
4,2,83,1,190,0
2,-7,98,1,190,0
5,-6,118,1,190,0
1,-4,122,1,190,0
4,-3,137,1,190,0
2,0,144,1,190,0
0,-1,159,1,190,0
-5,0,189,1,190,0
-1,7,94,1,190,0
-1,-6,12,1,190,0
6,5,29,1,190,0
7,-3,49,1,190,0
8,-6,63,1,190,0
8,7,64,1,190,0
7,6,69,1,190,0
5,4,73,1,190,0
3,2,75,1,190,0
3,-1,102,1,190,0
1,-5,115,1,190,0
4,-4,134,1,190,0
1,0,149,1,190,0
-4,0,189,1,190,0
-3,-2,183,1,190,0
0,-2,184,1,190,0
-1,8,4,1,190,0
4,4,16,1,190,0
6,6,37,1,190,0
6,-1,41,1,190,0
7,7,52,1,190,0
8,8,57,1,190,0
7,-4,64,1,190,0
5,5,69,1,190,0
3,3,74,1,190,0
8,-7,104,1,190,0
1,-6,109,1,190,0
4,-5,126,1,190,0
1,1,139,1,190,0
3,-2,146,1,190,0
-3,0,177,1,190,0
0,0,177,1,190,0
0,-3,189,1,190,0
-3,-4,8,1,190,0
4,5,19,1,190,0
6,-2,46,1,190,0
7,8,56,1,190,0
6,7,57,1,190,0
5,6,61,1,190,0
3,4,67,1,190,0
4,-6,69,1,190,0
7,-5,82,1,190,0
8,-8,97,1,190,0
1,-7,102,1,190,0
1,2,138,1,190,0
3,-3,143,1,190,0
-2,0,168,1,190,0
-2,-1,175,1,190,0
0,1,189,1,190,0
0,-5,44,1,190,0
6,8,53,1,190,0
3,5,59,1,190,0
4,6,59,1,190,0
5,7,86,1,190,0
8,0,102,1,190,0
7,-6,112,1,190,0
2,4,124,1,190,0
1,3,131,1,190,0
3,-4,134,1,190,0
2,-1,154,1,190,0
-2,1,169,1,190,0
-2,-2,181,1,190,0
-1,0,179,1,190,0
0,2,189,1,190,0
-5,5,3,1,190,0
9,2,3,1,190,0
0,-6,18,1,190,0
6,-4,64,1,190,0
5,8,83,1,190,0
3,-5,86,1,190,0
4,7,89,1,190,0
8,1,106,1,190,0
7,-7,106,1,190,0
3,6,108,1,190,0
7,0,108,1,190,0
2,5,118,1,190,0
2,-2,153,1,190,0
-2,2,171,1,190,0
-1,1,185,1,190,0
0,3,189,1,190,0
-2,-3,189,1,190,0
-4,5,8,1,190,0
-2,-4,14,1,190,0
8,-1,33,1,190,0
1,5,41,1,190,0
5,-2,48,1,190,0
7,-8,94,1,190,0
4,8,95,1,190,0
8,2,97,1,190,0
3,7,104,1,190,0
3,-6,109,1,190,0
2,6,111,1,190,0
7,1,112,1,190,0
6,0,114,1,190,0
6,-5,119,1,190,0
2,-3,143,1,190,0
-1,-1,176,1,190,0
-1,2,182,1,190,0
-4,6,14,1,190,0
-3,5,16,1,190,0
2,7,75,1,190,0
0,5,35,1,190,0
8,-2,43,1,190,0
5,-3,57,1,190,0
8,3,91,1,190,0
7,2,92,1,190,0
3,8,97,1,190,0
3,-7,106,1,190,0
6,-6,115,1,190,0
6,1,118,1,190,0
5,0,119,1,190,0
-1,3,126,1,190,0
2,-4,126,1,190,0
1,-1,162,1,190,0
-8,0,169,1,190,0
-1,-2,179,1,190,0
-2,-6,5,1,190,0
-4,7,24,1,190,0
-2,5,112,1,190,0
1,7,81,1,190,0
8,-3,47,1,190,0
8,4,79,1,190,0
7,3,84,1,190,0
3,-8,99,1,190,0
6,-7,109,1,190,0
-1,4,119,1,190,0
2,-5,119,1,190,0
5,1,125,1,190,0
5,-4,129,1,190,0
4,0,131,1,190,0
1,-2,151,1,190,0
-7,0,175,1,190,0
-4,-2,189,1,190,0
0,7,87,1,190,0
-4,8,23,1,190,0
-3,7,32,1,190,0
-1,-4,28,1,190,0
-1,5,113,1,190,0
7,-1,36,1,190,0
8,-4,62,1,190,0
8,5,77,1,190,0
7,4,83,1,190,0
6,3,83,1,190,0
5,2,86,1,190,0
-2,6,106,1,190,0
6,-8,102,1,190,0
2,-6,113,1,190,0
5,-5,124,1,190,0
4,1,128,1,190,0
1,-3,133,1,190,0
3,0,137,1,190,0
-6,0,189,1,190,0
5,3,11,1,191,0
-2,7,97,1,191,0
7,-2,37,1,191,0
-1,-5,36,1,191,0
8,6,65,1,191,0
7,5,72,1,191,0
8,-5,75,1,191,0
6,4,76,1,191,0
4,2,83,1,191,0
2,-7,98,1,191,0
5,-6,118,1,191,0
1,-4,122,1,191,0
4,-3,137,1,191,0
2,0,144,1,191,0
0,-1,159,1,191,0
-5,0,189,1,191,0
-1,7,94,1,191,0
-1,-6,12,1,191,0
6,5,29,1,191,0
7,-3,49,1,191,0
8,-6,63,1,191,0
8,7,64,1,191,0
7,6,69,1,191,0
5,4,73,1,191,0
3,2,75,1,191,0
3,-1,102,1,191,0
1,-5,115,1,191,0
4,-4,134,1,191,0
1,0,149,1,191,0
-4,0,189,1,191,0
-3,-2,183,1,191,0
0,-2,184,1,191,0
-1,8,4,1,191,0
4,4,16,1,191,0
6,6,37,1,191,0
6,-1,41,1,191,0
7,7,52,1,191,0
8,8,57,1,191,0
7,-4,64,1,191,0
5,5,69,1,191,0
3,3,74,1,191,0
8,-7,104,1,191,0
1,-6,109,1,191,0
4,-5,126,1,191,0
1,1,139,1,191,0
3,-2,146,1,191,0
-3,0,191,1,191,0
0,0,177,1,191,0
0,-3,189,1,191,0
-3,-4,8,1,191,0
4,5,19,1,191,0
6,-2,46,1,191,0
7,8,56,1,191,0
6,7,57,1,191,0
5,6,61,1,191,0
3,4,67,1,191,0
4,-6,69,1,191,0
7,-5,82,1,191,0
8,-8,97,1,191,0
1,-7,102,1,191,0
1,2,138,1,191,0
3,-3,143,1,191,0
-2,0,168,1,191,0
-2,-1,175,1,191,0
0,1,189,1,191,0
0,-5,44,1,191,0
6,8,53,1,191,0
3,5,59,1,191,0
4,6,59,1,191,0
5,7,86,1,191,0
8,0,102,1,191,0
7,-6,112,1,191,0
2,4,124,1,191,0
1,3,131,1,191,0
3,-4,134,1,191,0
2,-1,154,1,191,0
-2,1,169,1,191,0
-2,-2,181,1,191,0
0,2,189,1,191,0
-1,0,179,1,191,0
-5,5,3,1,191,0
9,2,3,1,191,0
0,-6,18,1,191,0
6,-4,64,1,191,0
5,8,83,1,191,0
3,-5,86,1,191,0
4,7,89,1,191,0
8,1,106,1,191,0
7,-7,106,1,191,0
3,6,108,1,191,0
7,0,108,1,191,0
2,5,118,1,191,0
2,-2,153,1,191,0
-2,2,171,1,191,0
-1,1,185,1,191,0
0,3,189,1,191,0
-2,-3,189,1,191,0
-4,5,8,1,191,0
-2,-4,14,1,191,0
8,-1,33,1,191,0
1,5,41,1,191,0
5,-2,48,1,191,0
7,-8,94,1,191,0
4,8,95,1,191,0
8,2,97,1,191,0
3,7,104,1,191,0
3,-6,109,1,191,0
2,6,111,1,191,0
7,1,112,1,191,0
6,0,114,1,191,0
6,-5,119,1,191,0
2,-3,143,1,191,0
-1,-1,176,1,191,0
-1,2,182,1,191,0
-4,6,14,1,191,0
-3,5,16,1,191,0
2,7,75,1,191,0
0,5,35,1,191,0
8,-2,43,1,191,0
5,-3,57,1,191,0
8,3,91,1,191,0
7,2,92,1,191,0
3,8,97,1,191,0
3,-7,106,1,191,0
6,-6,115,1,191,0
6,1,118,1,191,0
5,0,119,1,191,0
-1,3,126,1,191,0
2,-4,126,1,191,0
1,-1,162,1,191,0
-8,0,169,1,191,0
-1,-2,179,1,191,0
-2,-6,5,1,191,0
-4,7,24,1,191,0
-2,5,112,1,191,0
1,7,81,1,191,0
8,-3,47,1,191,0
8,4,79,1,191,0
7,3,84,1,191,0
3,-8,99,1,191,0
6,-7,109,1,191,0
-1,4,119,1,191,0
2,-5,119,1,191,0
5,1,125,1,191,0
5,-4,129,1,191,0
4,0,131,1,191,0
1,-2,151,1,191,0
-7,0,175,1,191,0
-4,-2,189,1,191,0
0,7,87,1,191,0
-4,8,23,1,191,0
-3,7,32,1,191,0
-1,-4,28,1,191,0
-1,5,113,1,191,0
7,-1,36,1,191,0
8,-4,62,1,191,0
8,5,77,1,191,0
7,4,83,1,191,0
6,3,83,1,191,0
5,2,86,1,191,0
-2,6,106,1,191,0
6,-8,102,1,191,0
2,-6,113,1,191,0
5,-5,124,1,191,0
4,1,128,1,191,0
1,-3,133,1,191,0
3,0,137,1,191,0
-6,0,189,1,191,0
5,3,11,1,192,0
-2,7,97,1,192,0
7,-2,37,1,192,0
-1,-5,36,1,192,0
8,6,65,1,192,0
7,5,72,1,192,0
8,-5,75,1,192,0
6,4,76,1,192,0
4,2,83,1,192,0
2,-7,98,1,192,0
5,-6,118,1,192,0
1,-4,122,1,192,0
4,-3,137,1,192,0
2,0,144,1,192,0
0,-1,159,1,192,0
-5,0,191,1,192,0
-1,7,94,1,192,0
-1,-6,12,1,192,0
6,5,29,1,192,0
7,-3,49,1,192,0
8,-6,63,1,192,0
8,7,64,1,192,0
7,6,69,1,192,0
5,4,73,1,192,0
3,2,75,1,192,0
3,-1,102,1,192,0
1,-5,115,1,192,0
4,-4,134,1,192,0
1,0,149,1,192,0
-4,0,189,1,192,0
-3,-2,183,1,192,0
0,-2,184,1,192,0
-1,8,4,1,192,0
4,4,16,1,192,0
6,6,37,1,192,0
6,-1,41,1,192,0
7,7,52,1,192,0
8,8,57,1,192,0
7,-4,64,1,192,0
5,5,69,1,192,0
3,3,74,1,192,0
8,-7,104,1,192,0
1,-6,109,1,192,0
4,-5,126,1,192,0
1,1,139,1,192,0
3,-2,146,1,192,0
-3,0,192,1,192,0
0,0,177,1,192,0
0,-3,189,1,192,0
-3,-4,8,1,192,0
4,5,19,1,192,0
6,-2,46,1,192,0
7,8,56,1,192,0
6,7,57,1,192,0
5,6,61,1,192,0
3,4,67,1,192,0
4,-6,69,1,192,0
7,-5,82,1,192,0
8,-8,97,1,192,0
1,-7,102,1,192,0
1,2,138,1,192,0
3,-3,143,1,192,0
-2,0,168,1,192,0
-2,-1,175,1,192,0
0,1,191,1,192,0
0,-4,191,1,192,0
0,-5,44,1,192,0
6,8,53,1,192,0
3,5,59,1,192,0
4,6,59,1,192,0
5,7,86,1,192,0
8,0,102,1,192,0
7,-6,112,1,192,0
2,4,124,1,192,0
1,3,131,1,192,0
3,-4,134,1,192,0
2,-1,154,1,192,0
-2,1,169,1,192,0
-2,-2,181,1,192,0
-1,0,179,1,192,0
0,2,191,1,192,0
-5,5,3,1,192,0
9,2,3,1,192,0
0,-6,18,1,192,0
6,-4,64,1,192,0
5,8,83,1,192,0
3,-5,86,1,192,0
4,7,89,1,192,0
8,1,106,1,192,0
7,-7,106,1,192,0
3,6,108,1,192,0
7,0,108,1,192,0
2,5,118,1,192,0
2,-2,153,1,192,0
-2,2,171,1,192,0
-1,1,185,1,192,0
-5,-2,191,1,192,0
0,3,191,1,192,0
-2,-3,191,1,192,0
-4,5,8,1,192,0
-2,-4,14,1,192,0
8,-1,33,1,192,0
1,5,41,1,192,0
5,-2,48,1,192,0
7,-8,94,1,192,0
4,8,95,1,192,0
8,2,97,1,192,0
3,7,104,1,192,0
3,-6,109,1,192,0
2,6,111,1,192,0
7,1,112,1,192,0
6,0,114,1,192,0
6,-5,119,1,192,0
2,-3,143,1,192,0
-1,-1,176,1,192,0
-1,2,182,1,192,0
-4,6,14,1,192,0
-3,5,16,1,192,0
2,7,75,1,192,0
0,5,35,1,192,0
8,-2,43,1,192,0
5,-3,57,1,192,0
8,3,91,1,192,0
7,2,92,1,192,0
3,8,97,1,192,0
3,-7,106,1,192,0
6,-6,115,1,192,0
6,1,118,1,192,0
5,0,119,1,192,0
-1,3,126,1,192,0
2,-4,126,1,192,0
1,-1,162,1,192,0
-8,0,169,1,192,0
-1,-2,179,1,192,0
-2,-6,5,1,192,0
-4,7,24,1,192,0
-2,5,112,1,192,0
1,7,81,1,192,0
8,-3,47,1,192,0
8,4,79,1,192,0
7,3,84,1,192,0
3,-8,99,1,192,0
6,-7,109,1,192,0
-1,4,119,1,192,0
2,-5,119,1,192,0
5,1,125,1,192,0
5,-4,129,1,192,0
4,0,131,1,192,0
1,-2,151,1,192,0
-7,0,175,1,192,0
-4,-2,189,1,192,0
0,7,87,1,192,0
-4,8,23,1,192,0
-3,7,32,1,192,0
-1,-4,28,1,192,0
-1,5,113,1,192,0
7,-1,36,1,192,0
8,-4,62,1,192,0
8,5,77,1,192,0
7,4,83,1,192,0
6,3,83,1,192,0
5,2,86,1,192,0
-2,6,106,1,192,0
6,-8,102,1,192,0
2,-6,113,1,192,0
5,-5,124,1,192,0
4,1,128,1,192,0
1,-3,133,1,192,0
3,0,137,1,192,0
-6,0,191,1,192,0
5,3,11,1,193,0
-2,7,97,1,193,0
7,-2,37,1,193,0
-1,-5,36,1,193,0
8,6,65,1,193,0
7,5,72,1,193,0
8,-5,75,1,193,0
6,4,76,1,193,0
4,2,83,1,193,0
2,-7,98,1,193,0
5,-6,118,1,193,0
1,-4,122,1,193,0
4,-3,137,1,193,0
2,0,144,1,193,0
0,-1,159,1,193,0
-5,0,192,1,193,0
-1,7,94,1,193,0
-1,-6,12,1,193,0
6,5,29,1,193,0
7,-3,49,1,193,0
8,-6,63,1,193,0
8,7,64,1,193,0
7,6,69,1,193,0
5,4,73,1,193,0
3,2,75,1,193,0
3,-1,102,1,193,0
1,-5,115,1,193,0
4,-4,134,1,193,0
1,0,149,1,193,0
-4,0,189,1,193,0
-3,-2,183,1,193,0
0,-2,184,1,193,0
-1,8,4,1,193,0
4,4,16,1,193,0
6,6,37,1,193,0
6,-1,41,1,193,0
7,7,52,1,193,0
8,8,57,1,193,0
7,-4,64,1,193,0
5,5,69,1,193,0
3,3,74,1,193,0
8,-7,104,1,193,0
1,-6,109,1,193,0
4,-5,126,1,193,0
1,1,139,1,193,0
3,-2,146,1,193,0
-3,0,193,1,193,0
0,0,177,1,193,0
0,-3,189,1,193,0
-3,-4,8,1,193,0
4,5,19,1,193,0
6,-2,46,1,193,0
7,8,56,1,193,0
6,7,57,1,193,0
5,6,61,1,193,0
3,4,67,1,193,0
4,-6,69,1,193,0
7,-5,82,1,193,0
8,-8,97,1,193,0
1,-7,102,1,193,0
3,-3,143,1,193,0
-2,0,168,1,193,0
-2,-1,175,1,193,0
0,1,192,1,193,0
0,-4,192,1,193,0
1,2,192,1,193,0
0,-5,44,1,193,0
6,8,53,1,193,0
3,5,59,1,193,0
4,6,59,1,193,0
5,7,86,1,193,0
8,0,102,1,193,0
7,-6,112,1,193,0
2,4,124,1,193,0
1,3,131,1,193,0
3,-4,134,1,193,0
2,-1,154,1,193,0
-2,1,169,1,193,0
-2,-2,181,1,193,0
0,2,191,1,193,0
-1,0,179,1,193,0
-5,5,3,1,193,0
9,2,3,1,193,0
0,-6,18,1,193,0
6,-4,64,1,193,0
5,8,83,1,193,0
3,-5,86,1,193,0
4,7,89,1,193,0
8,1,106,1,193,0
7,-7,106,1,193,0
3,6,108,1,193,0
7,0,108,1,193,0
2,5,118,1,193,0
2,-2,153,1,193,0
-2,2,171,1,193,0
-1,1,185,1,193,0
0,3,191,1,193,0
-5,-2,192,1,193,0
1,4,192,1,193,0
-2,-3,192,1,193,0
-4,5,8,1,193,0
-2,-4,14,1,193,0
8,-1,33,1,193,0
1,5,41,1,193,0
5,-2,48,1,193,0
7,-8,94,1,193,0
4,8,95,1,193,0
8,2,97,1,193,0
3,7,104,1,193,0
3,-6,109,1,193,0
2,6,111,1,193,0
7,1,112,1,193,0
6,0,114,1,193,0
6,-5,119,1,193,0
2,-3,143,1,193,0
-1,-1,176,1,193,0
-1,2,182,1,193,0
-4,6,14,1,193,0
-3,5,16,1,193,0
2,7,75,1,193,0
0,5,35,1,193,0
8,-2,43,1,193,0
5,-3,57,1,193,0
8,3,91,1,193,0
7,2,92,1,193,0
3,8,97,1,193,0
3,-7,106,1,193,0
6,-6,115,1,193,0
6,1,118,1,193,0
5,0,119,1,193,0
-1,3,126,1,193,0
2,-4,126,1,193,0
1,-1,162,1,193,0
-8,0,169,1,193,0
-1,-2,179,1,193,0
-2,-6,5,1,193,0
-4,7,24,1,193,0
-2,5,112,1,193,0
1,7,81,1,193,0
8,-3,47,1,193,0
8,4,79,1,193,0
7,3,84,1,193,0
3,-8,99,1,193,0
6,-7,109,1,193,0
-1,4,119,1,193,0
2,-5,119,1,193,0
5,1,125,1,193,0
5,-4,129,1,193,0
4,0,131,1,193,0
1,-2,151,1,193,0
-7,0,175,1,193,0
-4,-2,189,1,193,0
0,7,87,1,193,0
-4,8,23,1,193,0
-3,7,32,1,193,0
-1,-4,28,1,193,0
-1,5,113,1,193,0
7,-1,36,1,193,0
8,-4,62,1,193,0
8,5,77,1,193,0
7,4,83,1,193,0
6,3,83,1,193,0
5,2,86,1,193,0
-2,6,106,1,193,0
6,-8,102,1,193,0
2,-6,113,1,193,0
5,-5,124,1,193,0
4,1,128,1,193,0
1,-3,133,1,193,0
3,0,137,1,193,0
-6,0,192,1,193,0
5,3,11,1,194,0
-2,7,97,1,194,0
7,-2,37,1,194,0
-1,-5,36,1,194,0
8,6,65,1,194,0
7,5,72,1,194,0
8,-5,75,1,194,0
6,4,76,1,194,0
4,2,83,1,194,0
2,-7,98,1,194,0
5,-6,118,1,194,0
1,-4,122,1,194,0
4,-3,137,1,194,0
2,0,144,1,194,0
0,-1,159,1,194,0
-5,0,193,1,194,0
-1,7,94,1,194,0
-1,-6,12,1,194,0
6,5,29,1,194,0
7,-3,49,1,194,0
8,-6,63,1,194,0
8,7,64,1,194,0
7,6,69,1,194,0
5,4,73,1,194,0
3,2,75,1,194,0
3,-1,102,1,194,0
1,-5,115,1,194,0
4,-4,134,1,194,0
1,0,149,1,194,0
-4,0,189,1,194,0
-3,-2,183,1,194,0
0,-2,184,1,194,0
-1,8,4,1,194,0
4,4,16,1,194,0
6,6,37,1,194,0
6,-1,41,1,194,0
7,7,52,1,194,0
8,8,57,1,194,0
7,-4,64,1,194,0
5,5,69,1,194,0
3,3,74,1,194,0
8,-7,104,1,194,0
1,-6,109,1,194,0
4,-5,126,1,194,0
3,-2,146,1,194,0
-3,0,194,1,194,0
0,0,177,1,194,0
0,-3,189,1,194,0
1,1,193,1,194,0
-3,-4,8,1,194,0
4,5,19,1,194,0
6,-2,46,1,194,0
7,8,56,1,194,0
6,7,57,1,194,0
5,6,61,1,194,0
3,4,67,1,194,0
4,-6,69,1,194,0
7,-5,82,1,194,0
8,-8,97,1,194,0
1,-7,102,1,194,0
3,-3,143,1,194,0
-2,0,168,1,194,0
-2,-1,175,1,194,0
0,1,193,1,194,0
0,-4,193,1,194,0
1,2,193,1,194,0
0,-5,44,1,194,0
6,8,53,1,194,0
3,5,59,1,194,0
4,6,59,1,194,0
5,7,86,1,194,0
8,0,102,1,194,0
7,-6,112,1,194,0
2,4,124,1,194,0
1,3,131,1,194,0
3,-4,134,1,194,0
2,-1,154,1,194,0
-2,1,169,1,194,0
-2,-2,181,1,194,0
0,2,191,1,194,0
-1,0,179,1,194,0
-5,5,3,1,194,0
9,2,3,1,194,0
0,-6,18,1,194,0
6,-4,64,1,194,0
5,8,83,1,194,0
3,-5,86,1,194,0
4,7,89,1,194,0
8,1,106,1,194,0
7,-7,106,1,194,0
3,6,108,1,194,0
7,0,108,1,194,0
2,5,118,1,194,0
2,-2,153,1,194,0
-2,2,171,1,194,0
-1,1,185,1,194,0
0,3,191,1,194,0
-5,-2,193,1,194,0
1,4,193,1,194,0
-2,-3,193,1,194,0
-4,5,8,1,194,0
-2,-4,14,1,194,0
8,-1,33,1,194,0
1,5,41,1,194,0
5,-2,48,1,194,0
7,-8,94,1,194,0
4,8,95,1,194,0
8,2,97,1,194,0
3,7,104,1,194,0
3,-6,109,1,194,0
2,6,111,1,194,0
7,1,112,1,194,0
6,0,114,1,194,0
6,-5,119,1,194,0
2,-3,143,1,194,0
-1,-1,176,1,194,0
-1,2,182,1,194,0
-4,6,14,1,194,0
-3,5,16,1,194,0
2,7,75,1,194,0
0,5,35,1,194,0
8,-2,43,1,194,0
5,-3,57,1,194,0
8,3,91,1,194,0
7,2,92,1,194,0
3,8,97,1,194,0
3,-7,106,1,194,0
6,-6,115,1,194,0
6,1,118,1,194,0
5,0,119,1,194,0
-1,3,126,1,194,0
2,-4,126,1,194,0
1,-1,162,1,194,0
-8,0,169,1,194,0
-1,-2,179,1,194,0
-2,-6,5,1,194,0
-4,7,24,1,194,0
-2,5,112,1,194,0
1,7,81,1,194,0
8,-3,47,1,194,0
8,4,79,1,194,0
7,3,84,1,194,0
3,-8,99,1,194,0
6,-7,109,1,194,0
-1,4,119,1,194,0
2,-5,119,1,194,0
5,1,125,1,194,0
5,-4,129,1,194,0
4,0,131,1,194,0
1,-2,151,1,194,0
-4,-2,189,1,194,0
-7,0,193,1,194,0
0,7,87,1,194,0
-4,8,23,1,194,0
-3,7,32,1,194,0
-1,-4,28,1,194,0
-1,5,113,1,194,0
7,-1,36,1,194,0
8,-4,62,1,194,0
8,5,77,1,194,0
7,4,83,1,194,0
6,3,83,1,194,0
5,2,86,1,194,0
-2,6,106,1,194,0
6,-8,102,1,194,0
2,-6,113,1,194,0
5,-5,124,1,194,0
4,1,128,1,194,0
1,-3,133,1,194,0
3,0,137,1,194,0
-6,0,192,1,194,0
5,3,11,1,195,0
-2,7,97,1,195,0
7,-2,37,1,195,0
-1,-5,36,1,195,0
8,6,65,1,195,0
7,5,72,1,195,0
8,-5,75,1,195,0
6,4,76,1,195,0
4,2,83,1,195,0
2,-7,98,1,195,0
5,-6,118,1,195,0
1,-4,122,1,195,0
4,-3,137,1,195,0
2,0,144,1,195,0
0,-1,159,1,195,0
-5,0,194,1,195,0
-1,7,94,1,195,0
-1,-6,12,1,195,0
6,5,29,1,195,0
7,-3,49,1,195,0
8,-6,63,1,195,0
8,7,64,1,195,0
7,6,69,1,195,0
5,4,73,1,195,0
3,2,75,1,195,0
3,-1,102,1,195,0
1,-5,115,1,195,0
4,-4,134,1,195,0
1,0,149,1,195,0
-4,0,189,1,195,0
-3,-2,183,1,195,0
0,-2,184,1,195,0
-1,8,4,1,195,0
4,4,16,1,195,0
6,6,37,1,195,0
6,-1,41,1,195,0
7,7,52,1,195,0
8,8,57,1,195,0
7,-4,64,1,195,0
5,5,69,1,195,0
3,3,74,1,195,0
8,-7,104,1,195,0
1,-6,109,1,195,0
4,-5,126,1,195,0
3,-2,146,1,195,0
-3,0,195,1,195,0
0,0,177,1,195,0
1,1,194,1,195,0
0,-3,194,1,195,0
-3,-4,8,1,195,0
4,5,19,1,195,0
6,-2,46,1,195,0
7,8,56,1,195,0
6,7,57,1,195,0
5,6,61,1,195,0
3,4,67,1,195,0
4,-6,69,1,195,0
7,-5,82,1,195,0
8,-8,97,1,195,0
1,-7,102,1,195,0
3,-3,143,1,195,0
-2,0,168,1,195,0
-2,-1,175,1,195,0
0,-4,193,1,195,0
0,1,194,1,195,0
1,2,194,1,195,0
0,-5,44,1,195,0
6,8,53,1,195,0
3,5,59,1,195,0
4,6,59,1,195,0
5,7,86,1,195,0
8,0,102,1,195,0
7,-6,112,1,195,0
2,4,124,1,195,0
1,3,131,1,195,0
3,-4,134,1,195,0
2,-1,154,1,195,0
-2,1,169,1,195,0
-2,-2,181,1,195,0
0,2,191,1,195,0
-1,0,179,1,195,0
-5,5,3,1,195,0
9,2,3,1,195,0
0,-6,18,1,195,0
6,-4,64,1,195,0
5,8,83,1,195,0
3,-5,86,1,195,0
4,7,89,1,195,0
8,1,106,1,195,0
7,-7,106,1,195,0
3,6,108,1,195,0
7,0,108,1,195,0
2,5,118,1,195,0
2,-2,153,1,195,0
-2,2,171,1,195,0
-1,1,185,1,195,0
0,3,191,1,195,0
-5,-2,194,1,195,0
1,4,194,1,195,0
-2,-3,194,1,195,0
-4,5,8,1,195,0
-2,-4,14,1,195,0
8,-1,33,1,195,0
1,5,41,1,195,0
5,-2,48,1,195,0
7,-8,94,1,195,0
4,8,95,1,195,0
8,2,97,1,195,0
3,7,104,1,195,0
3,-6,109,1,195,0
2,6,111,1,195,0
7,1,112,1,195,0
6,0,114,1,195,0
6,-5,119,1,195,0
2,-3,143,1,195,0
-1,-1,176,1,195,0
-1,2,182,1,195,0
-4,6,14,1,195,0
-3,5,16,1,195,0
2,7,75,1,195,0
0,5,35,1,195,0
8,-2,43,1,195,0
5,-3,57,1,195,0
8,3,91,1,195,0
7,2,92,1,195,0
3,8,97,1,195,0
3,-7,106,1,195,0
6,-6,115,1,195,0
6,1,118,1,195,0
5,0,119,1,195,0
-1,3,126,1,195,0
2,-4,126,1,195,0
1,-1,162,1,195,0
-8,0,169,1,195,0
-1,-2,179,1,195,0
-2,-6,5,1,195,0
-4,7,24,1,195,0
-2,5,112,1,195,0
1,7,81,1,195,0
8,-3,47,1,195,0
8,4,79,1,195,0
7,3,84,1,195,0
3,-8,99,1,195,0
6,-7,109,1,195,0
-1,4,119,1,195,0
2,-5,119,1,195,0
5,1,125,1,195,0
5,-4,129,1,195,0
4,0,131,1,195,0
1,-2,151,1,195,0
-4,-2,189,1,195,0
-7,0,194,1,195,0
0,7,87,1,195,0
-4,8,23,1,195,0
-3,7,32,1,195,0
-1,-4,28,1,195,0
-1,5,113,1,195,0
7,-1,36,1,195,0
8,-4,62,1,195,0
8,5,77,1,195,0
7,4,83,1,195,0
6,3,83,1,195,0
5,2,86,1,195,0
-2,6,106,1,195,0
6,-8,102,1,195,0
2,-6,113,1,195,0
5,-5,124,1,195,0
4,1,128,1,195,0
1,-3,133,1,195,0
3,0,137,1,195,0
-6,0,192,1,195,0
5,3,11,1,196,0
-2,7,97,1,196,0
7,-2,37,1,196,0
-1,-5,36,1,196,0
8,6,65,1,196,0
7,5,72,1,196,0
8,-5,75,1,196,0
6,4,76,1,196,0
4,2,83,1,196,0
2,-7,98,1,196,0
5,-6,118,1,196,0
1,-4,122,1,196,0
4,-3,137,1,196,0
2,0,144,1,196,0
0,-1,159,1,196,0
-5,0,195,1,196,0
-1,7,94,1,196,0
-1,-6,12,1,196,0
6,5,29,1,196,0
7,-3,49,1,196,0
8,-6,63,1,196,0
8,7,64,1,196,0
7,6,69,1,196,0
5,4,73,1,196,0
3,2,75,1,196,0
3,-1,102,1,196,0
1,-5,115,1,196,0
4,-4,134,1,196,0
1,0,149,1,196,0
-4,0,196,1,196,0
-3,-2,183,1,196,0
0,-2,184,1,196,0
-1,8,4,1,196,0
4,4,16,1,196,0
6,6,37,1,196,0
6,-1,41,1,196,0
7,7,52,1,196,0
8,8,57,1,196,0
7,-4,64,1,196,0
5,5,69,1,196,0
3,3,74,1,196,0
8,-7,104,1,196,0
1,-6,109,1,196,0
4,-5,126,1,196,0
3,-2,146,1,196,0
-3,0,195,1,196,0
0,0,177,1,196,0
1,1,195,1,196,0
0,-3,195,1,196,0
-3,-4,8,1,196,0
4,5,19,1,196,0
6,-2,46,1,196,0
7,8,56,1,196,0
6,7,57,1,196,0
5,6,61,1,196,0
3,4,67,1,196,0
4,-6,69,1,196,0
7,-5,82,1,196,0
8,-8,97,1,196,0
1,-7,102,1,196,0
3,-3,143,1,196,0
-2,0,168,1,196,0
-2,-1,175,1,196,0
0,-4,193,1,196,0
0,1,194,1,196,0
1,2,195,1,196,0
0,-5,44,1,196,0
6,8,53,1,196,0
3,5,59,1,196,0
4,6,59,1,196,0
5,7,86,1,196,0
8,0,102,1,196,0
7,-6,112,1,196,0
2,4,124,1,196,0
1,3,131,1,196,0
3,-4,134,1,196,0
2,-1,154,1,196,0
-2,1,169,1,196,0
-2,-2,181,1,196,0
0,2,191,1,196,0
-1,0,179,1,196,0
-5,5,3,1,196,0
9,2,3,1,196,0
0,-6,18,1,196,0
6,-4,64,1,196,0
5,8,83,1,196,0
3,-5,86,1,196,0
4,7,89,1,196,0
8,1,106,1,196,0
7,-7,106,1,196,0
3,6,108,1,196,0
7,0,108,1,196,0
2,5,118,1,196,0
2,-2,153,1,196,0
-2,2,171,1,196,0
-1,1,185,1,196,0
0,3,191,1,196,0
-5,-2,195,1,196,0
1,4,195,1,196,0
-2,-3,195,1,196,0
-4,5,8,1,196,0
-2,-4,14,1,196,0
8,-1,33,1,196,0
1,5,41,1,196,0
5,-2,48,1,196,0
7,-8,94,1,196,0
4,8,95,1,196,0
8,2,97,1,196,0
3,7,104,1,196,0
3,-6,109,1,196,0
2,6,111,1,196,0
7,1,112,1,196,0
6,0,114,1,196,0
6,-5,119,1,196,0
2,-3,143,1,196,0
-1,-1,176,1,196,0
-1,2,182,1,196,0
-4,6,14,1,196,0
-3,5,16,1,196,0
2,7,75,1,196,0
0,5,35,1,196,0
8,-2,43,1,196,0
5,-3,57,1,196,0
8,3,91,1,196,0
7,2,92,1,196,0
3,8,97,1,196,0
3,-7,106,1,196,0
6,-6,115,1,196,0
6,1,118,1,196,0
5,0,119,1,196,0
-1,3,126,1,196,0
2,-4,126,1,196,0
1,-1,162,1,196,0
-8,0,169,1,196,0
-1,-2,179,1,196,0
-2,-6,5,1,196,0
-4,7,24,1,196,0
-2,5,112,1,196,0
1,7,81,1,196,0
8,-3,47,1,196,0
8,4,79,1,196,0
7,3,84,1,196,0
3,-8,99,1,196,0
6,-7,109,1,196,0
-1,4,119,1,196,0
2,-5,119,1,196,0
5,1,125,1,196,0
5,-4,129,1,196,0
4,0,131,1,196,0
1,-2,151,1,196,0
-4,-2,189,1,196,0
-7,0,194,1,196,0
0,7,87,1,196,0
-4,8,23,1,196,0
-3,7,32,1,196,0
-1,-4,28,1,196,0
-1,5,113,1,196,0
7,-1,36,1,196,0
8,-4,62,1,196,0
8,5,77,1,196,0
7,4,83,1,196,0
6,3,83,1,196,0
5,2,86,1,196,0
-2,6,106,1,196,0
6,-8,102,1,196,0
2,-6,113,1,196,0
5,-5,124,1,196,0
4,1,128,1,196,0
1,-3,133,1,196,0
3,0,137,1,196,0
-6,0,192,1,196,0
5,3,11,1,197,0
-2,7,97,1,197,0
7,-2,37,1,197,0
-1,-5,36,1,197,0
8,6,65,1,197,0
7,5,72,1,197,0
8,-5,75,1,197,0
6,4,76,1,197,0
4,2,83,1,197,0
2,-7,98,1,197,0
5,-6,118,1,197,0
1,-4,122,1,197,0
4,-3,137,1,197,0
2,0,144,1,197,0
0,-1,159,1,197,0
-5,0,195,1,197,0
-1,7,94,1,197,0
-1,-6,12,1,197,0
6,5,29,1,197,0
7,-3,49,1,197,0
8,-6,63,1,197,0
8,7,64,1,197,0
7,6,69,1,197,0
5,4,73,1,197,0
3,2,75,1,197,0
3,-1,102,1,197,0
1,-5,115,1,197,0
4,-4,134,1,197,0
1,0,149,1,197,0
-3,-2,183,1,197,0
0,-2,184,1,197,0
-4,0,197,1,197,0
-1,8,4,1,197,0
4,4,16,1,197,0
6,6,37,1,197,0
6,-1,41,1,197,0
7,7,52,1,197,0
8,8,57,1,197,0
7,-4,64,1,197,0
5,5,69,1,197,0
3,3,74,1,197,0
8,-7,104,1,197,0
1,-6,109,1,197,0
4,-5,126,1,197,0
3,-2,146,1,197,0
-3,0,195,1,197,0
0,0,177,1,197,0
1,1,196,1,197,0
0,-3,196,1,197,0
-3,-4,8,1,197,0
4,5,19,1,197,0
6,-2,46,1,197,0
7,8,56,1,197,0
6,7,57,1,197,0
5,6,61,1,197,0
3,4,67,1,197,0
4,-6,69,1,197,0
7,-5,82,1,197,0
8,-8,97,1,197,0
1,-7,102,1,197,0
3,-3,143,1,197,0
-2,0,168,1,197,0
-2,-1,175,1,197,0
0,-4,193,1,197,0
0,1,194,1,197,0
1,2,196,1,197,0
0,-5,44,1,197,0
6,8,53,1,197,0
3,5,59,1,197,0
4,6,59,1,197,0
5,7,86,1,197,0
8,0,102,1,197,0
7,-6,112,1,197,0
2,4,124,1,197,0
1,3,131,1,197,0
3,-4,134,1,197,0
2,-1,154,1,197,0
-2,1,169,1,197,0
-2,-2,181,1,197,0
0,2,191,1,197,0
-1,0,179,1,197,0
-5,5,3,1,197,0
9,2,3,1,197,0
0,-6,18,1,197,0
6,-4,64,1,197,0
5,8,83,1,197,0
3,-5,86,1,197,0
4,7,89,1,197,0
8,1,106,1,197,0
7,-7,106,1,197,0
3,6,108,1,197,0
7,0,108,1,197,0
2,5,118,1,197,0
2,-2,153,1,197,0
-2,2,171,1,197,0
-1,1,185,1,197,0
0,3,191,1,197,0
-5,-2,196,1,197,0
1,4,196,1,197,0
-2,-3,196,1,197,0
-4,5,8,1,197,0
-2,-4,14,1,197,0
8,-1,33,1,197,0
1,5,41,1,197,0
5,-2,48,1,197,0
7,-8,94,1,197,0
4,8,95,1,197,0
8,2,97,1,197,0
3,7,104,1,197,0
3,-6,109,1,197,0
2,6,111,1,197,0
7,1,112,1,197,0
6,0,114,1,197,0
6,-5,119,1,197,0
2,-3,143,1,197,0
-1,-1,176,1,197,0
-1,2,182,1,197,0
-4,6,14,1,197,0
-3,5,16,1,197,0
2,7,75,1,197,0
0,5,35,1,197,0
8,-2,43,1,197,0
5,-3,57,1,197,0
8,3,91,1,197,0
7,2,92,1,197,0
3,8,97,1,197,0
3,-7,106,1,197,0
6,-6,115,1,197,0
6,1,118,1,197,0
5,0,119,1,197,0
-1,3,126,1,197,0
2,-4,126,1,197,0
1,-1,162,1,197,0
-8,0,169,1,197,0
-1,-2,179,1,197,0
-2,-6,5,1,197,0
-4,7,24,1,197,0
-2,5,112,1,197,0
1,7,81,1,197,0
8,-3,47,1,197,0
8,4,79,1,197,0
7,3,84,1,197,0
3,-8,99,1,197,0
6,-7,109,1,197,0
-1,4,119,1,197,0
2,-5,119,1,197,0
5,1,125,1,197,0
5,-4,129,1,197,0
4,0,131,1,197,0
1,-2,151,1,197,0
-4,-2,189,1,197,0
-7,0,195,1,197,0
0,7,87,1,197,0
-4,8,23,1,197,0
-3,7,32,1,197,0
-1,-4,28,1,197,0
-1,5,113,1,197,0
7,-1,36,1,197,0
8,-4,62,1,197,0
8,5,77,1,197,0
7,4,83,1,197,0
6,3,83,1,197,0
5,2,86,1,197,0
-2,6,106,1,197,0
6,-8,102,1,197,0
2,-6,113,1,197,0
5,-5,124,1,197,0
4,1,128,1,197,0
1,-3,133,1,197,0
3,0,137,1,197,0
-6,0,192,1,197,0
5,3,11,1,198,0
-2,7,97,1,198,0
7,-2,37,1,198,0
-1,-5,36,1,198,0
8,6,65,1,198,0
7,5,72,1,198,0
8,-5,75,1,198,0
6,4,76,1,198,0
4,2,83,1,198,0
2,-7,98,1,198,0
5,-6,118,1,198,0
1,-4,122,1,198,0
4,-3,137,1,198,0
2,0,144,1,198,0
0,-1,159,1,198,0
-5,0,195,1,198,0
-1,7,94,1,198,0
-1,-6,12,1,198,0
6,5,29,1,198,0
7,-3,49,1,198,0
8,-6,63,1,198,0
8,7,64,1,198,0
7,6,69,1,198,0
5,4,73,1,198,0
3,2,75,1,198,0
3,-1,102,1,198,0
1,-5,115,1,198,0
4,-4,134,1,198,0
1,0,149,1,198,0
-3,-2,183,1,198,0
0,-2,184,1,198,0
-4,0,198,1,198,0
-1,8,4,1,198,0
4,4,16,1,198,0
6,6,37,1,198,0
6,-1,41,1,198,0
7,7,52,1,198,0
8,8,57,1,198,0
7,-4,64,1,198,0
5,5,69,1,198,0
3,3,74,1,198,0
8,-7,104,1,198,0
1,-6,109,1,198,0
4,-5,126,1,198,0
3,-2,146,1,198,0
-3,0,195,1,198,0
0,0,177,1,198,0
-6,-2,197,1,198,0
1,1,197,1,198,0
0,-3,197,1,198,0
-3,-4,8,1,198,0
4,5,19,1,198,0
6,-2,46,1,198,0
7,8,56,1,198,0
6,7,57,1,198,0
5,6,61,1,198,0
3,4,67,1,198,0
4,-6,69,1,198,0
7,-5,82,1,198,0
8,-8,97,1,198,0
1,-7,102,1,198,0
3,-3,143,1,198,0
-2,0,168,1,198,0
-2,-1,175,1,198,0
0,-4,193,1,198,0
0,1,194,1,198,0
1,2,197,1,198,0
0,-5,44,1,198,0
6,8,53,1,198,0
3,5,59,1,198,0
4,6,59,1,198,0
5,7,86,1,198,0
8,0,102,1,198,0
7,-6,112,1,198,0
2,4,124,1,198,0
1,3,131,1,198,0
3,-4,134,1,198,0
2,-1,154,1,198,0
-2,1,169,1,198,0
-2,-2,181,1,198,0
0,2,191,1,198,0
-1,0,179,1,198,0
-5,5,3,1,198,0
9,2,3,1,198,0
0,-6,18,1,198,0
6,-4,64,1,198,0
5,8,83,1,198,0
3,-5,86,1,198,0
4,7,89,1,198,0
8,1,106,1,198,0
7,-7,106,1,198,0
3,6,108,1,198,0
7,0,108,1,198,0
2,5,118,1,198,0
2,-2,153,1,198,0
-2,2,171,1,198,0
-1,1,185,1,198,0
0,3,191,1,198,0
-5,-2,196,1,198,0
1,4,197,1,198,0
-2,-3,197,1,198,0
-4,5,8,1,198,0
-2,-4,14,1,198,0
8,-1,33,1,198,0
1,5,41,1,198,0
5,-2,48,1,198,0
7,-8,94,1,198,0
4,8,95,1,198,0
8,2,97,1,198,0
3,7,104,1,198,0
3,-6,109,1,198,0
2,6,111,1,198,0
7,1,112,1,198,0
6,0,114,1,198,0
6,-5,119,1,198,0
2,-3,143,1,198,0
-1,-1,176,1,198,0
-1,2,182,1,198,0
-4,6,14,1,198,0
-3,5,16,1,198,0
2,7,75,1,198,0
0,5,35,1,198,0
8,-2,43,1,198,0
5,-3,57,1,198,0
8,3,91,1,198,0
7,2,92,1,198,0
3,8,97,1,198,0
3,-7,106,1,198,0
6,-6,115,1,198,0
6,1,118,1,198,0
5,0,119,1,198,0
-1,3,126,1,198,0
2,-4,126,1,198,0
1,-1,162,1,198,0
-8,0,169,1,198,0
-1,-2,179,1,198,0
-2,-6,5,1,198,0
-4,7,24,1,198,0
-2,5,112,1,198,0
1,7,81,1,198,0
8,-3,47,1,198,0
8,4,79,1,198,0
7,3,84,1,198,0
3,-8,99,1,198,0
6,-7,109,1,198,0
-1,4,119,1,198,0
2,-5,119,1,198,0
5,1,125,1,198,0
5,-4,129,1,198,0
4,0,131,1,198,0
1,-2,151,1,198,0
-4,-2,189,1,198,0
-7,0,196,1,198,0
0,7,87,1,198,0
-4,8,23,1,198,0
-3,7,32,1,198,0
-1,-4,28,1,198,0
-1,5,113,1,198,0
7,-1,36,1,198,0
8,-4,62,1,198,0
8,5,77,1,198,0
7,4,83,1,198,0
6,3,83,1,198,0
5,2,86,1,198,0
-2,6,106,1,198,0
6,-8,102,1,198,0
2,-6,113,1,198,0
5,-5,124,1,198,0
4,1,128,1,198,0
1,-3,133,1,198,0
3,0,137,1,198,0
-6,0,192,1,198,0
5,3,11,1,199,0
-2,7,97,1,199,0
7,-2,37,1,199,0
-1,-5,36,1,199,0
8,6,65,1,199,0
7,5,72,1,199,0
8,-5,75,1,199,0
6,4,76,1,199,0
4,2,83,1,199,0
2,-7,98,1,199,0
5,-6,118,1,199,0
1,-4,122,1,199,0
4,-3,137,1,199,0
2,0,144,1,199,0
0,-1,159,1,199,0
-5,0,195,1,199,0
-1,7,94,1,199,0
-1,-6,12,1,199,0
6,5,29,1,199,0
7,-3,49,1,199,0
8,-6,63,1,199,0
8,7,64,1,199,0
7,6,69,1,199,0
5,4,73,1,199,0
3,2,75,1,199,0
3,-1,102,1,199,0
1,-5,115,1,199,0
4,-4,134,1,199,0
1,0,149,1,199,0
-3,-2,183,1,199,0
0,-2,184,1,199,0
-4,0,199,1,199,0
-1,8,4,1,199,0
4,4,16,1,199,0
6,6,37,1,199,0
6,-1,41,1,199,0
7,7,52,1,199,0
8,8,57,1,199,0
7,-4,64,1,199,0
5,5,69,1,199,0
3,3,74,1,199,0
8,-7,104,1,199,0
1,-6,109,1,199,0
4,-5,126,1,199,0
3,-2,146,1,199,0
-3,0,195,1,199,0
0,0,177,1,199,0
0,-3,197,1,199,0
-6,-2,198,1,199,0
1,1,198,1,199,0
-3,-4,8,1,199,0
4,5,19,1,199,0
6,-2,46,1,199,0
7,8,56,1,199,0
6,7,57,1,199,0
5,6,61,1,199,0
3,4,67,1,199,0
4,-6,69,1,199,0
7,-5,82,1,199,0
8,-8,97,1,199,0
1,-7,102,1,199,0
3,-3,143,1,199,0
-2,0,168,1,199,0
-2,-1,175,1,199,0
0,1,194,1,199,0
0,-4,198,1,199,0
1,2,198,1,199,0
0,-5,44,1,199,0
6,8,53,1,199,0
3,5,59,1,199,0
4,6,59,1,199,0
5,7,86,1,199,0
8,0,102,1,199,0
7,-6,112,1,199,0
2,4,124,1,199,0
1,3,131,1,199,0
3,-4,134,1,199,0
2,-1,154,1,199,0
-2,1,169,1,199,0
-2,-2,181,1,199,0
0,2,191,1,199,0
-1,0,179,1,199,0
-5,5,3,1,199,0
9,2,3,1,199,0
0,-6,18,1,199,0
6,-4,64,1,199,0
5,8,83,1,199,0
3,-5,86,1,199,0
4,7,89,1,199,0
8,1,106,1,199,0
7,-7,106,1,199,0
3,6,108,1,199,0
7,0,108,1,199,0
2,5,118,1,199,0
2,-2,153,1,199,0
-2,2,171,1,199,0
-1,1,185,1,199,0
0,3,191,1,199,0
-5,-2,196,1,199,0
1,4,198,1,199,0
-2,-3,198,1,199,0
-4,5,8,1,199,0
-2,-4,14,1,199,0
8,-1,33,1,199,0
1,5,41,1,199,0
5,-2,48,1,199,0
7,-8,94,1,199,0
4,8,95,1,199,0
8,2,97,1,199,0
3,7,104,1,199,0
3,-6,109,1,199,0
2,6,111,1,199,0
7,1,112,1,199,0
6,0,114,1,199,0
6,-5,119,1,199,0
2,-3,143,1,199,0
-1,-1,176,1,199,0
-1,2,182,1,199,0
-4,6,14,1,199,0
-3,5,16,1,199,0
2,7,75,1,199,0
0,5,35,1,199,0
8,-2,43,1,199,0
5,-3,57,1,199,0
8,3,91,1,199,0
7,2,92,1,199,0
3,8,97,1,199,0
3,-7,106,1,199,0
6,-6,115,1,199,0
6,1,118,1,199,0
5,0,119,1,199,0
-1,3,126,1,199,0
2,-4,126,1,199,0
1,-1,162,1,199,0
-8,0,169,1,199,0
-1,-2,179,1,199,0
-2,-6,5,1,199,0
-4,7,24,1,199,0
-2,5,112,1,199,0
1,7,81,1,199,0
8,-3,47,1,199,0
8,4,79,1,199,0
7,3,84,1,199,0
3,-8,99,1,199,0
6,-7,109,1,199,0
-1,4,119,1,199,0
2,-5,119,1,199,0
5,1,125,1,199,0
5,-4,129,1,199,0
4,0,131,1,199,0
1,-2,151,1,199,0
-4,-2,189,1,199,0
-7,0,198,1,199,0
0,7,87,1,199,0
-4,8,23,1,199,0
-3,7,32,1,199,0
-1,-4,28,1,199,0
-1,5,113,1,199,0
7,-1,36,1,199,0
8,-4,62,1,199,0
8,5,77,1,199,0
7,4,83,1,199,0
6,3,83,1,199,0
5,2,86,1,199,0
-2,6,106,1,199,0
6,-8,102,1,199,0
2,-6,113,1,199,0
5,-5,124,1,199,0
4,1,128,1,199,0
1,-3,133,1,199,0
3,0,137,1,199,0
-6,0,192,1,199,0
5,3,11,1,200,0
-2,7,97,1,200,0
7,-2,37,1,200,0
-1,-5,36,1,200,0
8,6,65,1,200,0
7,5,72,1,200,0
8,-5,75,1,200,0
6,4,76,1,200,0
4,2,83,1,200,0
2,-7,98,1,200,0
5,-6,118,1,200,0
1,-4,122,1,200,0
4,-3,137,1,200,0
2,0,144,1,200,0
0,-1,159,1,200,0
-5,0,195,1,200,0
-1,7,94,1,200,0
-1,-6,12,1,200,0
6,5,29,1,200,0
7,-3,49,1,200,0
8,-6,63,1,200,0
8,7,64,1,200,0
7,6,69,1,200,0
5,4,73,1,200,0
3,2,75,1,200,0
3,-1,102,1,200,0
1,-5,115,1,200,0
4,-4,134,1,200,0
1,0,149,1,200,0
-3,-2,183,1,200,0
0,-2,184,1,200,0
2,1,199,1,200,0
-4,0,199,1,200,0
-1,8,4,1,200,0
4,4,16,1,200,0
6,6,37,1,200,0
6,-1,41,1,200,0
7,7,52,1,200,0
8,8,57,1,200,0
7,-4,64,1,200,0
5,5,69,1,200,0
3,3,74,1,200,0
8,-7,104,1,200,0
1,-6,109,1,200,0
4,-5,126,1,200,0
3,-2,146,1,200,0
-3,0,195,1,200,0
0,0,177,1,200,0
0,-3,197,1,200,0
-6,-2,199,1,200,0
1,1,199,1,200,0
2,2,199,1,200,0
-3,-4,8,1,200,0
4,5,19,1,200,0
6,-2,46,1,200,0
7,8,56,1,200,0
6,7,57,1,200,0
5,6,61,1,200,0
3,4,67,1,200,0
4,-6,69,1,200,0
7,-5,82,1,200,0
8,-8,97,1,200,0
1,-7,102,1,200,0
3,-3,143,1,200,0
-2,0,168,1,200,0
-2,-1,175,1,200,0
0,1,194,1,200,0
1,2,198,1,200,0
0,-4,199,1,200,0
0,-5,44,1,200,0
6,8,53,1,200,0
3,5,59,1,200,0
4,6,59,1,200,0
5,7,86,1,200,0
8,0,102,1,200,0
7,-6,112,1,200,0
2,4,124,1,200,0
1,3,131,1,200,0
3,-4,134,1,200,0
2,-1,154,1,200,0
-2,1,169,1,200,0
-2,-2,181,1,200,0
0,2,191,1,200,0
-1,0,179,1,200,0
-5,5,3,1,200,0
9,2,3,1,200,0
0,-6,18,1,200,0
6,-4,64,1,200,0
5,8,83,1,200,0
3,-5,86,1,200,0
4,7,89,1,200,0
8,1,106,1,200,0
7,-7,106,1,200,0
3,6,108,1,200,0
7,0,108,1,200,0
2,5,118,1,200,0
2,-2,153,1,200,0
-2,2,171,1,200,0
-1,1,185,1,200,0
0,3,191,1,200,0
-5,-2,196,1,200,0
1,4,198,1,200,0
-2,-3,199,1,200,0
-4,5,8,1,200,0
-2,-4,14,1,200,0
8,-1,33,1,200,0
5,-2,48,1,200,0
7,-8,94,1,200,0
4,8,95,1,200,0
8,2,97,1,200,0
3,7,104,1,200,0
3,-6,109,1,200,0
2,6,111,1,200,0
7,1,112,1,200,0
6,0,114,1,200,0
6,-5,119,1,200,0
2,-3,143,1,200,0
-1,-1,176,1,200,0
-1,2,182,1,200,0
1,5,199,1,200,0
-4,6,14,1,200,0
-3,5,16,1,200,0
2,7,75,1,200,0
0,5,35,1,200,0
8,-2,43,1,200,0
5,-3,57,1,200,0
8,3,91,1,200,0
7,2,92,1,200,0
3,8,97,1,200,0
3,-7,106,1,200,0
6,-6,115,1,200,0
6,1,118,1,200,0
5,0,119,1,200,0
-1,3,126,1,200,0
2,-4,126,1,200,0
1,-1,162,1,200,0
-8,0,169,1,200,0
-1,-2,179,1,200,0
-2,-6,5,1,200,0
-4,7,24,1,200,0
-2,5,112,1,200,0
1,7,81,1,200,0
8,-3,47,1,200,0
8,4,79,1,200,0
7,3,84,1,200,0
3,-8,99,1,200,0
6,-7,109,1,200,0
-1,4,119,1,200,0
2,-5,119,1,200,0
5,1,125,1,200,0
5,-4,129,1,200,0
4,0,131,1,200,0
1,-2,151,1,200,0
-4,-2,189,1,200,0
-7,0,199,1,200,0
0,7,87,1,200,0
-4,8,23,1,200,0
-3,7,32,1,200,0
-1,-4,28,1,200,0
-1,5,113,1,200,0
7,-1,36,1,200,0
8,-4,62,1,200,0
8,5,77,1,200,0
7,4,83,1,200,0
6,3,83,1,200,0
5,2,86,1,200,0
-2,6,106,1,200,0
6,-8,102,1,200,0
2,-6,113,1,200,0
5,-5,124,1,200,0
4,1,128,1,200,0
1,-3,133,1,200,0
3,0,137,1,200,0
-6,0,192,1,200,0
5,3,11,1,201,0
-2,7,97,1,201,0
7,-2,37,1,201,0
-1,-5,36,1,201,0
8,6,65,1,201,0
7,5,72,1,201,0
8,-5,75,1,201,0
6,4,76,1,201,0
4,2,83,1,201,0
2,-7,98,1,201,0
5,-6,118,1,201,0
1,-4,122,1,201,0
4,-3,137,1,201,0
2,0,144,1,201,0
0,-1,159,1,201,0
-5,0,195,1,201,0
-1,7,94,1,201,0
-1,-6,12,1,201,0
6,5,29,1,201,0
7,-3,49,1,201,0
8,-6,63,1,201,0
8,7,64,1,201,0
7,6,69,1,201,0
5,4,73,1,201,0
3,2,75,1,201,0
3,-1,102,1,201,0
1,-5,115,1,201,0
4,-4,134,1,201,0
1,0,149,1,201,0
-3,-2,183,1,201,0
0,-2,184,1,201,0
2,1,199,1,201,0
-4,0,199,1,201,0
-1,8,4,1,201,0
4,4,16,1,201,0
6,6,37,1,201,0
6,-1,41,1,201,0
7,7,52,1,201,0
8,8,57,1,201,0
7,-4,64,1,201,0
5,5,69,1,201,0
3,3,74,1,201,0
8,-7,104,1,201,0
1,-6,109,1,201,0
4,-5,126,1,201,0
3,-2,146,1,201,0
-3,0,201,1,201,0
0,0,177,1,201,0
0,-3,197,1,201,0
-6,-2,199,1,201,0
1,1,199,1,201,0
2,2,199,1,201,0
-3,-4,8,1,201,0
4,5,19,1,201,0
6,-2,46,1,201,0
7,8,56,1,201,0
6,7,57,1,201,0
5,6,61,1,201,0
3,4,67,1,201,0
4,-6,69,1,201,0
7,-5,82,1,201,0
8,-8,97,1,201,0
1,-7,102,1,201,0
3,-3,143,1,201,0
-2,0,168,1,201,0
-2,-1,175,1,201,0
0,1,194,1,201,0
1,2,198,1,201,0
0,-4,199,1,201,0
0,-5,44,1,201,0
6,8,53,1,201,0
3,5,59,1,201,0
4,6,59,1,201,0
5,7,86,1,201,0
8,0,102,1,201,0
7,-6,112,1,201,0
2,4,124,1,201,0
1,3,131,1,201,0
3,-4,134,1,201,0
2,-1,154,1,201,0
-2,1,169,1,201,0
-2,-2,181,1,201,0
0,2,191,1,201,0
-1,0,179,1,201,0
-5,5,3,1,201,0
9,2,3,1,201,0
0,-6,18,1,201,0
6,-4,64,1,201,0
5,8,83,1,201,0
3,-5,86,1,201,0
4,7,89,1,201,0
8,1,106,1,201,0
7,-7,106,1,201,0
3,6,108,1,201,0
7,0,108,1,201,0
2,5,118,1,201,0
2,-2,153,1,201,0
-2,2,171,1,201,0
-1,1,185,1,201,0
0,3,191,1,201,0
-5,-2,196,1,201,0
1,4,198,1,201,0
-2,-3,199,1,201,0
-4,5,8,1,201,0
-2,-4,14,1,201,0
8,-1,33,1,201,0
5,-2,48,1,201,0
7,-8,94,1,201,0
4,8,95,1,201,0
8,2,97,1,201,0
3,7,104,1,201,0
3,-6,109,1,201,0
2,6,111,1,201,0
7,1,112,1,201,0
6,0,114,1,201,0
6,-5,119,1,201,0
2,-3,143,1,201,0
-1,-1,176,1,201,0
-1,2,182,1,201,0
1,5,199,1,201,0
-4,6,14,1,201,0
-3,5,16,1,201,0
2,7,75,1,201,0
0,5,35,1,201,0
8,-2,43,1,201,0
5,-3,57,1,201,0
8,3,91,1,201,0
7,2,92,1,201,0
3,8,97,1,201,0
3,-7,106,1,201,0
6,-6,115,1,201,0
6,1,118,1,201,0
5,0,119,1,201,0
-1,3,126,1,201,0
2,-4,126,1,201,0
1,-1,162,1,201,0
-8,0,169,1,201,0
-1,-2,179,1,201,0
-2,-6,5,1,201,0
-4,7,24,1,201,0
-2,5,112,1,201,0
1,7,81,1,201,0
8,-3,47,1,201,0
8,4,79,1,201,0
7,3,84,1,201,0
3,-8,99,1,201,0
6,-7,109,1,201,0
-1,4,119,1,201,0
2,-5,119,1,201,0
5,1,125,1,201,0
5,-4,129,1,201,0
4,0,131,1,201,0
1,-2,151,1,201,0
-4,-2,189,1,201,0
-7,0,199,1,201,0
0,7,87,1,201,0
-4,8,23,1,201,0
-3,7,32,1,201,0
-1,-4,28,1,201,0
-1,5,113,1,201,0
7,-1,36,1,201,0
8,-4,62,1,201,0
8,5,77,1,201,0
7,4,83,1,201,0
6,3,83,1,201,0
5,2,86,1,201,0
-2,6,106,1,201,0
6,-8,102,1,201,0
2,-6,113,1,201,0
5,-5,124,1,201,0
4,1,128,1,201,0
1,-3,133,1,201,0
3,0,137,1,201,0
-6,0,192,1,201,0
5,3,11,1,202,0
-2,7,97,1,202,0
7,-2,37,1,202,0
-1,-5,36,1,202,0
8,6,65,1,202,0
7,5,72,1,202,0
8,-5,75,1,202,0
6,4,76,1,202,0
4,2,83,1,202,0
2,-7,98,1,202,0
5,-6,118,1,202,0
1,-4,122,1,202,0
4,-3,137,1,202,0
2,0,144,1,202,0
0,-1,159,1,202,0
-5,0,195,1,202,0
-1,7,94,1,202,0
-1,-6,12,1,202,0
6,5,29,1,202,0
7,-3,49,1,202,0
8,-6,63,1,202,0
8,7,64,1,202,0
7,6,69,1,202,0
5,4,73,1,202,0
3,2,75,1,202,0
3,-1,102,1,202,0
1,-5,115,1,202,0
4,-4,134,1,202,0
1,0,149,1,202,0
-3,-2,183,1,202,0
0,-2,184,1,202,0
2,1,199,1,202,0
-4,0,201,1,202,0
-1,8,4,1,202,0
4,4,16,1,202,0
6,6,37,1,202,0
6,-1,41,1,202,0
7,7,52,1,202,0
8,8,57,1,202,0
7,-4,64,1,202,0
5,5,69,1,202,0
3,3,74,1,202,0
8,-7,104,1,202,0
1,-6,109,1,202,0
4,-5,126,1,202,0
3,-2,146,1,202,0
-3,0,202,1,202,0
0,0,177,1,202,0
0,-3,197,1,202,0
-6,-2,201,1,202,0
1,1,201,1,202,0
2,2,201,1,202,0
-3,-4,8,1,202,0
4,5,19,1,202,0
6,-2,46,1,202,0
7,8,56,1,202,0
6,7,57,1,202,0
5,6,61,1,202,0
3,4,67,1,202,0
4,-6,69,1,202,0
7,-5,82,1,202,0
8,-8,97,1,202,0
1,-7,102,1,202,0
3,-3,143,1,202,0
-2,0,168,1,202,0
-2,-1,175,1,202,0
0,1,194,1,202,0
1,2,198,1,202,0
0,-4,199,1,202,0
0,-5,44,1,202,0
6,8,53,1,202,0
3,5,59,1,202,0
4,6,59,1,202,0
5,7,86,1,202,0
8,0,102,1,202,0
7,-6,112,1,202,0
2,4,124,1,202,0
1,3,131,1,202,0
3,-4,134,1,202,0
2,-1,154,1,202,0
-2,1,169,1,202,0
-2,-2,181,1,202,0
0,2,191,1,202,0
-1,0,179,1,202,0
-5,5,3,1,202,0
9,2,3,1,202,0
0,-6,18,1,202,0
6,-4,64,1,202,0
5,8,83,1,202,0
3,-5,86,1,202,0
4,7,89,1,202,0
8,1,106,1,202,0
7,-7,106,1,202,0
3,6,108,1,202,0
7,0,108,1,202,0
2,5,118,1,202,0
2,-2,153,1,202,0
-2,2,171,1,202,0
-1,1,185,1,202,0
0,3,191,1,202,0
-5,-2,196,1,202,0
1,4,198,1,202,0
-2,-3,201,1,202,0
-4,5,8,1,202,0
-2,-4,14,1,202,0
8,-1,33,1,202,0
5,-2,48,1,202,0
7,-8,94,1,202,0
4,8,95,1,202,0
8,2,97,1,202,0
3,7,104,1,202,0
3,-6,109,1,202,0
2,6,111,1,202,0
7,1,112,1,202,0
6,0,114,1,202,0
6,-5,119,1,202,0
2,-3,143,1,202,0
-1,-1,176,1,202,0
-1,2,182,1,202,0
1,5,201,1,202,0
-4,6,14,1,202,0
-3,5,16,1,202,0
2,7,75,1,202,0
0,5,35,1,202,0
8,-2,43,1,202,0
5,-3,57,1,202,0
8,3,91,1,202,0
7,2,92,1,202,0
3,8,97,1,202,0
3,-7,106,1,202,0
6,-6,115,1,202,0
6,1,118,1,202,0
5,0,119,1,202,0
-1,3,126,1,202,0
2,-4,126,1,202,0
1,-1,162,1,202,0
-1,-2,179,1,202,0
-8,0,201,1,202,0
-2,-6,5,1,202,0
-4,7,24,1,202,0
-2,5,112,1,202,0
1,7,81,1,202,0
8,-3,47,1,202,0
8,4,79,1,202,0
7,3,84,1,202,0
3,-8,99,1,202,0
6,-7,109,1,202,0
-1,4,119,1,202,0
2,-5,119,1,202,0
5,1,125,1,202,0
5,-4,129,1,202,0
4,0,131,1,202,0
1,-2,151,1,202,0
-4,-2,189,1,202,0
-7,0,199,1,202,0
-1,-3,201,1,202,0
0,7,87,1,202,0
-4,8,23,1,202,0
-3,7,32,1,202,0
-1,-4,28,1,202,0
-1,5,113,1,202,0
7,-1,36,1,202,0
8,-4,62,1,202,0
8,5,77,1,202,0
7,4,83,1,202,0
6,3,83,1,202,0
5,2,86,1,202,0
-2,6,106,1,202,0
6,-8,102,1,202,0
2,-6,113,1,202,0
5,-5,124,1,202,0
4,1,128,1,202,0
1,-3,133,1,202,0
3,0,137,1,202,0
-6,0,192,1,202,0
5,3,11,1,203,0
-2,7,97,1,203,0
7,-2,37,1,203,0
-1,-5,36,1,203,0
8,6,65,1,203,0
7,5,72,1,203,0
8,-5,75,1,203,0
6,4,76,1,203,0
4,2,83,1,203,0
2,-7,98,1,203,0
5,-6,118,1,203,0
1,-4,122,1,203,0
4,-3,137,1,203,0
2,0,144,1,203,0
0,-1,159,1,203,0
-5,0,195,1,203,0
-1,7,94,1,203,0
-1,-6,12,1,203,0
6,5,29,1,203,0
7,-3,49,1,203,0
8,-6,63,1,203,0
8,7,64,1,203,0
7,6,69,1,203,0
5,4,73,1,203,0
3,2,75,1,203,0
3,-1,102,1,203,0
1,-5,115,1,203,0
4,-4,134,1,203,0
1,0,149,1,203,0
-3,-2,183,1,203,0
0,-2,184,1,203,0
-4,0,201,1,203,0
2,1,202,1,203,0
-1,8,4,1,203,0
4,4,16,1,203,0
6,6,37,1,203,0
6,-1,41,1,203,0
7,7,52,1,203,0
8,8,57,1,203,0
7,-4,64,1,203,0
5,5,69,1,203,0
3,3,74,1,203,0
8,-7,104,1,203,0
1,-6,109,1,203,0
4,-5,126,1,203,0
3,-2,146,1,203,0
0,0,177,1,203,0
0,-3,197,1,203,0
-6,-2,201,1,203,0
1,1,201,1,203,0
-3,0,203,1,203,0
2,2,202,1,203,0
-3,-4,8,1,203,0
4,5,19,1,203,0
6,-2,46,1,203,0
7,8,56,1,203,0
6,7,57,1,203,0
5,6,61,1,203,0
3,4,67,1,203,0
4,-6,69,1,203,0
7,-5,82,1,203,0
8,-8,97,1,203,0
1,-7,102,1,203,0
3,-3,143,1,203,0
-2,0,168,1,203,0
-2,-1,175,1,203,0
0,1,194,1,203,0
1,2,198,1,203,0
0,-4,199,1,203,0
0,-5,44,1,203,0
6,8,53,1,203,0
3,5,59,1,203,0
4,6,59,1,203,0
5,7,86,1,203,0
8,0,102,1,203,0
7,-6,112,1,203,0
2,4,124,1,203,0
1,3,131,1,203,0
3,-4,134,1,203,0
2,-1,154,1,203,0
-2,1,169,1,203,0
-2,-2,181,1,203,0
0,2,191,1,203,0
-1,0,179,1,203,0
-5,5,3,1,203,0
9,2,3,1,203,0
0,-6,18,1,203,0
6,-4,64,1,203,0
5,8,83,1,203,0
3,-5,86,1,203,0
4,7,89,1,203,0
8,1,106,1,203,0
7,-7,106,1,203,0
3,6,108,1,203,0
7,0,108,1,203,0
2,5,118,1,203,0
2,-2,153,1,203,0
-2,2,171,1,203,0
-1,1,185,1,203,0
0,3,191,1,203,0
-5,-2,196,1,203,0
1,4,198,1,203,0
-2,-3,202,1,203,0
-4,5,8,1,203,0
-2,-4,14,1,203,0
8,-1,33,1,203,0
5,-2,48,1,203,0
7,-8,94,1,203,0
4,8,95,1,203,0
8,2,97,1,203,0
3,7,104,1,203,0
3,-6,109,1,203,0
2,6,111,1,203,0
7,1,112,1,203,0
6,0,114,1,203,0
6,-5,119,1,203,0
2,-3,143,1,203,0
-1,-1,176,1,203,0
-1,2,182,1,203,0
1,5,202,1,203,0
-4,6,14,1,203,0
-3,5,16,1,203,0
2,7,75,1,203,0
0,5,35,1,203,0
8,-2,43,1,203,0
5,-3,57,1,203,0
8,3,91,1,203,0
7,2,92,1,203,0
3,8,97,1,203,0
3,-7,106,1,203,0
6,-6,115,1,203,0
6,1,118,1,203,0
5,0,119,1,203,0
-1,3,126,1,203,0
2,-4,126,1,203,0
1,-1,162,1,203,0
-1,-2,179,1,203,0
-8,0,201,1,203,0
-2,-6,5,1,203,0
-4,7,24,1,203,0
-2,5,112,1,203,0
1,7,81,1,203,0
8,-3,47,1,203,0
8,4,79,1,203,0
7,3,84,1,203,0
3,-8,99,1,203,0
6,-7,109,1,203,0
-1,4,119,1,203,0
2,-5,119,1,203,0
5,1,125,1,203,0
5,-4,129,1,203,0
4,0,131,1,203,0
1,-2,151,1,203,0
-4,-2,189,1,203,0
-7,0,199,1,203,0
-1,-3,202,1,203,0
0,7,87,1,203,0
-4,8,23,1,203,0
-3,7,32,1,203,0
-1,-4,28,1,203,0
-1,5,113,1,203,0
7,-1,36,1,203,0
8,-4,62,1,203,0
8,5,77,1,203,0
7,4,83,1,203,0
6,3,83,1,203,0
5,2,86,1,203,0
-2,6,106,1,203,0
6,-8,102,1,203,0
2,-6,113,1,203,0
5,-5,124,1,203,0
4,1,128,1,203,0
1,-3,133,1,203,0
3,0,137,1,203,0
-6,0,192,1,203,0
5,3,11,1,204,0
-2,7,97,1,204,0
7,-2,37,1,204,0
-1,-5,36,1,204,0
8,6,65,1,204,0
7,5,72,1,204,0
8,-5,75,1,204,0
6,4,76,1,204,0
4,2,83,1,204,0
2,-7,98,1,204,0
5,-6,118,1,204,0
1,-4,122,1,204,0
4,-3,137,1,204,0
2,0,144,1,204,0
0,-1,159,1,204,0
-5,0,195,1,204,0
-1,7,94,1,204,0
-1,-6,12,1,204,0
6,5,29,1,204,0
7,-3,49,1,204,0
8,-6,63,1,204,0
8,7,64,1,204,0
7,6,69,1,204,0
5,4,73,1,204,0
3,2,75,1,204,0
3,-1,102,1,204,0
1,-5,115,1,204,0
4,-4,134,1,204,0
1,0,149,1,204,0
-3,-2,183,1,204,0
0,-2,184,1,204,0
-4,0,201,1,204,0
2,1,203,1,204,0
-1,8,4,1,204,0
4,4,16,1,204,0
6,6,37,1,204,0
6,-1,41,1,204,0
7,7,52,1,204,0
8,8,57,1,204,0
7,-4,64,1,204,0
5,5,69,1,204,0
3,3,74,1,204,0
8,-7,104,1,204,0
1,-6,109,1,204,0
4,-5,126,1,204,0
3,-2,146,1,204,0
0,0,177,1,204,0
1,1,201,1,204,0
-6,-2,202,1,204,0
-3,0,204,1,204,0
0,-3,203,1,204,0
2,2,203,1,204,0
-3,-4,8,1,204,0
4,5,19,1,204,0
6,-2,46,1,204,0
7,8,56,1,204,0
6,7,57,1,204,0
5,6,61,1,204,0
3,4,67,1,204,0
4,-6,69,1,204,0
7,-5,82,1,204,0
8,-8,97,1,204,0
1,-7,102,1,204,0
3,-3,143,1,204,0
-2,0,168,1,204,0
-2,-1,175,1,204,0
0,1,194,1,204,0
1,2,198,1,204,0
0,-4,199,1,204,0
0,-5,44,1,204,0
6,8,53,1,204,0
3,5,59,1,204,0
4,6,59,1,204,0
5,7,86,1,204,0
8,0,102,1,204,0
7,-6,112,1,204,0
2,4,124,1,204,0
1,3,131,1,204,0
3,-4,134,1,204,0
2,-1,154,1,204,0
-2,1,169,1,204,0
-2,-2,181,1,204,0
0,2,191,1,204,0
-1,0,179,1,204,0
-5,5,3,1,204,0
9,2,3,1,204,0
0,-6,18,1,204,0
6,-4,64,1,204,0
5,8,83,1,204,0
3,-5,86,1,204,0
4,7,89,1,204,0
8,1,106,1,204,0
7,-7,106,1,204,0
3,6,108,1,204,0
7,0,108,1,204,0
2,5,118,1,204,0
2,-2,153,1,204,0
-2,2,171,1,204,0
-1,1,185,1,204,0
0,3,191,1,204,0
-5,-2,196,1,204,0
1,4,198,1,204,0
-2,-3,203,1,204,0
-4,5,8,1,204,0
-2,-4,14,1,204,0
8,-1,33,1,204,0
5,-2,48,1,204,0
7,-8,94,1,204,0
4,8,95,1,204,0
8,2,97,1,204,0
3,7,104,1,204,0
3,-6,109,1,204,0
2,6,111,1,204,0
7,1,112,1,204,0
6,0,114,1,204,0
6,-5,119,1,204,0
2,-3,143,1,204,0
-1,-1,176,1,204,0
-1,2,182,1,204,0
1,5,203,1,204,0
-4,6,14,1,204,0
-3,5,16,1,204,0
2,7,75,1,204,0
0,5,35,1,204,0
8,-2,43,1,204,0
5,-3,57,1,204,0
8,3,91,1,204,0
7,2,92,1,204,0
3,8,97,1,204,0
3,-7,106,1,204,0
6,-6,115,1,204,0
6,1,118,1,204,0
5,0,119,1,204,0
-1,3,126,1,204,0
2,-4,126,1,204,0
1,-1,162,1,204,0
-1,-2,179,1,204,0
-8,0,203,1,204,0
-2,-6,5,1,204,0
-4,7,24,1,204,0
-2,5,112,1,204,0
1,7,81,1,204,0
8,-3,47,1,204,0
8,4,79,1,204,0
7,3,84,1,204,0
3,-8,99,1,204,0
6,-7,109,1,204,0
-1,4,119,1,204,0
2,-5,119,1,204,0
5,1,125,1,204,0
5,-4,129,1,204,0
4,0,131,1,204,0
1,-2,151,1,204,0
-4,-2,189,1,204,0
-7,0,199,1,204,0
-1,-3,202,1,204,0
0,7,87,1,204,0
-4,8,23,1,204,0
-3,7,32,1,204,0
-1,-4,28,1,204,0
-1,5,113,1,204,0
7,-1,36,1,204,0
8,-4,62,1,204,0
8,5,77,1,204,0
7,4,83,1,204,0
6,3,83,1,204,0
5,2,86,1,204,0
-2,6,106,1,204,0
6,-8,102,1,204,0
2,-6,113,1,204,0
5,-5,124,1,204,0
4,1,128,1,204,0
1,-3,133,1,204,0
3,0,137,1,204,0
-6,0,192,1,204,0
5,3,11,1,205,0
-2,7,97,1,205,0
7,-2,37,1,205,0
-1,-5,36,1,205,0
8,6,65,1,205,0
7,5,72,1,205,0
8,-5,75,1,205,0
6,4,76,1,205,0
4,2,83,1,205,0
2,-7,98,1,205,0
5,-6,118,1,205,0
1,-4,122,1,205,0
4,-3,137,1,205,0
2,0,144,1,205,0
0,-1,159,1,205,0
-5,0,195,1,205,0
-1,7,94,1,205,0
-1,-6,12,1,205,0
6,5,29,1,205,0
7,-3,49,1,205,0
8,-6,63,1,205,0
8,7,64,1,205,0
7,6,69,1,205,0
5,4,73,1,205,0
3,2,75,1,205,0
3,-1,102,1,205,0
1,-5,115,1,205,0
4,-4,134,1,205,0
1,0,149,1,205,0
-3,-2,183,1,205,0
0,-2,184,1,205,0
-4,0,201,1,205,0
2,1,204,1,205,0
-1,8,4,1,205,0
4,4,16,1,205,0
6,6,37,1,205,0
6,-1,41,1,205,0
7,7,52,1,205,0
8,8,57,1,205,0
7,-4,64,1,205,0
5,5,69,1,205,0
3,3,74,1,205,0
8,-7,104,1,205,0
1,-6,109,1,205,0
4,-5,126,1,205,0
3,-2,146,1,205,0
0,0,177,1,205,0
1,1,201,1,205,0
-6,-2,202,1,205,0
0,-3,203,1,205,0
-3,0,205,1,205,0
2,2,204,1,205,0
-3,-4,8,1,205,0
4,5,19,1,205,0
6,-2,46,1,205,0
7,8,56,1,205,0
6,7,57,1,205,0
5,6,61,1,205,0
3,4,67,1,205,0
4,-6,69,1,205,0
7,-5,82,1,205,0
8,-8,97,1,205,0
1,-7,102,1,205,0
3,-3,143,1,205,0
-2,0,168,1,205,0
-2,-1,175,1,205,0
0,1,194,1,205,0
1,2,198,1,205,0
0,-4,204,1,205,0
0,-5,44,1,205,0
6,8,53,1,205,0
3,5,59,1,205,0
4,6,59,1,205,0
5,7,86,1,205,0
8,0,102,1,205,0
7,-6,112,1,205,0
2,4,124,1,205,0
1,3,131,1,205,0
3,-4,134,1,205,0
2,-1,154,1,205,0
-2,1,169,1,205,0
-2,-2,181,1,205,0
0,2,191,1,205,0
-1,0,179,1,205,0
-5,5,3,1,205,0
9,2,3,1,205,0
0,-6,18,1,205,0
6,-4,64,1,205,0
5,8,83,1,205,0
3,-5,86,1,205,0
4,7,89,1,205,0
8,1,106,1,205,0
7,-7,106,1,205,0
3,6,108,1,205,0
7,0,108,1,205,0
2,5,118,1,205,0
2,-2,153,1,205,0
-2,2,171,1,205,0
-1,1,185,1,205,0
0,3,191,1,205,0
-5,-2,196,1,205,0
1,4,198,1,205,0
-2,-3,204,1,205,0
-4,5,8,1,205,0
-2,-4,14,1,205,0
8,-1,33,1,205,0
5,-2,48,1,205,0
7,-8,94,1,205,0
4,8,95,1,205,0
8,2,97,1,205,0
3,7,104,1,205,0
3,-6,109,1,205,0
2,6,111,1,205,0
7,1,112,1,205,0
6,0,114,1,205,0
6,-5,119,1,205,0
2,-3,143,1,205,0
-1,-1,176,1,205,0
-1,2,182,1,205,0
1,5,203,1,205,0
-4,6,14,1,205,0
-3,5,16,1,205,0
2,7,75,1,205,0
8,-2,43,1,205,0
5,-3,57,1,205,0
8,3,91,1,205,0
7,2,92,1,205,0
3,8,97,1,205,0
3,-7,106,1,205,0
6,-6,115,1,205,0
6,1,118,1,205,0
5,0,119,1,205,0
-1,3,126,1,205,0
2,-4,126,1,205,0
1,-1,162,1,205,0
-1,-2,179,1,205,0
0,5,204,1,205,0
-8,0,204,1,205,0
-2,-6,5,1,205,0
-4,7,24,1,205,0
-2,5,112,1,205,0
1,7,81,1,205,0
8,-3,47,1,205,0
8,4,79,1,205,0
7,3,84,1,205,0
3,-8,99,1,205,0
6,-7,109,1,205,0
-1,4,119,1,205,0
2,-5,119,1,205,0
5,1,125,1,205,0
5,-4,129,1,205,0
4,0,131,1,205,0
1,-2,151,1,205,0
-4,-2,189,1,205,0
-7,0,199,1,205,0
-1,-3,202,1,205,0
0,7,87,1,205,0
-4,8,23,1,205,0
-3,7,32,1,205,0
-1,-4,28,1,205,0
-1,5,113,1,205,0
7,-1,36,1,205,0
8,-4,62,1,205,0
8,5,77,1,205,0
7,4,83,1,205,0
6,3,83,1,205,0
5,2,86,1,205,0
-2,6,106,1,205,0
6,-8,102,1,205,0
2,-6,113,1,205,0
5,-5,124,1,205,0
4,1,128,1,205,0
1,-3,133,1,205,0
3,0,137,1,205,0
-6,0,192,1,205,0
-7,-2,203,1,205,0
5,3,11,1,206,0
-2,7,97,1,206,0
7,-2,37,1,206,0
-1,-5,36,1,206,0
8,6,65,1,206,0
7,5,72,1,206,0
8,-5,75,1,206,0
6,4,76,1,206,0
4,2,83,1,206,0
2,-7,98,1,206,0
5,-6,118,1,206,0
1,-4,122,1,206,0
4,-3,137,1,206,0
2,0,144,1,206,0
0,-1,159,1,206,0
-5,0,195,1,206,0
-1,7,94,1,206,0
-1,-6,12,1,206,0
6,5,29,1,206,0
7,-3,49,1,206,0
8,-6,63,1,206,0
8,7,64,1,206,0
7,6,69,1,206,0
5,4,73,1,206,0
3,2,75,1,206,0
3,-1,102,1,206,0
1,-5,115,1,206,0
4,-4,134,1,206,0
1,0,149,1,206,0
-3,-2,183,1,206,0
0,-2,184,1,206,0
-4,0,205,1,206,0
2,1,205,1,206,0
-1,8,4,1,206,0
4,4,16,1,206,0
6,6,37,1,206,0
6,-1,41,1,206,0
7,7,52,1,206,0
8,8,57,1,206,0
7,-4,64,1,206,0
5,5,69,1,206,0
3,3,74,1,206,0
8,-7,104,1,206,0
1,-6,109,1,206,0
4,-5,126,1,206,0
3,-2,146,1,206,0
0,0,177,1,206,0
1,1,201,1,206,0
-6,-2,202,1,206,0
0,-3,203,1,206,0
-3,0,206,1,206,0
2,2,205,1,206,0
-3,-4,8,1,206,0
4,5,19,1,206,0
6,-2,46,1,206,0
7,8,56,1,206,0
6,7,57,1,206,0
5,6,61,1,206,0
3,4,67,1,206,0
4,-6,69,1,206,0
7,-5,82,1,206,0
8,-8,97,1,206,0
1,-7,102,1,206,0
3,-3,143,1,206,0
-2,0,168,1,206,0
-2,-1,175,1,206,0
0,1,194,1,206,0
1,2,198,1,206,0
0,-4,205,1,206,0
0,-5,44,1,206,0
6,8,53,1,206,0
3,5,59,1,206,0
4,6,59,1,206,0
5,7,86,1,206,0
8,0,102,1,206,0
7,-6,112,1,206,0
2,4,124,1,206,0
1,3,131,1,206,0
3,-4,134,1,206,0
2,-1,154,1,206,0
-2,1,169,1,206,0
-2,-2,181,1,206,0
0,2,191,1,206,0
-1,0,179,1,206,0
-5,5,3,1,206,0
9,2,3,1,206,0
0,-6,18,1,206,0
6,-4,64,1,206,0
5,8,83,1,206,0
3,-5,86,1,206,0
4,7,89,1,206,0
8,1,106,1,206,0
7,-7,106,1,206,0
3,6,108,1,206,0
7,0,108,1,206,0
2,5,118,1,206,0
2,-2,153,1,206,0
-2,2,171,1,206,0
-1,1,185,1,206,0
0,3,191,1,206,0
-5,-2,196,1,206,0
1,4,198,1,206,0
-2,-3,205,1,206,0
-4,5,8,1,206,0
-2,-4,14,1,206,0
8,-1,33,1,206,0
5,-2,48,1,206,0
7,-8,94,1,206,0
4,8,95,1,206,0
8,2,97,1,206,0
3,7,104,1,206,0
3,-6,109,1,206,0
2,6,111,1,206,0
7,1,112,1,206,0
6,0,114,1,206,0
6,-5,119,1,206,0
2,-3,143,1,206,0
-1,-1,176,1,206,0
-1,2,182,1,206,0
1,5,203,1,206,0
-4,6,14,1,206,0
-3,5,16,1,206,0
2,7,75,1,206,0
8,-2,43,1,206,0
5,-3,57,1,206,0
8,3,91,1,206,0
7,2,92,1,206,0
3,8,97,1,206,0
3,-7,106,1,206,0
6,-6,115,1,206,0
6,1,118,1,206,0
5,0,119,1,206,0
-1,3,126,1,206,0
2,-4,126,1,206,0
1,-1,162,1,206,0
-1,-2,179,1,206,0
0,5,205,1,206,0
-8,0,205,1,206,0
-2,-6,5,1,206,0
-4,7,24,1,206,0
-2,5,112,1,206,0
1,7,81,1,206,0
8,-3,47,1,206,0
8,4,79,1,206,0
7,3,84,1,206,0
3,-8,99,1,206,0
6,-7,109,1,206,0
-1,4,119,1,206,0
2,-5,119,1,206,0
5,1,125,1,206,0
5,-4,129,1,206,0
4,0,131,1,206,0
1,-2,151,1,206,0
-4,-2,189,1,206,0
-7,0,199,1,206,0
-1,-3,202,1,206,0
0,7,87,1,206,0
-4,8,23,1,206,0
-3,7,32,1,206,0
-1,-4,28,1,206,0
-1,5,113,1,206,0
7,-1,36,1,206,0
8,-4,62,1,206,0
8,5,77,1,206,0
7,4,83,1,206,0
6,3,83,1,206,0
5,2,86,1,206,0
-2,6,106,1,206,0
6,-8,102,1,206,0
2,-6,113,1,206,0
5,-5,124,1,206,0
4,1,128,1,206,0
1,-3,133,1,206,0
3,0,137,1,206,0
-6,0,192,1,206,0
-7,-2,205,1,206,0
5,3,11,1,207,0
-2,7,97,1,207,0
7,-2,37,1,207,0
-1,-5,36,1,207,0
8,6,65,1,207,0
7,5,72,1,207,0
8,-5,75,1,207,0
6,4,76,1,207,0
4,2,83,1,207,0
2,-7,98,1,207,0
5,-6,118,1,207,0
1,-4,122,1,207,0
4,-3,137,1,207,0
2,0,144,1,207,0
0,-1,159,1,207,0
-5,0,195,1,207,0
-1,7,94,1,207,0
-1,-6,12,1,207,0
6,5,29,1,207,0
7,-3,49,1,207,0
8,-6,63,1,207,0
8,7,64,1,207,0
7,6,69,1,207,0
5,4,73,1,207,0
3,-1,102,1,207,0
1,-5,115,1,207,0
4,-4,134,1,207,0
1,0,149,1,207,0
-3,-2,183,1,207,0
0,-2,184,1,207,0
-4,0,206,1,207,0
2,1,206,1,207,0
3,2,206,1,207,0
-1,8,4,1,207,0
4,4,16,1,207,0
6,6,37,1,207,0
6,-1,41,1,207,0
7,7,52,1,207,0
8,8,57,1,207,0
7,-4,64,1,207,0
5,5,69,1,207,0
3,3,74,1,207,0
8,-7,104,1,207,0
1,-6,109,1,207,0
4,-5,126,1,207,0
3,-2,146,1,207,0
0,0,177,1,207,0
1,1,201,1,207,0
-6,-2,202,1,207,0
0,-3,203,1,207,0
-3,0,207,1,207,0
2,2,206,1,207,0
-3,-4,8,1,207,0
4,5,19,1,207,0
6,-2,46,1,207,0
7,8,56,1,207,0
6,7,57,1,207,0
5,6,61,1,207,0
3,4,67,1,207,0
4,-6,69,1,207,0
7,-5,82,1,207,0
8,-8,97,1,207,0
1,-7,102,1,207,0
3,-3,143,1,207,0
-2,0,168,1,207,0
-2,-1,175,1,207,0
0,1,194,1,207,0
1,2,198,1,207,0
0,-4,206,1,207,0
0,-5,44,1,207,0
6,8,53,1,207,0
3,5,59,1,207,0
4,6,59,1,207,0
5,7,86,1,207,0
8,0,102,1,207,0
7,-6,112,1,207,0
2,4,124,1,207,0
1,3,131,1,207,0
3,-4,134,1,207,0
2,-1,154,1,207,0
-2,1,169,1,207,0
-2,-2,181,1,207,0
0,2,191,1,207,0
-1,0,179,1,207,0
-5,5,3,1,207,0
9,2,3,1,207,0
0,-6,18,1,207,0
6,-4,64,1,207,0
5,8,83,1,207,0
3,-5,86,1,207,0
4,7,89,1,207,0
8,1,106,1,207,0
7,-7,106,1,207,0
3,6,108,1,207,0
7,0,108,1,207,0
2,5,118,1,207,0
2,-2,153,1,207,0
-2,2,171,1,207,0
-1,1,185,1,207,0
0,3,191,1,207,0
-5,-2,196,1,207,0
1,4,198,1,207,0
-2,-3,206,1,207,0
-4,5,8,1,207,0
-2,-4,14,1,207,0
8,-1,33,1,207,0
5,-2,48,1,207,0
7,-8,94,1,207,0
4,8,95,1,207,0
8,2,97,1,207,0
3,7,104,1,207,0
3,-6,109,1,207,0
2,6,111,1,207,0
7,1,112,1,207,0
6,0,114,1,207,0
6,-5,119,1,207,0
2,-3,143,1,207,0
-1,-1,176,1,207,0
-1,2,182,1,207,0
1,5,203,1,207,0
-4,6,14,1,207,0
-3,5,16,1,207,0
2,7,75,1,207,0
8,-2,43,1,207,0
5,-3,57,1,207,0
8,3,91,1,207,0
7,2,92,1,207,0
3,8,97,1,207,0
3,-7,106,1,207,0
6,-6,115,1,207,0
6,1,118,1,207,0
5,0,119,1,207,0
-1,3,126,1,207,0
2,-4,126,1,207,0
1,-1,162,1,207,0
-1,-2,179,1,207,0
-8,0,205,1,207,0
0,5,206,1,207,0
-2,-6,5,1,207,0
-4,7,24,1,207,0
-2,5,112,1,207,0
1,7,81,1,207,0
8,-3,47,1,207,0
8,4,79,1,207,0
7,3,84,1,207,0
3,-8,99,1,207,0
6,-7,109,1,207,0
-1,4,119,1,207,0
2,-5,119,1,207,0
5,1,125,1,207,0
5,-4,129,1,207,0
4,0,131,1,207,0
1,-2,151,1,207,0
-4,-2,189,1,207,0
-1,-3,202,1,207,0
-7,0,206,1,207,0
0,7,87,1,207,0
-4,8,23,1,207,0
-3,7,32,1,207,0
-1,-4,28,1,207,0
-1,5,113,1,207,0
7,-1,36,1,207,0
8,-4,62,1,207,0
8,5,77,1,207,0
7,4,83,1,207,0
6,3,83,1,207,0
5,2,86,1,207,0
-2,6,106,1,207,0
6,-8,102,1,207,0
2,-6,113,1,207,0
5,-5,124,1,207,0
4,1,128,1,207,0
1,-3,133,1,207,0
3,0,137,1,207,0
-6,0,192,1,207,0
-7,-2,205,1,207,0
5,3,11,1,208,0
-2,7,97,1,208,0
7,-2,37,1,208,0
-1,-5,36,1,208,0
8,6,65,1,208,0
7,5,72,1,208,0
8,-5,75,1,208,0
6,4,76,1,208,0
4,2,83,1,208,0
2,-7,98,1,208,0
5,-6,118,1,208,0
1,-4,122,1,208,0
4,-3,137,1,208,0
2,0,144,1,208,0
0,-1,159,1,208,0
-5,0,195,1,208,0
-1,7,94,1,208,0
-1,-6,12,1,208,0
6,5,29,1,208,0
7,-3,49,1,208,0
8,-6,63,1,208,0
8,7,64,1,208,0
7,6,69,1,208,0
5,4,73,1,208,0
3,-1,102,1,208,0
1,-5,115,1,208,0
4,-4,134,1,208,0
1,0,149,1,208,0
-3,-2,183,1,208,0
0,-2,184,1,208,0
3,2,207,1,208,0
-4,0,207,1,208,0
2,1,207,1,208,0
-1,8,4,1,208,0
4,4,16,1,208,0
6,6,37,1,208,0
6,-1,41,1,208,0
7,7,52,1,208,0
8,8,57,1,208,0
7,-4,64,1,208,0
5,5,69,1,208,0
8,-7,104,1,208,0
1,-6,109,1,208,0
4,-5,126,1,208,0
3,-2,146,1,208,0
0,0,177,1,208,0
1,1,201,1,208,0
-6,-2,202,1,208,0
0,-3,203,1,208,0
-3,0,208,1,208,0
2,2,206,1,208,0
3,3,207,1,208,0
-3,-4,8,1,208,0
4,5,19,1,208,0
6,-2,46,1,208,0
7,8,56,1,208,0
6,7,57,1,208,0
5,6,61,1,208,0
3,4,67,1,208,0
4,-6,69,1,208,0
7,-5,82,1,208,0
8,-8,97,1,208,0
1,-7,102,1,208,0
3,-3,143,1,208,0
-2,0,168,1,208,0
-2,-1,175,1,208,0
0,1,194,1,208,0
1,2,198,1,208,0
0,-4,207,1,208,0
0,-5,44,1,208,0
6,8,53,1,208,0
3,5,59,1,208,0
4,6,59,1,208,0
5,7,86,1,208,0
8,0,102,1,208,0
7,-6,112,1,208,0
2,4,124,1,208,0
1,3,131,1,208,0
3,-4,134,1,208,0
2,-1,154,1,208,0
-2,1,169,1,208,0
-2,-2,181,1,208,0
0,2,191,1,208,0
-1,0,179,1,208,0
-5,5,3,1,208,0
9,2,3,1,208,0
0,-6,18,1,208,0
6,-4,64,1,208,0
5,8,83,1,208,0
3,-5,86,1,208,0
4,7,89,1,208,0
8,1,106,1,208,0
7,-7,106,1,208,0
3,6,108,1,208,0
7,0,108,1,208,0
2,5,118,1,208,0
2,-2,153,1,208,0
-2,2,171,1,208,0
-1,1,185,1,208,0
0,3,191,1,208,0
-5,-2,196,1,208,0
1,4,198,1,208,0
-2,-3,207,1,208,0
-4,5,8,1,208,0
-2,-4,14,1,208,0
8,-1,33,1,208,0
5,-2,48,1,208,0
7,-8,94,1,208,0
4,8,95,1,208,0
8,2,97,1,208,0
3,7,104,1,208,0
3,-6,109,1,208,0
2,6,111,1,208,0
7,1,112,1,208,0
6,0,114,1,208,0
6,-5,119,1,208,0
2,-3,143,1,208,0
-1,-1,176,1,208,0
-1,2,182,1,208,0
1,5,203,1,208,0
-4,6,14,1,208,0
-3,5,16,1,208,0
2,7,75,1,208,0
8,-2,43,1,208,0
5,-3,57,1,208,0
8,3,91,1,208,0
7,2,92,1,208,0
3,8,97,1,208,0
3,-7,106,1,208,0
6,-6,115,1,208,0
6,1,118,1,208,0
5,0,119,1,208,0
-1,3,126,1,208,0
2,-4,126,1,208,0
1,-1,162,1,208,0
-1,-2,179,1,208,0
-8,0,205,1,208,0
0,5,206,1,208,0
-2,-6,5,1,208,0
-4,7,24,1,208,0
-2,5,112,1,208,0
1,7,81,1,208,0
8,-3,47,1,208,0
8,4,79,1,208,0
7,3,84,1,208,0
3,-8,99,1,208,0
6,-7,109,1,208,0
-1,4,119,1,208,0
2,-5,119,1,208,0
5,1,125,1,208,0
5,-4,129,1,208,0
4,0,131,1,208,0
1,-2,151,1,208,0
-4,-2,189,1,208,0
-1,-3,202,1,208,0
0,6,207,1,208,0
-7,0,207,1,208,0
0,7,87,1,208,0
-4,8,23,1,208,0
-3,7,32,1,208,0
-1,-4,28,1,208,0
-1,5,113,1,208,0
7,-1,36,1,208,0
8,-4,62,1,208,0
8,5,77,1,208,0
7,4,83,1,208,0
6,3,83,1,208,0
5,2,86,1,208,0
-2,6,106,1,208,0
6,-8,102,1,208,0
2,-6,113,1,208,0
5,-5,124,1,208,0
4,1,128,1,208,0
1,-3,133,1,208,0
3,0,137,1,208,0
-6,0,192,1,208,0
-7,-2,206,1,208,0
5,3,11,1,209,0
-2,7,97,1,209,0
7,-2,37,1,209,0
-1,-5,36,1,209,0
8,6,65,1,209,0
7,5,72,1,209,0
8,-5,75,1,209,0
6,4,76,1,209,0
4,2,83,1,209,0
2,-7,98,1,209,0
5,-6,118,1,209,0
1,-4,122,1,209,0
4,-3,137,1,209,0
2,0,144,1,209,0
0,-1,159,1,209,0
-5,0,195,1,209,0
-1,7,94,1,209,0
-1,-6,12,1,209,0
6,5,29,1,209,0
7,-3,49,1,209,0
8,-6,63,1,209,0
8,7,64,1,209,0
7,6,69,1,209,0
5,4,73,1,209,0
3,-1,102,1,209,0
1,-5,115,1,209,0
4,-4,134,1,209,0
1,0,149,1,209,0
-3,-2,183,1,209,0
0,-2,184,1,209,0
3,2,208,1,209,0
-4,0,209,1,209,0
2,1,208,1,209,0
-1,8,4,1,209,0
4,4,16,1,209,0
6,6,37,1,209,0
6,-1,41,1,209,0
7,7,52,1,209,0
8,8,57,1,209,0
7,-4,64,1,209,0
5,5,69,1,209,0
8,-7,104,1,209,0
1,-6,109,1,209,0
4,-5,126,1,209,0
3,-2,146,1,209,0
0,0,177,1,209,0
1,1,201,1,209,0
-6,-2,202,1,209,0
0,-3,203,1,209,0
-3,0,208,1,209,0
2,2,206,1,209,0
3,3,208,1,209,0
-3,-4,8,1,209,0
4,5,19,1,209,0
6,-2,46,1,209,0
7,8,56,1,209,0
6,7,57,1,209,0
5,6,61,1,209,0
3,4,67,1,209,0
4,-6,69,1,209,0
7,-5,82,1,209,0
8,-8,97,1,209,0
1,-7,102,1,209,0
3,-3,143,1,209,0
-2,0,168,1,209,0
-2,-1,175,1,209,0
0,1,194,1,209,0
1,2,198,1,209,0
0,-4,208,1,209,0
0,-5,44,1,209,0
6,8,53,1,209,0
3,5,59,1,209,0
4,6,59,1,209,0
5,7,86,1,209,0
8,0,102,1,209,0
7,-6,112,1,209,0
2,4,124,1,209,0
1,3,131,1,209,0
3,-4,134,1,209,0
2,-1,154,1,209,0
-2,1,169,1,209,0
-2,-2,181,1,209,0
0,2,191,1,209,0
-1,0,179,1,209,0
-5,5,3,1,209,0
9,2,3,1,209,0
0,-6,18,1,209,0
6,-4,64,1,209,0
5,8,83,1,209,0
3,-5,86,1,209,0
4,7,89,1,209,0
8,1,106,1,209,0
7,-7,106,1,209,0
3,6,108,1,209,0
7,0,108,1,209,0
2,5,118,1,209,0
2,-2,153,1,209,0
-2,2,171,1,209,0
-1,1,185,1,209,0
0,3,191,1,209,0
-5,-2,196,1,209,0
1,4,198,1,209,0
-2,-3,208,1,209,0
-4,5,8,1,209,0
-2,-4,14,1,209,0
8,-1,33,1,209,0
5,-2,48,1,209,0
7,-8,94,1,209,0
4,8,95,1,209,0
8,2,97,1,209,0
3,7,104,1,209,0
3,-6,109,1,209,0
2,6,111,1,209,0
7,1,112,1,209,0
6,0,114,1,209,0
6,-5,119,1,209,0
2,-3,143,1,209,0
-1,-1,176,1,209,0
-1,2,182,1,209,0
1,5,203,1,209,0
-4,6,14,1,209,0
-3,5,16,1,209,0
2,7,75,1,209,0
8,-2,43,1,209,0
5,-3,57,1,209,0
8,3,91,1,209,0
7,2,92,1,209,0
3,8,97,1,209,0
3,-7,106,1,209,0
6,-6,115,1,209,0
6,1,118,1,209,0
5,0,119,1,209,0
-1,3,126,1,209,0
2,-4,126,1,209,0
1,-1,162,1,209,0
-1,-2,179,1,209,0
-8,0,205,1,209,0
0,5,206,1,209,0
-2,-6,5,1,209,0
-4,7,24,1,209,0
-2,5,112,1,209,0
1,7,81,1,209,0
8,-3,47,1,209,0
8,4,79,1,209,0
7,3,84,1,209,0
3,-8,99,1,209,0
6,-7,109,1,209,0
-1,4,119,1,209,0
2,-5,119,1,209,0
5,1,125,1,209,0
5,-4,129,1,209,0
4,0,131,1,209,0
1,-2,151,1,209,0
-4,-2,189,1,209,0
-1,-3,202,1,209,0
0,6,208,1,209,0
-7,0,208,1,209,0
0,7,87,1,209,0
-4,8,23,1,209,0
-3,7,32,1,209,0
-1,-4,28,1,209,0
-1,5,113,1,209,0
7,-1,36,1,209,0
8,-4,62,1,209,0
8,5,77,1,209,0
7,4,83,1,209,0
6,3,83,1,209,0
5,2,86,1,209,0
-2,6,106,1,209,0
6,-8,102,1,209,0
2,-6,113,1,209,0
5,-5,124,1,209,0
4,1,128,1,209,0
1,-3,133,1,209,0
3,0,137,1,209,0
-6,0,192,1,209,0
-7,-2,207,1,209,0
5,3,11,1,210,0
-2,7,97,1,210,0
7,-2,37,1,210,0
-1,-5,36,1,210,0
8,6,65,1,210,0
7,5,72,1,210,0
8,-5,75,1,210,0
6,4,76,1,210,0
4,2,83,1,210,0
2,-7,98,1,210,0
5,-6,118,1,210,0
1,-4,122,1,210,0
4,-3,137,1,210,0
2,0,144,1,210,0
0,-1,159,1,210,0
-5,0,195,1,210,0
-1,7,94,1,210,0
-1,-6,12,1,210,0
6,5,29,1,210,0
7,-3,49,1,210,0
8,-6,63,1,210,0
8,7,64,1,210,0
7,6,69,1,210,0
5,4,73,1,210,0
3,-1,102,1,210,0
1,-5,115,1,210,0
4,-4,134,1,210,0
1,0,149,1,210,0
-3,-2,183,1,210,0
0,-2,184,1,210,0
3,2,209,1,210,0
-4,0,209,1,210,0
2,1,209,1,210,0
-1,8,4,1,210,0
4,4,16,1,210,0
6,6,37,1,210,0
6,-1,41,1,210,0
7,7,52,1,210,0
8,8,57,1,210,0
7,-4,64,1,210,0
5,5,69,1,210,0
8,-7,104,1,210,0
1,-6,109,1,210,0
4,-5,126,1,210,0
3,-2,146,1,210,0
0,0,177,1,210,0
1,1,201,1,210,0
-6,-2,202,1,210,0
0,-3,203,1,210,0
-3,0,208,1,210,0
2,2,206,1,210,0
3,3,209,1,210,0
-3,-4,8,1,210,0
4,5,19,1,210,0
6,-2,46,1,210,0
7,8,56,1,210,0
6,7,57,1,210,0
5,6,61,1,210,0
3,4,67,1,210,0
4,-6,69,1,210,0
7,-5,82,1,210,0
8,-8,97,1,210,0
1,-7,102,1,210,0
3,-3,143,1,210,0
-2,0,168,1,210,0
-2,-1,175,1,210,0
0,1,194,1,210,0
1,2,198,1,210,0
0,-4,209,1,210,0
0,-5,44,1,210,0
6,8,53,1,210,0
3,5,59,1,210,0
4,6,59,1,210,0
5,7,86,1,210,0
8,0,102,1,210,0
7,-6,112,1,210,0
2,4,124,1,210,0
1,3,131,1,210,0
3,-4,134,1,210,0
2,-1,154,1,210,0
-2,1,169,1,210,0
-2,-2,181,1,210,0
0,2,191,1,210,0
-1,0,179,1,210,0
-5,5,3,1,210,0
9,2,3,1,210,0
0,-6,18,1,210,0
6,-4,64,1,210,0
5,8,83,1,210,0
3,-5,86,1,210,0
4,7,89,1,210,0
8,1,106,1,210,0
7,-7,106,1,210,0
3,6,108,1,210,0
7,0,108,1,210,0
2,5,118,1,210,0
2,-2,153,1,210,0
-2,2,171,1,210,0
-1,1,185,1,210,0
0,3,191,1,210,0
-5,-2,196,1,210,0
1,4,198,1,210,0
-2,-3,209,1,210,0
-4,5,8,1,210,0
-2,-4,14,1,210,0
8,-1,33,1,210,0
5,-2,48,1,210,0
7,-8,94,1,210,0
4,8,95,1,210,0
8,2,97,1,210,0
3,7,104,1,210,0
3,-6,109,1,210,0
2,6,111,1,210,0
7,1,112,1,210,0
6,0,114,1,210,0
6,-5,119,1,210,0
2,-3,143,1,210,0
-1,-1,176,1,210,0
-1,2,182,1,210,0
1,5,203,1,210,0
-4,6,14,1,210,0
-3,5,16,1,210,0
2,7,75,1,210,0
8,-2,43,1,210,0
5,-3,57,1,210,0
8,3,91,1,210,0
7,2,92,1,210,0
3,8,97,1,210,0
3,-7,106,1,210,0
6,-6,115,1,210,0
6,1,118,1,210,0
5,0,119,1,210,0
-1,3,126,1,210,0
2,-4,126,1,210,0
1,-1,162,1,210,0
-1,-2,179,1,210,0
-8,0,205,1,210,0
0,5,206,1,210,0
-2,-6,5,1,210,0
-4,7,24,1,210,0
-2,5,112,1,210,0
1,7,81,1,210,0
8,-3,47,1,210,0
8,4,79,1,210,0
7,3,84,1,210,0
3,-8,99,1,210,0
6,-7,109,1,210,0
-1,4,119,1,210,0
2,-5,119,1,210,0
5,1,125,1,210,0
5,-4,129,1,210,0
4,0,131,1,210,0
1,-2,151,1,210,0
-4,-2,189,1,210,0
-1,-3,202,1,210,0
0,6,209,1,210,0
-7,0,209,1,210,0
0,7,87,1,210,0
-4,8,23,1,210,0
-3,7,32,1,210,0
-1,-4,28,1,210,0
-1,5,113,1,210,0
7,-1,36,1,210,0
8,-4,62,1,210,0
8,5,77,1,210,0
7,4,83,1,210,0
6,3,83,1,210,0
5,2,86,1,210,0
-2,6,106,1,210,0
6,-8,102,1,210,0
2,-6,113,1,210,0
5,-5,124,1,210,0
4,1,128,1,210,0
1,-3,133,1,210,0
3,0,137,1,210,0
-6,0,192,1,210,0
-7,-2,208,1,210,0
5,3,11,1,211,0
-2,7,97,1,211,0
7,-2,37,1,211,0
-1,-5,36,1,211,0
8,6,65,1,211,0
7,5,72,1,211,0
8,-5,75,1,211,0
6,4,76,1,211,0
4,2,83,1,211,0
2,-7,98,1,211,0
5,-6,118,1,211,0
1,-4,122,1,211,0
4,-3,137,1,211,0
2,0,144,1,211,0
0,-1,159,1,211,0
-5,0,195,1,211,0
-1,7,94,1,211,0
-1,-6,12,1,211,0
6,5,29,1,211,0
7,-3,49,1,211,0
8,-6,63,1,211,0
8,7,64,1,211,0
7,6,69,1,211,0
5,4,73,1,211,0
3,-1,102,1,211,0
1,-5,115,1,211,0
4,-4,134,1,211,0
1,0,149,1,211,0
-3,-2,183,1,211,0
0,-2,184,1,211,0
3,2,209,1,211,0
2,1,209,1,211,0
-4,0,211,1,211,0
-1,8,4,1,211,0
4,4,16,1,211,0
6,6,37,1,211,0
6,-1,41,1,211,0
7,7,52,1,211,0
8,8,57,1,211,0
7,-4,64,1,211,0
5,5,69,1,211,0
8,-7,104,1,211,0
1,-6,109,1,211,0
4,-5,126,1,211,0
3,-2,146,1,211,0
0,0,177,1,211,0
1,1,201,1,211,0
-6,-2,202,1,211,0
0,-3,203,1,211,0
-3,0,208,1,211,0
2,2,206,1,211,0
3,3,209,1,211,0
-3,-4,8,1,211,0
4,5,19,1,211,0
6,-2,46,1,211,0
7,8,56,1,211,0
6,7,57,1,211,0
5,6,61,1,211,0
3,4,67,1,211,0
4,-6,69,1,211,0
7,-5,82,1,211,0
8,-8,97,1,211,0
1,-7,102,1,211,0
3,-3,143,1,211,0
-2,0,168,1,211,0
-2,-1,175,1,211,0
0,1,194,1,211,0
1,2,198,1,211,0
0,-4,209,1,211,0
0,-5,44,1,211,0
6,8,53,1,211,0
3,5,59,1,211,0
4,6,59,1,211,0
5,7,86,1,211,0
8,0,102,1,211,0
7,-6,112,1,211,0
2,4,124,1,211,0
1,3,131,1,211,0
3,-4,134,1,211,0
2,-1,154,1,211,0
-2,1,169,1,211,0
-2,-2,181,1,211,0
0,2,191,1,211,0
-1,0,179,1,211,0
-5,5,3,1,211,0
9,2,3,1,211,0
0,-6,18,1,211,0
6,-4,64,1,211,0
5,8,83,1,211,0
3,-5,86,1,211,0
4,7,89,1,211,0
8,1,106,1,211,0
7,-7,106,1,211,0
3,6,108,1,211,0
7,0,108,1,211,0
2,5,118,1,211,0
2,-2,153,1,211,0
-2,2,171,1,211,0
-1,1,185,1,211,0
0,3,191,1,211,0
-5,-2,196,1,211,0
1,4,198,1,211,0
-2,-3,209,1,211,0
-4,5,8,1,211,0
-2,-4,14,1,211,0
8,-1,33,1,211,0
5,-2,48,1,211,0
7,-8,94,1,211,0
4,8,95,1,211,0
8,2,97,1,211,0
3,7,104,1,211,0
3,-6,109,1,211,0
2,6,111,1,211,0
7,1,112,1,211,0
6,0,114,1,211,0
6,-5,119,1,211,0
2,-3,143,1,211,0
-1,-1,176,1,211,0
-1,2,182,1,211,0
1,5,203,1,211,0
-8,-2,209,1,211,0
-4,6,14,1,211,0
-3,5,16,1,211,0
2,7,75,1,211,0
8,-2,43,1,211,0
5,-3,57,1,211,0
8,3,91,1,211,0
7,2,92,1,211,0
3,8,97,1,211,0
3,-7,106,1,211,0
6,-6,115,1,211,0
6,1,118,1,211,0
5,0,119,1,211,0
-1,3,126,1,211,0
2,-4,126,1,211,0
1,-1,162,1,211,0
-1,-2,179,1,211,0
-8,0,205,1,211,0
0,5,206,1,211,0
-2,-6,5,1,211,0
-4,7,24,1,211,0
-2,5,112,1,211,0
1,7,81,1,211,0
8,-3,47,1,211,0
8,4,79,1,211,0
7,3,84,1,211,0
3,-8,99,1,211,0
6,-7,109,1,211,0
-1,4,119,1,211,0
2,-5,119,1,211,0
5,1,125,1,211,0
5,-4,129,1,211,0
4,0,131,1,211,0
1,-2,151,1,211,0
-4,-2,189,1,211,0
-1,-3,202,1,211,0
0,6,209,1,211,0
-7,0,209,1,211,0
0,7,87,1,211,0
-4,8,23,1,211,0
-3,7,32,1,211,0
-1,-4,28,1,211,0
-1,5,113,1,211,0
7,-1,36,1,211,0
8,-4,62,1,211,0
8,5,77,1,211,0
7,4,83,1,211,0
6,3,83,1,211,0
5,2,86,1,211,0
-2,6,106,1,211,0
6,-8,102,1,211,0
2,-6,113,1,211,0
5,-5,124,1,211,0
4,1,128,1,211,0
1,-3,133,1,211,0
3,0,137,1,211,0
-6,0,192,1,211,0
-7,-2,208,1,211,0
5,3,11,1,212,0
-2,7,97,1,212,0
7,-2,37,1,212,0
-1,-5,36,1,212,0
8,6,65,1,212,0
7,5,72,1,212,0
8,-5,75,1,212,0
6,4,76,1,212,0
4,2,83,1,212,0
2,-7,98,1,212,0
5,-6,118,1,212,0
1,-4,122,1,212,0
4,-3,137,1,212,0
2,0,144,1,212,0
0,-1,159,1,212,0
-5,0,195,1,212,0
3,1,211,1,212,0
-1,7,94,1,212,0
-1,-6,12,1,212,0
6,5,29,1,212,0
7,-3,49,1,212,0
8,-6,63,1,212,0
8,7,64,1,212,0
7,6,69,1,212,0
5,4,73,1,212,0
3,-1,102,1,212,0
1,-5,115,1,212,0
4,-4,134,1,212,0
1,0,149,1,212,0
-3,-2,183,1,212,0
0,-2,184,1,212,0
2,1,209,1,212,0
3,2,211,1,212,0
-4,0,212,1,212,0
-1,8,4,1,212,0
4,4,16,1,212,0
6,6,37,1,212,0
6,-1,41,1,212,0
7,7,52,1,212,0
8,8,57,1,212,0
7,-4,64,1,212,0
5,5,69,1,212,0
8,-7,104,1,212,0
1,-6,109,1,212,0
4,-5,126,1,212,0
3,-2,146,1,212,0
0,0,177,1,212,0
1,1,201,1,212,0
-6,-2,202,1,212,0
-3,0,208,1,212,0
2,2,206,1,212,0
0,-3,211,1,212,0
3,3,211,1,212,0
-3,-4,8,1,212,0
4,5,19,1,212,0
6,-2,46,1,212,0
7,8,56,1,212,0
6,7,57,1,212,0
5,6,61,1,212,0
3,4,67,1,212,0
4,-6,69,1,212,0
7,-5,82,1,212,0
8,-8,97,1,212,0
1,-7,102,1,212,0
3,-3,143,1,212,0
-2,0,168,1,212,0
-2,-1,175,1,212,0
0,1,194,1,212,0
1,2,198,1,212,0
0,-4,209,1,212,0
0,-5,44,1,212,0
6,8,53,1,212,0
3,5,59,1,212,0
4,6,59,1,212,0
5,7,86,1,212,0
8,0,102,1,212,0
7,-6,112,1,212,0
2,4,124,1,212,0
1,3,131,1,212,0
3,-4,134,1,212,0
2,-1,154,1,212,0
-2,1,169,1,212,0
-2,-2,181,1,212,0
0,2,191,1,212,0
-1,0,179,1,212,0
-5,5,3,1,212,0
9,2,3,1,212,0
0,-6,18,1,212,0
6,-4,64,1,212,0
5,8,83,1,212,0
3,-5,86,1,212,0
4,7,89,1,212,0
8,1,106,1,212,0
7,-7,106,1,212,0
3,6,108,1,212,0
7,0,108,1,212,0
2,5,118,1,212,0
2,-2,153,1,212,0
-2,2,171,1,212,0
-1,1,185,1,212,0
0,3,191,1,212,0
-5,-2,196,1,212,0
1,4,198,1,212,0
-2,-3,211,1,212,0
-4,5,8,1,212,0
-2,-4,14,1,212,0
8,-1,33,1,212,0
5,-2,48,1,212,0
7,-8,94,1,212,0
4,8,95,1,212,0
8,2,97,1,212,0
3,7,104,1,212,0
3,-6,109,1,212,0
2,6,111,1,212,0
7,1,112,1,212,0
6,0,114,1,212,0
6,-5,119,1,212,0
2,-3,143,1,212,0
-1,-1,176,1,212,0
-1,2,182,1,212,0
1,5,203,1,212,0
-8,-2,211,1,212,0
-4,6,14,1,212,0
-3,5,16,1,212,0
2,7,75,1,212,0
8,-2,43,1,212,0
5,-3,57,1,212,0
8,3,91,1,212,0
7,2,92,1,212,0
3,8,97,1,212,0
3,-7,106,1,212,0
6,-6,115,1,212,0
6,1,118,1,212,0
5,0,119,1,212,0
-1,3,126,1,212,0
2,-4,126,1,212,0
1,-1,162,1,212,0
-1,-2,179,1,212,0
-8,0,205,1,212,0
0,5,206,1,212,0
1,6,211,1,212,0
-2,-6,5,1,212,0
-4,7,24,1,212,0
-2,5,112,1,212,0
1,7,81,1,212,0
8,-3,47,1,212,0
8,4,79,1,212,0
7,3,84,1,212,0
3,-8,99,1,212,0
6,-7,109,1,212,0
-1,4,119,1,212,0
2,-5,119,1,212,0
5,1,125,1,212,0
5,-4,129,1,212,0
4,0,131,1,212,0
1,-2,151,1,212,0
-4,-2,189,1,212,0
-1,-3,202,1,212,0
0,6,209,1,212,0
-7,0,211,1,212,0
0,7,87,1,212,0
-4,8,23,1,212,0
-3,7,32,1,212,0
-1,-4,28,1,212,0
-1,5,113,1,212,0
7,-1,36,1,212,0
8,-4,62,1,212,0
8,5,77,1,212,0
7,4,83,1,212,0
6,3,83,1,212,0
5,2,86,1,212,0
-2,6,106,1,212,0
6,-8,102,1,212,0
2,-6,113,1,212,0
5,-5,124,1,212,0
4,1,128,1,212,0
1,-3,133,1,212,0
3,0,137,1,212,0
-6,0,192,1,212,0
-7,-2,208,1,212,0
5,3,11,1,213,0
-2,7,97,1,213,0
7,-2,37,1,213,0
-1,-5,36,1,213,0
8,6,65,1,213,0
7,5,72,1,213,0
8,-5,75,1,213,0
6,4,76,1,213,0
4,2,83,1,213,0
2,-7,98,1,213,0
5,-6,118,1,213,0
1,-4,122,1,213,0
4,-3,137,1,213,0
2,0,144,1,213,0
0,-1,159,1,213,0
-5,0,212,1,213,0
3,1,212,1,213,0
-1,7,94,1,213,0
-1,-6,12,1,213,0
6,5,29,1,213,0
7,-3,49,1,213,0
8,-6,63,1,213,0
8,7,64,1,213,0
7,6,69,1,213,0
5,4,73,1,213,0
3,-1,102,1,213,0
1,-5,115,1,213,0
4,-4,134,1,213,0
1,0,149,1,213,0
-3,-2,183,1,213,0
0,-2,184,1,213,0
2,1,209,1,213,0
3,2,211,1,213,0
-4,0,213,1,213,0
-1,8,4,1,213,0
4,4,16,1,213,0
6,6,37,1,213,0
6,-1,41,1,213,0
7,7,52,1,213,0
8,8,57,1,213,0
7,-4,64,1,213,0
5,5,69,1,213,0
8,-7,104,1,213,0
1,-6,109,1,213,0
4,-5,126,1,213,0
3,-2,146,1,213,0
0,0,177,1,213,0
1,1,201,1,213,0
-6,-2,202,1,213,0
-3,0,208,1,213,0
2,2,206,1,213,0
0,-3,212,1,213,0
3,3,212,1,213,0
-3,-4,8,1,213,0
4,5,19,1,213,0
6,-2,46,1,213,0
7,8,56,1,213,0
6,7,57,1,213,0
5,6,61,1,213,0
3,4,67,1,213,0
4,-6,69,1,213,0
7,-5,82,1,213,0
8,-8,97,1,213,0
1,-7,102,1,213,0
3,-3,143,1,213,0
-2,0,168,1,213,0
-2,-1,175,1,213,0
0,1,194,1,213,0
1,2,198,1,213,0
0,-4,209,1,213,0
0,-5,44,1,213,0
6,8,53,1,213,0
3,5,59,1,213,0
4,6,59,1,213,0
5,7,86,1,213,0
8,0,102,1,213,0
7,-6,112,1,213,0
2,4,124,1,213,0
1,3,131,1,213,0
3,-4,134,1,213,0
2,-1,154,1,213,0
-2,1,169,1,213,0
-2,-2,181,1,213,0
0,2,191,1,213,0
-1,0,179,1,213,0
-5,5,3,1,213,0
9,2,3,1,213,0
0,-6,18,1,213,0
6,-4,64,1,213,0
5,8,83,1,213,0
3,-5,86,1,213,0
4,7,89,1,213,0
8,1,106,1,213,0
7,-7,106,1,213,0
3,6,108,1,213,0
7,0,108,1,213,0
2,5,118,1,213,0
2,-2,153,1,213,0
-2,2,171,1,213,0
-1,1,185,1,213,0
0,3,191,1,213,0
-5,-2,196,1,213,0
1,4,198,1,213,0
-2,-3,212,1,213,0
-4,5,8,1,213,0
-2,-4,14,1,213,0
8,-1,33,1,213,0
5,-2,48,1,213,0
7,-8,94,1,213,0
4,8,95,1,213,0
8,2,97,1,213,0
3,7,104,1,213,0
3,-6,109,1,213,0
2,6,111,1,213,0
7,1,112,1,213,0
6,0,114,1,213,0
6,-5,119,1,213,0
2,-3,143,1,213,0
-1,-1,176,1,213,0
-1,2,182,1,213,0
1,5,203,1,213,0
-8,-2,212,1,213,0
-4,6,14,1,213,0
-3,5,16,1,213,0
2,7,75,1,213,0
8,-2,43,1,213,0
5,-3,57,1,213,0
8,3,91,1,213,0
7,2,92,1,213,0
3,8,97,1,213,0
3,-7,106,1,213,0
6,-6,115,1,213,0
6,1,118,1,213,0
5,0,119,1,213,0
-1,3,126,1,213,0
2,-4,126,1,213,0
1,-1,162,1,213,0
-1,-2,179,1,213,0
-8,0,205,1,213,0
0,5,206,1,213,0
1,6,212,1,213,0
-2,-6,5,1,213,0
-4,7,24,1,213,0
-2,5,112,1,213,0
1,7,81,1,213,0
8,-3,47,1,213,0
8,4,79,1,213,0
7,3,84,1,213,0
3,-8,99,1,213,0
6,-7,109,1,213,0
-1,4,119,1,213,0
2,-5,119,1,213,0
5,1,125,1,213,0
5,-4,129,1,213,0
4,0,131,1,213,0
1,-2,151,1,213,0
-4,-2,189,1,213,0
-1,-3,202,1,213,0
0,6,209,1,213,0
-7,0,211,1,213,0
0,7,87,1,213,0
-4,8,23,1,213,0
-3,7,32,1,213,0
-1,-4,28,1,213,0
-1,5,113,1,213,0
7,-1,36,1,213,0
8,-4,62,1,213,0
8,5,77,1,213,0
7,4,83,1,213,0
6,3,83,1,213,0
5,2,86,1,213,0
-2,6,106,1,213,0
6,-8,102,1,213,0
2,-6,113,1,213,0
5,-5,124,1,213,0
4,1,128,1,213,0
1,-3,133,1,213,0
3,0,137,1,213,0
-7,-2,208,1,213,0
-6,0,212,1,213,0
5,3,11,1,214,0
-2,7,97,1,214,0
7,-2,37,1,214,0
-1,-5,36,1,214,0
8,6,65,1,214,0
7,5,72,1,214,0
8,-5,75,1,214,0
6,4,76,1,214,0
4,2,83,1,214,0
2,-7,98,1,214,0
5,-6,118,1,214,0
1,-4,122,1,214,0
4,-3,137,1,214,0
2,0,144,1,214,0
0,-1,159,1,214,0
3,1,212,1,214,0
-5,0,213,1,214,0
-1,7,94,1,214,0
-1,-6,12,1,214,0
6,5,29,1,214,0
7,-3,49,1,214,0
8,-6,63,1,214,0
8,7,64,1,214,0
7,6,69,1,214,0
5,4,73,1,214,0
3,-1,102,1,214,0
1,-5,115,1,214,0
4,-4,134,1,214,0
1,0,149,1,214,0
-3,-2,183,1,214,0
0,-2,184,1,214,0
2,1,209,1,214,0
3,2,211,1,214,0
-4,0,214,1,214,0
-1,8,4,1,214,0
4,4,16,1,214,0
6,6,37,1,214,0
6,-1,41,1,214,0
7,7,52,1,214,0
8,8,57,1,214,0
7,-4,64,1,214,0
5,5,69,1,214,0
8,-7,104,1,214,0
1,-6,109,1,214,0
4,-5,126,1,214,0
3,-2,146,1,214,0
0,0,177,1,214,0
1,1,201,1,214,0
-6,-2,202,1,214,0
-3,0,208,1,214,0
2,2,206,1,214,0
0,-3,213,1,214,0
3,3,213,1,214,0
-3,-4,8,1,214,0
4,5,19,1,214,0
6,-2,46,1,214,0
7,8,56,1,214,0
6,7,57,1,214,0
5,6,61,1,214,0
3,4,67,1,214,0
4,-6,69,1,214,0
7,-5,82,1,214,0
8,-8,97,1,214,0
1,-7,102,1,214,0
3,-3,143,1,214,0
-2,0,168,1,214,0
-2,-1,175,1,214,0
0,1,194,1,214,0
1,2,198,1,214,0
0,-4,209,1,214,0
0,-5,44,1,214,0
6,8,53,1,214,0
3,5,59,1,214,0
4,6,59,1,214,0
5,7,86,1,214,0
8,0,102,1,214,0
7,-6,112,1,214,0
2,4,124,1,214,0
1,3,131,1,214,0
3,-4,134,1,214,0
2,-1,154,1,214,0
-2,1,169,1,214,0
-2,-2,181,1,214,0
0,2,191,1,214,0
-1,0,179,1,214,0
-5,5,3,1,214,0
9,2,3,1,214,0
0,-6,18,1,214,0
6,-4,64,1,214,0
5,8,83,1,214,0
3,-5,86,1,214,0
4,7,89,1,214,0
8,1,106,1,214,0
7,-7,106,1,214,0
3,6,108,1,214,0
7,0,108,1,214,0
2,5,118,1,214,0
2,-2,153,1,214,0
-2,2,171,1,214,0
-1,1,185,1,214,0
0,3,191,1,214,0
-5,-2,196,1,214,0
1,4,198,1,214,0
-2,-3,213,1,214,0
-4,5,8,1,214,0
-2,-4,14,1,214,0
8,-1,33,1,214,0
5,-2,48,1,214,0
7,-8,94,1,214,0
4,8,95,1,214,0
8,2,97,1,214,0
3,7,104,1,214,0
3,-6,109,1,214,0
2,6,111,1,214,0
7,1,112,1,214,0
6,0,114,1,214,0
6,-5,119,1,214,0
2,-3,143,1,214,0
-1,-1,176,1,214,0
-1,2,182,1,214,0
1,5,203,1,214,0
-8,-2,213,1,214,0
-4,6,14,1,214,0
-3,5,16,1,214,0
2,7,75,1,214,0
8,-2,43,1,214,0
5,-3,57,1,214,0
8,3,91,1,214,0
7,2,92,1,214,0
3,8,97,1,214,0
3,-7,106,1,214,0
6,-6,115,1,214,0
6,1,118,1,214,0
5,0,119,1,214,0
-1,3,126,1,214,0
2,-4,126,1,214,0
1,-1,162,1,214,0
-1,-2,179,1,214,0
-8,0,205,1,214,0
0,5,206,1,214,0
1,6,213,1,214,0
-2,-6,5,1,214,0
-4,7,24,1,214,0
-2,5,112,1,214,0
1,7,81,1,214,0
8,-3,47,1,214,0
8,4,79,1,214,0
7,3,84,1,214,0
3,-8,99,1,214,0
6,-7,109,1,214,0
-1,4,119,1,214,0
2,-5,119,1,214,0
5,1,125,1,214,0
5,-4,129,1,214,0
4,0,131,1,214,0
1,-2,151,1,214,0
-4,-2,189,1,214,0
-1,-3,202,1,214,0
0,6,209,1,214,0
-7,0,211,1,214,0
0,7,87,1,214,0
-4,8,23,1,214,0
-3,7,32,1,214,0
-1,-4,28,1,214,0
-1,5,113,1,214,0
7,-1,36,1,214,0
8,-4,62,1,214,0
8,5,77,1,214,0
7,4,83,1,214,0
6,3,83,1,214,0
5,2,86,1,214,0
-2,6,106,1,214,0
6,-8,102,1,214,0
2,-6,113,1,214,0
5,-5,124,1,214,0
4,1,128,1,214,0
1,-3,133,1,214,0
-7,-2,208,1,214,0
-6,0,213,1,214,0
3,0,213,1,214,0
5,3,11,1,215,0
-2,7,97,1,215,0
7,-2,37,1,215,0
-1,-5,36,1,215,0
8,6,65,1,215,0
7,5,72,1,215,0
8,-5,75,1,215,0
6,4,76,1,215,0
4,2,83,1,215,0
2,-7,98,1,215,0
5,-6,118,1,215,0
1,-4,122,1,215,0
4,-3,137,1,215,0
2,0,144,1,215,0
0,-1,159,1,215,0
3,1,212,1,215,0
-5,0,214,1,215,0
-1,7,94,1,215,0
-1,-6,12,1,215,0
6,5,29,1,215,0
7,-3,49,1,215,0
8,-6,63,1,215,0
8,7,64,1,215,0
7,6,69,1,215,0
5,4,73,1,215,0
3,-1,102,1,215,0
1,-5,115,1,215,0
4,-4,134,1,215,0
1,0,149,1,215,0
-3,-2,183,1,215,0
0,-2,184,1,215,0
2,1,209,1,215,0
3,2,211,1,215,0
-4,0,215,1,215,0
-1,8,4,1,215,0
4,4,16,1,215,0
6,6,37,1,215,0
6,-1,41,1,215,0
7,7,52,1,215,0
8,8,57,1,215,0
7,-4,64,1,215,0
5,5,69,1,215,0
8,-7,104,1,215,0
1,-6,109,1,215,0
4,-5,126,1,215,0
3,-2,146,1,215,0
0,0,177,1,215,0
1,1,201,1,215,0
-6,-2,202,1,215,0
-3,0,208,1,215,0
2,2,206,1,215,0
0,-3,214,1,215,0
3,3,214,1,215,0
-3,-4,8,1,215,0
4,5,19,1,215,0
6,-2,46,1,215,0
7,8,56,1,215,0
6,7,57,1,215,0
5,6,61,1,215,0
3,4,67,1,215,0
4,-6,69,1,215,0
7,-5,82,1,215,0
8,-8,97,1,215,0
1,-7,102,1,215,0
3,-3,143,1,215,0
-2,0,168,1,215,0
-2,-1,175,1,215,0
0,1,194,1,215,0
1,2,198,1,215,0
0,-4,209,1,215,0
0,-5,44,1,215,0
6,8,53,1,215,0
3,5,59,1,215,0
4,6,59,1,215,0
5,7,86,1,215,0
8,0,102,1,215,0
7,-6,112,1,215,0
2,4,124,1,215,0
1,3,131,1,215,0
3,-4,134,1,215,0
2,-1,154,1,215,0
-2,1,169,1,215,0
-2,-2,181,1,215,0
0,2,191,1,215,0
-1,0,179,1,215,0
-5,5,3,1,215,0
9,2,3,1,215,0
0,-6,18,1,215,0
6,-4,64,1,215,0
5,8,83,1,215,0
3,-5,86,1,215,0
4,7,89,1,215,0
8,1,106,1,215,0
7,-7,106,1,215,0
3,6,108,1,215,0
7,0,108,1,215,0
2,5,118,1,215,0
2,-2,153,1,215,0
-2,2,171,1,215,0
-1,1,185,1,215,0
0,3,191,1,215,0
-5,-2,196,1,215,0
1,4,198,1,215,0
-2,-3,214,1,215,0
-4,5,8,1,215,0
-2,-4,14,1,215,0
8,-1,33,1,215,0
5,-2,48,1,215,0
7,-8,94,1,215,0
4,8,95,1,215,0
8,2,97,1,215,0
3,7,104,1,215,0
3,-6,109,1,215,0
2,6,111,1,215,0
7,1,112,1,215,0
6,0,114,1,215,0
6,-5,119,1,215,0
2,-3,143,1,215,0
-1,-1,176,1,215,0
-1,2,182,1,215,0
1,5,203,1,215,0
-8,-2,214,1,215,0
-4,6,14,1,215,0
-3,5,16,1,215,0
2,7,75,1,215,0
8,-2,43,1,215,0
5,-3,57,1,215,0
8,3,91,1,215,0
7,2,92,1,215,0
3,8,97,1,215,0
3,-7,106,1,215,0
6,-6,115,1,215,0
6,1,118,1,215,0
5,0,119,1,215,0
-1,3,126,1,215,0
2,-4,126,1,215,0
1,-1,162,1,215,0
-1,-2,179,1,215,0
-8,0,205,1,215,0
0,5,206,1,215,0
1,6,214,1,215,0
-2,-6,5,1,215,0
-4,7,24,1,215,0
-2,5,112,1,215,0
1,7,81,1,215,0
8,-3,47,1,215,0
8,4,79,1,215,0
7,3,84,1,215,0
3,-8,99,1,215,0
6,-7,109,1,215,0
-1,4,119,1,215,0
2,-5,119,1,215,0
5,1,125,1,215,0
5,-4,129,1,215,0
4,0,131,1,215,0
1,-2,151,1,215,0
-4,-2,189,1,215,0
-1,-3,202,1,215,0
0,6,209,1,215,0
-7,0,211,1,215,0
0,7,87,1,215,0
-4,8,23,1,215,0
-3,7,32,1,215,0
-1,-4,28,1,215,0
-1,5,113,1,215,0
7,-1,36,1,215,0
8,-4,62,1,215,0
8,5,77,1,215,0
7,4,83,1,215,0
6,3,83,1,215,0
5,2,86,1,215,0
-2,6,106,1,215,0
6,-8,102,1,215,0
2,-6,113,1,215,0
5,-5,124,1,215,0
4,1,128,1,215,0
1,-3,133,1,215,0
-7,-2,208,1,215,0
-6,0,214,1,215,0
3,0,214,1,215,0
5,3,11,1,216,0
-2,7,97,1,216,0
7,-2,37,1,216,0
-1,-5,36,1,216,0
8,6,65,1,216,0
7,5,72,1,216,0
8,-5,75,1,216,0
6,4,76,1,216,0
4,2,83,1,216,0
2,-7,98,1,216,0
5,-6,118,1,216,0
1,-4,122,1,216,0
4,-3,137,1,216,0
2,0,144,1,216,0
0,-1,159,1,216,0
3,1,212,1,216,0
-5,0,215,1,216,0
-1,7,94,1,216,0
-1,-6,12,1,216,0
6,5,29,1,216,0
7,-3,49,1,216,0
8,-6,63,1,216,0
8,7,64,1,216,0
7,6,69,1,216,0
5,4,73,1,216,0
3,-1,102,1,216,0
1,-5,115,1,216,0
4,-4,134,1,216,0
1,0,149,1,216,0
-3,-2,183,1,216,0
0,-2,184,1,216,0
2,1,209,1,216,0
3,2,211,1,216,0
-4,0,216,1,216,0
-1,8,4,1,216,0
4,4,16,1,216,0
6,6,37,1,216,0
6,-1,41,1,216,0
7,7,52,1,216,0
8,8,57,1,216,0
7,-4,64,1,216,0
5,5,69,1,216,0
8,-7,104,1,216,0
1,-6,109,1,216,0
4,-5,126,1,216,0
3,-2,146,1,216,0
0,0,177,1,216,0
1,1,201,1,216,0
-6,-2,202,1,216,0
-3,0,208,1,216,0
2,2,206,1,216,0
0,-3,214,1,216,0
3,3,215,1,216,0
-3,-4,8,1,216,0
4,5,19,1,216,0
6,-2,46,1,216,0
7,8,56,1,216,0
6,7,57,1,216,0
5,6,61,1,216,0
4,-6,69,1,216,0
7,-5,82,1,216,0
8,-8,97,1,216,0
1,-7,102,1,216,0
3,-3,143,1,216,0
-2,0,168,1,216,0
-2,-1,175,1,216,0
0,1,194,1,216,0
1,2,198,1,216,0
0,-4,215,1,216,0
3,4,215,1,216,0
0,-5,44,1,216,0
6,8,53,1,216,0
3,5,59,1,216,0
4,6,59,1,216,0
5,7,86,1,216,0
8,0,102,1,216,0
7,-6,112,1,216,0
2,4,124,1,216,0
1,3,131,1,216,0
3,-4,134,1,216,0
2,-1,154,1,216,0
-2,1,169,1,216,0
-2,-2,181,1,216,0
0,2,191,1,216,0
-1,0,179,1,216,0
-5,5,3,1,216,0
9,2,3,1,216,0
0,-6,18,1,216,0
6,-4,64,1,216,0
5,8,83,1,216,0
3,-5,86,1,216,0
4,7,89,1,216,0
8,1,106,1,216,0
7,-7,106,1,216,0
3,6,108,1,216,0
7,0,108,1,216,0
2,5,118,1,216,0
2,-2,153,1,216,0
-2,2,171,1,216,0
-1,1,185,1,216,0
0,3,191,1,216,0
-5,-2,196,1,216,0
1,4,198,1,216,0
-2,-3,215,1,216,0
-4,5,8,1,216,0
-2,-4,14,1,216,0
8,-1,33,1,216,0
5,-2,48,1,216,0
7,-8,94,1,216,0
4,8,95,1,216,0
8,2,97,1,216,0
3,7,104,1,216,0
3,-6,109,1,216,0
2,6,111,1,216,0
7,1,112,1,216,0
6,0,114,1,216,0
6,-5,119,1,216,0
2,-3,143,1,216,0
-1,-1,176,1,216,0
-1,2,182,1,216,0
1,5,203,1,216,0
-8,-2,214,1,216,0
-4,6,14,1,216,0
-3,5,16,1,216,0
2,7,75,1,216,0
8,-2,43,1,216,0
5,-3,57,1,216,0
8,3,91,1,216,0
7,2,92,1,216,0
3,8,97,1,216,0
3,-7,106,1,216,0
6,-6,115,1,216,0
6,1,118,1,216,0
5,0,119,1,216,0
-1,3,126,1,216,0
2,-4,126,1,216,0
1,-1,162,1,216,0
-1,-2,179,1,216,0
-8,0,205,1,216,0
0,5,206,1,216,0
1,6,214,1,216,0
-2,-6,5,1,216,0
-4,7,24,1,216,0
-2,5,112,1,216,0
8,-3,47,1,216,0
8,4,79,1,216,0
7,3,84,1,216,0
3,-8,99,1,216,0
6,-7,109,1,216,0
-1,4,119,1,216,0
2,-5,119,1,216,0
5,1,125,1,216,0
5,-4,129,1,216,0
4,0,131,1,216,0
1,-2,151,1,216,0
-4,-2,189,1,216,0
-1,-3,202,1,216,0
0,6,209,1,216,0
-7,0,211,1,216,0
1,7,215,1,216,0
0,7,87,1,216,0
-4,8,23,1,216,0
-3,7,32,1,216,0
-1,-4,28,1,216,0
-1,5,113,1,216,0
7,-1,36,1,216,0
8,-4,62,1,216,0
8,5,77,1,216,0
7,4,83,1,216,0
6,3,83,1,216,0
5,2,86,1,216,0
-2,6,106,1,216,0
6,-8,102,1,216,0
2,-6,113,1,216,0
5,-5,124,1,216,0
4,1,128,1,216,0
1,-3,133,1,216,0
-7,-2,215,1,216,0
-6,0,215,1,216,0
3,0,215,1,216,0
5,3,11,1,217,0
-2,7,97,1,217,0
7,-2,37,1,217,0
-1,-5,36,1,217,0
8,6,65,1,217,0
7,5,72,1,217,0
8,-5,75,1,217,0
6,4,76,1,217,0
4,2,83,1,217,0
2,-7,98,1,217,0
5,-6,118,1,217,0
1,-4,122,1,217,0
4,-3,137,1,217,0
2,0,144,1,217,0
0,-1,159,1,217,0
3,1,212,1,217,0
-5,0,216,1,217,0
-1,7,94,1,217,0
-1,-6,12,1,217,0
6,5,29,1,217,0
7,-3,49,1,217,0
8,-6,63,1,217,0
8,7,64,1,217,0
7,6,69,1,217,0
5,4,73,1,217,0
3,-1,102,1,217,0
1,-5,115,1,217,0
4,-4,134,1,217,0
1,0,149,1,217,0
-3,-2,183,1,217,0
0,-2,184,1,217,0
2,1,209,1,217,0
3,2,211,1,217,0
-4,0,217,1,217,0
-1,8,4,1,217,0
6,6,37,1,217,0
6,-1,41,1,217,0
7,7,52,1,217,0
8,8,57,1,217,0
7,-4,64,1,217,0
5,5,69,1,217,0
8,-7,104,1,217,0
1,-6,109,1,217,0
4,-5,126,1,217,0
3,-2,146,1,217,0
0,0,177,1,217,0
1,1,201,1,217,0
-6,-2,202,1,217,0
-3,0,208,1,217,0
2,2,206,1,217,0
0,-3,214,1,217,0
3,3,216,1,217,0
4,4,216,1,217,0
-3,-4,8,1,217,0
4,5,19,1,217,0
6,-2,46,1,217,0
7,8,56,1,217,0
6,7,57,1,217,0
5,6,61,1,217,0
4,-6,69,1,217,0
7,-5,82,1,217,0
8,-8,97,1,217,0
1,-7,102,1,217,0
3,-3,143,1,217,0
-2,0,168,1,217,0
-2,-1,175,1,217,0
0,1,194,1,217,0
1,2,198,1,217,0
3,4,215,1,217,0
0,-4,216,1,217,0
0,-5,44,1,217,0
6,8,53,1,217,0
3,5,59,1,217,0
4,6,59,1,217,0
5,7,86,1,217,0
8,0,102,1,217,0
7,-6,112,1,217,0
2,4,124,1,217,0
1,3,131,1,217,0
3,-4,134,1,217,0
2,-1,154,1,217,0
-2,1,169,1,217,0
-2,-2,181,1,217,0
0,2,191,1,217,0
-1,0,179,1,217,0
-5,5,3,1,217,0
9,2,3,1,217,0
0,-6,18,1,217,0
6,-4,64,1,217,0
5,8,83,1,217,0
3,-5,86,1,217,0
4,7,89,1,217,0
8,1,106,1,217,0
7,-7,106,1,217,0
3,6,108,1,217,0
7,0,108,1,217,0
2,5,118,1,217,0
2,-2,153,1,217,0
-2,2,171,1,217,0
-1,1,185,1,217,0
0,3,191,1,217,0
-5,-2,196,1,217,0
1,4,198,1,217,0
-2,-3,216,1,217,0
-4,5,8,1,217,0
-2,-4,14,1,217,0
8,-1,33,1,217,0
5,-2,48,1,217,0
7,-8,94,1,217,0
4,8,95,1,217,0
8,2,97,1,217,0
3,7,104,1,217,0
3,-6,109,1,217,0
2,6,111,1,217,0
7,1,112,1,217,0
6,0,114,1,217,0
6,-5,119,1,217,0
2,-3,143,1,217,0
-1,-1,176,1,217,0
-1,2,182,1,217,0
1,5,203,1,217,0
-8,-2,214,1,217,0
-4,6,14,1,217,0
-3,5,16,1,217,0
2,7,75,1,217,0
8,-2,43,1,217,0
5,-3,57,1,217,0
8,3,91,1,217,0
7,2,92,1,217,0
3,8,97,1,217,0
3,-7,106,1,217,0
6,-6,115,1,217,0
6,1,118,1,217,0
5,0,119,1,217,0
-1,3,126,1,217,0
2,-4,126,1,217,0
1,-1,162,1,217,0
-1,-2,179,1,217,0
-8,0,205,1,217,0
0,5,206,1,217,0
1,6,214,1,217,0
-2,-6,5,1,217,0
-4,7,24,1,217,0
-2,5,112,1,217,0
8,-3,47,1,217,0
8,4,79,1,217,0
7,3,84,1,217,0
3,-8,99,1,217,0
6,-7,109,1,217,0
-1,4,119,1,217,0
2,-5,119,1,217,0
5,1,125,1,217,0
5,-4,129,1,217,0
4,0,131,1,217,0
1,-2,151,1,217,0
-4,-2,189,1,217,0
-1,-3,202,1,217,0
0,6,209,1,217,0
-7,0,211,1,217,0
1,7,216,1,217,0
0,7,87,1,217,0
-4,8,23,1,217,0
-3,7,32,1,217,0
-1,-4,28,1,217,0
-1,5,113,1,217,0
7,-1,36,1,217,0
8,-4,62,1,217,0
8,5,77,1,217,0
7,4,83,1,217,0
6,3,83,1,217,0
5,2,86,1,217,0
-2,6,106,1,217,0
6,-8,102,1,217,0
2,-6,113,1,217,0
5,-5,124,1,217,0
4,1,128,1,217,0
1,-3,133,1,217,0
-7,-2,216,1,217,0
-6,0,216,1,217,0
3,0,216,1,217,0
5,3,11,1,218,0
-2,7,97,1,218,0
7,-2,37,1,218,0
-1,-5,36,1,218,0
8,6,65,1,218,0
7,5,72,1,218,0
8,-5,75,1,218,0
6,4,76,1,218,0
4,2,83,1,218,0
2,-7,98,1,218,0
5,-6,118,1,218,0
1,-4,122,1,218,0
4,-3,137,1,218,0
2,0,144,1,218,0
0,-1,159,1,218,0
3,1,212,1,218,0
-5,0,217,1,218,0
-1,7,94,1,218,0
-1,-6,12,1,218,0
6,5,29,1,218,0
7,-3,49,1,218,0
8,-6,63,1,218,0
8,7,64,1,218,0
7,6,69,1,218,0
5,4,73,1,218,0
3,-1,102,1,218,0
1,-5,115,1,218,0
4,-4,134,1,218,0
1,0,149,1,218,0
-3,-2,183,1,218,0
0,-2,184,1,218,0
2,1,209,1,218,0
3,2,211,1,218,0
-4,0,218,1,218,0
4,3,217,1,218,0
-1,8,4,1,218,0
6,6,37,1,218,0
6,-1,41,1,218,0
7,7,52,1,218,0
8,8,57,1,218,0
7,-4,64,1,218,0
5,5,69,1,218,0
8,-7,104,1,218,0
1,-6,109,1,218,0
4,-5,126,1,218,0
3,-2,146,1,218,0
0,0,177,1,218,0
1,1,201,1,218,0
-6,-2,202,1,218,0
-3,0,208,1,218,0
2,2,206,1,218,0
0,-3,214,1,218,0
3,3,216,1,218,0
4,4,217,1,218,0
-3,-4,8,1,218,0
4,5,19,1,218,0
6,-2,46,1,218,0
7,8,56,1,218,0
6,7,57,1,218,0
5,6,61,1,218,0
4,-6,69,1,218,0
7,-5,82,1,218,0
8,-8,97,1,218,0
1,-7,102,1,218,0
3,-3,143,1,218,0
-2,0,168,1,218,0
-2,-1,175,1,218,0
0,1,194,1,218,0
1,2,198,1,218,0
3,4,215,1,218,0
0,-4,217,1,218,0
0,-5,44,1,218,0
6,8,53,1,218,0
3,5,59,1,218,0
4,6,59,1,218,0
5,7,86,1,218,0
8,0,102,1,218,0
7,-6,112,1,218,0
2,4,124,1,218,0
1,3,131,1,218,0
3,-4,134,1,218,0
2,-1,154,1,218,0
-2,1,169,1,218,0
-2,-2,181,1,218,0
0,2,191,1,218,0
-1,0,179,1,218,0
-5,5,3,1,218,0
9,2,3,1,218,0
0,-6,18,1,218,0
6,-4,64,1,218,0
5,8,83,1,218,0
3,-5,86,1,218,0
4,7,89,1,218,0
8,1,106,1,218,0
7,-7,106,1,218,0
3,6,108,1,218,0
7,0,108,1,218,0
2,5,118,1,218,0
2,-2,153,1,218,0
-2,2,171,1,218,0
-1,1,185,1,218,0
0,3,191,1,218,0
-5,-2,196,1,218,0
1,4,198,1,218,0
-2,-3,217,1,218,0
-4,5,8,1,218,0
-2,-4,14,1,218,0
8,-1,33,1,218,0
5,-2,48,1,218,0
7,-8,94,1,218,0
4,8,95,1,218,0
8,2,97,1,218,0
3,7,104,1,218,0
3,-6,109,1,218,0
2,6,111,1,218,0
7,1,112,1,218,0
6,0,114,1,218,0
6,-5,119,1,218,0
2,-3,143,1,218,0
-1,-1,176,1,218,0
-1,2,182,1,218,0
1,5,203,1,218,0
-8,-2,214,1,218,0
-4,6,14,1,218,0
-3,5,16,1,218,0
2,7,75,1,218,0
8,-2,43,1,218,0
5,-3,57,1,218,0
8,3,91,1,218,0
7,2,92,1,218,0
3,8,97,1,218,0
3,-7,106,1,218,0
6,-6,115,1,218,0
6,1,118,1,218,0
5,0,119,1,218,0
-1,3,126,1,218,0
2,-4,126,1,218,0
1,-1,162,1,218,0
-1,-2,179,1,218,0
-8,0,205,1,218,0
0,5,206,1,218,0
1,6,214,1,218,0
-2,-6,5,1,218,0
-4,7,24,1,218,0
-2,5,112,1,218,0
8,-3,47,1,218,0
8,4,79,1,218,0
7,3,84,1,218,0
3,-8,99,1,218,0
6,-7,109,1,218,0
-1,4,119,1,218,0
2,-5,119,1,218,0
5,1,125,1,218,0
5,-4,129,1,218,0
1,-2,151,1,218,0
-4,-2,189,1,218,0
-1,-3,202,1,218,0
0,6,209,1,218,0
-7,0,211,1,218,0
1,7,217,1,218,0
4,0,217,1,218,0
0,7,87,1,218,0
-4,8,23,1,218,0
-3,7,32,1,218,0
-1,-4,28,1,218,0
-1,5,113,1,218,0
7,-1,36,1,218,0
8,-4,62,1,218,0
8,5,77,1,218,0
7,4,83,1,218,0
6,3,83,1,218,0
5,2,86,1,218,0
-2,6,106,1,218,0
6,-8,102,1,218,0
2,-6,113,1,218,0
5,-5,124,1,218,0
4,1,128,1,218,0
1,-3,133,1,218,0
3,0,216,1,218,0
-7,-2,217,1,218,0
-6,0,217,1,218,0
5,3,11,1,219,0
-2,7,97,1,219,0
7,-2,37,1,219,0
-1,-5,36,1,219,0
8,6,65,1,219,0
7,5,72,1,219,0
8,-5,75,1,219,0
6,4,76,1,219,0
4,2,83,1,219,0
2,-7,98,1,219,0
5,-6,118,1,219,0
1,-4,122,1,219,0
4,-3,137,1,219,0
2,0,144,1,219,0
0,-1,159,1,219,0
3,1,212,1,219,0
-5,0,217,1,219,0
-1,7,94,1,219,0
-1,-6,12,1,219,0
6,5,29,1,219,0
7,-3,49,1,219,0
8,-6,63,1,219,0
8,7,64,1,219,0
7,6,69,1,219,0
5,4,73,1,219,0
3,-1,102,1,219,0
1,-5,115,1,219,0
4,-4,134,1,219,0
1,0,149,1,219,0
-3,-2,183,1,219,0
0,-2,184,1,219,0
2,1,209,1,219,0
3,2,211,1,219,0
4,3,218,1,219,0
-4,0,219,1,219,0
-1,8,4,1,219,0
6,6,37,1,219,0
6,-1,41,1,219,0
7,7,52,1,219,0
8,8,57,1,219,0
7,-4,64,1,219,0
5,5,69,1,219,0
8,-7,104,1,219,0
1,-6,109,1,219,0
4,-5,126,1,219,0
3,-2,146,1,219,0
0,0,177,1,219,0
1,1,201,1,219,0
-6,-2,202,1,219,0
-3,0,208,1,219,0
2,2,206,1,219,0
0,-3,214,1,219,0
3,3,216,1,219,0
4,4,218,1,219,0
-3,-4,8,1,219,0
4,5,19,1,219,0
6,-2,46,1,219,0
7,8,56,1,219,0
6,7,57,1,219,0
5,6,61,1,219,0
4,-6,69,1,219,0
7,-5,82,1,219,0
8,-8,97,1,219,0
1,-7,102,1,219,0
3,-3,143,1,219,0
-2,0,168,1,219,0
-2,-1,175,1,219,0
0,1,194,1,219,0
1,2,198,1,219,0
3,4,215,1,219,0
0,-4,218,1,219,0
0,-5,44,1,219,0
6,8,53,1,219,0
3,5,59,1,219,0
4,6,59,1,219,0
5,7,86,1,219,0
8,0,102,1,219,0
7,-6,112,1,219,0
2,4,124,1,219,0
1,3,131,1,219,0
3,-4,134,1,219,0
2,-1,154,1,219,0
-2,1,169,1,219,0
-2,-2,181,1,219,0
0,2,191,1,219,0
-1,0,179,1,219,0
-5,5,3,1,219,0
9,2,3,1,219,0
0,-6,18,1,219,0
6,-4,64,1,219,0
5,8,83,1,219,0
3,-5,86,1,219,0
4,7,89,1,219,0
8,1,106,1,219,0
7,-7,106,1,219,0
3,6,108,1,219,0
7,0,108,1,219,0
2,5,118,1,219,0
2,-2,153,1,219,0
-2,2,171,1,219,0
-1,1,185,1,219,0
0,3,191,1,219,0
-5,-2,196,1,219,0
1,4,198,1,219,0
-2,-3,218,1,219,0
-4,5,8,1,219,0
-2,-4,14,1,219,0
8,-1,33,1,219,0
5,-2,48,1,219,0
7,-8,94,1,219,0
4,8,95,1,219,0
8,2,97,1,219,0
3,7,104,1,219,0
3,-6,109,1,219,0
2,6,111,1,219,0
7,1,112,1,219,0
6,0,114,1,219,0
6,-5,119,1,219,0
2,-3,143,1,219,0
-1,-1,176,1,219,0
-1,2,182,1,219,0
1,5,203,1,219,0
-8,-2,214,1,219,0
-4,6,14,1,219,0
-3,5,16,1,219,0
2,7,75,1,219,0
8,-2,43,1,219,0
5,-3,57,1,219,0
8,3,91,1,219,0
7,2,92,1,219,0
3,8,97,1,219,0
3,-7,106,1,219,0
6,-6,115,1,219,0
6,1,118,1,219,0
5,0,119,1,219,0
-1,3,126,1,219,0
2,-4,126,1,219,0
1,-1,162,1,219,0
-1,-2,179,1,219,0
-8,0,205,1,219,0
0,5,206,1,219,0
1,6,214,1,219,0
-2,-6,5,1,219,0
-4,7,24,1,219,0
-2,5,112,1,219,0
8,-3,47,1,219,0
8,4,79,1,219,0
7,3,84,1,219,0
3,-8,99,1,219,0
6,-7,109,1,219,0
-1,4,119,1,219,0
2,-5,119,1,219,0
5,1,125,1,219,0
5,-4,129,1,219,0
1,-2,151,1,219,0
-4,-2,189,1,219,0
-1,-3,202,1,219,0
0,6,209,1,219,0
-7,0,211,1,219,0
1,7,218,1,219,0
4,0,218,1,219,0
0,7,87,1,219,0
-4,8,23,1,219,0
-3,7,32,1,219,0
-1,-4,28,1,219,0
-1,5,113,1,219,0
7,-1,36,1,219,0
8,-4,62,1,219,0
8,5,77,1,219,0
7,4,83,1,219,0
6,3,83,1,219,0
5,2,86,1,219,0
-2,6,106,1,219,0
6,-8,102,1,219,0
2,-6,113,1,219,0
5,-5,124,1,219,0
4,1,128,1,219,0
1,-3,133,1,219,0
3,0,216,1,219,0
-7,-2,218,1,219,0
-6,0,218,1,219,0
5,3,11,1,220,0
-2,7,97,1,220,0
7,-2,37,1,220,0
-1,-5,36,1,220,0
8,6,65,1,220,0
7,5,72,1,220,0
8,-5,75,1,220,0
6,4,76,1,220,0
4,2,83,1,220,0
2,-7,98,1,220,0
5,-6,118,1,220,0
1,-4,122,1,220,0
4,-3,137,1,220,0
2,0,144,1,220,0
0,-1,159,1,220,0
3,1,212,1,220,0
-5,0,217,1,220,0
-1,7,94,1,220,0
-1,-6,12,1,220,0
6,5,29,1,220,0
7,-3,49,1,220,0
8,-6,63,1,220,0
8,7,64,1,220,0
7,6,69,1,220,0
5,4,73,1,220,0
3,-1,102,1,220,0
1,-5,115,1,220,0
4,-4,134,1,220,0
1,0,149,1,220,0
-3,-2,183,1,220,0
0,-2,184,1,220,0
2,1,209,1,220,0
3,2,211,1,220,0
4,3,219,1,220,0
-4,0,219,1,220,0
-1,8,4,1,220,0
6,6,37,1,220,0
6,-1,41,1,220,0
7,7,52,1,220,0
8,8,57,1,220,0
7,-4,64,1,220,0
5,5,69,1,220,0
8,-7,104,1,220,0
1,-6,109,1,220,0
4,-5,126,1,220,0
3,-2,146,1,220,0
0,0,177,1,220,0
1,1,201,1,220,0
-6,-2,202,1,220,0
-3,0,208,1,220,0
2,2,206,1,220,0
0,-3,214,1,220,0
3,3,216,1,220,0
4,4,219,1,220,0
-3,-4,8,1,220,0
4,5,19,1,220,0
6,-2,46,1,220,0
7,8,56,1,220,0
6,7,57,1,220,0
5,6,61,1,220,0
4,-6,69,1,220,0
7,-5,82,1,220,0
8,-8,97,1,220,0
1,-7,102,1,220,0
3,-3,143,1,220,0
-2,0,168,1,220,0
-2,-1,175,1,220,0
0,1,194,1,220,0
1,2,198,1,220,0
3,4,215,1,220,0
0,-4,219,1,220,0
0,-5,44,1,220,0
6,8,53,1,220,0
3,5,59,1,220,0
4,6,59,1,220,0
5,7,86,1,220,0
8,0,102,1,220,0
7,-6,112,1,220,0
2,4,124,1,220,0
1,3,131,1,220,0
3,-4,134,1,220,0
2,-1,154,1,220,0
-2,1,169,1,220,0
-2,-2,181,1,220,0
0,2,191,1,220,0
-1,0,179,1,220,0
-5,5,3,1,220,0
9,2,3,1,220,0
0,-6,18,1,220,0
6,-4,64,1,220,0
5,8,83,1,220,0
3,-5,86,1,220,0
4,7,89,1,220,0
8,1,106,1,220,0
7,-7,106,1,220,0
3,6,108,1,220,0
7,0,108,1,220,0
2,5,118,1,220,0
2,-2,153,1,220,0
-2,2,171,1,220,0
-1,1,185,1,220,0
0,3,191,1,220,0
-5,-2,196,1,220,0
1,4,198,1,220,0
-2,-3,219,1,220,0
-4,5,8,1,220,0
-2,-4,14,1,220,0
8,-1,33,1,220,0
5,-2,48,1,220,0
7,-8,94,1,220,0
4,8,95,1,220,0
8,2,97,1,220,0
3,7,104,1,220,0
3,-6,109,1,220,0
2,6,111,1,220,0
7,1,112,1,220,0
6,0,114,1,220,0
6,-5,119,1,220,0
2,-3,143,1,220,0
-1,-1,176,1,220,0
-1,2,182,1,220,0
1,5,203,1,220,0
-8,-2,214,1,220,0
-4,6,14,1,220,0
-3,5,16,1,220,0
2,7,75,1,220,0
8,-2,43,1,220,0
5,-3,57,1,220,0
8,3,91,1,220,0
7,2,92,1,220,0
3,8,97,1,220,0
3,-7,106,1,220,0
6,-6,115,1,220,0
6,1,118,1,220,0
5,0,119,1,220,0
-1,3,126,1,220,0
2,-4,126,1,220,0
1,-1,162,1,220,0
-1,-2,179,1,220,0
-8,0,205,1,220,0
0,5,206,1,220,0
1,6,214,1,220,0
-2,-6,5,1,220,0
-4,7,24,1,220,0
-2,5,112,1,220,0
8,-3,47,1,220,0
8,4,79,1,220,0
7,3,84,1,220,0
3,-8,99,1,220,0
6,-7,109,1,220,0
-1,4,119,1,220,0
2,-5,119,1,220,0
5,1,125,1,220,0
5,-4,129,1,220,0
1,-2,151,1,220,0
-4,-2,189,1,220,0
-1,-3,202,1,220,0
0,6,209,1,220,0
-7,0,211,1,220,0
1,7,219,1,220,0
4,0,219,1,220,0
0,7,87,1,220,0
-4,8,23,1,220,0
-3,7,32,1,220,0
-1,-4,28,1,220,0
-1,5,113,1,220,0
7,-1,36,1,220,0
8,-4,62,1,220,0
8,5,77,1,220,0
7,4,83,1,220,0
6,3,83,1,220,0
5,2,86,1,220,0
-2,6,106,1,220,0
6,-8,102,1,220,0
2,-6,113,1,220,0
5,-5,124,1,220,0
4,1,128,1,220,0
1,-3,133,1,220,0
3,0,216,1,220,0
-7,-2,219,1,220,0
-6,0,219,1,220,0
5,3,11,1,221,0
-2,7,97,1,221,0
7,-2,37,1,221,0
-1,-5,36,1,221,0
8,6,65,1,221,0
7,5,72,1,221,0
8,-5,75,1,221,0
6,4,76,1,221,0
4,2,83,1,221,0
2,-7,98,1,221,0
5,-6,118,1,221,0
1,-4,122,1,221,0
4,-3,137,1,221,0
2,0,144,1,221,0
0,-1,159,1,221,0
3,1,212,1,221,0
-5,0,217,1,221,0
-1,7,94,1,221,0
-1,-6,12,1,221,0
6,5,29,1,221,0
7,-3,49,1,221,0
8,-6,63,1,221,0
8,7,64,1,221,0
7,6,69,1,221,0
5,4,73,1,221,0
3,-1,102,1,221,0
1,-5,115,1,221,0
4,-4,134,1,221,0
1,0,149,1,221,0
-3,-2,183,1,221,0
0,-2,184,1,221,0
2,1,209,1,221,0
3,2,211,1,221,0
4,3,219,1,221,0
-4,0,219,1,221,0
-1,8,4,1,221,0
6,6,37,1,221,0
6,-1,41,1,221,0
7,7,52,1,221,0
8,8,57,1,221,0
7,-4,64,1,221,0
5,5,69,1,221,0
8,-7,104,1,221,0
1,-6,109,1,221,0
4,-5,126,1,221,0
3,-2,146,1,221,0
0,0,177,1,221,0
1,1,201,1,221,0
-6,-2,202,1,221,0
-3,0,221,1,221,0
2,2,206,1,221,0
0,-3,214,1,221,0
3,3,216,1,221,0
4,4,219,1,221,0
-3,-4,8,1,221,0
4,5,19,1,221,0
6,-2,46,1,221,0
7,8,56,1,221,0
6,7,57,1,221,0
5,6,61,1,221,0
4,-6,69,1,221,0
7,-5,82,1,221,0
8,-8,97,1,221,0
1,-7,102,1,221,0
3,-3,143,1,221,0
-2,0,168,1,221,0
-2,-1,175,1,221,0
0,1,194,1,221,0
1,2,198,1,221,0
3,4,215,1,221,0
0,-4,219,1,221,0
0,-5,44,1,221,0
6,8,53,1,221,0
3,5,59,1,221,0
4,6,59,1,221,0
5,7,86,1,221,0
8,0,102,1,221,0
7,-6,112,1,221,0
2,4,124,1,221,0
1,3,131,1,221,0
3,-4,134,1,221,0
2,-1,154,1,221,0
-2,1,169,1,221,0
-2,-2,181,1,221,0
0,2,191,1,221,0
-1,0,179,1,221,0
-5,5,3,1,221,0
9,2,3,1,221,0
0,-6,18,1,221,0
6,-4,64,1,221,0
5,8,83,1,221,0
3,-5,86,1,221,0
4,7,89,1,221,0
8,1,106,1,221,0
7,-7,106,1,221,0
3,6,108,1,221,0
7,0,108,1,221,0
2,5,118,1,221,0
2,-2,153,1,221,0
-2,2,171,1,221,0
-1,1,185,1,221,0
0,3,191,1,221,0
-5,-2,196,1,221,0
1,4,198,1,221,0
-2,-3,219,1,221,0
-4,5,8,1,221,0
-2,-4,14,1,221,0
8,-1,33,1,221,0
5,-2,48,1,221,0
7,-8,94,1,221,0
4,8,95,1,221,0
8,2,97,1,221,0
3,7,104,1,221,0
3,-6,109,1,221,0
2,6,111,1,221,0
7,1,112,1,221,0
6,0,114,1,221,0
6,-5,119,1,221,0
2,-3,143,1,221,0
-1,-1,176,1,221,0
-1,2,182,1,221,0
1,5,203,1,221,0
-8,-2,214,1,221,0
-4,6,14,1,221,0
-3,5,16,1,221,0
2,7,75,1,221,0
8,-2,43,1,221,0
5,-3,57,1,221,0
8,3,91,1,221,0
7,2,92,1,221,0
3,8,97,1,221,0
3,-7,106,1,221,0
6,-6,115,1,221,0
6,1,118,1,221,0
5,0,119,1,221,0
-1,3,126,1,221,0
2,-4,126,1,221,0
1,-1,162,1,221,0
-1,-2,179,1,221,0
-8,0,205,1,221,0
0,5,206,1,221,0
1,6,214,1,221,0
-2,-6,5,1,221,0
-4,7,24,1,221,0
-2,5,112,1,221,0
8,-3,47,1,221,0
8,4,79,1,221,0
7,3,84,1,221,0
3,-8,99,1,221,0
6,-7,109,1,221,0
-1,4,119,1,221,0
2,-5,119,1,221,0
5,1,125,1,221,0
5,-4,129,1,221,0
1,-2,151,1,221,0
-4,-2,189,1,221,0
-1,-3,202,1,221,0
0,6,209,1,221,0
-7,0,211,1,221,0
1,7,219,1,221,0
4,0,219,1,221,0
0,7,87,1,221,0
-4,8,23,1,221,0
-3,7,32,1,221,0
-1,-4,28,1,221,0
-1,5,113,1,221,0
7,-1,36,1,221,0
8,-4,62,1,221,0
8,5,77,1,221,0
7,4,83,1,221,0
6,3,83,1,221,0
5,2,86,1,221,0
-2,6,106,1,221,0
6,-8,102,1,221,0
2,-6,113,1,221,0
5,-5,124,1,221,0
4,1,128,1,221,0
1,-3,133,1,221,0
3,0,216,1,221,0
-7,-2,219,1,221,0
-6,0,219,1,221,0
5,3,11,1,222,0
-2,7,97,1,222,0
7,-2,37,1,222,0
-1,-5,36,1,222,0
8,6,65,1,222,0
7,5,72,1,222,0
8,-5,75,1,222,0
6,4,76,1,222,0
4,2,83,1,222,0
2,-7,98,1,222,0
5,-6,118,1,222,0
1,-4,122,1,222,0
4,-3,137,1,222,0
2,0,144,1,222,0
0,-1,159,1,222,0
3,1,212,1,222,0
-5,0,217,1,222,0
-1,7,94,1,222,0
-1,-6,12,1,222,0
6,5,29,1,222,0
7,-3,49,1,222,0
8,-6,63,1,222,0
8,7,64,1,222,0
7,6,69,1,222,0
5,4,73,1,222,0
3,-1,102,1,222,0
1,-5,115,1,222,0
4,-4,134,1,222,0
1,0,149,1,222,0
-3,-2,183,1,222,0
0,-2,184,1,222,0
2,1,209,1,222,0
3,2,211,1,222,0
4,3,221,1,222,0
-4,0,221,1,222,0
-1,8,4,1,222,0
6,6,37,1,222,0
6,-1,41,1,222,0
7,7,52,1,222,0
8,8,57,1,222,0
7,-4,64,1,222,0
5,5,69,1,222,0
8,-7,104,1,222,0
1,-6,109,1,222,0
4,-5,126,1,222,0
3,-2,146,1,222,0
0,0,177,1,222,0
1,1,201,1,222,0
-3,0,222,1,222,0
2,2,206,1,222,0
3,3,216,1,222,0
-6,-2,221,1,222,0
0,-3,221,1,222,0
4,4,221,1,222,0
-3,-4,8,1,222,0
4,5,19,1,222,0
6,-2,46,1,222,0
7,8,56,1,222,0
6,7,57,1,222,0
5,6,61,1,222,0
4,-6,69,1,222,0
7,-5,82,1,222,0
8,-8,97,1,222,0
1,-7,102,1,222,0
3,-3,143,1,222,0
-2,0,168,1,222,0
-2,-1,175,1,222,0
0,1,194,1,222,0
1,2,198,1,222,0
3,4,215,1,222,0
0,-4,219,1,222,0
0,-5,44,1,222,0
6,8,53,1,222,0
3,5,59,1,222,0
4,6,59,1,222,0
5,7,86,1,222,0
8,0,102,1,222,0
7,-6,112,1,222,0
2,4,124,1,222,0
1,3,131,1,222,0
3,-4,134,1,222,0
2,-1,154,1,222,0
-2,1,169,1,222,0
-2,-2,181,1,222,0
0,2,191,1,222,0
-1,0,179,1,222,0
-5,5,3,1,222,0
9,2,3,1,222,0
0,-6,18,1,222,0
6,-4,64,1,222,0
5,8,83,1,222,0
3,-5,86,1,222,0
4,7,89,1,222,0
8,1,106,1,222,0
7,-7,106,1,222,0
3,6,108,1,222,0
7,0,108,1,222,0
2,5,118,1,222,0
2,-2,153,1,222,0
-2,2,171,1,222,0
-1,1,185,1,222,0
0,3,191,1,222,0
-5,-2,196,1,222,0
1,4,198,1,222,0
-2,-3,221,1,222,0
-4,5,8,1,222,0
-2,-4,14,1,222,0
8,-1,33,1,222,0
5,-2,48,1,222,0
7,-8,94,1,222,0
4,8,95,1,222,0
8,2,97,1,222,0
3,7,104,1,222,0
3,-6,109,1,222,0
2,6,111,1,222,0
7,1,112,1,222,0
6,0,114,1,222,0
6,-5,119,1,222,0
2,-3,143,1,222,0
-1,-1,176,1,222,0
-1,2,182,1,222,0
1,5,203,1,222,0
-8,-2,214,1,222,0
-4,6,14,1,222,0
-3,5,16,1,222,0
8,-2,43,1,222,0
5,-3,57,1,222,0
8,3,91,1,222,0
7,2,92,1,222,0
3,8,97,1,222,0
3,-7,106,1,222,0
6,-6,115,1,222,0
6,1,118,1,222,0
5,0,119,1,222,0
-1,3,126,1,222,0
2,-4,126,1,222,0
1,-1,162,1,222,0
-1,-2,179,1,222,0
-8,0,205,1,222,0
0,5,206,1,222,0
1,6,214,1,222,0
2,7,221,1,222,0
-2,-6,5,1,222,0
-4,7,24,1,222,0
-2,5,112,1,222,0
8,-3,47,1,222,0
8,4,79,1,222,0
7,3,84,1,222,0
3,-8,99,1,222,0
6,-7,109,1,222,0
-1,4,119,1,222,0
2,-5,119,1,222,0
5,1,125,1,222,0
5,-4,129,1,222,0
1,-2,151,1,222,0
-4,-2,189,1,222,0
-1,-3,202,1,222,0
0,6,209,1,222,0
-7,0,211,1,222,0
1,7,219,1,222,0
4,0,221,1,222,0
0,7,87,1,222,0
-4,8,23,1,222,0
-3,7,32,1,222,0
-1,-4,28,1,222,0
-1,5,113,1,222,0
7,-1,36,1,222,0
8,-4,62,1,222,0
8,5,77,1,222,0
7,4,83,1,222,0
6,3,83,1,222,0
5,2,86,1,222,0
-2,6,106,1,222,0
6,-8,102,1,222,0
2,-6,113,1,222,0
5,-5,124,1,222,0
4,1,128,1,222,0
1,-3,133,1,222,0
3,0,216,1,222,0
-7,-2,219,1,222,0
-6,0,221,1,222,0
5,3,11,1,223,0
-2,7,97,1,223,0
7,-2,37,1,223,0
-1,-5,36,1,223,0
8,6,65,1,223,0
7,5,72,1,223,0
8,-5,75,1,223,0
6,4,76,1,223,0
4,2,83,1,223,0
2,-7,98,1,223,0
5,-6,118,1,223,0
1,-4,122,1,223,0
4,-3,137,1,223,0
2,0,144,1,223,0
0,-1,159,1,223,0
3,1,212,1,223,0
-5,0,217,1,223,0
-1,7,94,1,223,0
-1,-6,12,1,223,0
6,5,29,1,223,0
7,-3,49,1,223,0
8,-6,63,1,223,0
8,7,64,1,223,0
7,6,69,1,223,0
5,4,73,1,223,0
3,-1,102,1,223,0
1,-5,115,1,223,0
4,-4,134,1,223,0
1,0,149,1,223,0
-3,-2,183,1,223,0
0,-2,184,1,223,0
2,1,209,1,223,0
3,2,211,1,223,0
4,3,222,1,223,0
-4,0,222,1,223,0
-1,8,4,1,223,0
6,6,37,1,223,0
6,-1,41,1,223,0
7,7,52,1,223,0
8,8,57,1,223,0
7,-4,64,1,223,0
5,5,69,1,223,0
8,-7,104,1,223,0
1,-6,109,1,223,0
4,-5,126,1,223,0
3,-2,146,1,223,0
0,0,177,1,223,0
1,1,201,1,223,0
-3,0,223,1,223,0
2,2,206,1,223,0
3,3,216,1,223,0
-6,-2,222,1,223,0
0,-3,222,1,223,0
4,4,222,1,223,0
-3,-4,8,1,223,0
4,5,19,1,223,0
6,-2,46,1,223,0
7,8,56,1,223,0
6,7,57,1,223,0
5,6,61,1,223,0
4,-6,69,1,223,0
7,-5,82,1,223,0
8,-8,97,1,223,0
1,-7,102,1,223,0
3,-3,143,1,223,0
-2,0,168,1,223,0
-2,-1,175,1,223,0
0,1,194,1,223,0
1,2,198,1,223,0
3,4,215,1,223,0
0,-4,219,1,223,0
0,-5,44,1,223,0
6,8,53,1,223,0
3,5,59,1,223,0
4,6,59,1,223,0
5,7,86,1,223,0
8,0,102,1,223,0
7,-6,112,1,223,0
2,4,124,1,223,0
1,3,131,1,223,0
3,-4,134,1,223,0
2,-1,154,1,223,0
-2,1,169,1,223,0
-2,-2,181,1,223,0
0,2,191,1,223,0
-1,0,179,1,223,0
-5,5,3,1,223,0
9,2,3,1,223,0
0,-6,18,1,223,0
6,-4,64,1,223,0
5,8,83,1,223,0
3,-5,86,1,223,0
4,7,89,1,223,0
8,1,106,1,223,0
7,-7,106,1,223,0
3,6,108,1,223,0
7,0,108,1,223,0
2,5,118,1,223,0
2,-2,153,1,223,0
-2,2,171,1,223,0
-1,1,185,1,223,0
0,3,191,1,223,0
-5,-2,196,1,223,0
1,4,198,1,223,0
-2,-3,222,1,223,0
-4,5,8,1,223,0
-2,-4,14,1,223,0
8,-1,33,1,223,0
5,-2,48,1,223,0
7,-8,94,1,223,0
4,8,95,1,223,0
8,2,97,1,223,0
3,7,104,1,223,0
3,-6,109,1,223,0
2,6,111,1,223,0
7,1,112,1,223,0
6,0,114,1,223,0
6,-5,119,1,223,0
2,-3,143,1,223,0
-1,-1,176,1,223,0
-1,2,182,1,223,0
1,5,203,1,223,0
-8,-2,214,1,223,0
-4,6,14,1,223,0
-3,5,16,1,223,0
8,-2,43,1,223,0
5,-3,57,1,223,0
8,3,91,1,223,0
7,2,92,1,223,0
3,8,97,1,223,0
3,-7,106,1,223,0
6,-6,115,1,223,0
6,1,118,1,223,0
5,0,119,1,223,0
-1,3,126,1,223,0
2,-4,126,1,223,0
1,-1,162,1,223,0
-1,-2,179,1,223,0
-8,0,205,1,223,0
0,5,206,1,223,0
1,6,214,1,223,0
2,7,222,1,223,0
-2,-6,5,1,223,0
-4,7,24,1,223,0
-2,5,112,1,223,0
8,-3,47,1,223,0
8,4,79,1,223,0
7,3,84,1,223,0
3,-8,99,1,223,0
6,-7,109,1,223,0
-1,4,119,1,223,0
2,-5,119,1,223,0
5,1,125,1,223,0
5,-4,129,1,223,0
1,-2,151,1,223,0
-4,-2,189,1,223,0
-1,-3,202,1,223,0
0,6,209,1,223,0
-7,0,211,1,223,0
1,7,219,1,223,0
4,0,222,1,223,0
0,7,87,1,223,0
-4,8,23,1,223,0
-3,7,32,1,223,0
-1,-4,28,1,223,0
-1,5,113,1,223,0
7,-1,36,1,223,0
8,-4,62,1,223,0
8,5,77,1,223,0
7,4,83,1,223,0
6,3,83,1,223,0
5,2,86,1,223,0
-2,6,106,1,223,0
6,-8,102,1,223,0
2,-6,113,1,223,0
5,-5,124,1,223,0
4,1,128,1,223,0
1,-3,133,1,223,0
3,0,216,1,223,0
-7,-2,219,1,223,0
-6,0,222,1,223,0
5,3,11,1,224,0
-2,7,97,1,224,0
7,-2,37,1,224,0
-1,-5,36,1,224,0
8,6,65,1,224,0
7,5,72,1,224,0
8,-5,75,1,224,0
6,4,76,1,224,0
4,2,83,1,224,0
2,-7,98,1,224,0
5,-6,118,1,224,0
1,-4,122,1,224,0
4,-3,137,1,224,0
2,0,144,1,224,0
0,-1,159,1,224,0
3,1,212,1,224,0
-5,0,217,1,224,0
-1,7,94,1,224,0
-1,-6,12,1,224,0
6,5,29,1,224,0
7,-3,49,1,224,0
8,-6,63,1,224,0
8,7,64,1,224,0
7,6,69,1,224,0
5,4,73,1,224,0
3,-1,102,1,224,0
1,-5,115,1,224,0
4,-4,134,1,224,0
1,0,149,1,224,0
-3,-2,183,1,224,0
0,-2,184,1,224,0
2,1,209,1,224,0
3,2,211,1,224,0
4,3,223,1,224,0
-4,0,223,1,224,0
-1,8,4,1,224,0
6,6,37,1,224,0
6,-1,41,1,224,0
7,7,52,1,224,0
8,8,57,1,224,0
7,-4,64,1,224,0
5,5,69,1,224,0
8,-7,104,1,224,0
1,-6,109,1,224,0
4,-5,126,1,224,0
3,-2,146,1,224,0
0,0,177,1,224,0
1,1,201,1,224,0
-3,0,224,1,224,0
2,2,206,1,224,0
3,3,216,1,224,0
0,-3,222,1,224,0
-6,-2,223,1,224,0
4,4,223,1,224,0
-3,-4,8,1,224,0
4,5,19,1,224,0
6,-2,46,1,224,0
7,8,56,1,224,0
6,7,57,1,224,0
5,6,61,1,224,0
4,-6,69,1,224,0
7,-5,82,1,224,0
8,-8,97,1,224,0
1,-7,102,1,224,0
3,-3,143,1,224,0
-2,0,168,1,224,0
-2,-1,175,1,224,0
0,1,194,1,224,0
1,2,198,1,224,0
3,4,215,1,224,0
0,-4,223,1,224,0
0,-5,44,1,224,0
6,8,53,1,224,0
3,5,59,1,224,0
4,6,59,1,224,0
5,7,86,1,224,0
8,0,102,1,224,0
7,-6,112,1,224,0
2,4,124,1,224,0
1,3,131,1,224,0
3,-4,134,1,224,0
2,-1,154,1,224,0
-2,1,169,1,224,0
-2,-2,181,1,224,0
0,2,191,1,224,0
-1,0,179,1,224,0
-5,5,3,1,224,0
9,2,3,1,224,0
0,-6,18,1,224,0
6,-4,64,1,224,0
5,8,83,1,224,0
3,-5,86,1,224,0
4,7,89,1,224,0
8,1,106,1,224,0
7,-7,106,1,224,0
3,6,108,1,224,0
7,0,108,1,224,0
2,5,118,1,224,0
2,-2,153,1,224,0
-2,2,171,1,224,0
-1,1,185,1,224,0
0,3,191,1,224,0
-5,-2,196,1,224,0
1,4,198,1,224,0
-2,-3,223,1,224,0
-4,5,8,1,224,0
-2,-4,14,1,224,0
8,-1,33,1,224,0
5,-2,48,1,224,0
7,-8,94,1,224,0
4,8,95,1,224,0
8,2,97,1,224,0
3,7,104,1,224,0
3,-6,109,1,224,0
2,6,111,1,224,0
7,1,112,1,224,0
6,0,114,1,224,0
6,-5,119,1,224,0
2,-3,143,1,224,0
-1,-1,176,1,224,0
-1,2,182,1,224,0
1,5,203,1,224,0
-8,-2,214,1,224,0
-4,6,14,1,224,0
-3,5,16,1,224,0
8,-2,43,1,224,0
5,-3,57,1,224,0
8,3,91,1,224,0
7,2,92,1,224,0
3,8,97,1,224,0
3,-7,106,1,224,0
6,-6,115,1,224,0
6,1,118,1,224,0
5,0,119,1,224,0
-1,3,126,1,224,0
2,-4,126,1,224,0
1,-1,162,1,224,0
-1,-2,179,1,224,0
-8,0,205,1,224,0
0,5,206,1,224,0
1,6,214,1,224,0
2,7,222,1,224,0
-2,-6,5,1,224,0
-4,7,24,1,224,0
-2,5,112,1,224,0
8,-3,47,1,224,0
8,4,79,1,224,0
7,3,84,1,224,0
3,-8,99,1,224,0
6,-7,109,1,224,0
-1,4,119,1,224,0
2,-5,119,1,224,0
5,1,125,1,224,0
5,-4,129,1,224,0
1,-2,151,1,224,0
-4,-2,189,1,224,0
-1,-3,202,1,224,0
0,6,209,1,224,0
-7,0,211,1,224,0
1,7,219,1,224,0
2,8,223,1,224,0
4,0,223,1,224,0
0,7,87,1,224,0
-4,8,23,1,224,0
-3,7,32,1,224,0
-1,-4,28,1,224,0
-1,5,113,1,224,0
7,-1,36,1,224,0
8,-4,62,1,224,0
8,5,77,1,224,0
7,4,83,1,224,0
6,3,83,1,224,0
5,2,86,1,224,0
-2,6,106,1,224,0
6,-8,102,1,224,0
2,-6,113,1,224,0
5,-5,124,1,224,0
4,1,128,1,224,0
1,-3,133,1,224,0
3,0,216,1,224,0
-7,-2,219,1,224,0
-6,0,223,1,224,0
5,3,11,1,225,0
-2,7,97,1,225,0
7,-2,37,1,225,0
-1,-5,36,1,225,0
8,6,65,1,225,0
7,5,72,1,225,0
8,-5,75,1,225,0
6,4,76,1,225,0
4,2,83,1,225,0
2,-7,98,1,225,0
5,-6,118,1,225,0
1,-4,122,1,225,0
4,-3,137,1,225,0
2,0,144,1,225,0
0,-1,159,1,225,0
3,1,212,1,225,0
-5,0,224,1,225,0
-1,7,94,1,225,0
-1,-6,12,1,225,0
6,5,29,1,225,0
7,-3,49,1,225,0
8,-6,63,1,225,0
8,7,64,1,225,0
7,6,69,1,225,0
3,-1,102,1,225,0
1,-5,115,1,225,0
4,-4,134,1,225,0
1,0,149,1,225,0
-3,-2,183,1,225,0
0,-2,184,1,225,0
2,1,209,1,225,0
3,2,211,1,225,0
4,3,224,1,225,0
-4,0,224,1,225,0
5,4,224,1,225,0
-1,8,4,1,225,0
6,6,37,1,225,0
6,-1,41,1,225,0
7,7,52,1,225,0
8,8,57,1,225,0
7,-4,64,1,225,0
5,5,69,1,225,0
8,-7,104,1,225,0
1,-6,109,1,225,0
4,-5,126,1,225,0
3,-2,146,1,225,0
0,0,177,1,225,0
1,1,201,1,225,0
-3,0,225,1,225,0
2,2,206,1,225,0
3,3,216,1,225,0
0,-3,222,1,225,0
4,4,223,1,225,0
-6,-2,224,1,225,0
-3,-4,8,1,225,0
4,5,19,1,225,0
6,-2,46,1,225,0
7,8,56,1,225,0
6,7,57,1,225,0
5,6,61,1,225,0
4,-6,69,1,225,0
7,-5,82,1,225,0
8,-8,97,1,225,0
1,-7,102,1,225,0
3,-3,143,1,225,0
-2,0,168,1,225,0
-2,-1,175,1,225,0
0,1,194,1,225,0
1,2,198,1,225,0
3,4,215,1,225,0
0,-4,224,1,225,0
0,-5,44,1,225,0
6,8,53,1,225,0
3,5,59,1,225,0
4,6,59,1,225,0
5,7,86,1,225,0
8,0,102,1,225,0
7,-6,112,1,225,0
2,4,124,1,225,0
1,3,131,1,225,0
3,-4,134,1,225,0
2,-1,154,1,225,0
-2,1,169,1,225,0
-2,-2,181,1,225,0
0,2,191,1,225,0
-1,0,179,1,225,0
-5,5,3,1,225,0
9,2,3,1,225,0
0,-6,18,1,225,0
6,-4,64,1,225,0
5,8,83,1,225,0
3,-5,86,1,225,0
4,7,89,1,225,0
8,1,106,1,225,0
7,-7,106,1,225,0
3,6,108,1,225,0
7,0,108,1,225,0
2,5,118,1,225,0
2,-2,153,1,225,0
-2,2,171,1,225,0
-1,1,185,1,225,0
0,3,191,1,225,0
-5,-2,196,1,225,0
1,4,198,1,225,0
-2,-3,224,1,225,0
-4,5,8,1,225,0
-2,-4,14,1,225,0
8,-1,33,1,225,0
5,-2,48,1,225,0
7,-8,94,1,225,0
4,8,95,1,225,0
8,2,97,1,225,0
3,7,104,1,225,0
3,-6,109,1,225,0
2,6,111,1,225,0
7,1,112,1,225,0
6,0,114,1,225,0
6,-5,119,1,225,0
2,-3,143,1,225,0
-1,-1,176,1,225,0
-1,2,182,1,225,0
1,5,203,1,225,0
-8,-2,214,1,225,0
-4,6,14,1,225,0
-3,5,16,1,225,0
8,-2,43,1,225,0
5,-3,57,1,225,0
8,3,91,1,225,0
7,2,92,1,225,0
3,8,97,1,225,0
3,-7,106,1,225,0
6,-6,115,1,225,0
6,1,118,1,225,0
5,0,119,1,225,0
-1,3,126,1,225,0
2,-4,126,1,225,0
1,-1,162,1,225,0
-1,-2,179,1,225,0
-8,0,205,1,225,0
0,5,206,1,225,0
1,6,214,1,225,0
2,7,222,1,225,0
-2,-6,5,1,225,0
-4,7,24,1,225,0
-2,5,112,1,225,0
8,-3,47,1,225,0
8,4,79,1,225,0
7,3,84,1,225,0
3,-8,99,1,225,0
6,-7,109,1,225,0
-1,4,119,1,225,0
2,-5,119,1,225,0
5,1,125,1,225,0
5,-4,129,1,225,0
1,-2,151,1,225,0
-4,-2,189,1,225,0
-1,-3,202,1,225,0
0,6,209,1,225,0
-7,0,211,1,225,0
1,7,219,1,225,0
2,8,224,1,225,0
4,0,224,1,225,0
0,7,87,1,225,0
-4,8,23,1,225,0
-3,7,32,1,225,0
-1,-4,28,1,225,0
-1,5,113,1,225,0
7,-1,36,1,225,0
8,-4,62,1,225,0
8,5,77,1,225,0
7,4,83,1,225,0
6,3,83,1,225,0
5,2,86,1,225,0
-2,6,106,1,225,0
6,-8,102,1,225,0
2,-6,113,1,225,0
5,-5,124,1,225,0
4,1,128,1,225,0
1,-3,133,1,225,0
3,0,216,1,225,0
-7,-2,219,1,225,0
-6,0,223,1,225,0
-2,7,97,1,226,0
7,-2,37,1,226,0
-1,-5,36,1,226,0
8,6,65,1,226,0
7,5,72,1,226,0
8,-5,75,1,226,0
6,4,76,1,226,0
4,2,83,1,226,0
2,-7,98,1,226,0
5,-6,118,1,226,0
1,-4,122,1,226,0
4,-3,137,1,226,0
2,0,144,1,226,0
0,-1,159,1,226,0
3,1,212,1,226,0
5,3,225,1,226,0
-5,0,225,1,226,0
-1,7,94,1,226,0
-1,-6,12,1,226,0
6,5,29,1,226,0
7,-3,49,1,226,0
8,-6,63,1,226,0
8,7,64,1,226,0
7,6,69,1,226,0
3,-1,102,1,226,0
1,-5,115,1,226,0
4,-4,134,1,226,0
1,0,149,1,226,0
-3,-2,183,1,226,0
0,-2,184,1,226,0
2,1,209,1,226,0
3,2,211,1,226,0
4,3,224,1,226,0
-4,0,226,1,226,0
5,4,225,1,226,0
-1,8,4,1,226,0
6,6,37,1,226,0
6,-1,41,1,226,0
7,7,52,1,226,0
8,8,57,1,226,0
7,-4,64,1,226,0
5,5,69,1,226,0
8,-7,104,1,226,0
1,-6,109,1,226,0
4,-5,126,1,226,0
3,-2,146,1,226,0
0,0,177,1,226,0
1,1,201,1,226,0
-3,0,225,1,226,0
2,2,206,1,226,0
3,3,216,1,226,0
0,-3,222,1,226,0
4,4,223,1,226,0
-6,-2,225,1,226,0
-3,-4,8,1,226,0
4,5,19,1,226,0
6,-2,46,1,226,0
7,8,56,1,226,0
6,7,57,1,226,0
5,6,61,1,226,0
4,-6,69,1,226,0
7,-5,82,1,226,0
8,-8,97,1,226,0
1,-7,102,1,226,0
3,-3,143,1,226,0
-2,0,168,1,226,0
-2,-1,175,1,226,0
0,1,194,1,226,0
1,2,198,1,226,0
3,4,215,1,226,0
0,-4,225,1,226,0
0,-5,44,1,226,0
6,8,53,1,226,0
3,5,59,1,226,0
4,6,59,1,226,0
5,7,86,1,226,0
8,0,102,1,226,0
7,-6,112,1,226,0
2,4,124,1,226,0
1,3,131,1,226,0
3,-4,134,1,226,0
2,-1,154,1,226,0
-2,1,169,1,226,0
-2,-2,181,1,226,0
0,2,191,1,226,0
-1,0,179,1,226,0
-5,5,3,1,226,0
9,2,3,1,226,0
0,-6,18,1,226,0
6,-4,64,1,226,0
5,8,83,1,226,0
3,-5,86,1,226,0
4,7,89,1,226,0
8,1,106,1,226,0
7,-7,106,1,226,0
3,6,108,1,226,0
7,0,108,1,226,0
2,5,118,1,226,0
2,-2,153,1,226,0
-2,2,171,1,226,0
-1,1,185,1,226,0
0,3,191,1,226,0
-5,-2,196,1,226,0
1,4,198,1,226,0
5,-1,225,1,226,0
-2,-3,225,1,226,0
-4,5,8,1,226,0
-2,-4,14,1,226,0
8,-1,33,1,226,0
5,-2,48,1,226,0
7,-8,94,1,226,0
4,8,95,1,226,0
8,2,97,1,226,0
3,7,104,1,226,0
3,-6,109,1,226,0
2,6,111,1,226,0
7,1,112,1,226,0
6,0,114,1,226,0
6,-5,119,1,226,0
2,-3,143,1,226,0
-1,-1,176,1,226,0
-1,2,182,1,226,0
1,5,203,1,226,0
-8,-2,214,1,226,0
-4,6,14,1,226,0
-3,5,16,1,226,0
8,-2,43,1,226,0
5,-3,57,1,226,0
8,3,91,1,226,0
7,2,92,1,226,0
3,8,97,1,226,0
3,-7,106,1,226,0
6,-6,115,1,226,0
6,1,118,1,226,0
5,0,119,1,226,0
-1,3,126,1,226,0
2,-4,126,1,226,0
1,-1,162,1,226,0
-1,-2,179,1,226,0
-8,0,205,1,226,0
0,5,206,1,226,0
1,6,214,1,226,0
2,7,222,1,226,0
-2,-6,5,1,226,0
-4,7,24,1,226,0
-2,5,112,1,226,0
8,-3,47,1,226,0
8,4,79,1,226,0
7,3,84,1,226,0
3,-8,99,1,226,0
6,-7,109,1,226,0
-1,4,119,1,226,0
2,-5,119,1,226,0
5,1,125,1,226,0
5,-4,129,1,226,0
1,-2,151,1,226,0
-4,-2,189,1,226,0
-1,-3,202,1,226,0
0,6,209,1,226,0
-7,0,211,1,226,0
1,7,219,1,226,0
4,0,224,1,226,0
2,8,225,1,226,0
0,7,87,1,226,0
-4,8,23,1,226,0
-3,7,32,1,226,0
-1,-4,28,1,226,0
-1,5,113,1,226,0
7,-1,36,1,226,0
8,-4,62,1,226,0
8,5,77,1,226,0
7,4,83,1,226,0
6,3,83,1,226,0
5,2,86,1,226,0
-2,6,106,1,226,0
6,-8,102,1,226,0
2,-6,113,1,226,0
5,-5,124,1,226,0
4,1,128,1,226,0
1,-3,133,1,226,0
3,0,216,1,226,0
-7,-2,219,1,226,0
-6,0,223,1,226,0
-2,7,97,1,227,0
7,-2,37,1,227,0
-1,-5,36,1,227,0
8,6,65,1,227,0
7,5,72,1,227,0
8,-5,75,1,227,0
6,4,76,1,227,0
4,2,83,1,227,0
2,-7,98,1,227,0
5,-6,118,1,227,0
1,-4,122,1,227,0
4,-3,137,1,227,0
2,0,144,1,227,0
0,-1,159,1,227,0
3,1,212,1,227,0
5,3,226,1,227,0
-5,0,226,1,227,0
-1,7,94,1,227,0
-1,-6,12,1,227,0
6,5,29,1,227,0
7,-3,49,1,227,0
8,-6,63,1,227,0
8,7,64,1,227,0
7,6,69,1,227,0
3,-1,102,1,227,0
1,-5,115,1,227,0
4,-4,134,1,227,0
1,0,149,1,227,0
-3,-2,183,1,227,0
0,-2,184,1,227,0
2,1,209,1,227,0
3,2,211,1,227,0
4,3,224,1,227,0
-4,0,227,1,227,0
5,4,226,1,227,0
-1,8,4,1,227,0
6,6,37,1,227,0
6,-1,41,1,227,0
7,7,52,1,227,0
8,8,57,1,227,0
7,-4,64,1,227,0
5,5,69,1,227,0
8,-7,104,1,227,0
1,-6,109,1,227,0
4,-5,126,1,227,0
3,-2,146,1,227,0
0,0,177,1,227,0
1,1,201,1,227,0
-3,0,225,1,227,0
2,2,206,1,227,0
3,3,216,1,227,0
0,-3,222,1,227,0
4,4,223,1,227,0
-6,-2,226,1,227,0
-3,-4,8,1,227,0
4,5,19,1,227,0
6,-2,46,1,227,0
7,8,56,1,227,0
6,7,57,1,227,0
5,6,61,1,227,0
4,-6,69,1,227,0
7,-5,82,1,227,0
8,-8,97,1,227,0
1,-7,102,1,227,0
3,-3,143,1,227,0
-2,0,168,1,227,0
-2,-1,175,1,227,0
0,1,194,1,227,0
1,2,198,1,227,0
3,4,215,1,227,0
0,-4,226,1,227,0
0,-5,44,1,227,0
6,8,53,1,227,0
3,5,59,1,227,0
4,6,59,1,227,0
5,7,86,1,227,0
8,0,102,1,227,0
7,-6,112,1,227,0
2,4,124,1,227,0
1,3,131,1,227,0
3,-4,134,1,227,0
2,-1,154,1,227,0
-2,1,169,1,227,0
-2,-2,181,1,227,0
0,2,191,1,227,0
-1,0,179,1,227,0
-5,5,3,1,227,0
9,2,3,1,227,0
0,-6,18,1,227,0
6,-4,64,1,227,0
5,8,83,1,227,0
3,-5,86,1,227,0
4,7,89,1,227,0
8,1,106,1,227,0
7,-7,106,1,227,0
3,6,108,1,227,0
7,0,108,1,227,0
2,5,118,1,227,0
2,-2,153,1,227,0
-2,2,171,1,227,0
-1,1,185,1,227,0
0,3,191,1,227,0
-5,-2,196,1,227,0
1,4,198,1,227,0
5,-1,226,1,227,0
-2,-3,226,1,227,0
-4,5,8,1,227,0
-2,-4,14,1,227,0
8,-1,33,1,227,0
5,-2,48,1,227,0
7,-8,94,1,227,0
4,8,95,1,227,0
8,2,97,1,227,0
3,7,104,1,227,0
3,-6,109,1,227,0
2,6,111,1,227,0
7,1,112,1,227,0
6,0,114,1,227,0
6,-5,119,1,227,0
2,-3,143,1,227,0
-1,-1,176,1,227,0
-1,2,182,1,227,0
1,5,203,1,227,0
-8,-2,214,1,227,0
-4,6,14,1,227,0
-3,5,16,1,227,0
8,-2,43,1,227,0
5,-3,57,1,227,0
8,3,91,1,227,0
7,2,92,1,227,0
3,8,97,1,227,0
3,-7,106,1,227,0
6,-6,115,1,227,0
6,1,118,1,227,0
5,0,119,1,227,0
-1,3,126,1,227,0
2,-4,126,1,227,0
1,-1,162,1,227,0
-1,-2,179,1,227,0
-8,0,205,1,227,0
0,5,206,1,227,0
1,6,214,1,227,0
2,7,226,1,227,0
-2,-6,5,1,227,0
-4,7,24,1,227,0
-2,5,112,1,227,0
8,-3,47,1,227,0
8,4,79,1,227,0
7,3,84,1,227,0
3,-8,99,1,227,0
6,-7,109,1,227,0
-1,4,119,1,227,0
2,-5,119,1,227,0
5,1,125,1,227,0
5,-4,129,1,227,0
1,-2,151,1,227,0
-4,-2,189,1,227,0
-1,-3,202,1,227,0
0,6,209,1,227,0
-7,0,211,1,227,0
1,7,219,1,227,0
4,0,224,1,227,0
2,8,225,1,227,0
0,7,87,1,227,0
-4,8,23,1,227,0
-3,7,32,1,227,0
-1,-4,28,1,227,0
-1,5,113,1,227,0
7,-1,36,1,227,0
8,-4,62,1,227,0
8,5,77,1,227,0
7,4,83,1,227,0
6,3,83,1,227,0
5,2,86,1,227,0
-2,6,106,1,227,0
6,-8,102,1,227,0
2,-6,113,1,227,0
5,-5,124,1,227,0
4,1,128,1,227,0
1,-3,133,1,227,0
3,0,216,1,227,0
-7,-2,219,1,227,0
-6,0,223,1,227,0
-2,7,97,1,228,0
7,-2,37,1,228,0
-1,-5,36,1,228,0
8,6,65,1,228,0
7,5,72,1,228,0
8,-5,75,1,228,0
6,4,76,1,228,0
4,2,83,1,228,0
2,-7,98,1,228,0
5,-6,118,1,228,0
1,-4,122,1,228,0
4,-3,137,1,228,0
2,0,144,1,228,0
0,-1,159,1,228,0
3,1,212,1,228,0
5,3,227,1,228,0
-5,0,227,1,228,0
-1,7,94,1,228,0
-1,-6,12,1,228,0
6,5,29,1,228,0
7,-3,49,1,228,0
8,-6,63,1,228,0
8,7,64,1,228,0
7,6,69,1,228,0
3,-1,102,1,228,0
1,-5,115,1,228,0
4,-4,134,1,228,0
1,0,149,1,228,0
-3,-2,183,1,228,0
0,-2,184,1,228,0
2,1,209,1,228,0
3,2,211,1,228,0
4,3,224,1,228,0
-4,0,228,1,228,0
5,4,227,1,228,0
-1,8,4,1,228,0
6,6,37,1,228,0
6,-1,41,1,228,0
7,7,52,1,228,0
8,8,57,1,228,0
7,-4,64,1,228,0
5,5,69,1,228,0
8,-7,104,1,228,0
1,-6,109,1,228,0
4,-5,126,1,228,0
3,-2,146,1,228,0
0,0,177,1,228,0
1,1,201,1,228,0
-3,0,225,1,228,0
2,2,206,1,228,0
3,3,216,1,228,0
0,-3,222,1,228,0
4,4,223,1,228,0
-6,-2,226,1,228,0
-3,-4,8,1,228,0
4,5,19,1,228,0
6,-2,46,1,228,0
7,8,56,1,228,0
6,7,57,1,228,0
5,6,61,1,228,0
4,-6,69,1,228,0
7,-5,82,1,228,0
8,-8,97,1,228,0
1,-7,102,1,228,0
3,-3,143,1,228,0
-2,0,168,1,228,0
-2,-1,175,1,228,0
0,1,194,1,228,0
1,2,198,1,228,0
3,4,215,1,228,0
0,-4,227,1,228,0
0,-5,44,1,228,0
6,8,53,1,228,0
3,5,59,1,228,0
4,6,59,1,228,0
5,7,86,1,228,0
8,0,102,1,228,0
7,-6,112,1,228,0
2,4,124,1,228,0
1,3,131,1,228,0
3,-4,134,1,228,0
2,-1,154,1,228,0
-2,1,169,1,228,0
-2,-2,181,1,228,0
0,2,191,1,228,0
-1,0,179,1,228,0
-5,5,3,1,228,0
9,2,3,1,228,0
0,-6,18,1,228,0
6,-4,64,1,228,0
5,8,83,1,228,0
3,-5,86,1,228,0
4,7,89,1,228,0
8,1,106,1,228,0
7,-7,106,1,228,0
3,6,108,1,228,0
7,0,108,1,228,0
2,5,118,1,228,0
2,-2,153,1,228,0
-2,2,171,1,228,0
-1,1,185,1,228,0
0,3,191,1,228,0
1,4,198,1,228,0
-5,-2,227,1,228,0
5,-1,227,1,228,0
-2,-3,227,1,228,0
-4,5,8,1,228,0
-2,-4,14,1,228,0
8,-1,33,1,228,0
5,-2,48,1,228,0
7,-8,94,1,228,0
4,8,95,1,228,0
8,2,97,1,228,0
3,7,104,1,228,0
3,-6,109,1,228,0
2,6,111,1,228,0
7,1,112,1,228,0
6,0,114,1,228,0
6,-5,119,1,228,0
2,-3,143,1,228,0
-1,-1,176,1,228,0
-1,2,182,1,228,0
1,5,203,1,228,0
-8,-2,214,1,228,0
-4,6,14,1,228,0
-3,5,16,1,228,0
8,-2,43,1,228,0
5,-3,57,1,228,0
8,3,91,1,228,0
7,2,92,1,228,0
3,8,97,1,228,0
3,-7,106,1,228,0
6,-6,115,1,228,0
6,1,118,1,228,0
5,0,119,1,228,0
-1,3,126,1,228,0
2,-4,126,1,228,0
1,-1,162,1,228,0
-1,-2,179,1,228,0
-8,0,205,1,228,0
0,5,206,1,228,0
1,6,214,1,228,0
2,7,227,1,228,0
-2,-6,5,1,228,0
-4,7,24,1,228,0
-2,5,112,1,228,0
8,-3,47,1,228,0
8,4,79,1,228,0
7,3,84,1,228,0
3,-8,99,1,228,0
6,-7,109,1,228,0
-1,4,119,1,228,0
2,-5,119,1,228,0
5,1,125,1,228,0
5,-4,129,1,228,0
1,-2,151,1,228,0
-4,-2,189,1,228,0
-1,-3,202,1,228,0
0,6,209,1,228,0
-7,0,211,1,228,0
1,7,219,1,228,0
4,0,224,1,228,0
2,8,225,1,228,0
0,7,87,1,228,0
-4,8,23,1,228,0
-3,7,32,1,228,0
-1,-4,28,1,228,0
-1,5,113,1,228,0
7,-1,36,1,228,0
8,-4,62,1,228,0
8,5,77,1,228,0
7,4,83,1,228,0
6,3,83,1,228,0
5,2,86,1,228,0
-2,6,106,1,228,0
6,-8,102,1,228,0
2,-6,113,1,228,0
5,-5,124,1,228,0
4,1,128,1,228,0
1,-3,133,1,228,0
3,0,216,1,228,0
-7,-2,219,1,228,0
-6,0,223,1,228,0
-2,7,97,1,229,0
7,-2,37,1,229,0
-1,-5,36,1,229,0
8,6,65,1,229,0
7,5,72,1,229,0
8,-5,75,1,229,0
6,4,76,1,229,0
4,2,83,1,229,0
2,-7,98,1,229,0
5,-6,118,1,229,0
1,-4,122,1,229,0
4,-3,137,1,229,0
2,0,144,1,229,0
0,-1,159,1,229,0
3,1,212,1,229,0
5,3,228,1,229,0
-5,0,228,1,229,0
-1,7,94,1,229,0
-1,-6,12,1,229,0
6,5,29,1,229,0
7,-3,49,1,229,0
8,-6,63,1,229,0
8,7,64,1,229,0
7,6,69,1,229,0
3,-1,102,1,229,0
1,-5,115,1,229,0
4,-4,134,1,229,0
1,0,149,1,229,0
-3,-2,183,1,229,0
0,-2,184,1,229,0
2,1,209,1,229,0
3,2,211,1,229,0
4,3,224,1,229,0
5,4,227,1,229,0
-4,0,228,1,229,0
-1,8,4,1,229,0
6,6,37,1,229,0
6,-1,41,1,229,0
7,7,52,1,229,0
8,8,57,1,229,0
7,-4,64,1,229,0
8,-7,104,1,229,0
1,-6,109,1,229,0
4,-5,126,1,229,0
3,-2,146,1,229,0
0,0,177,1,229,0
1,1,201,1,229,0
-3,0,229,1,229,0
2,2,206,1,229,0
3,3,216,1,229,0
0,-3,222,1,229,0
4,4,223,1,229,0
-6,-2,226,1,229,0
5,5,228,1,229,0
-3,-4,8,1,229,0
4,5,19,1,229,0
6,-2,46,1,229,0
7,8,56,1,229,0
6,7,57,1,229,0
5,6,61,1,229,0
4,-6,69,1,229,0
7,-5,82,1,229,0
8,-8,97,1,229,0
1,-7,102,1,229,0
3,-3,143,1,229,0
-2,0,168,1,229,0
-2,-1,175,1,229,0
0,1,194,1,229,0
1,2,198,1,229,0
3,4,215,1,229,0
0,-4,228,1,229,0
0,-5,44,1,229,0
6,8,53,1,229,0
3,5,59,1,229,0
4,6,59,1,229,0
5,7,86,1,229,0
8,0,102,1,229,0
7,-6,112,1,229,0
2,4,124,1,229,0
1,3,131,1,229,0
3,-4,134,1,229,0
2,-1,154,1,229,0
-2,1,169,1,229,0
-2,-2,181,1,229,0
0,2,191,1,229,0
-1,0,179,1,229,0
-5,5,3,1,229,0
9,2,3,1,229,0
0,-6,18,1,229,0
6,-4,64,1,229,0
5,8,83,1,229,0
3,-5,86,1,229,0
4,7,89,1,229,0
8,1,106,1,229,0
7,-7,106,1,229,0
3,6,108,1,229,0
7,0,108,1,229,0
2,5,118,1,229,0
2,-2,153,1,229,0
-2,2,171,1,229,0
-1,1,185,1,229,0
0,3,191,1,229,0
1,4,198,1,229,0
-5,-2,228,1,229,0
5,-1,228,1,229,0
-2,-3,228,1,229,0
-4,5,8,1,229,0
-2,-4,14,1,229,0
8,-1,33,1,229,0
5,-2,48,1,229,0
7,-8,94,1,229,0
4,8,95,1,229,0
8,2,97,1,229,0
3,7,104,1,229,0
3,-6,109,1,229,0
2,6,111,1,229,0
7,1,112,1,229,0
6,0,114,1,229,0
6,-5,119,1,229,0
2,-3,143,1,229,0
-1,-1,176,1,229,0
-1,2,182,1,229,0
1,5,203,1,229,0
-8,-2,214,1,229,0
-4,6,14,1,229,0
-3,5,16,1,229,0
8,-2,43,1,229,0
5,-3,57,1,229,0
8,3,91,1,229,0
7,2,92,1,229,0
3,8,97,1,229,0
3,-7,106,1,229,0
6,-6,115,1,229,0
6,1,118,1,229,0
5,0,119,1,229,0
-1,3,126,1,229,0
2,-4,126,1,229,0
1,-1,162,1,229,0
-1,-2,179,1,229,0
-8,0,205,1,229,0
0,5,206,1,229,0
1,6,214,1,229,0
2,7,228,1,229,0
-2,-6,5,1,229,0
-4,7,24,1,229,0
-2,5,112,1,229,0
8,-3,47,1,229,0
8,4,79,1,229,0
7,3,84,1,229,0
3,-8,99,1,229,0
6,-7,109,1,229,0
-1,4,119,1,229,0
2,-5,119,1,229,0
5,1,125,1,229,0
5,-4,129,1,229,0
1,-2,151,1,229,0
-4,-2,189,1,229,0
-1,-3,202,1,229,0
0,6,209,1,229,0
-7,0,211,1,229,0
1,7,219,1,229,0
4,0,224,1,229,0
2,8,225,1,229,0
0,7,87,1,229,0
-4,8,23,1,229,0
-3,7,32,1,229,0
-1,-4,28,1,229,0
-1,5,113,1,229,0
7,-1,36,1,229,0
8,-4,62,1,229,0
8,5,77,1,229,0
7,4,83,1,229,0
6,3,83,1,229,0
5,2,86,1,229,0
-2,6,106,1,229,0
6,-8,102,1,229,0
2,-6,113,1,229,0
5,-5,124,1,229,0
4,1,128,1,229,0
1,-3,133,1,229,0
3,0,216,1,229,0
-7,-2,219,1,229,0
-6,0,223,1,229,0
-2,7,97,1,230,0
7,-2,37,1,230,0
-1,-5,36,1,230,0
8,6,65,1,230,0
7,5,72,1,230,0
8,-5,75,1,230,0
6,4,76,1,230,0
4,2,83,1,230,0
2,-7,98,1,230,0
5,-6,118,1,230,0
1,-4,122,1,230,0
4,-3,137,1,230,0
2,0,144,1,230,0
0,-1,159,1,230,0
3,1,212,1,230,0
5,3,228,1,230,0
-5,0,229,1,230,0
-1,7,94,1,230,0
-1,-6,12,1,230,0
6,5,29,1,230,0
7,-3,49,1,230,0
8,-6,63,1,230,0
8,7,64,1,230,0
7,6,69,1,230,0
3,-1,102,1,230,0
1,-5,115,1,230,0
4,-4,134,1,230,0
1,0,149,1,230,0
-3,-2,183,1,230,0
0,-2,184,1,230,0
2,1,209,1,230,0
3,2,211,1,230,0
4,3,224,1,230,0
5,4,227,1,230,0
-4,0,229,1,230,0
-1,8,4,1,230,0
6,6,37,1,230,0
6,-1,41,1,230,0
7,7,52,1,230,0
8,8,57,1,230,0
7,-4,64,1,230,0
8,-7,104,1,230,0
1,-6,109,1,230,0
4,-5,126,1,230,0
3,-2,146,1,230,0
0,0,177,1,230,0
1,1,201,1,230,0
-3,0,229,1,230,0
2,2,206,1,230,0
3,3,216,1,230,0
0,-3,222,1,230,0
4,4,223,1,230,0
-6,-2,226,1,230,0
5,5,229,1,230,0
-3,-4,8,1,230,0
4,5,19,1,230,0
6,-2,46,1,230,0
7,8,56,1,230,0
6,7,57,1,230,0
5,6,61,1,230,0
4,-6,69,1,230,0
7,-5,82,1,230,0
8,-8,97,1,230,0
1,-7,102,1,230,0
3,-3,143,1,230,0
-2,0,168,1,230,0
-2,-1,175,1,230,0
0,1,194,1,230,0
1,2,198,1,230,0
3,4,215,1,230,0
0,-4,229,1,230,0
0,-5,44,1,230,0
6,8,53,1,230,0
3,5,59,1,230,0
4,6,59,1,230,0
5,7,86,1,230,0
8,0,102,1,230,0
7,-6,112,1,230,0
2,4,124,1,230,0
1,3,131,1,230,0
3,-4,134,1,230,0
2,-1,154,1,230,0
-2,1,169,1,230,0
-2,-2,181,1,230,0
0,2,191,1,230,0
-1,0,179,1,230,0
-5,5,3,1,230,0
9,2,3,1,230,0
0,-6,18,1,230,0
6,-4,64,1,230,0
5,8,83,1,230,0
3,-5,86,1,230,0
4,7,89,1,230,0
8,1,106,1,230,0
7,-7,106,1,230,0
3,6,108,1,230,0
7,0,108,1,230,0
2,5,118,1,230,0
2,-2,153,1,230,0
-2,2,171,1,230,0
-1,1,185,1,230,0
0,3,191,1,230,0
1,4,198,1,230,0
-5,-2,229,1,230,0
5,-1,229,1,230,0
-2,-3,229,1,230,0
-4,5,8,1,230,0
-2,-4,14,1,230,0
8,-1,33,1,230,0
5,-2,48,1,230,0
7,-8,94,1,230,0
4,8,95,1,230,0
8,2,97,1,230,0
3,7,104,1,230,0
3,-6,109,1,230,0
2,6,111,1,230,0
7,1,112,1,230,0
6,0,114,1,230,0
6,-5,119,1,230,0
2,-3,143,1,230,0
-1,-1,176,1,230,0
-1,2,182,1,230,0
1,5,203,1,230,0
-8,-2,214,1,230,0
-4,6,14,1,230,0
-3,5,16,1,230,0
8,-2,43,1,230,0
5,-3,57,1,230,0
8,3,91,1,230,0
7,2,92,1,230,0
3,8,97,1,230,0
3,-7,106,1,230,0
6,-6,115,1,230,0
6,1,118,1,230,0
5,0,119,1,230,0
-1,3,126,1,230,0
2,-4,126,1,230,0
1,-1,162,1,230,0
-1,-2,179,1,230,0
-8,0,205,1,230,0
0,5,206,1,230,0
1,6,214,1,230,0
2,7,229,1,230,0
-2,-6,5,1,230,0
-4,7,24,1,230,0
-2,5,112,1,230,0
8,-3,47,1,230,0
8,4,79,1,230,0
7,3,84,1,230,0
3,-8,99,1,230,0
6,-7,109,1,230,0
-1,4,119,1,230,0
2,-5,119,1,230,0
5,1,125,1,230,0
5,-4,129,1,230,0
1,-2,151,1,230,0
-4,-2,189,1,230,0
-1,-3,202,1,230,0
0,6,209,1,230,0
-7,0,211,1,230,0
1,7,219,1,230,0
4,0,224,1,230,0
2,8,225,1,230,0
0,7,87,1,230,0
-4,8,23,1,230,0
-3,7,32,1,230,0
-1,-4,28,1,230,0
-1,5,113,1,230,0
7,-1,36,1,230,0
8,-4,62,1,230,0
8,5,77,1,230,0
7,4,83,1,230,0
6,3,83,1,230,0
-2,6,106,1,230,0
6,-8,102,1,230,0
2,-6,113,1,230,0
5,-5,124,1,230,0
4,1,128,1,230,0
1,-3,133,1,230,0
3,0,216,1,230,0
-7,-2,219,1,230,0
-6,0,223,1,230,0
5,2,229,1,230,0
-2,7,97,1,231,0
7,-2,37,1,231,0
-1,-5,36,1,231,0
8,6,65,1,231,0
7,5,72,1,231,0
8,-5,75,1,231,0
6,4,76,1,231,0
4,2,83,1,231,0
2,-7,98,1,231,0
5,-6,118,1,231,0
1,-4,122,1,231,0
4,-3,137,1,231,0
2,0,144,1,231,0
0,-1,159,1,231,0
3,1,212,1,231,0
5,3,228,1,231,0
-5,0,229,1,231,0
-1,7,94,1,231,0
-1,-6,12,1,231,0
6,5,29,1,231,0
7,-3,49,1,231,0
8,-6,63,1,231,0
8,7,64,1,231,0
7,6,69,1,231,0
3,-1,102,1,231,0
1,-5,115,1,231,0
4,-4,134,1,231,0
1,0,149,1,231,0
-3,-2,183,1,231,0
0,-2,184,1,231,0
2,1,209,1,231,0
3,2,211,1,231,0
4,3,224,1,231,0
5,4,227,1,231,0
-4,0,229,1,231,0
-1,8,4,1,231,0
6,6,37,1,231,0
6,-1,41,1,231,0
7,7,52,1,231,0
8,8,57,1,231,0
7,-4,64,1,231,0
8,-7,104,1,231,0
1,-6,109,1,231,0
4,-5,126,1,231,0
3,-2,146,1,231,0
0,0,177,1,231,0
1,1,201,1,231,0
-3,0,231,1,231,0
2,2,206,1,231,0
3,3,216,1,231,0
0,-3,222,1,231,0
4,4,223,1,231,0
-6,-2,226,1,231,0
5,5,229,1,231,0
-3,-4,8,1,231,0
4,5,19,1,231,0
6,-2,46,1,231,0
7,8,56,1,231,0
6,7,57,1,231,0
5,6,61,1,231,0
4,-6,69,1,231,0
7,-5,82,1,231,0
8,-8,97,1,231,0
1,-7,102,1,231,0
3,-3,143,1,231,0
-2,0,168,1,231,0
-2,-1,175,1,231,0
0,1,194,1,231,0
1,2,198,1,231,0
3,4,215,1,231,0
0,-4,229,1,231,0
0,-5,44,1,231,0
6,8,53,1,231,0
3,5,59,1,231,0
4,6,59,1,231,0
5,7,86,1,231,0
8,0,102,1,231,0
7,-6,112,1,231,0
2,4,124,1,231,0
1,3,131,1,231,0
3,-4,134,1,231,0
2,-1,154,1,231,0
-2,1,169,1,231,0
-2,-2,181,1,231,0
0,2,191,1,231,0
-1,0,179,1,231,0
-5,5,3,1,231,0
9,2,3,1,231,0
0,-6,18,1,231,0
6,-4,64,1,231,0
5,8,83,1,231,0
3,-5,86,1,231,0
4,7,89,1,231,0
8,1,106,1,231,0
7,-7,106,1,231,0
3,6,108,1,231,0
7,0,108,1,231,0
2,5,118,1,231,0
2,-2,153,1,231,0
-2,2,171,1,231,0
-1,1,185,1,231,0
0,3,191,1,231,0
1,4,198,1,231,0
-5,-2,229,1,231,0
5,-1,229,1,231,0
-2,-3,229,1,231,0
-4,5,8,1,231,0
-2,-4,14,1,231,0
8,-1,33,1,231,0
5,-2,48,1,231,0
7,-8,94,1,231,0
4,8,95,1,231,0
8,2,97,1,231,0
3,7,104,1,231,0
3,-6,109,1,231,0
2,6,111,1,231,0
7,1,112,1,231,0
6,0,114,1,231,0
6,-5,119,1,231,0
2,-3,143,1,231,0
-1,-1,176,1,231,0
-1,2,182,1,231,0
1,5,203,1,231,0
-8,-2,214,1,231,0
-4,6,14,1,231,0
-3,5,16,1,231,0
8,-2,43,1,231,0
5,-3,57,1,231,0
8,3,91,1,231,0
7,2,92,1,231,0
3,8,97,1,231,0
3,-7,106,1,231,0
6,-6,115,1,231,0
6,1,118,1,231,0
5,0,119,1,231,0
-1,3,126,1,231,0
2,-4,126,1,231,0
1,-1,162,1,231,0
-1,-2,179,1,231,0
-8,0,205,1,231,0
0,5,206,1,231,0
1,6,214,1,231,0
2,7,229,1,231,0
-2,-6,5,1,231,0
-4,7,24,1,231,0
-2,5,112,1,231,0
8,-3,47,1,231,0
8,4,79,1,231,0
7,3,84,1,231,0
3,-8,99,1,231,0
6,-7,109,1,231,0
-1,4,119,1,231,0
2,-5,119,1,231,0
5,1,125,1,231,0
5,-4,129,1,231,0
1,-2,151,1,231,0
-4,-2,189,1,231,0
-1,-3,202,1,231,0
0,6,209,1,231,0
-7,0,211,1,231,0
1,7,219,1,231,0
4,0,224,1,231,0
2,8,225,1,231,0
0,7,87,1,231,0
-4,8,23,1,231,0
-3,7,32,1,231,0
-1,-4,28,1,231,0
-1,5,113,1,231,0
7,-1,36,1,231,0
8,-4,62,1,231,0
8,5,77,1,231,0
7,4,83,1,231,0
6,3,83,1,231,0
-2,6,106,1,231,0
6,-8,102,1,231,0
2,-6,113,1,231,0
5,-5,124,1,231,0
4,1,128,1,231,0
1,-3,133,1,231,0
3,0,216,1,231,0
-7,-2,219,1,231,0
-6,0,223,1,231,0
5,2,229,1,231,0
-2,7,97,1,232,0
7,-2,37,1,232,0
-1,-5,36,1,232,0
8,6,65,1,232,0
7,5,72,1,232,0
8,-5,75,1,232,0
6,4,76,1,232,0
4,2,83,1,232,0
2,-7,98,1,232,0
5,-6,118,1,232,0
1,-4,122,1,232,0
4,-3,137,1,232,0
2,0,144,1,232,0
0,-1,159,1,232,0
3,1,212,1,232,0
5,3,228,1,232,0
-5,0,229,1,232,0
-1,7,94,1,232,0
-1,-6,12,1,232,0
6,5,29,1,232,0
7,-3,49,1,232,0
8,-6,63,1,232,0
8,7,64,1,232,0
7,6,69,1,232,0
3,-1,102,1,232,0
1,-5,115,1,232,0
4,-4,134,1,232,0
1,0,149,1,232,0
-3,-2,183,1,232,0
0,-2,184,1,232,0
2,1,209,1,232,0
3,2,211,1,232,0
4,3,224,1,232,0
5,4,227,1,232,0
-4,0,231,1,232,0
-1,8,4,1,232,0
6,6,37,1,232,0
6,-1,41,1,232,0
7,7,52,1,232,0
8,8,57,1,232,0
7,-4,64,1,232,0
8,-7,104,1,232,0
1,-6,109,1,232,0
4,-5,126,1,232,0
3,-2,146,1,232,0
0,0,177,1,232,0
1,1,201,1,232,0
2,2,206,1,232,0
3,3,216,1,232,0
0,-3,222,1,232,0
4,4,223,1,232,0
-6,-2,226,1,232,0
-3,0,232,1,232,0
5,5,231,1,232,0
-3,-4,8,1,232,0
4,5,19,1,232,0
6,-2,46,1,232,0
7,8,56,1,232,0
6,7,57,1,232,0
5,6,61,1,232,0
4,-6,69,1,232,0
7,-5,82,1,232,0
8,-8,97,1,232,0
1,-7,102,1,232,0
3,-3,143,1,232,0
-2,0,168,1,232,0
-2,-1,175,1,232,0
0,1,194,1,232,0
1,2,198,1,232,0
3,4,215,1,232,0
0,-4,229,1,232,0
0,-5,44,1,232,0
6,8,53,1,232,0
3,5,59,1,232,0
4,6,59,1,232,0
5,7,86,1,232,0
8,0,102,1,232,0
7,-6,112,1,232,0
2,4,124,1,232,0
1,3,131,1,232,0
3,-4,134,1,232,0
2,-1,154,1,232,0
-2,1,169,1,232,0
-2,-2,181,1,232,0
0,2,191,1,232,0
-1,0,179,1,232,0
-5,5,3,1,232,0
9,2,3,1,232,0
0,-6,18,1,232,0
6,-4,64,1,232,0
5,8,83,1,232,0
3,-5,86,1,232,0
4,7,89,1,232,0
8,1,106,1,232,0
7,-7,106,1,232,0
3,6,108,1,232,0
7,0,108,1,232,0
2,5,118,1,232,0
2,-2,153,1,232,0
-2,2,171,1,232,0
-1,1,185,1,232,0
0,3,191,1,232,0
1,4,198,1,232,0
-5,-2,231,1,232,0
5,-1,231,1,232,0
-2,-3,231,1,232,0
-4,5,8,1,232,0
-2,-4,14,1,232,0
8,-1,33,1,232,0
5,-2,48,1,232,0
7,-8,94,1,232,0
4,8,95,1,232,0
8,2,97,1,232,0
3,7,104,1,232,0
3,-6,109,1,232,0
2,6,111,1,232,0
7,1,112,1,232,0
6,0,114,1,232,0
6,-5,119,1,232,0
2,-3,143,1,232,0
-1,-1,176,1,232,0
-1,2,182,1,232,0
1,5,203,1,232,0
-8,-2,214,1,232,0
-4,6,14,1,232,0
-3,5,16,1,232,0
8,-2,43,1,232,0
5,-3,57,1,232,0
8,3,91,1,232,0
7,2,92,1,232,0
3,8,97,1,232,0
3,-7,106,1,232,0
6,-6,115,1,232,0
6,1,118,1,232,0
5,0,119,1,232,0
-1,3,126,1,232,0
2,-4,126,1,232,0
1,-1,162,1,232,0
-1,-2,179,1,232,0
-8,0,205,1,232,0
0,5,206,1,232,0
1,6,214,1,232,0
2,7,231,1,232,0
-2,-6,5,1,232,0
-4,7,24,1,232,0
-2,5,112,1,232,0
8,-3,47,1,232,0
8,4,79,1,232,0
7,3,84,1,232,0
3,-8,99,1,232,0
6,-7,109,1,232,0
-1,4,119,1,232,0
2,-5,119,1,232,0
5,1,125,1,232,0
5,-4,129,1,232,0
1,-2,151,1,232,0
-4,-2,189,1,232,0
-1,-3,202,1,232,0
0,6,209,1,232,0
-7,0,211,1,232,0
1,7,219,1,232,0
4,0,224,1,232,0
2,8,225,1,232,0
0,7,87,1,232,0
-4,8,23,1,232,0
-3,7,32,1,232,0
-1,-4,28,1,232,0
-1,5,113,1,232,0
7,-1,36,1,232,0
8,-4,62,1,232,0
8,5,77,1,232,0
7,4,83,1,232,0
6,3,83,1,232,0
-2,6,106,1,232,0
6,-8,102,1,232,0
2,-6,113,1,232,0
5,-5,124,1,232,0
4,1,128,1,232,0
1,-3,133,1,232,0
3,0,216,1,232,0
-7,-2,219,1,232,0
-6,0,223,1,232,0
5,2,231,1,232,0
-2,7,97,1,233,0
7,-2,37,1,233,0
-1,-5,36,1,233,0
8,6,65,1,233,0
7,5,72,1,233,0
8,-5,75,1,233,0
6,4,76,1,233,0
4,2,83,1,233,0
2,-7,98,1,233,0
5,-6,118,1,233,0
1,-4,122,1,233,0
4,-3,137,1,233,0
2,0,144,1,233,0
0,-1,159,1,233,0
3,1,212,1,233,0
5,3,228,1,233,0
-5,0,229,1,233,0
-1,7,94,1,233,0
-1,-6,12,1,233,0
6,5,29,1,233,0
7,-3,49,1,233,0
8,-6,63,1,233,0
8,7,64,1,233,0
7,6,69,1,233,0
3,-1,102,1,233,0
1,-5,115,1,233,0
4,-4,134,1,233,0
1,0,149,1,233,0
-3,-2,183,1,233,0
0,-2,184,1,233,0
2,1,209,1,233,0
3,2,211,1,233,0
4,3,224,1,233,0
5,4,227,1,233,0
-4,0,232,1,233,0
-1,8,4,1,233,0
6,6,37,1,233,0
6,-1,41,1,233,0
7,7,52,1,233,0
8,8,57,1,233,0
7,-4,64,1,233,0
8,-7,104,1,233,0
1,-6,109,1,233,0
4,-5,126,1,233,0
3,-2,146,1,233,0
0,0,177,1,233,0
1,1,201,1,233,0
2,2,206,1,233,0
3,3,216,1,233,0
0,-3,222,1,233,0
4,4,223,1,233,0
-6,-2,226,1,233,0
-3,0,233,1,233,0
5,5,232,1,233,0
-3,-4,8,1,233,0
4,5,19,1,233,0
6,-2,46,1,233,0
7,8,56,1,233,0
6,7,57,1,233,0
5,6,61,1,233,0
4,-6,69,1,233,0
7,-5,82,1,233,0
8,-8,97,1,233,0
1,-7,102,1,233,0
3,-3,143,1,233,0
-2,0,168,1,233,0
-2,-1,175,1,233,0
0,1,194,1,233,0
1,2,198,1,233,0
3,4,215,1,233,0
0,-4,231,1,233,0
0,-5,44,1,233,0
6,8,53,1,233,0
3,5,59,1,233,0
4,6,59,1,233,0
5,7,86,1,233,0
8,0,102,1,233,0
7,-6,112,1,233,0
2,4,124,1,233,0
1,3,131,1,233,0
3,-4,134,1,233,0
2,-1,154,1,233,0
-2,1,169,1,233,0
-2,-2,181,1,233,0
0,2,191,1,233,0
-1,0,179,1,233,0
-5,5,3,1,233,0
9,2,3,1,233,0
0,-6,18,1,233,0
6,-4,64,1,233,0
5,8,83,1,233,0
3,-5,86,1,233,0
4,7,89,1,233,0
8,1,106,1,233,0
7,-7,106,1,233,0
3,6,108,1,233,0
7,0,108,1,233,0
2,5,118,1,233,0
2,-2,153,1,233,0
-2,2,171,1,233,0
-1,1,185,1,233,0
0,3,191,1,233,0
1,4,198,1,233,0
5,-1,231,1,233,0
-5,-2,232,1,233,0
-2,-3,232,1,233,0
-4,5,8,1,233,0
-2,-4,14,1,233,0
8,-1,33,1,233,0
7,-8,94,1,233,0
4,8,95,1,233,0
8,2,97,1,233,0
3,-6,109,1,233,0
2,6,111,1,233,0
7,1,112,1,233,0
6,0,114,1,233,0
6,-5,119,1,233,0
2,-3,143,1,233,0
-1,-1,176,1,233,0
-1,2,182,1,233,0
1,5,203,1,233,0
-8,-2,214,1,233,0
3,7,232,1,233,0
5,-2,232,1,233,0
-4,6,14,1,233,0
-3,5,16,1,233,0
8,-2,43,1,233,0
5,-3,57,1,233,0
8,3,91,1,233,0
7,2,92,1,233,0
3,8,97,1,233,0
3,-7,106,1,233,0
6,-6,115,1,233,0
6,1,118,1,233,0
5,0,119,1,233,0
-1,3,126,1,233,0
2,-4,126,1,233,0
1,-1,162,1,233,0
-1,-2,179,1,233,0
-8,0,205,1,233,0
0,5,206,1,233,0
1,6,214,1,233,0
2,7,231,1,233,0
-2,-6,5,1,233,0
-4,7,24,1,233,0
-2,5,112,1,233,0
8,-3,47,1,233,0
8,4,79,1,233,0
7,3,84,1,233,0
3,-8,99,1,233,0
6,-7,109,1,233,0
-1,4,119,1,233,0
2,-5,119,1,233,0
5,1,125,1,233,0
5,-4,129,1,233,0
1,-2,151,1,233,0
-4,-2,189,1,233,0
-1,-3,202,1,233,0
0,6,209,1,233,0
-7,0,211,1,233,0
1,7,219,1,233,0
4,0,224,1,233,0
2,8,225,1,233,0
6,2,232,1,233,0
0,7,87,1,233,0
-4,8,23,1,233,0
-3,7,32,1,233,0
-1,-4,28,1,233,0
-1,5,113,1,233,0
7,-1,36,1,233,0
8,-4,62,1,233,0
8,5,77,1,233,0
7,4,83,1,233,0
6,3,83,1,233,0
-2,6,106,1,233,0
6,-8,102,1,233,0
2,-6,113,1,233,0
5,-5,124,1,233,0
4,1,128,1,233,0
1,-3,133,1,233,0
3,0,216,1,233,0
-7,-2,219,1,233,0
-6,0,223,1,233,0
5,2,231,1,233,0
-2,7,97,1,234,0
7,-2,37,1,234,0
-1,-5,36,1,234,0
8,6,65,1,234,0
7,5,72,1,234,0
8,-5,75,1,234,0
6,4,76,1,234,0
4,2,83,1,234,0
2,-7,98,1,234,0
5,-6,118,1,234,0
1,-4,122,1,234,0
4,-3,137,1,234,0
2,0,144,1,234,0
0,-1,159,1,234,0
3,1,212,1,234,0
5,3,228,1,234,0
-5,0,229,1,234,0
-1,7,94,1,234,0
-1,-6,12,1,234,0
6,5,29,1,234,0
7,-3,49,1,234,0
8,-6,63,1,234,0
8,7,64,1,234,0
7,6,69,1,234,0
3,-1,102,1,234,0
1,-5,115,1,234,0
4,-4,134,1,234,0
1,0,149,1,234,0
-3,-2,183,1,234,0
0,-2,184,1,234,0
2,1,209,1,234,0
3,2,211,1,234,0
4,3,224,1,234,0
5,4,227,1,234,0
-4,0,234,1,234,0
-1,8,4,1,234,0
6,6,37,1,234,0
6,-1,41,1,234,0
7,7,52,1,234,0
8,8,57,1,234,0
7,-4,64,1,234,0
8,-7,104,1,234,0
1,-6,109,1,234,0
4,-5,126,1,234,0
3,-2,146,1,234,0
0,0,177,1,234,0
1,1,201,1,234,0
2,2,206,1,234,0
3,3,216,1,234,0
0,-3,222,1,234,0
4,4,223,1,234,0
-6,-2,226,1,234,0
-3,0,233,1,234,0
5,5,233,1,234,0
-3,-4,8,1,234,0
4,5,19,1,234,0
6,-2,46,1,234,0
7,8,56,1,234,0
6,7,57,1,234,0
5,6,61,1,234,0
4,-6,69,1,234,0
7,-5,82,1,234,0
8,-8,97,1,234,0
1,-7,102,1,234,0
3,-3,143,1,234,0
-2,0,168,1,234,0
-2,-1,175,1,234,0
0,1,194,1,234,0
1,2,198,1,234,0
3,4,215,1,234,0
0,-4,232,1,234,0
0,-5,44,1,234,0
6,8,53,1,234,0
3,5,59,1,234,0
4,6,59,1,234,0
5,7,86,1,234,0
8,0,102,1,234,0
7,-6,112,1,234,0
2,4,124,1,234,0
1,3,131,1,234,0
3,-4,134,1,234,0
2,-1,154,1,234,0
-2,1,169,1,234,0
-2,-2,181,1,234,0
0,2,191,1,234,0
-1,0,179,1,234,0
-5,5,3,1,234,0
9,2,3,1,234,0
0,-6,18,1,234,0
6,-4,64,1,234,0
5,8,83,1,234,0
3,-5,86,1,234,0
4,7,89,1,234,0
8,1,106,1,234,0
7,-7,106,1,234,0
3,6,108,1,234,0
7,0,108,1,234,0
2,5,118,1,234,0
2,-2,153,1,234,0
-2,2,171,1,234,0
-1,1,185,1,234,0
0,3,191,1,234,0
1,4,198,1,234,0
5,-1,231,1,234,0
-2,-3,232,1,234,0
-5,-2,233,1,234,0
-4,5,8,1,234,0
-2,-4,14,1,234,0
8,-1,33,1,234,0
7,-8,94,1,234,0
4,8,95,1,234,0
8,2,97,1,234,0
3,-6,109,1,234,0
2,6,111,1,234,0
7,1,112,1,234,0
6,0,114,1,234,0
6,-5,119,1,234,0
2,-3,143,1,234,0
-1,-1,176,1,234,0
-1,2,182,1,234,0
1,5,203,1,234,0
-8,-2,214,1,234,0
3,7,233,1,234,0
5,-2,233,1,234,0
-4,6,14,1,234,0
-3,5,16,1,234,0
8,-2,43,1,234,0
5,-3,57,1,234,0
8,3,91,1,234,0
7,2,92,1,234,0
3,8,97,1,234,0
3,-7,106,1,234,0
6,-6,115,1,234,0
6,1,118,1,234,0
5,0,119,1,234,0
-1,3,126,1,234,0
2,-4,126,1,234,0
1,-1,162,1,234,0
-1,-2,179,1,234,0
-8,0,205,1,234,0
0,5,206,1,234,0
1,6,214,1,234,0
2,7,231,1,234,0
-2,-6,5,1,234,0
-4,7,24,1,234,0
-2,5,112,1,234,0
8,-3,47,1,234,0
8,4,79,1,234,0
7,3,84,1,234,0
3,-8,99,1,234,0
6,-7,109,1,234,0
-1,4,119,1,234,0
2,-5,119,1,234,0
5,1,125,1,234,0
5,-4,129,1,234,0
1,-2,151,1,234,0
-4,-2,189,1,234,0
-1,-3,202,1,234,0
0,6,209,1,234,0
-7,0,211,1,234,0
1,7,219,1,234,0
4,0,224,1,234,0
2,8,225,1,234,0
6,2,233,1,234,0
0,7,87,1,234,0
-4,8,23,1,234,0
-3,7,32,1,234,0
-1,-4,28,1,234,0
-1,5,113,1,234,0
7,-1,36,1,234,0
8,-4,62,1,234,0
8,5,77,1,234,0
7,4,83,1,234,0
6,3,83,1,234,0
-2,6,106,1,234,0
6,-8,102,1,234,0
2,-6,113,1,234,0
5,-5,124,1,234,0
4,1,128,1,234,0
1,-3,133,1,234,0
3,0,216,1,234,0
-7,-2,219,1,234,0
-6,0,223,1,234,0
5,2,231,1,234,0
-2,7,97,1,235,0
7,-2,37,1,235,0
-1,-5,36,1,235,0
8,6,65,1,235,0
7,5,72,1,235,0
8,-5,75,1,235,0
6,4,76,1,235,0
4,2,83,1,235,0
2,-7,98,1,235,0
5,-6,118,1,235,0
1,-4,122,1,235,0
4,-3,137,1,235,0
2,0,144,1,235,0
0,-1,159,1,235,0
3,1,212,1,235,0
5,3,228,1,235,0
-5,0,229,1,235,0
-1,7,94,1,235,0
-1,-6,12,1,235,0
6,5,29,1,235,0
7,-3,49,1,235,0
8,-6,63,1,235,0
8,7,64,1,235,0
7,6,69,1,235,0
3,-1,102,1,235,0
1,-5,115,1,235,0
4,-4,134,1,235,0
1,0,149,1,235,0
-3,-2,183,1,235,0
0,-2,184,1,235,0
2,1,209,1,235,0
3,2,211,1,235,0
4,3,224,1,235,0
5,4,227,1,235,0
-4,0,235,1,235,0
-1,8,4,1,235,0
6,6,37,1,235,0
6,-1,41,1,235,0
7,7,52,1,235,0
8,8,57,1,235,0
7,-4,64,1,235,0
8,-7,104,1,235,0
1,-6,109,1,235,0
4,-5,126,1,235,0
3,-2,146,1,235,0
0,0,177,1,235,0
1,1,201,1,235,0
2,2,206,1,235,0
3,3,216,1,235,0
0,-3,222,1,235,0
4,4,223,1,235,0
-6,-2,226,1,235,0
-3,0,234,1,235,0
5,5,234,1,235,0
-3,-4,8,1,235,0
4,5,19,1,235,0
6,-2,46,1,235,0
7,8,56,1,235,0
6,7,57,1,235,0
5,6,61,1,235,0
4,-6,69,1,235,0
7,-5,82,1,235,0
8,-8,97,1,235,0
1,-7,102,1,235,0
3,-3,143,1,235,0
-2,0,168,1,235,0
-2,-1,175,1,235,0
0,1,194,1,235,0
1,2,198,1,235,0
3,4,215,1,235,0
0,-4,233,1,235,0
0,-5,44,1,235,0
6,8,53,1,235,0
3,5,59,1,235,0
4,6,59,1,235,0
5,7,86,1,235,0
8,0,102,1,235,0
7,-6,112,1,235,0
2,4,124,1,235,0
1,3,131,1,235,0
3,-4,134,1,235,0
2,-1,154,1,235,0
-2,1,169,1,235,0
-2,-2,181,1,235,0
0,2,191,1,235,0
-1,0,179,1,235,0
-5,5,3,1,235,0
9,2,3,1,235,0
0,-6,18,1,235,0
6,-4,64,1,235,0
5,8,83,1,235,0
3,-5,86,1,235,0
4,7,89,1,235,0
8,1,106,1,235,0
7,-7,106,1,235,0
3,6,108,1,235,0
7,0,108,1,235,0
2,5,118,1,235,0
2,-2,153,1,235,0
-2,2,171,1,235,0
-1,1,185,1,235,0
0,3,191,1,235,0
1,4,198,1,235,0
5,-1,231,1,235,0
-5,-2,233,1,235,0
-2,-3,233,1,235,0
-4,5,8,1,235,0
-2,-4,14,1,235,0
8,-1,33,1,235,0
7,-8,94,1,235,0
4,8,95,1,235,0
8,2,97,1,235,0
3,-6,109,1,235,0
2,6,111,1,235,0
7,1,112,1,235,0
6,0,114,1,235,0
6,-5,119,1,235,0
2,-3,143,1,235,0
-1,-1,176,1,235,0
-1,2,182,1,235,0
1,5,203,1,235,0
-8,-2,214,1,235,0
3,7,234,1,235,0
5,-2,234,1,235,0
-4,6,14,1,235,0
-3,5,16,1,235,0
8,-2,43,1,235,0
5,-3,57,1,235,0
8,3,91,1,235,0
7,2,92,1,235,0
3,8,97,1,235,0
3,-7,106,1,235,0
6,-6,115,1,235,0
6,1,118,1,235,0
5,0,119,1,235,0
-1,3,126,1,235,0
2,-4,126,1,235,0
1,-1,162,1,235,0
-1,-2,179,1,235,0
-8,0,205,1,235,0
0,5,206,1,235,0
1,6,214,1,235,0
2,7,231,1,235,0
-2,-6,5,1,235,0
-4,7,24,1,235,0
-2,5,112,1,235,0
8,-3,47,1,235,0
8,4,79,1,235,0
7,3,84,1,235,0
3,-8,99,1,235,0
6,-7,109,1,235,0
-1,4,119,1,235,0
2,-5,119,1,235,0
5,1,125,1,235,0
5,-4,129,1,235,0
1,-2,151,1,235,0
-1,-3,202,1,235,0
0,6,209,1,235,0
-7,0,211,1,235,0
1,7,219,1,235,0
4,0,224,1,235,0
2,8,225,1,235,0
6,2,234,1,235,0
-4,-2,234,1,235,0
0,7,87,1,235,0
-4,8,23,1,235,0
-3,7,32,1,235,0
-1,-4,28,1,235,0
-1,5,113,1,235,0
7,-1,36,1,235,0
8,-4,62,1,235,0
8,5,77,1,235,0
7,4,83,1,235,0
6,3,83,1,235,0
-2,6,106,1,235,0
6,-8,102,1,235,0
2,-6,113,1,235,0
5,-5,124,1,235,0
4,1,128,1,235,0
1,-3,133,1,235,0
3,0,216,1,235,0
-7,-2,219,1,235,0
-6,0,223,1,235,0
5,2,231,1,235,0
-2,7,97,1,236,0
7,-2,37,1,236,0
-1,-5,36,1,236,0
8,6,65,1,236,0
7,5,72,1,236,0
8,-5,75,1,236,0
6,4,76,1,236,0
4,2,83,1,236,0
2,-7,98,1,236,0
5,-6,118,1,236,0
1,-4,122,1,236,0
4,-3,137,1,236,0
2,0,144,1,236,0
0,-1,159,1,236,0
3,1,212,1,236,0
5,3,228,1,236,0
-5,0,229,1,236,0
-1,7,94,1,236,0
-1,-6,12,1,236,0
6,5,29,1,236,0
7,-3,49,1,236,0
8,-6,63,1,236,0
8,7,64,1,236,0
7,6,69,1,236,0
3,-1,102,1,236,0
1,-5,115,1,236,0
4,-4,134,1,236,0
1,0,149,1,236,0
-3,-2,183,1,236,0
0,-2,184,1,236,0
2,1,209,1,236,0
3,2,211,1,236,0
4,3,224,1,236,0
5,4,227,1,236,0
-4,0,236,1,236,0
-1,8,4,1,236,0
6,6,37,1,236,0
6,-1,41,1,236,0
7,7,52,1,236,0
8,8,57,1,236,0
7,-4,64,1,236,0
8,-7,104,1,236,0
1,-6,109,1,236,0
4,-5,126,1,236,0
3,-2,146,1,236,0
0,0,177,1,236,0
1,1,201,1,236,0
2,2,206,1,236,0
3,3,216,1,236,0
0,-3,222,1,236,0
4,4,223,1,236,0
-6,-2,226,1,236,0
-3,0,234,1,236,0
5,5,234,1,236,0
-3,-4,8,1,236,0
4,5,19,1,236,0
6,-2,46,1,236,0
7,8,56,1,236,0
6,7,57,1,236,0
5,6,61,1,236,0
4,-6,69,1,236,0
7,-5,82,1,236,0
8,-8,97,1,236,0
1,-7,102,1,236,0
3,-3,143,1,236,0
-2,0,168,1,236,0
-2,-1,175,1,236,0
0,1,194,1,236,0
1,2,198,1,236,0
3,4,215,1,236,0
0,-4,234,1,236,0
0,-5,44,1,236,0
6,8,53,1,236,0
3,5,59,1,236,0
4,6,59,1,236,0
5,7,86,1,236,0
8,0,102,1,236,0
7,-6,112,1,236,0
2,4,124,1,236,0
1,3,131,1,236,0
3,-4,134,1,236,0
2,-1,154,1,236,0
-2,1,169,1,236,0
-2,-2,181,1,236,0
0,2,191,1,236,0
-1,0,179,1,236,0
-5,5,3,1,236,0
9,2,3,1,236,0
0,-6,18,1,236,0
6,-4,64,1,236,0
5,8,83,1,236,0
3,-5,86,1,236,0
4,7,89,1,236,0
8,1,106,1,236,0
7,-7,106,1,236,0
3,6,108,1,236,0
7,0,108,1,236,0
2,5,118,1,236,0
2,-2,153,1,236,0
-2,2,171,1,236,0
-1,1,185,1,236,0
0,3,191,1,236,0
1,4,198,1,236,0
5,-1,231,1,236,0
-5,-2,233,1,236,0
-2,-3,234,1,236,0
-4,5,8,1,236,0
-2,-4,14,1,236,0
8,-1,33,1,236,0
7,-8,94,1,236,0
4,8,95,1,236,0
8,2,97,1,236,0
3,-6,109,1,236,0
2,6,111,1,236,0
7,1,112,1,236,0
6,0,114,1,236,0
6,-5,119,1,236,0
2,-3,143,1,236,0
-1,-1,176,1,236,0
-1,2,182,1,236,0
1,5,203,1,236,0
-8,-2,214,1,236,0
3,7,235,1,236,0
5,-2,235,1,236,0
-4,6,14,1,236,0
-3,5,16,1,236,0
8,-2,43,1,236,0
5,-3,57,1,236,0
8,3,91,1,236,0
7,2,92,1,236,0
3,8,97,1,236,0
3,-7,106,1,236,0
6,-6,115,1,236,0
6,1,118,1,236,0
5,0,119,1,236,0
-1,3,126,1,236,0
2,-4,126,1,236,0
1,-1,162,1,236,0
-1,-2,179,1,236,0
-8,0,205,1,236,0
0,5,206,1,236,0
1,6,214,1,236,0
2,7,231,1,236,0
-2,-6,5,1,236,0
-4,7,24,1,236,0
-2,5,112,1,236,0
8,-3,47,1,236,0
8,4,79,1,236,0
7,3,84,1,236,0
3,-8,99,1,236,0
6,-7,109,1,236,0
-1,4,119,1,236,0
2,-5,119,1,236,0
5,1,125,1,236,0
5,-4,129,1,236,0
1,-2,151,1,236,0
-1,-3,202,1,236,0
0,6,209,1,236,0
-7,0,211,1,236,0
1,7,219,1,236,0
4,0,224,1,236,0
2,8,225,1,236,0
6,2,235,1,236,0
-4,-2,235,1,236,0
0,7,87,1,236,0
-4,8,23,1,236,0
-3,7,32,1,236,0
-1,-4,28,1,236,0
-1,5,113,1,236,0
7,-1,36,1,236,0
8,-4,62,1,236,0
8,5,77,1,236,0
7,4,83,1,236,0
6,3,83,1,236,0
-2,6,106,1,236,0
6,-8,102,1,236,0
2,-6,113,1,236,0
5,-5,124,1,236,0
4,1,128,1,236,0
1,-3,133,1,236,0
3,0,216,1,236,0
-7,-2,219,1,236,0
-6,0,223,1,236,0
5,2,231,1,236,0
-2,7,97,1,237,0
7,-2,37,1,237,0
-1,-5,36,1,237,0
8,6,65,1,237,0
7,5,72,1,237,0
8,-5,75,1,237,0
6,4,76,1,237,0
4,2,83,1,237,0
2,-7,98,1,237,0
5,-6,118,1,237,0
4,-3,137,1,237,0
2,0,144,1,237,0
0,-1,159,1,237,0
3,1,212,1,237,0
5,3,228,1,237,0
-5,0,229,1,237,0
1,-4,236,1,237,0
-1,7,94,1,237,0
-1,-6,12,1,237,0
6,5,29,1,237,0
7,-3,49,1,237,0
8,-6,63,1,237,0
8,7,64,1,237,0
7,6,69,1,237,0
3,-1,102,1,237,0
1,-5,115,1,237,0
4,-4,134,1,237,0
1,0,149,1,237,0
-3,-2,183,1,237,0
0,-2,184,1,237,0
2,1,209,1,237,0
3,2,211,1,237,0
4,3,224,1,237,0
5,4,227,1,237,0
-4,0,237,1,237,0
-1,8,4,1,237,0
6,-1,41,1,237,0
7,7,52,1,237,0
8,8,57,1,237,0
7,-4,64,1,237,0
8,-7,104,1,237,0
1,-6,109,1,237,0
4,-5,126,1,237,0
3,-2,146,1,237,0
0,0,177,1,237,0
1,1,201,1,237,0
2,2,206,1,237,0
3,3,216,1,237,0
0,-3,222,1,237,0
4,4,223,1,237,0
-6,-2,226,1,237,0
-3,0,234,1,237,0
5,5,234,1,237,0
6,6,236,1,237,0
-3,-4,8,1,237,0
4,5,19,1,237,0
6,-2,46,1,237,0
7,8,56,1,237,0
6,7,57,1,237,0
5,6,61,1,237,0
4,-6,69,1,237,0
7,-5,82,1,237,0
8,-8,97,1,237,0
1,-7,102,1,237,0
3,-3,143,1,237,0
-2,0,168,1,237,0
-2,-1,175,1,237,0
0,1,194,1,237,0
1,2,198,1,237,0
3,4,215,1,237,0
0,-4,235,1,237,0
0,-5,44,1,237,0
6,8,53,1,237,0
3,5,59,1,237,0
4,6,59,1,237,0
5,7,86,1,237,0
8,0,102,1,237,0
7,-6,112,1,237,0
2,4,124,1,237,0
1,3,131,1,237,0
3,-4,134,1,237,0
2,-1,154,1,237,0
-2,1,169,1,237,0
-2,-2,181,1,237,0
0,2,191,1,237,0
-1,0,179,1,237,0
-5,5,3,1,237,0
9,2,3,1,237,0
0,-6,18,1,237,0
6,-4,64,1,237,0
5,8,83,1,237,0
3,-5,86,1,237,0
4,7,89,1,237,0
8,1,106,1,237,0
7,-7,106,1,237,0
3,6,108,1,237,0
7,0,108,1,237,0
2,5,118,1,237,0
2,-2,153,1,237,0
-2,2,171,1,237,0
-1,1,185,1,237,0
0,3,191,1,237,0
1,4,198,1,237,0
5,-1,231,1,237,0
-5,-2,233,1,237,0
-2,-3,236,1,237,0
-4,5,8,1,237,0
-2,-4,14,1,237,0
8,-1,33,1,237,0
7,-8,94,1,237,0
4,8,95,1,237,0
8,2,97,1,237,0
3,-6,109,1,237,0
2,6,111,1,237,0
7,1,112,1,237,0
6,0,114,1,237,0
6,-5,119,1,237,0
2,-3,143,1,237,0
-1,-1,176,1,237,0
-1,2,182,1,237,0
1,5,203,1,237,0
-8,-2,214,1,237,0
3,7,236,1,237,0
5,-2,236,1,237,0
-4,6,14,1,237,0
-3,5,16,1,237,0
8,-2,43,1,237,0
5,-3,57,1,237,0
8,3,91,1,237,0
7,2,92,1,237,0
3,8,97,1,237,0
3,-7,106,1,237,0
6,-6,115,1,237,0
6,1,118,1,237,0
5,0,119,1,237,0
-1,3,126,1,237,0
2,-4,126,1,237,0
1,-1,162,1,237,0
-1,-2,179,1,237,0
-8,0,205,1,237,0
0,5,206,1,237,0
1,6,214,1,237,0
2,7,231,1,237,0
-2,-6,5,1,237,0
-4,7,24,1,237,0
-2,5,112,1,237,0
8,-3,47,1,237,0
8,4,79,1,237,0
7,3,84,1,237,0
3,-8,99,1,237,0
6,-7,109,1,237,0
-1,4,119,1,237,0
2,-5,119,1,237,0
5,1,125,1,237,0
5,-4,129,1,237,0
1,-2,151,1,237,0
-1,-3,202,1,237,0
0,6,209,1,237,0
-7,0,211,1,237,0
1,7,219,1,237,0
4,0,224,1,237,0
2,8,225,1,237,0
6,2,236,1,237,0
-4,-2,236,1,237,0
0,7,87,1,237,0
-4,8,23,1,237,0
-3,7,32,1,237,0
-1,-4,28,1,237,0
-1,5,113,1,237,0
7,-1,36,1,237,0
8,-4,62,1,237,0
8,5,77,1,237,0
7,4,83,1,237,0
6,3,83,1,237,0
-2,6,106,1,237,0
6,-8,102,1,237,0
2,-6,113,1,237,0
5,-5,124,1,237,0
4,1,128,1,237,0
1,-3,133,1,237,0
3,0,216,1,237,0
-7,-2,219,1,237,0
-6,0,223,1,237,0
5,2,231,1,237,0
-2,7,97,1,238,0
7,-2,37,1,238,0
-1,-5,36,1,238,0
8,6,65,1,238,0
7,5,72,1,238,0
8,-5,75,1,238,0
6,4,76,1,238,0
4,2,83,1,238,0
2,-7,98,1,238,0
5,-6,118,1,238,0
4,-3,137,1,238,0
2,0,144,1,238,0
0,-1,159,1,238,0
3,1,212,1,238,0
5,3,228,1,238,0
-5,0,229,1,238,0
1,-4,236,1,238,0
-1,7,94,1,238,0
-1,-6,12,1,238,0
6,5,29,1,238,0
7,-3,49,1,238,0
8,-6,63,1,238,0
8,7,64,1,238,0
7,6,69,1,238,0
3,-1,102,1,238,0
1,-5,115,1,238,0
4,-4,134,1,238,0
1,0,149,1,238,0
-3,-2,183,1,238,0
0,-2,184,1,238,0
2,1,209,1,238,0
3,2,211,1,238,0
4,3,224,1,238,0
5,4,227,1,238,0
-4,0,238,1,238,0
-1,8,4,1,238,0
6,-1,41,1,238,0
7,7,52,1,238,0
8,8,57,1,238,0
7,-4,64,1,238,0
8,-7,104,1,238,0
1,-6,109,1,238,0
4,-5,126,1,238,0
3,-2,146,1,238,0
0,0,177,1,238,0
1,1,201,1,238,0
2,2,206,1,238,0
3,3,216,1,238,0
0,-3,222,1,238,0
4,4,223,1,238,0
-6,-2,226,1,238,0
5,5,234,1,238,0
-3,0,237,1,238,0
6,6,237,1,238,0
-3,-4,8,1,238,0
4,5,19,1,238,0
7,8,56,1,238,0
6,7,57,1,238,0
5,6,61,1,238,0
4,-6,69,1,238,0
7,-5,82,1,238,0
8,-8,97,1,238,0
1,-7,102,1,238,0
3,-3,143,1,238,0
-2,0,168,1,238,0
-2,-1,175,1,238,0
0,1,194,1,238,0
1,2,198,1,238,0
3,4,215,1,238,0
0,-4,235,1,238,0
6,-2,237,1,238,0
0,-5,44,1,238,0
6,8,53,1,238,0
3,5,59,1,238,0
4,6,59,1,238,0
5,7,86,1,238,0
8,0,102,1,238,0
7,-6,112,1,238,0
2,4,124,1,238,0
1,3,131,1,238,0
3,-4,134,1,238,0
2,-1,154,1,238,0
-2,1,169,1,238,0
-2,-2,181,1,238,0
0,2,191,1,238,0
-1,0,179,1,238,0
-5,5,3,1,238,0
9,2,3,1,238,0
0,-6,18,1,238,0
6,-4,64,1,238,0
5,8,83,1,238,0
3,-5,86,1,238,0
4,7,89,1,238,0
8,1,106,1,238,0
7,-7,106,1,238,0
3,6,108,1,238,0
7,0,108,1,238,0
2,5,118,1,238,0
2,-2,153,1,238,0
-2,2,171,1,238,0
-1,1,185,1,238,0
0,3,191,1,238,0
1,4,198,1,238,0
5,-1,231,1,238,0
-5,-2,233,1,238,0
-2,-3,237,1,238,0
-4,5,8,1,238,0
-2,-4,14,1,238,0
8,-1,33,1,238,0
7,-8,94,1,238,0
4,8,95,1,238,0
8,2,97,1,238,0
3,-6,109,1,238,0
2,6,111,1,238,0
7,1,112,1,238,0
6,0,114,1,238,0
6,-5,119,1,238,0
2,-3,143,1,238,0
-1,-1,176,1,238,0
-1,2,182,1,238,0
1,5,203,1,238,0
-8,-2,214,1,238,0
5,-2,236,1,238,0
3,7,237,1,238,0
-4,6,14,1,238,0
-3,5,16,1,238,0
8,-2,43,1,238,0
5,-3,57,1,238,0
8,3,91,1,238,0
7,2,92,1,238,0
3,8,97,1,238,0
3,-7,106,1,238,0
6,-6,115,1,238,0
6,1,118,1,238,0
5,0,119,1,238,0
-1,3,126,1,238,0
2,-4,126,1,238,0
1,-1,162,1,238,0
-1,-2,179,1,238,0
-8,0,205,1,238,0
0,5,206,1,238,0
1,6,214,1,238,0
2,7,231,1,238,0
-2,-6,5,1,238,0
-4,7,24,1,238,0
-2,5,112,1,238,0
8,-3,47,1,238,0
8,4,79,1,238,0
7,3,84,1,238,0
3,-8,99,1,238,0
6,-7,109,1,238,0
-1,4,119,1,238,0
2,-5,119,1,238,0
5,1,125,1,238,0
5,-4,129,1,238,0
1,-2,151,1,238,0
-1,-3,202,1,238,0
0,6,209,1,238,0
-7,0,211,1,238,0
1,7,219,1,238,0
4,0,224,1,238,0
2,8,225,1,238,0
6,2,236,1,238,0
-4,-2,237,1,238,0
0,7,87,1,238,0
-4,8,23,1,238,0
-3,7,32,1,238,0
-1,-4,28,1,238,0
-1,5,113,1,238,0
7,-1,36,1,238,0
8,-4,62,1,238,0
8,5,77,1,238,0
7,4,83,1,238,0
6,3,83,1,238,0
-2,6,106,1,238,0
6,-8,102,1,238,0
2,-6,113,1,238,0
5,-5,124,1,238,0
4,1,128,1,238,0
1,-3,133,1,238,0
3,0,216,1,238,0
-7,-2,219,1,238,0
-6,0,223,1,238,0
5,2,231,1,238,0
-2,7,97,1,239,0
7,-2,37,1,239,0
-1,-5,36,1,239,0
8,6,65,1,239,0
7,5,72,1,239,0
8,-5,75,1,239,0
6,4,76,1,239,0
4,2,83,1,239,0
2,-7,98,1,239,0
5,-6,118,1,239,0
4,-3,137,1,239,0
2,0,144,1,239,0
0,-1,159,1,239,0
3,1,212,1,239,0
5,3,228,1,239,0
-5,0,229,1,239,0
1,-4,238,1,239,0
-1,7,94,1,239,0
-1,-6,12,1,239,0
6,5,29,1,239,0
7,-3,49,1,239,0
8,-6,63,1,239,0
8,7,64,1,239,0
7,6,69,1,239,0
3,-1,102,1,239,0
1,-5,115,1,239,0
4,-4,134,1,239,0
1,0,149,1,239,0
-3,-2,183,1,239,0
0,-2,184,1,239,0
2,1,209,1,239,0
3,2,211,1,239,0
4,3,224,1,239,0
5,4,227,1,239,0
-4,0,239,1,239,0
-1,8,4,1,239,0
6,-1,41,1,239,0
7,7,52,1,239,0
8,8,57,1,239,0
7,-4,64,1,239,0
8,-7,104,1,239,0
1,-6,109,1,239,0
4,-5,126,1,239,0
3,-2,146,1,239,0
0,0,177,1,239,0
1,1,201,1,239,0
2,2,206,1,239,0
3,3,216,1,239,0
0,-3,222,1,239,0
4,4,223,1,239,0
-6,-2,226,1,239,0
5,5,234,1,239,0
-3,0,238,1,239,0
6,6,238,1,239,0
-3,-4,8,1,239,0
4,5,19,1,239,0
7,8,56,1,239,0
6,7,57,1,239,0
5,6,61,1,239,0
4,-6,69,1,239,0
7,-5,82,1,239,0
8,-8,97,1,239,0
1,-7,102,1,239,0
3,-3,143,1,239,0
-2,0,168,1,239,0
-2,-1,175,1,239,0
0,1,194,1,239,0
1,2,198,1,239,0
3,4,215,1,239,0
0,-4,235,1,239,0
6,-2,238,1,239,0
0,-5,44,1,239,0
6,8,53,1,239,0
3,5,59,1,239,0
4,6,59,1,239,0
5,7,86,1,239,0
8,0,102,1,239,0
7,-6,112,1,239,0
2,4,124,1,239,0
1,3,131,1,239,0
3,-4,134,1,239,0
2,-1,154,1,239,0
-2,1,169,1,239,0
-2,-2,181,1,239,0
0,2,191,1,239,0
-1,0,179,1,239,0
-5,5,3,1,239,0
9,2,3,1,239,0
0,-6,18,1,239,0
6,-4,64,1,239,0
5,8,83,1,239,0
3,-5,86,1,239,0
4,7,89,1,239,0
8,1,106,1,239,0
7,-7,106,1,239,0
3,6,108,1,239,0
7,0,108,1,239,0
2,5,118,1,239,0
2,-2,153,1,239,0
-2,2,171,1,239,0
-1,1,185,1,239,0
0,3,191,1,239,0
1,4,198,1,239,0
5,-1,231,1,239,0
-5,-2,233,1,239,0
-2,-3,238,1,239,0
-4,5,8,1,239,0
-2,-4,14,1,239,0
8,-1,33,1,239,0
7,-8,94,1,239,0
4,8,95,1,239,0
8,2,97,1,239,0
3,-6,109,1,239,0
2,6,111,1,239,0
7,1,112,1,239,0
6,0,114,1,239,0
6,-5,119,1,239,0
2,-3,143,1,239,0
-1,-1,176,1,239,0
-1,2,182,1,239,0
1,5,203,1,239,0
-8,-2,214,1,239,0
5,-2,236,1,239,0
3,7,238,1,239,0
-4,6,14,1,239,0
-3,5,16,1,239,0
8,-2,43,1,239,0
5,-3,57,1,239,0
8,3,91,1,239,0
7,2,92,1,239,0
3,8,97,1,239,0
3,-7,106,1,239,0
6,-6,115,1,239,0
6,1,118,1,239,0
5,0,119,1,239,0
-1,3,126,1,239,0
2,-4,126,1,239,0
1,-1,162,1,239,0
-1,-2,179,1,239,0
-8,0,205,1,239,0
0,5,206,1,239,0
1,6,214,1,239,0
2,7,231,1,239,0
-2,-6,5,1,239,0
-4,7,24,1,239,0
-2,5,112,1,239,0
8,-3,47,1,239,0
8,4,79,1,239,0
7,3,84,1,239,0
3,-8,99,1,239,0
6,-7,109,1,239,0
-1,4,119,1,239,0
2,-5,119,1,239,0
5,1,125,1,239,0
5,-4,129,1,239,0
1,-2,151,1,239,0
-1,-3,202,1,239,0
0,6,209,1,239,0
-7,0,211,1,239,0
1,7,219,1,239,0
4,0,224,1,239,0
2,8,225,1,239,0
-4,-2,238,1,239,0
6,2,237,1,239,0
0,7,87,1,239,0
-4,8,23,1,239,0
-3,7,32,1,239,0
-1,-4,28,1,239,0
-1,5,113,1,239,0
7,-1,36,1,239,0
8,-4,62,1,239,0
8,5,77,1,239,0
7,4,83,1,239,0
6,3,83,1,239,0
-2,6,106,1,239,0
6,-8,102,1,239,0
2,-6,113,1,239,0
5,-5,124,1,239,0
4,1,128,1,239,0
1,-3,133,1,239,0
3,0,216,1,239,0
-7,-2,219,1,239,0
-6,0,223,1,239,0
5,2,231,1,239,0
-2,7,97,1,240,0
7,-2,37,1,240,0
-1,-5,36,1,240,0
8,6,65,1,240,0
7,5,72,1,240,0
8,-5,75,1,240,0
6,4,76,1,240,0
4,2,83,1,240,0
2,-7,98,1,240,0
5,-6,118,1,240,0
4,-3,137,1,240,0
2,0,144,1,240,0
0,-1,159,1,240,0
3,1,212,1,240,0
5,3,228,1,240,0
-5,0,229,1,240,0
1,-4,239,1,240,0
-1,7,94,1,240,0
-1,-6,12,1,240,0
6,5,29,1,240,0
7,-3,49,1,240,0
8,-6,63,1,240,0
8,7,64,1,240,0
7,6,69,1,240,0
3,-1,102,1,240,0
1,-5,115,1,240,0
4,-4,134,1,240,0
1,0,149,1,240,0
-3,-2,183,1,240,0
0,-2,184,1,240,0
2,1,209,1,240,0
3,2,211,1,240,0
4,3,224,1,240,0
5,4,227,1,240,0
-4,0,239,1,240,0
-1,8,4,1,240,0
6,-1,41,1,240,0
7,7,52,1,240,0
8,8,57,1,240,0
7,-4,64,1,240,0
8,-7,104,1,240,0
1,-6,109,1,240,0
4,-5,126,1,240,0
3,-2,146,1,240,0
0,0,177,1,240,0
1,1,201,1,240,0
2,2,206,1,240,0
3,3,216,1,240,0
0,-3,222,1,240,0
4,4,223,1,240,0
-6,-2,226,1,240,0
5,5,234,1,240,0
-3,0,239,1,240,0
6,6,239,1,240,0
-3,-4,8,1,240,0
4,5,19,1,240,0
7,8,56,1,240,0
6,7,57,1,240,0
5,6,61,1,240,0
4,-6,69,1,240,0
7,-5,82,1,240,0
8,-8,97,1,240,0
1,-7,102,1,240,0
3,-3,143,1,240,0
-2,0,168,1,240,0
-2,-1,175,1,240,0
0,1,194,1,240,0
1,2,198,1,240,0
3,4,215,1,240,0
0,-4,235,1,240,0
6,-2,239,1,240,0
0,-5,44,1,240,0
6,8,53,1,240,0
3,5,59,1,240,0
4,6,59,1,240,0
5,7,86,1,240,0
8,0,102,1,240,0
7,-6,112,1,240,0
2,4,124,1,240,0
1,3,131,1,240,0
3,-4,134,1,240,0
2,-1,154,1,240,0
-2,1,169,1,240,0
-2,-2,181,1,240,0
0,2,191,1,240,0
-1,0,179,1,240,0
-5,5,3,1,240,0
9,2,3,1,240,0
0,-6,18,1,240,0
6,-4,64,1,240,0
5,8,83,1,240,0
3,-5,86,1,240,0
8,1,106,1,240,0
7,-7,106,1,240,0
3,6,108,1,240,0
7,0,108,1,240,0
2,5,118,1,240,0
2,-2,153,1,240,0
-2,2,171,1,240,0
-1,1,185,1,240,0
0,3,191,1,240,0
1,4,198,1,240,0
5,-1,231,1,240,0
-5,-2,233,1,240,0
4,7,239,1,240,0
-2,-3,239,1,240,0
-4,5,8,1,240,0
-2,-4,14,1,240,0
8,-1,33,1,240,0
7,-8,94,1,240,0
4,8,95,1,240,0
8,2,97,1,240,0
3,-6,109,1,240,0
2,6,111,1,240,0
7,1,112,1,240,0
6,0,114,1,240,0
6,-5,119,1,240,0
2,-3,143,1,240,0
-1,-1,176,1,240,0
-1,2,182,1,240,0
1,5,203,1,240,0
-8,-2,214,1,240,0
5,-2,236,1,240,0
3,7,238,1,240,0
-4,6,14,1,240,0
-3,5,16,1,240,0
8,-2,43,1,240,0
5,-3,57,1,240,0
8,3,91,1,240,0
3,8,97,1,240,0
3,-7,106,1,240,0
6,-6,115,1,240,0
6,1,118,1,240,0
5,0,119,1,240,0
-1,3,126,1,240,0
2,-4,126,1,240,0
1,-1,162,1,240,0
-1,-2,179,1,240,0
-8,0,205,1,240,0
0,5,206,1,240,0
1,6,214,1,240,0
2,7,231,1,240,0
7,2,239,1,240,0
-2,-6,5,1,240,0
-4,7,24,1,240,0
-2,5,112,1,240,0
8,-3,47,1,240,0
8,4,79,1,240,0
7,3,84,1,240,0
3,-8,99,1,240,0
6,-7,109,1,240,0
-1,4,119,1,240,0
2,-5,119,1,240,0
5,1,125,1,240,0
5,-4,129,1,240,0
1,-2,151,1,240,0
-1,-3,202,1,240,0
0,6,209,1,240,0
-7,0,211,1,240,0
1,7,219,1,240,0
4,0,224,1,240,0
2,8,225,1,240,0
6,2,238,1,240,0
-4,-2,239,1,240,0
0,7,87,1,240,0
-4,8,23,1,240,0
-3,7,32,1,240,0
-1,-4,28,1,240,0
-1,5,113,1,240,0
7,-1,36,1,240,0
8,-4,62,1,240,0
8,5,77,1,240,0
7,4,83,1,240,0
6,3,83,1,240,0
-2,6,106,1,240,0
6,-8,102,1,240,0
2,-6,113,1,240,0
5,-5,124,1,240,0
4,1,128,1,240,0
1,-3,133,1,240,0
3,0,216,1,240,0
-7,-2,219,1,240,0
-6,0,223,1,240,0
5,2,231,1,240,0
-2,7,97,1,241,0
7,-2,37,1,241,0
-1,-5,36,1,241,0
8,6,65,1,241,0
7,5,72,1,241,0
8,-5,75,1,241,0
6,4,76,1,241,0
4,2,83,1,241,0
2,-7,98,1,241,0
5,-6,118,1,241,0
4,-3,137,1,241,0
2,0,144,1,241,0
0,-1,159,1,241,0
3,1,212,1,241,0
5,3,228,1,241,0
-5,0,241,1,241,0
1,-4,239,1,241,0
-1,7,94,1,241,0
-1,-6,12,1,241,0
6,5,29,1,241,0
7,-3,49,1,241,0
8,-6,63,1,241,0
8,7,64,1,241,0
7,6,69,1,241,0
3,-1,102,1,241,0
1,-5,115,1,241,0
4,-4,134,1,241,0
1,0,149,1,241,0
-3,-2,183,1,241,0
0,-2,184,1,241,0
2,1,209,1,241,0
3,2,211,1,241,0
4,3,224,1,241,0
5,4,227,1,241,0
-4,0,239,1,241,0
-1,8,4,1,241,0
6,-1,41,1,241,0
7,7,52,1,241,0
8,8,57,1,241,0
7,-4,64,1,241,0
8,-7,104,1,241,0
1,-6,109,1,241,0
4,-5,126,1,241,0
3,-2,146,1,241,0
0,0,177,1,241,0
1,1,201,1,241,0
2,2,206,1,241,0
3,3,216,1,241,0
0,-3,222,1,241,0
4,4,223,1,241,0
-6,-2,226,1,241,0
5,5,234,1,241,0
-3,0,239,1,241,0
6,6,239,1,241,0
-3,-4,8,1,241,0
4,5,19,1,241,0
7,8,56,1,241,0
6,7,57,1,241,0
5,6,61,1,241,0
4,-6,69,1,241,0
7,-5,82,1,241,0
8,-8,97,1,241,0
1,-7,102,1,241,0
3,-3,143,1,241,0
-2,0,168,1,241,0
-2,-1,175,1,241,0
0,1,194,1,241,0
1,2,198,1,241,0
3,4,215,1,241,0
0,-4,235,1,241,0
6,-2,239,1,241,0
0,-5,44,1,241,0
6,8,53,1,241,0
3,5,59,1,241,0
4,6,59,1,241,0
5,7,86,1,241,0
8,0,102,1,241,0
7,-6,112,1,241,0
2,4,124,1,241,0
1,3,131,1,241,0
3,-4,134,1,241,0
2,-1,154,1,241,0
-2,1,169,1,241,0
-2,-2,181,1,241,0
0,2,191,1,241,0
-1,0,179,1,241,0
-5,5,3,1,241,0
9,2,3,1,241,0
0,-6,18,1,241,0
6,-4,64,1,241,0
5,8,83,1,241,0
3,-5,86,1,241,0
8,1,106,1,241,0
7,-7,106,1,241,0
3,6,108,1,241,0
7,0,108,1,241,0
2,5,118,1,241,0
2,-2,153,1,241,0
-2,2,171,1,241,0
-1,1,185,1,241,0
0,3,191,1,241,0
1,4,198,1,241,0
5,-1,231,1,241,0
-5,-2,233,1,241,0
4,7,239,1,241,0
-2,-3,239,1,241,0
-4,5,8,1,241,0
-2,-4,14,1,241,0
8,-1,33,1,241,0
7,-8,94,1,241,0
4,8,95,1,241,0
8,2,97,1,241,0
3,-6,109,1,241,0
2,6,111,1,241,0
7,1,112,1,241,0
6,0,114,1,241,0
6,-5,119,1,241,0
2,-3,143,1,241,0
-1,-1,176,1,241,0
-1,2,182,1,241,0
1,5,203,1,241,0
-8,-2,214,1,241,0
5,-2,236,1,241,0
3,7,238,1,241,0
-4,6,14,1,241,0
-3,5,16,1,241,0
8,-2,43,1,241,0
5,-3,57,1,241,0
8,3,91,1,241,0
3,8,97,1,241,0
3,-7,106,1,241,0
6,-6,115,1,241,0
6,1,118,1,241,0
5,0,119,1,241,0
-1,3,126,1,241,0
2,-4,126,1,241,0
1,-1,162,1,241,0
-1,-2,179,1,241,0
-8,0,205,1,241,0
0,5,206,1,241,0
1,6,214,1,241,0
2,7,231,1,241,0
7,2,239,1,241,0
-2,-6,5,1,241,0
-4,7,24,1,241,0
-2,5,112,1,241,0
8,-3,47,1,241,0
8,4,79,1,241,0
7,3,84,1,241,0
3,-8,99,1,241,0
6,-7,109,1,241,0
-1,4,119,1,241,0
2,-5,119,1,241,0
5,1,125,1,241,0
5,-4,129,1,241,0
1,-2,151,1,241,0
-1,-3,202,1,241,0
0,6,209,1,241,0
-7,0,211,1,241,0
1,7,219,1,241,0
4,0,224,1,241,0
2,8,225,1,241,0
6,2,238,1,241,0
-4,-2,239,1,241,0
0,7,87,1,241,0
-4,8,23,1,241,0
-3,7,32,1,241,0
-1,-4,28,1,241,0
-1,5,113,1,241,0
7,-1,36,1,241,0
8,-4,62,1,241,0
8,5,77,1,241,0
7,4,83,1,241,0
6,3,83,1,241,0
-2,6,106,1,241,0
6,-8,102,1,241,0
2,-6,113,1,241,0
5,-5,124,1,241,0
4,1,128,1,241,0
1,-3,133,1,241,0
3,0,216,1,241,0
-7,-2,219,1,241,0
-6,0,223,1,241,0
5,2,231,1,241,0
-2,7,97,1,242,0
7,-2,37,1,242,0
-1,-5,36,1,242,0
8,6,65,1,242,0
7,5,72,1,242,0
8,-5,75,1,242,0
6,4,76,1,242,0
4,2,83,1,242,0
2,-7,98,1,242,0
5,-6,118,1,242,0
4,-3,137,1,242,0
2,0,144,1,242,0
0,-1,159,1,242,0
3,1,212,1,242,0
5,3,228,1,242,0
-5,0,242,1,242,0
1,-4,239,1,242,0
-1,7,94,1,242,0
-1,-6,12,1,242,0
6,5,29,1,242,0
7,-3,49,1,242,0
8,-6,63,1,242,0
8,7,64,1,242,0
7,6,69,1,242,0
3,-1,102,1,242,0
4,-4,134,1,242,0
1,0,149,1,242,0
0,-2,184,1,242,0
2,1,209,1,242,0
3,2,211,1,242,0
4,3,224,1,242,0
5,4,227,1,242,0
-3,-2,241,1,242,0
-4,0,241,1,242,0
1,-5,241,1,242,0
-1,8,4,1,242,0
6,-1,41,1,242,0
7,7,52,1,242,0
8,8,57,1,242,0
7,-4,64,1,242,0
8,-7,104,1,242,0
1,-6,109,1,242,0
4,-5,126,1,242,0
3,-2,146,1,242,0
0,0,177,1,242,0
1,1,201,1,242,0
2,2,206,1,242,0
3,3,216,1,242,0
0,-3,222,1,242,0
4,4,223,1,242,0
-6,-2,226,1,242,0
5,5,234,1,242,0
-3,0,241,1,242,0
6,6,241,1,242,0
-3,-4,8,1,242,0
4,5,19,1,242,0
7,8,56,1,242,0
6,7,57,1,242,0
5,6,61,1,242,0
4,-6,69,1,242,0
7,-5,82,1,242,0
8,-8,97,1,242,0
1,-7,102,1,242,0
3,-3,143,1,242,0
-2,0,168,1,242,0
-2,-1,175,1,242,0
0,1,194,1,242,0
1,2,198,1,242,0
3,4,215,1,242,0
0,-4,235,1,242,0
6,-2,239,1,242,0
0,-5,44,1,242,0
6,8,53,1,242,0
3,5,59,1,242,0
4,6,59,1,242,0
5,7,86,1,242,0
8,0,102,1,242,0
7,-6,112,1,242,0
2,4,124,1,242,0
1,3,131,1,242,0
3,-4,134,1,242,0
2,-1,154,1,242,0
-2,1,169,1,242,0
-2,-2,181,1,242,0
0,2,191,1,242,0
-1,0,179,1,242,0
-5,5,3,1,242,0
9,2,3,1,242,0
0,-6,18,1,242,0
6,-4,64,1,242,0
5,8,83,1,242,0
3,-5,86,1,242,0
8,1,106,1,242,0
7,-7,106,1,242,0
3,6,108,1,242,0
7,0,108,1,242,0
2,5,118,1,242,0
2,-2,153,1,242,0
-2,2,171,1,242,0
-1,1,185,1,242,0
0,3,191,1,242,0
1,4,198,1,242,0
5,-1,231,1,242,0
-5,-2,233,1,242,0
4,7,241,1,242,0
-2,-3,241,1,242,0
-4,5,8,1,242,0
-2,-4,14,1,242,0
8,-1,33,1,242,0
7,-8,94,1,242,0
4,8,95,1,242,0
8,2,97,1,242,0
3,-6,109,1,242,0
2,6,111,1,242,0
7,1,112,1,242,0
6,0,114,1,242,0
6,-5,119,1,242,0
2,-3,143,1,242,0
-1,-1,176,1,242,0
-1,2,182,1,242,0
1,5,203,1,242,0
-8,-2,214,1,242,0
5,-2,236,1,242,0
3,7,238,1,242,0
-4,6,14,1,242,0
-3,5,16,1,242,0
8,-2,43,1,242,0
5,-3,57,1,242,0
8,3,91,1,242,0
3,8,97,1,242,0
3,-7,106,1,242,0
6,-6,115,1,242,0
6,1,118,1,242,0
5,0,119,1,242,0
-1,3,126,1,242,0
2,-4,126,1,242,0
1,-1,162,1,242,0
-1,-2,179,1,242,0
-8,0,205,1,242,0
0,5,206,1,242,0
1,6,214,1,242,0
2,7,231,1,242,0
7,2,241,1,242,0
-2,-6,5,1,242,0
-4,7,24,1,242,0
-2,5,112,1,242,0
8,-3,47,1,242,0
8,4,79,1,242,0
7,3,84,1,242,0
3,-8,99,1,242,0
6,-7,109,1,242,0
-1,4,119,1,242,0
2,-5,119,1,242,0
5,1,125,1,242,0
5,-4,129,1,242,0
1,-2,151,1,242,0
-1,-3,202,1,242,0
0,6,209,1,242,0
-7,0,211,1,242,0
1,7,219,1,242,0
4,0,224,1,242,0
2,8,225,1,242,0
6,2,238,1,242,0
-4,-2,239,1,242,0
0,7,87,1,242,0
-4,8,23,1,242,0
-3,7,32,1,242,0
-1,-4,28,1,242,0
-1,5,113,1,242,0
7,-1,36,1,242,0
8,-4,62,1,242,0
8,5,77,1,242,0
7,4,83,1,242,0
6,3,83,1,242,0
-2,6,106,1,242,0
6,-8,102,1,242,0
2,-6,113,1,242,0
5,-5,124,1,242,0
4,1,128,1,242,0
1,-3,133,1,242,0
3,0,216,1,242,0
-7,-2,219,1,242,0
-6,0,223,1,242,0
5,2,231,1,242,0
-2,7,97,1,243,0
7,-2,37,1,243,0
-1,-5,36,1,243,0
8,6,65,1,243,0
7,5,72,1,243,0
8,-5,75,1,243,0
6,4,76,1,243,0
4,2,83,1,243,0
2,-7,98,1,243,0
5,-6,118,1,243,0
4,-3,137,1,243,0
2,0,144,1,243,0
0,-1,159,1,243,0
3,1,212,1,243,0
5,3,228,1,243,0
-5,0,242,1,243,0
1,-4,239,1,243,0
-1,7,94,1,243,0
-1,-6,12,1,243,0
6,5,29,1,243,0
7,-3,49,1,243,0
8,-6,63,1,243,0
8,7,64,1,243,0
7,6,69,1,243,0
3,-1,102,1,243,0
4,-4,134,1,243,0
1,0,149,1,243,0
0,-2,184,1,243,0
2,1,209,1,243,0
3,2,211,1,243,0
4,3,224,1,243,0
5,4,227,1,243,0
-4,0,243,1,243,0
-3,-2,242,1,243,0
1,-5,242,1,243,0
-1,8,4,1,243,0
6,-1,41,1,243,0
7,7,52,1,243,0
8,8,57,1,243,0
7,-4,64,1,243,0
8,-7,104,1,243,0
1,-6,109,1,243,0
4,-5,126,1,243,0
3,-2,146,1,243,0
0,0,177,1,243,0
1,1,201,1,243,0
2,2,206,1,243,0
3,3,216,1,243,0
0,-3,222,1,243,0
4,4,223,1,243,0
-6,-2,226,1,243,0
5,5,234,1,243,0
-3,0,242,1,243,0
6,6,242,1,243,0
-3,-4,8,1,243,0
4,5,19,1,243,0
7,8,56,1,243,0
6,7,57,1,243,0
5,6,61,1,243,0
4,-6,69,1,243,0
7,-5,82,1,243,0
8,-8,97,1,243,0
1,-7,102,1,243,0
3,-3,143,1,243,0
-2,0,168,1,243,0
-2,-1,175,1,243,0
0,1,194,1,243,0
1,2,198,1,243,0
3,4,215,1,243,0
0,-4,235,1,243,0
6,-2,242,1,243,0
0,-5,44,1,243,0
6,8,53,1,243,0
3,5,59,1,243,0
4,6,59,1,243,0
5,7,86,1,243,0
8,0,102,1,243,0
7,-6,112,1,243,0
2,4,124,1,243,0
1,3,131,1,243,0
3,-4,134,1,243,0
2,-1,154,1,243,0
-2,1,169,1,243,0
-2,-2,181,1,243,0
0,2,191,1,243,0
-1,0,179,1,243,0
-5,5,3,1,243,0
9,2,3,1,243,0
0,-6,18,1,243,0
6,-4,64,1,243,0
5,8,83,1,243,0
3,-5,86,1,243,0
8,1,106,1,243,0
7,-7,106,1,243,0
3,6,108,1,243,0
7,0,108,1,243,0
2,5,118,1,243,0
2,-2,153,1,243,0
-2,2,171,1,243,0
-1,1,185,1,243,0
0,3,191,1,243,0
1,4,198,1,243,0
5,-1,231,1,243,0
-5,-2,233,1,243,0
-2,-3,241,1,243,0
4,7,242,1,243,0
-4,5,8,1,243,0
-2,-4,14,1,243,0
8,-1,33,1,243,0
7,-8,94,1,243,0
4,8,95,1,243,0
8,2,97,1,243,0
3,-6,109,1,243,0
2,6,111,1,243,0
7,1,112,1,243,0
6,0,114,1,243,0
6,-5,119,1,243,0
2,-3,143,1,243,0
-1,-1,176,1,243,0
-1,2,182,1,243,0
1,5,203,1,243,0
-8,-2,214,1,243,0
5,-2,236,1,243,0
3,7,238,1,243,0
-4,6,14,1,243,0
-3,5,16,1,243,0
8,-2,43,1,243,0
5,-3,57,1,243,0
8,3,91,1,243,0
3,8,97,1,243,0
3,-7,106,1,243,0
6,-6,115,1,243,0
6,1,118,1,243,0
5,0,119,1,243,0
-1,3,126,1,243,0
2,-4,126,1,243,0
1,-1,162,1,243,0
-1,-2,179,1,243,0
-8,0,205,1,243,0
0,5,206,1,243,0
1,6,214,1,243,0
2,7,231,1,243,0
7,2,242,1,243,0
-2,-6,5,1,243,0
-4,7,24,1,243,0
-2,5,112,1,243,0
8,-3,47,1,243,0
8,4,79,1,243,0
7,3,84,1,243,0
3,-8,99,1,243,0
6,-7,109,1,243,0
-1,4,119,1,243,0
2,-5,119,1,243,0
5,1,125,1,243,0
5,-4,129,1,243,0
1,-2,151,1,243,0
0,6,209,1,243,0
-7,0,211,1,243,0
1,7,219,1,243,0
4,0,224,1,243,0
2,8,225,1,243,0
6,2,238,1,243,0
-4,-2,239,1,243,0
-1,-3,242,1,243,0
0,7,87,1,243,0
-4,8,23,1,243,0
-3,7,32,1,243,0
-1,-4,28,1,243,0
-1,5,113,1,243,0
7,-1,36,1,243,0
8,-4,62,1,243,0
8,5,77,1,243,0
7,4,83,1,243,0
6,3,83,1,243,0
-2,6,106,1,243,0
6,-8,102,1,243,0
2,-6,113,1,243,0
5,-5,124,1,243,0
4,1,128,1,243,0
1,-3,133,1,243,0
3,0,216,1,243,0
-7,-2,219,1,243,0
-6,0,223,1,243,0
5,2,231,1,243,0
-2,7,97,1,244,0
7,-2,37,1,244,0
-1,-5,36,1,244,0
8,6,65,1,244,0
7,5,72,1,244,0
8,-5,75,1,244,0
6,4,76,1,244,0
4,2,83,1,244,0
2,-7,98,1,244,0
5,-6,118,1,244,0
4,-3,137,1,244,0
2,0,144,1,244,0
0,-1,159,1,244,0
3,1,212,1,244,0
5,3,228,1,244,0
-5,0,242,1,244,0
1,-4,239,1,244,0
-1,7,94,1,244,0
-1,-6,12,1,244,0
6,5,29,1,244,0
7,-3,49,1,244,0
8,-6,63,1,244,0
8,7,64,1,244,0
7,6,69,1,244,0
3,-1,102,1,244,0
4,-4,134,1,244,0
1,0,149,1,244,0
0,-2,184,1,244,0
2,1,209,1,244,0
3,2,211,1,244,0
4,3,224,1,244,0
5,4,227,1,244,0
-4,0,244,1,244,0
-3,-2,243,1,244,0
1,-5,243,1,244,0
-1,8,4,1,244,0
6,-1,41,1,244,0
7,7,52,1,244,0
8,8,57,1,244,0
7,-4,64,1,244,0
8,-7,104,1,244,0
1,-6,109,1,244,0
4,-5,126,1,244,0
3,-2,146,1,244,0
0,0,177,1,244,0
1,1,201,1,244,0
2,2,206,1,244,0
3,3,216,1,244,0
0,-3,222,1,244,0
4,4,223,1,244,0
-6,-2,226,1,244,0
5,5,234,1,244,0
-3,0,243,1,244,0
6,6,243,1,244,0
-3,-4,8,1,244,0
4,5,19,1,244,0
7,8,56,1,244,0
6,7,57,1,244,0
5,6,61,1,244,0
4,-6,69,1,244,0
7,-5,82,1,244,0
8,-8,97,1,244,0
1,-7,102,1,244,0
3,-3,143,1,244,0
-2,-1,175,1,244,0
0,1,194,1,244,0
1,2,198,1,244,0
3,4,215,1,244,0
0,-4,235,1,244,0
6,-2,242,1,244,0
-2,0,243,1,244,0
0,-5,44,1,244,0
6,8,53,1,244,0
3,5,59,1,244,0
4,6,59,1,244,0
5,7,86,1,244,0
8,0,102,1,244,0
7,-6,112,1,244,0
2,4,124,1,244,0
1,3,131,1,244,0
3,-4,134,1,244,0
2,-1,154,1,244,0
-2,1,169,1,244,0
-2,-2,181,1,244,0
0,2,191,1,244,0
6,-3,243,1,244,0
-1,0,179,1,244,0
-5,5,3,1,244,0
9,2,3,1,244,0
0,-6,18,1,244,0
6,-4,64,1,244,0
5,8,83,1,244,0
3,-5,86,1,244,0
8,1,106,1,244,0
7,-7,106,1,244,0
3,6,108,1,244,0
7,0,108,1,244,0
2,5,118,1,244,0
2,-2,153,1,244,0
-2,2,171,1,244,0
-1,1,185,1,244,0
0,3,191,1,244,0
1,4,198,1,244,0
5,-1,231,1,244,0
-5,-2,233,1,244,0
4,7,243,1,244,0
-2,-3,243,1,244,0
-4,5,8,1,244,0
-2,-4,14,1,244,0
8,-1,33,1,244,0
7,-8,94,1,244,0
4,8,95,1,244,0
8,2,97,1,244,0
3,-6,109,1,244,0
2,6,111,1,244,0
7,1,112,1,244,0
6,0,114,1,244,0
6,-5,119,1,244,0
2,-3,143,1,244,0
-1,-1,176,1,244,0
-1,2,182,1,244,0
1,5,203,1,244,0
-8,-2,214,1,244,0
5,-2,236,1,244,0
3,7,238,1,244,0
-4,6,14,1,244,0
-3,5,16,1,244,0
8,-2,43,1,244,0
5,-3,57,1,244,0
8,3,91,1,244,0
3,8,97,1,244,0
3,-7,106,1,244,0
6,-6,115,1,244,0
6,1,118,1,244,0
5,0,119,1,244,0
-1,3,126,1,244,0
2,-4,126,1,244,0
1,-1,162,1,244,0
-1,-2,179,1,244,0
-8,0,205,1,244,0
0,5,206,1,244,0
1,6,214,1,244,0
2,7,231,1,244,0
7,2,243,1,244,0
-2,-6,5,1,244,0
-4,7,24,1,244,0
-2,5,112,1,244,0
8,-3,47,1,244,0
8,4,79,1,244,0
7,3,84,1,244,0
3,-8,99,1,244,0
6,-7,109,1,244,0
-1,4,119,1,244,0
2,-5,119,1,244,0
5,1,125,1,244,0
5,-4,129,1,244,0
1,-2,151,1,244,0
0,6,209,1,244,0
-7,0,211,1,244,0
1,7,219,1,244,0
4,0,224,1,244,0
2,8,225,1,244,0
6,2,238,1,244,0
-4,-2,239,1,244,0
-1,-3,242,1,244,0
0,7,87,1,244,0
-4,8,23,1,244,0
-3,7,32,1,244,0
-1,-4,28,1,244,0
-1,5,113,1,244,0
7,-1,36,1,244,0
8,-4,62,1,244,0
8,5,77,1,244,0
7,4,83,1,244,0
6,3,83,1,244,0
-2,6,106,1,244,0
6,-8,102,1,244,0
2,-6,113,1,244,0
5,-5,124,1,244,0
4,1,128,1,244,0
1,-3,133,1,244,0
3,0,216,1,244,0
-7,-2,219,1,244,0
-6,0,223,1,244,0
5,2,231,1,244,0
-2,7,97,1,245,0
7,-2,37,1,245,0
-1,-5,36,1,245,0
8,6,65,1,245,0
7,5,72,1,245,0
8,-5,75,1,245,0
6,4,76,1,245,0
4,2,83,1,245,0
2,-7,98,1,245,0
5,-6,118,1,245,0
4,-3,137,1,245,0
2,0,144,1,245,0
0,-1,159,1,245,0
3,1,212,1,245,0
5,3,228,1,245,0
-5,0,242,1,245,0
1,-4,239,1,245,0
-1,7,94,1,245,0
-1,-6,12,1,245,0
6,5,29,1,245,0
8,-6,63,1,245,0
8,7,64,1,245,0
3,-1,102,1,245,0
4,-4,134,1,245,0
1,0,149,1,245,0
0,-2,184,1,245,0
2,1,209,1,245,0
3,2,211,1,245,0
4,3,224,1,245,0
5,4,227,1,245,0
-4,0,245,1,245,0
-3,-2,244,1,245,0
7,-3,244,1,245,0
1,-5,244,1,245,0
7,6,244,1,245,0
-1,8,4,1,245,0
6,-1,41,1,245,0
7,7,52,1,245,0
8,8,57,1,245,0
7,-4,64,1,245,0
8,-7,104,1,245,0
1,-6,109,1,245,0
4,-5,126,1,245,0
3,-2,146,1,245,0
0,0,177,1,245,0
1,1,201,1,245,0
2,2,206,1,245,0
3,3,216,1,245,0
0,-3,222,1,245,0
4,4,223,1,245,0
-6,-2,226,1,245,0
5,5,234,1,245,0
6,6,243,1,245,0
-3,0,244,1,245,0
-3,-4,8,1,245,0
4,5,19,1,245,0
7,8,56,1,245,0
6,7,57,1,245,0
5,6,61,1,245,0
4,-6,69,1,245,0
7,-5,82,1,245,0
8,-8,97,1,245,0
1,-7,102,1,245,0
3,-3,143,1,245,0
-2,-1,175,1,245,0
0,1,194,1,245,0
1,2,198,1,245,0
3,4,215,1,245,0
0,-4,235,1,245,0
6,-2,242,1,245,0
-2,0,244,1,245,0
0,-5,44,1,245,0
6,8,53,1,245,0
3,5,59,1,245,0
4,6,59,1,245,0
5,7,86,1,245,0
8,0,102,1,245,0
7,-6,112,1,245,0
2,4,124,1,245,0
1,3,131,1,245,0
3,-4,134,1,245,0
2,-1,154,1,245,0
-2,1,169,1,245,0
-2,-2,181,1,245,0
0,2,191,1,245,0
6,-3,243,1,245,0
-1,0,179,1,245,0
-5,5,3,1,245,0
9,2,3,1,245,0
0,-6,18,1,245,0
6,-4,64,1,245,0
5,8,83,1,245,0
3,-5,86,1,245,0
8,1,106,1,245,0
7,-7,106,1,245,0
3,6,108,1,245,0
7,0,108,1,245,0
2,5,118,1,245,0
2,-2,153,1,245,0
-2,2,171,1,245,0
-1,1,185,1,245,0
0,3,191,1,245,0
1,4,198,1,245,0
5,-1,231,1,245,0
-5,-2,233,1,245,0
4,7,244,1,245,0
-2,-3,244,1,245,0
-4,5,8,1,245,0
-2,-4,14,1,245,0
8,-1,33,1,245,0
7,-8,94,1,245,0
4,8,95,1,245,0
8,2,97,1,245,0
3,-6,109,1,245,0
2,6,111,1,245,0
7,1,112,1,245,0
6,0,114,1,245,0
6,-5,119,1,245,0
2,-3,143,1,245,0
-1,-1,176,1,245,0
-1,2,182,1,245,0
1,5,203,1,245,0
-8,-2,214,1,245,0
5,-2,236,1,245,0
3,7,238,1,245,0
-4,6,14,1,245,0
-3,5,16,1,245,0
8,-2,43,1,245,0
5,-3,57,1,245,0
8,3,91,1,245,0
3,8,97,1,245,0
3,-7,106,1,245,0
6,-6,115,1,245,0
6,1,118,1,245,0
5,0,119,1,245,0
-1,3,126,1,245,0
2,-4,126,1,245,0
1,-1,162,1,245,0
-1,-2,179,1,245,0
-8,0,205,1,245,0
0,5,206,1,245,0
1,6,214,1,245,0
2,7,231,1,245,0
7,2,244,1,245,0
-2,-6,5,1,245,0
-4,7,24,1,245,0
-2,5,112,1,245,0
8,-3,47,1,245,0
8,4,79,1,245,0
7,3,84,1,245,0
3,-8,99,1,245,0
6,-7,109,1,245,0
-1,4,119,1,245,0
2,-5,119,1,245,0
5,1,125,1,245,0
5,-4,129,1,245,0
1,-2,151,1,245,0
0,6,209,1,245,0
-7,0,211,1,245,0
1,7,219,1,245,0
4,0,224,1,245,0
2,8,225,1,245,0
6,2,238,1,245,0
-4,-2,239,1,245,0
-1,-3,242,1,245,0
0,7,87,1,245,0
-4,8,23,1,245,0
-3,7,32,1,245,0
-1,-4,28,1,245,0
-1,5,113,1,245,0
7,-1,36,1,245,0
8,-4,62,1,245,0
8,5,77,1,245,0
7,4,83,1,245,0
6,3,83,1,245,0
-2,6,106,1,245,0
6,-8,102,1,245,0
2,-6,113,1,245,0
5,-5,124,1,245,0
4,1,128,1,245,0
1,-3,133,1,245,0
3,0,216,1,245,0
-7,-2,219,1,245,0
-6,0,223,1,245,0
5,2,231,1,245,0
-2,7,97,1,246,0
7,-2,37,1,246,0
-1,-5,36,1,246,0
8,6,65,1,246,0
7,5,72,1,246,0
8,-5,75,1,246,0
6,4,76,1,246,0
4,2,83,1,246,0
2,-7,98,1,246,0
5,-6,118,1,246,0
4,-3,137,1,246,0
2,0,144,1,246,0
0,-1,159,1,246,0
3,1,212,1,246,0
5,3,228,1,246,0
-5,0,242,1,246,0
1,-4,239,1,246,0
-1,7,94,1,246,0
-1,-6,12,1,246,0
6,5,29,1,246,0
8,-6,63,1,246,0
8,7,64,1,246,0
3,-1,102,1,246,0
4,-4,134,1,246,0
1,0,149,1,246,0
0,-2,184,1,246,0
2,1,209,1,246,0
3,2,211,1,246,0
4,3,224,1,246,0
5,4,227,1,246,0
-4,0,246,1,246,0
1,-5,244,1,246,0
7,6,244,1,246,0
-3,-2,245,1,246,0
7,-3,245,1,246,0
-1,8,4,1,246,0
6,-1,41,1,246,0
8,8,57,1,246,0
7,-4,64,1,246,0
8,-7,104,1,246,0
1,-6,109,1,246,0
4,-5,126,1,246,0
3,-2,146,1,246,0
0,0,177,1,246,0
1,1,201,1,246,0
2,2,206,1,246,0
3,3,216,1,246,0
0,-3,222,1,246,0
4,4,223,1,246,0
-6,-2,226,1,246,0
5,5,234,1,246,0
6,6,243,1,246,0
-3,0,245,1,246,0
7,7,245,1,246,0
-3,-4,8,1,246,0
4,5,19,1,246,0
7,8,56,1,246,0
6,7,57,1,246,0
5,6,61,1,246,0
4,-6,69,1,246,0
7,-5,82,1,246,0
8,-8,97,1,246,0
1,-7,102,1,246,0
3,-3,143,1,246,0
-2,-1,175,1,246,0
0,1,194,1,246,0
1,2,198,1,246,0
3,4,215,1,246,0
0,-4,235,1,246,0
6,-2,242,1,246,0
-2,0,245,1,246,0
0,-5,44,1,246,0
6,8,53,1,246,0
3,5,59,1,246,0
4,6,59,1,246,0
8,0,102,1,246,0
7,-6,112,1,246,0
2,4,124,1,246,0
1,3,131,1,246,0
3,-4,134,1,246,0
2,-1,154,1,246,0
-2,1,169,1,246,0
-2,-2,181,1,246,0
0,2,191,1,246,0
6,-3,243,1,246,0
5,7,245,1,246,0
-1,0,179,1,246,0
-5,5,3,1,246,0
9,2,3,1,246,0
0,-6,18,1,246,0
6,-4,64,1,246,0
5,8,83,1,246,0
3,-5,86,1,246,0
8,1,106,1,246,0
7,-7,106,1,246,0
3,6,108,1,246,0
7,0,108,1,246,0
2,5,118,1,246,0
2,-2,153,1,246,0
-2,2,171,1,246,0
-1,1,185,1,246,0
0,3,191,1,246,0
1,4,198,1,246,0
5,-1,231,1,246,0
-5,-2,233,1,246,0
4,7,244,1,246,0
-2,-3,244,1,246,0
-4,5,8,1,246,0
-2,-4,14,1,246,0
8,-1,33,1,246,0
7,-8,94,1,246,0
4,8,95,1,246,0
8,2,97,1,246,0
3,-6,109,1,246,0
2,6,111,1,246,0
7,1,112,1,246,0
6,0,114,1,246,0
6,-5,119,1,246,0
2,-3,143,1,246,0
-1,-1,176,1,246,0
-1,2,182,1,246,0
1,5,203,1,246,0
-8,-2,214,1,246,0
5,-2,236,1,246,0
3,7,238,1,246,0
-4,6,14,1,246,0
-3,5,16,1,246,0
8,-2,43,1,246,0
5,-3,57,1,246,0
8,3,91,1,246,0
3,8,97,1,246,0
3,-7,106,1,246,0
6,-6,115,1,246,0
6,1,118,1,246,0
5,0,119,1,246,0
-1,3,126,1,246,0
2,-4,126,1,246,0
1,-1,162,1,246,0
-1,-2,179,1,246,0
-8,0,205,1,246,0
0,5,206,1,246,0
1,6,214,1,246,0
2,7,231,1,246,0
7,2,245,1,246,0
-2,-6,5,1,246,0
-4,7,24,1,246,0
-2,5,112,1,246,0
8,-3,47,1,246,0
8,4,79,1,246,0
7,3,84,1,246,0
3,-8,99,1,246,0
6,-7,109,1,246,0
-1,4,119,1,246,0
2,-5,119,1,246,0
5,1,125,1,246,0
5,-4,129,1,246,0
1,-2,151,1,246,0
0,6,209,1,246,0
-7,0,211,1,246,0
1,7,219,1,246,0
4,0,224,1,246,0
2,8,225,1,246,0
6,2,238,1,246,0
-4,-2,239,1,246,0
-1,-3,242,1,246,0
0,7,87,1,246,0
-4,8,23,1,246,0
-3,7,32,1,246,0
-1,-4,28,1,246,0
-1,5,113,1,246,0
7,-1,36,1,246,0
8,-4,62,1,246,0
8,5,77,1,246,0
7,4,83,1,246,0
6,3,83,1,246,0
-2,6,106,1,246,0
6,-8,102,1,246,0
2,-6,113,1,246,0
5,-5,124,1,246,0
4,1,128,1,246,0
1,-3,133,1,246,0
3,0,216,1,246,0
-7,-2,219,1,246,0
-6,0,223,1,246,0
5,2,231,1,246,0
-2,7,97,1,247,0
7,-2,37,1,247,0
-1,-5,36,1,247,0
8,6,65,1,247,0
7,5,72,1,247,0
8,-5,75,1,247,0
6,4,76,1,247,0
4,2,83,1,247,0
2,-7,98,1,247,0
5,-6,118,1,247,0
4,-3,137,1,247,0
2,0,144,1,247,0
0,-1,159,1,247,0
3,1,212,1,247,0
5,3,228,1,247,0
-5,0,242,1,247,0
1,-4,239,1,247,0
-1,7,94,1,247,0
-1,-6,12,1,247,0
6,5,29,1,247,0
8,-6,63,1,247,0
8,7,64,1,247,0
3,-1,102,1,247,0
4,-4,134,1,247,0
1,0,149,1,247,0
0,-2,184,1,247,0
2,1,209,1,247,0
3,2,211,1,247,0
4,3,224,1,247,0
5,4,227,1,247,0
-4,0,247,1,247,0
7,6,244,1,247,0
1,-5,245,1,247,0
-3,-2,246,1,247,0
7,-3,246,1,247,0
-1,8,4,1,247,0
6,-1,41,1,247,0
8,8,57,1,247,0
7,-4,64,1,247,0
8,-7,104,1,247,0
1,-6,109,1,247,0
4,-5,126,1,247,0
3,-2,146,1,247,0
0,0,177,1,247,0
1,1,201,1,247,0
2,2,206,1,247,0
3,3,216,1,247,0
0,-3,222,1,247,0
4,4,223,1,247,0
-6,-2,226,1,247,0
5,5,234,1,247,0
6,6,243,1,247,0
-3,0,246,1,247,0
7,7,246,1,247,0
-3,-4,8,1,247,0
4,5,19,1,247,0
7,8,56,1,247,0
6,7,57,1,247,0
5,6,61,1,247,0
4,-6,69,1,247,0
7,-5,82,1,247,0
8,-8,97,1,247,0
1,-7,102,1,247,0
3,-3,143,1,247,0
-2,-1,175,1,247,0
0,1,194,1,247,0
1,2,198,1,247,0
3,4,215,1,247,0
0,-4,235,1,247,0
6,-2,242,1,247,0
-2,0,246,1,247,0
0,-5,44,1,247,0
6,8,53,1,247,0
3,5,59,1,247,0
4,6,59,1,247,0
8,0,102,1,247,0
7,-6,112,1,247,0
2,4,124,1,247,0
1,3,131,1,247,0
3,-4,134,1,247,0
2,-1,154,1,247,0
-2,1,169,1,247,0
-2,-2,181,1,247,0
0,2,191,1,247,0
6,-3,243,1,247,0
5,7,246,1,247,0
-1,0,179,1,247,0
-5,5,3,1,247,0
9,2,3,1,247,0
0,-6,18,1,247,0
6,-4,64,1,247,0
5,8,83,1,247,0
3,-5,86,1,247,0
8,1,106,1,247,0
7,-7,106,1,247,0
3,6,108,1,247,0
7,0,108,1,247,0
2,5,118,1,247,0
2,-2,153,1,247,0
-2,2,171,1,247,0
-1,1,185,1,247,0
0,3,191,1,247,0
1,4,198,1,247,0
5,-1,231,1,247,0
-5,-2,233,1,247,0
4,7,244,1,247,0
-2,-3,244,1,247,0
-4,5,8,1,247,0
8,-1,33,1,247,0
7,-8,94,1,247,0
4,8,95,1,247,0
8,2,97,1,247,0
3,-6,109,1,247,0
2,6,111,1,247,0
7,1,112,1,247,0
6,0,114,1,247,0
6,-5,119,1,247,0
2,-3,143,1,247,0
-1,-1,176,1,247,0
-1,2,182,1,247,0
1,5,203,1,247,0
-8,-2,214,1,247,0
5,-2,236,1,247,0
3,7,238,1,247,0
-2,-4,245,1,247,0
-4,6,14,1,247,0
-3,5,16,1,247,0
8,-2,43,1,247,0
5,-3,57,1,247,0
8,3,91,1,247,0
3,8,97,1,247,0
3,-7,106,1,247,0
6,-6,115,1,247,0
6,1,118,1,247,0
5,0,119,1,247,0
-1,3,126,1,247,0
2,-4,126,1,247,0
1,-1,162,1,247,0
-1,-2,179,1,247,0
-8,0,205,1,247,0
0,5,206,1,247,0
1,6,214,1,247,0
2,7,231,1,247,0
7,2,246,1,247,0
-2,-6,5,1,247,0
-4,7,24,1,247,0
-2,5,112,1,247,0
8,-3,47,1,247,0
8,4,79,1,247,0
7,3,84,1,247,0
3,-8,99,1,247,0
6,-7,109,1,247,0
-1,4,119,1,247,0
2,-5,119,1,247,0
5,1,125,1,247,0
5,-4,129,1,247,0
1,-2,151,1,247,0
0,6,209,1,247,0
-7,0,211,1,247,0
1,7,219,1,247,0
4,0,224,1,247,0
2,8,225,1,247,0
6,2,238,1,247,0
-4,-2,239,1,247,0
-1,-3,242,1,247,0
0,7,87,1,247,0
-4,8,23,1,247,0
-3,7,32,1,247,0
-1,-4,28,1,247,0
-1,5,113,1,247,0
7,-1,36,1,247,0
8,-4,62,1,247,0
8,5,77,1,247,0
7,4,83,1,247,0
6,3,83,1,247,0
-2,6,106,1,247,0
6,-8,102,1,247,0
2,-6,113,1,247,0
5,-5,124,1,247,0
4,1,128,1,247,0
1,-3,133,1,247,0
3,0,216,1,247,0
-7,-2,219,1,247,0
-6,0,223,1,247,0
5,2,231,1,247,0
-2,7,97,1,248,0
7,-2,37,1,248,0
-1,-5,36,1,248,0
8,6,65,1,248,0
7,5,72,1,248,0
8,-5,75,1,248,0
6,4,76,1,248,0
4,2,83,1,248,0
2,-7,98,1,248,0
5,-6,118,1,248,0
4,-3,137,1,248,0
2,0,144,1,248,0
0,-1,159,1,248,0
3,1,212,1,248,0
5,3,228,1,248,0
-5,0,242,1,248,0
1,-4,239,1,248,0
-1,7,94,1,248,0
-1,-6,12,1,248,0
6,5,29,1,248,0
8,-6,63,1,248,0
8,7,64,1,248,0
3,-1,102,1,248,0
4,-4,134,1,248,0
1,0,149,1,248,0
0,-2,184,1,248,0
2,1,209,1,248,0
3,2,211,1,248,0
4,3,224,1,248,0
5,4,227,1,248,0
-4,0,248,1,248,0
7,6,244,1,248,0
1,-5,245,1,248,0
-3,-2,247,1,248,0
7,-3,247,1,248,0
-1,8,4,1,248,0
6,-1,41,1,248,0
8,8,57,1,248,0
7,-4,64,1,248,0
8,-7,104,1,248,0
1,-6,109,1,248,0
4,-5,126,1,248,0
3,-2,146,1,248,0
0,0,177,1,248,0
1,1,201,1,248,0
2,2,206,1,248,0
3,3,216,1,248,0
0,-3,222,1,248,0
4,4,223,1,248,0
-6,-2,226,1,248,0
5,5,234,1,248,0
6,6,243,1,248,0
-3,0,247,1,248,0
7,7,247,1,248,0
-3,-4,8,1,248,0
4,5,19,1,248,0
7,8,56,1,248,0
6,7,57,1,248,0
5,6,61,1,248,0
4,-6,69,1,248,0
7,-5,82,1,248,0
8,-8,97,1,248,0
1,-7,102,1,248,0
3,-3,143,1,248,0
-2,-1,175,1,248,0
0,1,194,1,248,0
1,2,198,1,248,0
3,4,215,1,248,0
0,-4,235,1,248,0
6,-2,242,1,248,0
-2,0,247,1,248,0
0,-5,44,1,248,0
6,8,53,1,248,0
3,5,59,1,248,0
4,6,59,1,248,0
8,0,102,1,248,0
7,-6,112,1,248,0
2,4,124,1,248,0
1,3,131,1,248,0
3,-4,134,1,248,0
2,-1,154,1,248,0
-2,1,169,1,248,0
-2,-2,181,1,248,0
0,2,191,1,248,0
6,-3,243,1,248,0
5,7,247,1,248,0
-1,0,179,1,248,0
-5,5,3,1,248,0
9,2,3,1,248,0
0,-6,18,1,248,0
6,-4,64,1,248,0
5,8,83,1,248,0
3,-5,86,1,248,0
8,1,106,1,248,0
7,-7,106,1,248,0
3,6,108,1,248,0
7,0,108,1,248,0
2,5,118,1,248,0
2,-2,153,1,248,0
-2,2,171,1,248,0
-1,1,185,1,248,0
0,3,191,1,248,0
1,4,198,1,248,0
5,-1,231,1,248,0
-5,-2,233,1,248,0
4,7,244,1,248,0
-2,-3,244,1,248,0
-4,5,8,1,248,0
8,-1,33,1,248,0
7,-8,94,1,248,0
4,8,95,1,248,0
8,2,97,1,248,0
3,-6,109,1,248,0
2,6,111,1,248,0
7,1,112,1,248,0
6,0,114,1,248,0
6,-5,119,1,248,0
2,-3,143,1,248,0
-1,-1,176,1,248,0
-1,2,182,1,248,0
1,5,203,1,248,0
-8,-2,214,1,248,0
5,-2,236,1,248,0
3,7,238,1,248,0
-2,-4,246,1,248,0
-4,6,14,1,248,0
-3,5,16,1,248,0
8,-2,43,1,248,0
5,-3,57,1,248,0
8,3,91,1,248,0
3,8,97,1,248,0
3,-7,106,1,248,0
6,-6,115,1,248,0
6,1,118,1,248,0
5,0,119,1,248,0
-1,3,126,1,248,0
2,-4,126,1,248,0
1,-1,162,1,248,0
-1,-2,179,1,248,0
-8,0,205,1,248,0
0,5,206,1,248,0
1,6,214,1,248,0
2,7,231,1,248,0
7,2,246,1,248,0
-2,-6,5,1,248,0
-4,7,24,1,248,0
-2,5,112,1,248,0
8,-3,47,1,248,0
8,4,79,1,248,0
3,-8,99,1,248,0
6,-7,109,1,248,0
-1,4,119,1,248,0
5,1,125,1,248,0
5,-4,129,1,248,0
1,-2,151,1,248,0
0,6,209,1,248,0
-7,0,211,1,248,0
1,7,219,1,248,0
4,0,224,1,248,0
2,8,225,1,248,0
6,2,238,1,248,0
-4,-2,239,1,248,0
-1,-3,242,1,248,0
7,3,247,1,248,0
2,-5,247,1,248,0
0,7,87,1,248,0
-4,8,23,1,248,0
-3,7,32,1,248,0
-1,-4,28,1,248,0
-1,5,113,1,248,0
7,-1,36,1,248,0
8,-4,62,1,248,0
8,5,77,1,248,0
7,4,83,1,248,0
6,3,83,1,248,0
-2,6,106,1,248,0
6,-8,102,1,248,0
2,-6,113,1,248,0
5,-5,124,1,248,0
4,1,128,1,248,0
1,-3,133,1,248,0
3,0,216,1,248,0
-7,-2,219,1,248,0
-6,0,223,1,248,0
5,2,231,1,248,0
-2,7,97,1,249,0
7,-2,37,1,249,0
-1,-5,36,1,249,0
8,6,65,1,249,0
7,5,72,1,249,0
8,-5,75,1,249,0
6,4,76,1,249,0
4,2,83,1,249,0
2,-7,98,1,249,0
5,-6,118,1,249,0
4,-3,137,1,249,0
2,0,144,1,249,0
0,-1,159,1,249,0
3,1,212,1,249,0
5,3,228,1,249,0
-5,0,242,1,249,0
1,-4,239,1,249,0
-1,7,94,1,249,0
-1,-6,12,1,249,0
6,5,29,1,249,0
8,-6,63,1,249,0
8,7,64,1,249,0
3,-1,102,1,249,0
4,-4,134,1,249,0
1,0,149,1,249,0
0,-2,184,1,249,0
2,1,209,1,249,0
3,2,211,1,249,0
4,3,224,1,249,0
5,4,227,1,249,0
-4,0,249,1,249,0
7,6,244,1,249,0
1,-5,245,1,249,0
-3,-2,248,1,249,0
7,-3,248,1,249,0
-1,8,4,1,249,0
6,-1,41,1,249,0
8,8,57,1,249,0
7,-4,64,1,249,0
8,-7,104,1,249,0
1,-6,109,1,249,0
4,-5,126,1,249,0
3,-2,146,1,249,0
0,0,177,1,249,0
1,1,201,1,249,0
2,2,206,1,249,0
3,3,216,1,249,0
0,-3,222,1,249,0
4,4,223,1,249,0
-6,-2,226,1,249,0
5,5,234,1,249,0
6,6,243,1,249,0
-3,0,248,1,249,0
7,7,248,1,249,0
-3,-4,8,1,249,0
4,5,19,1,249,0
7,8,56,1,249,0
6,7,57,1,249,0
5,6,61,1,249,0
4,-6,69,1,249,0
7,-5,82,1,249,0
8,-8,97,1,249,0
1,-7,102,1,249,0
3,-3,143,1,249,0
-2,-1,175,1,249,0
0,1,194,1,249,0
1,2,198,1,249,0
3,4,215,1,249,0
0,-4,235,1,249,0
6,-2,242,1,249,0
-2,0,248,1,249,0
0,-5,44,1,249,0
6,8,53,1,249,0
3,5,59,1,249,0
4,6,59,1,249,0
8,0,102,1,249,0
7,-6,112,1,249,0
2,4,124,1,249,0
1,3,131,1,249,0
3,-4,134,1,249,0
2,-1,154,1,249,0
-2,1,169,1,249,0
-2,-2,181,1,249,0
0,2,191,1,249,0
6,-3,243,1,249,0
5,7,248,1,249,0
-1,0,179,1,249,0
-5,5,3,1,249,0
9,2,3,1,249,0
0,-6,18,1,249,0
6,-4,64,1,249,0
5,8,83,1,249,0
3,-5,86,1,249,0
8,1,106,1,249,0
7,-7,106,1,249,0
3,6,108,1,249,0
7,0,108,1,249,0
2,5,118,1,249,0
2,-2,153,1,249,0
-2,2,171,1,249,0
-1,1,185,1,249,0
0,3,191,1,249,0
1,4,198,1,249,0
5,-1,231,1,249,0
-5,-2,233,1,249,0
4,7,244,1,249,0
-2,-3,244,1,249,0
-4,5,8,1,249,0
8,-1,33,1,249,0
7,-8,94,1,249,0
4,8,95,1,249,0
8,2,97,1,249,0
3,-6,109,1,249,0
2,6,111,1,249,0
7,1,112,1,249,0
6,0,114,1,249,0
6,-5,119,1,249,0
2,-3,143,1,249,0
-1,-1,176,1,249,0
-1,2,182,1,249,0
1,5,203,1,249,0
-8,-2,214,1,249,0
5,-2,236,1,249,0
3,7,238,1,249,0
-2,-4,247,1,249,0
-4,6,14,1,249,0
-3,5,16,1,249,0
8,-2,43,1,249,0
5,-3,57,1,249,0
3,8,97,1,249,0
3,-7,106,1,249,0
6,-6,115,1,249,0
6,1,118,1,249,0
5,0,119,1,249,0
-1,3,126,1,249,0
2,-4,126,1,249,0
1,-1,162,1,249,0
-1,-2,179,1,249,0
-8,0,205,1,249,0
0,5,206,1,249,0
1,6,214,1,249,0
2,7,231,1,249,0
7,2,246,1,249,0
8,3,248,1,249,0
-2,-6,5,1,249,0
-4,7,24,1,249,0
-2,5,112,1,249,0
8,-3,47,1,249,0
8,4,79,1,249,0
3,-8,99,1,249,0
6,-7,109,1,249,0
-1,4,119,1,249,0
5,1,125,1,249,0
5,-4,129,1,249,0
1,-2,151,1,249,0
0,6,209,1,249,0
-7,0,211,1,249,0
1,7,219,1,249,0
4,0,224,1,249,0
2,8,225,1,249,0
6,2,238,1,249,0
-4,-2,239,1,249,0
-1,-3,242,1,249,0
7,3,247,1,249,0
2,-5,248,1,249,0
0,7,87,1,249,0
-4,8,23,1,249,0
-3,7,32,1,249,0
-1,-4,28,1,249,0
-1,5,113,1,249,0
7,-1,36,1,249,0
8,-4,62,1,249,0
8,5,77,1,249,0
7,4,83,1,249,0
6,3,83,1,249,0
-2,6,106,1,249,0
6,-8,102,1,249,0
2,-6,113,1,249,0
5,-5,124,1,249,0
4,1,128,1,249,0
1,-3,133,1,249,0
3,0,216,1,249,0
-7,-2,219,1,249,0
-6,0,223,1,249,0
5,2,231,1,249,0
-2,7,97,1,250,0
7,-2,37,1,250,0
-1,-5,36,1,250,0
8,6,65,1,250,0
7,5,72,1,250,0
8,-5,75,1,250,0
6,4,76,1,250,0
4,2,83,1,250,0
2,-7,98,1,250,0
5,-6,118,1,250,0
4,-3,137,1,250,0
2,0,144,1,250,0
0,-1,159,1,250,0
3,1,212,1,250,0
5,3,228,1,250,0
-5,0,242,1,250,0
1,-4,239,1,250,0
-1,7,94,1,250,0
-1,-6,12,1,250,0
6,5,29,1,250,0
8,-6,63,1,250,0
8,7,64,1,250,0
3,-1,102,1,250,0
4,-4,134,1,250,0
1,0,149,1,250,0
0,-2,184,1,250,0
2,1,209,1,250,0
3,2,211,1,250,0
4,3,224,1,250,0
5,4,227,1,250,0
-4,0,249,1,250,0
7,6,244,1,250,0
1,-5,245,1,250,0
-3,-2,249,1,250,0
7,-3,249,1,250,0
-1,8,4,1,250,0
6,-1,41,1,250,0
8,8,57,1,250,0
7,-4,64,1,250,0
8,-7,104,1,250,0
1,-6,109,1,250,0
4,-5,126,1,250,0
3,-2,146,1,250,0
0,0,177,1,250,0
1,1,201,1,250,0
2,2,206,1,250,0
3,3,216,1,250,0
0,-3,222,1,250,0
4,4,223,1,250,0
-6,-2,226,1,250,0
5,5,234,1,250,0
6,6,243,1,250,0
-3,0,248,1,250,0
7,7,249,1,250,0
-3,-4,8,1,250,0
4,5,19,1,250,0
7,8,56,1,250,0
6,7,57,1,250,0
5,6,61,1,250,0
4,-6,69,1,250,0
7,-5,82,1,250,0
8,-8,97,1,250,0
1,-7,102,1,250,0
3,-3,143,1,250,0
-2,-1,175,1,250,0
0,1,194,1,250,0
1,2,198,1,250,0
3,4,215,1,250,0
0,-4,235,1,250,0
6,-2,242,1,250,0
-2,0,249,1,250,0
0,-5,44,1,250,0
6,8,53,1,250,0
3,5,59,1,250,0
4,6,59,1,250,0
8,0,102,1,250,0
7,-6,112,1,250,0
2,4,124,1,250,0
1,3,131,1,250,0
3,-4,134,1,250,0
2,-1,154,1,250,0
-2,1,169,1,250,0
-2,-2,181,1,250,0
0,2,191,1,250,0
6,-3,243,1,250,0
5,7,249,1,250,0
-1,0,249,1,250,0
-5,5,3,1,250,0
9,2,3,1,250,0
0,-6,18,1,250,0
6,-4,64,1,250,0
5,8,83,1,250,0
3,-5,86,1,250,0
8,1,106,1,250,0
7,-7,106,1,250,0
3,6,108,1,250,0
7,0,108,1,250,0
2,5,118,1,250,0
2,-2,153,1,250,0
-2,2,171,1,250,0
-1,1,185,1,250,0
0,3,191,1,250,0
1,4,198,1,250,0
5,-1,231,1,250,0
-5,-2,233,1,250,0
4,7,244,1,250,0
-2,-3,244,1,250,0
-4,5,8,1,250,0
8,-1,33,1,250,0
7,-8,94,1,250,0
4,8,95,1,250,0
8,2,97,1,250,0
3,-6,109,1,250,0
2,6,111,1,250,0
7,1,112,1,250,0
6,0,114,1,250,0
6,-5,119,1,250,0
2,-3,143,1,250,0
-1,-1,176,1,250,0
-1,2,182,1,250,0
1,5,203,1,250,0
-8,-2,214,1,250,0
5,-2,236,1,250,0
3,7,238,1,250,0
-2,-4,248,1,250,0
-4,6,14,1,250,0
-3,5,16,1,250,0
8,-2,43,1,250,0
5,-3,57,1,250,0
3,8,97,1,250,0
3,-7,106,1,250,0
6,-6,115,1,250,0
6,1,118,1,250,0
5,0,119,1,250,0
-1,3,126,1,250,0
2,-4,126,1,250,0
1,-1,162,1,250,0
-1,-2,179,1,250,0
-8,0,205,1,250,0
0,5,206,1,250,0
1,6,214,1,250,0
2,7,231,1,250,0
7,2,246,1,250,0
8,3,249,1,250,0
-2,-6,5,1,250,0
-4,7,24,1,250,0
-2,5,112,1,250,0
8,-3,47,1,250,0
8,4,79,1,250,0
3,-8,99,1,250,0
6,-7,109,1,250,0
-1,4,119,1,250,0
5,1,125,1,250,0
5,-4,129,1,250,0
1,-2,151,1,250,0
0,6,209,1,250,0
-7,0,211,1,250,0
1,7,219,1,250,0
4,0,224,1,250,0
2,8,225,1,250,0
6,2,238,1,250,0
-4,-2,239,1,250,0
-1,-3,242,1,250,0
7,3,247,1,250,0
2,-5,249,1,250,0
0,7,87,1,250,0
-4,8,23,1,250,0
-3,7,32,1,250,0
-1,-4,28,1,250,0
-1,5,113,1,250,0
7,-1,36,1,250,0
8,-4,62,1,250,0
8,5,77,1,250,0
7,4,83,1,250,0
6,3,83,1,250,0
-2,6,106,1,250,0
6,-8,102,1,250,0
2,-6,113,1,250,0
5,-5,124,1,250,0
4,1,128,1,250,0
1,-3,133,1,250,0
3,0,216,1,250,0
-7,-2,219,1,250,0
-6,0,223,1,250,0
5,2,231,1,250,0
-2,7,97,1,251,0
7,-2,37,1,251,0
-1,-5,36,1,251,0
8,6,65,1,251,0
7,5,72,1,251,0
8,-5,75,1,251,0
6,4,76,1,251,0
4,2,83,1,251,0
2,-7,98,1,251,0
5,-6,118,1,251,0
4,-3,137,1,251,0
2,0,144,1,251,0
0,-1,159,1,251,0
3,1,212,1,251,0
5,3,228,1,251,0
-5,0,242,1,251,0
1,-4,239,1,251,0
-1,7,94,1,251,0
-1,-6,12,1,251,0
6,5,29,1,251,0
8,-6,63,1,251,0
8,7,64,1,251,0
3,-1,102,1,251,0
4,-4,134,1,251,0
1,0,149,1,251,0
0,-2,184,1,251,0
2,1,209,1,251,0
3,2,211,1,251,0
4,3,224,1,251,0
5,4,227,1,251,0
-4,0,249,1,251,0
7,6,244,1,251,0
1,-5,245,1,251,0
-3,-2,249,1,251,0
7,-3,249,1,251,0
-1,8,4,1,251,0
6,-1,41,1,251,0
8,8,57,1,251,0
7,-4,64,1,251,0
8,-7,104,1,251,0
1,-6,109,1,251,0
4,-5,126,1,251,0
3,-2,146,1,251,0
0,0,177,1,251,0
1,1,201,1,251,0
2,2,206,1,251,0
3,3,216,1,251,0
0,-3,222,1,251,0
4,4,223,1,251,0
-6,-2,226,1,251,0
5,5,234,1,251,0
6,6,243,1,251,0
-3,0,251,1,251,0
7,7,249,1,251,0
-3,-4,8,1,251,0
4,5,19,1,251,0
7,8,56,1,251,0
6,7,57,1,251,0
5,6,61,1,251,0
4,-6,69,1,251,0
7,-5,82,1,251,0
8,-8,97,1,251,0
1,-7,102,1,251,0
3,-3,143,1,251,0
-2,-1,175,1,251,0
0,1,194,1,251,0
1,2,198,1,251,0
3,4,215,1,251,0
0,-4,235,1,251,0
6,-2,242,1,251,0
-2,0,249,1,251,0
0,-5,44,1,251,0
6,8,53,1,251,0
3,5,59,1,251,0
4,6,59,1,251,0
8,0,102,1,251,0
7,-6,112,1,251,0
2,4,124,1,251,0
1,3,131,1,251,0
3,-4,134,1,251,0
2,-1,154,1,251,0
-2,1,169,1,251,0
-2,-2,181,1,251,0
0,2,191,1,251,0
6,-3,243,1,251,0
5,7,249,1,251,0
-1,0,249,1,251,0
-5,5,3,1,251,0
9,2,3,1,251,0
0,-6,18,1,251,0
6,-4,64,1,251,0
5,8,83,1,251,0
3,-5,86,1,251,0
8,1,106,1,251,0
7,-7,106,1,251,0
3,6,108,1,251,0
7,0,108,1,251,0
2,5,118,1,251,0
2,-2,153,1,251,0
-2,2,171,1,251,0
-1,1,185,1,251,0
0,3,191,1,251,0
1,4,198,1,251,0
5,-1,231,1,251,0
-5,-2,233,1,251,0
4,7,244,1,251,0
-2,-3,244,1,251,0
-4,5,8,1,251,0
8,-1,33,1,251,0
7,-8,94,1,251,0
4,8,95,1,251,0
8,2,97,1,251,0
3,-6,109,1,251,0
2,6,111,1,251,0
7,1,112,1,251,0
6,0,114,1,251,0
6,-5,119,1,251,0
2,-3,143,1,251,0
-1,-1,176,1,251,0
-1,2,182,1,251,0
1,5,203,1,251,0
-8,-2,214,1,251,0
5,-2,236,1,251,0
3,7,238,1,251,0
-2,-4,249,1,251,0
-4,6,14,1,251,0
-3,5,16,1,251,0
8,-2,43,1,251,0
5,-3,57,1,251,0
3,8,97,1,251,0
3,-7,106,1,251,0
6,-6,115,1,251,0
6,1,118,1,251,0
5,0,119,1,251,0
-1,3,126,1,251,0
2,-4,126,1,251,0
1,-1,162,1,251,0
-1,-2,179,1,251,0
-8,0,205,1,251,0
0,5,206,1,251,0
1,6,214,1,251,0
2,7,231,1,251,0
7,2,246,1,251,0
8,3,249,1,251,0
-2,-6,5,1,251,0
-4,7,24,1,251,0
-2,5,112,1,251,0
8,-3,47,1,251,0
8,4,79,1,251,0
3,-8,99,1,251,0
6,-7,109,1,251,0
-1,4,119,1,251,0
5,1,125,1,251,0
5,-4,129,1,251,0
1,-2,151,1,251,0
0,6,209,1,251,0
-7,0,211,1,251,0
1,7,219,1,251,0
4,0,224,1,251,0
2,8,225,1,251,0
6,2,238,1,251,0
-4,-2,239,1,251,0
-1,-3,242,1,251,0
7,3,247,1,251,0
2,-5,249,1,251,0
0,7,87,1,251,0
-4,8,23,1,251,0
-3,7,32,1,251,0
-1,-4,28,1,251,0
-1,5,113,1,251,0
7,-1,36,1,251,0
8,-4,62,1,251,0
8,5,77,1,251,0
7,4,83,1,251,0
6,3,83,1,251,0
-2,6,106,1,251,0
6,-8,102,1,251,0
2,-6,113,1,251,0
5,-5,124,1,251,0
4,1,128,1,251,0
1,-3,133,1,251,0
3,0,216,1,251,0
-7,-2,219,1,251,0
-6,0,223,1,251,0
5,2,231,1,251,0
-2,7,97,1,252,0
7,-2,37,1,252,0
-1,-5,36,1,252,0
8,6,65,1,252,0
7,5,72,1,252,0
8,-5,75,1,252,0
6,4,76,1,252,0
4,2,83,1,252,0
2,-7,98,1,252,0
5,-6,118,1,252,0
4,-3,137,1,252,0
2,0,144,1,252,0
0,-1,159,1,252,0
3,1,212,1,252,0
5,3,228,1,252,0
-5,0,242,1,252,0
1,-4,239,1,252,0
-1,7,94,1,252,0
-1,-6,12,1,252,0
6,5,29,1,252,0
8,-6,63,1,252,0
8,7,64,1,252,0
3,-1,102,1,252,0
4,-4,134,1,252,0
1,0,149,1,252,0
0,-2,184,1,252,0
2,1,209,1,252,0
3,2,211,1,252,0
4,3,224,1,252,0
5,4,227,1,252,0
-4,0,249,1,252,0
7,6,244,1,252,0
-3,-2,249,1,252,0
7,-3,249,1,252,0
1,-5,251,1,252,0
-1,8,4,1,252,0
6,-1,41,1,252,0
8,8,57,1,252,0
7,-4,64,1,252,0
8,-7,104,1,252,0
1,-6,109,1,252,0
4,-5,126,1,252,0
3,-2,146,1,252,0
0,0,177,1,252,0
1,1,201,1,252,0
2,2,206,1,252,0
3,3,216,1,252,0
0,-3,222,1,252,0
4,4,223,1,252,0
-6,-2,226,1,252,0
5,5,234,1,252,0
6,6,243,1,252,0
-3,0,252,1,252,0
7,7,251,1,252,0
-3,-4,8,1,252,0
4,5,19,1,252,0
7,8,56,1,252,0
6,7,57,1,252,0
5,6,61,1,252,0
4,-6,69,1,252,0
7,-5,82,1,252,0
8,-8,97,1,252,0
1,-7,102,1,252,0
3,-3,143,1,252,0
0,1,194,1,252,0
1,2,198,1,252,0
3,4,215,1,252,0
0,-4,235,1,252,0
6,-2,242,1,252,0
-2,-1,251,1,252,0
-2,0,251,1,252,0
0,-5,44,1,252,0
6,8,53,1,252,0
3,5,59,1,252,0
4,6,59,1,252,0
8,0,102,1,252,0
7,-6,112,1,252,0
2,4,124,1,252,0
1,3,131,1,252,0
3,-4,134,1,252,0
2,-1,154,1,252,0
-2,1,169,1,252,0
-2,-2,181,1,252,0
0,2,191,1,252,0
6,-3,243,1,252,0
5,7,251,1,252,0
-1,0,251,1,252,0
-5,5,3,1,252,0
9,2,3,1,252,0
0,-6,18,1,252,0
6,-4,64,1,252,0
5,8,83,1,252,0
3,-5,86,1,252,0
8,1,106,1,252,0
7,-7,106,1,252,0
3,6,108,1,252,0
7,0,108,1,252,0
2,5,118,1,252,0
2,-2,153,1,252,0
-2,2,171,1,252,0
-1,1,185,1,252,0
0,3,191,1,252,0
1,4,198,1,252,0
5,-1,231,1,252,0
-5,-2,233,1,252,0
4,7,244,1,252,0
-2,-3,244,1,252,0
-4,5,8,1,252,0
8,-1,33,1,252,0
7,-8,94,1,252,0
4,8,95,1,252,0
8,2,97,1,252,0
3,-6,109,1,252,0
2,6,111,1,252,0
7,1,112,1,252,0
6,0,114,1,252,0
6,-5,119,1,252,0
2,-3,143,1,252,0
-1,-1,176,1,252,0
-1,2,182,1,252,0
1,5,203,1,252,0
-8,-2,214,1,252,0
5,-2,236,1,252,0
3,7,238,1,252,0
-2,-4,249,1,252,0
-4,6,14,1,252,0
-3,5,16,1,252,0
8,-2,43,1,252,0
5,-3,57,1,252,0
3,8,97,1,252,0
3,-7,106,1,252,0
6,-6,115,1,252,0
6,1,118,1,252,0
5,0,119,1,252,0
-1,3,126,1,252,0
2,-4,126,1,252,0
1,-1,162,1,252,0
-1,-2,179,1,252,0
-8,0,205,1,252,0
0,5,206,1,252,0
1,6,214,1,252,0
2,7,231,1,252,0
7,2,246,1,252,0
8,3,251,1,252,0
-2,-6,5,1,252,0
-4,7,24,1,252,0
-2,5,112,1,252,0
8,4,79,1,252,0
3,-8,99,1,252,0
6,-7,109,1,252,0
-1,4,119,1,252,0
5,1,125,1,252,0
5,-4,129,1,252,0
1,-2,151,1,252,0
0,6,209,1,252,0
-7,0,211,1,252,0
1,7,219,1,252,0
4,0,224,1,252,0
2,8,225,1,252,0
6,2,238,1,252,0
-4,-2,239,1,252,0
-1,-3,242,1,252,0
7,3,247,1,252,0
2,-5,249,1,252,0
8,-3,251,1,252,0
0,7,87,1,252,0
-4,8,23,1,252,0
-3,7,32,1,252,0
-1,-4,28,1,252,0
-1,5,113,1,252,0
7,-1,36,1,252,0
8,-4,62,1,252,0
8,5,77,1,252,0
7,4,83,1,252,0
6,3,83,1,252,0
-2,6,106,1,252,0
6,-8,102,1,252,0
2,-6,113,1,252,0
5,-5,124,1,252,0
4,1,128,1,252,0
1,-3,133,1,252,0
3,0,216,1,252,0
-7,-2,219,1,252,0
-6,0,223,1,252,0
5,2,231,1,252,0
-2,7,97,1,253,0
7,-2,37,1,253,0
-1,-5,36,1,253,0
8,6,65,1,253,0
7,5,72,1,253,0
8,-5,75,1,253,0
6,4,76,1,253,0
4,2,83,1,253,0
2,-7,98,1,253,0
5,-6,118,1,253,0
4,-3,137,1,253,0
2,0,144,1,253,0
0,-1,159,1,253,0
3,1,212,1,253,0
5,3,228,1,253,0
-5,0,242,1,253,0
1,-4,239,1,253,0
-1,7,94,1,253,0
-1,-6,12,1,253,0
6,5,29,1,253,0
8,-6,63,1,253,0
8,7,64,1,253,0
3,-1,102,1,253,0
4,-4,134,1,253,0
1,0,149,1,253,0
0,-2,184,1,253,0
2,1,209,1,253,0
3,2,211,1,253,0
4,3,224,1,253,0
5,4,227,1,253,0
-4,0,249,1,253,0
7,6,244,1,253,0
-3,-2,249,1,253,0
7,-3,249,1,253,0
1,-5,252,1,253,0
-1,8,4,1,253,0
6,-1,41,1,253,0
8,8,57,1,253,0
7,-4,64,1,253,0
8,-7,104,1,253,0
1,-6,109,1,253,0
4,-5,126,1,253,0
3,-2,146,1,253,0
0,0,177,1,253,0
1,1,201,1,253,0
2,2,206,1,253,0
3,3,216,1,253,0
0,-3,222,1,253,0
4,4,223,1,253,0
-6,-2,226,1,253,0
5,5,234,1,253,0
6,6,243,1,253,0
-3,0,253,1,253,0
7,7,252,1,253,0
-3,-4,8,1,253,0
4,5,19,1,253,0
7,8,56,1,253,0
6,7,57,1,253,0
5,6,61,1,253,0
4,-6,69,1,253,0
7,-5,82,1,253,0
8,-8,97,1,253,0
1,-7,102,1,253,0
3,-3,143,1,253,0
0,1,194,1,253,0
1,2,198,1,253,0
3,4,215,1,253,0
0,-4,235,1,253,0
6,-2,242,1,253,0
-2,-1,252,1,253,0
-2,0,252,1,253,0
0,-5,44,1,253,0
6,8,53,1,253,0
3,5,59,1,253,0
8,0,102,1,253,0
7,-6,112,1,253,0
2,4,124,1,253,0
1,3,131,1,253,0
3,-4,134,1,253,0
2,-1,154,1,253,0
-2,1,169,1,253,0
-2,-2,181,1,253,0
0,2,191,1,253,0
6,-3,243,1,253,0
5,7,251,1,253,0
4,6,252,1,253,0
-1,0,252,1,253,0
-5,5,3,1,253,0
9,2,3,1,253,0
0,-6,18,1,253,0
6,-4,64,1,253,0
5,8,83,1,253,0
3,-5,86,1,253,0
8,1,106,1,253,0
7,-7,106,1,253,0
3,6,108,1,253,0
7,0,108,1,253,0
2,5,118,1,253,0
2,-2,153,1,253,0
-2,2,171,1,253,0
-1,1,185,1,253,0
0,3,191,1,253,0
1,4,198,1,253,0
5,-1,231,1,253,0
-5,-2,233,1,253,0
4,7,244,1,253,0
-2,-3,244,1,253,0
-4,5,8,1,253,0
8,-1,33,1,253,0
7,-8,94,1,253,0
4,8,95,1,253,0
8,2,97,1,253,0
3,-6,109,1,253,0
2,6,111,1,253,0
7,1,112,1,253,0
6,0,114,1,253,0
6,-5,119,1,253,0
2,-3,143,1,253,0
-1,-1,176,1,253,0
-1,2,182,1,253,0
1,5,203,1,253,0
-8,-2,214,1,253,0
5,-2,236,1,253,0
3,7,238,1,253,0
-2,-4,252,1,253,0
-4,6,14,1,253,0
-3,5,16,1,253,0
8,-2,43,1,253,0
5,-3,57,1,253,0
3,8,97,1,253,0
3,-7,106,1,253,0
6,-6,115,1,253,0
6,1,118,1,253,0
5,0,119,1,253,0
-1,3,126,1,253,0
2,-4,126,1,253,0
1,-1,162,1,253,0
-1,-2,179,1,253,0
-8,0,205,1,253,0
0,5,206,1,253,0
1,6,214,1,253,0
2,7,231,1,253,0
7,2,246,1,253,0
8,3,252,1,253,0
-2,-6,5,1,253,0
-4,7,24,1,253,0
-2,5,112,1,253,0
8,4,79,1,253,0
3,-8,99,1,253,0
6,-7,109,1,253,0
-1,4,119,1,253,0
5,1,125,1,253,0
5,-4,129,1,253,0
1,-2,151,1,253,0
0,6,209,1,253,0
-7,0,211,1,253,0
1,7,219,1,253,0
4,0,224,1,253,0
2,8,225,1,253,0
6,2,238,1,253,0
-4,-2,239,1,253,0
-1,-3,242,1,253,0
7,3,247,1,253,0
2,-5,249,1,253,0
8,-3,252,1,253,0
0,7,87,1,253,0
-4,8,23,1,253,0
-3,7,32,1,253,0
-1,-4,28,1,253,0
-1,5,113,1,253,0
7,-1,36,1,253,0
8,-4,62,1,253,0
8,5,77,1,253,0
7,4,83,1,253,0
6,3,83,1,253,0
-2,6,106,1,253,0
6,-8,102,1,253,0
2,-6,113,1,253,0
5,-5,124,1,253,0
4,1,128,1,253,0
1,-3,133,1,253,0
3,0,216,1,253,0
-7,-2,219,1,253,0
-6,0,223,1,253,0
5,2,231,1,253,0
-2,7,97,1,254,0
7,-2,37,1,254,0
-1,-5,36,1,254,0
8,6,65,1,254,0
7,5,72,1,254,0
8,-5,75,1,254,0
6,4,76,1,254,0
4,2,83,1,254,0
2,-7,98,1,254,0
5,-6,118,1,254,0
4,-3,137,1,254,0
2,0,144,1,254,0
0,-1,159,1,254,0
3,1,212,1,254,0
5,3,228,1,254,0
-5,0,242,1,254,0
1,-4,239,1,254,0
-1,7,94,1,254,0
-1,-6,12,1,254,0
6,5,29,1,254,0
8,-6,63,1,254,0
8,7,64,1,254,0
3,-1,102,1,254,0
4,-4,134,1,254,0
1,0,149,1,254,0
0,-2,184,1,254,0
2,1,209,1,254,0
3,2,211,1,254,0
4,3,224,1,254,0
5,4,227,1,254,0
-4,0,249,1,254,0
7,6,244,1,254,0
-3,-2,249,1,254,0
7,-3,249,1,254,0
1,-5,252,1,254,0
-1,8,4,1,254,0
6,-1,41,1,254,0
8,8,57,1,254,0
7,-4,64,1,254,0
8,-7,104,1,254,0
1,-6,109,1,254,0
4,-5,126,1,254,0
3,-2,146,1,254,0
0,0,177,1,254,0
1,1,201,1,254,0
2,2,206,1,254,0
3,3,216,1,254,0
0,-3,222,1,254,0
4,4,223,1,254,0
-6,-2,226,1,254,0
5,5,234,1,254,0
6,6,243,1,254,0
-3,0,254,1,254,0
7,7,253,1,254,0
-3,-4,8,1,254,0
4,5,19,1,254,0
7,8,56,1,254,0
6,7,57,1,254,0
5,6,61,1,254,0
4,-6,69,1,254,0
7,-5,82,1,254,0
8,-8,97,1,254,0
1,-7,102,1,254,0
3,-3,143,1,254,0
0,1,194,1,254,0
1,2,198,1,254,0
3,4,215,1,254,0
0,-4,235,1,254,0
6,-2,242,1,254,0
-2,-1,253,1,254,0
-2,0,253,1,254,0
0,-5,44,1,254,0
6,8,53,1,254,0
3,5,59,1,254,0
8,0,102,1,254,0
7,-6,112,1,254,0
2,4,124,1,254,0
1,3,131,1,254,0
3,-4,134,1,254,0
2,-1,154,1,254,0
-2,1,169,1,254,0
-2,-2,181,1,254,0
0,2,191,1,254,0
6,-3,243,1,254,0
5,7,251,1,254,0
4,6,253,1,254,0
-1,0,253,1,254,0
-5,5,3,1,254,0
9,2,3,1,254,0
0,-6,18,1,254,0
6,-4,64,1,254,0
5,8,83,1,254,0
3,-5,86,1,254,0
8,1,106,1,254,0
7,-7,106,1,254,0
3,6,108,1,254,0
7,0,108,1,254,0
2,5,118,1,254,0
2,-2,153,1,254,0
-2,2,171,1,254,0
-1,1,185,1,254,0
0,3,191,1,254,0
1,4,198,1,254,0
5,-1,231,1,254,0
-5,-2,233,1,254,0
4,7,244,1,254,0
-2,-3,244,1,254,0
-4,5,8,1,254,0
8,-1,33,1,254,0
7,-8,94,1,254,0
4,8,95,1,254,0
8,2,97,1,254,0
3,-6,109,1,254,0
2,6,111,1,254,0
7,1,112,1,254,0
6,0,114,1,254,0
6,-5,119,1,254,0
2,-3,143,1,254,0
-1,-1,176,1,254,0
-1,2,182,1,254,0
1,5,203,1,254,0
-8,-2,214,1,254,0
5,-2,236,1,254,0
3,7,238,1,254,0
-2,-4,253,1,254,0
-4,6,14,1,254,0
-3,5,16,1,254,0
8,-2,43,1,254,0
5,-3,57,1,254,0
3,8,97,1,254,0
3,-7,106,1,254,0
6,-6,115,1,254,0
6,1,118,1,254,0
5,0,119,1,254,0
-1,3,126,1,254,0
2,-4,126,1,254,0
1,-1,162,1,254,0
-1,-2,179,1,254,0
-8,0,205,1,254,0
0,5,206,1,254,0
1,6,214,1,254,0
2,7,231,1,254,0
7,2,246,1,254,0
8,3,253,1,254,0
-2,-6,5,1,254,0
-4,7,24,1,254,0
-2,5,112,1,254,0
8,4,79,1,254,0
3,-8,99,1,254,0
6,-7,109,1,254,0
-1,4,119,1,254,0
5,1,125,1,254,0
5,-4,129,1,254,0
1,-2,151,1,254,0
0,6,209,1,254,0
-7,0,211,1,254,0
1,7,219,1,254,0
4,0,224,1,254,0
2,8,225,1,254,0
6,2,238,1,254,0
-4,-2,239,1,254,0
-1,-3,242,1,254,0
7,3,247,1,254,0
2,-5,249,1,254,0
8,-3,253,1,254,0
0,7,87,1,254,0
-4,8,23,1,254,0
-3,7,32,1,254,0
-1,-4,28,1,254,0
-1,5,113,1,254,0
7,-1,36,1,254,0
8,-4,62,1,254,0
8,5,77,1,254,0
7,4,83,1,254,0
6,3,83,1,254,0
-2,6,106,1,254,0
6,-8,102,1,254,0
2,-6,113,1,254,0
5,-5,124,1,254,0
4,1,128,1,254,0
1,-3,133,1,254,0
3,0,216,1,254,0
-7,-2,219,1,254,0
-6,0,223,1,254,0
5,2,231,1,254,0
-2,7,97,1,255,0
7,-2,37,1,255,0
-1,-5,36,1,255,0
8,6,65,1,255,0
7,5,72,1,255,0
8,-5,75,1,255,0
6,4,76,1,255,0
4,2,83,1,255,0
2,-7,98,1,255,0
5,-6,118,1,255,0
4,-3,137,1,255,0
2,0,144,1,255,0
0,-1,159,1,255,0
3,1,212,1,255,0
5,3,228,1,255,0
-5,0,242,1,255,0
1,-4,239,1,255,0
-1,7,94,1,255,0
-1,-6,12,1,255,0
6,5,29,1,255,0
8,-6,63,1,255,0
8,7,64,1,255,0
3,-1,102,1,255,0
4,-4,134,1,255,0
1,0,149,1,255,0
0,-2,184,1,255,0
2,1,209,1,255,0
3,2,211,1,255,0
4,3,224,1,255,0
5,4,227,1,255,0
-4,0,249,1,255,0
7,6,244,1,255,0
-3,-2,249,1,255,0
7,-3,249,1,255,0
1,-5,253,1,255,0
-1,8,4,1,255,0
6,-1,41,1,255,0
8,8,57,1,255,0
7,-4,64,1,255,0
8,-7,104,1,255,0
1,-6,109,1,255,0
4,-5,126,1,255,0
3,-2,146,1,255,0
0,0,177,1,255,0
1,1,201,1,255,0
2,2,206,1,255,0
3,3,216,1,255,0
0,-3,222,1,255,0
4,4,223,1,255,0
-6,-2,226,1,255,0
5,5,234,1,255,0
6,6,243,1,255,0
-3,0,255,1,255,0
7,7,253,1,255,0
-3,-4,8,1,255,0
4,5,19,1,255,0
6,7,57,1,255,0
5,6,61,1,255,0
4,-6,69,1,255,0
7,-5,82,1,255,0
8,-8,97,1,255,0
1,-7,102,1,255,0
3,-3,143,1,255,0
0,1,194,1,255,0
1,2,198,1,255,0
3,4,215,1,255,0
0,-4,235,1,255,0
6,-2,242,1,255,0
-2,-1,254,1,255,0
-2,0,254,1,255,0
7,8,254,1,255,0
0,-5,44,1,255,0
6,8,53,1,255,0
3,5,59,1,255,0
8,0,102,1,255,0
7,-6,112,1,255,0
2,4,124,1,255,0
1,3,131,1,255,0
3,-4,134,1,255,0
2,-1,154,1,255,0
-2,1,169,1,255,0
-2,-2,181,1,255,0
0,2,191,1,255,0
6,-3,243,1,255,0
5,7,251,1,255,0
4,6,254,1,255,0
-1,0,254,1,255,0
-5,5,3,1,255,0
9,2,3,1,255,0
0,-6,18,1,255,0
6,-4,64,1,255,0
5,8,83,1,255,0
3,-5,86,1,255,0
8,1,106,1,255,0
7,-7,106,1,255,0
3,6,108,1,255,0
7,0,108,1,255,0
2,5,118,1,255,0
2,-2,153,1,255,0
-2,2,171,1,255,0
-1,1,185,1,255,0
0,3,191,1,255,0
1,4,198,1,255,0
5,-1,231,1,255,0
-5,-2,233,1,255,0
4,7,244,1,255,0
-2,-3,244,1,255,0
-4,5,8,1,255,0
8,-1,33,1,255,0
7,-8,94,1,255,0
4,8,95,1,255,0
8,2,97,1,255,0
3,-6,109,1,255,0
2,6,111,1,255,0
7,1,112,1,255,0
6,0,114,1,255,0
6,-5,119,1,255,0
2,-3,143,1,255,0
-1,-1,176,1,255,0
-1,2,182,1,255,0
1,5,203,1,255,0
-8,-2,214,1,255,0
5,-2,236,1,255,0
3,7,238,1,255,0
-2,-4,254,1,255,0
-4,6,14,1,255,0
-3,5,16,1,255,0
8,-2,43,1,255,0
5,-3,57,1,255,0
3,8,97,1,255,0
3,-7,106,1,255,0
6,-6,115,1,255,0
6,1,118,1,255,0
5,0,119,1,255,0
-1,3,126,1,255,0
2,-4,126,1,255,0
1,-1,162,1,255,0
-1,-2,179,1,255,0
-8,0,205,1,255,0
0,5,206,1,255,0
1,6,214,1,255,0
2,7,231,1,255,0
7,2,246,1,255,0
8,3,253,1,255,0
-2,-6,5,1,255,0
-4,7,24,1,255,0
-2,5,112,1,255,0
8,4,79,1,255,0
3,-8,99,1,255,0
6,-7,109,1,255,0
-1,4,119,1,255,0
5,1,125,1,255,0
5,-4,129,1,255,0
1,-2,151,1,255,0
0,6,209,1,255,0
-7,0,211,1,255,0
1,7,219,1,255,0
4,0,224,1,255,0
2,8,225,1,255,0
6,2,238,1,255,0
-4,-2,239,1,255,0
-1,-3,242,1,255,0
2,-5,249,1,255,0
7,3,254,1,255,0
8,-3,254,1,255,0
0,7,87,1,255,0
-4,8,23,1,255,0
-3,7,32,1,255,0
-1,-4,28,1,255,0
-1,5,113,1,255,0
7,-1,36,1,255,0
8,-4,62,1,255,0
8,5,77,1,255,0
7,4,83,1,255,0
6,3,83,1,255,0
-2,6,106,1,255,0
6,-8,102,1,255,0
2,-6,113,1,255,0
5,-5,124,1,255,0
4,1,128,1,255,0
1,-3,133,1,255,0
3,0,216,1,255,0
-7,-2,219,1,255,0
-6,0,223,1,255,0
5,2,231,1,255,0
-2,7,97,1,256,0
7,-2,37,1,256,0
-1,-5,36,1,256,0
8,6,65,1,256,0
7,5,72,1,256,0
8,-5,75,1,256,0
6,4,76,1,256,0
4,2,83,1,256,0
2,-7,98,1,256,0
5,-6,118,1,256,0
4,-3,137,1,256,0
2,0,144,1,256,0
0,-1,159,1,256,0
3,1,212,1,256,0
5,3,228,1,256,0
-5,0,242,1,256,0
1,-4,254,1,256,0
-1,7,94,1,256,0
-1,-6,12,1,256,0
6,5,29,1,256,0
8,-6,63,1,256,0
8,7,64,1,256,0
3,-1,102,1,256,0
4,-4,134,1,256,0
1,0,149,1,256,0
0,-2,184,1,256,0
2,1,209,1,256,0
3,2,211,1,256,0
4,3,224,1,256,0
5,4,227,1,256,0
-4,0,249,1,256,0
7,6,244,1,256,0
-3,-2,249,1,256,0
1,-5,253,1,256,0
7,-3,255,1,256,0
-1,8,4,1,256,0
6,-1,41,1,256,0
8,8,57,1,256,0
7,-4,64,1,256,0
8,-7,104,1,256,0
1,-6,109,1,256,0
4,-5,126,1,256,0
3,-2,146,1,256,0
0,0,177,1,256,0
1,1,201,1,256,0
2,2,206,1,256,0
3,3,216,1,256,0
0,-3,222,1,256,0
4,4,223,1,256,0
-6,-2,226,1,256,0
5,5,234,1,256,0
6,6,243,1,256,0
-3,0,255,1,256,0
7,7,253,1,256,0
-3,-4,8,1,256,0
4,5,19,1,256,0
6,7,57,1,256,0
5,6,61,1,256,0
4,-6,69,1,256,0
7,-5,82,1,256,0
8,-8,97,1,256,0
1,-7,102,1,256,0
3,-3,143,1,256,0
0,1,194,1,256,0
1,2,198,1,256,0
3,4,215,1,256,0
0,-4,235,1,256,0
6,-2,242,1,256,0
-2,0,256,1,256,0
-2,-1,255,1,256,0
7,8,255,1,256,0
0,-5,44,1,256,0
6,8,53,1,256,0
3,5,59,1,256,0
8,0,102,1,256,0
7,-6,112,1,256,0
2,4,124,1,256,0
1,3,131,1,256,0
3,-4,134,1,256,0
2,-1,154,1,256,0
-2,1,169,1,256,0
-2,-2,181,1,256,0
0,2,191,1,256,0
6,-3,243,1,256,0
5,7,251,1,256,0
4,6,255,1,256,0
-1,0,255,1,256,0
-5,5,3,1,256,0
9,2,3,1,256,0
0,-6,18,1,256,0
6,-4,64,1,256,0
5,8,83,1,256,0
3,-5,86,1,256,0
8,1,106,1,256,0
7,-7,106,1,256,0
3,6,108,1,256,0
7,0,108,1,256,0
2,5,118,1,256,0
2,-2,153,1,256,0
-2,2,171,1,256,0
-1,1,185,1,256,0
0,3,191,1,256,0
1,4,198,1,256,0
5,-1,231,1,256,0
-5,-2,233,1,256,0
4,7,244,1,256,0
-2,-3,244,1,256,0
-4,5,8,1,256,0
8,-1,33,1,256,0
7,-8,94,1,256,0
4,8,95,1,256,0
8,2,97,1,256,0
3,-6,109,1,256,0
2,6,111,1,256,0
7,1,112,1,256,0
6,0,114,1,256,0
6,-5,119,1,256,0
2,-3,143,1,256,0
-1,-1,176,1,256,0
-1,2,182,1,256,0
1,5,203,1,256,0
-8,-2,214,1,256,0
5,-2,236,1,256,0
3,7,238,1,256,0
-2,-4,254,1,256,0
-4,6,14,1,256,0
-3,5,16,1,256,0
8,-2,43,1,256,0
5,-3,57,1,256,0
3,8,97,1,256,0
3,-7,106,1,256,0
6,-6,115,1,256,0
6,1,118,1,256,0
5,0,119,1,256,0
-1,3,126,1,256,0
2,-4,126,1,256,0
1,-1,162,1,256,0
-1,-2,179,1,256,0
-8,0,205,1,256,0
0,5,206,1,256,0
1,6,214,1,256,0
2,7,231,1,256,0
7,2,246,1,256,0
8,3,253,1,256,0
-2,-6,5,1,256,0
-4,7,24,1,256,0
-2,5,112,1,256,0
8,4,79,1,256,0
3,-8,99,1,256,0
6,-7,109,1,256,0
-1,4,119,1,256,0
5,1,125,1,256,0
5,-4,129,1,256,0
1,-2,151,1,256,0
0,6,209,1,256,0
-7,0,211,1,256,0
1,7,219,1,256,0
4,0,224,1,256,0
2,8,225,1,256,0
6,2,238,1,256,0
-4,-2,239,1,256,0
-1,-3,242,1,256,0
2,-5,249,1,256,0
8,-3,254,1,256,0
7,3,255,1,256,0
0,7,87,1,256,0
-4,8,23,1,256,0
-3,7,32,1,256,0
-1,5,113,1,256,0
7,-1,36,1,256,0
8,-4,62,1,256,0
8,5,77,1,256,0
7,4,83,1,256,0
6,3,83,1,256,0
-2,6,106,1,256,0
6,-8,102,1,256,0
2,-6,113,1,256,0
5,-5,124,1,256,0
4,1,128,1,256,0
1,-3,133,1,256,0
3,0,216,1,256,0
-7,-2,219,1,256,0
-6,0,223,1,256,0
5,2,231,1,256,0
-1,-4,255,1,256,0
-2,7,97,1,257,0
7,-2,37,1,257,0
-1,-5,36,1,257,0
8,6,65,1,257,0
7,5,72,1,257,0
8,-5,75,1,257,0
6,4,76,1,257,0
4,2,83,1,257,0
2,-7,98,1,257,0
5,-6,118,1,257,0
4,-3,137,1,257,0
2,0,144,1,257,0
0,-1,159,1,257,0
3,1,212,1,257,0
5,3,228,1,257,0
-5,0,242,1,257,0
1,-4,256,1,257,0
-1,7,94,1,257,0
-1,-6,12,1,257,0
6,5,29,1,257,0
8,-6,63,1,257,0
8,7,64,1,257,0
3,-1,102,1,257,0
4,-4,134,1,257,0
1,0,149,1,257,0
0,-2,184,1,257,0
2,1,209,1,257,0
3,2,211,1,257,0
4,3,224,1,257,0
5,4,227,1,257,0
-4,0,249,1,257,0
7,6,244,1,257,0
-3,-2,249,1,257,0
1,-5,253,1,257,0
7,-3,256,1,257,0
-1,8,4,1,257,0
6,-1,41,1,257,0
8,8,57,1,257,0
7,-4,64,1,257,0
8,-7,104,1,257,0
1,-6,109,1,257,0
4,-5,126,1,257,0
3,-2,146,1,257,0
1,1,201,1,257,0
2,2,206,1,257,0
3,3,216,1,257,0
0,-3,222,1,257,0
4,4,223,1,257,0
-6,-2,226,1,257,0
5,5,234,1,257,0
6,6,243,1,257,0
-3,0,255,1,257,0
7,7,253,1,257,0
0,0,256,1,257,0
-3,-4,8,1,257,0
4,5,19,1,257,0
6,7,57,1,257,0
5,6,61,1,257,0
4,-6,69,1,257,0
7,-5,82,1,257,0
8,-8,97,1,257,0
1,-7,102,1,257,0
3,-3,143,1,257,0
0,1,194,1,257,0
1,2,198,1,257,0
3,4,215,1,257,0
0,-4,235,1,257,0
6,-2,242,1,257,0
-2,0,257,1,257,0
-2,-1,256,1,257,0
7,8,256,1,257,0
0,-5,44,1,257,0
6,8,53,1,257,0
3,5,59,1,257,0
8,0,102,1,257,0
7,-6,112,1,257,0
2,4,124,1,257,0
1,3,131,1,257,0
3,-4,134,1,257,0
2,-1,154,1,257,0
-2,1,169,1,257,0
-2,-2,181,1,257,0
0,2,191,1,257,0
6,-3,243,1,257,0
5,7,251,1,257,0
4,6,256,1,257,0
-1,0,256,1,257,0
-5,5,3,1,257,0
9,2,3,1,257,0
0,-6,18,1,257,0
6,-4,64,1,257,0
5,8,83,1,257,0
3,-5,86,1,257,0
8,1,106,1,257,0
7,-7,106,1,257,0
3,6,108,1,257,0
7,0,108,1,257,0
2,5,118,1,257,0
2,-2,153,1,257,0
-2,2,171,1,257,0
-1,1,185,1,257,0
0,3,191,1,257,0
1,4,198,1,257,0
5,-1,231,1,257,0
-5,-2,233,1,257,0
4,7,244,1,257,0
-2,-3,244,1,257,0
-4,5,8,1,257,0
8,-1,33,1,257,0
7,-8,94,1,257,0
4,8,95,1,257,0
8,2,97,1,257,0
3,-6,109,1,257,0
2,6,111,1,257,0
7,1,112,1,257,0
6,0,114,1,257,0
6,-5,119,1,257,0
2,-3,143,1,257,0
-1,-1,176,1,257,0
-1,2,182,1,257,0
1,5,203,1,257,0
-8,-2,214,1,257,0
5,-2,236,1,257,0
3,7,238,1,257,0
-2,-4,254,1,257,0
-4,6,14,1,257,0
-3,5,16,1,257,0
8,-2,43,1,257,0
5,-3,57,1,257,0
3,8,97,1,257,0
3,-7,106,1,257,0
6,-6,115,1,257,0
6,1,118,1,257,0
5,0,119,1,257,0
-1,3,126,1,257,0
2,-4,126,1,257,0
1,-1,162,1,257,0
-1,-2,179,1,257,0
-8,0,205,1,257,0
0,5,206,1,257,0
1,6,214,1,257,0
2,7,231,1,257,0
7,2,246,1,257,0
8,3,253,1,257,0
-2,-6,5,1,257,0
-4,7,24,1,257,0
-2,5,112,1,257,0
8,4,79,1,257,0
3,-8,99,1,257,0
6,-7,109,1,257,0
-1,4,119,1,257,0
5,1,125,1,257,0
5,-4,129,1,257,0
1,-2,151,1,257,0
0,6,209,1,257,0
-7,0,211,1,257,0
1,7,219,1,257,0
4,0,224,1,257,0
2,8,225,1,257,0
6,2,238,1,257,0
-4,-2,239,1,257,0
2,-5,249,1,257,0
8,-3,254,1,257,0
7,3,255,1,257,0
-1,-3,256,1,257,0
0,7,87,1,257,0
-4,8,23,1,257,0
-3,7,32,1,257,0
-1,5,113,1,257,0
7,-1,36,1,257,0
8,-4,62,1,257,0
8,5,77,1,257,0
6,3,83,1,257,0
-2,6,106,1,257,0
6,-8,102,1,257,0
2,-6,113,1,257,0
5,-5,124,1,257,0
4,1,128,1,257,0
1,-3,133,1,257,0
3,0,216,1,257,0
-7,-2,219,1,257,0
-6,0,223,1,257,0
5,2,231,1,257,0
-1,-4,255,1,257,0
7,4,256,1,257,0
-2,7,97,1,258,0
7,-2,37,1,258,0
-1,-5,36,1,258,0
8,6,65,1,258,0
7,5,72,1,258,0
8,-5,75,1,258,0
6,4,76,1,258,0
4,2,83,1,258,0
2,-7,98,1,258,0
5,-6,118,1,258,0
4,-3,137,1,258,0
2,0,144,1,258,0
0,-1,159,1,258,0
3,1,212,1,258,0
5,3,228,1,258,0
-5,0,242,1,258,0
1,-4,257,1,258,0
-1,7,94,1,258,0
-1,-6,12,1,258,0
6,5,29,1,258,0
8,-6,63,1,258,0
8,7,64,1,258,0
3,-1,102,1,258,0
4,-4,134,1,258,0
1,0,149,1,258,0
0,-2,184,1,258,0
2,1,209,1,258,0
3,2,211,1,258,0
4,3,224,1,258,0
5,4,227,1,258,0
-4,0,249,1,258,0
7,6,244,1,258,0
-3,-2,249,1,258,0
1,-5,253,1,258,0
7,-3,257,1,258,0
-1,8,4,1,258,0
6,-1,41,1,258,0
8,8,57,1,258,0
7,-4,64,1,258,0
8,-7,104,1,258,0
1,-6,109,1,258,0
4,-5,126,1,258,0
3,-2,146,1,258,0
1,1,201,1,258,0
2,2,206,1,258,0
3,3,216,1,258,0
0,-3,222,1,258,0
4,4,223,1,258,0
-6,-2,226,1,258,0
5,5,234,1,258,0
6,6,243,1,258,0
-3,0,255,1,258,0
0,0,257,1,258,0
7,7,257,1,258,0
-3,-4,8,1,258,0
4,5,19,1,258,0
6,7,57,1,258,0
5,6,61,1,258,0
4,-6,69,1,258,0
7,-5,82,1,258,0
8,-8,97,1,258,0
1,-7,102,1,258,0
3,-3,143,1,258,0
0,1,194,1,258,0
1,2,198,1,258,0
3,4,215,1,258,0
0,-4,235,1,258,0
6,-2,242,1,258,0
-2,0,258,1,258,0
-2,-1,256,1,258,0
7,8,256,1,258,0
0,-5,44,1,258,0
6,8,53,1,258,0
3,5,59,1,258,0
8,0,102,1,258,0
7,-6,112,1,258,0
2,4,124,1,258,0
1,3,131,1,258,0
3,-4,134,1,258,0
2,-1,154,1,258,0
-2,1,169,1,258,0
-2,-2,181,1,258,0
0,2,191,1,258,0
6,-3,243,1,258,0
5,7,251,1,258,0
4,6,257,1,258,0
-1,0,257,1,258,0
-5,5,3,1,258,0
9,2,3,1,258,0
0,-6,18,1,258,0
6,-4,64,1,258,0
5,8,83,1,258,0
3,-5,86,1,258,0
8,1,106,1,258,0
7,-7,106,1,258,0
3,6,108,1,258,0
7,0,108,1,258,0
2,5,118,1,258,0
2,-2,153,1,258,0
-2,2,171,1,258,0
-1,1,185,1,258,0
0,3,191,1,258,0
1,4,198,1,258,0
5,-1,231,1,258,0
-5,-2,233,1,258,0
4,7,244,1,258,0
-2,-3,244,1,258,0
-4,5,8,1,258,0
8,-1,33,1,258,0
7,-8,94,1,258,0
4,8,95,1,258,0
8,2,97,1,258,0
3,-6,109,1,258,0
2,6,111,1,258,0
7,1,112,1,258,0
6,0,114,1,258,0
6,-5,119,1,258,0
2,-3,143,1,258,0
-1,2,182,1,258,0
1,5,203,1,258,0
-8,-2,214,1,258,0
5,-2,236,1,258,0
3,7,238,1,258,0
-2,-4,254,1,258,0
-1,-1,257,1,258,0
-4,6,14,1,258,0
-3,5,16,1,258,0
8,-2,43,1,258,0
5,-3,57,1,258,0
3,8,97,1,258,0
3,-7,106,1,258,0
6,-6,115,1,258,0
6,1,118,1,258,0
5,0,119,1,258,0
-1,3,126,1,258,0
2,-4,126,1,258,0
1,-1,162,1,258,0
-1,-2,179,1,258,0
-8,0,205,1,258,0
0,5,206,1,258,0
1,6,214,1,258,0
2,7,231,1,258,0
7,2,246,1,258,0
8,3,253,1,258,0
-2,-6,5,1,258,0
-4,7,24,1,258,0
-2,5,112,1,258,0
8,4,79,1,258,0
3,-8,99,1,258,0
6,-7,109,1,258,0
-1,4,119,1,258,0
5,1,125,1,258,0
5,-4,129,1,258,0
1,-2,151,1,258,0
0,6,209,1,258,0
-7,0,211,1,258,0
1,7,219,1,258,0
4,0,224,1,258,0
2,8,225,1,258,0
6,2,238,1,258,0
-4,-2,239,1,258,0
2,-5,249,1,258,0
8,-3,254,1,258,0
7,3,255,1,258,0
-1,-3,257,1,258,0
0,7,87,1,258,0
-4,8,23,1,258,0
-3,7,32,1,258,0
-1,5,113,1,258,0
7,-1,36,1,258,0
8,-4,62,1,258,0
8,5,77,1,258,0
6,3,83,1,258,0
-2,6,106,1,258,0
6,-8,102,1,258,0
2,-6,113,1,258,0
5,-5,124,1,258,0
4,1,128,1,258,0
1,-3,133,1,258,0
3,0,216,1,258,0
-7,-2,219,1,258,0
-6,0,223,1,258,0
5,2,231,1,258,0
-1,-4,255,1,258,0
7,4,257,1,258,0
-2,7,97,1,259,0
7,-2,37,1,259,0
-1,-5,36,1,259,0
8,6,65,1,259,0
7,5,72,1,259,0
8,-5,75,1,259,0
6,4,76,1,259,0
4,2,83,1,259,0
2,-7,98,1,259,0
5,-6,118,1,259,0
4,-3,137,1,259,0
2,0,144,1,259,0
0,-1,159,1,259,0
3,1,212,1,259,0
5,3,228,1,259,0
-5,0,242,1,259,0
1,-4,258,1,259,0
-1,7,94,1,259,0
-1,-6,12,1,259,0
6,5,29,1,259,0
8,-6,63,1,259,0
8,7,64,1,259,0
3,-1,102,1,259,0
4,-4,134,1,259,0
1,0,149,1,259,0
0,-2,184,1,259,0
2,1,209,1,259,0
3,2,211,1,259,0
4,3,224,1,259,0
5,4,227,1,259,0
-4,0,249,1,259,0
7,6,244,1,259,0
-3,-2,249,1,259,0
1,-5,253,1,259,0
7,-3,258,1,259,0
-1,8,4,1,259,0
6,-1,41,1,259,0
8,8,57,1,259,0
7,-4,64,1,259,0
8,-7,104,1,259,0
1,-6,109,1,259,0
4,-5,126,1,259,0
3,-2,146,1,259,0
1,1,201,1,259,0
2,2,206,1,259,0
3,3,216,1,259,0
0,-3,222,1,259,0
4,4,223,1,259,0
-6,-2,226,1,259,0
5,5,234,1,259,0
6,6,243,1,259,0
-3,0,255,1,259,0
0,0,258,1,259,0
7,7,258,1,259,0
-3,-4,8,1,259,0
4,5,19,1,259,0
6,7,57,1,259,0
5,6,61,1,259,0
4,-6,69,1,259,0
7,-5,82,1,259,0
8,-8,97,1,259,0
1,-7,102,1,259,0
3,-3,143,1,259,0
0,1,194,1,259,0
1,2,198,1,259,0
3,4,215,1,259,0
0,-4,235,1,259,0
6,-2,242,1,259,0
-2,0,259,1,259,0
-2,-1,256,1,259,0
7,8,256,1,259,0
0,-5,44,1,259,0
6,8,53,1,259,0
3,5,59,1,259,0
8,0,102,1,259,0
7,-6,112,1,259,0
2,4,124,1,259,0
1,3,131,1,259,0
3,-4,134,1,259,0
2,-1,154,1,259,0
-2,1,169,1,259,0
-2,-2,181,1,259,0
0,2,191,1,259,0
6,-3,243,1,259,0
5,7,251,1,259,0
4,6,258,1,259,0
-1,0,258,1,259,0
-5,5,3,1,259,0
9,2,3,1,259,0
0,-6,18,1,259,0
6,-4,64,1,259,0
5,8,83,1,259,0
3,-5,86,1,259,0
8,1,106,1,259,0
7,-7,106,1,259,0
3,6,108,1,259,0
7,0,108,1,259,0
2,5,118,1,259,0
2,-2,153,1,259,0
-2,2,171,1,259,0
-1,1,185,1,259,0
0,3,191,1,259,0
1,4,198,1,259,0
5,-1,231,1,259,0
-5,-2,233,1,259,0
4,7,244,1,259,0
-2,-3,244,1,259,0
-4,5,8,1,259,0
8,-1,33,1,259,0
7,-8,94,1,259,0
4,8,95,1,259,0
8,2,97,1,259,0
3,-6,109,1,259,0
2,6,111,1,259,0
7,1,112,1,259,0
6,0,114,1,259,0
6,-5,119,1,259,0
2,-3,143,1,259,0
-1,2,182,1,259,0
1,5,203,1,259,0
-8,-2,214,1,259,0
5,-2,236,1,259,0
3,7,238,1,259,0
-2,-4,254,1,259,0
-1,-1,258,1,259,0
-4,6,14,1,259,0
-3,5,16,1,259,0
8,-2,43,1,259,0
5,-3,57,1,259,0
3,8,97,1,259,0
3,-7,106,1,259,0
6,-6,115,1,259,0
6,1,118,1,259,0
5,0,119,1,259,0
-1,3,126,1,259,0
2,-4,126,1,259,0
1,-1,162,1,259,0
-1,-2,179,1,259,0
-8,0,205,1,259,0
0,5,206,1,259,0
1,6,214,1,259,0
2,7,231,1,259,0
7,2,246,1,259,0
8,3,253,1,259,0
-2,-6,5,1,259,0
-4,7,24,1,259,0
-2,5,112,1,259,0
8,4,79,1,259,0
3,-8,99,1,259,0
6,-7,109,1,259,0
-1,4,119,1,259,0
5,1,125,1,259,0
5,-4,129,1,259,0
1,-2,151,1,259,0
0,6,209,1,259,0
-7,0,211,1,259,0
1,7,219,1,259,0
4,0,224,1,259,0
2,8,225,1,259,0
6,2,238,1,259,0
-4,-2,239,1,259,0
2,-5,249,1,259,0
8,-3,254,1,259,0
7,3,255,1,259,0
-1,-3,258,1,259,0
0,7,87,1,259,0
-4,8,23,1,259,0
-3,7,32,1,259,0
-1,5,113,1,259,0
7,-1,36,1,259,0
8,-4,62,1,259,0
8,5,77,1,259,0
6,3,83,1,259,0
-2,6,106,1,259,0
6,-8,102,1,259,0
2,-6,113,1,259,0
5,-5,124,1,259,0
4,1,128,1,259,0
1,-3,133,1,259,0
3,0,216,1,259,0
-7,-2,219,1,259,0
-6,0,223,1,259,0
5,2,231,1,259,0
-1,-4,255,1,259,0
7,4,258,1,259,0
-2,7,97,1,260,0
7,-2,37,1,260,0
-1,-5,36,1,260,0
8,6,65,1,260,0
7,5,72,1,260,0
8,-5,75,1,260,0
6,4,76,1,260,0
4,2,83,1,260,0
2,-7,98,1,260,0
5,-6,118,1,260,0
4,-3,137,1,260,0
2,0,144,1,260,0
0,-1,159,1,260,0
3,1,212,1,260,0
5,3,228,1,260,0
-5,0,242,1,260,0
1,-4,259,1,260,0
-1,7,94,1,260,0
-1,-6,12,1,260,0
6,5,29,1,260,0
8,-6,63,1,260,0
8,7,64,1,260,0
3,-1,102,1,260,0
4,-4,134,1,260,0
1,0,149,1,260,0
0,-2,184,1,260,0
2,1,209,1,260,0
3,2,211,1,260,0
4,3,224,1,260,0
5,4,227,1,260,0
-4,0,249,1,260,0
7,6,244,1,260,0
-3,-2,249,1,260,0
1,-5,253,1,260,0
7,-3,259,1,260,0
-1,8,4,1,260,0
6,-1,41,1,260,0
8,8,57,1,260,0
7,-4,64,1,260,0
8,-7,104,1,260,0
1,-6,109,1,260,0
4,-5,126,1,260,0
3,-2,146,1,260,0
1,1,201,1,260,0
2,2,206,1,260,0
3,3,216,1,260,0
0,-3,222,1,260,0
4,4,223,1,260,0
-6,-2,226,1,260,0
5,5,234,1,260,0
6,6,243,1,260,0
-3,0,255,1,260,0
0,0,258,1,260,0
7,7,259,1,260,0
-3,-4,8,1,260,0
4,5,19,1,260,0
6,7,57,1,260,0
5,6,61,1,260,0
4,-6,69,1,260,0
7,-5,82,1,260,0
8,-8,97,1,260,0
1,-7,102,1,260,0
3,-3,143,1,260,0
0,1,194,1,260,0
1,2,198,1,260,0
3,4,215,1,260,0
0,-4,235,1,260,0
6,-2,242,1,260,0
-2,0,259,1,260,0
-2,-1,256,1,260,0
7,8,256,1,260,0
0,-5,44,1,260,0
6,8,53,1,260,0
3,5,59,1,260,0
8,0,102,1,260,0
7,-6,112,1,260,0
2,4,124,1,260,0
1,3,131,1,260,0
3,-4,134,1,260,0
2,-1,154,1,260,0
-2,1,169,1,260,0
-2,-2,181,1,260,0
0,2,191,1,260,0
6,-3,243,1,260,0
5,7,251,1,260,0
4,6,259,1,260,0
-1,0,259,1,260,0
-5,5,3,1,260,0
9,2,3,1,260,0
0,-6,18,1,260,0
6,-4,64,1,260,0
5,8,83,1,260,0
3,-5,86,1,260,0
8,1,106,1,260,0
7,-7,106,1,260,0
3,6,108,1,260,0
7,0,108,1,260,0
2,5,118,1,260,0
2,-2,153,1,260,0
-2,2,171,1,260,0
-1,1,185,1,260,0
0,3,191,1,260,0
1,4,198,1,260,0
5,-1,231,1,260,0
-5,-2,233,1,260,0
4,7,244,1,260,0
-2,-3,244,1,260,0
-4,5,8,1,260,0
8,-1,33,1,260,0
7,-8,94,1,260,0
4,8,95,1,260,0
8,2,97,1,260,0
3,-6,109,1,260,0
2,6,111,1,260,0
7,1,112,1,260,0
6,0,114,1,260,0
6,-5,119,1,260,0
2,-3,143,1,260,0
-1,2,182,1,260,0
1,5,203,1,260,0
-8,-2,214,1,260,0
5,-2,236,1,260,0
3,7,238,1,260,0
-2,-4,254,1,260,0
-1,-1,259,1,260,0
-4,6,14,1,260,0
-3,5,16,1,260,0
8,-2,43,1,260,0
5,-3,57,1,260,0
3,8,97,1,260,0
3,-7,106,1,260,0
6,-6,115,1,260,0
6,1,118,1,260,0
5,0,119,1,260,0
-1,3,126,1,260,0
2,-4,126,1,260,0
1,-1,162,1,260,0
-1,-2,179,1,260,0
-8,0,205,1,260,0
0,5,206,1,260,0
1,6,214,1,260,0
2,7,231,1,260,0
7,2,246,1,260,0
8,3,253,1,260,0
-2,-6,5,1,260,0
-4,7,24,1,260,0
-2,5,112,1,260,0
8,4,79,1,260,0
3,-8,99,1,260,0
6,-7,109,1,260,0
-1,4,119,1,260,0
5,1,125,1,260,0
5,-4,129,1,260,0
1,-2,151,1,260,0
0,6,209,1,260,0
-7,0,211,1,260,0
1,7,219,1,260,0
4,0,224,1,260,0
2,8,225,1,260,0
6,2,238,1,260,0
-4,-2,239,1,260,0
2,-5,249,1,260,0
8,-3,254,1,260,0
7,3,255,1,260,0
-1,-3,259,1,260,0
0,7,87,1,260,0
-4,8,23,1,260,0
-3,7,32,1,260,0
-1,5,113,1,260,0
7,-1,36,1,260,0
8,-4,62,1,260,0
8,5,77,1,260,0
6,3,83,1,260,0
-2,6,106,1,260,0
6,-8,102,1,260,0
2,-6,113,1,260,0
5,-5,124,1,260,0
4,1,128,1,260,0
1,-3,133,1,260,0
3,0,216,1,260,0
-7,-2,219,1,260,0
-6,0,223,1,260,0
5,2,231,1,260,0
-1,-4,255,1,260,0
7,4,259,1,260,0
-2,7,97,1,261,0
7,-2,37,1,261,0
-1,-5,36,1,261,0
8,6,65,1,261,0
7,5,72,1,261,0
8,-5,75,1,261,0
6,4,76,1,261,0
4,2,83,1,261,0
2,-7,98,1,261,0
5,-6,118,1,261,0
4,-3,137,1,261,0
2,0,144,1,261,0
0,-1,159,1,261,0
3,1,212,1,261,0
5,3,228,1,261,0
-5,0,242,1,261,0
1,-4,259,1,261,0
-1,7,94,1,261,0
-1,-6,12,1,261,0
6,5,29,1,261,0
8,-6,63,1,261,0
8,7,64,1,261,0
3,-1,102,1,261,0
4,-4,134,1,261,0
1,0,149,1,261,0
0,-2,184,1,261,0
2,1,209,1,261,0
3,2,211,1,261,0
4,3,224,1,261,0
5,4,227,1,261,0
-4,0,249,1,261,0
7,6,244,1,261,0
-3,-2,249,1,261,0
1,-5,253,1,261,0
7,-3,259,1,261,0
-1,8,4,1,261,0
6,-1,41,1,261,0
8,8,57,1,261,0
7,-4,64,1,261,0
8,-7,104,1,261,0
1,-6,109,1,261,0
4,-5,126,1,261,0
3,-2,146,1,261,0
1,1,201,1,261,0
2,2,206,1,261,0
3,3,216,1,261,0
0,-3,222,1,261,0
4,4,223,1,261,0
-6,-2,226,1,261,0
5,5,234,1,261,0
6,6,243,1,261,0
-3,0,255,1,261,0
7,7,259,1,261,0
0,0,259,1,261,0
-3,-4,8,1,261,0
4,5,19,1,261,0
6,7,57,1,261,0
5,6,61,1,261,0
4,-6,69,1,261,0
7,-5,82,1,261,0
8,-8,97,1,261,0
1,-7,102,1,261,0
3,-3,143,1,261,0
0,1,194,1,261,0
1,2,198,1,261,0
3,4,215,1,261,0
0,-4,235,1,261,0
6,-2,242,1,261,0
-2,0,261,1,261,0
-2,-1,256,1,261,0
7,8,256,1,261,0
0,-5,44,1,261,0
6,8,53,1,261,0
3,5,59,1,261,0
8,0,102,1,261,0
7,-6,112,1,261,0
2,4,124,1,261,0
1,3,131,1,261,0
3,-4,134,1,261,0
2,-1,154,1,261,0
-2,1,169,1,261,0
-2,-2,181,1,261,0
0,2,191,1,261,0
6,-3,243,1,261,0
5,7,251,1,261,0
4,6,259,1,261,0
-1,0,259,1,261,0
-5,5,3,1,261,0
9,2,3,1,261,0
0,-6,18,1,261,0
6,-4,64,1,261,0
5,8,83,1,261,0
3,-5,86,1,261,0
8,1,106,1,261,0
7,-7,106,1,261,0
3,6,108,1,261,0
7,0,108,1,261,0
2,5,118,1,261,0
2,-2,153,1,261,0
-2,2,171,1,261,0
-1,1,185,1,261,0
0,3,191,1,261,0
1,4,198,1,261,0
5,-1,231,1,261,0
-5,-2,233,1,261,0
4,7,244,1,261,0
-2,-3,244,1,261,0
-4,5,8,1,261,0
8,-1,33,1,261,0
7,-8,94,1,261,0
4,8,95,1,261,0
8,2,97,1,261,0
3,-6,109,1,261,0
2,6,111,1,261,0
7,1,112,1,261,0
6,0,114,1,261,0
6,-5,119,1,261,0
2,-3,143,1,261,0
-1,2,182,1,261,0
1,5,203,1,261,0
-8,-2,214,1,261,0
5,-2,236,1,261,0
3,7,238,1,261,0
-2,-4,254,1,261,0
-1,-1,259,1,261,0
-4,6,14,1,261,0
-3,5,16,1,261,0
8,-2,43,1,261,0
5,-3,57,1,261,0
3,8,97,1,261,0
3,-7,106,1,261,0
6,-6,115,1,261,0
6,1,118,1,261,0
5,0,119,1,261,0
-1,3,126,1,261,0
2,-4,126,1,261,0
1,-1,162,1,261,0
-1,-2,179,1,261,0
-8,0,205,1,261,0
0,5,206,1,261,0
1,6,214,1,261,0
2,7,231,1,261,0
7,2,246,1,261,0
8,3,253,1,261,0
-2,-6,5,1,261,0
-4,7,24,1,261,0
-2,5,112,1,261,0
8,4,79,1,261,0
3,-8,99,1,261,0
6,-7,109,1,261,0
-1,4,119,1,261,0
5,1,125,1,261,0
5,-4,129,1,261,0
1,-2,151,1,261,0
0,6,209,1,261,0
-7,0,211,1,261,0
1,7,219,1,261,0
4,0,224,1,261,0
2,8,225,1,261,0
6,2,238,1,261,0
-4,-2,239,1,261,0
2,-5,249,1,261,0
8,-3,254,1,261,0
7,3,255,1,261,0
-1,-3,259,1,261,0
0,7,87,1,261,0
-4,8,23,1,261,0
-3,7,32,1,261,0
-1,5,113,1,261,0
7,-1,36,1,261,0
8,-4,62,1,261,0
8,5,77,1,261,0
6,3,83,1,261,0
-2,6,106,1,261,0
6,-8,102,1,261,0
2,-6,113,1,261,0
5,-5,124,1,261,0
4,1,128,1,261,0
1,-3,133,1,261,0
3,0,216,1,261,0
-7,-2,219,1,261,0
-6,0,223,1,261,0
5,2,231,1,261,0
-1,-4,255,1,261,0
7,4,259,1,261,0
-2,7,97,1,262,0
7,-2,37,1,262,0
-1,-5,36,1,262,0
8,6,65,1,262,0
7,5,72,1,262,0
8,-5,75,1,262,0
6,4,76,1,262,0
4,2,83,1,262,0
2,-7,98,1,262,0
5,-6,118,1,262,0
4,-3,137,1,262,0
2,0,144,1,262,0
0,-1,159,1,262,0
3,1,212,1,262,0
5,3,228,1,262,0
-5,0,242,1,262,0
1,-4,259,1,262,0
-1,7,94,1,262,0
-1,-6,12,1,262,0
6,5,29,1,262,0
8,-6,63,1,262,0
8,7,64,1,262,0
3,-1,102,1,262,0
4,-4,134,1,262,0
1,0,149,1,262,0
0,-2,184,1,262,0
2,1,209,1,262,0
3,2,211,1,262,0
4,3,224,1,262,0
5,4,227,1,262,0
-4,0,249,1,262,0
7,6,244,1,262,0
-3,-2,249,1,262,0
1,-5,253,1,262,0
7,-3,259,1,262,0
-1,8,4,1,262,0
6,-1,41,1,262,0
7,-4,64,1,262,0
8,-7,104,1,262,0
1,-6,109,1,262,0
4,-5,126,1,262,0
3,-2,146,1,262,0
1,1,201,1,262,0
2,2,206,1,262,0
3,3,216,1,262,0
0,-3,222,1,262,0
4,4,223,1,262,0
-6,-2,226,1,262,0
5,5,234,1,262,0
6,6,243,1,262,0
-3,0,255,1,262,0
7,7,259,1,262,0
0,0,261,1,262,0
8,8,261,1,262,0
-3,-4,8,1,262,0
6,7,57,1,262,0
5,6,61,1,262,0
4,-6,69,1,262,0
7,-5,82,1,262,0
8,-8,97,1,262,0
1,-7,102,1,262,0
3,-3,143,1,262,0
0,1,194,1,262,0
1,2,198,1,262,0
3,4,215,1,262,0
0,-4,235,1,262,0
-2,0,261,1,262,0
-2,-1,256,1,262,0
7,8,256,1,262,0
4,5,261,1,262,0
6,-2,261,1,262,0
0,-5,44,1,262,0
6,8,53,1,262,0
3,5,59,1,262,0
8,0,102,1,262,0
7,-6,112,1,262,0
2,4,124,1,262,0
1,3,131,1,262,0
3,-4,134,1,262,0
2,-1,154,1,262,0
-2,1,169,1,262,0
-2,-2,181,1,262,0
0,2,191,1,262,0
6,-3,243,1,262,0
5,7,251,1,262,0
4,6,259,1,262,0
-1,0,262,1,262,0
-5,5,3,1,262,0
9,2,3,1,262,0
0,-6,18,1,262,0
6,-4,64,1,262,0
5,8,83,1,262,0
3,-5,86,1,262,0
8,1,106,1,262,0
7,-7,106,1,262,0
3,6,108,1,262,0
7,0,108,1,262,0
2,5,118,1,262,0
2,-2,153,1,262,0
-2,2,171,1,262,0
-1,1,185,1,262,0
0,3,191,1,262,0
1,4,198,1,262,0
5,-1,231,1,262,0
-5,-2,233,1,262,0
4,7,244,1,262,0
-2,-3,244,1,262,0
-4,5,8,1,262,0
8,-1,33,1,262,0
7,-8,94,1,262,0
4,8,95,1,262,0
8,2,97,1,262,0
3,-6,109,1,262,0
2,6,111,1,262,0
7,1,112,1,262,0
6,0,114,1,262,0
6,-5,119,1,262,0
2,-3,143,1,262,0
-1,2,182,1,262,0
1,5,203,1,262,0
-8,-2,214,1,262,0
5,-2,236,1,262,0
3,7,238,1,262,0
-2,-4,254,1,262,0
-1,-1,261,1,262,0
-4,6,14,1,262,0
-3,5,16,1,262,0
8,-2,43,1,262,0
5,-3,57,1,262,0
3,8,97,1,262,0
3,-7,106,1,262,0
6,-6,115,1,262,0
6,1,118,1,262,0
5,0,119,1,262,0
-1,3,126,1,262,0
2,-4,126,1,262,0
1,-1,162,1,262,0
-1,-2,179,1,262,0
-8,0,205,1,262,0
0,5,206,1,262,0
1,6,214,1,262,0
2,7,231,1,262,0
7,2,246,1,262,0
8,3,253,1,262,0
-2,-6,5,1,262,0
-4,7,24,1,262,0
-2,5,112,1,262,0
8,4,79,1,262,0
3,-8,99,1,262,0
6,-7,109,1,262,0
-1,4,119,1,262,0
5,1,125,1,262,0
5,-4,129,1,262,0
1,-2,151,1,262,0
0,6,209,1,262,0
-7,0,211,1,262,0
1,7,219,1,262,0
4,0,224,1,262,0
2,8,225,1,262,0
6,2,238,1,262,0
-4,-2,239,1,262,0
2,-5,249,1,262,0
8,-3,254,1,262,0
7,3,255,1,262,0
-1,-3,261,1,262,0
0,7,87,1,262,0
-4,8,23,1,262,0
-3,7,32,1,262,0
-1,5,113,1,262,0
7,-1,36,1,262,0
8,-4,62,1,262,0
8,5,77,1,262,0
6,3,83,1,262,0
-2,6,106,1,262,0
6,-8,102,1,262,0
2,-6,113,1,262,0
5,-5,124,1,262,0
4,1,128,1,262,0
3,0,216,1,262,0
-7,-2,219,1,262,0
-6,0,223,1,262,0
5,2,231,1,262,0
-1,-4,255,1,262,0
7,4,261,1,262,0
1,-3,261,1,262,0
-2,7,97,1,263,0
7,-2,37,1,263,0
-1,-5,36,1,263,0
8,6,65,1,263,0
7,5,72,1,263,0
8,-5,75,1,263,0
6,4,76,1,263,0
4,2,83,1,263,0
2,-7,98,1,263,0
5,-6,118,1,263,0
4,-3,137,1,263,0
2,0,144,1,263,0
0,-1,159,1,263,0
3,1,212,1,263,0
5,3,228,1,263,0
-5,0,242,1,263,0
1,-4,259,1,263,0
-1,7,94,1,263,0
-1,-6,12,1,263,0
6,5,29,1,263,0
8,-6,63,1,263,0
8,7,64,1,263,0
3,-1,102,1,263,0
4,-4,134,1,263,0
0,-2,184,1,263,0
2,1,209,1,263,0
3,2,211,1,263,0
4,3,224,1,263,0
5,4,227,1,263,0
-4,0,249,1,263,0
7,6,244,1,263,0
-3,-2,249,1,263,0
1,-5,253,1,263,0
7,-3,259,1,263,0
1,0,262,1,263,0
-1,8,4,1,263,0
6,-1,41,1,263,0
7,-4,64,1,263,0
8,-7,104,1,263,0
1,-6,109,1,263,0
4,-5,126,1,263,0
3,-2,146,1,263,0
1,1,201,1,263,0
2,2,206,1,263,0
3,3,216,1,263,0
0,-3,222,1,263,0
4,4,223,1,263,0
-6,-2,226,1,263,0
5,5,234,1,263,0
6,6,243,1,263,0
-3,0,255,1,263,0
7,7,259,1,263,0
0,0,262,1,263,0
8,8,262,1,263,0
-3,-4,8,1,263,0
6,7,57,1,263,0
5,6,61,1,263,0
4,-6,69,1,263,0
7,-5,82,1,263,0
8,-8,97,1,263,0
1,-7,102,1,263,0
3,-3,143,1,263,0
0,1,194,1,263,0
1,2,198,1,263,0
3,4,215,1,263,0
0,-4,235,1,263,0
-2,0,261,1,263,0
-2,-1,256,1,263,0
7,8,256,1,263,0
4,5,262,1,263,0
6,-2,262,1,263,0
0,-5,44,1,263,0
6,8,53,1,263,0
3,5,59,1,263,0
8,0,102,1,263,0
7,-6,112,1,263,0
2,4,124,1,263,0
1,3,131,1,263,0
3,-4,134,1,263,0
2,-1,154,1,263,0
-2,1,169,1,263,0
-2,-2,181,1,263,0
0,2,191,1,263,0
6,-3,243,1,263,0
5,7,251,1,263,0
4,6,259,1,263,0
-1,0,263,1,263,0
-5,5,3,1,263,0
9,2,3,1,263,0
0,-6,18,1,263,0
6,-4,64,1,263,0
5,8,83,1,263,0
3,-5,86,1,263,0
8,1,106,1,263,0
7,-7,106,1,263,0
3,6,108,1,263,0
7,0,108,1,263,0
2,5,118,1,263,0
2,-2,153,1,263,0
-2,2,171,1,263,0
-1,1,185,1,263,0
0,3,191,1,263,0
1,4,198,1,263,0
5,-1,231,1,263,0
-5,-2,233,1,263,0
4,7,244,1,263,0
-2,-3,244,1,263,0
-4,5,8,1,263,0
8,-1,33,1,263,0
7,-8,94,1,263,0
4,8,95,1,263,0
8,2,97,1,263,0
3,-6,109,1,263,0
2,6,111,1,263,0
7,1,112,1,263,0
6,0,114,1,263,0
6,-5,119,1,263,0
2,-3,143,1,263,0
-1,2,182,1,263,0
1,5,203,1,263,0
-8,-2,214,1,263,0
5,-2,236,1,263,0
3,7,238,1,263,0
-2,-4,254,1,263,0
-1,-1,262,1,263,0
-4,6,14,1,263,0
-3,5,16,1,263,0
8,-2,43,1,263,0
5,-3,57,1,263,0
3,8,97,1,263,0
3,-7,106,1,263,0
6,-6,115,1,263,0
6,1,118,1,263,0
5,0,119,1,263,0
-1,3,126,1,263,0
2,-4,126,1,263,0
1,-1,162,1,263,0
-8,0,205,1,263,0
0,5,206,1,263,0
1,6,214,1,263,0
2,7,231,1,263,0
7,2,246,1,263,0
8,3,253,1,263,0
-1,-2,262,1,263,0
-2,-6,5,1,263,0
-4,7,24,1,263,0
-2,5,112,1,263,0
8,4,79,1,263,0
3,-8,99,1,263,0
6,-7,109,1,263,0
-1,4,119,1,263,0
5,1,125,1,263,0
5,-4,129,1,263,0
1,-2,151,1,263,0
0,6,209,1,263,0
-7,0,211,1,263,0
1,7,219,1,263,0
4,0,224,1,263,0
2,8,225,1,263,0
6,2,238,1,263,0
-4,-2,239,1,263,0
2,-5,249,1,263,0
8,-3,254,1,263,0
7,3,255,1,263,0
-1,-3,261,1,263,0
0,7,87,1,263,0
-4,8,23,1,263,0
-3,7,32,1,263,0
-1,5,113,1,263,0
7,-1,36,1,263,0
8,-4,62,1,263,0
8,5,77,1,263,0
6,3,83,1,263,0
-2,6,106,1,263,0
6,-8,102,1,263,0
2,-6,113,1,263,0
5,-5,124,1,263,0
4,1,128,1,263,0
3,0,216,1,263,0
-7,-2,219,1,263,0
-6,0,223,1,263,0
5,2,231,1,263,0
-1,-4,255,1,263,0
7,4,262,1,263,0
1,-3,262,1,263,0
-2,7,97,1,264,0
7,-2,37,1,264,0
-1,-5,36,1,264,0
8,6,65,1,264,0
7,5,72,1,264,0
8,-5,75,1,264,0
6,4,76,1,264,0
4,2,83,1,264,0
2,-7,98,1,264,0
5,-6,118,1,264,0
4,-3,137,1,264,0
2,0,144,1,264,0
0,-1,159,1,264,0
3,1,212,1,264,0
5,3,228,1,264,0
-5,0,242,1,264,0
1,-4,259,1,264,0
-1,7,94,1,264,0
-1,-6,12,1,264,0
6,5,29,1,264,0
8,-6,63,1,264,0
8,7,64,1,264,0
3,-1,102,1,264,0
4,-4,134,1,264,0
0,-2,184,1,264,0
2,1,209,1,264,0
3,2,211,1,264,0
4,3,224,1,264,0
5,4,227,1,264,0
-4,0,249,1,264,0
7,6,244,1,264,0
-3,-2,249,1,264,0
1,-5,253,1,264,0
7,-3,259,1,264,0
1,0,263,1,264,0
-1,8,4,1,264,0
6,-1,41,1,264,0
7,-4,64,1,264,0
8,-7,104,1,264,0
1,-6,109,1,264,0
4,-5,126,1,264,0
3,-2,146,1,264,0
1,1,201,1,264,0
2,2,206,1,264,0
3,3,216,1,264,0
0,-3,222,1,264,0
4,4,223,1,264,0
-6,-2,226,1,264,0
5,5,234,1,264,0
6,6,243,1,264,0
-3,0,255,1,264,0
7,7,259,1,264,0
0,0,263,1,264,0
8,8,263,1,264,0
-3,-4,8,1,264,0
6,7,57,1,264,0
5,6,61,1,264,0
4,-6,69,1,264,0
7,-5,82,1,264,0
8,-8,97,1,264,0
1,-7,102,1,264,0
3,-3,143,1,264,0
0,1,194,1,264,0
1,2,198,1,264,0
3,4,215,1,264,0
0,-4,235,1,264,0
-2,0,261,1,264,0
-2,-1,256,1,264,0
7,8,256,1,264,0
4,5,262,1,264,0
6,-2,262,1,264,0
0,-5,44,1,264,0
6,8,53,1,264,0
8,0,102,1,264,0
7,-6,112,1,264,0
2,4,124,1,264,0
1,3,131,1,264,0
3,-4,134,1,264,0
2,-1,154,1,264,0
-2,1,169,1,264,0
-2,-2,181,1,264,0
0,2,191,1,264,0
6,-3,243,1,264,0
5,7,251,1,264,0
4,6,259,1,264,0
-1,0,264,1,264,0
3,5,263,1,264,0
-5,5,3,1,264,0
9,2,3,1,264,0
0,-6,18,1,264,0
6,-4,64,1,264,0
5,8,83,1,264,0
3,-5,86,1,264,0
8,1,106,1,264,0
7,-7,106,1,264,0
3,6,108,1,264,0
7,0,108,1,264,0
2,5,118,1,264,0
2,-2,153,1,264,0
-2,2,171,1,264,0
-1,1,185,1,264,0
0,3,191,1,264,0
1,4,198,1,264,0
5,-1,231,1,264,0
-5,-2,233,1,264,0
4,7,244,1,264,0
-2,-3,244,1,264,0
-4,5,8,1,264,0
8,-1,33,1,264,0
7,-8,94,1,264,0
4,8,95,1,264,0
8,2,97,1,264,0
3,-6,109,1,264,0
2,6,111,1,264,0
7,1,112,1,264,0
6,0,114,1,264,0
6,-5,119,1,264,0
2,-3,143,1,264,0
-1,2,182,1,264,0
1,5,203,1,264,0
-8,-2,214,1,264,0
5,-2,236,1,264,0
3,7,238,1,264,0
-2,-4,254,1,264,0
-1,-1,262,1,264,0
-4,6,14,1,264,0
-3,5,16,1,264,0
8,-2,43,1,264,0
5,-3,57,1,264,0
3,8,97,1,264,0
3,-7,106,1,264,0
6,-6,115,1,264,0
6,1,118,1,264,0
5,0,119,1,264,0
-1,3,126,1,264,0
2,-4,126,1,264,0
1,-1,162,1,264,0
-8,0,205,1,264,0
0,5,206,1,264,0
1,6,214,1,264,0
2,7,231,1,264,0
7,2,246,1,264,0
8,3,253,1,264,0
-1,-2,263,1,264,0
-2,-6,5,1,264,0
-4,7,24,1,264,0
-2,5,112,1,264,0
8,4,79,1,264,0
3,-8,99,1,264,0
6,-7,109,1,264,0
-1,4,119,1,264,0
5,1,125,1,264,0
5,-4,129,1,264,0
1,-2,151,1,264,0
0,6,209,1,264,0
-7,0,211,1,264,0
1,7,219,1,264,0
4,0,224,1,264,0
2,8,225,1,264,0
6,2,238,1,264,0
-4,-2,239,1,264,0
2,-5,249,1,264,0
8,-3,254,1,264,0
7,3,255,1,264,0
-1,-3,261,1,264,0
0,7,87,1,264,0
-4,8,23,1,264,0
-3,7,32,1,264,0
-1,5,113,1,264,0
7,-1,36,1,264,0
8,-4,62,1,264,0
8,5,77,1,264,0
6,3,83,1,264,0
-2,6,106,1,264,0
6,-8,102,1,264,0
2,-6,113,1,264,0
5,-5,124,1,264,0
4,1,128,1,264,0
3,0,216,1,264,0
-7,-2,219,1,264,0
-6,0,223,1,264,0
5,2,231,1,264,0
-1,-4,255,1,264,0
7,4,263,1,264,0
1,-3,263,1,264,0
-2,7,97,1,265,0
7,-2,37,1,265,0
-1,-5,36,1,265,0
8,6,65,1,265,0
7,5,72,1,265,0
8,-5,75,1,265,0
6,4,76,1,265,0
4,2,83,1,265,0
2,-7,98,1,265,0
5,-6,118,1,265,0
4,-3,137,1,265,0
2,0,144,1,265,0
0,-1,159,1,265,0
3,1,212,1,265,0
5,3,228,1,265,0
-5,0,242,1,265,0
1,-4,259,1,265,0
-1,7,94,1,265,0
-1,-6,12,1,265,0
6,5,29,1,265,0
8,-6,63,1,265,0
8,7,64,1,265,0
3,-1,102,1,265,0
4,-4,134,1,265,0
0,-2,184,1,265,0
2,1,209,1,265,0
3,2,211,1,265,0
4,3,224,1,265,0
5,4,227,1,265,0
-4,0,249,1,265,0
7,6,244,1,265,0
-3,-2,249,1,265,0
1,-5,253,1,265,0
7,-3,259,1,265,0
1,0,264,1,265,0
-1,8,4,1,265,0
6,-1,41,1,265,0
7,-4,64,1,265,0
8,-7,104,1,265,0
1,-6,109,1,265,0
4,-5,126,1,265,0
3,-2,146,1,265,0
1,1,201,1,265,0
2,2,206,1,265,0
3,3,216,1,265,0
0,-3,222,1,265,0
4,4,223,1,265,0
-6,-2,226,1,265,0
5,5,234,1,265,0
6,6,243,1,265,0
-3,0,255,1,265,0
7,7,259,1,265,0
0,0,264,1,265,0
8,8,264,1,265,0
-3,-4,8,1,265,0
6,7,57,1,265,0
5,6,61,1,265,0
4,-6,69,1,265,0
7,-5,82,1,265,0
8,-8,97,1,265,0
1,-7,102,1,265,0
3,-3,143,1,265,0
0,1,194,1,265,0
1,2,198,1,265,0
3,4,215,1,265,0
0,-4,235,1,265,0
-2,0,261,1,265,0
-2,-1,256,1,265,0
7,8,256,1,265,0
4,5,262,1,265,0
6,-2,264,1,265,0
0,-5,44,1,265,0
6,8,53,1,265,0
8,0,102,1,265,0
7,-6,112,1,265,0
2,4,124,1,265,0
1,3,131,1,265,0
3,-4,134,1,265,0
2,-1,154,1,265,0
-2,1,169,1,265,0
-2,-2,181,1,265,0
0,2,191,1,265,0
6,-3,243,1,265,0
5,7,251,1,265,0
4,6,259,1,265,0
-1,0,265,1,265,0
3,5,264,1,265,0
-5,5,3,1,265,0
9,2,3,1,265,0
0,-6,18,1,265,0
6,-4,64,1,265,0
5,8,83,1,265,0
3,-5,86,1,265,0
8,1,106,1,265,0
7,-7,106,1,265,0
3,6,108,1,265,0
7,0,108,1,265,0
2,5,118,1,265,0
2,-2,153,1,265,0
-2,2,171,1,265,0
-1,1,185,1,265,0
0,3,191,1,265,0
1,4,198,1,265,0
5,-1,231,1,265,0
-5,-2,233,1,265,0
4,7,244,1,265,0
-2,-3,244,1,265,0
-4,5,8,1,265,0
8,-1,33,1,265,0
7,-8,94,1,265,0
4,8,95,1,265,0
8,2,97,1,265,0
3,-6,109,1,265,0
2,6,111,1,265,0
7,1,112,1,265,0
6,0,114,1,265,0
6,-5,119,1,265,0
2,-3,143,1,265,0
-1,2,182,1,265,0
1,5,203,1,265,0
-8,-2,214,1,265,0
5,-2,236,1,265,0
3,7,238,1,265,0
-2,-4,254,1,265,0
-1,-1,262,1,265,0
-4,6,14,1,265,0
-3,5,16,1,265,0
8,-2,43,1,265,0
5,-3,57,1,265,0
3,8,97,1,265,0
3,-7,106,1,265,0
6,-6,115,1,265,0
6,1,118,1,265,0
5,0,119,1,265,0
-1,3,126,1,265,0
2,-4,126,1,265,0
1,-1,162,1,265,0
-8,0,205,1,265,0
0,5,206,1,265,0
1,6,214,1,265,0
2,7,231,1,265,0
7,2,246,1,265,0
8,3,253,1,265,0
-1,-2,264,1,265,0
-2,-6,5,1,265,0
-4,7,24,1,265,0
-2,5,112,1,265,0
8,4,79,1,265,0
3,-8,99,1,265,0
6,-7,109,1,265,0
-1,4,119,1,265,0
5,1,125,1,265,0
5,-4,129,1,265,0
1,-2,151,1,265,0
0,6,209,1,265,0
-7,0,211,1,265,0
1,7,219,1,265,0
4,0,224,1,265,0
2,8,225,1,265,0
6,2,238,1,265,0
-4,-2,239,1,265,0
2,-5,249,1,265,0
8,-3,254,1,265,0
7,3,255,1,265,0
-1,-3,261,1,265,0
0,7,87,1,265,0
-4,8,23,1,265,0
-3,7,32,1,265,0
-1,5,113,1,265,0
7,-1,36,1,265,0
8,-4,62,1,265,0
8,5,77,1,265,0
6,3,83,1,265,0
-2,6,106,1,265,0
6,-8,102,1,265,0
2,-6,113,1,265,0
5,-5,124,1,265,0
4,1,128,1,265,0
3,0,216,1,265,0
-7,-2,219,1,265,0
-6,0,223,1,265,0
5,2,231,1,265,0
-1,-4,255,1,265,0
7,4,264,1,265,0
1,-3,264,1,265,0
-2,7,97,1,266,0
7,-2,37,1,266,0
-1,-5,36,1,266,0
8,6,65,1,266,0
7,5,72,1,266,0
8,-5,75,1,266,0
6,4,76,1,266,0
4,2,83,1,266,0
2,-7,98,1,266,0
5,-6,118,1,266,0
4,-3,137,1,266,0
2,0,144,1,266,0
0,-1,159,1,266,0
3,1,212,1,266,0
5,3,228,1,266,0
-5,0,242,1,266,0
1,-4,259,1,266,0
-1,7,94,1,266,0
-1,-6,12,1,266,0
6,5,29,1,266,0
8,-6,63,1,266,0
3,-1,102,1,266,0
4,-4,134,1,266,0
0,-2,184,1,266,0
2,1,209,1,266,0
3,2,211,1,266,0
4,3,224,1,266,0
5,4,227,1,266,0
-4,0,249,1,266,0
7,6,244,1,266,0
-3,-2,249,1,266,0
1,-5,253,1,266,0
7,-3,259,1,266,0
1,0,264,1,266,0
8,7,265,1,266,0
-1,8,4,1,266,0
6,-1,41,1,266,0
7,-4,64,1,266,0
8,-7,104,1,266,0
1,-6,109,1,266,0
4,-5,126,1,266,0
3,-2,146,1,266,0
1,1,201,1,266,0
2,2,206,1,266,0
3,3,216,1,266,0
0,-3,222,1,266,0
4,4,223,1,266,0
-6,-2,226,1,266,0
5,5,234,1,266,0
6,6,243,1,266,0
-3,0,255,1,266,0
7,7,259,1,266,0
8,8,264,1,266,0
0,0,265,1,266,0
-3,-4,8,1,266,0
6,7,57,1,266,0
5,6,61,1,266,0
4,-6,69,1,266,0
7,-5,82,1,266,0
8,-8,97,1,266,0
1,-7,102,1,266,0
3,-3,143,1,266,0
0,1,194,1,266,0
1,2,198,1,266,0
3,4,215,1,266,0
0,-4,235,1,266,0
-2,0,261,1,266,0
-2,-1,256,1,266,0
7,8,256,1,266,0
4,5,262,1,266,0
6,-2,265,1,266,0
0,-5,44,1,266,0
6,8,53,1,266,0
8,0,102,1,266,0
7,-6,112,1,266,0
2,4,124,1,266,0
1,3,131,1,266,0
3,-4,134,1,266,0
2,-1,154,1,266,0
-2,1,169,1,266,0
-2,-2,181,1,266,0
0,2,191,1,266,0
6,-3,243,1,266,0
5,7,251,1,266,0
4,6,259,1,266,0
-1,0,266,1,266,0
3,5,265,1,266,0
-5,5,3,1,266,0
9,2,3,1,266,0
0,-6,18,1,266,0
6,-4,64,1,266,0
5,8,83,1,266,0
3,-5,86,1,266,0
8,1,106,1,266,0
7,-7,106,1,266,0
3,6,108,1,266,0
7,0,108,1,266,0
2,5,118,1,266,0
2,-2,153,1,266,0
-2,2,171,1,266,0
-1,1,185,1,266,0
0,3,191,1,266,0
1,4,198,1,266,0
5,-1,231,1,266,0
-5,-2,233,1,266,0
4,7,244,1,266,0
-2,-3,244,1,266,0
-4,5,8,1,266,0
8,-1,33,1,266,0
7,-8,94,1,266,0
4,8,95,1,266,0
8,2,97,1,266,0
3,-6,109,1,266,0
2,6,111,1,266,0
7,1,112,1,266,0
6,0,114,1,266,0
6,-5,119,1,266,0
2,-3,143,1,266,0
-1,2,182,1,266,0
1,5,203,1,266,0
-8,-2,214,1,266,0
5,-2,236,1,266,0
3,7,238,1,266,0
-2,-4,254,1,266,0
-1,-1,262,1,266,0
-4,6,14,1,266,0
-3,5,16,1,266,0
8,-2,43,1,266,0
5,-3,57,1,266,0
3,8,97,1,266,0
3,-7,106,1,266,0
6,-6,115,1,266,0
6,1,118,1,266,0
5,0,119,1,266,0
-1,3,126,1,266,0
2,-4,126,1,266,0
1,-1,162,1,266,0
-8,0,205,1,266,0
0,5,206,1,266,0
1,6,214,1,266,0
2,7,231,1,266,0
7,2,246,1,266,0
8,3,253,1,266,0
-1,-2,265,1,266,0
-2,-6,5,1,266,0
-4,7,24,1,266,0
-2,5,112,1,266,0
8,4,79,1,266,0
3,-8,99,1,266,0
6,-7,109,1,266,0
-1,4,119,1,266,0
5,1,125,1,266,0
5,-4,129,1,266,0
1,-2,151,1,266,0
0,6,209,1,266,0
-7,0,211,1,266,0
1,7,219,1,266,0
4,0,224,1,266,0
2,8,225,1,266,0
6,2,238,1,266,0
-4,-2,239,1,266,0
2,-5,249,1,266,0
8,-3,254,1,266,0
7,3,255,1,266,0
-1,-3,261,1,266,0
0,7,87,1,266,0
-4,8,23,1,266,0
-3,7,32,1,266,0
-1,5,113,1,266,0
7,-1,36,1,266,0
8,-4,62,1,266,0
8,5,77,1,266,0
6,3,83,1,266,0
-2,6,106,1,266,0
6,-8,102,1,266,0
2,-6,113,1,266,0
5,-5,124,1,266,0
4,1,128,1,266,0
3,0,216,1,266,0
-7,-2,219,1,266,0
-6,0,223,1,266,0
5,2,231,1,266,0
-1,-4,255,1,266,0
7,4,265,1,266,0
1,-3,265,1,266,0
-2,7,97,1,267,0
7,-2,37,1,267,0
-1,-5,36,1,267,0
8,6,65,1,267,0
7,5,72,1,267,0
8,-5,75,1,267,0
6,4,76,1,267,0
4,2,83,1,267,0
2,-7,98,1,267,0
5,-6,118,1,267,0
4,-3,137,1,267,0
2,0,144,1,267,0
0,-1,159,1,267,0
3,1,212,1,267,0
5,3,228,1,267,0
-5,0,242,1,267,0
1,-4,259,1,267,0
-1,7,94,1,267,0
-1,-6,12,1,267,0
6,5,29,1,267,0
8,-6,63,1,267,0
3,-1,102,1,267,0
4,-4,134,1,267,0
0,-2,184,1,267,0
2,1,209,1,267,0
3,2,211,1,267,0
4,3,224,1,267,0
5,4,227,1,267,0
-4,0,249,1,267,0
7,6,244,1,267,0
-3,-2,249,1,267,0
1,-5,253,1,267,0
7,-3,259,1,267,0
1,0,266,1,267,0
8,7,266,1,267,0
-1,8,4,1,267,0
6,-1,41,1,267,0
7,-4,64,1,267,0
8,-7,104,1,267,0
1,-6,109,1,267,0
4,-5,126,1,267,0
3,-2,146,1,267,0
1,1,201,1,267,0
2,2,206,1,267,0
3,3,216,1,267,0
0,-3,222,1,267,0
4,4,223,1,267,0
-6,-2,226,1,267,0
5,5,234,1,267,0
6,6,243,1,267,0
-3,0,255,1,267,0
7,7,259,1,267,0
8,8,264,1,267,0
0,0,266,1,267,0
-3,-4,8,1,267,0
6,7,57,1,267,0
5,6,61,1,267,0
4,-6,69,1,267,0
7,-5,82,1,267,0
8,-8,97,1,267,0
1,-7,102,1,267,0
3,-3,143,1,267,0
0,1,194,1,267,0
1,2,198,1,267,0
3,4,215,1,267,0
0,-4,235,1,267,0
-2,0,261,1,267,0
-2,-1,256,1,267,0
7,8,256,1,267,0
4,5,262,1,267,0
6,-2,266,1,267,0
0,-5,44,1,267,0
6,8,53,1,267,0
8,0,102,1,267,0
7,-6,112,1,267,0
2,4,124,1,267,0
1,3,131,1,267,0
3,-4,134,1,267,0
2,-1,154,1,267,0
-2,1,169,1,267,0
-2,-2,181,1,267,0
0,2,191,1,267,0
6,-3,243,1,267,0
5,7,251,1,267,0
4,6,259,1,267,0
-1,0,267,1,267,0
3,5,266,1,267,0
-5,5,3,1,267,0
9,2,3,1,267,0
0,-6,18,1,267,0
6,-4,64,1,267,0
5,8,83,1,267,0
3,-5,86,1,267,0
8,1,106,1,267,0
7,-7,106,1,267,0
3,6,108,1,267,0
7,0,108,1,267,0
2,5,118,1,267,0
2,-2,153,1,267,0
-2,2,171,1,267,0
-1,1,185,1,267,0
0,3,191,1,267,0
1,4,198,1,267,0
5,-1,231,1,267,0
-5,-2,233,1,267,0
4,7,244,1,267,0
-2,-3,244,1,267,0
-4,5,8,1,267,0
8,-1,33,1,267,0
7,-8,94,1,267,0
4,8,95,1,267,0
8,2,97,1,267,0
3,-6,109,1,267,0
2,6,111,1,267,0
7,1,112,1,267,0
6,0,114,1,267,0
6,-5,119,1,267,0
2,-3,143,1,267,0
-1,2,182,1,267,0
1,5,203,1,267,0
-8,-2,214,1,267,0
5,-2,236,1,267,0
3,7,238,1,267,0
-2,-4,254,1,267,0
-1,-1,262,1,267,0
-4,6,14,1,267,0
-3,5,16,1,267,0
8,-2,43,1,267,0
5,-3,57,1,267,0
3,8,97,1,267,0
3,-7,106,1,267,0
6,-6,115,1,267,0
6,1,118,1,267,0
5,0,119,1,267,0
-1,3,126,1,267,0
2,-4,126,1,267,0
1,-1,162,1,267,0
-8,0,205,1,267,0
0,5,206,1,267,0
1,6,214,1,267,0
2,7,231,1,267,0
7,2,246,1,267,0
8,3,253,1,267,0
-1,-2,266,1,267,0
-2,-6,5,1,267,0
-4,7,24,1,267,0
-2,5,112,1,267,0
8,4,79,1,267,0
3,-8,99,1,267,0
6,-7,109,1,267,0
-1,4,119,1,267,0
5,1,125,1,267,0
5,-4,129,1,267,0
1,-2,151,1,267,0
0,6,209,1,267,0
-7,0,211,1,267,0
1,7,219,1,267,0
4,0,224,1,267,0
2,8,225,1,267,0
6,2,238,1,267,0
-4,-2,239,1,267,0
2,-5,249,1,267,0
8,-3,254,1,267,0
7,3,255,1,267,0
-1,-3,261,1,267,0
0,7,87,1,267,0
-4,8,23,1,267,0
-3,7,32,1,267,0
-1,5,113,1,267,0
7,-1,36,1,267,0
8,-4,62,1,267,0
8,5,77,1,267,0
6,3,83,1,267,0
-2,6,106,1,267,0
6,-8,102,1,267,0
2,-6,113,1,267,0
5,-5,124,1,267,0
4,1,128,1,267,0
3,0,216,1,267,0
-7,-2,219,1,267,0
-6,0,223,1,267,0
5,2,231,1,267,0
-1,-4,255,1,267,0
7,4,266,1,267,0
1,-3,266,1,267,0
-2,7,97,1,268,0
7,-2,37,1,268,0
-1,-5,36,1,268,0
8,6,65,1,268,0
7,5,72,1,268,0
8,-5,75,1,268,0
4,2,83,1,268,0
2,-7,98,1,268,0
5,-6,118,1,268,0
4,-3,137,1,268,0
2,0,144,1,268,0
0,-1,159,1,268,0
3,1,212,1,268,0
5,3,228,1,268,0
-5,0,242,1,268,0
1,-4,259,1,268,0
6,4,267,1,268,0
-1,7,94,1,268,0
-1,-6,12,1,268,0
6,5,29,1,268,0
8,-6,63,1,268,0
3,-1,102,1,268,0
4,-4,134,1,268,0
0,-2,184,1,268,0
2,1,209,1,268,0
3,2,211,1,268,0
4,3,224,1,268,0
5,4,227,1,268,0
-4,0,249,1,268,0
7,6,244,1,268,0
-3,-2,249,1,268,0
1,-5,253,1,268,0
7,-3,259,1,268,0
8,7,266,1,268,0
1,0,267,1,268,0
-1,8,4,1,268,0
6,-1,41,1,268,0
7,-4,64,1,268,0
8,-7,104,1,268,0
1,-6,109,1,268,0
4,-5,126,1,268,0
3,-2,146,1,268,0
1,1,201,1,268,0
2,2,206,1,268,0
3,3,216,1,268,0
0,-3,222,1,268,0
4,4,223,1,268,0
-6,-2,226,1,268,0
5,5,234,1,268,0
6,6,243,1,268,0
-3,0,255,1,268,0
8,8,264,1,268,0
0,0,267,1,268,0
7,7,267,1,268,0
-3,-4,8,1,268,0
6,7,57,1,268,0
5,6,61,1,268,0
4,-6,69,1,268,0
7,-5,82,1,268,0
8,-8,97,1,268,0
1,-7,102,1,268,0
3,-3,143,1,268,0
0,1,194,1,268,0
1,2,198,1,268,0
0,-4,235,1,268,0
-2,0,261,1,268,0
-2,-1,256,1,268,0
7,8,256,1,268,0
4,5,262,1,268,0
3,4,267,1,268,0
6,-2,267,1,268,0
0,-5,44,1,268,0
6,8,53,1,268,0
8,0,102,1,268,0
7,-6,112,1,268,0
2,4,124,1,268,0
1,3,131,1,268,0
3,-4,134,1,268,0
2,-1,154,1,268,0
-2,1,169,1,268,0
-2,-2,181,1,268,0
0,2,191,1,268,0
6,-3,243,1,268,0
5,7,251,1,268,0
4,6,259,1,268,0
-1,0,268,1,268,0
3,5,266,1,268,0
-5,5,3,1,268,0
9,2,3,1,268,0
0,-6,18,1,268,0
6,-4,64,1,268,0
5,8,83,1,268,0
3,-5,86,1,268,0
8,1,106,1,268,0
7,-7,106,1,268,0
3,6,108,1,268,0
7,0,108,1,268,0
2,5,118,1,268,0
2,-2,153,1,268,0
-2,2,171,1,268,0
-1,1,185,1,268,0
0,3,191,1,268,0
1,4,198,1,268,0
5,-1,231,1,268,0
-5,-2,233,1,268,0
4,7,244,1,268,0
-2,-3,244,1,268,0
-4,5,8,1,268,0
8,-1,33,1,268,0
7,-8,94,1,268,0
4,8,95,1,268,0
8,2,97,1,268,0
3,-6,109,1,268,0
2,6,111,1,268,0
7,1,112,1,268,0
6,0,114,1,268,0
6,-5,119,1,268,0
2,-3,143,1,268,0
-1,2,182,1,268,0
1,5,203,1,268,0
-8,-2,214,1,268,0
5,-2,236,1,268,0
3,7,238,1,268,0
-2,-4,254,1,268,0
-1,-1,262,1,268,0
-4,6,14,1,268,0
-3,5,16,1,268,0
8,-2,43,1,268,0
5,-3,57,1,268,0
3,8,97,1,268,0
3,-7,106,1,268,0
6,-6,115,1,268,0
6,1,118,1,268,0
5,0,119,1,268,0
-1,3,126,1,268,0
2,-4,126,1,268,0
1,-1,162,1,268,0
-8,0,205,1,268,0
0,5,206,1,268,0
1,6,214,1,268,0
2,7,231,1,268,0
7,2,246,1,268,0
8,3,253,1,268,0
-1,-2,267,1,268,0
-2,-6,5,1,268,0
-4,7,24,1,268,0
-2,5,112,1,268,0
8,4,79,1,268,0
3,-8,99,1,268,0
6,-7,109,1,268,0
-1,4,119,1,268,0
5,1,125,1,268,0
5,-4,129,1,268,0
0,6,209,1,268,0
-7,0,211,1,268,0
1,7,219,1,268,0
4,0,224,1,268,0
2,8,225,1,268,0
6,2,238,1,268,0
-4,-2,239,1,268,0
2,-5,249,1,268,0
8,-3,254,1,268,0
7,3,255,1,268,0
-1,-3,261,1,268,0
1,-2,267,1,268,0
0,7,87,1,268,0
-4,8,23,1,268,0
-3,7,32,1,268,0
-1,5,113,1,268,0
7,-1,36,1,268,0
8,-4,62,1,268,0
8,5,77,1,268,0
6,3,83,1,268,0
-2,6,106,1,268,0
6,-8,102,1,268,0
2,-6,113,1,268,0
5,-5,124,1,268,0
4,1,128,1,268,0
3,0,216,1,268,0
-7,-2,219,1,268,0
-6,0,223,1,268,0
5,2,231,1,268,0
-1,-4,255,1,268,0
7,4,266,1,268,0
1,-3,266,1,268,0
-2,7,97,1,269,0
7,-2,37,1,269,0
-1,-5,36,1,269,0
8,6,65,1,269,0
7,5,72,1,269,0
8,-5,75,1,269,0
4,2,83,1,269,0
2,-7,98,1,269,0
5,-6,118,1,269,0
4,-3,137,1,269,0
2,0,144,1,269,0
0,-1,159,1,269,0
3,1,212,1,269,0
5,3,228,1,269,0
-5,0,242,1,269,0
1,-4,259,1,269,0
6,4,268,1,269,0
-1,7,94,1,269,0
-1,-6,12,1,269,0
6,5,29,1,269,0
8,-6,63,1,269,0
3,-1,102,1,269,0
4,-4,134,1,269,0
0,-2,184,1,269,0
2,1,209,1,269,0
3,2,211,1,269,0
4,3,224,1,269,0
5,4,227,1,269,0
-4,0,249,1,269,0
7,6,244,1,269,0
-3,-2,249,1,269,0
1,-5,253,1,269,0
7,-3,259,1,269,0
8,7,266,1,269,0
1,0,268,1,269,0
-1,8,4,1,269,0
6,-1,41,1,269,0
7,-4,64,1,269,0
8,-7,104,1,269,0
1,-6,109,1,269,0
4,-5,126,1,269,0
3,-2,146,1,269,0
1,1,201,1,269,0
2,2,206,1,269,0
3,3,216,1,269,0
0,-3,222,1,269,0
4,4,223,1,269,0
-6,-2,226,1,269,0
5,5,234,1,269,0
6,6,243,1,269,0
-3,0,255,1,269,0
8,8,264,1,269,0
0,0,269,1,269,0
7,7,268,1,269,0
-3,-4,8,1,269,0
6,7,57,1,269,0
5,6,61,1,269,0
4,-6,69,1,269,0
7,-5,82,1,269,0
8,-8,97,1,269,0
1,-7,102,1,269,0
3,-3,143,1,269,0
0,1,194,1,269,0
1,2,198,1,269,0
0,-4,235,1,269,0
-2,0,261,1,269,0
-2,-1,256,1,269,0
7,8,256,1,269,0
4,5,262,1,269,0
6,-2,267,1,269,0
3,4,268,1,269,0
0,-5,44,1,269,0
6,8,53,1,269,0
8,0,102,1,269,0
7,-6,112,1,269,0
2,4,124,1,269,0
1,3,131,1,269,0
3,-4,134,1,269,0
2,-1,154,1,269,0
-2,1,169,1,269,0
-2,-2,181,1,269,0
0,2,191,1,269,0
6,-3,243,1,269,0
5,7,251,1,269,0
4,6,259,1,269,0
-1,0,268,1,269,0
3,5,266,1,269,0
-5,5,3,1,269,0
9,2,3,1,269,0
0,-6,18,1,269,0
6,-4,64,1,269,0
5,8,83,1,269,0
3,-5,86,1,269,0
8,1,106,1,269,0
7,-7,106,1,269,0
3,6,108,1,269,0
7,0,108,1,269,0
2,5,118,1,269,0
2,-2,153,1,269,0
-2,2,171,1,269,0
-1,1,185,1,269,0
0,3,191,1,269,0
1,4,198,1,269,0
5,-1,231,1,269,0
-5,-2,233,1,269,0
4,7,244,1,269,0
-2,-3,244,1,269,0
-4,5,8,1,269,0
8,-1,33,1,269,0
7,-8,94,1,269,0
4,8,95,1,269,0
8,2,97,1,269,0
3,-6,109,1,269,0
2,6,111,1,269,0
7,1,112,1,269,0
6,0,114,1,269,0
6,-5,119,1,269,0
2,-3,143,1,269,0
-1,2,182,1,269,0
1,5,203,1,269,0
-8,-2,214,1,269,0
5,-2,236,1,269,0
3,7,238,1,269,0
-2,-4,254,1,269,0
-1,-1,262,1,269,0
-4,6,14,1,269,0
-3,5,16,1,269,0
8,-2,43,1,269,0
5,-3,57,1,269,0
3,8,97,1,269,0
3,-7,106,1,269,0
6,-6,115,1,269,0
6,1,118,1,269,0
5,0,119,1,269,0
-1,3,126,1,269,0
2,-4,126,1,269,0
-8,0,205,1,269,0
0,5,206,1,269,0
1,6,214,1,269,0
2,7,231,1,269,0
7,2,246,1,269,0
8,3,253,1,269,0
1,-1,268,1,269,0
-1,-2,268,1,269,0
-2,-6,5,1,269,0
-4,7,24,1,269,0
-2,5,112,1,269,0
8,4,79,1,269,0
3,-8,99,1,269,0
6,-7,109,1,269,0
-1,4,119,1,269,0
5,1,125,1,269,0
5,-4,129,1,269,0
0,6,209,1,269,0
-7,0,211,1,269,0
1,7,219,1,269,0
4,0,224,1,269,0
2,8,225,1,269,0
6,2,238,1,269,0
-4,-2,239,1,269,0
2,-5,249,1,269,0
8,-3,254,1,269,0
7,3,255,1,269,0
-1,-3,261,1,269,0
1,-2,268,1,269,0
0,7,87,1,269,0
-4,8,23,1,269,0
-3,7,32,1,269,0
-1,5,113,1,269,0
7,-1,36,1,269,0
8,-4,62,1,269,0
8,5,77,1,269,0
6,3,83,1,269,0
-2,6,106,1,269,0
6,-8,102,1,269,0
2,-6,113,1,269,0
5,-5,124,1,269,0
4,1,128,1,269,0
3,0,216,1,269,0
-7,-2,219,1,269,0
-6,0,223,1,269,0
5,2,231,1,269,0
-1,-4,255,1,269,0
7,4,266,1,269,0
1,-3,266,1,269,0
-2,7,97,1,270,0
7,-2,37,1,270,0
-1,-5,36,1,270,0
8,6,65,1,270,0
7,5,72,1,270,0
8,-5,75,1,270,0
4,2,83,1,270,0
2,-7,98,1,270,0
5,-6,118,1,270,0
4,-3,137,1,270,0
2,0,144,1,270,0
0,-1,159,1,270,0
3,1,212,1,270,0
5,3,228,1,270,0
-5,0,242,1,270,0
1,-4,259,1,270,0
6,4,269,1,270,0
-1,7,94,1,270,0
-1,-6,12,1,270,0
6,5,29,1,270,0
8,-6,63,1,270,0
3,-1,102,1,270,0
4,-4,134,1,270,0
0,-2,184,1,270,0
2,1,209,1,270,0
3,2,211,1,270,0
4,3,224,1,270,0
5,4,227,1,270,0
-4,0,249,1,270,0
7,6,244,1,270,0
-3,-2,249,1,270,0
1,-5,253,1,270,0
7,-3,259,1,270,0
8,7,266,1,270,0
1,0,268,1,270,0
-1,8,4,1,270,0
6,-1,41,1,270,0
7,-4,64,1,270,0
8,-7,104,1,270,0
1,-6,109,1,270,0
4,-5,126,1,270,0
3,-2,146,1,270,0
1,1,201,1,270,0
2,2,206,1,270,0
3,3,216,1,270,0
0,-3,222,1,270,0
4,4,223,1,270,0
-6,-2,226,1,270,0
5,5,234,1,270,0
6,6,243,1,270,0
-3,0,255,1,270,0
8,8,264,1,270,0
0,0,269,1,270,0
7,7,269,1,270,0
-3,-4,8,1,270,0
6,7,57,1,270,0
5,6,61,1,270,0
4,-6,69,1,270,0
7,-5,82,1,270,0
8,-8,97,1,270,0
1,-7,102,1,270,0
3,-3,143,1,270,0
0,1,194,1,270,0
1,2,198,1,270,0
0,-4,235,1,270,0
-2,0,261,1,270,0
-2,-1,256,1,270,0
7,8,256,1,270,0
4,5,262,1,270,0
6,-2,267,1,270,0
3,4,269,1,270,0
0,-5,44,1,270,0
6,8,53,1,270,0
8,0,102,1,270,0
7,-6,112,1,270,0
2,4,124,1,270,0
1,3,131,1,270,0
3,-4,134,1,270,0
2,-1,154,1,270,0
-2,1,169,1,270,0
-2,-2,181,1,270,0
0,2,191,1,270,0
6,-3,243,1,270,0
5,7,251,1,270,0
4,6,259,1,270,0
-1,0,268,1,270,0
3,5,266,1,270,0
-5,5,3,1,270,0
9,2,3,1,270,0
0,-6,18,1,270,0
6,-4,64,1,270,0
5,8,83,1,270,0
3,-5,86,1,270,0
8,1,106,1,270,0
7,-7,106,1,270,0
3,6,108,1,270,0
7,0,108,1,270,0
2,5,118,1,270,0
2,-2,153,1,270,0
-2,2,171,1,270,0
-1,1,185,1,270,0
0,3,191,1,270,0
1,4,198,1,270,0
5,-1,231,1,270,0
-5,-2,233,1,270,0
4,7,244,1,270,0
-2,-3,244,1,270,0
-4,5,8,1,270,0
8,-1,33,1,270,0
7,-8,94,1,270,0
4,8,95,1,270,0
8,2,97,1,270,0
3,-6,109,1,270,0
2,6,111,1,270,0
7,1,112,1,270,0
6,0,114,1,270,0
6,-5,119,1,270,0
2,-3,143,1,270,0
-1,2,182,1,270,0
1,5,203,1,270,0
-8,-2,214,1,270,0
3,7,238,1,270,0
-2,-4,254,1,270,0
5,-2,268,1,270,0
-1,-1,269,1,270,0
-4,6,14,1,270,0
-3,5,16,1,270,0
8,-2,43,1,270,0
5,-3,57,1,270,0
3,8,97,1,270,0
3,-7,106,1,270,0
6,-6,115,1,270,0
6,1,118,1,270,0
5,0,119,1,270,0
-1,3,126,1,270,0
2,-4,126,1,270,0
-8,0,205,1,270,0
0,5,206,1,270,0
1,6,214,1,270,0
2,7,231,1,270,0
7,2,246,1,270,0
8,3,253,1,270,0
-1,-2,268,1,270,0
1,-1,269,1,270,0
-2,-6,5,1,270,0
-4,7,24,1,270,0
-2,5,112,1,270,0
8,4,79,1,270,0
3,-8,99,1,270,0
6,-7,109,1,270,0
-1,4,119,1,270,0
5,1,125,1,270,0
5,-4,129,1,270,0
0,6,209,1,270,0
-7,0,211,1,270,0
1,7,219,1,270,0
4,0,224,1,270,0
2,8,225,1,270,0
6,2,238,1,270,0
-4,-2,239,1,270,0
2,-5,249,1,270,0
8,-3,254,1,270,0
7,3,255,1,270,0
-1,-3,261,1,270,0
1,-2,269,1,270,0
0,7,87,1,270,0
-4,8,23,1,270,0
-3,7,32,1,270,0
-1,5,113,1,270,0
7,-1,36,1,270,0
8,-4,62,1,270,0
8,5,77,1,270,0
6,3,83,1,270,0
-2,6,106,1,270,0
6,-8,102,1,270,0
2,-6,113,1,270,0
5,-5,124,1,270,0
4,1,128,1,270,0
3,0,216,1,270,0
-7,-2,219,1,270,0
-6,0,223,1,270,0
5,2,231,1,270,0
-1,-4,255,1,270,0
7,4,266,1,270,0
1,-3,266,1,270,0
-2,7,97,1,271,0
7,-2,37,1,271,0
-1,-5,36,1,271,0
8,6,65,1,271,0
7,5,72,1,271,0
8,-5,75,1,271,0
4,2,83,1,271,0
2,-7,98,1,271,0
5,-6,118,1,271,0
4,-3,137,1,271,0
2,0,144,1,271,0
0,-1,159,1,271,0
3,1,212,1,271,0
5,3,228,1,271,0
-5,0,242,1,271,0
1,-4,259,1,271,0
6,4,269,1,271,0
-1,7,94,1,271,0
-1,-6,12,1,271,0
6,5,29,1,271,0
8,-6,63,1,271,0
3,-1,102,1,271,0
4,-4,134,1,271,0
0,-2,184,1,271,0
2,1,209,1,271,0
3,2,211,1,271,0
4,3,224,1,271,0
5,4,227,1,271,0
-4,0,249,1,271,0
7,6,244,1,271,0
-3,-2,249,1,271,0
1,-5,253,1,271,0
7,-3,259,1,271,0
8,7,266,1,271,0
1,0,269,1,271,0
-1,8,4,1,271,0
6,-1,41,1,271,0
7,-4,64,1,271,0
8,-7,104,1,271,0
1,-6,109,1,271,0
4,-5,126,1,271,0
3,-2,146,1,271,0
1,1,201,1,271,0
2,2,206,1,271,0
3,3,216,1,271,0
0,-3,222,1,271,0
4,4,223,1,271,0
-6,-2,226,1,271,0
5,5,234,1,271,0
6,6,243,1,271,0
-3,0,255,1,271,0
8,8,264,1,271,0
7,7,269,1,271,0
0,0,271,1,271,0
-3,-4,8,1,271,0
6,7,57,1,271,0
5,6,61,1,271,0
4,-6,69,1,271,0
7,-5,82,1,271,0
8,-8,97,1,271,0
1,-7,102,1,271,0
3,-3,143,1,271,0
0,1,194,1,271,0
1,2,198,1,271,0
0,-4,235,1,271,0
-2,0,261,1,271,0
-2,-1,256,1,271,0
7,8,256,1,271,0
4,5,262,1,271,0
6,-2,267,1,271,0
3,4,269,1,271,0
0,-5,44,1,271,0
6,8,53,1,271,0
8,0,102,1,271,0
7,-6,112,1,271,0
2,4,124,1,271,0
1,3,131,1,271,0
3,-4,134,1,271,0
2,-1,154,1,271,0
-2,1,169,1,271,0
-2,-2,181,1,271,0
0,2,191,1,271,0
6,-3,243,1,271,0
5,7,251,1,271,0
4,6,259,1,271,0
-1,0,268,1,271,0
3,5,266,1,271,0
-5,5,3,1,271,0
9,2,3,1,271,0
0,-6,18,1,271,0
6,-4,64,1,271,0
5,8,83,1,271,0
3,-5,86,1,271,0
8,1,106,1,271,0
7,-7,106,1,271,0
3,6,108,1,271,0
7,0,108,1,271,0
2,5,118,1,271,0
2,-2,153,1,271,0
-2,2,171,1,271,0
-1,1,185,1,271,0
0,3,191,1,271,0
1,4,198,1,271,0
5,-1,231,1,271,0
-5,-2,233,1,271,0
4,7,244,1,271,0
-2,-3,244,1,271,0
-4,5,8,1,271,0
8,-1,33,1,271,0
7,-8,94,1,271,0
4,8,95,1,271,0
8,2,97,1,271,0
3,-6,109,1,271,0
2,6,111,1,271,0
7,1,112,1,271,0
6,0,114,1,271,0
6,-5,119,1,271,0
2,-3,143,1,271,0
-1,2,182,1,271,0
1,5,203,1,271,0
-8,-2,214,1,271,0
3,7,238,1,271,0
-2,-4,254,1,271,0
-1,-1,269,1,271,0
5,-2,269,1,271,0
-4,6,14,1,271,0
-3,5,16,1,271,0
8,-2,43,1,271,0
5,-3,57,1,271,0
3,8,97,1,271,0
3,-7,106,1,271,0
6,-6,115,1,271,0
6,1,118,1,271,0
5,0,119,1,271,0
-1,3,126,1,271,0
2,-4,126,1,271,0
-8,0,205,1,271,0
0,5,206,1,271,0
1,6,214,1,271,0
2,7,231,1,271,0
7,2,246,1,271,0
8,3,253,1,271,0
-1,-2,268,1,271,0
1,-1,269,1,271,0
-2,-6,5,1,271,0
-4,7,24,1,271,0
-2,5,112,1,271,0
8,4,79,1,271,0
3,-8,99,1,271,0
6,-7,109,1,271,0
-1,4,119,1,271,0
5,1,125,1,271,0
5,-4,129,1,271,0
0,6,209,1,271,0
-7,0,211,1,271,0
1,7,219,1,271,0
4,0,224,1,271,0
2,8,225,1,271,0
6,2,238,1,271,0
-4,-2,239,1,271,0
2,-5,249,1,271,0
8,-3,254,1,271,0
7,3,255,1,271,0
-1,-3,261,1,271,0
1,-2,269,1,271,0
0,7,87,1,271,0
-4,8,23,1,271,0
-3,7,32,1,271,0
-1,5,113,1,271,0
7,-1,36,1,271,0
8,-4,62,1,271,0
8,5,77,1,271,0
6,3,83,1,271,0
-2,6,106,1,271,0
6,-8,102,1,271,0
2,-6,113,1,271,0
5,-5,124,1,271,0
4,1,128,1,271,0
3,0,216,1,271,0
-7,-2,219,1,271,0
-6,0,223,1,271,0
5,2,231,1,271,0
-1,-4,255,1,271,0
7,4,266,1,271,0
1,-3,266,1,271,0
-2,7,97,1,272,0
7,-2,37,1,272,0
-1,-5,36,1,272,0
8,6,65,1,272,0
7,5,72,1,272,0
8,-5,75,1,272,0
4,2,83,1,272,0
2,-7,98,1,272,0
5,-6,118,1,272,0
4,-3,137,1,272,0
2,0,144,1,272,0
3,1,212,1,272,0
5,3,228,1,272,0
-5,0,242,1,272,0
1,-4,259,1,272,0
6,4,271,1,272,0
0,-1,271,1,272,0
-1,7,94,1,272,0
-1,-6,12,1,272,0
6,5,29,1,272,0
8,-6,63,1,272,0
3,-1,102,1,272,0
4,-4,134,1,272,0
0,-2,184,1,272,0
2,1,209,1,272,0
3,2,211,1,272,0
4,3,224,1,272,0
5,4,227,1,272,0
-4,0,249,1,272,0
7,6,244,1,272,0
-3,-2,249,1,272,0
1,-5,253,1,272,0
7,-3,259,1,272,0
8,7,266,1,272,0
1,0,269,1,272,0
-1,8,4,1,272,0
6,-1,41,1,272,0
7,-4,64,1,272,0
8,-7,104,1,272,0
1,-6,109,1,272,0
4,-5,126,1,272,0
3,-2,146,1,272,0
1,1,201,1,272,0
2,2,206,1,272,0
3,3,216,1,272,0
0,-3,222,1,272,0
4,4,223,1,272,0
-6,-2,226,1,272,0
5,5,234,1,272,0
6,6,243,1,272,0
-3,0,255,1,272,0
8,8,264,1,272,0
0,0,272,1,272,0
7,7,271,1,272,0
-3,-4,8,1,272,0
6,7,57,1,272,0
5,6,61,1,272,0
4,-6,69,1,272,0
7,-5,82,1,272,0
8,-8,97,1,272,0
1,-7,102,1,272,0
3,-3,143,1,272,0
0,1,194,1,272,0
1,2,198,1,272,0
0,-4,235,1,272,0
-2,0,261,1,272,0
-2,-1,256,1,272,0
7,8,256,1,272,0
4,5,262,1,272,0
6,-2,267,1,272,0
3,4,271,1,272,0
0,-5,44,1,272,0
6,8,53,1,272,0
8,0,102,1,272,0
7,-6,112,1,272,0
2,4,124,1,272,0
1,3,131,1,272,0
3,-4,134,1,272,0
2,-1,154,1,272,0
-2,1,169,1,272,0
-2,-2,181,1,272,0
0,2,191,1,272,0
6,-3,243,1,272,0
5,7,251,1,272,0
4,6,259,1,272,0
-1,0,268,1,272,0
3,5,266,1,272,0
-5,5,3,1,272,0
9,2,3,1,272,0
0,-6,18,1,272,0
6,-4,64,1,272,0
5,8,83,1,272,0
3,-5,86,1,272,0
8,1,106,1,272,0
7,-7,106,1,272,0
3,6,108,1,272,0
7,0,108,1,272,0
2,5,118,1,272,0
2,-2,153,1,272,0
-2,2,171,1,272,0
-1,1,185,1,272,0
0,3,191,1,272,0
1,4,198,1,272,0
5,-1,231,1,272,0
-5,-2,233,1,272,0
4,7,244,1,272,0
-2,-3,244,1,272,0
-4,5,8,1,272,0
8,-1,33,1,272,0
7,-8,94,1,272,0
4,8,95,1,272,0
8,2,97,1,272,0
3,-6,109,1,272,0
2,6,111,1,272,0
7,1,112,1,272,0
6,0,114,1,272,0
6,-5,119,1,272,0
2,-3,143,1,272,0
-1,2,182,1,272,0
1,5,203,1,272,0
-8,-2,214,1,272,0
3,7,238,1,272,0
-2,-4,254,1,272,0
-1,-1,269,1,272,0
5,-2,269,1,272,0
-4,6,14,1,272,0
-3,5,16,1,272,0
8,-2,43,1,272,0
5,-3,57,1,272,0
3,8,97,1,272,0
3,-7,106,1,272,0
6,-6,115,1,272,0
6,1,118,1,272,0
5,0,119,1,272,0
-1,3,126,1,272,0
2,-4,126,1,272,0
-8,0,205,1,272,0
0,5,206,1,272,0
1,6,214,1,272,0
2,7,231,1,272,0
7,2,246,1,272,0
8,3,253,1,272,0
-1,-2,268,1,272,0
1,-1,269,1,272,0
-2,-6,5,1,272,0
-4,7,24,1,272,0
-2,5,112,1,272,0
8,4,79,1,272,0
3,-8,99,1,272,0
6,-7,109,1,272,0
-1,4,119,1,272,0
5,1,125,1,272,0
5,-4,129,1,272,0
0,6,209,1,272,0
-7,0,211,1,272,0
1,7,219,1,272,0
4,0,224,1,272,0
2,8,225,1,272,0
6,2,238,1,272,0
-4,-2,239,1,272,0
2,-5,249,1,272,0
8,-3,254,1,272,0
7,3,255,1,272,0
-1,-3,261,1,272,0
1,-2,271,1,272,0
0,7,87,1,272,0
-4,8,23,1,272,0
-3,7,32,1,272,0
-1,5,113,1,272,0
7,-1,36,1,272,0
8,-4,62,1,272,0
8,5,77,1,272,0
6,3,83,1,272,0
-2,6,106,1,272,0
6,-8,102,1,272,0
2,-6,113,1,272,0
5,-5,124,1,272,0
4,1,128,1,272,0
3,0,216,1,272,0
-7,-2,219,1,272,0
-6,0,223,1,272,0
5,2,231,1,272,0
-1,-4,255,1,272,0
7,4,266,1,272,0
1,-3,266,1,272,0
-2,7,97,1,273,0
7,-2,37,1,273,0
-1,-5,36,1,273,0
8,6,65,1,273,0
7,5,72,1,273,0
8,-5,75,1,273,0
4,2,83,1,273,0
2,-7,98,1,273,0
5,-6,118,1,273,0
4,-3,137,1,273,0
2,0,144,1,273,0
3,1,212,1,273,0
5,3,228,1,273,0
-5,0,242,1,273,0
1,-4,259,1,273,0
6,4,272,1,273,0
0,-1,272,1,273,0
-1,7,94,1,273,0
-1,-6,12,1,273,0
6,5,29,1,273,0
8,-6,63,1,273,0
3,-1,102,1,273,0
4,-4,134,1,273,0
2,1,209,1,273,0
3,2,211,1,273,0
4,3,224,1,273,0
5,4,227,1,273,0
-4,0,249,1,273,0
7,6,244,1,273,0
-3,-2,249,1,273,0
1,-5,253,1,273,0
7,-3,259,1,273,0
8,7,266,1,273,0
1,0,272,1,273,0
0,-2,272,1,273,0
-1,8,4,1,273,0
6,-1,41,1,273,0
7,-4,64,1,273,0
8,-7,104,1,273,0
1,-6,109,1,273,0
4,-5,126,1,273,0
3,-2,146,1,273,0
1,1,201,1,273,0
2,2,206,1,273,0
3,3,216,1,273,0
0,-3,222,1,273,0
4,4,223,1,273,0
-6,-2,226,1,273,0
5,5,234,1,273,0
6,6,243,1,273,0
-3,0,255,1,273,0
8,8,264,1,273,0
0,0,273,1,273,0
7,7,272,1,273,0
-3,-4,8,1,273,0
6,7,57,1,273,0
5,6,61,1,273,0
4,-6,69,1,273,0
7,-5,82,1,273,0
8,-8,97,1,273,0
1,-7,102,1,273,0
3,-3,143,1,273,0
0,1,194,1,273,0
1,2,198,1,273,0
0,-4,235,1,273,0
-2,0,261,1,273,0
-2,-1,256,1,273,0
7,8,256,1,273,0
4,5,262,1,273,0
6,-2,267,1,273,0
3,4,272,1,273,0
0,-5,44,1,273,0
6,8,53,1,273,0
8,0,102,1,273,0
7,-6,112,1,273,0
2,4,124,1,273,0
1,3,131,1,273,0
3,-4,134,1,273,0
-2,1,169,1,273,0
-2,-2,181,1,273,0
0,2,191,1,273,0
6,-3,243,1,273,0
5,7,251,1,273,0
4,6,259,1,273,0
-1,0,268,1,273,0
3,5,266,1,273,0
2,-1,272,1,273,0
-5,5,3,1,273,0
9,2,3,1,273,0
0,-6,18,1,273,0
6,-4,64,1,273,0
5,8,83,1,273,0
3,-5,86,1,273,0
8,1,106,1,273,0
7,-7,106,1,273,0
3,6,108,1,273,0
7,0,108,1,273,0
2,5,118,1,273,0
2,-2,153,1,273,0
-2,2,171,1,273,0
-1,1,185,1,273,0
0,3,191,1,273,0
1,4,198,1,273,0
5,-1,231,1,273,0
-5,-2,233,1,273,0
4,7,244,1,273,0
-2,-3,244,1,273,0
-4,5,8,1,273,0
8,-1,33,1,273,0
7,-8,94,1,273,0
4,8,95,1,273,0
8,2,97,1,273,0
3,-6,109,1,273,0
2,6,111,1,273,0
7,1,112,1,273,0
6,0,114,1,273,0
6,-5,119,1,273,0
2,-3,143,1,273,0
-1,2,182,1,273,0
1,5,203,1,273,0
-8,-2,214,1,273,0
3,7,238,1,273,0
-2,-4,254,1,273,0
-1,-1,269,1,273,0
5,-2,272,1,273,0
-4,6,14,1,273,0
-3,5,16,1,273,0
8,-2,43,1,273,0
5,-3,57,1,273,0
3,8,97,1,273,0
3,-7,106,1,273,0
6,-6,115,1,273,0
6,1,118,1,273,0
5,0,119,1,273,0
-1,3,126,1,273,0
2,-4,126,1,273,0
-8,0,205,1,273,0
0,5,206,1,273,0
1,6,214,1,273,0
2,7,231,1,273,0
7,2,246,1,273,0
8,3,253,1,273,0
-1,-2,268,1,273,0
1,-1,269,1,273,0
-2,-6,5,1,273,0
-4,7,24,1,273,0
-2,5,112,1,273,0
8,4,79,1,273,0
3,-8,99,1,273,0
6,-7,109,1,273,0
-1,4,119,1,273,0
5,1,125,1,273,0
5,-4,129,1,273,0
0,6,209,1,273,0
-7,0,211,1,273,0
1,7,219,1,273,0
4,0,224,1,273,0
2,8,225,1,273,0
6,2,238,1,273,0
-4,-2,239,1,273,0
2,-5,249,1,273,0
8,-3,254,1,273,0
7,3,255,1,273,0
-1,-3,261,1,273,0
1,-2,271,1,273,0
0,7,87,1,273,0
-4,8,23,1,273,0
-3,7,32,1,273,0
-1,5,113,1,273,0
7,-1,36,1,273,0
8,-4,62,1,273,0
8,5,77,1,273,0
6,3,83,1,273,0
-2,6,106,1,273,0
6,-8,102,1,273,0
2,-6,113,1,273,0
5,-5,124,1,273,0
4,1,128,1,273,0
3,0,216,1,273,0
-7,-2,219,1,273,0
-6,0,223,1,273,0
5,2,231,1,273,0
-1,-4,255,1,273,0
7,4,266,1,273,0
1,-3,266,1,273,0
-2,7,97,1,274,0
7,-2,37,1,274,0
-1,-5,36,1,274,0
8,6,65,1,274,0
7,5,72,1,274,0
8,-5,75,1,274,0
4,2,83,1,274,0
2,-7,98,1,274,0
5,-6,118,1,274,0
4,-3,137,1,274,0
2,0,144,1,274,0
3,1,212,1,274,0
5,3,228,1,274,0
-5,0,242,1,274,0
1,-4,259,1,274,0
6,4,272,1,274,0
0,-1,273,1,274,0
-1,7,94,1,274,0
-1,-6,12,1,274,0
6,5,29,1,274,0
8,-6,63,1,274,0
3,-1,102,1,274,0
4,-4,134,1,274,0
2,1,209,1,274,0
3,2,211,1,274,0
4,3,224,1,274,0
5,4,227,1,274,0
-4,0,249,1,274,0
-3,-2,249,1,274,0
1,-5,253,1,274,0
7,-3,259,1,274,0
8,7,266,1,274,0
1,0,273,1,274,0
0,-2,273,1,274,0
7,6,273,1,274,0
-1,8,4,1,274,0
6,-1,41,1,274,0
7,-4,64,1,274,0
8,-7,104,1,274,0
1,-6,109,1,274,0
4,-5,126,1,274,0
3,-2,146,1,274,0
1,1,201,1,274,0
2,2,206,1,274,0
3,3,216,1,274,0
0,-3,222,1,274,0
4,4,223,1,274,0
-6,-2,226,1,274,0
5,5,234,1,274,0
6,6,243,1,274,0
-3,0,255,1,274,0
8,8,264,1,274,0
7,7,272,1,274,0
0,0,274,1,274,0
-3,-4,8,1,274,0
6,7,57,1,274,0
5,6,61,1,274,0
4,-6,69,1,274,0
7,-5,82,1,274,0
8,-8,97,1,274,0
1,-7,102,1,274,0
3,-3,143,1,274,0
0,1,194,1,274,0
1,2,198,1,274,0
0,-4,235,1,274,0
-2,0,261,1,274,0
-2,-1,256,1,274,0
7,8,256,1,274,0
4,5,262,1,274,0
6,-2,267,1,274,0
3,4,273,1,274,0
0,-5,44,1,274,0
6,8,53,1,274,0
8,0,102,1,274,0
7,-6,112,1,274,0
2,4,124,1,274,0
1,3,131,1,274,0
3,-4,134,1,274,0
-2,1,169,1,274,0
-2,-2,181,1,274,0
0,2,191,1,274,0
6,-3,243,1,274,0
5,7,251,1,274,0
4,6,259,1,274,0
-1,0,268,1,274,0
3,5,266,1,274,0
2,-1,273,1,274,0
-5,5,3,1,274,0
9,2,3,1,274,0
0,-6,18,1,274,0
6,-4,64,1,274,0
5,8,83,1,274,0
3,-5,86,1,274,0
8,1,106,1,274,0
7,-7,106,1,274,0
3,6,108,1,274,0
7,0,108,1,274,0
2,5,118,1,274,0
2,-2,153,1,274,0
-2,2,171,1,274,0
-1,1,185,1,274,0
0,3,191,1,274,0
1,4,198,1,274,0
5,-1,231,1,274,0
-5,-2,233,1,274,0
4,7,244,1,274,0
-2,-3,244,1,274,0
-4,5,8,1,274,0
8,-1,33,1,274,0
7,-8,94,1,274,0
4,8,95,1,274,0
8,2,97,1,274,0
3,-6,109,1,274,0
2,6,111,1,274,0
7,1,112,1,274,0
6,0,114,1,274,0
6,-5,119,1,274,0
2,-3,143,1,274,0
-1,2,182,1,274,0
1,5,203,1,274,0
-8,-2,214,1,274,0
3,7,238,1,274,0
-2,-4,254,1,274,0
-1,-1,269,1,274,0
5,-2,273,1,274,0
-4,6,14,1,274,0
-3,5,16,1,274,0
8,-2,43,1,274,0
5,-3,57,1,274,0
3,8,97,1,274,0
3,-7,106,1,274,0
6,-6,115,1,274,0
6,1,118,1,274,0
5,0,119,1,274,0
-1,3,126,1,274,0
2,-4,126,1,274,0
-8,0,205,1,274,0
0,5,206,1,274,0
1,6,214,1,274,0
2,7,231,1,274,0
7,2,246,1,274,0
8,3,253,1,274,0
-1,-2,268,1,274,0
1,-1,269,1,274,0
-2,-6,5,1,274,0
-4,7,24,1,274,0
-2,5,112,1,274,0
8,4,79,1,274,0
3,-8,99,1,274,0
6,-7,109,1,274,0
-1,4,119,1,274,0
5,1,125,1,274,0
5,-4,129,1,274,0
0,6,209,1,274,0
-7,0,211,1,274,0
1,7,219,1,274,0
4,0,224,1,274,0
2,8,225,1,274,0
6,2,238,1,274,0
-4,-2,239,1,274,0
2,-5,249,1,274,0
8,-3,254,1,274,0
7,3,255,1,274,0
-1,-3,261,1,274,0
1,-2,271,1,274,0
0,7,87,1,274,0
-4,8,23,1,274,0
-3,7,32,1,274,0
-1,5,113,1,274,0
7,-1,36,1,274,0
8,-4,62,1,274,0
8,5,77,1,274,0
-2,6,106,1,274,0
6,-8,102,1,274,0
2,-6,113,1,274,0
5,-5,124,1,274,0
4,1,128,1,274,0
3,0,216,1,274,0
-7,-2,219,1,274,0
-6,0,223,1,274,0
5,2,231,1,274,0
-1,-4,255,1,274,0
7,4,266,1,274,0
1,-3,266,1,274,0
6,3,273,1,274,0
-2,7,97,1,275,0
7,-2,37,1,275,0
-1,-5,36,1,275,0
8,6,65,1,275,0
7,5,72,1,275,0
8,-5,75,1,275,0
4,2,83,1,275,0
2,-7,98,1,275,0
5,-6,118,1,275,0
4,-3,137,1,275,0
2,0,144,1,275,0
3,1,212,1,275,0
5,3,228,1,275,0
-5,0,242,1,275,0
1,-4,259,1,275,0
6,4,272,1,275,0
0,-1,274,1,275,0
-1,7,94,1,275,0
-1,-6,12,1,275,0
6,5,29,1,275,0
8,-6,63,1,275,0
3,-1,102,1,275,0
4,-4,134,1,275,0
2,1,209,1,275,0
3,2,211,1,275,0
4,3,224,1,275,0
5,4,227,1,275,0
-4,0,249,1,275,0
-3,-2,249,1,275,0
1,-5,253,1,275,0
7,-3,259,1,275,0
8,7,266,1,275,0
0,-2,273,1,275,0
1,0,274,1,275,0
7,6,274,1,275,0
-1,8,4,1,275,0
6,-1,41,1,275,0
7,-4,64,1,275,0
8,-7,104,1,275,0
1,-6,109,1,275,0
4,-5,126,1,275,0
3,-2,146,1,275,0
1,1,201,1,275,0
2,2,206,1,275,0
3,3,216,1,275,0
0,-3,222,1,275,0
4,4,223,1,275,0
-6,-2,226,1,275,0
5,5,234,1,275,0
6,6,243,1,275,0
-3,0,255,1,275,0
8,8,264,1,275,0
7,7,272,1,275,0
0,0,275,1,275,0
-3,-4,8,1,275,0
6,7,57,1,275,0
5,6,61,1,275,0
4,-6,69,1,275,0
7,-5,82,1,275,0
8,-8,97,1,275,0
1,-7,102,1,275,0
3,-3,143,1,275,0
0,1,194,1,275,0
1,2,198,1,275,0
0,-4,235,1,275,0
-2,0,261,1,275,0
-2,-1,256,1,275,0
7,8,256,1,275,0
4,5,262,1,275,0
6,-2,267,1,275,0
3,4,273,1,275,0
0,-5,44,1,275,0
6,8,53,1,275,0
8,0,102,1,275,0
7,-6,112,1,275,0
1,3,131,1,275,0
3,-4,134,1,275,0
-2,1,169,1,275,0
-2,-2,181,1,275,0
0,2,191,1,275,0
6,-3,243,1,275,0
5,7,251,1,275,0
4,6,259,1,275,0
-1,0,268,1,275,0
3,5,266,1,275,0
2,-1,273,1,275,0
2,4,274,1,275,0
-5,5,3,1,275,0
9,2,3,1,275,0
0,-6,18,1,275,0
6,-4,64,1,275,0
5,8,83,1,275,0
3,-5,86,1,275,0
8,1,106,1,275,0
7,-7,106,1,275,0
3,6,108,1,275,0
7,0,108,1,275,0
2,5,118,1,275,0
2,-2,153,1,275,0
-2,2,171,1,275,0
-1,1,185,1,275,0
0,3,191,1,275,0
1,4,198,1,275,0
5,-1,231,1,275,0
-5,-2,233,1,275,0
4,7,244,1,275,0
-2,-3,244,1,275,0
-4,5,8,1,275,0
8,-1,33,1,275,0
7,-8,94,1,275,0
4,8,95,1,275,0
8,2,97,1,275,0
3,-6,109,1,275,0
2,6,111,1,275,0
7,1,112,1,275,0
6,0,114,1,275,0
6,-5,119,1,275,0
2,-3,143,1,275,0
-1,2,182,1,275,0
1,5,203,1,275,0
-8,-2,214,1,275,0
3,7,238,1,275,0
-2,-4,254,1,275,0
-1,-1,269,1,275,0
5,-2,273,1,275,0
-4,6,14,1,275,0
-3,5,16,1,275,0
8,-2,43,1,275,0
5,-3,57,1,275,0
3,8,97,1,275,0
3,-7,106,1,275,0
6,-6,115,1,275,0
6,1,118,1,275,0
5,0,119,1,275,0
-1,3,126,1,275,0
2,-4,126,1,275,0
-8,0,205,1,275,0
0,5,206,1,275,0
1,6,214,1,275,0
2,7,231,1,275,0
7,2,246,1,275,0
8,3,253,1,275,0
-1,-2,268,1,275,0
1,-1,269,1,275,0
-2,-6,5,1,275,0
-4,7,24,1,275,0
-2,5,112,1,275,0
8,4,79,1,275,0
3,-8,99,1,275,0
6,-7,109,1,275,0
-1,4,119,1,275,0
5,1,125,1,275,0
5,-4,129,1,275,0
0,6,209,1,275,0
-7,0,211,1,275,0
1,7,219,1,275,0
4,0,224,1,275,0
2,8,225,1,275,0
6,2,238,1,275,0
-4,-2,239,1,275,0
2,-5,249,1,275,0
8,-3,254,1,275,0
7,3,255,1,275,0
-1,-3,261,1,275,0
1,-2,271,1,275,0
0,7,87,1,275,0
-4,8,23,1,275,0
-3,7,32,1,275,0
-1,5,113,1,275,0
7,-1,36,1,275,0
8,-4,62,1,275,0
8,5,77,1,275,0
-2,6,106,1,275,0
6,-8,102,1,275,0
2,-6,113,1,275,0
5,-5,124,1,275,0
4,1,128,1,275,0
3,0,216,1,275,0
-7,-2,219,1,275,0
-6,0,223,1,275,0
5,2,231,1,275,0
-1,-4,255,1,275,0
7,4,266,1,275,0
1,-3,266,1,275,0
6,3,274,1,275,0
-2,7,97,1,276,0
7,-2,37,1,276,0
-1,-5,36,1,276,0
8,6,65,1,276,0
7,5,72,1,276,0
8,-5,75,1,276,0
4,2,83,1,276,0
2,-7,98,1,276,0
5,-6,118,1,276,0
4,-3,137,1,276,0
3,1,212,1,276,0
-5,0,242,1,276,0
1,-4,259,1,276,0
6,4,272,1,276,0
5,3,275,1,276,0
2,0,275,1,276,0
0,-1,275,1,276,0
-1,7,94,1,276,0
-1,-6,12,1,276,0
6,5,29,1,276,0
8,-6,63,1,276,0
3,-1,102,1,276,0
4,-4,134,1,276,0
2,1,209,1,276,0
3,2,211,1,276,0
4,3,224,1,276,0
5,4,227,1,276,0
-4,0,249,1,276,0
-3,-2,249,1,276,0
1,-5,253,1,276,0
7,-3,259,1,276,0
8,7,266,1,276,0
0,-2,273,1,276,0
1,0,274,1,276,0
7,6,274,1,276,0
-1,8,4,1,276,0
6,-1,41,1,276,0
7,-4,64,1,276,0
8,-7,104,1,276,0
1,-6,109,1,276,0
4,-5,126,1,276,0
3,-2,146,1,276,0
1,1,201,1,276,0
2,2,206,1,276,0
3,3,216,1,276,0
0,-3,222,1,276,0
4,4,223,1,276,0
-6,-2,226,1,276,0
5,5,234,1,276,0
-3,0,255,1,276,0
8,8,264,1,276,0
7,7,272,1,276,0
0,0,276,1,276,0
6,6,275,1,276,0
-3,-4,8,1,276,0
6,7,57,1,276,0
5,6,61,1,276,0
4,-6,69,1,276,0
7,-5,82,1,276,0
8,-8,97,1,276,0
1,-7,102,1,276,0
3,-3,143,1,276,0
0,1,194,1,276,0
1,2,198,1,276,0
0,-4,235,1,276,0
-2,0,261,1,276,0
-2,-1,256,1,276,0
7,8,256,1,276,0
4,5,262,1,276,0
6,-2,267,1,276,0
3,4,273,1,276,0
2,3,275,1,276,0
0,-5,44,1,276,0
6,8,53,1,276,0
8,0,102,1,276,0
7,-6,112,1,276,0
1,3,131,1,276,0
3,-4,134,1,276,0
-2,1,169,1,276,0
-2,-2,181,1,276,0
0,2,191,1,276,0
6,-3,243,1,276,0
5,7,251,1,276,0
4,6,259,1,276,0
-1,0,268,1,276,0
3,5,266,1,276,0
2,4,274,1,276,0
2,-1,274,1,276,0
-5,5,3,1,276,0
9,2,3,1,276,0
0,-6,18,1,276,0
6,-4,64,1,276,0
5,8,83,1,276,0
3,-5,86,1,276,0
8,1,106,1,276,0
7,-7,106,1,276,0
3,6,108,1,276,0
7,0,108,1,276,0
2,5,118,1,276,0
2,-2,153,1,276,0
-2,2,171,1,276,0
-1,1,185,1,276,0
0,3,191,1,276,0
1,4,198,1,276,0
5,-1,231,1,276,0
-5,-2,233,1,276,0
4,7,244,1,276,0
-2,-3,244,1,276,0
-4,5,8,1,276,0
8,-1,33,1,276,0
7,-8,94,1,276,0
4,8,95,1,276,0
8,2,97,1,276,0
3,-6,109,1,276,0
2,6,111,1,276,0
7,1,112,1,276,0
6,0,114,1,276,0
6,-5,119,1,276,0
2,-3,143,1,276,0
-1,2,182,1,276,0
1,5,203,1,276,0
-8,-2,214,1,276,0
3,7,238,1,276,0
-2,-4,254,1,276,0
-1,-1,269,1,276,0
5,-2,274,1,276,0
-4,6,14,1,276,0
-3,5,16,1,276,0
8,-2,43,1,276,0
5,-3,57,1,276,0
3,8,97,1,276,0
3,-7,106,1,276,0
6,-6,115,1,276,0
6,1,118,1,276,0
5,0,119,1,276,0
-1,3,126,1,276,0
2,-4,126,1,276,0
-8,0,205,1,276,0
0,5,206,1,276,0
1,6,214,1,276,0
2,7,231,1,276,0
7,2,246,1,276,0
8,3,253,1,276,0
-1,-2,268,1,276,0
1,-1,269,1,276,0
-2,-6,5,1,276,0
-4,7,24,1,276,0
-2,5,112,1,276,0
8,4,79,1,276,0
3,-8,99,1,276,0
6,-7,109,1,276,0
-1,4,119,1,276,0
5,1,125,1,276,0
5,-4,129,1,276,0
0,6,209,1,276,0
-7,0,211,1,276,0
1,7,219,1,276,0
4,0,224,1,276,0
2,8,225,1,276,0
6,2,238,1,276,0
-4,-2,239,1,276,0
2,-5,249,1,276,0
8,-3,254,1,276,0
7,3,255,1,276,0
-1,-3,261,1,276,0
1,-2,271,1,276,0
0,7,87,1,276,0
-4,8,23,1,276,0
-3,7,32,1,276,0
-1,5,113,1,276,0
7,-1,36,1,276,0
8,-4,62,1,276,0
8,5,77,1,276,0
-2,6,106,1,276,0
6,-8,102,1,276,0
2,-6,113,1,276,0
5,-5,124,1,276,0
4,1,128,1,276,0
3,0,216,1,276,0
-7,-2,219,1,276,0
-6,0,223,1,276,0
5,2,231,1,276,0
-1,-4,255,1,276,0
7,4,266,1,276,0
1,-3,266,1,276,0
6,3,274,1,276,0
-2,7,97,1,277,0
7,-2,37,1,277,0
-1,-5,36,1,277,0
8,6,65,1,277,0
7,5,72,1,277,0
8,-5,75,1,277,0
4,2,83,1,277,0
2,-7,98,1,277,0
5,-6,118,1,277,0
4,-3,137,1,277,0
3,1,212,1,277,0
-5,0,242,1,277,0
1,-4,259,1,277,0
6,4,272,1,277,0
5,3,276,1,277,0
2,0,276,1,277,0
0,-1,276,1,277,0
-1,7,94,1,277,0
-1,-6,12,1,277,0
6,5,29,1,277,0
8,-6,63,1,277,0
4,-4,134,1,277,0
2,1,209,1,277,0
3,2,211,1,277,0
4,3,224,1,277,0
5,4,227,1,277,0
-4,0,249,1,277,0
-3,-2,249,1,277,0
1,-5,253,1,277,0
7,-3,259,1,277,0
8,7,266,1,277,0
0,-2,273,1,277,0
1,0,274,1,277,0
7,6,274,1,277,0
3,-1,276,1,277,0
-1,8,4,1,277,0
6,-1,41,1,277,0
7,-4,64,1,277,0
8,-7,104,1,277,0
1,-6,109,1,277,0
4,-5,126,1,277,0
3,-2,146,1,277,0
1,1,201,1,277,0
2,2,206,1,277,0
3,3,216,1,277,0
0,-3,222,1,277,0
4,4,223,1,277,0
-6,-2,226,1,277,0
5,5,234,1,277,0
-3,0,255,1,277,0
8,8,264,1,277,0
7,7,272,1,277,0
0,0,276,1,277,0
6,6,276,1,277,0
-3,-4,8,1,277,0
6,7,57,1,277,0
5,6,61,1,277,0
4,-6,69,1,277,0
7,-5,82,1,277,0
8,-8,97,1,277,0
1,-7,102,1,277,0
3,-3,143,1,277,0
0,1,277,1,277,0
1,2,198,1,277,0
0,-4,235,1,277,0
-2,0,261,1,277,0
-2,-1,256,1,277,0
7,8,256,1,277,0
4,5,262,1,277,0
6,-2,267,1,277,0
3,4,273,1,277,0
2,3,276,1,277,0
0,-5,44,1,277,0
6,8,53,1,277,0
8,0,102,1,277,0
7,-6,112,1,277,0
1,3,131,1,277,0
3,-4,134,1,277,0
-2,1,169,1,277,0
-2,-2,181,1,277,0
0,2,191,1,277,0
6,-3,243,1,277,0
5,7,251,1,277,0
4,6,259,1,277,0
-1,0,268,1,277,0
3,5,266,1,277,0
2,4,274,1,277,0
2,-1,275,1,277,0
-5,5,3,1,277,0
9,2,3,1,277,0
0,-6,18,1,277,0
6,-4,64,1,277,0
5,8,83,1,277,0
3,-5,86,1,277,0
8,1,106,1,277,0
7,-7,106,1,277,0
3,6,108,1,277,0
7,0,108,1,277,0
2,5,118,1,277,0
2,-2,153,1,277,0
-2,2,171,1,277,0
-1,1,185,1,277,0
0,3,191,1,277,0
1,4,198,1,277,0
5,-1,231,1,277,0
-5,-2,233,1,277,0
4,7,244,1,277,0
-2,-3,244,1,277,0
-4,5,8,1,277,0
8,-1,33,1,277,0
7,-8,94,1,277,0
4,8,95,1,277,0
8,2,97,1,277,0
3,-6,109,1,277,0
2,6,111,1,277,0
7,1,112,1,277,0
6,0,114,1,277,0
6,-5,119,1,277,0
2,-3,143,1,277,0
-1,2,182,1,277,0
1,5,203,1,277,0
-8,-2,214,1,277,0
3,7,238,1,277,0
-2,-4,254,1,277,0
-1,-1,269,1,277,0
5,-2,274,1,277,0
-4,6,14,1,277,0
-3,5,16,1,277,0
8,-2,43,1,277,0
5,-3,57,1,277,0
3,8,97,1,277,0
3,-7,106,1,277,0
6,-6,115,1,277,0
6,1,118,1,277,0
5,0,119,1,277,0
-1,3,126,1,277,0
2,-4,126,1,277,0
-8,0,205,1,277,0
0,5,206,1,277,0
1,6,214,1,277,0
2,7,231,1,277,0
7,2,246,1,277,0
8,3,253,1,277,0
-1,-2,268,1,277,0
1,-1,269,1,277,0
-2,-6,5,1,277,0
-4,7,24,1,277,0
-2,5,112,1,277,0
8,4,79,1,277,0
3,-8,99,1,277,0
6,-7,109,1,277,0
-1,4,119,1,277,0
5,1,125,1,277,0
5,-4,129,1,277,0
0,6,209,1,277,0
-7,0,211,1,277,0
1,7,219,1,277,0
4,0,224,1,277,0
2,8,225,1,277,0
6,2,238,1,277,0
-4,-2,239,1,277,0
2,-5,249,1,277,0
8,-3,254,1,277,0
7,3,255,1,277,0
-1,-3,261,1,277,0
1,-2,271,1,277,0
0,7,87,1,277,0
-4,8,23,1,277,0
-3,7,32,1,277,0
-1,5,113,1,277,0
7,-1,36,1,277,0
8,-4,62,1,277,0
8,5,77,1,277,0
-2,6,106,1,277,0
6,-8,102,1,277,0
2,-6,113,1,277,0
5,-5,124,1,277,0
4,1,128,1,277,0
3,0,216,1,277,0
-7,-2,219,1,277,0
-6,0,223,1,277,0
5,2,231,1,277,0
-1,-4,255,1,277,0
7,4,266,1,277,0
1,-3,266,1,277,0
6,3,274,1,277,0
4,-2,276,1,277,0
-2,7,97,1,278,0
7,-2,37,1,278,0
-1,-5,36,1,278,0
8,6,65,1,278,0
7,5,72,1,278,0
8,-5,75,1,278,0
4,2,83,1,278,0
2,-7,98,1,278,0
5,-6,118,1,278,0
4,-3,137,1,278,0
3,1,212,1,278,0
-5,0,242,1,278,0
1,-4,259,1,278,0
6,4,272,1,278,0
5,3,277,1,278,0
2,0,277,1,278,0
0,-1,277,1,278,0
-1,7,94,1,278,0
-1,-6,12,1,278,0
6,5,29,1,278,0
8,-6,63,1,278,0
4,-4,134,1,278,0
2,1,209,1,278,0
3,2,211,1,278,0
4,3,224,1,278,0
5,4,227,1,278,0
-4,0,249,1,278,0
-3,-2,249,1,278,0
1,-5,253,1,278,0
7,-3,259,1,278,0
8,7,266,1,278,0
0,-2,273,1,278,0
1,0,274,1,278,0
7,6,274,1,278,0
3,-1,276,1,278,0
-1,8,4,1,278,0
6,-1,41,1,278,0
7,-4,64,1,278,0
8,-7,104,1,278,0
1,-6,109,1,278,0
4,-5,126,1,278,0
3,-2,146,1,278,0
1,1,201,1,278,0
2,2,206,1,278,0
3,3,216,1,278,0
0,-3,222,1,278,0
4,4,223,1,278,0
-6,-2,226,1,278,0
5,5,234,1,278,0
-3,0,255,1,278,0
8,8,264,1,278,0
7,7,272,1,278,0
0,0,277,1,278,0
6,6,277,1,278,0
-3,-4,8,1,278,0
6,7,57,1,278,0
5,6,61,1,278,0
4,-6,69,1,278,0
7,-5,82,1,278,0
8,-8,97,1,278,0
1,-7,102,1,278,0
3,-3,143,1,278,0
0,1,278,1,278,0
1,2,198,1,278,0
0,-4,235,1,278,0
-2,0,261,1,278,0
-2,-1,256,1,278,0
7,8,256,1,278,0
4,5,262,1,278,0
6,-2,267,1,278,0
3,4,273,1,278,0
2,3,277,1,278,0
0,-5,44,1,278,0
6,8,53,1,278,0
8,0,102,1,278,0
7,-6,112,1,278,0
1,3,131,1,278,0
3,-4,134,1,278,0
-2,1,169,1,278,0
-2,-2,181,1,278,0
0,2,191,1,278,0
6,-3,243,1,278,0
5,7,251,1,278,0
4,6,259,1,278,0
-1,0,268,1,278,0
3,5,266,1,278,0
2,4,274,1,278,0
2,-1,275,1,278,0
-5,5,3,1,278,0
9,2,3,1,278,0
0,-6,18,1,278,0
6,-4,64,1,278,0
5,8,83,1,278,0
3,-5,86,1,278,0
8,1,106,1,278,0
7,-7,106,1,278,0
3,6,108,1,278,0
7,0,108,1,278,0
2,5,118,1,278,0
2,-2,153,1,278,0
-2,2,171,1,278,0
-1,1,185,1,278,0
0,3,191,1,278,0
1,4,198,1,278,0
5,-1,231,1,278,0
-5,-2,233,1,278,0
4,7,244,1,278,0
-2,-3,244,1,278,0
-4,5,8,1,278,0
8,-1,33,1,278,0
7,-8,94,1,278,0
4,8,95,1,278,0
8,2,97,1,278,0
3,-6,109,1,278,0
2,6,111,1,278,0
7,1,112,1,278,0
6,0,114,1,278,0
6,-5,119,1,278,0
2,-3,143,1,278,0
-1,2,182,1,278,0
1,5,203,1,278,0
-8,-2,214,1,278,0
3,7,238,1,278,0
-2,-4,254,1,278,0
-1,-1,269,1,278,0
5,-2,274,1,278,0
-4,6,14,1,278,0
-3,5,16,1,278,0
8,-2,43,1,278,0
5,-3,57,1,278,0
3,8,97,1,278,0
3,-7,106,1,278,0
6,-6,115,1,278,0
6,1,118,1,278,0
5,0,119,1,278,0
-1,3,126,1,278,0
2,-4,126,1,278,0
-8,0,205,1,278,0
0,5,206,1,278,0
1,6,214,1,278,0
2,7,231,1,278,0
7,2,246,1,278,0
8,3,253,1,278,0
-1,-2,268,1,278,0
1,-1,269,1,278,0
-2,-6,5,1,278,0
-4,7,24,1,278,0
-2,5,112,1,278,0
8,4,79,1,278,0
3,-8,99,1,278,0
6,-7,109,1,278,0
-1,4,119,1,278,0
5,1,125,1,278,0
5,-4,129,1,278,0
0,6,209,1,278,0
-7,0,211,1,278,0
1,7,219,1,278,0
4,0,224,1,278,0
2,8,225,1,278,0
6,2,238,1,278,0
-4,-2,239,1,278,0
2,-5,249,1,278,0
8,-3,254,1,278,0
7,3,255,1,278,0
-1,-3,261,1,278,0
1,-2,271,1,278,0
0,7,87,1,278,0
-4,8,23,1,278,0
-3,7,32,1,278,0
-1,5,113,1,278,0
7,-1,36,1,278,0
8,-4,62,1,278,0
8,5,77,1,278,0
-2,6,106,1,278,0
6,-8,102,1,278,0
2,-6,113,1,278,0
5,-5,124,1,278,0
4,1,128,1,278,0
3,0,216,1,278,0
-7,-2,219,1,278,0
-6,0,223,1,278,0
5,2,231,1,278,0
-1,-4,255,1,278,0
7,4,266,1,278,0
1,-3,266,1,278,0
6,3,274,1,278,0
4,-2,276,1,278,0
-2,7,97,1,279,0
7,-2,37,1,279,0
-1,-5,36,1,279,0
8,6,65,1,279,0
7,5,72,1,279,0
8,-5,75,1,279,0
4,2,83,1,279,0
2,-7,98,1,279,0
5,-6,118,1,279,0
4,-3,137,1,279,0
3,1,212,1,279,0
-5,0,242,1,279,0
1,-4,259,1,279,0
6,4,272,1,279,0
5,3,278,1,279,0
2,0,278,1,279,0
0,-1,278,1,279,0
-1,7,94,1,279,0
-1,-6,12,1,279,0
6,5,29,1,279,0
8,-6,63,1,279,0
4,-4,134,1,279,0
2,1,209,1,279,0
3,2,211,1,279,0
4,3,224,1,279,0
5,4,227,1,279,0
-4,0,249,1,279,0
-3,-2,249,1,279,0
1,-5,253,1,279,0
7,-3,259,1,279,0
8,7,266,1,279,0
0,-2,273,1,279,0
1,0,274,1,279,0
7,6,274,1,279,0
3,-1,277,1,279,0
-1,8,4,1,279,0
6,-1,41,1,279,0
7,-4,64,1,279,0
8,-7,104,1,279,0
1,-6,109,1,279,0
4,-5,126,1,279,0
3,-2,146,1,279,0
1,1,201,1,279,0
2,2,206,1,279,0
3,3,216,1,279,0
0,-3,222,1,279,0
4,4,223,1,279,0
-6,-2,226,1,279,0
5,5,234,1,279,0
-3,0,255,1,279,0
8,8,264,1,279,0
7,7,272,1,279,0
0,0,278,1,279,0
6,6,278,1,279,0
-3,-4,8,1,279,0
6,7,57,1,279,0
5,6,61,1,279,0
4,-6,69,1,279,0
7,-5,82,1,279,0
8,-8,97,1,279,0
1,-7,102,1,279,0
3,-3,143,1,279,0
1,2,198,1,279,0
0,-4,235,1,279,0
-2,0,261,1,279,0
-2,-1,256,1,279,0
7,8,256,1,279,0
4,5,262,1,279,0
6,-2,267,1,279,0
3,4,273,1,279,0
0,1,279,1,279,0
2,3,278,1,279,0
0,-5,44,1,279,0
6,8,53,1,279,0
8,0,102,1,279,0
7,-6,112,1,279,0
1,3,131,1,279,0
3,-4,134,1,279,0
-2,1,169,1,279,0
-2,-2,181,1,279,0
0,2,191,1,279,0
6,-3,243,1,279,0
5,7,251,1,279,0
4,6,259,1,279,0
-1,0,268,1,279,0
3,5,266,1,279,0
2,4,274,1,279,0
2,-1,275,1,279,0
-5,5,3,1,279,0
9,2,3,1,279,0
0,-6,18,1,279,0
6,-4,64,1,279,0
5,8,83,1,279,0
3,-5,86,1,279,0
8,1,106,1,279,0
7,-7,106,1,279,0
3,6,108,1,279,0
7,0,108,1,279,0
2,5,118,1,279,0
2,-2,153,1,279,0
-2,2,171,1,279,0
-1,1,185,1,279,0
0,3,191,1,279,0
1,4,198,1,279,0
5,-1,231,1,279,0
-5,-2,233,1,279,0
4,7,244,1,279,0
-2,-3,244,1,279,0
-4,5,8,1,279,0
8,-1,33,1,279,0
7,-8,94,1,279,0
4,8,95,1,279,0
8,2,97,1,279,0
3,-6,109,1,279,0
2,6,111,1,279,0
7,1,112,1,279,0
6,0,114,1,279,0
6,-5,119,1,279,0
2,-3,143,1,279,0
-1,2,182,1,279,0
1,5,203,1,279,0
-8,-2,214,1,279,0
3,7,238,1,279,0
-2,-4,254,1,279,0
-1,-1,269,1,279,0
5,-2,274,1,279,0
-4,6,14,1,279,0
-3,5,16,1,279,0
8,-2,43,1,279,0
5,-3,57,1,279,0
3,8,97,1,279,0
3,-7,106,1,279,0
6,-6,115,1,279,0
6,1,118,1,279,0
5,0,119,1,279,0
-1,3,126,1,279,0
2,-4,126,1,279,0
-8,0,205,1,279,0
0,5,206,1,279,0
1,6,214,1,279,0
2,7,231,1,279,0
7,2,246,1,279,0
8,3,253,1,279,0
-1,-2,268,1,279,0
1,-1,269,1,279,0
-2,-6,5,1,279,0
-4,7,24,1,279,0
-2,5,112,1,279,0
8,4,79,1,279,0
3,-8,99,1,279,0
6,-7,109,1,279,0
-1,4,119,1,279,0
5,1,125,1,279,0
5,-4,129,1,279,0
0,6,209,1,279,0
-7,0,211,1,279,0
1,7,219,1,279,0
4,0,224,1,279,0
2,8,225,1,279,0
6,2,238,1,279,0
-4,-2,239,1,279,0
2,-5,249,1,279,0
8,-3,254,1,279,0
7,3,255,1,279,0
-1,-3,261,1,279,0
1,-2,271,1,279,0
0,7,87,1,279,0
-4,8,23,1,279,0
-3,7,32,1,279,0
-1,5,113,1,279,0
7,-1,36,1,279,0
8,-4,62,1,279,0
8,5,77,1,279,0
-2,6,106,1,279,0
6,-8,102,1,279,0
2,-6,113,1,279,0
5,-5,124,1,279,0
4,1,128,1,279,0
3,0,216,1,279,0
-7,-2,219,1,279,0
-6,0,223,1,279,0
5,2,231,1,279,0
-1,-4,255,1,279,0
7,4,266,1,279,0
1,-3,266,1,279,0
6,3,274,1,279,0
4,-2,277,1,279,0
-2,7,97,1,280,0
7,-2,37,1,280,0
-1,-5,36,1,280,0
8,6,65,1,280,0
7,5,72,1,280,0
8,-5,75,1,280,0
4,2,83,1,280,0
2,-7,98,1,280,0
5,-6,118,1,280,0
4,-3,137,1,280,0
3,1,212,1,280,0
-5,0,242,1,280,0
1,-4,259,1,280,0
6,4,272,1,280,0
5,3,279,1,280,0
2,0,279,1,280,0
0,-1,279,1,280,0
-1,7,94,1,280,0
-1,-6,12,1,280,0
6,5,29,1,280,0
8,-6,63,1,280,0
4,-4,134,1,280,0
2,1,209,1,280,0
3,2,211,1,280,0
4,3,224,1,280,0
5,4,227,1,280,0
-4,0,249,1,280,0
-3,-2,249,1,280,0
1,-5,253,1,280,0
7,-3,259,1,280,0
8,7,266,1,280,0
0,-2,273,1,280,0
1,0,274,1,280,0
7,6,274,1,280,0
3,-1,279,1,280,0
-1,8,4,1,280,0
6,-1,41,1,280,0
7,-4,64,1,280,0
8,-7,104,1,280,0
1,-6,109,1,280,0
4,-5,126,1,280,0
3,-2,146,1,280,0
1,1,201,1,280,0
2,2,206,1,280,0
3,3,216,1,280,0
0,-3,222,1,280,0
4,4,223,1,280,0
-6,-2,226,1,280,0
5,5,234,1,280,0
-3,0,255,1,280,0
8,8,264,1,280,0
7,7,272,1,280,0
0,0,279,1,280,0
6,6,279,1,280,0
-3,-4,8,1,280,0
6,7,57,1,280,0
5,6,61,1,280,0
4,-6,69,1,280,0
7,-5,82,1,280,0
8,-8,97,1,280,0
1,-7,102,1,280,0
3,-3,143,1,280,0
1,2,198,1,280,0
0,-4,235,1,280,0
-2,0,261,1,280,0
-2,-1,256,1,280,0
7,8,256,1,280,0
4,5,262,1,280,0
6,-2,267,1,280,0
3,4,273,1,280,0
0,1,279,1,280,0
2,3,279,1,280,0
0,-5,44,1,280,0
6,8,53,1,280,0
8,0,102,1,280,0
7,-6,112,1,280,0
1,3,131,1,280,0
3,-4,134,1,280,0
-2,1,169,1,280,0
-2,-2,181,1,280,0
0,2,191,1,280,0
6,-3,243,1,280,0
5,7,251,1,280,0
4,6,259,1,280,0
-1,0,268,1,280,0
3,5,266,1,280,0
2,4,274,1,280,0
2,-1,275,1,280,0
-5,5,3,1,280,0
9,2,3,1,280,0
0,-6,18,1,280,0
6,-4,64,1,280,0
5,8,83,1,280,0
3,-5,86,1,280,0
8,1,106,1,280,0
7,-7,106,1,280,0
3,6,108,1,280,0
7,0,108,1,280,0
2,5,118,1,280,0
2,-2,153,1,280,0
-2,2,171,1,280,0
-1,1,185,1,280,0
0,3,191,1,280,0
1,4,198,1,280,0
5,-1,231,1,280,0
-5,-2,233,1,280,0
4,7,244,1,280,0
-2,-3,244,1,280,0
-4,5,8,1,280,0
8,-1,33,1,280,0
7,-8,94,1,280,0
4,8,95,1,280,0
8,2,97,1,280,0
3,-6,109,1,280,0
2,6,111,1,280,0
7,1,112,1,280,0
6,0,114,1,280,0
6,-5,119,1,280,0
2,-3,143,1,280,0
-1,2,182,1,280,0
1,5,203,1,280,0
-8,-2,214,1,280,0
3,7,238,1,280,0
-2,-4,254,1,280,0
-1,-1,269,1,280,0
5,-2,274,1,280,0
-4,6,14,1,280,0
-3,5,16,1,280,0
8,-2,43,1,280,0
5,-3,57,1,280,0
3,8,97,1,280,0
3,-7,106,1,280,0
6,-6,115,1,280,0
6,1,118,1,280,0
5,0,119,1,280,0
-1,3,126,1,280,0
2,-4,126,1,280,0
-8,0,205,1,280,0
0,5,206,1,280,0
1,6,214,1,280,0
2,7,231,1,280,0
7,2,246,1,280,0
8,3,253,1,280,0
-1,-2,268,1,280,0
1,-1,269,1,280,0
-2,-6,5,1,280,0
-4,7,24,1,280,0
-2,5,112,1,280,0
8,4,79,1,280,0
3,-8,99,1,280,0
6,-7,109,1,280,0
-1,4,119,1,280,0
5,1,125,1,280,0
5,-4,129,1,280,0
0,6,209,1,280,0
-7,0,211,1,280,0
1,7,219,1,280,0
4,0,224,1,280,0
2,8,225,1,280,0
6,2,238,1,280,0
-4,-2,239,1,280,0
2,-5,249,1,280,0
8,-3,254,1,280,0
7,3,255,1,280,0
-1,-3,261,1,280,0
1,-2,271,1,280,0
4,-1,278,1,280,0
0,7,87,1,280,0
-4,8,23,1,280,0
-3,7,32,1,280,0
-1,5,113,1,280,0
7,-1,36,1,280,0
8,-4,62,1,280,0
8,5,77,1,280,0
-2,6,106,1,280,0
6,-8,102,1,280,0
2,-6,113,1,280,0
5,-5,124,1,280,0
4,1,128,1,280,0
3,0,216,1,280,0
-7,-2,219,1,280,0
-6,0,223,1,280,0
5,2,231,1,280,0
-1,-4,255,1,280,0
7,4,266,1,280,0
1,-3,266,1,280,0
6,3,274,1,280,0
4,-2,277,1,280,0
-2,7,97,1,281,0
7,-2,37,1,281,0
-1,-5,36,1,281,0
8,6,65,1,281,0
7,5,72,1,281,0
8,-5,75,1,281,0
4,2,83,1,281,0
2,-7,98,1,281,0
5,-6,118,1,281,0
4,-3,137,1,281,0
3,1,212,1,281,0
-5,0,242,1,281,0
1,-4,259,1,281,0
6,4,272,1,281,0
5,3,279,1,281,0
2,0,279,1,281,0
0,-1,279,1,281,0
-1,7,94,1,281,0
-1,-6,12,1,281,0
6,5,29,1,281,0
8,-6,63,1,281,0
4,-4,134,1,281,0
2,1,209,1,281,0
3,2,211,1,281,0
4,3,224,1,281,0
5,4,227,1,281,0
-4,0,249,1,281,0
-3,-2,249,1,281,0
1,-5,253,1,281,0
7,-3,259,1,281,0
8,7,266,1,281,0
0,-2,273,1,281,0
1,0,274,1,281,0
7,6,274,1,281,0
3,-1,279,1,281,0
-1,8,4,1,281,0
6,-1,41,1,281,0
7,-4,64,1,281,0
8,-7,104,1,281,0
1,-6,109,1,281,0
4,-5,126,1,281,0
3,-2,146,1,281,0
1,1,201,1,281,0
2,2,206,1,281,0
3,3,216,1,281,0
0,-3,222,1,281,0
4,4,223,1,281,0
-6,-2,226,1,281,0
5,5,234,1,281,0
-3,0,255,1,281,0
8,8,264,1,281,0
7,7,272,1,281,0
0,0,279,1,281,0
6,6,279,1,281,0
-3,-4,8,1,281,0
6,7,57,1,281,0
5,6,61,1,281,0
4,-6,69,1,281,0
7,-5,82,1,281,0
8,-8,97,1,281,0
1,-7,102,1,281,0
3,-3,143,1,281,0
1,2,198,1,281,0
0,-4,235,1,281,0
-2,0,261,1,281,0
-2,-1,256,1,281,0
7,8,256,1,281,0
4,5,262,1,281,0
6,-2,267,1,281,0
3,4,273,1,281,0
2,3,279,1,281,0
0,1,281,1,281,0
0,-5,44,1,281,0
6,8,53,1,281,0
8,0,102,1,281,0
7,-6,112,1,281,0
1,3,131,1,281,0
3,-4,134,1,281,0
-2,1,169,1,281,0
-2,-2,181,1,281,0
0,2,191,1,281,0
6,-3,243,1,281,0
5,7,251,1,281,0
4,6,259,1,281,0
-1,0,268,1,281,0
3,5,266,1,281,0
2,4,274,1,281,0
2,-1,275,1,281,0
-5,5,3,1,281,0
9,2,3,1,281,0
0,-6,18,1,281,0
6,-4,64,1,281,0
5,8,83,1,281,0
3,-5,86,1,281,0
8,1,106,1,281,0
7,-7,106,1,281,0
3,6,108,1,281,0
7,0,108,1,281,0
2,5,118,1,281,0
2,-2,153,1,281,0
-2,2,171,1,281,0
-1,1,185,1,281,0
0,3,191,1,281,0
1,4,198,1,281,0
5,-1,231,1,281,0
-5,-2,233,1,281,0
4,7,244,1,281,0
-2,-3,244,1,281,0
-4,5,8,1,281,0
8,-1,33,1,281,0
7,-8,94,1,281,0
4,8,95,1,281,0
8,2,97,1,281,0
3,-6,109,1,281,0
2,6,111,1,281,0
7,1,112,1,281,0
6,0,114,1,281,0
6,-5,119,1,281,0
2,-3,143,1,281,0
-1,2,182,1,281,0
1,5,203,1,281,0
-8,-2,214,1,281,0
3,7,238,1,281,0
-2,-4,254,1,281,0
-1,-1,269,1,281,0
5,-2,274,1,281,0
-4,6,14,1,281,0
-3,5,16,1,281,0
8,-2,43,1,281,0
5,-3,57,1,281,0
3,8,97,1,281,0
3,-7,106,1,281,0
6,-6,115,1,281,0
6,1,118,1,281,0
5,0,119,1,281,0
-1,3,126,1,281,0
2,-4,126,1,281,0
-8,0,205,1,281,0
0,5,206,1,281,0
1,6,214,1,281,0
2,7,231,1,281,0
7,2,246,1,281,0
8,3,253,1,281,0
-1,-2,268,1,281,0
1,-1,269,1,281,0
-2,-6,5,1,281,0
-4,7,24,1,281,0
-2,5,112,1,281,0
8,4,79,1,281,0
3,-8,99,1,281,0
6,-7,109,1,281,0
-1,4,119,1,281,0
5,1,125,1,281,0
5,-4,129,1,281,0
0,6,209,1,281,0
-7,0,211,1,281,0
1,7,219,1,281,0
4,0,224,1,281,0
2,8,225,1,281,0
6,2,238,1,281,0
-4,-2,239,1,281,0
2,-5,249,1,281,0
8,-3,254,1,281,0
7,3,255,1,281,0
-1,-3,261,1,281,0
1,-2,271,1,281,0
4,-1,279,1,281,0
0,7,87,1,281,0
-4,8,23,1,281,0
-3,7,32,1,281,0
-1,5,113,1,281,0
7,-1,36,1,281,0
8,-4,62,1,281,0
8,5,77,1,281,0
-2,6,106,1,281,0
6,-8,102,1,281,0
2,-6,113,1,281,0
5,-5,124,1,281,0
4,1,128,1,281,0
3,0,216,1,281,0
-7,-2,219,1,281,0
-6,0,223,1,281,0
5,2,231,1,281,0
-1,-4,255,1,281,0
7,4,266,1,281,0
1,-3,266,1,281,0
6,3,274,1,281,0
4,-2,277,1,281,0
-2,7,97,1,282,0
7,-2,37,1,282,0
-1,-5,36,1,282,0
8,6,65,1,282,0
7,5,72,1,282,0
8,-5,75,1,282,0
4,2,83,1,282,0
2,-7,98,1,282,0
5,-6,118,1,282,0
4,-3,137,1,282,0
3,1,212,1,282,0
-5,0,242,1,282,0
1,-4,259,1,282,0
6,4,272,1,282,0
2,0,279,1,282,0
0,-1,279,1,282,0
5,3,281,1,282,0
-1,7,94,1,282,0
-1,-6,12,1,282,0
6,5,29,1,282,0
8,-6,63,1,282,0
4,-4,134,1,282,0
3,2,211,1,282,0
4,3,224,1,282,0
5,4,227,1,282,0
-4,0,249,1,282,0
-3,-2,249,1,282,0
1,-5,253,1,282,0
7,-3,259,1,282,0
8,7,266,1,282,0
0,-2,273,1,282,0
1,0,274,1,282,0
7,6,274,1,282,0
3,-1,281,1,282,0
2,1,281,1,282,0
-1,8,4,1,282,0
6,-1,41,1,282,0
7,-4,64,1,282,0
8,-7,104,1,282,0
1,-6,109,1,282,0
4,-5,126,1,282,0
3,-2,146,1,282,0
1,1,201,1,282,0
2,2,206,1,282,0
3,3,216,1,282,0
0,-3,222,1,282,0
4,4,223,1,282,0
-6,-2,226,1,282,0
5,5,234,1,282,0
-3,0,255,1,282,0
8,8,264,1,282,0
7,7,272,1,282,0
6,6,279,1,282,0
0,0,281,1,282,0
-3,-4,8,1,282,0
6,7,57,1,282,0
5,6,61,1,282,0
4,-6,69,1,282,0
7,-5,82,1,282,0
8,-8,97,1,282,0
1,-7,102,1,282,0
3,-3,143,1,282,0
1,2,198,1,282,0
0,-4,235,1,282,0
-2,0,261,1,282,0
-2,-1,256,1,282,0
7,8,256,1,282,0
4,5,262,1,282,0
6,-2,267,1,282,0
3,4,273,1,282,0
0,1,282,1,282,0
2,3,281,1,282,0
0,-5,44,1,282,0
6,8,53,1,282,0
8,0,102,1,282,0
7,-6,112,1,282,0
1,3,131,1,282,0
3,-4,134,1,282,0
-2,1,169,1,282,0
-2,-2,181,1,282,0
0,2,191,1,282,0
6,-3,243,1,282,0
5,7,251,1,282,0
4,6,259,1,282,0
-1,0,268,1,282,0
3,5,266,1,282,0
2,4,274,1,282,0
2,-1,275,1,282,0
-5,5,3,1,282,0
9,2,3,1,282,0
0,-6,18,1,282,0
6,-4,64,1,282,0
5,8,83,1,282,0
3,-5,86,1,282,0
8,1,106,1,282,0
7,-7,106,1,282,0
3,6,108,1,282,0
7,0,108,1,282,0
2,5,118,1,282,0
2,-2,153,1,282,0
-2,2,171,1,282,0
-1,1,185,1,282,0
0,3,191,1,282,0
1,4,198,1,282,0
5,-1,231,1,282,0
-5,-2,233,1,282,0
4,7,244,1,282,0
-2,-3,244,1,282,0
-4,5,8,1,282,0
8,-1,33,1,282,0
7,-8,94,1,282,0
4,8,95,1,282,0
8,2,97,1,282,0
3,-6,109,1,282,0
2,6,111,1,282,0
7,1,112,1,282,0
6,0,114,1,282,0
6,-5,119,1,282,0
2,-3,143,1,282,0
-1,2,182,1,282,0
1,5,203,1,282,0
-8,-2,214,1,282,0
3,7,238,1,282,0
-2,-4,254,1,282,0
-1,-1,269,1,282,0
5,-2,274,1,282,0
-4,6,14,1,282,0
-3,5,16,1,282,0
8,-2,43,1,282,0
5,-3,57,1,282,0
3,8,97,1,282,0
3,-7,106,1,282,0
6,-6,115,1,282,0
6,1,118,1,282,0
5,0,119,1,282,0
-1,3,126,1,282,0
2,-4,126,1,282,0
-8,0,205,1,282,0
0,5,206,1,282,0
1,6,214,1,282,0
2,7,231,1,282,0
7,2,246,1,282,0
8,3,253,1,282,0
-1,-2,268,1,282,0
1,-1,269,1,282,0
-2,-6,5,1,282,0
-4,7,24,1,282,0
-2,5,112,1,282,0
8,4,79,1,282,0
3,-8,99,1,282,0
6,-7,109,1,282,0
-1,4,119,1,282,0
5,1,125,1,282,0
5,-4,129,1,282,0
0,6,209,1,282,0
-7,0,211,1,282,0
1,7,219,1,282,0
4,0,224,1,282,0
2,8,225,1,282,0
6,2,238,1,282,0
-4,-2,239,1,282,0
2,-5,249,1,282,0
8,-3,254,1,282,0
7,3,255,1,282,0
-1,-3,261,1,282,0
1,-2,271,1,282,0
4,-1,279,1,282,0
0,7,87,1,282,0
-4,8,23,1,282,0
-3,7,32,1,282,0
-1,5,113,1,282,0
7,-1,36,1,282,0
8,-4,62,1,282,0
8,5,77,1,282,0
-2,6,106,1,282,0
6,-8,102,1,282,0
2,-6,113,1,282,0
5,-5,124,1,282,0
4,1,128,1,282,0
3,0,216,1,282,0
-7,-2,219,1,282,0
-6,0,223,1,282,0
5,2,231,1,282,0
-1,-4,255,1,282,0
7,4,266,1,282,0
1,-3,266,1,282,0
6,3,274,1,282,0
4,-2,277,1,282,0
-2,7,97,1,283,0
7,-2,37,1,283,0
-1,-5,36,1,283,0
8,6,65,1,283,0
7,5,72,1,283,0
8,-5,75,1,283,0
4,2,83,1,283,0
2,-7,98,1,283,0
5,-6,118,1,283,0
4,-3,137,1,283,0
3,1,212,1,283,0
-5,0,242,1,283,0
1,-4,259,1,283,0
6,4,272,1,283,0
2,0,279,1,283,0
0,-1,279,1,283,0
5,3,281,1,283,0
-1,7,94,1,283,0
-1,-6,12,1,283,0
6,5,29,1,283,0
8,-6,63,1,283,0
4,-4,134,1,283,0
3,2,211,1,283,0
5,4,227,1,283,0
-4,0,249,1,283,0
-3,-2,249,1,283,0
1,-5,253,1,283,0
7,-3,259,1,283,0
8,7,266,1,283,0
0,-2,273,1,283,0
1,0,274,1,283,0
7,6,274,1,283,0
4,3,282,1,283,0
2,1,282,1,283,0
3,-1,282,1,283,0
-1,8,4,1,283,0
6,-1,41,1,283,0
7,-4,64,1,283,0
8,-7,104,1,283,0
1,-6,109,1,283,0
4,-5,126,1,283,0
3,-2,146,1,283,0
1,1,201,1,283,0
3,3,216,1,283,0
0,-3,222,1,283,0
4,4,223,1,283,0
-6,-2,226,1,283,0
5,5,234,1,283,0
-3,0,255,1,283,0
8,8,264,1,283,0
7,7,272,1,283,0
6,6,281,1,283,0
2,2,282,1,283,0
0,0,282,1,283,0
-3,-4,8,1,283,0
6,7,57,1,283,0
5,6,61,1,283,0
4,-6,69,1,283,0
7,-5,82,1,283,0
8,-8,97,1,283,0
1,-7,102,1,283,0
3,-3,143,1,283,0
1,2,198,1,283,0
0,-4,235,1,283,0
-2,0,261,1,283,0
-2,-1,256,1,283,0
7,8,256,1,283,0
4,5,262,1,283,0
6,-2,267,1,283,0
3,4,273,1,283,0
2,3,281,1,283,0
0,1,283,1,283,0
0,-5,44,1,283,0
6,8,53,1,283,0
8,0,102,1,283,0
7,-6,112,1,283,0
1,3,131,1,283,0
3,-4,134,1,283,0
-2,1,169,1,283,0
-2,-2,181,1,283,0
0,2,191,1,283,0
6,-3,243,1,283,0
5,7,251,1,283,0
4,6,259,1,283,0
-1,0,268,1,283,0
3,5,266,1,283,0
2,4,274,1,283,0
2,-1,275,1,283,0
-5,5,3,1,283,0
9,2,3,1,283,0
0,-6,18,1,283,0
6,-4,64,1,283,0
5,8,83,1,283,0
3,-5,86,1,283,0
8,1,106,1,283,0
7,-7,106,1,283,0
3,6,108,1,283,0
7,0,108,1,283,0
2,5,118,1,283,0
2,-2,153,1,283,0
-2,2,171,1,283,0
-1,1,185,1,283,0
0,3,191,1,283,0
1,4,198,1,283,0
5,-1,231,1,283,0
-5,-2,233,1,283,0
4,7,244,1,283,0
-2,-3,244,1,283,0
-4,5,8,1,283,0
8,-1,33,1,283,0
7,-8,94,1,283,0
4,8,95,1,283,0
8,2,97,1,283,0
3,-6,109,1,283,0
2,6,111,1,283,0
7,1,112,1,283,0
6,0,114,1,283,0
6,-5,119,1,283,0
2,-3,143,1,283,0
-1,2,182,1,283,0
1,5,203,1,283,0
-8,-2,214,1,283,0
3,7,238,1,283,0
-2,-4,254,1,283,0
-1,-1,269,1,283,0
5,-2,274,1,283,0
-4,6,14,1,283,0
-3,5,16,1,283,0
8,-2,43,1,283,0
5,-3,57,1,283,0
3,8,97,1,283,0
3,-7,106,1,283,0
6,-6,115,1,283,0
6,1,118,1,283,0
5,0,119,1,283,0
-1,3,126,1,283,0
2,-4,126,1,283,0
-8,0,205,1,283,0
0,5,206,1,283,0
1,6,214,1,283,0
2,7,231,1,283,0
7,2,246,1,283,0
8,3,253,1,283,0
-1,-2,268,1,283,0
1,-1,269,1,283,0
-2,-6,5,1,283,0
-4,7,24,1,283,0
-2,5,112,1,283,0
8,4,79,1,283,0
3,-8,99,1,283,0
6,-7,109,1,283,0
-1,4,119,1,283,0
5,1,125,1,283,0
5,-4,129,1,283,0
0,6,209,1,283,0
-7,0,211,1,283,0
1,7,219,1,283,0
4,0,224,1,283,0
2,8,225,1,283,0
6,2,238,1,283,0
-4,-2,239,1,283,0
2,-5,249,1,283,0
8,-3,254,1,283,0
7,3,255,1,283,0
-1,-3,261,1,283,0
1,-2,271,1,283,0
4,-1,279,1,283,0
0,7,87,1,283,0
-4,8,23,1,283,0
-3,7,32,1,283,0
-1,5,113,1,283,0
7,-1,36,1,283,0
8,-4,62,1,283,0
8,5,77,1,283,0
-2,6,106,1,283,0
6,-8,102,1,283,0
2,-6,113,1,283,0
5,-5,124,1,283,0
4,1,128,1,283,0
3,0,216,1,283,0
-7,-2,219,1,283,0
-6,0,223,1,283,0
5,2,231,1,283,0
-1,-4,255,1,283,0
7,4,266,1,283,0
1,-3,266,1,283,0
6,3,274,1,283,0
4,-2,277,1,283,0
-2,7,97,1,284,0
7,-2,37,1,284,0
-1,-5,36,1,284,0
8,6,65,1,284,0
7,5,72,1,284,0
8,-5,75,1,284,0
4,2,83,1,284,0
2,-7,98,1,284,0
5,-6,118,1,284,0
4,-3,137,1,284,0
3,1,212,1,284,0
-5,0,242,1,284,0
1,-4,259,1,284,0
6,4,272,1,284,0
2,0,279,1,284,0
0,-1,279,1,284,0
5,3,281,1,284,0
-1,7,94,1,284,0
-1,-6,12,1,284,0
8,-6,63,1,284,0
4,-4,134,1,284,0
3,2,211,1,284,0
5,4,227,1,284,0
-4,0,249,1,284,0
-3,-2,249,1,284,0
1,-5,253,1,284,0
7,-3,259,1,284,0
8,7,266,1,284,0
0,-2,273,1,284,0
1,0,274,1,284,0
7,6,274,1,284,0
4,3,283,1,284,0
2,1,283,1,284,0
3,-1,283,1,284,0
6,5,283,1,284,0
-1,8,4,1,284,0
6,-1,41,1,284,0
7,-4,64,1,284,0
8,-7,104,1,284,0
1,-6,109,1,284,0
4,-5,126,1,284,0
3,-2,146,1,284,0
1,1,201,1,284,0
3,3,216,1,284,0
0,-3,222,1,284,0
4,4,223,1,284,0
-6,-2,226,1,284,0
5,5,234,1,284,0
-3,0,255,1,284,0
8,8,264,1,284,0
7,7,272,1,284,0
6,6,281,1,284,0
2,2,283,1,284,0
0,0,283,1,284,0
-3,-4,8,1,284,0
6,7,57,1,284,0
5,6,61,1,284,0
4,-6,69,1,284,0
7,-5,82,1,284,0
8,-8,97,1,284,0
1,-7,102,1,284,0
3,-3,143,1,284,0
1,2,198,1,284,0
0,-4,235,1,284,0
-2,0,261,1,284,0
-2,-1,256,1,284,0
7,8,256,1,284,0
4,5,262,1,284,0
6,-2,267,1,284,0
3,4,273,1,284,0
2,3,281,1,284,0
0,1,283,1,284,0
0,-5,44,1,284,0
6,8,53,1,284,0
8,0,102,1,284,0
7,-6,112,1,284,0
1,3,131,1,284,0
3,-4,134,1,284,0
-2,1,169,1,284,0
-2,-2,181,1,284,0
0,2,284,1,284,0
6,-3,243,1,284,0
5,7,251,1,284,0
4,6,259,1,284,0
-1,0,268,1,284,0
3,5,266,1,284,0
2,4,274,1,284,0
2,-1,275,1,284,0
-5,5,3,1,284,0
9,2,3,1,284,0
0,-6,18,1,284,0
6,-4,64,1,284,0
5,8,83,1,284,0
3,-5,86,1,284,0
8,1,106,1,284,0
7,-7,106,1,284,0
3,6,108,1,284,0
7,0,108,1,284,0
2,5,118,1,284,0
2,-2,153,1,284,0
-2,2,171,1,284,0
-1,1,185,1,284,0
0,3,191,1,284,0
1,4,198,1,284,0
5,-1,231,1,284,0
-5,-2,233,1,284,0
4,7,244,1,284,0
-2,-3,244,1,284,0
-4,5,8,1,284,0
8,-1,33,1,284,0
7,-8,94,1,284,0
4,8,95,1,284,0
8,2,97,1,284,0
3,-6,109,1,284,0
2,6,111,1,284,0
7,1,112,1,284,0
6,0,114,1,284,0
6,-5,119,1,284,0
2,-3,143,1,284,0
-1,2,182,1,284,0
1,5,203,1,284,0
-8,-2,214,1,284,0
3,7,238,1,284,0
-2,-4,254,1,284,0
-1,-1,269,1,284,0
5,-2,274,1,284,0
-4,6,14,1,284,0
-3,5,16,1,284,0
8,-2,43,1,284,0
5,-3,57,1,284,0
3,8,97,1,284,0
3,-7,106,1,284,0
6,-6,115,1,284,0
6,1,118,1,284,0
5,0,119,1,284,0
-1,3,126,1,284,0
2,-4,126,1,284,0
-8,0,205,1,284,0
0,5,206,1,284,0
1,6,214,1,284,0
2,7,231,1,284,0
7,2,246,1,284,0
8,3,253,1,284,0
-1,-2,268,1,284,0
1,-1,269,1,284,0
-2,-6,5,1,284,0
-4,7,24,1,284,0
-2,5,112,1,284,0
8,4,79,1,284,0
3,-8,99,1,284,0
6,-7,109,1,284,0
-1,4,119,1,284,0
5,1,125,1,284,0
5,-4,129,1,284,0
0,6,209,1,284,0
-7,0,211,1,284,0
1,7,219,1,284,0
4,0,224,1,284,0
2,8,225,1,284,0
6,2,238,1,284,0
-4,-2,239,1,284,0
2,-5,249,1,284,0
8,-3,254,1,284,0
7,3,255,1,284,0
-1,-3,261,1,284,0
1,-2,271,1,284,0
4,-1,279,1,284,0
0,7,87,1,284,0
-4,8,23,1,284,0
-3,7,32,1,284,0
-1,5,113,1,284,0
7,-1,36,1,284,0
8,-4,62,1,284,0
8,5,77,1,284,0
-2,6,106,1,284,0
6,-8,102,1,284,0
2,-6,113,1,284,0
5,-5,124,1,284,0
4,1,128,1,284,0
3,0,216,1,284,0
-7,-2,219,1,284,0
-6,0,223,1,284,0
5,2,231,1,284,0
-1,-4,255,1,284,0
7,4,266,1,284,0
1,-3,266,1,284,0
6,3,274,1,284,0
4,-2,277,1,284,0
-2,7,97,1,285,0
7,-2,37,1,285,0
-1,-5,36,1,285,0
8,6,65,1,285,0
7,5,72,1,285,0
8,-5,75,1,285,0
4,2,83,1,285,0
2,-7,98,1,285,0
5,-6,118,1,285,0
4,-3,137,1,285,0
3,1,212,1,285,0
-5,0,242,1,285,0
1,-4,259,1,285,0
6,4,272,1,285,0
2,0,279,1,285,0
0,-1,279,1,285,0
5,3,281,1,285,0
-1,7,94,1,285,0
-1,-6,12,1,285,0
8,-6,63,1,285,0
4,-4,134,1,285,0
3,2,211,1,285,0
5,4,227,1,285,0
-4,0,249,1,285,0
-3,-2,249,1,285,0
1,-5,253,1,285,0
7,-3,259,1,285,0
8,7,266,1,285,0
0,-2,273,1,285,0
1,0,274,1,285,0
7,6,274,1,285,0
6,5,283,1,285,0
4,3,284,1,285,0
2,1,284,1,285,0
3,-1,284,1,285,0
-1,8,4,1,285,0
6,-1,41,1,285,0
7,-4,64,1,285,0
8,-7,104,1,285,0
1,-6,109,1,285,0
4,-5,126,1,285,0
3,-2,146,1,285,0
1,1,201,1,285,0
3,3,216,1,285,0
0,-3,222,1,285,0
4,4,223,1,285,0
-6,-2,226,1,285,0
-3,0,255,1,285,0
8,8,264,1,285,0
7,7,272,1,285,0
6,6,281,1,285,0
2,2,284,1,285,0
0,0,284,1,285,0
5,5,284,1,285,0
-3,-4,8,1,285,0
6,7,57,1,285,0
5,6,61,1,285,0
4,-6,69,1,285,0
7,-5,82,1,285,0
8,-8,97,1,285,0
1,-7,102,1,285,0
3,-3,143,1,285,0
1,2,198,1,285,0
0,-4,235,1,285,0
-2,0,261,1,285,0
-2,-1,256,1,285,0
7,8,256,1,285,0
4,5,262,1,285,0
6,-2,267,1,285,0
3,4,273,1,285,0
2,3,281,1,285,0
0,1,284,1,285,0
0,-5,44,1,285,0
6,8,53,1,285,0
8,0,102,1,285,0
7,-6,112,1,285,0
1,3,131,1,285,0
3,-4,134,1,285,0
-2,1,169,1,285,0
-2,-2,181,1,285,0
0,2,285,1,285,0
6,-3,243,1,285,0
5,7,251,1,285,0
4,6,259,1,285,0
-1,0,268,1,285,0
3,5,266,1,285,0
2,4,274,1,285,0
2,-1,275,1,285,0
-5,5,3,1,285,0
9,2,3,1,285,0
0,-6,18,1,285,0
6,-4,64,1,285,0
5,8,83,1,285,0
3,-5,86,1,285,0
8,1,106,1,285,0
7,-7,106,1,285,0
3,6,108,1,285,0
7,0,108,1,285,0
2,5,118,1,285,0
2,-2,153,1,285,0
-2,2,171,1,285,0
-1,1,185,1,285,0
0,3,191,1,285,0
1,4,198,1,285,0
5,-1,231,1,285,0
-5,-2,233,1,285,0
4,7,244,1,285,0
-2,-3,244,1,285,0
-4,5,8,1,285,0
8,-1,33,1,285,0
7,-8,94,1,285,0
4,8,95,1,285,0
8,2,97,1,285,0
3,-6,109,1,285,0
2,6,111,1,285,0
7,1,112,1,285,0
6,0,114,1,285,0
6,-5,119,1,285,0
2,-3,143,1,285,0
-1,2,182,1,285,0
1,5,203,1,285,0
-8,-2,214,1,285,0
3,7,238,1,285,0
-2,-4,254,1,285,0
-1,-1,269,1,285,0
5,-2,274,1,285,0
-4,6,14,1,285,0
-3,5,16,1,285,0
8,-2,43,1,285,0
5,-3,57,1,285,0
3,8,97,1,285,0
3,-7,106,1,285,0
6,-6,115,1,285,0
6,1,118,1,285,0
5,0,119,1,285,0
-1,3,126,1,285,0
2,-4,126,1,285,0
-8,0,205,1,285,0
0,5,206,1,285,0
1,6,214,1,285,0
2,7,231,1,285,0
7,2,246,1,285,0
8,3,253,1,285,0
-1,-2,268,1,285,0
1,-1,269,1,285,0
-2,-6,5,1,285,0
-4,7,24,1,285,0
-2,5,112,1,285,0
8,4,79,1,285,0
3,-8,99,1,285,0
6,-7,109,1,285,0
-1,4,119,1,285,0
5,1,125,1,285,0
5,-4,129,1,285,0
0,6,209,1,285,0
-7,0,211,1,285,0
1,7,219,1,285,0
4,0,224,1,285,0
2,8,225,1,285,0
6,2,238,1,285,0
-4,-2,239,1,285,0
2,-5,249,1,285,0
8,-3,254,1,285,0
7,3,255,1,285,0
-1,-3,261,1,285,0
1,-2,271,1,285,0
4,-1,279,1,285,0
0,7,87,1,285,0
-4,8,23,1,285,0
-3,7,32,1,285,0
-1,5,113,1,285,0
7,-1,36,1,285,0
8,-4,62,1,285,0
8,5,77,1,285,0
-2,6,106,1,285,0
6,-8,102,1,285,0
2,-6,113,1,285,0
5,-5,124,1,285,0
4,1,128,1,285,0
3,0,216,1,285,0
-7,-2,219,1,285,0
-6,0,223,1,285,0
5,2,231,1,285,0
-1,-4,255,1,285,0
7,4,266,1,285,0
1,-3,266,1,285,0
6,3,274,1,285,0
4,-2,277,1,285,0
-2,7,97,1,286,0
7,-2,37,1,286,0
-1,-5,36,1,286,0
8,6,65,1,286,0
7,5,72,1,286,0
8,-5,75,1,286,0
2,-7,98,1,286,0
5,-6,118,1,286,0
4,-3,137,1,286,0
-5,0,242,1,286,0
1,-4,259,1,286,0
6,4,272,1,286,0
2,0,279,1,286,0
0,-1,279,1,286,0
5,3,281,1,286,0
4,2,285,1,286,0
3,1,285,1,286,0
-1,7,94,1,286,0
-1,-6,12,1,286,0
8,-6,63,1,286,0
4,-4,134,1,286,0
3,2,211,1,286,0
5,4,227,1,286,0
-4,0,249,1,286,0
-3,-2,249,1,286,0
1,-5,253,1,286,0
7,-3,259,1,286,0
8,7,266,1,286,0
0,-2,273,1,286,0
1,0,274,1,286,0
7,6,274,1,286,0
6,5,283,1,286,0
4,3,284,1,286,0
2,1,284,1,286,0
3,-1,285,1,286,0
-1,8,4,1,286,0
6,-1,41,1,286,0
7,-4,64,1,286,0
8,-7,104,1,286,0
1,-6,109,1,286,0
4,-5,126,1,286,0
3,-2,146,1,286,0
1,1,201,1,286,0
3,3,216,1,286,0
0,-3,222,1,286,0
4,4,223,1,286,0
-6,-2,226,1,286,0
-3,0,255,1,286,0
8,8,264,1,286,0
7,7,272,1,286,0
6,6,281,1,286,0
2,2,284,1,286,0
0,0,285,1,286,0
5,5,285,1,286,0
-3,-4,8,1,286,0
6,7,57,1,286,0
5,6,61,1,286,0
4,-6,69,1,286,0
7,-5,82,1,286,0
8,-8,97,1,286,0
1,-7,102,1,286,0
3,-3,143,1,286,0
0,-4,235,1,286,0
-2,0,261,1,286,0
-2,-1,256,1,286,0
7,8,256,1,286,0
4,5,262,1,286,0
6,-2,267,1,286,0
3,4,273,1,286,0
2,3,281,1,286,0
1,2,286,1,286,0
0,1,285,1,286,0
0,-5,44,1,286,0
6,8,53,1,286,0
8,0,102,1,286,0
7,-6,112,1,286,0
1,3,131,1,286,0
3,-4,134,1,286,0
-2,1,169,1,286,0
-2,-2,181,1,286,0
0,2,285,1,286,0
6,-3,243,1,286,0
5,7,251,1,286,0
4,6,259,1,286,0
-1,0,268,1,286,0
3,5,266,1,286,0
2,4,274,1,286,0
2,-1,275,1,286,0
-5,5,3,1,286,0
9,2,3,1,286,0
0,-6,18,1,286,0
6,-4,64,1,286,0
5,8,83,1,286,0
3,-5,86,1,286,0
8,1,106,1,286,0
7,-7,106,1,286,0
3,6,108,1,286,0
7,0,108,1,286,0
2,5,118,1,286,0
2,-2,153,1,286,0
-2,2,171,1,286,0
-1,1,185,1,286,0
0,3,191,1,286,0
1,4,198,1,286,0
5,-1,231,1,286,0
-5,-2,233,1,286,0
4,7,244,1,286,0
-2,-3,244,1,286,0
-4,5,8,1,286,0
8,-1,33,1,286,0
7,-8,94,1,286,0
4,8,95,1,286,0
8,2,97,1,286,0
3,-6,109,1,286,0
2,6,111,1,286,0
7,1,112,1,286,0
6,0,114,1,286,0
6,-5,119,1,286,0
2,-3,143,1,286,0
-1,2,182,1,286,0
1,5,203,1,286,0
-8,-2,214,1,286,0
3,7,238,1,286,0
-2,-4,254,1,286,0
-1,-1,269,1,286,0
5,-2,274,1,286,0
-4,6,14,1,286,0
-3,5,16,1,286,0
8,-2,43,1,286,0
5,-3,57,1,286,0
3,8,97,1,286,0
3,-7,106,1,286,0
6,-6,115,1,286,0
6,1,118,1,286,0
5,0,119,1,286,0
-1,3,126,1,286,0
2,-4,126,1,286,0
-8,0,205,1,286,0
0,5,206,1,286,0
1,6,214,1,286,0
2,7,231,1,286,0
7,2,246,1,286,0
8,3,253,1,286,0
-1,-2,268,1,286,0
1,-1,269,1,286,0
-2,-6,5,1,286,0
-4,7,24,1,286,0
-2,5,112,1,286,0
8,4,79,1,286,0
3,-8,99,1,286,0
6,-7,109,1,286,0
-1,4,119,1,286,0
5,1,125,1,286,0
5,-4,129,1,286,0
0,6,209,1,286,0
-7,0,211,1,286,0
1,7,219,1,286,0
4,0,224,1,286,0
2,8,225,1,286,0
6,2,238,1,286,0
-4,-2,239,1,286,0
2,-5,249,1,286,0
8,-3,254,1,286,0
7,3,255,1,286,0
-1,-3,261,1,286,0
1,-2,271,1,286,0
4,-1,279,1,286,0
0,7,87,1,286,0
-4,8,23,1,286,0
-3,7,32,1,286,0
-1,5,113,1,286,0
7,-1,36,1,286,0
8,-4,62,1,286,0
8,5,77,1,286,0
-2,6,106,1,286,0
6,-8,102,1,286,0
2,-6,113,1,286,0
5,-5,124,1,286,0
4,1,128,1,286,0
3,0,216,1,286,0
-7,-2,219,1,286,0
-6,0,223,1,286,0
5,2,231,1,286,0
-1,-4,255,1,286,0
7,4,266,1,286,0
1,-3,266,1,286,0
6,3,274,1,286,0
4,-2,277,1,286,0
-2,7,97,1,287,0
7,-2,37,1,287,0
-1,-5,36,1,287,0
8,6,65,1,287,0
7,5,72,1,287,0
8,-5,75,1,287,0
2,-7,98,1,287,0
5,-6,118,1,287,0
4,-3,137,1,287,0
-5,0,242,1,287,0
1,-4,259,1,287,0
6,4,272,1,287,0
2,0,279,1,287,0
0,-1,279,1,287,0
5,3,281,1,287,0
4,2,286,1,287,0
3,1,286,1,287,0
-1,7,94,1,287,0
-1,-6,12,1,287,0
8,-6,63,1,287,0
4,-4,134,1,287,0
3,2,211,1,287,0
5,4,227,1,287,0
-4,0,249,1,287,0
-3,-2,249,1,287,0
1,-5,253,1,287,0
7,-3,259,1,287,0
8,7,266,1,287,0
0,-2,273,1,287,0
1,0,274,1,287,0
7,6,274,1,287,0
6,5,283,1,287,0
4,3,284,1,287,0
2,1,284,1,287,0
3,-1,286,1,287,0
-1,8,4,1,287,0
6,-1,41,1,287,0
7,-4,64,1,287,0
8,-7,104,1,287,0
1,-6,109,1,287,0
4,-5,126,1,287,0
3,-2,146,1,287,0
1,1,201,1,287,0
3,3,216,1,287,0
0,-3,222,1,287,0
4,4,223,1,287,0
-6,-2,226,1,287,0
-3,0,255,1,287,0
8,8,264,1,287,0
7,7,272,1,287,0
6,6,281,1,287,0
2,2,284,1,287,0
0,0,286,1,287,0
5,5,286,1,287,0
-3,-4,8,1,287,0
6,7,57,1,287,0
5,6,61,1,287,0
4,-6,69,1,287,0
7,-5,82,1,287,0
8,-8,97,1,287,0
1,-7,102,1,287,0
3,-3,143,1,287,0
0,-4,235,1,287,0
-2,0,261,1,287,0
-2,-1,256,1,287,0
7,8,256,1,287,0
4,5,262,1,287,0
6,-2,267,1,287,0
3,4,273,1,287,0
2,3,281,1,287,0
0,1,286,1,287,0
1,2,287,1,287,0
0,-5,44,1,287,0
6,8,53,1,287,0
8,0,102,1,287,0
7,-6,112,1,287,0
1,3,131,1,287,0
3,-4,134,1,287,0
-2,1,169,1,287,0
-2,-2,181,1,287,0
0,2,285,1,287,0
6,-3,243,1,287,0
5,7,251,1,287,0
4,6,259,1,287,0
-1,0,268,1,287,0
3,5,266,1,287,0
2,4,274,1,287,0
2,-1,275,1,287,0
-5,5,3,1,287,0
9,2,3,1,287,0
0,-6,18,1,287,0
6,-4,64,1,287,0
5,8,83,1,287,0
3,-5,86,1,287,0
8,1,106,1,287,0
7,-7,106,1,287,0
3,6,108,1,287,0
7,0,108,1,287,0
2,5,118,1,287,0
2,-2,153,1,287,0
-2,2,171,1,287,0
-1,1,185,1,287,0
0,3,191,1,287,0
1,4,198,1,287,0
5,-1,231,1,287,0
-5,-2,233,1,287,0
4,7,244,1,287,0
-2,-3,244,1,287,0
-4,5,8,1,287,0
8,-1,33,1,287,0
7,-8,94,1,287,0
4,8,95,1,287,0
8,2,97,1,287,0
3,-6,109,1,287,0
2,6,111,1,287,0
7,1,112,1,287,0
6,0,114,1,287,0
6,-5,119,1,287,0
2,-3,143,1,287,0
-1,2,182,1,287,0
1,5,203,1,287,0
-8,-2,214,1,287,0
3,7,238,1,287,0
-2,-4,254,1,287,0
-1,-1,269,1,287,0
5,-2,274,1,287,0
-4,6,14,1,287,0
-3,5,16,1,287,0
8,-2,43,1,287,0
5,-3,57,1,287,0
3,8,97,1,287,0
3,-7,106,1,287,0
6,-6,115,1,287,0
6,1,118,1,287,0
5,0,119,1,287,0
-1,3,126,1,287,0
2,-4,126,1,287,0
-8,0,205,1,287,0
0,5,206,1,287,0
1,6,214,1,287,0
2,7,231,1,287,0
7,2,246,1,287,0
8,3,253,1,287,0
-1,-2,268,1,287,0
1,-1,269,1,287,0
-2,-6,5,1,287,0
-4,7,24,1,287,0
-2,5,112,1,287,0
8,4,79,1,287,0
3,-8,99,1,287,0
6,-7,109,1,287,0
-1,4,119,1,287,0
5,1,125,1,287,0
5,-4,129,1,287,0
0,6,209,1,287,0
-7,0,211,1,287,0
1,7,219,1,287,0
4,0,224,1,287,0
2,8,225,1,287,0
6,2,238,1,287,0
-4,-2,239,1,287,0
2,-5,249,1,287,0
8,-3,254,1,287,0
7,3,255,1,287,0
-1,-3,261,1,287,0
1,-2,271,1,287,0
4,-1,279,1,287,0
0,7,87,1,287,0
-4,8,23,1,287,0
-3,7,32,1,287,0
-1,5,113,1,287,0
7,-1,36,1,287,0
8,-4,62,1,287,0
8,5,77,1,287,0
-2,6,106,1,287,0
6,-8,102,1,287,0
2,-6,113,1,287,0
5,-5,124,1,287,0
4,1,128,1,287,0
3,0,216,1,287,0
-7,-2,219,1,287,0
-6,0,223,1,287,0
5,2,231,1,287,0
-1,-4,255,1,287,0
7,4,266,1,287,0
1,-3,266,1,287,0
6,3,274,1,287,0
4,-2,277,1,287,0
-2,7,97,1,288,0
7,-2,37,1,288,0
-1,-5,36,1,288,0
8,6,65,1,288,0
7,5,72,1,288,0
8,-5,75,1,288,0
2,-7,98,1,288,0
5,-6,118,1,288,0
4,-3,137,1,288,0
-5,0,242,1,288,0
1,-4,259,1,288,0
6,4,272,1,288,0
2,0,279,1,288,0
0,-1,279,1,288,0
5,3,281,1,288,0
4,2,287,1,288,0
3,1,287,1,288,0
-1,7,94,1,288,0
-1,-6,12,1,288,0
8,-6,63,1,288,0
4,-4,134,1,288,0
3,2,211,1,288,0
5,4,227,1,288,0
-4,0,249,1,288,0
-3,-2,249,1,288,0
1,-5,253,1,288,0
7,-3,259,1,288,0
8,7,266,1,288,0
0,-2,273,1,288,0
1,0,274,1,288,0
7,6,274,1,288,0
6,5,283,1,288,0
4,3,284,1,288,0
2,1,284,1,288,0
3,-1,287,1,288,0
-1,8,4,1,288,0
6,-1,41,1,288,0
7,-4,64,1,288,0
8,-7,104,1,288,0
1,-6,109,1,288,0
4,-5,126,1,288,0
3,-2,146,1,288,0
1,1,201,1,288,0
3,3,216,1,288,0
0,-3,222,1,288,0
4,4,223,1,288,0
-6,-2,226,1,288,0
-3,0,255,1,288,0
8,8,264,1,288,0
7,7,272,1,288,0
6,6,281,1,288,0
2,2,284,1,288,0
0,0,286,1,288,0
5,5,287,1,288,0
-3,-4,8,1,288,0
6,7,57,1,288,0
5,6,61,1,288,0
4,-6,69,1,288,0
7,-5,82,1,288,0
8,-8,97,1,288,0
1,-7,102,1,288,0
3,-3,143,1,288,0
0,-4,235,1,288,0
-2,0,261,1,288,0
-2,-1,256,1,288,0
7,8,256,1,288,0
4,5,262,1,288,0
6,-2,267,1,288,0
3,4,273,1,288,0
2,3,281,1,288,0
1,2,288,1,288,0
0,1,287,1,288,0
0,-5,44,1,288,0
6,8,53,1,288,0
8,0,102,1,288,0
7,-6,112,1,288,0
1,3,131,1,288,0
3,-4,134,1,288,0
-2,1,169,1,288,0
-2,-2,181,1,288,0
6,-3,243,1,288,0
5,7,251,1,288,0
4,6,259,1,288,0
-1,0,268,1,288,0
3,5,266,1,288,0
2,4,274,1,288,0
2,-1,275,1,288,0
0,2,287,1,288,0
-5,5,3,1,288,0
9,2,3,1,288,0
0,-6,18,1,288,0
6,-4,64,1,288,0
5,8,83,1,288,0
3,-5,86,1,288,0
8,1,106,1,288,0
7,-7,106,1,288,0
3,6,108,1,288,0
7,0,108,1,288,0
2,5,118,1,288,0
2,-2,153,1,288,0
-2,2,171,1,288,0
-1,1,185,1,288,0
0,3,191,1,288,0
1,4,198,1,288,0
5,-1,231,1,288,0
-5,-2,233,1,288,0
4,7,244,1,288,0
-2,-3,244,1,288,0
-4,5,8,1,288,0
8,-1,33,1,288,0
7,-8,94,1,288,0
4,8,95,1,288,0
8,2,97,1,288,0
3,-6,109,1,288,0
2,6,111,1,288,0
7,1,112,1,288,0
6,0,114,1,288,0
6,-5,119,1,288,0
2,-3,143,1,288,0
-1,2,182,1,288,0
1,5,203,1,288,0
-8,-2,214,1,288,0
3,7,238,1,288,0
-2,-4,254,1,288,0
-1,-1,269,1,288,0
5,-2,274,1,288,0
-4,6,14,1,288,0
-3,5,16,1,288,0
8,-2,43,1,288,0
5,-3,57,1,288,0
3,8,97,1,288,0
3,-7,106,1,288,0
6,-6,115,1,288,0
6,1,118,1,288,0
5,0,119,1,288,0
-1,3,126,1,288,0
2,-4,126,1,288,0
-8,0,205,1,288,0
0,5,206,1,288,0
1,6,214,1,288,0
2,7,231,1,288,0
7,2,246,1,288,0
8,3,253,1,288,0
-1,-2,268,1,288,0
1,-1,269,1,288,0
-2,-6,5,1,288,0
-4,7,24,1,288,0
-2,5,112,1,288,0
8,4,79,1,288,0
3,-8,99,1,288,0
6,-7,109,1,288,0
-1,4,119,1,288,0
5,1,125,1,288,0
5,-4,129,1,288,0
0,6,209,1,288,0
-7,0,211,1,288,0
1,7,219,1,288,0
4,0,224,1,288,0
2,8,225,1,288,0
6,2,238,1,288,0
-4,-2,239,1,288,0
2,-5,249,1,288,0
8,-3,254,1,288,0
7,3,255,1,288,0
-1,-3,261,1,288,0
1,-2,271,1,288,0
4,-1,279,1,288,0
0,7,87,1,288,0
-4,8,23,1,288,0
-3,7,32,1,288,0
-1,5,113,1,288,0
7,-1,36,1,288,0
8,-4,62,1,288,0
8,5,77,1,288,0
-2,6,106,1,288,0
6,-8,102,1,288,0
2,-6,113,1,288,0
5,-5,124,1,288,0
4,1,128,1,288,0
3,0,216,1,288,0
-7,-2,219,1,288,0
-6,0,223,1,288,0
5,2,231,1,288,0
-1,-4,255,1,288,0
7,4,266,1,288,0
1,-3,266,1,288,0
6,3,274,1,288,0
4,-2,277,1,288,0
-2,7,97,1,289,0
7,-2,37,1,289,0
-1,-5,36,1,289,0
8,6,65,1,289,0
7,5,72,1,289,0
8,-5,75,1,289,0
2,-7,98,1,289,0
5,-6,118,1,289,0
4,-3,137,1,289,0
-5,0,242,1,289,0
1,-4,259,1,289,0
6,4,272,1,289,0
2,0,279,1,289,0
0,-1,279,1,289,0
5,3,281,1,289,0
4,2,288,1,289,0
3,1,288,1,289,0
-1,7,94,1,289,0
-1,-6,12,1,289,0
8,-6,63,1,289,0
4,-4,134,1,289,0
3,2,211,1,289,0
5,4,227,1,289,0
-4,0,249,1,289,0
-3,-2,249,1,289,0
1,-5,253,1,289,0
7,-3,259,1,289,0
8,7,266,1,289,0
0,-2,273,1,289,0
1,0,274,1,289,0
7,6,274,1,289,0
6,5,283,1,289,0
4,3,284,1,289,0
2,1,284,1,289,0
3,-1,287,1,289,0
-1,8,4,1,289,0
6,-1,41,1,289,0
7,-4,64,1,289,0
8,-7,104,1,289,0
1,-6,109,1,289,0
4,-5,126,1,289,0
3,-2,146,1,289,0
1,1,201,1,289,0
3,3,216,1,289,0
0,-3,222,1,289,0
4,4,223,1,289,0
-6,-2,226,1,289,0
-3,0,255,1,289,0
8,8,264,1,289,0
7,7,272,1,289,0
6,6,281,1,289,0
2,2,284,1,289,0
0,0,286,1,289,0
5,5,288,1,289,0
-3,-4,8,1,289,0
6,7,57,1,289,0
5,6,61,1,289,0
4,-6,69,1,289,0
7,-5,82,1,289,0
8,-8,97,1,289,0
1,-7,102,1,289,0
3,-3,143,1,289,0
0,-4,235,1,289,0
-2,0,261,1,289,0
-2,-1,256,1,289,0
7,8,256,1,289,0
4,5,262,1,289,0
6,-2,267,1,289,0
3,4,273,1,289,0
2,3,281,1,289,0
1,2,289,1,289,0
0,1,288,1,289,0
0,-5,44,1,289,0
6,8,53,1,289,0
8,0,102,1,289,0
7,-6,112,1,289,0
1,3,131,1,289,0
3,-4,134,1,289,0
-2,1,169,1,289,0
-2,-2,181,1,289,0
6,-3,243,1,289,0
5,7,251,1,289,0
4,6,259,1,289,0
-1,0,268,1,289,0
3,5,266,1,289,0
2,4,274,1,289,0
2,-1,275,1,289,0
0,2,288,1,289,0
-5,5,3,1,289,0
9,2,3,1,289,0
0,-6,18,1,289,0
6,-4,64,1,289,0
5,8,83,1,289,0
3,-5,86,1,289,0
8,1,106,1,289,0
7,-7,106,1,289,0
3,6,108,1,289,0
7,0,108,1,289,0
2,5,118,1,289,0
2,-2,153,1,289,0
-2,2,171,1,289,0
-1,1,185,1,289,0
0,3,191,1,289,0
1,4,198,1,289,0
5,-1,231,1,289,0
-5,-2,233,1,289,0
4,7,244,1,289,0
-2,-3,244,1,289,0
-4,5,8,1,289,0
8,-1,33,1,289,0
7,-8,94,1,289,0
4,8,95,1,289,0
8,2,97,1,289,0
3,-6,109,1,289,0
2,6,111,1,289,0
7,1,112,1,289,0
6,0,114,1,289,0
6,-5,119,1,289,0
2,-3,143,1,289,0
-1,2,182,1,289,0
1,5,203,1,289,0
-8,-2,214,1,289,0
3,7,238,1,289,0
-2,-4,254,1,289,0
-1,-1,269,1,289,0
5,-2,274,1,289,0
-4,6,14,1,289,0
-3,5,16,1,289,0
8,-2,43,1,289,0
5,-3,57,1,289,0
3,8,97,1,289,0
3,-7,106,1,289,0
6,-6,115,1,289,0
6,1,118,1,289,0
5,0,119,1,289,0
-1,3,126,1,289,0
2,-4,126,1,289,0
-8,0,205,1,289,0
0,5,206,1,289,0
1,6,214,1,289,0
2,7,231,1,289,0
7,2,246,1,289,0
8,3,253,1,289,0
-1,-2,268,1,289,0
1,-1,269,1,289,0
-2,-6,5,1,289,0
-4,7,24,1,289,0
-2,5,112,1,289,0
8,4,79,1,289,0
3,-8,99,1,289,0
6,-7,109,1,289,0
-1,4,119,1,289,0
5,1,125,1,289,0
5,-4,129,1,289,0
0,6,209,1,289,0
-7,0,211,1,289,0
1,7,219,1,289,0
4,0,224,1,289,0
2,8,225,1,289,0
6,2,238,1,289,0
-4,-2,239,1,289,0
2,-5,249,1,289,0
8,-3,254,1,289,0
7,3,255,1,289,0
-1,-3,261,1,289,0
1,-2,271,1,289,0
4,-1,279,1,289,0
0,7,87,1,289,0
-4,8,23,1,289,0
-3,7,32,1,289,0
-1,5,113,1,289,0
7,-1,36,1,289,0
8,-4,62,1,289,0
8,5,77,1,289,0
-2,6,106,1,289,0
6,-8,102,1,289,0
2,-6,113,1,289,0
5,-5,124,1,289,0
4,1,128,1,289,0
3,0,216,1,289,0
-7,-2,219,1,289,0
-6,0,223,1,289,0
5,2,231,1,289,0
-1,-4,255,1,289,0
7,4,266,1,289,0
1,-3,266,1,289,0
6,3,274,1,289,0
4,-2,277,1,289,0
-2,7,97,1,290,0
7,-2,37,1,290,0
-1,-5,36,1,290,0
8,6,65,1,290,0
7,5,72,1,290,0
8,-5,75,1,290,0
2,-7,98,1,290,0
5,-6,118,1,290,0
4,-3,137,1,290,0
-5,0,242,1,290,0
1,-4,259,1,290,0
6,4,272,1,290,0
2,0,279,1,290,0
0,-1,279,1,290,0
5,3,281,1,290,0
4,2,288,1,290,0
3,1,289,1,290,0
-1,7,94,1,290,0
-1,-6,12,1,290,0
8,-6,63,1,290,0
4,-4,134,1,290,0
5,4,227,1,290,0
-4,0,249,1,290,0
-3,-2,249,1,290,0
1,-5,253,1,290,0
7,-3,259,1,290,0
8,7,266,1,290,0
0,-2,273,1,290,0
1,0,274,1,290,0
7,6,274,1,290,0
6,5,283,1,290,0
4,3,284,1,290,0
2,1,284,1,290,0
3,2,289,1,290,0
3,-1,289,1,290,0
-1,8,4,1,290,0
6,-1,41,1,290,0
7,-4,64,1,290,0
8,-7,104,1,290,0
1,-6,109,1,290,0
4,-5,126,1,290,0
1,1,201,1,290,0
3,3,216,1,290,0
0,-3,222,1,290,0
4,4,223,1,290,0
-6,-2,226,1,290,0
-3,0,255,1,290,0
8,8,264,1,290,0
7,7,272,1,290,0
6,6,281,1,290,0
2,2,284,1,290,0
0,0,286,1,290,0
3,-2,289,1,290,0
5,5,289,1,290,0
-3,-4,8,1,290,0
6,7,57,1,290,0
5,6,61,1,290,0
4,-6,69,1,290,0
7,-5,82,1,290,0
8,-8,97,1,290,0
1,-7,102,1,290,0
3,-3,143,1,290,0
0,-4,235,1,290,0
-2,0,261,1,290,0
-2,-1,256,1,290,0
7,8,256,1,290,0
4,5,262,1,290,0
6,-2,267,1,290,0
3,4,273,1,290,0
2,3,281,1,290,0
1,2,289,1,290,0
0,1,289,1,290,0
0,-5,44,1,290,0
6,8,53,1,290,0
8,0,102,1,290,0
7,-6,112,1,290,0
1,3,131,1,290,0
3,-4,134,1,290,0
-2,1,169,1,290,0
-2,-2,181,1,290,0
6,-3,243,1,290,0
5,7,251,1,290,0
4,6,259,1,290,0
-1,0,268,1,290,0
3,5,266,1,290,0
2,4,274,1,290,0
2,-1,275,1,290,0
0,2,289,1,290,0
-5,5,3,1,290,0
9,2,3,1,290,0
0,-6,18,1,290,0
6,-4,64,1,290,0
5,8,83,1,290,0
3,-5,86,1,290,0
8,1,106,1,290,0
7,-7,106,1,290,0
3,6,108,1,290,0
7,0,108,1,290,0
2,5,118,1,290,0
2,-2,153,1,290,0
-2,2,171,1,290,0
-1,1,185,1,290,0
0,3,191,1,290,0
1,4,198,1,290,0
5,-1,231,1,290,0
-5,-2,233,1,290,0
4,7,244,1,290,0
-2,-3,244,1,290,0
-4,5,8,1,290,0
8,-1,33,1,290,0
7,-8,94,1,290,0
4,8,95,1,290,0
8,2,97,1,290,0
3,-6,109,1,290,0
2,6,111,1,290,0
7,1,112,1,290,0
6,0,114,1,290,0
6,-5,119,1,290,0
2,-3,143,1,290,0
-1,2,182,1,290,0
1,5,203,1,290,0
-8,-2,214,1,290,0
3,7,238,1,290,0
-2,-4,254,1,290,0
-1,-1,269,1,290,0
5,-2,274,1,290,0
-4,6,14,1,290,0
-3,5,16,1,290,0
8,-2,43,1,290,0
5,-3,57,1,290,0
3,8,97,1,290,0
3,-7,106,1,290,0
6,-6,115,1,290,0
6,1,118,1,290,0
5,0,119,1,290,0
-1,3,126,1,290,0
2,-4,126,1,290,0
-8,0,205,1,290,0
0,5,206,1,290,0
1,6,214,1,290,0
2,7,231,1,290,0
7,2,246,1,290,0
8,3,253,1,290,0
-1,-2,268,1,290,0
1,-1,269,1,290,0
-2,-6,5,1,290,0
-4,7,24,1,290,0
-2,5,112,1,290,0
8,4,79,1,290,0
3,-8,99,1,290,0
6,-7,109,1,290,0
-1,4,119,1,290,0
5,1,125,1,290,0
5,-4,129,1,290,0
0,6,209,1,290,0
-7,0,211,1,290,0
1,7,219,1,290,0
4,0,224,1,290,0
2,8,225,1,290,0
6,2,238,1,290,0
-4,-2,239,1,290,0
2,-5,249,1,290,0
8,-3,254,1,290,0
7,3,255,1,290,0
-1,-3,261,1,290,0
1,-2,271,1,290,0
4,-1,279,1,290,0
0,7,87,1,290,0
-4,8,23,1,290,0
-3,7,32,1,290,0
-1,5,113,1,290,0
7,-1,36,1,290,0
8,-4,62,1,290,0
8,5,77,1,290,0
-2,6,106,1,290,0
6,-8,102,1,290,0
2,-6,113,1,290,0
5,-5,124,1,290,0
4,1,128,1,290,0
3,0,216,1,290,0
-7,-2,219,1,290,0
-6,0,223,1,290,0
5,2,231,1,290,0
-1,-4,255,1,290,0
7,4,266,1,290,0
1,-3,266,1,290,0
6,3,274,1,290,0
4,-2,277,1,290,0
-2,7,97,1,291,0
7,-2,37,1,291,0
-1,-5,36,1,291,0
8,6,65,1,291,0
7,5,72,1,291,0
8,-5,75,1,291,0
2,-7,98,1,291,0
5,-6,118,1,291,0
4,-3,137,1,291,0
-5,0,242,1,291,0
1,-4,259,1,291,0
6,4,272,1,291,0
2,0,279,1,291,0
0,-1,279,1,291,0
5,3,281,1,291,0
4,2,288,1,291,0
3,1,289,1,291,0
-1,7,94,1,291,0
-1,-6,12,1,291,0
8,-6,63,1,291,0
4,-4,134,1,291,0
5,4,227,1,291,0
-4,0,249,1,291,0
-3,-2,249,1,291,0
1,-5,253,1,291,0
7,-3,259,1,291,0
8,7,266,1,291,0
0,-2,273,1,291,0
1,0,274,1,291,0
7,6,274,1,291,0
6,5,283,1,291,0
4,3,284,1,291,0
2,1,284,1,291,0
3,2,289,1,291,0
3,-1,289,1,291,0
-1,8,4,1,291,0
6,-1,41,1,291,0
7,-4,64,1,291,0
8,-7,104,1,291,0
1,-6,109,1,291,0
4,-5,126,1,291,0
1,1,201,1,291,0
3,3,216,1,291,0
0,-3,222,1,291,0
4,4,223,1,291,0
-6,-2,226,1,291,0
-3,0,255,1,291,0
8,8,264,1,291,0
7,7,272,1,291,0
6,6,281,1,291,0
2,2,284,1,291,0
0,0,286,1,291,0
3,-2,289,1,291,0
5,5,289,1,291,0
-3,-4,8,1,291,0
6,7,57,1,291,0
5,6,61,1,291,0
4,-6,69,1,291,0
7,-5,82,1,291,0
8,-8,97,1,291,0
1,-7,102,1,291,0
3,-3,143,1,291,0
0,-4,235,1,291,0
-2,0,261,1,291,0
-2,-1,256,1,291,0
7,8,256,1,291,0
4,5,262,1,291,0
6,-2,267,1,291,0
3,4,273,1,291,0
2,3,281,1,291,0
0,1,289,1,291,0
1,2,289,1,291,0
0,-5,44,1,291,0
6,8,53,1,291,0
8,0,102,1,291,0
7,-6,112,1,291,0
1,3,291,1,291,0
3,-4,134,1,291,0
-2,1,169,1,291,0
-2,-2,181,1,291,0
6,-3,243,1,291,0
5,7,251,1,291,0
4,6,259,1,291,0
-1,0,268,1,291,0
3,5,266,1,291,0
2,4,274,1,291,0
2,-1,275,1,291,0
0,2,289,1,291,0
-5,5,3,1,291,0
9,2,3,1,291,0
0,-6,18,1,291,0
6,-4,64,1,291,0
5,8,83,1,291,0
3,-5,86,1,291,0
8,1,106,1,291,0
7,-7,106,1,291,0
3,6,108,1,291,0
7,0,108,1,291,0
2,5,118,1,291,0
2,-2,153,1,291,0
-2,2,171,1,291,0
0,3,191,1,291,0
1,4,198,1,291,0
5,-1,231,1,291,0
-5,-2,233,1,291,0
4,7,244,1,291,0
-2,-3,244,1,291,0
-1,1,289,1,291,0
-4,5,8,1,291,0
8,-1,33,1,291,0
7,-8,94,1,291,0
4,8,95,1,291,0
8,2,97,1,291,0
3,-6,109,1,291,0
2,6,111,1,291,0
7,1,112,1,291,0
6,0,114,1,291,0
6,-5,119,1,291,0
2,-3,143,1,291,0
-1,2,182,1,291,0
1,5,203,1,291,0
-8,-2,214,1,291,0
3,7,238,1,291,0
-2,-4,254,1,291,0
-1,-1,269,1,291,0
5,-2,274,1,291,0
-4,6,14,1,291,0
-3,5,16,1,291,0
8,-2,43,1,291,0
5,-3,57,1,291,0
3,8,97,1,291,0
3,-7,106,1,291,0
6,-6,115,1,291,0
6,1,118,1,291,0
5,0,119,1,291,0
-1,3,126,1,291,0
2,-4,126,1,291,0
-8,0,205,1,291,0
0,5,206,1,291,0
1,6,214,1,291,0
2,7,231,1,291,0
7,2,246,1,291,0
8,3,253,1,291,0
-1,-2,268,1,291,0
1,-1,269,1,291,0
-2,-6,5,1,291,0
-4,7,24,1,291,0
-2,5,112,1,291,0
8,4,79,1,291,0
3,-8,99,1,291,0
6,-7,109,1,291,0
-1,4,119,1,291,0
5,1,125,1,291,0
5,-4,129,1,291,0
0,6,209,1,291,0
-7,0,211,1,291,0
1,7,219,1,291,0
4,0,224,1,291,0
2,8,225,1,291,0
6,2,238,1,291,0
-4,-2,239,1,291,0
2,-5,249,1,291,0
8,-3,254,1,291,0
7,3,255,1,291,0
-1,-3,261,1,291,0
1,-2,271,1,291,0
4,-1,279,1,291,0
0,7,87,1,291,0
-4,8,23,1,291,0
-3,7,32,1,291,0
-1,5,113,1,291,0
7,-1,36,1,291,0
8,-4,62,1,291,0
8,5,77,1,291,0
-2,6,106,1,291,0
6,-8,102,1,291,0
2,-6,113,1,291,0
5,-5,124,1,291,0
4,1,128,1,291,0
3,0,216,1,291,0
-7,-2,219,1,291,0
-6,0,223,1,291,0
5,2,231,1,291,0
-1,-4,255,1,291,0
7,4,266,1,291,0
1,-3,266,1,291,0
6,3,274,1,291,0
4,-2,277,1,291,0
-2,7,97,1,292,0
7,-2,37,1,292,0
-1,-5,36,1,292,0
8,6,65,1,292,0
7,5,72,1,292,0
8,-5,75,1,292,0
2,-7,98,1,292,0
5,-6,118,1,292,0
4,-3,137,1,292,0
-5,0,242,1,292,0
1,-4,259,1,292,0
6,4,272,1,292,0
2,0,279,1,292,0
0,-1,279,1,292,0
5,3,281,1,292,0
4,2,288,1,292,0
3,1,291,1,292,0
-1,7,94,1,292,0
-1,-6,12,1,292,0
8,-6,63,1,292,0
4,-4,134,1,292,0
-4,0,249,1,292,0
-3,-2,249,1,292,0
1,-5,253,1,292,0
7,-3,259,1,292,0
8,7,266,1,292,0
0,-2,273,1,292,0
1,0,274,1,292,0
7,6,274,1,292,0
6,5,283,1,292,0
4,3,284,1,292,0
2,1,284,1,292,0
3,2,291,1,292,0
3,-1,291,1,292,0
5,4,291,1,292,0
-1,8,4,1,292,0
6,-1,41,1,292,0
7,-4,64,1,292,0
8,-7,104,1,292,0
1,-6,109,1,292,0
4,-5,126,1,292,0
3,3,216,1,292,0
0,-3,222,1,292,0
4,4,223,1,292,0
-6,-2,226,1,292,0
-3,0,255,1,292,0
8,8,264,1,292,0
7,7,272,1,292,0
6,6,281,1,292,0
2,2,284,1,292,0
0,0,286,1,292,0
5,5,289,1,292,0
1,1,291,1,292,0
3,-2,291,1,292,0
-3,-4,8,1,292,0
6,7,57,1,292,0
5,6,61,1,292,0
4,-6,69,1,292,0
7,-5,82,1,292,0
8,-8,97,1,292,0
1,-7,102,1,292,0
3,-3,143,1,292,0
0,-4,235,1,292,0
-2,0,261,1,292,0
-2,-1,256,1,292,0
7,8,256,1,292,0
4,5,262,1,292,0
6,-2,267,1,292,0
3,4,273,1,292,0
2,3,281,1,292,0
0,1,291,1,292,0
1,2,289,1,292,0
0,-5,44,1,292,0
6,8,53,1,292,0
8,0,102,1,292,0
7,-6,112,1,292,0
1,3,292,1,292,0
3,-4,134,1,292,0
-2,1,169,1,292,0
-2,-2,181,1,292,0
6,-3,243,1,292,0
5,7,251,1,292,0
4,6,259,1,292,0
-1,0,268,1,292,0
3,5,266,1,292,0
2,4,274,1,292,0
2,-1,275,1,292,0
0,2,291,1,292,0
-5,5,3,1,292,0
9,2,3,1,292,0
0,-6,18,1,292,0
6,-4,64,1,292,0
5,8,83,1,292,0
3,-5,86,1,292,0
8,1,106,1,292,0
7,-7,106,1,292,0
3,6,108,1,292,0
7,0,108,1,292,0
2,5,118,1,292,0
2,-2,153,1,292,0
-2,2,171,1,292,0
0,3,191,1,292,0
1,4,198,1,292,0
5,-1,231,1,292,0
-5,-2,233,1,292,0
4,7,244,1,292,0
-2,-3,244,1,292,0
-1,1,289,1,292,0
-4,5,8,1,292,0
8,-1,33,1,292,0
7,-8,94,1,292,0
4,8,95,1,292,0
8,2,97,1,292,0
3,-6,109,1,292,0
2,6,111,1,292,0
7,1,112,1,292,0
6,0,114,1,292,0
6,-5,119,1,292,0
2,-3,143,1,292,0
-1,2,182,1,292,0
1,5,203,1,292,0
-8,-2,214,1,292,0
3,7,238,1,292,0
-2,-4,254,1,292,0
-1,-1,269,1,292,0
5,-2,274,1,292,0
-4,6,14,1,292,0
-3,5,16,1,292,0
8,-2,43,1,292,0
5,-3,57,1,292,0
3,8,97,1,292,0
3,-7,106,1,292,0
6,-6,115,1,292,0
6,1,118,1,292,0
5,0,119,1,292,0
-1,3,126,1,292,0
2,-4,126,1,292,0
-8,0,205,1,292,0
0,5,206,1,292,0
1,6,214,1,292,0
2,7,231,1,292,0
7,2,246,1,292,0
8,3,253,1,292,0
-1,-2,268,1,292,0
1,-1,269,1,292,0
-2,-6,5,1,292,0
-4,7,24,1,292,0
-2,5,112,1,292,0
8,4,79,1,292,0
3,-8,99,1,292,0
6,-7,109,1,292,0
-1,4,119,1,292,0
5,1,125,1,292,0
5,-4,129,1,292,0
0,6,209,1,292,0
-7,0,211,1,292,0
1,7,219,1,292,0
4,0,224,1,292,0
2,8,225,1,292,0
6,2,238,1,292,0
-4,-2,239,1,292,0
2,-5,249,1,292,0
8,-3,254,1,292,0
7,3,255,1,292,0
-1,-3,261,1,292,0
1,-2,271,1,292,0
4,-1,279,1,292,0
0,7,87,1,292,0
-4,8,23,1,292,0
-3,7,32,1,292,0
-1,5,113,1,292,0
7,-1,36,1,292,0
8,-4,62,1,292,0
8,5,77,1,292,0
-2,6,106,1,292,0
6,-8,102,1,292,0
2,-6,113,1,292,0
5,-5,124,1,292,0
4,1,128,1,292,0
3,0,216,1,292,0
-7,-2,219,1,292,0
-6,0,223,1,292,0
5,2,231,1,292,0
-1,-4,255,1,292,0
7,4,266,1,292,0
1,-3,266,1,292,0
6,3,274,1,292,0
4,-2,277,1,292,0
-2,7,97,1,293,0
7,-2,37,1,293,0
-1,-5,36,1,293,0
8,6,65,1,293,0
7,5,72,1,293,0
8,-5,75,1,293,0
2,-7,98,1,293,0
5,-6,118,1,293,0
4,-3,137,1,293,0
-5,0,242,1,293,0
1,-4,259,1,293,0
6,4,272,1,293,0
2,0,279,1,293,0
0,-1,279,1,293,0
5,3,281,1,293,0
4,2,288,1,293,0
3,1,291,1,293,0
-1,7,94,1,293,0
-1,-6,12,1,293,0
8,-6,63,1,293,0
4,-4,134,1,293,0
-4,0,249,1,293,0
-3,-2,249,1,293,0
1,-5,253,1,293,0
7,-3,259,1,293,0
8,7,266,1,293,0
0,-2,273,1,293,0
1,0,274,1,293,0
7,6,274,1,293,0
6,5,283,1,293,0
4,3,284,1,293,0
2,1,284,1,293,0
3,2,292,1,293,0
3,-1,292,1,293,0
5,4,292,1,293,0
-1,8,4,1,293,0
6,-1,41,1,293,0
7,-4,64,1,293,0
8,-7,104,1,293,0
1,-6,109,1,293,0
4,-5,126,1,293,0
3,3,216,1,293,0
0,-3,222,1,293,0
4,4,223,1,293,0
-6,-2,226,1,293,0
-3,0,255,1,293,0
8,8,264,1,293,0
7,7,272,1,293,0
6,6,281,1,293,0
2,2,284,1,293,0
0,0,286,1,293,0
5,5,289,1,293,0
1,1,292,1,293,0
3,-2,292,1,293,0
-3,-4,8,1,293,0
6,7,57,1,293,0
5,6,61,1,293,0
4,-6,69,1,293,0
7,-5,82,1,293,0
8,-8,97,1,293,0
1,-7,102,1,293,0
3,-3,143,1,293,0
0,-4,235,1,293,0
-2,0,261,1,293,0
-2,-1,256,1,293,0
7,8,256,1,293,0
4,5,262,1,293,0
6,-2,267,1,293,0
3,4,273,1,293,0
2,3,281,1,293,0
0,1,292,1,293,0
1,2,289,1,293,0
0,-5,44,1,293,0
6,8,53,1,293,0
8,0,102,1,293,0
7,-6,112,1,293,0
1,3,293,1,293,0
3,-4,134,1,293,0
-2,1,169,1,293,0
-2,-2,181,1,293,0
6,-3,243,1,293,0
5,7,251,1,293,0
4,6,259,1,293,0
-1,0,268,1,293,0
3,5,266,1,293,0
2,4,274,1,293,0
2,-1,275,1,293,0
0,2,292,1,293,0
-5,5,3,1,293,0
9,2,3,1,293,0
0,-6,18,1,293,0
6,-4,64,1,293,0
5,8,83,1,293,0
3,-5,86,1,293,0
8,1,106,1,293,0
7,-7,106,1,293,0
3,6,108,1,293,0
7,0,108,1,293,0
2,5,118,1,293,0
2,-2,153,1,293,0
-2,2,171,1,293,0
0,3,191,1,293,0
1,4,198,1,293,0
5,-1,231,1,293,0
-5,-2,233,1,293,0
4,7,244,1,293,0
-2,-3,244,1,293,0
-1,1,289,1,293,0
-4,5,8,1,293,0
8,-1,33,1,293,0
7,-8,94,1,293,0
4,8,95,1,293,0
8,2,97,1,293,0
3,-6,109,1,293,0
2,6,111,1,293,0
7,1,112,1,293,0
6,0,114,1,293,0
6,-5,119,1,293,0
2,-3,143,1,293,0
1,5,203,1,293,0
-8,-2,214,1,293,0
3,7,238,1,293,0
-2,-4,254,1,293,0
-1,-1,269,1,293,0
5,-2,274,1,293,0
-1,2,291,1,293,0
-4,6,14,1,293,0
-3,5,16,1,293,0
8,-2,43,1,293,0
5,-3,57,1,293,0
3,8,97,1,293,0
3,-7,106,1,293,0
6,-6,115,1,293,0
6,1,118,1,293,0
5,0,119,1,293,0
-1,3,126,1,293,0
2,-4,126,1,293,0
-8,0,205,1,293,0
0,5,206,1,293,0
1,6,214,1,293,0
2,7,231,1,293,0
7,2,246,1,293,0
8,3,253,1,293,0
-1,-2,268,1,293,0
1,-1,269,1,293,0
-2,-6,5,1,293,0
-4,7,24,1,293,0
-2,5,112,1,293,0
8,4,79,1,293,0
3,-8,99,1,293,0
6,-7,109,1,293,0
-1,4,119,1,293,0
5,1,125,1,293,0
5,-4,129,1,293,0
0,6,209,1,293,0
-7,0,211,1,293,0
1,7,219,1,293,0
4,0,224,1,293,0
2,8,225,1,293,0
6,2,238,1,293,0
-4,-2,239,1,293,0
2,-5,249,1,293,0
8,-3,254,1,293,0
7,3,255,1,293,0
-1,-3,261,1,293,0
1,-2,271,1,293,0
4,-1,279,1,293,0
0,7,87,1,293,0
-4,8,23,1,293,0
-3,7,32,1,293,0
-1,5,113,1,293,0
7,-1,36,1,293,0
8,-4,62,1,293,0
8,5,77,1,293,0
-2,6,106,1,293,0
6,-8,102,1,293,0
2,-6,113,1,293,0
5,-5,124,1,293,0
3,0,216,1,293,0
-7,-2,219,1,293,0
-6,0,223,1,293,0
5,2,231,1,293,0
-1,-4,255,1,293,0
7,4,266,1,293,0
1,-3,266,1,293,0
6,3,274,1,293,0
4,-2,277,1,293,0
4,1,292,1,293,0
-2,7,97,1,294,0
7,-2,37,1,294,0
-1,-5,36,1,294,0
8,6,65,1,294,0
7,5,72,1,294,0
8,-5,75,1,294,0
2,-7,98,1,294,0
5,-6,118,1,294,0
4,-3,137,1,294,0
-5,0,242,1,294,0
1,-4,259,1,294,0
6,4,272,1,294,0
2,0,279,1,294,0
0,-1,279,1,294,0
5,3,281,1,294,0
4,2,288,1,294,0
3,1,291,1,294,0
-1,7,94,1,294,0
-1,-6,12,1,294,0
8,-6,63,1,294,0
4,-4,134,1,294,0
-4,0,249,1,294,0
-3,-2,249,1,294,0
1,-5,253,1,294,0
7,-3,259,1,294,0
8,7,266,1,294,0
0,-2,273,1,294,0
1,0,274,1,294,0
7,6,274,1,294,0
6,5,283,1,294,0
4,3,284,1,294,0
2,1,284,1,294,0
3,-1,292,1,294,0
5,4,292,1,294,0
3,2,293,1,294,0
-1,8,4,1,294,0
6,-1,41,1,294,0
7,-4,64,1,294,0
8,-7,104,1,294,0
1,-6,109,1,294,0
4,-5,126,1,294,0
3,3,216,1,294,0
0,-3,222,1,294,0
-6,-2,226,1,294,0
-3,0,255,1,294,0
8,8,264,1,294,0
7,7,272,1,294,0
6,6,281,1,294,0
2,2,284,1,294,0
0,0,286,1,294,0
5,5,289,1,294,0
1,1,293,1,294,0
3,-2,293,1,294,0
4,4,293,1,294,0
-3,-4,8,1,294,0
6,7,57,1,294,0
5,6,61,1,294,0
4,-6,69,1,294,0
7,-5,82,1,294,0
8,-8,97,1,294,0
1,-7,102,1,294,0
3,-3,143,1,294,0
0,-4,235,1,294,0
-2,0,261,1,294,0
-2,-1,256,1,294,0
7,8,256,1,294,0
4,5,262,1,294,0
6,-2,267,1,294,0
3,4,273,1,294,0
2,3,281,1,294,0
0,1,293,1,294,0
1,2,289,1,294,0
0,-5,44,1,294,0
6,8,53,1,294,0
8,0,102,1,294,0
7,-6,112,1,294,0
1,3,294,1,294,0
3,-4,134,1,294,0
-2,1,169,1,294,0
-2,-2,181,1,294,0
6,-3,243,1,294,0
5,7,251,1,294,0
4,6,259,1,294,0
-1,0,268,1,294,0
3,5,266,1,294,0
2,4,274,1,294,0
0,2,293,1,294,0
2,-1,293,1,294,0
-5,5,3,1,294,0
9,2,3,1,294,0
0,-6,18,1,294,0
6,-4,64,1,294,0
5,8,83,1,294,0
3,-5,86,1,294,0
8,1,106,1,294,0
7,-7,106,1,294,0
3,6,108,1,294,0
7,0,108,1,294,0
2,5,118,1,294,0
2,-2,153,1,294,0
-2,2,171,1,294,0
0,3,191,1,294,0
1,4,198,1,294,0
5,-1,231,1,294,0
-5,-2,233,1,294,0
4,7,244,1,294,0
-2,-3,244,1,294,0
-1,1,289,1,294,0
-4,5,8,1,294,0
8,-1,33,1,294,0
7,-8,94,1,294,0
4,8,95,1,294,0
8,2,97,1,294,0
3,-6,109,1,294,0
2,6,111,1,294,0
7,1,112,1,294,0
6,0,114,1,294,0
6,-5,119,1,294,0
2,-3,143,1,294,0
1,5,203,1,294,0
-8,-2,214,1,294,0
3,7,238,1,294,0
-2,-4,254,1,294,0
-1,-1,269,1,294,0
5,-2,274,1,294,0
-1,2,292,1,294,0
-4,6,14,1,294,0
-3,5,16,1,294,0
8,-2,43,1,294,0
5,-3,57,1,294,0
3,8,97,1,294,0
3,-7,106,1,294,0
6,-6,115,1,294,0
6,1,118,1,294,0
5,0,119,1,294,0
-1,3,126,1,294,0
2,-4,126,1,294,0
-8,0,205,1,294,0
0,5,206,1,294,0
1,6,214,1,294,0
2,7,231,1,294,0
7,2,246,1,294,0
8,3,253,1,294,0
-1,-2,268,1,294,0
1,-1,269,1,294,0
-2,-6,5,1,294,0
-4,7,24,1,294,0
-2,5,112,1,294,0
8,4,79,1,294,0
3,-8,99,1,294,0
6,-7,109,1,294,0
-1,4,119,1,294,0
5,1,125,1,294,0
5,-4,129,1,294,0
0,6,209,1,294,0
-7,0,211,1,294,0
1,7,219,1,294,0
4,0,224,1,294,0
2,8,225,1,294,0
6,2,238,1,294,0
-4,-2,239,1,294,0
2,-5,249,1,294,0
8,-3,254,1,294,0
7,3,255,1,294,0
-1,-3,261,1,294,0
1,-2,271,1,294,0
4,-1,279,1,294,0
0,7,87,1,294,0
-4,8,23,1,294,0
-3,7,32,1,294,0
-1,5,113,1,294,0
7,-1,36,1,294,0
8,-4,62,1,294,0
8,5,77,1,294,0
-2,6,106,1,294,0
6,-8,102,1,294,0
2,-6,113,1,294,0
5,-5,124,1,294,0
3,0,216,1,294,0
-7,-2,219,1,294,0
-6,0,223,1,294,0
5,2,231,1,294,0
-1,-4,255,1,294,0
7,4,266,1,294,0
1,-3,266,1,294,0
6,3,274,1,294,0
4,-2,277,1,294,0
4,1,293,1,294,0
-2,7,97,1,295,0
7,-2,37,1,295,0
-1,-5,36,1,295,0
8,6,65,1,295,0
7,5,72,1,295,0
8,-5,75,1,295,0
2,-7,98,1,295,0
5,-6,118,1,295,0
4,-3,137,1,295,0
-5,0,242,1,295,0
1,-4,259,1,295,0
6,4,272,1,295,0
2,0,279,1,295,0
0,-1,279,1,295,0
5,3,281,1,295,0
4,2,288,1,295,0
3,1,291,1,295,0
-1,7,94,1,295,0
-1,-6,12,1,295,0
8,-6,63,1,295,0
4,-4,134,1,295,0
-4,0,249,1,295,0
-3,-2,249,1,295,0
1,-5,253,1,295,0
7,-3,259,1,295,0
8,7,266,1,295,0
0,-2,273,1,295,0
1,0,274,1,295,0
7,6,274,1,295,0
6,5,283,1,295,0
4,3,284,1,295,0
2,1,284,1,295,0
3,-1,292,1,295,0
5,4,292,1,295,0
3,2,294,1,295,0
-1,8,4,1,295,0
6,-1,41,1,295,0
7,-4,64,1,295,0
8,-7,104,1,295,0
1,-6,109,1,295,0
4,-5,126,1,295,0
3,3,216,1,295,0
0,-3,222,1,295,0
-6,-2,226,1,295,0
-3,0,255,1,295,0
8,8,264,1,295,0
7,7,272,1,295,0
6,6,281,1,295,0
2,2,284,1,295,0
0,0,286,1,295,0
5,5,289,1,295,0
3,-2,293,1,295,0
1,1,294,1,295,0
4,4,294,1,295,0
-3,-4,8,1,295,0
6,7,57,1,295,0
5,6,61,1,295,0
4,-6,69,1,295,0
7,-5,82,1,295,0
8,-8,97,1,295,0
1,-7,102,1,295,0
3,-3,143,1,295,0
0,-4,235,1,295,0
-2,0,261,1,295,0
-2,-1,256,1,295,0
7,8,256,1,295,0
4,5,262,1,295,0
6,-2,267,1,295,0
3,4,273,1,295,0
2,3,281,1,295,0
0,1,294,1,295,0
1,2,289,1,295,0
0,-5,44,1,295,0
6,8,53,1,295,0
8,0,102,1,295,0
7,-6,112,1,295,0
1,3,295,1,295,0
3,-4,134,1,295,0
-2,1,169,1,295,0
-2,-2,181,1,295,0
6,-3,243,1,295,0
5,7,251,1,295,0
4,6,259,1,295,0
-1,0,268,1,295,0
3,5,266,1,295,0
2,4,274,1,295,0
0,2,294,1,295,0
2,-1,294,1,295,0
-5,5,3,1,295,0
9,2,3,1,295,0
0,-6,18,1,295,0
6,-4,64,1,295,0
5,8,83,1,295,0
3,-5,86,1,295,0
8,1,106,1,295,0
7,-7,106,1,295,0
3,6,108,1,295,0
7,0,108,1,295,0
2,5,118,1,295,0
2,-2,153,1,295,0
-2,2,171,1,295,0
0,3,191,1,295,0
1,4,198,1,295,0
5,-1,231,1,295,0
-5,-2,233,1,295,0
4,7,244,1,295,0
-2,-3,244,1,295,0
-1,1,289,1,295,0
-4,5,8,1,295,0
8,-1,33,1,295,0
7,-8,94,1,295,0
4,8,95,1,295,0
8,2,97,1,295,0
3,-6,109,1,295,0
2,6,111,1,295,0
7,1,112,1,295,0
6,0,114,1,295,0
6,-5,119,1,295,0
2,-3,143,1,295,0
1,5,203,1,295,0
-8,-2,214,1,295,0
3,7,238,1,295,0
-2,-4,254,1,295,0
-1,-1,269,1,295,0
5,-2,274,1,295,0
-1,2,293,1,295,0
-4,6,14,1,295,0
-3,5,16,1,295,0
8,-2,43,1,295,0
5,-3,57,1,295,0
3,8,97,1,295,0
3,-7,106,1,295,0
6,-6,115,1,295,0
6,1,118,1,295,0
5,0,119,1,295,0
-1,3,126,1,295,0
2,-4,126,1,295,0
-8,0,205,1,295,0
0,5,206,1,295,0
1,6,214,1,295,0
2,7,231,1,295,0
7,2,246,1,295,0
8,3,253,1,295,0
-1,-2,268,1,295,0
1,-1,269,1,295,0
-2,-6,5,1,295,0
-4,7,24,1,295,0
-2,5,112,1,295,0
8,4,79,1,295,0
3,-8,99,1,295,0
6,-7,109,1,295,0
-1,4,119,1,295,0
5,1,125,1,295,0
5,-4,129,1,295,0
0,6,209,1,295,0
-7,0,211,1,295,0
1,7,219,1,295,0
4,0,224,1,295,0
2,8,225,1,295,0
6,2,238,1,295,0
-4,-2,239,1,295,0
2,-5,249,1,295,0
8,-3,254,1,295,0
7,3,255,1,295,0
-1,-3,261,1,295,0
1,-2,271,1,295,0
4,-1,279,1,295,0
0,7,87,1,295,0
-4,8,23,1,295,0
-3,7,32,1,295,0
-1,5,113,1,295,0
7,-1,36,1,295,0
8,-4,62,1,295,0
8,5,77,1,295,0
-2,6,106,1,295,0
6,-8,102,1,295,0
2,-6,113,1,295,0
5,-5,124,1,295,0
3,0,216,1,295,0
-7,-2,219,1,295,0
-6,0,223,1,295,0
5,2,231,1,295,0
-1,-4,255,1,295,0
7,4,266,1,295,0
1,-3,266,1,295,0
6,3,274,1,295,0
4,-2,277,1,295,0
4,1,294,1,295,0
-2,7,97,1,296,0
7,-2,37,1,296,0
-1,-5,36,1,296,0
8,6,65,1,296,0
7,5,72,1,296,0
8,-5,75,1,296,0
2,-7,98,1,296,0
5,-6,118,1,296,0
4,-3,137,1,296,0
-5,0,242,1,296,0
1,-4,259,1,296,0
6,4,272,1,296,0
2,0,279,1,296,0
0,-1,279,1,296,0
5,3,281,1,296,0
4,2,288,1,296,0
3,1,291,1,296,0
-1,7,94,1,296,0
-1,-6,12,1,296,0
8,-6,63,1,296,0
4,-4,134,1,296,0
-4,0,249,1,296,0
-3,-2,249,1,296,0
1,-5,253,1,296,0
7,-3,259,1,296,0
8,7,266,1,296,0
0,-2,273,1,296,0
1,0,274,1,296,0
7,6,274,1,296,0
6,5,283,1,296,0
4,3,284,1,296,0
2,1,284,1,296,0
3,-1,292,1,296,0
5,4,292,1,296,0
3,2,295,1,296,0
-1,8,4,1,296,0
6,-1,41,1,296,0
7,-4,64,1,296,0
8,-7,104,1,296,0
1,-6,109,1,296,0
4,-5,126,1,296,0
3,3,216,1,296,0
0,-3,222,1,296,0
-6,-2,226,1,296,0
-3,0,255,1,296,0
8,8,264,1,296,0
7,7,272,1,296,0
6,6,281,1,296,0
2,2,284,1,296,0
0,0,286,1,296,0
5,5,289,1,296,0
3,-2,293,1,296,0
1,1,295,1,296,0
4,4,295,1,296,0
-3,-4,8,1,296,0
6,7,57,1,296,0
5,6,61,1,296,0
4,-6,69,1,296,0
7,-5,82,1,296,0
8,-8,97,1,296,0
1,-7,102,1,296,0
0,-4,235,1,296,0
-2,0,261,1,296,0
-2,-1,256,1,296,0
7,8,256,1,296,0
4,5,262,1,296,0
6,-2,267,1,296,0
3,4,273,1,296,0
2,3,281,1,296,0
3,-3,295,1,296,0
0,1,295,1,296,0
1,2,289,1,296,0
0,-5,44,1,296,0
6,8,53,1,296,0
8,0,102,1,296,0
7,-6,112,1,296,0
1,3,296,1,296,0
3,-4,134,1,296,0
-2,1,169,1,296,0
-2,-2,181,1,296,0
6,-3,243,1,296,0
5,7,251,1,296,0
4,6,259,1,296,0
-1,0,268,1,296,0
3,5,266,1,296,0
2,4,274,1,296,0
0,2,294,1,296,0
2,-1,295,1,296,0
-5,5,3,1,296,0
9,2,3,1,296,0
0,-6,18,1,296,0
6,-4,64,1,296,0
5,8,83,1,296,0
3,-5,86,1,296,0
8,1,106,1,296,0
7,-7,106,1,296,0
3,6,108,1,296,0
7,0,108,1,296,0
2,5,118,1,296,0
2,-2,153,1,296,0
-2,2,171,1,296,0
0,3,191,1,296,0
1,4,198,1,296,0
5,-1,231,1,296,0
-5,-2,233,1,296,0
4,7,244,1,296,0
-2,-3,244,1,296,0
-1,1,289,1,296,0
-4,5,8,1,296,0
8,-1,33,1,296,0
7,-8,94,1,296,0
4,8,95,1,296,0
8,2,97,1,296,0
3,-6,109,1,296,0
2,6,111,1,296,0
7,1,112,1,296,0
6,0,114,1,296,0
6,-5,119,1,296,0
2,-3,143,1,296,0
1,5,203,1,296,0
-8,-2,214,1,296,0
3,7,238,1,296,0
-2,-4,254,1,296,0
-1,-1,269,1,296,0
5,-2,274,1,296,0
-1,2,294,1,296,0
-4,6,14,1,296,0
-3,5,16,1,296,0
8,-2,43,1,296,0
5,-3,57,1,296,0
3,8,97,1,296,0
3,-7,106,1,296,0
6,-6,115,1,296,0
6,1,118,1,296,0
5,0,119,1,296,0
2,-4,126,1,296,0
-8,0,205,1,296,0
0,5,206,1,296,0
1,6,214,1,296,0
2,7,231,1,296,0
7,2,246,1,296,0
8,3,253,1,296,0
-1,-2,268,1,296,0
1,-1,269,1,296,0
-1,3,295,1,296,0
-2,-6,5,1,296,0
-4,7,24,1,296,0
-2,5,112,1,296,0
8,4,79,1,296,0
3,-8,99,1,296,0
6,-7,109,1,296,0
-1,4,119,1,296,0
5,1,125,1,296,0
5,-4,129,1,296,0
0,6,209,1,296,0
-7,0,211,1,296,0
1,7,219,1,296,0
4,0,224,1,296,0
2,8,225,1,296,0
6,2,238,1,296,0
-4,-2,239,1,296,0
2,-5,249,1,296,0
8,-3,254,1,296,0
7,3,255,1,296,0
-1,-3,261,1,296,0
1,-2,271,1,296,0
4,-1,279,1,296,0
0,7,87,1,296,0
-4,8,23,1,296,0
-3,7,32,1,296,0
-1,5,113,1,296,0
7,-1,36,1,296,0
8,-4,62,1,296,0
8,5,77,1,296,0
-2,6,106,1,296,0
6,-8,102,1,296,0
2,-6,113,1,296,0
5,-5,124,1,296,0
3,0,216,1,296,0
-7,-2,219,1,296,0
-6,0,223,1,296,0
5,2,231,1,296,0
-1,-4,255,1,296,0
7,4,266,1,296,0
1,-3,266,1,296,0
6,3,274,1,296,0
4,-2,277,1,296,0
4,1,295,1,296,0
-2,7,97,1,297,0
7,-2,37,1,297,0
-1,-5,36,1,297,0
8,6,65,1,297,0
7,5,72,1,297,0
8,-5,75,1,297,0
2,-7,98,1,297,0
5,-6,118,1,297,0
4,-3,137,1,297,0
-5,0,242,1,297,0
1,-4,259,1,297,0
6,4,272,1,297,0
2,0,279,1,297,0
0,-1,279,1,297,0
5,3,281,1,297,0
4,2,288,1,297,0
3,1,291,1,297,0
-1,7,94,1,297,0
-1,-6,12,1,297,0
8,-6,63,1,297,0
4,-4,134,1,297,0
-4,0,249,1,297,0
-3,-2,249,1,297,0
1,-5,253,1,297,0
7,-3,259,1,297,0
8,7,266,1,297,0
0,-2,273,1,297,0
1,0,274,1,297,0
7,6,274,1,297,0
6,5,283,1,297,0
4,3,284,1,297,0
2,1,284,1,297,0
3,-1,292,1,297,0
5,4,292,1,297,0
3,2,296,1,297,0
-1,8,4,1,297,0
6,-1,41,1,297,0
7,-4,64,1,297,0
8,-7,104,1,297,0
1,-6,109,1,297,0
4,-5,126,1,297,0
3,3,216,1,297,0
0,-3,222,1,297,0
-6,-2,226,1,297,0
-3,0,255,1,297,0
8,8,264,1,297,0
7,7,272,1,297,0
6,6,281,1,297,0
2,2,284,1,297,0
0,0,286,1,297,0
5,5,289,1,297,0
3,-2,293,1,297,0
1,1,295,1,297,0
4,4,296,1,297,0
-3,-4,8,1,297,0
6,7,57,1,297,0
5,6,61,1,297,0
4,-6,69,1,297,0
7,-5,82,1,297,0
8,-8,97,1,297,0
1,-7,102,1,297,0
0,-4,235,1,297,0
-2,0,261,1,297,0
-2,-1,256,1,297,0
7,8,256,1,297,0
4,5,262,1,297,0
6,-2,267,1,297,0
3,4,273,1,297,0
2,3,281,1,297,0
3,-3,296,1,297,0
0,1,296,1,297,0
1,2,289,1,297,0
0,-5,44,1,297,0
6,8,53,1,297,0
8,0,102,1,297,0
7,-6,112,1,297,0
1,3,296,1,297,0
3,-4,134,1,297,0
-2,1,169,1,297,0
-2,-2,181,1,297,0
6,-3,243,1,297,0
5,7,251,1,297,0
4,6,259,1,297,0
-1,0,268,1,297,0
3,5,266,1,297,0
2,4,274,1,297,0
0,2,294,1,297,0
2,-1,296,1,297,0
-5,5,3,1,297,0
9,2,3,1,297,0
0,-6,18,1,297,0
6,-4,64,1,297,0
5,8,83,1,297,0
3,-5,86,1,297,0
8,1,106,1,297,0
7,-7,106,1,297,0
3,6,108,1,297,0
7,0,108,1,297,0
2,5,118,1,297,0
2,-2,153,1,297,0
-2,2,171,1,297,0
0,3,191,1,297,0
1,4,198,1,297,0
5,-1,231,1,297,0
-5,-2,233,1,297,0
4,7,244,1,297,0
-2,-3,244,1,297,0
-1,1,289,1,297,0
-4,5,8,1,297,0
8,-1,33,1,297,0
7,-8,94,1,297,0
4,8,95,1,297,0
8,2,97,1,297,0
3,-6,109,1,297,0
2,6,111,1,297,0
7,1,112,1,297,0
6,0,114,1,297,0
6,-5,119,1,297,0
2,-3,143,1,297,0
1,5,203,1,297,0
-8,-2,214,1,297,0
3,7,238,1,297,0
-2,-4,254,1,297,0
-1,-1,269,1,297,0
5,-2,274,1,297,0
-1,2,295,1,297,0
0,4,297,1,297,0
-4,6,14,1,297,0
-3,5,16,1,297,0
8,-2,43,1,297,0
5,-3,57,1,297,0
3,8,97,1,297,0
3,-7,106,1,297,0
6,-6,115,1,297,0
6,1,118,1,297,0
5,0,119,1,297,0
2,-4,126,1,297,0
-8,0,205,1,297,0
0,5,206,1,297,0
1,6,214,1,297,0
2,7,231,1,297,0
7,2,246,1,297,0
8,3,253,1,297,0
-1,-2,268,1,297,0
1,-1,269,1,297,0
-1,3,296,1,297,0
-2,-6,5,1,297,0
-4,7,24,1,297,0
-2,5,112,1,297,0
8,4,79,1,297,0
3,-8,99,1,297,0
6,-7,109,1,297,0
-1,4,119,1,297,0
5,1,125,1,297,0
5,-4,129,1,297,0
0,6,209,1,297,0
-7,0,211,1,297,0
1,7,219,1,297,0
4,0,224,1,297,0
2,8,225,1,297,0
6,2,238,1,297,0
-4,-2,239,1,297,0
2,-5,249,1,297,0
8,-3,254,1,297,0
7,3,255,1,297,0
-1,-3,261,1,297,0
1,-2,271,1,297,0
4,-1,279,1,297,0
0,7,87,1,297,0
-4,8,23,1,297,0
-3,7,32,1,297,0
-1,5,113,1,297,0
7,-1,36,1,297,0
8,-4,62,1,297,0
8,5,77,1,297,0
-2,6,106,1,297,0
6,-8,102,1,297,0
2,-6,113,1,297,0
5,-5,124,1,297,0
3,0,216,1,297,0
-7,-2,219,1,297,0
-6,0,223,1,297,0
5,2,231,1,297,0
-1,-4,255,1,297,0
7,4,266,1,297,0
1,-3,266,1,297,0
6,3,274,1,297,0
4,-2,277,1,297,0
4,1,296,1,297,0
-2,7,97,1,298,0
7,-2,37,1,298,0
-1,-5,36,1,298,0
8,6,65,1,298,0
7,5,72,1,298,0
8,-5,75,1,298,0
2,-7,98,1,298,0
5,-6,118,1,298,0
4,-3,137,1,298,0
-5,0,242,1,298,0
1,-4,259,1,298,0
6,4,272,1,298,0
2,0,279,1,298,0
0,-1,279,1,298,0
5,3,281,1,298,0
4,2,288,1,298,0
3,1,291,1,298,0
-1,7,94,1,298,0
-1,-6,12,1,298,0
8,-6,63,1,298,0
4,-4,134,1,298,0
-4,0,249,1,298,0
-3,-2,249,1,298,0
1,-5,253,1,298,0
7,-3,259,1,298,0
8,7,266,1,298,0
0,-2,273,1,298,0
1,0,274,1,298,0
7,6,274,1,298,0
6,5,283,1,298,0
4,3,284,1,298,0
3,-1,292,1,298,0
5,4,292,1,298,0
3,2,296,1,298,0
2,1,297,1,298,0
-1,8,4,1,298,0
6,-1,41,1,298,0
7,-4,64,1,298,0
8,-7,104,1,298,0
1,-6,109,1,298,0
4,-5,126,1,298,0
3,3,216,1,298,0
0,-3,222,1,298,0
-6,-2,226,1,298,0
-3,0,255,1,298,0
8,8,264,1,298,0
7,7,272,1,298,0
6,6,281,1,298,0
2,2,284,1,298,0
0,0,286,1,298,0
5,5,289,1,298,0
3,-2,293,1,298,0
1,1,295,1,298,0
4,4,297,1,298,0
-3,-4,8,1,298,0
6,7,57,1,298,0
5,6,61,1,298,0
4,-6,69,1,298,0
7,-5,82,1,298,0
8,-8,97,1,298,0
1,-7,102,1,298,0
0,-4,235,1,298,0
-2,0,261,1,298,0
-2,-1,256,1,298,0
7,8,256,1,298,0
4,5,262,1,298,0
6,-2,267,1,298,0
3,4,273,1,298,0
2,3,281,1,298,0
3,-3,297,1,298,0
1,2,289,1,298,0
0,1,297,1,298,0
0,-5,44,1,298,0
6,8,53,1,298,0
8,0,102,1,298,0
7,-6,112,1,298,0
1,3,296,1,298,0
3,-4,134,1,298,0
-2,1,169,1,298,0
-2,-2,181,1,298,0
6,-3,243,1,298,0
5,7,251,1,298,0
4,6,259,1,298,0
-1,0,268,1,298,0
3,5,266,1,298,0
2,4,274,1,298,0
0,2,294,1,298,0
2,-1,297,1,298,0
-5,5,3,1,298,0
9,2,3,1,298,0
0,-6,18,1,298,0
6,-4,64,1,298,0
5,8,83,1,298,0
3,-5,86,1,298,0
8,1,106,1,298,0
7,-7,106,1,298,0
3,6,108,1,298,0
7,0,108,1,298,0
2,5,118,1,298,0
2,-2,153,1,298,0
-2,2,171,1,298,0
0,3,191,1,298,0
1,4,198,1,298,0
5,-1,231,1,298,0
-5,-2,233,1,298,0
4,7,244,1,298,0
-2,-3,244,1,298,0
-1,1,289,1,298,0
-4,5,8,1,298,0
8,-1,33,1,298,0
7,-8,94,1,298,0
4,8,95,1,298,0
8,2,97,1,298,0
3,-6,109,1,298,0
2,6,111,1,298,0
7,1,112,1,298,0
6,0,114,1,298,0
6,-5,119,1,298,0
2,-3,143,1,298,0
1,5,203,1,298,0
-8,-2,214,1,298,0
3,7,238,1,298,0
-2,-4,254,1,298,0
-1,-1,269,1,298,0
5,-2,274,1,298,0
0,4,298,1,298,0
-1,2,296,1,298,0
-4,6,14,1,298,0
-3,5,16,1,298,0
8,-2,43,1,298,0
5,-3,57,1,298,0
3,8,97,1,298,0
3,-7,106,1,298,0
6,-6,115,1,298,0
6,1,118,1,298,0
5,0,119,1,298,0
2,-4,126,1,298,0
-8,0,205,1,298,0
0,5,206,1,298,0
1,6,214,1,298,0
2,7,231,1,298,0
7,2,246,1,298,0
8,3,253,1,298,0
-1,-2,268,1,298,0
1,-1,269,1,298,0
-1,3,297,1,298,0
-2,-6,5,1,298,0
-4,7,24,1,298,0
-2,5,112,1,298,0
8,4,79,1,298,0
3,-8,99,1,298,0
6,-7,109,1,298,0
-1,4,119,1,298,0
5,1,125,1,298,0
5,-4,129,1,298,0
0,6,209,1,298,0
-7,0,211,1,298,0
1,7,219,1,298,0
4,0,224,1,298,0
2,8,225,1,298,0
6,2,238,1,298,0
-4,-2,239,1,298,0
2,-5,249,1,298,0
8,-3,254,1,298,0
7,3,255,1,298,0
-1,-3,261,1,298,0
1,-2,271,1,298,0
4,-1,279,1,298,0
0,7,87,1,298,0
-4,8,23,1,298,0
-3,7,32,1,298,0
-1,5,113,1,298,0
7,-1,36,1,298,0
8,-4,62,1,298,0
8,5,77,1,298,0
-2,6,106,1,298,0
6,-8,102,1,298,0
2,-6,113,1,298,0
5,-5,124,1,298,0
3,0,216,1,298,0
-7,-2,219,1,298,0
-6,0,223,1,298,0
5,2,231,1,298,0
-1,-4,255,1,298,0
7,4,266,1,298,0
1,-3,266,1,298,0
6,3,274,1,298,0
4,-2,277,1,298,0
4,1,296,1,298,0
-2,7,97,1,299,0
7,-2,37,1,299,0
-1,-5,36,1,299,0
8,6,65,1,299,0
7,5,72,1,299,0
8,-5,75,1,299,0
2,-7,98,1,299,0
5,-6,118,1,299,0
4,-3,137,1,299,0
-5,0,242,1,299,0
1,-4,259,1,299,0
6,4,272,1,299,0
2,0,279,1,299,0
0,-1,279,1,299,0
5,3,281,1,299,0
4,2,288,1,299,0
3,1,291,1,299,0
-1,7,94,1,299,0
-1,-6,12,1,299,0
8,-6,63,1,299,0
4,-4,134,1,299,0
-4,0,249,1,299,0
-3,-2,249,1,299,0
1,-5,253,1,299,0
7,-3,259,1,299,0
8,7,266,1,299,0
0,-2,273,1,299,0
1,0,274,1,299,0
7,6,274,1,299,0
6,5,283,1,299,0
4,3,284,1,299,0
3,-1,292,1,299,0
5,4,292,1,299,0
3,2,296,1,299,0
2,1,298,1,299,0
-1,8,4,1,299,0
6,-1,41,1,299,0
7,-4,64,1,299,0
8,-7,104,1,299,0
1,-6,109,1,299,0
4,-5,126,1,299,0
3,3,216,1,299,0
0,-3,222,1,299,0
-6,-2,226,1,299,0
-3,0,255,1,299,0
8,8,264,1,299,0
7,7,272,1,299,0
6,6,281,1,299,0
2,2,284,1,299,0
5,5,289,1,299,0
3,-2,293,1,299,0
1,1,295,1,299,0
0,0,298,1,299,0
4,4,298,1,299,0
-3,-4,8,1,299,0
6,7,57,1,299,0
5,6,61,1,299,0
4,-6,69,1,299,0
7,-5,82,1,299,0
8,-8,97,1,299,0
1,-7,102,1,299,0
0,-4,235,1,299,0
-2,0,261,1,299,0
-2,-1,256,1,299,0
7,8,256,1,299,0
4,5,262,1,299,0
6,-2,267,1,299,0
3,4,273,1,299,0
2,3,281,1,299,0
3,-3,298,1,299,0
0,1,298,1,299,0
1,2,289,1,299,0
0,-5,44,1,299,0
6,8,53,1,299,0
8,0,102,1,299,0
7,-6,112,1,299,0
1,3,296,1,299,0
3,-4,134,1,299,0
-2,1,169,1,299,0
-2,-2,181,1,299,0
6,-3,243,1,299,0
5,7,251,1,299,0
4,6,259,1,299,0
-1,0,268,1,299,0
3,5,266,1,299,0
2,4,274,1,299,0
0,2,294,1,299,0
2,-1,298,1,299,0
-5,5,3,1,299,0
9,2,3,1,299,0
0,-6,18,1,299,0
6,-4,64,1,299,0
5,8,83,1,299,0
3,-5,86,1,299,0
8,1,106,1,299,0
7,-7,106,1,299,0
3,6,108,1,299,0
7,0,108,1,299,0
2,5,118,1,299,0
2,-2,153,1,299,0
0,3,191,1,299,0
1,4,198,1,299,0
5,-1,231,1,299,0
-5,-2,233,1,299,0
4,7,244,1,299,0
-2,-3,244,1,299,0
-1,1,289,1,299,0
-2,2,298,1,299,0
-4,5,8,1,299,0
8,-1,33,1,299,0
7,-8,94,1,299,0
4,8,95,1,299,0
8,2,97,1,299,0
3,-6,109,1,299,0
2,6,111,1,299,0
7,1,112,1,299,0
6,0,114,1,299,0
6,-5,119,1,299,0
2,-3,143,1,299,0
1,5,203,1,299,0
-8,-2,214,1,299,0
3,7,238,1,299,0
-2,-4,254,1,299,0
-1,-1,269,1,299,0
5,-2,274,1,299,0
0,4,299,1,299,0
-1,2,297,1,299,0
-4,6,14,1,299,0
-3,5,16,1,299,0
8,-2,43,1,299,0
5,-3,57,1,299,0
3,8,97,1,299,0
3,-7,106,1,299,0
6,-6,115,1,299,0
6,1,118,1,299,0
5,0,119,1,299,0
2,-4,126,1,299,0
-8,0,205,1,299,0
0,5,206,1,299,0
1,6,214,1,299,0
2,7,231,1,299,0
7,2,246,1,299,0
8,3,253,1,299,0
-1,-2,268,1,299,0
1,-1,269,1,299,0
-1,3,298,1,299,0
-2,-6,5,1,299,0
-4,7,24,1,299,0
-2,5,112,1,299,0
8,4,79,1,299,0
3,-8,99,1,299,0
6,-7,109,1,299,0
-1,4,119,1,299,0
5,1,125,1,299,0
5,-4,129,1,299,0
0,6,209,1,299,0
-7,0,211,1,299,0
1,7,219,1,299,0
4,0,224,1,299,0
2,8,225,1,299,0
6,2,238,1,299,0
-4,-2,239,1,299,0
2,-5,249,1,299,0
8,-3,254,1,299,0
7,3,255,1,299,0
-1,-3,261,1,299,0
1,-2,271,1,299,0
4,-1,279,1,299,0
0,7,87,1,299,0
-4,8,23,1,299,0
-3,7,32,1,299,0
-1,5,113,1,299,0
7,-1,36,1,299,0
8,-4,62,1,299,0
8,5,77,1,299,0
-2,6,106,1,299,0
6,-8,102,1,299,0
2,-6,113,1,299,0
5,-5,124,1,299,0
3,0,216,1,299,0
-7,-2,219,1,299,0
-6,0,223,1,299,0
5,2,231,1,299,0
-1,-4,255,1,299,0
7,4,266,1,299,0
1,-3,266,1,299,0
6,3,274,1,299,0
4,-2,277,1,299,0
4,1,296,1,299,0
