0,8,1,1,1,0
0,8,2,1,2,0
3,-5,1,1,2,0
-2,5,1,1,2,0
-3,6,1,1,2,0
-1,5,1,1,2,0
9,6,1,1,2,0
-9,-8,1,1,2,0
0,8,3,1,3,0
-8,-7,1,1,3,0
6,-3,1,1,3,0
3,-5,2,1,3,0
7,-9,1,1,3,0
-2,5,2,1,3,0
-3,6,2,1,3,0
-1,5,2,1,3,0
9,6,2,1,3,0
-9,-8,2,1,3,0
0,8,4,1,4,0
-8,-7,3,1,4,0
-8,-8,3,1,4,0
6,-3,2,1,4,0
3,-5,3,1,4,0
7,-9,2,1,4,0
-2,5,3,1,4,0
-3,6,3,1,4,0
-9,-8,2,1,4,0
-1,5,3,1,4,0
9,6,3,1,4,0
0,8,5,1,5,0
8,6,4,1,5,0
-8,-7,4,1,5,0
-8,-8,4,1,5,0
6,-3,3,1,5,0
3,-5,4,1,5,0
7,-9,3,1,5,0
-2,5,4,1,5,0
-3,6,4,1,5,0
-9,-8,2,1,5,0
9,6,3,1,5,0
-1,5,4,1,5,0
0,8,6,1,6,0
8,6,5,1,6,0
7,-3,4,1,6,0
-8,-7,5,1,6,0
-8,-8,5,1,6,0
6,-3,3,1,6,0
3,-5,5,1,6,0
7,-9,4,1,6,0
-2,5,5,1,6,0
-3,6,5,1,6,0
-9,-8,2,1,6,0
9,6,3,1,6,0
-1,5,5,1,6,0
0,8,6,1,7,0
8,6,6,1,7,0
7,-3,5,1,7,0
-8,-7,6,1,7,0
-8,-8,6,1,7,0
6,-3,3,1,7,0
3,-5,6,1,7,0
7,-8,6,1,7,0
7,-9,4,1,7,0
-2,4,6,1,7,0
-2,5,5,1,7,0
-3,6,6,1,7,0
-9,-8,2,1,7,0
9,6,3,1,7,0
-1,5,6,1,7,0
1,8,7,1,7,0
0,8,6,1,8,0
8,6,7,1,8,0
-8,-7,6,1,8,0
7,-3,7,1,8,0
4,-5,7,1,8,0
-8,-8,7,1,8,0
6,-3,3,1,8,0
-7,-7,7,1,8,0
3,-5,6,1,8,0
7,-8,7,1,8,0
7,-9,4,1,8,0
-2,4,7,1,8,0
-2,5,5,1,8,0
-3,6,6,1,8,0
1,7,8,1,8,0
-9,-8,2,1,8,0
9,6,3,1,8,0
1,8,7,1,8,0
-1,5,7,1,8,0
-3,7,7,1,8,0
0,8,6,1,9,0
8,6,8,1,9,0
-8,-7,6,1,9,0
7,-3,8,1,9,0
4,-5,8,1,9,0
-8,-8,8,1,9,0
6,-3,3,1,9,0
-7,-7,8,1,9,0
3,-5,6,1,9,0
7,-8,8,1,9,0
7,-9,4,1,9,0
-2,4,8,1,9,0
-2,5,5,1,9,0
-3,6,6,1,9,0
1,7,9,1,9,0
-9,-8,2,1,9,0
9,6,3,1,9,0
1,8,7,1,9,0
-1,5,8,1,9,0
-3,7,8,1,9,0
0,8,6,1,10,0
8,6,9,1,10,0
-8,-7,6,1,10,0
7,-3,9,1,10,0
4,-5,9,1,10,0
-8,-8,9,1,10,0
6,-3,3,1,10,0
-7,-7,9,1,10,0
3,-5,6,1,10,0
7,-8,9,1,10,0
7,-9,4,1,10,0
-2,4,9,1,10,0
0,5,9,1,10,0
-2,5,5,1,10,0
-3,6,6,1,10,0
1,7,9,1,10,0
-9,-8,2,1,10,0
9,6,3,1,10,0
1,8,7,1,10,0
-1,5,8,1,10,0
-3,7,9,1,10,0
0,8,6,1,11,0
8,6,9,1,11,0
-8,-7,6,1,11,0
7,-3,9,1,11,0
4,-5,9,1,11,0
-8,-8,9,1,11,0
6,-3,3,1,11,0
-7,-7,9,1,11,0
3,-5,6,1,11,0
7,-8,9,1,11,0
7,-9,4,1,11,0
-2,4,9,1,11,0
0,5,9,1,11,0
-2,5,5,1,11,0
-3,6,6,1,11,0
1,7,11,1,11,0
-9,-8,2,1,11,0
9,6,3,1,11,0
1,8,7,1,11,0
-1,5,8,1,11,0
-3,7,9,1,11,0
0,8,6,1,12,0
8,6,9,1,12,0
-8,-7,6,1,12,0
7,-3,9,1,12,0
7,6,11,1,12,0
-8,-8,9,1,12,0
4,-5,11,1,12,0
6,-3,3,1,12,0
-7,-7,11,1,12,0
3,-5,6,1,12,0
-7,-8,11,1,12,0
7,-8,9,1,12,0
7,-9,4,1,12,0
-2,4,11,1,12,0
0,5,11,1,12,0
-2,5,5,1,12,0
-3,6,6,1,12,0
1,7,12,1,12,0
8,-3,11,1,12,0
-9,-8,2,1,12,0
9,6,3,1,12,0
1,8,7,1,12,0
-1,5,8,1,12,0
-3,7,11,1,12,0
0,8,6,1,13,0
8,6,9,1,13,0
-8,-7,6,1,13,0
7,-3,9,1,13,0
7,6,12,1,13,0
-8,-8,9,1,13,0
4,-5,12,1,13,0
6,-3,3,1,13,0
-7,-7,12,1,13,0
3,-5,6,1,13,0
-7,-8,12,1,13,0
-2,3,12,1,13,0
7,-8,11,1,13,0
7,-9,4,1,13,0
-2,4,11,1,13,0
0,5,12,1,13,0
-2,5,5,1,13,0
-3,6,6,1,13,0
1,7,13,1,13,0
8,-3,12,1,13,0
-9,-8,2,1,13,0
9,6,3,1,13,0
1,8,7,1,13,0
-1,5,8,1,13,0
-3,7,12,1,13,0
0,8,6,1,14,0
8,6,9,1,14,0
-8,-7,6,1,14,0
7,-3,9,1,14,0
7,6,13,1,14,0
-8,-8,9,1,14,0
4,-5,12,1,14,0
6,-3,3,1,14,0
-7,-7,13,1,14,0
3,-5,6,1,14,0
-7,-8,12,1,14,0
7,-7,12,1,14,0
7,-8,11,1,14,0
-2,3,13,1,14,0
7,-9,4,1,14,0
-2,4,11,1,14,0
0,5,13,1,14,0
-6,-7,13,1,14,0
-2,5,5,1,14,0
-3,6,6,1,14,0
1,7,14,1,14,0
8,-3,13,1,14,0
-9,-8,2,1,14,0
9,6,3,1,14,0
1,8,7,1,14,0
-1,5,8,1,14,0
5,-5,13,1,14,0
-3,7,13,1,14,0
0,8,6,1,15,0
8,6,9,1,15,0
-3,8,14,1,15,0
-8,-7,6,1,15,0
7,-3,9,1,15,0
7,6,14,1,15,0
-8,-8,9,1,15,0
4,-5,12,1,15,0
6,-3,3,1,15,0
-7,-7,14,1,15,0
3,-5,6,1,15,0
-7,-8,12,1,15,0
7,-7,13,1,15,0
7,-8,11,1,15,0
-2,3,14,1,15,0
7,-9,4,1,15,0
-2,4,11,1,15,0
-6,-7,13,1,15,0
0,5,14,1,15,0
-2,5,5,1,15,0
-3,6,6,1,15,0
1,7,15,1,15,0
8,-3,14,1,15,0
-9,-8,2,1,15,0
9,6,3,1,15,0
1,8,7,1,15,0
-1,5,8,1,15,0
-3,7,13,1,15,0
5,-5,14,1,15,0
0,8,6,1,16,0
8,6,9,1,16,0
-3,8,15,1,16,0
-8,-7,6,1,16,0
7,6,15,1,16,0
7,-3,15,1,16,0
-8,-8,9,1,16,0
4,-5,12,1,16,0
6,-3,3,1,16,0
-7,-7,15,1,16,0
3,-5,6,1,16,0
-7,-8,12,1,16,0
7,-7,14,1,16,0
7,-8,11,1,16,0
-2,3,15,1,16,0
7,-9,4,1,16,0
-2,4,11,1,16,0
-6,-7,14,1,16,0
0,5,15,1,16,0
2,7,16,1,16,0
-2,5,5,1,16,0
-3,6,6,1,16,0
1,7,15,1,16,0
8,-3,14,1,16,0
-9,-8,2,1,16,0
9,6,3,1,16,0
1,8,7,1,16,0
-1,5,8,1,16,0
-3,7,13,1,16,0
5,-5,15,1,16,0
0,8,6,1,17,0
8,6,9,1,17,0
-3,8,16,1,17,0
-8,-7,6,1,17,0
7,6,16,1,17,0
7,-3,16,1,17,0
-8,-8,9,1,17,0
4,-5,12,1,17,0
8,-7,15,1,17,0
6,-3,3,1,17,0
-7,-7,16,1,17,0
3,-5,6,1,17,0
-7,-8,12,1,17,0
7,-7,14,1,17,0
7,-8,11,1,17,0
-2,3,16,1,17,0
1,5,16,1,17,0
2,6,17,1,17,0
7,-9,4,1,17,0
-2,4,11,1,17,0
0,5,15,1,17,0
2,7,16,1,17,0
-6,-7,15,1,17,0
-2,5,5,1,17,0
-3,6,6,1,17,0
1,7,15,1,17,0
8,-3,14,1,17,0
-9,-8,2,1,17,0
9,6,3,1,17,0
1,8,7,1,17,0
-1,5,8,1,17,0
-3,7,13,1,17,0
5,-5,16,1,17,0
0,8,6,1,18,0
8,6,9,1,18,0
-3,8,16,1,18,0
-8,-7,6,1,18,0
7,6,16,1,18,0
7,-3,17,1,18,0
-8,-8,9,1,18,0
4,-5,12,1,18,0
8,-7,16,1,18,0
6,6,17,1,18,0
6,-3,3,1,18,0
-7,-7,17,1,18,0
3,-5,6,1,18,0
-7,-8,12,1,18,0
7,-7,14,1,18,0
7,-8,11,1,18,0
2,6,18,1,18,0
-2,3,17,1,18,0
1,5,17,1,18,0
7,-9,4,1,18,0
-2,4,11,1,18,0
0,5,15,1,18,0
2,7,16,1,18,0
-6,-7,16,1,18,0
-2,5,5,1,18,0
-3,6,6,1,18,0
1,7,15,1,18,0
8,-3,14,1,18,0
-9,-8,2,1,18,0
9,6,3,1,18,0
1,8,7,1,18,0
-1,5,8,1,18,0
5,-5,17,1,18,0
-3,7,17,1,18,0
0,8,6,1,19,0
8,6,9,1,19,0
-3,8,16,1,19,0
-8,-7,6,1,19,0
7,6,16,1,19,0
7,-3,17,1,19,0
-8,-8,9,1,19,0
4,-5,12,1,19,0
8,-7,17,1,19,0
6,6,18,1,19,0
6,-3,3,1,19,0
-7,-7,18,1,19,0
3,-5,6,1,19,0
-7,-8,12,1,19,0
7,-7,14,1,19,0
7,-8,11,1,19,0
2,6,19,1,19,0
-2,3,18,1,19,0
1,5,18,1,19,0
7,-9,4,1,19,0
-2,4,11,1,19,0
0,5,15,1,19,0
2,7,16,1,19,0
-6,-7,17,1,19,0
-2,5,5,1,19,0
-3,6,6,1,19,0
1,7,15,1,19,0
8,-3,14,1,19,0
-9,-8,2,1,19,0
9,6,3,1,19,0
1,8,7,1,19,0
-1,5,8,1,19,0
5,-5,18,1,19,0
-3,7,18,1,19,0
0,8,6,1,20,0
8,6,9,1,20,0
-3,8,16,1,20,0
-8,-7,6,1,20,0
7,6,16,1,20,0
7,-3,18,1,20,0
-8,-8,9,1,20,0
4,-5,12,1,20,0
8,-7,18,1,20,0
6,6,19,1,20,0
6,-3,3,1,20,0
-7,-7,19,1,20,0
3,-5,6,1,20,0
-7,-8,12,1,20,0
7,-7,14,1,20,0
-2,2,19,1,20,0
7,-8,11,1,20,0
2,6,19,1,20,0
-2,3,18,1,20,0
1,5,19,1,20,0
6,-5,19,1,20,0
7,-9,4,1,20,0
-2,4,11,1,20,0
0,5,15,1,20,0
2,7,16,1,20,0
-6,-7,18,1,20,0
-2,5,5,1,20,0
-3,6,6,1,20,0
1,7,15,1,20,0
8,-3,14,1,20,0
-9,-8,2,1,20,0
9,6,3,1,20,0
1,8,7,1,20,0
-1,5,8,1,20,0
5,-5,18,1,20,0
-3,7,19,1,20,0
0,8,6,1,21,0
8,6,9,1,21,0
-3,8,16,1,21,0
-8,-7,6,1,21,0
7,6,16,1,21,0
7,-3,19,1,21,0
-8,-8,9,1,21,0
4,-5,12,1,21,0
8,-7,18,1,21,0
6,6,19,1,21,0
6,-3,3,1,21,0
-7,-7,19,1,21,0
3,-5,6,1,21,0
-7,-8,12,1,21,0
-2,2,19,1,21,0
7,-7,19,1,21,0
7,-8,11,1,21,0
2,6,21,1,21,0
-2,3,18,1,21,0
1,5,19,1,21,0
6,-5,19,1,21,0
7,-9,4,1,21,0
-2,4,11,1,21,0
0,5,15,1,21,0
2,7,16,1,21,0
-6,-7,19,1,21,0
-2,5,5,1,21,0
-3,6,6,1,21,0
1,7,15,1,21,0
8,-3,14,1,21,0
-9,-8,2,1,21,0
9,6,3,1,21,0
1,8,7,1,21,0
-1,5,8,1,21,0
5,-5,18,1,21,0
-3,7,19,1,21,0
0,8,6,1,22,0
8,6,9,1,22,0
-3,8,16,1,22,0
-8,-7,6,1,22,0
7,6,16,1,22,0
7,-3,19,1,22,0
-8,-8,9,1,22,0
4,-5,12,1,22,0
8,-7,18,1,22,0
6,6,21,1,22,0
6,-3,3,1,22,0
-7,-7,19,1,22,0
3,-5,6,1,22,0
-7,-8,12,1,22,0
-2,2,19,1,22,0
7,-7,19,1,22,0
7,-8,11,1,22,0
2,6,22,1,22,0
-2,3,18,1,22,0
6,-5,19,1,22,0
-1,2,21,1,22,0
1,5,21,1,22,0
-6,-6,21,1,22,0
7,-9,4,1,22,0
-2,4,11,1,22,0
0,5,15,1,22,0
2,7,16,1,22,0
-6,-7,19,1,22,0
-2,5,5,1,22,0
-3,6,6,1,22,0
1,7,15,1,22,0
8,-3,14,1,22,0
-9,-8,2,1,22,0
9,6,3,1,22,0
1,8,7,1,22,0
-1,5,8,1,22,0
5,-5,18,1,22,0
-3,7,21,1,22,0
0,8,6,1,23,0
8,6,9,1,23,0
-3,8,16,1,23,0
-5,-7,21,1,23,0
-8,-7,6,1,23,0
7,6,16,1,23,0
7,-3,21,1,23,0
-8,-8,9,1,23,0
4,-5,12,1,23,0
8,-7,18,1,23,0
6,6,22,1,23,0
6,-3,3,1,23,0
-7,-7,19,1,23,0
7,-6,21,1,23,0
3,-5,6,1,23,0
-7,-8,12,1,23,0
-2,2,19,1,23,0
7,-7,19,1,23,0
7,-8,11,1,23,0
2,6,23,1,23,0
-2,3,18,1,23,0
-1,2,22,1,23,0
6,-5,21,1,23,0
1,5,22,1,23,0
-6,-6,22,1,23,0
7,-9,4,1,23,0
-2,4,11,1,23,0
0,5,15,1,23,0
2,7,16,1,23,0
-6,-7,19,1,23,0
-2,5,5,1,23,0
-3,6,6,1,23,0
1,7,15,1,23,0
8,-3,14,1,23,0
-9,-8,2,1,23,0
9,6,3,1,23,0
1,8,7,1,23,0
-1,5,8,1,23,0
5,-5,18,1,23,0
-3,7,22,1,23,0
0,8,6,1,24,0
8,6,9,1,24,0
-3,8,16,1,24,0
-5,-7,23,1,24,0
-8,-7,6,1,24,0
7,6,16,1,24,0
7,-3,21,1,24,0
-8,-8,9,1,24,0
4,-5,12,1,24,0
8,-7,18,1,24,0
6,6,22,1,24,0
5,6,23,1,24,0
-7,-7,19,1,24,0
7,-6,22,1,24,0
6,-3,22,1,24,0
3,-5,6,1,24,0
-7,-8,12,1,24,0
-2,2,19,1,24,0
7,-7,19,1,24,0
2,5,23,1,24,0
3,6,24,1,24,0
7,-8,11,1,24,0
2,6,23,1,24,0
-2,3,18,1,24,0
1,5,22,1,24,0
-1,2,23,1,24,0
6,-5,22,1,24,0
-6,-6,23,1,24,0
7,-9,4,1,24,0
-2,4,11,1,24,0
0,5,15,1,24,0
2,7,16,1,24,0
-6,-7,19,1,24,0
-2,5,5,1,24,0
-3,6,6,1,24,0
1,7,15,1,24,0
8,-3,14,1,24,0
-9,-8,2,1,24,0
9,6,3,1,24,0
1,8,7,1,24,0
-1,5,8,1,24,0
5,-5,18,1,24,0
-3,7,23,1,24,0
0,8,6,1,25,0
8,6,9,1,25,0
-3,8,16,1,25,0
-5,-7,24,1,25,0
-8,-7,6,1,25,0
7,6,16,1,25,0
7,-3,21,1,25,0
-8,-8,9,1,25,0
4,-5,12,1,25,0
8,-7,18,1,25,0
6,6,22,1,25,0
5,6,24,1,25,0
-7,-7,19,1,25,0
7,-6,23,1,25,0
6,-3,23,1,25,0
3,-5,6,1,25,0
-7,-8,12,1,25,0
-2,2,19,1,25,0
7,-7,19,1,25,0
3,6,25,1,25,0
2,5,24,1,25,0
7,-8,11,1,25,0
2,6,23,1,25,0
-2,3,18,1,25,0
1,5,22,1,25,0
-1,2,24,1,25,0
6,-5,23,1,25,0
-6,-6,24,1,25,0
7,-9,4,1,25,0
-2,4,11,1,25,0
0,5,15,1,25,0
2,7,16,1,25,0
-6,-7,19,1,25,0
-2,5,5,1,25,0
-3,6,6,1,25,0
1,7,15,1,25,0
8,-3,14,1,25,0
-9,-8,2,1,25,0
9,6,3,1,25,0
1,8,7,1,25,0
-1,5,8,1,25,0
5,-5,18,1,25,0
-3,7,23,1,25,0
-2,6,24,1,25,0
0,8,6,1,26,0
8,6,9,1,26,0
-3,8,16,1,26,0
-5,-7,25,1,26,0
-8,-7,6,1,26,0
7,6,16,1,26,0
7,-3,21,1,26,0
8,-6,25,1,26,0
-8,-8,9,1,26,0
4,-5,12,1,26,0
8,-7,18,1,26,0
6,6,22,1,26,0
5,6,25,1,26,0
-7,-7,19,1,26,0
7,-6,24,1,26,0
6,-3,24,1,26,0
2,4,25,1,26,0
3,-5,6,1,26,0
-7,-8,12,1,26,0
-2,2,19,1,26,0
7,-7,19,1,26,0
3,6,26,1,26,0
2,5,24,1,26,0
7,-8,11,1,26,0
2,6,23,1,26,0
-2,3,18,1,26,0
1,5,22,1,26,0
-1,2,25,1,26,0
6,-5,24,1,26,0
-6,-6,25,1,26,0
7,-9,4,1,26,0
-2,4,11,1,26,0
0,5,15,1,26,0
2,7,16,1,26,0
-6,-7,19,1,26,0
-2,5,5,1,26,0
-3,6,6,1,26,0
1,7,15,1,26,0
8,-3,14,1,26,0
-9,-8,2,1,26,0
9,6,3,1,26,0
1,8,7,1,26,0
-1,5,8,1,26,0
5,-5,18,1,26,0
-3,7,23,1,26,0
-2,6,25,1,26,0
0,8,6,1,27,0
8,6,9,1,27,0
-3,8,16,1,27,0
-5,-7,25,1,27,0
-8,-7,6,1,27,0
7,6,16,1,27,0
7,-3,21,1,27,0
8,-6,26,1,27,0
-8,-8,9,1,27,0
4,-5,12,1,27,0
8,-7,18,1,27,0
6,6,22,1,27,0
5,6,26,1,27,0
-4,-7,26,1,27,0
-7,-7,19,1,27,0
7,-6,24,1,27,0
6,-3,25,1,27,0
2,4,26,1,27,0
3,-5,6,1,27,0
-7,-8,12,1,27,0
-2,2,19,1,27,0
7,-7,19,1,27,0
3,6,27,1,27,0
2,5,24,1,27,0
7,-8,11,1,27,0
2,6,23,1,27,0
-2,3,18,1,27,0
1,5,22,1,27,0
-1,2,26,1,27,0
6,-5,25,1,27,0
-6,-6,26,1,27,0
7,-9,4,1,27,0
-2,4,11,1,27,0
0,5,15,1,27,0
2,7,16,1,27,0
-6,-7,19,1,27,0
-2,5,5,1,27,0
-3,6,6,1,27,0
1,7,15,1,27,0
8,-3,14,1,27,0
-9,-8,2,1,27,0
9,6,3,1,27,0
1,8,7,1,27,0
-1,5,8,1,27,0
5,-5,18,1,27,0
-3,7,23,1,27,0
-2,6,26,1,27,0
0,8,6,1,28,0
8,6,9,1,28,0
-3,8,16,1,28,0
-5,-7,25,1,28,0
-8,-7,6,1,28,0
7,6,16,1,28,0
7,-3,21,1,28,0
8,-6,27,1,28,0
-8,-8,9,1,28,0
4,-5,12,1,28,0
8,-7,18,1,28,0
6,6,22,1,28,0
5,6,27,1,28,0
-4,-7,27,1,28,0
-7,-7,19,1,28,0
7,-6,24,1,28,0
6,-3,26,1,28,0
2,4,27,1,28,0
3,-5,6,1,28,0
-7,-8,12,1,28,0
-2,2,19,1,28,0
7,-7,19,1,28,0
3,6,28,1,28,0
2,5,24,1,28,0
6,-4,26,1,28,0
7,-8,11,1,28,0
2,6,23,1,28,0
-2,3,18,1,28,0
1,5,22,1,28,0
6,-5,25,1,28,0
-1,2,27,1,28,0
-6,-6,27,1,28,0
7,-9,4,1,28,0
-2,4,11,1,28,0
0,5,15,1,28,0
2,7,16,1,28,0
-6,-7,19,1,28,0
-2,5,5,1,28,0
-3,6,6,1,28,0
1,7,15,1,28,0
8,-3,14,1,28,0
-9,-8,2,1,28,0
9,6,3,1,28,0
1,8,7,1,28,0
-1,5,8,1,28,0
5,-5,18,1,28,0
-3,7,23,1,28,0
-2,6,27,1,28,0
0,8,6,1,29,0
8,6,9,1,29,0
-3,8,16,1,29,0
-5,-7,25,1,29,0
8,-5,28,1,29,0
-8,-7,6,1,29,0
7,6,16,1,29,0
7,-3,21,1,29,0
8,-6,27,1,29,0
-8,-8,9,1,29,0
4,-5,12,1,29,0
8,-7,18,1,29,0
6,6,22,1,29,0
-4,-7,27,1,29,0
5,6,28,1,29,0
-7,-7,19,1,29,0
7,-6,24,1,29,0
6,-3,27,1,29,0
2,4,28,1,29,0
3,-5,6,1,29,0
-7,-8,12,1,29,0
-2,2,19,1,29,0
7,-7,19,1,29,0
3,6,29,1,29,0
2,5,24,1,29,0
6,-4,27,1,29,0
-6,-5,28,1,29,0
7,-8,11,1,29,0
2,6,23,1,29,0
-2,3,18,1,29,0
1,5,22,1,29,0
6,-5,25,1,29,0
-6,-6,27,1,29,0
-1,2,28,1,29,0
7,-9,4,1,29,0
-2,4,11,1,29,0
0,5,15,1,29,0
2,7,16,1,29,0
-6,-7,19,1,29,0
-2,5,5,1,29,0
-3,6,6,1,29,0
1,7,15,1,29,0
8,-3,14,1,29,0
-9,-8,2,1,29,0
9,6,3,1,29,0
1,8,7,1,29,0
-1,5,8,1,29,0
5,-5,18,1,29,0
-3,7,23,1,29,0
-2,6,28,1,29,0
0,8,6,1,30,0
8,6,9,1,30,0
-3,8,16,1,30,0
-5,-7,25,1,30,0
8,-5,29,1,30,0
-8,-7,6,1,30,0
7,6,16,1,30,0
7,-3,21,1,30,0
8,-6,27,1,30,0
-8,-8,9,1,30,0
4,-5,12,1,30,0
8,-7,18,1,30,0
6,6,22,1,30,0
7,-4,29,1,30,0
5,6,28,1,30,0
-4,-7,28,1,30,0
-7,-7,19,1,30,0
7,-6,24,1,30,0
6,-3,27,1,30,0
0,2,29,1,30,0
2,4,29,1,30,0
4,6,29,1,30,0
3,-5,6,1,30,0
-7,-8,12,1,30,0
-2,2,19,1,30,0
7,-7,19,1,30,0
3,6,29,1,30,0
2,5,24,1,30,0
6,-4,27,1,30,0
-6,-5,28,1,30,0
7,-8,11,1,30,0
2,6,23,1,30,0
-2,3,18,1,30,0
1,5,22,1,30,0
6,-5,25,1,30,0
-6,-6,27,1,30,0
-1,2,28,1,30,0
7,-9,4,1,30,0
-2,4,11,1,30,0
0,5,15,1,30,0
2,7,16,1,30,0
-6,-7,19,1,30,0
5,-3,28,1,30,0
-2,5,5,1,30,0
-3,6,6,1,30,0
1,7,15,1,30,0
8,-3,14,1,30,0
-9,-8,2,1,30,0
9,6,3,1,30,0
1,8,7,1,30,0
-1,5,8,1,30,0
5,-5,18,1,30,0
-3,7,23,1,30,0
-2,6,29,1,30,0
0,8,6,1,31,0
8,6,9,1,31,0
-3,8,16,1,31,0
-5,-7,25,1,31,0
8,-5,29,1,31,0
-8,-7,6,1,31,0
7,6,16,1,31,0
7,-3,21,1,31,0
8,-6,27,1,31,0
-8,-8,9,1,31,0
4,-5,12,1,31,0
8,-7,18,1,31,0
6,6,22,1,31,0
7,-4,29,1,31,0
5,6,28,1,31,0
-4,-7,29,1,31,0
-7,-7,19,1,31,0
7,-6,24,1,31,0
6,-3,27,1,31,0
0,2,29,1,31,0
2,4,29,1,31,0
4,6,31,1,31,0
3,-5,6,1,31,0
-7,-8,12,1,31,0
-2,2,19,1,31,0
7,-7,19,1,31,0
3,6,29,1,31,0
2,5,24,1,31,0
6,-4,27,1,31,0
-6,-5,29,1,31,0
7,-8,11,1,31,0
2,6,23,1,31,0
-2,3,18,1,31,0
1,5,22,1,31,0
6,-5,25,1,31,0
-6,-6,27,1,31,0
-1,2,28,1,31,0
7,-9,4,1,31,0
-2,4,11,1,31,0
0,5,15,1,31,0
2,7,16,1,31,0
-6,-7,19,1,31,0
5,-3,29,1,31,0
-2,5,5,1,31,0
-3,6,6,1,31,0
1,7,15,1,31,0
8,-3,14,1,31,0
-9,-8,2,1,31,0
9,6,3,1,31,0
1,8,7,1,31,0
-1,5,8,1,31,0
5,-5,18,1,31,0
-3,7,23,1,31,0
-2,6,29,1,31,0
0,8,6,1,32,0
8,6,9,1,32,0
-3,8,16,1,32,0
-5,-7,25,1,32,0
8,-5,29,1,32,0
-8,-7,6,1,32,0
7,6,16,1,32,0
7,-3,21,1,32,0
8,-6,27,1,32,0
-8,-8,9,1,32,0
4,-5,12,1,32,0
8,-7,18,1,32,0
6,6,22,1,32,0
7,-4,31,1,32,0
5,6,28,1,32,0
-4,-7,29,1,32,0
7,-5,31,1,32,0
-7,-7,19,1,32,0
7,-6,24,1,32,0
6,-3,27,1,32,0
0,2,31,1,32,0
2,4,31,1,32,0
4,6,32,1,32,0
3,-5,6,1,32,0
-7,-8,12,1,32,0
-2,2,19,1,32,0
7,-7,19,1,32,0
3,6,29,1,32,0
2,5,24,1,32,0
6,-4,27,1,32,0
-6,-5,29,1,32,0
7,-8,11,1,32,0
2,6,23,1,32,0
-2,3,18,1,32,0
1,5,22,1,32,0
6,-5,25,1,32,0
-6,-6,27,1,32,0
-1,2,28,1,32,0
7,-9,4,1,32,0
-2,4,11,1,32,0
0,5,15,1,32,0
2,7,16,1,32,0
-6,-7,19,1,32,0
5,-3,29,1,32,0
-2,5,5,1,32,0
-3,6,6,1,32,0
1,7,15,1,32,0
8,-3,14,1,32,0
-9,-8,2,1,32,0
9,6,3,1,32,0
1,8,7,1,32,0
-1,5,8,1,32,0
5,-5,18,1,32,0
-3,7,23,1,32,0
-2,6,31,1,32,0
0,8,6,1,33,0
8,6,9,1,33,0
-3,8,16,1,33,0
-5,-7,25,1,33,0
8,-5,29,1,33,0
-1,6,32,1,33,0
-8,-7,6,1,33,0
7,6,16,1,33,0
7,-3,21,1,33,0
8,-6,27,1,33,0
-8,-8,9,1,33,0
4,-5,12,1,33,0
8,-7,18,1,33,0
6,6,22,1,33,0
7,-4,32,1,33,0
5,6,28,1,33,0
-4,-7,31,1,33,0
7,-5,32,1,33,0
-7,-7,19,1,33,0
7,-6,24,1,33,0
6,-3,27,1,33,0
0,2,32,1,33,0
2,4,32,1,33,0
4,6,33,1,33,0
3,-5,6,1,33,0
-7,-8,12,1,33,0
-2,2,19,1,33,0
7,-7,19,1,33,0
3,6,29,1,33,0
2,5,24,1,33,0
6,-4,27,1,33,0
-6,-5,31,1,33,0
7,-8,11,1,33,0
2,6,23,1,33,0
-2,3,18,1,33,0
1,5,22,1,33,0
6,-5,25,1,33,0
-6,-6,27,1,33,0
-1,2,28,1,33,0
7,-9,4,1,33,0
-2,4,11,1,33,0
0,5,15,1,33,0
2,7,16,1,33,0
-6,-7,19,1,33,0
5,-3,31,1,33,0
-2,5,5,1,33,0
-3,6,6,1,33,0
1,7,15,1,33,0
8,-3,14,1,33,0
-9,-8,2,1,33,0
9,6,3,1,33,0
1,8,7,1,33,0
-1,5,8,1,33,0
5,-5,18,1,33,0
-3,7,23,1,33,0
-2,6,31,1,33,0
0,8,6,1,34,0
8,6,9,1,34,0
-3,8,16,1,34,0
-5,-7,25,1,34,0
8,-5,29,1,34,0
-1,6,33,1,34,0
-8,-7,6,1,34,0
7,6,16,1,34,0
7,-3,21,1,34,0
8,-6,27,1,34,0
-8,-8,9,1,34,0
4,-5,12,1,34,0
8,-7,18,1,34,0
6,6,22,1,34,0
7,-4,32,1,34,0
5,6,28,1,34,0
-4,-7,32,1,34,0
3,4,33,1,34,0
7,-5,33,1,34,0
-7,-7,19,1,34,0
7,-6,24,1,34,0
6,-3,27,1,34,0
2,4,32,1,34,0
0,2,33,1,34,0
4,6,34,1,34,0
3,-5,6,1,34,0
-7,-8,12,1,34,0
-2,2,19,1,34,0
7,-7,19,1,34,0
3,6,29,1,34,0
2,5,24,1,34,0
6,-4,27,1,34,0
-6,-5,33,1,34,0
7,-8,11,1,34,0
2,6,23,1,34,0
-2,3,18,1,34,0
1,5,22,1,34,0
6,-5,25,1,34,0
-6,-6,27,1,34,0
-1,2,28,1,34,0
-3,-7,33,1,34,0
7,-9,4,1,34,0
-2,4,11,1,34,0
0,5,15,1,34,0
2,7,16,1,34,0
-6,-7,19,1,34,0
5,-3,32,1,34,0
-2,5,5,1,34,0
-3,6,6,1,34,0
1,7,15,1,34,0
8,-3,14,1,34,0
-9,-8,2,1,34,0
9,6,3,1,34,0
1,8,7,1,34,0
-1,5,8,1,34,0
5,-5,18,1,34,0
-3,7,23,1,34,0
-2,6,31,1,34,0
0,8,6,1,35,0
8,6,9,1,35,0
-3,8,16,1,35,0
-5,-7,25,1,35,0
8,-5,29,1,35,0
-1,6,34,1,35,0
-8,-7,6,1,35,0
7,6,16,1,35,0
7,-3,21,1,35,0
8,-6,27,1,35,0
-8,-8,9,1,35,0
4,-5,12,1,35,0
8,-7,18,1,35,0
6,6,22,1,35,0
7,-4,32,1,35,0
3,3,34,1,35,0
5,6,28,1,35,0
-4,-7,32,1,35,0
3,4,33,1,35,0
7,-5,34,1,35,0
-7,-7,19,1,35,0
7,-6,24,1,35,0
6,-3,27,1,35,0
2,4,32,1,35,0
0,2,34,1,35,0
4,6,35,1,35,0
3,-5,6,1,35,0
-7,-8,12,1,35,0
-2,2,19,1,35,0
7,-7,19,1,35,0
3,6,29,1,35,0
2,5,24,1,35,0
6,-4,27,1,35,0
-6,-5,34,1,35,0
7,-8,11,1,35,0
2,6,23,1,35,0
-2,3,18,1,35,0
1,5,22,1,35,0
6,-5,25,1,35,0
-6,-6,27,1,35,0
-1,2,28,1,35,0
-3,-7,34,1,35,0
7,-9,4,1,35,0
-2,4,11,1,35,0
0,5,15,1,35,0
2,7,16,1,35,0
-6,-7,19,1,35,0
5,-3,33,1,35,0
-2,5,5,1,35,0
-3,6,6,1,35,0
1,7,15,1,35,0
8,-3,14,1,35,0
-9,-8,2,1,35,0
9,6,3,1,35,0
1,8,7,1,35,0
-1,5,8,1,35,0
5,-5,18,1,35,0
-3,7,23,1,35,0
-2,6,31,1,35,0
0,8,6,1,36,0
8,6,9,1,36,0
-3,8,16,1,36,0
-5,-7,25,1,36,0
8,-5,29,1,36,0
-1,6,35,1,36,0
-8,-7,6,1,36,0
7,6,16,1,36,0
7,-3,21,1,36,0
8,-6,27,1,36,0
-8,-8,9,1,36,0
4,-5,12,1,36,0
8,-7,18,1,36,0
6,6,22,1,36,0
7,-4,32,1,36,0
3,3,35,1,36,0
-4,-7,32,1,36,0
3,4,33,1,36,0
5,6,36,1,36,0
7,-5,35,1,36,0
-7,-7,19,1,36,0
7,-6,24,1,36,0
6,-3,27,1,36,0
2,4,32,1,36,0
4,6,35,1,36,0
0,2,35,1,36,0
-6,-4,35,1,36,0
3,-5,6,1,36,0
-7,-8,12,1,36,0
-2,2,19,1,36,0
7,-7,19,1,36,0
3,6,29,1,36,0
2,5,24,1,36,0
6,-4,27,1,36,0
-6,-5,34,1,36,0
7,-8,11,1,36,0
2,6,23,1,36,0
-2,3,18,1,36,0
1,5,22,1,36,0
6,-5,25,1,36,0
-6,-6,27,1,36,0
-1,2,28,1,36,0
-3,-7,34,1,36,0
7,-9,4,1,36,0
-2,4,11,1,36,0
0,5,15,1,36,0
2,7,16,1,36,0
-6,-7,19,1,36,0
5,-3,34,1,36,0
-2,5,5,1,36,0
-3,6,6,1,36,0
1,7,15,1,36,0
8,-3,14,1,36,0
-9,-8,2,1,36,0
9,6,3,1,36,0
1,8,7,1,36,0
-1,5,8,1,36,0
5,-5,18,1,36,0
-3,7,23,1,36,0
-2,6,31,1,36,0
0,8,6,1,37,0
8,6,9,1,37,0
-3,8,16,1,37,0
-5,-7,25,1,37,0
8,-5,29,1,37,0
-1,6,36,1,37,0
-8,-7,6,1,37,0
7,6,16,1,37,0
7,-3,21,1,37,0
8,-6,27,1,37,0
-8,-8,9,1,37,0
4,-5,12,1,37,0
8,-7,18,1,37,0
6,6,22,1,37,0
7,-4,32,1,37,0
3,3,36,1,37,0
-4,-7,32,1,37,0
3,4,33,1,37,0
1,2,36,1,37,0
5,6,37,1,37,0
7,-5,36,1,37,0
-7,-7,19,1,37,0
7,-6,24,1,37,0
6,-3,27,1,37,0
2,4,32,1,37,0
4,6,35,1,37,0
0,2,35,1,37,0
-6,-4,35,1,37,0
3,-5,6,1,37,0
-7,-8,12,1,37,0
-2,2,19,1,37,0
7,-7,19,1,37,0
3,6,29,1,37,0
2,5,24,1,37,0
6,-4,27,1,37,0
-6,-5,34,1,37,0
7,-8,11,1,37,0
2,6,23,1,37,0
-2,3,18,1,37,0
1,5,22,1,37,0
6,-5,25,1,37,0
-6,-6,27,1,37,0
-1,2,28,1,37,0
5,-2,35,1,37,0
-3,-7,36,1,37,0
7,-9,4,1,37,0
-2,4,11,1,37,0
0,5,15,1,37,0
2,7,16,1,37,0
-6,-7,19,1,37,0
5,-3,34,1,37,0
-5,-4,36,1,37,0
-2,5,5,1,37,0
-3,6,6,1,37,0
1,7,15,1,37,0
8,-3,14,1,37,0
-9,-8,2,1,37,0
9,6,3,1,37,0
1,8,7,1,37,0
-1,5,8,1,37,0
5,-5,18,1,37,0
-3,7,23,1,37,0
-2,6,31,1,37,0
0,8,6,1,38,0
8,6,9,1,38,0
-3,8,16,1,38,0
-5,-7,25,1,38,0
8,-5,29,1,38,0
-1,6,37,1,38,0
-8,-7,6,1,38,0
7,6,16,1,38,0
7,-3,21,1,38,0
8,-6,27,1,38,0
-8,-8,9,1,38,0
4,-5,12,1,38,0
8,-7,18,1,38,0
6,6,22,1,38,0
7,-4,32,1,38,0
3,3,37,1,38,0
-4,-7,32,1,38,0
3,4,33,1,38,0
1,2,37,1,38,0
5,6,38,1,38,0
7,-5,37,1,38,0
-7,-7,19,1,38,0
7,-6,24,1,38,0
6,-3,27,1,38,0
2,4,32,1,38,0
4,6,35,1,38,0
0,2,35,1,38,0
-6,-4,35,1,38,0
3,-5,6,1,38,0
-7,-8,12,1,38,0
-2,2,19,1,38,0
7,-7,19,1,38,0
3,6,29,1,38,0
2,5,24,1,38,0
6,-4,27,1,38,0
-6,-5,34,1,38,0
7,-8,11,1,38,0
2,6,23,1,38,0
-2,3,18,1,38,0
1,5,22,1,38,0
6,-5,25,1,38,0
-6,-6,27,1,38,0
-1,2,28,1,38,0
5,-2,36,1,38,0
-3,-7,37,1,38,0
7,-9,4,1,38,0
-2,4,11,1,38,0
0,5,15,1,38,0
2,7,16,1,38,0
-6,-7,19,1,38,0
5,-3,34,1,38,0
-5,-4,37,1,38,0
-2,5,5,1,38,0
-3,6,6,1,38,0
1,7,15,1,38,0
8,-3,14,1,38,0
-9,-8,2,1,38,0
9,6,3,1,38,0
1,8,7,1,38,0
-1,5,8,1,38,0
5,-5,18,1,38,0
-3,7,23,1,38,0
-2,6,31,1,38,0
0,8,6,1,39,0
8,6,9,1,39,0
-3,8,16,1,39,0
-5,-7,25,1,39,0
8,-5,29,1,39,0
-1,6,38,1,39,0
-8,-7,6,1,39,0
7,6,16,1,39,0
7,-3,21,1,39,0
8,-6,27,1,39,0
-8,-8,9,1,39,0
4,-5,12,1,39,0
8,-7,18,1,39,0
6,6,22,1,39,0
7,-4,32,1,39,0
3,3,38,1,39,0
-4,-7,32,1,39,0
3,4,33,1,39,0
1,2,38,1,39,0
7,-5,38,1,39,0
5,6,39,1,39,0
-7,-7,19,1,39,0
6,-3,27,1,39,0
2,4,32,1,39,0
4,6,35,1,39,0
0,2,35,1,39,0
-6,-4,35,1,39,0
7,-6,38,1,39,0
3,-5,6,1,39,0
-7,-8,12,1,39,0
-2,2,19,1,39,0
7,-7,19,1,39,0
3,6,29,1,39,0
2,5,24,1,39,0
6,-4,27,1,39,0
-6,-5,34,1,39,0
7,-8,11,1,39,0
2,6,23,1,39,0
-2,3,18,1,39,0
1,5,22,1,39,0
6,-5,25,1,39,0
-6,-6,27,1,39,0
-1,2,28,1,39,0
5,-2,36,1,39,0
-3,-7,38,1,39,0
7,-9,4,1,39,0
-2,4,11,1,39,0
0,5,15,1,39,0
2,7,16,1,39,0
-6,-7,19,1,39,0
5,-3,34,1,39,0
-5,-4,38,1,39,0
-2,5,5,1,39,0
-3,6,6,1,39,0
1,7,15,1,39,0
8,-3,14,1,39,0
-9,-8,2,1,39,0
9,6,3,1,39,0
1,8,7,1,39,0
-1,5,8,1,39,0
5,-5,18,1,39,0
-3,7,23,1,39,0
-2,6,31,1,39,0
4,-2,37,1,39,0
0,8,6,1,40,0
8,6,9,1,40,0
-3,8,16,1,40,0
-5,-7,25,1,40,0
8,-5,29,1,40,0
-1,6,38,1,40,0
-8,-7,6,1,40,0
7,6,16,1,40,0
7,-3,21,1,40,0
8,-6,27,1,40,0
-8,-8,9,1,40,0
4,-5,12,1,40,0
8,-7,18,1,40,0
6,6,22,1,40,0
7,-4,32,1,40,0
3,3,39,1,40,0
-4,-7,32,1,40,0
3,4,33,1,40,0
1,2,39,1,40,0
7,-5,39,1,40,0
5,6,39,1,40,0
-7,-7,19,1,40,0
6,-3,27,1,40,0
2,4,32,1,40,0
4,6,35,1,40,0
0,2,35,1,40,0
-6,-4,35,1,40,0
7,-6,39,1,40,0
3,-5,6,1,40,0
-7,-8,12,1,40,0
-2,2,19,1,40,0
7,-7,19,1,40,0
3,6,29,1,40,0
2,5,24,1,40,0
6,-4,27,1,40,0
-6,-5,34,1,40,0
7,-8,11,1,40,0
2,6,23,1,40,0
-2,3,18,1,40,0
1,5,22,1,40,0
6,-5,25,1,40,0
-6,-6,27,1,40,0
-1,2,28,1,40,0
5,-2,36,1,40,0
-3,-7,38,1,40,0
7,-9,4,1,40,0
-2,4,11,1,40,0
0,5,15,1,40,0
2,7,16,1,40,0
-6,-7,19,1,40,0
5,-3,34,1,40,0
-5,-4,39,1,40,0
-2,5,5,1,40,0
-3,6,6,1,40,0
1,7,15,1,40,0
8,-3,14,1,40,0
0,6,39,1,40,0
-9,-8,2,1,40,0
9,6,3,1,40,0
1,8,7,1,40,0
-1,5,8,1,40,0
5,-5,18,1,40,0
-3,7,23,1,40,0
-2,6,31,1,40,0
4,-2,38,1,40,0
-2,-7,39,1,40,0
0,8,6,1,41,0
8,6,9,1,41,0
-3,8,16,1,41,0
-5,-7,25,1,41,0
8,-5,29,1,41,0
-1,6,38,1,41,0
-8,-7,6,1,41,0
7,6,16,1,41,0
7,-3,21,1,41,0
8,-6,27,1,41,0
-8,-8,9,1,41,0
4,-5,12,1,41,0
8,-7,18,1,41,0
6,6,22,1,41,0
7,-4,32,1,41,0
3,3,39,1,41,0
-4,-7,32,1,41,0
3,4,33,1,41,0
1,2,39,1,41,0
7,-5,39,1,41,0
5,6,41,1,41,0
-7,-7,19,1,41,0
6,-3,27,1,41,0
2,4,32,1,41,0
4,6,35,1,41,0
0,2,35,1,41,0
-6,-4,35,1,41,0
7,-6,39,1,41,0
3,-5,6,1,41,0
-7,-8,12,1,41,0
-2,2,19,1,41,0
7,-7,19,1,41,0
3,6,29,1,41,0
2,5,24,1,41,0
6,-4,27,1,41,0
-6,-5,34,1,41,0
7,-8,11,1,41,0
2,6,23,1,41,0
-2,3,18,1,41,0
1,5,22,1,41,0
6,-5,25,1,41,0
-6,-6,27,1,41,0
-1,2,28,1,41,0
5,-2,36,1,41,0
-3,-7,38,1,41,0
7,-9,4,1,41,0
-2,4,11,1,41,0
0,5,15,1,41,0
2,7,16,1,41,0
-6,-7,19,1,41,0
5,-3,34,1,41,0
-5,-4,39,1,41,0
-2,5,5,1,41,0
-3,6,6,1,41,0
1,7,15,1,41,0
8,-3,14,1,41,0
0,6,39,1,41,0
-9,-8,2,1,41,0
9,6,3,1,41,0
1,8,7,1,41,0
-1,5,8,1,41,0
5,-5,18,1,41,0
-3,7,23,1,41,0
-2,6,31,1,41,0
-2,-7,39,1,41,0
4,-2,39,1,41,0
0,8,6,1,42,0
8,6,9,1,42,0
-3,8,16,1,42,0
-5,-7,25,1,42,0
8,-5,29,1,42,0
-1,6,38,1,42,0
-8,-7,6,1,42,0
7,6,16,1,42,0
7,-3,21,1,42,0
8,-6,27,1,42,0
-8,-8,9,1,42,0
4,-5,12,1,42,0
8,-7,18,1,42,0
7,-4,32,1,42,0
3,3,41,1,42,0
6,6,41,1,42,0
-4,-7,32,1,42,0
3,4,33,1,42,0
5,6,42,1,42,0
1,2,41,1,42,0
7,-5,41,1,42,0
-7,-7,19,1,42,0
6,-3,27,1,42,0
2,4,32,1,42,0
4,6,35,1,42,0
0,2,35,1,42,0
-6,-4,35,1,42,0
7,-6,41,1,42,0
3,-5,6,1,42,0
-7,-8,12,1,42,0
-2,2,19,1,42,0
7,-7,19,1,42,0
3,6,29,1,42,0
2,5,24,1,42,0
6,-4,27,1,42,0
-6,-5,34,1,42,0
7,-8,11,1,42,0
2,6,23,1,42,0
-2,3,18,1,42,0
1,5,22,1,42,0
6,-5,25,1,42,0
-6,-6,27,1,42,0
-1,2,28,1,42,0
5,-2,36,1,42,0
-3,-7,38,1,42,0
7,-9,4,1,42,0
-2,4,11,1,42,0
0,5,15,1,42,0
2,7,16,1,42,0
-6,-7,19,1,42,0
5,-3,34,1,42,0
-5,-4,41,1,42,0
-2,5,5,1,42,0
-3,6,6,1,42,0
1,7,15,1,42,0
8,-3,14,1,42,0
0,6,41,1,42,0
-9,-8,2,1,42,0
9,6,3,1,42,0
1,8,7,1,42,0
-1,5,8,1,42,0
5,-5,18,1,42,0
-3,7,23,1,42,0
-2,6,31,1,42,0
4,-2,41,1,42,0
-2,-7,41,1,42,0
0,8,6,1,43,0
8,6,9,1,43,0
-3,8,16,1,43,0
-5,-7,25,1,43,0
8,-5,29,1,43,0
-1,6,38,1,43,0
-8,-7,6,1,43,0
7,6,16,1,43,0
7,-3,21,1,43,0
8,-6,27,1,43,0
4,3,42,1,43,0
-8,-8,9,1,43,0
4,-5,12,1,43,0
8,-7,18,1,43,0
7,-4,32,1,43,0
3,3,41,1,43,0
2,2,42,1,43,0
6,6,42,1,43,0
-4,-7,32,1,43,0
3,4,33,1,43,0
5,6,43,1,43,0
1,2,41,1,43,0
7,-5,42,1,43,0
-7,-7,19,1,43,0
6,-3,27,1,43,0
2,4,32,1,43,0
4,6,35,1,43,0
0,2,35,1,43,0
-6,-4,35,1,43,0
7,-6,41,1,43,0
3,-5,6,1,43,0
-7,-8,12,1,43,0
-2,2,19,1,43,0
7,-7,19,1,43,0
3,6,29,1,43,0
2,5,24,1,43,0
6,-4,27,1,43,0
-6,-5,34,1,43,0
7,-8,11,1,43,0
2,6,23,1,43,0
-2,3,18,1,43,0
1,5,22,1,43,0
6,-5,25,1,43,0
-6,-6,27,1,43,0
-1,2,28,1,43,0
5,-2,36,1,43,0
-3,-7,38,1,43,0
7,-9,4,1,43,0
-2,4,11,1,43,0
0,5,15,1,43,0
2,7,16,1,43,0
-6,-7,19,1,43,0
5,-3,34,1,43,0
-5,-4,42,1,43,0
-2,5,5,1,43,0
-3,6,6,1,43,0
1,7,15,1,43,0
8,-3,14,1,43,0
0,6,41,1,43,0
-9,-8,2,1,43,0
9,6,3,1,43,0
1,8,7,1,43,0
-1,5,8,1,43,0
5,-5,18,1,43,0
-3,7,23,1,43,0
-2,6,31,1,43,0
0,7,42,1,43,0
4,-2,42,1,43,0
-2,-7,42,1,43,0
0,8,6,1,44,0
8,6,9,1,44,0
-3,8,16,1,44,0
-5,-7,25,1,44,0
8,-5,29,1,44,0
-1,6,38,1,44,0
-8,-7,6,1,44,0
7,6,16,1,44,0
7,-3,21,1,44,0
8,-6,27,1,44,0
4,3,43,1,44,0
-8,-8,9,1,44,0
4,-5,12,1,44,0
8,-7,18,1,44,0
7,-4,32,1,44,0
3,3,41,1,44,0
2,2,43,1,44,0
6,6,43,1,44,0
-4,-7,32,1,44,0
3,4,33,1,44,0
5,6,44,1,44,0
1,2,41,1,44,0
7,-5,43,1,44,0
-7,-7,19,1,44,0
6,-3,27,1,44,0
2,4,32,1,44,0
4,6,35,1,44,0
0,2,35,1,44,0
-6,-4,35,1,44,0
7,-6,43,1,44,0
3,-5,6,1,44,0
-7,-8,12,1,44,0
-2,2,19,1,44,0
7,-7,19,1,44,0
3,6,29,1,44,0
2,5,24,1,44,0
6,-4,27,1,44,0
-6,-5,34,1,44,0
7,-8,11,1,44,0
2,6,23,1,44,0
-2,3,18,1,44,0
1,5,22,1,44,0
6,-5,25,1,44,0
-6,-6,27,1,44,0
-1,2,28,1,44,0
5,-2,36,1,44,0
-3,-7,38,1,44,0
7,-9,4,1,44,0
-2,4,11,1,44,0
0,5,15,1,44,0
2,7,16,1,44,0
-6,-7,19,1,44,0
5,-3,34,1,44,0
-5,-4,43,1,44,0
-2,5,5,1,44,0
-3,6,6,1,44,0
1,7,15,1,44,0
8,-3,14,1,44,0
0,6,41,1,44,0
-9,-8,2,1,44,0
9,6,3,1,44,0
1,8,7,1,44,0
-1,5,8,1,44,0
5,-5,18,1,44,0
-3,7,23,1,44,0
-2,6,31,1,44,0
0,7,43,1,44,0
4,-2,43,1,44,0
-2,-7,43,1,44,0
0,8,6,1,45,0
8,6,9,1,45,0
-3,8,16,1,45,0
-5,-7,25,1,45,0
8,-5,29,1,45,0
-1,6,38,1,45,0
4,2,44,1,45,0
-4,-4,44,1,45,0
-8,-7,6,1,45,0
7,6,16,1,45,0
7,-3,21,1,45,0
8,-6,27,1,45,0
4,3,43,1,45,0
-8,-8,9,1,45,0
4,-5,12,1,45,0
8,-7,18,1,45,0
7,-4,32,1,45,0
3,3,41,1,45,0
2,2,44,1,45,0
6,6,44,1,45,0
-4,-7,32,1,45,0
3,4,33,1,45,0
5,6,45,1,45,0
1,2,41,1,45,0
7,-5,44,1,45,0
-7,-7,19,1,45,0
6,-3,27,1,45,0
2,4,32,1,45,0
4,6,35,1,45,0
0,2,35,1,45,0
-6,-4,35,1,45,0
7,-6,43,1,45,0
3,-5,6,1,45,0
-7,-8,12,1,45,0
-2,2,19,1,45,0
3,6,29,1,45,0
2,5,24,1,45,0
6,-4,27,1,45,0
-6,-5,34,1,45,0
7,-7,44,1,45,0
7,-8,11,1,45,0
2,6,23,1,45,0
-2,3,18,1,45,0
1,5,22,1,45,0
6,-5,25,1,45,0
-6,-6,27,1,45,0
-1,2,28,1,45,0
5,-2,36,1,45,0
-3,-7,38,1,45,0
7,-9,4,1,45,0
-2,4,11,1,45,0
0,5,15,1,45,0
2,7,16,1,45,0
-6,-7,19,1,45,0
5,-3,34,1,45,0
-5,-4,43,1,45,0
-2,5,5,1,45,0
-3,6,6,1,45,0
1,7,15,1,45,0
8,-3,14,1,45,0
0,6,41,1,45,0
4,-1,44,1,45,0
-9,-8,2,1,45,0
9,6,3,1,45,0
1,8,7,1,45,0
-1,5,8,1,45,0
5,-5,18,1,45,0
-3,7,23,1,45,0
-2,6,31,1,45,0
4,-2,43,1,45,0
0,7,44,1,45,0
-2,-7,44,1,45,0
0,8,6,1,46,0
8,6,9,1,46,0
-3,8,16,1,46,0
-5,-7,25,1,46,0
8,-5,29,1,46,0
-1,6,38,1,46,0
4,2,45,1,46,0
-4,-4,45,1,46,0
-8,-7,6,1,46,0
7,6,16,1,46,0
7,-3,21,1,46,0
8,-6,27,1,46,0
4,3,43,1,46,0
-8,-8,9,1,46,0
4,-5,12,1,46,0
8,-7,18,1,46,0
7,-4,32,1,46,0
3,3,41,1,46,0
2,2,45,1,46,0
6,6,45,1,46,0
-1,-7,45,1,46,0
-4,-7,32,1,46,0
3,4,33,1,46,0
5,6,46,1,46,0
1,2,41,1,46,0
7,-5,45,1,46,0
-7,-7,19,1,46,0
6,-3,27,1,46,0
2,4,32,1,46,0
4,6,35,1,46,0
0,2,35,1,46,0
-6,-4,35,1,46,0
7,-6,43,1,46,0
3,-5,6,1,46,0
-7,-8,12,1,46,0
-2,2,19,1,46,0
3,6,29,1,46,0
2,5,24,1,46,0
6,-4,27,1,46,0
-6,-5,34,1,46,0
7,-7,45,1,46,0
7,-8,11,1,46,0
2,6,23,1,46,0
-2,3,18,1,46,0
1,5,22,1,46,0
6,-5,25,1,46,0
-6,-6,27,1,46,0
-1,2,28,1,46,0
5,-2,36,1,46,0
-3,-7,38,1,46,0
7,-9,4,1,46,0
-2,4,11,1,46,0
0,5,15,1,46,0
2,7,16,1,46,0
-6,-7,19,1,46,0
5,-3,34,1,46,0
-5,-4,43,1,46,0
-2,5,5,1,46,0
-3,6,6,1,46,0
1,7,15,1,46,0
8,-3,14,1,46,0
0,6,41,1,46,0
4,-1,45,1,46,0
-9,-8,2,1,46,0
9,6,3,1,46,0
1,8,7,1,46,0
-1,5,8,1,46,0
5,-5,18,1,46,0
-3,7,23,1,46,0
-2,6,31,1,46,0
4,-2,43,1,46,0
-2,-7,44,1,46,0
0,7,45,1,46,0
0,8,6,1,47,0
8,6,9,1,47,0
-3,8,16,1,47,0
-5,-7,25,1,47,0
8,-5,29,1,47,0
-1,6,38,1,47,0
4,2,46,1,47,0
-4,-4,46,1,47,0
-8,-7,6,1,47,0
7,6,16,1,47,0
7,-3,21,1,47,0
8,-6,27,1,47,0
4,3,43,1,47,0
-8,-8,9,1,47,0
4,-5,12,1,47,0
8,-7,18,1,47,0
7,-4,32,1,47,0
3,3,41,1,47,0
2,2,46,1,47,0
6,6,46,1,47,0
-1,-7,46,1,47,0
-4,-7,32,1,47,0
3,4,33,1,47,0
5,6,47,1,47,0
1,2,41,1,47,0
7,-5,46,1,47,0
-7,-7,19,1,47,0
6,-3,27,1,47,0
2,4,32,1,47,0
4,6,35,1,47,0
0,2,35,1,47,0
-6,-4,35,1,47,0
7,-6,43,1,47,0
3,-5,6,1,47,0
-7,-8,12,1,47,0
-2,2,19,1,47,0
3,6,29,1,47,0
2,5,24,1,47,0
6,-4,27,1,47,0
-6,-5,34,1,47,0
7,-7,46,1,47,0
7,-8,11,1,47,0
2,6,23,1,47,0
-2,3,18,1,47,0
1,5,22,1,47,0
6,-5,25,1,47,0
-6,-6,27,1,47,0
-1,2,28,1,47,0
5,-2,36,1,47,0
-3,-7,38,1,47,0
7,-9,4,1,47,0
-2,4,11,1,47,0
0,5,15,1,47,0
2,7,16,1,47,0
-6,-7,19,1,47,0
5,-3,34,1,47,0
-5,-4,43,1,47,0
-2,5,5,1,47,0
-3,6,6,1,47,0
1,7,15,1,47,0
8,-3,14,1,47,0
0,6,41,1,47,0
4,-1,46,1,47,0
-9,-8,2,1,47,0
9,6,3,1,47,0
1,8,7,1,47,0
-1,5,8,1,47,0
5,-5,18,1,47,0
-3,7,23,1,47,0
-2,6,31,1,47,0
4,-2,43,1,47,0
-2,-7,44,1,47,0
0,7,46,1,47,0
0,8,6,1,48,0
8,6,9,1,48,0
-3,8,16,1,48,0
-5,-7,25,1,48,0
8,-5,29,1,48,0
-1,6,38,1,48,0
4,2,47,1,48,0
-4,-4,47,1,48,0
-8,-7,6,1,48,0
7,-3,21,1,48,0
8,-6,27,1,48,0
4,3,43,1,48,0
2,1,47,1,48,0
7,6,47,1,48,0
-8,-8,9,1,48,0
4,-5,12,1,48,0
8,-7,18,1,48,0
7,-4,32,1,48,0
3,3,41,1,48,0
2,2,46,1,48,0
6,6,46,1,48,0
-1,-7,47,1,48,0
-4,-7,32,1,48,0
3,4,33,1,48,0
5,6,47,1,48,0
1,2,41,1,48,0
7,-5,47,1,48,0
-7,-7,19,1,48,0
6,-3,27,1,48,0
2,4,32,1,48,0
4,6,48,1,48,0
0,2,35,1,48,0
-6,-4,35,1,48,0
7,-6,43,1,48,0
3,-5,6,1,48,0
-7,-8,12,1,48,0
-2,2,19,1,48,0
3,6,29,1,48,0
2,5,24,1,48,0
6,-4,27,1,48,0
-6,-5,34,1,48,0
7,-7,47,1,48,0
7,-8,11,1,48,0
2,6,23,1,48,0
-2,3,18,1,48,0
1,5,22,1,48,0
6,-5,25,1,48,0
-6,-6,27,1,48,0
-1,2,28,1,48,0
5,-2,36,1,48,0
-3,-7,38,1,48,0
7,-9,4,1,48,0
-2,4,11,1,48,0
0,5,15,1,48,0
2,7,16,1,48,0
-6,-7,19,1,48,0
5,-3,34,1,48,0
-5,-4,43,1,48,0
-2,5,5,1,48,0
-3,6,6,1,48,0
1,7,15,1,48,0
8,-3,14,1,48,0
0,6,41,1,48,0
4,-1,47,1,48,0
-9,-8,2,1,48,0
9,6,3,1,48,0
1,8,7,1,48,0
-1,5,8,1,48,0
5,-5,18,1,48,0
-3,7,23,1,48,0
-2,6,31,1,48,0
4,-2,43,1,48,0
-2,-7,44,1,48,0
0,7,47,1,48,0
0,8,6,1,49,0
8,6,9,1,49,0
-3,8,16,1,49,0
-5,-7,25,1,49,0
8,-5,29,1,49,0
-1,6,38,1,49,0
4,2,48,1,49,0
-4,-4,48,1,49,0
-8,-7,6,1,49,0
7,-3,21,1,49,0
8,-6,27,1,49,0
4,3,43,1,49,0
2,1,48,1,49,0
7,6,48,1,49,0
-8,-8,9,1,49,0
4,-5,12,1,49,0
8,-7,18,1,49,0
7,-4,32,1,49,0
3,3,41,1,49,0
2,2,46,1,49,0
6,6,46,1,49,0
-1,-7,47,1,49,0
-4,-7,32,1,49,0
3,4,33,1,49,0
5,6,47,1,49,0
1,2,41,1,49,0
7,-5,48,1,49,0
-7,-7,19,1,49,0
6,-3,27,1,49,0
2,4,32,1,49,0
4,6,49,1,49,0
0,2,35,1,49,0
-6,-4,35,1,49,0
7,-6,43,1,49,0
3,-5,6,1,49,0
-7,-8,12,1,49,0
-2,2,19,1,49,0
3,6,29,1,49,0
2,5,24,1,49,0
6,-4,27,1,49,0
-6,-5,34,1,49,0
7,-7,48,1,49,0
7,-8,11,1,49,0
2,6,23,1,49,0
-2,3,18,1,49,0
1,5,22,1,49,0
6,-5,25,1,49,0
-6,-6,27,1,49,0
-1,2,28,1,49,0
5,-2,36,1,49,0
-3,-7,38,1,49,0
7,-9,4,1,49,0
-2,4,11,1,49,0
0,5,15,1,49,0
2,7,16,1,49,0
-6,-7,19,1,49,0
5,-3,34,1,49,0
-5,-4,43,1,49,0
-2,5,5,1,49,0
-3,6,6,1,49,0
1,7,15,1,49,0
8,-3,14,1,49,0
0,6,41,1,49,0
4,-1,48,1,49,0
-9,-8,2,1,49,0
9,6,3,1,49,0
1,8,7,1,49,0
-1,5,8,1,49,0
5,-5,18,1,49,0
-3,7,23,1,49,0
-2,6,31,1,49,0
4,-2,43,1,49,0
-2,-7,44,1,49,0
0,7,48,1,49,0
0,8,6,1,50,0
8,6,9,1,50,0
-3,8,16,1,50,0
-5,-7,25,1,50,0
8,-5,29,1,50,0
-1,6,38,1,50,0
4,2,49,1,50,0
-4,-4,49,1,50,0
-8,-7,6,1,50,0
7,-3,21,1,50,0
8,-6,27,1,50,0
4,3,43,1,50,0
2,1,49,1,50,0
7,6,49,1,50,0
-8,-8,9,1,50,0
4,-5,12,1,50,0
8,-7,18,1,50,0
3,3,41,1,50,0
2,2,46,1,50,0
6,6,46,1,50,0
7,-4,49,1,50,0
-1,-7,49,1,50,0
-4,-7,32,1,50,0
3,4,33,1,50,0
5,6,47,1,50,0
1,2,41,1,50,0
7,-5,48,1,50,0
-7,-7,19,1,50,0
6,-3,27,1,50,0
2,4,32,1,50,0
4,6,49,1,50,0
0,2,35,1,50,0
-6,-4,35,1,50,0
7,-6,43,1,50,0
3,-5,6,1,50,0
-7,-8,12,1,50,0
-2,2,19,1,50,0
3,6,29,1,50,0
2,5,24,1,50,0
6,-4,27,1,50,0
-6,-5,34,1,50,0
7,-7,49,1,50,0
7,-8,11,1,50,0
2,6,23,1,50,0
-2,3,18,1,50,0
1,5,22,1,50,0
6,-5,25,1,50,0
-6,-6,27,1,50,0
-1,2,28,1,50,0
5,-2,36,1,50,0
-3,-7,38,1,50,0
7,-9,4,1,50,0
-2,4,11,1,50,0
0,5,15,1,50,0
2,7,16,1,50,0
-6,-7,19,1,50,0
5,-3,34,1,50,0
-5,-4,43,1,50,0
-2,5,5,1,50,0
-3,6,6,1,50,0
1,7,15,1,50,0
8,-3,14,1,50,0
0,6,41,1,50,0
4,-1,49,1,50,0
-9,-8,2,1,50,0
9,6,3,1,50,0
-1,5,8,1,50,0
5,-5,18,1,50,0
-3,7,23,1,50,0
-2,6,31,1,50,0
4,-2,43,1,50,0
-2,-7,44,1,50,0
0,7,48,1,50,0
1,8,49,1,50,0
0,8,6,1,51,0
8,6,9,1,51,0
-3,8,16,1,51,0
-5,-7,25,1,51,0
8,-5,29,1,51,0
-1,6,38,1,51,0
4,2,49,1,51,0
-4,-4,49,1,51,0
-8,-7,6,1,51,0
7,-3,21,1,51,0
8,-6,27,1,51,0
4,3,43,1,51,0
2,1,49,1,51,0
7,6,49,1,51,0
-8,-8,9,1,51,0
4,-5,12,1,51,0
8,-7,18,1,51,0
3,3,41,1,51,0
2,2,46,1,51,0
6,6,46,1,51,0
7,-4,49,1,51,0
-1,-7,49,1,51,0
-4,-7,32,1,51,0
3,4,33,1,51,0
5,6,47,1,51,0
1,2,41,1,51,0
7,-5,48,1,51,0
-7,-7,19,1,51,0
6,-3,27,1,51,0
2,4,32,1,51,0
4,6,51,1,51,0
0,2,35,1,51,0
-6,-4,35,1,51,0
7,-6,43,1,51,0
3,-5,6,1,51,0
-7,-8,12,1,51,0
-2,2,19,1,51,0
3,6,29,1,51,0
2,5,24,1,51,0
6,-4,27,1,51,0
-6,-5,34,1,51,0
7,-7,49,1,51,0
7,-8,11,1,51,0
2,6,23,1,51,0
-2,3,18,1,51,0
1,5,22,1,51,0
6,-5,25,1,51,0
-6,-6,27,1,51,0
-1,2,28,1,51,0
5,-2,36,1,51,0
-3,-7,38,1,51,0
7,-9,4,1,51,0
-2,4,11,1,51,0
0,5,15,1,51,0
2,7,16,1,51,0
-6,-7,19,1,51,0
5,-3,34,1,51,0
-5,-4,43,1,51,0
-2,5,5,1,51,0
-3,6,6,1,51,0
1,7,15,1,51,0
8,-3,14,1,51,0
0,6,41,1,51,0
4,-1,49,1,51,0
-9,-8,2,1,51,0
9,6,3,1,51,0
-1,5,8,1,51,0
5,-5,18,1,51,0
-3,7,23,1,51,0
-2,6,31,1,51,0
4,-2,43,1,51,0
-2,-7,44,1,51,0
0,7,48,1,51,0
1,8,49,1,51,0
0,8,6,1,52,0
8,6,9,1,52,0
-3,8,16,1,52,0
-5,-7,25,1,52,0
8,-5,29,1,52,0
-1,6,38,1,52,0
4,2,49,1,52,0
-4,-4,49,1,52,0
3,1,51,1,52,0
-8,-7,6,1,52,0
7,-3,21,1,52,0
8,-6,27,1,52,0
4,3,43,1,52,0
2,1,49,1,52,0
7,6,51,1,52,0
-8,-8,9,1,52,0
4,-5,12,1,52,0
8,-7,18,1,52,0
3,3,41,1,52,0
2,2,46,1,52,0
6,6,46,1,52,0
7,-4,51,1,52,0
-1,-7,51,1,52,0
-4,-7,32,1,52,0
3,4,33,1,52,0
5,6,47,1,52,0
1,2,41,1,52,0
7,-5,48,1,52,0
-3,-4,51,1,52,0
-7,-7,19,1,52,0
6,-3,27,1,52,0
2,4,32,1,52,0
4,6,52,1,52,0
0,2,35,1,52,0
-6,-4,35,1,52,0
7,-6,43,1,52,0
3,-5,6,1,52,0
-7,-8,12,1,52,0
-2,2,19,1,52,0
3,6,29,1,52,0
2,5,24,1,52,0
6,-4,27,1,52,0
-6,-5,34,1,52,0
7,-7,49,1,52,0
2,6,23,1,52,0
-2,3,18,1,52,0
1,5,22,1,52,0
6,-5,25,1,52,0
-6,-6,27,1,52,0
-1,2,28,1,52,0
5,-2,36,1,52,0
-3,-7,38,1,52,0
7,-8,51,1,52,0
7,-9,4,1,52,0
-2,4,11,1,52,0
0,5,15,1,52,0
2,7,16,1,52,0
-6,-7,19,1,52,0
5,-3,34,1,52,0
-5,-4,43,1,52,0
-2,5,5,1,52,0
-3,6,6,1,52,0
1,7,15,1,52,0
8,-3,14,1,52,0
0,6,41,1,52,0
4,-1,49,1,52,0
4,0,51,1,52,0
-9,-8,2,1,52,0
9,6,3,1,52,0
-1,5,8,1,52,0
5,-5,18,1,52,0
-3,7,23,1,52,0
-2,6,31,1,52,0
4,-2,43,1,52,0
-2,-7,44,1,52,0
0,7,48,1,52,0
5,2,51,1,52,0
1,8,51,1,52,0
0,8,6,1,53,0
8,6,9,1,53,0
-3,8,16,1,53,0
-5,-7,25,1,53,0
8,-5,29,1,53,0
-1,6,38,1,53,0
4,2,49,1,53,0
-4,-4,49,1,53,0
3,1,52,1,53,0
-8,-7,6,1,53,0
7,-3,21,1,53,0
8,-6,27,1,53,0
4,3,43,1,53,0
2,1,49,1,53,0
7,6,52,1,53,0
-8,-8,9,1,53,0
4,-5,12,1,53,0
8,-7,18,1,53,0
3,3,41,1,53,0
2,2,46,1,53,0
6,6,46,1,53,0
-1,-7,51,1,53,0
7,-4,52,1,53,0
-4,-7,32,1,53,0
3,4,33,1,53,0
5,6,47,1,53,0
1,2,41,1,53,0
7,-5,48,1,53,0
-3,-4,52,1,53,0
-7,-7,19,1,53,0
6,-3,27,1,53,0
2,4,32,1,53,0
4,6,53,1,53,0
0,2,35,1,53,0
-6,-4,35,1,53,0
7,-6,43,1,53,0
3,-5,6,1,53,0
-7,-8,12,1,53,0
-2,2,19,1,53,0
3,6,29,1,53,0
2,5,24,1,53,0
6,-4,27,1,53,0
-6,-5,34,1,53,0
7,-7,49,1,53,0
2,6,23,1,53,0
-2,3,18,1,53,0
1,5,22,1,53,0
6,-5,25,1,53,0
-6,-6,27,1,53,0
-1,2,28,1,53,0
5,-2,36,1,53,0
-3,-7,38,1,53,0
7,-8,51,1,53,0
0,-7,52,1,53,0
7,-9,4,1,53,0
-2,4,11,1,53,0
0,5,15,1,53,0
2,7,16,1,53,0
-6,-7,19,1,53,0
5,-3,34,1,53,0
-5,-4,43,1,53,0
-2,5,5,1,53,0
-3,6,6,1,53,0
1,7,15,1,53,0
8,-3,14,1,53,0
0,6,41,1,53,0
4,-1,49,1,53,0
4,0,52,1,53,0
-9,-8,2,1,53,0
9,6,3,1,53,0
-1,5,8,1,53,0
5,-5,18,1,53,0
-3,7,23,1,53,0
-2,6,31,1,53,0
4,-2,43,1,53,0
-2,-7,44,1,53,0
0,7,48,1,53,0
5,2,52,1,53,0
1,8,52,1,53,0
0,8,6,1,54,0
8,6,9,1,54,0
-3,8,16,1,54,0
-5,-7,25,1,54,0
8,-5,29,1,54,0
-1,6,38,1,54,0
4,2,49,1,54,0
-4,-4,49,1,54,0
3,1,53,1,54,0
-8,-7,6,1,54,0
7,-3,21,1,54,0
8,-6,27,1,54,0
4,3,43,1,54,0
2,1,49,1,54,0
7,6,53,1,54,0
-8,-8,9,1,54,0
4,-5,12,1,54,0
8,-7,18,1,54,0
3,3,41,1,54,0
2,2,46,1,54,0
6,6,46,1,54,0
-1,-7,51,1,54,0
7,-4,52,1,54,0
-4,-7,32,1,54,0
3,4,33,1,54,0
5,6,47,1,54,0
1,2,41,1,54,0
7,-5,48,1,54,0
-3,-4,53,1,54,0
-7,-7,19,1,54,0
6,-3,27,1,54,0
2,4,32,1,54,0
4,6,53,1,54,0
0,2,35,1,54,0
-6,-4,35,1,54,0
7,-6,43,1,54,0
3,-5,6,1,54,0
-7,-8,12,1,54,0
-2,2,19,1,54,0
3,6,54,1,54,0
2,5,24,1,54,0
6,-4,27,1,54,0
-6,-5,34,1,54,0
7,-7,49,1,54,0
2,6,23,1,54,0
-2,3,18,1,54,0
1,5,22,1,54,0
6,-5,25,1,54,0
-6,-6,27,1,54,0
-1,2,28,1,54,0
5,-2,36,1,54,0
-3,-7,38,1,54,0
7,-8,52,1,54,0
0,-7,53,1,54,0
7,-9,4,1,54,0
-2,4,11,1,54,0
0,5,15,1,54,0
2,7,16,1,54,0
-6,-7,19,1,54,0
5,-3,34,1,54,0
-5,-4,43,1,54,0
-2,5,5,1,54,0
-3,6,6,1,54,0
1,7,15,1,54,0
8,-3,14,1,54,0
0,6,41,1,54,0
4,-1,49,1,54,0
4,0,53,1,54,0
-9,-8,2,1,54,0
9,6,3,1,54,0
-1,5,8,1,54,0
5,-5,18,1,54,0
-3,7,23,1,54,0
-2,6,31,1,54,0
4,-2,43,1,54,0
-2,-7,44,1,54,0
0,7,48,1,54,0
5,2,53,1,54,0
8,-4,53,1,54,0
1,8,53,1,54,0
0,8,6,1,55,0
-3,8,16,1,55,0
-5,-7,25,1,55,0
8,-5,29,1,55,0
-1,6,38,1,55,0
4,2,49,1,55,0
-4,-4,49,1,55,0
3,1,54,1,55,0
8,6,54,1,55,0
-8,-7,6,1,55,0
7,-3,21,1,55,0
8,-6,27,1,55,0
4,3,43,1,55,0
2,1,49,1,55,0
7,6,53,1,55,0
-8,-8,9,1,55,0
4,-5,12,1,55,0
8,-7,18,1,55,0
3,3,41,1,55,0
2,2,46,1,55,0
6,6,46,1,55,0
-1,-7,51,1,55,0
7,-4,52,1,55,0
-4,-7,32,1,55,0
3,4,33,1,55,0
5,6,47,1,55,0
1,2,41,1,55,0
7,-5,48,1,55,0
-3,-4,54,1,55,0
-7,-7,19,1,55,0
6,-3,27,1,55,0
2,4,32,1,55,0
4,6,53,1,55,0
0,2,35,1,55,0
-6,-4,35,1,55,0
7,-6,43,1,55,0
3,-5,6,1,55,0
-7,-8,12,1,55,0
-2,2,19,1,55,0
3,6,55,1,55,0
2,5,24,1,55,0
6,-4,27,1,55,0
-6,-5,34,1,55,0
7,-7,49,1,55,0
2,6,23,1,55,0
-2,3,18,1,55,0
1,5,22,1,55,0
6,-5,25,1,55,0
-6,-6,27,1,55,0
-1,2,28,1,55,0
5,-2,36,1,55,0
-3,-7,38,1,55,0
7,-8,53,1,55,0
0,-7,54,1,55,0
7,-9,4,1,55,0
-2,4,11,1,55,0
0,5,15,1,55,0
2,7,16,1,55,0
-6,-7,19,1,55,0
5,-3,34,1,55,0
-5,-4,43,1,55,0
-2,5,5,1,55,0
-3,6,6,1,55,0
8,-3,14,1,55,0
0,6,41,1,55,0
4,-1,49,1,55,0
1,7,54,1,55,0
4,0,54,1,55,0
-9,-8,2,1,55,0
9,6,3,1,55,0
-1,5,8,1,55,0
5,-5,18,1,55,0
-3,7,23,1,55,0
-2,6,31,1,55,0
4,-2,43,1,55,0
-2,-7,44,1,55,0
0,7,48,1,55,0
1,8,53,1,55,0
5,2,54,1,55,0
8,-4,54,1,55,0
0,8,6,1,56,0
-3,8,16,1,56,0
-5,-7,25,1,56,0
8,-5,29,1,56,0
-1,6,38,1,56,0
4,2,49,1,56,0
-4,-4,49,1,56,0
3,1,54,1,56,0
8,6,55,1,56,0
-8,-7,6,1,56,0
7,-3,21,1,56,0
8,-6,27,1,56,0
4,3,43,1,56,0
2,1,49,1,56,0
7,6,53,1,56,0
-8,-8,9,1,56,0
4,-5,12,1,56,0
8,-7,18,1,56,0
3,3,41,1,56,0
2,2,46,1,56,0
6,6,46,1,56,0
-1,-7,51,1,56,0
7,-4,52,1,56,0
-4,-7,32,1,56,0
3,4,33,1,56,0
5,6,47,1,56,0
1,2,41,1,56,0
7,-5,48,1,56,0
-3,-4,55,1,56,0
-7,-7,19,1,56,0
6,-3,27,1,56,0
2,4,32,1,56,0
4,6,53,1,56,0
0,2,35,1,56,0
-6,-4,35,1,56,0
7,-6,43,1,56,0
3,-5,6,1,56,0
-7,-8,12,1,56,0
-2,2,19,1,56,0
3,6,56,1,56,0
2,5,24,1,56,0
6,-4,27,1,56,0
-6,-5,34,1,56,0
7,-7,49,1,56,0
2,6,23,1,56,0
-2,3,18,1,56,0
1,5,22,1,56,0
6,-5,25,1,56,0
-6,-6,27,1,56,0
-1,2,28,1,56,0
5,-2,36,1,56,0
-3,-7,38,1,56,0
7,-8,54,1,56,0
0,-7,55,1,56,0
7,-9,4,1,56,0
-2,4,11,1,56,0
0,5,15,1,56,0
2,7,16,1,56,0
-6,-7,19,1,56,0
5,-3,34,1,56,0
-5,-4,43,1,56,0
-2,5,5,1,56,0
-3,6,6,1,56,0
8,-3,14,1,56,0
0,6,41,1,56,0
4,-1,49,1,56,0
5,1,55,1,56,0
1,7,55,1,56,0
4,0,55,1,56,0
-9,-8,2,1,56,0
9,6,3,1,56,0
-1,5,8,1,56,0
5,-5,18,1,56,0
-3,7,23,1,56,0
-2,6,31,1,56,0
4,-2,43,1,56,0
-2,-7,44,1,56,0
0,7,48,1,56,0
1,8,53,1,56,0
5,2,54,1,56,0
8,-4,54,1,56,0
3,0,55,1,56,0
0,8,6,1,57,0
-3,8,16,1,57,0
-5,-7,25,1,57,0
8,-5,29,1,57,0
-1,6,38,1,57,0
4,2,49,1,57,0
-4,-4,49,1,57,0
3,1,54,1,57,0
8,6,56,1,57,0
-8,-7,6,1,57,0
7,-3,21,1,57,0
8,-6,27,1,57,0
4,3,43,1,57,0
2,1,49,1,57,0
7,6,53,1,57,0
-8,-8,9,1,57,0
4,-5,12,1,57,0
8,-7,18,1,57,0
3,3,41,1,57,0
2,2,46,1,57,0
6,6,46,1,57,0
-1,-7,51,1,57,0
7,-4,52,1,57,0
-4,-7,32,1,57,0
3,4,33,1,57,0
5,6,47,1,57,0
1,2,41,1,57,0
7,-5,48,1,57,0
-3,-4,55,1,57,0
-7,-7,19,1,57,0
6,-3,27,1,57,0
2,4,32,1,57,0
4,6,57,1,57,0
0,2,35,1,57,0
-6,-4,35,1,57,0
7,-6,43,1,57,0
3,-5,6,1,57,0
-7,-8,12,1,57,0
-2,2,19,1,57,0
3,6,56,1,57,0
2,5,24,1,57,0
6,-4,27,1,57,0
-6,-5,34,1,57,0
7,-7,55,1,57,0
2,6,23,1,57,0
-2,3,18,1,57,0
1,5,22,1,57,0
6,-5,25,1,57,0
-6,-6,27,1,57,0
-1,2,28,1,57,0
5,-2,36,1,57,0
-3,-7,38,1,57,0
7,-8,54,1,57,0
-2,-4,56,1,57,0
0,-7,56,1,57,0
7,-9,4,1,57,0
-2,4,11,1,57,0
0,5,15,1,57,0
2,7,16,1,57,0
-6,-7,19,1,57,0
5,-3,34,1,57,0
-5,-4,43,1,57,0
-2,5,5,1,57,0
-3,6,6,1,57,0
8,-3,14,1,57,0
0,6,41,1,57,0
4,-1,49,1,57,0
5,1,56,1,57,0
1,7,56,1,57,0
4,0,56,1,57,0
-9,-8,2,1,57,0
9,6,3,1,57,0
-1,5,8,1,57,0
5,-5,18,1,57,0
-3,7,23,1,57,0
-2,6,31,1,57,0
4,-2,43,1,57,0
-2,-7,44,1,57,0
0,7,48,1,57,0
1,8,53,1,57,0
5,2,54,1,57,0
3,0,56,1,57,0
8,-4,55,1,57,0
0,8,6,1,58,0
-3,8,16,1,58,0
-5,-7,25,1,58,0
8,-5,29,1,58,0
-1,6,38,1,58,0
4,2,49,1,58,0
-4,-4,49,1,58,0
3,1,54,1,58,0
8,6,57,1,58,0
-8,-7,6,1,58,0
7,-3,21,1,58,0
8,-6,27,1,58,0
4,3,43,1,58,0
2,1,49,1,58,0
7,6,53,1,58,0
-8,-8,9,1,58,0
4,-5,12,1,58,0
8,-7,18,1,58,0
3,3,41,1,58,0
2,2,46,1,58,0
6,6,46,1,58,0
-1,-7,51,1,58,0
7,-4,52,1,58,0
-4,-7,32,1,58,0
3,4,33,1,58,0
5,6,47,1,58,0
1,2,41,1,58,0
7,-5,48,1,58,0
-3,-4,55,1,58,0
-7,-7,19,1,58,0
6,-3,27,1,58,0
2,4,32,1,58,0
4,6,58,1,58,0
0,2,35,1,58,0
-6,-4,35,1,58,0
7,-6,43,1,58,0
3,-5,6,1,58,0
-7,-8,12,1,58,0
-2,2,19,1,58,0
3,6,56,1,58,0
2,5,24,1,58,0
6,-4,27,1,58,0
-6,-5,34,1,58,0
7,-7,56,1,58,0
2,6,23,1,58,0
-2,3,18,1,58,0
1,5,22,1,58,0
6,-5,25,1,58,0
-6,-6,27,1,58,0
-1,2,28,1,58,0
5,-2,36,1,58,0
-3,-7,38,1,58,0
7,-8,54,1,58,0
0,-7,56,1,58,0
-2,-4,57,1,58,0
7,-9,4,1,58,0
-2,4,11,1,58,0
0,5,15,1,58,0
2,7,16,1,58,0
-6,-7,19,1,58,0
5,-3,34,1,58,0
-5,-4,43,1,58,0
-2,5,5,1,58,0
-3,6,6,1,58,0
8,-3,14,1,58,0
0,6,41,1,58,0
4,-1,49,1,58,0
5,1,57,1,58,0
1,7,57,1,58,0
4,0,57,1,58,0
-9,-8,2,1,58,0
9,6,3,1,58,0
-1,5,8,1,58,0
5,-5,18,1,58,0
-3,7,23,1,58,0
-2,6,31,1,58,0
4,-2,43,1,58,0
-2,-7,44,1,58,0
0,7,48,1,58,0
1,8,53,1,58,0
5,2,54,1,58,0
3,0,57,1,58,0
8,-4,57,1,58,0
0,8,6,1,59,0
-3,8,16,1,59,0
-5,-7,25,1,59,0
8,-5,29,1,59,0
-1,6,38,1,59,0
4,2,49,1,59,0
-4,-4,49,1,59,0
3,1,54,1,59,0
8,6,57,1,59,0
-8,-7,6,1,59,0
7,-3,21,1,59,0
8,-6,27,1,59,0
4,3,43,1,59,0
2,1,49,1,59,0
7,6,58,1,59,0
-8,-8,9,1,59,0
4,-5,12,1,59,0
8,-7,18,1,59,0
3,3,41,1,59,0
2,2,46,1,59,0
6,6,46,1,59,0
-1,-7,51,1,59,0
7,-4,52,1,59,0
-4,-7,32,1,59,0
3,4,33,1,59,0
5,6,47,1,59,0
1,2,41,1,59,0
7,-5,48,1,59,0
-3,-4,55,1,59,0
-7,-7,19,1,59,0
6,-3,27,1,59,0
2,4,32,1,59,0
4,6,59,1,59,0
0,2,35,1,59,0
-6,-4,35,1,59,0
7,-6,43,1,59,0
3,-5,6,1,59,0
-7,-8,12,1,59,0
-2,2,19,1,59,0
3,6,56,1,59,0
2,5,24,1,59,0
6,-4,27,1,59,0
-6,-5,34,1,59,0
7,-7,57,1,59,0
2,6,23,1,59,0
-2,3,18,1,59,0
1,5,22,1,59,0
6,-5,25,1,59,0
-6,-6,27,1,59,0
-1,2,28,1,59,0
5,-2,36,1,59,0
-3,-7,38,1,59,0
7,-8,54,1,59,0
0,-7,57,1,59,0
-2,-4,58,1,59,0
7,-9,4,1,59,0
-2,4,11,1,59,0
0,5,15,1,59,0
2,7,16,1,59,0
-6,-7,19,1,59,0
5,-3,34,1,59,0
-5,-4,43,1,59,0
6,1,58,1,59,0
-2,5,5,1,59,0
-3,6,6,1,59,0
0,6,41,1,59,0
4,-1,49,1,59,0
5,1,57,1,59,0
8,-3,58,1,59,0
1,7,58,1,59,0
4,0,58,1,59,0
-9,-8,2,1,59,0
9,6,3,1,59,0
-1,5,8,1,59,0
5,-5,18,1,59,0
-3,7,23,1,59,0
-2,6,31,1,59,0
4,-2,43,1,59,0
-2,-7,44,1,59,0
0,7,48,1,59,0
1,8,53,1,59,0
5,2,54,1,59,0
8,-4,57,1,59,0
3,0,58,1,59,0
0,8,6,1,60,0
-3,8,16,1,60,0
-5,-7,25,1,60,0
8,-5,29,1,60,0
-1,6,38,1,60,0
4,2,49,1,60,0
-4,-4,49,1,60,0
3,1,54,1,60,0
8,6,57,1,60,0
-8,-7,6,1,60,0
8,-6,27,1,60,0
4,3,43,1,60,0
2,1,49,1,60,0
7,-3,59,1,60,0
7,6,59,1,60,0
-8,-8,9,1,60,0
4,-5,12,1,60,0
8,-7,18,1,60,0
3,3,41,1,60,0
2,2,46,1,60,0
6,6,46,1,60,0
-1,-7,51,1,60,0
7,-4,52,1,60,0
-4,-7,32,1,60,0
3,4,33,1,60,0
5,6,47,1,60,0
1,2,41,1,60,0
7,-5,48,1,60,0
-3,-4,55,1,60,0
1,-7,58,1,60,0
-7,-7,19,1,60,0
6,-3,27,1,60,0
2,4,32,1,60,0
4,6,59,1,60,0
0,2,35,1,60,0
-6,-4,35,1,60,0
7,-6,43,1,60,0
3,-5,6,1,60,0
-7,-8,12,1,60,0
-2,2,19,1,60,0
3,6,56,1,60,0
2,5,24,1,60,0
6,-4,27,1,60,0
-6,-5,34,1,60,0
7,-7,57,1,60,0
2,6,23,1,60,0
-2,3,18,1,60,0
1,5,22,1,60,0
6,-5,25,1,60,0
-6,-6,27,1,60,0
-1,2,28,1,60,0
5,-2,36,1,60,0
-3,-7,38,1,60,0
0,-7,57,1,60,0
-2,-4,59,1,60,0
7,-8,59,1,60,0
7,-9,4,1,60,0
-2,4,11,1,60,0
0,5,15,1,60,0
2,7,16,1,60,0
-6,-7,19,1,60,0
5,-3,34,1,60,0
-5,-4,43,1,60,0
6,1,59,1,60,0
-2,5,5,1,60,0
-3,6,6,1,60,0
0,6,41,1,60,0
4,-1,49,1,60,0
5,1,57,1,60,0
8,-3,58,1,60,0
1,7,59,1,60,0
4,0,59,1,60,0
-9,-8,2,1,60,0
9,6,3,1,60,0
-1,5,8,1,60,0
5,-5,18,1,60,0
-3,7,23,1,60,0
-2,6,31,1,60,0
4,-2,43,1,60,0
-2,-7,44,1,60,0
0,7,48,1,60,0
1,8,53,1,60,0
5,2,54,1,60,0
8,-4,57,1,60,0
3,0,59,1,60,0
0,8,6,1,61,0
-3,8,16,1,61,0
-5,-7,25,1,61,0
8,-5,29,1,61,0
-1,6,38,1,61,0
4,2,49,1,61,0
-4,-4,49,1,61,0
3,1,54,1,61,0
8,6,57,1,61,0
-8,-7,6,1,61,0
8,-6,27,1,61,0
4,3,43,1,61,0
2,1,49,1,61,0
7,-3,59,1,61,0
7,6,59,1,61,0
-8,-8,9,1,61,0
4,-5,12,1,61,0
8,-7,18,1,61,0
3,3,41,1,61,0
2,2,46,1,61,0
6,6,46,1,61,0
-1,-7,51,1,61,0
7,-4,52,1,61,0
-4,-7,32,1,61,0
3,4,33,1,61,0
5,6,47,1,61,0
1,2,41,1,61,0
7,-5,48,1,61,0
-3,-4,55,1,61,0
1,-7,59,1,61,0
-7,-7,19,1,61,0
6,-3,27,1,61,0
2,4,32,1,61,0
4,6,61,1,61,0
0,2,35,1,61,0
-6,-4,35,1,61,0
7,-6,43,1,61,0
3,-5,6,1,61,0
-7,-8,12,1,61,0
-2,2,19,1,61,0
3,6,56,1,61,0
2,5,24,1,61,0
6,-4,27,1,61,0
-6,-5,34,1,61,0
7,-7,57,1,61,0
2,6,23,1,61,0
-2,3,18,1,61,0
1,5,22,1,61,0
6,-5,25,1,61,0
-6,-6,27,1,61,0
-1,2,28,1,61,0
5,-2,36,1,61,0
-3,-7,38,1,61,0
0,-7,57,1,61,0
-2,-4,59,1,61,0
7,-8,59,1,61,0
7,-9,4,1,61,0
-2,4,11,1,61,0
0,5,15,1,61,0
2,7,16,1,61,0
-6,-7,19,1,61,0
5,-3,34,1,61,0
-5,-4,43,1,61,0
6,1,59,1,61,0
-2,5,5,1,61,0
-3,6,6,1,61,0
0,6,41,1,61,0
4,-1,49,1,61,0
5,1,57,1,61,0
8,-3,58,1,61,0
1,7,59,1,61,0
4,0,59,1,61,0
-9,-8,2,1,61,0
9,6,3,1,61,0
-1,5,8,1,61,0
5,-5,18,1,61,0
-3,7,23,1,61,0
-2,6,31,1,61,0
4,-2,43,1,61,0
-2,-7,44,1,61,0
0,7,48,1,61,0
1,8,53,1,61,0
5,2,54,1,61,0
8,-4,57,1,61,0
3,0,59,1,61,0
0,8,6,1,62,0
-3,8,16,1,62,0
-5,-7,25,1,62,0
8,-5,29,1,62,0
-1,6,38,1,62,0
4,2,49,1,62,0
-4,-4,49,1,62,0
3,1,54,1,62,0
8,6,57,1,62,0
-8,-7,6,1,62,0
8,-6,27,1,62,0
4,3,43,1,62,0
2,1,49,1,62,0
7,-3,61,1,62,0
7,6,61,1,62,0
-8,-8,9,1,62,0
4,-5,12,1,62,0
8,-7,18,1,62,0
3,3,41,1,62,0
2,2,46,1,62,0
6,6,46,1,62,0
-1,-7,51,1,62,0
7,-4,52,1,62,0
-4,-7,32,1,62,0
3,4,33,1,62,0
5,6,47,1,62,0
1,2,41,1,62,0
7,-5,48,1,62,0
-3,-4,55,1,62,0
1,-7,59,1,62,0
-7,-7,19,1,62,0
6,-3,27,1,62,0
2,4,32,1,62,0
4,6,62,1,62,0
0,2,35,1,62,0
-6,-4,35,1,62,0
7,-6,43,1,62,0
3,-5,6,1,62,0
-7,-8,12,1,62,0
-2,2,19,1,62,0
3,6,56,1,62,0
2,5,24,1,62,0
6,-4,27,1,62,0
-6,-5,34,1,62,0
7,-7,61,1,62,0
2,6,23,1,62,0
-2,3,18,1,62,0
1,5,22,1,62,0
6,-5,25,1,62,0
-6,-6,27,1,62,0
-1,2,28,1,62,0
5,-2,36,1,62,0
-3,-7,38,1,62,0
7,-8,59,1,62,0
-2,-4,61,1,62,0
0,-7,61,1,62,0
7,-9,4,1,62,0
-2,4,11,1,62,0
0,5,15,1,62,0
-6,-7,19,1,62,0
5,-3,34,1,62,0
-5,-4,43,1,62,0
6,1,61,1,62,0
2,7,61,1,62,0
-2,5,5,1,62,0
-3,6,6,1,62,0
0,6,41,1,62,0
4,-1,49,1,62,0
5,1,57,1,62,0
8,-3,58,1,62,0
1,7,59,1,62,0
4,0,61,1,62,0
-9,-8,2,1,62,0
9,6,3,1,62,0
-1,5,8,1,62,0
5,-5,18,1,62,0
-3,7,23,1,62,0
-2,6,31,1,62,0
4,-2,43,1,62,0
-2,-7,44,1,62,0
0,7,48,1,62,0
1,8,53,1,62,0
5,2,54,1,62,0
8,-4,57,1,62,0
3,0,61,1,62,0
0,8,6,1,63,0
-3,8,16,1,63,0
-5,-7,25,1,63,0
8,-5,29,1,63,0
-1,6,38,1,63,0
4,2,49,1,63,0
-4,-4,49,1,63,0
3,1,54,1,63,0
8,6,57,1,63,0
-8,-7,6,1,63,0
8,-6,27,1,63,0
4,3,43,1,63,0
2,1,49,1,63,0
7,-3,61,1,63,0
3,-1,62,1,63,0
7,6,62,1,63,0
-8,-8,9,1,63,0
4,-5,12,1,63,0
8,-7,18,1,63,0
3,3,41,1,63,0
2,2,46,1,63,0
6,6,46,1,63,0
-1,-7,51,1,63,0
7,-4,52,1,63,0
-4,-7,32,1,63,0
3,4,33,1,63,0
5,6,47,1,63,0
1,2,41,1,63,0
7,-5,48,1,63,0
-3,-4,55,1,63,0
1,-7,59,1,63,0
-7,-7,19,1,63,0
6,-3,27,1,63,0
2,4,32,1,63,0
4,6,63,1,63,0
0,2,35,1,63,0
-6,-4,35,1,63,0
7,-6,43,1,63,0
3,-5,6,1,63,0
-7,-8,12,1,63,0
-2,2,19,1,63,0
3,6,56,1,63,0
2,5,24,1,63,0
6,-4,27,1,63,0
-6,-5,34,1,63,0
7,-7,62,1,63,0
2,6,23,1,63,0
-2,3,18,1,63,0
1,5,22,1,63,0
6,-5,25,1,63,0
-6,-6,27,1,63,0
-1,2,28,1,63,0
5,-2,36,1,63,0
-3,-7,38,1,63,0
7,-8,59,1,63,0
-2,-4,61,1,63,0
0,-7,62,1,63,0
7,-9,4,1,63,0
-2,4,11,1,63,0
0,5,15,1,63,0
-6,-7,19,1,63,0
5,-3,34,1,63,0
-5,-4,43,1,63,0
6,1,62,1,63,0
2,7,62,1,63,0
-2,5,5,1,63,0
-3,6,6,1,63,0
0,6,41,1,63,0
4,-1,49,1,63,0
5,1,57,1,63,0
1,7,59,1,63,0
8,-3,62,1,63,0
4,0,62,1,63,0
-9,-8,2,1,63,0
9,6,3,1,63,0
-1,5,8,1,63,0
5,-5,18,1,63,0
-3,7,23,1,63,0
-2,6,31,1,63,0
4,-2,43,1,63,0
-2,-7,44,1,63,0
0,7,48,1,63,0
1,8,53,1,63,0
5,2,54,1,63,0
8,-4,57,1,63,0
3,0,61,1,63,0
-1,-4,62,1,63,0
0,8,6,1,64,0
-3,8,16,1,64,0
-5,-7,25,1,64,0
8,-5,29,1,64,0
-1,6,38,1,64,0
4,2,49,1,64,0
-4,-4,49,1,64,0
3,1,54,1,64,0
8,6,57,1,64,0
-8,-7,6,1,64,0
8,-6,27,1,64,0
4,3,43,1,64,0
2,1,49,1,64,0
7,-3,61,1,64,0
3,-1,63,1,64,0
7,6,63,1,64,0
-8,-8,9,1,64,0
4,-5,12,1,64,0
8,-7,18,1,64,0
3,3,41,1,64,0
2,2,46,1,64,0
6,6,46,1,64,0
-1,-7,51,1,64,0
7,-4,52,1,64,0
-4,-7,32,1,64,0
3,4,33,1,64,0
5,6,47,1,64,0
1,2,41,1,64,0
7,-5,48,1,64,0
-3,-4,55,1,64,0
1,-7,59,1,64,0
-7,-7,19,1,64,0
6,-3,27,1,64,0
2,4,32,1,64,0
4,6,64,1,64,0
0,2,35,1,64,0
-6,-4,35,1,64,0
7,-6,43,1,64,0
3,-5,6,1,64,0
-7,-8,12,1,64,0
-2,2,19,1,64,0
3,6,56,1,64,0
2,5,24,1,64,0
6,-4,27,1,64,0
-6,-5,34,1,64,0
7,-7,63,1,64,0
2,6,23,1,64,0
-2,3,18,1,64,0
1,5,22,1,64,0
6,-5,25,1,64,0
-6,-6,27,1,64,0
-1,2,28,1,64,0
5,-2,36,1,64,0
-3,-7,38,1,64,0
7,-8,59,1,64,0
-2,-4,61,1,64,0
0,-7,63,1,64,0
7,-9,4,1,64,0
-2,4,11,1,64,0
0,5,15,1,64,0
-6,-7,19,1,64,0
5,-3,34,1,64,0
-5,-4,43,1,64,0
6,1,63,1,64,0
2,7,63,1,64,0
-2,5,5,1,64,0
-3,6,6,1,64,0
0,6,41,1,64,0
4,-1,49,1,64,0
5,1,57,1,64,0
1,7,59,1,64,0
8,-3,63,1,64,0
4,0,63,1,64,0
-9,-8,2,1,64,0
9,6,3,1,64,0
-1,5,8,1,64,0
5,-5,18,1,64,0
-3,7,23,1,64,0
-2,6,31,1,64,0
4,-2,43,1,64,0
-2,-7,44,1,64,0
0,7,48,1,64,0
1,8,53,1,64,0
5,2,54,1,64,0
8,-4,57,1,64,0
3,0,61,1,64,0
-1,-4,63,1,64,0
0,8,6,1,65,0
-3,8,16,1,65,0
-5,-7,25,1,65,0
8,-5,29,1,65,0
-1,6,38,1,65,0
4,2,49,1,65,0
-4,-4,49,1,65,0
3,1,54,1,65,0
8,6,57,1,65,0
-8,-7,6,1,65,0
8,-6,27,1,65,0
4,3,43,1,65,0
2,1,49,1,65,0
7,-3,61,1,65,0
7,6,63,1,65,0
3,-1,64,1,65,0
-8,-8,9,1,65,0
4,-5,12,1,65,0
8,-7,18,1,65,0
3,3,41,1,65,0
2,2,46,1,65,0
-1,-7,51,1,65,0
7,-4,52,1,65,0
6,6,64,1,65,0
-4,-7,32,1,65,0
3,4,33,1,65,0
5,6,47,1,65,0
1,2,41,1,65,0
7,-5,48,1,65,0
-3,-4,55,1,65,0
1,-7,59,1,65,0
-7,-7,19,1,65,0
6,-3,27,1,65,0
2,4,32,1,65,0
4,6,65,1,65,0
0,2,35,1,65,0
-6,-4,35,1,65,0
7,-6,43,1,65,0
3,-5,6,1,65,0
-7,-8,12,1,65,0
-2,2,19,1,65,0
3,6,56,1,65,0
2,5,24,1,65,0
6,-4,27,1,65,0
-6,-5,34,1,65,0
7,-7,64,1,65,0
2,6,23,1,65,0
-2,3,18,1,65,0
1,5,22,1,65,0
6,-5,25,1,65,0
-6,-6,27,1,65,0
-1,2,28,1,65,0
5,-2,36,1,65,0
-3,-7,38,1,65,0
7,-8,59,1,65,0
-2,-4,61,1,65,0
7,1,64,1,65,0
0,-7,64,1,65,0
7,-9,4,1,65,0
-2,4,11,1,65,0
0,5,15,1,65,0
-6,-7,19,1,65,0
5,-3,34,1,65,0
-5,-4,43,1,65,0
6,1,63,1,65,0
2,7,64,1,65,0
-2,5,5,1,65,0
-3,6,6,1,65,0
0,6,41,1,65,0
4,-1,49,1,65,0
5,1,57,1,65,0
1,7,59,1,65,0
8,-3,64,1,65,0
4,0,64,1,65,0
-9,-8,2,1,65,0
9,6,3,1,65,0
-1,5,8,1,65,0
5,-5,18,1,65,0
-3,7,23,1,65,0
-2,6,31,1,65,0
4,-2,43,1,65,0
-2,-7,44,1,65,0
0,7,48,1,65,0
1,8,53,1,65,0
5,2,54,1,65,0
8,-4,57,1,65,0
3,0,61,1,65,0
-1,-4,64,1,65,0
0,8,6,1,66,0
-3,8,16,1,66,0
-5,-7,25,1,66,0
8,-5,29,1,66,0
-1,6,38,1,66,0
4,2,49,1,66,0
-4,-4,49,1,66,0
3,1,54,1,66,0
8,6,57,1,66,0
-8,-7,6,1,66,0
8,-6,27,1,66,0
4,3,43,1,66,0
2,1,49,1,66,0
7,-3,61,1,66,0
7,6,63,1,66,0
3,-1,64,1,66,0
-8,-8,9,1,66,0
4,-5,12,1,66,0
8,-7,18,1,66,0
3,3,41,1,66,0
2,2,46,1,66,0
-1,-7,51,1,66,0
7,-4,52,1,66,0
6,6,65,1,66,0
-4,-7,32,1,66,0
3,4,33,1,66,0
5,6,66,1,66,0
1,2,41,1,66,0
7,-5,48,1,66,0
-3,-4,55,1,66,0
1,-7,59,1,66,0
-7,-7,19,1,66,0
6,-3,27,1,66,0
2,4,32,1,66,0
4,6,65,1,66,0
0,2,35,1,66,0
-6,-4,35,1,66,0
7,-6,43,1,66,0
3,-5,6,1,66,0
-7,-8,12,1,66,0
-2,2,19,1,66,0
3,6,56,1,66,0
2,5,24,1,66,0
6,-4,27,1,66,0
-6,-5,34,1,66,0
7,-7,65,1,66,0
2,6,23,1,66,0
-2,3,18,1,66,0
1,5,22,1,66,0
6,-5,25,1,66,0
-6,-6,27,1,66,0
-1,2,28,1,66,0
5,-2,36,1,66,0
-3,-7,38,1,66,0
7,-8,59,1,66,0
-2,-4,61,1,66,0
7,1,64,1,66,0
0,-7,65,1,66,0
7,-9,4,1,66,0
-2,4,11,1,66,0
0,5,15,1,66,0
-6,-7,19,1,66,0
5,-3,34,1,66,0
-5,-4,43,1,66,0
6,1,63,1,66,0
8,-2,65,1,66,0
2,7,65,1,66,0
-2,5,5,1,66,0
-3,6,6,1,66,0
0,6,41,1,66,0
4,-1,49,1,66,0
5,1,57,1,66,0
1,7,59,1,66,0
8,-3,64,1,66,0
4,0,65,1,66,0
-9,-8,2,1,66,0
9,6,3,1,66,0
-1,5,8,1,66,0
5,-5,18,1,66,0
-3,7,23,1,66,0
-2,6,31,1,66,0
4,-2,43,1,66,0
-2,-7,44,1,66,0
0,7,48,1,66,0
1,8,53,1,66,0
5,2,54,1,66,0
8,-4,57,1,66,0
3,0,61,1,66,0
-1,-4,65,1,66,0
0,8,6,1,67,0
-3,8,16,1,67,0
-5,-7,25,1,67,0
8,-5,29,1,67,0
-1,6,38,1,67,0
4,2,49,1,67,0
-4,-4,49,1,67,0
3,1,54,1,67,0
8,6,57,1,67,0
-8,-7,6,1,67,0
8,-6,27,1,67,0
4,3,43,1,67,0
2,1,49,1,67,0
7,-3,61,1,67,0
7,6,63,1,67,0
3,-1,64,1,67,0
-8,-8,9,1,67,0
4,-5,12,1,67,0
8,-7,18,1,67,0
3,3,41,1,67,0
2,2,46,1,67,0
-1,-7,51,1,67,0
7,-4,52,1,67,0
6,6,66,1,67,0
-4,-7,32,1,67,0
3,4,33,1,67,0
5,6,67,1,67,0
1,2,41,1,67,0
7,-5,48,1,67,0
-3,-4,55,1,67,0
1,-7,59,1,67,0
-7,-7,19,1,67,0
6,-3,27,1,67,0
2,4,32,1,67,0
4,6,65,1,67,0
0,2,35,1,67,0
-6,-4,35,1,67,0
7,-6,43,1,67,0
3,-5,6,1,67,0
-7,-8,12,1,67,0
-2,2,19,1,67,0
3,6,56,1,67,0
2,5,24,1,67,0
6,-4,27,1,67,0
-6,-5,34,1,67,0
7,-7,66,1,67,0
2,6,23,1,67,0
-2,3,18,1,67,0
1,5,22,1,67,0
6,-5,25,1,67,0
-6,-6,27,1,67,0
-1,2,28,1,67,0
5,-2,36,1,67,0
-3,-7,38,1,67,0
7,-8,59,1,67,0
-2,-4,61,1,67,0
7,1,65,1,67,0
3,7,66,1,67,0
0,-7,66,1,67,0
7,-9,4,1,67,0
-2,4,11,1,67,0
0,5,15,1,67,0
-6,-7,19,1,67,0
5,-3,34,1,67,0
-5,-4,43,1,67,0
6,1,63,1,67,0
2,7,65,1,67,0
8,-2,66,1,67,0
-2,5,5,1,67,0
-3,6,6,1,67,0
0,6,41,1,67,0
4,-1,49,1,67,0
5,1,57,1,67,0
1,7,59,1,67,0
8,-3,64,1,67,0
4,0,66,1,67,0
-9,-8,2,1,67,0
9,6,3,1,67,0
-1,5,8,1,67,0
5,-5,18,1,67,0
-3,7,23,1,67,0
-2,6,31,1,67,0
4,-2,43,1,67,0
-2,-7,44,1,67,0
0,7,48,1,67,0
1,8,53,1,67,0
5,2,54,1,67,0
8,-4,57,1,67,0
3,0,61,1,67,0
-1,-4,66,1,67,0
0,8,6,1,68,0
-3,8,16,1,68,0
-5,-7,25,1,68,0
8,-5,29,1,68,0
-1,6,38,1,68,0
4,2,49,1,68,0
-4,-4,49,1,68,0
3,1,54,1,68,0
8,6,57,1,68,0
-8,-7,6,1,68,0
8,-6,27,1,68,0
4,3,43,1,68,0
2,1,49,1,68,0
7,-3,61,1,68,0
7,6,63,1,68,0
3,-1,64,1,68,0
-8,-8,9,1,68,0
4,-5,12,1,68,0
8,-7,18,1,68,0
3,3,41,1,68,0
2,2,46,1,68,0
-1,-7,51,1,68,0
7,-4,52,1,68,0
6,6,67,1,68,0
-4,-7,32,1,68,0
3,4,33,1,68,0
5,6,68,1,68,0
1,2,41,1,68,0
7,-5,48,1,68,0
-3,-4,55,1,68,0
1,-7,59,1,68,0
-7,-7,19,1,68,0
6,-3,27,1,68,0
2,4,32,1,68,0
4,6,65,1,68,0
0,2,35,1,68,0
-6,-4,35,1,68,0
7,-6,43,1,68,0
3,-5,6,1,68,0
-7,-8,12,1,68,0
-2,2,19,1,68,0
3,6,56,1,68,0
2,5,24,1,68,0
6,-4,27,1,68,0
-6,-5,34,1,68,0
7,-7,67,1,68,0
2,6,23,1,68,0
-2,3,18,1,68,0
1,5,22,1,68,0
6,-5,25,1,68,0
-6,-6,27,1,68,0
-1,2,28,1,68,0
5,-2,36,1,68,0
-3,-7,38,1,68,0
7,-8,59,1,68,0
-2,-4,61,1,68,0
7,1,66,1,68,0
3,7,67,1,68,0
0,-7,67,1,68,0
7,-9,4,1,68,0
-2,4,11,1,68,0
0,5,15,1,68,0
-6,-7,19,1,68,0
5,-3,34,1,68,0
-5,-4,43,1,68,0
6,1,63,1,68,0
2,7,65,1,68,0
8,-2,67,1,68,0
-2,5,5,1,68,0
-3,6,6,1,68,0
0,6,41,1,68,0
4,-1,49,1,68,0
5,1,57,1,68,0
1,7,59,1,68,0
8,-3,64,1,68,0
4,0,67,1,68,0
-9,-8,2,1,68,0
9,6,3,1,68,0
-1,5,8,1,68,0
5,-5,18,1,68,0
-3,7,23,1,68,0
-2,6,31,1,68,0
4,-2,43,1,68,0
-2,-7,44,1,68,0
0,7,48,1,68,0
1,8,53,1,68,0
5,2,54,1,68,0
8,-4,57,1,68,0
3,0,61,1,68,0
-1,-4,67,1,68,0
0,8,6,1,69,0
-3,8,16,1,69,0
-5,-7,25,1,69,0
8,-5,29,1,69,0
-1,6,38,1,69,0
4,2,49,1,69,0
-4,-4,49,1,69,0
3,1,54,1,69,0
8,6,57,1,69,0
7,-2,68,1,69,0
-8,-7,6,1,69,0
8,-6,27,1,69,0
4,3,43,1,69,0
2,1,49,1,69,0
7,-3,61,1,69,0
7,6,63,1,69,0
3,-1,64,1,69,0
-8,-8,9,1,69,0
4,-5,12,1,69,0
8,-7,18,1,69,0
3,3,41,1,69,0
2,2,46,1,69,0
7,-4,52,1,69,0
6,6,68,1,69,0
-1,-7,68,1,69,0
-4,-7,32,1,69,0
3,4,33,1,69,0
5,6,69,1,69,0
1,2,41,1,69,0
7,-5,48,1,69,0
-3,-4,55,1,69,0
1,-7,59,1,69,0
-7,-7,19,1,69,0
6,-3,27,1,69,0
2,4,32,1,69,0
4,6,65,1,69,0
0,2,35,1,69,0
-6,-4,35,1,69,0
7,-6,43,1,69,0
3,-5,6,1,69,0
-7,-8,12,1,69,0
-2,2,19,1,69,0
3,6,56,1,69,0
2,5,24,1,69,0
6,-4,27,1,69,0
-6,-5,34,1,69,0
7,-7,67,1,69,0
2,6,23,1,69,0
-2,3,18,1,69,0
1,5,22,1,69,0
6,-5,25,1,69,0
-6,-6,27,1,69,0
-1,2,28,1,69,0
5,-2,36,1,69,0
-3,-7,38,1,69,0
7,-8,59,1,69,0
-2,-4,61,1,69,0
0,-7,67,1,69,0
7,1,67,1,69,0
3,7,68,1,69,0
7,-9,4,1,69,0
-2,4,11,1,69,0
0,5,15,1,69,0
-6,-7,19,1,69,0
5,-3,34,1,69,0
-5,-4,43,1,69,0
6,1,63,1,69,0
2,7,65,1,69,0
8,-2,67,1,69,0
-2,5,5,1,69,0
-3,6,6,1,69,0
0,6,41,1,69,0
4,-1,49,1,69,0
5,1,57,1,69,0
1,7,59,1,69,0
8,-3,64,1,69,0
4,0,68,1,69,0
6,-7,68,1,69,0
-9,-8,2,1,69,0
9,6,3,1,69,0
-1,5,8,1,69,0
5,-5,18,1,69,0
-3,7,23,1,69,0
-2,6,31,1,69,0
4,-2,43,1,69,0
-2,-7,44,1,69,0
0,7,48,1,69,0
1,8,53,1,69,0
5,2,54,1,69,0
8,-4,57,1,69,0
3,0,61,1,69,0
-1,-4,68,1,69,0
0,8,6,1,70,0
-3,8,16,1,70,0
-5,-7,25,1,70,0
8,-5,29,1,70,0
-1,6,38,1,70,0
4,2,49,1,70,0
-4,-4,49,1,70,0
3,1,54,1,70,0
8,6,57,1,70,0
7,-2,69,1,70,0
-8,-7,6,1,70,0
8,-6,27,1,70,0
4,3,43,1,70,0
2,1,49,1,70,0
7,-3,61,1,70,0
7,6,63,1,70,0
3,-1,64,1,70,0
-8,-8,9,1,70,0
4,-5,12,1,70,0
8,-7,18,1,70,0
3,3,41,1,70,0
2,2,46,1,70,0
7,-4,52,1,70,0
6,6,69,1,70,0
-1,-7,69,1,70,0
-4,-7,32,1,70,0
3,4,33,1,70,0
5,6,69,1,70,0
1,2,41,1,70,0
7,-5,48,1,70,0
-3,-4,55,1,70,0
1,-7,59,1,70,0
0,-4,69,1,70,0
-7,-7,19,1,70,0
6,-3,27,1,70,0
2,4,32,1,70,0
4,6,65,1,70,0
0,2,35,1,70,0
-6,-4,35,1,70,0
7,-6,43,1,70,0
3,-5,6,1,70,0
-7,-8,12,1,70,0
-2,2,19,1,70,0
3,6,56,1,70,0
2,5,24,1,70,0
6,-4,27,1,70,0
-6,-5,34,1,70,0
7,-7,67,1,70,0
2,6,23,1,70,0
-2,3,18,1,70,0
1,5,22,1,70,0
6,-5,25,1,70,0
-6,-6,27,1,70,0
-1,2,28,1,70,0
5,-2,36,1,70,0
-3,-7,38,1,70,0
7,-8,59,1,70,0
-2,-4,61,1,70,0
0,-7,67,1,70,0
3,7,68,1,70,0
7,1,68,1,70,0
7,-9,4,1,70,0
-2,4,11,1,70,0
0,5,15,1,70,0
-6,-7,19,1,70,0
5,-3,34,1,70,0
-5,-4,43,1,70,0
6,1,63,1,70,0
2,7,65,1,70,0
8,-2,67,1,70,0
3,8,69,1,70,0
-2,5,5,1,70,0
-3,6,6,1,70,0
0,6,41,1,70,0
4,-1,49,1,70,0
5,1,57,1,70,0
1,7,59,1,70,0
8,-3,64,1,70,0
4,0,69,1,70,0
6,-7,69,1,70,0
-9,-8,2,1,70,0
9,6,3,1,70,0
-1,5,8,1,70,0
5,-5,18,1,70,0
-3,7,23,1,70,0
-2,6,31,1,70,0
4,-2,43,1,70,0
-2,-7,44,1,70,0
0,7,48,1,70,0
1,8,53,1,70,0
5,2,54,1,70,0
8,-4,57,1,70,0
3,0,61,1,70,0
-1,-4,68,1,70,0
0,8,6,1,71,0
-3,8,16,1,71,0
-5,-7,25,1,71,0
8,-5,29,1,71,0
-1,6,38,1,71,0
4,2,49,1,71,0
-4,-4,49,1,71,0
3,1,54,1,71,0
8,6,57,1,71,0
7,-2,69,1,71,0
-8,-7,6,1,71,0
8,-6,27,1,71,0
4,3,43,1,71,0
2,1,49,1,71,0
7,-3,61,1,71,0
7,6,63,1,71,0
3,-1,64,1,71,0
-8,-8,9,1,71,0
4,-5,12,1,71,0
8,-7,18,1,71,0
3,3,41,1,71,0
2,2,46,1,71,0
7,-4,52,1,71,0
6,6,69,1,71,0
-1,-7,69,1,71,0
-4,-7,32,1,71,0
3,4,33,1,71,0
5,6,71,1,71,0
1,2,41,1,71,0
7,-5,48,1,71,0
-3,-4,55,1,71,0
1,-7,59,1,71,0
0,-4,69,1,71,0
-7,-7,19,1,71,0
6,-3,27,1,71,0
2,4,32,1,71,0
4,6,65,1,71,0
0,2,35,1,71,0
-6,-4,35,1,71,0
7,-6,43,1,71,0
3,-5,6,1,71,0
-7,-8,12,1,71,0
-2,2,19,1,71,0
3,6,56,1,71,0
2,5,24,1,71,0
6,-4,27,1,71,0
-6,-5,34,1,71,0
7,-7,67,1,71,0
2,6,23,1,71,0
-2,3,18,1,71,0
1,5,22,1,71,0
6,-5,25,1,71,0
-6,-6,27,1,71,0
-1,2,28,1,71,0
5,-2,36,1,71,0
-3,-7,38,1,71,0
7,-8,59,1,71,0
-2,-4,61,1,71,0
0,-7,67,1,71,0
3,7,68,1,71,0
7,1,69,1,71,0
7,-9,4,1,71,0
-2,4,11,1,71,0
0,5,15,1,71,0
-6,-7,19,1,71,0
5,-3,34,1,71,0
-5,-4,43,1,71,0
6,1,63,1,71,0
2,7,65,1,71,0
8,-2,67,1,71,0
3,8,69,1,71,0
-2,5,5,1,71,0
-3,6,6,1,71,0
0,6,41,1,71,0
4,-1,49,1,71,0
5,1,57,1,71,0
1,7,59,1,71,0
8,-3,64,1,71,0
4,0,69,1,71,0
6,-7,69,1,71,0
-9,-8,2,1,71,0
9,6,3,1,71,0
-1,5,8,1,71,0
5,-5,18,1,71,0
-3,7,23,1,71,0
-2,6,31,1,71,0
4,-2,43,1,71,0
-2,-7,44,1,71,0
0,7,48,1,71,0
1,8,53,1,71,0
5,2,54,1,71,0
8,-4,57,1,71,0
3,0,61,1,71,0
-1,-4,68,1,71,0
0,8,6,1,72,0
-3,8,16,1,72,0
-5,-7,25,1,72,0
8,-5,29,1,72,0
-1,6,38,1,72,0
4,2,49,1,72,0
-4,-4,49,1,72,0
3,1,54,1,72,0
8,6,57,1,72,0
7,-2,69,1,72,0
-8,-7,6,1,72,0
8,-6,27,1,72,0
4,3,43,1,72,0
2,1,49,1,72,0
7,-3,61,1,72,0
7,6,63,1,72,0
3,-1,64,1,72,0
-8,-8,9,1,72,0
4,-5,12,1,72,0
8,-7,18,1,72,0
3,3,41,1,72,0
2,2,46,1,72,0
7,-4,52,1,72,0
-1,-7,69,1,72,0
6,6,71,1,72,0
-4,-7,32,1,72,0
3,4,33,1,72,0
5,6,71,1,72,0
1,2,41,1,72,0
7,-5,48,1,72,0
-3,-4,55,1,72,0
1,-7,59,1,72,0
0,-4,71,1,72,0
-7,-7,19,1,72,0
6,-3,27,1,72,0
2,4,32,1,72,0
4,6,72,1,72,0
0,2,35,1,72,0
-6,-4,35,1,72,0
7,-6,43,1,72,0
3,-5,6,1,72,0
-7,-8,12,1,72,0
-2,2,19,1,72,0
3,6,56,1,72,0
2,5,24,1,72,0
6,-4,27,1,72,0
-6,-5,34,1,72,0
7,-7,67,1,72,0
2,6,23,1,72,0
-2,3,18,1,72,0
1,5,22,1,72,0
6,-5,25,1,72,0
-6,-6,27,1,72,0
-1,2,28,1,72,0
5,-2,36,1,72,0
-3,-7,38,1,72,0
7,-8,59,1,72,0
-2,-4,61,1,72,0
0,-7,67,1,72,0
3,7,68,1,72,0
7,1,69,1,72,0
7,-9,4,1,72,0
-2,4,11,1,72,0
0,5,15,1,72,0
-6,-7,19,1,72,0
5,-3,34,1,72,0
-5,-4,43,1,72,0
6,1,63,1,72,0
2,7,65,1,72,0
8,-2,67,1,72,0
3,8,71,1,72,0
-2,5,5,1,72,0
-3,6,6,1,72,0
0,6,41,1,72,0
4,-1,49,1,72,0
5,1,57,1,72,0
1,7,59,1,72,0
8,-3,64,1,72,0
4,0,71,1,72,0
6,-7,71,1,72,0
-9,-8,2,1,72,0
9,6,3,1,72,0
-1,5,8,1,72,0
5,-5,18,1,72,0
-3,7,23,1,72,0
-2,6,31,1,72,0
4,-2,43,1,72,0
-2,-7,44,1,72,0
0,7,48,1,72,0
1,8,53,1,72,0
5,2,54,1,72,0
8,-4,57,1,72,0
3,0,61,1,72,0
-1,-4,68,1,72,0
7,-1,71,1,72,0
0,8,6,1,73,0
-3,8,16,1,73,0
-5,-7,25,1,73,0
8,-5,29,1,73,0
-1,6,38,1,73,0
4,2,49,1,73,0
-4,-4,49,1,73,0
3,1,54,1,73,0
8,6,57,1,73,0
7,-2,69,1,73,0
-8,-7,6,1,73,0
8,-6,27,1,73,0
4,3,43,1,73,0
2,1,49,1,73,0
7,-3,61,1,73,0
7,6,63,1,73,0
3,-1,64,1,73,0
-8,-8,9,1,73,0
4,-5,12,1,73,0
8,-7,18,1,73,0
3,3,41,1,73,0
2,2,46,1,73,0
7,-4,52,1,73,0
6,6,72,1,73,0
-1,-7,72,1,73,0
-4,-7,32,1,73,0
3,4,33,1,73,0
5,6,71,1,73,0
1,2,41,1,73,0
7,-5,48,1,73,0
-3,-4,55,1,73,0
1,-7,59,1,73,0
0,-4,72,1,73,0
-7,-7,19,1,73,0
6,-3,27,1,73,0
2,4,32,1,73,0
4,6,73,1,73,0
0,2,35,1,73,0
-6,-4,35,1,73,0
7,-6,43,1,73,0
3,-5,6,1,73,0
-7,-8,12,1,73,0
-2,2,19,1,73,0
3,6,56,1,73,0
2,5,24,1,73,0
6,-4,27,1,73,0
-6,-5,34,1,73,0
8,1,71,1,73,0
7,-7,72,1,73,0
2,6,23,1,73,0
-2,3,18,1,73,0
1,5,22,1,73,0
6,-5,25,1,73,0
-6,-6,27,1,73,0
-1,2,28,1,73,0
5,-2,36,1,73,0
-3,-7,38,1,73,0
7,-8,59,1,73,0
-2,-4,61,1,73,0
0,-7,67,1,73,0
3,7,68,1,73,0
7,1,69,1,73,0
7,-9,4,1,73,0
-2,4,11,1,73,0
0,5,15,1,73,0
-6,-7,19,1,73,0
5,-3,34,1,73,0
-5,-4,43,1,73,0
6,1,63,1,73,0
2,7,65,1,73,0
8,-2,67,1,73,0
3,8,72,1,73,0
-2,5,5,1,73,0
-3,6,6,1,73,0
0,6,41,1,73,0
4,-1,49,1,73,0
5,1,57,1,73,0
1,7,59,1,73,0
8,-3,64,1,73,0
6,-7,71,1,73,0
4,0,72,1,73,0
-9,-8,2,1,73,0
9,6,3,1,73,0
-1,5,8,1,73,0
5,-5,18,1,73,0
-3,7,23,1,73,0
-2,6,31,1,73,0
4,-2,43,1,73,0
-2,-7,44,1,73,0
0,7,48,1,73,0
1,8,53,1,73,0
5,2,54,1,73,0
8,-4,57,1,73,0
3,0,61,1,73,0
-1,-4,68,1,73,0
7,-1,72,1,73,0
0,8,6,1,74,0
-3,8,16,1,74,0
-5,-7,25,1,74,0
8,-5,29,1,74,0
-1,6,38,1,74,0
4,2,49,1,74,0
-4,-4,49,1,74,0
3,1,54,1,74,0
8,6,57,1,74,0
7,-2,69,1,74,0
-8,-7,6,1,74,0
8,-6,27,1,74,0
4,3,43,1,74,0
2,1,49,1,74,0
7,-3,61,1,74,0
7,6,63,1,74,0
3,-1,64,1,74,0
-8,-8,9,1,74,0
4,-5,12,1,74,0
8,-7,18,1,74,0
3,3,41,1,74,0
2,2,46,1,74,0
7,-4,52,1,74,0
6,6,73,1,74,0
-1,-7,73,1,74,0
-4,-7,32,1,74,0
3,4,33,1,74,0
5,6,71,1,74,0
1,2,41,1,74,0
7,-5,48,1,74,0
-3,-4,55,1,74,0
1,-7,59,1,74,0
0,-4,73,1,74,0
-7,-7,19,1,74,0
6,-3,27,1,74,0
2,4,32,1,74,0
4,6,74,1,74,0
0,2,35,1,74,0
-6,-4,35,1,74,0
7,-6,43,1,74,0
3,-5,6,1,74,0
-7,-8,12,1,74,0
-2,2,19,1,74,0
3,6,56,1,74,0
2,5,24,1,74,0
6,-4,27,1,74,0
-6,-5,34,1,74,0
7,-7,72,1,74,0
8,1,72,1,74,0
2,6,23,1,74,0
-2,3,18,1,74,0
1,5,22,1,74,0
6,-5,25,1,74,0
-6,-6,27,1,74,0
-1,2,28,1,74,0
5,-2,36,1,74,0
-3,-7,38,1,74,0
-2,-4,61,1,74,0
0,-7,67,1,74,0
3,7,68,1,74,0
7,1,69,1,74,0
7,-8,73,1,74,0
7,-9,4,1,74,0
-2,4,11,1,74,0
0,5,15,1,74,0
-6,-7,19,1,74,0
5,-3,34,1,74,0
-5,-4,43,1,74,0
6,1,63,1,74,0
2,7,65,1,74,0
8,-2,67,1,74,0
3,8,73,1,74,0
-2,5,5,1,74,0
-3,6,6,1,74,0
0,6,41,1,74,0
4,-1,49,1,74,0
5,1,57,1,74,0
1,7,59,1,74,0
8,-3,64,1,74,0
6,-7,71,1,74,0
4,0,73,1,74,0
-9,-8,2,1,74,0
9,6,3,1,74,0
-1,5,8,1,74,0
5,-5,18,1,74,0
-3,7,23,1,74,0
-2,6,31,1,74,0
4,-2,43,1,74,0
-2,-7,44,1,74,0
0,7,48,1,74,0
1,8,53,1,74,0
5,2,54,1,74,0
8,-4,57,1,74,0
3,0,61,1,74,0
-1,-4,68,1,74,0
7,-1,73,1,74,0
0,8,6,1,75,0
-3,8,16,1,75,0
-5,-7,25,1,75,0
8,-5,29,1,75,0
-1,6,38,1,75,0
4,2,49,1,75,0
-4,-4,49,1,75,0
3,1,54,1,75,0
8,6,57,1,75,0
7,-2,69,1,75,0
-8,-7,6,1,75,0
8,-6,27,1,75,0
4,3,43,1,75,0
2,1,49,1,75,0
7,-3,61,1,75,0
3,-1,64,1,75,0
7,6,74,1,75,0
-8,-8,9,1,75,0
4,-5,12,1,75,0
8,-7,18,1,75,0
3,3,41,1,75,0
2,2,46,1,75,0
7,-4,52,1,75,0
6,6,73,1,75,0
-1,-7,73,1,75,0
-4,-7,32,1,75,0
3,4,33,1,75,0
5,6,71,1,75,0
1,2,41,1,75,0
7,-5,48,1,75,0
-3,-4,55,1,75,0
1,-7,59,1,75,0
0,-4,74,1,75,0
-7,-7,19,1,75,0
6,-3,27,1,75,0
2,4,32,1,75,0
4,6,75,1,75,0
0,2,35,1,75,0
-6,-4,35,1,75,0
7,-6,43,1,75,0
3,-5,6,1,75,0
-7,-8,12,1,75,0
-2,2,19,1,75,0
3,6,56,1,75,0
2,5,24,1,75,0
6,-4,27,1,75,0
-6,-5,34,1,75,0
7,-7,72,1,75,0
8,1,73,1,75,0
2,6,23,1,75,0
-2,3,18,1,75,0
1,5,22,1,75,0
6,-5,25,1,75,0
-6,-6,27,1,75,0
-1,2,28,1,75,0
5,-2,36,1,75,0
-3,-7,38,1,75,0
-2,-4,61,1,75,0
0,-7,67,1,75,0
3,7,68,1,75,0
7,1,69,1,75,0
7,-8,74,1,75,0
7,-9,4,1,75,0
-2,4,11,1,75,0
0,5,15,1,75,0
-6,-7,19,1,75,0
5,-3,34,1,75,0
-5,-4,43,1,75,0
6,1,63,1,75,0
2,7,65,1,75,0
8,-2,67,1,75,0
3,8,74,1,75,0
-2,5,5,1,75,0
-3,6,6,1,75,0
0,6,41,1,75,0
4,-1,49,1,75,0
5,1,57,1,75,0
1,7,59,1,75,0
8,-3,64,1,75,0
6,-7,71,1,75,0
4,0,74,1,75,0
-9,-8,2,1,75,0
9,6,3,1,75,0
-1,5,8,1,75,0
5,-5,18,1,75,0
-3,7,23,1,75,0
-2,6,31,1,75,0
4,-2,43,1,75,0
0,7,48,1,75,0
1,8,53,1,75,0
5,2,54,1,75,0
8,-4,57,1,75,0
3,0,61,1,75,0
-1,-4,68,1,75,0
7,-1,74,1,75,0
-2,-7,74,1,75,0
0,8,6,1,76,0
-3,8,16,1,76,0
-5,-7,25,1,76,0
8,-5,29,1,76,0
-1,6,38,1,76,0
4,2,49,1,76,0
-4,-4,49,1,76,0
3,1,54,1,76,0
8,6,57,1,76,0
7,-2,69,1,76,0
1,-4,75,1,76,0
-8,-7,6,1,76,0
8,-6,27,1,76,0
4,3,43,1,76,0
2,1,49,1,76,0
7,-3,61,1,76,0
3,-1,64,1,76,0
7,6,75,1,76,0
-8,-8,9,1,76,0
4,-5,12,1,76,0
8,-7,18,1,76,0
3,3,41,1,76,0
2,2,46,1,76,0
7,-4,52,1,76,0
6,6,73,1,76,0
-1,-7,73,1,76,0
-4,-7,32,1,76,0
3,4,33,1,76,0
5,6,76,1,76,0
1,2,41,1,76,0
7,-5,48,1,76,0
-3,-4,55,1,76,0
1,-7,59,1,76,0
0,-4,74,1,76,0
-7,-7,19,1,76,0
6,-3,27,1,76,0
2,4,32,1,76,0
4,6,75,1,76,0
0,2,35,1,76,0
-6,-4,35,1,76,0
7,-6,43,1,76,0
3,-5,6,1,76,0
-7,-8,12,1,76,0
-2,2,19,1,76,0
3,6,56,1,76,0
2,5,24,1,76,0
6,-4,27,1,76,0
-6,-5,34,1,76,0
7,-7,72,1,76,0
8,1,74,1,76,0
2,6,23,1,76,0
-2,3,18,1,76,0
1,5,22,1,76,0
6,-5,25,1,76,0
-6,-6,27,1,76,0
-1,2,28,1,76,0
5,-2,36,1,76,0
-3,-7,38,1,76,0
-2,-4,61,1,76,0
0,-7,67,1,76,0
7,1,69,1,76,0
3,7,75,1,76,0
7,-8,75,1,76,0
7,-9,4,1,76,0
-2,4,11,1,76,0
0,5,15,1,76,0
-6,-7,19,1,76,0
5,-3,34,1,76,0
-5,-4,43,1,76,0
6,1,63,1,76,0
2,7,65,1,76,0
8,-2,67,1,76,0
3,8,74,1,76,0
-2,5,5,1,76,0
-3,6,6,1,76,0
0,6,41,1,76,0
4,-1,49,1,76,0
5,1,57,1,76,0
1,7,59,1,76,0
8,-3,64,1,76,0
6,-7,71,1,76,0
4,0,74,1,76,0
-9,-8,2,1,76,0
9,6,3,1,76,0
-1,5,8,1,76,0
5,-5,18,1,76,0
-3,7,23,1,76,0
-2,6,31,1,76,0
4,-2,43,1,76,0
0,7,48,1,76,0
1,8,53,1,76,0
5,2,54,1,76,0
8,-4,57,1,76,0
3,0,61,1,76,0
-1,-4,68,1,76,0
-2,-7,74,1,76,0
7,-1,75,1,76,0
4,1,75,1,76,0
0,8,6,1,77,0
-3,8,16,1,77,0
-5,-7,25,1,77,0
8,-5,29,1,77,0
-1,6,38,1,77,0
4,2,49,1,77,0
-4,-4,49,1,77,0
3,1,54,1,77,0
8,6,57,1,77,0
7,-2,69,1,77,0
1,-4,76,1,77,0
-8,-7,6,1,77,0
8,-6,27,1,77,0
4,3,43,1,77,0
2,1,49,1,77,0
7,-3,61,1,77,0
3,-1,64,1,77,0
7,6,76,1,77,0
-8,-8,9,1,77,0
4,-5,12,1,77,0
8,-7,18,1,77,0
3,3,41,1,77,0
2,2,46,1,77,0
7,-4,52,1,77,0
6,6,73,1,77,0
-1,-7,73,1,77,0
-4,-7,32,1,77,0
3,4,33,1,77,0
5,6,77,1,77,0
1,2,41,1,77,0
7,-5,48,1,77,0
-3,-4,55,1,77,0
1,-7,59,1,77,0
0,-4,74,1,77,0
-7,-7,19,1,77,0
6,-3,27,1,77,0
2,4,32,1,77,0
4,6,75,1,77,0
0,2,35,1,77,0
-6,-4,35,1,77,0
7,-6,43,1,77,0
3,-5,6,1,77,0
-7,-8,12,1,77,0
-2,2,19,1,77,0
3,6,56,1,77,0
2,5,24,1,77,0
6,-4,27,1,77,0
-6,-5,34,1,77,0
7,-7,72,1,77,0
8,1,74,1,77,0
2,6,23,1,77,0
-2,3,18,1,77,0
1,5,22,1,77,0
6,-5,25,1,77,0
-6,-6,27,1,77,0
-1,2,28,1,77,0
5,-2,36,1,77,0
-3,-7,38,1,77,0
-2,-4,61,1,77,0
0,-7,67,1,77,0
3,7,76,1,77,0
7,1,75,1,77,0
7,-8,76,1,77,0
7,-9,4,1,77,0
-2,4,11,1,77,0
0,5,15,1,77,0
-6,-7,19,1,77,0
5,-3,34,1,77,0
-5,-4,43,1,77,0
6,1,63,1,77,0
2,7,65,1,77,0
8,-2,67,1,77,0
3,8,74,1,77,0
-2,5,5,1,77,0
-3,6,6,1,77,0
0,6,41,1,77,0
4,-1,49,1,77,0
5,1,57,1,77,0
1,7,59,1,77,0
8,-3,64,1,77,0
6,-7,71,1,77,0
4,0,74,1,77,0
-9,-8,2,1,77,0
9,6,3,1,77,0
-1,5,8,1,77,0
5,-5,18,1,77,0
-3,7,23,1,77,0
-2,6,31,1,77,0
4,-2,43,1,77,0
0,7,48,1,77,0
1,8,53,1,77,0
5,2,54,1,77,0
8,-4,57,1,77,0
3,0,61,1,77,0
-1,-4,68,1,77,0
7,-1,75,1,77,0
4,1,76,1,77,0
-2,-7,76,1,77,0
0,8,6,1,78,0
-3,8,16,1,78,0
-5,-7,25,1,78,0
8,-5,29,1,78,0
-1,6,38,1,78,0
4,2,49,1,78,0
-4,-4,49,1,78,0
3,1,54,1,78,0
8,6,57,1,78,0
7,-2,69,1,78,0
1,-4,77,1,78,0
-8,-7,6,1,78,0
8,-6,27,1,78,0
4,3,43,1,78,0
2,1,49,1,78,0
7,-3,61,1,78,0
3,-1,64,1,78,0
7,6,77,1,78,0
-8,-8,9,1,78,0
4,-5,12,1,78,0
8,-7,18,1,78,0
3,3,41,1,78,0
2,2,46,1,78,0
7,-4,52,1,78,0
6,6,73,1,78,0
-1,-7,73,1,78,0
-4,-7,32,1,78,0
3,4,33,1,78,0
5,6,78,1,78,0
1,2,41,1,78,0
7,-5,48,1,78,0
-3,-4,55,1,78,0
1,-7,59,1,78,0
0,-4,74,1,78,0
-7,-7,19,1,78,0
6,-3,27,1,78,0
2,4,32,1,78,0
4,6,75,1,78,0
0,2,35,1,78,0
-6,-4,35,1,78,0
7,-6,43,1,78,0
3,-5,6,1,78,0
-7,-8,12,1,78,0
-2,2,19,1,78,0
3,6,56,1,78,0
2,5,24,1,78,0
6,-4,27,1,78,0
-6,-5,34,1,78,0
8,1,74,1,78,0
4,7,77,1,78,0
7,-7,77,1,78,0
2,6,23,1,78,0
-2,3,18,1,78,0
1,5,22,1,78,0
6,-5,25,1,78,0
-6,-6,27,1,78,0
-1,2,28,1,78,0
5,-2,36,1,78,0
-3,-7,38,1,78,0
-2,-4,61,1,78,0
0,-7,67,1,78,0
3,7,76,1,78,0
7,-8,76,1,78,0
7,1,76,1,78,0
7,-9,4,1,78,0
-2,4,11,1,78,0
0,5,15,1,78,0
-6,-7,19,1,78,0
5,-3,34,1,78,0
-5,-4,43,1,78,0
6,1,63,1,78,0
2,7,65,1,78,0
8,-2,67,1,78,0
3,8,74,1,78,0
-2,5,5,1,78,0
-3,6,6,1,78,0
0,6,41,1,78,0
4,-1,49,1,78,0
5,1,57,1,78,0
1,7,59,1,78,0
8,-3,64,1,78,0
6,-7,71,1,78,0
4,0,74,1,78,0
-9,-8,2,1,78,0
9,6,3,1,78,0
-1,5,8,1,78,0
5,-5,18,1,78,0
-3,7,23,1,78,0
-2,6,31,1,78,0
4,-2,43,1,78,0
0,7,48,1,78,0
1,8,53,1,78,0
5,2,54,1,78,0
8,-4,57,1,78,0
3,0,61,1,78,0
-1,-4,68,1,78,0
7,-1,76,1,78,0
4,1,77,1,78,0
-2,-7,77,1,78,0
0,8,6,1,79,0
-3,8,16,1,79,0
-5,-7,25,1,79,0
8,-5,29,1,79,0
-1,6,38,1,79,0
4,2,49,1,79,0
-4,-4,49,1,79,0
3,1,54,1,79,0
8,6,57,1,79,0
7,-2,69,1,79,0
1,-4,78,1,79,0
-8,-7,6,1,79,0
8,-6,27,1,79,0
4,3,43,1,79,0
2,1,49,1,79,0
7,-3,61,1,79,0
3,-1,64,1,79,0
7,6,78,1,79,0
-8,-8,9,1,79,0
4,-5,12,1,79,0
8,-7,18,1,79,0
3,3,41,1,79,0
2,2,46,1,79,0
7,-4,52,1,79,0
6,6,73,1,79,0
-1,-7,73,1,79,0
-4,-7,32,1,79,0
3,4,33,1,79,0
5,6,79,1,79,0
1,2,41,1,79,0
7,-5,48,1,79,0
-3,-4,55,1,79,0
1,-7,59,1,79,0
0,-4,74,1,79,0
-7,-7,19,1,79,0
6,-3,27,1,79,0
2,4,32,1,79,0
4,6,75,1,79,0
0,2,35,1,79,0
-6,-4,35,1,79,0
7,-6,43,1,79,0
3,-5,6,1,79,0
-7,-8,12,1,79,0
-2,2,19,1,79,0
3,6,56,1,79,0
2,5,24,1,79,0
6,-4,27,1,79,0
-6,-5,34,1,79,0
8,1,74,1,79,0
4,7,78,1,79,0
7,-7,78,1,79,0
2,6,23,1,79,0
-2,3,18,1,79,0
1,5,22,1,79,0
6,-5,25,1,79,0
-6,-6,27,1,79,0
-1,2,28,1,79,0
5,-2,36,1,79,0
-3,-7,38,1,79,0
-2,-4,61,1,79,0
0,-7,67,1,79,0
3,7,76,1,79,0
7,-8,76,1,79,0
7,1,77,1,79,0
7,-9,4,1,79,0
-2,4,11,1,79,0
0,5,15,1,79,0
-6,-7,19,1,79,0
5,-3,34,1,79,0
-5,-4,43,1,79,0
6,1,63,1,79,0
2,7,65,1,79,0
8,-2,67,1,79,0
3,8,74,1,79,0
-2,5,5,1,79,0
-3,6,6,1,79,0
0,6,41,1,79,0
4,-1,49,1,79,0
5,1,57,1,79,0
1,7,59,1,79,0
8,-3,64,1,79,0
6,-7,71,1,79,0
4,0,74,1,79,0
-9,-8,2,1,79,0
9,6,3,1,79,0
-1,5,8,1,79,0
5,-5,18,1,79,0
-3,7,23,1,79,0
-2,6,31,1,79,0
4,-2,43,1,79,0
0,7,48,1,79,0
1,8,53,1,79,0
5,2,54,1,79,0
8,-4,57,1,79,0
3,0,61,1,79,0
-1,-4,68,1,79,0
7,-1,77,1,79,0
4,1,78,1,79,0
-2,-7,78,1,79,0
0,8,6,1,80,0
-3,8,16,1,80,0
-5,-7,25,1,80,0
8,-5,29,1,80,0
-1,6,38,1,80,0
4,2,49,1,80,0
-4,-4,49,1,80,0
3,1,54,1,80,0
8,6,57,1,80,0
7,-2,69,1,80,0
1,-4,79,1,80,0
-8,-7,6,1,80,0
8,-6,27,1,80,0
4,3,43,1,80,0
2,1,49,1,80,0
7,-3,61,1,80,0
3,-1,64,1,80,0
7,6,79,1,80,0
-8,-8,9,1,80,0
4,-5,12,1,80,0
8,-7,18,1,80,0
3,3,41,1,80,0
2,2,46,1,80,0
7,-4,52,1,80,0
6,6,73,1,80,0
-1,-7,73,1,80,0
-4,-7,32,1,80,0
3,4,33,1,80,0
5,6,79,1,80,0
1,2,41,1,80,0
7,-5,48,1,80,0
-3,-4,55,1,80,0
1,-7,59,1,80,0
0,-4,74,1,80,0
-7,-7,19,1,80,0
6,-3,27,1,80,0
2,4,32,1,80,0
4,6,75,1,80,0
0,2,35,1,80,0
-6,-4,35,1,80,0
7,-6,43,1,80,0
3,-5,6,1,80,0
-7,-8,12,1,80,0
-2,2,19,1,80,0
3,6,56,1,80,0
2,5,24,1,80,0
6,-4,27,1,80,0
-6,-5,34,1,80,0
8,1,74,1,80,0
4,7,79,1,80,0
7,0,78,1,80,0
7,-7,79,1,80,0
2,6,23,1,80,0
-2,3,18,1,80,0
1,5,22,1,80,0
6,-5,25,1,80,0
-6,-6,27,1,80,0
-1,2,28,1,80,0
5,-2,36,1,80,0
-3,-7,38,1,80,0
-2,-4,61,1,80,0
0,-7,67,1,80,0
3,7,76,1,80,0
7,-8,76,1,80,0
7,1,78,1,80,0
7,-9,4,1,80,0
-2,4,11,1,80,0
0,5,15,1,80,0
-6,-7,19,1,80,0
5,-3,34,1,80,0
-5,-4,43,1,80,0
6,1,63,1,80,0
2,7,65,1,80,0
8,-2,67,1,80,0
3,8,74,1,80,0
-2,5,5,1,80,0
-3,6,6,1,80,0
0,6,41,1,80,0
4,-1,49,1,80,0
5,1,57,1,80,0
1,7,59,1,80,0
8,-3,64,1,80,0
6,-7,71,1,80,0
4,0,74,1,80,0
-9,-8,2,1,80,0
9,6,3,1,80,0
-1,5,8,1,80,0
5,-5,18,1,80,0
-3,7,23,1,80,0
-2,6,31,1,80,0
4,-2,43,1,80,0
0,7,48,1,80,0
1,8,53,1,80,0
5,2,54,1,80,0
8,-4,57,1,80,0
3,0,61,1,80,0
-1,-4,68,1,80,0
7,-1,77,1,80,0
4,1,79,1,80,0
-2,-7,79,1,80,0
0,8,6,1,81,0
-3,8,16,1,81,0
-5,-7,25,1,81,0
8,-5,29,1,81,0
-1,6,38,1,81,0
4,2,49,1,81,0
-4,-4,49,1,81,0
3,1,54,1,81,0
8,6,57,1,81,0
7,-2,69,1,81,0
1,-4,79,1,81,0
-8,-7,6,1,81,0
8,-6,27,1,81,0
4,3,43,1,81,0
2,1,49,1,81,0
7,-3,61,1,81,0
3,-1,64,1,81,0
7,6,79,1,81,0
-8,-8,9,1,81,0
4,-5,12,1,81,0
8,-7,18,1,81,0
3,3,41,1,81,0
2,2,46,1,81,0
7,-4,52,1,81,0
6,6,73,1,81,0
-1,-7,73,1,81,0
-4,-7,32,1,81,0
3,4,33,1,81,0
5,6,81,1,81,0
1,2,41,1,81,0
7,-5,48,1,81,0
-3,-4,55,1,81,0
1,-7,59,1,81,0
0,-4,74,1,81,0
-7,-7,19,1,81,0
6,-3,27,1,81,0
2,4,32,1,81,0
4,6,75,1,81,0
0,2,35,1,81,0
-6,-4,35,1,81,0
7,-6,43,1,81,0
3,-5,6,1,81,0
-7,-8,12,1,81,0
-2,2,19,1,81,0
3,6,56,1,81,0
2,5,24,1,81,0
6,-4,27,1,81,0
-6,-5,34,1,81,0
8,1,74,1,81,0
4,7,79,1,81,0
7,-7,79,1,81,0
7,0,79,1,81,0
2,6,23,1,81,0
-2,3,18,1,81,0
1,5,22,1,81,0
6,-5,25,1,81,0
-6,-6,27,1,81,0
-1,2,28,1,81,0
5,-2,36,1,81,0
-3,-7,38,1,81,0
-2,-4,61,1,81,0
0,-7,67,1,81,0
3,7,76,1,81,0
7,-8,76,1,81,0
7,1,79,1,81,0
7,-9,4,1,81,0
-2,4,11,1,81,0
0,5,15,1,81,0
-6,-7,19,1,81,0
5,-3,34,1,81,0
-5,-4,43,1,81,0
6,1,63,1,81,0
2,7,65,1,81,0
8,-2,67,1,81,0
3,8,74,1,81,0
-2,5,5,1,81,0
-3,6,6,1,81,0
0,6,41,1,81,0
4,-1,49,1,81,0
5,1,57,1,81,0
1,7,59,1,81,0
8,-3,64,1,81,0
6,-7,71,1,81,0
4,0,74,1,81,0
-9,-8,2,1,81,0
9,6,3,1,81,0
-1,5,8,1,81,0
5,-5,18,1,81,0
-3,7,23,1,81,0
-2,6,31,1,81,0
4,-2,43,1,81,0
0,7,48,1,81,0
1,8,53,1,81,0
5,2,54,1,81,0
8,-4,57,1,81,0
3,0,61,1,81,0
-1,-4,68,1,81,0
7,-1,77,1,81,0
4,1,79,1,81,0
-2,-7,79,1,81,0
0,8,6,1,82,0
-3,8,16,1,82,0
-5,-7,25,1,82,0
8,-5,29,1,82,0
-1,6,38,1,82,0
4,2,49,1,82,0
-4,-4,49,1,82,0
3,1,54,1,82,0
7,-2,69,1,82,0
1,-4,79,1,82,0
8,6,81,1,82,0
-8,-7,6,1,82,0
8,-6,27,1,82,0
4,3,43,1,82,0
2,1,49,1,82,0
7,-3,61,1,82,0
3,-1,64,1,82,0
7,6,79,1,82,0
-8,-8,9,1,82,0
4,-5,12,1,82,0
3,3,41,1,82,0
2,2,46,1,82,0
7,-4,52,1,82,0
6,6,73,1,82,0
-1,-7,73,1,82,0
8,-7,81,1,82,0
-4,-7,32,1,82,0
3,4,33,1,82,0
5,6,82,1,82,0
1,2,41,1,82,0
7,-5,48,1,82,0
-3,-4,55,1,82,0
1,-7,59,1,82,0
0,-4,74,1,82,0
-7,-7,19,1,82,0
6,-3,27,1,82,0
2,4,32,1,82,0
4,6,75,1,82,0
0,2,35,1,82,0
-6,-4,35,1,82,0
7,-6,43,1,82,0
3,-5,6,1,82,0
-7,-8,12,1,82,0
-2,2,19,1,82,0
3,6,56,1,82,0
2,5,24,1,82,0
6,-4,27,1,82,0
-6,-5,34,1,82,0
8,1,74,1,82,0
4,7,79,1,82,0
7,-7,79,1,82,0
7,0,79,1,82,0
2,6,23,1,82,0
-2,3,18,1,82,0
1,5,22,1,82,0
6,-5,25,1,82,0
-6,-6,27,1,82,0
-1,2,28,1,82,0
5,-2,36,1,82,0
-2,-4,61,1,82,0
0,-7,67,1,82,0
3,7,76,1,82,0
7,-8,76,1,82,0
7,1,79,1,82,0
4,8,81,1,82,0
-3,-7,81,1,82,0
7,-9,4,1,82,0
-2,4,11,1,82,0
0,5,15,1,82,0
-6,-7,19,1,82,0
5,-3,34,1,82,0
-5,-4,43,1,82,0
6,1,63,1,82,0
2,7,65,1,82,0
8,-2,67,1,82,0
3,8,74,1,82,0
2,-4,81,1,82,0
-2,5,5,1,82,0
-3,6,6,1,82,0
0,6,41,1,82,0
4,-1,49,1,82,0
1,7,59,1,82,0
8,-3,64,1,82,0
6,-7,71,1,82,0
4,0,74,1,82,0
5,1,81,1,82,0
-9,-8,2,1,82,0
9,6,3,1,82,0
-1,5,8,1,82,0
5,-5,18,1,82,0
-3,7,23,1,82,0
-2,6,31,1,82,0
4,-2,43,1,82,0
0,7,48,1,82,0
1,8,53,1,82,0
5,2,54,1,82,0
8,-4,57,1,82,0
3,0,61,1,82,0
-1,-4,68,1,82,0
7,-1,77,1,82,0
4,1,79,1,82,0
-2,-7,79,1,82,0
0,8,6,1,83,0
-3,8,16,1,83,0
-5,-7,25,1,83,0
8,-5,29,1,83,0
-1,6,38,1,83,0
4,2,49,1,83,0
-4,-4,49,1,83,0
3,1,54,1,83,0
7,-2,69,1,83,0
1,-4,79,1,83,0
8,6,82,1,83,0
-8,-7,6,1,83,0
8,-6,27,1,83,0
4,3,43,1,83,0
2,1,49,1,83,0
7,-3,61,1,83,0
3,-1,64,1,83,0
7,6,79,1,83,0
-8,-8,9,1,83,0
4,-5,12,1,83,0
3,3,41,1,83,0
2,2,46,1,83,0
7,-4,52,1,83,0
6,6,73,1,83,0
-1,-7,73,1,83,0
8,-7,82,1,83,0
-4,-7,32,1,83,0
3,4,33,1,83,0
5,6,83,1,83,0
1,2,41,1,83,0
7,-5,48,1,83,0
-3,-4,55,1,83,0
1,-7,59,1,83,0
0,-4,74,1,83,0
-7,-7,19,1,83,0
6,-3,27,1,83,0
2,4,32,1,83,0
4,6,75,1,83,0
0,2,35,1,83,0
-6,-4,35,1,83,0
7,-6,43,1,83,0
3,-5,6,1,83,0
-7,-8,12,1,83,0
-2,2,19,1,83,0
3,6,56,1,83,0
2,5,24,1,83,0
6,-4,27,1,83,0
-6,-5,34,1,83,0
8,1,74,1,83,0
4,7,79,1,83,0
7,-7,79,1,83,0
7,0,81,1,83,0
2,6,23,1,83,0
-2,3,18,1,83,0
1,5,22,1,83,0
6,-5,25,1,83,0
-6,-6,27,1,83,0
-1,2,28,1,83,0
5,-2,36,1,83,0
-2,-4,61,1,83,0
0,-7,67,1,83,0
3,7,76,1,83,0
7,-8,76,1,83,0
7,1,81,1,83,0
4,8,82,1,83,0
-3,-7,82,1,83,0
7,-9,4,1,83,0
-2,4,11,1,83,0
0,5,15,1,83,0
-6,-7,19,1,83,0
5,-3,34,1,83,0
-5,-4,43,1,83,0
6,1,63,1,83,0
2,7,65,1,83,0
8,-2,67,1,83,0
3,8,74,1,83,0
2,-4,82,1,83,0
-2,5,5,1,83,0
-3,6,6,1,83,0
0,6,41,1,83,0
4,-1,49,1,83,0
1,7,59,1,83,0
8,-3,64,1,83,0
6,-7,71,1,83,0
4,0,74,1,83,0
5,1,82,1,83,0
-9,-8,2,1,83,0
9,6,3,1,83,0
-1,5,8,1,83,0
5,-5,18,1,83,0
-3,7,23,1,83,0
-2,6,31,1,83,0
4,-2,43,1,83,0
0,7,48,1,83,0
1,8,53,1,83,0
5,2,54,1,83,0
8,-4,57,1,83,0
3,0,61,1,83,0
-1,-4,68,1,83,0
7,-1,77,1,83,0
4,1,79,1,83,0
-2,-7,79,1,83,0
0,8,6,1,84,0
-3,8,16,1,84,0
-5,-7,25,1,84,0
8,-5,29,1,84,0
-1,6,38,1,84,0
4,2,49,1,84,0
-4,-4,49,1,84,0
3,1,54,1,84,0
7,-2,69,1,84,0
1,-4,79,1,84,0
8,6,83,1,84,0
-8,-7,6,1,84,0
8,-6,27,1,84,0
4,3,43,1,84,0
2,1,49,1,84,0
7,-3,61,1,84,0
3,-1,64,1,84,0
7,6,79,1,84,0
-8,-8,9,1,84,0
4,-5,12,1,84,0
3,3,41,1,84,0
2,2,46,1,84,0
7,-4,52,1,84,0
6,6,73,1,84,0
-1,-7,73,1,84,0
8,-7,83,1,84,0
-4,-7,32,1,84,0
3,4,33,1,84,0
5,6,84,1,84,0
1,2,41,1,84,0
7,-5,48,1,84,0
-3,-4,55,1,84,0
1,-7,59,1,84,0
0,-4,74,1,84,0
-7,-7,19,1,84,0
6,-3,27,1,84,0
2,4,32,1,84,0
4,6,75,1,84,0
0,2,35,1,84,0
-6,-4,35,1,84,0
7,-6,43,1,84,0
3,-5,6,1,84,0
-7,-8,12,1,84,0
-2,2,19,1,84,0
3,6,56,1,84,0
2,5,24,1,84,0
6,-4,27,1,84,0
-6,-5,34,1,84,0
8,1,74,1,84,0
4,7,79,1,84,0
7,-7,79,1,84,0
7,0,81,1,84,0
2,6,23,1,84,0
-2,3,18,1,84,0
1,5,22,1,84,0
6,-5,25,1,84,0
-6,-6,27,1,84,0
-1,2,28,1,84,0
5,-2,36,1,84,0
-2,-4,61,1,84,0
0,-7,67,1,84,0
3,7,76,1,84,0
7,-8,76,1,84,0
7,1,82,1,84,0
4,8,83,1,84,0
-3,-7,83,1,84,0
7,-9,4,1,84,0
-2,4,11,1,84,0
0,5,15,1,84,0
-6,-7,19,1,84,0
5,-3,34,1,84,0
-5,-4,43,1,84,0
6,1,63,1,84,0
2,7,65,1,84,0
8,-2,67,1,84,0
3,8,74,1,84,0
2,-4,83,1,84,0
-2,5,5,1,84,0
-3,6,6,1,84,0
0,6,41,1,84,0
4,-1,49,1,84,0
1,7,59,1,84,0
8,-3,64,1,84,0
6,-7,71,1,84,0
4,0,74,1,84,0
5,1,82,1,84,0
-9,-8,2,1,84,0
9,6,3,1,84,0
-1,5,8,1,84,0
5,-5,18,1,84,0
-3,7,23,1,84,0
-2,6,31,1,84,0
4,-2,43,1,84,0
0,7,48,1,84,0
1,8,53,1,84,0
8,-4,57,1,84,0
3,0,61,1,84,0
-1,-4,68,1,84,0
4,1,79,1,84,0
-2,-7,79,1,84,0
7,-1,82,1,84,0
5,2,83,1,84,0
0,8,6,1,85,0
-3,8,16,1,85,0
-5,-7,25,1,85,0
8,-5,29,1,85,0
-1,6,38,1,85,0
4,2,49,1,85,0
-4,-4,49,1,85,0
3,1,54,1,85,0
7,-2,69,1,85,0
1,-4,79,1,85,0
8,6,84,1,85,0
-8,-7,6,1,85,0
8,-6,27,1,85,0
4,3,43,1,85,0
2,1,49,1,85,0
7,-3,61,1,85,0
3,-1,64,1,85,0
7,6,79,1,85,0
-8,-8,9,1,85,0
4,-5,12,1,85,0
3,3,41,1,85,0
2,2,46,1,85,0
7,-4,52,1,85,0
6,6,85,1,85,0
-1,-7,73,1,85,0
8,-7,84,1,85,0
-4,-7,32,1,85,0
3,4,33,1,85,0
5,6,84,1,85,0
1,2,41,1,85,0
7,-5,48,1,85,0
-3,-4,55,1,85,0
1,-7,59,1,85,0
0,-4,74,1,85,0
-7,-7,19,1,85,0
6,-3,27,1,85,0
2,4,32,1,85,0
4,6,75,1,85,0
0,2,35,1,85,0
-6,-4,35,1,85,0
7,-6,43,1,85,0
3,-5,6,1,85,0
-7,-8,12,1,85,0
-2,2,19,1,85,0
3,6,56,1,85,0
2,5,24,1,85,0
6,-4,27,1,85,0
-6,-5,34,1,85,0
8,1,74,1,85,0
4,7,79,1,85,0
7,-7,79,1,85,0
7,0,81,1,85,0
2,6,23,1,85,0
-2,3,18,1,85,0
1,5,22,1,85,0
6,-5,25,1,85,0
-6,-6,27,1,85,0
-1,2,28,1,85,0
5,-2,36,1,85,0
-2,-4,61,1,85,0
0,-7,67,1,85,0
3,7,76,1,85,0
7,-8,76,1,85,0
7,1,83,1,85,0
4,8,84,1,85,0
-3,-7,84,1,85,0
7,-9,4,1,85,0
-2,4,11,1,85,0
0,5,15,1,85,0
-6,-7,19,1,85,0
5,-3,34,1,85,0
-5,-4,43,1,85,0
6,1,63,1,85,0
2,7,65,1,85,0
8,-2,67,1,85,0
3,8,74,1,85,0
2,-4,84,1,85,0
-2,5,5,1,85,0
-3,6,6,1,85,0
0,6,41,1,85,0
4,-1,49,1,85,0
1,7,59,1,85,0
8,-3,64,1,85,0
6,-7,71,1,85,0
4,0,74,1,85,0
5,1,82,1,85,0
-9,-8,2,1,85,0
9,6,3,1,85,0
-1,5,8,1,85,0
5,-5,18,1,85,0
-3,7,23,1,85,0
-2,6,31,1,85,0
4,-2,43,1,85,0
0,7,48,1,85,0
1,8,53,1,85,0
8,-4,57,1,85,0
3,0,61,1,85,0
-1,-4,68,1,85,0
4,1,79,1,85,0
-2,-7,79,1,85,0
7,-1,83,1,85,0
5,2,84,1,85,0
0,8,6,1,86,0
-3,8,16,1,86,0
-5,-7,25,1,86,0
8,-5,29,1,86,0
-1,6,38,1,86,0
4,2,49,1,86,0
-4,-4,49,1,86,0
3,1,54,1,86,0
7,-2,69,1,86,0
1,-4,79,1,86,0
8,6,84,1,86,0
-8,-7,6,1,86,0
8,-6,27,1,86,0
4,3,43,1,86,0
2,1,49,1,86,0
7,-3,61,1,86,0
3,-1,64,1,86,0
7,6,85,1,86,0
6,5,86,1,86,0
-8,-8,9,1,86,0
4,-5,12,1,86,0
3,3,41,1,86,0
2,2,46,1,86,0
7,-4,52,1,86,0
6,6,85,1,86,0
-1,-7,73,1,86,0
8,-7,84,1,86,0
-4,-7,32,1,86,0
3,4,33,1,86,0
5,6,84,1,86,0
1,2,41,1,86,0
7,-5,48,1,86,0
-3,-4,55,1,86,0
1,-7,59,1,86,0
0,-4,74,1,86,0
-7,-7,19,1,86,0
6,-3,27,1,86,0
2,4,32,1,86,0
4,6,75,1,86,0
0,2,35,1,86,0
-6,-4,35,1,86,0
7,-6,43,1,86,0
5,7,85,1,86,0
3,-5,6,1,86,0
-7,-8,12,1,86,0
-2,2,19,1,86,0
3,6,56,1,86,0
2,5,24,1,86,0
6,-4,27,1,86,0
-6,-5,34,1,86,0
8,1,74,1,86,0
4,7,79,1,86,0
7,0,81,1,86,0
7,-7,85,1,86,0
2,6,23,1,86,0
-2,3,18,1,86,0
1,5,22,1,86,0
6,-5,25,1,86,0
-6,-6,27,1,86,0
-1,2,28,1,86,0
5,-2,36,1,86,0
-2,-4,61,1,86,0
0,-7,67,1,86,0
3,7,76,1,86,0
7,-8,76,1,86,0
4,8,84,1,86,0
7,1,84,1,86,0
-3,-7,85,1,86,0
7,-9,4,1,86,0
-2,4,11,1,86,0
0,5,15,1,86,0
-6,-7,19,1,86,0
5,-3,34,1,86,0
-5,-4,43,1,86,0
6,1,63,1,86,0
2,7,65,1,86,0
8,-2,67,1,86,0
3,8,74,1,86,0
2,-4,85,1,86,0
-2,5,5,1,86,0
-3,6,6,1,86,0
0,6,41,1,86,0
4,-1,49,1,86,0
1,7,59,1,86,0
8,-3,64,1,86,0
6,-7,71,1,86,0
4,0,74,1,86,0
5,1,82,1,86,0
-9,-8,2,1,86,0
9,6,3,1,86,0
-1,5,8,1,86,0
5,-5,18,1,86,0
-3,7,23,1,86,0
-2,6,31,1,86,0
4,-2,43,1,86,0
0,7,48,1,86,0
1,8,53,1,86,0
8,-4,57,1,86,0
3,0,61,1,86,0
-1,-4,68,1,86,0
4,1,79,1,86,0
-2,-7,79,1,86,0
7,-1,84,1,86,0
5,2,85,1,86,0
0,8,6,1,87,0
-3,8,16,1,87,0
-5,-7,25,1,87,0
8,-5,29,1,87,0
-1,6,38,1,87,0
4,2,49,1,87,0
-4,-4,49,1,87,0
3,1,54,1,87,0
7,-2,69,1,87,0
1,-4,79,1,87,0
8,6,84,1,87,0
-8,-7,6,1,87,0
8,-6,27,1,87,0
4,3,43,1,87,0
2,1,49,1,87,0
7,-3,61,1,87,0
3,-1,64,1,87,0
6,5,87,1,87,0
7,6,86,1,87,0
-8,-8,9,1,87,0
4,-5,12,1,87,0
3,3,41,1,87,0
2,2,46,1,87,0
7,-4,52,1,87,0
6,6,85,1,87,0
-1,-7,73,1,87,0
8,-7,84,1,87,0
3,4,33,1,87,0
5,6,84,1,87,0
1,2,41,1,87,0
7,-5,48,1,87,0
-3,-4,55,1,87,0
1,-7,59,1,87,0
0,-4,74,1,87,0
-4,-7,86,1,87,0
-7,-7,19,1,87,0
6,-3,27,1,87,0
2,4,32,1,87,0
4,6,75,1,87,0
0,2,35,1,87,0
-6,-4,35,1,87,0
7,-6,43,1,87,0
5,7,86,1,87,0
3,-5,6,1,87,0
-7,-8,12,1,87,0
-2,2,19,1,87,0
3,6,56,1,87,0
2,5,24,1,87,0
6,-4,27,1,87,0
-6,-5,34,1,87,0
8,1,74,1,87,0
4,7,79,1,87,0
7,0,81,1,87,0
7,-7,86,1,87,0
2,6,23,1,87,0
-2,3,18,1,87,0
1,5,22,1,87,0
6,-5,25,1,87,0
-6,-6,27,1,87,0
-1,2,28,1,87,0
5,-2,36,1,87,0
-2,-4,61,1,87,0
0,-7,67,1,87,0
3,7,76,1,87,0
7,-8,76,1,87,0
4,8,84,1,87,0
-3,-7,85,1,87,0
7,1,85,1,87,0
7,-9,4,1,87,0
-2,4,11,1,87,0
0,5,15,1,87,0
-6,-7,19,1,87,0
5,-3,34,1,87,0
-5,-4,43,1,87,0
6,1,63,1,87,0
2,7,65,1,87,0
8,-2,67,1,87,0
3,8,74,1,87,0
2,-4,86,1,87,0
-2,5,5,1,87,0
-3,6,6,1,87,0
0,6,41,1,87,0
4,-1,49,1,87,0
1,7,59,1,87,0
8,-3,64,1,87,0
6,-7,71,1,87,0
4,0,74,1,87,0
5,1,82,1,87,0
-9,-8,2,1,87,0
9,6,3,1,87,0
-1,5,8,1,87,0
5,-5,18,1,87,0
-3,7,23,1,87,0
-2,6,31,1,87,0
4,-2,43,1,87,0
0,7,48,1,87,0
1,8,53,1,87,0
8,-4,57,1,87,0
3,0,61,1,87,0
-1,-4,68,1,87,0
4,1,79,1,87,0
-2,-7,79,1,87,0
7,-1,85,1,87,0
5,2,86,1,87,0
0,8,6,1,88,0
-3,8,16,1,88,0
-5,-7,25,1,88,0
8,-5,29,1,88,0
-1,6,38,1,88,0
4,2,49,1,88,0
-4,-4,49,1,88,0
3,1,54,1,88,0
7,-2,69,1,88,0
1,-4,79,1,88,0
8,6,84,1,88,0
-8,-7,6,1,88,0
8,-6,27,1,88,0
4,3,43,1,88,0
2,1,49,1,88,0
7,-3,61,1,88,0
3,-1,64,1,88,0
6,5,88,1,88,0
7,6,87,1,88,0
-8,-8,9,1,88,0
4,-5,12,1,88,0
3,3,41,1,88,0
2,2,46,1,88,0
7,-4,52,1,88,0
6,6,85,1,88,0
-1,-7,73,1,88,0
8,-7,84,1,88,0
3,4,33,1,88,0
5,6,84,1,88,0
1,2,41,1,88,0
7,-5,48,1,88,0
-3,-4,55,1,88,0
1,-7,59,1,88,0
0,-4,74,1,88,0
-4,-7,87,1,88,0
-7,-7,19,1,88,0
6,-3,27,1,88,0
2,4,32,1,88,0
4,6,75,1,88,0
0,2,35,1,88,0
-6,-4,35,1,88,0
7,-6,43,1,88,0
5,7,87,1,88,0
3,-4,87,1,88,0
3,-5,6,1,88,0
-7,-8,12,1,88,0
-2,2,19,1,88,0
3,6,56,1,88,0
2,5,24,1,88,0
6,-4,27,1,88,0
-6,-5,34,1,88,0
8,1,74,1,88,0
4,7,79,1,88,0
7,0,86,1,88,0
7,-7,87,1,88,0
2,6,23,1,88,0
-2,3,18,1,88,0
1,5,22,1,88,0
6,-5,25,1,88,0
-6,-6,27,1,88,0
-1,2,28,1,88,0
5,-2,36,1,88,0
-2,-4,61,1,88,0
0,-7,67,1,88,0
3,7,76,1,88,0
7,-8,76,1,88,0
4,8,84,1,88,0
-3,-7,85,1,88,0
7,1,85,1,88,0
7,-9,4,1,88,0
-2,4,11,1,88,0
0,5,15,1,88,0
-6,-7,19,1,88,0
5,-3,34,1,88,0
-5,-4,43,1,88,0
6,1,63,1,88,0
2,7,65,1,88,0
8,-2,67,1,88,0
3,8,74,1,88,0
2,-4,86,1,88,0
7,2,86,1,88,0
-2,5,5,1,88,0
-3,6,6,1,88,0
0,6,41,1,88,0
4,-1,49,1,88,0
1,7,59,1,88,0
8,-3,64,1,88,0
6,-7,71,1,88,0
4,0,74,1,88,0
5,1,82,1,88,0
-9,-8,2,1,88,0
9,6,3,1,88,0
-1,5,8,1,88,0
5,-5,18,1,88,0
-3,7,23,1,88,0
-2,6,31,1,88,0
4,-2,43,1,88,0
0,7,48,1,88,0
1,8,53,1,88,0
8,-4,57,1,88,0
3,0,61,1,88,0
-1,-4,68,1,88,0
4,1,79,1,88,0
-2,-7,79,1,88,0
7,-1,85,1,88,0
5,2,87,1,88,0
0,8,6,1,89,0
-3,8,16,1,89,0
-5,-7,25,1,89,0
8,-5,29,1,89,0
-1,6,38,1,89,0
4,2,49,1,89,0
-4,-4,49,1,89,0
3,1,54,1,89,0
7,-2,69,1,89,0
1,-4,79,1,89,0
8,6,84,1,89,0
-8,-7,6,1,89,0
8,-6,27,1,89,0
4,3,43,1,89,0
2,1,49,1,89,0
7,-3,61,1,89,0
3,-1,64,1,89,0
6,5,89,1,89,0
7,6,88,1,89,0
-8,-8,9,1,89,0
4,-5,12,1,89,0
3,3,41,1,89,0
2,2,46,1,89,0
7,-4,52,1,89,0
6,6,85,1,89,0
-1,-7,73,1,89,0
8,-7,84,1,89,0
3,4,33,1,89,0
5,6,84,1,89,0
1,2,41,1,89,0
7,-5,48,1,89,0
-3,-4,55,1,89,0
1,-7,59,1,89,0
0,-4,74,1,89,0
-4,-7,88,1,89,0
-7,-7,19,1,89,0
6,-3,27,1,89,0
2,4,32,1,89,0
4,6,75,1,89,0
0,2,35,1,89,0
-6,-4,35,1,89,0
7,-6,43,1,89,0
5,7,88,1,89,0
3,-4,88,1,89,0
3,-5,6,1,89,0
-7,-8,12,1,89,0
-2,2,19,1,89,0
3,6,56,1,89,0
2,5,24,1,89,0
6,-4,27,1,89,0
-6,-5,34,1,89,0
8,1,74,1,89,0
4,7,79,1,89,0
7,0,87,1,89,0
7,-7,88,1,89,0
2,6,23,1,89,0
-2,3,18,1,89,0
1,5,22,1,89,0
6,-5,25,1,89,0
-6,-6,27,1,89,0
-1,2,28,1,89,0
5,-2,36,1,89,0
-2,-4,61,1,89,0
0,-7,67,1,89,0
3,7,76,1,89,0
7,-8,76,1,89,0
4,8,84,1,89,0
-3,-7,85,1,89,0
7,1,85,1,89,0
7,-9,4,1,89,0
-2,4,11,1,89,0
0,5,15,1,89,0
-6,-7,19,1,89,0
5,-3,34,1,89,0
-5,-4,43,1,89,0
6,1,63,1,89,0
2,7,65,1,89,0
8,-2,67,1,89,0
3,8,74,1,89,0
2,-4,86,1,89,0
7,2,87,1,89,0
-2,5,5,1,89,0
-3,6,6,1,89,0
0,6,41,1,89,0
4,-1,49,1,89,0
1,7,59,1,89,0
8,-3,64,1,89,0
6,-7,71,1,89,0
4,0,74,1,89,0
5,1,82,1,89,0
-9,-8,2,1,89,0
9,6,3,1,89,0
-1,5,8,1,89,0
5,-5,18,1,89,0
-3,7,23,1,89,0
-2,6,31,1,89,0
4,-2,43,1,89,0
0,7,48,1,89,0
1,8,53,1,89,0
8,-4,57,1,89,0
3,0,61,1,89,0
-1,-4,68,1,89,0
4,1,79,1,89,0
-2,-7,79,1,89,0
7,-1,85,1,89,0
5,2,88,1,89,0
0,8,6,1,90,0
-3,8,16,1,90,0
-5,-7,25,1,90,0
8,-5,29,1,90,0
-1,6,38,1,90,0
4,2,49,1,90,0
-4,-4,49,1,90,0
3,1,54,1,90,0
7,-2,69,1,90,0
1,-4,79,1,90,0
8,6,84,1,90,0
-8,-7,6,1,90,0
8,-6,27,1,90,0
4,3,43,1,90,0
2,1,49,1,90,0
7,-3,61,1,90,0
3,-1,64,1,90,0
6,5,89,1,90,0
7,6,89,1,90,0
-8,-8,9,1,90,0
4,-5,12,1,90,0
3,3,41,1,90,0
2,2,46,1,90,0
7,-4,52,1,90,0
6,6,85,1,90,0
-1,-7,73,1,90,0
8,-7,84,1,90,0
3,4,33,1,90,0
5,6,84,1,90,0
1,2,41,1,90,0
7,-5,48,1,90,0
-3,-4,55,1,90,0
1,-7,59,1,90,0
0,-4,74,1,90,0
-4,-7,89,1,90,0
-7,-7,19,1,90,0
6,-3,27,1,90,0
2,4,32,1,90,0
4,6,75,1,90,0
0,2,35,1,90,0
-6,-4,35,1,90,0
7,-6,43,1,90,0
5,7,88,1,90,0
3,-4,88,1,90,0
3,-5,6,1,90,0
-7,-8,12,1,90,0
-2,2,19,1,90,0
3,6,56,1,90,0
2,5,24,1,90,0
6,-4,27,1,90,0
-6,-5,34,1,90,0
8,1,74,1,90,0
4,7,79,1,90,0
7,-7,88,1,90,0
5,8,89,1,90,0
7,0,88,1,90,0
2,6,23,1,90,0
-2,3,18,1,90,0
1,5,22,1,90,0
6,-5,25,1,90,0
-6,-6,27,1,90,0
-1,2,28,1,90,0
5,-2,36,1,90,0
-2,-4,61,1,90,0
0,-7,67,1,90,0
3,7,76,1,90,0
7,-8,76,1,90,0
4,8,84,1,90,0
-3,-7,85,1,90,0
7,1,85,1,90,0
7,-9,4,1,90,0
-2,4,11,1,90,0
0,5,15,1,90,0
-6,-7,19,1,90,0
5,-3,34,1,90,0
-5,-4,43,1,90,0
6,1,63,1,90,0
2,7,65,1,90,0
8,-2,67,1,90,0
3,8,74,1,90,0
2,-4,86,1,90,0
7,2,88,1,90,0
-2,5,5,1,90,0
-3,6,6,1,90,0
0,6,41,1,90,0
4,-1,49,1,90,0
1,7,59,1,90,0
8,-3,64,1,90,0
6,-7,71,1,90,0
4,0,74,1,90,0
5,1,82,1,90,0
-9,-8,2,1,90,0
9,6,3,1,90,0
-1,5,8,1,90,0
5,-5,18,1,90,0
-3,7,23,1,90,0
-2,6,31,1,90,0
4,-2,43,1,90,0
0,7,48,1,90,0
1,8,53,1,90,0
8,-4,57,1,90,0
3,0,61,1,90,0
-1,-4,68,1,90,0
4,1,79,1,90,0
-2,-7,79,1,90,0
7,-1,85,1,90,0
5,2,89,1,90,0
0,8,6,1,91,0
-3,8,16,1,91,0
-5,-7,25,1,91,0
8,-5,29,1,91,0
-1,6,38,1,91,0
4,2,49,1,91,0
-4,-4,49,1,91,0
3,1,54,1,91,0
7,-2,69,1,91,0
1,-4,79,1,91,0
8,6,84,1,91,0
-8,-7,6,1,91,0
8,-6,27,1,91,0
4,3,43,1,91,0
2,1,49,1,91,0
7,-3,61,1,91,0
3,-1,64,1,91,0
6,5,91,1,91,0
7,6,89,1,91,0
-8,-8,9,1,91,0
4,-5,12,1,91,0
3,3,41,1,91,0
2,2,46,1,91,0
7,-4,52,1,91,0
6,6,85,1,91,0
-1,-7,73,1,91,0
8,-7,84,1,91,0
3,4,33,1,91,0
5,6,84,1,91,0
1,2,41,1,91,0
7,-5,48,1,91,0
-3,-4,55,1,91,0
1,-7,59,1,91,0
0,-4,74,1,91,0
-4,-7,89,1,91,0
-7,-7,19,1,91,0
6,-3,27,1,91,0
2,4,32,1,91,0
4,6,75,1,91,0
0,2,35,1,91,0
-6,-4,35,1,91,0
7,-6,43,1,91,0
5,7,88,1,91,0
3,-4,89,1,91,0
3,-5,6,1,91,0
-7,-8,12,1,91,0
-2,2,19,1,91,0
3,6,56,1,91,0
2,5,24,1,91,0
6,-4,27,1,91,0
-6,-5,34,1,91,0
8,1,74,1,91,0
4,7,79,1,91,0
5,8,89,1,91,0
7,0,88,1,91,0
7,-7,89,1,91,0
2,6,23,1,91,0
-2,3,18,1,91,0
1,5,22,1,91,0
6,-5,25,1,91,0
-6,-6,27,1,91,0
-1,2,28,1,91,0
5,-2,36,1,91,0
-2,-4,61,1,91,0
0,-7,67,1,91,0
3,7,76,1,91,0
7,-8,76,1,91,0
4,8,84,1,91,0
-3,-7,85,1,91,0
7,1,85,1,91,0
7,-9,4,1,91,0
-2,4,11,1,91,0
0,5,15,1,91,0
-6,-7,19,1,91,0
5,-3,34,1,91,0
-5,-4,43,1,91,0
6,1,63,1,91,0
2,7,65,1,91,0
8,-2,67,1,91,0
3,8,74,1,91,0
2,-4,86,1,91,0
7,2,89,1,91,0
-2,5,5,1,91,0
-3,6,6,1,91,0
0,6,41,1,91,0
4,-1,49,1,91,0
1,7,59,1,91,0
8,-3,64,1,91,0
6,-7,71,1,91,0
4,0,74,1,91,0
5,1,82,1,91,0
-9,-8,2,1,91,0
9,6,3,1,91,0
-1,5,8,1,91,0
5,-5,18,1,91,0
-3,7,23,1,91,0
-2,6,31,1,91,0
4,-2,43,1,91,0
0,7,48,1,91,0
1,8,53,1,91,0
8,-4,57,1,91,0
3,0,61,1,91,0
-1,-4,68,1,91,0
4,1,79,1,91,0
-2,-7,79,1,91,0
5,2,89,1,91,0
7,-1,89,1,91,0
0,8,6,1,92,0
-3,8,16,1,92,0
-5,-7,25,1,92,0
8,-5,29,1,92,0
-1,6,38,1,92,0
4,2,49,1,92,0
-4,-4,49,1,92,0
3,1,54,1,92,0
7,-2,69,1,92,0
1,-4,79,1,92,0
8,6,91,1,92,0
-8,-7,6,1,92,0
8,-6,27,1,92,0
4,3,43,1,92,0
2,1,49,1,92,0
7,-3,61,1,92,0
3,-1,64,1,92,0
6,5,92,1,92,0
7,6,89,1,92,0
-8,-8,9,1,92,0
4,-5,12,1,92,0
3,3,41,1,92,0
2,2,46,1,92,0
7,-4,52,1,92,0
6,6,85,1,92,0
-1,-7,73,1,92,0
8,-7,84,1,92,0
3,4,33,1,92,0
5,6,84,1,92,0
1,2,41,1,92,0
7,-5,48,1,92,0
-3,-4,55,1,92,0
1,-7,59,1,92,0
0,-4,74,1,92,0
-4,-7,91,1,92,0
-7,-7,19,1,92,0
6,-3,27,1,92,0
2,4,32,1,92,0
4,6,75,1,92,0
0,2,35,1,92,0
-6,-4,35,1,92,0
7,-6,43,1,92,0
5,7,88,1,92,0
3,-4,89,1,92,0
3,-5,6,1,92,0
-7,-8,12,1,92,0
-2,2,19,1,92,0
3,6,56,1,92,0
2,5,24,1,92,0
6,-4,27,1,92,0
-6,-5,34,1,92,0
8,1,74,1,92,0
4,7,79,1,92,0
7,0,88,1,92,0
7,-7,89,1,92,0
5,8,91,1,92,0
2,6,23,1,92,0
-2,3,18,1,92,0
1,5,22,1,92,0
6,-5,25,1,92,0
-6,-6,27,1,92,0
-1,2,28,1,92,0
5,-2,36,1,92,0
-2,-4,61,1,92,0
0,-7,67,1,92,0
3,7,76,1,92,0
7,-8,76,1,92,0
4,8,84,1,92,0
-3,-7,85,1,92,0
7,1,85,1,92,0
7,-9,4,1,92,0
-2,4,11,1,92,0
0,5,15,1,92,0
-6,-7,19,1,92,0
5,-3,34,1,92,0
-5,-4,43,1,92,0
6,1,63,1,92,0
2,7,65,1,92,0
8,-2,67,1,92,0
3,8,74,1,92,0
2,-4,86,1,92,0
7,2,89,1,92,0
-2,5,5,1,92,0
-3,6,6,1,92,0
0,6,41,1,92,0
4,-1,49,1,92,0
1,7,59,1,92,0
8,-3,64,1,92,0
6,-7,71,1,92,0
4,0,74,1,92,0
5,1,82,1,92,0
6,2,91,1,92,0
-9,-8,2,1,92,0
9,6,3,1,92,0
-1,5,8,1,92,0
5,-5,18,1,92,0
-3,7,23,1,92,0
-2,6,31,1,92,0
4,-2,43,1,92,0
0,7,48,1,92,0
1,8,53,1,92,0
8,-4,57,1,92,0
3,0,61,1,92,0
-1,-4,68,1,92,0
4,1,79,1,92,0
-2,-7,79,1,92,0
5,2,89,1,92,0
7,-1,89,1,92,0
0,8,6,1,93,0
-3,8,16,1,93,0
-5,-7,25,1,93,0
8,-5,29,1,93,0
-1,6,38,1,93,0
4,2,49,1,93,0
-4,-4,49,1,93,0
3,1,54,1,93,0
7,-2,69,1,93,0
1,-4,79,1,93,0
8,6,92,1,93,0
-8,-7,6,1,93,0
8,-6,27,1,93,0
4,3,43,1,93,0
2,1,49,1,93,0
7,-3,61,1,93,0
3,-1,64,1,93,0
6,5,93,1,93,0
7,6,89,1,93,0
-8,-8,9,1,93,0
4,-5,12,1,93,0
3,3,41,1,93,0
2,2,46,1,93,0
7,-4,52,1,93,0
6,6,85,1,93,0
-1,-7,73,1,93,0
8,-7,84,1,93,0
3,4,33,1,93,0
5,6,84,1,93,0
1,2,41,1,93,0
7,-5,48,1,93,0
-3,-4,55,1,93,0
1,-7,59,1,93,0
0,-4,74,1,93,0
-4,-7,92,1,93,0
-7,-7,19,1,93,0
6,-3,27,1,93,0
2,4,32,1,93,0
4,6,75,1,93,0
0,2,35,1,93,0
-6,-4,35,1,93,0
7,-6,43,1,93,0
5,7,88,1,93,0
3,-4,91,1,93,0
3,-5,6,1,93,0
-7,-8,12,1,93,0
-2,2,19,1,93,0
3,6,56,1,93,0
2,5,24,1,93,0
6,-4,27,1,93,0
-6,-5,34,1,93,0
8,1,74,1,93,0
4,7,79,1,93,0
7,0,88,1,93,0
7,-7,91,1,93,0
5,8,92,1,93,0
2,6,23,1,93,0
-2,3,18,1,93,0
1,5,22,1,93,0
6,-5,25,1,93,0
-6,-6,27,1,93,0
-1,2,28,1,93,0
5,-2,36,1,93,0
-2,-4,61,1,93,0
0,-7,67,1,93,0
3,7,76,1,93,0
7,-8,76,1,93,0
4,8,84,1,93,0
-3,-7,85,1,93,0
7,1,85,1,93,0
7,-9,4,1,93,0
-2,4,11,1,93,0
0,5,15,1,93,0
-6,-7,19,1,93,0
5,-3,34,1,93,0
-5,-4,43,1,93,0
6,1,63,1,93,0
2,7,65,1,93,0
8,-2,67,1,93,0
3,8,74,1,93,0
2,-4,86,1,93,0
7,2,91,1,93,0
-2,5,5,1,93,0
-3,6,6,1,93,0
0,6,41,1,93,0
4,-1,49,1,93,0
1,7,59,1,93,0
8,-3,64,1,93,0
6,-7,71,1,93,0
4,0,74,1,93,0
5,1,82,1,93,0
6,2,92,1,93,0
-9,-8,2,1,93,0
9,6,3,1,93,0
-1,5,8,1,93,0
5,-5,18,1,93,0
-3,7,23,1,93,0
-2,6,31,1,93,0
4,-2,43,1,93,0
0,7,48,1,93,0
1,8,53,1,93,0
8,-4,57,1,93,0
3,0,61,1,93,0
-1,-4,68,1,93,0
4,1,79,1,93,0
-2,-7,79,1,93,0
5,2,89,1,93,0
7,-1,91,1,93,0
0,8,6,1,94,0
-3,8,16,1,94,0
8,-5,29,1,94,0
-1,6,38,1,94,0
4,2,49,1,94,0
-4,-4,49,1,94,0
3,1,54,1,94,0
7,-2,69,1,94,0
1,-4,79,1,94,0
8,6,93,1,94,0
-5,-7,93,1,94,0
-8,-7,6,1,94,0
8,-6,27,1,94,0
4,3,43,1,94,0
2,1,49,1,94,0
7,-3,61,1,94,0
3,-1,64,1,94,0
6,5,94,1,94,0
7,6,89,1,94,0
-8,-8,9,1,94,0
4,-5,12,1,94,0
3,3,41,1,94,0
2,2,46,1,94,0
7,-4,52,1,94,0
6,6,85,1,94,0
-1,-7,73,1,94,0
8,-7,84,1,94,0
3,4,33,1,94,0
5,6,84,1,94,0
1,2,41,1,94,0
7,-5,48,1,94,0
-3,-4,55,1,94,0
1,-7,59,1,94,0
0,-4,74,1,94,0
-4,-7,92,1,94,0
-7,-7,19,1,94,0
6,-3,27,1,94,0
2,4,32,1,94,0
4,6,75,1,94,0
0,2,35,1,94,0
-6,-4,35,1,94,0
7,-6,43,1,94,0
5,7,88,1,94,0
3,-4,92,1,94,0
6,8,93,1,94,0
3,-5,6,1,94,0
-7,-8,12,1,94,0
-2,2,19,1,94,0
3,6,56,1,94,0
2,5,24,1,94,0
6,-4,27,1,94,0
-6,-5,34,1,94,0
8,1,74,1,94,0
4,7,79,1,94,0
7,0,88,1,94,0
5,8,92,1,94,0
7,-7,92,1,94,0
2,6,23,1,94,0
-2,3,18,1,94,0
1,5,22,1,94,0
6,-5,25,1,94,0
-6,-6,27,1,94,0
-1,2,28,1,94,0
5,-2,36,1,94,0
-2,-4,61,1,94,0
0,-7,67,1,94,0
3,7,76,1,94,0
7,-8,76,1,94,0
4,8,84,1,94,0
-3,-7,85,1,94,0
7,1,85,1,94,0
7,-9,4,1,94,0
-2,4,11,1,94,0
0,5,15,1,94,0
-6,-7,19,1,94,0
5,-3,34,1,94,0
-5,-4,43,1,94,0
6,1,63,1,94,0
2,7,65,1,94,0
8,-2,67,1,94,0
3,8,74,1,94,0
2,-4,86,1,94,0
7,2,92,1,94,0
-2,5,5,1,94,0
-3,6,6,1,94,0
0,6,41,1,94,0
4,-1,49,1,94,0
1,7,59,1,94,0
8,-3,64,1,94,0
6,-7,71,1,94,0
4,0,74,1,94,0
5,1,82,1,94,0
6,2,93,1,94,0
-9,-8,2,1,94,0
9,6,3,1,94,0
-1,5,8,1,94,0
5,-5,18,1,94,0
-3,7,23,1,94,0
-2,6,31,1,94,0
4,-2,43,1,94,0
0,7,48,1,94,0
1,8,53,1,94,0
8,-4,57,1,94,0
3,0,61,1,94,0
-1,-4,68,1,94,0
4,1,79,1,94,0
-2,-7,79,1,94,0
5,2,89,1,94,0
7,-1,92,1,94,0
0,8,6,1,95,0
-3,8,16,1,95,0
8,-5,29,1,95,0
-1,6,38,1,95,0
4,2,49,1,95,0
-4,-4,49,1,95,0
3,1,54,1,95,0
7,-2,69,1,95,0
1,-4,79,1,95,0
8,6,94,1,95,0
-5,-7,94,1,95,0
6,4,95,1,95,0
-8,-7,6,1,95,0
8,-6,27,1,95,0
4,3,43,1,95,0
2,1,49,1,95,0
7,-3,61,1,95,0
3,-1,64,1,95,0
6,5,94,1,95,0
7,6,89,1,95,0
-8,-8,9,1,95,0
4,-5,12,1,95,0
3,3,41,1,95,0
2,2,46,1,95,0
7,-4,52,1,95,0
6,6,85,1,95,0
-1,-7,73,1,95,0
8,-7,84,1,95,0
3,4,33,1,95,0
5,6,84,1,95,0
1,2,41,1,95,0
7,-5,48,1,95,0
-3,-4,55,1,95,0
1,-7,59,1,95,0
0,-4,74,1,95,0
-4,-7,92,1,95,0
-7,-7,19,1,95,0
6,-3,27,1,95,0
2,4,32,1,95,0
4,6,75,1,95,0
0,2,35,1,95,0
-6,-4,35,1,95,0
7,-6,43,1,95,0
5,7,88,1,95,0
3,-4,93,1,95,0
6,8,94,1,95,0
3,-5,6,1,95,0
-7,-8,12,1,95,0
-2,2,19,1,95,0
3,6,56,1,95,0
2,5,24,1,95,0
6,-4,27,1,95,0
-6,-5,34,1,95,0
8,1,74,1,95,0
4,7,79,1,95,0
7,0,88,1,95,0
5,8,92,1,95,0
7,-7,93,1,95,0
2,6,23,1,95,0
-2,3,18,1,95,0
1,5,22,1,95,0
6,-5,25,1,95,0
-6,-6,27,1,95,0
-1,2,28,1,95,0
5,-2,36,1,95,0
-2,-4,61,1,95,0
0,-7,67,1,95,0
3,7,76,1,95,0
7,-8,76,1,95,0
4,8,84,1,95,0
-3,-7,85,1,95,0
7,1,85,1,95,0
7,-9,4,1,95,0
-2,4,11,1,95,0
0,5,15,1,95,0
-6,-7,19,1,95,0
5,-3,34,1,95,0
-5,-4,43,1,95,0
6,1,63,1,95,0
2,7,65,1,95,0
8,-2,67,1,95,0
3,8,74,1,95,0
2,-4,86,1,95,0
7,2,93,1,95,0
-2,5,5,1,95,0
-3,6,6,1,95,0
0,6,41,1,95,0
4,-1,49,1,95,0
1,7,59,1,95,0
8,-3,64,1,95,0
6,-7,71,1,95,0
4,0,74,1,95,0
5,1,82,1,95,0
6,2,93,1,95,0
-9,-8,2,1,95,0
9,6,3,1,95,0
-1,5,8,1,95,0
5,-5,18,1,95,0
-3,7,23,1,95,0
-2,6,31,1,95,0
4,-2,43,1,95,0
0,7,48,1,95,0
1,8,53,1,95,0
8,-4,57,1,95,0
3,0,61,1,95,0
-1,-4,68,1,95,0
4,1,79,1,95,0
-2,-7,79,1,95,0
5,2,89,1,95,0
7,-1,93,1,95,0
6,3,94,1,95,0
0,8,6,1,96,0
-3,8,16,1,96,0
8,-5,29,1,96,0
-1,6,38,1,96,0
4,2,49,1,96,0
-4,-4,49,1,96,0
3,1,54,1,96,0
7,-2,69,1,96,0
1,-4,79,1,96,0
8,6,94,1,96,0
6,4,96,1,96,0
-5,-7,95,1,96,0
-8,-7,6,1,96,0
8,-6,27,1,96,0
4,3,43,1,96,0
2,1,49,1,96,0
7,-3,61,1,96,0
3,-1,64,1,96,0
6,5,94,1,96,0
4,-4,94,1,96,0
7,6,95,1,96,0
-8,-8,9,1,96,0
4,-5,12,1,96,0
3,3,41,1,96,0
2,2,46,1,96,0
7,-4,52,1,96,0
6,6,85,1,96,0
-1,-7,73,1,96,0
8,-7,84,1,96,0
3,4,33,1,96,0
5,6,84,1,96,0
1,2,41,1,96,0
7,-5,48,1,96,0
-3,-4,55,1,96,0
1,-7,59,1,96,0
0,-4,74,1,96,0
-4,-7,92,1,96,0
-7,-7,19,1,96,0
6,-3,27,1,96,0
2,4,32,1,96,0
4,6,75,1,96,0
0,2,35,1,96,0
-6,-4,35,1,96,0
7,-6,43,1,96,0
5,7,88,1,96,0
3,-4,93,1,96,0
6,8,95,1,96,0
3,-5,6,1,96,0
-7,-8,12,1,96,0
-2,2,19,1,96,0
3,6,56,1,96,0
2,5,24,1,96,0
6,-4,27,1,96,0
-6,-5,34,1,96,0
8,1,74,1,96,0
4,7,79,1,96,0
5,8,92,1,96,0
7,-7,93,1,96,0
7,0,94,1,96,0
2,6,23,1,96,0
-2,3,18,1,96,0
1,5,22,1,96,0
6,-5,25,1,96,0
-6,-6,27,1,96,0
-1,2,28,1,96,0
5,-2,36,1,96,0
-2,-4,61,1,96,0
0,-7,67,1,96,0
3,7,76,1,96,0
7,-8,76,1,96,0
4,8,84,1,96,0
-3,-7,85,1,96,0
7,1,85,1,96,0
7,-9,4,1,96,0
-2,4,11,1,96,0
0,5,15,1,96,0
-6,-7,19,1,96,0
5,-3,34,1,96,0
-5,-4,43,1,96,0
6,1,63,1,96,0
2,7,65,1,96,0
8,-2,67,1,96,0
3,8,74,1,96,0
2,-4,86,1,96,0
6,-6,94,1,96,0
7,2,94,1,96,0
-2,5,5,1,96,0
-3,6,6,1,96,0
0,6,41,1,96,0
4,-1,49,1,96,0
1,7,59,1,96,0
8,-3,64,1,96,0
6,-7,71,1,96,0
4,0,74,1,96,0
5,1,82,1,96,0
6,2,93,1,96,0
-9,-8,2,1,96,0
9,6,3,1,96,0
-1,5,8,1,96,0
5,-5,18,1,96,0
-3,7,23,1,96,0
-2,6,31,1,96,0
4,-2,43,1,96,0
0,7,48,1,96,0
1,8,53,1,96,0
8,-4,57,1,96,0
3,0,61,1,96,0
-1,-4,68,1,96,0
4,1,79,1,96,0
-2,-7,79,1,96,0
5,2,89,1,96,0
7,-1,93,1,96,0
6,3,95,1,96,0
0,8,6,1,97,0
-3,8,16,1,97,0
8,-5,29,1,97,0
-1,6,38,1,97,0
4,2,49,1,97,0
-4,-4,49,1,97,0
3,1,54,1,97,0
7,-2,69,1,97,0
1,-4,79,1,97,0
8,6,94,1,97,0
6,4,97,1,97,0
-5,-7,96,1,97,0
-8,-7,6,1,97,0
8,-6,27,1,97,0
4,3,43,1,97,0
2,1,49,1,97,0
7,-3,61,1,97,0
3,-1,64,1,97,0
6,5,94,1,97,0
4,-4,95,1,97,0
7,6,96,1,97,0
-8,-8,9,1,97,0
4,-5,12,1,97,0
3,3,41,1,97,0
2,2,46,1,97,0
7,-4,52,1,97,0
6,6,85,1,97,0
-1,-7,73,1,97,0
8,-7,84,1,97,0
3,4,33,1,97,0
5,6,84,1,97,0
1,2,41,1,97,0
7,-5,48,1,97,0
-3,-4,55,1,97,0
1,-7,59,1,97,0
0,-4,74,1,97,0
-4,-7,92,1,97,0
6,7,96,1,97,0
-7,-7,19,1,97,0
6,-3,27,1,97,0
2,4,32,1,97,0
4,6,75,1,97,0
0,2,35,1,97,0
-6,-4,35,1,97,0
7,-6,43,1,97,0
5,7,88,1,97,0
3,-4,93,1,97,0
6,8,95,1,97,0
3,-5,6,1,97,0
-7,-8,12,1,97,0
-2,2,19,1,97,0
3,6,56,1,97,0
2,5,24,1,97,0
6,-4,27,1,97,0
-6,-5,34,1,97,0
8,1,74,1,97,0
4,7,79,1,97,0
5,8,92,1,97,0
7,-7,93,1,97,0
7,0,95,1,97,0
2,6,23,1,97,0
-2,3,18,1,97,0
1,5,22,1,97,0
6,-5,25,1,97,0
-6,-6,27,1,97,0
-1,2,28,1,97,0
5,-2,36,1,97,0
-2,-4,61,1,97,0
0,-7,67,1,97,0
3,7,76,1,97,0
7,-8,76,1,97,0
4,8,84,1,97,0
-3,-7,85,1,97,0
7,1,85,1,97,0
7,-9,4,1,97,0
-2,4,11,1,97,0
0,5,15,1,97,0
-6,-7,19,1,97,0
5,-3,34,1,97,0
-5,-4,43,1,97,0
6,1,63,1,97,0
2,7,65,1,97,0
8,-2,67,1,97,0
3,8,74,1,97,0
2,-4,86,1,97,0
6,-6,95,1,97,0
7,2,96,1,97,0
-2,5,5,1,97,0
-3,6,6,1,97,0
0,6,41,1,97,0
4,-1,49,1,97,0
1,7,59,1,97,0
8,-3,64,1,97,0
6,-7,71,1,97,0
4,0,74,1,97,0
5,1,82,1,97,0
6,2,93,1,97,0
-9,-8,2,1,97,0
9,6,3,1,97,0
-1,5,8,1,97,0
5,-5,18,1,97,0
-3,7,23,1,97,0
-2,6,31,1,97,0
4,-2,43,1,97,0
0,7,48,1,97,0
1,8,53,1,97,0
8,-4,57,1,97,0
3,0,61,1,97,0
-1,-4,68,1,97,0
4,1,79,1,97,0
-2,-7,79,1,97,0
5,2,89,1,97,0
7,-1,93,1,97,0
6,3,96,1,97,0
0,8,6,1,98,0
-3,8,16,1,98,0
8,-5,29,1,98,0
-1,6,38,1,98,0
4,2,49,1,98,0
-4,-4,49,1,98,0
3,1,54,1,98,0
7,-2,69,1,98,0
1,-4,79,1,98,0
8,6,94,1,98,0
6,4,97,1,98,0
-5,-7,97,1,98,0
-8,-7,6,1,98,0
8,-6,27,1,98,0
4,3,43,1,98,0
2,1,49,1,98,0
7,-3,61,1,98,0
3,-1,64,1,98,0
6,5,94,1,98,0
4,-4,96,1,98,0
7,6,97,1,98,0
-8,-8,9,1,98,0
4,-5,12,1,98,0
3,3,41,1,98,0
2,2,46,1,98,0
7,-4,52,1,98,0
6,6,85,1,98,0
-1,-7,73,1,98,0
8,-7,84,1,98,0
3,4,33,1,98,0
5,6,84,1,98,0
1,2,41,1,98,0
7,-5,48,1,98,0
-3,-4,55,1,98,0
1,-7,59,1,98,0
0,-4,74,1,98,0
-4,-7,92,1,98,0
6,7,97,1,98,0
-7,-7,19,1,98,0
6,-3,27,1,98,0
2,4,32,1,98,0
4,6,75,1,98,0
0,2,35,1,98,0
-6,-4,35,1,98,0
7,-6,43,1,98,0
5,7,88,1,98,0
3,-4,93,1,98,0
6,8,95,1,98,0
3,-5,6,1,98,0
-7,-8,12,1,98,0
-2,2,19,1,98,0
3,6,56,1,98,0
2,5,24,1,98,0
6,-4,27,1,98,0
-6,-5,34,1,98,0
8,1,74,1,98,0
4,7,79,1,98,0
5,8,92,1,98,0
7,-7,93,1,98,0
7,0,96,1,98,0
2,6,23,1,98,0
-2,3,18,1,98,0
1,5,22,1,98,0
6,-5,25,1,98,0
-6,-6,27,1,98,0
-1,2,28,1,98,0
5,-2,36,1,98,0
-2,-4,61,1,98,0
0,-7,67,1,98,0
3,7,76,1,98,0
7,-8,76,1,98,0
4,8,84,1,98,0
-3,-7,85,1,98,0
7,1,85,1,98,0
7,-9,4,1,98,0
-2,4,11,1,98,0
0,5,15,1,98,0
-6,-7,19,1,98,0
5,-3,34,1,98,0
-5,-4,43,1,98,0
6,1,63,1,98,0
2,7,65,1,98,0
8,-2,67,1,98,0
3,8,74,1,98,0
2,-4,86,1,98,0
6,-6,96,1,98,0
7,2,97,1,98,0
-2,5,5,1,98,0
-3,6,6,1,98,0
0,6,41,1,98,0
4,-1,49,1,98,0
1,7,59,1,98,0
8,-3,64,1,98,0
6,-7,71,1,98,0
4,0,74,1,98,0
5,1,82,1,98,0
6,2,93,1,98,0
-9,-8,2,1,98,0
9,6,3,1,98,0
-1,5,8,1,98,0
5,-5,18,1,98,0
-3,7,23,1,98,0
-2,6,31,1,98,0
4,-2,43,1,98,0
0,7,48,1,98,0
1,8,53,1,98,0
8,-4,57,1,98,0
3,0,61,1,98,0
-1,-4,68,1,98,0
4,1,79,1,98,0
-2,-7,79,1,98,0
5,2,89,1,98,0
7,-1,93,1,98,0
6,3,97,1,98,0
7,4,98,1,98,0
0,8,6,1,99,0
-3,8,16,1,99,0
8,-5,29,1,99,0
-1,6,38,1,99,0
4,2,49,1,99,0
-4,-4,49,1,99,0
3,1,54,1,99,0
7,-2,69,1,99,0
1,-4,79,1,99,0
8,6,94,1,99,0
6,4,97,1,99,0
-5,-7,98,1,99,0
-8,-7,6,1,99,0
8,-6,27,1,99,0
4,3,43,1,99,0
2,1,49,1,99,0
7,-3,61,1,99,0
3,-1,64,1,99,0
6,5,94,1,99,0
4,-4,97,1,99,0
7,6,98,1,99,0
-8,-8,9,1,99,0
4,-5,12,1,99,0
3,3,41,1,99,0
2,2,46,1,99,0
7,-4,52,1,99,0
6,6,85,1,99,0
-1,-7,73,1,99,0
8,-7,84,1,99,0
3,4,33,1,99,0
5,6,84,1,99,0
1,2,41,1,99,0
7,-5,48,1,99,0
-3,-4,55,1,99,0
1,-7,59,1,99,0
0,-4,74,1,99,0
-4,-7,92,1,99,0
6,7,98,1,99,0
-7,-7,19,1,99,0
6,-3,27,1,99,0
2,4,32,1,99,0
4,6,75,1,99,0
0,2,35,1,99,0
-6,-4,35,1,99,0
7,-6,43,1,99,0
5,7,88,1,99,0
3,-4,93,1,99,0
6,8,95,1,99,0
3,-5,6,1,99,0
-7,-8,12,1,99,0
-2,2,19,1,99,0
3,6,56,1,99,0
2,5,24,1,99,0
6,-4,27,1,99,0
-6,-5,34,1,99,0
8,1,74,1,99,0
4,7,79,1,99,0
5,8,92,1,99,0
7,-7,93,1,99,0
7,0,97,1,99,0
2,6,23,1,99,0
-2,3,18,1,99,0
1,5,22,1,99,0
6,-5,25,1,99,0
-6,-6,27,1,99,0
-1,2,28,1,99,0
5,-2,36,1,99,0
-2,-4,61,1,99,0
0,-7,67,1,99,0
3,7,76,1,99,0
7,-8,76,1,99,0
4,8,84,1,99,0
-3,-7,85,1,99,0
7,1,85,1,99,0
7,-9,4,1,99,0
-2,4,11,1,99,0
0,5,15,1,99,0
-6,-7,19,1,99,0
5,-3,34,1,99,0
-5,-4,43,1,99,0
6,1,63,1,99,0
2,7,65,1,99,0
8,-2,67,1,99,0
3,8,74,1,99,0
2,-4,86,1,99,0
6,-6,97,1,99,0
7,2,98,1,99,0
-2,5,5,1,99,0
-3,6,6,1,99,0
0,6,41,1,99,0
4,-1,49,1,99,0
1,7,59,1,99,0
8,-3,64,1,99,0
6,-7,71,1,99,0
4,0,74,1,99,0
5,1,82,1,99,0
6,2,93,1,99,0
-9,-8,2,1,99,0
9,6,3,1,99,0
-1,5,8,1,99,0
5,-5,18,1,99,0
-3,7,23,1,99,0
-2,6,31,1,99,0
4,-2,43,1,99,0
0,7,48,1,99,0
1,8,53,1,99,0
8,-4,57,1,99,0
3,0,61,1,99,0
-1,-4,68,1,99,0
4,1,79,1,99,0
-2,-7,79,1,99,0
5,2,89,1,99,0
7,-1,93,1,99,0
7,4,99,1,99,0
6,3,98,1,99,0
0,8,6,1,100,0
-3,8,16,1,100,0
8,-5,29,1,100,0
-1,6,38,1,100,0
4,2,49,1,100,0
-4,-4,49,1,100,0
3,1,54,1,100,0
7,-2,69,1,100,0
1,-4,79,1,100,0
6,4,97,1,100,0
8,6,99,1,100,0
-5,-7,99,1,100,0
-8,-7,6,1,100,0
8,-6,27,1,100,0
4,3,43,1,100,0
2,1,49,1,100,0
7,-3,61,1,100,0
3,-1,64,1,100,0
6,5,94,1,100,0
7,6,98,1,100,0
4,-4,98,1,100,0
-8,-8,9,1,100,0
4,-5,12,1,100,0
3,3,41,1,100,0
2,2,46,1,100,0
7,-4,52,1,100,0
6,6,85,1,100,0
-1,-7,73,1,100,0
8,-7,84,1,100,0
3,4,33,1,100,0
5,6,84,1,100,0
1,2,41,1,100,0
7,-5,48,1,100,0
-3,-4,55,1,100,0
1,-7,59,1,100,0
0,-4,74,1,100,0
-4,-7,92,1,100,0
6,7,99,1,100,0
-7,-7,19,1,100,0
6,-3,27,1,100,0
2,4,32,1,100,0
4,6,75,1,100,0
0,2,35,1,100,0
-6,-4,35,1,100,0
7,-6,43,1,100,0
5,7,88,1,100,0
3,-4,93,1,100,0
6,8,95,1,100,0
3,-5,6,1,100,0
-7,-8,12,1,100,0
-2,2,19,1,100,0
3,6,56,1,100,0
2,5,24,1,100,0
6,-4,27,1,100,0
-6,-5,34,1,100,0
8,1,74,1,100,0
4,7,79,1,100,0
5,8,92,1,100,0
7,-7,93,1,100,0
7,0,97,1,100,0
2,6,23,1,100,0
-2,3,18,1,100,0
1,5,22,1,100,0
6,-5,25,1,100,0
-6,-6,27,1,100,0
-1,2,28,1,100,0
5,-2,36,1,100,0
-2,-4,61,1,100,0
0,-7,67,1,100,0
3,7,76,1,100,0
7,-8,76,1,100,0
4,8,84,1,100,0
-3,-7,85,1,100,0
7,1,85,1,100,0
8,2,99,1,100,0
7,-9,4,1,100,0
-2,4,11,1,100,0
0,5,15,1,100,0
-6,-7,19,1,100,0
5,-3,34,1,100,0
-5,-4,43,1,100,0
6,1,63,1,100,0
2,7,65,1,100,0
8,-2,67,1,100,0
3,8,74,1,100,0
2,-4,86,1,100,0
7,2,98,1,100,0
6,-6,98,1,100,0
-2,5,5,1,100,0
-3,6,6,1,100,0
0,6,41,1,100,0
4,-1,49,1,100,0
1,7,59,1,100,0
8,-3,64,1,100,0
6,-7,71,1,100,0
4,0,74,1,100,0
5,1,82,1,100,0
6,2,93,1,100,0
-9,-8,2,1,100,0
9,6,3,1,100,0
-1,5,8,1,100,0
5,-5,18,1,100,0
-3,7,23,1,100,0
-2,6,31,1,100,0
4,-2,43,1,100,0
0,7,48,1,100,0
1,8,53,1,100,0
8,-4,57,1,100,0
3,0,61,1,100,0
-1,-4,68,1,100,0
4,1,79,1,100,0
-2,-7,79,1,100,0
5,2,89,1,100,0
7,4,99,1,100,0
7,-1,98,1,100,0
6,3,99,1,100,0
0,8,6,1,101,0
-3,8,16,1,101,0
8,-5,29,1,101,0
-1,6,38,1,101,0
4,2,49,1,101,0
-4,-4,49,1,101,0
3,1,54,1,101,0
7,-2,69,1,101,0
1,-4,79,1,101,0
6,4,97,1,101,0
8,6,99,1,101,0
-5,-7,99,1,101,0
7,5,101,1,101,0
-8,-7,6,1,101,0
8,-6,27,1,101,0
4,3,43,1,101,0
2,1,49,1,101,0
7,-3,61,1,101,0
3,-1,64,1,101,0
6,5,94,1,101,0
7,6,98,1,101,0
4,-4,99,1,101,0
-8,-8,9,1,101,0
4,-5,12,1,101,0
3,3,41,1,101,0
2,2,46,1,101,0
7,-4,52,1,101,0
6,6,85,1,101,0
-1,-7,73,1,101,0
8,-7,84,1,101,0
3,4,33,1,101,0
5,6,84,1,101,0
1,2,41,1,101,0
7,-5,48,1,101,0
-3,-4,55,1,101,0
1,-7,59,1,101,0
0,-4,74,1,101,0
-4,-7,92,1,101,0
6,7,99,1,101,0
-7,-7,19,1,101,0
6,-3,27,1,101,0
2,4,32,1,101,0
4,6,75,1,101,0
0,2,35,1,101,0
-6,-4,35,1,101,0
7,-6,43,1,101,0
5,7,88,1,101,0
3,-4,93,1,101,0
6,8,95,1,101,0
3,-5,6,1,101,0
-7,-8,12,1,101,0
-2,2,19,1,101,0
3,6,56,1,101,0
2,5,24,1,101,0
6,-4,27,1,101,0
-6,-5,34,1,101,0
8,1,74,1,101,0
4,7,79,1,101,0
5,8,92,1,101,0
7,-7,93,1,101,0
7,0,97,1,101,0
2,6,23,1,101,0
-2,3,18,1,101,0
1,5,22,1,101,0
6,-5,25,1,101,0
-6,-6,27,1,101,0
-1,2,28,1,101,0
5,-2,36,1,101,0
-2,-4,61,1,101,0
0,-7,67,1,101,0
3,7,76,1,101,0
7,-8,76,1,101,0
4,8,84,1,101,0
-3,-7,85,1,101,0
7,1,85,1,101,0
8,2,99,1,101,0
7,-9,4,1,101,0
-2,4,11,1,101,0
0,5,15,1,101,0
-6,-7,19,1,101,0
5,-3,34,1,101,0
-5,-4,43,1,101,0
6,1,63,1,101,0
2,7,65,1,101,0
8,-2,67,1,101,0
3,8,74,1,101,0
2,-4,86,1,101,0
7,2,98,1,101,0
6,-6,99,1,101,0
-2,5,5,1,101,0
-3,6,6,1,101,0
0,6,41,1,101,0
4,-1,49,1,101,0
1,7,59,1,101,0
8,-3,64,1,101,0
6,-7,71,1,101,0
4,0,74,1,101,0
5,1,82,1,101,0
6,2,93,1,101,0
-9,-8,2,1,101,0
9,6,3,1,101,0
-1,5,8,1,101,0
5,-5,18,1,101,0
-3,7,23,1,101,0
-2,6,31,1,101,0
4,-2,43,1,101,0
0,7,48,1,101,0
1,8,53,1,101,0
8,-4,57,1,101,0
3,0,61,1,101,0
-1,-4,68,1,101,0
4,1,79,1,101,0
-2,-7,79,1,101,0
5,2,89,1,101,0
7,4,99,1,101,0
6,3,99,1,101,0
7,-1,99,1,101,0
0,8,6,1,102,0
-3,8,16,1,102,0
8,-5,29,1,102,0
-1,6,38,1,102,0
4,2,49,1,102,0
-4,-4,49,1,102,0
3,1,54,1,102,0
7,-2,69,1,102,0
1,-4,79,1,102,0
6,4,97,1,102,0
7,5,101,1,102,0
8,6,101,1,102,0
-5,-7,101,1,102,0
-8,-7,6,1,102,0
8,-6,27,1,102,0
4,3,43,1,102,0
2,1,49,1,102,0
7,-3,61,1,102,0
3,-1,64,1,102,0
6,5,102,1,102,0
7,6,98,1,102,0
4,-4,99,1,102,0
-8,-8,9,1,102,0
4,-5,12,1,102,0
3,3,41,1,102,0
2,2,46,1,102,0
7,-4,52,1,102,0
6,6,85,1,102,0
-1,-7,73,1,102,0
8,-7,84,1,102,0
3,4,33,1,102,0
5,6,84,1,102,0
1,2,41,1,102,0
7,-5,48,1,102,0
-3,-4,55,1,102,0
1,-7,59,1,102,0
0,-4,74,1,102,0
-4,-7,92,1,102,0
6,7,101,1,102,0
-7,-7,19,1,102,0
6,-3,27,1,102,0
2,4,32,1,102,0
4,6,75,1,102,0
0,2,35,1,102,0
-6,-4,35,1,102,0
7,-6,43,1,102,0
5,7,88,1,102,0
3,-4,93,1,102,0
6,8,95,1,102,0
3,-5,6,1,102,0
-7,-8,12,1,102,0
-2,2,19,1,102,0
3,6,56,1,102,0
2,5,24,1,102,0
6,-4,27,1,102,0
-6,-5,34,1,102,0
8,1,74,1,102,0
4,7,79,1,102,0
5,8,92,1,102,0
7,-7,93,1,102,0
7,0,97,1,102,0
2,6,23,1,102,0
-2,3,18,1,102,0
1,5,22,1,102,0
6,-5,25,1,102,0
-6,-6,27,1,102,0
-1,2,28,1,102,0
5,-2,36,1,102,0
-2,-4,61,1,102,0
0,-7,67,1,102,0
3,7,76,1,102,0
7,-8,76,1,102,0
4,8,84,1,102,0
-3,-7,85,1,102,0
7,1,85,1,102,0
8,2,101,1,102,0
7,-9,4,1,102,0
-2,4,11,1,102,0
0,5,15,1,102,0
-6,-7,19,1,102,0
5,-3,34,1,102,0
-5,-4,43,1,102,0
6,1,63,1,102,0
2,7,65,1,102,0
8,-2,67,1,102,0
3,8,74,1,102,0
2,-4,86,1,102,0
7,2,98,1,102,0
6,-6,99,1,102,0
-2,5,5,1,102,0
-3,6,6,1,102,0
0,6,41,1,102,0
4,-1,49,1,102,0
1,7,59,1,102,0
8,-3,64,1,102,0
6,-7,71,1,102,0
4,0,74,1,102,0
5,1,82,1,102,0
6,2,93,1,102,0
-9,-8,2,1,102,0
9,6,3,1,102,0
-1,5,8,1,102,0
5,-5,18,1,102,0
-3,7,23,1,102,0
-2,6,31,1,102,0
4,-2,43,1,102,0
0,7,48,1,102,0
1,8,53,1,102,0
8,-4,57,1,102,0
3,0,61,1,102,0
-1,-4,68,1,102,0
4,1,79,1,102,0
-2,-7,79,1,102,0
5,2,89,1,102,0
7,4,99,1,102,0
7,-1,99,1,102,0
6,3,101,1,102,0
0,8,6,1,103,0
-3,8,16,1,103,0
8,-5,29,1,103,0
-1,6,38,1,103,0
4,2,49,1,103,0
-4,-4,49,1,103,0
3,1,54,1,103,0
7,-2,69,1,103,0
1,-4,79,1,103,0
6,4,103,1,103,0
7,5,101,1,103,0
4,-3,101,1,103,0
8,6,102,1,103,0
-5,-7,102,1,103,0
-8,-7,6,1,103,0
8,-6,27,1,103,0
4,3,43,1,103,0
2,1,49,1,103,0
7,-3,61,1,103,0
3,-1,64,1,103,0
6,5,102,1,103,0
7,6,98,1,103,0
4,-4,99,1,103,0
-8,-8,9,1,103,0
4,-5,12,1,103,0
3,3,41,1,103,0
2,2,46,1,103,0
7,-4,52,1,103,0
6,6,85,1,103,0
-1,-7,73,1,103,0
8,-7,84,1,103,0
3,4,33,1,103,0
5,6,84,1,103,0
1,2,41,1,103,0
7,-5,48,1,103,0
-3,-4,55,1,103,0
1,-7,59,1,103,0
0,-4,74,1,103,0
-4,-7,92,1,103,0
6,7,102,1,103,0
-7,-7,19,1,103,0
6,-3,27,1,103,0
2,4,32,1,103,0
4,6,75,1,103,0
0,2,35,1,103,0
-6,-4,35,1,103,0
7,-6,43,1,103,0
5,7,88,1,103,0
3,-4,93,1,103,0
6,8,95,1,103,0
3,-5,6,1,103,0
-7,-8,12,1,103,0
-2,2,19,1,103,0
3,6,56,1,103,0
2,5,24,1,103,0
6,-4,27,1,103,0
-6,-5,34,1,103,0
8,1,74,1,103,0
4,7,79,1,103,0
5,8,92,1,103,0
7,-7,93,1,103,0
7,0,97,1,103,0
2,6,23,1,103,0
-2,3,18,1,103,0
1,5,22,1,103,0
6,-5,25,1,103,0
-6,-6,27,1,103,0
-1,2,28,1,103,0
5,-2,36,1,103,0
-2,-4,61,1,103,0
0,-7,67,1,103,0
3,7,76,1,103,0
7,-8,76,1,103,0
4,8,84,1,103,0
-3,-7,85,1,103,0
7,1,85,1,103,0
8,2,102,1,103,0
7,-9,4,1,103,0
-2,4,11,1,103,0
0,5,15,1,103,0
-6,-7,19,1,103,0
5,-3,34,1,103,0
-5,-4,43,1,103,0
6,1,63,1,103,0
2,7,65,1,103,0
8,-2,67,1,103,0
3,8,74,1,103,0
2,-4,86,1,103,0
7,2,98,1,103,0
6,-6,102,1,103,0
-2,5,5,1,103,0
-3,6,6,1,103,0
0,6,41,1,103,0
4,-1,49,1,103,0
1,7,59,1,103,0
8,-3,64,1,103,0
6,-7,71,1,103,0
4,0,74,1,103,0
5,1,82,1,103,0
6,2,93,1,103,0
-9,-8,2,1,103,0
9,6,3,1,103,0
-1,5,8,1,103,0
5,-5,18,1,103,0
-3,7,23,1,103,0
-2,6,31,1,103,0
4,-2,43,1,103,0
0,7,48,1,103,0
1,8,53,1,103,0
8,-4,57,1,103,0
3,0,61,1,103,0
-1,-4,68,1,103,0
4,1,79,1,103,0
-2,-7,79,1,103,0
5,2,89,1,103,0
7,4,99,1,103,0
7,-1,101,1,103,0
6,3,102,1,103,0
0,8,6,1,104,0
-3,8,16,1,104,0
8,-5,29,1,104,0
-1,6,38,1,104,0
4,2,49,1,104,0
-4,-4,49,1,104,0
3,1,54,1,104,0
7,-2,69,1,104,0
1,-4,79,1,104,0
6,4,104,1,104,0
7,5,101,1,104,0
8,6,102,1,104,0
4,-3,102,1,104,0
-5,-7,103,1,104,0
-8,-7,6,1,104,0
8,-6,27,1,104,0
4,3,43,1,104,0
2,1,49,1,104,0
7,-3,61,1,104,0
3,-1,64,1,104,0
6,5,102,1,104,0
4,-4,99,1,104,0
7,6,103,1,104,0
-8,-8,9,1,104,0
4,-5,12,1,104,0
3,3,41,1,104,0
2,2,46,1,104,0
7,-4,52,1,104,0
6,6,85,1,104,0
-1,-7,73,1,104,0
8,-7,84,1,104,0
3,4,33,1,104,0
5,6,84,1,104,0
1,2,41,1,104,0
7,-5,48,1,104,0
-3,-4,55,1,104,0
1,-7,59,1,104,0
0,-4,74,1,104,0
-4,-7,92,1,104,0
6,7,103,1,104,0
-7,-7,19,1,104,0
6,-3,27,1,104,0
2,4,32,1,104,0
4,6,75,1,104,0
0,2,35,1,104,0
-6,-4,35,1,104,0
7,-6,43,1,104,0
5,7,88,1,104,0
3,-4,93,1,104,0
6,8,95,1,104,0
3,-5,6,1,104,0
-7,-8,12,1,104,0
-2,2,19,1,104,0
3,6,56,1,104,0
2,5,24,1,104,0
6,-4,27,1,104,0
-6,-5,34,1,104,0
8,1,74,1,104,0
4,7,79,1,104,0
5,8,92,1,104,0
7,-7,93,1,104,0
7,0,97,1,104,0
2,6,23,1,104,0
-2,3,18,1,104,0
1,5,22,1,104,0
6,-5,25,1,104,0
-6,-6,27,1,104,0
-1,2,28,1,104,0
5,-2,36,1,104,0
-2,-4,61,1,104,0
0,-7,67,1,104,0
3,7,76,1,104,0
7,-8,76,1,104,0
4,8,84,1,104,0
-3,-7,85,1,104,0
7,1,85,1,104,0
8,2,102,1,104,0
7,-9,4,1,104,0
-2,4,11,1,104,0
0,5,15,1,104,0
-6,-7,19,1,104,0
5,-3,34,1,104,0
-5,-4,43,1,104,0
6,1,63,1,104,0
2,7,65,1,104,0
8,-2,67,1,104,0
3,8,74,1,104,0
2,-4,86,1,104,0
7,2,98,1,104,0
6,-6,102,1,104,0
-2,5,5,1,104,0
-3,6,6,1,104,0
0,6,41,1,104,0
4,-1,49,1,104,0
1,7,59,1,104,0
8,-3,64,1,104,0
6,-7,71,1,104,0
4,0,74,1,104,0
5,1,82,1,104,0
6,2,93,1,104,0
-9,-8,2,1,104,0
9,6,3,1,104,0
-1,5,8,1,104,0
-3,7,23,1,104,0
-2,6,31,1,104,0
4,-2,43,1,104,0
0,7,48,1,104,0
1,8,53,1,104,0
8,-4,57,1,104,0
3,0,61,1,104,0
-1,-4,68,1,104,0
4,1,79,1,104,0
-2,-7,79,1,104,0
5,2,89,1,104,0
7,4,99,1,104,0
7,-1,102,1,104,0
6,3,103,1,104,0
5,-5,103,1,104,0
0,8,6,1,105,0
-3,8,16,1,105,0
8,-5,29,1,105,0
-1,6,38,1,105,0
4,2,49,1,105,0
-4,-4,49,1,105,0
3,1,54,1,105,0
7,-2,69,1,105,0
1,-4,79,1,105,0
6,4,105,1,105,0
7,5,101,1,105,0
8,6,102,1,105,0
4,-3,103,1,105,0
-5,-7,104,1,105,0
-8,-7,6,1,105,0
8,-6,27,1,105,0
4,3,43,1,105,0
2,1,49,1,105,0
7,-3,61,1,105,0
3,-1,64,1,105,0
6,5,102,1,105,0
4,-4,99,1,105,0
7,6,104,1,105,0
-8,-8,9,1,105,0
4,-5,12,1,105,0
3,3,41,1,105,0
2,2,46,1,105,0
7,-4,52,1,105,0
6,6,85,1,105,0
-1,-7,73,1,105,0
8,-7,84,1,105,0
3,4,33,1,105,0
5,6,84,1,105,0
1,2,41,1,105,0
7,-5,48,1,105,0
-3,-4,55,1,105,0
1,-7,59,1,105,0
0,-4,74,1,105,0
-4,-7,92,1,105,0
6,7,104,1,105,0
-7,-7,19,1,105,0
6,-3,27,1,105,0
2,4,32,1,105,0
4,6,75,1,105,0
0,2,35,1,105,0
-6,-4,35,1,105,0
7,-6,43,1,105,0
5,7,88,1,105,0
3,-4,93,1,105,0
6,8,95,1,105,0
3,-5,6,1,105,0
-7,-8,12,1,105,0
-2,2,19,1,105,0
3,6,56,1,105,0
2,5,24,1,105,0
6,-4,27,1,105,0
-6,-5,34,1,105,0
8,1,74,1,105,0
4,7,79,1,105,0
5,8,92,1,105,0
7,-7,93,1,105,0
7,0,97,1,105,0
2,6,23,1,105,0
-2,3,18,1,105,0
1,5,22,1,105,0
6,-5,25,1,105,0
-6,-6,27,1,105,0
-1,2,28,1,105,0
5,-2,36,1,105,0
-2,-4,61,1,105,0
0,-7,67,1,105,0
3,7,76,1,105,0
7,-8,76,1,105,0
4,8,84,1,105,0
-3,-7,85,1,105,0
7,1,85,1,105,0
8,2,102,1,105,0
7,-9,4,1,105,0
-2,4,11,1,105,0
0,5,15,1,105,0
-6,-7,19,1,105,0
5,-3,34,1,105,0
-5,-4,43,1,105,0
6,1,63,1,105,0
2,7,65,1,105,0
8,-2,67,1,105,0
3,8,74,1,105,0
2,-4,86,1,105,0
6,-6,102,1,105,0
7,2,103,1,105,0
-2,5,5,1,105,0
-3,6,6,1,105,0
0,6,41,1,105,0
4,-1,49,1,105,0
1,7,59,1,105,0
8,-3,64,1,105,0
6,-7,71,1,105,0
4,0,74,1,105,0
5,1,82,1,105,0
6,2,93,1,105,0
-9,-8,2,1,105,0
9,6,3,1,105,0
-1,5,8,1,105,0
-3,7,23,1,105,0
-2,6,31,1,105,0
4,-2,43,1,105,0
0,7,48,1,105,0
1,8,53,1,105,0
8,-4,57,1,105,0
3,0,61,1,105,0
-1,-4,68,1,105,0
4,1,79,1,105,0
-2,-7,79,1,105,0
5,2,89,1,105,0
7,4,99,1,105,0
5,-5,103,1,105,0
6,3,104,1,105,0
7,-1,103,1,105,0
0,8,6,1,106,0
-3,8,16,1,106,0
8,-5,29,1,106,0
-1,6,38,1,106,0
4,2,49,1,106,0
-4,-4,49,1,106,0
3,1,54,1,106,0
7,-2,69,1,106,0
1,-4,79,1,106,0
6,4,106,1,106,0
7,5,101,1,106,0
8,6,102,1,106,0
4,-3,104,1,106,0
-5,-7,105,1,106,0
-8,-7,6,1,106,0
8,-6,27,1,106,0
4,3,43,1,106,0
2,1,49,1,106,0
7,-3,61,1,106,0
3,-1,64,1,106,0
6,5,102,1,106,0
4,-4,99,1,106,0
7,6,105,1,106,0
-8,-8,9,1,106,0
4,-5,12,1,106,0
3,3,41,1,106,0
2,2,46,1,106,0
7,-4,52,1,106,0
6,6,85,1,106,0
-1,-7,73,1,106,0
8,-7,84,1,106,0
3,4,33,1,106,0
5,6,84,1,106,0
1,2,41,1,106,0
7,-5,48,1,106,0
-3,-4,55,1,106,0
1,-7,59,1,106,0
0,-4,74,1,106,0
-4,-7,92,1,106,0
6,7,105,1,106,0
-7,-7,19,1,106,0
6,-3,27,1,106,0
2,4,32,1,106,0
4,6,75,1,106,0
0,2,35,1,106,0
-6,-4,35,1,106,0
7,-6,43,1,106,0
5,7,88,1,106,0
3,-4,93,1,106,0
6,8,95,1,106,0
3,-5,6,1,106,0
-7,-8,12,1,106,0
-2,2,19,1,106,0
3,6,56,1,106,0
2,5,24,1,106,0
6,-4,27,1,106,0
-6,-5,34,1,106,0
8,1,74,1,106,0
4,7,79,1,106,0
5,8,92,1,106,0
7,-7,93,1,106,0
7,0,97,1,106,0
2,6,23,1,106,0
-2,3,18,1,106,0
1,5,22,1,106,0
6,-5,25,1,106,0
-6,-6,27,1,106,0
-1,2,28,1,106,0
5,-2,36,1,106,0
-2,-4,61,1,106,0
0,-7,67,1,106,0
3,7,76,1,106,0
7,-8,76,1,106,0
4,8,84,1,106,0
-3,-7,85,1,106,0
7,1,85,1,106,0
8,2,102,1,106,0
7,-9,4,1,106,0
-2,4,11,1,106,0
0,5,15,1,106,0
-6,-7,19,1,106,0
5,-3,34,1,106,0
-5,-4,43,1,106,0
6,1,63,1,106,0
2,7,65,1,106,0
8,-2,67,1,106,0
3,8,74,1,106,0
2,-4,86,1,106,0
6,-6,102,1,106,0
7,2,104,1,106,0
-2,5,5,1,106,0
-3,6,6,1,106,0
0,6,41,1,106,0
4,-1,49,1,106,0
1,7,59,1,106,0
8,-3,64,1,106,0
6,-7,71,1,106,0
4,0,74,1,106,0
5,1,82,1,106,0
6,2,93,1,106,0
-9,-8,2,1,106,0
9,6,3,1,106,0
-1,5,8,1,106,0
-3,7,23,1,106,0
-2,6,31,1,106,0
4,-2,43,1,106,0
0,7,48,1,106,0
1,8,53,1,106,0
8,-4,57,1,106,0
3,0,61,1,106,0
-1,-4,68,1,106,0
4,1,79,1,106,0
-2,-7,79,1,106,0
5,2,89,1,106,0
7,4,99,1,106,0
5,-5,104,1,106,0
7,-1,105,1,106,0
6,3,105,1,106,0
0,8,6,1,107,0
-3,8,16,1,107,0
8,-5,29,1,107,0
-1,6,38,1,107,0
4,2,49,1,107,0
-4,-4,49,1,107,0
3,1,54,1,107,0
7,-2,69,1,107,0
1,-4,79,1,107,0
6,4,107,1,107,0
7,5,101,1,107,0
8,6,102,1,107,0
4,-3,105,1,107,0
-5,-7,106,1,107,0
-8,-7,6,1,107,0
8,-6,27,1,107,0
4,3,43,1,107,0
2,1,49,1,107,0
7,-3,61,1,107,0
3,-1,64,1,107,0
6,5,102,1,107,0
4,-4,99,1,107,0
7,6,106,1,107,0
-8,-8,9,1,107,0
4,-5,12,1,107,0
3,3,41,1,107,0
2,2,46,1,107,0
7,-4,52,1,107,0
6,6,85,1,107,0
-1,-7,73,1,107,0
8,-7,84,1,107,0
3,4,33,1,107,0
5,6,84,1,107,0
1,2,41,1,107,0
7,-5,48,1,107,0
-3,-4,55,1,107,0
1,-7,59,1,107,0
0,-4,74,1,107,0
-4,-7,92,1,107,0
6,7,106,1,107,0
-7,-7,19,1,107,0
6,-3,27,1,107,0
2,4,32,1,107,0
4,6,75,1,107,0
0,2,35,1,107,0
-6,-4,35,1,107,0
7,-6,43,1,107,0
5,7,88,1,107,0
3,-4,93,1,107,0
6,8,95,1,107,0
3,-5,6,1,107,0
-7,-8,12,1,107,0
-2,2,19,1,107,0
3,6,56,1,107,0
2,5,24,1,107,0
6,-4,27,1,107,0
-6,-5,34,1,107,0
8,1,74,1,107,0
4,7,79,1,107,0
5,8,92,1,107,0
7,-7,93,1,107,0
7,0,97,1,107,0
2,6,23,1,107,0
-2,3,18,1,107,0
1,5,22,1,107,0
6,-5,25,1,107,0
-6,-6,27,1,107,0
-1,2,28,1,107,0
5,-2,36,1,107,0
-2,-4,61,1,107,0
0,-7,67,1,107,0
3,7,76,1,107,0
7,-8,76,1,107,0
4,8,84,1,107,0
-3,-7,85,1,107,0
7,1,85,1,107,0
8,2,102,1,107,0
7,-9,4,1,107,0
-2,4,11,1,107,0
0,5,15,1,107,0
-6,-7,19,1,107,0
5,-3,34,1,107,0
-5,-4,43,1,107,0
6,1,63,1,107,0
2,7,65,1,107,0
8,-2,67,1,107,0
3,8,74,1,107,0
2,-4,86,1,107,0
6,-6,102,1,107,0
7,2,105,1,107,0
-2,5,5,1,107,0
-3,6,6,1,107,0
0,6,41,1,107,0
4,-1,49,1,107,0
1,7,59,1,107,0
8,-3,64,1,107,0
6,-7,71,1,107,0
4,0,74,1,107,0
5,1,82,1,107,0
6,2,93,1,107,0
-9,-8,2,1,107,0
9,6,3,1,107,0
-1,5,8,1,107,0
-3,7,23,1,107,0
-2,6,31,1,107,0
4,-2,43,1,107,0
0,7,48,1,107,0
1,8,53,1,107,0
8,-4,57,1,107,0
3,0,61,1,107,0
-1,-4,68,1,107,0
4,1,79,1,107,0
-2,-7,79,1,107,0
5,2,89,1,107,0
7,4,99,1,107,0
5,-5,105,1,107,0
7,-1,106,1,107,0
6,3,106,1,107,0
0,8,6,1,108,0
-3,8,16,1,108,0
8,-5,29,1,108,0
-1,6,38,1,108,0
4,2,49,1,108,0
-4,-4,49,1,108,0
3,1,54,1,108,0
7,-2,69,1,108,0
1,-4,79,1,108,0
6,4,108,1,108,0
7,5,101,1,108,0
8,6,102,1,108,0
-5,-7,106,1,108,0
4,-3,106,1,108,0
5,3,107,1,108,0
-8,-7,6,1,108,0
8,-6,27,1,108,0
4,3,43,1,108,0
2,1,49,1,108,0
7,-3,61,1,108,0
3,-1,64,1,108,0
6,5,102,1,108,0
4,-4,99,1,108,0
7,6,107,1,108,0
-8,-8,9,1,108,0
4,-5,12,1,108,0
3,3,41,1,108,0
2,2,46,1,108,0
7,-4,52,1,108,0
6,6,85,1,108,0
-1,-7,73,1,108,0
8,-7,84,1,108,0
6,-1,107,1,108,0
3,4,33,1,108,0
5,6,84,1,108,0
1,2,41,1,108,0
7,-5,48,1,108,0
-3,-4,55,1,108,0
1,-7,59,1,108,0
0,-4,74,1,108,0
-4,-7,92,1,108,0
6,7,107,1,108,0
-7,-7,19,1,108,0
6,-3,27,1,108,0
2,4,32,1,108,0
4,6,75,1,108,0
0,2,35,1,108,0
-6,-4,35,1,108,0
7,-6,43,1,108,0
5,7,88,1,108,0
3,-4,93,1,108,0
6,8,95,1,108,0
3,-5,6,1,108,0
-7,-8,12,1,108,0
-2,2,19,1,108,0
3,6,56,1,108,0
2,5,24,1,108,0
6,-4,27,1,108,0
-6,-5,34,1,108,0
8,1,74,1,108,0
4,7,79,1,108,0
5,8,92,1,108,0
7,-7,93,1,108,0
7,0,97,1,108,0
2,6,23,1,108,0
-2,3,18,1,108,0
1,5,22,1,108,0
6,-5,25,1,108,0
-6,-6,27,1,108,0
-1,2,28,1,108,0
5,-2,36,1,108,0
-2,-4,61,1,108,0
0,-7,67,1,108,0
3,7,76,1,108,0
7,-8,76,1,108,0
4,8,84,1,108,0
-3,-7,85,1,108,0
7,1,85,1,108,0
8,2,102,1,108,0
7,-9,4,1,108,0
-2,4,11,1,108,0
0,5,15,1,108,0
-6,-7,19,1,108,0
5,-3,34,1,108,0
-5,-4,43,1,108,0
6,1,63,1,108,0
2,7,65,1,108,0
8,-2,67,1,108,0
3,8,74,1,108,0
2,-4,86,1,108,0
6,-6,102,1,108,0
7,2,106,1,108,0
-2,5,5,1,108,0
-3,6,6,1,108,0
0,6,41,1,108,0
4,-1,49,1,108,0
1,7,59,1,108,0
8,-3,64,1,108,0
6,-7,71,1,108,0
4,0,74,1,108,0
5,1,82,1,108,0
6,2,93,1,108,0
-9,-8,2,1,108,0
9,6,3,1,108,0
-1,5,8,1,108,0
-3,7,23,1,108,0
-2,6,31,1,108,0
4,-2,43,1,108,0
0,7,48,1,108,0
1,8,53,1,108,0
8,-4,57,1,108,0
3,0,61,1,108,0
-1,-4,68,1,108,0
4,1,79,1,108,0
-2,-7,79,1,108,0
5,2,89,1,108,0
7,4,99,1,108,0
7,-1,106,1,108,0
6,3,106,1,108,0
5,-5,106,1,108,0
-5,-6,107,1,108,0
0,8,6,1,109,0
-3,8,16,1,109,0
8,-5,29,1,109,0
-1,6,38,1,109,0
4,2,49,1,109,0
-4,-4,49,1,109,0
3,1,54,1,109,0
7,-2,69,1,109,0
1,-4,79,1,109,0
6,4,109,1,109,0
7,5,101,1,109,0
8,6,102,1,109,0
-5,-7,106,1,109,0
4,-3,107,1,109,0
5,3,108,1,109,0
-8,-7,6,1,109,0
8,-6,27,1,109,0
4,3,43,1,109,0
2,1,49,1,109,0
7,-3,61,1,109,0
3,-1,64,1,109,0
6,5,102,1,109,0
4,-4,99,1,109,0
7,6,108,1,109,0
-8,-8,9,1,109,0
4,-5,12,1,109,0
3,3,41,1,109,0
2,2,46,1,109,0
7,-4,52,1,109,0
6,6,85,1,109,0
-1,-7,73,1,109,0
8,-7,84,1,109,0
6,-1,107,1,109,0
3,4,33,1,109,0
5,6,84,1,109,0
1,2,41,1,109,0
7,-5,48,1,109,0
-3,-4,55,1,109,0
1,-7,59,1,109,0
0,-4,74,1,109,0
-4,-7,92,1,109,0
6,7,108,1,109,0
-7,-7,19,1,109,0
6,-3,27,1,109,0
2,4,32,1,109,0
4,6,75,1,109,0
0,2,35,1,109,0
-6,-4,35,1,109,0
7,-6,43,1,109,0
5,7,88,1,109,0
3,-4,93,1,109,0
6,8,95,1,109,0
3,-5,6,1,109,0
-7,-8,12,1,109,0
-2,2,19,1,109,0
3,6,56,1,109,0
2,5,24,1,109,0
6,-4,27,1,109,0
-6,-5,34,1,109,0
8,1,74,1,109,0
4,7,79,1,109,0
5,8,92,1,109,0
7,-7,93,1,109,0
7,0,97,1,109,0
2,6,23,1,109,0
-2,3,18,1,109,0
1,5,22,1,109,0
6,-5,25,1,109,0
-6,-6,27,1,109,0
-1,2,28,1,109,0
5,-2,36,1,109,0
-2,-4,61,1,109,0
0,-7,67,1,109,0
3,7,76,1,109,0
7,-8,76,1,109,0
4,8,84,1,109,0
-3,-7,85,1,109,0
7,1,85,1,109,0
8,2,102,1,109,0
6,0,108,1,109,0
7,-9,4,1,109,0
-2,4,11,1,109,0
0,5,15,1,109,0
-6,-7,19,1,109,0
5,-3,34,1,109,0
-5,-4,43,1,109,0
6,1,63,1,109,0
2,7,65,1,109,0
8,-2,67,1,109,0
3,8,74,1,109,0
2,-4,86,1,109,0
6,-6,102,1,109,0
7,2,107,1,109,0
-2,5,5,1,109,0
-3,6,6,1,109,0
0,6,41,1,109,0
4,-1,49,1,109,0
1,7,59,1,109,0
8,-3,64,1,109,0
6,-7,71,1,109,0
4,0,74,1,109,0
5,1,82,1,109,0
6,2,93,1,109,0
-9,-8,2,1,109,0
9,6,3,1,109,0
-1,5,8,1,109,0
-3,7,23,1,109,0
-2,6,31,1,109,0
4,-2,43,1,109,0
0,7,48,1,109,0
1,8,53,1,109,0
8,-4,57,1,109,0
3,0,61,1,109,0
-1,-4,68,1,109,0
4,1,79,1,109,0
-2,-7,79,1,109,0
5,2,89,1,109,0
7,4,99,1,109,0
7,-1,106,1,109,0
6,3,106,1,109,0
5,-5,107,1,109,0
-5,-6,108,1,109,0
0,8,6,1,110,0
-3,8,16,1,110,0
8,-5,29,1,110,0
-1,6,38,1,110,0
4,2,49,1,110,0
-4,-4,49,1,110,0
3,1,54,1,110,0
7,-2,69,1,110,0
1,-4,79,1,110,0
6,4,109,1,110,0
8,6,102,1,110,0
-5,-7,106,1,110,0
4,-3,108,1,110,0
7,5,109,1,110,0
5,3,109,1,110,0
-8,-7,6,1,110,0
8,-6,27,1,110,0
4,3,43,1,110,0
2,1,49,1,110,0
7,-3,61,1,110,0
3,-1,64,1,110,0
6,5,102,1,110,0
4,-4,99,1,110,0
7,6,108,1,110,0
-8,-8,9,1,110,0
4,-5,12,1,110,0
3,3,41,1,110,0
2,2,46,1,110,0
7,-4,52,1,110,0
-1,-7,73,1,110,0
8,-7,84,1,110,0
6,-1,107,1,110,0
6,6,109,1,110,0
3,4,33,1,110,0
5,6,84,1,110,0
1,2,41,1,110,0
7,-5,48,1,110,0
-3,-4,55,1,110,0
1,-7,59,1,110,0
0,-4,74,1,110,0
-4,-7,92,1,110,0
6,7,108,1,110,0
-7,-7,19,1,110,0
6,-3,27,1,110,0
2,4,32,1,110,0
4,6,75,1,110,0
0,2,35,1,110,0
-6,-4,35,1,110,0
7,-6,43,1,110,0
5,7,88,1,110,0
3,-4,93,1,110,0
6,8,95,1,110,0
3,-5,6,1,110,0
-7,-8,12,1,110,0
-2,2,19,1,110,0
3,6,56,1,110,0
2,5,24,1,110,0
6,-4,27,1,110,0
-6,-5,34,1,110,0
8,1,74,1,110,0
4,7,79,1,110,0
5,8,92,1,110,0
7,-7,93,1,110,0
7,0,97,1,110,0
2,6,23,1,110,0
-2,3,18,1,110,0
1,5,22,1,110,0
6,-5,25,1,110,0
-6,-6,27,1,110,0
-1,2,28,1,110,0
5,-2,36,1,110,0
-2,-4,61,1,110,0
0,-7,67,1,110,0
3,7,76,1,110,0
7,-8,76,1,110,0
4,8,84,1,110,0
-3,-7,85,1,110,0
7,1,85,1,110,0
8,2,102,1,110,0
6,0,109,1,110,0
7,-9,4,1,110,0
-2,4,11,1,110,0
0,5,15,1,110,0
-6,-7,19,1,110,0
5,-3,34,1,110,0
-5,-4,43,1,110,0
6,1,63,1,110,0
2,7,65,1,110,0
8,-2,67,1,110,0
3,8,74,1,110,0
2,-4,86,1,110,0
6,-6,102,1,110,0
7,2,108,1,110,0
-2,5,5,1,110,0
-3,6,6,1,110,0
0,6,41,1,110,0
4,-1,49,1,110,0
1,7,59,1,110,0
8,-3,64,1,110,0
6,-7,71,1,110,0
4,0,74,1,110,0
5,1,82,1,110,0
6,2,93,1,110,0
-9,-8,2,1,110,0
9,6,3,1,110,0
-1,5,8,1,110,0
-3,7,23,1,110,0
-2,6,31,1,110,0
4,-2,43,1,110,0
0,7,48,1,110,0
1,8,53,1,110,0
8,-4,57,1,110,0
3,0,61,1,110,0
-1,-4,68,1,110,0
4,1,79,1,110,0
-2,-7,79,1,110,0
5,2,89,1,110,0
7,4,99,1,110,0
7,-1,106,1,110,0
6,3,106,1,110,0
5,-5,108,1,110,0
-5,-6,109,1,110,0
0,8,6,1,111,0
-3,8,16,1,111,0
8,-5,29,1,111,0
-1,6,38,1,111,0
4,2,49,1,111,0
-4,-4,49,1,111,0
3,1,54,1,111,0
7,-2,69,1,111,0
1,-4,79,1,111,0
6,4,109,1,111,0
8,6,102,1,111,0
-5,-7,106,1,111,0
4,-3,108,1,111,0
7,5,109,1,111,0
5,3,109,1,111,0
-8,-7,6,1,111,0
8,-6,27,1,111,0
4,3,43,1,111,0
2,1,49,1,111,0
7,-3,61,1,111,0
3,-1,64,1,111,0
6,5,102,1,111,0
4,-4,99,1,111,0
7,6,108,1,111,0
5,4,111,1,111,0
-8,-8,9,1,111,0
4,-5,12,1,111,0
3,3,41,1,111,0
2,2,46,1,111,0
7,-4,52,1,111,0
-1,-7,73,1,111,0
8,-7,84,1,111,0
6,-1,107,1,111,0
6,6,109,1,111,0
3,4,33,1,111,0
5,6,84,1,111,0
1,2,41,1,111,0
7,-5,48,1,111,0
-3,-4,55,1,111,0
1,-7,59,1,111,0
0,-4,74,1,111,0
-4,-7,92,1,111,0
6,7,108,1,111,0
3,-3,109,1,111,0
-7,-7,19,1,111,0
6,-3,27,1,111,0
2,4,32,1,111,0
4,6,75,1,111,0
0,2,35,1,111,0
-6,-4,35,1,111,0
7,-6,43,1,111,0
5,7,88,1,111,0
3,-4,93,1,111,0
6,8,95,1,111,0
3,-5,6,1,111,0
-7,-8,12,1,111,0
-2,2,19,1,111,0
3,6,56,1,111,0
2,5,24,1,111,0
6,-4,27,1,111,0
-6,-5,34,1,111,0
8,1,74,1,111,0
4,7,79,1,111,0
5,8,92,1,111,0
7,-7,93,1,111,0
7,0,97,1,111,0
2,6,23,1,111,0
-2,3,18,1,111,0
1,5,22,1,111,0
6,-5,25,1,111,0
-6,-6,27,1,111,0
-1,2,28,1,111,0
5,-2,36,1,111,0
-2,-4,61,1,111,0
0,-7,67,1,111,0
3,7,76,1,111,0
7,-8,76,1,111,0
4,8,84,1,111,0
-3,-7,85,1,111,0
7,1,85,1,111,0
8,2,102,1,111,0
6,0,109,1,111,0
7,-9,4,1,111,0
-2,4,11,1,111,0
0,5,15,1,111,0
-6,-7,19,1,111,0
5,-3,34,1,111,0
-5,-4,43,1,111,0
6,1,63,1,111,0
2,7,65,1,111,0
8,-2,67,1,111,0
3,8,74,1,111,0
2,-4,86,1,111,0
6,-6,102,1,111,0
7,2,109,1,111,0
-2,5,5,1,111,0
-3,6,6,1,111,0
0,6,41,1,111,0
4,-1,49,1,111,0
1,7,59,1,111,0
8,-3,64,1,111,0
6,-7,71,1,111,0
4,0,74,1,111,0
5,1,82,1,111,0
6,2,93,1,111,0
-9,-8,2,1,111,0
9,6,3,1,111,0
-1,5,8,1,111,0
-3,7,23,1,111,0
-2,6,31,1,111,0
4,-2,43,1,111,0
0,7,48,1,111,0
1,8,53,1,111,0
8,-4,57,1,111,0
3,0,61,1,111,0
-1,-4,68,1,111,0
4,1,79,1,111,0
-2,-7,79,1,111,0
5,2,89,1,111,0
7,4,99,1,111,0
7,-1,106,1,111,0
6,3,106,1,111,0
-5,-6,109,1,111,0
5,-5,109,1,111,0
0,8,6,1,112,0
-3,8,16,1,112,0
8,-5,29,1,112,0
-1,6,38,1,112,0
4,2,49,1,112,0
-4,-4,49,1,112,0
3,1,54,1,112,0
7,-2,69,1,112,0
1,-4,79,1,112,0
6,4,109,1,112,0
8,6,102,1,112,0
-5,-7,106,1,112,0
4,-3,108,1,112,0
7,5,109,1,112,0
5,3,111,1,112,0
-8,-7,6,1,112,0
8,-6,27,1,112,0
4,3,43,1,112,0
2,1,49,1,112,0
7,-3,61,1,112,0
3,-1,64,1,112,0
4,-4,99,1,112,0
7,6,108,1,112,0
5,4,112,1,112,0
6,5,111,1,112,0
-8,-8,9,1,112,0
4,-5,12,1,112,0
3,3,41,1,112,0
2,2,46,1,112,0
7,-4,52,1,112,0
-1,-7,73,1,112,0
8,-7,84,1,112,0
6,-1,107,1,112,0
6,6,109,1,112,0
3,4,33,1,112,0
1,2,41,1,112,0
7,-5,48,1,112,0
-3,-4,55,1,112,0
1,-7,59,1,112,0
0,-4,74,1,112,0
-4,-7,92,1,112,0
6,7,108,1,112,0
3,-3,109,1,112,0
5,6,111,1,112,0
-7,-7,19,1,112,0
6,-3,27,1,112,0
2,4,32,1,112,0
4,6,75,1,112,0
0,2,35,1,112,0
-6,-4,35,1,112,0
7,-6,43,1,112,0
5,7,88,1,112,0
3,-4,93,1,112,0
6,8,95,1,112,0
3,-5,6,1,112,0
-7,-8,12,1,112,0
-2,2,19,1,112,0
3,6,56,1,112,0
2,5,24,1,112,0
6,-4,27,1,112,0
-6,-5,34,1,112,0
8,1,74,1,112,0
4,7,79,1,112,0
5,8,92,1,112,0
7,-7,93,1,112,0
7,0,97,1,112,0
2,6,23,1,112,0
-2,3,18,1,112,0
1,5,22,1,112,0
6,-5,25,1,112,0
-6,-6,27,1,112,0
-1,2,28,1,112,0
5,-2,36,1,112,0
-2,-4,61,1,112,0
0,-7,67,1,112,0
3,7,76,1,112,0
7,-8,76,1,112,0
4,8,84,1,112,0
-3,-7,85,1,112,0
7,1,85,1,112,0
8,2,102,1,112,0
6,0,111,1,112,0
7,-9,4,1,112,0
-2,4,11,1,112,0
0,5,15,1,112,0
-6,-7,19,1,112,0
5,-3,34,1,112,0
-5,-4,43,1,112,0
6,1,63,1,112,0
2,7,65,1,112,0
8,-2,67,1,112,0
3,8,74,1,112,0
2,-4,86,1,112,0
6,-6,102,1,112,0
7,2,109,1,112,0
-2,5,5,1,112,0
-3,6,6,1,112,0
0,6,41,1,112,0
4,-1,49,1,112,0
1,7,59,1,112,0
8,-3,64,1,112,0
6,-7,71,1,112,0
4,0,74,1,112,0
5,1,82,1,112,0
6,2,93,1,112,0
-9,-8,2,1,112,0
9,6,3,1,112,0
-1,5,8,1,112,0
-3,7,23,1,112,0
-2,6,31,1,112,0
4,-2,43,1,112,0
0,7,48,1,112,0
1,8,53,1,112,0
8,-4,57,1,112,0
3,0,61,1,112,0
-1,-4,68,1,112,0
4,1,79,1,112,0
-2,-7,79,1,112,0
5,2,89,1,112,0
7,4,99,1,112,0
7,-1,106,1,112,0
6,3,106,1,112,0
5,-5,109,1,112,0
-5,-6,111,1,112,0
0,8,6,1,113,0
-3,8,16,1,113,0
8,-5,29,1,113,0
-1,6,38,1,113,0
4,2,49,1,113,0
-4,-4,49,1,113,0
3,1,54,1,113,0
7,-2,69,1,113,0
1,-4,79,1,113,0
6,4,109,1,113,0
8,6,102,1,113,0
-5,-7,106,1,113,0
4,-3,108,1,113,0
7,5,109,1,113,0
5,3,113,1,113,0
-8,-7,6,1,113,0
8,-6,27,1,113,0
4,3,43,1,113,0
2,1,49,1,113,0
7,-3,61,1,113,0
3,-1,64,1,113,0
4,-4,99,1,113,0
7,6,108,1,113,0
5,4,112,1,113,0
6,5,112,1,113,0
-8,-8,9,1,113,0
4,-5,12,1,113,0
3,3,41,1,113,0
2,2,46,1,113,0
7,-4,52,1,113,0
-1,-7,73,1,113,0
8,-7,84,1,113,0
6,-1,107,1,113,0
6,6,109,1,113,0
-4,-6,112,1,113,0
3,4,33,1,113,0
1,2,41,1,113,0
7,-5,48,1,113,0
-3,-4,55,1,113,0
1,-7,59,1,113,0
0,-4,74,1,113,0
-4,-7,92,1,113,0
6,7,108,1,113,0
3,-3,111,1,113,0
5,6,112,1,113,0
-7,-7,19,1,113,0
6,-3,27,1,113,0
2,4,32,1,113,0
4,6,75,1,113,0
0,2,35,1,113,0
-6,-4,35,1,113,0
7,-6,43,1,113,0
5,7,88,1,113,0
3,-4,93,1,113,0
6,8,95,1,113,0
3,-5,6,1,113,0
-7,-8,12,1,113,0
-2,2,19,1,113,0
3,6,56,1,113,0
2,5,24,1,113,0
6,-4,27,1,113,0
-6,-5,34,1,113,0
8,1,74,1,113,0
4,7,79,1,113,0
5,8,92,1,113,0
7,-7,93,1,113,0
7,0,97,1,113,0
2,6,23,1,113,0
-2,3,18,1,113,0
1,5,22,1,113,0
6,-5,25,1,113,0
-6,-6,27,1,113,0
-1,2,28,1,113,0
5,-2,36,1,113,0
-2,-4,61,1,113,0
0,-7,67,1,113,0
3,7,76,1,113,0
7,-8,76,1,113,0
4,8,84,1,113,0
-3,-7,85,1,113,0
7,1,85,1,113,0
8,2,102,1,113,0
6,0,112,1,113,0
7,-9,4,1,113,0
-2,4,11,1,113,0
0,5,15,1,113,0
-6,-7,19,1,113,0
5,-3,34,1,113,0
-5,-4,43,1,113,0
6,1,63,1,113,0
2,7,65,1,113,0
8,-2,67,1,113,0
3,8,74,1,113,0
2,-4,86,1,113,0
6,-6,102,1,113,0
7,2,111,1,113,0
-2,5,5,1,113,0
-3,6,6,1,113,0
0,6,41,1,113,0
4,-1,49,1,113,0
1,7,59,1,113,0
8,-3,64,1,113,0
6,-7,71,1,113,0
4,0,74,1,113,0
5,1,82,1,113,0
6,2,93,1,113,0
-9,-8,2,1,113,0
9,6,3,1,113,0
-1,5,8,1,113,0
-3,7,23,1,113,0
-2,6,31,1,113,0
4,-2,43,1,113,0
0,7,48,1,113,0
1,8,53,1,113,0
8,-4,57,1,113,0
3,0,61,1,113,0
-1,-4,68,1,113,0
4,1,79,1,113,0
-2,-7,79,1,113,0
7,4,99,1,113,0
7,-1,106,1,113,0
6,3,106,1,113,0
-5,-6,111,1,113,0
5,-5,111,1,113,0
5,2,112,1,113,0
0,8,6,1,114,0
-3,8,16,1,114,0
8,-5,29,1,114,0
-1,6,38,1,114,0
4,2,49,1,114,0
-4,-4,49,1,114,0
3,1,54,1,114,0
7,-2,69,1,114,0
1,-4,79,1,114,0
6,4,109,1,114,0
8,6,102,1,114,0
-5,-7,106,1,114,0
4,-3,108,1,114,0
7,5,109,1,114,0
5,3,114,1,114,0
-8,-7,6,1,114,0
8,-6,27,1,114,0
4,3,43,1,114,0
2,1,49,1,114,0
7,-3,61,1,114,0
3,-1,64,1,114,0
7,6,108,1,114,0
5,4,112,1,114,0
4,-4,112,1,114,0
6,5,113,1,114,0
-8,-8,9,1,114,0
4,-5,12,1,114,0
3,3,41,1,114,0
2,2,46,1,114,0
7,-4,52,1,114,0
-1,-7,73,1,114,0
8,-7,84,1,114,0
6,-1,107,1,114,0
6,6,109,1,114,0
3,-2,112,1,114,0
-4,-6,113,1,114,0
3,4,33,1,114,0
1,2,41,1,114,0
7,-5,48,1,114,0
-3,-4,55,1,114,0
1,-7,59,1,114,0
0,-4,74,1,114,0
-4,-7,92,1,114,0
6,7,108,1,114,0
3,-3,111,1,114,0
5,6,113,1,114,0
-7,-7,19,1,114,0
6,-3,27,1,114,0
2,4,32,1,114,0
4,6,75,1,114,0
0,2,35,1,114,0
-6,-4,35,1,114,0
7,-6,43,1,114,0
5,7,88,1,114,0
3,-4,93,1,114,0
6,8,95,1,114,0
3,-5,6,1,114,0
-7,-8,12,1,114,0
-2,2,19,1,114,0
3,6,56,1,114,0
2,5,24,1,114,0
6,-4,27,1,114,0
-6,-5,34,1,114,0
8,1,74,1,114,0
4,7,79,1,114,0
5,8,92,1,114,0
7,-7,93,1,114,0
7,0,97,1,114,0
2,6,23,1,114,0
-2,3,18,1,114,0
1,5,22,1,114,0
6,-5,25,1,114,0
-6,-6,27,1,114,0
-1,2,28,1,114,0
5,-2,36,1,114,0
-2,-4,61,1,114,0
0,-7,67,1,114,0
3,7,76,1,114,0
7,-8,76,1,114,0
4,8,84,1,114,0
-3,-7,85,1,114,0
7,1,85,1,114,0
8,2,102,1,114,0
6,0,112,1,114,0
7,-9,4,1,114,0
-2,4,11,1,114,0
0,5,15,1,114,0
-6,-7,19,1,114,0
5,-3,34,1,114,0
-5,-4,43,1,114,0
6,1,63,1,114,0
2,7,65,1,114,0
8,-2,67,1,114,0
3,8,74,1,114,0
2,-4,86,1,114,0
6,-6,102,1,114,0
7,2,112,1,114,0
5,0,113,1,114,0
-2,5,5,1,114,0
-3,6,6,1,114,0
0,6,41,1,114,0
4,-1,49,1,114,0
1,7,59,1,114,0
8,-3,64,1,114,0
6,-7,71,1,114,0
4,0,74,1,114,0
5,1,82,1,114,0
6,2,93,1,114,0
-9,-8,2,1,114,0
9,6,3,1,114,0
-1,5,8,1,114,0
-3,7,23,1,114,0
-2,6,31,1,114,0
4,-2,43,1,114,0
0,7,48,1,114,0
1,8,53,1,114,0
8,-4,57,1,114,0
3,0,61,1,114,0
-1,-4,68,1,114,0
4,1,79,1,114,0
-2,-7,79,1,114,0
7,4,99,1,114,0
7,-1,106,1,114,0
6,3,106,1,114,0
-5,-6,111,1,114,0
5,-5,111,1,114,0
5,2,113,1,114,0
0,8,6,1,115,0
-3,8,16,1,115,0
8,-5,29,1,115,0
-1,6,38,1,115,0
-4,-4,49,1,115,0
3,1,54,1,115,0
7,-2,69,1,115,0
1,-4,79,1,115,0
6,4,109,1,115,0
8,6,102,1,115,0
-5,-7,106,1,115,0
4,-3,108,1,115,0
7,5,109,1,115,0
5,3,115,1,115,0
4,2,114,1,115,0
-8,-7,6,1,115,0
8,-6,27,1,115,0
4,3,43,1,115,0
2,1,49,1,115,0
7,-3,61,1,115,0
3,-1,64,1,115,0
7,6,108,1,115,0
5,4,112,1,115,0
4,-4,113,1,115,0
6,5,114,1,115,0
-8,-8,9,1,115,0
4,-5,12,1,115,0
3,3,41,1,115,0
2,2,46,1,115,0
7,-4,52,1,115,0
-1,-7,73,1,115,0
8,-7,84,1,115,0
6,-1,107,1,115,0
6,6,109,1,115,0
3,-2,113,1,115,0
-4,-6,114,1,115,0
3,4,33,1,115,0
1,2,41,1,115,0
7,-5,48,1,115,0
-3,-4,55,1,115,0
1,-7,59,1,115,0
0,-4,74,1,115,0
-4,-7,92,1,115,0
6,7,108,1,115,0
3,-3,111,1,115,0
5,6,114,1,115,0
-7,-7,19,1,115,0
6,-3,27,1,115,0
2,4,32,1,115,0
4,6,75,1,115,0
0,2,35,1,115,0
-6,-4,35,1,115,0
7,-6,43,1,115,0
5,7,88,1,115,0
3,-4,93,1,115,0
6,8,95,1,115,0
3,-5,6,1,115,0
-7,-8,12,1,115,0
-2,2,19,1,115,0
3,6,56,1,115,0
2,5,24,1,115,0
6,-4,27,1,115,0
-6,-5,34,1,115,0
8,1,74,1,115,0
4,7,79,1,115,0
5,8,92,1,115,0
7,-7,93,1,115,0
7,0,97,1,115,0
2,6,23,1,115,0
-2,3,18,1,115,0
1,5,22,1,115,0
6,-5,25,1,115,0
-6,-6,27,1,115,0
-1,2,28,1,115,0
5,-2,36,1,115,0
-2,-4,61,1,115,0
0,-7,67,1,115,0
3,7,76,1,115,0
7,-8,76,1,115,0
4,8,84,1,115,0
-3,-7,85,1,115,0
7,1,85,1,115,0
8,2,102,1,115,0
6,0,112,1,115,0
7,-9,4,1,115,0
-2,4,11,1,115,0
0,5,15,1,115,0
-6,-7,19,1,115,0
5,-3,34,1,115,0
-5,-4,43,1,115,0
6,1,63,1,115,0
2,7,65,1,115,0
8,-2,67,1,115,0
3,8,74,1,115,0
2,-4,86,1,115,0
6,-6,102,1,115,0
5,0,113,1,115,0
7,2,113,1,115,0
-2,5,5,1,115,0
-3,6,6,1,115,0
0,6,41,1,115,0
4,-1,49,1,115,0
1,7,59,1,115,0
8,-3,64,1,115,0
6,-7,71,1,115,0
4,0,74,1,115,0
5,1,82,1,115,0
6,2,93,1,115,0
-9,-8,2,1,115,0
9,6,3,1,115,0
-1,5,8,1,115,0
-3,7,23,1,115,0
-2,6,31,1,115,0
4,-2,43,1,115,0
0,7,48,1,115,0
1,8,53,1,115,0
8,-4,57,1,115,0
3,0,61,1,115,0
-1,-4,68,1,115,0
4,1,79,1,115,0
-2,-7,79,1,115,0
7,4,99,1,115,0
7,-1,106,1,115,0
6,3,106,1,115,0
-5,-6,111,1,115,0
5,-5,111,1,115,0
5,2,113,1,115,0
0,8,6,1,116,0
-3,8,16,1,116,0
8,-5,29,1,116,0
-1,6,38,1,116,0
-4,-4,49,1,116,0
3,1,54,1,116,0
7,-2,69,1,116,0
1,-4,79,1,116,0
6,4,109,1,116,0
8,6,102,1,116,0
-5,-7,106,1,116,0
4,-3,108,1,116,0
7,5,109,1,116,0
5,3,116,1,116,0
4,2,115,1,116,0
-8,-7,6,1,116,0
8,-6,27,1,116,0
4,3,43,1,116,0
2,1,49,1,116,0
7,-3,61,1,116,0
3,-1,64,1,116,0
7,6,108,1,116,0
5,4,112,1,116,0
4,-4,114,1,116,0
6,5,115,1,116,0
-4,-5,115,1,116,0
-8,-8,9,1,116,0
4,-5,12,1,116,0
3,3,41,1,116,0
2,2,46,1,116,0
7,-4,52,1,116,0
-1,-7,73,1,116,0
8,-7,84,1,116,0
6,-1,107,1,116,0
6,6,109,1,116,0
-4,-6,114,1,116,0
3,-2,114,1,116,0
3,4,33,1,116,0
1,2,41,1,116,0
7,-5,48,1,116,0
-3,-4,55,1,116,0
1,-7,59,1,116,0
0,-4,74,1,116,0
-4,-7,92,1,116,0
6,7,108,1,116,0
3,-3,111,1,116,0
5,6,115,1,116,0
-7,-7,19,1,116,0
6,-3,27,1,116,0
2,4,32,1,116,0
4,6,75,1,116,0
0,2,35,1,116,0
-6,-4,35,1,116,0
7,-6,43,1,116,0
5,7,88,1,116,0
3,-4,93,1,116,0
6,8,95,1,116,0
3,-5,6,1,116,0
-7,-8,12,1,116,0
-2,2,19,1,116,0
3,6,56,1,116,0
2,5,24,1,116,0
6,-4,27,1,116,0
-6,-5,34,1,116,0
8,1,74,1,116,0
4,7,79,1,116,0
5,8,92,1,116,0
7,-7,93,1,116,0
7,0,97,1,116,0
2,6,23,1,116,0
-2,3,18,1,116,0
1,5,22,1,116,0
6,-5,25,1,116,0
-6,-6,27,1,116,0
-1,2,28,1,116,0
5,-2,36,1,116,0
-2,-4,61,1,116,0
0,-7,67,1,116,0
3,7,76,1,116,0
7,-8,76,1,116,0
4,8,84,1,116,0
-3,-7,85,1,116,0
7,1,85,1,116,0
8,2,102,1,116,0
6,0,112,1,116,0
7,-9,4,1,116,0
-2,4,11,1,116,0
0,5,15,1,116,0
-6,-7,19,1,116,0
5,-3,34,1,116,0
-5,-4,43,1,116,0
6,1,63,1,116,0
2,7,65,1,116,0
8,-2,67,1,116,0
3,8,74,1,116,0
2,-4,86,1,116,0
6,-6,102,1,116,0
7,2,114,1,116,0
5,0,114,1,116,0
-2,5,5,1,116,0
-3,6,6,1,116,0
0,6,41,1,116,0
4,-1,49,1,116,0
1,7,59,1,116,0
8,-3,64,1,116,0
6,-7,71,1,116,0
4,0,74,1,116,0
5,1,82,1,116,0
6,2,93,1,116,0
-9,-8,2,1,116,0
9,6,3,1,116,0
-1,5,8,1,116,0
-3,7,23,1,116,0
-2,6,31,1,116,0
4,-2,43,1,116,0
0,7,48,1,116,0
1,8,53,1,116,0
8,-4,57,1,116,0
3,0,61,1,116,0
-1,-4,68,1,116,0
4,1,79,1,116,0
-2,-7,79,1,116,0
7,4,99,1,116,0
7,-1,106,1,116,0
6,3,106,1,116,0
-5,-6,111,1,116,0
5,-5,111,1,116,0
5,2,113,1,116,0
0,8,6,1,117,0
-3,8,16,1,117,0
8,-5,29,1,117,0
-1,6,38,1,117,0
-4,-4,49,1,117,0
3,1,54,1,117,0
7,-2,69,1,117,0
1,-4,79,1,117,0
6,4,109,1,117,0
8,6,102,1,117,0
-5,-7,106,1,117,0
4,-3,108,1,117,0
7,5,109,1,117,0
5,3,117,1,117,0
4,2,116,1,117,0
-8,-7,6,1,117,0
8,-6,27,1,117,0
4,3,43,1,117,0
2,1,49,1,117,0
7,-3,61,1,117,0
3,-1,64,1,117,0
7,6,108,1,117,0
5,4,112,1,117,0
6,5,116,1,117,0
-4,-5,116,1,117,0
4,-4,116,1,117,0
-8,-8,9,1,117,0
4,-5,12,1,117,0
3,3,41,1,117,0
2,2,46,1,117,0
7,-4,52,1,117,0
-1,-7,73,1,117,0
8,-7,84,1,117,0
6,-1,107,1,117,0
6,6,109,1,117,0
-4,-6,114,1,117,0
3,-2,115,1,117,0
3,4,33,1,117,0
1,2,41,1,117,0
7,-5,48,1,117,0
-3,-4,55,1,117,0
1,-7,59,1,117,0
0,-4,74,1,117,0
-4,-7,92,1,117,0
6,7,108,1,117,0
3,-3,111,1,117,0
5,6,116,1,117,0
-7,-7,19,1,117,0
6,-3,27,1,117,0
2,4,32,1,117,0
4,6,75,1,117,0
0,2,35,1,117,0
-6,-4,35,1,117,0
7,-6,43,1,117,0
5,7,88,1,117,0
3,-4,93,1,117,0
6,8,95,1,117,0
3,-5,6,1,117,0
-7,-8,12,1,117,0
-2,2,19,1,117,0
3,6,56,1,117,0
2,5,24,1,117,0
6,-4,27,1,117,0
-6,-5,34,1,117,0
8,1,74,1,117,0
4,7,79,1,117,0
5,8,92,1,117,0
7,-7,93,1,117,0
7,0,97,1,117,0
2,6,23,1,117,0
-2,3,18,1,117,0
1,5,22,1,117,0
6,-5,25,1,117,0
-6,-6,27,1,117,0
-1,2,28,1,117,0
5,-2,36,1,117,0
-2,-4,61,1,117,0
0,-7,67,1,117,0
3,7,76,1,117,0
7,-8,76,1,117,0
4,8,84,1,117,0
-3,-7,85,1,117,0
7,1,85,1,117,0
8,2,102,1,117,0
6,0,112,1,117,0
7,-9,4,1,117,0
-2,4,11,1,117,0
0,5,15,1,117,0
-6,-7,19,1,117,0
5,-3,34,1,117,0
-5,-4,43,1,117,0
6,1,63,1,117,0
2,7,65,1,117,0
8,-2,67,1,117,0
3,8,74,1,117,0
2,-4,86,1,117,0
6,-6,102,1,117,0
7,2,115,1,117,0
5,0,115,1,117,0
-2,5,5,1,117,0
-3,6,6,1,117,0
0,6,41,1,117,0
4,-1,49,1,117,0
1,7,59,1,117,0
8,-3,64,1,117,0
6,-7,71,1,117,0
4,0,74,1,117,0
5,1,82,1,117,0
6,2,93,1,117,0
-9,-8,2,1,117,0
9,6,3,1,117,0
-1,5,8,1,117,0
-3,7,23,1,117,0
-2,6,31,1,117,0
4,-2,43,1,117,0
0,7,48,1,117,0
1,8,53,1,117,0
8,-4,57,1,117,0
3,0,61,1,117,0
-1,-4,68,1,117,0
4,1,79,1,117,0
-2,-7,79,1,117,0
7,4,99,1,117,0
7,-1,106,1,117,0
6,3,106,1,117,0
-5,-6,111,1,117,0
5,-5,111,1,117,0
5,2,113,1,117,0
0,8,6,1,118,0
-3,8,16,1,118,0
8,-5,29,1,118,0
-1,6,38,1,118,0
-4,-4,49,1,118,0
3,1,54,1,118,0
7,-2,69,1,118,0
1,-4,79,1,118,0
6,4,109,1,118,0
8,6,102,1,118,0
-5,-7,106,1,118,0
4,-3,108,1,118,0
7,5,109,1,118,0
5,3,117,1,118,0
4,2,117,1,118,0
-8,-7,6,1,118,0
8,-6,27,1,118,0
4,3,118,1,118,0
2,1,49,1,118,0
7,-3,61,1,118,0
3,-1,64,1,118,0
7,6,108,1,118,0
5,4,112,1,118,0
6,5,117,1,118,0
-4,-5,117,1,118,0
4,-4,117,1,118,0
-8,-8,9,1,118,0
4,-5,12,1,118,0
3,3,41,1,118,0
2,2,46,1,118,0
7,-4,52,1,118,0
-1,-7,73,1,118,0
8,-7,84,1,118,0
6,-1,107,1,118,0
6,6,109,1,118,0
-4,-6,114,1,118,0
3,-2,116,1,118,0
3,4,33,1,118,0
1,2,41,1,118,0
7,-5,48,1,118,0
-3,-4,55,1,118,0
1,-7,59,1,118,0
0,-4,74,1,118,0
-4,-7,92,1,118,0
6,7,108,1,118,0
3,-3,111,1,118,0
5,6,117,1,118,0
-7,-7,19,1,118,0
6,-3,27,1,118,0
2,4,32,1,118,0
4,6,75,1,118,0
0,2,35,1,118,0
-6,-4,35,1,118,0
7,-6,43,1,118,0
5,7,88,1,118,0
3,-4,93,1,118,0
6,8,95,1,118,0
3,-5,6,1,118,0
-7,-8,12,1,118,0
-2,2,19,1,118,0
3,6,56,1,118,0
2,5,24,1,118,0
6,-4,27,1,118,0
-6,-5,34,1,118,0
8,1,74,1,118,0
4,7,79,1,118,0
5,8,92,1,118,0
7,-7,93,1,118,0
7,0,97,1,118,0
2,6,23,1,118,0
-2,3,18,1,118,0
1,5,22,1,118,0
6,-5,25,1,118,0
-6,-6,27,1,118,0
-1,2,28,1,118,0
5,-2,36,1,118,0
-2,-4,61,1,118,0
0,-7,67,1,118,0
3,7,76,1,118,0
7,-8,76,1,118,0
4,8,84,1,118,0
-3,-7,85,1,118,0
7,1,85,1,118,0
8,2,102,1,118,0
6,0,112,1,118,0
7,-9,4,1,118,0
-2,4,11,1,118,0
0,5,15,1,118,0
-6,-7,19,1,118,0
5,-3,34,1,118,0
-5,-4,43,1,118,0
6,1,63,1,118,0
2,7,65,1,118,0
8,-2,67,1,118,0
3,8,74,1,118,0
2,-4,86,1,118,0
6,-6,102,1,118,0
7,2,116,1,118,0
5,0,116,1,118,0
-2,5,5,1,118,0
-3,6,6,1,118,0
0,6,41,1,118,0
4,-1,49,1,118,0
1,7,59,1,118,0
8,-3,64,1,118,0
6,-7,71,1,118,0
4,0,74,1,118,0
5,1,82,1,118,0
6,2,93,1,118,0
-9,-8,2,1,118,0
9,6,3,1,118,0
-1,5,8,1,118,0
-3,7,23,1,118,0
-2,6,31,1,118,0
4,-2,43,1,118,0
0,7,48,1,118,0
1,8,53,1,118,0
8,-4,57,1,118,0
3,0,61,1,118,0
-1,-4,68,1,118,0
4,1,79,1,118,0
-2,-7,79,1,118,0
7,4,99,1,118,0
7,-1,106,1,118,0
6,3,106,1,118,0
-5,-6,111,1,118,0
5,-5,111,1,118,0
5,2,113,1,118,0
0,8,6,1,119,0
-3,8,16,1,119,0
8,-5,29,1,119,0
-1,6,38,1,119,0
-4,-4,49,1,119,0
3,1,54,1,119,0
7,-2,69,1,119,0
1,-4,79,1,119,0
6,4,109,1,119,0
8,6,102,1,119,0
-5,-7,106,1,119,0
4,-3,108,1,119,0
7,5,109,1,119,0
5,3,117,1,119,0
4,2,118,1,119,0
-8,-7,6,1,119,0
8,-6,27,1,119,0
4,3,119,1,119,0
2,1,49,1,119,0
7,-3,61,1,119,0
3,-1,64,1,119,0
7,6,108,1,119,0
5,4,112,1,119,0
6,5,118,1,119,0
-4,-5,118,1,119,0
4,-4,118,1,119,0
-8,-8,9,1,119,0
4,-5,12,1,119,0
3,3,41,1,119,0
2,2,46,1,119,0
7,-4,52,1,119,0
-1,-7,73,1,119,0
8,-7,84,1,119,0
6,-1,107,1,119,0
6,6,109,1,119,0
-4,-6,114,1,119,0
3,-2,116,1,119,0
5,5,118,1,119,0
3,4,33,1,119,0
1,2,41,1,119,0
7,-5,48,1,119,0
-3,-4,55,1,119,0
1,-7,59,1,119,0
0,-4,74,1,119,0
-4,-7,92,1,119,0
6,7,108,1,119,0
3,-3,111,1,119,0
5,6,117,1,119,0
-7,-7,19,1,119,0
6,-3,27,1,119,0
2,4,32,1,119,0
4,6,75,1,119,0
0,2,35,1,119,0
-6,-4,35,1,119,0
7,-6,43,1,119,0
5,7,88,1,119,0
3,-4,93,1,119,0
6,8,95,1,119,0
3,-5,6,1,119,0
-7,-8,12,1,119,0
-2,2,19,1,119,0
3,6,56,1,119,0
2,5,24,1,119,0
6,-4,27,1,119,0
-6,-5,34,1,119,0
8,1,74,1,119,0
4,7,79,1,119,0
5,8,92,1,119,0
7,-7,93,1,119,0
7,0,97,1,119,0
2,-2,117,1,119,0
2,6,23,1,119,0
-2,3,18,1,119,0
1,5,22,1,119,0
6,-5,25,1,119,0
-6,-6,27,1,119,0
-1,2,28,1,119,0
5,-2,36,1,119,0
-2,-4,61,1,119,0
0,-7,67,1,119,0
3,7,76,1,119,0
7,-8,76,1,119,0
4,8,84,1,119,0
-3,-7,85,1,119,0
7,1,85,1,119,0
8,2,102,1,119,0
6,0,112,1,119,0
7,-9,4,1,119,0
-2,4,11,1,119,0
0,5,15,1,119,0
-6,-7,19,1,119,0
5,-3,34,1,119,0
-5,-4,43,1,119,0
6,1,63,1,119,0
2,7,65,1,119,0
8,-2,67,1,119,0
3,8,74,1,119,0
2,-4,86,1,119,0
6,-6,102,1,119,0
7,2,117,1,119,0
5,0,117,1,119,0
-2,5,5,1,119,0
-3,6,6,1,119,0
0,6,41,1,119,0
4,-1,49,1,119,0
1,7,59,1,119,0
8,-3,64,1,119,0
6,-7,71,1,119,0
4,0,74,1,119,0
5,1,82,1,119,0
6,2,93,1,119,0
-9,-8,2,1,119,0
9,6,3,1,119,0
-1,5,8,1,119,0
-3,7,23,1,119,0
-2,6,31,1,119,0
4,-2,43,1,119,0
0,7,48,1,119,0
1,8,53,1,119,0
8,-4,57,1,119,0
3,0,61,1,119,0
-1,-4,68,1,119,0
4,1,79,1,119,0
-2,-7,79,1,119,0
7,4,99,1,119,0
7,-1,106,1,119,0
6,3,106,1,119,0
-5,-6,111,1,119,0
5,-5,111,1,119,0
5,2,113,1,119,0
0,8,6,1,120,0
-3,8,16,1,120,0
8,-5,29,1,120,0
-1,6,38,1,120,0
-4,-4,49,1,120,0
3,1,54,1,120,0
7,-2,69,1,120,0
1,-4,79,1,120,0
6,4,109,1,120,0
8,6,102,1,120,0
-5,-7,106,1,120,0
4,-3,108,1,120,0
7,5,109,1,120,0
5,3,117,1,120,0
4,2,119,1,120,0
-8,-7,6,1,120,0
8,-6,27,1,120,0
4,3,119,1,120,0
2,1,49,1,120,0
7,-3,61,1,120,0
3,-1,64,1,120,0
7,6,108,1,120,0
6,5,118,1,120,0
5,4,119,1,120,0
-4,-5,119,1,120,0
4,-4,119,1,120,0
-8,-8,9,1,120,0
4,-5,12,1,120,0
3,3,41,1,120,0
2,2,46,1,120,0
7,-4,52,1,120,0
-1,-7,73,1,120,0
8,-7,84,1,120,0
6,-1,107,1,120,0
6,6,109,1,120,0
-4,-6,114,1,120,0
3,-2,116,1,120,0
5,5,119,1,120,0
3,4,33,1,120,0
1,2,41,1,120,0
7,-5,48,1,120,0
-3,-4,55,1,120,0
1,-7,59,1,120,0
0,-4,74,1,120,0
-4,-7,92,1,120,0
6,7,108,1,120,0
3,-3,111,1,120,0
5,6,117,1,120,0
-7,-7,19,1,120,0
6,-3,27,1,120,0
2,4,32,1,120,0
4,6,75,1,120,0
0,2,35,1,120,0
-6,-4,35,1,120,0
7,-6,43,1,120,0
5,7,88,1,120,0
3,-4,93,1,120,0
6,8,95,1,120,0
3,-5,6,1,120,0
-7,-8,12,1,120,0
-2,2,19,1,120,0
3,6,56,1,120,0
2,5,24,1,120,0
6,-4,27,1,120,0
-6,-5,34,1,120,0
8,1,74,1,120,0
4,7,79,1,120,0
5,8,92,1,120,0
7,-7,93,1,120,0
7,0,97,1,120,0
2,-2,118,1,120,0
2,6,23,1,120,0
-2,3,18,1,120,0
1,5,22,1,120,0
6,-5,25,1,120,0
-6,-6,27,1,120,0
-1,2,28,1,120,0
5,-2,36,1,120,0
-2,-4,61,1,120,0
0,-7,67,1,120,0
3,7,76,1,120,0
7,-8,76,1,120,0
4,8,84,1,120,0
-3,-7,85,1,120,0
7,1,85,1,120,0
8,2,102,1,120,0
6,0,112,1,120,0
7,-9,4,1,120,0
-2,4,11,1,120,0
0,5,15,1,120,0
-6,-7,19,1,120,0
5,-3,34,1,120,0
-5,-4,43,1,120,0
6,1,63,1,120,0
2,7,65,1,120,0
8,-2,67,1,120,0
3,8,74,1,120,0
2,-4,86,1,120,0
6,-6,102,1,120,0
7,2,118,1,120,0
5,0,118,1,120,0
-2,5,5,1,120,0
-3,6,6,1,120,0
0,6,41,1,120,0
4,-1,49,1,120,0
1,7,59,1,120,0
8,-3,64,1,120,0
6,-7,71,1,120,0
4,0,74,1,120,0
5,1,82,1,120,0
6,2,93,1,120,0
-9,-8,2,1,120,0
9,6,3,1,120,0
-1,5,8,1,120,0
-3,7,23,1,120,0
-2,6,31,1,120,0
4,-2,43,1,120,0
0,7,48,1,120,0
1,8,53,1,120,0
8,-4,57,1,120,0
3,0,61,1,120,0
-1,-4,68,1,120,0
4,1,79,1,120,0
-2,-7,79,1,120,0
7,4,99,1,120,0
7,-1,106,1,120,0
6,3,106,1,120,0
-5,-6,111,1,120,0
5,-5,111,1,120,0
5,2,113,1,120,0
0,8,6,1,121,0
-3,8,16,1,121,0
8,-5,29,1,121,0
-1,6,38,1,121,0
-4,-4,49,1,121,0
3,1,54,1,121,0
7,-2,69,1,121,0
1,-4,79,1,121,0
6,4,109,1,121,0
8,6,102,1,121,0
-5,-7,106,1,121,0
4,-3,108,1,121,0
7,5,109,1,121,0
5,3,117,1,121,0
4,2,119,1,121,0
-8,-7,6,1,121,0
8,-6,27,1,121,0
4,3,121,1,121,0
2,1,49,1,121,0
7,-3,61,1,121,0
3,-1,64,1,121,0
7,6,108,1,121,0
6,5,118,1,121,0
5,4,119,1,121,0
-4,-5,119,1,121,0
4,-4,119,1,121,0
-8,-8,9,1,121,0
4,-5,12,1,121,0
3,3,41,1,121,0
2,2,46,1,121,0
7,-4,52,1,121,0
-1,-7,73,1,121,0
8,-7,84,1,121,0
6,-1,107,1,121,0
6,6,109,1,121,0
-4,-6,114,1,121,0
3,-2,116,1,121,0
5,5,119,1,121,0
3,4,33,1,121,0
1,2,41,1,121,0
7,-5,48,1,121,0
-3,-4,55,1,121,0
1,-7,59,1,121,0
0,-4,74,1,121,0
-4,-7,92,1,121,0
6,7,108,1,121,0
3,-3,111,1,121,0
5,6,117,1,121,0
-7,-7,19,1,121,0
6,-3,27,1,121,0
2,4,32,1,121,0
4,6,75,1,121,0
0,2,35,1,121,0
-6,-4,35,1,121,0
7,-6,43,1,121,0
5,7,88,1,121,0
3,-4,93,1,121,0
6,8,95,1,121,0
3,-5,6,1,121,0
-7,-8,12,1,121,0
-2,2,19,1,121,0
3,6,56,1,121,0
2,5,24,1,121,0
6,-4,27,1,121,0
-6,-5,34,1,121,0
8,1,74,1,121,0
4,7,79,1,121,0
5,8,92,1,121,0
7,-7,93,1,121,0
7,0,97,1,121,0
2,-2,119,1,121,0
2,6,23,1,121,0
-2,3,18,1,121,0
1,5,22,1,121,0
6,-5,25,1,121,0
-6,-6,27,1,121,0
-1,2,28,1,121,0
5,-2,36,1,121,0
-2,-4,61,1,121,0
0,-7,67,1,121,0
3,7,76,1,121,0
7,-8,76,1,121,0
4,8,84,1,121,0
-3,-7,85,1,121,0
7,1,85,1,121,0
8,2,102,1,121,0
6,0,112,1,121,0
7,-9,4,1,121,0
-2,4,11,1,121,0
0,5,15,1,121,0
-6,-7,19,1,121,0
5,-3,34,1,121,0
-5,-4,43,1,121,0
6,1,63,1,121,0
2,7,65,1,121,0
8,-2,67,1,121,0
3,8,74,1,121,0
2,-4,86,1,121,0
6,-6,102,1,121,0
7,2,119,1,121,0
5,0,119,1,121,0
-2,5,5,1,121,0
-3,6,6,1,121,0
0,6,41,1,121,0
4,-1,49,1,121,0
1,7,59,1,121,0
8,-3,64,1,121,0
6,-7,71,1,121,0
4,0,74,1,121,0
5,1,82,1,121,0
6,2,93,1,121,0
-9,-8,2,1,121,0
9,6,3,1,121,0
-1,5,8,1,121,0
-3,7,23,1,121,0
-2,6,31,1,121,0
4,-2,43,1,121,0
0,7,48,1,121,0
1,8,53,1,121,0
8,-4,57,1,121,0
3,0,61,1,121,0
-1,-4,68,1,121,0
4,1,79,1,121,0
-2,-7,79,1,121,0
7,4,99,1,121,0
7,-1,106,1,121,0
6,3,106,1,121,0
-5,-6,111,1,121,0
5,-5,111,1,121,0
5,2,113,1,121,0
0,8,6,1,122,0
-3,8,16,1,122,0
8,-5,29,1,122,0
-1,6,38,1,122,0
-4,-4,49,1,122,0
3,1,54,1,122,0
7,-2,69,1,122,0
1,-4,79,1,122,0
6,4,109,1,122,0
8,6,102,1,122,0
-5,-7,106,1,122,0
4,-3,108,1,122,0
7,5,109,1,122,0
5,3,117,1,122,0
4,2,119,1,122,0
-8,-7,6,1,122,0
8,-6,27,1,122,0
4,3,122,1,122,0
2,1,49,1,122,0
7,-3,61,1,122,0
3,-1,64,1,122,0
7,6,108,1,122,0
6,5,118,1,122,0
4,-4,119,1,122,0
5,4,121,1,122,0
3,2,121,1,122,0
-4,-5,121,1,122,0
-8,-8,9,1,122,0
4,-5,12,1,122,0
3,3,41,1,122,0
2,2,46,1,122,0
7,-4,52,1,122,0
-1,-7,73,1,122,0
8,-7,84,1,122,0
6,-1,107,1,122,0
6,6,109,1,122,0
-4,-6,114,1,122,0
3,-2,116,1,122,0
5,5,119,1,122,0
3,4,33,1,122,0
1,2,41,1,122,0
7,-5,48,1,122,0
-3,-4,55,1,122,0
1,-7,59,1,122,0
0,-4,74,1,122,0
-4,-7,92,1,122,0
6,7,108,1,122,0
5,6,117,1,122,0
4,5,121,1,122,0
3,-3,121,1,122,0
-7,-7,19,1,122,0
6,-3,27,1,122,0
2,4,32,1,122,0
4,6,75,1,122,0
0,2,35,1,122,0
-6,-4,35,1,122,0
7,-6,43,1,122,0
5,7,88,1,122,0
3,-4,93,1,122,0
6,8,95,1,122,0
3,-5,6,1,122,0
-7,-8,12,1,122,0
-2,2,19,1,122,0
3,6,56,1,122,0
2,5,24,1,122,0
6,-4,27,1,122,0
-6,-5,34,1,122,0
8,1,74,1,122,0
4,7,79,1,122,0
5,8,92,1,122,0
7,-7,93,1,122,0
7,0,97,1,122,0
2,-2,119,1,122,0
2,6,23,1,122,0
-2,3,18,1,122,0
1,5,22,1,122,0
6,-5,25,1,122,0
-6,-6,27,1,122,0
-1,2,28,1,122,0
5,-2,36,1,122,0
-2,-4,61,1,122,0
0,-7,67,1,122,0
3,7,76,1,122,0
7,-8,76,1,122,0
4,8,84,1,122,0
-3,-7,85,1,122,0
7,1,85,1,122,0
8,2,102,1,122,0
6,0,112,1,122,0
7,-9,4,1,122,0
-2,4,11,1,122,0
0,5,15,1,122,0
-6,-7,19,1,122,0
5,-3,34,1,122,0
-5,-4,43,1,122,0
6,1,63,1,122,0
2,7,65,1,122,0
8,-2,67,1,122,0
3,8,74,1,122,0
2,-4,86,1,122,0
6,-6,102,1,122,0
5,0,119,1,122,0
7,2,121,1,122,0
-2,5,5,1,122,0
-3,6,6,1,122,0
0,6,41,1,122,0
4,-1,49,1,122,0
1,7,59,1,122,0
8,-3,64,1,122,0
6,-7,71,1,122,0
4,0,74,1,122,0
5,1,82,1,122,0
6,2,93,1,122,0
-9,-8,2,1,122,0
9,6,3,1,122,0
-1,5,8,1,122,0
-3,7,23,1,122,0
-2,6,31,1,122,0
4,-2,43,1,122,0
0,7,48,1,122,0
1,8,53,1,122,0
8,-4,57,1,122,0
3,0,61,1,122,0
-1,-4,68,1,122,0
4,1,79,1,122,0
-2,-7,79,1,122,0
7,4,99,1,122,0
7,-1,106,1,122,0
6,3,106,1,122,0
-5,-6,111,1,122,0
5,-5,111,1,122,0
5,2,113,1,122,0
0,8,6,1,123,0
-3,8,16,1,123,0
8,-5,29,1,123,0
-1,6,38,1,123,0
-4,-4,49,1,123,0
3,1,54,1,123,0
7,-2,69,1,123,0
1,-4,79,1,123,0
6,4,109,1,123,0
8,6,102,1,123,0
-5,-7,106,1,123,0
4,-3,108,1,123,0
7,5,109,1,123,0
5,3,117,1,123,0
4,2,119,1,123,0
-8,-7,6,1,123,0
8,-6,27,1,123,0
4,3,123,1,123,0
2,1,49,1,123,0
7,-3,61,1,123,0
3,-1,64,1,123,0
7,6,108,1,123,0
6,5,118,1,123,0
4,-4,119,1,123,0
-4,-5,121,1,123,0
5,4,122,1,123,0
3,2,122,1,123,0
-8,-8,9,1,123,0
4,-5,12,1,123,0
3,3,41,1,123,0
2,2,46,1,123,0
7,-4,52,1,123,0
-1,-7,73,1,123,0
8,-7,84,1,123,0
6,-1,107,1,123,0
6,6,109,1,123,0
-4,-6,114,1,123,0
3,-2,116,1,123,0
5,5,119,1,123,0
3,4,33,1,123,0
1,2,41,1,123,0
7,-5,48,1,123,0
-3,-4,55,1,123,0
1,-7,59,1,123,0
0,-4,74,1,123,0
-4,-7,92,1,123,0
6,7,108,1,123,0
5,6,117,1,123,0
4,5,122,1,123,0
3,-3,122,1,123,0
-7,-7,19,1,123,0
6,-3,27,1,123,0
2,4,32,1,123,0
4,6,75,1,123,0
0,2,35,1,123,0
-6,-4,35,1,123,0
7,-6,43,1,123,0
5,7,88,1,123,0
3,-4,93,1,123,0
6,8,95,1,123,0
-3,-5,122,1,123,0
3,-5,6,1,123,0
-7,-8,12,1,123,0
-2,2,19,1,123,0
3,6,56,1,123,0
2,5,24,1,123,0
6,-4,27,1,123,0
-6,-5,34,1,123,0
8,1,74,1,123,0
4,7,79,1,123,0
5,8,92,1,123,0
7,-7,93,1,123,0
7,0,97,1,123,0
2,-2,121,1,123,0
2,6,23,1,123,0
-2,3,18,1,123,0
1,5,22,1,123,0
6,-5,25,1,123,0
-6,-6,27,1,123,0
-1,2,28,1,123,0
5,-2,36,1,123,0
-2,-4,61,1,123,0
0,-7,67,1,123,0
3,7,76,1,123,0
7,-8,76,1,123,0
4,8,84,1,123,0
-3,-7,85,1,123,0
7,1,85,1,123,0
8,2,102,1,123,0
6,0,112,1,123,0
7,-9,4,1,123,0
-2,4,11,1,123,0
0,5,15,1,123,0
-6,-7,19,1,123,0
5,-3,34,1,123,0
-5,-4,43,1,123,0
6,1,63,1,123,0
2,7,65,1,123,0
8,-2,67,1,123,0
3,8,74,1,123,0
2,-4,86,1,123,0
6,-6,102,1,123,0
7,2,122,1,123,0
5,0,121,1,123,0
-2,5,5,1,123,0
-3,6,6,1,123,0
0,6,41,1,123,0
4,-1,49,1,123,0
1,7,59,1,123,0
8,-3,64,1,123,0
6,-7,71,1,123,0
4,0,74,1,123,0
5,1,82,1,123,0
6,2,93,1,123,0
-9,-8,2,1,123,0
9,6,3,1,123,0
-1,5,8,1,123,0
-3,7,23,1,123,0
-2,6,31,1,123,0
4,-2,43,1,123,0
0,7,48,1,123,0
1,8,53,1,123,0
8,-4,57,1,123,0
3,0,61,1,123,0
-1,-4,68,1,123,0
4,1,79,1,123,0
-2,-7,79,1,123,0
7,4,99,1,123,0
7,-1,106,1,123,0
6,3,106,1,123,0
-5,-6,111,1,123,0
5,-5,111,1,123,0
5,2,113,1,123,0
0,8,6,1,124,0
-3,8,16,1,124,0
8,-5,29,1,124,0
-1,6,38,1,124,0
-4,-4,49,1,124,0
3,1,54,1,124,0
7,-2,69,1,124,0
1,-4,79,1,124,0
6,4,109,1,124,0
8,6,102,1,124,0
-5,-7,106,1,124,0
4,-3,108,1,124,0
7,5,109,1,124,0
5,3,117,1,124,0
4,2,124,1,124,0
-8,-7,6,1,124,0
8,-6,27,1,124,0
4,3,123,1,124,0
2,1,49,1,124,0
7,-3,61,1,124,0
3,-1,64,1,124,0
7,6,108,1,124,0
6,5,118,1,124,0
4,-4,119,1,124,0
-4,-5,121,1,124,0
5,4,123,1,124,0
3,2,123,1,124,0
-8,-8,9,1,124,0
4,-5,12,1,124,0
3,3,41,1,124,0
2,2,46,1,124,0
7,-4,52,1,124,0
-1,-7,73,1,124,0
8,-7,84,1,124,0
6,-1,107,1,124,0
6,6,109,1,124,0
-4,-6,114,1,124,0
3,-2,116,1,124,0
5,5,119,1,124,0
3,4,33,1,124,0
1,2,41,1,124,0
7,-5,48,1,124,0
1,-7,59,1,124,0
0,-4,74,1,124,0
-4,-7,92,1,124,0
6,7,108,1,124,0
5,6,117,1,124,0
4,5,123,1,124,0
-3,-4,123,1,124,0
3,-3,123,1,124,0
-7,-7,19,1,124,0
6,-3,27,1,124,0
2,4,32,1,124,0
4,6,75,1,124,0
0,2,35,1,124,0
-6,-4,35,1,124,0
7,-6,43,1,124,0
5,7,88,1,124,0
3,-4,93,1,124,0
6,8,95,1,124,0
-3,-5,122,1,124,0
2,-1,122,1,124,0
3,-5,6,1,124,0
-7,-8,12,1,124,0
-2,2,19,1,124,0
3,6,56,1,124,0
2,5,24,1,124,0
6,-4,27,1,124,0
-6,-5,34,1,124,0
8,1,74,1,124,0
4,7,79,1,124,0
5,8,92,1,124,0
7,-7,93,1,124,0
7,0,97,1,124,0
2,-2,121,1,124,0
2,6,23,1,124,0
-2,3,18,1,124,0
1,5,22,1,124,0
6,-5,25,1,124,0
-6,-6,27,1,124,0
-1,2,28,1,124,0
5,-2,36,1,124,0
-2,-4,61,1,124,0
0,-7,67,1,124,0
3,7,76,1,124,0
7,-8,76,1,124,0
4,8,84,1,124,0
-3,-7,85,1,124,0
7,1,85,1,124,0
8,2,102,1,124,0
6,0,112,1,124,0
7,-9,4,1,124,0
-2,4,11,1,124,0
0,5,15,1,124,0
-6,-7,19,1,124,0
5,-3,34,1,124,0
-5,-4,43,1,124,0
6,1,63,1,124,0
2,7,65,1,124,0
8,-2,67,1,124,0
3,8,74,1,124,0
2,-4,86,1,124,0
6,-6,102,1,124,0
7,2,122,1,124,0
5,0,122,1,124,0
-2,5,5,1,124,0
-3,6,6,1,124,0
0,6,41,1,124,0
4,-1,49,1,124,0
1,7,59,1,124,0
8,-3,64,1,124,0
6,-7,71,1,124,0
4,0,74,1,124,0
5,1,82,1,124,0
6,2,123,1,124,0
-9,-8,2,1,124,0
9,6,3,1,124,0
-1,5,8,1,124,0
-3,7,23,1,124,0
-2,6,31,1,124,0
4,-2,43,1,124,0
0,7,48,1,124,0
1,8,53,1,124,0
8,-4,57,1,124,0
3,0,61,1,124,0
-1,-4,68,1,124,0
4,1,79,1,124,0
-2,-7,79,1,124,0
7,4,99,1,124,0
7,-1,106,1,124,0
6,3,106,1,124,0
-5,-6,111,1,124,0
5,-5,111,1,124,0
5,2,113,1,124,0
0,8,6,1,125,0
-3,8,16,1,125,0
8,-5,29,1,125,0
-1,6,38,1,125,0
-4,-4,49,1,125,0
3,1,54,1,125,0
7,-2,69,1,125,0
1,-4,79,1,125,0
6,4,109,1,125,0
8,6,102,1,125,0
-5,-7,106,1,125,0
4,-3,108,1,125,0
7,5,109,1,125,0
5,3,117,1,125,0
4,2,124,1,125,0
-8,-7,6,1,125,0
8,-6,27,1,125,0
4,3,123,1,125,0
2,1,49,1,125,0
7,-3,61,1,125,0
3,-1,64,1,125,0
7,6,108,1,125,0
6,5,118,1,125,0
4,-4,119,1,125,0
-4,-5,121,1,125,0
5,4,124,1,125,0
3,2,125,1,125,0
-8,-8,9,1,125,0
4,-5,12,1,125,0
3,3,41,1,125,0
2,2,46,1,125,0
7,-4,52,1,125,0
-1,-7,73,1,125,0
8,-7,84,1,125,0
6,-1,107,1,125,0
6,6,109,1,125,0
-4,-6,114,1,125,0
3,-2,116,1,125,0
5,5,119,1,125,0
3,4,33,1,125,0
1,2,41,1,125,0
7,-5,48,1,125,0
1,-7,59,1,125,0
0,-4,74,1,125,0
-4,-7,92,1,125,0
6,7,108,1,125,0
5,6,117,1,125,0
4,5,124,1,125,0
-3,-4,124,1,125,0
3,-3,124,1,125,0
-7,-7,19,1,125,0
6,-3,27,1,125,0
2,4,32,1,125,0
4,6,75,1,125,0
0,2,35,1,125,0
-6,-4,35,1,125,0
7,-6,43,1,125,0
5,7,88,1,125,0
3,-4,93,1,125,0
6,8,95,1,125,0
-3,-5,122,1,125,0
2,-1,123,1,125,0
3,-5,6,1,125,0
-7,-8,12,1,125,0
-2,2,19,1,125,0
3,6,56,1,125,0
2,5,24,1,125,0
6,-4,27,1,125,0
-6,-5,34,1,125,0
8,1,74,1,125,0
4,7,79,1,125,0
5,8,92,1,125,0
7,-7,93,1,125,0
7,0,97,1,125,0
2,-2,121,1,125,0
2,6,23,1,125,0
-2,3,18,1,125,0
1,5,22,1,125,0
6,-5,25,1,125,0
-6,-6,27,1,125,0
-1,2,28,1,125,0
5,-2,36,1,125,0
-2,-4,61,1,125,0
0,-7,67,1,125,0
3,7,76,1,125,0
7,-8,76,1,125,0
4,8,84,1,125,0
-3,-7,85,1,125,0
7,1,85,1,125,0
8,2,102,1,125,0
6,0,112,1,125,0
7,-9,4,1,125,0
-2,4,11,1,125,0
0,5,15,1,125,0
-6,-7,19,1,125,0
5,-3,34,1,125,0
-5,-4,43,1,125,0
6,1,63,1,125,0
2,7,65,1,125,0
8,-2,67,1,125,0
3,8,74,1,125,0
2,-4,86,1,125,0
6,-6,102,1,125,0
7,2,122,1,125,0
5,0,123,1,125,0
-2,5,5,1,125,0
-3,6,6,1,125,0
0,6,41,1,125,0
4,-1,49,1,125,0
1,7,59,1,125,0
8,-3,64,1,125,0
6,-7,71,1,125,0
4,0,74,1,125,0
5,1,82,1,125,0
6,2,124,1,125,0
-9,-8,2,1,125,0
9,6,3,1,125,0
-1,5,8,1,125,0
-3,7,23,1,125,0
-2,6,31,1,125,0
4,-2,43,1,125,0
0,7,48,1,125,0
1,8,53,1,125,0
8,-4,57,1,125,0
3,0,61,1,125,0
-1,-4,68,1,125,0
4,1,79,1,125,0
-2,-7,79,1,125,0
7,4,99,1,125,0
7,-1,106,1,125,0
6,3,106,1,125,0
-5,-6,111,1,125,0
5,-5,111,1,125,0
5,2,113,1,125,0
0,8,6,1,126,0
-3,8,16,1,126,0
8,-5,29,1,126,0
-1,6,38,1,126,0
-4,-4,49,1,126,0
7,-2,69,1,126,0
1,-4,79,1,126,0
6,4,109,1,126,0
8,6,102,1,126,0
-5,-7,106,1,126,0
4,-3,108,1,126,0
7,5,109,1,126,0
5,3,117,1,126,0
4,2,124,1,126,0
3,1,125,1,126,0
-8,-7,6,1,126,0
8,-6,27,1,126,0
4,3,123,1,126,0
2,1,49,1,126,0
7,-3,61,1,126,0
3,-1,64,1,126,0
7,6,108,1,126,0
6,5,118,1,126,0
4,-4,119,1,126,0
-4,-5,121,1,126,0
3,2,126,1,126,0
5,4,125,1,126,0
-8,-8,9,1,126,0
4,-5,12,1,126,0
3,3,41,1,126,0
2,2,46,1,126,0
7,-4,52,1,126,0
-1,-7,73,1,126,0
8,-7,84,1,126,0
6,-1,107,1,126,0
6,6,109,1,126,0
-4,-6,114,1,126,0
3,-2,116,1,126,0
5,5,119,1,126,0
3,4,33,1,126,0
1,2,41,1,126,0
7,-5,48,1,126,0
1,-7,59,1,126,0
0,-4,74,1,126,0
-4,-7,92,1,126,0
6,7,108,1,126,0
5,6,117,1,126,0
4,5,125,1,126,0
-3,-4,125,1,126,0
3,-3,125,1,126,0
-7,-7,19,1,126,0
6,-3,27,1,126,0
2,4,32,1,126,0
4,6,75,1,126,0
0,2,35,1,126,0
-6,-4,35,1,126,0
7,-6,43,1,126,0
5,7,88,1,126,0
3,-4,93,1,126,0
6,8,95,1,126,0
-3,-5,122,1,126,0
2,-1,124,1,126,0
3,-5,6,1,126,0
-7,-8,12,1,126,0
-2,2,19,1,126,0
3,6,56,1,126,0
2,5,24,1,126,0
6,-4,27,1,126,0
-6,-5,34,1,126,0
8,1,74,1,126,0
4,7,79,1,126,0
5,8,92,1,126,0
7,-7,93,1,126,0
7,0,97,1,126,0
2,-2,121,1,126,0
2,6,23,1,126,0
-2,3,18,1,126,0
1,5,22,1,126,0
6,-5,25,1,126,0
-6,-6,27,1,126,0
-1,2,28,1,126,0
5,-2,36,1,126,0
-2,-4,61,1,126,0
0,-7,67,1,126,0
3,7,76,1,126,0
7,-8,76,1,126,0
4,8,84,1,126,0
-3,-7,85,1,126,0
7,1,85,1,126,0
8,2,102,1,126,0
6,0,112,1,126,0
7,-9,4,1,126,0
-2,4,11,1,126,0
0,5,15,1,126,0
-6,-7,19,1,126,0
5,-3,34,1,126,0
-5,-4,43,1,126,0
6,1,63,1,126,0
2,7,65,1,126,0
8,-2,67,1,126,0
3,8,74,1,126,0
2,-4,86,1,126,0
6,-6,102,1,126,0
7,2,122,1,126,0
5,0,124,1,126,0
1,-1,125,1,126,0
-2,5,5,1,126,0
-3,6,6,1,126,0
0,6,41,1,126,0
4,-1,49,1,126,0
1,7,59,1,126,0
8,-3,64,1,126,0
6,-7,71,1,126,0
4,0,74,1,126,0
5,1,82,1,126,0
6,2,125,1,126,0
-9,-8,2,1,126,0
9,6,3,1,126,0
-1,5,8,1,126,0
-3,7,23,1,126,0
-2,6,31,1,126,0
4,-2,43,1,126,0
0,7,48,1,126,0
1,8,53,1,126,0
8,-4,57,1,126,0
3,0,61,1,126,0
-1,-4,68,1,126,0
4,1,79,1,126,0
-2,-7,79,1,126,0
7,4,99,1,126,0
7,-1,106,1,126,0
6,3,106,1,126,0
-5,-6,111,1,126,0
5,-5,111,1,126,0
5,2,113,1,126,0
0,8,6,1,127,0
-3,8,16,1,127,0
8,-5,29,1,127,0
-1,6,38,1,127,0
-4,-4,49,1,127,0
7,-2,69,1,127,0
1,-4,79,1,127,0
6,4,109,1,127,0
8,6,102,1,127,0
-5,-7,106,1,127,0
4,-3,108,1,127,0
7,5,109,1,127,0
5,3,117,1,127,0
4,2,124,1,127,0
3,1,126,1,127,0
-8,-7,6,1,127,0
8,-6,27,1,127,0
4,3,123,1,127,0
2,1,49,1,127,0
7,-3,61,1,127,0
3,-1,64,1,127,0
7,6,108,1,127,0
6,5,118,1,127,0
4,-4,119,1,127,0
-4,-5,121,1,127,0
3,2,127,1,127,0
5,4,126,1,127,0
-8,-8,9,1,127,0
4,-5,12,1,127,0
3,3,41,1,127,0
2,2,46,1,127,0
7,-4,52,1,127,0
-1,-7,73,1,127,0
8,-7,84,1,127,0
6,-1,107,1,127,0
6,6,109,1,127,0
-4,-6,114,1,127,0
3,-2,116,1,127,0
5,5,119,1,127,0
4,4,126,1,127,0
3,4,33,1,127,0
1,2,41,1,127,0
7,-5,48,1,127,0
1,-7,59,1,127,0
0,-4,74,1,127,0
-4,-7,92,1,127,0
6,7,108,1,127,0
5,6,117,1,127,0
4,5,125,1,127,0
-3,-4,126,1,127,0
3,-3,126,1,127,0
-7,-7,19,1,127,0
6,-3,27,1,127,0
2,4,32,1,127,0
4,6,75,1,127,0
0,2,35,1,127,0
-6,-4,35,1,127,0
7,-6,43,1,127,0
5,7,88,1,127,0
3,-4,93,1,127,0
6,8,95,1,127,0
-3,-5,122,1,127,0
2,-1,124,1,127,0
3,-5,6,1,127,0
-7,-8,12,1,127,0
-2,2,19,1,127,0
3,6,56,1,127,0
2,5,24,1,127,0
6,-4,27,1,127,0
-6,-5,34,1,127,0
8,1,74,1,127,0
4,7,79,1,127,0
5,8,92,1,127,0
7,-7,93,1,127,0
7,0,97,1,127,0
2,-2,121,1,127,0
2,6,23,1,127,0
-2,3,18,1,127,0
1,5,22,1,127,0
6,-5,25,1,127,0
-6,-6,27,1,127,0
-1,2,28,1,127,0
5,-2,36,1,127,0
-2,-4,61,1,127,0
0,-7,67,1,127,0
3,7,76,1,127,0
7,-8,76,1,127,0
4,8,84,1,127,0
-3,-7,85,1,127,0
7,1,85,1,127,0
8,2,102,1,127,0
6,0,112,1,127,0
7,-9,4,1,127,0
-2,4,11,1,127,0
0,5,15,1,127,0
-6,-7,19,1,127,0
5,-3,34,1,127,0
-5,-4,43,1,127,0
2,7,65,1,127,0
8,-2,67,1,127,0
3,8,74,1,127,0
2,-4,86,1,127,0
6,-6,102,1,127,0
7,2,122,1,127,0
1,-1,125,1,127,0
6,1,126,1,127,0
5,0,125,1,127,0
-2,5,5,1,127,0
-3,6,6,1,127,0
0,6,41,1,127,0
4,-1,49,1,127,0
1,7,59,1,127,0
8,-3,64,1,127,0
6,-7,71,1,127,0
4,0,74,1,127,0
5,1,82,1,127,0
6,2,125,1,127,0
-9,-8,2,1,127,0
9,6,3,1,127,0
-1,5,8,1,127,0
-3,7,23,1,127,0
-2,6,31,1,127,0
4,-2,43,1,127,0
0,7,48,1,127,0
1,8,53,1,127,0
8,-4,57,1,127,0
3,0,61,1,127,0
-1,-4,68,1,127,0
4,1,79,1,127,0
-2,-7,79,1,127,0
7,4,99,1,127,0
7,-1,106,1,127,0
6,3,106,1,127,0
-5,-6,111,1,127,0
5,-5,111,1,127,0
5,2,113,1,127,0
0,8,6,1,128,0
-3,8,16,1,128,0
8,-5,29,1,128,0
-1,6,38,1,128,0
-4,-4,49,1,128,0
7,-2,69,1,128,0
1,-4,79,1,128,0
6,4,109,1,128,0
8,6,102,1,128,0
-5,-7,106,1,128,0
4,-3,108,1,128,0
7,5,109,1,128,0
5,3,117,1,128,0
4,2,124,1,128,0
3,1,127,1,128,0
-8,-7,6,1,128,0
8,-6,27,1,128,0
4,3,123,1,128,0
2,1,49,1,128,0
7,-3,61,1,128,0
3,-1,64,1,128,0
7,6,108,1,128,0
6,5,118,1,128,0
4,-4,119,1,128,0
-4,-5,121,1,128,0
3,2,128,1,128,0
5,4,126,1,128,0
-8,-8,9,1,128,0
4,-5,12,1,128,0
3,3,41,1,128,0
2,2,46,1,128,0
7,-4,52,1,128,0
-1,-7,73,1,128,0
8,-7,84,1,128,0
6,-1,107,1,128,0
6,6,109,1,128,0
-4,-6,114,1,128,0
3,-2,116,1,128,0
5,5,119,1,128,0
4,4,127,1,128,0
3,4,33,1,128,0
1,2,41,1,128,0
7,-5,48,1,128,0
1,-7,59,1,128,0
0,-4,74,1,128,0
-4,-7,92,1,128,0
6,7,108,1,128,0
5,6,117,1,128,0
4,5,125,1,128,0
-3,-4,127,1,128,0
3,-3,127,1,128,0
-7,-7,19,1,128,0
6,-3,27,1,128,0
2,4,32,1,128,0
4,6,75,1,128,0
0,2,35,1,128,0
-6,-4,35,1,128,0
7,-6,43,1,128,0
5,7,88,1,128,0
3,-4,93,1,128,0
6,8,95,1,128,0
-3,-5,122,1,128,0
2,-1,124,1,128,0
3,-5,6,1,128,0
-7,-8,12,1,128,0
-2,2,19,1,128,0
3,6,56,1,128,0
2,5,24,1,128,0
6,-4,27,1,128,0
-6,-5,34,1,128,0
8,1,74,1,128,0
4,7,79,1,128,0
5,8,92,1,128,0
7,-7,93,1,128,0
7,0,97,1,128,0
2,-2,121,1,128,0
2,6,23,1,128,0
-2,3,18,1,128,0
1,5,22,1,128,0
6,-5,25,1,128,0
-6,-6,27,1,128,0
-1,2,28,1,128,0
5,-2,36,1,128,0
-2,-4,61,1,128,0
0,-7,67,1,128,0
3,7,76,1,128,0
7,-8,76,1,128,0
4,8,84,1,128,0
-3,-7,85,1,128,0
7,1,85,1,128,0
8,2,102,1,128,0
6,0,112,1,128,0
7,-9,4,1,128,0
-2,4,11,1,128,0
0,5,15,1,128,0
-6,-7,19,1,128,0
5,-3,34,1,128,0
-5,-4,43,1,128,0
2,7,65,1,128,0
8,-2,67,1,128,0
3,8,74,1,128,0
2,-4,86,1,128,0
6,-6,102,1,128,0
7,2,122,1,128,0
1,-1,126,1,128,0
6,1,127,1,128,0
5,0,126,1,128,0
-2,5,5,1,128,0
-3,6,6,1,128,0
0,6,41,1,128,0
4,-1,49,1,128,0
1,7,59,1,128,0
8,-3,64,1,128,0
6,-7,71,1,128,0
4,0,74,1,128,0
5,1,82,1,128,0
6,2,125,1,128,0
-9,-8,2,1,128,0
9,6,3,1,128,0
-1,5,8,1,128,0
-3,7,23,1,128,0
-2,6,31,1,128,0
4,-2,43,1,128,0
0,7,48,1,128,0
1,8,53,1,128,0
8,-4,57,1,128,0
3,0,61,1,128,0
-1,-4,68,1,128,0
4,1,79,1,128,0
-2,-7,79,1,128,0
7,4,99,1,128,0
7,-1,106,1,128,0
6,3,106,1,128,0
-5,-6,111,1,128,0
5,-5,111,1,128,0
5,2,113,1,128,0
0,8,6,1,129,0
-3,8,16,1,129,0
8,-5,29,1,129,0
-1,6,38,1,129,0
-4,-4,49,1,129,0
7,-2,69,1,129,0
1,-4,79,1,129,0
6,4,109,1,129,0
8,6,102,1,129,0
-5,-7,106,1,129,0
4,-3,108,1,129,0
7,5,109,1,129,0
5,3,117,1,129,0
4,2,124,1,129,0
3,1,127,1,129,0
-8,-7,6,1,129,0
8,-6,27,1,129,0
4,3,123,1,129,0
7,-3,61,1,129,0
3,-1,64,1,129,0
7,6,108,1,129,0
6,5,118,1,129,0
4,-4,119,1,129,0
-4,-5,121,1,129,0
3,2,129,1,129,0
5,4,126,1,129,0
2,1,128,1,129,0
-8,-8,9,1,129,0
4,-5,12,1,129,0
3,3,41,1,129,0
2,2,46,1,129,0
7,-4,52,1,129,0
-1,-7,73,1,129,0
8,-7,84,1,129,0
6,-1,107,1,129,0
6,6,109,1,129,0
-4,-6,114,1,129,0
3,-2,116,1,129,0
5,5,119,1,129,0
4,4,128,1,129,0
3,4,33,1,129,0
1,2,41,1,129,0
7,-5,48,1,129,0
1,-7,59,1,129,0
0,-4,74,1,129,0
-4,-7,92,1,129,0
6,7,108,1,129,0
5,6,117,1,129,0
4,5,125,1,129,0
-3,-4,128,1,129,0
3,-3,128,1,129,0
-7,-7,19,1,129,0
6,-3,27,1,129,0
2,4,32,1,129,0
4,6,75,1,129,0
0,2,35,1,129,0
-6,-4,35,1,129,0
7,-6,43,1,129,0
5,7,88,1,129,0
3,-4,93,1,129,0
6,8,95,1,129,0
-3,-5,122,1,129,0
2,-1,124,1,129,0
3,-5,6,1,129,0
-7,-8,12,1,129,0
-2,2,19,1,129,0
3,6,56,1,129,0
2,5,24,1,129,0
6,-4,27,1,129,0
-6,-5,34,1,129,0
8,1,74,1,129,0
4,7,79,1,129,0
5,8,92,1,129,0
7,-7,93,1,129,0
7,0,97,1,129,0
2,-2,121,1,129,0
2,6,23,1,129,0
-2,3,18,1,129,0
1,5,22,1,129,0
6,-5,25,1,129,0
-6,-6,27,1,129,0
-1,2,28,1,129,0
5,-2,36,1,129,0
-2,-4,61,1,129,0
0,-7,67,1,129,0
3,7,76,1,129,0
7,-8,76,1,129,0
4,8,84,1,129,0
-3,-7,85,1,129,0
7,1,85,1,129,0
8,2,102,1,129,0
6,0,112,1,129,0
7,-9,4,1,129,0
-2,4,11,1,129,0
0,5,15,1,129,0
-6,-7,19,1,129,0
5,-3,34,1,129,0
-5,-4,43,1,129,0
2,7,65,1,129,0
8,-2,67,1,129,0
3,8,74,1,129,0
2,-4,86,1,129,0
6,-6,102,1,129,0
7,2,122,1,129,0
1,-1,127,1,129,0
6,1,128,1,129,0
5,0,127,1,129,0
-2,5,5,1,129,0
-3,6,6,1,129,0
0,6,41,1,129,0
4,-1,49,1,129,0
1,7,59,1,129,0
8,-3,64,1,129,0
6,-7,71,1,129,0
4,0,74,1,129,0
5,1,82,1,129,0
6,2,125,1,129,0
-9,-8,2,1,129,0
9,6,3,1,129,0
-1,5,8,1,129,0
-3,7,23,1,129,0
-2,6,31,1,129,0
4,-2,43,1,129,0
0,7,48,1,129,0
1,8,53,1,129,0
8,-4,57,1,129,0
3,0,61,1,129,0
-1,-4,68,1,129,0
4,1,79,1,129,0
-2,-7,79,1,129,0
7,4,99,1,129,0
7,-1,106,1,129,0
6,3,106,1,129,0
-5,-6,111,1,129,0
5,-5,111,1,129,0
5,2,113,1,129,0
0,8,6,1,130,0
-3,8,16,1,130,0
8,-5,29,1,130,0
-1,6,38,1,130,0
-4,-4,49,1,130,0
7,-2,69,1,130,0
1,-4,79,1,130,0
6,4,109,1,130,0
8,6,102,1,130,0
-5,-7,106,1,130,0
4,-3,108,1,130,0
7,5,109,1,130,0
5,3,117,1,130,0
4,2,124,1,130,0
3,1,127,1,130,0
-8,-7,6,1,130,0
8,-6,27,1,130,0
7,-3,61,1,130,0
3,-1,64,1,130,0
7,6,108,1,130,0
6,5,118,1,130,0
4,-4,119,1,130,0
-4,-5,121,1,130,0
3,2,129,1,130,0
5,4,126,1,130,0
4,3,129,1,130,0
2,1,129,1,130,0
-8,-8,9,1,130,0
4,-5,12,1,130,0
3,3,41,1,130,0
2,2,46,1,130,0
7,-4,52,1,130,0
-1,-7,73,1,130,0
8,-7,84,1,130,0
6,-1,107,1,130,0
6,6,109,1,130,0
-4,-6,114,1,130,0
3,-2,116,1,130,0
5,5,119,1,130,0
4,4,128,1,130,0
1,2,41,1,130,0
7,-5,48,1,130,0
1,-7,59,1,130,0
0,-4,74,1,130,0
-4,-7,92,1,130,0
6,7,108,1,130,0
5,6,117,1,130,0
4,5,125,1,130,0
3,-3,128,1,130,0
3,4,129,1,130,0
-3,-4,129,1,130,0
-7,-7,19,1,130,0
6,-3,27,1,130,0
2,4,32,1,130,0
4,6,75,1,130,0
0,2,35,1,130,0
-6,-4,35,1,130,0
7,-6,43,1,130,0
5,7,88,1,130,0
3,-4,93,1,130,0
6,8,95,1,130,0
-3,-5,122,1,130,0
2,-1,124,1,130,0
3,-5,6,1,130,0
-7,-8,12,1,130,0
-2,2,19,1,130,0
3,6,56,1,130,0
2,5,24,1,130,0
6,-4,27,1,130,0
-6,-5,34,1,130,0
8,1,74,1,130,0
4,7,79,1,130,0
5,8,92,1,130,0
7,-7,93,1,130,0
7,0,97,1,130,0
2,-2,129,1,130,0
2,6,23,1,130,0
-2,3,18,1,130,0
1,5,22,1,130,0
6,-5,25,1,130,0
-6,-6,27,1,130,0
-1,2,28,1,130,0
5,-2,36,1,130,0
-2,-4,61,1,130,0
0,-7,67,1,130,0
3,7,76,1,130,0
7,-8,76,1,130,0
4,8,84,1,130,0
-3,-7,85,1,130,0
7,1,85,1,130,0
8,2,102,1,130,0
6,0,112,1,130,0
7,-9,4,1,130,0
-2,4,11,1,130,0
0,5,15,1,130,0
-6,-7,19,1,130,0
5,-3,34,1,130,0
-5,-4,43,1,130,0
2,7,65,1,130,0
8,-2,67,1,130,0
3,8,74,1,130,0
2,-4,86,1,130,0
6,-6,102,1,130,0
7,2,122,1,130,0
6,1,128,1,130,0
1,-1,128,1,130,0
5,0,128,1,130,0
-2,5,5,1,130,0
-3,6,6,1,130,0
0,6,41,1,130,0
4,-1,49,1,130,0
1,7,59,1,130,0
8,-3,64,1,130,0
6,-7,71,1,130,0
4,0,74,1,130,0
6,2,125,1,130,0
5,1,129,1,130,0
-9,-8,2,1,130,0
9,6,3,1,130,0
-1,5,8,1,130,0
-3,7,23,1,130,0
-2,6,31,1,130,0
4,-2,43,1,130,0
0,7,48,1,130,0
1,8,53,1,130,0
8,-4,57,1,130,0
3,0,61,1,130,0
-1,-4,68,1,130,0
4,1,79,1,130,0
-2,-7,79,1,130,0
7,4,99,1,130,0
7,-1,106,1,130,0
6,3,106,1,130,0
-5,-6,111,1,130,0
5,-5,111,1,130,0
5,2,113,1,130,0
0,8,6,1,131,0
-3,8,16,1,131,0
8,-5,29,1,131,0
-1,6,38,1,131,0
-4,-4,49,1,131,0
7,-2,69,1,131,0
1,-4,79,1,131,0
6,4,109,1,131,0
8,6,102,1,131,0
-5,-7,106,1,131,0
4,-3,108,1,131,0
7,5,109,1,131,0
5,3,117,1,131,0
4,2,124,1,131,0
3,1,127,1,131,0
-8,-7,6,1,131,0
8,-6,27,1,131,0
7,-3,61,1,131,0
3,-1,64,1,131,0
7,6,108,1,131,0
6,5,118,1,131,0
4,-4,119,1,131,0
-4,-5,121,1,131,0
3,2,131,1,131,0
5,4,126,1,131,0
4,3,129,1,131,0
2,1,129,1,131,0
-8,-8,9,1,131,0
4,-5,12,1,131,0
3,3,41,1,131,0
2,2,46,1,131,0
7,-4,52,1,131,0
-1,-7,73,1,131,0
8,-7,84,1,131,0
6,-1,107,1,131,0
6,6,109,1,131,0
-4,-6,114,1,131,0
3,-2,116,1,131,0
5,5,119,1,131,0
4,4,128,1,131,0
1,2,41,1,131,0
7,-5,48,1,131,0
1,-7,59,1,131,0
0,-4,74,1,131,0
-4,-7,92,1,131,0
6,7,108,1,131,0
5,6,117,1,131,0
4,5,125,1,131,0
3,-3,128,1,131,0
3,4,129,1,131,0
-3,-4,129,1,131,0
-7,-7,19,1,131,0
6,-3,27,1,131,0
2,4,32,1,131,0
4,6,75,1,131,0
0,2,35,1,131,0
-6,-4,35,1,131,0
7,-6,43,1,131,0
5,7,88,1,131,0
3,-4,93,1,131,0
6,8,95,1,131,0
-3,-5,122,1,131,0
2,-1,124,1,131,0
3,-5,6,1,131,0
-7,-8,12,1,131,0
-2,2,19,1,131,0
3,6,56,1,131,0
2,5,24,1,131,0
6,-4,27,1,131,0
-6,-5,34,1,131,0
8,1,74,1,131,0
4,7,79,1,131,0
5,8,92,1,131,0
7,-7,93,1,131,0
7,0,97,1,131,0
2,-2,129,1,131,0
2,6,23,1,131,0
-2,3,18,1,131,0
1,5,22,1,131,0
6,-5,25,1,131,0
-6,-6,27,1,131,0
-1,2,28,1,131,0
5,-2,36,1,131,0
-2,-4,61,1,131,0
0,-7,67,1,131,0
3,7,76,1,131,0
7,-8,76,1,131,0
4,8,84,1,131,0
-3,-7,85,1,131,0
7,1,85,1,131,0
8,2,102,1,131,0
6,0,112,1,131,0
7,-9,4,1,131,0
-2,4,11,1,131,0
0,5,15,1,131,0
-6,-7,19,1,131,0
5,-3,34,1,131,0
-5,-4,43,1,131,0
2,7,65,1,131,0
8,-2,67,1,131,0
3,8,74,1,131,0
2,-4,86,1,131,0
6,-6,102,1,131,0
7,2,122,1,131,0
6,1,128,1,131,0
1,-1,129,1,131,0
5,0,129,1,131,0
-2,5,5,1,131,0
-3,6,6,1,131,0
0,6,41,1,131,0
4,-1,49,1,131,0
1,7,59,1,131,0
8,-3,64,1,131,0
6,-7,71,1,131,0
4,0,74,1,131,0
6,2,125,1,131,0
5,1,129,1,131,0
-9,-8,2,1,131,0
9,6,3,1,131,0
-1,5,8,1,131,0
-3,7,23,1,131,0
-2,6,31,1,131,0
4,-2,43,1,131,0
0,7,48,1,131,0
1,8,53,1,131,0
8,-4,57,1,131,0
3,0,61,1,131,0
-1,-4,68,1,131,0
4,1,79,1,131,0
-2,-7,79,1,131,0
7,4,99,1,131,0
7,-1,106,1,131,0
6,3,106,1,131,0
-5,-6,111,1,131,0
5,-5,111,1,131,0
5,2,113,1,131,0
0,8,6,1,132,0
-3,8,16,1,132,0
8,-5,29,1,132,0
-1,6,38,1,132,0
-4,-4,49,1,132,0
7,-2,69,1,132,0
1,-4,79,1,132,0
6,4,109,1,132,0
8,6,102,1,132,0
-5,-7,106,1,132,0
4,-3,108,1,132,0
7,5,109,1,132,0
5,3,117,1,132,0
4,2,124,1,132,0
3,1,127,1,132,0
-8,-7,6,1,132,0
8,-6,27,1,132,0
7,-3,61,1,132,0
3,-1,64,1,132,0
7,6,108,1,132,0
6,5,118,1,132,0
4,-4,119,1,132,0
-4,-5,121,1,132,0
3,2,132,1,132,0
5,4,126,1,132,0
4,3,131,1,132,0
2,1,131,1,132,0
-8,-8,9,1,132,0
4,-5,12,1,132,0
3,3,41,1,132,0
2,2,46,1,132,0
7,-4,52,1,132,0
-1,-7,73,1,132,0
8,-7,84,1,132,0
6,-1,107,1,132,0
6,6,109,1,132,0
-4,-6,114,1,132,0
3,-2,116,1,132,0
5,5,119,1,132,0
-3,-3,131,1,132,0
4,4,128,1,132,0
1,2,41,1,132,0
7,-5,48,1,132,0
1,-7,59,1,132,0
0,-4,74,1,132,0
-4,-7,92,1,132,0
6,7,108,1,132,0
5,6,117,1,132,0
4,5,125,1,132,0
3,-3,128,1,132,0
-3,-4,129,1,132,0
3,4,131,1,132,0
-7,-7,19,1,132,0
6,-3,27,1,132,0
2,4,32,1,132,0
4,6,75,1,132,0
0,2,35,1,132,0
-6,-4,35,1,132,0
7,-6,43,1,132,0
5,7,88,1,132,0
3,-4,93,1,132,0
6,8,95,1,132,0
-3,-5,122,1,132,0
2,-1,124,1,132,0
3,-5,6,1,132,0
-7,-8,12,1,132,0
-2,2,19,1,132,0
3,6,56,1,132,0
2,5,24,1,132,0
6,-4,27,1,132,0
-6,-5,34,1,132,0
8,1,74,1,132,0
4,7,79,1,132,0
5,8,92,1,132,0
7,-7,93,1,132,0
7,0,97,1,132,0
2,-2,131,1,132,0
2,6,23,1,132,0
-2,3,18,1,132,0
1,5,22,1,132,0
6,-5,25,1,132,0
-6,-6,27,1,132,0
-1,2,28,1,132,0
5,-2,36,1,132,0
-2,-4,61,1,132,0
0,-7,67,1,132,0
3,7,76,1,132,0
7,-8,76,1,132,0
4,8,84,1,132,0
-3,-7,85,1,132,0
7,1,85,1,132,0
8,2,102,1,132,0
6,0,112,1,132,0
7,-9,4,1,132,0
-2,4,11,1,132,0
0,5,15,1,132,0
-6,-7,19,1,132,0
5,-3,34,1,132,0
-5,-4,43,1,132,0
2,7,65,1,132,0
8,-2,67,1,132,0
3,8,74,1,132,0
2,-4,86,1,132,0
6,-6,102,1,132,0
7,2,122,1,132,0
6,1,128,1,132,0
5,0,129,1,132,0
1,-1,131,1,132,0
-2,5,5,1,132,0
-3,6,6,1,132,0
0,6,41,1,132,0
4,-1,49,1,132,0
1,7,59,1,132,0
8,-3,64,1,132,0
6,-7,71,1,132,0
4,0,74,1,132,0
6,2,125,1,132,0
5,1,131,1,132,0
-9,-8,2,1,132,0
9,6,3,1,132,0
-1,5,8,1,132,0
-3,7,23,1,132,0
-2,6,31,1,132,0
4,-2,43,1,132,0
0,7,48,1,132,0
1,8,53,1,132,0
8,-4,57,1,132,0
3,0,61,1,132,0
-1,-4,68,1,132,0
4,1,79,1,132,0
-2,-7,79,1,132,0
7,4,99,1,132,0
7,-1,106,1,132,0
6,3,106,1,132,0
-5,-6,111,1,132,0
5,-5,111,1,132,0
5,2,113,1,132,0
0,8,6,1,133,0
-3,8,16,1,133,0
8,-5,29,1,133,0
-1,6,38,1,133,0
-4,-4,49,1,133,0
7,-2,69,1,133,0
1,-4,79,1,133,0
6,4,109,1,133,0
8,6,102,1,133,0
-5,-7,106,1,133,0
4,-3,108,1,133,0
7,5,109,1,133,0
5,3,117,1,133,0
4,2,124,1,133,0
3,1,127,1,133,0
-8,-7,6,1,133,0
8,-6,27,1,133,0
7,-3,61,1,133,0
3,-1,64,1,133,0
7,6,108,1,133,0
6,5,118,1,133,0
4,-4,119,1,133,0
-4,-5,121,1,133,0
3,2,132,1,133,0
5,4,126,1,133,0
4,3,132,1,133,0
2,1,132,1,133,0
-8,-8,9,1,133,0
4,-5,12,1,133,0
3,3,41,1,133,0
2,2,133,1,133,0
7,-4,52,1,133,0
-1,-7,73,1,133,0
8,-7,84,1,133,0
6,-1,107,1,133,0
6,6,109,1,133,0
-4,-6,114,1,133,0
3,-2,116,1,133,0
5,5,119,1,133,0
-3,-3,131,1,133,0
4,4,128,1,133,0
1,2,41,1,133,0
7,-5,48,1,133,0
1,-7,59,1,133,0
0,-4,74,1,133,0
-4,-7,92,1,133,0
6,7,108,1,133,0
5,6,117,1,133,0
4,5,125,1,133,0
3,-3,128,1,133,0
-3,-4,129,1,133,0
3,4,132,1,133,0
-7,-7,19,1,133,0
6,-3,27,1,133,0
2,4,32,1,133,0
4,6,75,1,133,0
0,2,35,1,133,0
-6,-4,35,1,133,0
7,-6,43,1,133,0
5,7,88,1,133,0
3,-4,93,1,133,0
6,8,95,1,133,0
-3,-5,122,1,133,0
2,-1,124,1,133,0
3,-5,6,1,133,0
-7,-8,12,1,133,0
-2,2,19,1,133,0
3,6,56,1,133,0
2,5,24,1,133,0
6,-4,27,1,133,0
-6,-5,34,1,133,0
8,1,74,1,133,0
4,7,79,1,133,0
5,8,92,1,133,0
7,-7,93,1,133,0
7,0,97,1,133,0
2,-2,132,1,133,0
2,6,23,1,133,0
-2,3,18,1,133,0
1,5,22,1,133,0
6,-5,25,1,133,0
-6,-6,27,1,133,0
-1,2,28,1,133,0
5,-2,36,1,133,0
-2,-4,61,1,133,0
0,-7,67,1,133,0
3,7,76,1,133,0
7,-8,76,1,133,0
4,8,84,1,133,0
-3,-7,85,1,133,0
7,1,85,1,133,0
8,2,102,1,133,0
6,0,112,1,133,0
7,-9,4,1,133,0
-2,4,11,1,133,0
0,5,15,1,133,0
-6,-7,19,1,133,0
5,-3,34,1,133,0
-5,-4,43,1,133,0
2,7,65,1,133,0
8,-2,67,1,133,0
3,8,74,1,133,0
2,-4,86,1,133,0
6,-6,102,1,133,0
7,2,122,1,133,0
6,1,128,1,133,0
5,0,129,1,133,0
1,-1,131,1,133,0
-2,5,5,1,133,0
-3,6,6,1,133,0
0,6,41,1,133,0
4,-1,49,1,133,0
1,7,59,1,133,0
8,-3,64,1,133,0
6,-7,71,1,133,0
4,0,74,1,133,0
6,2,125,1,133,0
5,1,132,1,133,0
-9,-8,2,1,133,0
9,6,3,1,133,0
-1,5,8,1,133,0
-3,7,23,1,133,0
-2,6,31,1,133,0
4,-2,43,1,133,0
0,7,48,1,133,0
1,8,53,1,133,0
8,-4,57,1,133,0
3,0,61,1,133,0
-1,-4,68,1,133,0
4,1,79,1,133,0
-2,-7,79,1,133,0
7,4,99,1,133,0
7,-1,106,1,133,0
6,3,106,1,133,0
-5,-6,111,1,133,0
5,-5,111,1,133,0
5,2,113,1,133,0
0,8,6,1,134,0
-3,8,16,1,134,0
8,-5,29,1,134,0
-1,6,38,1,134,0
-4,-4,49,1,134,0
7,-2,69,1,134,0
1,-4,79,1,134,0
6,4,109,1,134,0
8,6,102,1,134,0
-5,-7,106,1,134,0
4,-3,108,1,134,0
7,5,109,1,134,0
5,3,117,1,134,0
4,2,124,1,134,0
3,1,127,1,134,0
-8,-7,6,1,134,0
8,-6,27,1,134,0
7,-3,61,1,134,0
3,-1,64,1,134,0
7,6,108,1,134,0
6,5,118,1,134,0
4,-4,119,1,134,0
-4,-5,121,1,134,0
3,2,132,1,134,0
5,4,126,1,134,0
1,0,132,1,134,0
4,3,133,1,134,0
2,1,133,1,134,0
-8,-8,9,1,134,0
4,-5,12,1,134,0
3,3,41,1,134,0
2,2,134,1,134,0
7,-4,52,1,134,0
-1,-7,73,1,134,0
8,-7,84,1,134,0
6,-1,107,1,134,0
6,6,109,1,134,0
-4,-6,114,1,134,0
3,-2,116,1,134,0
5,5,119,1,134,0
-3,-3,131,1,134,0
0,0,133,1,134,0
4,4,128,1,134,0
1,2,41,1,134,0
7,-5,48,1,134,0
1,-7,59,1,134,0
0,-4,74,1,134,0
-4,-7,92,1,134,0
6,7,108,1,134,0
5,6,117,1,134,0
4,5,125,1,134,0
3,-3,128,1,134,0
-3,-4,129,1,134,0
3,4,133,1,134,0
-7,-7,19,1,134,0
6,-3,27,1,134,0
2,4,32,1,134,0
4,6,75,1,134,0
0,2,35,1,134,0
-6,-4,35,1,134,0
7,-6,43,1,134,0
5,7,88,1,134,0
3,-4,93,1,134,0
6,8,95,1,134,0
-3,-5,122,1,134,0
2,-1,124,1,134,0
3,-5,6,1,134,0
-7,-8,12,1,134,0
-2,2,19,1,134,0
3,6,56,1,134,0
2,5,24,1,134,0
6,-4,27,1,134,0
-6,-5,34,1,134,0
8,1,74,1,134,0
4,7,79,1,134,0
5,8,92,1,134,0
7,-7,93,1,134,0
7,0,97,1,134,0
-2,-3,133,1,134,0
2,-2,133,1,134,0
2,6,23,1,134,0
-2,3,18,1,134,0
1,5,22,1,134,0
6,-5,25,1,134,0
-6,-6,27,1,134,0
-1,2,28,1,134,0
5,-2,36,1,134,0
-2,-4,61,1,134,0
0,-7,67,1,134,0
3,7,76,1,134,0
7,-8,76,1,134,0
4,8,84,1,134,0
-3,-7,85,1,134,0
7,1,85,1,134,0
8,2,102,1,134,0
6,0,112,1,134,0
7,-9,4,1,134,0
-2,4,11,1,134,0
0,5,15,1,134,0
-6,-7,19,1,134,0
5,-3,34,1,134,0
-5,-4,43,1,134,0
2,7,65,1,134,0
8,-2,67,1,134,0
3,8,74,1,134,0
2,-4,86,1,134,0
6,-6,102,1,134,0
7,2,122,1,134,0
6,1,128,1,134,0
5,0,129,1,134,0
1,-1,131,1,134,0
-2,5,5,1,134,0
-3,6,6,1,134,0
0,6,41,1,134,0
4,-1,49,1,134,0
1,7,59,1,134,0
8,-3,64,1,134,0
6,-7,71,1,134,0
4,0,74,1,134,0
6,2,125,1,134,0
5,1,133,1,134,0
-9,-8,2,1,134,0
9,6,3,1,134,0
-1,5,8,1,134,0
-3,7,23,1,134,0
-2,6,31,1,134,0
4,-2,43,1,134,0
0,7,48,1,134,0
1,8,53,1,134,0
8,-4,57,1,134,0
3,0,61,1,134,0
-1,-4,68,1,134,0
4,1,79,1,134,0
-2,-7,79,1,134,0
7,4,99,1,134,0
7,-1,106,1,134,0
6,3,106,1,134,0
-5,-6,111,1,134,0
5,-5,111,1,134,0
5,2,113,1,134,0
0,8,6,1,135,0
-3,8,16,1,135,0
8,-5,29,1,135,0
-1,6,38,1,135,0
-4,-4,49,1,135,0
7,-2,69,1,135,0
1,-4,79,1,135,0
6,4,109,1,135,0
8,6,102,1,135,0
-5,-7,106,1,135,0
4,-3,108,1,135,0
7,5,109,1,135,0
5,3,117,1,135,0
4,2,124,1,135,0
3,1,127,1,135,0
-8,-7,6,1,135,0
8,-6,27,1,135,0
7,-3,61,1,135,0
3,-1,64,1,135,0
7,6,108,1,135,0
6,5,118,1,135,0
4,-4,119,1,135,0
-4,-5,121,1,135,0
3,2,132,1,135,0
5,4,126,1,135,0
1,0,132,1,135,0
4,3,134,1,135,0
2,1,135,1,135,0
-8,-8,9,1,135,0
4,-5,12,1,135,0
2,2,134,1,135,0
7,-4,52,1,135,0
-1,-7,73,1,135,0
8,-7,84,1,135,0
6,-1,107,1,135,0
6,6,109,1,135,0
-4,-6,114,1,135,0
3,-2,116,1,135,0
5,5,119,1,135,0
-3,-3,131,1,135,0
3,3,134,1,135,0
0,0,134,1,135,0
4,4,128,1,135,0
1,2,41,1,135,0
7,-5,48,1,135,0
1,-7,59,1,135,0
0,-4,74,1,135,0
-4,-7,92,1,135,0
6,7,108,1,135,0
5,6,117,1,135,0
4,5,125,1,135,0
3,-3,128,1,135,0
-3,-4,129,1,135,0
3,4,133,1,135,0
-7,-7,19,1,135,0
6,-3,27,1,135,0
2,4,32,1,135,0
4,6,75,1,135,0
0,2,35,1,135,0
-6,-4,35,1,135,0
7,-6,43,1,135,0
5,7,88,1,135,0
3,-4,93,1,135,0
6,8,95,1,135,0
-3,-5,122,1,135,0
2,-1,124,1,135,0
3,-5,6,1,135,0
-7,-8,12,1,135,0
-2,2,19,1,135,0
3,6,56,1,135,0
2,5,24,1,135,0
6,-4,27,1,135,0
-6,-5,34,1,135,0
8,1,74,1,135,0
4,7,79,1,135,0
5,8,92,1,135,0
7,-7,93,1,135,0
7,0,97,1,135,0
-2,-3,133,1,135,0
2,-2,134,1,135,0
2,6,23,1,135,0
-2,3,18,1,135,0
1,5,22,1,135,0
6,-5,25,1,135,0
-6,-6,27,1,135,0
-1,2,28,1,135,0
5,-2,36,1,135,0
-2,-4,61,1,135,0
0,-7,67,1,135,0
3,7,76,1,135,0
7,-8,76,1,135,0
4,8,84,1,135,0
-3,-7,85,1,135,0
7,1,85,1,135,0
8,2,102,1,135,0
6,0,112,1,135,0
7,-9,4,1,135,0
-2,4,11,1,135,0
0,5,15,1,135,0
-6,-7,19,1,135,0
5,-3,34,1,135,0
-5,-4,43,1,135,0
2,7,65,1,135,0
8,-2,67,1,135,0
3,8,74,1,135,0
2,-4,86,1,135,0
6,-6,102,1,135,0
7,2,122,1,135,0
6,1,128,1,135,0
5,0,129,1,135,0
1,-1,131,1,135,0
-2,5,5,1,135,0
-3,6,6,1,135,0
0,6,41,1,135,0
4,-1,49,1,135,0
1,7,59,1,135,0
8,-3,64,1,135,0
6,-7,71,1,135,0
4,0,74,1,135,0
6,2,125,1,135,0
5,1,134,1,135,0
-9,-8,2,1,135,0
9,6,3,1,135,0
-1,5,8,1,135,0
-3,7,23,1,135,0
-2,6,31,1,135,0
4,-2,43,1,135,0
0,7,48,1,135,0
1,8,53,1,135,0
8,-4,57,1,135,0
3,0,61,1,135,0
-1,-4,68,1,135,0
4,1,79,1,135,0
-2,-7,79,1,135,0
7,4,99,1,135,0
7,-1,106,1,135,0
6,3,106,1,135,0
-5,-6,111,1,135,0
5,-5,111,1,135,0
5,2,113,1,135,0
0,8,6,1,136,0
-3,8,16,1,136,0
8,-5,29,1,136,0
-1,6,38,1,136,0
-4,-4,49,1,136,0
7,-2,69,1,136,0
1,-4,79,1,136,0
6,4,109,1,136,0
8,6,102,1,136,0
-5,-7,106,1,136,0
4,-3,108,1,136,0
7,5,109,1,136,0
5,3,117,1,136,0
4,2,124,1,136,0
3,1,127,1,136,0
-8,-7,6,1,136,0
8,-6,27,1,136,0
7,-3,61,1,136,0
3,-1,64,1,136,0
7,6,108,1,136,0
6,5,118,1,136,0
4,-4,119,1,136,0
-4,-5,121,1,136,0
3,2,132,1,136,0
5,4,126,1,136,0
1,0,132,1,136,0
4,3,134,1,136,0
2,1,136,1,136,0
-8,-8,9,1,136,0
4,-5,12,1,136,0
2,2,134,1,136,0
7,-4,52,1,136,0
-1,-7,73,1,136,0
8,-7,84,1,136,0
6,-1,107,1,136,0
6,6,109,1,136,0
-4,-6,114,1,136,0
3,-2,116,1,136,0
5,5,119,1,136,0
-3,-3,131,1,136,0
3,3,135,1,136,0
0,0,135,1,136,0
4,4,128,1,136,0
1,1,135,1,136,0
1,2,41,1,136,0
7,-5,48,1,136,0
1,-7,59,1,136,0
0,-4,74,1,136,0
-4,-7,92,1,136,0
6,7,108,1,136,0
5,6,117,1,136,0
4,5,125,1,136,0
3,-3,128,1,136,0
-3,-4,129,1,136,0
3,4,133,1,136,0
-7,-7,19,1,136,0
6,-3,27,1,136,0
2,4,32,1,136,0
4,6,75,1,136,0
0,2,35,1,136,0
-6,-4,35,1,136,0
7,-6,43,1,136,0
5,7,88,1,136,0
3,-4,93,1,136,0
6,8,95,1,136,0
-3,-5,122,1,136,0
2,-1,124,1,136,0
3,-5,6,1,136,0
-7,-8,12,1,136,0
-2,2,19,1,136,0
3,6,56,1,136,0
2,5,24,1,136,0
6,-4,27,1,136,0
-6,-5,34,1,136,0
8,1,74,1,136,0
4,7,79,1,136,0
5,8,92,1,136,0
7,-7,93,1,136,0
7,0,97,1,136,0
-2,-3,134,1,136,0
2,-2,135,1,136,0
2,6,23,1,136,0
-2,3,18,1,136,0
1,5,22,1,136,0
6,-5,25,1,136,0
-6,-6,27,1,136,0
-1,2,28,1,136,0
5,-2,36,1,136,0
-2,-4,61,1,136,0
0,-7,67,1,136,0
3,7,76,1,136,0
7,-8,76,1,136,0
4,8,84,1,136,0
-3,-7,85,1,136,0
7,1,85,1,136,0
8,2,102,1,136,0
6,0,112,1,136,0
7,-9,4,1,136,0
-2,4,11,1,136,0
0,5,15,1,136,0
-6,-7,19,1,136,0
5,-3,34,1,136,0
-5,-4,43,1,136,0
2,7,65,1,136,0
8,-2,67,1,136,0
3,8,74,1,136,0
2,-4,86,1,136,0
6,-6,102,1,136,0
7,2,122,1,136,0
6,1,128,1,136,0
5,0,129,1,136,0
1,-1,131,1,136,0
-2,5,5,1,136,0
-3,6,6,1,136,0
0,6,41,1,136,0
4,-1,49,1,136,0
1,7,59,1,136,0
8,-3,64,1,136,0
6,-7,71,1,136,0
4,0,74,1,136,0
6,2,125,1,136,0
5,1,134,1,136,0
-9,-8,2,1,136,0
9,6,3,1,136,0
-1,5,8,1,136,0
-3,7,23,1,136,0
-2,6,31,1,136,0
4,-2,43,1,136,0
0,7,48,1,136,0
1,8,53,1,136,0
8,-4,57,1,136,0
3,0,61,1,136,0
-1,-4,68,1,136,0
-2,-7,79,1,136,0
7,4,99,1,136,0
7,-1,106,1,136,0
6,3,106,1,136,0
-5,-6,111,1,136,0
5,-5,111,1,136,0
5,2,113,1,136,0
4,1,135,1,136,0
0,8,6,1,137,0
-3,8,16,1,137,0
8,-5,29,1,137,0
-1,6,38,1,137,0
-4,-4,49,1,137,0
7,-2,69,1,137,0
1,-4,79,1,137,0
6,4,109,1,137,0
8,6,102,1,137,0
-5,-7,106,1,137,0
4,-3,108,1,137,0
7,5,109,1,137,0
5,3,117,1,137,0
4,2,124,1,137,0
3,1,127,1,137,0
-8,-7,6,1,137,0
8,-6,27,1,137,0
7,-3,61,1,137,0
3,-1,64,1,137,0
7,6,108,1,137,0
6,5,118,1,137,0
4,-4,119,1,137,0
-4,-5,121,1,137,0
3,2,132,1,137,0
5,4,126,1,137,0
1,0,132,1,137,0
4,3,134,1,137,0
2,1,137,1,137,0
-8,-8,9,1,137,0
4,-5,12,1,137,0
2,2,134,1,137,0
7,-4,52,1,137,0
-1,-7,73,1,137,0
8,-7,84,1,137,0
6,-1,107,1,137,0
6,6,109,1,137,0
-4,-6,114,1,137,0
3,-2,116,1,137,0
5,5,119,1,137,0
-3,-3,131,1,137,0
3,3,136,1,137,0
0,0,136,1,137,0
1,1,136,1,137,0
4,4,128,1,137,0
1,2,41,1,137,0
7,-5,48,1,137,0
1,-7,59,1,137,0
0,-4,74,1,137,0
-4,-7,92,1,137,0
6,7,108,1,137,0
5,6,117,1,137,0
4,5,125,1,137,0
3,-3,128,1,137,0
-3,-4,129,1,137,0
3,4,133,1,137,0
-7,-7,19,1,137,0
6,-3,27,1,137,0
2,4,32,1,137,0
4,6,75,1,137,0
0,2,35,1,137,0
-6,-4,35,1,137,0
7,-6,43,1,137,0
5,7,88,1,137,0
3,-4,93,1,137,0
6,8,95,1,137,0
-3,-5,122,1,137,0
2,-1,124,1,137,0
3,-5,6,1,137,0
-7,-8,12,1,137,0
-2,2,19,1,137,0
3,6,56,1,137,0
2,5,24,1,137,0
6,-4,27,1,137,0
-6,-5,34,1,137,0
8,1,74,1,137,0
4,7,79,1,137,0
5,8,92,1,137,0
7,-7,93,1,137,0
7,0,97,1,137,0
-2,-3,135,1,137,0
2,-2,136,1,137,0
2,6,23,1,137,0
-2,3,18,1,137,0
1,5,22,1,137,0
6,-5,25,1,137,0
-6,-6,27,1,137,0
-1,2,28,1,137,0
5,-2,36,1,137,0
-2,-4,61,1,137,0
0,-7,67,1,137,0
3,7,76,1,137,0
7,-8,76,1,137,0
4,8,84,1,137,0
-3,-7,85,1,137,0
7,1,85,1,137,0
8,2,102,1,137,0
6,0,112,1,137,0
7,-9,4,1,137,0
-2,4,11,1,137,0
0,5,15,1,137,0
-6,-7,19,1,137,0
5,-3,34,1,137,0
-5,-4,43,1,137,0
2,7,65,1,137,0
8,-2,67,1,137,0
3,8,74,1,137,0
2,-4,86,1,137,0
6,-6,102,1,137,0
7,2,122,1,137,0
6,1,128,1,137,0
5,0,129,1,137,0
1,-1,131,1,137,0
-2,5,5,1,137,0
-3,6,6,1,137,0
0,6,41,1,137,0
4,-1,49,1,137,0
1,7,59,1,137,0
8,-3,64,1,137,0
6,-7,71,1,137,0
4,0,74,1,137,0
6,2,125,1,137,0
5,1,134,1,137,0
-9,-8,2,1,137,0
9,6,3,1,137,0
-1,5,8,1,137,0
-3,7,23,1,137,0
-2,6,31,1,137,0
4,-2,43,1,137,0
0,7,48,1,137,0
1,8,53,1,137,0
8,-4,57,1,137,0
3,0,61,1,137,0
-1,-4,68,1,137,0
-2,-7,79,1,137,0
7,4,99,1,137,0
7,-1,106,1,137,0
6,3,106,1,137,0
-5,-6,111,1,137,0
5,-5,111,1,137,0
5,2,113,1,137,0
4,1,136,1,137,0
0,8,6,1,138,0
-3,8,16,1,138,0
8,-5,29,1,138,0
-1,6,38,1,138,0
-4,-4,49,1,138,0
7,-2,69,1,138,0
1,-4,79,1,138,0
6,4,109,1,138,0
8,6,102,1,138,0
-5,-7,106,1,138,0
4,-3,108,1,138,0
7,5,109,1,138,0
5,3,117,1,138,0
4,2,124,1,138,0
3,1,127,1,138,0
-8,-7,6,1,138,0
8,-6,27,1,138,0
7,-3,61,1,138,0
3,-1,64,1,138,0
7,6,108,1,138,0
6,5,118,1,138,0
4,-4,119,1,138,0
-4,-5,121,1,138,0
3,2,132,1,138,0
5,4,126,1,138,0
1,0,132,1,138,0
4,3,134,1,138,0
2,1,138,1,138,0
-8,-8,9,1,138,0
4,-5,12,1,138,0
2,2,134,1,138,0
7,-4,52,1,138,0
-1,-7,73,1,138,0
8,-7,84,1,138,0
6,-1,107,1,138,0
6,6,109,1,138,0
-4,-6,114,1,138,0
3,-2,116,1,138,0
5,5,119,1,138,0
-3,-3,131,1,138,0
3,3,137,1,138,0
0,0,137,1,138,0
1,1,137,1,138,0
4,4,128,1,138,0
1,2,41,1,138,0
7,-5,48,1,138,0
1,-7,59,1,138,0
0,-4,74,1,138,0
-4,-7,92,1,138,0
6,7,108,1,138,0
5,6,117,1,138,0
4,5,125,1,138,0
3,-3,128,1,138,0
-3,-4,129,1,138,0
3,4,133,1,138,0
-7,-7,19,1,138,0
6,-3,27,1,138,0
2,4,32,1,138,0
4,6,75,1,138,0
0,2,35,1,138,0
-6,-4,35,1,138,0
7,-6,43,1,138,0
5,7,88,1,138,0
3,-4,93,1,138,0
6,8,95,1,138,0
-3,-5,122,1,138,0
2,-1,124,1,138,0
3,-5,6,1,138,0
-7,-8,12,1,138,0
-2,2,19,1,138,0
3,6,56,1,138,0
2,5,24,1,138,0
6,-4,27,1,138,0
-6,-5,34,1,138,0
8,1,74,1,138,0
4,7,79,1,138,0
5,8,92,1,138,0
7,-7,93,1,138,0
7,0,97,1,138,0
-2,-3,136,1,138,0
2,-2,137,1,138,0
2,6,23,1,138,0
-2,3,18,1,138,0
1,5,22,1,138,0
6,-5,25,1,138,0
-6,-6,27,1,138,0
-1,2,28,1,138,0
5,-2,36,1,138,0
-2,-4,61,1,138,0
0,-7,67,1,138,0
3,7,76,1,138,0
7,-8,76,1,138,0
4,8,84,1,138,0
-3,-7,85,1,138,0
7,1,85,1,138,0
8,2,102,1,138,0
6,0,112,1,138,0
7,-9,4,1,138,0
-2,4,11,1,138,0
0,5,15,1,138,0
-6,-7,19,1,138,0
5,-3,34,1,138,0
-5,-4,43,1,138,0
2,7,65,1,138,0
8,-2,67,1,138,0
3,8,74,1,138,0
2,-4,86,1,138,0
6,-6,102,1,138,0
7,2,122,1,138,0
6,1,128,1,138,0
5,0,129,1,138,0
1,-1,131,1,138,0
-2,5,5,1,138,0
-3,6,6,1,138,0
0,6,41,1,138,0
4,-1,49,1,138,0
1,7,59,1,138,0
8,-3,64,1,138,0
6,-7,71,1,138,0
4,0,74,1,138,0
6,2,125,1,138,0
5,1,134,1,138,0
-9,-8,2,1,138,0
9,6,3,1,138,0
-1,5,8,1,138,0
-3,7,23,1,138,0
-2,6,31,1,138,0
4,-2,43,1,138,0
0,7,48,1,138,0
1,8,53,1,138,0
8,-4,57,1,138,0
3,0,61,1,138,0
-1,-4,68,1,138,0
-2,-7,79,1,138,0
7,4,99,1,138,0
7,-1,106,1,138,0
6,3,106,1,138,0
-5,-6,111,1,138,0
5,-5,111,1,138,0
5,2,113,1,138,0
4,1,137,1,138,0
0,8,6,1,139,0
-3,8,16,1,139,0
8,-5,29,1,139,0
-1,6,38,1,139,0
-4,-4,49,1,139,0
7,-2,69,1,139,0
1,-4,79,1,139,0
6,4,109,1,139,0
8,6,102,1,139,0
-5,-7,106,1,139,0
4,-3,108,1,139,0
7,5,109,1,139,0
5,3,117,1,139,0
4,2,124,1,139,0
3,1,127,1,139,0
-8,-7,6,1,139,0
8,-6,27,1,139,0
7,-3,61,1,139,0
3,-1,64,1,139,0
7,6,108,1,139,0
6,5,118,1,139,0
4,-4,119,1,139,0
-4,-5,121,1,139,0
3,2,132,1,139,0
5,4,126,1,139,0
1,0,132,1,139,0
4,3,134,1,139,0
2,1,139,1,139,0
-8,-8,9,1,139,0
4,-5,12,1,139,0
2,2,134,1,139,0
7,-4,52,1,139,0
-1,-7,73,1,139,0
8,-7,84,1,139,0
6,-1,107,1,139,0
6,6,109,1,139,0
-4,-6,114,1,139,0
3,-2,116,1,139,0
5,5,119,1,139,0
-3,-3,131,1,139,0
3,3,138,1,139,0
0,0,138,1,139,0
1,1,138,1,139,0
4,4,128,1,139,0
1,2,41,1,139,0
7,-5,48,1,139,0
1,-7,59,1,139,0
0,-4,74,1,139,0
-4,-7,92,1,139,0
6,7,108,1,139,0
5,6,117,1,139,0
4,5,125,1,139,0
3,-3,128,1,139,0
-3,-4,129,1,139,0
3,4,133,1,139,0
-7,-7,19,1,139,0
6,-3,27,1,139,0
2,4,32,1,139,0
4,6,75,1,139,0
0,2,35,1,139,0
-6,-4,35,1,139,0
7,-6,43,1,139,0
5,7,88,1,139,0
3,-4,93,1,139,0
6,8,95,1,139,0
-3,-5,122,1,139,0
2,-1,124,1,139,0
3,-5,6,1,139,0
-7,-8,12,1,139,0
-2,2,19,1,139,0
3,6,56,1,139,0
2,5,24,1,139,0
6,-4,27,1,139,0
-6,-5,34,1,139,0
8,1,74,1,139,0
4,7,79,1,139,0
5,8,92,1,139,0
7,-7,93,1,139,0
7,0,97,1,139,0
2,-2,137,1,139,0
-2,-3,137,1,139,0
2,6,23,1,139,0
-2,3,18,1,139,0
1,5,22,1,139,0
6,-5,25,1,139,0
-6,-6,27,1,139,0
-1,2,28,1,139,0
5,-2,36,1,139,0
-2,-4,61,1,139,0
0,-7,67,1,139,0
3,7,76,1,139,0
7,-8,76,1,139,0
4,8,84,1,139,0
-3,-7,85,1,139,0
7,1,85,1,139,0
8,2,102,1,139,0
6,0,112,1,139,0
7,-9,4,1,139,0
-2,4,11,1,139,0
0,5,15,1,139,0
-6,-7,19,1,139,0
5,-3,34,1,139,0
-5,-4,43,1,139,0
2,7,65,1,139,0
8,-2,67,1,139,0
3,8,74,1,139,0
2,-4,86,1,139,0
6,-6,102,1,139,0
7,2,122,1,139,0
6,1,128,1,139,0
5,0,129,1,139,0
1,-1,138,1,139,0
-2,5,5,1,139,0
-3,6,6,1,139,0
0,6,41,1,139,0
4,-1,49,1,139,0
1,7,59,1,139,0
8,-3,64,1,139,0
6,-7,71,1,139,0
4,0,74,1,139,0
6,2,125,1,139,0
5,1,134,1,139,0
-9,-8,2,1,139,0
9,6,3,1,139,0
-1,5,8,1,139,0
-3,7,23,1,139,0
-2,6,31,1,139,0
4,-2,43,1,139,0
0,7,48,1,139,0
1,8,53,1,139,0
8,-4,57,1,139,0
3,0,61,1,139,0
-1,-4,68,1,139,0
-2,-7,79,1,139,0
7,4,99,1,139,0
7,-1,106,1,139,0
6,3,106,1,139,0
-5,-6,111,1,139,0
5,-5,111,1,139,0
5,2,113,1,139,0
4,1,138,1,139,0
0,8,6,1,140,0
-3,8,16,1,140,0
8,-5,29,1,140,0
-1,6,38,1,140,0
-4,-4,49,1,140,0
7,-2,69,1,140,0
1,-4,79,1,140,0
6,4,109,1,140,0
8,6,102,1,140,0
-5,-7,106,1,140,0
4,-3,108,1,140,0
7,5,109,1,140,0
5,3,117,1,140,0
4,2,124,1,140,0
3,1,127,1,140,0
-8,-7,6,1,140,0
8,-6,27,1,140,0
7,-3,61,1,140,0
3,-1,64,1,140,0
7,6,108,1,140,0
6,5,118,1,140,0
4,-4,119,1,140,0
-4,-5,121,1,140,0
5,4,126,1,140,0
4,3,134,1,140,0
2,1,139,1,140,0
3,2,139,1,140,0
1,0,139,1,140,0
-8,-8,9,1,140,0
4,-5,12,1,140,0
2,2,134,1,140,0
7,-4,52,1,140,0
-1,-7,73,1,140,0
8,-7,84,1,140,0
6,-1,107,1,140,0
6,6,109,1,140,0
-4,-6,114,1,140,0
3,-2,116,1,140,0
5,5,119,1,140,0
-3,-3,131,1,140,0
1,1,138,1,140,0
3,3,138,1,140,0
0,0,139,1,140,0
4,4,128,1,140,0
1,2,41,1,140,0
7,-5,48,1,140,0
1,-7,59,1,140,0
0,-4,74,1,140,0
-4,-7,92,1,140,0
6,7,108,1,140,0
5,6,117,1,140,0
4,5,125,1,140,0
3,-3,128,1,140,0
-3,-4,129,1,140,0
3,4,133,1,140,0
2,3,139,1,140,0
-7,-7,19,1,140,0
6,-3,27,1,140,0
2,4,32,1,140,0
4,6,75,1,140,0
0,2,35,1,140,0
-6,-4,35,1,140,0
7,-6,43,1,140,0
5,7,88,1,140,0
3,-4,93,1,140,0
6,8,95,1,140,0
-3,-5,122,1,140,0
2,-1,124,1,140,0
-2,-2,139,1,140,0
3,-5,6,1,140,0
-7,-8,12,1,140,0
-2,2,19,1,140,0
3,6,56,1,140,0
2,5,24,1,140,0
6,-4,27,1,140,0
-6,-5,34,1,140,0
8,1,74,1,140,0
4,7,79,1,140,0
5,8,92,1,140,0
7,-7,93,1,140,0
7,0,97,1,140,0
2,-2,137,1,140,0
-2,-3,138,1,140,0
2,6,23,1,140,0
-2,3,18,1,140,0
1,5,22,1,140,0
6,-5,25,1,140,0
-6,-6,27,1,140,0
-1,2,28,1,140,0
5,-2,36,1,140,0
-2,-4,61,1,140,0
0,-7,67,1,140,0
3,7,76,1,140,0
7,-8,76,1,140,0
4,8,84,1,140,0
-3,-7,85,1,140,0
7,1,85,1,140,0
8,2,102,1,140,0
6,0,112,1,140,0
7,-9,4,1,140,0
-2,4,11,1,140,0
0,5,15,1,140,0
-6,-7,19,1,140,0
5,-3,34,1,140,0
-5,-4,43,1,140,0
2,7,65,1,140,0
8,-2,67,1,140,0
3,8,74,1,140,0
2,-4,86,1,140,0
6,-6,102,1,140,0
7,2,122,1,140,0
6,1,128,1,140,0
5,0,129,1,140,0
1,-1,139,1,140,0
-2,5,5,1,140,0
-3,6,6,1,140,0
0,6,41,1,140,0
4,-1,49,1,140,0
1,7,59,1,140,0
8,-3,64,1,140,0
6,-7,71,1,140,0
4,0,74,1,140,0
6,2,125,1,140,0
5,1,134,1,140,0
-9,-8,2,1,140,0
9,6,3,1,140,0
-1,5,8,1,140,0
-3,7,23,1,140,0
-2,6,31,1,140,0
4,-2,43,1,140,0
0,7,48,1,140,0
1,8,53,1,140,0
8,-4,57,1,140,0
3,0,61,1,140,0
-1,-4,68,1,140,0
-2,-7,79,1,140,0
7,4,99,1,140,0
7,-1,106,1,140,0
6,3,106,1,140,0
-5,-6,111,1,140,0
5,-5,111,1,140,0
5,2,113,1,140,0
4,1,139,1,140,0
0,8,6,1,141,0
-3,8,16,1,141,0
8,-5,29,1,141,0
-1,6,38,1,141,0
-4,-4,49,1,141,0
7,-2,69,1,141,0
1,-4,79,1,141,0
6,4,109,1,141,0
8,6,102,1,141,0
-5,-7,106,1,141,0
4,-3,108,1,141,0
7,5,109,1,141,0
5,3,117,1,141,0
4,2,124,1,141,0
3,1,127,1,141,0
-8,-7,6,1,141,0
8,-6,27,1,141,0
7,-3,61,1,141,0
3,-1,64,1,141,0
7,6,108,1,141,0
6,5,118,1,141,0
4,-4,119,1,141,0
-4,-5,121,1,141,0
5,4,126,1,141,0
4,3,134,1,141,0
2,1,139,1,141,0
3,2,139,1,141,0
1,0,139,1,141,0
-8,-8,9,1,141,0
4,-5,12,1,141,0
2,2,134,1,141,0
7,-4,52,1,141,0
-1,-7,73,1,141,0
8,-7,84,1,141,0
6,-1,107,1,141,0
6,6,109,1,141,0
-4,-6,114,1,141,0
3,-2,116,1,141,0
5,5,119,1,141,0
-3,-3,131,1,141,0
1,1,141,1,141,0
0,0,139,1,141,0
4,4,128,1,141,0
3,3,138,1,141,0
1,2,41,1,141,0
7,-5,48,1,141,0
1,-7,59,1,141,0
0,-4,74,1,141,0
-4,-7,92,1,141,0
6,7,108,1,141,0
5,6,117,1,141,0
4,5,125,1,141,0
3,-3,128,1,141,0
-3,-4,129,1,141,0
3,4,133,1,141,0
2,3,139,1,141,0
-7,-7,19,1,141,0
6,-3,27,1,141,0
2,4,32,1,141,0
4,6,75,1,141,0
0,2,35,1,141,0
-6,-4,35,1,141,0
7,-6,43,1,141,0
5,7,88,1,141,0
3,-4,93,1,141,0
6,8,95,1,141,0
-3,-5,122,1,141,0
2,-1,124,1,141,0
-2,-2,139,1,141,0
3,-5,6,1,141,0
-7,-8,12,1,141,0
-2,2,19,1,141,0
3,6,56,1,141,0
2,5,24,1,141,0
6,-4,27,1,141,0
-6,-5,34,1,141,0
8,1,74,1,141,0
4,7,79,1,141,0
5,8,92,1,141,0
7,-7,93,1,141,0
7,0,97,1,141,0
2,-2,137,1,141,0
-2,-3,138,1,141,0
2,6,23,1,141,0
-2,3,18,1,141,0
1,5,22,1,141,0
6,-5,25,1,141,0
-6,-6,27,1,141,0
-1,2,28,1,141,0
5,-2,36,1,141,0
-2,-4,61,1,141,0
0,-7,67,1,141,0
3,7,76,1,141,0
7,-8,76,1,141,0
4,8,84,1,141,0
-3,-7,85,1,141,0
7,1,85,1,141,0
8,2,102,1,141,0
6,0,112,1,141,0
7,-9,4,1,141,0
-2,4,11,1,141,0
0,5,15,1,141,0
-6,-7,19,1,141,0
5,-3,34,1,141,0
-5,-4,43,1,141,0
2,7,65,1,141,0
8,-2,67,1,141,0
3,8,74,1,141,0
2,-4,86,1,141,0
6,-6,102,1,141,0
7,2,122,1,141,0
6,1,128,1,141,0
5,0,129,1,141,0
1,-1,139,1,141,0
-2,5,5,1,141,0
-3,6,6,1,141,0
0,6,41,1,141,0
4,-1,49,1,141,0
1,7,59,1,141,0
8,-3,64,1,141,0
6,-7,71,1,141,0
4,0,74,1,141,0
6,2,125,1,141,0
5,1,134,1,141,0
-9,-8,2,1,141,0
9,6,3,1,141,0
-1,5,8,1,141,0
-3,7,23,1,141,0
-2,6,31,1,141,0
4,-2,43,1,141,0
0,7,48,1,141,0
1,8,53,1,141,0
8,-4,57,1,141,0
3,0,61,1,141,0
-1,-4,68,1,141,0
-2,-7,79,1,141,0
7,4,99,1,141,0
7,-1,106,1,141,0
6,3,106,1,141,0
-5,-6,111,1,141,0
5,-5,111,1,141,0
5,2,113,1,141,0
4,1,139,1,141,0
0,8,6,1,142,0
-3,8,16,1,142,0
8,-5,29,1,142,0
-1,6,38,1,142,0
-4,-4,49,1,142,0
7,-2,69,1,142,0
1,-4,79,1,142,0
6,4,109,1,142,0
8,6,102,1,142,0
-5,-7,106,1,142,0
4,-3,108,1,142,0
7,5,109,1,142,0
5,3,117,1,142,0
4,2,124,1,142,0
3,1,127,1,142,0
-8,-7,6,1,142,0
8,-6,27,1,142,0
7,-3,61,1,142,0
3,-1,64,1,142,0
7,6,108,1,142,0
6,5,118,1,142,0
4,-4,119,1,142,0
-4,-5,121,1,142,0
5,4,126,1,142,0
4,3,134,1,142,0
2,1,139,1,142,0
3,2,141,1,142,0
1,0,141,1,142,0
-8,-8,9,1,142,0
4,-5,12,1,142,0
2,2,134,1,142,0
7,-4,52,1,142,0
-1,-7,73,1,142,0
8,-7,84,1,142,0
6,-1,107,1,142,0
6,6,109,1,142,0
-4,-6,114,1,142,0
3,-2,116,1,142,0
5,5,119,1,142,0
-3,-3,131,1,142,0
1,1,142,1,142,0
0,0,141,1,142,0
3,3,138,1,142,0
4,4,128,1,142,0
1,2,41,1,142,0
7,-5,48,1,142,0
1,-7,59,1,142,0
0,-4,74,1,142,0
-4,-7,92,1,142,0
6,7,108,1,142,0
5,6,117,1,142,0
4,5,125,1,142,0
3,-3,128,1,142,0
-3,-4,129,1,142,0
3,4,133,1,142,0
2,3,141,1,142,0
-7,-7,19,1,142,0
6,-3,27,1,142,0
2,4,32,1,142,0
4,6,75,1,142,0
0,2,35,1,142,0
-6,-4,35,1,142,0
7,-6,43,1,142,0
5,7,88,1,142,0
3,-4,93,1,142,0
6,8,95,1,142,0
-3,-5,122,1,142,0
2,-1,124,1,142,0
-2,-2,141,1,142,0
3,-5,6,1,142,0
-7,-8,12,1,142,0
-2,2,19,1,142,0
3,6,56,1,142,0
2,5,24,1,142,0
6,-4,27,1,142,0
-6,-5,34,1,142,0
8,1,74,1,142,0
4,7,79,1,142,0
5,8,92,1,142,0
7,-7,93,1,142,0
7,0,97,1,142,0
2,-2,137,1,142,0
-2,-3,138,1,142,0
2,6,23,1,142,0
-2,3,18,1,142,0
1,5,22,1,142,0
6,-5,25,1,142,0
-6,-6,27,1,142,0
-1,2,28,1,142,0
5,-2,36,1,142,0
-2,-4,61,1,142,0
0,-7,67,1,142,0
3,7,76,1,142,0
7,-8,76,1,142,0
4,8,84,1,142,0
-3,-7,85,1,142,0
7,1,85,1,142,0
8,2,102,1,142,0
6,0,112,1,142,0
7,-9,4,1,142,0
-2,4,11,1,142,0
0,5,15,1,142,0
-6,-7,19,1,142,0
5,-3,34,1,142,0
-5,-4,43,1,142,0
2,7,65,1,142,0
8,-2,67,1,142,0
3,8,74,1,142,0
2,-4,86,1,142,0
6,-6,102,1,142,0
7,2,122,1,142,0
6,1,128,1,142,0
5,0,129,1,142,0
1,-1,141,1,142,0
-2,5,5,1,142,0
-3,6,6,1,142,0
0,6,41,1,142,0
4,-1,49,1,142,0
1,7,59,1,142,0
8,-3,64,1,142,0
6,-7,71,1,142,0
4,0,74,1,142,0
6,2,125,1,142,0
5,1,134,1,142,0
-9,-8,2,1,142,0
9,6,3,1,142,0
-1,5,8,1,142,0
-3,7,23,1,142,0
-2,6,31,1,142,0
4,-2,43,1,142,0
0,7,48,1,142,0
1,8,53,1,142,0
8,-4,57,1,142,0
3,0,61,1,142,0
-1,-4,68,1,142,0
-2,-7,79,1,142,0
7,4,99,1,142,0
7,-1,106,1,142,0
6,3,106,1,142,0
-5,-6,111,1,142,0
5,-5,111,1,142,0
5,2,113,1,142,0
4,1,141,1,142,0
0,8,6,1,143,0
-3,8,16,1,143,0
8,-5,29,1,143,0
-1,6,38,1,143,0
-4,-4,49,1,143,0
7,-2,69,1,143,0
1,-4,79,1,143,0
6,4,109,1,143,0
8,6,102,1,143,0
-5,-7,106,1,143,0
4,-3,108,1,143,0
7,5,109,1,143,0
5,3,117,1,143,0
4,2,124,1,143,0
3,1,142,1,143,0
-8,-7,6,1,143,0
8,-6,27,1,143,0
7,-3,61,1,143,0
3,-1,64,1,143,0
7,6,108,1,143,0
6,5,118,1,143,0
4,-4,119,1,143,0
-4,-5,121,1,143,0
5,4,126,1,143,0
4,3,134,1,143,0
2,1,139,1,143,0
1,0,141,1,143,0
3,2,142,1,143,0
-8,-8,9,1,143,0
4,-5,12,1,143,0
7,-4,52,1,143,0
-1,-7,73,1,143,0
8,-7,84,1,143,0
6,-1,107,1,143,0
6,6,109,1,143,0
-4,-6,114,1,143,0
3,-2,116,1,143,0
5,5,119,1,143,0
-3,-3,131,1,143,0
1,1,143,1,143,0
2,2,142,1,143,0
0,0,142,1,143,0
3,3,138,1,143,0
4,4,128,1,143,0
1,2,41,1,143,0
7,-5,48,1,143,0
1,-7,59,1,143,0
0,-4,74,1,143,0
-4,-7,92,1,143,0
6,7,108,1,143,0
5,6,117,1,143,0
4,5,125,1,143,0
3,-3,128,1,143,0
-3,-4,129,1,143,0
3,4,133,1,143,0
2,3,141,1,143,0
-7,-7,19,1,143,0
6,-3,27,1,143,0
2,4,32,1,143,0
4,6,75,1,143,0
0,2,35,1,143,0
-6,-4,35,1,143,0
7,-6,43,1,143,0
5,7,88,1,143,0
3,-4,93,1,143,0
6,8,95,1,143,0
-3,-5,122,1,143,0
2,-1,124,1,143,0
-2,-2,142,1,143,0
3,-5,6,1,143,0
-7,-8,12,1,143,0
-2,2,19,1,143,0
3,6,56,1,143,0
2,5,24,1,143,0
6,-4,27,1,143,0
-6,-5,34,1,143,0
8,1,74,1,143,0
4,7,79,1,143,0
5,8,92,1,143,0
7,-7,93,1,143,0
7,0,97,1,143,0
2,-2,137,1,143,0
-2,-3,138,1,143,0
2,6,23,1,143,0
-2,3,18,1,143,0
1,5,22,1,143,0
6,-5,25,1,143,0
-6,-6,27,1,143,0
-1,2,28,1,143,0
5,-2,36,1,143,0
-2,-4,61,1,143,0
0,-7,67,1,143,0
3,7,76,1,143,0
7,-8,76,1,143,0
4,8,84,1,143,0
-3,-7,85,1,143,0
7,1,85,1,143,0
8,2,102,1,143,0
6,0,112,1,143,0
7,-9,4,1,143,0
-2,4,11,1,143,0
0,5,15,1,143,0
-6,-7,19,1,143,0
5,-3,34,1,143,0
-5,-4,43,1,143,0
2,7,65,1,143,0
8,-2,67,1,143,0
3,8,74,1,143,0
2,-4,86,1,143,0
6,-6,102,1,143,0
7,2,122,1,143,0
6,1,128,1,143,0
5,0,129,1,143,0
1,-1,142,1,143,0
-2,5,5,1,143,0
-3,6,6,1,143,0
0,6,41,1,143,0
4,-1,49,1,143,0
1,7,59,1,143,0
8,-3,64,1,143,0
6,-7,71,1,143,0
4,0,74,1,143,0
6,2,125,1,143,0
5,1,134,1,143,0
-9,-8,2,1,143,0
9,6,3,1,143,0
-1,5,8,1,143,0
-3,7,23,1,143,0
-2,6,31,1,143,0
4,-2,43,1,143,0
0,7,48,1,143,0
1,8,53,1,143,0
8,-4,57,1,143,0
3,0,61,1,143,0
-1,-4,68,1,143,0
-2,-7,79,1,143,0
7,4,99,1,143,0
7,-1,106,1,143,0
6,3,106,1,143,0
-5,-6,111,1,143,0
5,-5,111,1,143,0
5,2,113,1,143,0
4,1,141,1,143,0
0,8,6,1,144,0
-3,8,16,1,144,0
8,-5,29,1,144,0
-1,6,38,1,144,0
-4,-4,49,1,144,0
7,-2,69,1,144,0
1,-4,79,1,144,0
6,4,109,1,144,0
8,6,102,1,144,0
-5,-7,106,1,144,0
4,-3,108,1,144,0
7,5,109,1,144,0
5,3,117,1,144,0
4,2,124,1,144,0
3,1,143,1,144,0
-8,-7,6,1,144,0
8,-6,27,1,144,0
7,-3,61,1,144,0
3,-1,64,1,144,0
7,6,108,1,144,0
6,5,118,1,144,0
4,-4,119,1,144,0
-4,-5,121,1,144,0
5,4,126,1,144,0
4,3,134,1,144,0
2,1,139,1,144,0
1,0,141,1,144,0
3,2,142,1,144,0
-8,-8,9,1,144,0
4,-5,12,1,144,0
7,-4,52,1,144,0
-1,-7,73,1,144,0
8,-7,84,1,144,0
6,-1,107,1,144,0
6,6,109,1,144,0
-4,-6,114,1,144,0
3,-2,116,1,144,0
5,5,119,1,144,0
-3,-3,131,1,144,0
1,1,144,1,144,0
2,2,143,1,144,0
0,0,143,1,144,0
3,3,138,1,144,0
4,4,128,1,144,0
1,2,41,1,144,0
7,-5,48,1,144,0
1,-7,59,1,144,0
0,-4,74,1,144,0
-4,-7,92,1,144,0
6,7,108,1,144,0
5,6,117,1,144,0
4,5,125,1,144,0
3,-3,128,1,144,0
-3,-4,129,1,144,0
3,4,133,1,144,0
2,3,141,1,144,0
-7,-7,19,1,144,0
6,-3,27,1,144,0
2,4,32,1,144,0
4,6,75,1,144,0
0,2,35,1,144,0
-6,-4,35,1,144,0
7,-6,43,1,144,0
5,7,88,1,144,0
3,-4,93,1,144,0
6,8,95,1,144,0
-3,-5,122,1,144,0
2,-1,124,1,144,0
-2,-2,142,1,144,0
3,-5,6,1,144,0
-7,-8,12,1,144,0
-2,2,19,1,144,0
3,6,56,1,144,0
2,5,24,1,144,0
6,-4,27,1,144,0
-6,-5,34,1,144,0
8,1,74,1,144,0
4,7,79,1,144,0
5,8,92,1,144,0
7,-7,93,1,144,0
7,0,97,1,144,0
2,-2,137,1,144,0
-2,-3,138,1,144,0
2,6,23,1,144,0
-2,3,18,1,144,0
1,5,22,1,144,0
6,-5,25,1,144,0
-6,-6,27,1,144,0
-1,2,28,1,144,0
5,-2,36,1,144,0
-2,-4,61,1,144,0
0,-7,67,1,144,0
3,7,76,1,144,0
7,-8,76,1,144,0
4,8,84,1,144,0
-3,-7,85,1,144,0
7,1,85,1,144,0
8,2,102,1,144,0
6,0,112,1,144,0
7,-9,4,1,144,0
-2,4,11,1,144,0
0,5,15,1,144,0
-6,-7,19,1,144,0
5,-3,34,1,144,0
-5,-4,43,1,144,0
2,7,65,1,144,0
8,-2,67,1,144,0
3,8,74,1,144,0
2,-4,86,1,144,0
6,-6,102,1,144,0
7,2,122,1,144,0
6,1,128,1,144,0
5,0,129,1,144,0
-1,-2,143,1,144,0
1,-1,143,1,144,0
-2,5,5,1,144,0
-3,6,6,1,144,0
0,6,41,1,144,0
4,-1,49,1,144,0
1,7,59,1,144,0
8,-3,64,1,144,0
6,-7,71,1,144,0
4,0,74,1,144,0
6,2,125,1,144,0
5,1,134,1,144,0
-9,-8,2,1,144,0
9,6,3,1,144,0
-1,5,8,1,144,0
-3,7,23,1,144,0
-2,6,31,1,144,0
4,-2,43,1,144,0
0,7,48,1,144,0
1,8,53,1,144,0
8,-4,57,1,144,0
3,0,61,1,144,0
-1,-4,68,1,144,0
-2,-7,79,1,144,0
7,4,99,1,144,0
7,-1,106,1,144,0
6,3,106,1,144,0
-5,-6,111,1,144,0
5,-5,111,1,144,0
5,2,113,1,144,0
4,1,141,1,144,0
0,8,6,1,145,0
-3,8,16,1,145,0
8,-5,29,1,145,0
-1,6,38,1,145,0
-4,-4,49,1,145,0
7,-2,69,1,145,0
1,-4,79,1,145,0
6,4,109,1,145,0
8,6,102,1,145,0
-5,-7,106,1,145,0
4,-3,108,1,145,0
7,5,109,1,145,0
5,3,117,1,145,0
4,2,124,1,145,0
3,1,144,1,145,0
-8,-7,6,1,145,0
8,-6,27,1,145,0
7,-3,61,1,145,0
3,-1,64,1,145,0
7,6,108,1,145,0
6,5,118,1,145,0
4,-4,119,1,145,0
-4,-5,121,1,145,0
5,4,126,1,145,0
4,3,134,1,145,0
2,1,139,1,145,0
1,0,141,1,145,0
3,2,142,1,145,0
-8,-8,9,1,145,0
4,-5,12,1,145,0
7,-4,52,1,145,0
-1,-7,73,1,145,0
8,-7,84,1,145,0
6,-1,107,1,145,0
6,6,109,1,145,0
-4,-6,114,1,145,0
3,-2,116,1,145,0
5,5,119,1,145,0
-3,-3,131,1,145,0
1,1,145,1,145,0
2,2,144,1,145,0
0,0,144,1,145,0
3,3,138,1,145,0
4,4,128,1,145,0
1,2,41,1,145,0
7,-5,48,1,145,0
1,-7,59,1,145,0
0,-4,74,1,145,0
-4,-7,92,1,145,0
6,7,108,1,145,0
5,6,117,1,145,0
4,5,125,1,145,0
3,-3,128,1,145,0
-3,-4,129,1,145,0
3,4,133,1,145,0
2,3,141,1,145,0
-7,-7,19,1,145,0
6,-3,27,1,145,0
2,4,32,1,145,0
4,6,75,1,145,0
0,2,35,1,145,0
-6,-4,35,1,145,0
7,-6,43,1,145,0
5,7,88,1,145,0
3,-4,93,1,145,0
6,8,95,1,145,0
-3,-5,122,1,145,0
2,-1,124,1,145,0
-2,-2,142,1,145,0
-1,0,144,1,145,0
3,-5,6,1,145,0
-7,-8,12,1,145,0
-2,2,19,1,145,0
3,6,56,1,145,0
2,5,24,1,145,0
6,-4,27,1,145,0
-6,-5,34,1,145,0
8,1,74,1,145,0
4,7,79,1,145,0
5,8,92,1,145,0
7,-7,93,1,145,0
7,0,97,1,145,0
2,-2,137,1,145,0
-2,-3,138,1,145,0
2,6,23,1,145,0
-2,3,18,1,145,0
1,5,22,1,145,0
6,-5,25,1,145,0
-6,-6,27,1,145,0
-1,2,28,1,145,0
5,-2,36,1,145,0
-2,-4,61,1,145,0
0,-7,67,1,145,0
3,7,76,1,145,0
7,-8,76,1,145,0
4,8,84,1,145,0
-3,-7,85,1,145,0
7,1,85,1,145,0
8,2,102,1,145,0
6,0,112,1,145,0
7,-9,4,1,145,0
-2,4,11,1,145,0
0,5,15,1,145,0
-6,-7,19,1,145,0
5,-3,34,1,145,0
-5,-4,43,1,145,0
2,7,65,1,145,0
8,-2,67,1,145,0
3,8,74,1,145,0
2,-4,86,1,145,0
6,-6,102,1,145,0
7,2,122,1,145,0
6,1,128,1,145,0
5,0,129,1,145,0
-1,-2,144,1,145,0
1,-1,144,1,145,0
-2,5,5,1,145,0
-3,6,6,1,145,0
0,6,41,1,145,0
4,-1,49,1,145,0
1,7,59,1,145,0
8,-3,64,1,145,0
6,-7,71,1,145,0
4,0,74,1,145,0
6,2,125,1,145,0
5,1,134,1,145,0
-9,-8,2,1,145,0
9,6,3,1,145,0
-1,5,8,1,145,0
-3,7,23,1,145,0
-2,6,31,1,145,0
4,-2,43,1,145,0
0,7,48,1,145,0
1,8,53,1,145,0
8,-4,57,1,145,0
3,0,61,1,145,0
-1,-4,68,1,145,0
-2,-7,79,1,145,0
7,4,99,1,145,0
7,-1,106,1,145,0
6,3,106,1,145,0
-5,-6,111,1,145,0
5,-5,111,1,145,0
5,2,113,1,145,0
4,1,141,1,145,0
0,8,6,1,146,0
-3,8,16,1,146,0
8,-5,29,1,146,0
-1,6,38,1,146,0
-4,-4,49,1,146,0
7,-2,69,1,146,0
1,-4,79,1,146,0
6,4,109,1,146,0
8,6,102,1,146,0
-5,-7,106,1,146,0
4,-3,108,1,146,0
7,5,109,1,146,0
5,3,117,1,146,0
4,2,124,1,146,0
3,1,145,1,146,0
-8,-7,6,1,146,0
8,-6,27,1,146,0
7,-3,61,1,146,0
3,-1,64,1,146,0
7,6,108,1,146,0
6,5,118,1,146,0
4,-4,119,1,146,0
-4,-5,121,1,146,0
5,4,126,1,146,0
4,3,134,1,146,0
2,1,139,1,146,0
1,0,146,1,146,0
3,2,142,1,146,0
-8,-8,9,1,146,0
4,-5,12,1,146,0
7,-4,52,1,146,0
-1,-7,73,1,146,0
8,-7,84,1,146,0
6,-1,107,1,146,0
6,6,109,1,146,0
-4,-6,114,1,146,0
3,-2,116,1,146,0
5,5,119,1,146,0
-3,-3,131,1,146,0
1,1,145,1,146,0
2,2,145,1,146,0
0,0,145,1,146,0
4,4,128,1,146,0
3,3,138,1,146,0
1,2,41,1,146,0
7,-5,48,1,146,0
1,-7,59,1,146,0
0,-4,74,1,146,0
-4,-7,92,1,146,0
6,7,108,1,146,0
5,6,117,1,146,0
4,5,125,1,146,0
3,-3,128,1,146,0
-3,-4,129,1,146,0
3,4,133,1,146,0
2,3,141,1,146,0
-7,-7,19,1,146,0
6,-3,27,1,146,0
2,4,32,1,146,0
4,6,75,1,146,0
0,2,35,1,146,0
-6,-4,35,1,146,0
7,-6,43,1,146,0
5,7,88,1,146,0
3,-4,93,1,146,0
6,8,95,1,146,0
-3,-5,122,1,146,0
2,-1,124,1,146,0
-2,-2,142,1,146,0
-1,0,145,1,146,0
3,-5,6,1,146,0
-7,-8,12,1,146,0
-2,2,19,1,146,0
3,6,56,1,146,0
2,5,24,1,146,0
6,-4,27,1,146,0
-6,-5,34,1,146,0
8,1,74,1,146,0
4,7,79,1,146,0
5,8,92,1,146,0
7,-7,93,1,146,0
7,0,97,1,146,0
2,-2,137,1,146,0
-2,-3,138,1,146,0
2,6,23,1,146,0
-2,3,18,1,146,0
1,5,22,1,146,0
6,-5,25,1,146,0
-6,-6,27,1,146,0
-1,2,28,1,146,0
5,-2,36,1,146,0
-2,-4,61,1,146,0
0,-7,67,1,146,0
3,7,76,1,146,0
7,-8,76,1,146,0
4,8,84,1,146,0
-3,-7,85,1,146,0
7,1,85,1,146,0
8,2,102,1,146,0
6,0,112,1,146,0
7,-9,4,1,146,0
-2,4,11,1,146,0
0,5,15,1,146,0
-6,-7,19,1,146,0
5,-3,34,1,146,0
-5,-4,43,1,146,0
2,7,65,1,146,0
8,-2,67,1,146,0
3,8,74,1,146,0
2,-4,86,1,146,0
6,-6,102,1,146,0
7,2,122,1,146,0
6,1,128,1,146,0
5,0,129,1,146,0
-1,-2,145,1,146,0
1,-1,145,1,146,0
-2,5,5,1,146,0
-3,6,6,1,146,0
0,6,41,1,146,0
4,-1,49,1,146,0
1,7,59,1,146,0
8,-3,64,1,146,0
6,-7,71,1,146,0
4,0,74,1,146,0
6,2,125,1,146,0
5,1,134,1,146,0
-9,-8,2,1,146,0
9,6,3,1,146,0
-1,5,8,1,146,0
-3,7,23,1,146,0
-2,6,31,1,146,0
4,-2,43,1,146,0
0,7,48,1,146,0
1,8,53,1,146,0
8,-4,57,1,146,0
3,0,61,1,146,0
-1,-4,68,1,146,0
-2,-7,79,1,146,0
7,4,99,1,146,0
7,-1,106,1,146,0
6,3,106,1,146,0
-5,-6,111,1,146,0
5,-5,111,1,146,0
5,2,113,1,146,0
4,1,141,1,146,0
0,8,6,1,147,0
-3,8,16,1,147,0
8,-5,29,1,147,0
-1,6,38,1,147,0
-4,-4,49,1,147,0
7,-2,69,1,147,0
1,-4,79,1,147,0
6,4,109,1,147,0
8,6,102,1,147,0
-5,-7,106,1,147,0
4,-3,108,1,147,0
7,5,109,1,147,0
5,3,117,1,147,0
4,2,124,1,147,0
3,1,146,1,147,0
-8,-7,6,1,147,0
8,-6,27,1,147,0
7,-3,61,1,147,0
3,-1,64,1,147,0
7,6,108,1,147,0
6,5,118,1,147,0
4,-4,119,1,147,0
-4,-5,121,1,147,0
5,4,126,1,147,0
4,3,134,1,147,0
2,1,139,1,147,0
1,0,147,1,147,0
3,2,142,1,147,0
-8,-8,9,1,147,0
4,-5,12,1,147,0
7,-4,52,1,147,0
-1,-7,73,1,147,0
8,-7,84,1,147,0
6,-1,107,1,147,0
6,6,109,1,147,0
-4,-6,114,1,147,0
3,-2,116,1,147,0
5,5,119,1,147,0
-3,-3,131,1,147,0
1,1,145,1,147,0
2,2,146,1,147,0
0,0,146,1,147,0
3,3,138,1,147,0
4,4,128,1,147,0
1,2,41,1,147,0
7,-5,48,1,147,0
1,-7,59,1,147,0
0,-4,74,1,147,0
-4,-7,92,1,147,0
6,7,108,1,147,0
5,6,117,1,147,0
4,5,125,1,147,0
3,-3,128,1,147,0
-3,-4,129,1,147,0
3,4,133,1,147,0
2,3,141,1,147,0
-7,-7,19,1,147,0
6,-3,27,1,147,0
2,4,32,1,147,0
4,6,75,1,147,0
0,2,35,1,147,0
-6,-4,35,1,147,0
7,-6,43,1,147,0
5,7,88,1,147,0
3,-4,93,1,147,0
6,8,95,1,147,0
-3,-5,122,1,147,0
2,-1,124,1,147,0
-2,-2,142,1,147,0
-1,0,146,1,147,0
3,-5,6,1,147,0
-7,-8,12,1,147,0
-2,2,19,1,147,0
3,6,56,1,147,0
2,5,24,1,147,0
6,-4,27,1,147,0
-6,-5,34,1,147,0
8,1,74,1,147,0
4,7,79,1,147,0
5,8,92,1,147,0
7,-7,93,1,147,0
7,0,97,1,147,0
2,-2,137,1,147,0
-2,-3,138,1,147,0
2,6,23,1,147,0
-2,3,18,1,147,0
1,5,22,1,147,0
6,-5,25,1,147,0
-6,-6,27,1,147,0
-1,2,28,1,147,0
5,-2,36,1,147,0
-2,-4,61,1,147,0
0,-7,67,1,147,0
3,7,76,1,147,0
7,-8,76,1,147,0
4,8,84,1,147,0
-3,-7,85,1,147,0
7,1,85,1,147,0
8,2,102,1,147,0
6,0,112,1,147,0
7,-9,4,1,147,0
-2,4,11,1,147,0
0,5,15,1,147,0
-6,-7,19,1,147,0
5,-3,34,1,147,0
-5,-4,43,1,147,0
2,7,65,1,147,0
8,-2,67,1,147,0
3,8,74,1,147,0
2,-4,86,1,147,0
6,-6,102,1,147,0
7,2,122,1,147,0
6,1,128,1,147,0
5,0,129,1,147,0
-1,-2,146,1,147,0
1,-1,146,1,147,0
-2,5,5,1,147,0
-3,6,6,1,147,0
0,6,41,1,147,0
4,-1,49,1,147,0
1,7,59,1,147,0
8,-3,64,1,147,0
6,-7,71,1,147,0
4,0,74,1,147,0
6,2,125,1,147,0
5,1,134,1,147,0
-9,-8,2,1,147,0
9,6,3,1,147,0
-1,5,8,1,147,0
-3,7,23,1,147,0
-2,6,31,1,147,0
4,-2,43,1,147,0
0,7,48,1,147,0
1,8,53,1,147,0
8,-4,57,1,147,0
3,0,61,1,147,0
-1,-4,68,1,147,0
-2,-7,79,1,147,0
7,4,99,1,147,0
7,-1,106,1,147,0
6,3,106,1,147,0
-5,-6,111,1,147,0
5,-5,111,1,147,0
5,2,113,1,147,0
4,1,141,1,147,0
0,8,6,1,148,0
-3,8,16,1,148,0
8,-5,29,1,148,0
-1,6,38,1,148,0
-4,-4,49,1,148,0
7,-2,69,1,148,0
1,-4,79,1,148,0
6,4,109,1,148,0
8,6,102,1,148,0
-5,-7,106,1,148,0
4,-3,108,1,148,0
7,5,109,1,148,0
5,3,117,1,148,0
4,2,124,1,148,0
3,1,147,1,148,0
-8,-7,6,1,148,0
8,-6,27,1,148,0
7,-3,61,1,148,0
3,-1,64,1,148,0
7,6,108,1,148,0
6,5,118,1,148,0
4,-4,119,1,148,0
-4,-5,121,1,148,0
5,4,126,1,148,0
4,3,134,1,148,0
2,1,139,1,148,0
1,0,147,1,148,0
3,2,142,1,148,0
-8,-8,9,1,148,0
4,-5,12,1,148,0
7,-4,52,1,148,0
-1,-7,73,1,148,0
8,-7,84,1,148,0
6,-1,107,1,148,0
6,6,109,1,148,0
-4,-6,114,1,148,0
3,-2,116,1,148,0
5,5,119,1,148,0
-3,-3,131,1,148,0
1,1,145,1,148,0
2,2,147,1,148,0
3,3,138,1,148,0
4,4,128,1,148,0
0,0,148,1,148,0
1,2,41,1,148,0
7,-5,48,1,148,0
1,-7,59,1,148,0
0,-4,74,1,148,0
-4,-7,92,1,148,0
6,7,108,1,148,0
5,6,117,1,148,0
4,5,125,1,148,0
3,-3,128,1,148,0
-3,-4,129,1,148,0
3,4,133,1,148,0
2,3,141,1,148,0
-7,-7,19,1,148,0
6,-3,27,1,148,0
2,4,32,1,148,0
4,6,75,1,148,0
0,2,35,1,148,0
-6,-4,35,1,148,0
7,-6,43,1,148,0
5,7,88,1,148,0
3,-4,93,1,148,0
6,8,95,1,148,0
-3,-5,122,1,148,0
2,-1,124,1,148,0
-2,-2,142,1,148,0
-1,0,146,1,148,0
3,-5,6,1,148,0
-7,-8,12,1,148,0
-2,2,19,1,148,0
3,6,56,1,148,0
2,5,24,1,148,0
6,-4,27,1,148,0
-6,-5,34,1,148,0
8,1,74,1,148,0
4,7,79,1,148,0
5,8,92,1,148,0
7,-7,93,1,148,0
7,0,97,1,148,0
2,-2,137,1,148,0
-2,-3,138,1,148,0
2,6,23,1,148,0
-2,3,18,1,148,0
1,5,22,1,148,0
6,-5,25,1,148,0
-6,-6,27,1,148,0
-1,2,28,1,148,0
5,-2,36,1,148,0
-2,-4,61,1,148,0
0,-7,67,1,148,0
3,7,76,1,148,0
7,-8,76,1,148,0
4,8,84,1,148,0
-3,-7,85,1,148,0
7,1,85,1,148,0
8,2,102,1,148,0
6,0,112,1,148,0
7,-9,4,1,148,0
-2,4,11,1,148,0
0,5,15,1,148,0
-6,-7,19,1,148,0
5,-3,34,1,148,0
-5,-4,43,1,148,0
2,7,65,1,148,0
8,-2,67,1,148,0
3,8,74,1,148,0
2,-4,86,1,148,0
6,-6,102,1,148,0
7,2,122,1,148,0
6,1,128,1,148,0
5,0,129,1,148,0
-1,-2,146,1,148,0
1,-1,146,1,148,0
-2,5,5,1,148,0
-3,6,6,1,148,0
0,6,41,1,148,0
4,-1,49,1,148,0
1,7,59,1,148,0
8,-3,64,1,148,0
6,-7,71,1,148,0
4,0,74,1,148,0
6,2,125,1,148,0
5,1,134,1,148,0
-9,-8,2,1,148,0
9,6,3,1,148,0
-1,5,8,1,148,0
-3,7,23,1,148,0
-2,6,31,1,148,0
4,-2,43,1,148,0
0,7,48,1,148,0
1,8,53,1,148,0
8,-4,57,1,148,0
3,0,61,1,148,0
-1,-4,68,1,148,0
-2,-7,79,1,148,0
7,4,99,1,148,0
7,-1,106,1,148,0
6,3,106,1,148,0
-5,-6,111,1,148,0
5,-5,111,1,148,0
5,2,113,1,148,0
4,1,141,1,148,0
0,8,6,1,149,0
-3,8,16,1,149,0
8,-5,29,1,149,0
-1,6,38,1,149,0
-4,-4,49,1,149,0
7,-2,69,1,149,0
1,-4,79,1,149,0
6,4,109,1,149,0
8,6,102,1,149,0
-5,-7,106,1,149,0
4,-3,108,1,149,0
7,5,109,1,149,0
5,3,117,1,149,0
4,2,124,1,149,0
3,1,147,1,149,0
-8,-7,6,1,149,0
8,-6,27,1,149,0
7,-3,61,1,149,0
3,-1,64,1,149,0
7,6,108,1,149,0
6,5,118,1,149,0
4,-4,119,1,149,0
-4,-5,121,1,149,0
5,4,126,1,149,0
4,3,134,1,149,0
1,0,147,1,149,0
3,2,142,1,149,0
2,1,148,1,149,0
-8,-8,9,1,149,0
4,-5,12,1,149,0
7,-4,52,1,149,0
-1,-7,73,1,149,0
8,-7,84,1,149,0
6,-1,107,1,149,0
6,6,109,1,149,0
-4,-6,114,1,149,0
3,-2,116,1,149,0
5,5,119,1,149,0
-3,-3,131,1,149,0
1,1,145,1,149,0
4,4,128,1,149,0
2,2,148,1,149,0
3,3,138,1,149,0
0,0,149,1,149,0
7,-5,48,1,149,0
1,-7,59,1,149,0
0,-4,74,1,149,0
-4,-7,92,1,149,0
6,7,108,1,149,0
5,6,117,1,149,0
4,5,125,1,149,0
3,-3,128,1,149,0
-3,-4,129,1,149,0
3,4,133,1,149,0
2,3,141,1,149,0
1,2,148,1,149,0
-7,-7,19,1,149,0
6,-3,27,1,149,0
2,4,32,1,149,0
4,6,75,1,149,0
0,2,35,1,149,0
-6,-4,35,1,149,0
7,-6,43,1,149,0
5,7,88,1,149,0
3,-4,93,1,149,0
6,8,95,1,149,0
-3,-5,122,1,149,0
2,-1,124,1,149,0
-2,-2,142,1,149,0
-1,0,147,1,149,0
3,-5,6,1,149,0
-7,-8,12,1,149,0
-2,2,19,1,149,0
3,6,56,1,149,0
2,5,24,1,149,0
6,-4,27,1,149,0
-6,-5,34,1,149,0
8,1,74,1,149,0
4,7,79,1,149,0
5,8,92,1,149,0
7,-7,93,1,149,0
7,0,97,1,149,0
2,-2,137,1,149,0
-2,-3,138,1,149,0
2,6,23,1,149,0
-2,3,18,1,149,0
1,5,22,1,149,0
6,-5,25,1,149,0
-6,-6,27,1,149,0
-1,2,28,1,149,0
5,-2,36,1,149,0
-2,-4,61,1,149,0
0,-7,67,1,149,0
3,7,76,1,149,0
7,-8,76,1,149,0
4,8,84,1,149,0
-3,-7,85,1,149,0
7,1,85,1,149,0
8,2,102,1,149,0
6,0,112,1,149,0
-1,-1,147,1,149,0
7,-9,4,1,149,0
-2,4,11,1,149,0
0,5,15,1,149,0
-6,-7,19,1,149,0
5,-3,34,1,149,0
-5,-4,43,1,149,0
2,7,65,1,149,0
8,-2,67,1,149,0
3,8,74,1,149,0
2,-4,86,1,149,0
6,-6,102,1,149,0
7,2,122,1,149,0
6,1,128,1,149,0
5,0,129,1,149,0
-1,-2,146,1,149,0
1,-1,146,1,149,0
-2,5,5,1,149,0
-3,6,6,1,149,0
0,6,41,1,149,0
4,-1,49,1,149,0
1,7,59,1,149,0
8,-3,64,1,149,0
6,-7,71,1,149,0
4,0,74,1,149,0
6,2,125,1,149,0
5,1,134,1,149,0
-9,-8,2,1,149,0
9,6,3,1,149,0
-1,5,8,1,149,0
-3,7,23,1,149,0
-2,6,31,1,149,0
4,-2,43,1,149,0
0,7,48,1,149,0
1,8,53,1,149,0
8,-4,57,1,149,0
3,0,61,1,149,0
-1,-4,68,1,149,0
-2,-7,79,1,149,0
7,4,99,1,149,0
7,-1,106,1,149,0
6,3,106,1,149,0
-5,-6,111,1,149,0
5,-5,111,1,149,0
5,2,113,1,149,0
4,1,141,1,149,0
0,8,6,1,150,0
-3,8,16,1,150,0
8,-5,29,1,150,0
-1,6,38,1,150,0
-4,-4,49,1,150,0
7,-2,69,1,150,0
1,-4,79,1,150,0
6,4,109,1,150,0
8,6,102,1,150,0
-5,-7,106,1,150,0
4,-3,108,1,150,0
7,5,109,1,150,0
5,3,117,1,150,0
4,2,124,1,150,0
3,1,147,1,150,0
-8,-7,6,1,150,0
8,-6,27,1,150,0
7,-3,61,1,150,0
3,-1,64,1,150,0
7,6,108,1,150,0
6,5,118,1,150,0
4,-4,119,1,150,0
-4,-5,121,1,150,0
5,4,126,1,150,0
4,3,134,1,150,0
1,0,147,1,150,0
3,2,142,1,150,0
2,1,149,1,150,0
-8,-8,9,1,150,0
4,-5,12,1,150,0
7,-4,52,1,150,0
-1,-7,73,1,150,0
8,-7,84,1,150,0
6,-1,107,1,150,0
6,6,109,1,150,0
-4,-6,114,1,150,0
3,-2,116,1,150,0
5,5,119,1,150,0
-3,-3,131,1,150,0
1,1,145,1,150,0
2,2,148,1,150,0
4,4,128,1,150,0
0,0,149,1,150,0
3,3,138,1,150,0
7,-5,48,1,150,0
1,-7,59,1,150,0
0,-4,74,1,150,0
-4,-7,92,1,150,0
6,7,108,1,150,0
5,6,117,1,150,0
4,5,125,1,150,0
3,-3,128,1,150,0
-3,-4,129,1,150,0
3,4,133,1,150,0
2,3,141,1,150,0
1,2,149,1,150,0
-7,-7,19,1,150,0
6,-3,27,1,150,0
2,4,32,1,150,0
4,6,75,1,150,0
0,2,35,1,150,0
-6,-4,35,1,150,0
7,-6,43,1,150,0
5,7,88,1,150,0
3,-4,93,1,150,0
6,8,95,1,150,0
-3,-5,122,1,150,0
2,-1,124,1,150,0
-2,-2,142,1,150,0
-1,0,149,1,150,0
3,-5,6,1,150,0
-7,-8,12,1,150,0
-2,2,19,1,150,0
3,6,56,1,150,0
2,5,24,1,150,0
6,-4,27,1,150,0
-6,-5,34,1,150,0
8,1,74,1,150,0
4,7,79,1,150,0
5,8,92,1,150,0
7,-7,93,1,150,0
7,0,97,1,150,0
2,-2,137,1,150,0
-2,-3,138,1,150,0
2,6,23,1,150,0
-2,3,18,1,150,0
1,5,22,1,150,0
6,-5,25,1,150,0
-6,-6,27,1,150,0
-1,2,28,1,150,0
5,-2,36,1,150,0
-2,-4,61,1,150,0
0,-7,67,1,150,0
3,7,76,1,150,0
7,-8,76,1,150,0
4,8,84,1,150,0
-3,-7,85,1,150,0
7,1,85,1,150,0
8,2,102,1,150,0
6,0,112,1,150,0
-1,-1,148,1,150,0
7,-9,4,1,150,0
-2,4,11,1,150,0
0,5,15,1,150,0
-6,-7,19,1,150,0
5,-3,34,1,150,0
-5,-4,43,1,150,0
2,7,65,1,150,0
8,-2,67,1,150,0
3,8,74,1,150,0
2,-4,86,1,150,0
6,-6,102,1,150,0
7,2,122,1,150,0
6,1,128,1,150,0
5,0,129,1,150,0
-1,-2,146,1,150,0
1,-1,146,1,150,0
-2,5,5,1,150,0
-3,6,6,1,150,0
0,6,41,1,150,0
4,-1,49,1,150,0
1,7,59,1,150,0
8,-3,64,1,150,0
6,-7,71,1,150,0
4,0,74,1,150,0
6,2,125,1,150,0
5,1,134,1,150,0
-9,-8,2,1,150,0
9,6,3,1,150,0
-1,5,8,1,150,0
-3,7,23,1,150,0
-2,6,31,1,150,0
4,-2,43,1,150,0
0,7,48,1,150,0
1,8,53,1,150,0
8,-4,57,1,150,0
3,0,61,1,150,0
-1,-4,68,1,150,0
-2,-7,79,1,150,0
7,4,99,1,150,0
7,-1,106,1,150,0
6,3,106,1,150,0
-5,-6,111,1,150,0
5,-5,111,1,150,0
5,2,113,1,150,0
4,1,141,1,150,0
0,8,6,1,151,0
-3,8,16,1,151,0
8,-5,29,1,151,0
-1,6,38,1,151,0
-4,-4,49,1,151,0
7,-2,69,1,151,0
1,-4,79,1,151,0
6,4,109,1,151,0
8,6,102,1,151,0
-5,-7,106,1,151,0
4,-3,108,1,151,0
7,5,109,1,151,0
5,3,117,1,151,0
4,2,124,1,151,0
3,1,147,1,151,0
-8,-7,6,1,151,0
8,-6,27,1,151,0
7,-3,61,1,151,0
3,-1,64,1,151,0
7,6,108,1,151,0
6,5,118,1,151,0
4,-4,119,1,151,0
-4,-5,121,1,151,0
5,4,126,1,151,0
4,3,134,1,151,0
1,0,147,1,151,0
3,2,142,1,151,0
2,1,149,1,151,0
-8,-8,9,1,151,0
4,-5,12,1,151,0
7,-4,52,1,151,0
-1,-7,73,1,151,0
8,-7,84,1,151,0
6,-1,107,1,151,0
6,6,109,1,151,0
-4,-6,114,1,151,0
3,-2,116,1,151,0
5,5,119,1,151,0
-3,-3,131,1,151,0
1,1,145,1,151,0
2,2,148,1,151,0
4,4,128,1,151,0
3,3,138,1,151,0
0,0,151,1,151,0
7,-5,48,1,151,0
1,-7,59,1,151,0
0,-4,74,1,151,0
-4,-7,92,1,151,0
6,7,108,1,151,0
5,6,117,1,151,0
4,5,125,1,151,0
3,-3,128,1,151,0
-3,-4,129,1,151,0
3,4,133,1,151,0
2,3,141,1,151,0
1,2,149,1,151,0
-7,-7,19,1,151,0
6,-3,27,1,151,0
2,4,32,1,151,0
4,6,75,1,151,0
0,2,35,1,151,0
-6,-4,35,1,151,0
7,-6,43,1,151,0
5,7,88,1,151,0
3,-4,93,1,151,0
6,8,95,1,151,0
-3,-5,122,1,151,0
2,-1,124,1,151,0
-2,-2,142,1,151,0
-1,0,149,1,151,0
3,-5,6,1,151,0
-7,-8,12,1,151,0
-2,2,19,1,151,0
3,6,56,1,151,0
2,5,24,1,151,0
6,-4,27,1,151,0
-6,-5,34,1,151,0
8,1,74,1,151,0
4,7,79,1,151,0
5,8,92,1,151,0
7,-7,93,1,151,0
7,0,97,1,151,0
2,-2,137,1,151,0
-2,-3,138,1,151,0
2,6,23,1,151,0
-2,3,18,1,151,0
1,5,22,1,151,0
6,-5,25,1,151,0
-6,-6,27,1,151,0
-1,2,28,1,151,0
5,-2,36,1,151,0
-2,-4,61,1,151,0
0,-7,67,1,151,0
3,7,76,1,151,0
7,-8,76,1,151,0
4,8,84,1,151,0
-3,-7,85,1,151,0
7,1,85,1,151,0
8,2,102,1,151,0
6,0,112,1,151,0
-1,-1,149,1,151,0
7,-9,4,1,151,0
-2,4,11,1,151,0
0,5,15,1,151,0
-6,-7,19,1,151,0
5,-3,34,1,151,0
-5,-4,43,1,151,0
2,7,65,1,151,0
8,-2,67,1,151,0
3,8,74,1,151,0
2,-4,86,1,151,0
6,-6,102,1,151,0
7,2,122,1,151,0
6,1,128,1,151,0
5,0,129,1,151,0
-1,-2,146,1,151,0
1,-1,146,1,151,0
-2,5,5,1,151,0
-3,6,6,1,151,0
0,6,41,1,151,0
4,-1,49,1,151,0
1,7,59,1,151,0
8,-3,64,1,151,0
6,-7,71,1,151,0
4,0,74,1,151,0
6,2,125,1,151,0
5,1,134,1,151,0
-9,-8,2,1,151,0
9,6,3,1,151,0
-1,5,8,1,151,0
-3,7,23,1,151,0
-2,6,31,1,151,0
4,-2,43,1,151,0
0,7,48,1,151,0
1,8,53,1,151,0
8,-4,57,1,151,0
3,0,61,1,151,0
-1,-4,68,1,151,0
-2,-7,79,1,151,0
7,4,99,1,151,0
7,-1,106,1,151,0
6,3,106,1,151,0
-5,-6,111,1,151,0
5,-5,111,1,151,0
5,2,113,1,151,0
4,1,141,1,151,0
0,8,6,1,152,0
-3,8,16,1,152,0
8,-5,29,1,152,0
-1,6,38,1,152,0
-4,-4,49,1,152,0
7,-2,69,1,152,0
1,-4,79,1,152,0
6,4,109,1,152,0
8,6,102,1,152,0
-5,-7,106,1,152,0
4,-3,108,1,152,0
7,5,109,1,152,0
5,3,117,1,152,0
4,2,124,1,152,0
3,1,147,1,152,0
-8,-7,6,1,152,0
8,-6,27,1,152,0
7,-3,61,1,152,0
3,-1,64,1,152,0
7,6,108,1,152,0
6,5,118,1,152,0
4,-4,119,1,152,0
-4,-5,121,1,152,0
5,4,126,1,152,0
4,3,134,1,152,0
1,0,147,1,152,0
3,2,142,1,152,0
2,1,151,1,152,0
-8,-8,9,1,152,0
4,-5,12,1,152,0
7,-4,52,1,152,0
-1,-7,73,1,152,0
8,-7,84,1,152,0
6,-1,107,1,152,0
6,6,109,1,152,0
-4,-6,114,1,152,0
3,-2,116,1,152,0
5,5,119,1,152,0
-3,-3,131,1,152,0
2,2,148,1,152,0
1,1,151,1,152,0
0,0,152,1,152,0
4,4,128,1,152,0
3,3,138,1,152,0
7,-5,48,1,152,0
1,-7,59,1,152,0
0,-4,74,1,152,0
-4,-7,92,1,152,0
6,7,108,1,152,0
5,6,117,1,152,0
4,5,125,1,152,0
3,-3,128,1,152,0
-3,-4,129,1,152,0
3,4,133,1,152,0
2,3,141,1,152,0
1,2,149,1,152,0
-7,-7,19,1,152,0
6,-3,27,1,152,0
2,4,32,1,152,0
4,6,75,1,152,0
0,2,35,1,152,0
-6,-4,35,1,152,0
7,-6,43,1,152,0
5,7,88,1,152,0
3,-4,93,1,152,0
6,8,95,1,152,0
-3,-5,122,1,152,0
2,-1,124,1,152,0
-2,-2,142,1,152,0
-1,0,149,1,152,0
3,-5,6,1,152,0
-7,-8,12,1,152,0
-2,2,19,1,152,0
3,6,56,1,152,0
2,5,24,1,152,0
6,-4,27,1,152,0
-6,-5,34,1,152,0
8,1,74,1,152,0
4,7,79,1,152,0
5,8,92,1,152,0
7,-7,93,1,152,0
7,0,97,1,152,0
2,-2,137,1,152,0
-2,-3,138,1,152,0
2,6,23,1,152,0
-2,3,18,1,152,0
1,5,22,1,152,0
6,-5,25,1,152,0
-6,-6,27,1,152,0
-1,2,28,1,152,0
5,-2,36,1,152,0
-2,-4,61,1,152,0
0,-7,67,1,152,0
3,7,76,1,152,0
7,-8,76,1,152,0
4,8,84,1,152,0
-3,-7,85,1,152,0
7,1,85,1,152,0
8,2,102,1,152,0
6,0,112,1,152,0
-1,-1,149,1,152,0
7,-9,4,1,152,0
-2,4,11,1,152,0
0,5,15,1,152,0
-6,-7,19,1,152,0
5,-3,34,1,152,0
-5,-4,43,1,152,0
2,7,65,1,152,0
8,-2,67,1,152,0
3,8,74,1,152,0
2,-4,86,1,152,0
6,-6,102,1,152,0
7,2,122,1,152,0
6,1,128,1,152,0
5,0,129,1,152,0
-1,-2,146,1,152,0
1,-1,146,1,152,0
-2,5,5,1,152,0
-3,6,6,1,152,0
0,6,41,1,152,0
4,-1,49,1,152,0
1,7,59,1,152,0
8,-3,64,1,152,0
6,-7,71,1,152,0
4,0,74,1,152,0
6,2,125,1,152,0
5,1,134,1,152,0
-9,-8,2,1,152,0
9,6,3,1,152,0
-1,5,8,1,152,0
-3,7,23,1,152,0
-2,6,31,1,152,0
4,-2,43,1,152,0
0,7,48,1,152,0
1,8,53,1,152,0
8,-4,57,1,152,0
3,0,61,1,152,0
-1,-4,68,1,152,0
-2,-7,79,1,152,0
7,4,99,1,152,0
7,-1,106,1,152,0
6,3,106,1,152,0
-5,-6,111,1,152,0
5,-5,111,1,152,0
5,2,113,1,152,0
4,1,141,1,152,0
0,8,6,1,153,0
-3,8,16,1,153,0
8,-5,29,1,153,0
-1,6,38,1,153,0
-4,-4,49,1,153,0
7,-2,69,1,153,0
1,-4,79,1,153,0
6,4,109,1,153,0
8,6,102,1,153,0
-5,-7,106,1,153,0
4,-3,108,1,153,0
7,5,109,1,153,0
5,3,117,1,153,0
4,2,124,1,153,0
3,1,147,1,153,0
2,0,152,1,153,0
-8,-7,6,1,153,0
8,-6,27,1,153,0
7,-3,61,1,153,0
3,-1,64,1,153,0
7,6,108,1,153,0
6,5,118,1,153,0
4,-4,119,1,153,0
-4,-5,121,1,153,0
5,4,126,1,153,0
4,3,134,1,153,0
1,0,147,1,153,0
3,2,142,1,153,0
2,1,151,1,153,0
-8,-8,9,1,153,0
4,-5,12,1,153,0
7,-4,52,1,153,0
-1,-7,73,1,153,0
8,-7,84,1,153,0
6,-1,107,1,153,0
6,6,109,1,153,0
-4,-6,114,1,153,0
3,-2,116,1,153,0
5,5,119,1,153,0
-3,-3,131,1,153,0
2,2,148,1,153,0
4,4,128,1,153,0
1,1,152,1,153,0
0,0,153,1,153,0
3,3,138,1,153,0
7,-5,48,1,153,0
1,-7,59,1,153,0
0,-4,74,1,153,0
-4,-7,92,1,153,0
6,7,108,1,153,0
5,6,117,1,153,0
4,5,125,1,153,0
3,-3,128,1,153,0
-3,-4,129,1,153,0
3,4,133,1,153,0
2,3,141,1,153,0
1,2,149,1,153,0
-2,0,152,1,153,0
-7,-7,19,1,153,0
6,-3,27,1,153,0
2,4,32,1,153,0
4,6,75,1,153,0
0,2,35,1,153,0
-6,-4,35,1,153,0
7,-6,43,1,153,0
5,7,88,1,153,0
3,-4,93,1,153,0
6,8,95,1,153,0
-3,-5,122,1,153,0
2,-1,124,1,153,0
-2,-2,142,1,153,0
-1,0,149,1,153,0
3,-5,6,1,153,0
-7,-8,12,1,153,0
-2,2,19,1,153,0
3,6,56,1,153,0
2,5,24,1,153,0
6,-4,27,1,153,0
-6,-5,34,1,153,0
8,1,74,1,153,0
4,7,79,1,153,0
5,8,92,1,153,0
7,-7,93,1,153,0
7,0,97,1,153,0
2,-2,137,1,153,0
-2,-3,138,1,153,0
2,6,23,1,153,0
-2,3,18,1,153,0
1,5,22,1,153,0
6,-5,25,1,153,0
-6,-6,27,1,153,0
-1,2,28,1,153,0
5,-2,36,1,153,0
-2,-4,61,1,153,0
0,-7,67,1,153,0
3,7,76,1,153,0
7,-8,76,1,153,0
4,8,84,1,153,0
-3,-7,85,1,153,0
7,1,85,1,153,0
8,2,102,1,153,0
6,0,112,1,153,0
-1,-1,152,1,153,0
7,-9,4,1,153,0
-2,4,11,1,153,0
0,5,15,1,153,0
-6,-7,19,1,153,0
5,-3,34,1,153,0
-5,-4,43,1,153,0
2,7,65,1,153,0
8,-2,67,1,153,0
3,8,74,1,153,0
2,-4,86,1,153,0
6,-6,102,1,153,0
7,2,122,1,153,0
6,1,128,1,153,0
5,0,129,1,153,0
-1,-2,146,1,153,0
1,-1,146,1,153,0
-2,5,5,1,153,0
-3,6,6,1,153,0
0,6,41,1,153,0
4,-1,49,1,153,0
1,7,59,1,153,0
8,-3,64,1,153,0
6,-7,71,1,153,0
4,0,74,1,153,0
6,2,125,1,153,0
5,1,134,1,153,0
-9,-8,2,1,153,0
9,6,3,1,153,0
-1,5,8,1,153,0
-3,7,23,1,153,0
-2,6,31,1,153,0
4,-2,43,1,153,0
0,7,48,1,153,0
1,8,53,1,153,0
8,-4,57,1,153,0
3,0,61,1,153,0
-1,-4,68,1,153,0
-2,-7,79,1,153,0
7,4,99,1,153,0
7,-1,106,1,153,0
6,3,106,1,153,0
-5,-6,111,1,153,0
5,-5,111,1,153,0
5,2,113,1,153,0
4,1,141,1,153,0
0,8,6,1,154,0
-3,8,16,1,154,0
8,-5,29,1,154,0
-1,6,38,1,154,0
-4,-4,49,1,154,0
7,-2,69,1,154,0
1,-4,79,1,154,0
6,4,109,1,154,0
8,6,102,1,154,0
-5,-7,106,1,154,0
4,-3,108,1,154,0
7,5,109,1,154,0
5,3,117,1,154,0
4,2,124,1,154,0
3,1,147,1,154,0
2,0,153,1,154,0
-8,-7,6,1,154,0
8,-6,27,1,154,0
7,-3,61,1,154,0
3,-1,64,1,154,0
7,6,108,1,154,0
6,5,118,1,154,0
4,-4,119,1,154,0
-4,-5,121,1,154,0
5,4,126,1,154,0
4,3,134,1,154,0
1,0,147,1,154,0
3,2,142,1,154,0
2,1,151,1,154,0
-8,-8,9,1,154,0
4,-5,12,1,154,0
7,-4,52,1,154,0
-1,-7,73,1,154,0
8,-7,84,1,154,0
6,-1,107,1,154,0
6,6,109,1,154,0
-4,-6,114,1,154,0
3,-2,116,1,154,0
5,5,119,1,154,0
-3,-3,131,1,154,0
2,2,148,1,154,0
1,1,153,1,154,0
3,3,138,1,154,0
4,4,128,1,154,0
0,0,154,1,154,0
7,-5,48,1,154,0
1,-7,59,1,154,0
0,-4,74,1,154,0
-4,-7,92,1,154,0
6,7,108,1,154,0
5,6,117,1,154,0
4,5,125,1,154,0
3,-3,128,1,154,0
-3,-4,129,1,154,0
3,4,133,1,154,0
2,3,141,1,154,0
1,2,149,1,154,0
-2,0,153,1,154,0
-7,-7,19,1,154,0
6,-3,27,1,154,0
2,4,32,1,154,0
4,6,75,1,154,0
0,2,35,1,154,0
-6,-4,35,1,154,0
7,-6,43,1,154,0
5,7,88,1,154,0
3,-4,93,1,154,0
6,8,95,1,154,0
-3,-5,122,1,154,0
2,-1,124,1,154,0
-2,-2,142,1,154,0
-1,0,149,1,154,0
3,-5,6,1,154,0
-7,-8,12,1,154,0
-2,2,19,1,154,0
3,6,56,1,154,0
2,5,24,1,154,0
6,-4,27,1,154,0
-6,-5,34,1,154,0
8,1,74,1,154,0
4,7,79,1,154,0
5,8,92,1,154,0
7,-7,93,1,154,0
7,0,97,1,154,0
2,-2,137,1,154,0
-2,-3,138,1,154,0
2,6,23,1,154,0
-2,3,18,1,154,0
1,5,22,1,154,0
6,-5,25,1,154,0
-6,-6,27,1,154,0
-1,2,28,1,154,0
5,-2,36,1,154,0
-2,-4,61,1,154,0
0,-7,67,1,154,0
3,7,76,1,154,0
7,-8,76,1,154,0
4,8,84,1,154,0
-3,-7,85,1,154,0
7,1,85,1,154,0
8,2,102,1,154,0
6,0,112,1,154,0
-1,-1,152,1,154,0
7,-9,4,1,154,0
-2,4,11,1,154,0
0,5,15,1,154,0
-6,-7,19,1,154,0
5,-3,34,1,154,0
-5,-4,43,1,154,0
2,7,65,1,154,0
8,-2,67,1,154,0
3,8,74,1,154,0
2,-4,86,1,154,0
6,-6,102,1,154,0
7,2,122,1,154,0
6,1,128,1,154,0
5,0,129,1,154,0
-1,-2,146,1,154,0
1,-1,146,1,154,0
-2,5,5,1,154,0
-3,6,6,1,154,0
0,6,41,1,154,0
4,-1,49,1,154,0
1,7,59,1,154,0
8,-3,64,1,154,0
6,-7,71,1,154,0
4,0,74,1,154,0
6,2,125,1,154,0
5,1,134,1,154,0
-9,-8,2,1,154,0
9,6,3,1,154,0
-1,5,8,1,154,0
-3,7,23,1,154,0
-2,6,31,1,154,0
4,-2,43,1,154,0
0,7,48,1,154,0
1,8,53,1,154,0
8,-4,57,1,154,0
3,0,61,1,154,0
-1,-4,68,1,154,0
-2,-7,79,1,154,0
7,4,99,1,154,0
7,-1,106,1,154,0
6,3,106,1,154,0
-5,-6,111,1,154,0
5,-5,111,1,154,0
5,2,113,1,154,0
4,1,141,1,154,0
0,8,6,1,155,0
-3,8,16,1,155,0
8,-5,29,1,155,0
-1,6,38,1,155,0
-4,-4,49,1,155,0
7,-2,69,1,155,0
1,-4,79,1,155,0
6,4,109,1,155,0
8,6,102,1,155,0
-5,-7,106,1,155,0
4,-3,108,1,155,0
7,5,109,1,155,0
5,3,117,1,155,0
4,2,124,1,155,0
3,1,147,1,155,0
2,0,154,1,155,0
0,-1,153,1,155,0
-8,-7,6,1,155,0
8,-6,27,1,155,0
7,-3,61,1,155,0
3,-1,64,1,155,0
7,6,108,1,155,0
6,5,118,1,155,0
4,-4,119,1,155,0
-4,-5,121,1,155,0
5,4,126,1,155,0
4,3,134,1,155,0
1,0,147,1,155,0
3,2,142,1,155,0
2,1,151,1,155,0
-8,-8,9,1,155,0
4,-5,12,1,155,0
7,-4,52,1,155,0
-1,-7,73,1,155,0
8,-7,84,1,155,0
6,-1,107,1,155,0
6,6,109,1,155,0
-4,-6,114,1,155,0
3,-2,116,1,155,0
5,5,119,1,155,0
-3,-3,131,1,155,0
2,2,148,1,155,0
1,1,154,1,155,0
0,0,155,1,155,0
3,3,138,1,155,0
4,4,128,1,155,0
7,-5,48,1,155,0
1,-7,59,1,155,0
0,-4,74,1,155,0
-4,-7,92,1,155,0
6,7,108,1,155,0
5,6,117,1,155,0
4,5,125,1,155,0
3,-3,128,1,155,0
-3,-4,129,1,155,0
3,4,133,1,155,0
2,3,141,1,155,0
1,2,149,1,155,0
-2,0,154,1,155,0
-7,-7,19,1,155,0
6,-3,27,1,155,0
2,4,32,1,155,0
4,6,75,1,155,0
0,2,35,1,155,0
-6,-4,35,1,155,0
7,-6,43,1,155,0
5,7,88,1,155,0
3,-4,93,1,155,0
6,8,95,1,155,0
-3,-5,122,1,155,0
2,-1,124,1,155,0
-2,-2,142,1,155,0
-1,0,149,1,155,0
3,-5,6,1,155,0
-7,-8,12,1,155,0
-2,2,19,1,155,0
3,6,56,1,155,0
2,5,24,1,155,0
6,-4,27,1,155,0
-6,-5,34,1,155,0
8,1,74,1,155,0
4,7,79,1,155,0
5,8,92,1,155,0
7,-7,93,1,155,0
7,0,97,1,155,0
2,-2,137,1,155,0
-2,-3,138,1,155,0
2,6,23,1,155,0
-2,3,18,1,155,0
1,5,22,1,155,0
6,-5,25,1,155,0
-6,-6,27,1,155,0
-1,2,28,1,155,0
5,-2,36,1,155,0
-2,-4,61,1,155,0
0,-7,67,1,155,0
3,7,76,1,155,0
7,-8,76,1,155,0
4,8,84,1,155,0
-3,-7,85,1,155,0
7,1,85,1,155,0
8,2,102,1,155,0
6,0,112,1,155,0
-1,-1,152,1,155,0
7,-9,4,1,155,0
-2,4,11,1,155,0
0,5,15,1,155,0
-6,-7,19,1,155,0
5,-3,34,1,155,0
-5,-4,43,1,155,0
2,7,65,1,155,0
8,-2,67,1,155,0
3,8,74,1,155,0
2,-4,86,1,155,0
6,-6,102,1,155,0
7,2,122,1,155,0
6,1,128,1,155,0
5,0,129,1,155,0
-1,-2,146,1,155,0
1,-1,146,1,155,0
-2,5,5,1,155,0
-3,6,6,1,155,0
0,6,41,1,155,0
4,-1,49,1,155,0
1,7,59,1,155,0
8,-3,64,1,155,0
6,-7,71,1,155,0
4,0,74,1,155,0
6,2,125,1,155,0
5,1,134,1,155,0
-9,-8,2,1,155,0
9,6,3,1,155,0
-1,5,8,1,155,0
-3,7,23,1,155,0
-2,6,31,1,155,0
4,-2,43,1,155,0
0,7,48,1,155,0
1,8,53,1,155,0
8,-4,57,1,155,0
3,0,61,1,155,0
-1,-4,68,1,155,0
-2,-7,79,1,155,0
7,4,99,1,155,0
7,-1,106,1,155,0
6,3,106,1,155,0
-5,-6,111,1,155,0
5,-5,111,1,155,0
5,2,113,1,155,0
4,1,141,1,155,0
0,8,6,1,156,0
-3,8,16,1,156,0
8,-5,29,1,156,0
-1,6,38,1,156,0
-4,-4,49,1,156,0
7,-2,69,1,156,0
1,-4,79,1,156,0
6,4,109,1,156,0
8,6,102,1,156,0
-5,-7,106,1,156,0
4,-3,108,1,156,0
7,5,109,1,156,0
5,3,117,1,156,0
4,2,124,1,156,0
3,1,147,1,156,0
2,0,154,1,156,0
0,-1,153,1,156,0
-8,-7,6,1,156,0
8,-6,27,1,156,0
7,-3,61,1,156,0
3,-1,64,1,156,0
7,6,108,1,156,0
6,5,118,1,156,0
4,-4,119,1,156,0
-4,-5,121,1,156,0
5,4,126,1,156,0
4,3,134,1,156,0
3,2,142,1,156,0
2,1,151,1,156,0
1,0,155,1,156,0
-8,-8,9,1,156,0
4,-5,12,1,156,0
7,-4,52,1,156,0
-1,-7,73,1,156,0
8,-7,84,1,156,0
6,-1,107,1,156,0
6,6,109,1,156,0
-4,-6,114,1,156,0
3,-2,116,1,156,0
5,5,119,1,156,0
-3,-3,131,1,156,0
2,2,148,1,156,0
1,1,155,1,156,0
4,4,128,1,156,0
3,3,138,1,156,0
0,0,156,1,156,0
7,-5,48,1,156,0
1,-7,59,1,156,0
0,-4,74,1,156,0
-4,-7,92,1,156,0
6,7,108,1,156,0
5,6,117,1,156,0
4,5,125,1,156,0
3,-3,128,1,156,0
-3,-4,129,1,156,0
3,4,133,1,156,0
2,3,141,1,156,0
1,2,149,1,156,0
-2,0,155,1,156,0
-7,-7,19,1,156,0
6,-3,27,1,156,0
2,4,32,1,156,0
4,6,75,1,156,0
0,2,35,1,156,0
-6,-4,35,1,156,0
7,-6,43,1,156,0
5,7,88,1,156,0
3,-4,93,1,156,0
6,8,95,1,156,0
-3,-5,122,1,156,0
2,-1,124,1,156,0
-2,-2,142,1,156,0
-1,0,149,1,156,0
3,-5,6,1,156,0
-7,-8,12,1,156,0
-2,2,19,1,156,0
3,6,56,1,156,0
2,5,24,1,156,0
6,-4,27,1,156,0
-6,-5,34,1,156,0
8,1,74,1,156,0
4,7,79,1,156,0
5,8,92,1,156,0
7,-7,93,1,156,0
7,0,97,1,156,0
2,-2,137,1,156,0
-2,-3,138,1,156,0
2,6,23,1,156,0
-2,3,18,1,156,0
1,5,22,1,156,0
6,-5,25,1,156,0
-6,-6,27,1,156,0
-1,2,28,1,156,0
5,-2,36,1,156,0
-2,-4,61,1,156,0
0,-7,67,1,156,0
3,7,76,1,156,0
7,-8,76,1,156,0
4,8,84,1,156,0
-3,-7,85,1,156,0
7,1,85,1,156,0
8,2,102,1,156,0
6,0,112,1,156,0
-1,-1,152,1,156,0
7,-9,4,1,156,0
-2,4,11,1,156,0
0,5,15,1,156,0
-6,-7,19,1,156,0
5,-3,34,1,156,0
-5,-4,43,1,156,0
2,7,65,1,156,0
8,-2,67,1,156,0
3,8,74,1,156,0
2,-4,86,1,156,0
6,-6,102,1,156,0
7,2,122,1,156,0
6,1,128,1,156,0
5,0,129,1,156,0
-1,-2,146,1,156,0
1,-1,146,1,156,0
-2,5,5,1,156,0
-3,6,6,1,156,0
0,6,41,1,156,0
4,-1,49,1,156,0
1,7,59,1,156,0
8,-3,64,1,156,0
6,-7,71,1,156,0
4,0,74,1,156,0
6,2,125,1,156,0
5,1,134,1,156,0
-9,-8,2,1,156,0
9,6,3,1,156,0
-1,5,8,1,156,0
-3,7,23,1,156,0
-2,6,31,1,156,0
4,-2,43,1,156,0
0,7,48,1,156,0
1,8,53,1,156,0
8,-4,57,1,156,0
3,0,61,1,156,0
-1,-4,68,1,156,0
-2,-7,79,1,156,0
7,4,99,1,156,0
7,-1,106,1,156,0
6,3,106,1,156,0
-5,-6,111,1,156,0
5,-5,111,1,156,0
5,2,113,1,156,0
4,1,141,1,156,0
0,8,6,1,157,0
-3,8,16,1,157,0
8,-5,29,1,157,0
-1,6,38,1,157,0
-4,-4,49,1,157,0
7,-2,69,1,157,0
1,-4,79,1,157,0
6,4,109,1,157,0
8,6,102,1,157,0
-5,-7,106,1,157,0
4,-3,108,1,157,0
7,5,109,1,157,0
5,3,117,1,157,0
4,2,124,1,157,0
3,1,147,1,157,0
2,0,154,1,157,0
0,-1,153,1,157,0
-8,-7,6,1,157,0
8,-6,27,1,157,0
7,-3,61,1,157,0
3,-1,64,1,157,0
7,6,108,1,157,0
6,5,118,1,157,0
4,-4,119,1,157,0
-4,-5,121,1,157,0
5,4,126,1,157,0
4,3,134,1,157,0
3,2,142,1,157,0
2,1,151,1,157,0
1,0,156,1,157,0
-8,-8,9,1,157,0
4,-5,12,1,157,0
7,-4,52,1,157,0
-1,-7,73,1,157,0
8,-7,84,1,157,0
6,-1,107,1,157,0
6,6,109,1,157,0
-4,-6,114,1,157,0
3,-2,116,1,157,0
5,5,119,1,157,0
-3,-3,131,1,157,0
2,2,148,1,157,0
1,1,156,1,157,0
3,3,138,1,157,0
0,0,157,1,157,0
4,4,128,1,157,0
7,-5,48,1,157,0
1,-7,59,1,157,0
0,-4,74,1,157,0
-4,-7,92,1,157,0
6,7,108,1,157,0
5,6,117,1,157,0
4,5,125,1,157,0
3,-3,128,1,157,0
-3,-4,129,1,157,0
3,4,133,1,157,0
2,3,141,1,157,0
1,2,149,1,157,0
-2,0,156,1,157,0
-7,-7,19,1,157,0
6,-3,27,1,157,0
2,4,32,1,157,0
4,6,75,1,157,0
0,2,35,1,157,0
-6,-4,35,1,157,0
7,-6,43,1,157,0
5,7,88,1,157,0
3,-4,93,1,157,0
6,8,95,1,157,0
-3,-5,122,1,157,0
2,-1,124,1,157,0
-2,-2,142,1,157,0
-1,0,149,1,157,0
3,-5,6,1,157,0
-7,-8,12,1,157,0
-2,2,19,1,157,0
3,6,56,1,157,0
2,5,24,1,157,0
6,-4,27,1,157,0
-6,-5,34,1,157,0
8,1,74,1,157,0
4,7,79,1,157,0
5,8,92,1,157,0
7,-7,93,1,157,0
7,0,97,1,157,0
2,-2,137,1,157,0
-2,-3,138,1,157,0
2,6,23,1,157,0
-2,3,18,1,157,0
1,5,22,1,157,0
6,-5,25,1,157,0
-6,-6,27,1,157,0
-1,2,28,1,157,0
5,-2,36,1,157,0
-2,-4,61,1,157,0
0,-7,67,1,157,0
3,7,76,1,157,0
7,-8,76,1,157,0
4,8,84,1,157,0
-3,-7,85,1,157,0
7,1,85,1,157,0
8,2,102,1,157,0
6,0,112,1,157,0
-1,-1,152,1,157,0
7,-9,4,1,157,0
-2,4,11,1,157,0
0,5,15,1,157,0
-6,-7,19,1,157,0
5,-3,34,1,157,0
-5,-4,43,1,157,0
2,7,65,1,157,0
8,-2,67,1,157,0
3,8,74,1,157,0
2,-4,86,1,157,0
6,-6,102,1,157,0
7,2,122,1,157,0
6,1,128,1,157,0
5,0,129,1,157,0
-1,-2,146,1,157,0
1,-1,146,1,157,0
-2,5,5,1,157,0
-3,6,6,1,157,0
0,6,41,1,157,0
4,-1,49,1,157,0
1,7,59,1,157,0
8,-3,64,1,157,0
6,-7,71,1,157,0
4,0,74,1,157,0
6,2,125,1,157,0
5,1,134,1,157,0
-9,-8,2,1,157,0
9,6,3,1,157,0
-1,5,8,1,157,0
-3,7,23,1,157,0
-2,6,31,1,157,0
4,-2,43,1,157,0
0,7,48,1,157,0
1,8,53,1,157,0
8,-4,57,1,157,0
3,0,61,1,157,0
-1,-4,68,1,157,0
-2,-7,79,1,157,0
7,4,99,1,157,0
7,-1,106,1,157,0
6,3,106,1,157,0
-5,-6,111,1,157,0
5,-5,111,1,157,0
5,2,113,1,157,0
4,1,141,1,157,0
0,8,6,1,158,0
-3,8,16,1,158,0
8,-5,29,1,158,0
-1,6,38,1,158,0
-4,-4,49,1,158,0
7,-2,69,1,158,0
1,-4,79,1,158,0
6,4,109,1,158,0
8,6,102,1,158,0
-5,-7,106,1,158,0
4,-3,108,1,158,0
7,5,109,1,158,0
5,3,117,1,158,0
4,2,124,1,158,0
3,1,147,1,158,0
2,0,154,1,158,0
0,-1,153,1,158,0
-8,-7,6,1,158,0
8,-6,27,1,158,0
7,-3,61,1,158,0
3,-1,64,1,158,0
7,6,108,1,158,0
6,5,118,1,158,0
4,-4,119,1,158,0
-4,-5,121,1,158,0
5,4,126,1,158,0
4,3,134,1,158,0
3,2,142,1,158,0
2,1,151,1,158,0
1,0,157,1,158,0
-8,-8,9,1,158,0
4,-5,12,1,158,0
7,-4,52,1,158,0
-1,-7,73,1,158,0
8,-7,84,1,158,0
6,-1,107,1,158,0
6,6,109,1,158,0
-4,-6,114,1,158,0
3,-2,116,1,158,0
5,5,119,1,158,0
-3,-3,131,1,158,0
2,2,148,1,158,0
1,1,157,1,158,0
0,0,158,1,158,0
4,4,128,1,158,0
3,3,138,1,158,0
7,-5,48,1,158,0
1,-7,59,1,158,0
0,-4,74,1,158,0
-4,-7,92,1,158,0
6,7,108,1,158,0
5,6,117,1,158,0
4,5,125,1,158,0
3,-3,128,1,158,0
-3,-4,129,1,158,0
3,4,133,1,158,0
2,3,141,1,158,0
1,2,149,1,158,0
-2,0,156,1,158,0
-7,-7,19,1,158,0
6,-3,27,1,158,0
2,4,32,1,158,0
4,6,75,1,158,0
0,2,35,1,158,0
-6,-4,35,1,158,0
7,-6,43,1,158,0
5,7,88,1,158,0
3,-4,93,1,158,0
6,8,95,1,158,0
-3,-5,122,1,158,0
2,-1,124,1,158,0
-2,-2,142,1,158,0
-1,0,149,1,158,0
3,-5,6,1,158,0
-7,-8,12,1,158,0
-2,2,19,1,158,0
3,6,56,1,158,0
2,5,24,1,158,0
6,-4,27,1,158,0
-6,-5,34,1,158,0
8,1,74,1,158,0
4,7,79,1,158,0
5,8,92,1,158,0
7,-7,93,1,158,0
7,0,97,1,158,0
2,-2,137,1,158,0
-2,-3,138,1,158,0
2,6,23,1,158,0
-2,3,18,1,158,0
1,5,22,1,158,0
6,-5,25,1,158,0
-6,-6,27,1,158,0
-1,2,28,1,158,0
5,-2,36,1,158,0
-2,-4,61,1,158,0
0,-7,67,1,158,0
3,7,76,1,158,0
7,-8,76,1,158,0
4,8,84,1,158,0
-3,-7,85,1,158,0
7,1,85,1,158,0
8,2,102,1,158,0
6,0,112,1,158,0
-1,-1,152,1,158,0
7,-9,4,1,158,0
-2,4,11,1,158,0
0,5,15,1,158,0
-6,-7,19,1,158,0
5,-3,34,1,158,0
-5,-4,43,1,158,0
2,7,65,1,158,0
8,-2,67,1,158,0
3,8,74,1,158,0
2,-4,86,1,158,0
6,-6,102,1,158,0
7,2,122,1,158,0
6,1,128,1,158,0
5,0,129,1,158,0
-1,-2,146,1,158,0
1,-1,146,1,158,0
-2,5,5,1,158,0
-3,6,6,1,158,0
0,6,41,1,158,0
4,-1,49,1,158,0
1,7,59,1,158,0
8,-3,64,1,158,0
6,-7,71,1,158,0
4,0,74,1,158,0
6,2,125,1,158,0
5,1,134,1,158,0
-9,-8,2,1,158,0
9,6,3,1,158,0
-1,5,8,1,158,0
-3,7,23,1,158,0
-2,6,31,1,158,0
4,-2,43,1,158,0
0,7,48,1,158,0
1,8,53,1,158,0
8,-4,57,1,158,0
3,0,61,1,158,0
-1,-4,68,1,158,0
-2,-7,79,1,158,0
7,4,99,1,158,0
7,-1,106,1,158,0
6,3,106,1,158,0
-5,-6,111,1,158,0
5,-5,111,1,158,0
5,2,113,1,158,0
4,1,141,1,158,0
0,8,6,1,159,0
-3,8,16,1,159,0
8,-5,29,1,159,0
-1,6,38,1,159,0
-4,-4,49,1,159,0
7,-2,69,1,159,0
1,-4,79,1,159,0
6,4,109,1,159,0
8,6,102,1,159,0
-5,-7,106,1,159,0
4,-3,108,1,159,0
7,5,109,1,159,0
5,3,117,1,159,0
4,2,124,1,159,0
3,1,147,1,159,0
2,0,154,1,159,0
0,-1,153,1,159,0
-8,-7,6,1,159,0
8,-6,27,1,159,0
7,-3,61,1,159,0
3,-1,64,1,159,0
7,6,108,1,159,0
6,5,118,1,159,0
4,-4,119,1,159,0
-4,-5,121,1,159,0
5,4,126,1,159,0
4,3,134,1,159,0
3,2,142,1,159,0
2,1,151,1,159,0
1,0,158,1,159,0
-8,-8,9,1,159,0
4,-5,12,1,159,0
7,-4,52,1,159,0
-1,-7,73,1,159,0
8,-7,84,1,159,0
6,-1,107,1,159,0
6,6,109,1,159,0
-4,-6,114,1,159,0
3,-2,116,1,159,0
5,5,119,1,159,0
-3,-3,131,1,159,0
2,2,148,1,159,0
4,4,128,1,159,0
1,1,157,1,159,0
0,0,159,1,159,0
3,3,138,1,159,0
7,-5,48,1,159,0
1,-7,59,1,159,0
0,-4,74,1,159,0
-4,-7,92,1,159,0
6,7,108,1,159,0
5,6,117,1,159,0
4,5,125,1,159,0
3,-3,128,1,159,0
-3,-4,129,1,159,0
3,4,133,1,159,0
2,3,141,1,159,0
1,2,149,1,159,0
-2,0,156,1,159,0
0,1,158,1,159,0
-7,-7,19,1,159,0
6,-3,27,1,159,0
2,4,32,1,159,0
4,6,75,1,159,0
0,2,35,1,159,0
-6,-4,35,1,159,0
7,-6,43,1,159,0
5,7,88,1,159,0
3,-4,93,1,159,0
6,8,95,1,159,0
-3,-5,122,1,159,0
2,-1,124,1,159,0
-2,-2,142,1,159,0
-1,0,149,1,159,0
-2,1,157,1,159,0
3,-5,6,1,159,0
-7,-8,12,1,159,0
-2,2,19,1,159,0
3,6,56,1,159,0
2,5,24,1,159,0
6,-4,27,1,159,0
-6,-5,34,1,159,0
8,1,74,1,159,0
4,7,79,1,159,0
5,8,92,1,159,0
7,-7,93,1,159,0
7,0,97,1,159,0
2,-2,137,1,159,0
-2,-3,138,1,159,0
2,6,23,1,159,0
-2,3,18,1,159,0
1,5,22,1,159,0
6,-5,25,1,159,0
-6,-6,27,1,159,0
-1,2,28,1,159,0
5,-2,36,1,159,0
-2,-4,61,1,159,0
0,-7,67,1,159,0
3,7,76,1,159,0
7,-8,76,1,159,0
4,8,84,1,159,0
-3,-7,85,1,159,0
7,1,85,1,159,0
8,2,102,1,159,0
6,0,112,1,159,0
-1,-1,152,1,159,0
7,-9,4,1,159,0
-2,4,11,1,159,0
0,5,15,1,159,0
-6,-7,19,1,159,0
5,-3,34,1,159,0
-5,-4,43,1,159,0
2,7,65,1,159,0
8,-2,67,1,159,0
3,8,74,1,159,0
2,-4,86,1,159,0
6,-6,102,1,159,0
7,2,122,1,159,0
6,1,128,1,159,0
5,0,129,1,159,0
-1,-2,146,1,159,0
1,-1,146,1,159,0
-2,5,5,1,159,0
-3,6,6,1,159,0
0,6,41,1,159,0
4,-1,49,1,159,0
1,7,59,1,159,0
8,-3,64,1,159,0
6,-7,71,1,159,0
4,0,74,1,159,0
6,2,125,1,159,0
5,1,134,1,159,0
-9,-8,2,1,159,0
9,6,3,1,159,0
-1,5,8,1,159,0
-3,7,23,1,159,0
-2,6,31,1,159,0
4,-2,43,1,159,0
0,7,48,1,159,0
1,8,53,1,159,0
8,-4,57,1,159,0
3,0,61,1,159,0
-1,-4,68,1,159,0
-2,-7,79,1,159,0
7,4,99,1,159,0
7,-1,106,1,159,0
6,3,106,1,159,0
-5,-6,111,1,159,0
5,-5,111,1,159,0
5,2,113,1,159,0
4,1,141,1,159,0
0,8,6,1,160,0
-3,8,16,1,160,0
8,-5,29,1,160,0
-1,6,38,1,160,0
-4,-4,49,1,160,0
7,-2,69,1,160,0
1,-4,79,1,160,0
6,4,109,1,160,0
8,6,102,1,160,0
-5,-7,106,1,160,0
4,-3,108,1,160,0
7,5,109,1,160,0
5,3,117,1,160,0
4,2,124,1,160,0
3,1,147,1,160,0
2,0,154,1,160,0
0,-1,153,1,160,0
-8,-7,6,1,160,0
8,-6,27,1,160,0
7,-3,61,1,160,0
3,-1,64,1,160,0
7,6,108,1,160,0
6,5,118,1,160,0
4,-4,119,1,160,0
-4,-5,121,1,160,0
5,4,126,1,160,0
4,3,134,1,160,0
3,2,142,1,160,0
2,1,151,1,160,0
1,0,159,1,160,0
-8,-8,9,1,160,0
4,-5,12,1,160,0
7,-4,52,1,160,0
-1,-7,73,1,160,0
8,-7,84,1,160,0
6,-1,107,1,160,0
6,6,109,1,160,0
-4,-6,114,1,160,0
3,-2,116,1,160,0
5,5,119,1,160,0
-3,-3,131,1,160,0
2,2,148,1,160,0
1,1,158,1,160,0
4,4,128,1,160,0
0,0,159,1,160,0
3,3,138,1,160,0
7,-5,48,1,160,0
1,-7,59,1,160,0
0,-4,74,1,160,0
-4,-7,92,1,160,0
6,7,108,1,160,0
5,6,117,1,160,0
4,5,125,1,160,0
3,-3,128,1,160,0
-3,-4,129,1,160,0
3,4,133,1,160,0
2,3,141,1,160,0
1,2,149,1,160,0
-2,0,156,1,160,0
0,1,158,1,160,0
-3,1,158,1,160,0
-7,-7,19,1,160,0
6,-3,27,1,160,0
2,4,32,1,160,0
4,6,75,1,160,0
0,2,35,1,160,0
-6,-4,35,1,160,0
7,-6,43,1,160,0
5,7,88,1,160,0
3,-4,93,1,160,0
6,8,95,1,160,0
-3,-5,122,1,160,0
2,-1,124,1,160,0
-2,-2,142,1,160,0
-1,0,149,1,160,0
-2,1,157,1,160,0
3,-5,6,1,160,0
-7,-8,12,1,160,0
-2,2,19,1,160,0
3,6,56,1,160,0
2,5,24,1,160,0
6,-4,27,1,160,0
-6,-5,34,1,160,0
8,1,74,1,160,0
4,7,79,1,160,0
5,8,92,1,160,0
7,-7,93,1,160,0
7,0,97,1,160,0
2,-2,137,1,160,0
-2,-3,138,1,160,0
2,6,23,1,160,0
-2,3,18,1,160,0
1,5,22,1,160,0
6,-5,25,1,160,0
-6,-6,27,1,160,0
-1,2,28,1,160,0
5,-2,36,1,160,0
-2,-4,61,1,160,0
0,-7,67,1,160,0
3,7,76,1,160,0
7,-8,76,1,160,0
4,8,84,1,160,0
-3,-7,85,1,160,0
7,1,85,1,160,0
8,2,102,1,160,0
6,0,112,1,160,0
-1,-1,152,1,160,0
7,-9,4,1,160,0
-2,4,11,1,160,0
0,5,15,1,160,0
-6,-7,19,1,160,0
5,-3,34,1,160,0
-5,-4,43,1,160,0
2,7,65,1,160,0
8,-2,67,1,160,0
3,8,74,1,160,0
2,-4,86,1,160,0
6,-6,102,1,160,0
7,2,122,1,160,0
6,1,128,1,160,0
5,0,129,1,160,0
-1,-2,146,1,160,0
1,-1,146,1,160,0
-2,5,5,1,160,0
-3,6,6,1,160,0
0,6,41,1,160,0
4,-1,49,1,160,0
1,7,59,1,160,0
8,-3,64,1,160,0
6,-7,71,1,160,0
4,0,74,1,160,0
6,2,125,1,160,0
5,1,134,1,160,0
-9,-8,2,1,160,0
9,6,3,1,160,0
-1,5,8,1,160,0
-3,7,23,1,160,0
-2,6,31,1,160,0
4,-2,43,1,160,0
0,7,48,1,160,0
1,8,53,1,160,0
8,-4,57,1,160,0
3,0,61,1,160,0
-1,-4,68,1,160,0
-2,-7,79,1,160,0
7,4,99,1,160,0
7,-1,106,1,160,0
6,3,106,1,160,0
-5,-6,111,1,160,0
5,-5,111,1,160,0
5,2,113,1,160,0
4,1,141,1,160,0
0,8,6,1,161,0
-3,8,16,1,161,0
8,-5,29,1,161,0
-1,6,38,1,161,0
-4,-4,49,1,161,0
7,-2,69,1,161,0
1,-4,79,1,161,0
6,4,109,1,161,0
8,6,102,1,161,0
-5,-7,106,1,161,0
4,-3,108,1,161,0
7,5,109,1,161,0
5,3,117,1,161,0
4,2,124,1,161,0
3,1,147,1,161,0
2,0,154,1,161,0
0,-1,153,1,161,0
-8,-7,6,1,161,0
8,-6,27,1,161,0
7,-3,61,1,161,0
3,-1,64,1,161,0
7,6,108,1,161,0
6,5,118,1,161,0
4,-4,119,1,161,0
-4,-5,121,1,161,0
5,4,126,1,161,0
4,3,134,1,161,0
3,2,142,1,161,0
2,1,151,1,161,0
1,0,159,1,161,0
-8,-8,9,1,161,0
4,-5,12,1,161,0
7,-4,52,1,161,0
-1,-7,73,1,161,0
8,-7,84,1,161,0
6,-1,107,1,161,0
6,6,109,1,161,0
-4,-6,114,1,161,0
3,-2,116,1,161,0
5,5,119,1,161,0
-3,-3,131,1,161,0
2,2,148,1,161,0
4,4,128,1,161,0
1,1,159,1,161,0
3,3,138,1,161,0
0,0,161,1,161,0
7,-5,48,1,161,0
1,-7,59,1,161,0
0,-4,74,1,161,0
-4,-7,92,1,161,0
6,7,108,1,161,0
5,6,117,1,161,0
4,5,125,1,161,0
3,-3,128,1,161,0
-3,-4,129,1,161,0
3,4,133,1,161,0
2,3,141,1,161,0
1,2,149,1,161,0
-2,0,156,1,161,0
0,1,158,1,161,0
-3,1,159,1,161,0
-7,-7,19,1,161,0
6,-3,27,1,161,0
2,4,32,1,161,0
4,6,75,1,161,0
0,2,35,1,161,0
-6,-4,35,1,161,0
7,-6,43,1,161,0
5,7,88,1,161,0
3,-4,93,1,161,0
6,8,95,1,161,0
-3,-5,122,1,161,0
2,-1,124,1,161,0
-2,-2,142,1,161,0
-1,0,149,1,161,0
-2,1,157,1,161,0
3,-5,6,1,161,0
-7,-8,12,1,161,0
-2,2,19,1,161,0
3,6,56,1,161,0
2,5,24,1,161,0
6,-4,27,1,161,0
-6,-5,34,1,161,0
8,1,74,1,161,0
4,7,79,1,161,0
5,8,92,1,161,0
7,-7,93,1,161,0
7,0,97,1,161,0
2,-2,137,1,161,0
-2,-3,138,1,161,0
2,6,23,1,161,0
-2,3,18,1,161,0
1,5,22,1,161,0
6,-5,25,1,161,0
-6,-6,27,1,161,0
-1,2,28,1,161,0
5,-2,36,1,161,0
-2,-4,61,1,161,0
0,-7,67,1,161,0
3,7,76,1,161,0
7,-8,76,1,161,0
4,8,84,1,161,0
-3,-7,85,1,161,0
7,1,85,1,161,0
8,2,102,1,161,0
6,0,112,1,161,0
-1,-1,152,1,161,0
7,-9,4,1,161,0
-2,4,11,1,161,0
0,5,15,1,161,0
-6,-7,19,1,161,0
5,-3,34,1,161,0
-5,-4,43,1,161,0
2,7,65,1,161,0
8,-2,67,1,161,0
3,8,74,1,161,0
2,-4,86,1,161,0
6,-6,102,1,161,0
7,2,122,1,161,0
6,1,128,1,161,0
5,0,129,1,161,0
-1,-2,146,1,161,0
1,-1,146,1,161,0
-2,5,5,1,161,0
-3,6,6,1,161,0
0,6,41,1,161,0
4,-1,49,1,161,0
1,7,59,1,161,0
8,-3,64,1,161,0
6,-7,71,1,161,0
4,0,74,1,161,0
6,2,125,1,161,0
5,1,134,1,161,0
-9,-8,2,1,161,0
9,6,3,1,161,0
-1,5,8,1,161,0
-3,7,23,1,161,0
-2,6,31,1,161,0
4,-2,43,1,161,0
0,7,48,1,161,0
1,8,53,1,161,0
8,-4,57,1,161,0
3,0,61,1,161,0
-1,-4,68,1,161,0
-2,-7,79,1,161,0
7,4,99,1,161,0
7,-1,106,1,161,0
6,3,106,1,161,0
-5,-6,111,1,161,0
5,-5,111,1,161,0
5,2,113,1,161,0
4,1,141,1,161,0
0,8,6,1,162,0
-3,8,16,1,162,0
8,-5,29,1,162,0
-1,6,38,1,162,0
-4,-4,49,1,162,0
7,-2,69,1,162,0
1,-4,79,1,162,0
6,4,109,1,162,0
8,6,102,1,162,0
-5,-7,106,1,162,0
4,-3,108,1,162,0
7,5,109,1,162,0
5,3,117,1,162,0
4,2,124,1,162,0
3,1,147,1,162,0
2,0,154,1,162,0
0,-1,153,1,162,0
-8,-7,6,1,162,0
8,-6,27,1,162,0
7,-3,61,1,162,0
3,-1,64,1,162,0
7,6,108,1,162,0
6,5,118,1,162,0
4,-4,119,1,162,0
-4,-5,121,1,162,0
5,4,126,1,162,0
4,3,134,1,162,0
3,2,142,1,162,0
2,1,151,1,162,0
1,0,159,1,162,0
-8,-8,9,1,162,0
4,-5,12,1,162,0
7,-4,52,1,162,0
-1,-7,73,1,162,0
8,-7,84,1,162,0
6,-1,107,1,162,0
6,6,109,1,162,0
-4,-6,114,1,162,0
3,-2,116,1,162,0
5,5,119,1,162,0
-3,-3,131,1,162,0
2,2,148,1,162,0
4,4,128,1,162,0
1,1,161,1,162,0
0,0,162,1,162,0
3,3,138,1,162,0
7,-5,48,1,162,0
1,-7,59,1,162,0
0,-4,74,1,162,0
-4,-7,92,1,162,0
6,7,108,1,162,0
5,6,117,1,162,0
4,5,125,1,162,0
3,-3,128,1,162,0
-3,-4,129,1,162,0
3,4,133,1,162,0
2,3,141,1,162,0
1,2,149,1,162,0
-2,0,156,1,162,0
0,1,158,1,162,0
-3,1,161,1,162,0
-7,-7,19,1,162,0
6,-3,27,1,162,0
2,4,32,1,162,0
4,6,75,1,162,0
0,2,35,1,162,0
-6,-4,35,1,162,0
7,-6,43,1,162,0
5,7,88,1,162,0
3,-4,93,1,162,0
6,8,95,1,162,0
-3,-5,122,1,162,0
2,-1,124,1,162,0
-2,-2,142,1,162,0
-1,0,149,1,162,0
-2,1,157,1,162,0
3,-5,6,1,162,0
-7,-8,12,1,162,0
-2,2,19,1,162,0
3,6,56,1,162,0
2,5,24,1,162,0
6,-4,27,1,162,0
-6,-5,34,1,162,0
8,1,74,1,162,0
4,7,79,1,162,0
5,8,92,1,162,0
7,-7,93,1,162,0
7,0,97,1,162,0
2,-2,137,1,162,0
-2,-3,138,1,162,0
2,6,23,1,162,0
-2,3,18,1,162,0
1,5,22,1,162,0
6,-5,25,1,162,0
-6,-6,27,1,162,0
-1,2,28,1,162,0
5,-2,36,1,162,0
-2,-4,61,1,162,0
0,-7,67,1,162,0
3,7,76,1,162,0
7,-8,76,1,162,0
4,8,84,1,162,0
-3,-7,85,1,162,0
7,1,85,1,162,0
8,2,102,1,162,0
6,0,112,1,162,0
-1,-1,152,1,162,0
7,-9,4,1,162,0
-2,4,11,1,162,0
0,5,15,1,162,0
-6,-7,19,1,162,0
5,-3,34,1,162,0
-5,-4,43,1,162,0
2,7,65,1,162,0
8,-2,67,1,162,0
3,8,74,1,162,0
2,-4,86,1,162,0
6,-6,102,1,162,0
7,2,122,1,162,0
6,1,128,1,162,0
5,0,129,1,162,0
-1,-2,146,1,162,0
1,-1,146,1,162,0
-2,5,5,1,162,0
-3,6,6,1,162,0
0,6,41,1,162,0
4,-1,49,1,162,0
1,7,59,1,162,0
8,-3,64,1,162,0
6,-7,71,1,162,0
4,0,74,1,162,0
6,2,125,1,162,0
5,1,134,1,162,0
-9,-8,2,1,162,0
9,6,3,1,162,0
-1,5,8,1,162,0
-3,7,23,1,162,0
-2,6,31,1,162,0
4,-2,43,1,162,0
0,7,48,1,162,0
1,8,53,1,162,0
8,-4,57,1,162,0
3,0,61,1,162,0
-1,-4,68,1,162,0
-2,-7,79,1,162,0
7,4,99,1,162,0
7,-1,106,1,162,0
6,3,106,1,162,0
-5,-6,111,1,162,0
5,-5,111,1,162,0
5,2,113,1,162,0
4,1,141,1,162,0
0,8,6,1,163,0
-3,8,16,1,163,0
8,-5,29,1,163,0
-1,6,38,1,163,0
-4,-4,49,1,163,0
7,-2,69,1,163,0
1,-4,79,1,163,0
6,4,109,1,163,0
8,6,102,1,163,0
-5,-7,106,1,163,0
4,-3,108,1,163,0
7,5,109,1,163,0
5,3,117,1,163,0
4,2,124,1,163,0
3,1,147,1,163,0
2,0,154,1,163,0
0,-1,153,1,163,0
-8,-7,6,1,163,0
8,-6,27,1,163,0
7,-3,61,1,163,0
3,-1,64,1,163,0
7,6,108,1,163,0
6,5,118,1,163,0
4,-4,119,1,163,0
-4,-5,121,1,163,0
5,4,126,1,163,0
4,3,134,1,163,0
3,2,142,1,163,0
2,1,151,1,163,0
1,0,159,1,163,0
-8,-8,9,1,163,0
4,-5,12,1,163,0
7,-4,52,1,163,0
-1,-7,73,1,163,0
8,-7,84,1,163,0
6,-1,107,1,163,0
6,6,109,1,163,0
-4,-6,114,1,163,0
3,-2,116,1,163,0
5,5,119,1,163,0
-3,-3,131,1,163,0
2,2,148,1,163,0
4,4,128,1,163,0
1,1,161,1,163,0
3,3,138,1,163,0
0,0,163,1,163,0
7,-5,48,1,163,0
1,-7,59,1,163,0
0,-4,74,1,163,0
-4,-7,92,1,163,0
6,7,108,1,163,0
5,6,117,1,163,0
4,5,125,1,163,0
3,-3,128,1,163,0
-3,-4,129,1,163,0
3,4,133,1,163,0
2,3,141,1,163,0
1,2,149,1,163,0
-2,0,156,1,163,0
0,1,158,1,163,0
-3,1,162,1,163,0
-7,-7,19,1,163,0
6,-3,27,1,163,0
2,4,32,1,163,0
4,6,75,1,163,0
0,2,35,1,163,0
-6,-4,35,1,163,0
7,-6,43,1,163,0
5,7,88,1,163,0
3,-4,93,1,163,0
6,8,95,1,163,0
-3,-5,122,1,163,0
2,-1,124,1,163,0
-2,-2,142,1,163,0
-1,0,149,1,163,0
-2,1,157,1,163,0
3,-5,6,1,163,0
-7,-8,12,1,163,0
-2,2,19,1,163,0
3,6,56,1,163,0
2,5,24,1,163,0
6,-4,27,1,163,0
-6,-5,34,1,163,0
8,1,74,1,163,0
4,7,79,1,163,0
5,8,92,1,163,0
7,-7,93,1,163,0
7,0,97,1,163,0
2,-2,137,1,163,0
-2,-3,138,1,163,0
2,6,23,1,163,0
-2,3,18,1,163,0
1,5,22,1,163,0
6,-5,25,1,163,0
-6,-6,27,1,163,0
-1,2,28,1,163,0
5,-2,36,1,163,0
-2,-4,61,1,163,0
0,-7,67,1,163,0
3,7,76,1,163,0
7,-8,76,1,163,0
4,8,84,1,163,0
-3,-7,85,1,163,0
7,1,85,1,163,0
8,2,102,1,163,0
6,0,112,1,163,0
-1,-1,152,1,163,0
7,-9,4,1,163,0
-2,4,11,1,163,0
0,5,15,1,163,0
-6,-7,19,1,163,0
5,-3,34,1,163,0
-5,-4,43,1,163,0
2,7,65,1,163,0
8,-2,67,1,163,0
3,8,74,1,163,0
2,-4,86,1,163,0
6,-6,102,1,163,0
7,2,122,1,163,0
6,1,128,1,163,0
5,0,129,1,163,0
-1,-2,146,1,163,0
1,-1,146,1,163,0
-2,5,5,1,163,0
-3,6,6,1,163,0
0,6,41,1,163,0
4,-1,49,1,163,0
1,7,59,1,163,0
8,-3,64,1,163,0
6,-7,71,1,163,0
4,0,74,1,163,0
6,2,125,1,163,0
5,1,134,1,163,0
-9,-8,2,1,163,0
9,6,3,1,163,0
-1,5,8,1,163,0
-3,7,23,1,163,0
-2,6,31,1,163,0
4,-2,43,1,163,0
0,7,48,1,163,0
1,8,53,1,163,0
8,-4,57,1,163,0
3,0,61,1,163,0
-1,-4,68,1,163,0
-2,-7,79,1,163,0
7,4,99,1,163,0
7,-1,106,1,163,0
6,3,106,1,163,0
-5,-6,111,1,163,0
5,-5,111,1,163,0
5,2,113,1,163,0
4,1,141,1,163,0
0,8,6,1,164,0
-3,8,16,1,164,0
8,-5,29,1,164,0
-1,6,38,1,164,0
-4,-4,49,1,164,0
7,-2,69,1,164,0
1,-4,79,1,164,0
6,4,109,1,164,0
8,6,102,1,164,0
-5,-7,106,1,164,0
4,-3,108,1,164,0
7,5,109,1,164,0
5,3,117,1,164,0
4,2,124,1,164,0
3,1,147,1,164,0
2,0,154,1,164,0
0,-1,153,1,164,0
-8,-7,6,1,164,0
8,-6,27,1,164,0
7,-3,61,1,164,0
3,-1,64,1,164,0
7,6,108,1,164,0
6,5,118,1,164,0
4,-4,119,1,164,0
-4,-5,121,1,164,0
5,4,126,1,164,0
4,3,134,1,164,0
3,2,142,1,164,0
2,1,151,1,164,0
1,0,159,1,164,0
-8,-8,9,1,164,0
4,-5,12,1,164,0
7,-4,52,1,164,0
-1,-7,73,1,164,0
8,-7,84,1,164,0
6,-1,107,1,164,0
6,6,109,1,164,0
-4,-6,114,1,164,0
3,-2,116,1,164,0
5,5,119,1,164,0
-3,-3,131,1,164,0
2,2,148,1,164,0
1,1,161,1,164,0
4,4,128,1,164,0
0,0,164,1,164,0
3,3,138,1,164,0
7,-5,48,1,164,0
1,-7,59,1,164,0
0,-4,74,1,164,0
-4,-7,92,1,164,0
6,7,108,1,164,0
5,6,117,1,164,0
4,5,125,1,164,0
3,-3,128,1,164,0
-3,-4,129,1,164,0
3,4,133,1,164,0
2,3,141,1,164,0
1,2,149,1,164,0
-2,0,156,1,164,0
-3,1,162,1,164,0
0,1,162,1,164,0
-7,-7,19,1,164,0
6,-3,27,1,164,0
2,4,32,1,164,0
4,6,75,1,164,0
0,2,35,1,164,0
-6,-4,35,1,164,0
7,-6,43,1,164,0
5,7,88,1,164,0
3,-4,93,1,164,0
6,8,95,1,164,0
-3,-5,122,1,164,0
2,-1,124,1,164,0
-2,-2,142,1,164,0
-1,0,149,1,164,0
-2,1,157,1,164,0
3,-5,6,1,164,0
-7,-8,12,1,164,0
-2,2,19,1,164,0
3,6,56,1,164,0
2,5,24,1,164,0
6,-4,27,1,164,0
-6,-5,34,1,164,0
8,1,74,1,164,0
4,7,79,1,164,0
5,8,92,1,164,0
7,-7,93,1,164,0
7,0,97,1,164,0
2,-2,137,1,164,0
-2,-3,138,1,164,0
2,6,23,1,164,0
-2,3,18,1,164,0
1,5,22,1,164,0
6,-5,25,1,164,0
-6,-6,27,1,164,0
-1,2,28,1,164,0
5,-2,36,1,164,0
-2,-4,61,1,164,0
0,-7,67,1,164,0
3,7,76,1,164,0
7,-8,76,1,164,0
4,8,84,1,164,0
-3,-7,85,1,164,0
7,1,85,1,164,0
8,2,102,1,164,0
6,0,112,1,164,0
-1,-1,152,1,164,0
7,-9,4,1,164,0
-2,4,11,1,164,0
0,5,15,1,164,0
-6,-7,19,1,164,0
5,-3,34,1,164,0
-5,-4,43,1,164,0
2,7,65,1,164,0
8,-2,67,1,164,0
3,8,74,1,164,0
2,-4,86,1,164,0
6,-6,102,1,164,0
7,2,122,1,164,0
6,1,128,1,164,0
5,0,129,1,164,0
-1,-2,146,1,164,0
1,-1,146,1,164,0
-2,5,5,1,164,0
-3,6,6,1,164,0
0,6,41,1,164,0
4,-1,49,1,164,0
1,7,59,1,164,0
8,-3,64,1,164,0
6,-7,71,1,164,0
4,0,74,1,164,0
6,2,125,1,164,0
5,1,134,1,164,0
-9,-8,2,1,164,0
9,6,3,1,164,0
-1,5,8,1,164,0
-3,7,23,1,164,0
-2,6,31,1,164,0
4,-2,43,1,164,0
0,7,48,1,164,0
1,8,53,1,164,0
8,-4,57,1,164,0
3,0,61,1,164,0
-1,-4,68,1,164,0
-2,-7,79,1,164,0
7,4,99,1,164,0
7,-1,106,1,164,0
6,3,106,1,164,0
-5,-6,111,1,164,0
5,-5,111,1,164,0
5,2,113,1,164,0
4,1,141,1,164,0
0,8,6,1,165,0
-3,8,16,1,165,0
8,-5,29,1,165,0
-1,6,38,1,165,0
-4,-4,49,1,165,0
7,-2,69,1,165,0
1,-4,79,1,165,0
6,4,109,1,165,0
8,6,102,1,165,0
-5,-7,106,1,165,0
4,-3,108,1,165,0
7,5,109,1,165,0
5,3,117,1,165,0
4,2,124,1,165,0
3,1,147,1,165,0
2,0,154,1,165,0
0,-1,153,1,165,0
-8,-7,6,1,165,0
8,-6,27,1,165,0
7,-3,61,1,165,0
3,-1,64,1,165,0
7,6,108,1,165,0
6,5,118,1,165,0
4,-4,119,1,165,0
-4,-5,121,1,165,0
5,4,126,1,165,0
4,3,134,1,165,0
3,2,142,1,165,0
2,1,151,1,165,0
1,0,159,1,165,0
-8,-8,9,1,165,0
4,-5,12,1,165,0
7,-4,52,1,165,0
-1,-7,73,1,165,0
8,-7,84,1,165,0
6,-1,107,1,165,0
6,6,109,1,165,0
-4,-6,114,1,165,0
3,-2,116,1,165,0
5,5,119,1,165,0
-3,-3,131,1,165,0
2,2,148,1,165,0
1,1,161,1,165,0
4,4,128,1,165,0
0,0,165,1,165,0
3,3,138,1,165,0
7,-5,48,1,165,0
1,-7,59,1,165,0
0,-4,74,1,165,0
-4,-7,92,1,165,0
6,7,108,1,165,0
5,6,117,1,165,0
4,5,125,1,165,0
3,-3,128,1,165,0
-3,-4,129,1,165,0
3,4,133,1,165,0
2,3,141,1,165,0
1,2,149,1,165,0
-2,0,156,1,165,0
0,1,162,1,165,0
-3,1,164,1,165,0
-7,-7,19,1,165,0
6,-3,27,1,165,0
2,4,32,1,165,0
4,6,75,1,165,0
0,2,35,1,165,0
-6,-4,35,1,165,0
7,-6,43,1,165,0
5,7,88,1,165,0
3,-4,93,1,165,0
6,8,95,1,165,0
-3,-5,122,1,165,0
2,-1,124,1,165,0
-2,-2,142,1,165,0
-1,0,149,1,165,0
-2,1,157,1,165,0
3,-5,6,1,165,0
-7,-8,12,1,165,0
-2,2,19,1,165,0
3,6,56,1,165,0
2,5,24,1,165,0
6,-4,27,1,165,0
-6,-5,34,1,165,0
8,1,74,1,165,0
4,7,79,1,165,0
5,8,92,1,165,0
7,-7,93,1,165,0
7,0,97,1,165,0
2,-2,137,1,165,0
-2,-3,138,1,165,0
2,6,23,1,165,0
-2,3,18,1,165,0
1,5,22,1,165,0
6,-5,25,1,165,0
-6,-6,27,1,165,0
-1,2,28,1,165,0
5,-2,36,1,165,0
-2,-4,61,1,165,0
0,-7,67,1,165,0
3,7,76,1,165,0
7,-8,76,1,165,0
4,8,84,1,165,0
-3,-7,85,1,165,0
7,1,85,1,165,0
8,2,102,1,165,0
6,0,112,1,165,0
-1,-1,152,1,165,0
7,-9,4,1,165,0
-2,4,11,1,165,0
0,5,15,1,165,0
-6,-7,19,1,165,0
5,-3,34,1,165,0
-5,-4,43,1,165,0
2,7,65,1,165,0
8,-2,67,1,165,0
3,8,74,1,165,0
2,-4,86,1,165,0
6,-6,102,1,165,0
7,2,122,1,165,0
6,1,128,1,165,0
5,0,129,1,165,0
-1,-2,146,1,165,0
1,-1,146,1,165,0
-2,5,5,1,165,0
-3,6,6,1,165,0
0,6,41,1,165,0
4,-1,49,1,165,0
1,7,59,1,165,0
8,-3,64,1,165,0
6,-7,71,1,165,0
4,0,74,1,165,0
6,2,125,1,165,0
5,1,134,1,165,0
-9,-8,2,1,165,0
9,6,3,1,165,0
-1,5,8,1,165,0
-3,7,23,1,165,0
-2,6,31,1,165,0
4,-2,43,1,165,0
0,7,48,1,165,0
1,8,53,1,165,0
8,-4,57,1,165,0
3,0,61,1,165,0
-1,-4,68,1,165,0
-2,-7,79,1,165,0
7,4,99,1,165,0
7,-1,106,1,165,0
6,3,106,1,165,0
-5,-6,111,1,165,0
5,-5,111,1,165,0
5,2,113,1,165,0
4,1,141,1,165,0
0,8,6,1,166,0
-3,8,16,1,166,0
8,-5,29,1,166,0
-1,6,38,1,166,0
-4,-4,49,1,166,0
7,-2,69,1,166,0
1,-4,79,1,166,0
6,4,109,1,166,0
8,6,102,1,166,0
-5,-7,106,1,166,0
4,-3,108,1,166,0
7,5,109,1,166,0
5,3,117,1,166,0
4,2,124,1,166,0
3,1,147,1,166,0
2,0,154,1,166,0
0,-1,153,1,166,0
-8,-7,6,1,166,0
8,-6,27,1,166,0
7,-3,61,1,166,0
3,-1,64,1,166,0
7,6,108,1,166,0
6,5,118,1,166,0
4,-4,119,1,166,0
-4,-5,121,1,166,0
5,4,126,1,166,0
4,3,134,1,166,0
3,2,142,1,166,0
2,1,151,1,166,0
1,0,159,1,166,0
-8,-8,9,1,166,0
4,-5,12,1,166,0
7,-4,52,1,166,0
-1,-7,73,1,166,0
8,-7,84,1,166,0
6,-1,107,1,166,0
6,6,109,1,166,0
-4,-6,114,1,166,0
3,-2,116,1,166,0
5,5,119,1,166,0
-3,-3,131,1,166,0
2,2,148,1,166,0
1,1,161,1,166,0
3,3,138,1,166,0
4,4,128,1,166,0
0,0,166,1,166,0
7,-5,48,1,166,0
1,-7,59,1,166,0
0,-4,74,1,166,0
-4,-7,92,1,166,0
6,7,108,1,166,0
5,6,117,1,166,0
4,5,125,1,166,0
3,-3,128,1,166,0
-3,-4,129,1,166,0
3,4,133,1,166,0
2,3,141,1,166,0
1,2,149,1,166,0
-2,0,156,1,166,0
0,1,162,1,166,0
-3,1,165,1,166,0
-7,-7,19,1,166,0
6,-3,27,1,166,0
2,4,32,1,166,0
4,6,75,1,166,0
0,2,35,1,166,0
-6,-4,35,1,166,0
7,-6,43,1,166,0
5,7,88,1,166,0
3,-4,93,1,166,0
6,8,95,1,166,0
-3,-5,122,1,166,0
2,-1,124,1,166,0
-2,-2,142,1,166,0
-1,0,149,1,166,0
-2,1,157,1,166,0
3,-5,6,1,166,0
-7,-8,12,1,166,0
-2,2,19,1,166,0
3,6,56,1,166,0
2,5,24,1,166,0
6,-4,27,1,166,0
-6,-5,34,1,166,0
8,1,74,1,166,0
4,7,79,1,166,0
5,8,92,1,166,0
7,-7,93,1,166,0
7,0,97,1,166,0
2,-2,137,1,166,0
-2,-3,138,1,166,0
2,6,23,1,166,0
-2,3,18,1,166,0
1,5,22,1,166,0
6,-5,25,1,166,0
-6,-6,27,1,166,0
-1,2,28,1,166,0
5,-2,36,1,166,0
-2,-4,61,1,166,0
0,-7,67,1,166,0
3,7,76,1,166,0
7,-8,76,1,166,0
4,8,84,1,166,0
-3,-7,85,1,166,0
7,1,85,1,166,0
8,2,102,1,166,0
6,0,112,1,166,0
-1,-1,152,1,166,0
7,-9,4,1,166,0
-2,4,11,1,166,0
0,5,15,1,166,0
-6,-7,19,1,166,0
5,-3,34,1,166,0
-5,-4,43,1,166,0
2,7,65,1,166,0
8,-2,67,1,166,0
3,8,74,1,166,0
2,-4,86,1,166,0
6,-6,102,1,166,0
7,2,122,1,166,0
6,1,128,1,166,0
5,0,129,1,166,0
-1,-2,146,1,166,0
1,-1,146,1,166,0
-2,5,5,1,166,0
-3,6,6,1,166,0
0,6,41,1,166,0
4,-1,49,1,166,0
1,7,59,1,166,0
8,-3,64,1,166,0
6,-7,71,1,166,0
4,0,74,1,166,0
6,2,125,1,166,0
5,1,134,1,166,0
-9,-8,2,1,166,0
9,6,3,1,166,0
-1,5,8,1,166,0
-3,7,23,1,166,0
-2,6,31,1,166,0
4,-2,43,1,166,0
0,7,48,1,166,0
1,8,53,1,166,0
8,-4,57,1,166,0
3,0,61,1,166,0
-1,-4,68,1,166,0
-2,-7,79,1,166,0
7,4,99,1,166,0
7,-1,106,1,166,0
6,3,106,1,166,0
-5,-6,111,1,166,0
5,-5,111,1,166,0
5,2,113,1,166,0
4,1,141,1,166,0
0,8,6,1,167,0
-3,8,16,1,167,0
8,-5,29,1,167,0
-1,6,38,1,167,0
-4,-4,49,1,167,0
7,-2,69,1,167,0
1,-4,79,1,167,0
6,4,109,1,167,0
8,6,102,1,167,0
-5,-7,106,1,167,0
4,-3,108,1,167,0
7,5,109,1,167,0
5,3,117,1,167,0
4,2,124,1,167,0
3,1,147,1,167,0
2,0,154,1,167,0
0,-1,153,1,167,0
-8,-7,6,1,167,0
8,-6,27,1,167,0
7,-3,61,1,167,0
3,-1,64,1,167,0
7,6,108,1,167,0
6,5,118,1,167,0
4,-4,119,1,167,0
-4,-5,121,1,167,0
5,4,126,1,167,0
4,3,134,1,167,0
3,2,142,1,167,0
2,1,151,1,167,0
1,0,159,1,167,0
-8,-8,9,1,167,0
4,-5,12,1,167,0
7,-4,52,1,167,0
-1,-7,73,1,167,0
8,-7,84,1,167,0
6,-1,107,1,167,0
6,6,109,1,167,0
-4,-6,114,1,167,0
3,-2,116,1,167,0
5,5,119,1,167,0
-3,-3,131,1,167,0
2,2,148,1,167,0
1,1,161,1,167,0
0,0,167,1,167,0
4,4,128,1,167,0
3,3,138,1,167,0
7,-5,48,1,167,0
1,-7,59,1,167,0
0,-4,74,1,167,0
-4,-7,92,1,167,0
6,7,108,1,167,0
5,6,117,1,167,0
4,5,125,1,167,0
3,-3,128,1,167,0
-3,-4,129,1,167,0
3,4,133,1,167,0
2,3,141,1,167,0
1,2,149,1,167,0
-2,0,156,1,167,0
0,1,162,1,167,0
-3,1,165,1,167,0
-7,-7,19,1,167,0
6,-3,27,1,167,0
2,4,32,1,167,0
4,6,75,1,167,0
0,2,35,1,167,0
-6,-4,35,1,167,0
7,-6,43,1,167,0
5,7,88,1,167,0
3,-4,93,1,167,0
6,8,95,1,167,0
-3,-5,122,1,167,0
2,-1,124,1,167,0
-2,-2,142,1,167,0
-1,0,149,1,167,0
-2,1,157,1,167,0
3,-5,6,1,167,0
-7,-8,12,1,167,0
-2,2,19,1,167,0
3,6,56,1,167,0
2,5,24,1,167,0
6,-4,27,1,167,0
-6,-5,34,1,167,0
8,1,74,1,167,0
4,7,79,1,167,0
5,8,92,1,167,0
7,-7,93,1,167,0
7,0,97,1,167,0
2,-2,137,1,167,0
-2,-3,138,1,167,0
2,6,23,1,167,0
-2,3,18,1,167,0
1,5,22,1,167,0
6,-5,25,1,167,0
-6,-6,27,1,167,0
-1,2,28,1,167,0
5,-2,36,1,167,0
-2,-4,61,1,167,0
0,-7,67,1,167,0
3,7,76,1,167,0
7,-8,76,1,167,0
4,8,84,1,167,0
-3,-7,85,1,167,0
7,1,85,1,167,0
8,2,102,1,167,0
6,0,112,1,167,0
-1,-1,152,1,167,0
7,-9,4,1,167,0
-2,4,11,1,167,0
0,5,15,1,167,0
-6,-7,19,1,167,0
5,-3,34,1,167,0
-5,-4,43,1,167,0
2,7,65,1,167,0
8,-2,67,1,167,0
3,8,74,1,167,0
2,-4,86,1,167,0
6,-6,102,1,167,0
7,2,122,1,167,0
6,1,128,1,167,0
5,0,129,1,167,0
-1,-2,146,1,167,0
1,-1,146,1,167,0
-2,5,5,1,167,0
-3,6,6,1,167,0
0,6,41,1,167,0
4,-1,49,1,167,0
1,7,59,1,167,0
8,-3,64,1,167,0
6,-7,71,1,167,0
4,0,74,1,167,0
6,2,125,1,167,0
5,1,134,1,167,0
-9,-8,2,1,167,0
9,6,3,1,167,0
-1,5,8,1,167,0
-3,7,23,1,167,0
-2,6,31,1,167,0
4,-2,43,1,167,0
0,7,48,1,167,0
1,8,53,1,167,0
8,-4,57,1,167,0
3,0,61,1,167,0
-1,-4,68,1,167,0
-2,-7,79,1,167,0
7,4,99,1,167,0
7,-1,106,1,167,0
6,3,106,1,167,0
-5,-6,111,1,167,0
5,-5,111,1,167,0
5,2,113,1,167,0
4,1,141,1,167,0
0,8,6,1,168,0
-3,8,16,1,168,0
8,-5,29,1,168,0
-1,6,38,1,168,0
-4,-4,49,1,168,0
7,-2,69,1,168,0
1,-4,79,1,168,0
6,4,109,1,168,0
8,6,102,1,168,0
-5,-7,106,1,168,0
4,-3,108,1,168,0
7,5,109,1,168,0
5,3,117,1,168,0
4,2,124,1,168,0
3,1,147,1,168,0
2,0,154,1,168,0
0,-1,153,1,168,0
-8,-7,6,1,168,0
8,-6,27,1,168,0
7,-3,61,1,168,0
3,-1,64,1,168,0
7,6,108,1,168,0
6,5,118,1,168,0
4,-4,119,1,168,0
-4,-5,121,1,168,0
5,4,126,1,168,0
4,3,134,1,168,0
3,2,142,1,168,0
2,1,151,1,168,0
1,0,159,1,168,0
-8,-8,9,1,168,0
4,-5,12,1,168,0
7,-4,52,1,168,0
-1,-7,73,1,168,0
8,-7,84,1,168,0
6,-1,107,1,168,0
6,6,109,1,168,0
-4,-6,114,1,168,0
3,-2,116,1,168,0
5,5,119,1,168,0
-3,-3,131,1,168,0
2,2,148,1,168,0
1,1,167,1,168,0
4,4,128,1,168,0
-4,1,167,1,168,0
0,0,168,1,168,0
3,3,138,1,168,0
7,-5,48,1,168,0
1,-7,59,1,168,0
0,-4,74,1,168,0
-4,-7,92,1,168,0
6,7,108,1,168,0
5,6,117,1,168,0
4,5,125,1,168,0
3,-3,128,1,168,0
-3,-4,129,1,168,0
3,4,133,1,168,0
2,3,141,1,168,0
1,2,149,1,168,0
-2,0,156,1,168,0
0,1,162,1,168,0
-3,1,165,1,168,0
-7,-7,19,1,168,0
6,-3,27,1,168,0
2,4,32,1,168,0
4,6,75,1,168,0
0,2,35,1,168,0
-6,-4,35,1,168,0
7,-6,43,1,168,0
5,7,88,1,168,0
3,-4,93,1,168,0
6,8,95,1,168,0
-3,-5,122,1,168,0
2,-1,124,1,168,0
-2,-2,142,1,168,0
-1,0,149,1,168,0
-2,1,157,1,168,0
3,-5,6,1,168,0
-7,-8,12,1,168,0
-2,2,19,1,168,0
3,6,56,1,168,0
2,5,24,1,168,0
6,-4,27,1,168,0
-6,-5,34,1,168,0
8,1,74,1,168,0
4,7,79,1,168,0
5,8,92,1,168,0
7,-7,93,1,168,0
7,0,97,1,168,0
2,-2,137,1,168,0
-2,-3,138,1,168,0
-1,1,166,1,168,0
2,6,23,1,168,0
-2,3,18,1,168,0
1,5,22,1,168,0
6,-5,25,1,168,0
-6,-6,27,1,168,0
-1,2,28,1,168,0
5,-2,36,1,168,0
-2,-4,61,1,168,0
0,-7,67,1,168,0
3,7,76,1,168,0
7,-8,76,1,168,0
4,8,84,1,168,0
-3,-7,85,1,168,0
7,1,85,1,168,0
8,2,102,1,168,0
6,0,112,1,168,0
-1,-1,152,1,168,0
7,-9,4,1,168,0
-2,4,11,1,168,0
0,5,15,1,168,0
-6,-7,19,1,168,0
5,-3,34,1,168,0
-5,-4,43,1,168,0
2,7,65,1,168,0
8,-2,67,1,168,0
3,8,74,1,168,0
2,-4,86,1,168,0
6,-6,102,1,168,0
7,2,122,1,168,0
6,1,128,1,168,0
5,0,129,1,168,0
-1,-2,146,1,168,0
1,-1,146,1,168,0
-2,5,5,1,168,0
-3,6,6,1,168,0
0,6,41,1,168,0
4,-1,49,1,168,0
1,7,59,1,168,0
8,-3,64,1,168,0
6,-7,71,1,168,0
4,0,74,1,168,0
6,2,125,1,168,0
5,1,134,1,168,0
-9,-8,2,1,168,0
9,6,3,1,168,0
-1,5,8,1,168,0
-3,7,23,1,168,0
-2,6,31,1,168,0
4,-2,43,1,168,0
0,7,48,1,168,0
1,8,53,1,168,0
8,-4,57,1,168,0
3,0,61,1,168,0
-1,-4,68,1,168,0
-2,-7,79,1,168,0
7,4,99,1,168,0
7,-1,106,1,168,0
6,3,106,1,168,0
-5,-6,111,1,168,0
5,-5,111,1,168,0
5,2,113,1,168,0
4,1,141,1,168,0
0,8,6,1,169,0
-3,8,16,1,169,0
8,-5,29,1,169,0
-1,6,38,1,169,0
-4,-4,49,1,169,0
7,-2,69,1,169,0
1,-4,79,1,169,0
6,4,109,1,169,0
8,6,102,1,169,0
-5,-7,106,1,169,0
4,-3,108,1,169,0
7,5,109,1,169,0
5,3,117,1,169,0
4,2,124,1,169,0
3,1,147,1,169,0
2,0,154,1,169,0
0,-1,153,1,169,0
-8,-7,6,1,169,0
8,-6,27,1,169,0
7,-3,61,1,169,0
3,-1,64,1,169,0
7,6,108,1,169,0
6,5,118,1,169,0
4,-4,119,1,169,0
-4,-5,121,1,169,0
5,4,126,1,169,0
4,3,134,1,169,0
3,2,142,1,169,0
2,1,151,1,169,0
1,0,159,1,169,0
-8,-8,9,1,169,0
4,-5,12,1,169,0
7,-4,52,1,169,0
-1,-7,73,1,169,0
8,-7,84,1,169,0
6,-1,107,1,169,0
6,6,109,1,169,0
-4,-6,114,1,169,0
3,-2,116,1,169,0
5,5,119,1,169,0
-3,-3,131,1,169,0
2,2,148,1,169,0
1,1,168,1,169,0
-4,1,168,1,169,0
4,4,128,1,169,0
0,0,169,1,169,0
3,3,138,1,169,0
7,-5,48,1,169,0
1,-7,59,1,169,0
0,-4,74,1,169,0
-4,-7,92,1,169,0
6,7,108,1,169,0
5,6,117,1,169,0
4,5,125,1,169,0
3,-3,128,1,169,0
-3,-4,129,1,169,0
3,4,133,1,169,0
2,3,141,1,169,0
1,2,149,1,169,0
-2,0,156,1,169,0
-3,1,165,1,169,0
0,1,168,1,169,0
-7,-7,19,1,169,0
6,-3,27,1,169,0
2,4,32,1,169,0
4,6,75,1,169,0
0,2,35,1,169,0
-6,-4,35,1,169,0
7,-6,43,1,169,0
5,7,88,1,169,0
3,-4,93,1,169,0
6,8,95,1,169,0
-3,-5,122,1,169,0
2,-1,124,1,169,0
-2,-2,142,1,169,0
-1,0,149,1,169,0
-2,1,157,1,169,0
3,-5,6,1,169,0
-7,-8,12,1,169,0
-2,2,19,1,169,0
3,6,56,1,169,0
2,5,24,1,169,0
6,-4,27,1,169,0
-6,-5,34,1,169,0
8,1,74,1,169,0
4,7,79,1,169,0
5,8,92,1,169,0
7,-7,93,1,169,0
7,0,97,1,169,0
2,-2,137,1,169,0
-2,-3,138,1,169,0
-1,1,168,1,169,0
2,6,23,1,169,0
-2,3,18,1,169,0
1,5,22,1,169,0
6,-5,25,1,169,0
-6,-6,27,1,169,0
-1,2,28,1,169,0
5,-2,36,1,169,0
-2,-4,61,1,169,0
0,-7,67,1,169,0
3,7,76,1,169,0
7,-8,76,1,169,0
4,8,84,1,169,0
-3,-7,85,1,169,0
7,1,85,1,169,0
8,2,102,1,169,0
6,0,112,1,169,0
-1,-1,152,1,169,0
7,-9,4,1,169,0
-2,4,11,1,169,0
0,5,15,1,169,0
-6,-7,19,1,169,0
5,-3,34,1,169,0
-5,-4,43,1,169,0
2,7,65,1,169,0
8,-2,67,1,169,0
3,8,74,1,169,0
2,-4,86,1,169,0
6,-6,102,1,169,0
7,2,122,1,169,0
6,1,128,1,169,0
5,0,129,1,169,0
-1,-2,146,1,169,0
1,-1,146,1,169,0
-2,5,5,1,169,0
-3,6,6,1,169,0
0,6,41,1,169,0
4,-1,49,1,169,0
1,7,59,1,169,0
8,-3,64,1,169,0
6,-7,71,1,169,0
4,0,74,1,169,0
6,2,125,1,169,0
5,1,134,1,169,0
-9,-8,2,1,169,0
9,6,3,1,169,0
-1,5,8,1,169,0
-3,7,23,1,169,0
-2,6,31,1,169,0
4,-2,43,1,169,0
0,7,48,1,169,0
1,8,53,1,169,0
8,-4,57,1,169,0
3,0,61,1,169,0
-1,-4,68,1,169,0
-2,-7,79,1,169,0
7,4,99,1,169,0
7,-1,106,1,169,0
6,3,106,1,169,0
-5,-6,111,1,169,0
5,-5,111,1,169,0
5,2,113,1,169,0
4,1,141,1,169,0
0,8,6,1,170,0
-3,8,16,1,170,0
8,-5,29,1,170,0
-1,6,38,1,170,0
-4,-4,49,1,170,0
7,-2,69,1,170,0
1,-4,79,1,170,0
6,4,109,1,170,0
8,6,102,1,170,0
-5,-7,106,1,170,0
4,-3,108,1,170,0
7,5,109,1,170,0
5,3,117,1,170,0
4,2,124,1,170,0
3,1,147,1,170,0
2,0,154,1,170,0
0,-1,153,1,170,0
-8,-7,6,1,170,0
8,-6,27,1,170,0
7,-3,61,1,170,0
3,-1,64,1,170,0
7,6,108,1,170,0
6,5,118,1,170,0
4,-4,119,1,170,0
-4,-5,121,1,170,0
5,4,126,1,170,0
4,3,134,1,170,0
3,2,142,1,170,0
2,1,151,1,170,0
1,0,159,1,170,0
-8,-8,9,1,170,0
4,-5,12,1,170,0
7,-4,52,1,170,0
-1,-7,73,1,170,0
8,-7,84,1,170,0
6,-1,107,1,170,0
6,6,109,1,170,0
-4,-6,114,1,170,0
3,-2,116,1,170,0
5,5,119,1,170,0
-3,-3,131,1,170,0
2,2,148,1,170,0
1,1,168,1,170,0
-4,1,169,1,170,0
3,3,138,1,170,0
0,0,169,1,170,0
4,4,128,1,170,0
7,-5,48,1,170,0
1,-7,59,1,170,0
0,-4,74,1,170,0
-4,-7,92,1,170,0
6,7,108,1,170,0
5,6,117,1,170,0
4,5,125,1,170,0
3,-3,128,1,170,0
-3,-4,129,1,170,0
3,4,133,1,170,0
2,3,141,1,170,0
1,2,149,1,170,0
-2,0,156,1,170,0
-3,1,165,1,170,0
0,1,169,1,170,0
-7,-7,19,1,170,0
6,-3,27,1,170,0
2,4,32,1,170,0
4,6,75,1,170,0
0,2,35,1,170,0
-6,-4,35,1,170,0
7,-6,43,1,170,0
5,7,88,1,170,0
3,-4,93,1,170,0
6,8,95,1,170,0
-3,-5,122,1,170,0
2,-1,124,1,170,0
-2,-2,142,1,170,0
-1,0,149,1,170,0
-2,1,157,1,170,0
3,-5,6,1,170,0
-7,-8,12,1,170,0
-2,2,19,1,170,0
3,6,56,1,170,0
2,5,24,1,170,0
6,-4,27,1,170,0
-6,-5,34,1,170,0
8,1,74,1,170,0
4,7,79,1,170,0
5,8,92,1,170,0
7,-7,93,1,170,0
7,0,97,1,170,0
2,-2,137,1,170,0
-2,-3,138,1,170,0
-1,1,169,1,170,0
2,6,23,1,170,0
-2,3,18,1,170,0
1,5,22,1,170,0
6,-5,25,1,170,0
-6,-6,27,1,170,0
-1,2,28,1,170,0
5,-2,36,1,170,0
-2,-4,61,1,170,0
0,-7,67,1,170,0
3,7,76,1,170,0
7,-8,76,1,170,0
4,8,84,1,170,0
-3,-7,85,1,170,0
7,1,85,1,170,0
8,2,102,1,170,0
6,0,112,1,170,0
-1,-1,152,1,170,0
7,-9,4,1,170,0
-2,4,11,1,170,0
0,5,15,1,170,0
-6,-7,19,1,170,0
5,-3,34,1,170,0
-5,-4,43,1,170,0
2,7,65,1,170,0
8,-2,67,1,170,0
3,8,74,1,170,0
2,-4,86,1,170,0
6,-6,102,1,170,0
7,2,122,1,170,0
6,1,128,1,170,0
5,0,129,1,170,0
-1,-2,146,1,170,0
1,-1,146,1,170,0
-2,5,5,1,170,0
-3,6,6,1,170,0
0,6,41,1,170,0
4,-1,49,1,170,0
1,7,59,1,170,0
8,-3,64,1,170,0
6,-7,71,1,170,0
4,0,74,1,170,0
6,2,125,1,170,0
5,1,134,1,170,0
-9,-8,2,1,170,0
9,6,3,1,170,0
-1,5,8,1,170,0
-3,7,23,1,170,0
-2,6,31,1,170,0
4,-2,43,1,170,0
0,7,48,1,170,0
1,8,53,1,170,0
8,-4,57,1,170,0
3,0,61,1,170,0
-1,-4,68,1,170,0
-2,-7,79,1,170,0
7,4,99,1,170,0
7,-1,106,1,170,0
6,3,106,1,170,0
-5,-6,111,1,170,0
5,-5,111,1,170,0
5,2,113,1,170,0
4,1,141,1,170,0
0,8,6,1,171,0
-3,8,16,1,171,0
8,-5,29,1,171,0
-1,6,38,1,171,0
-4,-4,49,1,171,0
7,-2,69,1,171,0
1,-4,79,1,171,0
6,4,109,1,171,0
8,6,102,1,171,0
-5,-7,106,1,171,0
4,-3,108,1,171,0
7,5,109,1,171,0
5,3,117,1,171,0
4,2,124,1,171,0
3,1,147,1,171,0
2,0,154,1,171,0
0,-1,153,1,171,0
-8,-7,6,1,171,0
8,-6,27,1,171,0
7,-3,61,1,171,0
3,-1,64,1,171,0
7,6,108,1,171,0
6,5,118,1,171,0
4,-4,119,1,171,0
-4,-5,121,1,171,0
5,4,126,1,171,0
4,3,134,1,171,0
3,2,142,1,171,0
2,1,151,1,171,0
1,0,159,1,171,0
-8,-8,9,1,171,0
4,-5,12,1,171,0
7,-4,52,1,171,0
-1,-7,73,1,171,0
8,-7,84,1,171,0
6,-1,107,1,171,0
6,6,109,1,171,0
-4,-6,114,1,171,0
3,-2,116,1,171,0
5,5,119,1,171,0
-3,-3,131,1,171,0
2,2,148,1,171,0
-4,1,169,1,171,0
1,1,169,1,171,0
4,4,128,1,171,0
3,3,138,1,171,0
0,0,171,1,171,0
7,-5,48,1,171,0
1,-7,59,1,171,0
0,-4,74,1,171,0
-4,-7,92,1,171,0
6,7,108,1,171,0
5,6,117,1,171,0
4,5,125,1,171,0
3,-3,128,1,171,0
-3,-4,129,1,171,0
3,4,133,1,171,0
2,3,141,1,171,0
1,2,149,1,171,0
-2,0,156,1,171,0
-3,1,165,1,171,0
0,1,169,1,171,0
-7,-7,19,1,171,0
6,-3,27,1,171,0
2,4,32,1,171,0
4,6,75,1,171,0
0,2,35,1,171,0
-6,-4,35,1,171,0
7,-6,43,1,171,0
5,7,88,1,171,0
3,-4,93,1,171,0
6,8,95,1,171,0
-3,-5,122,1,171,0
2,-1,124,1,171,0
-2,-2,142,1,171,0
-1,0,149,1,171,0
-2,1,157,1,171,0
3,-5,6,1,171,0
-7,-8,12,1,171,0
-2,2,19,1,171,0
3,6,56,1,171,0
2,5,24,1,171,0
6,-4,27,1,171,0
-6,-5,34,1,171,0
8,1,74,1,171,0
4,7,79,1,171,0
5,8,92,1,171,0
7,-7,93,1,171,0
7,0,97,1,171,0
2,-2,137,1,171,0
-2,-3,138,1,171,0
-1,1,169,1,171,0
2,6,23,1,171,0
-2,3,18,1,171,0
1,5,22,1,171,0
6,-5,25,1,171,0
-6,-6,27,1,171,0
-1,2,28,1,171,0
5,-2,36,1,171,0
-2,-4,61,1,171,0
0,-7,67,1,171,0
3,7,76,1,171,0
7,-8,76,1,171,0
4,8,84,1,171,0
-3,-7,85,1,171,0
7,1,85,1,171,0
8,2,102,1,171,0
6,0,112,1,171,0
-1,-1,152,1,171,0
7,-9,4,1,171,0
-2,4,11,1,171,0
0,5,15,1,171,0
-6,-7,19,1,171,0
5,-3,34,1,171,0
-5,-4,43,1,171,0
2,7,65,1,171,0
8,-2,67,1,171,0
3,8,74,1,171,0
2,-4,86,1,171,0
6,-6,102,1,171,0
7,2,122,1,171,0
6,1,128,1,171,0
5,0,129,1,171,0
-1,-2,146,1,171,0
1,-1,146,1,171,0
-2,5,5,1,171,0
-3,6,6,1,171,0
0,6,41,1,171,0
4,-1,49,1,171,0
1,7,59,1,171,0
8,-3,64,1,171,0
6,-7,71,1,171,0
4,0,74,1,171,0
6,2,125,1,171,0
5,1,134,1,171,0
-9,-8,2,1,171,0
9,6,3,1,171,0
-1,5,8,1,171,0
-3,7,23,1,171,0
-2,6,31,1,171,0
4,-2,43,1,171,0
0,7,48,1,171,0
1,8,53,1,171,0
8,-4,57,1,171,0
3,0,61,1,171,0
-1,-4,68,1,171,0
-2,-7,79,1,171,0
7,4,99,1,171,0
7,-1,106,1,171,0
6,3,106,1,171,0
-5,-6,111,1,171,0
5,-5,111,1,171,0
5,2,113,1,171,0
4,1,141,1,171,0
0,8,6,1,172,0
-3,8,16,1,172,0
8,-5,29,1,172,0
-1,6,38,1,172,0
-4,-4,49,1,172,0
7,-2,69,1,172,0
1,-4,79,1,172,0
6,4,109,1,172,0
8,6,102,1,172,0
-5,-7,106,1,172,0
4,-3,108,1,172,0
7,5,109,1,172,0
5,3,117,1,172,0
4,2,124,1,172,0
3,1,147,1,172,0
2,0,154,1,172,0
0,-1,153,1,172,0
-8,-7,6,1,172,0
8,-6,27,1,172,0
7,-3,61,1,172,0
3,-1,64,1,172,0
7,6,108,1,172,0
6,5,118,1,172,0
4,-4,119,1,172,0
-4,-5,121,1,172,0
5,4,126,1,172,0
4,3,134,1,172,0
3,2,142,1,172,0
2,1,151,1,172,0
1,0,159,1,172,0
-8,-8,9,1,172,0
4,-5,12,1,172,0
7,-4,52,1,172,0
-1,-7,73,1,172,0
8,-7,84,1,172,0
6,-1,107,1,172,0
6,6,109,1,172,0
-4,-6,114,1,172,0
3,-2,116,1,172,0
5,5,119,1,172,0
-3,-3,131,1,172,0
2,2,148,1,172,0
1,1,171,1,172,0
-4,1,171,1,172,0
0,0,172,1,172,0
4,4,128,1,172,0
3,3,138,1,172,0
7,-5,48,1,172,0
1,-7,59,1,172,0
0,-4,74,1,172,0
-4,-7,92,1,172,0
6,7,108,1,172,0
5,6,117,1,172,0
4,5,125,1,172,0
3,-3,128,1,172,0
-3,-4,129,1,172,0
3,4,133,1,172,0
2,3,141,1,172,0
1,2,149,1,172,0
-2,0,156,1,172,0
-3,1,165,1,172,0
0,1,171,1,172,0
-7,-7,19,1,172,0
6,-3,27,1,172,0
2,4,32,1,172,0
4,6,75,1,172,0
0,2,35,1,172,0
-6,-4,35,1,172,0
7,-6,43,1,172,0
5,7,88,1,172,0
3,-4,93,1,172,0
6,8,95,1,172,0
-3,-5,122,1,172,0
2,-1,124,1,172,0
-2,-2,142,1,172,0
-1,0,149,1,172,0
-2,1,157,1,172,0
3,-5,6,1,172,0
-7,-8,12,1,172,0
-2,2,19,1,172,0
3,6,56,1,172,0
2,5,24,1,172,0
6,-4,27,1,172,0
-6,-5,34,1,172,0
8,1,74,1,172,0
4,7,79,1,172,0
5,8,92,1,172,0
7,-7,93,1,172,0
7,0,97,1,172,0
2,-2,137,1,172,0
-2,-3,138,1,172,0
-1,1,169,1,172,0
2,6,23,1,172,0
-2,3,18,1,172,0
1,5,22,1,172,0
6,-5,25,1,172,0
-6,-6,27,1,172,0
-1,2,28,1,172,0
5,-2,36,1,172,0
-2,-4,61,1,172,0
0,-7,67,1,172,0
3,7,76,1,172,0
7,-8,76,1,172,0
4,8,84,1,172,0
-3,-7,85,1,172,0
7,1,85,1,172,0
8,2,102,1,172,0
6,0,112,1,172,0
-1,-1,152,1,172,0
7,-9,4,1,172,0
-2,4,11,1,172,0
0,5,15,1,172,0
-6,-7,19,1,172,0
5,-3,34,1,172,0
-5,-4,43,1,172,0
2,7,65,1,172,0
8,-2,67,1,172,0
3,8,74,1,172,0
2,-4,86,1,172,0
6,-6,102,1,172,0
7,2,122,1,172,0
6,1,128,1,172,0
5,0,129,1,172,0
-1,-2,146,1,172,0
1,-1,146,1,172,0
-2,5,5,1,172,0
-3,6,6,1,172,0
0,6,41,1,172,0
4,-1,49,1,172,0
1,7,59,1,172,0
8,-3,64,1,172,0
6,-7,71,1,172,0
4,0,74,1,172,0
6,2,125,1,172,0
5,1,134,1,172,0
-9,-8,2,1,172,0
9,6,3,1,172,0
-1,5,8,1,172,0
-3,7,23,1,172,0
-2,6,31,1,172,0
4,-2,43,1,172,0
0,7,48,1,172,0
1,8,53,1,172,0
8,-4,57,1,172,0
3,0,61,1,172,0
-1,-4,68,1,172,0
-2,-7,79,1,172,0
7,4,99,1,172,0
7,-1,106,1,172,0
6,3,106,1,172,0
-5,-6,111,1,172,0
5,-5,111,1,172,0
5,2,113,1,172,0
4,1,141,1,172,0
0,8,6,1,173,0
-3,8,16,1,173,0
8,-5,29,1,173,0
-1,6,38,1,173,0
-4,-4,49,1,173,0
7,-2,69,1,173,0
1,-4,79,1,173,0
6,4,109,1,173,0
8,6,102,1,173,0
-5,-7,106,1,173,0
4,-3,108,1,173,0
7,5,109,1,173,0
5,3,117,1,173,0
4,2,124,1,173,0
3,1,147,1,173,0
2,0,154,1,173,0
0,-1,153,1,173,0
-8,-7,6,1,173,0
8,-6,27,1,173,0
7,-3,61,1,173,0
3,-1,64,1,173,0
7,6,108,1,173,0
6,5,118,1,173,0
4,-4,119,1,173,0
-4,-5,121,1,173,0
5,4,126,1,173,0
4,3,134,1,173,0
3,2,142,1,173,0
2,1,151,1,173,0
1,0,159,1,173,0
-8,-8,9,1,173,0
4,-5,12,1,173,0
7,-4,52,1,173,0
-1,-7,73,1,173,0
8,-7,84,1,173,0
6,-1,107,1,173,0
6,6,109,1,173,0
-4,-6,114,1,173,0
3,-2,116,1,173,0
5,5,119,1,173,0
-3,-3,131,1,173,0
2,2,148,1,173,0
1,1,172,1,173,0
-4,1,172,1,173,0
0,0,173,1,173,0
4,4,128,1,173,0
3,3,138,1,173,0
7,-5,48,1,173,0
1,-7,59,1,173,0
0,-4,74,1,173,0
-4,-7,92,1,173,0
6,7,108,1,173,0
5,6,117,1,173,0
4,5,125,1,173,0
3,-3,128,1,173,0
-3,-4,129,1,173,0
3,4,133,1,173,0
2,3,141,1,173,0
1,2,149,1,173,0
-2,0,156,1,173,0
-3,1,165,1,173,0
0,1,172,1,173,0
-7,-7,19,1,173,0
6,-3,27,1,173,0
2,4,32,1,173,0
4,6,75,1,173,0
0,2,35,1,173,0
-6,-4,35,1,173,0
7,-6,43,1,173,0
5,7,88,1,173,0
3,-4,93,1,173,0
6,8,95,1,173,0
-3,-5,122,1,173,0
2,-1,124,1,173,0
-2,-2,142,1,173,0
-1,0,149,1,173,0
-2,1,157,1,173,0
3,-5,6,1,173,0
-7,-8,12,1,173,0
-2,2,19,1,173,0
3,6,56,1,173,0
2,5,24,1,173,0
6,-4,27,1,173,0
-6,-5,34,1,173,0
8,1,74,1,173,0
4,7,79,1,173,0
5,8,92,1,173,0
7,-7,93,1,173,0
7,0,97,1,173,0
2,-2,137,1,173,0
-2,-3,138,1,173,0
-1,1,169,1,173,0
2,6,23,1,173,0
-2,3,18,1,173,0
1,5,22,1,173,0
6,-5,25,1,173,0
-6,-6,27,1,173,0
-1,2,28,1,173,0
5,-2,36,1,173,0
-2,-4,61,1,173,0
0,-7,67,1,173,0
3,7,76,1,173,0
7,-8,76,1,173,0
4,8,84,1,173,0
-3,-7,85,1,173,0
7,1,85,1,173,0
8,2,102,1,173,0
6,0,112,1,173,0
-1,-1,152,1,173,0
7,-9,4,1,173,0
-2,4,11,1,173,0
0,5,15,1,173,0
-6,-7,19,1,173,0
5,-3,34,1,173,0
-5,-4,43,1,173,0
2,7,65,1,173,0
8,-2,67,1,173,0
3,8,74,1,173,0
2,-4,86,1,173,0
6,-6,102,1,173,0
7,2,122,1,173,0
6,1,128,1,173,0
5,0,129,1,173,0
-1,-2,146,1,173,0
1,-1,146,1,173,0
-2,5,5,1,173,0
-3,6,6,1,173,0
0,6,41,1,173,0
4,-1,49,1,173,0
1,7,59,1,173,0
8,-3,64,1,173,0
6,-7,71,1,173,0
4,0,74,1,173,0
6,2,125,1,173,0
5,1,134,1,173,0
-9,-8,2,1,173,0
9,6,3,1,173,0
-1,5,8,1,173,0
-3,7,23,1,173,0
-2,6,31,1,173,0
4,-2,43,1,173,0
0,7,48,1,173,0
1,8,53,1,173,0
8,-4,57,1,173,0
3,0,61,1,173,0
-1,-4,68,1,173,0
-2,-7,79,1,173,0
7,4,99,1,173,0
7,-1,106,1,173,0
6,3,106,1,173,0
-5,-6,111,1,173,0
5,-5,111,1,173,0
5,2,113,1,173,0
4,1,141,1,173,0
0,8,6,1,174,0
-3,8,16,1,174,0
8,-5,29,1,174,0
-1,6,38,1,174,0
-4,-4,49,1,174,0
7,-2,69,1,174,0
1,-4,79,1,174,0
6,4,109,1,174,0
8,6,102,1,174,0
-5,-7,106,1,174,0
4,-3,108,1,174,0
7,5,109,1,174,0
5,3,117,1,174,0
4,2,124,1,174,0
3,1,147,1,174,0
2,0,154,1,174,0
0,-1,173,1,174,0
-8,-7,6,1,174,0
8,-6,27,1,174,0
7,-3,61,1,174,0
3,-1,64,1,174,0
7,6,108,1,174,0
6,5,118,1,174,0
4,-4,119,1,174,0
-4,-5,121,1,174,0
5,4,126,1,174,0
4,3,134,1,174,0
3,2,142,1,174,0
2,1,151,1,174,0
1,0,159,1,174,0
-5,1,173,1,174,0
-8,-8,9,1,174,0
4,-5,12,1,174,0
7,-4,52,1,174,0
-1,-7,73,1,174,0
8,-7,84,1,174,0
6,-1,107,1,174,0
6,6,109,1,174,0
-4,-6,114,1,174,0
3,-2,116,1,174,0
5,5,119,1,174,0
-3,-3,131,1,174,0
2,2,148,1,174,0
-4,1,172,1,174,0
1,1,173,1,174,0
4,4,128,1,174,0
0,0,174,1,174,0
3,3,138,1,174,0
7,-5,48,1,174,0
1,-7,59,1,174,0
0,-4,74,1,174,0
-4,-7,92,1,174,0
6,7,108,1,174,0
5,6,117,1,174,0
4,5,125,1,174,0
3,-3,128,1,174,0
-3,-4,129,1,174,0
3,4,133,1,174,0
2,3,141,1,174,0
1,2,149,1,174,0
-2,0,156,1,174,0
-3,1,165,1,174,0
0,1,172,1,174,0
-7,-7,19,1,174,0
6,-3,27,1,174,0
2,4,32,1,174,0
4,6,75,1,174,0
0,2,35,1,174,0
-6,-4,35,1,174,0
7,-6,43,1,174,0
5,7,88,1,174,0
3,-4,93,1,174,0
6,8,95,1,174,0
-3,-5,122,1,174,0
2,-1,124,1,174,0
-2,-2,142,1,174,0
-1,0,149,1,174,0
-2,1,157,1,174,0
3,-5,6,1,174,0
-7,-8,12,1,174,0
-2,2,19,1,174,0
3,6,56,1,174,0
2,5,24,1,174,0
6,-4,27,1,174,0
-6,-5,34,1,174,0
8,1,74,1,174,0
4,7,79,1,174,0
5,8,92,1,174,0
7,-7,93,1,174,0
7,0,97,1,174,0
2,-2,137,1,174,0
-2,-3,138,1,174,0
-1,1,169,1,174,0
2,6,23,1,174,0
-2,3,18,1,174,0
1,5,22,1,174,0
6,-5,25,1,174,0
-6,-6,27,1,174,0
-1,2,28,1,174,0
5,-2,36,1,174,0
-2,-4,61,1,174,0
0,-7,67,1,174,0
3,7,76,1,174,0
7,-8,76,1,174,0
4,8,84,1,174,0
-3,-7,85,1,174,0
7,1,85,1,174,0
8,2,102,1,174,0
6,0,112,1,174,0
-1,-1,152,1,174,0
7,-9,4,1,174,0
-2,4,11,1,174,0
0,5,15,1,174,0
-6,-7,19,1,174,0
5,-3,34,1,174,0
-5,-4,43,1,174,0
2,7,65,1,174,0
8,-2,67,1,174,0
3,8,74,1,174,0
2,-4,86,1,174,0
6,-6,102,1,174,0
7,2,122,1,174,0
6,1,128,1,174,0
5,0,129,1,174,0
-1,-2,146,1,174,0
1,-1,146,1,174,0
-2,5,5,1,174,0
-3,6,6,1,174,0
0,6,41,1,174,0
4,-1,49,1,174,0
1,7,59,1,174,0
8,-3,64,1,174,0
6,-7,71,1,174,0
4,0,74,1,174,0
6,2,125,1,174,0
5,1,134,1,174,0
-9,-8,2,1,174,0
9,6,3,1,174,0
-1,5,8,1,174,0
-3,7,23,1,174,0
-2,6,31,1,174,0
4,-2,43,1,174,0
0,7,48,1,174,0
1,8,53,1,174,0
8,-4,57,1,174,0
3,0,61,1,174,0
-1,-4,68,1,174,0
-2,-7,79,1,174,0
7,4,99,1,174,0
7,-1,106,1,174,0
6,3,106,1,174,0
-5,-6,111,1,174,0
5,-5,111,1,174,0
5,2,113,1,174,0
4,1,141,1,174,0
0,8,6,1,175,0
-3,8,16,1,175,0
8,-5,29,1,175,0
-1,6,38,1,175,0
-4,-4,49,1,175,0
7,-2,69,1,175,0
1,-4,79,1,175,0
6,4,109,1,175,0
8,6,102,1,175,0
-5,-7,106,1,175,0
4,-3,108,1,175,0
7,5,109,1,175,0
5,3,117,1,175,0
4,2,124,1,175,0
3,1,147,1,175,0
2,0,154,1,175,0
0,-1,174,1,175,0
-8,-7,6,1,175,0
8,-6,27,1,175,0
7,-3,61,1,175,0
3,-1,64,1,175,0
7,6,108,1,175,0
6,5,118,1,175,0
4,-4,119,1,175,0
-4,-5,121,1,175,0
5,4,126,1,175,0
4,3,134,1,175,0
3,2,142,1,175,0
2,1,151,1,175,0
1,0,159,1,175,0
-5,1,174,1,175,0
-8,-8,9,1,175,0
4,-5,12,1,175,0
7,-4,52,1,175,0
-1,-7,73,1,175,0
8,-7,84,1,175,0
6,-1,107,1,175,0
6,6,109,1,175,0
-4,-6,114,1,175,0
3,-2,116,1,175,0
5,5,119,1,175,0
-3,-3,131,1,175,0
2,2,148,1,175,0
-4,1,172,1,175,0
3,3,138,1,175,0
1,1,174,1,175,0
4,4,128,1,175,0
0,0,175,1,175,0
7,-5,48,1,175,0
1,-7,59,1,175,0
0,-4,74,1,175,0
-4,-7,92,1,175,0
6,7,108,1,175,0
5,6,117,1,175,0
4,5,125,1,175,0
3,-3,128,1,175,0
-3,-4,129,1,175,0
3,4,133,1,175,0
2,3,141,1,175,0
1,2,149,1,175,0
-2,0,156,1,175,0
-3,1,165,1,175,0
0,1,172,1,175,0
-7,-7,19,1,175,0
6,-3,27,1,175,0
2,4,32,1,175,0
4,6,75,1,175,0
-6,-4,35,1,175,0
7,-6,43,1,175,0
5,7,88,1,175,0
3,-4,93,1,175,0
6,8,95,1,175,0
-3,-5,122,1,175,0
2,-1,124,1,175,0
-2,-2,142,1,175,0
-1,0,149,1,175,0
-2,1,157,1,175,0
0,2,174,1,175,0
3,-5,6,1,175,0
-7,-8,12,1,175,0
-2,2,19,1,175,0
3,6,56,1,175,0
2,5,24,1,175,0
6,-4,27,1,175,0
-6,-5,34,1,175,0
8,1,74,1,175,0
4,7,79,1,175,0
5,8,92,1,175,0
7,-7,93,1,175,0
7,0,97,1,175,0
2,-2,137,1,175,0
-2,-3,138,1,175,0
-1,1,173,1,175,0
2,6,23,1,175,0
-2,3,18,1,175,0
1,5,22,1,175,0
6,-5,25,1,175,0
-6,-6,27,1,175,0
-1,2,28,1,175,0
5,-2,36,1,175,0
-2,-4,61,1,175,0
0,-7,67,1,175,0
3,7,76,1,175,0
7,-8,76,1,175,0
4,8,84,1,175,0
-3,-7,85,1,175,0
7,1,85,1,175,0
8,2,102,1,175,0
6,0,112,1,175,0
-1,-1,152,1,175,0
7,-9,4,1,175,0
-2,4,11,1,175,0
0,5,15,1,175,0
-6,-7,19,1,175,0
5,-3,34,1,175,0
-5,-4,43,1,175,0
2,7,65,1,175,0
8,-2,67,1,175,0
3,8,74,1,175,0
2,-4,86,1,175,0
6,-6,102,1,175,0
7,2,122,1,175,0
6,1,128,1,175,0
5,0,129,1,175,0
-1,-2,146,1,175,0
1,-1,146,1,175,0
-2,5,5,1,175,0
-3,6,6,1,175,0
0,6,41,1,175,0
4,-1,49,1,175,0
1,7,59,1,175,0
8,-3,64,1,175,0
6,-7,71,1,175,0
4,0,74,1,175,0
6,2,125,1,175,0
5,1,134,1,175,0
-9,-8,2,1,175,0
9,6,3,1,175,0
-1,5,8,1,175,0
-3,7,23,1,175,0
-2,6,31,1,175,0
4,-2,43,1,175,0
0,7,48,1,175,0
1,8,53,1,175,0
8,-4,57,1,175,0
3,0,61,1,175,0
-1,-4,68,1,175,0
-2,-7,79,1,175,0
7,4,99,1,175,0
7,-1,106,1,175,0
6,3,106,1,175,0
-5,-6,111,1,175,0
5,-5,111,1,175,0
5,2,113,1,175,0
4,1,141,1,175,0
0,8,6,1,176,0
-3,8,16,1,176,0
8,-5,29,1,176,0
-1,6,38,1,176,0
-4,-4,49,1,176,0
7,-2,69,1,176,0
1,-4,79,1,176,0
6,4,109,1,176,0
8,6,102,1,176,0
-5,-7,106,1,176,0
4,-3,108,1,176,0
7,5,109,1,176,0
5,3,117,1,176,0
4,2,124,1,176,0
3,1,147,1,176,0
2,0,154,1,176,0
0,-1,176,1,176,0
-8,-7,6,1,176,0
8,-6,27,1,176,0
7,-3,61,1,176,0
3,-1,64,1,176,0
7,6,108,1,176,0
6,5,118,1,176,0
4,-4,119,1,176,0
-4,-5,121,1,176,0
5,4,126,1,176,0
4,3,134,1,176,0
3,2,142,1,176,0
2,1,151,1,176,0
1,0,159,1,176,0
-5,1,175,1,176,0
-8,-8,9,1,176,0
4,-5,12,1,176,0
7,-4,52,1,176,0
-1,-7,73,1,176,0
8,-7,84,1,176,0
6,-1,107,1,176,0
6,6,109,1,176,0
-4,-6,114,1,176,0
3,-2,116,1,176,0
5,5,119,1,176,0
-3,-3,131,1,176,0
2,2,148,1,176,0
-4,1,172,1,176,0
1,1,174,1,176,0
4,4,128,1,176,0
0,0,175,1,176,0
3,3,138,1,176,0
7,-5,48,1,176,0
1,-7,59,1,176,0
0,-4,74,1,176,0
-4,-7,92,1,176,0
6,7,108,1,176,0
5,6,117,1,176,0
4,5,125,1,176,0
3,-3,128,1,176,0
-3,-4,129,1,176,0
3,4,133,1,176,0
2,3,141,1,176,0
-2,0,156,1,176,0
-3,1,165,1,176,0
1,2,175,1,176,0
0,1,172,1,176,0
-7,-7,19,1,176,0
6,-3,27,1,176,0
2,4,32,1,176,0
4,6,75,1,176,0
-6,-4,35,1,176,0
7,-6,43,1,176,0
5,7,88,1,176,0
3,-4,93,1,176,0
6,8,95,1,176,0
-3,-5,122,1,176,0
2,-1,124,1,176,0
-2,-2,142,1,176,0
-1,0,149,1,176,0
-2,1,157,1,176,0
0,2,174,1,176,0
3,-5,6,1,176,0
-7,-8,12,1,176,0
-2,2,19,1,176,0
3,6,56,1,176,0
2,5,24,1,176,0
6,-4,27,1,176,0
-6,-5,34,1,176,0
8,1,74,1,176,0
4,7,79,1,176,0
5,8,92,1,176,0
7,-7,93,1,176,0
7,0,97,1,176,0
2,-2,137,1,176,0
-2,-3,138,1,176,0
-1,1,174,1,176,0
2,6,23,1,176,0
-2,3,18,1,176,0
1,5,22,1,176,0
6,-5,25,1,176,0
-6,-6,27,1,176,0
-1,2,28,1,176,0
5,-2,36,1,176,0
-2,-4,61,1,176,0
0,-7,67,1,176,0
3,7,76,1,176,0
7,-8,76,1,176,0
4,8,84,1,176,0
-3,-7,85,1,176,0
7,1,85,1,176,0
8,2,102,1,176,0
6,0,112,1,176,0
-1,-1,152,1,176,0
7,-9,4,1,176,0
-2,4,11,1,176,0
0,5,15,1,176,0
-6,-7,19,1,176,0
5,-3,34,1,176,0
-5,-4,43,1,176,0
2,7,65,1,176,0
8,-2,67,1,176,0
3,8,74,1,176,0
2,-4,86,1,176,0
6,-6,102,1,176,0
7,2,122,1,176,0
6,1,128,1,176,0
5,0,129,1,176,0
-1,-2,146,1,176,0
1,-1,146,1,176,0
-2,5,5,1,176,0
-3,6,6,1,176,0
0,6,41,1,176,0
4,-1,49,1,176,0
1,7,59,1,176,0
8,-3,64,1,176,0
6,-7,71,1,176,0
4,0,74,1,176,0
6,2,125,1,176,0
5,1,134,1,176,0
-9,-8,2,1,176,0
9,6,3,1,176,0
-1,5,8,1,176,0
-3,7,23,1,176,0
-2,6,31,1,176,0
4,-2,43,1,176,0
0,7,48,1,176,0
1,8,53,1,176,0
8,-4,57,1,176,0
3,0,61,1,176,0
-1,-4,68,1,176,0
-2,-7,79,1,176,0
7,4,99,1,176,0
7,-1,106,1,176,0
6,3,106,1,176,0
-5,-6,111,1,176,0
5,-5,111,1,176,0
5,2,113,1,176,0
4,1,141,1,176,0
0,8,6,1,177,0
-3,8,16,1,177,0
8,-5,29,1,177,0
-1,6,38,1,177,0
-4,-4,49,1,177,0
7,-2,69,1,177,0
1,-4,79,1,177,0
6,4,109,1,177,0
8,6,102,1,177,0
-5,-7,106,1,177,0
4,-3,108,1,177,0
7,5,109,1,177,0
5,3,117,1,177,0
4,2,124,1,177,0
3,1,147,1,177,0
2,0,154,1,177,0
0,-1,176,1,177,0
-8,-7,6,1,177,0
8,-6,27,1,177,0
7,-3,61,1,177,0
3,-1,64,1,177,0
7,6,108,1,177,0
6,5,118,1,177,0
4,-4,119,1,177,0
-4,-5,121,1,177,0
5,4,126,1,177,0
4,3,134,1,177,0
3,2,142,1,177,0
2,1,151,1,177,0
1,0,159,1,177,0
-5,1,175,1,177,0
-8,-8,9,1,177,0
4,-5,12,1,177,0
7,-4,52,1,177,0
-1,-7,73,1,177,0
8,-7,84,1,177,0
6,-1,107,1,177,0
6,6,109,1,177,0
-4,-6,114,1,177,0
3,-2,116,1,177,0
5,5,119,1,177,0
-3,-3,131,1,177,0
2,2,148,1,177,0
-4,1,172,1,177,0
1,1,174,1,177,0
0,0,176,1,177,0
4,4,128,1,177,0
3,3,138,1,177,0
7,-5,48,1,177,0
1,-7,59,1,177,0
0,-4,74,1,177,0
-4,-7,92,1,177,0
6,7,108,1,177,0
5,6,117,1,177,0
4,5,125,1,177,0
3,-3,128,1,177,0
-3,-4,129,1,177,0
3,4,133,1,177,0
2,3,141,1,177,0
-2,0,156,1,177,0
-3,1,165,1,177,0
0,1,175,1,177,0
1,2,176,1,177,0
-7,-7,19,1,177,0
6,-3,27,1,177,0
2,4,32,1,177,0
4,6,75,1,177,0
-6,-4,35,1,177,0
7,-6,43,1,177,0
5,7,88,1,177,0
3,-4,93,1,177,0
6,8,95,1,177,0
-3,-5,122,1,177,0
2,-1,124,1,177,0
-2,-2,142,1,177,0
-1,0,149,1,177,0
-2,1,157,1,177,0
0,2,175,1,177,0
3,-5,6,1,177,0
-7,-8,12,1,177,0
-2,2,19,1,177,0
3,6,56,1,177,0
2,5,24,1,177,0
6,-4,27,1,177,0
-6,-5,34,1,177,0
8,1,74,1,177,0
4,7,79,1,177,0
5,8,92,1,177,0
7,-7,93,1,177,0
7,0,97,1,177,0
2,-2,137,1,177,0
-2,-3,138,1,177,0
-1,1,176,1,177,0
2,6,23,1,177,0
-2,3,18,1,177,0
1,5,22,1,177,0
6,-5,25,1,177,0
-6,-6,27,1,177,0
-1,2,28,1,177,0
5,-2,36,1,177,0
-2,-4,61,1,177,0
0,-7,67,1,177,0
3,7,76,1,177,0
7,-8,76,1,177,0
4,8,84,1,177,0
-3,-7,85,1,177,0
7,1,85,1,177,0
8,2,102,1,177,0
6,0,112,1,177,0
-1,-1,152,1,177,0
7,-9,4,1,177,0
-2,4,11,1,177,0
0,5,15,1,177,0
-6,-7,19,1,177,0
5,-3,34,1,177,0
-5,-4,43,1,177,0
2,7,65,1,177,0
8,-2,67,1,177,0
3,8,74,1,177,0
2,-4,86,1,177,0
6,-6,102,1,177,0
7,2,122,1,177,0
6,1,128,1,177,0
5,0,129,1,177,0
-1,-2,146,1,177,0
1,-1,177,1,177,0
-2,5,5,1,177,0
-3,6,6,1,177,0
0,6,41,1,177,0
4,-1,49,1,177,0
1,7,59,1,177,0
8,-3,64,1,177,0
6,-7,71,1,177,0
4,0,74,1,177,0
6,2,125,1,177,0
5,1,134,1,177,0
-9,-8,2,1,177,0
9,6,3,1,177,0
-1,5,8,1,177,0
-3,7,23,1,177,0
-2,6,31,1,177,0
4,-2,43,1,177,0
0,7,48,1,177,0
1,8,53,1,177,0
8,-4,57,1,177,0
3,0,61,1,177,0
-1,-4,68,1,177,0
-2,-7,79,1,177,0
7,4,99,1,177,0
7,-1,106,1,177,0
6,3,106,1,177,0
-5,-6,111,1,177,0
5,-5,111,1,177,0
5,2,113,1,177,0
4,1,141,1,177,0
0,8,6,1,178,0
-3,8,16,1,178,0
8,-5,29,1,178,0
-1,6,38,1,178,0
-4,-4,49,1,178,0
7,-2,69,1,178,0
1,-4,79,1,178,0
6,4,109,1,178,0
8,6,102,1,178,0
-5,-7,106,1,178,0
4,-3,108,1,178,0
7,5,109,1,178,0
5,3,117,1,178,0
4,2,124,1,178,0
3,1,147,1,178,0
2,0,154,1,178,0
0,-1,177,1,178,0
-8,-7,6,1,178,0
8,-6,27,1,178,0
7,-3,61,1,178,0
3,-1,64,1,178,0
7,6,108,1,178,0
6,5,118,1,178,0
4,-4,119,1,178,0
-4,-5,121,1,178,0
5,4,126,1,178,0
4,3,134,1,178,0
3,2,142,1,178,0
2,1,151,1,178,0
1,0,159,1,178,0
-5,1,176,1,178,0
-8,-8,9,1,178,0
4,-5,12,1,178,0
7,-4,52,1,178,0
-1,-7,73,1,178,0
8,-7,84,1,178,0
6,-1,107,1,178,0
6,6,109,1,178,0
-4,-6,114,1,178,0
3,-2,116,1,178,0
5,5,119,1,178,0
-3,-3,131,1,178,0
2,2,148,1,178,0
-4,1,172,1,178,0
1,1,174,1,178,0
3,3,138,1,178,0
0,0,177,1,178,0
4,4,128,1,178,0
7,-5,48,1,178,0
1,-7,59,1,178,0
0,-4,74,1,178,0
-4,-7,92,1,178,0
6,7,108,1,178,0
5,6,117,1,178,0
4,5,125,1,178,0
3,-3,128,1,178,0
-3,-4,129,1,178,0
3,4,133,1,178,0
2,3,141,1,178,0
-2,0,156,1,178,0
-3,1,165,1,178,0
0,1,175,1,178,0
1,2,177,1,178,0
-7,-7,19,1,178,0
6,-3,27,1,178,0
2,4,32,1,178,0
4,6,75,1,178,0
-6,-4,35,1,178,0
7,-6,43,1,178,0
5,7,88,1,178,0
3,-4,93,1,178,0
6,8,95,1,178,0
-3,-5,122,1,178,0
2,-1,124,1,178,0
-2,-2,142,1,178,0
-1,0,149,1,178,0
-2,1,157,1,178,0
0,2,177,1,178,0
3,-5,6,1,178,0
-7,-8,12,1,178,0
-2,2,19,1,178,0
3,6,56,1,178,0
2,5,24,1,178,0
6,-4,27,1,178,0
-6,-5,34,1,178,0
8,1,74,1,178,0
4,7,79,1,178,0
5,8,92,1,178,0
7,-7,93,1,178,0
7,0,97,1,178,0
2,-2,137,1,178,0
-2,-3,138,1,178,0
-1,1,176,1,178,0
2,6,23,1,178,0
-2,3,18,1,178,0
1,5,22,1,178,0
6,-5,25,1,178,0
-6,-6,27,1,178,0
-1,2,28,1,178,0
5,-2,36,1,178,0
-2,-4,61,1,178,0
0,-7,67,1,178,0
3,7,76,1,178,0
7,-8,76,1,178,0
4,8,84,1,178,0
-3,-7,85,1,178,0
7,1,85,1,178,0
8,2,102,1,178,0
6,0,112,1,178,0
-1,-1,152,1,178,0
7,-9,4,1,178,0
-2,4,11,1,178,0
0,5,15,1,178,0
-6,-7,19,1,178,0
5,-3,34,1,178,0
-5,-4,43,1,178,0
2,7,65,1,178,0
8,-2,67,1,178,0
3,8,74,1,178,0
2,-4,86,1,178,0
6,-6,102,1,178,0
7,2,122,1,178,0
6,1,128,1,178,0
5,0,129,1,178,0
-1,-2,146,1,178,0
1,-1,178,1,178,0
-2,5,5,1,178,0
-3,6,6,1,178,0
0,6,41,1,178,0
4,-1,49,1,178,0
1,7,59,1,178,0
8,-3,64,1,178,0
6,-7,71,1,178,0
4,0,74,1,178,0
6,2,125,1,178,0
5,1,134,1,178,0
-9,-8,2,1,178,0
9,6,3,1,178,0
-1,5,8,1,178,0
-3,7,23,1,178,0
-2,6,31,1,178,0
4,-2,43,1,178,0
0,7,48,1,178,0
1,8,53,1,178,0
8,-4,57,1,178,0
3,0,61,1,178,0
-1,-4,68,1,178,0
-2,-7,79,1,178,0
7,4,99,1,178,0
7,-1,106,1,178,0
6,3,106,1,178,0
-5,-6,111,1,178,0
5,-5,111,1,178,0
5,2,113,1,178,0
4,1,141,1,178,0
0,8,6,1,179,0
-3,8,16,1,179,0
8,-5,29,1,179,0
-1,6,38,1,179,0
-4,-4,49,1,179,0
7,-2,69,1,179,0
1,-4,79,1,179,0
6,4,109,1,179,0
8,6,102,1,179,0
-5,-7,106,1,179,0
4,-3,108,1,179,0
7,5,109,1,179,0
5,3,117,1,179,0
4,2,124,1,179,0
3,1,147,1,179,0
2,0,154,1,179,0
0,-1,178,1,179,0
-8,-7,6,1,179,0
8,-6,27,1,179,0
7,-3,61,1,179,0
3,-1,64,1,179,0
7,6,108,1,179,0
6,5,118,1,179,0
4,-4,119,1,179,0
-4,-5,121,1,179,0
5,4,126,1,179,0
4,3,134,1,179,0
3,2,142,1,179,0
2,1,151,1,179,0
1,0,159,1,179,0
-5,1,178,1,179,0
-8,-8,9,1,179,0
4,-5,12,1,179,0
7,-4,52,1,179,0
-1,-7,73,1,179,0
8,-7,84,1,179,0
6,-1,107,1,179,0
6,6,109,1,179,0
-4,-6,114,1,179,0
3,-2,116,1,179,0
5,5,119,1,179,0
-3,-3,131,1,179,0
2,2,148,1,179,0
-4,1,172,1,179,0
1,1,174,1,179,0
0,0,178,1,179,0
3,3,138,1,179,0
4,4,128,1,179,0
7,-5,48,1,179,0
1,-7,59,1,179,0
0,-4,74,1,179,0
-4,-7,92,1,179,0
6,7,108,1,179,0
5,6,117,1,179,0
4,5,125,1,179,0
3,-3,128,1,179,0
-3,-4,129,1,179,0
3,4,133,1,179,0
2,3,141,1,179,0
-2,0,156,1,179,0
-3,1,165,1,179,0
0,1,175,1,179,0
1,2,178,1,179,0
-7,-7,19,1,179,0
6,-3,27,1,179,0
2,4,32,1,179,0
4,6,75,1,179,0
-6,-4,35,1,179,0
7,-6,43,1,179,0
5,7,88,1,179,0
3,-4,93,1,179,0
6,8,95,1,179,0
-3,-5,122,1,179,0
2,-1,124,1,179,0
-2,-2,142,1,179,0
-2,1,157,1,179,0
0,2,178,1,179,0
-1,0,178,1,179,0
3,-5,6,1,179,0
-7,-8,12,1,179,0
-2,2,19,1,179,0
3,6,56,1,179,0
2,5,24,1,179,0
6,-4,27,1,179,0
-6,-5,34,1,179,0
8,1,74,1,179,0
4,7,79,1,179,0
5,8,92,1,179,0
7,-7,93,1,179,0
7,0,97,1,179,0
2,-2,137,1,179,0
-2,-3,138,1,179,0
-1,1,176,1,179,0
2,6,23,1,179,0
-2,3,18,1,179,0
1,5,22,1,179,0
6,-5,25,1,179,0
-6,-6,27,1,179,0
5,-2,36,1,179,0
-2,-4,61,1,179,0
0,-7,67,1,179,0
3,7,76,1,179,0
7,-8,76,1,179,0
4,8,84,1,179,0
-3,-7,85,1,179,0
7,1,85,1,179,0
8,2,102,1,179,0
6,0,112,1,179,0
-1,-1,152,1,179,0
-1,2,177,1,179,0
7,-9,4,1,179,0
-2,4,11,1,179,0
0,5,15,1,179,0
-6,-7,19,1,179,0
5,-3,34,1,179,0
-5,-4,43,1,179,0
2,7,65,1,179,0
8,-2,67,1,179,0
3,8,74,1,179,0
2,-4,86,1,179,0
6,-6,102,1,179,0
7,2,122,1,179,0
6,1,128,1,179,0
5,0,129,1,179,0
-1,-2,146,1,179,0
1,-1,179,1,179,0
-2,5,5,1,179,0
-3,6,6,1,179,0
0,6,41,1,179,0
4,-1,49,1,179,0
1,7,59,1,179,0
8,-3,64,1,179,0
6,-7,71,1,179,0
4,0,74,1,179,0
6,2,125,1,179,0
5,1,134,1,179,0
-9,-8,2,1,179,0
9,6,3,1,179,0
-1,5,8,1,179,0
-3,7,23,1,179,0
-2,6,31,1,179,0
4,-2,43,1,179,0
0,7,48,1,179,0
1,8,53,1,179,0
8,-4,57,1,179,0
3,0,61,1,179,0
-1,-4,68,1,179,0
-2,-7,79,1,179,0
7,4,99,1,179,0
7,-1,106,1,179,0
6,3,106,1,179,0
-5,-6,111,1,179,0
5,-5,111,1,179,0
5,2,113,1,179,0
4,1,141,1,179,0
0,8,6,1,180,0
-3,8,16,1,180,0
8,-5,29,1,180,0
-1,6,38,1,180,0
-4,-4,49,1,180,0
7,-2,69,1,180,0
1,-4,79,1,180,0
6,4,109,1,180,0
8,6,102,1,180,0
-5,-7,106,1,180,0
4,-3,108,1,180,0
7,5,109,1,180,0
5,3,117,1,180,0
4,2,124,1,180,0
3,1,147,1,180,0
2,0,154,1,180,0
0,-1,179,1,180,0
-6,1,179,1,180,0
-8,-7,6,1,180,0
8,-6,27,1,180,0
7,-3,61,1,180,0
3,-1,64,1,180,0
7,6,108,1,180,0
6,5,118,1,180,0
4,-4,119,1,180,0
-4,-5,121,1,180,0
5,4,126,1,180,0
4,3,134,1,180,0
3,2,142,1,180,0
2,1,151,1,180,0
1,0,159,1,180,0
-5,1,178,1,180,0
-8,-8,9,1,180,0
4,-5,12,1,180,0
7,-4,52,1,180,0
-1,-7,73,1,180,0
8,-7,84,1,180,0
6,-1,107,1,180,0
6,6,109,1,180,0
-4,-6,114,1,180,0
3,-2,116,1,180,0
5,5,119,1,180,0
-3,-3,131,1,180,0
2,2,148,1,180,0
-4,1,172,1,180,0
1,1,174,1,180,0
0,0,179,1,180,0
3,3,138,1,180,0
4,4,128,1,180,0
7,-5,48,1,180,0
1,-7,59,1,180,0
0,-4,74,1,180,0
-4,-7,92,1,180,0
6,7,108,1,180,0
5,6,117,1,180,0
4,5,125,1,180,0
3,-3,128,1,180,0
-3,-4,129,1,180,0
3,4,133,1,180,0
2,3,141,1,180,0
-2,0,156,1,180,0
-3,1,165,1,180,0
0,1,175,1,180,0
1,2,179,1,180,0
-7,-7,19,1,180,0
6,-3,27,1,180,0
2,4,32,1,180,0
4,6,75,1,180,0
-6,-4,35,1,180,0
7,-6,43,1,180,0
5,7,88,1,180,0
3,-4,93,1,180,0
6,8,95,1,180,0
-3,-5,122,1,180,0
2,-1,124,1,180,0
-2,-2,142,1,180,0
-2,1,157,1,180,0
0,2,178,1,180,0
-1,0,178,1,180,0
3,-5,6,1,180,0
-7,-8,12,1,180,0
-2,2,19,1,180,0
3,6,56,1,180,0
2,5,24,1,180,0
6,-4,27,1,180,0
-6,-5,34,1,180,0
8,1,74,1,180,0
4,7,79,1,180,0
5,8,92,1,180,0
7,-7,93,1,180,0
7,0,97,1,180,0
2,-2,137,1,180,0
-2,-3,138,1,180,0
-1,1,176,1,180,0
0,3,179,1,180,0
2,6,23,1,180,0
-2,3,18,1,180,0
1,5,22,1,180,0
6,-5,25,1,180,0
-6,-6,27,1,180,0
5,-2,36,1,180,0
-2,-4,61,1,180,0
0,-7,67,1,180,0
3,7,76,1,180,0
7,-8,76,1,180,0
4,8,84,1,180,0
-3,-7,85,1,180,0
7,1,85,1,180,0
8,2,102,1,180,0
6,0,112,1,180,0
-1,2,178,1,180,0
-1,-1,179,1,180,0
7,-9,4,1,180,0
-2,4,11,1,180,0
0,5,15,1,180,0
-6,-7,19,1,180,0
5,-3,34,1,180,0
-5,-4,43,1,180,0
2,7,65,1,180,0
8,-2,67,1,180,0
3,8,74,1,180,0
2,-4,86,1,180,0
6,-6,102,1,180,0
7,2,122,1,180,0
6,1,128,1,180,0
5,0,129,1,180,0
-1,-2,146,1,180,0
1,-1,179,1,180,0
-2,5,5,1,180,0
-3,6,6,1,180,0
0,6,41,1,180,0
4,-1,49,1,180,0
1,7,59,1,180,0
8,-3,64,1,180,0
6,-7,71,1,180,0
4,0,74,1,180,0
6,2,125,1,180,0
5,1,134,1,180,0
-9,-8,2,1,180,0
9,6,3,1,180,0
-1,5,8,1,180,0
-3,7,23,1,180,0
-2,6,31,1,180,0
4,-2,43,1,180,0
0,7,48,1,180,0
1,8,53,1,180,0
8,-4,57,1,180,0
3,0,61,1,180,0
-1,-4,68,1,180,0
-2,-7,79,1,180,0
7,4,99,1,180,0
7,-1,106,1,180,0
6,3,106,1,180,0
-5,-6,111,1,180,0
5,-5,111,1,180,0
5,2,113,1,180,0
4,1,141,1,180,0
0,8,6,1,181,0
-3,8,16,1,181,0
8,-5,29,1,181,0
-1,6,38,1,181,0
-4,-4,49,1,181,0
7,-2,69,1,181,0
1,-4,79,1,181,0
6,4,109,1,181,0
8,6,102,1,181,0
-5,-7,106,1,181,0
4,-3,108,1,181,0
7,5,109,1,181,0
5,3,117,1,181,0
4,2,124,1,181,0
3,1,147,1,181,0
2,0,154,1,181,0
0,-1,179,1,181,0
-6,1,179,1,181,0
-8,-7,6,1,181,0
8,-6,27,1,181,0
7,-3,61,1,181,0
3,-1,64,1,181,0
7,6,108,1,181,0
6,5,118,1,181,0
4,-4,119,1,181,0
-4,-5,121,1,181,0
5,4,126,1,181,0
4,3,134,1,181,0
3,2,142,1,181,0
2,1,151,1,181,0
1,0,159,1,181,0
-5,1,178,1,181,0
-8,-8,9,1,181,0
4,-5,12,1,181,0
7,-4,52,1,181,0
-1,-7,73,1,181,0
8,-7,84,1,181,0
6,-1,107,1,181,0
6,6,109,1,181,0
-4,-6,114,1,181,0
3,-2,116,1,181,0
5,5,119,1,181,0
-3,-3,131,1,181,0
2,2,148,1,181,0
-4,1,172,1,181,0
1,1,174,1,181,0
0,0,179,1,181,0
3,3,138,1,181,0
4,4,128,1,181,0
7,-5,48,1,181,0
1,-7,59,1,181,0
0,-4,74,1,181,0
-4,-7,92,1,181,0
6,7,108,1,181,0
5,6,117,1,181,0
4,5,125,1,181,0
3,-3,128,1,181,0
-3,-4,129,1,181,0
3,4,133,1,181,0
2,3,141,1,181,0
-2,0,156,1,181,0
-3,1,165,1,181,0
0,1,175,1,181,0
1,2,179,1,181,0
-7,-7,19,1,181,0
6,-3,27,1,181,0
2,4,32,1,181,0
4,6,75,1,181,0
-6,-4,35,1,181,0
7,-6,43,1,181,0
5,7,88,1,181,0
3,-4,93,1,181,0
6,8,95,1,181,0
-3,-5,122,1,181,0
2,-1,124,1,181,0
-2,-2,142,1,181,0
-2,1,157,1,181,0
0,2,178,1,181,0
-1,0,178,1,181,0
3,-5,6,1,181,0
-7,-8,12,1,181,0
-2,2,19,1,181,0
3,6,56,1,181,0
2,5,24,1,181,0
6,-4,27,1,181,0
-6,-5,34,1,181,0
8,1,74,1,181,0
4,7,79,1,181,0
5,8,92,1,181,0
7,-7,93,1,181,0
7,0,97,1,181,0
2,-2,137,1,181,0
-2,-3,138,1,181,0
-1,1,176,1,181,0
0,3,179,1,181,0
2,6,23,1,181,0
-2,3,18,1,181,0
1,5,22,1,181,0
6,-5,25,1,181,0
-6,-6,27,1,181,0
5,-2,36,1,181,0
-2,-4,61,1,181,0
0,-7,67,1,181,0
3,7,76,1,181,0
7,-8,76,1,181,0
4,8,84,1,181,0
-3,-7,85,1,181,0
7,1,85,1,181,0
8,2,102,1,181,0
6,0,112,1,181,0
-1,-1,179,1,181,0
-1,2,179,1,181,0
7,-9,4,1,181,0
-2,4,11,1,181,0
0,5,15,1,181,0
-6,-7,19,1,181,0
5,-3,34,1,181,0
-5,-4,43,1,181,0
2,7,65,1,181,0
8,-2,67,1,181,0
3,8,74,1,181,0
2,-4,86,1,181,0
6,-6,102,1,181,0
7,2,122,1,181,0
6,1,128,1,181,0
5,0,129,1,181,0
-1,-2,146,1,181,0
1,-1,181,1,181,0
-2,5,5,1,181,0
-3,6,6,1,181,0
0,6,41,1,181,0
4,-1,49,1,181,0
1,7,59,1,181,0
8,-3,64,1,181,0
6,-7,71,1,181,0
4,0,74,1,181,0
6,2,125,1,181,0
5,1,134,1,181,0
-9,-8,2,1,181,0
9,6,3,1,181,0
-1,5,8,1,181,0
-3,7,23,1,181,0
-2,6,31,1,181,0
4,-2,43,1,181,0
0,7,48,1,181,0
1,8,53,1,181,0
8,-4,57,1,181,0
3,0,61,1,181,0
-1,-4,68,1,181,0
-2,-7,79,1,181,0
7,4,99,1,181,0
7,-1,106,1,181,0
6,3,106,1,181,0
-5,-6,111,1,181,0
5,-5,111,1,181,0
5,2,113,1,181,0
4,1,141,1,181,0
0,8,6,1,182,0
-3,8,16,1,182,0
8,-5,29,1,182,0
-1,6,38,1,182,0
-4,-4,49,1,182,0
7,-2,69,1,182,0
1,-4,79,1,182,0
6,4,109,1,182,0
8,6,102,1,182,0
-5,-7,106,1,182,0
4,-3,108,1,182,0
7,5,109,1,182,0
5,3,117,1,182,0
4,2,124,1,182,0
3,1,147,1,182,0
2,0,154,1,182,0
0,-1,179,1,182,0
-6,1,181,1,182,0
-8,-7,6,1,182,0
8,-6,27,1,182,0
7,-3,61,1,182,0
3,-1,64,1,182,0
7,6,108,1,182,0
6,5,118,1,182,0
4,-4,119,1,182,0
-4,-5,121,1,182,0
5,4,126,1,182,0
4,3,134,1,182,0
3,2,142,1,182,0
2,1,151,1,182,0
1,0,159,1,182,0
-5,1,178,1,182,0
-8,-8,9,1,182,0
4,-5,12,1,182,0
7,-4,52,1,182,0
-1,-7,73,1,182,0
8,-7,84,1,182,0
6,-1,107,1,182,0
6,6,109,1,182,0
-4,-6,114,1,182,0
3,-2,116,1,182,0
5,5,119,1,182,0
-3,-3,131,1,182,0
2,2,148,1,182,0
-4,1,172,1,182,0
1,1,174,1,182,0
0,0,181,1,182,0
3,3,138,1,182,0
4,4,128,1,182,0
7,-5,48,1,182,0
1,-7,59,1,182,0
0,-4,74,1,182,0
-4,-7,92,1,182,0
6,7,108,1,182,0
5,6,117,1,182,0
4,5,125,1,182,0
3,-3,128,1,182,0
-3,-4,129,1,182,0
3,4,133,1,182,0
2,3,141,1,182,0
-2,0,156,1,182,0
-3,1,165,1,182,0
0,1,175,1,182,0
1,2,181,1,182,0
-7,-7,19,1,182,0
6,-3,27,1,182,0
2,4,32,1,182,0
4,6,75,1,182,0
-6,-4,35,1,182,0
7,-6,43,1,182,0
5,7,88,1,182,0
3,-4,93,1,182,0
6,8,95,1,182,0
-3,-5,122,1,182,0
2,-1,124,1,182,0
-2,-2,142,1,182,0
-2,1,157,1,182,0
-1,0,178,1,182,0
0,2,181,1,182,0
3,-5,6,1,182,0
-7,-8,12,1,182,0
-2,2,19,1,182,0
3,6,56,1,182,0
2,5,24,1,182,0
6,-4,27,1,182,0
-6,-5,34,1,182,0
8,1,74,1,182,0
4,7,79,1,182,0
5,8,92,1,182,0
7,-7,93,1,182,0
7,0,97,1,182,0
2,-2,137,1,182,0
-2,-3,138,1,182,0
-1,1,176,1,182,0
0,3,181,1,182,0
2,6,23,1,182,0
-2,3,18,1,182,0
1,5,22,1,182,0
6,-5,25,1,182,0
-6,-6,27,1,182,0
5,-2,36,1,182,0
-2,-4,61,1,182,0
0,-7,67,1,182,0
3,7,76,1,182,0
7,-8,76,1,182,0
4,8,84,1,182,0
-3,-7,85,1,182,0
7,1,85,1,182,0
8,2,102,1,182,0
6,0,112,1,182,0
-1,2,179,1,182,0
-1,-1,181,1,182,0
7,-9,4,1,182,0
-2,4,11,1,182,0
0,5,15,1,182,0
-6,-7,19,1,182,0
5,-3,34,1,182,0
-5,-4,43,1,182,0
2,7,65,1,182,0
8,-2,67,1,182,0
3,8,74,1,182,0
2,-4,86,1,182,0
6,-6,102,1,182,0
7,2,122,1,182,0
6,1,128,1,182,0
5,0,129,1,182,0
-1,-2,146,1,182,0
1,-1,182,1,182,0
-2,5,5,1,182,0
-3,6,6,1,182,0
0,6,41,1,182,0
4,-1,49,1,182,0
1,7,59,1,182,0
8,-3,64,1,182,0
6,-7,71,1,182,0
4,0,74,1,182,0
6,2,125,1,182,0
5,1,134,1,182,0
1,-2,181,1,182,0
-9,-8,2,1,182,0
9,6,3,1,182,0
-1,5,8,1,182,0
-3,7,23,1,182,0
-2,6,31,1,182,0
4,-2,43,1,182,0
0,7,48,1,182,0
1,8,53,1,182,0
8,-4,57,1,182,0
3,0,61,1,182,0
-1,-4,68,1,182,0
-2,-7,79,1,182,0
7,4,99,1,182,0
7,-1,106,1,182,0
6,3,106,1,182,0
-5,-6,111,1,182,0
5,-5,111,1,182,0
5,2,113,1,182,0
4,1,141,1,182,0
0,8,6,1,183,0
-3,8,16,1,183,0
8,-5,29,1,183,0
-1,6,38,1,183,0
-4,-4,49,1,183,0
7,-2,69,1,183,0
1,-4,79,1,183,0
6,4,109,1,183,0
8,6,102,1,183,0
-5,-7,106,1,183,0
4,-3,108,1,183,0
7,5,109,1,183,0
5,3,117,1,183,0
4,2,124,1,183,0
3,1,147,1,183,0
2,0,154,1,183,0
0,-1,179,1,183,0
-6,1,182,1,183,0
-8,-7,6,1,183,0
8,-6,27,1,183,0
7,-3,61,1,183,0
3,-1,64,1,183,0
7,6,108,1,183,0
6,5,118,1,183,0
4,-4,119,1,183,0
-4,-5,121,1,183,0
5,4,126,1,183,0
4,3,134,1,183,0
3,2,142,1,183,0
2,1,151,1,183,0
1,0,159,1,183,0
-5,1,178,1,183,0
-8,-8,9,1,183,0
4,-5,12,1,183,0
7,-4,52,1,183,0
-1,-7,73,1,183,0
8,-7,84,1,183,0
6,-1,107,1,183,0
6,6,109,1,183,0
-4,-6,114,1,183,0
3,-2,116,1,183,0
5,5,119,1,183,0
-3,-3,131,1,183,0
2,2,148,1,183,0
-4,1,172,1,183,0
1,1,174,1,183,0
0,0,182,1,183,0
3,3,138,1,183,0
4,4,128,1,183,0
7,-5,48,1,183,0
1,-7,59,1,183,0
0,-4,74,1,183,0
-4,-7,92,1,183,0
6,7,108,1,183,0
5,6,117,1,183,0
4,5,125,1,183,0
3,-3,128,1,183,0
-3,-4,129,1,183,0
3,4,133,1,183,0
2,3,141,1,183,0
-2,0,156,1,183,0
-3,1,165,1,183,0
0,1,175,1,183,0
1,2,181,1,183,0
-7,-7,19,1,183,0
6,-3,27,1,183,0
2,4,32,1,183,0
4,6,75,1,183,0
-6,-4,35,1,183,0
7,-6,43,1,183,0
5,7,88,1,183,0
3,-4,93,1,183,0
6,8,95,1,183,0
-3,-5,122,1,183,0
2,-1,124,1,183,0
-2,-2,142,1,183,0
-2,1,157,1,183,0
-1,0,178,1,183,0
0,2,181,1,183,0
1,3,182,1,183,0
3,-5,6,1,183,0
-7,-8,12,1,183,0
-2,2,19,1,183,0
3,6,56,1,183,0
2,5,24,1,183,0
6,-4,27,1,183,0
-6,-5,34,1,183,0
8,1,74,1,183,0
4,7,79,1,183,0
5,8,92,1,183,0
7,-7,93,1,183,0
7,0,97,1,183,0
2,-2,137,1,183,0
-2,-3,138,1,183,0
-1,1,176,1,183,0
0,3,182,1,183,0
2,6,23,1,183,0
-2,3,18,1,183,0
1,5,22,1,183,0
6,-5,25,1,183,0
-6,-6,27,1,183,0
5,-2,36,1,183,0
-2,-4,61,1,183,0
0,-7,67,1,183,0
3,7,76,1,183,0
7,-8,76,1,183,0
4,8,84,1,183,0
-3,-7,85,1,183,0
7,1,85,1,183,0
8,2,102,1,183,0
6,0,112,1,183,0
-1,2,179,1,183,0
-1,-1,182,1,183,0
7,-9,4,1,183,0
-2,4,11,1,183,0
0,5,15,1,183,0
-6,-7,19,1,183,0
5,-3,34,1,183,0
-5,-4,43,1,183,0
2,7,65,1,183,0
8,-2,67,1,183,0
3,8,74,1,183,0
2,-4,86,1,183,0
6,-6,102,1,183,0
7,2,122,1,183,0
6,1,128,1,183,0
5,0,129,1,183,0
-1,-2,146,1,183,0
1,-1,182,1,183,0
-2,5,5,1,183,0
-3,6,6,1,183,0
0,6,41,1,183,0
4,-1,49,1,183,0
1,7,59,1,183,0
8,-3,64,1,183,0
6,-7,71,1,183,0
4,0,74,1,183,0
6,2,125,1,183,0
5,1,134,1,183,0
1,-2,183,1,183,0
-9,-8,2,1,183,0
9,6,3,1,183,0
-1,5,8,1,183,0
-3,7,23,1,183,0
-2,6,31,1,183,0
4,-2,43,1,183,0
0,7,48,1,183,0
1,8,53,1,183,0
8,-4,57,1,183,0
3,0,61,1,183,0
-1,-4,68,1,183,0
-2,-7,79,1,183,0
7,4,99,1,183,0
7,-1,106,1,183,0
6,3,106,1,183,0
-5,-6,111,1,183,0
5,-5,111,1,183,0
5,2,113,1,183,0
4,1,141,1,183,0
0,8,6,1,184,0
-3,8,16,1,184,0
8,-5,29,1,184,0
-1,6,38,1,184,0
-4,-4,49,1,184,0
7,-2,69,1,184,0
1,-4,79,1,184,0
6,4,109,1,184,0
8,6,102,1,184,0
-5,-7,106,1,184,0
4,-3,108,1,184,0
7,5,109,1,184,0
5,3,117,1,184,0
4,2,124,1,184,0
3,1,147,1,184,0
2,0,154,1,184,0
0,-1,179,1,184,0
-6,1,183,1,184,0
-8,-7,6,1,184,0
8,-6,27,1,184,0
7,-3,61,1,184,0
3,-1,64,1,184,0
7,6,108,1,184,0
6,5,118,1,184,0
4,-4,119,1,184,0
-4,-5,121,1,184,0
5,4,126,1,184,0
4,3,134,1,184,0
3,2,142,1,184,0
2,1,151,1,184,0
-5,1,178,1,184,0
1,0,183,1,184,0
-8,-8,9,1,184,0
4,-5,12,1,184,0
7,-4,52,1,184,0
-1,-7,73,1,184,0
8,-7,84,1,184,0
6,-1,107,1,184,0
6,6,109,1,184,0
-4,-6,114,1,184,0
3,-2,116,1,184,0
5,5,119,1,184,0
-3,-3,131,1,184,0
2,2,148,1,184,0
-4,1,172,1,184,0
1,1,174,1,184,0
0,0,182,1,184,0
3,3,138,1,184,0
4,4,128,1,184,0
7,-5,48,1,184,0
1,-7,59,1,184,0
0,-4,74,1,184,0
-4,-7,92,1,184,0
6,7,108,1,184,0
5,6,117,1,184,0
4,5,125,1,184,0
3,-3,128,1,184,0
-3,-4,129,1,184,0
3,4,133,1,184,0
2,3,141,1,184,0
-2,0,156,1,184,0
-3,1,165,1,184,0
0,1,175,1,184,0
1,2,181,1,184,0
-7,-7,19,1,184,0
6,-3,27,1,184,0
2,4,32,1,184,0
4,6,75,1,184,0
-6,-4,35,1,184,0
7,-6,43,1,184,0
5,7,88,1,184,0
3,-4,93,1,184,0
6,8,95,1,184,0
-3,-5,122,1,184,0
2,-1,124,1,184,0
-2,-2,142,1,184,0
-2,1,157,1,184,0
-1,0,178,1,184,0
0,2,182,1,184,0
1,3,183,1,184,0
3,-5,6,1,184,0
-7,-8,12,1,184,0
-2,2,19,1,184,0
3,6,56,1,184,0
2,5,24,1,184,0
6,-4,27,1,184,0
-6,-5,34,1,184,0
8,1,74,1,184,0
4,7,79,1,184,0
5,8,92,1,184,0
7,-7,93,1,184,0
7,0,97,1,184,0
2,-2,137,1,184,0
-2,-3,138,1,184,0
-1,1,176,1,184,0
0,3,183,1,184,0
2,6,23,1,184,0
-2,3,18,1,184,0
1,5,22,1,184,0
6,-5,25,1,184,0
-6,-6,27,1,184,0
5,-2,36,1,184,0
-2,-4,61,1,184,0
0,-7,67,1,184,0
3,7,76,1,184,0
7,-8,76,1,184,0
4,8,84,1,184,0
-3,-7,85,1,184,0
7,1,85,1,184,0
8,2,102,1,184,0
6,0,112,1,184,0
-1,2,179,1,184,0
-1,-1,183,1,184,0
7,-9,4,1,184,0
-2,4,11,1,184,0
0,5,15,1,184,0
-6,-7,19,1,184,0
5,-3,34,1,184,0
-5,-4,43,1,184,0
2,7,65,1,184,0
8,-2,67,1,184,0
3,8,74,1,184,0
2,-4,86,1,184,0
6,-6,102,1,184,0
7,2,122,1,184,0
6,1,128,1,184,0
5,0,129,1,184,0
-1,-2,146,1,184,0
1,-1,182,1,184,0
-2,5,5,1,184,0
-3,6,6,1,184,0
0,6,41,1,184,0
4,-1,49,1,184,0
1,7,59,1,184,0
8,-3,64,1,184,0
6,-7,71,1,184,0
4,0,74,1,184,0
6,2,125,1,184,0
5,1,134,1,184,0
1,-2,184,1,184,0
-9,-8,2,1,184,0
9,6,3,1,184,0
-1,5,8,1,184,0
-3,7,23,1,184,0
-2,6,31,1,184,0
4,-2,43,1,184,0
0,7,48,1,184,0
1,8,53,1,184,0
8,-4,57,1,184,0
3,0,61,1,184,0
-1,-4,68,1,184,0
-2,-7,79,1,184,0
7,4,99,1,184,0
7,-1,106,1,184,0
6,3,106,1,184,0
-5,-6,111,1,184,0
5,-5,111,1,184,0
5,2,113,1,184,0
4,1,141,1,184,0
0,8,6,1,185,0
-3,8,16,1,185,0
8,-5,29,1,185,0
-1,6,38,1,185,0
-4,-4,49,1,185,0
7,-2,69,1,185,0
1,-4,79,1,185,0
6,4,109,1,185,0
8,6,102,1,185,0
-5,-7,106,1,185,0
4,-3,108,1,185,0
7,5,109,1,185,0
5,3,117,1,185,0
4,2,124,1,185,0
3,1,147,1,185,0
2,0,154,1,185,0
0,-1,179,1,185,0
-6,1,184,1,185,0
-8,-7,6,1,185,0
8,-6,27,1,185,0
7,-3,61,1,185,0
3,-1,64,1,185,0
7,6,108,1,185,0
6,5,118,1,185,0
4,-4,119,1,185,0
-4,-5,121,1,185,0
5,4,126,1,185,0
4,3,134,1,185,0
3,2,142,1,185,0
2,1,151,1,185,0
-5,1,178,1,185,0
1,0,184,1,185,0
-8,-8,9,1,185,0
4,-5,12,1,185,0
7,-4,52,1,185,0
-1,-7,73,1,185,0
8,-7,84,1,185,0
6,-1,107,1,185,0
6,6,109,1,185,0
-4,-6,114,1,185,0
3,-2,116,1,185,0
5,5,119,1,185,0
-3,-3,131,1,185,0
2,2,148,1,185,0
-4,1,172,1,185,0
1,1,174,1,185,0
0,0,182,1,185,0
3,3,138,1,185,0
4,4,128,1,185,0
7,-5,48,1,185,0
1,-7,59,1,185,0
0,-4,74,1,185,0
-4,-7,92,1,185,0
6,7,108,1,185,0
5,6,117,1,185,0
4,5,125,1,185,0
3,-3,128,1,185,0
-3,-4,129,1,185,0
3,4,133,1,185,0
2,3,141,1,185,0
-2,0,156,1,185,0
-3,1,165,1,185,0
0,1,175,1,185,0
1,2,181,1,185,0
-7,-7,19,1,185,0
6,-3,27,1,185,0
2,4,32,1,185,0
4,6,75,1,185,0
-6,-4,35,1,185,0
7,-6,43,1,185,0
5,7,88,1,185,0
3,-4,93,1,185,0
6,8,95,1,185,0
-3,-5,122,1,185,0
2,-1,124,1,185,0
-2,-2,142,1,185,0
-2,1,157,1,185,0
-1,0,178,1,185,0
0,2,182,1,185,0
1,3,184,1,185,0
3,-5,6,1,185,0
-7,-8,12,1,185,0
-2,2,19,1,185,0
3,6,56,1,185,0
2,5,24,1,185,0
6,-4,27,1,185,0
-6,-5,34,1,185,0
8,1,74,1,185,0
4,7,79,1,185,0
5,8,92,1,185,0
7,-7,93,1,185,0
7,0,97,1,185,0
2,-2,137,1,185,0
-2,-3,138,1,185,0
-1,1,176,1,185,0
0,3,184,1,185,0
2,6,23,1,185,0
-2,3,18,1,185,0
1,5,22,1,185,0
6,-5,25,1,185,0
-6,-6,27,1,185,0
5,-2,36,1,185,0
-2,-4,61,1,185,0
0,-7,67,1,185,0
3,7,76,1,185,0
7,-8,76,1,185,0
4,8,84,1,185,0
-3,-7,85,1,185,0
7,1,85,1,185,0
8,2,102,1,185,0
6,0,112,1,185,0
-1,2,179,1,185,0
-1,-1,184,1,185,0
7,-9,4,1,185,0
-2,4,11,1,185,0
0,5,15,1,185,0
-6,-7,19,1,185,0
5,-3,34,1,185,0
-5,-4,43,1,185,0
2,7,65,1,185,0
8,-2,67,1,185,0
3,8,74,1,185,0
2,-4,86,1,185,0
6,-6,102,1,185,0
7,2,122,1,185,0
6,1,128,1,185,0
5,0,129,1,185,0
-1,-2,146,1,185,0
1,-1,182,1,185,0
-2,5,5,1,185,0
-3,6,6,1,185,0
0,6,41,1,185,0
4,-1,49,1,185,0
1,7,59,1,185,0
8,-3,64,1,185,0
6,-7,71,1,185,0
4,0,74,1,185,0
6,2,125,1,185,0
5,1,134,1,185,0
1,-2,185,1,185,0
-9,-8,2,1,185,0
9,6,3,1,185,0
-1,5,8,1,185,0
-3,7,23,1,185,0
-2,6,31,1,185,0
4,-2,43,1,185,0
0,7,48,1,185,0
1,8,53,1,185,0
8,-4,57,1,185,0
3,0,61,1,185,0
-1,-4,68,1,185,0
-2,-7,79,1,185,0
7,4,99,1,185,0
7,-1,106,1,185,0
6,3,106,1,185,0
-5,-6,111,1,185,0
5,-5,111,1,185,0
5,2,113,1,185,0
4,1,141,1,185,0
0,8,6,1,186,0
-3,8,16,1,186,0
8,-5,29,1,186,0
-1,6,38,1,186,0
-4,-4,49,1,186,0
7,-2,69,1,186,0
1,-4,79,1,186,0
6,4,109,1,186,0
8,6,102,1,186,0
-5,-7,106,1,186,0
4,-3,108,1,186,0
7,5,109,1,186,0
5,3,117,1,186,0
4,2,124,1,186,0
3,1,147,1,186,0
2,0,154,1,186,0
0,-1,179,1,186,0
-6,1,184,1,186,0
-8,-7,6,1,186,0
8,-6,27,1,186,0
7,-3,61,1,186,0
3,-1,64,1,186,0
7,6,108,1,186,0
6,5,118,1,186,0
4,-4,119,1,186,0
-4,-5,121,1,186,0
5,4,126,1,186,0
4,3,134,1,186,0
3,2,142,1,186,0
2,1,151,1,186,0
-5,1,178,1,186,0
1,0,185,1,186,0
-8,-8,9,1,186,0
4,-5,12,1,186,0
7,-4,52,1,186,0
-1,-7,73,1,186,0
8,-7,84,1,186,0
6,-1,107,1,186,0
6,6,109,1,186,0
-4,-6,114,1,186,0
3,-2,116,1,186,0
5,5,119,1,186,0
-3,-3,131,1,186,0
2,2,148,1,186,0
-4,1,172,1,186,0
1,1,174,1,186,0
0,0,182,1,186,0
3,3,138,1,186,0
4,4,128,1,186,0
7,-5,48,1,186,0
1,-7,59,1,186,0
0,-4,74,1,186,0
-4,-7,92,1,186,0
6,7,108,1,186,0
5,6,117,1,186,0
4,5,125,1,186,0
3,-3,128,1,186,0
-3,-4,129,1,186,0
3,4,133,1,186,0
2,3,141,1,186,0
-2,0,156,1,186,0
-3,1,165,1,186,0
0,1,175,1,186,0
1,2,181,1,186,0
-7,-7,19,1,186,0
6,-3,27,1,186,0
2,4,32,1,186,0
4,6,75,1,186,0
-6,-4,35,1,186,0
7,-6,43,1,186,0
5,7,88,1,186,0
3,-4,93,1,186,0
6,8,95,1,186,0
-3,-5,122,1,186,0
2,-1,124,1,186,0
-2,-2,142,1,186,0
-2,1,157,1,186,0
-1,0,178,1,186,0
0,2,182,1,186,0
1,3,185,1,186,0
3,-5,6,1,186,0
-7,-8,12,1,186,0
-2,2,19,1,186,0
3,6,56,1,186,0
2,5,24,1,186,0
6,-4,27,1,186,0
-6,-5,34,1,186,0
8,1,74,1,186,0
4,7,79,1,186,0
5,8,92,1,186,0
7,-7,93,1,186,0
7,0,97,1,186,0
2,-2,137,1,186,0
-2,-3,138,1,186,0
-1,1,176,1,186,0
0,3,185,1,186,0
2,6,23,1,186,0
-2,3,18,1,186,0
1,5,22,1,186,0
6,-5,25,1,186,0
-6,-6,27,1,186,0
5,-2,36,1,186,0
-2,-4,61,1,186,0
0,-7,67,1,186,0
3,7,76,1,186,0
7,-8,76,1,186,0
4,8,84,1,186,0
-3,-7,85,1,186,0
7,1,85,1,186,0
8,2,102,1,186,0
6,0,112,1,186,0
-1,2,179,1,186,0
-1,-1,185,1,186,0
7,-9,4,1,186,0
-2,4,11,1,186,0
0,5,15,1,186,0
-6,-7,19,1,186,0
5,-3,34,1,186,0
-5,-4,43,1,186,0
2,7,65,1,186,0
8,-2,67,1,186,0
3,8,74,1,186,0
2,-4,86,1,186,0
6,-6,102,1,186,0
7,2,122,1,186,0
6,1,128,1,186,0
5,0,129,1,186,0
-1,-2,146,1,186,0
1,-1,182,1,186,0
-2,5,5,1,186,0
-3,6,6,1,186,0
0,6,41,1,186,0
4,-1,49,1,186,0
1,7,59,1,186,0
8,-3,64,1,186,0
6,-7,71,1,186,0
4,0,74,1,186,0
6,2,125,1,186,0
5,1,134,1,186,0
1,-2,186,1,186,0
-9,-8,2,1,186,0
9,6,3,1,186,0
-1,5,8,1,186,0
-3,7,23,1,186,0
-2,6,31,1,186,0
4,-2,43,1,186,0
0,7,48,1,186,0
1,8,53,1,186,0
8,-4,57,1,186,0
3,0,61,1,186,0
-1,-4,68,1,186,0
-2,-7,79,1,186,0
7,4,99,1,186,0
7,-1,106,1,186,0
6,3,106,1,186,0
-5,-6,111,1,186,0
5,-5,111,1,186,0
5,2,113,1,186,0
4,1,141,1,186,0
-7,1,185,1,186,0
0,8,6,1,187,0
-3,8,16,1,187,0
8,-5,29,1,187,0
-1,6,38,1,187,0
-4,-4,49,1,187,0
7,-2,69,1,187,0
1,-4,79,1,187,0
6,4,109,1,187,0
8,6,102,1,187,0
-5,-7,106,1,187,0
4,-3,108,1,187,0
7,5,109,1,187,0
5,3,117,1,187,0
4,2,124,1,187,0
3,1,147,1,187,0
2,0,154,1,187,0
0,-1,179,1,187,0
-6,1,184,1,187,0
-8,-7,6,1,187,0
8,-6,27,1,187,0
7,-3,61,1,187,0
3,-1,64,1,187,0
7,6,108,1,187,0
6,5,118,1,187,0
4,-4,119,1,187,0
-4,-5,121,1,187,0
5,4,126,1,187,0
4,3,134,1,187,0
3,2,142,1,187,0
2,1,151,1,187,0
-5,1,178,1,187,0
1,0,186,1,187,0
-8,-8,9,1,187,0
4,-5,12,1,187,0
7,-4,52,1,187,0
-1,-7,73,1,187,0
8,-7,84,1,187,0
6,-1,107,1,187,0
6,6,109,1,187,0
-4,-6,114,1,187,0
3,-2,116,1,187,0
5,5,119,1,187,0
-3,-3,131,1,187,0
2,2,148,1,187,0
-4,1,172,1,187,0
1,1,174,1,187,0
0,0,182,1,187,0
3,3,138,1,187,0
4,4,128,1,187,0
7,-5,48,1,187,0
1,-7,59,1,187,0
0,-4,74,1,187,0
-4,-7,92,1,187,0
6,7,108,1,187,0
5,6,117,1,187,0
4,5,125,1,187,0
3,-3,128,1,187,0
-3,-4,129,1,187,0
3,4,133,1,187,0
2,3,141,1,187,0
-2,0,156,1,187,0
-3,1,165,1,187,0
0,1,175,1,187,0
1,2,181,1,187,0
-7,-7,19,1,187,0
6,-3,27,1,187,0
2,4,32,1,187,0
4,6,75,1,187,0
-6,-4,35,1,187,0
7,-6,43,1,187,0
5,7,88,1,187,0
3,-4,93,1,187,0
6,8,95,1,187,0
-3,-5,122,1,187,0
2,-1,124,1,187,0
-2,-2,142,1,187,0
-2,1,157,1,187,0
-1,0,178,1,187,0
0,2,182,1,187,0
1,3,185,1,187,0
3,-5,6,1,187,0
-7,-8,12,1,187,0
-2,2,19,1,187,0
3,6,56,1,187,0
2,5,24,1,187,0
6,-4,27,1,187,0
-6,-5,34,1,187,0
8,1,74,1,187,0
4,7,79,1,187,0
5,8,92,1,187,0
7,-7,93,1,187,0
7,0,97,1,187,0
2,-2,137,1,187,0
-2,-3,138,1,187,0
-1,1,176,1,187,0
0,3,186,1,187,0
2,6,23,1,187,0
-2,3,18,1,187,0
1,5,22,1,187,0
6,-5,25,1,187,0
-6,-6,27,1,187,0
5,-2,36,1,187,0
-2,-4,61,1,187,0
0,-7,67,1,187,0
3,7,76,1,187,0
7,-8,76,1,187,0
4,8,84,1,187,0
-3,-7,85,1,187,0
7,1,85,1,187,0
8,2,102,1,187,0
6,0,112,1,187,0
-1,2,179,1,187,0
0,4,186,1,187,0
-1,-1,186,1,187,0
7,-9,4,1,187,0
-2,4,11,1,187,0
0,5,15,1,187,0
-6,-7,19,1,187,0
5,-3,34,1,187,0
-5,-4,43,1,187,0
2,7,65,1,187,0
8,-2,67,1,187,0
3,8,74,1,187,0
2,-4,86,1,187,0
6,-6,102,1,187,0
7,2,122,1,187,0
6,1,128,1,187,0
5,0,129,1,187,0
-1,-2,146,1,187,0
1,-1,182,1,187,0
-2,5,5,1,187,0
-3,6,6,1,187,0
0,6,41,1,187,0
4,-1,49,1,187,0
1,7,59,1,187,0
8,-3,64,1,187,0
6,-7,71,1,187,0
4,0,74,1,187,0
6,2,125,1,187,0
5,1,134,1,187,0
1,-2,187,1,187,0
-9,-8,2,1,187,0
9,6,3,1,187,0
-1,5,8,1,187,0
-3,7,23,1,187,0
-2,6,31,1,187,0
4,-2,43,1,187,0
0,7,48,1,187,0
1,8,53,1,187,0
8,-4,57,1,187,0
3,0,61,1,187,0
-1,-4,68,1,187,0
-2,-7,79,1,187,0
7,4,99,1,187,0
7,-1,106,1,187,0
6,3,106,1,187,0
-5,-6,111,1,187,0
5,-5,111,1,187,0
5,2,113,1,187,0
4,1,141,1,187,0
-7,1,186,1,187,0
0,8,6,1,188,0
-3,8,16,1,188,0
8,-5,29,1,188,0
-1,6,38,1,188,0
-4,-4,49,1,188,0
7,-2,69,1,188,0
1,-4,79,1,188,0
6,4,109,1,188,0
8,6,102,1,188,0
-5,-7,106,1,188,0
4,-3,108,1,188,0
7,5,109,1,188,0
5,3,117,1,188,0
4,2,124,1,188,0
3,1,147,1,188,0
2,0,154,1,188,0
0,-1,179,1,188,0
-6,1,184,1,188,0
-8,-7,6,1,188,0
8,-6,27,1,188,0
7,-3,61,1,188,0
3,-1,64,1,188,0
7,6,108,1,188,0
6,5,118,1,188,0
4,-4,119,1,188,0
-4,-5,121,1,188,0
5,4,126,1,188,0
4,3,134,1,188,0
3,2,142,1,188,0
2,1,151,1,188,0
-5,1,178,1,188,0
1,0,187,1,188,0
-8,-8,9,1,188,0
4,-5,12,1,188,0
7,-4,52,1,188,0
-1,-7,73,1,188,0
8,-7,84,1,188,0
6,-1,107,1,188,0
6,6,109,1,188,0
-4,-6,114,1,188,0
3,-2,116,1,188,0
5,5,119,1,188,0
-3,-3,131,1,188,0
2,2,148,1,188,0
-4,1,172,1,188,0
1,1,174,1,188,0
0,0,182,1,188,0
3,3,138,1,188,0
4,4,128,1,188,0
7,-5,48,1,188,0
1,-7,59,1,188,0
0,-4,74,1,188,0
-4,-7,92,1,188,0
6,7,108,1,188,0
5,6,117,1,188,0
4,5,125,1,188,0
3,-3,128,1,188,0
-3,-4,129,1,188,0
3,4,133,1,188,0
2,3,141,1,188,0
-2,0,156,1,188,0
-3,1,165,1,188,0
0,1,175,1,188,0
1,2,181,1,188,0
-7,-7,19,1,188,0
6,-3,27,1,188,0
2,4,32,1,188,0
4,6,75,1,188,0
-6,-4,35,1,188,0
7,-6,43,1,188,0
5,7,88,1,188,0
3,-4,93,1,188,0
6,8,95,1,188,0
-3,-5,122,1,188,0
2,-1,124,1,188,0
-2,-2,142,1,188,0
-2,1,157,1,188,0
-1,0,178,1,188,0
0,2,182,1,188,0
1,3,187,1,188,0
3,-5,6,1,188,0
-7,-8,12,1,188,0
-2,2,19,1,188,0
3,6,56,1,188,0
2,5,24,1,188,0
6,-4,27,1,188,0
-6,-5,34,1,188,0
8,1,74,1,188,0
4,7,79,1,188,0
5,8,92,1,188,0
7,-7,93,1,188,0
7,0,97,1,188,0
2,-2,137,1,188,0
-2,-3,138,1,188,0
-1,1,176,1,188,0
0,3,187,1,188,0
2,6,23,1,188,0
-2,3,18,1,188,0
1,5,22,1,188,0
6,-5,25,1,188,0
-6,-6,27,1,188,0
5,-2,36,1,188,0
-2,-4,61,1,188,0
0,-7,67,1,188,0
3,7,76,1,188,0
7,-8,76,1,188,0
4,8,84,1,188,0
-3,-7,85,1,188,0
7,1,85,1,188,0
8,2,102,1,188,0
6,0,112,1,188,0
-1,2,179,1,188,0
-1,-1,186,1,188,0
0,4,187,1,188,0
7,-9,4,1,188,0
-2,4,11,1,188,0
0,5,15,1,188,0
-6,-7,19,1,188,0
5,-3,34,1,188,0
-5,-4,43,1,188,0
2,7,65,1,188,0
8,-2,67,1,188,0
3,8,74,1,188,0
2,-4,86,1,188,0
6,-6,102,1,188,0
7,2,122,1,188,0
6,1,128,1,188,0
5,0,129,1,188,0
1,-1,182,1,188,0
-1,-2,187,1,188,0
-2,5,5,1,188,0
-3,6,6,1,188,0
0,6,41,1,188,0
4,-1,49,1,188,0
1,7,59,1,188,0
8,-3,64,1,188,0
6,-7,71,1,188,0
4,0,74,1,188,0
6,2,125,1,188,0
5,1,134,1,188,0
1,-2,188,1,188,0
-9,-8,2,1,188,0
9,6,3,1,188,0
-1,5,8,1,188,0
-3,7,23,1,188,0
-2,6,31,1,188,0
4,-2,43,1,188,0
0,7,48,1,188,0
1,8,53,1,188,0
8,-4,57,1,188,0
3,0,61,1,188,0
-1,-4,68,1,188,0
-2,-7,79,1,188,0
7,4,99,1,188,0
7,-1,106,1,188,0
6,3,106,1,188,0
-5,-6,111,1,188,0
5,-5,111,1,188,0
5,2,113,1,188,0
4,1,141,1,188,0
-7,1,187,1,188,0
0,8,6,1,189,0
-3,8,16,1,189,0
8,-5,29,1,189,0
-1,6,38,1,189,0
-4,-4,49,1,189,0
7,-2,69,1,189,0
1,-4,79,1,189,0
6,4,109,1,189,0
8,6,102,1,189,0
-5,-7,106,1,189,0
4,-3,108,1,189,0
7,5,109,1,189,0
5,3,117,1,189,0
4,2,124,1,189,0
3,1,147,1,189,0
2,0,154,1,189,0
0,-1,179,1,189,0
-6,1,184,1,189,0
-8,-7,6,1,189,0
8,-6,27,1,189,0
7,-3,61,1,189,0
3,-1,64,1,189,0
7,6,108,1,189,0
6,5,118,1,189,0
4,-4,119,1,189,0
-4,-5,121,1,189,0
5,4,126,1,189,0
4,3,134,1,189,0
3,2,142,1,189,0
2,1,151,1,189,0
-5,1,178,1,189,0
1,0,188,1,189,0
-8,-8,9,1,189,0
4,-5,12,1,189,0
7,-4,52,1,189,0
-1,-7,73,1,189,0
8,-7,84,1,189,0
6,-1,107,1,189,0
6,6,109,1,189,0
-4,-6,114,1,189,0
3,-2,116,1,189,0
5,5,119,1,189,0
-3,-3,131,1,189,0
2,2,148,1,189,0
-4,1,172,1,189,0
1,1,174,1,189,0
0,0,182,1,189,0
4,4,128,1,189,0
3,3,138,1,189,0
7,-5,48,1,189,0
1,-7,59,1,189,0
0,-4,74,1,189,0
-4,-7,92,1,189,0
6,7,108,1,189,0
5,6,117,1,189,0
4,5,125,1,189,0
3,-3,128,1,189,0
-3,-4,129,1,189,0
3,4,133,1,189,0
2,3,141,1,189,0
-2,0,156,1,189,0
-3,1,165,1,189,0
0,1,175,1,189,0
1,2,181,1,189,0
-7,-7,19,1,189,0
6,-3,27,1,189,0
2,4,32,1,189,0
4,6,75,1,189,0
-6,-4,35,1,189,0
7,-6,43,1,189,0
5,7,88,1,189,0
3,-4,93,1,189,0
6,8,95,1,189,0
-3,-5,122,1,189,0
2,-1,124,1,189,0
-2,-2,142,1,189,0
-2,1,157,1,189,0
-1,0,178,1,189,0
0,2,182,1,189,0
1,3,188,1,189,0
3,-5,6,1,189,0
-7,-8,12,1,189,0
-2,2,19,1,189,0
3,6,56,1,189,0
2,5,24,1,189,0
6,-4,27,1,189,0
-6,-5,34,1,189,0
8,1,74,1,189,0
4,7,79,1,189,0
5,8,92,1,189,0
7,-7,93,1,189,0
7,0,97,1,189,0
2,-2,137,1,189,0
-2,-3,138,1,189,0
-1,1,176,1,189,0
0,3,188,1,189,0
2,6,23,1,189,0
-2,3,18,1,189,0
1,5,22,1,189,0
6,-5,25,1,189,0
-6,-6,27,1,189,0
5,-2,36,1,189,0
-2,-4,61,1,189,0
0,-7,67,1,189,0
3,7,76,1,189,0
7,-8,76,1,189,0
4,8,84,1,189,0
-3,-7,85,1,189,0
7,1,85,1,189,0
8,2,102,1,189,0
6,0,112,1,189,0
-1,2,179,1,189,0
-1,-1,186,1,189,0
0,4,188,1,189,0
7,-9,4,1,189,0
-2,4,11,1,189,0
0,5,15,1,189,0
-6,-7,19,1,189,0
5,-3,34,1,189,0
-5,-4,43,1,189,0
2,7,65,1,189,0
8,-2,67,1,189,0
3,8,74,1,189,0
2,-4,86,1,189,0
6,-6,102,1,189,0
7,2,122,1,189,0
6,1,128,1,189,0
5,0,129,1,189,0
1,-1,182,1,189,0
-1,-2,188,1,189,0
-2,5,5,1,189,0
-3,6,6,1,189,0
0,6,41,1,189,0
4,-1,49,1,189,0
1,7,59,1,189,0
8,-3,64,1,189,0
6,-7,71,1,189,0
4,0,74,1,189,0
6,2,125,1,189,0
5,1,134,1,189,0
1,-2,189,1,189,0
-9,-8,2,1,189,0
9,6,3,1,189,0
-1,5,8,1,189,0
-3,7,23,1,189,0
-2,6,31,1,189,0
4,-2,43,1,189,0
0,7,48,1,189,0
1,8,53,1,189,0
8,-4,57,1,189,0
3,0,61,1,189,0
-1,-4,68,1,189,0
-2,-7,79,1,189,0
7,4,99,1,189,0
7,-1,106,1,189,0
6,3,106,1,189,0
-5,-6,111,1,189,0
5,-5,111,1,189,0
5,2,113,1,189,0
4,1,141,1,189,0
1,-3,188,1,189,0
-7,1,188,1,189,0
0,8,6,1,190,0
-3,8,16,1,190,0
8,-5,29,1,190,0
-1,6,38,1,190,0
-4,-4,49,1,190,0
7,-2,69,1,190,0
1,-4,79,1,190,0
6,4,109,1,190,0
8,6,102,1,190,0
-5,-7,106,1,190,0
4,-3,108,1,190,0
7,5,109,1,190,0
5,3,117,1,190,0
4,2,124,1,190,0
3,1,147,1,190,0
2,0,154,1,190,0
0,-1,179,1,190,0
-6,1,184,1,190,0
-8,-7,6,1,190,0
8,-6,27,1,190,0
7,-3,61,1,190,0
3,-1,64,1,190,0
7,6,108,1,190,0
6,5,118,1,190,0
4,-4,119,1,190,0
-4,-5,121,1,190,0
5,4,126,1,190,0
4,3,134,1,190,0
3,2,142,1,190,0
2,1,151,1,190,0
-5,1,178,1,190,0
1,0,188,1,190,0
-8,-8,9,1,190,0
4,-5,12,1,190,0
7,-4,52,1,190,0
-1,-7,73,1,190,0
8,-7,84,1,190,0
6,-1,107,1,190,0
6,6,109,1,190,0
-4,-6,114,1,190,0
3,-2,116,1,190,0
5,5,119,1,190,0
-3,-3,131,1,190,0
2,2,148,1,190,0
-4,1,172,1,190,0
1,1,174,1,190,0
0,0,182,1,190,0
4,4,128,1,190,0
3,3,138,1,190,0
7,-5,48,1,190,0
1,-7,59,1,190,0
0,-4,74,1,190,0
-4,-7,92,1,190,0
6,7,108,1,190,0
5,6,117,1,190,0
4,5,125,1,190,0
3,-3,128,1,190,0
-3,-4,129,1,190,0
3,4,133,1,190,0
-2,0,156,1,190,0
-3,1,165,1,190,0
0,1,175,1,190,0
1,2,181,1,190,0
2,3,189,1,190,0
-7,-7,19,1,190,0
6,-3,27,1,190,0
2,4,32,1,190,0
4,6,75,1,190,0
-6,-4,35,1,190,0
7,-6,43,1,190,0
5,7,88,1,190,0
3,-4,93,1,190,0
6,8,95,1,190,0
-3,-5,122,1,190,0
2,-1,124,1,190,0
-2,-2,142,1,190,0
-2,1,157,1,190,0
-1,0,178,1,190,0
0,2,182,1,190,0
1,3,188,1,190,0
3,-5,6,1,190,0
-7,-8,12,1,190,0
-2,2,19,1,190,0
3,6,56,1,190,0
2,5,24,1,190,0
6,-4,27,1,190,0
-6,-5,34,1,190,0
8,1,74,1,190,0
4,7,79,1,190,0
5,8,92,1,190,0
7,-7,93,1,190,0
7,0,97,1,190,0
2,-2,137,1,190,0
-2,-3,138,1,190,0
-1,1,176,1,190,0
0,3,189,1,190,0
2,6,23,1,190,0
-2,3,18,1,190,0
1,5,22,1,190,0
6,-5,25,1,190,0
-6,-6,27,1,190,0
5,-2,36,1,190,0
-2,-4,61,1,190,0
0,-7,67,1,190,0
3,7,76,1,190,0
7,-8,76,1,190,0
4,8,84,1,190,0
-3,-7,85,1,190,0
7,1,85,1,190,0
8,2,102,1,190,0
6,0,112,1,190,0
-1,2,179,1,190,0
-1,-1,186,1,190,0
0,4,189,1,190,0
7,-9,4,1,190,0
-2,4,11,1,190,0
0,5,15,1,190,0
-6,-7,19,1,190,0
5,-3,34,1,190,0
-5,-4,43,1,190,0
2,7,65,1,190,0
8,-2,67,1,190,0
3,8,74,1,190,0
2,-4,86,1,190,0
6,-6,102,1,190,0
7,2,122,1,190,0
6,1,128,1,190,0
5,0,129,1,190,0
1,-1,189,1,190,0
-1,-2,189,1,190,0
-2,5,5,1,190,0
-3,6,6,1,190,0
0,6,41,1,190,0
4,-1,49,1,190,0
1,7,59,1,190,0
8,-3,64,1,190,0
6,-7,71,1,190,0
4,0,74,1,190,0
6,2,125,1,190,0
5,1,134,1,190,0
1,-2,189,1,190,0
-9,-8,2,1,190,0
9,6,3,1,190,0
-1,5,8,1,190,0
-3,7,23,1,190,0
-2,6,31,1,190,0
4,-2,43,1,190,0
0,7,48,1,190,0
1,8,53,1,190,0
8,-4,57,1,190,0
3,0,61,1,190,0
-1,-4,68,1,190,0
-2,-7,79,1,190,0
7,4,99,1,190,0
7,-1,106,1,190,0
6,3,106,1,190,0
-5,-6,111,1,190,0
5,-5,111,1,190,0
5,2,113,1,190,0
4,1,141,1,190,0
1,-3,189,1,190,0
-7,1,189,1,190,0
0,8,6,1,191,0
-3,8,16,1,191,0
8,-5,29,1,191,0
-1,6,38,1,191,0
-4,-4,49,1,191,0
7,-2,69,1,191,0
1,-4,79,1,191,0
6,4,109,1,191,0
8,6,102,1,191,0
-5,-7,106,1,191,0
4,-3,108,1,191,0
7,5,109,1,191,0
5,3,117,1,191,0
4,2,124,1,191,0
3,1,147,1,191,0
2,0,154,1,191,0
0,-1,179,1,191,0
-6,1,184,1,191,0
-8,-7,6,1,191,0
8,-6,27,1,191,0
7,-3,61,1,191,0
3,-1,64,1,191,0
7,6,108,1,191,0
6,5,118,1,191,0
4,-4,119,1,191,0
-4,-5,121,1,191,0
5,4,126,1,191,0
4,3,134,1,191,0
3,2,142,1,191,0
2,1,151,1,191,0
-5,1,178,1,191,0
1,0,188,1,191,0
-8,-8,9,1,191,0
4,-5,12,1,191,0
7,-4,52,1,191,0
-1,-7,73,1,191,0
8,-7,84,1,191,0
6,-1,107,1,191,0
6,6,109,1,191,0
-4,-6,114,1,191,0
3,-2,116,1,191,0
5,5,119,1,191,0
-3,-3,131,1,191,0
2,2,148,1,191,0
-4,1,172,1,191,0
1,1,174,1,191,0
0,0,182,1,191,0
4,4,128,1,191,0
3,3,138,1,191,0
7,-5,48,1,191,0
1,-7,59,1,191,0
0,-4,74,1,191,0
-4,-7,92,1,191,0
6,7,108,1,191,0
5,6,117,1,191,0
4,5,125,1,191,0
3,-3,128,1,191,0
-3,-4,129,1,191,0
3,4,133,1,191,0
-2,0,156,1,191,0
-3,1,165,1,191,0
0,1,175,1,191,0
1,2,181,1,191,0
2,3,189,1,191,0
-7,-7,19,1,191,0
6,-3,27,1,191,0
2,4,32,1,191,0
4,6,75,1,191,0
-6,-4,35,1,191,0
7,-6,43,1,191,0
5,7,88,1,191,0
3,-4,93,1,191,0
6,8,95,1,191,0
-3,-5,122,1,191,0
2,-1,124,1,191,0
-2,-2,142,1,191,0
-2,1,157,1,191,0
-1,0,178,1,191,0
0,2,182,1,191,0
1,3,188,1,191,0
3,-5,6,1,191,0
-7,-8,12,1,191,0
-2,2,19,1,191,0
3,6,56,1,191,0
2,5,24,1,191,0
6,-4,27,1,191,0
-6,-5,34,1,191,0
8,1,74,1,191,0
4,7,79,1,191,0
5,8,92,1,191,0
7,-7,93,1,191,0
7,0,97,1,191,0
2,-2,137,1,191,0
-2,-3,138,1,191,0
-1,1,176,1,191,0
0,3,189,1,191,0
2,6,23,1,191,0
-2,3,18,1,191,0
1,5,22,1,191,0
6,-5,25,1,191,0
-6,-6,27,1,191,0
5,-2,36,1,191,0
-2,-4,61,1,191,0
0,-7,67,1,191,0
3,7,76,1,191,0
7,-8,76,1,191,0
4,8,84,1,191,0
-3,-7,85,1,191,0
7,1,85,1,191,0
8,2,102,1,191,0
6,0,112,1,191,0
-1,2,179,1,191,0
-1,-1,186,1,191,0
0,4,189,1,191,0
7,-9,4,1,191,0
-2,4,11,1,191,0
0,5,15,1,191,0
-6,-7,19,1,191,0
5,-3,34,1,191,0
-5,-4,43,1,191,0
2,7,65,1,191,0
8,-2,67,1,191,0
3,8,74,1,191,0
2,-4,86,1,191,0
6,-6,102,1,191,0
7,2,122,1,191,0
6,1,128,1,191,0
5,0,129,1,191,0
1,-1,189,1,191,0
-1,-2,189,1,191,0
-2,5,5,1,191,0
-3,6,6,1,191,0
0,6,41,1,191,0
4,-1,49,1,191,0
1,7,59,1,191,0
8,-3,64,1,191,0
6,-7,71,1,191,0
4,0,74,1,191,0
6,2,125,1,191,0
5,1,134,1,191,0
1,-2,189,1,191,0
-9,-8,2,1,191,0
9,6,3,1,191,0
-1,5,8,1,191,0
-3,7,23,1,191,0
-2,6,31,1,191,0
4,-2,43,1,191,0
0,7,48,1,191,0
1,8,53,1,191,0
8,-4,57,1,191,0
3,0,61,1,191,0
-1,-4,68,1,191,0
-2,-7,79,1,191,0
7,4,99,1,191,0
7,-1,106,1,191,0
6,3,106,1,191,0
-5,-6,111,1,191,0
5,-5,111,1,191,0
5,2,113,1,191,0
4,1,141,1,191,0
1,-3,191,1,191,0
-7,1,189,1,191,0
0,8,6,1,192,0
-3,8,16,1,192,0
8,-5,29,1,192,0
-1,6,38,1,192,0
-4,-4,49,1,192,0
7,-2,69,1,192,0
1,-4,79,1,192,0
6,4,109,1,192,0
8,6,102,1,192,0
-5,-7,106,1,192,0
4,-3,108,1,192,0
7,5,109,1,192,0
5,3,117,1,192,0
4,2,124,1,192,0
3,1,147,1,192,0
2,0,154,1,192,0
0,-1,179,1,192,0
-6,1,184,1,192,0
-8,-7,6,1,192,0
8,-6,27,1,192,0
7,-3,61,1,192,0
3,-1,64,1,192,0
7,6,108,1,192,0
6,5,118,1,192,0
4,-4,119,1,192,0
-4,-5,121,1,192,0
5,4,126,1,192,0
4,3,134,1,192,0
3,2,142,1,192,0
2,1,151,1,192,0
-5,1,178,1,192,0
1,0,188,1,192,0
-8,-8,9,1,192,0
4,-5,12,1,192,0
7,-4,52,1,192,0
-1,-7,73,1,192,0
8,-7,84,1,192,0
6,-1,107,1,192,0
6,6,109,1,192,0
-4,-6,114,1,192,0
3,-2,116,1,192,0
5,5,119,1,192,0
-3,-3,131,1,192,0
2,2,148,1,192,0
-4,1,172,1,192,0
1,1,174,1,192,0
0,0,182,1,192,0
4,4,128,1,192,0
3,3,138,1,192,0
7,-5,48,1,192,0
1,-7,59,1,192,0
0,-4,74,1,192,0
-4,-7,92,1,192,0
6,7,108,1,192,0
5,6,117,1,192,0
4,5,125,1,192,0
3,-3,128,1,192,0
-3,-4,129,1,192,0
3,4,133,1,192,0
-2,0,156,1,192,0
-3,1,165,1,192,0
0,1,175,1,192,0
1,2,181,1,192,0
2,3,189,1,192,0
-7,-7,19,1,192,0
6,-3,27,1,192,0
4,6,75,1,192,0
-6,-4,35,1,192,0
7,-6,43,1,192,0
5,7,88,1,192,0
3,-4,93,1,192,0
6,8,95,1,192,0
-3,-5,122,1,192,0
-2,-2,142,1,192,0
-2,1,157,1,192,0
-1,0,178,1,192,0
0,2,182,1,192,0
1,3,188,1,192,0
2,-1,191,1,192,0
2,4,191,1,192,0
3,-5,6,1,192,0
-7,-8,12,1,192,0
-2,2,19,1,192,0
3,6,56,1,192,0
2,5,24,1,192,0
6,-4,27,1,192,0
-6,-5,34,1,192,0
8,1,74,1,192,0
4,7,79,1,192,0
5,8,92,1,192,0
7,-7,93,1,192,0
7,0,97,1,192,0
2,-2,137,1,192,0
-2,-3,138,1,192,0
-1,1,176,1,192,0
0,3,189,1,192,0
2,6,23,1,192,0
-2,3,18,1,192,0
1,5,22,1,192,0
6,-5,25,1,192,0
-6,-6,27,1,192,0
5,-2,36,1,192,0
-2,-4,61,1,192,0
0,-7,67,1,192,0
3,7,76,1,192,0
7,-8,76,1,192,0
4,8,84,1,192,0
-3,-7,85,1,192,0
7,1,85,1,192,0
8,2,102,1,192,0
6,0,112,1,192,0
-1,2,179,1,192,0
-1,-1,186,1,192,0
0,4,191,1,192,0
7,-9,4,1,192,0
-2,4,11,1,192,0
0,5,15,1,192,0
-6,-7,19,1,192,0
5,-3,34,1,192,0
-5,-4,43,1,192,0
2,7,65,1,192,0
8,-2,67,1,192,0
3,8,74,1,192,0
2,-4,86,1,192,0
6,-6,102,1,192,0
7,2,122,1,192,0
6,1,128,1,192,0
5,0,129,1,192,0
1,-1,189,1,192,0
-1,-2,191,1,192,0
-2,5,5,1,192,0
-3,6,6,1,192,0
0,6,41,1,192,0
4,-1,49,1,192,0
1,7,59,1,192,0
8,-3,64,1,192,0
6,-7,71,1,192,0
4,0,74,1,192,0
6,2,125,1,192,0
5,1,134,1,192,0
1,-2,189,1,192,0
-8,1,191,1,192,0
-9,-8,2,1,192,0
9,6,3,1,192,0
-1,5,8,1,192,0
-3,7,23,1,192,0
-2,6,31,1,192,0
4,-2,43,1,192,0
0,7,48,1,192,0
1,8,53,1,192,0
8,-4,57,1,192,0
3,0,61,1,192,0
-1,-4,68,1,192,0
-2,-7,79,1,192,0
7,4,99,1,192,0
7,-1,106,1,192,0
6,3,106,1,192,0
-5,-6,111,1,192,0
5,-5,111,1,192,0
5,2,113,1,192,0
4,1,141,1,192,0
-7,1,189,1,192,0
1,-3,192,1,192,0
0,8,6,1,193,0
-3,8,16,1,193,0
8,-5,29,1,193,0
-1,6,38,1,193,0
-4,-4,49,1,193,0
7,-2,69,1,193,0
1,-4,79,1,193,0
6,4,109,1,193,0
8,6,102,1,193,0
-5,-7,106,1,193,0
4,-3,108,1,193,0
7,5,109,1,193,0
5,3,117,1,193,0
4,2,124,1,193,0
3,1,147,1,193,0
2,0,154,1,193,0
0,-1,179,1,193,0
-6,1,184,1,193,0
-8,-7,6,1,193,0
8,-6,27,1,193,0
7,-3,61,1,193,0
3,-1,64,1,193,0
7,6,108,1,193,0
6,5,118,1,193,0
4,-4,119,1,193,0
-4,-5,121,1,193,0
5,4,126,1,193,0
4,3,134,1,193,0
3,2,142,1,193,0
2,1,151,1,193,0
-5,1,178,1,193,0
1,0,188,1,193,0
-8,-8,9,1,193,0
4,-5,12,1,193,0
7,-4,52,1,193,0
-1,-7,73,1,193,0
8,-7,84,1,193,0
6,-1,107,1,193,0
6,6,109,1,193,0
-4,-6,114,1,193,0
3,-2,116,1,193,0
5,5,119,1,193,0
-3,-3,131,1,193,0
2,2,148,1,193,0
-4,1,172,1,193,0
1,1,174,1,193,0
0,0,182,1,193,0
3,3,138,1,193,0
4,4,128,1,193,0
7,-5,48,1,193,0
1,-7,59,1,193,0
0,-4,74,1,193,0
-4,-7,92,1,193,0
6,7,108,1,193,0
5,6,117,1,193,0
4,5,125,1,193,0
3,-3,128,1,193,0
-3,-4,129,1,193,0
3,4,133,1,193,0
-2,0,156,1,193,0
-3,1,165,1,193,0
0,1,175,1,193,0
1,2,181,1,193,0
2,3,189,1,193,0
-7,-7,19,1,193,0
6,-3,27,1,193,0
4,6,75,1,193,0
-6,-4,35,1,193,0
7,-6,43,1,193,0
5,7,88,1,193,0
3,-4,93,1,193,0
6,8,95,1,193,0
-3,-5,122,1,193,0
-2,-2,142,1,193,0
-2,1,157,1,193,0
-1,0,178,1,193,0
0,2,182,1,193,0
1,3,188,1,193,0
2,-1,192,1,193,0
2,4,192,1,193,0
3,-5,6,1,193,0
-7,-8,12,1,193,0
-2,2,19,1,193,0
3,6,56,1,193,0
2,5,24,1,193,0
6,-4,27,1,193,0
-6,-5,34,1,193,0
8,1,74,1,193,0
4,7,79,1,193,0
5,8,92,1,193,0
7,-7,93,1,193,0
7,0,97,1,193,0
2,-2,137,1,193,0
-2,-3,138,1,193,0
-1,1,176,1,193,0
0,3,189,1,193,0
2,6,23,1,193,0
-2,3,18,1,193,0
1,5,22,1,193,0
6,-5,25,1,193,0
-6,-6,27,1,193,0
5,-2,36,1,193,0
-2,-4,61,1,193,0
0,-7,67,1,193,0
3,7,76,1,193,0
7,-8,76,1,193,0
4,8,84,1,193,0
-3,-7,85,1,193,0
7,1,85,1,193,0
8,2,102,1,193,0
6,0,112,1,193,0
-1,2,179,1,193,0
-1,-1,186,1,193,0
0,4,192,1,193,0
7,-9,4,1,193,0
-2,4,11,1,193,0
-6,-7,19,1,193,0
5,-3,34,1,193,0
-5,-4,43,1,193,0
2,7,65,1,193,0
8,-2,67,1,193,0
3,8,74,1,193,0
2,-4,86,1,193,0
6,-6,102,1,193,0
7,2,122,1,193,0
6,1,128,1,193,0
5,0,129,1,193,0
1,-1,189,1,193,0
0,5,192,1,193,0
-1,-2,192,1,193,0
-2,5,5,1,193,0
-3,6,6,1,193,0
0,6,41,1,193,0
4,-1,49,1,193,0
1,7,59,1,193,0
8,-3,64,1,193,0
6,-7,71,1,193,0
4,0,74,1,193,0
6,2,125,1,193,0
5,1,134,1,193,0
1,-2,189,1,193,0
-8,1,192,1,193,0
-9,-8,2,1,193,0
9,6,3,1,193,0
-1,5,8,1,193,0
-3,7,23,1,193,0
-2,6,31,1,193,0
4,-2,43,1,193,0
0,7,48,1,193,0
1,8,53,1,193,0
8,-4,57,1,193,0
3,0,61,1,193,0
-1,-4,68,1,193,0
-2,-7,79,1,193,0
7,4,99,1,193,0
7,-1,106,1,193,0
6,3,106,1,193,0
-5,-6,111,1,193,0
5,-5,111,1,193,0
5,2,113,1,193,0
4,1,141,1,193,0
-7,1,189,1,193,0
1,-3,193,1,193,0
0,8,6,1,194,0
-3,8,16,1,194,0
8,-5,29,1,194,0
-1,6,38,1,194,0
-4,-4,49,1,194,0
7,-2,69,1,194,0
1,-4,79,1,194,0
6,4,109,1,194,0
8,6,102,1,194,0
-5,-7,106,1,194,0
4,-3,108,1,194,0
7,5,109,1,194,0
5,3,117,1,194,0
4,2,124,1,194,0
3,1,147,1,194,0
2,0,154,1,194,0
0,-1,179,1,194,0
-6,1,184,1,194,0
-8,-7,6,1,194,0
8,-6,27,1,194,0
7,-3,61,1,194,0
3,-1,64,1,194,0
7,6,108,1,194,0
6,5,118,1,194,0
4,-4,119,1,194,0
-4,-5,121,1,194,0
5,4,126,1,194,0
4,3,134,1,194,0
3,2,142,1,194,0
2,1,151,1,194,0
-5,1,178,1,194,0
1,0,188,1,194,0
-8,-8,9,1,194,0
4,-5,12,1,194,0
7,-4,52,1,194,0
-1,-7,73,1,194,0
8,-7,84,1,194,0
6,-1,107,1,194,0
6,6,109,1,194,0
-4,-6,114,1,194,0
3,-2,116,1,194,0
5,5,119,1,194,0
-3,-3,131,1,194,0
2,2,148,1,194,0
-4,1,172,1,194,0
1,1,174,1,194,0
0,0,182,1,194,0
4,4,128,1,194,0
3,3,138,1,194,0
7,-5,48,1,194,0
1,-7,59,1,194,0
0,-4,74,1,194,0
-4,-7,92,1,194,0
6,7,108,1,194,0
5,6,117,1,194,0
4,5,125,1,194,0
3,-3,128,1,194,0
-3,-4,129,1,194,0
3,4,133,1,194,0
-2,0,156,1,194,0
-3,1,165,1,194,0
0,1,175,1,194,0
1,2,181,1,194,0
2,3,189,1,194,0
-7,-7,19,1,194,0
6,-3,27,1,194,0
4,6,75,1,194,0
-6,-4,35,1,194,0
7,-6,43,1,194,0
5,7,88,1,194,0
3,-4,93,1,194,0
6,8,95,1,194,0
-3,-5,122,1,194,0
-2,-2,142,1,194,0
-2,1,157,1,194,0
-1,0,178,1,194,0
0,2,182,1,194,0
1,3,188,1,194,0
2,-1,193,1,194,0
2,4,193,1,194,0
3,-5,6,1,194,0
-7,-8,12,1,194,0
-2,2,19,1,194,0
3,6,56,1,194,0
2,5,24,1,194,0
6,-4,27,1,194,0
-6,-5,34,1,194,0
8,1,74,1,194,0
4,7,79,1,194,0
5,8,92,1,194,0
7,-7,93,1,194,0
7,0,97,1,194,0
2,-2,137,1,194,0
-2,-3,138,1,194,0
-1,1,176,1,194,0
0,3,189,1,194,0
2,6,23,1,194,0
-2,3,18,1,194,0
1,5,22,1,194,0
6,-5,25,1,194,0
-6,-6,27,1,194,0
5,-2,36,1,194,0
-2,-4,61,1,194,0
0,-7,67,1,194,0
3,7,76,1,194,0
7,-8,76,1,194,0
4,8,84,1,194,0
-3,-7,85,1,194,0
7,1,85,1,194,0
8,2,102,1,194,0
6,0,112,1,194,0
-1,2,179,1,194,0
-1,-1,186,1,194,0
0,4,193,1,194,0
7,-9,4,1,194,0
-2,4,11,1,194,0
-6,-7,19,1,194,0
5,-3,34,1,194,0
-5,-4,43,1,194,0
2,7,65,1,194,0
8,-2,67,1,194,0
3,8,74,1,194,0
2,-4,86,1,194,0
6,-6,102,1,194,0
7,2,122,1,194,0
6,1,128,1,194,0
5,0,129,1,194,0
1,-1,189,1,194,0
0,5,193,1,194,0
-1,-2,193,1,194,0
-2,5,5,1,194,0
-3,6,6,1,194,0
0,6,41,1,194,0
4,-1,49,1,194,0
1,7,59,1,194,0
8,-3,64,1,194,0
6,-7,71,1,194,0
4,0,74,1,194,0
6,2,125,1,194,0
5,1,134,1,194,0
1,-2,189,1,194,0
-8,1,193,1,194,0
-9,-8,2,1,194,0
9,6,3,1,194,0
-1,5,8,1,194,0
-3,7,23,1,194,0
-2,6,31,1,194,0
4,-2,43,1,194,0
0,7,48,1,194,0
1,8,53,1,194,0
8,-4,57,1,194,0
3,0,61,1,194,0
-1,-4,68,1,194,0
-2,-7,79,1,194,0
7,4,99,1,194,0
7,-1,106,1,194,0
6,3,106,1,194,0
-5,-6,111,1,194,0
5,-5,111,1,194,0
5,2,113,1,194,0
4,1,141,1,194,0
-7,1,189,1,194,0
1,-3,194,1,194,0
0,8,6,1,195,0
-3,8,16,1,195,0
8,-5,29,1,195,0
-1,6,38,1,195,0
-4,-4,49,1,195,0
7,-2,69,1,195,0
1,-4,79,1,195,0
6,4,109,1,195,0
8,6,102,1,195,0
-5,-7,106,1,195,0
4,-3,108,1,195,0
7,5,109,1,195,0
5,3,117,1,195,0
4,2,124,1,195,0
3,1,147,1,195,0
2,0,154,1,195,0
0,-1,179,1,195,0
-6,1,184,1,195,0
-8,-7,6,1,195,0
8,-6,27,1,195,0
7,-3,61,1,195,0
3,-1,64,1,195,0
7,6,108,1,195,0
6,5,118,1,195,0
4,-4,119,1,195,0
-4,-5,121,1,195,0
5,4,126,1,195,0
4,3,134,1,195,0
3,2,142,1,195,0
2,1,151,1,195,0
-5,1,178,1,195,0
1,0,188,1,195,0
-8,-8,9,1,195,0
4,-5,12,1,195,0
7,-4,52,1,195,0
-1,-7,73,1,195,0
8,-7,84,1,195,0
6,-1,107,1,195,0
6,6,109,1,195,0
-4,-6,114,1,195,0
3,-2,116,1,195,0
5,5,119,1,195,0
-3,-3,131,1,195,0
2,2,148,1,195,0
-4,1,172,1,195,0
1,1,174,1,195,0
0,0,182,1,195,0
4,4,128,1,195,0
3,3,138,1,195,0
7,-5,48,1,195,0
1,-7,59,1,195,0
0,-4,74,1,195,0
-4,-7,92,1,195,0
6,7,108,1,195,0
5,6,117,1,195,0
4,5,125,1,195,0
3,-3,128,1,195,0
-3,-4,129,1,195,0
3,4,133,1,195,0
-2,0,156,1,195,0
-3,1,165,1,195,0
0,1,175,1,195,0
1,2,181,1,195,0
2,3,189,1,195,0
-7,-7,19,1,195,0
6,-3,27,1,195,0
4,6,75,1,195,0
-6,-4,35,1,195,0
7,-6,43,1,195,0
5,7,88,1,195,0
3,-4,93,1,195,0
6,8,95,1,195,0
-3,-5,122,1,195,0
-2,-2,142,1,195,0
-2,1,157,1,195,0
-1,0,178,1,195,0
0,2,182,1,195,0
1,3,188,1,195,0
2,-1,194,1,195,0
2,4,194,1,195,0
3,-5,6,1,195,0
-7,-8,12,1,195,0
-2,2,19,1,195,0
3,6,56,1,195,0
2,5,24,1,195,0
6,-4,27,1,195,0
-6,-5,34,1,195,0
8,1,74,1,195,0
4,7,79,1,195,0
5,8,92,1,195,0
7,-7,93,1,195,0
7,0,97,1,195,0
2,-2,137,1,195,0
-2,-3,138,1,195,0
-1,1,176,1,195,0
0,3,189,1,195,0
2,6,23,1,195,0
-2,3,18,1,195,0
1,5,22,1,195,0
6,-5,25,1,195,0
-6,-6,27,1,195,0
5,-2,36,1,195,0
-2,-4,61,1,195,0
0,-7,67,1,195,0
3,7,76,1,195,0
7,-8,76,1,195,0
4,8,84,1,195,0
-3,-7,85,1,195,0
7,1,85,1,195,0
8,2,102,1,195,0
6,0,112,1,195,0
-1,2,179,1,195,0
-1,-1,186,1,195,0
0,4,194,1,195,0
7,-9,4,1,195,0
-2,4,11,1,195,0
-6,-7,19,1,195,0
5,-3,34,1,195,0
-5,-4,43,1,195,0
2,7,65,1,195,0
8,-2,67,1,195,0
3,8,74,1,195,0
2,-4,86,1,195,0
6,-6,102,1,195,0
7,2,122,1,195,0
6,1,128,1,195,0
5,0,129,1,195,0
1,-1,189,1,195,0
0,5,194,1,195,0
-1,-2,194,1,195,0
-2,5,5,1,195,0
-3,6,6,1,195,0
0,6,41,1,195,0
4,-1,49,1,195,0
1,7,59,1,195,0
8,-3,64,1,195,0
6,-7,71,1,195,0
4,0,74,1,195,0
6,2,125,1,195,0
5,1,134,1,195,0
1,-2,189,1,195,0
-8,1,193,1,195,0
-9,-8,2,1,195,0
9,6,3,1,195,0
-1,5,8,1,195,0
-3,7,23,1,195,0
-2,6,31,1,195,0
4,-2,43,1,195,0
0,7,48,1,195,0
1,8,53,1,195,0
8,-4,57,1,195,0
3,0,61,1,195,0
-1,-4,68,1,195,0
-2,-7,79,1,195,0
7,4,99,1,195,0
7,-1,106,1,195,0
6,3,106,1,195,0
-5,-6,111,1,195,0
5,-5,111,1,195,0
5,2,113,1,195,0
4,1,141,1,195,0
1,-3,195,1,195,0
-7,1,194,1,195,0
0,8,6,1,196,0
-3,8,16,1,196,0
8,-5,29,1,196,0
-1,6,38,1,196,0
-4,-4,49,1,196,0
7,-2,69,1,196,0
6,4,109,1,196,0
8,6,102,1,196,0
-5,-7,106,1,196,0
4,-3,108,1,196,0
7,5,109,1,196,0
5,3,117,1,196,0
4,2,124,1,196,0
3,1,147,1,196,0
2,0,154,1,196,0
0,-1,179,1,196,0
-6,1,184,1,196,0
1,-4,195,1,196,0
-8,-7,6,1,196,0
8,-6,27,1,196,0
7,-3,61,1,196,0
3,-1,64,1,196,0
7,6,108,1,196,0
6,5,118,1,196,0
4,-4,119,1,196,0
-4,-5,121,1,196,0
5,4,126,1,196,0
4,3,134,1,196,0
3,2,142,1,196,0
2,1,151,1,196,0
-5,1,178,1,196,0
1,0,188,1,196,0
-8,-8,9,1,196,0
4,-5,12,1,196,0
7,-4,52,1,196,0
-1,-7,73,1,196,0
8,-7,84,1,196,0
6,-1,107,1,196,0
6,6,109,1,196,0
-4,-6,114,1,196,0
3,-2,116,1,196,0
5,5,119,1,196,0
-3,-3,131,1,196,0
2,2,148,1,196,0
-4,1,172,1,196,0
1,1,174,1,196,0
0,0,182,1,196,0
4,4,128,1,196,0
3,3,138,1,196,0
7,-5,48,1,196,0
1,-7,59,1,196,0
0,-4,74,1,196,0
-4,-7,92,1,196,0
6,7,108,1,196,0
5,6,117,1,196,0
4,5,125,1,196,0
3,-3,128,1,196,0
-3,-4,129,1,196,0
3,4,133,1,196,0
-2,0,156,1,196,0
-3,1,165,1,196,0
0,1,175,1,196,0
1,2,181,1,196,0
2,3,189,1,196,0
-7,-7,19,1,196,0
6,-3,27,1,196,0
4,6,75,1,196,0
-6,-4,35,1,196,0
7,-6,43,1,196,0
5,7,88,1,196,0
3,-4,93,1,196,0
6,8,95,1,196,0
-3,-5,122,1,196,0
-2,-2,142,1,196,0
-2,1,157,1,196,0
-1,0,178,1,196,0
0,2,182,1,196,0
1,3,188,1,196,0
2,-1,195,1,196,0
2,4,195,1,196,0
3,-5,6,1,196,0
-7,-8,12,1,196,0
-2,2,19,1,196,0
3,6,56,1,196,0
2,5,24,1,196,0
6,-4,27,1,196,0
-6,-5,34,1,196,0
8,1,74,1,196,0
4,7,79,1,196,0
5,8,92,1,196,0
7,-7,93,1,196,0
7,0,97,1,196,0
2,-2,137,1,196,0
-2,-3,138,1,196,0
-1,1,176,1,196,0
0,3,189,1,196,0
2,6,23,1,196,0
-2,3,18,1,196,0
1,5,22,1,196,0
6,-5,25,1,196,0
-6,-6,27,1,196,0
5,-2,36,1,196,0
-2,-4,61,1,196,0
0,-7,67,1,196,0
3,7,76,1,196,0
7,-8,76,1,196,0
4,8,84,1,196,0
-3,-7,85,1,196,0
7,1,85,1,196,0
8,2,102,1,196,0
6,0,112,1,196,0
-1,2,179,1,196,0
-1,-1,186,1,196,0
0,4,195,1,196,0
7,-9,4,1,196,0
-2,4,11,1,196,0
-6,-7,19,1,196,0
5,-3,34,1,196,0
-5,-4,43,1,196,0
2,7,65,1,196,0
8,-2,67,1,196,0
3,8,74,1,196,0
2,-4,86,1,196,0
6,-6,102,1,196,0
7,2,122,1,196,0
6,1,128,1,196,0
5,0,129,1,196,0
1,-1,189,1,196,0
-1,-2,194,1,196,0
0,5,195,1,196,0
-2,5,5,1,196,0
-3,6,6,1,196,0
0,6,41,1,196,0
4,-1,49,1,196,0
1,7,59,1,196,0
8,-3,64,1,196,0
6,-7,71,1,196,0
4,0,74,1,196,0
6,2,125,1,196,0
5,1,134,1,196,0
1,-2,189,1,196,0
-8,1,193,1,196,0
-1,-3,195,1,196,0
-9,-8,2,1,196,0
9,6,3,1,196,0
-1,5,8,1,196,0
-3,7,23,1,196,0
-2,6,31,1,196,0
4,-2,43,1,196,0
0,7,48,1,196,0
1,8,53,1,196,0
8,-4,57,1,196,0
3,0,61,1,196,0
-1,-4,68,1,196,0
-2,-7,79,1,196,0
7,4,99,1,196,0
7,-1,106,1,196,0
6,3,106,1,196,0
-5,-6,111,1,196,0
5,-5,111,1,196,0
5,2,113,1,196,0
4,1,141,1,196,0
1,-3,196,1,196,0
-7,1,195,1,196,0
0,8,6,1,197,0
-3,8,16,1,197,0
8,-5,29,1,197,0
-1,6,38,1,197,0
-4,-4,49,1,197,0
7,-2,69,1,197,0
6,4,109,1,197,0
8,6,102,1,197,0
-5,-7,106,1,197,0
4,-3,108,1,197,0
7,5,109,1,197,0
5,3,117,1,197,0
4,2,124,1,197,0
3,1,147,1,197,0
2,0,154,1,197,0
0,-1,179,1,197,0
-6,1,184,1,197,0
1,-4,196,1,197,0
-8,-7,6,1,197,0
8,-6,27,1,197,0
7,-3,61,1,197,0
3,-1,64,1,197,0
7,6,108,1,197,0
6,5,118,1,197,0
4,-4,119,1,197,0
-4,-5,121,1,197,0
5,4,126,1,197,0
4,3,134,1,197,0
3,2,142,1,197,0
2,1,151,1,197,0
-5,1,178,1,197,0
1,0,188,1,197,0
-8,-8,9,1,197,0
4,-5,12,1,197,0
7,-4,52,1,197,0
-1,-7,73,1,197,0
8,-7,84,1,197,0
6,-1,107,1,197,0
6,6,109,1,197,0
-4,-6,114,1,197,0
3,-2,116,1,197,0
5,5,119,1,197,0
-3,-3,131,1,197,0
2,2,148,1,197,0
-4,1,172,1,197,0
1,1,174,1,197,0
0,0,182,1,197,0
4,4,128,1,197,0
3,3,138,1,197,0
7,-5,48,1,197,0
1,-7,59,1,197,0
0,-4,74,1,197,0
-4,-7,92,1,197,0
6,7,108,1,197,0
5,6,117,1,197,0
4,5,125,1,197,0
3,-3,128,1,197,0
-3,-4,129,1,197,0
3,4,133,1,197,0
-2,0,156,1,197,0
-3,1,165,1,197,0
0,1,175,1,197,0
1,2,181,1,197,0
2,3,189,1,197,0
-7,-7,19,1,197,0
6,-3,27,1,197,0
4,6,75,1,197,0
-6,-4,35,1,197,0
7,-6,43,1,197,0
5,7,88,1,197,0
3,-4,93,1,197,0
6,8,95,1,197,0
-3,-5,122,1,197,0
-2,-2,142,1,197,0
-2,1,157,1,197,0
-1,0,178,1,197,0
0,2,182,1,197,0
1,3,188,1,197,0
2,-1,196,1,197,0
2,4,196,1,197,0
3,-5,6,1,197,0
-7,-8,12,1,197,0
-2,2,19,1,197,0
3,6,56,1,197,0
2,5,24,1,197,0
6,-4,27,1,197,0
-6,-5,34,1,197,0
8,1,74,1,197,0
4,7,79,1,197,0
5,8,92,1,197,0
7,-7,93,1,197,0
7,0,97,1,197,0
2,-2,137,1,197,0
-2,-3,138,1,197,0
-1,1,176,1,197,0
0,3,189,1,197,0
2,6,23,1,197,0
-2,3,18,1,197,0
1,5,22,1,197,0
6,-5,25,1,197,0
-6,-6,27,1,197,0
5,-2,36,1,197,0
-2,-4,61,1,197,0
0,-7,67,1,197,0
3,7,76,1,197,0
7,-8,76,1,197,0
4,8,84,1,197,0
-3,-7,85,1,197,0
7,1,85,1,197,0
8,2,102,1,197,0
6,0,112,1,197,0
-1,2,179,1,197,0
-1,-1,186,1,197,0
0,4,195,1,197,0
7,-9,4,1,197,0
-2,4,11,1,197,0
-6,-7,19,1,197,0
5,-3,34,1,197,0
-5,-4,43,1,197,0
2,7,65,1,197,0
8,-2,67,1,197,0
3,8,74,1,197,0
2,-4,86,1,197,0
6,-6,102,1,197,0
7,2,122,1,197,0
6,1,128,1,197,0
5,0,129,1,197,0
1,-1,189,1,197,0
-1,-2,194,1,197,0
0,5,196,1,197,0
-2,5,5,1,197,0
-3,6,6,1,197,0
0,6,41,1,197,0
4,-1,49,1,197,0
1,7,59,1,197,0
8,-3,64,1,197,0
6,-7,71,1,197,0
4,0,74,1,197,0
6,2,125,1,197,0
5,1,134,1,197,0
1,-2,189,1,197,0
-8,1,193,1,197,0
-1,-3,196,1,197,0
-9,-8,2,1,197,0
9,6,3,1,197,0
-1,5,8,1,197,0
-3,7,23,1,197,0
-2,6,31,1,197,0
4,-2,43,1,197,0
0,7,48,1,197,0
1,8,53,1,197,0
8,-4,57,1,197,0
3,0,61,1,197,0
-1,-4,68,1,197,0
-2,-7,79,1,197,0
7,4,99,1,197,0
7,-1,106,1,197,0
6,3,106,1,197,0
-5,-6,111,1,197,0
5,-5,111,1,197,0
5,2,113,1,197,0
4,1,141,1,197,0
1,-3,197,1,197,0
-7,1,196,1,197,0
0,8,6,1,198,0
-3,8,16,1,198,0
8,-5,29,1,198,0
-1,6,38,1,198,0
-4,-4,49,1,198,0
7,-2,69,1,198,0
6,4,109,1,198,0
8,6,102,1,198,0
-5,-7,106,1,198,0
4,-3,108,1,198,0
7,5,109,1,198,0
5,3,117,1,198,0
4,2,124,1,198,0
3,1,147,1,198,0
2,0,154,1,198,0
0,-1,179,1,198,0
-6,1,184,1,198,0
1,-4,197,1,198,0
-8,-7,6,1,198,0
8,-6,27,1,198,0
7,-3,61,1,198,0
3,-1,64,1,198,0
7,6,108,1,198,0
6,5,118,1,198,0
4,-4,119,1,198,0
-4,-5,121,1,198,0
5,4,126,1,198,0
4,3,134,1,198,0
3,2,142,1,198,0
2,1,151,1,198,0
-5,1,178,1,198,0
1,0,188,1,198,0
-8,-8,9,1,198,0
4,-5,12,1,198,0
7,-4,52,1,198,0
-1,-7,73,1,198,0
8,-7,84,1,198,0
6,-1,107,1,198,0
6,6,109,1,198,0
-4,-6,114,1,198,0
3,-2,116,1,198,0
5,5,119,1,198,0
-3,-3,131,1,198,0
2,2,148,1,198,0
-4,1,172,1,198,0
1,1,174,1,198,0
0,0,182,1,198,0
4,4,128,1,198,0
3,3,138,1,198,0
7,-5,48,1,198,0
1,-7,59,1,198,0
0,-4,74,1,198,0
-4,-7,92,1,198,0
6,7,108,1,198,0
5,6,117,1,198,0
4,5,125,1,198,0
3,-3,128,1,198,0
-3,-4,129,1,198,0
3,4,133,1,198,0
-2,0,156,1,198,0
-3,1,165,1,198,0
0,1,175,1,198,0
1,2,181,1,198,0
2,3,189,1,198,0
-7,-7,19,1,198,0
6,-3,27,1,198,0
4,6,75,1,198,0
-6,-4,35,1,198,0
7,-6,43,1,198,0
5,7,88,1,198,0
3,-4,93,1,198,0
6,8,95,1,198,0
-3,-5,122,1,198,0
-2,-2,142,1,198,0
-2,1,157,1,198,0
-1,0,178,1,198,0
0,2,182,1,198,0
1,3,188,1,198,0
2,-1,197,1,198,0
2,4,197,1,198,0
3,-5,6,1,198,0
-7,-8,12,1,198,0
-2,2,19,1,198,0
3,6,56,1,198,0
2,5,24,1,198,0
6,-4,27,1,198,0
-6,-5,34,1,198,0
8,1,74,1,198,0
4,7,79,1,198,0
5,8,92,1,198,0
7,-7,93,1,198,0
7,0,97,1,198,0
2,-2,137,1,198,0
-2,-3,138,1,198,0
-1,1,176,1,198,0
0,3,189,1,198,0
2,6,23,1,198,0
-2,3,18,1,198,0
6,-5,25,1,198,0
-6,-6,27,1,198,0
5,-2,36,1,198,0
-2,-4,61,1,198,0
0,-7,67,1,198,0
3,7,76,1,198,0
7,-8,76,1,198,0
4,8,84,1,198,0
-3,-7,85,1,198,0
7,1,85,1,198,0
8,2,102,1,198,0
6,0,112,1,198,0
-1,2,179,1,198,0
-1,-1,186,1,198,0
0,4,195,1,198,0
1,5,197,1,198,0
7,-9,4,1,198,0
-2,4,11,1,198,0
-6,-7,19,1,198,0
5,-3,34,1,198,0
-5,-4,43,1,198,0
2,7,65,1,198,0
8,-2,67,1,198,0
3,8,74,1,198,0
2,-4,86,1,198,0
6,-6,102,1,198,0
7,2,122,1,198,0
6,1,128,1,198,0
5,0,129,1,198,0
1,-1,189,1,198,0
-1,-2,194,1,198,0
0,5,196,1,198,0
-2,5,5,1,198,0
-3,6,6,1,198,0
0,6,41,1,198,0
4,-1,49,1,198,0
1,7,59,1,198,0
8,-3,64,1,198,0
6,-7,71,1,198,0
4,0,74,1,198,0
6,2,125,1,198,0
5,1,134,1,198,0
1,-2,189,1,198,0
-8,1,193,1,198,0
-1,-3,197,1,198,0
-9,-8,2,1,198,0
9,6,3,1,198,0
-3,7,23,1,198,0
-2,6,31,1,198,0
4,-2,43,1,198,0
0,7,48,1,198,0
1,8,53,1,198,0
8,-4,57,1,198,0
3,0,61,1,198,0
-1,-4,68,1,198,0
-2,-7,79,1,198,0
7,4,99,1,198,0
7,-1,106,1,198,0
6,3,106,1,198,0
-5,-6,111,1,198,0
5,-5,111,1,198,0
5,2,113,1,198,0
4,1,141,1,198,0
1,-3,198,1,198,0
-7,1,197,1,198,0
-1,5,197,1,198,0
0,8,6,1,199,0
-3,8,16,1,199,0
8,-5,29,1,199,0
-1,6,38,1,199,0
-4,-4,49,1,199,0
7,-2,69,1,199,0
6,4,109,1,199,0
8,6,102,1,199,0
-5,-7,106,1,199,0
4,-3,108,1,199,0
7,5,109,1,199,0
5,3,117,1,199,0
4,2,124,1,199,0
3,1,147,1,199,0
2,0,154,1,199,0
0,-1,179,1,199,0
-6,1,184,1,199,0
1,-4,198,1,199,0
-8,-7,6,1,199,0
8,-6,27,1,199,0
7,-3,61,1,199,0
7,6,108,1,199,0
6,5,118,1,199,0
4,-4,119,1,199,0
-4,-5,121,1,199,0
5,4,126,1,199,0
4,3,134,1,199,0
3,2,142,1,199,0
2,1,151,1,199,0
-5,1,178,1,199,0
1,0,188,1,199,0
3,-1,198,1,199,0
-8,-8,9,1,199,0
4,-5,12,1,199,0
7,-4,52,1,199,0
-1,-7,73,1,199,0
8,-7,84,1,199,0
6,-1,107,1,199,0
6,6,109,1,199,0
-4,-6,114,1,199,0
3,-2,116,1,199,0
5,5,119,1,199,0
-3,-3,131,1,199,0
2,2,148,1,199,0
-4,1,172,1,199,0
1,1,174,1,199,0
0,0,182,1,199,0
0,-3,198,1,199,0
3,3,138,1,199,0
4,4,128,1,199,0
7,-5,48,1,199,0
1,-7,59,1,199,0
0,-4,74,1,199,0
-4,-7,92,1,199,0
6,7,108,1,199,0
5,6,117,1,199,0
4,5,125,1,199,0
3,-3,128,1,199,0
-3,-4,129,1,199,0
3,4,133,1,199,0
-2,0,156,1,199,0
-3,1,165,1,199,0
0,1,175,1,199,0
1,2,181,1,199,0
2,3,189,1,199,0
-7,-7,19,1,199,0
6,-3,27,1,199,0
4,6,75,1,199,0
-6,-4,35,1,199,0
7,-6,43,1,199,0
5,7,88,1,199,0
3,-4,93,1,199,0
6,8,95,1,199,0
-3,-5,122,1,199,0
-2,-2,142,1,199,0
-2,1,157,1,199,0
-1,0,178,1,199,0
0,2,182,1,199,0
1,3,188,1,199,0
2,-1,197,1,199,0
2,4,197,1,199,0
3,-5,6,1,199,0
-7,-8,12,1,199,0
-2,2,19,1,199,0
3,6,56,1,199,0
6,-4,27,1,199,0
-6,-5,34,1,199,0
8,1,74,1,199,0
4,7,79,1,199,0
5,8,92,1,199,0
7,-7,93,1,199,0
7,0,97,1,199,0
2,-2,137,1,199,0
-2,-3,138,1,199,0
-1,1,176,1,199,0
0,3,189,1,199,0
2,5,198,1,199,0
2,6,23,1,199,0
-2,3,18,1,199,0
6,-5,25,1,199,0
-6,-6,27,1,199,0
5,-2,36,1,199,0
-2,-4,61,1,199,0
0,-7,67,1,199,0
3,7,76,1,199,0
7,-8,76,1,199,0
4,8,84,1,199,0
-3,-7,85,1,199,0
7,1,85,1,199,0
8,2,102,1,199,0
6,0,112,1,199,0
-1,2,179,1,199,0
-1,-1,186,1,199,0
0,4,195,1,199,0
1,5,198,1,199,0
7,-9,4,1,199,0
-2,4,11,1,199,0
-6,-7,19,1,199,0
5,-3,34,1,199,0
-5,-4,43,1,199,0
2,7,65,1,199,0
8,-2,67,1,199,0
3,8,74,1,199,0
2,-4,86,1,199,0
6,-6,102,1,199,0
7,2,122,1,199,0
6,1,128,1,199,0
5,0,129,1,199,0
1,-1,189,1,199,0
-1,-2,194,1,199,0
0,5,196,1,199,0
-2,5,5,1,199,0
-3,6,6,1,199,0
0,6,41,1,199,0
4,-1,49,1,199,0
1,7,59,1,199,0
8,-3,64,1,199,0
6,-7,71,1,199,0
4,0,74,1,199,0
6,2,125,1,199,0
5,1,134,1,199,0
1,-2,189,1,199,0
-8,1,193,1,199,0
-1,-3,197,1,199,0
-9,-8,2,1,199,0
9,6,3,1,199,0
-3,7,23,1,199,0
-2,6,31,1,199,0
4,-2,43,1,199,0
0,7,48,1,199,0
1,8,53,1,199,0
8,-4,57,1,199,0
3,0,61,1,199,0
-1,-4,68,1,199,0
-2,-7,79,1,199,0
7,4,99,1,199,0
7,-1,106,1,199,0
6,3,106,1,199,0
-5,-6,111,1,199,0
5,-5,111,1,199,0
5,2,113,1,199,0
4,1,141,1,199,0
1,-3,199,1,199,0
-7,1,198,1,199,0
-1,5,198,1,199,0
0,8,6,1,200,0
-3,8,16,1,200,0
8,-5,29,1,200,0
-1,6,38,1,200,0
-4,-4,49,1,200,0
7,-2,69,1,200,0
6,4,109,1,200,0
8,6,102,1,200,0
-5,-7,106,1,200,0
4,-3,108,1,200,0
7,5,109,1,200,0
5,3,117,1,200,0
4,2,124,1,200,0
3,1,147,1,200,0
2,0,154,1,200,0
0,-1,179,1,200,0
-6,1,184,1,200,0
1,-4,199,1,200,0
-8,-7,6,1,200,0
8,-6,27,1,200,0
7,-3,61,1,200,0
7,6,108,1,200,0
6,5,118,1,200,0
4,-4,119,1,200,0
-4,-5,121,1,200,0
5,4,126,1,200,0
4,3,134,1,200,0
3,2,142,1,200,0
2,1,151,1,200,0
-5,1,178,1,200,0
1,0,188,1,200,0
3,-1,199,1,200,0
-8,-8,9,1,200,0
4,-5,12,1,200,0
7,-4,52,1,200,0
-1,-7,73,1,200,0
8,-7,84,1,200,0
6,-1,107,1,200,0
6,6,109,1,200,0
-4,-6,114,1,200,0
3,-2,116,1,200,0
5,5,119,1,200,0
-3,-3,131,1,200,0
2,2,148,1,200,0
-4,1,172,1,200,0
1,1,174,1,200,0
0,0,182,1,200,0
0,-3,199,1,200,0
3,3,138,1,200,0
4,4,128,1,200,0
7,-5,48,1,200,0
1,-7,59,1,200,0
0,-4,74,1,200,0
-4,-7,92,1,200,0
6,7,108,1,200,0
5,6,117,1,200,0
4,5,125,1,200,0
3,-3,128,1,200,0
-3,-4,129,1,200,0
3,4,133,1,200,0
-2,0,156,1,200,0
-3,1,165,1,200,0
0,1,175,1,200,0
1,2,181,1,200,0
2,3,189,1,200,0
-7,-7,19,1,200,0
6,-3,27,1,200,0
4,6,75,1,200,0
-6,-4,35,1,200,0
7,-6,43,1,200,0
5,7,88,1,200,0
3,-4,93,1,200,0
6,8,95,1,200,0
-3,-5,122,1,200,0
-2,-2,142,1,200,0
-2,1,157,1,200,0
-1,0,178,1,200,0
0,2,182,1,200,0
1,3,188,1,200,0
2,-1,197,1,200,0
2,4,197,1,200,0
3,-5,6,1,200,0
-7,-8,12,1,200,0
-2,2,19,1,200,0
3,6,56,1,200,0
6,-4,27,1,200,0
-6,-5,34,1,200,0
8,1,74,1,200,0
4,7,79,1,200,0
5,8,92,1,200,0
7,-7,93,1,200,0
7,0,97,1,200,0
2,-2,137,1,200,0
-2,-3,138,1,200,0
-1,1,176,1,200,0
0,3,189,1,200,0
2,5,199,1,200,0
2,6,23,1,200,0
-2,3,18,1,200,0
6,-5,25,1,200,0
-6,-6,27,1,200,0
5,-2,36,1,200,0
-2,-4,61,1,200,0
0,-7,67,1,200,0
3,7,76,1,200,0
7,-8,76,1,200,0
4,8,84,1,200,0
-3,-7,85,1,200,0
7,1,85,1,200,0
8,2,102,1,200,0
6,0,112,1,200,0
-1,2,179,1,200,0
-1,-1,186,1,200,0
0,4,195,1,200,0
1,5,199,1,200,0
7,-9,4,1,200,0
-2,4,11,1,200,0
-6,-7,19,1,200,0
5,-3,34,1,200,0
-5,-4,43,1,200,0
2,7,65,1,200,0
8,-2,67,1,200,0
3,8,74,1,200,0
2,-4,86,1,200,0
6,-6,102,1,200,0
7,2,122,1,200,0
6,1,128,1,200,0
5,0,129,1,200,0
1,-1,189,1,200,0
-1,-2,194,1,200,0
0,5,196,1,200,0
-2,5,5,1,200,0
-3,6,6,1,200,0
0,6,41,1,200,0
4,-1,49,1,200,0
1,7,59,1,200,0
8,-3,64,1,200,0
6,-7,71,1,200,0
4,0,74,1,200,0
6,2,125,1,200,0
5,1,134,1,200,0
1,-2,189,1,200,0
-8,1,193,1,200,0
-1,-3,197,1,200,0
-9,-8,2,1,200,0
9,6,3,1,200,0
-3,7,23,1,200,0
-2,6,31,1,200,0
4,-2,43,1,200,0
0,7,48,1,200,0
1,8,53,1,200,0
8,-4,57,1,200,0
3,0,61,1,200,0
-1,-4,68,1,200,0
-2,-7,79,1,200,0
7,4,99,1,200,0
7,-1,106,1,200,0
6,3,106,1,200,0
-5,-6,111,1,200,0
5,-5,111,1,200,0
5,2,113,1,200,0
4,1,141,1,200,0
1,-3,199,1,200,0
-7,1,199,1,200,0
-1,5,199,1,200,0
0,8,6,1,201,0
-3,8,16,1,201,0
8,-5,29,1,201,0
-1,6,38,1,201,0
-4,-4,49,1,201,0
7,-2,69,1,201,0
6,4,109,1,201,0
8,6,102,1,201,0
-5,-7,106,1,201,0
4,-3,108,1,201,0
7,5,109,1,201,0
5,3,117,1,201,0
4,2,124,1,201,0
3,1,147,1,201,0
2,0,154,1,201,0
0,-1,179,1,201,0
-6,1,184,1,201,0
1,-4,199,1,201,0
-8,-7,6,1,201,0
8,-6,27,1,201,0
7,-3,61,1,201,0
7,6,108,1,201,0
6,5,118,1,201,0
4,-4,119,1,201,0
-4,-5,121,1,201,0
5,4,126,1,201,0
4,3,134,1,201,0
3,2,142,1,201,0
2,1,151,1,201,0
-5,1,178,1,201,0
1,0,188,1,201,0
3,-1,199,1,201,0
-8,-8,9,1,201,0
4,-5,12,1,201,0
7,-4,52,1,201,0
-1,-7,73,1,201,0
8,-7,84,1,201,0
6,-1,107,1,201,0
6,6,109,1,201,0
-4,-6,114,1,201,0
3,-2,116,1,201,0
5,5,119,1,201,0
-3,-3,131,1,201,0
2,2,148,1,201,0
-4,1,172,1,201,0
1,1,174,1,201,0
0,0,182,1,201,0
0,-3,199,1,201,0
4,4,128,1,201,0
3,3,138,1,201,0
7,-5,48,1,201,0
1,-7,59,1,201,0
0,-4,74,1,201,0
-4,-7,92,1,201,0
6,7,108,1,201,0
5,6,117,1,201,0
4,5,125,1,201,0
3,-3,128,1,201,0
-3,-4,129,1,201,0
3,4,133,1,201,0
-2,0,156,1,201,0
-3,1,165,1,201,0
0,1,175,1,201,0
1,2,181,1,201,0
2,3,189,1,201,0
-7,-7,19,1,201,0
6,-3,27,1,201,0
4,6,75,1,201,0
-6,-4,35,1,201,0
7,-6,43,1,201,0
5,7,88,1,201,0
3,-4,93,1,201,0
6,8,95,1,201,0
-3,-5,122,1,201,0
-2,-2,142,1,201,0
-2,1,157,1,201,0
-1,0,178,1,201,0
0,2,182,1,201,0
1,3,188,1,201,0
2,-1,197,1,201,0
2,4,197,1,201,0
3,-5,6,1,201,0
-7,-8,12,1,201,0
-2,2,19,1,201,0
3,6,56,1,201,0
6,-4,27,1,201,0
-6,-5,34,1,201,0
8,1,74,1,201,0
4,7,79,1,201,0
5,8,92,1,201,0
7,-7,93,1,201,0
7,0,97,1,201,0
2,-2,137,1,201,0
-2,-3,138,1,201,0
-1,1,176,1,201,0
0,3,189,1,201,0
2,5,199,1,201,0
2,6,23,1,201,0
-2,3,18,1,201,0
6,-5,25,1,201,0
-6,-6,27,1,201,0
5,-2,36,1,201,0
-2,-4,61,1,201,0
0,-7,67,1,201,0
3,7,76,1,201,0
7,-8,76,1,201,0
4,8,84,1,201,0
-3,-7,85,1,201,0
7,1,85,1,201,0
8,2,102,1,201,0
6,0,112,1,201,0
-1,2,179,1,201,0
-1,-1,186,1,201,0
0,4,195,1,201,0
1,5,199,1,201,0
7,-9,4,1,201,0
-2,4,11,1,201,0
-6,-7,19,1,201,0
5,-3,34,1,201,0
-5,-4,43,1,201,0
2,7,65,1,201,0
8,-2,67,1,201,0
3,8,74,1,201,0
2,-4,86,1,201,0
6,-6,102,1,201,0
7,2,122,1,201,0
6,1,128,1,201,0
5,0,129,1,201,0
1,-1,189,1,201,0
-1,-2,194,1,201,0
0,5,196,1,201,0
-2,5,5,1,201,0
-3,6,6,1,201,0
0,6,41,1,201,0
4,-1,49,1,201,0
1,7,59,1,201,0
8,-3,64,1,201,0
6,-7,71,1,201,0
4,0,74,1,201,0
6,2,125,1,201,0
5,1,134,1,201,0
1,-2,189,1,201,0
-8,1,193,1,201,0
-1,-3,197,1,201,0
-9,-8,2,1,201,0
9,6,3,1,201,0
-3,7,23,1,201,0
-2,6,31,1,201,0
4,-2,43,1,201,0
0,7,48,1,201,0
1,8,53,1,201,0
8,-4,57,1,201,0
3,0,61,1,201,0
-1,-4,68,1,201,0
-2,-7,79,1,201,0
7,4,99,1,201,0
7,-1,106,1,201,0
6,3,106,1,201,0
-5,-6,111,1,201,0
5,-5,111,1,201,0
5,2,113,1,201,0
4,1,141,1,201,0
1,-3,201,1,201,0
-7,1,199,1,201,0
-1,5,199,1,201,0
0,8,6,1,202,0
-3,8,16,1,202,0
8,-5,29,1,202,0
-1,6,38,1,202,0
-4,-4,49,1,202,0
7,-2,69,1,202,0
6,4,109,1,202,0
8,6,102,1,202,0
-5,-7,106,1,202,0
4,-3,108,1,202,0
7,5,109,1,202,0
5,3,117,1,202,0
4,2,124,1,202,0
3,1,147,1,202,0
2,0,154,1,202,0
0,-1,179,1,202,0
1,-4,201,1,202,0
-6,1,201,1,202,0
-8,-7,6,1,202,0
8,-6,27,1,202,0
7,-3,61,1,202,0
7,6,108,1,202,0
6,5,118,1,202,0
4,-4,119,1,202,0
-4,-5,121,1,202,0
5,4,126,1,202,0
4,3,134,1,202,0
3,2,142,1,202,0
2,1,151,1,202,0
-5,1,178,1,202,0
1,0,188,1,202,0
3,-1,201,1,202,0
-8,-8,9,1,202,0
4,-5,12,1,202,0
7,-4,52,1,202,0
-1,-7,73,1,202,0
8,-7,84,1,202,0
6,-1,107,1,202,0
6,6,109,1,202,0
-4,-6,114,1,202,0
3,-2,116,1,202,0
5,5,119,1,202,0
-3,-3,131,1,202,0
2,2,148,1,202,0
-4,1,172,1,202,0
1,1,174,1,202,0
0,0,182,1,202,0
0,-3,199,1,202,0
4,4,128,1,202,0
3,3,138,1,202,0
7,-5,48,1,202,0
1,-7,59,1,202,0
0,-4,74,1,202,0
-4,-7,92,1,202,0
6,7,108,1,202,0
5,6,117,1,202,0
4,5,125,1,202,0
3,-3,128,1,202,0
-3,-4,129,1,202,0
3,4,133,1,202,0
-2,0,156,1,202,0
-3,1,165,1,202,0
0,1,175,1,202,0
1,2,181,1,202,0
2,3,189,1,202,0
-7,-7,19,1,202,0
6,-3,27,1,202,0
4,6,75,1,202,0
-6,-4,35,1,202,0
7,-6,43,1,202,0
5,7,88,1,202,0
3,-4,93,1,202,0
6,8,95,1,202,0
-3,-5,122,1,202,0
-2,-2,142,1,202,0
-2,1,157,1,202,0
-1,0,178,1,202,0
0,2,182,1,202,0
1,3,188,1,202,0
2,-1,197,1,202,0
2,4,197,1,202,0
3,-5,6,1,202,0
-7,-8,12,1,202,0
-2,2,19,1,202,0
3,6,56,1,202,0
6,-4,27,1,202,0
-6,-5,34,1,202,0
8,1,74,1,202,0
4,7,79,1,202,0
5,8,92,1,202,0
7,-7,93,1,202,0
7,0,97,1,202,0
2,-2,137,1,202,0
-2,-3,138,1,202,0
-1,1,176,1,202,0
0,3,189,1,202,0
2,5,201,1,202,0
2,6,23,1,202,0
-2,3,18,1,202,0
6,-5,25,1,202,0
-6,-6,27,1,202,0
5,-2,36,1,202,0
-2,-4,61,1,202,0
0,-7,67,1,202,0
3,7,76,1,202,0
7,-8,76,1,202,0
4,8,84,1,202,0
-3,-7,85,1,202,0
7,1,85,1,202,0
8,2,102,1,202,0
6,0,112,1,202,0
-1,2,179,1,202,0
-1,-1,186,1,202,0
0,4,195,1,202,0
1,5,199,1,202,0
7,-9,4,1,202,0
-2,4,11,1,202,0
-6,-7,19,1,202,0
5,-3,34,1,202,0
-5,-4,43,1,202,0
2,7,65,1,202,0
8,-2,67,1,202,0
3,8,74,1,202,0
2,-4,86,1,202,0
6,-6,102,1,202,0
7,2,122,1,202,0
6,1,128,1,202,0
5,0,129,1,202,0
1,-1,189,1,202,0
-1,-2,194,1,202,0
1,6,201,1,202,0
0,5,196,1,202,0
-2,5,5,1,202,0
-3,6,6,1,202,0
0,6,41,1,202,0
4,-1,49,1,202,0
1,7,59,1,202,0
8,-3,64,1,202,0
6,-7,71,1,202,0
4,0,74,1,202,0
6,2,125,1,202,0
5,1,134,1,202,0
1,-2,189,1,202,0
-8,1,193,1,202,0
-1,-3,201,1,202,0
-9,-8,2,1,202,0
9,6,3,1,202,0
-3,7,23,1,202,0
-2,6,31,1,202,0
4,-2,43,1,202,0
0,7,48,1,202,0
1,8,53,1,202,0
8,-4,57,1,202,0
3,0,61,1,202,0
-1,-4,68,1,202,0
-2,-7,79,1,202,0
7,4,99,1,202,0
7,-1,106,1,202,0
6,3,106,1,202,0
-5,-6,111,1,202,0
5,-5,111,1,202,0
5,2,113,1,202,0
4,1,141,1,202,0
1,-3,202,1,202,0
-7,1,199,1,202,0
-1,5,201,1,202,0
0,8,6,1,203,0
-3,8,16,1,203,0
8,-5,29,1,203,0
-1,6,38,1,203,0
-4,-4,49,1,203,0
7,-2,69,1,203,0
6,4,109,1,203,0
8,6,102,1,203,0
-5,-7,106,1,203,0
4,-3,108,1,203,0
7,5,109,1,203,0
5,3,117,1,203,0
4,2,124,1,203,0
3,1,147,1,203,0
2,0,154,1,203,0
0,-1,179,1,203,0
1,-4,202,1,203,0
-6,1,202,1,203,0
-8,-7,6,1,203,0
8,-6,27,1,203,0
7,-3,61,1,203,0
7,6,108,1,203,0
6,5,118,1,203,0
4,-4,119,1,203,0
-4,-5,121,1,203,0
5,4,126,1,203,0
4,3,134,1,203,0
3,2,142,1,203,0
2,1,151,1,203,0
-5,1,178,1,203,0
1,0,188,1,203,0
3,-1,202,1,203,0
-8,-8,9,1,203,0
4,-5,12,1,203,0
7,-4,52,1,203,0
-1,-7,73,1,203,0
8,-7,84,1,203,0
6,-1,107,1,203,0
6,6,109,1,203,0
-4,-6,114,1,203,0
3,-2,116,1,203,0
5,5,119,1,203,0
-3,-3,131,1,203,0
2,2,148,1,203,0
-4,1,172,1,203,0
1,1,174,1,203,0
0,0,182,1,203,0
0,-3,199,1,203,0
3,3,138,1,203,0
4,4,128,1,203,0
7,-5,48,1,203,0
1,-7,59,1,203,0
0,-4,74,1,203,0
-4,-7,92,1,203,0
6,7,108,1,203,0
5,6,117,1,203,0
4,5,125,1,203,0
3,-3,128,1,203,0
-3,-4,129,1,203,0
3,4,133,1,203,0
-2,0,156,1,203,0
-3,1,165,1,203,0
0,1,175,1,203,0
1,2,181,1,203,0
2,3,189,1,203,0
-7,-7,19,1,203,0
6,-3,27,1,203,0
4,6,75,1,203,0
-6,-4,35,1,203,0
7,-6,43,1,203,0
5,7,88,1,203,0
3,-4,93,1,203,0
6,8,95,1,203,0
-3,-5,122,1,203,0
-2,-2,142,1,203,0
-2,1,157,1,203,0
-1,0,178,1,203,0
0,2,182,1,203,0
1,3,188,1,203,0
2,-1,197,1,203,0
2,4,197,1,203,0
3,-5,6,1,203,0
-7,-8,12,1,203,0
-2,2,19,1,203,0
3,6,56,1,203,0
6,-4,27,1,203,0
-6,-5,34,1,203,0
8,1,74,1,203,0
4,7,79,1,203,0
5,8,92,1,203,0
7,-7,93,1,203,0
7,0,97,1,203,0
2,-2,137,1,203,0
-2,-3,138,1,203,0
-1,1,176,1,203,0
0,3,189,1,203,0
2,5,202,1,203,0
2,6,23,1,203,0
-2,3,18,1,203,0
6,-5,25,1,203,0
-6,-6,27,1,203,0
5,-2,36,1,203,0
-2,-4,61,1,203,0
0,-7,67,1,203,0
3,7,76,1,203,0
7,-8,76,1,203,0
4,8,84,1,203,0
-3,-7,85,1,203,0
7,1,85,1,203,0
8,2,102,1,203,0
6,0,112,1,203,0
-1,2,179,1,203,0
-1,-1,186,1,203,0
0,4,195,1,203,0
1,5,199,1,203,0
7,-9,4,1,203,0
-2,4,11,1,203,0
-6,-7,19,1,203,0
5,-3,34,1,203,0
-5,-4,43,1,203,0
2,7,65,1,203,0
8,-2,67,1,203,0
3,8,74,1,203,0
2,-4,86,1,203,0
6,-6,102,1,203,0
7,2,122,1,203,0
6,1,128,1,203,0
5,0,129,1,203,0
1,-1,189,1,203,0
-1,-2,194,1,203,0
1,6,202,1,203,0
0,5,196,1,203,0
-2,5,5,1,203,0
-3,6,6,1,203,0
0,6,41,1,203,0
4,-1,49,1,203,0
1,7,59,1,203,0
8,-3,64,1,203,0
6,-7,71,1,203,0
4,0,74,1,203,0
6,2,125,1,203,0
5,1,134,1,203,0
1,-2,189,1,203,0
-8,1,193,1,203,0
-1,-3,202,1,203,0
-9,-8,2,1,203,0
9,6,3,1,203,0
-3,7,23,1,203,0
-2,6,31,1,203,0
4,-2,43,1,203,0
0,7,48,1,203,0
1,8,53,1,203,0
8,-4,57,1,203,0
3,0,61,1,203,0
-1,-4,68,1,203,0
-2,-7,79,1,203,0
7,4,99,1,203,0
7,-1,106,1,203,0
6,3,106,1,203,0
-5,-6,111,1,203,0
5,-5,111,1,203,0
5,2,113,1,203,0
4,1,141,1,203,0
1,-3,203,1,203,0
-7,1,199,1,203,0
-1,5,202,1,203,0
0,8,6,1,204,0
-3,8,16,1,204,0
8,-5,29,1,204,0
-1,6,38,1,204,0
-4,-4,49,1,204,0
7,-2,69,1,204,0
6,4,109,1,204,0
8,6,102,1,204,0
-5,-7,106,1,204,0
4,-3,108,1,204,0
7,5,109,1,204,0
5,3,117,1,204,0
4,2,124,1,204,0
3,1,147,1,204,0
2,0,154,1,204,0
0,-1,179,1,204,0
1,-4,202,1,204,0
-6,1,203,1,204,0
-8,-7,6,1,204,0
8,-6,27,1,204,0
7,-3,61,1,204,0
7,6,108,1,204,0
6,5,118,1,204,0
4,-4,119,1,204,0
-4,-5,121,1,204,0
5,4,126,1,204,0
4,3,134,1,204,0
3,2,142,1,204,0
2,1,151,1,204,0
-5,1,178,1,204,0
1,0,188,1,204,0
1,-5,203,1,204,0
3,-1,203,1,204,0
-8,-8,9,1,204,0
4,-5,12,1,204,0
7,-4,52,1,204,0
-1,-7,73,1,204,0
8,-7,84,1,204,0
6,-1,107,1,204,0
6,6,109,1,204,0
-4,-6,114,1,204,0
3,-2,116,1,204,0
5,5,119,1,204,0
-3,-3,131,1,204,0
2,2,148,1,204,0
-4,1,172,1,204,0
1,1,174,1,204,0
0,0,182,1,204,0
0,-3,199,1,204,0
4,4,128,1,204,0
3,3,138,1,204,0
7,-5,48,1,204,0
1,-7,59,1,204,0
0,-4,74,1,204,0
-4,-7,92,1,204,0
6,7,108,1,204,0
5,6,117,1,204,0
4,5,125,1,204,0
3,-3,128,1,204,0
-3,-4,129,1,204,0
3,4,133,1,204,0
-2,0,156,1,204,0
-3,1,165,1,204,0
0,1,175,1,204,0
1,2,181,1,204,0
2,3,189,1,204,0
-7,-7,19,1,204,0
6,-3,27,1,204,0
4,6,75,1,204,0
-6,-4,35,1,204,0
7,-6,43,1,204,0
5,7,88,1,204,0
3,-4,93,1,204,0
6,8,95,1,204,0
-3,-5,122,1,204,0
-2,-2,142,1,204,0
-2,1,157,1,204,0
-1,0,178,1,204,0
0,2,182,1,204,0
1,3,188,1,204,0
2,-1,197,1,204,0
2,4,197,1,204,0
3,-5,6,1,204,0
-7,-8,12,1,204,0
-2,2,19,1,204,0
3,6,56,1,204,0
6,-4,27,1,204,0
-6,-5,34,1,204,0
8,1,74,1,204,0
4,7,79,1,204,0
5,8,92,1,204,0
7,-7,93,1,204,0
7,0,97,1,204,0
2,-2,137,1,204,0
-2,-3,138,1,204,0
-1,1,176,1,204,0
0,3,189,1,204,0
2,5,203,1,204,0
2,6,23,1,204,0
-2,3,18,1,204,0
6,-5,25,1,204,0
-6,-6,27,1,204,0
5,-2,36,1,204,0
-2,-4,61,1,204,0
0,-7,67,1,204,0
3,7,76,1,204,0
7,-8,76,1,204,0
4,8,84,1,204,0
-3,-7,85,1,204,0
7,1,85,1,204,0
8,2,102,1,204,0
6,0,112,1,204,0
-1,2,179,1,204,0
-1,-1,186,1,204,0
0,4,195,1,204,0
1,5,199,1,204,0
7,-9,4,1,204,0
-2,4,11,1,204,0
-6,-7,19,1,204,0
5,-3,34,1,204,0
-5,-4,43,1,204,0
2,7,65,1,204,0
8,-2,67,1,204,0
3,8,74,1,204,0
2,-4,86,1,204,0
6,-6,102,1,204,0
7,2,122,1,204,0
6,1,128,1,204,0
5,0,129,1,204,0
1,-1,189,1,204,0
-1,-2,194,1,204,0
1,6,203,1,204,0
0,5,196,1,204,0
-2,5,5,1,204,0
-3,6,6,1,204,0
0,6,41,1,204,0
4,-1,49,1,204,0
1,7,59,1,204,0
8,-3,64,1,204,0
6,-7,71,1,204,0
4,0,74,1,204,0
6,2,125,1,204,0
5,1,134,1,204,0
1,-2,189,1,204,0
-8,1,193,1,204,0
-1,-3,203,1,204,0
-9,-8,2,1,204,0
9,6,3,1,204,0
-3,7,23,1,204,0
-2,6,31,1,204,0
4,-2,43,1,204,0
0,7,48,1,204,0
1,8,53,1,204,0
8,-4,57,1,204,0
3,0,61,1,204,0
-1,-4,68,1,204,0
-2,-7,79,1,204,0
7,4,99,1,204,0
7,-1,106,1,204,0
6,3,106,1,204,0
-5,-6,111,1,204,0
5,-5,111,1,204,0
5,2,113,1,204,0
4,1,141,1,204,0
1,-3,204,1,204,0
-7,1,199,1,204,0
-1,5,203,1,204,0
0,8,6,1,205,0
-3,8,16,1,205,0
8,-5,29,1,205,0
-1,6,38,1,205,0
-4,-4,49,1,205,0
7,-2,69,1,205,0
6,4,109,1,205,0
8,6,102,1,205,0
-5,-7,106,1,205,0
4,-3,108,1,205,0
7,5,109,1,205,0
5,3,117,1,205,0
4,2,124,1,205,0
3,1,147,1,205,0
2,0,154,1,205,0
0,-1,179,1,205,0
1,-4,202,1,205,0
-6,1,204,1,205,0
-8,-7,6,1,205,0
8,-6,27,1,205,0
7,-3,61,1,205,0
7,6,108,1,205,0
6,5,118,1,205,0
4,-4,119,1,205,0
-4,-5,121,1,205,0
5,4,126,1,205,0
4,3,134,1,205,0
3,2,142,1,205,0
2,1,151,1,205,0
-5,1,178,1,205,0
1,0,188,1,205,0
1,-5,203,1,205,0
3,-1,203,1,205,0
-8,-8,9,1,205,0
4,-5,12,1,205,0
7,-4,52,1,205,0
-1,-7,73,1,205,0
8,-7,84,1,205,0
6,-1,107,1,205,0
6,6,109,1,205,0
-4,-6,114,1,205,0
3,-2,116,1,205,0
5,5,119,1,205,0
-3,-3,131,1,205,0
2,2,148,1,205,0
-4,1,172,1,205,0
1,1,174,1,205,0
0,0,182,1,205,0
4,4,128,1,205,0
0,-3,204,1,205,0
3,3,138,1,205,0
7,-5,48,1,205,0
1,-7,59,1,205,0
0,-4,74,1,205,0
-4,-7,92,1,205,0
6,7,108,1,205,0
5,6,117,1,205,0
4,5,125,1,205,0
3,-3,128,1,205,0
-3,-4,129,1,205,0
3,4,133,1,205,0
-2,0,156,1,205,0
-3,1,165,1,205,0
0,1,175,1,205,0
1,2,181,1,205,0
2,3,189,1,205,0
-7,-7,19,1,205,0
6,-3,27,1,205,0
4,6,75,1,205,0
-6,-4,35,1,205,0
7,-6,43,1,205,0
5,7,88,1,205,0
3,-4,93,1,205,0
6,8,95,1,205,0
-3,-5,122,1,205,0
-2,-2,142,1,205,0
-2,1,157,1,205,0
-1,0,178,1,205,0
0,2,182,1,205,0
1,3,188,1,205,0
2,-1,197,1,205,0
2,4,197,1,205,0
3,-5,6,1,205,0
-7,-8,12,1,205,0
-2,2,19,1,205,0
3,6,56,1,205,0
6,-4,27,1,205,0
-6,-5,34,1,205,0
8,1,74,1,205,0
4,7,79,1,205,0
5,8,92,1,205,0
7,-7,93,1,205,0
7,0,97,1,205,0
2,-2,137,1,205,0
-2,-3,138,1,205,0
-1,1,176,1,205,0
0,3,189,1,205,0
2,5,204,1,205,0
2,6,23,1,205,0
-2,3,18,1,205,0
6,-5,25,1,205,0
-6,-6,27,1,205,0
5,-2,36,1,205,0
-2,-4,61,1,205,0
0,-7,67,1,205,0
3,7,76,1,205,0
7,-8,76,1,205,0
4,8,84,1,205,0
-3,-7,85,1,205,0
7,1,85,1,205,0
8,2,102,1,205,0
6,0,112,1,205,0
-1,2,179,1,205,0
-1,-1,186,1,205,0
0,4,195,1,205,0
1,5,199,1,205,0
7,-9,4,1,205,0
-2,4,11,1,205,0
-6,-7,19,1,205,0
5,-3,34,1,205,0
-5,-4,43,1,205,0
2,7,65,1,205,0
8,-2,67,1,205,0
3,8,74,1,205,0
2,-4,86,1,205,0
6,-6,102,1,205,0
7,2,122,1,205,0
6,1,128,1,205,0
5,0,129,1,205,0
1,-1,189,1,205,0
-1,-2,194,1,205,0
1,6,204,1,205,0
0,5,196,1,205,0
-2,5,5,1,205,0
-3,6,6,1,205,0
0,6,41,1,205,0
1,7,59,1,205,0
8,-3,64,1,205,0
6,-7,71,1,205,0
4,0,74,1,205,0
6,2,125,1,205,0
5,1,134,1,205,0
1,-2,189,1,205,0
-8,1,193,1,205,0
-1,-3,203,1,205,0
2,-5,204,1,205,0
4,-1,204,1,205,0
-9,-8,2,1,205,0
9,6,3,1,205,0
-3,7,23,1,205,0
-2,6,31,1,205,0
4,-2,43,1,205,0
0,7,48,1,205,0
1,8,53,1,205,0
8,-4,57,1,205,0
3,0,61,1,205,0
-1,-4,68,1,205,0
-2,-7,79,1,205,0
7,4,99,1,205,0
7,-1,106,1,205,0
6,3,106,1,205,0
-5,-6,111,1,205,0
5,-5,111,1,205,0
5,2,113,1,205,0
4,1,141,1,205,0
1,-3,205,1,205,0
-7,1,199,1,205,0
-1,5,204,1,205,0
0,8,6,1,206,0
-3,8,16,1,206,0
8,-5,29,1,206,0
-1,6,38,1,206,0
-4,-4,49,1,206,0
7,-2,69,1,206,0
6,4,109,1,206,0
8,6,102,1,206,0
-5,-7,106,1,206,0
4,-3,108,1,206,0
7,5,109,1,206,0
5,3,117,1,206,0
4,2,124,1,206,0
3,1,147,1,206,0
2,0,154,1,206,0
0,-1,179,1,206,0
1,-4,202,1,206,0
-6,1,205,1,206,0
-8,-7,6,1,206,0
8,-6,27,1,206,0
7,-3,61,1,206,0
7,6,108,1,206,0
6,5,118,1,206,0
4,-4,119,1,206,0
-4,-5,121,1,206,0
5,4,126,1,206,0
4,3,134,1,206,0
3,2,142,1,206,0
2,1,151,1,206,0
-5,1,178,1,206,0
1,0,188,1,206,0
1,-5,203,1,206,0
3,-1,203,1,206,0
-8,-8,9,1,206,0
4,-5,12,1,206,0
7,-4,52,1,206,0
-1,-7,73,1,206,0
8,-7,84,1,206,0
6,-1,107,1,206,0
6,6,109,1,206,0
-4,-6,114,1,206,0
3,-2,116,1,206,0
5,5,119,1,206,0
-3,-3,131,1,206,0
2,2,148,1,206,0
-4,1,172,1,206,0
1,1,174,1,206,0
0,0,182,1,206,0
3,3,138,1,206,0
0,-3,205,1,206,0
4,4,128,1,206,0
7,-5,48,1,206,0
1,-7,59,1,206,0
0,-4,74,1,206,0
-4,-7,92,1,206,0
6,7,108,1,206,0
5,6,117,1,206,0
4,5,125,1,206,0
3,-3,128,1,206,0
-3,-4,129,1,206,0
3,4,133,1,206,0
-2,0,156,1,206,0
-3,1,165,1,206,0
0,1,175,1,206,0
1,2,181,1,206,0
2,3,189,1,206,0
-7,-7,19,1,206,0
6,-3,27,1,206,0
4,6,75,1,206,0
-6,-4,35,1,206,0
7,-6,43,1,206,0
5,7,88,1,206,0
3,-4,93,1,206,0
6,8,95,1,206,0
-3,-5,122,1,206,0
-2,-2,142,1,206,0
-2,1,157,1,206,0
-1,0,178,1,206,0
0,2,182,1,206,0
1,3,188,1,206,0
2,-1,197,1,206,0
2,4,197,1,206,0
3,-5,6,1,206,0
-7,-8,12,1,206,0
-2,2,19,1,206,0
3,6,56,1,206,0
6,-4,27,1,206,0
-6,-5,34,1,206,0
8,1,74,1,206,0
4,7,79,1,206,0
5,8,92,1,206,0
7,-7,93,1,206,0
7,0,97,1,206,0
2,-2,137,1,206,0
-2,-3,138,1,206,0
-1,1,176,1,206,0
0,3,189,1,206,0
2,5,205,1,206,0
2,6,23,1,206,0
-2,3,18,1,206,0
6,-5,25,1,206,0
-6,-6,27,1,206,0
5,-2,36,1,206,0
-2,-4,61,1,206,0
0,-7,67,1,206,0
3,7,76,1,206,0
7,-8,76,1,206,0
4,8,84,1,206,0
-3,-7,85,1,206,0
7,1,85,1,206,0
8,2,102,1,206,0
6,0,112,1,206,0
-1,2,179,1,206,0
-1,-1,186,1,206,0
0,4,195,1,206,0
1,5,199,1,206,0
7,-9,4,1,206,0
-2,4,11,1,206,0
-6,-7,19,1,206,0
5,-3,34,1,206,0
-5,-4,43,1,206,0
2,7,65,1,206,0
8,-2,67,1,206,0
3,8,74,1,206,0
2,-4,86,1,206,0
6,-6,102,1,206,0
7,2,122,1,206,0
6,1,128,1,206,0
5,0,129,1,206,0
1,-1,189,1,206,0
-1,-2,194,1,206,0
1,6,205,1,206,0
0,5,196,1,206,0
-2,5,5,1,206,0
-3,6,6,1,206,0
0,6,41,1,206,0
1,7,59,1,206,0
8,-3,64,1,206,0
6,-7,71,1,206,0
4,0,74,1,206,0
6,2,125,1,206,0
5,1,134,1,206,0
1,-2,189,1,206,0
-8,1,193,1,206,0
-1,-3,203,1,206,0
2,-5,205,1,206,0
4,-1,205,1,206,0
-9,-8,2,1,206,0
9,6,3,1,206,0
-3,7,23,1,206,0
-2,6,31,1,206,0
4,-2,43,1,206,0
0,7,48,1,206,0
1,8,53,1,206,0
8,-4,57,1,206,0
3,0,61,1,206,0
-1,-4,68,1,206,0
-2,-7,79,1,206,0
7,4,99,1,206,0
7,-1,106,1,206,0
6,3,106,1,206,0
-5,-6,111,1,206,0
5,-5,111,1,206,0
5,2,113,1,206,0
4,1,141,1,206,0
1,-3,206,1,206,0
-7,1,199,1,206,0
-1,5,205,1,206,0
0,8,6,1,207,0
-3,8,16,1,207,0
8,-5,29,1,207,0
-1,6,38,1,207,0
-4,-4,49,1,207,0
7,-2,69,1,207,0
6,4,109,1,207,0
8,6,102,1,207,0
-5,-7,106,1,207,0
4,-3,108,1,207,0
7,5,109,1,207,0
5,3,117,1,207,0
4,2,124,1,207,0
3,1,147,1,207,0
2,0,154,1,207,0
0,-1,179,1,207,0
1,-4,202,1,207,0
-6,1,206,1,207,0
-8,-7,6,1,207,0
8,-6,27,1,207,0
7,-3,61,1,207,0
7,6,108,1,207,0
6,5,118,1,207,0
4,-4,119,1,207,0
-4,-5,121,1,207,0
5,4,126,1,207,0
4,3,134,1,207,0
3,2,142,1,207,0
2,1,151,1,207,0
-5,1,178,1,207,0
1,0,188,1,207,0
1,-5,203,1,207,0
3,-1,203,1,207,0
-8,-8,9,1,207,0
4,-5,12,1,207,0
7,-4,52,1,207,0
-1,-7,73,1,207,0
8,-7,84,1,207,0
6,-1,107,1,207,0
6,6,109,1,207,0
-4,-6,114,1,207,0
3,-2,116,1,207,0
5,5,119,1,207,0
-3,-3,131,1,207,0
2,2,148,1,207,0
-4,1,172,1,207,0
1,1,174,1,207,0
0,0,182,1,207,0
4,4,128,1,207,0
3,3,138,1,207,0
0,-3,206,1,207,0
7,-5,48,1,207,0
1,-7,59,1,207,0
0,-4,74,1,207,0
-4,-7,92,1,207,0
6,7,108,1,207,0
5,6,117,1,207,0
4,5,125,1,207,0
3,-3,128,1,207,0
-3,-4,129,1,207,0
3,4,133,1,207,0
-2,0,156,1,207,0
-3,1,165,1,207,0
0,1,175,1,207,0
1,2,181,1,207,0
2,3,189,1,207,0
-7,-7,19,1,207,0
6,-3,27,1,207,0
4,6,75,1,207,0
-6,-4,35,1,207,0
7,-6,43,1,207,0
5,7,88,1,207,0
3,-4,93,1,207,0
6,8,95,1,207,0
-3,-5,122,1,207,0
-2,-2,142,1,207,0
-2,1,157,1,207,0
-1,0,178,1,207,0
0,2,182,1,207,0
1,3,188,1,207,0
2,-1,197,1,207,0
2,4,197,1,207,0
3,5,206,1,207,0
3,-5,6,1,207,0
-7,-8,12,1,207,0
-2,2,19,1,207,0
3,6,56,1,207,0
6,-4,27,1,207,0
-6,-5,34,1,207,0
8,1,74,1,207,0
4,7,79,1,207,0
5,8,92,1,207,0
7,-7,93,1,207,0
7,0,97,1,207,0
2,-2,137,1,207,0
-2,-3,138,1,207,0
-1,1,176,1,207,0
0,3,189,1,207,0
2,5,205,1,207,0
2,6,23,1,207,0
-2,3,18,1,207,0
6,-5,25,1,207,0
-6,-6,27,1,207,0
5,-2,36,1,207,0
-2,-4,61,1,207,0
0,-7,67,1,207,0
3,7,76,1,207,0
7,-8,76,1,207,0
4,8,84,1,207,0
-3,-7,85,1,207,0
7,1,85,1,207,0
8,2,102,1,207,0
6,0,112,1,207,0
-1,2,179,1,207,0
-1,-1,186,1,207,0
0,4,195,1,207,0
1,5,199,1,207,0
7,-9,4,1,207,0
-2,4,11,1,207,0
-6,-7,19,1,207,0
5,-3,34,1,207,0
-5,-4,43,1,207,0
2,7,65,1,207,0
8,-2,67,1,207,0
3,8,74,1,207,0
2,-4,86,1,207,0
6,-6,102,1,207,0
7,2,122,1,207,0
6,1,128,1,207,0
5,0,129,1,207,0
1,-1,189,1,207,0
-1,-2,194,1,207,0
1,6,206,1,207,0
0,5,196,1,207,0
-2,5,5,1,207,0
-3,6,6,1,207,0
0,6,41,1,207,0
1,7,59,1,207,0
8,-3,64,1,207,0
6,-7,71,1,207,0
4,0,74,1,207,0
6,2,125,1,207,0
5,1,134,1,207,0
1,-2,189,1,207,0
-8,1,193,1,207,0
-1,-3,203,1,207,0
2,-5,206,1,207,0
4,-1,206,1,207,0
-9,-8,2,1,207,0
9,6,3,1,207,0
-3,7,23,1,207,0
-2,6,31,1,207,0
4,-2,43,1,207,0
0,7,48,1,207,0
1,8,53,1,207,0
8,-4,57,1,207,0
3,0,61,1,207,0
-1,-4,68,1,207,0
-2,-7,79,1,207,0
7,4,99,1,207,0
7,-1,106,1,207,0
6,3,106,1,207,0
-5,-6,111,1,207,0
5,-5,111,1,207,0
5,2,113,1,207,0
4,1,141,1,207,0
1,-3,207,1,207,0
-7,1,199,1,207,0
-1,5,206,1,207,0
0,8,6,1,208,0
-3,8,16,1,208,0
8,-5,29,1,208,0
-1,6,38,1,208,0
-4,-4,49,1,208,0
7,-2,69,1,208,0
6,4,109,1,208,0
8,6,102,1,208,0
-5,-7,106,1,208,0
4,-3,108,1,208,0
7,5,109,1,208,0
5,3,117,1,208,0
4,2,124,1,208,0
3,1,147,1,208,0
2,0,154,1,208,0
0,-1,179,1,208,0
1,-4,202,1,208,0
-6,1,206,1,208,0
-8,-7,6,1,208,0
8,-6,27,1,208,0
7,-3,61,1,208,0
7,6,108,1,208,0
6,5,118,1,208,0
4,-4,119,1,208,0
-4,-5,121,1,208,0
5,4,126,1,208,0
4,3,134,1,208,0
3,2,142,1,208,0
2,1,151,1,208,0
1,0,188,1,208,0
1,-5,203,1,208,0
3,-1,203,1,208,0
-5,1,207,1,208,0
-8,-8,9,1,208,0
4,-5,12,1,208,0
7,-4,52,1,208,0
-1,-7,73,1,208,0
8,-7,84,1,208,0
6,-1,107,1,208,0
6,6,109,1,208,0
-4,-6,114,1,208,0
3,-2,116,1,208,0
5,5,119,1,208,0
-3,-3,131,1,208,0
2,2,148,1,208,0
-4,1,172,1,208,0
1,1,174,1,208,0
0,0,182,1,208,0
0,-3,206,1,208,0
3,3,138,1,208,0
4,4,128,1,208,0
7,-5,48,1,208,0
1,-7,59,1,208,0
0,-4,74,1,208,0
-4,-7,92,1,208,0
6,7,108,1,208,0
5,6,117,1,208,0
4,5,125,1,208,0
3,-3,128,1,208,0
-3,-4,129,1,208,0
3,4,133,1,208,0
-2,0,156,1,208,0
-3,1,165,1,208,0
0,1,175,1,208,0
1,2,181,1,208,0
2,3,189,1,208,0
-7,-7,19,1,208,0
6,-3,27,1,208,0
4,6,75,1,208,0
-6,-4,35,1,208,0
7,-6,43,1,208,0
5,7,88,1,208,0
3,-4,93,1,208,0
6,8,95,1,208,0
-3,-5,122,1,208,0
-2,-2,142,1,208,0
-2,1,157,1,208,0
-1,0,178,1,208,0
0,2,182,1,208,0
1,3,188,1,208,0
2,-1,197,1,208,0
2,4,197,1,208,0
3,5,207,1,208,0
3,-5,6,1,208,0
-7,-8,12,1,208,0
-2,2,19,1,208,0
3,6,56,1,208,0
6,-4,27,1,208,0
-6,-5,34,1,208,0
8,1,74,1,208,0
4,7,79,1,208,0
5,8,92,1,208,0
7,-7,93,1,208,0
7,0,97,1,208,0
2,-2,137,1,208,0
-2,-3,138,1,208,0
-1,1,176,1,208,0
0,3,189,1,208,0
2,5,205,1,208,0
2,6,23,1,208,0
-2,3,18,1,208,0
6,-5,25,1,208,0
-6,-6,27,1,208,0
5,-2,36,1,208,0
-2,-4,61,1,208,0
0,-7,67,1,208,0
3,7,76,1,208,0
7,-8,76,1,208,0
4,8,84,1,208,0
-3,-7,85,1,208,0
7,1,85,1,208,0
8,2,102,1,208,0
6,0,112,1,208,0
-1,2,179,1,208,0
-1,-1,186,1,208,0
0,4,195,1,208,0
1,5,199,1,208,0
7,-9,4,1,208,0
-2,4,11,1,208,0
-6,-7,19,1,208,0
5,-3,34,1,208,0
-5,-4,43,1,208,0
2,7,65,1,208,0
8,-2,67,1,208,0
3,8,74,1,208,0
2,-4,86,1,208,0
6,-6,102,1,208,0
7,2,122,1,208,0
6,1,128,1,208,0
5,0,129,1,208,0
1,-1,189,1,208,0
-1,-2,194,1,208,0
1,6,206,1,208,0
0,5,196,1,208,0
-3,6,6,1,208,0
0,6,41,1,208,0
8,-3,64,1,208,0
6,-7,71,1,208,0
4,0,74,1,208,0
6,2,125,1,208,0
5,1,134,1,208,0
1,-2,189,1,208,0
-8,1,193,1,208,0
2,-5,207,1,208,0
4,-1,207,1,208,0
1,7,207,1,208,0
-2,5,207,1,208,0
-1,-3,207,1,208,0
-9,-8,2,1,208,0
9,6,3,1,208,0
-3,7,23,1,208,0
-2,6,31,1,208,0
4,-2,43,1,208,0
0,7,48,1,208,0
1,8,53,1,208,0
8,-4,57,1,208,0
3,0,61,1,208,0
-1,-4,68,1,208,0
-2,-7,79,1,208,0
7,4,99,1,208,0
7,-1,106,1,208,0
6,3,106,1,208,0
-5,-6,111,1,208,0
5,-5,111,1,208,0
5,2,113,1,208,0
4,1,141,1,208,0
1,-3,208,1,208,0
-7,1,199,1,208,0
-1,5,206,1,208,0
0,8,6,1,209,0
-3,8,16,1,209,0
8,-5,29,1,209,0
-1,6,38,1,209,0
-4,-4,49,1,209,0
7,-2,69,1,209,0
6,4,109,1,209,0
8,6,102,1,209,0
-5,-7,106,1,209,0
4,-3,108,1,209,0
7,5,109,1,209,0
5,3,117,1,209,0
4,2,124,1,209,0
3,1,147,1,209,0
2,0,154,1,209,0
0,-1,179,1,209,0
1,-4,202,1,209,0
-6,1,206,1,209,0
-8,-7,6,1,209,0
8,-6,27,1,209,0
7,-3,61,1,209,0
7,6,108,1,209,0
6,5,118,1,209,0
4,-4,119,1,209,0
-4,-5,121,1,209,0
5,4,126,1,209,0
4,3,134,1,209,0
3,2,142,1,209,0
2,1,151,1,209,0
1,0,188,1,209,0
1,-5,203,1,209,0
3,-1,203,1,209,0
-5,1,208,1,209,0
-8,-8,9,1,209,0
4,-5,12,1,209,0
7,-4,52,1,209,0
-1,-7,73,1,209,0
8,-7,84,1,209,0
6,-1,107,1,209,0
6,6,109,1,209,0
-4,-6,114,1,209,0
3,-2,116,1,209,0
5,5,119,1,209,0
-3,-3,131,1,209,0
2,2,148,1,209,0
-4,1,172,1,209,0
1,1,174,1,209,0
0,0,182,1,209,0
0,-3,206,1,209,0
4,4,128,1,209,0
3,3,138,1,209,0
7,-5,48,1,209,0
1,-7,59,1,209,0
0,-4,74,1,209,0
-4,-7,92,1,209,0
6,7,108,1,209,0
5,6,117,1,209,0
4,5,125,1,209,0
3,-3,128,1,209,0
-3,-4,129,1,209,0
3,4,133,1,209,0
-2,0,156,1,209,0
-3,1,165,1,209,0
0,1,175,1,209,0
1,2,181,1,209,0
2,3,189,1,209,0
-7,-7,19,1,209,0
6,-3,27,1,209,0
4,6,75,1,209,0
-6,-4,35,1,209,0
7,-6,43,1,209,0
5,7,88,1,209,0
3,-4,93,1,209,0
6,8,95,1,209,0
-3,-5,122,1,209,0
-2,-2,142,1,209,0
-2,1,157,1,209,0
-1,0,178,1,209,0
0,2,182,1,209,0
1,3,188,1,209,0
2,-1,197,1,209,0
2,4,197,1,209,0
3,5,207,1,209,0
3,-5,6,1,209,0
-7,-8,12,1,209,0
-2,2,19,1,209,0
6,-4,27,1,209,0
-6,-5,34,1,209,0
8,1,74,1,209,0
4,7,79,1,209,0
5,8,92,1,209,0
7,-7,93,1,209,0
7,0,97,1,209,0
2,-2,137,1,209,0
-2,-3,138,1,209,0
-1,1,176,1,209,0
0,3,189,1,209,0
2,5,205,1,209,0
3,6,208,1,209,0
2,6,23,1,209,0
-2,3,18,1,209,0
6,-5,25,1,209,0
-6,-6,27,1,209,0
5,-2,36,1,209,0
-2,-4,61,1,209,0
0,-7,67,1,209,0
3,7,76,1,209,0
7,-8,76,1,209,0
4,8,84,1,209,0
-3,-7,85,1,209,0
7,1,85,1,209,0
8,2,102,1,209,0
6,0,112,1,209,0
-1,2,179,1,209,0
-1,-1,186,1,209,0
0,4,195,1,209,0
1,5,199,1,209,0
2,-3,209,1,209,0
7,-9,4,1,209,0
-2,4,11,1,209,0
-6,-7,19,1,209,0
5,-3,34,1,209,0
-5,-4,43,1,209,0
2,7,65,1,209,0
8,-2,67,1,209,0
3,8,74,1,209,0
2,-4,86,1,209,0
6,-6,102,1,209,0
7,2,122,1,209,0
6,1,128,1,209,0
5,0,129,1,209,0
1,-1,189,1,209,0
-1,-2,194,1,209,0
1,6,206,1,209,0
0,5,196,1,209,0
-3,6,6,1,209,0
0,6,41,1,209,0
8,-3,64,1,209,0
6,-7,71,1,209,0
4,0,74,1,209,0
6,2,125,1,209,0
5,1,134,1,209,0
1,-2,189,1,209,0
-8,1,193,1,209,0
2,-5,208,1,209,0
4,-1,208,1,209,0
1,7,208,1,209,0
-2,5,208,1,209,0
-1,-3,208,1,209,0
-9,-8,2,1,209,0
9,6,3,1,209,0
-3,7,23,1,209,0
-2,6,31,1,209,0
4,-2,43,1,209,0
0,7,48,1,209,0
1,8,53,1,209,0
8,-4,57,1,209,0
3,0,61,1,209,0
-1,-4,68,1,209,0
-2,-7,79,1,209,0
7,4,99,1,209,0
7,-1,106,1,209,0
6,3,106,1,209,0
-5,-6,111,1,209,0
5,-5,111,1,209,0
5,2,113,1,209,0
4,1,141,1,209,0
1,-3,208,1,209,0
-7,1,199,1,209,0
-1,5,206,1,209,0
0,8,6,1,210,0
-3,8,16,1,210,0
8,-5,29,1,210,0
-1,6,38,1,210,0
-4,-4,49,1,210,0
7,-2,69,1,210,0
6,4,109,1,210,0
8,6,102,1,210,0
-5,-7,106,1,210,0
4,-3,108,1,210,0
7,5,109,1,210,0
5,3,117,1,210,0
4,2,124,1,210,0
3,1,147,1,210,0
2,0,154,1,210,0
0,-1,179,1,210,0
1,-4,202,1,210,0
-6,1,206,1,210,0
-8,-7,6,1,210,0
8,-6,27,1,210,0
7,-3,61,1,210,0
7,6,108,1,210,0
6,5,118,1,210,0
4,-4,119,1,210,0
-4,-5,121,1,210,0
5,4,126,1,210,0
4,3,134,1,210,0
3,2,142,1,210,0
2,1,151,1,210,0
1,0,188,1,210,0
1,-5,203,1,210,0
3,-1,203,1,210,0
-5,1,209,1,210,0
-8,-8,9,1,210,0
4,-5,12,1,210,0
7,-4,52,1,210,0
-1,-7,73,1,210,0
8,-7,84,1,210,0
6,-1,107,1,210,0
6,6,109,1,210,0
-4,-6,114,1,210,0
3,-2,116,1,210,0
5,5,119,1,210,0
-3,-3,131,1,210,0
2,2,148,1,210,0
-4,1,172,1,210,0
1,1,174,1,210,0
0,0,182,1,210,0
0,-3,206,1,210,0
4,4,128,1,210,0
3,3,138,1,210,0
7,-5,48,1,210,0
1,-7,59,1,210,0
0,-4,74,1,210,0
-4,-7,92,1,210,0
6,7,108,1,210,0
5,6,117,1,210,0
4,5,125,1,210,0
3,-3,128,1,210,0
-3,-4,129,1,210,0
3,4,133,1,210,0
-2,0,156,1,210,0
-3,1,165,1,210,0
0,1,175,1,210,0
1,2,181,1,210,0
2,3,189,1,210,0
-7,-7,19,1,210,0
6,-3,27,1,210,0
4,6,75,1,210,0
-6,-4,35,1,210,0
7,-6,43,1,210,0
5,7,88,1,210,0
3,-4,93,1,210,0
6,8,95,1,210,0
-3,-5,122,1,210,0
-2,-2,142,1,210,0
-2,1,157,1,210,0
-1,0,178,1,210,0
0,2,182,1,210,0
1,3,188,1,210,0
2,-1,197,1,210,0
2,4,197,1,210,0
3,5,207,1,210,0
3,-5,6,1,210,0
-7,-8,12,1,210,0
-2,2,19,1,210,0
6,-4,27,1,210,0
-6,-5,34,1,210,0
8,1,74,1,210,0
4,7,79,1,210,0
5,8,92,1,210,0
7,-7,93,1,210,0
7,0,97,1,210,0
2,-2,137,1,210,0
-2,-3,138,1,210,0
-1,1,176,1,210,0
0,3,189,1,210,0
2,5,205,1,210,0
3,6,209,1,210,0
2,6,23,1,210,0
-2,3,18,1,210,0
6,-5,25,1,210,0
-6,-6,27,1,210,0
5,-2,36,1,210,0
-2,-4,61,1,210,0
0,-7,67,1,210,0
3,7,76,1,210,0
7,-8,76,1,210,0
4,8,84,1,210,0
-3,-7,85,1,210,0
7,1,85,1,210,0
8,2,102,1,210,0
6,0,112,1,210,0
-1,2,179,1,210,0
-1,-1,186,1,210,0
0,4,195,1,210,0
1,5,199,1,210,0
2,-3,209,1,210,0
7,-9,4,1,210,0
-2,4,11,1,210,0
-6,-7,19,1,210,0
5,-3,34,1,210,0
-5,-4,43,1,210,0
2,7,65,1,210,0
8,-2,67,1,210,0
3,8,74,1,210,0
2,-4,86,1,210,0
6,-6,102,1,210,0
7,2,122,1,210,0
6,1,128,1,210,0
5,0,129,1,210,0
1,-1,189,1,210,0
-1,-2,194,1,210,0
1,6,206,1,210,0
0,5,196,1,210,0
-3,6,6,1,210,0
0,6,41,1,210,0
8,-3,64,1,210,0
6,-7,71,1,210,0
4,0,74,1,210,0
6,2,125,1,210,0
5,1,134,1,210,0
1,-2,189,1,210,0
-8,1,193,1,210,0
2,-5,209,1,210,0
4,-1,209,1,210,0
1,7,209,1,210,0
-2,5,209,1,210,0
-1,-3,209,1,210,0
-9,-8,2,1,210,0
9,6,3,1,210,0
-3,7,23,1,210,0
-2,6,31,1,210,0
4,-2,43,1,210,0
0,7,48,1,210,0
1,8,53,1,210,0
8,-4,57,1,210,0
3,0,61,1,210,0
-1,-4,68,1,210,0
-2,-7,79,1,210,0
7,4,99,1,210,0
7,-1,106,1,210,0
6,3,106,1,210,0
-5,-6,111,1,210,0
5,-5,111,1,210,0
5,2,113,1,210,0
4,1,141,1,210,0
1,-3,208,1,210,0
-7,1,199,1,210,0
-1,5,206,1,210,0
0,8,6,1,211,0
-3,8,16,1,211,0
8,-5,29,1,211,0
-1,6,38,1,211,0
-4,-4,49,1,211,0
7,-2,69,1,211,0
6,4,109,1,211,0
8,6,102,1,211,0
-5,-7,106,1,211,0
4,-3,108,1,211,0
7,5,109,1,211,0
5,3,117,1,211,0
4,2,124,1,211,0
3,1,147,1,211,0
2,0,154,1,211,0
0,-1,179,1,211,0
1,-4,202,1,211,0
-6,1,206,1,211,0
-8,-7,6,1,211,0
8,-6,27,1,211,0
7,-3,61,1,211,0
7,6,108,1,211,0
6,5,118,1,211,0
4,-4,119,1,211,0
-4,-5,121,1,211,0
5,4,126,1,211,0
4,3,134,1,211,0
3,2,142,1,211,0
2,1,151,1,211,0
1,0,188,1,211,0
1,-5,203,1,211,0
3,-1,203,1,211,0
-5,1,209,1,211,0
-8,-8,9,1,211,0
4,-5,12,1,211,0
7,-4,52,1,211,0
-1,-7,73,1,211,0
8,-7,84,1,211,0
6,-1,107,1,211,0
6,6,109,1,211,0
-4,-6,114,1,211,0
3,-2,116,1,211,0
5,5,119,1,211,0
-3,-3,131,1,211,0
2,2,148,1,211,0
-4,1,172,1,211,0
1,1,174,1,211,0
0,0,182,1,211,0
0,-3,206,1,211,0
3,3,138,1,211,0
4,4,128,1,211,0
7,-5,48,1,211,0
1,-7,59,1,211,0
0,-4,74,1,211,0
-4,-7,92,1,211,0
6,7,108,1,211,0
5,6,117,1,211,0
4,5,125,1,211,0
3,-3,128,1,211,0
-3,-4,129,1,211,0
3,4,133,1,211,0
-2,0,156,1,211,0
-3,1,165,1,211,0
0,1,175,1,211,0
1,2,181,1,211,0
2,3,189,1,211,0
-7,-7,19,1,211,0
6,-3,27,1,211,0
4,6,75,1,211,0
-6,-4,35,1,211,0
7,-6,43,1,211,0
5,7,88,1,211,0
3,-4,93,1,211,0
6,8,95,1,211,0
-3,-5,122,1,211,0
-2,-2,142,1,211,0
-2,1,157,1,211,0
-1,0,178,1,211,0
0,2,182,1,211,0
1,3,188,1,211,0
2,-1,197,1,211,0
2,4,197,1,211,0
3,5,207,1,211,0
3,-5,6,1,211,0
-7,-8,12,1,211,0
-2,2,19,1,211,0
6,-4,27,1,211,0
-6,-5,34,1,211,0
8,1,74,1,211,0
4,7,79,1,211,0
5,8,92,1,211,0
7,-7,93,1,211,0
7,0,97,1,211,0
2,-2,137,1,211,0
-2,-3,138,1,211,0
-1,1,176,1,211,0
0,3,189,1,211,0
2,5,205,1,211,0
3,6,209,1,211,0
2,6,23,1,211,0
-2,3,18,1,211,0
6,-5,25,1,211,0
-6,-6,27,1,211,0
5,-2,36,1,211,0
-2,-4,61,1,211,0
0,-7,67,1,211,0
3,7,76,1,211,0
7,-8,76,1,211,0
4,8,84,1,211,0
-3,-7,85,1,211,0
7,1,85,1,211,0
8,2,102,1,211,0
6,0,112,1,211,0
-1,2,179,1,211,0
-1,-1,186,1,211,0
0,4,195,1,211,0
1,5,199,1,211,0
2,-3,211,1,211,0
7,-9,4,1,211,0
-2,4,11,1,211,0
-6,-7,19,1,211,0
5,-3,34,1,211,0
-5,-4,43,1,211,0
2,7,65,1,211,0
8,-2,67,1,211,0
3,8,74,1,211,0
2,-4,86,1,211,0
6,-6,102,1,211,0
7,2,122,1,211,0
6,1,128,1,211,0
5,0,129,1,211,0
1,-1,189,1,211,0
-1,-2,194,1,211,0
1,6,206,1,211,0
0,5,196,1,211,0
-3,6,6,1,211,0
0,6,41,1,211,0
8,-3,64,1,211,0
6,-7,71,1,211,0
4,0,74,1,211,0
6,2,125,1,211,0
5,1,134,1,211,0
1,-2,189,1,211,0
-8,1,193,1,211,0
2,-5,209,1,211,0
4,-1,209,1,211,0
1,7,209,1,211,0
-2,5,209,1,211,0
-1,-3,209,1,211,0
-9,-8,2,1,211,0
9,6,3,1,211,0
-3,7,23,1,211,0
-2,6,31,1,211,0
4,-2,43,1,211,0
0,7,48,1,211,0
1,8,53,1,211,0
8,-4,57,1,211,0
3,0,61,1,211,0
-1,-4,68,1,211,0
-2,-7,79,1,211,0
7,4,99,1,211,0
7,-1,106,1,211,0
6,3,106,1,211,0
-5,-6,111,1,211,0
5,-5,111,1,211,0
5,2,113,1,211,0
4,1,141,1,211,0
1,-3,208,1,211,0
-7,1,199,1,211,0
-1,5,206,1,211,0
0,8,6,1,212,0
-3,8,16,1,212,0
8,-5,29,1,212,0
-1,6,38,1,212,0
-4,-4,49,1,212,0
7,-2,69,1,212,0
6,4,109,1,212,0
8,6,102,1,212,0
-5,-7,106,1,212,0
4,-3,108,1,212,0
7,5,109,1,212,0
5,3,117,1,212,0
4,2,124,1,212,0
3,1,147,1,212,0
2,0,154,1,212,0
0,-1,179,1,212,0
1,-4,202,1,212,0
-6,1,206,1,212,0
-8,-7,6,1,212,0
8,-6,27,1,212,0
7,-3,61,1,212,0
7,6,108,1,212,0
6,5,118,1,212,0
4,-4,119,1,212,0
-4,-5,121,1,212,0
5,4,126,1,212,0
4,3,134,1,212,0
3,2,142,1,212,0
2,1,151,1,212,0
1,0,188,1,212,0
1,-5,203,1,212,0
3,-1,203,1,212,0
-5,1,211,1,212,0
-8,-8,9,1,212,0
4,-5,12,1,212,0
7,-4,52,1,212,0
-1,-7,73,1,212,0
8,-7,84,1,212,0
6,-1,107,1,212,0
6,6,109,1,212,0
-4,-6,114,1,212,0
3,-2,116,1,212,0
5,5,119,1,212,0
-3,-3,131,1,212,0
2,2,148,1,212,0
-4,1,172,1,212,0
1,1,174,1,212,0
0,0,182,1,212,0
0,-3,206,1,212,0
3,3,138,1,212,0
4,4,128,1,212,0
7,-5,48,1,212,0
1,-7,59,1,212,0
0,-4,74,1,212,0
-4,-7,92,1,212,0
6,7,108,1,212,0
5,6,117,1,212,0
4,5,125,1,212,0
3,-3,128,1,212,0
-3,-4,129,1,212,0
3,4,133,1,212,0
-2,0,156,1,212,0
-3,1,165,1,212,0
0,1,175,1,212,0
1,2,181,1,212,0
2,3,189,1,212,0
-7,-7,19,1,212,0
6,-3,27,1,212,0
4,6,75,1,212,0
-6,-4,35,1,212,0
7,-6,43,1,212,0
5,7,88,1,212,0
3,-4,93,1,212,0
6,8,95,1,212,0
-3,-5,122,1,212,0
-2,-2,142,1,212,0
-2,1,157,1,212,0
-1,0,178,1,212,0
0,2,182,1,212,0
1,3,188,1,212,0
2,-1,197,1,212,0
2,4,197,1,212,0
3,5,207,1,212,0
3,-5,6,1,212,0
-7,-8,12,1,212,0
-2,2,19,1,212,0
6,-4,27,1,212,0
-6,-5,34,1,212,0
8,1,74,1,212,0
4,7,79,1,212,0
5,8,92,1,212,0
7,-7,93,1,212,0
7,0,97,1,212,0
2,-2,137,1,212,0
-2,-3,138,1,212,0
-1,1,176,1,212,0
0,3,189,1,212,0
2,5,205,1,212,0
5,-1,211,1,212,0
3,6,211,1,212,0
2,6,23,1,212,0
-2,3,18,1,212,0
6,-5,25,1,212,0
-6,-6,27,1,212,0
5,-2,36,1,212,0
-2,-4,61,1,212,0
0,-7,67,1,212,0
3,7,76,1,212,0
7,-8,76,1,212,0
4,8,84,1,212,0
-3,-7,85,1,212,0
7,1,85,1,212,0
8,2,102,1,212,0
6,0,112,1,212,0
-1,2,179,1,212,0
-1,-1,186,1,212,0
0,4,195,1,212,0
1,5,199,1,212,0
2,-3,212,1,212,0
7,-9,4,1,212,0
-2,4,11,1,212,0
-6,-7,19,1,212,0
5,-3,34,1,212,0
-5,-4,43,1,212,0
2,7,65,1,212,0
8,-2,67,1,212,0
3,8,74,1,212,0
2,-4,86,1,212,0
6,-6,102,1,212,0
7,2,122,1,212,0
6,1,128,1,212,0
5,0,129,1,212,0
1,-1,189,1,212,0
-1,-2,194,1,212,0
1,6,206,1,212,0
0,5,196,1,212,0
-3,6,6,1,212,0
0,6,41,1,212,0
8,-3,64,1,212,0
6,-7,71,1,212,0
4,0,74,1,212,0
6,2,125,1,212,0
5,1,134,1,212,0
1,-2,189,1,212,0
-8,1,193,1,212,0
4,-1,209,1,212,0
-1,-3,209,1,212,0
2,-5,211,1,212,0
1,7,211,1,212,0
-2,5,211,1,212,0
-9,-8,2,1,212,0
9,6,3,1,212,0
-3,7,23,1,212,0
-2,6,31,1,212,0
4,-2,43,1,212,0
0,7,48,1,212,0
1,8,53,1,212,0
8,-4,57,1,212,0
3,0,61,1,212,0
-2,-7,79,1,212,0
7,4,99,1,212,0
7,-1,106,1,212,0
6,3,106,1,212,0
-5,-6,111,1,212,0
5,-5,111,1,212,0
5,2,113,1,212,0
4,1,141,1,212,0
1,-3,208,1,212,0
-7,1,199,1,212,0
-1,5,206,1,212,0
-1,-4,211,1,212,0
0,8,6,1,213,0
-3,8,16,1,213,0
8,-5,29,1,213,0
-1,6,38,1,213,0
-4,-4,49,1,213,0
7,-2,69,1,213,0
6,4,109,1,213,0
8,6,102,1,213,0
-5,-7,106,1,213,0
4,-3,108,1,213,0
7,5,109,1,213,0
5,3,117,1,213,0
4,2,124,1,213,0
3,1,147,1,213,0
2,0,154,1,213,0
0,-1,179,1,213,0
1,-4,202,1,213,0
-6,1,206,1,213,0
-8,-7,6,1,213,0
8,-6,27,1,213,0
7,-3,61,1,213,0
7,6,108,1,213,0
6,5,118,1,213,0
4,-4,119,1,213,0
-4,-5,121,1,213,0
5,4,126,1,213,0
4,3,134,1,213,0
3,2,142,1,213,0
2,1,151,1,213,0
1,0,188,1,213,0
1,-5,203,1,213,0
3,-1,203,1,213,0
-5,1,212,1,213,0
-8,-8,9,1,213,0
4,-5,12,1,213,0
7,-4,52,1,213,0
-1,-7,73,1,213,0
8,-7,84,1,213,0
6,-1,107,1,213,0
6,6,109,1,213,0
-4,-6,114,1,213,0
3,-2,116,1,213,0
5,5,119,1,213,0
-3,-3,131,1,213,0
2,2,148,1,213,0
-4,1,172,1,213,0
1,1,174,1,213,0
0,0,182,1,213,0
0,-3,206,1,213,0
3,3,138,1,213,0
4,4,128,1,213,0
7,-5,48,1,213,0
1,-7,59,1,213,0
0,-4,74,1,213,0
-4,-7,92,1,213,0
6,7,108,1,213,0
5,6,117,1,213,0
4,5,125,1,213,0
3,-3,128,1,213,0
-3,-4,129,1,213,0
3,4,133,1,213,0
-2,0,156,1,213,0
-3,1,165,1,213,0
0,1,175,1,213,0
1,2,181,1,213,0
2,3,189,1,213,0
-7,-7,19,1,213,0
6,-3,27,1,213,0
4,6,75,1,213,0
-6,-4,35,1,213,0
7,-6,43,1,213,0
5,7,88,1,213,0
3,-4,93,1,213,0
6,8,95,1,213,0
-3,-5,122,1,213,0
-2,-2,142,1,213,0
-2,1,157,1,213,0
-1,0,178,1,213,0
0,2,182,1,213,0
1,3,188,1,213,0
2,-1,197,1,213,0
2,4,197,1,213,0
3,5,207,1,213,0
3,-5,6,1,213,0
-7,-8,12,1,213,0
-2,2,19,1,213,0
6,-4,27,1,213,0
-6,-5,34,1,213,0
8,1,74,1,213,0
4,7,79,1,213,0
5,8,92,1,213,0
7,-7,93,1,213,0
7,0,97,1,213,0
2,-2,137,1,213,0
-2,-3,138,1,213,0
-1,1,176,1,213,0
0,3,189,1,213,0
2,5,205,1,213,0
5,-1,212,1,213,0
3,6,212,1,213,0
2,6,23,1,213,0
-2,3,18,1,213,0
6,-5,25,1,213,0
-6,-6,27,1,213,0
5,-2,36,1,213,0
-2,-4,61,1,213,0
0,-7,67,1,213,0
3,7,76,1,213,0
7,-8,76,1,213,0
4,8,84,1,213,0
-3,-7,85,1,213,0
7,1,85,1,213,0
8,2,102,1,213,0
6,0,112,1,213,0
-1,2,179,1,213,0
-1,-1,186,1,213,0
0,4,195,1,213,0
1,5,199,1,213,0
2,-3,213,1,213,0
7,-9,4,1,213,0
-2,4,11,1,213,0
-6,-7,19,1,213,0
5,-3,34,1,213,0
-5,-4,43,1,213,0
8,-2,67,1,213,0
3,8,74,1,213,0
2,-4,86,1,213,0
6,-6,102,1,213,0
7,2,122,1,213,0
6,1,128,1,213,0
5,0,129,1,213,0
1,-1,189,1,213,0
-1,-2,194,1,213,0
1,6,206,1,213,0
2,7,212,1,213,0
0,5,196,1,213,0
-3,6,6,1,213,0
0,6,41,1,213,0
8,-3,64,1,213,0
6,-7,71,1,213,0
4,0,74,1,213,0
6,2,125,1,213,0
5,1,134,1,213,0
1,-2,189,1,213,0
-8,1,193,1,213,0
4,-1,209,1,213,0
-1,-3,209,1,213,0
1,7,211,1,213,0
2,-5,212,1,213,0
-2,5,212,1,213,0
-9,-8,2,1,213,0
9,6,3,1,213,0
-3,7,23,1,213,0
-2,6,31,1,213,0
4,-2,43,1,213,0
0,7,48,1,213,0
1,8,53,1,213,0
8,-4,57,1,213,0
3,0,61,1,213,0
-2,-7,79,1,213,0
7,4,99,1,213,0
7,-1,106,1,213,0
6,3,106,1,213,0
-5,-6,111,1,213,0
5,-5,111,1,213,0
5,2,113,1,213,0
4,1,141,1,213,0
1,-3,208,1,213,0
-7,1,199,1,213,0
-1,5,206,1,213,0
-1,-4,212,1,213,0
0,8,6,1,214,0
-3,8,16,1,214,0
8,-5,29,1,214,0
-1,6,38,1,214,0
-4,-4,49,1,214,0
7,-2,69,1,214,0
6,4,109,1,214,0
8,6,102,1,214,0
-5,-7,106,1,214,0
4,-3,108,1,214,0
7,5,109,1,214,0
5,3,117,1,214,0
4,2,124,1,214,0
3,1,147,1,214,0
2,0,154,1,214,0
0,-1,179,1,214,0
1,-4,202,1,214,0
-6,1,206,1,214,0
-8,-7,6,1,214,0
8,-6,27,1,214,0
7,-3,61,1,214,0
7,6,108,1,214,0
6,5,118,1,214,0
4,-4,119,1,214,0
-4,-5,121,1,214,0
5,4,126,1,214,0
4,3,134,1,214,0
3,2,142,1,214,0
2,1,151,1,214,0
1,0,188,1,214,0
1,-5,203,1,214,0
3,-1,203,1,214,0
-5,1,212,1,214,0
-8,-8,9,1,214,0
4,-5,12,1,214,0
7,-4,52,1,214,0
-1,-7,73,1,214,0
8,-7,84,1,214,0
6,-1,107,1,214,0
6,6,109,1,214,0
-4,-6,114,1,214,0
3,-2,116,1,214,0
5,5,119,1,214,0
-3,-3,131,1,214,0
2,2,148,1,214,0
1,1,174,1,214,0
0,0,182,1,214,0
0,-3,206,1,214,0
-4,1,213,1,214,0
3,3,138,1,214,0
4,4,128,1,214,0
7,-5,48,1,214,0
1,-7,59,1,214,0
0,-4,74,1,214,0
-4,-7,92,1,214,0
6,7,108,1,214,0
5,6,117,1,214,0
4,5,125,1,214,0
3,-3,128,1,214,0
-3,-4,129,1,214,0
3,4,133,1,214,0
-2,0,156,1,214,0
-3,1,165,1,214,0
0,1,175,1,214,0
1,2,181,1,214,0
2,3,189,1,214,0
-7,-7,19,1,214,0
6,-3,27,1,214,0
4,6,75,1,214,0
-6,-4,35,1,214,0
7,-6,43,1,214,0
5,7,88,1,214,0
3,-4,93,1,214,0
6,8,95,1,214,0
-3,-5,122,1,214,0
-2,-2,142,1,214,0
-2,1,157,1,214,0
-1,0,178,1,214,0
0,2,182,1,214,0
1,3,188,1,214,0
2,-1,197,1,214,0
2,4,197,1,214,0
3,5,207,1,214,0
-7,-8,12,1,214,0
-2,2,19,1,214,0
6,-4,27,1,214,0
-6,-5,34,1,214,0
8,1,74,1,214,0
4,7,79,1,214,0
5,8,92,1,214,0
7,-7,93,1,214,0
7,0,97,1,214,0
2,-2,137,1,214,0
-2,-3,138,1,214,0
-1,1,176,1,214,0
0,3,189,1,214,0
2,5,205,1,214,0
5,-1,212,1,214,0
3,-5,213,1,214,0
3,6,213,1,214,0
2,6,23,1,214,0
-2,3,18,1,214,0
6,-5,25,1,214,0
-6,-6,27,1,214,0
5,-2,36,1,214,0
-2,-4,61,1,214,0
0,-7,67,1,214,0
3,7,76,1,214,0
7,-8,76,1,214,0
4,8,84,1,214,0
-3,-7,85,1,214,0
7,1,85,1,214,0
8,2,102,1,214,0
6,0,112,1,214,0
-1,2,179,1,214,0
-1,-1,186,1,214,0
0,4,195,1,214,0
1,5,199,1,214,0
2,-3,214,1,214,0
7,-9,4,1,214,0
-2,4,11,1,214,0
-6,-7,19,1,214,0
5,-3,34,1,214,0
-5,-4,43,1,214,0
8,-2,67,1,214,0
3,8,74,1,214,0
2,-4,86,1,214,0
6,-6,102,1,214,0
7,2,122,1,214,0
6,1,128,1,214,0
5,0,129,1,214,0
1,-1,189,1,214,0
-1,-2,194,1,214,0
1,6,206,1,214,0
2,7,213,1,214,0
0,5,196,1,214,0
-3,6,6,1,214,0
0,6,41,1,214,0
8,-3,64,1,214,0
6,-7,71,1,214,0
4,0,74,1,214,0
6,2,125,1,214,0
5,1,134,1,214,0
1,-2,189,1,214,0
-8,1,193,1,214,0
4,-1,209,1,214,0
-1,-3,209,1,214,0
1,7,211,1,214,0
2,-5,212,1,214,0
-2,5,213,1,214,0
-9,-8,2,1,214,0
9,6,3,1,214,0
-3,7,23,1,214,0
-2,6,31,1,214,0
4,-2,43,1,214,0
0,7,48,1,214,0
1,8,53,1,214,0
8,-4,57,1,214,0
3,0,61,1,214,0
-2,-7,79,1,214,0
7,4,99,1,214,0
7,-1,106,1,214,0
6,3,106,1,214,0
-5,-6,111,1,214,0
5,-5,111,1,214,0
5,2,113,1,214,0
4,1,141,1,214,0
1,-3,208,1,214,0
-7,1,199,1,214,0
-1,5,206,1,214,0
-1,-4,213,1,214,0
0,8,6,1,215,0
-3,8,16,1,215,0
8,-5,29,1,215,0
-1,6,38,1,215,0
-4,-4,49,1,215,0
7,-2,69,1,215,0
6,4,109,1,215,0
8,6,102,1,215,0
-5,-7,106,1,215,0
4,-3,108,1,215,0
7,5,109,1,215,0
5,3,117,1,215,0
4,2,124,1,215,0
3,1,147,1,215,0
2,0,154,1,215,0
0,-1,179,1,215,0
1,-4,202,1,215,0
-6,1,206,1,215,0
-8,-7,6,1,215,0
8,-6,27,1,215,0
7,-3,61,1,215,0
7,6,108,1,215,0
6,5,118,1,215,0
4,-4,119,1,215,0
-4,-5,121,1,215,0
5,4,126,1,215,0
4,3,134,1,215,0
3,2,142,1,215,0
2,1,151,1,215,0
1,0,188,1,215,0
1,-5,203,1,215,0
3,-1,203,1,215,0
-5,1,212,1,215,0
-8,-8,9,1,215,0
4,-5,12,1,215,0
7,-4,52,1,215,0
-1,-7,73,1,215,0
8,-7,84,1,215,0
6,-1,107,1,215,0
6,6,109,1,215,0
-4,-6,114,1,215,0
3,-2,116,1,215,0
5,5,119,1,215,0
-3,-3,131,1,215,0
2,2,148,1,215,0
1,1,174,1,215,0
0,0,182,1,215,0
0,-3,206,1,215,0
-4,1,214,1,215,0
3,3,138,1,215,0
4,4,128,1,215,0
7,-5,48,1,215,0
1,-7,59,1,215,0
0,-4,74,1,215,0
-4,-7,92,1,215,0
6,7,108,1,215,0
5,6,117,1,215,0
4,5,125,1,215,0
3,-3,128,1,215,0
-3,-4,129,1,215,0
3,4,133,1,215,0
-2,0,156,1,215,0
-3,1,165,1,215,0
0,1,175,1,215,0
1,2,181,1,215,0
2,3,189,1,215,0
-7,-7,19,1,215,0
6,-3,27,1,215,0
4,6,75,1,215,0
-6,-4,35,1,215,0
7,-6,43,1,215,0
5,7,88,1,215,0
3,-4,93,1,215,0
6,8,95,1,215,0
-3,-5,122,1,215,0
-2,-2,142,1,215,0
-2,1,157,1,215,0
-1,0,178,1,215,0
0,2,182,1,215,0
1,3,188,1,215,0
2,-1,197,1,215,0
2,4,197,1,215,0
3,5,207,1,215,0
-7,-8,12,1,215,0
-2,2,19,1,215,0
6,-4,27,1,215,0
-6,-5,34,1,215,0
8,1,74,1,215,0
4,7,79,1,215,0
5,8,92,1,215,0
7,-7,93,1,215,0
7,0,97,1,215,0
2,-2,137,1,215,0
-2,-3,138,1,215,0
-1,1,176,1,215,0
0,3,189,1,215,0
2,5,205,1,215,0
3,-5,213,1,215,0
5,-1,213,1,215,0
3,6,214,1,215,0
2,6,23,1,215,0
-2,3,18,1,215,0
6,-5,25,1,215,0
-6,-6,27,1,215,0
5,-2,36,1,215,0
-2,-4,61,1,215,0
0,-7,67,1,215,0
3,7,76,1,215,0
7,-8,76,1,215,0
4,8,84,1,215,0
-3,-7,85,1,215,0
7,1,85,1,215,0
8,2,102,1,215,0
6,0,112,1,215,0
-1,2,179,1,215,0
-1,-1,186,1,215,0
0,4,195,1,215,0
1,5,199,1,215,0
2,-3,215,1,215,0
3,-6,214,1,215,0
7,-9,4,1,215,0
-2,4,11,1,215,0
-6,-7,19,1,215,0
5,-3,34,1,215,0
-5,-4,43,1,215,0
8,-2,67,1,215,0
3,8,74,1,215,0
2,-4,86,1,215,0
6,-6,102,1,215,0
7,2,122,1,215,0
6,1,128,1,215,0
5,0,129,1,215,0
1,-1,189,1,215,0
-1,-2,194,1,215,0
1,6,206,1,215,0
2,7,213,1,215,0
0,5,196,1,215,0
-3,5,214,1,215,0
-3,6,6,1,215,0
0,6,41,1,215,0
8,-3,64,1,215,0
6,-7,71,1,215,0
4,0,74,1,215,0
6,2,125,1,215,0
5,1,134,1,215,0
1,-2,189,1,215,0
-8,1,193,1,215,0
4,-1,209,1,215,0
-1,-3,209,1,215,0
1,7,211,1,215,0
2,-5,212,1,215,0
-2,5,213,1,215,0
2,8,214,1,215,0
-9,-8,2,1,215,0
9,6,3,1,215,0
-3,7,23,1,215,0
-2,6,31,1,215,0
4,-2,43,1,215,0
0,7,48,1,215,0
1,8,53,1,215,0
8,-4,57,1,215,0
3,0,61,1,215,0
-2,-7,79,1,215,0
7,4,99,1,215,0
7,-1,106,1,215,0
6,3,106,1,215,0
-5,-6,111,1,215,0
5,-5,111,1,215,0
5,2,113,1,215,0
4,1,141,1,215,0
1,-3,208,1,215,0
-7,1,199,1,215,0
-1,5,206,1,215,0
-1,-4,214,1,215,0
0,8,6,1,216,0
-3,8,16,1,216,0
8,-5,29,1,216,0
-1,6,38,1,216,0
-4,-4,49,1,216,0
7,-2,69,1,216,0
6,4,109,1,216,0
8,6,102,1,216,0
-5,-7,106,1,216,0
4,-3,108,1,216,0
7,5,109,1,216,0
5,3,117,1,216,0
4,2,124,1,216,0
3,1,147,1,216,0
2,0,154,1,216,0
0,-1,179,1,216,0
1,-4,202,1,216,0
-6,1,206,1,216,0
-8,-7,6,1,216,0
8,-6,27,1,216,0
7,-3,61,1,216,0
7,6,108,1,216,0
6,5,118,1,216,0
4,-4,119,1,216,0
-4,-5,121,1,216,0
5,4,126,1,216,0
4,3,134,1,216,0
3,2,142,1,216,0
2,1,151,1,216,0
1,0,188,1,216,0
1,-5,203,1,216,0
3,-1,203,1,216,0
-5,1,212,1,216,0
-8,-8,9,1,216,0
4,-5,12,1,216,0
7,-4,52,1,216,0
-1,-7,73,1,216,0
8,-7,84,1,216,0
6,-1,107,1,216,0
6,6,109,1,216,0
-4,-6,114,1,216,0
3,-2,116,1,216,0
5,5,119,1,216,0
-3,-3,131,1,216,0
2,2,148,1,216,0
1,1,174,1,216,0
0,0,182,1,216,0
0,-3,206,1,216,0
3,3,138,1,216,0
-4,1,215,1,216,0
4,4,128,1,216,0
7,-5,48,1,216,0
1,-7,59,1,216,0
0,-4,74,1,216,0
-4,-7,92,1,216,0
6,7,108,1,216,0
5,6,117,1,216,0
4,5,125,1,216,0
3,-3,216,1,216,0
-3,-4,129,1,216,0
3,4,133,1,216,0
-2,0,156,1,216,0
-3,1,165,1,216,0
0,1,175,1,216,0
1,2,181,1,216,0
2,3,189,1,216,0
-7,-7,19,1,216,0
6,-3,27,1,216,0
-6,-4,35,1,216,0
7,-6,43,1,216,0
5,7,88,1,216,0
3,-4,93,1,216,0
6,8,95,1,216,0
-3,-5,122,1,216,0
-2,-2,142,1,216,0
-2,1,157,1,216,0
-1,0,178,1,216,0
0,2,182,1,216,0
1,3,188,1,216,0
2,-1,197,1,216,0
2,4,197,1,216,0
3,5,207,1,216,0
4,6,215,1,216,0
-7,-8,12,1,216,0
-2,2,19,1,216,0
6,-4,27,1,216,0
-6,-5,34,1,216,0
8,1,74,1,216,0
4,7,79,1,216,0
5,8,92,1,216,0
7,-7,93,1,216,0
7,0,97,1,216,0
2,-2,137,1,216,0
-2,-3,138,1,216,0
-1,1,176,1,216,0
0,3,189,1,216,0
2,5,205,1,216,0
3,-5,213,1,216,0
3,6,214,1,216,0
5,-1,214,1,216,0
2,6,23,1,216,0
-2,3,18,1,216,0
6,-5,25,1,216,0
-6,-6,27,1,216,0
5,-2,36,1,216,0
-2,-4,61,1,216,0
0,-7,67,1,216,0
3,7,76,1,216,0
7,-8,76,1,216,0
4,8,84,1,216,0
-3,-7,85,1,216,0
7,1,85,1,216,0
8,2,102,1,216,0
6,0,112,1,216,0
-1,2,179,1,216,0
-1,-1,186,1,216,0
0,4,195,1,216,0
1,5,199,1,216,0
2,-3,215,1,216,0
3,-6,215,1,216,0
7,-9,4,1,216,0
-2,4,11,1,216,0
-6,-7,19,1,216,0
5,-3,34,1,216,0
-5,-4,43,1,216,0
8,-2,67,1,216,0
3,8,74,1,216,0
2,-4,86,1,216,0
6,-6,102,1,216,0
7,2,122,1,216,0
6,1,128,1,216,0
1,-1,189,1,216,0
-1,-2,194,1,216,0
1,6,206,1,216,0
2,7,213,1,216,0
5,0,213,1,216,0
-3,5,215,1,216,0
0,5,196,1,216,0
-3,6,6,1,216,0
0,6,41,1,216,0
8,-3,64,1,216,0
6,-7,71,1,216,0
4,0,74,1,216,0
6,2,125,1,216,0
5,1,134,1,216,0
1,-2,189,1,216,0
-8,1,193,1,216,0
4,-1,209,1,216,0
-1,-3,209,1,216,0
1,7,211,1,216,0
2,-5,212,1,216,0
-2,5,213,1,216,0
2,8,215,1,216,0
-9,-8,2,1,216,0
9,6,3,1,216,0
-3,7,23,1,216,0
-2,6,31,1,216,0
4,-2,43,1,216,0
0,7,48,1,216,0
1,8,53,1,216,0
8,-4,57,1,216,0
3,0,61,1,216,0
-2,-7,79,1,216,0
7,4,99,1,216,0
7,-1,106,1,216,0
6,3,106,1,216,0
-5,-6,111,1,216,0
5,-5,111,1,216,0
5,2,113,1,216,0
4,1,141,1,216,0
1,-3,208,1,216,0
-7,1,199,1,216,0
-1,5,206,1,216,0
-1,-4,215,1,216,0
0,8,6,1,217,0
-3,8,16,1,217,0
8,-5,29,1,217,0
-1,6,38,1,217,0
-4,-4,49,1,217,0
7,-2,69,1,217,0
6,4,109,1,217,0
8,6,102,1,217,0
-5,-7,106,1,217,0
4,-3,108,1,217,0
7,5,109,1,217,0
5,3,117,1,217,0
4,2,124,1,217,0
3,1,147,1,217,0
2,0,154,1,217,0
0,-1,179,1,217,0
1,-4,202,1,217,0
-6,1,206,1,217,0
-1,-5,216,1,217,0
-8,-7,6,1,217,0
8,-6,27,1,217,0
7,-3,61,1,217,0
7,6,108,1,217,0
6,5,118,1,217,0
4,-4,119,1,217,0
-4,-5,121,1,217,0
5,4,126,1,217,0
4,3,134,1,217,0
3,2,142,1,217,0
2,1,151,1,217,0
1,0,188,1,217,0
1,-5,203,1,217,0
3,-1,203,1,217,0
-5,1,212,1,217,0
-8,-8,9,1,217,0
4,-5,12,1,217,0
7,-4,52,1,217,0
-1,-7,73,1,217,0
8,-7,84,1,217,0
6,-1,107,1,217,0
6,6,109,1,217,0
-4,-6,114,1,217,0
3,-2,116,1,217,0
5,5,119,1,217,0
-3,-3,131,1,217,0
2,2,148,1,217,0
1,1,174,1,217,0
0,0,182,1,217,0
0,-3,206,1,217,0
-4,1,216,1,217,0
4,4,128,1,217,0
3,3,138,1,217,0
7,-5,48,1,217,0
1,-7,59,1,217,0
0,-4,74,1,217,0
-4,-7,92,1,217,0
6,7,108,1,217,0
5,6,117,1,217,0
4,5,125,1,217,0
3,-3,217,1,217,0
-3,-4,129,1,217,0
3,4,133,1,217,0
-2,0,156,1,217,0
-3,1,165,1,217,0
0,1,175,1,217,0
1,2,181,1,217,0
2,3,189,1,217,0
-7,-7,19,1,217,0
6,-3,27,1,217,0
-6,-4,35,1,217,0
7,-6,43,1,217,0
5,7,88,1,217,0
3,-4,93,1,217,0
6,8,95,1,217,0
-3,-5,122,1,217,0
-2,-2,142,1,217,0
-2,1,157,1,217,0
-1,0,178,1,217,0
0,2,182,1,217,0
1,3,188,1,217,0
2,-1,197,1,217,0
2,4,197,1,217,0
3,5,207,1,217,0
4,6,215,1,217,0
-7,-8,12,1,217,0
-2,2,19,1,217,0
6,-4,27,1,217,0
-6,-5,34,1,217,0
8,1,74,1,217,0
5,8,92,1,217,0
7,-7,93,1,217,0
7,0,97,1,217,0
2,-2,137,1,217,0
-2,-3,138,1,217,0
-1,1,176,1,217,0
0,3,189,1,217,0
2,5,205,1,217,0
3,-5,213,1,217,0
3,6,214,1,217,0
5,-1,215,1,217,0
4,7,216,1,217,0
2,6,23,1,217,0
-2,3,18,1,217,0
6,-5,25,1,217,0
-6,-6,27,1,217,0
5,-2,36,1,217,0
-2,-4,61,1,217,0
0,-7,67,1,217,0
3,7,76,1,217,0
7,-8,76,1,217,0
4,8,84,1,217,0
-3,-7,85,1,217,0
7,1,85,1,217,0
8,2,102,1,217,0
6,0,112,1,217,0
-1,2,179,1,217,0
-1,-1,186,1,217,0
0,4,195,1,217,0
1,5,199,1,217,0
2,-3,215,1,217,0
3,-6,216,1,217,0
7,-9,4,1,217,0
-2,4,11,1,217,0
-6,-7,19,1,217,0
5,-3,34,1,217,0
-5,-4,43,1,217,0
8,-2,67,1,217,0
3,8,74,1,217,0
2,-4,86,1,217,0
6,-6,102,1,217,0
7,2,122,1,217,0
6,1,128,1,217,0
1,-1,189,1,217,0
-1,-2,194,1,217,0
1,6,206,1,217,0
2,7,213,1,217,0
5,0,214,1,217,0
0,5,196,1,217,0
-3,5,216,1,217,0
-3,6,6,1,217,0
0,6,41,1,217,0
8,-3,64,1,217,0
6,-7,71,1,217,0
4,0,74,1,217,0
6,2,125,1,217,0
5,1,134,1,217,0
1,-2,189,1,217,0
-8,1,193,1,217,0
4,-1,209,1,217,0
-1,-3,209,1,217,0
1,7,211,1,217,0
2,-5,212,1,217,0
-2,5,213,1,217,0
2,8,216,1,217,0
-9,-8,2,1,217,0
9,6,3,1,217,0
-3,7,23,1,217,0
-2,6,31,1,217,0
4,-2,43,1,217,0
0,7,48,1,217,0
1,8,53,1,217,0
8,-4,57,1,217,0
3,0,61,1,217,0
-2,-7,79,1,217,0
7,4,99,1,217,0
7,-1,106,1,217,0
6,3,106,1,217,0
-5,-6,111,1,217,0
5,-5,111,1,217,0
5,2,113,1,217,0
4,1,141,1,217,0
1,-3,208,1,217,0
-7,1,199,1,217,0
-1,5,206,1,217,0
-1,-4,215,1,217,0
0,8,6,1,218,0
-3,8,16,1,218,0
8,-5,29,1,218,0
-1,6,38,1,218,0
-4,-4,49,1,218,0
7,-2,69,1,218,0
6,4,109,1,218,0
8,6,102,1,218,0
-5,-7,106,1,218,0
4,-3,108,1,218,0
7,5,109,1,218,0
5,3,117,1,218,0
4,2,124,1,218,0
3,1,147,1,218,0
2,0,154,1,218,0
0,-1,179,1,218,0
1,-4,202,1,218,0
-6,1,206,1,218,0
-1,-5,217,1,218,0
-8,-7,6,1,218,0
8,-6,27,1,218,0
7,-3,61,1,218,0
7,6,108,1,218,0
6,5,118,1,218,0
4,-4,119,1,218,0
-4,-5,121,1,218,0
5,4,126,1,218,0
4,3,134,1,218,0
3,2,142,1,218,0
2,1,151,1,218,0
1,0,188,1,218,0
1,-5,203,1,218,0
3,-1,203,1,218,0
-5,1,212,1,218,0
-8,-8,9,1,218,0
4,-5,12,1,218,0
7,-4,52,1,218,0
-1,-7,73,1,218,0
8,-7,84,1,218,0
6,-1,107,1,218,0
6,6,109,1,218,0
-4,-6,114,1,218,0
3,-2,116,1,218,0
5,5,119,1,218,0
-3,-3,131,1,218,0
2,2,148,1,218,0
1,1,174,1,218,0
0,0,182,1,218,0
0,-3,206,1,218,0
-4,1,217,1,218,0
3,3,138,1,218,0
4,4,128,1,218,0
7,-5,48,1,218,0
1,-7,59,1,218,0
0,-4,74,1,218,0
-4,-7,92,1,218,0
6,7,108,1,218,0
5,6,117,1,218,0
4,5,125,1,218,0
3,-3,217,1,218,0
-3,-4,129,1,218,0
3,4,133,1,218,0
-2,0,156,1,218,0
-3,1,165,1,218,0
0,1,175,1,218,0
1,2,181,1,218,0
2,3,189,1,218,0
-7,-7,19,1,218,0
6,-3,27,1,218,0
-6,-4,35,1,218,0
7,-6,43,1,218,0
5,7,88,1,218,0
3,-4,93,1,218,0
6,8,95,1,218,0
-3,-5,122,1,218,0
-2,-2,142,1,218,0
-2,1,157,1,218,0
-1,0,178,1,218,0
0,2,182,1,218,0
1,3,188,1,218,0
2,-1,197,1,218,0
2,4,197,1,218,0
3,5,207,1,218,0
4,6,215,1,218,0
-7,-8,12,1,218,0
-2,2,19,1,218,0
6,-4,27,1,218,0
-6,-5,34,1,218,0
8,1,74,1,218,0
5,8,92,1,218,0
7,-7,93,1,218,0
7,0,97,1,218,0
2,-2,137,1,218,0
-2,-3,138,1,218,0
-1,1,176,1,218,0
0,3,189,1,218,0
2,5,205,1,218,0
3,-5,213,1,218,0
3,6,214,1,218,0
5,-1,216,1,218,0
4,7,217,1,218,0
2,6,23,1,218,0
-2,3,18,1,218,0
6,-5,25,1,218,0
-6,-6,27,1,218,0
5,-2,36,1,218,0
-2,-4,61,1,218,0
0,-7,67,1,218,0
3,7,76,1,218,0
7,-8,76,1,218,0
4,8,84,1,218,0
-3,-7,85,1,218,0
7,1,85,1,218,0
8,2,102,1,218,0
6,0,112,1,218,0
-1,2,179,1,218,0
-1,-1,186,1,218,0
0,4,195,1,218,0
1,5,199,1,218,0
2,-3,215,1,218,0
3,-6,217,1,218,0
7,-9,4,1,218,0
-2,4,11,1,218,0
-6,-7,19,1,218,0
5,-3,34,1,218,0
-5,-4,43,1,218,0
8,-2,67,1,218,0
3,8,74,1,218,0
2,-4,86,1,218,0
6,-6,102,1,218,0
7,2,122,1,218,0
6,1,128,1,218,0
1,-1,189,1,218,0
-1,-2,194,1,218,0
1,6,206,1,218,0
2,7,213,1,218,0
5,0,215,1,218,0
-3,5,217,1,218,0
0,5,196,1,218,0
-3,6,6,1,218,0
0,6,41,1,218,0
8,-3,64,1,218,0
6,-7,71,1,218,0
4,0,74,1,218,0
6,2,125,1,218,0
5,1,134,1,218,0
1,-2,189,1,218,0
-8,1,193,1,218,0
4,-1,209,1,218,0
-1,-3,209,1,218,0
1,7,211,1,218,0
2,-5,212,1,218,0
-2,5,213,1,218,0
2,8,217,1,218,0
-9,-8,2,1,218,0
9,6,3,1,218,0
-3,7,23,1,218,0
-2,6,31,1,218,0
4,-2,43,1,218,0
0,7,48,1,218,0
1,8,53,1,218,0
8,-4,57,1,218,0
3,0,61,1,218,0
-2,-7,79,1,218,0
7,4,99,1,218,0
7,-1,106,1,218,0
6,3,106,1,218,0
-5,-6,111,1,218,0
5,-5,111,1,218,0
5,2,113,1,218,0
4,1,141,1,218,0
1,-3,208,1,218,0
-7,1,199,1,218,0
-1,5,206,1,218,0
-1,-4,215,1,218,0
0,8,6,1,219,0
-3,8,16,1,219,0
8,-5,29,1,219,0
-1,6,38,1,219,0
-4,-4,49,1,219,0
7,-2,69,1,219,0
6,4,109,1,219,0
8,6,102,1,219,0
-5,-7,106,1,219,0
4,-3,108,1,219,0
7,5,109,1,219,0
5,3,117,1,219,0
4,2,124,1,219,0
3,1,147,1,219,0
2,0,154,1,219,0
0,-1,179,1,219,0
1,-4,202,1,219,0
-6,1,206,1,219,0
-1,-5,218,1,219,0
-8,-7,6,1,219,0
8,-6,27,1,219,0
7,-3,61,1,219,0
7,6,108,1,219,0
6,5,118,1,219,0
4,-4,119,1,219,0
-4,-5,121,1,219,0
5,4,126,1,219,0
4,3,134,1,219,0
3,2,142,1,219,0
2,1,151,1,219,0
1,0,188,1,219,0
1,-5,203,1,219,0
3,-1,203,1,219,0
-5,1,212,1,219,0
-8,-8,9,1,219,0
4,-5,12,1,219,0
7,-4,52,1,219,0
-1,-7,73,1,219,0
8,-7,84,1,219,0
6,-1,107,1,219,0
6,6,109,1,219,0
-4,-6,114,1,219,0
3,-2,116,1,219,0
5,5,119,1,219,0
-3,-3,131,1,219,0
2,2,148,1,219,0
1,1,174,1,219,0
0,0,182,1,219,0
0,-3,206,1,219,0
4,4,128,1,219,0
-4,1,218,1,219,0
3,3,138,1,219,0
7,-5,48,1,219,0
1,-7,59,1,219,0
0,-4,74,1,219,0
-4,-7,92,1,219,0
6,7,108,1,219,0
5,6,117,1,219,0
4,5,125,1,219,0
3,-3,217,1,219,0
-3,-4,129,1,219,0
3,4,133,1,219,0
-2,0,156,1,219,0
-3,1,165,1,219,0
0,1,175,1,219,0
1,2,181,1,219,0
2,3,189,1,219,0
-7,-7,19,1,219,0
6,-3,27,1,219,0
-6,-4,35,1,219,0
7,-6,43,1,219,0
5,7,88,1,219,0
3,-4,93,1,219,0
6,8,95,1,219,0
-3,-5,122,1,219,0
-2,-2,142,1,219,0
-2,1,157,1,219,0
-1,0,178,1,219,0
0,2,182,1,219,0
1,3,188,1,219,0
2,-1,197,1,219,0
2,4,197,1,219,0
3,5,207,1,219,0
4,6,215,1,219,0
-7,-8,12,1,219,0
-2,2,19,1,219,0
6,-4,27,1,219,0
-6,-5,34,1,219,0
8,1,74,1,219,0
5,8,92,1,219,0
7,-7,93,1,219,0
7,0,97,1,219,0
2,-2,137,1,219,0
-2,-3,138,1,219,0
-1,1,176,1,219,0
0,3,189,1,219,0
2,5,205,1,219,0
3,-5,213,1,219,0
3,6,214,1,219,0
5,-1,217,1,219,0
4,7,218,1,219,0
2,6,23,1,219,0
-2,3,18,1,219,0
6,-5,25,1,219,0
-6,-6,27,1,219,0
5,-2,36,1,219,0
-2,-4,61,1,219,0
0,-7,67,1,219,0
3,7,76,1,219,0
7,-8,76,1,219,0
4,8,84,1,219,0
-3,-7,85,1,219,0
7,1,85,1,219,0
8,2,102,1,219,0
6,0,112,1,219,0
-1,2,179,1,219,0
-1,-1,186,1,219,0
0,4,195,1,219,0
1,5,199,1,219,0
2,-3,215,1,219,0
3,-6,218,1,219,0
7,-9,4,1,219,0
-2,4,11,1,219,0
-6,-7,19,1,219,0
5,-3,34,1,219,0
-5,-4,43,1,219,0
8,-2,67,1,219,0
3,8,74,1,219,0
2,-4,86,1,219,0
6,-6,102,1,219,0
7,2,122,1,219,0
6,1,128,1,219,0
1,-1,189,1,219,0
-1,-2,194,1,219,0
1,6,206,1,219,0
2,7,213,1,219,0
5,0,216,1,219,0
0,5,196,1,219,0
-3,5,218,1,219,0
-3,6,6,1,219,0
0,6,41,1,219,0
8,-3,64,1,219,0
6,-7,71,1,219,0
4,0,74,1,219,0
6,2,125,1,219,0
5,1,134,1,219,0
1,-2,189,1,219,0
-8,1,193,1,219,0
4,-1,209,1,219,0
-1,-3,209,1,219,0
1,7,211,1,219,0
2,-5,212,1,219,0
-2,5,213,1,219,0
2,8,218,1,219,0
-9,-8,2,1,219,0
9,6,3,1,219,0
-3,7,23,1,219,0
-2,6,31,1,219,0
4,-2,43,1,219,0
0,7,48,1,219,0
1,8,53,1,219,0
8,-4,57,1,219,0
3,0,61,1,219,0
-2,-7,79,1,219,0
7,4,99,1,219,0
7,-1,106,1,219,0
6,3,106,1,219,0
-5,-6,111,1,219,0
5,-5,111,1,219,0
5,2,113,1,219,0
4,1,141,1,219,0
1,-3,208,1,219,0
-7,1,199,1,219,0
-1,5,206,1,219,0
-1,-4,215,1,219,0
0,8,6,1,220,0
-3,8,16,1,220,0
8,-5,29,1,220,0
-1,6,38,1,220,0
-4,-4,49,1,220,0
7,-2,69,1,220,0
6,4,109,1,220,0
8,6,102,1,220,0
-5,-7,106,1,220,0
4,-3,108,1,220,0
7,5,109,1,220,0
5,3,117,1,220,0
4,2,124,1,220,0
3,1,147,1,220,0
2,0,154,1,220,0
0,-1,179,1,220,0
1,-4,202,1,220,0
-6,1,206,1,220,0
-1,-5,219,1,220,0
-8,-7,6,1,220,0
8,-6,27,1,220,0
7,-3,61,1,220,0
7,6,108,1,220,0
6,5,118,1,220,0
4,-4,119,1,220,0
-4,-5,121,1,220,0
5,4,126,1,220,0
4,3,134,1,220,0
3,2,142,1,220,0
2,1,151,1,220,0
1,0,188,1,220,0
1,-5,203,1,220,0
3,-1,203,1,220,0
-5,1,212,1,220,0
-8,-8,9,1,220,0
4,-5,12,1,220,0
7,-4,52,1,220,0
-1,-7,73,1,220,0
8,-7,84,1,220,0
6,-1,107,1,220,0
6,6,109,1,220,0
-4,-6,114,1,220,0
3,-2,116,1,220,0
5,5,119,1,220,0
-3,-3,131,1,220,0
2,2,148,1,220,0
1,1,174,1,220,0
0,0,182,1,220,0
0,-3,206,1,220,0
-4,1,218,1,220,0
3,3,138,1,220,0
4,4,128,1,220,0
7,-5,48,1,220,0
1,-7,59,1,220,0
0,-4,74,1,220,0
-4,-7,92,1,220,0
6,7,108,1,220,0
5,6,117,1,220,0
4,5,125,1,220,0
3,-3,217,1,220,0
-3,-4,129,1,220,0
3,4,133,1,220,0
-2,0,156,1,220,0
0,1,175,1,220,0
1,2,181,1,220,0
2,3,189,1,220,0
-3,1,219,1,220,0
-7,-7,19,1,220,0
6,-3,27,1,220,0
-6,-4,35,1,220,0
7,-6,43,1,220,0
5,7,88,1,220,0
3,-4,93,1,220,0
6,8,95,1,220,0
-3,-5,122,1,220,0
-2,-2,142,1,220,0
-2,1,157,1,220,0
-1,0,178,1,220,0
0,2,182,1,220,0
1,3,188,1,220,0
2,-1,197,1,220,0
2,4,197,1,220,0
3,5,207,1,220,0
4,6,215,1,220,0
-7,-8,12,1,220,0
-2,2,19,1,220,0
6,-4,27,1,220,0
-6,-5,34,1,220,0
8,1,74,1,220,0
5,8,92,1,220,0
7,-7,93,1,220,0
7,0,97,1,220,0
2,-2,137,1,220,0
-2,-3,138,1,220,0
-1,1,176,1,220,0
0,3,189,1,220,0
2,5,205,1,220,0
3,-5,213,1,220,0
3,6,214,1,220,0
5,-1,218,1,220,0
4,7,219,1,220,0
2,6,23,1,220,0
-2,3,18,1,220,0
6,-5,25,1,220,0
-6,-6,27,1,220,0
5,-2,36,1,220,0
-2,-4,61,1,220,0
0,-7,67,1,220,0
3,7,76,1,220,0
7,-8,76,1,220,0
4,8,84,1,220,0
-3,-7,85,1,220,0
7,1,85,1,220,0
8,2,102,1,220,0
6,0,112,1,220,0
-1,2,179,1,220,0
-1,-1,186,1,220,0
0,4,195,1,220,0
1,5,199,1,220,0
2,-3,215,1,220,0
3,-6,219,1,220,0
7,-9,4,1,220,0
-2,4,11,1,220,0
-6,-7,19,1,220,0
5,-3,34,1,220,0
-5,-4,43,1,220,0
8,-2,67,1,220,0
3,8,74,1,220,0
2,-4,86,1,220,0
6,-6,102,1,220,0
7,2,122,1,220,0
6,1,128,1,220,0
1,-1,189,1,220,0
-1,-2,194,1,220,0
1,6,206,1,220,0
5,0,217,1,220,0
2,7,219,1,220,0
-3,5,219,1,220,0
0,5,196,1,220,0
-3,6,6,1,220,0
0,6,41,1,220,0
8,-3,64,1,220,0
6,-7,71,1,220,0
4,0,74,1,220,0
6,2,125,1,220,0
5,1,134,1,220,0
1,-2,189,1,220,0
-8,1,193,1,220,0
4,-1,209,1,220,0
-1,-3,209,1,220,0
1,7,211,1,220,0
2,-5,212,1,220,0
-2,5,213,1,220,0
2,8,218,1,220,0
-9,-8,2,1,220,0
9,6,3,1,220,0
-3,7,23,1,220,0
-2,6,31,1,220,0
4,-2,43,1,220,0
0,7,48,1,220,0
1,8,53,1,220,0
8,-4,57,1,220,0
3,0,61,1,220,0
-2,-7,79,1,220,0
7,4,99,1,220,0
7,-1,106,1,220,0
6,3,106,1,220,0
-5,-6,111,1,220,0
5,-5,111,1,220,0
5,2,113,1,220,0
4,1,141,1,220,0
1,-3,208,1,220,0
-7,1,199,1,220,0
-1,5,206,1,220,0
-1,-4,215,1,220,0
0,8,6,1,221,0
-3,8,16,1,221,0
8,-5,29,1,221,0
-1,6,38,1,221,0
-4,-4,49,1,221,0
7,-2,69,1,221,0
6,4,109,1,221,0
8,6,102,1,221,0
-5,-7,106,1,221,0
4,-3,108,1,221,0
7,5,109,1,221,0
5,3,117,1,221,0
4,2,124,1,221,0
3,1,147,1,221,0
2,0,154,1,221,0
0,-1,179,1,221,0
1,-4,202,1,221,0
-6,1,206,1,221,0
-1,-5,219,1,221,0
-8,-7,6,1,221,0
8,-6,27,1,221,0
7,-3,61,1,221,0
7,6,108,1,221,0
6,5,118,1,221,0
4,-4,119,1,221,0
-4,-5,121,1,221,0
5,4,126,1,221,0
4,3,134,1,221,0
3,2,142,1,221,0
2,1,151,1,221,0
1,0,188,1,221,0
1,-5,203,1,221,0
3,-1,203,1,221,0
-5,1,212,1,221,0
-8,-8,9,1,221,0
4,-5,12,1,221,0
7,-4,52,1,221,0
-1,-7,73,1,221,0
8,-7,84,1,221,0
6,-1,107,1,221,0
6,6,109,1,221,0
-4,-6,114,1,221,0
3,-2,116,1,221,0
5,5,119,1,221,0
-3,-3,131,1,221,0
2,2,148,1,221,0
1,1,174,1,221,0
0,0,182,1,221,0
0,-3,206,1,221,0
-4,1,218,1,221,0
3,3,138,1,221,0
4,4,128,1,221,0
7,-5,48,1,221,0
1,-7,59,1,221,0
0,-4,74,1,221,0
-4,-7,92,1,221,0
6,7,108,1,221,0
5,6,117,1,221,0
4,5,125,1,221,0
3,-3,217,1,221,0
-3,-4,129,1,221,0
3,4,133,1,221,0
-2,0,156,1,221,0
0,1,175,1,221,0
1,2,181,1,221,0
2,3,189,1,221,0
-3,1,219,1,221,0
-7,-7,19,1,221,0
6,-3,27,1,221,0
-6,-4,35,1,221,0
7,-6,43,1,221,0
5,7,88,1,221,0
3,-4,93,1,221,0
6,8,95,1,221,0
-3,-5,122,1,221,0
-2,-2,142,1,221,0
-2,1,157,1,221,0
-1,0,178,1,221,0
0,2,182,1,221,0
1,3,188,1,221,0
2,-1,197,1,221,0
2,4,197,1,221,0
3,5,207,1,221,0
4,6,215,1,221,0
-7,-8,12,1,221,0
-2,2,19,1,221,0
6,-4,27,1,221,0
-6,-5,34,1,221,0
8,1,74,1,221,0
5,8,92,1,221,0
7,-7,93,1,221,0
7,0,97,1,221,0
2,-2,137,1,221,0
-2,-3,138,1,221,0
-1,1,176,1,221,0
0,3,189,1,221,0
2,5,205,1,221,0
3,-5,213,1,221,0
3,6,214,1,221,0
4,7,219,1,221,0
5,-1,219,1,221,0
2,6,23,1,221,0
-2,3,18,1,221,0
6,-5,25,1,221,0
-6,-6,27,1,221,0
5,-2,36,1,221,0
-2,-4,61,1,221,0
0,-7,67,1,221,0
3,7,76,1,221,0
7,-8,76,1,221,0
4,8,84,1,221,0
-3,-7,85,1,221,0
7,1,85,1,221,0
8,2,102,1,221,0
6,0,112,1,221,0
-1,2,179,1,221,0
-1,-1,186,1,221,0
0,4,195,1,221,0
1,5,199,1,221,0
2,-3,215,1,221,0
3,-6,219,1,221,0
7,-9,4,1,221,0
-2,4,11,1,221,0
-6,-7,19,1,221,0
5,-3,34,1,221,0
-5,-4,43,1,221,0
8,-2,67,1,221,0
3,8,74,1,221,0
2,-4,86,1,221,0
6,-6,102,1,221,0
7,2,122,1,221,0
6,1,128,1,221,0
1,-1,189,1,221,0
-1,-2,194,1,221,0
1,6,206,1,221,0
2,7,219,1,221,0
-3,5,219,1,221,0
5,0,218,1,221,0
0,5,196,1,221,0
-3,6,6,1,221,0
0,6,41,1,221,0
8,-3,64,1,221,0
6,-7,71,1,221,0
4,0,74,1,221,0
6,2,125,1,221,0
5,1,134,1,221,0
1,-2,189,1,221,0
-8,1,193,1,221,0
4,-1,209,1,221,0
-1,-3,209,1,221,0
1,7,211,1,221,0
2,-5,212,1,221,0
-2,5,213,1,221,0
2,8,218,1,221,0
-9,-8,2,1,221,0
9,6,3,1,221,0
-3,7,23,1,221,0
-2,6,31,1,221,0
4,-2,43,1,221,0
0,7,48,1,221,0
1,8,53,1,221,0
8,-4,57,1,221,0
3,0,61,1,221,0
-2,-7,79,1,221,0
7,4,99,1,221,0
7,-1,106,1,221,0
6,3,106,1,221,0
-5,-6,111,1,221,0
5,-5,111,1,221,0
5,2,113,1,221,0
4,1,141,1,221,0
1,-3,208,1,221,0
-7,1,199,1,221,0
-1,5,206,1,221,0
-1,-4,215,1,221,0
0,8,6,1,222,0
-3,8,16,1,222,0
8,-5,29,1,222,0
-1,6,38,1,222,0
-4,-4,49,1,222,0
7,-2,69,1,222,0
6,4,109,1,222,0
8,6,102,1,222,0
-5,-7,106,1,222,0
4,-3,108,1,222,0
7,5,109,1,222,0
5,3,117,1,222,0
4,2,124,1,222,0
3,1,147,1,222,0
2,0,154,1,222,0
0,-1,179,1,222,0
1,-4,202,1,222,0
-6,1,206,1,222,0
-1,-5,221,1,222,0
-8,-7,6,1,222,0
8,-6,27,1,222,0
7,-3,61,1,222,0
7,6,108,1,222,0
6,5,118,1,222,0
4,-4,119,1,222,0
-4,-5,121,1,222,0
5,4,126,1,222,0
4,3,134,1,222,0
3,2,142,1,222,0
2,1,151,1,222,0
1,0,188,1,222,0
1,-5,203,1,222,0
3,-1,203,1,222,0
-5,1,212,1,222,0
-8,-8,9,1,222,0
4,-5,12,1,222,0
7,-4,52,1,222,0
-1,-7,73,1,222,0
8,-7,84,1,222,0
6,-1,107,1,222,0
6,6,109,1,222,0
-4,-6,114,1,222,0
3,-2,116,1,222,0
5,5,119,1,222,0
-3,-3,131,1,222,0
2,2,148,1,222,0
1,1,174,1,222,0
0,0,182,1,222,0
0,-3,206,1,222,0
-4,1,218,1,222,0
4,4,128,1,222,0
3,3,138,1,222,0
7,-5,48,1,222,0
1,-7,59,1,222,0
0,-4,74,1,222,0
-4,-7,92,1,222,0
6,7,108,1,222,0
5,6,117,1,222,0
4,5,125,1,222,0
3,-3,217,1,222,0
-3,-4,129,1,222,0
3,4,133,1,222,0
-2,0,156,1,222,0
0,1,175,1,222,0
1,2,181,1,222,0
2,3,189,1,222,0
4,-6,221,1,222,0
-3,1,221,1,222,0
-7,-7,19,1,222,0
6,-3,27,1,222,0
-6,-4,35,1,222,0
7,-6,43,1,222,0
5,7,88,1,222,0
3,-4,93,1,222,0
6,8,95,1,222,0
-3,-5,122,1,222,0
-2,-2,142,1,222,0
-2,1,157,1,222,0
-1,0,178,1,222,0
0,2,182,1,222,0
1,3,188,1,222,0
2,-1,197,1,222,0
2,4,197,1,222,0
3,5,207,1,222,0
4,6,215,1,222,0
-7,-8,12,1,222,0
-2,2,19,1,222,0
6,-4,27,1,222,0
-6,-5,34,1,222,0
8,1,74,1,222,0
5,8,92,1,222,0
7,-7,93,1,222,0
7,0,97,1,222,0
2,-2,137,1,222,0
-2,-3,138,1,222,0
-1,1,176,1,222,0
0,3,189,1,222,0
2,5,205,1,222,0
3,-5,213,1,222,0
3,6,214,1,222,0
5,-1,219,1,222,0
4,7,221,1,222,0
2,6,23,1,222,0
-2,3,18,1,222,0
6,-5,25,1,222,0
-6,-6,27,1,222,0
5,-2,36,1,222,0
-2,-4,61,1,222,0
0,-7,67,1,222,0
3,7,76,1,222,0
7,-8,76,1,222,0
4,8,84,1,222,0
-3,-7,85,1,222,0
7,1,85,1,222,0
8,2,102,1,222,0
6,0,112,1,222,0
-1,2,179,1,222,0
-1,-1,186,1,222,0
0,4,195,1,222,0
1,5,199,1,222,0
2,-3,215,1,222,0
3,-6,219,1,222,0
-4,5,221,1,222,0
7,-9,4,1,222,0
-2,4,11,1,222,0
-6,-7,19,1,222,0
5,-3,34,1,222,0
-5,-4,43,1,222,0
8,-2,67,1,222,0
3,8,74,1,222,0
2,-4,86,1,222,0
6,-6,102,1,222,0
7,2,122,1,222,0
6,1,128,1,222,0
1,-1,189,1,222,0
-1,-2,194,1,222,0
1,6,206,1,222,0
-3,5,219,1,222,0
5,0,219,1,222,0
2,7,221,1,222,0
0,5,196,1,222,0
-3,6,6,1,222,0
0,6,41,1,222,0
8,-3,64,1,222,0
6,-7,71,1,222,0
4,0,74,1,222,0
6,2,125,1,222,0
5,1,134,1,222,0
1,-2,189,1,222,0
-8,1,193,1,222,0
4,-1,209,1,222,0
-1,-3,209,1,222,0
1,7,211,1,222,0
2,-5,212,1,222,0
-2,5,213,1,222,0
2,8,218,1,222,0
-9,-8,2,1,222,0
9,6,3,1,222,0
-3,7,23,1,222,0
-2,6,31,1,222,0
4,-2,43,1,222,0
0,7,48,1,222,0
1,8,53,1,222,0
8,-4,57,1,222,0
3,0,61,1,222,0
-2,-7,79,1,222,0
7,4,99,1,222,0
7,-1,106,1,222,0
6,3,106,1,222,0
-5,-6,111,1,222,0
5,-5,111,1,222,0
5,2,113,1,222,0
4,1,141,1,222,0
1,-3,208,1,222,0
-7,1,199,1,222,0
-1,5,206,1,222,0
-1,-4,215,1,222,0
0,8,6,1,223,0
-3,8,16,1,223,0
8,-5,29,1,223,0
-1,6,38,1,223,0
-4,-4,49,1,223,0
7,-2,69,1,223,0
6,4,109,1,223,0
8,6,102,1,223,0
-5,-7,106,1,223,0
4,-3,108,1,223,0
7,5,109,1,223,0
5,3,117,1,223,0
4,2,124,1,223,0
3,1,147,1,223,0
2,0,154,1,223,0
0,-1,179,1,223,0
1,-4,202,1,223,0
-6,1,206,1,223,0
-1,-5,222,1,223,0
-8,-7,6,1,223,0
8,-6,27,1,223,0
7,-3,61,1,223,0
7,6,108,1,223,0
6,5,118,1,223,0
4,-4,119,1,223,0
-4,-5,121,1,223,0
5,4,126,1,223,0
4,3,134,1,223,0
3,2,142,1,223,0
2,1,151,1,223,0
1,0,188,1,223,0
1,-5,203,1,223,0
3,-1,203,1,223,0
-5,1,212,1,223,0
-8,-8,9,1,223,0
4,-5,12,1,223,0
7,-4,52,1,223,0
-1,-7,73,1,223,0
8,-7,84,1,223,0
6,-1,107,1,223,0
6,6,109,1,223,0
-4,-6,114,1,223,0
3,-2,116,1,223,0
5,5,119,1,223,0
-3,-3,131,1,223,0
2,2,148,1,223,0
1,1,174,1,223,0
0,0,182,1,223,0
0,-3,206,1,223,0
-4,1,218,1,223,0
3,3,138,1,223,0
4,4,128,1,223,0
7,-5,48,1,223,0
1,-7,59,1,223,0
0,-4,74,1,223,0
-4,-7,92,1,223,0
6,7,108,1,223,0
5,6,117,1,223,0
4,5,125,1,223,0
3,-3,217,1,223,0
-3,-4,129,1,223,0
3,4,133,1,223,0
-2,0,156,1,223,0
0,1,175,1,223,0
1,2,181,1,223,0
2,3,189,1,223,0
4,-6,222,1,223,0
-3,1,222,1,223,0
-7,-7,19,1,223,0
6,-3,27,1,223,0
-6,-4,35,1,223,0
7,-6,43,1,223,0
5,7,88,1,223,0
3,-4,93,1,223,0
6,8,95,1,223,0
-3,-5,122,1,223,0
-2,-2,142,1,223,0
-2,1,157,1,223,0
-1,0,178,1,223,0
0,2,182,1,223,0
1,3,188,1,223,0
2,-1,197,1,223,0
2,4,197,1,223,0
3,5,207,1,223,0
4,6,215,1,223,0
-7,-8,12,1,223,0
-2,2,19,1,223,0
6,-4,27,1,223,0
-6,-5,34,1,223,0
8,1,74,1,223,0
5,8,92,1,223,0
7,-7,93,1,223,0
7,0,97,1,223,0
2,-2,137,1,223,0
-2,-3,138,1,223,0
-1,1,176,1,223,0
0,3,189,1,223,0
2,5,205,1,223,0
3,-5,213,1,223,0
3,6,214,1,223,0
5,-1,221,1,223,0
4,7,222,1,223,0
2,6,23,1,223,0
-2,3,18,1,223,0
6,-5,25,1,223,0
-6,-6,27,1,223,0
5,-2,36,1,223,0
-2,-4,61,1,223,0
0,-7,67,1,223,0
7,-8,76,1,223,0
4,8,84,1,223,0
-3,-7,85,1,223,0
7,1,85,1,223,0
8,2,102,1,223,0
6,0,112,1,223,0
-1,2,179,1,223,0
-1,-1,186,1,223,0
0,4,195,1,223,0
1,5,199,1,223,0
2,-3,215,1,223,0
3,-6,219,1,223,0
3,7,222,1,223,0
-4,5,222,1,223,0
7,-9,4,1,223,0
-2,4,11,1,223,0
-6,-7,19,1,223,0
5,-3,34,1,223,0
-5,-4,43,1,223,0
8,-2,67,1,223,0
3,8,74,1,223,0
2,-4,86,1,223,0
6,-6,102,1,223,0
7,2,122,1,223,0
6,1,128,1,223,0
1,-1,189,1,223,0
-1,-2,194,1,223,0
1,6,206,1,223,0
-3,5,219,1,223,0
5,0,219,1,223,0
2,7,221,1,223,0
0,5,196,1,223,0
-3,6,6,1,223,0
0,6,41,1,223,0
8,-3,64,1,223,0
6,-7,71,1,223,0
4,0,74,1,223,0
6,2,125,1,223,0
5,1,134,1,223,0
1,-2,189,1,223,0
-8,1,193,1,223,0
4,-1,209,1,223,0
-1,-3,209,1,223,0
1,7,211,1,223,0
2,-5,212,1,223,0
-2,5,213,1,223,0
2,8,218,1,223,0
-9,-8,2,1,223,0
9,6,3,1,223,0
-3,7,23,1,223,0
-2,6,31,1,223,0
4,-2,43,1,223,0
0,7,48,1,223,0
1,8,53,1,223,0
8,-4,57,1,223,0
3,0,61,1,223,0
-2,-7,79,1,223,0
7,4,99,1,223,0
7,-1,106,1,223,0
6,3,106,1,223,0
-5,-6,111,1,223,0
5,-5,111,1,223,0
5,2,113,1,223,0
4,1,141,1,223,0
1,-3,208,1,223,0
-7,1,199,1,223,0
-1,5,206,1,223,0
-1,-4,215,1,223,0
0,8,6,1,224,0
-3,8,16,1,224,0
8,-5,29,1,224,0
-1,6,38,1,224,0
-4,-4,49,1,224,0
7,-2,69,1,224,0
6,4,109,1,224,0
8,6,102,1,224,0
-5,-7,106,1,224,0
4,-3,108,1,224,0
7,5,109,1,224,0
5,3,117,1,224,0
4,2,124,1,224,0
3,1,147,1,224,0
2,0,154,1,224,0
0,-1,179,1,224,0
1,-4,202,1,224,0
-6,1,206,1,224,0
-1,-5,222,1,224,0
-8,-7,6,1,224,0
8,-6,27,1,224,0
7,-3,61,1,224,0
7,6,108,1,224,0
6,5,118,1,224,0
4,-4,119,1,224,0
-4,-5,121,1,224,0
5,4,126,1,224,0
4,3,134,1,224,0
3,2,142,1,224,0
2,1,151,1,224,0
1,0,188,1,224,0
1,-5,203,1,224,0
3,-1,203,1,224,0
-5,1,212,1,224,0
-1,-6,223,1,224,0
-8,-8,9,1,224,0
4,-5,12,1,224,0
7,-4,52,1,224,0
-1,-7,73,1,224,0
8,-7,84,1,224,0
6,-1,107,1,224,0
6,6,109,1,224,0
-4,-6,114,1,224,0
3,-2,116,1,224,0
5,5,119,1,224,0
-3,-3,131,1,224,0
2,2,148,1,224,0
1,1,174,1,224,0
0,0,182,1,224,0
0,-3,206,1,224,0
-4,1,218,1,224,0
4,4,128,1,224,0
3,3,138,1,224,0
7,-5,48,1,224,0
1,-7,59,1,224,0
0,-4,74,1,224,0
-4,-7,92,1,224,0
6,7,108,1,224,0
5,6,117,1,224,0
4,5,125,1,224,0
3,-3,217,1,224,0
-3,-4,129,1,224,0
3,4,133,1,224,0
-2,0,156,1,224,0
0,1,175,1,224,0
1,2,181,1,224,0
2,3,189,1,224,0
4,-6,222,1,224,0
-3,1,223,1,224,0
-7,-7,19,1,224,0
6,-3,27,1,224,0
-6,-4,35,1,224,0
7,-6,43,1,224,0
5,7,88,1,224,0
3,-4,93,1,224,0
6,8,95,1,224,0
-3,-5,122,1,224,0
-2,-2,142,1,224,0
-2,1,157,1,224,0
-1,0,178,1,224,0
0,2,182,1,224,0
1,3,188,1,224,0
2,-1,197,1,224,0
2,4,197,1,224,0
3,5,207,1,224,0
4,6,215,1,224,0
4,-7,223,1,224,0
-7,-8,12,1,224,0
-2,2,19,1,224,0
6,-4,27,1,224,0
-6,-5,34,1,224,0
8,1,74,1,224,0
5,8,92,1,224,0
7,-7,93,1,224,0
7,0,97,1,224,0
2,-2,137,1,224,0
-2,-3,138,1,224,0
-1,1,176,1,224,0
0,3,189,1,224,0
2,5,205,1,224,0
3,-5,213,1,224,0
3,6,214,1,224,0
5,-1,222,1,224,0
4,7,223,1,224,0
2,6,23,1,224,0
-2,3,18,1,224,0
6,-5,25,1,224,0
-6,-6,27,1,224,0
5,-2,36,1,224,0
-2,-4,61,1,224,0
0,-7,67,1,224,0
7,-8,76,1,224,0
4,8,84,1,224,0
-3,-7,85,1,224,0
7,1,85,1,224,0
8,2,102,1,224,0
6,0,112,1,224,0
-1,2,179,1,224,0
-1,-1,186,1,224,0
0,4,195,1,224,0
1,5,199,1,224,0
2,-3,215,1,224,0
3,-6,219,1,224,0
3,7,223,1,224,0
-4,5,223,1,224,0
7,-9,4,1,224,0
-2,4,11,1,224,0
-6,-7,19,1,224,0
5,-3,34,1,224,0
-5,-4,43,1,224,0
8,-2,67,1,224,0
3,8,74,1,224,0
2,-4,86,1,224,0
6,-6,102,1,224,0
7,2,122,1,224,0
6,1,128,1,224,0
1,-1,189,1,224,0
-1,-2,194,1,224,0
1,6,206,1,224,0
-3,5,219,1,224,0
2,7,221,1,224,0
5,0,221,1,224,0
0,5,196,1,224,0
-3,6,6,1,224,0
0,6,41,1,224,0
8,-3,64,1,224,0
6,-7,71,1,224,0
4,0,74,1,224,0
6,2,125,1,224,0
5,1,134,1,224,0
1,-2,189,1,224,0
-8,1,193,1,224,0
4,-1,209,1,224,0
-1,-3,209,1,224,0
1,7,211,1,224,0
2,-5,212,1,224,0
-2,5,213,1,224,0
2,8,218,1,224,0
-9,-8,2,1,224,0
9,6,3,1,224,0
-3,7,23,1,224,0
-2,6,31,1,224,0
4,-2,43,1,224,0
0,7,48,1,224,0
1,8,53,1,224,0
8,-4,57,1,224,0
3,0,61,1,224,0
-2,-7,79,1,224,0
7,4,99,1,224,0
7,-1,106,1,224,0
6,3,106,1,224,0
-5,-6,111,1,224,0
5,-5,111,1,224,0
5,2,113,1,224,0
4,1,141,1,224,0
1,-3,208,1,224,0
-7,1,199,1,224,0
-1,5,206,1,224,0
-1,-4,215,1,224,0
0,8,6,1,225,0
-3,8,16,1,225,0
8,-5,29,1,225,0
-1,6,38,1,225,0
-4,-4,49,1,225,0
7,-2,69,1,225,0
6,4,109,1,225,0
8,6,102,1,225,0
-5,-7,106,1,225,0
4,-3,108,1,225,0
7,5,109,1,225,0
5,3,117,1,225,0
4,2,124,1,225,0
3,1,147,1,225,0
2,0,154,1,225,0
0,-1,179,1,225,0
1,-4,202,1,225,0
-6,1,206,1,225,0
-1,-5,222,1,225,0
-8,-7,6,1,225,0
8,-6,27,1,225,0
7,-3,61,1,225,0
7,6,108,1,225,0
6,5,118,1,225,0
4,-4,119,1,225,0
-4,-5,121,1,225,0
5,4,126,1,225,0
4,3,134,1,225,0
3,2,142,1,225,0
2,1,151,1,225,0
1,0,188,1,225,0
1,-5,203,1,225,0
3,-1,203,1,225,0
-5,1,212,1,225,0
-1,-6,224,1,225,0
-8,-8,9,1,225,0
4,-5,12,1,225,0
7,-4,52,1,225,0
-1,-7,73,1,225,0
8,-7,84,1,225,0
6,-1,107,1,225,0
6,6,109,1,225,0
-4,-6,114,1,225,0
3,-2,116,1,225,0
5,5,119,1,225,0
-3,-3,131,1,225,0
2,2,148,1,225,0
1,1,174,1,225,0
0,0,182,1,225,0
0,-3,206,1,225,0
-4,1,224,1,225,0
4,4,128,1,225,0
3,3,138,1,225,0
7,-5,48,1,225,0
1,-7,59,1,225,0
0,-4,74,1,225,0
-4,-7,92,1,225,0
6,7,108,1,225,0
5,6,117,1,225,0
4,5,125,1,225,0
3,-3,217,1,225,0
-3,-4,129,1,225,0
3,4,133,1,225,0
-2,0,156,1,225,0
0,1,175,1,225,0
1,2,181,1,225,0
2,3,189,1,225,0
4,-6,222,1,225,0
-3,1,223,1,225,0
-7,-7,19,1,225,0
6,-3,27,1,225,0
-6,-4,35,1,225,0
7,-6,43,1,225,0
5,7,88,1,225,0
3,-4,93,1,225,0
6,8,95,1,225,0
-3,-5,122,1,225,0
-2,-2,142,1,225,0
-2,1,157,1,225,0
-1,0,178,1,225,0
0,2,182,1,225,0
1,3,188,1,225,0
2,-1,197,1,225,0
2,4,197,1,225,0
3,5,207,1,225,0
4,6,215,1,225,0
4,-7,224,1,225,0
-7,-8,12,1,225,0
-2,2,19,1,225,0
6,-4,27,1,225,0
-6,-5,34,1,225,0
8,1,74,1,225,0
5,8,92,1,225,0
7,-7,93,1,225,0
7,0,97,1,225,0
2,-2,137,1,225,0
-2,-3,138,1,225,0
-1,1,176,1,225,0
0,3,189,1,225,0
2,5,205,1,225,0
3,-5,213,1,225,0
3,6,214,1,225,0
5,-1,223,1,225,0
4,7,224,1,225,0
2,6,23,1,225,0
-2,3,18,1,225,0
6,-5,25,1,225,0
-6,-6,27,1,225,0
5,-2,36,1,225,0
-2,-4,61,1,225,0
0,-7,67,1,225,0
7,-8,76,1,225,0
4,8,84,1,225,0
-3,-7,85,1,225,0
7,1,85,1,225,0
8,2,102,1,225,0
6,0,112,1,225,0
-1,2,179,1,225,0
-1,-1,186,1,225,0
0,4,195,1,225,0
1,5,199,1,225,0
2,-3,215,1,225,0
3,-6,219,1,225,0
3,7,224,1,225,0
-4,5,224,1,225,0
7,-9,4,1,225,0
-2,4,11,1,225,0
-6,-7,19,1,225,0
5,-3,34,1,225,0
-5,-4,43,1,225,0
8,-2,67,1,225,0
3,8,74,1,225,0
2,-4,86,1,225,0
6,-6,102,1,225,0
7,2,122,1,225,0
6,1,128,1,225,0
1,-1,189,1,225,0
-1,-2,194,1,225,0
1,6,206,1,225,0
-3,5,219,1,225,0
2,7,221,1,225,0
5,0,222,1,225,0
0,5,196,1,225,0
-3,6,6,1,225,0
0,6,41,1,225,0
8,-3,64,1,225,0
6,-7,71,1,225,0
4,0,74,1,225,0
6,2,125,1,225,0
5,1,134,1,225,0
1,-2,189,1,225,0
-8,1,193,1,225,0
4,-1,209,1,225,0
-1,-3,209,1,225,0
1,7,211,1,225,0
2,-5,212,1,225,0
-2,5,213,1,225,0
2,8,218,1,225,0
-9,-8,2,1,225,0
9,6,3,1,225,0
-3,7,23,1,225,0
-2,6,31,1,225,0
4,-2,43,1,225,0
0,7,48,1,225,0
1,8,53,1,225,0
8,-4,57,1,225,0
3,0,61,1,225,0
-2,-7,79,1,225,0
7,4,99,1,225,0
7,-1,106,1,225,0
6,3,106,1,225,0
-5,-6,111,1,225,0
5,-5,111,1,225,0
5,2,113,1,225,0
4,1,141,1,225,0
1,-3,208,1,225,0
-7,1,199,1,225,0
-1,5,206,1,225,0
-1,-4,215,1,225,0
0,8,6,1,226,0
-3,8,16,1,226,0
8,-5,29,1,226,0
-1,6,38,1,226,0
-4,-4,49,1,226,0
7,-2,69,1,226,0
6,4,109,1,226,0
8,6,102,1,226,0
-5,-7,106,1,226,0
4,-3,108,1,226,0
7,5,109,1,226,0
5,3,117,1,226,0
4,2,124,1,226,0
3,1,147,1,226,0
2,0,154,1,226,0
0,-1,179,1,226,0
1,-4,202,1,226,0
-6,1,206,1,226,0
-1,-5,222,1,226,0
-8,-7,6,1,226,0
8,-6,27,1,226,0
7,-3,61,1,226,0
7,6,108,1,226,0
6,5,118,1,226,0
4,-4,119,1,226,0
-4,-5,121,1,226,0
5,4,126,1,226,0
4,3,134,1,226,0
3,2,142,1,226,0
2,1,151,1,226,0
1,0,188,1,226,0
1,-5,203,1,226,0
3,-1,203,1,226,0
-5,1,212,1,226,0
-1,-6,225,1,226,0
-8,-8,9,1,226,0
4,-5,12,1,226,0
7,-4,52,1,226,0
-1,-7,73,1,226,0
8,-7,84,1,226,0
6,-1,107,1,226,0
6,6,109,1,226,0
-4,-6,114,1,226,0
3,-2,116,1,226,0
5,5,119,1,226,0
-3,-3,131,1,226,0
2,2,148,1,226,0
1,1,174,1,226,0
0,0,182,1,226,0
0,-3,206,1,226,0
-4,1,224,1,226,0
4,4,128,1,226,0
3,3,138,1,226,0
7,-5,48,1,226,0
1,-7,59,1,226,0
0,-4,74,1,226,0
-4,-7,92,1,226,0
6,7,108,1,226,0
5,6,117,1,226,0
4,5,125,1,226,0
3,-3,217,1,226,0
-3,-4,129,1,226,0
3,4,133,1,226,0
-2,0,156,1,226,0
0,1,175,1,226,0
1,2,181,1,226,0
2,3,189,1,226,0
4,-6,222,1,226,0
-3,1,223,1,226,0
-4,2,225,1,226,0
-7,-7,19,1,226,0
6,-3,27,1,226,0
-6,-4,35,1,226,0
7,-6,43,1,226,0
5,7,88,1,226,0
3,-4,93,1,226,0
6,8,95,1,226,0
-3,-5,122,1,226,0
-2,-2,142,1,226,0
-2,1,157,1,226,0
-1,0,178,1,226,0
0,2,182,1,226,0
1,3,188,1,226,0
2,-1,197,1,226,0
2,4,197,1,226,0
3,5,207,1,226,0
4,6,215,1,226,0
4,-7,225,1,226,0
-7,-8,12,1,226,0
-2,2,19,1,226,0
6,-4,27,1,226,0
-6,-5,34,1,226,0
8,1,74,1,226,0
7,-7,93,1,226,0
7,0,97,1,226,0
2,-2,137,1,226,0
-2,-3,138,1,226,0
-1,1,176,1,226,0
0,3,189,1,226,0
2,5,205,1,226,0
3,-5,213,1,226,0
3,6,214,1,226,0
4,7,224,1,226,0
5,-1,224,1,226,0
5,8,225,1,226,0
2,6,23,1,226,0
-2,3,18,1,226,0
6,-5,25,1,226,0
-6,-6,27,1,226,0
5,-2,36,1,226,0
-2,-4,61,1,226,0
0,-7,67,1,226,0
7,-8,76,1,226,0
4,8,84,1,226,0
-3,-7,85,1,226,0
7,1,85,1,226,0
8,2,102,1,226,0
6,0,112,1,226,0
-1,2,179,1,226,0
-1,-1,186,1,226,0
0,4,195,1,226,0
1,5,199,1,226,0
2,-3,215,1,226,0
3,-6,219,1,226,0
3,7,224,1,226,0
-4,5,225,1,226,0
7,-9,4,1,226,0
-2,4,11,1,226,0
-6,-7,19,1,226,0
5,-3,34,1,226,0
-5,-4,43,1,226,0
8,-2,67,1,226,0
2,-4,86,1,226,0
6,-6,102,1,226,0
7,2,122,1,226,0
6,1,128,1,226,0
1,-1,189,1,226,0
-1,-2,194,1,226,0
1,6,206,1,226,0
-3,5,219,1,226,0
2,7,221,1,226,0
5,0,223,1,226,0
3,8,225,1,226,0
0,5,196,1,226,0
-3,6,6,1,226,0
0,6,41,1,226,0
8,-3,64,1,226,0
6,-7,71,1,226,0
4,0,74,1,226,0
6,2,125,1,226,0
5,1,134,1,226,0
1,-2,189,1,226,0
-8,1,193,1,226,0
4,-1,209,1,226,0
-1,-3,209,1,226,0
1,7,211,1,226,0
2,-5,212,1,226,0
-2,5,213,1,226,0
2,8,218,1,226,0
-9,-8,2,1,226,0
9,6,3,1,226,0
-3,7,23,1,226,0
-2,6,31,1,226,0
4,-2,43,1,226,0
0,7,48,1,226,0
1,8,53,1,226,0
8,-4,57,1,226,0
3,0,61,1,226,0
-2,-7,79,1,226,0
7,4,99,1,226,0
7,-1,106,1,226,0
6,3,106,1,226,0
-5,-6,111,1,226,0
5,-5,111,1,226,0
5,2,113,1,226,0
4,1,141,1,226,0
1,-3,208,1,226,0
-7,1,199,1,226,0
-1,5,206,1,226,0
-1,-4,215,1,226,0
0,8,6,1,227,0
-3,8,16,1,227,0
8,-5,29,1,227,0
-1,6,38,1,227,0
-4,-4,49,1,227,0
7,-2,69,1,227,0
6,4,109,1,227,0
8,6,102,1,227,0
-5,-7,106,1,227,0
4,-3,108,1,227,0
7,5,109,1,227,0
5,3,117,1,227,0
4,2,124,1,227,0
3,1,147,1,227,0
2,0,154,1,227,0
0,-1,179,1,227,0
1,-4,202,1,227,0
-6,1,206,1,227,0
-1,-5,222,1,227,0
-8,-7,6,1,227,0
8,-6,27,1,227,0
7,-3,61,1,227,0
7,6,108,1,227,0
6,5,118,1,227,0
4,-4,119,1,227,0
-4,-5,121,1,227,0
5,4,126,1,227,0
4,3,134,1,227,0
3,2,142,1,227,0
2,1,151,1,227,0
1,0,188,1,227,0
1,-5,203,1,227,0
3,-1,203,1,227,0
-5,1,212,1,227,0
-1,-6,226,1,227,0
-8,-8,9,1,227,0
4,-5,12,1,227,0
7,-4,52,1,227,0
-1,-7,73,1,227,0
8,-7,84,1,227,0
6,-1,107,1,227,0
6,6,109,1,227,0
-4,-6,114,1,227,0
3,-2,116,1,227,0
5,5,119,1,227,0
-3,-3,131,1,227,0
2,2,148,1,227,0
1,1,174,1,227,0
0,0,182,1,227,0
0,-3,206,1,227,0
-4,1,224,1,227,0
3,3,138,1,227,0
4,4,128,1,227,0
7,-5,48,1,227,0
1,-7,59,1,227,0
0,-4,74,1,227,0
-4,-7,92,1,227,0
6,7,108,1,227,0
5,6,117,1,227,0
4,5,125,1,227,0
3,-3,217,1,227,0
-3,-4,129,1,227,0
3,4,133,1,227,0
-2,0,156,1,227,0
0,1,175,1,227,0
1,2,181,1,227,0
2,3,189,1,227,0
4,-6,222,1,227,0
-3,1,223,1,227,0
-4,2,226,1,227,0
-7,-7,19,1,227,0
6,-3,27,1,227,0
-6,-4,35,1,227,0
7,-6,43,1,227,0
5,7,88,1,227,0
3,-4,93,1,227,0
6,8,95,1,227,0
-3,-5,122,1,227,0
-2,-2,142,1,227,0
-2,1,157,1,227,0
-1,0,178,1,227,0
0,2,182,1,227,0
1,3,188,1,227,0
2,-1,197,1,227,0
2,4,197,1,227,0
3,5,207,1,227,0
4,6,215,1,227,0
4,-7,226,1,227,0
-7,-8,12,1,227,0
-2,2,19,1,227,0
6,-4,27,1,227,0
-6,-5,34,1,227,0
8,1,74,1,227,0
7,-7,93,1,227,0
7,0,97,1,227,0
2,-2,137,1,227,0
-2,-3,138,1,227,0
-1,1,176,1,227,0
0,3,189,1,227,0
2,5,205,1,227,0
3,-5,213,1,227,0
3,6,214,1,227,0
4,7,224,1,227,0
5,-1,225,1,227,0
5,8,226,1,227,0
-5,5,226,1,227,0
2,6,23,1,227,0
-2,3,18,1,227,0
6,-5,25,1,227,0
-6,-6,27,1,227,0
5,-2,36,1,227,0
-2,-4,61,1,227,0
0,-7,67,1,227,0
7,-8,76,1,227,0
4,8,84,1,227,0
-3,-7,85,1,227,0
7,1,85,1,227,0
8,2,102,1,227,0
6,0,112,1,227,0
-1,2,179,1,227,0
-1,-1,186,1,227,0
0,4,195,1,227,0
1,5,199,1,227,0
2,-3,215,1,227,0
3,-6,219,1,227,0
3,7,224,1,227,0
-4,5,225,1,227,0
7,-9,4,1,227,0
-2,4,11,1,227,0
-6,-7,19,1,227,0
5,-3,34,1,227,0
-5,-4,43,1,227,0
8,-2,67,1,227,0
2,-4,86,1,227,0
6,-6,102,1,227,0
7,2,122,1,227,0
6,1,128,1,227,0
1,-1,189,1,227,0
-1,-2,194,1,227,0
1,6,206,1,227,0
-3,5,219,1,227,0
2,7,221,1,227,0
5,0,224,1,227,0
3,8,226,1,227,0
0,5,196,1,227,0
-3,6,6,1,227,0
0,6,41,1,227,0
8,-3,64,1,227,0
6,-7,71,1,227,0
4,0,74,1,227,0
6,2,125,1,227,0
5,1,134,1,227,0
1,-2,189,1,227,0
-8,1,193,1,227,0
4,-1,209,1,227,0
-1,-3,209,1,227,0
1,7,211,1,227,0
2,-5,212,1,227,0
-2,5,213,1,227,0
2,8,218,1,227,0
-9,-8,2,1,227,0
9,6,3,1,227,0
-3,7,23,1,227,0
-2,6,31,1,227,0
4,-2,43,1,227,0
0,7,48,1,227,0
1,8,53,1,227,0
8,-4,57,1,227,0
3,0,61,1,227,0
-2,-7,79,1,227,0
7,4,99,1,227,0
7,-1,106,1,227,0
6,3,106,1,227,0
-5,-6,111,1,227,0
5,-5,111,1,227,0
5,2,113,1,227,0
4,1,141,1,227,0
1,-3,208,1,227,0
-7,1,199,1,227,0
-1,5,206,1,227,0
-1,-4,215,1,227,0
0,8,6,1,228,0
-3,8,16,1,228,0
8,-5,29,1,228,0
-1,6,38,1,228,0
-4,-4,49,1,228,0
7,-2,69,1,228,0
6,4,109,1,228,0
8,6,102,1,228,0
-5,-7,106,1,228,0
4,-3,108,1,228,0
7,5,109,1,228,0
5,3,117,1,228,0
4,2,124,1,228,0
3,1,147,1,228,0
2,0,154,1,228,0
0,-1,179,1,228,0
1,-4,202,1,228,0
-6,1,206,1,228,0
-1,-5,222,1,228,0
-8,-7,6,1,228,0
8,-6,27,1,228,0
7,-3,61,1,228,0
7,6,108,1,228,0
6,5,118,1,228,0
4,-4,119,1,228,0
-4,-5,121,1,228,0
5,4,126,1,228,0
4,3,134,1,228,0
3,2,142,1,228,0
2,1,151,1,228,0
1,0,188,1,228,0
1,-5,203,1,228,0
3,-1,203,1,228,0
-5,1,212,1,228,0
-1,-6,227,1,228,0
-8,-8,9,1,228,0
4,-5,12,1,228,0
7,-4,52,1,228,0
-1,-7,73,1,228,0
8,-7,84,1,228,0
6,-1,107,1,228,0
6,6,109,1,228,0
-4,-6,114,1,228,0
3,-2,116,1,228,0
5,5,119,1,228,0
-3,-3,131,1,228,0
2,2,148,1,228,0
1,1,174,1,228,0
0,0,182,1,228,0
0,-3,206,1,228,0
-4,1,224,1,228,0
4,4,128,1,228,0
3,3,138,1,228,0
7,-5,48,1,228,0
1,-7,59,1,228,0
0,-4,74,1,228,0
-4,-7,92,1,228,0
6,7,108,1,228,0
5,6,117,1,228,0
4,5,125,1,228,0
3,-3,217,1,228,0
-3,-4,129,1,228,0
3,4,133,1,228,0
-2,0,156,1,228,0
0,1,175,1,228,0
1,2,181,1,228,0
2,3,189,1,228,0
4,-6,222,1,228,0
-3,1,223,1,228,0
-4,2,227,1,228,0
-7,-7,19,1,228,0
6,-3,27,1,228,0
-6,-4,35,1,228,0
7,-6,43,1,228,0
5,7,88,1,228,0
3,-4,93,1,228,0
6,8,95,1,228,0
-3,-5,122,1,228,0
-2,-2,142,1,228,0
-2,1,157,1,228,0
-1,0,178,1,228,0
0,2,182,1,228,0
1,3,188,1,228,0
2,-1,197,1,228,0
2,4,197,1,228,0
3,5,207,1,228,0
4,6,215,1,228,0
4,-7,227,1,228,0
-7,-8,12,1,228,0
-2,2,19,1,228,0
6,-4,27,1,228,0
-6,-5,34,1,228,0
8,1,74,1,228,0
7,-7,93,1,228,0
7,0,97,1,228,0
2,-2,137,1,228,0
-2,-3,138,1,228,0
-1,1,176,1,228,0
0,3,189,1,228,0
2,5,205,1,228,0
3,-5,213,1,228,0
3,6,214,1,228,0
4,7,224,1,228,0
5,-1,226,1,228,0
5,8,227,1,228,0
-5,5,227,1,228,0
2,6,23,1,228,0
-2,3,18,1,228,0
6,-5,25,1,228,0
-6,-6,27,1,228,0
5,-2,36,1,228,0
-2,-4,61,1,228,0
0,-7,67,1,228,0
7,-8,76,1,228,0
4,8,84,1,228,0
-3,-7,85,1,228,0
7,1,85,1,228,0
8,2,102,1,228,0
6,0,112,1,228,0
-1,2,179,1,228,0
-1,-1,186,1,228,0
0,4,195,1,228,0
1,5,199,1,228,0
2,-3,215,1,228,0
3,-6,219,1,228,0
3,7,224,1,228,0
-4,5,225,1,228,0
7,-9,4,1,228,0
-2,4,11,1,228,0
-6,-7,19,1,228,0
5,-3,34,1,228,0
-5,-4,43,1,228,0
8,-2,67,1,228,0
2,-4,86,1,228,0
6,-6,102,1,228,0
7,2,122,1,228,0
6,1,128,1,228,0
1,-1,189,1,228,0
-1,-2,194,1,228,0
1,6,206,1,228,0
-3,5,219,1,228,0
2,7,221,1,228,0
5,0,225,1,228,0
3,8,227,1,228,0
0,5,196,1,228,0
-3,6,6,1,228,0
0,6,41,1,228,0
8,-3,64,1,228,0
6,-7,71,1,228,0
4,0,74,1,228,0
6,2,125,1,228,0
5,1,134,1,228,0
1,-2,189,1,228,0
-8,1,193,1,228,0
4,-1,209,1,228,0
-1,-3,209,1,228,0
1,7,211,1,228,0
2,-5,212,1,228,0
-2,5,213,1,228,0
2,8,218,1,228,0
-9,-8,2,1,228,0
9,6,3,1,228,0
-3,7,23,1,228,0
-2,6,31,1,228,0
4,-2,43,1,228,0
0,7,48,1,228,0
1,8,53,1,228,0
8,-4,57,1,228,0
3,0,61,1,228,0
-2,-7,79,1,228,0
7,4,99,1,228,0
7,-1,106,1,228,0
6,3,106,1,228,0
-5,-6,111,1,228,0
5,-5,111,1,228,0
5,2,113,1,228,0
4,1,141,1,228,0
1,-3,208,1,228,0
-7,1,199,1,228,0
-1,5,206,1,228,0
-1,-4,215,1,228,0
0,8,6,1,229,0
-3,8,16,1,229,0
8,-5,29,1,229,0
-1,6,38,1,229,0
-4,-4,49,1,229,0
7,-2,69,1,229,0
6,4,109,1,229,0
8,6,102,1,229,0
-5,-7,106,1,229,0
4,-3,108,1,229,0
7,5,109,1,229,0
5,3,117,1,229,0
4,2,124,1,229,0
3,1,147,1,229,0
2,0,154,1,229,0
0,-1,179,1,229,0
1,-4,202,1,229,0
-6,1,206,1,229,0
-1,-5,222,1,229,0
-8,-7,6,1,229,0
8,-6,27,1,229,0
7,-3,61,1,229,0
7,6,108,1,229,0
6,5,118,1,229,0
4,-4,119,1,229,0
-4,-5,121,1,229,0
5,4,126,1,229,0
4,3,134,1,229,0
3,2,142,1,229,0
2,1,151,1,229,0
1,0,188,1,229,0
1,-5,203,1,229,0
3,-1,203,1,229,0
-5,1,212,1,229,0
-1,-6,228,1,229,0
-8,-8,9,1,229,0
4,-5,12,1,229,0
7,-4,52,1,229,0
-1,-7,73,1,229,0
8,-7,84,1,229,0
6,-1,107,1,229,0
6,6,109,1,229,0
-4,-6,114,1,229,0
3,-2,116,1,229,0
5,5,119,1,229,0
-3,-3,131,1,229,0
2,2,148,1,229,0
1,1,174,1,229,0
0,0,182,1,229,0
0,-3,206,1,229,0
-4,1,224,1,229,0
3,3,138,1,229,0
4,4,128,1,229,0
7,-5,48,1,229,0
1,-7,59,1,229,0
0,-4,74,1,229,0
-4,-7,92,1,229,0
6,7,108,1,229,0
5,6,117,1,229,0
4,5,125,1,229,0
3,-3,217,1,229,0
-3,-4,129,1,229,0
3,4,133,1,229,0
-2,0,156,1,229,0
0,1,175,1,229,0
1,2,181,1,229,0
2,3,189,1,229,0
4,-6,222,1,229,0
-3,1,223,1,229,0
-4,2,228,1,229,0
-7,-7,19,1,229,0
6,-3,27,1,229,0
-6,-4,35,1,229,0
7,-6,43,1,229,0
3,-4,93,1,229,0
6,8,95,1,229,0
-3,-5,122,1,229,0
-2,-2,142,1,229,0
-2,1,157,1,229,0
-1,0,178,1,229,0
0,2,182,1,229,0
1,3,188,1,229,0
2,-1,197,1,229,0
2,4,197,1,229,0
3,5,207,1,229,0
4,6,215,1,229,0
4,-7,228,1,229,0
5,7,228,1,229,0
-7,-8,12,1,229,0
-2,2,19,1,229,0
6,-4,27,1,229,0
-6,-5,34,1,229,0
8,1,74,1,229,0
7,-7,93,1,229,0
7,0,97,1,229,0
2,-2,137,1,229,0
-2,-3,138,1,229,0
-1,1,176,1,229,0
0,3,189,1,229,0
2,5,205,1,229,0
3,-5,213,1,229,0
3,6,214,1,229,0
4,7,224,1,229,0
5,8,227,1,229,0
5,-1,227,1,229,0
-5,5,228,1,229,0
2,6,23,1,229,0
-2,3,18,1,229,0
6,-5,25,1,229,0
-6,-6,27,1,229,0
5,-2,36,1,229,0
-2,-4,61,1,229,0
0,-7,67,1,229,0
7,-8,76,1,229,0
4,8,84,1,229,0
-3,-7,85,1,229,0
7,1,85,1,229,0
8,2,102,1,229,0
6,0,112,1,229,0
-1,2,179,1,229,0
-1,-1,186,1,229,0
0,4,195,1,229,0
1,5,199,1,229,0
2,-3,215,1,229,0
3,-6,219,1,229,0
3,7,224,1,229,0
-4,5,225,1,229,0
7,-9,4,1,229,0
-2,4,11,1,229,0
-6,-7,19,1,229,0
5,-3,34,1,229,0
-5,-4,43,1,229,0
8,-2,67,1,229,0
2,-4,86,1,229,0
6,-6,102,1,229,0
7,2,122,1,229,0
6,1,128,1,229,0
1,-1,189,1,229,0
-1,-2,194,1,229,0
1,6,206,1,229,0
-3,5,219,1,229,0
2,7,221,1,229,0
5,0,226,1,229,0
3,8,228,1,229,0
0,5,196,1,229,0
-3,6,6,1,229,0
0,6,41,1,229,0
8,-3,64,1,229,0
6,-7,71,1,229,0
4,0,74,1,229,0
6,2,125,1,229,0
5,1,134,1,229,0
1,-2,189,1,229,0
-8,1,193,1,229,0
4,-1,209,1,229,0
-1,-3,209,1,229,0
1,7,211,1,229,0
2,-5,212,1,229,0
-2,5,213,1,229,0
2,8,218,1,229,0
-9,-8,2,1,229,0
9,6,3,1,229,0
-3,7,23,1,229,0
-2,6,31,1,229,0
4,-2,43,1,229,0
0,7,48,1,229,0
1,8,53,1,229,0
8,-4,57,1,229,0
3,0,61,1,229,0
-2,-7,79,1,229,0
7,4,99,1,229,0
7,-1,106,1,229,0
6,3,106,1,229,0
-5,-6,111,1,229,0
5,-5,111,1,229,0
5,2,113,1,229,0
4,1,141,1,229,0
1,-3,208,1,229,0
-7,1,199,1,229,0
-1,5,206,1,229,0
-1,-4,215,1,229,0
0,8,6,1,230,0
-3,8,16,1,230,0
8,-5,29,1,230,0
-1,6,38,1,230,0
-4,-4,49,1,230,0
7,-2,69,1,230,0
6,4,109,1,230,0
8,6,102,1,230,0
-5,-7,106,1,230,0
4,-3,108,1,230,0
7,5,109,1,230,0
5,3,117,1,230,0
4,2,124,1,230,0
3,1,147,1,230,0
2,0,154,1,230,0
0,-1,179,1,230,0
1,-4,202,1,230,0
-6,1,206,1,230,0
-1,-5,222,1,230,0
-8,-7,6,1,230,0
8,-6,27,1,230,0
7,-3,61,1,230,0
7,6,108,1,230,0
6,5,118,1,230,0
4,-4,119,1,230,0
-4,-5,121,1,230,0
5,4,126,1,230,0
4,3,134,1,230,0
3,2,142,1,230,0
2,1,151,1,230,0
1,0,188,1,230,0
1,-5,203,1,230,0
3,-1,203,1,230,0
-5,1,212,1,230,0
-1,-6,228,1,230,0
-8,-8,9,1,230,0
4,-5,12,1,230,0
7,-4,52,1,230,0
8,-7,84,1,230,0
6,-1,107,1,230,0
6,6,109,1,230,0
-4,-6,114,1,230,0
3,-2,116,1,230,0
5,5,119,1,230,0
-3,-3,131,1,230,0
2,2,148,1,230,0
1,1,174,1,230,0
0,0,182,1,230,0
0,-3,206,1,230,0
-4,1,224,1,230,0
3,3,138,1,230,0
4,4,128,1,230,0
-1,-7,229,1,230,0
7,-5,48,1,230,0
1,-7,59,1,230,0
0,-4,74,1,230,0
-4,-7,92,1,230,0
6,7,108,1,230,0
5,6,117,1,230,0
4,5,125,1,230,0
3,-3,217,1,230,0
-3,-4,129,1,230,0
3,4,133,1,230,0
-2,0,156,1,230,0
0,1,175,1,230,0
1,2,181,1,230,0
2,3,189,1,230,0
4,-6,222,1,230,0
-3,1,223,1,230,0
-4,2,229,1,230,0
-7,-7,19,1,230,0
6,-3,27,1,230,0
-6,-4,35,1,230,0
7,-6,43,1,230,0
3,-4,93,1,230,0
6,8,95,1,230,0
-3,-5,122,1,230,0
-2,-2,142,1,230,0
-2,1,157,1,230,0
-1,0,178,1,230,0
0,2,182,1,230,0
1,3,188,1,230,0
2,-1,197,1,230,0
2,4,197,1,230,0
3,5,207,1,230,0
4,6,215,1,230,0
4,-7,229,1,230,0
5,7,229,1,230,0
-7,-8,12,1,230,0
-2,2,19,1,230,0
6,-4,27,1,230,0
-6,-5,34,1,230,0
8,1,74,1,230,0
7,-7,93,1,230,0
7,0,97,1,230,0
2,-2,137,1,230,0
-2,-3,138,1,230,0
-1,1,176,1,230,0
0,3,189,1,230,0
2,5,205,1,230,0
3,-5,213,1,230,0
3,6,214,1,230,0
4,7,224,1,230,0
5,8,227,1,230,0
5,-1,228,1,230,0
-5,5,229,1,230,0
2,6,23,1,230,0
-2,3,18,1,230,0
6,-5,25,1,230,0
-6,-6,27,1,230,0
5,-2,36,1,230,0
-2,-4,61,1,230,0
0,-7,67,1,230,0
7,-8,76,1,230,0
4,8,84,1,230,0
-3,-7,85,1,230,0
7,1,85,1,230,0
8,2,102,1,230,0
6,0,112,1,230,0
-1,2,179,1,230,0
-1,-1,186,1,230,0
0,4,195,1,230,0
1,5,199,1,230,0
2,-3,215,1,230,0
3,-6,219,1,230,0
3,7,224,1,230,0
-4,5,225,1,230,0
7,-9,4,1,230,0
-2,4,11,1,230,0
-6,-7,19,1,230,0
5,-3,34,1,230,0
-5,-4,43,1,230,0
8,-2,67,1,230,0
2,-4,86,1,230,0
6,-6,102,1,230,0
7,2,122,1,230,0
6,1,128,1,230,0
1,-1,189,1,230,0
-1,-2,194,1,230,0
1,6,206,1,230,0
-3,5,219,1,230,0
2,7,221,1,230,0
5,0,227,1,230,0
3,8,229,1,230,0
0,5,196,1,230,0
-3,6,6,1,230,0
0,6,41,1,230,0
8,-3,64,1,230,0
6,-7,71,1,230,0
4,0,74,1,230,0
6,2,125,1,230,0
5,1,134,1,230,0
1,-2,189,1,230,0
-8,1,193,1,230,0
4,-1,209,1,230,0
-1,-3,209,1,230,0
1,7,211,1,230,0
2,-5,212,1,230,0
-2,5,213,1,230,0
2,8,218,1,230,0
-9,-8,2,1,230,0
9,6,3,1,230,0
-3,7,23,1,230,0
-2,6,31,1,230,0
4,-2,43,1,230,0
0,7,48,1,230,0
1,8,53,1,230,0
8,-4,57,1,230,0
3,0,61,1,230,0
-2,-7,79,1,230,0
7,4,99,1,230,0
7,-1,106,1,230,0
6,3,106,1,230,0
-5,-6,111,1,230,0
5,-5,111,1,230,0
5,2,113,1,230,0
4,1,141,1,230,0
1,-3,208,1,230,0
-7,1,199,1,230,0
-1,5,206,1,230,0
-1,-4,215,1,230,0
0,8,6,1,231,0
-3,8,16,1,231,0
8,-5,29,1,231,0
-1,6,38,1,231,0
-4,-4,49,1,231,0
7,-2,69,1,231,0
6,4,109,1,231,0
8,6,102,1,231,0
-5,-7,106,1,231,0
4,-3,108,1,231,0
7,5,109,1,231,0
5,3,117,1,231,0
4,2,124,1,231,0
3,1,147,1,231,0
2,0,154,1,231,0
0,-1,179,1,231,0
1,-4,202,1,231,0
-6,1,206,1,231,0
-1,-5,222,1,231,0
-8,-7,6,1,231,0
8,-6,27,1,231,0
7,-3,61,1,231,0
7,6,108,1,231,0
6,5,118,1,231,0
4,-4,119,1,231,0
-4,-5,121,1,231,0
5,4,126,1,231,0
4,3,134,1,231,0
3,2,142,1,231,0
2,1,151,1,231,0
1,0,188,1,231,0
1,-5,203,1,231,0
3,-1,203,1,231,0
-5,1,212,1,231,0
-1,-6,228,1,231,0
-8,-8,9,1,231,0
4,-5,12,1,231,0
7,-4,52,1,231,0
8,-7,84,1,231,0
6,6,109,1,231,0
-4,-6,114,1,231,0
3,-2,116,1,231,0
5,5,119,1,231,0
-3,-3,131,1,231,0
2,2,148,1,231,0
1,1,174,1,231,0
0,0,182,1,231,0
0,-3,206,1,231,0
-4,1,224,1,231,0
-1,-7,229,1,231,0
6,-1,229,1,231,0
3,3,138,1,231,0
4,4,128,1,231,0
7,-5,48,1,231,0
1,-7,59,1,231,0
0,-4,74,1,231,0
-4,-7,92,1,231,0
6,7,108,1,231,0
5,6,117,1,231,0
4,5,125,1,231,0
3,-3,217,1,231,0
-3,-4,129,1,231,0
3,4,133,1,231,0
-2,0,156,1,231,0
0,1,175,1,231,0
1,2,181,1,231,0
2,3,189,1,231,0
4,-6,222,1,231,0
-3,1,223,1,231,0
-4,2,229,1,231,0
-7,-7,19,1,231,0
6,-3,27,1,231,0
-6,-4,35,1,231,0
7,-6,43,1,231,0
3,-4,93,1,231,0
6,8,95,1,231,0
-3,-5,122,1,231,0
-2,-2,142,1,231,0
-2,1,157,1,231,0
-1,0,178,1,231,0
0,2,182,1,231,0
1,3,188,1,231,0
2,-1,197,1,231,0
2,4,197,1,231,0
3,5,207,1,231,0
4,6,215,1,231,0
4,-7,229,1,231,0
5,7,229,1,231,0
-7,-8,12,1,231,0
-2,2,19,1,231,0
6,-4,27,1,231,0
-6,-5,34,1,231,0
8,1,74,1,231,0
7,-7,93,1,231,0
7,0,97,1,231,0
2,-2,137,1,231,0
-2,-3,138,1,231,0
-1,1,176,1,231,0
0,3,189,1,231,0
2,5,205,1,231,0
3,-5,213,1,231,0
3,6,214,1,231,0
4,7,224,1,231,0
5,8,227,1,231,0
5,-1,228,1,231,0
-5,5,229,1,231,0
2,6,23,1,231,0
-2,3,18,1,231,0
6,-5,25,1,231,0
-6,-6,27,1,231,0
5,-2,36,1,231,0
-2,-4,61,1,231,0
0,-7,67,1,231,0
7,-8,76,1,231,0
4,8,84,1,231,0
-3,-7,85,1,231,0
7,1,85,1,231,0
8,2,102,1,231,0
6,0,112,1,231,0
-1,2,179,1,231,0
-1,-1,186,1,231,0
0,4,195,1,231,0
1,5,199,1,231,0
2,-3,215,1,231,0
3,-6,219,1,231,0
3,7,224,1,231,0
-4,5,225,1,231,0
7,-9,4,1,231,0
-2,4,11,1,231,0
-6,-7,19,1,231,0
5,-3,34,1,231,0
-5,-4,43,1,231,0
8,-2,67,1,231,0
2,-4,86,1,231,0
6,-6,102,1,231,0
7,2,122,1,231,0
6,1,128,1,231,0
1,-1,189,1,231,0
-1,-2,194,1,231,0
1,6,206,1,231,0
-3,5,219,1,231,0
2,7,221,1,231,0
3,8,229,1,231,0
5,0,229,1,231,0
0,5,196,1,231,0
-3,6,6,1,231,0
0,6,41,1,231,0
8,-3,64,1,231,0
6,-7,71,1,231,0
4,0,74,1,231,0
6,2,125,1,231,0
5,1,134,1,231,0
1,-2,189,1,231,0
-8,1,193,1,231,0
4,-1,209,1,231,0
-1,-3,209,1,231,0
1,7,211,1,231,0
2,-5,212,1,231,0
-2,5,213,1,231,0
2,8,218,1,231,0
-9,-8,2,1,231,0
9,6,3,1,231,0
-3,7,23,1,231,0
-2,6,31,1,231,0
4,-2,43,1,231,0
0,7,48,1,231,0
1,8,53,1,231,0
8,-4,57,1,231,0
3,0,61,1,231,0
-2,-7,79,1,231,0
7,4,99,1,231,0
7,-1,106,1,231,0
6,3,106,1,231,0
-5,-6,111,1,231,0
5,-5,111,1,231,0
5,2,113,1,231,0
4,1,141,1,231,0
1,-3,208,1,231,0
-7,1,199,1,231,0
-1,5,206,1,231,0
-1,-4,215,1,231,0
0,8,6,1,232,0
-3,8,16,1,232,0
8,-5,29,1,232,0
-1,6,38,1,232,0
-4,-4,49,1,232,0
7,-2,69,1,232,0
6,4,109,1,232,0
8,6,102,1,232,0
-5,-7,106,1,232,0
4,-3,108,1,232,0
7,5,109,1,232,0
5,3,117,1,232,0
4,2,124,1,232,0
3,1,147,1,232,0
2,0,154,1,232,0
0,-1,179,1,232,0
1,-4,202,1,232,0
-6,1,206,1,232,0
-1,-5,222,1,232,0
-8,-7,6,1,232,0
8,-6,27,1,232,0
7,-3,61,1,232,0
7,6,108,1,232,0
6,5,118,1,232,0
4,-4,119,1,232,0
-4,-5,121,1,232,0
5,4,126,1,232,0
4,3,134,1,232,0
3,2,142,1,232,0
2,1,151,1,232,0
1,0,188,1,232,0
1,-5,203,1,232,0
3,-1,203,1,232,0
-5,1,212,1,232,0
-1,-6,228,1,232,0
5,-7,231,1,232,0
-8,-8,9,1,232,0
4,-5,12,1,232,0
7,-4,52,1,232,0
8,-7,84,1,232,0
6,6,109,1,232,0
-4,-6,114,1,232,0
3,-2,116,1,232,0
5,5,119,1,232,0
-3,-3,131,1,232,0
2,2,148,1,232,0
1,1,174,1,232,0
0,0,182,1,232,0
0,-3,206,1,232,0
-4,1,224,1,232,0
6,-1,229,1,232,0
-1,-7,231,1,232,0
4,4,128,1,232,0
3,3,138,1,232,0
7,-5,48,1,232,0
1,-7,59,1,232,0
0,-4,74,1,232,0
-4,-7,92,1,232,0
6,7,108,1,232,0
5,6,117,1,232,0
4,5,125,1,232,0
3,-3,217,1,232,0
-3,-4,129,1,232,0
3,4,133,1,232,0
-2,0,156,1,232,0
0,1,175,1,232,0
1,2,181,1,232,0
2,3,189,1,232,0
4,-6,222,1,232,0
-3,1,223,1,232,0
-4,2,231,1,232,0
-7,-7,19,1,232,0
6,-3,27,1,232,0
-6,-4,35,1,232,0
7,-6,43,1,232,0
3,-4,93,1,232,0
6,8,95,1,232,0
-3,-5,122,1,232,0
-2,-2,142,1,232,0
-2,1,157,1,232,0
-1,0,178,1,232,0
0,2,182,1,232,0
1,3,188,1,232,0
2,-1,197,1,232,0
2,4,197,1,232,0
3,5,207,1,232,0
4,6,215,1,232,0
4,-7,229,1,232,0
5,7,231,1,232,0
-7,-8,12,1,232,0
-2,2,19,1,232,0
6,-4,27,1,232,0
-6,-5,34,1,232,0
8,1,74,1,232,0
7,-7,93,1,232,0
7,0,97,1,232,0
2,-2,137,1,232,0
-2,-3,138,1,232,0
-1,1,176,1,232,0
0,3,189,1,232,0
2,5,205,1,232,0
3,-5,213,1,232,0
3,6,214,1,232,0
4,7,224,1,232,0
5,8,227,1,232,0
5,-1,228,1,232,0
-5,5,231,1,232,0
2,6,23,1,232,0
-2,3,18,1,232,0
6,-5,25,1,232,0
-6,-6,27,1,232,0
5,-2,36,1,232,0
-2,-4,61,1,232,0
0,-7,67,1,232,0
7,-8,76,1,232,0
4,8,84,1,232,0
-3,-7,85,1,232,0
7,1,85,1,232,0
8,2,102,1,232,0
6,0,112,1,232,0
-1,2,179,1,232,0
-1,-1,186,1,232,0
0,4,195,1,232,0
1,5,199,1,232,0
2,-3,215,1,232,0
3,-6,219,1,232,0
3,7,224,1,232,0
-4,5,225,1,232,0
7,-9,4,1,232,0
-2,4,11,1,232,0
-6,-7,19,1,232,0
5,-3,34,1,232,0
-5,-4,43,1,232,0
8,-2,67,1,232,0
2,-4,86,1,232,0
6,-6,102,1,232,0
7,2,122,1,232,0
6,1,128,1,232,0
1,-1,189,1,232,0
-1,-2,194,1,232,0
1,6,206,1,232,0
-3,5,219,1,232,0
2,7,221,1,232,0
5,0,229,1,232,0
3,8,231,1,232,0
0,5,196,1,232,0
-3,6,6,1,232,0
0,6,41,1,232,0
8,-3,64,1,232,0
6,-7,71,1,232,0
4,0,74,1,232,0
6,2,125,1,232,0
5,1,134,1,232,0
1,-2,189,1,232,0
-8,1,193,1,232,0
4,-1,209,1,232,0
-1,-3,209,1,232,0
1,7,211,1,232,0
2,-5,212,1,232,0
-2,5,213,1,232,0
2,8,218,1,232,0
-9,-8,2,1,232,0
9,6,3,1,232,0
-3,7,23,1,232,0
-2,6,31,1,232,0
4,-2,43,1,232,0
0,7,48,1,232,0
1,8,53,1,232,0
8,-4,57,1,232,0
3,0,61,1,232,0
-2,-7,79,1,232,0
7,4,99,1,232,0
7,-1,106,1,232,0
6,3,106,1,232,0
-5,-6,111,1,232,0
5,-5,111,1,232,0
5,2,113,1,232,0
4,1,141,1,232,0
1,-3,208,1,232,0
-7,1,199,1,232,0
-1,5,206,1,232,0
-1,-4,215,1,232,0
0,8,6,1,233,0
-3,8,16,1,233,0
8,-5,29,1,233,0
-1,6,38,1,233,0
-4,-4,49,1,233,0
7,-2,69,1,233,0
6,4,109,1,233,0
8,6,102,1,233,0
-5,-7,106,1,233,0
4,-3,108,1,233,0
7,5,109,1,233,0
5,3,117,1,233,0
4,2,124,1,233,0
3,1,147,1,233,0
2,0,154,1,233,0
0,-1,179,1,233,0
1,-4,202,1,233,0
-6,1,206,1,233,0
-1,-5,222,1,233,0
-8,-7,6,1,233,0
8,-6,27,1,233,0
7,-3,61,1,233,0
7,6,108,1,233,0
6,5,118,1,233,0
4,-4,119,1,233,0
-4,-5,121,1,233,0
5,4,126,1,233,0
4,3,134,1,233,0
3,2,142,1,233,0
2,1,151,1,233,0
1,0,188,1,233,0
1,-5,203,1,233,0
3,-1,203,1,233,0
-5,1,212,1,233,0
-1,-6,228,1,233,0
5,-7,231,1,233,0
-8,-8,9,1,233,0
4,-5,12,1,233,0
7,-4,52,1,233,0
8,-7,84,1,233,0
6,6,109,1,233,0
-4,-6,114,1,233,0
3,-2,116,1,233,0
5,5,119,1,233,0
-3,-3,131,1,233,0
2,2,148,1,233,0
1,1,174,1,233,0
0,0,182,1,233,0
0,-3,206,1,233,0
-4,1,224,1,233,0
5,-8,232,1,233,0
6,-1,231,1,233,0
-1,-7,232,1,233,0
4,4,128,1,233,0
3,3,138,1,233,0
7,-5,48,1,233,0
1,-7,59,1,233,0
0,-4,74,1,233,0
-4,-7,92,1,233,0
6,7,108,1,233,0
5,6,117,1,233,0
4,5,125,1,233,0
3,-3,217,1,233,0
-3,-4,129,1,233,0
3,4,133,1,233,0
-2,0,156,1,233,0
0,1,175,1,233,0
1,2,181,1,233,0
2,3,189,1,233,0
4,-6,222,1,233,0
-3,1,223,1,233,0
-4,2,232,1,233,0
-7,-7,19,1,233,0
6,-3,27,1,233,0
-6,-4,35,1,233,0
7,-6,43,1,233,0
3,-4,93,1,233,0
6,8,95,1,233,0
-3,-5,122,1,233,0
-2,-2,142,1,233,0
-2,1,157,1,233,0
-1,0,178,1,233,0
0,2,182,1,233,0
1,3,188,1,233,0
2,-1,197,1,233,0
2,4,197,1,233,0
3,5,207,1,233,0
4,6,215,1,233,0
4,-7,229,1,233,0
5,7,232,1,233,0
-7,-8,12,1,233,0
-2,2,19,1,233,0
6,-4,27,1,233,0
-6,-5,34,1,233,0
8,1,74,1,233,0
7,-7,93,1,233,0
7,0,97,1,233,0
2,-2,137,1,233,0
-2,-3,138,1,233,0
-1,1,176,1,233,0
0,3,189,1,233,0
2,5,205,1,233,0
3,-5,213,1,233,0
3,6,214,1,233,0
4,7,224,1,233,0
5,8,227,1,233,0
5,-1,228,1,233,0
-5,5,232,1,233,0
2,6,23,1,233,0
-2,3,18,1,233,0
6,-5,25,1,233,0
-6,-6,27,1,233,0
5,-2,36,1,233,0
-2,-4,61,1,233,0
0,-7,67,1,233,0
7,-8,76,1,233,0
4,8,84,1,233,0
-3,-7,85,1,233,0
7,1,85,1,233,0
8,2,102,1,233,0
6,0,112,1,233,0
-1,2,179,1,233,0
-1,-1,186,1,233,0
0,4,195,1,233,0
1,5,199,1,233,0
2,-3,215,1,233,0
3,-6,219,1,233,0
3,7,224,1,233,0
-4,5,225,1,233,0
7,-9,4,1,233,0
-2,4,11,1,233,0
-6,-7,19,1,233,0
5,-3,34,1,233,0
-5,-4,43,1,233,0
8,-2,67,1,233,0
2,-4,86,1,233,0
6,-6,102,1,233,0
7,2,122,1,233,0
6,1,128,1,233,0
1,-1,189,1,233,0
-1,-2,194,1,233,0
1,6,206,1,233,0
-3,5,219,1,233,0
2,7,221,1,233,0
5,0,231,1,233,0
3,8,232,1,233,0
0,5,196,1,233,0
-3,6,6,1,233,0
0,6,41,1,233,0
8,-3,64,1,233,0
6,-7,71,1,233,0
4,0,74,1,233,0
6,2,125,1,233,0
5,1,134,1,233,0
1,-2,189,1,233,0
-8,1,193,1,233,0
4,-1,209,1,233,0
-1,-3,209,1,233,0
1,7,211,1,233,0
2,-5,212,1,233,0
-2,5,213,1,233,0
2,8,218,1,233,0
-9,-8,2,1,233,0
9,6,3,1,233,0
-3,7,23,1,233,0
-2,6,31,1,233,0
4,-2,43,1,233,0
0,7,48,1,233,0
1,8,53,1,233,0
8,-4,57,1,233,0
3,0,61,1,233,0
-2,-7,79,1,233,0
7,4,99,1,233,0
7,-1,106,1,233,0
6,3,106,1,233,0
-5,-6,111,1,233,0
5,-5,111,1,233,0
5,2,113,1,233,0
4,1,141,1,233,0
1,-3,208,1,233,0
-7,1,199,1,233,0
-1,5,206,1,233,0
-1,-4,215,1,233,0
0,8,6,1,234,0
-3,8,16,1,234,0
8,-5,29,1,234,0
-1,6,38,1,234,0
-4,-4,49,1,234,0
7,-2,69,1,234,0
6,4,109,1,234,0
8,6,102,1,234,0
-5,-7,106,1,234,0
4,-3,108,1,234,0
7,5,109,1,234,0
5,3,117,1,234,0
4,2,124,1,234,0
3,1,147,1,234,0
2,0,154,1,234,0
0,-1,179,1,234,0
1,-4,202,1,234,0
-6,1,206,1,234,0
-1,-5,222,1,234,0
-8,-7,6,1,234,0
8,-6,27,1,234,0
7,-3,61,1,234,0
7,6,108,1,234,0
6,5,118,1,234,0
4,-4,119,1,234,0
-4,-5,121,1,234,0
5,4,126,1,234,0
4,3,134,1,234,0
3,2,142,1,234,0
2,1,151,1,234,0
1,0,188,1,234,0
1,-5,203,1,234,0
3,-1,203,1,234,0
-5,1,212,1,234,0
-1,-6,228,1,234,0
5,-7,231,1,234,0
-8,-8,9,1,234,0
4,-5,12,1,234,0
7,-4,52,1,234,0
8,-7,84,1,234,0
6,6,109,1,234,0
-4,-6,114,1,234,0
3,-2,116,1,234,0
5,5,119,1,234,0
-3,-3,131,1,234,0
2,2,148,1,234,0
1,1,174,1,234,0
0,0,182,1,234,0
0,-3,206,1,234,0
-4,1,224,1,234,0
5,-8,233,1,234,0
6,-1,232,1,234,0
-1,-7,233,1,234,0
4,4,128,1,234,0
3,3,138,1,234,0
7,-5,48,1,234,0
1,-7,59,1,234,0
0,-4,74,1,234,0
-4,-7,92,1,234,0
6,7,108,1,234,0
5,6,117,1,234,0
4,5,125,1,234,0
3,-3,217,1,234,0
-3,-4,129,1,234,0
3,4,133,1,234,0
-2,0,156,1,234,0
0,1,175,1,234,0
1,2,181,1,234,0
2,3,189,1,234,0
4,-6,222,1,234,0
-3,1,223,1,234,0
-4,2,232,1,234,0
-7,-7,19,1,234,0
6,-3,27,1,234,0
-6,-4,35,1,234,0
7,-6,43,1,234,0
3,-4,93,1,234,0
6,8,95,1,234,0
-3,-5,122,1,234,0
-2,-2,142,1,234,0
-2,1,157,1,234,0
-1,0,178,1,234,0
0,2,182,1,234,0
1,3,188,1,234,0
2,-1,197,1,234,0
2,4,197,1,234,0
3,5,207,1,234,0
4,6,215,1,234,0
4,-7,229,1,234,0
5,7,233,1,234,0
-4,3,233,1,234,0
-7,-8,12,1,234,0
-2,2,19,1,234,0
6,-4,27,1,234,0
-6,-5,34,1,234,0
8,1,74,1,234,0
7,-7,93,1,234,0
7,0,97,1,234,0
2,-2,137,1,234,0
-2,-3,138,1,234,0
-1,1,176,1,234,0
0,3,189,1,234,0
2,5,205,1,234,0
3,-5,213,1,234,0
3,6,214,1,234,0
4,7,224,1,234,0
5,8,227,1,234,0
5,-1,228,1,234,0
-5,5,232,1,234,0
2,6,23,1,234,0
-2,3,18,1,234,0
6,-5,25,1,234,0
-6,-6,27,1,234,0
5,-2,36,1,234,0
-2,-4,61,1,234,0
0,-7,67,1,234,0
7,-8,76,1,234,0
-3,-7,85,1,234,0
7,1,85,1,234,0
8,2,102,1,234,0
6,0,112,1,234,0
-1,2,179,1,234,0
-1,-1,186,1,234,0
0,4,195,1,234,0
1,5,199,1,234,0
2,-3,215,1,234,0
3,-6,219,1,234,0
3,7,224,1,234,0
-4,5,225,1,234,0
4,8,233,1,234,0
7,-9,4,1,234,0
-2,4,11,1,234,0
-6,-7,19,1,234,0
5,-3,34,1,234,0
-5,-4,43,1,234,0
8,-2,67,1,234,0
2,-4,86,1,234,0
6,-6,102,1,234,0
7,2,122,1,234,0
6,1,128,1,234,0
1,-1,189,1,234,0
-1,-2,194,1,234,0
1,6,206,1,234,0
-3,5,219,1,234,0
2,7,221,1,234,0
3,8,232,1,234,0
5,0,232,1,234,0
0,5,196,1,234,0
-3,6,6,1,234,0
0,6,41,1,234,0
8,-3,64,1,234,0
6,-7,71,1,234,0
4,0,74,1,234,0
6,2,125,1,234,0
5,1,134,1,234,0
1,-2,189,1,234,0
-8,1,193,1,234,0
4,-1,209,1,234,0
-1,-3,209,1,234,0
1,7,211,1,234,0
2,-5,212,1,234,0
-2,5,213,1,234,0
2,8,218,1,234,0
-9,-8,2,1,234,0
9,6,3,1,234,0
-3,7,23,1,234,0
-2,6,31,1,234,0
4,-2,43,1,234,0
0,7,48,1,234,0
1,8,53,1,234,0
8,-4,57,1,234,0
3,0,61,1,234,0
-2,-7,79,1,234,0
7,4,99,1,234,0
7,-1,106,1,234,0
6,3,106,1,234,0
-5,-6,111,1,234,0
5,-5,111,1,234,0
5,2,113,1,234,0
4,1,141,1,234,0
1,-3,208,1,234,0
-7,1,199,1,234,0
-1,5,206,1,234,0
-1,-4,215,1,234,0
0,8,6,1,235,0
-3,8,16,1,235,0
8,-5,29,1,235,0
-1,6,38,1,235,0
-4,-4,49,1,235,0
7,-2,69,1,235,0
6,4,109,1,235,0
8,6,102,1,235,0
-5,-7,106,1,235,0
4,-3,108,1,235,0
7,5,109,1,235,0
5,3,117,1,235,0
4,2,124,1,235,0
3,1,147,1,235,0
2,0,154,1,235,0
0,-1,179,1,235,0
1,-4,202,1,235,0
-6,1,206,1,235,0
-1,-5,222,1,235,0
-8,-7,6,1,235,0
8,-6,27,1,235,0
7,-3,61,1,235,0
7,6,108,1,235,0
6,5,118,1,235,0
4,-4,119,1,235,0
-4,-5,121,1,235,0
5,4,126,1,235,0
4,3,134,1,235,0
3,2,142,1,235,0
2,1,151,1,235,0
1,0,188,1,235,0
1,-5,203,1,235,0
3,-1,203,1,235,0
-5,1,212,1,235,0
-1,-6,228,1,235,0
5,-7,231,1,235,0
-8,-8,9,1,235,0
4,-5,12,1,235,0
7,-4,52,1,235,0
8,-7,84,1,235,0
6,6,109,1,235,0
-4,-6,114,1,235,0
3,-2,116,1,235,0
5,5,119,1,235,0
-3,-3,131,1,235,0
2,2,148,1,235,0
1,1,174,1,235,0
0,0,182,1,235,0
0,-3,206,1,235,0
-4,1,224,1,235,0
5,-8,234,1,235,0
6,-1,233,1,235,0
3,3,138,1,235,0
4,4,128,1,235,0
-1,-7,234,1,235,0
7,-5,48,1,235,0
1,-7,59,1,235,0
0,-4,74,1,235,0
-4,-7,92,1,235,0
6,7,108,1,235,0
5,6,117,1,235,0
4,5,125,1,235,0
3,-3,217,1,235,0
-3,-4,129,1,235,0
3,4,133,1,235,0
-2,0,156,1,235,0
0,1,175,1,235,0
1,2,181,1,235,0
2,3,189,1,235,0
4,-6,222,1,235,0
-3,1,223,1,235,0
-4,2,232,1,235,0
-7,-7,19,1,235,0
6,-3,27,1,235,0
-6,-4,35,1,235,0
7,-6,43,1,235,0
3,-4,93,1,235,0
6,8,95,1,235,0
-3,-5,122,1,235,0
-2,-2,142,1,235,0
-2,1,157,1,235,0
-1,0,178,1,235,0
0,2,182,1,235,0
1,3,188,1,235,0
2,-1,197,1,235,0
2,4,197,1,235,0
3,5,207,1,235,0
4,6,215,1,235,0
4,-7,229,1,235,0
5,7,234,1,235,0
-4,3,234,1,235,0
-6,5,234,1,235,0
-7,-8,12,1,235,0
-2,2,19,1,235,0
6,-4,27,1,235,0
-6,-5,34,1,235,0
8,1,74,1,235,0
7,-7,93,1,235,0
7,0,97,1,235,0
2,-2,137,1,235,0
-2,-3,138,1,235,0
-1,1,176,1,235,0
0,3,189,1,235,0
2,5,205,1,235,0
3,-5,213,1,235,0
3,6,214,1,235,0
4,7,224,1,235,0
5,8,227,1,235,0
5,-1,228,1,235,0
-5,5,232,1,235,0
2,6,23,1,235,0
-2,3,18,1,235,0
6,-5,25,1,235,0
-6,-6,27,1,235,0
5,-2,36,1,235,0
-2,-4,61,1,235,0
0,-7,67,1,235,0
7,-8,76,1,235,0
-3,-7,85,1,235,0
7,1,85,1,235,0
8,2,102,1,235,0
6,0,112,1,235,0
-1,2,179,1,235,0
-1,-1,186,1,235,0
0,4,195,1,235,0
1,5,199,1,235,0
2,-3,215,1,235,0
3,-6,219,1,235,0
3,7,224,1,235,0
-4,5,225,1,235,0
4,8,234,1,235,0
7,-9,4,1,235,0
-2,4,11,1,235,0
-6,-7,19,1,235,0
5,-3,34,1,235,0
-5,-4,43,1,235,0
8,-2,67,1,235,0
2,-4,86,1,235,0
6,-6,102,1,235,0
7,2,122,1,235,0
6,1,128,1,235,0
1,-1,189,1,235,0
-1,-2,194,1,235,0
1,6,206,1,235,0
-3,5,219,1,235,0
2,7,221,1,235,0
3,8,232,1,235,0
5,0,233,1,235,0
0,5,196,1,235,0
-3,6,6,1,235,0
0,6,41,1,235,0
8,-3,64,1,235,0
6,-7,71,1,235,0
4,0,74,1,235,0
6,2,125,1,235,0
5,1,134,1,235,0
1,-2,189,1,235,0
-8,1,193,1,235,0
4,-1,209,1,235,0
-1,-3,209,1,235,0
1,7,211,1,235,0
2,-5,212,1,235,0
-2,5,213,1,235,0
2,8,218,1,235,0
-9,-8,2,1,235,0
9,6,3,1,235,0
-3,7,23,1,235,0
-2,6,31,1,235,0
4,-2,43,1,235,0
0,7,48,1,235,0
1,8,53,1,235,0
8,-4,57,1,235,0
3,0,61,1,235,0
-2,-7,79,1,235,0
7,4,99,1,235,0
7,-1,106,1,235,0
6,3,106,1,235,0
-5,-6,111,1,235,0
5,-5,111,1,235,0
5,2,113,1,235,0
4,1,141,1,235,0
1,-3,208,1,235,0
-7,1,199,1,235,0
-1,5,206,1,235,0
-1,-4,215,1,235,0
0,8,6,1,236,0
-3,8,16,1,236,0
8,-5,29,1,236,0
-1,6,38,1,236,0
-4,-4,49,1,236,0
7,-2,69,1,236,0
6,4,109,1,236,0
8,6,102,1,236,0
-5,-7,106,1,236,0
4,-3,108,1,236,0
7,5,109,1,236,0
5,3,117,1,236,0
4,2,124,1,236,0
3,1,147,1,236,0
2,0,154,1,236,0
0,-1,179,1,236,0
1,-4,202,1,236,0
-6,1,206,1,236,0
-1,-5,222,1,236,0
-8,-7,6,1,236,0
8,-6,27,1,236,0
7,-3,61,1,236,0
7,6,108,1,236,0
6,5,118,1,236,0
4,-4,119,1,236,0
-4,-5,121,1,236,0
5,4,126,1,236,0
4,3,134,1,236,0
3,2,142,1,236,0
2,1,151,1,236,0
1,0,188,1,236,0
1,-5,203,1,236,0
3,-1,203,1,236,0
-5,1,212,1,236,0
-1,-6,228,1,236,0
5,-7,231,1,236,0
-8,-8,9,1,236,0
4,-5,12,1,236,0
7,-4,52,1,236,0
8,-7,84,1,236,0
6,6,109,1,236,0
-4,-6,114,1,236,0
3,-2,116,1,236,0
5,5,119,1,236,0
-3,-3,131,1,236,0
2,2,148,1,236,0
1,1,174,1,236,0
0,0,182,1,236,0
0,-3,206,1,236,0
-4,1,224,1,236,0
6,-1,233,1,236,0
-1,-7,234,1,236,0
5,-8,235,1,236,0
4,4,128,1,236,0
3,3,138,1,236,0
7,-5,48,1,236,0
1,-7,59,1,236,0
0,-4,74,1,236,0
-4,-7,92,1,236,0
5,6,117,1,236,0
4,5,125,1,236,0
3,-3,217,1,236,0
-3,-4,129,1,236,0
3,4,133,1,236,0
-2,0,156,1,236,0
0,1,175,1,236,0
1,2,181,1,236,0
2,3,189,1,236,0
4,-6,222,1,236,0
-3,1,223,1,236,0
-4,2,232,1,236,0
6,-2,234,1,236,0
6,7,235,1,236,0
-1,-8,235,1,236,0
-7,-7,19,1,236,0
6,-3,27,1,236,0
-6,-4,35,1,236,0
7,-6,43,1,236,0
3,-4,93,1,236,0
6,8,95,1,236,0
-3,-5,122,1,236,0
-2,-2,142,1,236,0
-2,1,157,1,236,0
-1,0,178,1,236,0
0,2,182,1,236,0
1,3,188,1,236,0
2,-1,197,1,236,0
2,4,197,1,236,0
3,5,207,1,236,0
4,6,215,1,236,0
4,-7,229,1,236,0
5,7,234,1,236,0
-4,3,235,1,236,0
-6,5,235,1,236,0
-7,-8,12,1,236,0
-2,2,19,1,236,0
6,-4,27,1,236,0
-6,-5,34,1,236,0
8,1,74,1,236,0
7,-7,93,1,236,0
7,0,97,1,236,0
2,-2,137,1,236,0
-2,-3,138,1,236,0
-1,1,176,1,236,0
0,3,189,1,236,0
2,5,205,1,236,0
3,-5,213,1,236,0
3,6,214,1,236,0
4,7,224,1,236,0
5,8,227,1,236,0
5,-1,228,1,236,0
-5,5,232,1,236,0
2,6,23,1,236,0
-2,3,18,1,236,0
6,-5,25,1,236,0
-6,-6,27,1,236,0
5,-2,36,1,236,0
-2,-4,61,1,236,0
0,-7,67,1,236,0
7,-8,76,1,236,0
-3,-7,85,1,236,0
7,1,85,1,236,0
8,2,102,1,236,0
6,0,112,1,236,0
-1,2,179,1,236,0
-1,-1,186,1,236,0
0,4,195,1,236,0
1,5,199,1,236,0
2,-3,215,1,236,0
3,-6,219,1,236,0
3,7,224,1,236,0
-4,5,225,1,236,0
4,8,235,1,236,0
7,-9,4,1,236,0
-2,4,11,1,236,0
-6,-7,19,1,236,0
5,-3,34,1,236,0
-5,-4,43,1,236,0
8,-2,67,1,236,0
2,-4,86,1,236,0
6,-6,102,1,236,0
7,2,122,1,236,0
6,1,128,1,236,0
1,-1,189,1,236,0
-1,-2,194,1,236,0
1,6,206,1,236,0
-3,5,219,1,236,0
2,7,221,1,236,0
3,8,232,1,236,0
5,0,234,1,236,0
0,5,196,1,236,0
-3,6,6,1,236,0
0,6,41,1,236,0
8,-3,64,1,236,0
6,-7,71,1,236,0
4,0,74,1,236,0
6,2,125,1,236,0
5,1,134,1,236,0
1,-2,189,1,236,0
-8,1,193,1,236,0
4,-1,209,1,236,0
-1,-3,209,1,236,0
1,7,211,1,236,0
2,-5,212,1,236,0
-2,5,213,1,236,0
2,8,218,1,236,0
-9,-8,2,1,236,0
9,6,3,1,236,0
-3,7,23,1,236,0
-2,6,31,1,236,0
4,-2,43,1,236,0
0,7,48,1,236,0
1,8,53,1,236,0
8,-4,57,1,236,0
3,0,61,1,236,0
-2,-7,79,1,236,0
7,4,99,1,236,0
7,-1,106,1,236,0
6,3,106,1,236,0
-5,-6,111,1,236,0
5,-5,111,1,236,0
5,2,113,1,236,0
4,1,141,1,236,0
1,-3,208,1,236,0
-7,1,199,1,236,0
-1,5,206,1,236,0
-1,-4,215,1,236,0
0,8,6,1,237,0
-3,8,16,1,237,0
8,-5,29,1,237,0
-1,6,38,1,237,0
-4,-4,49,1,237,0
7,-2,69,1,237,0
6,4,109,1,237,0
8,6,102,1,237,0
-5,-7,106,1,237,0
4,-3,108,1,237,0
7,5,109,1,237,0
5,3,117,1,237,0
4,2,124,1,237,0
3,1,147,1,237,0
2,0,154,1,237,0
0,-1,179,1,237,0
1,-4,202,1,237,0
-6,1,206,1,237,0
-1,-5,222,1,237,0
-8,-7,6,1,237,0
8,-6,27,1,237,0
7,-3,61,1,237,0
7,6,108,1,237,0
6,5,118,1,237,0
4,-4,119,1,237,0
-4,-5,121,1,237,0
5,4,126,1,237,0
4,3,134,1,237,0
3,2,142,1,237,0
2,1,151,1,237,0
1,0,188,1,237,0
1,-5,203,1,237,0
3,-1,203,1,237,0
-5,1,212,1,237,0
-1,-6,228,1,237,0
5,-7,236,1,237,0
-8,-8,9,1,237,0
4,-5,12,1,237,0
7,-4,52,1,237,0
8,-7,84,1,237,0
6,6,109,1,237,0
-4,-6,114,1,237,0
3,-2,116,1,237,0
5,5,119,1,237,0
-3,-3,131,1,237,0
2,2,148,1,237,0
1,1,174,1,237,0
0,0,182,1,237,0
0,-3,206,1,237,0
-4,1,224,1,237,0
6,-1,233,1,237,0
-1,-7,234,1,237,0
5,-8,235,1,237,0
3,3,138,1,237,0
4,4,128,1,237,0
7,-5,48,1,237,0
1,-7,59,1,237,0
0,-4,74,1,237,0
-4,-7,92,1,237,0
5,6,117,1,237,0
4,5,125,1,237,0
3,-3,217,1,237,0
-3,-4,129,1,237,0
3,4,133,1,237,0
-2,0,156,1,237,0
0,1,175,1,237,0
1,2,181,1,237,0
2,3,189,1,237,0
4,-6,222,1,237,0
-3,1,223,1,237,0
-4,2,232,1,237,0
6,-2,235,1,237,0
6,7,236,1,237,0
-1,-8,236,1,237,0
-7,-7,19,1,237,0
6,-3,27,1,237,0
-6,-4,35,1,237,0
7,-6,43,1,237,0
3,-4,93,1,237,0
6,8,95,1,237,0
-3,-5,122,1,237,0
-2,-2,142,1,237,0
-2,1,157,1,237,0
-1,0,178,1,237,0
0,2,182,1,237,0
1,3,188,1,237,0
2,-1,197,1,237,0
2,4,197,1,237,0
3,5,207,1,237,0
4,6,215,1,237,0
4,-7,229,1,237,0
5,7,234,1,237,0
-4,3,236,1,237,0
-6,5,236,1,237,0
-7,-8,12,1,237,0
-2,2,19,1,237,0
6,-4,27,1,237,0
-6,-5,34,1,237,0
8,1,74,1,237,0
7,-7,93,1,237,0
7,0,97,1,237,0
2,-2,137,1,237,0
-2,-3,138,1,237,0
-1,1,176,1,237,0
0,3,189,1,237,0
2,5,205,1,237,0
3,-5,213,1,237,0
3,6,214,1,237,0
4,7,224,1,237,0
5,8,227,1,237,0
5,-1,228,1,237,0
-5,5,232,1,237,0
2,6,23,1,237,0
-2,3,18,1,237,0
6,-5,25,1,237,0
-6,-6,27,1,237,0
5,-2,36,1,237,0
-2,-4,61,1,237,0
0,-7,67,1,237,0
7,-8,76,1,237,0
-3,-7,85,1,237,0
7,1,85,1,237,0
8,2,102,1,237,0
6,0,112,1,237,0
-1,2,179,1,237,0
-1,-1,186,1,237,0
0,4,195,1,237,0
1,5,199,1,237,0
2,-3,215,1,237,0
3,-6,219,1,237,0
3,7,224,1,237,0
-4,5,225,1,237,0
4,8,236,1,237,0
7,-9,4,1,237,0
-2,4,11,1,237,0
-6,-7,19,1,237,0
5,-3,34,1,237,0
-5,-4,43,1,237,0
8,-2,67,1,237,0
2,-4,86,1,237,0
6,-6,102,1,237,0
7,2,122,1,237,0
6,1,128,1,237,0
1,-1,189,1,237,0
-1,-2,194,1,237,0
1,6,206,1,237,0
-3,5,219,1,237,0
2,7,221,1,237,0
3,8,232,1,237,0
5,0,235,1,237,0
0,5,196,1,237,0
-3,6,6,1,237,0
0,6,41,1,237,0
8,-3,64,1,237,0
6,-7,71,1,237,0
4,0,74,1,237,0
6,2,125,1,237,0
5,1,134,1,237,0
1,-2,189,1,237,0
-8,1,193,1,237,0
4,-1,209,1,237,0
-1,-3,209,1,237,0
1,7,211,1,237,0
2,-5,212,1,237,0
-2,5,213,1,237,0
2,8,218,1,237,0
-9,-8,2,1,237,0
9,6,3,1,237,0
-3,7,23,1,237,0
-2,6,31,1,237,0
4,-2,43,1,237,0
0,7,48,1,237,0
1,8,53,1,237,0
8,-4,57,1,237,0
3,0,61,1,237,0
-2,-7,79,1,237,0
7,4,99,1,237,0
7,-1,106,1,237,0
6,3,106,1,237,0
-5,-6,111,1,237,0
5,-5,111,1,237,0
5,2,113,1,237,0
4,1,141,1,237,0
1,-3,208,1,237,0
-7,1,199,1,237,0
-1,5,206,1,237,0
-1,-4,215,1,237,0
0,8,6,1,238,0
-3,8,16,1,238,0
8,-5,29,1,238,0
-1,6,38,1,238,0
-4,-4,49,1,238,0
7,-2,69,1,238,0
6,4,109,1,238,0
8,6,102,1,238,0
-5,-7,106,1,238,0
4,-3,108,1,238,0
7,5,109,1,238,0
5,3,117,1,238,0
4,2,124,1,238,0
3,1,147,1,238,0
2,0,154,1,238,0
0,-1,179,1,238,0
1,-4,202,1,238,0
-6,1,206,1,238,0
-1,-5,222,1,238,0
-8,-7,6,1,238,0
8,-6,27,1,238,0
7,-3,61,1,238,0
7,6,108,1,238,0
6,5,118,1,238,0
4,-4,119,1,238,0
-4,-5,121,1,238,0
5,4,126,1,238,0
4,3,134,1,238,0
3,2,142,1,238,0
2,1,151,1,238,0
1,0,188,1,238,0
1,-5,203,1,238,0
3,-1,203,1,238,0
-5,1,212,1,238,0
-1,-6,228,1,238,0
5,-7,237,1,238,0
-8,-8,9,1,238,0
4,-5,12,1,238,0
7,-4,52,1,238,0
8,-7,84,1,238,0
6,6,109,1,238,0
-4,-6,114,1,238,0
3,-2,116,1,238,0
5,5,119,1,238,0
-3,-3,131,1,238,0
2,2,148,1,238,0
1,1,174,1,238,0
0,0,182,1,238,0
0,-3,206,1,238,0
-4,1,224,1,238,0
6,-1,233,1,238,0
-1,-7,234,1,238,0
5,-8,235,1,238,0
4,4,128,1,238,0
3,3,138,1,238,0
7,-5,48,1,238,0
1,-7,59,1,238,0
0,-4,74,1,238,0
-4,-7,92,1,238,0
5,6,117,1,238,0
4,5,125,1,238,0
3,-3,217,1,238,0
-3,-4,129,1,238,0
3,4,133,1,238,0
-2,0,156,1,238,0
0,1,175,1,238,0
1,2,181,1,238,0
2,3,189,1,238,0
4,-6,222,1,238,0
-3,1,223,1,238,0
-4,2,232,1,238,0
6,-2,236,1,238,0
6,7,237,1,238,0
-1,-8,237,1,238,0
-7,-7,19,1,238,0
6,-3,27,1,238,0
-6,-4,35,1,238,0
7,-6,43,1,238,0
3,-4,93,1,238,0
6,8,95,1,238,0
-3,-5,122,1,238,0
-2,-2,142,1,238,0
-2,1,157,1,238,0
-1,0,178,1,238,0
0,2,182,1,238,0
1,3,188,1,238,0
2,-1,197,1,238,0
2,4,197,1,238,0
3,5,207,1,238,0
4,6,215,1,238,0
4,-7,229,1,238,0
5,7,234,1,238,0
-4,3,237,1,238,0
-6,5,237,1,238,0
-7,-8,12,1,238,0
-2,2,19,1,238,0
6,-4,27,1,238,0
-6,-5,34,1,238,0
8,1,74,1,238,0
7,-7,93,1,238,0
7,0,97,1,238,0
2,-2,137,1,238,0
-2,-3,138,1,238,0
-1,1,176,1,238,0
0,3,189,1,238,0
2,5,205,1,238,0
3,-5,213,1,238,0
3,6,214,1,238,0
5,8,227,1,238,0
5,-1,228,1,238,0
-5,5,232,1,238,0
4,7,237,1,238,0
2,6,23,1,238,0
-2,3,18,1,238,0
6,-5,25,1,238,0
-6,-6,27,1,238,0
5,-2,36,1,238,0
-2,-4,61,1,238,0
0,-7,67,1,238,0
7,-8,76,1,238,0
-3,-7,85,1,238,0
7,1,85,1,238,0
8,2,102,1,238,0
6,0,112,1,238,0
-1,2,179,1,238,0
-1,-1,186,1,238,0
0,4,195,1,238,0
1,5,199,1,238,0
2,-3,215,1,238,0
3,-6,219,1,238,0
3,7,224,1,238,0
-4,5,225,1,238,0
4,8,236,1,238,0
7,-9,4,1,238,0
-2,4,11,1,238,0
-6,-7,19,1,238,0
5,-3,34,1,238,0
-5,-4,43,1,238,0
8,-2,67,1,238,0
2,-4,86,1,238,0
6,-6,102,1,238,0
7,2,122,1,238,0
6,1,128,1,238,0
1,-1,189,1,238,0
-1,-2,194,1,238,0
1,6,206,1,238,0
-3,5,219,1,238,0
2,7,221,1,238,0
3,8,232,1,238,0
5,0,236,1,238,0
0,5,196,1,238,0
-3,6,6,1,238,0
0,6,41,1,238,0
8,-3,64,1,238,0
6,-7,71,1,238,0
4,0,74,1,238,0
6,2,125,1,238,0
5,1,134,1,238,0
1,-2,189,1,238,0
-8,1,193,1,238,0
4,-1,209,1,238,0
-1,-3,209,1,238,0
1,7,211,1,238,0
2,-5,212,1,238,0
-2,5,213,1,238,0
2,8,218,1,238,0
-9,-8,2,1,238,0
9,6,3,1,238,0
-3,7,23,1,238,0
-2,6,31,1,238,0
4,-2,43,1,238,0
0,7,48,1,238,0
1,8,53,1,238,0
8,-4,57,1,238,0
3,0,61,1,238,0
-2,-7,79,1,238,0
7,4,99,1,238,0
7,-1,106,1,238,0
6,3,106,1,238,0
-5,-6,111,1,238,0
5,-5,111,1,238,0
5,2,113,1,238,0
4,1,141,1,238,0
1,-3,208,1,238,0
-7,1,199,1,238,0
-1,5,206,1,238,0
-1,-4,215,1,238,0
0,8,6,1,239,0
-3,8,16,1,239,0
8,-5,29,1,239,0
-1,6,38,1,239,0
-4,-4,49,1,239,0
6,4,109,1,239,0
8,6,102,1,239,0
-5,-7,106,1,239,0
4,-3,108,1,239,0
7,5,109,1,239,0
5,3,117,1,239,0
4,2,124,1,239,0
3,1,147,1,239,0
2,0,154,1,239,0
0,-1,179,1,239,0
1,-4,202,1,239,0
-6,1,206,1,239,0
-1,-5,222,1,239,0
7,-2,237,1,239,0
-8,-7,6,1,239,0
8,-6,27,1,239,0
7,-3,61,1,239,0
7,6,108,1,239,0
6,5,118,1,239,0
4,-4,119,1,239,0
-4,-5,121,1,239,0
5,4,126,1,239,0
4,3,134,1,239,0
3,2,142,1,239,0
2,1,151,1,239,0
1,0,188,1,239,0
1,-5,203,1,239,0
3,-1,203,1,239,0
-5,1,212,1,239,0
-1,-6,228,1,239,0
5,-7,237,1,239,0
-8,-8,9,1,239,0
4,-5,12,1,239,0
7,-4,52,1,239,0
8,-7,84,1,239,0
6,6,109,1,239,0
-4,-6,114,1,239,0
3,-2,116,1,239,0
5,5,119,1,239,0
-3,-3,131,1,239,0
2,2,148,1,239,0
1,1,174,1,239,0
0,0,182,1,239,0
0,-3,206,1,239,0
-4,1,224,1,239,0
6,-1,233,1,239,0
5,-8,235,1,239,0
-1,-7,238,1,239,0
3,3,138,1,239,0
4,4,128,1,239,0
7,-5,48,1,239,0
1,-7,59,1,239,0
0,-4,74,1,239,0
-4,-7,92,1,239,0
5,6,117,1,239,0
4,5,125,1,239,0
3,-3,217,1,239,0
-3,-4,129,1,239,0
3,4,133,1,239,0
-2,0,156,1,239,0
0,1,175,1,239,0
1,2,181,1,239,0
2,3,189,1,239,0
4,-6,222,1,239,0
-3,1,223,1,239,0
-4,2,232,1,239,0
6,-2,236,1,239,0
-1,-8,237,1,239,0
6,7,238,1,239,0
-7,-7,19,1,239,0
6,-3,27,1,239,0
-6,-4,35,1,239,0
7,-6,43,1,239,0
3,-4,93,1,239,0
6,8,95,1,239,0
-3,-5,122,1,239,0
-2,-2,142,1,239,0
-2,1,157,1,239,0
-1,0,178,1,239,0
0,2,182,1,239,0
1,3,188,1,239,0
2,-1,197,1,239,0
2,4,197,1,239,0
3,5,207,1,239,0
4,6,215,1,239,0
4,-7,229,1,239,0
5,7,234,1,239,0
-4,3,237,1,239,0
-6,5,238,1,239,0
-7,-8,12,1,239,0
-2,2,19,1,239,0
6,-4,27,1,239,0
-6,-5,34,1,239,0
8,1,74,1,239,0
7,-7,93,1,239,0
7,0,97,1,239,0
2,-2,137,1,239,0
-2,-3,138,1,239,0
-1,1,176,1,239,0
0,3,189,1,239,0
2,5,205,1,239,0
3,-5,213,1,239,0
3,6,214,1,239,0
5,8,227,1,239,0
5,-1,228,1,239,0
-5,5,232,1,239,0
-3,3,238,1,239,0
4,7,238,1,239,0
2,6,23,1,239,0
-2,3,18,1,239,0
6,-5,25,1,239,0
-6,-6,27,1,239,0
5,-2,36,1,239,0
-2,-4,61,1,239,0
0,-7,67,1,239,0
7,-8,76,1,239,0
-3,-7,85,1,239,0
7,1,85,1,239,0
8,2,102,1,239,0
6,0,112,1,239,0
-1,2,179,1,239,0
-1,-1,186,1,239,0
0,4,195,1,239,0
1,5,199,1,239,0
2,-3,215,1,239,0
3,-6,219,1,239,0
3,7,224,1,239,0
-4,5,225,1,239,0
4,8,236,1,239,0
7,-9,4,1,239,0
-2,4,11,1,239,0
-6,-7,19,1,239,0
5,-3,34,1,239,0
-5,-4,43,1,239,0
8,-2,67,1,239,0
2,-4,86,1,239,0
6,-6,102,1,239,0
7,2,122,1,239,0
6,1,128,1,239,0
1,-1,189,1,239,0
-1,-2,194,1,239,0
1,6,206,1,239,0
-3,5,219,1,239,0
2,7,221,1,239,0
3,8,232,1,239,0
5,0,237,1,239,0
0,5,196,1,239,0
-3,6,6,1,239,0
0,6,41,1,239,0
8,-3,64,1,239,0
4,0,74,1,239,0
6,2,125,1,239,0
5,1,134,1,239,0
1,-2,189,1,239,0
-8,1,193,1,239,0
4,-1,209,1,239,0
-1,-3,209,1,239,0
1,7,211,1,239,0
2,-5,212,1,239,0
-2,5,213,1,239,0
2,8,218,1,239,0
6,-7,238,1,239,0
-9,-8,2,1,239,0
9,6,3,1,239,0
-3,7,23,1,239,0
-2,6,31,1,239,0
4,-2,43,1,239,0
0,7,48,1,239,0
1,8,53,1,239,0
8,-4,57,1,239,0
3,0,61,1,239,0
-2,-7,79,1,239,0
7,4,99,1,239,0
7,-1,106,1,239,0
6,3,106,1,239,0
-5,-6,111,1,239,0
5,-5,111,1,239,0
5,2,113,1,239,0
4,1,141,1,239,0
1,-3,208,1,239,0
-7,1,199,1,239,0
-1,5,206,1,239,0
-1,-4,215,1,239,0
0,8,6,1,240,0
-3,8,16,1,240,0
8,-5,29,1,240,0
-1,6,38,1,240,0
-4,-4,49,1,240,0
6,4,109,1,240,0
8,6,102,1,240,0
-5,-7,106,1,240,0
4,-3,108,1,240,0
7,5,109,1,240,0
5,3,117,1,240,0
4,2,124,1,240,0
3,1,147,1,240,0
2,0,154,1,240,0
0,-1,179,1,240,0
1,-4,202,1,240,0
-6,1,206,1,240,0
-1,-5,222,1,240,0
7,-2,238,1,240,0
-8,-7,6,1,240,0
8,-6,27,1,240,0
7,-3,61,1,240,0
7,6,108,1,240,0
6,5,118,1,240,0
4,-4,119,1,240,0
-4,-5,121,1,240,0
5,4,126,1,240,0
4,3,134,1,240,0
3,2,142,1,240,0
2,1,151,1,240,0
1,0,188,1,240,0
1,-5,203,1,240,0
3,-1,203,1,240,0
-5,1,212,1,240,0
-1,-6,228,1,240,0
5,-7,237,1,240,0
-8,-8,9,1,240,0
4,-5,12,1,240,0
7,-4,52,1,240,0
8,-7,84,1,240,0
6,6,109,1,240,0
-4,-6,114,1,240,0
3,-2,116,1,240,0
5,5,119,1,240,0
-3,-3,131,1,240,0
2,2,148,1,240,0
1,1,174,1,240,0
0,0,182,1,240,0
0,-3,206,1,240,0
-4,1,224,1,240,0
6,-1,233,1,240,0
5,-8,235,1,240,0
4,4,128,1,240,0
3,3,138,1,240,0
-1,-7,239,1,240,0
7,-5,48,1,240,0
1,-7,59,1,240,0
0,-4,74,1,240,0
-4,-7,92,1,240,0
5,6,117,1,240,0
4,5,125,1,240,0
3,-3,217,1,240,0
-3,-4,129,1,240,0
3,4,133,1,240,0
-2,0,156,1,240,0
0,1,175,1,240,0
1,2,181,1,240,0
2,3,189,1,240,0
4,-6,222,1,240,0
-3,1,223,1,240,0
-4,2,232,1,240,0
6,-2,236,1,240,0
-1,-8,237,1,240,0
6,7,239,1,240,0
-7,5,239,1,240,0
-7,-7,19,1,240,0
6,-3,27,1,240,0
-6,-4,35,1,240,0
7,-6,43,1,240,0
3,-4,93,1,240,0
6,8,95,1,240,0
-3,-5,122,1,240,0
-2,-2,142,1,240,0
-2,1,157,1,240,0
-1,0,178,1,240,0
0,2,182,1,240,0
1,3,188,1,240,0
2,-1,197,1,240,0
2,4,197,1,240,0
3,5,207,1,240,0
4,6,215,1,240,0
4,-7,229,1,240,0
5,7,234,1,240,0
-4,3,237,1,240,0
-6,5,238,1,240,0
-3,2,239,1,240,0
-7,-8,12,1,240,0
-2,2,19,1,240,0
6,-4,27,1,240,0
-6,-5,34,1,240,0
8,1,74,1,240,0
7,-7,93,1,240,0
7,0,97,1,240,0
2,-2,137,1,240,0
-2,-3,138,1,240,0
-1,1,176,1,240,0
0,3,189,1,240,0
2,5,205,1,240,0
3,-5,213,1,240,0
3,6,214,1,240,0
5,8,227,1,240,0
5,-1,228,1,240,0
-5,5,232,1,240,0
-3,3,238,1,240,0
4,7,239,1,240,0
2,6,23,1,240,0
-2,3,18,1,240,0
6,-5,25,1,240,0
-6,-6,27,1,240,0
5,-2,36,1,240,0
-2,-4,61,1,240,0
0,-7,67,1,240,0
7,-8,76,1,240,0
-3,-7,85,1,240,0
7,1,85,1,240,0
8,2,102,1,240,0
6,0,112,1,240,0
-1,2,179,1,240,0
-1,-1,186,1,240,0
0,4,195,1,240,0
1,5,199,1,240,0
2,-3,215,1,240,0
3,-6,219,1,240,0
3,7,224,1,240,0
-4,5,225,1,240,0
4,8,236,1,240,0
7,-9,4,1,240,0
-2,4,11,1,240,0
-6,-7,19,1,240,0
5,-3,34,1,240,0
-5,-4,43,1,240,0
8,-2,67,1,240,0
2,-4,86,1,240,0
6,-6,102,1,240,0
7,2,122,1,240,0
6,1,128,1,240,0
1,-1,189,1,240,0
-1,-2,194,1,240,0
1,6,206,1,240,0
-3,5,219,1,240,0
2,7,221,1,240,0
3,8,232,1,240,0
5,0,238,1,240,0
0,5,196,1,240,0
-3,6,6,1,240,0
0,6,41,1,240,0
8,-3,64,1,240,0
4,0,74,1,240,0
6,2,125,1,240,0
5,1,134,1,240,0
1,-2,189,1,240,0
-8,1,193,1,240,0
4,-1,209,1,240,0
-1,-3,209,1,240,0
1,7,211,1,240,0
2,-5,212,1,240,0
-2,5,213,1,240,0
2,8,218,1,240,0
6,-7,239,1,240,0
-9,-8,2,1,240,0
9,6,3,1,240,0
-3,7,23,1,240,0
-2,6,31,1,240,0
4,-2,43,1,240,0
0,7,48,1,240,0
1,8,53,1,240,0
8,-4,57,1,240,0
3,0,61,1,240,0
-2,-7,79,1,240,0
7,4,99,1,240,0
7,-1,106,1,240,0
6,3,106,1,240,0
-5,-6,111,1,240,0
5,-5,111,1,240,0
5,2,113,1,240,0
4,1,141,1,240,0
1,-3,208,1,240,0
-7,1,199,1,240,0
-1,5,206,1,240,0
-1,-4,215,1,240,0
0,8,6,1,241,0
-3,8,16,1,241,0
8,-5,29,1,241,0
-1,6,38,1,241,0
-4,-4,49,1,241,0
6,4,109,1,241,0
8,6,102,1,241,0
-5,-7,106,1,241,0
4,-3,108,1,241,0
7,5,109,1,241,0
5,3,117,1,241,0
4,2,124,1,241,0
3,1,147,1,241,0
2,0,154,1,241,0
0,-1,179,1,241,0
1,-4,202,1,241,0
-6,1,206,1,241,0
-1,-5,222,1,241,0
7,-2,239,1,241,0
-8,-7,6,1,241,0
8,-6,27,1,241,0
7,-3,61,1,241,0
7,6,108,1,241,0
6,5,118,1,241,0
4,-4,119,1,241,0
-4,-5,121,1,241,0
5,4,126,1,241,0
4,3,134,1,241,0
3,2,142,1,241,0
2,1,151,1,241,0
1,0,188,1,241,0
1,-5,203,1,241,0
3,-1,203,1,241,0
-5,1,212,1,241,0
-1,-6,228,1,241,0
5,-7,237,1,241,0
-8,-8,9,1,241,0
4,-5,12,1,241,0
7,-4,52,1,241,0
8,-7,84,1,241,0
6,6,109,1,241,0
-4,-6,114,1,241,0
3,-2,116,1,241,0
5,5,119,1,241,0
-3,-3,131,1,241,0
2,2,148,1,241,0
1,1,174,1,241,0
0,0,182,1,241,0
0,-3,206,1,241,0
-4,1,224,1,241,0
6,-1,233,1,241,0
5,-8,235,1,241,0
-1,-7,239,1,241,0
3,3,138,1,241,0
4,4,128,1,241,0
7,-5,48,1,241,0
1,-7,59,1,241,0
0,-4,74,1,241,0
-4,-7,92,1,241,0
5,6,117,1,241,0
4,5,125,1,241,0
3,-3,217,1,241,0
-3,-4,129,1,241,0
3,4,133,1,241,0
-2,0,156,1,241,0
0,1,175,1,241,0
1,2,181,1,241,0
2,3,189,1,241,0
4,-6,222,1,241,0
-3,1,223,1,241,0
-4,2,232,1,241,0
6,-2,236,1,241,0
-1,-8,237,1,241,0
6,7,239,1,241,0
-7,5,239,1,241,0
-7,-7,19,1,241,0
6,-3,27,1,241,0
-6,-4,35,1,241,0
7,-6,43,1,241,0
3,-4,93,1,241,0
6,8,95,1,241,0
-3,-5,122,1,241,0
-2,-2,142,1,241,0
-2,1,157,1,241,0
-1,0,178,1,241,0
0,2,182,1,241,0
1,3,188,1,241,0
2,-1,197,1,241,0
2,4,197,1,241,0
3,5,207,1,241,0
4,6,215,1,241,0
4,-7,229,1,241,0
5,7,234,1,241,0
-4,3,237,1,241,0
-6,5,238,1,241,0
-3,2,239,1,241,0
-7,-8,12,1,241,0
-2,2,19,1,241,0
6,-4,27,1,241,0
-6,-5,34,1,241,0
8,1,74,1,241,0
7,-7,93,1,241,0
7,0,97,1,241,0
2,-2,137,1,241,0
-2,-3,138,1,241,0
-1,1,176,1,241,0
0,3,189,1,241,0
2,5,205,1,241,0
3,-5,213,1,241,0
3,6,214,1,241,0
5,8,227,1,241,0
5,-1,228,1,241,0
-5,5,232,1,241,0
-3,3,238,1,241,0
4,7,239,1,241,0
2,6,23,1,241,0
-2,3,18,1,241,0
6,-5,25,1,241,0
-6,-6,27,1,241,0
5,-2,36,1,241,0
-2,-4,61,1,241,0
0,-7,67,1,241,0
7,-8,76,1,241,0
-3,-7,85,1,241,0
7,1,85,1,241,0
8,2,102,1,241,0
6,0,112,1,241,0
-1,2,179,1,241,0
-1,-1,186,1,241,0
0,4,195,1,241,0
1,5,199,1,241,0
2,-3,215,1,241,0
3,-6,219,1,241,0
3,7,224,1,241,0
-4,5,225,1,241,0
4,8,236,1,241,0
7,-9,4,1,241,0
-2,4,11,1,241,0
-6,-7,19,1,241,0
5,-3,34,1,241,0
-5,-4,43,1,241,0
8,-2,67,1,241,0
2,-4,86,1,241,0
6,-6,102,1,241,0
7,2,122,1,241,0
6,1,128,1,241,0
1,-1,189,1,241,0
-1,-2,194,1,241,0
1,6,206,1,241,0
-3,5,219,1,241,0
2,7,221,1,241,0
3,8,232,1,241,0
5,0,239,1,241,0
0,5,196,1,241,0
-3,6,6,1,241,0
0,6,41,1,241,0
8,-3,64,1,241,0
4,0,74,1,241,0
6,2,125,1,241,0
5,1,134,1,241,0
1,-2,189,1,241,0
-8,1,193,1,241,0
4,-1,209,1,241,0
-1,-3,209,1,241,0
1,7,211,1,241,0
2,-5,212,1,241,0
-2,5,213,1,241,0
2,8,218,1,241,0
6,-7,239,1,241,0
-9,-8,2,1,241,0
9,6,3,1,241,0
-3,7,23,1,241,0
-2,6,31,1,241,0
4,-2,43,1,241,0
0,7,48,1,241,0
1,8,53,1,241,0
8,-4,57,1,241,0
3,0,61,1,241,0
-2,-7,79,1,241,0
7,4,99,1,241,0
7,-1,106,1,241,0
6,3,106,1,241,0
-5,-6,111,1,241,0
5,-5,111,1,241,0
5,2,113,1,241,0
4,1,141,1,241,0
1,-3,208,1,241,0
-7,1,199,1,241,0
-1,5,206,1,241,0
-1,-4,215,1,241,0
0,8,6,1,242,0
-3,8,16,1,242,0
8,-5,29,1,242,0
-1,6,38,1,242,0
-4,-4,49,1,242,0
6,4,109,1,242,0
8,6,102,1,242,0
-5,-7,106,1,242,0
4,-3,108,1,242,0
7,5,109,1,242,0
5,3,117,1,242,0
4,2,124,1,242,0
3,1,147,1,242,0
2,0,154,1,242,0
0,-1,179,1,242,0
1,-4,202,1,242,0
-6,1,206,1,242,0
-1,-5,222,1,242,0
7,-2,239,1,242,0
-8,-7,6,1,242,0
8,-6,27,1,242,0
7,-3,61,1,242,0
7,6,108,1,242,0
6,5,118,1,242,0
4,-4,119,1,242,0
-4,-5,121,1,242,0
5,4,126,1,242,0
4,3,134,1,242,0
3,2,142,1,242,0
2,1,151,1,242,0
1,0,188,1,242,0
1,-5,203,1,242,0
3,-1,203,1,242,0
-5,1,212,1,242,0
-1,-6,228,1,242,0
5,-7,241,1,242,0
-8,-8,9,1,242,0
4,-5,12,1,242,0
7,-4,52,1,242,0
8,-7,84,1,242,0
6,6,109,1,242,0
-4,-6,114,1,242,0
3,-2,116,1,242,0
5,5,119,1,242,0
-3,-3,131,1,242,0
2,2,148,1,242,0
1,1,174,1,242,0
0,0,182,1,242,0
0,-3,206,1,242,0
-4,1,224,1,242,0
6,-1,233,1,242,0
5,-8,235,1,242,0
7,7,241,1,242,0
3,3,138,1,242,0
-1,-7,241,1,242,0
4,4,128,1,242,0
7,-5,48,1,242,0
1,-7,59,1,242,0
0,-4,74,1,242,0
-4,-7,92,1,242,0
5,6,117,1,242,0
4,5,125,1,242,0
3,-3,217,1,242,0
-3,-4,129,1,242,0
3,4,133,1,242,0
-2,0,156,1,242,0
0,1,175,1,242,0
1,2,181,1,242,0
2,3,189,1,242,0
4,-6,222,1,242,0
-3,1,223,1,242,0
-4,2,232,1,242,0
6,-2,236,1,242,0
-1,-8,237,1,242,0
6,7,239,1,242,0
-7,5,241,1,242,0
-7,-7,19,1,242,0
6,-3,27,1,242,0
-6,-4,35,1,242,0
7,-6,43,1,242,0
3,-4,93,1,242,0
6,8,95,1,242,0
-3,-5,122,1,242,0
-2,-2,142,1,242,0
-2,1,157,1,242,0
-1,0,178,1,242,0
0,2,182,1,242,0
1,3,188,1,242,0
2,-1,197,1,242,0
2,4,197,1,242,0
3,5,207,1,242,0
4,6,215,1,242,0
4,-7,229,1,242,0
5,7,234,1,242,0
-4,3,237,1,242,0
-6,5,238,1,242,0
-3,2,241,1,242,0
-7,-8,12,1,242,0
-2,2,19,1,242,0
6,-4,27,1,242,0
-6,-5,34,1,242,0
8,1,74,1,242,0
7,-7,93,1,242,0
7,0,97,1,242,0
2,-2,137,1,242,0
-2,-3,138,1,242,0
-1,1,176,1,242,0
0,3,189,1,242,0
2,5,205,1,242,0
3,-5,213,1,242,0
3,6,214,1,242,0
5,8,227,1,242,0
5,-1,228,1,242,0
-5,5,232,1,242,0
-3,3,238,1,242,0
4,7,241,1,242,0
2,6,23,1,242,0
-2,3,18,1,242,0
6,-5,25,1,242,0
-6,-6,27,1,242,0
5,-2,36,1,242,0
-2,-4,61,1,242,0
0,-7,67,1,242,0
7,-8,76,1,242,0
-3,-7,85,1,242,0
7,1,85,1,242,0
8,2,102,1,242,0
6,0,112,1,242,0
-1,2,179,1,242,0
-1,-1,186,1,242,0
0,4,195,1,242,0
1,5,199,1,242,0
2,-3,215,1,242,0
3,-6,219,1,242,0
3,7,224,1,242,0
-4,5,225,1,242,0
4,8,236,1,242,0
7,-9,4,1,242,0
-2,4,11,1,242,0
-6,-7,19,1,242,0
5,-3,34,1,242,0
-5,-4,43,1,242,0
8,-2,67,1,242,0
2,-4,86,1,242,0
6,-6,102,1,242,0
7,2,122,1,242,0
6,1,128,1,242,0
1,-1,189,1,242,0
-1,-2,194,1,242,0
1,6,206,1,242,0
-3,5,219,1,242,0
2,7,221,1,242,0
3,8,232,1,242,0
5,0,239,1,242,0
0,5,196,1,242,0
-3,6,6,1,242,0
0,6,41,1,242,0
8,-3,64,1,242,0
4,0,74,1,242,0
6,2,125,1,242,0
5,1,134,1,242,0
1,-2,189,1,242,0
-8,1,193,1,242,0
4,-1,209,1,242,0
-1,-3,209,1,242,0
1,7,211,1,242,0
2,-5,212,1,242,0
-2,5,213,1,242,0
2,8,218,1,242,0
6,-7,239,1,242,0
-9,-8,2,1,242,0
9,6,3,1,242,0
-3,7,23,1,242,0
-2,6,31,1,242,0
4,-2,43,1,242,0
0,7,48,1,242,0
1,8,53,1,242,0
8,-4,57,1,242,0
3,0,61,1,242,0
-2,-7,79,1,242,0
7,4,99,1,242,0
7,-1,106,1,242,0
6,3,106,1,242,0
-5,-6,111,1,242,0
5,-5,111,1,242,0
5,2,113,1,242,0
4,1,141,1,242,0
1,-3,208,1,242,0
-7,1,199,1,242,0
-1,5,206,1,242,0
-1,-4,215,1,242,0
0,8,6,1,243,0
-3,8,16,1,243,0
8,-5,29,1,243,0
-1,6,38,1,243,0
-4,-4,49,1,243,0
6,4,109,1,243,0
8,6,102,1,243,0
-5,-7,106,1,243,0
4,-3,108,1,243,0
7,5,109,1,243,0
5,3,117,1,243,0
4,2,124,1,243,0
3,1,147,1,243,0
2,0,154,1,243,0
0,-1,179,1,243,0
1,-4,202,1,243,0
-6,1,206,1,243,0
-1,-5,222,1,243,0
7,-2,241,1,243,0
-8,-7,6,1,243,0
8,-6,27,1,243,0
7,-3,61,1,243,0
7,6,108,1,243,0
6,5,118,1,243,0
4,-4,119,1,243,0
-4,-5,121,1,243,0
5,4,126,1,243,0
4,3,134,1,243,0
3,2,142,1,243,0
2,1,151,1,243,0
1,0,188,1,243,0
1,-5,203,1,243,0
3,-1,203,1,243,0
-5,1,212,1,243,0
-1,-6,228,1,243,0
5,-7,242,1,243,0
-8,-8,9,1,243,0
4,-5,12,1,243,0
7,-4,52,1,243,0
8,-7,84,1,243,0
6,6,109,1,243,0
-4,-6,114,1,243,0
3,-2,116,1,243,0
5,5,119,1,243,0
-3,-3,131,1,243,0
2,2,148,1,243,0
1,1,174,1,243,0
0,0,182,1,243,0
0,-3,206,1,243,0
-4,1,224,1,243,0
6,-1,233,1,243,0
5,-8,235,1,243,0
7,7,242,1,243,0
3,3,138,1,243,0
-1,-7,242,1,243,0
4,4,128,1,243,0
7,-5,48,1,243,0
1,-7,59,1,243,0
0,-4,74,1,243,0
-4,-7,92,1,243,0
5,6,117,1,243,0
4,5,125,1,243,0
3,-3,217,1,243,0
-3,-4,129,1,243,0
3,4,133,1,243,0
-2,0,156,1,243,0
0,1,175,1,243,0
1,2,181,1,243,0
2,3,189,1,243,0
4,-6,222,1,243,0
-3,1,223,1,243,0
-4,2,232,1,243,0
6,-2,236,1,243,0
-1,-8,237,1,243,0
6,7,239,1,243,0
-7,5,242,1,243,0
-7,-7,19,1,243,0
6,-3,27,1,243,0
-6,-4,35,1,243,0
7,-6,43,1,243,0
3,-4,93,1,243,0
6,8,95,1,243,0
-3,-5,122,1,243,0
-2,-2,142,1,243,0
-2,1,157,1,243,0
-1,0,178,1,243,0
0,2,182,1,243,0
1,3,188,1,243,0
2,-1,197,1,243,0
2,4,197,1,243,0
3,5,207,1,243,0
4,6,215,1,243,0
4,-7,229,1,243,0
-4,3,237,1,243,0
-6,5,238,1,243,0
-3,2,242,1,243,0
5,7,242,1,243,0
-7,-8,12,1,243,0
-2,2,19,1,243,0
6,-4,27,1,243,0
-6,-5,34,1,243,0
8,1,74,1,243,0
7,-7,93,1,243,0
7,0,97,1,243,0
2,-2,137,1,243,0
-2,-3,138,1,243,0
-1,1,176,1,243,0
0,3,189,1,243,0
2,5,205,1,243,0
3,-5,213,1,243,0
3,6,214,1,243,0
5,8,227,1,243,0
5,-1,228,1,243,0
-5,5,232,1,243,0
-3,3,238,1,243,0
4,7,241,1,243,0
2,6,23,1,243,0
-2,3,18,1,243,0
6,-5,25,1,243,0
-6,-6,27,1,243,0
5,-2,36,1,243,0
-2,-4,61,1,243,0
0,-7,67,1,243,0
7,-8,76,1,243,0
-3,-7,85,1,243,0
7,1,85,1,243,0
8,2,102,1,243,0
6,0,112,1,243,0
-1,2,179,1,243,0
-1,-1,186,1,243,0
0,4,195,1,243,0
1,5,199,1,243,0
2,-3,215,1,243,0
3,-6,219,1,243,0
3,7,224,1,243,0
-4,5,225,1,243,0
4,8,236,1,243,0
7,-9,4,1,243,0
-2,4,11,1,243,0
-6,-7,19,1,243,0
5,-3,34,1,243,0
-5,-4,43,1,243,0
8,-2,67,1,243,0
2,-4,86,1,243,0
6,-6,102,1,243,0
7,2,122,1,243,0
6,1,128,1,243,0
1,-1,189,1,243,0
-1,-2,194,1,243,0
1,6,206,1,243,0
-3,5,219,1,243,0
2,7,221,1,243,0
3,8,232,1,243,0
5,0,241,1,243,0
0,5,196,1,243,0
-3,6,6,1,243,0
0,6,41,1,243,0
8,-3,64,1,243,0
4,0,74,1,243,0
6,2,125,1,243,0
5,1,134,1,243,0
1,-2,189,1,243,0
-8,1,193,1,243,0
4,-1,209,1,243,0
-1,-3,209,1,243,0
1,7,211,1,243,0
2,-5,212,1,243,0
-2,5,213,1,243,0
2,8,218,1,243,0
6,-7,239,1,243,0
-9,-8,2,1,243,0
9,6,3,1,243,0
-3,7,23,1,243,0
-2,6,31,1,243,0
4,-2,43,1,243,0
0,7,48,1,243,0
1,8,53,1,243,0
8,-4,57,1,243,0
3,0,61,1,243,0
-2,-7,79,1,243,0
7,4,99,1,243,0
7,-1,106,1,243,0
6,3,106,1,243,0
-5,-6,111,1,243,0
5,-5,111,1,243,0
5,2,113,1,243,0
4,1,141,1,243,0
1,-3,208,1,243,0
-7,1,199,1,243,0
-1,5,206,1,243,0
-1,-4,215,1,243,0
0,8,6,1,244,0
-3,8,16,1,244,0
8,-5,29,1,244,0
-1,6,38,1,244,0
-4,-4,49,1,244,0
6,4,109,1,244,0
8,6,102,1,244,0
-5,-7,106,1,244,0
4,-3,108,1,244,0
7,5,109,1,244,0
5,3,117,1,244,0
4,2,124,1,244,0
3,1,147,1,244,0
2,0,154,1,244,0
0,-1,179,1,244,0
1,-4,202,1,244,0
-6,1,206,1,244,0
-1,-5,222,1,244,0
7,-2,242,1,244,0
-8,-7,6,1,244,0
8,-6,27,1,244,0
7,-3,61,1,244,0
7,6,108,1,244,0
6,5,118,1,244,0
4,-4,119,1,244,0
-4,-5,121,1,244,0
5,4,126,1,244,0
4,3,134,1,244,0
3,2,142,1,244,0
2,1,151,1,244,0
1,0,188,1,244,0
1,-5,203,1,244,0
3,-1,203,1,244,0
-5,1,212,1,244,0
-1,-6,228,1,244,0
5,-7,243,1,244,0
-8,-8,9,1,244,0
4,-5,12,1,244,0
7,-4,52,1,244,0
8,-7,84,1,244,0
6,6,109,1,244,0
-4,-6,114,1,244,0
3,-2,116,1,244,0
5,5,119,1,244,0
-3,-3,131,1,244,0
2,2,148,1,244,0
1,1,174,1,244,0
0,0,182,1,244,0
0,-3,206,1,244,0
-4,1,224,1,244,0
6,-1,233,1,244,0
5,-8,235,1,244,0
7,7,243,1,244,0
3,3,138,1,244,0
-1,-7,243,1,244,0
4,4,128,1,244,0
7,-5,48,1,244,0
1,-7,59,1,244,0
0,-4,74,1,244,0
-4,-7,92,1,244,0
5,6,117,1,244,0
4,5,125,1,244,0
3,-3,217,1,244,0
-3,-4,129,1,244,0
3,4,133,1,244,0
-2,0,156,1,244,0
0,1,175,1,244,0
1,2,181,1,244,0
2,3,189,1,244,0
4,-6,222,1,244,0
-3,1,223,1,244,0
-4,2,232,1,244,0
6,-2,236,1,244,0
-1,-8,237,1,244,0
6,7,239,1,244,0
-7,5,243,1,244,0
-7,-7,19,1,244,0
6,-3,27,1,244,0
-6,-4,35,1,244,0
7,-6,43,1,244,0
3,-4,93,1,244,0
6,8,95,1,244,0
-3,-5,122,1,244,0
-2,-2,142,1,244,0
-2,1,157,1,244,0
-1,0,178,1,244,0
0,2,182,1,244,0
1,3,188,1,244,0
2,-1,197,1,244,0
2,4,197,1,244,0
3,5,207,1,244,0
4,6,215,1,244,0
4,-7,229,1,244,0
-4,3,237,1,244,0
-6,5,238,1,244,0
-3,2,242,1,244,0
5,7,243,1,244,0
-7,-8,12,1,244,0
-2,2,19,1,244,0
6,-4,27,1,244,0
-6,-5,34,1,244,0
8,1,74,1,244,0
7,-7,93,1,244,0
7,0,97,1,244,0
2,-2,137,1,244,0
-2,-3,138,1,244,0
-1,1,176,1,244,0
0,3,189,1,244,0
2,5,205,1,244,0
3,-5,213,1,244,0
3,6,214,1,244,0
5,8,227,1,244,0
5,-1,228,1,244,0
-5,5,232,1,244,0
-3,3,238,1,244,0
4,7,241,1,244,0
2,6,23,1,244,0
-2,3,18,1,244,0
6,-5,25,1,244,0
-6,-6,27,1,244,0
5,-2,36,1,244,0
-2,-4,61,1,244,0
0,-7,67,1,244,0
7,-8,76,1,244,0
-3,-7,85,1,244,0
7,1,85,1,244,0
8,2,102,1,244,0
6,0,112,1,244,0
-1,2,179,1,244,0
-1,-1,186,1,244,0
0,4,195,1,244,0
1,5,199,1,244,0
2,-3,215,1,244,0
3,-6,219,1,244,0
3,7,224,1,244,0
-4,5,225,1,244,0
4,8,236,1,244,0
7,-9,4,1,244,0
-2,4,11,1,244,0
-6,-7,19,1,244,0
5,-3,34,1,244,0
-5,-4,43,1,244,0
8,-2,67,1,244,0
2,-4,86,1,244,0
6,-6,102,1,244,0
7,2,122,1,244,0
6,1,128,1,244,0
1,-1,189,1,244,0
-1,-2,194,1,244,0
1,6,206,1,244,0
-3,5,219,1,244,0
2,7,221,1,244,0
3,8,232,1,244,0
5,0,242,1,244,0
0,5,196,1,244,0
-3,6,6,1,244,0
0,6,41,1,244,0
8,-3,64,1,244,0
4,0,74,1,244,0
6,2,125,1,244,0
5,1,134,1,244,0
1,-2,189,1,244,0
-8,1,193,1,244,0
4,-1,209,1,244,0
-1,-3,209,1,244,0
1,7,211,1,244,0
2,-5,212,1,244,0
-2,5,213,1,244,0
2,8,218,1,244,0
6,-7,239,1,244,0
-9,-8,2,1,244,0
9,6,3,1,244,0
-3,7,23,1,244,0
-2,6,31,1,244,0
4,-2,43,1,244,0
0,7,48,1,244,0
1,8,53,1,244,0
8,-4,57,1,244,0
3,0,61,1,244,0
-2,-7,79,1,244,0
7,4,99,1,244,0
7,-1,106,1,244,0
6,3,106,1,244,0
-5,-6,111,1,244,0
5,-5,111,1,244,0
5,2,113,1,244,0
4,1,141,1,244,0
1,-3,208,1,244,0
-7,1,199,1,244,0
-1,5,206,1,244,0
-1,-4,215,1,244,0
0,8,6,1,245,0
-3,8,16,1,245,0
8,-5,29,1,245,0
-1,6,38,1,245,0
-4,-4,49,1,245,0
6,4,109,1,245,0
8,6,102,1,245,0
-5,-7,106,1,245,0
4,-3,108,1,245,0
7,5,109,1,245,0
5,3,117,1,245,0
4,2,124,1,245,0
3,1,147,1,245,0
2,0,154,1,245,0
0,-1,179,1,245,0
1,-4,202,1,245,0
-6,1,206,1,245,0
-1,-5,222,1,245,0
7,-2,243,1,245,0
-8,-7,6,1,245,0
8,-6,27,1,245,0
7,-3,61,1,245,0
7,6,108,1,245,0
6,5,118,1,245,0
4,-4,119,1,245,0
-4,-5,121,1,245,0
5,4,126,1,245,0
4,3,134,1,245,0
3,2,142,1,245,0
2,1,151,1,245,0
1,0,188,1,245,0
1,-5,203,1,245,0
3,-1,203,1,245,0
-5,1,212,1,245,0
-1,-6,228,1,245,0
5,-7,244,1,245,0
-8,-8,9,1,245,0
4,-5,12,1,245,0
7,-4,52,1,245,0
8,-7,84,1,245,0
6,6,109,1,245,0
-4,-6,114,1,245,0
3,-2,116,1,245,0
5,5,119,1,245,0
-3,-3,131,1,245,0
2,2,148,1,245,0
1,1,174,1,245,0
0,0,182,1,245,0
0,-3,206,1,245,0
-4,1,224,1,245,0
6,-1,233,1,245,0
5,-8,235,1,245,0
-1,-7,243,1,245,0
4,4,128,1,245,0
7,7,244,1,245,0
3,3,138,1,245,0
7,-5,48,1,245,0
1,-7,59,1,245,0
0,-4,74,1,245,0
-4,-7,92,1,245,0
5,6,117,1,245,0
4,5,125,1,245,0
3,-3,217,1,245,0
-3,-4,129,1,245,0
3,4,133,1,245,0
-2,0,156,1,245,0
0,1,175,1,245,0
1,2,181,1,245,0
2,3,189,1,245,0
4,-6,222,1,245,0
-3,1,223,1,245,0
-4,2,232,1,245,0
6,-2,236,1,245,0
-1,-8,237,1,245,0
6,7,239,1,245,0
-7,5,243,1,245,0
-7,-7,19,1,245,0
6,-3,27,1,245,0
-6,-4,35,1,245,0
7,-6,43,1,245,0
3,-4,93,1,245,0
6,8,95,1,245,0
-3,-5,122,1,245,0
-2,-2,142,1,245,0
-2,1,157,1,245,0
-1,0,178,1,245,0
0,2,182,1,245,0
1,3,188,1,245,0
2,-1,197,1,245,0
2,4,197,1,245,0
3,5,207,1,245,0
4,6,215,1,245,0
4,-7,229,1,245,0
-4,3,237,1,245,0
-6,5,238,1,245,0
-3,2,243,1,245,0
5,7,244,1,245,0
-7,-8,12,1,245,0
-2,2,19,1,245,0
6,-4,27,1,245,0
-6,-5,34,1,245,0
8,1,74,1,245,0
7,-7,93,1,245,0
7,0,97,1,245,0
2,-2,137,1,245,0
-2,-3,138,1,245,0
-1,1,176,1,245,0
0,3,189,1,245,0
2,5,205,1,245,0
3,-5,213,1,245,0
3,6,214,1,245,0
5,8,227,1,245,0
5,-1,228,1,245,0
-5,5,232,1,245,0
-3,3,238,1,245,0
4,7,241,1,245,0
2,6,23,1,245,0
-2,3,18,1,245,0
6,-5,25,1,245,0
-6,-6,27,1,245,0
5,-2,36,1,245,0
-2,-4,61,1,245,0
7,-8,76,1,245,0
-3,-7,85,1,245,0
7,1,85,1,245,0
8,2,102,1,245,0
6,0,112,1,245,0
-1,2,179,1,245,0
-1,-1,186,1,245,0
0,4,195,1,245,0
1,5,199,1,245,0
2,-3,215,1,245,0
3,-6,219,1,245,0
3,7,224,1,245,0
-4,5,225,1,245,0
4,8,236,1,245,0
0,-7,244,1,245,0
7,-9,4,1,245,0
-2,4,11,1,245,0
-6,-7,19,1,245,0
5,-3,34,1,245,0
-5,-4,43,1,245,0
8,-2,67,1,245,0
2,-4,86,1,245,0
6,-6,102,1,245,0
7,2,122,1,245,0
6,1,128,1,245,0
1,-1,189,1,245,0
-1,-2,194,1,245,0
1,6,206,1,245,0
-3,5,219,1,245,0
2,7,221,1,245,0
3,8,232,1,245,0
5,0,243,1,245,0
0,5,196,1,245,0
-3,6,6,1,245,0
0,6,41,1,245,0
8,-3,64,1,245,0
4,0,74,1,245,0
6,2,125,1,245,0
5,1,134,1,245,0
1,-2,189,1,245,0
-8,1,193,1,245,0
4,-1,209,1,245,0
-1,-3,209,1,245,0
1,7,211,1,245,0
2,-5,212,1,245,0
-2,5,213,1,245,0
2,8,218,1,245,0
6,-7,239,1,245,0
-9,-8,2,1,245,0
9,6,3,1,245,0
-3,7,23,1,245,0
-2,6,31,1,245,0
4,-2,43,1,245,0
0,7,48,1,245,0
1,8,53,1,245,0
8,-4,57,1,245,0
3,0,61,1,245,0
-2,-7,79,1,245,0
7,4,99,1,245,0
7,-1,106,1,245,0
6,3,106,1,245,0
-5,-6,111,1,245,0
5,-5,111,1,245,0
5,2,113,1,245,0
4,1,141,1,245,0
1,-3,208,1,245,0
-7,1,199,1,245,0
-1,5,206,1,245,0
-1,-4,215,1,245,0
0,8,6,1,246,0
-3,8,16,1,246,0
8,-5,29,1,246,0
-1,6,38,1,246,0
-4,-4,49,1,246,0
6,4,109,1,246,0
8,6,102,1,246,0
-5,-7,106,1,246,0
4,-3,108,1,246,0
7,5,109,1,246,0
5,3,117,1,246,0
4,2,124,1,246,0
3,1,147,1,246,0
2,0,154,1,246,0
0,-1,179,1,246,0
1,-4,202,1,246,0
-6,1,206,1,246,0
-1,-5,222,1,246,0
7,-2,244,1,246,0
-8,-7,6,1,246,0
8,-6,27,1,246,0
7,-3,61,1,246,0
7,6,108,1,246,0
6,5,118,1,246,0
4,-4,119,1,246,0
-4,-5,121,1,246,0
5,4,126,1,246,0
4,3,134,1,246,0
3,2,142,1,246,0
2,1,151,1,246,0
1,0,188,1,246,0
1,-5,203,1,246,0
3,-1,203,1,246,0
-5,1,212,1,246,0
-1,-6,228,1,246,0
5,-7,244,1,246,0
-8,-8,9,1,246,0
4,-5,12,1,246,0
7,-4,52,1,246,0
8,-7,84,1,246,0
6,6,109,1,246,0
-4,-6,114,1,246,0
3,-2,116,1,246,0
5,5,119,1,246,0
-3,-3,131,1,246,0
2,2,148,1,246,0
1,1,174,1,246,0
0,0,182,1,246,0
0,-3,206,1,246,0
-4,1,224,1,246,0
6,-1,233,1,246,0
5,-8,235,1,246,0
-1,-7,243,1,246,0
7,7,245,1,246,0
4,4,128,1,246,0
3,3,138,1,246,0
7,-5,48,1,246,0
1,-7,59,1,246,0
0,-4,74,1,246,0
-4,-7,92,1,246,0
5,6,117,1,246,0
4,5,125,1,246,0
3,-3,217,1,246,0
-3,-4,129,1,246,0
3,4,133,1,246,0
-2,0,156,1,246,0
0,1,175,1,246,0
1,2,181,1,246,0
2,3,189,1,246,0
4,-6,222,1,246,0
-3,1,223,1,246,0
-4,2,232,1,246,0
6,-2,236,1,246,0
-1,-8,237,1,246,0
6,7,239,1,246,0
-7,5,244,1,246,0
-7,-7,19,1,246,0
6,-3,27,1,246,0
-6,-4,35,1,246,0
7,-6,43,1,246,0
3,-4,93,1,246,0
6,8,95,1,246,0
-3,-5,122,1,246,0
-2,-2,142,1,246,0
-2,1,157,1,246,0
-1,0,178,1,246,0
0,2,182,1,246,0
1,3,188,1,246,0
2,-1,197,1,246,0
2,4,197,1,246,0
3,5,207,1,246,0
4,6,215,1,246,0
4,-7,229,1,246,0
-4,3,237,1,246,0
-6,5,238,1,246,0
-3,2,244,1,246,0
5,7,245,1,246,0
-7,-8,12,1,246,0
-2,2,19,1,246,0
6,-4,27,1,246,0
-6,-5,34,1,246,0
8,1,74,1,246,0
7,-7,93,1,246,0
7,0,97,1,246,0
2,-2,137,1,246,0
-2,-3,138,1,246,0
-1,1,176,1,246,0
0,3,189,1,246,0
2,5,205,1,246,0
3,-5,213,1,246,0
3,6,214,1,246,0
5,8,227,1,246,0
5,-1,228,1,246,0
-5,5,232,1,246,0
-3,3,238,1,246,0
4,7,241,1,246,0
2,6,23,1,246,0
-2,3,18,1,246,0
6,-5,25,1,246,0
-6,-6,27,1,246,0
5,-2,36,1,246,0
-2,-4,61,1,246,0
7,-8,76,1,246,0
-3,-7,85,1,246,0
7,1,85,1,246,0
8,2,102,1,246,0
6,0,112,1,246,0
-1,2,179,1,246,0
-1,-1,186,1,246,0
0,4,195,1,246,0
1,5,199,1,246,0
2,-3,215,1,246,0
3,-6,219,1,246,0
3,7,224,1,246,0
-4,5,225,1,246,0
4,8,236,1,246,0
0,-7,245,1,246,0
7,-9,4,1,246,0
-2,4,11,1,246,0
-6,-7,19,1,246,0
5,-3,34,1,246,0
-5,-4,43,1,246,0
8,-2,67,1,246,0
2,-4,86,1,246,0
6,-6,102,1,246,0
7,2,122,1,246,0
6,1,128,1,246,0
1,-1,189,1,246,0
-1,-2,194,1,246,0
1,6,206,1,246,0
-3,5,219,1,246,0
2,7,221,1,246,0
3,8,232,1,246,0
0,5,196,1,246,0
5,0,244,1,246,0
-3,6,6,1,246,0
0,6,41,1,246,0
8,-3,64,1,246,0
4,0,74,1,246,0
6,2,125,1,246,0
5,1,134,1,246,0
1,-2,189,1,246,0
-8,1,193,1,246,0
4,-1,209,1,246,0
-1,-3,209,1,246,0
1,7,211,1,246,0
2,-5,212,1,246,0
-2,5,213,1,246,0
2,8,218,1,246,0
6,-7,245,1,246,0
-9,-8,2,1,246,0
9,6,3,1,246,0
-3,7,23,1,246,0
-2,6,31,1,246,0
4,-2,43,1,246,0
0,7,48,1,246,0
1,8,53,1,246,0
8,-4,57,1,246,0
3,0,61,1,246,0
-2,-7,79,1,246,0
7,4,99,1,246,0
7,-1,106,1,246,0
6,3,106,1,246,0
-5,-6,111,1,246,0
5,-5,111,1,246,0
5,2,113,1,246,0
4,1,141,1,246,0
1,-3,208,1,246,0
-7,1,199,1,246,0
-1,5,206,1,246,0
-1,-4,215,1,246,0
0,8,6,1,247,0
-3,8,16,1,247,0
8,-5,29,1,247,0
-1,6,38,1,247,0
-4,-4,49,1,247,0
6,4,109,1,247,0
8,6,102,1,247,0
-5,-7,106,1,247,0
4,-3,108,1,247,0
7,5,109,1,247,0
5,3,117,1,247,0
4,2,124,1,247,0
3,1,147,1,247,0
2,0,154,1,247,0
0,-1,179,1,247,0
1,-4,202,1,247,0
-6,1,206,1,247,0
-1,-5,222,1,247,0
7,-2,244,1,247,0
-8,-7,6,1,247,0
8,-6,27,1,247,0
7,-3,61,1,247,0
7,6,108,1,247,0
6,5,118,1,247,0
4,-4,119,1,247,0
-4,-5,121,1,247,0
5,4,126,1,247,0
4,3,134,1,247,0
3,2,142,1,247,0
2,1,151,1,247,0
1,0,188,1,247,0
1,-5,203,1,247,0
3,-1,203,1,247,0
-5,1,212,1,247,0
-1,-6,228,1,247,0
5,-7,244,1,247,0
-8,-8,9,1,247,0
4,-5,12,1,247,0
7,-4,52,1,247,0
8,-7,84,1,247,0
6,6,109,1,247,0
-4,-6,114,1,247,0
3,-2,116,1,247,0
5,5,119,1,247,0
-3,-3,131,1,247,0
2,2,148,1,247,0
1,1,174,1,247,0
0,0,247,1,247,0
0,-3,206,1,247,0
-4,1,224,1,247,0
6,-1,233,1,247,0
5,-8,235,1,247,0
-1,-7,243,1,247,0
7,7,246,1,247,0
3,3,138,1,247,0
-8,5,246,1,247,0
4,4,128,1,247,0
7,-5,48,1,247,0
1,-7,59,1,247,0
0,-4,74,1,247,0
-4,-7,92,1,247,0
5,6,117,1,247,0
4,5,125,1,247,0
3,-3,217,1,247,0
-3,-4,129,1,247,0
3,4,133,1,247,0
-2,0,156,1,247,0
0,1,175,1,247,0
1,2,181,1,247,0
2,3,189,1,247,0
4,-6,222,1,247,0
-3,1,223,1,247,0
-4,2,232,1,247,0
6,-2,236,1,247,0
-1,-8,237,1,247,0
6,7,239,1,247,0
-7,5,244,1,247,0
-7,-7,19,1,247,0
6,-3,27,1,247,0
-6,-4,35,1,247,0
7,-6,43,1,247,0
3,-4,93,1,247,0
6,8,95,1,247,0
-3,-5,122,1,247,0
-2,-2,142,1,247,0
-2,1,157,1,247,0
-1,0,178,1,247,0
0,2,182,1,247,0
1,3,188,1,247,0
2,-1,197,1,247,0
2,4,197,1,247,0
3,5,207,1,247,0
4,6,215,1,247,0
4,-7,229,1,247,0
-4,3,237,1,247,0
-6,5,238,1,247,0
5,7,245,1,247,0
-3,2,245,1,247,0
-7,-8,12,1,247,0
6,-4,27,1,247,0
-6,-5,34,1,247,0
8,1,74,1,247,0
7,-7,93,1,247,0
7,0,97,1,247,0
2,-2,137,1,247,0
-2,-3,138,1,247,0
-1,1,176,1,247,0
0,3,189,1,247,0
2,5,205,1,247,0
3,-5,213,1,247,0
3,6,214,1,247,0
5,8,227,1,247,0
5,-1,228,1,247,0
-5,5,232,1,247,0
-3,3,238,1,247,0
-2,2,246,1,247,0
4,7,246,1,247,0
2,6,23,1,247,0
-2,3,18,1,247,0
6,-5,25,1,247,0
-6,-6,27,1,247,0
5,-2,36,1,247,0
-2,-4,61,1,247,0
7,-8,76,1,247,0
-3,-7,85,1,247,0
7,1,85,1,247,0
8,2,102,1,247,0
6,0,112,1,247,0
-1,2,179,1,247,0
-1,-1,186,1,247,0
0,4,195,1,247,0
1,5,199,1,247,0
2,-3,215,1,247,0
3,-6,219,1,247,0
3,7,224,1,247,0
-4,5,225,1,247,0
4,8,236,1,247,0
0,-7,246,1,247,0
7,-9,4,1,247,0
-2,4,11,1,247,0
-6,-7,19,1,247,0
5,-3,34,1,247,0
-5,-4,43,1,247,0
2,-4,86,1,247,0
6,-6,102,1,247,0
7,2,122,1,247,0
6,1,128,1,247,0
1,-1,189,1,247,0
-1,-2,194,1,247,0
1,6,206,1,247,0
-3,5,219,1,247,0
2,7,221,1,247,0
3,8,232,1,247,0
8,-2,245,1,247,0
5,0,245,1,247,0
0,5,196,1,247,0
-3,6,6,1,247,0
0,6,41,1,247,0
8,-3,64,1,247,0
4,0,74,1,247,0
6,2,125,1,247,0
5,1,134,1,247,0
1,-2,189,1,247,0
-8,1,193,1,247,0
4,-1,209,1,247,0
-1,-3,209,1,247,0
1,7,211,1,247,0
2,-5,212,1,247,0
-2,5,213,1,247,0
2,8,218,1,247,0
6,-7,246,1,247,0
-9,-8,2,1,247,0
9,6,3,1,247,0
-3,7,23,1,247,0
-2,6,31,1,247,0
4,-2,43,1,247,0
0,7,48,1,247,0
1,8,53,1,247,0
8,-4,57,1,247,0
3,0,61,1,247,0
-2,-7,79,1,247,0
7,4,99,1,247,0
7,-1,106,1,247,0
6,3,106,1,247,0
-5,-6,111,1,247,0
5,-5,111,1,247,0
5,2,113,1,247,0
4,1,141,1,247,0
1,-3,208,1,247,0
-7,1,199,1,247,0
-1,5,206,1,247,0
-1,-4,215,1,247,0
0,8,6,1,248,0
-3,8,16,1,248,0
8,-5,29,1,248,0
-1,6,38,1,248,0
-4,-4,49,1,248,0
6,4,109,1,248,0
8,6,102,1,248,0
-5,-7,106,1,248,0
4,-3,108,1,248,0
7,5,109,1,248,0
5,3,117,1,248,0
4,2,124,1,248,0
3,1,147,1,248,0
2,0,154,1,248,0
0,-1,179,1,248,0
1,-4,202,1,248,0
-6,1,206,1,248,0
-1,-5,222,1,248,0
7,-2,244,1,248,0
-8,-7,6,1,248,0
8,-6,27,1,248,0
7,-3,61,1,248,0
7,6,108,1,248,0
6,5,118,1,248,0
4,-4,119,1,248,0
-4,-5,121,1,248,0
5,4,126,1,248,0
4,3,134,1,248,0
3,2,142,1,248,0
2,1,151,1,248,0
1,0,188,1,248,0
1,-5,203,1,248,0
3,-1,203,1,248,0
-5,1,212,1,248,0
-1,-6,228,1,248,0
5,-7,244,1,248,0
-8,-8,9,1,248,0
4,-5,12,1,248,0
7,-4,52,1,248,0
8,-7,84,1,248,0
6,6,109,1,248,0
-4,-6,114,1,248,0
3,-2,116,1,248,0
5,5,119,1,248,0
-3,-3,131,1,248,0
2,2,148,1,248,0
1,1,174,1,248,0
0,0,248,1,248,0
0,-3,206,1,248,0
-4,1,224,1,248,0
6,-1,233,1,248,0
5,-8,235,1,248,0
-1,-7,243,1,248,0
-8,5,246,1,248,0
4,4,128,1,248,0
3,3,138,1,248,0
7,7,247,1,248,0
7,-5,48,1,248,0
1,-7,59,1,248,0
0,-4,74,1,248,0
-4,-7,92,1,248,0
5,6,117,1,248,0
4,5,125,1,248,0
3,-3,217,1,248,0
-3,-4,129,1,248,0
3,4,133,1,248,0
-2,0,156,1,248,0
0,1,175,1,248,0
1,2,181,1,248,0
2,3,189,1,248,0
4,-6,222,1,248,0
-3,1,223,1,248,0
-4,2,232,1,248,0
6,-2,236,1,248,0
-1,-8,237,1,248,0
6,7,239,1,248,0
-7,5,244,1,248,0
-7,-7,19,1,248,0
6,-3,27,1,248,0
-6,-4,35,1,248,0
7,-6,43,1,248,0
3,-4,93,1,248,0
6,8,95,1,248,0
-3,-5,122,1,248,0
-2,-2,142,1,248,0
-2,1,157,1,248,0
-1,0,178,1,248,0
0,2,182,1,248,0
1,3,188,1,248,0
2,-1,197,1,248,0
2,4,197,1,248,0
3,5,207,1,248,0
4,-7,229,1,248,0
-4,3,237,1,248,0
-6,5,238,1,248,0
5,7,245,1,248,0
-3,2,245,1,248,0
4,6,247,1,248,0
-7,-8,12,1,248,0
6,-4,27,1,248,0
-6,-5,34,1,248,0
8,1,74,1,248,0
7,-7,93,1,248,0
7,0,97,1,248,0
2,-2,137,1,248,0
-2,-3,138,1,248,0
-1,1,176,1,248,0
0,3,189,1,248,0
2,5,205,1,248,0
3,-5,213,1,248,0
3,6,214,1,248,0
5,8,227,1,248,0
5,-1,228,1,248,0
-5,5,232,1,248,0
-3,3,238,1,248,0
-2,2,246,1,248,0
4,7,246,1,248,0
2,6,23,1,248,0
-2,3,18,1,248,0
6,-5,25,1,248,0
-6,-6,27,1,248,0
5,-2,36,1,248,0
-2,-4,61,1,248,0
7,-8,76,1,248,0
-3,-7,85,1,248,0
7,1,85,1,248,0
8,2,102,1,248,0
6,0,112,1,248,0
-1,2,179,1,248,0
-1,-1,186,1,248,0
0,4,195,1,248,0
1,5,199,1,248,0
2,-3,215,1,248,0
3,-6,219,1,248,0
3,7,224,1,248,0
-4,5,225,1,248,0
4,8,236,1,248,0
0,-7,247,1,248,0
7,-9,4,1,248,0
-2,4,11,1,248,0
-6,-7,19,1,248,0
5,-3,34,1,248,0
-5,-4,43,1,248,0
2,-4,86,1,248,0
6,-6,102,1,248,0
7,2,122,1,248,0
6,1,128,1,248,0
1,-1,189,1,248,0
-1,-2,194,1,248,0
1,6,206,1,248,0
-3,5,219,1,248,0
2,7,221,1,248,0
3,8,232,1,248,0
8,-2,246,1,248,0
5,0,246,1,248,0
0,5,196,1,248,0
-3,6,6,1,248,0
0,6,41,1,248,0
8,-3,64,1,248,0
4,0,74,1,248,0
6,2,125,1,248,0
5,1,134,1,248,0
1,-2,189,1,248,0
-8,1,193,1,248,0
4,-1,209,1,248,0
-1,-3,209,1,248,0
1,7,211,1,248,0
2,-5,212,1,248,0
-2,5,213,1,248,0
2,8,218,1,248,0
6,-7,247,1,248,0
-9,-8,2,1,248,0
9,6,3,1,248,0
-3,7,23,1,248,0
-2,6,31,1,248,0
4,-2,43,1,248,0
0,7,48,1,248,0
1,8,53,1,248,0
8,-4,57,1,248,0
3,0,61,1,248,0
-2,-7,79,1,248,0
7,4,99,1,248,0
7,-1,106,1,248,0
6,3,106,1,248,0
-5,-6,111,1,248,0
5,-5,111,1,248,0
5,2,113,1,248,0
4,1,141,1,248,0
1,-3,208,1,248,0
-7,1,199,1,248,0
-1,5,206,1,248,0
-1,-4,215,1,248,0
0,8,6,1,249,0
-3,8,16,1,249,0
8,-5,29,1,249,0
-1,6,38,1,249,0
-4,-4,49,1,249,0
6,4,109,1,249,0
8,6,102,1,249,0
-5,-7,106,1,249,0
4,-3,108,1,249,0
7,5,109,1,249,0
5,3,117,1,249,0
4,2,124,1,249,0
3,1,147,1,249,0
2,0,154,1,249,0
0,-1,179,1,249,0
1,-4,202,1,249,0
-6,1,206,1,249,0
-1,-5,222,1,249,0
7,-2,244,1,249,0
-8,-7,6,1,249,0
8,-6,27,1,249,0
7,-3,61,1,249,0
7,6,108,1,249,0
6,5,118,1,249,0
4,-4,119,1,249,0
-4,-5,121,1,249,0
5,4,126,1,249,0
4,3,134,1,249,0
3,2,142,1,249,0
2,1,151,1,249,0
1,0,188,1,249,0
1,-5,203,1,249,0
3,-1,203,1,249,0
-5,1,212,1,249,0
-1,-6,228,1,249,0
5,-7,248,1,249,0
8,7,248,1,249,0
-8,-8,9,1,249,0
4,-5,12,1,249,0
7,-4,52,1,249,0
8,-7,84,1,249,0
6,6,109,1,249,0
-4,-6,114,1,249,0
3,-2,116,1,249,0
5,5,119,1,249,0
-3,-3,131,1,249,0
2,2,148,1,249,0
1,1,174,1,249,0
0,0,249,1,249,0
0,-3,206,1,249,0
-4,1,224,1,249,0
6,-1,233,1,249,0
5,-8,235,1,249,0
-1,-7,243,1,249,0
7,7,247,1,249,0
-8,5,247,1,249,0
3,3,138,1,249,0
4,4,128,1,249,0
7,-5,48,1,249,0
1,-7,59,1,249,0
0,-4,74,1,249,0
-4,-7,92,1,249,0
5,6,117,1,249,0
4,5,125,1,249,0
3,-3,217,1,249,0
-3,-4,129,1,249,0
3,4,133,1,249,0
-2,0,156,1,249,0
0,1,175,1,249,0
1,2,181,1,249,0
2,3,189,1,249,0
4,-6,222,1,249,0
-3,1,223,1,249,0
-4,2,232,1,249,0
6,-2,236,1,249,0
-1,-8,237,1,249,0
6,7,239,1,249,0
-7,5,248,1,249,0
-7,-7,19,1,249,0
6,-3,27,1,249,0
-6,-4,35,1,249,0
7,-6,43,1,249,0
3,-4,93,1,249,0
6,8,95,1,249,0
-3,-5,122,1,249,0
-2,-2,142,1,249,0
-2,1,157,1,249,0
-1,0,178,1,249,0
0,2,182,1,249,0
1,3,188,1,249,0
2,-1,197,1,249,0
2,4,197,1,249,0
3,5,207,1,249,0
4,-7,229,1,249,0
-4,3,237,1,249,0
-6,5,238,1,249,0
5,7,245,1,249,0
-3,2,245,1,249,0
4,6,248,1,249,0
-7,-8,12,1,249,0
6,-4,27,1,249,0
-6,-5,34,1,249,0
8,1,74,1,249,0
7,-7,93,1,249,0
7,0,97,1,249,0
2,-2,137,1,249,0
-2,-3,138,1,249,0
-1,1,176,1,249,0
0,3,189,1,249,0
2,5,205,1,249,0
3,-5,213,1,249,0
3,6,214,1,249,0
5,8,227,1,249,0
5,-1,228,1,249,0
-5,5,232,1,249,0
-3,3,238,1,249,0
4,7,246,1,249,0
-2,2,248,1,249,0
2,6,23,1,249,0
-2,3,18,1,249,0
6,-5,25,1,249,0
-6,-6,27,1,249,0
5,-2,36,1,249,0
-2,-4,61,1,249,0
7,-8,76,1,249,0
-3,-7,85,1,249,0
7,1,85,1,249,0
8,2,102,1,249,0
6,0,112,1,249,0
-1,2,179,1,249,0
-1,-1,186,1,249,0
0,4,195,1,249,0
1,5,199,1,249,0
2,-3,215,1,249,0
3,-6,219,1,249,0
3,7,224,1,249,0
-4,5,225,1,249,0
4,8,236,1,249,0
0,-7,248,1,249,0
7,-9,4,1,249,0
-2,4,11,1,249,0
-6,-7,19,1,249,0
5,-3,34,1,249,0
-5,-4,43,1,249,0
2,-4,86,1,249,0
6,-6,102,1,249,0
7,2,122,1,249,0
6,1,128,1,249,0
1,-1,189,1,249,0
-1,-2,194,1,249,0
1,6,206,1,249,0
-3,5,219,1,249,0
2,7,221,1,249,0
3,8,232,1,249,0
8,-2,247,1,249,0
5,0,247,1,249,0
0,5,196,1,249,0
-3,6,6,1,249,0
0,6,41,1,249,0
8,-3,64,1,249,0
4,0,74,1,249,0
6,2,125,1,249,0
5,1,134,1,249,0
1,-2,189,1,249,0
-8,1,193,1,249,0
4,-1,209,1,249,0
-1,-3,209,1,249,0
1,7,211,1,249,0
2,-5,212,1,249,0
-2,5,213,1,249,0
2,8,218,1,249,0
6,-7,247,1,249,0
-9,-8,2,1,249,0
9,6,3,1,249,0
-3,7,23,1,249,0
-2,6,31,1,249,0
4,-2,43,1,249,0
0,7,48,1,249,0
1,8,53,1,249,0
8,-4,57,1,249,0
3,0,61,1,249,0
-2,-7,79,1,249,0
7,4,99,1,249,0
7,-1,106,1,249,0
6,3,106,1,249,0
-5,-6,111,1,249,0
5,-5,111,1,249,0
5,2,113,1,249,0
4,1,141,1,249,0
1,-3,208,1,249,0
-7,1,199,1,249,0
-1,5,206,1,249,0
-1,-4,215,1,249,0
0,8,6,1,250,0
-3,8,16,1,250,0
8,-5,29,1,250,0
-1,6,38,1,250,0
-4,-4,49,1,250,0
6,4,109,1,250,0
8,6,102,1,250,0
-5,-7,106,1,250,0
4,-3,108,1,250,0
7,5,109,1,250,0
5,3,117,1,250,0
4,2,124,1,250,0
3,1,147,1,250,0
2,0,154,1,250,0
0,-1,179,1,250,0
1,-4,202,1,250,0
-6,1,206,1,250,0
-1,-5,222,1,250,0
7,-2,244,1,250,0
-8,-7,6,1,250,0
8,-6,27,1,250,0
7,-3,61,1,250,0
7,6,108,1,250,0
6,5,118,1,250,0
4,-4,119,1,250,0
-4,-5,121,1,250,0
5,4,126,1,250,0
4,3,134,1,250,0
3,2,142,1,250,0
2,1,151,1,250,0
1,0,188,1,250,0
1,-5,203,1,250,0
3,-1,203,1,250,0
-5,1,212,1,250,0
-1,-6,228,1,250,0
5,-7,249,1,250,0
8,7,249,1,250,0
-8,-8,9,1,250,0
4,-5,12,1,250,0
7,-4,52,1,250,0
8,-7,84,1,250,0
6,6,109,1,250,0
-4,-6,114,1,250,0
3,-2,116,1,250,0
5,5,119,1,250,0
-3,-3,131,1,250,0
2,2,148,1,250,0
1,1,174,1,250,0
0,0,249,1,250,0
0,-3,206,1,250,0
-4,1,224,1,250,0
6,-1,233,1,250,0
5,-8,235,1,250,0
-1,-7,243,1,250,0
7,7,247,1,250,0
-8,5,247,1,250,0
3,3,138,1,250,0
4,4,128,1,250,0
7,-5,48,1,250,0
1,-7,59,1,250,0
0,-4,74,1,250,0
-4,-7,92,1,250,0
5,6,117,1,250,0
4,5,125,1,250,0
3,-3,217,1,250,0
-3,-4,129,1,250,0
3,4,133,1,250,0
-2,0,156,1,250,0
0,1,175,1,250,0
1,2,181,1,250,0
2,3,189,1,250,0
4,-6,222,1,250,0
-3,1,223,1,250,0
-4,2,232,1,250,0
6,-2,236,1,250,0
-1,-8,237,1,250,0
6,7,239,1,250,0
-7,5,249,1,250,0
-7,-7,19,1,250,0
6,-3,27,1,250,0
-6,-4,35,1,250,0
7,-6,43,1,250,0
3,-4,93,1,250,0
6,8,95,1,250,0
-3,-5,122,1,250,0
-2,-2,142,1,250,0
-2,1,157,1,250,0
-1,0,178,1,250,0
0,2,182,1,250,0
1,3,188,1,250,0
2,-1,197,1,250,0
2,4,197,1,250,0
3,5,207,1,250,0
4,-7,229,1,250,0
-4,3,237,1,250,0
-6,5,238,1,250,0
5,7,245,1,250,0
-3,2,245,1,250,0
4,6,249,1,250,0
-7,-8,12,1,250,0
6,-4,27,1,250,0
-6,-5,34,1,250,0
8,1,74,1,250,0
7,-7,93,1,250,0
7,0,97,1,250,0
2,-2,137,1,250,0
-2,-3,138,1,250,0
-1,1,176,1,250,0
0,3,189,1,250,0
2,5,205,1,250,0
3,-5,213,1,250,0
3,6,214,1,250,0
5,8,227,1,250,0
5,-1,228,1,250,0
-5,5,232,1,250,0
-3,3,238,1,250,0
4,7,246,1,250,0
-2,2,249,1,250,0
2,6,23,1,250,0
-2,3,18,1,250,0
6,-5,25,1,250,0
-6,-6,27,1,250,0
5,-2,36,1,250,0
-2,-4,61,1,250,0
7,-8,76,1,250,0
-3,-7,85,1,250,0
7,1,85,1,250,0
8,2,102,1,250,0
6,0,112,1,250,0
-1,2,179,1,250,0
-1,-1,186,1,250,0
0,4,195,1,250,0
1,5,199,1,250,0
2,-3,215,1,250,0
3,-6,219,1,250,0
3,7,224,1,250,0
-4,5,225,1,250,0
4,8,236,1,250,0
0,-7,249,1,250,0
7,-9,4,1,250,0
-2,4,11,1,250,0
-6,-7,19,1,250,0
5,-3,34,1,250,0
-5,-4,43,1,250,0
2,-4,86,1,250,0
6,-6,102,1,250,0
7,2,122,1,250,0
6,1,128,1,250,0
1,-1,189,1,250,0
-1,-2,194,1,250,0
1,6,206,1,250,0
-3,5,219,1,250,0
2,7,221,1,250,0
3,8,232,1,250,0
8,-2,248,1,250,0
5,0,248,1,250,0
0,5,196,1,250,0
-3,6,6,1,250,0
0,6,41,1,250,0
8,-3,64,1,250,0
4,0,74,1,250,0
6,2,125,1,250,0
5,1,134,1,250,0
1,-2,189,1,250,0
-8,1,193,1,250,0
4,-1,209,1,250,0
-1,-3,209,1,250,0
1,7,211,1,250,0
2,-5,212,1,250,0
-2,5,213,1,250,0
2,8,218,1,250,0
6,-7,247,1,250,0
-9,-8,2,1,250,0
9,6,3,1,250,0
-3,7,23,1,250,0
-2,6,31,1,250,0
4,-2,43,1,250,0
0,7,48,1,250,0
1,8,53,1,250,0
8,-4,57,1,250,0
3,0,61,1,250,0
-2,-7,79,1,250,0
7,4,99,1,250,0
7,-1,106,1,250,0
6,3,106,1,250,0
-5,-6,111,1,250,0
5,-5,111,1,250,0
5,2,113,1,250,0
4,1,141,1,250,0
1,-3,208,1,250,0
-7,1,199,1,250,0
-1,5,206,1,250,0
-1,-4,215,1,250,0
0,8,6,1,251,0
-3,8,16,1,251,0
8,-5,29,1,251,0
-1,6,38,1,251,0
-4,-4,49,1,251,0
6,4,109,1,251,0
8,6,102,1,251,0
-5,-7,106,1,251,0
4,-3,108,1,251,0
7,5,109,1,251,0
5,3,117,1,251,0
4,2,124,1,251,0
3,1,147,1,251,0
2,0,154,1,251,0
0,-1,179,1,251,0
1,-4,202,1,251,0
-6,1,206,1,251,0
-1,-5,222,1,251,0
7,-2,249,1,251,0
-8,-7,6,1,251,0
8,-6,27,1,251,0
7,-3,61,1,251,0
7,6,108,1,251,0
6,5,118,1,251,0
4,-4,119,1,251,0
-4,-5,121,1,251,0
5,4,126,1,251,0
4,3,134,1,251,0
3,2,142,1,251,0
2,1,151,1,251,0
1,0,188,1,251,0
1,-5,203,1,251,0
3,-1,203,1,251,0
-5,1,212,1,251,0
-1,-6,228,1,251,0
5,-7,249,1,251,0
8,7,249,1,251,0
-8,-8,9,1,251,0
4,-5,12,1,251,0
7,-4,52,1,251,0
8,-7,84,1,251,0
6,6,109,1,251,0
-4,-6,114,1,251,0
3,-2,116,1,251,0
5,5,119,1,251,0
-3,-3,131,1,251,0
2,2,148,1,251,0
1,1,174,1,251,0
0,0,251,1,251,0
0,-3,206,1,251,0
-4,1,224,1,251,0
6,-1,233,1,251,0
5,-8,235,1,251,0
-1,-7,243,1,251,0
7,7,247,1,251,0
-8,5,247,1,251,0
4,4,128,1,251,0
3,3,138,1,251,0
7,-5,48,1,251,0
1,-7,59,1,251,0
0,-4,74,1,251,0
-4,-7,92,1,251,0
5,6,117,1,251,0
4,5,125,1,251,0
3,-3,217,1,251,0
-3,-4,129,1,251,0
3,4,133,1,251,0
-2,0,156,1,251,0
0,1,175,1,251,0
1,2,181,1,251,0
2,3,189,1,251,0
4,-6,222,1,251,0
-3,1,223,1,251,0
-4,2,232,1,251,0
6,-2,236,1,251,0
-1,-8,237,1,251,0
6,7,239,1,251,0
-7,5,249,1,251,0
-7,-7,19,1,251,0
6,-3,27,1,251,0
-6,-4,35,1,251,0
7,-6,43,1,251,0
3,-4,93,1,251,0
6,8,95,1,251,0
-3,-5,122,1,251,0
-2,-2,142,1,251,0
-2,1,157,1,251,0
-1,0,178,1,251,0
0,2,182,1,251,0
1,3,188,1,251,0
2,-1,197,1,251,0
2,4,197,1,251,0
3,5,207,1,251,0
4,-7,229,1,251,0
-4,3,237,1,251,0
-6,5,238,1,251,0
5,7,245,1,251,0
-3,2,245,1,251,0
4,6,249,1,251,0
-7,-8,12,1,251,0
6,-4,27,1,251,0
-6,-5,34,1,251,0
8,1,74,1,251,0
7,-7,93,1,251,0
7,0,97,1,251,0
2,-2,137,1,251,0
-2,-3,138,1,251,0
-1,1,176,1,251,0
0,3,189,1,251,0
2,5,205,1,251,0
3,-5,213,1,251,0
3,6,214,1,251,0
5,8,227,1,251,0
5,-1,228,1,251,0
-5,5,232,1,251,0
-3,3,238,1,251,0
4,7,246,1,251,0
-2,2,249,1,251,0
2,6,23,1,251,0
-2,3,18,1,251,0
6,-5,25,1,251,0
-6,-6,27,1,251,0
5,-2,36,1,251,0
-2,-4,61,1,251,0
7,-8,76,1,251,0
-3,-7,85,1,251,0
7,1,85,1,251,0
8,2,102,1,251,0
6,0,112,1,251,0
-1,2,179,1,251,0
-1,-1,186,1,251,0
0,4,195,1,251,0
1,5,199,1,251,0
2,-3,215,1,251,0
3,-6,219,1,251,0
3,7,224,1,251,0
-4,5,225,1,251,0
4,8,236,1,251,0
0,-7,249,1,251,0
7,-9,4,1,251,0
-2,4,11,1,251,0
-6,-7,19,1,251,0
5,-3,34,1,251,0
-5,-4,43,1,251,0
2,-4,86,1,251,0
6,-6,102,1,251,0
7,2,122,1,251,0
6,1,128,1,251,0
1,-1,189,1,251,0
-1,-2,194,1,251,0
1,6,206,1,251,0
-3,5,219,1,251,0
2,7,221,1,251,0
3,8,232,1,251,0
8,-2,248,1,251,0
5,0,249,1,251,0
0,5,196,1,251,0
-3,6,6,1,251,0
0,6,41,1,251,0
8,-3,64,1,251,0
4,0,74,1,251,0
6,2,125,1,251,0
5,1,134,1,251,0
1,-2,189,1,251,0
-8,1,193,1,251,0
4,-1,209,1,251,0
-1,-3,209,1,251,0
1,7,211,1,251,0
2,-5,212,1,251,0
-2,5,213,1,251,0
2,8,218,1,251,0
6,-7,247,1,251,0
-9,-8,2,1,251,0
9,6,3,1,251,0
-3,7,23,1,251,0
-2,6,31,1,251,0
4,-2,43,1,251,0
0,7,48,1,251,0
1,8,53,1,251,0
8,-4,57,1,251,0
3,0,61,1,251,0
-2,-7,79,1,251,0
7,4,99,1,251,0
7,-1,106,1,251,0
6,3,106,1,251,0
-5,-6,111,1,251,0
5,-5,111,1,251,0
5,2,113,1,251,0
4,1,141,1,251,0
1,-3,208,1,251,0
-7,1,199,1,251,0
-1,5,206,1,251,0
-1,-4,215,1,251,0
0,8,6,1,252,0
-3,8,16,1,252,0
8,-5,29,1,252,0
-1,6,38,1,252,0
-4,-4,49,1,252,0
6,4,109,1,252,0
8,6,102,1,252,0
-5,-7,106,1,252,0
4,-3,108,1,252,0
7,5,109,1,252,0
5,3,117,1,252,0
4,2,124,1,252,0
3,1,147,1,252,0
2,0,154,1,252,0
0,-1,179,1,252,0
1,-4,202,1,252,0
-6,1,206,1,252,0
-1,-5,222,1,252,0
7,-2,249,1,252,0
-8,-7,6,1,252,0
8,-6,27,1,252,0
7,-3,61,1,252,0
7,6,108,1,252,0
6,5,118,1,252,0
4,-4,119,1,252,0
-4,-5,121,1,252,0
5,4,126,1,252,0
4,3,134,1,252,0
3,2,142,1,252,0
2,1,151,1,252,0
1,0,188,1,252,0
1,-5,203,1,252,0
3,-1,203,1,252,0
-5,1,212,1,252,0
-1,-6,228,1,252,0
8,7,249,1,252,0
5,-7,251,1,252,0
-8,-8,9,1,252,0
4,-5,12,1,252,0
7,-4,52,1,252,0
8,-7,84,1,252,0
6,6,109,1,252,0
-4,-6,114,1,252,0
3,-2,116,1,252,0
5,5,119,1,252,0
-3,-3,131,1,252,0
2,2,148,1,252,0
1,1,174,1,252,0
0,0,252,1,252,0
0,-3,206,1,252,0
-4,1,224,1,252,0
6,-1,233,1,252,0
5,-8,235,1,252,0
-1,-7,243,1,252,0
7,7,247,1,252,0
-8,5,247,1,252,0
4,4,128,1,252,0
3,3,138,1,252,0
7,-5,48,1,252,0
1,-7,59,1,252,0
0,-4,74,1,252,0
-4,-7,92,1,252,0
5,6,117,1,252,0
4,5,125,1,252,0
3,-3,217,1,252,0
-3,-4,129,1,252,0
3,4,133,1,252,0
-2,0,156,1,252,0
0,1,175,1,252,0
1,2,181,1,252,0
2,3,189,1,252,0
4,-6,222,1,252,0
-3,1,223,1,252,0
-4,2,232,1,252,0
6,-2,236,1,252,0
-1,-8,237,1,252,0
6,7,239,1,252,0
-7,5,249,1,252,0
7,8,251,1,252,0
-7,-7,19,1,252,0
6,-3,27,1,252,0
-6,-4,35,1,252,0
7,-6,43,1,252,0
3,-4,93,1,252,0
6,8,95,1,252,0
-3,-5,122,1,252,0
-2,-2,142,1,252,0
-1,0,178,1,252,0
0,2,182,1,252,0
1,3,188,1,252,0
2,-1,197,1,252,0
2,4,197,1,252,0
3,5,207,1,252,0
4,-7,229,1,252,0
-4,3,237,1,252,0
-6,5,238,1,252,0
5,7,245,1,252,0
-3,2,245,1,252,0
-2,1,251,1,252,0
4,6,251,1,252,0
-7,-8,12,1,252,0
6,-4,27,1,252,0
-6,-5,34,1,252,0
8,1,74,1,252,0
7,-7,93,1,252,0
7,0,97,1,252,0
2,-2,137,1,252,0
-2,-3,138,1,252,0
-1,1,176,1,252,0
0,3,189,1,252,0
2,5,205,1,252,0
3,-5,213,1,252,0
3,6,214,1,252,0
5,8,227,1,252,0
5,-1,228,1,252,0
-5,5,232,1,252,0
-3,3,238,1,252,0
4,7,246,1,252,0
-2,2,249,1,252,0
0,-6,251,1,252,0
2,6,23,1,252,0
-2,3,18,1,252,0
6,-5,25,1,252,0
-6,-6,27,1,252,0
5,-2,36,1,252,0
-2,-4,61,1,252,0
7,-8,76,1,252,0
-3,-7,85,1,252,0
7,1,85,1,252,0
8,2,102,1,252,0
6,0,112,1,252,0
-1,2,179,1,252,0
-1,-1,186,1,252,0
0,4,195,1,252,0
1,5,199,1,252,0
2,-3,215,1,252,0
3,-6,219,1,252,0
3,7,224,1,252,0
-4,5,225,1,252,0
4,8,236,1,252,0
0,-7,249,1,252,0
7,-9,4,1,252,0
-2,4,11,1,252,0
-6,-7,19,1,252,0
5,-3,34,1,252,0
-5,-4,43,1,252,0
2,-4,86,1,252,0
6,-6,102,1,252,0
7,2,122,1,252,0
6,1,128,1,252,0
1,-1,189,1,252,0
-1,-2,194,1,252,0
1,6,206,1,252,0
-3,5,219,1,252,0
2,7,221,1,252,0
3,8,232,1,252,0
8,-2,248,1,252,0
5,0,249,1,252,0
0,5,196,1,252,0
-3,6,6,1,252,0
0,6,41,1,252,0
8,-3,64,1,252,0
4,0,74,1,252,0
6,2,125,1,252,0
5,1,134,1,252,0
1,-2,189,1,252,0
-8,1,193,1,252,0
4,-1,209,1,252,0
-1,-3,209,1,252,0
1,7,211,1,252,0
2,-5,212,1,252,0
-2,5,213,1,252,0
2,8,218,1,252,0
6,-7,247,1,252,0
-9,-8,2,1,252,0
9,6,3,1,252,0
-3,7,23,1,252,0
-2,6,31,1,252,0
4,-2,43,1,252,0
0,7,48,1,252,0
1,8,53,1,252,0
8,-4,57,1,252,0
3,0,61,1,252,0
-2,-7,79,1,252,0
7,4,99,1,252,0
7,-1,106,1,252,0
6,3,106,1,252,0
-5,-6,111,1,252,0
5,-5,111,1,252,0
5,2,113,1,252,0
4,1,141,1,252,0
1,-3,208,1,252,0
-7,1,199,1,252,0
-1,5,206,1,252,0
-1,-4,215,1,252,0
0,8,6,1,253,0
-3,8,16,1,253,0
8,-5,29,1,253,0
-1,6,38,1,253,0
-4,-4,49,1,253,0
6,4,109,1,253,0
8,6,102,1,253,0
-5,-7,106,1,253,0
4,-3,108,1,253,0
7,5,109,1,253,0
5,3,117,1,253,0
4,2,124,1,253,0
3,1,147,1,253,0
2,0,154,1,253,0
0,-1,179,1,253,0
1,-4,202,1,253,0
-6,1,206,1,253,0
-1,-5,222,1,253,0
7,-2,251,1,253,0
-8,-7,6,1,253,0
8,-6,27,1,253,0
7,-3,61,1,253,0
7,6,108,1,253,0
6,5,118,1,253,0
4,-4,119,1,253,0
-4,-5,121,1,253,0
5,4,126,1,253,0
4,3,134,1,253,0
3,2,142,1,253,0
2,1,151,1,253,0
1,0,188,1,253,0
1,-5,203,1,253,0
3,-1,203,1,253,0
-5,1,212,1,253,0
-1,-6,228,1,253,0
8,7,249,1,253,0
5,-7,251,1,253,0
-8,-8,9,1,253,0
4,-5,12,1,253,0
7,-4,52,1,253,0
8,-7,84,1,253,0
6,6,109,1,253,0
-4,-6,114,1,253,0
3,-2,116,1,253,0
5,5,119,1,253,0
-3,-3,131,1,253,0
2,2,148,1,253,0
1,1,174,1,253,0
0,0,253,1,253,0
0,-3,206,1,253,0
-4,1,224,1,253,0
6,-1,233,1,253,0
5,-8,235,1,253,0
-1,-7,243,1,253,0
7,7,247,1,253,0
-8,5,247,1,253,0
3,3,138,1,253,0
4,4,128,1,253,0
7,-5,48,1,253,0
1,-7,59,1,253,0
0,-4,74,1,253,0
-4,-7,92,1,253,0
5,6,117,1,253,0
4,5,125,1,253,0
3,-3,217,1,253,0
-3,-4,129,1,253,0
3,4,133,1,253,0
-2,0,156,1,253,0
0,1,175,1,253,0
1,2,181,1,253,0
2,3,189,1,253,0
4,-6,222,1,253,0
-3,1,223,1,253,0
-4,2,232,1,253,0
6,-2,236,1,253,0
-1,-8,237,1,253,0
6,7,239,1,253,0
-7,5,251,1,253,0
7,8,252,1,253,0
-7,-7,19,1,253,0
6,-3,27,1,253,0
-6,-4,35,1,253,0
7,-6,43,1,253,0
3,-4,93,1,253,0
6,8,95,1,253,0
-3,-5,122,1,253,0
-2,-2,142,1,253,0
-1,0,178,1,253,0
0,2,182,1,253,0
1,3,188,1,253,0
2,-1,197,1,253,0
2,4,197,1,253,0
3,5,207,1,253,0
4,-7,229,1,253,0
-4,3,237,1,253,0
-6,5,238,1,253,0
5,7,245,1,253,0
-3,2,245,1,253,0
-2,1,252,1,253,0
4,6,252,1,253,0
-7,-8,12,1,253,0
6,-4,27,1,253,0
-6,-5,34,1,253,0
8,1,74,1,253,0
7,-7,93,1,253,0
7,0,97,1,253,0
2,-2,137,1,253,0
-2,-3,138,1,253,0
-1,1,176,1,253,0
0,3,189,1,253,0
2,5,205,1,253,0
3,-5,213,1,253,0
3,6,214,1,253,0
5,8,227,1,253,0
5,-1,228,1,253,0
-5,5,232,1,253,0
-3,3,238,1,253,0
4,7,246,1,253,0
-2,2,249,1,253,0
0,-6,252,1,253,0
2,6,23,1,253,0
-2,3,18,1,253,0
6,-5,25,1,253,0
-6,-6,27,1,253,0
5,-2,36,1,253,0
-2,-4,61,1,253,0
7,-8,76,1,253,0
-3,-7,85,1,253,0
7,1,85,1,253,0
8,2,102,1,253,0
6,0,112,1,253,0
-1,2,179,1,253,0
-1,-1,186,1,253,0
0,4,195,1,253,0
1,5,199,1,253,0
2,-3,215,1,253,0
3,-6,219,1,253,0
3,7,224,1,253,0
-4,5,225,1,253,0
4,8,236,1,253,0
0,-7,249,1,253,0
7,-9,4,1,253,0
-2,4,11,1,253,0
-6,-7,19,1,253,0
5,-3,34,1,253,0
-5,-4,43,1,253,0
2,-4,86,1,253,0
6,-6,102,1,253,0
7,2,122,1,253,0
6,1,128,1,253,0
1,-1,189,1,253,0
-1,-2,194,1,253,0
1,6,206,1,253,0
-3,5,219,1,253,0
2,7,221,1,253,0
3,8,232,1,253,0
8,-2,248,1,253,0
5,0,251,1,253,0
0,5,196,1,253,0
-3,6,6,1,253,0
0,6,41,1,253,0
8,-3,64,1,253,0
4,0,74,1,253,0
6,2,125,1,253,0
5,1,134,1,253,0
1,-2,189,1,253,0
-8,1,193,1,253,0
4,-1,209,1,253,0
-1,-3,209,1,253,0
1,7,211,1,253,0
2,-5,212,1,253,0
-2,5,213,1,253,0
2,8,218,1,253,0
6,-7,252,1,253,0
-9,-8,2,1,253,0
9,6,3,1,253,0
-3,7,23,1,253,0
-2,6,31,1,253,0
4,-2,43,1,253,0
0,7,48,1,253,0
1,8,53,1,253,0
8,-4,57,1,253,0
3,0,61,1,253,0
-2,-7,79,1,253,0
7,4,99,1,253,0
7,-1,106,1,253,0
6,3,106,1,253,0
-5,-6,111,1,253,0
5,-5,111,1,253,0
5,2,113,1,253,0
4,1,141,1,253,0
1,-3,208,1,253,0
-7,1,199,1,253,0
-1,5,206,1,253,0
-1,-4,215,1,253,0
0,8,6,1,254,0
-3,8,16,1,254,0
8,-5,29,1,254,0
-1,6,38,1,254,0
-4,-4,49,1,254,0
6,4,109,1,254,0
8,6,102,1,254,0
-5,-7,106,1,254,0
4,-3,108,1,254,0
7,5,109,1,254,0
5,3,117,1,254,0
4,2,124,1,254,0
3,1,147,1,254,0
2,0,154,1,254,0
0,-1,179,1,254,0
1,-4,202,1,254,0
-6,1,206,1,254,0
-1,-5,222,1,254,0
7,-2,252,1,254,0
-8,-7,6,1,254,0
8,-6,27,1,254,0
7,-3,61,1,254,0
7,6,108,1,254,0
6,5,118,1,254,0
4,-4,119,1,254,0
-4,-5,121,1,254,0
5,4,126,1,254,0
4,3,134,1,254,0
3,2,142,1,254,0
2,1,151,1,254,0
1,0,188,1,254,0
1,-5,203,1,254,0
3,-1,203,1,254,0
-5,1,212,1,254,0
-1,-6,228,1,254,0
8,7,249,1,254,0
5,-7,251,1,254,0
-8,-8,9,1,254,0
4,-5,12,1,254,0
7,-4,52,1,254,0
8,-7,84,1,254,0
6,6,109,1,254,0
-4,-6,114,1,254,0
3,-2,116,1,254,0
5,5,119,1,254,0
-3,-3,131,1,254,0
2,2,148,1,254,0
1,1,174,1,254,0
0,0,254,1,254,0
0,-3,206,1,254,0
-4,1,224,1,254,0
6,-1,233,1,254,0
5,-8,235,1,254,0
-1,-7,243,1,254,0
7,7,247,1,254,0
-8,5,247,1,254,0
8,8,253,1,254,0
3,3,138,1,254,0
4,4,128,1,254,0
7,-5,48,1,254,0
1,-7,59,1,254,0
0,-4,74,1,254,0
-4,-7,92,1,254,0
5,6,117,1,254,0
4,5,125,1,254,0
3,-3,217,1,254,0
-3,-4,129,1,254,0
3,4,133,1,254,0
-2,0,156,1,254,0
0,1,175,1,254,0
1,2,181,1,254,0
2,3,189,1,254,0
4,-6,222,1,254,0
-3,1,223,1,254,0
-4,2,232,1,254,0
6,-2,236,1,254,0
-1,-8,237,1,254,0
6,7,239,1,254,0
7,8,252,1,254,0
-7,5,253,1,254,0
-7,-7,19,1,254,0
6,-3,27,1,254,0
-6,-4,35,1,254,0
7,-6,43,1,254,0
3,-4,93,1,254,0
6,8,95,1,254,0
-3,-5,122,1,254,0
-2,-2,142,1,254,0
-1,0,178,1,254,0
0,2,182,1,254,0
1,3,188,1,254,0
2,-1,197,1,254,0
2,4,197,1,254,0
3,5,207,1,254,0
4,-7,229,1,254,0
-4,3,237,1,254,0
-6,5,238,1,254,0
5,7,245,1,254,0
-3,2,245,1,254,0
-2,1,253,1,254,0
4,6,253,1,254,0
-7,-8,12,1,254,0
6,-4,27,1,254,0
-6,-5,34,1,254,0
8,1,74,1,254,0
7,-7,93,1,254,0
7,0,97,1,254,0
2,-2,137,1,254,0
-2,-3,138,1,254,0
-1,1,176,1,254,0
0,3,189,1,254,0
2,5,205,1,254,0
3,-5,213,1,254,0
3,6,214,1,254,0
5,8,227,1,254,0
5,-1,228,1,254,0
-5,5,232,1,254,0
-3,3,238,1,254,0
4,7,246,1,254,0
-2,2,249,1,254,0
0,-6,253,1,254,0
2,6,23,1,254,0
-2,3,18,1,254,0
6,-5,25,1,254,0
-6,-6,27,1,254,0
5,-2,36,1,254,0
-2,-4,61,1,254,0
7,-8,76,1,254,0
-3,-7,85,1,254,0
7,1,85,1,254,0
8,2,102,1,254,0
6,0,112,1,254,0
-1,2,179,1,254,0
-1,-1,186,1,254,0
0,4,195,1,254,0
1,5,199,1,254,0
2,-3,215,1,254,0
3,-6,219,1,254,0
3,7,224,1,254,0
-4,5,225,1,254,0
4,8,236,1,254,0
0,-7,249,1,254,0
7,-9,4,1,254,0
-2,4,11,1,254,0
-6,-7,19,1,254,0
5,-3,34,1,254,0
-5,-4,43,1,254,0
2,-4,86,1,254,0
6,-6,102,1,254,0
7,2,122,1,254,0
6,1,128,1,254,0
1,-1,189,1,254,0
-1,-2,194,1,254,0
1,6,206,1,254,0
-3,5,219,1,254,0
2,7,221,1,254,0
3,8,232,1,254,0
8,-2,248,1,254,0
5,0,252,1,254,0
0,5,196,1,254,0
-3,6,6,1,254,0
0,6,41,1,254,0
8,-3,64,1,254,0
4,0,74,1,254,0
6,2,125,1,254,0
5,1,134,1,254,0
1,-2,189,1,254,0
-8,1,193,1,254,0
4,-1,209,1,254,0
-1,-3,209,1,254,0
1,7,211,1,254,0
2,-5,212,1,254,0
-2,5,213,1,254,0
2,8,218,1,254,0
6,-7,253,1,254,0
-9,-8,2,1,254,0
9,6,3,1,254,0
-3,7,23,1,254,0
-2,6,31,1,254,0
4,-2,43,1,254,0
0,7,48,1,254,0
1,8,53,1,254,0
8,-4,57,1,254,0
3,0,61,1,254,0
-2,-7,79,1,254,0
7,4,99,1,254,0
7,-1,106,1,254,0
6,3,106,1,254,0
-5,-6,111,1,254,0
5,-5,111,1,254,0
5,2,113,1,254,0
4,1,141,1,254,0
1,-3,208,1,254,0
-7,1,199,1,254,0
-1,5,206,1,254,0
-1,-4,215,1,254,0
0,8,6,1,255,0
-3,8,16,1,255,0
8,-5,29,1,255,0
-1,6,38,1,255,0
-4,-4,49,1,255,0
6,4,109,1,255,0
8,6,102,1,255,0
-5,-7,106,1,255,0
4,-3,108,1,255,0
7,5,109,1,255,0
5,3,117,1,255,0
4,2,124,1,255,0
3,1,147,1,255,0
2,0,154,1,255,0
0,-1,179,1,255,0
1,-4,202,1,255,0
-6,1,206,1,255,0
-1,-5,222,1,255,0
7,-2,253,1,255,0
-8,-7,6,1,255,0
8,-6,27,1,255,0
7,-3,61,1,255,0
7,6,108,1,255,0
6,5,118,1,255,0
4,-4,119,1,255,0
-4,-5,121,1,255,0
5,4,126,1,255,0
4,3,134,1,255,0
3,2,142,1,255,0
2,1,151,1,255,0
1,0,188,1,255,0
1,-5,203,1,255,0
3,-1,203,1,255,0
-5,1,212,1,255,0
-1,-6,228,1,255,0
8,7,249,1,255,0
5,-7,251,1,255,0
-8,-8,9,1,255,0
4,-5,12,1,255,0
7,-4,52,1,255,0
8,-7,84,1,255,0
6,6,109,1,255,0
-4,-6,114,1,255,0
3,-2,116,1,255,0
5,5,119,1,255,0
-3,-3,131,1,255,0
2,2,148,1,255,0
1,1,174,1,255,0
0,0,255,1,255,0
0,-3,206,1,255,0
-4,1,224,1,255,0
6,-1,233,1,255,0
5,-8,235,1,255,0
-1,-7,243,1,255,0
7,7,247,1,255,0
-8,5,247,1,255,0
8,8,254,1,255,0
3,3,138,1,255,0
4,4,128,1,255,0
7,-5,48,1,255,0
1,-7,59,1,255,0
0,-4,74,1,255,0
-4,-7,92,1,255,0
5,6,117,1,255,0
4,5,125,1,255,0
3,-3,217,1,255,0
-3,-4,129,1,255,0
3,4,133,1,255,0
-2,0,156,1,255,0
0,1,175,1,255,0
1,2,181,1,255,0
2,3,189,1,255,0
4,-6,222,1,255,0
-3,1,223,1,255,0
-4,2,232,1,255,0
6,-2,236,1,255,0
-1,-8,237,1,255,0
6,7,239,1,255,0
7,8,252,1,255,0
-7,5,254,1,255,0
-7,-7,19,1,255,0
6,-3,27,1,255,0
-6,-4,35,1,255,0
7,-6,43,1,255,0
3,-4,93,1,255,0
6,8,95,1,255,0
-3,-5,122,1,255,0
-2,-2,142,1,255,0
-1,0,178,1,255,0
0,2,182,1,255,0
1,3,188,1,255,0
2,-1,197,1,255,0
2,4,197,1,255,0
3,5,207,1,255,0
4,-7,229,1,255,0
-4,3,237,1,255,0
-6,5,238,1,255,0
5,7,245,1,255,0
-3,2,245,1,255,0
-2,1,253,1,255,0
4,6,254,1,255,0
-7,-8,12,1,255,0
6,-4,27,1,255,0
-6,-5,34,1,255,0
8,1,74,1,255,0
7,-7,93,1,255,0
7,0,97,1,255,0
2,-2,137,1,255,0
-2,-3,138,1,255,0
0,3,189,1,255,0
2,5,205,1,255,0
3,-5,213,1,255,0
3,6,214,1,255,0
5,8,227,1,255,0
5,-1,228,1,255,0
-5,5,232,1,255,0
-3,3,238,1,255,0
4,7,246,1,255,0
-2,2,249,1,255,0
-1,1,254,1,255,0
0,-6,254,1,255,0
2,6,23,1,255,0
-2,3,18,1,255,0
6,-5,25,1,255,0
-6,-6,27,1,255,0
5,-2,36,1,255,0
-2,-4,61,1,255,0
7,-8,76,1,255,0
-3,-7,85,1,255,0
7,1,85,1,255,0
8,2,102,1,255,0
6,0,112,1,255,0
-1,2,179,1,255,0
-1,-1,186,1,255,0
0,4,195,1,255,0
1,5,199,1,255,0
2,-3,215,1,255,0
3,-6,219,1,255,0
3,7,224,1,255,0
-4,5,225,1,255,0
4,8,236,1,255,0
0,-7,249,1,255,0
7,-9,4,1,255,0
-2,4,11,1,255,0
-6,-7,19,1,255,0
5,-3,34,1,255,0
-5,-4,43,1,255,0
2,-4,86,1,255,0
6,-6,102,1,255,0
7,2,122,1,255,0
6,1,128,1,255,0
1,-1,189,1,255,0
-1,-2,194,1,255,0
1,6,206,1,255,0
-3,5,219,1,255,0
2,7,221,1,255,0
3,8,232,1,255,0
8,-2,248,1,255,0
5,0,253,1,255,0
0,5,196,1,255,0
-3,6,6,1,255,0
0,6,41,1,255,0
8,-3,64,1,255,0
4,0,74,1,255,0
6,2,125,1,255,0
5,1,134,1,255,0
1,-2,189,1,255,0
-8,1,193,1,255,0
4,-1,209,1,255,0
-1,-3,209,1,255,0
1,7,211,1,255,0
2,-5,212,1,255,0
-2,5,213,1,255,0
2,8,218,1,255,0
6,-7,254,1,255,0
-9,-8,2,1,255,0
9,6,3,1,255,0
-3,7,23,1,255,0
-2,6,31,1,255,0
4,-2,43,1,255,0
0,7,48,1,255,0
1,8,53,1,255,0
8,-4,57,1,255,0
3,0,61,1,255,0
-2,-7,79,1,255,0
7,4,99,1,255,0
7,-1,106,1,255,0
6,3,106,1,255,0
-5,-6,111,1,255,0
5,-5,111,1,255,0
5,2,113,1,255,0
4,1,141,1,255,0
1,-3,208,1,255,0
-7,1,199,1,255,0
-1,5,206,1,255,0
-1,-4,215,1,255,0
0,8,6,1,256,0
-3,8,16,1,256,0
8,-5,29,1,256,0
-1,6,38,1,256,0
-4,-4,49,1,256,0
6,4,109,1,256,0
8,6,102,1,256,0
-5,-7,106,1,256,0
4,-3,108,1,256,0
7,5,109,1,256,0
5,3,117,1,256,0
4,2,124,1,256,0
3,1,147,1,256,0
2,0,154,1,256,0
0,-1,179,1,256,0
1,-4,202,1,256,0
-6,1,206,1,256,0
-1,-5,222,1,256,0
7,-2,254,1,256,0
-8,-7,6,1,256,0
8,-6,27,1,256,0
7,-3,61,1,256,0
7,6,108,1,256,0
6,5,118,1,256,0
4,-4,119,1,256,0
-4,-5,121,1,256,0
5,4,126,1,256,0
4,3,134,1,256,0
3,2,142,1,256,0
2,1,151,1,256,0
1,0,188,1,256,0
1,-5,203,1,256,0
3,-1,203,1,256,0
-5,1,212,1,256,0
-1,-6,228,1,256,0
8,7,249,1,256,0
5,-7,251,1,256,0
-8,-8,9,1,256,0
4,-5,12,1,256,0
7,-4,52,1,256,0
8,-7,84,1,256,0
6,6,109,1,256,0
-4,-6,114,1,256,0
3,-2,116,1,256,0
5,5,119,1,256,0
-3,-3,131,1,256,0
2,2,148,1,256,0
1,1,174,1,256,0
0,0,255,1,256,0
0,-3,206,1,256,0
-4,1,224,1,256,0
6,-1,233,1,256,0
5,-8,235,1,256,0
-1,-7,243,1,256,0
7,7,247,1,256,0
-8,5,247,1,256,0
8,8,255,1,256,0
4,4,128,1,256,0
3,3,138,1,256,0
7,-5,48,1,256,0
1,-7,59,1,256,0
0,-4,74,1,256,0
-4,-7,92,1,256,0
5,6,117,1,256,0
3,-3,217,1,256,0
-3,-4,129,1,256,0
3,4,133,1,256,0
-2,0,156,1,256,0
0,1,256,1,256,0
1,2,181,1,256,0
2,3,189,1,256,0
4,-6,222,1,256,0
-3,1,223,1,256,0
-4,2,232,1,256,0
6,-2,236,1,256,0
-1,-8,237,1,256,0
6,7,239,1,256,0
7,8,252,1,256,0
-7,5,254,1,256,0
4,5,255,1,256,0
-7,-7,19,1,256,0
6,-3,27,1,256,0
-6,-4,35,1,256,0
7,-6,43,1,256,0
3,-4,93,1,256,0
6,8,95,1,256,0
-3,-5,122,1,256,0
-2,-2,142,1,256,0
-1,0,178,1,256,0
0,2,182,1,256,0
1,3,188,1,256,0
2,-1,197,1,256,0
2,4,197,1,256,0
3,5,207,1,256,0
4,-7,229,1,256,0
-4,3,237,1,256,0
5,7,245,1,256,0
-3,2,245,1,256,0
-2,1,253,1,256,0
4,6,254,1,256,0
-6,5,255,1,256,0
-7,-8,12,1,256,0
6,-4,27,1,256,0
-6,-5,34,1,256,0
8,1,74,1,256,0
7,-7,93,1,256,0
7,0,97,1,256,0
2,-2,137,1,256,0
-2,-3,138,1,256,0
0,3,189,1,256,0
2,5,205,1,256,0
3,-5,213,1,256,0
3,6,214,1,256,0
5,8,227,1,256,0
5,-1,228,1,256,0
-5,5,232,1,256,0
-3,3,238,1,256,0
4,7,246,1,256,0
-2,2,249,1,256,0
-1,1,255,1,256,0
0,-6,255,1,256,0
2,6,23,1,256,0
-2,3,18,1,256,0
6,-5,25,1,256,0
-6,-6,27,1,256,0
5,-2,36,1,256,0
-2,-4,61,1,256,0
7,-8,76,1,256,0
-3,-7,85,1,256,0
7,1,85,1,256,0
8,2,102,1,256,0
6,0,112,1,256,0
-1,2,179,1,256,0
-1,-1,186,1,256,0
0,4,195,1,256,0
1,5,199,1,256,0
2,-3,215,1,256,0
3,-6,219,1,256,0
3,7,224,1,256,0
-4,5,225,1,256,0
4,8,236,1,256,0
0,-7,249,1,256,0
7,-9,4,1,256,0
-2,4,11,1,256,0
-6,-7,19,1,256,0
5,-3,34,1,256,0
-5,-4,43,1,256,0
2,-4,86,1,256,0
6,-6,102,1,256,0
7,2,122,1,256,0
6,1,128,1,256,0
1,-1,189,1,256,0
-1,-2,194,1,256,0
1,6,206,1,256,0
-3,5,219,1,256,0
2,7,221,1,256,0
3,8,232,1,256,0
8,-2,248,1,256,0
5,0,254,1,256,0
0,5,196,1,256,0
-3,6,6,1,256,0
0,6,41,1,256,0
8,-3,64,1,256,0
4,0,74,1,256,0
6,2,125,1,256,0
5,1,134,1,256,0
1,-2,189,1,256,0
-8,1,193,1,256,0
4,-1,209,1,256,0
-1,-3,209,1,256,0
1,7,211,1,256,0
2,-5,212,1,256,0
-2,5,213,1,256,0
2,8,218,1,256,0
6,-7,255,1,256,0
-9,-8,2,1,256,0
9,6,3,1,256,0
-3,7,23,1,256,0
-2,6,31,1,256,0
4,-2,43,1,256,0
0,7,48,1,256,0
1,8,53,1,256,0
8,-4,57,1,256,0
3,0,61,1,256,0
-2,-7,79,1,256,0
7,4,99,1,256,0
7,-1,106,1,256,0
6,3,106,1,256,0
-5,-6,111,1,256,0
5,-5,111,1,256,0
5,2,113,1,256,0
4,1,141,1,256,0
1,-3,208,1,256,0
-7,1,199,1,256,0
-1,5,206,1,256,0
-1,-4,215,1,256,0
0,8,6,1,257,0
-3,8,16,1,257,0
8,-5,29,1,257,0
-1,6,38,1,257,0
-4,-4,49,1,257,0
6,4,109,1,257,0
8,6,102,1,257,0
-5,-7,106,1,257,0
4,-3,108,1,257,0
7,5,109,1,257,0
5,3,117,1,257,0
4,2,124,1,257,0
3,1,147,1,257,0
2,0,154,1,257,0
0,-1,179,1,257,0
1,-4,202,1,257,0
-6,1,206,1,257,0
-1,-5,222,1,257,0
7,-2,254,1,257,0
-8,-7,6,1,257,0
8,-6,27,1,257,0
7,-3,61,1,257,0
7,6,108,1,257,0
6,5,118,1,257,0
4,-4,119,1,257,0
-4,-5,121,1,257,0
5,4,126,1,257,0
4,3,134,1,257,0
3,2,142,1,257,0
2,1,151,1,257,0
1,0,188,1,257,0
1,-5,203,1,257,0
3,-1,203,1,257,0
-5,1,212,1,257,0
-1,-6,228,1,257,0
8,7,249,1,257,0
5,-7,251,1,257,0
-8,-8,9,1,257,0
4,-5,12,1,257,0
7,-4,52,1,257,0
8,-7,84,1,257,0
6,6,109,1,257,0
-4,-6,114,1,257,0
3,-2,116,1,257,0
5,5,119,1,257,0
-3,-3,131,1,257,0
2,2,148,1,257,0
1,1,174,1,257,0
0,0,255,1,257,0
0,-3,206,1,257,0
-4,1,224,1,257,0
6,-1,233,1,257,0
5,-8,235,1,257,0
-1,-7,243,1,257,0
-8,5,247,1,257,0
8,8,255,1,257,0
7,7,256,1,257,0
3,3,138,1,257,0
4,4,128,1,257,0
7,-5,48,1,257,0
1,-7,59,1,257,0
0,-4,74,1,257,0
-4,-7,92,1,257,0
5,6,117,1,257,0
3,-3,217,1,257,0
-3,-4,129,1,257,0
3,4,133,1,257,0
-2,0,156,1,257,0
0,1,257,1,257,0
1,2,181,1,257,0
2,3,189,1,257,0
4,-6,222,1,257,0
-3,1,223,1,257,0
-4,2,232,1,257,0
6,-2,236,1,257,0
-1,-8,237,1,257,0
6,7,239,1,257,0
7,8,252,1,257,0
-7,5,254,1,257,0
4,5,256,1,257,0
-7,-7,19,1,257,0
6,-3,27,1,257,0
-6,-4,35,1,257,0
7,-6,43,1,257,0
3,-4,93,1,257,0
6,8,95,1,257,0
-3,-5,122,1,257,0
-2,-2,142,1,257,0
-1,0,178,1,257,0
0,2,182,1,257,0
1,3,188,1,257,0
2,-1,197,1,257,0
2,4,197,1,257,0
3,5,207,1,257,0
4,-7,229,1,257,0
-4,3,237,1,257,0
5,7,245,1,257,0
-3,2,245,1,257,0
-2,1,253,1,257,0
4,6,254,1,257,0
-6,5,256,1,257,0
-7,-8,12,1,257,0
6,-4,27,1,257,0
-6,-5,34,1,257,0
8,1,74,1,257,0
7,-7,93,1,257,0
7,0,97,1,257,0
2,-2,137,1,257,0
-2,-3,138,1,257,0
0,3,189,1,257,0
2,5,205,1,257,0
3,-5,213,1,257,0
3,6,214,1,257,0
5,8,227,1,257,0
5,-1,228,1,257,0
-5,5,232,1,257,0
-3,3,238,1,257,0
4,7,246,1,257,0
-2,2,249,1,257,0
-1,1,256,1,257,0
0,-6,256,1,257,0
2,6,23,1,257,0
-2,3,18,1,257,0
6,-5,25,1,257,0
-6,-6,27,1,257,0
5,-2,36,1,257,0
-2,-4,61,1,257,0
7,-8,76,1,257,0
-3,-7,85,1,257,0
7,1,85,1,257,0
8,2,102,1,257,0
6,0,112,1,257,0
-1,2,179,1,257,0
-1,-1,186,1,257,0
0,4,195,1,257,0
1,5,199,1,257,0
2,-3,215,1,257,0
3,-6,219,1,257,0
3,7,224,1,257,0
-4,5,225,1,257,0
4,8,236,1,257,0
0,-7,249,1,257,0
7,-9,4,1,257,0
-2,4,11,1,257,0
-6,-7,19,1,257,0
5,-3,34,1,257,0
-5,-4,43,1,257,0
2,-4,86,1,257,0
6,-6,102,1,257,0
7,2,122,1,257,0
6,1,128,1,257,0
1,-1,189,1,257,0
-1,-2,194,1,257,0
1,6,206,1,257,0
-3,5,219,1,257,0
2,7,221,1,257,0
3,8,232,1,257,0
8,-2,255,1,257,0
5,0,255,1,257,0
0,5,196,1,257,0
-3,6,6,1,257,0
0,6,41,1,257,0
8,-3,64,1,257,0
4,0,74,1,257,0
6,2,125,1,257,0
5,1,134,1,257,0
1,-2,189,1,257,0
-8,1,193,1,257,0
4,-1,209,1,257,0
-1,-3,209,1,257,0
1,7,211,1,257,0
2,-5,212,1,257,0
-2,5,213,1,257,0
2,8,218,1,257,0
6,-7,256,1,257,0
-9,-8,2,1,257,0
9,6,3,1,257,0
-3,7,23,1,257,0
-2,6,31,1,257,0
4,-2,43,1,257,0
0,7,48,1,257,0
1,8,53,1,257,0
8,-4,57,1,257,0
3,0,61,1,257,0
-2,-7,79,1,257,0
7,4,99,1,257,0
7,-1,106,1,257,0
6,3,106,1,257,0
-5,-6,111,1,257,0
5,-5,111,1,257,0
5,2,113,1,257,0
4,1,141,1,257,0
1,-3,208,1,257,0
-7,1,199,1,257,0
-1,5,206,1,257,0
-1,-4,215,1,257,0
0,8,6,1,258,0
-3,8,16,1,258,0
8,-5,29,1,258,0
-1,6,38,1,258,0
-4,-4,49,1,258,0
6,4,109,1,258,0
8,6,102,1,258,0
-5,-7,106,1,258,0
4,-3,108,1,258,0
7,5,109,1,258,0
5,3,117,1,258,0
4,2,124,1,258,0
3,1,147,1,258,0
2,0,154,1,258,0
0,-1,179,1,258,0
1,-4,202,1,258,0
-6,1,206,1,258,0
-1,-5,222,1,258,0
7,-2,254,1,258,0
-8,-7,6,1,258,0
8,-6,27,1,258,0
7,-3,61,1,258,0
7,6,108,1,258,0
6,5,118,1,258,0
4,-4,119,1,258,0
-4,-5,121,1,258,0
5,4,126,1,258,0
4,3,134,1,258,0
3,2,142,1,258,0
2,1,151,1,258,0
1,0,188,1,258,0
1,-5,203,1,258,0
3,-1,203,1,258,0
-5,1,212,1,258,0
-1,-6,228,1,258,0
8,7,249,1,258,0
5,-7,251,1,258,0
-8,-8,9,1,258,0
4,-5,12,1,258,0
7,-4,52,1,258,0
8,-7,84,1,258,0
6,6,109,1,258,0
-4,-6,114,1,258,0
3,-2,116,1,258,0
5,5,119,1,258,0
-3,-3,131,1,258,0
2,2,148,1,258,0
1,1,174,1,258,0
0,0,255,1,258,0
0,-3,206,1,258,0
-4,1,224,1,258,0
6,-1,233,1,258,0
5,-8,235,1,258,0
-1,-7,243,1,258,0
-8,5,247,1,258,0
8,8,255,1,258,0
7,7,257,1,258,0
4,4,128,1,258,0
3,3,138,1,258,0
7,-5,48,1,258,0
1,-7,59,1,258,0
0,-4,74,1,258,0
-4,-7,92,1,258,0
5,6,117,1,258,0
3,-3,217,1,258,0
-3,-4,129,1,258,0
3,4,133,1,258,0
-2,0,156,1,258,0
0,1,258,1,258,0
1,2,181,1,258,0
2,3,189,1,258,0
4,-6,222,1,258,0
-3,1,223,1,258,0
-4,2,232,1,258,0
6,-2,236,1,258,0
-1,-8,237,1,258,0
6,7,239,1,258,0
7,8,252,1,258,0
-7,5,254,1,258,0
4,5,257,1,258,0
-7,-7,19,1,258,0
6,-3,27,1,258,0
-6,-4,35,1,258,0
7,-6,43,1,258,0
3,-4,93,1,258,0
6,8,95,1,258,0
-3,-5,122,1,258,0
-2,-2,142,1,258,0
-1,0,178,1,258,0
0,2,182,1,258,0
1,3,188,1,258,0
2,-1,197,1,258,0
2,4,197,1,258,0
3,5,207,1,258,0
4,-7,229,1,258,0
-4,3,237,1,258,0
5,7,245,1,258,0
-3,2,245,1,258,0
-2,1,253,1,258,0
4,6,254,1,258,0
-6,5,257,1,258,0
-7,-8,12,1,258,0
6,-4,27,1,258,0
-6,-5,34,1,258,0
8,1,74,1,258,0
7,-7,93,1,258,0
7,0,97,1,258,0
2,-2,137,1,258,0
-2,-3,138,1,258,0
0,3,189,1,258,0
2,5,205,1,258,0
3,-5,213,1,258,0
3,6,214,1,258,0
5,8,227,1,258,0
5,-1,228,1,258,0
-5,5,232,1,258,0
-3,3,238,1,258,0
4,7,246,1,258,0
-2,2,249,1,258,0
-1,1,257,1,258,0
0,-6,257,1,258,0
2,6,23,1,258,0
-2,3,18,1,258,0
6,-5,25,1,258,0
-6,-6,27,1,258,0
5,-2,36,1,258,0
-2,-4,61,1,258,0
7,-8,76,1,258,0
-3,-7,85,1,258,0
7,1,85,1,258,0
8,2,102,1,258,0
6,0,112,1,258,0
-1,2,179,1,258,0
-1,-1,186,1,258,0
0,4,195,1,258,0
1,5,199,1,258,0
2,-3,215,1,258,0
3,-6,219,1,258,0
3,7,224,1,258,0
-4,5,225,1,258,0
4,8,236,1,258,0
0,-7,249,1,258,0
7,-9,4,1,258,0
-2,4,11,1,258,0
-6,-7,19,1,258,0
5,-3,34,1,258,0
-5,-4,43,1,258,0
2,-4,86,1,258,0
6,-6,102,1,258,0
7,2,122,1,258,0
6,1,128,1,258,0
1,-1,189,1,258,0
-1,-2,194,1,258,0
1,6,206,1,258,0
-3,5,219,1,258,0
2,7,221,1,258,0
3,8,232,1,258,0
8,-2,256,1,258,0
5,0,256,1,258,0
0,5,196,1,258,0
-3,6,6,1,258,0
0,6,41,1,258,0
8,-3,64,1,258,0
4,0,74,1,258,0
6,2,125,1,258,0
5,1,134,1,258,0
1,-2,189,1,258,0
-8,1,193,1,258,0
4,-1,209,1,258,0
-1,-3,209,1,258,0
1,7,211,1,258,0
2,-5,212,1,258,0
-2,5,213,1,258,0
2,8,218,1,258,0
6,-7,257,1,258,0
-9,-8,2,1,258,0
9,6,3,1,258,0
-3,7,23,1,258,0
-2,6,31,1,258,0
4,-2,43,1,258,0
0,7,48,1,258,0
1,8,53,1,258,0
8,-4,57,1,258,0
3,0,61,1,258,0
-2,-7,79,1,258,0
7,4,99,1,258,0
7,-1,106,1,258,0
6,3,106,1,258,0
-5,-6,111,1,258,0
5,-5,111,1,258,0
5,2,113,1,258,0
4,1,141,1,258,0
1,-3,208,1,258,0
-7,1,199,1,258,0
-1,5,206,1,258,0
-1,-4,215,1,258,0
0,8,6,1,259,0
-3,8,16,1,259,0
8,-5,29,1,259,0
-1,6,38,1,259,0
-4,-4,49,1,259,0
6,4,109,1,259,0
8,6,102,1,259,0
-5,-7,106,1,259,0
4,-3,108,1,259,0
7,5,109,1,259,0
5,3,117,1,259,0
4,2,124,1,259,0
3,1,147,1,259,0
2,0,154,1,259,0
0,-1,179,1,259,0
1,-4,202,1,259,0
-6,1,206,1,259,0
-1,-5,222,1,259,0
7,-2,254,1,259,0
-8,-7,6,1,259,0
8,-6,27,1,259,0
7,-3,61,1,259,0
7,6,108,1,259,0
6,5,118,1,259,0
4,-4,119,1,259,0
-4,-5,121,1,259,0
5,4,126,1,259,0
4,3,134,1,259,0
3,2,142,1,259,0
2,1,151,1,259,0
1,0,188,1,259,0
1,-5,203,1,259,0
3,-1,203,1,259,0
-5,1,212,1,259,0
-1,-6,228,1,259,0
8,7,249,1,259,0
5,-7,251,1,259,0
-8,-8,9,1,259,0
4,-5,12,1,259,0
7,-4,52,1,259,0
8,-7,84,1,259,0
6,6,109,1,259,0
-4,-6,114,1,259,0
3,-2,116,1,259,0
5,5,119,1,259,0
-3,-3,131,1,259,0
2,2,148,1,259,0
1,1,174,1,259,0
0,0,255,1,259,0
0,-3,206,1,259,0
-4,1,224,1,259,0
6,-1,233,1,259,0
5,-8,235,1,259,0
-1,-7,243,1,259,0
-8,5,247,1,259,0
8,8,255,1,259,0
7,7,258,1,259,0
3,3,138,1,259,0
4,4,128,1,259,0
7,-5,48,1,259,0
1,-7,59,1,259,0
0,-4,74,1,259,0
-4,-7,92,1,259,0
5,6,117,1,259,0
3,-3,217,1,259,0
-3,-4,129,1,259,0
3,4,133,1,259,0
-2,0,156,1,259,0
0,1,259,1,259,0
1,2,181,1,259,0
2,3,189,1,259,0
4,-6,222,1,259,0
-3,1,223,1,259,0
-4,2,232,1,259,0
6,-2,236,1,259,0
-1,-8,237,1,259,0
6,7,239,1,259,0
7,8,252,1,259,0
-7,5,254,1,259,0
4,5,257,1,259,0
-7,-7,19,1,259,0
6,-3,27,1,259,0
-6,-4,35,1,259,0
7,-6,43,1,259,0
3,-4,93,1,259,0
6,8,95,1,259,0
-3,-5,122,1,259,0
-2,-2,142,1,259,0
-1,0,178,1,259,0
0,2,182,1,259,0
1,3,188,1,259,0
2,-1,197,1,259,0
2,4,197,1,259,0
4,-7,229,1,259,0
-4,3,237,1,259,0
5,7,245,1,259,0
-3,2,245,1,259,0
-2,1,253,1,259,0
4,6,254,1,259,0
3,5,258,1,259,0
-6,5,258,1,259,0
-7,-8,12,1,259,0
6,-4,27,1,259,0
-6,-5,34,1,259,0
8,1,74,1,259,0
7,-7,93,1,259,0
7,0,97,1,259,0
2,-2,137,1,259,0
-2,-3,138,1,259,0
0,3,189,1,259,0
2,5,205,1,259,0
3,-5,213,1,259,0
3,6,214,1,259,0
5,8,227,1,259,0
5,-1,228,1,259,0
-5,5,232,1,259,0
-3,3,238,1,259,0
4,7,246,1,259,0
-2,2,249,1,259,0
0,-6,257,1,259,0
-1,1,258,1,259,0
2,6,23,1,259,0
-2,3,18,1,259,0
6,-5,25,1,259,0
-6,-6,27,1,259,0
5,-2,36,1,259,0
-2,-4,61,1,259,0
7,-8,76,1,259,0
-3,-7,85,1,259,0
7,1,85,1,259,0
8,2,102,1,259,0
6,0,112,1,259,0
-1,2,179,1,259,0
-1,-1,186,1,259,0
0,4,195,1,259,0
1,5,199,1,259,0
2,-3,215,1,259,0
3,-6,219,1,259,0
3,7,224,1,259,0
-4,5,225,1,259,0
4,8,236,1,259,0
0,-7,249,1,259,0
7,-9,4,1,259,0
-2,4,11,1,259,0
-6,-7,19,1,259,0
5,-3,34,1,259,0
-5,-4,43,1,259,0
2,-4,86,1,259,0
6,-6,102,1,259,0
7,2,122,1,259,0
6,1,128,1,259,0
1,-1,189,1,259,0
-1,-2,194,1,259,0
1,6,206,1,259,0
-3,5,219,1,259,0
2,7,221,1,259,0
3,8,232,1,259,0
8,-2,257,1,259,0
5,0,257,1,259,0
0,5,196,1,259,0
-3,6,6,1,259,0
0,6,41,1,259,0
8,-3,64,1,259,0
4,0,74,1,259,0
6,2,125,1,259,0
5,1,134,1,259,0
1,-2,189,1,259,0
-8,1,193,1,259,0
4,-1,209,1,259,0
-1,-3,209,1,259,0
1,7,211,1,259,0
2,-5,212,1,259,0
-2,5,213,1,259,0
2,8,218,1,259,0
6,-7,258,1,259,0
-9,-8,2,1,259,0
9,6,3,1,259,0
-3,7,23,1,259,0
-2,6,31,1,259,0
4,-2,43,1,259,0
0,7,48,1,259,0
1,8,53,1,259,0
8,-4,57,1,259,0
3,0,61,1,259,0
-2,-7,79,1,259,0
7,4,99,1,259,0
7,-1,106,1,259,0
6,3,106,1,259,0
-5,-6,111,1,259,0
5,-5,111,1,259,0
5,2,113,1,259,0
4,1,141,1,259,0
1,-3,208,1,259,0
-7,1,199,1,259,0
-1,5,206,1,259,0
-1,-4,215,1,259,0
0,8,6,1,260,0
-3,8,16,1,260,0
8,-5,29,1,260,0
-1,6,38,1,260,0
-4,-4,49,1,260,0
6,4,109,1,260,0
8,6,102,1,260,0
-5,-7,106,1,260,0
4,-3,108,1,260,0
7,5,109,1,260,0
5,3,117,1,260,0
4,2,124,1,260,0
3,1,147,1,260,0
2,0,154,1,260,0
0,-1,179,1,260,0
1,-4,202,1,260,0
-6,1,206,1,260,0
-1,-5,222,1,260,0
7,-2,258,1,260,0
-8,-7,6,1,260,0
8,-6,27,1,260,0
7,-3,61,1,260,0
7,6,108,1,260,0
6,5,118,1,260,0
4,-4,119,1,260,0
-4,-5,121,1,260,0
5,4,126,1,260,0
4,3,134,1,260,0
3,2,142,1,260,0
2,1,151,1,260,0
1,0,188,1,260,0
1,-5,203,1,260,0
3,-1,203,1,260,0
-5,1,212,1,260,0
-1,-6,228,1,260,0
8,7,249,1,260,0
5,-7,251,1,260,0
-8,-8,9,1,260,0
4,-5,12,1,260,0
7,-4,52,1,260,0
8,-7,84,1,260,0
6,6,109,1,260,0
-4,-6,114,1,260,0
3,-2,116,1,260,0
5,5,119,1,260,0
-3,-3,131,1,260,0
2,2,148,1,260,0
1,1,174,1,260,0
0,0,255,1,260,0
0,-3,206,1,260,0
-4,1,224,1,260,0
6,-1,233,1,260,0
5,-8,235,1,260,0
-1,-7,243,1,260,0
-8,5,247,1,260,0
8,8,255,1,260,0
7,7,259,1,260,0
4,4,128,1,260,0
3,3,138,1,260,0
7,-5,48,1,260,0
1,-7,59,1,260,0
0,-4,74,1,260,0
-4,-7,92,1,260,0
5,6,117,1,260,0
3,-3,217,1,260,0
-3,-4,129,1,260,0
3,4,133,1,260,0
-2,0,156,1,260,0
0,1,259,1,260,0
1,2,181,1,260,0
2,3,189,1,260,0
4,-6,222,1,260,0
-3,1,223,1,260,0
-4,2,232,1,260,0
6,-2,236,1,260,0
-1,-8,237,1,260,0
6,7,239,1,260,0
7,8,252,1,260,0
-7,5,254,1,260,0
4,5,257,1,260,0
-6,4,259,1,260,0
-7,-7,19,1,260,0
6,-3,27,1,260,0
-6,-4,35,1,260,0
7,-6,43,1,260,0
3,-4,93,1,260,0
6,8,95,1,260,0
-3,-5,122,1,260,0
-2,-2,142,1,260,0
-1,0,178,1,260,0
0,2,182,1,260,0
1,3,188,1,260,0
2,-1,197,1,260,0
2,4,197,1,260,0
4,-7,229,1,260,0
-4,3,237,1,260,0
5,7,245,1,260,0
-3,2,245,1,260,0
-2,1,253,1,260,0
4,6,254,1,260,0
-6,5,258,1,260,0
0,-5,258,1,260,0
3,5,259,1,260,0
-7,-8,12,1,260,0
6,-4,27,1,260,0
-6,-5,34,1,260,0
8,1,74,1,260,0
7,-7,93,1,260,0
7,0,97,1,260,0
2,-2,137,1,260,0
-2,-3,138,1,260,0
0,3,189,1,260,0
2,5,205,1,260,0
3,-5,213,1,260,0
3,6,214,1,260,0
5,8,227,1,260,0
5,-1,228,1,260,0
-5,5,232,1,260,0
-3,3,238,1,260,0
4,7,246,1,260,0
-2,2,249,1,260,0
0,-6,257,1,260,0
-1,1,259,1,260,0
2,6,23,1,260,0
-2,3,18,1,260,0
6,-5,25,1,260,0
-6,-6,27,1,260,0
5,-2,36,1,260,0
-2,-4,61,1,260,0
7,-8,76,1,260,0
-3,-7,85,1,260,0
7,1,85,1,260,0
8,2,102,1,260,0
6,0,112,1,260,0
-1,2,179,1,260,0
-1,-1,186,1,260,0
0,4,195,1,260,0
1,5,199,1,260,0
2,-3,215,1,260,0
3,-6,219,1,260,0
3,7,224,1,260,0
-4,5,225,1,260,0
4,8,236,1,260,0
0,-7,249,1,260,0
7,-9,4,1,260,0
-2,4,11,1,260,0
-6,-7,19,1,260,0
5,-3,34,1,260,0
-5,-4,43,1,260,0
2,-4,86,1,260,0
6,-6,102,1,260,0
7,2,122,1,260,0
6,1,128,1,260,0
1,-1,189,1,260,0
-1,-2,194,1,260,0
1,6,206,1,260,0
-3,5,219,1,260,0
2,7,221,1,260,0
3,8,232,1,260,0
8,-2,257,1,260,0
5,0,258,1,260,0
0,5,196,1,260,0
-3,6,6,1,260,0
0,6,41,1,260,0
8,-3,64,1,260,0
4,0,74,1,260,0
6,2,125,1,260,0
5,1,134,1,260,0
1,-2,189,1,260,0
-8,1,193,1,260,0
4,-1,209,1,260,0
-1,-3,209,1,260,0
1,7,211,1,260,0
2,-5,212,1,260,0
-2,5,213,1,260,0
2,8,218,1,260,0
6,-7,259,1,260,0
-9,-8,2,1,260,0
9,6,3,1,260,0
-3,7,23,1,260,0
-2,6,31,1,260,0
4,-2,43,1,260,0
0,7,48,1,260,0
1,8,53,1,260,0
8,-4,57,1,260,0
3,0,61,1,260,0
-2,-7,79,1,260,0
7,4,99,1,260,0
7,-1,106,1,260,0
6,3,106,1,260,0
-5,-6,111,1,260,0
5,-5,111,1,260,0
5,2,113,1,260,0
4,1,141,1,260,0
1,-3,208,1,260,0
-7,1,199,1,260,0
-1,5,206,1,260,0
-1,-4,215,1,260,0
0,8,6,1,261,0
-3,8,16,1,261,0
8,-5,29,1,261,0
-1,6,38,1,261,0
-4,-4,49,1,261,0
6,4,109,1,261,0
8,6,102,1,261,0
-5,-7,106,1,261,0
4,-3,108,1,261,0
7,5,109,1,261,0
5,3,117,1,261,0
4,2,124,1,261,0
3,1,147,1,261,0
2,0,154,1,261,0
0,-1,179,1,261,0
1,-4,202,1,261,0
-6,1,206,1,261,0
-1,-5,222,1,261,0
7,-2,259,1,261,0
-8,-7,6,1,261,0
8,-6,27,1,261,0
7,-3,61,1,261,0
7,6,108,1,261,0
6,5,118,1,261,0
4,-4,119,1,261,0
-4,-5,121,1,261,0
5,4,126,1,261,0
4,3,134,1,261,0
3,2,142,1,261,0
2,1,151,1,261,0
1,0,188,1,261,0
1,-5,203,1,261,0
3,-1,203,1,261,0
-5,1,212,1,261,0
-1,-6,228,1,261,0
8,7,249,1,261,0
5,-7,251,1,261,0
-8,-8,9,1,261,0
4,-5,12,1,261,0
7,-4,52,1,261,0
8,-7,84,1,261,0
6,6,109,1,261,0
-4,-6,114,1,261,0
3,-2,116,1,261,0
5,5,119,1,261,0
-3,-3,131,1,261,0
2,2,148,1,261,0
1,1,174,1,261,0
0,0,255,1,261,0
0,-3,206,1,261,0
-4,1,224,1,261,0
6,-1,233,1,261,0
5,-8,235,1,261,0
-1,-7,243,1,261,0
-8,5,247,1,261,0
8,8,255,1,261,0
7,7,259,1,261,0
4,4,128,1,261,0
3,3,138,1,261,0
7,-5,48,1,261,0
1,-7,59,1,261,0
0,-4,74,1,261,0
-4,-7,92,1,261,0
5,6,117,1,261,0
3,-3,217,1,261,0
-3,-4,129,1,261,0
3,4,133,1,261,0
-2,0,156,1,261,0
0,1,261,1,261,0
1,2,181,1,261,0
2,3,189,1,261,0
4,-6,222,1,261,0
-3,1,223,1,261,0
-4,2,232,1,261,0
6,-2,236,1,261,0
-1,-8,237,1,261,0
6,7,239,1,261,0
7,8,252,1,261,0
-7,5,254,1,261,0
4,5,257,1,261,0
-6,4,259,1,261,0
-7,-7,19,1,261,0
6,-3,27,1,261,0
-6,-4,35,1,261,0
7,-6,43,1,261,0
3,-4,93,1,261,0
6,8,95,1,261,0
-3,-5,122,1,261,0
-2,-2,142,1,261,0
-1,0,178,1,261,0
0,2,182,1,261,0
1,3,188,1,261,0
2,-1,197,1,261,0
2,4,197,1,261,0
4,-7,229,1,261,0
-4,3,237,1,261,0
5,7,245,1,261,0
-3,2,245,1,261,0
-2,1,253,1,261,0
4,6,254,1,261,0
-6,5,258,1,261,0
3,5,259,1,261,0
0,-5,259,1,261,0
-7,-8,12,1,261,0
6,-4,27,1,261,0
-6,-5,34,1,261,0
8,1,74,1,261,0
7,-7,93,1,261,0
7,0,97,1,261,0
2,-2,137,1,261,0
-2,-3,138,1,261,0
0,3,189,1,261,0
2,5,205,1,261,0
3,-5,213,1,261,0
3,6,214,1,261,0
5,8,227,1,261,0
5,-1,228,1,261,0
-5,5,232,1,261,0
-3,3,238,1,261,0
4,7,246,1,261,0
-2,2,249,1,261,0
0,-6,257,1,261,0
-1,1,259,1,261,0
2,6,23,1,261,0
-2,3,18,1,261,0
6,-5,25,1,261,0
-6,-6,27,1,261,0
5,-2,36,1,261,0
-2,-4,61,1,261,0
7,-8,76,1,261,0
-3,-7,85,1,261,0
7,1,85,1,261,0
8,2,102,1,261,0
6,0,112,1,261,0
-1,2,179,1,261,0
-1,-1,186,1,261,0
0,4,195,1,261,0
1,5,199,1,261,0
2,-3,215,1,261,0
3,-6,219,1,261,0
3,7,224,1,261,0
-4,5,225,1,261,0
4,8,236,1,261,0
0,-7,249,1,261,0
7,-9,4,1,261,0
-2,4,11,1,261,0
-6,-7,19,1,261,0
5,-3,34,1,261,0
-5,-4,43,1,261,0
2,-4,86,1,261,0
6,-6,102,1,261,0
7,2,122,1,261,0
6,1,128,1,261,0
1,-1,189,1,261,0
-1,-2,194,1,261,0
1,6,206,1,261,0
-3,5,219,1,261,0
2,7,221,1,261,0
3,8,232,1,261,0
8,-2,257,1,261,0
5,0,259,1,261,0
0,5,196,1,261,0
-3,6,6,1,261,0
0,6,41,1,261,0
8,-3,64,1,261,0
4,0,74,1,261,0
6,2,125,1,261,0
5,1,134,1,261,0
1,-2,189,1,261,0
-8,1,193,1,261,0
4,-1,209,1,261,0
-1,-3,209,1,261,0
1,7,211,1,261,0
2,-5,212,1,261,0
-2,5,213,1,261,0
2,8,218,1,261,0
6,-7,259,1,261,0
-9,-8,2,1,261,0
9,6,3,1,261,0
-3,7,23,1,261,0
-2,6,31,1,261,0
4,-2,43,1,261,0
0,7,48,1,261,0
1,8,53,1,261,0
8,-4,57,1,261,0
3,0,61,1,261,0
-2,-7,79,1,261,0
7,4,99,1,261,0
7,-1,106,1,261,0
6,3,106,1,261,0
-5,-6,111,1,261,0
5,-5,111,1,261,0
5,2,113,1,261,0
4,1,141,1,261,0
1,-3,208,1,261,0
-7,1,199,1,261,0
-1,5,206,1,261,0
-1,-4,215,1,261,0
0,8,6,1,262,0
-3,8,16,1,262,0
8,-5,29,1,262,0
-1,6,38,1,262,0
-4,-4,49,1,262,0
6,4,109,1,262,0
8,6,102,1,262,0
-5,-7,106,1,262,0
4,-3,108,1,262,0
7,5,109,1,262,0
5,3,117,1,262,0
4,2,124,1,262,0
3,1,147,1,262,0
2,0,154,1,262,0
0,-1,179,1,262,0
1,-4,202,1,262,0
-6,1,206,1,262,0
-1,-5,222,1,262,0
7,-2,259,1,262,0
-8,-7,6,1,262,0
8,-6,27,1,262,0
7,-3,61,1,262,0
7,6,108,1,262,0
6,5,118,1,262,0
4,-4,119,1,262,0
-4,-5,121,1,262,0
5,4,126,1,262,0
4,3,134,1,262,0
3,2,142,1,262,0
2,1,151,1,262,0
1,0,188,1,262,0
1,-5,203,1,262,0
3,-1,203,1,262,0
-5,1,212,1,262,0
-1,-6,228,1,262,0
8,7,249,1,262,0
5,-7,251,1,262,0
-8,-8,9,1,262,0
4,-5,12,1,262,0
7,-4,52,1,262,0
8,-7,84,1,262,0
6,6,109,1,262,0
-4,-6,114,1,262,0
3,-2,116,1,262,0
5,5,119,1,262,0
-3,-3,131,1,262,0
2,2,148,1,262,0
1,1,174,1,262,0
0,0,255,1,262,0
0,-3,206,1,262,0
-4,1,224,1,262,0
6,-1,233,1,262,0
5,-8,235,1,262,0
-1,-7,243,1,262,0
-8,5,247,1,262,0
8,8,255,1,262,0
7,7,261,1,262,0
4,4,128,1,262,0
3,3,138,1,262,0
7,-5,48,1,262,0
1,-7,59,1,262,0
0,-4,74,1,262,0
-4,-7,92,1,262,0
5,6,117,1,262,0
3,-3,217,1,262,0
-3,-4,129,1,262,0
3,4,133,1,262,0
-2,0,156,1,262,0
0,1,262,1,262,0
1,2,181,1,262,0
2,3,189,1,262,0
4,-6,222,1,262,0
-3,1,223,1,262,0
-4,2,232,1,262,0
6,-2,236,1,262,0
-1,-8,237,1,262,0
6,7,239,1,262,0
7,8,252,1,262,0
-7,5,254,1,262,0
4,5,257,1,262,0
-6,4,261,1,262,0
-7,-7,19,1,262,0
6,-3,27,1,262,0
-6,-4,35,1,262,0
7,-6,43,1,262,0
3,-4,93,1,262,0
6,8,95,1,262,0
-3,-5,122,1,262,0
-2,-2,142,1,262,0
0,2,182,1,262,0
1,3,188,1,262,0
2,-1,197,1,262,0
2,4,197,1,262,0
4,-7,229,1,262,0
-4,3,237,1,262,0
5,7,245,1,262,0
-3,2,245,1,262,0
-2,1,253,1,262,0
4,6,254,1,262,0
-6,5,258,1,262,0
-1,0,261,1,262,0
3,5,261,1,262,0
0,-5,261,1,262,0
-7,-8,12,1,262,0
6,-4,27,1,262,0
-6,-5,34,1,262,0
8,1,74,1,262,0
7,-7,93,1,262,0
7,0,97,1,262,0
2,-2,137,1,262,0
-2,-3,138,1,262,0
0,3,189,1,262,0
2,5,205,1,262,0
3,-5,213,1,262,0
3,6,214,1,262,0
5,8,227,1,262,0
5,-1,228,1,262,0
-5,5,232,1,262,0
-3,3,238,1,262,0
4,7,246,1,262,0
-2,2,249,1,262,0
0,-6,257,1,262,0
-1,1,259,1,262,0
2,6,23,1,262,0
-2,3,18,1,262,0
6,-5,25,1,262,0
-6,-6,27,1,262,0
5,-2,36,1,262,0
-2,-4,61,1,262,0
7,-8,76,1,262,0
-3,-7,85,1,262,0
7,1,85,1,262,0
8,2,102,1,262,0
6,0,112,1,262,0
-1,2,179,1,262,0
-1,-1,186,1,262,0
0,4,195,1,262,0
1,5,199,1,262,0
2,-3,215,1,262,0
3,-6,219,1,262,0
3,7,224,1,262,0
-4,5,225,1,262,0
4,8,236,1,262,0
0,-7,249,1,262,0
7,-9,4,1,262,0
-2,4,11,1,262,0
-6,-7,19,1,262,0
5,-3,34,1,262,0
-5,-4,43,1,262,0
2,-4,86,1,262,0
6,-6,102,1,262,0
7,2,122,1,262,0
6,1,128,1,262,0
1,-1,189,1,262,0
-1,-2,194,1,262,0
1,6,206,1,262,0
-3,5,219,1,262,0
2,7,221,1,262,0
3,8,232,1,262,0
8,-2,257,1,262,0
5,0,259,1,262,0
0,5,196,1,262,0
-3,6,6,1,262,0
0,6,41,1,262,0
8,-3,64,1,262,0
4,0,74,1,262,0
6,2,125,1,262,0
5,1,134,1,262,0
1,-2,189,1,262,0
-8,1,193,1,262,0
4,-1,209,1,262,0
-1,-3,209,1,262,0
1,7,211,1,262,0
2,-5,212,1,262,0
-2,5,213,1,262,0
2,8,218,1,262,0
6,-7,261,1,262,0
-9,-8,2,1,262,0
9,6,3,1,262,0
-3,7,23,1,262,0
-2,6,31,1,262,0
4,-2,43,1,262,0
0,7,48,1,262,0
1,8,53,1,262,0
8,-4,57,1,262,0
3,0,61,1,262,0
-2,-7,79,1,262,0
7,4,99,1,262,0
7,-1,106,1,262,0
6,3,106,1,262,0
-5,-6,111,1,262,0
5,-5,111,1,262,0
5,2,113,1,262,0
4,1,141,1,262,0
1,-3,208,1,262,0
-7,1,199,1,262,0
-1,5,206,1,262,0
-1,-4,215,1,262,0
0,8,6,1,263,0
-3,8,16,1,263,0
8,-5,29,1,263,0
-1,6,38,1,263,0
-4,-4,49,1,263,0
6,4,109,1,263,0
8,6,102,1,263,0
-5,-7,106,1,263,0
4,-3,108,1,263,0
7,5,109,1,263,0
5,3,117,1,263,0
4,2,124,1,263,0
3,1,147,1,263,0
2,0,154,1,263,0
0,-1,179,1,263,0
1,-4,202,1,263,0
-6,1,206,1,263,0
-1,-5,222,1,263,0
7,-2,259,1,263,0
-8,-7,6,1,263,0
8,-6,27,1,263,0
7,-3,61,1,263,0
7,6,108,1,263,0
6,5,118,1,263,0
4,-4,119,1,263,0
-4,-5,121,1,263,0
5,4,126,1,263,0
4,3,134,1,263,0
3,2,142,1,263,0
2,1,151,1,263,0
1,0,188,1,263,0
1,-5,203,1,263,0
3,-1,203,1,263,0
-5,1,212,1,263,0
-1,-6,228,1,263,0
8,7,249,1,263,0
5,-7,262,1,263,0
-8,-8,9,1,263,0
4,-5,12,1,263,0
7,-4,52,1,263,0
8,-7,84,1,263,0
6,6,109,1,263,0
-4,-6,114,1,263,0
3,-2,116,1,263,0
5,5,119,1,263,0
-3,-3,131,1,263,0
2,2,148,1,263,0
1,1,174,1,263,0
0,-3,206,1,263,0
-4,1,224,1,263,0
6,-1,233,1,263,0
5,-8,235,1,263,0
-1,-7,243,1,263,0
-8,5,247,1,263,0
8,8,255,1,263,0
7,7,262,1,263,0
0,0,262,1,263,0
4,4,128,1,263,0
3,3,138,1,263,0
7,-5,48,1,263,0
1,-7,59,1,263,0
0,-4,74,1,263,0
-4,-7,92,1,263,0
5,6,117,1,263,0
3,-3,217,1,263,0
-3,-4,129,1,263,0
-2,0,156,1,263,0
0,1,263,1,263,0
1,2,181,1,263,0
2,3,189,1,263,0
4,-6,222,1,263,0
-3,1,223,1,263,0
-4,2,232,1,263,0
6,-2,236,1,263,0
-1,-8,237,1,263,0
6,7,239,1,263,0
7,8,252,1,263,0
-7,5,254,1,263,0
4,5,257,1,263,0
-6,4,261,1,263,0
3,4,262,1,263,0
-7,-7,19,1,263,0
6,-3,27,1,263,0
-6,-4,35,1,263,0
7,-6,43,1,263,0
3,-4,93,1,263,0
6,8,95,1,263,0
-3,-5,122,1,263,0
-2,-2,142,1,263,0
0,2,182,1,263,0
1,3,188,1,263,0
2,-1,197,1,263,0
2,4,197,1,263,0
4,-7,229,1,263,0
-4,3,237,1,263,0
5,7,245,1,263,0
-3,2,245,1,263,0
-2,1,253,1,263,0
4,6,254,1,263,0
-6,5,258,1,263,0
-1,0,261,1,263,0
3,5,261,1,263,0
-5,4,262,1,263,0
0,-5,262,1,263,0
-7,-8,12,1,263,0
6,-4,27,1,263,0
-6,-5,34,1,263,0
8,1,74,1,263,0
7,-7,93,1,263,0
7,0,97,1,263,0
2,-2,137,1,263,0
-2,-3,138,1,263,0
0,3,189,1,263,0
2,5,205,1,263,0
3,-5,213,1,263,0
3,6,214,1,263,0
5,8,227,1,263,0
5,-1,228,1,263,0
-5,5,232,1,263,0
-3,3,238,1,263,0
4,7,246,1,263,0
-2,2,249,1,263,0
0,-6,257,1,263,0
-1,1,259,1,263,0
2,6,23,1,263,0
-2,3,18,1,263,0
6,-5,25,1,263,0
-6,-6,27,1,263,0
5,-2,36,1,263,0
-2,-4,61,1,263,0
7,-8,76,1,263,0
-3,-7,85,1,263,0
7,1,85,1,263,0
8,2,102,1,263,0
6,0,112,1,263,0
-1,2,179,1,263,0
-1,-1,186,1,263,0
0,4,195,1,263,0
1,5,199,1,263,0
2,-3,215,1,263,0
3,-6,219,1,263,0
3,7,224,1,263,0
-4,5,225,1,263,0
4,8,236,1,263,0
0,-7,249,1,263,0
7,-9,4,1,263,0
-2,4,11,1,263,0
-6,-7,19,1,263,0
5,-3,34,1,263,0
-5,-4,43,1,263,0
2,-4,86,1,263,0
6,-6,102,1,263,0
7,2,122,1,263,0
6,1,128,1,263,0
1,-1,189,1,263,0
-1,-2,194,1,263,0
1,6,206,1,263,0
-3,5,219,1,263,0
2,7,221,1,263,0
3,8,232,1,263,0
8,-2,261,1,263,0
5,0,261,1,263,0
0,5,196,1,263,0
-3,6,6,1,263,0
0,6,41,1,263,0
8,-3,64,1,263,0
4,0,74,1,263,0
6,2,125,1,263,0
5,1,134,1,263,0
1,-2,189,1,263,0
-8,1,193,1,263,0
4,-1,209,1,263,0
-1,-3,209,1,263,0
1,7,211,1,263,0
2,-5,212,1,263,0
-2,5,213,1,263,0
2,8,218,1,263,0
6,-7,261,1,263,0
-9,-8,2,1,263,0
9,6,3,1,263,0
-3,7,23,1,263,0
-2,6,31,1,263,0
4,-2,43,1,263,0
0,7,48,1,263,0
1,8,53,1,263,0
8,-4,57,1,263,0
3,0,61,1,263,0
-2,-7,79,1,263,0
7,4,99,1,263,0
7,-1,106,1,263,0
6,3,106,1,263,0
-5,-6,111,1,263,0
5,-5,111,1,263,0
5,2,113,1,263,0
4,1,141,1,263,0
1,-3,208,1,263,0
-7,1,199,1,263,0
-1,5,206,1,263,0
-1,-4,215,1,263,0
0,8,6,1,264,0
-3,8,16,1,264,0
8,-5,29,1,264,0
-1,6,38,1,264,0
-4,-4,49,1,264,0
6,4,109,1,264,0
-5,-7,106,1,264,0
4,-3,108,1,264,0
7,5,109,1,264,0
5,3,117,1,264,0
4,2,124,1,264,0
3,1,147,1,264,0
2,0,154,1,264,0
0,-1,179,1,264,0
1,-4,202,1,264,0
-6,1,206,1,264,0
-1,-5,222,1,264,0
7,-2,259,1,264,0
8,6,263,1,264,0
-8,-7,6,1,264,0
8,-6,27,1,264,0
7,-3,61,1,264,0
7,6,108,1,264,0
6,5,118,1,264,0
4,-4,119,1,264,0
-4,-5,121,1,264,0
5,4,126,1,264,0
4,3,134,1,264,0
3,2,142,1,264,0
2,1,151,1,264,0
1,0,188,1,264,0
1,-5,203,1,264,0
3,-1,203,1,264,0
-5,1,212,1,264,0
-1,-6,228,1,264,0
8,7,249,1,264,0
5,-7,263,1,264,0
-8,-8,9,1,264,0
4,-5,12,1,264,0
7,-4,52,1,264,0
8,-7,84,1,264,0
6,6,109,1,264,0
-4,-6,114,1,264,0
3,-2,116,1,264,0
5,5,119,1,264,0
-3,-3,131,1,264,0
2,2,148,1,264,0
1,1,264,1,264,0
0,-3,206,1,264,0
-4,1,224,1,264,0
6,-1,233,1,264,0
5,-8,235,1,264,0
-1,-7,243,1,264,0
-8,5,247,1,264,0
8,8,255,1,264,0
7,7,262,1,264,0
0,0,263,1,264,0
3,3,138,1,264,0
4,4,128,1,264,0
7,-5,48,1,264,0
1,-7,59,1,264,0
0,-4,74,1,264,0
-4,-7,92,1,264,0
5,6,117,1,264,0
3,-3,217,1,264,0
-3,-4,129,1,264,0
-2,0,156,1,264,0
0,1,263,1,264,0
1,2,181,1,264,0
2,3,189,1,264,0
4,-6,222,1,264,0
-3,1,223,1,264,0
-4,2,232,1,264,0
6,-2,236,1,264,0
-1,-8,237,1,264,0
6,7,239,1,264,0
7,8,252,1,264,0
-7,5,254,1,264,0
4,5,257,1,264,0
-6,4,261,1,264,0
3,4,263,1,264,0
-7,-7,19,1,264,0
6,-3,27,1,264,0
-6,-4,35,1,264,0
7,-6,43,1,264,0
3,-4,93,1,264,0
6,8,95,1,264,0
-3,-5,122,1,264,0
-2,-2,142,1,264,0
0,2,182,1,264,0
1,3,188,1,264,0
2,-1,197,1,264,0
2,4,197,1,264,0
4,-7,229,1,264,0
-4,3,237,1,264,0
5,7,245,1,264,0
-3,2,245,1,264,0
-2,1,253,1,264,0
4,6,254,1,264,0
-6,5,258,1,264,0
-1,0,261,1,264,0
3,5,261,1,264,0
-5,4,263,1,264,0
0,-5,263,1,264,0
-7,-8,12,1,264,0
6,-4,27,1,264,0
-6,-5,34,1,264,0
8,1,74,1,264,0
7,-7,93,1,264,0
7,0,97,1,264,0
2,-2,137,1,264,0
-2,-3,138,1,264,0
0,3,189,1,264,0
2,5,205,1,264,0
3,-5,213,1,264,0
3,6,214,1,264,0
5,8,227,1,264,0
5,-1,228,1,264,0
-5,5,232,1,264,0
-3,3,238,1,264,0
4,7,246,1,264,0
-2,2,249,1,264,0
0,-6,257,1,264,0
-1,1,259,1,264,0
2,6,23,1,264,0
-2,3,18,1,264,0
6,-5,25,1,264,0
-6,-6,27,1,264,0
5,-2,36,1,264,0
-2,-4,61,1,264,0
7,-8,76,1,264,0
-3,-7,85,1,264,0
7,1,85,1,264,0
8,2,102,1,264,0
6,0,112,1,264,0
-1,2,179,1,264,0
-1,-1,186,1,264,0
0,4,195,1,264,0
1,5,199,1,264,0
2,-3,215,1,264,0
3,-6,219,1,264,0
3,7,224,1,264,0
-4,5,225,1,264,0
4,8,236,1,264,0
0,-7,249,1,264,0
7,-9,4,1,264,0
-2,4,11,1,264,0
-6,-7,19,1,264,0
5,-3,34,1,264,0
-5,-4,43,1,264,0
2,-4,86,1,264,0
6,-6,102,1,264,0
7,2,122,1,264,0
6,1,128,1,264,0
1,-1,189,1,264,0
-1,-2,194,1,264,0
1,6,206,1,264,0
-3,5,219,1,264,0
2,7,221,1,264,0
3,8,232,1,264,0
8,-2,262,1,264,0
5,0,262,1,264,0
0,5,196,1,264,0
-3,6,6,1,264,0
0,6,41,1,264,0
8,-3,64,1,264,0
4,0,74,1,264,0
6,2,125,1,264,0
5,1,134,1,264,0
1,-2,189,1,264,0
-8,1,193,1,264,0
4,-1,209,1,264,0
-1,-3,209,1,264,0
1,7,211,1,264,0
2,-5,212,1,264,0
-2,5,213,1,264,0
2,8,218,1,264,0
6,-7,261,1,264,0
-9,-8,2,1,264,0
9,6,3,1,264,0
-3,7,23,1,264,0
-2,6,31,1,264,0
4,-2,43,1,264,0
0,7,48,1,264,0
1,8,53,1,264,0
8,-4,57,1,264,0
3,0,61,1,264,0
-2,-7,79,1,264,0
7,4,99,1,264,0
7,-1,106,1,264,0
6,3,106,1,264,0
-5,-6,111,1,264,0
5,-5,111,1,264,0
5,2,113,1,264,0
4,1,141,1,264,0
1,-3,208,1,264,0
-7,1,199,1,264,0
-1,5,206,1,264,0
-1,-4,215,1,264,0
0,8,6,1,265,0
-3,8,16,1,265,0
8,-5,29,1,265,0
-1,6,38,1,265,0
-4,-4,49,1,265,0
6,4,109,1,265,0
-5,-7,106,1,265,0
4,-3,108,1,265,0
7,5,109,1,265,0
5,3,117,1,265,0
4,2,124,1,265,0
3,1,147,1,265,0
2,0,154,1,265,0
0,-1,179,1,265,0
1,-4,202,1,265,0
-6,1,206,1,265,0
-1,-5,222,1,265,0
8,6,264,1,265,0
7,-2,263,1,265,0
-8,-7,6,1,265,0
8,-6,27,1,265,0
7,-3,61,1,265,0
7,6,108,1,265,0
6,5,118,1,265,0
4,-4,119,1,265,0
-4,-5,121,1,265,0
5,4,126,1,265,0
4,3,134,1,265,0
3,2,142,1,265,0
2,1,151,1,265,0
1,0,188,1,265,0
1,-5,203,1,265,0
3,-1,203,1,265,0
-5,1,212,1,265,0
-1,-6,228,1,265,0
8,7,249,1,265,0
5,-7,264,1,265,0
-8,-8,9,1,265,0
4,-5,12,1,265,0
7,-4,52,1,265,0
8,-7,84,1,265,0
6,6,109,1,265,0
-4,-6,114,1,265,0
3,-2,116,1,265,0
5,5,119,1,265,0
-3,-3,131,1,265,0
2,2,148,1,265,0
1,1,265,1,265,0
0,-3,206,1,265,0
-4,1,224,1,265,0
6,-1,233,1,265,0
5,-8,235,1,265,0
-1,-7,243,1,265,0
-8,5,247,1,265,0
8,8,255,1,265,0
7,7,262,1,265,0
0,0,264,1,265,0
3,3,138,1,265,0
4,4,128,1,265,0
7,-5,48,1,265,0
1,-7,59,1,265,0
-4,-7,92,1,265,0
5,6,117,1,265,0
3,-3,217,1,265,0
-3,-4,129,1,265,0
-2,0,156,1,265,0
0,1,263,1,265,0
1,2,181,1,265,0
2,3,189,1,265,0
4,-6,222,1,265,0
-3,1,223,1,265,0
-4,2,232,1,265,0
6,-2,236,1,265,0
-1,-8,237,1,265,0
6,7,239,1,265,0
7,8,252,1,265,0
-7,5,254,1,265,0
4,5,257,1,265,0
-6,4,261,1,265,0
3,4,264,1,265,0
0,-4,264,1,265,0
-7,-7,19,1,265,0
6,-3,27,1,265,0
-6,-4,35,1,265,0
7,-6,43,1,265,0
3,-4,93,1,265,0
6,8,95,1,265,0
-3,-5,122,1,265,0
-2,-2,142,1,265,0
0,2,182,1,265,0
1,3,188,1,265,0
2,-1,197,1,265,0
2,4,197,1,265,0
4,-7,229,1,265,0
-4,3,237,1,265,0
5,7,245,1,265,0
-3,2,245,1,265,0
-2,1,253,1,265,0
4,6,254,1,265,0
-6,5,258,1,265,0
-1,0,261,1,265,0
3,5,261,1,265,0
0,-5,263,1,265,0
-5,4,264,1,265,0
-7,-8,12,1,265,0
6,-4,27,1,265,0
-6,-5,34,1,265,0
8,1,74,1,265,0
7,-7,93,1,265,0
7,0,97,1,265,0
2,-2,137,1,265,0
-2,-3,138,1,265,0
0,3,189,1,265,0
2,5,205,1,265,0
3,-5,213,1,265,0
3,6,214,1,265,0
5,8,227,1,265,0
5,-1,228,1,265,0
-5,5,232,1,265,0
-3,3,238,1,265,0
4,7,246,1,265,0
-2,2,249,1,265,0
0,-6,257,1,265,0
-1,1,259,1,265,0
2,6,23,1,265,0
-2,3,18,1,265,0
6,-5,25,1,265,0
-6,-6,27,1,265,0
5,-2,36,1,265,0
-2,-4,61,1,265,0
7,-8,76,1,265,0
-3,-7,85,1,265,0
7,1,85,1,265,0
8,2,102,1,265,0
6,0,112,1,265,0
-1,2,179,1,265,0
-1,-1,186,1,265,0
0,4,195,1,265,0
1,5,199,1,265,0
2,-3,215,1,265,0
3,-6,219,1,265,0
3,7,224,1,265,0
-4,5,225,1,265,0
4,8,236,1,265,0
0,-7,249,1,265,0
7,-9,4,1,265,0
-2,4,11,1,265,0
-6,-7,19,1,265,0
5,-3,34,1,265,0
-5,-4,43,1,265,0
2,-4,86,1,265,0
6,-6,102,1,265,0
7,2,122,1,265,0
6,1,128,1,265,0
1,-1,189,1,265,0
-1,-2,194,1,265,0
1,6,206,1,265,0
-3,5,219,1,265,0
2,7,221,1,265,0
3,8,232,1,265,0
8,-2,262,1,265,0
5,0,262,1,265,0
0,5,196,1,265,0
-3,6,6,1,265,0
0,6,41,1,265,0
8,-3,64,1,265,0
4,0,74,1,265,0
6,2,125,1,265,0
5,1,134,1,265,0
1,-2,189,1,265,0
-8,1,193,1,265,0
4,-1,209,1,265,0
-1,-3,209,1,265,0
1,7,211,1,265,0
2,-5,212,1,265,0
-2,5,213,1,265,0
2,8,218,1,265,0
6,-7,261,1,265,0
-9,-8,2,1,265,0
9,6,3,1,265,0
-3,7,23,1,265,0
-2,6,31,1,265,0
4,-2,43,1,265,0
0,7,48,1,265,0
1,8,53,1,265,0
8,-4,57,1,265,0
3,0,61,1,265,0
-2,-7,79,1,265,0
7,4,99,1,265,0
7,-1,106,1,265,0
6,3,106,1,265,0
-5,-6,111,1,265,0
5,-5,111,1,265,0
5,2,113,1,265,0
4,1,141,1,265,0
1,-3,208,1,265,0
-7,1,199,1,265,0
-1,5,206,1,265,0
-1,-4,215,1,265,0
0,8,6,1,266,0
-3,8,16,1,266,0
8,-5,29,1,266,0
-1,6,38,1,266,0
-4,-4,49,1,266,0
6,4,109,1,266,0
-5,-7,106,1,266,0
4,-3,108,1,266,0
7,5,109,1,266,0
5,3,117,1,266,0
4,2,124,1,266,0
3,1,147,1,266,0
2,0,154,1,266,0
0,-1,179,1,266,0
1,-4,202,1,266,0
-6,1,206,1,266,0
-1,-5,222,1,266,0
8,6,264,1,266,0
7,-2,264,1,266,0
-8,-7,6,1,266,0
8,-6,27,1,266,0
7,-3,61,1,266,0
6,5,118,1,266,0
4,-4,119,1,266,0
-4,-5,121,1,266,0
5,4,126,1,266,0
4,3,134,1,266,0
3,2,142,1,266,0
2,1,151,1,266,0
1,0,188,1,266,0
1,-5,203,1,266,0
3,-1,203,1,266,0
-5,1,212,1,266,0
-1,-6,228,1,266,0
8,7,249,1,266,0
5,-7,265,1,266,0
7,6,265,1,266,0
-8,-8,9,1,266,0
4,-5,12,1,266,0
7,-4,52,1,266,0
8,-7,84,1,266,0
6,6,109,1,266,0
-4,-6,114,1,266,0
3,-2,116,1,266,0
5,5,119,1,266,0
-3,-3,131,1,266,0
2,2,148,1,266,0
1,1,266,1,266,0
0,-3,206,1,266,0
-4,1,224,1,266,0
6,-1,233,1,266,0
5,-8,235,1,266,0
-1,-7,243,1,266,0
-8,5,247,1,266,0
8,8,255,1,266,0
7,7,262,1,266,0
0,0,265,1,266,0
3,3,138,1,266,0
4,4,128,1,266,0
7,-5,48,1,266,0
1,-7,59,1,266,0
-4,-7,92,1,266,0
5,6,117,1,266,0
3,-3,217,1,266,0
-3,-4,129,1,266,0
-2,0,156,1,266,0
0,1,263,1,266,0
1,2,181,1,266,0
2,3,189,1,266,0
4,-6,222,1,266,0
-3,1,223,1,266,0
-4,2,232,1,266,0
6,-2,236,1,266,0
-1,-8,237,1,266,0
6,7,239,1,266,0
7,8,252,1,266,0
-7,5,254,1,266,0
4,5,257,1,266,0
-6,4,261,1,266,0
3,4,265,1,266,0
0,-4,265,1,266,0
-7,-7,19,1,266,0
6,-3,27,1,266,0
-6,-4,35,1,266,0
7,-6,43,1,266,0
3,-4,93,1,266,0
6,8,95,1,266,0
-3,-5,122,1,266,0
-2,-2,142,1,266,0
0,2,182,1,266,0
1,3,188,1,266,0
2,-1,197,1,266,0
2,4,197,1,266,0
4,-7,229,1,266,0
-4,3,237,1,266,0
5,7,245,1,266,0
-3,2,245,1,266,0
-2,1,253,1,266,0
4,6,254,1,266,0
-6,5,258,1,266,0
-1,0,261,1,266,0
3,5,261,1,266,0
0,-5,263,1,266,0
-5,4,265,1,266,0
-7,-8,12,1,266,0
6,-4,27,1,266,0
-6,-5,34,1,266,0
8,1,74,1,266,0
7,-7,93,1,266,0
7,0,97,1,266,0
2,-2,137,1,266,0
-2,-3,138,1,266,0
0,3,189,1,266,0
2,5,205,1,266,0
3,-5,213,1,266,0
3,6,214,1,266,0
5,8,227,1,266,0
5,-1,228,1,266,0
-5,5,232,1,266,0
-3,3,238,1,266,0
4,7,246,1,266,0
-2,2,249,1,266,0
0,-6,257,1,266,0
-1,1,259,1,266,0
2,6,23,1,266,0
-2,3,18,1,266,0
6,-5,25,1,266,0
-6,-6,27,1,266,0
5,-2,36,1,266,0
-2,-4,61,1,266,0
7,-8,76,1,266,0
-3,-7,85,1,266,0
7,1,85,1,266,0
8,2,102,1,266,0
6,0,112,1,266,0
-1,2,179,1,266,0
-1,-1,186,1,266,0
0,4,195,1,266,0
1,5,199,1,266,0
2,-3,215,1,266,0
3,-6,219,1,266,0
3,7,224,1,266,0
-4,5,225,1,266,0
4,8,236,1,266,0
0,-7,249,1,266,0
7,-9,4,1,266,0
-2,4,11,1,266,0
-6,-7,19,1,266,0
5,-3,34,1,266,0
-5,-4,43,1,266,0
2,-4,86,1,266,0
6,-6,102,1,266,0
7,2,122,1,266,0
6,1,128,1,266,0
1,-1,189,1,266,0
-1,-2,194,1,266,0
1,6,206,1,266,0
-3,5,219,1,266,0
2,7,221,1,266,0
3,8,232,1,266,0
8,-2,262,1,266,0
5,0,263,1,266,0
0,5,196,1,266,0
-3,6,6,1,266,0
0,6,41,1,266,0
8,-3,64,1,266,0
4,0,74,1,266,0
6,2,125,1,266,0
5,1,134,1,266,0
1,-2,189,1,266,0
-8,1,193,1,266,0
4,-1,209,1,266,0
-1,-3,209,1,266,0
1,7,211,1,266,0
2,-5,212,1,266,0
-2,5,213,1,266,0
2,8,218,1,266,0
6,-7,261,1,266,0
-9,-8,2,1,266,0
9,6,3,1,266,0
-3,7,23,1,266,0
-2,6,31,1,266,0
4,-2,43,1,266,0
0,7,48,1,266,0
1,8,53,1,266,0
8,-4,57,1,266,0
3,0,61,1,266,0
-2,-7,79,1,266,0
7,4,99,1,266,0
7,-1,106,1,266,0
6,3,106,1,266,0
-5,-6,111,1,266,0
5,-5,111,1,266,0
5,2,113,1,266,0
4,1,141,1,266,0
1,-3,208,1,266,0
-7,1,199,1,266,0
-1,5,206,1,266,0
-1,-4,215,1,266,0
0,8,6,1,267,0
-3,8,16,1,267,0
8,-5,29,1,267,0
-1,6,38,1,267,0
-4,-4,49,1,267,0
6,4,109,1,267,0
-5,-7,106,1,267,0
4,-3,108,1,267,0
7,5,109,1,267,0
5,3,117,1,267,0
4,2,124,1,267,0
3,1,147,1,267,0
2,0,154,1,267,0
0,-1,179,1,267,0
1,-4,202,1,267,0
-6,1,206,1,267,0
-1,-5,222,1,267,0
8,6,264,1,267,0
7,-2,265,1,267,0
-8,-7,6,1,267,0
8,-6,27,1,267,0
7,-3,61,1,267,0
6,5,118,1,267,0
4,-4,119,1,267,0
-4,-5,121,1,267,0
5,4,126,1,267,0
4,3,134,1,267,0
3,2,142,1,267,0
2,1,151,1,267,0
1,0,188,1,267,0
1,-5,203,1,267,0
3,-1,203,1,267,0
-5,1,212,1,267,0
-1,-6,228,1,267,0
8,7,249,1,267,0
5,-7,266,1,267,0
7,6,266,1,267,0
-8,-8,9,1,267,0
4,-5,12,1,267,0
7,-4,52,1,267,0
8,-7,84,1,267,0
6,6,109,1,267,0
-4,-6,114,1,267,0
3,-2,116,1,267,0
5,5,119,1,267,0
-3,-3,131,1,267,0
2,2,148,1,267,0
1,1,267,1,267,0
0,-3,206,1,267,0
-4,1,224,1,267,0
6,-1,233,1,267,0
5,-8,235,1,267,0
-1,-7,243,1,267,0
-8,5,247,1,267,0
8,8,255,1,267,0
7,7,262,1,267,0
0,0,266,1,267,0
4,4,128,1,267,0
3,3,138,1,267,0
7,-5,48,1,267,0
1,-7,59,1,267,0
-4,-7,92,1,267,0
5,6,117,1,267,0
3,-3,217,1,267,0
-3,-4,129,1,267,0
-2,0,156,1,267,0
0,1,263,1,267,0
1,2,181,1,267,0
2,3,189,1,267,0
4,-6,222,1,267,0
-3,1,223,1,267,0
-4,2,232,1,267,0
6,-2,236,1,267,0
-1,-8,237,1,267,0
6,7,239,1,267,0
7,8,252,1,267,0
-7,5,254,1,267,0
4,5,257,1,267,0
-6,4,261,1,267,0
3,4,266,1,267,0
0,-4,266,1,267,0
-7,-7,19,1,267,0
6,-3,27,1,267,0
-6,-4,35,1,267,0
7,-6,43,1,267,0
3,-4,93,1,267,0
6,8,95,1,267,0
-3,-5,122,1,267,0
-2,-2,142,1,267,0
0,2,182,1,267,0
1,3,188,1,267,0
2,-1,197,1,267,0
2,4,197,1,267,0
4,-7,229,1,267,0
-4,3,237,1,267,0
5,7,245,1,267,0
-3,2,245,1,267,0
-2,1,253,1,267,0
4,6,254,1,267,0
-6,5,258,1,267,0
-1,0,261,1,267,0
3,5,261,1,267,0
0,-5,263,1,267,0
-5,4,266,1,267,0
-7,-8,12,1,267,0
6,-4,27,1,267,0
-6,-5,34,1,267,0
8,1,74,1,267,0
7,-7,93,1,267,0
7,0,97,1,267,0
2,-2,137,1,267,0
-2,-3,138,1,267,0
0,3,189,1,267,0
2,5,205,1,267,0
3,-5,213,1,267,0
3,6,214,1,267,0
5,8,227,1,267,0
5,-1,228,1,267,0
-5,5,232,1,267,0
-3,3,238,1,267,0
4,7,246,1,267,0
-2,2,249,1,267,0
0,-6,257,1,267,0
-1,1,259,1,267,0
2,6,23,1,267,0
-2,3,18,1,267,0
6,-5,25,1,267,0
-6,-6,27,1,267,0
5,-2,36,1,267,0
-2,-4,61,1,267,0
7,-8,76,1,267,0
-3,-7,85,1,267,0
7,1,85,1,267,0
8,2,102,1,267,0
6,0,112,1,267,0
-1,2,179,1,267,0
-1,-1,186,1,267,0
0,4,195,1,267,0
1,5,199,1,267,0
2,-3,215,1,267,0
3,-6,219,1,267,0
3,7,224,1,267,0
-4,5,225,1,267,0
4,8,236,1,267,0
0,-7,249,1,267,0
7,-9,4,1,267,0
-2,4,11,1,267,0
-6,-7,19,1,267,0
5,-3,34,1,267,0
-5,-4,43,1,267,0
2,-4,86,1,267,0
6,-6,102,1,267,0
7,2,122,1,267,0
6,1,128,1,267,0
1,-1,189,1,267,0
-1,-2,194,1,267,0
1,6,206,1,267,0
-3,5,219,1,267,0
2,7,221,1,267,0
3,8,232,1,267,0
8,-2,262,1,267,0
5,0,265,1,267,0
0,5,196,1,267,0
-3,6,6,1,267,0
0,6,41,1,267,0
8,-3,64,1,267,0
4,0,74,1,267,0
6,2,125,1,267,0
5,1,134,1,267,0
1,-2,189,1,267,0
-8,1,193,1,267,0
4,-1,209,1,267,0
-1,-3,209,1,267,0
1,7,211,1,267,0
2,-5,212,1,267,0
-2,5,213,1,267,0
2,8,218,1,267,0
6,-7,261,1,267,0
-9,-8,2,1,267,0
9,6,3,1,267,0
-3,7,23,1,267,0
-2,6,31,1,267,0
4,-2,43,1,267,0
0,7,48,1,267,0
1,8,53,1,267,0
8,-4,57,1,267,0
3,0,61,1,267,0
-2,-7,79,1,267,0
7,4,99,1,267,0
7,-1,106,1,267,0
6,3,106,1,267,0
-5,-6,111,1,267,0
5,-5,111,1,267,0
5,2,113,1,267,0
4,1,141,1,267,0
1,-3,208,1,267,0
-7,1,199,1,267,0
-1,5,206,1,267,0
-1,-4,215,1,267,0
0,8,6,1,268,0
-3,8,16,1,268,0
8,-5,29,1,268,0
-1,6,38,1,268,0
-4,-4,49,1,268,0
6,4,109,1,268,0
-5,-7,106,1,268,0
4,-3,108,1,268,0
7,5,109,1,268,0
5,3,117,1,268,0
4,2,124,1,268,0
3,1,147,1,268,0
2,0,154,1,268,0
0,-1,179,1,268,0
1,-4,202,1,268,0
-6,1,206,1,268,0
-1,-5,222,1,268,0
8,6,264,1,268,0
7,-2,266,1,268,0
-8,-7,6,1,268,0
8,-6,27,1,268,0
7,-3,61,1,268,0
6,5,118,1,268,0
4,-4,119,1,268,0
-4,-5,121,1,268,0
5,4,126,1,268,0
4,3,134,1,268,0
3,2,142,1,268,0
2,1,151,1,268,0
1,0,188,1,268,0
1,-5,203,1,268,0
3,-1,203,1,268,0
-5,1,212,1,268,0
-1,-6,228,1,268,0
8,7,249,1,268,0
5,-7,267,1,268,0
7,6,267,1,268,0
-8,-8,9,1,268,0
4,-5,12,1,268,0
7,-4,52,1,268,0
8,-7,84,1,268,0
6,6,109,1,268,0
-4,-6,114,1,268,0
3,-2,116,1,268,0
5,5,119,1,268,0
-3,-3,131,1,268,0
2,2,148,1,268,0
1,1,267,1,268,0
0,-3,206,1,268,0
-4,1,224,1,268,0
6,-1,233,1,268,0
5,-8,235,1,268,0
-1,-7,243,1,268,0
-8,5,247,1,268,0
8,8,255,1,268,0
7,7,262,1,268,0
0,0,267,1,268,0
4,4,128,1,268,0
3,3,138,1,268,0
7,-5,48,1,268,0
1,-7,59,1,268,0
-4,-7,92,1,268,0
5,6,117,1,268,0
3,-3,217,1,268,0
-3,-4,129,1,268,0
-2,0,156,1,268,0
0,1,263,1,268,0
1,2,268,1,268,0
2,3,189,1,268,0
4,-6,222,1,268,0
-3,1,223,1,268,0
-4,2,232,1,268,0
6,-2,236,1,268,0
-1,-8,237,1,268,0
6,7,239,1,268,0
7,8,252,1,268,0
-7,5,254,1,268,0
4,5,257,1,268,0
-6,4,261,1,268,0
3,4,267,1,268,0
0,-4,267,1,268,0
-7,-7,19,1,268,0
6,-3,27,1,268,0
-6,-4,35,1,268,0
7,-6,43,1,268,0
3,-4,93,1,268,0
6,8,95,1,268,0
-3,-5,122,1,268,0
-2,-2,142,1,268,0
0,2,182,1,268,0
1,3,188,1,268,0
2,-1,197,1,268,0
2,4,197,1,268,0
4,-7,229,1,268,0
-4,3,237,1,268,0
5,7,245,1,268,0
-3,2,245,1,268,0
-2,1,253,1,268,0
4,6,254,1,268,0
-6,5,258,1,268,0
-1,0,261,1,268,0
3,5,261,1,268,0
0,-5,263,1,268,0
-5,4,267,1,268,0
-7,-8,12,1,268,0
6,-4,27,1,268,0
-6,-5,34,1,268,0
8,1,74,1,268,0
7,-7,93,1,268,0
7,0,97,1,268,0
2,-2,137,1,268,0
-2,-3,138,1,268,0
0,3,189,1,268,0
2,5,205,1,268,0
3,-5,213,1,268,0
3,6,214,1,268,0
5,8,227,1,268,0
5,-1,228,1,268,0
-5,5,232,1,268,0
-3,3,238,1,268,0
4,7,246,1,268,0
-2,2,249,1,268,0
0,-6,257,1,268,0
-1,1,259,1,268,0
2,6,23,1,268,0
-2,3,18,1,268,0
6,-5,25,1,268,0
-6,-6,27,1,268,0
5,-2,36,1,268,0
-2,-4,61,1,268,0
7,-8,76,1,268,0
-3,-7,85,1,268,0
7,1,85,1,268,0
8,2,102,1,268,0
6,0,112,1,268,0
-1,2,179,1,268,0
-1,-1,186,1,268,0
0,4,195,1,268,0
1,5,199,1,268,0
2,-3,215,1,268,0
3,-6,219,1,268,0
3,7,224,1,268,0
-4,5,225,1,268,0
4,8,236,1,268,0
0,-7,249,1,268,0
7,-9,4,1,268,0
-2,4,11,1,268,0
-6,-7,19,1,268,0
5,-3,34,1,268,0
-5,-4,43,1,268,0
2,-4,86,1,268,0
6,-6,102,1,268,0
7,2,122,1,268,0
6,1,128,1,268,0
1,-1,189,1,268,0
-1,-2,194,1,268,0
1,6,206,1,268,0
-3,5,219,1,268,0
2,7,221,1,268,0
3,8,232,1,268,0
8,-2,262,1,268,0
0,5,196,1,268,0
5,0,266,1,268,0
-3,6,6,1,268,0
0,6,41,1,268,0
8,-3,64,1,268,0
4,0,74,1,268,0
6,2,125,1,268,0
5,1,134,1,268,0
1,-2,189,1,268,0
-8,1,193,1,268,0
4,-1,209,1,268,0
-1,-3,209,1,268,0
1,7,211,1,268,0
2,-5,212,1,268,0
-2,5,213,1,268,0
2,8,218,1,268,0
6,-7,261,1,268,0
-9,-8,2,1,268,0
9,6,3,1,268,0
-3,7,23,1,268,0
-2,6,31,1,268,0
4,-2,43,1,268,0
0,7,48,1,268,0
1,8,53,1,268,0
8,-4,57,1,268,0
3,0,61,1,268,0
-2,-7,79,1,268,0
7,4,99,1,268,0
7,-1,106,1,268,0
6,3,106,1,268,0
-5,-6,111,1,268,0
5,-5,111,1,268,0
5,2,113,1,268,0
4,1,141,1,268,0
1,-3,208,1,268,0
-7,1,199,1,268,0
-1,5,206,1,268,0
-1,-4,215,1,268,0
0,8,6,1,269,0
-3,8,16,1,269,0
8,-5,29,1,269,0
-1,6,38,1,269,0
-4,-4,49,1,269,0
6,4,109,1,269,0
-5,-7,106,1,269,0
4,-3,108,1,269,0
7,5,109,1,269,0
5,3,117,1,269,0
4,2,124,1,269,0
3,1,147,1,269,0
2,0,154,1,269,0
0,-1,179,1,269,0
1,-4,202,1,269,0
-6,1,206,1,269,0
-1,-5,222,1,269,0
8,6,264,1,269,0
7,-2,267,1,269,0
-8,-7,6,1,269,0
8,-6,27,1,269,0
7,-3,61,1,269,0
6,5,118,1,269,0
4,-4,119,1,269,0
-4,-5,121,1,269,0
5,4,126,1,269,0
4,3,134,1,269,0
3,2,142,1,269,0
2,1,151,1,269,0
1,0,188,1,269,0
1,-5,203,1,269,0
3,-1,203,1,269,0
-5,1,212,1,269,0
-1,-6,228,1,269,0
8,7,249,1,269,0
5,-7,268,1,269,0
7,6,268,1,269,0
-8,-8,9,1,269,0
4,-5,12,1,269,0
7,-4,52,1,269,0
8,-7,84,1,269,0
6,6,109,1,269,0
-4,-6,114,1,269,0
3,-2,116,1,269,0
5,5,119,1,269,0
-3,-3,131,1,269,0
2,2,148,1,269,0
1,1,267,1,269,0
0,-3,206,1,269,0
-4,1,224,1,269,0
6,-1,233,1,269,0
5,-8,235,1,269,0
-1,-7,243,1,269,0
-8,5,247,1,269,0
8,8,255,1,269,0
7,7,262,1,269,0
0,0,268,1,269,0
3,3,138,1,269,0
4,4,128,1,269,0
7,-5,48,1,269,0
1,-7,59,1,269,0
-4,-7,92,1,269,0
5,6,117,1,269,0
3,-3,217,1,269,0
-3,-4,129,1,269,0
-2,0,156,1,269,0
0,1,263,1,269,0
1,2,269,1,269,0
2,3,189,1,269,0
4,-6,222,1,269,0
-3,1,223,1,269,0
-4,2,232,1,269,0
6,-2,236,1,269,0
-1,-8,237,1,269,0
6,7,239,1,269,0
7,8,252,1,269,0
-7,5,254,1,269,0
4,5,257,1,269,0
-6,4,261,1,269,0
3,4,268,1,269,0
0,-4,268,1,269,0
-7,-7,19,1,269,0
6,-3,27,1,269,0
-6,-4,35,1,269,0
7,-6,43,1,269,0
3,-4,93,1,269,0
6,8,95,1,269,0
-3,-5,122,1,269,0
-2,-2,142,1,269,0
0,2,182,1,269,0
1,3,188,1,269,0
2,-1,197,1,269,0
2,4,197,1,269,0
4,-7,229,1,269,0
-4,3,237,1,269,0
5,7,245,1,269,0
-3,2,245,1,269,0
-2,1,253,1,269,0
4,6,254,1,269,0
-6,5,258,1,269,0
-1,0,261,1,269,0
3,5,261,1,269,0
0,-5,263,1,269,0
-5,4,268,1,269,0
-7,-8,12,1,269,0
6,-4,27,1,269,0
-6,-5,34,1,269,0
8,1,74,1,269,0
7,-7,93,1,269,0
7,0,97,1,269,0
2,-2,137,1,269,0
-2,-3,138,1,269,0
0,3,189,1,269,0
2,5,205,1,269,0
3,-5,213,1,269,0
3,6,214,1,269,0
5,8,227,1,269,0
5,-1,228,1,269,0
-5,5,232,1,269,0
-3,3,238,1,269,0
4,7,246,1,269,0
-2,2,249,1,269,0
0,-6,257,1,269,0
-1,1,259,1,269,0
2,6,23,1,269,0
-2,3,18,1,269,0
6,-5,25,1,269,0
-6,-6,27,1,269,0
5,-2,36,1,269,0
-2,-4,61,1,269,0
7,-8,76,1,269,0
-3,-7,85,1,269,0
7,1,85,1,269,0
8,2,102,1,269,0
6,0,112,1,269,0
-1,2,179,1,269,0
-1,-1,186,1,269,0
0,4,195,1,269,0
1,5,199,1,269,0
2,-3,215,1,269,0
3,-6,219,1,269,0
3,7,224,1,269,0
-4,5,225,1,269,0
4,8,236,1,269,0
0,-7,249,1,269,0
7,-9,4,1,269,0
-2,4,11,1,269,0
-6,-7,19,1,269,0
5,-3,34,1,269,0
-5,-4,43,1,269,0
2,-4,86,1,269,0
6,-6,102,1,269,0
7,2,122,1,269,0
6,1,128,1,269,0
1,-1,189,1,269,0
-1,-2,194,1,269,0
1,6,206,1,269,0
-3,5,219,1,269,0
2,7,221,1,269,0
3,8,232,1,269,0
8,-2,262,1,269,0
0,5,196,1,269,0
5,0,267,1,269,0
-3,6,6,1,269,0
0,6,41,1,269,0
8,-3,64,1,269,0
4,0,74,1,269,0
6,2,125,1,269,0
5,1,134,1,269,0
1,-2,189,1,269,0
-8,1,193,1,269,0
4,-1,209,1,269,0
-1,-3,209,1,269,0
1,7,211,1,269,0
2,-5,212,1,269,0
-2,5,213,1,269,0
2,8,218,1,269,0
6,-7,261,1,269,0
-9,-8,2,1,269,0
9,6,3,1,269,0
-3,7,23,1,269,0
-2,6,31,1,269,0
4,-2,43,1,269,0
0,7,48,1,269,0
1,8,53,1,269,0
8,-4,57,1,269,0
3,0,61,1,269,0
-2,-7,79,1,269,0
7,4,99,1,269,0
7,-1,106,1,269,0
6,3,106,1,269,0
-5,-6,111,1,269,0
5,-5,111,1,269,0
5,2,113,1,269,0
4,1,141,1,269,0
1,-3,208,1,269,0
-7,1,199,1,269,0
-1,5,206,1,269,0
-1,-4,215,1,269,0
0,8,6,1,270,0
-3,8,16,1,270,0
8,-5,29,1,270,0
-1,6,38,1,270,0
-4,-4,49,1,270,0
6,4,109,1,270,0
-5,-7,106,1,270,0
4,-3,108,1,270,0
7,5,109,1,270,0
5,3,117,1,270,0
4,2,124,1,270,0
3,1,147,1,270,0
2,0,154,1,270,0
0,-1,179,1,270,0
1,-4,202,1,270,0
-6,1,206,1,270,0
-1,-5,222,1,270,0
8,6,264,1,270,0
7,-2,268,1,270,0
-8,-7,6,1,270,0
8,-6,27,1,270,0
7,-3,61,1,270,0
6,5,118,1,270,0
4,-4,119,1,270,0
-4,-5,121,1,270,0
5,4,126,1,270,0
4,3,134,1,270,0
3,2,142,1,270,0
2,1,151,1,270,0
1,0,188,1,270,0
1,-5,203,1,270,0
3,-1,203,1,270,0
-5,1,212,1,270,0
-1,-6,228,1,270,0
8,7,249,1,270,0
5,-7,269,1,270,0
7,6,269,1,270,0
-8,-8,9,1,270,0
4,-5,12,1,270,0
7,-4,52,1,270,0
8,-7,84,1,270,0
6,6,109,1,270,0
-4,-6,114,1,270,0
3,-2,116,1,270,0
5,5,119,1,270,0
-3,-3,131,1,270,0
2,2,148,1,270,0
1,1,267,1,270,0
0,-3,206,1,270,0
-4,1,224,1,270,0
6,-1,233,1,270,0
5,-8,235,1,270,0
-1,-7,243,1,270,0
-8,5,247,1,270,0
8,8,255,1,270,0
7,7,262,1,270,0
0,0,269,1,270,0
3,3,138,1,270,0
4,4,128,1,270,0
7,-5,48,1,270,0
1,-7,59,1,270,0
-4,-7,92,1,270,0
5,6,117,1,270,0
3,-3,217,1,270,0
-3,-4,129,1,270,0
-2,0,156,1,270,0
0,1,263,1,270,0
1,2,269,1,270,0
2,3,189,1,270,0
4,-6,222,1,270,0
-3,1,223,1,270,0
-4,2,232,1,270,0
6,-2,236,1,270,0
-1,-8,237,1,270,0
6,7,239,1,270,0
7,8,252,1,270,0
-7,5,254,1,270,0
4,5,257,1,270,0
-6,4,261,1,270,0
3,4,268,1,270,0
-5,3,269,1,270,0
0,-4,269,1,270,0
-7,-7,19,1,270,0
6,-3,27,1,270,0
-6,-4,35,1,270,0
7,-6,43,1,270,0
3,-4,93,1,270,0
6,8,95,1,270,0
-3,-5,122,1,270,0
-2,-2,142,1,270,0
0,2,182,1,270,0
1,3,188,1,270,0
2,-1,197,1,270,0
4,-7,229,1,270,0
-4,3,237,1,270,0
5,7,245,1,270,0
-3,2,245,1,270,0
-2,1,253,1,270,0
4,6,254,1,270,0
-6,5,258,1,270,0
-1,0,261,1,270,0
3,5,261,1,270,0
0,-5,263,1,270,0
-5,4,268,1,270,0
2,4,269,1,270,0
-7,-8,12,1,270,0
6,-4,27,1,270,0
-6,-5,34,1,270,0
8,1,74,1,270,0
7,-7,93,1,270,0
7,0,97,1,270,0
2,-2,137,1,270,0
-2,-3,138,1,270,0
0,3,189,1,270,0
2,5,205,1,270,0
3,-5,213,1,270,0
3,6,214,1,270,0
5,8,227,1,270,0
5,-1,228,1,270,0
-5,5,232,1,270,0
-3,3,238,1,270,0
4,7,246,1,270,0
-2,2,249,1,270,0
0,-6,257,1,270,0
-1,1,259,1,270,0
2,6,23,1,270,0
-2,3,18,1,270,0
6,-5,25,1,270,0
-6,-6,27,1,270,0
5,-2,36,1,270,0
-2,-4,61,1,270,0
7,-8,76,1,270,0
-3,-7,85,1,270,0
7,1,85,1,270,0
8,2,102,1,270,0
6,0,112,1,270,0
-1,2,179,1,270,0
-1,-1,186,1,270,0
0,4,195,1,270,0
1,5,199,1,270,0
2,-3,215,1,270,0
3,-6,219,1,270,0
3,7,224,1,270,0
-4,5,225,1,270,0
4,8,236,1,270,0
0,-7,249,1,270,0
7,-9,4,1,270,0
-2,4,11,1,270,0
-6,-7,19,1,270,0
5,-3,34,1,270,0
-5,-4,43,1,270,0
2,-4,86,1,270,0
6,-6,102,1,270,0
7,2,122,1,270,0
6,1,128,1,270,0
1,-1,189,1,270,0
-1,-2,194,1,270,0
1,6,206,1,270,0
-3,5,219,1,270,0
2,7,221,1,270,0
3,8,232,1,270,0
8,-2,262,1,270,0
5,0,268,1,270,0
0,5,196,1,270,0
-3,6,6,1,270,0
0,6,41,1,270,0
8,-3,64,1,270,0
4,0,74,1,270,0
6,2,125,1,270,0
5,1,134,1,270,0
1,-2,189,1,270,0
-8,1,193,1,270,0
4,-1,209,1,270,0
-1,-3,209,1,270,0
1,7,211,1,270,0
2,-5,212,1,270,0
-2,5,213,1,270,0
2,8,218,1,270,0
6,-7,261,1,270,0
-9,-8,2,1,270,0
9,6,3,1,270,0
-3,7,23,1,270,0
-2,6,31,1,270,0
4,-2,43,1,270,0
0,7,48,1,270,0
1,8,53,1,270,0
8,-4,57,1,270,0
3,0,61,1,270,0
-2,-7,79,1,270,0
7,4,99,1,270,0
7,-1,106,1,270,0
6,3,106,1,270,0
-5,-6,111,1,270,0
5,-5,111,1,270,0
5,2,113,1,270,0
4,1,141,1,270,0
1,-3,208,1,270,0
-7,1,199,1,270,0
-1,5,206,1,270,0
-1,-4,215,1,270,0
0,8,6,1,271,0
-3,8,16,1,271,0
8,-5,29,1,271,0
-1,6,38,1,271,0
-4,-4,49,1,271,0
6,4,109,1,271,0
-5,-7,106,1,271,0
4,-3,108,1,271,0
7,5,109,1,271,0
5,3,117,1,271,0
4,2,124,1,271,0
3,1,147,1,271,0
2,0,154,1,271,0
0,-1,179,1,271,0
1,-4,202,1,271,0
-6,1,206,1,271,0
-1,-5,222,1,271,0
8,6,264,1,271,0
7,-2,269,1,271,0
-8,-7,6,1,271,0
8,-6,27,1,271,0
7,-3,61,1,271,0
6,5,118,1,271,0
4,-4,119,1,271,0
-4,-5,121,1,271,0
5,4,126,1,271,0
4,3,134,1,271,0
3,2,142,1,271,0
2,1,151,1,271,0
1,0,188,1,271,0
1,-5,203,1,271,0
3,-1,203,1,271,0
-5,1,212,1,271,0
-1,-6,228,1,271,0
8,7,249,1,271,0
5,-7,269,1,271,0
7,6,269,1,271,0
-8,-8,9,1,271,0
4,-5,12,1,271,0
7,-4,52,1,271,0
8,-7,84,1,271,0
6,6,109,1,271,0
-4,-6,114,1,271,0
3,-2,116,1,271,0
5,5,119,1,271,0
-3,-3,131,1,271,0
2,2,148,1,271,0
1,1,267,1,271,0
0,-3,206,1,271,0
-4,1,224,1,271,0
6,-1,233,1,271,0
5,-8,235,1,271,0
-1,-7,243,1,271,0
-8,5,247,1,271,0
8,8,255,1,271,0
7,7,262,1,271,0
0,0,269,1,271,0
4,4,128,1,271,0
3,3,138,1,271,0
7,-5,48,1,271,0
1,-7,59,1,271,0
-4,-7,92,1,271,0
5,6,117,1,271,0
3,-3,217,1,271,0
-3,-4,129,1,271,0
-2,0,156,1,271,0
0,1,263,1,271,0
1,2,271,1,271,0
2,3,189,1,271,0
4,-6,222,1,271,0
-3,1,223,1,271,0
-4,2,232,1,271,0
6,-2,236,1,271,0
-1,-8,237,1,271,0
6,7,239,1,271,0
7,8,252,1,271,0
-7,5,254,1,271,0
4,5,257,1,271,0
-6,4,261,1,271,0
3,4,268,1,271,0
-5,3,269,1,271,0
0,-4,269,1,271,0
-7,-7,19,1,271,0
6,-3,27,1,271,0
-6,-4,35,1,271,0
7,-6,43,1,271,0
3,-4,93,1,271,0
6,8,95,1,271,0
-3,-5,122,1,271,0
-2,-2,142,1,271,0
0,2,182,1,271,0
1,3,188,1,271,0
2,-1,197,1,271,0
4,-7,229,1,271,0
-4,3,237,1,271,0
5,7,245,1,271,0
-3,2,245,1,271,0
-2,1,253,1,271,0
4,6,254,1,271,0
-6,5,258,1,271,0
-1,0,261,1,271,0
3,5,261,1,271,0
0,-5,263,1,271,0
-5,4,268,1,271,0
2,4,269,1,271,0
-7,-8,12,1,271,0
6,-4,27,1,271,0
-6,-5,34,1,271,0
8,1,74,1,271,0
7,-7,93,1,271,0
7,0,97,1,271,0
2,-2,137,1,271,0
-2,-3,138,1,271,0
0,3,189,1,271,0
2,5,205,1,271,0
3,-5,213,1,271,0
3,6,214,1,271,0
5,8,227,1,271,0
5,-1,228,1,271,0
-5,5,232,1,271,0
-3,3,238,1,271,0
4,7,246,1,271,0
-2,2,249,1,271,0
0,-6,257,1,271,0
-1,1,259,1,271,0
2,6,23,1,271,0
-2,3,18,1,271,0
6,-5,25,1,271,0
-6,-6,27,1,271,0
5,-2,36,1,271,0
-2,-4,61,1,271,0
7,-8,76,1,271,0
-3,-7,85,1,271,0
7,1,85,1,271,0
8,2,102,1,271,0
6,0,112,1,271,0
-1,2,179,1,271,0
-1,-1,186,1,271,0
0,4,195,1,271,0
1,5,199,1,271,0
2,-3,215,1,271,0
3,-6,219,1,271,0
3,7,224,1,271,0
-4,5,225,1,271,0
4,8,236,1,271,0
0,-7,249,1,271,0
7,-9,4,1,271,0
-2,4,11,1,271,0
-6,-7,19,1,271,0
5,-3,34,1,271,0
-5,-4,43,1,271,0
2,-4,86,1,271,0
6,-6,102,1,271,0
7,2,122,1,271,0
6,1,128,1,271,0
1,-1,189,1,271,0
-1,-2,194,1,271,0
1,6,206,1,271,0
-3,5,219,1,271,0
2,7,221,1,271,0
3,8,232,1,271,0
8,-2,262,1,271,0
5,0,269,1,271,0
0,5,196,1,271,0
-3,6,6,1,271,0
0,6,41,1,271,0
8,-3,64,1,271,0
4,0,74,1,271,0
6,2,125,1,271,0
5,1,134,1,271,0
1,-2,189,1,271,0
-8,1,193,1,271,0
4,-1,209,1,271,0
-1,-3,209,1,271,0
1,7,211,1,271,0
2,-5,212,1,271,0
-2,5,213,1,271,0
2,8,218,1,271,0
6,-7,261,1,271,0
-9,-8,2,1,271,0
9,6,3,1,271,0
-3,7,23,1,271,0
-2,6,31,1,271,0
4,-2,43,1,271,0
0,7,48,1,271,0
1,8,53,1,271,0
8,-4,57,1,271,0
3,0,61,1,271,0
-2,-7,79,1,271,0
7,4,99,1,271,0
7,-1,106,1,271,0
6,3,106,1,271,0
-5,-6,111,1,271,0
5,-5,111,1,271,0
5,2,113,1,271,0
4,1,141,1,271,0
1,-3,208,1,271,0
-7,1,199,1,271,0
-1,5,206,1,271,0
-1,-4,215,1,271,0
0,8,6,1,272,0
-3,8,16,1,272,0
8,-5,29,1,272,0
-1,6,38,1,272,0
-4,-4,49,1,272,0
6,4,109,1,272,0
-5,-7,106,1,272,0
4,-3,108,1,272,0
5,3,117,1,272,0
4,2,124,1,272,0
3,1,147,1,272,0
2,0,154,1,272,0
1,-4,202,1,272,0
-6,1,206,1,272,0
-1,-5,222,1,272,0
8,6,264,1,272,0
7,-2,269,1,272,0
5,-6,271,1,272,0
7,5,271,1,272,0
0,-1,271,1,272,0
-8,-7,6,1,272,0
8,-6,27,1,272,0
7,-3,61,1,272,0
6,5,118,1,272,0
4,-4,119,1,272,0
-4,-5,121,1,272,0
5,4,126,1,272,0
4,3,134,1,272,0
3,2,142,1,272,0
2,1,151,1,272,0
1,0,188,1,272,0
1,-5,203,1,272,0
3,-1,203,1,272,0
-5,1,212,1,272,0
-1,-6,228,1,272,0
8,7,249,1,272,0
5,-7,269,1,272,0
7,6,269,1,272,0
-8,-8,9,1,272,0
4,-5,12,1,272,0
7,-4,52,1,272,0
8,-7,84,1,272,0
6,6,109,1,272,0
-4,-6,114,1,272,0
3,-2,116,1,272,0
5,5,119,1,272,0
-3,-3,131,1,272,0
2,2,272,1,272,0
1,1,267,1,272,0
-4,1,224,1,272,0
6,-1,233,1,272,0
5,-8,235,1,272,0
-1,-7,243,1,272,0
-8,5,247,1,272,0
8,8,255,1,272,0
7,7,262,1,272,0
0,0,269,1,272,0
4,4,128,1,272,0
0,-3,271,1,272,0
3,3,138,1,272,0
7,-5,48,1,272,0
1,-7,59,1,272,0
-4,-7,92,1,272,0
5,6,117,1,272,0
3,-3,217,1,272,0
-3,-4,129,1,272,0
-2,0,156,1,272,0
0,1,263,1,272,0
1,2,271,1,272,0
4,-6,222,1,272,0
-3,1,223,1,272,0
-4,2,232,1,272,0
6,-2,236,1,272,0
-1,-8,237,1,272,0
6,7,239,1,272,0
7,8,252,1,272,0
-7,5,254,1,272,0
4,5,257,1,272,0
-6,4,261,1,272,0
3,4,268,1,272,0
-5,3,269,1,272,0
0,-4,269,1,272,0
2,3,271,1,272,0
-7,-7,19,1,272,0
6,-3,27,1,272,0
-6,-4,35,1,272,0
7,-6,43,1,272,0
3,-4,93,1,272,0
6,8,95,1,272,0
-3,-5,122,1,272,0
-2,-2,142,1,272,0
0,2,182,1,272,0
1,3,188,1,272,0
2,-1,197,1,272,0
4,-7,229,1,272,0
5,7,245,1,272,0
-3,2,245,1,272,0
-2,1,253,1,272,0
4,6,254,1,272,0
-6,5,258,1,272,0
-1,0,261,1,272,0
3,5,261,1,272,0
0,-5,263,1,272,0
-5,4,268,1,272,0
2,4,269,1,272,0
-4,3,271,1,272,0
-7,-8,12,1,272,0
6,-4,27,1,272,0
-6,-5,34,1,272,0
8,1,74,1,272,0
7,-7,93,1,272,0
7,0,97,1,272,0
2,-2,137,1,272,0
-2,-3,138,1,272,0
0,3,189,1,272,0
2,5,205,1,272,0
3,-5,213,1,272,0
3,6,214,1,272,0
5,8,227,1,272,0
5,-1,228,1,272,0
-5,5,232,1,272,0
-3,3,238,1,272,0
4,7,246,1,272,0
-2,2,249,1,272,0
0,-6,257,1,272,0
-1,1,259,1,272,0
2,6,23,1,272,0
-2,3,18,1,272,0
6,-5,25,1,272,0
-6,-6,27,1,272,0
5,-2,36,1,272,0
-2,-4,61,1,272,0
7,-8,76,1,272,0
-3,-7,85,1,272,0
7,1,85,1,272,0
8,2,102,1,272,0
6,0,112,1,272,0
-1,2,179,1,272,0
-1,-1,186,1,272,0
0,4,195,1,272,0
1,5,199,1,272,0
2,-3,215,1,272,0
3,-6,219,1,272,0
3,7,224,1,272,0
-4,5,225,1,272,0
4,8,236,1,272,0
0,-7,249,1,272,0
7,-9,4,1,272,0
-2,4,11,1,272,0
-6,-7,19,1,272,0
5,-3,34,1,272,0
-5,-4,43,1,272,0
2,-4,86,1,272,0
6,-6,102,1,272,0
7,2,122,1,272,0
6,1,128,1,272,0
1,-1,189,1,272,0
-1,-2,194,1,272,0
1,6,206,1,272,0
-3,5,219,1,272,0
2,7,221,1,272,0
3,8,232,1,272,0
8,-2,262,1,272,0
5,0,269,1,272,0
0,5,196,1,272,0
-3,6,6,1,272,0
0,6,41,1,272,0
8,-3,64,1,272,0
4,0,74,1,272,0
6,2,125,1,272,0
5,1,134,1,272,0
1,-2,189,1,272,0
-8,1,193,1,272,0
4,-1,209,1,272,0
-1,-3,209,1,272,0
1,7,211,1,272,0
2,-5,212,1,272,0
-2,5,213,1,272,0
2,8,218,1,272,0
6,-7,261,1,272,0
-9,-8,2,1,272,0
9,6,3,1,272,0
-3,7,23,1,272,0
-2,6,31,1,272,0
4,-2,43,1,272,0
0,7,48,1,272,0
1,8,53,1,272,0
8,-4,57,1,272,0
3,0,61,1,272,0
-2,-7,79,1,272,0
7,4,99,1,272,0
7,-1,106,1,272,0
6,3,106,1,272,0
-5,-6,111,1,272,0
5,-5,111,1,272,0
5,2,113,1,272,0
4,1,141,1,272,0
1,-3,208,1,272,0
-7,1,199,1,272,0
-1,5,206,1,272,0
-1,-4,215,1,272,0
0,8,6,1,273,0
-3,8,16,1,273,0
8,-5,29,1,273,0
-1,6,38,1,273,0
-4,-4,49,1,273,0
6,4,109,1,273,0
-5,-7,106,1,273,0
4,-3,108,1,273,0
5,3,117,1,273,0
4,2,124,1,273,0
3,1,147,1,273,0
2,0,154,1,273,0
1,-4,202,1,273,0
-6,1,206,1,273,0
-1,-5,222,1,273,0
8,6,264,1,273,0
7,-2,269,1,273,0
5,-6,272,1,273,0
7,5,272,1,273,0
0,-1,272,1,273,0
-8,-7,6,1,273,0
8,-6,27,1,273,0
7,-3,61,1,273,0
6,5,118,1,273,0
4,-4,119,1,273,0
-4,-5,121,1,273,0
5,4,126,1,273,0
4,3,134,1,273,0
3,2,142,1,273,0
2,1,151,1,273,0
1,0,188,1,273,0
1,-5,203,1,273,0
3,-1,203,1,273,0
-5,1,212,1,273,0
-1,-6,228,1,273,0
8,7,249,1,273,0
5,-7,269,1,273,0
7,6,269,1,273,0
-8,-8,9,1,273,0
4,-5,12,1,273,0
7,-4,52,1,273,0
8,-7,84,1,273,0
6,6,109,1,273,0
-4,-6,114,1,273,0
3,-2,116,1,273,0
5,5,119,1,273,0
-3,-3,131,1,273,0
2,2,273,1,273,0
1,1,267,1,273,0
-4,1,224,1,273,0
6,-1,233,1,273,0
5,-8,235,1,273,0
-1,-7,243,1,273,0
-8,5,247,1,273,0
8,8,255,1,273,0
7,7,262,1,273,0
0,0,269,1,273,0
4,4,128,1,273,0
3,3,138,1,273,0
0,-3,272,1,273,0
7,-5,48,1,273,0
1,-7,59,1,273,0
-4,-7,92,1,273,0
5,6,117,1,273,0
3,-3,217,1,273,0
-3,-4,129,1,273,0
-2,0,156,1,273,0
0,1,263,1,273,0
1,2,271,1,273,0
4,-6,222,1,273,0
-3,1,223,1,273,0
-4,2,232,1,273,0
-1,-8,237,1,273,0
6,7,239,1,273,0
7,8,252,1,273,0
-7,5,254,1,273,0
4,5,257,1,273,0
-6,4,261,1,273,0
3,4,268,1,273,0
-5,3,269,1,273,0
0,-4,269,1,273,0
6,-2,271,1,273,0
2,3,272,1,273,0
-7,-7,19,1,273,0
6,-3,27,1,273,0
-6,-4,35,1,273,0
7,-6,43,1,273,0
3,-4,93,1,273,0
6,8,95,1,273,0
-3,-5,122,1,273,0
-2,-2,142,1,273,0
0,2,182,1,273,0
1,3,188,1,273,0
2,-1,197,1,273,0
4,-7,229,1,273,0
5,7,245,1,273,0
-3,2,245,1,273,0
-2,1,253,1,273,0
4,6,254,1,273,0
-6,5,258,1,273,0
-1,0,261,1,273,0
3,5,261,1,273,0
0,-5,263,1,273,0
-5,4,268,1,273,0
2,4,269,1,273,0
-4,3,272,1,273,0
-7,-8,12,1,273,0
6,-4,27,1,273,0
-6,-5,34,1,273,0
8,1,74,1,273,0
7,-7,93,1,273,0
7,0,97,1,273,0
2,-2,137,1,273,0
-2,-3,138,1,273,0
0,3,189,1,273,0
2,5,205,1,273,0
3,-5,213,1,273,0
3,6,214,1,273,0
5,8,227,1,273,0
5,-1,228,1,273,0
-5,5,232,1,273,0
-3,3,238,1,273,0
4,7,246,1,273,0
-2,2,249,1,273,0
0,-6,257,1,273,0
-1,1,259,1,273,0
2,6,23,1,273,0
-2,3,18,1,273,0
6,-5,25,1,273,0
-6,-6,27,1,273,0
5,-2,36,1,273,0
-2,-4,61,1,273,0
7,-8,76,1,273,0
-3,-7,85,1,273,0
7,1,85,1,273,0
8,2,102,1,273,0
6,0,112,1,273,0
-1,2,179,1,273,0
-1,-1,186,1,273,0
0,4,195,1,273,0
1,5,199,1,273,0
2,-3,215,1,273,0
3,-6,219,1,273,0
3,7,224,1,273,0
-4,5,225,1,273,0
4,8,236,1,273,0
0,-7,249,1,273,0
7,-9,4,1,273,0
-2,4,11,1,273,0
-6,-7,19,1,273,0
5,-3,34,1,273,0
-5,-4,43,1,273,0
2,-4,86,1,273,0
6,-6,102,1,273,0
7,2,122,1,273,0
6,1,128,1,273,0
1,-1,189,1,273,0
-1,-2,194,1,273,0
1,6,206,1,273,0
-3,5,219,1,273,0
2,7,221,1,273,0
3,8,232,1,273,0
8,-2,262,1,273,0
5,0,271,1,273,0
0,5,196,1,273,0
-3,6,6,1,273,0
0,6,41,1,273,0
8,-3,64,1,273,0
4,0,74,1,273,0
6,2,125,1,273,0
5,1,134,1,273,0
1,-2,189,1,273,0
-8,1,193,1,273,0
4,-1,209,1,273,0
-1,-3,209,1,273,0
1,7,211,1,273,0
2,-5,212,1,273,0
-2,5,213,1,273,0
2,8,218,1,273,0
6,-7,261,1,273,0
-9,-8,2,1,273,0
9,6,3,1,273,0
-3,7,23,1,273,0
-2,6,31,1,273,0
4,-2,43,1,273,0
0,7,48,1,273,0
1,8,53,1,273,0
8,-4,57,1,273,0
3,0,61,1,273,0
-2,-7,79,1,273,0
7,4,99,1,273,0
7,-1,106,1,273,0
6,3,106,1,273,0
-5,-6,111,1,273,0
5,-5,111,1,273,0
5,2,113,1,273,0
4,1,141,1,273,0
1,-3,208,1,273,0
-7,1,199,1,273,0
-1,5,206,1,273,0
-1,-4,215,1,273,0
0,8,6,1,274,0
-3,8,16,1,274,0
8,-5,29,1,274,0
-1,6,38,1,274,0
-4,-4,49,1,274,0
6,4,109,1,274,0
-5,-7,106,1,274,0
4,-3,108,1,274,0
5,3,117,1,274,0
4,2,124,1,274,0
3,1,147,1,274,0
2,0,154,1,274,0
1,-4,202,1,274,0
-6,1,206,1,274,0
-1,-5,222,1,274,0
8,6,264,1,274,0
7,-2,269,1,274,0
5,-6,273,1,274,0
7,5,273,1,274,0
0,-1,273,1,274,0
-8,-7,6,1,274,0
8,-6,27,1,274,0
7,-3,61,1,274,0
6,5,118,1,274,0
4,-4,119,1,274,0
-4,-5,121,1,274,0
5,4,126,1,274,0
4,3,134,1,274,0
3,2,142,1,274,0
2,1,151,1,274,0
1,0,188,1,274,0
1,-5,203,1,274,0
3,-1,203,1,274,0
-5,1,212,1,274,0
-1,-6,228,1,274,0
8,7,249,1,274,0
5,-7,269,1,274,0
7,6,269,1,274,0
-8,-8,9,1,274,0
4,-5,12,1,274,0
7,-4,52,1,274,0
8,-7,84,1,274,0
6,6,109,1,274,0
-4,-6,114,1,274,0
3,-2,116,1,274,0
5,5,119,1,274,0
-3,-3,131,1,274,0
2,2,274,1,274,0
1,1,267,1,274,0
-4,1,224,1,274,0
6,-1,233,1,274,0
5,-8,235,1,274,0
-1,-7,243,1,274,0
-8,5,247,1,274,0
8,8,255,1,274,0
7,7,262,1,274,0
0,0,269,1,274,0
4,4,128,1,274,0
3,3,138,1,274,0
0,-3,273,1,274,0
7,-5,48,1,274,0
1,-7,59,1,274,0
-4,-7,92,1,274,0
5,6,117,1,274,0
3,-3,217,1,274,0
-3,-4,129,1,274,0
-2,0,156,1,274,0
0,1,263,1,274,0
1,2,271,1,274,0
4,-6,222,1,274,0
-3,1,223,1,274,0
-4,2,232,1,274,0
-1,-8,237,1,274,0
6,7,239,1,274,0
7,8,252,1,274,0
-7,5,254,1,274,0
4,5,257,1,274,0
-6,4,261,1,274,0
3,4,268,1,274,0
-5,3,269,1,274,0
0,-4,269,1,274,0
6,-2,272,1,274,0
2,3,273,1,274,0
-7,-7,19,1,274,0
6,-3,27,1,274,0
-6,-4,35,1,274,0
7,-6,43,1,274,0
3,-4,93,1,274,0
6,8,95,1,274,0
-3,-5,122,1,274,0
-2,-2,142,1,274,0
0,2,182,1,274,0
1,3,188,1,274,0
2,-1,197,1,274,0
4,-7,229,1,274,0
5,7,245,1,274,0
-3,2,245,1,274,0
-2,1,253,1,274,0
4,6,254,1,274,0
-6,5,258,1,274,0
-1,0,261,1,274,0
3,5,261,1,274,0
0,-5,263,1,274,0
-5,4,268,1,274,0
2,4,269,1,274,0
-4,3,273,1,274,0
-7,-8,12,1,274,0
6,-4,27,1,274,0
-6,-5,34,1,274,0
8,1,74,1,274,0
7,-7,93,1,274,0
7,0,97,1,274,0
2,-2,137,1,274,0
-2,-3,138,1,274,0
0,3,189,1,274,0
2,5,205,1,274,0
3,-5,213,1,274,0
3,6,214,1,274,0
5,8,227,1,274,0
5,-1,228,1,274,0
-5,5,232,1,274,0
-3,3,238,1,274,0
4,7,246,1,274,0
-2,2,249,1,274,0
0,-6,257,1,274,0
-1,1,259,1,274,0
2,6,23,1,274,0
-2,3,18,1,274,0
6,-5,25,1,274,0
-6,-6,27,1,274,0
5,-2,36,1,274,0
-2,-4,61,1,274,0
7,-8,76,1,274,0
-3,-7,85,1,274,0
7,1,85,1,274,0
8,2,102,1,274,0
6,0,112,1,274,0
-1,2,179,1,274,0
-1,-1,186,1,274,0
0,4,195,1,274,0
1,5,199,1,274,0
2,-3,215,1,274,0
3,-6,219,1,274,0
3,7,224,1,274,0
-4,5,225,1,274,0
4,8,236,1,274,0
0,-7,249,1,274,0
7,-9,4,1,274,0
-2,4,11,1,274,0
-6,-7,19,1,274,0
5,-3,34,1,274,0
-5,-4,43,1,274,0
2,-4,86,1,274,0
6,-6,102,1,274,0
7,2,122,1,274,0
6,1,128,1,274,0
1,-1,189,1,274,0
-1,-2,194,1,274,0
1,6,206,1,274,0
-3,5,219,1,274,0
2,7,221,1,274,0
3,8,232,1,274,0
8,-2,262,1,274,0
5,0,272,1,274,0
0,5,196,1,274,0
-3,6,6,1,274,0
0,6,41,1,274,0
8,-3,64,1,274,0
4,0,74,1,274,0
6,2,125,1,274,0
5,1,134,1,274,0
1,-2,189,1,274,0
-8,1,193,1,274,0
4,-1,209,1,274,0
-1,-3,209,1,274,0
1,7,211,1,274,0
2,-5,212,1,274,0
-2,5,213,1,274,0
2,8,218,1,274,0
6,-7,261,1,274,0
-9,-8,2,1,274,0
9,6,3,1,274,0
-3,7,23,1,274,0
-2,6,31,1,274,0
4,-2,43,1,274,0
0,7,48,1,274,0
1,8,53,1,274,0
8,-4,57,1,274,0
3,0,61,1,274,0
-2,-7,79,1,274,0
7,4,99,1,274,0
7,-1,106,1,274,0
6,3,106,1,274,0
-5,-6,111,1,274,0
5,-5,111,1,274,0
5,2,113,1,274,0
4,1,141,1,274,0
1,-3,208,1,274,0
-7,1,199,1,274,0
-1,5,206,1,274,0
-1,-4,215,1,274,0
0,8,6,1,275,0
-3,8,16,1,275,0
8,-5,29,1,275,0
-1,6,38,1,275,0
-4,-4,49,1,275,0
6,4,109,1,275,0
-5,-7,106,1,275,0
4,-3,108,1,275,0
5,3,117,1,275,0
4,2,124,1,275,0
3,1,147,1,275,0
2,0,154,1,275,0
1,-4,202,1,275,0
-6,1,206,1,275,0
-1,-5,222,1,275,0
8,6,264,1,275,0
7,-2,269,1,275,0
5,-6,273,1,275,0
7,5,273,1,275,0
0,-1,274,1,275,0
-8,-7,6,1,275,0
8,-6,27,1,275,0
7,-3,61,1,275,0
4,-4,119,1,275,0
-4,-5,121,1,275,0
5,4,126,1,275,0
4,3,134,1,275,0
3,2,142,1,275,0
2,1,151,1,275,0
1,0,188,1,275,0
1,-5,203,1,275,0
3,-1,203,1,275,0
-5,1,212,1,275,0
-1,-6,228,1,275,0
8,7,249,1,275,0
5,-7,269,1,275,0
7,6,269,1,275,0
6,5,274,1,275,0
-8,-8,9,1,275,0
4,-5,12,1,275,0
7,-4,52,1,275,0
8,-7,84,1,275,0
6,6,109,1,275,0
-4,-6,114,1,275,0
3,-2,116,1,275,0
5,5,119,1,275,0
-3,-3,131,1,275,0
2,2,275,1,275,0
1,1,267,1,275,0
-4,1,224,1,275,0
6,-1,233,1,275,0
5,-8,235,1,275,0
-1,-7,243,1,275,0
-8,5,247,1,275,0
8,8,255,1,275,0
7,7,262,1,275,0
0,0,269,1,275,0
0,-3,273,1,275,0
3,3,138,1,275,0
4,4,128,1,275,0
7,-5,48,1,275,0
1,-7,59,1,275,0
-4,-7,92,1,275,0
5,6,117,1,275,0
3,-3,217,1,275,0
-3,-4,129,1,275,0
-2,0,156,1,275,0
0,1,263,1,275,0
1,2,271,1,275,0
-3,1,223,1,275,0
-4,2,232,1,275,0
-1,-8,237,1,275,0
6,7,239,1,275,0
7,8,252,1,275,0
-7,5,254,1,275,0
4,5,257,1,275,0
-6,4,261,1,275,0
3,4,268,1,275,0
-5,3,269,1,275,0
0,-4,269,1,275,0
4,-6,274,1,275,0
6,-2,273,1,275,0
2,3,274,1,275,0
-7,-7,19,1,275,0
6,-3,27,1,275,0
-6,-4,35,1,275,0
7,-6,43,1,275,0
3,-4,93,1,275,0
6,8,95,1,275,0
-3,-5,122,1,275,0
-2,-2,142,1,275,0
0,2,182,1,275,0
1,3,188,1,275,0
2,-1,197,1,275,0
4,-7,229,1,275,0
5,7,245,1,275,0
-3,2,245,1,275,0
-2,1,253,1,275,0
4,6,254,1,275,0
-6,5,258,1,275,0
-1,0,261,1,275,0
3,5,261,1,275,0
0,-5,263,1,275,0
-5,4,268,1,275,0
2,4,269,1,275,0
-4,3,274,1,275,0
-7,-8,12,1,275,0
6,-4,27,1,275,0
-6,-5,34,1,275,0
8,1,74,1,275,0
7,-7,93,1,275,0
7,0,97,1,275,0
2,-2,137,1,275,0
-2,-3,138,1,275,0
0,3,189,1,275,0
2,5,205,1,275,0
3,-5,213,1,275,0
3,6,214,1,275,0
5,8,227,1,275,0
5,-1,228,1,275,0
-5,5,232,1,275,0
-3,3,238,1,275,0
4,7,246,1,275,0
-2,2,249,1,275,0
0,-6,257,1,275,0
-1,1,259,1,275,0
2,6,23,1,275,0
-2,3,18,1,275,0
6,-5,25,1,275,0
-6,-6,27,1,275,0
5,-2,36,1,275,0
-2,-4,61,1,275,0
7,-8,76,1,275,0
-3,-7,85,1,275,0
7,1,85,1,275,0
8,2,102,1,275,0
6,0,112,1,275,0
-1,2,179,1,275,0
-1,-1,186,1,275,0
0,4,195,1,275,0
1,5,199,1,275,0
2,-3,215,1,275,0
3,-6,219,1,275,0
3,7,224,1,275,0
-4,5,225,1,275,0
4,8,236,1,275,0
0,-7,249,1,275,0
7,-9,4,1,275,0
-2,4,11,1,275,0
-6,-7,19,1,275,0
5,-3,34,1,275,0
-5,-4,43,1,275,0
2,-4,86,1,275,0
6,-6,102,1,275,0
7,2,122,1,275,0
6,1,128,1,275,0
1,-1,189,1,275,0
-1,-2,194,1,275,0
1,6,206,1,275,0
-3,5,219,1,275,0
2,7,221,1,275,0
3,8,232,1,275,0
8,-2,262,1,275,0
5,0,273,1,275,0
0,5,196,1,275,0
-3,6,6,1,275,0
0,6,41,1,275,0
8,-3,64,1,275,0
4,0,74,1,275,0
6,2,125,1,275,0
5,1,134,1,275,0
1,-2,189,1,275,0
-8,1,193,1,275,0
4,-1,209,1,275,0
-1,-3,209,1,275,0
1,7,211,1,275,0
2,-5,212,1,275,0
-2,5,213,1,275,0
2,8,218,1,275,0
6,-7,261,1,275,0
-9,-8,2,1,275,0
9,6,3,1,275,0
-3,7,23,1,275,0
-2,6,31,1,275,0
4,-2,43,1,275,0
0,7,48,1,275,0
1,8,53,1,275,0
8,-4,57,1,275,0
3,0,61,1,275,0
-2,-7,79,1,275,0
7,4,99,1,275,0
7,-1,106,1,275,0
6,3,106,1,275,0
-5,-6,111,1,275,0
5,-5,111,1,275,0
5,2,113,1,275,0
4,1,141,1,275,0
1,-3,208,1,275,0
-7,1,199,1,275,0
-1,5,206,1,275,0
-1,-4,215,1,275,0
0,8,6,1,276,0
-3,8,16,1,276,0
8,-5,29,1,276,0
-1,6,38,1,276,0
-4,-4,49,1,276,0
6,4,109,1,276,0
-5,-7,106,1,276,0
4,-3,108,1,276,0
5,3,117,1,276,0
4,2,124,1,276,0
3,1,147,1,276,0
2,0,154,1,276,0
1,-4,202,1,276,0
-6,1,206,1,276,0
-1,-5,222,1,276,0
8,6,264,1,276,0
7,-2,269,1,276,0
5,-6,273,1,276,0
7,5,273,1,276,0
0,-1,274,1,276,0
-8,-7,6,1,276,0
8,-6,27,1,276,0
7,-3,61,1,276,0
4,-4,119,1,276,0
-4,-5,121,1,276,0
5,4,126,1,276,0
4,3,134,1,276,0
3,2,142,1,276,0
2,1,151,1,276,0
1,0,188,1,276,0
1,-5,203,1,276,0
3,-1,203,1,276,0
-5,1,212,1,276,0
-1,-6,228,1,276,0
8,7,249,1,276,0
5,-7,269,1,276,0
7,6,269,1,276,0
6,5,275,1,276,0
-8,-8,9,1,276,0
4,-5,12,1,276,0
7,-4,52,1,276,0
8,-7,84,1,276,0
6,6,109,1,276,0
-4,-6,114,1,276,0
3,-2,116,1,276,0
5,5,119,1,276,0
-3,-3,131,1,276,0
2,2,276,1,276,0
1,1,267,1,276,0
-4,1,224,1,276,0
6,-1,233,1,276,0
5,-8,235,1,276,0
-1,-7,243,1,276,0
-8,5,247,1,276,0
8,8,255,1,276,0
7,7,262,1,276,0
0,0,269,1,276,0
0,-3,274,1,276,0
3,3,138,1,276,0
4,4,128,1,276,0
7,-5,48,1,276,0
1,-7,59,1,276,0
-4,-7,92,1,276,0
5,6,117,1,276,0
3,-3,217,1,276,0
-3,-4,129,1,276,0
-2,0,156,1,276,0
0,1,263,1,276,0
1,2,271,1,276,0
-3,1,223,1,276,0
-4,2,232,1,276,0
-1,-8,237,1,276,0
6,7,239,1,276,0
7,8,252,1,276,0
-7,5,254,1,276,0
4,5,257,1,276,0
-6,4,261,1,276,0
3,4,268,1,276,0
-5,3,269,1,276,0
0,-4,269,1,276,0
4,-6,275,1,276,0
6,-2,274,1,276,0
2,3,275,1,276,0
-7,-7,19,1,276,0
6,-3,27,1,276,0
-6,-4,35,1,276,0
7,-6,43,1,276,0
3,-4,93,1,276,0
6,8,95,1,276,0
-3,-5,122,1,276,0
-2,-2,142,1,276,0
0,2,182,1,276,0
1,3,188,1,276,0
2,-1,197,1,276,0
4,-7,229,1,276,0
5,7,245,1,276,0
-3,2,245,1,276,0
-2,1,253,1,276,0
4,6,254,1,276,0
-6,5,258,1,276,0
-1,0,261,1,276,0
3,5,261,1,276,0
0,-5,263,1,276,0
-5,4,268,1,276,0
2,4,269,1,276,0
-4,3,275,1,276,0
-7,-8,12,1,276,0
6,-4,27,1,276,0
-6,-5,34,1,276,0
8,1,74,1,276,0
7,-7,93,1,276,0
7,0,97,1,276,0
2,-2,137,1,276,0
-2,-3,138,1,276,0
0,3,189,1,276,0
2,5,205,1,276,0
3,-5,213,1,276,0
3,6,214,1,276,0
5,8,227,1,276,0
5,-1,228,1,276,0
-5,5,232,1,276,0
-3,3,238,1,276,0
4,7,246,1,276,0
-2,2,249,1,276,0
0,-6,257,1,276,0
-1,1,259,1,276,0
2,6,23,1,276,0
-2,3,18,1,276,0
6,-5,25,1,276,0
-6,-6,27,1,276,0
5,-2,36,1,276,0
-2,-4,61,1,276,0
7,-8,76,1,276,0
-3,-7,85,1,276,0
7,1,85,1,276,0
8,2,102,1,276,0
6,0,112,1,276,0
-1,2,179,1,276,0
-1,-1,186,1,276,0
0,4,195,1,276,0
1,5,199,1,276,0
2,-3,215,1,276,0
3,-6,219,1,276,0
3,7,224,1,276,0
-4,5,225,1,276,0
4,8,236,1,276,0
0,-7,249,1,276,0
7,-9,4,1,276,0
-2,4,11,1,276,0
-6,-7,19,1,276,0
5,-3,34,1,276,0
-5,-4,43,1,276,0
2,-4,86,1,276,0
6,-6,102,1,276,0
7,2,122,1,276,0
6,1,128,1,276,0
-1,-2,194,1,276,0
1,6,206,1,276,0
-3,5,219,1,276,0
2,7,221,1,276,0
3,8,232,1,276,0
8,-2,262,1,276,0
5,0,274,1,276,0
1,-1,275,1,276,0
0,5,196,1,276,0
-3,6,6,1,276,0
0,6,41,1,276,0
8,-3,64,1,276,0
4,0,74,1,276,0
6,2,125,1,276,0
5,1,134,1,276,0
1,-2,189,1,276,0
-8,1,193,1,276,0
4,-1,209,1,276,0
-1,-3,209,1,276,0
1,7,211,1,276,0
2,-5,212,1,276,0
-2,5,213,1,276,0
2,8,218,1,276,0
6,-7,261,1,276,0
-9,-8,2,1,276,0
9,6,3,1,276,0
-3,7,23,1,276,0
-2,6,31,1,276,0
4,-2,43,1,276,0
0,7,48,1,276,0
1,8,53,1,276,0
8,-4,57,1,276,0
3,0,61,1,276,0
-2,-7,79,1,276,0
7,4,99,1,276,0
7,-1,106,1,276,0
6,3,106,1,276,0
-5,-6,111,1,276,0
5,-5,111,1,276,0
5,2,113,1,276,0
4,1,141,1,276,0
1,-3,208,1,276,0
-7,1,199,1,276,0
-1,5,206,1,276,0
-1,-4,215,1,276,0
0,8,6,1,277,0
-3,8,16,1,277,0
8,-5,29,1,277,0
-1,6,38,1,277,0
-4,-4,49,1,277,0
6,4,109,1,277,0
-5,-7,106,1,277,0
4,-3,108,1,277,0
5,3,117,1,277,0
4,2,124,1,277,0
3,1,147,1,277,0
2,0,154,1,277,0
1,-4,202,1,277,0
-6,1,206,1,277,0
-1,-5,222,1,277,0
8,6,264,1,277,0
7,-2,269,1,277,0
5,-6,273,1,277,0
7,5,273,1,277,0
0,-1,274,1,277,0
-8,-7,6,1,277,0
8,-6,27,1,277,0
7,-3,61,1,277,0
4,-4,119,1,277,0
-4,-5,121,1,277,0
5,4,126,1,277,0
4,3,134,1,277,0
3,2,142,1,277,0
2,1,151,1,277,0
1,0,188,1,277,0
1,-5,203,1,277,0
3,-1,203,1,277,0
-5,1,212,1,277,0
-1,-6,228,1,277,0
8,7,249,1,277,0
5,-7,269,1,277,0
7,6,269,1,277,0
6,5,276,1,277,0
0,-2,276,1,277,0
-8,-8,9,1,277,0
4,-5,12,1,277,0
7,-4,52,1,277,0
8,-7,84,1,277,0
6,6,109,1,277,0
-4,-6,114,1,277,0
3,-2,116,1,277,0
5,5,119,1,277,0
-3,-3,131,1,277,0
2,2,277,1,277,0
1,1,267,1,277,0
-4,1,224,1,277,0
6,-1,233,1,277,0
5,-8,235,1,277,0
-1,-7,243,1,277,0
-8,5,247,1,277,0
8,8,255,1,277,0
7,7,262,1,277,0
0,0,269,1,277,0
0,-3,275,1,277,0
4,4,128,1,277,0
3,3,138,1,277,0
7,-5,48,1,277,0
1,-7,59,1,277,0
-4,-7,92,1,277,0
5,6,117,1,277,0
3,-3,217,1,277,0
-3,-4,129,1,277,0
-2,0,156,1,277,0
0,1,263,1,277,0
1,2,271,1,277,0
-3,1,223,1,277,0
-4,2,232,1,277,0
-1,-8,237,1,277,0
6,7,239,1,277,0
7,8,252,1,277,0
-7,5,254,1,277,0
4,5,257,1,277,0
-6,4,261,1,277,0
3,4,268,1,277,0
-5,3,269,1,277,0
0,-4,269,1,277,0
4,-6,276,1,277,0
6,-2,275,1,277,0
2,3,276,1,277,0
-7,-7,19,1,277,0
6,-3,27,1,277,0
-6,-4,35,1,277,0
7,-6,43,1,277,0
3,-4,93,1,277,0
6,8,95,1,277,0
-3,-5,122,1,277,0
-2,-2,142,1,277,0
0,2,182,1,277,0
1,3,188,1,277,0
2,-1,197,1,277,0
4,-7,229,1,277,0
5,7,245,1,277,0
-3,2,245,1,277,0
-2,1,253,1,277,0
4,6,254,1,277,0
-6,5,258,1,277,0
-1,0,261,1,277,0
3,5,261,1,277,0
0,-5,263,1,277,0
-5,4,268,1,277,0
2,4,269,1,277,0
-4,3,276,1,277,0
-7,-8,12,1,277,0
6,-4,27,1,277,0
-6,-5,34,1,277,0
8,1,74,1,277,0
7,-7,93,1,277,0
7,0,97,1,277,0
2,-2,137,1,277,0
-2,-3,138,1,277,0
0,3,189,1,277,0
2,5,205,1,277,0
3,-5,213,1,277,0
3,6,214,1,277,0
5,8,227,1,277,0
5,-1,228,1,277,0
-5,5,232,1,277,0
-3,3,238,1,277,0
4,7,246,1,277,0
-2,2,249,1,277,0
0,-6,257,1,277,0
-1,1,259,1,277,0
2,6,23,1,277,0
-2,3,18,1,277,0
6,-5,25,1,277,0
-6,-6,27,1,277,0
5,-2,36,1,277,0
-2,-4,61,1,277,0
7,-8,76,1,277,0
-3,-7,85,1,277,0
7,1,85,1,277,0
8,2,102,1,277,0
6,0,112,1,277,0
-1,2,179,1,277,0
-1,-1,186,1,277,0
0,4,195,1,277,0
1,5,199,1,277,0
2,-3,215,1,277,0
3,-6,219,1,277,0
3,7,224,1,277,0
-4,5,225,1,277,0
4,8,236,1,277,0
0,-7,249,1,277,0
7,-9,4,1,277,0
-2,4,11,1,277,0
-6,-7,19,1,277,0
5,-3,34,1,277,0
-5,-4,43,1,277,0
2,-4,86,1,277,0
6,-6,102,1,277,0
7,2,122,1,277,0
6,1,128,1,277,0
-1,-2,194,1,277,0
1,6,206,1,277,0
-3,5,219,1,277,0
2,7,221,1,277,0
3,8,232,1,277,0
8,-2,262,1,277,0
1,-1,275,1,277,0
5,0,275,1,277,0
0,5,196,1,277,0
-3,6,6,1,277,0
0,6,41,1,277,0
8,-3,64,1,277,0
4,0,74,1,277,0
6,2,125,1,277,0
5,1,134,1,277,0
-8,1,193,1,277,0
4,-1,209,1,277,0
-1,-3,209,1,277,0
1,7,211,1,277,0
2,-5,212,1,277,0
-2,5,213,1,277,0
2,8,218,1,277,0
6,-7,261,1,277,0
1,-2,276,1,277,0
-9,-8,2,1,277,0
9,6,3,1,277,0
-3,7,23,1,277,0
-2,6,31,1,277,0
4,-2,43,1,277,0
0,7,48,1,277,0
1,8,53,1,277,0
8,-4,57,1,277,0
3,0,61,1,277,0
-2,-7,79,1,277,0
7,4,99,1,277,0
7,-1,106,1,277,0
6,3,106,1,277,0
-5,-6,111,1,277,0
5,-5,111,1,277,0
5,2,113,1,277,0
4,1,141,1,277,0
1,-3,208,1,277,0
-7,1,199,1,277,0
-1,5,206,1,277,0
-1,-4,215,1,277,0
0,8,6,1,278,0
-3,8,16,1,278,0
8,-5,29,1,278,0
-1,6,38,1,278,0
-4,-4,49,1,278,0
6,4,109,1,278,0
-5,-7,106,1,278,0
4,-3,108,1,278,0
5,3,117,1,278,0
4,2,124,1,278,0
3,1,147,1,278,0
2,0,154,1,278,0
1,-4,202,1,278,0
-6,1,206,1,278,0
-1,-5,222,1,278,0
8,6,264,1,278,0
7,-2,269,1,278,0
5,-6,273,1,278,0
7,5,273,1,278,0
0,-1,274,1,278,0
-8,-7,6,1,278,0
8,-6,27,1,278,0
7,-3,61,1,278,0
4,-4,119,1,278,0
-4,-5,121,1,278,0
5,4,126,1,278,0
4,3,134,1,278,0
3,2,142,1,278,0
2,1,151,1,278,0
1,0,188,1,278,0
1,-5,203,1,278,0
3,-1,203,1,278,0
-5,1,212,1,278,0
-1,-6,228,1,278,0
8,7,249,1,278,0
5,-7,269,1,278,0
7,6,269,1,278,0
6,5,277,1,278,0
0,-2,277,1,278,0
-8,-8,9,1,278,0
4,-5,12,1,278,0
7,-4,52,1,278,0
8,-7,84,1,278,0
6,6,109,1,278,0
-4,-6,114,1,278,0
3,-2,116,1,278,0
5,5,119,1,278,0
-3,-3,131,1,278,0
1,1,267,1,278,0
-4,1,224,1,278,0
6,-1,233,1,278,0
5,-8,235,1,278,0
-1,-7,243,1,278,0
-8,5,247,1,278,0
8,8,255,1,278,0
7,7,262,1,278,0
0,0,269,1,278,0
0,-3,275,1,278,0
4,4,128,1,278,0
2,2,278,1,278,0
3,3,138,1,278,0
7,-5,48,1,278,0
1,-7,59,1,278,0
-4,-7,92,1,278,0
5,6,117,1,278,0
3,-3,217,1,278,0
-3,-4,129,1,278,0
-2,0,156,1,278,0
0,1,263,1,278,0
1,2,271,1,278,0
-3,1,223,1,278,0
-4,2,232,1,278,0
-1,-8,237,1,278,0
6,7,239,1,278,0
7,8,252,1,278,0
-7,5,254,1,278,0
4,5,257,1,278,0
-6,4,261,1,278,0
3,4,268,1,278,0
-5,3,269,1,278,0
0,-4,269,1,278,0
2,3,276,1,278,0
4,-6,277,1,278,0
6,-2,276,1,278,0
-7,-7,19,1,278,0
6,-3,27,1,278,0
-6,-4,35,1,278,0
7,-6,43,1,278,0
3,-4,93,1,278,0
6,8,95,1,278,0
-3,-5,122,1,278,0
-2,-2,142,1,278,0
0,2,182,1,278,0
1,3,188,1,278,0
2,-1,197,1,278,0
4,-7,229,1,278,0
5,7,245,1,278,0
-3,2,245,1,278,0
-2,1,253,1,278,0
4,6,254,1,278,0
-6,5,258,1,278,0
-1,0,261,1,278,0
3,5,261,1,278,0
0,-5,263,1,278,0
-5,4,268,1,278,0
2,4,269,1,278,0
-4,3,276,1,278,0
-7,-8,12,1,278,0
6,-4,27,1,278,0
-6,-5,34,1,278,0
8,1,74,1,278,0
7,-7,93,1,278,0
7,0,97,1,278,0
2,-2,137,1,278,0
-2,-3,138,1,278,0
0,3,189,1,278,0
2,5,205,1,278,0
3,-5,213,1,278,0
3,6,214,1,278,0
5,8,227,1,278,0
5,-1,228,1,278,0
-5,5,232,1,278,0
4,7,246,1,278,0
-2,2,249,1,278,0
0,-6,257,1,278,0
-1,1,259,1,278,0
-3,3,277,1,278,0
2,6,23,1,278,0
-2,3,18,1,278,0
6,-5,25,1,278,0
-6,-6,27,1,278,0
5,-2,36,1,278,0
-2,-4,61,1,278,0
7,-8,76,1,278,0
-3,-7,85,1,278,0
7,1,85,1,278,0
8,2,102,1,278,0
6,0,112,1,278,0
-1,2,179,1,278,0
-1,-1,186,1,278,0
0,4,195,1,278,0
1,5,199,1,278,0
2,-3,215,1,278,0
3,-6,219,1,278,0
3,7,224,1,278,0
-4,5,225,1,278,0
4,8,236,1,278,0
0,-7,249,1,278,0
7,-9,4,1,278,0
-2,4,11,1,278,0
-6,-7,19,1,278,0
5,-3,34,1,278,0
-5,-4,43,1,278,0
2,-4,86,1,278,0
6,-6,102,1,278,0
7,2,122,1,278,0
6,1,128,1,278,0
-1,-2,194,1,278,0
1,6,206,1,278,0
-3,5,219,1,278,0
2,7,221,1,278,0
3,8,232,1,278,0
8,-2,262,1,278,0
1,-1,275,1,278,0
5,0,276,1,278,0
0,5,196,1,278,0
-3,6,6,1,278,0
0,6,41,1,278,0
8,-3,64,1,278,0
4,0,74,1,278,0
6,2,125,1,278,0
5,1,134,1,278,0
-8,1,193,1,278,0
4,-1,209,1,278,0
-1,-3,209,1,278,0
1,7,211,1,278,0
2,-5,212,1,278,0
-2,5,213,1,278,0
2,8,218,1,278,0
6,-7,261,1,278,0
1,-2,277,1,278,0
-9,-8,2,1,278,0
9,6,3,1,278,0
-3,7,23,1,278,0
-2,6,31,1,278,0
4,-2,43,1,278,0
0,7,48,1,278,0
1,8,53,1,278,0
8,-4,57,1,278,0
3,0,61,1,278,0
-2,-7,79,1,278,0
7,4,99,1,278,0
7,-1,106,1,278,0
6,3,106,1,278,0
-5,-6,111,1,278,0
5,-5,111,1,278,0
5,2,113,1,278,0
4,1,141,1,278,0
1,-3,208,1,278,0
-7,1,199,1,278,0
-1,5,206,1,278,0
-1,-4,215,1,278,0
0,8,6,1,279,0
-3,8,16,1,279,0
8,-5,29,1,279,0
-1,6,38,1,279,0
-4,-4,49,1,279,0
6,4,109,1,279,0
-5,-7,106,1,279,0
4,-3,108,1,279,0
5,3,117,1,279,0
4,2,124,1,279,0
3,1,147,1,279,0
2,0,154,1,279,0
1,-4,202,1,279,0
-6,1,206,1,279,0
-1,-5,222,1,279,0
8,6,264,1,279,0
7,-2,269,1,279,0
5,-6,273,1,279,0
7,5,273,1,279,0
0,-1,274,1,279,0
-8,-7,6,1,279,0
8,-6,27,1,279,0
7,-3,61,1,279,0
4,-4,119,1,279,0
-4,-5,121,1,279,0
5,4,126,1,279,0
4,3,134,1,279,0
3,2,279,1,279,0
2,1,151,1,279,0
1,0,188,1,279,0
1,-5,203,1,279,0
3,-1,203,1,279,0
-5,1,212,1,279,0
-1,-6,228,1,279,0
8,7,249,1,279,0
5,-7,269,1,279,0
7,6,269,1,279,0
6,5,278,1,279,0
0,-2,278,1,279,0
-8,-8,9,1,279,0
4,-5,12,1,279,0
7,-4,52,1,279,0
8,-7,84,1,279,0
6,6,109,1,279,0
-4,-6,114,1,279,0
3,-2,116,1,279,0
5,5,119,1,279,0
-3,-3,131,1,279,0
1,1,267,1,279,0
-4,1,224,1,279,0
6,-1,233,1,279,0
5,-8,235,1,279,0
-1,-7,243,1,279,0
-8,5,247,1,279,0
8,8,255,1,279,0
7,7,262,1,279,0
0,0,269,1,279,0
0,-3,275,1,279,0
2,2,278,1,279,0
3,3,138,1,279,0
4,4,128,1,279,0
7,-5,48,1,279,0
1,-7,59,1,279,0
-4,-7,92,1,279,0
5,6,117,1,279,0
3,-3,217,1,279,0
-3,-4,129,1,279,0
-2,0,156,1,279,0
0,1,263,1,279,0
1,2,271,1,279,0
-3,1,223,1,279,0
-4,2,232,1,279,0
-1,-8,237,1,279,0
6,7,239,1,279,0
7,8,252,1,279,0
-7,5,254,1,279,0
4,5,257,1,279,0
-6,4,261,1,279,0
3,4,268,1,279,0
-5,3,269,1,279,0
0,-4,269,1,279,0
2,3,276,1,279,0
4,-6,278,1,279,0
6,-2,277,1,279,0
-7,-7,19,1,279,0
6,-3,27,1,279,0
-6,-4,35,1,279,0
7,-6,43,1,279,0
3,-4,93,1,279,0
6,8,95,1,279,0
-3,-5,122,1,279,0
-2,-2,142,1,279,0
0,2,182,1,279,0
1,3,188,1,279,0
2,-1,197,1,279,0
4,-7,229,1,279,0
5,7,245,1,279,0
-3,2,245,1,279,0
-2,1,253,1,279,0
4,6,254,1,279,0
-6,5,258,1,279,0
-1,0,261,1,279,0
3,5,261,1,279,0
0,-5,263,1,279,0
-5,4,268,1,279,0
2,4,269,1,279,0
-4,3,276,1,279,0
-7,-8,12,1,279,0
6,-4,27,1,279,0
-6,-5,34,1,279,0
8,1,74,1,279,0
7,-7,93,1,279,0
7,0,97,1,279,0
2,-2,137,1,279,0
-2,-3,138,1,279,0
0,3,189,1,279,0
2,5,205,1,279,0
3,-5,213,1,279,0
3,6,214,1,279,0
5,8,227,1,279,0
5,-1,228,1,279,0
-5,5,232,1,279,0
4,7,246,1,279,0
-2,2,249,1,279,0
0,-6,257,1,279,0
-1,1,259,1,279,0
-3,3,278,1,279,0
2,6,23,1,279,0
-2,3,18,1,279,0
6,-5,25,1,279,0
-6,-6,27,1,279,0
5,-2,36,1,279,0
-2,-4,61,1,279,0
7,-8,76,1,279,0
-3,-7,85,1,279,0
7,1,85,1,279,0
8,2,102,1,279,0
6,0,112,1,279,0
-1,2,179,1,279,0
-1,-1,186,1,279,0
0,4,195,1,279,0
1,5,199,1,279,0
2,-3,215,1,279,0
3,-6,219,1,279,0
3,7,224,1,279,0
-4,5,225,1,279,0
4,8,236,1,279,0
0,-7,249,1,279,0
7,-9,4,1,279,0
-2,4,11,1,279,0
-6,-7,19,1,279,0
5,-3,34,1,279,0
-5,-4,43,1,279,0
2,-4,86,1,279,0
6,-6,102,1,279,0
7,2,122,1,279,0
6,1,128,1,279,0
-1,-2,194,1,279,0
1,6,206,1,279,0
-3,5,219,1,279,0
2,7,221,1,279,0
3,8,232,1,279,0
8,-2,262,1,279,0
1,-1,275,1,279,0
5,0,277,1,279,0
0,5,196,1,279,0
-3,6,6,1,279,0
0,6,41,1,279,0
8,-3,64,1,279,0
4,0,74,1,279,0
6,2,125,1,279,0
5,1,134,1,279,0
-8,1,193,1,279,0
4,-1,209,1,279,0
-1,-3,209,1,279,0
1,7,211,1,279,0
2,-5,212,1,279,0
-2,5,213,1,279,0
2,8,218,1,279,0
6,-7,261,1,279,0
1,-2,278,1,279,0
-9,-8,2,1,279,0
9,6,3,1,279,0
-3,7,23,1,279,0
-2,6,31,1,279,0
4,-2,43,1,279,0
0,7,48,1,279,0
1,8,53,1,279,0
8,-4,57,1,279,0
3,0,61,1,279,0
-2,-7,79,1,279,0
7,4,99,1,279,0
7,-1,106,1,279,0
6,3,106,1,279,0
-5,-6,111,1,279,0
5,-5,111,1,279,0
5,2,113,1,279,0
4,1,141,1,279,0
1,-3,208,1,279,0
-7,1,199,1,279,0
-1,5,206,1,279,0
-1,-4,215,1,279,0
0,8,6,1,280,0
-3,8,16,1,280,0
8,-5,29,1,280,0
-1,6,38,1,280,0
-4,-4,49,1,280,0
6,4,109,1,280,0
-5,-7,106,1,280,0
4,-3,108,1,280,0
5,3,117,1,280,0
4,2,124,1,280,0
3,1,147,1,280,0
2,0,154,1,280,0
1,-4,202,1,280,0
-6,1,206,1,280,0
-1,-5,222,1,280,0
8,6,264,1,280,0
7,-2,269,1,280,0
5,-6,273,1,280,0
7,5,273,1,280,0
0,-1,274,1,280,0
-8,-7,6,1,280,0
8,-6,27,1,280,0
7,-3,61,1,280,0
4,-4,119,1,280,0
-4,-5,121,1,280,0
5,4,126,1,280,0
4,3,134,1,280,0
3,2,279,1,280,0
2,1,151,1,280,0
1,0,188,1,280,0
1,-5,203,1,280,0
3,-1,203,1,280,0
-5,1,212,1,280,0
-1,-6,228,1,280,0
8,7,249,1,280,0
5,-7,269,1,280,0
7,6,269,1,280,0
6,5,279,1,280,0
0,-2,279,1,280,0
-8,-8,9,1,280,0
7,-4,52,1,280,0
8,-7,84,1,280,0
6,6,109,1,280,0
-4,-6,114,1,280,0
3,-2,116,1,280,0
5,5,119,1,280,0
-3,-3,131,1,280,0
1,1,267,1,280,0
-4,1,224,1,280,0
6,-1,233,1,280,0
5,-8,235,1,280,0
-1,-7,243,1,280,0
-8,5,247,1,280,0
8,8,255,1,280,0
7,7,262,1,280,0
0,0,269,1,280,0
0,-3,275,1,280,0
4,-5,279,1,280,0
2,2,279,1,280,0
4,4,128,1,280,0
3,3,138,1,280,0
7,-5,48,1,280,0
1,-7,59,1,280,0
-4,-7,92,1,280,0
5,6,117,1,280,0
3,-3,217,1,280,0
-3,-4,129,1,280,0
-2,0,156,1,280,0
0,1,263,1,280,0
1,2,271,1,280,0
-3,1,223,1,280,0
-4,2,232,1,280,0
-1,-8,237,1,280,0
6,7,239,1,280,0
7,8,252,1,280,0
-7,5,254,1,280,0
4,5,257,1,280,0
-6,4,261,1,280,0
3,4,268,1,280,0
-5,3,269,1,280,0
0,-4,269,1,280,0
2,3,276,1,280,0
4,-6,278,1,280,0
6,-2,278,1,280,0
-7,-7,19,1,280,0
6,-3,27,1,280,0
-6,-4,35,1,280,0
7,-6,43,1,280,0
3,-4,93,1,280,0
6,8,95,1,280,0
-3,-5,122,1,280,0
-2,-2,142,1,280,0
0,2,182,1,280,0
1,3,188,1,280,0
2,-1,197,1,280,0
4,-7,229,1,280,0
5,7,245,1,280,0
-3,2,245,1,280,0
-2,1,253,1,280,0
4,6,254,1,280,0
-6,5,258,1,280,0
-1,0,261,1,280,0
3,5,261,1,280,0
0,-5,263,1,280,0
-5,4,268,1,280,0
2,4,269,1,280,0
-4,3,276,1,280,0
-7,-8,12,1,280,0
6,-4,27,1,280,0
-6,-5,34,1,280,0
8,1,74,1,280,0
7,-7,93,1,280,0
7,0,97,1,280,0
2,-2,137,1,280,0
-2,-3,138,1,280,0
0,3,189,1,280,0
2,5,205,1,280,0
3,-5,213,1,280,0
3,6,214,1,280,0
5,8,227,1,280,0
5,-1,228,1,280,0
-5,5,232,1,280,0
4,7,246,1,280,0
-2,2,249,1,280,0
0,-6,257,1,280,0
-1,1,259,1,280,0
-3,3,279,1,280,0
2,6,23,1,280,0
-2,3,18,1,280,0
6,-5,25,1,280,0
-6,-6,27,1,280,0
5,-2,36,1,280,0
-2,-4,61,1,280,0
7,-8,76,1,280,0
-3,-7,85,1,280,0
7,1,85,1,280,0
8,2,102,1,280,0
6,0,112,1,280,0
-1,2,179,1,280,0
-1,-1,186,1,280,0
0,4,195,1,280,0
1,5,199,1,280,0
2,-3,215,1,280,0
3,-6,219,1,280,0
3,7,224,1,280,0
-4,5,225,1,280,0
4,8,236,1,280,0
0,-7,249,1,280,0
7,-9,4,1,280,0
-2,4,11,1,280,0
-6,-7,19,1,280,0
5,-3,34,1,280,0
-5,-4,43,1,280,0
2,-4,86,1,280,0
6,-6,102,1,280,0
7,2,122,1,280,0
6,1,128,1,280,0
-1,-2,194,1,280,0
1,6,206,1,280,0
-3,5,219,1,280,0
2,7,221,1,280,0
3,8,232,1,280,0
8,-2,262,1,280,0
1,-1,275,1,280,0
5,0,278,1,280,0
0,5,196,1,280,0
-3,6,6,1,280,0
0,6,41,1,280,0
8,-3,64,1,280,0
4,0,74,1,280,0
6,2,125,1,280,0
5,1,134,1,280,0
-8,1,193,1,280,0
4,-1,209,1,280,0
-1,-3,209,1,280,0
1,7,211,1,280,0
2,-5,212,1,280,0
-2,5,213,1,280,0
2,8,218,1,280,0
6,-7,261,1,280,0
1,-2,279,1,280,0
-9,-8,2,1,280,0
9,6,3,1,280,0
-3,7,23,1,280,0
-2,6,31,1,280,0
4,-2,43,1,280,0
0,7,48,1,280,0
1,8,53,1,280,0
8,-4,57,1,280,0
3,0,61,1,280,0
-2,-7,79,1,280,0
7,4,99,1,280,0
7,-1,106,1,280,0
6,3,106,1,280,0
-5,-6,111,1,280,0
5,-5,111,1,280,0
5,2,113,1,280,0
4,1,141,1,280,0
1,-3,208,1,280,0
-7,1,199,1,280,0
-1,5,206,1,280,0
-1,-4,215,1,280,0
0,8,6,1,281,0
-3,8,16,1,281,0
8,-5,29,1,281,0
-1,6,38,1,281,0
-4,-4,49,1,281,0
6,4,109,1,281,0
-5,-7,106,1,281,0
4,-3,108,1,281,0
5,3,117,1,281,0
4,2,124,1,281,0
3,1,147,1,281,0
2,0,154,1,281,0
1,-4,202,1,281,0
-6,1,206,1,281,0
-1,-5,222,1,281,0
8,6,264,1,281,0
7,-2,269,1,281,0
5,-6,273,1,281,0
7,5,273,1,281,0
0,-1,274,1,281,0
-8,-7,6,1,281,0
8,-6,27,1,281,0
7,-3,61,1,281,0
4,-4,119,1,281,0
-4,-5,121,1,281,0
5,4,126,1,281,0
4,3,134,1,281,0
3,2,279,1,281,0
2,1,151,1,281,0
1,0,188,1,281,0
1,-5,203,1,281,0
3,-1,203,1,281,0
-5,1,212,1,281,0
-1,-6,228,1,281,0
8,7,249,1,281,0
5,-7,269,1,281,0
7,6,269,1,281,0
6,5,279,1,281,0
0,-2,279,1,281,0
-8,-8,9,1,281,0
7,-4,52,1,281,0
8,-7,84,1,281,0
6,6,109,1,281,0
-4,-6,114,1,281,0
3,-2,116,1,281,0
5,5,119,1,281,0
-3,-3,131,1,281,0
1,1,267,1,281,0
-4,1,224,1,281,0
6,-1,233,1,281,0
5,-8,235,1,281,0
-1,-7,243,1,281,0
-8,5,247,1,281,0
8,8,255,1,281,0
7,7,262,1,281,0
0,0,269,1,281,0
0,-3,275,1,281,0
4,-5,279,1,281,0
2,2,281,1,281,0
4,4,128,1,281,0
3,3,138,1,281,0
7,-5,48,1,281,0
1,-7,59,1,281,0
-4,-7,92,1,281,0
5,6,117,1,281,0
3,-3,217,1,281,0
-3,-4,129,1,281,0
-2,0,156,1,281,0
0,1,263,1,281,0
1,2,271,1,281,0
-3,1,223,1,281,0
-4,2,232,1,281,0
-1,-8,237,1,281,0
6,7,239,1,281,0
7,8,252,1,281,0
-7,5,254,1,281,0
4,5,257,1,281,0
-6,4,261,1,281,0
3,4,268,1,281,0
-5,3,269,1,281,0
0,-4,269,1,281,0
2,3,276,1,281,0
4,-6,278,1,281,0
6,-2,279,1,281,0
-7,-7,19,1,281,0
6,-3,27,1,281,0
-6,-4,35,1,281,0
7,-6,43,1,281,0
3,-4,93,1,281,0
6,8,95,1,281,0
-3,-5,122,1,281,0
-2,-2,142,1,281,0
0,2,182,1,281,0
1,3,188,1,281,0
2,-1,197,1,281,0
4,-7,229,1,281,0
5,7,245,1,281,0
-3,2,245,1,281,0
-2,1,253,1,281,0
4,6,254,1,281,0
-6,5,258,1,281,0
-1,0,261,1,281,0
3,5,261,1,281,0
0,-5,263,1,281,0
-5,4,268,1,281,0
2,4,269,1,281,0
-4,3,276,1,281,0
-7,-8,12,1,281,0
6,-4,27,1,281,0
-6,-5,34,1,281,0
8,1,74,1,281,0
7,-7,93,1,281,0
7,0,97,1,281,0
2,-2,137,1,281,0
-2,-3,138,1,281,0
0,3,189,1,281,0
2,5,205,1,281,0
3,-5,213,1,281,0
3,6,214,1,281,0
5,8,227,1,281,0
5,-1,228,1,281,0
-5,5,232,1,281,0
4,7,246,1,281,0
-2,2,249,1,281,0
0,-6,257,1,281,0
-1,1,259,1,281,0
-3,3,279,1,281,0
2,6,23,1,281,0
-2,3,18,1,281,0
6,-5,25,1,281,0
-6,-6,27,1,281,0
5,-2,36,1,281,0
-2,-4,61,1,281,0
7,-8,76,1,281,0
-3,-7,85,1,281,0
7,1,85,1,281,0
8,2,102,1,281,0
6,0,112,1,281,0
-1,2,179,1,281,0
-1,-1,186,1,281,0
0,4,195,1,281,0
1,5,199,1,281,0
2,-3,215,1,281,0
3,-6,219,1,281,0
3,7,224,1,281,0
-4,5,225,1,281,0
4,8,236,1,281,0
0,-7,249,1,281,0
7,-9,4,1,281,0
-2,4,11,1,281,0
-6,-7,19,1,281,0
5,-3,34,1,281,0
-5,-4,43,1,281,0
2,-4,86,1,281,0
6,-6,102,1,281,0
7,2,122,1,281,0
6,1,128,1,281,0
-1,-2,194,1,281,0
1,6,206,1,281,0
-3,5,219,1,281,0
2,7,221,1,281,0
3,8,232,1,281,0
8,-2,262,1,281,0
1,-1,275,1,281,0
5,0,279,1,281,0
0,5,196,1,281,0
-3,6,6,1,281,0
0,6,41,1,281,0
8,-3,64,1,281,0
4,0,74,1,281,0
6,2,125,1,281,0
5,1,134,1,281,0
-8,1,193,1,281,0
4,-1,209,1,281,0
-1,-3,209,1,281,0
1,7,211,1,281,0
2,-5,212,1,281,0
-2,5,213,1,281,0
2,8,218,1,281,0
6,-7,261,1,281,0
1,-2,279,1,281,0
-9,-8,2,1,281,0
9,6,3,1,281,0
-3,7,23,1,281,0
-2,6,31,1,281,0
4,-2,43,1,281,0
0,7,48,1,281,0
1,8,53,1,281,0
8,-4,57,1,281,0
3,0,61,1,281,0
-2,-7,79,1,281,0
7,4,99,1,281,0
7,-1,106,1,281,0
6,3,106,1,281,0
-5,-6,111,1,281,0
5,-5,111,1,281,0
5,2,113,1,281,0
4,1,141,1,281,0
1,-3,208,1,281,0
-7,1,199,1,281,0
-1,5,206,1,281,0
-1,-4,215,1,281,0
0,8,6,1,282,0
-3,8,16,1,282,0
8,-5,29,1,282,0
-1,6,38,1,282,0
-4,-4,49,1,282,0
-5,-7,106,1,282,0
4,-3,108,1,282,0
5,3,117,1,282,0
4,2,124,1,282,0
3,1,147,1,282,0
2,0,154,1,282,0
1,-4,202,1,282,0
-6,1,206,1,282,0
-1,-5,222,1,282,0
8,6,264,1,282,0
7,-2,269,1,282,0
5,-6,273,1,282,0
7,5,273,1,282,0
0,-1,274,1,282,0
6,4,281,1,282,0
-8,-7,6,1,282,0
8,-6,27,1,282,0
7,-3,61,1,282,0
4,-4,119,1,282,0
-4,-5,121,1,282,0
5,4,126,1,282,0
4,3,134,1,282,0
3,2,279,1,282,0
2,1,151,1,282,0
1,0,188,1,282,0
1,-5,203,1,282,0
3,-1,203,1,282,0
-5,1,212,1,282,0
-1,-6,228,1,282,0
8,7,249,1,282,0
5,-7,269,1,282,0
7,6,269,1,282,0
6,5,279,1,282,0
0,-2,281,1,282,0
-8,-8,9,1,282,0
7,-4,52,1,282,0
8,-7,84,1,282,0
6,6,109,1,282,0
-4,-6,114,1,282,0
3,-2,116,1,282,0
5,5,119,1,282,0
-3,-3,131,1,282,0
1,1,267,1,282,0
-4,1,224,1,282,0
6,-1,233,1,282,0
5,-8,235,1,282,0
-1,-7,243,1,282,0
-8,5,247,1,282,0
8,8,255,1,282,0
7,7,262,1,282,0
0,0,269,1,282,0
0,-3,275,1,282,0
2,2,282,1,282,0
4,-5,281,1,282,0
4,4,128,1,282,0
3,3,138,1,282,0
7,-5,48,1,282,0
1,-7,59,1,282,0
-4,-7,92,1,282,0
5,6,117,1,282,0
3,-3,217,1,282,0
-3,-4,129,1,282,0
-2,0,156,1,282,0
0,1,263,1,282,0
-3,1,223,1,282,0
-4,2,232,1,282,0
-1,-8,237,1,282,0
6,7,239,1,282,0
7,8,252,1,282,0
-7,5,254,1,282,0
4,5,257,1,282,0
-6,4,261,1,282,0
3,4,268,1,282,0
-5,3,269,1,282,0
0,-4,269,1,282,0
2,3,276,1,282,0
4,-6,278,1,282,0
6,-2,279,1,282,0
1,2,281,1,282,0
-7,-7,19,1,282,0
6,-3,27,1,282,0
-6,-4,35,1,282,0
7,-6,43,1,282,0
3,-4,93,1,282,0
6,8,95,1,282,0
-3,-5,122,1,282,0
-2,-2,142,1,282,0
0,2,182,1,282,0
1,3,188,1,282,0
2,-1,197,1,282,0
4,-7,229,1,282,0
5,7,245,1,282,0
-2,1,253,1,282,0
4,6,254,1,282,0
-6,5,258,1,282,0
-1,0,261,1,282,0
3,5,261,1,282,0
0,-5,263,1,282,0
-5,4,268,1,282,0
2,4,269,1,282,0
-4,3,276,1,282,0
-3,2,281,1,282,0
-7,-8,12,1,282,0
6,-4,27,1,282,0
-6,-5,34,1,282,0
8,1,74,1,282,0
7,-7,93,1,282,0
7,0,97,1,282,0
2,-2,137,1,282,0
-2,-3,138,1,282,0
0,3,189,1,282,0
2,5,205,1,282,0
3,-5,213,1,282,0
3,6,214,1,282,0
5,8,227,1,282,0
5,-1,228,1,282,0
-5,5,232,1,282,0
4,7,246,1,282,0
-2,2,249,1,282,0
0,-6,257,1,282,0
-1,1,259,1,282,0
-3,3,279,1,282,0
2,6,23,1,282,0
-2,3,18,1,282,0
6,-5,25,1,282,0
-6,-6,27,1,282,0
5,-2,36,1,282,0
-2,-4,61,1,282,0
7,-8,76,1,282,0
-3,-7,85,1,282,0
7,1,85,1,282,0
8,2,102,1,282,0
6,0,112,1,282,0
-1,2,179,1,282,0
-1,-1,186,1,282,0
0,4,195,1,282,0
1,5,199,1,282,0
2,-3,215,1,282,0
3,-6,219,1,282,0
3,7,224,1,282,0
-4,5,225,1,282,0
4,8,236,1,282,0
0,-7,249,1,282,0
7,-9,4,1,282,0
-2,4,11,1,282,0
-6,-7,19,1,282,0
5,-3,34,1,282,0
-5,-4,43,1,282,0
2,-4,86,1,282,0
6,-6,102,1,282,0
7,2,122,1,282,0
6,1,128,1,282,0
-1,-2,194,1,282,0
1,6,206,1,282,0
-3,5,219,1,282,0
2,7,221,1,282,0
3,8,232,1,282,0
8,-2,262,1,282,0
1,-1,275,1,282,0
5,0,279,1,282,0
0,5,196,1,282,0
-3,6,6,1,282,0
0,6,41,1,282,0
8,-3,64,1,282,0
4,0,74,1,282,0
6,2,125,1,282,0
5,1,134,1,282,0
-8,1,193,1,282,0
4,-1,209,1,282,0
-1,-3,209,1,282,0
1,7,211,1,282,0
2,-5,212,1,282,0
-2,5,213,1,282,0
2,8,218,1,282,0
6,-7,261,1,282,0
1,-2,281,1,282,0
-9,-8,2,1,282,0
9,6,3,1,282,0
-3,7,23,1,282,0
-2,6,31,1,282,0
4,-2,43,1,282,0
0,7,48,1,282,0
1,8,53,1,282,0
8,-4,57,1,282,0
3,0,61,1,282,0
-2,-7,79,1,282,0
7,4,99,1,282,0
7,-1,106,1,282,0
6,3,106,1,282,0
-5,-6,111,1,282,0
5,-5,111,1,282,0
5,2,113,1,282,0
4,1,141,1,282,0
1,-3,208,1,282,0
-7,1,199,1,282,0
-1,5,206,1,282,0
-1,-4,215,1,282,0
0,8,6,1,283,0
-3,8,16,1,283,0
8,-5,29,1,283,0
-1,6,38,1,283,0
-4,-4,49,1,283,0
-5,-7,106,1,283,0
4,-3,108,1,283,0
5,3,117,1,283,0
4,2,124,1,283,0
3,1,147,1,283,0
2,0,154,1,283,0
1,-4,202,1,283,0
-6,1,206,1,283,0
-1,-5,222,1,283,0
8,6,264,1,283,0
7,-2,269,1,283,0
5,-6,273,1,283,0
7,5,273,1,283,0
0,-1,274,1,283,0
6,4,281,1,283,0
-8,-7,6,1,283,0
8,-6,27,1,283,0
7,-3,61,1,283,0
4,-4,119,1,283,0
-4,-5,121,1,283,0
4,3,134,1,283,0
3,2,279,1,283,0
2,1,283,1,283,0
1,0,188,1,283,0
1,-5,203,1,283,0
3,-1,203,1,283,0
-5,1,212,1,283,0
-1,-6,228,1,283,0
8,7,249,1,283,0
5,-7,269,1,283,0
7,6,269,1,283,0
6,5,279,1,283,0
5,4,282,1,283,0
0,-2,282,1,283,0
-8,-8,9,1,283,0
7,-4,52,1,283,0
8,-7,84,1,283,0
6,6,109,1,283,0
-4,-6,114,1,283,0
3,-2,116,1,283,0
5,5,119,1,283,0
-3,-3,131,1,283,0
1,1,267,1,283,0
-4,1,224,1,283,0
6,-1,233,1,283,0
5,-8,235,1,283,0
-1,-7,243,1,283,0
-8,5,247,1,283,0
8,8,255,1,283,0
7,7,262,1,283,0
0,0,269,1,283,0
0,-3,275,1,283,0
2,2,282,1,283,0
4,-5,282,1,283,0
3,3,138,1,283,0
4,4,128,1,283,0
7,-5,48,1,283,0
1,-7,59,1,283,0
-4,-7,92,1,283,0
5,6,117,1,283,0
3,-3,217,1,283,0
-3,-4,129,1,283,0
-2,0,156,1,283,0
0,1,263,1,283,0
-3,1,223,1,283,0
-4,2,232,1,283,0
-1,-8,237,1,283,0
6,7,239,1,283,0
7,8,252,1,283,0
-7,5,254,1,283,0
4,5,257,1,283,0
-6,4,261,1,283,0
3,4,268,1,283,0
-5,3,269,1,283,0
0,-4,269,1,283,0
2,3,276,1,283,0
4,-6,278,1,283,0
6,-2,281,1,283,0
1,2,282,1,283,0
-7,-7,19,1,283,0
6,-3,27,1,283,0
-6,-4,35,1,283,0
7,-6,43,1,283,0
3,-4,93,1,283,0
6,8,95,1,283,0
-3,-5,122,1,283,0
-2,-2,142,1,283,0
0,2,182,1,283,0
1,3,188,1,283,0
2,-1,197,1,283,0
4,-7,229,1,283,0
5,7,245,1,283,0
-2,1,253,1,283,0
4,6,254,1,283,0
-6,5,258,1,283,0
-1,0,261,1,283,0
3,5,261,1,283,0
0,-5,263,1,283,0
-5,4,268,1,283,0
2,4,269,1,283,0
-4,3,276,1,283,0
-3,2,282,1,283,0
-7,-8,12,1,283,0
6,-4,27,1,283,0
-6,-5,34,1,283,0
8,1,74,1,283,0
7,-7,93,1,283,0
7,0,97,1,283,0
2,-2,137,1,283,0
-2,-3,138,1,283,0
0,3,189,1,283,0
2,5,205,1,283,0
3,-5,213,1,283,0
3,6,214,1,283,0
5,8,227,1,283,0
5,-1,228,1,283,0
-5,5,232,1,283,0
4,7,246,1,283,0
-2,2,249,1,283,0
0,-6,257,1,283,0
-1,1,259,1,283,0
-3,3,279,1,283,0
2,6,23,1,283,0
-2,3,18,1,283,0
6,-5,25,1,283,0
-6,-6,27,1,283,0
5,-2,36,1,283,0
-2,-4,61,1,283,0
7,-8,76,1,283,0
-3,-7,85,1,283,0
7,1,85,1,283,0
8,2,102,1,283,0
6,0,112,1,283,0
-1,2,179,1,283,0
-1,-1,186,1,283,0
0,4,195,1,283,0
1,5,199,1,283,0
2,-3,215,1,283,0
3,-6,219,1,283,0
3,7,224,1,283,0
-4,5,225,1,283,0
4,8,236,1,283,0
0,-7,249,1,283,0
7,-9,4,1,283,0
-2,4,11,1,283,0
-6,-7,19,1,283,0
5,-3,34,1,283,0
-5,-4,43,1,283,0
2,-4,86,1,283,0
6,-6,102,1,283,0
7,2,122,1,283,0
6,1,128,1,283,0
-1,-2,194,1,283,0
1,6,206,1,283,0
-3,5,219,1,283,0
2,7,221,1,283,0
3,8,232,1,283,0
8,-2,262,1,283,0
1,-1,275,1,283,0
5,0,281,1,283,0
0,5,196,1,283,0
-3,6,6,1,283,0
0,6,41,1,283,0
8,-3,64,1,283,0
4,0,74,1,283,0
6,2,125,1,283,0
5,1,134,1,283,0
-8,1,193,1,283,0
4,-1,209,1,283,0
-1,-3,209,1,283,0
1,7,211,1,283,0
2,-5,212,1,283,0
-2,5,213,1,283,0
2,8,218,1,283,0
6,-7,261,1,283,0
1,-2,282,1,283,0
-9,-8,2,1,283,0
9,6,3,1,283,0
-3,7,23,1,283,0
-2,6,31,1,283,0
4,-2,43,1,283,0
0,7,48,1,283,0
1,8,53,1,283,0
8,-4,57,1,283,0
3,0,61,1,283,0
-2,-7,79,1,283,0
7,4,99,1,283,0
7,-1,106,1,283,0
6,3,106,1,283,0
-5,-6,111,1,283,0
5,-5,111,1,283,0
5,2,113,1,283,0
4,1,141,1,283,0
1,-3,208,1,283,0
-7,1,199,1,283,0
-1,5,206,1,283,0
-1,-4,215,1,283,0
0,8,6,1,284,0
-3,8,16,1,284,0
8,-5,29,1,284,0
-1,6,38,1,284,0
-4,-4,49,1,284,0
-5,-7,106,1,284,0
4,-3,108,1,284,0
5,3,117,1,284,0
4,2,124,1,284,0
3,1,147,1,284,0
2,0,154,1,284,0
1,-4,202,1,284,0
-6,1,206,1,284,0
-1,-5,222,1,284,0
8,6,264,1,284,0
7,-2,269,1,284,0
5,-6,273,1,284,0
7,5,273,1,284,0
6,4,281,1,284,0
0,-1,283,1,284,0
-8,-7,6,1,284,0
8,-6,27,1,284,0
7,-3,61,1,284,0
4,-4,119,1,284,0
-4,-5,121,1,284,0
4,3,134,1,284,0
3,2,279,1,284,0
2,1,284,1,284,0
1,0,188,1,284,0
1,-5,203,1,284,0
3,-1,203,1,284,0
-5,1,212,1,284,0
-1,-6,228,1,284,0
8,7,249,1,284,0
5,-7,269,1,284,0
7,6,269,1,284,0
6,5,279,1,284,0
0,-2,282,1,284,0
5,4,283,1,284,0
-8,-8,9,1,284,0
7,-4,52,1,284,0
8,-7,84,1,284,0
6,6,109,1,284,0
-4,-6,114,1,284,0
3,-2,116,1,284,0
5,5,119,1,284,0
-3,-3,131,1,284,0
1,1,267,1,284,0
-4,1,224,1,284,0
6,-1,233,1,284,0
5,-8,235,1,284,0
-1,-7,243,1,284,0
-8,5,247,1,284,0
8,8,255,1,284,0
7,7,262,1,284,0
0,0,269,1,284,0
0,-3,275,1,284,0
2,2,282,1,284,0
4,-5,283,1,284,0
4,4,128,1,284,0
3,3,138,1,284,0
7,-5,48,1,284,0
1,-7,59,1,284,0
-4,-7,92,1,284,0
5,6,117,1,284,0
3,-3,217,1,284,0
-3,-4,129,1,284,0
-2,0,156,1,284,0
0,1,263,1,284,0
-3,1,223,1,284,0
-4,2,232,1,284,0
-1,-8,237,1,284,0
6,7,239,1,284,0
7,8,252,1,284,0
-7,5,254,1,284,0
4,5,257,1,284,0
-6,4,261,1,284,0
3,4,268,1,284,0
-5,3,269,1,284,0
0,-4,269,1,284,0
2,3,276,1,284,0
4,-6,278,1,284,0
6,-2,282,1,284,0
1,2,283,1,284,0
-7,-7,19,1,284,0
6,-3,27,1,284,0
-6,-4,35,1,284,0
7,-6,43,1,284,0
3,-4,93,1,284,0
6,8,95,1,284,0
-3,-5,122,1,284,0
-2,-2,142,1,284,0
0,2,182,1,284,0
1,3,188,1,284,0
2,-1,197,1,284,0
4,-7,229,1,284,0
5,7,245,1,284,0
-2,1,253,1,284,0
4,6,254,1,284,0
-6,5,258,1,284,0
-1,0,261,1,284,0
3,5,261,1,284,0
0,-5,263,1,284,0
-5,4,268,1,284,0
2,4,269,1,284,0
-4,3,276,1,284,0
-3,2,282,1,284,0
-7,-8,12,1,284,0
6,-4,27,1,284,0
-6,-5,34,1,284,0
8,1,74,1,284,0
7,-7,93,1,284,0
7,0,97,1,284,0
2,-2,137,1,284,0
-2,-3,138,1,284,0
0,3,189,1,284,0
2,5,205,1,284,0
3,-5,213,1,284,0
3,6,214,1,284,0
5,8,227,1,284,0
5,-1,228,1,284,0
-5,5,232,1,284,0
4,7,246,1,284,0
-2,2,249,1,284,0
0,-6,257,1,284,0
-1,1,259,1,284,0
-3,3,279,1,284,0
2,6,23,1,284,0
-2,3,18,1,284,0
6,-5,25,1,284,0
-6,-6,27,1,284,0
5,-2,36,1,284,0
-2,-4,61,1,284,0
7,-8,76,1,284,0
-3,-7,85,1,284,0
7,1,85,1,284,0
8,2,102,1,284,0
6,0,112,1,284,0
-1,2,179,1,284,0
-1,-1,186,1,284,0
0,4,195,1,284,0
1,5,199,1,284,0
2,-3,215,1,284,0
3,-6,219,1,284,0
3,7,224,1,284,0
-4,5,225,1,284,0
4,8,236,1,284,0
0,-7,249,1,284,0
7,-9,4,1,284,0
-2,4,11,1,284,0
-6,-7,19,1,284,0
5,-3,34,1,284,0
-5,-4,43,1,284,0
2,-4,86,1,284,0
6,-6,102,1,284,0
7,2,122,1,284,0
6,1,128,1,284,0
-1,-2,194,1,284,0
1,6,206,1,284,0
-3,5,219,1,284,0
2,7,221,1,284,0
3,8,232,1,284,0
8,-2,262,1,284,0
1,-1,275,1,284,0
5,0,282,1,284,0
0,5,196,1,284,0
-3,6,6,1,284,0
0,6,41,1,284,0
8,-3,64,1,284,0
4,0,74,1,284,0
6,2,125,1,284,0
5,1,134,1,284,0
-8,1,193,1,284,0
4,-1,209,1,284,0
-1,-3,209,1,284,0
1,7,211,1,284,0
2,-5,212,1,284,0
-2,5,213,1,284,0
2,8,218,1,284,0
6,-7,261,1,284,0
1,-2,283,1,284,0
-9,-8,2,1,284,0
9,6,3,1,284,0
-3,7,23,1,284,0
-2,6,31,1,284,0
4,-2,43,1,284,0
0,7,48,1,284,0
1,8,53,1,284,0
8,-4,57,1,284,0
3,0,61,1,284,0
-2,-7,79,1,284,0
7,4,99,1,284,0
7,-1,106,1,284,0
6,3,106,1,284,0
-5,-6,111,1,284,0
5,-5,111,1,284,0
5,2,113,1,284,0
4,1,141,1,284,0
1,-3,208,1,284,0
-7,1,199,1,284,0
-1,5,206,1,284,0
-1,-4,215,1,284,0
0,8,6,1,285,0
-3,8,16,1,285,0
8,-5,29,1,285,0
-1,6,38,1,285,0
-4,-4,49,1,285,0
-5,-7,106,1,285,0
4,-3,108,1,285,0
5,3,117,1,285,0
4,2,124,1,285,0
3,1,147,1,285,0
2,0,154,1,285,0
1,-4,202,1,285,0
-6,1,206,1,285,0
-1,-5,222,1,285,0
8,6,264,1,285,0
7,-2,269,1,285,0
5,-6,273,1,285,0
7,5,273,1,285,0
6,4,281,1,285,0
0,-1,284,1,285,0
-8,-7,6,1,285,0
8,-6,27,1,285,0
7,-3,61,1,285,0
4,-4,119,1,285,0
-4,-5,121,1,285,0
4,3,134,1,285,0
3,2,279,1,285,0
2,1,285,1,285,0
1,0,188,1,285,0
1,-5,203,1,285,0
3,-1,203,1,285,0
-5,1,212,1,285,0
-1,-6,228,1,285,0
8,7,249,1,285,0
5,-7,269,1,285,0
7,6,269,1,285,0
6,5,279,1,285,0
0,-2,282,1,285,0
5,4,284,1,285,0
-8,-8,9,1,285,0
7,-4,52,1,285,0
8,-7,84,1,285,0
6,6,109,1,285,0
-4,-6,114,1,285,0
3,-2,116,1,285,0
5,5,119,1,285,0
-3,-3,131,1,285,0
1,1,267,1,285,0
-4,1,224,1,285,0
6,-1,233,1,285,0
5,-8,235,1,285,0
-1,-7,243,1,285,0
-8,5,247,1,285,0
8,8,255,1,285,0
7,7,262,1,285,0
0,0,269,1,285,0
0,-3,275,1,285,0
2,2,282,1,285,0
4,-5,284,1,285,0
4,4,128,1,285,0
3,3,138,1,285,0
7,-5,48,1,285,0
1,-7,59,1,285,0
-4,-7,92,1,285,0
5,6,117,1,285,0
3,-3,217,1,285,0
-3,-4,129,1,285,0
-2,0,156,1,285,0
0,1,263,1,285,0
-3,1,223,1,285,0
-4,2,232,1,285,0
-1,-8,237,1,285,0
6,7,239,1,285,0
7,8,252,1,285,0
-7,5,254,1,285,0
4,5,257,1,285,0
-6,4,261,1,285,0
3,4,268,1,285,0
-5,3,269,1,285,0
0,-4,269,1,285,0
2,3,276,1,285,0
4,-6,278,1,285,0
6,-2,283,1,285,0
1,2,284,1,285,0
-7,-7,19,1,285,0
6,-3,27,1,285,0
-6,-4,35,1,285,0
7,-6,43,1,285,0
3,-4,93,1,285,0
6,8,95,1,285,0
-3,-5,122,1,285,0
-2,-2,142,1,285,0
0,2,182,1,285,0
1,3,188,1,285,0
2,-1,197,1,285,0
4,-7,229,1,285,0
5,7,245,1,285,0
-2,1,253,1,285,0
4,6,254,1,285,0
-6,5,258,1,285,0
-1,0,261,1,285,0
3,5,261,1,285,0
0,-5,263,1,285,0
-5,4,268,1,285,0
2,4,269,1,285,0
-4,3,276,1,285,0
-3,2,283,1,285,0
-7,-8,12,1,285,0
6,-4,27,1,285,0
-6,-5,34,1,285,0
8,1,74,1,285,0
7,-7,93,1,285,0
7,0,97,1,285,0
2,-2,137,1,285,0
-2,-3,138,1,285,0
0,3,189,1,285,0
2,5,205,1,285,0
3,-5,213,1,285,0
3,6,214,1,285,0
5,8,227,1,285,0
5,-1,228,1,285,0
-5,5,232,1,285,0
4,7,246,1,285,0
-2,2,249,1,285,0
0,-6,257,1,285,0
-1,1,259,1,285,0
-3,3,279,1,285,0
2,6,23,1,285,0
-2,3,18,1,285,0
6,-5,25,1,285,0
-6,-6,27,1,285,0
5,-2,36,1,285,0
-2,-4,61,1,285,0
7,-8,76,1,285,0
-3,-7,85,1,285,0
7,1,85,1,285,0
8,2,102,1,285,0
6,0,112,1,285,0
-1,2,179,1,285,0
-1,-1,186,1,285,0
0,4,195,1,285,0
1,5,199,1,285,0
2,-3,215,1,285,0
3,-6,219,1,285,0
3,7,224,1,285,0
-4,5,225,1,285,0
4,8,236,1,285,0
0,-7,249,1,285,0
7,-9,4,1,285,0
-2,4,11,1,285,0
-6,-7,19,1,285,0
5,-3,34,1,285,0
-5,-4,43,1,285,0
2,-4,86,1,285,0
6,-6,102,1,285,0
7,2,122,1,285,0
6,1,128,1,285,0
-1,-2,194,1,285,0
1,6,206,1,285,0
-3,5,219,1,285,0
2,7,221,1,285,0
3,8,232,1,285,0
8,-2,262,1,285,0
1,-1,275,1,285,0
0,5,196,1,285,0
5,0,283,1,285,0
-3,6,6,1,285,0
0,6,41,1,285,0
8,-3,64,1,285,0
4,0,74,1,285,0
6,2,125,1,285,0
5,1,134,1,285,0
-8,1,193,1,285,0
4,-1,209,1,285,0
-1,-3,209,1,285,0
1,7,211,1,285,0
2,-5,212,1,285,0
-2,5,213,1,285,0
2,8,218,1,285,0
6,-7,261,1,285,0
1,-2,284,1,285,0
-9,-8,2,1,285,0
9,6,3,1,285,0
-3,7,23,1,285,0
-2,6,31,1,285,0
4,-2,43,1,285,0
0,7,48,1,285,0
1,8,53,1,285,0
8,-4,57,1,285,0
3,0,61,1,285,0
-2,-7,79,1,285,0
7,4,99,1,285,0
7,-1,106,1,285,0
6,3,106,1,285,0
-5,-6,111,1,285,0
5,-5,111,1,285,0
5,2,113,1,285,0
4,1,141,1,285,0
1,-3,208,1,285,0
-7,1,199,1,285,0
-1,5,206,1,285,0
-1,-4,215,1,285,0
0,8,6,1,286,0
-3,8,16,1,286,0
8,-5,29,1,286,0
-1,6,38,1,286,0
-4,-4,49,1,286,0
-5,-7,106,1,286,0
4,-3,108,1,286,0
5,3,117,1,286,0
4,2,124,1,286,0
3,1,147,1,286,0
2,0,154,1,286,0
1,-4,202,1,286,0
-6,1,206,1,286,0
-1,-5,222,1,286,0
8,6,264,1,286,0
7,-2,269,1,286,0
5,-6,273,1,286,0
7,5,273,1,286,0
6,4,281,1,286,0
0,-1,285,1,286,0
-8,-7,6,1,286,0
8,-6,27,1,286,0
7,-3,61,1,286,0
4,-4,119,1,286,0
-4,-5,121,1,286,0
4,3,134,1,286,0
3,2,279,1,286,0
2,1,286,1,286,0
1,0,188,1,286,0
1,-5,203,1,286,0
3,-1,203,1,286,0
-5,1,212,1,286,0
-1,-6,228,1,286,0
8,7,249,1,286,0
5,-7,269,1,286,0
7,6,269,1,286,0
6,5,279,1,286,0
0,-2,282,1,286,0
5,4,285,1,286,0
-8,-8,9,1,286,0
7,-4,52,1,286,0
8,-7,84,1,286,0
6,6,109,1,286,0
-4,-6,114,1,286,0
3,-2,116,1,286,0
5,5,119,1,286,0
-3,-3,131,1,286,0
-4,1,224,1,286,0
6,-1,233,1,286,0
5,-8,235,1,286,0
-1,-7,243,1,286,0
-8,5,247,1,286,0
8,8,255,1,286,0
7,7,262,1,286,0
0,0,269,1,286,0
0,-3,275,1,286,0
2,2,282,1,286,0
4,-5,284,1,286,0
3,3,138,1,286,0
1,1,285,1,286,0
4,4,128,1,286,0
7,-5,48,1,286,0
1,-7,59,1,286,0
-4,-7,92,1,286,0
5,6,117,1,286,0
3,-3,217,1,286,0
-3,-4,129,1,286,0
-2,0,156,1,286,0
0,1,263,1,286,0
-3,1,223,1,286,0
-4,2,232,1,286,0
-1,-8,237,1,286,0
6,7,239,1,286,0
7,8,252,1,286,0
-7,5,254,1,286,0
4,5,257,1,286,0
-6,4,261,1,286,0
3,4,268,1,286,0
-5,3,269,1,286,0
0,-4,269,1,286,0
2,3,276,1,286,0
4,-6,278,1,286,0
1,2,284,1,286,0
6,-2,284,1,286,0
-7,-7,19,1,286,0
6,-3,27,1,286,0
-6,-4,35,1,286,0
7,-6,43,1,286,0
3,-4,93,1,286,0
6,8,95,1,286,0
-3,-5,122,1,286,0
-2,-2,142,1,286,0
0,2,182,1,286,0
1,3,188,1,286,0
2,-1,197,1,286,0
4,-7,229,1,286,0
5,7,245,1,286,0
-2,1,253,1,286,0
4,6,254,1,286,0
-6,5,258,1,286,0
-1,0,261,1,286,0
3,5,261,1,286,0
0,-5,263,1,286,0
-5,4,268,1,286,0
2,4,269,1,286,0
-4,3,276,1,286,0
-3,2,284,1,286,0
-7,-8,12,1,286,0
6,-4,27,1,286,0
-6,-5,34,1,286,0
8,1,74,1,286,0
7,-7,93,1,286,0
7,0,97,1,286,0
2,-2,137,1,286,0
-2,-3,138,1,286,0
0,3,189,1,286,0
2,5,205,1,286,0
3,6,214,1,286,0
5,8,227,1,286,0
5,-1,228,1,286,0
-5,5,232,1,286,0
4,7,246,1,286,0
-2,2,249,1,286,0
0,-6,257,1,286,0
-1,1,259,1,286,0
-3,3,279,1,286,0
3,-5,285,1,286,0
2,6,23,1,286,0
-2,3,18,1,286,0
6,-5,25,1,286,0
-6,-6,27,1,286,0
5,-2,36,1,286,0
-2,-4,61,1,286,0
7,-8,76,1,286,0
-3,-7,85,1,286,0
7,1,85,1,286,0
8,2,102,1,286,0
6,0,112,1,286,0
-1,2,179,1,286,0
-1,-1,186,1,286,0
0,4,195,1,286,0
1,5,199,1,286,0
2,-3,215,1,286,0
3,-6,219,1,286,0
3,7,224,1,286,0
-4,5,225,1,286,0
4,8,236,1,286,0
0,-7,249,1,286,0
7,-9,4,1,286,0
-2,4,11,1,286,0
-6,-7,19,1,286,0
5,-3,34,1,286,0
-5,-4,43,1,286,0
2,-4,86,1,286,0
6,-6,102,1,286,0
7,2,122,1,286,0
6,1,128,1,286,0
-1,-2,194,1,286,0
1,6,206,1,286,0
-3,5,219,1,286,0
2,7,221,1,286,0
3,8,232,1,286,0
8,-2,262,1,286,0
1,-1,275,1,286,0
5,0,284,1,286,0
0,5,196,1,286,0
-3,6,6,1,286,0
0,6,41,1,286,0
8,-3,64,1,286,0
4,0,74,1,286,0
6,2,125,1,286,0
5,1,134,1,286,0
-8,1,193,1,286,0
4,-1,209,1,286,0
-1,-3,209,1,286,0
1,7,211,1,286,0
2,-5,212,1,286,0
-2,5,213,1,286,0
2,8,218,1,286,0
6,-7,261,1,286,0
1,-2,285,1,286,0
-9,-8,2,1,286,0
9,6,3,1,286,0
-3,7,23,1,286,0
-2,6,31,1,286,0
4,-2,43,1,286,0
0,7,48,1,286,0
1,8,53,1,286,0
8,-4,57,1,286,0
3,0,61,1,286,0
-2,-7,79,1,286,0
7,4,99,1,286,0
7,-1,106,1,286,0
6,3,106,1,286,0
-5,-6,111,1,286,0
5,-5,111,1,286,0
5,2,113,1,286,0
4,1,141,1,286,0
1,-3,208,1,286,0
-7,1,199,1,286,0
-1,5,206,1,286,0
-1,-4,215,1,286,0
0,8,6,1,287,0
-3,8,16,1,287,0
8,-5,29,1,287,0
-1,6,38,1,287,0
-4,-4,49,1,287,0
-5,-7,106,1,287,0
4,-3,108,1,287,0
5,3,117,1,287,0
4,2,124,1,287,0
3,1,147,1,287,0
2,0,154,1,287,0
1,-4,202,1,287,0
-6,1,206,1,287,0
-1,-5,222,1,287,0
8,6,264,1,287,0
7,-2,269,1,287,0
5,-6,273,1,287,0
7,5,273,1,287,0
6,4,281,1,287,0
0,-1,286,1,287,0
-8,-7,6,1,287,0
8,-6,27,1,287,0
7,-3,61,1,287,0
4,-4,119,1,287,0
-4,-5,121,1,287,0
4,3,134,1,287,0
3,2,279,1,287,0
2,1,287,1,287,0
1,0,188,1,287,0
1,-5,203,1,287,0
3,-1,203,1,287,0
-5,1,212,1,287,0
-1,-6,228,1,287,0
8,7,249,1,287,0
5,-7,269,1,287,0
7,6,269,1,287,0
6,5,279,1,287,0
0,-2,282,1,287,0
5,4,286,1,287,0
-8,-8,9,1,287,0
7,-4,52,1,287,0
8,-7,84,1,287,0
6,6,109,1,287,0
-4,-6,114,1,287,0
3,-2,116,1,287,0
5,5,119,1,287,0
-3,-3,131,1,287,0
-4,1,224,1,287,0
5,-8,235,1,287,0
-1,-7,243,1,287,0
-8,5,247,1,287,0
8,8,255,1,287,0
7,7,262,1,287,0
0,0,269,1,287,0
0,-3,275,1,287,0
2,2,282,1,287,0
4,-5,284,1,287,0
6,-1,285,1,287,0
1,1,286,1,287,0
3,3,138,1,287,0
4,4,128,1,287,0
7,-5,48,1,287,0
1,-7,59,1,287,0
-4,-7,92,1,287,0
5,6,117,1,287,0
3,-3,217,1,287,0
-3,-4,129,1,287,0
-2,0,156,1,287,0
0,1,263,1,287,0
-3,1,223,1,287,0
-4,2,232,1,287,0
-1,-8,237,1,287,0
6,7,239,1,287,0
7,8,252,1,287,0
-7,5,254,1,287,0
4,5,257,1,287,0
-6,4,261,1,287,0
3,4,268,1,287,0
-5,3,269,1,287,0
0,-4,269,1,287,0
2,3,276,1,287,0
4,-6,278,1,287,0
1,2,284,1,287,0
6,-2,284,1,287,0
-7,-7,19,1,287,0
6,-3,27,1,287,0
-6,-4,35,1,287,0
7,-6,43,1,287,0
3,-4,93,1,287,0
6,8,95,1,287,0
-3,-5,122,1,287,0
-2,-2,142,1,287,0
0,2,182,1,287,0
1,3,188,1,287,0
2,-1,197,1,287,0
4,-7,229,1,287,0
5,7,245,1,287,0
-2,1,253,1,287,0
4,6,254,1,287,0
-6,5,258,1,287,0
-1,0,261,1,287,0
3,5,261,1,287,0
0,-5,263,1,287,0
-5,4,268,1,287,0
2,4,269,1,287,0
-4,3,276,1,287,0
-3,2,284,1,287,0
-7,-8,12,1,287,0
6,-4,27,1,287,0
-6,-5,34,1,287,0
8,1,74,1,287,0
7,-7,93,1,287,0
7,0,97,1,287,0
-2,-3,138,1,287,0
0,3,189,1,287,0
2,5,205,1,287,0
3,6,214,1,287,0
5,8,227,1,287,0
5,-1,228,1,287,0
-5,5,232,1,287,0
4,7,246,1,287,0
0,-6,257,1,287,0
-1,1,259,1,287,0
-3,3,279,1,287,0
-2,2,285,1,287,0
3,-5,286,1,287,0
2,-2,286,1,287,0
2,6,23,1,287,0
-2,3,18,1,287,0
6,-5,25,1,287,0
-6,-6,27,1,287,0
5,-2,36,1,287,0
-2,-4,61,1,287,0
7,-8,76,1,287,0
-3,-7,85,1,287,0
7,1,85,1,287,0
8,2,102,1,287,0
6,0,112,1,287,0
-1,2,179,1,287,0
-1,-1,186,1,287,0
0,4,195,1,287,0
1,5,199,1,287,0
2,-3,215,1,287,0
3,-6,219,1,287,0
3,7,224,1,287,0
-4,5,225,1,287,0
4,8,236,1,287,0
0,-7,249,1,287,0
7,-9,4,1,287,0
-2,4,11,1,287,0
-6,-7,19,1,287,0
5,-3,34,1,287,0
-5,-4,43,1,287,0
2,-4,86,1,287,0
6,-6,102,1,287,0
7,2,122,1,287,0
6,1,128,1,287,0
-1,-2,194,1,287,0
1,6,206,1,287,0
-3,5,219,1,287,0
2,7,221,1,287,0
3,8,232,1,287,0
8,-2,262,1,287,0
1,-1,275,1,287,0
5,0,284,1,287,0
0,5,196,1,287,0
-3,6,6,1,287,0
0,6,41,1,287,0
8,-3,64,1,287,0
4,0,74,1,287,0
6,2,125,1,287,0
5,1,134,1,287,0
-8,1,193,1,287,0
4,-1,209,1,287,0
-1,-3,209,1,287,0
1,7,211,1,287,0
2,-5,212,1,287,0
-2,5,213,1,287,0
2,8,218,1,287,0
6,-7,261,1,287,0
1,-2,285,1,287,0
-9,-8,2,1,287,0
9,6,3,1,287,0
-3,7,23,1,287,0
-2,6,31,1,287,0
4,-2,43,1,287,0
0,7,48,1,287,0
1,8,53,1,287,0
8,-4,57,1,287,0
3,0,61,1,287,0
-2,-7,79,1,287,0
7,4,99,1,287,0
7,-1,106,1,287,0
6,3,106,1,287,0
-5,-6,111,1,287,0
5,-5,111,1,287,0
5,2,113,1,287,0
4,1,141,1,287,0
1,-3,208,1,287,0
-7,1,199,1,287,0
-1,5,206,1,287,0
-1,-4,215,1,287,0
0,8,6,1,288,0
-3,8,16,1,288,0
8,-5,29,1,288,0
-1,6,38,1,288,0
-4,-4,49,1,288,0
-5,-7,106,1,288,0
4,-3,108,1,288,0
5,3,117,1,288,0
4,2,124,1,288,0
3,1,147,1,288,0
2,0,154,1,288,0
1,-4,202,1,288,0
-6,1,206,1,288,0
-1,-5,222,1,288,0
8,6,264,1,288,0
7,-2,269,1,288,0
5,-6,273,1,288,0
7,5,273,1,288,0
6,4,281,1,288,0
0,-1,287,1,288,0
-8,-7,6,1,288,0
8,-6,27,1,288,0
7,-3,61,1,288,0
4,-4,119,1,288,0
-4,-5,121,1,288,0
4,3,134,1,288,0
3,2,279,1,288,0
2,1,287,1,288,0
1,0,188,1,288,0
1,-5,203,1,288,0
3,-1,203,1,288,0
-5,1,212,1,288,0
-1,-6,228,1,288,0
8,7,249,1,288,0
5,-7,269,1,288,0
7,6,269,1,288,0
6,5,279,1,288,0
0,-2,282,1,288,0
5,4,287,1,288,0
-8,-8,9,1,288,0
7,-4,52,1,288,0
8,-7,84,1,288,0
6,6,109,1,288,0
-4,-6,114,1,288,0
3,-2,116,1,288,0
5,5,119,1,288,0
-3,-3,131,1,288,0
-4,1,224,1,288,0
5,-8,235,1,288,0
-1,-7,243,1,288,0
-8,5,247,1,288,0
8,8,255,1,288,0
7,7,262,1,288,0
0,0,269,1,288,0
0,-3,275,1,288,0
2,2,282,1,288,0
4,-5,284,1,288,0
6,-1,286,1,288,0
1,1,288,1,288,0
4,4,128,1,288,0
3,3,138,1,288,0
7,-5,48,1,288,0
1,-7,59,1,288,0
-4,-7,92,1,288,0
5,6,117,1,288,0
3,-3,217,1,288,0
-3,-4,129,1,288,0
-2,0,156,1,288,0
0,1,263,1,288,0
-3,1,223,1,288,0
-4,2,232,1,288,0
-1,-8,237,1,288,0
6,7,239,1,288,0
7,8,252,1,288,0
-7,5,254,1,288,0
4,5,257,1,288,0
-6,4,261,1,288,0
3,4,268,1,288,0
-5,3,269,1,288,0
0,-4,269,1,288,0
2,3,276,1,288,0
4,-6,278,1,288,0
1,2,284,1,288,0
6,-2,284,1,288,0
-7,-7,19,1,288,0
6,-3,27,1,288,0
-6,-4,35,1,288,0
7,-6,43,1,288,0
6,8,95,1,288,0
-3,-5,122,1,288,0
-2,-2,142,1,288,0
0,2,182,1,288,0
1,3,188,1,288,0
2,-1,197,1,288,0
4,-7,229,1,288,0
5,7,245,1,288,0
-2,1,253,1,288,0
4,6,254,1,288,0
-6,5,258,1,288,0
-1,0,261,1,288,0
3,5,261,1,288,0
0,-5,263,1,288,0
-5,4,268,1,288,0
2,4,269,1,288,0
-4,3,276,1,288,0
-3,2,284,1,288,0
3,-4,287,1,288,0
-7,-8,12,1,288,0
6,-4,27,1,288,0
-6,-5,34,1,288,0
8,1,74,1,288,0
7,-7,93,1,288,0
7,0,97,1,288,0
-2,-3,138,1,288,0
0,3,189,1,288,0
2,5,205,1,288,0
3,6,214,1,288,0
5,8,227,1,288,0
5,-1,228,1,288,0
-5,5,232,1,288,0
4,7,246,1,288,0
0,-6,257,1,288,0
-1,1,259,1,288,0
-3,3,279,1,288,0
3,-5,286,1,288,0
2,-2,287,1,288,0
-2,2,287,1,288,0
2,6,23,1,288,0
-2,3,18,1,288,0
6,-5,25,1,288,0
-6,-6,27,1,288,0
5,-2,36,1,288,0
-2,-4,61,1,288,0
7,-8,76,1,288,0
-3,-7,85,1,288,0
7,1,85,1,288,0
8,2,102,1,288,0
6,0,112,1,288,0
-1,2,179,1,288,0
-1,-1,186,1,288,0
0,4,195,1,288,0
1,5,199,1,288,0
2,-3,215,1,288,0
3,-6,219,1,288,0
3,7,224,1,288,0
-4,5,225,1,288,0
4,8,236,1,288,0
0,-7,249,1,288,0
7,-9,4,1,288,0
-2,4,11,1,288,0
-6,-7,19,1,288,0
5,-3,34,1,288,0
-5,-4,43,1,288,0
2,-4,86,1,288,0
6,-6,102,1,288,0
7,2,122,1,288,0
6,1,128,1,288,0
-1,-2,194,1,288,0
1,6,206,1,288,0
-3,5,219,1,288,0
2,7,221,1,288,0
3,8,232,1,288,0
8,-2,262,1,288,0
1,-1,275,1,288,0
5,0,285,1,288,0
0,5,196,1,288,0
-3,6,6,1,288,0
0,6,41,1,288,0
8,-3,64,1,288,0
4,0,74,1,288,0
6,2,125,1,288,0
5,1,134,1,288,0
-8,1,193,1,288,0
4,-1,209,1,288,0
-1,-3,209,1,288,0
1,7,211,1,288,0
2,-5,212,1,288,0
-2,5,213,1,288,0
2,8,218,1,288,0
6,-7,261,1,288,0
1,-2,285,1,288,0
-9,-8,2,1,288,0
9,6,3,1,288,0
-3,7,23,1,288,0
-2,6,31,1,288,0
4,-2,43,1,288,0
0,7,48,1,288,0
1,8,53,1,288,0
8,-4,57,1,288,0
3,0,61,1,288,0
-2,-7,79,1,288,0
7,4,99,1,288,0
7,-1,106,1,288,0
6,3,106,1,288,0
-5,-6,111,1,288,0
5,-5,111,1,288,0
5,2,113,1,288,0
4,1,141,1,288,0
1,-3,208,1,288,0
-7,1,199,1,288,0
-1,5,206,1,288,0
-1,-4,215,1,288,0
0,8,6,1,289,0
-3,8,16,1,289,0
8,-5,29,1,289,0
-1,6,38,1,289,0
-4,-4,49,1,289,0
-5,-7,106,1,289,0
4,-3,108,1,289,0
5,3,117,1,289,0
4,2,124,1,289,0
3,1,147,1,289,0
2,0,154,1,289,0
1,-4,202,1,289,0
-6,1,206,1,289,0
-1,-5,222,1,289,0
8,6,264,1,289,0
7,-2,269,1,289,0
5,-6,273,1,289,0
7,5,273,1,289,0
6,4,281,1,289,0
0,-1,288,1,289,0
-8,-7,6,1,289,0
8,-6,27,1,289,0
7,-3,61,1,289,0
4,-4,119,1,289,0
-4,-5,121,1,289,0
4,3,134,1,289,0
3,2,279,1,289,0
2,1,287,1,289,0
1,0,188,1,289,0
1,-5,203,1,289,0
3,-1,203,1,289,0
-5,1,212,1,289,0
-1,-6,228,1,289,0
8,7,249,1,289,0
5,-7,269,1,289,0
7,6,269,1,289,0
6,5,279,1,289,0
0,-2,282,1,289,0
5,4,288,1,289,0
-8,-8,9,1,289,0
7,-4,52,1,289,0
8,-7,84,1,289,0
6,6,109,1,289,0
-4,-6,114,1,289,0
3,-2,116,1,289,0
5,5,119,1,289,0
-3,-3,131,1,289,0
-4,1,224,1,289,0
5,-8,235,1,289,0
-1,-7,243,1,289,0
-8,5,247,1,289,0
8,8,255,1,289,0
7,7,262,1,289,0
0,0,269,1,289,0
0,-3,275,1,289,0
2,2,282,1,289,0
4,-5,284,1,289,0
6,-1,287,1,289,0
1,1,289,1,289,0
4,4,128,1,289,0
3,3,138,1,289,0
7,-5,48,1,289,0
1,-7,59,1,289,0
-4,-7,92,1,289,0
5,6,117,1,289,0
3,-3,217,1,289,0
-3,-4,129,1,289,0
-2,0,156,1,289,0
0,1,263,1,289,0
-3,1,223,1,289,0
-4,2,232,1,289,0
-1,-8,237,1,289,0
6,7,239,1,289,0
7,8,252,1,289,0
-7,5,254,1,289,0
4,5,257,1,289,0
-6,4,261,1,289,0
3,4,268,1,289,0
-5,3,269,1,289,0
0,-4,269,1,289,0
2,3,276,1,289,0
4,-6,278,1,289,0
1,2,284,1,289,0
6,-2,284,1,289,0
-7,-7,19,1,289,0
6,-3,27,1,289,0
-6,-4,35,1,289,0
7,-6,43,1,289,0
6,8,95,1,289,0
-3,-5,122,1,289,0
-2,-2,142,1,289,0
0,2,182,1,289,0
1,3,188,1,289,0
2,-1,197,1,289,0
4,-7,229,1,289,0
5,7,245,1,289,0
-2,1,253,1,289,0
4,6,254,1,289,0
-6,5,258,1,289,0
-1,0,261,1,289,0
3,5,261,1,289,0
0,-5,263,1,289,0
-5,4,268,1,289,0
2,4,269,1,289,0
-4,3,276,1,289,0
-3,2,284,1,289,0
3,-4,288,1,289,0
-7,-8,12,1,289,0
6,-4,27,1,289,0
-6,-5,34,1,289,0
8,1,74,1,289,0
7,-7,93,1,289,0
7,0,97,1,289,0
-2,-3,138,1,289,0
0,3,189,1,289,0
2,5,205,1,289,0
3,6,214,1,289,0
5,8,227,1,289,0
5,-1,228,1,289,0
-5,5,232,1,289,0
4,7,246,1,289,0
0,-6,257,1,289,0
-1,1,259,1,289,0
-3,3,279,1,289,0
3,-5,286,1,289,0
2,-2,288,1,289,0
-2,2,288,1,289,0
2,6,23,1,289,0
-2,3,18,1,289,0
6,-5,25,1,289,0
-6,-6,27,1,289,0
5,-2,36,1,289,0
-2,-4,61,1,289,0
7,-8,76,1,289,0
-3,-7,85,1,289,0
7,1,85,1,289,0
8,2,102,1,289,0
6,0,112,1,289,0
-1,2,179,1,289,0
-1,-1,186,1,289,0
0,4,195,1,289,0
1,5,199,1,289,0
2,-3,215,1,289,0
3,-6,219,1,289,0
3,7,224,1,289,0
-4,5,225,1,289,0
4,8,236,1,289,0
0,-7,249,1,289,0
7,-9,4,1,289,0
-2,4,11,1,289,0
-6,-7,19,1,289,0
5,-3,34,1,289,0
-5,-4,43,1,289,0
2,-4,86,1,289,0
6,-6,102,1,289,0
7,2,122,1,289,0
6,1,128,1,289,0
-1,-2,194,1,289,0
1,6,206,1,289,0
-3,5,219,1,289,0
2,7,221,1,289,0
3,8,232,1,289,0
8,-2,262,1,289,0
1,-1,275,1,289,0
5,0,286,1,289,0
0,5,196,1,289,0
-3,6,6,1,289,0
0,6,41,1,289,0
8,-3,64,1,289,0
4,0,74,1,289,0
6,2,125,1,289,0
5,1,134,1,289,0
-8,1,193,1,289,0
4,-1,209,1,289,0
-1,-3,209,1,289,0
1,7,211,1,289,0
2,-5,212,1,289,0
-2,5,213,1,289,0
2,8,218,1,289,0
6,-7,261,1,289,0
1,-2,285,1,289,0
-9,-8,2,1,289,0
9,6,3,1,289,0
-3,7,23,1,289,0
-2,6,31,1,289,0
4,-2,43,1,289,0
0,7,48,1,289,0
1,8,53,1,289,0
8,-4,57,1,289,0
3,0,61,1,289,0
-2,-7,79,1,289,0
7,4,99,1,289,0
7,-1,106,1,289,0
6,3,106,1,289,0
-5,-6,111,1,289,0
5,-5,111,1,289,0
5,2,113,1,289,0
4,1,141,1,289,0
1,-3,208,1,289,0
-7,1,199,1,289,0
-1,5,206,1,289,0
-1,-4,215,1,289,0
0,8,6,1,290,0
-3,8,16,1,290,0
8,-5,29,1,290,0
-1,6,38,1,290,0
-4,-4,49,1,290,0
-5,-7,106,1,290,0
4,-3,108,1,290,0
5,3,117,1,290,0
4,2,124,1,290,0
3,1,147,1,290,0
2,0,154,1,290,0
1,-4,202,1,290,0
-6,1,206,1,290,0
-1,-5,222,1,290,0
8,6,264,1,290,0
7,-2,269,1,290,0
5,-6,273,1,290,0
7,5,273,1,290,0
6,4,281,1,290,0
0,-1,288,1,290,0
-8,-7,6,1,290,0
8,-6,27,1,290,0
7,-3,61,1,290,0
4,-4,119,1,290,0
-4,-5,121,1,290,0
4,3,134,1,290,0
3,2,279,1,290,0
2,1,287,1,290,0
1,0,188,1,290,0
1,-5,203,1,290,0
3,-1,203,1,290,0
-5,1,212,1,290,0
-1,-6,228,1,290,0
8,7,249,1,290,0
5,-7,269,1,290,0
7,6,269,1,290,0
6,5,279,1,290,0
0,-2,282,1,290,0
5,4,289,1,290,0
-8,-8,9,1,290,0
7,-4,52,1,290,0
8,-7,84,1,290,0
6,6,109,1,290,0
-4,-6,114,1,290,0
3,-2,116,1,290,0
5,5,119,1,290,0
-3,-3,131,1,290,0
-4,1,224,1,290,0
5,-8,235,1,290,0
-1,-7,243,1,290,0
-8,5,247,1,290,0
8,8,255,1,290,0
7,7,262,1,290,0
0,-3,275,1,290,0
2,2,282,1,290,0
4,-5,284,1,290,0
6,-1,287,1,290,0
1,1,289,1,290,0
4,4,128,1,290,0
0,0,289,1,290,0
3,3,138,1,290,0
7,-5,48,1,290,0
1,-7,59,1,290,0
-4,-7,92,1,290,0
5,6,117,1,290,0
3,-3,217,1,290,0
-3,-4,129,1,290,0
-2,0,156,1,290,0
0,1,263,1,290,0
-3,1,223,1,290,0
-4,2,232,1,290,0
-1,-8,237,1,290,0
6,7,239,1,290,0
7,8,252,1,290,0
-7,5,254,1,290,0
4,5,257,1,290,0
-6,4,261,1,290,0
3,4,268,1,290,0
-5,3,269,1,290,0
0,-4,269,1,290,0
2,3,276,1,290,0
4,-6,278,1,290,0
1,2,284,1,290,0
6,-2,288,1,290,0
-7,-7,19,1,290,0
6,-3,27,1,290,0
-6,-4,35,1,290,0
7,-6,43,1,290,0
6,8,95,1,290,0
-3,-5,122,1,290,0
-2,-2,142,1,290,0
0,2,182,1,290,0
1,3,188,1,290,0
2,-1,197,1,290,0
4,-7,229,1,290,0
5,7,245,1,290,0
-2,1,253,1,290,0
4,6,254,1,290,0
-6,5,258,1,290,0
-1,0,261,1,290,0
3,5,261,1,290,0
0,-5,263,1,290,0
-5,4,268,1,290,0
2,4,269,1,290,0
-4,3,276,1,290,0
-3,2,284,1,290,0
3,-4,289,1,290,0
-7,-8,12,1,290,0
6,-4,27,1,290,0
-6,-5,34,1,290,0
8,1,74,1,290,0
7,-7,93,1,290,0
7,0,97,1,290,0
-2,-3,138,1,290,0
0,3,189,1,290,0
2,5,205,1,290,0
3,6,214,1,290,0
5,8,227,1,290,0
5,-1,228,1,290,0
-5,5,232,1,290,0
4,7,246,1,290,0
0,-6,257,1,290,0
-1,1,259,1,290,0
-3,3,279,1,290,0
3,-5,286,1,290,0
2,-2,289,1,290,0
-2,2,289,1,290,0
2,6,23,1,290,0
-2,3,18,1,290,0
6,-5,25,1,290,0
-6,-6,27,1,290,0
5,-2,36,1,290,0
-2,-4,61,1,290,0
7,-8,76,1,290,0
-3,-7,85,1,290,0
7,1,85,1,290,0
8,2,102,1,290,0
6,0,112,1,290,0
-1,2,179,1,290,0
-1,-1,186,1,290,0
0,4,195,1,290,0
1,5,199,1,290,0
2,-3,215,1,290,0
3,-6,219,1,290,0
3,7,224,1,290,0
-4,5,225,1,290,0
4,8,236,1,290,0
0,-7,249,1,290,0
7,-9,4,1,290,0
-2,4,11,1,290,0
-6,-7,19,1,290,0
5,-3,34,1,290,0
-5,-4,43,1,290,0
2,-4,86,1,290,0
6,-6,102,1,290,0
7,2,122,1,290,0
6,1,128,1,290,0
-1,-2,194,1,290,0
1,6,206,1,290,0
-3,5,219,1,290,0
2,7,221,1,290,0
3,8,232,1,290,0
8,-2,262,1,290,0
1,-1,275,1,290,0
5,0,287,1,290,0
0,5,196,1,290,0
-3,6,6,1,290,0
0,6,41,1,290,0
8,-3,64,1,290,0
4,0,74,1,290,0
6,2,125,1,290,0
5,1,134,1,290,0
-8,1,193,1,290,0
4,-1,209,1,290,0
-1,-3,209,1,290,0
1,7,211,1,290,0
2,-5,212,1,290,0
-2,5,213,1,290,0
2,8,218,1,290,0
6,-7,261,1,290,0
1,-2,285,1,290,0
-9,-8,2,1,290,0
9,6,3,1,290,0
-3,7,23,1,290,0
-2,6,31,1,290,0
4,-2,43,1,290,0
0,7,48,1,290,0
1,8,53,1,290,0
8,-4,57,1,290,0
3,0,61,1,290,0
-2,-7,79,1,290,0
7,4,99,1,290,0
7,-1,106,1,290,0
6,3,106,1,290,0
-5,-6,111,1,290,0
5,-5,111,1,290,0
5,2,113,1,290,0
4,1,141,1,290,0
1,-3,208,1,290,0
-7,1,199,1,290,0
-1,5,206,1,290,0
-1,-4,215,1,290,0
0,8,6,1,291,0
-3,8,16,1,291,0
8,-5,29,1,291,0
-1,6,38,1,291,0
-4,-4,49,1,291,0
-5,-7,106,1,291,0
4,-3,108,1,291,0
5,3,117,1,291,0
4,2,124,1,291,0
3,1,147,1,291,0
2,0,154,1,291,0
1,-4,202,1,291,0
-6,1,206,1,291,0
-1,-5,222,1,291,0
8,6,264,1,291,0
7,-2,269,1,291,0
5,-6,273,1,291,0
7,5,273,1,291,0
6,4,281,1,291,0
0,-1,288,1,291,0
-8,-7,6,1,291,0
8,-6,27,1,291,0
7,-3,61,1,291,0
4,-4,119,1,291,0
-4,-5,121,1,291,0
4,3,134,1,291,0
3,2,279,1,291,0
2,1,287,1,291,0
1,0,188,1,291,0
1,-5,203,1,291,0
3,-1,203,1,291,0
-5,1,212,1,291,0
-1,-6,228,1,291,0
8,7,249,1,291,0
5,-7,269,1,291,0
7,6,269,1,291,0
6,5,279,1,291,0
0,-2,282,1,291,0
5,4,289,1,291,0
-8,-8,9,1,291,0
7,-4,52,1,291,0
8,-7,84,1,291,0
6,6,109,1,291,0
-4,-6,114,1,291,0
3,-2,116,1,291,0
5,5,119,1,291,0
-3,-3,131,1,291,0
-4,1,224,1,291,0
5,-8,235,1,291,0
-1,-7,243,1,291,0
-8,5,247,1,291,0
8,8,255,1,291,0
7,7,262,1,291,0
0,-3,275,1,291,0
2,2,282,1,291,0
4,-5,284,1,291,0
6,-1,287,1,291,0
0,0,289,1,291,0
4,4,128,1,291,0
3,3,138,1,291,0
1,1,291,1,291,0
7,-5,48,1,291,0
1,-7,59,1,291,0
-4,-7,92,1,291,0
5,6,117,1,291,0
3,-3,217,1,291,0
-3,-4,129,1,291,0
-2,0,156,1,291,0
0,1,263,1,291,0
-3,1,223,1,291,0
-4,2,232,1,291,0
-1,-8,237,1,291,0
6,7,239,1,291,0
7,8,252,1,291,0
-7,5,254,1,291,0
4,5,257,1,291,0
-6,4,261,1,291,0
3,4,268,1,291,0
-5,3,269,1,291,0
0,-4,269,1,291,0
2,3,276,1,291,0
4,-6,278,1,291,0
1,2,284,1,291,0
6,-2,289,1,291,0
-7,-7,19,1,291,0
6,-3,27,1,291,0
-6,-4,35,1,291,0
7,-6,43,1,291,0
6,8,95,1,291,0
-3,-5,122,1,291,0
-2,-2,142,1,291,0
0,2,182,1,291,0
1,3,188,1,291,0
2,-1,197,1,291,0
4,-7,229,1,291,0
5,7,245,1,291,0
-2,1,253,1,291,0
4,6,254,1,291,0
-6,5,258,1,291,0
-1,0,261,1,291,0
3,5,261,1,291,0
0,-5,263,1,291,0
-5,4,268,1,291,0
2,4,269,1,291,0
-4,3,276,1,291,0
-3,2,284,1,291,0
3,-4,289,1,291,0
-7,-8,12,1,291,0
6,-4,27,1,291,0
-6,-5,34,1,291,0
8,1,74,1,291,0
7,-7,93,1,291,0
7,0,97,1,291,0
-2,-3,138,1,291,0
0,3,189,1,291,0
2,5,205,1,291,0
3,6,214,1,291,0
5,8,227,1,291,0
5,-1,228,1,291,0
-5,5,232,1,291,0
4,7,246,1,291,0
0,-6,257,1,291,0
-1,1,259,1,291,0
-3,3,279,1,291,0
3,-5,286,1,291,0
2,-2,289,1,291,0
-2,2,289,1,291,0
2,6,23,1,291,0
-2,3,18,1,291,0
6,-5,25,1,291,0
-6,-6,27,1,291,0
5,-2,36,1,291,0
-2,-4,61,1,291,0
7,-8,76,1,291,0
-3,-7,85,1,291,0
7,1,85,1,291,0
8,2,102,1,291,0
6,0,112,1,291,0
-1,2,179,1,291,0
-1,-1,186,1,291,0
0,4,195,1,291,0
1,5,199,1,291,0
2,-3,215,1,291,0
3,-6,219,1,291,0
3,7,224,1,291,0
-4,5,225,1,291,0
4,8,236,1,291,0
0,-7,249,1,291,0
7,-9,4,1,291,0
-2,4,11,1,291,0
-6,-7,19,1,291,0
5,-3,34,1,291,0
-5,-4,43,1,291,0
2,-4,86,1,291,0
6,-6,102,1,291,0
7,2,122,1,291,0
6,1,128,1,291,0
-1,-2,194,1,291,0
1,6,206,1,291,0
-3,5,219,1,291,0
2,7,221,1,291,0
3,8,232,1,291,0
8,-2,262,1,291,0
1,-1,275,1,291,0
5,0,288,1,291,0
0,5,196,1,291,0
-3,6,6,1,291,0
0,6,41,1,291,0
8,-3,64,1,291,0
4,0,74,1,291,0
6,2,125,1,291,0
5,1,134,1,291,0
-8,1,193,1,291,0
4,-1,209,1,291,0
-1,-3,209,1,291,0
1,7,211,1,291,0
2,-5,212,1,291,0
-2,5,213,1,291,0
2,8,218,1,291,0
6,-7,261,1,291,0
1,-2,285,1,291,0
-9,-8,2,1,291,0
9,6,3,1,291,0
-3,7,23,1,291,0
-2,6,31,1,291,0
4,-2,43,1,291,0
0,7,48,1,291,0
1,8,53,1,291,0
8,-4,57,1,291,0
3,0,61,1,291,0
-2,-7,79,1,291,0
7,4,99,1,291,0
7,-1,106,1,291,0
6,3,106,1,291,0
-5,-6,111,1,291,0
5,-5,111,1,291,0
5,2,113,1,291,0
4,1,141,1,291,0
1,-3,208,1,291,0
-7,1,199,1,291,0
-1,5,206,1,291,0
-1,-4,215,1,291,0
0,8,6,1,292,0
-3,8,16,1,292,0
8,-5,29,1,292,0
-1,6,38,1,292,0
-4,-4,49,1,292,0
-5,-7,106,1,292,0
4,-3,108,1,292,0
5,3,117,1,292,0
4,2,124,1,292,0
3,1,147,1,292,0
2,0,154,1,292,0
1,-4,202,1,292,0
-6,1,206,1,292,0
-1,-5,222,1,292,0
8,6,264,1,292,0
7,-2,269,1,292,0
5,-6,273,1,292,0
7,5,273,1,292,0
6,4,281,1,292,0
0,-1,288,1,292,0
-8,-7,6,1,292,0
8,-6,27,1,292,0
7,-3,61,1,292,0
4,-4,119,1,292,0
-4,-5,121,1,292,0
3,2,279,1,292,0
2,1,287,1,292,0
1,0,188,1,292,0
1,-5,203,1,292,0
3,-1,203,1,292,0
-5,1,212,1,292,0
-1,-6,228,1,292,0
8,7,249,1,292,0
5,-7,269,1,292,0
7,6,269,1,292,0
6,5,279,1,292,0
0,-2,282,1,292,0
5,4,289,1,292,0
4,3,291,1,292,0
-8,-8,9,1,292,0
7,-4,52,1,292,0
8,-7,84,1,292,0
6,6,109,1,292,0
-4,-6,114,1,292,0
3,-2,116,1,292,0
5,5,119,1,292,0
-3,-3,131,1,292,0
-4,1,224,1,292,0
5,-8,235,1,292,0
-1,-7,243,1,292,0
-8,5,247,1,292,0
8,8,255,1,292,0
7,7,262,1,292,0
0,-3,275,1,292,0
2,2,282,1,292,0
4,-5,284,1,292,0
6,-1,287,1,292,0
1,1,292,1,292,0
3,3,138,1,292,0
4,4,128,1,292,0
0,0,291,1,292,0
7,-5,48,1,292,0
1,-7,59,1,292,0
-4,-7,92,1,292,0
5,6,117,1,292,0
3,-3,217,1,292,0
-3,-4,129,1,292,0
-2,0,156,1,292,0
-3,1,223,1,292,0
-4,2,232,1,292,0
-1,-8,237,1,292,0
6,7,239,1,292,0
7,8,252,1,292,0
-7,5,254,1,292,0
4,5,257,1,292,0
-6,4,261,1,292,0
3,4,268,1,292,0
-5,3,269,1,292,0
0,-4,269,1,292,0
2,3,276,1,292,0
4,-6,278,1,292,0
1,2,284,1,292,0
6,-2,289,1,292,0
0,1,291,1,292,0
-7,-7,19,1,292,0
6,-3,27,1,292,0
-6,-4,35,1,292,0
7,-6,43,1,292,0
6,8,95,1,292,0
-3,-5,122,1,292,0
-2,-2,142,1,292,0
0,2,182,1,292,0
1,3,188,1,292,0
2,-1,197,1,292,0
4,-7,229,1,292,0
5,7,245,1,292,0
4,6,254,1,292,0
-6,5,258,1,292,0
-1,0,261,1,292,0
3,5,261,1,292,0
0,-5,263,1,292,0
-5,4,268,1,292,0
2,4,269,1,292,0
-4,3,276,1,292,0
-3,2,284,1,292,0
3,-4,291,1,292,0
-2,1,291,1,292,0
-7,-8,12,1,292,0
6,-4,27,1,292,0
-6,-5,34,1,292,0
8,1,74,1,292,0
7,-7,93,1,292,0
7,0,97,1,292,0
-2,-3,138,1,292,0
0,3,189,1,292,0
2,5,205,1,292,0
3,6,214,1,292,0
5,8,227,1,292,0
5,-1,228,1,292,0
-5,5,232,1,292,0
4,7,246,1,292,0
0,-6,257,1,292,0
-1,1,259,1,292,0
-3,3,279,1,292,0
3,-5,286,1,292,0
-2,2,289,1,292,0
2,-2,291,1,292,0
2,6,23,1,292,0
-2,3,18,1,292,0
6,-5,25,1,292,0
-6,-6,27,1,292,0
5,-2,36,1,292,0
-2,-4,61,1,292,0
7,-8,76,1,292,0
-3,-7,85,1,292,0
7,1,85,1,292,0
8,2,102,1,292,0
6,0,112,1,292,0
-1,2,179,1,292,0
-1,-1,186,1,292,0
0,4,195,1,292,0
1,5,199,1,292,0
2,-3,215,1,292,0
3,-6,219,1,292,0
3,7,224,1,292,0
-4,5,225,1,292,0
4,8,236,1,292,0
0,-7,249,1,292,0
7,-9,4,1,292,0
-2,4,11,1,292,0
-6,-7,19,1,292,0
5,-3,34,1,292,0
-5,-4,43,1,292,0
2,-4,86,1,292,0
6,-6,102,1,292,0
7,2,122,1,292,0
6,1,128,1,292,0
-1,-2,194,1,292,0
1,6,206,1,292,0
-3,5,219,1,292,0
2,7,221,1,292,0
3,8,232,1,292,0
8,-2,262,1,292,0
1,-1,275,1,292,0
5,0,289,1,292,0
0,5,196,1,292,0
-3,6,6,1,292,0
0,6,41,1,292,0
8,-3,64,1,292,0
4,0,74,1,292,0
6,2,125,1,292,0
5,1,134,1,292,0
-8,1,193,1,292,0
4,-1,209,1,292,0
-1,-3,209,1,292,0
1,7,211,1,292,0
2,-5,212,1,292,0
-2,5,213,1,292,0
2,8,218,1,292,0
6,-7,261,1,292,0
1,-2,285,1,292,0
-9,-8,2,1,292,0
9,6,3,1,292,0
-3,7,23,1,292,0
-2,6,31,1,292,0
4,-2,43,1,292,0
0,7,48,1,292,0
1,8,53,1,292,0
8,-4,57,1,292,0
3,0,61,1,292,0
-2,-7,79,1,292,0
7,4,99,1,292,0
7,-1,106,1,292,0
6,3,106,1,292,0
-5,-6,111,1,292,0
5,-5,111,1,292,0
5,2,113,1,292,0
4,1,141,1,292,0
1,-3,208,1,292,0
-7,1,199,1,292,0
-1,5,206,1,292,0
-1,-4,215,1,292,0
0,8,6,1,293,0
-3,8,16,1,293,0
8,-5,29,1,293,0
-1,6,38,1,293,0
-4,-4,49,1,293,0
-5,-7,106,1,293,0
4,-3,108,1,293,0
5,3,117,1,293,0
4,2,124,1,293,0
3,1,147,1,293,0
2,0,154,1,293,0
1,-4,202,1,293,0
-6,1,206,1,293,0
-1,-5,222,1,293,0
8,6,264,1,293,0
7,-2,269,1,293,0
5,-6,273,1,293,0
7,5,273,1,293,0
6,4,281,1,293,0
0,-1,288,1,293,0
-8,-7,6,1,293,0
8,-6,27,1,293,0
7,-3,61,1,293,0
4,-4,119,1,293,0
-4,-5,121,1,293,0
3,2,279,1,293,0
2,1,287,1,293,0
1,0,188,1,293,0
1,-5,203,1,293,0
3,-1,203,1,293,0
-5,1,212,1,293,0
-1,-6,228,1,293,0
8,7,249,1,293,0
5,-7,269,1,293,0
7,6,269,1,293,0
6,5,279,1,293,0
0,-2,282,1,293,0
5,4,289,1,293,0
4,3,292,1,293,0
-8,-8,9,1,293,0
7,-4,52,1,293,0
8,-7,84,1,293,0
6,6,109,1,293,0
-4,-6,114,1,293,0
3,-2,116,1,293,0
5,5,119,1,293,0
-3,-3,131,1,293,0
-4,1,224,1,293,0
5,-8,235,1,293,0
-1,-7,243,1,293,0
-8,5,247,1,293,0
8,8,255,1,293,0
7,7,262,1,293,0
0,-3,275,1,293,0
2,2,282,1,293,0
4,-5,284,1,293,0
6,-1,287,1,293,0
1,1,293,1,293,0
3,3,138,1,293,0
0,0,292,1,293,0
4,4,128,1,293,0
7,-5,48,1,293,0
1,-7,59,1,293,0
-4,-7,92,1,293,0
5,6,117,1,293,0
3,-3,217,1,293,0
-3,-4,129,1,293,0
-2,0,156,1,293,0
-3,1,223,1,293,0
-4,2,232,1,293,0
-1,-8,237,1,293,0
6,7,239,1,293,0
7,8,252,1,293,0
-7,5,254,1,293,0
4,5,257,1,293,0
-6,4,261,1,293,0
3,4,268,1,293,0
-5,3,269,1,293,0
0,-4,269,1,293,0
2,3,276,1,293,0
4,-6,278,1,293,0
1,2,284,1,293,0
6,-2,289,1,293,0
0,1,292,1,293,0
-7,-7,19,1,293,0
6,-3,27,1,293,0
-6,-4,35,1,293,0
7,-6,43,1,293,0
6,8,95,1,293,0
-3,-5,122,1,293,0
-2,-2,142,1,293,0
0,2,182,1,293,0
1,3,188,1,293,0
2,-1,197,1,293,0
4,-7,229,1,293,0
5,7,245,1,293,0
4,6,254,1,293,0
-6,5,258,1,293,0
-1,0,261,1,293,0
3,5,261,1,293,0
0,-5,263,1,293,0
-5,4,268,1,293,0
2,4,269,1,293,0
-4,3,276,1,293,0
-3,2,284,1,293,0
3,-4,292,1,293,0
-2,1,292,1,293,0
-7,-8,12,1,293,0
6,-4,27,1,293,0
-6,-5,34,1,293,0
8,1,74,1,293,0
7,-7,93,1,293,0
7,0,97,1,293,0
-2,-3,138,1,293,0
0,3,189,1,293,0
2,5,205,1,293,0
3,6,214,1,293,0
5,8,227,1,293,0
5,-1,228,1,293,0
-5,5,232,1,293,0
4,7,246,1,293,0
0,-6,257,1,293,0
-1,1,259,1,293,0
-3,3,279,1,293,0
3,-5,286,1,293,0
-2,2,289,1,293,0
2,-2,292,1,293,0
2,6,23,1,293,0
-2,3,18,1,293,0
6,-5,25,1,293,0
-6,-6,27,1,293,0
5,-2,36,1,293,0
-2,-4,61,1,293,0
7,-8,76,1,293,0
-3,-7,85,1,293,0
7,1,85,1,293,0
8,2,102,1,293,0
6,0,112,1,293,0
-1,2,179,1,293,0
-1,-1,186,1,293,0
0,4,195,1,293,0
1,5,199,1,293,0
2,-3,215,1,293,0
3,-6,219,1,293,0
3,7,224,1,293,0
-4,5,225,1,293,0
4,8,236,1,293,0
0,-7,249,1,293,0
7,-9,4,1,293,0
-2,4,11,1,293,0
-6,-7,19,1,293,0
5,-3,34,1,293,0
-5,-4,43,1,293,0
2,-4,86,1,293,0
6,-6,102,1,293,0
7,2,122,1,293,0
6,1,128,1,293,0
-1,-2,194,1,293,0
1,6,206,1,293,0
-3,5,219,1,293,0
2,7,221,1,293,0
3,8,232,1,293,0
8,-2,262,1,293,0
1,-1,275,1,293,0
5,0,289,1,293,0
0,5,196,1,293,0
-3,6,6,1,293,0
0,6,41,1,293,0
8,-3,64,1,293,0
4,0,74,1,293,0
6,2,125,1,293,0
5,1,134,1,293,0
-8,1,193,1,293,0
4,-1,209,1,293,0
-1,-3,209,1,293,0
1,7,211,1,293,0
2,-5,212,1,293,0
-2,5,213,1,293,0
2,8,218,1,293,0
6,-7,261,1,293,0
1,-2,285,1,293,0
-9,-8,2,1,293,0
9,6,3,1,293,0
-3,7,23,1,293,0
-2,6,31,1,293,0
4,-2,43,1,293,0
0,7,48,1,293,0
1,8,53,1,293,0
8,-4,57,1,293,0
3,0,61,1,293,0
-2,-7,79,1,293,0
7,4,99,1,293,0
7,-1,106,1,293,0
6,3,106,1,293,0
-5,-6,111,1,293,0
5,-5,111,1,293,0
5,2,113,1,293,0
4,1,141,1,293,0
1,-3,208,1,293,0
-7,1,199,1,293,0
-1,5,206,1,293,0
-1,-4,215,1,293,0
0,8,6,1,294,0
-3,8,16,1,294,0
8,-5,29,1,294,0
-1,6,38,1,294,0
-4,-4,49,1,294,0
-5,-7,106,1,294,0
4,-3,108,1,294,0
5,3,117,1,294,0
4,2,124,1,294,0
3,1,147,1,294,0
2,0,154,1,294,0
1,-4,202,1,294,0
-6,1,206,1,294,0
-1,-5,222,1,294,0
8,6,264,1,294,0
7,-2,269,1,294,0
5,-6,273,1,294,0
7,5,273,1,294,0
6,4,281,1,294,0
0,-1,288,1,294,0
-8,-7,6,1,294,0
8,-6,27,1,294,0
7,-3,61,1,294,0
4,-4,119,1,294,0
-4,-5,121,1,294,0
3,2,279,1,294,0
2,1,287,1,294,0
1,0,294,1,294,0
1,-5,203,1,294,0
3,-1,203,1,294,0
-5,1,212,1,294,0
-1,-6,228,1,294,0
8,7,249,1,294,0
5,-7,269,1,294,0
7,6,269,1,294,0
6,5,279,1,294,0
0,-2,282,1,294,0
5,4,289,1,294,0
4,3,293,1,294,0
-8,-8,9,1,294,0
7,-4,52,1,294,0
8,-7,84,1,294,0
6,6,109,1,294,0
-4,-6,114,1,294,0
5,5,119,1,294,0
-3,-3,131,1,294,0
-4,1,224,1,294,0
5,-8,235,1,294,0
-1,-7,243,1,294,0
-8,5,247,1,294,0
8,8,255,1,294,0
7,7,262,1,294,0
0,-3,275,1,294,0
2,2,282,1,294,0
4,-5,284,1,294,0
6,-1,287,1,294,0
1,1,293,1,294,0
3,-2,293,1,294,0
0,0,293,1,294,0
4,4,128,1,294,0
3,3,138,1,294,0
7,-5,48,1,294,0
1,-7,59,1,294,0
-4,-7,92,1,294,0
5,6,117,1,294,0
3,-3,217,1,294,0
-3,-4,129,1,294,0
-2,0,156,1,294,0
-3,1,223,1,294,0
-4,2,232,1,294,0
-1,-8,237,1,294,0
6,7,239,1,294,0
7,8,252,1,294,0
-7,5,254,1,294,0
4,5,257,1,294,0
-6,4,261,1,294,0
3,4,268,1,294,0
-5,3,269,1,294,0
0,-4,269,1,294,0
2,3,276,1,294,0
4,-6,278,1,294,0
1,2,284,1,294,0
6,-2,289,1,294,0
0,1,292,1,294,0
-7,-7,19,1,294,0
6,-3,27,1,294,0
-6,-4,35,1,294,0
7,-6,43,1,294,0
6,8,95,1,294,0
-3,-5,122,1,294,0
-2,-2,142,1,294,0
0,2,182,1,294,0
1,3,188,1,294,0
2,-1,197,1,294,0
4,-7,229,1,294,0
5,7,245,1,294,0
4,6,254,1,294,0
-6,5,258,1,294,0
-1,0,261,1,294,0
3,5,261,1,294,0
0,-5,263,1,294,0
-5,4,268,1,294,0
2,4,269,1,294,0
-4,3,276,1,294,0
-3,2,284,1,294,0
-2,1,292,1,294,0
3,-4,293,1,294,0
-7,-8,12,1,294,0
6,-4,27,1,294,0
-6,-5,34,1,294,0
8,1,74,1,294,0
7,-7,93,1,294,0
7,0,97,1,294,0
-2,-3,138,1,294,0
0,3,189,1,294,0
2,5,205,1,294,0
3,6,214,1,294,0
5,8,227,1,294,0
5,-1,228,1,294,0
-5,5,232,1,294,0
4,7,246,1,294,0
0,-6,257,1,294,0
-3,3,279,1,294,0
3,-5,286,1,294,0
-2,2,289,1,294,0
2,-2,292,1,294,0
-1,1,293,1,294,0
2,6,23,1,294,0
-2,3,18,1,294,0
6,-5,25,1,294,0
-6,-6,27,1,294,0
5,-2,36,1,294,0
-2,-4,61,1,294,0
7,-8,76,1,294,0
-3,-7,85,1,294,0
7,1,85,1,294,0
8,2,102,1,294,0
6,0,112,1,294,0
-1,2,179,1,294,0
-1,-1,186,1,294,0
0,4,195,1,294,0
1,5,199,1,294,0
2,-3,215,1,294,0
3,-6,219,1,294,0
3,7,224,1,294,0
-4,5,225,1,294,0
4,8,236,1,294,0
0,-7,249,1,294,0
7,-9,4,1,294,0
-2,4,11,1,294,0
-6,-7,19,1,294,0
5,-3,34,1,294,0
-5,-4,43,1,294,0
2,-4,86,1,294,0
6,-6,102,1,294,0
7,2,122,1,294,0
6,1,128,1,294,0
-1,-2,194,1,294,0
1,6,206,1,294,0
-3,5,219,1,294,0
2,7,221,1,294,0
3,8,232,1,294,0
8,-2,262,1,294,0
1,-1,275,1,294,0
5,0,289,1,294,0
0,5,196,1,294,0
-3,6,6,1,294,0
0,6,41,1,294,0
8,-3,64,1,294,0
4,0,74,1,294,0
6,2,125,1,294,0
5,1,134,1,294,0
-8,1,193,1,294,0
4,-1,209,1,294,0
-1,-3,209,1,294,0
1,7,211,1,294,0
2,-5,212,1,294,0
-2,5,213,1,294,0
2,8,218,1,294,0
6,-7,261,1,294,0
1,-2,285,1,294,0
-9,-8,2,1,294,0
9,6,3,1,294,0
-3,7,23,1,294,0
-2,6,31,1,294,0
4,-2,43,1,294,0
0,7,48,1,294,0
1,8,53,1,294,0
8,-4,57,1,294,0
3,0,61,1,294,0
-2,-7,79,1,294,0
7,4,99,1,294,0
7,-1,106,1,294,0
6,3,106,1,294,0
-5,-6,111,1,294,0
5,-5,111,1,294,0
5,2,113,1,294,0
4,1,141,1,294,0
1,-3,208,1,294,0
-7,1,199,1,294,0
-1,5,206,1,294,0
-1,-4,215,1,294,0
0,8,6,1,295,0
-3,8,16,1,295,0
8,-5,29,1,295,0
-1,6,38,1,295,0
-4,-4,49,1,295,0
-5,-7,106,1,295,0
4,-3,108,1,295,0
5,3,117,1,295,0
4,2,124,1,295,0
3,1,147,1,295,0
2,0,154,1,295,0
1,-4,202,1,295,0
-6,1,206,1,295,0
-1,-5,222,1,295,0
8,6,264,1,295,0
7,-2,269,1,295,0
5,-6,273,1,295,0
7,5,273,1,295,0
6,4,281,1,295,0
0,-1,288,1,295,0
-8,-7,6,1,295,0
8,-6,27,1,295,0
7,-3,61,1,295,0
4,-4,119,1,295,0
-4,-5,121,1,295,0
3,2,279,1,295,0
2,1,287,1,295,0
1,0,295,1,295,0
1,-5,203,1,295,0
3,-1,203,1,295,0
-5,1,212,1,295,0
-1,-6,228,1,295,0
8,7,249,1,295,0
5,-7,269,1,295,0
7,6,269,1,295,0
6,5,279,1,295,0
0,-2,282,1,295,0
5,4,289,1,295,0
4,3,294,1,295,0
-8,-8,9,1,295,0
7,-4,52,1,295,0
8,-7,84,1,295,0
6,6,109,1,295,0
-4,-6,114,1,295,0
5,5,119,1,295,0
-3,-3,131,1,295,0
-4,1,224,1,295,0
5,-8,235,1,295,0
-1,-7,243,1,295,0
-8,5,247,1,295,0
8,8,255,1,295,0
7,7,262,1,295,0
0,-3,275,1,295,0
2,2,282,1,295,0
4,-5,284,1,295,0
6,-1,287,1,295,0
1,1,293,1,295,0
3,-2,294,1,295,0
0,0,294,1,295,0
3,3,138,1,295,0
4,4,128,1,295,0
7,-5,48,1,295,0
1,-7,59,1,295,0
-4,-7,92,1,295,0
5,6,117,1,295,0
3,-3,217,1,295,0
-3,-4,129,1,295,0
-2,0,156,1,295,0
-3,1,223,1,295,0
-4,2,232,1,295,0
-1,-8,237,1,295,0
6,7,239,1,295,0
7,8,252,1,295,0
-7,5,254,1,295,0
4,5,257,1,295,0
-6,4,261,1,295,0
3,4,268,1,295,0
-5,3,269,1,295,0
0,-4,269,1,295,0
2,3,276,1,295,0
4,-6,278,1,295,0
1,2,284,1,295,0
6,-2,289,1,295,0
0,1,292,1,295,0
-7,-7,19,1,295,0
6,-3,27,1,295,0
-6,-4,35,1,295,0
7,-6,43,1,295,0
6,8,95,1,295,0
-3,-5,122,1,295,0
-2,-2,142,1,295,0
0,2,182,1,295,0
1,3,188,1,295,0
2,-1,197,1,295,0
4,-7,229,1,295,0
5,7,245,1,295,0
4,6,254,1,295,0
-6,5,258,1,295,0
-1,0,261,1,295,0
3,5,261,1,295,0
0,-5,263,1,295,0
-5,4,268,1,295,0
2,4,269,1,295,0
-4,3,276,1,295,0
-3,2,284,1,295,0
-2,1,292,1,295,0
3,-4,294,1,295,0
-7,-8,12,1,295,0
6,-4,27,1,295,0
-6,-5,34,1,295,0
8,1,74,1,295,0
7,-7,93,1,295,0
7,0,97,1,295,0
-2,-3,138,1,295,0
0,3,189,1,295,0
2,5,205,1,295,0
3,6,214,1,295,0
5,8,227,1,295,0
5,-1,228,1,295,0
-5,5,232,1,295,0
4,7,246,1,295,0
0,-6,257,1,295,0
-3,3,279,1,295,0
3,-5,286,1,295,0
-2,2,289,1,295,0
2,-2,292,1,295,0
-1,1,294,1,295,0
2,6,23,1,295,0
-2,3,18,1,295,0
6,-5,25,1,295,0
-6,-6,27,1,295,0
5,-2,36,1,295,0
-2,-4,61,1,295,0
7,-8,76,1,295,0
-3,-7,85,1,295,0
7,1,85,1,295,0
8,2,102,1,295,0
6,0,112,1,295,0
-1,2,179,1,295,0
-1,-1,186,1,295,0
0,4,195,1,295,0
1,5,199,1,295,0
2,-3,215,1,295,0
3,-6,219,1,295,0
3,7,224,1,295,0
-4,5,225,1,295,0
4,8,236,1,295,0
0,-7,249,1,295,0
7,-9,4,1,295,0
-2,4,11,1,295,0
-6,-7,19,1,295,0
5,-3,34,1,295,0
-5,-4,43,1,295,0
2,-4,86,1,295,0
6,-6,102,1,295,0
7,2,122,1,295,0
6,1,128,1,295,0
-1,-2,194,1,295,0
1,6,206,1,295,0
-3,5,219,1,295,0
2,7,221,1,295,0
3,8,232,1,295,0
8,-2,262,1,295,0
1,-1,275,1,295,0
5,0,289,1,295,0
0,5,196,1,295,0
-3,6,6,1,295,0
0,6,41,1,295,0
8,-3,64,1,295,0
4,0,74,1,295,0
6,2,125,1,295,0
5,1,134,1,295,0
-8,1,193,1,295,0
4,-1,209,1,295,0
-1,-3,209,1,295,0
1,7,211,1,295,0
2,-5,212,1,295,0
-2,5,213,1,295,0
2,8,218,1,295,0
6,-7,261,1,295,0
1,-2,285,1,295,0
-9,-8,2,1,295,0
9,6,3,1,295,0
-3,7,23,1,295,0
-2,6,31,1,295,0
4,-2,43,1,295,0
0,7,48,1,295,0
1,8,53,1,295,0
8,-4,57,1,295,0
3,0,61,1,295,0
-2,-7,79,1,295,0
7,4,99,1,295,0
7,-1,106,1,295,0
6,3,106,1,295,0
-5,-6,111,1,295,0
5,-5,111,1,295,0
5,2,113,1,295,0
4,1,141,1,295,0
1,-3,208,1,295,0
-7,1,199,1,295,0
-1,5,206,1,295,0
-1,-4,215,1,295,0
0,8,6,1,296,0
-3,8,16,1,296,0
8,-5,29,1,296,0
-1,6,38,1,296,0
-4,-4,49,1,296,0
-5,-7,106,1,296,0
4,-3,108,1,296,0
5,3,117,1,296,0
4,2,124,1,296,0
3,1,147,1,296,0
2,0,154,1,296,0
1,-4,202,1,296,0
-6,1,206,1,296,0
-1,-5,222,1,296,0
8,6,264,1,296,0
7,-2,269,1,296,0
5,-6,273,1,296,0
7,5,273,1,296,0
6,4,281,1,296,0
0,-1,288,1,296,0
-8,-7,6,1,296,0
8,-6,27,1,296,0
7,-3,61,1,296,0
4,-4,119,1,296,0
-4,-5,121,1,296,0
3,2,279,1,296,0
2,1,287,1,296,0
1,0,295,1,296,0
1,-5,203,1,296,0
3,-1,203,1,296,0
-5,1,212,1,296,0
-1,-6,228,1,296,0
8,7,249,1,296,0
5,-7,269,1,296,0
7,6,269,1,296,0
6,5,279,1,296,0
0,-2,282,1,296,0
5,4,289,1,296,0
4,3,295,1,296,0
-8,-8,9,1,296,0
7,-4,52,1,296,0
8,-7,84,1,296,0
6,6,109,1,296,0
-4,-6,114,1,296,0
5,5,119,1,296,0
-3,-3,131,1,296,0
-4,1,224,1,296,0
5,-8,235,1,296,0
-1,-7,243,1,296,0
-8,5,247,1,296,0
8,8,255,1,296,0
7,7,262,1,296,0
0,-3,275,1,296,0
2,2,282,1,296,0
4,-5,284,1,296,0
6,-1,287,1,296,0
1,1,293,1,296,0
3,-2,295,1,296,0
3,3,138,1,296,0
0,0,296,1,296,0
4,4,128,1,296,0
7,-5,48,1,296,0
1,-7,59,1,296,0
-4,-7,92,1,296,0
5,6,117,1,296,0
3,-3,217,1,296,0
-3,-4,129,1,296,0
-2,0,156,1,296,0
-3,1,223,1,296,0
-4,2,232,1,296,0
-1,-8,237,1,296,0
6,7,239,1,296,0
7,8,252,1,296,0
-7,5,254,1,296,0
4,5,257,1,296,0
-6,4,261,1,296,0
3,4,268,1,296,0
-5,3,269,1,296,0
0,-4,269,1,296,0
2,3,276,1,296,0
4,-6,278,1,296,0
1,2,284,1,296,0
6,-2,289,1,296,0
0,1,292,1,296,0
-7,-7,19,1,296,0
6,-3,27,1,296,0
-6,-4,35,1,296,0
7,-6,43,1,296,0
6,8,95,1,296,0
-3,-5,122,1,296,0
-2,-2,142,1,296,0
0,2,182,1,296,0
1,3,188,1,296,0
2,-1,197,1,296,0
4,-7,229,1,296,0
5,7,245,1,296,0
4,6,254,1,296,0
-6,5,258,1,296,0
-1,0,261,1,296,0
3,5,261,1,296,0
0,-5,263,1,296,0
-5,4,268,1,296,0
2,4,269,1,296,0
-4,3,276,1,296,0
-3,2,284,1,296,0
-2,1,292,1,296,0
3,-4,294,1,296,0
-7,-8,12,1,296,0
6,-4,27,1,296,0
-6,-5,34,1,296,0
8,1,74,1,296,0
7,-7,93,1,296,0
7,0,97,1,296,0
-2,-3,138,1,296,0
0,3,189,1,296,0
2,5,205,1,296,0
3,6,214,1,296,0
5,8,227,1,296,0
5,-1,228,1,296,0
-5,5,232,1,296,0
4,7,246,1,296,0
0,-6,257,1,296,0
-3,3,279,1,296,0
3,-5,286,1,296,0
-2,2,289,1,296,0
2,-2,292,1,296,0
-1,1,295,1,296,0
2,6,23,1,296,0
-2,3,18,1,296,0
6,-5,25,1,296,0
-6,-6,27,1,296,0
5,-2,36,1,296,0
-2,-4,61,1,296,0
7,-8,76,1,296,0
-3,-7,85,1,296,0
7,1,85,1,296,0
8,2,102,1,296,0
6,0,112,1,296,0
-1,2,179,1,296,0
-1,-1,186,1,296,0
0,4,195,1,296,0
1,5,199,1,296,0
3,-6,219,1,296,0
3,7,224,1,296,0
-4,5,225,1,296,0
4,8,236,1,296,0
0,-7,249,1,296,0
2,-3,295,1,296,0
7,-9,4,1,296,0
-2,4,11,1,296,0
-6,-7,19,1,296,0
5,-3,34,1,296,0
-5,-4,43,1,296,0
2,-4,86,1,296,0
6,-6,102,1,296,0
7,2,122,1,296,0
6,1,128,1,296,0
-1,-2,194,1,296,0
1,6,206,1,296,0
-3,5,219,1,296,0
2,7,221,1,296,0
3,8,232,1,296,0
8,-2,262,1,296,0
1,-1,275,1,296,0
5,0,289,1,296,0
0,5,196,1,296,0
-3,6,6,1,296,0
0,6,41,1,296,0
8,-3,64,1,296,0
4,0,74,1,296,0
6,2,125,1,296,0
5,1,134,1,296,0
-8,1,193,1,296,0
4,-1,209,1,296,0
-1,-3,209,1,296,0
1,7,211,1,296,0
2,-5,212,1,296,0
-2,5,213,1,296,0
2,8,218,1,296,0
6,-7,261,1,296,0
1,-2,285,1,296,0
-9,-8,2,1,296,0
9,6,3,1,296,0
-3,7,23,1,296,0
-2,6,31,1,296,0
4,-2,43,1,296,0
0,7,48,1,296,0
1,8,53,1,296,0
8,-4,57,1,296,0
3,0,61,1,296,0
-2,-7,79,1,296,0
7,4,99,1,296,0
7,-1,106,1,296,0
6,3,106,1,296,0
-5,-6,111,1,296,0
5,-5,111,1,296,0
5,2,113,1,296,0
4,1,141,1,296,0
1,-3,208,1,296,0
-7,1,199,1,296,0
-1,5,206,1,296,0
-1,-4,215,1,296,0
0,8,6,1,297,0
-3,8,16,1,297,0
8,-5,29,1,297,0
-1,6,38,1,297,0
-4,-4,49,1,297,0
-5,-7,106,1,297,0
4,-3,108,1,297,0
5,3,117,1,297,0
4,2,124,1,297,0
3,1,147,1,297,0
2,0,154,1,297,0
1,-4,202,1,297,0
-6,1,206,1,297,0
-1,-5,222,1,297,0
8,6,264,1,297,0
7,-2,269,1,297,0
5,-6,273,1,297,0
7,5,273,1,297,0
6,4,281,1,297,0
0,-1,288,1,297,0
-8,-7,6,1,297,0
8,-6,27,1,297,0
7,-3,61,1,297,0
4,-4,119,1,297,0
-4,-5,121,1,297,0
3,2,279,1,297,0
2,1,287,1,297,0
1,0,295,1,297,0
1,-5,203,1,297,0
3,-1,203,1,297,0
-5,1,212,1,297,0
-1,-6,228,1,297,0
8,7,249,1,297,0
5,-7,269,1,297,0
7,6,269,1,297,0
6,5,279,1,297,0
0,-2,282,1,297,0
5,4,289,1,297,0
4,3,296,1,297,0
-8,-8,9,1,297,0
7,-4,52,1,297,0
8,-7,84,1,297,0
6,6,109,1,297,0
-4,-6,114,1,297,0
5,5,119,1,297,0
-3,-3,131,1,297,0
-4,1,224,1,297,0
5,-8,235,1,297,0
-1,-7,243,1,297,0
-8,5,247,1,297,0
8,8,255,1,297,0
7,7,262,1,297,0
0,-3,275,1,297,0
2,2,282,1,297,0
4,-5,284,1,297,0
6,-1,287,1,297,0
1,1,293,1,297,0
3,3,138,1,297,0
3,-2,296,1,297,0
0,0,297,1,297,0
4,4,128,1,297,0
7,-5,48,1,297,0
1,-7,59,1,297,0
-4,-7,92,1,297,0
5,6,117,1,297,0
3,-3,217,1,297,0
-3,-4,129,1,297,0
-2,0,156,1,297,0
-3,1,223,1,297,0
-4,2,232,1,297,0
-1,-8,237,1,297,0
6,7,239,1,297,0
7,8,252,1,297,0
-7,5,254,1,297,0
4,5,257,1,297,0
-6,4,261,1,297,0
3,4,268,1,297,0
-5,3,269,1,297,0
0,-4,269,1,297,0
2,3,276,1,297,0
4,-6,278,1,297,0
1,2,284,1,297,0
6,-2,289,1,297,0
0,1,292,1,297,0
-7,-7,19,1,297,0
6,-3,27,1,297,0
-6,-4,35,1,297,0
7,-6,43,1,297,0
6,8,95,1,297,0
-3,-5,122,1,297,0
-2,-2,142,1,297,0
0,2,182,1,297,0
1,3,188,1,297,0
2,-1,197,1,297,0
4,-7,229,1,297,0
5,7,245,1,297,0
4,6,254,1,297,0
-6,5,258,1,297,0
-1,0,261,1,297,0
3,5,261,1,297,0
0,-5,263,1,297,0
-5,4,268,1,297,0
2,4,269,1,297,0
-4,3,276,1,297,0
-3,2,284,1,297,0
-2,1,292,1,297,0
3,-4,294,1,297,0
-7,-8,12,1,297,0
6,-4,27,1,297,0
-6,-5,34,1,297,0
8,1,74,1,297,0
7,-7,93,1,297,0
7,0,97,1,297,0
-2,-3,138,1,297,0
0,3,189,1,297,0
2,5,205,1,297,0
3,6,214,1,297,0
5,8,227,1,297,0
5,-1,228,1,297,0
-5,5,232,1,297,0
4,7,246,1,297,0
0,-6,257,1,297,0
-3,3,279,1,297,0
3,-5,286,1,297,0
-2,2,289,1,297,0
2,-2,292,1,297,0
-1,1,296,1,297,0
2,6,23,1,297,0
-2,3,18,1,297,0
6,-5,25,1,297,0
-6,-6,27,1,297,0
5,-2,36,1,297,0
-2,-4,61,1,297,0
7,-8,76,1,297,0
-3,-7,85,1,297,0
7,1,85,1,297,0
8,2,102,1,297,0
6,0,112,1,297,0
-1,2,179,1,297,0
-1,-1,186,1,297,0
0,4,195,1,297,0
1,5,199,1,297,0
3,-6,219,1,297,0
3,7,224,1,297,0
-4,5,225,1,297,0
4,8,236,1,297,0
0,-7,249,1,297,0
2,-3,296,1,297,0
7,-9,4,1,297,0
-2,4,11,1,297,0
-6,-7,19,1,297,0
5,-3,34,1,297,0
-5,-4,43,1,297,0
2,-4,86,1,297,0
6,-6,102,1,297,0
7,2,122,1,297,0
6,1,128,1,297,0
-1,-2,194,1,297,0
1,6,206,1,297,0
-3,5,219,1,297,0
2,7,221,1,297,0
3,8,232,1,297,0
8,-2,262,1,297,0
1,-1,275,1,297,0
5,0,289,1,297,0
0,5,196,1,297,0
-3,6,6,1,297,0
0,6,41,1,297,0
8,-3,64,1,297,0
4,0,74,1,297,0
6,2,125,1,297,0
5,1,134,1,297,0
-8,1,193,1,297,0
4,-1,209,1,297,0
-1,-3,209,1,297,0
1,7,211,1,297,0
2,-5,212,1,297,0
-2,5,213,1,297,0
2,8,218,1,297,0
6,-7,261,1,297,0
1,-2,285,1,297,0
-9,-8,2,1,297,0
9,6,3,1,297,0
-3,7,23,1,297,0
-2,6,31,1,297,0
4,-2,43,1,297,0
0,7,48,1,297,0
1,8,53,1,297,0
8,-4,57,1,297,0
3,0,61,1,297,0
-2,-7,79,1,297,0
7,4,99,1,297,0
7,-1,106,1,297,0
6,3,106,1,297,0
-5,-6,111,1,297,0
5,-5,111,1,297,0
5,2,113,1,297,0
4,1,141,1,297,0
1,-3,208,1,297,0
-7,1,199,1,297,0
-1,5,206,1,297,0
-1,-4,215,1,297,0
0,8,6,1,298,0
-3,8,16,1,298,0
8,-5,29,1,298,0
-1,6,38,1,298,0
-4,-4,49,1,298,0
-5,-7,106,1,298,0
4,-3,108,1,298,0
5,3,117,1,298,0
4,2,124,1,298,0
3,1,147,1,298,0
2,0,154,1,298,0
1,-4,202,1,298,0
-6,1,206,1,298,0
-1,-5,222,1,298,0
8,6,264,1,298,0
7,-2,269,1,298,0
5,-6,273,1,298,0
7,5,273,1,298,0
6,4,281,1,298,0
0,-1,297,1,298,0
-8,-7,6,1,298,0
8,-6,27,1,298,0
7,-3,61,1,298,0
4,-4,119,1,298,0
-4,-5,121,1,298,0
3,2,279,1,298,0
2,1,287,1,298,0
1,0,295,1,298,0
1,-5,203,1,298,0
3,-1,203,1,298,0
-5,1,212,1,298,0
-1,-6,228,1,298,0
8,7,249,1,298,0
5,-7,269,1,298,0
7,6,269,1,298,0
6,5,279,1,298,0
0,-2,282,1,298,0
5,4,289,1,298,0
4,3,297,1,298,0
-8,-8,9,1,298,0
7,-4,52,1,298,0
8,-7,84,1,298,0
6,6,109,1,298,0
-4,-6,114,1,298,0
5,5,119,1,298,0
-3,-3,131,1,298,0
-4,1,224,1,298,0
5,-8,235,1,298,0
-1,-7,243,1,298,0
-8,5,247,1,298,0
8,8,255,1,298,0
7,7,262,1,298,0
0,-3,275,1,298,0
2,2,282,1,298,0
4,-5,284,1,298,0
6,-1,287,1,298,0
1,1,293,1,298,0
3,-2,297,1,298,0
0,0,298,1,298,0
4,4,128,1,298,0
3,3,138,1,298,0
7,-5,48,1,298,0
1,-7,59,1,298,0
-4,-7,92,1,298,0
5,6,117,1,298,0
3,-3,217,1,298,0
-3,-4,129,1,298,0
-2,0,156,1,298,0
-3,1,223,1,298,0
-4,2,232,1,298,0
-1,-8,237,1,298,0
6,7,239,1,298,0
7,8,252,1,298,0
-7,5,254,1,298,0
4,5,257,1,298,0
-6,4,261,1,298,0
3,4,268,1,298,0
-5,3,269,1,298,0
0,-4,269,1,298,0
2,3,276,1,298,0
4,-6,278,1,298,0
1,2,284,1,298,0
6,-2,289,1,298,0
0,1,292,1,298,0
-7,-7,19,1,298,0
6,-3,27,1,298,0
-6,-4,35,1,298,0
7,-6,43,1,298,0
6,8,95,1,298,0
-3,-5,122,1,298,0
-2,-2,142,1,298,0
0,2,182,1,298,0
1,3,188,1,298,0
2,-1,197,1,298,0
4,-7,229,1,298,0
5,7,245,1,298,0
4,6,254,1,298,0
-6,5,258,1,298,0
-1,0,261,1,298,0
3,5,261,1,298,0
0,-5,263,1,298,0
-5,4,268,1,298,0
2,4,269,1,298,0
-4,3,276,1,298,0
-3,2,284,1,298,0
-2,1,292,1,298,0
3,-4,294,1,298,0
-7,-8,12,1,298,0
6,-4,27,1,298,0
-6,-5,34,1,298,0
8,1,74,1,298,0
7,-7,93,1,298,0
7,0,97,1,298,0
-2,-3,138,1,298,0
0,3,189,1,298,0
2,5,205,1,298,0
3,6,214,1,298,0
5,8,227,1,298,0
5,-1,228,1,298,0
-5,5,232,1,298,0
4,7,246,1,298,0
0,-6,257,1,298,0
-3,3,279,1,298,0
3,-5,286,1,298,0
-2,2,289,1,298,0
2,-2,292,1,298,0
-1,1,297,1,298,0
2,6,23,1,298,0
-2,3,18,1,298,0
6,-5,25,1,298,0
-6,-6,27,1,298,0
5,-2,36,1,298,0
-2,-4,61,1,298,0
7,-8,76,1,298,0
-3,-7,85,1,298,0
7,1,85,1,298,0
8,2,102,1,298,0
6,0,112,1,298,0
-1,2,179,1,298,0
-1,-1,186,1,298,0
0,4,195,1,298,0
1,5,199,1,298,0
3,-6,219,1,298,0
3,7,224,1,298,0
-4,5,225,1,298,0
4,8,236,1,298,0
0,-7,249,1,298,0
2,-3,296,1,298,0
7,-9,4,1,298,0
-2,4,11,1,298,0
-6,-7,19,1,298,0
5,-3,34,1,298,0
-5,-4,43,1,298,0
2,-4,86,1,298,0
6,-6,102,1,298,0
7,2,122,1,298,0
6,1,128,1,298,0
-1,-2,194,1,298,0
1,6,206,1,298,0
-3,5,219,1,298,0
2,7,221,1,298,0
3,8,232,1,298,0
8,-2,262,1,298,0
1,-1,275,1,298,0
5,0,289,1,298,0
0,5,196,1,298,0
-3,6,6,1,298,0
0,6,41,1,298,0
8,-3,64,1,298,0
4,0,74,1,298,0
6,2,125,1,298,0
5,1,134,1,298,0
-8,1,193,1,298,0
4,-1,209,1,298,0
-1,-3,209,1,298,0
1,7,211,1,298,0
2,-5,212,1,298,0
-2,5,213,1,298,0
2,8,218,1,298,0
6,-7,261,1,298,0
1,-2,285,1,298,0
-9,-8,2,1,298,0
9,6,3,1,298,0
-3,7,23,1,298,0
-2,6,31,1,298,0
4,-2,43,1,298,0
0,7,48,1,298,0
1,8,53,1,298,0
8,-4,57,1,298,0
3,0,61,1,298,0
-2,-7,79,1,298,0
7,4,99,1,298,0
7,-1,106,1,298,0
6,3,106,1,298,0
-5,-6,111,1,298,0
5,-5,111,1,298,0
5,2,113,1,298,0
4,1,141,1,298,0
1,-3,208,1,298,0
-7,1,199,1,298,0
-1,5,206,1,298,0
-1,-4,215,1,298,0
0,8,6,1,299,0
-3,8,16,1,299,0
8,-5,29,1,299,0
-1,6,38,1,299,0
-4,-4,49,1,299,0
-5,-7,106,1,299,0
4,-3,108,1,299,0
5,3,117,1,299,0
4,2,124,1,299,0
3,1,147,1,299,0
2,0,154,1,299,0
1,-4,202,1,299,0
-6,1,206,1,299,0
-1,-5,222,1,299,0
8,6,264,1,299,0
7,-2,269,1,299,0
5,-6,273,1,299,0
7,5,273,1,299,0
6,4,281,1,299,0
0,-1,298,1,299,0
-8,-7,6,1,299,0
8,-6,27,1,299,0
7,-3,61,1,299,0
4,-4,119,1,299,0
-4,-5,121,1,299,0
3,2,279,1,299,0
2,1,287,1,299,0
1,0,295,1,299,0
1,-5,203,1,299,0
3,-1,203,1,299,0
-5,1,212,1,299,0
-1,-6,228,1,299,0
8,7,249,1,299,0
5,-7,269,1,299,0
7,6,269,1,299,0
6,5,279,1,299,0
0,-2,282,1,299,0
5,4,289,1,299,0
4,3,297,1,299,0
-8,-8,9,1,299,0
7,-4,52,1,299,0
8,-7,84,1,299,0
6,6,109,1,299,0
-4,-6,114,1,299,0
5,5,119,1,299,0
-3,-3,131,1,299,0
-4,1,224,1,299,0
5,-8,235,1,299,0
-1,-7,243,1,299,0
-8,5,247,1,299,0
8,8,255,1,299,0
7,7,262,1,299,0
0,-3,275,1,299,0
2,2,282,1,299,0
4,-5,284,1,299,0
6,-1,287,1,299,0
1,1,293,1,299,0
3,-2,297,1,299,0
3,3,298,1,299,0
0,0,299,1,299,0
4,4,128,1,299,0
7,-5,48,1,299,0
1,-7,59,1,299,0
-4,-7,92,1,299,0
5,6,117,1,299,0
3,-3,217,1,299,0
-3,-4,129,1,299,0
-2,0,156,1,299,0
-3,1,223,1,299,0
-4,2,232,1,299,0
-1,-8,237,1,299,0
6,7,239,1,299,0
7,8,252,1,299,0
-7,5,254,1,299,0
4,5,257,1,299,0
-6,4,261,1,299,0
3,4,268,1,299,0
-5,3,269,1,299,0
0,-4,269,1,299,0
2,3,276,1,299,0
4,-6,278,1,299,0
1,2,284,1,299,0
6,-2,289,1,299,0
0,1,292,1,299,0
-7,-7,19,1,299,0
6,-3,27,1,299,0
-6,-4,35,1,299,0
7,-6,43,1,299,0
6,8,95,1,299,0
-3,-5,122,1,299,0
-2,-2,142,1,299,0
0,2,182,1,299,0
1,3,188,1,299,0
2,-1,197,1,299,0
4,-7,229,1,299,0
5,7,245,1,299,0
4,6,254,1,299,0
-6,5,258,1,299,0
-1,0,261,1,299,0
3,5,261,1,299,0
0,-5,263,1,299,0
-5,4,268,1,299,0
2,4,269,1,299,0
-4,3,276,1,299,0
-3,2,284,1,299,0
-2,1,292,1,299,0
3,-4,294,1,299,0
-7,-8,12,1,299,0
6,-4,27,1,299,0
-6,-5,34,1,299,0
8,1,74,1,299,0
7,-7,93,1,299,0
7,0,97,1,299,0
-2,-3,138,1,299,0
0,3,189,1,299,0
2,5,205,1,299,0
3,6,214,1,299,0
5,8,227,1,299,0
5,-1,228,1,299,0
-5,5,232,1,299,0
4,7,246,1,299,0
0,-6,257,1,299,0
-3,3,279,1,299,0
3,-5,286,1,299,0
-2,2,289,1,299,0
2,-2,292,1,299,0
-1,1,298,1,299,0
2,6,23,1,299,0
-2,3,18,1,299,0
6,-5,25,1,299,0
-6,-6,27,1,299,0
5,-2,36,1,299,0
-2,-4,61,1,299,0
7,-8,76,1,299,0
-3,-7,85,1,299,0
7,1,85,1,299,0
8,2,102,1,299,0
6,0,112,1,299,0
-1,2,179,1,299,0
-1,-1,186,1,299,0
0,4,195,1,299,0
1,5,199,1,299,0
3,-6,219,1,299,0
3,7,224,1,299,0
-4,5,225,1,299,0
4,8,236,1,299,0
0,-7,249,1,299,0
2,-3,298,1,299,0
7,-9,4,1,299,0
-2,4,11,1,299,0
-6,-7,19,1,299,0
5,-3,34,1,299,0
-5,-4,43,1,299,0
2,-4,86,1,299,0
6,-6,102,1,299,0
7,2,122,1,299,0
6,1,128,1,299,0
-1,-2,194,1,299,0
1,6,206,1,299,0
-3,5,219,1,299,0
2,7,221,1,299,0
3,8,232,1,299,0
8,-2,262,1,299,0
1,-1,275,1,299,0
5,0,289,1,299,0
0,5,196,1,299,0
-3,6,6,1,299,0
0,6,41,1,299,0
8,-3,64,1,299,0
4,0,74,1,299,0
6,2,125,1,299,0
5,1,134,1,299,0
-8,1,193,1,299,0
4,-1,209,1,299,0
-1,-3,209,1,299,0
1,7,211,1,299,0
2,-5,212,1,299,0
-2,5,213,1,299,0
2,8,218,1,299,0
6,-7,261,1,299,0
1,-2,285,1,299,0
-9,-8,2,1,299,0
9,6,3,1,299,0
-3,7,23,1,299,0
-2,6,31,1,299,0
4,-2,43,1,299,0
0,7,48,1,299,0
1,8,53,1,299,0
8,-4,57,1,299,0
3,0,61,1,299,0
-2,-7,79,1,299,0
7,4,99,1,299,0
7,-1,106,1,299,0
6,3,106,1,299,0
-5,-6,111,1,299,0
5,-5,111,1,299,0
5,2,113,1,299,0
4,1,141,1,299,0
1,-3,208,1,299,0
-7,1,199,1,299,0
-1,5,206,1,299,0
-1,-4,215,1,299,0
