-5,0,1,1,1,0
-5,0,2,1,2,0
7,9,1,1,2,0
5,-1,1,1,2,0
9,3,1,1,2,0
7,2,1,1,2,0
-5,7,1,1,2,0
-9,1,1,1,2,0
8,-2,1,1,2,0
-3,6,1,1,2,0
4,1,1,1,2,0
-5,0,3,1,3,0
7,9,2,1,3,0
5,-1,2,1,3,0
9,3,1,1,3,0
7,2,2,1,3,0
-5,7,2,1,3,0
-9,1,2,1,3,0
8,3,2,1,3,0
8,-2,2,1,3,0
-3,6,2,1,3,0
4,1,2,1,3,0
-5,0,4,1,4,0
7,9,3,1,4,0
5,-1,3,1,4,0
9,3,1,1,4,0
8,2,3,1,4,0
7,2,2,1,4,0
-5,7,3,1,4,0
-9,1,3,1,4,0
8,3,3,1,4,0
8,-2,3,1,4,0
-3,6,3,1,4,0
4,1,3,1,4,0
-5,0,4,1,5,0
-4,0,5,1,5,0
7,9,4,1,5,0
5,-1,4,1,5,0
9,3,1,1,5,0
8,2,4,1,5,0
7,2,2,1,5,0
-9,1,3,1,5,0
-5,7,4,1,5,0
8,3,4,1,5,0
8,-2,4,1,5,0
-8,1,4,1,5,0
-3,6,4,1,5,0
4,1,4,1,5,0
-5,0,4,1,6,0
7,-2,5,1,6,0
-4,0,6,1,6,0
6,-1,5,1,6,0
7,9,4,1,6,0
5,-1,4,1,6,0
9,3,1,1,6,0
8,2,4,1,6,0
-9,1,3,1,6,0
-5,7,4,1,6,0
8,-2,4,1,6,0
7,2,5,1,6,0
8,3,5,1,6,0
-4,7,5,1,6,0
-8,1,5,1,6,0
-3,6,5,1,6,0
4,1,5,1,6,0
-5,0,4,1,7,0
7,-2,6,1,7,0
-4,0,7,1,7,0
6,-1,6,1,7,0
7,9,5,1,7,0
5,-1,4,1,7,0
9,3,1,1,7,0
8,2,4,1,7,0
-9,1,3,1,7,0
-5,7,4,1,7,0
8,-2,4,1,7,0
7,2,6,1,7,0
8,3,6,1,7,0
-3,6,5,1,7,0
-4,7,6,1,7,0
-8,1,6,1,7,0
4,1,6,1,7,0
-2,6,6,1,7,0
-5,0,4,1,8,0
7,-2,7,1,8,0
-4,0,8,1,8,0
6,-1,7,1,8,0
7,8,6,1,8,0
7,9,5,1,8,0
5,-1,4,1,8,0
9,3,1,1,8,0
8,2,4,1,8,0
7,1,7,1,8,0
-9,1,3,1,8,0
-5,7,4,1,8,0
8,-2,4,1,8,0
7,2,6,1,8,0
8,3,7,1,8,0
-3,6,5,1,8,0
-4,7,7,1,8,0
-8,1,7,1,8,0
4,1,7,1,8,0
-2,6,7,1,8,0
-5,0,4,1,9,0
7,-2,8,1,9,0
-4,0,9,1,9,0
6,-1,8,1,9,0
7,8,7,1,9,0
7,9,5,1,9,0
5,-1,4,1,9,0
9,3,1,1,9,0
8,2,4,1,9,0
7,1,7,1,9,0
-9,1,3,1,9,0
-5,7,4,1,9,0
8,-2,4,1,9,0
7,2,6,1,9,0
8,3,8,1,9,0
-3,6,5,1,9,0
5,1,8,1,9,0
-4,7,8,1,9,0
-8,1,8,1,9,0
4,1,7,1,9,0
-2,6,8,1,9,0
-5,0,4,1,10,0
7,-2,9,1,10,0
-4,0,9,1,10,0
6,-1,9,1,10,0
7,8,8,1,10,0
7,9,5,1,10,0
5,-1,4,1,10,0
9,3,1,1,10,0
8,2,4,1,10,0
7,1,9,1,10,0
-9,1,3,1,10,0
-5,7,4,1,10,0
8,-2,4,1,10,0
7,2,6,1,10,0
8,3,8,1,10,0
-3,6,5,1,10,0
5,1,9,1,10,0
-4,7,9,1,10,0
-8,1,9,1,10,0
8,4,9,1,10,0
4,1,7,1,10,0
-2,6,9,1,10,0
-5,0,4,1,11,0
7,-2,9,1,11,0
-4,0,9,1,11,0
6,-1,9,1,11,0
8,8,9,1,11,0
-3,0,11,1,11,0
7,8,8,1,11,0
7,9,5,1,11,0
5,-1,4,1,11,0
9,3,1,1,11,0
8,2,4,1,11,0
7,1,9,1,11,0
-9,1,3,1,11,0
-5,7,4,1,11,0
8,-2,4,1,11,0
7,2,6,1,11,0
8,3,8,1,11,0
-3,6,5,1,11,0
5,1,9,1,11,0
-4,7,9,1,11,0
-8,1,9,1,11,0
8,4,9,1,11,0
4,1,7,1,11,0
-2,6,9,1,11,0
-5,0,4,1,12,0
7,-2,11,1,12,0
-4,0,9,1,12,0
6,-1,9,1,12,0
8,8,9,1,12,0
-3,0,12,1,12,0
7,8,8,1,12,0
7,9,5,1,12,0
5,-1,4,1,12,0
9,3,1,1,12,0
8,2,4,1,12,0
7,1,11,1,12,0
6,0,11,1,12,0
-9,1,3,1,12,0
-5,7,4,1,12,0
8,-2,4,1,12,0
7,2,6,1,12,0
8,3,8,1,12,0
-3,6,5,1,12,0
-8,1,9,1,12,0
5,1,11,1,12,0
-4,7,11,1,12,0
8,4,11,1,12,0
4,1,7,1,12,0
-7,1,11,1,12,0
-2,6,11,1,12,0
-5,0,4,1,13,0
7,-2,11,1,13,0
-1,6,12,1,13,0
-4,0,9,1,13,0
6,-1,9,1,13,0
-3,0,13,1,13,0
8,8,11,1,13,0
7,8,8,1,13,0
7,9,5,1,13,0
5,-1,4,1,13,0
9,3,1,1,13,0
8,2,4,1,13,0
7,1,12,1,13,0
6,0,12,1,13,0
-9,1,3,1,13,0
-5,7,4,1,13,0
7,2,6,1,13,0
8,3,8,1,13,0
8,-2,12,1,13,0
-3,6,5,1,13,0
-8,1,9,1,13,0
-4,7,11,1,13,0
8,4,11,1,13,0
5,1,12,1,13,0
4,1,7,1,13,0
-2,6,11,1,13,0
-4,8,12,1,13,0
-7,1,12,1,13,0
7,4,12,1,13,0
-5,0,4,1,14,0
7,-2,11,1,14,0
-1,6,13,1,14,0
-4,0,9,1,14,0
6,-1,9,1,14,0
-3,0,14,1,14,0
8,8,12,1,14,0
7,8,8,1,14,0
7,9,5,1,14,0
5,-1,4,1,14,0
9,3,1,1,14,0
8,2,4,1,14,0
7,1,13,1,14,0
6,0,13,1,14,0
-9,1,3,1,14,0
-5,7,4,1,14,0
7,2,6,1,14,0
8,3,8,1,14,0
8,-2,13,1,14,0
-3,6,5,1,14,0
-8,1,9,1,14,0
-4,7,11,1,14,0
8,4,11,1,14,0
5,1,13,1,14,0
4,1,7,1,14,0
-2,6,11,1,14,0
-4,8,13,1,14,0
-7,1,13,1,14,0
7,4,13,1,14,0
-5,0,4,1,15,0
7,-2,11,1,15,0
-1,6,14,1,15,0
-4,0,9,1,15,0
-3,0,15,1,15,0
8,8,12,1,15,0
6,-1,14,1,15,0
7,7,14,1,15,0
7,8,13,1,15,0
7,9,5,1,15,0
5,-1,4,1,15,0
9,3,1,1,15,0
8,2,4,1,15,0
6,0,13,1,15,0
7,1,14,1,15,0
-9,1,3,1,15,0
-5,7,4,1,15,0
7,2,6,1,15,0
8,3,8,1,15,0
6,1,14,1,15,0
8,-2,14,1,15,0
-3,6,5,1,15,0
-8,1,9,1,15,0
-4,7,11,1,15,0
8,4,11,1,15,0
5,1,13,1,15,0
4,1,7,1,15,0
-2,6,11,1,15,0
-4,8,14,1,15,0
-7,1,14,1,15,0
7,4,14,1,15,0
-5,0,4,1,16,0
7,-2,11,1,16,0
-1,6,15,1,16,0
-4,0,9,1,16,0
-3,0,16,1,16,0
8,8,12,1,16,0
6,-1,15,1,16,0
7,7,15,1,16,0
7,8,13,1,16,0
7,9,5,1,16,0
5,-1,4,1,16,0
9,3,1,1,16,0
8,2,4,1,16,0
6,0,13,1,16,0
7,1,15,1,16,0
-9,1,3,1,16,0
-5,7,4,1,16,0
7,2,6,1,16,0
8,3,8,1,16,0
6,1,15,1,16,0
8,-2,15,1,16,0
-3,6,5,1,16,0
-8,1,9,1,16,0
8,4,11,1,16,0
5,1,13,1,16,0
-4,7,15,1,16,0
4,1,7,1,16,0
-2,6,11,1,16,0
-4,8,14,1,16,0
-7,1,15,1,16,0
7,4,15,1,16,0
-5,0,4,1,17,0
-6,1,16,1,17,0
-1,6,16,1,17,0
7,-2,16,1,17,0
-4,0,9,1,17,0
8,7,16,1,17,0
-3,0,17,1,17,0
8,8,12,1,17,0
6,-1,15,1,17,0
7,7,15,1,17,0
7,8,13,1,17,0
7,9,5,1,17,0
5,-1,4,1,17,0
8,1,16,1,17,0
9,3,1,1,17,0
8,2,4,1,17,0
6,0,13,1,17,0
7,1,15,1,17,0
-9,1,3,1,17,0
-5,7,4,1,17,0
7,2,6,1,17,0
8,3,8,1,17,0
8,-2,15,1,17,0
6,1,16,1,17,0
-3,6,5,1,17,0
-8,1,9,1,17,0
8,4,11,1,17,0
5,1,13,1,17,0
-4,7,16,1,17,0
4,1,7,1,17,0
-2,6,11,1,17,0
-4,8,14,1,17,0
-7,1,15,1,17,0
7,-1,16,1,17,0
7,4,16,1,17,0
-5,0,4,1,18,0
-6,1,17,1,18,0
-1,6,17,1,18,0
7,-2,17,1,18,0
-4,0,9,1,18,0
8,7,17,1,18,0
-3,0,17,1,18,0
8,8,12,1,18,0
6,-1,15,1,18,0
7,7,15,1,18,0
7,8,13,1,18,0
-2,0,18,1,18,0
7,9,5,1,18,0
5,-1,4,1,18,0
8,1,17,1,18,0
9,3,1,1,18,0
8,2,4,1,18,0
6,0,13,1,18,0
7,1,15,1,18,0
-9,1,3,1,18,0
-5,7,4,1,18,0
7,2,6,1,18,0
8,3,8,1,18,0
8,-2,15,1,18,0
6,1,17,1,18,0
-3,6,5,1,18,0
-8,1,9,1,18,0
8,4,11,1,18,0
5,1,13,1,18,0
-4,7,16,1,18,0
4,1,7,1,18,0
-2,6,11,1,18,0
-4,8,14,1,18,0
-7,1,15,1,18,0
7,-1,17,1,18,0
-3,7,17,1,18,0
7,4,17,1,18,0
-5,0,4,1,19,0
-1,6,17,1,19,0
-6,1,18,1,19,0
7,-2,18,1,19,0
-4,0,9,1,19,0
8,7,18,1,19,0
-3,0,17,1,19,0
8,8,12,1,19,0
6,-1,15,1,19,0
7,7,15,1,19,0
7,8,13,1,19,0
-2,0,19,1,19,0
7,9,5,1,19,0
8,0,18,1,19,0
5,-1,4,1,19,0
8,1,17,1,19,0
9,3,1,1,19,0
8,2,4,1,19,0
6,0,13,1,19,0
7,1,15,1,19,0
-9,1,3,1,19,0
-5,7,4,1,19,0
7,2,6,1,19,0
8,3,8,1,19,0
8,-2,15,1,19,0
6,1,17,1,19,0
-3,6,5,1,19,0
-8,1,9,1,19,0
8,4,11,1,19,0
5,1,13,1,19,0
-4,7,16,1,19,0
6,2,18,1,19,0
0,6,18,1,19,0
4,1,7,1,19,0
-2,6,11,1,19,0
-4,8,14,1,19,0
-7,1,15,1,19,0
7,-1,18,1,19,0
-3,7,18,1,19,0
7,4,18,1,19,0
-5,0,4,1,20,0
-1,6,17,1,20,0
-6,1,19,1,20,0
7,-2,19,1,20,0
-4,0,9,1,20,0
8,7,18,1,20,0
6,5,19,1,20,0
-3,0,17,1,20,0
8,8,12,1,20,0
6,-1,15,1,20,0
7,7,19,1,20,0
7,8,13,1,20,0
-2,0,19,1,20,0
7,9,5,1,20,0
8,0,18,1,20,0
5,-1,4,1,20,0
8,1,17,1,20,0
7,0,19,1,20,0
9,3,1,1,20,0
8,2,4,1,20,0
6,0,13,1,20,0
7,1,15,1,20,0
-9,1,3,1,20,0
-5,7,4,1,20,0
7,2,6,1,20,0
8,3,8,1,20,0
8,-2,15,1,20,0
6,1,17,1,20,0
-3,6,5,1,20,0
-8,1,9,1,20,0
8,4,11,1,20,0
5,1,13,1,20,0
-4,7,16,1,20,0
6,2,19,1,20,0
0,6,19,1,20,0
4,1,7,1,20,0
-2,6,11,1,20,0
-4,8,14,1,20,0
-7,1,15,1,20,0
7,4,18,1,20,0
7,-1,19,1,20,0
-3,7,19,1,20,0
-5,0,4,1,21,0
-1,6,17,1,21,0
-6,1,19,1,21,0
7,-2,19,1,21,0
-4,0,9,1,21,0
8,7,18,1,21,0
6,5,19,1,21,0
-3,0,17,1,21,0
8,8,12,1,21,0
6,-1,15,1,21,0
7,7,19,1,21,0
7,8,13,1,21,0
-2,0,21,1,21,0
7,9,5,1,21,0
8,0,18,1,21,0
5,-1,4,1,21,0
8,1,17,1,21,0
7,0,19,1,21,0
9,3,1,1,21,0
8,2,4,1,21,0
6,0,13,1,21,0
7,1,15,1,21,0
-9,1,3,1,21,0
-5,7,4,1,21,0
7,2,6,1,21,0
8,3,8,1,21,0
8,-2,15,1,21,0
6,1,17,1,21,0
-3,6,5,1,21,0
-8,1,9,1,21,0
8,4,11,1,21,0
5,1,13,1,21,0
-4,7,16,1,21,0
6,2,19,1,21,0
0,6,19,1,21,0
4,1,7,1,21,0
-2,6,11,1,21,0
-4,8,14,1,21,0
-7,1,15,1,21,0
7,4,18,1,21,0
7,-1,19,1,21,0
-3,7,19,1,21,0
-5,0,4,1,22,0
-1,6,17,1,22,0
7,-2,19,1,22,0
-6,1,21,1,22,0
-4,0,9,1,22,0
8,7,18,1,22,0
7,6,21,1,22,0
6,5,21,1,22,0
-3,0,17,1,22,0
8,8,12,1,22,0
6,-1,15,1,22,0
7,7,19,1,22,0
7,8,13,1,22,0
-2,0,22,1,22,0
7,9,5,1,22,0
8,0,18,1,22,0
5,-1,4,1,22,0
8,1,17,1,22,0
7,0,21,1,22,0
9,3,1,1,22,0
8,2,4,1,22,0
6,0,13,1,22,0
7,1,15,1,22,0
-9,1,3,1,22,0
-5,7,4,1,22,0
7,2,6,1,22,0
8,3,8,1,22,0
8,-2,15,1,22,0
6,1,17,1,22,0
-3,6,5,1,22,0
-8,1,9,1,22,0
8,4,11,1,22,0
5,1,13,1,22,0
-4,7,16,1,22,0
6,2,21,1,22,0
0,6,21,1,22,0
8,-3,21,1,22,0
4,1,7,1,22,0
-2,6,11,1,22,0
-4,8,14,1,22,0
-7,1,15,1,22,0
7,4,18,1,22,0
7,-1,19,1,22,0
-3,7,21,1,22,0
-5,0,4,1,23,0
-1,6,17,1,23,0
7,-2,19,1,23,0
-6,1,21,1,23,0
-4,0,9,1,23,0
8,7,18,1,23,0
7,6,22,1,23,0
-5,1,22,1,23,0
6,5,22,1,23,0
-3,0,17,1,23,0
8,8,12,1,23,0
6,-1,15,1,23,0
7,7,19,1,23,0
7,8,13,1,23,0
-2,0,23,1,23,0
7,9,5,1,23,0
8,0,18,1,23,0
5,-1,4,1,23,0
8,1,17,1,23,0
7,0,22,1,23,0
9,3,1,1,23,0
8,2,4,1,23,0
6,0,13,1,23,0
7,1,15,1,23,0
-9,1,3,1,23,0
-5,7,4,1,23,0
7,2,6,1,23,0
8,3,8,1,23,0
8,-2,15,1,23,0
6,1,17,1,23,0
-3,6,5,1,23,0
-8,1,9,1,23,0
8,4,11,1,23,0
5,1,13,1,23,0
-4,7,16,1,23,0
6,2,22,1,23,0
0,6,22,1,23,0
8,-3,22,1,23,0
4,1,7,1,23,0
-2,6,11,1,23,0
-4,8,14,1,23,0
-7,1,15,1,23,0
7,4,18,1,23,0
7,-1,19,1,23,0
-3,7,22,1,23,0
-5,0,4,1,24,0
-1,6,17,1,24,0
7,-2,19,1,24,0
-6,1,21,1,24,0
-4,0,9,1,24,0
8,7,18,1,24,0
7,6,23,1,24,0
-5,1,23,1,24,0
6,5,23,1,24,0
-3,0,17,1,24,0
8,8,12,1,24,0
6,-1,15,1,24,0
7,7,19,1,24,0
7,8,13,1,24,0
-2,0,23,1,24,0
7,9,5,1,24,0
8,0,18,1,24,0
-1,0,24,1,24,0
5,-1,4,1,24,0
8,1,17,1,24,0
7,0,23,1,24,0
9,3,1,1,24,0
8,2,4,1,24,0
6,0,13,1,24,0
7,1,15,1,24,0
-9,1,3,1,24,0
-5,7,4,1,24,0
7,2,6,1,24,0
8,3,8,1,24,0
8,-2,15,1,24,0
6,1,17,1,24,0
-3,6,5,1,24,0
-8,1,9,1,24,0
8,4,11,1,24,0
5,1,13,1,24,0
-4,7,16,1,24,0
6,2,23,1,24,0
0,6,23,1,24,0
8,-3,23,1,24,0
4,1,7,1,24,0
-2,6,11,1,24,0
-4,8,14,1,24,0
-7,1,15,1,24,0
7,4,18,1,24,0
7,-1,19,1,24,0
-3,7,23,1,24,0
-5,0,4,1,25,0
-1,6,17,1,25,0
7,-2,19,1,25,0
-6,1,21,1,25,0
-4,0,9,1,25,0
8,7,18,1,25,0
7,6,24,1,25,0
-5,1,24,1,25,0
6,5,24,1,25,0
7,-3,24,1,25,0
-3,0,17,1,25,0
8,8,12,1,25,0
6,-1,15,1,25,0
7,7,19,1,25,0
7,8,13,1,25,0
-2,0,23,1,25,0
7,9,5,1,25,0
-1,0,25,1,25,0
8,0,24,1,25,0
5,-1,4,1,25,0
8,1,17,1,25,0
7,0,24,1,25,0
9,3,1,1,25,0
8,2,4,1,25,0
6,0,13,1,25,0
7,1,15,1,25,0
-9,1,3,1,25,0
-5,7,4,1,25,0
7,2,6,1,25,0
8,3,8,1,25,0
8,-2,15,1,25,0
6,1,17,1,25,0
1,6,24,1,25,0
-3,6,5,1,25,0
-8,1,9,1,25,0
8,4,11,1,25,0
5,1,13,1,25,0
-4,7,16,1,25,0
0,6,23,1,25,0
8,-3,23,1,25,0
6,2,24,1,25,0
4,1,7,1,25,0
-2,6,11,1,25,0
-4,8,14,1,25,0
-7,1,15,1,25,0
7,4,18,1,25,0
7,-1,19,1,25,0
-3,7,24,1,25,0
-5,0,4,1,26,0
-1,6,17,1,26,0
7,-2,19,1,26,0
-6,1,21,1,26,0
-2,7,25,1,26,0
-4,0,9,1,26,0
8,7,18,1,26,0
-5,1,24,1,26,0
7,6,25,1,26,0
6,5,25,1,26,0
7,-3,25,1,26,0
-3,0,17,1,26,0
8,8,12,1,26,0
6,-1,15,1,26,0
7,7,19,1,26,0
-5,2,25,1,26,0
7,8,13,1,26,0
-2,0,23,1,26,0
7,9,5,1,26,0
-1,0,26,1,26,0
8,0,25,1,26,0
5,-1,4,1,26,0
8,1,17,1,26,0
7,0,25,1,26,0
9,3,1,1,26,0
8,2,4,1,26,0
6,0,13,1,26,0
7,1,15,1,26,0
-9,1,3,1,26,0
-5,7,4,1,26,0
7,2,6,1,26,0
8,3,8,1,26,0
8,-2,15,1,26,0
6,1,17,1,26,0
1,6,25,1,26,0
-3,6,5,1,26,0
-8,1,9,1,26,0
8,4,11,1,26,0
5,1,13,1,26,0
-4,7,16,1,26,0
0,6,23,1,26,0
8,-3,23,1,26,0
6,2,24,1,26,0
4,1,7,1,26,0
-2,6,11,1,26,0
-4,8,14,1,26,0
-7,1,15,1,26,0
7,4,18,1,26,0
7,-1,19,1,26,0
-3,7,24,1,26,0
6,3,25,1,26,0
-5,0,4,1,27,0
-1,6,17,1,27,0
7,-2,19,1,27,0
-6,1,21,1,27,0
-2,7,26,1,27,0
-4,0,9,1,27,0
8,7,18,1,27,0
-5,1,24,1,27,0
7,6,26,1,27,0
6,5,26,1,27,0
7,-3,26,1,27,0
-3,0,17,1,27,0
8,8,12,1,27,0
6,-1,15,1,27,0
7,7,19,1,27,0
-5,2,26,1,27,0
7,8,13,1,27,0
-2,0,23,1,27,0
7,9,5,1,27,0
-1,0,27,1,27,0
8,0,26,1,27,0
5,-1,4,1,27,0
8,1,17,1,27,0
7,0,25,1,27,0
9,3,1,1,27,0
8,2,4,1,27,0
6,0,13,1,27,0
7,1,15,1,27,0
-9,1,3,1,27,0
-5,7,4,1,27,0
7,2,6,1,27,0
8,3,8,1,27,0
8,-2,15,1,27,0
6,1,17,1,27,0
1,6,26,1,27,0
-3,6,5,1,27,0
-8,1,9,1,27,0
8,4,11,1,27,0
5,1,13,1,27,0
-4,7,16,1,27,0
0,6,23,1,27,0
8,-3,23,1,27,0
6,2,24,1,27,0
4,1,7,1,27,0
-2,6,11,1,27,0
-4,8,14,1,27,0
-7,1,15,1,27,0
7,4,18,1,27,0
-3,7,24,1,27,0
7,-1,26,1,27,0
6,3,26,1,27,0
-5,0,4,1,28,0
-1,6,17,1,28,0
7,-2,19,1,28,0
-6,1,21,1,28,0
8,6,27,1,28,0
-2,7,27,1,28,0
-4,0,9,1,28,0
8,7,18,1,28,0
-5,1,24,1,28,0
7,6,26,1,28,0
6,5,27,1,28,0
7,-3,27,1,28,0
-3,0,17,1,28,0
8,8,12,1,28,0
6,-1,15,1,28,0
7,7,19,1,28,0
-5,2,27,1,28,0
7,8,13,1,28,0
-2,0,23,1,28,0
7,9,5,1,28,0
-1,0,27,1,28,0
8,0,27,1,28,0
5,-1,4,1,28,0
8,1,17,1,28,0
7,0,25,1,28,0
9,3,1,1,28,0
8,2,4,1,28,0
6,0,13,1,28,0
7,1,15,1,28,0
-9,1,3,1,28,0
-5,7,4,1,28,0
7,2,6,1,28,0
8,3,8,1,28,0
8,-2,15,1,28,0
6,1,17,1,28,0
1,6,27,1,28,0
-3,6,5,1,28,0
-8,1,9,1,28,0
8,4,11,1,28,0
5,1,13,1,28,0
-4,7,16,1,28,0
0,6,23,1,28,0
8,-3,23,1,28,0
6,2,24,1,28,0
4,1,7,1,28,0
-2,6,11,1,28,0
-4,8,14,1,28,0
-7,1,15,1,28,0
7,4,18,1,28,0
-3,7,24,1,28,0
7,-1,27,1,28,0
6,3,27,1,28,0
-5,0,4,1,29,0
-1,6,17,1,29,0
7,-2,19,1,29,0
-6,1,21,1,29,0
8,6,27,1,29,0
-2,7,28,1,29,0
-4,0,9,1,29,0
8,7,18,1,29,0
-5,1,24,1,29,0
7,6,26,1,29,0
7,-3,27,1,29,0
6,5,28,1,29,0
-3,0,17,1,29,0
8,8,12,1,29,0
6,-1,15,1,29,0
7,7,19,1,29,0
-5,2,28,1,29,0
7,-4,28,1,29,0
7,8,13,1,29,0
-2,0,23,1,29,0
7,9,5,1,29,0
-1,0,27,1,29,0
8,0,28,1,29,0
5,-1,4,1,29,0
8,1,17,1,29,0
7,0,25,1,29,0
9,3,1,1,29,0
8,2,4,1,29,0
6,0,13,1,29,0
7,1,15,1,29,0
-9,1,3,1,29,0
-5,7,4,1,29,0
7,2,6,1,29,0
8,3,8,1,29,0
8,-2,15,1,29,0
6,1,17,1,29,0
1,6,28,1,29,0
-3,6,5,1,29,0
-8,1,9,1,29,0
8,4,11,1,29,0
5,1,13,1,29,0
-4,7,16,1,29,0
0,6,23,1,29,0
8,-3,23,1,29,0
6,2,24,1,29,0
4,1,7,1,29,0
-2,6,11,1,29,0
-4,8,14,1,29,0
-7,1,15,1,29,0
7,4,18,1,29,0
-3,7,24,1,29,0
7,-1,28,1,29,0
8,5,28,1,29,0
6,3,28,1,29,0
-5,0,4,1,30,0
-1,6,17,1,30,0
7,-2,19,1,30,0
-6,1,21,1,30,0
8,6,27,1,30,0
-2,7,29,1,30,0
-4,0,9,1,30,0
8,7,18,1,30,0
-5,1,24,1,30,0
7,6,26,1,30,0
7,-3,27,1,30,0
6,5,28,1,30,0
-3,0,17,1,30,0
8,8,12,1,30,0
6,-1,15,1,30,0
7,7,19,1,30,0
-5,2,29,1,30,0
5,5,29,1,30,0
7,-4,29,1,30,0
7,8,13,1,30,0
-2,0,23,1,30,0
7,9,5,1,30,0
-1,0,27,1,30,0
8,0,28,1,30,0
5,-1,4,1,30,0
8,1,17,1,30,0
7,0,25,1,30,0
9,3,1,1,30,0
8,2,4,1,30,0
6,0,13,1,30,0
7,1,15,1,30,0
8,-1,29,1,30,0
-9,1,3,1,30,0
-5,7,4,1,30,0
7,2,6,1,30,0
8,3,8,1,30,0
8,-2,15,1,30,0
6,1,17,1,30,0
1,6,29,1,30,0
-3,6,5,1,30,0
-8,1,9,1,30,0
8,4,11,1,30,0
5,1,13,1,30,0
-4,7,16,1,30,0
0,6,23,1,30,0
8,-3,23,1,30,0
6,2,24,1,30,0
4,1,7,1,30,0
-2,6,11,1,30,0
-4,8,14,1,30,0
-7,1,15,1,30,0
7,4,18,1,30,0
-3,7,24,1,30,0
7,-1,29,1,30,0
8,5,29,1,30,0
6,3,29,1,30,0
-5,0,4,1,31,0
-1,6,17,1,31,0
7,-2,19,1,31,0
-6,1,21,1,31,0
8,6,27,1,31,0
-2,7,29,1,31,0
-4,0,9,1,31,0
8,7,18,1,31,0
-5,1,24,1,31,0
7,6,26,1,31,0
7,-3,27,1,31,0
6,5,28,1,31,0
-3,0,17,1,31,0
8,8,12,1,31,0
6,-1,15,1,31,0
7,7,19,1,31,0
-5,2,29,1,31,0
5,5,29,1,31,0
7,-4,29,1,31,0
7,8,13,1,31,0
-2,0,23,1,31,0
7,9,5,1,31,0
-1,0,27,1,31,0
8,0,28,1,31,0
5,-1,4,1,31,0
8,1,17,1,31,0
7,0,25,1,31,0
9,3,1,1,31,0
8,2,4,1,31,0
6,0,13,1,31,0
7,1,15,1,31,0
8,-1,29,1,31,0
-9,1,3,1,31,0
-5,7,4,1,31,0
7,2,6,1,31,0
8,3,8,1,31,0
8,-2,15,1,31,0
6,1,17,1,31,0
1,6,29,1,31,0
-3,6,5,1,31,0
-8,1,9,1,31,0
8,4,11,1,31,0
5,1,13,1,31,0
-4,7,16,1,31,0
0,6,23,1,31,0
8,-3,23,1,31,0
6,2,24,1,31,0
4,1,7,1,31,0
-2,6,11,1,31,0
-4,8,14,1,31,0
-7,1,15,1,31,0
7,4,18,1,31,0
-3,7,24,1,31,0
7,-1,29,1,31,0
8,5,29,1,31,0
6,3,29,1,31,0
-5,0,4,1,32,0
-1,6,17,1,32,0
7,-2,19,1,32,0
-6,1,21,1,32,0
8,6,27,1,32,0
-2,7,29,1,32,0
-4,0,9,1,32,0
8,7,18,1,32,0
-5,1,24,1,32,0
7,6,26,1,32,0
7,-3,27,1,32,0
6,5,28,1,32,0
-2,8,31,1,32,0
-3,0,17,1,32,0
8,8,12,1,32,0
6,-1,15,1,32,0
7,7,19,1,32,0
-5,2,29,1,32,0
5,5,31,1,32,0
7,-4,31,1,32,0
7,8,13,1,32,0
-2,0,23,1,32,0
-4,2,31,1,32,0
7,9,5,1,32,0
-1,0,27,1,32,0
8,0,28,1,32,0
5,-1,4,1,32,0
8,1,17,1,32,0
7,0,25,1,32,0
9,3,1,1,32,0
8,2,4,1,32,0
6,0,13,1,32,0
7,1,15,1,32,0
8,-1,31,1,32,0
2,6,31,1,32,0
-9,1,3,1,32,0
-5,7,4,1,32,0
7,2,6,1,32,0
8,3,8,1,32,0
8,-2,15,1,32,0
6,1,17,1,32,0
1,6,29,1,32,0
-3,6,5,1,32,0
-8,1,9,1,32,0
8,4,11,1,32,0
5,1,13,1,32,0
-4,7,16,1,32,0
0,6,23,1,32,0
8,-3,23,1,32,0
6,2,24,1,32,0
4,1,7,1,32,0
-2,6,11,1,32,0
-4,8,14,1,32,0
-7,1,15,1,32,0
7,4,18,1,32,0
-3,7,24,1,32,0
7,-1,29,1,32,0
8,5,29,1,32,0
6,3,31,1,32,0
-5,0,4,1,33,0
-1,6,17,1,33,0
7,-2,19,1,33,0
-6,1,21,1,33,0
8,6,27,1,33,0
-2,7,29,1,33,0
7,5,32,1,33,0
-4,0,9,1,33,0
8,7,18,1,33,0
-5,1,24,1,33,0
7,6,26,1,33,0
7,-3,27,1,33,0
6,5,28,1,33,0
-2,8,31,1,33,0
5,4,32,1,33,0
-3,0,17,1,33,0
8,8,12,1,33,0
6,-1,15,1,33,0
7,7,19,1,33,0
-5,2,29,1,33,0
-1,8,32,1,33,0
5,5,32,1,33,0
7,-4,32,1,33,0
7,8,13,1,33,0
-2,0,23,1,33,0
-4,2,32,1,33,0
7,9,5,1,33,0
-1,0,27,1,33,0
8,0,28,1,33,0
5,-1,4,1,33,0
8,1,17,1,33,0
7,0,25,1,33,0
9,3,1,1,33,0
8,2,4,1,33,0
6,0,13,1,33,0
7,1,15,1,33,0
8,-1,32,1,33,0
2,6,32,1,33,0
-9,1,3,1,33,0
-5,7,4,1,33,0
7,2,6,1,33,0
8,3,8,1,33,0
8,-2,15,1,33,0
6,1,17,1,33,0
1,6,29,1,33,0
-3,6,5,1,33,0
-8,1,9,1,33,0
8,4,11,1,33,0
5,1,13,1,33,0
-4,7,16,1,33,0
0,6,23,1,33,0
8,-3,23,1,33,0
6,2,24,1,33,0
4,1,7,1,33,0
-2,6,11,1,33,0
-4,8,14,1,33,0
-7,1,15,1,33,0
7,4,18,1,33,0
-3,7,24,1,33,0
7,-1,29,1,33,0
6,3,31,1,33,0
8,5,31,1,33,0
-5,0,4,1,34,0
-1,6,17,1,34,0
7,-2,19,1,34,0
-6,1,21,1,34,0
8,6,27,1,34,0
-2,7,29,1,34,0
7,5,33,1,34,0
-4,0,9,1,34,0
8,7,18,1,34,0
-5,1,24,1,34,0
7,6,26,1,34,0
7,-3,27,1,34,0
6,5,28,1,34,0
-2,8,31,1,34,0
5,4,33,1,34,0
-3,0,17,1,34,0
8,8,12,1,34,0
6,-1,15,1,34,0
7,7,19,1,34,0
-5,2,29,1,34,0
-1,8,33,1,34,0
5,5,33,1,34,0
7,-4,33,1,34,0
7,8,13,1,34,0
-2,0,23,1,34,0
-4,2,33,1,34,0
7,9,5,1,34,0
-1,0,27,1,34,0
8,0,28,1,34,0
5,-1,4,1,34,0
8,1,17,1,34,0
7,0,25,1,34,0
9,3,1,1,34,0
8,2,4,1,34,0
6,0,13,1,34,0
7,1,15,1,34,0
8,-1,33,1,34,0
2,6,33,1,34,0
-9,1,3,1,34,0
-5,7,4,1,34,0
7,2,6,1,34,0
8,3,8,1,34,0
6,1,17,1,34,0
1,6,29,1,34,0
8,-2,33,1,34,0
-3,6,5,1,34,0
-8,1,9,1,34,0
8,4,11,1,34,0
5,1,13,1,34,0
-4,7,16,1,34,0
0,6,23,1,34,0
8,-3,23,1,34,0
6,2,24,1,34,0
4,1,7,1,34,0
-2,6,11,1,34,0
-4,8,14,1,34,0
-7,1,15,1,34,0
7,4,18,1,34,0
-3,7,24,1,34,0
7,-1,29,1,34,0
6,3,31,1,34,0
8,5,31,1,34,0
-5,0,4,1,35,0
-1,6,17,1,35,0
7,-2,19,1,35,0
-6,1,21,1,35,0
8,6,27,1,35,0
-2,7,29,1,35,0
7,5,33,1,35,0
-4,0,9,1,35,0
8,7,18,1,35,0
-5,1,24,1,35,0
7,6,26,1,35,0
7,-3,27,1,35,0
6,5,28,1,35,0
-2,8,31,1,35,0
5,4,34,1,35,0
-3,0,17,1,35,0
8,8,12,1,35,0
6,-1,15,1,35,0
7,7,19,1,35,0
-5,2,29,1,35,0
-1,8,34,1,35,0
5,5,34,1,35,0
7,-4,34,1,35,0
7,8,13,1,35,0
-2,0,23,1,35,0
-4,2,34,1,35,0
7,9,5,1,35,0
-1,0,27,1,35,0
8,0,28,1,35,0
5,-1,4,1,35,0
8,1,17,1,35,0
7,0,25,1,35,0
9,3,1,1,35,0
8,2,4,1,35,0
6,0,13,1,35,0
7,1,15,1,35,0
8,-1,34,1,35,0
2,6,34,1,35,0
-9,1,3,1,35,0
-5,7,4,1,35,0
7,2,6,1,35,0
8,3,8,1,35,0
6,1,17,1,35,0
1,6,29,1,35,0
8,-2,34,1,35,0
-3,6,5,1,35,0
-8,1,9,1,35,0
8,4,11,1,35,0
5,1,13,1,35,0
-4,7,16,1,35,0
0,6,23,1,35,0
8,-3,23,1,35,0
6,2,24,1,35,0
4,1,7,1,35,0
-2,6,11,1,35,0
-4,8,14,1,35,0
-7,1,15,1,35,0
7,4,18,1,35,0
-3,7,24,1,35,0
7,-1,29,1,35,0
6,3,31,1,35,0
8,5,31,1,35,0
-5,0,4,1,36,0
-1,6,17,1,36,0
-6,1,21,1,36,0
8,6,27,1,36,0
-2,7,29,1,36,0
7,5,34,1,36,0
7,-2,35,1,36,0
-4,0,9,1,36,0
8,7,18,1,36,0
-5,1,24,1,36,0
7,6,26,1,36,0
7,-3,27,1,36,0
6,5,28,1,36,0
-2,8,31,1,36,0
5,4,35,1,36,0
-3,0,17,1,36,0
8,8,12,1,36,0
6,-1,15,1,36,0
7,7,19,1,36,0
-5,2,29,1,36,0
7,-4,34,1,36,0
-1,8,35,1,36,0
5,5,35,1,36,0
7,8,13,1,36,0
-2,0,23,1,36,0
-4,2,35,1,36,0
7,-5,35,1,36,0
7,9,5,1,36,0
-1,0,27,1,36,0
8,0,28,1,36,0
5,-1,4,1,36,0
8,1,17,1,36,0
7,0,25,1,36,0
9,3,1,1,36,0
8,2,4,1,36,0
6,0,13,1,36,0
7,1,15,1,36,0
8,-1,35,1,36,0
2,6,35,1,36,0
-9,1,3,1,36,0
-5,7,4,1,36,0
7,2,6,1,36,0
8,3,8,1,36,0
6,1,17,1,36,0
1,6,29,1,36,0
8,-2,34,1,36,0
-3,6,5,1,36,0
-8,1,9,1,36,0
8,4,11,1,36,0
5,1,13,1,36,0
-4,7,16,1,36,0
0,6,23,1,36,0
8,-3,23,1,36,0
6,2,24,1,36,0
4,1,7,1,36,0
-2,6,11,1,36,0
-4,8,14,1,36,0
-7,1,15,1,36,0
7,4,18,1,36,0
-3,7,24,1,36,0
7,-1,29,1,36,0
6,3,31,1,36,0
8,5,31,1,36,0
-5,0,4,1,37,0
-1,6,17,1,37,0
-6,1,21,1,37,0
8,6,27,1,37,0
-2,7,29,1,37,0
7,5,35,1,37,0
7,-2,36,1,37,0
5,3,36,1,37,0
-4,0,9,1,37,0
8,7,18,1,37,0
-5,1,24,1,37,0
7,6,26,1,37,0
7,-3,27,1,37,0
6,5,28,1,37,0
-2,8,31,1,37,0
5,4,35,1,37,0
-1,7,36,1,37,0
-3,0,17,1,37,0
8,8,12,1,37,0
6,-1,15,1,37,0
7,7,19,1,37,0
-5,2,29,1,37,0
7,-4,34,1,37,0
-1,8,35,1,37,0
5,5,36,1,37,0
7,8,13,1,37,0
-2,0,23,1,37,0
-4,2,36,1,37,0
7,-5,36,1,37,0
7,9,5,1,37,0
-1,0,27,1,37,0
8,0,28,1,37,0
5,-1,4,1,37,0
8,1,17,1,37,0
7,0,25,1,37,0
9,3,1,1,37,0
8,2,4,1,37,0
6,0,13,1,37,0
7,1,15,1,37,0
8,-1,36,1,37,0
2,6,36,1,37,0
-9,1,3,1,37,0
-5,7,4,1,37,0
7,2,6,1,37,0
8,3,8,1,37,0
6,1,17,1,37,0
1,6,29,1,37,0
8,-2,34,1,37,0
-3,6,5,1,37,0
-8,1,9,1,37,0
8,4,11,1,37,0
5,1,13,1,37,0
-4,7,16,1,37,0
0,6,23,1,37,0
8,-3,23,1,37,0
6,2,24,1,37,0
4,1,7,1,37,0
-2,6,11,1,37,0
-4,8,14,1,37,0
-7,1,15,1,37,0
7,4,18,1,37,0
-3,7,24,1,37,0
7,-1,29,1,37,0
6,3,31,1,37,0
8,5,31,1,37,0
-5,0,4,1,38,0
-1,6,17,1,38,0
-6,1,21,1,38,0
8,6,27,1,38,0
-2,7,29,1,38,0
7,5,35,1,38,0
7,-2,37,1,38,0
5,3,37,1,38,0
-4,0,9,1,38,0
8,7,18,1,38,0
-5,1,24,1,38,0
7,6,26,1,38,0
7,-3,27,1,38,0
6,5,28,1,38,0
-2,8,31,1,38,0
5,4,35,1,38,0
-1,7,37,1,38,0
-3,0,17,1,38,0
8,8,12,1,38,0
6,-1,15,1,38,0
7,7,19,1,38,0
-5,2,29,1,38,0
7,-4,34,1,38,0
-1,8,35,1,38,0
5,5,37,1,38,0
7,8,13,1,38,0
-2,0,23,1,38,0
-4,2,36,1,38,0
7,-5,37,1,38,0
7,9,5,1,38,0
-1,0,27,1,38,0
8,0,28,1,38,0
-4,3,37,1,38,0
5,-1,4,1,38,0
8,1,17,1,38,0
7,0,25,1,38,0
3,6,37,1,38,0
9,3,1,1,38,0
8,2,4,1,38,0
6,0,13,1,38,0
7,1,15,1,38,0
8,-1,36,1,38,0
2,6,36,1,38,0
-9,1,3,1,38,0
-5,7,4,1,38,0
7,2,6,1,38,0
8,3,8,1,38,0
6,1,17,1,38,0
1,6,29,1,38,0
8,-2,34,1,38,0
-3,6,5,1,38,0
-8,1,9,1,38,0
8,4,11,1,38,0
5,1,13,1,38,0
-4,7,16,1,38,0
0,6,23,1,38,0
8,-3,23,1,38,0
6,2,24,1,38,0
4,1,7,1,38,0
-2,6,11,1,38,0
-4,8,14,1,38,0
-7,1,15,1,38,0
-3,7,24,1,38,0
6,3,31,1,38,0
8,5,31,1,38,0
7,-1,37,1,38,0
7,4,36,1,38,0
-5,0,4,1,39,0
-1,6,17,1,39,0
-6,1,21,1,39,0
8,6,27,1,39,0
-2,7,29,1,39,0
7,5,35,1,39,0
7,-2,38,1,39,0
5,3,38,1,39,0
-4,0,9,1,39,0
8,7,18,1,39,0
-5,1,24,1,39,0
7,6,26,1,39,0
7,-3,27,1,39,0
6,5,28,1,39,0
-2,8,31,1,39,0
5,4,35,1,39,0
-1,7,38,1,39,0
-3,0,17,1,39,0
8,8,12,1,39,0
6,-1,15,1,39,0
7,7,19,1,39,0
-5,2,29,1,39,0
7,-4,34,1,39,0
-1,8,35,1,39,0
5,5,38,1,39,0
7,8,13,1,39,0
-2,0,23,1,39,0
-4,2,36,1,39,0
7,-5,38,1,39,0
7,9,5,1,39,0
-1,0,27,1,39,0
8,0,28,1,39,0
-4,3,37,1,39,0
5,-1,4,1,39,0
8,1,17,1,39,0
7,0,25,1,39,0
-3,3,38,1,39,0
3,6,38,1,39,0
9,3,1,1,39,0
8,2,4,1,39,0
6,0,13,1,39,0
7,1,15,1,39,0
8,-1,36,1,39,0
2,6,36,1,39,0
-9,1,3,1,39,0
-5,7,4,1,39,0
7,2,6,1,39,0
8,3,8,1,39,0
6,1,17,1,39,0
1,6,29,1,39,0
8,-2,34,1,39,0
-3,6,5,1,39,0
-8,1,9,1,39,0
8,4,11,1,39,0
5,1,13,1,39,0
-4,7,16,1,39,0
0,6,23,1,39,0
8,-3,23,1,39,0
6,2,24,1,39,0
4,1,7,1,39,0
-2,6,11,1,39,0
-4,8,14,1,39,0
-7,1,15,1,39,0
-3,7,24,1,39,0
6,3,31,1,39,0
8,5,31,1,39,0
7,-1,38,1,39,0
7,4,38,1,39,0
-5,0,4,1,40,0
-1,6,17,1,40,0
-6,1,21,1,40,0
8,6,27,1,40,0
-2,7,29,1,40,0
7,5,35,1,40,0
7,-2,39,1,40,0
5,3,39,1,40,0
-4,0,9,1,40,0
8,7,18,1,40,0
-5,1,24,1,40,0
7,6,26,1,40,0
7,-3,27,1,40,0
6,5,28,1,40,0
-2,8,31,1,40,0
5,4,35,1,40,0
-1,7,39,1,40,0
-3,0,17,1,40,0
8,8,12,1,40,0
6,-1,15,1,40,0
7,7,19,1,40,0
-5,2,29,1,40,0
7,-4,34,1,40,0
-1,8,35,1,40,0
5,5,38,1,40,0
7,8,13,1,40,0
-2,0,23,1,40,0
-4,2,36,1,40,0
4,5,39,1,40,0
7,-5,39,1,40,0
7,9,5,1,40,0
-1,0,27,1,40,0
8,0,28,1,40,0
-4,3,37,1,40,0
5,-1,4,1,40,0
8,1,17,1,40,0
7,0,25,1,40,0
-3,3,39,1,40,0
3,6,39,1,40,0
9,3,1,1,40,0
8,2,4,1,40,0
6,0,13,1,40,0
7,1,15,1,40,0
8,-1,36,1,40,0
2,6,36,1,40,0
-9,1,3,1,40,0
-5,7,4,1,40,0
7,2,6,1,40,0
8,3,8,1,40,0
6,1,17,1,40,0
1,6,29,1,40,0
8,-2,34,1,40,0
-3,6,5,1,40,0
-8,1,9,1,40,0
8,4,11,1,40,0
5,1,13,1,40,0
-4,7,16,1,40,0
0,6,23,1,40,0
8,-3,23,1,40,0
6,2,24,1,40,0
4,1,7,1,40,0
-2,6,11,1,40,0
-4,8,14,1,40,0
-7,1,15,1,40,0
-3,7,24,1,40,0
6,3,31,1,40,0
8,5,31,1,40,0
7,-1,39,1,40,0
7,4,39,1,40,0
-5,0,4,1,41,0
-1,6,17,1,41,0
-6,1,21,1,41,0
8,6,27,1,41,0
-2,7,29,1,41,0
7,5,35,1,41,0
7,-2,39,1,41,0
5,3,39,1,41,0
-4,0,9,1,41,0
8,7,18,1,41,0
-5,1,24,1,41,0
7,6,26,1,41,0
7,-3,27,1,41,0
6,5,28,1,41,0
-2,8,31,1,41,0
5,4,35,1,41,0
-1,7,39,1,41,0
-3,0,17,1,41,0
8,8,12,1,41,0
6,-1,15,1,41,0
7,7,19,1,41,0
-5,2,29,1,41,0
7,-4,34,1,41,0
-1,8,35,1,41,0
5,5,38,1,41,0
7,8,13,1,41,0
-2,0,23,1,41,0
-4,2,36,1,41,0
4,5,39,1,41,0
7,-5,39,1,41,0
7,9,5,1,41,0
-1,0,27,1,41,0
8,0,28,1,41,0
-4,3,37,1,41,0
5,-1,4,1,41,0
8,1,17,1,41,0
7,0,25,1,41,0
-3,3,39,1,41,0
3,6,39,1,41,0
9,3,1,1,41,0
8,2,4,1,41,0
6,0,13,1,41,0
7,1,15,1,41,0
8,-1,36,1,41,0
2,6,36,1,41,0
-9,1,3,1,41,0
-5,7,4,1,41,0
7,2,6,1,41,0
8,3,8,1,41,0
6,1,17,1,41,0
1,6,29,1,41,0
8,-2,34,1,41,0
-3,6,5,1,41,0
-8,1,9,1,41,0
8,4,11,1,41,0
5,1,13,1,41,0
-4,7,16,1,41,0
0,6,23,1,41,0
8,-3,23,1,41,0
6,2,24,1,41,0
4,1,7,1,41,0
-2,6,11,1,41,0
-4,8,14,1,41,0
-7,1,15,1,41,0
-3,7,24,1,41,0
6,3,31,1,41,0
8,5,31,1,41,0
7,-1,39,1,41,0
7,4,39,1,41,0
-5,0,4,1,42,0
-1,6,17,1,42,0
-6,1,21,1,42,0
8,6,27,1,42,0
-2,7,29,1,42,0
7,5,35,1,42,0
7,-2,39,1,42,0
5,3,41,1,42,0
-4,0,9,1,42,0
8,7,18,1,42,0
-5,1,24,1,42,0
7,6,26,1,42,0
6,5,28,1,42,0
-2,8,31,1,42,0
5,4,35,1,42,0
-1,7,39,1,42,0
7,-3,41,1,42,0
-3,0,17,1,42,0
8,8,12,1,42,0
6,-1,15,1,42,0
7,7,19,1,42,0
-5,2,29,1,42,0
7,-4,34,1,42,0
-1,8,35,1,42,0
5,5,38,1,42,0
7,8,13,1,42,0
-2,0,23,1,42,0
-4,2,36,1,42,0
4,5,39,1,42,0
7,-5,41,1,42,0
7,9,5,1,42,0
-1,0,27,1,42,0
8,0,28,1,42,0
-4,3,37,1,42,0
4,6,41,1,42,0
5,-1,4,1,42,0
8,1,17,1,42,0
7,0,25,1,42,0
-3,3,41,1,42,0
3,6,41,1,42,0
9,3,1,1,42,0
8,2,4,1,42,0
6,0,13,1,42,0
7,1,15,1,42,0
8,-1,36,1,42,0
2,6,36,1,42,0
-9,1,3,1,42,0
-5,7,4,1,42,0
7,2,6,1,42,0
8,3,8,1,42,0
6,1,17,1,42,0
1,6,29,1,42,0
8,-2,34,1,42,0
-3,6,5,1,42,0
-8,1,9,1,42,0
8,4,11,1,42,0
5,1,13,1,42,0
-4,7,16,1,42,0
0,6,23,1,42,0
8,-3,23,1,42,0
6,2,24,1,42,0
4,1,7,1,42,0
-2,6,11,1,42,0
-4,8,14,1,42,0
-7,1,15,1,42,0
-3,7,24,1,42,0
6,3,31,1,42,0
8,5,31,1,42,0
7,-1,41,1,42,0
7,4,41,1,42,0
0,7,41,1,42,0
-5,0,4,1,43,0
-1,6,17,1,43,0
-6,1,21,1,43,0
8,6,27,1,43,0
-2,7,29,1,43,0
7,5,35,1,43,0
7,-2,39,1,43,0
5,3,42,1,43,0
-4,0,9,1,43,0
8,7,18,1,43,0
-5,1,24,1,43,0
7,6,26,1,43,0
6,5,28,1,43,0
-2,8,31,1,43,0
5,4,35,1,43,0
-1,7,39,1,43,0
7,-3,42,1,43,0
8,-6,42,1,43,0
-3,0,17,1,43,0
8,8,12,1,43,0
6,-1,15,1,43,0
7,7,19,1,43,0
-5,2,29,1,43,0
7,-4,34,1,43,0
-1,8,35,1,43,0
5,5,38,1,43,0
7,8,13,1,43,0
-2,0,23,1,43,0
-4,2,36,1,43,0
4,5,39,1,43,0
7,-5,41,1,43,0
7,9,5,1,43,0
-1,0,27,1,43,0
8,0,28,1,43,0
-4,3,37,1,43,0
4,6,42,1,43,0
5,-1,4,1,43,0
8,1,17,1,43,0
7,0,25,1,43,0
-3,3,42,1,43,0
3,6,42,1,43,0
9,3,1,1,43,0
8,2,4,1,43,0
6,0,13,1,43,0
7,1,15,1,43,0
8,-1,36,1,43,0
2,6,36,1,43,0
-9,1,3,1,43,0
-5,7,4,1,43,0
7,2,6,1,43,0
8,3,8,1,43,0
6,1,17,1,43,0
1,6,29,1,43,0
8,-2,34,1,43,0
-3,6,5,1,43,0
-8,1,9,1,43,0
8,4,11,1,43,0
5,1,13,1,43,0
-4,7,16,1,43,0
0,6,23,1,43,0
8,-3,23,1,43,0
6,2,24,1,43,0
4,1,7,1,43,0
-2,6,11,1,43,0
-4,8,14,1,43,0
-7,1,15,1,43,0
-3,7,24,1,43,0
6,3,31,1,43,0
8,5,31,1,43,0
7,-1,42,1,43,0
7,4,42,1,43,0
0,7,42,1,43,0
-5,0,4,1,44,0
-1,6,17,1,44,0
-6,1,21,1,44,0
8,6,27,1,44,0
-2,7,29,1,44,0
7,5,35,1,44,0
7,-2,39,1,44,0
5,3,43,1,44,0
-4,0,9,1,44,0
8,7,18,1,44,0
-5,1,24,1,44,0
7,6,26,1,44,0
6,5,28,1,44,0
-2,8,31,1,44,0
5,4,35,1,44,0
-1,7,39,1,44,0
7,-3,43,1,44,0
8,-6,43,1,44,0
-3,0,17,1,44,0
8,8,12,1,44,0
6,-1,15,1,44,0
7,7,19,1,44,0
-5,2,29,1,44,0
7,-4,34,1,44,0
-1,8,35,1,44,0
5,5,38,1,44,0
7,8,13,1,44,0
-2,0,23,1,44,0
-4,2,36,1,44,0
4,5,39,1,44,0
7,-5,41,1,44,0
7,9,5,1,44,0
-1,0,27,1,44,0
8,0,28,1,44,0
-4,3,37,1,44,0
4,6,43,1,44,0
5,-1,4,1,44,0
8,1,17,1,44,0
7,0,25,1,44,0
3,6,42,1,44,0
-3,3,43,1,44,0
9,3,1,1,44,0
8,2,4,1,44,0
6,0,13,1,44,0
7,1,15,1,44,0
8,-1,36,1,44,0
2,6,36,1,44,0
-9,1,3,1,44,0
-5,7,4,1,44,0
7,2,6,1,44,0
8,3,8,1,44,0
6,1,17,1,44,0
1,6,29,1,44,0
8,-2,34,1,44,0
-3,6,5,1,44,0
-8,1,9,1,44,0
8,4,11,1,44,0
5,1,13,1,44,0
-4,7,16,1,44,0
0,6,23,1,44,0
8,-3,23,1,44,0
6,2,24,1,44,0
4,1,7,1,44,0
-2,6,11,1,44,0
-4,8,14,1,44,0
-7,1,15,1,44,0
-3,7,24,1,44,0
6,3,31,1,44,0
8,5,31,1,44,0
7,-1,43,1,44,0
7,4,43,1,44,0
0,7,43,1,44,0
-5,0,4,1,45,0
-1,6,17,1,45,0
-6,1,21,1,45,0
8,6,27,1,45,0
-2,7,29,1,45,0
7,5,35,1,45,0
7,-2,39,1,45,0
5,3,43,1,45,0
-4,0,9,1,45,0
8,7,18,1,45,0
-5,1,24,1,45,0
7,6,26,1,45,0
6,5,28,1,45,0
-2,8,31,1,45,0
5,4,35,1,45,0
-1,7,39,1,45,0
7,-3,43,1,45,0
4,3,44,1,45,0
8,-6,44,1,45,0
-3,0,17,1,45,0
8,8,12,1,45,0
6,-1,15,1,45,0
7,7,19,1,45,0
-5,2,29,1,45,0
7,-4,34,1,45,0
-1,8,35,1,45,0
5,5,38,1,45,0
7,8,13,1,45,0
-2,0,23,1,45,0
-4,2,36,1,45,0
4,5,39,1,45,0
7,-5,41,1,45,0
5,6,44,1,45,0
7,9,5,1,45,0
-1,0,27,1,45,0
8,0,28,1,45,0
-4,3,37,1,45,0
6,-3,44,1,45,0
4,6,44,1,45,0
5,-1,4,1,45,0
8,1,17,1,45,0
7,0,25,1,45,0
3,6,42,1,45,0
-3,3,44,1,45,0
9,3,1,1,45,0
8,2,4,1,45,0
6,0,13,1,45,0
7,1,15,1,45,0
8,-1,36,1,45,0
2,6,36,1,45,0
-9,1,3,1,45,0
-5,7,4,1,45,0
7,2,6,1,45,0
8,3,8,1,45,0
6,1,17,1,45,0
1,6,29,1,45,0
8,-2,34,1,45,0
-3,6,5,1,45,0
-8,1,9,1,45,0
8,4,11,1,45,0
5,1,13,1,45,0
-4,7,16,1,45,0
0,6,23,1,45,0
8,-3,23,1,45,0
6,2,24,1,45,0
7,3,44,1,45,0
4,1,7,1,45,0
-2,6,11,1,45,0
-4,8,14,1,45,0
-7,1,15,1,45,0
-3,7,24,1,45,0
6,3,31,1,45,0
8,5,31,1,45,0
7,4,43,1,45,0
7,-1,44,1,45,0
0,7,44,1,45,0
-5,0,4,1,46,0
-1,6,17,1,46,0
-6,1,21,1,46,0
8,6,27,1,46,0
-2,7,29,1,46,0
7,5,35,1,46,0
7,-2,39,1,46,0
5,3,43,1,46,0
4,2,45,1,46,0
-4,0,9,1,46,0
8,7,18,1,46,0
-5,1,24,1,46,0
7,6,26,1,46,0
6,5,28,1,46,0
-2,8,31,1,46,0
5,4,35,1,46,0
-1,7,39,1,46,0
7,-3,43,1,46,0
4,3,44,1,46,0
8,-6,45,1,46,0
-3,0,17,1,46,0
8,8,12,1,46,0
7,7,19,1,46,0
-5,2,29,1,46,0
7,-4,34,1,46,0
-1,8,35,1,46,0
5,5,38,1,46,0
6,-1,45,1,46,0
7,8,13,1,46,0
-2,0,23,1,46,0
-4,2,36,1,46,0
4,5,39,1,46,0
7,-5,41,1,46,0
5,6,45,1,46,0
7,9,5,1,46,0
-1,0,27,1,46,0
8,0,28,1,46,0
-4,3,37,1,46,0
4,6,44,1,46,0
6,-3,45,1,46,0
5,-1,4,1,46,0
8,1,17,1,46,0
7,0,25,1,46,0
-3,3,45,1,46,0
3,6,45,1,46,0
9,3,1,1,46,0
8,2,4,1,46,0
6,0,13,1,46,0
7,1,15,1,46,0
8,-1,36,1,46,0
2,6,36,1,46,0
-9,1,3,1,46,0
-5,7,4,1,46,0
7,2,6,1,46,0
6,1,17,1,46,0
1,6,29,1,46,0
8,-2,34,1,46,0
8,3,45,1,46,0
-3,6,5,1,46,0
-8,1,9,1,46,0
8,4,11,1,46,0
5,1,13,1,46,0
-4,7,16,1,46,0
0,6,23,1,46,0
8,-3,23,1,46,0
6,2,24,1,46,0
7,3,44,1,46,0
4,1,7,1,46,0
-2,6,11,1,46,0
-4,8,14,1,46,0
-7,1,15,1,46,0
-3,7,24,1,46,0
6,3,31,1,46,0
8,5,31,1,46,0
7,4,43,1,46,0
7,-1,44,1,46,0
0,7,45,1,46,0
-5,0,4,1,47,0
-1,6,17,1,47,0
-6,1,21,1,47,0
8,6,27,1,47,0
-2,7,29,1,47,0
7,5,35,1,47,0
7,-2,39,1,47,0
5,3,43,1,47,0
4,2,46,1,47,0
-4,0,9,1,47,0
8,7,18,1,47,0
-5,1,24,1,47,0
7,6,26,1,47,0
6,5,28,1,47,0
-2,8,31,1,47,0
5,4,35,1,47,0
-1,7,39,1,47,0
7,-3,43,1,47,0
4,3,44,1,47,0
8,-6,45,1,47,0
-3,0,17,1,47,0
8,8,12,1,47,0
7,7,19,1,47,0
-5,2,29,1,47,0
7,-4,34,1,47,0
-1,8,35,1,47,0
5,5,38,1,47,0
6,-1,46,1,47,0
7,8,13,1,47,0
-2,0,23,1,47,0
-4,2,36,1,47,0
4,5,39,1,47,0
7,-5,41,1,47,0
5,6,46,1,47,0
7,9,5,1,47,0
-1,0,27,1,47,0
8,0,28,1,47,0
-4,3,37,1,47,0
6,-3,46,1,47,0
4,6,46,1,47,0
7,-6,46,1,47,0
5,-1,4,1,47,0
8,1,17,1,47,0
7,0,25,1,47,0
-3,3,45,1,47,0
3,6,45,1,47,0
9,3,1,1,47,0
8,2,4,1,47,0
6,0,13,1,47,0
7,1,15,1,47,0
8,-1,36,1,47,0
2,6,36,1,47,0
-2,3,46,1,47,0
-9,1,3,1,47,0
-5,7,4,1,47,0
7,2,6,1,47,0
6,1,17,1,47,0
1,6,29,1,47,0
8,-2,34,1,47,0
8,3,46,1,47,0
-3,6,5,1,47,0
-8,1,9,1,47,0
8,4,11,1,47,0
5,1,13,1,47,0
-4,7,16,1,47,0
0,6,23,1,47,0
8,-3,23,1,47,0
6,2,24,1,47,0
7,3,44,1,47,0
4,1,7,1,47,0
-2,6,11,1,47,0
-4,8,14,1,47,0
-7,1,15,1,47,0
-3,7,24,1,47,0
6,3,31,1,47,0
8,5,31,1,47,0
7,4,43,1,47,0
7,-1,44,1,47,0
0,7,46,1,47,0
-5,0,4,1,48,0
-1,6,17,1,48,0
-6,1,21,1,48,0
8,6,27,1,48,0
-2,7,29,1,48,0
7,5,35,1,48,0
7,-2,39,1,48,0
5,3,43,1,48,0
4,2,47,1,48,0
-4,0,9,1,48,0
8,7,18,1,48,0
-5,1,24,1,48,0
7,6,26,1,48,0
6,5,28,1,48,0
-2,8,31,1,48,0
5,4,35,1,48,0
-1,7,39,1,48,0
7,-3,43,1,48,0
4,3,44,1,48,0
8,-6,45,1,48,0
-3,0,17,1,48,0
8,8,12,1,48,0
7,7,19,1,48,0
-5,2,29,1,48,0
7,-4,34,1,48,0
-1,8,35,1,48,0
5,5,38,1,48,0
6,-1,47,1,48,0
7,8,13,1,48,0
-2,0,23,1,48,0
-4,2,36,1,48,0
4,5,39,1,48,0
7,-5,41,1,48,0
5,6,47,1,48,0
7,9,5,1,48,0
-1,0,27,1,48,0
8,0,28,1,48,0
-4,3,37,1,48,0
6,-3,47,1,48,0
4,6,47,1,48,0
7,-6,47,1,48,0
5,-1,4,1,48,0
8,1,17,1,48,0
7,0,25,1,48,0
-3,3,45,1,48,0
3,6,45,1,48,0
9,3,1,1,48,0
8,2,4,1,48,0
6,0,13,1,48,0
7,1,15,1,48,0
8,-1,36,1,48,0
2,6,36,1,48,0
-2,3,47,1,48,0
-9,1,3,1,48,0
-5,7,4,1,48,0
7,2,6,1,48,0
6,1,17,1,48,0
1,6,29,1,48,0
8,-2,34,1,48,0
8,3,47,1,48,0
-3,6,5,1,48,0
-8,1,9,1,48,0
8,4,11,1,48,0
5,1,13,1,48,0
-4,7,16,1,48,0
0,6,23,1,48,0
8,-3,23,1,48,0
6,2,24,1,48,0
7,3,44,1,48,0
1,7,47,1,48,0
4,1,7,1,48,0
-2,6,11,1,48,0
-4,8,14,1,48,0
-7,1,15,1,48,0
-3,7,24,1,48,0
6,3,31,1,48,0
8,5,31,1,48,0
7,4,43,1,48,0
7,-1,44,1,48,0
0,7,46,1,48,0
-5,0,4,1,49,0
-1,6,17,1,49,0
-6,1,21,1,49,0
8,6,27,1,49,0
-2,7,29,1,49,0
7,5,35,1,49,0
7,-2,39,1,49,0
5,3,43,1,49,0
4,2,48,1,49,0
-4,0,9,1,49,0
8,7,18,1,49,0
-5,1,24,1,49,0
7,6,26,1,49,0
6,5,28,1,49,0
-2,8,31,1,49,0
5,4,35,1,49,0
-1,7,39,1,49,0
7,-3,43,1,49,0
4,3,44,1,49,0
8,-6,45,1,49,0
-3,0,17,1,49,0
8,8,12,1,49,0
7,7,19,1,49,0
-5,2,29,1,49,0
7,-4,34,1,49,0
-1,8,35,1,49,0
5,5,38,1,49,0
6,-1,48,1,49,0
7,8,13,1,49,0
-2,0,23,1,49,0
-4,2,36,1,49,0
4,5,39,1,49,0
7,-5,41,1,49,0
5,6,48,1,49,0
7,9,5,1,49,0
-1,0,27,1,49,0
8,0,28,1,49,0
-4,3,37,1,49,0
6,-3,48,1,49,0
4,6,48,1,49,0
7,-6,48,1,49,0
5,-1,4,1,49,0
8,1,17,1,49,0
7,0,25,1,49,0
-3,3,45,1,49,0
3,6,45,1,49,0
9,3,1,1,49,0
8,2,4,1,49,0
6,0,13,1,49,0
7,1,15,1,49,0
8,-1,36,1,49,0
2,6,36,1,49,0
-2,3,48,1,49,0
-9,1,3,1,49,0
-5,7,4,1,49,0
7,2,6,1,49,0
6,1,17,1,49,0
1,6,29,1,49,0
8,-2,34,1,49,0
8,3,47,1,49,0
-3,6,5,1,49,0
-8,1,9,1,49,0
8,4,11,1,49,0
5,1,13,1,49,0
-4,7,16,1,49,0
0,6,23,1,49,0
8,-3,23,1,49,0
6,2,24,1,49,0
7,3,48,1,49,0
1,7,48,1,49,0
4,1,7,1,49,0
-2,6,11,1,49,0
-4,8,14,1,49,0
-7,1,15,1,49,0
-3,7,24,1,49,0
6,3,31,1,49,0
8,5,31,1,49,0
7,4,43,1,49,0
7,-1,44,1,49,0
0,7,46,1,49,0
-5,0,4,1,50,0
-1,6,17,1,50,0
-6,1,21,1,50,0
8,6,27,1,50,0
-2,7,29,1,50,0
7,5,35,1,50,0
7,-2,39,1,50,0
5,3,43,1,50,0
4,2,49,1,50,0
-4,0,9,1,50,0
8,7,18,1,50,0
-5,1,24,1,50,0
7,6,26,1,50,0
6,5,28,1,50,0
-2,8,31,1,50,0
5,4,35,1,50,0
-1,7,39,1,50,0
7,-3,43,1,50,0
4,3,44,1,50,0
8,-6,45,1,50,0
-3,0,17,1,50,0
8,8,12,1,50,0
7,7,19,1,50,0
-5,2,29,1,50,0
7,-4,34,1,50,0
-1,8,35,1,50,0
5,5,38,1,50,0
6,-1,49,1,50,0
7,8,13,1,50,0
-2,0,23,1,50,0
-4,2,36,1,50,0
4,5,39,1,50,0
7,-5,41,1,50,0
5,6,48,1,50,0
7,9,5,1,50,0
-1,0,27,1,50,0
8,0,28,1,50,0
-4,3,37,1,50,0
4,6,48,1,50,0
6,-3,49,1,50,0
5,7,49,1,50,0
7,-6,49,1,50,0
5,-1,4,1,50,0
8,1,17,1,50,0
7,0,25,1,50,0
-3,3,45,1,50,0
3,6,45,1,50,0
4,7,49,1,50,0
9,3,1,1,50,0
8,2,4,1,50,0
6,0,13,1,50,0
7,1,15,1,50,0
8,-1,36,1,50,0
2,6,36,1,50,0
-2,3,49,1,50,0
-9,1,3,1,50,0
-5,7,4,1,50,0
7,2,6,1,50,0
6,1,17,1,50,0
1,6,29,1,50,0
8,-2,34,1,50,0
8,3,47,1,50,0
-3,6,5,1,50,0
-8,1,9,1,50,0
8,4,11,1,50,0
5,1,13,1,50,0
-4,7,16,1,50,0
0,6,23,1,50,0
8,-3,23,1,50,0
6,2,24,1,50,0
1,7,48,1,50,0
7,3,49,1,50,0
4,1,7,1,50,0
-2,6,11,1,50,0
-4,8,14,1,50,0
-7,1,15,1,50,0
-3,7,24,1,50,0
6,3,31,1,50,0
8,5,31,1,50,0
7,4,43,1,50,0
7,-1,44,1,50,0
0,7,46,1,50,0
1,8,49,1,50,0
-5,0,4,1,51,0
-1,6,17,1,51,0
-6,1,21,1,51,0
8,6,27,1,51,0
-2,7,29,1,51,0
7,5,35,1,51,0
7,-2,39,1,51,0
5,3,43,1,51,0
4,2,49,1,51,0
-4,0,9,1,51,0
8,7,18,1,51,0
-5,1,24,1,51,0
7,6,26,1,51,0
6,5,28,1,51,0
-2,8,31,1,51,0
5,4,35,1,51,0
-1,7,39,1,51,0
7,-3,43,1,51,0
4,3,44,1,51,0
8,-6,45,1,51,0
-3,0,17,1,51,0
8,8,12,1,51,0
7,7,19,1,51,0
-5,2,29,1,51,0
7,-4,34,1,51,0
-1,8,35,1,51,0
5,5,38,1,51,0
6,-1,49,1,51,0
7,8,13,1,51,0
-2,0,23,1,51,0
-4,2,36,1,51,0
4,5,39,1,51,0
7,-5,41,1,51,0
5,6,48,1,51,0
7,9,5,1,51,0
-1,0,27,1,51,0
8,0,28,1,51,0
-4,3,37,1,51,0
4,6,48,1,51,0
6,-3,49,1,51,0
5,7,49,1,51,0
7,-6,49,1,51,0
5,-1,4,1,51,0
8,1,17,1,51,0
7,0,25,1,51,0
-3,3,45,1,51,0
3,6,45,1,51,0
4,7,49,1,51,0
9,3,1,1,51,0
8,2,4,1,51,0
6,0,13,1,51,0
7,1,15,1,51,0
8,-1,36,1,51,0
2,6,36,1,51,0
-2,3,49,1,51,0
-9,1,3,1,51,0
-5,7,4,1,51,0
7,2,6,1,51,0
6,1,17,1,51,0
1,6,29,1,51,0
8,-2,34,1,51,0
8,3,47,1,51,0
-3,6,5,1,51,0
-8,1,9,1,51,0
8,4,11,1,51,0
5,1,13,1,51,0
-4,7,16,1,51,0
0,6,23,1,51,0
8,-3,23,1,51,0
6,2,24,1,51,0
1,7,48,1,51,0
7,3,49,1,51,0
4,1,7,1,51,0
-2,6,11,1,51,0
-4,8,14,1,51,0
-7,1,15,1,51,0
-3,7,24,1,51,0
6,3,31,1,51,0
8,5,31,1,51,0
7,4,43,1,51,0
7,-1,44,1,51,0
0,7,46,1,51,0
1,8,49,1,51,0
-5,0,4,1,52,0
-1,6,17,1,52,0
-6,1,21,1,52,0
8,6,27,1,52,0
-2,7,29,1,52,0
7,5,35,1,52,0
7,-2,39,1,52,0
5,3,43,1,52,0
4,2,51,1,52,0
-4,0,9,1,52,0
8,7,18,1,52,0
-5,1,24,1,52,0
7,6,26,1,52,0
6,5,28,1,52,0
-2,8,31,1,52,0
5,4,35,1,52,0
-1,7,39,1,52,0
7,-3,43,1,52,0
4,3,44,1,52,0
8,-6,45,1,52,0
-3,0,17,1,52,0
8,8,12,1,52,0
7,7,19,1,52,0
-5,2,29,1,52,0
7,-4,34,1,52,0
-1,8,35,1,52,0
5,5,38,1,52,0
6,-1,49,1,52,0
7,8,13,1,52,0
-2,0,23,1,52,0
-4,2,36,1,52,0
4,5,39,1,52,0
7,-5,41,1,52,0
5,6,48,1,52,0
7,9,5,1,52,0
-1,0,27,1,52,0
8,0,28,1,52,0
-4,3,37,1,52,0
4,6,48,1,52,0
6,-3,49,1,52,0
7,-6,49,1,52,0
5,7,51,1,52,0
8,1,17,1,52,0
7,0,25,1,52,0
-3,3,45,1,52,0
3,6,45,1,52,0
5,-1,51,1,52,0
4,7,51,1,52,0
7,-7,51,1,52,0
9,3,1,1,52,0
8,2,4,1,52,0
6,0,13,1,52,0
7,1,15,1,52,0
8,-1,36,1,52,0
2,6,36,1,52,0
-2,3,51,1,52,0
-9,1,3,1,52,0
-5,7,4,1,52,0
7,2,6,1,52,0
6,1,17,1,52,0
1,6,29,1,52,0
8,-2,34,1,52,0
8,3,47,1,52,0
5,-3,51,1,52,0
-3,6,5,1,52,0
-8,1,9,1,52,0
8,4,11,1,52,0
5,1,13,1,52,0
-4,7,16,1,52,0
0,6,23,1,52,0
8,-3,23,1,52,0
6,2,24,1,52,0
1,7,48,1,52,0
7,3,51,1,52,0
4,1,7,1,52,0
-2,6,11,1,52,0
-4,8,14,1,52,0
-7,1,15,1,52,0
-3,7,24,1,52,0
6,3,31,1,52,0
8,5,31,1,52,0
7,4,43,1,52,0
7,-1,44,1,52,0
0,7,46,1,52,0
1,8,51,1,52,0
-5,0,4,1,53,0
-1,6,17,1,53,0
-6,1,21,1,53,0
8,6,27,1,53,0
-2,7,29,1,53,0
7,5,35,1,53,0
7,-2,39,1,53,0
5,3,43,1,53,0
4,2,51,1,53,0
-4,0,9,1,53,0
8,7,18,1,53,0
-5,1,24,1,53,0
7,6,26,1,53,0
6,5,28,1,53,0
-2,8,31,1,53,0
5,4,35,1,53,0
-1,7,39,1,53,0
7,-3,43,1,53,0
4,3,44,1,53,0
8,-6,45,1,53,0
-3,0,17,1,53,0
8,8,12,1,53,0
7,7,19,1,53,0
-5,2,29,1,53,0
7,-4,34,1,53,0
-1,8,35,1,53,0
5,5,38,1,53,0
6,-1,49,1,53,0
7,8,13,1,53,0
-2,0,23,1,53,0
-4,2,36,1,53,0
4,5,39,1,53,0
7,-5,41,1,53,0
5,6,48,1,53,0
7,9,5,1,53,0
-1,0,27,1,53,0
8,0,28,1,53,0
-4,3,37,1,53,0
4,6,48,1,53,0
6,-3,49,1,53,0
7,-6,49,1,53,0
5,7,52,1,53,0
8,1,17,1,53,0
7,0,25,1,53,0
-3,3,45,1,53,0
3,6,45,1,53,0
5,-1,52,1,53,0
4,7,52,1,53,0
7,-7,52,1,53,0
9,3,1,1,53,0
8,2,4,1,53,0
6,0,13,1,53,0
7,1,15,1,53,0
8,-1,36,1,53,0
2,6,36,1,53,0
-2,3,51,1,53,0
-9,1,3,1,53,0
-5,7,4,1,53,0
6,1,17,1,53,0
1,6,29,1,53,0
8,-2,34,1,53,0
8,3,47,1,53,0
5,-3,52,1,53,0
7,2,52,1,53,0
-1,3,52,1,53,0
-3,6,5,1,53,0
-8,1,9,1,53,0
8,4,11,1,53,0
5,1,13,1,53,0
-4,7,16,1,53,0
0,6,23,1,53,0
8,-3,23,1,53,0
6,2,24,1,53,0
1,7,48,1,53,0
7,3,51,1,53,0
-2,6,11,1,53,0
-4,8,14,1,53,0
-7,1,15,1,53,0
-3,7,24,1,53,0
6,3,31,1,53,0
8,5,31,1,53,0
7,4,43,1,53,0
7,-1,44,1,53,0
0,7,46,1,53,0
4,1,52,1,53,0
1,8,52,1,53,0
-5,0,4,1,54,0
-1,6,17,1,54,0
-6,1,21,1,54,0
8,6,27,1,54,0
-2,7,29,1,54,0
7,5,35,1,54,0
7,-2,39,1,54,0
5,3,43,1,54,0
4,2,51,1,54,0
-4,0,9,1,54,0
8,7,18,1,54,0
-5,1,24,1,54,0
7,6,26,1,54,0
6,5,28,1,54,0
-2,8,31,1,54,0
5,4,35,1,54,0
-1,7,39,1,54,0
7,-3,43,1,54,0
4,3,44,1,54,0
8,-6,45,1,54,0
-3,0,17,1,54,0
8,8,12,1,54,0
7,7,19,1,54,0
-5,2,29,1,54,0
7,-4,34,1,54,0
-1,8,35,1,54,0
5,5,38,1,54,0
6,-1,49,1,54,0
7,8,13,1,54,0
-2,0,23,1,54,0
-4,2,36,1,54,0
4,5,39,1,54,0
7,-5,41,1,54,0
5,6,48,1,54,0
7,9,5,1,54,0
-1,0,27,1,54,0
8,0,28,1,54,0
-4,3,37,1,54,0
4,6,48,1,54,0
6,-3,49,1,54,0
7,-6,49,1,54,0
5,7,53,1,54,0
8,1,17,1,54,0
7,0,25,1,54,0
-3,3,45,1,54,0
3,6,45,1,54,0
5,-1,53,1,54,0
4,7,53,1,54,0
7,-7,53,1,54,0
9,3,1,1,54,0
8,2,4,1,54,0
6,0,13,1,54,0
7,1,15,1,54,0
8,-1,36,1,54,0
2,6,36,1,54,0
-2,3,51,1,54,0
-9,1,3,1,54,0
-5,7,4,1,54,0
6,1,17,1,54,0
1,6,29,1,54,0
8,-2,34,1,54,0
8,3,47,1,54,0
7,2,52,1,54,0
5,-3,53,1,54,0
-1,3,53,1,54,0
-3,6,5,1,54,0
-8,1,9,1,54,0
8,4,11,1,54,0
5,1,13,1,54,0
-4,7,16,1,54,0
0,6,23,1,54,0
8,-3,23,1,54,0
6,2,24,1,54,0
1,7,48,1,54,0
7,3,51,1,54,0
-2,6,11,1,54,0
-4,8,14,1,54,0
-7,1,15,1,54,0
-3,7,24,1,54,0
6,3,31,1,54,0
8,5,31,1,54,0
7,4,43,1,54,0
7,-1,44,1,54,0
0,7,46,1,54,0
4,1,53,1,54,0
1,8,53,1,54,0
-5,0,4,1,55,0
-1,6,17,1,55,0
-6,1,21,1,55,0
8,6,27,1,55,0
-2,7,29,1,55,0
7,5,35,1,55,0
7,-2,39,1,55,0
5,3,43,1,55,0
4,2,51,1,55,0
-4,0,9,1,55,0
8,7,18,1,55,0
-5,1,24,1,55,0
7,6,26,1,55,0
6,5,28,1,55,0
-2,8,31,1,55,0
5,4,35,1,55,0
-1,7,39,1,55,0
7,-3,43,1,55,0
4,3,44,1,55,0
8,-6,45,1,55,0
-3,0,17,1,55,0
8,8,12,1,55,0
7,7,19,1,55,0
-5,2,29,1,55,0
7,-4,34,1,55,0
-1,8,35,1,55,0
5,5,38,1,55,0
6,-1,49,1,55,0
7,8,13,1,55,0
-2,0,23,1,55,0
-4,2,36,1,55,0
4,5,39,1,55,0
7,-5,41,1,55,0
5,6,48,1,55,0
7,9,5,1,55,0
-1,0,27,1,55,0
8,0,28,1,55,0
-4,3,37,1,55,0
4,6,48,1,55,0
6,-3,49,1,55,0
7,-6,49,1,55,0
5,7,54,1,55,0
8,1,17,1,55,0
7,0,25,1,55,0
-3,3,45,1,55,0
3,6,45,1,55,0
5,-1,54,1,55,0
4,7,54,1,55,0
7,-7,54,1,55,0
9,3,1,1,55,0
6,0,13,1,55,0
7,1,15,1,55,0
8,-1,36,1,55,0
2,6,36,1,55,0
-2,3,51,1,55,0
8,2,54,1,55,0
-9,1,3,1,55,0
-5,7,4,1,55,0
6,1,17,1,55,0
1,6,29,1,55,0
8,-2,34,1,55,0
8,3,47,1,55,0
7,2,53,1,55,0
5,-3,54,1,55,0
-1,3,54,1,55,0
-3,6,5,1,55,0
-8,1,9,1,55,0
8,4,11,1,55,0
5,1,13,1,55,0
-4,7,16,1,55,0
0,6,23,1,55,0
8,-3,23,1,55,0
6,2,24,1,55,0
1,7,48,1,55,0
7,3,51,1,55,0
-2,6,11,1,55,0
-4,8,14,1,55,0
-7,1,15,1,55,0
-3,7,24,1,55,0
6,3,31,1,55,0
8,5,31,1,55,0
7,4,43,1,55,0
7,-1,44,1,55,0
0,7,46,1,55,0
4,1,54,1,55,0
1,8,54,1,55,0
-5,0,4,1,56,0
-1,6,17,1,56,0
-6,1,21,1,56,0
8,6,27,1,56,0
-2,7,29,1,56,0
7,5,35,1,56,0
7,-2,39,1,56,0
5,3,43,1,56,0
4,2,51,1,56,0
-4,0,9,1,56,0
8,7,18,1,56,0
-5,1,24,1,56,0
7,6,26,1,56,0
6,5,28,1,56,0
-2,8,31,1,56,0
5,4,35,1,56,0
-1,7,39,1,56,0
7,-3,43,1,56,0
4,3,44,1,56,0
8,-6,45,1,56,0
-3,0,17,1,56,0
8,8,12,1,56,0
7,7,19,1,56,0
-5,2,29,1,56,0
7,-4,34,1,56,0
-1,8,35,1,56,0
5,5,38,1,56,0
6,-1,49,1,56,0
7,8,13,1,56,0
-2,0,23,1,56,0
-4,2,36,1,56,0
4,5,39,1,56,0
7,-5,41,1,56,0
5,6,48,1,56,0
7,9,5,1,56,0
-1,0,27,1,56,0
8,0,28,1,56,0
-4,3,37,1,56,0
4,6,48,1,56,0
6,-3,49,1,56,0
7,-6,49,1,56,0
5,7,55,1,56,0
8,1,17,1,56,0
7,0,25,1,56,0
-3,3,45,1,56,0
3,6,45,1,56,0
5,-1,55,1,56,0
4,7,55,1,56,0
7,-7,55,1,56,0
9,3,1,1,56,0
6,0,13,1,56,0
7,1,15,1,56,0
8,-1,36,1,56,0
2,6,36,1,56,0
-2,3,51,1,56,0
8,2,55,1,56,0
-9,1,3,1,56,0
-5,7,4,1,56,0
6,1,17,1,56,0
1,6,29,1,56,0
8,-2,34,1,56,0
8,3,47,1,56,0
7,2,53,1,56,0
5,-3,55,1,56,0
-1,3,55,1,56,0
-3,6,5,1,56,0
-8,1,9,1,56,0
8,4,11,1,56,0
5,1,13,1,56,0
-4,7,16,1,56,0
0,6,23,1,56,0
8,-3,23,1,56,0
6,2,24,1,56,0
7,3,51,1,56,0
1,7,55,1,56,0
-2,6,11,1,56,0
-4,8,14,1,56,0
-7,1,15,1,56,0
-3,7,24,1,56,0
6,3,31,1,56,0
8,5,31,1,56,0
7,4,43,1,56,0
7,-1,44,1,56,0
0,7,46,1,56,0
1,8,54,1,56,0
4,1,55,1,56,0
-5,0,4,1,57,0
-1,6,17,1,57,0
-6,1,21,1,57,0
8,6,27,1,57,0
-2,7,29,1,57,0
7,5,35,1,57,0
7,-2,39,1,57,0
5,3,43,1,57,0
4,2,51,1,57,0
-4,0,9,1,57,0
8,7,18,1,57,0
-5,1,24,1,57,0
7,6,26,1,57,0
6,5,28,1,57,0
-2,8,31,1,57,0
5,4,35,1,57,0
-1,7,39,1,57,0
7,-3,43,1,57,0
4,3,44,1,57,0
8,-6,45,1,57,0
-3,0,17,1,57,0
8,8,12,1,57,0
7,7,19,1,57,0
-5,2,29,1,57,0
7,-4,34,1,57,0
-1,8,35,1,57,0
5,5,38,1,57,0
6,-1,49,1,57,0
7,8,13,1,57,0
-2,0,23,1,57,0
-4,2,36,1,57,0
4,5,39,1,57,0
7,-5,41,1,57,0
5,6,48,1,57,0
7,9,5,1,57,0
-1,0,27,1,57,0
8,0,28,1,57,0
-4,3,37,1,57,0
4,6,48,1,57,0
6,-3,49,1,57,0
7,-6,49,1,57,0
5,7,55,1,57,0
8,1,17,1,57,0
7,0,25,1,57,0
-3,3,45,1,57,0
3,6,45,1,57,0
5,-1,56,1,57,0
4,7,56,1,57,0
7,-7,56,1,57,0
9,3,1,1,57,0
6,0,13,1,57,0
7,1,15,1,57,0
8,-1,36,1,57,0
2,6,36,1,57,0
-2,3,51,1,57,0
8,2,56,1,57,0
-9,1,3,1,57,0
-5,7,4,1,57,0
6,1,17,1,57,0
1,6,29,1,57,0
8,-2,34,1,57,0
8,3,47,1,57,0
7,2,53,1,57,0
5,-3,56,1,57,0
2,7,56,1,57,0
-1,3,56,1,57,0
-3,6,5,1,57,0
-8,1,9,1,57,0
8,4,11,1,57,0
5,1,13,1,57,0
-4,7,16,1,57,0
0,6,23,1,57,0
8,-3,23,1,57,0
6,2,24,1,57,0
7,3,51,1,57,0
1,7,55,1,57,0
-2,6,11,1,57,0
-4,8,14,1,57,0
-7,1,15,1,57,0
-3,7,24,1,57,0
6,3,31,1,57,0
8,5,31,1,57,0
7,4,43,1,57,0
7,-1,44,1,57,0
0,7,46,1,57,0
1,8,54,1,57,0
4,1,56,1,57,0
-5,0,4,1,58,0
-1,6,17,1,58,0
-6,1,21,1,58,0
8,6,27,1,58,0
-2,7,29,1,58,0
7,5,35,1,58,0
7,-2,39,1,58,0
5,3,43,1,58,0
4,2,51,1,58,0
-4,0,9,1,58,0
8,7,18,1,58,0
-5,1,24,1,58,0
7,6,26,1,58,0
6,5,28,1,58,0
-2,8,31,1,58,0
5,4,35,1,58,0
-1,7,39,1,58,0
7,-3,43,1,58,0
4,3,44,1,58,0
8,-6,45,1,58,0
-3,0,17,1,58,0
8,8,12,1,58,0
7,7,19,1,58,0
-5,2,29,1,58,0
7,-4,34,1,58,0
-1,8,35,1,58,0
5,5,38,1,58,0
6,-1,49,1,58,0
7,8,13,1,58,0
-2,0,23,1,58,0
-4,2,36,1,58,0
4,5,39,1,58,0
7,-5,41,1,58,0
5,6,48,1,58,0
6,7,56,1,58,0
7,9,5,1,58,0
-1,0,27,1,58,0
8,0,28,1,58,0
-4,3,37,1,58,0
4,6,48,1,58,0
6,-3,49,1,58,0
7,-6,49,1,58,0
5,7,55,1,58,0
8,1,17,1,58,0
7,0,25,1,58,0
-3,3,45,1,58,0
3,6,45,1,58,0
4,7,56,1,58,0
7,-7,56,1,58,0
5,-1,57,1,58,0
9,3,1,1,58,0
6,0,13,1,58,0
7,1,15,1,58,0
8,-1,36,1,58,0
2,6,36,1,58,0
-2,3,51,1,58,0
8,2,57,1,58,0
4,8,57,1,58,0
7,-8,57,1,58,0
-9,1,3,1,58,0
-5,7,4,1,58,0
6,1,17,1,58,0
1,6,29,1,58,0
8,-2,34,1,58,0
8,3,47,1,58,0
7,2,53,1,58,0
5,-3,57,1,58,0
2,7,57,1,58,0
-1,3,57,1,58,0
-3,6,5,1,58,0
-8,1,9,1,58,0
8,4,11,1,58,0
5,1,13,1,58,0
-4,7,16,1,58,0
0,6,23,1,58,0
8,-3,23,1,58,0
6,2,24,1,58,0
7,3,51,1,58,0
1,7,55,1,58,0
-2,6,11,1,58,0
-4,8,14,1,58,0
-7,1,15,1,58,0
-3,7,24,1,58,0
6,3,31,1,58,0
8,5,31,1,58,0
7,4,43,1,58,0
7,-1,44,1,58,0
0,7,46,1,58,0
1,8,54,1,58,0
4,1,57,1,58,0
-5,0,4,1,59,0
-1,6,17,1,59,0
-6,1,21,1,59,0
8,6,27,1,59,0
-2,7,29,1,59,0
7,5,35,1,59,0
7,-2,39,1,59,0
5,3,43,1,59,0
4,2,51,1,59,0
4,-3,58,1,59,0
-4,0,9,1,59,0
8,7,18,1,59,0
-5,1,24,1,59,0
7,6,26,1,59,0
6,5,28,1,59,0
-2,8,31,1,59,0
5,4,35,1,59,0
-1,7,39,1,59,0
7,-3,43,1,59,0
4,3,44,1,59,0
8,-6,45,1,59,0
-3,0,17,1,59,0
8,8,12,1,59,0
7,7,19,1,59,0
-5,2,29,1,59,0
7,-4,34,1,59,0
-1,8,35,1,59,0
5,5,38,1,59,0
6,-1,49,1,59,0
7,8,13,1,59,0
-2,0,23,1,59,0
-4,2,36,1,59,0
4,5,39,1,59,0
7,-5,41,1,59,0
5,6,48,1,59,0
6,7,56,1,59,0
7,9,5,1,59,0
-1,0,27,1,59,0
8,0,28,1,59,0
-4,3,37,1,59,0
4,6,48,1,59,0
6,-3,49,1,59,0
7,-6,49,1,59,0
5,7,55,1,59,0
6,8,57,1,59,0
8,1,17,1,59,0
7,0,25,1,59,0
-3,3,45,1,59,0
3,6,45,1,59,0
4,7,56,1,59,0
7,-7,56,1,59,0
5,-1,57,1,59,0
0,3,58,1,59,0
9,3,1,1,59,0
6,0,13,1,59,0
7,1,15,1,59,0
8,-1,36,1,59,0
2,6,36,1,59,0
-2,3,51,1,59,0
8,2,58,1,59,0
4,8,58,1,59,0
7,-8,58,1,59,0
-9,1,3,1,59,0
-5,7,4,1,59,0
6,1,17,1,59,0
1,6,29,1,59,0
8,-2,34,1,59,0
8,3,47,1,59,0
7,2,53,1,59,0
5,-3,57,1,59,0
-1,3,57,1,59,0
2,7,58,1,59,0
-3,6,5,1,59,0
-8,1,9,1,59,0
8,4,11,1,59,0
5,1,13,1,59,0
-4,7,16,1,59,0
0,6,23,1,59,0
8,-3,23,1,59,0
6,2,24,1,59,0
7,3,51,1,59,0
1,7,55,1,59,0
4,-1,58,1,59,0
-2,6,11,1,59,0
-4,8,14,1,59,0
-7,1,15,1,59,0
-3,7,24,1,59,0
6,3,31,1,59,0
8,5,31,1,59,0
7,4,43,1,59,0
7,-1,44,1,59,0
0,7,46,1,59,0
1,8,54,1,59,0
4,1,58,1,59,0
-5,0,4,1,60,0
-1,6,17,1,60,0
-6,1,21,1,60,0
8,6,27,1,60,0
-2,7,29,1,60,0
7,5,35,1,60,0
7,-2,39,1,60,0
5,3,43,1,60,0
4,2,51,1,60,0
4,-3,59,1,60,0
-4,0,9,1,60,0
8,7,18,1,60,0
-5,1,24,1,60,0
7,6,26,1,60,0
6,5,28,1,60,0
-2,8,31,1,60,0
5,4,35,1,60,0
-1,7,39,1,60,0
7,-3,43,1,60,0
4,3,44,1,60,0
8,-6,45,1,60,0
-3,0,17,1,60,0
8,8,12,1,60,0
7,7,19,1,60,0
-5,2,29,1,60,0
7,-4,34,1,60,0
-1,8,35,1,60,0
5,5,38,1,60,0
6,-1,49,1,60,0
7,8,13,1,60,0
-2,0,23,1,60,0
-4,2,36,1,60,0
4,5,39,1,60,0
7,-5,41,1,60,0
5,6,48,1,60,0
6,7,56,1,60,0
7,9,5,1,60,0
-1,0,27,1,60,0
8,0,28,1,60,0
-4,3,37,1,60,0
4,6,48,1,60,0
6,-3,49,1,60,0
7,-6,49,1,60,0
5,7,55,1,60,0
6,8,58,1,60,0
7,0,25,1,60,0
-3,3,45,1,60,0
3,6,45,1,60,0
4,7,56,1,60,0
7,-7,56,1,60,0
5,-1,57,1,60,0
8,1,59,1,60,0
0,3,59,1,60,0
9,3,1,1,60,0
6,0,13,1,60,0
7,1,15,1,60,0
8,-1,36,1,60,0
2,6,36,1,60,0
-2,3,51,1,60,0
8,2,58,1,60,0
4,8,59,1,60,0
7,-8,59,1,60,0
-9,1,3,1,60,0
-5,7,4,1,60,0
6,1,17,1,60,0
1,6,29,1,60,0
8,-2,34,1,60,0
8,3,47,1,60,0
7,2,53,1,60,0
5,-3,57,1,60,0
-1,3,57,1,60,0
2,7,59,1,60,0
-3,6,5,1,60,0
-8,1,9,1,60,0
8,4,11,1,60,0
5,1,13,1,60,0
-4,7,16,1,60,0
0,6,23,1,60,0
8,-3,23,1,60,0
6,2,24,1,60,0
7,3,51,1,60,0
1,7,55,1,60,0
4,-1,59,1,60,0
4,0,59,1,60,0
-2,6,11,1,60,0
-4,8,14,1,60,0
-7,1,15,1,60,0
-3,7,24,1,60,0
6,3,31,1,60,0
8,5,31,1,60,0
7,4,43,1,60,0
7,-1,44,1,60,0
0,7,46,1,60,0
1,8,54,1,60,0
4,1,58,1,60,0
-5,0,4,1,61,0
-1,6,17,1,61,0
-6,1,21,1,61,0
8,6,27,1,61,0
-2,7,29,1,61,0
7,5,35,1,61,0
7,-2,39,1,61,0
5,3,43,1,61,0
4,2,51,1,61,0
4,-3,59,1,61,0
-4,0,9,1,61,0
8,7,18,1,61,0
-5,1,24,1,61,0
7,6,26,1,61,0
6,5,28,1,61,0
-2,8,31,1,61,0
5,4,35,1,61,0
-1,7,39,1,61,0
7,-3,43,1,61,0
4,3,44,1,61,0
8,-6,45,1,61,0
-3,0,17,1,61,0
8,8,12,1,61,0
7,7,19,1,61,0
-5,2,29,1,61,0
7,-4,34,1,61,0
-1,8,35,1,61,0
5,5,38,1,61,0
6,-1,49,1,61,0
7,8,13,1,61,0
-2,0,23,1,61,0
-4,2,36,1,61,0
4,5,39,1,61,0
7,-5,41,1,61,0
5,6,48,1,61,0
6,7,56,1,61,0
7,9,5,1,61,0
-1,0,27,1,61,0
8,0,28,1,61,0
-4,3,37,1,61,0
4,6,48,1,61,0
6,-3,49,1,61,0
7,-6,49,1,61,0
5,7,55,1,61,0
6,8,59,1,61,0
7,0,25,1,61,0
-3,3,45,1,61,0
3,6,45,1,61,0
4,7,56,1,61,0
7,-7,56,1,61,0
5,-1,57,1,61,0
8,1,59,1,61,0
0,3,59,1,61,0
9,3,1,1,61,0
6,0,13,1,61,0
7,1,15,1,61,0
8,-1,36,1,61,0
2,6,36,1,61,0
-2,3,51,1,61,0
8,2,58,1,61,0
4,8,59,1,61,0
7,-8,59,1,61,0
-9,1,3,1,61,0
-5,7,4,1,61,0
6,1,17,1,61,0
1,6,29,1,61,0
8,-2,34,1,61,0
8,3,47,1,61,0
7,2,53,1,61,0
5,-3,57,1,61,0
-1,3,57,1,61,0
2,7,59,1,61,0
-3,6,5,1,61,0
-8,1,9,1,61,0
8,4,11,1,61,0
5,1,13,1,61,0
-4,7,16,1,61,0
0,6,23,1,61,0
8,-3,23,1,61,0
6,2,24,1,61,0
7,3,51,1,61,0
1,7,55,1,61,0
4,-1,59,1,61,0
4,0,59,1,61,0
-2,6,11,1,61,0
-4,8,14,1,61,0
-7,1,15,1,61,0
-3,7,24,1,61,0
6,3,31,1,61,0
8,5,31,1,61,0
7,4,43,1,61,0
7,-1,44,1,61,0
0,7,46,1,61,0
1,8,54,1,61,0
4,1,58,1,61,0
-5,0,4,1,62,0
-1,6,17,1,62,0
-6,1,21,1,62,0
8,6,27,1,62,0
-2,7,29,1,62,0
7,5,35,1,62,0
7,-2,39,1,62,0
5,3,43,1,62,0
4,2,51,1,62,0
4,-3,61,1,62,0
-4,0,9,1,62,0
8,7,18,1,62,0
-5,1,24,1,62,0
7,6,26,1,62,0
6,5,28,1,62,0
-2,8,31,1,62,0
5,4,35,1,62,0
-1,7,39,1,62,0
7,-3,43,1,62,0
4,3,44,1,62,0
8,-6,45,1,62,0
-3,0,17,1,62,0
8,8,12,1,62,0
7,7,19,1,62,0
-5,2,29,1,62,0
7,-4,34,1,62,0
-1,8,35,1,62,0
5,5,38,1,62,0
6,-1,49,1,62,0
7,8,13,1,62,0
-2,0,23,1,62,0
-4,2,36,1,62,0
4,5,39,1,62,0
7,-5,41,1,62,0
5,6,48,1,62,0
6,7,56,1,62,0
7,9,5,1,62,0
-1,0,27,1,62,0
8,0,28,1,62,0
-4,3,37,1,62,0
4,6,48,1,62,0
6,-3,49,1,62,0
7,-6,49,1,62,0
5,7,55,1,62,0
6,8,59,1,62,0
7,0,25,1,62,0
-3,3,45,1,62,0
3,6,45,1,62,0
5,-1,57,1,62,0
8,1,61,1,62,0
0,3,61,1,62,0
4,7,61,1,62,0
7,-7,61,1,62,0
9,3,1,1,62,0
6,0,13,1,62,0
7,1,15,1,62,0
8,-1,36,1,62,0
2,6,36,1,62,0
-2,3,51,1,62,0
8,2,58,1,62,0
4,8,59,1,62,0
7,-8,59,1,62,0
-9,1,3,1,62,0
-5,7,4,1,62,0
6,1,17,1,62,0
1,6,29,1,62,0
8,-2,34,1,62,0
8,3,47,1,62,0
7,2,53,1,62,0
5,-3,57,1,62,0
-1,3,57,1,62,0
2,7,59,1,62,0
-3,6,5,1,62,0
-8,1,9,1,62,0
8,4,11,1,62,0
5,1,13,1,62,0
-4,7,16,1,62,0
0,6,23,1,62,0
8,-3,23,1,62,0
6,2,24,1,62,0
7,3,51,1,62,0
1,7,55,1,62,0
4,-1,61,1,62,0
4,0,61,1,62,0
2,8,61,1,62,0
-2,6,11,1,62,0
-4,8,14,1,62,0
-7,1,15,1,62,0
-3,7,24,1,62,0
6,3,31,1,62,0
8,5,31,1,62,0
7,4,43,1,62,0
7,-1,44,1,62,0
0,7,46,1,62,0
1,8,54,1,62,0
4,1,58,1,62,0
-5,0,4,1,63,0
-1,6,17,1,63,0
-6,1,21,1,63,0
8,6,27,1,63,0
-2,7,29,1,63,0
7,5,35,1,63,0
7,-2,39,1,63,0
5,3,43,1,63,0
4,2,51,1,63,0
4,-3,62,1,63,0
-4,0,9,1,63,0
8,7,18,1,63,0
-5,1,24,1,63,0
7,6,26,1,63,0
6,5,28,1,63,0
-2,8,31,1,63,0
5,4,35,1,63,0
-1,7,39,1,63,0
7,-3,43,1,63,0
4,3,44,1,63,0
8,-6,45,1,63,0
-3,0,17,1,63,0
8,8,12,1,63,0
7,7,19,1,63,0
-5,2,29,1,63,0
7,-4,34,1,63,0
-1,8,35,1,63,0
5,5,38,1,63,0
6,-1,49,1,63,0
7,8,13,1,63,0
-2,0,23,1,63,0
-4,2,36,1,63,0
4,5,39,1,63,0
7,-5,41,1,63,0
5,6,48,1,63,0
6,7,61,1,63,0
7,9,5,1,63,0
-1,0,27,1,63,0
8,0,28,1,63,0
-4,3,37,1,63,0
4,6,48,1,63,0
6,-3,49,1,63,0
7,-6,49,1,63,0
5,7,55,1,63,0
6,8,59,1,63,0
7,0,25,1,63,0
-3,3,45,1,63,0
3,6,45,1,63,0
5,-1,57,1,63,0
8,1,61,1,63,0
0,3,62,1,63,0
4,7,62,1,63,0
7,-7,62,1,63,0
9,3,1,1,63,0
6,0,13,1,63,0
8,-1,36,1,63,0
2,6,36,1,63,0
-2,3,51,1,63,0
8,2,58,1,63,0
4,8,59,1,63,0
7,-8,59,1,63,0
7,1,62,1,63,0
-9,1,3,1,63,0
-5,7,4,1,63,0
6,1,17,1,63,0
1,6,29,1,63,0
8,-2,34,1,63,0
8,3,47,1,63,0
7,2,53,1,63,0
5,-3,57,1,63,0
-1,3,57,1,63,0
2,7,59,1,63,0
-3,6,5,1,63,0
-8,1,9,1,63,0
8,4,11,1,63,0
5,1,13,1,63,0
-4,7,16,1,63,0
0,6,23,1,63,0
8,-3,23,1,63,0
6,2,24,1,63,0
7,3,51,1,63,0
1,7,55,1,63,0
4,-1,62,1,63,0
4,0,62,1,63,0
2,8,62,1,63,0
-2,6,11,1,63,0
-4,8,14,1,63,0
-7,1,15,1,63,0
-3,7,24,1,63,0
6,3,31,1,63,0
8,5,31,1,63,0
7,4,43,1,63,0
7,-1,44,1,63,0
0,7,46,1,63,0
1,8,54,1,63,0
4,1,58,1,63,0
-5,0,4,1,64,0
-1,6,17,1,64,0
-6,1,21,1,64,0
8,6,27,1,64,0
-2,7,29,1,64,0
7,5,35,1,64,0
7,-2,39,1,64,0
5,3,43,1,64,0
4,2,51,1,64,0
4,-3,63,1,64,0
-4,0,9,1,64,0
8,7,18,1,64,0
-5,1,24,1,64,0
7,6,26,1,64,0
6,5,28,1,64,0
-2,8,31,1,64,0
5,4,35,1,64,0
-1,7,39,1,64,0
7,-3,43,1,64,0
4,3,44,1,64,0
8,-6,45,1,64,0
-3,0,17,1,64,0
8,8,12,1,64,0
7,7,19,1,64,0
-5,2,29,1,64,0
7,-4,34,1,64,0
-1,8,35,1,64,0
5,5,38,1,64,0
6,-1,49,1,64,0
7,8,13,1,64,0
-2,0,23,1,64,0
-4,2,36,1,64,0
4,5,39,1,64,0
7,-5,41,1,64,0
5,6,48,1,64,0
6,7,62,1,64,0
7,9,5,1,64,0
-1,0,27,1,64,0
8,0,28,1,64,0
-4,3,37,1,64,0
4,6,48,1,64,0
6,-3,49,1,64,0
7,-6,49,1,64,0
5,7,55,1,64,0
6,8,59,1,64,0
7,0,25,1,64,0
-3,3,45,1,64,0
3,6,45,1,64,0
5,-1,57,1,64,0
8,1,61,1,64,0
0,3,63,1,64,0
4,7,63,1,64,0
7,-7,63,1,64,0
9,3,1,1,64,0
6,0,13,1,64,0
8,-1,36,1,64,0
2,6,36,1,64,0
-2,3,51,1,64,0
8,2,58,1,64,0
4,8,59,1,64,0
7,-8,59,1,64,0
7,1,63,1,64,0
-9,1,3,1,64,0
-5,7,4,1,64,0
6,1,17,1,64,0
1,6,29,1,64,0
8,-2,34,1,64,0
8,3,47,1,64,0
7,2,53,1,64,0
5,-3,57,1,64,0
-1,3,57,1,64,0
2,7,59,1,64,0
3,8,63,1,64,0
-3,6,5,1,64,0
-8,1,9,1,64,0
8,4,11,1,64,0
5,1,13,1,64,0
-4,7,16,1,64,0
0,6,23,1,64,0
8,-3,23,1,64,0
6,2,24,1,64,0
7,3,51,1,64,0
1,7,55,1,64,0
2,8,62,1,64,0
4,-1,63,1,64,0
4,0,63,1,64,0
-2,6,11,1,64,0
-4,8,14,1,64,0
-7,1,15,1,64,0
-3,7,24,1,64,0
6,3,31,1,64,0
8,5,31,1,64,0
7,4,43,1,64,0
7,-1,44,1,64,0
0,7,46,1,64,0
1,8,54,1,64,0
4,1,58,1,64,0
-5,0,4,1,65,0
-1,6,17,1,65,0
-6,1,21,1,65,0
8,6,27,1,65,0
-2,7,29,1,65,0
7,5,35,1,65,0
7,-2,39,1,65,0
5,3,43,1,65,0
4,2,51,1,65,0
4,-3,63,1,65,0
-4,0,9,1,65,0
8,7,18,1,65,0
-5,1,24,1,65,0
7,6,26,1,65,0
6,5,28,1,65,0
-2,8,31,1,65,0
5,4,35,1,65,0
-1,7,39,1,65,0
7,-3,43,1,65,0
4,3,44,1,65,0
8,-6,45,1,65,0
-3,0,17,1,65,0
8,8,12,1,65,0
7,7,19,1,65,0
-5,2,29,1,65,0
7,-4,34,1,65,0
-1,8,35,1,65,0
5,5,38,1,65,0
6,-1,49,1,65,0
7,8,13,1,65,0
-2,0,23,1,65,0
-4,2,36,1,65,0
4,5,39,1,65,0
7,-5,41,1,65,0
5,6,48,1,65,0
3,-3,64,1,65,0
6,7,63,1,65,0
7,9,5,1,65,0
-1,0,27,1,65,0
8,0,28,1,65,0
-4,3,37,1,65,0
4,6,48,1,65,0
6,-3,49,1,65,0
7,-6,49,1,65,0
5,7,55,1,65,0
6,8,59,1,65,0
1,3,64,1,65,0
7,0,25,1,65,0
-3,3,45,1,65,0
3,6,45,1,65,0
5,-1,57,1,65,0
8,1,61,1,65,0
0,3,63,1,65,0
4,7,64,1,65,0
7,-7,64,1,65,0
9,3,1,1,65,0
6,0,13,1,65,0
8,-1,36,1,65,0
2,6,36,1,65,0
-2,3,51,1,65,0
8,2,58,1,65,0
4,8,59,1,65,0
7,-8,59,1,65,0
7,1,63,1,65,0
3,7,64,1,65,0
-9,1,3,1,65,0
-5,7,4,1,65,0
6,1,17,1,65,0
1,6,29,1,65,0
8,-2,34,1,65,0
8,3,47,1,65,0
7,2,53,1,65,0
5,-3,57,1,65,0
-1,3,57,1,65,0
2,7,59,1,65,0
3,8,63,1,65,0
-3,6,5,1,65,0
-8,1,9,1,65,0
8,4,11,1,65,0
5,1,13,1,65,0
-4,7,16,1,65,0
0,6,23,1,65,0
8,-3,23,1,65,0
6,2,24,1,65,0
7,3,51,1,65,0
1,7,55,1,65,0
2,8,62,1,65,0
4,-1,64,1,65,0
4,0,64,1,65,0
-2,6,11,1,65,0
-4,8,14,1,65,0
-7,1,15,1,65,0
-3,7,24,1,65,0
6,3,31,1,65,0
8,5,31,1,65,0
7,4,43,1,65,0
7,-1,44,1,65,0
0,7,46,1,65,0
1,8,54,1,65,0
4,1,58,1,65,0
-5,0,4,1,66,0
-1,6,17,1,66,0
-6,1,21,1,66,0
8,6,27,1,66,0
-2,7,29,1,66,0
7,5,35,1,66,0
7,-2,39,1,66,0
5,3,43,1,66,0
4,2,51,1,66,0
4,-3,63,1,66,0
-4,0,9,1,66,0
8,7,18,1,66,0
-5,1,24,1,66,0
7,6,26,1,66,0
6,5,28,1,66,0
-2,8,31,1,66,0
5,4,35,1,66,0
-1,7,39,1,66,0
7,-3,43,1,66,0
4,3,44,1,66,0
8,-6,45,1,66,0
-3,0,17,1,66,0
8,8,12,1,66,0
-5,2,29,1,66,0
7,-4,34,1,66,0
-1,8,35,1,66,0
5,5,38,1,66,0
6,-1,49,1,66,0
7,7,64,1,66,0
7,8,13,1,66,0
-2,0,23,1,66,0
-4,2,36,1,66,0
4,5,39,1,66,0
7,-5,41,1,66,0
5,6,48,1,66,0
6,7,63,1,66,0
3,-3,65,1,66,0
7,9,5,1,66,0
-1,0,27,1,66,0
8,0,28,1,66,0
-4,3,37,1,66,0
4,6,48,1,66,0
6,-3,49,1,66,0
7,-6,49,1,66,0
5,7,55,1,66,0
6,8,59,1,66,0
1,3,65,1,66,0
7,0,25,1,66,0
-3,3,45,1,66,0
3,6,45,1,66,0
5,-1,57,1,66,0
8,1,61,1,66,0
0,3,63,1,66,0
4,7,64,1,66,0
7,-7,64,1,66,0
9,3,1,1,66,0
6,0,13,1,66,0
8,-1,36,1,66,0
2,6,36,1,66,0
-2,3,51,1,66,0
8,2,58,1,66,0
4,8,59,1,66,0
7,1,65,1,66,0
3,7,65,1,66,0
7,-8,65,1,66,0
-9,1,3,1,66,0
-5,7,4,1,66,0
6,1,17,1,66,0
1,6,29,1,66,0
8,-2,34,1,66,0
8,3,47,1,66,0
7,2,53,1,66,0
5,-3,57,1,66,0
-1,3,57,1,66,0
2,7,59,1,66,0
3,8,65,1,66,0
-3,6,5,1,66,0
-8,1,9,1,66,0
8,4,11,1,66,0
5,1,13,1,66,0
-4,7,16,1,66,0
0,6,23,1,66,0
8,-3,23,1,66,0
6,2,24,1,66,0
7,3,51,1,66,0
1,7,55,1,66,0
2,8,62,1,66,0
4,-1,64,1,66,0
4,0,65,1,66,0
-2,6,11,1,66,0
-4,8,14,1,66,0
-7,1,15,1,66,0
-3,7,24,1,66,0
6,3,31,1,66,0
8,5,31,1,66,0
7,4,43,1,66,0
7,-1,44,1,66,0
0,7,46,1,66,0
1,8,54,1,66,0
4,1,58,1,66,0
4,-2,65,1,66,0
-5,0,4,1,67,0
-1,6,17,1,67,0
-6,1,21,1,67,0
8,6,27,1,67,0
-2,7,29,1,67,0
7,5,35,1,67,0
7,-2,39,1,67,0
5,3,43,1,67,0
4,2,51,1,67,0
4,-3,63,1,67,0
-4,0,9,1,67,0
8,7,18,1,67,0
-5,1,24,1,67,0
7,6,26,1,67,0
6,5,28,1,67,0
-2,8,31,1,67,0
5,4,35,1,67,0
-1,7,39,1,67,0
7,-3,43,1,67,0
4,3,44,1,67,0
8,-6,45,1,67,0
-3,0,17,1,67,0
8,8,12,1,67,0
-5,2,29,1,67,0
7,-4,34,1,67,0
-1,8,35,1,67,0
5,5,38,1,67,0
6,-1,49,1,67,0
7,7,66,1,67,0
7,8,13,1,67,0
-2,0,23,1,67,0
-4,2,36,1,67,0
4,5,39,1,67,0
7,-5,41,1,67,0
5,6,48,1,67,0
6,7,63,1,67,0
3,-3,66,1,67,0
7,9,5,1,67,0
-1,0,27,1,67,0
8,0,28,1,67,0
-4,3,37,1,67,0
4,6,48,1,67,0
6,-3,49,1,67,0
7,-6,49,1,67,0
5,7,55,1,67,0
6,8,59,1,67,0
1,3,66,1,67,0
7,0,25,1,67,0
-3,3,45,1,67,0
3,6,45,1,67,0
5,-1,57,1,67,0
8,1,61,1,67,0
0,3,63,1,67,0
4,7,64,1,67,0
7,-7,64,1,67,0
9,3,1,1,67,0
6,0,13,1,67,0
8,-1,36,1,67,0
2,6,36,1,67,0
-2,3,51,1,67,0
8,2,58,1,67,0
4,8,59,1,67,0
7,-8,65,1,67,0
7,1,66,1,67,0
3,7,66,1,67,0
-9,1,3,1,67,0
-5,7,4,1,67,0
6,1,17,1,67,0
1,6,29,1,67,0
8,-2,34,1,67,0
8,3,47,1,67,0
7,2,53,1,67,0
5,-3,57,1,67,0
-1,3,57,1,67,0
2,7,59,1,67,0
3,8,66,1,67,0
-3,6,5,1,67,0
-8,1,9,1,67,0
8,4,11,1,67,0
5,1,13,1,67,0
-4,7,16,1,67,0
0,6,23,1,67,0
8,-3,23,1,67,0
6,2,24,1,67,0
7,3,51,1,67,0
1,7,55,1,67,0
2,8,62,1,67,0
4,-1,64,1,67,0
4,0,66,1,67,0
-2,6,11,1,67,0
-4,8,14,1,67,0
-7,1,15,1,67,0
-3,7,24,1,67,0
6,3,31,1,67,0
8,5,31,1,67,0
7,4,43,1,67,0
7,-1,44,1,67,0
0,7,46,1,67,0
1,8,54,1,67,0
4,1,58,1,67,0
4,-2,66,1,67,0
-5,0,4,1,68,0
-1,6,17,1,68,0
-6,1,21,1,68,0
8,6,27,1,68,0
-2,7,29,1,68,0
7,5,35,1,68,0
7,-2,39,1,68,0
5,3,43,1,68,0
4,2,51,1,68,0
4,-3,63,1,68,0
-4,0,9,1,68,0
8,7,18,1,68,0
-5,1,24,1,68,0
7,6,26,1,68,0
6,5,28,1,68,0
-2,8,31,1,68,0
5,4,35,1,68,0
-1,7,39,1,68,0
7,-3,43,1,68,0
4,3,44,1,68,0
8,-6,45,1,68,0
-3,0,17,1,68,0
8,8,12,1,68,0
-5,2,29,1,68,0
7,-4,34,1,68,0
-1,8,35,1,68,0
5,5,38,1,68,0
6,-1,49,1,68,0
7,7,67,1,68,0
7,8,13,1,68,0
-2,0,23,1,68,0
-4,2,36,1,68,0
4,5,39,1,68,0
7,-5,41,1,68,0
5,6,48,1,68,0
6,7,63,1,68,0
3,-3,67,1,68,0
7,9,5,1,68,0
-1,0,27,1,68,0
8,0,28,1,68,0
-4,3,37,1,68,0
4,6,48,1,68,0
6,-3,49,1,68,0
7,-6,49,1,68,0
5,7,55,1,68,0
6,8,59,1,68,0
1,3,67,1,68,0
-3,3,45,1,68,0
3,6,45,1,68,0
5,-1,57,1,68,0
8,1,61,1,68,0
0,3,63,1,68,0
4,7,64,1,68,0
7,-7,64,1,68,0
7,0,67,1,68,0
9,3,1,1,68,0
6,0,13,1,68,0
8,-1,36,1,68,0
2,6,36,1,68,0
-2,3,51,1,68,0
8,2,58,1,68,0
7,1,66,1,68,0
3,7,67,1,68,0
4,8,67,1,68,0
7,-8,67,1,68,0
-9,1,3,1,68,0
-5,7,4,1,68,0
6,1,17,1,68,0
1,6,29,1,68,0
8,-2,34,1,68,0
8,3,47,1,68,0
7,2,53,1,68,0
5,-3,57,1,68,0
-1,3,57,1,68,0
2,7,59,1,68,0
3,8,66,1,68,0
-3,6,5,1,68,0
-8,1,9,1,68,0
8,4,11,1,68,0
5,1,13,1,68,0
-4,7,16,1,68,0
0,6,23,1,68,0
8,-3,23,1,68,0
6,2,24,1,68,0
7,3,51,1,68,0
1,7,55,1,68,0
2,8,62,1,68,0
4,-1,64,1,68,0
4,0,66,1,68,0
-2,6,11,1,68,0
-4,8,14,1,68,0
-7,1,15,1,68,0
-3,7,24,1,68,0
6,3,31,1,68,0
8,5,31,1,68,0
7,4,43,1,68,0
7,-1,44,1,68,0
0,7,46,1,68,0
1,8,54,1,68,0
4,-2,67,1,68,0
4,1,67,1,68,0
-5,0,4,1,69,0
-1,6,17,1,69,0
-6,1,21,1,69,0
8,6,27,1,69,0
-2,7,29,1,69,0
7,5,35,1,69,0
7,-2,39,1,69,0
5,3,43,1,69,0
4,2,51,1,69,0
4,-3,63,1,69,0
-4,0,9,1,69,0
8,7,18,1,69,0
-5,1,24,1,69,0
7,6,26,1,69,0
6,5,28,1,69,0
-2,8,31,1,69,0
5,4,35,1,69,0
-1,7,39,1,69,0
7,-3,43,1,69,0
4,3,44,1,69,0
8,-6,45,1,69,0
-3,0,17,1,69,0
8,8,12,1,69,0
-5,2,29,1,69,0
7,-4,34,1,69,0
-1,8,35,1,69,0
5,5,38,1,69,0
6,-1,49,1,69,0
7,7,68,1,69,0
7,8,13,1,69,0
-2,0,23,1,69,0
-4,2,36,1,69,0
4,5,39,1,69,0
7,-5,41,1,69,0
5,6,48,1,69,0
6,7,63,1,69,0
3,-3,68,1,69,0
7,9,5,1,69,0
-1,0,27,1,69,0
8,0,28,1,69,0
-4,3,37,1,69,0
4,6,48,1,69,0
6,-3,49,1,69,0
7,-6,49,1,69,0
5,7,55,1,69,0
6,8,59,1,69,0
1,3,68,1,69,0
-3,3,45,1,69,0
3,6,45,1,69,0
5,-1,57,1,69,0
8,1,61,1,69,0
0,3,63,1,69,0
4,7,64,1,69,0
7,0,68,1,69,0
7,-7,68,1,69,0
9,3,1,1,69,0
6,0,13,1,69,0
8,-1,36,1,69,0
2,6,36,1,69,0
-2,3,51,1,69,0
8,2,58,1,69,0
7,1,66,1,69,0
7,-8,67,1,69,0
3,7,68,1,69,0
4,8,68,1,69,0
-9,1,3,1,69,0
-5,7,4,1,69,0
6,1,17,1,69,0
1,6,29,1,69,0
8,-2,34,1,69,0
8,3,47,1,69,0
7,2,53,1,69,0
5,-3,57,1,69,0
-1,3,57,1,69,0
2,7,59,1,69,0
3,8,66,1,69,0
-3,6,5,1,69,0
-8,1,9,1,69,0
8,4,11,1,69,0
5,1,13,1,69,0
-4,7,16,1,69,0
0,6,23,1,69,0
8,-3,23,1,69,0
6,2,24,1,69,0
7,3,51,1,69,0
1,7,55,1,69,0
2,8,62,1,69,0
4,-1,64,1,69,0
4,0,66,1,69,0
-2,6,11,1,69,0
-4,8,14,1,69,0
-7,1,15,1,69,0
-3,7,24,1,69,0
6,3,31,1,69,0
8,5,31,1,69,0
7,4,43,1,69,0
7,-1,44,1,69,0
0,7,46,1,69,0
1,8,54,1,69,0
4,-2,68,1,69,0
4,1,68,1,69,0
-5,0,4,1,70,0
-1,6,17,1,70,0
-6,1,21,1,70,0
8,6,27,1,70,0
-2,7,29,1,70,0
7,5,35,1,70,0
7,-2,39,1,70,0
5,3,43,1,70,0
4,2,51,1,70,0
4,-3,63,1,70,0
-4,0,9,1,70,0
8,7,18,1,70,0
-5,1,24,1,70,0
7,6,26,1,70,0
6,5,28,1,70,0
-2,8,31,1,70,0
5,4,35,1,70,0
-1,7,39,1,70,0
7,-3,43,1,70,0
4,3,44,1,70,0
8,-6,45,1,70,0
-3,0,17,1,70,0
8,8,12,1,70,0
-5,2,29,1,70,0
7,-4,34,1,70,0
-1,8,35,1,70,0
5,5,38,1,70,0
6,-1,49,1,70,0
7,7,69,1,70,0
7,8,13,1,70,0
-2,0,23,1,70,0
-4,2,36,1,70,0
4,5,39,1,70,0
7,-5,41,1,70,0
5,6,48,1,70,0
6,7,63,1,70,0
3,-3,69,1,70,0
7,9,5,1,70,0
-1,0,27,1,70,0
8,0,28,1,70,0
-4,3,37,1,70,0
4,6,48,1,70,0
6,-3,49,1,70,0
7,-6,49,1,70,0
5,7,55,1,70,0
6,8,59,1,70,0
1,3,69,1,70,0
-3,3,45,1,70,0
3,6,45,1,70,0
5,-1,57,1,70,0
8,1,61,1,70,0
0,3,63,1,70,0
4,7,64,1,70,0
7,0,69,1,70,0
7,-7,69,1,70,0
9,3,1,1,70,0
6,0,13,1,70,0
8,-1,36,1,70,0
2,6,36,1,70,0
-2,3,51,1,70,0
8,2,58,1,70,0
7,1,66,1,70,0
7,-8,67,1,70,0
3,7,68,1,70,0
4,8,69,1,70,0
-9,1,3,1,70,0
-5,7,4,1,70,0
6,1,17,1,70,0
1,6,29,1,70,0
8,-2,34,1,70,0
8,3,47,1,70,0
7,2,53,1,70,0
5,-3,57,1,70,0
-1,3,57,1,70,0
2,7,59,1,70,0
3,8,66,1,70,0
-3,6,5,1,70,0
-8,1,9,1,70,0
8,4,11,1,70,0
5,1,13,1,70,0
-4,7,16,1,70,0
0,6,23,1,70,0
8,-3,23,1,70,0
6,2,24,1,70,0
7,3,51,1,70,0
1,7,55,1,70,0
2,8,62,1,70,0
4,0,66,1,70,0
4,-1,69,1,70,0
-2,6,11,1,70,0
-4,8,14,1,70,0
-7,1,15,1,70,0
-3,7,24,1,70,0
6,3,31,1,70,0
8,5,31,1,70,0
7,4,43,1,70,0
7,-1,44,1,70,0
0,7,46,1,70,0
1,8,54,1,70,0
4,-2,68,1,70,0
4,1,69,1,70,0
-5,0,4,1,71,0
-1,6,17,1,71,0
-6,1,21,1,71,0
8,6,27,1,71,0
-2,7,29,1,71,0
7,5,35,1,71,0
7,-2,39,1,71,0
5,3,43,1,71,0
4,2,51,1,71,0
4,-3,63,1,71,0
-4,0,9,1,71,0
8,7,18,1,71,0
-5,1,24,1,71,0
7,6,26,1,71,0
6,5,28,1,71,0
-2,8,31,1,71,0
5,4,35,1,71,0
-1,7,39,1,71,0
7,-3,43,1,71,0
4,3,44,1,71,0
8,-6,45,1,71,0
-3,0,17,1,71,0
8,8,12,1,71,0
-5,2,29,1,71,0
7,-4,34,1,71,0
-1,8,35,1,71,0
5,5,38,1,71,0
6,-1,49,1,71,0
7,7,69,1,71,0
7,8,13,1,71,0
-2,0,23,1,71,0
-4,2,36,1,71,0
4,5,39,1,71,0
7,-5,41,1,71,0
5,6,48,1,71,0
6,7,63,1,71,0
3,-3,69,1,71,0
7,9,5,1,71,0
-1,0,27,1,71,0
8,0,28,1,71,0
-4,3,37,1,71,0
4,6,48,1,71,0
6,-3,49,1,71,0
7,-6,49,1,71,0
5,7,55,1,71,0
6,8,59,1,71,0
1,3,69,1,71,0
-3,3,45,1,71,0
3,6,45,1,71,0
5,-1,57,1,71,0
8,1,61,1,71,0
0,3,63,1,71,0
4,7,64,1,71,0
7,0,69,1,71,0
7,-7,69,1,71,0
9,3,1,1,71,0
6,0,13,1,71,0
8,-1,36,1,71,0
2,6,36,1,71,0
-2,3,51,1,71,0
8,2,58,1,71,0
7,1,66,1,71,0
7,-8,67,1,71,0
4,8,69,1,71,0
3,7,69,1,71,0
-9,1,3,1,71,0
-5,7,4,1,71,0
6,1,17,1,71,0
1,6,29,1,71,0
8,-2,34,1,71,0
8,3,47,1,71,0
7,2,53,1,71,0
5,-3,57,1,71,0
-1,3,57,1,71,0
2,7,59,1,71,0
3,8,66,1,71,0
-3,6,5,1,71,0
-8,1,9,1,71,0
8,4,11,1,71,0
5,1,13,1,71,0
-4,7,16,1,71,0
0,6,23,1,71,0
8,-3,23,1,71,0
6,2,24,1,71,0
7,3,51,1,71,0
1,7,55,1,71,0
2,8,62,1,71,0
4,0,66,1,71,0
4,-1,69,1,71,0
-2,6,11,1,71,0
-4,8,14,1,71,0
-7,1,15,1,71,0
-3,7,24,1,71,0
6,3,31,1,71,0
8,5,31,1,71,0
7,4,43,1,71,0
7,-1,44,1,71,0
0,7,46,1,71,0
1,8,54,1,71,0
4,-2,68,1,71,0
4,1,69,1,71,0
-5,0,4,1,72,0
-1,6,17,1,72,0
-6,1,21,1,72,0
8,6,27,1,72,0
-2,7,29,1,72,0
7,5,35,1,72,0
7,-2,39,1,72,0
5,3,43,1,72,0
4,2,51,1,72,0
4,-3,63,1,72,0
-4,0,9,1,72,0
-5,1,24,1,72,0
7,6,26,1,72,0
6,5,28,1,72,0
-2,8,31,1,72,0
5,4,35,1,72,0
-1,7,39,1,72,0
7,-3,43,1,72,0
4,3,44,1,72,0
8,-6,45,1,72,0
8,7,71,1,72,0
-3,0,17,1,72,0
8,8,12,1,72,0
-5,2,29,1,72,0
7,-4,34,1,72,0
-1,8,35,1,72,0
5,5,38,1,72,0
6,-1,49,1,72,0
7,7,69,1,72,0
7,8,13,1,72,0
-2,0,23,1,72,0
-4,2,36,1,72,0
4,5,39,1,72,0
7,-5,41,1,72,0
5,6,48,1,72,0
6,7,63,1,72,0
3,-3,69,1,72,0
2,3,71,1,72,0
7,9,5,1,72,0
-1,0,27,1,72,0
8,0,28,1,72,0
-4,3,37,1,72,0
4,6,48,1,72,0
6,-3,49,1,72,0
7,-6,49,1,72,0
5,7,55,1,72,0
6,8,59,1,72,0
1,3,69,1,72,0
-3,3,45,1,72,0
5,-1,57,1,72,0
8,1,61,1,72,0
0,3,63,1,72,0
4,7,64,1,72,0
7,-7,69,1,72,0
7,0,71,1,72,0
3,6,71,1,72,0
9,3,1,1,72,0
6,0,13,1,72,0
8,-1,36,1,72,0
2,6,36,1,72,0
-2,3,51,1,72,0
8,2,58,1,72,0
7,1,66,1,72,0
3,7,69,1,72,0
4,8,71,1,72,0
7,-8,71,1,72,0
-9,1,3,1,72,0
-5,7,4,1,72,0
6,1,17,1,72,0
1,6,29,1,72,0
8,-2,34,1,72,0
8,3,47,1,72,0
7,2,53,1,72,0
5,-3,57,1,72,0
-1,3,57,1,72,0
2,7,59,1,72,0
3,8,66,1,72,0
2,-4,71,1,72,0
-3,6,5,1,72,0
-8,1,9,1,72,0
8,4,11,1,72,0
5,1,13,1,72,0
-4,7,16,1,72,0
0,6,23,1,72,0
8,-3,23,1,72,0
6,2,24,1,72,0
7,3,51,1,72,0
1,7,55,1,72,0
2,8,62,1,72,0
4,0,66,1,72,0
4,-1,71,1,72,0
-2,6,11,1,72,0
-4,8,14,1,72,0
-7,1,15,1,72,0
-3,7,24,1,72,0
6,3,31,1,72,0
8,5,31,1,72,0
7,4,43,1,72,0
7,-1,44,1,72,0
0,7,46,1,72,0
1,8,54,1,72,0
4,-2,68,1,72,0
4,1,71,1,72,0
-5,0,4,1,73,0
-1,6,17,1,73,0
-6,1,21,1,73,0
8,6,27,1,73,0
-2,7,29,1,73,0
7,5,35,1,73,0
7,-2,39,1,73,0
5,3,43,1,73,0
4,2,51,1,73,0
4,-3,63,1,73,0
-4,0,9,1,73,0
-5,1,24,1,73,0
7,6,26,1,73,0
6,5,28,1,73,0
-2,8,31,1,73,0
5,4,35,1,73,0
-1,7,39,1,73,0
7,-3,43,1,73,0
4,3,44,1,73,0
8,-6,45,1,73,0
8,7,72,1,73,0
-3,0,17,1,73,0
8,8,12,1,73,0
-5,2,29,1,73,0
7,-4,34,1,73,0
-1,8,35,1,73,0
5,5,38,1,73,0
6,-1,49,1,73,0
7,7,69,1,73,0
7,8,13,1,73,0
-2,0,23,1,73,0
-4,2,36,1,73,0
4,5,39,1,73,0
7,-5,41,1,73,0
5,6,48,1,73,0
6,7,63,1,73,0
3,-3,69,1,73,0
2,3,72,1,73,0
7,9,5,1,73,0
-1,0,27,1,73,0
8,0,28,1,73,0
-4,3,37,1,73,0
4,6,48,1,73,0
6,-3,49,1,73,0
7,-6,49,1,73,0
5,7,55,1,73,0
6,8,59,1,73,0
1,3,69,1,73,0
-3,3,45,1,73,0
5,-1,57,1,73,0
8,1,61,1,73,0
0,3,63,1,73,0
7,-7,69,1,73,0
7,0,71,1,73,0
3,6,72,1,73,0
4,7,72,1,73,0
9,3,1,1,73,0
8,-1,36,1,73,0
2,6,36,1,73,0
-2,3,51,1,73,0
8,2,58,1,73,0
7,1,66,1,73,0
3,7,69,1,73,0
4,8,71,1,73,0
6,0,72,1,73,0
7,-8,72,1,73,0
-9,1,3,1,73,0
-5,7,4,1,73,0
6,1,17,1,73,0
1,6,29,1,73,0
8,-2,34,1,73,0
8,3,47,1,73,0
7,2,53,1,73,0
5,-3,57,1,73,0
-1,3,57,1,73,0
2,7,59,1,73,0
3,8,66,1,73,0
2,-4,72,1,73,0
-3,6,5,1,73,0
-8,1,9,1,73,0
8,4,11,1,73,0
5,1,13,1,73,0
-4,7,16,1,73,0
0,6,23,1,73,0
8,-3,23,1,73,0
6,2,24,1,73,0
7,3,51,1,73,0
1,7,55,1,73,0
2,8,62,1,73,0
4,0,66,1,73,0
4,-1,72,1,73,0
-2,6,11,1,73,0
-4,8,14,1,73,0
-7,1,15,1,73,0
-3,7,24,1,73,0
6,3,31,1,73,0
8,5,31,1,73,0
7,4,43,1,73,0
7,-1,44,1,73,0
0,7,46,1,73,0
1,8,54,1,73,0
4,-2,68,1,73,0
4,1,72,1,73,0
-5,0,4,1,74,0
-1,6,17,1,74,0
-6,1,21,1,74,0
8,6,27,1,74,0
-2,7,29,1,74,0
7,5,35,1,74,0
7,-2,39,1,74,0
5,3,43,1,74,0
4,-3,63,1,74,0
4,2,73,1,74,0
-4,0,9,1,74,0
-5,1,24,1,74,0
7,6,26,1,74,0
6,5,28,1,74,0
-2,8,31,1,74,0
5,4,35,1,74,0
-1,7,39,1,74,0
7,-3,43,1,74,0
4,3,44,1,74,0
8,-6,45,1,74,0
8,7,73,1,74,0
-3,0,17,1,74,0
8,8,12,1,74,0
-5,2,29,1,74,0
7,-4,34,1,74,0
-1,8,35,1,74,0
5,5,38,1,74,0
6,-1,49,1,74,0
7,7,69,1,74,0
7,8,13,1,74,0
-2,0,23,1,74,0
-4,2,36,1,74,0
4,5,39,1,74,0
7,-5,41,1,74,0
5,6,48,1,74,0
6,7,63,1,74,0
3,-3,69,1,74,0
2,3,73,1,74,0
7,9,5,1,74,0
-1,0,27,1,74,0
8,0,28,1,74,0
-4,3,37,1,74,0
4,6,48,1,74,0
6,-3,49,1,74,0
7,-6,49,1,74,0
5,7,55,1,74,0
6,8,59,1,74,0
1,3,69,1,74,0
-3,3,45,1,74,0
5,-1,57,1,74,0
8,1,61,1,74,0
0,3,63,1,74,0
7,-7,69,1,74,0
7,0,71,1,74,0
3,6,73,1,74,0
4,7,73,1,74,0
9,3,1,1,74,0
8,-1,36,1,74,0
2,6,36,1,74,0
-2,3,51,1,74,0
8,2,58,1,74,0
7,1,66,1,74,0
3,7,69,1,74,0
4,8,71,1,74,0
6,0,73,1,74,0
7,-8,73,1,74,0
-9,1,3,1,74,0
-5,7,4,1,74,0
6,1,17,1,74,0
1,6,29,1,74,0
8,-2,34,1,74,0
8,3,47,1,74,0
7,2,53,1,74,0
5,-3,57,1,74,0
-1,3,57,1,74,0
2,7,59,1,74,0
3,8,66,1,74,0
2,-4,73,1,74,0
-3,6,5,1,74,0
-8,1,9,1,74,0
8,4,11,1,74,0
5,1,13,1,74,0
-4,7,16,1,74,0
0,6,23,1,74,0
8,-3,23,1,74,0
6,2,24,1,74,0
7,3,51,1,74,0
1,7,55,1,74,0
2,8,62,1,74,0
4,0,66,1,74,0
4,-1,73,1,74,0
-2,6,11,1,74,0
-4,8,14,1,74,0
-7,1,15,1,74,0
-3,7,24,1,74,0
6,3,31,1,74,0
8,5,31,1,74,0
7,4,43,1,74,0
7,-1,44,1,74,0
0,7,46,1,74,0
1,8,54,1,74,0
4,-2,68,1,74,0
4,1,72,1,74,0
-5,0,4,1,75,0
-1,6,17,1,75,0
-6,1,21,1,75,0
8,6,27,1,75,0
-2,7,29,1,75,0
7,5,35,1,75,0
7,-2,39,1,75,0
5,3,43,1,75,0
4,-3,63,1,75,0
4,2,74,1,75,0
-4,0,9,1,75,0
-5,1,24,1,75,0
7,6,26,1,75,0
6,5,28,1,75,0
-2,8,31,1,75,0
5,4,35,1,75,0
-1,7,39,1,75,0
7,-3,43,1,75,0
4,3,44,1,75,0
8,-6,45,1,75,0
3,-1,74,1,75,0
8,7,74,1,75,0
-3,0,17,1,75,0
8,8,12,1,75,0
-5,2,29,1,75,0
7,-4,34,1,75,0
-1,8,35,1,75,0
5,5,38,1,75,0
6,-1,49,1,75,0
7,7,69,1,75,0
7,8,13,1,75,0
-2,0,23,1,75,0
-4,2,36,1,75,0
4,5,39,1,75,0
7,-5,41,1,75,0
5,6,48,1,75,0
6,7,63,1,75,0
3,-3,69,1,75,0
2,3,74,1,75,0
7,9,5,1,75,0
-1,0,27,1,75,0
8,0,28,1,75,0
-4,3,37,1,75,0
4,6,48,1,75,0
6,-3,49,1,75,0
7,-6,49,1,75,0
5,7,55,1,75,0
6,8,59,1,75,0
1,3,69,1,75,0
-3,3,45,1,75,0
5,-1,57,1,75,0
8,1,61,1,75,0
0,3,63,1,75,0
7,-7,69,1,75,0
7,0,71,1,75,0
3,6,74,1,75,0
4,7,74,1,75,0
9,3,1,1,75,0
8,-1,36,1,75,0
2,6,36,1,75,0
-2,3,51,1,75,0
8,2,58,1,75,0
7,1,66,1,75,0
3,7,69,1,75,0
4,8,71,1,75,0
6,0,74,1,75,0
7,-8,74,1,75,0
-9,1,3,1,75,0
-5,7,4,1,75,0
6,1,17,1,75,0
1,6,29,1,75,0
8,-2,34,1,75,0
8,3,47,1,75,0
7,2,53,1,75,0
5,-3,57,1,75,0
-1,3,57,1,75,0
2,7,59,1,75,0
3,8,66,1,75,0
2,-4,74,1,75,0
-3,6,5,1,75,0
-8,1,9,1,75,0
8,4,11,1,75,0
5,1,13,1,75,0
-4,7,16,1,75,0
0,6,23,1,75,0
8,-3,23,1,75,0
6,2,24,1,75,0
7,3,51,1,75,0
1,7,55,1,75,0
2,8,62,1,75,0
4,0,66,1,75,0
4,-1,73,1,75,0
-2,6,11,1,75,0
-4,8,14,1,75,0
-7,1,15,1,75,0
-3,7,24,1,75,0
6,3,31,1,75,0
8,5,31,1,75,0
7,4,43,1,75,0
7,-1,44,1,75,0
0,7,46,1,75,0
1,8,54,1,75,0
4,-2,68,1,75,0
4,1,72,1,75,0
-5,0,4,1,76,0
-1,6,17,1,76,0
-6,1,21,1,76,0
8,6,27,1,76,0
-2,7,29,1,76,0
7,5,35,1,76,0
7,-2,39,1,76,0
5,3,43,1,76,0
4,-3,63,1,76,0
4,2,75,1,76,0
-4,0,9,1,76,0
-5,1,24,1,76,0
7,6,26,1,76,0
6,5,28,1,76,0
-2,8,31,1,76,0
5,4,35,1,76,0
-1,7,39,1,76,0
7,-3,43,1,76,0
4,3,44,1,76,0
8,-6,45,1,76,0
8,7,74,1,76,0
3,-1,75,1,76,0
-3,0,17,1,76,0
8,8,12,1,76,0
-5,2,29,1,76,0
7,-4,34,1,76,0
-1,8,35,1,76,0
5,5,38,1,76,0
6,-1,49,1,76,0
7,7,75,1,76,0
7,8,13,1,76,0
-2,0,23,1,76,0
-4,2,36,1,76,0
4,5,39,1,76,0
7,-5,41,1,76,0
5,6,48,1,76,0
6,7,63,1,76,0
3,-3,69,1,76,0
2,3,75,1,76,0
7,9,5,1,76,0
-1,0,27,1,76,0
8,0,28,1,76,0
-4,3,37,1,76,0
4,6,48,1,76,0
6,-3,49,1,76,0
7,-6,49,1,76,0
5,7,55,1,76,0
6,8,59,1,76,0
1,3,69,1,76,0
-3,3,45,1,76,0
5,-1,57,1,76,0
8,1,61,1,76,0
0,3,63,1,76,0
7,0,71,1,76,0
3,6,75,1,76,0
4,7,75,1,76,0
7,-7,75,1,76,0
9,3,1,1,76,0
8,-1,36,1,76,0
2,6,36,1,76,0
-2,3,51,1,76,0
8,2,58,1,76,0
7,1,66,1,76,0
3,7,69,1,76,0
4,8,71,1,76,0
7,-8,74,1,76,0
6,0,75,1,76,0
-9,1,3,1,76,0
-5,7,4,1,76,0
6,1,17,1,76,0
1,6,29,1,76,0
8,-2,34,1,76,0
8,3,47,1,76,0
7,2,53,1,76,0
5,-3,57,1,76,0
-1,3,57,1,76,0
2,7,59,1,76,0
3,8,66,1,76,0
2,-4,75,1,76,0
-3,6,5,1,76,0
-8,1,9,1,76,0
8,4,11,1,76,0
5,1,13,1,76,0
-4,7,16,1,76,0
0,6,23,1,76,0
8,-3,23,1,76,0
6,2,24,1,76,0
7,3,51,1,76,0
1,7,55,1,76,0
2,8,62,1,76,0
4,0,66,1,76,0
4,-1,73,1,76,0
-2,6,11,1,76,0
-4,8,14,1,76,0
-7,1,15,1,76,0
-3,7,24,1,76,0
6,3,31,1,76,0
8,5,31,1,76,0
7,4,43,1,76,0
7,-1,44,1,76,0
0,7,46,1,76,0
1,8,54,1,76,0
4,-2,68,1,76,0
4,1,72,1,76,0
-5,0,4,1,77,0
-1,6,17,1,77,0
-6,1,21,1,77,0
8,6,27,1,77,0
-2,7,29,1,77,0
7,5,35,1,77,0
7,-2,39,1,77,0
5,3,43,1,77,0
4,-3,63,1,77,0
4,2,76,1,77,0
-4,0,9,1,77,0
-5,1,24,1,77,0
7,6,26,1,77,0
6,5,28,1,77,0
-2,8,31,1,77,0
5,4,35,1,77,0
-1,7,39,1,77,0
7,-3,43,1,77,0
4,3,44,1,77,0
8,-6,45,1,77,0
8,7,74,1,77,0
3,-1,76,1,77,0
-3,0,17,1,77,0
8,8,12,1,77,0
-5,2,29,1,77,0
7,-4,34,1,77,0
-1,8,35,1,77,0
5,5,38,1,77,0
6,-1,49,1,77,0
7,7,76,1,77,0
7,8,13,1,77,0
-2,0,23,1,77,0
-4,2,36,1,77,0
4,5,39,1,77,0
7,-5,41,1,77,0
5,6,48,1,77,0
6,7,63,1,77,0
3,-3,69,1,77,0
2,3,76,1,77,0
7,9,5,1,77,0
-1,0,27,1,77,0
8,0,28,1,77,0
-4,3,37,1,77,0
4,6,48,1,77,0
6,-3,49,1,77,0
7,-6,49,1,77,0
6,8,59,1,77,0
1,3,69,1,77,0
5,7,76,1,77,0
-3,3,45,1,77,0
5,-1,57,1,77,0
8,1,61,1,77,0
0,3,63,1,77,0
7,0,71,1,77,0
4,7,75,1,77,0
3,6,76,1,77,0
7,-7,76,1,77,0
9,3,1,1,77,0
8,-1,36,1,77,0
2,6,36,1,77,0
-2,3,51,1,77,0
8,2,58,1,77,0
7,1,66,1,77,0
3,7,69,1,77,0
4,8,71,1,77,0
7,-8,74,1,77,0
6,0,76,1,77,0
-9,1,3,1,77,0
-5,7,4,1,77,0
6,1,17,1,77,0
1,6,29,1,77,0
8,-2,34,1,77,0
8,3,47,1,77,0
7,2,53,1,77,0
5,-3,57,1,77,0
-1,3,57,1,77,0
2,7,59,1,77,0
3,8,66,1,77,0
2,-4,76,1,77,0
-3,6,5,1,77,0
-8,1,9,1,77,0
8,4,11,1,77,0
5,1,13,1,77,0
-4,7,16,1,77,0
0,6,23,1,77,0
8,-3,23,1,77,0
6,2,24,1,77,0
7,3,51,1,77,0
1,7,55,1,77,0
2,8,62,1,77,0
4,0,66,1,77,0
4,-1,73,1,77,0
-2,6,11,1,77,0
-4,8,14,1,77,0
-7,1,15,1,77,0
-3,7,24,1,77,0
6,3,31,1,77,0
8,5,31,1,77,0
7,4,43,1,77,0
7,-1,44,1,77,0
0,7,46,1,77,0
1,8,54,1,77,0
4,-2,68,1,77,0
4,1,72,1,77,0
-5,0,4,1,78,0
-1,6,17,1,78,0
-6,1,21,1,78,0
8,6,27,1,78,0
-2,7,29,1,78,0
7,5,35,1,78,0
7,-2,39,1,78,0
5,3,43,1,78,0
4,-3,63,1,78,0
4,2,77,1,78,0
-4,0,9,1,78,0
-5,1,24,1,78,0
7,6,26,1,78,0
6,5,28,1,78,0
-2,8,31,1,78,0
5,4,35,1,78,0
-1,7,39,1,78,0
7,-3,43,1,78,0
4,3,44,1,78,0
8,-6,45,1,78,0
8,7,74,1,78,0
3,-1,77,1,78,0
-3,0,17,1,78,0
8,8,12,1,78,0
-5,2,29,1,78,0
7,-4,34,1,78,0
-1,8,35,1,78,0
5,5,38,1,78,0
6,-1,49,1,78,0
3,3,77,1,78,0
7,7,77,1,78,0
7,8,13,1,78,0
-2,0,23,1,78,0
-4,2,36,1,78,0
4,5,39,1,78,0
7,-5,41,1,78,0
5,6,48,1,78,0
6,7,63,1,78,0
3,-3,69,1,78,0
2,3,76,1,78,0
7,9,5,1,78,0
-1,0,27,1,78,0
8,0,28,1,78,0
-4,3,37,1,78,0
4,6,48,1,78,0
6,-3,49,1,78,0
7,-6,49,1,78,0
6,8,59,1,78,0
1,3,69,1,78,0
5,7,77,1,78,0
-3,3,45,1,78,0
5,-1,57,1,78,0
8,1,61,1,78,0
0,3,63,1,78,0
7,0,71,1,78,0
4,7,75,1,78,0
3,6,77,1,78,0
7,-7,77,1,78,0
9,3,1,1,78,0
8,-1,36,1,78,0
2,6,36,1,78,0
-2,3,51,1,78,0
8,2,58,1,78,0
7,1,66,1,78,0
3,7,69,1,78,0
4,8,71,1,78,0
7,-8,74,1,78,0
6,0,77,1,78,0
-9,1,3,1,78,0
-5,7,4,1,78,0
6,1,17,1,78,0
1,6,29,1,78,0
8,-2,34,1,78,0
8,3,47,1,78,0
7,2,53,1,78,0
5,-3,57,1,78,0
-1,3,57,1,78,0
2,7,59,1,78,0
3,8,66,1,78,0
2,-4,77,1,78,0
-3,6,5,1,78,0
-8,1,9,1,78,0
8,4,11,1,78,0
5,1,13,1,78,0
-4,7,16,1,78,0
0,6,23,1,78,0
8,-3,23,1,78,0
6,2,24,1,78,0
7,3,51,1,78,0
1,7,55,1,78,0
2,8,62,1,78,0
4,0,66,1,78,0
4,-1,73,1,78,0
-2,6,11,1,78,0
-4,8,14,1,78,0
-7,1,15,1,78,0
-3,7,24,1,78,0
6,3,31,1,78,0
8,5,31,1,78,0
7,4,43,1,78,0
7,-1,44,1,78,0
0,7,46,1,78,0
1,8,54,1,78,0
4,-2,68,1,78,0
4,1,72,1,78,0
-5,0,4,1,79,0
-1,6,17,1,79,0
-6,1,21,1,79,0
8,6,27,1,79,0
-2,7,29,1,79,0
7,5,35,1,79,0
7,-2,39,1,79,0
5,3,43,1,79,0
4,-3,63,1,79,0
4,2,77,1,79,0
-4,0,9,1,79,0
-5,1,24,1,79,0
7,6,26,1,79,0
6,5,28,1,79,0
-2,8,31,1,79,0
5,4,35,1,79,0
-1,7,39,1,79,0
7,-3,43,1,79,0
4,3,44,1,79,0
8,-6,45,1,79,0
3,-1,78,1,79,0
3,2,78,1,79,0
8,7,78,1,79,0
-3,0,17,1,79,0
8,8,12,1,79,0
-5,2,29,1,79,0
7,-4,34,1,79,0
-1,8,35,1,79,0
5,5,38,1,79,0
6,-1,49,1,79,0
7,7,77,1,79,0
3,3,78,1,79,0
7,8,13,1,79,0
-2,0,23,1,79,0
-4,2,36,1,79,0
4,5,39,1,79,0
7,-5,41,1,79,0
5,6,48,1,79,0
6,7,63,1,79,0
3,-3,69,1,79,0
2,3,76,1,79,0
7,9,5,1,79,0
-1,0,27,1,79,0
8,0,28,1,79,0
-4,3,37,1,79,0
4,6,48,1,79,0
6,-3,49,1,79,0
7,-6,49,1,79,0
6,8,59,1,79,0
1,3,69,1,79,0
3,5,78,1,79,0
5,7,78,1,79,0
-3,3,45,1,79,0
5,-1,57,1,79,0
8,1,61,1,79,0
0,3,63,1,79,0
7,0,71,1,79,0
4,7,75,1,79,0
3,6,77,1,79,0
7,-7,78,1,79,0
9,3,1,1,79,0
8,-1,36,1,79,0
2,6,36,1,79,0
-2,3,51,1,79,0
8,2,58,1,79,0
7,1,66,1,79,0
3,7,69,1,79,0
4,8,71,1,79,0
7,-8,74,1,79,0
6,0,78,1,79,0
-9,1,3,1,79,0
-5,7,4,1,79,0
6,1,17,1,79,0
1,6,29,1,79,0
8,-2,34,1,79,0
8,3,47,1,79,0
7,2,53,1,79,0
5,-3,57,1,79,0
-1,3,57,1,79,0
2,7,59,1,79,0
3,8,66,1,79,0
2,-4,77,1,79,0
-3,6,5,1,79,0
-8,1,9,1,79,0
8,4,11,1,79,0
5,1,13,1,79,0
-4,7,16,1,79,0
0,6,23,1,79,0
8,-3,23,1,79,0
6,2,24,1,79,0
7,3,51,1,79,0
1,7,55,1,79,0
2,8,62,1,79,0
4,0,66,1,79,0
4,-1,73,1,79,0
2,-5,78,1,79,0
-2,6,11,1,79,0
-4,8,14,1,79,0
-7,1,15,1,79,0
-3,7,24,1,79,0
6,3,31,1,79,0
8,5,31,1,79,0
7,4,43,1,79,0
7,-1,44,1,79,0
0,7,46,1,79,0
1,8,54,1,79,0
4,-2,68,1,79,0
4,1,72,1,79,0
-5,0,4,1,80,0
-1,6,17,1,80,0
-6,1,21,1,80,0
8,6,27,1,80,0
-2,7,29,1,80,0
7,5,35,1,80,0
7,-2,39,1,80,0
5,3,43,1,80,0
4,-3,63,1,80,0
4,2,77,1,80,0
-4,0,9,1,80,0
-5,1,24,1,80,0
7,6,26,1,80,0
6,5,28,1,80,0
-2,8,31,1,80,0
5,4,35,1,80,0
-1,7,39,1,80,0
7,-3,43,1,80,0
4,3,44,1,80,0
8,-6,45,1,80,0
3,-1,79,1,80,0
3,2,79,1,80,0
8,7,79,1,80,0
-3,0,17,1,80,0
8,8,12,1,80,0
-5,2,29,1,80,0
7,-4,34,1,80,0
-1,8,35,1,80,0
5,5,38,1,80,0
6,-1,49,1,80,0
7,7,77,1,80,0
3,3,79,1,80,0
7,8,13,1,80,0
-2,0,23,1,80,0
-4,2,36,1,80,0
4,5,39,1,80,0
7,-5,41,1,80,0
5,6,48,1,80,0
6,7,63,1,80,0
3,-3,69,1,80,0
2,3,76,1,80,0
7,9,5,1,80,0
-1,0,27,1,80,0
8,0,28,1,80,0
-4,3,37,1,80,0
4,6,48,1,80,0
6,-3,49,1,80,0
7,-6,49,1,80,0
6,8,59,1,80,0
1,3,69,1,80,0
3,5,79,1,80,0
5,7,79,1,80,0
-3,3,45,1,80,0
5,-1,57,1,80,0
8,1,61,1,80,0
0,3,63,1,80,0
7,0,71,1,80,0
4,7,75,1,80,0
3,6,77,1,80,0
7,-7,79,1,80,0
9,3,1,1,80,0
8,-1,36,1,80,0
2,6,36,1,80,0
-2,3,51,1,80,0
8,2,58,1,80,0
7,1,66,1,80,0
3,7,69,1,80,0
4,8,71,1,80,0
7,-8,74,1,80,0
6,0,79,1,80,0
-9,1,3,1,80,0
-5,7,4,1,80,0
6,1,17,1,80,0
1,6,29,1,80,0
8,-2,34,1,80,0
8,3,47,1,80,0
7,2,53,1,80,0
5,-3,57,1,80,0
-1,3,57,1,80,0
2,7,59,1,80,0
3,8,66,1,80,0
2,-4,77,1,80,0
-3,6,5,1,80,0
-8,1,9,1,80,0
8,4,11,1,80,0
5,1,13,1,80,0
-4,7,16,1,80,0
0,6,23,1,80,0
8,-3,23,1,80,0
6,2,24,1,80,0
7,3,51,1,80,0
1,7,55,1,80,0
2,8,62,1,80,0
4,0,66,1,80,0
4,-1,73,1,80,0
2,-5,79,1,80,0
-2,6,11,1,80,0
-4,8,14,1,80,0
-7,1,15,1,80,0
-3,7,24,1,80,0
6,3,31,1,80,0
8,5,31,1,80,0
7,4,43,1,80,0
7,-1,44,1,80,0
0,7,46,1,80,0
1,8,54,1,80,0
4,-2,68,1,80,0
4,1,72,1,80,0
-5,0,4,1,81,0
-1,6,17,1,81,0
-6,1,21,1,81,0
8,6,27,1,81,0
-2,7,29,1,81,0
7,5,35,1,81,0
7,-2,39,1,81,0
5,3,43,1,81,0
4,-3,63,1,81,0
4,2,77,1,81,0
-4,0,9,1,81,0
-5,1,24,1,81,0
7,6,26,1,81,0
6,5,28,1,81,0
-2,8,31,1,81,0
5,4,35,1,81,0
-1,7,39,1,81,0
7,-3,43,1,81,0
4,3,44,1,81,0
8,-6,45,1,81,0
3,-1,79,1,81,0
3,2,79,1,81,0
8,7,79,1,81,0
-3,0,17,1,81,0
8,8,12,1,81,0
-5,2,29,1,81,0
7,-4,34,1,81,0
-1,8,35,1,81,0
5,5,38,1,81,0
6,-1,49,1,81,0
7,7,77,1,81,0
3,3,79,1,81,0
7,8,13,1,81,0
-2,0,23,1,81,0
-4,2,36,1,81,0
4,5,39,1,81,0
7,-5,41,1,81,0
5,6,48,1,81,0
6,7,63,1,81,0
3,-3,69,1,81,0
2,3,76,1,81,0
7,9,5,1,81,0
-1,0,27,1,81,0
8,0,28,1,81,0
-4,3,37,1,81,0
4,6,48,1,81,0
6,-3,49,1,81,0
7,-6,49,1,81,0
6,8,59,1,81,0
1,3,69,1,81,0
3,5,79,1,81,0
5,7,79,1,81,0
-3,3,45,1,81,0
5,-1,57,1,81,0
8,1,61,1,81,0
0,3,63,1,81,0
7,0,71,1,81,0
4,7,75,1,81,0
3,6,77,1,81,0
7,-7,79,1,81,0
9,3,1,1,81,0
8,-1,36,1,81,0
2,6,36,1,81,0
-2,3,51,1,81,0
8,2,58,1,81,0
7,1,66,1,81,0
3,7,69,1,81,0
4,8,71,1,81,0
7,-8,74,1,81,0
6,0,79,1,81,0
-9,1,3,1,81,0
-5,7,4,1,81,0
6,1,17,1,81,0
1,6,29,1,81,0
8,-2,34,1,81,0
8,3,47,1,81,0
7,2,53,1,81,0
5,-3,57,1,81,0
-1,3,57,1,81,0
2,7,59,1,81,0
3,8,66,1,81,0
2,-4,77,1,81,0
-3,6,5,1,81,0
-8,1,9,1,81,0
8,4,11,1,81,0
5,1,13,1,81,0
-4,7,16,1,81,0
0,6,23,1,81,0
8,-3,23,1,81,0
6,2,24,1,81,0
7,3,51,1,81,0
1,7,55,1,81,0
2,8,62,1,81,0
4,0,66,1,81,0
4,-1,73,1,81,0
2,-5,79,1,81,0
-2,6,11,1,81,0
-4,8,14,1,81,0
-7,1,15,1,81,0
-3,7,24,1,81,0
6,3,31,1,81,0
8,5,31,1,81,0
7,4,43,1,81,0
7,-1,44,1,81,0
0,7,46,1,81,0
1,8,54,1,81,0
4,-2,68,1,81,0
4,1,72,1,81,0
-5,0,4,1,82,0
-1,6,17,1,82,0
-6,1,21,1,82,0
8,6,27,1,82,0
-2,7,29,1,82,0
7,5,35,1,82,0
7,-2,39,1,82,0
5,3,43,1,82,0
4,-3,63,1,82,0
4,2,77,1,82,0
-4,0,9,1,82,0
-5,1,24,1,82,0
7,6,26,1,82,0
6,5,28,1,82,0
-2,8,31,1,82,0
5,4,35,1,82,0
-1,7,39,1,82,0
7,-3,43,1,82,0
4,3,44,1,82,0
8,-6,45,1,82,0
3,-1,79,1,82,0
3,2,81,1,82,0
8,7,81,1,82,0
-3,0,17,1,82,0
8,8,12,1,82,0
-5,2,29,1,82,0
7,-4,34,1,82,0
-1,8,35,1,82,0
5,5,38,1,82,0
6,-1,49,1,82,0
7,7,77,1,82,0
3,3,81,1,82,0
7,8,13,1,82,0
-2,0,23,1,82,0
-4,2,36,1,82,0
4,5,39,1,82,0
7,-5,41,1,82,0
5,6,48,1,82,0
6,7,63,1,82,0
3,-3,69,1,82,0
2,3,76,1,82,0
7,9,5,1,82,0
-1,0,27,1,82,0
8,0,28,1,82,0
-4,3,37,1,82,0
4,6,48,1,82,0
6,-3,49,1,82,0
7,-6,49,1,82,0
6,8,59,1,82,0
1,3,69,1,82,0
2,-1,81,1,82,0
3,5,81,1,82,0
5,7,81,1,82,0
-3,3,45,1,82,0
5,-1,57,1,82,0
8,1,61,1,82,0
0,3,63,1,82,0
7,0,71,1,82,0
4,7,75,1,82,0
3,6,77,1,82,0
7,-7,79,1,82,0
9,3,1,1,82,0
8,-1,36,1,82,0
2,6,36,1,82,0
-2,3,51,1,82,0
8,2,58,1,82,0
7,1,66,1,82,0
3,7,69,1,82,0
4,8,71,1,82,0
6,0,79,1,82,0
7,-8,81,1,82,0
-9,1,3,1,82,0
-5,7,4,1,82,0
1,6,29,1,82,0
8,-2,34,1,82,0
8,3,47,1,82,0
7,2,53,1,82,0
5,-3,57,1,82,0
-1,3,57,1,82,0
2,7,59,1,82,0
3,8,66,1,82,0
2,-4,77,1,82,0
6,1,81,1,82,0
-3,6,5,1,82,0
-8,1,9,1,82,0
8,4,11,1,82,0
5,1,13,1,82,0
-4,7,16,1,82,0
0,6,23,1,82,0
8,-3,23,1,82,0
6,2,24,1,82,0
7,3,51,1,82,0
1,7,55,1,82,0
2,8,62,1,82,0
4,0,66,1,82,0
4,-1,73,1,82,0
2,-5,81,1,82,0
-2,6,11,1,82,0
-4,8,14,1,82,0
-7,1,15,1,82,0
-3,7,24,1,82,0
6,3,31,1,82,0
8,5,31,1,82,0
7,4,43,1,82,0
7,-1,44,1,82,0
0,7,46,1,82,0
1,8,54,1,82,0
4,-2,68,1,82,0
4,1,72,1,82,0
-5,0,4,1,83,0
-1,6,17,1,83,0
-6,1,21,1,83,0
8,6,27,1,83,0
-2,7,29,1,83,0
7,5,35,1,83,0
7,-2,39,1,83,0
5,3,43,1,83,0
4,-3,63,1,83,0
4,2,77,1,83,0
-4,0,9,1,83,0
-5,1,24,1,83,0
7,6,26,1,83,0
6,5,28,1,83,0
-2,8,31,1,83,0
5,4,35,1,83,0
-1,7,39,1,83,0
7,-3,43,1,83,0
4,3,44,1,83,0
8,-6,45,1,83,0
3,-1,79,1,83,0
8,7,81,1,83,0
3,2,82,1,83,0
-3,0,17,1,83,0
8,8,12,1,83,0
-5,2,29,1,83,0
7,-4,34,1,83,0
-1,8,35,1,83,0
5,5,38,1,83,0
6,-1,49,1,83,0
3,3,82,1,83,0
7,7,82,1,83,0
7,8,13,1,83,0
-2,0,23,1,83,0
-4,2,36,1,83,0
4,5,39,1,83,0
7,-5,41,1,83,0
5,6,48,1,83,0
6,7,63,1,83,0
3,-3,69,1,83,0
2,3,76,1,83,0
7,9,5,1,83,0
-1,0,27,1,83,0
8,0,28,1,83,0
-4,3,37,1,83,0
4,6,48,1,83,0
6,-3,49,1,83,0
7,-6,49,1,83,0
6,8,59,1,83,0
1,3,69,1,83,0
5,7,81,1,83,0
2,-1,82,1,83,0
3,5,82,1,83,0
-3,3,45,1,83,0
5,-1,57,1,83,0
8,1,61,1,83,0
0,3,63,1,83,0
7,0,71,1,83,0
4,7,75,1,83,0
3,6,77,1,83,0
7,-7,79,1,83,0
9,3,1,1,83,0
8,-1,36,1,83,0
2,6,36,1,83,0
-2,3,51,1,83,0
8,2,58,1,83,0
7,1,66,1,83,0
3,7,69,1,83,0
4,8,71,1,83,0
6,0,79,1,83,0
7,-8,82,1,83,0
-9,1,3,1,83,0
-5,7,4,1,83,0
1,6,29,1,83,0
8,-2,34,1,83,0
8,3,47,1,83,0
7,2,53,1,83,0
5,-3,57,1,83,0
-1,3,57,1,83,0
2,7,59,1,83,0
3,8,66,1,83,0
2,-4,77,1,83,0
6,1,82,1,83,0
-3,6,5,1,83,0
-8,1,9,1,83,0
8,4,11,1,83,0
5,1,13,1,83,0
-4,7,16,1,83,0
0,6,23,1,83,0
8,-3,23,1,83,0
6,2,24,1,83,0
7,3,51,1,83,0
1,7,55,1,83,0
2,8,62,1,83,0
4,0,66,1,83,0
4,-1,73,1,83,0
2,-5,82,1,83,0
-2,6,11,1,83,0
-4,8,14,1,83,0
-7,1,15,1,83,0
-3,7,24,1,83,0
6,3,31,1,83,0
8,5,31,1,83,0
7,4,43,1,83,0
7,-1,44,1,83,0
0,7,46,1,83,0
1,8,54,1,83,0
4,-2,68,1,83,0
4,1,72,1,83,0
-5,0,4,1,84,0
-1,6,17,1,84,0
-6,1,21,1,84,0
8,6,27,1,84,0
-2,7,29,1,84,0
7,5,35,1,84,0
7,-2,39,1,84,0
5,3,43,1,84,0
4,-3,63,1,84,0
4,2,77,1,84,0
-4,0,9,1,84,0
-5,1,24,1,84,0
7,6,26,1,84,0
6,5,28,1,84,0
-2,8,31,1,84,0
5,4,35,1,84,0
-1,7,39,1,84,0
7,-3,43,1,84,0
4,3,44,1,84,0
8,-6,45,1,84,0
3,-1,79,1,84,0
8,7,81,1,84,0
3,2,83,1,84,0
-3,0,17,1,84,0
8,8,12,1,84,0
-5,2,29,1,84,0
7,-4,34,1,84,0
-1,8,35,1,84,0
5,5,38,1,84,0
6,-1,49,1,84,0
3,3,82,1,84,0
7,7,83,1,84,0
7,8,13,1,84,0
-2,0,23,1,84,0
-4,2,36,1,84,0
4,5,39,1,84,0
7,-5,41,1,84,0
5,6,48,1,84,0
3,-3,69,1,84,0
2,3,76,1,84,0
3,4,83,1,84,0
6,7,82,1,84,0
7,9,5,1,84,0
-1,0,27,1,84,0
8,0,28,1,84,0
-4,3,37,1,84,0
4,6,48,1,84,0
6,-3,49,1,84,0
7,-6,49,1,84,0
6,8,59,1,84,0
1,3,69,1,84,0
5,7,81,1,84,0
2,-1,83,1,84,0
3,5,83,1,84,0
-3,3,45,1,84,0
5,-1,57,1,84,0
8,1,61,1,84,0
0,3,63,1,84,0
7,0,71,1,84,0
4,7,75,1,84,0
3,6,77,1,84,0
7,-7,79,1,84,0
9,3,1,1,84,0
8,-1,36,1,84,0
2,6,36,1,84,0
-2,3,51,1,84,0
8,2,58,1,84,0
7,1,66,1,84,0
3,7,69,1,84,0
4,8,71,1,84,0
6,0,79,1,84,0
7,-8,83,1,84,0
-9,1,3,1,84,0
-5,7,4,1,84,0
1,6,29,1,84,0
8,-2,34,1,84,0
8,3,47,1,84,0
7,2,53,1,84,0
5,-3,57,1,84,0
-1,3,57,1,84,0
2,7,59,1,84,0
3,8,66,1,84,0
2,-4,77,1,84,0
6,1,82,1,84,0
-3,6,5,1,84,0
-8,1,9,1,84,0
8,4,11,1,84,0
-4,7,16,1,84,0
0,6,23,1,84,0
8,-3,23,1,84,0
6,2,24,1,84,0
7,3,51,1,84,0
1,7,55,1,84,0
2,8,62,1,84,0
4,0,66,1,84,0
4,-1,73,1,84,0
2,-5,83,1,84,0
5,1,83,1,84,0
-2,6,11,1,84,0
-4,8,14,1,84,0
-7,1,15,1,84,0
-3,7,24,1,84,0
6,3,31,1,84,0
8,5,31,1,84,0
7,4,43,1,84,0
7,-1,44,1,84,0
0,7,46,1,84,0
1,8,54,1,84,0
4,-2,68,1,84,0
4,1,72,1,84,0
-5,0,4,1,85,0
-1,6,17,1,85,0
-6,1,21,1,85,0
8,6,27,1,85,0
-2,7,29,1,85,0
7,5,35,1,85,0
7,-2,39,1,85,0
5,3,43,1,85,0
4,-3,63,1,85,0
4,2,77,1,85,0
3,1,84,1,85,0
-4,0,9,1,85,0
-5,1,24,1,85,0
7,6,26,1,85,0
6,5,28,1,85,0
-2,8,31,1,85,0
5,4,35,1,85,0
-1,7,39,1,85,0
7,-3,43,1,85,0
4,3,44,1,85,0
8,-6,45,1,85,0
3,-1,79,1,85,0
8,7,81,1,85,0
3,2,83,1,85,0
-3,0,17,1,85,0
8,8,12,1,85,0
-5,2,29,1,85,0
7,-4,34,1,85,0
-1,8,35,1,85,0
5,5,38,1,85,0
6,-1,49,1,85,0
3,3,82,1,85,0
7,7,84,1,85,0
7,8,13,1,85,0
-2,0,23,1,85,0
-4,2,36,1,85,0
4,5,39,1,85,0
7,-5,41,1,85,0
5,6,48,1,85,0
3,-3,69,1,85,0
2,3,76,1,85,0
3,4,84,1,85,0
6,7,83,1,85,0
7,9,5,1,85,0
-1,0,27,1,85,0
8,0,28,1,85,0
-4,3,37,1,85,0
4,6,48,1,85,0
6,-3,49,1,85,0
7,-6,49,1,85,0
6,8,59,1,85,0
1,3,69,1,85,0
5,7,81,1,85,0
3,5,83,1,85,0
2,-1,84,1,85,0
-3,3,45,1,85,0
5,-1,57,1,85,0
8,1,61,1,85,0
0,3,63,1,85,0
7,0,71,1,85,0
4,7,75,1,85,0
3,6,77,1,85,0
7,-7,84,1,85,0
9,3,1,1,85,0
8,-1,36,1,85,0
2,6,36,1,85,0
-2,3,51,1,85,0
8,2,58,1,85,0
7,1,66,1,85,0
3,7,69,1,85,0
4,8,71,1,85,0
6,0,79,1,85,0
7,-8,83,1,85,0
-9,1,3,1,85,0
-5,7,4,1,85,0
1,6,29,1,85,0
8,-2,34,1,85,0
8,3,47,1,85,0
7,2,53,1,85,0
5,-3,57,1,85,0
-1,3,57,1,85,0
2,7,59,1,85,0
3,8,66,1,85,0
2,-4,77,1,85,0
6,1,82,1,85,0
-3,6,5,1,85,0
-8,1,9,1,85,0
8,4,11,1,85,0
-4,7,16,1,85,0
0,6,23,1,85,0
8,-3,23,1,85,0
6,2,24,1,85,0
7,3,51,1,85,0
1,7,55,1,85,0
2,8,62,1,85,0
4,0,66,1,85,0
4,-1,73,1,85,0
2,-5,84,1,85,0
5,1,84,1,85,0
-2,6,11,1,85,0
-4,8,14,1,85,0
-7,1,15,1,85,0
-3,7,24,1,85,0
6,3,31,1,85,0
8,5,31,1,85,0
7,4,43,1,85,0
7,-1,44,1,85,0
0,7,46,1,85,0
1,8,54,1,85,0
4,-2,68,1,85,0
4,1,72,1,85,0
-5,0,4,1,86,0
-1,6,17,1,86,0
-6,1,21,1,86,0
8,6,27,1,86,0
-2,7,29,1,86,0
7,5,35,1,86,0
7,-2,39,1,86,0
5,3,43,1,86,0
4,-3,63,1,86,0
4,2,77,1,86,0
3,1,85,1,86,0
-4,0,9,1,86,0
-5,1,24,1,86,0
7,6,26,1,86,0
6,5,28,1,86,0
-2,8,31,1,86,0
5,4,35,1,86,0
-1,7,39,1,86,0
7,-3,43,1,86,0
4,3,44,1,86,0
8,-6,45,1,86,0
3,-1,79,1,86,0
8,7,81,1,86,0
3,2,83,1,86,0
-3,0,17,1,86,0
8,8,12,1,86,0
-5,2,29,1,86,0
7,-4,34,1,86,0
-1,8,35,1,86,0
5,5,38,1,86,0
6,-1,49,1,86,0
3,3,82,1,86,0
7,7,85,1,86,0
7,8,13,1,86,0
-2,0,23,1,86,0
-4,2,36,1,86,0
4,5,39,1,86,0
7,-5,41,1,86,0
5,6,48,1,86,0
3,-3,69,1,86,0
2,3,76,1,86,0
3,4,85,1,86,0
6,7,84,1,86,0
7,9,5,1,86,0
-1,0,27,1,86,0
8,0,28,1,86,0
-4,3,37,1,86,0
4,6,48,1,86,0
6,-3,49,1,86,0
7,-6,49,1,86,0
6,8,59,1,86,0
1,3,69,1,86,0
5,7,81,1,86,0
3,5,83,1,86,0
2,-1,85,1,86,0
-3,3,45,1,86,0
5,-1,57,1,86,0
8,1,61,1,86,0
0,3,63,1,86,0
7,0,71,1,86,0
4,7,75,1,86,0
3,6,77,1,86,0
7,-7,85,1,86,0
9,3,1,1,86,0
8,-1,36,1,86,0
2,6,36,1,86,0
-2,3,51,1,86,0
8,2,58,1,86,0
7,1,66,1,86,0
3,7,69,1,86,0
4,8,71,1,86,0
6,0,79,1,86,0
7,-8,83,1,86,0
-9,1,3,1,86,0
-5,7,4,1,86,0
1,6,29,1,86,0
8,-2,34,1,86,0
8,3,47,1,86,0
7,2,53,1,86,0
5,-3,57,1,86,0
-1,3,57,1,86,0
2,7,59,1,86,0
3,8,66,1,86,0
2,-4,77,1,86,0
6,1,82,1,86,0
-3,6,5,1,86,0
-8,1,9,1,86,0
8,4,11,1,86,0
-4,7,16,1,86,0
0,6,23,1,86,0
8,-3,23,1,86,0
6,2,24,1,86,0
7,3,51,1,86,0
1,7,55,1,86,0
2,8,62,1,86,0
4,0,66,1,86,0
4,-1,73,1,86,0
2,-5,85,1,86,0
5,1,85,1,86,0
-2,6,11,1,86,0
-4,8,14,1,86,0
-7,1,15,1,86,0
-3,7,24,1,86,0
6,3,31,1,86,0
8,5,31,1,86,0
7,4,43,1,86,0
7,-1,44,1,86,0
0,7,46,1,86,0
1,8,54,1,86,0
4,-2,68,1,86,0
4,1,72,1,86,0
-5,0,4,1,87,0
-1,6,17,1,87,0
-6,1,21,1,87,0
8,6,27,1,87,0
-2,7,29,1,87,0
7,5,35,1,87,0
7,-2,39,1,87,0
5,3,43,1,87,0
4,-3,63,1,87,0
4,2,77,1,87,0
3,1,86,1,87,0
-4,0,9,1,87,0
-5,1,24,1,87,0
7,6,26,1,87,0
6,5,28,1,87,0
-2,8,31,1,87,0
5,4,35,1,87,0
-1,7,39,1,87,0
7,-3,43,1,87,0
4,3,44,1,87,0
8,-6,45,1,87,0
3,-1,79,1,87,0
8,7,81,1,87,0
3,2,83,1,87,0
-3,0,17,1,87,0
8,8,12,1,87,0
-5,2,29,1,87,0
7,-4,34,1,87,0
-1,8,35,1,87,0
5,5,38,1,87,0
6,-1,49,1,87,0
3,3,82,1,87,0
7,7,86,1,87,0
7,8,13,1,87,0
-2,0,23,1,87,0
-4,2,36,1,87,0
4,5,39,1,87,0
7,-5,41,1,87,0
5,6,48,1,87,0
3,-3,69,1,87,0
2,3,76,1,87,0
3,4,86,1,87,0
6,7,85,1,87,0
7,9,5,1,87,0
-1,0,27,1,87,0
8,0,28,1,87,0
-4,3,37,1,87,0
4,6,48,1,87,0
6,-3,49,1,87,0
7,-6,49,1,87,0
6,8,59,1,87,0
1,3,69,1,87,0
5,7,81,1,87,0
3,5,83,1,87,0
2,-1,85,1,87,0
-3,3,45,1,87,0
5,-1,57,1,87,0
8,1,61,1,87,0
0,3,63,1,87,0
7,0,71,1,87,0
4,7,75,1,87,0
3,6,77,1,87,0
7,-7,86,1,87,0
9,3,1,1,87,0
8,-1,36,1,87,0
2,6,36,1,87,0
-2,3,51,1,87,0
8,2,58,1,87,0
7,1,66,1,87,0
3,7,69,1,87,0
4,8,71,1,87,0
6,0,79,1,87,0
7,-8,83,1,87,0
-9,1,3,1,87,0
-5,7,4,1,87,0
1,6,29,1,87,0
8,-2,34,1,87,0
8,3,47,1,87,0
7,2,53,1,87,0
5,-3,57,1,87,0
-1,3,57,1,87,0
2,7,59,1,87,0
3,8,66,1,87,0
2,-4,77,1,87,0
1,-1,86,1,87,0
6,1,86,1,87,0
-3,6,5,1,87,0
-8,1,9,1,87,0
8,4,11,1,87,0
-4,7,16,1,87,0
0,6,23,1,87,0
8,-3,23,1,87,0
6,2,24,1,87,0
7,3,51,1,87,0
1,7,55,1,87,0
2,8,62,1,87,0
4,0,66,1,87,0
4,-1,73,1,87,0
2,-5,85,1,87,0
5,1,85,1,87,0
-2,6,11,1,87,0
-4,8,14,1,87,0
-7,1,15,1,87,0
-3,7,24,1,87,0
6,3,31,1,87,0
8,5,31,1,87,0
7,4,43,1,87,0
7,-1,44,1,87,0
0,7,46,1,87,0
1,8,54,1,87,0
4,-2,68,1,87,0
4,1,72,1,87,0
2,-6,86,1,87,0
-5,0,4,1,88,0
-1,6,17,1,88,0
-6,1,21,1,88,0
8,6,27,1,88,0
-2,7,29,1,88,0
7,5,35,1,88,0
7,-2,39,1,88,0
5,3,43,1,88,0
4,-3,63,1,88,0
4,2,77,1,88,0
3,1,87,1,88,0
-4,0,9,1,88,0
-5,1,24,1,88,0
7,6,26,1,88,0
6,5,28,1,88,0
-2,8,31,1,88,0
5,4,35,1,88,0
-1,7,39,1,88,0
7,-3,43,1,88,0
4,3,44,1,88,0
8,-6,45,1,88,0
3,-1,79,1,88,0
3,2,83,1,88,0
8,7,87,1,88,0
-3,0,17,1,88,0
8,8,12,1,88,0
-5,2,29,1,88,0
7,-4,34,1,88,0
-1,8,35,1,88,0
5,5,38,1,88,0
6,-1,49,1,88,0
3,3,82,1,88,0
7,7,86,1,88,0
7,8,13,1,88,0
-2,0,23,1,88,0
-4,2,36,1,88,0
4,5,39,1,88,0
7,-5,41,1,88,0
5,6,48,1,88,0
3,-3,69,1,88,0
2,3,76,1,88,0
6,7,85,1,88,0
3,4,87,1,88,0
7,9,5,1,88,0
-1,0,27,1,88,0
8,0,28,1,88,0
-4,3,37,1,88,0
4,6,48,1,88,0
6,-3,49,1,88,0
7,-6,49,1,88,0
1,3,69,1,88,0
5,7,81,1,88,0
2,-1,85,1,88,0
3,5,87,1,88,0
6,8,86,1,88,0
-3,3,45,1,88,0
5,-1,57,1,88,0
8,1,61,1,88,0
0,3,63,1,88,0
7,0,71,1,88,0
4,7,75,1,88,0
3,6,77,1,88,0
7,-7,86,1,88,0
9,3,1,1,88,0
8,-1,36,1,88,0
2,6,36,1,88,0
-2,3,51,1,88,0
8,2,58,1,88,0
7,1,66,1,88,0
3,7,69,1,88,0
4,8,71,1,88,0
6,0,79,1,88,0
7,-8,87,1,88,0
-9,1,3,1,88,0
-5,7,4,1,88,0
1,6,29,1,88,0
8,-2,34,1,88,0
8,3,47,1,88,0
7,2,53,1,88,0
5,-3,57,1,88,0
-1,3,57,1,88,0
2,7,59,1,88,0
3,8,66,1,88,0
2,-4,77,1,88,0
1,-1,87,1,88,0
6,1,87,1,88,0
-3,6,5,1,88,0
-8,1,9,1,88,0
8,4,11,1,88,0
-4,7,16,1,88,0
0,6,23,1,88,0
8,-3,23,1,88,0
6,2,24,1,88,0
7,3,51,1,88,0
1,7,55,1,88,0
2,8,62,1,88,0
4,0,66,1,88,0
4,-1,73,1,88,0
2,-5,85,1,88,0
5,1,85,1,88,0
-2,6,11,1,88,0
-4,8,14,1,88,0
-7,1,15,1,88,0
-3,7,24,1,88,0
6,3,31,1,88,0
8,5,31,1,88,0
7,4,43,1,88,0
7,-1,44,1,88,0
0,7,46,1,88,0
1,8,54,1,88,0
4,-2,68,1,88,0
4,1,72,1,88,0
2,-6,87,1,88,0
-5,0,4,1,89,0
-1,6,17,1,89,0
-6,1,21,1,89,0
8,6,27,1,89,0
-2,7,29,1,89,0
7,5,35,1,89,0
7,-2,39,1,89,0
5,3,43,1,89,0
4,-3,63,1,89,0
4,2,77,1,89,0
3,1,88,1,89,0
-4,0,9,1,89,0
-5,1,24,1,89,0
7,6,26,1,89,0
6,5,28,1,89,0
-2,8,31,1,89,0
5,4,35,1,89,0
-1,7,39,1,89,0
7,-3,43,1,89,0
4,3,44,1,89,0
8,-6,45,1,89,0
3,-1,79,1,89,0
3,2,83,1,89,0
8,7,88,1,89,0
-3,0,17,1,89,0
8,8,12,1,89,0
-5,2,29,1,89,0
7,-4,34,1,89,0
-1,8,35,1,89,0
5,5,38,1,89,0
6,-1,49,1,89,0
3,3,82,1,89,0
7,7,86,1,89,0
7,8,13,1,89,0
-2,0,23,1,89,0
-4,2,36,1,89,0
4,5,39,1,89,0
7,-5,41,1,89,0
5,6,48,1,89,0
3,-3,69,1,89,0
2,3,76,1,89,0
6,7,85,1,89,0
3,4,88,1,89,0
7,9,5,1,89,0
-1,0,27,1,89,0
8,0,28,1,89,0
-4,3,37,1,89,0
4,6,48,1,89,0
6,-3,49,1,89,0
7,-6,49,1,89,0
1,3,69,1,89,0
5,7,81,1,89,0
2,-1,85,1,89,0
3,5,88,1,89,0
6,8,88,1,89,0
-3,3,45,1,89,0
5,-1,57,1,89,0
8,1,61,1,89,0
0,3,63,1,89,0
7,0,71,1,89,0
4,7,75,1,89,0
3,6,77,1,89,0
7,-7,88,1,89,0
9,3,1,1,89,0
8,-1,36,1,89,0
2,6,36,1,89,0
-2,3,51,1,89,0
8,2,58,1,89,0
7,1,66,1,89,0
3,7,69,1,89,0
4,8,71,1,89,0
6,0,79,1,89,0
7,-8,87,1,89,0
-9,1,3,1,89,0
-5,7,4,1,89,0
1,6,29,1,89,0
8,-2,34,1,89,0
8,3,47,1,89,0
7,2,53,1,89,0
5,-3,57,1,89,0
-1,3,57,1,89,0
2,7,59,1,89,0
3,8,66,1,89,0
2,-4,77,1,89,0
1,-1,88,1,89,0
6,1,88,1,89,0
-3,6,5,1,89,0
-8,1,9,1,89,0
8,4,11,1,89,0
-4,7,16,1,89,0
0,6,23,1,89,0
8,-3,23,1,89,0
6,2,24,1,89,0
7,3,51,1,89,0
1,7,55,1,89,0
2,8,62,1,89,0
4,0,66,1,89,0
4,-1,73,1,89,0
2,-5,85,1,89,0
5,1,85,1,89,0
-2,6,11,1,89,0
-4,8,14,1,89,0
-7,1,15,1,89,0
-3,7,24,1,89,0
6,3,31,1,89,0
8,5,31,1,89,0
7,4,43,1,89,0
7,-1,44,1,89,0
0,7,46,1,89,0
1,8,54,1,89,0
4,-2,68,1,89,0
4,1,72,1,89,0
2,-6,88,1,89,0
-5,0,4,1,90,0
-1,6,17,1,90,0
-6,1,21,1,90,0
8,6,27,1,90,0
-2,7,29,1,90,0
7,5,35,1,90,0
7,-2,39,1,90,0
5,3,43,1,90,0
4,-3,63,1,90,0
4,2,77,1,90,0
3,1,89,1,90,0
-4,0,9,1,90,0
-5,1,24,1,90,0
7,6,26,1,90,0
6,5,28,1,90,0
-2,8,31,1,90,0
5,4,35,1,90,0
-1,7,39,1,90,0
7,-3,43,1,90,0
4,3,44,1,90,0
8,-6,45,1,90,0
3,-1,79,1,90,0
3,2,83,1,90,0
8,7,89,1,90,0
-3,0,17,1,90,0
8,8,12,1,90,0
-5,2,29,1,90,0
7,-4,34,1,90,0
-1,8,35,1,90,0
5,5,38,1,90,0
6,-1,49,1,90,0
3,3,82,1,90,0
7,7,86,1,90,0
4,4,89,1,90,0
7,8,13,1,90,0
-2,0,23,1,90,0
-4,2,36,1,90,0
4,5,39,1,90,0
7,-5,41,1,90,0
5,6,48,1,90,0
3,-3,69,1,90,0
2,3,76,1,90,0
6,7,85,1,90,0
3,4,88,1,90,0
7,9,5,1,90,0
-1,0,27,1,90,0
8,0,28,1,90,0
-4,3,37,1,90,0
4,6,48,1,90,0
6,-3,49,1,90,0
7,-6,49,1,90,0
1,3,69,1,90,0
5,7,81,1,90,0
2,-1,85,1,90,0
6,8,88,1,90,0
3,5,89,1,90,0
-3,3,45,1,90,0
5,-1,57,1,90,0
8,1,61,1,90,0
0,3,63,1,90,0
7,0,71,1,90,0
4,7,75,1,90,0
3,6,77,1,90,0
7,-7,88,1,90,0
9,3,1,1,90,0
8,-1,36,1,90,0
2,6,36,1,90,0
-2,3,51,1,90,0
8,2,58,1,90,0
7,1,66,1,90,0
3,7,69,1,90,0
4,8,71,1,90,0
6,0,79,1,90,0
7,-8,87,1,90,0
-9,1,3,1,90,0
-5,7,4,1,90,0
1,6,29,1,90,0
8,-2,34,1,90,0
8,3,47,1,90,0
7,2,53,1,90,0
5,-3,57,1,90,0
-1,3,57,1,90,0
2,7,59,1,90,0
3,8,66,1,90,0
2,-4,77,1,90,0
1,-1,89,1,90,0
6,1,89,1,90,0
-3,6,5,1,90,0
-8,1,9,1,90,0
8,4,11,1,90,0
-4,7,16,1,90,0
0,6,23,1,90,0
8,-3,23,1,90,0
6,2,24,1,90,0
7,3,51,1,90,0
1,7,55,1,90,0
2,8,62,1,90,0
4,0,66,1,90,0
4,-1,73,1,90,0
2,-5,85,1,90,0
5,1,85,1,90,0
-2,6,11,1,90,0
-4,8,14,1,90,0
-7,1,15,1,90,0
-3,7,24,1,90,0
6,3,31,1,90,0
8,5,31,1,90,0
7,4,43,1,90,0
7,-1,44,1,90,0
0,7,46,1,90,0
1,8,54,1,90,0
4,-2,68,1,90,0
4,1,72,1,90,0
2,-6,89,1,90,0
-5,0,4,1,91,0
-1,6,17,1,91,0
-6,1,21,1,91,0
8,6,27,1,91,0
-2,7,29,1,91,0
7,5,35,1,91,0
7,-2,39,1,91,0
5,3,43,1,91,0
4,-3,63,1,91,0
4,2,77,1,91,0
3,1,89,1,91,0
-4,0,9,1,91,0
-5,1,24,1,91,0
7,6,26,1,91,0
6,5,28,1,91,0
-2,8,31,1,91,0
5,4,35,1,91,0
-1,7,39,1,91,0
7,-3,43,1,91,0
4,3,44,1,91,0
8,-6,45,1,91,0
3,-1,79,1,91,0
3,2,83,1,91,0
8,7,89,1,91,0
-3,0,17,1,91,0
8,8,12,1,91,0
-5,2,29,1,91,0
7,-4,34,1,91,0
-1,8,35,1,91,0
5,5,38,1,91,0
6,-1,49,1,91,0
3,3,82,1,91,0
7,7,86,1,91,0
4,4,89,1,91,0
7,8,13,1,91,0
-2,0,23,1,91,0
-4,2,36,1,91,0
4,5,39,1,91,0
7,-5,41,1,91,0
5,6,48,1,91,0
3,-3,69,1,91,0
2,3,76,1,91,0
6,7,85,1,91,0
3,4,88,1,91,0
7,9,5,1,91,0
-1,0,27,1,91,0
8,0,28,1,91,0
-4,3,37,1,91,0
4,6,48,1,91,0
6,-3,49,1,91,0
7,-6,49,1,91,0
1,3,69,1,91,0
5,7,81,1,91,0
2,-1,85,1,91,0
3,5,89,1,91,0
6,8,89,1,91,0
-3,3,45,1,91,0
5,-1,57,1,91,0
8,1,61,1,91,0
0,3,63,1,91,0
7,0,71,1,91,0
4,7,75,1,91,0
3,6,77,1,91,0
7,-7,89,1,91,0
9,3,1,1,91,0
8,-1,36,1,91,0
2,6,36,1,91,0
-2,3,51,1,91,0
8,2,58,1,91,0
7,1,66,1,91,0
3,7,69,1,91,0
4,8,71,1,91,0
6,0,79,1,91,0
7,-8,87,1,91,0
-9,1,3,1,91,0
-5,7,4,1,91,0
1,6,29,1,91,0
8,-2,34,1,91,0
8,3,47,1,91,0
7,2,53,1,91,0
5,-3,57,1,91,0
-1,3,57,1,91,0
2,7,59,1,91,0
3,8,66,1,91,0
2,-4,77,1,91,0
1,-1,89,1,91,0
6,1,89,1,91,0
-3,6,5,1,91,0
-8,1,9,1,91,0
8,4,11,1,91,0
-4,7,16,1,91,0
0,6,23,1,91,0
8,-3,23,1,91,0
6,2,24,1,91,0
7,3,51,1,91,0
1,7,55,1,91,0
2,8,62,1,91,0
4,0,66,1,91,0
4,-1,73,1,91,0
2,-5,85,1,91,0
5,1,85,1,91,0
-2,6,11,1,91,0
-4,8,14,1,91,0
-7,1,15,1,91,0
-3,7,24,1,91,0
6,3,31,1,91,0
8,5,31,1,91,0
7,4,43,1,91,0
7,-1,44,1,91,0
0,7,46,1,91,0
1,8,54,1,91,0
4,-2,68,1,91,0
4,1,72,1,91,0
2,-6,89,1,91,0
-5,0,4,1,92,0
-1,6,17,1,92,0
-6,1,21,1,92,0
8,6,27,1,92,0
-2,7,29,1,92,0
7,5,35,1,92,0
7,-2,39,1,92,0
5,3,43,1,92,0
4,-3,63,1,92,0
4,2,77,1,92,0
3,1,91,1,92,0
-4,0,9,1,92,0
-5,1,24,1,92,0
7,6,26,1,92,0
6,5,28,1,92,0
-2,8,31,1,92,0
5,4,35,1,92,0
-1,7,39,1,92,0
7,-3,43,1,92,0
4,3,44,1,92,0
8,-6,45,1,92,0
3,-1,79,1,92,0
3,2,83,1,92,0
8,7,89,1,92,0
-3,0,17,1,92,0
8,8,12,1,92,0
-5,2,29,1,92,0
7,-4,34,1,92,0
-1,8,35,1,92,0
5,5,38,1,92,0
6,-1,49,1,92,0
3,3,82,1,92,0
4,4,89,1,92,0
7,7,91,1,92,0
7,8,13,1,92,0
-2,0,23,1,92,0
-4,2,36,1,92,0
7,-5,41,1,92,0
5,6,48,1,92,0
3,-3,69,1,92,0
2,3,76,1,92,0
6,7,85,1,92,0
3,4,91,1,92,0
4,5,91,1,92,0
7,9,5,1,92,0
-1,0,27,1,92,0
8,0,28,1,92,0
-4,3,37,1,92,0
4,6,48,1,92,0
6,-3,49,1,92,0
7,-6,49,1,92,0
1,3,69,1,92,0
5,7,81,1,92,0
2,-1,85,1,92,0
3,5,89,1,92,0
6,8,89,1,92,0
-3,3,45,1,92,0
5,-1,57,1,92,0
8,1,61,1,92,0
0,3,63,1,92,0
7,0,71,1,92,0
4,7,75,1,92,0
3,6,77,1,92,0
7,-7,89,1,92,0
9,3,1,1,92,0
8,-1,36,1,92,0
2,6,36,1,92,0
-2,3,51,1,92,0
8,2,58,1,92,0
7,1,66,1,92,0
3,7,69,1,92,0
4,8,71,1,92,0
6,0,79,1,92,0
7,-8,87,1,92,0
3,-6,91,1,92,0
-9,1,3,1,92,0
-5,7,4,1,92,0
1,6,29,1,92,0
8,-2,34,1,92,0
8,3,47,1,92,0
7,2,53,1,92,0
5,-3,57,1,92,0
-1,3,57,1,92,0
2,7,59,1,92,0
3,8,66,1,92,0
2,-4,77,1,92,0
6,1,89,1,92,0
1,-1,91,1,92,0
-3,6,5,1,92,0
-8,1,9,1,92,0
8,4,11,1,92,0
-4,7,16,1,92,0
0,6,23,1,92,0
8,-3,23,1,92,0
7,3,51,1,92,0
1,7,55,1,92,0
2,8,62,1,92,0
4,0,66,1,92,0
4,-1,73,1,92,0
2,-5,85,1,92,0
5,1,85,1,92,0
6,2,91,1,92,0
6,-7,91,1,92,0
-2,6,11,1,92,0
-4,8,14,1,92,0
-7,1,15,1,92,0
-3,7,24,1,92,0
6,3,31,1,92,0
8,5,31,1,92,0
7,4,43,1,92,0
7,-1,44,1,92,0
0,7,46,1,92,0
1,8,54,1,92,0
4,-2,68,1,92,0
4,1,72,1,92,0
2,-6,89,1,92,0
-5,0,4,1,93,0
-1,6,17,1,93,0
-6,1,21,1,93,0
8,6,27,1,93,0
-2,7,29,1,93,0
7,5,35,1,93,0
7,-2,39,1,93,0
5,3,43,1,93,0
4,-3,63,1,93,0
4,2,77,1,93,0
3,1,91,1,93,0
0,-1,92,1,93,0
-4,0,9,1,93,0
-5,1,24,1,93,0
7,6,26,1,93,0
6,5,28,1,93,0
-2,8,31,1,93,0
5,4,35,1,93,0
-1,7,39,1,93,0
7,-3,43,1,93,0
4,3,44,1,93,0
8,-6,45,1,93,0
3,-1,79,1,93,0
3,2,83,1,93,0
8,7,89,1,93,0
-3,0,17,1,93,0
8,8,12,1,93,0
-5,2,29,1,93,0
7,-4,34,1,93,0
-1,8,35,1,93,0
5,5,38,1,93,0
6,-1,49,1,93,0
3,3,82,1,93,0
4,4,89,1,93,0
7,7,92,1,93,0
7,8,13,1,93,0
-2,0,23,1,93,0
-4,2,36,1,93,0
7,-5,41,1,93,0
5,6,48,1,93,0
3,-3,69,1,93,0
2,3,76,1,93,0
6,7,85,1,93,0
3,4,92,1,93,0
4,5,92,1,93,0
7,9,5,1,93,0
-1,0,27,1,93,0
8,0,28,1,93,0
-4,3,37,1,93,0
4,6,48,1,93,0
6,-3,49,1,93,0
7,-6,49,1,93,0
1,3,69,1,93,0
2,-1,85,1,93,0
3,5,89,1,93,0
6,8,89,1,93,0
5,7,91,1,93,0
-3,3,45,1,93,0
5,-1,57,1,93,0
8,1,61,1,93,0
0,3,63,1,93,0
7,0,71,1,93,0
4,7,75,1,93,0
3,6,77,1,93,0
7,-7,89,1,93,0
9,3,1,1,93,0
8,-1,36,1,93,0
2,6,36,1,93,0
-2,3,51,1,93,0
8,2,58,1,93,0
7,1,66,1,93,0
3,7,69,1,93,0
4,8,71,1,93,0
6,0,79,1,93,0
7,-8,87,1,93,0
3,-6,92,1,93,0
-9,1,3,1,93,0
-5,7,4,1,93,0
1,6,29,1,93,0
8,-2,34,1,93,0
8,3,47,1,93,0
7,2,53,1,93,0
5,-3,57,1,93,0
-1,3,57,1,93,0
2,7,59,1,93,0
3,8,66,1,93,0
2,-4,77,1,93,0
6,1,89,1,93,0
1,-1,91,1,93,0
-3,6,5,1,93,0
-8,1,9,1,93,0
8,4,11,1,93,0
-4,7,16,1,93,0
0,6,23,1,93,0
8,-3,23,1,93,0
7,3,51,1,93,0
1,7,55,1,93,0
2,8,62,1,93,0
4,0,66,1,93,0
4,-1,73,1,93,0
2,-5,85,1,93,0
5,1,85,1,93,0
6,2,91,1,93,0
6,-7,92,1,93,0
-2,6,11,1,93,0
-4,8,14,1,93,0
-7,1,15,1,93,0
-3,7,24,1,93,0
6,3,31,1,93,0
8,5,31,1,93,0
7,4,43,1,93,0
7,-1,44,1,93,0
0,7,46,1,93,0
1,8,54,1,93,0
4,-2,68,1,93,0
4,1,72,1,93,0
2,-6,89,1,93,0
5,2,92,1,93,0
3,0,92,1,93,0
-5,0,4,1,94,0
-1,6,17,1,94,0
-6,1,21,1,94,0
8,6,27,1,94,0
-2,7,29,1,94,0
7,5,35,1,94,0
7,-2,39,1,94,0
5,3,43,1,94,0
4,-3,63,1,94,0
4,2,77,1,94,0
3,1,91,1,94,0
0,-1,93,1,94,0
2,0,93,1,94,0
-4,0,9,1,94,0
-5,1,24,1,94,0
7,6,26,1,94,0
6,5,28,1,94,0
-2,8,31,1,94,0
5,4,35,1,94,0
-1,7,39,1,94,0
7,-3,43,1,94,0
4,3,44,1,94,0
8,-6,45,1,94,0
3,-1,79,1,94,0
3,2,83,1,94,0
8,7,89,1,94,0
-3,0,17,1,94,0
8,8,12,1,94,0
-5,2,29,1,94,0
7,-4,34,1,94,0
-1,8,35,1,94,0
5,5,38,1,94,0
6,-1,49,1,94,0
3,3,82,1,94,0
4,4,89,1,94,0
7,7,93,1,94,0
7,8,13,1,94,0
-2,0,23,1,94,0
-4,2,36,1,94,0
7,-5,41,1,94,0
5,6,48,1,94,0
3,-3,69,1,94,0
2,3,76,1,94,0
6,7,85,1,94,0
3,4,93,1,94,0
4,5,93,1,94,0
7,9,5,1,94,0
-1,0,27,1,94,0
8,0,28,1,94,0
-4,3,37,1,94,0
4,6,48,1,94,0
6,-3,49,1,94,0
7,-6,49,1,94,0
1,3,69,1,94,0
2,-1,85,1,94,0
3,5,89,1,94,0
6,8,89,1,94,0
5,7,92,1,94,0
-3,3,45,1,94,0
5,-1,57,1,94,0
8,1,61,1,94,0
0,3,63,1,94,0
7,0,71,1,94,0
4,7,75,1,94,0
3,6,77,1,94,0
7,-7,89,1,94,0
9,3,1,1,94,0
8,-1,36,1,94,0
2,6,36,1,94,0
-2,3,51,1,94,0
8,2,58,1,94,0
7,1,66,1,94,0
3,7,69,1,94,0
4,8,71,1,94,0
6,0,79,1,94,0
7,-8,87,1,94,0
3,-6,92,1,94,0
-9,1,3,1,94,0
-5,7,4,1,94,0
1,6,29,1,94,0
8,-2,34,1,94,0
8,3,47,1,94,0
7,2,53,1,94,0
5,-3,57,1,94,0
-1,3,57,1,94,0
2,7,59,1,94,0
3,8,66,1,94,0
2,-4,77,1,94,0
6,1,89,1,94,0
1,-1,91,1,94,0
3,-7,93,1,94,0
-3,6,5,1,94,0
-8,1,9,1,94,0
8,4,11,1,94,0
-4,7,16,1,94,0
0,6,23,1,94,0
8,-3,23,1,94,0
7,3,51,1,94,0
1,7,55,1,94,0
2,8,62,1,94,0
4,0,66,1,94,0
4,-1,73,1,94,0
2,-5,85,1,94,0
5,1,85,1,94,0
6,2,91,1,94,0
6,-7,93,1,94,0
-2,6,11,1,94,0
-4,8,14,1,94,0
-7,1,15,1,94,0
-3,7,24,1,94,0
6,3,31,1,94,0
8,5,31,1,94,0
7,4,43,1,94,0
7,-1,44,1,94,0
0,7,46,1,94,0
1,8,54,1,94,0
4,-2,68,1,94,0
4,1,72,1,94,0
2,-6,89,1,94,0
3,0,92,1,94,0
5,2,93,1,94,0
-5,0,4,1,95,0
-1,6,17,1,95,0
-6,1,21,1,95,0
8,6,27,1,95,0
-2,7,29,1,95,0
7,5,35,1,95,0
7,-2,39,1,95,0
5,3,43,1,95,0
4,-3,63,1,95,0
4,2,77,1,95,0
3,1,91,1,95,0
0,-1,94,1,95,0
2,0,94,1,95,0
-4,0,9,1,95,0
-5,1,24,1,95,0
7,6,26,1,95,0
6,5,28,1,95,0
-2,8,31,1,95,0
5,4,35,1,95,0
-1,7,39,1,95,0
7,-3,43,1,95,0
4,3,44,1,95,0
8,-6,45,1,95,0
3,-1,79,1,95,0
3,2,83,1,95,0
8,7,89,1,95,0
-3,0,17,1,95,0
8,8,12,1,95,0
-5,2,29,1,95,0
7,-4,34,1,95,0
-1,8,35,1,95,0
5,5,38,1,95,0
6,-1,49,1,95,0
3,3,82,1,95,0
4,4,89,1,95,0
7,7,94,1,95,0
7,8,13,1,95,0
-2,0,23,1,95,0
-4,2,36,1,95,0
7,-5,41,1,95,0
5,6,48,1,95,0
3,-3,69,1,95,0
2,3,76,1,95,0
6,7,85,1,95,0
3,4,94,1,95,0
4,5,94,1,95,0
7,9,5,1,95,0
-1,0,27,1,95,0
8,0,28,1,95,0
-4,3,37,1,95,0
4,6,48,1,95,0
6,-3,49,1,95,0
7,-6,49,1,95,0
1,3,69,1,95,0
2,-1,85,1,95,0
3,5,89,1,95,0
6,8,89,1,95,0
5,7,93,1,95,0
-3,3,45,1,95,0
5,-1,57,1,95,0
8,1,61,1,95,0
0,3,63,1,95,0
7,0,71,1,95,0
4,7,75,1,95,0
3,6,77,1,95,0
7,-7,89,1,95,0
9,3,1,1,95,0
8,-1,36,1,95,0
2,6,36,1,95,0
-2,3,51,1,95,0
8,2,58,1,95,0
7,1,66,1,95,0
3,7,69,1,95,0
4,8,71,1,95,0
6,0,79,1,95,0
7,-8,87,1,95,0
3,-6,92,1,95,0
-9,1,3,1,95,0
-5,7,4,1,95,0
1,6,29,1,95,0
8,-2,34,1,95,0
8,3,47,1,95,0
7,2,53,1,95,0
5,-3,57,1,95,0
-1,3,57,1,95,0
2,7,59,1,95,0
3,8,66,1,95,0
2,-4,77,1,95,0
6,1,89,1,95,0
1,-1,91,1,95,0
3,-7,94,1,95,0
-3,6,5,1,95,0
-8,1,9,1,95,0
8,4,11,1,95,0
-4,7,16,1,95,0
0,6,23,1,95,0
8,-3,23,1,95,0
7,3,51,1,95,0
1,7,55,1,95,0
2,8,62,1,95,0
4,0,66,1,95,0
4,-1,73,1,95,0
2,-5,85,1,95,0
5,1,85,1,95,0
6,2,94,1,95,0
6,-7,94,1,95,0
-2,6,11,1,95,0
-4,8,14,1,95,0
-7,1,15,1,95,0
-3,7,24,1,95,0
6,3,31,1,95,0
8,5,31,1,95,0
7,4,43,1,95,0
7,-1,44,1,95,0
0,7,46,1,95,0
1,8,54,1,95,0
4,-2,68,1,95,0
4,1,72,1,95,0
2,-6,89,1,95,0
3,0,92,1,95,0
5,2,93,1,95,0
-5,0,4,1,96,0
-1,6,17,1,96,0
-6,1,21,1,96,0
8,6,27,1,96,0
-2,7,29,1,96,0
7,5,35,1,96,0
7,-2,39,1,96,0
5,3,43,1,96,0
4,-3,63,1,96,0
4,2,77,1,96,0
3,1,91,1,96,0
2,0,94,1,96,0
0,-1,95,1,96,0
-4,0,9,1,96,0
-5,1,24,1,96,0
7,6,26,1,96,0
6,5,28,1,96,0
-2,8,31,1,96,0
5,4,35,1,96,0
-1,7,39,1,96,0
7,-3,43,1,96,0
4,3,44,1,96,0
8,-6,45,1,96,0
3,-1,79,1,96,0
3,2,83,1,96,0
2,1,95,1,96,0
8,7,95,1,96,0
-3,0,17,1,96,0
8,8,12,1,96,0
-5,2,29,1,96,0
7,-4,34,1,96,0
-1,8,35,1,96,0
5,5,38,1,96,0
6,-1,49,1,96,0
3,3,82,1,96,0
4,4,89,1,96,0
7,7,94,1,96,0
7,8,13,1,96,0
-2,0,23,1,96,0
-4,2,36,1,96,0
7,-5,41,1,96,0
5,6,48,1,96,0
3,-3,69,1,96,0
2,3,76,1,96,0
6,7,85,1,96,0
3,4,95,1,96,0
4,5,95,1,96,0
7,9,5,1,96,0
-1,0,27,1,96,0
8,0,28,1,96,0
-4,3,37,1,96,0
4,6,48,1,96,0
6,-3,49,1,96,0
7,-6,49,1,96,0
1,3,69,1,96,0
2,-1,85,1,96,0
3,5,89,1,96,0
6,8,89,1,96,0
5,7,93,1,96,0
-3,3,45,1,96,0
5,-1,57,1,96,0
8,1,61,1,96,0
0,3,63,1,96,0
7,0,71,1,96,0
4,7,75,1,96,0
3,6,77,1,96,0
7,-7,89,1,96,0
5,8,95,1,96,0
9,3,1,1,96,0
8,-1,36,1,96,0
2,6,36,1,96,0
-2,3,51,1,96,0
8,2,58,1,96,0
7,1,66,1,96,0
3,7,69,1,96,0
4,8,71,1,96,0
6,0,79,1,96,0
7,-8,87,1,96,0
3,-6,92,1,96,0
-9,1,3,1,96,0
-5,7,4,1,96,0
1,6,29,1,96,0
8,-2,34,1,96,0
8,3,47,1,96,0
7,2,53,1,96,0
5,-3,57,1,96,0
-1,3,57,1,96,0
2,7,59,1,96,0
3,8,66,1,96,0
2,-4,77,1,96,0
6,1,89,1,96,0
1,-1,91,1,96,0
3,-7,95,1,96,0
-3,6,5,1,96,0
-8,1,9,1,96,0
8,4,11,1,96,0
-4,7,16,1,96,0
0,6,23,1,96,0
8,-3,23,1,96,0
7,3,51,1,96,0
1,7,55,1,96,0
2,8,62,1,96,0
4,0,66,1,96,0
4,-1,73,1,96,0
2,-5,85,1,96,0
5,1,85,1,96,0
6,2,95,1,96,0
6,-7,95,1,96,0
-2,6,11,1,96,0
-4,8,14,1,96,0
-7,1,15,1,96,0
-3,7,24,1,96,0
6,3,31,1,96,0
8,5,31,1,96,0
7,4,43,1,96,0
7,-1,44,1,96,0
0,7,46,1,96,0
1,8,54,1,96,0
4,-2,68,1,96,0
4,1,72,1,96,0
2,-6,89,1,96,0
3,0,92,1,96,0
5,2,93,1,96,0
-5,0,4,1,97,0
-1,6,17,1,97,0
-6,1,21,1,97,0
8,6,27,1,97,0
-2,7,29,1,97,0
7,5,35,1,97,0
7,-2,39,1,97,0
5,3,43,1,97,0
4,-3,63,1,97,0
4,2,77,1,97,0
3,1,91,1,97,0
2,0,94,1,97,0
0,-1,96,1,97,0
-4,0,9,1,97,0
-5,1,24,1,97,0
7,6,26,1,97,0
6,5,28,1,97,0
-2,8,31,1,97,0
5,4,35,1,97,0
-1,7,39,1,97,0
7,-3,43,1,97,0
4,3,44,1,97,0
8,-6,45,1,97,0
3,-1,79,1,97,0
3,2,83,1,97,0
2,1,96,1,97,0
8,7,96,1,97,0
-3,0,17,1,97,0
8,8,12,1,97,0
-5,2,29,1,97,0
7,-4,34,1,97,0
-1,8,35,1,97,0
5,5,38,1,97,0
6,-1,49,1,97,0
3,3,82,1,97,0
4,4,89,1,97,0
7,7,94,1,97,0
7,8,13,1,97,0
-2,0,23,1,97,0
-4,2,36,1,97,0
7,-5,41,1,97,0
5,6,48,1,97,0
3,-3,69,1,97,0
2,3,76,1,97,0
6,7,85,1,97,0
3,4,96,1,97,0
4,5,96,1,97,0
7,9,5,1,97,0
-1,0,27,1,97,0
8,0,28,1,97,0
-4,3,37,1,97,0
4,6,48,1,97,0
6,-3,49,1,97,0
7,-6,49,1,97,0
1,3,69,1,97,0
2,-1,85,1,97,0
3,5,89,1,97,0
6,8,89,1,97,0
5,7,93,1,97,0
-3,3,45,1,97,0
5,-1,57,1,97,0
8,1,61,1,97,0
0,3,63,1,97,0
7,0,71,1,97,0
4,7,75,1,97,0
3,6,77,1,97,0
7,-7,89,1,97,0
5,8,96,1,97,0
9,3,1,1,97,0
8,-1,36,1,97,0
2,6,36,1,97,0
-2,3,51,1,97,0
8,2,58,1,97,0
7,1,66,1,97,0
3,7,69,1,97,0
4,8,71,1,97,0
6,0,79,1,97,0
7,-8,87,1,97,0
3,-6,92,1,97,0
-9,1,3,1,97,0
-5,7,4,1,97,0
1,6,29,1,97,0
8,-2,34,1,97,0
8,3,47,1,97,0
7,2,53,1,97,0
5,-3,57,1,97,0
-1,3,57,1,97,0
2,7,59,1,97,0
3,8,66,1,97,0
2,-4,77,1,97,0
6,1,89,1,97,0
1,-1,91,1,97,0
3,-7,96,1,97,0
-3,6,5,1,97,0
-8,1,9,1,97,0
8,4,11,1,97,0
-4,7,16,1,97,0
0,6,23,1,97,0
8,-3,23,1,97,0
7,3,51,1,97,0
1,7,55,1,97,0
2,8,62,1,97,0
4,0,66,1,97,0
4,-1,73,1,97,0
2,-5,85,1,97,0
5,1,85,1,97,0
6,2,96,1,97,0
6,-7,96,1,97,0
-2,6,11,1,97,0
-4,8,14,1,97,0
-7,1,15,1,97,0
-3,7,24,1,97,0
6,3,31,1,97,0
8,5,31,1,97,0
7,4,43,1,97,0
7,-1,44,1,97,0
0,7,46,1,97,0
1,8,54,1,97,0
4,-2,68,1,97,0
4,1,72,1,97,0
2,-6,89,1,97,0
3,0,92,1,97,0
5,2,93,1,97,0
-5,0,4,1,98,0
-1,6,17,1,98,0
-6,1,21,1,98,0
8,6,27,1,98,0
-2,7,29,1,98,0
7,5,35,1,98,0
7,-2,39,1,98,0
5,3,43,1,98,0
4,-3,63,1,98,0
4,2,77,1,98,0
3,1,91,1,98,0
2,0,94,1,98,0
0,-1,97,1,98,0
-4,0,9,1,98,0
-5,1,24,1,98,0
7,6,26,1,98,0
6,5,28,1,98,0
-2,8,31,1,98,0
5,4,35,1,98,0
-1,7,39,1,98,0
7,-3,43,1,98,0
4,3,44,1,98,0
8,-6,45,1,98,0
3,-1,79,1,98,0
3,2,83,1,98,0
2,1,97,1,98,0
8,7,97,1,98,0
-3,0,17,1,98,0
8,8,12,1,98,0
-5,2,29,1,98,0
7,-4,34,1,98,0
-1,8,35,1,98,0
5,5,38,1,98,0
6,-1,49,1,98,0
3,3,82,1,98,0
4,4,89,1,98,0
7,7,94,1,98,0
7,8,13,1,98,0
-2,0,23,1,98,0
-4,2,36,1,98,0
7,-5,41,1,98,0
5,6,48,1,98,0
3,-3,69,1,98,0
2,3,76,1,98,0
6,7,85,1,98,0
3,4,97,1,98,0
4,5,97,1,98,0
7,9,5,1,98,0
-1,0,27,1,98,0
8,0,28,1,98,0
-4,3,37,1,98,0
4,6,48,1,98,0
6,-3,49,1,98,0
7,-6,49,1,98,0
1,3,69,1,98,0
2,-1,85,1,98,0
3,5,89,1,98,0
6,8,89,1,98,0
5,7,97,1,98,0
-3,3,45,1,98,0
5,-1,57,1,98,0
8,1,61,1,98,0
0,3,63,1,98,0
7,0,71,1,98,0
4,7,75,1,98,0
3,6,77,1,98,0
7,-7,89,1,98,0
5,8,96,1,98,0
9,3,1,1,98,0
8,-1,36,1,98,0
2,6,36,1,98,0
-2,3,51,1,98,0
8,2,58,1,98,0
7,1,66,1,98,0
3,7,69,1,98,0
4,8,71,1,98,0
6,0,79,1,98,0
7,-8,87,1,98,0
3,-6,92,1,98,0
-9,1,3,1,98,0
-5,7,4,1,98,0
1,6,29,1,98,0
8,-2,34,1,98,0
8,3,47,1,98,0
7,2,53,1,98,0
5,-3,57,1,98,0
-1,3,57,1,98,0
2,7,59,1,98,0
3,8,66,1,98,0
2,-4,77,1,98,0
6,1,89,1,98,0
1,-1,91,1,98,0
3,-7,97,1,98,0
-3,6,5,1,98,0
-8,1,9,1,98,0
8,4,11,1,98,0
-4,7,16,1,98,0
0,6,23,1,98,0
8,-3,23,1,98,0
7,3,51,1,98,0
1,7,55,1,98,0
2,8,62,1,98,0
4,0,66,1,98,0
4,-1,73,1,98,0
2,-5,85,1,98,0
5,1,85,1,98,0
6,2,96,1,98,0
6,-7,97,1,98,0
-2,6,11,1,98,0
-4,8,14,1,98,0
-7,1,15,1,98,0
-3,7,24,1,98,0
8,5,31,1,98,0
7,4,43,1,98,0
7,-1,44,1,98,0
0,7,46,1,98,0
1,8,54,1,98,0
4,-2,68,1,98,0
4,1,72,1,98,0
2,-6,89,1,98,0
3,0,92,1,98,0
5,2,93,1,98,0
6,3,97,1,98,0
-5,0,4,1,99,0
-1,6,17,1,99,0
-6,1,21,1,99,0
8,6,27,1,99,0
-2,7,29,1,99,0
7,5,35,1,99,0
7,-2,39,1,99,0
5,3,43,1,99,0
4,-3,63,1,99,0
4,2,77,1,99,0
3,1,91,1,99,0
2,0,94,1,99,0
0,-1,97,1,99,0
-4,0,9,1,99,0
-5,1,24,1,99,0
7,6,26,1,99,0
6,5,28,1,99,0
-2,8,31,1,99,0
5,4,35,1,99,0
-1,7,39,1,99,0
7,-3,43,1,99,0
4,3,44,1,99,0
8,-6,45,1,99,0
3,-1,79,1,99,0
3,2,83,1,99,0
2,1,97,1,99,0
0,-2,98,1,99,0
8,7,98,1,99,0
-3,0,17,1,99,0
8,8,12,1,99,0
-5,2,29,1,99,0
7,-4,34,1,99,0
-1,8,35,1,99,0
6,-1,49,1,99,0
3,3,82,1,99,0
4,4,89,1,99,0
7,7,94,1,99,0
5,5,98,1,99,0
7,8,13,1,99,0
-2,0,23,1,99,0
-4,2,36,1,99,0
7,-5,41,1,99,0
5,6,48,1,99,0
3,-3,69,1,99,0
2,3,76,1,99,0
6,7,85,1,99,0
4,5,97,1,99,0
3,4,98,1,99,0
7,9,5,1,99,0
-1,0,27,1,99,0
8,0,28,1,99,0
-4,3,37,1,99,0
4,6,48,1,99,0
6,-3,49,1,99,0
7,-6,49,1,99,0
1,3,69,1,99,0
2,-1,85,1,99,0
3,5,89,1,99,0
6,8,89,1,99,0
5,7,98,1,99,0
-3,3,45,1,99,0
5,-1,57,1,99,0
8,1,61,1,99,0
0,3,63,1,99,0
7,0,71,1,99,0
4,7,75,1,99,0
3,6,77,1,99,0
7,-7,89,1,99,0
5,8,96,1,99,0
9,3,1,1,99,0
8,-1,36,1,99,0
2,6,36,1,99,0
-2,3,51,1,99,0
8,2,58,1,99,0
7,1,66,1,99,0
3,7,69,1,99,0
4,8,71,1,99,0
6,0,79,1,99,0
7,-8,87,1,99,0
3,-6,92,1,99,0
-9,1,3,1,99,0
-5,7,4,1,99,0
1,6,29,1,99,0
8,-2,34,1,99,0
8,3,47,1,99,0
7,2,53,1,99,0
5,-3,57,1,99,0
-1,3,57,1,99,0
2,7,59,1,99,0
3,8,66,1,99,0
2,-4,77,1,99,0
6,1,89,1,99,0
1,-1,91,1,99,0
3,-7,98,1,99,0
-3,6,5,1,99,0
-8,1,9,1,99,0
8,4,11,1,99,0
-4,7,16,1,99,0
0,6,23,1,99,0
8,-3,23,1,99,0
7,3,51,1,99,0
1,7,55,1,99,0
2,8,62,1,99,0
4,0,66,1,99,0
4,-1,73,1,99,0
2,-5,85,1,99,0
5,1,85,1,99,0
6,2,96,1,99,0
6,-7,98,1,99,0
-2,6,11,1,99,0
-4,8,14,1,99,0
-7,1,15,1,99,0
-3,7,24,1,99,0
8,5,31,1,99,0
7,4,43,1,99,0
7,-1,44,1,99,0
0,7,46,1,99,0
1,8,54,1,99,0
4,-2,68,1,99,0
4,1,72,1,99,0
2,-6,89,1,99,0
3,0,92,1,99,0
5,2,93,1,99,0
6,3,97,1,99,0
-5,0,4,1,100,0
-1,6,17,1,100,0
-6,1,21,1,100,0
8,6,27,1,100,0
-2,7,29,1,100,0
7,5,35,1,100,0
7,-2,39,1,100,0
5,3,43,1,100,0
4,-3,63,1,100,0
4,2,77,1,100,0
3,1,91,1,100,0
2,0,94,1,100,0
0,-1,97,1,100,0
-4,0,9,1,100,0
-5,1,24,1,100,0
7,6,26,1,100,0
6,5,28,1,100,0
-2,8,31,1,100,0
5,4,35,1,100,0
-1,7,39,1,100,0
7,-3,43,1,100,0
4,3,44,1,100,0
8,-6,45,1,100,0
3,-1,79,1,100,0
3,2,83,1,100,0
2,1,97,1,100,0
8,7,98,1,100,0
0,-2,99,1,100,0
5,-7,99,1,100,0
-3,0,17,1,100,0
8,8,12,1,100,0
-5,2,29,1,100,0
7,-4,34,1,100,0
-1,8,35,1,100,0
6,-1,49,1,100,0
3,3,82,1,100,0
4,4,89,1,100,0
7,7,94,1,100,0
5,5,99,1,100,0
7,8,13,1,100,0
-2,0,23,1,100,0
-4,2,36,1,100,0
7,-5,41,1,100,0
5,6,48,1,100,0
3,-3,69,1,100,0
2,3,76,1,100,0
6,7,85,1,100,0
4,5,97,1,100,0
3,4,98,1,100,0
7,9,5,1,100,0
-1,0,27,1,100,0
8,0,28,1,100,0
-4,3,37,1,100,0
4,6,48,1,100,0
6,-3,49,1,100,0
7,-6,49,1,100,0
1,3,69,1,100,0
2,-1,85,1,100,0
3,5,89,1,100,0
6,8,89,1,100,0
2,4,99,1,100,0
5,7,99,1,100,0
-3,3,45,1,100,0
5,-1,57,1,100,0
8,1,61,1,100,0
0,3,63,1,100,0
7,0,71,1,100,0
4,7,75,1,100,0
3,6,77,1,100,0
7,-7,89,1,100,0
5,8,96,1,100,0
9,3,1,1,100,0
8,-1,36,1,100,0
2,6,36,1,100,0
-2,3,51,1,100,0
8,2,58,1,100,0
7,1,66,1,100,0
3,7,69,1,100,0
4,8,71,1,100,0
6,0,79,1,100,0
7,-8,87,1,100,0
3,-6,92,1,100,0
-9,1,3,1,100,0
-5,7,4,1,100,0
1,6,29,1,100,0
8,-2,34,1,100,0
8,3,47,1,100,0
7,2,53,1,100,0
5,-3,57,1,100,0
-1,3,57,1,100,0
2,7,59,1,100,0
3,8,66,1,100,0
2,-4,77,1,100,0
6,1,89,1,100,0
1,-1,91,1,100,0
3,-7,99,1,100,0
-3,6,5,1,100,0
-8,1,9,1,100,0
8,4,11,1,100,0
-4,7,16,1,100,0
0,6,23,1,100,0
8,-3,23,1,100,0
7,3,51,1,100,0
1,7,55,1,100,0
2,8,62,1,100,0
4,0,66,1,100,0
4,-1,73,1,100,0
2,-5,85,1,100,0
5,1,85,1,100,0
6,2,96,1,100,0
6,-7,98,1,100,0
-2,6,11,1,100,0
-4,8,14,1,100,0
-7,1,15,1,100,0
-3,7,24,1,100,0
8,5,31,1,100,0
7,4,43,1,100,0
7,-1,44,1,100,0
0,7,46,1,100,0
1,8,54,1,100,0
4,-2,68,1,100,0
4,1,72,1,100,0
2,-6,89,1,100,0
3,0,92,1,100,0
5,2,93,1,100,0
6,3,99,1,100,0
-5,0,4,1,101,0
-1,6,17,1,101,0
-6,1,21,1,101,0
8,6,27,1,101,0
-2,7,29,1,101,0
7,5,35,1,101,0
7,-2,39,1,101,0
5,3,43,1,101,0
4,-3,63,1,101,0
4,2,77,1,101,0
3,1,91,1,101,0
2,0,94,1,101,0
0,-1,97,1,101,0
-4,0,9,1,101,0
-5,1,24,1,101,0
7,6,26,1,101,0
6,5,28,1,101,0
-2,8,31,1,101,0
5,4,35,1,101,0
-1,7,39,1,101,0
7,-3,43,1,101,0
4,3,44,1,101,0
8,-6,45,1,101,0
3,-1,79,1,101,0
3,2,83,1,101,0
2,1,97,1,101,0
8,7,98,1,101,0
0,-2,99,1,101,0
5,-7,99,1,101,0
-3,0,17,1,101,0
8,8,12,1,101,0
-5,2,29,1,101,0
7,-4,34,1,101,0
-1,8,35,1,101,0
6,-1,49,1,101,0
3,3,82,1,101,0
4,4,89,1,101,0
5,5,99,1,101,0
7,7,99,1,101,0
7,8,13,1,101,0
-2,0,23,1,101,0
-4,2,36,1,101,0
7,-5,41,1,101,0
5,6,48,1,101,0
3,-3,69,1,101,0
2,3,76,1,101,0
6,7,85,1,101,0
4,5,97,1,101,0
3,4,98,1,101,0
7,9,5,1,101,0
-1,0,27,1,101,0
8,0,28,1,101,0
-4,3,37,1,101,0
4,6,48,1,101,0
6,-3,49,1,101,0
7,-6,49,1,101,0
1,3,69,1,101,0
2,-1,85,1,101,0
3,5,89,1,101,0
6,8,89,1,101,0
2,4,99,1,101,0
5,7,99,1,101,0
-3,3,45,1,101,0
5,-1,57,1,101,0
8,1,61,1,101,0
0,3,63,1,101,0
7,0,71,1,101,0
4,7,75,1,101,0
3,6,77,1,101,0
7,-7,89,1,101,0
5,8,96,1,101,0
9,3,1,1,101,0
8,-1,36,1,101,0
2,6,36,1,101,0
-2,3,51,1,101,0
8,2,58,1,101,0
7,1,66,1,101,0
3,7,69,1,101,0
4,8,71,1,101,0
6,0,79,1,101,0
7,-8,87,1,101,0
3,-6,92,1,101,0
-9,1,3,1,101,0
-5,7,4,1,101,0
1,6,29,1,101,0
8,-2,34,1,101,0
8,3,47,1,101,0
7,2,53,1,101,0
5,-3,57,1,101,0
-1,3,57,1,101,0
2,7,59,1,101,0
3,8,66,1,101,0
2,-4,77,1,101,0
6,1,89,1,101,0
1,-1,91,1,101,0
3,-7,99,1,101,0
-3,6,5,1,101,0
-8,1,9,1,101,0
8,4,11,1,101,0
-4,7,16,1,101,0
0,6,23,1,101,0
8,-3,23,1,101,0
7,3,51,1,101,0
1,7,55,1,101,0
2,8,62,1,101,0
4,0,66,1,101,0
4,-1,73,1,101,0
2,-5,85,1,101,0
5,1,85,1,101,0
6,2,96,1,101,0
6,-7,98,1,101,0
-2,6,11,1,101,0
-4,8,14,1,101,0
-7,1,15,1,101,0
-3,7,24,1,101,0
8,5,31,1,101,0
7,4,43,1,101,0
7,-1,44,1,101,0
0,7,46,1,101,0
1,8,54,1,101,0
4,-2,68,1,101,0
4,1,72,1,101,0
2,-6,89,1,101,0
3,0,92,1,101,0
5,2,93,1,101,0
6,3,99,1,101,0
-5,0,4,1,102,0
-1,6,17,1,102,0
-6,1,21,1,102,0
8,6,27,1,102,0
-2,7,29,1,102,0
7,5,35,1,102,0
7,-2,39,1,102,0
5,3,43,1,102,0
4,-3,63,1,102,0
4,2,77,1,102,0
3,1,91,1,102,0
2,0,94,1,102,0
0,-1,97,1,102,0
-4,0,9,1,102,0
-5,1,24,1,102,0
7,6,26,1,102,0
6,5,28,1,102,0
-2,8,31,1,102,0
5,4,35,1,102,0
-1,7,39,1,102,0
7,-3,43,1,102,0
4,3,44,1,102,0
8,-6,45,1,102,0
3,-1,79,1,102,0
3,2,83,1,102,0
2,1,97,1,102,0
8,7,98,1,102,0
0,-2,99,1,102,0
5,-7,101,1,102,0
-3,0,17,1,102,0
8,8,12,1,102,0
-5,2,29,1,102,0
7,-4,34,1,102,0
-1,8,35,1,102,0
6,-1,49,1,102,0
3,3,82,1,102,0
4,4,89,1,102,0
7,7,99,1,102,0
5,5,101,1,102,0
7,8,13,1,102,0
-2,0,23,1,102,0
-4,2,36,1,102,0
7,-5,41,1,102,0
5,6,48,1,102,0
3,-3,69,1,102,0
2,3,76,1,102,0
6,7,85,1,102,0
4,5,97,1,102,0
3,4,98,1,102,0
7,9,5,1,102,0
-1,0,27,1,102,0
8,0,28,1,102,0
-4,3,37,1,102,0
4,6,48,1,102,0
6,-3,49,1,102,0
7,-6,49,1,102,0
1,3,69,1,102,0
2,-1,85,1,102,0
3,5,89,1,102,0
6,8,89,1,102,0
2,4,101,1,102,0
5,7,101,1,102,0
-3,3,45,1,102,0
5,-1,57,1,102,0
8,1,61,1,102,0
0,3,63,1,102,0
7,0,71,1,102,0
4,7,75,1,102,0
3,6,77,1,102,0
7,-7,89,1,102,0
5,8,96,1,102,0
9,3,1,1,102,0
8,-1,36,1,102,0
2,6,36,1,102,0
-2,3,51,1,102,0
8,2,58,1,102,0
7,1,66,1,102,0
3,7,69,1,102,0
4,8,71,1,102,0
6,0,79,1,102,0
7,-8,87,1,102,0
3,-6,92,1,102,0
-9,1,3,1,102,0
-5,7,4,1,102,0
1,6,29,1,102,0
8,-2,34,1,102,0
8,3,47,1,102,0
7,2,53,1,102,0
5,-3,57,1,102,0
-1,3,57,1,102,0
2,7,59,1,102,0
3,8,66,1,102,0
2,-4,77,1,102,0
6,1,89,1,102,0
1,-1,91,1,102,0
-1,-2,101,1,102,0
3,-7,101,1,102,0
-3,6,5,1,102,0
-8,1,9,1,102,0
8,4,11,1,102,0
-4,7,16,1,102,0
0,6,23,1,102,0
8,-3,23,1,102,0
7,3,51,1,102,0
1,7,55,1,102,0
2,8,62,1,102,0
4,0,66,1,102,0
4,-1,73,1,102,0
2,-5,85,1,102,0
5,1,85,1,102,0
6,2,96,1,102,0
6,-7,98,1,102,0
-2,6,11,1,102,0
-4,8,14,1,102,0
-7,1,15,1,102,0
-3,7,24,1,102,0
8,5,31,1,102,0
7,4,43,1,102,0
7,-1,44,1,102,0
0,7,46,1,102,0
1,8,54,1,102,0
4,-2,68,1,102,0
4,1,72,1,102,0
2,-6,89,1,102,0
3,0,92,1,102,0
5,2,93,1,102,0
6,3,101,1,102,0
-5,0,4,1,103,0
-1,6,17,1,103,0
-6,1,21,1,103,0
8,6,27,1,103,0
-2,7,29,1,103,0
7,5,35,1,103,0
7,-2,39,1,103,0
5,3,43,1,103,0
4,-3,63,1,103,0
4,2,77,1,103,0
3,1,91,1,103,0
2,0,94,1,103,0
0,-1,97,1,103,0
-4,0,9,1,103,0
-5,1,24,1,103,0
7,6,26,1,103,0
6,5,28,1,103,0
-2,8,31,1,103,0
5,4,35,1,103,0
-1,7,39,1,103,0
7,-3,43,1,103,0
4,3,44,1,103,0
8,-6,45,1,103,0
3,-1,79,1,103,0
3,2,83,1,103,0
2,1,97,1,103,0
8,7,98,1,103,0
0,-2,99,1,103,0
5,-7,102,1,103,0
-3,0,17,1,103,0
8,8,12,1,103,0
-5,2,29,1,103,0
7,-4,34,1,103,0
-1,8,35,1,103,0
6,-1,49,1,103,0
3,3,82,1,103,0
4,4,89,1,103,0
7,7,101,1,103,0
5,5,102,1,103,0
7,8,13,1,103,0
-2,0,23,1,103,0
-4,2,36,1,103,0
7,-5,41,1,103,0
5,6,48,1,103,0
3,-3,69,1,103,0
2,3,76,1,103,0
6,7,85,1,103,0
4,5,97,1,103,0
3,4,98,1,103,0
7,9,5,1,103,0
-1,0,27,1,103,0
8,0,28,1,103,0
-4,3,37,1,103,0
4,6,48,1,103,0
6,-3,49,1,103,0
7,-6,49,1,103,0
1,3,69,1,103,0
2,-1,85,1,103,0
3,5,89,1,103,0
6,8,89,1,103,0
2,4,102,1,103,0
5,7,102,1,103,0
-3,3,45,1,103,0
5,-1,57,1,103,0
8,1,61,1,103,0
0,3,63,1,103,0
7,0,71,1,103,0
4,7,75,1,103,0
3,6,77,1,103,0
7,-7,89,1,103,0
5,8,96,1,103,0
9,3,1,1,103,0
8,-1,36,1,103,0
2,6,36,1,103,0
-2,3,51,1,103,0
8,2,58,1,103,0
7,1,66,1,103,0
3,7,69,1,103,0
4,8,71,1,103,0
6,0,79,1,103,0
7,-8,87,1,103,0
3,-6,92,1,103,0
-1,-1,102,1,103,0
-9,1,3,1,103,0
-5,7,4,1,103,0
1,6,29,1,103,0
8,-2,34,1,103,0
8,3,47,1,103,0
7,2,53,1,103,0
5,-3,57,1,103,0
-1,3,57,1,103,0
2,7,59,1,103,0
3,8,66,1,103,0
2,-4,77,1,103,0
6,1,89,1,103,0
1,-1,91,1,103,0
-1,-2,101,1,103,0
3,-7,102,1,103,0
-3,6,5,1,103,0
-8,1,9,1,103,0
8,4,11,1,103,0
-4,7,16,1,103,0
0,6,23,1,103,0
8,-3,23,1,103,0
7,3,51,1,103,0
1,7,55,1,103,0
2,8,62,1,103,0
4,0,66,1,103,0
4,-1,73,1,103,0
2,-5,85,1,103,0
5,1,85,1,103,0
6,2,96,1,103,0
6,-7,98,1,103,0
-2,6,11,1,103,0
-4,8,14,1,103,0
-7,1,15,1,103,0
-3,7,24,1,103,0
8,5,31,1,103,0
7,4,43,1,103,0
7,-1,44,1,103,0
0,7,46,1,103,0
1,8,54,1,103,0
4,-2,68,1,103,0
4,1,72,1,103,0
2,-6,89,1,103,0
3,0,92,1,103,0
5,2,93,1,103,0
6,3,102,1,103,0
-5,0,4,1,104,0
-1,6,17,1,104,0
-6,1,21,1,104,0
8,6,27,1,104,0
-2,7,29,1,104,0
7,5,35,1,104,0
7,-2,39,1,104,0
5,3,43,1,104,0
4,-3,63,1,104,0
4,2,77,1,104,0
3,1,91,1,104,0
2,0,94,1,104,0
0,-1,97,1,104,0
-4,0,9,1,104,0
-5,1,24,1,104,0
7,6,26,1,104,0
6,5,28,1,104,0
-2,8,31,1,104,0
5,4,35,1,104,0
-1,7,39,1,104,0
7,-3,43,1,104,0
4,3,44,1,104,0
8,-6,45,1,104,0
3,-1,79,1,104,0
3,2,83,1,104,0
2,1,97,1,104,0
8,7,98,1,104,0
0,-2,99,1,104,0
5,-7,103,1,104,0
-3,0,17,1,104,0
8,8,12,1,104,0
-5,2,29,1,104,0
7,-4,34,1,104,0
-1,8,35,1,104,0
6,-1,49,1,104,0
3,3,82,1,104,0
4,4,89,1,104,0
5,5,102,1,104,0
7,7,102,1,104,0
7,8,13,1,104,0
-2,0,23,1,104,0
-4,2,36,1,104,0
7,-5,41,1,104,0
5,6,48,1,104,0
3,-3,69,1,104,0
2,3,76,1,104,0
6,7,85,1,104,0
3,4,98,1,104,0
4,5,103,1,104,0
7,9,5,1,104,0
-1,0,27,1,104,0
8,0,28,1,104,0
-4,3,37,1,104,0
4,6,48,1,104,0
6,-3,49,1,104,0
7,-6,49,1,104,0
1,3,69,1,104,0
2,-1,85,1,104,0
3,5,89,1,104,0
6,8,89,1,104,0
2,4,103,1,104,0
5,7,103,1,104,0
-3,3,45,1,104,0
5,-1,57,1,104,0
8,1,61,1,104,0
0,3,63,1,104,0
7,0,71,1,104,0
4,7,75,1,104,0
3,6,77,1,104,0
7,-7,89,1,104,0
5,8,96,1,104,0
9,3,1,1,104,0
8,-1,36,1,104,0
2,6,36,1,104,0
-2,3,51,1,104,0
8,2,58,1,104,0
7,1,66,1,104,0
3,7,69,1,104,0
4,8,71,1,104,0
6,0,79,1,104,0
7,-8,87,1,104,0
3,-6,92,1,104,0
-1,-1,103,1,104,0
-9,1,3,1,104,0
-5,7,4,1,104,0
1,6,29,1,104,0
8,-2,34,1,104,0
8,3,47,1,104,0
7,2,53,1,104,0
5,-3,57,1,104,0
-1,3,57,1,104,0
2,7,59,1,104,0
3,8,66,1,104,0
2,-4,77,1,104,0
6,1,89,1,104,0
1,-1,91,1,104,0
-1,-2,101,1,104,0
3,-7,103,1,104,0
-3,6,5,1,104,0
-8,1,9,1,104,0
8,4,11,1,104,0
-4,7,16,1,104,0
0,6,23,1,104,0
8,-3,23,1,104,0
7,3,51,1,104,0
1,7,55,1,104,0
2,8,62,1,104,0
4,0,66,1,104,0
4,-1,73,1,104,0
2,-5,85,1,104,0
5,1,85,1,104,0
6,2,96,1,104,0
6,-7,98,1,104,0
-2,6,11,1,104,0
-4,8,14,1,104,0
-7,1,15,1,104,0
-3,7,24,1,104,0
8,5,31,1,104,0
7,4,43,1,104,0
7,-1,44,1,104,0
0,7,46,1,104,0
1,8,54,1,104,0
4,-2,68,1,104,0
4,1,72,1,104,0
2,-6,89,1,104,0
3,0,92,1,104,0
5,2,93,1,104,0
6,3,103,1,104,0
-5,0,4,1,105,0
-1,6,17,1,105,0
-6,1,21,1,105,0
8,6,27,1,105,0
-2,7,29,1,105,0
7,5,35,1,105,0
7,-2,39,1,105,0
5,3,43,1,105,0
4,-3,63,1,105,0
4,2,77,1,105,0
3,1,91,1,105,0
2,0,94,1,105,0
0,-1,97,1,105,0
5,-6,104,1,105,0
-4,0,9,1,105,0
-5,1,24,1,105,0
7,6,26,1,105,0
6,5,28,1,105,0
-2,8,31,1,105,0
5,4,35,1,105,0
-1,7,39,1,105,0
7,-3,43,1,105,0
4,3,44,1,105,0
8,-6,45,1,105,0
3,-1,79,1,105,0
3,2,83,1,105,0
2,1,97,1,105,0
8,7,98,1,105,0
0,-2,99,1,105,0
5,-7,103,1,105,0
-3,0,17,1,105,0
8,8,12,1,105,0
-5,2,29,1,105,0
7,-4,34,1,105,0
-1,8,35,1,105,0
6,-1,49,1,105,0
3,3,82,1,105,0
4,4,89,1,105,0
5,5,102,1,105,0
7,7,103,1,105,0
7,8,13,1,105,0
-2,0,23,1,105,0
-4,2,36,1,105,0
7,-5,41,1,105,0
5,6,48,1,105,0
3,-3,69,1,105,0
2,3,76,1,105,0
6,7,85,1,105,0
3,4,98,1,105,0
4,5,104,1,105,0
7,9,5,1,105,0
-1,0,27,1,105,0
8,0,28,1,105,0
-4,3,37,1,105,0
4,6,48,1,105,0
6,-3,49,1,105,0
7,-6,49,1,105,0
1,3,69,1,105,0
2,-1,85,1,105,0
3,5,89,1,105,0
6,8,89,1,105,0
2,4,104,1,105,0
5,7,104,1,105,0
-3,3,45,1,105,0
5,-1,57,1,105,0
8,1,61,1,105,0
0,3,63,1,105,0
7,0,71,1,105,0
4,7,75,1,105,0
3,6,77,1,105,0
7,-7,89,1,105,0
5,8,96,1,105,0
9,3,1,1,105,0
8,-1,36,1,105,0
2,6,36,1,105,0
-2,3,51,1,105,0
8,2,58,1,105,0
7,1,66,1,105,0
3,7,69,1,105,0
4,8,71,1,105,0
6,0,79,1,105,0
7,-8,87,1,105,0
3,-6,92,1,105,0
-1,-1,104,1,105,0
-9,1,3,1,105,0
-5,7,4,1,105,0
1,6,29,1,105,0
8,-2,34,1,105,0
8,3,47,1,105,0
7,2,53,1,105,0
5,-3,57,1,105,0
-1,3,57,1,105,0
2,7,59,1,105,0
3,8,66,1,105,0
2,-4,77,1,105,0
6,1,89,1,105,0
1,-1,91,1,105,0
-1,-2,101,1,105,0
3,-7,104,1,105,0
-3,6,5,1,105,0
-8,1,9,1,105,0
8,4,11,1,105,0
-4,7,16,1,105,0
0,6,23,1,105,0
8,-3,23,1,105,0
7,3,51,1,105,0
1,7,55,1,105,0
2,8,62,1,105,0
4,0,66,1,105,0
4,-1,73,1,105,0
2,-5,85,1,105,0
5,1,85,1,105,0
6,2,96,1,105,0
6,-7,98,1,105,0
-2,6,11,1,105,0
-4,8,14,1,105,0
-7,1,15,1,105,0
-3,7,24,1,105,0
8,5,31,1,105,0
7,4,43,1,105,0
7,-1,44,1,105,0
0,7,46,1,105,0
1,8,54,1,105,0
4,-2,68,1,105,0
4,1,72,1,105,0
2,-6,89,1,105,0
3,0,92,1,105,0
5,2,93,1,105,0
6,3,104,1,105,0
-5,0,4,1,106,0
-1,6,17,1,106,0
-6,1,21,1,106,0
8,6,27,1,106,0
-2,7,29,1,106,0
7,5,35,1,106,0
7,-2,39,1,106,0
4,-3,63,1,106,0
4,2,77,1,106,0
3,1,91,1,106,0
2,0,94,1,106,0
0,-1,105,1,106,0
5,3,105,1,106,0
5,-6,105,1,106,0
-4,0,9,1,106,0
-5,1,24,1,106,0
7,6,26,1,106,0
6,5,28,1,106,0
-2,8,31,1,106,0
5,4,35,1,106,0
-1,7,39,1,106,0
7,-3,43,1,106,0
4,3,44,1,106,0
8,-6,45,1,106,0
3,-1,79,1,106,0
3,2,83,1,106,0
2,1,97,1,106,0
8,7,98,1,106,0
0,-2,99,1,106,0
5,-7,103,1,106,0
-3,0,17,1,106,0
8,8,12,1,106,0
-5,2,29,1,106,0
7,-4,34,1,106,0
-1,8,35,1,106,0
6,-1,49,1,106,0
3,3,82,1,106,0
5,5,102,1,106,0
7,7,104,1,106,0
4,4,105,1,106,0
7,8,13,1,106,0
-2,0,23,1,106,0
-4,2,36,1,106,0
7,-5,41,1,106,0
5,6,48,1,106,0
3,-3,69,1,106,0
2,3,76,1,106,0
6,7,85,1,106,0
3,4,98,1,106,0
4,5,104,1,106,0
7,9,5,1,106,0
-1,0,27,1,106,0
8,0,28,1,106,0
-4,3,37,1,106,0
4,6,48,1,106,0
6,-3,49,1,106,0
7,-6,49,1,106,0
1,3,69,1,106,0
2,-1,85,1,106,0
3,5,89,1,106,0
6,8,89,1,106,0
2,4,105,1,106,0
5,7,105,1,106,0
-3,3,45,1,106,0
5,-1,57,1,106,0
8,1,61,1,106,0
0,3,63,1,106,0
7,0,71,1,106,0
4,7,75,1,106,0
3,6,77,1,106,0
7,-7,89,1,106,0
5,8,96,1,106,0
9,3,1,1,106,0
8,-1,36,1,106,0
2,6,36,1,106,0
-2,3,51,1,106,0
8,2,58,1,106,0
7,1,66,1,106,0
3,7,69,1,106,0
4,8,71,1,106,0
6,0,79,1,106,0
7,-8,87,1,106,0
3,-6,92,1,106,0
-1,-1,104,1,106,0
-9,1,3,1,106,0
-5,7,4,1,106,0
1,6,29,1,106,0
8,-2,34,1,106,0
8,3,47,1,106,0
7,2,53,1,106,0
5,-3,57,1,106,0
-1,3,57,1,106,0
2,7,59,1,106,0
3,8,66,1,106,0
2,-4,77,1,106,0
6,1,89,1,106,0
1,-1,91,1,106,0
-1,-2,101,1,106,0
3,-7,105,1,106,0
-3,6,5,1,106,0
-8,1,9,1,106,0
8,4,11,1,106,0
-4,7,16,1,106,0
0,6,23,1,106,0
8,-3,23,1,106,0
7,3,51,1,106,0
1,7,55,1,106,0
2,8,62,1,106,0
4,0,66,1,106,0
4,-1,73,1,106,0
2,-5,85,1,106,0
5,1,85,1,106,0
6,2,96,1,106,0
6,-7,98,1,106,0
-2,6,11,1,106,0
-4,8,14,1,106,0
-7,1,15,1,106,0
-3,7,24,1,106,0
8,5,31,1,106,0
7,4,43,1,106,0
7,-1,44,1,106,0
0,7,46,1,106,0
1,8,54,1,106,0
4,-2,68,1,106,0
4,1,72,1,106,0
2,-6,89,1,106,0
3,0,92,1,106,0
5,2,93,1,106,0
6,3,104,1,106,0
-5,0,4,1,107,0
-1,6,17,1,107,0
-6,1,21,1,107,0
8,6,27,1,107,0
-2,7,29,1,107,0
7,5,35,1,107,0
7,-2,39,1,107,0
4,-3,63,1,107,0
4,2,77,1,107,0
3,1,91,1,107,0
2,0,94,1,107,0
5,3,105,1,107,0
0,-1,106,1,107,0
5,-6,106,1,107,0
-4,0,9,1,107,0
-5,1,24,1,107,0
7,6,26,1,107,0
6,5,28,1,107,0
-2,8,31,1,107,0
5,4,35,1,107,0
-1,7,39,1,107,0
7,-3,43,1,107,0
4,3,44,1,107,0
8,-6,45,1,107,0
3,-1,79,1,107,0
3,2,83,1,107,0
2,1,97,1,107,0
8,7,98,1,107,0
0,-2,99,1,107,0
5,-7,103,1,107,0
-3,0,17,1,107,0
8,8,12,1,107,0
-5,2,29,1,107,0
7,-4,34,1,107,0
-1,8,35,1,107,0
6,-1,49,1,107,0
3,3,82,1,107,0
5,5,102,1,107,0
7,7,105,1,107,0
4,4,106,1,107,0
7,8,13,1,107,0
-2,0,23,1,107,0
-4,2,36,1,107,0
7,-5,41,1,107,0
3,-3,69,1,107,0
2,3,76,1,107,0
6,7,85,1,107,0
3,4,98,1,107,0
4,5,104,1,107,0
5,6,106,1,107,0
7,9,5,1,107,0
-1,0,27,1,107,0
8,0,28,1,107,0
-4,3,37,1,107,0
4,6,48,1,107,0
6,-3,49,1,107,0
7,-6,49,1,107,0
1,3,69,1,107,0
2,-1,85,1,107,0
3,5,89,1,107,0
6,8,89,1,107,0
5,7,105,1,107,0
2,4,106,1,107,0
-3,3,45,1,107,0
5,-1,57,1,107,0
8,1,61,1,107,0
0,3,63,1,107,0
7,0,71,1,107,0
4,7,75,1,107,0
3,6,77,1,107,0
7,-7,89,1,107,0
5,8,96,1,107,0
9,3,1,1,107,0
8,-1,36,1,107,0
2,6,36,1,107,0
-2,3,51,1,107,0
8,2,58,1,107,0
7,1,66,1,107,0
3,7,69,1,107,0
4,8,71,1,107,0
6,0,79,1,107,0
7,-8,87,1,107,0
3,-6,92,1,107,0
-1,-1,104,1,107,0
-9,1,3,1,107,0
-5,7,4,1,107,0
1,6,29,1,107,0
8,-2,34,1,107,0
8,3,47,1,107,0
7,2,53,1,107,0
5,-3,57,1,107,0
-1,3,57,1,107,0
2,7,59,1,107,0
3,8,66,1,107,0
2,-4,77,1,107,0
6,1,89,1,107,0
1,-1,91,1,107,0
-1,-2,101,1,107,0
3,-7,106,1,107,0
-3,6,5,1,107,0
-8,1,9,1,107,0
8,4,11,1,107,0
-4,7,16,1,107,0
0,6,23,1,107,0
8,-3,23,1,107,0
7,3,51,1,107,0
1,7,55,1,107,0
2,8,62,1,107,0
4,0,66,1,107,0
4,-1,73,1,107,0
2,-5,85,1,107,0
5,1,85,1,107,0
6,2,96,1,107,0
6,-7,98,1,107,0
-2,6,11,1,107,0
-4,8,14,1,107,0
-7,1,15,1,107,0
-3,7,24,1,107,0
8,5,31,1,107,0
7,4,43,1,107,0
7,-1,44,1,107,0
0,7,46,1,107,0
1,8,54,1,107,0
4,-2,68,1,107,0
4,1,72,1,107,0
2,-6,89,1,107,0
3,0,92,1,107,0
6,3,104,1,107,0
5,2,106,1,107,0
-5,0,4,1,108,0
-1,6,17,1,108,0
-6,1,21,1,108,0
8,6,27,1,108,0
-2,7,29,1,108,0
7,5,35,1,108,0
7,-2,39,1,108,0
4,-3,63,1,108,0
4,2,77,1,108,0
3,1,91,1,108,0
2,0,94,1,108,0
5,3,105,1,108,0
0,-1,107,1,108,0
5,-6,107,1,108,0
-4,0,9,1,108,0
-5,1,24,1,108,0
7,6,26,1,108,0
6,5,28,1,108,0
-2,8,31,1,108,0
5,4,35,1,108,0
-1,7,39,1,108,0
7,-3,43,1,108,0
4,3,44,1,108,0
8,-6,45,1,108,0
3,-1,79,1,108,0
3,2,83,1,108,0
2,1,97,1,108,0
8,7,98,1,108,0
0,-2,99,1,108,0
5,-7,103,1,108,0
-3,0,17,1,108,0
8,8,12,1,108,0
-5,2,29,1,108,0
7,-4,34,1,108,0
-1,8,35,1,108,0
6,-1,49,1,108,0
3,3,82,1,108,0
5,5,102,1,108,0
7,7,106,1,108,0
4,4,107,1,108,0
7,8,13,1,108,0
-2,0,23,1,108,0
-4,2,36,1,108,0
7,-5,41,1,108,0
3,-3,69,1,108,0
2,3,76,1,108,0
6,7,85,1,108,0
3,4,98,1,108,0
4,5,104,1,108,0
5,6,107,1,108,0
7,9,5,1,108,0
-1,0,27,1,108,0
8,0,28,1,108,0
-4,3,37,1,108,0
4,6,48,1,108,0
6,-3,49,1,108,0
7,-6,49,1,108,0
1,3,69,1,108,0
2,-1,85,1,108,0
3,5,89,1,108,0
6,8,89,1,108,0
5,7,105,1,108,0
2,4,107,1,108,0
-3,3,45,1,108,0
5,-1,57,1,108,0
8,1,61,1,108,0
0,3,63,1,108,0
7,0,71,1,108,0
4,7,75,1,108,0
3,6,77,1,108,0
7,-7,89,1,108,0
5,8,96,1,108,0
9,3,1,1,108,0
8,-1,36,1,108,0
2,6,36,1,108,0
-2,3,51,1,108,0
8,2,58,1,108,0
7,1,66,1,108,0
3,7,69,1,108,0
4,8,71,1,108,0
6,0,79,1,108,0
7,-8,87,1,108,0
-1,-1,104,1,108,0
3,-6,107,1,108,0
-9,1,3,1,108,0
-5,7,4,1,108,0
1,6,29,1,108,0
8,-2,34,1,108,0
8,3,47,1,108,0
7,2,53,1,108,0
5,-3,57,1,108,0
-1,3,57,1,108,0
2,7,59,1,108,0
3,8,66,1,108,0
2,-4,77,1,108,0
6,1,89,1,108,0
1,-1,91,1,108,0
-1,-2,101,1,108,0
3,-7,106,1,108,0
-3,6,5,1,108,0
-8,1,9,1,108,0
8,4,11,1,108,0
-4,7,16,1,108,0
0,6,23,1,108,0
8,-3,23,1,108,0
7,3,51,1,108,0
1,7,55,1,108,0
2,8,62,1,108,0
4,0,66,1,108,0
4,-1,73,1,108,0
2,-5,85,1,108,0
5,1,85,1,108,0
6,2,96,1,108,0
6,-7,98,1,108,0
-2,6,11,1,108,0
-4,8,14,1,108,0
-7,1,15,1,108,0
-3,7,24,1,108,0
8,5,31,1,108,0
7,4,43,1,108,0
7,-1,44,1,108,0
0,7,46,1,108,0
1,8,54,1,108,0
4,-2,68,1,108,0
4,1,72,1,108,0
2,-6,89,1,108,0
3,0,92,1,108,0
6,3,104,1,108,0
5,2,107,1,108,0
-5,0,4,1,109,0
-1,6,17,1,109,0
-6,1,21,1,109,0
8,6,27,1,109,0
-2,7,29,1,109,0
7,5,35,1,109,0
7,-2,39,1,109,0
4,-3,63,1,109,0
4,2,77,1,109,0
3,1,91,1,109,0
2,0,94,1,109,0
5,3,105,1,109,0
0,-1,108,1,109,0
5,-6,108,1,109,0
-4,0,9,1,109,0
-5,1,24,1,109,0
7,6,26,1,109,0
6,5,28,1,109,0
-2,8,31,1,109,0
5,4,35,1,109,0
-1,7,39,1,109,0
7,-3,43,1,109,0
4,3,44,1,109,0
8,-6,45,1,109,0
3,-1,79,1,109,0
3,2,83,1,109,0
2,1,97,1,109,0
8,7,98,1,109,0
0,-2,99,1,109,0
5,-7,103,1,109,0
-3,0,17,1,109,0
8,8,12,1,109,0
-5,2,29,1,109,0
7,-4,34,1,109,0
-1,8,35,1,109,0
6,-1,49,1,109,0
3,3,82,1,109,0
5,5,102,1,109,0
7,7,106,1,109,0
4,4,108,1,109,0
7,8,13,1,109,0
-2,0,23,1,109,0
-4,2,36,1,109,0
7,-5,41,1,109,0
3,-3,69,1,109,0
3,4,98,1,109,0
4,5,104,1,109,0
5,6,107,1,109,0
6,7,107,1,109,0
2,3,108,1,109,0
7,9,5,1,109,0
-1,0,27,1,109,0
8,0,28,1,109,0
-4,3,37,1,109,0
6,-3,49,1,109,0
7,-6,49,1,109,0
1,3,69,1,109,0
2,-1,85,1,109,0
3,5,89,1,109,0
6,8,89,1,109,0
5,7,105,1,109,0
2,4,107,1,109,0
4,6,108,1,109,0
-3,3,45,1,109,0
5,-1,57,1,109,0
8,1,61,1,109,0
0,3,63,1,109,0
7,0,71,1,109,0
4,7,75,1,109,0
3,6,77,1,109,0
7,-7,89,1,109,0
5,8,96,1,109,0
9,3,1,1,109,0
8,-1,36,1,109,0
2,6,36,1,109,0
-2,3,51,1,109,0
8,2,58,1,109,0
7,1,66,1,109,0
3,7,69,1,109,0
4,8,71,1,109,0
6,0,79,1,109,0
7,-8,87,1,109,0
-1,-1,104,1,109,0
3,-6,108,1,109,0
-9,1,3,1,109,0
-5,7,4,1,109,0
1,6,29,1,109,0
8,-2,34,1,109,0
8,3,47,1,109,0
7,2,53,1,109,0
5,-3,57,1,109,0
-1,3,57,1,109,0
2,7,59,1,109,0
3,8,66,1,109,0
2,-4,77,1,109,0
6,1,89,1,109,0
1,-1,91,1,109,0
-1,-2,101,1,109,0
3,-7,106,1,109,0
-3,6,5,1,109,0
-8,1,9,1,109,0
8,4,11,1,109,0
-4,7,16,1,109,0
0,6,23,1,109,0
8,-3,23,1,109,0
7,3,51,1,109,0
1,7,55,1,109,0
2,8,62,1,109,0
4,0,66,1,109,0
4,-1,73,1,109,0
2,-5,85,1,109,0
5,1,85,1,109,0
6,2,96,1,109,0
6,-7,98,1,109,0
-2,6,11,1,109,0
-4,8,14,1,109,0
-7,1,15,1,109,0
-3,7,24,1,109,0
8,5,31,1,109,0
7,4,43,1,109,0
7,-1,44,1,109,0
0,7,46,1,109,0
1,8,54,1,109,0
4,-2,68,1,109,0
4,1,72,1,109,0
2,-6,89,1,109,0
3,0,92,1,109,0
6,3,104,1,109,0
5,2,107,1,109,0
-5,0,4,1,110,0
-1,6,17,1,110,0
-6,1,21,1,110,0
8,6,27,1,110,0
-2,7,29,1,110,0
7,5,35,1,110,0
7,-2,39,1,110,0
4,-3,63,1,110,0
4,2,77,1,110,0
3,1,91,1,110,0
2,0,94,1,110,0
5,3,105,1,110,0
0,-1,108,1,110,0
5,-6,108,1,110,0
-4,0,9,1,110,0
-5,1,24,1,110,0
7,6,26,1,110,0
6,5,28,1,110,0
-2,8,31,1,110,0
5,4,35,1,110,0
-1,7,39,1,110,0
7,-3,43,1,110,0
4,3,44,1,110,0
8,-6,45,1,110,0
3,-1,79,1,110,0
3,2,83,1,110,0
2,1,97,1,110,0
8,7,98,1,110,0
0,-2,99,1,110,0
5,-7,103,1,110,0
-3,0,17,1,110,0
8,8,12,1,110,0
-5,2,29,1,110,0
7,-4,34,1,110,0
-1,8,35,1,110,0
6,-1,49,1,110,0
3,3,82,1,110,0
5,5,102,1,110,0
7,7,106,1,110,0
0,0,109,1,110,0
4,4,109,1,110,0
7,8,13,1,110,0
-2,0,23,1,110,0
-4,2,36,1,110,0
7,-5,41,1,110,0
3,-3,69,1,110,0
3,4,98,1,110,0
4,5,104,1,110,0
5,6,107,1,110,0
6,7,108,1,110,0
2,3,109,1,110,0
4,-6,109,1,110,0
7,9,5,1,110,0
-1,0,27,1,110,0
8,0,28,1,110,0
-4,3,37,1,110,0
6,-3,49,1,110,0
7,-6,49,1,110,0
1,3,69,1,110,0
2,-1,85,1,110,0
3,5,89,1,110,0
6,8,89,1,110,0
5,7,105,1,110,0
2,4,107,1,110,0
4,6,109,1,110,0
-3,3,45,1,110,0
5,-1,57,1,110,0
8,1,61,1,110,0
0,3,63,1,110,0
7,0,71,1,110,0
4,7,75,1,110,0
3,6,77,1,110,0
7,-7,89,1,110,0
5,8,96,1,110,0
9,3,1,1,110,0
8,-1,36,1,110,0
2,6,36,1,110,0
-2,3,51,1,110,0
8,2,58,1,110,0
7,1,66,1,110,0
3,7,69,1,110,0
4,8,71,1,110,0
6,0,79,1,110,0
7,-8,87,1,110,0
-1,-1,104,1,110,0
3,-6,109,1,110,0
-9,1,3,1,110,0
-5,7,4,1,110,0
1,6,29,1,110,0
8,-2,34,1,110,0
8,3,47,1,110,0
7,2,53,1,110,0
5,-3,57,1,110,0
-1,3,57,1,110,0
2,7,59,1,110,0
3,8,66,1,110,0
2,-4,77,1,110,0
6,1,89,1,110,0
1,-1,91,1,110,0
-1,-2,101,1,110,0
3,-7,106,1,110,0
-3,6,5,1,110,0
-8,1,9,1,110,0
8,4,11,1,110,0
-4,7,16,1,110,0
0,6,23,1,110,0
8,-3,23,1,110,0
7,3,51,1,110,0
1,7,55,1,110,0
2,8,62,1,110,0
4,0,66,1,110,0
4,-1,73,1,110,0
2,-5,85,1,110,0
5,1,85,1,110,0
6,2,96,1,110,0
6,-7,98,1,110,0
-2,6,11,1,110,0
-4,8,14,1,110,0
-7,1,15,1,110,0
-3,7,24,1,110,0
8,5,31,1,110,0
7,4,43,1,110,0
7,-1,44,1,110,0
0,7,46,1,110,0
1,8,54,1,110,0
4,-2,68,1,110,0
4,1,72,1,110,0
2,-6,89,1,110,0
3,0,92,1,110,0
6,3,104,1,110,0
5,2,108,1,110,0
-5,0,4,1,111,0
-1,6,17,1,111,0
-6,1,21,1,111,0
8,6,27,1,111,0
-2,7,29,1,111,0
7,5,35,1,111,0
7,-2,39,1,111,0
4,-3,63,1,111,0
4,2,77,1,111,0
3,1,91,1,111,0
2,0,94,1,111,0
5,3,105,1,111,0
0,-1,108,1,111,0
5,-6,108,1,111,0
-4,0,9,1,111,0
-5,1,24,1,111,0
7,6,26,1,111,0
6,5,28,1,111,0
-2,8,31,1,111,0
5,4,35,1,111,0
-1,7,39,1,111,0
7,-3,43,1,111,0
4,3,44,1,111,0
8,-6,45,1,111,0
3,-1,79,1,111,0
3,2,83,1,111,0
2,1,97,1,111,0
8,7,98,1,111,0
0,-2,99,1,111,0
5,-7,103,1,111,0
-3,0,17,1,111,0
8,8,12,1,111,0
-5,2,29,1,111,0
7,-4,34,1,111,0
-1,8,35,1,111,0
6,-1,49,1,111,0
3,3,82,1,111,0
5,5,102,1,111,0
7,7,106,1,111,0
0,0,109,1,111,0
4,4,109,1,111,0
7,8,13,1,111,0
-2,0,23,1,111,0
-4,2,36,1,111,0
7,-5,41,1,111,0
3,-3,69,1,111,0
3,4,98,1,111,0
4,5,104,1,111,0
5,6,107,1,111,0
2,3,109,1,111,0
4,-6,109,1,111,0
6,7,109,1,111,0
7,9,5,1,111,0
-1,0,27,1,111,0
8,0,28,1,111,0
-4,3,37,1,111,0
6,-3,49,1,111,0
7,-6,49,1,111,0
1,3,69,1,111,0
2,-1,85,1,111,0
3,5,89,1,111,0
6,8,89,1,111,0
5,7,105,1,111,0
2,4,107,1,111,0
4,6,109,1,111,0
-3,3,45,1,111,0
5,-1,57,1,111,0
8,1,61,1,111,0
0,3,63,1,111,0
7,0,71,1,111,0
4,7,75,1,111,0
3,6,77,1,111,0
7,-7,89,1,111,0
5,8,96,1,111,0
9,3,1,1,111,0
8,-1,36,1,111,0
2,6,36,1,111,0
-2,3,51,1,111,0
8,2,58,1,111,0
7,1,66,1,111,0
3,7,69,1,111,0
4,8,71,1,111,0
6,0,79,1,111,0
7,-8,87,1,111,0
-1,-1,104,1,111,0
3,-6,109,1,111,0
-9,1,3,1,111,0
-5,7,4,1,111,0
1,6,29,1,111,0
8,-2,34,1,111,0
8,3,47,1,111,0
7,2,53,1,111,0
5,-3,57,1,111,0
-1,3,57,1,111,0
2,7,59,1,111,0
3,8,66,1,111,0
2,-4,77,1,111,0
6,1,89,1,111,0
1,-1,91,1,111,0
-1,-2,101,1,111,0
3,-7,106,1,111,0
-3,6,5,1,111,0
-8,1,9,1,111,0
8,4,11,1,111,0
-4,7,16,1,111,0
0,6,23,1,111,0
8,-3,23,1,111,0
7,3,51,1,111,0
1,7,55,1,111,0
2,8,62,1,111,0
4,0,66,1,111,0
4,-1,73,1,111,0
2,-5,85,1,111,0
5,1,85,1,111,0
6,2,96,1,111,0
6,-7,98,1,111,0
-2,6,11,1,111,0
-4,8,14,1,111,0
-7,1,15,1,111,0
-3,7,24,1,111,0
8,5,31,1,111,0
7,4,43,1,111,0
7,-1,44,1,111,0
0,7,46,1,111,0
1,8,54,1,111,0
4,-2,68,1,111,0
4,1,72,1,111,0
2,-6,89,1,111,0
3,0,92,1,111,0
6,3,104,1,111,0
5,2,109,1,111,0
-5,0,4,1,112,0
-1,6,17,1,112,0
-6,1,21,1,112,0
8,6,27,1,112,0
-2,7,29,1,112,0
7,5,35,1,112,0
7,-2,39,1,112,0
4,-3,63,1,112,0
4,2,77,1,112,0
3,1,91,1,112,0
2,0,94,1,112,0
5,3,105,1,112,0
0,-1,108,1,112,0
5,-6,108,1,112,0
-4,0,9,1,112,0
-5,1,24,1,112,0
7,6,26,1,112,0
6,5,28,1,112,0
-2,8,31,1,112,0
5,4,35,1,112,0
-1,7,39,1,112,0
7,-3,43,1,112,0
4,3,44,1,112,0
8,-6,45,1,112,0
3,-1,79,1,112,0
3,2,83,1,112,0
2,1,97,1,112,0
8,7,98,1,112,0
0,-2,99,1,112,0
5,-7,103,1,112,0
-3,0,17,1,112,0
8,8,12,1,112,0
-5,2,29,1,112,0
7,-4,34,1,112,0
-1,8,35,1,112,0
6,-1,49,1,112,0
3,3,82,1,112,0
5,5,102,1,112,0
7,7,106,1,112,0
0,0,111,1,112,0
4,4,111,1,112,0
7,8,13,1,112,0
-2,0,23,1,112,0
-4,2,36,1,112,0
7,-5,41,1,112,0
3,-3,69,1,112,0
3,4,98,1,112,0
4,5,104,1,112,0
5,6,107,1,112,0
2,3,109,1,112,0
6,7,109,1,112,0
4,-6,111,1,112,0
7,9,5,1,112,0
-1,0,27,1,112,0
8,0,28,1,112,0
-4,3,37,1,112,0
6,-3,49,1,112,0
7,-6,49,1,112,0
2,-1,85,1,112,0
3,5,89,1,112,0
6,8,89,1,112,0
5,7,105,1,112,0
2,4,107,1,112,0
1,3,111,1,112,0
4,6,111,1,112,0
-3,3,45,1,112,0
5,-1,57,1,112,0
8,1,61,1,112,0
0,3,63,1,112,0
7,0,71,1,112,0
4,7,75,1,112,0
3,6,77,1,112,0
7,-7,89,1,112,0
5,8,96,1,112,0
9,3,1,1,112,0
8,-1,36,1,112,0
2,6,36,1,112,0
-2,3,51,1,112,0
8,2,58,1,112,0
7,1,66,1,112,0
3,7,69,1,112,0
4,8,71,1,112,0
6,0,79,1,112,0
7,-8,87,1,112,0
-1,-1,104,1,112,0
3,-6,111,1,112,0
-9,1,3,1,112,0
-5,7,4,1,112,0
1,6,29,1,112,0
8,-2,34,1,112,0
8,3,47,1,112,0
7,2,53,1,112,0
5,-3,57,1,112,0
-1,3,57,1,112,0
2,7,59,1,112,0
3,8,66,1,112,0
2,-4,77,1,112,0
6,1,89,1,112,0
1,-1,91,1,112,0
-1,-2,101,1,112,0
3,-7,106,1,112,0
-3,6,5,1,112,0
-8,1,9,1,112,0
8,4,11,1,112,0
-4,7,16,1,112,0
0,6,23,1,112,0
8,-3,23,1,112,0
7,3,51,1,112,0
1,7,55,1,112,0
2,8,62,1,112,0
4,0,66,1,112,0
4,-1,73,1,112,0
2,-5,85,1,112,0
5,1,85,1,112,0
6,2,96,1,112,0
6,-7,98,1,112,0
-2,6,11,1,112,0
-4,8,14,1,112,0
-7,1,15,1,112,0
-3,7,24,1,112,0
8,5,31,1,112,0
7,4,43,1,112,0
7,-1,44,1,112,0
0,7,46,1,112,0
1,8,54,1,112,0
4,-2,68,1,112,0
4,1,72,1,112,0
2,-6,89,1,112,0
3,0,92,1,112,0
6,3,104,1,112,0
5,2,111,1,112,0
-5,0,4,1,113,0
-1,6,17,1,113,0
-6,1,21,1,113,0
8,6,27,1,113,0
-2,7,29,1,113,0
7,5,35,1,113,0
7,-2,39,1,113,0
4,-3,63,1,113,0
4,2,77,1,113,0
3,1,91,1,113,0
2,0,94,1,113,0
5,3,105,1,113,0
0,-1,108,1,113,0
5,-6,108,1,113,0
-4,0,9,1,113,0
-5,1,24,1,113,0
7,6,26,1,113,0
6,5,28,1,113,0
-2,8,31,1,113,0
5,4,35,1,113,0
-1,7,39,1,113,0
7,-3,43,1,113,0
4,3,44,1,113,0
8,-6,45,1,113,0
3,-1,79,1,113,0
3,2,83,1,113,0
2,1,97,1,113,0
8,7,98,1,113,0
0,-2,99,1,113,0
5,-7,103,1,113,0
-3,0,17,1,113,0
8,8,12,1,113,0
-5,2,29,1,113,0
7,-4,34,1,113,0
-1,8,35,1,113,0
6,-1,49,1,113,0
3,3,82,1,113,0
5,5,102,1,113,0
7,7,106,1,113,0
4,4,111,1,113,0
0,0,112,1,113,0
6,6,111,1,113,0
4,-5,112,1,113,0
7,8,13,1,113,0
-2,0,23,1,113,0
-4,2,36,1,113,0
7,-5,41,1,113,0
3,-3,69,1,113,0
3,4,98,1,113,0
4,5,104,1,113,0
5,6,107,1,113,0
2,3,109,1,113,0
6,7,109,1,113,0
4,-6,111,1,113,0
7,9,5,1,113,0
-1,0,27,1,113,0
8,0,28,1,113,0
-4,3,37,1,113,0
6,-3,49,1,113,0
7,-6,49,1,113,0
2,-1,85,1,113,0
3,5,89,1,113,0
6,8,89,1,113,0
5,7,105,1,113,0
2,4,107,1,113,0
1,3,111,1,113,0
4,6,111,1,113,0
-3,3,45,1,113,0
5,-1,57,1,113,0
8,1,61,1,113,0
0,3,63,1,113,0
7,0,71,1,113,0
4,7,75,1,113,0
3,6,77,1,113,0
7,-7,89,1,113,0
5,8,96,1,113,0
9,3,1,1,113,0
8,-1,36,1,113,0
2,6,36,1,113,0
-2,3,51,1,113,0
8,2,58,1,113,0
7,1,66,1,113,0
3,7,69,1,113,0
4,8,71,1,113,0
6,0,79,1,113,0
7,-8,87,1,113,0
-1,-1,104,1,113,0
3,-6,112,1,113,0
-9,1,3,1,113,0
-5,7,4,1,113,0
1,6,29,1,113,0
8,-2,34,1,113,0
8,3,47,1,113,0
7,2,53,1,113,0
5,-3,57,1,113,0
-1,3,57,1,113,0
2,7,59,1,113,0
3,8,66,1,113,0
2,-4,77,1,113,0
6,1,89,1,113,0
1,-1,91,1,113,0
-1,-2,101,1,113,0
3,-7,106,1,113,0
-3,6,5,1,113,0
-8,1,9,1,113,0
8,4,11,1,113,0
-4,7,16,1,113,0
0,6,23,1,113,0
8,-3,23,1,113,0
7,3,51,1,113,0
1,7,55,1,113,0
2,8,62,1,113,0
4,0,66,1,113,0
4,-1,73,1,113,0
2,-5,85,1,113,0
5,1,85,1,113,0
6,2,96,1,113,0
6,-7,98,1,113,0
-2,6,11,1,113,0
-4,8,14,1,113,0
-7,1,15,1,113,0
-3,7,24,1,113,0
8,5,31,1,113,0
7,4,43,1,113,0
7,-1,44,1,113,0
0,7,46,1,113,0
1,8,54,1,113,0
4,-2,68,1,113,0
4,1,72,1,113,0
2,-6,89,1,113,0
3,0,92,1,113,0
6,3,104,1,113,0
5,2,111,1,113,0
-5,0,4,1,114,0
-1,6,17,1,114,0
-6,1,21,1,114,0
8,6,27,1,114,0
-2,7,29,1,114,0
7,5,35,1,114,0
7,-2,39,1,114,0
4,-3,63,1,114,0
3,1,91,1,114,0
2,0,94,1,114,0
5,3,105,1,114,0
0,-1,108,1,114,0
5,-6,108,1,114,0
4,2,113,1,114,0
-4,0,9,1,114,0
-5,1,24,1,114,0
7,6,26,1,114,0
6,5,28,1,114,0
-2,8,31,1,114,0
5,4,35,1,114,0
-1,7,39,1,114,0
7,-3,43,1,114,0
4,3,44,1,114,0
8,-6,45,1,114,0
3,-1,79,1,114,0
3,2,83,1,114,0
2,1,97,1,114,0
8,7,98,1,114,0
0,-2,99,1,114,0
5,-7,103,1,114,0
-3,0,17,1,114,0
8,8,12,1,114,0
-5,2,29,1,114,0
7,-4,34,1,114,0
-1,8,35,1,114,0
6,-1,49,1,114,0
3,3,82,1,114,0
5,5,102,1,114,0
7,7,106,1,114,0
4,4,111,1,114,0
0,0,114,1,114,0
6,6,112,1,114,0
4,-5,113,1,114,0
7,8,13,1,114,0
-2,0,23,1,114,0
-4,2,36,1,114,0
7,-5,41,1,114,0
3,-3,69,1,114,0
4,5,104,1,114,0
5,6,107,1,114,0
2,3,109,1,114,0
6,7,109,1,114,0
4,-6,111,1,114,0
3,4,112,1,114,0
7,9,5,1,114,0
-1,0,27,1,114,0
8,0,28,1,114,0
-4,3,37,1,114,0
6,-3,49,1,114,0
7,-6,49,1,114,0
2,-1,85,1,114,0
3,5,89,1,114,0
6,8,89,1,114,0
5,7,105,1,114,0
2,4,107,1,114,0
4,6,112,1,114,0
1,3,112,1,114,0
-3,3,45,1,114,0
5,-1,57,1,114,0
8,1,61,1,114,0
0,3,63,1,114,0
7,0,71,1,114,0
4,7,75,1,114,0
3,6,77,1,114,0
7,-7,89,1,114,0
5,8,96,1,114,0
3,-5,113,1,114,0
9,3,1,1,114,0
8,-1,36,1,114,0
2,6,36,1,114,0
-2,3,51,1,114,0
8,2,58,1,114,0
7,1,66,1,114,0
3,7,69,1,114,0
4,8,71,1,114,0
6,0,79,1,114,0
7,-8,87,1,114,0
-1,-1,104,1,114,0
3,-6,112,1,114,0
-9,1,3,1,114,0
-5,7,4,1,114,0
1,6,29,1,114,0
8,-2,34,1,114,0
8,3,47,1,114,0
7,2,53,1,114,0
5,-3,57,1,114,0
-1,3,57,1,114,0
2,7,59,1,114,0
3,8,66,1,114,0
2,-4,77,1,114,0
6,1,89,1,114,0
1,-1,91,1,114,0
-1,-2,101,1,114,0
3,-7,106,1,114,0
-3,6,5,1,114,0
-8,1,9,1,114,0
8,4,11,1,114,0
-4,7,16,1,114,0
0,6,23,1,114,0
8,-3,23,1,114,0
7,3,51,1,114,0
1,7,55,1,114,0
2,8,62,1,114,0
4,0,66,1,114,0
4,-1,73,1,114,0
2,-5,85,1,114,0
5,1,85,1,114,0
6,2,96,1,114,0
6,-7,98,1,114,0
-2,6,11,1,114,0
-4,8,14,1,114,0
-7,1,15,1,114,0
-3,7,24,1,114,0
8,5,31,1,114,0
7,4,43,1,114,0
7,-1,44,1,114,0
0,7,46,1,114,0
1,8,54,1,114,0
4,-2,68,1,114,0
4,1,72,1,114,0
2,-6,89,1,114,0
3,0,92,1,114,0
6,3,104,1,114,0
5,2,111,1,114,0
-5,0,4,1,115,0
-1,6,17,1,115,0
-6,1,21,1,115,0
8,6,27,1,115,0
-2,7,29,1,115,0
7,5,35,1,115,0
7,-2,39,1,115,0
4,-3,63,1,115,0
3,1,91,1,115,0
2,0,94,1,115,0
5,3,105,1,115,0
0,-1,108,1,115,0
5,-6,108,1,115,0
4,2,114,1,115,0
-4,0,9,1,115,0
-5,1,24,1,115,0
7,6,26,1,115,0
6,5,28,1,115,0
-2,8,31,1,115,0
5,4,35,1,115,0
-1,7,39,1,115,0
7,-3,43,1,115,0
4,3,44,1,115,0
8,-6,45,1,115,0
3,-1,79,1,115,0
3,2,83,1,115,0
2,1,97,1,115,0
8,7,98,1,115,0
0,-2,99,1,115,0
5,-7,103,1,115,0
-3,0,17,1,115,0
8,8,12,1,115,0
-5,2,29,1,115,0
7,-4,34,1,115,0
-1,8,35,1,115,0
6,-1,49,1,115,0
3,3,82,1,115,0
5,5,102,1,115,0
7,7,106,1,115,0
4,4,111,1,115,0
0,0,115,1,115,0
6,6,113,1,115,0
4,-5,114,1,115,0
7,8,13,1,115,0
-2,0,23,1,115,0
-4,2,36,1,115,0
7,-5,41,1,115,0
3,-3,69,1,115,0
4,5,104,1,115,0
5,6,107,1,115,0
2,3,109,1,115,0
6,7,109,1,115,0
4,-6,111,1,115,0
3,4,113,1,115,0
7,9,5,1,115,0
-1,0,27,1,115,0
8,0,28,1,115,0
-4,3,37,1,115,0
6,-3,49,1,115,0
7,-6,49,1,115,0
2,-1,85,1,115,0
3,5,89,1,115,0
6,8,89,1,115,0
5,7,105,1,115,0
2,4,107,1,115,0
4,6,113,1,115,0
1,3,114,1,115,0
-3,3,45,1,115,0
5,-1,57,1,115,0
8,1,61,1,115,0
0,3,63,1,115,0
7,0,71,1,115,0
4,7,75,1,115,0
3,6,77,1,115,0
7,-7,89,1,115,0
5,8,96,1,115,0
3,-5,114,1,115,0
9,3,1,1,115,0
8,-1,36,1,115,0
2,6,36,1,115,0
-2,3,51,1,115,0
8,2,58,1,115,0
7,1,66,1,115,0
3,7,69,1,115,0
4,8,71,1,115,0
6,0,79,1,115,0
7,-8,87,1,115,0
-1,-1,104,1,115,0
3,-6,112,1,115,0
-9,1,3,1,115,0
-5,7,4,1,115,0
1,6,29,1,115,0
8,-2,34,1,115,0
8,3,47,1,115,0
7,2,53,1,115,0
5,-3,57,1,115,0
-1,3,57,1,115,0
2,7,59,1,115,0
3,8,66,1,115,0
2,-4,77,1,115,0
6,1,89,1,115,0
1,-1,91,1,115,0
-1,-2,101,1,115,0
3,-7,106,1,115,0
-3,6,5,1,115,0
-8,1,9,1,115,0
8,4,11,1,115,0
-4,7,16,1,115,0
0,6,23,1,115,0
8,-3,23,1,115,0
7,3,51,1,115,0
1,7,55,1,115,0
2,8,62,1,115,0
4,0,66,1,115,0
4,-1,73,1,115,0
2,-5,85,1,115,0
5,1,85,1,115,0
6,2,96,1,115,0
6,-7,98,1,115,0
-2,6,11,1,115,0
-4,8,14,1,115,0
-7,1,15,1,115,0
-3,7,24,1,115,0
8,5,31,1,115,0
7,4,43,1,115,0
7,-1,44,1,115,0
0,7,46,1,115,0
1,8,54,1,115,0
4,-2,68,1,115,0
4,1,72,1,115,0
2,-6,89,1,115,0
3,0,92,1,115,0
6,3,104,1,115,0
5,2,111,1,115,0
-5,0,4,1,116,0
-1,6,17,1,116,0
-6,1,21,1,116,0
8,6,27,1,116,0
-2,7,29,1,116,0
7,5,35,1,116,0
7,-2,39,1,116,0
4,-3,63,1,116,0
3,1,91,1,116,0
2,0,94,1,116,0
5,3,105,1,116,0
0,-1,108,1,116,0
5,-6,108,1,116,0
4,2,115,1,116,0
-4,0,9,1,116,0
-5,1,24,1,116,0
7,6,26,1,116,0
6,5,28,1,116,0
-2,8,31,1,116,0
5,4,35,1,116,0
-1,7,39,1,116,0
7,-3,43,1,116,0
4,3,44,1,116,0
8,-6,45,1,116,0
3,-1,79,1,116,0
3,2,83,1,116,0
2,1,97,1,116,0
8,7,98,1,116,0
0,-2,99,1,116,0
5,-7,103,1,116,0
-3,0,17,1,116,0
8,8,12,1,116,0
-5,2,29,1,116,0
7,-4,34,1,116,0
-1,8,35,1,116,0
6,-1,49,1,116,0
5,5,102,1,116,0
7,7,106,1,116,0
4,4,111,1,116,0
0,0,116,1,116,0
3,3,115,1,116,0
6,6,115,1,116,0
4,-5,115,1,116,0
7,8,13,1,116,0
-2,0,23,1,116,0
-4,2,36,1,116,0
7,-5,41,1,116,0
3,-3,69,1,116,0
5,6,107,1,116,0
2,3,109,1,116,0
6,7,109,1,116,0
4,-6,111,1,116,0
3,4,113,1,116,0
1,2,115,1,116,0
4,5,115,1,116,0
7,9,5,1,116,0
-1,0,27,1,116,0
8,0,28,1,116,0
-4,3,37,1,116,0
6,-3,49,1,116,0
7,-6,49,1,116,0
2,-1,85,1,116,0
3,5,89,1,116,0
6,8,89,1,116,0
5,7,105,1,116,0
2,4,107,1,116,0
4,6,113,1,116,0
1,3,114,1,116,0
-3,3,45,1,116,0
5,-1,57,1,116,0
8,1,61,1,116,0
0,3,63,1,116,0
7,0,71,1,116,0
4,7,75,1,116,0
3,6,77,1,116,0
7,-7,89,1,116,0
5,8,96,1,116,0
3,-5,114,1,116,0
9,3,1,1,116,0
8,-1,36,1,116,0
2,6,36,1,116,0
-2,3,51,1,116,0
8,2,58,1,116,0
7,1,66,1,116,0
3,7,69,1,116,0
4,8,71,1,116,0
6,0,79,1,116,0
7,-8,87,1,116,0
-1,-1,104,1,116,0
3,-6,112,1,116,0
-9,1,3,1,116,0
-5,7,4,1,116,0
1,6,29,1,116,0
8,-2,34,1,116,0
8,3,47,1,116,0
7,2,53,1,116,0
5,-3,57,1,116,0
-1,3,57,1,116,0
2,7,59,1,116,0
3,8,66,1,116,0
2,-4,77,1,116,0
6,1,89,1,116,0
1,-1,91,1,116,0
-1,-2,101,1,116,0
3,-7,106,1,116,0
-3,6,5,1,116,0
-8,1,9,1,116,0
8,4,11,1,116,0
-4,7,16,1,116,0
0,6,23,1,116,0
8,-3,23,1,116,0
7,3,51,1,116,0
1,7,55,1,116,0
2,8,62,1,116,0
4,0,66,1,116,0
4,-1,73,1,116,0
5,1,85,1,116,0
6,2,96,1,116,0
6,-7,98,1,116,0
2,-5,115,1,116,0
-2,6,11,1,116,0
-4,8,14,1,116,0
-7,1,15,1,116,0
-3,7,24,1,116,0
8,5,31,1,116,0
7,4,43,1,116,0
7,-1,44,1,116,0
0,7,46,1,116,0
1,8,54,1,116,0
4,-2,68,1,116,0
4,1,72,1,116,0
2,-6,89,1,116,0
3,0,92,1,116,0
6,3,104,1,116,0
5,2,111,1,116,0
-5,0,4,1,117,0
-1,6,17,1,117,0
-6,1,21,1,117,0
8,6,27,1,117,0
-2,7,29,1,117,0
7,5,35,1,117,0
7,-2,39,1,117,0
4,-3,63,1,117,0
3,1,91,1,117,0
2,0,94,1,117,0
5,3,105,1,117,0
0,-1,108,1,117,0
5,-6,108,1,117,0
4,2,116,1,117,0
-4,0,9,1,117,0
-5,1,24,1,117,0
7,6,26,1,117,0
6,5,28,1,117,0
-2,8,31,1,117,0
5,4,35,1,117,0
-1,7,39,1,117,0
7,-3,43,1,117,0
4,3,44,1,117,0
8,-6,45,1,117,0
3,-1,79,1,117,0
3,2,83,1,117,0
2,1,97,1,117,0
8,7,98,1,117,0
0,-2,99,1,117,0
5,-7,103,1,117,0
-3,0,17,1,117,0
8,8,12,1,117,0
-5,2,29,1,117,0
7,-4,34,1,117,0
-1,8,35,1,117,0
6,-1,49,1,117,0
5,5,102,1,117,0
7,7,106,1,117,0
4,4,111,1,117,0
0,0,117,1,117,0
3,3,116,1,117,0
6,6,116,1,117,0
4,-5,116,1,117,0
7,8,13,1,117,0
-2,0,23,1,117,0
-4,2,36,1,117,0
7,-5,41,1,117,0
3,-3,69,1,117,0
5,6,107,1,117,0
2,3,109,1,117,0
6,7,109,1,117,0
4,-6,111,1,117,0
3,4,113,1,117,0
1,2,115,1,117,0
4,5,115,1,117,0
7,9,5,1,117,0
-1,0,27,1,117,0
8,0,28,1,117,0
-4,3,37,1,117,0
6,-3,49,1,117,0
7,-6,49,1,117,0
2,-1,85,1,117,0
3,5,89,1,117,0
6,8,89,1,117,0
5,7,105,1,117,0
2,4,107,1,117,0
4,6,113,1,117,0
1,3,114,1,117,0
-3,3,45,1,117,0
5,-1,57,1,117,0
8,1,61,1,117,0
0,3,63,1,117,0
7,0,71,1,117,0
4,7,75,1,117,0
3,6,77,1,117,0
7,-7,89,1,117,0
5,8,96,1,117,0
3,-5,114,1,117,0
9,3,1,1,117,0
8,-1,36,1,117,0
2,6,36,1,117,0
-2,3,51,1,117,0
8,2,58,1,117,0
7,1,66,1,117,0
3,7,69,1,117,0
4,8,71,1,117,0
6,0,79,1,117,0
7,-8,87,1,117,0
-1,-1,104,1,117,0
3,-6,112,1,117,0
-9,1,3,1,117,0
-5,7,4,1,117,0
1,6,29,1,117,0
8,-2,34,1,117,0
8,3,47,1,117,0
7,2,53,1,117,0
5,-3,57,1,117,0
-1,3,57,1,117,0
2,7,59,1,117,0
3,8,66,1,117,0
2,-4,77,1,117,0
6,1,89,1,117,0
1,-1,91,1,117,0
-1,-2,101,1,117,0
3,-7,106,1,117,0
-3,6,5,1,117,0
-8,1,9,1,117,0
8,4,11,1,117,0
-4,7,16,1,117,0
0,6,23,1,117,0
8,-3,23,1,117,0
7,3,51,1,117,0
1,7,55,1,117,0
2,8,62,1,117,0
4,0,66,1,117,0
4,-1,73,1,117,0
5,1,85,1,117,0
6,2,96,1,117,0
6,-7,98,1,117,0
2,-5,116,1,117,0
-2,6,11,1,117,0
-4,8,14,1,117,0
-7,1,15,1,117,0
-3,7,24,1,117,0
8,5,31,1,117,0
7,4,43,1,117,0
7,-1,44,1,117,0
0,7,46,1,117,0
1,8,54,1,117,0
4,-2,68,1,117,0
4,1,72,1,117,0
2,-6,89,1,117,0
3,0,92,1,117,0
6,3,104,1,117,0
5,2,111,1,117,0
-5,0,4,1,118,0
-1,6,17,1,118,0
-6,1,21,1,118,0
8,6,27,1,118,0
-2,7,29,1,118,0
7,5,35,1,118,0
7,-2,39,1,118,0
4,-3,63,1,118,0
3,1,91,1,118,0
2,0,94,1,118,0
5,3,105,1,118,0
0,-1,108,1,118,0
5,-6,108,1,118,0
4,2,117,1,118,0
-4,0,9,1,118,0
-5,1,24,1,118,0
7,6,26,1,118,0
6,5,28,1,118,0
-2,8,31,1,118,0
5,4,35,1,118,0
-1,7,39,1,118,0
7,-3,43,1,118,0
4,3,44,1,118,0
8,-6,45,1,118,0
3,-1,79,1,118,0
3,2,83,1,118,0
2,1,97,1,118,0
8,7,98,1,118,0
0,-2,99,1,118,0
5,-7,103,1,118,0
-3,0,17,1,118,0
8,8,12,1,118,0
-5,2,29,1,118,0
7,-4,34,1,118,0
-1,8,35,1,118,0
6,-1,49,1,118,0
5,5,102,1,118,0
7,7,106,1,118,0
4,4,111,1,118,0
0,0,118,1,118,0
3,3,117,1,118,0
6,6,117,1,118,0
4,-5,117,1,118,0
7,8,13,1,118,0
-2,0,23,1,118,0
-4,2,36,1,118,0
7,-5,41,1,118,0
3,-3,69,1,118,0
5,6,107,1,118,0
2,3,109,1,118,0
6,7,109,1,118,0
4,-6,111,1,118,0
3,4,113,1,118,0
1,2,116,1,118,0
4,5,117,1,118,0
7,9,5,1,118,0
-1,0,27,1,118,0
8,0,28,1,118,0
-4,3,37,1,118,0
6,-3,49,1,118,0
7,-6,49,1,118,0
2,-1,85,1,118,0
3,5,89,1,118,0
6,8,89,1,118,0
5,7,105,1,118,0
2,4,107,1,118,0
4,6,113,1,118,0
1,3,114,1,118,0
-3,3,45,1,118,0
5,-1,57,1,118,0
8,1,61,1,118,0
0,3,63,1,118,0
7,0,71,1,118,0
4,7,75,1,118,0
3,6,77,1,118,0
7,-7,89,1,118,0
5,8,96,1,118,0
3,-5,114,1,118,0
9,3,1,1,118,0
8,-1,36,1,118,0
2,6,36,1,118,0
-2,3,51,1,118,0
8,2,58,1,118,0
7,1,66,1,118,0
3,7,69,1,118,0
4,8,71,1,118,0
6,0,79,1,118,0
7,-8,87,1,118,0
-1,-1,104,1,118,0
3,-6,112,1,118,0
-9,1,3,1,118,0
-5,7,4,1,118,0
1,6,29,1,118,0
8,-2,34,1,118,0
8,3,47,1,118,0
7,2,53,1,118,0
5,-3,57,1,118,0
-1,3,57,1,118,0
2,7,59,1,118,0
3,8,66,1,118,0
2,-4,77,1,118,0
6,1,89,1,118,0
1,-1,91,1,118,0
-1,-2,101,1,118,0
3,-7,106,1,118,0
-3,6,5,1,118,0
-8,1,9,1,118,0
8,4,11,1,118,0
-4,7,16,1,118,0
0,6,23,1,118,0
8,-3,23,1,118,0
7,3,51,1,118,0
1,7,55,1,118,0
2,8,62,1,118,0
4,0,66,1,118,0
4,-1,73,1,118,0
5,1,85,1,118,0
6,2,96,1,118,0
6,-7,98,1,118,0
2,-5,117,1,118,0
-2,6,11,1,118,0
-4,8,14,1,118,0
-7,1,15,1,118,0
-3,7,24,1,118,0
8,5,31,1,118,0
7,4,43,1,118,0
7,-1,44,1,118,0
0,7,46,1,118,0
1,8,54,1,118,0
4,-2,68,1,118,0
4,1,72,1,118,0
2,-6,89,1,118,0
3,0,92,1,118,0
6,3,104,1,118,0
5,2,111,1,118,0
-5,0,4,1,119,0
-1,6,17,1,119,0
-6,1,21,1,119,0
8,6,27,1,119,0
-2,7,29,1,119,0
7,5,35,1,119,0
7,-2,39,1,119,0
4,-3,63,1,119,0
3,1,91,1,119,0
2,0,94,1,119,0
5,3,105,1,119,0
0,-1,108,1,119,0
5,-6,108,1,119,0
4,2,118,1,119,0
-4,0,9,1,119,0
-5,1,24,1,119,0
7,6,26,1,119,0
6,5,28,1,119,0
-2,8,31,1,119,0
5,4,35,1,119,0
-1,7,39,1,119,0
7,-3,43,1,119,0
4,3,44,1,119,0
8,-6,45,1,119,0
3,-1,79,1,119,0
3,2,83,1,119,0
2,1,97,1,119,0
8,7,98,1,119,0
0,-2,99,1,119,0
5,-7,103,1,119,0
-3,0,17,1,119,0
8,8,12,1,119,0
-5,2,29,1,119,0
7,-4,34,1,119,0
-1,8,35,1,119,0
6,-1,49,1,119,0
5,5,102,1,119,0
7,7,106,1,119,0
4,4,111,1,119,0
0,0,119,1,119,0
3,3,118,1,119,0
6,6,118,1,119,0
4,-5,118,1,119,0
7,8,13,1,119,0
-2,0,23,1,119,0
-4,2,36,1,119,0
7,-5,41,1,119,0
3,-3,69,1,119,0
5,6,107,1,119,0
2,3,109,1,119,0
6,7,109,1,119,0
4,-6,111,1,119,0
3,4,113,1,119,0
1,2,118,1,119,0
4,5,118,1,119,0
7,9,5,1,119,0
-1,0,27,1,119,0
8,0,28,1,119,0
-4,3,37,1,119,0
6,-3,49,1,119,0
7,-6,49,1,119,0
2,-1,85,1,119,0
3,5,89,1,119,0
6,8,89,1,119,0
5,7,105,1,119,0
2,4,107,1,119,0
4,6,113,1,119,0
1,3,114,1,119,0
-3,3,45,1,119,0
5,-1,57,1,119,0
8,1,61,1,119,0
0,3,63,1,119,0
7,0,71,1,119,0
4,7,75,1,119,0
3,6,77,1,119,0
7,-7,89,1,119,0
5,8,96,1,119,0
3,-5,114,1,119,0
9,3,1,1,119,0
8,-1,36,1,119,0
2,6,36,1,119,0
-2,3,51,1,119,0
8,2,58,1,119,0
7,1,66,1,119,0
3,7,69,1,119,0
4,8,71,1,119,0
6,0,79,1,119,0
7,-8,87,1,119,0
-1,-1,104,1,119,0
3,-6,112,1,119,0
-9,1,3,1,119,0
-5,7,4,1,119,0
1,6,29,1,119,0
8,-2,34,1,119,0
8,3,47,1,119,0
7,2,53,1,119,0
5,-3,57,1,119,0
-1,3,57,1,119,0
2,7,59,1,119,0
3,8,66,1,119,0
2,-4,77,1,119,0
6,1,89,1,119,0
1,-1,91,1,119,0
-1,-2,101,1,119,0
3,-7,106,1,119,0
-3,6,5,1,119,0
-8,1,9,1,119,0
8,4,11,1,119,0
-4,7,16,1,119,0
0,6,23,1,119,0
8,-3,23,1,119,0
7,3,51,1,119,0
1,7,55,1,119,0
2,8,62,1,119,0
4,0,66,1,119,0
4,-1,73,1,119,0
5,1,85,1,119,0
6,2,96,1,119,0
6,-7,98,1,119,0
2,-5,118,1,119,0
-2,6,11,1,119,0
-4,8,14,1,119,0
-7,1,15,1,119,0
-3,7,24,1,119,0
8,5,31,1,119,0
7,4,43,1,119,0
7,-1,44,1,119,0
0,7,46,1,119,0
1,8,54,1,119,0
4,-2,68,1,119,0
4,1,72,1,119,0
2,-6,89,1,119,0
3,0,92,1,119,0
6,3,104,1,119,0
5,2,111,1,119,0
-5,0,4,1,120,0
-1,6,17,1,120,0
-6,1,21,1,120,0
8,6,27,1,120,0
-2,7,29,1,120,0
7,5,35,1,120,0
7,-2,39,1,120,0
4,-3,63,1,120,0
3,1,91,1,120,0
2,0,94,1,120,0
5,3,105,1,120,0
0,-1,108,1,120,0
5,-6,108,1,120,0
4,2,118,1,120,0
-4,0,9,1,120,0
-5,1,24,1,120,0
7,6,26,1,120,0
6,5,28,1,120,0
-2,8,31,1,120,0
5,4,35,1,120,0
-1,7,39,1,120,0
7,-3,43,1,120,0
4,3,44,1,120,0
8,-6,45,1,120,0
3,-1,79,1,120,0
2,1,97,1,120,0
8,7,98,1,120,0
0,-2,99,1,120,0
5,-7,103,1,120,0
3,2,119,1,120,0
-3,0,17,1,120,0
8,8,12,1,120,0
-5,2,29,1,120,0
7,-4,34,1,120,0
-1,8,35,1,120,0
6,-1,49,1,120,0
5,5,102,1,120,0
7,7,106,1,120,0
4,4,111,1,120,0
0,0,119,1,120,0
4,-5,118,1,120,0
3,3,119,1,120,0
6,6,119,1,120,0
7,8,13,1,120,0
-2,0,23,1,120,0
-4,2,36,1,120,0
7,-5,41,1,120,0
3,-3,69,1,120,0
5,6,107,1,120,0
2,3,109,1,120,0
6,7,109,1,120,0
4,-6,111,1,120,0
3,4,113,1,120,0
4,5,118,1,120,0
1,2,119,1,120,0
7,9,5,1,120,0
-1,0,27,1,120,0
8,0,28,1,120,0
-4,3,37,1,120,0
6,-3,49,1,120,0
7,-6,49,1,120,0
2,-1,85,1,120,0
6,8,89,1,120,0
5,7,105,1,120,0
2,4,107,1,120,0
4,6,113,1,120,0
1,3,114,1,120,0
3,5,119,1,120,0
-3,3,45,1,120,0
5,-1,57,1,120,0
8,1,61,1,120,0
0,3,63,1,120,0
7,0,71,1,120,0
4,7,75,1,120,0
3,6,77,1,120,0
7,-7,89,1,120,0
5,8,96,1,120,0
3,-5,119,1,120,0
9,3,1,1,120,0
8,-1,36,1,120,0
2,6,36,1,120,0
-2,3,51,1,120,0
8,2,58,1,120,0
7,1,66,1,120,0
3,7,69,1,120,0
4,8,71,1,120,0
6,0,79,1,120,0
7,-8,87,1,120,0
-1,-1,104,1,120,0
3,-6,112,1,120,0
-9,1,3,1,120,0
-5,7,4,1,120,0
1,6,29,1,120,0
8,-2,34,1,120,0
8,3,47,1,120,0
7,2,53,1,120,0
5,-3,57,1,120,0
-1,3,57,1,120,0
2,7,59,1,120,0
3,8,66,1,120,0
2,-4,77,1,120,0
6,1,89,1,120,0
1,-1,91,1,120,0
-1,-2,101,1,120,0
3,-7,106,1,120,0
-3,6,5,1,120,0
-8,1,9,1,120,0
8,4,11,1,120,0
-4,7,16,1,120,0
0,6,23,1,120,0
8,-3,23,1,120,0
7,3,51,1,120,0
1,7,55,1,120,0
2,8,62,1,120,0
4,0,66,1,120,0
4,-1,73,1,120,0
5,1,85,1,120,0
6,2,96,1,120,0
6,-7,98,1,120,0
2,-5,119,1,120,0
-2,6,11,1,120,0
-4,8,14,1,120,0
-7,1,15,1,120,0
-3,7,24,1,120,0
8,5,31,1,120,0
7,4,43,1,120,0
7,-1,44,1,120,0
0,7,46,1,120,0
1,8,54,1,120,0
4,-2,68,1,120,0
4,1,72,1,120,0
2,-6,89,1,120,0
3,0,92,1,120,0
6,3,104,1,120,0
5,2,111,1,120,0
-5,0,4,1,121,0
-1,6,17,1,121,0
-6,1,21,1,121,0
8,6,27,1,121,0
-2,7,29,1,121,0
7,5,35,1,121,0
7,-2,39,1,121,0
4,-3,63,1,121,0
3,1,91,1,121,0
2,0,94,1,121,0
5,3,105,1,121,0
0,-1,108,1,121,0
5,-6,108,1,121,0
4,2,118,1,121,0
-4,0,9,1,121,0
-5,1,24,1,121,0
7,6,26,1,121,0
6,5,28,1,121,0
-2,8,31,1,121,0
5,4,35,1,121,0
-1,7,39,1,121,0
7,-3,43,1,121,0
4,3,44,1,121,0
8,-6,45,1,121,0
3,-1,79,1,121,0
2,1,97,1,121,0
8,7,98,1,121,0
0,-2,99,1,121,0
5,-7,103,1,121,0
3,2,119,1,121,0
1,0,121,1,121,0
-3,0,17,1,121,0
8,8,12,1,121,0
-5,2,29,1,121,0
7,-4,34,1,121,0
-1,8,35,1,121,0
6,-1,49,1,121,0
5,5,102,1,121,0
7,7,106,1,121,0
4,4,111,1,121,0
0,0,119,1,121,0
4,-5,118,1,121,0
3,3,119,1,121,0
6,6,119,1,121,0
7,8,13,1,121,0
-2,0,23,1,121,0
-4,2,36,1,121,0
7,-5,41,1,121,0
3,-3,69,1,121,0
5,6,107,1,121,0
2,3,109,1,121,0
6,7,109,1,121,0
4,-6,111,1,121,0
3,4,113,1,121,0
4,5,118,1,121,0
1,2,119,1,121,0
0,1,119,1,121,0
7,9,5,1,121,0
-1,0,27,1,121,0
8,0,28,1,121,0
-4,3,37,1,121,0
6,-3,49,1,121,0
7,-6,49,1,121,0
2,-1,85,1,121,0
6,8,89,1,121,0
5,7,105,1,121,0
2,4,107,1,121,0
4,6,113,1,121,0
1,3,114,1,121,0
3,5,119,1,121,0
-3,3,45,1,121,0
5,-1,57,1,121,0
8,1,61,1,121,0
0,3,63,1,121,0
7,0,71,1,121,0
4,7,75,1,121,0
3,6,77,1,121,0
7,-7,89,1,121,0
5,8,96,1,121,0
3,-5,119,1,121,0
9,3,1,1,121,0
8,-1,36,1,121,0
2,6,36,1,121,0
-2,3,51,1,121,0
8,2,58,1,121,0
7,1,66,1,121,0
3,7,69,1,121,0
4,8,71,1,121,0
6,0,79,1,121,0
7,-8,87,1,121,0
-1,-1,104,1,121,0
3,-6,112,1,121,0
-9,1,3,1,121,0
-5,7,4,1,121,0
1,6,29,1,121,0
8,-2,34,1,121,0
8,3,47,1,121,0
7,2,53,1,121,0
5,-3,57,1,121,0
-1,3,57,1,121,0
2,7,59,1,121,0
3,8,66,1,121,0
2,-4,77,1,121,0
6,1,89,1,121,0
1,-1,91,1,121,0
-1,-2,101,1,121,0
3,-7,106,1,121,0
-3,6,5,1,121,0
-8,1,9,1,121,0
8,4,11,1,121,0
-4,7,16,1,121,0
0,6,23,1,121,0
8,-3,23,1,121,0
7,3,51,1,121,0
1,7,55,1,121,0
2,8,62,1,121,0
4,0,66,1,121,0
4,-1,73,1,121,0
5,1,85,1,121,0
6,2,96,1,121,0
6,-7,98,1,121,0
2,-5,119,1,121,0
-2,6,11,1,121,0
-4,8,14,1,121,0
-7,1,15,1,121,0
-3,7,24,1,121,0
8,5,31,1,121,0
7,4,43,1,121,0
7,-1,44,1,121,0
0,7,46,1,121,0
1,8,54,1,121,0
4,-2,68,1,121,0
4,1,72,1,121,0
2,-6,89,1,121,0
3,0,92,1,121,0
6,3,104,1,121,0
5,2,111,1,121,0
-5,0,4,1,122,0
-1,6,17,1,122,0
-6,1,21,1,122,0
8,6,27,1,122,0
-2,7,29,1,122,0
7,5,35,1,122,0
7,-2,39,1,122,0
4,-3,63,1,122,0
2,0,94,1,122,0
5,3,105,1,122,0
0,-1,108,1,122,0
5,-6,108,1,122,0
4,2,118,1,122,0
3,1,121,1,122,0
-4,0,9,1,122,0
-5,1,24,1,122,0
7,6,26,1,122,0
6,5,28,1,122,0
-2,8,31,1,122,0
5,4,35,1,122,0
-1,7,39,1,122,0
7,-3,43,1,122,0
4,3,44,1,122,0
8,-6,45,1,122,0
3,-1,79,1,122,0
2,1,97,1,122,0
8,7,98,1,122,0
0,-2,99,1,122,0
5,-7,103,1,122,0
3,2,119,1,122,0
1,0,122,1,122,0
-3,0,17,1,122,0
8,8,12,1,122,0
-5,2,29,1,122,0
7,-4,34,1,122,0
-1,8,35,1,122,0
6,-1,49,1,122,0
5,5,102,1,122,0
7,7,106,1,122,0
4,4,111,1,122,0
0,0,119,1,122,0
4,-5,118,1,122,0
3,3,119,1,122,0
6,6,121,1,122,0
7,8,13,1,122,0
-2,0,23,1,122,0
-4,2,36,1,122,0
7,-5,41,1,122,0
3,-3,69,1,122,0
5,6,107,1,122,0
6,7,109,1,122,0
4,-6,111,1,122,0
4,5,118,1,122,0
0,1,121,1,122,0
1,2,121,1,122,0
2,3,121,1,122,0
3,4,121,1,122,0
7,9,5,1,122,0
-1,0,27,1,122,0
8,0,28,1,122,0
-4,3,37,1,122,0
6,-3,49,1,122,0
7,-6,49,1,122,0
2,-1,85,1,122,0
6,8,89,1,122,0
5,7,105,1,122,0
2,4,107,1,122,0
4,6,113,1,122,0
1,3,114,1,122,0
3,5,119,1,122,0
3,-4,121,1,122,0
-3,3,45,1,122,0
5,-1,57,1,122,0
8,1,61,1,122,0
0,3,63,1,122,0
7,0,71,1,122,0
4,7,75,1,122,0
3,6,77,1,122,0
7,-7,89,1,122,0
5,8,96,1,122,0
3,-5,119,1,122,0
9,3,1,1,122,0
8,-1,36,1,122,0
2,6,36,1,122,0
-2,3,51,1,122,0
8,2,58,1,122,0
7,1,66,1,122,0
3,7,69,1,122,0
4,8,71,1,122,0
6,0,79,1,122,0
7,-8,87,1,122,0
-1,-1,104,1,122,0
3,-6,112,1,122,0
-9,1,3,1,122,0
-5,7,4,1,122,0
1,6,29,1,122,0
8,-2,34,1,122,0
8,3,47,1,122,0
7,2,53,1,122,0
5,-3,57,1,122,0
-1,3,57,1,122,0
2,7,59,1,122,0
3,8,66,1,122,0
6,1,89,1,122,0
1,-1,91,1,122,0
-1,-2,101,1,122,0
3,-7,106,1,122,0
2,-4,121,1,122,0
-3,6,5,1,122,0
-8,1,9,1,122,0
8,4,11,1,122,0
-4,7,16,1,122,0
0,6,23,1,122,0
8,-3,23,1,122,0
7,3,51,1,122,0
1,7,55,1,122,0
2,8,62,1,122,0
4,0,66,1,122,0
4,-1,73,1,122,0
5,1,85,1,122,0
6,2,96,1,122,0
6,-7,98,1,122,0
2,-5,119,1,122,0
-2,6,11,1,122,0
-4,8,14,1,122,0
-7,1,15,1,122,0
-3,7,24,1,122,0
8,5,31,1,122,0
7,4,43,1,122,0
7,-1,44,1,122,0
0,7,46,1,122,0
1,8,54,1,122,0
4,-2,68,1,122,0
4,1,72,1,122,0
2,-6,89,1,122,0
3,0,92,1,122,0
6,3,104,1,122,0
5,2,111,1,122,0
-5,0,4,1,123,0
-1,6,17,1,123,0
-6,1,21,1,123,0
8,6,27,1,123,0
-2,7,29,1,123,0
7,5,35,1,123,0
7,-2,39,1,123,0
4,-3,63,1,123,0
2,0,94,1,123,0
5,3,105,1,123,0
0,-1,108,1,123,0
5,-6,108,1,123,0
4,2,118,1,123,0
3,1,122,1,123,0
-4,0,9,1,123,0
-5,1,24,1,123,0
7,6,26,1,123,0
6,5,28,1,123,0
-2,8,31,1,123,0
5,4,35,1,123,0
-1,7,39,1,123,0
7,-3,43,1,123,0
4,3,44,1,123,0
8,-6,45,1,123,0
3,-1,79,1,123,0
2,1,97,1,123,0
8,7,98,1,123,0
0,-2,99,1,123,0
5,-7,103,1,123,0
3,2,119,1,123,0
1,0,123,1,123,0
-3,0,17,1,123,0
8,8,12,1,123,0
-5,2,29,1,123,0
7,-4,34,1,123,0
-1,8,35,1,123,0
6,-1,49,1,123,0
5,5,102,1,123,0
7,7,106,1,123,0
4,4,111,1,123,0
0,0,119,1,123,0
4,-5,118,1,123,0
3,3,119,1,123,0
1,1,122,1,123,0
2,2,122,1,123,0
6,6,122,1,123,0
7,8,13,1,123,0
-2,0,23,1,123,0
-4,2,36,1,123,0
7,-5,41,1,123,0
3,-3,69,1,123,0
5,6,107,1,123,0
6,7,109,1,123,0
4,-6,111,1,123,0
4,5,118,1,123,0
1,2,121,1,123,0
2,3,121,1,123,0
0,1,122,1,123,0
3,4,122,1,123,0
7,9,5,1,123,0
-1,0,27,1,123,0
8,0,28,1,123,0
-4,3,37,1,123,0
6,-3,49,1,123,0
7,-6,49,1,123,0
2,-1,85,1,123,0
6,8,89,1,123,0
5,7,105,1,123,0
2,4,107,1,123,0
4,6,113,1,123,0
1,3,114,1,123,0
3,5,119,1,123,0
3,-4,122,1,123,0
-3,3,45,1,123,0
5,-1,57,1,123,0
8,1,61,1,123,0
0,3,63,1,123,0
7,0,71,1,123,0
4,7,75,1,123,0
3,6,77,1,123,0
7,-7,89,1,123,0
5,8,96,1,123,0
3,-5,119,1,123,0
9,3,1,1,123,0
8,-1,36,1,123,0
2,6,36,1,123,0
-2,3,51,1,123,0
8,2,58,1,123,0
7,1,66,1,123,0
3,7,69,1,123,0
4,8,71,1,123,0
6,0,79,1,123,0
7,-8,87,1,123,0
-1,-1,104,1,123,0
3,-6,112,1,123,0
-9,1,3,1,123,0
-5,7,4,1,123,0
1,6,29,1,123,0
8,-2,34,1,123,0
8,3,47,1,123,0
7,2,53,1,123,0
5,-3,57,1,123,0
-1,3,57,1,123,0
2,7,59,1,123,0
3,8,66,1,123,0
6,1,89,1,123,0
1,-1,91,1,123,0
-1,-2,101,1,123,0
3,-7,106,1,123,0
2,-4,122,1,123,0
-3,6,5,1,123,0
-8,1,9,1,123,0
8,4,11,1,123,0
-4,7,16,1,123,0
0,6,23,1,123,0
8,-3,23,1,123,0
7,3,51,1,123,0
1,7,55,1,123,0
2,8,62,1,123,0
4,0,66,1,123,0
4,-1,73,1,123,0
5,1,85,1,123,0
6,2,96,1,123,0
6,-7,98,1,123,0
2,-5,119,1,123,0
-2,6,11,1,123,0
-4,8,14,1,123,0
-7,1,15,1,123,0
-3,7,24,1,123,0
8,5,31,1,123,0
7,4,43,1,123,0
7,-1,44,1,123,0
0,7,46,1,123,0
1,8,54,1,123,0
4,-2,68,1,123,0
4,1,72,1,123,0
2,-6,89,1,123,0
3,0,92,1,123,0
6,3,104,1,123,0
5,2,111,1,123,0
-5,0,4,1,124,0
-1,6,17,1,124,0
-6,1,21,1,124,0
8,6,27,1,124,0
-2,7,29,1,124,0
7,5,35,1,124,0
7,-2,39,1,124,0
4,-3,63,1,124,0
2,0,94,1,124,0
5,3,105,1,124,0
0,-1,108,1,124,0
5,-6,108,1,124,0
4,2,118,1,124,0
3,1,123,1,124,0
-4,0,9,1,124,0
-5,1,24,1,124,0
7,6,26,1,124,0
6,5,28,1,124,0
-2,8,31,1,124,0
5,4,35,1,124,0
-1,7,39,1,124,0
7,-3,43,1,124,0
4,3,44,1,124,0
8,-6,45,1,124,0
3,-1,79,1,124,0
2,1,97,1,124,0
8,7,98,1,124,0
0,-2,99,1,124,0
5,-7,103,1,124,0
3,2,119,1,124,0
1,0,124,1,124,0
-3,0,17,1,124,0
8,8,12,1,124,0
-5,2,29,1,124,0
7,-4,34,1,124,0
-1,8,35,1,124,0
6,-1,49,1,124,0
5,5,102,1,124,0
7,7,106,1,124,0
4,4,111,1,124,0
0,0,119,1,124,0
4,-5,118,1,124,0
3,3,119,1,124,0
1,1,123,1,124,0
2,2,123,1,124,0
6,6,123,1,124,0
7,8,13,1,124,0
-2,0,23,1,124,0
-4,2,36,1,124,0
7,-5,41,1,124,0
3,-3,69,1,124,0
5,6,107,1,124,0
6,7,109,1,124,0
4,-6,111,1,124,0
4,5,118,1,124,0
1,2,121,1,124,0
2,3,121,1,124,0
0,1,123,1,124,0
3,4,123,1,124,0
7,9,5,1,124,0
-1,0,27,1,124,0
8,0,28,1,124,0
-4,3,37,1,124,0
6,-3,49,1,124,0
7,-6,49,1,124,0
2,-1,85,1,124,0
6,8,89,1,124,0
5,7,105,1,124,0
2,4,107,1,124,0
4,6,113,1,124,0
1,3,114,1,124,0
3,5,119,1,124,0
3,-4,123,1,124,0
-3,3,45,1,124,0
5,-1,57,1,124,0
8,1,61,1,124,0
0,3,63,1,124,0
7,0,71,1,124,0
4,7,75,1,124,0
3,6,77,1,124,0
7,-7,89,1,124,0
5,8,96,1,124,0
3,-5,119,1,124,0
9,3,1,1,124,0
8,-1,36,1,124,0
2,6,36,1,124,0
-2,3,51,1,124,0
8,2,58,1,124,0
7,1,66,1,124,0
3,7,69,1,124,0
4,8,71,1,124,0
6,0,79,1,124,0
7,-8,87,1,124,0
-1,-1,104,1,124,0
3,-6,112,1,124,0
-9,1,3,1,124,0
-5,7,4,1,124,0
1,6,29,1,124,0
8,-2,34,1,124,0
8,3,47,1,124,0
7,2,53,1,124,0
5,-3,57,1,124,0
-1,3,57,1,124,0
2,7,59,1,124,0
3,8,66,1,124,0
6,1,89,1,124,0
1,-1,91,1,124,0
-1,-2,101,1,124,0
3,-7,106,1,124,0
2,-4,123,1,124,0
-3,6,5,1,124,0
-8,1,9,1,124,0
8,4,11,1,124,0
-4,7,16,1,124,0
0,6,23,1,124,0
8,-3,23,1,124,0
7,3,51,1,124,0
1,7,55,1,124,0
2,8,62,1,124,0
4,0,66,1,124,0
4,-1,73,1,124,0
5,1,85,1,124,0
6,2,96,1,124,0
6,-7,98,1,124,0
2,-5,119,1,124,0
-2,6,11,1,124,0
-4,8,14,1,124,0
-7,1,15,1,124,0
-3,7,24,1,124,0
8,5,31,1,124,0
7,4,43,1,124,0
7,-1,44,1,124,0
0,7,46,1,124,0
1,8,54,1,124,0
4,-2,68,1,124,0
4,1,72,1,124,0
2,-6,89,1,124,0
3,0,92,1,124,0
6,3,104,1,124,0
5,2,111,1,124,0
-5,0,4,1,125,0
-1,6,17,1,125,0
-6,1,21,1,125,0
8,6,27,1,125,0
-2,7,29,1,125,0
7,5,35,1,125,0
7,-2,39,1,125,0
4,-3,63,1,125,0
2,0,94,1,125,0
5,3,105,1,125,0
0,-1,108,1,125,0
5,-6,108,1,125,0
4,2,118,1,125,0
3,1,124,1,125,0
-4,0,9,1,125,0
-5,1,24,1,125,0
7,6,26,1,125,0
6,5,28,1,125,0
-2,8,31,1,125,0
5,4,35,1,125,0
-1,7,39,1,125,0
7,-3,43,1,125,0
4,3,44,1,125,0
8,-6,45,1,125,0
3,-1,79,1,125,0
2,1,97,1,125,0
8,7,98,1,125,0
0,-2,99,1,125,0
5,-7,103,1,125,0
3,2,119,1,125,0
1,0,125,1,125,0
-3,0,17,1,125,0
8,8,12,1,125,0
-5,2,29,1,125,0
7,-4,34,1,125,0
-1,8,35,1,125,0
6,-1,49,1,125,0
5,5,102,1,125,0
7,7,106,1,125,0
4,4,111,1,125,0
0,0,119,1,125,0
4,-5,118,1,125,0
3,3,119,1,125,0
1,1,124,1,125,0
2,2,124,1,125,0
6,6,124,1,125,0
7,8,13,1,125,0
-2,0,23,1,125,0
-4,2,36,1,125,0
7,-5,41,1,125,0
3,-3,69,1,125,0
5,6,107,1,125,0
6,7,109,1,125,0
4,-6,111,1,125,0
4,5,118,1,125,0
1,2,121,1,125,0
2,3,121,1,125,0
0,1,124,1,125,0
3,4,124,1,125,0
7,9,5,1,125,0
-1,0,27,1,125,0
8,0,28,1,125,0
-4,3,37,1,125,0
6,-3,49,1,125,0
7,-6,49,1,125,0
2,-1,85,1,125,0
6,8,89,1,125,0
5,7,105,1,125,0
2,4,107,1,125,0
4,6,113,1,125,0
1,3,114,1,125,0
3,5,119,1,125,0
3,-4,124,1,125,0
-3,3,45,1,125,0
5,-1,57,1,125,0
8,1,61,1,125,0
0,3,63,1,125,0
7,0,71,1,125,0
4,7,75,1,125,0
3,6,77,1,125,0
7,-7,89,1,125,0
5,8,96,1,125,0
3,-5,119,1,125,0
9,3,1,1,125,0
8,-1,36,1,125,0
2,6,36,1,125,0
-2,3,51,1,125,0
8,2,58,1,125,0
7,1,66,1,125,0
3,7,69,1,125,0
4,8,71,1,125,0
6,0,79,1,125,0
7,-8,87,1,125,0
-1,-1,104,1,125,0
3,-6,112,1,125,0
-9,1,3,1,125,0
-5,7,4,1,125,0
1,6,29,1,125,0
8,-2,34,1,125,0
8,3,47,1,125,0
7,2,53,1,125,0
5,-3,57,1,125,0
-1,3,57,1,125,0
2,7,59,1,125,0
3,8,66,1,125,0
6,1,89,1,125,0
1,-1,91,1,125,0
-1,-2,101,1,125,0
3,-7,106,1,125,0
2,-4,124,1,125,0
-3,6,5,1,125,0
-8,1,9,1,125,0
8,4,11,1,125,0
-4,7,16,1,125,0
0,6,23,1,125,0
8,-3,23,1,125,0
7,3,51,1,125,0
1,7,55,1,125,0
2,8,62,1,125,0
4,0,66,1,125,0
4,-1,73,1,125,0
5,1,85,1,125,0
6,2,96,1,125,0
6,-7,98,1,125,0
2,-5,119,1,125,0
-2,6,11,1,125,0
-4,8,14,1,125,0
-7,1,15,1,125,0
-3,7,24,1,125,0
8,5,31,1,125,0
7,4,43,1,125,0
7,-1,44,1,125,0
0,7,46,1,125,0
1,8,54,1,125,0
4,-2,68,1,125,0
4,1,72,1,125,0
2,-6,89,1,125,0
3,0,92,1,125,0
6,3,104,1,125,0
5,2,111,1,125,0
-5,0,4,1,126,0
-1,6,17,1,126,0
-6,1,21,1,126,0
8,6,27,1,126,0
-2,7,29,1,126,0
7,5,35,1,126,0
7,-2,39,1,126,0
4,-3,63,1,126,0
2,0,94,1,126,0
5,3,105,1,126,0
0,-1,108,1,126,0
5,-6,108,1,126,0
4,2,118,1,126,0
3,1,125,1,126,0
-4,0,9,1,126,0
-5,1,24,1,126,0
7,6,26,1,126,0
-2,8,31,1,126,0
5,4,35,1,126,0
-1,7,39,1,126,0
7,-3,43,1,126,0
4,3,44,1,126,0
8,-6,45,1,126,0
3,-1,79,1,126,0
2,1,97,1,126,0
8,7,98,1,126,0
0,-2,99,1,126,0
5,-7,103,1,126,0
3,2,119,1,126,0
1,0,126,1,126,0
6,5,125,1,126,0
-3,0,17,1,126,0
8,8,12,1,126,0
-5,2,29,1,126,0
7,-4,34,1,126,0
-1,8,35,1,126,0
6,-1,49,1,126,0
5,5,102,1,126,0
7,7,106,1,126,0
4,4,111,1,126,0
0,0,119,1,126,0
4,-5,118,1,126,0
3,3,119,1,126,0
1,1,124,1,126,0
6,6,124,1,126,0
2,2,125,1,126,0
7,8,13,1,126,0
-2,0,23,1,126,0
-4,2,36,1,126,0
7,-5,41,1,126,0
3,-3,69,1,126,0
5,6,107,1,126,0
6,7,109,1,126,0
4,-6,111,1,126,0
4,5,118,1,126,0
1,2,121,1,126,0
2,3,121,1,126,0
0,1,125,1,126,0
3,4,125,1,126,0
7,9,5,1,126,0
-1,0,27,1,126,0
8,0,28,1,126,0
-4,3,37,1,126,0
6,-3,49,1,126,0
7,-6,49,1,126,0
2,-1,85,1,126,0
6,8,89,1,126,0
5,7,105,1,126,0
2,4,107,1,126,0
4,6,113,1,126,0
1,3,114,1,126,0
3,5,119,1,126,0
3,-4,125,1,126,0
-3,3,45,1,126,0
5,-1,57,1,126,0
8,1,61,1,126,0
0,3,63,1,126,0
7,0,71,1,126,0
4,7,75,1,126,0
3,6,77,1,126,0
7,-7,89,1,126,0
5,8,96,1,126,0
3,-5,119,1,126,0
9,3,1,1,126,0
8,-1,36,1,126,0
2,6,36,1,126,0
-2,3,51,1,126,0
8,2,58,1,126,0
7,1,66,1,126,0
3,7,69,1,126,0
4,8,71,1,126,0
6,0,79,1,126,0
7,-8,87,1,126,0
-1,-1,104,1,126,0
3,-6,112,1,126,0
-9,1,3,1,126,0
-5,7,4,1,126,0
1,6,29,1,126,0
8,-2,34,1,126,0
8,3,47,1,126,0
7,2,53,1,126,0
5,-3,57,1,126,0
-1,3,57,1,126,0
2,7,59,1,126,0
3,8,66,1,126,0
6,1,89,1,126,0
1,-1,91,1,126,0
-1,-2,101,1,126,0
3,-7,106,1,126,0
2,-4,125,1,126,0
-3,6,5,1,126,0
-8,1,9,1,126,0
8,4,11,1,126,0
-4,7,16,1,126,0
0,6,23,1,126,0
8,-3,23,1,126,0
7,3,51,1,126,0
1,7,55,1,126,0
2,8,62,1,126,0
4,0,66,1,126,0
4,-1,73,1,126,0
5,1,85,1,126,0
6,2,96,1,126,0
6,-7,98,1,126,0
2,-5,119,1,126,0
-2,6,11,1,126,0
-4,8,14,1,126,0
-7,1,15,1,126,0
-3,7,24,1,126,0
8,5,31,1,126,0
7,4,43,1,126,0
7,-1,44,1,126,0
0,7,46,1,126,0
1,8,54,1,126,0
4,-2,68,1,126,0
4,1,72,1,126,0
2,-6,89,1,126,0
3,0,92,1,126,0
6,3,104,1,126,0
5,2,111,1,126,0
-5,0,4,1,127,0
-1,6,17,1,127,0
-6,1,21,1,127,0
8,6,27,1,127,0
-2,7,29,1,127,0
7,5,35,1,127,0
7,-2,39,1,127,0
4,-3,63,1,127,0
2,0,94,1,127,0
5,3,105,1,127,0
0,-1,108,1,127,0
5,-6,108,1,127,0
4,2,118,1,127,0
3,1,125,1,127,0
-4,0,9,1,127,0
-5,1,24,1,127,0
7,6,26,1,127,0
-2,8,31,1,127,0
5,4,35,1,127,0
-1,7,39,1,127,0
7,-3,43,1,127,0
4,3,44,1,127,0
8,-6,45,1,127,0
3,-1,79,1,127,0
8,7,98,1,127,0
0,-2,99,1,127,0
5,-7,103,1,127,0
3,2,119,1,127,0
1,0,127,1,127,0
6,5,125,1,127,0
2,1,126,1,127,0
-3,0,17,1,127,0
8,8,12,1,127,0
-5,2,29,1,127,0
7,-4,34,1,127,0
-1,8,35,1,127,0
6,-1,49,1,127,0
7,7,106,1,127,0
4,4,111,1,127,0
0,0,119,1,127,0
4,-5,118,1,127,0
3,3,119,1,127,0
1,1,124,1,127,0
6,6,124,1,127,0
2,2,126,1,127,0
5,5,126,1,127,0
7,8,13,1,127,0
-2,0,23,1,127,0
-4,2,36,1,127,0
7,-5,41,1,127,0
3,-3,69,1,127,0
5,6,107,1,127,0
6,7,109,1,127,0
4,-6,111,1,127,0
4,5,118,1,127,0
1,2,121,1,127,0
2,3,121,1,127,0
3,4,125,1,127,0
0,1,126,1,127,0
7,9,5,1,127,0
-1,0,27,1,127,0
8,0,28,1,127,0
-4,3,37,1,127,0
6,-3,49,1,127,0
7,-6,49,1,127,0
2,-1,85,1,127,0
6,8,89,1,127,0
5,7,105,1,127,0
2,4,107,1,127,0
4,6,113,1,127,0
1,3,114,1,127,0
3,5,119,1,127,0
3,-4,126,1,127,0
-3,3,45,1,127,0
5,-1,57,1,127,0
8,1,61,1,127,0
0,3,63,1,127,0
7,0,71,1,127,0
4,7,75,1,127,0
3,6,77,1,127,0
7,-7,89,1,127,0
5,8,96,1,127,0
3,-5,119,1,127,0
9,3,1,1,127,0
8,-1,36,1,127,0
2,6,36,1,127,0
-2,3,51,1,127,0
8,2,58,1,127,0
7,1,66,1,127,0
3,7,69,1,127,0
4,8,71,1,127,0
6,0,79,1,127,0
7,-8,87,1,127,0
-1,-1,104,1,127,0
3,-6,112,1,127,0
-9,1,3,1,127,0
-5,7,4,1,127,0
1,6,29,1,127,0
8,-2,34,1,127,0
8,3,47,1,127,0
7,2,53,1,127,0
5,-3,57,1,127,0
-1,3,57,1,127,0
2,7,59,1,127,0
3,8,66,1,127,0
6,1,89,1,127,0
1,-1,91,1,127,0
-1,-2,101,1,127,0
3,-7,106,1,127,0
2,-4,126,1,127,0
-3,6,5,1,127,0
-8,1,9,1,127,0
8,4,11,1,127,0
-4,7,16,1,127,0
0,6,23,1,127,0
8,-3,23,1,127,0
7,3,51,1,127,0
1,7,55,1,127,0
2,8,62,1,127,0
4,0,66,1,127,0
4,-1,73,1,127,0
5,1,85,1,127,0
6,2,96,1,127,0
6,-7,98,1,127,0
2,-5,119,1,127,0
-2,6,11,1,127,0
-4,8,14,1,127,0
-7,1,15,1,127,0
-3,7,24,1,127,0
8,5,31,1,127,0
7,4,43,1,127,0
7,-1,44,1,127,0
0,7,46,1,127,0
1,8,54,1,127,0
4,-2,68,1,127,0
4,1,72,1,127,0
2,-6,89,1,127,0
3,0,92,1,127,0
6,3,104,1,127,0
5,2,111,1,127,0
-5,0,4,1,128,0
-1,6,17,1,128,0
-6,1,21,1,128,0
8,6,27,1,128,0
-2,7,29,1,128,0
7,5,35,1,128,0
7,-2,39,1,128,0
4,-3,63,1,128,0
2,0,94,1,128,0
5,3,105,1,128,0
0,-1,108,1,128,0
5,-6,108,1,128,0
4,2,118,1,128,0
3,1,125,1,128,0
-4,0,9,1,128,0
-5,1,24,1,128,0
7,6,26,1,128,0
-2,8,31,1,128,0
5,4,35,1,128,0
-1,7,39,1,128,0
7,-3,43,1,128,0
4,3,44,1,128,0
8,-6,45,1,128,0
3,-1,79,1,128,0
8,7,98,1,128,0
0,-2,99,1,128,0
5,-7,103,1,128,0
3,2,119,1,128,0
1,0,128,1,128,0
6,5,125,1,128,0
2,1,127,1,128,0
-3,0,17,1,128,0
8,8,12,1,128,0
-5,2,29,1,128,0
7,-4,34,1,128,0
-1,8,35,1,128,0
6,-1,49,1,128,0
7,7,106,1,128,0
4,4,111,1,128,0
0,0,119,1,128,0
4,-5,118,1,128,0
3,3,119,1,128,0
1,1,124,1,128,0
6,6,124,1,128,0
2,2,127,1,128,0
5,5,127,1,128,0
7,8,13,1,128,0
-2,0,23,1,128,0
-4,2,36,1,128,0
7,-5,41,1,128,0
3,-3,69,1,128,0
5,6,107,1,128,0
6,7,109,1,128,0
4,-6,111,1,128,0
4,5,118,1,128,0
1,2,121,1,128,0
2,3,121,1,128,0
0,1,127,1,128,0
3,4,127,1,128,0
7,9,5,1,128,0
-1,0,27,1,128,0
8,0,28,1,128,0
-4,3,37,1,128,0
6,-3,49,1,128,0
7,-6,49,1,128,0
2,-1,85,1,128,0
6,8,89,1,128,0
5,7,105,1,128,0
2,4,107,1,128,0
4,6,113,1,128,0
1,3,114,1,128,0
3,5,119,1,128,0
3,-4,127,1,128,0
-3,3,45,1,128,0
5,-1,57,1,128,0
8,1,61,1,128,0
0,3,63,1,128,0
7,0,71,1,128,0
4,7,75,1,128,0
3,6,77,1,128,0
7,-7,89,1,128,0
5,8,96,1,128,0
3,-5,119,1,128,0
9,3,1,1,128,0
8,-1,36,1,128,0
2,6,36,1,128,0
-2,3,51,1,128,0
8,2,58,1,128,0
7,1,66,1,128,0
3,7,69,1,128,0
4,8,71,1,128,0
6,0,79,1,128,0
7,-8,87,1,128,0
-1,-1,104,1,128,0
3,-6,112,1,128,0
-1,2,127,1,128,0
2,-3,127,1,128,0
-9,1,3,1,128,0
-5,7,4,1,128,0
1,6,29,1,128,0
8,-2,34,1,128,0
8,3,47,1,128,0
7,2,53,1,128,0
5,-3,57,1,128,0
-1,3,57,1,128,0
2,7,59,1,128,0
3,8,66,1,128,0
6,1,89,1,128,0
1,-1,91,1,128,0
-1,-2,101,1,128,0
3,-7,106,1,128,0
2,-4,126,1,128,0
-3,6,5,1,128,0
-8,1,9,1,128,0
8,4,11,1,128,0
-4,7,16,1,128,0
0,6,23,1,128,0
8,-3,23,1,128,0
7,3,51,1,128,0
1,7,55,1,128,0
2,8,62,1,128,0
4,0,66,1,128,0
4,-1,73,1,128,0
5,1,85,1,128,0
6,2,96,1,128,0
6,-7,98,1,128,0
2,-5,119,1,128,0
-2,6,11,1,128,0
-4,8,14,1,128,0
-7,1,15,1,128,0
-3,7,24,1,128,0
8,5,31,1,128,0
7,4,43,1,128,0
7,-1,44,1,128,0
0,7,46,1,128,0
1,8,54,1,128,0
4,-2,68,1,128,0
4,1,72,1,128,0
2,-6,89,1,128,0
3,0,92,1,128,0
6,3,104,1,128,0
5,2,111,1,128,0
-5,0,4,1,129,0
-1,6,17,1,129,0
-6,1,21,1,129,0
8,6,27,1,129,0
-2,7,29,1,129,0
7,5,35,1,129,0
7,-2,39,1,129,0
4,-3,63,1,129,0
2,0,94,1,129,0
5,3,105,1,129,0
0,-1,108,1,129,0
5,-6,108,1,129,0
4,2,118,1,129,0
3,1,125,1,129,0
-4,0,9,1,129,0
-5,1,24,1,129,0
7,6,26,1,129,0
-2,8,31,1,129,0
5,4,35,1,129,0
-1,7,39,1,129,0
7,-3,43,1,129,0
4,3,44,1,129,0
8,-6,45,1,129,0
3,-1,79,1,129,0
8,7,98,1,129,0
0,-2,99,1,129,0
5,-7,103,1,129,0
3,2,119,1,129,0
1,0,128,1,129,0
6,5,125,1,129,0
2,1,128,1,129,0
-3,0,17,1,129,0
8,8,12,1,129,0
-5,2,29,1,129,0
7,-4,34,1,129,0
-1,8,35,1,129,0
6,-1,49,1,129,0
7,7,106,1,129,0
4,4,111,1,129,0
0,0,119,1,129,0
4,-5,118,1,129,0
3,3,119,1,129,0
1,1,124,1,129,0
6,6,124,1,129,0
5,5,127,1,129,0
2,2,128,1,129,0
7,8,13,1,129,0
-2,0,23,1,129,0
-4,2,36,1,129,0
7,-5,41,1,129,0
5,6,107,1,129,0
6,7,109,1,129,0
4,-6,111,1,129,0
4,5,118,1,129,0
1,2,121,1,129,0
2,3,121,1,129,0
0,1,128,1,129,0
3,4,128,1,129,0
3,-3,128,1,129,0
7,9,5,1,129,0
-1,0,27,1,129,0
8,0,28,1,129,0
-4,3,37,1,129,0
6,-3,49,1,129,0
7,-6,49,1,129,0
2,-1,85,1,129,0
6,8,89,1,129,0
5,7,105,1,129,0
2,4,107,1,129,0
4,6,113,1,129,0
1,3,114,1,129,0
3,5,119,1,129,0
3,-4,127,1,129,0
-3,3,45,1,129,0
5,-1,57,1,129,0
8,1,61,1,129,0
0,3,63,1,129,0
7,0,71,1,129,0
4,7,75,1,129,0
3,6,77,1,129,0
7,-7,89,1,129,0
5,8,96,1,129,0
3,-5,119,1,129,0
9,3,1,1,129,0
8,-1,36,1,129,0
2,6,36,1,129,0
-2,3,51,1,129,0
8,2,58,1,129,0
7,1,66,1,129,0
3,7,69,1,129,0
4,8,71,1,129,0
6,0,79,1,129,0
7,-8,87,1,129,0
-1,-1,104,1,129,0
3,-6,112,1,129,0
-1,2,127,1,129,0
2,-3,128,1,129,0
-9,1,3,1,129,0
-5,7,4,1,129,0
1,6,29,1,129,0
8,-2,34,1,129,0
8,3,47,1,129,0
7,2,53,1,129,0
5,-3,57,1,129,0
-1,3,57,1,129,0
2,7,59,1,129,0
3,8,66,1,129,0
6,1,89,1,129,0
1,-1,129,1,129,0
-1,-2,101,1,129,0
3,-7,106,1,129,0
2,-4,126,1,129,0
-3,6,5,1,129,0
-8,1,9,1,129,0
8,4,11,1,129,0
-4,7,16,1,129,0
0,6,23,1,129,0
8,-3,23,1,129,0
7,3,51,1,129,0
1,7,55,1,129,0
2,8,62,1,129,0
4,0,66,1,129,0
4,-1,73,1,129,0
5,1,85,1,129,0
6,2,96,1,129,0
6,-7,98,1,129,0
2,-5,119,1,129,0
-2,6,11,1,129,0
-4,8,14,1,129,0
-7,1,15,1,129,0
-3,7,24,1,129,0
8,5,31,1,129,0
7,4,43,1,129,0
7,-1,44,1,129,0
0,7,46,1,129,0
1,8,54,1,129,0
4,-2,68,1,129,0
4,1,72,1,129,0
2,-6,89,1,129,0
3,0,92,1,129,0
6,3,104,1,129,0
5,2,111,1,129,0
-5,0,4,1,130,0
-1,6,17,1,130,0
-6,1,21,1,130,0
8,6,27,1,130,0
-2,7,29,1,130,0
7,5,35,1,130,0
7,-2,39,1,130,0
4,-3,63,1,130,0
2,0,94,1,130,0
5,3,105,1,130,0
0,-1,108,1,130,0
5,-6,108,1,130,0
4,2,118,1,130,0
3,1,125,1,130,0
-4,0,9,1,130,0
-5,1,24,1,130,0
7,6,26,1,130,0
-2,8,31,1,130,0
5,4,35,1,130,0
-1,7,39,1,130,0
7,-3,43,1,130,0
4,3,44,1,130,0
8,-6,45,1,130,0
3,-1,79,1,130,0
8,7,98,1,130,0
0,-2,99,1,130,0
5,-7,103,1,130,0
3,2,119,1,130,0
1,0,128,1,130,0
6,5,125,1,130,0
2,1,129,1,130,0
-3,0,17,1,130,0
8,8,12,1,130,0
-5,2,29,1,130,0
7,-4,34,1,130,0
-1,8,35,1,130,0
6,-1,49,1,130,0
7,7,106,1,130,0
4,4,111,1,130,0
0,0,119,1,130,0
4,-5,118,1,130,0
3,3,119,1,130,0
1,1,124,1,130,0
6,6,124,1,130,0
2,2,129,1,130,0
5,5,129,1,130,0
7,8,13,1,130,0
-2,0,23,1,130,0
-4,2,36,1,130,0
7,-5,41,1,130,0
5,6,107,1,130,0
6,7,109,1,130,0
4,-6,111,1,130,0
4,5,118,1,130,0
1,2,121,1,130,0
0,1,128,1,130,0
3,4,128,1,130,0
2,3,129,1,130,0
3,-3,129,1,130,0
7,9,5,1,130,0
-1,0,27,1,130,0
8,0,28,1,130,0
-4,3,37,1,130,0
6,-3,49,1,130,0
7,-6,49,1,130,0
2,-1,85,1,130,0
6,8,89,1,130,0
5,7,105,1,130,0
2,4,107,1,130,0
4,6,113,1,130,0
1,3,114,1,130,0
3,5,119,1,130,0
3,-4,127,1,130,0
-3,3,45,1,130,0
5,-1,57,1,130,0
8,1,61,1,130,0
0,3,63,1,130,0
7,0,71,1,130,0
4,7,75,1,130,0
3,6,77,1,130,0
7,-7,89,1,130,0
5,8,96,1,130,0
3,-5,119,1,130,0
9,3,1,1,130,0
8,-1,36,1,130,0
2,6,36,1,130,0
-2,3,51,1,130,0
8,2,58,1,130,0
7,1,66,1,130,0
3,7,69,1,130,0
4,8,71,1,130,0
6,0,79,1,130,0
7,-8,87,1,130,0
-1,-1,104,1,130,0
3,-6,112,1,130,0
2,-3,129,1,130,0
-1,2,128,1,130,0
-9,1,3,1,130,0
-5,7,4,1,130,0
1,6,29,1,130,0
8,-2,34,1,130,0
8,3,47,1,130,0
7,2,53,1,130,0
5,-3,57,1,130,0
-1,3,57,1,130,0
2,7,59,1,130,0
3,8,66,1,130,0
6,1,89,1,130,0
1,-1,129,1,130,0
-1,-2,101,1,130,0
3,-7,106,1,130,0
2,-4,126,1,130,0
-3,6,5,1,130,0
-8,1,9,1,130,0
8,4,11,1,130,0
-4,7,16,1,130,0
0,6,23,1,130,0
8,-3,23,1,130,0
7,3,51,1,130,0
1,7,55,1,130,0
2,8,62,1,130,0
4,0,66,1,130,0
4,-1,73,1,130,0
5,1,85,1,130,0
6,2,96,1,130,0
6,-7,98,1,130,0
2,-5,119,1,130,0
-2,6,11,1,130,0
-4,8,14,1,130,0
-7,1,15,1,130,0
-3,7,24,1,130,0
8,5,31,1,130,0
7,4,43,1,130,0
7,-1,44,1,130,0
0,7,46,1,130,0
1,8,54,1,130,0
4,-2,68,1,130,0
4,1,72,1,130,0
2,-6,89,1,130,0
3,0,92,1,130,0
6,3,104,1,130,0
5,2,111,1,130,0
-5,0,4,1,131,0
-1,6,17,1,131,0
-6,1,21,1,131,0
8,6,27,1,131,0
-2,7,29,1,131,0
7,5,35,1,131,0
7,-2,39,1,131,0
4,-3,63,1,131,0
2,0,94,1,131,0
5,3,105,1,131,0
0,-1,108,1,131,0
5,-6,108,1,131,0
4,2,118,1,131,0
3,1,125,1,131,0
-4,0,9,1,131,0
-5,1,24,1,131,0
7,6,26,1,131,0
-2,8,31,1,131,0
5,4,35,1,131,0
-1,7,39,1,131,0
7,-3,43,1,131,0
4,3,44,1,131,0
8,-6,45,1,131,0
3,-1,79,1,131,0
8,7,98,1,131,0
0,-2,99,1,131,0
5,-7,103,1,131,0
3,2,119,1,131,0
1,0,128,1,131,0
6,5,125,1,131,0
2,1,129,1,131,0
-3,0,17,1,131,0
8,8,12,1,131,0
-5,2,29,1,131,0
7,-4,34,1,131,0
-1,8,35,1,131,0
6,-1,49,1,131,0
7,7,106,1,131,0
4,4,111,1,131,0
4,-5,118,1,131,0
3,3,119,1,131,0
1,1,124,1,131,0
6,6,124,1,131,0
2,2,129,1,131,0
5,5,129,1,131,0
0,0,129,1,131,0
7,8,13,1,131,0
-2,0,23,1,131,0
-4,2,36,1,131,0
7,-5,41,1,131,0
5,6,107,1,131,0
6,7,109,1,131,0
4,-6,111,1,131,0
4,5,118,1,131,0
1,2,121,1,131,0
0,1,128,1,131,0
3,4,128,1,131,0
2,3,129,1,131,0
3,-3,129,1,131,0
7,9,5,1,131,0
-1,0,27,1,131,0
8,0,28,1,131,0
-4,3,37,1,131,0
6,-3,49,1,131,0
7,-6,49,1,131,0
2,-1,85,1,131,0
6,8,89,1,131,0
5,7,105,1,131,0
2,4,107,1,131,0
4,6,113,1,131,0
1,3,114,1,131,0
3,5,119,1,131,0
3,-4,127,1,131,0
-3,3,45,1,131,0
5,-1,57,1,131,0
8,1,61,1,131,0
0,3,63,1,131,0
7,0,71,1,131,0
4,7,75,1,131,0
3,6,77,1,131,0
7,-7,89,1,131,0
5,8,96,1,131,0
3,-5,119,1,131,0
9,3,1,1,131,0
8,-1,36,1,131,0
2,6,36,1,131,0
-2,3,51,1,131,0
8,2,58,1,131,0
7,1,66,1,131,0
3,7,69,1,131,0
4,8,71,1,131,0
6,0,79,1,131,0
7,-8,87,1,131,0
-1,-1,104,1,131,0
3,-6,112,1,131,0
2,-3,129,1,131,0
-1,2,129,1,131,0
-9,1,3,1,131,0
-5,7,4,1,131,0
1,6,29,1,131,0
8,-2,34,1,131,0
8,3,47,1,131,0
7,2,53,1,131,0
5,-3,57,1,131,0
-1,3,57,1,131,0
2,7,59,1,131,0
3,8,66,1,131,0
6,1,89,1,131,0
1,-1,131,1,131,0
-1,-2,101,1,131,0
3,-7,106,1,131,0
2,-4,126,1,131,0
-3,6,5,1,131,0
-8,1,9,1,131,0
8,4,11,1,131,0
-4,7,16,1,131,0
0,6,23,1,131,0
8,-3,23,1,131,0
7,3,51,1,131,0
1,7,55,1,131,0
2,8,62,1,131,0
4,0,66,1,131,0
4,-1,73,1,131,0
5,1,85,1,131,0
6,2,96,1,131,0
6,-7,98,1,131,0
2,-5,119,1,131,0
-2,6,11,1,131,0
-4,8,14,1,131,0
-7,1,15,1,131,0
-3,7,24,1,131,0
8,5,31,1,131,0
7,4,43,1,131,0
7,-1,44,1,131,0
0,7,46,1,131,0
1,8,54,1,131,0
4,-2,68,1,131,0
4,1,72,1,131,0
2,-6,89,1,131,0
3,0,92,1,131,0
6,3,104,1,131,0
5,2,111,1,131,0
-5,0,4,1,132,0
-1,6,17,1,132,0
-6,1,21,1,132,0
8,6,27,1,132,0
-2,7,29,1,132,0
7,5,35,1,132,0
7,-2,39,1,132,0
4,-3,63,1,132,0
2,0,94,1,132,0
5,3,105,1,132,0
0,-1,108,1,132,0
5,-6,108,1,132,0
4,2,118,1,132,0
3,1,125,1,132,0
-4,0,9,1,132,0
-5,1,24,1,132,0
7,6,26,1,132,0
-2,8,31,1,132,0
5,4,35,1,132,0
-1,7,39,1,132,0
7,-3,43,1,132,0
4,3,44,1,132,0
8,-6,45,1,132,0
3,-1,79,1,132,0
8,7,98,1,132,0
0,-2,99,1,132,0
5,-7,103,1,132,0
3,2,119,1,132,0
1,0,128,1,132,0
6,5,125,1,132,0
2,1,131,1,132,0
-3,0,17,1,132,0
8,8,12,1,132,0
-5,2,29,1,132,0
7,-4,34,1,132,0
-1,8,35,1,132,0
6,-1,49,1,132,0
7,7,106,1,132,0
4,4,111,1,132,0
4,-5,118,1,132,0
3,3,119,1,132,0
6,6,124,1,132,0
2,2,129,1,132,0
0,0,131,1,132,0
1,1,131,1,132,0
5,5,131,1,132,0
7,8,13,1,132,0
-2,0,23,1,132,0
-4,2,36,1,132,0
7,-5,41,1,132,0
5,6,107,1,132,0
6,7,109,1,132,0
4,-6,111,1,132,0
4,5,118,1,132,0
1,2,121,1,132,0
0,1,128,1,132,0
3,4,128,1,132,0
2,3,129,1,132,0
3,-3,129,1,132,0
7,9,5,1,132,0
-1,0,27,1,132,0
8,0,28,1,132,0
-4,3,37,1,132,0
6,-3,49,1,132,0
7,-6,49,1,132,0
2,-1,85,1,132,0
6,8,89,1,132,0
5,7,105,1,132,0
2,4,107,1,132,0
4,6,113,1,132,0
1,3,114,1,132,0
3,5,119,1,132,0
3,-4,127,1,132,0
-3,3,45,1,132,0
5,-1,57,1,132,0
8,1,61,1,132,0
0,3,63,1,132,0
7,0,71,1,132,0
4,7,75,1,132,0
3,6,77,1,132,0
7,-7,89,1,132,0
5,8,96,1,132,0
3,-5,119,1,132,0
-1,1,131,1,132,0
9,3,1,1,132,0
8,-1,36,1,132,0
2,6,36,1,132,0
-2,3,51,1,132,0
8,2,58,1,132,0
7,1,66,1,132,0
3,7,69,1,132,0
4,8,71,1,132,0
6,0,79,1,132,0
7,-8,87,1,132,0
-1,-1,104,1,132,0
3,-6,112,1,132,0
-1,2,129,1,132,0
2,-3,131,1,132,0
-9,1,3,1,132,0
-5,7,4,1,132,0
1,6,29,1,132,0
8,-2,34,1,132,0
8,3,47,1,132,0
7,2,53,1,132,0
5,-3,57,1,132,0
-1,3,57,1,132,0
2,7,59,1,132,0
3,8,66,1,132,0
6,1,89,1,132,0
1,-1,132,1,132,0
-1,-2,101,1,132,0
3,-7,106,1,132,0
2,-4,126,1,132,0
-3,6,5,1,132,0
-8,1,9,1,132,0
8,4,11,1,132,0
-4,7,16,1,132,0
0,6,23,1,132,0
8,-3,23,1,132,0
7,3,51,1,132,0
1,7,55,1,132,0
2,8,62,1,132,0
4,0,66,1,132,0
4,-1,73,1,132,0
5,1,85,1,132,0
6,2,96,1,132,0
6,-7,98,1,132,0
2,-5,119,1,132,0
-2,6,11,1,132,0
-4,8,14,1,132,0
-7,1,15,1,132,0
-3,7,24,1,132,0
8,5,31,1,132,0
7,4,43,1,132,0
7,-1,44,1,132,0
0,7,46,1,132,0
1,8,54,1,132,0
4,-2,68,1,132,0
4,1,72,1,132,0
2,-6,89,1,132,0
3,0,92,1,132,0
6,3,104,1,132,0
5,2,111,1,132,0
1,-3,131,1,132,0
-5,0,4,1,133,0
-1,6,17,1,133,0
-6,1,21,1,133,0
8,6,27,1,133,0
-2,7,29,1,133,0
7,5,35,1,133,0
7,-2,39,1,133,0
4,-3,63,1,133,0
2,0,94,1,133,0
5,3,105,1,133,0
0,-1,108,1,133,0
5,-6,108,1,133,0
4,2,118,1,133,0
3,1,125,1,133,0
-4,0,9,1,133,0
-5,1,24,1,133,0
7,6,26,1,133,0
-2,8,31,1,133,0
5,4,35,1,133,0
-1,7,39,1,133,0
7,-3,43,1,133,0
4,3,44,1,133,0
8,-6,45,1,133,0
3,-1,79,1,133,0
8,7,98,1,133,0
0,-2,99,1,133,0
5,-7,103,1,133,0
3,2,119,1,133,0
1,0,128,1,133,0
6,5,125,1,133,0
2,1,132,1,133,0
-3,0,17,1,133,0
8,8,12,1,133,0
-5,2,29,1,133,0
7,-4,34,1,133,0
-1,8,35,1,133,0
6,-1,49,1,133,0
7,7,106,1,133,0
4,4,111,1,133,0
4,-5,118,1,133,0
3,3,119,1,133,0
6,6,124,1,133,0
2,2,129,1,133,0
0,0,132,1,133,0
1,1,132,1,133,0
5,5,132,1,133,0
7,8,13,1,133,0
-2,0,23,1,133,0
-4,2,36,1,133,0
7,-5,41,1,133,0
5,6,107,1,133,0
6,7,109,1,133,0
4,-6,111,1,133,0
4,5,118,1,133,0
1,2,121,1,133,0
0,1,128,1,133,0
3,4,128,1,133,0
3,-3,129,1,133,0
2,3,132,1,133,0
7,9,5,1,133,0
-1,0,27,1,133,0
8,0,28,1,133,0
-4,3,37,1,133,0
6,-3,49,1,133,0
7,-6,49,1,133,0
2,-1,85,1,133,0
6,8,89,1,133,0
5,7,105,1,133,0
2,4,107,1,133,0
4,6,113,1,133,0
1,3,114,1,133,0
3,5,119,1,133,0
3,-4,127,1,133,0
-3,3,45,1,133,0
5,-1,57,1,133,0
8,1,61,1,133,0
0,3,63,1,133,0
7,0,71,1,133,0
4,7,75,1,133,0
3,6,77,1,133,0
7,-7,89,1,133,0
5,8,96,1,133,0
3,-5,119,1,133,0
-1,1,132,1,133,0
9,3,1,1,133,0
8,-1,36,1,133,0
2,6,36,1,133,0
-2,3,51,1,133,0
8,2,58,1,133,0
7,1,66,1,133,0
3,7,69,1,133,0
4,8,71,1,133,0
6,0,79,1,133,0
7,-8,87,1,133,0
-1,-1,104,1,133,0
3,-6,112,1,133,0
-1,2,129,1,133,0
2,-3,132,1,133,0
-9,1,3,1,133,0
-5,7,4,1,133,0
1,6,29,1,133,0
8,-2,34,1,133,0
8,3,47,1,133,0
7,2,53,1,133,0
5,-3,57,1,133,0
-1,3,57,1,133,0
2,7,59,1,133,0
3,8,66,1,133,0
6,1,89,1,133,0
1,-1,133,1,133,0
-1,-2,101,1,133,0
3,-7,106,1,133,0
2,-4,126,1,133,0
-3,6,5,1,133,0
-8,1,9,1,133,0
8,4,11,1,133,0
-4,7,16,1,133,0
0,6,23,1,133,0
8,-3,23,1,133,0
7,3,51,1,133,0
1,7,55,1,133,0
2,8,62,1,133,0
4,0,66,1,133,0
4,-1,73,1,133,0
5,1,85,1,133,0
6,2,96,1,133,0
6,-7,98,1,133,0
2,-5,119,1,133,0
-2,6,11,1,133,0
-4,8,14,1,133,0
-7,1,15,1,133,0
-3,7,24,1,133,0
8,5,31,1,133,0
7,4,43,1,133,0
7,-1,44,1,133,0
0,7,46,1,133,0
1,8,54,1,133,0
4,-2,68,1,133,0
4,1,72,1,133,0
2,-6,89,1,133,0
3,0,92,1,133,0
6,3,104,1,133,0
5,2,111,1,133,0
1,-3,132,1,133,0
-5,0,4,1,134,0
-1,6,17,1,134,0
-6,1,21,1,134,0
8,6,27,1,134,0
-2,7,29,1,134,0
7,5,35,1,134,0
7,-2,39,1,134,0
4,-3,63,1,134,0
2,0,94,1,134,0
5,3,105,1,134,0
0,-1,108,1,134,0
5,-6,108,1,134,0
4,2,118,1,134,0
3,1,125,1,134,0
-4,0,9,1,134,0
-5,1,24,1,134,0
7,6,26,1,134,0
-2,8,31,1,134,0
5,4,35,1,134,0
-1,7,39,1,134,0
7,-3,43,1,134,0
4,3,44,1,134,0
8,-6,45,1,134,0
3,-1,79,1,134,0
8,7,98,1,134,0
0,-2,99,1,134,0
5,-7,103,1,134,0
3,2,119,1,134,0
1,0,128,1,134,0
6,5,125,1,134,0
2,1,132,1,134,0
-3,0,17,1,134,0
8,8,12,1,134,0
-5,2,29,1,134,0
7,-4,34,1,134,0
-1,8,35,1,134,0
6,-1,49,1,134,0
7,7,106,1,134,0
4,4,111,1,134,0
4,-5,118,1,134,0
3,3,119,1,134,0
6,6,124,1,134,0
2,2,129,1,134,0
0,0,133,1,134,0
1,1,133,1,134,0
5,5,133,1,134,0
7,8,13,1,134,0
-2,0,23,1,134,0
-4,2,36,1,134,0
7,-5,41,1,134,0
5,6,107,1,134,0
6,7,109,1,134,0
4,-6,111,1,134,0
4,5,118,1,134,0
1,2,121,1,134,0
0,1,128,1,134,0
3,4,128,1,134,0
3,-3,129,1,134,0
2,3,133,1,134,0
7,9,5,1,134,0
-1,0,27,1,134,0
8,0,28,1,134,0
-4,3,37,1,134,0
6,-3,49,1,134,0
7,-6,49,1,134,0
2,-1,85,1,134,0
6,8,89,1,134,0
5,7,105,1,134,0
2,4,107,1,134,0
4,6,113,1,134,0
1,3,114,1,134,0
3,5,119,1,134,0
3,-4,127,1,134,0
-3,3,45,1,134,0
5,-1,57,1,134,0
8,1,61,1,134,0
0,3,63,1,134,0
7,0,71,1,134,0
4,7,75,1,134,0
3,6,77,1,134,0
7,-7,89,1,134,0
5,8,96,1,134,0
3,-5,119,1,134,0
-1,1,133,1,134,0
9,3,1,1,134,0
8,-1,36,1,134,0
2,6,36,1,134,0
-2,3,51,1,134,0
8,2,58,1,134,0
7,1,66,1,134,0
3,7,69,1,134,0
4,8,71,1,134,0
6,0,79,1,134,0
7,-8,87,1,134,0
-1,-1,104,1,134,0
3,-6,112,1,134,0
-1,2,129,1,134,0
2,-3,133,1,134,0
-9,1,3,1,134,0
-5,7,4,1,134,0
1,6,29,1,134,0
8,-2,34,1,134,0
8,3,47,1,134,0
7,2,53,1,134,0
5,-3,57,1,134,0
-1,3,57,1,134,0
2,7,59,1,134,0
3,8,66,1,134,0
6,1,89,1,134,0
1,-1,134,1,134,0
-1,-2,101,1,134,0
3,-7,106,1,134,0
2,-4,126,1,134,0
-3,6,5,1,134,0
-8,1,9,1,134,0
8,4,11,1,134,0
-4,7,16,1,134,0
0,6,23,1,134,0
8,-3,23,1,134,0
7,3,51,1,134,0
1,7,55,1,134,0
2,8,62,1,134,0
4,0,66,1,134,0
4,-1,73,1,134,0
5,1,85,1,134,0
6,2,96,1,134,0
6,-7,98,1,134,0
2,-5,119,1,134,0
-2,6,11,1,134,0
-4,8,14,1,134,0
-7,1,15,1,134,0
-3,7,24,1,134,0
8,5,31,1,134,0
7,4,43,1,134,0
7,-1,44,1,134,0
0,7,46,1,134,0
1,8,54,1,134,0
4,-2,68,1,134,0
4,1,72,1,134,0
2,-6,89,1,134,0
3,0,92,1,134,0
6,3,104,1,134,0
5,2,111,1,134,0
1,-3,133,1,134,0
-5,0,4,1,135,0
-1,6,17,1,135,0
-6,1,21,1,135,0
8,6,27,1,135,0
-2,7,29,1,135,0
7,5,35,1,135,0
7,-2,39,1,135,0
4,-3,63,1,135,0
2,0,94,1,135,0
5,3,105,1,135,0
0,-1,108,1,135,0
5,-6,108,1,135,0
4,2,118,1,135,0
3,1,125,1,135,0
-4,0,9,1,135,0
-5,1,24,1,135,0
7,6,26,1,135,0
-2,8,31,1,135,0
5,4,35,1,135,0
-1,7,39,1,135,0
7,-3,43,1,135,0
4,3,44,1,135,0
8,-6,45,1,135,0
3,-1,79,1,135,0
8,7,98,1,135,0
0,-2,99,1,135,0
5,-7,103,1,135,0
3,2,119,1,135,0
1,0,128,1,135,0
6,5,125,1,135,0
2,1,132,1,135,0
-3,0,17,1,135,0
8,8,12,1,135,0
-5,2,29,1,135,0
7,-4,34,1,135,0
-1,8,35,1,135,0
6,-1,49,1,135,0
7,7,106,1,135,0
4,-5,118,1,135,0
3,3,119,1,135,0
6,6,124,1,135,0
2,2,129,1,135,0
5,5,133,1,135,0
0,0,134,1,135,0
1,1,134,1,135,0
4,4,134,1,135,0
7,8,13,1,135,0
-2,0,23,1,135,0
-4,2,36,1,135,0
7,-5,41,1,135,0
5,6,107,1,135,0
6,7,109,1,135,0
4,-6,111,1,135,0
4,5,118,1,135,0
1,2,121,1,135,0
0,1,128,1,135,0
3,4,128,1,135,0
3,-3,129,1,135,0
2,3,134,1,135,0
7,9,5,1,135,0
-1,0,27,1,135,0
8,0,28,1,135,0
-4,3,37,1,135,0
6,-3,49,1,135,0
7,-6,49,1,135,0
2,-1,85,1,135,0
6,8,89,1,135,0
5,7,105,1,135,0
2,4,107,1,135,0
4,6,113,1,135,0
1,3,114,1,135,0
3,5,119,1,135,0
3,-4,127,1,135,0
-3,3,45,1,135,0
5,-1,57,1,135,0
8,1,61,1,135,0
0,3,63,1,135,0
7,0,71,1,135,0
4,7,75,1,135,0
3,6,77,1,135,0
7,-7,89,1,135,0
5,8,96,1,135,0
3,-5,119,1,135,0
-1,1,134,1,135,0
9,3,1,1,135,0
8,-1,36,1,135,0
2,6,36,1,135,0
-2,3,51,1,135,0
8,2,58,1,135,0
7,1,66,1,135,0
3,7,69,1,135,0
4,8,71,1,135,0
6,0,79,1,135,0
7,-8,87,1,135,0
-1,-1,104,1,135,0
3,-6,112,1,135,0
-1,2,129,1,135,0
2,-3,134,1,135,0
-9,1,3,1,135,0
-5,7,4,1,135,0
1,6,29,1,135,0
8,-2,34,1,135,0
8,3,47,1,135,0
7,2,53,1,135,0
5,-3,57,1,135,0
-1,3,57,1,135,0
2,7,59,1,135,0
3,8,66,1,135,0
6,1,89,1,135,0
1,-1,135,1,135,0
-1,-2,101,1,135,0
3,-7,106,1,135,0
2,-4,126,1,135,0
-3,6,5,1,135,0
-8,1,9,1,135,0
8,4,11,1,135,0
-4,7,16,1,135,0
0,6,23,1,135,0
8,-3,23,1,135,0
7,3,51,1,135,0
1,7,55,1,135,0
2,8,62,1,135,0
4,0,66,1,135,0
4,-1,73,1,135,0
5,1,85,1,135,0
6,2,96,1,135,0
6,-7,98,1,135,0
2,-5,119,1,135,0
1,-2,134,1,135,0
-2,6,11,1,135,0
-4,8,14,1,135,0
-7,1,15,1,135,0
-3,7,24,1,135,0
8,5,31,1,135,0
7,4,43,1,135,0
7,-1,44,1,135,0
0,7,46,1,135,0
1,8,54,1,135,0
4,-2,68,1,135,0
4,1,72,1,135,0
2,-6,89,1,135,0
3,0,92,1,135,0
6,3,104,1,135,0
5,2,111,1,135,0
1,-3,133,1,135,0
-5,0,4,1,136,0
-1,6,17,1,136,0
-6,1,21,1,136,0
8,6,27,1,136,0
-2,7,29,1,136,0
7,5,35,1,136,0
7,-2,39,1,136,0
4,-3,63,1,136,0
2,0,94,1,136,0
5,3,105,1,136,0
0,-1,108,1,136,0
5,-6,108,1,136,0
4,2,118,1,136,0
3,1,125,1,136,0
-4,0,9,1,136,0
-5,1,24,1,136,0
7,6,26,1,136,0
-2,8,31,1,136,0
5,4,35,1,136,0
-1,7,39,1,136,0
7,-3,43,1,136,0
4,3,44,1,136,0
8,-6,45,1,136,0
3,-1,79,1,136,0
8,7,98,1,136,0
0,-2,99,1,136,0
5,-7,103,1,136,0
3,2,119,1,136,0
1,0,128,1,136,0
6,5,125,1,136,0
2,1,132,1,136,0
-3,0,17,1,136,0
8,8,12,1,136,0
-5,2,29,1,136,0
7,-4,34,1,136,0
-1,8,35,1,136,0
6,-1,49,1,136,0
7,7,106,1,136,0
4,-5,118,1,136,0
3,3,119,1,136,0
6,6,124,1,136,0
2,2,129,1,136,0
5,5,133,1,136,0
0,0,135,1,136,0
1,1,135,1,136,0
4,4,135,1,136,0
7,8,13,1,136,0
-2,0,23,1,136,0
-4,2,36,1,136,0
7,-5,41,1,136,0
5,6,107,1,136,0
6,7,109,1,136,0
4,-6,111,1,136,0
4,5,118,1,136,0
1,2,121,1,136,0
0,1,128,1,136,0
3,4,128,1,136,0
3,-3,129,1,136,0
2,3,135,1,136,0
7,9,5,1,136,0
-1,0,27,1,136,0
8,0,28,1,136,0
-4,3,37,1,136,0
6,-3,49,1,136,0
7,-6,49,1,136,0
2,-1,85,1,136,0
6,8,89,1,136,0
5,7,105,1,136,0
2,4,107,1,136,0
4,6,113,1,136,0
1,3,114,1,136,0
3,5,119,1,136,0
3,-4,127,1,136,0
-3,3,45,1,136,0
5,-1,57,1,136,0
8,1,61,1,136,0
0,3,63,1,136,0
7,0,71,1,136,0
4,7,75,1,136,0
3,6,77,1,136,0
7,-7,89,1,136,0
5,8,96,1,136,0
3,-5,119,1,136,0
-1,1,135,1,136,0
9,3,1,1,136,0
8,-1,36,1,136,0
2,6,36,1,136,0
-2,3,51,1,136,0
8,2,58,1,136,0
7,1,66,1,136,0
3,7,69,1,136,0
4,8,71,1,136,0
6,0,79,1,136,0
7,-8,87,1,136,0
-1,-1,104,1,136,0
3,-6,112,1,136,0
-1,2,129,1,136,0
2,-3,135,1,136,0
-9,1,3,1,136,0
-5,7,4,1,136,0
1,6,29,1,136,0
8,-2,34,1,136,0
8,3,47,1,136,0
7,2,53,1,136,0
5,-3,57,1,136,0
-1,3,57,1,136,0
2,7,59,1,136,0
3,8,66,1,136,0
6,1,89,1,136,0
1,-1,135,1,136,0
-1,-2,101,1,136,0
3,-7,106,1,136,0
2,-4,126,1,136,0
-3,6,5,1,136,0
-8,1,9,1,136,0
8,4,11,1,136,0
-4,7,16,1,136,0
0,6,23,1,136,0
8,-3,23,1,136,0
7,3,51,1,136,0
1,7,55,1,136,0
2,8,62,1,136,0
4,0,66,1,136,0
4,-1,73,1,136,0
5,1,85,1,136,0
6,2,96,1,136,0
6,-7,98,1,136,0
2,-5,119,1,136,0
1,-2,136,1,136,0
-2,6,11,1,136,0
-4,8,14,1,136,0
-7,1,15,1,136,0
-3,7,24,1,136,0
8,5,31,1,136,0
7,4,43,1,136,0
7,-1,44,1,136,0
0,7,46,1,136,0
1,8,54,1,136,0
4,-2,68,1,136,0
4,1,72,1,136,0
2,-6,89,1,136,0
3,0,92,1,136,0
6,3,104,1,136,0
5,2,111,1,136,0
1,-3,133,1,136,0
-5,0,4,1,137,0
-1,6,17,1,137,0
-6,1,21,1,137,0
8,6,27,1,137,0
-2,7,29,1,137,0
7,5,35,1,137,0
7,-2,39,1,137,0
4,-3,63,1,137,0
2,0,94,1,137,0
5,3,105,1,137,0
0,-1,108,1,137,0
5,-6,108,1,137,0
4,2,118,1,137,0
3,1,125,1,137,0
-4,0,9,1,137,0
-5,1,24,1,137,0
7,6,26,1,137,0
-2,8,31,1,137,0
5,4,35,1,137,0
-1,7,39,1,137,0
7,-3,43,1,137,0
4,3,44,1,137,0
8,-6,45,1,137,0
3,-1,79,1,137,0
8,7,98,1,137,0
0,-2,99,1,137,0
5,-7,103,1,137,0
3,2,119,1,137,0
6,5,125,1,137,0
2,1,132,1,137,0
1,0,136,1,137,0
-3,0,17,1,137,0
8,8,12,1,137,0
-5,2,29,1,137,0
7,-4,34,1,137,0
-1,8,35,1,137,0
6,-1,49,1,137,0
7,7,106,1,137,0
4,-5,118,1,137,0
3,3,119,1,137,0
6,6,124,1,137,0
2,2,129,1,137,0
5,5,133,1,137,0
1,1,135,1,137,0
0,0,136,1,137,0
4,4,136,1,137,0
7,8,13,1,137,0
-2,0,23,1,137,0
-4,2,36,1,137,0
7,-5,41,1,137,0
5,6,107,1,137,0
6,7,109,1,137,0
4,-6,111,1,137,0
4,5,118,1,137,0
1,2,121,1,137,0
0,1,128,1,137,0
3,4,128,1,137,0
3,-3,129,1,137,0
2,3,136,1,137,0
7,9,5,1,137,0
-1,0,27,1,137,0
8,0,28,1,137,0
-4,3,37,1,137,0
6,-3,49,1,137,0
7,-6,49,1,137,0
2,-1,85,1,137,0
6,8,89,1,137,0
5,7,105,1,137,0
2,4,107,1,137,0
4,6,113,1,137,0
1,3,114,1,137,0
3,5,119,1,137,0
3,-4,127,1,137,0
-3,3,45,1,137,0
5,-1,57,1,137,0
8,1,61,1,137,0
0,3,63,1,137,0
7,0,71,1,137,0
4,7,75,1,137,0
3,6,77,1,137,0
7,-7,89,1,137,0
5,8,96,1,137,0
3,-5,119,1,137,0
-1,1,135,1,137,0
2,-2,137,1,137,0
9,3,1,1,137,0
8,-1,36,1,137,0
2,6,36,1,137,0
-2,3,51,1,137,0
8,2,58,1,137,0
7,1,66,1,137,0
3,7,69,1,137,0
4,8,71,1,137,0
6,0,79,1,137,0
7,-8,87,1,137,0
-1,-1,104,1,137,0
3,-6,112,1,137,0
-1,2,129,1,137,0
2,-3,135,1,137,0
-9,1,3,1,137,0
-5,7,4,1,137,0
1,6,29,1,137,0
8,-2,34,1,137,0
8,3,47,1,137,0
7,2,53,1,137,0
5,-3,57,1,137,0
-1,3,57,1,137,0
2,7,59,1,137,0
3,8,66,1,137,0
6,1,89,1,137,0
1,-1,135,1,137,0
-1,-2,101,1,137,0
3,-7,106,1,137,0
2,-4,126,1,137,0
-3,6,5,1,137,0
-8,1,9,1,137,0
8,4,11,1,137,0
-4,7,16,1,137,0
0,6,23,1,137,0
8,-3,23,1,137,0
7,3,51,1,137,0
1,7,55,1,137,0
2,8,62,1,137,0
4,0,66,1,137,0
4,-1,73,1,137,0
5,1,85,1,137,0
6,2,96,1,137,0
6,-7,98,1,137,0
2,-5,119,1,137,0
1,-2,136,1,137,0
-2,6,11,1,137,0
-4,8,14,1,137,0
-7,1,15,1,137,0
-3,7,24,1,137,0
8,5,31,1,137,0
7,4,43,1,137,0
7,-1,44,1,137,0
0,7,46,1,137,0
1,8,54,1,137,0
4,-2,68,1,137,0
4,1,72,1,137,0
2,-6,89,1,137,0
3,0,92,1,137,0
6,3,104,1,137,0
5,2,111,1,137,0
1,-3,133,1,137,0
-5,0,4,1,138,0
-1,6,17,1,138,0
-6,1,21,1,138,0
8,6,27,1,138,0
-2,7,29,1,138,0
7,5,35,1,138,0
7,-2,39,1,138,0
4,-3,63,1,138,0
2,0,94,1,138,0
5,3,105,1,138,0
0,-1,108,1,138,0
5,-6,108,1,138,0
4,2,118,1,138,0
3,1,125,1,138,0
-4,0,9,1,138,0
-5,1,24,1,138,0
7,6,26,1,138,0
-2,8,31,1,138,0
5,4,35,1,138,0
-1,7,39,1,138,0
7,-3,43,1,138,0
4,3,44,1,138,0
8,-6,45,1,138,0
3,-1,79,1,138,0
8,7,98,1,138,0
0,-2,99,1,138,0
5,-7,103,1,138,0
3,2,119,1,138,0
6,5,125,1,138,0
2,1,132,1,138,0
1,0,137,1,138,0
-3,0,17,1,138,0
8,8,12,1,138,0
-5,2,29,1,138,0
7,-4,34,1,138,0
-1,8,35,1,138,0
6,-1,49,1,138,0
7,7,106,1,138,0
4,-5,118,1,138,0
3,3,119,1,138,0
6,6,124,1,138,0
5,5,133,1,138,0
1,1,136,1,138,0
0,0,137,1,138,0
4,4,137,1,138,0
2,2,137,1,138,0
7,8,13,1,138,0
-2,0,23,1,138,0
-4,2,36,1,138,0
7,-5,41,1,138,0
5,6,107,1,138,0
6,7,109,1,138,0
4,-6,111,1,138,0
4,5,118,1,138,0
1,2,121,1,138,0
0,1,128,1,138,0
3,4,128,1,138,0
3,-3,129,1,138,0
2,3,136,1,138,0
7,9,5,1,138,0
-1,0,27,1,138,0
8,0,28,1,138,0
-4,3,37,1,138,0
6,-3,49,1,138,0
7,-6,49,1,138,0
2,-1,85,1,138,0
6,8,89,1,138,0
5,7,105,1,138,0
2,4,107,1,138,0
4,6,113,1,138,0
1,3,114,1,138,0
3,5,119,1,138,0
3,-4,127,1,138,0
-2,1,137,1,138,0
-3,3,45,1,138,0
5,-1,57,1,138,0
8,1,61,1,138,0
0,3,63,1,138,0
7,0,71,1,138,0
4,7,75,1,138,0
3,6,77,1,138,0
7,-7,89,1,138,0
5,8,96,1,138,0
3,-5,119,1,138,0
-1,1,135,1,138,0
2,-2,138,1,138,0
9,3,1,1,138,0
8,-1,36,1,138,0
2,6,36,1,138,0
-2,3,51,1,138,0
8,2,58,1,138,0
7,1,66,1,138,0
3,7,69,1,138,0
4,8,71,1,138,0
6,0,79,1,138,0
7,-8,87,1,138,0
-1,-1,104,1,138,0
3,-6,112,1,138,0
-1,2,129,1,138,0
2,-3,135,1,138,0
-9,1,3,1,138,0
-5,7,4,1,138,0
1,6,29,1,138,0
8,-2,34,1,138,0
8,3,47,1,138,0
7,2,53,1,138,0
5,-3,57,1,138,0
-1,3,57,1,138,0
2,7,59,1,138,0
3,8,66,1,138,0
6,1,89,1,138,0
1,-1,135,1,138,0
-1,-2,101,1,138,0
3,-7,106,1,138,0
2,-4,126,1,138,0
-3,6,5,1,138,0
-8,1,9,1,138,0
8,4,11,1,138,0
-4,7,16,1,138,0
0,6,23,1,138,0
8,-3,23,1,138,0
7,3,51,1,138,0
1,7,55,1,138,0
2,8,62,1,138,0
4,0,66,1,138,0
4,-1,73,1,138,0
5,1,85,1,138,0
6,2,96,1,138,0
6,-7,98,1,138,0
2,-5,119,1,138,0
1,-2,137,1,138,0
-2,6,11,1,138,0
-4,8,14,1,138,0
-7,1,15,1,138,0
-3,7,24,1,138,0
8,5,31,1,138,0
7,4,43,1,138,0
7,-1,44,1,138,0
0,7,46,1,138,0
1,8,54,1,138,0
4,-2,68,1,138,0
4,1,72,1,138,0
2,-6,89,1,138,0
3,0,92,1,138,0
6,3,104,1,138,0
5,2,111,1,138,0
1,-3,133,1,138,0
-5,0,4,1,139,0
-1,6,17,1,139,0
-6,1,21,1,139,0
8,6,27,1,139,0
-2,7,29,1,139,0
7,5,35,1,139,0
7,-2,39,1,139,0
4,-3,63,1,139,0
2,0,94,1,139,0
5,3,105,1,139,0
0,-1,108,1,139,0
5,-6,108,1,139,0
4,2,118,1,139,0
3,1,125,1,139,0
-4,0,9,1,139,0
-5,1,24,1,139,0
7,6,26,1,139,0
-2,8,31,1,139,0
5,4,35,1,139,0
-1,7,39,1,139,0
7,-3,43,1,139,0
4,3,44,1,139,0
8,-6,45,1,139,0
3,-1,79,1,139,0
8,7,98,1,139,0
0,-2,99,1,139,0
5,-7,103,1,139,0
3,2,119,1,139,0
6,5,125,1,139,0
2,1,132,1,139,0
1,0,138,1,139,0
-3,0,17,1,139,0
8,8,12,1,139,0
-5,2,29,1,139,0
7,-4,34,1,139,0
-1,8,35,1,139,0
6,-1,49,1,139,0
7,7,106,1,139,0
4,-5,118,1,139,0
3,3,119,1,139,0
6,6,124,1,139,0
5,5,133,1,139,0
0,0,137,1,139,0
1,1,138,1,139,0
4,4,138,1,139,0
2,2,138,1,139,0
7,8,13,1,139,0
-2,0,23,1,139,0
-4,2,36,1,139,0
7,-5,41,1,139,0
5,6,107,1,139,0
6,7,109,1,139,0
4,-6,111,1,139,0
4,5,118,1,139,0
1,2,121,1,139,0
0,1,128,1,139,0
3,4,128,1,139,0
3,-3,129,1,139,0
2,3,136,1,139,0
7,9,5,1,139,0
8,0,28,1,139,0
-4,3,37,1,139,0
6,-3,49,1,139,0
7,-6,49,1,139,0
2,-1,85,1,139,0
6,8,89,1,139,0
5,7,105,1,139,0
2,4,107,1,139,0
4,6,113,1,139,0
1,3,114,1,139,0
3,5,119,1,139,0
3,-4,127,1,139,0
-2,1,138,1,139,0
-1,0,138,1,139,0
-3,3,45,1,139,0
5,-1,57,1,139,0
8,1,61,1,139,0
0,3,63,1,139,0
7,0,71,1,139,0
4,7,75,1,139,0
3,6,77,1,139,0
7,-7,89,1,139,0
5,8,96,1,139,0
3,-5,119,1,139,0
-1,1,135,1,139,0
2,-2,139,1,139,0
9,3,1,1,139,0
8,-1,36,1,139,0
2,6,36,1,139,0
-2,3,51,1,139,0
8,2,58,1,139,0
7,1,66,1,139,0
3,7,69,1,139,0
4,8,71,1,139,0
6,0,79,1,139,0
7,-8,87,1,139,0
-1,-1,104,1,139,0
3,-6,112,1,139,0
-1,2,129,1,139,0
2,-3,135,1,139,0
-9,1,3,1,139,0
-5,7,4,1,139,0
1,6,29,1,139,0
8,-2,34,1,139,0
8,3,47,1,139,0
7,2,53,1,139,0
5,-3,57,1,139,0
-1,3,57,1,139,0
2,7,59,1,139,0
3,8,66,1,139,0
6,1,89,1,139,0
1,-1,135,1,139,0
-1,-2,101,1,139,0
3,-7,106,1,139,0
2,-4,126,1,139,0
-3,6,5,1,139,0
-8,1,9,1,139,0
8,4,11,1,139,0
-4,7,16,1,139,0
0,6,23,1,139,0
8,-3,23,1,139,0
7,3,51,1,139,0
1,7,55,1,139,0
2,8,62,1,139,0
4,0,66,1,139,0
4,-1,73,1,139,0
5,1,85,1,139,0
6,2,96,1,139,0
6,-7,98,1,139,0
2,-5,119,1,139,0
1,-2,138,1,139,0
-2,6,11,1,139,0
-4,8,14,1,139,0
-7,1,15,1,139,0
-3,7,24,1,139,0
8,5,31,1,139,0
7,4,43,1,139,0
7,-1,44,1,139,0
0,7,46,1,139,0
1,8,54,1,139,0
4,-2,68,1,139,0
4,1,72,1,139,0
2,-6,89,1,139,0
3,0,92,1,139,0
6,3,104,1,139,0
5,2,111,1,139,0
1,-3,133,1,139,0
-5,0,4,1,140,0
-1,6,17,1,140,0
-6,1,21,1,140,0
8,6,27,1,140,0
-2,7,29,1,140,0
7,5,35,1,140,0
7,-2,39,1,140,0
4,-3,63,1,140,0
2,0,94,1,140,0
5,3,105,1,140,0
0,-1,108,1,140,0
5,-6,108,1,140,0
4,2,118,1,140,0
3,1,125,1,140,0
-4,0,9,1,140,0
-5,1,24,1,140,0
7,6,26,1,140,0
-2,8,31,1,140,0
5,4,35,1,140,0
-1,7,39,1,140,0
7,-3,43,1,140,0
4,3,44,1,140,0
8,-6,45,1,140,0
3,-1,79,1,140,0
8,7,98,1,140,0
0,-2,99,1,140,0
5,-7,103,1,140,0
3,2,119,1,140,0
6,5,125,1,140,0
2,1,132,1,140,0
1,0,139,1,140,0
-3,0,17,1,140,0
8,8,12,1,140,0
-5,2,29,1,140,0
7,-4,34,1,140,0
-1,8,35,1,140,0
6,-1,49,1,140,0
7,7,106,1,140,0
4,-5,118,1,140,0
3,3,119,1,140,0
6,6,124,1,140,0
5,5,133,1,140,0
0,0,137,1,140,0
1,1,138,1,140,0
4,4,139,1,140,0
2,2,139,1,140,0
7,8,13,1,140,0
-2,0,23,1,140,0
-4,2,36,1,140,0
7,-5,41,1,140,0
5,6,107,1,140,0
6,7,109,1,140,0
4,-6,111,1,140,0
4,5,118,1,140,0
1,2,121,1,140,0
3,4,128,1,140,0
3,-3,129,1,140,0
2,3,136,1,140,0
0,1,139,1,140,0
7,9,5,1,140,0
8,0,28,1,140,0
-4,3,37,1,140,0
6,-3,49,1,140,0
7,-6,49,1,140,0
2,-1,85,1,140,0
6,8,89,1,140,0
5,7,105,1,140,0
2,4,107,1,140,0
4,6,113,1,140,0
1,3,114,1,140,0
3,5,119,1,140,0
3,-4,127,1,140,0
-2,1,139,1,140,0
-1,0,139,1,140,0
-3,3,45,1,140,0
5,-1,57,1,140,0
8,1,61,1,140,0
0,3,63,1,140,0
7,0,71,1,140,0
4,7,75,1,140,0
3,6,77,1,140,0
7,-7,89,1,140,0
5,8,96,1,140,0
3,-5,119,1,140,0
-1,1,135,1,140,0
2,-2,139,1,140,0
9,3,1,1,140,0
8,-1,36,1,140,0
2,6,36,1,140,0
-2,3,51,1,140,0
8,2,58,1,140,0
7,1,66,1,140,0
3,7,69,1,140,0
4,8,71,1,140,0
6,0,79,1,140,0
7,-8,87,1,140,0
-1,-1,104,1,140,0
3,-6,112,1,140,0
-1,2,129,1,140,0
2,-3,135,1,140,0
-9,1,3,1,140,0
-5,7,4,1,140,0
1,6,29,1,140,0
8,-2,34,1,140,0
8,3,47,1,140,0
7,2,53,1,140,0
5,-3,57,1,140,0
-1,3,57,1,140,0
2,7,59,1,140,0
3,8,66,1,140,0
6,1,89,1,140,0
1,-1,135,1,140,0
-1,-2,101,1,140,0
3,-7,106,1,140,0
2,-4,126,1,140,0
-3,6,5,1,140,0
-8,1,9,1,140,0
8,4,11,1,140,0
-4,7,16,1,140,0
0,6,23,1,140,0
8,-3,23,1,140,0
7,3,51,1,140,0
1,7,55,1,140,0
2,8,62,1,140,0
4,0,66,1,140,0
4,-1,73,1,140,0
5,1,85,1,140,0
6,2,96,1,140,0
6,-7,98,1,140,0
2,-5,119,1,140,0
1,-2,139,1,140,0
-2,6,11,1,140,0
-4,8,14,1,140,0
-7,1,15,1,140,0
-3,7,24,1,140,0
8,5,31,1,140,0
7,4,43,1,140,0
7,-1,44,1,140,0
0,7,46,1,140,0
1,8,54,1,140,0
4,-2,68,1,140,0
4,1,72,1,140,0
2,-6,89,1,140,0
3,0,92,1,140,0
6,3,104,1,140,0
5,2,111,1,140,0
1,-3,133,1,140,0
-5,0,4,1,141,0
-1,6,17,1,141,0
-6,1,21,1,141,0
8,6,27,1,141,0
-2,7,29,1,141,0
7,5,35,1,141,0
7,-2,39,1,141,0
4,-3,63,1,141,0
2,0,94,1,141,0
5,3,105,1,141,0
0,-1,108,1,141,0
5,-6,108,1,141,0
4,2,118,1,141,0
3,1,125,1,141,0
-4,0,9,1,141,0
-5,1,24,1,141,0
7,6,26,1,141,0
-2,8,31,1,141,0
5,4,35,1,141,0
-1,7,39,1,141,0
7,-3,43,1,141,0
4,3,44,1,141,0
8,-6,45,1,141,0
3,-1,79,1,141,0
8,7,98,1,141,0
0,-2,99,1,141,0
5,-7,103,1,141,0
3,2,119,1,141,0
6,5,125,1,141,0
2,1,132,1,141,0
1,0,139,1,141,0
-3,0,17,1,141,0
8,8,12,1,141,0
-5,2,29,1,141,0
7,-4,34,1,141,0
-1,8,35,1,141,0
6,-1,49,1,141,0
7,7,106,1,141,0
4,-5,118,1,141,0
3,3,119,1,141,0
6,6,124,1,141,0
5,5,133,1,141,0
0,0,137,1,141,0
1,1,138,1,141,0
4,4,139,1,141,0
2,2,139,1,141,0
7,8,13,1,141,0
-2,0,23,1,141,0
-4,2,36,1,141,0
7,-5,41,1,141,0
5,6,107,1,141,0
6,7,109,1,141,0
4,-6,111,1,141,0
4,5,118,1,141,0
1,2,121,1,141,0
3,4,128,1,141,0
3,-3,129,1,141,0
2,3,136,1,141,0
0,1,139,1,141,0
7,9,5,1,141,0
8,0,28,1,141,0
-4,3,37,1,141,0
6,-3,49,1,141,0
7,-6,49,1,141,0
2,-1,141,1,141,0
6,8,89,1,141,0
5,7,105,1,141,0
2,4,107,1,141,0
4,6,113,1,141,0
1,3,114,1,141,0
3,5,119,1,141,0
3,-4,127,1,141,0
-2,1,139,1,141,0
-1,0,139,1,141,0
-3,3,45,1,141,0
5,-1,57,1,141,0
8,1,61,1,141,0
0,3,63,1,141,0
7,0,71,1,141,0
4,7,75,1,141,0
3,6,77,1,141,0
7,-7,89,1,141,0
5,8,96,1,141,0
3,-5,119,1,141,0
-1,1,135,1,141,0
2,-2,139,1,141,0
9,3,1,1,141,0
8,-1,36,1,141,0
2,6,36,1,141,0
-2,3,51,1,141,0
8,2,58,1,141,0
7,1,66,1,141,0
3,7,69,1,141,0
4,8,71,1,141,0
6,0,79,1,141,0
7,-8,87,1,141,0
-1,-1,104,1,141,0
3,-6,112,1,141,0
-1,2,129,1,141,0
2,-3,135,1,141,0
-9,1,3,1,141,0
-5,7,4,1,141,0
1,6,29,1,141,0
8,-2,34,1,141,0
8,3,47,1,141,0
7,2,53,1,141,0
5,-3,57,1,141,0
-1,3,57,1,141,0
2,7,59,1,141,0
3,8,66,1,141,0
6,1,89,1,141,0
1,-1,135,1,141,0
-1,-2,101,1,141,0
3,-7,106,1,141,0
2,-4,126,1,141,0
-3,6,5,1,141,0
-8,1,9,1,141,0
8,4,11,1,141,0
-4,7,16,1,141,0
0,6,23,1,141,0
8,-3,23,1,141,0
7,3,51,1,141,0
1,7,55,1,141,0
2,8,62,1,141,0
4,0,66,1,141,0
4,-1,73,1,141,0
5,1,85,1,141,0
6,2,96,1,141,0
6,-7,98,1,141,0
2,-5,119,1,141,0
1,-2,139,1,141,0
-2,6,11,1,141,0
-4,8,14,1,141,0
-7,1,15,1,141,0
-3,7,24,1,141,0
8,5,31,1,141,0
7,4,43,1,141,0
7,-1,44,1,141,0
0,7,46,1,141,0
1,8,54,1,141,0
4,-2,68,1,141,0
4,1,72,1,141,0
2,-6,89,1,141,0
3,0,92,1,141,0
6,3,104,1,141,0
5,2,111,1,141,0
1,-3,133,1,141,0
-5,0,4,1,142,0
-1,6,17,1,142,0
-6,1,21,1,142,0
8,6,27,1,142,0
-2,7,29,1,142,0
7,5,35,1,142,0
7,-2,39,1,142,0
4,-3,63,1,142,0
2,0,94,1,142,0
5,3,105,1,142,0
0,-1,108,1,142,0
5,-6,108,1,142,0
4,2,118,1,142,0
3,1,125,1,142,0
-4,0,9,1,142,0
-5,1,24,1,142,0
7,6,26,1,142,0
-2,8,31,1,142,0
5,4,35,1,142,0
-1,7,39,1,142,0
7,-3,43,1,142,0
4,3,44,1,142,0
8,-6,45,1,142,0
3,-1,79,1,142,0
8,7,98,1,142,0
0,-2,99,1,142,0
5,-7,103,1,142,0
3,2,119,1,142,0
6,5,125,1,142,0
2,1,132,1,142,0
1,0,139,1,142,0
-3,0,17,1,142,0
8,8,12,1,142,0
-5,2,29,1,142,0
7,-4,34,1,142,0
-1,8,35,1,142,0
6,-1,49,1,142,0
7,7,106,1,142,0
4,-5,118,1,142,0
3,3,119,1,142,0
6,6,124,1,142,0
5,5,133,1,142,0
1,1,138,1,142,0
2,2,139,1,142,0
0,0,141,1,142,0
4,4,141,1,142,0
7,8,13,1,142,0
-2,0,23,1,142,0
-4,2,36,1,142,0
7,-5,41,1,142,0
5,6,107,1,142,0
6,7,109,1,142,0
4,-6,111,1,142,0
4,5,118,1,142,0
3,4,128,1,142,0
3,-3,129,1,142,0
2,3,136,1,142,0
0,1,139,1,142,0
1,2,141,1,142,0
7,9,5,1,142,0
8,0,28,1,142,0
-4,3,37,1,142,0
6,-3,49,1,142,0
7,-6,49,1,142,0
2,-1,141,1,142,0
6,8,89,1,142,0
5,7,105,1,142,0
2,4,107,1,142,0
4,6,113,1,142,0
1,3,114,1,142,0
3,5,119,1,142,0
3,-4,127,1,142,0
-2,1,139,1,142,0
-1,0,141,1,142,0
-3,3,45,1,142,0
5,-1,57,1,142,0
8,1,61,1,142,0
0,3,63,1,142,0
7,0,71,1,142,0
4,7,75,1,142,0
3,6,77,1,142,0
7,-7,89,1,142,0
5,8,96,1,142,0
3,-5,119,1,142,0
-1,1,135,1,142,0
2,-2,142,1,142,0
9,3,1,1,142,0
8,-1,36,1,142,0
2,6,36,1,142,0
-2,3,51,1,142,0
8,2,58,1,142,0
7,1,66,1,142,0
3,7,69,1,142,0
4,8,71,1,142,0
6,0,79,1,142,0
7,-8,87,1,142,0
-1,-1,104,1,142,0
3,-6,112,1,142,0
-1,2,129,1,142,0
2,-3,135,1,142,0
-9,1,3,1,142,0
-5,7,4,1,142,0
1,6,29,1,142,0
8,-2,34,1,142,0
8,3,47,1,142,0
7,2,53,1,142,0
5,-3,57,1,142,0
-1,3,57,1,142,0
2,7,59,1,142,0
3,8,66,1,142,0
6,1,89,1,142,0
-1,-2,101,1,142,0
3,-7,106,1,142,0
2,-4,126,1,142,0
1,-1,141,1,142,0
-3,6,5,1,142,0
-8,1,9,1,142,0
8,4,11,1,142,0
-4,7,16,1,142,0
0,6,23,1,142,0
8,-3,23,1,142,0
7,3,51,1,142,0
1,7,55,1,142,0
2,8,62,1,142,0
4,0,66,1,142,0
4,-1,73,1,142,0
5,1,85,1,142,0
6,2,96,1,142,0
6,-7,98,1,142,0
2,-5,119,1,142,0
1,-2,141,1,142,0
-2,6,11,1,142,0
-4,8,14,1,142,0
-7,1,15,1,142,0
-3,7,24,1,142,0
8,5,31,1,142,0
7,4,43,1,142,0
7,-1,44,1,142,0
0,7,46,1,142,0
1,8,54,1,142,0
4,-2,68,1,142,0
4,1,72,1,142,0
2,-6,89,1,142,0
3,0,92,1,142,0
6,3,104,1,142,0
5,2,111,1,142,0
1,-3,133,1,142,0
-5,0,4,1,143,0
-1,6,17,1,143,0
-6,1,21,1,143,0
8,6,27,1,143,0
-2,7,29,1,143,0
7,5,35,1,143,0
7,-2,39,1,143,0
4,-3,63,1,143,0
2,0,94,1,143,0
5,3,105,1,143,0
0,-1,108,1,143,0
5,-6,108,1,143,0
4,2,118,1,143,0
3,1,125,1,143,0
-4,0,9,1,143,0
-5,1,24,1,143,0
7,6,26,1,143,0
-2,8,31,1,143,0
5,4,35,1,143,0
-1,7,39,1,143,0
7,-3,43,1,143,0
4,3,44,1,143,0
8,-6,45,1,143,0
3,-1,79,1,143,0
8,7,98,1,143,0
0,-2,99,1,143,0
5,-7,103,1,143,0
3,2,119,1,143,0
6,5,125,1,143,0
2,1,132,1,143,0
1,0,139,1,143,0
-3,0,17,1,143,0
8,8,12,1,143,0
-5,2,29,1,143,0
7,-4,34,1,143,0
-1,8,35,1,143,0
6,-1,49,1,143,0
7,7,106,1,143,0
4,-5,118,1,143,0
3,3,119,1,143,0
6,6,124,1,143,0
5,5,133,1,143,0
1,1,138,1,143,0
2,2,139,1,143,0
0,0,142,1,143,0
4,4,142,1,143,0
7,8,13,1,143,0
-2,0,23,1,143,0
-4,2,36,1,143,0
7,-5,41,1,143,0
5,6,107,1,143,0
6,7,109,1,143,0
4,-6,111,1,143,0
4,5,118,1,143,0
3,4,128,1,143,0
3,-3,129,1,143,0
2,3,136,1,143,0
0,1,139,1,143,0
1,2,142,1,143,0
7,9,5,1,143,0
8,0,28,1,143,0
-4,3,37,1,143,0
6,-3,49,1,143,0
7,-6,49,1,143,0
2,-1,141,1,143,0
6,8,89,1,143,0
5,7,105,1,143,0
2,4,107,1,143,0
4,6,113,1,143,0
1,3,114,1,143,0
3,5,119,1,143,0
3,-4,127,1,143,0
-2,1,142,1,143,0
-1,0,142,1,143,0
-3,3,45,1,143,0
5,-1,57,1,143,0
8,1,61,1,143,0
0,3,63,1,143,0
7,0,71,1,143,0
4,7,75,1,143,0
3,6,77,1,143,0
7,-7,89,1,143,0
5,8,96,1,143,0
3,-5,119,1,143,0
-1,1,135,1,143,0
2,-2,143,1,143,0
9,3,1,1,143,0
8,-1,36,1,143,0
2,6,36,1,143,0
-2,3,51,1,143,0
8,2,58,1,143,0
7,1,66,1,143,0
3,7,69,1,143,0
4,8,71,1,143,0
6,0,79,1,143,0
7,-8,87,1,143,0
-1,-1,104,1,143,0
3,-6,112,1,143,0
-1,2,129,1,143,0
2,-3,135,1,143,0
-9,1,3,1,143,0
-5,7,4,1,143,0
1,6,29,1,143,0
8,-2,34,1,143,0
8,3,47,1,143,0
7,2,53,1,143,0
5,-3,57,1,143,0
-1,3,57,1,143,0
2,7,59,1,143,0
3,8,66,1,143,0
6,1,89,1,143,0
-1,-2,101,1,143,0
3,-7,106,1,143,0
2,-4,126,1,143,0
1,-1,142,1,143,0
-3,6,5,1,143,0
-8,1,9,1,143,0
8,4,11,1,143,0
-4,7,16,1,143,0
0,6,23,1,143,0
8,-3,23,1,143,0
7,3,51,1,143,0
1,7,55,1,143,0
2,8,62,1,143,0
4,0,66,1,143,0
4,-1,73,1,143,0
5,1,85,1,143,0
6,2,96,1,143,0
6,-7,98,1,143,0
2,-5,119,1,143,0
1,-2,142,1,143,0
-2,6,11,1,143,0
-4,8,14,1,143,0
-7,1,15,1,143,0
-3,7,24,1,143,0
8,5,31,1,143,0
7,4,43,1,143,0
7,-1,44,1,143,0
0,7,46,1,143,0
1,8,54,1,143,0
4,-2,68,1,143,0
4,1,72,1,143,0
2,-6,89,1,143,0
3,0,92,1,143,0
6,3,104,1,143,0
5,2,111,1,143,0
1,-3,133,1,143,0
-5,0,4,1,144,0
-1,6,17,1,144,0
-6,1,21,1,144,0
8,6,27,1,144,0
-2,7,29,1,144,0
7,5,35,1,144,0
7,-2,39,1,144,0
4,-3,63,1,144,0
2,0,94,1,144,0
5,3,105,1,144,0
0,-1,108,1,144,0
5,-6,108,1,144,0
4,2,118,1,144,0
3,1,125,1,144,0
-4,0,9,1,144,0
-5,1,24,1,144,0
7,6,26,1,144,0
-2,8,31,1,144,0
5,4,35,1,144,0
-1,7,39,1,144,0
7,-3,43,1,144,0
4,3,44,1,144,0
8,-6,45,1,144,0
3,-1,79,1,144,0
8,7,98,1,144,0
0,-2,99,1,144,0
5,-7,103,1,144,0
3,2,119,1,144,0
6,5,125,1,144,0
2,1,132,1,144,0
1,0,139,1,144,0
-3,0,17,1,144,0
8,8,12,1,144,0
-5,2,29,1,144,0
7,-4,34,1,144,0
-1,8,35,1,144,0
6,-1,49,1,144,0
7,7,106,1,144,0
4,-5,118,1,144,0
6,6,124,1,144,0
5,5,133,1,144,0
1,1,138,1,144,0
2,2,139,1,144,0
4,4,142,1,144,0
0,0,143,1,144,0
3,3,143,1,144,0
7,8,13,1,144,0
-2,0,23,1,144,0
-4,2,36,1,144,0
7,-5,41,1,144,0
5,6,107,1,144,0
6,7,109,1,144,0
4,-6,111,1,144,0
4,5,118,1,144,0
3,4,128,1,144,0
3,-3,129,1,144,0
2,3,136,1,144,0
0,1,139,1,144,0
1,2,143,1,144,0
7,9,5,1,144,0
8,0,28,1,144,0
-4,3,37,1,144,0
6,-3,49,1,144,0
7,-6,49,1,144,0
2,-1,141,1,144,0
6,8,89,1,144,0
5,7,105,1,144,0
2,4,107,1,144,0
4,6,113,1,144,0
1,3,114,1,144,0
3,5,119,1,144,0
3,-4,127,1,144,0
-2,1,142,1,144,0
-1,0,142,1,144,0
-3,3,45,1,144,0
5,-1,57,1,144,0
8,1,61,1,144,0
0,3,63,1,144,0
7,0,71,1,144,0
4,7,75,1,144,0
3,6,77,1,144,0
7,-7,89,1,144,0
5,8,96,1,144,0
3,-5,119,1,144,0
-1,1,135,1,144,0
2,-2,144,1,144,0
9,3,1,1,144,0
8,-1,36,1,144,0
2,6,36,1,144,0
-2,3,51,1,144,0
8,2,58,1,144,0
7,1,66,1,144,0
3,7,69,1,144,0
4,8,71,1,144,0
6,0,79,1,144,0
7,-8,87,1,144,0
-1,-1,104,1,144,0
3,-6,112,1,144,0
-1,2,129,1,144,0
2,-3,135,1,144,0
-9,1,3,1,144,0
-5,7,4,1,144,0
1,6,29,1,144,0
8,-2,34,1,144,0
8,3,47,1,144,0
7,2,53,1,144,0
5,-3,57,1,144,0
-1,3,57,1,144,0
2,7,59,1,144,0
3,8,66,1,144,0
6,1,89,1,144,0
-1,-2,101,1,144,0
3,-7,106,1,144,0
2,-4,126,1,144,0
1,-1,143,1,144,0
-3,6,5,1,144,0
-8,1,9,1,144,0
8,4,11,1,144,0
-4,7,16,1,144,0
0,6,23,1,144,0
8,-3,23,1,144,0
7,3,51,1,144,0
1,7,55,1,144,0
2,8,62,1,144,0
4,0,66,1,144,0
4,-1,73,1,144,0
5,1,85,1,144,0
6,2,96,1,144,0
6,-7,98,1,144,0
2,-5,119,1,144,0
1,-2,143,1,144,0
-2,6,11,1,144,0
-4,8,14,1,144,0
-7,1,15,1,144,0
-3,7,24,1,144,0
8,5,31,1,144,0
7,4,43,1,144,0
7,-1,44,1,144,0
0,7,46,1,144,0
1,8,54,1,144,0
4,-2,68,1,144,0
4,1,72,1,144,0
2,-6,89,1,144,0
3,0,92,1,144,0
6,3,104,1,144,0
5,2,111,1,144,0
1,-3,133,1,144,0
-5,0,4,1,145,0
-1,6,17,1,145,0
-6,1,21,1,145,0
8,6,27,1,145,0
-2,7,29,1,145,0
7,5,35,1,145,0
7,-2,39,1,145,0
4,-3,63,1,145,0
2,0,94,1,145,0
5,3,105,1,145,0
5,-6,108,1,145,0
4,2,118,1,145,0
3,1,125,1,145,0
0,-1,144,1,145,0
-4,0,9,1,145,0
-5,1,24,1,145,0
7,6,26,1,145,0
-2,8,31,1,145,0
5,4,35,1,145,0
-1,7,39,1,145,0
7,-3,43,1,145,0
4,3,44,1,145,0
8,-6,45,1,145,0
3,-1,79,1,145,0
8,7,98,1,145,0
0,-2,99,1,145,0
5,-7,103,1,145,0
3,2,119,1,145,0
6,5,125,1,145,0
2,1,132,1,145,0
1,0,139,1,145,0
-3,0,17,1,145,0
8,8,12,1,145,0
-5,2,29,1,145,0
7,-4,34,1,145,0
-1,8,35,1,145,0
6,-1,49,1,145,0
7,7,106,1,145,0
4,-5,118,1,145,0
6,6,124,1,145,0
5,5,133,1,145,0
1,1,138,1,145,0
2,2,139,1,145,0
4,4,142,1,145,0
0,0,144,1,145,0
3,3,144,1,145,0
3,-2,145,1,145,0
7,8,13,1,145,0
-2,0,23,1,145,0
-4,2,36,1,145,0
7,-5,41,1,145,0
5,6,107,1,145,0
6,7,109,1,145,0
4,-6,111,1,145,0
4,5,118,1,145,0
3,4,128,1,145,0
3,-3,129,1,145,0
2,3,136,1,145,0
0,1,139,1,145,0
1,2,144,1,145,0
7,9,5,1,145,0
8,0,28,1,145,0
-4,3,37,1,145,0
6,-3,49,1,145,0
7,-6,49,1,145,0
2,-1,141,1,145,0
6,8,89,1,145,0
5,7,105,1,145,0
2,4,107,1,145,0
4,6,113,1,145,0
1,3,114,1,145,0
3,5,119,1,145,0
3,-4,127,1,145,0
-2,1,143,1,145,0
-1,0,144,1,145,0
-3,3,45,1,145,0
5,-1,57,1,145,0
8,1,61,1,145,0
0,3,63,1,145,0
7,0,71,1,145,0
4,7,75,1,145,0
3,6,77,1,145,0
7,-7,89,1,145,0
5,8,96,1,145,0
3,-5,119,1,145,0
-1,1,135,1,145,0
2,-2,144,1,145,0
9,3,1,1,145,0
8,-1,36,1,145,0
2,6,36,1,145,0
-2,3,51,1,145,0
8,2,58,1,145,0
7,1,66,1,145,0
3,7,69,1,145,0
4,8,71,1,145,0
6,0,79,1,145,0
7,-8,87,1,145,0
-1,-1,104,1,145,0
3,-6,112,1,145,0
-1,2,129,1,145,0
2,-3,135,1,145,0
-9,1,3,1,145,0
-5,7,4,1,145,0
1,6,29,1,145,0
8,-2,34,1,145,0
8,3,47,1,145,0
7,2,53,1,145,0
5,-3,57,1,145,0
-1,3,57,1,145,0
2,7,59,1,145,0
3,8,66,1,145,0
6,1,89,1,145,0
-1,-2,101,1,145,0
3,-7,106,1,145,0
2,-4,126,1,145,0
1,-1,144,1,145,0
-3,6,5,1,145,0
-8,1,9,1,145,0
8,4,11,1,145,0
-4,7,16,1,145,0
0,6,23,1,145,0
8,-3,23,1,145,0
7,3,51,1,145,0
1,7,55,1,145,0
2,8,62,1,145,0
4,0,66,1,145,0
4,-1,73,1,145,0
5,1,85,1,145,0
6,2,96,1,145,0
6,-7,98,1,145,0
2,-5,119,1,145,0
1,-2,143,1,145,0
-2,6,11,1,145,0
-4,8,14,1,145,0
-7,1,15,1,145,0
-3,7,24,1,145,0
8,5,31,1,145,0
7,4,43,1,145,0
7,-1,44,1,145,0
0,7,46,1,145,0
1,8,54,1,145,0
4,-2,68,1,145,0
4,1,72,1,145,0
2,-6,89,1,145,0
3,0,92,1,145,0
6,3,104,1,145,0
5,2,111,1,145,0
1,-3,133,1,145,0
-5,0,4,1,146,0
-1,6,17,1,146,0
-6,1,21,1,146,0
8,6,27,1,146,0
-2,7,29,1,146,0
7,5,35,1,146,0
7,-2,39,1,146,0
4,-3,63,1,146,0
2,0,94,1,146,0
5,3,105,1,146,0
5,-6,108,1,146,0
4,2,118,1,146,0
3,1,125,1,146,0
0,-1,145,1,146,0
-4,0,9,1,146,0
-5,1,24,1,146,0
7,6,26,1,146,0
-2,8,31,1,146,0
5,4,35,1,146,0
-1,7,39,1,146,0
7,-3,43,1,146,0
4,3,44,1,146,0
8,-6,45,1,146,0
3,-1,79,1,146,0
8,7,98,1,146,0
0,-2,99,1,146,0
5,-7,103,1,146,0
3,2,119,1,146,0
6,5,125,1,146,0
2,1,132,1,146,0
1,0,139,1,146,0
-3,0,17,1,146,0
8,8,12,1,146,0
-5,2,29,1,146,0
7,-4,34,1,146,0
-1,8,35,1,146,0
6,-1,49,1,146,0
7,7,106,1,146,0
4,-5,118,1,146,0
6,6,124,1,146,0
5,5,133,1,146,0
2,2,139,1,146,0
4,4,142,1,146,0
3,-2,146,1,146,0
0,0,145,1,146,0
3,3,145,1,146,0
1,1,145,1,146,0
7,8,13,1,146,0
-2,0,23,1,146,0
-4,2,36,1,146,0
7,-5,41,1,146,0
5,6,107,1,146,0
6,7,109,1,146,0
4,-6,111,1,146,0
4,5,118,1,146,0
3,4,128,1,146,0
3,-3,129,1,146,0
2,3,136,1,146,0
0,1,139,1,146,0
1,2,144,1,146,0
-3,1,144,1,146,0
7,9,5,1,146,0
8,0,28,1,146,0
-4,3,37,1,146,0
6,-3,49,1,146,0
7,-6,49,1,146,0
2,-1,141,1,146,0
6,8,89,1,146,0
5,7,105,1,146,0
2,4,107,1,146,0
4,6,113,1,146,0
1,3,114,1,146,0
3,5,119,1,146,0
3,-4,127,1,146,0
-2,1,143,1,146,0
-1,0,144,1,146,0
-3,3,45,1,146,0
5,-1,57,1,146,0
8,1,61,1,146,0
0,3,63,1,146,0
7,0,71,1,146,0
4,7,75,1,146,0
3,6,77,1,146,0
7,-7,89,1,146,0
5,8,96,1,146,0
3,-5,119,1,146,0
-1,1,135,1,146,0
2,-2,144,1,146,0
9,3,1,1,146,0
8,-1,36,1,146,0
2,6,36,1,146,0
-2,3,51,1,146,0
8,2,58,1,146,0
7,1,66,1,146,0
3,7,69,1,146,0
4,8,71,1,146,0
6,0,79,1,146,0
7,-8,87,1,146,0
3,-6,112,1,146,0
-1,2,129,1,146,0
2,-3,135,1,146,0
-1,-1,145,1,146,0
-9,1,3,1,146,0
-5,7,4,1,146,0
1,6,29,1,146,0
8,-2,34,1,146,0
8,3,47,1,146,0
7,2,53,1,146,0
5,-3,57,1,146,0
-1,3,57,1,146,0
2,7,59,1,146,0
3,8,66,1,146,0
6,1,89,1,146,0
-1,-2,101,1,146,0
3,-7,106,1,146,0
2,-4,126,1,146,0
1,-1,145,1,146,0
-3,6,5,1,146,0
-8,1,9,1,146,0
8,4,11,1,146,0
-4,7,16,1,146,0
0,6,23,1,146,0
8,-3,23,1,146,0
7,3,51,1,146,0
1,7,55,1,146,0
2,8,62,1,146,0
4,0,66,1,146,0
4,-1,73,1,146,0
5,1,85,1,146,0
6,2,96,1,146,0
6,-7,98,1,146,0
2,-5,119,1,146,0
1,-2,143,1,146,0
-2,6,11,1,146,0
-4,8,14,1,146,0
-7,1,15,1,146,0
-3,7,24,1,146,0
8,5,31,1,146,0
7,4,43,1,146,0
7,-1,44,1,146,0
0,7,46,1,146,0
1,8,54,1,146,0
4,-2,68,1,146,0
4,1,72,1,146,0
2,-6,89,1,146,0
3,0,92,1,146,0
6,3,104,1,146,0
5,2,111,1,146,0
1,-3,133,1,146,0
-5,0,4,1,147,0
-1,6,17,1,147,0
-6,1,21,1,147,0
8,6,27,1,147,0
-2,7,29,1,147,0
7,5,35,1,147,0
7,-2,39,1,147,0
4,-3,63,1,147,0
2,0,94,1,147,0
5,3,105,1,147,0
5,-6,108,1,147,0
4,2,118,1,147,0
3,1,125,1,147,0
0,-1,146,1,147,0
-4,0,9,1,147,0
-5,1,24,1,147,0
7,6,26,1,147,0
-2,8,31,1,147,0
5,4,35,1,147,0
-1,7,39,1,147,0
7,-3,43,1,147,0
4,3,44,1,147,0
8,-6,45,1,147,0
3,-1,147,1,147,0
8,7,98,1,147,0
0,-2,99,1,147,0
5,-7,103,1,147,0
3,2,119,1,147,0
6,5,125,1,147,0
2,1,132,1,147,0
1,0,139,1,147,0
-3,0,17,1,147,0
8,8,12,1,147,0
-5,2,29,1,147,0
7,-4,34,1,147,0
-1,8,35,1,147,0
6,-1,49,1,147,0
7,7,106,1,147,0
4,-5,118,1,147,0
6,6,124,1,147,0
5,5,133,1,147,0
2,2,139,1,147,0
4,4,142,1,147,0
3,-2,146,1,147,0
0,0,146,1,147,0
3,3,146,1,147,0
1,1,146,1,147,0
7,8,13,1,147,0
-2,0,23,1,147,0
-4,2,36,1,147,0
7,-5,41,1,147,0
5,6,107,1,147,0
6,7,109,1,147,0
4,-6,111,1,147,0
4,5,118,1,147,0
3,4,128,1,147,0
3,-3,129,1,147,0
2,3,136,1,147,0
0,1,139,1,147,0
1,2,144,1,147,0
-3,1,145,1,147,0
7,9,5,1,147,0
8,0,28,1,147,0
-4,3,37,1,147,0
6,-3,49,1,147,0
7,-6,49,1,147,0
2,-1,141,1,147,0
6,8,89,1,147,0
5,7,105,1,147,0
2,4,107,1,147,0
4,6,113,1,147,0
1,3,114,1,147,0
3,5,119,1,147,0
3,-4,127,1,147,0
-2,1,143,1,147,0
-1,0,144,1,147,0
-3,3,45,1,147,0
5,-1,57,1,147,0
8,1,61,1,147,0
0,3,63,1,147,0
7,0,71,1,147,0
4,7,75,1,147,0
3,6,77,1,147,0
7,-7,89,1,147,0
5,8,96,1,147,0
3,-5,119,1,147,0
-1,1,135,1,147,0
2,-2,144,1,147,0
9,3,1,1,147,0
8,-1,36,1,147,0
2,6,36,1,147,0
-2,3,51,1,147,0
8,2,58,1,147,0
7,1,66,1,147,0
3,7,69,1,147,0
4,8,71,1,147,0
6,0,79,1,147,0
7,-8,87,1,147,0
3,-6,112,1,147,0
-1,2,129,1,147,0
2,-3,135,1,147,0
-1,-1,146,1,147,0
-9,1,3,1,147,0
-5,7,4,1,147,0
1,6,29,1,147,0
8,-2,34,1,147,0
8,3,47,1,147,0
7,2,53,1,147,0
5,-3,57,1,147,0
-1,3,57,1,147,0
2,7,59,1,147,0
3,8,66,1,147,0
6,1,89,1,147,0
-1,-2,101,1,147,0
3,-7,106,1,147,0
2,-4,126,1,147,0
1,-1,146,1,147,0
-3,6,5,1,147,0
-8,1,9,1,147,0
8,4,11,1,147,0
-4,7,16,1,147,0
0,6,23,1,147,0
8,-3,23,1,147,0
7,3,51,1,147,0
1,7,55,1,147,0
2,8,62,1,147,0
4,0,66,1,147,0
4,-1,73,1,147,0
5,1,85,1,147,0
6,2,96,1,147,0
6,-7,98,1,147,0
2,-5,119,1,147,0
1,-2,143,1,147,0
-2,6,11,1,147,0
-4,8,14,1,147,0
-7,1,15,1,147,0
-3,7,24,1,147,0
8,5,31,1,147,0
7,4,43,1,147,0
7,-1,44,1,147,0
0,7,46,1,147,0
1,8,54,1,147,0
4,-2,68,1,147,0
4,1,72,1,147,0
2,-6,89,1,147,0
3,0,92,1,147,0
6,3,104,1,147,0
5,2,111,1,147,0
1,-3,133,1,147,0
-5,0,4,1,148,0
-1,6,17,1,148,0
-6,1,21,1,148,0
8,6,27,1,148,0
-2,7,29,1,148,0
7,5,35,1,148,0
7,-2,39,1,148,0
4,-3,63,1,148,0
2,0,94,1,148,0
5,3,105,1,148,0
5,-6,108,1,148,0
4,2,118,1,148,0
3,1,125,1,148,0
0,-1,147,1,148,0
-4,0,9,1,148,0
-5,1,24,1,148,0
7,6,26,1,148,0
-2,8,31,1,148,0
5,4,35,1,148,0
-1,7,39,1,148,0
7,-3,43,1,148,0
4,3,44,1,148,0
8,-6,45,1,148,0
3,-1,148,1,148,0
8,7,98,1,148,0
0,-2,99,1,148,0
5,-7,103,1,148,0
3,2,119,1,148,0
6,5,125,1,148,0
2,1,132,1,148,0
1,0,139,1,148,0
-3,0,17,1,148,0
8,8,12,1,148,0
-5,2,29,1,148,0
7,-4,34,1,148,0
-1,8,35,1,148,0
6,-1,49,1,148,0
7,7,106,1,148,0
4,-5,118,1,148,0
6,6,124,1,148,0
5,5,133,1,148,0
2,2,139,1,148,0
4,4,142,1,148,0
3,-2,146,1,148,0
0,0,147,1,148,0
3,3,147,1,148,0
1,1,147,1,148,0
7,8,13,1,148,0
-2,0,23,1,148,0
-4,2,36,1,148,0
7,-5,41,1,148,0
5,6,107,1,148,0
6,7,109,1,148,0
4,-6,111,1,148,0
4,5,118,1,148,0
3,4,128,1,148,0
3,-3,129,1,148,0
2,3,136,1,148,0
0,1,139,1,148,0
1,2,144,1,148,0
-3,1,146,1,148,0
7,9,5,1,148,0
8,0,28,1,148,0
-4,3,37,1,148,0
6,-3,49,1,148,0
7,-6,49,1,148,0
2,-1,141,1,148,0
6,8,89,1,148,0
5,7,105,1,148,0
2,4,107,1,148,0
4,6,113,1,148,0
1,3,114,1,148,0
3,5,119,1,148,0
3,-4,127,1,148,0
-2,1,143,1,148,0
-1,0,144,1,148,0
-3,3,45,1,148,0
5,-1,57,1,148,0
8,1,61,1,148,0
0,3,63,1,148,0
7,0,71,1,148,0
4,7,75,1,148,0
3,6,77,1,148,0
7,-7,89,1,148,0
5,8,96,1,148,0
3,-5,119,1,148,0
-1,1,135,1,148,0
2,-2,144,1,148,0
9,3,1,1,148,0
8,-1,36,1,148,0
2,6,36,1,148,0
-2,3,51,1,148,0
8,2,58,1,148,0
7,1,66,1,148,0
3,7,69,1,148,0
4,8,71,1,148,0
6,0,79,1,148,0
7,-8,87,1,148,0
3,-6,112,1,148,0
-1,2,129,1,148,0
2,-3,135,1,148,0
-1,-1,147,1,148,0
-9,1,3,1,148,0
-5,7,4,1,148,0
1,6,29,1,148,0
8,-2,34,1,148,0
8,3,47,1,148,0
7,2,53,1,148,0
5,-3,57,1,148,0
-1,3,57,1,148,0
2,7,59,1,148,0
3,8,66,1,148,0
6,1,89,1,148,0
-1,-2,101,1,148,0
3,-7,106,1,148,0
2,-4,126,1,148,0
1,-1,147,1,148,0
-3,6,5,1,148,0
-8,1,9,1,148,0
8,4,11,1,148,0
-4,7,16,1,148,0
0,6,23,1,148,0
8,-3,23,1,148,0
7,3,51,1,148,0
1,7,55,1,148,0
2,8,62,1,148,0
4,0,66,1,148,0
4,-1,73,1,148,0
5,1,85,1,148,0
6,2,96,1,148,0
6,-7,98,1,148,0
2,-5,119,1,148,0
1,-2,143,1,148,0
-2,6,11,1,148,0
-4,8,14,1,148,0
-7,1,15,1,148,0
-3,7,24,1,148,0
8,5,31,1,148,0
7,4,43,1,148,0
7,-1,44,1,148,0
0,7,46,1,148,0
1,8,54,1,148,0
4,-2,68,1,148,0
4,1,72,1,148,0
2,-6,89,1,148,0
3,0,92,1,148,0
6,3,104,1,148,0
5,2,111,1,148,0
1,-3,133,1,148,0
-5,0,4,1,149,0
-1,6,17,1,149,0
-6,1,21,1,149,0
8,6,27,1,149,0
-2,7,29,1,149,0
7,5,35,1,149,0
7,-2,39,1,149,0
4,-3,63,1,149,0
2,0,94,1,149,0
5,3,105,1,149,0
5,-6,108,1,149,0
4,2,118,1,149,0
3,1,125,1,149,0
0,-1,147,1,149,0
-4,0,9,1,149,0
-5,1,24,1,149,0
7,6,26,1,149,0
-2,8,31,1,149,0
5,4,35,1,149,0
-1,7,39,1,149,0
7,-3,43,1,149,0
4,3,44,1,149,0
8,-6,45,1,149,0
3,-1,149,1,149,0
8,7,98,1,149,0
0,-2,99,1,149,0
5,-7,103,1,149,0
3,2,119,1,149,0
6,5,125,1,149,0
2,1,132,1,149,0
1,0,139,1,149,0
-3,0,17,1,149,0
8,8,12,1,149,0
-5,2,29,1,149,0
7,-4,34,1,149,0
-1,8,35,1,149,0
6,-1,49,1,149,0
7,7,106,1,149,0
4,-5,118,1,149,0
6,6,124,1,149,0
5,5,133,1,149,0
2,2,139,1,149,0
4,4,142,1,149,0
3,-2,146,1,149,0
0,0,148,1,149,0
3,3,148,1,149,0
1,1,148,1,149,0
7,8,13,1,149,0
-2,0,23,1,149,0
-4,2,36,1,149,0
7,-5,41,1,149,0
5,6,107,1,149,0
6,7,109,1,149,0
4,-6,111,1,149,0
4,5,118,1,149,0
3,4,128,1,149,0
3,-3,129,1,149,0
2,3,136,1,149,0
0,1,139,1,149,0
1,2,144,1,149,0
-3,1,147,1,149,0
-2,-1,148,1,149,0
7,9,5,1,149,0
8,0,28,1,149,0
-4,3,37,1,149,0
6,-3,49,1,149,0
7,-6,49,1,149,0
2,-1,141,1,149,0
6,8,89,1,149,0
5,7,105,1,149,0
2,4,107,1,149,0
4,6,113,1,149,0
1,3,114,1,149,0
3,5,119,1,149,0
3,-4,127,1,149,0
-2,1,143,1,149,0
-1,0,144,1,149,0
-3,3,45,1,149,0
5,-1,57,1,149,0
8,1,61,1,149,0
0,3,63,1,149,0
7,0,71,1,149,0
4,7,75,1,149,0
3,6,77,1,149,0
7,-7,89,1,149,0
5,8,96,1,149,0
3,-5,119,1,149,0
-1,1,135,1,149,0
2,-2,144,1,149,0
9,3,1,1,149,0
8,-1,36,1,149,0
2,6,36,1,149,0
-2,3,51,1,149,0
8,2,58,1,149,0
7,1,66,1,149,0
3,7,69,1,149,0
4,8,71,1,149,0
6,0,79,1,149,0
7,-8,87,1,149,0
3,-6,112,1,149,0
-1,2,129,1,149,0
2,-3,135,1,149,0
-1,-1,147,1,149,0
-9,1,3,1,149,0
-5,7,4,1,149,0
1,6,29,1,149,0
8,-2,34,1,149,0
8,3,47,1,149,0
7,2,53,1,149,0
5,-3,57,1,149,0
-1,3,57,1,149,0
2,7,59,1,149,0
3,8,66,1,149,0
6,1,89,1,149,0
-1,-2,101,1,149,0
3,-7,106,1,149,0
2,-4,126,1,149,0
1,-1,148,1,149,0
-3,6,5,1,149,0
-8,1,9,1,149,0
8,4,11,1,149,0
-4,7,16,1,149,0
0,6,23,1,149,0
8,-3,23,1,149,0
7,3,51,1,149,0
1,7,55,1,149,0
2,8,62,1,149,0
4,0,66,1,149,0
4,-1,73,1,149,0
5,1,85,1,149,0
6,2,96,1,149,0
6,-7,98,1,149,0
2,-5,119,1,149,0
1,-2,143,1,149,0
-2,6,11,1,149,0
-4,8,14,1,149,0
-7,1,15,1,149,0
-3,7,24,1,149,0
8,5,31,1,149,0
7,4,43,1,149,0
7,-1,44,1,149,0
0,7,46,1,149,0
1,8,54,1,149,0
4,-2,68,1,149,0
4,1,72,1,149,0
2,-6,89,1,149,0
3,0,92,1,149,0
6,3,104,1,149,0
5,2,111,1,149,0
1,-3,133,1,149,0
-5,0,4,1,150,0
-1,6,17,1,150,0
-6,1,21,1,150,0
8,6,27,1,150,0
-2,7,29,1,150,0
7,5,35,1,150,0
7,-2,39,1,150,0
4,-3,63,1,150,0
2,0,94,1,150,0
5,3,105,1,150,0
5,-6,108,1,150,0
4,2,118,1,150,0
3,1,125,1,150,0
0,-1,147,1,150,0
-4,0,9,1,150,0
-5,1,24,1,150,0
7,6,26,1,150,0
-2,8,31,1,150,0
5,4,35,1,150,0
-1,7,39,1,150,0
7,-3,43,1,150,0
4,3,44,1,150,0
8,-6,45,1,150,0
3,-1,149,1,150,0
8,7,98,1,150,0
0,-2,99,1,150,0
5,-7,103,1,150,0
3,2,119,1,150,0
6,5,125,1,150,0
2,1,132,1,150,0
1,0,149,1,150,0
-3,0,17,1,150,0
8,8,12,1,150,0
-5,2,29,1,150,0
7,-4,34,1,150,0
-1,8,35,1,150,0
6,-1,49,1,150,0
7,7,106,1,150,0
4,-5,118,1,150,0
6,6,124,1,150,0
5,5,133,1,150,0
2,2,139,1,150,0
4,4,142,1,150,0
3,-2,146,1,150,0
0,0,149,1,150,0
3,3,149,1,150,0
1,1,149,1,150,0
7,8,13,1,150,0
-2,0,23,1,150,0
-4,2,36,1,150,0
7,-5,41,1,150,0
5,6,107,1,150,0
6,7,109,1,150,0
4,-6,111,1,150,0
4,5,118,1,150,0
3,4,128,1,150,0
3,-3,129,1,150,0
2,3,136,1,150,0
0,1,139,1,150,0
1,2,144,1,150,0
-3,1,148,1,150,0
-2,-1,149,1,150,0
7,9,5,1,150,0
8,0,28,1,150,0
-4,3,37,1,150,0
6,-3,49,1,150,0
7,-6,49,1,150,0
2,-1,141,1,150,0
6,8,89,1,150,0
5,7,105,1,150,0
2,4,107,1,150,0
4,6,113,1,150,0
1,3,114,1,150,0
3,5,119,1,150,0
3,-4,127,1,150,0
-2,1,143,1,150,0
-1,0,144,1,150,0
-3,3,45,1,150,0
5,-1,57,1,150,0
8,1,61,1,150,0
0,3,63,1,150,0
7,0,71,1,150,0
4,7,75,1,150,0
3,6,77,1,150,0
7,-7,89,1,150,0
5,8,96,1,150,0
3,-5,119,1,150,0
-1,1,135,1,150,0
2,-2,144,1,150,0
9,3,1,1,150,0
8,-1,36,1,150,0
2,6,36,1,150,0
-2,3,51,1,150,0
8,2,58,1,150,0
7,1,66,1,150,0
3,7,69,1,150,0
4,8,71,1,150,0
6,0,79,1,150,0
7,-8,87,1,150,0
3,-6,112,1,150,0
-1,2,129,1,150,0
2,-3,135,1,150,0
-1,-1,147,1,150,0
-9,1,3,1,150,0
-5,7,4,1,150,0
1,6,29,1,150,0
8,-2,34,1,150,0
8,3,47,1,150,0
7,2,53,1,150,0
5,-3,57,1,150,0
-1,3,57,1,150,0
2,7,59,1,150,0
3,8,66,1,150,0
6,1,89,1,150,0
-1,-2,101,1,150,0
3,-7,106,1,150,0
2,-4,126,1,150,0
1,-1,149,1,150,0
-3,6,5,1,150,0
-8,1,9,1,150,0
8,4,11,1,150,0
-4,7,16,1,150,0
0,6,23,1,150,0
8,-3,23,1,150,0
7,3,51,1,150,0
1,7,55,1,150,0
2,8,62,1,150,0
4,0,66,1,150,0
4,-1,73,1,150,0
5,1,85,1,150,0
6,2,96,1,150,0
6,-7,98,1,150,0
2,-5,119,1,150,0
1,-2,143,1,150,0
-2,6,11,1,150,0
-4,8,14,1,150,0
-7,1,15,1,150,0
-3,7,24,1,150,0
8,5,31,1,150,0
7,4,43,1,150,0
7,-1,44,1,150,0
0,7,46,1,150,0
1,8,54,1,150,0
4,-2,68,1,150,0
4,1,72,1,150,0
2,-6,89,1,150,0
3,0,92,1,150,0
6,3,104,1,150,0
5,2,111,1,150,0
1,-3,133,1,150,0
-5,0,4,1,151,0
-1,6,17,1,151,0
-6,1,21,1,151,0
8,6,27,1,151,0
-2,7,29,1,151,0
7,5,35,1,151,0
7,-2,39,1,151,0
4,-3,63,1,151,0
2,0,94,1,151,0
5,3,105,1,151,0
5,-6,108,1,151,0
4,2,118,1,151,0
3,1,125,1,151,0
0,-1,147,1,151,0
-4,0,9,1,151,0
-5,1,24,1,151,0
7,6,26,1,151,0
-2,8,31,1,151,0
5,4,35,1,151,0
-1,7,39,1,151,0
7,-3,43,1,151,0
4,3,44,1,151,0
8,-6,45,1,151,0
3,-1,151,1,151,0
8,7,98,1,151,0
0,-2,99,1,151,0
5,-7,103,1,151,0
3,2,119,1,151,0
6,5,125,1,151,0
2,1,132,1,151,0
1,0,149,1,151,0
-3,0,17,1,151,0
8,8,12,1,151,0
-5,2,29,1,151,0
7,-4,34,1,151,0
-1,8,35,1,151,0
6,-1,49,1,151,0
7,7,106,1,151,0
4,-5,118,1,151,0
6,6,124,1,151,0
5,5,133,1,151,0
2,2,139,1,151,0
4,4,142,1,151,0
3,-2,146,1,151,0
0,0,149,1,151,0
3,3,149,1,151,0
1,1,149,1,151,0
7,8,13,1,151,0
-2,0,23,1,151,0
-4,2,36,1,151,0
7,-5,41,1,151,0
5,6,107,1,151,0
6,7,109,1,151,0
4,-6,111,1,151,0
4,5,118,1,151,0
3,4,128,1,151,0
3,-3,129,1,151,0
2,3,136,1,151,0
0,1,139,1,151,0
1,2,144,1,151,0
-2,-1,149,1,151,0
-3,1,149,1,151,0
7,9,5,1,151,0
8,0,28,1,151,0
-4,3,37,1,151,0
6,-3,49,1,151,0
7,-6,49,1,151,0
2,-1,141,1,151,0
6,8,89,1,151,0
5,7,105,1,151,0
2,4,107,1,151,0
4,6,113,1,151,0
1,3,114,1,151,0
3,5,119,1,151,0
3,-4,127,1,151,0
-2,1,143,1,151,0
-1,0,144,1,151,0
-3,3,45,1,151,0
5,-1,57,1,151,0
8,1,61,1,151,0
0,3,63,1,151,0
7,0,71,1,151,0
4,7,75,1,151,0
3,6,77,1,151,0
7,-7,89,1,151,0
5,8,96,1,151,0
3,-5,119,1,151,0
-1,1,135,1,151,0
2,-2,144,1,151,0
9,3,1,1,151,0
8,-1,36,1,151,0
2,6,36,1,151,0
-2,3,51,1,151,0
8,2,58,1,151,0
7,1,66,1,151,0
3,7,69,1,151,0
4,8,71,1,151,0
6,0,79,1,151,0
7,-8,87,1,151,0
3,-6,112,1,151,0
-1,2,129,1,151,0
2,-3,135,1,151,0
-1,-1,147,1,151,0
-9,1,3,1,151,0
-5,7,4,1,151,0
1,6,29,1,151,0
8,-2,34,1,151,0
8,3,47,1,151,0
7,2,53,1,151,0
5,-3,57,1,151,0
-1,3,57,1,151,0
2,7,59,1,151,0
3,8,66,1,151,0
6,1,89,1,151,0
-1,-2,101,1,151,0
3,-7,106,1,151,0
2,-4,126,1,151,0
1,-1,149,1,151,0
-3,6,5,1,151,0
-8,1,9,1,151,0
8,4,11,1,151,0
-4,7,16,1,151,0
0,6,23,1,151,0
8,-3,23,1,151,0
7,3,51,1,151,0
1,7,55,1,151,0
2,8,62,1,151,0
4,0,66,1,151,0
4,-1,73,1,151,0
5,1,85,1,151,0
6,2,96,1,151,0
6,-7,98,1,151,0
2,-5,119,1,151,0
1,-2,143,1,151,0
-2,6,11,1,151,0
-4,8,14,1,151,0
-7,1,15,1,151,0
-3,7,24,1,151,0
8,5,31,1,151,0
7,4,43,1,151,0
7,-1,44,1,151,0
0,7,46,1,151,0
1,8,54,1,151,0
4,-2,68,1,151,0
4,1,72,1,151,0
2,-6,89,1,151,0
3,0,92,1,151,0
6,3,104,1,151,0
5,2,111,1,151,0
1,-3,133,1,151,0
-5,0,4,1,152,0
-1,6,17,1,152,0
-6,1,21,1,152,0
8,6,27,1,152,0
-2,7,29,1,152,0
7,5,35,1,152,0
7,-2,39,1,152,0
4,-3,63,1,152,0
2,0,94,1,152,0
5,3,105,1,152,0
5,-6,108,1,152,0
4,2,118,1,152,0
3,1,125,1,152,0
0,-1,151,1,152,0
-4,0,9,1,152,0
-5,1,24,1,152,0
7,6,26,1,152,0
-2,8,31,1,152,0
5,4,35,1,152,0
-1,7,39,1,152,0
7,-3,43,1,152,0
4,3,44,1,152,0
8,-6,45,1,152,0
3,-1,151,1,152,0
8,7,98,1,152,0
0,-2,99,1,152,0
5,-7,103,1,152,0
3,2,119,1,152,0
6,5,125,1,152,0
2,1,132,1,152,0
1,0,151,1,152,0
-3,0,17,1,152,0
8,8,12,1,152,0
-5,2,29,1,152,0
7,-4,34,1,152,0
-1,8,35,1,152,0
6,-1,49,1,152,0
7,7,106,1,152,0
4,-5,118,1,152,0
6,6,124,1,152,0
5,5,133,1,152,0
2,2,139,1,152,0
4,4,142,1,152,0
3,-2,146,1,152,0
1,1,149,1,152,0
0,0,151,1,152,0
3,3,151,1,152,0
7,8,13,1,152,0
-2,0,23,1,152,0
7,-5,41,1,152,0
5,6,107,1,152,0
6,7,109,1,152,0
4,-6,111,1,152,0
4,5,118,1,152,0
3,4,128,1,152,0
3,-3,129,1,152,0
2,3,136,1,152,0
1,2,144,1,152,0
-3,1,149,1,152,0
-4,2,151,1,152,0
-2,-1,151,1,152,0
0,1,151,1,152,0
7,9,5,1,152,0
8,0,28,1,152,0
-4,3,37,1,152,0
6,-3,49,1,152,0
7,-6,49,1,152,0
2,-1,141,1,152,0
6,8,89,1,152,0
5,7,105,1,152,0
2,4,107,1,152,0
4,6,113,1,152,0
1,3,114,1,152,0
3,5,119,1,152,0
3,-4,127,1,152,0
-2,1,143,1,152,0
-1,0,144,1,152,0
-3,3,45,1,152,0
5,-1,57,1,152,0
8,1,61,1,152,0
0,3,63,1,152,0
7,0,71,1,152,0
4,7,75,1,152,0
3,6,77,1,152,0
7,-7,89,1,152,0
5,8,96,1,152,0
3,-5,119,1,152,0
-1,1,135,1,152,0
2,-2,144,1,152,0
9,3,1,1,152,0
8,-1,36,1,152,0
2,6,36,1,152,0
-2,3,51,1,152,0
8,2,58,1,152,0
7,1,66,1,152,0
3,7,69,1,152,0
4,8,71,1,152,0
6,0,79,1,152,0
7,-8,87,1,152,0
3,-6,112,1,152,0
-1,2,129,1,152,0
2,-3,135,1,152,0
-1,-1,147,1,152,0
-9,1,3,1,152,0
-5,7,4,1,152,0
1,6,29,1,152,0
8,-2,34,1,152,0
8,3,47,1,152,0
7,2,53,1,152,0
5,-3,57,1,152,0
-1,3,57,1,152,0
2,7,59,1,152,0
3,8,66,1,152,0
6,1,89,1,152,0
-1,-2,101,1,152,0
3,-7,106,1,152,0
2,-4,126,1,152,0
1,-1,149,1,152,0
-3,6,5,1,152,0
-8,1,9,1,152,0
8,4,11,1,152,0
-4,7,16,1,152,0
0,6,23,1,152,0
8,-3,23,1,152,0
7,3,51,1,152,0
1,7,55,1,152,0
2,8,62,1,152,0
4,0,66,1,152,0
4,-1,152,1,152,0
5,1,85,1,152,0
6,2,96,1,152,0
6,-7,98,1,152,0
2,-5,119,1,152,0
1,-2,143,1,152,0
-2,6,11,1,152,0
-4,8,14,1,152,0
-7,1,15,1,152,0
-3,7,24,1,152,0
8,5,31,1,152,0
7,4,43,1,152,0
7,-1,44,1,152,0
0,7,46,1,152,0
1,8,54,1,152,0
4,-2,68,1,152,0
4,1,72,1,152,0
2,-6,89,1,152,0
3,0,92,1,152,0
6,3,104,1,152,0
5,2,111,1,152,0
1,-3,133,1,152,0
-5,0,4,1,153,0
-1,6,17,1,153,0
-6,1,21,1,153,0
8,6,27,1,153,0
-2,7,29,1,153,0
7,5,35,1,153,0
7,-2,39,1,153,0
4,-3,63,1,153,0
2,0,94,1,153,0
5,3,105,1,153,0
5,-6,108,1,153,0
4,2,118,1,153,0
3,1,125,1,153,0
0,-1,151,1,153,0
-4,0,9,1,153,0
-5,1,24,1,153,0
7,6,26,1,153,0
-2,8,31,1,153,0
5,4,35,1,153,0
-1,7,39,1,153,0
7,-3,43,1,153,0
4,3,44,1,153,0
8,-6,45,1,153,0
3,-1,151,1,153,0
8,7,98,1,153,0
0,-2,99,1,153,0
5,-7,103,1,153,0
3,2,119,1,153,0
6,5,125,1,153,0
2,1,132,1,153,0
1,0,152,1,153,0
-3,0,17,1,153,0
8,8,12,1,153,0
-5,2,29,1,153,0
7,-4,34,1,153,0
-1,8,35,1,153,0
6,-1,49,1,153,0
7,7,106,1,153,0
4,-5,118,1,153,0
6,6,124,1,153,0
5,5,133,1,153,0
4,4,142,1,153,0
3,-2,146,1,153,0
1,1,149,1,153,0
3,3,151,1,153,0
2,2,152,1,153,0
0,0,152,1,153,0
7,8,13,1,153,0
-2,0,23,1,153,0
7,-5,41,1,153,0
5,6,107,1,153,0
6,7,109,1,153,0
4,-6,111,1,153,0
4,5,118,1,153,0
3,4,128,1,153,0
3,-3,129,1,153,0
2,3,136,1,153,0
1,2,144,1,153,0
-3,1,149,1,153,0
0,1,151,1,153,0
-4,2,152,1,153,0
-2,-1,152,1,153,0
7,9,5,1,153,0
8,0,28,1,153,0
-4,3,37,1,153,0
6,-3,49,1,153,0
7,-6,49,1,153,0
2,-1,141,1,153,0
6,8,89,1,153,0
5,7,105,1,153,0
2,4,107,1,153,0
4,6,113,1,153,0
1,3,114,1,153,0
3,5,119,1,153,0
3,-4,127,1,153,0
-2,1,143,1,153,0
-1,0,152,1,153,0
-3,3,45,1,153,0
5,-1,57,1,153,0
8,1,61,1,153,0
0,3,63,1,153,0
7,0,71,1,153,0
4,7,75,1,153,0
3,6,77,1,153,0
7,-7,89,1,153,0
5,8,96,1,153,0
3,-5,119,1,153,0
-1,1,135,1,153,0
2,-2,144,1,153,0
9,3,1,1,153,0
8,-1,36,1,153,0
2,6,36,1,153,0
-2,3,51,1,153,0
8,2,58,1,153,0
7,1,66,1,153,0
3,7,69,1,153,0
4,8,71,1,153,0
6,0,79,1,153,0
7,-8,87,1,153,0
3,-6,112,1,153,0
-1,2,129,1,153,0
2,-3,135,1,153,0
-1,-1,147,1,153,0
-9,1,3,1,153,0
-5,7,4,1,153,0
1,6,29,1,153,0
8,-2,34,1,153,0
8,3,47,1,153,0
7,2,53,1,153,0
5,-3,57,1,153,0
-1,3,57,1,153,0
2,7,59,1,153,0
3,8,66,1,153,0
6,1,89,1,153,0
-1,-2,101,1,153,0
3,-7,106,1,153,0
2,-4,126,1,153,0
1,-1,149,1,153,0
-3,6,5,1,153,0
-8,1,9,1,153,0
8,4,11,1,153,0
-4,7,16,1,153,0
0,6,23,1,153,0
8,-3,23,1,153,0
7,3,51,1,153,0
1,7,55,1,153,0
2,8,62,1,153,0
4,0,66,1,153,0
4,-1,153,1,153,0
5,1,85,1,153,0
6,2,96,1,153,0
6,-7,98,1,153,0
2,-5,119,1,153,0
1,-2,143,1,153,0
-2,6,11,1,153,0
-4,8,14,1,153,0
-7,1,15,1,153,0
-3,7,24,1,153,0
8,5,31,1,153,0
7,4,43,1,153,0
7,-1,44,1,153,0
0,7,46,1,153,0
1,8,54,1,153,0
4,-2,68,1,153,0
4,1,72,1,153,0
2,-6,89,1,153,0
3,0,92,1,153,0
6,3,104,1,153,0
5,2,111,1,153,0
1,-3,133,1,153,0
-5,0,4,1,154,0
-1,6,17,1,154,0
-6,1,21,1,154,0
8,6,27,1,154,0
-2,7,29,1,154,0
7,5,35,1,154,0
7,-2,39,1,154,0
4,-3,63,1,154,0
2,0,94,1,154,0
5,3,105,1,154,0
5,-6,108,1,154,0
4,2,118,1,154,0
3,1,125,1,154,0
0,-1,151,1,154,0
-4,0,9,1,154,0
-5,1,24,1,154,0
7,6,26,1,154,0
-2,8,31,1,154,0
5,4,35,1,154,0
-1,7,39,1,154,0
7,-3,43,1,154,0
4,3,44,1,154,0
8,-6,45,1,154,0
3,-1,151,1,154,0
8,7,98,1,154,0
0,-2,99,1,154,0
5,-7,103,1,154,0
3,2,119,1,154,0
6,5,125,1,154,0
2,1,132,1,154,0
1,0,153,1,154,0
-3,0,17,1,154,0
8,8,12,1,154,0
-5,2,29,1,154,0
7,-4,34,1,154,0
-1,8,35,1,154,0
6,-1,49,1,154,0
7,7,106,1,154,0
4,-5,118,1,154,0
6,6,124,1,154,0
5,5,133,1,154,0
4,4,142,1,154,0
3,-2,146,1,154,0
1,1,149,1,154,0
3,3,151,1,154,0
2,2,153,1,154,0
0,0,153,1,154,0
7,8,13,1,154,0
-2,0,23,1,154,0
7,-5,41,1,154,0
5,6,107,1,154,0
6,7,109,1,154,0
4,-6,111,1,154,0
4,5,118,1,154,0
3,4,128,1,154,0
3,-3,129,1,154,0
2,3,136,1,154,0
1,2,144,1,154,0
-3,1,149,1,154,0
0,1,151,1,154,0
-4,2,153,1,154,0
-2,-1,153,1,154,0
7,9,5,1,154,0
8,0,28,1,154,0
-4,3,37,1,154,0
6,-3,49,1,154,0
7,-6,49,1,154,0
2,-1,141,1,154,0
6,8,89,1,154,0
5,7,105,1,154,0
2,4,107,1,154,0
4,6,113,1,154,0
1,3,114,1,154,0
3,5,119,1,154,0
3,-4,127,1,154,0
-2,1,143,1,154,0
-1,0,153,1,154,0
-3,3,45,1,154,0
5,-1,57,1,154,0
8,1,61,1,154,0
0,3,63,1,154,0
7,0,71,1,154,0
4,7,75,1,154,0
3,6,77,1,154,0
7,-7,89,1,154,0
5,8,96,1,154,0
3,-5,119,1,154,0
-1,1,135,1,154,0
2,-2,144,1,154,0
9,3,1,1,154,0
8,-1,36,1,154,0
2,6,36,1,154,0
-2,3,51,1,154,0
8,2,58,1,154,0
7,1,66,1,154,0
3,7,69,1,154,0
4,8,71,1,154,0
6,0,79,1,154,0
7,-8,87,1,154,0
3,-6,112,1,154,0
-1,2,129,1,154,0
2,-3,135,1,154,0
-1,-1,147,1,154,0
-9,1,3,1,154,0
-5,7,4,1,154,0
1,6,29,1,154,0
8,-2,34,1,154,0
8,3,47,1,154,0
7,2,53,1,154,0
5,-3,57,1,154,0
-1,3,57,1,154,0
2,7,59,1,154,0
3,8,66,1,154,0
6,1,89,1,154,0
-1,-2,101,1,154,0
3,-7,106,1,154,0
2,-4,126,1,154,0
1,-1,149,1,154,0
-3,6,5,1,154,0
-8,1,9,1,154,0
8,4,11,1,154,0
-4,7,16,1,154,0
0,6,23,1,154,0
8,-3,23,1,154,0
7,3,51,1,154,0
1,7,55,1,154,0
2,8,62,1,154,0
4,0,66,1,154,0
4,-1,154,1,154,0
5,1,85,1,154,0
6,2,96,1,154,0
6,-7,98,1,154,0
2,-5,119,1,154,0
1,-2,143,1,154,0
-2,6,11,1,154,0
-4,8,14,1,154,0
-7,1,15,1,154,0
-3,7,24,1,154,0
8,5,31,1,154,0
7,4,43,1,154,0
7,-1,44,1,154,0
0,7,46,1,154,0
1,8,54,1,154,0
4,-2,68,1,154,0
4,1,72,1,154,0
2,-6,89,1,154,0
3,0,92,1,154,0
6,3,104,1,154,0
5,2,111,1,154,0
1,-3,133,1,154,0
-5,0,4,1,155,0
-1,6,17,1,155,0
-6,1,21,1,155,0
8,6,27,1,155,0
-2,7,29,1,155,0
7,5,35,1,155,0
7,-2,39,1,155,0
4,-3,63,1,155,0
2,0,94,1,155,0
5,3,105,1,155,0
5,-6,108,1,155,0
4,2,118,1,155,0
3,1,125,1,155,0
0,-1,151,1,155,0
-4,0,9,1,155,0
-5,1,24,1,155,0
7,6,26,1,155,0
-2,8,31,1,155,0
5,4,35,1,155,0
-1,7,39,1,155,0
7,-3,43,1,155,0
4,3,44,1,155,0
8,-6,45,1,155,0
3,-1,151,1,155,0
8,7,98,1,155,0
0,-2,99,1,155,0
5,-7,103,1,155,0
3,2,119,1,155,0
6,5,125,1,155,0
2,1,132,1,155,0
1,0,154,1,155,0
-3,0,17,1,155,0
8,8,12,1,155,0
-5,2,29,1,155,0
7,-4,34,1,155,0
-1,8,35,1,155,0
6,-1,49,1,155,0
7,7,106,1,155,0
4,-5,118,1,155,0
6,6,124,1,155,0
5,5,133,1,155,0
4,4,142,1,155,0
3,-2,146,1,155,0
1,1,149,1,155,0
3,3,151,1,155,0
2,2,154,1,155,0
0,0,154,1,155,0
7,8,13,1,155,0
-2,0,23,1,155,0
7,-5,41,1,155,0
5,6,107,1,155,0
6,7,109,1,155,0
4,-6,111,1,155,0
4,5,118,1,155,0
3,4,128,1,155,0
3,-3,129,1,155,0
2,3,136,1,155,0
1,2,144,1,155,0
-3,1,149,1,155,0
0,1,151,1,155,0
-4,2,154,1,155,0
-2,-1,154,1,155,0
7,9,5,1,155,0
8,0,28,1,155,0
-4,3,37,1,155,0
6,-3,49,1,155,0
7,-6,49,1,155,0
2,-1,141,1,155,0
6,8,89,1,155,0
5,7,105,1,155,0
2,4,107,1,155,0
4,6,113,1,155,0
1,3,114,1,155,0
3,5,119,1,155,0
3,-4,127,1,155,0
-2,1,143,1,155,0
-1,0,154,1,155,0
-3,3,45,1,155,0
5,-1,57,1,155,0
8,1,61,1,155,0
0,3,63,1,155,0
7,0,71,1,155,0
4,7,75,1,155,0
3,6,77,1,155,0
7,-7,89,1,155,0
5,8,96,1,155,0
3,-5,119,1,155,0
-1,1,135,1,155,0
2,-2,144,1,155,0
9,3,1,1,155,0
8,-1,36,1,155,0
2,6,36,1,155,0
-2,3,51,1,155,0
8,2,58,1,155,0
7,1,66,1,155,0
3,7,69,1,155,0
4,8,71,1,155,0
6,0,79,1,155,0
7,-8,87,1,155,0
3,-6,112,1,155,0
-1,2,129,1,155,0
2,-3,135,1,155,0
-1,-1,147,1,155,0
-9,1,3,1,155,0
-5,7,4,1,155,0
1,6,29,1,155,0
8,-2,34,1,155,0
8,3,47,1,155,0
7,2,53,1,155,0
5,-3,57,1,155,0
-1,3,57,1,155,0
2,7,59,1,155,0
3,8,66,1,155,0
6,1,89,1,155,0
-1,-2,101,1,155,0
3,-7,106,1,155,0
2,-4,126,1,155,0
1,-1,149,1,155,0
-3,6,5,1,155,0
-8,1,9,1,155,0
8,4,11,1,155,0
-4,7,16,1,155,0
0,6,23,1,155,0
8,-3,23,1,155,0
7,3,51,1,155,0
1,7,55,1,155,0
2,8,62,1,155,0
4,0,66,1,155,0
4,-1,155,1,155,0
5,1,85,1,155,0
6,2,96,1,155,0
6,-7,98,1,155,0
2,-5,119,1,155,0
1,-2,143,1,155,0
-2,6,11,1,155,0
-4,8,14,1,155,0
-7,1,15,1,155,0
-3,7,24,1,155,0
8,5,31,1,155,0
7,4,43,1,155,0
7,-1,44,1,155,0
0,7,46,1,155,0
1,8,54,1,155,0
4,-2,68,1,155,0
4,1,72,1,155,0
2,-6,89,1,155,0
3,0,92,1,155,0
6,3,104,1,155,0
5,2,111,1,155,0
1,-3,133,1,155,0
-5,0,4,1,156,0
-1,6,17,1,156,0
-6,1,21,1,156,0
8,6,27,1,156,0
-2,7,29,1,156,0
7,5,35,1,156,0
7,-2,39,1,156,0
4,-3,63,1,156,0
2,0,94,1,156,0
5,3,105,1,156,0
5,-6,108,1,156,0
4,2,118,1,156,0
3,1,125,1,156,0
0,-1,151,1,156,0
-4,0,9,1,156,0
-5,1,24,1,156,0
7,6,26,1,156,0
-2,8,31,1,156,0
5,4,35,1,156,0
-1,7,39,1,156,0
7,-3,43,1,156,0
4,3,44,1,156,0
8,-6,45,1,156,0
3,-1,151,1,156,0
8,7,98,1,156,0
0,-2,99,1,156,0
5,-7,103,1,156,0
3,2,119,1,156,0
6,5,125,1,156,0
2,1,132,1,156,0
1,0,155,1,156,0
-3,0,17,1,156,0
8,8,12,1,156,0
-5,2,29,1,156,0
7,-4,34,1,156,0
-1,8,35,1,156,0
6,-1,49,1,156,0
7,7,106,1,156,0
4,-5,118,1,156,0
6,6,124,1,156,0
5,5,133,1,156,0
4,4,142,1,156,0
3,-2,146,1,156,0
1,1,149,1,156,0
3,3,151,1,156,0
2,2,155,1,156,0
0,0,155,1,156,0
7,8,13,1,156,0
-2,0,23,1,156,0
7,-5,41,1,156,0
5,6,107,1,156,0
6,7,109,1,156,0
4,-6,111,1,156,0
4,5,118,1,156,0
3,4,128,1,156,0
3,-3,129,1,156,0
2,3,136,1,156,0
1,2,144,1,156,0
-3,1,149,1,156,0
0,1,151,1,156,0
-4,2,155,1,156,0
-2,-1,155,1,156,0
7,9,5,1,156,0
8,0,28,1,156,0
-4,3,37,1,156,0
6,-3,49,1,156,0
7,-6,49,1,156,0
2,-1,141,1,156,0
6,8,89,1,156,0
5,7,105,1,156,0
2,4,107,1,156,0
4,6,113,1,156,0
1,3,114,1,156,0
3,5,119,1,156,0
3,-4,127,1,156,0
-2,1,143,1,156,0
-1,0,155,1,156,0
-3,3,45,1,156,0
5,-1,57,1,156,0
8,1,61,1,156,0
0,3,63,1,156,0
7,0,71,1,156,0
4,7,75,1,156,0
3,6,77,1,156,0
7,-7,89,1,156,0
5,8,96,1,156,0
3,-5,119,1,156,0
-1,1,135,1,156,0
2,-2,144,1,156,0
9,3,1,1,156,0
8,-1,36,1,156,0
2,6,36,1,156,0
-2,3,51,1,156,0
8,2,58,1,156,0
7,1,66,1,156,0
3,7,69,1,156,0
4,8,71,1,156,0
6,0,79,1,156,0
7,-8,87,1,156,0
3,-6,112,1,156,0
-1,2,129,1,156,0
2,-3,135,1,156,0
-1,-1,147,1,156,0
-9,1,3,1,156,0
-5,7,4,1,156,0
1,6,29,1,156,0
8,-2,34,1,156,0
8,3,47,1,156,0
7,2,53,1,156,0
5,-3,57,1,156,0
-1,3,57,1,156,0
2,7,59,1,156,0
3,8,66,1,156,0
6,1,89,1,156,0
-1,-2,101,1,156,0
3,-7,106,1,156,0
2,-4,126,1,156,0
1,-1,149,1,156,0
-3,6,5,1,156,0
-8,1,9,1,156,0
8,4,11,1,156,0
-4,7,16,1,156,0
0,6,23,1,156,0
8,-3,23,1,156,0
7,3,51,1,156,0
1,7,55,1,156,0
2,8,62,1,156,0
4,0,66,1,156,0
4,-1,156,1,156,0
5,1,85,1,156,0
6,2,96,1,156,0
6,-7,98,1,156,0
2,-5,119,1,156,0
1,-2,143,1,156,0
-2,6,11,1,156,0
-4,8,14,1,156,0
-7,1,15,1,156,0
-3,7,24,1,156,0
8,5,31,1,156,0
7,4,43,1,156,0
7,-1,44,1,156,0
0,7,46,1,156,0
1,8,54,1,156,0
4,-2,68,1,156,0
4,1,72,1,156,0
2,-6,89,1,156,0
3,0,92,1,156,0
6,3,104,1,156,0
5,2,111,1,156,0
1,-3,133,1,156,0
-5,0,4,1,157,0
-1,6,17,1,157,0
-6,1,21,1,157,0
8,6,27,1,157,0
-2,7,29,1,157,0
7,5,35,1,157,0
7,-2,39,1,157,0
4,-3,63,1,157,0
2,0,94,1,157,0
5,3,105,1,157,0
5,-6,108,1,157,0
4,2,118,1,157,0
3,1,125,1,157,0
0,-1,151,1,157,0
-4,0,9,1,157,0
-5,1,24,1,157,0
7,6,26,1,157,0
-2,8,31,1,157,0
5,4,35,1,157,0
-1,7,39,1,157,0
7,-3,43,1,157,0
4,3,44,1,157,0
8,-6,45,1,157,0
3,-1,151,1,157,0
8,7,98,1,157,0
0,-2,99,1,157,0
5,-7,103,1,157,0
3,2,119,1,157,0
6,5,125,1,157,0
2,1,132,1,157,0
-3,-2,156,1,157,0
1,0,156,1,157,0
-3,0,17,1,157,0
8,8,12,1,157,0
-5,2,29,1,157,0
7,-4,34,1,157,0
-1,8,35,1,157,0
6,-1,49,1,157,0
7,7,106,1,157,0
4,-5,118,1,157,0
6,6,124,1,157,0
5,5,133,1,157,0
4,4,142,1,157,0
3,-2,146,1,157,0
1,1,149,1,157,0
3,3,151,1,157,0
2,2,156,1,157,0
0,0,156,1,157,0
7,8,13,1,157,0
-2,0,23,1,157,0
7,-5,41,1,157,0
5,6,107,1,157,0
6,7,109,1,157,0
4,-6,111,1,157,0
4,5,118,1,157,0
3,4,128,1,157,0
3,-3,129,1,157,0
2,3,136,1,157,0
1,2,144,1,157,0
-3,1,149,1,157,0
0,1,151,1,157,0
-2,-1,155,1,157,0
-4,2,156,1,157,0
7,9,5,1,157,0
8,0,28,1,157,0
-4,3,37,1,157,0
6,-3,49,1,157,0
7,-6,49,1,157,0
2,-1,141,1,157,0
6,8,89,1,157,0
5,7,105,1,157,0
2,4,107,1,157,0
4,6,113,1,157,0
1,3,114,1,157,0
3,5,119,1,157,0
3,-4,127,1,157,0
-2,1,143,1,157,0
-1,0,156,1,157,0
-3,3,45,1,157,0
5,-1,57,1,157,0
8,1,61,1,157,0
0,3,63,1,157,0
7,0,71,1,157,0
4,7,75,1,157,0
3,6,77,1,157,0
7,-7,89,1,157,0
5,8,96,1,157,0
3,-5,119,1,157,0
-1,1,135,1,157,0
2,-2,144,1,157,0
9,3,1,1,157,0
8,-1,36,1,157,0
2,6,36,1,157,0
-2,3,51,1,157,0
8,2,58,1,157,0
7,1,66,1,157,0
3,7,69,1,157,0
4,8,71,1,157,0
6,0,79,1,157,0
7,-8,87,1,157,0
3,-6,112,1,157,0
-1,2,129,1,157,0
2,-3,135,1,157,0
-1,-1,147,1,157,0
-9,1,3,1,157,0
-5,7,4,1,157,0
1,6,29,1,157,0
8,-2,34,1,157,0
8,3,47,1,157,0
7,2,53,1,157,0
5,-3,57,1,157,0
-1,3,57,1,157,0
2,7,59,1,157,0
3,8,66,1,157,0
6,1,89,1,157,0
-1,-2,101,1,157,0
3,-7,106,1,157,0
2,-4,126,1,157,0
1,-1,149,1,157,0
-3,6,5,1,157,0
-8,1,9,1,157,0
8,4,11,1,157,0
-4,7,16,1,157,0
0,6,23,1,157,0
8,-3,23,1,157,0
7,3,51,1,157,0
1,7,55,1,157,0
2,8,62,1,157,0
4,0,66,1,157,0
4,-1,157,1,157,0
5,1,85,1,157,0
6,2,96,1,157,0
6,-7,98,1,157,0
2,-5,119,1,157,0
1,-2,143,1,157,0
-2,6,11,1,157,0
-4,8,14,1,157,0
-7,1,15,1,157,0
-3,7,24,1,157,0
8,5,31,1,157,0
7,4,43,1,157,0
7,-1,44,1,157,0
0,7,46,1,157,0
1,8,54,1,157,0
4,-2,68,1,157,0
4,1,72,1,157,0
2,-6,89,1,157,0
3,0,92,1,157,0
6,3,104,1,157,0
5,2,111,1,157,0
1,-3,133,1,157,0
-5,0,4,1,158,0
-1,6,17,1,158,0
-6,1,21,1,158,0
8,6,27,1,158,0
-2,7,29,1,158,0
7,5,35,1,158,0
7,-2,39,1,158,0
4,-3,63,1,158,0
2,0,94,1,158,0
5,3,105,1,158,0
5,-6,108,1,158,0
4,2,118,1,158,0
3,1,125,1,158,0
0,-1,151,1,158,0
-4,0,9,1,158,0
-5,1,24,1,158,0
7,6,26,1,158,0
-2,8,31,1,158,0
5,4,35,1,158,0
-1,7,39,1,158,0
7,-3,43,1,158,0
4,3,44,1,158,0
8,-6,45,1,158,0
3,-1,151,1,158,0
8,7,98,1,158,0
0,-2,99,1,158,0
5,-7,103,1,158,0
3,2,119,1,158,0
6,5,125,1,158,0
2,1,132,1,158,0
-3,-2,157,1,158,0
1,0,157,1,158,0
-3,0,17,1,158,0
8,8,12,1,158,0
-5,2,29,1,158,0
7,-4,34,1,158,0
-1,8,35,1,158,0
6,-1,49,1,158,0
7,7,106,1,158,0
4,-5,118,1,158,0
6,6,124,1,158,0
5,5,133,1,158,0
4,4,142,1,158,0
3,-2,146,1,158,0
1,1,149,1,158,0
3,3,151,1,158,0
2,2,157,1,158,0
0,0,157,1,158,0
7,8,13,1,158,0
-2,0,23,1,158,0
7,-5,41,1,158,0
5,6,107,1,158,0
6,7,109,1,158,0
4,-6,111,1,158,0
4,5,118,1,158,0
3,4,128,1,158,0
3,-3,129,1,158,0
2,3,136,1,158,0
1,2,144,1,158,0
-3,1,149,1,158,0
0,1,151,1,158,0
-2,-1,155,1,158,0
-4,2,157,1,158,0
7,9,5,1,158,0
8,0,28,1,158,0
-4,3,37,1,158,0
6,-3,49,1,158,0
7,-6,49,1,158,0
2,-1,141,1,158,0
6,8,89,1,158,0
5,7,105,1,158,0
2,4,107,1,158,0
4,6,113,1,158,0
1,3,114,1,158,0
3,5,119,1,158,0
3,-4,127,1,158,0
-2,1,143,1,158,0
-1,0,157,1,158,0
-3,3,45,1,158,0
5,-1,57,1,158,0
8,1,61,1,158,0
0,3,63,1,158,0
7,0,71,1,158,0
4,7,75,1,158,0
3,6,77,1,158,0
7,-7,89,1,158,0
5,8,96,1,158,0
3,-5,119,1,158,0
-1,1,135,1,158,0
2,-2,144,1,158,0
9,3,1,1,158,0
8,-1,36,1,158,0
2,6,36,1,158,0
-2,3,51,1,158,0
8,2,58,1,158,0
7,1,66,1,158,0
3,7,69,1,158,0
4,8,71,1,158,0
6,0,79,1,158,0
7,-8,87,1,158,0
3,-6,112,1,158,0
-1,2,129,1,158,0
2,-3,135,1,158,0
-1,-1,147,1,158,0
-9,1,3,1,158,0
-5,7,4,1,158,0
1,6,29,1,158,0
8,-2,34,1,158,0
8,3,47,1,158,0
7,2,53,1,158,0
5,-3,57,1,158,0
-1,3,57,1,158,0
2,7,59,1,158,0
3,8,66,1,158,0
6,1,89,1,158,0
-1,-2,101,1,158,0
3,-7,106,1,158,0
2,-4,126,1,158,0
1,-1,149,1,158,0
-3,6,5,1,158,0
-8,1,9,1,158,0
8,4,11,1,158,0
-4,7,16,1,158,0
0,6,23,1,158,0
8,-3,23,1,158,0
7,3,51,1,158,0
1,7,55,1,158,0
2,8,62,1,158,0
4,0,66,1,158,0
4,-1,158,1,158,0
5,1,85,1,158,0
6,2,96,1,158,0
6,-7,98,1,158,0
2,-5,119,1,158,0
1,-2,143,1,158,0
-2,6,11,1,158,0
-4,8,14,1,158,0
-7,1,15,1,158,0
-3,7,24,1,158,0
8,5,31,1,158,0
7,4,43,1,158,0
7,-1,44,1,158,0
0,7,46,1,158,0
1,8,54,1,158,0
4,-2,68,1,158,0
4,1,72,1,158,0
2,-6,89,1,158,0
3,0,92,1,158,0
6,3,104,1,158,0
5,2,111,1,158,0
1,-3,133,1,158,0
-5,0,4,1,159,0
-1,6,17,1,159,0
-6,1,21,1,159,0
8,6,27,1,159,0
-2,7,29,1,159,0
7,5,35,1,159,0
7,-2,39,1,159,0
4,-3,63,1,159,0
2,0,94,1,159,0
5,3,105,1,159,0
5,-6,108,1,159,0
4,2,118,1,159,0
3,1,125,1,159,0
0,-1,151,1,159,0
-4,0,9,1,159,0
-5,1,24,1,159,0
7,6,26,1,159,0
-2,8,31,1,159,0
5,4,35,1,159,0
-1,7,39,1,159,0
7,-3,43,1,159,0
4,3,44,1,159,0
8,-6,45,1,159,0
3,-1,151,1,159,0
8,7,98,1,159,0
0,-2,99,1,159,0
5,-7,103,1,159,0
3,2,119,1,159,0
6,5,125,1,159,0
2,1,132,1,159,0
-3,-2,158,1,159,0
1,0,158,1,159,0
-3,0,17,1,159,0
8,8,12,1,159,0
-5,2,29,1,159,0
7,-4,34,1,159,0
-1,8,35,1,159,0
6,-1,49,1,159,0
7,7,106,1,159,0
4,-5,118,1,159,0
6,6,124,1,159,0
5,5,133,1,159,0
4,4,142,1,159,0
3,-2,146,1,159,0
1,1,149,1,159,0
3,3,151,1,159,0
2,2,158,1,159,0
0,0,158,1,159,0
7,8,13,1,159,0
-2,0,23,1,159,0
7,-5,41,1,159,0
5,6,107,1,159,0
6,7,109,1,159,0
4,-6,111,1,159,0
4,5,118,1,159,0
3,4,128,1,159,0
3,-3,129,1,159,0
2,3,136,1,159,0
1,2,144,1,159,0
-3,1,149,1,159,0
-2,-1,155,1,159,0
-4,2,158,1,159,0
0,1,158,1,159,0
7,9,5,1,159,0
8,0,28,1,159,0
-4,3,37,1,159,0
6,-3,49,1,159,0
7,-6,49,1,159,0
2,-1,141,1,159,0
6,8,89,1,159,0
5,7,105,1,159,0
2,4,107,1,159,0
4,6,113,1,159,0
1,3,114,1,159,0
3,5,119,1,159,0
3,-4,127,1,159,0
-2,1,143,1,159,0
-1,0,158,1,159,0
-3,3,45,1,159,0
5,-1,159,1,159,0
8,1,61,1,159,0
0,3,63,1,159,0
7,0,71,1,159,0
4,7,75,1,159,0
3,6,77,1,159,0
7,-7,89,1,159,0
5,8,96,1,159,0
3,-5,119,1,159,0
-1,1,135,1,159,0
2,-2,144,1,159,0
9,3,1,1,159,0
8,-1,36,1,159,0
2,6,36,1,159,0
-2,3,51,1,159,0
8,2,58,1,159,0
7,1,66,1,159,0
3,7,69,1,159,0
4,8,71,1,159,0
6,0,79,1,159,0
7,-8,87,1,159,0
3,-6,112,1,159,0
-1,2,129,1,159,0
2,-3,135,1,159,0
-1,-1,147,1,159,0
-9,1,3,1,159,0
-5,7,4,1,159,0
1,6,29,1,159,0
8,-2,34,1,159,0
8,3,47,1,159,0
7,2,53,1,159,0
5,-3,57,1,159,0
-1,3,57,1,159,0
2,7,59,1,159,0
3,8,66,1,159,0
6,1,89,1,159,0
-1,-2,101,1,159,0
3,-7,106,1,159,0
2,-4,126,1,159,0
1,-1,149,1,159,0
-3,6,5,1,159,0
-8,1,9,1,159,0
8,4,11,1,159,0
-4,7,16,1,159,0
0,6,23,1,159,0
8,-3,23,1,159,0
7,3,51,1,159,0
1,7,55,1,159,0
2,8,62,1,159,0
4,0,66,1,159,0
4,-1,158,1,159,0
5,1,85,1,159,0
6,2,96,1,159,0
6,-7,98,1,159,0
2,-5,119,1,159,0
1,-2,143,1,159,0
-2,6,11,1,159,0
-4,8,14,1,159,0
-7,1,15,1,159,0
-3,7,24,1,159,0
8,5,31,1,159,0
7,4,43,1,159,0
7,-1,44,1,159,0
0,7,46,1,159,0
1,8,54,1,159,0
4,-2,68,1,159,0
4,1,72,1,159,0
2,-6,89,1,159,0
3,0,92,1,159,0
6,3,104,1,159,0
5,2,111,1,159,0
1,-3,133,1,159,0
-5,0,4,1,160,0
-1,6,17,1,160,0
-6,1,21,1,160,0
8,6,27,1,160,0
-2,7,29,1,160,0
7,5,35,1,160,0
7,-2,39,1,160,0
4,-3,63,1,160,0
2,0,94,1,160,0
5,3,105,1,160,0
5,-6,108,1,160,0
4,2,118,1,160,0
3,1,125,1,160,0
0,-1,151,1,160,0
-4,0,9,1,160,0
-5,1,24,1,160,0
7,6,26,1,160,0
-2,8,31,1,160,0
5,4,35,1,160,0
-1,7,39,1,160,0
7,-3,43,1,160,0
4,3,44,1,160,0
8,-6,45,1,160,0
3,-1,151,1,160,0
8,7,98,1,160,0
0,-2,99,1,160,0
5,-7,103,1,160,0
3,2,119,1,160,0
6,5,125,1,160,0
2,1,132,1,160,0
-3,-2,159,1,160,0
1,0,159,1,160,0
-3,0,17,1,160,0
8,8,12,1,160,0
-5,2,29,1,160,0
7,-4,34,1,160,0
-1,8,35,1,160,0
6,-1,49,1,160,0
7,7,106,1,160,0
4,-5,118,1,160,0
6,6,124,1,160,0
5,5,133,1,160,0
4,4,142,1,160,0
3,-2,146,1,160,0
1,1,149,1,160,0
3,3,151,1,160,0
2,2,159,1,160,0
0,0,159,1,160,0
7,8,13,1,160,0
7,-5,41,1,160,0
5,6,107,1,160,0
6,7,109,1,160,0
4,-6,111,1,160,0
4,5,118,1,160,0
3,4,128,1,160,0
3,-3,129,1,160,0
2,3,136,1,160,0
1,2,144,1,160,0
-3,1,149,1,160,0
-2,-1,155,1,160,0
-4,2,158,1,160,0
-2,0,159,1,160,0
0,1,159,1,160,0
7,9,5,1,160,0
8,0,28,1,160,0
-4,3,37,1,160,0
6,-3,49,1,160,0
7,-6,49,1,160,0
2,-1,141,1,160,0
6,8,89,1,160,0
5,7,105,1,160,0
2,4,107,1,160,0
4,6,113,1,160,0
1,3,114,1,160,0
3,5,119,1,160,0
3,-4,127,1,160,0
-2,1,143,1,160,0
-1,0,158,1,160,0
-3,3,45,1,160,0
5,-1,159,1,160,0
8,1,61,1,160,0
0,3,63,1,160,0
7,0,71,1,160,0
4,7,75,1,160,0
3,6,77,1,160,0
7,-7,89,1,160,0
5,8,96,1,160,0
3,-5,119,1,160,0
-1,1,135,1,160,0
2,-2,144,1,160,0
9,3,1,1,160,0
8,-1,36,1,160,0
2,6,36,1,160,0
-2,3,51,1,160,0
8,2,58,1,160,0
7,1,66,1,160,0
3,7,69,1,160,0
4,8,71,1,160,0
6,0,79,1,160,0
7,-8,87,1,160,0
3,-6,112,1,160,0
-1,2,129,1,160,0
2,-3,135,1,160,0
-1,-1,147,1,160,0
-9,1,3,1,160,0
-5,7,4,1,160,0
1,6,29,1,160,0
8,-2,34,1,160,0
8,3,47,1,160,0
7,2,53,1,160,0
5,-3,57,1,160,0
-1,3,57,1,160,0
2,7,59,1,160,0
3,8,66,1,160,0
6,1,89,1,160,0
-1,-2,101,1,160,0
3,-7,106,1,160,0
2,-4,126,1,160,0
1,-1,149,1,160,0
-3,6,5,1,160,0
-8,1,9,1,160,0
8,4,11,1,160,0
-4,7,16,1,160,0
0,6,23,1,160,0
8,-3,23,1,160,0
7,3,51,1,160,0
1,7,55,1,160,0
2,8,62,1,160,0
4,0,66,1,160,0
4,-1,158,1,160,0
5,1,85,1,160,0
6,2,96,1,160,0
6,-7,98,1,160,0
2,-5,119,1,160,0
1,-2,143,1,160,0
-2,6,11,1,160,0
-4,8,14,1,160,0
-7,1,15,1,160,0
-3,7,24,1,160,0
8,5,31,1,160,0
7,4,43,1,160,0
7,-1,44,1,160,0
0,7,46,1,160,0
1,8,54,1,160,0
4,-2,68,1,160,0
4,1,72,1,160,0
2,-6,89,1,160,0
3,0,92,1,160,0
6,3,104,1,160,0
5,2,111,1,160,0
1,-3,133,1,160,0
-5,0,4,1,161,0
-1,6,17,1,161,0
-6,1,21,1,161,0
8,6,27,1,161,0
-2,7,29,1,161,0
7,5,35,1,161,0
7,-2,39,1,161,0
4,-3,63,1,161,0
2,0,94,1,161,0
5,3,105,1,161,0
5,-6,108,1,161,0
4,2,118,1,161,0
3,1,125,1,161,0
0,-1,151,1,161,0
-4,0,9,1,161,0
-5,1,24,1,161,0
7,6,26,1,161,0
-2,8,31,1,161,0
5,4,35,1,161,0
-1,7,39,1,161,0
7,-3,43,1,161,0
4,3,44,1,161,0
8,-6,45,1,161,0
3,-1,151,1,161,0
8,7,98,1,161,0
0,-2,99,1,161,0
5,-7,103,1,161,0
3,2,119,1,161,0
6,5,125,1,161,0
2,1,132,1,161,0
-3,-2,159,1,161,0
1,0,159,1,161,0
-3,0,17,1,161,0
8,8,12,1,161,0
7,-4,34,1,161,0
-1,8,35,1,161,0
6,-1,49,1,161,0
7,7,106,1,161,0
4,-5,118,1,161,0
6,6,124,1,161,0
5,5,133,1,161,0
4,4,142,1,161,0
3,-2,146,1,161,0
1,1,149,1,161,0
3,3,151,1,161,0
2,2,159,1,161,0
0,0,159,1,161,0
-5,2,159,1,161,0
7,8,13,1,161,0
7,-5,41,1,161,0
5,6,107,1,161,0
6,7,109,1,161,0
4,-6,111,1,161,0
4,5,118,1,161,0
3,4,128,1,161,0
3,-3,129,1,161,0
2,3,136,1,161,0
1,2,144,1,161,0
-3,1,149,1,161,0
-2,-1,155,1,161,0
-4,2,158,1,161,0
-2,0,159,1,161,0
0,1,159,1,161,0
7,9,5,1,161,0
8,0,28,1,161,0
-4,3,37,1,161,0
6,-3,49,1,161,0
7,-6,49,1,161,0
2,-1,141,1,161,0
6,8,89,1,161,0
5,7,105,1,161,0
2,4,107,1,161,0
4,6,113,1,161,0
1,3,114,1,161,0
3,5,119,1,161,0
3,-4,127,1,161,0
-2,1,143,1,161,0
-1,0,158,1,161,0
-3,3,45,1,161,0
5,-1,161,1,161,0
8,1,61,1,161,0
0,3,63,1,161,0
7,0,71,1,161,0
4,7,75,1,161,0
3,6,77,1,161,0
7,-7,89,1,161,0
5,8,96,1,161,0
3,-5,119,1,161,0
-1,1,135,1,161,0
2,-2,144,1,161,0
9,3,1,1,161,0
8,-1,36,1,161,0
2,6,36,1,161,0
-2,3,51,1,161,0
8,2,58,1,161,0
7,1,66,1,161,0
3,7,69,1,161,0
4,8,71,1,161,0
6,0,79,1,161,0
7,-8,87,1,161,0
3,-6,112,1,161,0
-1,2,129,1,161,0
2,-3,135,1,161,0
-1,-1,147,1,161,0
-9,1,3,1,161,0
-5,7,4,1,161,0
1,6,29,1,161,0
8,-2,34,1,161,0
8,3,47,1,161,0
7,2,53,1,161,0
5,-3,57,1,161,0
-1,3,57,1,161,0
2,7,59,1,161,0
3,8,66,1,161,0
6,1,89,1,161,0
-1,-2,101,1,161,0
3,-7,106,1,161,0
2,-4,126,1,161,0
1,-1,149,1,161,0
-3,6,5,1,161,0
-8,1,9,1,161,0
8,4,11,1,161,0
-4,7,16,1,161,0
0,6,23,1,161,0
8,-3,23,1,161,0
7,3,51,1,161,0
1,7,55,1,161,0
2,8,62,1,161,0
4,0,66,1,161,0
4,-1,158,1,161,0
5,1,85,1,161,0
6,2,96,1,161,0
6,-7,98,1,161,0
2,-5,119,1,161,0
1,-2,143,1,161,0
-2,6,11,1,161,0
-4,8,14,1,161,0
-7,1,15,1,161,0
-3,7,24,1,161,0
8,5,31,1,161,0
7,4,43,1,161,0
7,-1,44,1,161,0
0,7,46,1,161,0
1,8,54,1,161,0
4,-2,68,1,161,0
4,1,72,1,161,0
2,-6,89,1,161,0
3,0,92,1,161,0
6,3,104,1,161,0
5,2,111,1,161,0
1,-3,133,1,161,0
-5,0,4,1,162,0
-1,6,17,1,162,0
-6,1,21,1,162,0
8,6,27,1,162,0
-2,7,29,1,162,0
7,5,35,1,162,0
7,-2,39,1,162,0
4,-3,63,1,162,0
5,3,105,1,162,0
5,-6,108,1,162,0
4,2,118,1,162,0
3,1,125,1,162,0
0,-1,151,1,162,0
2,0,161,1,162,0
-4,0,9,1,162,0
-5,1,24,1,162,0
7,6,26,1,162,0
-2,8,31,1,162,0
5,4,35,1,162,0
-1,7,39,1,162,0
7,-3,43,1,162,0
4,3,44,1,162,0
8,-6,45,1,162,0
3,-1,151,1,162,0
8,7,98,1,162,0
0,-2,99,1,162,0
5,-7,103,1,162,0
3,2,119,1,162,0
6,5,125,1,162,0
2,1,132,1,162,0
1,0,159,1,162,0
-3,-2,161,1,162,0
-3,0,17,1,162,0
8,8,12,1,162,0
7,-4,34,1,162,0
-1,8,35,1,162,0
6,-1,49,1,162,0
7,7,106,1,162,0
4,-5,118,1,162,0
6,6,124,1,162,0
5,5,133,1,162,0
4,4,142,1,162,0
3,-2,146,1,162,0
3,3,151,1,162,0
2,2,159,1,162,0
-5,2,159,1,162,0
1,1,161,1,162,0
0,0,161,1,162,0
7,8,13,1,162,0
7,-5,41,1,162,0
5,6,107,1,162,0
6,7,109,1,162,0
4,-6,111,1,162,0
4,5,118,1,162,0
3,4,128,1,162,0
3,-3,129,1,162,0
2,3,136,1,162,0
1,2,144,1,162,0
-3,1,149,1,162,0
-2,-1,155,1,162,0
-4,2,158,1,162,0
-5,3,161,1,162,0
-2,0,161,1,162,0
0,1,161,1,162,0
7,9,5,1,162,0
8,0,28,1,162,0
-4,3,37,1,162,0
6,-3,49,1,162,0
7,-6,49,1,162,0
2,-1,141,1,162,0
6,8,89,1,162,0
5,7,105,1,162,0
2,4,107,1,162,0
4,6,113,1,162,0
1,3,114,1,162,0
3,5,119,1,162,0
3,-4,127,1,162,0
-2,1,143,1,162,0
-1,0,158,1,162,0
-3,3,45,1,162,0
5,-1,162,1,162,0
8,1,61,1,162,0
0,3,63,1,162,0
7,0,71,1,162,0
4,7,75,1,162,0
3,6,77,1,162,0
7,-7,89,1,162,0
5,8,96,1,162,0
3,-5,119,1,162,0
-1,1,135,1,162,0
2,-2,144,1,162,0
9,3,1,1,162,0
8,-1,36,1,162,0
2,6,36,1,162,0
-2,3,51,1,162,0
8,2,58,1,162,0
7,1,66,1,162,0
3,7,69,1,162,0
4,8,71,1,162,0
6,0,79,1,162,0
7,-8,87,1,162,0
3,-6,112,1,162,0
-1,2,129,1,162,0
2,-3,135,1,162,0
-1,-1,147,1,162,0
-9,1,3,1,162,0
-5,7,4,1,162,0
1,6,29,1,162,0
8,-2,34,1,162,0
8,3,47,1,162,0
7,2,53,1,162,0
5,-3,57,1,162,0
-1,3,57,1,162,0
2,7,59,1,162,0
3,8,66,1,162,0
6,1,89,1,162,0
-1,-2,101,1,162,0
3,-7,106,1,162,0
2,-4,126,1,162,0
1,-1,149,1,162,0
-3,6,5,1,162,0
-8,1,9,1,162,0
8,4,11,1,162,0
-4,7,16,1,162,0
0,6,23,1,162,0
8,-3,23,1,162,0
7,3,51,1,162,0
1,7,55,1,162,0
2,8,62,1,162,0
4,0,66,1,162,0
4,-1,158,1,162,0
5,1,85,1,162,0
6,2,96,1,162,0
6,-7,98,1,162,0
2,-5,119,1,162,0
1,-2,143,1,162,0
-2,6,11,1,162,0
-4,8,14,1,162,0
-7,1,15,1,162,0
-3,7,24,1,162,0
8,5,31,1,162,0
7,4,43,1,162,0
7,-1,44,1,162,0
0,7,46,1,162,0
1,8,54,1,162,0
4,-2,68,1,162,0
4,1,72,1,162,0
2,-6,89,1,162,0
3,0,92,1,162,0
6,3,104,1,162,0
5,2,111,1,162,0
1,-3,133,1,162,0
-5,0,4,1,163,0
-1,6,17,1,163,0
-6,1,21,1,163,0
8,6,27,1,163,0
-2,7,29,1,163,0
7,5,35,1,163,0
7,-2,39,1,163,0
4,-3,63,1,163,0
5,3,105,1,163,0
5,-6,108,1,163,0
4,2,118,1,163,0
3,1,125,1,163,0
0,-1,151,1,163,0
2,0,162,1,163,0
-4,0,9,1,163,0
-5,1,24,1,163,0
7,6,26,1,163,0
-2,8,31,1,163,0
5,4,35,1,163,0
-1,7,39,1,163,0
7,-3,43,1,163,0
4,3,44,1,163,0
8,-6,45,1,163,0
3,-1,151,1,163,0
8,7,98,1,163,0
0,-2,99,1,163,0
5,-7,103,1,163,0
3,2,119,1,163,0
6,5,125,1,163,0
2,1,132,1,163,0
1,0,159,1,163,0
-3,-2,162,1,163,0
-3,0,17,1,163,0
8,8,12,1,163,0
7,-4,34,1,163,0
-1,8,35,1,163,0
6,-1,49,1,163,0
7,7,106,1,163,0
4,-5,118,1,163,0
6,6,124,1,163,0
5,5,133,1,163,0
4,4,142,1,163,0
3,-2,146,1,163,0
3,3,151,1,163,0
2,2,159,1,163,0
-5,2,159,1,163,0
1,1,162,1,163,0
0,0,162,1,163,0
7,8,13,1,163,0
7,-5,41,1,163,0
5,6,107,1,163,0
6,7,109,1,163,0
4,-6,111,1,163,0
4,5,118,1,163,0
3,4,128,1,163,0
3,-3,129,1,163,0
2,3,136,1,163,0
1,2,144,1,163,0
-3,1,149,1,163,0
-2,-1,155,1,163,0
-4,2,158,1,163,0
-5,3,162,1,163,0
-2,0,162,1,163,0
0,1,162,1,163,0
7,9,5,1,163,0
8,0,28,1,163,0
-4,3,37,1,163,0
6,-3,49,1,163,0
7,-6,49,1,163,0
2,-1,141,1,163,0
6,8,89,1,163,0
5,7,105,1,163,0
2,4,107,1,163,0
4,6,113,1,163,0
1,3,114,1,163,0
3,5,119,1,163,0
3,-4,127,1,163,0
-2,1,143,1,163,0
-1,0,158,1,163,0
-3,3,45,1,163,0
5,-1,163,1,163,0
8,1,61,1,163,0
0,3,63,1,163,0
7,0,71,1,163,0
4,7,75,1,163,0
3,6,77,1,163,0
7,-7,89,1,163,0
5,8,96,1,163,0
3,-5,119,1,163,0
-1,1,135,1,163,0
2,-2,144,1,163,0
9,3,1,1,163,0
8,-1,36,1,163,0
2,6,36,1,163,0
-2,3,51,1,163,0
8,2,58,1,163,0
7,1,66,1,163,0
3,7,69,1,163,0
4,8,71,1,163,0
6,0,79,1,163,0
7,-8,87,1,163,0
3,-6,112,1,163,0
-1,2,129,1,163,0
2,-3,135,1,163,0
-1,-1,147,1,163,0
-9,1,3,1,163,0
-5,7,4,1,163,0
1,6,29,1,163,0
8,-2,34,1,163,0
8,3,47,1,163,0
7,2,53,1,163,0
5,-3,57,1,163,0
-1,3,57,1,163,0
2,7,59,1,163,0
3,8,66,1,163,0
6,1,89,1,163,0
-1,-2,101,1,163,0
3,-7,106,1,163,0
2,-4,126,1,163,0
1,-1,149,1,163,0
-3,6,5,1,163,0
-8,1,9,1,163,0
8,4,11,1,163,0
-4,7,16,1,163,0
0,6,23,1,163,0
8,-3,23,1,163,0
7,3,51,1,163,0
1,7,55,1,163,0
2,8,62,1,163,0
4,0,66,1,163,0
4,-1,158,1,163,0
5,1,85,1,163,0
6,2,96,1,163,0
6,-7,98,1,163,0
2,-5,119,1,163,0
1,-2,143,1,163,0
-2,6,11,1,163,0
-4,8,14,1,163,0
-7,1,15,1,163,0
-3,7,24,1,163,0
8,5,31,1,163,0
7,4,43,1,163,0
7,-1,44,1,163,0
0,7,46,1,163,0
1,8,54,1,163,0
4,-2,68,1,163,0
4,1,72,1,163,0
2,-6,89,1,163,0
3,0,92,1,163,0
6,3,104,1,163,0
5,2,111,1,163,0
1,-3,133,1,163,0
-5,0,4,1,164,0
-1,6,17,1,164,0
-6,1,21,1,164,0
8,6,27,1,164,0
-2,7,29,1,164,0
7,5,35,1,164,0
7,-2,39,1,164,0
4,-3,63,1,164,0
5,3,105,1,164,0
5,-6,108,1,164,0
4,2,118,1,164,0
3,1,125,1,164,0
0,-1,151,1,164,0
2,0,163,1,164,0
-4,0,9,1,164,0
-5,1,24,1,164,0
7,6,26,1,164,0
-2,8,31,1,164,0
5,4,35,1,164,0
-1,7,39,1,164,0
7,-3,43,1,164,0
4,3,44,1,164,0
8,-6,45,1,164,0
3,-1,151,1,164,0
8,7,98,1,164,0
0,-2,99,1,164,0
5,-7,103,1,164,0
3,2,119,1,164,0
6,5,125,1,164,0
2,1,132,1,164,0
1,0,159,1,164,0
-3,-2,163,1,164,0
-3,0,17,1,164,0
8,8,12,1,164,0
7,-4,34,1,164,0
-1,8,35,1,164,0
6,-1,49,1,164,0
7,7,106,1,164,0
4,-5,118,1,164,0
6,6,124,1,164,0
5,5,133,1,164,0
4,4,142,1,164,0
3,-2,146,1,164,0
3,3,151,1,164,0
2,2,159,1,164,0
-5,2,159,1,164,0
1,1,163,1,164,0
0,0,163,1,164,0
7,8,13,1,164,0
7,-5,41,1,164,0
5,6,107,1,164,0
6,7,109,1,164,0
4,-6,111,1,164,0
4,5,118,1,164,0
3,4,128,1,164,0
3,-3,129,1,164,0
2,3,136,1,164,0
1,2,144,1,164,0
-3,1,149,1,164,0
-2,-1,155,1,164,0
-4,2,158,1,164,0
-5,3,162,1,164,0
-2,0,163,1,164,0
0,1,163,1,164,0
7,9,5,1,164,0
8,0,28,1,164,0
-4,3,37,1,164,0
6,-3,49,1,164,0
7,-6,49,1,164,0
2,-1,141,1,164,0
6,8,89,1,164,0
5,7,105,1,164,0
2,4,107,1,164,0
4,6,113,1,164,0
1,3,114,1,164,0
3,5,119,1,164,0
3,-4,127,1,164,0
-2,1,143,1,164,0
-1,0,158,1,164,0
-3,3,45,1,164,0
5,-1,164,1,164,0
8,1,61,1,164,0
0,3,63,1,164,0
7,0,71,1,164,0
4,7,75,1,164,0
3,6,77,1,164,0
7,-7,89,1,164,0
5,8,96,1,164,0
3,-5,119,1,164,0
-1,1,135,1,164,0
2,-2,144,1,164,0
9,3,1,1,164,0
8,-1,36,1,164,0
2,6,36,1,164,0
-2,3,51,1,164,0
8,2,58,1,164,0
7,1,66,1,164,0
3,7,69,1,164,0
4,8,71,1,164,0
6,0,79,1,164,0
7,-8,87,1,164,0
3,-6,112,1,164,0
-1,2,129,1,164,0
2,-3,135,1,164,0
-1,-1,147,1,164,0
-9,1,3,1,164,0
-5,7,4,1,164,0
1,6,29,1,164,0
8,-2,34,1,164,0
8,3,47,1,164,0
7,2,53,1,164,0
5,-3,57,1,164,0
-1,3,57,1,164,0
2,7,59,1,164,0
3,8,66,1,164,0
6,1,89,1,164,0
-1,-2,101,1,164,0
3,-7,106,1,164,0
2,-4,126,1,164,0
1,-1,149,1,164,0
-3,6,5,1,164,0
-8,1,9,1,164,0
8,4,11,1,164,0
-4,7,16,1,164,0
0,6,23,1,164,0
8,-3,23,1,164,0
7,3,51,1,164,0
1,7,55,1,164,0
2,8,62,1,164,0
4,0,66,1,164,0
4,-1,158,1,164,0
5,1,85,1,164,0
6,2,96,1,164,0
6,-7,98,1,164,0
2,-5,119,1,164,0
1,-2,143,1,164,0
-2,6,11,1,164,0
-4,8,14,1,164,0
-7,1,15,1,164,0
-3,7,24,1,164,0
8,5,31,1,164,0
7,4,43,1,164,0
7,-1,44,1,164,0
0,7,46,1,164,0
1,8,54,1,164,0
4,-2,68,1,164,0
4,1,72,1,164,0
2,-6,89,1,164,0
3,0,92,1,164,0
6,3,104,1,164,0
5,2,111,1,164,0
1,-3,133,1,164,0
-5,0,4,1,165,0
-1,6,17,1,165,0
-6,1,21,1,165,0
8,6,27,1,165,0
-2,7,29,1,165,0
7,5,35,1,165,0
7,-2,39,1,165,0
4,-3,63,1,165,0
5,3,105,1,165,0
5,-6,108,1,165,0
4,2,118,1,165,0
3,1,125,1,165,0
0,-1,151,1,165,0
2,0,164,1,165,0
-4,0,9,1,165,0
-5,1,24,1,165,0
7,6,26,1,165,0
-2,8,31,1,165,0
5,4,35,1,165,0
-1,7,39,1,165,0
7,-3,43,1,165,0
4,3,44,1,165,0
8,-6,45,1,165,0
3,-1,151,1,165,0
8,7,98,1,165,0
0,-2,99,1,165,0
5,-7,103,1,165,0
3,2,119,1,165,0
6,5,125,1,165,0
2,1,132,1,165,0
1,0,159,1,165,0
-3,-2,163,1,165,0
-3,0,17,1,165,0
8,8,12,1,165,0
7,-4,34,1,165,0
-1,8,35,1,165,0
6,-1,49,1,165,0
7,7,106,1,165,0
4,-5,118,1,165,0
6,6,124,1,165,0
5,5,133,1,165,0
4,4,142,1,165,0
3,-2,146,1,165,0
3,3,151,1,165,0
2,2,159,1,165,0
-5,2,159,1,165,0
-3,-3,164,1,165,0
1,1,164,1,165,0
0,0,164,1,165,0
7,8,13,1,165,0
7,-5,41,1,165,0
5,6,107,1,165,0
6,7,109,1,165,0
4,-6,111,1,165,0
4,5,118,1,165,0
3,4,128,1,165,0
3,-3,129,1,165,0
2,3,136,1,165,0
1,2,144,1,165,0
-3,1,149,1,165,0
-2,-1,155,1,165,0
-4,2,158,1,165,0
-5,3,163,1,165,0
-2,0,164,1,165,0
0,1,164,1,165,0
7,9,5,1,165,0
8,0,28,1,165,0
-4,3,37,1,165,0
6,-3,49,1,165,0
7,-6,49,1,165,0
2,-1,141,1,165,0
6,8,89,1,165,0
5,7,105,1,165,0
2,4,107,1,165,0
4,6,113,1,165,0
1,3,114,1,165,0
3,5,119,1,165,0
3,-4,127,1,165,0
-2,1,143,1,165,0
-1,0,158,1,165,0
-3,3,45,1,165,0
5,-1,165,1,165,0
8,1,61,1,165,0
0,3,63,1,165,0
7,0,71,1,165,0
4,7,75,1,165,0
3,6,77,1,165,0
7,-7,89,1,165,0
5,8,96,1,165,0
3,-5,119,1,165,0
-1,1,135,1,165,0
2,-2,144,1,165,0
9,3,1,1,165,0
8,-1,36,1,165,0
2,6,36,1,165,0
-2,3,51,1,165,0
8,2,58,1,165,0
7,1,66,1,165,0
3,7,69,1,165,0
4,8,71,1,165,0
6,0,79,1,165,0
7,-8,87,1,165,0
3,-6,112,1,165,0
-1,2,129,1,165,0
2,-3,135,1,165,0
-1,-1,147,1,165,0
-9,1,3,1,165,0
-5,7,4,1,165,0
1,6,29,1,165,0
8,-2,34,1,165,0
8,3,47,1,165,0
7,2,53,1,165,0
5,-3,57,1,165,0
-1,3,57,1,165,0
2,7,59,1,165,0
3,8,66,1,165,0
6,1,89,1,165,0
-1,-2,101,1,165,0
3,-7,106,1,165,0
2,-4,126,1,165,0
1,-1,149,1,165,0
-3,6,5,1,165,0
-8,1,9,1,165,0
8,4,11,1,165,0
-4,7,16,1,165,0
0,6,23,1,165,0
8,-3,23,1,165,0
7,3,51,1,165,0
1,7,55,1,165,0
2,8,62,1,165,0
4,0,66,1,165,0
4,-1,158,1,165,0
5,1,85,1,165,0
6,2,96,1,165,0
6,-7,98,1,165,0
2,-5,119,1,165,0
1,-2,143,1,165,0
-2,6,11,1,165,0
-4,8,14,1,165,0
-7,1,15,1,165,0
-3,7,24,1,165,0
8,5,31,1,165,0
7,4,43,1,165,0
7,-1,44,1,165,0
0,7,46,1,165,0
1,8,54,1,165,0
4,-2,68,1,165,0
4,1,72,1,165,0
2,-6,89,1,165,0
3,0,92,1,165,0
6,3,104,1,165,0
5,2,111,1,165,0
1,-3,133,1,165,0
-5,0,4,1,166,0
-1,6,17,1,166,0
-6,1,21,1,166,0
8,6,27,1,166,0
-2,7,29,1,166,0
7,5,35,1,166,0
7,-2,39,1,166,0
4,-3,63,1,166,0
5,3,105,1,166,0
5,-6,108,1,166,0
4,2,118,1,166,0
3,1,125,1,166,0
0,-1,151,1,166,0
2,0,165,1,166,0
-4,0,9,1,166,0
-5,1,24,1,166,0
7,6,26,1,166,0
-2,8,31,1,166,0
5,4,35,1,166,0
-1,7,39,1,166,0
7,-3,43,1,166,0
4,3,44,1,166,0
8,-6,45,1,166,0
3,-1,151,1,166,0
8,7,98,1,166,0
0,-2,99,1,166,0
5,-7,103,1,166,0
3,2,119,1,166,0
6,5,125,1,166,0
2,1,132,1,166,0
1,0,159,1,166,0
-3,-2,163,1,166,0
-3,0,17,1,166,0
8,8,12,1,166,0
7,-4,34,1,166,0
-1,8,35,1,166,0
6,-1,49,1,166,0
7,7,106,1,166,0
4,-5,118,1,166,0
6,6,124,1,166,0
5,5,133,1,166,0
4,4,142,1,166,0
3,-2,146,1,166,0
3,3,151,1,166,0
2,2,159,1,166,0
-5,2,159,1,166,0
1,1,164,1,166,0
-3,-3,165,1,166,0
0,0,165,1,166,0
7,8,13,1,166,0
7,-5,41,1,166,0
5,6,107,1,166,0
6,7,109,1,166,0
4,-6,111,1,166,0
4,5,118,1,166,0
3,4,128,1,166,0
3,-3,129,1,166,0
2,3,136,1,166,0
1,2,144,1,166,0
-3,1,149,1,166,0
-2,-1,155,1,166,0
-4,2,158,1,166,0
-5,3,164,1,166,0
-2,0,165,1,166,0
0,1,165,1,166,0
7,9,5,1,166,0
8,0,28,1,166,0
-4,3,37,1,166,0
6,-3,49,1,166,0
7,-6,49,1,166,0
2,-1,141,1,166,0
6,8,89,1,166,0
5,7,105,1,166,0
2,4,107,1,166,0
4,6,113,1,166,0
1,3,114,1,166,0
3,5,119,1,166,0
3,-4,127,1,166,0
-2,1,143,1,166,0
-1,0,158,1,166,0
-3,3,45,1,166,0
5,-1,166,1,166,0
8,1,61,1,166,0
0,3,63,1,166,0
7,0,71,1,166,0
4,7,75,1,166,0
3,6,77,1,166,0
7,-7,89,1,166,0
5,8,96,1,166,0
3,-5,119,1,166,0
-1,1,135,1,166,0
2,-2,144,1,166,0
9,3,1,1,166,0
8,-1,36,1,166,0
2,6,36,1,166,0
-2,3,51,1,166,0
8,2,58,1,166,0
7,1,66,1,166,0
3,7,69,1,166,0
4,8,71,1,166,0
6,0,79,1,166,0
7,-8,87,1,166,0
3,-6,112,1,166,0
-1,2,129,1,166,0
2,-3,135,1,166,0
-1,-1,147,1,166,0
-9,1,3,1,166,0
-5,7,4,1,166,0
1,6,29,1,166,0
8,-2,34,1,166,0
8,3,47,1,166,0
7,2,53,1,166,0
5,-3,57,1,166,0
-1,3,57,1,166,0
2,7,59,1,166,0
3,8,66,1,166,0
6,1,89,1,166,0
-1,-2,101,1,166,0
3,-7,106,1,166,0
2,-4,126,1,166,0
1,-1,149,1,166,0
-3,6,5,1,166,0
-8,1,9,1,166,0
8,4,11,1,166,0
-4,7,16,1,166,0
0,6,23,1,166,0
8,-3,23,1,166,0
7,3,51,1,166,0
1,7,55,1,166,0
2,8,62,1,166,0
4,0,66,1,166,0
4,-1,158,1,166,0
5,1,85,1,166,0
6,2,96,1,166,0
6,-7,98,1,166,0
2,-5,119,1,166,0
1,-2,143,1,166,0
-2,6,11,1,166,0
-4,8,14,1,166,0
-7,1,15,1,166,0
-3,7,24,1,166,0
8,5,31,1,166,0
7,4,43,1,166,0
7,-1,44,1,166,0
0,7,46,1,166,0
1,8,54,1,166,0
4,-2,68,1,166,0
4,1,72,1,166,0
2,-6,89,1,166,0
3,0,92,1,166,0
6,3,104,1,166,0
5,2,111,1,166,0
1,-3,133,1,166,0
-5,0,4,1,167,0
-1,6,17,1,167,0
-6,1,21,1,167,0
8,6,27,1,167,0
-2,7,29,1,167,0
7,5,35,1,167,0
7,-2,39,1,167,0
4,-3,63,1,167,0
5,3,105,1,167,0
5,-6,108,1,167,0
4,2,118,1,167,0
3,1,125,1,167,0
0,-1,151,1,167,0
2,0,165,1,167,0
-4,0,9,1,167,0
-5,1,24,1,167,0
7,6,26,1,167,0
-2,8,31,1,167,0
5,4,35,1,167,0
-1,7,39,1,167,0
7,-3,43,1,167,0
4,3,44,1,167,0
8,-6,45,1,167,0
3,-1,151,1,167,0
8,7,98,1,167,0
0,-2,99,1,167,0
5,-7,103,1,167,0
3,2,119,1,167,0
6,5,125,1,167,0
2,1,132,1,167,0
1,0,159,1,167,0
-3,-2,163,1,167,0
-3,0,17,1,167,0
8,8,12,1,167,0
7,-4,34,1,167,0
-1,8,35,1,167,0
6,-1,167,1,167,0
7,7,106,1,167,0
4,-5,118,1,167,0
6,6,124,1,167,0
5,5,133,1,167,0
4,4,142,1,167,0
3,-2,146,1,167,0
3,3,151,1,167,0
2,2,159,1,167,0
-5,2,159,1,167,0
-3,-3,166,1,167,0
1,1,166,1,167,0
0,0,166,1,167,0
7,8,13,1,167,0
7,-5,41,1,167,0
5,6,107,1,167,0
6,7,109,1,167,0
4,-6,111,1,167,0
4,5,118,1,167,0
3,4,128,1,167,0
3,-3,129,1,167,0
2,3,136,1,167,0
-3,1,149,1,167,0
-2,-1,155,1,167,0
-4,2,158,1,167,0
0,1,165,1,167,0
-5,3,165,1,167,0
-2,0,166,1,167,0
1,2,166,1,167,0
7,9,5,1,167,0
8,0,28,1,167,0
-4,3,37,1,167,0
6,-3,49,1,167,0
7,-6,49,1,167,0
2,-1,141,1,167,0
6,8,89,1,167,0
5,7,105,1,167,0
2,4,107,1,167,0
4,6,113,1,167,0
1,3,114,1,167,0
3,5,119,1,167,0
3,-4,127,1,167,0
-2,1,143,1,167,0
-1,0,158,1,167,0
-3,3,45,1,167,0
5,-1,166,1,167,0
8,1,61,1,167,0
0,3,63,1,167,0
7,0,71,1,167,0
4,7,75,1,167,0
3,6,77,1,167,0
7,-7,89,1,167,0
5,8,96,1,167,0
3,-5,119,1,167,0
-1,1,135,1,167,0
2,-2,144,1,167,0
9,3,1,1,167,0
8,-1,36,1,167,0
2,6,36,1,167,0
-2,3,51,1,167,0
8,2,58,1,167,0
7,1,66,1,167,0
3,7,69,1,167,0
4,8,71,1,167,0
6,0,79,1,167,0
7,-8,87,1,167,0
3,-6,112,1,167,0
-1,2,129,1,167,0
2,-3,135,1,167,0
-1,-1,147,1,167,0
-9,1,3,1,167,0
-5,7,4,1,167,0
1,6,29,1,167,0
8,-2,34,1,167,0
8,3,47,1,167,0
7,2,53,1,167,0
5,-3,57,1,167,0
-1,3,57,1,167,0
2,7,59,1,167,0
3,8,66,1,167,0
6,1,89,1,167,0
-1,-2,101,1,167,0
3,-7,106,1,167,0
2,-4,126,1,167,0
1,-1,149,1,167,0
-3,6,5,1,167,0
-8,1,9,1,167,0
8,4,11,1,167,0
-4,7,16,1,167,0
0,6,23,1,167,0
8,-3,23,1,167,0
7,3,51,1,167,0
1,7,55,1,167,0
2,8,62,1,167,0
4,0,66,1,167,0
4,-1,158,1,167,0
5,1,85,1,167,0
6,2,96,1,167,0
6,-7,98,1,167,0
2,-5,119,1,167,0
1,-2,143,1,167,0
-2,6,11,1,167,0
-4,8,14,1,167,0
-7,1,15,1,167,0
-3,7,24,1,167,0
8,5,31,1,167,0
7,4,43,1,167,0
7,-1,44,1,167,0
0,7,46,1,167,0
1,8,54,1,167,0
4,-2,68,1,167,0
4,1,72,1,167,0
2,-6,89,1,167,0
6,3,104,1,167,0
5,2,111,1,167,0
1,-3,133,1,167,0
3,0,166,1,167,0
-5,0,4,1,168,0
-1,6,17,1,168,0
-6,1,21,1,168,0
8,6,27,1,168,0
-2,7,29,1,168,0
7,5,35,1,168,0
7,-2,39,1,168,0
4,-3,63,1,168,0
5,3,105,1,168,0
5,-6,108,1,168,0
4,2,118,1,168,0
3,1,125,1,168,0
2,0,165,1,168,0
0,-1,167,1,168,0
-4,0,9,1,168,0
-5,1,24,1,168,0
7,6,26,1,168,0
-2,8,31,1,168,0
5,4,35,1,168,0
-1,7,39,1,168,0
7,-3,43,1,168,0
4,3,44,1,168,0
8,-6,45,1,168,0
3,-1,151,1,168,0
8,7,98,1,168,0
0,-2,99,1,168,0
5,-7,103,1,168,0
3,2,119,1,168,0
6,5,125,1,168,0
2,1,132,1,168,0
1,0,159,1,168,0
-3,-2,163,1,168,0
-3,0,17,1,168,0
8,8,12,1,168,0
7,-4,34,1,168,0
-1,8,35,1,168,0
6,-1,168,1,168,0
7,7,106,1,168,0
4,-5,118,1,168,0
6,6,124,1,168,0
5,5,133,1,168,0
4,4,142,1,168,0
3,-2,146,1,168,0
3,3,151,1,168,0
2,2,159,1,168,0
-5,2,159,1,168,0
0,0,167,1,168,0
-3,-3,167,1,168,0
1,1,167,1,168,0
7,8,13,1,168,0
7,-5,41,1,168,0
5,6,107,1,168,0
6,7,109,1,168,0
4,-6,111,1,168,0
4,5,118,1,168,0
3,4,128,1,168,0
3,-3,129,1,168,0
2,3,136,1,168,0
-3,1,149,1,168,0
-2,-1,155,1,168,0
-4,2,158,1,168,0
0,1,165,1,168,0
-2,0,166,1,168,0
-5,3,167,1,168,0
1,2,167,1,168,0
7,9,5,1,168,0
8,0,28,1,168,0
-4,3,37,1,168,0
6,-3,49,1,168,0
7,-6,49,1,168,0
2,-1,141,1,168,0
6,8,89,1,168,0
5,7,105,1,168,0
2,4,107,1,168,0
4,6,113,1,168,0
1,3,114,1,168,0
3,5,119,1,168,0
3,-4,127,1,168,0
-2,1,143,1,168,0
-1,0,158,1,168,0
-3,3,45,1,168,0
5,-1,166,1,168,0
8,1,61,1,168,0
0,3,63,1,168,0
7,0,71,1,168,0
4,7,75,1,168,0
3,6,77,1,168,0
7,-7,89,1,168,0
5,8,96,1,168,0
3,-5,119,1,168,0
-1,1,135,1,168,0
2,-2,144,1,168,0
9,3,1,1,168,0
8,-1,36,1,168,0
2,6,36,1,168,0
-2,3,51,1,168,0
8,2,58,1,168,0
7,1,66,1,168,0
3,7,69,1,168,0
4,8,71,1,168,0
6,0,79,1,168,0
7,-8,87,1,168,0
3,-6,112,1,168,0
-1,2,129,1,168,0
2,-3,135,1,168,0
-1,-1,147,1,168,0
-9,1,3,1,168,0
-5,7,4,1,168,0
1,6,29,1,168,0
8,-2,34,1,168,0
8,3,47,1,168,0
7,2,53,1,168,0
5,-3,57,1,168,0
-1,3,57,1,168,0
2,7,59,1,168,0
3,8,66,1,168,0
6,1,89,1,168,0
-1,-2,101,1,168,0
3,-7,106,1,168,0
2,-4,126,1,168,0
1,-1,149,1,168,0
-3,6,5,1,168,0
-8,1,9,1,168,0
8,4,11,1,168,0
-4,7,16,1,168,0
0,6,23,1,168,0
8,-3,23,1,168,0
7,3,51,1,168,0
1,7,55,1,168,0
2,8,62,1,168,0
4,0,66,1,168,0
4,-1,158,1,168,0
5,1,85,1,168,0
6,2,96,1,168,0
6,-7,98,1,168,0
2,-5,119,1,168,0
1,-2,143,1,168,0
-2,6,11,1,168,0
-4,8,14,1,168,0
-7,1,15,1,168,0
-3,7,24,1,168,0
8,5,31,1,168,0
7,4,43,1,168,0
7,-1,44,1,168,0
0,7,46,1,168,0
1,8,54,1,168,0
4,-2,68,1,168,0
4,1,72,1,168,0
2,-6,89,1,168,0
6,3,104,1,168,0
5,2,111,1,168,0
1,-3,133,1,168,0
3,0,167,1,168,0
-5,0,4,1,169,0
-1,6,17,1,169,0
-6,1,21,1,169,0
8,6,27,1,169,0
-2,7,29,1,169,0
7,5,35,1,169,0
7,-2,39,1,169,0
4,-3,63,1,169,0
5,3,105,1,169,0
5,-6,108,1,169,0
4,2,118,1,169,0
3,1,125,1,169,0
2,0,165,1,169,0
0,-1,168,1,169,0
-4,0,9,1,169,0
-5,1,24,1,169,0
7,6,26,1,169,0
-2,8,31,1,169,0
5,4,35,1,169,0
-1,7,39,1,169,0
7,-3,43,1,169,0
4,3,44,1,169,0
8,-6,45,1,169,0
3,-1,151,1,169,0
8,7,98,1,169,0
0,-2,99,1,169,0
5,-7,103,1,169,0
3,2,119,1,169,0
6,5,125,1,169,0
2,1,132,1,169,0
1,0,159,1,169,0
-3,-2,163,1,169,0
8,8,12,1,169,0
7,-4,34,1,169,0
-1,8,35,1,169,0
6,-1,169,1,169,0
7,7,106,1,169,0
4,-5,118,1,169,0
6,6,124,1,169,0
5,5,133,1,169,0
4,4,142,1,169,0
3,-2,146,1,169,0
3,3,151,1,169,0
2,2,159,1,169,0
-5,2,159,1,169,0
-3,0,167,1,169,0
0,0,168,1,169,0
-3,-3,168,1,169,0
1,1,168,1,169,0
7,8,13,1,169,0
7,-5,41,1,169,0
5,6,107,1,169,0
6,7,109,1,169,0
4,-6,111,1,169,0
4,5,118,1,169,0
3,4,128,1,169,0
3,-3,129,1,169,0
2,3,136,1,169,0
-3,1,149,1,169,0
-2,-1,155,1,169,0
-4,2,158,1,169,0
0,1,165,1,169,0
-2,0,166,1,169,0
-5,3,168,1,169,0
1,2,168,1,169,0
7,9,5,1,169,0
8,0,28,1,169,0
-4,3,37,1,169,0
6,-3,49,1,169,0
7,-6,49,1,169,0
2,-1,141,1,169,0
6,8,89,1,169,0
5,7,105,1,169,0
2,4,107,1,169,0
4,6,113,1,169,0
1,3,114,1,169,0
3,5,119,1,169,0
3,-4,127,1,169,0
-2,1,143,1,169,0
-1,0,158,1,169,0
-3,3,45,1,169,0
5,-1,166,1,169,0
8,1,61,1,169,0
0,3,63,1,169,0
7,0,71,1,169,0
4,7,75,1,169,0
3,6,77,1,169,0
7,-7,89,1,169,0
5,8,96,1,169,0
3,-5,119,1,169,0
-1,1,135,1,169,0
2,-2,144,1,169,0
9,3,1,1,169,0
8,-1,36,1,169,0
2,6,36,1,169,0
-2,3,51,1,169,0
8,2,58,1,169,0
7,1,66,1,169,0
3,7,69,1,169,0
4,8,71,1,169,0
6,0,79,1,169,0
7,-8,87,1,169,0
3,-6,112,1,169,0
-1,2,129,1,169,0
2,-3,135,1,169,0
-1,-1,147,1,169,0
-9,1,3,1,169,0
-5,7,4,1,169,0
1,6,29,1,169,0
8,-2,34,1,169,0
8,3,47,1,169,0
7,2,53,1,169,0
5,-3,57,1,169,0
-1,3,57,1,169,0
2,7,59,1,169,0
3,8,66,1,169,0
6,1,89,1,169,0
-1,-2,101,1,169,0
3,-7,106,1,169,0
2,-4,126,1,169,0
1,-1,149,1,169,0
-3,6,5,1,169,0
-8,1,9,1,169,0
8,4,11,1,169,0
-4,7,16,1,169,0
0,6,23,1,169,0
8,-3,23,1,169,0
7,3,51,1,169,0
1,7,55,1,169,0
2,8,62,1,169,0
4,0,66,1,169,0
4,-1,158,1,169,0
5,1,85,1,169,0
6,2,96,1,169,0
6,-7,98,1,169,0
2,-5,119,1,169,0
1,-2,143,1,169,0
-2,6,11,1,169,0
-4,8,14,1,169,0
-7,1,15,1,169,0
-3,7,24,1,169,0
8,5,31,1,169,0
7,4,43,1,169,0
7,-1,44,1,169,0
0,7,46,1,169,0
1,8,54,1,169,0
4,-2,68,1,169,0
4,1,72,1,169,0
2,-6,89,1,169,0
6,3,104,1,169,0
5,2,111,1,169,0
1,-3,133,1,169,0
3,0,167,1,169,0
-5,0,4,1,170,0
-1,6,17,1,170,0
-6,1,21,1,170,0
8,6,27,1,170,0
-2,7,29,1,170,0
7,5,35,1,170,0
7,-2,39,1,170,0
4,-3,63,1,170,0
5,3,105,1,170,0
5,-6,108,1,170,0
4,2,118,1,170,0
3,1,125,1,170,0
2,0,165,1,170,0
0,-1,169,1,170,0
-4,0,9,1,170,0
-5,1,24,1,170,0
7,6,26,1,170,0
-2,8,31,1,170,0
5,4,35,1,170,0
-1,7,39,1,170,0
7,-3,43,1,170,0
4,3,44,1,170,0
8,-6,45,1,170,0
3,-1,151,1,170,0
8,7,98,1,170,0
0,-2,99,1,170,0
5,-7,103,1,170,0
3,2,119,1,170,0
6,5,125,1,170,0
2,1,132,1,170,0
1,0,159,1,170,0
-3,-2,163,1,170,0
8,8,12,1,170,0
7,-4,34,1,170,0
-1,8,35,1,170,0
6,-1,169,1,170,0
7,7,106,1,170,0
4,-5,118,1,170,0
6,6,124,1,170,0
5,5,133,1,170,0
4,4,142,1,170,0
3,-2,146,1,170,0
3,3,151,1,170,0
2,2,159,1,170,0
-5,2,159,1,170,0
-3,0,168,1,170,0
0,0,169,1,170,0
-3,-3,169,1,170,0
1,1,169,1,170,0
7,8,13,1,170,0
7,-5,41,1,170,0
5,6,107,1,170,0
6,7,109,1,170,0
4,-6,111,1,170,0
4,5,118,1,170,0
3,4,128,1,170,0
3,-3,129,1,170,0
2,3,136,1,170,0
-3,1,149,1,170,0
-2,-1,155,1,170,0
-4,2,158,1,170,0
0,1,165,1,170,0
-2,0,166,1,170,0
-5,3,169,1,170,0
1,2,169,1,170,0
7,9,5,1,170,0
8,0,28,1,170,0
-4,3,37,1,170,0
6,-3,49,1,170,0
7,-6,49,1,170,0
2,-1,141,1,170,0
6,8,89,1,170,0
5,7,105,1,170,0
2,4,107,1,170,0
4,6,113,1,170,0
1,3,114,1,170,0
3,5,119,1,170,0
3,-4,127,1,170,0
-2,1,143,1,170,0
-1,0,158,1,170,0
-3,3,45,1,170,0
5,-1,166,1,170,0
8,1,61,1,170,0
0,3,63,1,170,0
7,0,71,1,170,0
4,7,75,1,170,0
3,6,77,1,170,0
7,-7,89,1,170,0
5,8,96,1,170,0
3,-5,119,1,170,0
-1,1,135,1,170,0
2,-2,144,1,170,0
9,3,1,1,170,0
8,-1,36,1,170,0
2,6,36,1,170,0
-2,3,51,1,170,0
8,2,58,1,170,0
7,1,66,1,170,0
3,7,69,1,170,0
4,8,71,1,170,0
6,0,79,1,170,0
7,-8,87,1,170,0
3,-6,112,1,170,0
-1,2,129,1,170,0
2,-3,135,1,170,0
-1,-1,147,1,170,0
-9,1,3,1,170,0
-5,7,4,1,170,0
1,6,29,1,170,0
8,-2,34,1,170,0
8,3,47,1,170,0
7,2,53,1,170,0
5,-3,57,1,170,0
-1,3,57,1,170,0
2,7,59,1,170,0
3,8,66,1,170,0
6,1,89,1,170,0
-1,-2,101,1,170,0
3,-7,106,1,170,0
2,-4,126,1,170,0
1,-1,149,1,170,0
-3,6,5,1,170,0
-8,1,9,1,170,0
8,4,11,1,170,0
-4,7,16,1,170,0
0,6,23,1,170,0
8,-3,23,1,170,0
7,3,51,1,170,0
1,7,55,1,170,0
2,8,62,1,170,0
4,0,66,1,170,0
4,-1,158,1,170,0
5,1,85,1,170,0
6,2,96,1,170,0
6,-7,98,1,170,0
2,-5,119,1,170,0
1,-2,143,1,170,0
-2,6,11,1,170,0
-4,8,14,1,170,0
-7,1,15,1,170,0
-3,7,24,1,170,0
8,5,31,1,170,0
7,4,43,1,170,0
7,-1,44,1,170,0
0,7,46,1,170,0
1,8,54,1,170,0
4,-2,68,1,170,0
4,1,72,1,170,0
2,-6,89,1,170,0
6,3,104,1,170,0
5,2,111,1,170,0
1,-3,133,1,170,0
3,0,167,1,170,0
-5,0,4,1,171,0
-1,6,17,1,171,0
-6,1,21,1,171,0
8,6,27,1,171,0
-2,7,29,1,171,0
7,5,35,1,171,0
7,-2,39,1,171,0
4,-3,63,1,171,0
5,3,105,1,171,0
5,-6,108,1,171,0
4,2,118,1,171,0
3,1,125,1,171,0
2,0,165,1,171,0
0,-1,169,1,171,0
-3,-1,169,1,171,0
-4,0,9,1,171,0
-5,1,24,1,171,0
7,6,26,1,171,0
-2,8,31,1,171,0
5,4,35,1,171,0
-1,7,39,1,171,0
7,-3,43,1,171,0
4,3,44,1,171,0
8,-6,45,1,171,0
3,-1,151,1,171,0
8,7,98,1,171,0
0,-2,99,1,171,0
5,-7,103,1,171,0
3,2,119,1,171,0
6,5,125,1,171,0
2,1,132,1,171,0
1,0,159,1,171,0
-3,-2,163,1,171,0
8,8,12,1,171,0
7,-4,34,1,171,0
-1,8,35,1,171,0
6,-1,169,1,171,0
7,7,106,1,171,0
4,-5,118,1,171,0
6,6,124,1,171,0
5,5,133,1,171,0
4,4,142,1,171,0
3,-2,146,1,171,0
3,3,151,1,171,0
2,2,159,1,171,0
-5,2,159,1,171,0
-3,0,168,1,171,0
0,0,169,1,171,0
-3,-3,169,1,171,0
1,1,169,1,171,0
7,8,13,1,171,0
7,-5,41,1,171,0
5,6,107,1,171,0
6,7,109,1,171,0
4,-6,111,1,171,0
4,5,118,1,171,0
3,4,128,1,171,0
3,-3,129,1,171,0
2,3,136,1,171,0
-3,1,149,1,171,0
-2,-1,155,1,171,0
-4,2,158,1,171,0
0,1,165,1,171,0
-2,0,166,1,171,0
-5,3,169,1,171,0
1,2,169,1,171,0
6,-2,171,1,171,0
7,9,5,1,171,0
8,0,28,1,171,0
-4,3,37,1,171,0
6,-3,49,1,171,0
7,-6,49,1,171,0
2,-1,141,1,171,0
6,8,89,1,171,0
5,7,105,1,171,0
2,4,107,1,171,0
4,6,113,1,171,0
1,3,114,1,171,0
3,5,119,1,171,0
3,-4,127,1,171,0
-2,1,143,1,171,0
-1,0,158,1,171,0
-3,3,45,1,171,0
5,-1,166,1,171,0
8,1,61,1,171,0
0,3,63,1,171,0
7,0,71,1,171,0
4,7,75,1,171,0
3,6,77,1,171,0
7,-7,89,1,171,0
5,8,96,1,171,0
3,-5,119,1,171,0
-1,1,135,1,171,0
2,-2,144,1,171,0
9,3,1,1,171,0
8,-1,36,1,171,0
2,6,36,1,171,0
-2,3,51,1,171,0
8,2,58,1,171,0
7,1,66,1,171,0
3,7,69,1,171,0
4,8,71,1,171,0
6,0,79,1,171,0
7,-8,87,1,171,0
3,-6,112,1,171,0
-1,2,129,1,171,0
2,-3,135,1,171,0
-1,-1,147,1,171,0
-9,1,3,1,171,0
-5,7,4,1,171,0
1,6,29,1,171,0
8,-2,34,1,171,0
8,3,47,1,171,0
7,2,53,1,171,0
5,-3,57,1,171,0
-1,3,57,1,171,0
2,7,59,1,171,0
3,8,66,1,171,0
6,1,89,1,171,0
-1,-2,101,1,171,0
3,-7,106,1,171,0
2,-4,126,1,171,0
1,-1,149,1,171,0
-3,6,5,1,171,0
-8,1,9,1,171,0
8,4,11,1,171,0
-4,7,16,1,171,0
0,6,23,1,171,0
8,-3,23,1,171,0
7,3,51,1,171,0
1,7,55,1,171,0
2,8,62,1,171,0
4,0,66,1,171,0
4,-1,158,1,171,0
5,1,85,1,171,0
6,2,96,1,171,0
6,-7,98,1,171,0
2,-5,119,1,171,0
1,-2,143,1,171,0
-2,6,11,1,171,0
-4,8,14,1,171,0
-7,1,15,1,171,0
-3,7,24,1,171,0
8,5,31,1,171,0
7,4,43,1,171,0
7,-1,44,1,171,0
0,7,46,1,171,0
1,8,54,1,171,0
4,-2,68,1,171,0
4,1,72,1,171,0
2,-6,89,1,171,0
6,3,104,1,171,0
5,2,111,1,171,0
1,-3,133,1,171,0
3,0,167,1,171,0
-5,0,4,1,172,0
-1,6,17,1,172,0
-6,1,21,1,172,0
8,6,27,1,172,0
-2,7,29,1,172,0
7,5,35,1,172,0
7,-2,39,1,172,0
4,-3,63,1,172,0
5,3,105,1,172,0
5,-6,108,1,172,0
4,2,118,1,172,0
3,1,125,1,172,0
2,0,165,1,172,0
-3,-1,171,1,172,0
0,-1,171,1,172,0
-4,0,9,1,172,0
-5,1,24,1,172,0
7,6,26,1,172,0
-2,8,31,1,172,0
5,4,35,1,172,0
-1,7,39,1,172,0
7,-3,43,1,172,0
4,3,44,1,172,0
8,-6,45,1,172,0
3,-1,151,1,172,0
8,7,98,1,172,0
0,-2,99,1,172,0
5,-7,103,1,172,0
3,2,119,1,172,0
6,5,125,1,172,0
2,1,132,1,172,0
1,0,159,1,172,0
-3,-2,163,1,172,0
8,8,12,1,172,0
7,-4,34,1,172,0
-1,8,35,1,172,0
6,-1,169,1,172,0
7,7,106,1,172,0
4,-5,118,1,172,0
6,6,124,1,172,0
5,5,133,1,172,0
4,4,142,1,172,0
3,-2,146,1,172,0
3,3,151,1,172,0
2,2,159,1,172,0
-5,2,159,1,172,0
-3,0,168,1,172,0
-3,-3,169,1,172,0
1,1,169,1,172,0
0,0,171,1,172,0
7,8,13,1,172,0
7,-5,41,1,172,0
5,6,107,1,172,0
6,7,109,1,172,0
4,-6,111,1,172,0
4,5,118,1,172,0
3,4,128,1,172,0
3,-3,129,1,172,0
2,3,136,1,172,0
-3,1,149,1,172,0
-2,-1,155,1,172,0
-4,2,158,1,172,0
0,1,165,1,172,0
-2,0,166,1,172,0
1,2,169,1,172,0
6,-2,172,1,172,0
-5,3,171,1,172,0
-3,-4,171,1,172,0
7,9,5,1,172,0
8,0,28,1,172,0
-4,3,37,1,172,0
6,-3,49,1,172,0
7,-6,49,1,172,0
2,-1,141,1,172,0
6,8,89,1,172,0
5,7,105,1,172,0
2,4,107,1,172,0
4,6,113,1,172,0
1,3,114,1,172,0
3,5,119,1,172,0
3,-4,127,1,172,0
-2,1,143,1,172,0
-1,0,158,1,172,0
0,2,171,1,172,0
-3,3,45,1,172,0
5,-1,166,1,172,0
8,1,61,1,172,0
0,3,63,1,172,0
7,0,71,1,172,0
4,7,75,1,172,0
3,6,77,1,172,0
7,-7,89,1,172,0
5,8,96,1,172,0
3,-5,119,1,172,0
-1,1,135,1,172,0
2,-2,144,1,172,0
9,3,1,1,172,0
8,-1,36,1,172,0
2,6,36,1,172,0
-2,3,51,1,172,0
8,2,58,1,172,0
7,1,66,1,172,0
3,7,69,1,172,0
4,8,71,1,172,0
6,0,79,1,172,0
7,-8,87,1,172,0
3,-6,112,1,172,0
-1,2,129,1,172,0
2,-3,135,1,172,0
-1,-1,147,1,172,0
-9,1,3,1,172,0
-5,7,4,1,172,0
1,6,29,1,172,0
8,-2,34,1,172,0
8,3,47,1,172,0
7,2,53,1,172,0
5,-3,57,1,172,0
-1,3,57,1,172,0
2,7,59,1,172,0
3,8,66,1,172,0
6,1,89,1,172,0
-1,-2,101,1,172,0
3,-7,106,1,172,0
2,-4,126,1,172,0
1,-1,149,1,172,0
-3,6,5,1,172,0
-8,1,9,1,172,0
8,4,11,1,172,0
-4,7,16,1,172,0
0,6,23,1,172,0
8,-3,23,1,172,0
7,3,51,1,172,0
1,7,55,1,172,0
2,8,62,1,172,0
4,0,66,1,172,0
4,-1,158,1,172,0
5,1,85,1,172,0
6,2,96,1,172,0
6,-7,98,1,172,0
2,-5,119,1,172,0
1,-2,143,1,172,0
-2,6,11,1,172,0
-4,8,14,1,172,0
-7,1,15,1,172,0
-3,7,24,1,172,0
8,5,31,1,172,0
7,4,43,1,172,0
7,-1,44,1,172,0
0,7,46,1,172,0
1,8,54,1,172,0
4,-2,68,1,172,0
4,1,72,1,172,0
2,-6,89,1,172,0
6,3,104,1,172,0
5,2,111,1,172,0
1,-3,133,1,172,0
3,0,167,1,172,0
-5,0,4,1,173,0
-1,6,17,1,173,0
-6,1,21,1,173,0
8,6,27,1,173,0
-2,7,29,1,173,0
7,5,35,1,173,0
7,-2,39,1,173,0
4,-3,63,1,173,0
5,3,105,1,173,0
5,-6,108,1,173,0
4,2,118,1,173,0
3,1,125,1,173,0
2,0,165,1,173,0
-3,-1,172,1,173,0
0,-1,172,1,173,0
-4,0,9,1,173,0
-5,1,24,1,173,0
7,6,26,1,173,0
-2,8,31,1,173,0
5,4,35,1,173,0
-1,7,39,1,173,0
7,-3,43,1,173,0
4,3,44,1,173,0
8,-6,45,1,173,0
3,-1,151,1,173,0
8,7,98,1,173,0
0,-2,99,1,173,0
5,-7,103,1,173,0
3,2,119,1,173,0
6,5,125,1,173,0
2,1,132,1,173,0
1,0,159,1,173,0
-3,-2,163,1,173,0
8,8,12,1,173,0
7,-4,34,1,173,0
-1,8,35,1,173,0
6,-1,169,1,173,0
7,7,106,1,173,0
4,-5,118,1,173,0
6,6,124,1,173,0
5,5,133,1,173,0
4,4,142,1,173,0
3,-2,146,1,173,0
3,3,151,1,173,0
2,2,159,1,173,0
-5,2,159,1,173,0
-3,0,168,1,173,0
-3,-3,169,1,173,0
1,1,169,1,173,0
0,0,172,1,173,0
7,8,13,1,173,0
7,-5,41,1,173,0
5,6,107,1,173,0
6,7,109,1,173,0
4,-6,111,1,173,0
4,5,118,1,173,0
3,4,128,1,173,0
3,-3,129,1,173,0
2,3,136,1,173,0
-3,1,149,1,173,0
-2,-1,155,1,173,0
-4,2,158,1,173,0
0,1,165,1,173,0
-2,0,166,1,173,0
1,2,169,1,173,0
6,-2,173,1,173,0
-5,3,172,1,173,0
-3,-4,172,1,173,0
7,9,5,1,173,0
8,0,28,1,173,0
-4,3,37,1,173,0
6,-3,49,1,173,0
7,-6,49,1,173,0
2,-1,141,1,173,0
6,8,89,1,173,0
5,7,105,1,173,0
2,4,107,1,173,0
4,6,113,1,173,0
1,3,114,1,173,0
3,5,119,1,173,0
3,-4,127,1,173,0
-2,1,143,1,173,0
-1,0,158,1,173,0
0,2,172,1,173,0
-3,3,45,1,173,0
5,-1,166,1,173,0
8,1,61,1,173,0
0,3,63,1,173,0
7,0,71,1,173,0
4,7,75,1,173,0
3,6,77,1,173,0
7,-7,89,1,173,0
5,8,96,1,173,0
3,-5,119,1,173,0
-1,1,135,1,173,0
2,-2,144,1,173,0
9,3,1,1,173,0
8,-1,36,1,173,0
2,6,36,1,173,0
-2,3,51,1,173,0
8,2,58,1,173,0
7,1,66,1,173,0
3,7,69,1,173,0
4,8,71,1,173,0
6,0,79,1,173,0
7,-8,87,1,173,0
3,-6,112,1,173,0
-1,2,129,1,173,0
2,-3,135,1,173,0
-1,-1,147,1,173,0
-9,1,3,1,173,0
-5,7,4,1,173,0
1,6,29,1,173,0
8,-2,34,1,173,0
8,3,47,1,173,0
7,2,53,1,173,0
5,-3,57,1,173,0
-1,3,57,1,173,0
2,7,59,1,173,0
3,8,66,1,173,0
6,1,89,1,173,0
-1,-2,101,1,173,0
3,-7,106,1,173,0
2,-4,126,1,173,0
1,-1,149,1,173,0
-3,6,5,1,173,0
-8,1,9,1,173,0
8,4,11,1,173,0
-4,7,16,1,173,0
0,6,23,1,173,0
8,-3,23,1,173,0
7,3,51,1,173,0
1,7,55,1,173,0
2,8,62,1,173,0
4,0,66,1,173,0
4,-1,158,1,173,0
5,1,85,1,173,0
6,2,96,1,173,0
6,-7,98,1,173,0
2,-5,119,1,173,0
1,-2,143,1,173,0
-2,6,11,1,173,0
-4,8,14,1,173,0
-7,1,15,1,173,0
-3,7,24,1,173,0
8,5,31,1,173,0
7,4,43,1,173,0
7,-1,44,1,173,0
0,7,46,1,173,0
1,8,54,1,173,0
4,-2,68,1,173,0
4,1,72,1,173,0
2,-6,89,1,173,0
6,3,104,1,173,0
5,2,111,1,173,0
1,-3,133,1,173,0
3,0,167,1,173,0
-5,0,4,1,174,0
-1,6,17,1,174,0
-6,1,21,1,174,0
8,6,27,1,174,0
-2,7,29,1,174,0
7,5,35,1,174,0
7,-2,39,1,174,0
4,-3,63,1,174,0
5,3,105,1,174,0
5,-6,108,1,174,0
4,2,118,1,174,0
3,1,125,1,174,0
2,0,165,1,174,0
-3,-1,173,1,174,0
0,-1,173,1,174,0
-4,0,9,1,174,0
-5,1,24,1,174,0
7,6,26,1,174,0
-2,8,31,1,174,0
5,4,35,1,174,0
-1,7,39,1,174,0
7,-3,43,1,174,0
4,3,44,1,174,0
8,-6,45,1,174,0
3,-1,151,1,174,0
8,7,98,1,174,0
0,-2,99,1,174,0
5,-7,103,1,174,0
3,2,119,1,174,0
6,5,125,1,174,0
2,1,132,1,174,0
1,0,159,1,174,0
-3,-2,163,1,174,0
8,8,12,1,174,0
7,-4,34,1,174,0
-1,8,35,1,174,0
6,-1,169,1,174,0
7,7,106,1,174,0
4,-5,118,1,174,0
6,6,124,1,174,0
5,5,133,1,174,0
4,4,142,1,174,0
3,-2,146,1,174,0
3,3,151,1,174,0
2,2,159,1,174,0
-5,2,159,1,174,0
-3,0,168,1,174,0
-3,-3,169,1,174,0
1,1,169,1,174,0
0,0,173,1,174,0
7,8,13,1,174,0
7,-5,41,1,174,0
5,6,107,1,174,0
6,7,109,1,174,0
4,-6,111,1,174,0
4,5,118,1,174,0
3,4,128,1,174,0
3,-3,129,1,174,0
2,3,136,1,174,0
-3,1,149,1,174,0
-2,-1,155,1,174,0
-4,2,158,1,174,0
0,1,165,1,174,0
-2,0,166,1,174,0
1,2,169,1,174,0
6,-2,174,1,174,0
-5,3,173,1,174,0
-3,-4,173,1,174,0
7,9,5,1,174,0
8,0,28,1,174,0
-4,3,37,1,174,0
6,-3,49,1,174,0
7,-6,49,1,174,0
2,-1,141,1,174,0
6,8,89,1,174,0
5,7,105,1,174,0
2,4,107,1,174,0
4,6,113,1,174,0
1,3,114,1,174,0
3,5,119,1,174,0
3,-4,127,1,174,0
-2,1,143,1,174,0
-1,0,158,1,174,0
0,2,172,1,174,0
-3,3,45,1,174,0
5,-1,166,1,174,0
8,1,61,1,174,0
7,0,71,1,174,0
4,7,75,1,174,0
3,6,77,1,174,0
7,-7,89,1,174,0
5,8,96,1,174,0
3,-5,119,1,174,0
-1,1,135,1,174,0
2,-2,144,1,174,0
0,3,173,1,174,0
9,3,1,1,174,0
8,-1,36,1,174,0
2,6,36,1,174,0
-2,3,51,1,174,0
8,2,58,1,174,0
7,1,66,1,174,0
3,7,69,1,174,0
4,8,71,1,174,0
6,0,79,1,174,0
7,-8,87,1,174,0
3,-6,112,1,174,0
-1,2,129,1,174,0
2,-3,135,1,174,0
-1,-1,147,1,174,0
-9,1,3,1,174,0
-5,7,4,1,174,0
1,6,29,1,174,0
8,-2,34,1,174,0
8,3,47,1,174,0
7,2,53,1,174,0
5,-3,57,1,174,0
-1,3,57,1,174,0
2,7,59,1,174,0
3,8,66,1,174,0
6,1,89,1,174,0
-1,-2,101,1,174,0
3,-7,106,1,174,0
2,-4,126,1,174,0
1,-1,149,1,174,0
-3,6,5,1,174,0
-8,1,9,1,174,0
8,4,11,1,174,0
-4,7,16,1,174,0
0,6,23,1,174,0
8,-3,23,1,174,0
7,3,51,1,174,0
1,7,55,1,174,0
2,8,62,1,174,0
4,0,66,1,174,0
4,-1,158,1,174,0
5,1,85,1,174,0
6,2,96,1,174,0
6,-7,98,1,174,0
2,-5,119,1,174,0
1,-2,143,1,174,0
-2,6,11,1,174,0
-4,8,14,1,174,0
-7,1,15,1,174,0
-3,7,24,1,174,0
8,5,31,1,174,0
7,4,43,1,174,0
7,-1,44,1,174,0
0,7,46,1,174,0
1,8,54,1,174,0
4,-2,68,1,174,0
4,1,72,1,174,0
2,-6,89,1,174,0
6,3,104,1,174,0
5,2,111,1,174,0
1,-3,133,1,174,0
3,0,167,1,174,0
-5,0,4,1,175,0
-1,6,17,1,175,0
-6,1,21,1,175,0
8,6,27,1,175,0
-2,7,29,1,175,0
7,5,35,1,175,0
7,-2,39,1,175,0
4,-3,63,1,175,0
5,3,105,1,175,0
5,-6,108,1,175,0
4,2,118,1,175,0
3,1,125,1,175,0
2,0,165,1,175,0
-3,-1,173,1,175,0
0,-1,173,1,175,0
-4,0,9,1,175,0
-5,1,24,1,175,0
7,6,26,1,175,0
-2,8,31,1,175,0
5,4,35,1,175,0
-1,7,39,1,175,0
7,-3,43,1,175,0
4,3,44,1,175,0
8,-6,45,1,175,0
3,-1,151,1,175,0
8,7,98,1,175,0
5,-7,103,1,175,0
3,2,119,1,175,0
6,5,125,1,175,0
2,1,132,1,175,0
1,0,159,1,175,0
-3,-2,163,1,175,0
0,-2,174,1,175,0
8,8,12,1,175,0
7,-4,34,1,175,0
-1,8,35,1,175,0
6,-1,169,1,175,0
7,7,106,1,175,0
4,-5,118,1,175,0
6,6,124,1,175,0
5,5,133,1,175,0
4,4,142,1,175,0
3,-2,146,1,175,0
3,3,151,1,175,0
2,2,159,1,175,0
-5,2,159,1,175,0
-3,0,168,1,175,0
-3,-3,169,1,175,0
1,1,169,1,175,0
0,0,174,1,175,0
7,8,13,1,175,0
7,-5,41,1,175,0
5,6,107,1,175,0
6,7,109,1,175,0
4,-6,111,1,175,0
4,5,118,1,175,0
3,4,128,1,175,0
3,-3,129,1,175,0
2,3,136,1,175,0
-3,1,149,1,175,0
-2,-1,155,1,175,0
-4,2,158,1,175,0
0,1,165,1,175,0
-2,0,166,1,175,0
1,2,169,1,175,0
6,-2,175,1,175,0
-5,3,174,1,175,0
-3,-4,174,1,175,0
7,9,5,1,175,0
8,0,28,1,175,0
-4,3,37,1,175,0
6,-3,49,1,175,0
7,-6,49,1,175,0
2,-1,141,1,175,0
6,8,89,1,175,0
5,7,105,1,175,0
2,4,107,1,175,0
4,6,113,1,175,0
1,3,114,1,175,0
3,5,119,1,175,0
3,-4,127,1,175,0
-2,1,143,1,175,0
-1,0,158,1,175,0
0,2,172,1,175,0
-3,3,45,1,175,0
5,-1,166,1,175,0
8,1,61,1,175,0
7,0,71,1,175,0
4,7,75,1,175,0
3,6,77,1,175,0
7,-7,89,1,175,0
5,8,96,1,175,0
3,-5,119,1,175,0
-1,1,135,1,175,0
2,-2,144,1,175,0
0,3,174,1,175,0
9,3,1,1,175,0
8,-1,36,1,175,0
2,6,36,1,175,0
-2,3,51,1,175,0
8,2,58,1,175,0
7,1,66,1,175,0
3,7,69,1,175,0
4,8,71,1,175,0
6,0,79,1,175,0
7,-8,87,1,175,0
3,-6,112,1,175,0
-1,2,129,1,175,0
2,-3,135,1,175,0
-1,-1,147,1,175,0
-9,1,3,1,175,0
-5,7,4,1,175,0
1,6,29,1,175,0
8,-2,34,1,175,0
8,3,47,1,175,0
7,2,53,1,175,0
5,-3,57,1,175,0
-1,3,57,1,175,0
2,7,59,1,175,0
3,8,66,1,175,0
6,1,89,1,175,0
-1,-2,101,1,175,0
3,-7,106,1,175,0
2,-4,126,1,175,0
1,-1,149,1,175,0
-4,-1,174,1,175,0
-3,6,5,1,175,0
-8,1,9,1,175,0
8,4,11,1,175,0
-4,7,16,1,175,0
0,6,23,1,175,0
8,-3,23,1,175,0
7,3,51,1,175,0
1,7,55,1,175,0
2,8,62,1,175,0
4,0,66,1,175,0
4,-1,158,1,175,0
5,1,85,1,175,0
6,2,96,1,175,0
6,-7,98,1,175,0
2,-5,119,1,175,0
1,-2,143,1,175,0
-2,6,11,1,175,0
-4,8,14,1,175,0
-7,1,15,1,175,0
-3,7,24,1,175,0
8,5,31,1,175,0
7,4,43,1,175,0
7,-1,44,1,175,0
0,7,46,1,175,0
1,8,54,1,175,0
4,-2,68,1,175,0
4,1,72,1,175,0
2,-6,89,1,175,0
6,3,104,1,175,0
5,2,111,1,175,0
1,-3,133,1,175,0
3,0,167,1,175,0
-5,0,4,1,176,0
-1,6,17,1,176,0
-6,1,21,1,176,0
8,6,27,1,176,0
-2,7,29,1,176,0
7,5,35,1,176,0
7,-2,39,1,176,0
4,-3,63,1,176,0
5,3,105,1,176,0
5,-6,108,1,176,0
4,2,118,1,176,0
3,1,125,1,176,0
2,0,165,1,176,0
-3,-1,173,1,176,0
0,-1,173,1,176,0
-4,0,9,1,176,0
-5,1,24,1,176,0
7,6,26,1,176,0
-2,8,31,1,176,0
5,4,35,1,176,0
-1,7,39,1,176,0
7,-3,43,1,176,0
4,3,44,1,176,0
8,-6,45,1,176,0
3,-1,151,1,176,0
8,7,98,1,176,0
5,-7,103,1,176,0
3,2,119,1,176,0
6,5,125,1,176,0
2,1,132,1,176,0
1,0,159,1,176,0
-3,-2,163,1,176,0
0,-2,175,1,176,0
8,8,12,1,176,0
7,-4,34,1,176,0
-1,8,35,1,176,0
6,-1,169,1,176,0
7,7,106,1,176,0
4,-5,118,1,176,0
6,6,124,1,176,0
5,5,133,1,176,0
4,4,142,1,176,0
3,-2,146,1,176,0
3,3,151,1,176,0
2,2,159,1,176,0
-5,2,159,1,176,0
-3,0,168,1,176,0
-3,-3,169,1,176,0
1,1,169,1,176,0
0,0,175,1,176,0
7,8,13,1,176,0
7,-5,41,1,176,0
5,6,107,1,176,0
6,7,109,1,176,0
4,-6,111,1,176,0
4,5,118,1,176,0
3,4,128,1,176,0
3,-3,129,1,176,0
2,3,136,1,176,0
-3,1,149,1,176,0
-2,-1,155,1,176,0
-4,2,158,1,176,0
0,1,165,1,176,0
-2,0,166,1,176,0
1,2,169,1,176,0
6,-2,175,1,176,0
-5,3,175,1,176,0
-3,-4,175,1,176,0
7,9,5,1,176,0
8,0,28,1,176,0
-4,3,37,1,176,0
6,-3,176,1,176,0
7,-6,49,1,176,0
2,-1,141,1,176,0
6,8,89,1,176,0
5,7,105,1,176,0
2,4,107,1,176,0
4,6,113,1,176,0
1,3,114,1,176,0
3,5,119,1,176,0
3,-4,127,1,176,0
-2,1,143,1,176,0
0,2,172,1,176,0
-1,0,175,1,176,0
-3,3,45,1,176,0
5,-1,166,1,176,0
8,1,61,1,176,0
7,0,71,1,176,0
4,7,75,1,176,0
3,6,77,1,176,0
7,-7,89,1,176,0
5,8,96,1,176,0
3,-5,119,1,176,0
-1,1,135,1,176,0
2,-2,144,1,176,0
0,3,175,1,176,0
9,3,1,1,176,0
8,-1,36,1,176,0
2,6,36,1,176,0
-2,3,51,1,176,0
8,2,58,1,176,0
7,1,66,1,176,0
3,7,69,1,176,0
4,8,71,1,176,0
6,0,79,1,176,0
7,-8,87,1,176,0
3,-6,112,1,176,0
-1,2,129,1,176,0
2,-3,135,1,176,0
-1,-1,147,1,176,0
-9,1,3,1,176,0
-5,7,4,1,176,0
1,6,29,1,176,0
8,-2,34,1,176,0
8,3,47,1,176,0
7,2,53,1,176,0
5,-3,57,1,176,0
-1,3,57,1,176,0
2,7,59,1,176,0
3,8,66,1,176,0
6,1,89,1,176,0
-1,-2,101,1,176,0
3,-7,106,1,176,0
2,-4,126,1,176,0
1,-1,149,1,176,0
-4,-1,175,1,176,0
-3,6,5,1,176,0
-8,1,9,1,176,0
8,4,11,1,176,0
-4,7,16,1,176,0
0,6,23,1,176,0
8,-3,23,1,176,0
7,3,51,1,176,0
1,7,55,1,176,0
2,8,62,1,176,0
4,0,66,1,176,0
4,-1,158,1,176,0
5,1,85,1,176,0
6,2,96,1,176,0
6,-7,98,1,176,0
2,-5,119,1,176,0
1,-2,143,1,176,0
-2,6,11,1,176,0
-4,8,14,1,176,0
-7,1,15,1,176,0
-3,7,24,1,176,0
8,5,31,1,176,0
7,4,43,1,176,0
7,-1,44,1,176,0
0,7,46,1,176,0
1,8,54,1,176,0
4,-2,68,1,176,0
4,1,72,1,176,0
2,-6,89,1,176,0
6,3,104,1,176,0
5,2,111,1,176,0
1,-3,133,1,176,0
3,0,167,1,176,0
-5,0,4,1,177,0
-1,6,17,1,177,0
-6,1,21,1,177,0
8,6,27,1,177,0
-2,7,29,1,177,0
7,5,35,1,177,0
7,-2,39,1,177,0
4,-3,63,1,177,0
5,3,105,1,177,0
5,-6,108,1,177,0
4,2,118,1,177,0
3,1,125,1,177,0
2,0,165,1,177,0
-3,-1,173,1,177,0
0,-1,173,1,177,0
-4,0,9,1,177,0
-5,1,24,1,177,0
7,6,26,1,177,0
-2,8,31,1,177,0
5,4,35,1,177,0
-1,7,39,1,177,0
7,-3,43,1,177,0
4,3,44,1,177,0
8,-6,45,1,177,0
3,-1,151,1,177,0
8,7,98,1,177,0
5,-7,103,1,177,0
3,2,119,1,177,0
6,5,125,1,177,0
2,1,132,1,177,0
1,0,159,1,177,0
-3,-2,163,1,177,0
0,-2,176,1,177,0
8,8,12,1,177,0
7,-4,34,1,177,0
-1,8,35,1,177,0
6,-1,169,1,177,0
7,7,106,1,177,0
4,-5,118,1,177,0
6,6,124,1,177,0
5,5,133,1,177,0
4,4,142,1,177,0
3,-2,146,1,177,0
3,3,151,1,177,0
2,2,159,1,177,0
-5,2,159,1,177,0
-3,0,168,1,177,0
-3,-3,169,1,177,0
1,1,169,1,177,0
0,0,176,1,177,0
7,8,13,1,177,0
7,-5,41,1,177,0
5,6,107,1,177,0
6,7,109,1,177,0
4,-6,111,1,177,0
4,5,118,1,177,0
3,4,128,1,177,0
3,-3,129,1,177,0
2,3,136,1,177,0
-3,1,149,1,177,0
-2,-1,155,1,177,0
-4,2,158,1,177,0
0,1,165,1,177,0
-2,0,166,1,177,0
1,2,169,1,177,0
6,-2,175,1,177,0
-5,3,175,1,177,0
-3,-4,175,1,177,0
7,9,5,1,177,0
8,0,28,1,177,0
-4,3,37,1,177,0
6,-3,177,1,177,0
7,-6,49,1,177,0
2,-1,141,1,177,0
6,8,89,1,177,0
5,7,105,1,177,0
2,4,107,1,177,0
4,6,113,1,177,0
1,3,114,1,177,0
3,5,119,1,177,0
3,-4,127,1,177,0
-2,1,143,1,177,0
0,2,172,1,177,0
-5,4,176,1,177,0
-1,0,176,1,177,0
-3,3,45,1,177,0
5,-1,166,1,177,0
8,1,61,1,177,0
7,0,71,1,177,0
4,7,75,1,177,0
3,6,77,1,177,0
7,-7,89,1,177,0
5,8,96,1,177,0
3,-5,119,1,177,0
-1,1,135,1,177,0
2,-2,144,1,177,0
0,3,176,1,177,0
9,3,1,1,177,0
8,-1,36,1,177,0
2,6,36,1,177,0
-2,3,51,1,177,0
8,2,58,1,177,0
7,1,66,1,177,0
3,7,69,1,177,0
4,8,71,1,177,0
6,0,79,1,177,0
7,-8,87,1,177,0
3,-6,112,1,177,0
-1,2,129,1,177,0
2,-3,135,1,177,0
-1,-1,147,1,177,0
-2,-4,176,1,177,0
-9,1,3,1,177,0
-5,7,4,1,177,0
1,6,29,1,177,0
8,-2,34,1,177,0
8,3,47,1,177,0
7,2,53,1,177,0
5,-3,57,1,177,0
-1,3,57,1,177,0
2,7,59,1,177,0
3,8,66,1,177,0
6,1,89,1,177,0
-1,-2,101,1,177,0
3,-7,106,1,177,0
2,-4,126,1,177,0
1,-1,149,1,177,0
-4,-1,176,1,177,0
-3,6,5,1,177,0
-8,1,9,1,177,0
8,4,11,1,177,0
-4,7,16,1,177,0
0,6,23,1,177,0
8,-3,23,1,177,0
7,3,51,1,177,0
1,7,55,1,177,0
2,8,62,1,177,0
4,0,66,1,177,0
4,-1,158,1,177,0
5,1,85,1,177,0
6,2,96,1,177,0
6,-7,98,1,177,0
2,-5,119,1,177,0
1,-2,143,1,177,0
-2,6,11,1,177,0
-4,8,14,1,177,0
-7,1,15,1,177,0
-3,7,24,1,177,0
8,5,31,1,177,0
7,4,43,1,177,0
7,-1,44,1,177,0
0,7,46,1,177,0
1,8,54,1,177,0
4,-2,68,1,177,0
4,1,72,1,177,0
2,-6,89,1,177,0
6,3,104,1,177,0
5,2,111,1,177,0
1,-3,133,1,177,0
3,0,167,1,177,0
-5,0,4,1,178,0
-1,6,17,1,178,0
-6,1,21,1,178,0
8,6,27,1,178,0
-2,7,29,1,178,0
7,5,35,1,178,0
7,-2,39,1,178,0
4,-3,63,1,178,0
5,3,105,1,178,0
5,-6,108,1,178,0
4,2,118,1,178,0
3,1,125,1,178,0
2,0,165,1,178,0
-3,-1,173,1,178,0
0,-1,173,1,178,0
-4,0,9,1,178,0
-5,1,24,1,178,0
7,6,26,1,178,0
-2,8,31,1,178,0
5,4,35,1,178,0
-1,7,39,1,178,0
7,-3,43,1,178,0
4,3,44,1,178,0
8,-6,45,1,178,0
3,-1,151,1,178,0
8,7,98,1,178,0
5,-7,103,1,178,0
3,2,119,1,178,0
6,5,125,1,178,0
2,1,132,1,178,0
1,0,159,1,178,0
-3,-2,163,1,178,0
0,-2,177,1,178,0
8,8,12,1,178,0
7,-4,34,1,178,0
-1,8,35,1,178,0
6,-1,169,1,178,0
7,7,106,1,178,0
4,-5,118,1,178,0
6,6,124,1,178,0
5,5,133,1,178,0
4,4,142,1,178,0
3,-2,146,1,178,0
3,3,151,1,178,0
2,2,159,1,178,0
-5,2,159,1,178,0
-3,0,168,1,178,0
-3,-3,169,1,178,0
1,1,169,1,178,0
0,0,177,1,178,0
7,8,13,1,178,0
7,-5,41,1,178,0
5,6,107,1,178,0
6,7,109,1,178,0
4,-6,111,1,178,0
4,5,118,1,178,0
3,4,128,1,178,0
3,-3,129,1,178,0
2,3,136,1,178,0
-3,1,149,1,178,0
-2,-1,155,1,178,0
-4,2,158,1,178,0
0,1,165,1,178,0
-2,0,166,1,178,0
1,2,169,1,178,0
6,-2,175,1,178,0
-5,3,175,1,178,0
-3,-4,175,1,178,0
7,9,5,1,178,0
8,0,28,1,178,0
-4,3,37,1,178,0
6,-3,178,1,178,0
7,-6,49,1,178,0
2,-1,141,1,178,0
6,8,89,1,178,0
5,7,105,1,178,0
2,4,107,1,178,0
4,6,113,1,178,0
1,3,114,1,178,0
3,5,119,1,178,0
3,-4,127,1,178,0
-2,1,143,1,178,0
0,2,172,1,178,0
-5,4,177,1,178,0
-1,0,177,1,178,0
-3,3,45,1,178,0
5,-1,166,1,178,0
8,1,61,1,178,0
7,0,71,1,178,0
4,7,75,1,178,0
3,6,77,1,178,0
7,-7,89,1,178,0
5,8,96,1,178,0
3,-5,119,1,178,0
-1,1,135,1,178,0
2,-2,144,1,178,0
0,3,177,1,178,0
9,3,1,1,178,0
8,-1,36,1,178,0
2,6,36,1,178,0
-2,3,51,1,178,0
8,2,58,1,178,0
7,1,66,1,178,0
3,7,69,1,178,0
4,8,71,1,178,0
6,0,79,1,178,0
7,-8,87,1,178,0
3,-6,112,1,178,0
-1,2,129,1,178,0
2,-3,135,1,178,0
-1,-1,147,1,178,0
-2,-4,177,1,178,0
-9,1,3,1,178,0
-5,7,4,1,178,0
1,6,29,1,178,0
8,-2,34,1,178,0
8,3,47,1,178,0
7,2,53,1,178,0
5,-3,57,1,178,0
-1,3,57,1,178,0
2,7,59,1,178,0
3,8,66,1,178,0
6,1,89,1,178,0
-1,-2,101,1,178,0
3,-7,106,1,178,0
2,-4,126,1,178,0
1,-1,149,1,178,0
-4,-1,177,1,178,0
-3,6,5,1,178,0
-8,1,9,1,178,0
8,4,11,1,178,0
-4,7,16,1,178,0
0,6,23,1,178,0
8,-3,23,1,178,0
7,3,51,1,178,0
1,7,55,1,178,0
2,8,62,1,178,0
4,0,66,1,178,0
4,-1,158,1,178,0
5,1,85,1,178,0
6,2,96,1,178,0
6,-7,98,1,178,0
2,-5,119,1,178,0
1,-2,143,1,178,0
-2,6,11,1,178,0
-4,8,14,1,178,0
-7,1,15,1,178,0
-3,7,24,1,178,0
8,5,31,1,178,0
7,4,43,1,178,0
7,-1,44,1,178,0
0,7,46,1,178,0
1,8,54,1,178,0
4,-2,68,1,178,0
4,1,72,1,178,0
2,-6,89,1,178,0
6,3,104,1,178,0
5,2,111,1,178,0
1,-3,133,1,178,0
3,0,167,1,178,0
-5,0,4,1,179,0
-1,6,17,1,179,0
-6,1,21,1,179,0
8,6,27,1,179,0
-2,7,29,1,179,0
7,5,35,1,179,0
7,-2,39,1,179,0
4,-3,63,1,179,0
5,3,105,1,179,0
5,-6,108,1,179,0
4,2,118,1,179,0
3,1,125,1,179,0
2,0,165,1,179,0
-3,-1,173,1,179,0
0,-1,173,1,179,0
-4,0,9,1,179,0
-5,1,24,1,179,0
7,6,26,1,179,0
-2,8,31,1,179,0
5,4,35,1,179,0
-1,7,39,1,179,0
7,-3,43,1,179,0
4,3,44,1,179,0
8,-6,45,1,179,0
3,-1,151,1,179,0
8,7,98,1,179,0
5,-7,103,1,179,0
3,2,119,1,179,0
6,5,125,1,179,0
2,1,132,1,179,0
1,0,159,1,179,0
-3,-2,163,1,179,0
0,-2,178,1,179,0
8,8,12,1,179,0
7,-4,34,1,179,0
-1,8,35,1,179,0
6,-1,169,1,179,0
7,7,106,1,179,0
4,-5,118,1,179,0
6,6,124,1,179,0
5,5,133,1,179,0
4,4,142,1,179,0
3,-2,146,1,179,0
3,3,151,1,179,0
2,2,159,1,179,0
-5,2,159,1,179,0
-3,0,168,1,179,0
-3,-3,169,1,179,0
1,1,169,1,179,0
0,0,177,1,179,0
7,8,13,1,179,0
7,-5,41,1,179,0
5,6,107,1,179,0
6,7,109,1,179,0
4,-6,111,1,179,0
4,5,118,1,179,0
3,4,128,1,179,0
3,-3,129,1,179,0
2,3,136,1,179,0
-3,1,149,1,179,0
-2,-1,155,1,179,0
-4,2,158,1,179,0
0,1,165,1,179,0
-2,0,166,1,179,0
1,2,169,1,179,0
6,-2,175,1,179,0
-5,3,175,1,179,0
-3,-4,175,1,179,0
7,9,5,1,179,0
8,0,28,1,179,0
-4,3,37,1,179,0
6,-3,179,1,179,0
7,-6,49,1,179,0
2,-1,141,1,179,0
6,8,89,1,179,0
5,7,105,1,179,0
2,4,107,1,179,0
4,6,113,1,179,0
1,3,114,1,179,0
3,5,119,1,179,0
3,-4,127,1,179,0
-2,1,143,1,179,0
0,2,172,1,179,0
-5,4,177,1,179,0
-1,0,178,1,179,0
-3,3,45,1,179,0
5,-1,166,1,179,0
8,1,61,1,179,0
7,0,71,1,179,0
4,7,75,1,179,0
3,6,77,1,179,0
7,-7,89,1,179,0
5,8,96,1,179,0
3,-5,119,1,179,0
-1,1,135,1,179,0
2,-2,144,1,179,0
0,3,178,1,179,0
9,3,1,1,179,0
8,-1,36,1,179,0
2,6,36,1,179,0
-2,3,51,1,179,0
8,2,58,1,179,0
7,1,66,1,179,0
3,7,69,1,179,0
4,8,71,1,179,0
6,0,79,1,179,0
7,-8,87,1,179,0
3,-6,112,1,179,0
-1,2,129,1,179,0
2,-3,135,1,179,0
-1,-1,147,1,179,0
-2,-4,177,1,179,0
-9,1,3,1,179,0
-5,7,4,1,179,0
1,6,29,1,179,0
8,-2,34,1,179,0
8,3,47,1,179,0
7,2,53,1,179,0
5,-3,57,1,179,0
-1,3,57,1,179,0
2,7,59,1,179,0
3,8,66,1,179,0
6,1,89,1,179,0
-1,-2,101,1,179,0
3,-7,106,1,179,0
2,-4,126,1,179,0
1,-1,149,1,179,0
-4,-1,178,1,179,0
-2,-5,178,1,179,0
-3,6,5,1,179,0
-8,1,9,1,179,0
8,4,11,1,179,0
-4,7,16,1,179,0
0,6,23,1,179,0
8,-3,23,1,179,0
7,3,51,1,179,0
1,7,55,1,179,0
2,8,62,1,179,0
4,0,66,1,179,0
4,-1,158,1,179,0
5,1,85,1,179,0
6,2,96,1,179,0
6,-7,98,1,179,0
2,-5,119,1,179,0
1,-2,143,1,179,0
-2,6,11,1,179,0
-4,8,14,1,179,0
-7,1,15,1,179,0
-3,7,24,1,179,0
8,5,31,1,179,0
7,4,43,1,179,0
7,-1,44,1,179,0
0,7,46,1,179,0
1,8,54,1,179,0
4,-2,68,1,179,0
4,1,72,1,179,0
2,-6,89,1,179,0
6,3,104,1,179,0
5,2,111,1,179,0
1,-3,133,1,179,0
3,0,167,1,179,0
-5,0,4,1,180,0
-1,6,17,1,180,0
-6,1,21,1,180,0
8,6,27,1,180,0
-2,7,29,1,180,0
7,5,35,1,180,0
7,-2,39,1,180,0
4,-3,63,1,180,0
5,3,105,1,180,0
5,-6,108,1,180,0
4,2,118,1,180,0
3,1,125,1,180,0
2,0,165,1,180,0
-3,-1,173,1,180,0
0,-1,173,1,180,0
-4,0,9,1,180,0
-5,1,24,1,180,0
7,6,26,1,180,0
-2,8,31,1,180,0
5,4,35,1,180,0
-1,7,39,1,180,0
7,-3,43,1,180,0
4,3,44,1,180,0
8,-6,45,1,180,0
3,-1,151,1,180,0
8,7,98,1,180,0
5,-7,103,1,180,0
3,2,119,1,180,0
6,5,125,1,180,0
2,1,132,1,180,0
1,0,159,1,180,0
-3,-2,163,1,180,0
0,-2,179,1,180,0
8,8,12,1,180,0
7,-4,34,1,180,0
-1,8,35,1,180,0
6,-1,169,1,180,0
7,7,106,1,180,0
4,-5,118,1,180,0
6,6,124,1,180,0
5,5,133,1,180,0
4,4,142,1,180,0
3,-2,146,1,180,0
3,3,151,1,180,0
2,2,159,1,180,0
-5,2,159,1,180,0
-3,0,168,1,180,0
-3,-3,169,1,180,0
1,1,169,1,180,0
0,0,179,1,180,0
7,8,13,1,180,0
7,-5,41,1,180,0
5,6,107,1,180,0
6,7,109,1,180,0
4,-6,111,1,180,0
4,5,118,1,180,0
3,4,128,1,180,0
3,-3,129,1,180,0
2,3,136,1,180,0
-3,1,149,1,180,0
-2,-1,155,1,180,0
-4,2,158,1,180,0
0,1,165,1,180,0
-2,0,166,1,180,0
1,2,169,1,180,0
6,-2,175,1,180,0
-5,3,175,1,180,0
-3,-4,175,1,180,0
7,9,5,1,180,0
8,0,28,1,180,0
-4,3,37,1,180,0
6,-3,179,1,180,0
7,-6,49,1,180,0
2,-1,141,1,180,0
6,8,89,1,180,0
5,7,105,1,180,0
2,4,107,1,180,0
4,6,113,1,180,0
1,3,114,1,180,0
3,5,119,1,180,0
3,-4,127,1,180,0
-2,1,143,1,180,0
0,2,172,1,180,0
-1,0,179,1,180,0
-5,4,178,1,180,0
-3,3,45,1,180,0
5,-1,166,1,180,0
8,1,61,1,180,0
7,0,71,1,180,0
4,7,75,1,180,0
3,6,77,1,180,0
7,-7,89,1,180,0
5,8,96,1,180,0
3,-5,119,1,180,0
-1,1,135,1,180,0
2,-2,144,1,180,0
0,3,179,1,180,0
9,3,1,1,180,0
8,-1,36,1,180,0
2,6,36,1,180,0
-2,3,51,1,180,0
8,2,58,1,180,0
7,1,66,1,180,0
3,7,69,1,180,0
4,8,71,1,180,0
6,0,79,1,180,0
7,-8,87,1,180,0
3,-6,112,1,180,0
-1,2,129,1,180,0
2,-3,135,1,180,0
-1,-1,147,1,180,0
-2,-4,177,1,180,0
-9,1,3,1,180,0
-5,7,4,1,180,0
1,6,29,1,180,0
8,-2,34,1,180,0
8,3,47,1,180,0
7,2,53,1,180,0
5,-3,57,1,180,0
-1,3,57,1,180,0
2,7,59,1,180,0
3,8,66,1,180,0
6,1,89,1,180,0
-1,-2,101,1,180,0
3,-7,106,1,180,0
2,-4,126,1,180,0
1,-1,149,1,180,0
-4,-1,179,1,180,0
-2,-5,179,1,180,0
-3,6,5,1,180,0
-8,1,9,1,180,0
8,4,11,1,180,0
-4,7,16,1,180,0
0,6,23,1,180,0
8,-3,23,1,180,0
7,3,51,1,180,0
1,7,55,1,180,0
2,8,62,1,180,0
4,0,66,1,180,0
4,-1,158,1,180,0
5,1,85,1,180,0
6,2,96,1,180,0
6,-7,98,1,180,0
2,-5,119,1,180,0
1,-2,143,1,180,0
-2,6,11,1,180,0
-4,8,14,1,180,0
-7,1,15,1,180,0
-3,7,24,1,180,0
8,5,31,1,180,0
7,4,43,1,180,0
7,-1,44,1,180,0
0,7,46,1,180,0
1,8,54,1,180,0
4,-2,68,1,180,0
4,1,72,1,180,0
2,-6,89,1,180,0
6,3,104,1,180,0
5,2,111,1,180,0
1,-3,133,1,180,0
3,0,167,1,180,0
-5,0,4,1,181,0
-1,6,17,1,181,0
-6,1,21,1,181,0
8,6,27,1,181,0
-2,7,29,1,181,0
7,5,35,1,181,0
7,-2,39,1,181,0
4,-3,63,1,181,0
5,3,105,1,181,0
5,-6,108,1,181,0
4,2,118,1,181,0
3,1,125,1,181,0
2,0,165,1,181,0
-3,-1,173,1,181,0
0,-1,173,1,181,0
-4,0,9,1,181,0
-5,1,24,1,181,0
7,6,26,1,181,0
-2,8,31,1,181,0
5,4,35,1,181,0
-1,7,39,1,181,0
7,-3,43,1,181,0
4,3,44,1,181,0
8,-6,45,1,181,0
3,-1,151,1,181,0
8,7,98,1,181,0
5,-7,103,1,181,0
3,2,119,1,181,0
6,5,125,1,181,0
2,1,132,1,181,0
1,0,159,1,181,0
-3,-2,163,1,181,0
0,-2,179,1,181,0
8,8,12,1,181,0
7,-4,34,1,181,0
-1,8,35,1,181,0
6,-1,169,1,181,0
7,7,106,1,181,0
4,-5,118,1,181,0
6,6,124,1,181,0
5,5,133,1,181,0
4,4,142,1,181,0
3,-2,146,1,181,0
3,3,151,1,181,0
2,2,159,1,181,0
-5,2,159,1,181,0
-3,0,168,1,181,0
-3,-3,169,1,181,0
1,1,169,1,181,0
0,0,179,1,181,0
7,8,13,1,181,0
7,-5,41,1,181,0
5,6,107,1,181,0
6,7,109,1,181,0
4,-6,111,1,181,0
4,5,118,1,181,0
3,4,128,1,181,0
3,-3,129,1,181,0
2,3,136,1,181,0
-3,1,149,1,181,0
-2,-1,155,1,181,0
-4,2,158,1,181,0
0,1,165,1,181,0
-2,0,166,1,181,0
1,2,169,1,181,0
6,-2,175,1,181,0
-5,3,175,1,181,0
-3,-4,175,1,181,0
7,9,5,1,181,0
8,0,28,1,181,0
-4,3,37,1,181,0
6,-3,181,1,181,0
7,-6,49,1,181,0
2,-1,141,1,181,0
6,8,89,1,181,0
5,7,105,1,181,0
2,4,107,1,181,0
4,6,113,1,181,0
1,3,114,1,181,0
3,5,119,1,181,0
3,-4,127,1,181,0
-2,1,143,1,181,0
0,2,172,1,181,0
-1,0,179,1,181,0
-5,4,179,1,181,0
-3,3,45,1,181,0
5,-1,166,1,181,0
8,1,61,1,181,0
7,0,71,1,181,0
4,7,75,1,181,0
3,6,77,1,181,0
7,-7,89,1,181,0
5,8,96,1,181,0
3,-5,119,1,181,0
-1,1,135,1,181,0
2,-2,144,1,181,0
0,3,179,1,181,0
9,3,1,1,181,0
8,-1,36,1,181,0
2,6,36,1,181,0
-2,3,51,1,181,0
8,2,58,1,181,0
7,1,66,1,181,0
3,7,69,1,181,0
4,8,71,1,181,0
6,0,79,1,181,0
7,-8,87,1,181,0
3,-6,112,1,181,0
-1,2,129,1,181,0
2,-3,135,1,181,0
-1,-1,147,1,181,0
-2,-4,177,1,181,0
-9,1,3,1,181,0
-5,7,4,1,181,0
1,6,29,1,181,0
8,-2,34,1,181,0
8,3,47,1,181,0
7,2,53,1,181,0
5,-3,57,1,181,0
-1,3,57,1,181,0
2,7,59,1,181,0
3,8,66,1,181,0
6,1,89,1,181,0
-1,-2,101,1,181,0
3,-7,106,1,181,0
2,-4,126,1,181,0
1,-1,149,1,181,0
-4,-1,179,1,181,0
-2,-5,179,1,181,0
-3,6,5,1,181,0
-8,1,9,1,181,0
8,4,11,1,181,0
-4,7,16,1,181,0
0,6,23,1,181,0
8,-3,23,1,181,0
7,3,51,1,181,0
1,7,55,1,181,0
2,8,62,1,181,0
4,0,66,1,181,0
4,-1,158,1,181,0
5,1,85,1,181,0
6,2,96,1,181,0
6,-7,98,1,181,0
2,-5,119,1,181,0
1,-2,143,1,181,0
-2,6,11,1,181,0
-4,8,14,1,181,0
-7,1,15,1,181,0
-3,7,24,1,181,0
8,5,31,1,181,0
7,4,43,1,181,0
7,-1,44,1,181,0
0,7,46,1,181,0
1,8,54,1,181,0
4,-2,68,1,181,0
4,1,72,1,181,0
2,-6,89,1,181,0
6,3,104,1,181,0
5,2,111,1,181,0
1,-3,133,1,181,0
3,0,167,1,181,0
-5,0,4,1,182,0
-1,6,17,1,182,0
-6,1,21,1,182,0
8,6,27,1,182,0
-2,7,29,1,182,0
7,5,35,1,182,0
7,-2,39,1,182,0
4,-3,63,1,182,0
5,3,105,1,182,0
5,-6,108,1,182,0
4,2,118,1,182,0
3,1,125,1,182,0
2,0,165,1,182,0
-3,-1,173,1,182,0
0,-1,173,1,182,0
-4,0,9,1,182,0
-5,1,24,1,182,0
7,6,26,1,182,0
-2,8,31,1,182,0
5,4,35,1,182,0
-1,7,39,1,182,0
7,-3,43,1,182,0
4,3,44,1,182,0
8,-6,45,1,182,0
3,-1,151,1,182,0
8,7,98,1,182,0
5,-7,103,1,182,0
3,2,119,1,182,0
6,5,125,1,182,0
2,1,132,1,182,0
1,0,159,1,182,0
-3,-2,163,1,182,0
0,-2,179,1,182,0
8,8,12,1,182,0
7,-4,34,1,182,0
-1,8,35,1,182,0
6,-1,169,1,182,0
7,7,106,1,182,0
4,-5,118,1,182,0
6,6,124,1,182,0
5,5,133,1,182,0
4,4,142,1,182,0
3,-2,146,1,182,0
3,3,151,1,182,0
2,2,159,1,182,0
-5,2,159,1,182,0
-3,0,168,1,182,0
-3,-3,169,1,182,0
1,1,169,1,182,0
0,0,179,1,182,0
0,-3,181,1,182,0
7,8,13,1,182,0
7,-5,41,1,182,0
5,6,107,1,182,0
6,7,109,1,182,0
4,-6,111,1,182,0
4,5,118,1,182,0
3,4,128,1,182,0
3,-3,129,1,182,0
2,3,136,1,182,0
-3,1,149,1,182,0
-2,-1,155,1,182,0
-4,2,158,1,182,0
0,1,165,1,182,0
-2,0,166,1,182,0
1,2,169,1,182,0
6,-2,175,1,182,0
-5,3,175,1,182,0
-3,-4,175,1,182,0
7,9,5,1,182,0
8,0,28,1,182,0
-4,3,37,1,182,0
6,-3,182,1,182,0
7,-6,49,1,182,0
2,-1,141,1,182,0
6,8,89,1,182,0
5,7,105,1,182,0
2,4,107,1,182,0
4,6,113,1,182,0
1,3,114,1,182,0
3,5,119,1,182,0
3,-4,127,1,182,0
-2,1,143,1,182,0
0,2,172,1,182,0
-1,0,179,1,182,0
-5,4,179,1,182,0
-5,-1,181,1,182,0
-3,3,45,1,182,0
5,-1,166,1,182,0
8,1,61,1,182,0
7,0,71,1,182,0
4,7,75,1,182,0
3,6,77,1,182,0
7,-7,89,1,182,0
5,8,96,1,182,0
3,-5,119,1,182,0
2,-2,144,1,182,0
0,3,179,1,182,0
-4,4,181,1,182,0
-1,1,181,1,182,0
1,4,181,1,182,0
9,3,1,1,182,0
8,-1,36,1,182,0
2,6,36,1,182,0
-2,3,51,1,182,0
8,2,58,1,182,0
7,1,66,1,182,0
3,7,69,1,182,0
4,8,71,1,182,0
6,0,79,1,182,0
7,-8,87,1,182,0
3,-6,112,1,182,0
-1,2,129,1,182,0
2,-3,135,1,182,0
-1,-1,147,1,182,0
-2,-4,177,1,182,0
-9,1,3,1,182,0
-5,7,4,1,182,0
1,6,29,1,182,0
8,-2,34,1,182,0
8,3,47,1,182,0
7,2,53,1,182,0
5,-3,57,1,182,0
-1,3,57,1,182,0
2,7,59,1,182,0
3,8,66,1,182,0
6,1,89,1,182,0
-1,-2,101,1,182,0
3,-7,106,1,182,0
2,-4,126,1,182,0
1,-1,149,1,182,0
-4,-1,179,1,182,0
-2,-5,181,1,182,0
-3,6,5,1,182,0
-8,1,9,1,182,0
8,4,11,1,182,0
-4,7,16,1,182,0
0,6,23,1,182,0
8,-3,23,1,182,0
7,3,51,1,182,0
1,7,55,1,182,0
2,8,62,1,182,0
4,0,66,1,182,0
4,-1,158,1,182,0
5,1,85,1,182,0
6,2,96,1,182,0
6,-7,98,1,182,0
2,-5,119,1,182,0
1,-2,143,1,182,0
-2,6,11,1,182,0
-4,8,14,1,182,0
-7,1,15,1,182,0
-3,7,24,1,182,0
8,5,31,1,182,0
7,4,43,1,182,0
7,-1,44,1,182,0
0,7,46,1,182,0
1,8,54,1,182,0
4,-2,68,1,182,0
4,1,72,1,182,0
2,-6,89,1,182,0
6,3,104,1,182,0
5,2,111,1,182,0
1,-3,133,1,182,0
3,0,167,1,182,0
-5,0,4,1,183,0
-1,6,17,1,183,0
-6,1,21,1,183,0
8,6,27,1,183,0
-2,7,29,1,183,0
7,5,35,1,183,0
7,-2,39,1,183,0
4,-3,63,1,183,0
5,3,105,1,183,0
5,-6,108,1,183,0
4,2,118,1,183,0
3,1,125,1,183,0
2,0,165,1,183,0
-3,-1,173,1,183,0
0,-1,173,1,183,0
-4,0,9,1,183,0
-5,1,24,1,183,0
7,6,26,1,183,0
-2,8,31,1,183,0
5,4,35,1,183,0
-1,7,39,1,183,0
7,-3,43,1,183,0
4,3,44,1,183,0
8,-6,45,1,183,0
3,-1,151,1,183,0
8,7,98,1,183,0
5,-7,103,1,183,0
3,2,119,1,183,0
6,5,125,1,183,0
2,1,132,1,183,0
1,0,159,1,183,0
-3,-2,163,1,183,0
0,-2,179,1,183,0
8,8,12,1,183,0
7,-4,34,1,183,0
-1,8,35,1,183,0
6,-1,169,1,183,0
7,7,106,1,183,0
4,-5,118,1,183,0
6,6,124,1,183,0
5,5,133,1,183,0
4,4,142,1,183,0
3,-2,146,1,183,0
3,3,151,1,183,0
2,2,159,1,183,0
-5,2,159,1,183,0
-3,0,168,1,183,0
-3,-3,169,1,183,0
1,1,169,1,183,0
0,0,179,1,183,0
0,-3,182,1,183,0
7,8,13,1,183,0
7,-5,41,1,183,0
5,6,107,1,183,0
6,7,109,1,183,0
4,-6,111,1,183,0
4,5,118,1,183,0
3,4,128,1,183,0
3,-3,129,1,183,0
2,3,136,1,183,0
-3,1,149,1,183,0
-2,-1,155,1,183,0
-4,2,158,1,183,0
0,1,165,1,183,0
-2,0,166,1,183,0
1,2,169,1,183,0
6,-2,175,1,183,0
-5,3,175,1,183,0
-3,-4,175,1,183,0
7,9,5,1,183,0
8,0,28,1,183,0
-4,3,37,1,183,0
6,-3,182,1,183,0
7,-6,49,1,183,0
2,-1,141,1,183,0
6,8,89,1,183,0
5,7,105,1,183,0
2,4,107,1,183,0
4,6,113,1,183,0
1,3,114,1,183,0
3,5,119,1,183,0
3,-4,127,1,183,0
-2,1,143,1,183,0
0,2,172,1,183,0
-1,0,179,1,183,0
-5,4,179,1,183,0
-5,-1,182,1,183,0
-3,3,45,1,183,0
5,-1,166,1,183,0
8,1,61,1,183,0
7,0,71,1,183,0
4,7,75,1,183,0
3,6,77,1,183,0
7,-7,89,1,183,0
5,8,96,1,183,0
3,-5,119,1,183,0
2,-2,144,1,183,0
0,3,179,1,183,0
-4,4,182,1,183,0
-1,1,182,1,183,0
1,4,182,1,183,0
6,-4,183,1,183,0
9,3,1,1,183,0
8,-1,36,1,183,0
2,6,36,1,183,0
-2,3,51,1,183,0
8,2,58,1,183,0
7,1,66,1,183,0
3,7,69,1,183,0
4,8,71,1,183,0
6,0,79,1,183,0
7,-8,87,1,183,0
3,-6,112,1,183,0
-1,2,129,1,183,0
2,-3,135,1,183,0
-1,-1,147,1,183,0
-2,-4,177,1,183,0
-9,1,3,1,183,0
-5,7,4,1,183,0
1,6,29,1,183,0
8,-2,34,1,183,0
8,3,47,1,183,0
7,2,53,1,183,0
5,-3,57,1,183,0
-1,3,57,1,183,0
2,7,59,1,183,0
3,8,66,1,183,0
6,1,89,1,183,0
-1,-2,101,1,183,0
3,-7,106,1,183,0
2,-4,126,1,183,0
1,-1,149,1,183,0
-4,-1,179,1,183,0
-2,-5,182,1,183,0
-3,6,5,1,183,0
-8,1,9,1,183,0
8,4,11,1,183,0
-4,7,16,1,183,0
0,6,23,1,183,0
8,-3,23,1,183,0
7,3,51,1,183,0
1,7,55,1,183,0
2,8,62,1,183,0
4,0,66,1,183,0
4,-1,158,1,183,0
5,1,85,1,183,0
6,2,96,1,183,0
6,-7,98,1,183,0
2,-5,119,1,183,0
1,-2,143,1,183,0
-2,6,11,1,183,0
-4,8,14,1,183,0
-7,1,15,1,183,0
-3,7,24,1,183,0
8,5,31,1,183,0
7,4,43,1,183,0
7,-1,44,1,183,0
0,7,46,1,183,0
1,8,54,1,183,0
4,-2,68,1,183,0
4,1,72,1,183,0
2,-6,89,1,183,0
6,3,104,1,183,0
5,2,111,1,183,0
1,-3,133,1,183,0
3,0,167,1,183,0
-5,0,4,1,184,0
-1,6,17,1,184,0
-6,1,21,1,184,0
8,6,27,1,184,0
-2,7,29,1,184,0
7,5,35,1,184,0
7,-2,39,1,184,0
4,-3,63,1,184,0
5,3,105,1,184,0
5,-6,108,1,184,0
4,2,118,1,184,0
3,1,125,1,184,0
2,0,165,1,184,0
-3,-1,173,1,184,0
0,-1,173,1,184,0
-4,0,9,1,184,0
-5,1,24,1,184,0
7,6,26,1,184,0
-2,8,31,1,184,0
5,4,35,1,184,0
-1,7,39,1,184,0
7,-3,43,1,184,0
4,3,44,1,184,0
8,-6,45,1,184,0
3,-1,151,1,184,0
8,7,98,1,184,0
5,-7,103,1,184,0
3,2,119,1,184,0
6,5,125,1,184,0
2,1,132,1,184,0
1,0,159,1,184,0
-3,-2,163,1,184,0
0,-2,179,1,184,0
8,8,12,1,184,0
7,-4,34,1,184,0
-1,8,35,1,184,0
6,-1,169,1,184,0
7,7,106,1,184,0
4,-5,118,1,184,0
6,6,124,1,184,0
5,5,133,1,184,0
4,4,142,1,184,0
3,-2,146,1,184,0
3,3,151,1,184,0
2,2,159,1,184,0
-5,2,159,1,184,0
-3,0,168,1,184,0
-3,-3,169,1,184,0
1,1,169,1,184,0
0,0,179,1,184,0
0,-3,183,1,184,0
7,8,13,1,184,0
7,-5,41,1,184,0
5,6,107,1,184,0
6,7,109,1,184,0
4,-6,111,1,184,0
4,5,118,1,184,0
3,4,128,1,184,0
3,-3,129,1,184,0
2,3,136,1,184,0
-3,1,149,1,184,0
-2,-1,155,1,184,0
-4,2,158,1,184,0
0,1,165,1,184,0
-2,0,166,1,184,0
1,2,169,1,184,0
6,-2,175,1,184,0
-5,3,175,1,184,0
-3,-4,175,1,184,0
7,9,5,1,184,0
8,0,28,1,184,0
-4,3,37,1,184,0
6,-3,182,1,184,0
7,-6,49,1,184,0
2,-1,141,1,184,0
6,8,89,1,184,0
5,7,105,1,184,0
2,4,107,1,184,0
4,6,113,1,184,0
1,3,114,1,184,0
3,5,119,1,184,0
3,-4,127,1,184,0
-2,1,143,1,184,0
0,2,172,1,184,0
-1,0,179,1,184,0
-5,4,179,1,184,0
-5,-1,183,1,184,0
-3,3,45,1,184,0
5,-1,166,1,184,0
8,1,61,1,184,0
7,0,71,1,184,0
4,7,75,1,184,0
3,6,77,1,184,0
7,-7,89,1,184,0
5,8,96,1,184,0
3,-5,119,1,184,0
2,-2,144,1,184,0
0,3,179,1,184,0
-4,4,182,1,184,0
6,-4,184,1,184,0
-1,1,183,1,184,0
1,4,183,1,184,0
9,3,1,1,184,0
8,-1,36,1,184,0
2,6,36,1,184,0
-2,3,51,1,184,0
8,2,58,1,184,0
7,1,66,1,184,0
3,7,69,1,184,0
4,8,71,1,184,0
6,0,79,1,184,0
7,-8,87,1,184,0
3,-6,112,1,184,0
-1,2,129,1,184,0
2,-3,135,1,184,0
-1,-1,147,1,184,0
-2,-4,177,1,184,0
-4,5,183,1,184,0
-9,1,3,1,184,0
-5,7,4,1,184,0
1,6,29,1,184,0
8,-2,34,1,184,0
8,3,47,1,184,0
7,2,53,1,184,0
5,-3,57,1,184,0
-1,3,57,1,184,0
2,7,59,1,184,0
3,8,66,1,184,0
6,1,89,1,184,0
-1,-2,101,1,184,0
3,-7,106,1,184,0
2,-4,126,1,184,0
1,-1,149,1,184,0
-4,-1,179,1,184,0
-2,-5,183,1,184,0
-3,6,5,1,184,0
-8,1,9,1,184,0
8,4,11,1,184,0
-4,7,16,1,184,0
0,6,23,1,184,0
8,-3,23,1,184,0
7,3,51,1,184,0
1,7,55,1,184,0
2,8,62,1,184,0
4,0,66,1,184,0
4,-1,158,1,184,0
5,1,85,1,184,0
6,2,96,1,184,0
6,-7,98,1,184,0
2,-5,119,1,184,0
1,-2,143,1,184,0
-2,6,11,1,184,0
-4,8,14,1,184,0
-7,1,15,1,184,0
-3,7,24,1,184,0
8,5,31,1,184,0
7,4,43,1,184,0
7,-1,44,1,184,0
0,7,46,1,184,0
1,8,54,1,184,0
4,-2,68,1,184,0
4,1,72,1,184,0
2,-6,89,1,184,0
6,3,104,1,184,0
5,2,111,1,184,0
1,-3,133,1,184,0
3,0,167,1,184,0
-5,0,4,1,185,0
-1,6,17,1,185,0
-6,1,21,1,185,0
8,6,27,1,185,0
-2,7,29,1,185,0
7,5,35,1,185,0
7,-2,39,1,185,0
4,-3,63,1,185,0
5,3,105,1,185,0
5,-6,108,1,185,0
4,2,118,1,185,0
3,1,125,1,185,0
2,0,165,1,185,0
-3,-1,173,1,185,0
0,-1,173,1,185,0
-4,0,9,1,185,0
-5,1,24,1,185,0
7,6,26,1,185,0
-2,8,31,1,185,0
5,4,35,1,185,0
-1,7,39,1,185,0
7,-3,43,1,185,0
4,3,44,1,185,0
8,-6,45,1,185,0
3,-1,151,1,185,0
8,7,98,1,185,0
5,-7,103,1,185,0
3,2,119,1,185,0
6,5,125,1,185,0
2,1,132,1,185,0
1,0,159,1,185,0
-3,-2,163,1,185,0
0,-2,179,1,185,0
8,8,12,1,185,0
7,-4,34,1,185,0
-1,8,35,1,185,0
6,-1,169,1,185,0
7,7,106,1,185,0
4,-5,118,1,185,0
6,6,124,1,185,0
5,5,133,1,185,0
4,4,142,1,185,0
3,-2,146,1,185,0
3,3,151,1,185,0
2,2,159,1,185,0
-5,2,159,1,185,0
-3,0,168,1,185,0
-3,-3,169,1,185,0
1,1,169,1,185,0
0,0,179,1,185,0
0,-3,184,1,185,0
7,8,13,1,185,0
7,-5,41,1,185,0
5,6,107,1,185,0
6,7,109,1,185,0
4,-6,111,1,185,0
4,5,118,1,185,0
3,4,128,1,185,0
3,-3,129,1,185,0
2,3,136,1,185,0
-3,1,149,1,185,0
-2,-1,155,1,185,0
-4,2,158,1,185,0
0,1,165,1,185,0
-2,0,166,1,185,0
1,2,169,1,185,0
6,-2,175,1,185,0
-5,3,175,1,185,0
-3,-4,175,1,185,0
7,9,5,1,185,0
8,0,28,1,185,0
-4,3,37,1,185,0
6,-3,182,1,185,0
7,-6,49,1,185,0
2,-1,141,1,185,0
6,8,89,1,185,0
5,7,105,1,185,0
2,4,107,1,185,0
4,6,113,1,185,0
1,3,114,1,185,0
3,5,119,1,185,0
3,-4,127,1,185,0
-2,1,143,1,185,0
0,2,172,1,185,0
-1,0,179,1,185,0
-5,4,179,1,185,0
-5,-1,184,1,185,0
-3,3,45,1,185,0
5,-1,166,1,185,0
8,1,61,1,185,0
7,0,71,1,185,0
4,7,75,1,185,0
3,6,77,1,185,0
7,-7,89,1,185,0
5,8,96,1,185,0
3,-5,119,1,185,0
2,-2,144,1,185,0
0,3,179,1,185,0
-4,4,182,1,185,0
6,-4,185,1,185,0
-1,1,184,1,185,0
1,4,184,1,185,0
9,3,1,1,185,0
8,-1,36,1,185,0
2,6,36,1,185,0
-2,3,51,1,185,0
8,2,58,1,185,0
7,1,66,1,185,0
3,7,69,1,185,0
4,8,71,1,185,0
6,0,79,1,185,0
7,-8,87,1,185,0
3,-6,112,1,185,0
-1,2,129,1,185,0
2,-3,135,1,185,0
-1,-1,147,1,185,0
-2,-4,177,1,185,0
-4,5,184,1,185,0
-9,1,3,1,185,0
-5,7,4,1,185,0
1,6,29,1,185,0
8,-2,34,1,185,0
8,3,47,1,185,0
7,2,53,1,185,0
5,-3,57,1,185,0
-1,3,57,1,185,0
2,7,59,1,185,0
3,8,66,1,185,0
6,1,89,1,185,0
-1,-2,101,1,185,0
3,-7,106,1,185,0
2,-4,126,1,185,0
1,-1,149,1,185,0
-4,-1,179,1,185,0
-2,-5,184,1,185,0
-3,6,5,1,185,0
-8,1,9,1,185,0
8,4,11,1,185,0
-4,7,16,1,185,0
0,6,23,1,185,0
8,-3,23,1,185,0
7,3,51,1,185,0
1,7,55,1,185,0
2,8,62,1,185,0
4,0,66,1,185,0
4,-1,158,1,185,0
5,1,85,1,185,0
6,2,96,1,185,0
6,-7,98,1,185,0
2,-5,119,1,185,0
1,-2,143,1,185,0
-2,6,11,1,185,0
-4,8,14,1,185,0
-7,1,15,1,185,0
-3,7,24,1,185,0
8,5,31,1,185,0
7,4,43,1,185,0
7,-1,44,1,185,0
0,7,46,1,185,0
1,8,54,1,185,0
4,-2,68,1,185,0
4,1,72,1,185,0
2,-6,89,1,185,0
6,3,104,1,185,0
5,2,111,1,185,0
1,-3,133,1,185,0
3,0,167,1,185,0
-5,0,4,1,186,0
-1,6,17,1,186,0
-6,1,21,1,186,0
8,6,27,1,186,0
-2,7,29,1,186,0
7,5,35,1,186,0
7,-2,39,1,186,0
4,-3,63,1,186,0
5,3,105,1,186,0
5,-6,108,1,186,0
4,2,118,1,186,0
3,1,125,1,186,0
2,0,165,1,186,0
-3,-1,173,1,186,0
0,-1,173,1,186,0
-1,-5,185,1,186,0
-4,0,9,1,186,0
-5,1,24,1,186,0
7,6,26,1,186,0
-2,8,31,1,186,0
5,4,35,1,186,0
-1,7,39,1,186,0
7,-3,43,1,186,0
4,3,44,1,186,0
8,-6,45,1,186,0
3,-1,151,1,186,0
8,7,98,1,186,0
5,-7,103,1,186,0
3,2,119,1,186,0
6,5,125,1,186,0
2,1,132,1,186,0
1,0,159,1,186,0
-3,-2,163,1,186,0
0,-2,179,1,186,0
8,8,12,1,186,0
7,-4,34,1,186,0
-1,8,35,1,186,0
6,-1,169,1,186,0
7,7,106,1,186,0
4,-5,118,1,186,0
6,6,124,1,186,0
5,5,133,1,186,0
4,4,142,1,186,0
3,-2,146,1,186,0
3,3,151,1,186,0
2,2,159,1,186,0
-5,2,159,1,186,0
-3,0,168,1,186,0
-3,-3,169,1,186,0
1,1,169,1,186,0
0,0,179,1,186,0
0,-3,185,1,186,0
7,8,13,1,186,0
7,-5,41,1,186,0
5,6,107,1,186,0
6,7,109,1,186,0
4,-6,111,1,186,0
4,5,118,1,186,0
3,4,128,1,186,0
3,-3,129,1,186,0
2,3,136,1,186,0
-3,1,149,1,186,0
-2,-1,155,1,186,0
-4,2,158,1,186,0
0,1,165,1,186,0
-2,0,166,1,186,0
1,2,169,1,186,0
6,-2,175,1,186,0
-5,3,175,1,186,0
-3,-4,175,1,186,0
7,9,5,1,186,0
8,0,28,1,186,0
-4,3,37,1,186,0
6,-3,182,1,186,0
7,-6,49,1,186,0
2,-1,141,1,186,0
6,8,89,1,186,0
5,7,105,1,186,0
2,4,107,1,186,0
4,6,113,1,186,0
1,3,114,1,186,0
3,5,119,1,186,0
3,-4,127,1,186,0
-2,1,143,1,186,0
0,2,172,1,186,0
-1,0,179,1,186,0
-5,4,179,1,186,0
-5,-1,185,1,186,0
-3,3,45,1,186,0
5,-1,166,1,186,0
8,1,61,1,186,0
7,0,71,1,186,0
4,7,75,1,186,0
3,6,77,1,186,0
7,-7,89,1,186,0
5,8,96,1,186,0
3,-5,119,1,186,0
2,-2,144,1,186,0
0,3,179,1,186,0
-4,4,182,1,186,0
6,-4,186,1,186,0
-1,1,185,1,186,0
1,4,185,1,186,0
9,3,1,1,186,0
8,-1,36,1,186,0
2,6,36,1,186,0
-2,3,51,1,186,0
8,2,58,1,186,0
7,1,66,1,186,0
3,7,69,1,186,0
4,8,71,1,186,0
6,0,79,1,186,0
7,-8,87,1,186,0
3,-6,112,1,186,0
-1,2,129,1,186,0
2,-3,135,1,186,0
-1,-1,147,1,186,0
-2,-4,177,1,186,0
-4,5,185,1,186,0
-9,1,3,1,186,0
-5,7,4,1,186,0
1,6,29,1,186,0
8,-2,34,1,186,0
8,3,47,1,186,0
7,2,53,1,186,0
5,-3,57,1,186,0
-1,3,57,1,186,0
2,7,59,1,186,0
3,8,66,1,186,0
6,1,89,1,186,0
-1,-2,101,1,186,0
3,-7,106,1,186,0
2,-4,126,1,186,0
1,-1,149,1,186,0
-4,-1,179,1,186,0
-2,-5,184,1,186,0
-3,6,5,1,186,0
-8,1,9,1,186,0
8,4,11,1,186,0
-4,7,16,1,186,0
0,6,23,1,186,0
8,-3,23,1,186,0
7,3,51,1,186,0
1,7,55,1,186,0
2,8,62,1,186,0
4,0,66,1,186,0
4,-1,158,1,186,0
5,1,85,1,186,0
6,2,96,1,186,0
6,-7,98,1,186,0
2,-5,119,1,186,0
1,-2,143,1,186,0
-2,6,11,1,186,0
-4,8,14,1,186,0
-7,1,15,1,186,0
-3,7,24,1,186,0
8,5,31,1,186,0
7,4,43,1,186,0
7,-1,44,1,186,0
0,7,46,1,186,0
1,8,54,1,186,0
4,-2,68,1,186,0
4,1,72,1,186,0
2,-6,89,1,186,0
6,3,104,1,186,0
5,2,111,1,186,0
1,-3,133,1,186,0
3,0,167,1,186,0
-5,0,4,1,187,0
-1,6,17,1,187,0
-6,1,21,1,187,0
8,6,27,1,187,0
-2,7,29,1,187,0
7,5,35,1,187,0
7,-2,39,1,187,0
4,-3,63,1,187,0
5,3,105,1,187,0
5,-6,108,1,187,0
4,2,118,1,187,0
3,1,125,1,187,0
2,0,165,1,187,0
-3,-1,173,1,187,0
0,-1,173,1,187,0
-1,-5,186,1,187,0
-4,0,9,1,187,0
-5,1,24,1,187,0
7,6,26,1,187,0
-2,8,31,1,187,0
5,4,35,1,187,0
-1,7,39,1,187,0
7,-3,43,1,187,0
4,3,44,1,187,0
8,-6,45,1,187,0
3,-1,151,1,187,0
8,7,98,1,187,0
5,-7,103,1,187,0
3,2,119,1,187,0
6,5,125,1,187,0
2,1,132,1,187,0
1,0,159,1,187,0
-3,-2,163,1,187,0
0,-2,179,1,187,0
8,8,12,1,187,0
7,-4,34,1,187,0
-1,8,35,1,187,0
6,-1,169,1,187,0
7,7,106,1,187,0
4,-5,118,1,187,0
6,6,124,1,187,0
5,5,133,1,187,0
4,4,142,1,187,0
3,-2,146,1,187,0
3,3,151,1,187,0
2,2,159,1,187,0
-5,2,159,1,187,0
-3,0,168,1,187,0
-3,-3,169,1,187,0
1,1,169,1,187,0
0,0,179,1,187,0
0,-3,186,1,187,0
7,8,13,1,187,0
7,-5,41,1,187,0
5,6,107,1,187,0
6,7,109,1,187,0
4,-6,111,1,187,0
4,5,118,1,187,0
3,4,128,1,187,0
3,-3,129,1,187,0
2,3,136,1,187,0
-3,1,149,1,187,0
-2,-1,155,1,187,0
-4,2,158,1,187,0
0,1,165,1,187,0
-2,0,166,1,187,0
1,2,169,1,187,0
6,-2,175,1,187,0
-5,3,175,1,187,0
-3,-4,175,1,187,0
7,9,5,1,187,0
8,0,28,1,187,0
-4,3,37,1,187,0
6,-3,182,1,187,0
7,-6,49,1,187,0
2,-1,141,1,187,0
6,8,89,1,187,0
5,7,105,1,187,0
2,4,107,1,187,0
4,6,113,1,187,0
1,3,114,1,187,0
3,5,119,1,187,0
3,-4,127,1,187,0
-2,1,143,1,187,0
0,2,172,1,187,0
-1,0,179,1,187,0
-5,4,179,1,187,0
-5,-1,186,1,187,0
-3,3,45,1,187,0
5,-1,166,1,187,0
8,1,61,1,187,0
7,0,71,1,187,0
4,7,75,1,187,0
3,6,77,1,187,0
7,-7,89,1,187,0
5,8,96,1,187,0
3,-5,119,1,187,0
2,-2,144,1,187,0
0,3,179,1,187,0
-4,4,182,1,187,0
6,-4,187,1,187,0
1,4,185,1,187,0
-1,1,186,1,187,0
9,3,1,1,187,0
8,-1,36,1,187,0
2,6,36,1,187,0
-2,3,51,1,187,0
8,2,58,1,187,0
7,1,66,1,187,0
3,7,69,1,187,0
4,8,71,1,187,0
6,0,79,1,187,0
7,-8,87,1,187,0
3,-6,112,1,187,0
-1,2,129,1,187,0
2,-3,135,1,187,0
-1,-1,147,1,187,0
-2,-4,177,1,187,0
-4,5,186,1,187,0
1,5,186,1,187,0
-9,1,3,1,187,0
-5,7,4,1,187,0
1,6,29,1,187,0
8,-2,34,1,187,0
8,3,47,1,187,0
7,2,53,1,187,0
5,-3,57,1,187,0
-1,3,57,1,187,0
2,7,59,1,187,0
3,8,66,1,187,0
6,1,89,1,187,0
-1,-2,101,1,187,0
3,-7,106,1,187,0
2,-4,126,1,187,0
1,-1,149,1,187,0
-4,-1,179,1,187,0
-2,-5,184,1,187,0
-3,6,5,1,187,0
-8,1,9,1,187,0
8,4,11,1,187,0
-4,7,16,1,187,0
0,6,23,1,187,0
8,-3,23,1,187,0
7,3,51,1,187,0
1,7,55,1,187,0
2,8,62,1,187,0
4,0,66,1,187,0
4,-1,158,1,187,0
5,1,85,1,187,0
6,2,96,1,187,0
6,-7,98,1,187,0
2,-5,119,1,187,0
1,-2,143,1,187,0
-2,6,11,1,187,0
-4,8,14,1,187,0
-7,1,15,1,187,0
-3,7,24,1,187,0
8,5,31,1,187,0
7,4,43,1,187,0
7,-1,44,1,187,0
0,7,46,1,187,0
1,8,54,1,187,0
4,-2,68,1,187,0
4,1,72,1,187,0
2,-6,89,1,187,0
6,3,104,1,187,0
5,2,111,1,187,0
1,-3,133,1,187,0
3,0,167,1,187,0
-5,0,4,1,188,0
-1,6,17,1,188,0
-6,1,21,1,188,0
8,6,27,1,188,0
-2,7,29,1,188,0
7,5,35,1,188,0
7,-2,39,1,188,0
4,-3,63,1,188,0
5,3,105,1,188,0
5,-6,108,1,188,0
4,2,118,1,188,0
3,1,125,1,188,0
2,0,165,1,188,0
-3,-1,173,1,188,0
0,-1,173,1,188,0
-1,-5,187,1,188,0
-4,0,9,1,188,0
-5,1,24,1,188,0
7,6,26,1,188,0
-2,8,31,1,188,0
5,4,35,1,188,0
-1,7,39,1,188,0
7,-3,43,1,188,0
4,3,44,1,188,0
8,-6,45,1,188,0
3,-1,151,1,188,0
8,7,98,1,188,0
5,-7,103,1,188,0
3,2,119,1,188,0
6,5,125,1,188,0
2,1,132,1,188,0
1,0,159,1,188,0
-3,-2,163,1,188,0
0,-2,179,1,188,0
-6,-1,187,1,188,0
8,8,12,1,188,0
7,-4,34,1,188,0
-1,8,35,1,188,0
6,-1,169,1,188,0
7,7,106,1,188,0
4,-5,118,1,188,0
6,6,124,1,188,0
5,5,133,1,188,0
4,4,142,1,188,0
3,-2,146,1,188,0
3,3,151,1,188,0
2,2,159,1,188,0
-5,2,159,1,188,0
-3,0,168,1,188,0
-3,-3,169,1,188,0
1,1,169,1,188,0
0,0,179,1,188,0
0,-3,186,1,188,0
7,8,13,1,188,0
7,-5,41,1,188,0
5,6,107,1,188,0
6,7,109,1,188,0
4,-6,111,1,188,0
4,5,118,1,188,0
3,4,128,1,188,0
3,-3,129,1,188,0
2,3,136,1,188,0
-3,1,149,1,188,0
-2,-1,155,1,188,0
-4,2,158,1,188,0
0,1,165,1,188,0
-2,0,166,1,188,0
1,2,169,1,188,0
6,-2,175,1,188,0
-5,3,175,1,188,0
-3,-4,175,1,188,0
0,-4,187,1,188,0
7,9,5,1,188,0
8,0,28,1,188,0
-4,3,37,1,188,0
6,-3,182,1,188,0
7,-6,49,1,188,0
2,-1,141,1,188,0
6,8,89,1,188,0
5,7,105,1,188,0
2,4,107,1,188,0
4,6,113,1,188,0
1,3,114,1,188,0
3,5,119,1,188,0
3,-4,127,1,188,0
-2,1,143,1,188,0
0,2,172,1,188,0
-1,0,179,1,188,0
-5,4,179,1,188,0
-5,-1,186,1,188,0
-3,3,45,1,188,0
5,-1,166,1,188,0
8,1,61,1,188,0
7,0,71,1,188,0
4,7,75,1,188,0
3,6,77,1,188,0
7,-7,89,1,188,0
5,8,96,1,188,0
3,-5,119,1,188,0
2,-2,144,1,188,0
0,3,179,1,188,0
-4,4,182,1,188,0
6,-4,188,1,188,0
1,4,185,1,188,0
-2,2,187,1,188,0
-1,1,187,1,188,0
9,3,1,1,188,0
8,-1,36,1,188,0
2,6,36,1,188,0
-2,3,51,1,188,0
8,2,58,1,188,0
7,1,66,1,188,0
3,7,69,1,188,0
4,8,71,1,188,0
6,0,79,1,188,0
7,-8,87,1,188,0
3,-6,112,1,188,0
-1,2,129,1,188,0
2,-3,135,1,188,0
-1,-1,147,1,188,0
-2,-4,177,1,188,0
-4,5,187,1,188,0
1,5,187,1,188,0
-9,1,3,1,188,0
-5,7,4,1,188,0
1,6,29,1,188,0
8,-2,34,1,188,0
8,3,47,1,188,0
7,2,53,1,188,0
5,-3,57,1,188,0
-1,3,57,1,188,0
2,7,59,1,188,0
3,8,66,1,188,0
6,1,89,1,188,0
-1,-2,101,1,188,0
3,-7,106,1,188,0
2,-4,126,1,188,0
1,-1,149,1,188,0
-4,-1,179,1,188,0
-2,-5,184,1,188,0
-3,6,5,1,188,0
-8,1,9,1,188,0
8,4,11,1,188,0
-4,7,16,1,188,0
0,6,23,1,188,0
8,-3,23,1,188,0
7,3,51,1,188,0
1,7,55,1,188,0
2,8,62,1,188,0
4,0,66,1,188,0
4,-1,158,1,188,0
5,1,85,1,188,0
6,2,96,1,188,0
6,-7,98,1,188,0
2,-5,119,1,188,0
1,-2,143,1,188,0
-2,6,11,1,188,0
-4,8,14,1,188,0
-7,1,15,1,188,0
-3,7,24,1,188,0
8,5,31,1,188,0
7,4,43,1,188,0
7,-1,44,1,188,0
0,7,46,1,188,0
1,8,54,1,188,0
4,-2,68,1,188,0
4,1,72,1,188,0
2,-6,89,1,188,0
6,3,104,1,188,0
5,2,111,1,188,0
1,-3,133,1,188,0
3,0,167,1,188,0
-5,0,4,1,189,0
-1,6,17,1,189,0
-6,1,21,1,189,0
8,6,27,1,189,0
-2,7,29,1,189,0
7,5,35,1,189,0
7,-2,39,1,189,0
4,-3,63,1,189,0
5,3,105,1,189,0
5,-6,108,1,189,0
4,2,118,1,189,0
3,1,125,1,189,0
2,0,165,1,189,0
-3,-1,173,1,189,0
0,-1,173,1,189,0
-1,-5,188,1,189,0
-4,0,9,1,189,0
-5,1,24,1,189,0
7,6,26,1,189,0
-2,8,31,1,189,0
5,4,35,1,189,0
-1,7,39,1,189,0
7,-3,43,1,189,0
4,3,44,1,189,0
8,-6,45,1,189,0
3,-1,151,1,189,0
8,7,98,1,189,0
5,-7,103,1,189,0
3,2,119,1,189,0
6,5,125,1,189,0
2,1,132,1,189,0
1,0,159,1,189,0
-3,-2,163,1,189,0
0,-2,179,1,189,0
-6,-1,188,1,189,0
8,8,12,1,189,0
7,-4,34,1,189,0
-1,8,35,1,189,0
6,-1,169,1,189,0
7,7,106,1,189,0
4,-5,118,1,189,0
6,6,124,1,189,0
5,5,133,1,189,0
4,4,142,1,189,0
3,-2,146,1,189,0
3,3,151,1,189,0
2,2,159,1,189,0
-5,2,159,1,189,0
-3,0,168,1,189,0
-3,-3,169,1,189,0
1,1,169,1,189,0
0,0,179,1,189,0
0,-3,186,1,189,0
7,8,13,1,189,0
7,-5,41,1,189,0
5,6,107,1,189,0
6,7,109,1,189,0
4,-6,111,1,189,0
4,5,118,1,189,0
3,4,128,1,189,0
3,-3,129,1,189,0
2,3,136,1,189,0
-3,1,149,1,189,0
-2,-1,155,1,189,0
-4,2,158,1,189,0
0,1,165,1,189,0
-2,0,166,1,189,0
1,2,169,1,189,0
6,-2,175,1,189,0
-5,3,175,1,189,0
-3,-4,175,1,189,0
0,-4,188,1,189,0
7,9,5,1,189,0
8,0,28,1,189,0
-4,3,37,1,189,0
6,-3,182,1,189,0
7,-6,49,1,189,0
2,-1,141,1,189,0
6,8,89,1,189,0
5,7,105,1,189,0
2,4,107,1,189,0
4,6,113,1,189,0
1,3,114,1,189,0
3,5,119,1,189,0
3,-4,127,1,189,0
-2,1,143,1,189,0
0,2,172,1,189,0
-1,0,179,1,189,0
-5,4,179,1,189,0
-5,-1,186,1,189,0
-3,3,45,1,189,0
5,-1,166,1,189,0
8,1,61,1,189,0
7,0,71,1,189,0
4,7,75,1,189,0
3,6,77,1,189,0
7,-7,89,1,189,0
5,8,96,1,189,0
3,-5,119,1,189,0
2,-2,144,1,189,0
0,3,179,1,189,0
-4,4,182,1,189,0
6,-4,189,1,189,0
1,4,185,1,189,0
-1,1,187,1,189,0
-2,2,188,1,189,0
9,3,1,1,189,0
8,-1,36,1,189,0
2,6,36,1,189,0
-2,3,51,1,189,0
8,2,58,1,189,0
7,1,66,1,189,0
3,7,69,1,189,0
4,8,71,1,189,0
6,0,79,1,189,0
7,-8,87,1,189,0
3,-6,112,1,189,0
2,-3,135,1,189,0
-1,-1,147,1,189,0
-2,-4,177,1,189,0
-4,5,188,1,189,0
-1,2,188,1,189,0
1,5,188,1,189,0
-9,1,3,1,189,0
-5,7,4,1,189,0
1,6,29,1,189,0
8,-2,34,1,189,0
8,3,47,1,189,0
7,2,53,1,189,0
5,-3,57,1,189,0
-1,3,57,1,189,0
2,7,59,1,189,0
3,8,66,1,189,0
6,1,89,1,189,0
-1,-2,101,1,189,0
3,-7,106,1,189,0
2,-4,126,1,189,0
1,-1,149,1,189,0
-4,-1,179,1,189,0
-2,-5,184,1,189,0
-3,6,5,1,189,0
-8,1,9,1,189,0
8,4,11,1,189,0
-4,7,16,1,189,0
0,6,23,1,189,0
8,-3,23,1,189,0
7,3,51,1,189,0
1,7,55,1,189,0
2,8,62,1,189,0
4,0,66,1,189,0
4,-1,158,1,189,0
5,1,85,1,189,0
6,2,96,1,189,0
6,-7,98,1,189,0
2,-5,119,1,189,0
1,-2,143,1,189,0
-2,6,11,1,189,0
-4,8,14,1,189,0
-7,1,15,1,189,0
-3,7,24,1,189,0
8,5,31,1,189,0
7,4,43,1,189,0
7,-1,44,1,189,0
0,7,46,1,189,0
1,8,54,1,189,0
4,-2,68,1,189,0
4,1,72,1,189,0
2,-6,89,1,189,0
6,3,104,1,189,0
5,2,111,1,189,0
1,-3,133,1,189,0
3,0,167,1,189,0
-5,0,4,1,190,0
-1,6,17,1,190,0
-6,1,21,1,190,0
8,6,27,1,190,0
-2,7,29,1,190,0
7,5,35,1,190,0
7,-2,39,1,190,0
4,-3,63,1,190,0
5,3,105,1,190,0
5,-6,108,1,190,0
4,2,118,1,190,0
3,1,125,1,190,0
2,0,165,1,190,0
-3,-1,173,1,190,0
0,-1,173,1,190,0
-1,-5,189,1,190,0
-4,0,9,1,190,0
-5,1,24,1,190,0
7,6,26,1,190,0
-2,8,31,1,190,0
5,4,35,1,190,0
-1,7,39,1,190,0
7,-3,43,1,190,0
4,3,44,1,190,0
8,-6,45,1,190,0
3,-1,151,1,190,0
8,7,98,1,190,0
5,-7,103,1,190,0
3,2,119,1,190,0
6,5,125,1,190,0
2,1,132,1,190,0
1,0,159,1,190,0
-3,-2,163,1,190,0
0,-2,179,1,190,0
-6,-1,189,1,190,0
8,8,12,1,190,0
7,-4,34,1,190,0
-1,8,35,1,190,0
6,-1,169,1,190,0
7,7,106,1,190,0
4,-5,118,1,190,0
6,6,124,1,190,0
5,5,133,1,190,0
4,4,142,1,190,0
3,-2,146,1,190,0
3,3,151,1,190,0
2,2,159,1,190,0
-5,2,159,1,190,0
-3,0,168,1,190,0
-3,-3,169,1,190,0
1,1,169,1,190,0
0,-3,186,1,190,0
0,0,189,1,190,0
7,8,13,1,190,0
7,-5,41,1,190,0
5,6,107,1,190,0
6,7,109,1,190,0
4,-6,111,1,190,0
4,5,118,1,190,0
3,4,128,1,190,0
3,-3,129,1,190,0
2,3,136,1,190,0
-3,1,149,1,190,0
-2,-1,155,1,190,0
-4,2,158,1,190,0
0,1,165,1,190,0
-2,0,166,1,190,0
1,2,169,1,190,0
6,-2,175,1,190,0
-5,3,175,1,190,0
-3,-4,175,1,190,0
0,-4,189,1,190,0
7,9,5,1,190,0
8,0,28,1,190,0
-4,3,37,1,190,0
6,-3,182,1,190,0
7,-6,49,1,190,0
2,-1,141,1,190,0
6,8,89,1,190,0
5,7,105,1,190,0
2,4,107,1,190,0
4,6,113,1,190,0
1,3,114,1,190,0
3,5,119,1,190,0
3,-4,127,1,190,0
-2,1,143,1,190,0
0,2,172,1,190,0
-1,0,179,1,190,0
-5,4,179,1,190,0
-5,-1,186,1,190,0
-3,3,45,1,190,0
5,-1,166,1,190,0
8,1,61,1,190,0
7,0,71,1,190,0
4,7,75,1,190,0
3,6,77,1,190,0
7,-7,89,1,190,0
5,8,96,1,190,0
3,-5,119,1,190,0
2,-2,144,1,190,0
0,3,179,1,190,0
-4,4,182,1,190,0
6,-4,189,1,190,0
1,4,185,1,190,0
-1,1,187,1,190,0
-2,2,189,1,190,0
9,3,1,1,190,0
8,-1,36,1,190,0
2,6,36,1,190,0
-2,3,51,1,190,0
8,2,58,1,190,0
7,1,66,1,190,0
3,7,69,1,190,0
4,8,71,1,190,0
6,0,79,1,190,0
7,-8,87,1,190,0
3,-6,112,1,190,0
2,-3,135,1,190,0
-1,-1,147,1,190,0
-2,-4,177,1,190,0
-4,5,189,1,190,0
-1,2,189,1,190,0
1,5,189,1,190,0
-9,1,3,1,190,0
-5,7,4,1,190,0
1,6,29,1,190,0
8,-2,34,1,190,0
8,3,47,1,190,0
7,2,53,1,190,0
5,-3,57,1,190,0
-1,3,57,1,190,0
2,7,59,1,190,0
3,8,66,1,190,0
6,1,89,1,190,0
-1,-2,101,1,190,0
3,-7,106,1,190,0
2,-4,126,1,190,0
1,-1,149,1,190,0
-4,-1,179,1,190,0
-2,-5,184,1,190,0
-3,6,5,1,190,0
-8,1,9,1,190,0
8,4,11,1,190,0
-4,7,16,1,190,0
0,6,23,1,190,0
8,-3,23,1,190,0
7,3,51,1,190,0
1,7,55,1,190,0
2,8,62,1,190,0
4,0,66,1,190,0
4,-1,158,1,190,0
5,1,85,1,190,0
6,2,96,1,190,0
6,-7,98,1,190,0
2,-5,119,1,190,0
1,-2,143,1,190,0
-2,6,11,1,190,0
-4,8,14,1,190,0
-7,1,15,1,190,0
-3,7,24,1,190,0
8,5,31,1,190,0
7,4,43,1,190,0
7,-1,44,1,190,0
0,7,46,1,190,0
1,8,54,1,190,0
4,-2,68,1,190,0
4,1,72,1,190,0
2,-6,89,1,190,0
6,3,104,1,190,0
5,2,111,1,190,0
1,-3,133,1,190,0
3,0,167,1,190,0
-5,0,4,1,191,0
-1,6,17,1,191,0
-6,1,21,1,191,0
8,6,27,1,191,0
-2,7,29,1,191,0
7,5,35,1,191,0
7,-2,39,1,191,0
4,-3,63,1,191,0
5,3,105,1,191,0
5,-6,108,1,191,0
4,2,118,1,191,0
3,1,125,1,191,0
2,0,165,1,191,0
-3,-1,173,1,191,0
0,-1,173,1,191,0
-1,-5,189,1,191,0
-4,0,9,1,191,0
-5,1,24,1,191,0
7,6,26,1,191,0
-2,8,31,1,191,0
5,4,35,1,191,0
-1,7,39,1,191,0
7,-3,43,1,191,0
4,3,44,1,191,0
8,-6,45,1,191,0
3,-1,151,1,191,0
8,7,98,1,191,0
5,-7,103,1,191,0
3,2,119,1,191,0
6,5,125,1,191,0
2,1,132,1,191,0
1,0,159,1,191,0
-3,-2,163,1,191,0
0,-2,179,1,191,0
-6,-1,189,1,191,0
8,8,12,1,191,0
7,-4,34,1,191,0
-1,8,35,1,191,0
6,-1,169,1,191,0
7,7,106,1,191,0
4,-5,118,1,191,0
6,6,124,1,191,0
5,5,133,1,191,0
4,4,142,1,191,0
3,-2,146,1,191,0
3,3,151,1,191,0
2,2,159,1,191,0
-5,2,159,1,191,0
-3,0,168,1,191,0
-3,-3,169,1,191,0
1,1,169,1,191,0
0,-3,186,1,191,0
0,0,189,1,191,0
7,8,13,1,191,0
7,-5,41,1,191,0
5,6,107,1,191,0
6,7,109,1,191,0
4,-6,111,1,191,0
4,5,118,1,191,0
3,4,128,1,191,0
3,-3,129,1,191,0
2,3,136,1,191,0
-3,1,149,1,191,0
-2,-1,155,1,191,0
-4,2,158,1,191,0
0,1,165,1,191,0
-2,0,166,1,191,0
1,2,169,1,191,0
6,-2,175,1,191,0
-5,3,175,1,191,0
-3,-4,175,1,191,0
0,-4,189,1,191,0
7,9,5,1,191,0
8,0,28,1,191,0
-4,3,37,1,191,0
6,-3,182,1,191,0
7,-6,49,1,191,0
2,-1,141,1,191,0
6,8,89,1,191,0
5,7,105,1,191,0
2,4,107,1,191,0
4,6,113,1,191,0
1,3,114,1,191,0
3,5,119,1,191,0
3,-4,127,1,191,0
-2,1,143,1,191,0
0,2,172,1,191,0
-1,0,179,1,191,0
-5,4,179,1,191,0
-5,-1,186,1,191,0
-3,3,45,1,191,0
5,-1,166,1,191,0
8,1,61,1,191,0
7,0,71,1,191,0
4,7,75,1,191,0
3,6,77,1,191,0
7,-7,89,1,191,0
5,8,96,1,191,0
3,-5,119,1,191,0
2,-2,144,1,191,0
0,3,179,1,191,0
-4,4,182,1,191,0
6,-4,189,1,191,0
1,4,185,1,191,0
-1,1,187,1,191,0
-2,2,189,1,191,0
9,3,1,1,191,0
8,-1,36,1,191,0
2,6,36,1,191,0
-2,3,51,1,191,0
8,2,58,1,191,0
7,1,66,1,191,0
3,7,69,1,191,0
4,8,71,1,191,0
6,0,79,1,191,0
7,-8,87,1,191,0
3,-6,112,1,191,0
2,-3,135,1,191,0
-1,-1,147,1,191,0
-2,-4,177,1,191,0
-4,5,189,1,191,0
-1,2,189,1,191,0
1,5,189,1,191,0
-9,1,3,1,191,0
-5,7,4,1,191,0
1,6,29,1,191,0
8,-2,34,1,191,0
8,3,47,1,191,0
7,2,53,1,191,0
5,-3,57,1,191,0
-1,3,57,1,191,0
2,7,59,1,191,0
3,8,66,1,191,0
6,1,89,1,191,0
-1,-2,101,1,191,0
3,-7,106,1,191,0
2,-4,126,1,191,0
1,-1,149,1,191,0
-4,-1,179,1,191,0
-2,-5,184,1,191,0
-3,6,5,1,191,0
-8,1,9,1,191,0
8,4,11,1,191,0
-4,7,16,1,191,0
0,6,23,1,191,0
8,-3,23,1,191,0
7,3,51,1,191,0
1,7,55,1,191,0
2,8,62,1,191,0
4,0,66,1,191,0
4,-1,158,1,191,0
5,1,85,1,191,0
6,2,96,1,191,0
6,-7,98,1,191,0
2,-5,119,1,191,0
1,-2,143,1,191,0
5,-4,191,1,191,0
-2,6,11,1,191,0
-4,8,14,1,191,0
-7,1,15,1,191,0
-3,7,24,1,191,0
8,5,31,1,191,0
7,4,43,1,191,0
7,-1,44,1,191,0
0,7,46,1,191,0
1,8,54,1,191,0
4,-2,68,1,191,0
4,1,72,1,191,0
2,-6,89,1,191,0
6,3,104,1,191,0
5,2,111,1,191,0
1,-3,133,1,191,0
3,0,167,1,191,0
-5,0,4,1,192,0
-1,6,17,1,192,0
-6,1,21,1,192,0
8,6,27,1,192,0
-2,7,29,1,192,0
7,5,35,1,192,0
7,-2,39,1,192,0
4,-3,63,1,192,0
5,3,105,1,192,0
5,-6,108,1,192,0
4,2,118,1,192,0
3,1,125,1,192,0
2,0,165,1,192,0
-3,-1,173,1,192,0
0,-1,173,1,192,0
-1,-5,189,1,192,0
-4,0,9,1,192,0
-5,1,24,1,192,0
7,6,26,1,192,0
-2,8,31,1,192,0
5,4,35,1,192,0
-1,7,39,1,192,0
7,-3,43,1,192,0
4,3,44,1,192,0
8,-6,45,1,192,0
3,-1,151,1,192,0
8,7,98,1,192,0
5,-7,103,1,192,0
3,2,119,1,192,0
6,5,125,1,192,0
2,1,132,1,192,0
1,0,159,1,192,0
-3,-2,163,1,192,0
0,-2,179,1,192,0
-6,-1,191,1,192,0
-1,-6,191,1,192,0
8,8,12,1,192,0
7,-4,34,1,192,0
-1,8,35,1,192,0
6,-1,169,1,192,0
7,7,106,1,192,0
4,-5,118,1,192,0
6,6,124,1,192,0
5,5,133,1,192,0
4,4,142,1,192,0
3,-2,146,1,192,0
3,3,151,1,192,0
2,2,159,1,192,0
-5,2,159,1,192,0
-3,0,168,1,192,0
-3,-3,169,1,192,0
1,1,169,1,192,0
0,-3,186,1,192,0
0,0,191,1,192,0
7,8,13,1,192,0
7,-5,41,1,192,0
5,6,107,1,192,0
6,7,109,1,192,0
4,-6,111,1,192,0
4,5,118,1,192,0
3,4,128,1,192,0
3,-3,129,1,192,0
2,3,136,1,192,0
-3,1,149,1,192,0
-2,-1,155,1,192,0
-4,2,158,1,192,0
0,1,165,1,192,0
-2,0,166,1,192,0
1,2,169,1,192,0
6,-2,175,1,192,0
-5,3,175,1,192,0
-3,-4,175,1,192,0
0,-4,191,1,192,0
7,9,5,1,192,0
8,0,28,1,192,0
-4,3,37,1,192,0
6,-3,182,1,192,0
7,-6,49,1,192,0
2,-1,141,1,192,0
6,8,89,1,192,0
5,7,105,1,192,0
2,4,107,1,192,0
4,6,113,1,192,0
1,3,114,1,192,0
3,5,119,1,192,0
3,-4,127,1,192,0
-2,1,143,1,192,0
0,2,172,1,192,0
-1,0,179,1,192,0
-5,4,179,1,192,0
-5,-1,186,1,192,0
-3,3,45,1,192,0
5,-1,166,1,192,0
8,1,61,1,192,0
7,0,71,1,192,0
4,7,75,1,192,0
3,6,77,1,192,0
7,-7,89,1,192,0
5,8,96,1,192,0
3,-5,119,1,192,0
2,-2,144,1,192,0
0,3,179,1,192,0
-4,4,182,1,192,0
6,-4,189,1,192,0
1,4,185,1,192,0
-1,1,187,1,192,0
-2,2,191,1,192,0
9,3,1,1,192,0
8,-1,36,1,192,0
2,6,36,1,192,0
-2,3,51,1,192,0
8,2,58,1,192,0
7,1,66,1,192,0
3,7,69,1,192,0
4,8,71,1,192,0
6,0,79,1,192,0
7,-8,87,1,192,0
3,-6,112,1,192,0
2,-3,135,1,192,0
-1,-1,147,1,192,0
-2,-4,177,1,192,0
-4,5,189,1,192,0
-1,2,191,1,192,0
1,5,191,1,192,0
-9,1,3,1,192,0
-5,7,4,1,192,0
1,6,29,1,192,0
8,-2,34,1,192,0
8,3,47,1,192,0
7,2,53,1,192,0
5,-3,192,1,192,0
-1,3,57,1,192,0
2,7,59,1,192,0
3,8,66,1,192,0
6,1,89,1,192,0
-1,-2,101,1,192,0
3,-7,106,1,192,0
2,-4,126,1,192,0
1,-1,149,1,192,0
-4,-1,179,1,192,0
-2,-5,184,1,192,0
-3,5,191,1,192,0
-3,6,5,1,192,0
-8,1,9,1,192,0
8,4,11,1,192,0
-4,7,16,1,192,0
0,6,23,1,192,0
8,-3,23,1,192,0
7,3,51,1,192,0
1,7,55,1,192,0
2,8,62,1,192,0
4,0,66,1,192,0
4,-1,158,1,192,0
5,1,85,1,192,0
6,2,96,1,192,0
6,-7,98,1,192,0
2,-5,119,1,192,0
1,-2,143,1,192,0
5,-4,191,1,192,0
-2,6,11,1,192,0
-4,8,14,1,192,0
-7,1,15,1,192,0
-3,7,24,1,192,0
8,5,31,1,192,0
7,4,43,1,192,0
7,-1,44,1,192,0
0,7,46,1,192,0
1,8,54,1,192,0
4,-2,68,1,192,0
4,1,72,1,192,0
2,-6,89,1,192,0
6,3,104,1,192,0
5,2,111,1,192,0
1,-3,133,1,192,0
3,0,167,1,192,0
-5,0,4,1,193,0
-1,6,17,1,193,0
-6,1,21,1,193,0
8,6,27,1,193,0
-2,7,29,1,193,0
7,5,35,1,193,0
7,-2,39,1,193,0
4,-3,63,1,193,0
5,3,105,1,193,0
5,-6,108,1,193,0
4,2,118,1,193,0
3,1,125,1,193,0
2,0,165,1,193,0
-3,-1,173,1,193,0
0,-1,173,1,193,0
-1,-5,189,1,193,0
-4,0,9,1,193,0
-5,1,24,1,193,0
7,6,26,1,193,0
-2,8,31,1,193,0
5,4,35,1,193,0
-1,7,39,1,193,0
7,-3,43,1,193,0
4,3,44,1,193,0
8,-6,45,1,193,0
3,-1,151,1,193,0
8,7,98,1,193,0
5,-7,103,1,193,0
3,2,119,1,193,0
6,5,125,1,193,0
2,1,132,1,193,0
1,0,159,1,193,0
-3,-2,163,1,193,0
0,-2,179,1,193,0
-6,-1,192,1,193,0
-1,-6,192,1,193,0
8,8,12,1,193,0
7,-4,34,1,193,0
-1,8,35,1,193,0
6,-1,169,1,193,0
7,7,106,1,193,0
4,-5,118,1,193,0
6,6,124,1,193,0
5,5,133,1,193,0
4,4,142,1,193,0
3,-2,146,1,193,0
3,3,151,1,193,0
2,2,159,1,193,0
-5,2,159,1,193,0
-3,0,168,1,193,0
-3,-3,169,1,193,0
1,1,169,1,193,0
0,-3,186,1,193,0
0,0,192,1,193,0
7,8,13,1,193,0
7,-5,41,1,193,0
5,6,107,1,193,0
6,7,109,1,193,0
4,-6,111,1,193,0
4,5,118,1,193,0
3,4,128,1,193,0
3,-3,129,1,193,0
2,3,136,1,193,0
-3,1,149,1,193,0
-2,-1,155,1,193,0
-4,2,158,1,193,0
0,1,165,1,193,0
-2,0,166,1,193,0
1,2,169,1,193,0
6,-2,175,1,193,0
-5,3,175,1,193,0
-3,-4,175,1,193,0
0,-4,192,1,193,0
7,9,5,1,193,0
8,0,28,1,193,0
-4,3,37,1,193,0
6,-3,182,1,193,0
7,-6,49,1,193,0
2,-1,141,1,193,0
6,8,89,1,193,0
5,7,105,1,193,0
2,4,107,1,193,0
4,6,113,1,193,0
1,3,114,1,193,0
3,5,119,1,193,0
3,-4,127,1,193,0
-2,1,143,1,193,0
0,2,172,1,193,0
-1,0,179,1,193,0
-5,4,179,1,193,0
-5,-1,186,1,193,0
-3,3,45,1,193,0
5,-1,166,1,193,0
8,1,61,1,193,0
7,0,71,1,193,0
4,7,75,1,193,0
3,6,77,1,193,0
7,-7,89,1,193,0
5,8,96,1,193,0
3,-5,119,1,193,0
2,-2,144,1,193,0
0,3,179,1,193,0
-4,4,182,1,193,0
6,-4,189,1,193,0
1,4,185,1,193,0
-1,1,187,1,193,0
-2,2,192,1,193,0
9,3,1,1,193,0
8,-1,36,1,193,0
2,6,36,1,193,0
-2,3,51,1,193,0
8,2,58,1,193,0
7,1,66,1,193,0
3,7,69,1,193,0
4,8,71,1,193,0
6,0,79,1,193,0
7,-8,87,1,193,0
3,-6,112,1,193,0
2,-3,135,1,193,0
-1,-1,147,1,193,0
-2,-4,177,1,193,0
-4,5,189,1,193,0
1,5,191,1,193,0
-1,2,192,1,193,0
-9,1,3,1,193,0
-5,7,4,1,193,0
8,-2,34,1,193,0
8,3,47,1,193,0
7,2,53,1,193,0
5,-3,193,1,193,0
-1,3,57,1,193,0
2,7,59,1,193,0
3,8,66,1,193,0
6,1,89,1,193,0
-1,-2,101,1,193,0
3,-7,106,1,193,0
2,-4,126,1,193,0
1,-1,149,1,193,0
-4,-1,179,1,193,0
-2,-5,184,1,193,0
-3,5,191,1,193,0
1,6,192,1,193,0
-8,1,9,1,193,0
8,4,11,1,193,0
-4,7,16,1,193,0
0,6,23,1,193,0
8,-3,23,1,193,0
7,3,51,1,193,0
1,7,55,1,193,0
2,8,62,1,193,0
4,0,66,1,193,0
4,-1,158,1,193,0
5,1,85,1,193,0
6,2,96,1,193,0
6,-7,98,1,193,0
2,-5,119,1,193,0
1,-2,143,1,193,0
5,-4,191,1,193,0
-3,6,192,1,193,0
-2,6,11,1,193,0
-4,8,14,1,193,0
-7,1,15,1,193,0
-3,7,24,1,193,0
8,5,31,1,193,0
7,4,43,1,193,0
7,-1,44,1,193,0
0,7,46,1,193,0
1,8,54,1,193,0
4,-2,68,1,193,0
4,1,72,1,193,0
2,-6,89,1,193,0
6,3,104,1,193,0
5,2,111,1,193,0
1,-3,133,1,193,0
3,0,167,1,193,0
-5,0,4,1,194,0
-1,6,17,1,194,0
-6,1,21,1,194,0
8,6,27,1,194,0
-2,7,29,1,194,0
7,5,35,1,194,0
7,-2,39,1,194,0
4,-3,63,1,194,0
5,3,105,1,194,0
5,-6,108,1,194,0
4,2,118,1,194,0
3,1,125,1,194,0
2,0,165,1,194,0
-3,-1,173,1,194,0
0,-1,173,1,194,0
-1,-5,189,1,194,0
-4,0,9,1,194,0
-5,1,24,1,194,0
7,6,26,1,194,0
-2,8,31,1,194,0
5,4,35,1,194,0
-1,7,39,1,194,0
7,-3,43,1,194,0
4,3,44,1,194,0
8,-6,45,1,194,0
3,-1,151,1,194,0
8,7,98,1,194,0
5,-7,103,1,194,0
3,2,119,1,194,0
6,5,125,1,194,0
2,1,132,1,194,0
1,0,159,1,194,0
-3,-2,163,1,194,0
0,-2,179,1,194,0
-6,-1,192,1,194,0
-1,-6,192,1,194,0
8,8,12,1,194,0
7,-4,34,1,194,0
-1,8,35,1,194,0
6,-1,169,1,194,0
7,7,106,1,194,0
4,-5,118,1,194,0
6,6,124,1,194,0
5,5,133,1,194,0
4,4,142,1,194,0
3,-2,146,1,194,0
3,3,151,1,194,0
2,2,159,1,194,0
-5,2,159,1,194,0
-3,0,168,1,194,0
-3,-3,169,1,194,0
1,1,169,1,194,0
0,-3,186,1,194,0
0,0,193,1,194,0
7,8,13,1,194,0
7,-5,41,1,194,0
5,6,107,1,194,0
6,7,109,1,194,0
4,-6,111,1,194,0
4,5,118,1,194,0
3,4,128,1,194,0
3,-3,129,1,194,0
2,3,136,1,194,0
-3,1,149,1,194,0
-2,-1,155,1,194,0
-4,2,158,1,194,0
0,1,165,1,194,0
-2,0,166,1,194,0
1,2,169,1,194,0
6,-2,175,1,194,0
-5,3,175,1,194,0
-3,-4,175,1,194,0
0,-4,193,1,194,0
7,9,5,1,194,0
8,0,28,1,194,0
-4,3,37,1,194,0
6,-3,182,1,194,0
7,-6,49,1,194,0
2,-1,141,1,194,0
6,8,89,1,194,0
5,7,105,1,194,0
2,4,107,1,194,0
4,6,113,1,194,0
1,3,114,1,194,0
3,5,119,1,194,0
3,-4,127,1,194,0
-2,1,143,1,194,0
0,2,172,1,194,0
-1,0,179,1,194,0
-5,4,179,1,194,0
-5,-1,186,1,194,0
-3,3,45,1,194,0
5,-1,166,1,194,0
8,1,61,1,194,0
7,0,71,1,194,0
4,7,75,1,194,0
3,6,77,1,194,0
7,-7,89,1,194,0
5,8,96,1,194,0
3,-5,119,1,194,0
2,-2,144,1,194,0
0,3,179,1,194,0
-4,4,182,1,194,0
6,-4,189,1,194,0
1,4,185,1,194,0
-1,1,187,1,194,0
-2,2,193,1,194,0
0,-6,193,1,194,0
9,3,1,1,194,0
8,-1,36,1,194,0
2,6,36,1,194,0
-2,3,51,1,194,0
8,2,58,1,194,0
7,1,66,1,194,0
3,7,69,1,194,0
4,8,71,1,194,0
6,0,79,1,194,0
7,-8,87,1,194,0
3,-6,112,1,194,0
2,-3,135,1,194,0
-1,-1,147,1,194,0
-2,-4,177,1,194,0
-4,5,189,1,194,0
1,5,191,1,194,0
-1,2,193,1,194,0
-9,1,3,1,194,0
-5,7,4,1,194,0
8,-2,34,1,194,0
8,3,47,1,194,0
7,2,53,1,194,0
5,-3,194,1,194,0
-1,3,57,1,194,0
2,7,59,1,194,0
3,8,66,1,194,0
6,1,89,1,194,0
-1,-2,101,1,194,0
3,-7,106,1,194,0
2,-4,126,1,194,0
1,-1,149,1,194,0
-4,-1,179,1,194,0
-2,-5,184,1,194,0
-3,5,191,1,194,0
1,6,193,1,194,0
-8,1,9,1,194,0
8,4,11,1,194,0
-4,7,16,1,194,0
0,6,23,1,194,0
8,-3,23,1,194,0
7,3,51,1,194,0
1,7,55,1,194,0
2,8,62,1,194,0
4,0,66,1,194,0
4,-1,158,1,194,0
5,1,85,1,194,0
6,2,96,1,194,0
6,-7,98,1,194,0
2,-5,119,1,194,0
1,-2,143,1,194,0
5,-4,191,1,194,0
-3,6,193,1,194,0
-7,-1,193,1,194,0
-2,6,11,1,194,0
-4,8,14,1,194,0
-7,1,15,1,194,0
-3,7,24,1,194,0
8,5,31,1,194,0
7,4,43,1,194,0
7,-1,44,1,194,0
0,7,46,1,194,0
1,8,54,1,194,0
4,-2,68,1,194,0
4,1,72,1,194,0
2,-6,89,1,194,0
6,3,104,1,194,0
5,2,111,1,194,0
1,-3,133,1,194,0
3,0,167,1,194,0
-5,0,4,1,195,0
-1,6,17,1,195,0
-6,1,21,1,195,0
8,6,27,1,195,0
-2,7,29,1,195,0
7,5,35,1,195,0
7,-2,39,1,195,0
4,-3,63,1,195,0
5,3,105,1,195,0
5,-6,108,1,195,0
4,2,118,1,195,0
3,1,125,1,195,0
2,0,165,1,195,0
-3,-1,173,1,195,0
0,-1,173,1,195,0
-1,-5,189,1,195,0
1,-4,194,1,195,0
-4,0,9,1,195,0
-5,1,24,1,195,0
7,6,26,1,195,0
-2,8,31,1,195,0
5,4,35,1,195,0
-1,7,39,1,195,0
7,-3,43,1,195,0
4,3,44,1,195,0
8,-6,45,1,195,0
3,-1,151,1,195,0
8,7,98,1,195,0
5,-7,103,1,195,0
3,2,119,1,195,0
6,5,125,1,195,0
2,1,132,1,195,0
1,0,159,1,195,0
-3,-2,163,1,195,0
0,-2,179,1,195,0
-6,-1,192,1,195,0
-1,-6,192,1,195,0
8,8,12,1,195,0
7,-4,34,1,195,0
-1,8,35,1,195,0
6,-1,169,1,195,0
7,7,106,1,195,0
4,-5,118,1,195,0
6,6,124,1,195,0
5,5,133,1,195,0
4,4,142,1,195,0
3,-2,146,1,195,0
3,3,151,1,195,0
2,2,159,1,195,0
-5,2,159,1,195,0
-3,0,168,1,195,0
-3,-3,169,1,195,0
1,1,169,1,195,0
0,-3,186,1,195,0
0,0,194,1,195,0
7,8,13,1,195,0
7,-5,41,1,195,0
5,6,107,1,195,0
6,7,109,1,195,0
4,-6,111,1,195,0
4,5,118,1,195,0
3,4,128,1,195,0
3,-3,129,1,195,0
2,3,136,1,195,0
-3,1,149,1,195,0
-2,-1,155,1,195,0
-4,2,158,1,195,0
0,1,165,1,195,0
-2,0,166,1,195,0
1,2,169,1,195,0
6,-2,175,1,195,0
-5,3,175,1,195,0
-3,-4,175,1,195,0
0,-4,193,1,195,0
7,9,5,1,195,0
8,0,28,1,195,0
-4,3,37,1,195,0
6,-3,182,1,195,0
7,-6,49,1,195,0
2,-1,141,1,195,0
6,8,89,1,195,0
5,7,105,1,195,0
2,4,107,1,195,0
4,6,113,1,195,0
1,3,114,1,195,0
3,5,119,1,195,0
3,-4,127,1,195,0
-2,1,143,1,195,0
0,2,172,1,195,0
-1,0,179,1,195,0
-5,4,179,1,195,0
-5,-1,186,1,195,0
-3,3,45,1,195,0
5,-1,166,1,195,0
8,1,61,1,195,0
7,0,71,1,195,0
4,7,75,1,195,0
3,6,77,1,195,0
7,-7,89,1,195,0
5,8,96,1,195,0
3,-5,119,1,195,0
2,-2,144,1,195,0
0,3,179,1,195,0
-4,4,182,1,195,0
6,-4,189,1,195,0
1,4,185,1,195,0
-1,1,187,1,195,0
-2,2,193,1,195,0
0,-6,194,1,195,0
9,3,1,1,195,0
8,-1,36,1,195,0
2,6,36,1,195,0
8,2,58,1,195,0
7,1,66,1,195,0
3,7,69,1,195,0
4,8,71,1,195,0
6,0,79,1,195,0
7,-8,87,1,195,0
3,-6,112,1,195,0
2,-3,135,1,195,0
-1,-1,147,1,195,0
-2,-4,177,1,195,0
-4,5,189,1,195,0
1,5,191,1,195,0
-2,3,194,1,195,0
-1,2,194,1,195,0
-9,1,3,1,195,0
-5,7,4,1,195,0
8,-2,34,1,195,0
8,3,47,1,195,0
7,2,53,1,195,0
5,-3,195,1,195,0
-1,3,57,1,195,0
2,7,59,1,195,0
3,8,66,1,195,0
6,1,89,1,195,0
-1,-2,101,1,195,0
3,-7,106,1,195,0
2,-4,126,1,195,0
1,-1,149,1,195,0
-4,-1,179,1,195,0
-2,-5,184,1,195,0
-3,5,191,1,195,0
1,6,194,1,195,0
-8,1,9,1,195,0
8,4,11,1,195,0
-4,7,16,1,195,0
0,6,23,1,195,0
8,-3,23,1,195,0
7,3,51,1,195,0
1,7,55,1,195,0
2,8,62,1,195,0
4,0,66,1,195,0
4,-1,158,1,195,0
5,1,85,1,195,0
6,2,96,1,195,0
6,-7,98,1,195,0
2,-5,119,1,195,0
1,-2,143,1,195,0
5,-4,191,1,195,0
-3,6,194,1,195,0
-7,-1,194,1,195,0
-2,6,11,1,195,0
-4,8,14,1,195,0
-7,1,15,1,195,0
-3,7,24,1,195,0
8,5,31,1,195,0
7,4,43,1,195,0
7,-1,44,1,195,0
0,7,46,1,195,0
1,8,54,1,195,0
4,-2,68,1,195,0
4,1,72,1,195,0
2,-6,89,1,195,0
6,3,104,1,195,0
5,2,111,1,195,0
1,-3,133,1,195,0
3,0,167,1,195,0
-5,0,4,1,196,0
-1,6,17,1,196,0
-6,1,21,1,196,0
8,6,27,1,196,0
-2,7,29,1,196,0
7,5,35,1,196,0
7,-2,39,1,196,0
4,-3,63,1,196,0
5,3,105,1,196,0
5,-6,108,1,196,0
4,2,118,1,196,0
3,1,125,1,196,0
2,0,165,1,196,0
-3,-1,173,1,196,0
0,-1,173,1,196,0
-1,-5,189,1,196,0
1,-4,194,1,196,0
-4,0,9,1,196,0
-5,1,24,1,196,0
7,6,26,1,196,0
-2,8,31,1,196,0
5,4,35,1,196,0
-1,7,39,1,196,0
7,-3,43,1,196,0
4,3,44,1,196,0
8,-6,45,1,196,0
3,-1,151,1,196,0
8,7,98,1,196,0
5,-7,103,1,196,0
3,2,119,1,196,0
6,5,125,1,196,0
2,1,132,1,196,0
1,0,159,1,196,0
-3,-2,163,1,196,0
0,-2,179,1,196,0
-6,-1,192,1,196,0
-1,-6,192,1,196,0
1,-5,195,1,196,0
8,8,12,1,196,0
7,-4,34,1,196,0
-1,8,35,1,196,0
6,-1,169,1,196,0
7,7,106,1,196,0
4,-5,118,1,196,0
6,6,124,1,196,0
5,5,133,1,196,0
4,4,142,1,196,0
3,-2,146,1,196,0
3,3,151,1,196,0
2,2,159,1,196,0
-5,2,159,1,196,0
-3,0,168,1,196,0
-3,-3,169,1,196,0
1,1,169,1,196,0
0,-3,186,1,196,0
0,0,195,1,196,0
7,8,13,1,196,0
7,-5,41,1,196,0
5,6,107,1,196,0
6,7,109,1,196,0
4,-6,111,1,196,0
4,5,118,1,196,0
3,4,128,1,196,0
3,-3,129,1,196,0
2,3,136,1,196,0
-3,1,149,1,196,0
-2,-1,155,1,196,0
-4,2,158,1,196,0
0,1,165,1,196,0
-2,0,166,1,196,0
1,2,169,1,196,0
6,-2,175,1,196,0
-5,3,175,1,196,0
-3,-4,175,1,196,0
0,-4,193,1,196,0
7,9,5,1,196,0
8,0,28,1,196,0
-4,3,37,1,196,0
6,-3,182,1,196,0
7,-6,49,1,196,0
2,-1,141,1,196,0
6,8,89,1,196,0
5,7,105,1,196,0
2,4,107,1,196,0
4,6,113,1,196,0
1,3,114,1,196,0
3,5,119,1,196,0
3,-4,127,1,196,0
-2,1,143,1,196,0
0,2,172,1,196,0
-1,0,179,1,196,0
-5,4,179,1,196,0
-5,-1,186,1,196,0
-3,3,45,1,196,0
5,-1,166,1,196,0
8,1,61,1,196,0
7,0,71,1,196,0
4,7,75,1,196,0
3,6,77,1,196,0
7,-7,89,1,196,0
5,8,96,1,196,0
3,-5,119,1,196,0
2,-2,144,1,196,0
0,3,179,1,196,0
-4,4,182,1,196,0
6,-4,189,1,196,0
1,4,185,1,196,0
-1,1,187,1,196,0
-2,2,193,1,196,0
0,-6,195,1,196,0
9,3,1,1,196,0
8,-1,36,1,196,0
2,6,36,1,196,0
8,2,58,1,196,0
7,1,66,1,196,0
3,7,69,1,196,0
4,8,71,1,196,0
6,0,79,1,196,0
7,-8,87,1,196,0
3,-6,112,1,196,0
2,-3,135,1,196,0
-1,-1,147,1,196,0
-2,-4,177,1,196,0
-4,5,189,1,196,0
1,5,191,1,196,0
-1,2,194,1,196,0
-2,3,195,1,196,0
-9,1,3,1,196,0
-5,7,4,1,196,0
8,-2,34,1,196,0
8,3,47,1,196,0
7,2,53,1,196,0
5,-3,196,1,196,0
2,7,59,1,196,0
3,8,66,1,196,0
6,1,89,1,196,0
-1,-2,101,1,196,0
3,-7,106,1,196,0
2,-4,126,1,196,0
1,-1,149,1,196,0
-4,-1,179,1,196,0
-2,-5,184,1,196,0
-3,5,191,1,196,0
-1,3,195,1,196,0
1,6,195,1,196,0
-8,1,9,1,196,0
8,4,11,1,196,0
-4,7,16,1,196,0
0,6,23,1,196,0
8,-3,23,1,196,0
7,3,51,1,196,0
1,7,55,1,196,0
2,8,62,1,196,0
4,0,66,1,196,0
4,-1,158,1,196,0
5,1,85,1,196,0
6,2,96,1,196,0
6,-7,98,1,196,0
2,-5,119,1,196,0
1,-2,143,1,196,0
5,-4,191,1,196,0
-3,6,195,1,196,0
-7,-1,195,1,196,0
-2,6,11,1,196,0
-4,8,14,1,196,0
-7,1,15,1,196,0
-3,7,24,1,196,0
8,5,31,1,196,0
7,4,43,1,196,0
7,-1,44,1,196,0
0,7,46,1,196,0
1,8,54,1,196,0
4,-2,68,1,196,0
4,1,72,1,196,0
2,-6,89,1,196,0
6,3,104,1,196,0
5,2,111,1,196,0
1,-3,133,1,196,0
3,0,167,1,196,0
-5,0,4,1,197,0
-1,6,17,1,197,0
-6,1,21,1,197,0
8,6,27,1,197,0
-2,7,29,1,197,0
7,5,35,1,197,0
7,-2,39,1,197,0
4,-3,63,1,197,0
5,3,105,1,197,0
5,-6,108,1,197,0
4,2,118,1,197,0
3,1,125,1,197,0
2,0,165,1,197,0
-3,-1,173,1,197,0
-1,-5,189,1,197,0
1,-4,194,1,197,0
0,-1,196,1,197,0
-4,0,9,1,197,0
-5,1,24,1,197,0
7,6,26,1,197,0
-2,8,31,1,197,0
5,4,35,1,197,0
-1,7,39,1,197,0
7,-3,43,1,197,0
4,3,44,1,197,0
8,-6,45,1,197,0
3,-1,151,1,197,0
8,7,98,1,197,0
5,-7,103,1,197,0
3,2,119,1,197,0
6,5,125,1,197,0
2,1,132,1,197,0
1,0,159,1,197,0
-3,-2,163,1,197,0
0,-2,179,1,197,0
-6,-1,192,1,197,0
-1,-6,192,1,197,0
1,-5,196,1,197,0
8,8,12,1,197,0
7,-4,34,1,197,0
-1,8,35,1,197,0
6,-1,169,1,197,0
7,7,106,1,197,0
4,-5,118,1,197,0
6,6,124,1,197,0
5,5,133,1,197,0
4,4,142,1,197,0
3,-2,146,1,197,0
3,3,151,1,197,0
2,2,159,1,197,0
-5,2,159,1,197,0
-3,0,168,1,197,0
-3,-3,169,1,197,0
1,1,169,1,197,0
0,-3,186,1,197,0
0,0,195,1,197,0
7,8,13,1,197,0
7,-5,41,1,197,0
5,6,107,1,197,0
6,7,109,1,197,0
4,-6,111,1,197,0
4,5,118,1,197,0
3,4,128,1,197,0
3,-3,129,1,197,0
2,3,136,1,197,0
-3,1,149,1,197,0
-2,-1,155,1,197,0
-4,2,158,1,197,0
0,1,165,1,197,0
-2,0,166,1,197,0
1,2,169,1,197,0
6,-2,175,1,197,0
-5,3,175,1,197,0
-3,-4,175,1,197,0
0,-4,193,1,197,0
7,9,5,1,197,0
8,0,28,1,197,0
-4,3,37,1,197,0
6,-3,182,1,197,0
7,-6,49,1,197,0
2,-1,141,1,197,0
6,8,89,1,197,0
5,7,105,1,197,0
2,4,107,1,197,0
4,6,113,1,197,0
1,3,114,1,197,0
3,5,119,1,197,0
3,-4,127,1,197,0
-2,1,143,1,197,0
0,2,172,1,197,0
-1,0,179,1,197,0
-5,4,179,1,197,0
-5,-1,186,1,197,0
-3,3,45,1,197,0
5,-1,166,1,197,0
8,1,61,1,197,0
7,0,71,1,197,0
4,7,75,1,197,0
3,6,77,1,197,0
7,-7,89,1,197,0
5,8,96,1,197,0
3,-5,119,1,197,0
2,-2,144,1,197,0
0,3,179,1,197,0
-4,4,182,1,197,0
6,-4,189,1,197,0
1,4,185,1,197,0
-1,1,187,1,197,0
-2,2,193,1,197,0
0,-6,196,1,197,0
9,3,1,1,197,0
8,-1,36,1,197,0
2,6,36,1,197,0
8,2,58,1,197,0
7,1,66,1,197,0
3,7,69,1,197,0
4,8,71,1,197,0
6,0,79,1,197,0
7,-8,87,1,197,0
3,-6,112,1,197,0
2,-3,135,1,197,0
-1,-1,147,1,197,0
-2,-4,177,1,197,0
-4,5,189,1,197,0
1,5,191,1,197,0
-1,2,194,1,197,0
-2,3,196,1,197,0
-9,1,3,1,197,0
-5,7,4,1,197,0
8,-2,34,1,197,0
8,3,47,1,197,0
7,2,53,1,197,0
5,-3,197,1,197,0
2,7,59,1,197,0
3,8,66,1,197,0
6,1,89,1,197,0
-1,-2,101,1,197,0
3,-7,106,1,197,0
2,-4,126,1,197,0
1,-1,149,1,197,0
-4,-1,179,1,197,0
-2,-5,184,1,197,0
-3,5,191,1,197,0
-1,3,196,1,197,0
1,6,196,1,197,0
-8,1,9,1,197,0
8,4,11,1,197,0
-4,7,16,1,197,0
0,6,23,1,197,0
8,-3,23,1,197,0
7,3,51,1,197,0
1,7,55,1,197,0
2,8,62,1,197,0
4,0,66,1,197,0
4,-1,158,1,197,0
5,1,85,1,197,0
6,2,96,1,197,0
6,-7,98,1,197,0
2,-5,119,1,197,0
1,-2,143,1,197,0
5,-4,191,1,197,0
-3,6,196,1,197,0
-7,-1,196,1,197,0
-2,6,11,1,197,0
-4,8,14,1,197,0
-7,1,15,1,197,0
-3,7,24,1,197,0
8,5,31,1,197,0
7,4,43,1,197,0
7,-1,44,1,197,0
0,7,46,1,197,0
1,8,54,1,197,0
4,-2,68,1,197,0
4,1,72,1,197,0
2,-6,89,1,197,0
6,3,104,1,197,0
5,2,111,1,197,0
1,-3,133,1,197,0
3,0,167,1,197,0
-5,0,4,1,198,0
-1,6,17,1,198,0
-6,1,21,1,198,0
8,6,27,1,198,0
-2,7,29,1,198,0
7,5,35,1,198,0
7,-2,39,1,198,0
4,-3,198,1,198,0
5,3,105,1,198,0
5,-6,108,1,198,0
4,2,118,1,198,0
3,1,125,1,198,0
2,0,165,1,198,0
-3,-1,173,1,198,0
-1,-5,189,1,198,0
1,-4,194,1,198,0
0,-1,196,1,198,0
-4,0,9,1,198,0
-5,1,24,1,198,0
7,6,26,1,198,0
-2,8,31,1,198,0
5,4,35,1,198,0
-1,7,39,1,198,0
7,-3,43,1,198,0
4,3,44,1,198,0
8,-6,45,1,198,0
3,-1,151,1,198,0
8,7,98,1,198,0
5,-7,103,1,198,0
3,2,119,1,198,0
6,5,125,1,198,0
2,1,132,1,198,0
1,0,159,1,198,0
-3,-2,163,1,198,0
0,-2,179,1,198,0
-6,-1,192,1,198,0
-1,-6,192,1,198,0
1,-5,197,1,198,0
8,8,12,1,198,0
7,-4,34,1,198,0
-1,8,35,1,198,0
6,-1,169,1,198,0
7,7,106,1,198,0
4,-5,118,1,198,0
6,6,124,1,198,0
5,5,133,1,198,0
4,4,142,1,198,0
3,-2,146,1,198,0
3,3,151,1,198,0
2,2,159,1,198,0
-5,2,159,1,198,0
-3,0,168,1,198,0
-3,-3,169,1,198,0
1,1,169,1,198,0
0,-3,186,1,198,0
0,0,195,1,198,0
7,8,13,1,198,0
7,-5,41,1,198,0
5,6,107,1,198,0
6,7,109,1,198,0
4,-6,111,1,198,0
4,5,118,1,198,0
3,4,128,1,198,0
3,-3,129,1,198,0
2,3,136,1,198,0
-3,1,149,1,198,0
-2,-1,155,1,198,0
-4,2,158,1,198,0
0,1,165,1,198,0
-2,0,166,1,198,0
1,2,169,1,198,0
6,-2,175,1,198,0
-5,3,175,1,198,0
-3,-4,175,1,198,0
0,-4,193,1,198,0
7,9,5,1,198,0
8,0,28,1,198,0
-4,3,37,1,198,0
6,-3,182,1,198,0
7,-6,49,1,198,0
2,-1,141,1,198,0
6,8,89,1,198,0
5,7,105,1,198,0
2,4,107,1,198,0
4,6,113,1,198,0
1,3,114,1,198,0
3,5,119,1,198,0
3,-4,127,1,198,0
-2,1,143,1,198,0
0,2,172,1,198,0
-1,0,179,1,198,0
-5,4,179,1,198,0
-5,-1,186,1,198,0
-3,3,45,1,198,0
5,-1,166,1,198,0
8,1,61,1,198,0
7,0,71,1,198,0
4,7,75,1,198,0
3,6,77,1,198,0
7,-7,89,1,198,0
5,8,96,1,198,0
3,-5,119,1,198,0
2,-2,144,1,198,0
0,3,179,1,198,0
-4,4,182,1,198,0
6,-4,189,1,198,0
1,4,185,1,198,0
-1,1,187,1,198,0
-2,2,193,1,198,0
0,-6,197,1,198,0
9,3,1,1,198,0
8,-1,36,1,198,0
2,6,36,1,198,0
8,2,58,1,198,0
7,1,66,1,198,0
3,7,69,1,198,0
4,8,71,1,198,0
6,0,79,1,198,0
7,-8,87,1,198,0
3,-6,112,1,198,0
2,-3,135,1,198,0
-1,-1,147,1,198,0
-2,-4,177,1,198,0
-4,5,189,1,198,0
1,5,191,1,198,0
-1,2,194,1,198,0
-2,3,197,1,198,0
-9,1,3,1,198,0
-5,7,4,1,198,0
8,-2,34,1,198,0
8,3,47,1,198,0
7,2,53,1,198,0
5,-3,197,1,198,0
2,7,59,1,198,0
3,8,66,1,198,0
6,1,89,1,198,0
-1,-2,101,1,198,0
3,-7,106,1,198,0
2,-4,126,1,198,0
-4,-1,179,1,198,0
-2,-5,184,1,198,0
-3,5,191,1,198,0
1,-1,197,1,198,0
-1,3,197,1,198,0
1,6,197,1,198,0
-8,1,9,1,198,0
8,4,11,1,198,0
-4,7,16,1,198,0
0,6,23,1,198,0
8,-3,23,1,198,0
7,3,51,1,198,0
1,7,55,1,198,0
2,8,62,1,198,0
4,0,66,1,198,0
4,-1,158,1,198,0
5,1,85,1,198,0
6,2,96,1,198,0
6,-7,98,1,198,0
2,-5,119,1,198,0
1,-2,143,1,198,0
5,-4,191,1,198,0
-3,6,197,1,198,0
-7,-1,197,1,198,0
-2,6,11,1,198,0
-4,8,14,1,198,0
-7,1,15,1,198,0
-3,7,24,1,198,0
8,5,31,1,198,0
7,4,43,1,198,0
7,-1,44,1,198,0
0,7,46,1,198,0
1,8,54,1,198,0
4,-2,68,1,198,0
4,1,72,1,198,0
2,-6,89,1,198,0
6,3,104,1,198,0
5,2,111,1,198,0
1,-3,133,1,198,0
3,0,167,1,198,0
-5,0,4,1,199,0
-1,6,17,1,199,0
-6,1,21,1,199,0
8,6,27,1,199,0
-2,7,29,1,199,0
7,5,35,1,199,0
7,-2,39,1,199,0
4,-3,199,1,199,0
5,3,105,1,199,0
5,-6,108,1,199,0
4,2,118,1,199,0
3,1,125,1,199,0
2,0,165,1,199,0
-3,-1,173,1,199,0
-1,-5,189,1,199,0
1,-4,194,1,199,0
0,-1,196,1,199,0
-4,0,9,1,199,0
-5,1,24,1,199,0
7,6,26,1,199,0
-2,8,31,1,199,0
5,4,35,1,199,0
-1,7,39,1,199,0
7,-3,43,1,199,0
4,3,44,1,199,0
8,-6,45,1,199,0
3,-1,151,1,199,0
8,7,98,1,199,0
5,-7,103,1,199,0
3,2,119,1,199,0
6,5,125,1,199,0
2,1,132,1,199,0
1,0,159,1,199,0
-3,-2,163,1,199,0
0,-2,179,1,199,0
-6,-1,192,1,199,0
-1,-6,192,1,199,0
1,-5,198,1,199,0
8,8,12,1,199,0
7,-4,34,1,199,0
-1,8,35,1,199,0
6,-1,169,1,199,0
7,7,106,1,199,0
4,-5,118,1,199,0
6,6,124,1,199,0
5,5,133,1,199,0
4,4,142,1,199,0
3,-2,146,1,199,0
3,3,151,1,199,0
2,2,159,1,199,0
-5,2,159,1,199,0
-3,0,168,1,199,0
-3,-3,169,1,199,0
1,1,169,1,199,0
0,-3,186,1,199,0
0,0,195,1,199,0
7,8,13,1,199,0
7,-5,41,1,199,0
5,6,107,1,199,0
6,7,109,1,199,0
4,-6,111,1,199,0
4,5,118,1,199,0
3,4,128,1,199,0
3,-3,129,1,199,0
2,3,136,1,199,0
-3,1,149,1,199,0
-2,-1,155,1,199,0
-4,2,158,1,199,0
0,1,165,1,199,0
-2,0,166,1,199,0
1,2,169,1,199,0
6,-2,175,1,199,0
-5,3,175,1,199,0
-3,-4,175,1,199,0
0,-4,193,1,199,0
7,9,5,1,199,0
8,0,28,1,199,0
-4,3,37,1,199,0
6,-3,182,1,199,0
7,-6,49,1,199,0
2,-1,141,1,199,0
6,8,89,1,199,0
5,7,105,1,199,0
2,4,107,1,199,0
4,6,113,1,199,0
1,3,114,1,199,0
3,5,119,1,199,0
3,-4,127,1,199,0
-2,1,143,1,199,0
0,2,172,1,199,0
-1,0,179,1,199,0
-5,4,179,1,199,0
-5,-1,186,1,199,0
-3,3,45,1,199,0
5,-1,166,1,199,0
8,1,61,1,199,0
7,0,71,1,199,0
4,7,75,1,199,0
3,6,77,1,199,0
7,-7,89,1,199,0
5,8,96,1,199,0
3,-5,119,1,199,0
2,-2,144,1,199,0
0,3,179,1,199,0
-4,4,182,1,199,0
6,-4,189,1,199,0
1,4,185,1,199,0
-1,1,187,1,199,0
-2,2,193,1,199,0
0,-6,198,1,199,0
9,3,1,1,199,0
8,-1,36,1,199,0
2,6,36,1,199,0
8,2,58,1,199,0
7,1,66,1,199,0
3,7,69,1,199,0
4,8,71,1,199,0
6,0,79,1,199,0
7,-8,87,1,199,0
3,-6,112,1,199,0
2,-3,135,1,199,0
-1,-1,147,1,199,0
-2,-4,177,1,199,0
-4,5,189,1,199,0
1,5,191,1,199,0
-1,2,194,1,199,0
-2,3,198,1,199,0
-9,1,3,1,199,0
-5,7,4,1,199,0
8,-2,34,1,199,0
8,3,47,1,199,0
7,2,53,1,199,0
5,-3,197,1,199,0
2,7,59,1,199,0
3,8,66,1,199,0
6,1,89,1,199,0
-1,-2,101,1,199,0
3,-7,106,1,199,0
2,-4,126,1,199,0
-4,-1,179,1,199,0
-2,-5,184,1,199,0
-3,5,191,1,199,0
1,-1,198,1,199,0
-1,3,198,1,199,0
1,6,198,1,199,0
-8,1,9,1,199,0
8,4,11,1,199,0
-4,7,16,1,199,0
0,6,23,1,199,0
8,-3,23,1,199,0
7,3,51,1,199,0
1,7,55,1,199,0
2,8,62,1,199,0
4,0,66,1,199,0
4,-1,158,1,199,0
5,1,85,1,199,0
6,2,96,1,199,0
6,-7,98,1,199,0
2,-5,119,1,199,0
1,-2,143,1,199,0
5,-4,191,1,199,0
-3,6,198,1,199,0
-7,-1,198,1,199,0
-2,6,11,1,199,0
-4,8,14,1,199,0
-7,1,15,1,199,0
-3,7,24,1,199,0
8,5,31,1,199,0
7,4,43,1,199,0
7,-1,44,1,199,0
0,7,46,1,199,0
1,8,54,1,199,0
4,-2,68,1,199,0
4,1,72,1,199,0
2,-6,89,1,199,0
6,3,104,1,199,0
5,2,111,1,199,0
1,-3,133,1,199,0
3,0,167,1,199,0
-5,0,4,1,200,0
-1,6,17,1,200,0
-6,1,21,1,200,0
8,6,27,1,200,0
-2,7,29,1,200,0
7,5,35,1,200,0
7,-2,39,1,200,0
4,-3,199,1,200,0
5,3,105,1,200,0
5,-6,108,1,200,0
4,2,118,1,200,0
3,1,125,1,200,0
2,0,165,1,200,0
-3,-1,173,1,200,0
-1,-5,189,1,200,0
1,-4,194,1,200,0
0,-1,196,1,200,0
-4,0,9,1,200,0
-5,1,24,1,200,0
7,6,26,1,200,0
-2,8,31,1,200,0
5,4,35,1,200,0
-1,7,39,1,200,0
7,-3,43,1,200,0
4,3,44,1,200,0
8,-6,45,1,200,0
3,-1,151,1,200,0
8,7,98,1,200,0
5,-7,103,1,200,0
3,2,119,1,200,0
6,5,125,1,200,0
2,1,132,1,200,0
1,0,159,1,200,0
-3,-2,163,1,200,0
0,-2,179,1,200,0
-6,-1,192,1,200,0
-1,-6,192,1,200,0
1,-5,199,1,200,0
8,8,12,1,200,0
7,-4,34,1,200,0
-1,8,35,1,200,0
6,-1,169,1,200,0
7,7,106,1,200,0
4,-5,118,1,200,0
6,6,124,1,200,0
5,5,133,1,200,0
4,4,142,1,200,0
3,-2,146,1,200,0
3,3,151,1,200,0
2,2,159,1,200,0
-5,2,159,1,200,0
-3,0,168,1,200,0
-3,-3,169,1,200,0
1,1,169,1,200,0
0,-3,186,1,200,0
0,0,195,1,200,0
7,8,13,1,200,0
7,-5,41,1,200,0
5,6,107,1,200,0
6,7,109,1,200,0
4,-6,111,1,200,0
4,5,118,1,200,0
3,4,128,1,200,0
3,-3,129,1,200,0
2,3,136,1,200,0
-3,1,149,1,200,0
-2,-1,155,1,200,0
-4,2,158,1,200,0
0,1,165,1,200,0
-2,0,166,1,200,0
1,2,169,1,200,0
6,-2,175,1,200,0
-5,3,175,1,200,0
-3,-4,175,1,200,0
0,-4,193,1,200,0
7,9,5,1,200,0
8,0,28,1,200,0
-4,3,37,1,200,0
6,-3,182,1,200,0
7,-6,49,1,200,0
2,-1,141,1,200,0
6,8,89,1,200,0
5,7,105,1,200,0
2,4,107,1,200,0
4,6,113,1,200,0
1,3,114,1,200,0
3,5,119,1,200,0
3,-4,127,1,200,0
-2,1,143,1,200,0
0,2,172,1,200,0
-1,0,179,1,200,0
-5,4,179,1,200,0
-5,-1,186,1,200,0
-3,3,45,1,200,0
5,-1,166,1,200,0
8,1,61,1,200,0
7,0,71,1,200,0
4,7,75,1,200,0
3,6,77,1,200,0
7,-7,89,1,200,0
5,8,96,1,200,0
3,-5,119,1,200,0
2,-2,144,1,200,0
0,3,179,1,200,0
-4,4,182,1,200,0
6,-4,189,1,200,0
1,4,185,1,200,0
-1,1,187,1,200,0
-2,2,193,1,200,0
0,-6,199,1,200,0
9,3,1,1,200,0
8,-1,36,1,200,0
2,6,36,1,200,0
8,2,58,1,200,0
7,1,66,1,200,0
3,7,69,1,200,0
4,8,71,1,200,0
6,0,79,1,200,0
7,-8,87,1,200,0
3,-6,112,1,200,0
2,-3,135,1,200,0
-1,-1,147,1,200,0
-2,-4,177,1,200,0
-4,5,189,1,200,0
1,5,191,1,200,0
-1,2,194,1,200,0
-2,3,199,1,200,0
-9,1,3,1,200,0
-5,7,4,1,200,0
8,-2,34,1,200,0
8,3,47,1,200,0
7,2,53,1,200,0
5,-3,197,1,200,0
2,7,59,1,200,0
3,8,66,1,200,0
6,1,89,1,200,0
-1,-2,101,1,200,0
3,-7,106,1,200,0
2,-4,126,1,200,0
-4,-1,179,1,200,0
-2,-5,184,1,200,0
-3,5,191,1,200,0
1,6,198,1,200,0
1,-1,199,1,200,0
-1,3,199,1,200,0
-8,1,9,1,200,0
8,4,11,1,200,0
-4,7,16,1,200,0
0,6,23,1,200,0
8,-3,23,1,200,0
7,3,51,1,200,0
2,8,62,1,200,0
4,0,66,1,200,0
4,-1,158,1,200,0
5,1,85,1,200,0
6,2,96,1,200,0
6,-7,98,1,200,0
2,-5,119,1,200,0
1,-2,143,1,200,0
5,-4,191,1,200,0
-3,6,199,1,200,0
-7,-1,199,1,200,0
1,7,199,1,200,0
-2,6,11,1,200,0
-4,8,14,1,200,0
-7,1,15,1,200,0
-3,7,24,1,200,0
8,5,31,1,200,0
7,4,43,1,200,0
7,-1,44,1,200,0
0,7,46,1,200,0
1,8,54,1,200,0
4,-2,68,1,200,0
4,1,72,1,200,0
2,-6,89,1,200,0
6,3,104,1,200,0
5,2,111,1,200,0
1,-3,133,1,200,0
3,0,167,1,200,0
-5,0,4,1,201,0
-1,6,17,1,201,0
-6,1,21,1,201,0
8,6,27,1,201,0
-2,7,29,1,201,0
7,5,35,1,201,0
7,-2,39,1,201,0
4,-3,201,1,201,0
5,3,105,1,201,0
5,-6,108,1,201,0
4,2,118,1,201,0
3,1,125,1,201,0
2,0,165,1,201,0
-3,-1,173,1,201,0
-1,-5,189,1,201,0
1,-4,194,1,201,0
0,-1,196,1,201,0
-4,0,9,1,201,0
-5,1,24,1,201,0
7,6,26,1,201,0
-2,8,31,1,201,0
5,4,35,1,201,0
-1,7,39,1,201,0
7,-3,43,1,201,0
4,3,44,1,201,0
8,-6,45,1,201,0
3,-1,151,1,201,0
8,7,98,1,201,0
5,-7,103,1,201,0
3,2,119,1,201,0
6,5,125,1,201,0
2,1,132,1,201,0
1,0,159,1,201,0
-3,-2,163,1,201,0
0,-2,179,1,201,0
-6,-1,192,1,201,0
-1,-6,192,1,201,0
1,-5,199,1,201,0
8,8,12,1,201,0
7,-4,34,1,201,0
-1,8,35,1,201,0
6,-1,169,1,201,0
7,7,106,1,201,0
4,-5,118,1,201,0
6,6,124,1,201,0
5,5,133,1,201,0
4,4,142,1,201,0
3,-2,146,1,201,0
3,3,151,1,201,0
2,2,159,1,201,0
-5,2,159,1,201,0
-3,0,168,1,201,0
-3,-3,169,1,201,0
1,1,169,1,201,0
0,-3,186,1,201,0
0,0,195,1,201,0
7,8,13,1,201,0
7,-5,41,1,201,0
5,6,107,1,201,0
6,7,109,1,201,0
4,-6,111,1,201,0
4,5,118,1,201,0
3,4,128,1,201,0
3,-3,129,1,201,0
2,3,136,1,201,0
-3,1,149,1,201,0
-2,-1,155,1,201,0
-4,2,158,1,201,0
0,1,165,1,201,0
-2,0,166,1,201,0
1,2,169,1,201,0
6,-2,175,1,201,0
-5,3,175,1,201,0
-3,-4,175,1,201,0
0,-4,193,1,201,0
7,9,5,1,201,0
8,0,28,1,201,0
-4,3,37,1,201,0
6,-3,182,1,201,0
7,-6,49,1,201,0
2,-1,141,1,201,0
6,8,89,1,201,0
5,7,105,1,201,0
2,4,107,1,201,0
4,6,113,1,201,0
1,3,114,1,201,0
3,5,119,1,201,0
3,-4,127,1,201,0
-2,1,143,1,201,0
0,2,172,1,201,0
-1,0,179,1,201,0
-5,4,179,1,201,0
-5,-1,186,1,201,0
-3,3,45,1,201,0
5,-1,166,1,201,0
8,1,61,1,201,0
7,0,71,1,201,0
4,7,75,1,201,0
3,6,77,1,201,0
7,-7,89,1,201,0
5,8,96,1,201,0
3,-5,119,1,201,0
2,-2,144,1,201,0
0,3,179,1,201,0
-4,4,182,1,201,0
6,-4,189,1,201,0
1,4,185,1,201,0
-1,1,187,1,201,0
-2,2,193,1,201,0
0,-6,199,1,201,0
9,3,1,1,201,0
8,-1,36,1,201,0
2,6,36,1,201,0
8,2,58,1,201,0
7,1,66,1,201,0
3,7,69,1,201,0
4,8,71,1,201,0
6,0,79,1,201,0
7,-8,87,1,201,0
3,-6,112,1,201,0
2,-3,135,1,201,0
-1,-1,147,1,201,0
-2,-4,177,1,201,0
-4,5,189,1,201,0
1,5,191,1,201,0
-1,2,194,1,201,0
-2,3,199,1,201,0
-9,1,3,1,201,0
-5,7,4,1,201,0
8,-2,34,1,201,0
8,3,47,1,201,0
7,2,53,1,201,0
5,-3,197,1,201,0
2,7,59,1,201,0
3,8,66,1,201,0
6,1,89,1,201,0
-1,-2,101,1,201,0
3,-7,106,1,201,0
2,-4,126,1,201,0
-4,-1,179,1,201,0
-2,-5,184,1,201,0
-3,5,191,1,201,0
1,6,198,1,201,0
1,-1,199,1,201,0
-1,3,199,1,201,0
-8,1,9,1,201,0
8,4,11,1,201,0
-4,7,16,1,201,0
0,6,23,1,201,0
8,-3,23,1,201,0
7,3,51,1,201,0
2,8,62,1,201,0
4,0,66,1,201,0
4,-1,158,1,201,0
5,1,85,1,201,0
6,2,96,1,201,0
6,-7,98,1,201,0
2,-5,119,1,201,0
1,-2,143,1,201,0
5,-4,191,1,201,0
-3,6,199,1,201,0
-7,-1,199,1,201,0
1,7,199,1,201,0
-2,6,11,1,201,0
-4,8,14,1,201,0
-7,1,15,1,201,0
-3,7,24,1,201,0
8,5,31,1,201,0
7,4,43,1,201,0
7,-1,44,1,201,0
0,7,46,1,201,0
1,8,54,1,201,0
4,-2,68,1,201,0
4,1,72,1,201,0
2,-6,89,1,201,0
6,3,104,1,201,0
5,2,111,1,201,0
1,-3,133,1,201,0
3,0,167,1,201,0
-5,0,4,1,202,0
-1,6,17,1,202,0
-6,1,21,1,202,0
8,6,27,1,202,0
-2,7,29,1,202,0
7,5,35,1,202,0
7,-2,39,1,202,0
4,-3,202,1,202,0
5,3,105,1,202,0
5,-6,108,1,202,0
4,2,118,1,202,0
3,1,125,1,202,0
2,0,165,1,202,0
-3,-1,173,1,202,0
-1,-5,189,1,202,0
1,-4,194,1,202,0
0,-1,196,1,202,0
-4,0,9,1,202,0
-5,1,24,1,202,0
7,6,26,1,202,0
-2,8,31,1,202,0
5,4,35,1,202,0
-1,7,39,1,202,0
7,-3,43,1,202,0
4,3,44,1,202,0
8,-6,45,1,202,0
3,-1,151,1,202,0
8,7,98,1,202,0
5,-7,103,1,202,0
3,2,119,1,202,0
6,5,125,1,202,0
2,1,132,1,202,0
1,0,159,1,202,0
-3,-2,163,1,202,0
0,-2,179,1,202,0
-6,-1,192,1,202,0
-1,-6,192,1,202,0
1,-5,201,1,202,0
8,8,12,1,202,0
7,-4,34,1,202,0
-1,8,35,1,202,0
6,-1,169,1,202,0
7,7,106,1,202,0
4,-5,118,1,202,0
6,6,124,1,202,0
5,5,133,1,202,0
4,4,142,1,202,0
3,-2,146,1,202,0
3,3,151,1,202,0
2,2,159,1,202,0
-5,2,159,1,202,0
-3,0,168,1,202,0
-3,-3,169,1,202,0
1,1,169,1,202,0
0,-3,186,1,202,0
0,0,195,1,202,0
1,-6,201,1,202,0
7,8,13,1,202,0
7,-5,41,1,202,0
5,6,107,1,202,0
6,7,109,1,202,0
4,-6,111,1,202,0
4,5,118,1,202,0
3,4,128,1,202,0
3,-3,129,1,202,0
2,3,136,1,202,0
-3,1,149,1,202,0
-2,-1,155,1,202,0
-4,2,158,1,202,0
0,1,165,1,202,0
-2,0,166,1,202,0
1,2,169,1,202,0
6,-2,175,1,202,0
-5,3,175,1,202,0
-3,-4,175,1,202,0
0,-4,193,1,202,0
7,9,5,1,202,0
8,0,28,1,202,0
-4,3,37,1,202,0
6,-3,182,1,202,0
7,-6,49,1,202,0
2,-1,141,1,202,0
6,8,89,1,202,0
5,7,105,1,202,0
2,4,107,1,202,0
4,6,113,1,202,0
1,3,114,1,202,0
3,5,119,1,202,0
3,-4,127,1,202,0
-2,1,143,1,202,0
0,2,172,1,202,0
-1,0,179,1,202,0
-5,4,179,1,202,0
-5,-1,186,1,202,0
-3,3,45,1,202,0
5,-1,166,1,202,0
8,1,61,1,202,0
7,0,71,1,202,0
4,7,75,1,202,0
3,6,77,1,202,0
7,-7,89,1,202,0
5,8,96,1,202,0
3,-5,119,1,202,0
2,-2,144,1,202,0
0,3,179,1,202,0
-4,4,182,1,202,0
6,-4,189,1,202,0
1,4,185,1,202,0
-1,1,187,1,202,0
-2,2,193,1,202,0
0,-6,199,1,202,0
-8,-1,201,1,202,0
9,3,1,1,202,0
8,-1,36,1,202,0
2,6,36,1,202,0
8,2,58,1,202,0
7,1,66,1,202,0
3,7,69,1,202,0
4,8,71,1,202,0
6,0,79,1,202,0
7,-8,87,1,202,0
3,-6,112,1,202,0
2,-3,135,1,202,0
-1,-1,147,1,202,0
-2,-4,177,1,202,0
-4,5,189,1,202,0
1,5,191,1,202,0
-1,2,194,1,202,0
-2,3,199,1,202,0
-9,1,3,1,202,0
-5,7,4,1,202,0
8,-2,34,1,202,0
8,3,47,1,202,0
7,2,53,1,202,0
5,-3,197,1,202,0
2,7,59,1,202,0
3,8,66,1,202,0
6,1,89,1,202,0
-1,-2,101,1,202,0
3,-7,106,1,202,0
2,-4,126,1,202,0
-4,-1,179,1,202,0
-2,-5,184,1,202,0
-3,5,191,1,202,0
1,6,198,1,202,0
-2,4,201,1,202,0
1,-1,201,1,202,0
-1,3,201,1,202,0
-8,1,9,1,202,0
8,4,11,1,202,0
-4,7,16,1,202,0
0,6,23,1,202,0
8,-3,23,1,202,0
7,3,51,1,202,0
2,8,62,1,202,0
4,0,66,1,202,0
4,-1,158,1,202,0
5,1,85,1,202,0
6,2,96,1,202,0
6,-7,98,1,202,0
2,-5,119,1,202,0
1,-2,143,1,202,0
5,-4,191,1,202,0
-3,6,199,1,202,0
-7,-1,199,1,202,0
1,7,201,1,202,0
-4,8,14,1,202,0
-7,1,15,1,202,0
-3,7,24,1,202,0
8,5,31,1,202,0
7,4,43,1,202,0
7,-1,44,1,202,0
0,7,46,1,202,0
1,8,54,1,202,0
4,-2,68,1,202,0
4,1,72,1,202,0
2,-6,89,1,202,0
6,3,104,1,202,0
5,2,111,1,202,0
1,-3,133,1,202,0
3,0,167,1,202,0
-2,6,201,1,202,0
-5,0,4,1,203,0
-1,6,17,1,203,0
-6,1,21,1,203,0
8,6,27,1,203,0
7,5,35,1,203,0
7,-2,39,1,203,0
4,-3,203,1,203,0
5,3,105,1,203,0
5,-6,108,1,203,0
4,2,118,1,203,0
3,1,125,1,203,0
2,0,165,1,203,0
-3,-1,173,1,203,0
-1,-5,189,1,203,0
1,-4,194,1,203,0
0,-1,196,1,203,0
-2,7,202,1,203,0
-4,0,9,1,203,0
-5,1,24,1,203,0
7,6,26,1,203,0
-2,8,31,1,203,0
5,4,35,1,203,0
-1,7,39,1,203,0
7,-3,43,1,203,0
4,3,44,1,203,0
8,-6,45,1,203,0
3,-1,151,1,203,0
8,7,98,1,203,0
5,-7,103,1,203,0
3,2,119,1,203,0
6,5,125,1,203,0
2,1,132,1,203,0
1,0,159,1,203,0
-3,-2,163,1,203,0
0,-2,179,1,203,0
-6,-1,192,1,203,0
-1,-6,192,1,203,0
1,-5,201,1,203,0
8,8,12,1,203,0
7,-4,34,1,203,0
-1,8,35,1,203,0
6,-1,169,1,203,0
7,7,106,1,203,0
4,-5,118,1,203,0
6,6,124,1,203,0
5,5,133,1,203,0
4,4,142,1,203,0
3,-2,146,1,203,0
3,3,151,1,203,0
2,2,159,1,203,0
-5,2,159,1,203,0
-3,0,168,1,203,0
-3,-3,169,1,203,0
1,1,169,1,203,0
0,-3,186,1,203,0
0,0,195,1,203,0
1,-6,202,1,203,0
7,8,13,1,203,0
7,-5,41,1,203,0
5,6,107,1,203,0
6,7,109,1,203,0
4,-6,111,1,203,0
4,5,118,1,203,0
3,4,128,1,203,0
3,-3,129,1,203,0
2,3,136,1,203,0
-3,1,149,1,203,0
-2,-1,155,1,203,0
-4,2,158,1,203,0
0,1,165,1,203,0
-2,0,166,1,203,0
1,2,169,1,203,0
6,-2,175,1,203,0
-5,3,175,1,203,0
-3,-4,175,1,203,0
0,-4,193,1,203,0
7,9,5,1,203,0
8,0,28,1,203,0
-4,3,37,1,203,0
6,-3,182,1,203,0
7,-6,49,1,203,0
2,-1,141,1,203,0
6,8,89,1,203,0
5,7,105,1,203,0
2,4,107,1,203,0
4,6,113,1,203,0
1,3,114,1,203,0
3,5,119,1,203,0
3,-4,127,1,203,0
-2,1,143,1,203,0
0,2,172,1,203,0
-1,0,179,1,203,0
-5,4,179,1,203,0
-5,-1,186,1,203,0
-3,3,45,1,203,0
5,-1,166,1,203,0
8,1,61,1,203,0
7,0,71,1,203,0
4,7,75,1,203,0
3,6,77,1,203,0
7,-7,89,1,203,0
5,8,96,1,203,0
3,-5,119,1,203,0
2,-2,144,1,203,0
0,3,179,1,203,0
-4,4,182,1,203,0
6,-4,189,1,203,0
1,4,185,1,203,0
-1,1,187,1,203,0
-2,2,193,1,203,0
0,-6,199,1,203,0
-8,-1,202,1,203,0
9,3,1,1,203,0
8,-1,36,1,203,0
2,6,36,1,203,0
8,2,58,1,203,0
7,1,66,1,203,0
3,7,69,1,203,0
4,8,71,1,203,0
6,0,79,1,203,0
7,-8,87,1,203,0
3,-6,112,1,203,0
2,-3,135,1,203,0
-1,-1,147,1,203,0
-2,-4,177,1,203,0
-4,5,189,1,203,0
1,5,191,1,203,0
-1,2,194,1,203,0
-2,3,199,1,203,0
0,4,202,1,203,0
-9,1,3,1,203,0
-5,7,4,1,203,0
8,-2,34,1,203,0
8,3,47,1,203,0
7,2,53,1,203,0
5,-3,197,1,203,0
2,7,59,1,203,0
3,8,66,1,203,0
6,1,89,1,203,0
-1,-2,101,1,203,0
3,-7,106,1,203,0
2,-4,126,1,203,0
-4,-1,179,1,203,0
-2,-5,184,1,203,0
-3,5,191,1,203,0
1,6,198,1,203,0
-1,3,201,1,203,0
-2,4,202,1,203,0
1,-1,202,1,203,0
-8,1,9,1,203,0
8,4,11,1,203,0
-4,7,16,1,203,0
0,6,23,1,203,0
8,-3,23,1,203,0
7,3,51,1,203,0
2,8,62,1,203,0
4,0,66,1,203,0
4,-1,158,1,203,0
5,1,85,1,203,0
6,2,96,1,203,0
6,-7,98,1,203,0
2,-5,119,1,203,0
1,-2,143,1,203,0
5,-4,191,1,203,0
-3,6,199,1,203,0
-7,-1,199,1,203,0
1,7,202,1,203,0
-4,8,14,1,203,0
-7,1,15,1,203,0
-3,7,24,1,203,0
8,5,31,1,203,0
7,4,43,1,203,0
7,-1,44,1,203,0
0,7,46,1,203,0
1,8,54,1,203,0
4,-2,68,1,203,0
4,1,72,1,203,0
2,-6,89,1,203,0
6,3,104,1,203,0
5,2,111,1,203,0
1,-3,133,1,203,0
3,0,167,1,203,0
-2,6,201,1,203,0
-5,0,4,1,204,0
-1,6,17,1,204,0
-6,1,21,1,204,0
8,6,27,1,204,0
7,5,35,1,204,0
7,-2,39,1,204,0
4,-3,203,1,204,0
5,3,105,1,204,0
5,-6,108,1,204,0
4,2,118,1,204,0
3,1,125,1,204,0
2,0,165,1,204,0
-3,-1,173,1,204,0
-1,-5,189,1,204,0
1,-4,194,1,204,0
0,-1,196,1,204,0
-2,7,203,1,204,0
-4,0,9,1,204,0
-5,1,24,1,204,0
7,6,26,1,204,0
-2,8,31,1,204,0
5,4,35,1,204,0
-1,7,39,1,204,0
7,-3,43,1,204,0
4,3,44,1,204,0
8,-6,45,1,204,0
3,-1,151,1,204,0
8,7,98,1,204,0
5,-7,103,1,204,0
3,2,119,1,204,0
6,5,125,1,204,0
2,1,132,1,204,0
1,0,159,1,204,0
-3,-2,163,1,204,0
0,-2,179,1,204,0
-6,-1,192,1,204,0
-1,-6,192,1,204,0
1,-5,201,1,204,0
8,8,12,1,204,0
7,-4,34,1,204,0
-1,8,35,1,204,0
6,-1,169,1,204,0
7,7,106,1,204,0
4,-5,118,1,204,0
6,6,124,1,204,0
5,5,133,1,204,0
4,4,142,1,204,0
3,-2,146,1,204,0
3,3,151,1,204,0
2,2,159,1,204,0
-5,2,159,1,204,0
-3,0,168,1,204,0
-3,-3,169,1,204,0
1,1,169,1,204,0
0,-3,186,1,204,0
0,0,195,1,204,0
1,-6,203,1,204,0
7,8,13,1,204,0
7,-5,41,1,204,0
5,6,107,1,204,0
6,7,109,1,204,0
4,-6,111,1,204,0
4,5,118,1,204,0
3,4,128,1,204,0
3,-3,129,1,204,0
2,3,136,1,204,0
-3,1,149,1,204,0
-2,-1,155,1,204,0
-4,2,158,1,204,0
0,1,165,1,204,0
-2,0,166,1,204,0
1,2,169,1,204,0
6,-2,175,1,204,0
-5,3,175,1,204,0
-3,-4,175,1,204,0
0,-4,193,1,204,0
7,9,5,1,204,0
8,0,28,1,204,0
-4,3,37,1,204,0
6,-3,182,1,204,0
7,-6,49,1,204,0
2,-1,141,1,204,0
6,8,89,1,204,0
5,7,105,1,204,0
2,4,107,1,204,0
4,6,113,1,204,0
1,3,114,1,204,0
3,5,119,1,204,0
3,-4,127,1,204,0
-2,1,143,1,204,0
0,2,172,1,204,0
-1,0,179,1,204,0
-5,4,179,1,204,0
-5,-1,186,1,204,0
-3,3,45,1,204,0
5,-1,166,1,204,0
8,1,61,1,204,0
7,0,71,1,204,0
4,7,75,1,204,0
3,6,77,1,204,0
7,-7,89,1,204,0
5,8,96,1,204,0
3,-5,119,1,204,0
2,-2,144,1,204,0
0,3,179,1,204,0
-4,4,182,1,204,0
6,-4,189,1,204,0
1,4,185,1,204,0
-1,1,187,1,204,0
-2,2,193,1,204,0
0,-6,199,1,204,0
-8,-1,203,1,204,0
9,3,1,1,204,0
8,-1,36,1,204,0
2,6,36,1,204,0
8,2,58,1,204,0
7,1,66,1,204,0
3,7,69,1,204,0
4,8,71,1,204,0
6,0,79,1,204,0
7,-8,87,1,204,0
3,-6,112,1,204,0
2,-3,135,1,204,0
-1,-1,147,1,204,0
-2,-4,177,1,204,0
-4,5,189,1,204,0
1,5,191,1,204,0
-1,2,194,1,204,0
-2,3,199,1,204,0
0,4,203,1,204,0
-9,1,3,1,204,0
-5,7,4,1,204,0
8,-2,34,1,204,0
8,3,47,1,204,0
7,2,53,1,204,0
5,-3,197,1,204,0
2,7,59,1,204,0
3,8,66,1,204,0
6,1,89,1,204,0
-1,-2,101,1,204,0
3,-7,106,1,204,0
2,-4,126,1,204,0
-4,-1,179,1,204,0
-2,-5,184,1,204,0
-3,5,191,1,204,0
1,6,198,1,204,0
-1,3,201,1,204,0
-2,4,203,1,204,0
1,-1,203,1,204,0
-8,1,9,1,204,0
8,4,11,1,204,0
-4,7,16,1,204,0
0,6,23,1,204,0
8,-3,23,1,204,0
7,3,51,1,204,0
2,8,62,1,204,0
4,0,66,1,204,0
4,-1,158,1,204,0
5,1,85,1,204,0
6,2,96,1,204,0
6,-7,98,1,204,0
2,-5,119,1,204,0
1,-2,143,1,204,0
5,-4,191,1,204,0
-3,6,199,1,204,0
-7,-1,199,1,204,0
1,7,203,1,204,0
-4,8,14,1,204,0
-7,1,15,1,204,0
-3,7,24,1,204,0
8,5,31,1,204,0
7,4,43,1,204,0
7,-1,44,1,204,0
0,7,46,1,204,0
1,8,54,1,204,0
4,-2,204,1,204,0
4,1,72,1,204,0
2,-6,89,1,204,0
6,3,104,1,204,0
5,2,111,1,204,0
1,-3,133,1,204,0
3,0,167,1,204,0
-2,6,201,1,204,0
-5,0,4,1,205,0
-1,6,17,1,205,0
-6,1,21,1,205,0
8,6,27,1,205,0
7,5,35,1,205,0
7,-2,39,1,205,0
4,-3,203,1,205,0
5,3,105,1,205,0
5,-6,108,1,205,0
4,2,118,1,205,0
3,1,125,1,205,0
2,0,165,1,205,0
-3,-1,173,1,205,0
-1,-5,189,1,205,0
1,-4,194,1,205,0
0,-1,196,1,205,0
-2,7,204,1,205,0
-4,0,9,1,205,0
-5,1,24,1,205,0
7,6,26,1,205,0
-2,8,31,1,205,0
5,4,35,1,205,0
-1,7,39,1,205,0
7,-3,43,1,205,0
4,3,44,1,205,0
8,-6,45,1,205,0
3,-1,151,1,205,0
8,7,98,1,205,0
5,-7,103,1,205,0
3,2,119,1,205,0
6,5,125,1,205,0
2,1,132,1,205,0
1,0,159,1,205,0
-3,-2,163,1,205,0
0,-2,179,1,205,0
-6,-1,192,1,205,0
-1,-6,192,1,205,0
1,-5,201,1,205,0
8,8,12,1,205,0
7,-4,34,1,205,0
-1,8,35,1,205,0
6,-1,169,1,205,0
7,7,106,1,205,0
4,-5,118,1,205,0
6,6,124,1,205,0
5,5,133,1,205,0
4,4,142,1,205,0
3,-2,146,1,205,0
3,3,151,1,205,0
2,2,159,1,205,0
-5,2,159,1,205,0
-3,0,168,1,205,0
-3,-3,169,1,205,0
1,1,169,1,205,0
0,-3,186,1,205,0
0,0,195,1,205,0
1,-6,204,1,205,0
7,8,13,1,205,0
7,-5,41,1,205,0
5,6,107,1,205,0
6,7,109,1,205,0
4,-6,111,1,205,0
4,5,118,1,205,0
3,4,128,1,205,0
3,-3,129,1,205,0
2,3,136,1,205,0
-3,1,149,1,205,0
-2,-1,155,1,205,0
-4,2,158,1,205,0
0,1,165,1,205,0
-2,0,166,1,205,0
1,2,169,1,205,0
6,-2,175,1,205,0
-5,3,175,1,205,0
-3,-4,175,1,205,0
0,-4,193,1,205,0
7,9,5,1,205,0
8,0,28,1,205,0
-4,3,37,1,205,0
6,-3,182,1,205,0
7,-6,49,1,205,0
2,-1,141,1,205,0
6,8,89,1,205,0
5,7,105,1,205,0
2,4,107,1,205,0
4,6,113,1,205,0
1,3,114,1,205,0
3,5,119,1,205,0
3,-4,127,1,205,0
-2,1,143,1,205,0
0,2,172,1,205,0
-1,0,179,1,205,0
-5,4,179,1,205,0
-5,-1,186,1,205,0
-3,3,45,1,205,0
5,-1,166,1,205,0
8,1,61,1,205,0
7,0,71,1,205,0
4,7,75,1,205,0
3,6,77,1,205,0
7,-7,89,1,205,0
5,8,96,1,205,0
3,-5,119,1,205,0
2,-2,144,1,205,0
0,3,179,1,205,0
-4,4,182,1,205,0
6,-4,189,1,205,0
1,4,185,1,205,0
-1,1,187,1,205,0
-2,2,193,1,205,0
0,-6,199,1,205,0
-8,-1,204,1,205,0
9,3,1,1,205,0
8,-1,36,1,205,0
2,6,36,1,205,0
8,2,58,1,205,0
7,1,66,1,205,0
3,7,69,1,205,0
4,8,71,1,205,0
6,0,79,1,205,0
7,-8,87,1,205,0
3,-6,112,1,205,0
2,-3,135,1,205,0
-1,-1,147,1,205,0
-2,-4,177,1,205,0
-4,5,189,1,205,0
1,5,191,1,205,0
-1,2,194,1,205,0
-2,3,199,1,205,0
0,4,204,1,205,0
-9,1,3,1,205,0
-5,7,4,1,205,0
8,-2,34,1,205,0
8,3,47,1,205,0
7,2,53,1,205,0
5,-3,197,1,205,0
2,7,59,1,205,0
3,8,66,1,205,0
6,1,89,1,205,0
-1,-2,101,1,205,0
3,-7,106,1,205,0
2,-4,126,1,205,0
-4,-1,179,1,205,0
-2,-5,184,1,205,0
-3,5,191,1,205,0
1,6,198,1,205,0
-1,3,201,1,205,0
-2,4,204,1,205,0
1,-1,204,1,205,0
-8,1,9,1,205,0
8,4,11,1,205,0
-4,7,16,1,205,0
0,6,23,1,205,0
8,-3,23,1,205,0
7,3,51,1,205,0
2,8,62,1,205,0
4,0,66,1,205,0
4,-1,158,1,205,0
5,1,85,1,205,0
6,2,96,1,205,0
6,-7,98,1,205,0
2,-5,119,1,205,0
1,-2,143,1,205,0
5,-4,191,1,205,0
-3,6,199,1,205,0
-7,-1,199,1,205,0
1,7,204,1,205,0
-4,8,14,1,205,0
-7,1,15,1,205,0
-3,7,24,1,205,0
8,5,31,1,205,0
7,4,43,1,205,0
7,-1,44,1,205,0
0,7,46,1,205,0
1,8,54,1,205,0
4,-2,205,1,205,0
4,1,72,1,205,0
2,-6,89,1,205,0
6,3,104,1,205,0
5,2,111,1,205,0
1,-3,133,1,205,0
3,0,167,1,205,0
-2,6,201,1,205,0
-5,0,4,1,206,0
-1,6,17,1,206,0
-6,1,21,1,206,0
8,6,27,1,206,0
7,5,35,1,206,0
7,-2,39,1,206,0
4,-3,203,1,206,0
5,3,105,1,206,0
5,-6,108,1,206,0
4,2,118,1,206,0
3,1,125,1,206,0
2,0,165,1,206,0
-3,-1,173,1,206,0
-1,-5,189,1,206,0
1,-4,194,1,206,0
0,-1,196,1,206,0
-2,7,205,1,206,0
-4,0,9,1,206,0
-5,1,24,1,206,0
7,6,26,1,206,0
-2,8,31,1,206,0
5,4,35,1,206,0
-1,7,39,1,206,0
7,-3,43,1,206,0
4,3,44,1,206,0
8,-6,45,1,206,0
3,-1,151,1,206,0
8,7,98,1,206,0
5,-7,103,1,206,0
3,2,119,1,206,0
6,5,125,1,206,0
2,1,132,1,206,0
1,0,159,1,206,0
-3,-2,163,1,206,0
0,-2,179,1,206,0
-6,-1,192,1,206,0
-1,-6,192,1,206,0
1,-5,201,1,206,0
8,8,12,1,206,0
7,-4,34,1,206,0
-1,8,35,1,206,0
6,-1,169,1,206,0
7,7,106,1,206,0
4,-5,118,1,206,0
6,6,124,1,206,0
5,5,133,1,206,0
4,4,142,1,206,0
3,-2,206,1,206,0
3,3,151,1,206,0
2,2,159,1,206,0
-5,2,159,1,206,0
-3,0,168,1,206,0
-3,-3,169,1,206,0
1,1,169,1,206,0
0,-3,186,1,206,0
0,0,195,1,206,0
1,-6,205,1,206,0
7,8,13,1,206,0
7,-5,41,1,206,0
5,6,107,1,206,0
6,7,109,1,206,0
4,-6,111,1,206,0
4,5,118,1,206,0
3,4,128,1,206,0
3,-3,129,1,206,0
2,3,136,1,206,0
-3,1,149,1,206,0
-2,-1,155,1,206,0
-4,2,158,1,206,0
0,1,165,1,206,0
-2,0,166,1,206,0
1,2,169,1,206,0
6,-2,175,1,206,0
-5,3,175,1,206,0
-3,-4,175,1,206,0
0,-4,193,1,206,0
1,-7,204,1,206,0
7,9,5,1,206,0
8,0,28,1,206,0
-4,3,37,1,206,0
6,-3,182,1,206,0
7,-6,49,1,206,0
2,-1,141,1,206,0
6,8,89,1,206,0
5,7,105,1,206,0
2,4,107,1,206,0
4,6,113,1,206,0
1,3,114,1,206,0
3,5,119,1,206,0
3,-4,127,1,206,0
-2,1,143,1,206,0
0,2,172,1,206,0
-1,0,179,1,206,0
-5,4,179,1,206,0
-5,-1,186,1,206,0
-3,3,45,1,206,0
5,-1,166,1,206,0
8,1,61,1,206,0
7,0,71,1,206,0
4,7,75,1,206,0
3,6,77,1,206,0
7,-7,89,1,206,0
5,8,96,1,206,0
3,-5,119,1,206,0
2,-2,144,1,206,0
0,3,179,1,206,0
-4,4,182,1,206,0
6,-4,189,1,206,0
1,4,185,1,206,0
-1,1,187,1,206,0
-2,2,193,1,206,0
0,-6,199,1,206,0
-8,-1,205,1,206,0
9,3,1,1,206,0
8,-1,36,1,206,0
2,6,36,1,206,0
8,2,58,1,206,0
7,1,66,1,206,0
3,7,69,1,206,0
4,8,71,1,206,0
6,0,79,1,206,0
7,-8,87,1,206,0
3,-6,112,1,206,0
2,-3,135,1,206,0
-1,-1,147,1,206,0
-2,-4,177,1,206,0
-4,5,189,1,206,0
1,5,191,1,206,0
-1,2,194,1,206,0
-2,3,199,1,206,0
0,4,205,1,206,0
-9,1,3,1,206,0
-5,7,4,1,206,0
8,-2,34,1,206,0
8,3,47,1,206,0
7,2,53,1,206,0
5,-3,197,1,206,0
2,7,59,1,206,0
3,8,66,1,206,0
6,1,89,1,206,0
-1,-2,101,1,206,0
3,-7,106,1,206,0
2,-4,126,1,206,0
-4,-1,179,1,206,0
-2,-5,184,1,206,0
-3,5,191,1,206,0
1,6,198,1,206,0
-1,3,201,1,206,0
-2,4,205,1,206,0
1,-1,205,1,206,0
-8,1,9,1,206,0
8,4,11,1,206,0
-4,7,16,1,206,0
0,6,23,1,206,0
8,-3,23,1,206,0
7,3,51,1,206,0
2,8,62,1,206,0
4,0,66,1,206,0
4,-1,158,1,206,0
5,1,85,1,206,0
6,2,96,1,206,0
6,-7,98,1,206,0
2,-5,119,1,206,0
1,-2,143,1,206,0
5,-4,191,1,206,0
-3,6,199,1,206,0
-7,-1,199,1,206,0
1,7,204,1,206,0
-4,8,14,1,206,0
-7,1,15,1,206,0
-3,7,24,1,206,0
8,5,31,1,206,0
7,4,43,1,206,0
7,-1,44,1,206,0
0,7,46,1,206,0
4,-2,205,1,206,0
4,1,72,1,206,0
2,-6,89,1,206,0
6,3,104,1,206,0
5,2,111,1,206,0
1,-3,133,1,206,0
3,0,167,1,206,0
-2,6,201,1,206,0
1,8,205,1,206,0
-5,0,4,1,207,0
-1,6,17,1,207,0
-6,1,21,1,207,0
8,6,27,1,207,0
7,5,35,1,207,0
7,-2,39,1,207,0
4,-3,203,1,207,0
5,3,105,1,207,0
5,-6,108,1,207,0
4,2,118,1,207,0
3,1,125,1,207,0
2,0,165,1,207,0
-3,-1,173,1,207,0
-1,-5,189,1,207,0
1,-4,194,1,207,0
0,-1,196,1,207,0
-2,7,206,1,207,0
-4,0,9,1,207,0
-5,1,24,1,207,0
7,6,26,1,207,0
-2,8,31,1,207,0
5,4,35,1,207,0
-1,7,39,1,207,0
7,-3,43,1,207,0
4,3,44,1,207,0
8,-6,45,1,207,0
3,-1,151,1,207,0
8,7,98,1,207,0
5,-7,103,1,207,0
3,2,119,1,207,0
6,5,125,1,207,0
2,1,132,1,207,0
1,0,159,1,207,0
-3,-2,163,1,207,0
0,-2,179,1,207,0
-6,-1,192,1,207,0
-1,-6,192,1,207,0
1,-5,201,1,207,0
8,8,12,1,207,0
7,-4,34,1,207,0
-1,8,35,1,207,0
6,-1,169,1,207,0
7,7,106,1,207,0
4,-5,118,1,207,0
6,6,124,1,207,0
5,5,133,1,207,0
4,4,142,1,207,0
3,-2,207,1,207,0
3,3,151,1,207,0
2,2,159,1,207,0
-5,2,159,1,207,0
-3,0,168,1,207,0
-3,-3,169,1,207,0
1,1,169,1,207,0
0,-3,186,1,207,0
0,0,195,1,207,0
1,-6,206,1,207,0
7,8,13,1,207,0
7,-5,41,1,207,0
5,6,107,1,207,0
6,7,109,1,207,0
4,-6,111,1,207,0
4,5,118,1,207,0
3,4,128,1,207,0
3,-3,129,1,207,0
2,3,136,1,207,0
-3,1,149,1,207,0
-2,-1,155,1,207,0
-4,2,158,1,207,0
0,1,165,1,207,0
-2,0,166,1,207,0
1,2,169,1,207,0
6,-2,175,1,207,0
-5,3,175,1,207,0
-3,-4,175,1,207,0
0,-4,193,1,207,0
1,-7,206,1,207,0
7,9,5,1,207,0
8,0,28,1,207,0
-4,3,37,1,207,0
6,-3,182,1,207,0
7,-6,49,1,207,0
6,8,89,1,207,0
5,7,105,1,207,0
2,4,107,1,207,0
4,6,113,1,207,0
1,3,114,1,207,0
3,5,119,1,207,0
3,-4,127,1,207,0
-2,1,143,1,207,0
0,2,172,1,207,0
-1,0,179,1,207,0
-5,4,179,1,207,0
-5,-1,186,1,207,0
2,-1,206,1,207,0
-3,3,45,1,207,0
5,-1,166,1,207,0
8,1,61,1,207,0
7,0,71,1,207,0
4,7,75,1,207,0
3,6,77,1,207,0
7,-7,89,1,207,0
5,8,96,1,207,0
3,-5,119,1,207,0
2,-2,144,1,207,0
0,3,179,1,207,0
-4,4,182,1,207,0
6,-4,189,1,207,0
1,4,185,1,207,0
-1,1,187,1,207,0
-2,2,193,1,207,0
0,-6,199,1,207,0
-8,-1,205,1,207,0
9,3,1,1,207,0
8,-1,36,1,207,0
2,6,36,1,207,0
8,2,58,1,207,0
7,1,66,1,207,0
3,7,69,1,207,0
4,8,71,1,207,0
6,0,79,1,207,0
7,-8,87,1,207,0
3,-6,112,1,207,0
2,-3,135,1,207,0
-1,-1,147,1,207,0
-2,-4,177,1,207,0
-4,5,189,1,207,0
1,5,191,1,207,0
-1,2,194,1,207,0
-2,3,199,1,207,0
0,4,206,1,207,0
-9,1,3,1,207,0
-5,7,4,1,207,0
8,-2,34,1,207,0
8,3,47,1,207,0
7,2,53,1,207,0
5,-3,197,1,207,0
2,7,59,1,207,0
3,8,66,1,207,0
6,1,89,1,207,0
-1,-2,101,1,207,0
3,-7,106,1,207,0
2,-4,126,1,207,0
-4,-1,179,1,207,0
-2,-5,184,1,207,0
-3,5,191,1,207,0
1,6,198,1,207,0
-1,3,201,1,207,0
1,-1,205,1,207,0
-2,4,206,1,207,0
-8,1,9,1,207,0
8,4,11,1,207,0
-4,7,16,1,207,0
0,6,23,1,207,0
8,-3,23,1,207,0
7,3,51,1,207,0
2,8,62,1,207,0
4,0,66,1,207,0
4,-1,158,1,207,0
5,1,85,1,207,0
6,2,96,1,207,0
6,-7,98,1,207,0
2,-5,119,1,207,0
1,-2,143,1,207,0
5,-4,191,1,207,0
-3,6,199,1,207,0
1,7,204,1,207,0
-7,-1,206,1,207,0
-4,8,14,1,207,0
-7,1,15,1,207,0
-3,7,24,1,207,0
8,5,31,1,207,0
7,4,43,1,207,0
7,-1,44,1,207,0
0,7,46,1,207,0
4,-2,205,1,207,0
4,1,72,1,207,0
2,-6,89,1,207,0
6,3,104,1,207,0
5,2,111,1,207,0
1,-3,133,1,207,0
3,0,167,1,207,0
-2,6,201,1,207,0
1,8,206,1,207,0
-5,0,4,1,208,0
-1,6,17,1,208,0
-6,1,21,1,208,0
8,6,27,1,208,0
7,5,35,1,208,0
7,-2,39,1,208,0
4,-3,203,1,208,0
5,3,105,1,208,0
5,-6,108,1,208,0
4,2,118,1,208,0
3,1,125,1,208,0
2,0,165,1,208,0
-3,-1,173,1,208,0
-1,-5,189,1,208,0
1,-4,194,1,208,0
0,-1,196,1,208,0
-2,7,207,1,208,0
-4,0,9,1,208,0
-5,1,24,1,208,0
7,6,26,1,208,0
-2,8,31,1,208,0
5,4,35,1,208,0
-1,7,39,1,208,0
7,-3,43,1,208,0
4,3,44,1,208,0
8,-6,45,1,208,0
3,-1,151,1,208,0
8,7,98,1,208,0
5,-7,103,1,208,0
3,2,119,1,208,0
6,5,125,1,208,0
2,1,132,1,208,0
1,0,159,1,208,0
-3,-2,163,1,208,0
0,-2,179,1,208,0
-6,-1,192,1,208,0
-1,-6,192,1,208,0
1,-5,201,1,208,0
8,8,12,1,208,0
7,-4,34,1,208,0
-1,8,35,1,208,0
6,-1,169,1,208,0
7,7,106,1,208,0
4,-5,118,1,208,0
6,6,124,1,208,0
5,5,133,1,208,0
4,4,142,1,208,0
3,-2,208,1,208,0
3,3,151,1,208,0
2,2,159,1,208,0
-5,2,159,1,208,0
-3,0,168,1,208,0
-3,-3,169,1,208,0
1,1,169,1,208,0
0,-3,186,1,208,0
0,0,195,1,208,0
1,-6,206,1,208,0
7,8,13,1,208,0
7,-5,41,1,208,0
5,6,107,1,208,0
6,7,109,1,208,0
4,-6,111,1,208,0
4,5,118,1,208,0
3,4,128,1,208,0
3,-3,129,1,208,0
2,3,136,1,208,0
-3,1,149,1,208,0
-2,-1,155,1,208,0
-4,2,158,1,208,0
0,1,165,1,208,0
-2,0,166,1,208,0
1,2,169,1,208,0
6,-2,175,1,208,0
-5,3,175,1,208,0
-3,-4,175,1,208,0
0,-4,193,1,208,0
1,-7,207,1,208,0
7,9,5,1,208,0
8,0,28,1,208,0
-4,3,37,1,208,0
6,-3,182,1,208,0
7,-6,49,1,208,0
6,8,89,1,208,0
5,7,105,1,208,0
2,4,107,1,208,0
4,6,113,1,208,0
1,3,114,1,208,0
3,5,119,1,208,0
3,-4,127,1,208,0
-2,1,143,1,208,0
0,2,172,1,208,0
-1,0,179,1,208,0
-5,4,179,1,208,0
-5,-1,186,1,208,0
2,-1,207,1,208,0
-3,3,45,1,208,0
5,-1,166,1,208,0
8,1,61,1,208,0
7,0,71,1,208,0
4,7,75,1,208,0
3,6,77,1,208,0
7,-7,89,1,208,0
5,8,96,1,208,0
3,-5,119,1,208,0
2,-2,144,1,208,0
0,3,179,1,208,0
-4,4,182,1,208,0
6,-4,189,1,208,0
1,4,185,1,208,0
-1,1,187,1,208,0
-2,2,193,1,208,0
0,-6,199,1,208,0
-8,-1,205,1,208,0
9,3,1,1,208,0
8,-1,36,1,208,0
2,6,36,1,208,0
8,2,58,1,208,0
7,1,66,1,208,0
3,7,69,1,208,0
4,8,71,1,208,0
6,0,79,1,208,0
7,-8,87,1,208,0
3,-6,112,1,208,0
2,-3,135,1,208,0
-1,-1,147,1,208,0
-2,-4,177,1,208,0
-4,5,189,1,208,0
1,5,191,1,208,0
-1,2,194,1,208,0
-2,3,199,1,208,0
0,4,207,1,208,0
-9,1,3,1,208,0
-5,7,4,1,208,0
8,-2,34,1,208,0
8,3,47,1,208,0
7,2,53,1,208,0
5,-3,197,1,208,0
2,7,59,1,208,0
3,8,66,1,208,0
6,1,89,1,208,0
-1,-2,101,1,208,0
3,-7,106,1,208,0
2,-4,126,1,208,0
-4,-1,179,1,208,0
-2,-5,184,1,208,0
-3,5,191,1,208,0
1,6,198,1,208,0
-1,3,201,1,208,0
1,-1,205,1,208,0
-2,4,207,1,208,0
-8,1,9,1,208,0
8,4,11,1,208,0
-4,7,16,1,208,0
0,6,23,1,208,0
8,-3,23,1,208,0
7,3,51,1,208,0
2,8,62,1,208,0
4,0,66,1,208,0
4,-1,158,1,208,0
5,1,85,1,208,0
6,2,96,1,208,0
6,-7,98,1,208,0
2,-5,119,1,208,0
1,-2,143,1,208,0
5,-4,191,1,208,0
-3,6,199,1,208,0
1,7,204,1,208,0
-7,-1,207,1,208,0
-4,8,14,1,208,0
-7,1,15,1,208,0
-3,7,24,1,208,0
8,5,31,1,208,0
7,4,43,1,208,0
7,-1,44,1,208,0
0,7,46,1,208,0
4,-2,205,1,208,0
4,1,72,1,208,0
6,3,104,1,208,0
5,2,111,1,208,0
1,-3,133,1,208,0
3,0,167,1,208,0
-2,6,201,1,208,0
1,8,207,1,208,0
2,-6,207,1,208,0
-5,0,4,1,209,0
-1,6,17,1,209,0
-6,1,21,1,209,0
8,6,27,1,209,0
7,5,35,1,209,0
7,-2,39,1,209,0
4,-3,203,1,209,0
5,3,105,1,209,0
5,-6,108,1,209,0
4,2,118,1,209,0
3,1,125,1,209,0
2,0,165,1,209,0
-3,-1,173,1,209,0
-1,-5,189,1,209,0
1,-4,194,1,209,0
0,-1,196,1,209,0
-2,7,208,1,209,0
-4,0,9,1,209,0
-5,1,24,1,209,0
7,6,26,1,209,0
-2,8,31,1,209,0
5,4,35,1,209,0
-1,7,39,1,209,0
7,-3,43,1,209,0
4,3,44,1,209,0
8,-6,45,1,209,0
3,-1,151,1,209,0
8,7,98,1,209,0
5,-7,103,1,209,0
3,2,119,1,209,0
6,5,125,1,209,0
2,1,132,1,209,0
1,0,159,1,209,0
-3,-2,163,1,209,0
0,-2,179,1,209,0
-6,-1,192,1,209,0
-1,-6,192,1,209,0
1,-5,201,1,209,0
8,8,12,1,209,0
7,-4,34,1,209,0
-1,8,35,1,209,0
6,-1,169,1,209,0
7,7,106,1,209,0
4,-5,118,1,209,0
6,6,124,1,209,0
5,5,133,1,209,0
4,4,142,1,209,0
3,-2,209,1,209,0
3,3,151,1,209,0
2,2,159,1,209,0
-5,2,159,1,209,0
-3,0,168,1,209,0
-3,-3,169,1,209,0
1,1,169,1,209,0
0,-3,186,1,209,0
0,0,195,1,209,0
1,-6,206,1,209,0
7,8,13,1,209,0
7,-5,41,1,209,0
5,6,107,1,209,0
6,7,109,1,209,0
4,-6,111,1,209,0
4,5,118,1,209,0
3,4,128,1,209,0
3,-3,129,1,209,0
2,3,136,1,209,0
-3,1,149,1,209,0
-2,-1,155,1,209,0
-4,2,158,1,209,0
0,1,165,1,209,0
-2,0,166,1,209,0
1,2,169,1,209,0
6,-2,175,1,209,0
-5,3,175,1,209,0
-3,-4,175,1,209,0
0,-4,193,1,209,0
1,-7,208,1,209,0
7,9,5,1,209,0
8,0,28,1,209,0
-4,3,37,1,209,0
6,-3,182,1,209,0
7,-6,49,1,209,0
6,8,89,1,209,0
5,7,105,1,209,0
2,4,107,1,209,0
4,6,113,1,209,0
1,3,114,1,209,0
3,5,119,1,209,0
3,-4,127,1,209,0
-2,1,143,1,209,0
0,2,172,1,209,0
-1,0,179,1,209,0
-5,4,179,1,209,0
-5,-1,186,1,209,0
2,-1,208,1,209,0
-3,3,45,1,209,0
5,-1,166,1,209,0
8,1,61,1,209,0
7,0,71,1,209,0
4,7,75,1,209,0
3,6,77,1,209,0
7,-7,89,1,209,0
5,8,96,1,209,0
3,-5,119,1,209,0
2,-2,144,1,209,0
0,3,179,1,209,0
-4,4,182,1,209,0
6,-4,189,1,209,0
1,4,185,1,209,0
-1,1,187,1,209,0
-2,2,193,1,209,0
0,-6,199,1,209,0
-8,-1,205,1,209,0
9,3,1,1,209,0
8,-1,36,1,209,0
2,6,36,1,209,0
8,2,58,1,209,0
7,1,66,1,209,0
3,7,69,1,209,0
4,8,71,1,209,0
6,0,79,1,209,0
7,-8,87,1,209,0
3,-6,112,1,209,0
2,-3,135,1,209,0
-1,-1,147,1,209,0
-2,-4,177,1,209,0
-4,5,189,1,209,0
1,5,191,1,209,0
-1,2,194,1,209,0
-2,3,199,1,209,0
0,4,207,1,209,0
-9,1,3,1,209,0
-5,7,4,1,209,0
8,-2,34,1,209,0
8,3,47,1,209,0
7,2,53,1,209,0
5,-3,197,1,209,0
2,7,59,1,209,0
3,8,66,1,209,0
6,1,89,1,209,0
-1,-2,101,1,209,0
3,-7,106,1,209,0
2,-4,126,1,209,0
-4,-1,179,1,209,0
-2,-5,184,1,209,0
-3,5,191,1,209,0
1,6,198,1,209,0
-1,3,201,1,209,0
1,-1,205,1,209,0
-2,4,207,1,209,0
-8,1,9,1,209,0
8,4,11,1,209,0
-4,7,16,1,209,0
0,6,23,1,209,0
8,-3,23,1,209,0
7,3,51,1,209,0
2,8,62,1,209,0
4,0,66,1,209,0
4,-1,158,1,209,0
5,1,85,1,209,0
6,2,96,1,209,0
6,-7,98,1,209,0
2,-5,119,1,209,0
1,-2,143,1,209,0
5,-4,191,1,209,0
-3,6,199,1,209,0
-7,-1,208,1,209,0
-1,4,208,1,209,0
1,7,208,1,209,0
-4,8,14,1,209,0
-7,1,15,1,209,0
-3,7,24,1,209,0
8,5,31,1,209,0
7,4,43,1,209,0
7,-1,44,1,209,0
0,7,46,1,209,0
4,-2,205,1,209,0
4,1,72,1,209,0
6,3,104,1,209,0
5,2,111,1,209,0
1,-3,133,1,209,0
3,0,167,1,209,0
-2,6,201,1,209,0
1,8,207,1,209,0
-1,5,208,1,209,0
2,-6,208,1,209,0
-5,0,4,1,210,0
-1,6,17,1,210,0
-6,1,21,1,210,0
8,6,27,1,210,0
7,5,35,1,210,0
7,-2,39,1,210,0
4,-3,203,1,210,0
5,3,105,1,210,0
5,-6,108,1,210,0
4,2,118,1,210,0
3,1,125,1,210,0
2,0,165,1,210,0
-3,-1,173,1,210,0
-1,-5,189,1,210,0
1,-4,194,1,210,0
0,-1,196,1,210,0
-2,7,208,1,210,0
-4,0,9,1,210,0
-5,1,24,1,210,0
7,6,26,1,210,0
-2,8,31,1,210,0
5,4,35,1,210,0
7,-3,43,1,210,0
4,3,44,1,210,0
8,-6,45,1,210,0
3,-1,151,1,210,0
8,7,98,1,210,0
5,-7,103,1,210,0
3,2,119,1,210,0
6,5,125,1,210,0
2,1,132,1,210,0
1,0,159,1,210,0
-3,-2,163,1,210,0
0,-2,179,1,210,0
-6,-1,192,1,210,0
-1,-6,192,1,210,0
1,-5,201,1,210,0
-1,7,209,1,210,0
8,8,12,1,210,0
7,-4,34,1,210,0
-1,8,35,1,210,0
6,-1,169,1,210,0
7,7,106,1,210,0
4,-5,118,1,210,0
6,6,124,1,210,0
5,5,133,1,210,0
4,4,142,1,210,0
3,-2,209,1,210,0
3,3,151,1,210,0
2,2,159,1,210,0
-5,2,159,1,210,0
-3,0,168,1,210,0
-3,-3,169,1,210,0
1,1,169,1,210,0
0,-3,186,1,210,0
0,0,195,1,210,0
1,-6,206,1,210,0
7,8,13,1,210,0
7,-5,41,1,210,0
5,6,107,1,210,0
6,7,109,1,210,0
4,-6,111,1,210,0
4,5,118,1,210,0
3,4,128,1,210,0
3,-3,129,1,210,0
2,3,136,1,210,0
-3,1,149,1,210,0
-2,-1,155,1,210,0
-4,2,158,1,210,0
0,1,165,1,210,0
-2,0,166,1,210,0
1,2,169,1,210,0
6,-2,175,1,210,0
-5,3,175,1,210,0
-3,-4,175,1,210,0
0,-4,193,1,210,0
1,-7,209,1,210,0
7,9,5,1,210,0
8,0,28,1,210,0
-4,3,37,1,210,0
6,-3,182,1,210,0
7,-6,49,1,210,0
6,8,89,1,210,0
5,7,105,1,210,0
2,4,107,1,210,0
4,6,113,1,210,0
1,3,114,1,210,0
3,5,119,1,210,0
3,-4,127,1,210,0
-2,1,143,1,210,0
0,2,172,1,210,0
-1,0,179,1,210,0
-5,4,179,1,210,0
-5,-1,186,1,210,0
2,-1,208,1,210,0
-3,3,45,1,210,0
5,-1,166,1,210,0
8,1,61,1,210,0
7,0,71,1,210,0
4,7,75,1,210,0
3,6,77,1,210,0
7,-7,89,1,210,0
5,8,96,1,210,0
3,-5,119,1,210,0
0,3,179,1,210,0
-4,4,182,1,210,0
6,-4,189,1,210,0
1,4,185,1,210,0
-1,1,187,1,210,0
-2,2,193,1,210,0
0,-6,199,1,210,0
-8,-1,205,1,210,0
2,-2,209,1,210,0
9,3,1,1,210,0
8,-1,36,1,210,0
2,6,36,1,210,0
8,2,58,1,210,0
7,1,66,1,210,0
3,7,69,1,210,0
4,8,71,1,210,0
6,0,79,1,210,0
7,-8,87,1,210,0
3,-6,112,1,210,0
2,-3,135,1,210,0
-1,-1,147,1,210,0
-2,-4,177,1,210,0
-4,5,189,1,210,0
1,5,191,1,210,0
-1,2,194,1,210,0
-2,3,199,1,210,0
0,4,207,1,210,0
-9,1,3,1,210,0
-5,7,4,1,210,0
8,-2,34,1,210,0
8,3,47,1,210,0
7,2,53,1,210,0
5,-3,197,1,210,0
2,7,59,1,210,0
3,8,66,1,210,0
6,1,89,1,210,0
-1,-2,101,1,210,0
3,-7,106,1,210,0
2,-4,126,1,210,0
-4,-1,179,1,210,0
-2,-5,184,1,210,0
-3,5,191,1,210,0
1,6,198,1,210,0
-1,3,201,1,210,0
1,-1,205,1,210,0
-2,4,207,1,210,0
-8,1,9,1,210,0
8,4,11,1,210,0
-4,7,16,1,210,0
0,6,23,1,210,0
8,-3,23,1,210,0
7,3,51,1,210,0
2,8,62,1,210,0
4,0,66,1,210,0
4,-1,158,1,210,0
5,1,85,1,210,0
6,2,96,1,210,0
6,-7,98,1,210,0
2,-5,119,1,210,0
1,-2,143,1,210,0
5,-4,191,1,210,0
-3,6,199,1,210,0
-1,4,208,1,210,0
-7,-1,209,1,210,0
1,7,209,1,210,0
-4,8,14,1,210,0
-7,1,15,1,210,0
-3,7,24,1,210,0
8,5,31,1,210,0
7,4,43,1,210,0
7,-1,44,1,210,0
0,7,46,1,210,0
4,-2,205,1,210,0
4,1,72,1,210,0
6,3,104,1,210,0
5,2,111,1,210,0
1,-3,133,1,210,0
3,0,167,1,210,0
-2,6,201,1,210,0
1,8,207,1,210,0
-1,5,209,1,210,0
2,-6,209,1,210,0
-5,0,4,1,211,0
-1,6,17,1,211,0
-6,1,21,1,211,0
8,6,27,1,211,0
7,5,35,1,211,0
7,-2,39,1,211,0
4,-3,203,1,211,0
5,3,105,1,211,0
5,-6,108,1,211,0
4,2,118,1,211,0
3,1,125,1,211,0
2,0,165,1,211,0
-3,-1,173,1,211,0
-1,-5,189,1,211,0
1,-4,194,1,211,0
0,-1,196,1,211,0
-2,7,208,1,211,0
-4,0,9,1,211,0
-5,1,24,1,211,0
7,6,26,1,211,0
-2,8,31,1,211,0
5,4,35,1,211,0
7,-3,43,1,211,0
4,3,44,1,211,0
8,-6,45,1,211,0
3,-1,151,1,211,0
8,7,98,1,211,0
5,-7,103,1,211,0
3,2,119,1,211,0
6,5,125,1,211,0
2,1,132,1,211,0
1,0,159,1,211,0
-3,-2,163,1,211,0
0,-2,179,1,211,0
-6,-1,192,1,211,0
-1,-6,192,1,211,0
1,-5,201,1,211,0
-1,7,209,1,211,0
8,8,12,1,211,0
7,-4,34,1,211,0
-1,8,35,1,211,0
6,-1,169,1,211,0
7,7,106,1,211,0
4,-5,118,1,211,0
6,6,124,1,211,0
5,5,133,1,211,0
4,4,142,1,211,0
3,-2,211,1,211,0
3,3,151,1,211,0
2,2,159,1,211,0
-5,2,159,1,211,0
-3,0,168,1,211,0
-3,-3,169,1,211,0
1,1,169,1,211,0
0,-3,186,1,211,0
0,0,195,1,211,0
1,-6,206,1,211,0
7,8,13,1,211,0
7,-5,41,1,211,0
5,6,107,1,211,0
6,7,109,1,211,0
4,-6,111,1,211,0
4,5,118,1,211,0
3,4,128,1,211,0
3,-3,129,1,211,0
2,3,136,1,211,0
-3,1,149,1,211,0
-2,-1,155,1,211,0
-4,2,158,1,211,0
0,1,165,1,211,0
-2,0,166,1,211,0
1,2,169,1,211,0
6,-2,175,1,211,0
-5,3,175,1,211,0
-3,-4,175,1,211,0
0,-4,193,1,211,0
1,-7,209,1,211,0
7,9,5,1,211,0
8,0,28,1,211,0
-4,3,37,1,211,0
6,-3,182,1,211,0
7,-6,49,1,211,0
6,8,89,1,211,0
5,7,105,1,211,0
2,4,107,1,211,0
4,6,113,1,211,0
1,3,114,1,211,0
3,5,119,1,211,0
3,-4,127,1,211,0
-2,1,143,1,211,0
0,2,172,1,211,0
-1,0,179,1,211,0
-5,4,179,1,211,0
-5,-1,186,1,211,0
2,-1,208,1,211,0
-3,3,45,1,211,0
5,-1,166,1,211,0
8,1,61,1,211,0
7,0,71,1,211,0
4,7,75,1,211,0
3,6,77,1,211,0
7,-7,89,1,211,0
5,8,96,1,211,0
3,-5,119,1,211,0
0,3,179,1,211,0
-4,4,182,1,211,0
6,-4,189,1,211,0
1,4,185,1,211,0
-1,1,187,1,211,0
-2,2,193,1,211,0
0,-6,199,1,211,0
-8,-1,205,1,211,0
2,-2,209,1,211,0
9,3,1,1,211,0
8,-1,36,1,211,0
2,6,36,1,211,0
8,2,58,1,211,0
7,1,66,1,211,0
3,7,69,1,211,0
4,8,71,1,211,0
6,0,79,1,211,0
7,-8,87,1,211,0
3,-6,112,1,211,0
2,-3,135,1,211,0
-1,-1,147,1,211,0
-2,-4,177,1,211,0
-4,5,189,1,211,0
1,5,191,1,211,0
-1,2,194,1,211,0
-2,3,199,1,211,0
0,4,207,1,211,0
-9,1,3,1,211,0
-5,7,4,1,211,0
8,-2,34,1,211,0
8,3,47,1,211,0
7,2,53,1,211,0
5,-3,197,1,211,0
2,7,59,1,211,0
3,8,66,1,211,0
6,1,89,1,211,0
-1,-2,101,1,211,0
3,-7,106,1,211,0
2,-4,126,1,211,0
-4,-1,179,1,211,0
-2,-5,184,1,211,0
-3,5,191,1,211,0
1,6,198,1,211,0
-1,3,201,1,211,0
1,-1,205,1,211,0
-2,4,207,1,211,0
-8,1,9,1,211,0
8,4,11,1,211,0
-4,7,16,1,211,0
0,6,23,1,211,0
8,-3,23,1,211,0
7,3,51,1,211,0
2,8,62,1,211,0
4,0,66,1,211,0
4,-1,158,1,211,0
5,1,85,1,211,0
6,2,96,1,211,0
6,-7,98,1,211,0
2,-5,119,1,211,0
1,-2,143,1,211,0
5,-4,191,1,211,0
-3,6,199,1,211,0
-1,4,208,1,211,0
-7,-1,209,1,211,0
1,7,209,1,211,0
-4,8,14,1,211,0
-7,1,15,1,211,0
-3,7,24,1,211,0
8,5,31,1,211,0
7,4,43,1,211,0
7,-1,44,1,211,0
0,7,46,1,211,0
4,-2,205,1,211,0
4,1,72,1,211,0
6,3,104,1,211,0
5,2,111,1,211,0
1,-3,133,1,211,0
3,0,167,1,211,0
-2,6,201,1,211,0
1,8,207,1,211,0
2,-6,209,1,211,0
-1,5,209,1,211,0
-5,0,4,1,212,0
-1,6,17,1,212,0
-6,1,21,1,212,0
8,6,27,1,212,0
7,5,35,1,212,0
7,-2,39,1,212,0
4,-3,203,1,212,0
5,3,105,1,212,0
5,-6,108,1,212,0
4,2,118,1,212,0
3,1,125,1,212,0
2,0,165,1,212,0
-3,-1,173,1,212,0
-1,-5,189,1,212,0
1,-4,194,1,212,0
0,-1,196,1,212,0
-2,7,208,1,212,0
2,-7,211,1,212,0
-4,0,9,1,212,0
-5,1,24,1,212,0
7,6,26,1,212,0
-2,8,31,1,212,0
5,4,35,1,212,0
7,-3,43,1,212,0
4,3,44,1,212,0
8,-6,45,1,212,0
3,-1,151,1,212,0
8,7,98,1,212,0
5,-7,103,1,212,0
3,2,119,1,212,0
6,5,125,1,212,0
2,1,132,1,212,0
1,0,159,1,212,0
-3,-2,163,1,212,0
0,-2,179,1,212,0
-6,-1,192,1,212,0
-1,-6,192,1,212,0
1,-5,201,1,212,0
-1,7,211,1,212,0
8,8,12,1,212,0
7,-4,34,1,212,0
-1,8,35,1,212,0
6,-1,169,1,212,0
7,7,106,1,212,0
4,-5,118,1,212,0
6,6,124,1,212,0
5,5,133,1,212,0
4,4,142,1,212,0
3,-2,212,1,212,0
3,3,151,1,212,0
2,2,159,1,212,0
-5,2,159,1,212,0
-3,0,168,1,212,0
-3,-3,169,1,212,0
1,1,169,1,212,0
0,-3,186,1,212,0
0,0,195,1,212,0
1,-6,206,1,212,0
7,8,13,1,212,0
7,-5,41,1,212,0
5,6,107,1,212,0
6,7,109,1,212,0
4,-6,111,1,212,0
4,5,118,1,212,0
3,4,128,1,212,0
3,-3,129,1,212,0
2,3,136,1,212,0
-3,1,149,1,212,0
-2,-1,155,1,212,0
-4,2,158,1,212,0
0,1,165,1,212,0
-2,0,166,1,212,0
1,2,169,1,212,0
6,-2,175,1,212,0
-5,3,175,1,212,0
-3,-4,175,1,212,0
0,-4,193,1,212,0
1,-7,209,1,212,0
7,9,5,1,212,0
8,0,28,1,212,0
-4,3,37,1,212,0
6,-3,182,1,212,0
7,-6,49,1,212,0
6,8,89,1,212,0
5,7,105,1,212,0
2,4,107,1,212,0
4,6,113,1,212,0
1,3,114,1,212,0
3,5,119,1,212,0
3,-4,127,1,212,0
-2,1,143,1,212,0
0,2,172,1,212,0
-1,0,179,1,212,0
-5,4,179,1,212,0
-5,-1,186,1,212,0
2,-1,208,1,212,0
-3,3,45,1,212,0
5,-1,166,1,212,0
8,1,61,1,212,0
7,0,71,1,212,0
4,7,75,1,212,0
3,6,77,1,212,0
7,-7,89,1,212,0
5,8,96,1,212,0
3,-5,119,1,212,0
0,3,179,1,212,0
-4,4,182,1,212,0
6,-4,189,1,212,0
1,4,185,1,212,0
-1,1,187,1,212,0
-2,2,193,1,212,0
0,-6,199,1,212,0
-8,-1,205,1,212,0
2,-2,211,1,212,0
9,3,1,1,212,0
8,-1,36,1,212,0
2,6,36,1,212,0
8,2,58,1,212,0
7,1,66,1,212,0
3,7,69,1,212,0
4,8,71,1,212,0
6,0,79,1,212,0
7,-8,87,1,212,0
3,-6,112,1,212,0
2,-3,135,1,212,0
-1,-1,147,1,212,0
-2,-4,177,1,212,0
-4,5,189,1,212,0
1,5,191,1,212,0
-1,2,194,1,212,0
-2,3,199,1,212,0
0,4,207,1,212,0
-9,1,3,1,212,0
-5,7,4,1,212,0
8,-2,34,1,212,0
8,3,47,1,212,0
7,2,53,1,212,0
5,-3,197,1,212,0
2,7,59,1,212,0
3,8,66,1,212,0
6,1,89,1,212,0
-1,-2,101,1,212,0
3,-7,106,1,212,0
2,-4,126,1,212,0
-4,-1,179,1,212,0
-2,-5,184,1,212,0
-3,5,191,1,212,0
1,6,198,1,212,0
-1,3,201,1,212,0
1,-1,205,1,212,0
-2,4,207,1,212,0
0,5,211,1,212,0
-8,1,9,1,212,0
8,4,11,1,212,0
-4,7,16,1,212,0
0,6,23,1,212,0
8,-3,23,1,212,0
7,3,51,1,212,0
2,8,62,1,212,0
4,0,66,1,212,0
4,-1,158,1,212,0
5,1,85,1,212,0
6,2,96,1,212,0
6,-7,98,1,212,0
2,-5,119,1,212,0
1,-2,143,1,212,0
5,-4,191,1,212,0
-3,6,199,1,212,0
-1,4,208,1,212,0
-7,-1,211,1,212,0
1,7,211,1,212,0
-4,8,14,1,212,0
-7,1,15,1,212,0
-3,7,24,1,212,0
8,5,31,1,212,0
7,4,43,1,212,0
7,-1,44,1,212,0
0,7,46,1,212,0
4,-2,205,1,212,0
4,1,72,1,212,0
6,3,104,1,212,0
5,2,111,1,212,0
1,-3,133,1,212,0
3,0,167,1,212,0
-2,6,201,1,212,0
1,8,207,1,212,0
2,-6,209,1,212,0
-1,5,211,1,212,0
-5,0,4,1,213,0
-1,6,17,1,213,0
-6,1,21,1,213,0
8,6,27,1,213,0
7,5,35,1,213,0
7,-2,39,1,213,0
4,-3,203,1,213,0
5,3,105,1,213,0
5,-6,108,1,213,0
4,2,118,1,213,0
3,1,125,1,213,0
2,0,165,1,213,0
-3,-1,173,1,213,0
-1,-5,189,1,213,0
1,-4,194,1,213,0
0,-1,196,1,213,0
-2,7,208,1,213,0
2,-7,212,1,213,0
-4,0,9,1,213,0
-5,1,24,1,213,0
7,6,26,1,213,0
-2,8,31,1,213,0
5,4,35,1,213,0
7,-3,43,1,213,0
4,3,44,1,213,0
8,-6,45,1,213,0
3,-1,151,1,213,0
8,7,98,1,213,0
5,-7,103,1,213,0
3,2,119,1,213,0
6,5,125,1,213,0
2,1,132,1,213,0
1,0,159,1,213,0
-3,-2,163,1,213,0
0,-2,179,1,213,0
-1,-6,192,1,213,0
1,-5,201,1,213,0
-1,7,212,1,213,0
-6,-1,212,1,213,0
2,-8,212,1,213,0
8,8,12,1,213,0
7,-4,34,1,213,0
-1,8,35,1,213,0
6,-1,169,1,213,0
7,7,106,1,213,0
4,-5,118,1,213,0
6,6,124,1,213,0
5,5,133,1,213,0
4,4,142,1,213,0
3,-2,212,1,213,0
3,3,151,1,213,0
2,2,159,1,213,0
-5,2,159,1,213,0
-3,0,168,1,213,0
-3,-3,169,1,213,0
1,1,169,1,213,0
0,-3,186,1,213,0
0,0,195,1,213,0
1,-6,206,1,213,0
7,8,13,1,213,0
7,-5,41,1,213,0
5,6,107,1,213,0
6,7,109,1,213,0
4,-6,111,1,213,0
4,5,118,1,213,0
3,4,128,1,213,0
3,-3,129,1,213,0
2,3,136,1,213,0
-3,1,149,1,213,0
-2,-1,155,1,213,0
-4,2,158,1,213,0
0,1,165,1,213,0
-2,0,166,1,213,0
1,2,169,1,213,0
6,-2,175,1,213,0
-5,3,175,1,213,0
-3,-4,175,1,213,0
0,-4,193,1,213,0
1,-7,209,1,213,0
7,9,5,1,213,0
8,0,28,1,213,0
-4,3,37,1,213,0
6,-3,182,1,213,0
7,-6,49,1,213,0
6,8,89,1,213,0
5,7,105,1,213,0
2,4,107,1,213,0
4,6,113,1,213,0
1,3,114,1,213,0
3,5,119,1,213,0
3,-4,127,1,213,0
-2,1,143,1,213,0
0,2,172,1,213,0
-1,0,179,1,213,0
-5,4,179,1,213,0
-5,-1,186,1,213,0
2,-1,208,1,213,0
-3,3,45,1,213,0
5,-1,166,1,213,0
8,1,61,1,213,0
7,0,71,1,213,0
4,7,75,1,213,0
3,6,77,1,213,0
7,-7,89,1,213,0
5,8,96,1,213,0
3,-5,119,1,213,0
0,3,179,1,213,0
-4,4,182,1,213,0
6,-4,189,1,213,0
1,4,185,1,213,0
-1,1,187,1,213,0
-2,2,193,1,213,0
0,-6,199,1,213,0
-8,-1,205,1,213,0
2,-2,213,1,213,0
9,3,1,1,213,0
8,-1,36,1,213,0
2,6,36,1,213,0
8,2,58,1,213,0
7,1,66,1,213,0
3,7,69,1,213,0
4,8,71,1,213,0
6,0,79,1,213,0
7,-8,87,1,213,0
3,-6,112,1,213,0
2,-3,135,1,213,0
-1,-1,147,1,213,0
-2,-4,177,1,213,0
-4,5,189,1,213,0
1,5,191,1,213,0
-1,2,194,1,213,0
-2,3,199,1,213,0
0,4,207,1,213,0
-9,1,3,1,213,0
-5,7,4,1,213,0
8,-2,34,1,213,0
8,3,47,1,213,0
7,2,53,1,213,0
5,-3,197,1,213,0
2,7,59,1,213,0
3,8,66,1,213,0
6,1,89,1,213,0
-1,-2,101,1,213,0
3,-7,106,1,213,0
2,-4,126,1,213,0
-4,-1,179,1,213,0
-2,-5,184,1,213,0
-3,5,191,1,213,0
1,6,198,1,213,0
-1,3,201,1,213,0
1,-1,205,1,213,0
-2,4,207,1,213,0
0,5,212,1,213,0
-8,1,9,1,213,0
8,4,11,1,213,0
-4,7,16,1,213,0
0,6,23,1,213,0
8,-3,23,1,213,0
7,3,51,1,213,0
2,8,62,1,213,0
4,0,66,1,213,0
4,-1,158,1,213,0
5,1,85,1,213,0
6,2,96,1,213,0
6,-7,98,1,213,0
2,-5,119,1,213,0
1,-2,143,1,213,0
5,-4,191,1,213,0
-3,6,199,1,213,0
-1,4,208,1,213,0
-7,-1,211,1,213,0
1,7,212,1,213,0
-4,8,14,1,213,0
-7,1,15,1,213,0
-3,7,24,1,213,0
8,5,31,1,213,0
7,4,43,1,213,0
7,-1,44,1,213,0
0,7,46,1,213,0
4,-2,205,1,213,0
4,1,72,1,213,0
6,3,104,1,213,0
5,2,111,1,213,0
1,-3,133,1,213,0
3,0,167,1,213,0
-2,6,201,1,213,0
1,8,207,1,213,0
2,-6,209,1,213,0
-1,5,212,1,213,0
-5,0,4,1,214,0
-1,6,17,1,214,0
-6,1,21,1,214,0
8,6,27,1,214,0
7,5,35,1,214,0
7,-2,39,1,214,0
4,-3,203,1,214,0
5,3,105,1,214,0
5,-6,108,1,214,0
4,2,118,1,214,0
3,1,125,1,214,0
2,0,165,1,214,0
-3,-1,173,1,214,0
-1,-5,189,1,214,0
1,-4,194,1,214,0
0,-1,196,1,214,0
-2,7,208,1,214,0
2,-7,213,1,214,0
-4,0,9,1,214,0
-5,1,24,1,214,0
7,6,26,1,214,0
-2,8,31,1,214,0
5,4,35,1,214,0
7,-3,43,1,214,0
4,3,44,1,214,0
8,-6,45,1,214,0
3,-1,151,1,214,0
8,7,98,1,214,0
5,-7,103,1,214,0
3,2,119,1,214,0
6,5,125,1,214,0
2,1,132,1,214,0
1,0,159,1,214,0
-3,-2,163,1,214,0
0,-2,179,1,214,0
-1,-6,192,1,214,0
1,-5,201,1,214,0
-1,7,213,1,214,0
-6,-1,213,1,214,0
2,-8,213,1,214,0
8,8,12,1,214,0
7,-4,34,1,214,0
-1,8,35,1,214,0
6,-1,169,1,214,0
7,7,106,1,214,0
4,-5,118,1,214,0
6,6,124,1,214,0
5,5,133,1,214,0
4,4,142,1,214,0
3,-2,212,1,214,0
3,3,151,1,214,0
2,2,159,1,214,0
-5,2,159,1,214,0
-3,0,168,1,214,0
-3,-3,169,1,214,0
1,1,169,1,214,0
0,-3,186,1,214,0
0,0,195,1,214,0
1,-6,206,1,214,0
7,8,13,1,214,0
7,-5,41,1,214,0
5,6,107,1,214,0
6,7,109,1,214,0
4,-6,111,1,214,0
4,5,118,1,214,0
3,4,128,1,214,0
3,-3,129,1,214,0
2,3,136,1,214,0
-3,1,149,1,214,0
-2,-1,155,1,214,0
-4,2,158,1,214,0
0,1,165,1,214,0
-2,0,166,1,214,0
1,2,169,1,214,0
6,-2,175,1,214,0
-5,3,175,1,214,0
-3,-4,175,1,214,0
0,-4,193,1,214,0
1,-7,209,1,214,0
7,9,5,1,214,0
8,0,28,1,214,0
-4,3,37,1,214,0
6,-3,182,1,214,0
7,-6,49,1,214,0
6,8,89,1,214,0
5,7,105,1,214,0
2,4,107,1,214,0
4,6,113,1,214,0
1,3,114,1,214,0
3,5,119,1,214,0
3,-4,127,1,214,0
-2,1,143,1,214,0
0,2,172,1,214,0
-1,0,179,1,214,0
-5,4,179,1,214,0
-5,-1,186,1,214,0
2,-1,208,1,214,0
-3,3,45,1,214,0
5,-1,166,1,214,0
8,1,61,1,214,0
7,0,71,1,214,0
4,7,75,1,214,0
3,6,77,1,214,0
7,-7,89,1,214,0
5,8,96,1,214,0
3,-5,119,1,214,0
0,3,179,1,214,0
-4,4,182,1,214,0
6,-4,189,1,214,0
1,4,185,1,214,0
-1,1,187,1,214,0
-2,2,193,1,214,0
0,-6,199,1,214,0
-8,-1,205,1,214,0
2,-2,214,1,214,0
9,3,1,1,214,0
8,-1,36,1,214,0
2,6,36,1,214,0
8,2,58,1,214,0
7,1,66,1,214,0
3,7,69,1,214,0
4,8,71,1,214,0
6,0,79,1,214,0
7,-8,87,1,214,0
3,-6,112,1,214,0
2,-3,135,1,214,0
-1,-1,147,1,214,0
-2,-4,177,1,214,0
-4,5,189,1,214,0
1,5,191,1,214,0
-1,2,194,1,214,0
-2,3,199,1,214,0
0,4,207,1,214,0
-9,1,3,1,214,0
-5,7,4,1,214,0
8,-2,34,1,214,0
8,3,47,1,214,0
7,2,53,1,214,0
5,-3,197,1,214,0
2,7,59,1,214,0
3,8,66,1,214,0
6,1,89,1,214,0
-1,-2,101,1,214,0
3,-7,106,1,214,0
2,-4,126,1,214,0
-4,-1,179,1,214,0
-2,-5,184,1,214,0
-3,5,191,1,214,0
1,6,198,1,214,0
-1,3,201,1,214,0
1,-1,205,1,214,0
-2,4,207,1,214,0
0,5,213,1,214,0
-8,1,9,1,214,0
8,4,11,1,214,0
-4,7,16,1,214,0
0,6,23,1,214,0
8,-3,23,1,214,0
7,3,51,1,214,0
2,8,62,1,214,0
4,0,66,1,214,0
4,-1,158,1,214,0
5,1,85,1,214,0
6,2,96,1,214,0
6,-7,98,1,214,0
2,-5,119,1,214,0
1,-2,143,1,214,0
5,-4,191,1,214,0
-3,6,199,1,214,0
-1,4,208,1,214,0
-7,-1,211,1,214,0
1,7,213,1,214,0
-4,8,14,1,214,0
-7,1,15,1,214,0
-3,7,24,1,214,0
8,5,31,1,214,0
7,4,43,1,214,0
7,-1,44,1,214,0
0,7,46,1,214,0
4,-2,205,1,214,0
4,1,72,1,214,0
6,3,104,1,214,0
5,2,111,1,214,0
1,-3,133,1,214,0
3,0,167,1,214,0
-2,6,201,1,214,0
1,8,207,1,214,0
2,-6,209,1,214,0
-1,5,213,1,214,0
-5,0,4,1,215,0
-1,6,17,1,215,0
-6,1,21,1,215,0
8,6,27,1,215,0
7,5,35,1,215,0
7,-2,39,1,215,0
4,-3,203,1,215,0
5,3,105,1,215,0
5,-6,108,1,215,0
4,2,118,1,215,0
3,1,125,1,215,0
2,0,165,1,215,0
-3,-1,173,1,215,0
-1,-5,189,1,215,0
1,-4,194,1,215,0
0,-1,196,1,215,0
-2,7,208,1,215,0
2,-7,214,1,215,0
-4,0,9,1,215,0
-5,1,24,1,215,0
7,6,26,1,215,0
-2,8,31,1,215,0
5,4,35,1,215,0
7,-3,43,1,215,0
4,3,44,1,215,0
8,-6,45,1,215,0
3,-1,151,1,215,0
8,7,98,1,215,0
5,-7,103,1,215,0
3,2,119,1,215,0
6,5,125,1,215,0
2,1,132,1,215,0
1,0,159,1,215,0
-3,-2,163,1,215,0
0,-2,179,1,215,0
-1,-6,192,1,215,0
1,-5,201,1,215,0
-1,7,214,1,215,0
-6,-1,214,1,215,0
2,-8,214,1,215,0
8,8,12,1,215,0
7,-4,34,1,215,0
-1,8,35,1,215,0
6,-1,169,1,215,0
7,7,106,1,215,0
4,-5,118,1,215,0
6,6,124,1,215,0
5,5,133,1,215,0
4,4,142,1,215,0
3,-2,212,1,215,0
3,3,151,1,215,0
2,2,159,1,215,0
-5,2,159,1,215,0
-3,0,168,1,215,0
-3,-3,169,1,215,0
1,1,169,1,215,0
0,-3,186,1,215,0
0,0,195,1,215,0
1,-6,206,1,215,0
7,8,13,1,215,0
7,-5,41,1,215,0
5,6,107,1,215,0
6,7,109,1,215,0
4,-6,111,1,215,0
4,5,118,1,215,0
3,4,128,1,215,0
3,-3,129,1,215,0
2,3,136,1,215,0
-3,1,149,1,215,0
-2,-1,155,1,215,0
-4,2,158,1,215,0
0,1,165,1,215,0
-2,0,166,1,215,0
1,2,169,1,215,0
6,-2,175,1,215,0
-5,3,175,1,215,0
-3,-4,175,1,215,0
0,-4,193,1,215,0
1,-7,209,1,215,0
7,9,5,1,215,0
8,0,28,1,215,0
-4,3,37,1,215,0
6,-3,182,1,215,0
7,-6,49,1,215,0
6,8,89,1,215,0
5,7,105,1,215,0
2,4,107,1,215,0
4,6,113,1,215,0
1,3,114,1,215,0
3,5,119,1,215,0
3,-4,127,1,215,0
-2,1,143,1,215,0
0,2,172,1,215,0
-1,0,179,1,215,0
-5,4,179,1,215,0
-5,-1,186,1,215,0
2,-1,215,1,215,0
-3,3,45,1,215,0
5,-1,166,1,215,0
8,1,61,1,215,0
7,0,71,1,215,0
4,7,75,1,215,0
3,6,77,1,215,0
7,-7,89,1,215,0
5,8,96,1,215,0
3,-5,119,1,215,0
0,3,179,1,215,0
-4,4,182,1,215,0
6,-4,189,1,215,0
1,4,185,1,215,0
-1,1,187,1,215,0
-2,2,193,1,215,0
0,-6,199,1,215,0
-8,-1,205,1,215,0
2,-2,214,1,215,0
9,3,1,1,215,0
8,-1,36,1,215,0
2,6,36,1,215,0
8,2,58,1,215,0
7,1,66,1,215,0
3,7,69,1,215,0
4,8,71,1,215,0
6,0,79,1,215,0
7,-8,87,1,215,0
3,-6,112,1,215,0
2,-3,135,1,215,0
-1,-1,147,1,215,0
-2,-4,177,1,215,0
-4,5,189,1,215,0
1,5,191,1,215,0
-1,2,194,1,215,0
-2,3,199,1,215,0
0,4,207,1,215,0
-9,1,3,1,215,0
-5,7,4,1,215,0
8,-2,34,1,215,0
8,3,47,1,215,0
7,2,53,1,215,0
5,-3,197,1,215,0
2,7,59,1,215,0
3,8,66,1,215,0
6,1,89,1,215,0
-1,-2,101,1,215,0
3,-7,106,1,215,0
2,-4,126,1,215,0
-4,-1,179,1,215,0
-2,-5,184,1,215,0
-3,5,191,1,215,0
1,6,198,1,215,0
-1,3,201,1,215,0
1,-1,205,1,215,0
-2,4,207,1,215,0
0,5,214,1,215,0
-8,1,9,1,215,0
8,4,11,1,215,0
-4,7,16,1,215,0
0,6,23,1,215,0
8,-3,23,1,215,0
7,3,51,1,215,0
2,8,62,1,215,0
4,0,66,1,215,0
4,-1,158,1,215,0
5,1,85,1,215,0
6,2,96,1,215,0
6,-7,98,1,215,0
2,-5,119,1,215,0
1,-2,143,1,215,0
5,-4,191,1,215,0
-3,6,199,1,215,0
-1,4,208,1,215,0
-7,-1,211,1,215,0
1,7,213,1,215,0
-4,8,14,1,215,0
-7,1,15,1,215,0
-3,7,24,1,215,0
8,5,31,1,215,0
7,4,43,1,215,0
7,-1,44,1,215,0
4,-2,205,1,215,0
4,1,72,1,215,0
6,3,104,1,215,0
5,2,111,1,215,0
1,-3,133,1,215,0
3,0,167,1,215,0
-2,6,201,1,215,0
1,8,207,1,215,0
2,-6,209,1,215,0
-1,5,214,1,215,0
0,7,214,1,215,0
-5,0,4,1,216,0
-1,6,17,1,216,0
-6,1,21,1,216,0
8,6,27,1,216,0
7,5,35,1,216,0
7,-2,39,1,216,0
4,-3,203,1,216,0
5,3,105,1,216,0
5,-6,108,1,216,0
4,2,118,1,216,0
3,1,125,1,216,0
2,0,165,1,216,0
-3,-1,173,1,216,0
-1,-5,189,1,216,0
1,-4,194,1,216,0
0,-1,196,1,216,0
-2,7,208,1,216,0
2,-7,214,1,216,0
-4,0,9,1,216,0
-5,1,24,1,216,0
7,6,26,1,216,0
-2,8,31,1,216,0
5,4,35,1,216,0
7,-3,43,1,216,0
4,3,44,1,216,0
8,-6,45,1,216,0
3,-1,151,1,216,0
8,7,98,1,216,0
5,-7,103,1,216,0
3,2,119,1,216,0
6,5,125,1,216,0
2,1,132,1,216,0
1,0,159,1,216,0
-3,-2,163,1,216,0
0,-2,179,1,216,0
-1,-6,192,1,216,0
1,-5,201,1,216,0
-1,7,214,1,216,0
-6,-1,215,1,216,0
2,-8,215,1,216,0
8,8,12,1,216,0
7,-4,34,1,216,0
-1,8,35,1,216,0
6,-1,169,1,216,0
7,7,106,1,216,0
4,-5,118,1,216,0
6,6,124,1,216,0
5,5,133,1,216,0
4,4,142,1,216,0
3,-2,212,1,216,0
3,3,151,1,216,0
2,2,159,1,216,0
-5,2,159,1,216,0
-3,0,168,1,216,0
-3,-3,169,1,216,0
1,1,169,1,216,0
0,-3,186,1,216,0
0,0,195,1,216,0
1,-6,206,1,216,0
7,8,13,1,216,0
7,-5,41,1,216,0
5,6,107,1,216,0
6,7,109,1,216,0
4,-6,111,1,216,0
4,5,118,1,216,0
3,4,128,1,216,0
3,-3,129,1,216,0
2,3,136,1,216,0
-3,1,149,1,216,0
-2,-1,155,1,216,0
-4,2,158,1,216,0
0,1,165,1,216,0
-2,0,166,1,216,0
1,2,169,1,216,0
6,-2,175,1,216,0
-5,3,175,1,216,0
-3,-4,175,1,216,0
0,-4,193,1,216,0
1,-7,209,1,216,0
7,9,5,1,216,0
8,0,28,1,216,0
-4,3,37,1,216,0
6,-3,182,1,216,0
7,-6,49,1,216,0
6,8,89,1,216,0
5,7,105,1,216,0
2,4,107,1,216,0
4,6,113,1,216,0
1,3,114,1,216,0
3,5,119,1,216,0
3,-4,127,1,216,0
-2,1,143,1,216,0
0,2,172,1,216,0
-1,0,179,1,216,0
-5,4,179,1,216,0
-5,-1,186,1,216,0
2,-1,216,1,216,0
-3,3,45,1,216,0
5,-1,166,1,216,0
8,1,61,1,216,0
7,0,71,1,216,0
4,7,75,1,216,0
3,6,77,1,216,0
7,-7,89,1,216,0
5,8,96,1,216,0
3,-5,119,1,216,0
0,3,179,1,216,0
-4,4,182,1,216,0
6,-4,189,1,216,0
1,4,185,1,216,0
-1,1,187,1,216,0
-2,2,193,1,216,0
0,-6,199,1,216,0
-8,-1,205,1,216,0
2,-2,215,1,216,0
9,3,1,1,216,0
8,-1,36,1,216,0
2,6,36,1,216,0
8,2,58,1,216,0
7,1,66,1,216,0
3,7,69,1,216,0
4,8,71,1,216,0
6,0,79,1,216,0
7,-8,87,1,216,0
3,-6,112,1,216,0
2,-3,135,1,216,0
-1,-1,147,1,216,0
-2,-4,177,1,216,0
-4,5,189,1,216,0
1,5,191,1,216,0
-1,2,194,1,216,0
-2,3,199,1,216,0
0,4,207,1,216,0
-9,1,3,1,216,0
-5,7,4,1,216,0
8,-2,34,1,216,0
8,3,47,1,216,0
7,2,53,1,216,0
5,-3,197,1,216,0
2,7,59,1,216,0
3,8,66,1,216,0
6,1,89,1,216,0
-1,-2,101,1,216,0
2,-4,126,1,216,0
-4,-1,179,1,216,0
-2,-5,184,1,216,0
-3,5,191,1,216,0
1,6,198,1,216,0
-1,3,201,1,216,0
1,-1,205,1,216,0
-2,4,207,1,216,0
0,5,215,1,216,0
3,-7,215,1,216,0
-8,1,9,1,216,0
8,4,11,1,216,0
-4,7,16,1,216,0
0,6,23,1,216,0
8,-3,23,1,216,0
7,3,51,1,216,0
2,8,62,1,216,0
4,0,66,1,216,0
4,-1,158,1,216,0
5,1,85,1,216,0
6,2,96,1,216,0
6,-7,98,1,216,0
2,-5,119,1,216,0
1,-2,143,1,216,0
5,-4,191,1,216,0
-3,6,199,1,216,0
-1,4,208,1,216,0
-7,-1,211,1,216,0
1,7,213,1,216,0
-4,8,14,1,216,0
-7,1,15,1,216,0
-3,7,24,1,216,0
8,5,31,1,216,0
7,4,43,1,216,0
7,-1,44,1,216,0
4,-2,205,1,216,0
4,1,72,1,216,0
6,3,104,1,216,0
5,2,111,1,216,0
1,-3,133,1,216,0
3,0,167,1,216,0
-2,6,201,1,216,0
1,8,207,1,216,0
2,-6,209,1,216,0
-1,5,215,1,216,0
0,7,215,1,216,0
-5,0,4,1,217,0
-6,1,21,1,217,0
8,6,27,1,217,0
7,5,35,1,217,0
7,-2,39,1,217,0
4,-3,203,1,217,0
5,3,105,1,217,0
5,-6,108,1,217,0
4,2,118,1,217,0
3,1,125,1,217,0
2,0,165,1,217,0
-3,-1,173,1,217,0
-1,-5,189,1,217,0
1,-4,194,1,217,0
0,-1,196,1,217,0
-2,7,208,1,217,0
2,-7,214,1,217,0
-1,6,216,1,217,0
-4,0,9,1,217,0
-5,1,24,1,217,0
7,6,26,1,217,0
-2,8,31,1,217,0
5,4,35,1,217,0
7,-3,43,1,217,0
4,3,44,1,217,0
8,-6,45,1,217,0
3,-1,151,1,217,0
8,7,98,1,217,0
5,-7,103,1,217,0
3,2,119,1,217,0
6,5,125,1,217,0
2,1,132,1,217,0
1,0,159,1,217,0
-3,-2,163,1,217,0
0,-2,179,1,217,0
-1,-6,192,1,217,0
1,-5,201,1,217,0
-1,7,215,1,217,0
-6,-1,216,1,217,0
2,-8,216,1,217,0
8,8,12,1,217,0
7,-4,34,1,217,0
-1,8,35,1,217,0
6,-1,169,1,217,0
7,7,106,1,217,0
4,-5,118,1,217,0
6,6,124,1,217,0
5,5,133,1,217,0
4,4,142,1,217,0
3,-2,212,1,217,0
3,3,151,1,217,0
2,2,159,1,217,0
-5,2,159,1,217,0
-3,0,168,1,217,0
-3,-3,169,1,217,0
1,1,169,1,217,0
0,-3,186,1,217,0
0,0,195,1,217,0
1,-6,206,1,217,0
7,8,13,1,217,0
7,-5,41,1,217,0
5,6,107,1,217,0
6,7,109,1,217,0
4,-6,111,1,217,0
4,5,118,1,217,0
3,4,128,1,217,0
3,-3,129,1,217,0
2,3,136,1,217,0
-3,1,149,1,217,0
-2,-1,155,1,217,0
-4,2,158,1,217,0
0,1,165,1,217,0
-2,0,166,1,217,0
1,2,169,1,217,0
6,-2,175,1,217,0
-5,3,175,1,217,0
-3,-4,175,1,217,0
0,-4,193,1,217,0
1,-7,209,1,217,0
7,9,5,1,217,0
8,0,28,1,217,0
-4,3,37,1,217,0
6,-3,182,1,217,0
7,-6,49,1,217,0
6,8,89,1,217,0
5,7,105,1,217,0
2,4,107,1,217,0
4,6,113,1,217,0
1,3,114,1,217,0
3,5,119,1,217,0
3,-4,127,1,217,0
-2,1,143,1,217,0
0,2,172,1,217,0
-1,0,179,1,217,0
-5,4,179,1,217,0
-5,-1,186,1,217,0
2,-1,217,1,217,0
-3,3,45,1,217,0
5,-1,166,1,217,0
8,1,61,1,217,0
7,0,71,1,217,0
4,7,75,1,217,0
3,6,77,1,217,0
7,-7,89,1,217,0
5,8,96,1,217,0
3,-5,119,1,217,0
0,3,179,1,217,0
-4,4,182,1,217,0
6,-4,189,1,217,0
1,4,185,1,217,0
-1,1,187,1,217,0
-2,2,193,1,217,0
0,-6,199,1,217,0
-8,-1,205,1,217,0
2,-2,216,1,217,0
9,3,1,1,217,0
8,-1,36,1,217,0
2,6,36,1,217,0
8,2,58,1,217,0
7,1,66,1,217,0
3,7,69,1,217,0
4,8,71,1,217,0
6,0,79,1,217,0
7,-8,87,1,217,0
3,-6,112,1,217,0
2,-3,135,1,217,0
-1,-1,147,1,217,0
-2,-4,177,1,217,0
-4,5,189,1,217,0
1,5,191,1,217,0
-1,2,194,1,217,0
-2,3,199,1,217,0
0,4,207,1,217,0
-9,1,3,1,217,0
-5,7,4,1,217,0
8,-2,34,1,217,0
8,3,47,1,217,0
7,2,53,1,217,0
5,-3,197,1,217,0
2,7,59,1,217,0
3,8,66,1,217,0
6,1,89,1,217,0
-1,-2,101,1,217,0
2,-4,126,1,217,0
-4,-1,179,1,217,0
-2,-5,184,1,217,0
-3,5,191,1,217,0
1,6,198,1,217,0
-1,3,201,1,217,0
1,-1,205,1,217,0
-2,4,207,1,217,0
0,5,215,1,217,0
3,-7,216,1,217,0
-8,1,9,1,217,0
8,4,11,1,217,0
-4,7,16,1,217,0
8,-3,23,1,217,0
7,3,51,1,217,0
2,8,62,1,217,0
4,0,66,1,217,0
4,-1,158,1,217,0
5,1,85,1,217,0
6,2,96,1,217,0
6,-7,98,1,217,0
2,-5,119,1,217,0
1,-2,143,1,217,0
5,-4,191,1,217,0
-3,6,199,1,217,0
-1,4,208,1,217,0
-7,-1,211,1,217,0
1,7,213,1,217,0
0,6,216,1,217,0
-4,8,14,1,217,0
-7,1,15,1,217,0
-3,7,24,1,217,0
8,5,31,1,217,0
7,4,43,1,217,0
7,-1,44,1,217,0
4,-2,205,1,217,0
4,1,72,1,217,0
6,3,104,1,217,0
5,2,111,1,217,0
1,-3,133,1,217,0
3,0,167,1,217,0
-2,6,201,1,217,0
1,8,207,1,217,0
2,-6,209,1,217,0
-1,5,216,1,217,0
0,7,216,1,217,0
-5,0,4,1,218,0
-6,1,21,1,218,0
8,6,27,1,218,0
7,5,35,1,218,0
7,-2,39,1,218,0
4,-3,203,1,218,0
5,3,105,1,218,0
5,-6,108,1,218,0
4,2,118,1,218,0
3,1,125,1,218,0
2,0,165,1,218,0
-3,-1,173,1,218,0
-1,-5,189,1,218,0
1,-4,194,1,218,0
0,-1,196,1,218,0
-2,7,208,1,218,0
2,-7,214,1,218,0
-1,6,217,1,218,0
-4,0,9,1,218,0
-5,1,24,1,218,0
7,6,26,1,218,0
-2,8,31,1,218,0
5,4,35,1,218,0
7,-3,43,1,218,0
4,3,44,1,218,0
8,-6,45,1,218,0
3,-1,151,1,218,0
8,7,98,1,218,0
5,-7,103,1,218,0
3,2,119,1,218,0
6,5,125,1,218,0
2,1,132,1,218,0
1,0,159,1,218,0
-3,-2,163,1,218,0
0,-2,179,1,218,0
-1,-6,192,1,218,0
1,-5,201,1,218,0
-1,7,215,1,218,0
-6,-1,217,1,218,0
2,-8,217,1,218,0
8,8,12,1,218,0
7,-4,34,1,218,0
-1,8,35,1,218,0
6,-1,169,1,218,0
7,7,106,1,218,0
4,-5,118,1,218,0
6,6,124,1,218,0
5,5,133,1,218,0
4,4,142,1,218,0
3,-2,212,1,218,0
3,3,151,1,218,0
2,2,159,1,218,0
-5,2,159,1,218,0
-3,0,168,1,218,0
-3,-3,169,1,218,0
1,1,169,1,218,0
0,-3,186,1,218,0
0,0,195,1,218,0
1,-6,206,1,218,0
7,8,13,1,218,0
7,-5,41,1,218,0
5,6,107,1,218,0
6,7,109,1,218,0
4,-6,111,1,218,0
4,5,118,1,218,0
3,4,128,1,218,0
3,-3,129,1,218,0
2,3,136,1,218,0
-3,1,149,1,218,0
-2,-1,155,1,218,0
-4,2,158,1,218,0
0,1,165,1,218,0
-2,0,166,1,218,0
1,2,169,1,218,0
6,-2,175,1,218,0
-5,3,175,1,218,0
-3,-4,175,1,218,0
0,-4,193,1,218,0
1,-7,209,1,218,0
7,9,5,1,218,0
8,0,28,1,218,0
-4,3,37,1,218,0
6,-3,182,1,218,0
7,-6,49,1,218,0
6,8,89,1,218,0
5,7,105,1,218,0
2,4,107,1,218,0
4,6,113,1,218,0
1,3,114,1,218,0
3,5,119,1,218,0
3,-4,127,1,218,0
-2,1,143,1,218,0
0,2,172,1,218,0
-1,0,179,1,218,0
-5,4,179,1,218,0
-5,-1,186,1,218,0
2,-1,218,1,218,0
-3,3,45,1,218,0
5,-1,166,1,218,0
8,1,61,1,218,0
7,0,71,1,218,0
4,7,75,1,218,0
3,6,77,1,218,0
7,-7,89,1,218,0
5,8,96,1,218,0
3,-5,119,1,218,0
0,3,179,1,218,0
-4,4,182,1,218,0
6,-4,189,1,218,0
1,4,185,1,218,0
-1,1,187,1,218,0
-2,2,193,1,218,0
0,-6,199,1,218,0
-8,-1,205,1,218,0
2,-2,216,1,218,0
9,3,1,1,218,0
8,-1,36,1,218,0
2,6,36,1,218,0
8,2,58,1,218,0
7,1,66,1,218,0
3,7,69,1,218,0
4,8,71,1,218,0
6,0,79,1,218,0
7,-8,87,1,218,0
3,-6,112,1,218,0
-1,-1,147,1,218,0
-2,-4,177,1,218,0
-4,5,189,1,218,0
1,5,191,1,218,0
-1,2,194,1,218,0
-2,3,199,1,218,0
0,4,207,1,218,0
2,-3,217,1,218,0
-9,1,3,1,218,0
-5,7,4,1,218,0
8,-2,34,1,218,0
8,3,47,1,218,0
7,2,53,1,218,0
5,-3,197,1,218,0
2,7,59,1,218,0
3,8,66,1,218,0
6,1,89,1,218,0
-1,-2,101,1,218,0
2,-4,126,1,218,0
-4,-1,179,1,218,0
-2,-5,184,1,218,0
-3,5,191,1,218,0
1,6,198,1,218,0
-1,3,201,1,218,0
1,-1,205,1,218,0
-2,4,207,1,218,0
0,5,215,1,218,0
3,-7,217,1,218,0
-8,1,9,1,218,0
8,4,11,1,218,0
-4,7,16,1,218,0
8,-3,23,1,218,0
7,3,51,1,218,0
2,8,62,1,218,0
4,0,66,1,218,0
4,-1,158,1,218,0
5,1,85,1,218,0
6,2,96,1,218,0
6,-7,98,1,218,0
2,-5,119,1,218,0
1,-2,143,1,218,0
5,-4,191,1,218,0
-3,6,199,1,218,0
-1,4,208,1,218,0
-7,-1,211,1,218,0
1,7,213,1,218,0
0,6,217,1,218,0
-4,8,14,1,218,0
-7,1,15,1,218,0
-3,7,24,1,218,0
8,5,31,1,218,0
7,4,43,1,218,0
7,-1,44,1,218,0
4,-2,205,1,218,0
4,1,72,1,218,0
6,3,104,1,218,0
5,2,111,1,218,0
1,-3,133,1,218,0
3,0,167,1,218,0
-2,6,201,1,218,0
1,8,207,1,218,0
2,-6,209,1,218,0
-1,5,216,1,218,0
0,7,217,1,218,0
-5,0,4,1,219,0
-6,1,21,1,219,0
8,6,27,1,219,0
7,5,35,1,219,0
7,-2,39,1,219,0
4,-3,203,1,219,0
5,3,105,1,219,0
5,-6,108,1,219,0
4,2,118,1,219,0
3,1,125,1,219,0
2,0,165,1,219,0
-3,-1,173,1,219,0
-1,-5,189,1,219,0
1,-4,194,1,219,0
0,-1,196,1,219,0
-2,7,208,1,219,0
2,-7,214,1,219,0
-1,6,218,1,219,0
-4,0,9,1,219,0
-5,1,24,1,219,0
7,6,26,1,219,0
-2,8,31,1,219,0
5,4,35,1,219,0
7,-3,43,1,219,0
4,3,44,1,219,0
8,-6,45,1,219,0
3,-1,151,1,219,0
8,7,98,1,219,0
5,-7,103,1,219,0
3,2,119,1,219,0
6,5,125,1,219,0
2,1,132,1,219,0
1,0,159,1,219,0
-3,-2,163,1,219,0
0,-2,179,1,219,0
-1,-6,192,1,219,0
1,-5,201,1,219,0
-1,7,215,1,219,0
2,-8,217,1,219,0
-6,-1,218,1,219,0
8,8,12,1,219,0
7,-4,34,1,219,0
-1,8,35,1,219,0
6,-1,169,1,219,0
7,7,106,1,219,0
4,-5,118,1,219,0
6,6,124,1,219,0
5,5,133,1,219,0
4,4,142,1,219,0
3,-2,212,1,219,0
3,3,151,1,219,0
2,2,159,1,219,0
-5,2,159,1,219,0
-3,0,168,1,219,0
-3,-3,169,1,219,0
1,1,169,1,219,0
0,-3,186,1,219,0
0,0,195,1,219,0
1,-6,206,1,219,0
7,8,13,1,219,0
7,-5,41,1,219,0
5,6,107,1,219,0
6,7,109,1,219,0
4,-6,111,1,219,0
4,5,118,1,219,0
3,4,128,1,219,0
3,-3,129,1,219,0
2,3,136,1,219,0
-3,1,149,1,219,0
-2,-1,155,1,219,0
-4,2,158,1,219,0
0,1,165,1,219,0
-2,0,166,1,219,0
1,2,169,1,219,0
6,-2,175,1,219,0
-5,3,175,1,219,0
-3,-4,175,1,219,0
0,-4,193,1,219,0
1,-7,209,1,219,0
7,9,5,1,219,0
8,0,28,1,219,0
-4,3,37,1,219,0
6,-3,182,1,219,0
7,-6,49,1,219,0
6,8,89,1,219,0
5,7,105,1,219,0
2,4,107,1,219,0
4,6,113,1,219,0
1,3,114,1,219,0
3,5,119,1,219,0
3,-4,127,1,219,0
-2,1,143,1,219,0
0,2,172,1,219,0
-1,0,179,1,219,0
-5,4,179,1,219,0
-5,-1,186,1,219,0
2,-1,219,1,219,0
-3,3,45,1,219,0
5,-1,166,1,219,0
8,1,61,1,219,0
7,0,71,1,219,0
4,7,75,1,219,0
3,6,77,1,219,0
7,-7,89,1,219,0
5,8,96,1,219,0
3,-5,119,1,219,0
0,3,179,1,219,0
-4,4,182,1,219,0
6,-4,189,1,219,0
1,4,185,1,219,0
-1,1,187,1,219,0
-2,2,193,1,219,0
0,-6,199,1,219,0
-8,-1,205,1,219,0
2,-2,216,1,219,0
9,3,1,1,219,0
8,-1,36,1,219,0
2,6,36,1,219,0
8,2,58,1,219,0
7,1,66,1,219,0
3,7,69,1,219,0
4,8,71,1,219,0
6,0,79,1,219,0
7,-8,87,1,219,0
3,-6,112,1,219,0
-1,-1,147,1,219,0
-2,-4,177,1,219,0
-4,5,189,1,219,0
1,5,191,1,219,0
-1,2,194,1,219,0
-2,3,199,1,219,0
0,4,207,1,219,0
2,-3,218,1,219,0
-9,1,3,1,219,0
-5,7,4,1,219,0
8,-2,34,1,219,0
8,3,47,1,219,0
7,2,53,1,219,0
5,-3,197,1,219,0
2,7,59,1,219,0
3,8,66,1,219,0
6,1,89,1,219,0
-1,-2,101,1,219,0
2,-4,126,1,219,0
-4,-1,179,1,219,0
-2,-5,184,1,219,0
-3,5,191,1,219,0
1,6,198,1,219,0
-1,3,201,1,219,0
1,-1,205,1,219,0
-2,4,207,1,219,0
0,5,215,1,219,0
3,-7,218,1,219,0
-8,1,9,1,219,0
8,4,11,1,219,0
-4,7,16,1,219,0
8,-3,23,1,219,0
7,3,51,1,219,0
2,8,62,1,219,0
4,0,66,1,219,0
4,-1,158,1,219,0
5,1,85,1,219,0
6,2,96,1,219,0
6,-7,98,1,219,0
2,-5,119,1,219,0
1,-2,143,1,219,0
5,-4,191,1,219,0
-3,6,199,1,219,0
-1,4,208,1,219,0
-7,-1,211,1,219,0
1,7,213,1,219,0
0,6,218,1,219,0
-4,8,14,1,219,0
-7,1,15,1,219,0
-3,7,24,1,219,0
8,5,31,1,219,0
7,4,43,1,219,0
7,-1,44,1,219,0
4,-2,205,1,219,0
4,1,72,1,219,0
6,3,104,1,219,0
5,2,111,1,219,0
1,-3,133,1,219,0
3,0,167,1,219,0
-2,6,201,1,219,0
1,8,207,1,219,0
2,-6,209,1,219,0
-1,5,216,1,219,0
0,7,218,1,219,0
-5,0,4,1,220,0
-6,1,21,1,220,0
8,6,27,1,220,0
7,5,35,1,220,0
7,-2,39,1,220,0
4,-3,203,1,220,0
5,3,105,1,220,0
5,-6,108,1,220,0
4,2,118,1,220,0
3,1,125,1,220,0
2,0,165,1,220,0
-3,-1,173,1,220,0
-1,-5,189,1,220,0
1,-4,194,1,220,0
0,-1,196,1,220,0
-2,7,208,1,220,0
-1,6,219,1,220,0
2,-7,219,1,220,0
-4,0,9,1,220,0
-5,1,24,1,220,0
7,6,26,1,220,0
-2,8,31,1,220,0
5,4,35,1,220,0
7,-3,43,1,220,0
4,3,44,1,220,0
8,-6,45,1,220,0
3,-1,151,1,220,0
8,7,98,1,220,0
5,-7,103,1,220,0
3,2,119,1,220,0
6,5,125,1,220,0
2,1,132,1,220,0
1,0,159,1,220,0
-3,-2,163,1,220,0
0,-2,179,1,220,0
-1,-6,192,1,220,0
1,-5,201,1,220,0
-1,7,215,1,220,0
2,-8,217,1,220,0
-6,-1,218,1,220,0
8,8,12,1,220,0
7,-4,34,1,220,0
-1,8,35,1,220,0
6,-1,169,1,220,0
7,7,106,1,220,0
4,-5,118,1,220,0
6,6,124,1,220,0
5,5,133,1,220,0
4,4,142,1,220,0
3,-2,212,1,220,0
3,3,151,1,220,0
2,2,159,1,220,0
-5,2,159,1,220,0
-3,0,168,1,220,0
-3,-3,169,1,220,0
1,1,169,1,220,0
0,-3,186,1,220,0
0,0,195,1,220,0
1,-6,206,1,220,0
7,8,13,1,220,0
7,-5,41,1,220,0
5,6,107,1,220,0
6,7,109,1,220,0
4,-6,111,1,220,0
4,5,118,1,220,0
3,4,128,1,220,0
3,-3,129,1,220,0
2,3,136,1,220,0
-3,1,149,1,220,0
-2,-1,155,1,220,0
-4,2,158,1,220,0
0,1,165,1,220,0
-2,0,166,1,220,0
1,2,169,1,220,0
6,-2,175,1,220,0
-5,3,175,1,220,0
-3,-4,175,1,220,0
0,-4,193,1,220,0
1,-7,209,1,220,0
7,9,5,1,220,0
8,0,28,1,220,0
-4,3,37,1,220,0
6,-3,182,1,220,0
7,-6,49,1,220,0
6,8,89,1,220,0
5,7,105,1,220,0
2,4,107,1,220,0
4,6,113,1,220,0
1,3,114,1,220,0
3,5,119,1,220,0
3,-4,127,1,220,0
-2,1,143,1,220,0
0,2,172,1,220,0
-1,0,179,1,220,0
-5,4,179,1,220,0
2,-1,219,1,220,0
-5,-1,219,1,220,0
-3,3,45,1,220,0
5,-1,166,1,220,0
8,1,61,1,220,0
7,0,71,1,220,0
4,7,75,1,220,0
3,6,77,1,220,0
7,-7,89,1,220,0
5,8,96,1,220,0
3,-5,119,1,220,0
0,3,179,1,220,0
-4,4,182,1,220,0
6,-4,189,1,220,0
1,4,185,1,220,0
-1,1,187,1,220,0
-2,2,193,1,220,0
0,-6,199,1,220,0
-8,-1,205,1,220,0
2,-2,216,1,220,0
9,3,1,1,220,0
8,-1,36,1,220,0
2,6,36,1,220,0
8,2,58,1,220,0
7,1,66,1,220,0
3,7,69,1,220,0
4,8,71,1,220,0
6,0,79,1,220,0
7,-8,87,1,220,0
3,-6,112,1,220,0
-1,-1,147,1,220,0
-2,-4,177,1,220,0
-4,5,189,1,220,0
1,5,191,1,220,0
-1,2,194,1,220,0
-2,3,199,1,220,0
0,4,207,1,220,0
2,-3,219,1,220,0
-9,1,3,1,220,0
-5,7,4,1,220,0
8,-2,34,1,220,0
8,3,47,1,220,0
7,2,53,1,220,0
5,-3,197,1,220,0
2,7,59,1,220,0
3,8,66,1,220,0
6,1,89,1,220,0
-1,-2,101,1,220,0
2,-4,126,1,220,0
-4,-1,179,1,220,0
-2,-5,184,1,220,0
-3,5,191,1,220,0
1,6,198,1,220,0
-1,3,201,1,220,0
1,-1,205,1,220,0
-2,4,207,1,220,0
0,5,215,1,220,0
3,-7,219,1,220,0
-8,1,9,1,220,0
8,4,11,1,220,0
-4,7,16,1,220,0
8,-3,23,1,220,0
7,3,51,1,220,0
2,8,62,1,220,0
4,0,66,1,220,0
4,-1,158,1,220,0
5,1,85,1,220,0
6,2,96,1,220,0
6,-7,98,1,220,0
2,-5,119,1,220,0
1,-2,143,1,220,0
5,-4,191,1,220,0
-3,6,199,1,220,0
-1,4,208,1,220,0
-7,-1,211,1,220,0
1,7,213,1,220,0
0,6,219,1,220,0
-4,8,14,1,220,0
-7,1,15,1,220,0
-3,7,24,1,220,0
8,5,31,1,220,0
7,4,43,1,220,0
7,-1,44,1,220,0
4,-2,205,1,220,0
4,1,72,1,220,0
6,3,104,1,220,0
5,2,111,1,220,0
1,-3,133,1,220,0
3,0,167,1,220,0
-2,6,201,1,220,0
1,8,207,1,220,0
2,-6,209,1,220,0
-1,5,216,1,220,0
0,7,219,1,220,0
-5,0,4,1,221,0
-6,1,21,1,221,0
8,6,27,1,221,0
7,5,35,1,221,0
7,-2,39,1,221,0
4,-3,203,1,221,0
5,3,105,1,221,0
5,-6,108,1,221,0
4,2,118,1,221,0
3,1,125,1,221,0
2,0,165,1,221,0
-3,-1,173,1,221,0
-1,-5,189,1,221,0
1,-4,194,1,221,0
0,-1,196,1,221,0
-2,7,208,1,221,0
2,-7,219,1,221,0
-1,6,219,1,221,0
-4,0,9,1,221,0
-5,1,24,1,221,0
7,6,26,1,221,0
-2,8,31,1,221,0
5,4,35,1,221,0
7,-3,43,1,221,0
4,3,44,1,221,0
8,-6,45,1,221,0
3,-1,151,1,221,0
8,7,98,1,221,0
5,-7,103,1,221,0
3,2,119,1,221,0
6,5,125,1,221,0
2,1,132,1,221,0
1,0,159,1,221,0
-3,-2,163,1,221,0
0,-2,179,1,221,0
-1,-6,192,1,221,0
1,-5,201,1,221,0
-1,7,215,1,221,0
2,-8,217,1,221,0
-6,-1,218,1,221,0
8,8,12,1,221,0
7,-4,34,1,221,0
-1,8,35,1,221,0
6,-1,169,1,221,0
7,7,106,1,221,0
4,-5,118,1,221,0
6,6,124,1,221,0
5,5,133,1,221,0
4,4,142,1,221,0
3,-2,212,1,221,0
3,3,151,1,221,0
2,2,159,1,221,0
-5,2,159,1,221,0
-3,0,168,1,221,0
-3,-3,169,1,221,0
1,1,169,1,221,0
0,-3,186,1,221,0
0,0,195,1,221,0
1,-6,206,1,221,0
7,8,13,1,221,0
7,-5,41,1,221,0
5,6,107,1,221,0
6,7,109,1,221,0
4,-6,111,1,221,0
4,5,118,1,221,0
3,4,128,1,221,0
3,-3,129,1,221,0
2,3,136,1,221,0
-3,1,149,1,221,0
-2,-1,155,1,221,0
-4,2,158,1,221,0
0,1,165,1,221,0
-2,0,166,1,221,0
1,2,169,1,221,0
6,-2,175,1,221,0
-5,3,175,1,221,0
-3,-4,175,1,221,0
0,-4,193,1,221,0
1,-7,209,1,221,0
7,9,5,1,221,0
8,0,28,1,221,0
-4,3,37,1,221,0
6,-3,182,1,221,0
7,-6,49,1,221,0
6,8,89,1,221,0
5,7,105,1,221,0
2,4,107,1,221,0
4,6,113,1,221,0
1,3,114,1,221,0
3,5,119,1,221,0
3,-4,127,1,221,0
-2,1,143,1,221,0
0,2,172,1,221,0
-1,0,179,1,221,0
-5,4,179,1,221,0
2,-1,219,1,221,0
-5,-1,219,1,221,0
-3,3,45,1,221,0
5,-1,166,1,221,0
8,1,61,1,221,0
7,0,71,1,221,0
4,7,75,1,221,0
3,6,77,1,221,0
7,-7,89,1,221,0
5,8,96,1,221,0
3,-5,119,1,221,0
0,3,179,1,221,0
-4,4,182,1,221,0
6,-4,189,1,221,0
1,4,185,1,221,0
-1,1,187,1,221,0
-2,2,193,1,221,0
0,-6,199,1,221,0
-8,-1,205,1,221,0
2,-2,216,1,221,0
9,3,1,1,221,0
8,-1,36,1,221,0
2,6,36,1,221,0
8,2,58,1,221,0
7,1,66,1,221,0
3,7,69,1,221,0
4,8,71,1,221,0
6,0,79,1,221,0
7,-8,87,1,221,0
3,-6,112,1,221,0
-1,-1,147,1,221,0
-2,-4,177,1,221,0
-4,5,189,1,221,0
1,5,191,1,221,0
-1,2,194,1,221,0
-2,3,199,1,221,0
0,4,207,1,221,0
2,-3,219,1,221,0
-9,1,3,1,221,0
-5,7,4,1,221,0
8,-2,34,1,221,0
8,3,47,1,221,0
7,2,53,1,221,0
5,-3,197,1,221,0
2,7,59,1,221,0
3,8,66,1,221,0
6,1,89,1,221,0
-1,-2,101,1,221,0
2,-4,126,1,221,0
-4,-1,179,1,221,0
-2,-5,184,1,221,0
-3,5,191,1,221,0
1,6,198,1,221,0
-1,3,201,1,221,0
1,-1,221,1,221,0
-2,4,207,1,221,0
0,5,215,1,221,0
3,-7,219,1,221,0
-8,1,9,1,221,0
8,4,11,1,221,0
-4,7,16,1,221,0
8,-3,23,1,221,0
7,3,51,1,221,0
2,8,62,1,221,0
4,0,66,1,221,0
4,-1,158,1,221,0
5,1,85,1,221,0
6,2,96,1,221,0
6,-7,98,1,221,0
2,-5,119,1,221,0
1,-2,143,1,221,0
5,-4,191,1,221,0
-3,6,199,1,221,0
-1,4,208,1,221,0
-7,-1,211,1,221,0
1,7,213,1,221,0
0,6,219,1,221,0
-4,8,14,1,221,0
-7,1,15,1,221,0
-3,7,24,1,221,0
8,5,31,1,221,0
7,4,43,1,221,0
7,-1,44,1,221,0
4,-2,205,1,221,0
4,1,72,1,221,0
6,3,104,1,221,0
5,2,111,1,221,0
1,-3,133,1,221,0
3,0,167,1,221,0
-2,6,201,1,221,0
1,8,207,1,221,0
2,-6,209,1,221,0
-1,5,216,1,221,0
0,7,219,1,221,0
-5,0,4,1,222,0
-6,1,21,1,222,0
8,6,27,1,222,0
7,5,35,1,222,0
7,-2,39,1,222,0
4,-3,203,1,222,0
5,3,105,1,222,0
5,-6,108,1,222,0
4,2,118,1,222,0
3,1,125,1,222,0
2,0,165,1,222,0
-3,-1,173,1,222,0
-1,-5,189,1,222,0
1,-4,194,1,222,0
0,-1,196,1,222,0
-2,7,208,1,222,0
2,-7,219,1,222,0
-1,6,219,1,222,0
-4,0,9,1,222,0
-5,1,24,1,222,0
7,6,26,1,222,0
-2,8,31,1,222,0
5,4,35,1,222,0
7,-3,43,1,222,0
4,3,44,1,222,0
8,-6,45,1,222,0
3,-1,151,1,222,0
8,7,98,1,222,0
5,-7,103,1,222,0
3,2,119,1,222,0
6,5,125,1,222,0
2,1,132,1,222,0
1,0,159,1,222,0
-3,-2,163,1,222,0
0,-2,179,1,222,0
-1,-6,192,1,222,0
1,-5,201,1,222,0
-1,7,215,1,222,0
-6,-1,218,1,222,0
2,-8,221,1,222,0
8,8,12,1,222,0
7,-4,34,1,222,0
-1,8,35,1,222,0
6,-1,169,1,222,0
7,7,106,1,222,0
4,-5,118,1,222,0
6,6,124,1,222,0
5,5,133,1,222,0
4,4,142,1,222,0
3,-2,212,1,222,0
3,3,151,1,222,0
2,2,159,1,222,0
-5,2,159,1,222,0
-3,0,168,1,222,0
-3,-3,169,1,222,0
1,1,169,1,222,0
0,-3,186,1,222,0
0,0,195,1,222,0
1,-6,206,1,222,0
7,8,13,1,222,0
7,-5,41,1,222,0
5,6,107,1,222,0
6,7,109,1,222,0
4,-6,111,1,222,0
4,5,118,1,222,0
3,4,128,1,222,0
3,-3,129,1,222,0
2,3,136,1,222,0
-3,1,149,1,222,0
-2,-1,155,1,222,0
-4,2,158,1,222,0
0,1,165,1,222,0
-2,0,166,1,222,0
1,2,169,1,222,0
6,-2,175,1,222,0
-5,3,175,1,222,0
-3,-4,175,1,222,0
0,-4,193,1,222,0
1,-7,209,1,222,0
7,9,5,1,222,0
8,0,28,1,222,0
-4,3,37,1,222,0
6,-3,182,1,222,0
7,-6,49,1,222,0
6,8,89,1,222,0
5,7,105,1,222,0
2,4,107,1,222,0
4,6,113,1,222,0
1,3,114,1,222,0
3,5,119,1,222,0
3,-4,127,1,222,0
-2,1,143,1,222,0
0,2,172,1,222,0
-1,0,179,1,222,0
-5,4,179,1,222,0
2,-1,219,1,222,0
-5,-1,221,1,222,0
-3,3,45,1,222,0
5,-1,166,1,222,0
8,1,61,1,222,0
7,0,71,1,222,0
4,7,75,1,222,0
3,6,77,1,222,0
7,-7,89,1,222,0
5,8,96,1,222,0
3,-5,119,1,222,0
0,3,179,1,222,0
-4,4,182,1,222,0
6,-4,189,1,222,0
1,4,185,1,222,0
-1,1,187,1,222,0
-2,2,193,1,222,0
0,-6,199,1,222,0
-8,-1,205,1,222,0
2,-2,216,1,222,0
9,3,1,1,222,0
8,-1,36,1,222,0
2,6,36,1,222,0
8,2,58,1,222,0
7,1,66,1,222,0
3,7,69,1,222,0
4,8,71,1,222,0
6,0,79,1,222,0
7,-8,87,1,222,0
3,-6,112,1,222,0
-1,-1,147,1,222,0
-2,-4,177,1,222,0
-4,5,189,1,222,0
1,5,191,1,222,0
-1,2,194,1,222,0
-2,3,199,1,222,0
0,4,207,1,222,0
2,-3,221,1,222,0
-9,1,3,1,222,0
-5,7,4,1,222,0
8,-2,34,1,222,0
8,3,47,1,222,0
7,2,53,1,222,0
5,-3,197,1,222,0
2,7,59,1,222,0
3,8,66,1,222,0
6,1,89,1,222,0
-1,-2,101,1,222,0
2,-4,126,1,222,0
-4,-1,179,1,222,0
-2,-5,184,1,222,0
-3,5,191,1,222,0
1,6,198,1,222,0
-1,3,201,1,222,0
1,-1,222,1,222,0
-2,4,207,1,222,0
0,5,215,1,222,0
3,-7,221,1,222,0
-8,1,9,1,222,0
8,4,11,1,222,0
-4,7,16,1,222,0
8,-3,23,1,222,0
7,3,51,1,222,0
2,8,62,1,222,0
4,0,66,1,222,0
4,-1,158,1,222,0
5,1,85,1,222,0
6,2,96,1,222,0
6,-7,98,1,222,0
2,-5,119,1,222,0
1,-2,143,1,222,0
5,-4,191,1,222,0
-3,6,199,1,222,0
-1,4,208,1,222,0
-7,-1,211,1,222,0
1,7,213,1,222,0
0,6,221,1,222,0
-4,8,14,1,222,0
-7,1,15,1,222,0
-3,7,24,1,222,0
8,5,31,1,222,0
7,4,43,1,222,0
7,-1,44,1,222,0
4,-2,205,1,222,0
4,1,72,1,222,0
6,3,104,1,222,0
5,2,111,1,222,0
1,-3,133,1,222,0
3,0,167,1,222,0
-2,6,201,1,222,0
1,8,207,1,222,0
2,-6,209,1,222,0
-1,5,221,1,222,0
0,7,221,1,222,0
-5,0,4,1,223,0
-6,1,21,1,223,0
8,6,27,1,223,0
7,5,35,1,223,0
7,-2,39,1,223,0
4,-3,203,1,223,0
5,3,105,1,223,0
5,-6,108,1,223,0
4,2,118,1,223,0
3,1,125,1,223,0
2,0,165,1,223,0
-3,-1,173,1,223,0
-1,-5,189,1,223,0
1,-4,194,1,223,0
0,-1,196,1,223,0
-2,7,208,1,223,0
2,-7,219,1,223,0
-1,6,222,1,223,0
0,8,222,1,223,0
-4,0,9,1,223,0
-5,1,24,1,223,0
7,6,26,1,223,0
-2,8,31,1,223,0
5,4,35,1,223,0
7,-3,43,1,223,0
4,3,44,1,223,0
8,-6,45,1,223,0
3,-1,151,1,223,0
8,7,98,1,223,0
5,-7,103,1,223,0
3,2,119,1,223,0
6,5,125,1,223,0
2,1,132,1,223,0
1,0,159,1,223,0
-3,-2,163,1,223,0
0,-2,179,1,223,0
-1,-6,192,1,223,0
1,-5,201,1,223,0
-1,7,215,1,223,0
-6,-1,218,1,223,0
2,-8,222,1,223,0
8,8,12,1,223,0
7,-4,34,1,223,0
-1,8,35,1,223,0
6,-1,169,1,223,0
7,7,106,1,223,0
4,-5,118,1,223,0
6,6,124,1,223,0
5,5,133,1,223,0
4,4,142,1,223,0
3,-2,212,1,223,0
3,3,151,1,223,0
2,2,159,1,223,0
-5,2,159,1,223,0
-3,0,168,1,223,0
-3,-3,169,1,223,0
1,1,169,1,223,0
0,-3,186,1,223,0
0,0,195,1,223,0
1,-6,206,1,223,0
7,8,13,1,223,0
7,-5,41,1,223,0
5,6,107,1,223,0
6,7,109,1,223,0
4,-6,111,1,223,0
4,5,118,1,223,0
3,4,128,1,223,0
3,-3,129,1,223,0
2,3,136,1,223,0
-3,1,149,1,223,0
-2,-1,155,1,223,0
-4,2,158,1,223,0
0,1,165,1,223,0
-2,0,166,1,223,0
1,2,169,1,223,0
6,-2,175,1,223,0
-5,3,175,1,223,0
-3,-4,175,1,223,0
0,-4,193,1,223,0
1,-7,209,1,223,0
7,9,5,1,223,0
8,0,28,1,223,0
-4,3,37,1,223,0
6,-3,182,1,223,0
7,-6,49,1,223,0
6,8,89,1,223,0
5,7,105,1,223,0
2,4,107,1,223,0
4,6,113,1,223,0
1,3,114,1,223,0
3,5,119,1,223,0
3,-4,127,1,223,0
-2,1,143,1,223,0
0,2,172,1,223,0
-1,0,179,1,223,0
-5,4,179,1,223,0
2,-1,219,1,223,0
-5,-1,222,1,223,0
4,-7,222,1,223,0
-3,3,45,1,223,0
5,-1,166,1,223,0
8,1,61,1,223,0
7,0,71,1,223,0
4,7,75,1,223,0
3,6,77,1,223,0
7,-7,89,1,223,0
5,8,96,1,223,0
3,-5,119,1,223,0
0,3,179,1,223,0
-4,4,182,1,223,0
6,-4,189,1,223,0
1,4,185,1,223,0
-1,1,187,1,223,0
-2,2,193,1,223,0
0,-6,199,1,223,0
-8,-1,205,1,223,0
2,-2,216,1,223,0
9,3,1,1,223,0
8,-1,36,1,223,0
2,6,36,1,223,0
8,2,58,1,223,0
7,1,66,1,223,0
3,7,69,1,223,0
4,8,71,1,223,0
6,0,79,1,223,0
7,-8,87,1,223,0
3,-6,112,1,223,0
-1,-1,147,1,223,0
-2,-4,177,1,223,0
-4,5,189,1,223,0
1,5,191,1,223,0
-1,2,194,1,223,0
-2,3,199,1,223,0
0,4,207,1,223,0
2,-3,222,1,223,0
-9,1,3,1,223,0
-5,7,4,1,223,0
8,-2,34,1,223,0
8,3,47,1,223,0
7,2,53,1,223,0
5,-3,197,1,223,0
2,7,59,1,223,0
3,8,66,1,223,0
6,1,89,1,223,0
-1,-2,101,1,223,0
2,-4,126,1,223,0
-4,-1,179,1,223,0
-2,-5,184,1,223,0
-3,5,191,1,223,0
1,6,198,1,223,0
-1,3,201,1,223,0
1,-1,223,1,223,0
-2,4,207,1,223,0
0,5,215,1,223,0
3,-7,221,1,223,0
-8,1,9,1,223,0
8,4,11,1,223,0
-4,7,16,1,223,0
8,-3,23,1,223,0
7,3,51,1,223,0
2,8,62,1,223,0
4,0,66,1,223,0
4,-1,158,1,223,0
5,1,85,1,223,0
6,2,96,1,223,0
6,-7,98,1,223,0
2,-5,119,1,223,0
1,-2,143,1,223,0
5,-4,191,1,223,0
-3,6,199,1,223,0
-1,4,208,1,223,0
-7,-1,211,1,223,0
1,7,213,1,223,0
0,6,222,1,223,0
-4,8,14,1,223,0
-7,1,15,1,223,0
-3,7,24,1,223,0
8,5,31,1,223,0
7,4,43,1,223,0
7,-1,44,1,223,0
4,-2,205,1,223,0
4,1,72,1,223,0
6,3,104,1,223,0
5,2,111,1,223,0
1,-3,133,1,223,0
3,0,167,1,223,0
-2,6,201,1,223,0
1,8,207,1,223,0
2,-6,209,1,223,0
0,7,221,1,223,0
-1,5,222,1,223,0
-5,0,4,1,224,0
-6,1,21,1,224,0
8,6,27,1,224,0
7,5,35,1,224,0
7,-2,39,1,224,0
4,-3,203,1,224,0
5,3,105,1,224,0
5,-6,108,1,224,0
4,2,118,1,224,0
3,1,125,1,224,0
2,0,165,1,224,0
-3,-1,173,1,224,0
-1,-5,189,1,224,0
1,-4,194,1,224,0
0,-1,196,1,224,0
-2,7,208,1,224,0
2,-7,219,1,224,0
-1,6,222,1,224,0
0,8,223,1,224,0
-4,0,9,1,224,0
-5,1,24,1,224,0
7,6,26,1,224,0
-2,8,31,1,224,0
5,4,35,1,224,0
7,-3,43,1,224,0
4,3,44,1,224,0
8,-6,45,1,224,0
3,-1,151,1,224,0
8,7,98,1,224,0
5,-7,103,1,224,0
3,2,119,1,224,0
6,5,125,1,224,0
2,1,132,1,224,0
1,0,159,1,224,0
-3,-2,163,1,224,0
0,-2,179,1,224,0
-1,-6,192,1,224,0
1,-5,201,1,224,0
-1,7,215,1,224,0
-6,-1,218,1,224,0
2,-8,223,1,224,0
8,8,12,1,224,0
7,-4,34,1,224,0
-1,8,35,1,224,0
6,-1,169,1,224,0
7,7,106,1,224,0
4,-5,118,1,224,0
6,6,124,1,224,0
5,5,133,1,224,0
4,4,142,1,224,0
3,-2,212,1,224,0
3,3,151,1,224,0
2,2,159,1,224,0
-5,2,159,1,224,0
-3,0,168,1,224,0
-3,-3,169,1,224,0
1,1,169,1,224,0
0,-3,186,1,224,0
0,0,195,1,224,0
1,-6,206,1,224,0
7,8,13,1,224,0
7,-5,41,1,224,0
5,6,107,1,224,0
6,7,109,1,224,0
4,-6,111,1,224,0
4,5,118,1,224,0
3,4,128,1,224,0
3,-3,129,1,224,0
2,3,136,1,224,0
-3,1,149,1,224,0
-2,-1,155,1,224,0
-4,2,158,1,224,0
0,1,165,1,224,0
-2,0,166,1,224,0
1,2,169,1,224,0
6,-2,175,1,224,0
-5,3,175,1,224,0
-3,-4,175,1,224,0
0,-4,193,1,224,0
1,-7,209,1,224,0
7,9,5,1,224,0
8,0,28,1,224,0
-4,3,37,1,224,0
6,-3,182,1,224,0
7,-6,49,1,224,0
6,8,89,1,224,0
5,7,105,1,224,0
2,4,107,1,224,0
4,6,113,1,224,0
1,3,114,1,224,0
3,5,119,1,224,0
3,-4,127,1,224,0
-2,1,143,1,224,0
0,2,172,1,224,0
-1,0,179,1,224,0
-5,4,179,1,224,0
2,-1,219,1,224,0
-5,-1,223,1,224,0
4,-7,223,1,224,0
-3,3,45,1,224,0
5,-1,166,1,224,0
8,1,61,1,224,0
7,0,71,1,224,0
4,7,75,1,224,0
3,6,77,1,224,0
7,-7,89,1,224,0
5,8,96,1,224,0
3,-5,119,1,224,0
0,3,179,1,224,0
-4,4,182,1,224,0
6,-4,189,1,224,0
1,4,185,1,224,0
-1,1,187,1,224,0
-2,2,193,1,224,0
0,-6,199,1,224,0
-8,-1,205,1,224,0
2,-2,216,1,224,0
9,3,1,1,224,0
8,-1,36,1,224,0
2,6,36,1,224,0
8,2,58,1,224,0
7,1,66,1,224,0
3,7,69,1,224,0
4,8,71,1,224,0
6,0,79,1,224,0
7,-8,87,1,224,0
3,-6,112,1,224,0
-1,-1,147,1,224,0
-2,-4,177,1,224,0
-4,5,189,1,224,0
1,5,191,1,224,0
-1,2,194,1,224,0
-2,3,199,1,224,0
0,4,207,1,224,0
2,-3,222,1,224,0
-9,1,3,1,224,0
-5,7,4,1,224,0
8,-2,34,1,224,0
8,3,47,1,224,0
7,2,53,1,224,0
5,-3,197,1,224,0
2,7,59,1,224,0
3,8,66,1,224,0
6,1,89,1,224,0
-1,-2,101,1,224,0
-4,-1,179,1,224,0
-2,-5,184,1,224,0
-3,5,191,1,224,0
1,6,198,1,224,0
-1,3,201,1,224,0
1,-1,224,1,224,0
-2,4,207,1,224,0
0,5,215,1,224,0
3,-7,221,1,224,0
2,-4,223,1,224,0
-8,1,9,1,224,0
8,4,11,1,224,0
-4,7,16,1,224,0
8,-3,23,1,224,0
7,3,51,1,224,0
2,8,62,1,224,0
4,0,66,1,224,0
4,-1,158,1,224,0
5,1,85,1,224,0
6,2,96,1,224,0
6,-7,98,1,224,0
2,-5,119,1,224,0
1,-2,143,1,224,0
5,-4,191,1,224,0
-3,6,199,1,224,0
-1,4,208,1,224,0
-7,-1,211,1,224,0
1,7,213,1,224,0
0,6,223,1,224,0
-4,8,14,1,224,0
-7,1,15,1,224,0
-3,7,24,1,224,0
8,5,31,1,224,0
7,4,43,1,224,0
7,-1,44,1,224,0
4,-2,205,1,224,0
4,1,72,1,224,0
6,3,104,1,224,0
5,2,111,1,224,0
1,-3,133,1,224,0
3,0,167,1,224,0
-2,6,201,1,224,0
1,8,207,1,224,0
2,-6,209,1,224,0
0,7,221,1,224,0
-1,5,223,1,224,0
-5,0,4,1,225,0
-6,1,21,1,225,0
8,6,27,1,225,0
7,5,35,1,225,0
7,-2,39,1,225,0
4,-3,203,1,225,0
5,3,105,1,225,0
5,-6,108,1,225,0
4,2,118,1,225,0
3,1,125,1,225,0
2,0,165,1,225,0
-3,-1,173,1,225,0
-1,-5,189,1,225,0
1,-4,194,1,225,0
0,-1,196,1,225,0
-2,7,208,1,225,0
2,-7,219,1,225,0
-1,6,222,1,225,0
0,8,224,1,225,0
-4,0,9,1,225,0
-5,1,24,1,225,0
7,6,26,1,225,0
-2,8,31,1,225,0
5,4,35,1,225,0
7,-3,43,1,225,0
4,3,44,1,225,0
8,-6,45,1,225,0
3,-1,151,1,225,0
8,7,98,1,225,0
5,-7,103,1,225,0
3,2,119,1,225,0
6,5,125,1,225,0
2,1,132,1,225,0
1,0,159,1,225,0
-3,-2,163,1,225,0
0,-2,179,1,225,0
-1,-6,192,1,225,0
1,-5,201,1,225,0
-1,7,215,1,225,0
-6,-1,218,1,225,0
2,-8,224,1,225,0
8,8,12,1,225,0
7,-4,34,1,225,0
-1,8,35,1,225,0
6,-1,169,1,225,0
7,7,106,1,225,0
4,-5,118,1,225,0
6,6,124,1,225,0
5,5,133,1,225,0
4,4,142,1,225,0
3,-2,212,1,225,0
3,3,151,1,225,0
2,2,159,1,225,0
-5,2,159,1,225,0
-3,0,168,1,225,0
-3,-3,169,1,225,0
1,1,169,1,225,0
0,-3,186,1,225,0
0,0,195,1,225,0
1,-6,206,1,225,0
7,8,13,1,225,0
7,-5,41,1,225,0
5,6,107,1,225,0
6,7,109,1,225,0
4,-6,111,1,225,0
4,5,118,1,225,0
3,4,128,1,225,0
3,-3,129,1,225,0
2,3,136,1,225,0
-3,1,149,1,225,0
-2,-1,155,1,225,0
-4,2,158,1,225,0
0,1,165,1,225,0
-2,0,166,1,225,0
1,2,169,1,225,0
6,-2,175,1,225,0
-5,3,175,1,225,0
-3,-4,175,1,225,0
0,-4,193,1,225,0
1,-7,209,1,225,0
7,9,5,1,225,0
8,0,28,1,225,0
-4,3,37,1,225,0
6,-3,182,1,225,0
7,-6,49,1,225,0
6,8,89,1,225,0
5,7,105,1,225,0
2,4,107,1,225,0
4,6,113,1,225,0
1,3,114,1,225,0
3,5,119,1,225,0
3,-4,127,1,225,0
-2,1,143,1,225,0
0,2,172,1,225,0
-1,0,179,1,225,0
-5,4,179,1,225,0
2,-1,219,1,225,0
-5,-1,223,1,225,0
4,-7,224,1,225,0
-3,3,45,1,225,0
5,-1,166,1,225,0
8,1,61,1,225,0
7,0,71,1,225,0
4,7,75,1,225,0
3,6,77,1,225,0
7,-7,89,1,225,0
5,8,96,1,225,0
3,-5,119,1,225,0
0,3,179,1,225,0
-4,4,182,1,225,0
6,-4,189,1,225,0
1,4,185,1,225,0
-1,1,187,1,225,0
-2,2,193,1,225,0
0,-6,199,1,225,0
-8,-1,205,1,225,0
2,-2,216,1,225,0
-5,-2,224,1,225,0
9,3,1,1,225,0
8,-1,36,1,225,0
2,6,36,1,225,0
8,2,58,1,225,0
7,1,66,1,225,0
3,7,69,1,225,0
4,8,71,1,225,0
6,0,79,1,225,0
7,-8,87,1,225,0
3,-6,112,1,225,0
-1,-1,147,1,225,0
-2,-4,177,1,225,0
-4,5,189,1,225,0
1,5,191,1,225,0
-1,2,194,1,225,0
-2,3,199,1,225,0
0,4,207,1,225,0
2,-3,222,1,225,0
-9,1,3,1,225,0
-5,7,4,1,225,0
8,-2,34,1,225,0
8,3,47,1,225,0
7,2,53,1,225,0
5,-3,197,1,225,0
2,7,59,1,225,0
3,8,66,1,225,0
6,1,89,1,225,0
-1,-2,101,1,225,0
-4,-1,179,1,225,0
-2,-5,184,1,225,0
-3,5,191,1,225,0
1,6,198,1,225,0
-1,3,201,1,225,0
1,-1,225,1,225,0
-2,4,207,1,225,0
0,5,215,1,225,0
3,-7,221,1,225,0
2,-4,224,1,225,0
-8,1,9,1,225,0
8,4,11,1,225,0
-4,7,16,1,225,0
8,-3,23,1,225,0
7,3,51,1,225,0
2,8,62,1,225,0
4,0,66,1,225,0
4,-1,158,1,225,0
5,1,85,1,225,0
6,2,96,1,225,0
6,-7,98,1,225,0
2,-5,119,1,225,0
1,-2,143,1,225,0
5,-4,191,1,225,0
-3,6,199,1,225,0
-1,4,208,1,225,0
-7,-1,211,1,225,0
1,7,213,1,225,0
0,6,224,1,225,0
-4,8,14,1,225,0
-7,1,15,1,225,0
-3,7,24,1,225,0
8,5,31,1,225,0
7,4,43,1,225,0
7,-1,44,1,225,0
4,-2,205,1,225,0
4,1,72,1,225,0
6,3,104,1,225,0
5,2,111,1,225,0
1,-3,133,1,225,0
3,0,167,1,225,0
-2,6,201,1,225,0
1,8,207,1,225,0
2,-6,209,1,225,0
0,7,221,1,225,0
-1,5,224,1,225,0
-5,0,4,1,226,0
-6,1,21,1,226,0
8,6,27,1,226,0
7,5,35,1,226,0
7,-2,39,1,226,0
4,-3,203,1,226,0
5,3,105,1,226,0
5,-6,108,1,226,0
4,2,118,1,226,0
3,1,125,1,226,0
2,0,165,1,226,0
-3,-1,173,1,226,0
-1,-5,189,1,226,0
1,-4,194,1,226,0
0,-1,196,1,226,0
-2,7,208,1,226,0
-1,6,222,1,226,0
2,-7,225,1,226,0
0,8,225,1,226,0
-4,0,9,1,226,0
-5,1,24,1,226,0
7,6,26,1,226,0
-2,8,31,1,226,0
5,4,35,1,226,0
7,-3,43,1,226,0
4,3,44,1,226,0
8,-6,45,1,226,0
3,-1,151,1,226,0
8,7,98,1,226,0
5,-7,103,1,226,0
3,2,119,1,226,0
6,5,125,1,226,0
2,1,132,1,226,0
1,0,226,1,226,0
-3,-2,163,1,226,0
0,-2,179,1,226,0
-1,-6,192,1,226,0
1,-5,201,1,226,0
-1,7,215,1,226,0
-6,-1,218,1,226,0
2,-8,224,1,226,0
8,8,12,1,226,0
7,-4,34,1,226,0
-1,8,35,1,226,0
6,-1,169,1,226,0
7,7,106,1,226,0
4,-5,118,1,226,0
6,6,124,1,226,0
5,5,133,1,226,0
4,4,142,1,226,0
3,-2,212,1,226,0
3,3,151,1,226,0
2,2,159,1,226,0
-5,2,159,1,226,0
-3,0,168,1,226,0
-3,-3,169,1,226,0
1,1,169,1,226,0
0,-3,186,1,226,0
0,0,195,1,226,0
1,-6,206,1,226,0
7,8,13,1,226,0
7,-5,41,1,226,0
5,6,107,1,226,0
6,7,109,1,226,0
4,-6,111,1,226,0
4,5,118,1,226,0
3,4,128,1,226,0
3,-3,129,1,226,0
2,3,136,1,226,0
-3,1,149,1,226,0
-2,-1,155,1,226,0
-4,2,158,1,226,0
0,1,165,1,226,0
-2,0,166,1,226,0
1,2,169,1,226,0
6,-2,175,1,226,0
-5,3,175,1,226,0
-3,-4,175,1,226,0
0,-4,193,1,226,0
1,-7,209,1,226,0
7,9,5,1,226,0
8,0,28,1,226,0
-4,3,37,1,226,0
6,-3,182,1,226,0
7,-6,49,1,226,0
6,8,89,1,226,0
5,7,105,1,226,0
2,4,107,1,226,0
4,6,113,1,226,0
1,3,114,1,226,0
3,5,119,1,226,0
3,-4,127,1,226,0
-2,1,143,1,226,0
0,2,172,1,226,0
-1,0,179,1,226,0
-5,4,179,1,226,0
2,-1,219,1,226,0
-5,-1,223,1,226,0
4,-7,225,1,226,0
-3,3,45,1,226,0
5,-1,166,1,226,0
8,1,61,1,226,0
7,0,71,1,226,0
4,7,75,1,226,0
3,6,77,1,226,0
7,-7,89,1,226,0
5,8,96,1,226,0
3,-5,119,1,226,0
0,3,179,1,226,0
-4,4,182,1,226,0
6,-4,189,1,226,0
1,4,185,1,226,0
-1,1,187,1,226,0
-2,2,193,1,226,0
0,-6,199,1,226,0
-8,-1,205,1,226,0
2,-2,216,1,226,0
-5,-2,225,1,226,0
9,3,1,1,226,0
8,-1,36,1,226,0
2,6,36,1,226,0
8,2,58,1,226,0
7,1,66,1,226,0
3,7,69,1,226,0
4,8,71,1,226,0
6,0,79,1,226,0
7,-8,87,1,226,0
3,-6,112,1,226,0
-1,-1,147,1,226,0
-2,-4,177,1,226,0
-4,5,189,1,226,0
-1,2,194,1,226,0
-2,3,199,1,226,0
0,4,207,1,226,0
2,-3,222,1,226,0
1,5,225,1,226,0
-9,1,3,1,226,0
-5,7,4,1,226,0
8,-2,34,1,226,0
8,3,47,1,226,0
7,2,53,1,226,0
5,-3,197,1,226,0
2,7,59,1,226,0
3,8,66,1,226,0
6,1,89,1,226,0
-1,-2,101,1,226,0
-4,-1,179,1,226,0
-2,-5,184,1,226,0
-3,5,191,1,226,0
1,6,198,1,226,0
-1,3,201,1,226,0
1,-1,225,1,226,0
-2,4,207,1,226,0
0,5,215,1,226,0
3,-7,221,1,226,0
2,-4,225,1,226,0
-8,1,9,1,226,0
8,4,11,1,226,0
-4,7,16,1,226,0
8,-3,23,1,226,0
7,3,51,1,226,0
2,8,62,1,226,0
4,0,66,1,226,0
4,-1,158,1,226,0
5,1,85,1,226,0
6,2,96,1,226,0
6,-7,98,1,226,0
2,-5,119,1,226,0
1,-2,143,1,226,0
5,-4,191,1,226,0
-3,6,199,1,226,0
-1,4,208,1,226,0
-7,-1,211,1,226,0
1,7,213,1,226,0
0,6,224,1,226,0
-2,5,225,1,226,0
-4,8,14,1,226,0
-7,1,15,1,226,0
-3,7,24,1,226,0
8,5,31,1,226,0
7,4,43,1,226,0
7,-1,44,1,226,0
4,-2,205,1,226,0
4,1,72,1,226,0
6,3,104,1,226,0
5,2,111,1,226,0
1,-3,133,1,226,0
3,0,167,1,226,0
-2,6,201,1,226,0
1,8,207,1,226,0
2,-6,209,1,226,0
0,7,221,1,226,0
-1,5,225,1,226,0
-5,0,4,1,227,0
-6,1,21,1,227,0
8,6,27,1,227,0
7,5,35,1,227,0
7,-2,39,1,227,0
4,-3,203,1,227,0
5,3,105,1,227,0
5,-6,108,1,227,0
4,2,118,1,227,0
3,1,125,1,227,0
2,0,165,1,227,0
-3,-1,173,1,227,0
-1,-5,189,1,227,0
1,-4,194,1,227,0
0,-1,196,1,227,0
-2,7,208,1,227,0
-1,6,222,1,227,0
2,-7,226,1,227,0
0,8,226,1,227,0
-4,0,9,1,227,0
-5,1,24,1,227,0
7,6,26,1,227,0
-2,8,31,1,227,0
5,4,35,1,227,0
7,-3,43,1,227,0
4,3,44,1,227,0
8,-6,45,1,227,0
3,-1,151,1,227,0
8,7,98,1,227,0
5,-7,103,1,227,0
3,2,119,1,227,0
6,5,125,1,227,0
2,1,132,1,227,0
1,0,227,1,227,0
-3,-2,163,1,227,0
0,-2,179,1,227,0
-1,-6,192,1,227,0
1,-5,201,1,227,0
-1,7,215,1,227,0
-6,-1,218,1,227,0
2,-8,224,1,227,0
8,8,12,1,227,0
7,-4,34,1,227,0
-1,8,35,1,227,0
6,-1,169,1,227,0
7,7,106,1,227,0
4,-5,118,1,227,0
6,6,124,1,227,0
5,5,133,1,227,0
4,4,142,1,227,0
3,-2,212,1,227,0
3,3,151,1,227,0
2,2,159,1,227,0
-5,2,159,1,227,0
-3,0,168,1,227,0
-3,-3,169,1,227,0
1,1,169,1,227,0
0,-3,186,1,227,0
0,0,195,1,227,0
1,-6,206,1,227,0
7,8,13,1,227,0
7,-5,41,1,227,0
5,6,107,1,227,0
6,7,109,1,227,0
4,-6,111,1,227,0
4,5,118,1,227,0
3,4,128,1,227,0
3,-3,129,1,227,0
2,3,136,1,227,0
-3,1,149,1,227,0
-2,-1,155,1,227,0
-4,2,158,1,227,0
0,1,165,1,227,0
-2,0,166,1,227,0
1,2,169,1,227,0
6,-2,175,1,227,0
-5,3,175,1,227,0
-3,-4,175,1,227,0
0,-4,193,1,227,0
1,-7,209,1,227,0
7,9,5,1,227,0
8,0,28,1,227,0
-4,3,37,1,227,0
6,-3,182,1,227,0
7,-6,49,1,227,0
6,8,89,1,227,0
5,7,105,1,227,0
2,4,107,1,227,0
4,6,113,1,227,0
1,3,114,1,227,0
3,5,119,1,227,0
3,-4,127,1,227,0
-2,1,143,1,227,0
0,2,172,1,227,0
-1,0,179,1,227,0
-5,4,179,1,227,0
2,-1,219,1,227,0
-5,-1,223,1,227,0
4,-7,225,1,227,0
-3,3,45,1,227,0
5,-1,166,1,227,0
8,1,61,1,227,0
7,0,71,1,227,0
4,7,75,1,227,0
3,6,77,1,227,0
7,-7,89,1,227,0
5,8,96,1,227,0
3,-5,119,1,227,0
0,3,179,1,227,0
-4,4,182,1,227,0
6,-4,189,1,227,0
1,4,185,1,227,0
-1,1,187,1,227,0
-2,2,193,1,227,0
0,-6,199,1,227,0
-8,-1,205,1,227,0
2,-2,216,1,227,0
-5,-2,225,1,227,0
4,-8,226,1,227,0
9,3,1,1,227,0
8,-1,36,1,227,0
2,6,36,1,227,0
8,2,58,1,227,0
7,1,66,1,227,0
3,7,69,1,227,0
4,8,71,1,227,0
6,0,79,1,227,0
7,-8,87,1,227,0
3,-6,112,1,227,0
-1,-1,147,1,227,0
-2,-4,177,1,227,0
-4,5,189,1,227,0
-1,2,194,1,227,0
-2,3,199,1,227,0
0,4,207,1,227,0
2,-3,222,1,227,0
1,5,226,1,227,0
-9,1,3,1,227,0
-5,7,4,1,227,0
8,-2,34,1,227,0
8,3,47,1,227,0
7,2,53,1,227,0
5,-3,197,1,227,0
2,7,59,1,227,0
3,8,66,1,227,0
6,1,89,1,227,0
-1,-2,101,1,227,0
-4,-1,179,1,227,0
-2,-5,184,1,227,0
-3,5,191,1,227,0
1,6,198,1,227,0
-1,3,201,1,227,0
1,-1,225,1,227,0
-2,4,207,1,227,0
0,5,215,1,227,0
3,-7,221,1,227,0
2,-4,226,1,227,0
-8,1,9,1,227,0
8,4,11,1,227,0
-4,7,16,1,227,0
8,-3,23,1,227,0
7,3,51,1,227,0
2,8,62,1,227,0
4,0,66,1,227,0
4,-1,158,1,227,0
5,1,85,1,227,0
6,2,96,1,227,0
6,-7,98,1,227,0
2,-5,119,1,227,0
1,-2,143,1,227,0
5,-4,191,1,227,0
-3,6,199,1,227,0
-1,4,208,1,227,0
-7,-1,211,1,227,0
1,7,213,1,227,0
0,6,224,1,227,0
-2,5,226,1,227,0
-4,-2,226,1,227,0
-4,8,14,1,227,0
-7,1,15,1,227,0
-3,7,24,1,227,0
8,5,31,1,227,0
7,4,43,1,227,0
7,-1,44,1,227,0
4,-2,205,1,227,0
4,1,72,1,227,0
6,3,104,1,227,0
5,2,111,1,227,0
1,-3,133,1,227,0
3,0,167,1,227,0
-2,6,201,1,227,0
1,8,207,1,227,0
2,-6,209,1,227,0
0,7,221,1,227,0
-1,5,226,1,227,0
-5,0,4,1,228,0
-6,1,21,1,228,0
8,6,27,1,228,0
7,5,35,1,228,0
7,-2,39,1,228,0
4,-3,203,1,228,0
5,3,105,1,228,0
5,-6,108,1,228,0
4,2,118,1,228,0
3,1,125,1,228,0
2,0,165,1,228,0
-3,-1,173,1,228,0
-1,-5,189,1,228,0
1,-4,194,1,228,0
0,-1,196,1,228,0
-2,7,208,1,228,0
-1,6,222,1,228,0
0,8,226,1,228,0
2,-7,227,1,228,0
-4,0,9,1,228,0
-5,1,24,1,228,0
7,6,26,1,228,0
-2,8,31,1,228,0
5,4,35,1,228,0
7,-3,43,1,228,0
4,3,44,1,228,0
8,-6,45,1,228,0
3,-1,151,1,228,0
8,7,98,1,228,0
5,-7,103,1,228,0
3,2,119,1,228,0
6,5,125,1,228,0
2,1,132,1,228,0
1,0,227,1,228,0
-3,-2,163,1,228,0
0,-2,179,1,228,0
-1,-6,192,1,228,0
1,-5,201,1,228,0
-1,7,215,1,228,0
-6,-1,218,1,228,0
2,-8,224,1,228,0
8,8,12,1,228,0
7,-4,34,1,228,0
6,-1,169,1,228,0
7,7,106,1,228,0
4,-5,118,1,228,0
6,6,124,1,228,0
5,5,133,1,228,0
4,4,142,1,228,0
3,-2,212,1,228,0
3,3,151,1,228,0
2,2,159,1,228,0
-5,2,159,1,228,0
-3,0,168,1,228,0
-3,-3,169,1,228,0
1,1,169,1,228,0
0,-3,186,1,228,0
0,0,228,1,228,0
1,-6,206,1,228,0
-1,8,227,1,228,0
7,8,13,1,228,0
7,-5,41,1,228,0
5,6,107,1,228,0
6,7,109,1,228,0
4,-6,111,1,228,0
4,5,118,1,228,0
3,4,128,1,228,0
3,-3,129,1,228,0
2,3,136,1,228,0
-3,1,149,1,228,0
-2,-1,155,1,228,0
-4,2,158,1,228,0
0,1,165,1,228,0
-2,0,166,1,228,0
1,2,169,1,228,0
6,-2,175,1,228,0
-5,3,175,1,228,0
-3,-4,175,1,228,0
0,-4,193,1,228,0
1,-7,209,1,228,0
7,9,5,1,228,0
8,0,28,1,228,0
-4,3,37,1,228,0
6,-3,182,1,228,0
7,-6,49,1,228,0
6,8,89,1,228,0
5,7,105,1,228,0
2,4,107,1,228,0
4,6,113,1,228,0
1,3,114,1,228,0
3,5,119,1,228,0
3,-4,127,1,228,0
-2,1,143,1,228,0
0,2,172,1,228,0
-1,0,179,1,228,0
-5,4,179,1,228,0
2,-1,219,1,228,0
-5,-1,223,1,228,0
4,-7,225,1,228,0
-3,3,45,1,228,0
5,-1,166,1,228,0
8,1,61,1,228,0
7,0,71,1,228,0
4,7,75,1,228,0
3,6,77,1,228,0
7,-7,89,1,228,0
5,8,96,1,228,0
3,-5,119,1,228,0
0,3,179,1,228,0
-4,4,182,1,228,0
6,-4,189,1,228,0
1,4,185,1,228,0
-1,1,187,1,228,0
-2,2,193,1,228,0
0,-6,199,1,228,0
-8,-1,205,1,228,0
2,-2,216,1,228,0
-5,-2,225,1,228,0
4,-8,226,1,228,0
9,3,1,1,228,0
8,-1,36,1,228,0
2,6,36,1,228,0
8,2,58,1,228,0
7,1,66,1,228,0
3,7,69,1,228,0
4,8,71,1,228,0
6,0,79,1,228,0
7,-8,87,1,228,0
3,-6,112,1,228,0
-1,-1,147,1,228,0
-2,-4,177,1,228,0
-4,5,189,1,228,0
-1,2,194,1,228,0
-2,3,199,1,228,0
0,4,207,1,228,0
2,-3,222,1,228,0
1,5,227,1,228,0
-9,1,3,1,228,0
-5,7,4,1,228,0
8,-2,34,1,228,0
8,3,47,1,228,0
7,2,53,1,228,0
5,-3,197,1,228,0
2,7,59,1,228,0
3,8,66,1,228,0
6,1,89,1,228,0
-1,-2,101,1,228,0
-4,-1,179,1,228,0
-2,-5,184,1,228,0
-3,5,191,1,228,0
1,6,198,1,228,0
-1,3,201,1,228,0
1,-1,225,1,228,0
-2,4,207,1,228,0
0,5,215,1,228,0
3,-7,221,1,228,0
2,-4,227,1,228,0
-8,1,9,1,228,0
8,4,11,1,228,0
-4,7,16,1,228,0
8,-3,23,1,228,0
7,3,51,1,228,0
2,8,62,1,228,0
4,0,66,1,228,0
4,-1,158,1,228,0
5,1,85,1,228,0
6,2,96,1,228,0
6,-7,98,1,228,0
2,-5,119,1,228,0
1,-2,143,1,228,0
5,-4,191,1,228,0
-3,6,199,1,228,0
-1,4,208,1,228,0
-7,-1,211,1,228,0
1,7,213,1,228,0
0,6,224,1,228,0
-2,5,227,1,228,0
-4,-2,227,1,228,0
-4,8,14,1,228,0
-7,1,15,1,228,0
-3,7,24,1,228,0
8,5,31,1,228,0
7,4,43,1,228,0
7,-1,44,1,228,0
4,-2,205,1,228,0
4,1,72,1,228,0
6,3,104,1,228,0
5,2,111,1,228,0
1,-3,133,1,228,0
3,0,167,1,228,0
-2,6,201,1,228,0
1,8,207,1,228,0
2,-6,209,1,228,0
0,7,221,1,228,0
-1,5,227,1,228,0
-5,0,4,1,229,0
-6,1,21,1,229,0
8,6,27,1,229,0
7,5,35,1,229,0
7,-2,39,1,229,0
4,-3,203,1,229,0
5,3,105,1,229,0
5,-6,108,1,229,0
4,2,118,1,229,0
3,1,125,1,229,0
2,0,165,1,229,0
-3,-1,173,1,229,0
-1,-5,189,1,229,0
1,-4,194,1,229,0
0,-1,196,1,229,0
-2,7,208,1,229,0
-1,6,222,1,229,0
0,8,226,1,229,0
2,-7,228,1,229,0
-4,0,9,1,229,0
-5,1,24,1,229,0
7,6,26,1,229,0
-2,8,31,1,229,0
5,4,35,1,229,0
7,-3,43,1,229,0
4,3,44,1,229,0
8,-6,45,1,229,0
3,-1,151,1,229,0
8,7,98,1,229,0
5,-7,103,1,229,0
3,2,119,1,229,0
6,5,125,1,229,0
2,1,132,1,229,0
1,0,227,1,229,0
-3,-2,163,1,229,0
0,-2,179,1,229,0
-1,-6,192,1,229,0
1,-5,201,1,229,0
-1,7,215,1,229,0
-6,-1,218,1,229,0
2,-8,224,1,229,0
8,8,12,1,229,0
7,-4,34,1,229,0
6,-1,169,1,229,0
7,7,106,1,229,0
4,-5,118,1,229,0
6,6,124,1,229,0
5,5,133,1,229,0
4,4,142,1,229,0
3,-2,212,1,229,0
3,3,151,1,229,0
2,2,159,1,229,0
-5,2,159,1,229,0
-3,0,168,1,229,0
-3,-3,169,1,229,0
1,1,169,1,229,0
0,-3,186,1,229,0
0,0,229,1,229,0
1,-6,206,1,229,0
-1,8,228,1,229,0
7,8,13,1,229,0
7,-5,41,1,229,0
5,6,107,1,229,0
6,7,109,1,229,0
4,-6,111,1,229,0
4,5,118,1,229,0
3,4,128,1,229,0
3,-3,129,1,229,0
2,3,136,1,229,0
-3,1,149,1,229,0
-2,-1,155,1,229,0
-4,2,158,1,229,0
0,1,165,1,229,0
-2,0,166,1,229,0
1,2,169,1,229,0
6,-2,175,1,229,0
-5,3,175,1,229,0
-3,-4,175,1,229,0
0,-4,193,1,229,0
1,-7,209,1,229,0
7,9,5,1,229,0
8,0,28,1,229,0
-4,3,37,1,229,0
6,-3,182,1,229,0
7,-6,49,1,229,0
6,8,89,1,229,0
5,7,105,1,229,0
2,4,107,1,229,0
4,6,113,1,229,0
1,3,114,1,229,0
3,5,119,1,229,0
3,-4,127,1,229,0
-2,1,143,1,229,0
0,2,172,1,229,0
-1,0,179,1,229,0
-5,4,179,1,229,0
2,-1,219,1,229,0
-5,-1,223,1,229,0
4,-7,225,1,229,0
-3,3,45,1,229,0
5,-1,166,1,229,0
8,1,61,1,229,0
7,0,71,1,229,0
4,7,75,1,229,0
3,6,77,1,229,0
7,-7,89,1,229,0
5,8,96,1,229,0
3,-5,119,1,229,0
0,3,179,1,229,0
-4,4,182,1,229,0
6,-4,189,1,229,0
1,4,185,1,229,0
-1,1,187,1,229,0
-2,2,193,1,229,0
0,-6,199,1,229,0
-8,-1,205,1,229,0
2,-2,216,1,229,0
-5,-2,225,1,229,0
4,-8,227,1,229,0
9,3,1,1,229,0
8,-1,36,1,229,0
2,6,36,1,229,0
8,2,58,1,229,0
7,1,66,1,229,0
3,7,69,1,229,0
4,8,71,1,229,0
6,0,79,1,229,0
7,-8,87,1,229,0
3,-6,112,1,229,0
-1,-1,147,1,229,0
-2,-4,177,1,229,0
-4,5,189,1,229,0
-1,2,194,1,229,0
-2,3,199,1,229,0
0,4,207,1,229,0
2,-3,222,1,229,0
1,5,228,1,229,0
-9,1,3,1,229,0
-5,7,4,1,229,0
8,-2,34,1,229,0
8,3,47,1,229,0
7,2,53,1,229,0
5,-3,197,1,229,0
2,7,59,1,229,0
3,8,66,1,229,0
6,1,89,1,229,0
-1,-2,101,1,229,0
-4,-1,179,1,229,0
-2,-5,184,1,229,0
-3,5,191,1,229,0
1,6,198,1,229,0
-1,3,201,1,229,0
1,-1,225,1,229,0
-2,4,207,1,229,0
0,5,215,1,229,0
3,-7,221,1,229,0
2,-4,228,1,229,0
-8,1,9,1,229,0
8,4,11,1,229,0
-4,7,16,1,229,0
8,-3,23,1,229,0
7,3,51,1,229,0
2,8,62,1,229,0
4,0,66,1,229,0
4,-1,158,1,229,0
5,1,85,1,229,0
6,2,96,1,229,0
6,-7,98,1,229,0
2,-5,119,1,229,0
1,-2,143,1,229,0
5,-4,191,1,229,0
-3,6,199,1,229,0
-1,4,208,1,229,0
-7,-1,211,1,229,0
1,7,213,1,229,0
0,6,224,1,229,0
-2,5,228,1,229,0
-4,-2,228,1,229,0
-4,8,14,1,229,0
-7,1,15,1,229,0
-3,7,24,1,229,0
8,5,31,1,229,0
7,4,43,1,229,0
7,-1,44,1,229,0
4,-2,205,1,229,0
4,1,72,1,229,0
6,3,104,1,229,0
5,2,111,1,229,0
1,-3,133,1,229,0
3,0,167,1,229,0
-2,6,201,1,229,0
1,8,207,1,229,0
2,-6,209,1,229,0
0,7,221,1,229,0
-1,5,228,1,229,0
-5,0,4,1,230,0
-6,1,21,1,230,0
8,6,27,1,230,0
7,5,35,1,230,0
7,-2,39,1,230,0
4,-3,203,1,230,0
5,3,105,1,230,0
5,-6,108,1,230,0
4,2,118,1,230,0
3,1,125,1,230,0
2,0,165,1,230,0
-3,-1,173,1,230,0
-1,-5,189,1,230,0
1,-4,194,1,230,0
0,-1,196,1,230,0
-2,7,208,1,230,0
-1,6,222,1,230,0
0,8,226,1,230,0
2,-7,228,1,230,0
-4,0,9,1,230,0
-5,1,24,1,230,0
7,6,26,1,230,0
-2,8,31,1,230,0
5,4,35,1,230,0
7,-3,43,1,230,0
4,3,44,1,230,0
8,-6,45,1,230,0
3,-1,151,1,230,0
8,7,98,1,230,0
5,-7,103,1,230,0
3,2,119,1,230,0
6,5,125,1,230,0
2,1,132,1,230,0
1,0,227,1,230,0
-3,-2,163,1,230,0
0,-2,179,1,230,0
-1,-6,192,1,230,0
1,-5,201,1,230,0
-6,-1,218,1,230,0
2,-8,229,1,230,0
-1,7,229,1,230,0
8,8,12,1,230,0
7,-4,34,1,230,0
6,-1,169,1,230,0
7,7,106,1,230,0
4,-5,118,1,230,0
6,6,124,1,230,0
5,5,133,1,230,0
4,4,142,1,230,0
3,-2,212,1,230,0
3,3,151,1,230,0
2,2,159,1,230,0
-5,2,159,1,230,0
-3,0,168,1,230,0
-3,-3,169,1,230,0
1,1,169,1,230,0
0,-3,186,1,230,0
0,0,229,1,230,0
1,-6,206,1,230,0
-1,8,228,1,230,0
7,8,13,1,230,0
7,-5,41,1,230,0
5,6,107,1,230,0
6,7,109,1,230,0
4,-6,111,1,230,0
4,5,118,1,230,0
3,4,128,1,230,0
3,-3,129,1,230,0
2,3,136,1,230,0
-3,1,149,1,230,0
-2,-1,155,1,230,0
-4,2,158,1,230,0
0,1,165,1,230,0
-2,0,166,1,230,0
1,2,169,1,230,0
6,-2,175,1,230,0
-5,3,175,1,230,0
-3,-4,175,1,230,0
0,-4,193,1,230,0
1,-7,209,1,230,0
7,9,5,1,230,0
8,0,28,1,230,0
-4,3,37,1,230,0
6,-3,182,1,230,0
7,-6,49,1,230,0
6,8,89,1,230,0
5,7,105,1,230,0
2,4,107,1,230,0
4,6,113,1,230,0
1,3,114,1,230,0
3,5,119,1,230,0
3,-4,127,1,230,0
-2,1,143,1,230,0
0,2,172,1,230,0
-1,0,179,1,230,0
-5,4,179,1,230,0
2,-1,219,1,230,0
-5,-1,223,1,230,0
4,-7,225,1,230,0
-3,3,45,1,230,0
5,-1,166,1,230,0
8,1,61,1,230,0
7,0,71,1,230,0
4,7,75,1,230,0
3,6,77,1,230,0
7,-7,89,1,230,0
5,8,96,1,230,0
3,-5,119,1,230,0
0,3,179,1,230,0
-4,4,182,1,230,0
6,-4,189,1,230,0
1,4,185,1,230,0
-1,1,187,1,230,0
-2,2,193,1,230,0
0,-6,199,1,230,0
-8,-1,205,1,230,0
2,-2,216,1,230,0
-5,-2,225,1,230,0
4,-8,228,1,230,0
9,3,1,1,230,0
8,-1,36,1,230,0
2,6,36,1,230,0
8,2,58,1,230,0
7,1,66,1,230,0
3,7,69,1,230,0
4,8,71,1,230,0
6,0,79,1,230,0
7,-8,87,1,230,0
3,-6,112,1,230,0
-1,-1,147,1,230,0
-2,-4,177,1,230,0
-4,5,189,1,230,0
-1,2,194,1,230,0
-2,3,199,1,230,0
0,4,207,1,230,0
2,-3,222,1,230,0
1,5,229,1,230,0
-9,1,3,1,230,0
-5,7,4,1,230,0
8,-2,34,1,230,0
8,3,47,1,230,0
7,2,53,1,230,0
5,-3,197,1,230,0
2,7,59,1,230,0
3,8,66,1,230,0
6,1,89,1,230,0
-1,-2,101,1,230,0
-4,-1,179,1,230,0
-2,-5,184,1,230,0
-3,5,191,1,230,0
1,6,198,1,230,0
-1,3,201,1,230,0
1,-1,225,1,230,0
-2,4,207,1,230,0
0,5,215,1,230,0
3,-7,221,1,230,0
2,-4,229,1,230,0
-8,1,9,1,230,0
8,4,11,1,230,0
-4,7,16,1,230,0
8,-3,23,1,230,0
7,3,51,1,230,0
2,8,62,1,230,0
4,0,66,1,230,0
4,-1,158,1,230,0
5,1,85,1,230,0
6,2,96,1,230,0
6,-7,98,1,230,0
2,-5,119,1,230,0
1,-2,143,1,230,0
5,-4,191,1,230,0
-3,6,199,1,230,0
-1,4,208,1,230,0
-7,-1,211,1,230,0
1,7,213,1,230,0
0,6,224,1,230,0
-2,5,229,1,230,0
-4,-2,229,1,230,0
-4,8,14,1,230,0
-7,1,15,1,230,0
-3,7,24,1,230,0
8,5,31,1,230,0
7,4,43,1,230,0
7,-1,44,1,230,0
4,-2,205,1,230,0
4,1,72,1,230,0
6,3,104,1,230,0
5,2,111,1,230,0
1,-3,133,1,230,0
3,0,167,1,230,0
-2,6,201,1,230,0
1,8,207,1,230,0
2,-6,209,1,230,0
0,7,221,1,230,0
-1,5,229,1,230,0
-5,0,4,1,231,0
-6,1,21,1,231,0
8,6,27,1,231,0
7,5,35,1,231,0
7,-2,39,1,231,0
4,-3,203,1,231,0
5,3,105,1,231,0
5,-6,108,1,231,0
4,2,118,1,231,0
3,1,125,1,231,0
2,0,165,1,231,0
-3,-1,173,1,231,0
-1,-5,189,1,231,0
1,-4,194,1,231,0
0,-1,196,1,231,0
-2,7,208,1,231,0
-1,6,222,1,231,0
0,8,226,1,231,0
2,-7,228,1,231,0
-4,0,9,1,231,0
-5,1,24,1,231,0
7,6,26,1,231,0
-2,8,31,1,231,0
5,4,35,1,231,0
7,-3,43,1,231,0
4,3,44,1,231,0
8,-6,45,1,231,0
3,-1,151,1,231,0
8,7,98,1,231,0
5,-7,103,1,231,0
3,2,119,1,231,0
6,5,125,1,231,0
2,1,132,1,231,0
1,0,227,1,231,0
-3,-2,163,1,231,0
0,-2,179,1,231,0
-1,-6,192,1,231,0
1,-5,201,1,231,0
-6,-1,218,1,231,0
2,-8,229,1,231,0
-1,7,229,1,231,0
8,8,12,1,231,0
7,-4,34,1,231,0
6,-1,169,1,231,0
7,7,106,1,231,0
4,-5,118,1,231,0
6,6,124,1,231,0
5,5,133,1,231,0
4,4,142,1,231,0
3,-2,212,1,231,0
3,3,151,1,231,0
2,2,159,1,231,0
-5,2,159,1,231,0
-3,0,168,1,231,0
-3,-3,169,1,231,0
1,1,169,1,231,0
0,-3,186,1,231,0
0,0,231,1,231,0
1,-6,206,1,231,0
-1,8,228,1,231,0
7,8,13,1,231,0
7,-5,41,1,231,0
5,6,107,1,231,0
6,7,109,1,231,0
4,-6,111,1,231,0
4,5,118,1,231,0
3,4,128,1,231,0
3,-3,129,1,231,0
2,3,136,1,231,0
-3,1,149,1,231,0
-2,-1,155,1,231,0
-4,2,158,1,231,0
0,1,165,1,231,0
-2,0,166,1,231,0
1,2,169,1,231,0
6,-2,175,1,231,0
-5,3,175,1,231,0
-3,-4,175,1,231,0
0,-4,193,1,231,0
1,-7,209,1,231,0
7,9,5,1,231,0
8,0,28,1,231,0
-4,3,37,1,231,0
6,-3,182,1,231,0
7,-6,49,1,231,0
6,8,89,1,231,0
5,7,105,1,231,0
2,4,107,1,231,0
4,6,113,1,231,0
1,3,114,1,231,0
3,5,119,1,231,0
3,-4,127,1,231,0
-2,1,143,1,231,0
0,2,172,1,231,0
-1,0,179,1,231,0
-5,4,179,1,231,0
2,-1,219,1,231,0
-5,-1,223,1,231,0
4,-7,225,1,231,0
-3,3,45,1,231,0
5,-1,166,1,231,0
8,1,61,1,231,0
7,0,71,1,231,0
4,7,75,1,231,0
3,6,77,1,231,0
7,-7,89,1,231,0
5,8,96,1,231,0
3,-5,119,1,231,0
0,3,179,1,231,0
-4,4,182,1,231,0
6,-4,189,1,231,0
1,4,185,1,231,0
-1,1,187,1,231,0
-2,2,193,1,231,0
0,-6,199,1,231,0
-8,-1,205,1,231,0
2,-2,216,1,231,0
-5,-2,225,1,231,0
4,-8,229,1,231,0
9,3,1,1,231,0
8,-1,36,1,231,0
2,6,36,1,231,0
8,2,58,1,231,0
7,1,66,1,231,0
3,7,69,1,231,0
4,8,71,1,231,0
6,0,79,1,231,0
7,-8,87,1,231,0
3,-6,112,1,231,0
-1,-1,147,1,231,0
-2,-4,177,1,231,0
-4,5,189,1,231,0
-1,2,194,1,231,0
-2,3,199,1,231,0
0,4,207,1,231,0
2,-3,222,1,231,0
1,5,229,1,231,0
-9,1,3,1,231,0
-5,7,4,1,231,0
8,-2,34,1,231,0
8,3,47,1,231,0
7,2,53,1,231,0
5,-3,197,1,231,0
2,7,59,1,231,0
3,8,66,1,231,0
6,1,89,1,231,0
-1,-2,101,1,231,0
-4,-1,179,1,231,0
-2,-5,184,1,231,0
-3,5,191,1,231,0
1,6,198,1,231,0
-1,3,201,1,231,0
1,-1,225,1,231,0
-2,4,207,1,231,0
0,5,215,1,231,0
3,-7,221,1,231,0
2,-4,229,1,231,0
-8,1,9,1,231,0
8,4,11,1,231,0
-4,7,16,1,231,0
8,-3,23,1,231,0
7,3,51,1,231,0
2,8,62,1,231,0
4,0,66,1,231,0
4,-1,158,1,231,0
5,1,85,1,231,0
6,2,96,1,231,0
6,-7,98,1,231,0
2,-5,119,1,231,0
1,-2,143,1,231,0
5,-4,191,1,231,0
-3,6,199,1,231,0
-1,4,208,1,231,0
-7,-1,211,1,231,0
1,7,213,1,231,0
0,6,224,1,231,0
-2,5,229,1,231,0
-4,-2,229,1,231,0
-4,8,14,1,231,0
-7,1,15,1,231,0
-3,7,24,1,231,0
8,5,31,1,231,0
7,4,43,1,231,0
7,-1,44,1,231,0
4,-2,205,1,231,0
4,1,72,1,231,0
6,3,104,1,231,0
5,2,111,1,231,0
1,-3,133,1,231,0
3,0,167,1,231,0
-2,6,201,1,231,0
1,8,207,1,231,0
2,-6,209,1,231,0
0,7,221,1,231,0
-1,5,229,1,231,0
-5,0,4,1,232,0
-6,1,21,1,232,0
8,6,27,1,232,0
7,5,35,1,232,0
7,-2,39,1,232,0
4,-3,203,1,232,0
5,3,105,1,232,0
5,-6,108,1,232,0
4,2,118,1,232,0
3,1,125,1,232,0
2,0,165,1,232,0
-3,-1,173,1,232,0
-1,-5,189,1,232,0
1,-4,194,1,232,0
0,-1,196,1,232,0
-2,7,208,1,232,0
-1,6,222,1,232,0
0,8,226,1,232,0
2,-7,228,1,232,0
-4,0,9,1,232,0
-5,1,24,1,232,0
7,6,26,1,232,0
-2,8,31,1,232,0
5,4,35,1,232,0
7,-3,43,1,232,0
4,3,44,1,232,0
8,-6,45,1,232,0
3,-1,151,1,232,0
8,7,98,1,232,0
5,-7,103,1,232,0
3,2,119,1,232,0
6,5,125,1,232,0
2,1,132,1,232,0
1,0,227,1,232,0
-3,-2,163,1,232,0
0,-2,179,1,232,0
-1,-6,192,1,232,0
1,-5,201,1,232,0
-6,-1,218,1,232,0
2,-8,229,1,232,0
-1,7,231,1,232,0
8,8,12,1,232,0
7,-4,34,1,232,0
6,-1,169,1,232,0
7,7,106,1,232,0
4,-5,118,1,232,0
6,6,124,1,232,0
5,5,133,1,232,0
4,4,142,1,232,0
3,-2,212,1,232,0
3,3,151,1,232,0
2,2,159,1,232,0
-5,2,159,1,232,0
-3,0,168,1,232,0
-3,-3,169,1,232,0
1,1,169,1,232,0
0,-3,186,1,232,0
0,0,232,1,232,0
1,-6,206,1,232,0
-1,8,228,1,232,0
7,8,13,1,232,0
7,-5,41,1,232,0
5,6,107,1,232,0
6,7,109,1,232,0
4,-6,111,1,232,0
4,5,118,1,232,0
3,4,128,1,232,0
3,-3,129,1,232,0
2,3,136,1,232,0
-3,1,149,1,232,0
-2,-1,155,1,232,0
-4,2,158,1,232,0
0,1,165,1,232,0
-2,0,166,1,232,0
1,2,169,1,232,0
6,-2,175,1,232,0
-5,3,175,1,232,0
-3,-4,175,1,232,0
0,-4,193,1,232,0
1,-7,209,1,232,0
7,9,5,1,232,0
8,0,28,1,232,0
-4,3,37,1,232,0
6,-3,182,1,232,0
7,-6,49,1,232,0
6,8,89,1,232,0
5,7,105,1,232,0
2,4,107,1,232,0
4,6,113,1,232,0
1,3,114,1,232,0
3,5,119,1,232,0
-2,1,143,1,232,0
0,2,172,1,232,0
-1,0,179,1,232,0
-5,4,179,1,232,0
2,-1,219,1,232,0
-5,-1,223,1,232,0
4,-7,225,1,232,0
3,-4,231,1,232,0
-3,3,45,1,232,0
5,-1,166,1,232,0
8,1,61,1,232,0
7,0,71,1,232,0
4,7,75,1,232,0
3,6,77,1,232,0
7,-7,89,1,232,0
5,8,96,1,232,0
3,-5,119,1,232,0
0,3,179,1,232,0
-4,4,182,1,232,0
6,-4,189,1,232,0
1,4,185,1,232,0
-1,1,187,1,232,0
-2,2,193,1,232,0
0,-6,199,1,232,0
-8,-1,205,1,232,0
2,-2,216,1,232,0
-5,-2,225,1,232,0
4,-8,229,1,232,0
2,5,231,1,232,0
9,3,1,1,232,0
8,-1,36,1,232,0
2,6,36,1,232,0
8,2,58,1,232,0
7,1,66,1,232,0
3,7,69,1,232,0
4,8,71,1,232,0
6,0,79,1,232,0
7,-8,87,1,232,0
3,-6,112,1,232,0
-1,-1,147,1,232,0
-2,-4,177,1,232,0
-4,5,189,1,232,0
-1,2,194,1,232,0
-2,3,199,1,232,0
0,4,207,1,232,0
2,-3,222,1,232,0
1,5,229,1,232,0
-9,1,3,1,232,0
-5,7,4,1,232,0
8,-2,34,1,232,0
8,3,47,1,232,0
7,2,53,1,232,0
5,-3,197,1,232,0
2,7,59,1,232,0
3,8,66,1,232,0
6,1,89,1,232,0
-1,-2,101,1,232,0
-4,-1,179,1,232,0
-2,-5,184,1,232,0
-3,5,191,1,232,0
1,6,198,1,232,0
-1,3,201,1,232,0
1,-1,225,1,232,0
-2,4,207,1,232,0
0,5,215,1,232,0
3,-7,221,1,232,0
2,-4,229,1,232,0
-8,1,9,1,232,0
8,4,11,1,232,0
-4,7,16,1,232,0
8,-3,23,1,232,0
7,3,51,1,232,0
2,8,62,1,232,0
4,0,66,1,232,0
4,-1,158,1,232,0
5,1,85,1,232,0
6,2,96,1,232,0
6,-7,98,1,232,0
2,-5,119,1,232,0
1,-2,143,1,232,0
5,-4,191,1,232,0
-3,6,199,1,232,0
-1,4,208,1,232,0
-7,-1,211,1,232,0
1,7,213,1,232,0
0,6,224,1,232,0
-4,-2,229,1,232,0
-2,5,231,1,232,0
3,-8,231,1,232,0
-4,8,14,1,232,0
-7,1,15,1,232,0
-3,7,24,1,232,0
8,5,31,1,232,0
7,4,43,1,232,0
7,-1,44,1,232,0
4,-2,205,1,232,0
4,1,72,1,232,0
6,3,104,1,232,0
5,2,111,1,232,0
1,-3,133,1,232,0
3,0,167,1,232,0
-2,6,201,1,232,0
1,8,207,1,232,0
2,-6,209,1,232,0
0,7,221,1,232,0
-1,5,231,1,232,0
-5,0,4,1,233,0
-6,1,21,1,233,0
8,6,27,1,233,0
7,5,35,1,233,0
7,-2,39,1,233,0
4,-3,203,1,233,0
5,3,105,1,233,0
5,-6,108,1,233,0
4,2,118,1,233,0
3,1,125,1,233,0
2,0,165,1,233,0
-3,-1,173,1,233,0
-1,-5,189,1,233,0
1,-4,194,1,233,0
0,-1,196,1,233,0
-2,7,208,1,233,0
-1,6,222,1,233,0
0,8,226,1,233,0
2,-7,228,1,233,0
-4,0,9,1,233,0
-5,1,24,1,233,0
7,6,26,1,233,0
-2,8,31,1,233,0
5,4,35,1,233,0
7,-3,43,1,233,0
4,3,44,1,233,0
8,-6,45,1,233,0
3,-1,151,1,233,0
8,7,98,1,233,0
3,2,119,1,233,0
6,5,125,1,233,0
2,1,132,1,233,0
1,0,227,1,233,0
-3,-2,163,1,233,0
0,-2,179,1,233,0
-1,-6,192,1,233,0
1,-5,201,1,233,0
-6,-1,218,1,233,0
2,-8,229,1,233,0
-1,7,232,1,233,0
5,-7,232,1,233,0
8,8,12,1,233,0
7,-4,34,1,233,0
6,-1,169,1,233,0
7,7,106,1,233,0
4,-5,118,1,233,0
6,6,124,1,233,0
5,5,133,1,233,0
4,4,142,1,233,0
3,-2,212,1,233,0
3,3,151,1,233,0
2,2,159,1,233,0
-5,2,159,1,233,0
-3,0,168,1,233,0
-3,-3,169,1,233,0
1,1,169,1,233,0
0,-3,186,1,233,0
0,0,233,1,233,0
1,-6,206,1,233,0
-1,8,228,1,233,0
7,8,13,1,233,0
7,-5,41,1,233,0
5,6,107,1,233,0
6,7,109,1,233,0
4,-6,111,1,233,0
4,5,118,1,233,0
3,4,128,1,233,0
3,-3,129,1,233,0
2,3,136,1,233,0
-3,1,149,1,233,0
-2,-1,155,1,233,0
-4,2,158,1,233,0
0,1,165,1,233,0
-2,0,166,1,233,0
1,2,169,1,233,0
6,-2,175,1,233,0
-5,3,175,1,233,0
-3,-4,175,1,233,0
0,-4,193,1,233,0
1,-7,209,1,233,0
7,9,5,1,233,0
8,0,28,1,233,0
-4,3,37,1,233,0
6,-3,182,1,233,0
7,-6,49,1,233,0
6,8,89,1,233,0
5,7,105,1,233,0
2,4,107,1,233,0
4,6,113,1,233,0
1,3,114,1,233,0
3,5,119,1,233,0
-2,1,143,1,233,0
0,2,172,1,233,0
-1,0,179,1,233,0
-5,4,179,1,233,0
2,-1,219,1,233,0
-5,-1,223,1,233,0
4,-7,225,1,233,0
3,-4,232,1,233,0
-3,3,45,1,233,0
5,-1,166,1,233,0
8,1,61,1,233,0
7,0,71,1,233,0
4,7,75,1,233,0
3,6,77,1,233,0
7,-7,89,1,233,0
5,8,96,1,233,0
3,-5,119,1,233,0
0,3,179,1,233,0
-4,4,182,1,233,0
6,-4,189,1,233,0
1,4,185,1,233,0
-1,1,187,1,233,0
-2,2,193,1,233,0
0,-6,199,1,233,0
-8,-1,205,1,233,0
2,-2,216,1,233,0
-5,-2,225,1,233,0
4,-8,229,1,233,0
2,5,232,1,233,0
9,3,1,1,233,0
8,-1,36,1,233,0
2,6,36,1,233,0
8,2,58,1,233,0
7,1,66,1,233,0
3,7,69,1,233,0
4,8,71,1,233,0
6,0,79,1,233,0
7,-8,87,1,233,0
3,-6,112,1,233,0
-1,-1,147,1,233,0
-2,-4,177,1,233,0
-4,5,189,1,233,0
-1,2,194,1,233,0
-2,3,199,1,233,0
0,4,207,1,233,0
2,-3,222,1,233,0
1,5,229,1,233,0
-9,1,3,1,233,0
-5,7,4,1,233,0
8,-2,34,1,233,0
8,3,47,1,233,0
7,2,53,1,233,0
5,-3,197,1,233,0
2,7,59,1,233,0
3,8,66,1,233,0
6,1,89,1,233,0
-1,-2,101,1,233,0
-4,-1,179,1,233,0
-2,-5,184,1,233,0
-3,5,191,1,233,0
1,6,198,1,233,0
-1,3,201,1,233,0
1,-1,225,1,233,0
-2,4,207,1,233,0
0,5,215,1,233,0
2,-4,229,1,233,0
3,-7,232,1,233,0
-8,1,9,1,233,0
8,4,11,1,233,0
-4,7,16,1,233,0
8,-3,23,1,233,0
7,3,51,1,233,0
2,8,62,1,233,0
4,0,66,1,233,0
4,-1,158,1,233,0
5,1,85,1,233,0
6,2,96,1,233,0
6,-7,98,1,233,0
2,-5,119,1,233,0
1,-2,143,1,233,0
5,-4,191,1,233,0
-3,6,199,1,233,0
-7,-1,211,1,233,0
1,7,213,1,233,0
0,6,224,1,233,0
-2,5,231,1,233,0
3,-8,231,1,233,0
-1,4,232,1,233,0
-4,-2,231,1,233,0
-4,8,14,1,233,0
-7,1,15,1,233,0
-3,7,24,1,233,0
8,5,31,1,233,0
7,4,43,1,233,0
7,-1,44,1,233,0
4,-2,205,1,233,0
4,1,72,1,233,0
6,3,104,1,233,0
5,2,111,1,233,0
1,-3,133,1,233,0
3,0,167,1,233,0
-2,6,201,1,233,0
1,8,207,1,233,0
2,-6,209,1,233,0
0,7,221,1,233,0
-1,5,231,1,233,0
-4,-3,232,1,233,0
-5,0,4,1,234,0
-6,1,21,1,234,0
8,6,27,1,234,0
7,5,35,1,234,0
7,-2,39,1,234,0
4,-3,203,1,234,0
5,3,105,1,234,0
5,-6,108,1,234,0
4,2,118,1,234,0
3,1,125,1,234,0
2,0,165,1,234,0
-3,-1,173,1,234,0
-1,-5,189,1,234,0
1,-4,194,1,234,0
0,-1,196,1,234,0
-2,7,208,1,234,0
-1,6,222,1,234,0
0,8,226,1,234,0
2,-7,233,1,234,0
-4,0,9,1,234,0
-5,1,24,1,234,0
7,6,26,1,234,0
-2,8,31,1,234,0
5,4,35,1,234,0
7,-3,43,1,234,0
4,3,44,1,234,0
8,-6,45,1,234,0
3,-1,151,1,234,0
8,7,98,1,234,0
3,2,119,1,234,0
6,5,125,1,234,0
2,1,132,1,234,0
1,0,227,1,234,0
-3,-2,163,1,234,0
0,-2,179,1,234,0
-1,-6,192,1,234,0
1,-5,201,1,234,0
-6,-1,218,1,234,0
2,-8,229,1,234,0
-1,7,232,1,234,0
5,-7,232,1,234,0
8,8,12,1,234,0
7,-4,34,1,234,0
6,-1,169,1,234,0
7,7,106,1,234,0
4,-5,118,1,234,0
6,6,124,1,234,0
5,5,133,1,234,0
4,4,142,1,234,0
3,-2,212,1,234,0
3,3,151,1,234,0
2,2,159,1,234,0
-5,2,159,1,234,0
-3,0,168,1,234,0
-3,-3,169,1,234,0
1,1,169,1,234,0
0,-3,186,1,234,0
0,0,234,1,234,0
1,-6,206,1,234,0
-1,8,228,1,234,0
7,8,13,1,234,0
7,-5,41,1,234,0
5,6,107,1,234,0
6,7,109,1,234,0
4,-6,111,1,234,0
4,5,118,1,234,0
3,4,128,1,234,0
3,-3,129,1,234,0
2,3,136,1,234,0
-3,1,149,1,234,0
-2,-1,155,1,234,0
-4,2,158,1,234,0
0,1,165,1,234,0
-2,0,166,1,234,0
1,2,169,1,234,0
6,-2,175,1,234,0
-5,3,175,1,234,0
-3,-4,175,1,234,0
0,-4,193,1,234,0
1,-7,209,1,234,0
7,9,5,1,234,0
8,0,28,1,234,0
-4,3,37,1,234,0
6,-3,182,1,234,0
7,-6,49,1,234,0
6,8,89,1,234,0
5,7,105,1,234,0
2,4,107,1,234,0
4,6,113,1,234,0
1,3,114,1,234,0
3,5,119,1,234,0
-2,1,143,1,234,0
0,2,172,1,234,0
-1,0,179,1,234,0
-5,4,179,1,234,0
2,-1,219,1,234,0
-5,-1,223,1,234,0
4,-7,225,1,234,0
3,-4,233,1,234,0
-3,3,45,1,234,0
5,-1,166,1,234,0
8,1,61,1,234,0
7,0,71,1,234,0
4,7,75,1,234,0
3,6,77,1,234,0
7,-7,89,1,234,0
5,8,96,1,234,0
3,-5,119,1,234,0
0,3,179,1,234,0
-4,4,182,1,234,0
6,-4,189,1,234,0
1,4,185,1,234,0
-1,1,187,1,234,0
-2,2,193,1,234,0
0,-6,199,1,234,0
-8,-1,205,1,234,0
2,-2,216,1,234,0
-5,-2,225,1,234,0
4,-8,229,1,234,0
2,5,232,1,234,0
9,3,1,1,234,0
8,-1,36,1,234,0
8,2,58,1,234,0
7,1,66,1,234,0
3,7,69,1,234,0
4,8,71,1,234,0
6,0,79,1,234,0
7,-8,87,1,234,0
3,-6,112,1,234,0
-1,-1,147,1,234,0
-2,-4,177,1,234,0
-4,5,189,1,234,0
-1,2,194,1,234,0
-2,3,199,1,234,0
0,4,207,1,234,0
2,-3,222,1,234,0
1,5,229,1,234,0
2,6,233,1,234,0
-9,1,3,1,234,0
-5,7,4,1,234,0
8,-2,34,1,234,0
8,3,47,1,234,0
7,2,53,1,234,0
5,-3,197,1,234,0
2,7,59,1,234,0
3,8,66,1,234,0
6,1,89,1,234,0
-1,-2,101,1,234,0
-4,-1,179,1,234,0
-2,-5,184,1,234,0
-3,5,191,1,234,0
1,6,198,1,234,0
-1,3,201,1,234,0
1,-1,225,1,234,0
0,5,215,1,234,0
2,-4,229,1,234,0
3,-7,232,1,234,0
-2,4,233,1,234,0
-8,1,9,1,234,0
8,4,11,1,234,0
-4,7,16,1,234,0
8,-3,23,1,234,0
7,3,51,1,234,0
2,8,62,1,234,0
4,0,66,1,234,0
4,-1,158,1,234,0
5,1,85,1,234,0
6,2,96,1,234,0
6,-7,98,1,234,0
2,-5,119,1,234,0
1,-2,143,1,234,0
5,-4,191,1,234,0
-3,6,199,1,234,0
-7,-1,211,1,234,0
1,7,213,1,234,0
0,6,224,1,234,0
-2,5,231,1,234,0
3,-8,231,1,234,0
-1,4,232,1,234,0
-4,-2,231,1,234,0
-4,8,14,1,234,0
-7,1,15,1,234,0
-3,7,24,1,234,0
8,5,31,1,234,0
7,4,43,1,234,0
7,-1,44,1,234,0
4,-2,205,1,234,0
4,1,72,1,234,0
6,3,104,1,234,0
5,2,111,1,234,0
1,-3,133,1,234,0
3,0,167,1,234,0
-2,6,201,1,234,0
1,8,207,1,234,0
2,-6,209,1,234,0
0,7,221,1,234,0
-1,5,231,1,234,0
-4,-3,233,1,234,0
-5,0,4,1,235,0
-6,1,21,1,235,0
8,6,27,1,235,0
7,5,35,1,235,0
7,-2,39,1,235,0
4,-3,203,1,235,0
5,3,105,1,235,0
5,-6,108,1,235,0
4,2,118,1,235,0
3,1,125,1,235,0
2,0,165,1,235,0
-3,-1,173,1,235,0
-1,-5,189,1,235,0
1,-4,194,1,235,0
0,-1,196,1,235,0
-2,7,208,1,235,0
-1,6,222,1,235,0
0,8,226,1,235,0
2,-7,234,1,235,0
-4,0,9,1,235,0
-5,1,24,1,235,0
7,6,26,1,235,0
-2,8,31,1,235,0
5,4,35,1,235,0
7,-3,43,1,235,0
4,3,44,1,235,0
8,-6,45,1,235,0
3,-1,151,1,235,0
8,7,98,1,235,0
3,2,119,1,235,0
6,5,125,1,235,0
2,1,132,1,235,0
1,0,227,1,235,0
-3,-2,163,1,235,0
0,-2,179,1,235,0
-1,-6,192,1,235,0
1,-5,201,1,235,0
-6,-1,218,1,235,0
2,-8,229,1,235,0
5,-7,233,1,235,0
-1,7,233,1,235,0
8,8,12,1,235,0
7,-4,34,1,235,0
6,-1,169,1,235,0
7,7,106,1,235,0
4,-5,118,1,235,0
6,6,124,1,235,0
5,5,133,1,235,0
4,4,142,1,235,0
3,-2,212,1,235,0
3,3,151,1,235,0
2,2,159,1,235,0
-5,2,159,1,235,0
-3,0,168,1,235,0
-3,-3,169,1,235,0
1,1,169,1,235,0
0,-3,186,1,235,0
0,0,235,1,235,0
1,-6,206,1,235,0
-1,8,234,1,235,0
7,8,13,1,235,0
7,-5,41,1,235,0
5,6,107,1,235,0
6,7,109,1,235,0
4,-6,111,1,235,0
4,5,118,1,235,0
3,4,128,1,235,0
3,-3,129,1,235,0
2,3,136,1,235,0
-3,1,149,1,235,0
-2,-1,155,1,235,0
-4,2,158,1,235,0
0,1,165,1,235,0
-2,0,166,1,235,0
1,2,169,1,235,0
6,-2,175,1,235,0
-5,3,175,1,235,0
-3,-4,175,1,235,0
0,-4,193,1,235,0
1,-7,209,1,235,0
7,9,5,1,235,0
8,0,28,1,235,0
-4,3,37,1,235,0
6,-3,182,1,235,0
7,-6,49,1,235,0
6,8,89,1,235,0
5,7,105,1,235,0
2,4,107,1,235,0
4,6,113,1,235,0
1,3,114,1,235,0
3,5,119,1,235,0
-2,1,143,1,235,0
0,2,172,1,235,0
-1,0,179,1,235,0
-5,4,179,1,235,0
2,-1,219,1,235,0
-5,-1,223,1,235,0
4,-7,225,1,235,0
3,-4,234,1,235,0
-3,3,45,1,235,0
5,-1,166,1,235,0
8,1,61,1,235,0
7,0,71,1,235,0
4,7,75,1,235,0
3,6,77,1,235,0
7,-7,89,1,235,0
5,8,96,1,235,0
3,-5,119,1,235,0
0,3,179,1,235,0
-4,4,182,1,235,0
6,-4,189,1,235,0
1,4,185,1,235,0
-1,1,187,1,235,0
-2,2,193,1,235,0
0,-6,199,1,235,0
-8,-1,205,1,235,0
2,-2,216,1,235,0
-5,-2,225,1,235,0
4,-8,229,1,235,0
2,5,232,1,235,0
9,3,1,1,235,0
8,-1,36,1,235,0
8,2,58,1,235,0
7,1,66,1,235,0
3,7,69,1,235,0
4,8,71,1,235,0
6,0,79,1,235,0
7,-8,87,1,235,0
3,-6,112,1,235,0
-1,-1,147,1,235,0
-2,-4,177,1,235,0
-4,5,189,1,235,0
-1,2,194,1,235,0
-2,3,199,1,235,0
0,4,207,1,235,0
2,-3,222,1,235,0
1,5,229,1,235,0
-5,-3,234,1,235,0
2,6,234,1,235,0
-9,1,3,1,235,0
-5,7,4,1,235,0
8,-2,34,1,235,0
8,3,47,1,235,0
7,2,53,1,235,0
5,-3,197,1,235,0
2,7,59,1,235,0
3,8,66,1,235,0
6,1,89,1,235,0
-1,-2,101,1,235,0
-4,-1,179,1,235,0
-2,-5,184,1,235,0
-3,5,191,1,235,0
1,6,198,1,235,0
-1,3,201,1,235,0
1,-1,225,1,235,0
0,5,215,1,235,0
2,-4,229,1,235,0
3,-7,232,1,235,0
-2,4,234,1,235,0
-8,1,9,1,235,0
8,4,11,1,235,0
-4,7,16,1,235,0
8,-3,23,1,235,0
7,3,51,1,235,0
2,8,62,1,235,0
4,0,66,1,235,0
4,-1,158,1,235,0
5,1,85,1,235,0
6,2,96,1,235,0
6,-7,98,1,235,0
2,-5,119,1,235,0
1,-2,143,1,235,0
5,-4,191,1,235,0
-3,6,199,1,235,0
-7,-1,211,1,235,0
1,7,213,1,235,0
0,6,224,1,235,0
-2,5,231,1,235,0
3,-8,231,1,235,0
-4,-2,231,1,235,0
-1,4,234,1,235,0
-4,8,14,1,235,0
-7,1,15,1,235,0
-3,7,24,1,235,0
8,5,31,1,235,0
7,4,43,1,235,0
7,-1,44,1,235,0
4,-2,205,1,235,0
4,1,72,1,235,0
6,3,104,1,235,0
5,2,111,1,235,0
1,-3,133,1,235,0
3,0,167,1,235,0
-2,6,201,1,235,0
1,8,207,1,235,0
2,-6,209,1,235,0
0,7,221,1,235,0
-1,5,231,1,235,0
-4,-3,233,1,235,0
-5,0,4,1,236,0
-6,1,21,1,236,0
8,6,27,1,236,0
7,5,35,1,236,0
7,-2,39,1,236,0
4,-3,203,1,236,0
5,3,105,1,236,0
5,-6,108,1,236,0
4,2,118,1,236,0
3,1,125,1,236,0
2,0,165,1,236,0
-3,-1,173,1,236,0
-1,-5,189,1,236,0
1,-4,194,1,236,0
0,-1,196,1,236,0
-2,7,208,1,236,0
-1,6,222,1,236,0
0,8,226,1,236,0
2,-7,235,1,236,0
-4,0,9,1,236,0
-5,1,24,1,236,0
7,6,26,1,236,0
-2,8,31,1,236,0
5,4,35,1,236,0
7,-3,43,1,236,0
4,3,44,1,236,0
8,-6,45,1,236,0
3,-1,151,1,236,0
8,7,98,1,236,0
3,2,119,1,236,0
6,5,125,1,236,0
2,1,132,1,236,0
1,0,227,1,236,0
-3,-2,163,1,236,0
0,-2,179,1,236,0
-1,-6,192,1,236,0
1,-5,201,1,236,0
-6,-1,218,1,236,0
2,-8,229,1,236,0
-1,7,233,1,236,0
5,-7,235,1,236,0
8,8,12,1,236,0
7,-4,34,1,236,0
6,-1,169,1,236,0
7,7,106,1,236,0
4,-5,118,1,236,0
6,6,124,1,236,0
5,5,133,1,236,0
4,4,142,1,236,0
3,-2,212,1,236,0
3,3,151,1,236,0
2,2,159,1,236,0
-5,2,159,1,236,0
-3,0,168,1,236,0
-3,-3,169,1,236,0
1,1,169,1,236,0
0,-3,186,1,236,0
0,0,236,1,236,0
1,-6,206,1,236,0
-1,8,235,1,236,0
7,8,13,1,236,0
7,-5,41,1,236,0
5,6,107,1,236,0
6,7,109,1,236,0
4,-6,111,1,236,0
4,5,118,1,236,0
3,4,128,1,236,0
3,-3,129,1,236,0
2,3,136,1,236,0
-3,1,149,1,236,0
-2,-1,155,1,236,0
-4,2,158,1,236,0
0,1,165,1,236,0
-2,0,166,1,236,0
1,2,169,1,236,0
6,-2,175,1,236,0
-5,3,175,1,236,0
-3,-4,175,1,236,0
0,-4,193,1,236,0
1,-7,209,1,236,0
7,9,5,1,236,0
8,0,28,1,236,0
-4,3,37,1,236,0
6,-3,182,1,236,0
7,-6,49,1,236,0
6,8,89,1,236,0
5,7,105,1,236,0
2,4,107,1,236,0
4,6,113,1,236,0
1,3,114,1,236,0
3,5,119,1,236,0
-2,1,143,1,236,0
0,2,172,1,236,0
-1,0,179,1,236,0
-5,4,179,1,236,0
2,-1,219,1,236,0
-5,-1,223,1,236,0
4,-7,225,1,236,0
3,-4,234,1,236,0
-3,3,45,1,236,0
5,-1,166,1,236,0
8,1,61,1,236,0
7,0,71,1,236,0
4,7,75,1,236,0
3,6,77,1,236,0
7,-7,89,1,236,0
5,8,96,1,236,0
0,3,179,1,236,0
-4,4,182,1,236,0
6,-4,189,1,236,0
1,4,185,1,236,0
-1,1,187,1,236,0
-2,2,193,1,236,0
0,-6,199,1,236,0
-8,-1,205,1,236,0
2,-2,216,1,236,0
-5,-2,225,1,236,0
4,-8,229,1,236,0
2,5,232,1,236,0
3,-5,235,1,236,0
9,3,1,1,236,0
8,-1,36,1,236,0
8,2,58,1,236,0
7,1,66,1,236,0
3,7,69,1,236,0
4,8,71,1,236,0
6,0,79,1,236,0
7,-8,87,1,236,0
3,-6,112,1,236,0
-1,-1,147,1,236,0
-2,-4,177,1,236,0
-4,5,189,1,236,0
-1,2,194,1,236,0
-2,3,199,1,236,0
0,4,207,1,236,0
2,-3,222,1,236,0
1,5,229,1,236,0
-5,-3,235,1,236,0
2,6,235,1,236,0
-9,1,3,1,236,0
-5,7,4,1,236,0
8,-2,34,1,236,0
8,3,47,1,236,0
7,2,53,1,236,0
5,-3,197,1,236,0
2,7,59,1,236,0
3,8,66,1,236,0
6,1,89,1,236,0
-1,-2,101,1,236,0
-4,-1,179,1,236,0
-2,-5,184,1,236,0
-3,5,191,1,236,0
1,6,198,1,236,0
-1,3,201,1,236,0
1,-1,225,1,236,0
0,5,215,1,236,0
2,-4,229,1,236,0
3,-7,232,1,236,0
-2,4,235,1,236,0
-8,1,9,1,236,0
8,4,11,1,236,0
-4,7,16,1,236,0
8,-3,23,1,236,0
7,3,51,1,236,0
2,8,62,1,236,0
4,0,66,1,236,0
4,-1,158,1,236,0
5,1,85,1,236,0
6,2,96,1,236,0
6,-7,98,1,236,0
2,-5,119,1,236,0
1,-2,143,1,236,0
5,-4,191,1,236,0
-3,6,199,1,236,0
-7,-1,211,1,236,0
1,7,213,1,236,0
0,6,224,1,236,0
-2,5,231,1,236,0
3,-8,231,1,236,0
-4,-2,231,1,236,0
-1,4,235,1,236,0
-4,8,14,1,236,0
-7,1,15,1,236,0
-3,7,24,1,236,0
8,5,31,1,236,0
7,4,43,1,236,0
7,-1,44,1,236,0
4,-2,205,1,236,0
4,1,72,1,236,0
6,3,104,1,236,0
5,2,111,1,236,0
1,-3,133,1,236,0
3,0,167,1,236,0
-2,6,201,1,236,0
1,8,207,1,236,0
2,-6,209,1,236,0
0,7,221,1,236,0
-1,5,231,1,236,0
-4,-3,233,1,236,0
-5,0,4,1,237,0
-6,1,21,1,237,0
8,6,27,1,237,0
7,5,35,1,237,0
7,-2,39,1,237,0
4,-3,203,1,237,0
5,3,105,1,237,0
5,-6,108,1,237,0
4,2,118,1,237,0
3,1,125,1,237,0
2,0,165,1,237,0
-3,-1,173,1,237,0
-1,-5,189,1,237,0
1,-4,194,1,237,0
0,-1,196,1,237,0
-2,7,208,1,237,0
-1,6,222,1,237,0
0,8,226,1,237,0
2,-7,236,1,237,0
-4,0,9,1,237,0
-5,1,24,1,237,0
7,6,26,1,237,0
-2,8,31,1,237,0
5,4,35,1,237,0
7,-3,43,1,237,0
4,3,44,1,237,0
8,-6,45,1,237,0
3,-1,151,1,237,0
8,7,98,1,237,0
3,2,119,1,237,0
6,5,125,1,237,0
2,1,132,1,237,0
1,0,227,1,237,0
-3,-2,163,1,237,0
0,-2,179,1,237,0
-1,-6,192,1,237,0
1,-5,201,1,237,0
-6,-1,218,1,237,0
2,-8,229,1,237,0
-1,7,233,1,237,0
5,-7,236,1,237,0
8,8,12,1,237,0
7,-4,34,1,237,0
6,-1,169,1,237,0
7,7,106,1,237,0
4,-5,118,1,237,0
6,6,124,1,237,0
5,5,133,1,237,0
4,4,142,1,237,0
3,-2,212,1,237,0
3,3,151,1,237,0
2,2,159,1,237,0
-5,2,159,1,237,0
-3,0,168,1,237,0
-3,-3,169,1,237,0
1,1,169,1,237,0
0,-3,186,1,237,0
0,0,237,1,237,0
1,-6,206,1,237,0
-1,8,235,1,237,0
7,8,13,1,237,0
7,-5,41,1,237,0
5,6,107,1,237,0
6,7,109,1,237,0
4,-6,111,1,237,0
4,5,118,1,237,0
3,4,128,1,237,0
3,-3,129,1,237,0
2,3,136,1,237,0
-3,1,149,1,237,0
-2,-1,155,1,237,0
-4,2,158,1,237,0
0,1,165,1,237,0
-2,0,166,1,237,0
1,2,169,1,237,0
6,-2,175,1,237,0
-5,3,175,1,237,0
-3,-4,175,1,237,0
0,-4,193,1,237,0
1,-7,209,1,237,0
7,9,5,1,237,0
8,0,28,1,237,0
-4,3,37,1,237,0
6,-3,182,1,237,0
7,-6,49,1,237,0
6,8,89,1,237,0
5,7,105,1,237,0
2,4,107,1,237,0
4,6,113,1,237,0
1,3,114,1,237,0
3,5,119,1,237,0
-2,1,143,1,237,0
0,2,172,1,237,0
-1,0,179,1,237,0
-5,4,179,1,237,0
2,-1,219,1,237,0
-5,-1,223,1,237,0
4,-7,225,1,237,0
3,-4,234,1,237,0
-3,3,45,1,237,0
5,-1,166,1,237,0
8,1,61,1,237,0
7,0,71,1,237,0
4,7,75,1,237,0
3,6,77,1,237,0
7,-7,89,1,237,0
5,8,96,1,237,0
0,3,179,1,237,0
-4,4,182,1,237,0
6,-4,189,1,237,0
1,4,185,1,237,0
-1,1,187,1,237,0
-2,2,193,1,237,0
0,-6,199,1,237,0
-8,-1,205,1,237,0
2,-2,216,1,237,0
-5,-2,225,1,237,0
4,-8,229,1,237,0
2,5,232,1,237,0
3,-5,236,1,237,0
9,3,1,1,237,0
8,-1,36,1,237,0
8,2,58,1,237,0
7,1,66,1,237,0
3,7,69,1,237,0
4,8,71,1,237,0
6,0,79,1,237,0
7,-8,87,1,237,0
3,-6,112,1,237,0
-1,-1,147,1,237,0
-2,-4,177,1,237,0
-4,5,189,1,237,0
-1,2,194,1,237,0
-2,3,199,1,237,0
0,4,207,1,237,0
2,-3,222,1,237,0
1,5,229,1,237,0
-3,4,236,1,237,0
-5,-3,236,1,237,0
2,6,236,1,237,0
-9,1,3,1,237,0
-5,7,4,1,237,0
8,-2,34,1,237,0
8,3,47,1,237,0
7,2,53,1,237,0
5,-3,197,1,237,0
2,7,59,1,237,0
3,8,66,1,237,0
6,1,89,1,237,0
-1,-2,101,1,237,0
-4,-1,179,1,237,0
-2,-5,184,1,237,0
-3,5,191,1,237,0
1,6,198,1,237,0
-1,3,201,1,237,0
1,-1,225,1,237,0
0,5,215,1,237,0
2,-4,229,1,237,0
3,-7,232,1,237,0
-2,4,235,1,237,0
-8,1,9,1,237,0
8,4,11,1,237,0
-4,7,16,1,237,0
8,-3,23,1,237,0
7,3,51,1,237,0
2,8,62,1,237,0
4,0,66,1,237,0
4,-1,158,1,237,0
5,1,85,1,237,0
6,2,96,1,237,0
6,-7,98,1,237,0
2,-5,119,1,237,0
1,-2,143,1,237,0
5,-4,191,1,237,0
-3,6,199,1,237,0
-7,-1,211,1,237,0
1,7,213,1,237,0
0,6,224,1,237,0
-2,5,231,1,237,0
3,-8,231,1,237,0
-4,-2,231,1,237,0
-1,4,235,1,237,0
-4,8,14,1,237,0
-7,1,15,1,237,0
-3,7,24,1,237,0
8,5,31,1,237,0
7,4,43,1,237,0
7,-1,44,1,237,0
4,-2,205,1,237,0
4,1,72,1,237,0
6,3,104,1,237,0
5,2,111,1,237,0
1,-3,133,1,237,0
3,0,167,1,237,0
-2,6,201,1,237,0
1,8,207,1,237,0
2,-6,209,1,237,0
0,7,221,1,237,0
-1,5,231,1,237,0
-4,-3,233,1,237,0
-5,0,4,1,238,0
-6,1,21,1,238,0
8,6,27,1,238,0
7,5,35,1,238,0
7,-2,39,1,238,0
4,-3,203,1,238,0
5,3,105,1,238,0
5,-6,108,1,238,0
4,2,118,1,238,0
3,1,125,1,238,0
2,0,165,1,238,0
-3,-1,173,1,238,0
-1,-5,189,1,238,0
1,-4,194,1,238,0
0,-1,196,1,238,0
-2,7,208,1,238,0
-1,6,222,1,238,0
0,8,226,1,238,0
2,-7,237,1,238,0
-4,0,9,1,238,0
-5,1,24,1,238,0
7,6,26,1,238,0
-2,8,31,1,238,0
5,4,35,1,238,0
7,-3,43,1,238,0
4,3,44,1,238,0
8,-6,45,1,238,0
3,-1,151,1,238,0
8,7,98,1,238,0
3,2,119,1,238,0
6,5,125,1,238,0
2,1,132,1,238,0
1,0,227,1,238,0
-3,-2,163,1,238,0
0,-2,179,1,238,0
-1,-6,192,1,238,0
1,-5,201,1,238,0
-6,-1,218,1,238,0
2,-8,229,1,238,0
-1,7,233,1,238,0
5,-7,237,1,238,0
8,8,12,1,238,0
7,-4,34,1,238,0
6,-1,169,1,238,0
7,7,106,1,238,0
6,6,124,1,238,0
5,5,133,1,238,0
4,4,142,1,238,0
3,-2,212,1,238,0
3,3,151,1,238,0
2,2,159,1,238,0
-5,2,159,1,238,0
-3,0,168,1,238,0
-3,-3,169,1,238,0
1,1,169,1,238,0
0,-3,186,1,238,0
0,0,238,1,238,0
1,-6,206,1,238,0
4,-5,237,1,238,0
-1,8,237,1,238,0
7,8,13,1,238,0
7,-5,41,1,238,0
5,6,107,1,238,0
6,7,109,1,238,0
4,-6,111,1,238,0
4,5,118,1,238,0
3,4,128,1,238,0
3,-3,129,1,238,0
2,3,136,1,238,0
-3,1,149,1,238,0
-2,-1,155,1,238,0
-4,2,158,1,238,0
0,1,165,1,238,0
-2,0,166,1,238,0
1,2,169,1,238,0
6,-2,175,1,238,0
-5,3,175,1,238,0
-3,-4,175,1,238,0
0,-4,193,1,238,0
1,-7,209,1,238,0
7,9,5,1,238,0
8,0,28,1,238,0
-4,3,37,1,238,0
6,-3,182,1,238,0
7,-6,49,1,238,0
6,8,89,1,238,0
5,7,105,1,238,0
2,4,107,1,238,0
4,6,113,1,238,0
1,3,114,1,238,0
3,5,119,1,238,0
-2,1,143,1,238,0
0,2,172,1,238,0
-1,0,179,1,238,0
-5,4,179,1,238,0
2,-1,219,1,238,0
-5,-1,223,1,238,0
4,-7,225,1,238,0
3,-4,234,1,238,0
-3,3,45,1,238,0
5,-1,166,1,238,0
8,1,61,1,238,0
7,0,71,1,238,0
4,7,75,1,238,0
3,6,77,1,238,0
7,-7,89,1,238,0
5,8,96,1,238,0
0,3,179,1,238,0
-4,4,182,1,238,0
6,-4,189,1,238,0
1,4,185,1,238,0
-1,1,187,1,238,0
-2,2,193,1,238,0
0,-6,199,1,238,0
-8,-1,205,1,238,0
2,-2,216,1,238,0
-5,-2,225,1,238,0
4,-8,229,1,238,0
2,5,232,1,238,0
3,-5,236,1,238,0
9,3,1,1,238,0
8,-1,36,1,238,0
8,2,58,1,238,0
7,1,66,1,238,0
3,7,69,1,238,0
4,8,71,1,238,0
6,0,79,1,238,0
7,-8,87,1,238,0
3,-6,112,1,238,0
-1,-1,147,1,238,0
-2,-4,177,1,238,0
-4,5,189,1,238,0
-1,2,194,1,238,0
-2,3,199,1,238,0
0,4,207,1,238,0
2,-3,222,1,238,0
1,5,229,1,238,0
-3,4,237,1,238,0
-5,-3,237,1,238,0
2,6,237,1,238,0
-9,1,3,1,238,0
-5,7,4,1,238,0
8,-2,34,1,238,0
8,3,47,1,238,0
7,2,53,1,238,0
5,-3,197,1,238,0
2,7,59,1,238,0
3,8,66,1,238,0
6,1,89,1,238,0
-1,-2,101,1,238,0
-4,-1,179,1,238,0
-2,-5,184,1,238,0
-3,5,191,1,238,0
1,6,198,1,238,0
-1,3,201,1,238,0
1,-1,225,1,238,0
0,5,215,1,238,0
2,-4,229,1,238,0
3,-7,232,1,238,0
-2,4,235,1,238,0
-8,1,9,1,238,0
8,4,11,1,238,0
-4,7,16,1,238,0
8,-3,23,1,238,0
7,3,51,1,238,0
2,8,62,1,238,0
4,0,66,1,238,0
4,-1,158,1,238,0
5,1,85,1,238,0
6,2,96,1,238,0
6,-7,98,1,238,0
2,-5,119,1,238,0
1,-2,143,1,238,0
5,-4,191,1,238,0
-3,6,199,1,238,0
-7,-1,211,1,238,0
1,7,213,1,238,0
0,6,224,1,238,0
-2,5,231,1,238,0
3,-8,231,1,238,0
-4,-2,231,1,238,0
-1,4,237,1,238,0
-4,8,14,1,238,0
-7,1,15,1,238,0
-3,7,24,1,238,0
8,5,31,1,238,0
7,4,43,1,238,0
7,-1,44,1,238,0
4,-2,205,1,238,0
4,1,72,1,238,0
6,3,104,1,238,0
5,2,111,1,238,0
1,-3,133,1,238,0
3,0,167,1,238,0
-2,6,201,1,238,0
1,8,207,1,238,0
2,-6,209,1,238,0
0,7,221,1,238,0
-1,5,231,1,238,0
-4,-3,233,1,238,0
-5,0,4,1,239,0
-6,1,21,1,239,0
8,6,27,1,239,0
7,5,35,1,239,0
7,-2,39,1,239,0
4,-3,203,1,239,0
5,3,105,1,239,0
5,-6,108,1,239,0
4,2,118,1,239,0
3,1,125,1,239,0
2,0,165,1,239,0
-3,-1,173,1,239,0
-1,-5,189,1,239,0
1,-4,194,1,239,0
0,-1,196,1,239,0
-2,7,208,1,239,0
-1,6,222,1,239,0
0,8,226,1,239,0
2,-7,238,1,239,0
-4,0,9,1,239,0
-5,1,24,1,239,0
7,6,26,1,239,0
-2,8,31,1,239,0
5,4,35,1,239,0
7,-3,43,1,239,0
4,3,44,1,239,0
8,-6,45,1,239,0
3,-1,151,1,239,0
8,7,98,1,239,0
3,2,119,1,239,0
6,5,125,1,239,0
2,1,132,1,239,0
1,0,227,1,239,0
-3,-2,163,1,239,0
0,-2,179,1,239,0
-1,-6,192,1,239,0
1,-5,201,1,239,0
-6,-1,218,1,239,0
2,-8,229,1,239,0
-1,7,233,1,239,0
5,-7,237,1,239,0
8,8,12,1,239,0
7,-4,34,1,239,0
6,-1,169,1,239,0
7,7,106,1,239,0
6,6,124,1,239,0
5,5,133,1,239,0
4,4,142,1,239,0
3,-2,212,1,239,0
3,3,151,1,239,0
2,2,159,1,239,0
-5,2,159,1,239,0
-3,0,168,1,239,0
-3,-3,169,1,239,0
1,1,169,1,239,0
0,-3,186,1,239,0
0,0,239,1,239,0
1,-6,206,1,239,0
-1,8,237,1,239,0
4,-5,238,1,239,0
7,8,13,1,239,0
7,-5,41,1,239,0
5,6,107,1,239,0
6,7,109,1,239,0
4,-6,111,1,239,0
4,5,118,1,239,0
3,4,128,1,239,0
3,-3,129,1,239,0
2,3,136,1,239,0
-3,1,149,1,239,0
-2,-1,155,1,239,0
-4,2,158,1,239,0
0,1,165,1,239,0
-2,0,166,1,239,0
1,2,169,1,239,0
6,-2,175,1,239,0
-5,3,175,1,239,0
-3,-4,175,1,239,0
0,-4,193,1,239,0
1,-7,209,1,239,0
7,9,5,1,239,0
8,0,28,1,239,0
-4,3,37,1,239,0
6,-3,182,1,239,0
7,-6,49,1,239,0
6,8,89,1,239,0
5,7,105,1,239,0
2,4,107,1,239,0
4,6,113,1,239,0
1,3,114,1,239,0
3,5,119,1,239,0
-2,1,143,1,239,0
0,2,172,1,239,0
-1,0,179,1,239,0
-5,4,179,1,239,0
2,-1,219,1,239,0
-5,-1,223,1,239,0
4,-7,225,1,239,0
3,-4,234,1,239,0
-3,3,45,1,239,0
5,-1,166,1,239,0
8,1,61,1,239,0
7,0,71,1,239,0
4,7,75,1,239,0
7,-7,89,1,239,0
5,8,96,1,239,0
0,3,179,1,239,0
-4,4,182,1,239,0
6,-4,189,1,239,0
1,4,185,1,239,0
-1,1,187,1,239,0
-2,2,193,1,239,0
0,-6,199,1,239,0
-8,-1,205,1,239,0
2,-2,216,1,239,0
-5,-2,225,1,239,0
4,-8,229,1,239,0
2,5,232,1,239,0
3,-5,236,1,239,0
3,6,238,1,239,0
9,3,1,1,239,0
8,-1,36,1,239,0
8,2,58,1,239,0
7,1,66,1,239,0
3,7,69,1,239,0
4,8,71,1,239,0
6,0,79,1,239,0
7,-8,87,1,239,0
3,-6,112,1,239,0
-1,-1,147,1,239,0
-2,-4,177,1,239,0
-4,5,189,1,239,0
-1,2,194,1,239,0
-2,3,199,1,239,0
0,4,207,1,239,0
2,-3,222,1,239,0
1,5,229,1,239,0
2,6,237,1,239,0
-3,4,238,1,239,0
-5,-3,238,1,239,0
-9,1,3,1,239,0
-5,7,4,1,239,0
8,-2,34,1,239,0
8,3,47,1,239,0
7,2,53,1,239,0
5,-3,197,1,239,0
2,7,59,1,239,0
3,8,66,1,239,0
6,1,89,1,239,0
-1,-2,101,1,239,0
-4,-1,179,1,239,0
-2,-5,184,1,239,0
-3,5,191,1,239,0
1,6,198,1,239,0
-1,3,201,1,239,0
1,-1,225,1,239,0
0,5,215,1,239,0
2,-4,229,1,239,0
3,-7,232,1,239,0
-2,4,235,1,239,0
-8,1,9,1,239,0
8,4,11,1,239,0
-4,7,16,1,239,0
8,-3,23,1,239,0
7,3,51,1,239,0
2,8,62,1,239,0
4,0,66,1,239,0
4,-1,158,1,239,0
5,1,85,1,239,0
6,2,96,1,239,0
2,-5,119,1,239,0
1,-2,143,1,239,0
5,-4,191,1,239,0
-3,6,199,1,239,0
-7,-1,211,1,239,0
1,7,213,1,239,0
0,6,224,1,239,0
-2,5,231,1,239,0
3,-8,231,1,239,0
-4,-2,231,1,239,0
-1,4,238,1,239,0
6,-7,238,1,239,0
-4,8,14,1,239,0
-7,1,15,1,239,0
-3,7,24,1,239,0
8,5,31,1,239,0
7,4,43,1,239,0
7,-1,44,1,239,0
4,-2,205,1,239,0
4,1,72,1,239,0
6,3,104,1,239,0
5,2,111,1,239,0
1,-3,133,1,239,0
3,0,167,1,239,0
-2,6,201,1,239,0
1,8,207,1,239,0
2,-6,209,1,239,0
0,7,221,1,239,0
-1,5,231,1,239,0
-4,-3,233,1,239,0
-5,0,4,1,240,0
-6,1,21,1,240,0
8,6,27,1,240,0
7,5,35,1,240,0
7,-2,39,1,240,0
4,-3,203,1,240,0
5,3,105,1,240,0
5,-6,108,1,240,0
4,2,118,1,240,0
3,1,125,1,240,0
2,0,165,1,240,0
-3,-1,173,1,240,0
-1,-5,189,1,240,0
1,-4,194,1,240,0
0,-1,196,1,240,0
-2,7,208,1,240,0
-1,6,222,1,240,0
0,8,226,1,240,0
2,-7,238,1,240,0
-4,0,9,1,240,0
-5,1,24,1,240,0
7,6,26,1,240,0
5,4,35,1,240,0
7,-3,43,1,240,0
4,3,44,1,240,0
8,-6,45,1,240,0
3,-1,151,1,240,0
8,7,98,1,240,0
3,2,119,1,240,0
6,5,125,1,240,0
2,1,132,1,240,0
1,0,227,1,240,0
-3,-2,163,1,240,0
0,-2,179,1,240,0
-1,-6,192,1,240,0
1,-5,201,1,240,0
-6,-1,218,1,240,0
2,-8,229,1,240,0
-1,7,233,1,240,0
5,-7,237,1,240,0
-2,8,239,1,240,0
8,8,12,1,240,0
7,-4,34,1,240,0
6,-1,169,1,240,0
7,7,106,1,240,0
6,6,124,1,240,0
5,5,133,1,240,0
4,4,142,1,240,0
3,-2,212,1,240,0
3,3,151,1,240,0
2,2,159,1,240,0
-5,2,159,1,240,0
-3,0,168,1,240,0
-3,-3,169,1,240,0
1,1,169,1,240,0
0,-3,186,1,240,0
0,0,239,1,240,0
1,-6,206,1,240,0
-1,8,237,1,240,0
4,-5,239,1,240,0
7,8,13,1,240,0
7,-5,41,1,240,0
5,6,107,1,240,0
6,7,109,1,240,0
4,-6,111,1,240,0
4,5,118,1,240,0
3,4,128,1,240,0
3,-3,129,1,240,0
2,3,136,1,240,0
-3,1,149,1,240,0
-2,-1,155,1,240,0
-4,2,158,1,240,0
0,1,165,1,240,0
-2,0,166,1,240,0
1,2,169,1,240,0
6,-2,175,1,240,0
-5,3,175,1,240,0
-3,-4,175,1,240,0
0,-4,193,1,240,0
1,-7,209,1,240,0
7,9,5,1,240,0
8,0,28,1,240,0
-4,3,37,1,240,0
6,-3,182,1,240,0
7,-6,49,1,240,0
6,8,89,1,240,0
5,7,105,1,240,0
2,4,107,1,240,0
4,6,113,1,240,0
1,3,114,1,240,0
3,5,119,1,240,0
-2,1,143,1,240,0
0,2,172,1,240,0
-1,0,179,1,240,0
-5,4,179,1,240,0
2,-1,219,1,240,0
-5,-1,223,1,240,0
4,-7,225,1,240,0
3,-4,234,1,240,0
-3,3,45,1,240,0
5,-1,166,1,240,0
8,1,61,1,240,0
7,0,71,1,240,0
4,7,75,1,240,0
7,-7,89,1,240,0
5,8,96,1,240,0
0,3,179,1,240,0
-4,4,182,1,240,0
6,-4,189,1,240,0
1,4,185,1,240,0
-1,1,187,1,240,0
-2,2,193,1,240,0
0,-6,199,1,240,0
-8,-1,205,1,240,0
2,-2,216,1,240,0
-5,-2,225,1,240,0
4,-8,229,1,240,0
2,5,232,1,240,0
3,-5,236,1,240,0
3,6,239,1,240,0
9,3,1,1,240,0
8,-1,36,1,240,0
8,2,58,1,240,0
7,1,66,1,240,0
3,7,69,1,240,0
4,8,71,1,240,0
6,0,79,1,240,0
7,-8,87,1,240,0
3,-6,112,1,240,0
-1,-1,147,1,240,0
-2,-4,177,1,240,0
-4,5,189,1,240,0
-1,2,194,1,240,0
-2,3,199,1,240,0
0,4,207,1,240,0
2,-3,222,1,240,0
1,5,229,1,240,0
2,6,237,1,240,0
-3,4,239,1,240,0
-5,-3,239,1,240,0
-9,1,3,1,240,0
-5,7,4,1,240,0
8,-2,34,1,240,0
8,3,47,1,240,0
7,2,53,1,240,0
5,-3,197,1,240,0
2,7,59,1,240,0
3,8,66,1,240,0
6,1,89,1,240,0
-1,-2,101,1,240,0
-4,-1,179,1,240,0
-2,-5,184,1,240,0
-3,5,191,1,240,0
1,6,198,1,240,0
1,-1,225,1,240,0
0,5,215,1,240,0
2,-4,229,1,240,0
3,-7,232,1,240,0
-2,4,235,1,240,0
-1,3,239,1,240,0
-8,1,9,1,240,0
8,4,11,1,240,0
-4,7,16,1,240,0
8,-3,23,1,240,0
7,3,51,1,240,0
2,8,62,1,240,0
4,0,66,1,240,0
4,-1,158,1,240,0
5,1,85,1,240,0
6,2,96,1,240,0
2,-5,119,1,240,0
1,-2,143,1,240,0
5,-4,191,1,240,0
-3,6,199,1,240,0
-7,-1,211,1,240,0
1,7,213,1,240,0
0,6,224,1,240,0
-2,5,231,1,240,0
3,-8,231,1,240,0
-4,-2,231,1,240,0
-1,4,238,1,240,0
6,-7,239,1,240,0
-4,8,14,1,240,0
-7,1,15,1,240,0
-3,7,24,1,240,0
8,5,31,1,240,0
7,4,43,1,240,0
7,-1,44,1,240,0
4,-2,205,1,240,0
4,1,72,1,240,0
6,3,104,1,240,0
5,2,111,1,240,0
1,-3,133,1,240,0
3,0,167,1,240,0
-2,6,201,1,240,0
1,8,207,1,240,0
0,7,221,1,240,0
-1,5,231,1,240,0
-4,-3,233,1,240,0
2,-6,239,1,240,0
-5,0,4,1,241,0
-6,1,21,1,241,0
8,6,27,1,241,0
7,5,35,1,241,0
7,-2,39,1,241,0
4,-3,203,1,241,0
5,3,105,1,241,0
5,-6,108,1,241,0
4,2,118,1,241,0
3,1,125,1,241,0
2,0,165,1,241,0
-3,-1,173,1,241,0
-1,-5,189,1,241,0
1,-4,194,1,241,0
0,-1,196,1,241,0
-2,7,208,1,241,0
-1,6,222,1,241,0
0,8,226,1,241,0
2,-7,238,1,241,0
-4,0,9,1,241,0
-5,1,24,1,241,0
7,6,26,1,241,0
5,4,35,1,241,0
7,-3,43,1,241,0
4,3,44,1,241,0
8,-6,45,1,241,0
3,-1,151,1,241,0
8,7,98,1,241,0
3,2,119,1,241,0
6,5,125,1,241,0
2,1,132,1,241,0
1,0,227,1,241,0
-3,-2,163,1,241,0
0,-2,179,1,241,0
-1,-6,192,1,241,0
1,-5,201,1,241,0
-6,-1,218,1,241,0
2,-8,229,1,241,0
-1,7,233,1,241,0
5,-7,237,1,241,0
-2,8,239,1,241,0
8,8,12,1,241,0
7,-4,34,1,241,0
6,-1,169,1,241,0
7,7,106,1,241,0
6,6,124,1,241,0
5,5,133,1,241,0
4,4,142,1,241,0
3,-2,212,1,241,0
3,3,151,1,241,0
2,2,159,1,241,0
-5,2,159,1,241,0
-3,0,168,1,241,0
-3,-3,169,1,241,0
1,1,169,1,241,0
0,-3,186,1,241,0
0,0,241,1,241,0
1,-6,206,1,241,0
-1,8,237,1,241,0
4,-5,239,1,241,0
7,8,13,1,241,0
7,-5,41,1,241,0
5,6,107,1,241,0
6,7,109,1,241,0
4,-6,111,1,241,0
4,5,118,1,241,0
3,4,128,1,241,0
3,-3,129,1,241,0
2,3,136,1,241,0
-3,1,149,1,241,0
-2,-1,155,1,241,0
-4,2,158,1,241,0
0,1,165,1,241,0
-2,0,166,1,241,0
1,2,169,1,241,0
6,-2,175,1,241,0
-5,3,175,1,241,0
-3,-4,175,1,241,0
0,-4,193,1,241,0
1,-7,209,1,241,0
7,9,5,1,241,0
8,0,28,1,241,0
-4,3,37,1,241,0
6,-3,182,1,241,0
7,-6,49,1,241,0
6,8,89,1,241,0
5,7,105,1,241,0
2,4,107,1,241,0
4,6,113,1,241,0
1,3,114,1,241,0
3,5,119,1,241,0
-2,1,143,1,241,0
0,2,172,1,241,0
-1,0,179,1,241,0
-5,4,179,1,241,0
2,-1,219,1,241,0
-5,-1,223,1,241,0
4,-7,225,1,241,0
3,-4,234,1,241,0
-3,3,45,1,241,0
5,-1,166,1,241,0
8,1,61,1,241,0
7,0,71,1,241,0
4,7,75,1,241,0
7,-7,89,1,241,0
5,8,96,1,241,0
0,3,179,1,241,0
-4,4,182,1,241,0
6,-4,189,1,241,0
1,4,185,1,241,0
-1,1,187,1,241,0
-2,2,193,1,241,0
0,-6,199,1,241,0
-8,-1,205,1,241,0
2,-2,216,1,241,0
-5,-2,225,1,241,0
4,-8,229,1,241,0
2,5,232,1,241,0
3,-5,236,1,241,0
3,6,239,1,241,0
9,3,1,1,241,0
8,-1,36,1,241,0
8,2,58,1,241,0
7,1,66,1,241,0
3,7,69,1,241,0
4,8,71,1,241,0
6,0,79,1,241,0
7,-8,87,1,241,0
3,-6,112,1,241,0
-1,-1,147,1,241,0
-2,-4,177,1,241,0
-4,5,189,1,241,0
-1,2,194,1,241,0
-2,3,199,1,241,0
0,4,207,1,241,0
2,-3,222,1,241,0
1,5,229,1,241,0
2,6,237,1,241,0
-3,4,239,1,241,0
-5,-3,239,1,241,0
-9,1,3,1,241,0
-5,7,4,1,241,0
8,-2,34,1,241,0
8,3,47,1,241,0
7,2,53,1,241,0
5,-3,197,1,241,0
2,7,59,1,241,0
3,8,66,1,241,0
6,1,89,1,241,0
-1,-2,101,1,241,0
-4,-1,179,1,241,0
-2,-5,184,1,241,0
-3,5,191,1,241,0
1,6,198,1,241,0
1,-1,225,1,241,0
0,5,215,1,241,0
2,-4,229,1,241,0
3,-7,232,1,241,0
-2,4,235,1,241,0
-1,3,239,1,241,0
-8,1,9,1,241,0
8,4,11,1,241,0
-4,7,16,1,241,0
8,-3,23,1,241,0
7,3,51,1,241,0
2,8,62,1,241,0
4,0,66,1,241,0
4,-1,158,1,241,0
5,1,85,1,241,0
6,2,96,1,241,0
2,-5,119,1,241,0
1,-2,143,1,241,0
5,-4,191,1,241,0
-3,6,199,1,241,0
-7,-1,211,1,241,0
1,7,213,1,241,0
0,6,224,1,241,0
-2,5,231,1,241,0
3,-8,231,1,241,0
-4,-2,231,1,241,0
-1,4,238,1,241,0
6,-7,239,1,241,0
-4,8,14,1,241,0
-7,1,15,1,241,0
-3,7,24,1,241,0
8,5,31,1,241,0
7,4,43,1,241,0
7,-1,44,1,241,0
4,-2,205,1,241,0
4,1,72,1,241,0
6,3,104,1,241,0
5,2,111,1,241,0
1,-3,133,1,241,0
3,0,167,1,241,0
-2,6,201,1,241,0
1,8,207,1,241,0
0,7,221,1,241,0
-1,5,231,1,241,0
-4,-3,233,1,241,0
2,-6,239,1,241,0
-5,0,4,1,242,0
-6,1,21,1,242,0
8,6,27,1,242,0
7,5,35,1,242,0
7,-2,39,1,242,0
4,-3,203,1,242,0
5,3,105,1,242,0
5,-6,108,1,242,0
4,2,118,1,242,0
3,1,125,1,242,0
2,0,165,1,242,0
-3,-1,173,1,242,0
-1,-5,189,1,242,0
1,-4,194,1,242,0
0,-1,196,1,242,0
-1,6,222,1,242,0
0,8,226,1,242,0
2,-7,238,1,242,0
-2,7,241,1,242,0
-4,0,9,1,242,0
-5,1,24,1,242,0
7,6,26,1,242,0
5,4,35,1,242,0
7,-3,43,1,242,0
4,3,44,1,242,0
8,-6,45,1,242,0
3,-1,151,1,242,0
8,7,98,1,242,0
3,2,119,1,242,0
6,5,125,1,242,0
2,1,132,1,242,0
1,0,227,1,242,0
-3,-2,163,1,242,0
0,-2,179,1,242,0
-1,-6,192,1,242,0
1,-5,201,1,242,0
-6,-1,218,1,242,0
2,-8,229,1,242,0
-1,7,233,1,242,0
5,-7,237,1,242,0
-2,8,239,1,242,0
8,8,12,1,242,0
7,-4,34,1,242,0
6,-1,169,1,242,0
7,7,106,1,242,0
6,6,124,1,242,0
5,5,133,1,242,0
4,4,142,1,242,0
3,-2,212,1,242,0
3,3,151,1,242,0
2,2,159,1,242,0
-5,2,159,1,242,0
-3,0,168,1,242,0
-3,-3,169,1,242,0
1,1,169,1,242,0
0,-3,186,1,242,0
0,0,241,1,242,0
1,-6,206,1,242,0
-1,8,237,1,242,0
4,-5,241,1,242,0
7,8,13,1,242,0
7,-5,41,1,242,0
5,6,107,1,242,0
6,7,109,1,242,0
4,-6,111,1,242,0
4,5,118,1,242,0
3,4,128,1,242,0
3,-3,129,1,242,0
2,3,136,1,242,0
-3,1,149,1,242,0
-2,-1,155,1,242,0
-4,2,158,1,242,0
0,1,165,1,242,0
-2,0,166,1,242,0
1,2,169,1,242,0
6,-2,175,1,242,0
-5,3,175,1,242,0
-3,-4,175,1,242,0
0,-4,193,1,242,0
1,-7,209,1,242,0
7,9,5,1,242,0
8,0,28,1,242,0
-4,3,37,1,242,0
6,-3,182,1,242,0
7,-6,49,1,242,0
6,8,89,1,242,0
5,7,105,1,242,0
2,4,107,1,242,0
4,6,113,1,242,0
1,3,114,1,242,0
3,5,119,1,242,0
-2,1,143,1,242,0
0,2,172,1,242,0
-1,0,242,1,242,0
-5,4,179,1,242,0
2,-1,219,1,242,0
-5,-1,223,1,242,0
4,-7,225,1,242,0
3,-4,234,1,242,0
5,-1,166,1,242,0
8,1,61,1,242,0
7,0,71,1,242,0
4,7,75,1,242,0
7,-7,89,1,242,0
5,8,96,1,242,0
0,3,179,1,242,0
-4,4,182,1,242,0
6,-4,189,1,242,0
1,4,185,1,242,0
-1,1,187,1,242,0
-2,2,193,1,242,0
0,-6,199,1,242,0
-8,-1,205,1,242,0
2,-2,216,1,242,0
-5,-2,225,1,242,0
4,-8,229,1,242,0
2,5,232,1,242,0
3,-5,236,1,242,0
-3,3,241,1,242,0
3,6,241,1,242,0
9,3,1,1,242,0
8,-1,36,1,242,0
8,2,58,1,242,0
7,1,66,1,242,0
3,7,69,1,242,0
4,8,71,1,242,0
6,0,79,1,242,0
7,-8,87,1,242,0
3,-6,112,1,242,0
-1,-1,147,1,242,0
-2,-4,177,1,242,0
-4,5,189,1,242,0
-1,2,194,1,242,0
-2,3,199,1,242,0
0,4,207,1,242,0
2,-3,222,1,242,0
1,5,229,1,242,0
2,6,237,1,242,0
-3,4,239,1,242,0
-5,-3,239,1,242,0
-9,1,3,1,242,0
-5,7,4,1,242,0
8,-2,34,1,242,0
8,3,47,1,242,0
7,2,53,1,242,0
5,-3,197,1,242,0
2,7,59,1,242,0
3,8,66,1,242,0
6,1,89,1,242,0
-1,-2,101,1,242,0
-4,-1,179,1,242,0
-2,-5,184,1,242,0
-3,5,191,1,242,0
1,6,198,1,242,0
1,-1,225,1,242,0
0,5,215,1,242,0
2,-4,229,1,242,0
3,-7,232,1,242,0
-2,4,235,1,242,0
-1,3,241,1,242,0
-8,1,9,1,242,0
8,4,11,1,242,0
-4,7,16,1,242,0
8,-3,23,1,242,0
7,3,51,1,242,0
2,8,62,1,242,0
4,0,66,1,242,0
4,-1,158,1,242,0
5,1,85,1,242,0
6,2,96,1,242,0
2,-5,119,1,242,0
1,-2,143,1,242,0
5,-4,191,1,242,0
-3,6,199,1,242,0
-7,-1,211,1,242,0
1,7,213,1,242,0
0,6,224,1,242,0
-2,5,231,1,242,0
3,-8,231,1,242,0
-4,-2,231,1,242,0
-1,4,238,1,242,0
6,-7,241,1,242,0
-4,8,14,1,242,0
-7,1,15,1,242,0
-3,7,24,1,242,0
8,5,31,1,242,0
7,4,43,1,242,0
7,-1,44,1,242,0
4,-2,205,1,242,0
4,1,72,1,242,0
6,3,104,1,242,0
5,2,111,1,242,0
1,-3,133,1,242,0
3,0,167,1,242,0
-2,6,201,1,242,0
1,8,207,1,242,0
0,7,221,1,242,0
-1,5,231,1,242,0
-4,-3,241,1,242,0
2,-6,241,1,242,0
-5,0,4,1,243,0
-6,1,21,1,243,0
8,6,27,1,243,0
7,5,35,1,243,0
7,-2,39,1,243,0
4,-3,203,1,243,0
5,3,105,1,243,0
5,-6,108,1,243,0
4,2,118,1,243,0
3,1,125,1,243,0
2,0,165,1,243,0
-3,-1,173,1,243,0
-1,-5,189,1,243,0
1,-4,194,1,243,0
0,-1,196,1,243,0
-1,6,222,1,243,0
0,8,226,1,243,0
2,-7,238,1,243,0
-2,7,242,1,243,0
-4,0,9,1,243,0
-5,1,24,1,243,0
7,6,26,1,243,0
5,4,35,1,243,0
7,-3,43,1,243,0
4,3,44,1,243,0
8,-6,45,1,243,0
3,-1,151,1,243,0
8,7,98,1,243,0
3,2,119,1,243,0
6,5,125,1,243,0
2,1,132,1,243,0
1,0,227,1,243,0
-3,-2,163,1,243,0
0,-2,179,1,243,0
-1,-6,192,1,243,0
1,-5,201,1,243,0
-6,-1,218,1,243,0
2,-8,229,1,243,0
-1,7,233,1,243,0
5,-7,237,1,243,0
-2,8,239,1,243,0
8,8,12,1,243,0
7,-4,34,1,243,0
6,-1,169,1,243,0
7,7,106,1,243,0
6,6,124,1,243,0
5,5,133,1,243,0
4,4,142,1,243,0
3,-2,212,1,243,0
3,3,151,1,243,0
2,2,159,1,243,0
-5,2,159,1,243,0
-3,0,168,1,243,0
-3,-3,169,1,243,0
1,1,169,1,243,0
0,-3,186,1,243,0
0,0,241,1,243,0
1,-6,206,1,243,0
-1,8,237,1,243,0
4,-5,242,1,243,0
7,8,13,1,243,0
7,-5,41,1,243,0
5,6,107,1,243,0
6,7,109,1,243,0
4,-6,111,1,243,0
4,5,118,1,243,0
3,4,128,1,243,0
3,-3,129,1,243,0
2,3,136,1,243,0
-3,1,149,1,243,0
-2,-1,155,1,243,0
-4,2,158,1,243,0
0,1,165,1,243,0
-2,0,166,1,243,0
1,2,169,1,243,0
6,-2,175,1,243,0
-5,3,175,1,243,0
-3,-4,175,1,243,0
0,-4,193,1,243,0
1,-7,209,1,243,0
7,9,5,1,243,0
8,0,28,1,243,0
-4,3,37,1,243,0
6,-3,182,1,243,0
7,-6,49,1,243,0
6,8,89,1,243,0
5,7,105,1,243,0
2,4,107,1,243,0
4,6,113,1,243,0
1,3,114,1,243,0
3,5,119,1,243,0
-2,1,143,1,243,0
0,2,172,1,243,0
-1,0,243,1,243,0
-5,4,179,1,243,0
2,-1,219,1,243,0
-5,-1,223,1,243,0
4,-7,225,1,243,0
3,-4,234,1,243,0
5,-1,166,1,243,0
8,1,61,1,243,0
7,0,71,1,243,0
4,7,75,1,243,0
7,-7,89,1,243,0
5,8,96,1,243,0
0,3,179,1,243,0
-4,4,182,1,243,0
6,-4,189,1,243,0
1,4,185,1,243,0
-1,1,187,1,243,0
-2,2,193,1,243,0
0,-6,199,1,243,0
-8,-1,205,1,243,0
2,-2,216,1,243,0
-5,-2,225,1,243,0
4,-8,229,1,243,0
2,5,232,1,243,0
3,-5,236,1,243,0
-3,3,242,1,243,0
3,6,242,1,243,0
9,3,1,1,243,0
8,-1,36,1,243,0
8,2,58,1,243,0
7,1,66,1,243,0
3,7,69,1,243,0
4,8,71,1,243,0
6,0,79,1,243,0
7,-8,87,1,243,0
3,-6,112,1,243,0
-1,-1,147,1,243,0
-2,-4,177,1,243,0
-4,5,189,1,243,0
-1,2,194,1,243,0
-2,3,199,1,243,0
0,4,207,1,243,0
2,-3,222,1,243,0
1,5,229,1,243,0
2,6,237,1,243,0
-3,4,239,1,243,0
-5,-3,239,1,243,0
-9,1,3,1,243,0
-5,7,4,1,243,0
8,-2,34,1,243,0
8,3,47,1,243,0
7,2,53,1,243,0
5,-3,197,1,243,0
2,7,59,1,243,0
3,8,66,1,243,0
6,1,89,1,243,0
-1,-2,101,1,243,0
-4,-1,179,1,243,0
-2,-5,184,1,243,0
-3,5,191,1,243,0
1,6,198,1,243,0
1,-1,225,1,243,0
0,5,215,1,243,0
2,-4,229,1,243,0
3,-7,232,1,243,0
-2,4,235,1,243,0
-1,3,242,1,243,0
-8,1,9,1,243,0
8,4,11,1,243,0
-4,7,16,1,243,0
8,-3,23,1,243,0
7,3,51,1,243,0
2,8,62,1,243,0
4,0,66,1,243,0
4,-1,158,1,243,0
5,1,85,1,243,0
6,2,96,1,243,0
2,-5,119,1,243,0
1,-2,143,1,243,0
5,-4,191,1,243,0
-3,6,199,1,243,0
-7,-1,211,1,243,0
1,7,213,1,243,0
0,6,224,1,243,0
-2,5,231,1,243,0
3,-8,231,1,243,0
-4,-2,231,1,243,0
-1,4,238,1,243,0
6,-7,242,1,243,0
-4,8,14,1,243,0
-7,1,15,1,243,0
-3,7,24,1,243,0
8,5,31,1,243,0
7,4,43,1,243,0
7,-1,44,1,243,0
4,-2,205,1,243,0
4,1,72,1,243,0
6,3,104,1,243,0
5,2,111,1,243,0
1,-3,133,1,243,0
3,0,167,1,243,0
-2,6,201,1,243,0
1,8,207,1,243,0
0,7,221,1,243,0
-1,5,231,1,243,0
-4,-3,242,1,243,0
2,-6,242,1,243,0
-5,0,4,1,244,0
-6,1,21,1,244,0
8,6,27,1,244,0
7,5,35,1,244,0
7,-2,39,1,244,0
4,-3,203,1,244,0
5,3,105,1,244,0
5,-6,108,1,244,0
4,2,118,1,244,0
3,1,125,1,244,0
2,0,165,1,244,0
-3,-1,173,1,244,0
-1,-5,189,1,244,0
1,-4,194,1,244,0
0,-1,196,1,244,0
-1,6,222,1,244,0
0,8,226,1,244,0
2,-7,238,1,244,0
-2,7,243,1,244,0
-4,0,9,1,244,0
-5,1,24,1,244,0
7,6,26,1,244,0
5,4,35,1,244,0
7,-3,43,1,244,0
4,3,44,1,244,0
8,-6,45,1,244,0
3,-1,151,1,244,0
8,7,98,1,244,0
3,2,119,1,244,0
6,5,125,1,244,0
2,1,132,1,244,0
1,0,227,1,244,0
-3,-2,163,1,244,0
0,-2,179,1,244,0
-1,-6,192,1,244,0
1,-5,201,1,244,0
-6,-1,218,1,244,0
2,-8,229,1,244,0
-1,7,233,1,244,0
5,-7,237,1,244,0
-2,8,239,1,244,0
8,8,12,1,244,0
7,-4,34,1,244,0
6,-1,169,1,244,0
7,7,106,1,244,0
6,6,124,1,244,0
5,5,133,1,244,0
4,4,142,1,244,0
3,-2,212,1,244,0
3,3,151,1,244,0
2,2,159,1,244,0
-5,2,159,1,244,0
-3,0,168,1,244,0
-3,-3,169,1,244,0
1,1,169,1,244,0
0,-3,186,1,244,0
0,0,241,1,244,0
1,-6,206,1,244,0
-1,8,237,1,244,0
4,-5,242,1,244,0
7,8,13,1,244,0
7,-5,41,1,244,0
5,6,107,1,244,0
6,7,109,1,244,0
4,-6,111,1,244,0
4,5,118,1,244,0
3,4,128,1,244,0
3,-3,129,1,244,0
2,3,136,1,244,0
-3,1,149,1,244,0
-2,-1,155,1,244,0
-4,2,158,1,244,0
0,1,165,1,244,0
-2,0,166,1,244,0
1,2,169,1,244,0
6,-2,175,1,244,0
-5,3,175,1,244,0
-3,-4,175,1,244,0
0,-4,193,1,244,0
1,-7,209,1,244,0
7,9,5,1,244,0
8,0,28,1,244,0
-4,3,37,1,244,0
6,-3,182,1,244,0
7,-6,49,1,244,0
6,8,89,1,244,0
5,7,105,1,244,0
2,4,107,1,244,0
4,6,113,1,244,0
1,3,114,1,244,0
3,5,119,1,244,0
-2,1,143,1,244,0
0,2,172,1,244,0
-1,0,244,1,244,0
-5,4,179,1,244,0
2,-1,219,1,244,0
-5,-1,223,1,244,0
4,-7,225,1,244,0
3,-4,234,1,244,0
5,-1,166,1,244,0
8,1,61,1,244,0
7,0,71,1,244,0
4,7,75,1,244,0
7,-7,89,1,244,0
5,8,96,1,244,0
0,3,179,1,244,0
-4,4,182,1,244,0
6,-4,189,1,244,0
1,4,185,1,244,0
-1,1,187,1,244,0
-2,2,193,1,244,0
0,-6,199,1,244,0
-8,-1,205,1,244,0
2,-2,216,1,244,0
-5,-2,225,1,244,0
4,-8,229,1,244,0
2,5,232,1,244,0
3,-5,236,1,244,0
-3,3,243,1,244,0
3,6,243,1,244,0
9,3,1,1,244,0
8,-1,36,1,244,0
8,2,58,1,244,0
7,1,66,1,244,0
3,7,69,1,244,0
4,8,71,1,244,0
6,0,79,1,244,0
7,-8,87,1,244,0
3,-6,112,1,244,0
-1,-1,147,1,244,0
-2,-4,177,1,244,0
-4,5,189,1,244,0
-1,2,194,1,244,0
-2,3,199,1,244,0
0,4,207,1,244,0
2,-3,222,1,244,0
1,5,229,1,244,0
2,6,237,1,244,0
-3,4,239,1,244,0
-5,-3,239,1,244,0
-9,1,3,1,244,0
-5,7,4,1,244,0
8,-2,34,1,244,0
8,3,47,1,244,0
7,2,53,1,244,0
5,-3,197,1,244,0
2,7,59,1,244,0
3,8,66,1,244,0
6,1,89,1,244,0
-1,-2,101,1,244,0
-4,-1,179,1,244,0
-2,-5,184,1,244,0
-3,5,191,1,244,0
1,6,198,1,244,0
1,-1,225,1,244,0
0,5,215,1,244,0
2,-4,229,1,244,0
3,-7,232,1,244,0
-2,4,235,1,244,0
-1,3,243,1,244,0
-8,1,9,1,244,0
8,4,11,1,244,0
-4,7,16,1,244,0
8,-3,23,1,244,0
7,3,51,1,244,0
2,8,62,1,244,0
4,0,66,1,244,0
4,-1,158,1,244,0
5,1,85,1,244,0
6,2,96,1,244,0
2,-5,119,1,244,0
1,-2,143,1,244,0
5,-4,191,1,244,0
-3,6,199,1,244,0
-7,-1,211,1,244,0
1,7,213,1,244,0
0,6,224,1,244,0
-2,5,231,1,244,0
3,-8,231,1,244,0
-4,-2,231,1,244,0
-1,4,238,1,244,0
6,-7,243,1,244,0
-4,8,14,1,244,0
-7,1,15,1,244,0
-3,7,24,1,244,0
8,5,31,1,244,0
7,4,43,1,244,0
7,-1,44,1,244,0
4,-2,205,1,244,0
4,1,72,1,244,0
6,3,104,1,244,0
5,2,111,1,244,0
1,-3,133,1,244,0
3,0,167,1,244,0
-2,6,201,1,244,0
1,8,207,1,244,0
0,7,221,1,244,0
-1,5,231,1,244,0
-4,-3,243,1,244,0
5,-5,243,1,244,0
2,-6,243,1,244,0
-5,0,4,1,245,0
-6,1,21,1,245,0
8,6,27,1,245,0
7,5,35,1,245,0
7,-2,39,1,245,0
4,-3,203,1,245,0
5,3,105,1,245,0
5,-6,108,1,245,0
4,2,118,1,245,0
3,1,125,1,245,0
2,0,165,1,245,0
-3,-1,173,1,245,0
-1,-5,189,1,245,0
1,-4,194,1,245,0
0,-1,196,1,245,0
-1,6,222,1,245,0
0,8,226,1,245,0
2,-7,238,1,245,0
-2,7,243,1,245,0
-4,0,9,1,245,0
-5,1,24,1,245,0
7,6,26,1,245,0
5,4,35,1,245,0
7,-3,43,1,245,0
4,3,44,1,245,0
8,-6,45,1,245,0
3,-1,151,1,245,0
8,7,98,1,245,0
3,2,119,1,245,0
6,5,125,1,245,0
2,1,132,1,245,0
1,0,227,1,245,0
-3,-2,163,1,245,0
0,-2,179,1,245,0
-1,-6,192,1,245,0
1,-5,201,1,245,0
-6,-1,218,1,245,0
2,-8,229,1,245,0
-1,7,233,1,245,0
5,-7,237,1,245,0
-2,8,244,1,245,0
8,8,12,1,245,0
7,-4,34,1,245,0
6,-1,169,1,245,0
7,7,106,1,245,0
6,6,124,1,245,0
5,5,133,1,245,0
4,4,142,1,245,0
3,-2,212,1,245,0
3,3,151,1,245,0
2,2,159,1,245,0
-5,2,159,1,245,0
-3,0,168,1,245,0
-3,-3,169,1,245,0
1,1,169,1,245,0
0,-3,186,1,245,0
0,0,241,1,245,0
1,-6,206,1,245,0
-1,8,237,1,245,0
4,-5,242,1,245,0
7,8,13,1,245,0
7,-5,41,1,245,0
5,6,107,1,245,0
6,7,109,1,245,0
4,-6,111,1,245,0
4,5,118,1,245,0
3,4,128,1,245,0
3,-3,129,1,245,0
2,3,136,1,245,0
-3,1,149,1,245,0
-2,-1,155,1,245,0
-4,2,158,1,245,0
0,1,165,1,245,0
-2,0,166,1,245,0
1,2,169,1,245,0
6,-2,175,1,245,0
-5,3,175,1,245,0
-3,-4,175,1,245,0
0,-4,193,1,245,0
1,-7,209,1,245,0
7,9,5,1,245,0
8,0,28,1,245,0
-4,3,37,1,245,0
6,-3,182,1,245,0
7,-6,49,1,245,0
6,8,89,1,245,0
5,7,105,1,245,0
2,4,107,1,245,0
4,6,113,1,245,0
1,3,114,1,245,0
3,5,119,1,245,0
-2,1,143,1,245,0
0,2,172,1,245,0
-1,0,245,1,245,0
-5,4,179,1,245,0
2,-1,219,1,245,0
-5,-1,223,1,245,0
4,-7,225,1,245,0
3,-4,234,1,245,0
5,-1,166,1,245,0
8,1,61,1,245,0
7,0,71,1,245,0
4,7,75,1,245,0
5,8,96,1,245,0
0,3,179,1,245,0
-4,4,182,1,245,0
6,-4,189,1,245,0
1,4,185,1,245,0
-1,1,187,1,245,0
-2,2,193,1,245,0
0,-6,199,1,245,0
-8,-1,205,1,245,0
2,-2,216,1,245,0
-5,-2,225,1,245,0
4,-8,229,1,245,0
2,5,232,1,245,0
3,-5,236,1,245,0
-3,3,244,1,245,0
3,6,244,1,245,0
7,-7,244,1,245,0
9,3,1,1,245,0
8,-1,36,1,245,0
8,2,58,1,245,0
7,1,66,1,245,0
3,7,69,1,245,0
4,8,71,1,245,0
6,0,79,1,245,0
7,-8,87,1,245,0
3,-6,112,1,245,0
-1,-1,147,1,245,0
-2,-4,177,1,245,0
-4,5,189,1,245,0
-1,2,194,1,245,0
-2,3,199,1,245,0
0,4,207,1,245,0
2,-3,222,1,245,0
1,5,229,1,245,0
2,6,237,1,245,0
-3,4,239,1,245,0
-5,-3,239,1,245,0
-9,1,3,1,245,0
-5,7,4,1,245,0
8,-2,34,1,245,0
8,3,47,1,245,0
7,2,53,1,245,0
5,-3,197,1,245,0
2,7,59,1,245,0
3,8,66,1,245,0
6,1,89,1,245,0
-1,-2,101,1,245,0
-4,-1,179,1,245,0
-2,-5,184,1,245,0
-3,5,191,1,245,0
1,6,198,1,245,0
1,-1,225,1,245,0
0,5,215,1,245,0
2,-4,229,1,245,0
3,-7,232,1,245,0
-2,4,235,1,245,0
-1,3,244,1,245,0
-8,1,9,1,245,0
8,4,11,1,245,0
-4,7,16,1,245,0
8,-3,23,1,245,0
7,3,51,1,245,0
2,8,62,1,245,0
4,0,66,1,245,0
4,-1,158,1,245,0
5,1,85,1,245,0
6,2,96,1,245,0
2,-5,119,1,245,0
1,-2,143,1,245,0
5,-4,191,1,245,0
-3,6,199,1,245,0
-7,-1,211,1,245,0
1,7,213,1,245,0
0,6,224,1,245,0
-2,5,231,1,245,0
3,-8,231,1,245,0
-4,-2,231,1,245,0
-1,4,238,1,245,0
6,-7,243,1,245,0
-4,8,14,1,245,0
-7,1,15,1,245,0
-3,7,24,1,245,0
8,5,31,1,245,0
7,4,43,1,245,0
7,-1,44,1,245,0
4,-2,205,1,245,0
4,1,72,1,245,0
6,3,104,1,245,0
5,2,111,1,245,0
1,-3,133,1,245,0
3,0,167,1,245,0
-2,6,201,1,245,0
1,8,207,1,245,0
0,7,221,1,245,0
-1,5,231,1,245,0
-4,-3,244,1,245,0
5,-5,244,1,245,0
2,-6,244,1,245,0
-5,0,4,1,246,0
-6,1,21,1,246,0
8,6,27,1,246,0
7,5,35,1,246,0
7,-2,39,1,246,0
4,-3,203,1,246,0
5,3,105,1,246,0
5,-6,108,1,246,0
4,2,118,1,246,0
3,1,125,1,246,0
2,0,165,1,246,0
-3,-1,173,1,246,0
-1,-5,189,1,246,0
1,-4,194,1,246,0
0,-1,196,1,246,0
-1,6,222,1,246,0
0,8,226,1,246,0
2,-7,238,1,246,0
-2,7,243,1,246,0
-3,8,245,1,246,0
-4,0,9,1,246,0
-5,1,24,1,246,0
7,6,26,1,246,0
5,4,35,1,246,0
7,-3,43,1,246,0
4,3,44,1,246,0
8,-6,45,1,246,0
3,-1,151,1,246,0
8,7,98,1,246,0
3,2,119,1,246,0
6,5,125,1,246,0
2,1,132,1,246,0
1,0,227,1,246,0
-3,-2,163,1,246,0
0,-2,179,1,246,0
-1,-6,192,1,246,0
1,-5,201,1,246,0
-6,-1,218,1,246,0
2,-8,229,1,246,0
-1,7,233,1,246,0
5,-7,237,1,246,0
-2,8,244,1,246,0
8,8,12,1,246,0
7,-4,34,1,246,0
6,-1,169,1,246,0
7,7,106,1,246,0
6,6,124,1,246,0
5,5,133,1,246,0
4,4,142,1,246,0
3,-2,212,1,246,0
3,3,151,1,246,0
2,2,159,1,246,0
-5,2,159,1,246,0
-3,0,168,1,246,0
-3,-3,169,1,246,0
1,1,169,1,246,0
0,-3,186,1,246,0
0,0,241,1,246,0
1,-6,206,1,246,0
-1,8,237,1,246,0
4,-5,242,1,246,0
7,8,13,1,246,0
7,-5,41,1,246,0
5,6,107,1,246,0
6,7,109,1,246,0
4,-6,111,1,246,0
4,5,118,1,246,0
3,4,128,1,246,0
3,-3,129,1,246,0
2,3,136,1,246,0
-3,1,149,1,246,0
-2,-1,155,1,246,0
-4,2,158,1,246,0
0,1,165,1,246,0
-2,0,166,1,246,0
1,2,169,1,246,0
6,-2,175,1,246,0
-5,3,175,1,246,0
-3,-4,175,1,246,0
0,-4,193,1,246,0
1,-7,209,1,246,0
7,9,5,1,246,0
8,0,28,1,246,0
-4,3,37,1,246,0
6,-3,182,1,246,0
7,-6,49,1,246,0
6,8,89,1,246,0
5,7,105,1,246,0
2,4,107,1,246,0
1,3,114,1,246,0
3,5,119,1,246,0
-2,1,143,1,246,0
0,2,172,1,246,0
-1,0,246,1,246,0
-5,4,179,1,246,0
2,-1,219,1,246,0
-5,-1,223,1,246,0
4,-7,225,1,246,0
3,-4,234,1,246,0
4,6,245,1,246,0
5,-1,166,1,246,0
8,1,61,1,246,0
7,0,71,1,246,0
4,7,75,1,246,0
5,8,96,1,246,0
0,3,179,1,246,0
-4,4,182,1,246,0
6,-4,189,1,246,0
1,4,185,1,246,0
-1,1,187,1,246,0
-2,2,193,1,246,0
0,-6,199,1,246,0
-8,-1,205,1,246,0
2,-2,216,1,246,0
-5,-2,225,1,246,0
4,-8,229,1,246,0
2,5,232,1,246,0
3,-5,236,1,246,0
3,6,244,1,246,0
-3,3,245,1,246,0
7,-7,245,1,246,0
9,3,1,1,246,0
8,-1,36,1,246,0
8,2,58,1,246,0
7,1,66,1,246,0
3,7,69,1,246,0
4,8,71,1,246,0
6,0,79,1,246,0
7,-8,87,1,246,0
3,-6,112,1,246,0
-1,-1,147,1,246,0
-2,-4,177,1,246,0
-4,5,189,1,246,0
-2,3,199,1,246,0
0,4,207,1,246,0
2,-3,222,1,246,0
1,5,229,1,246,0
2,6,237,1,246,0
-3,4,239,1,246,0
-5,-3,239,1,246,0
-1,2,245,1,246,0
-9,1,3,1,246,0
-5,7,4,1,246,0
8,-2,34,1,246,0
8,3,47,1,246,0
7,2,53,1,246,0
5,-3,197,1,246,0
2,7,59,1,246,0
3,8,66,1,246,0
6,1,89,1,246,0
-1,-2,101,1,246,0
-4,-1,179,1,246,0
-2,-5,184,1,246,0
-3,5,191,1,246,0
1,6,198,1,246,0
1,-1,225,1,246,0
0,5,215,1,246,0
2,-4,229,1,246,0
3,-7,232,1,246,0
-2,4,235,1,246,0
-1,3,244,1,246,0
-8,1,9,1,246,0
8,4,11,1,246,0
-4,7,16,1,246,0
8,-3,23,1,246,0
7,3,51,1,246,0
2,8,62,1,246,0
4,0,66,1,246,0
4,-1,158,1,246,0
5,1,85,1,246,0
6,2,96,1,246,0
2,-5,119,1,246,0
1,-2,143,1,246,0
5,-4,191,1,246,0
-3,6,199,1,246,0
-7,-1,211,1,246,0
1,7,213,1,246,0
0,6,224,1,246,0
-2,5,231,1,246,0
3,-8,231,1,246,0
-4,-2,231,1,246,0
-1,4,238,1,246,0
6,-7,243,1,246,0
-4,8,14,1,246,0
-7,1,15,1,246,0
-3,7,24,1,246,0
8,5,31,1,246,0
7,4,43,1,246,0
7,-1,44,1,246,0
4,-2,205,1,246,0
4,1,72,1,246,0
6,3,104,1,246,0
5,2,111,1,246,0
1,-3,133,1,246,0
3,0,167,1,246,0
-2,6,201,1,246,0
1,8,207,1,246,0
0,7,221,1,246,0
-1,5,231,1,246,0
-4,-3,245,1,246,0
5,-5,245,1,246,0
2,-6,245,1,246,0
-5,0,4,1,247,0
-6,1,21,1,247,0
8,6,27,1,247,0
7,5,35,1,247,0
7,-2,39,1,247,0
4,-3,203,1,247,0
5,3,105,1,247,0
5,-6,108,1,247,0
4,2,118,1,247,0
3,1,125,1,247,0
2,0,165,1,247,0
-3,-1,173,1,247,0
-1,-5,189,1,247,0
1,-4,194,1,247,0
0,-1,196,1,247,0
-1,6,222,1,247,0
0,8,226,1,247,0
2,-7,238,1,247,0
-2,7,243,1,247,0
-3,8,246,1,247,0
-4,0,9,1,247,0
-5,1,24,1,247,0
7,6,26,1,247,0
5,4,35,1,247,0
7,-3,43,1,247,0
4,3,44,1,247,0
8,-6,45,1,247,0
3,-1,151,1,247,0
8,7,98,1,247,0
3,2,119,1,247,0
6,5,125,1,247,0
2,1,132,1,247,0
1,0,227,1,247,0
-3,-2,163,1,247,0
0,-2,179,1,247,0
-1,-6,192,1,247,0
1,-5,201,1,247,0
-6,-1,218,1,247,0
2,-8,229,1,247,0
-1,7,233,1,247,0
5,-7,237,1,247,0
-2,8,244,1,247,0
8,8,12,1,247,0
7,-4,34,1,247,0
6,-1,169,1,247,0
7,7,106,1,247,0
6,6,124,1,247,0
5,5,133,1,247,0
4,4,142,1,247,0
3,-2,212,1,247,0
3,3,151,1,247,0
2,2,159,1,247,0
-5,2,159,1,247,0
-3,0,168,1,247,0
-3,-3,169,1,247,0
1,1,169,1,247,0
0,-3,186,1,247,0
0,0,241,1,247,0
1,-6,206,1,247,0
-1,8,237,1,247,0
4,-5,242,1,247,0
7,8,13,1,247,0
7,-5,41,1,247,0
5,6,107,1,247,0
6,7,109,1,247,0
4,-6,111,1,247,0
4,5,118,1,247,0
3,4,128,1,247,0
3,-3,129,1,247,0
2,3,136,1,247,0
-3,1,149,1,247,0
-2,-1,155,1,247,0
-4,2,158,1,247,0
0,1,165,1,247,0
-2,0,166,1,247,0
1,2,169,1,247,0
6,-2,175,1,247,0
-5,3,175,1,247,0
-3,-4,175,1,247,0
0,-4,193,1,247,0
1,-7,209,1,247,0
7,9,5,1,247,0
8,0,28,1,247,0
-4,3,37,1,247,0
6,-3,182,1,247,0
7,-6,49,1,247,0
6,8,89,1,247,0
5,7,105,1,247,0
2,4,107,1,247,0
1,3,114,1,247,0
3,5,119,1,247,0
-2,1,143,1,247,0
0,2,172,1,247,0
-1,0,247,1,247,0
-5,4,179,1,247,0
2,-1,219,1,247,0
-5,-1,223,1,247,0
4,-7,225,1,247,0
3,-4,234,1,247,0
4,6,246,1,247,0
5,-1,166,1,247,0
8,1,61,1,247,0
7,0,71,1,247,0
4,7,75,1,247,0
5,8,96,1,247,0
0,3,179,1,247,0
-4,4,182,1,247,0
6,-4,189,1,247,0
1,4,185,1,247,0
-1,1,187,1,247,0
-2,2,193,1,247,0
0,-6,199,1,247,0
-8,-1,205,1,247,0
2,-2,216,1,247,0
-5,-2,225,1,247,0
4,-8,229,1,247,0
2,5,232,1,247,0
3,-5,236,1,247,0
3,6,244,1,247,0
-3,3,246,1,247,0
7,-7,246,1,247,0
9,3,1,1,247,0
8,-1,36,1,247,0
8,2,58,1,247,0
7,1,66,1,247,0
3,7,69,1,247,0
4,8,71,1,247,0
6,0,79,1,247,0
7,-8,87,1,247,0
3,-6,112,1,247,0
-1,-1,147,1,247,0
-2,-4,177,1,247,0
-4,5,189,1,247,0
-2,3,199,1,247,0
0,4,207,1,247,0
2,-3,222,1,247,0
1,5,229,1,247,0
2,6,237,1,247,0
-3,4,239,1,247,0
-5,-3,239,1,247,0
-1,2,246,1,247,0
-9,1,3,1,247,0
-5,7,4,1,247,0
8,-2,34,1,247,0
8,3,47,1,247,0
7,2,53,1,247,0
5,-3,197,1,247,0
2,7,59,1,247,0
3,8,66,1,247,0
6,1,89,1,247,0
-1,-2,101,1,247,0
-4,-1,179,1,247,0
-2,-5,184,1,247,0
-3,5,191,1,247,0
1,6,198,1,247,0
1,-1,225,1,247,0
0,5,215,1,247,0
2,-4,229,1,247,0
3,-7,232,1,247,0
-2,4,235,1,247,0
-1,3,244,1,247,0
-8,1,9,1,247,0
8,4,11,1,247,0
-4,7,16,1,247,0
8,-3,23,1,247,0
7,3,51,1,247,0
2,8,62,1,247,0
4,0,66,1,247,0
4,-1,158,1,247,0
5,1,85,1,247,0
6,2,96,1,247,0
1,-2,143,1,247,0
5,-4,191,1,247,0
-3,6,199,1,247,0
-7,-1,211,1,247,0
1,7,213,1,247,0
0,6,224,1,247,0
-2,5,231,1,247,0
3,-8,231,1,247,0
-4,-2,231,1,247,0
-1,4,238,1,247,0
6,-7,243,1,247,0
2,-5,246,1,247,0
-4,8,14,1,247,0
-7,1,15,1,247,0
-3,7,24,1,247,0
8,5,31,1,247,0
7,4,43,1,247,0
7,-1,44,1,247,0
4,-2,205,1,247,0
4,1,72,1,247,0
6,3,104,1,247,0
5,2,111,1,247,0
1,-3,133,1,247,0
3,0,167,1,247,0
-2,6,201,1,247,0
1,8,207,1,247,0
0,7,221,1,247,0
-1,5,231,1,247,0
2,-6,245,1,247,0
-4,-3,246,1,247,0
5,-5,246,1,247,0
-5,0,4,1,248,0
-6,1,21,1,248,0
8,6,27,1,248,0
7,5,35,1,248,0
7,-2,39,1,248,0
4,-3,203,1,248,0
5,3,105,1,248,0
5,-6,108,1,248,0
4,2,118,1,248,0
3,1,125,1,248,0
2,0,165,1,248,0
-3,-1,173,1,248,0
-1,-5,189,1,248,0
1,-4,194,1,248,0
0,-1,196,1,248,0
-1,6,222,1,248,0
0,8,226,1,248,0
2,-7,238,1,248,0
-2,7,243,1,248,0
-3,8,246,1,248,0
-4,0,9,1,248,0
-5,1,24,1,248,0
7,6,26,1,248,0
5,4,35,1,248,0
7,-3,43,1,248,0
4,3,44,1,248,0
8,-6,45,1,248,0
3,-1,151,1,248,0
8,7,98,1,248,0
3,2,119,1,248,0
6,5,125,1,248,0
2,1,132,1,248,0
1,0,227,1,248,0
-3,-2,163,1,248,0
0,-2,179,1,248,0
-1,-6,192,1,248,0
1,-5,201,1,248,0
-6,-1,218,1,248,0
2,-8,229,1,248,0
-1,7,233,1,248,0
5,-7,237,1,248,0
-2,8,244,1,248,0
8,8,12,1,248,0
7,-4,34,1,248,0
6,-1,169,1,248,0
7,7,106,1,248,0
6,6,124,1,248,0
5,5,133,1,248,0
4,4,142,1,248,0
3,-2,212,1,248,0
3,3,151,1,248,0
2,2,159,1,248,0
-5,2,159,1,248,0
-3,0,168,1,248,0
-3,-3,169,1,248,0
1,1,169,1,248,0
0,-3,186,1,248,0
0,0,241,1,248,0
1,-6,206,1,248,0
-1,8,237,1,248,0
4,-5,242,1,248,0
7,8,13,1,248,0
7,-5,41,1,248,0
5,6,107,1,248,0
6,7,109,1,248,0
4,-6,111,1,248,0
4,5,118,1,248,0
3,4,128,1,248,0
3,-3,129,1,248,0
2,3,136,1,248,0
-3,1,149,1,248,0
-2,-1,155,1,248,0
-4,2,158,1,248,0
0,1,165,1,248,0
-2,0,166,1,248,0
1,2,169,1,248,0
6,-2,175,1,248,0
-5,3,175,1,248,0
-3,-4,175,1,248,0
0,-4,193,1,248,0
1,-7,209,1,248,0
7,9,5,1,248,0
8,0,28,1,248,0
-4,3,37,1,248,0
6,-3,182,1,248,0
7,-6,49,1,248,0
6,8,89,1,248,0
5,7,105,1,248,0
2,4,107,1,248,0
1,3,114,1,248,0
3,5,119,1,248,0
-2,1,143,1,248,0
-1,0,248,1,248,0
-5,4,179,1,248,0
2,-1,219,1,248,0
-5,-1,223,1,248,0
4,-7,225,1,248,0
3,-4,234,1,248,0
4,6,246,1,248,0
0,2,247,1,248,0
-3,2,247,1,248,0
5,-1,166,1,248,0
8,1,61,1,248,0
7,0,71,1,248,0
5,8,96,1,248,0
0,3,179,1,248,0
-4,4,182,1,248,0
6,-4,189,1,248,0
1,4,185,1,248,0
-1,1,187,1,248,0
-2,2,193,1,248,0
0,-6,199,1,248,0
-8,-1,205,1,248,0
2,-2,216,1,248,0
-5,-2,225,1,248,0
4,-8,229,1,248,0
2,5,232,1,248,0
3,-5,236,1,248,0
3,6,244,1,248,0
-3,3,246,1,248,0
4,7,247,1,248,0
7,-7,247,1,248,0
9,3,1,1,248,0
8,-1,36,1,248,0
8,2,58,1,248,0
7,1,66,1,248,0
3,7,69,1,248,0
4,8,71,1,248,0
6,0,79,1,248,0
7,-8,87,1,248,0
3,-6,112,1,248,0
-1,-1,147,1,248,0
-2,-4,177,1,248,0
-4,5,189,1,248,0
-2,3,199,1,248,0
0,4,207,1,248,0
2,-3,222,1,248,0
1,5,229,1,248,0
2,6,237,1,248,0
-3,4,239,1,248,0
-5,-3,239,1,248,0
-1,2,246,1,248,0
-9,1,3,1,248,0
-5,7,4,1,248,0
8,-2,34,1,248,0
8,3,47,1,248,0
7,2,53,1,248,0
5,-3,197,1,248,0
2,7,59,1,248,0
3,8,66,1,248,0
6,1,89,1,248,0
-1,-2,101,1,248,0
-4,-1,179,1,248,0
-2,-5,184,1,248,0
-3,5,191,1,248,0
1,6,198,1,248,0
1,-1,225,1,248,0
0,5,215,1,248,0
2,-4,229,1,248,0
3,-7,232,1,248,0
-2,4,235,1,248,0
-1,3,244,1,248,0
-8,1,9,1,248,0
8,4,11,1,248,0
-4,7,16,1,248,0
8,-3,23,1,248,0
7,3,51,1,248,0
2,8,62,1,248,0
4,0,66,1,248,0
4,-1,158,1,248,0
5,1,85,1,248,0
6,2,96,1,248,0
1,-2,143,1,248,0
5,-4,191,1,248,0
-3,6,199,1,248,0
-7,-1,211,1,248,0
1,7,213,1,248,0
0,6,224,1,248,0
-2,5,231,1,248,0
3,-8,231,1,248,0
-4,-2,231,1,248,0
-1,4,238,1,248,0
6,-7,243,1,248,0
2,-5,247,1,248,0
-4,8,14,1,248,0
-7,1,15,1,248,0
8,5,31,1,248,0
7,4,43,1,248,0
7,-1,44,1,248,0
4,-2,205,1,248,0
4,1,72,1,248,0
6,3,104,1,248,0
5,2,111,1,248,0
1,-3,133,1,248,0
3,0,167,1,248,0
-2,6,201,1,248,0
1,8,207,1,248,0
0,7,221,1,248,0
-1,5,231,1,248,0
2,-6,245,1,248,0
-4,-3,247,1,248,0
5,-5,247,1,248,0
-3,7,247,1,248,0
-5,0,4,1,249,0
-6,1,21,1,249,0
8,6,27,1,249,0
7,5,35,1,249,0
7,-2,39,1,249,0
4,-3,203,1,249,0
5,3,105,1,249,0
5,-6,108,1,249,0
4,2,118,1,249,0
3,1,125,1,249,0
2,0,165,1,249,0
-3,-1,173,1,249,0
-1,-5,189,1,249,0
1,-4,194,1,249,0
0,-1,196,1,249,0
-1,6,222,1,249,0
0,8,226,1,249,0
2,-7,238,1,249,0
-2,7,243,1,249,0
-3,8,246,1,249,0
-4,0,9,1,249,0
-5,1,24,1,249,0
7,6,26,1,249,0
5,4,35,1,249,0
7,-3,43,1,249,0
4,3,44,1,249,0
8,-6,45,1,249,0
3,-1,151,1,249,0
8,7,98,1,249,0
3,2,119,1,249,0
6,5,125,1,249,0
2,1,132,1,249,0
1,0,227,1,249,0
-3,-2,163,1,249,0
0,-2,179,1,249,0
-1,-6,192,1,249,0
1,-5,201,1,249,0
-6,-1,218,1,249,0
2,-8,229,1,249,0
-1,7,233,1,249,0
5,-7,237,1,249,0
-2,8,244,1,249,0
8,8,12,1,249,0
7,-4,34,1,249,0
6,-1,169,1,249,0
7,7,106,1,249,0
6,6,124,1,249,0
5,5,133,1,249,0
4,4,142,1,249,0
3,-2,212,1,249,0
3,3,151,1,249,0
2,2,159,1,249,0
-5,2,159,1,249,0
-3,0,168,1,249,0
-3,-3,169,1,249,0
1,1,169,1,249,0
0,-3,186,1,249,0
0,0,241,1,249,0
1,-6,206,1,249,0
-1,8,237,1,249,0
4,-5,242,1,249,0
7,8,13,1,249,0
7,-5,41,1,249,0
5,6,107,1,249,0
6,7,109,1,249,0
4,-6,111,1,249,0
4,5,118,1,249,0
3,4,128,1,249,0
3,-3,129,1,249,0
2,3,136,1,249,0
-3,1,149,1,249,0
-2,-1,155,1,249,0
-4,2,158,1,249,0
0,1,165,1,249,0
-2,0,249,1,249,0
1,2,169,1,249,0
6,-2,175,1,249,0
-5,3,175,1,249,0
-3,-4,175,1,249,0
0,-4,193,1,249,0
1,-7,209,1,249,0
7,9,5,1,249,0
8,0,28,1,249,0
-4,3,37,1,249,0
6,-3,182,1,249,0
7,-6,49,1,249,0
6,8,89,1,249,0
5,7,105,1,249,0
2,4,107,1,249,0
1,3,114,1,249,0
3,5,119,1,249,0
-2,1,143,1,249,0
-1,0,248,1,249,0
-5,4,179,1,249,0
2,-1,219,1,249,0
-5,-1,223,1,249,0
4,-7,225,1,249,0
3,-4,234,1,249,0
4,6,246,1,249,0
0,2,248,1,249,0
-3,2,248,1,249,0
5,-1,166,1,249,0
8,1,61,1,249,0
7,0,71,1,249,0
5,8,96,1,249,0
0,3,179,1,249,0
-4,4,182,1,249,0
6,-4,189,1,249,0
1,4,185,1,249,0
-1,1,187,1,249,0
-2,2,193,1,249,0
0,-6,199,1,249,0
-8,-1,205,1,249,0
2,-2,216,1,249,0
-5,-2,225,1,249,0
4,-8,229,1,249,0
2,5,232,1,249,0
3,-5,236,1,249,0
3,6,244,1,249,0
-3,3,246,1,249,0
4,7,248,1,249,0
7,-7,248,1,249,0
9,3,1,1,249,0
8,-1,36,1,249,0
8,2,58,1,249,0
7,1,66,1,249,0
3,7,69,1,249,0
4,8,71,1,249,0
6,0,79,1,249,0
7,-8,87,1,249,0
3,-6,112,1,249,0
-1,-1,147,1,249,0
-2,-4,177,1,249,0
-4,5,189,1,249,0
-2,3,199,1,249,0
0,4,207,1,249,0
2,-3,222,1,249,0
1,5,229,1,249,0
2,6,237,1,249,0
-3,4,239,1,249,0
-5,-3,239,1,249,0
-1,2,246,1,249,0
-9,1,3,1,249,0
-5,7,4,1,249,0
8,-2,34,1,249,0
8,3,47,1,249,0
7,2,53,1,249,0
5,-3,197,1,249,0
2,7,59,1,249,0
3,8,66,1,249,0
6,1,89,1,249,0
-1,-2,101,1,249,0
-4,-1,179,1,249,0
-2,-5,184,1,249,0
-3,5,191,1,249,0
1,6,198,1,249,0
1,-1,225,1,249,0
0,5,215,1,249,0
2,-4,229,1,249,0
3,-7,232,1,249,0
-2,4,235,1,249,0
-1,3,244,1,249,0
-8,1,9,1,249,0
8,4,11,1,249,0
-4,7,16,1,249,0
8,-3,23,1,249,0
7,3,51,1,249,0
2,8,62,1,249,0
4,0,66,1,249,0
4,-1,158,1,249,0
5,1,85,1,249,0
6,2,96,1,249,0
1,-2,143,1,249,0
5,-4,191,1,249,0
-3,6,199,1,249,0
-7,-1,211,1,249,0
1,7,213,1,249,0
0,6,224,1,249,0
-2,5,231,1,249,0
3,-8,231,1,249,0
-1,4,238,1,249,0
6,-7,243,1,249,0
-4,-2,248,1,249,0
2,-5,248,1,249,0
-4,8,14,1,249,0
-7,1,15,1,249,0
8,5,31,1,249,0
7,4,43,1,249,0
7,-1,44,1,249,0
4,-2,205,1,249,0
4,1,72,1,249,0
6,3,104,1,249,0
5,2,111,1,249,0
1,-3,133,1,249,0
3,0,167,1,249,0
-2,6,201,1,249,0
1,8,207,1,249,0
0,7,221,1,249,0
-1,5,231,1,249,0
2,-6,245,1,249,0
-4,-3,247,1,249,0
5,-5,248,1,249,0
-3,7,248,1,249,0
-5,0,4,1,250,0
-6,1,21,1,250,0
8,6,27,1,250,0
7,5,35,1,250,0
7,-2,39,1,250,0
4,-3,203,1,250,0
5,3,105,1,250,0
5,-6,108,1,250,0
4,2,118,1,250,0
3,1,125,1,250,0
2,0,165,1,250,0
-3,-1,173,1,250,0
-1,-5,189,1,250,0
1,-4,194,1,250,0
0,-1,196,1,250,0
-1,6,222,1,250,0
0,8,226,1,250,0
2,-7,238,1,250,0
-2,7,243,1,250,0
-3,8,246,1,250,0
-4,0,9,1,250,0
-5,1,24,1,250,0
7,6,26,1,250,0
5,4,35,1,250,0
7,-3,43,1,250,0
4,3,44,1,250,0
8,-6,45,1,250,0
3,-1,151,1,250,0
8,7,98,1,250,0
3,2,119,1,250,0
6,5,125,1,250,0
2,1,132,1,250,0
1,0,227,1,250,0
0,-2,179,1,250,0
-1,-6,192,1,250,0
1,-5,201,1,250,0
-6,-1,218,1,250,0
2,-8,229,1,250,0
-1,7,233,1,250,0
5,-7,237,1,250,0
-2,8,244,1,250,0
-3,-2,249,1,250,0
8,8,12,1,250,0
7,-4,34,1,250,0
6,-1,169,1,250,0
7,7,106,1,250,0
6,6,124,1,250,0
5,5,133,1,250,0
4,4,142,1,250,0
3,-2,212,1,250,0
3,3,151,1,250,0
2,2,159,1,250,0
-5,2,159,1,250,0
-3,0,168,1,250,0
-3,-3,169,1,250,0
1,1,169,1,250,0
0,-3,186,1,250,0
0,0,241,1,250,0
1,-6,206,1,250,0
-1,8,237,1,250,0
4,-5,242,1,250,0
7,8,13,1,250,0
7,-5,41,1,250,0
5,6,107,1,250,0
6,7,109,1,250,0
4,-6,111,1,250,0
4,5,118,1,250,0
3,4,128,1,250,0
3,-3,129,1,250,0
2,3,136,1,250,0
-3,1,149,1,250,0
-2,-1,155,1,250,0
-4,2,158,1,250,0
0,1,165,1,250,0
-2,0,249,1,250,0
1,2,169,1,250,0
6,-2,175,1,250,0
-5,3,175,1,250,0
-3,-4,175,1,250,0
0,-4,193,1,250,0
1,-7,209,1,250,0
7,9,5,1,250,0
8,0,28,1,250,0
-4,3,37,1,250,0
6,-3,182,1,250,0
7,-6,49,1,250,0
6,8,89,1,250,0
5,7,105,1,250,0
2,4,107,1,250,0
1,3,114,1,250,0
3,5,119,1,250,0
-2,1,143,1,250,0
-1,0,248,1,250,0
-5,4,179,1,250,0
2,-1,219,1,250,0
-5,-1,223,1,250,0
4,-7,225,1,250,0
3,-4,234,1,250,0
4,6,246,1,250,0
0,2,249,1,250,0
-3,2,249,1,250,0
5,-1,166,1,250,0
8,1,61,1,250,0
7,0,71,1,250,0
5,8,96,1,250,0
0,3,179,1,250,0
-4,4,182,1,250,0
6,-4,189,1,250,0
1,4,185,1,250,0
-1,1,187,1,250,0
-2,2,193,1,250,0
0,-6,199,1,250,0
-8,-1,205,1,250,0
2,-2,216,1,250,0
-5,-2,225,1,250,0
4,-8,229,1,250,0
2,5,232,1,250,0
3,-5,236,1,250,0
3,6,244,1,250,0
-3,3,246,1,250,0
4,7,249,1,250,0
7,-7,249,1,250,0
9,3,1,1,250,0
8,-1,36,1,250,0
8,2,58,1,250,0
7,1,66,1,250,0
3,7,69,1,250,0
4,8,71,1,250,0
6,0,79,1,250,0
7,-8,87,1,250,0
3,-6,112,1,250,0
-1,-1,147,1,250,0
-2,-4,177,1,250,0
-4,5,189,1,250,0
-2,3,199,1,250,0
0,4,207,1,250,0
2,-3,222,1,250,0
1,5,229,1,250,0
2,6,237,1,250,0
-3,4,239,1,250,0
-5,-3,239,1,250,0
-1,2,246,1,250,0
-9,1,3,1,250,0
-5,7,4,1,250,0
8,-2,34,1,250,0
8,3,47,1,250,0
7,2,53,1,250,0
5,-3,197,1,250,0
2,7,59,1,250,0
3,8,66,1,250,0
6,1,89,1,250,0
-1,-2,101,1,250,0
-4,-1,179,1,250,0
-2,-5,184,1,250,0
-3,5,191,1,250,0
1,6,198,1,250,0
1,-1,225,1,250,0
0,5,215,1,250,0
2,-4,229,1,250,0
3,-7,232,1,250,0
-2,4,235,1,250,0
-1,3,244,1,250,0
-8,1,9,1,250,0
8,4,11,1,250,0
-4,7,16,1,250,0
8,-3,23,1,250,0
7,3,51,1,250,0
2,8,62,1,250,0
4,0,66,1,250,0
4,-1,158,1,250,0
5,1,85,1,250,0
6,2,96,1,250,0
1,-2,143,1,250,0
5,-4,191,1,250,0
-3,6,199,1,250,0
-7,-1,211,1,250,0
1,7,213,1,250,0
0,6,224,1,250,0
-2,5,231,1,250,0
3,-8,231,1,250,0
-1,4,238,1,250,0
6,-7,243,1,250,0
-4,-2,248,1,250,0
2,-5,249,1,250,0
-4,8,14,1,250,0
-7,1,15,1,250,0
8,5,31,1,250,0
7,4,43,1,250,0
7,-1,44,1,250,0
4,-2,205,1,250,0
4,1,72,1,250,0
6,3,104,1,250,0
5,2,111,1,250,0
1,-3,133,1,250,0
3,0,167,1,250,0
-2,6,201,1,250,0
1,8,207,1,250,0
0,7,221,1,250,0
-1,5,231,1,250,0
2,-6,245,1,250,0
-4,-3,247,1,250,0
5,-5,249,1,250,0
-3,7,249,1,250,0
-5,0,4,1,251,0
-6,1,21,1,251,0
8,6,27,1,251,0
7,5,35,1,251,0
7,-2,39,1,251,0
4,-3,203,1,251,0
5,3,105,1,251,0
5,-6,108,1,251,0
4,2,118,1,251,0
3,1,125,1,251,0
2,0,165,1,251,0
-3,-1,173,1,251,0
-1,-5,189,1,251,0
1,-4,194,1,251,0
0,-1,196,1,251,0
-1,6,222,1,251,0
0,8,226,1,251,0
2,-7,238,1,251,0
-2,7,243,1,251,0
-3,8,246,1,251,0
-4,0,9,1,251,0
-5,1,24,1,251,0
7,6,26,1,251,0
5,4,35,1,251,0
7,-3,43,1,251,0
4,3,44,1,251,0
8,-6,45,1,251,0
3,-1,151,1,251,0
8,7,98,1,251,0
3,2,119,1,251,0
6,5,125,1,251,0
2,1,132,1,251,0
1,0,227,1,251,0
0,-2,179,1,251,0
-1,-6,192,1,251,0
1,-5,201,1,251,0
-6,-1,218,1,251,0
2,-8,229,1,251,0
-1,7,233,1,251,0
5,-7,237,1,251,0
-2,8,244,1,251,0
-3,-2,249,1,251,0
8,8,12,1,251,0
7,-4,34,1,251,0
6,-1,169,1,251,0
7,7,106,1,251,0
6,6,124,1,251,0
5,5,133,1,251,0
4,4,142,1,251,0
3,-2,212,1,251,0
3,3,151,1,251,0
2,2,159,1,251,0
-5,2,159,1,251,0
-3,0,168,1,251,0
-3,-3,169,1,251,0
1,1,169,1,251,0
0,-3,186,1,251,0
0,0,241,1,251,0
1,-6,206,1,251,0
-1,8,237,1,251,0
4,-5,242,1,251,0
7,8,13,1,251,0
7,-5,41,1,251,0
5,6,107,1,251,0
6,7,109,1,251,0
4,-6,111,1,251,0
4,5,118,1,251,0
3,4,128,1,251,0
3,-3,129,1,251,0
2,3,136,1,251,0
-3,1,149,1,251,0
-2,-1,155,1,251,0
-4,2,158,1,251,0
0,1,165,1,251,0
-2,0,251,1,251,0
1,2,169,1,251,0
6,-2,175,1,251,0
-5,3,175,1,251,0
-3,-4,175,1,251,0
0,-4,193,1,251,0
1,-7,209,1,251,0
7,9,5,1,251,0
8,0,28,1,251,0
-4,3,37,1,251,0
6,-3,182,1,251,0
7,-6,49,1,251,0
6,8,89,1,251,0
5,7,105,1,251,0
2,4,107,1,251,0
1,3,114,1,251,0
3,5,119,1,251,0
-2,1,143,1,251,0
-1,0,248,1,251,0
-5,4,179,1,251,0
2,-1,219,1,251,0
-5,-1,223,1,251,0
4,-7,225,1,251,0
3,-4,234,1,251,0
4,6,246,1,251,0
0,2,249,1,251,0
-3,2,249,1,251,0
5,-1,166,1,251,0
8,1,61,1,251,0
7,0,71,1,251,0
5,8,96,1,251,0
0,3,179,1,251,0
-4,4,182,1,251,0
6,-4,189,1,251,0
1,4,185,1,251,0
-1,1,187,1,251,0
-2,2,193,1,251,0
0,-6,199,1,251,0
-8,-1,205,1,251,0
2,-2,216,1,251,0
-5,-2,225,1,251,0
4,-8,229,1,251,0
2,5,232,1,251,0
3,-5,236,1,251,0
3,6,244,1,251,0
-3,3,246,1,251,0
4,7,249,1,251,0
7,-7,249,1,251,0
9,3,1,1,251,0
8,-1,36,1,251,0
8,2,58,1,251,0
7,1,66,1,251,0
3,7,69,1,251,0
4,8,71,1,251,0
6,0,79,1,251,0
7,-8,87,1,251,0
3,-6,112,1,251,0
-1,-1,147,1,251,0
-2,-4,177,1,251,0
-4,5,189,1,251,0
-2,3,199,1,251,0
0,4,207,1,251,0
2,-3,222,1,251,0
1,5,229,1,251,0
2,6,237,1,251,0
-3,4,239,1,251,0
-5,-3,239,1,251,0
-1,2,246,1,251,0
-9,1,3,1,251,0
-5,7,4,1,251,0
8,-2,34,1,251,0
8,3,47,1,251,0
7,2,53,1,251,0
5,-3,197,1,251,0
2,7,59,1,251,0
3,8,66,1,251,0
6,1,89,1,251,0
-1,-2,101,1,251,0
-4,-1,179,1,251,0
-2,-5,184,1,251,0
-3,5,191,1,251,0
1,6,198,1,251,0
1,-1,225,1,251,0
0,5,215,1,251,0
2,-4,229,1,251,0
3,-7,232,1,251,0
-2,4,235,1,251,0
-1,3,244,1,251,0
-8,1,9,1,251,0
8,4,11,1,251,0
-4,7,16,1,251,0
8,-3,23,1,251,0
7,3,51,1,251,0
2,8,62,1,251,0
4,0,66,1,251,0
4,-1,158,1,251,0
5,1,85,1,251,0
6,2,96,1,251,0
1,-2,143,1,251,0
5,-4,191,1,251,0
-3,6,199,1,251,0
-7,-1,211,1,251,0
1,7,213,1,251,0
0,6,224,1,251,0
-2,5,231,1,251,0
3,-8,231,1,251,0
-1,4,238,1,251,0
6,-7,243,1,251,0
-4,-2,248,1,251,0
2,-5,249,1,251,0
-4,8,14,1,251,0
-7,1,15,1,251,0
8,5,31,1,251,0
7,4,43,1,251,0
7,-1,44,1,251,0
4,-2,205,1,251,0
4,1,72,1,251,0
6,3,104,1,251,0
5,2,111,1,251,0
1,-3,133,1,251,0
3,0,167,1,251,0
-2,6,201,1,251,0
1,8,207,1,251,0
0,7,221,1,251,0
-1,5,231,1,251,0
2,-6,245,1,251,0
-4,-3,247,1,251,0
5,-5,249,1,251,0
-3,7,249,1,251,0
-5,0,4,1,252,0
-6,1,21,1,252,0
8,6,27,1,252,0
7,5,35,1,252,0
7,-2,39,1,252,0
4,-3,203,1,252,0
5,3,105,1,252,0
5,-6,108,1,252,0
4,2,118,1,252,0
3,1,125,1,252,0
2,0,165,1,252,0
-3,-1,173,1,252,0
-1,-5,189,1,252,0
1,-4,194,1,252,0
0,-1,196,1,252,0
-1,6,222,1,252,0
0,8,226,1,252,0
2,-7,238,1,252,0
-2,7,243,1,252,0
-3,8,246,1,252,0
-4,0,9,1,252,0
-5,1,24,1,252,0
7,6,26,1,252,0
5,4,35,1,252,0
7,-3,43,1,252,0
4,3,44,1,252,0
8,-6,45,1,252,0
3,-1,151,1,252,0
8,7,98,1,252,0
3,2,119,1,252,0
6,5,125,1,252,0
2,1,132,1,252,0
1,0,227,1,252,0
0,-2,179,1,252,0
-1,-6,192,1,252,0
1,-5,201,1,252,0
-6,-1,218,1,252,0
2,-8,229,1,252,0
-1,7,233,1,252,0
5,-7,237,1,252,0
-2,8,244,1,252,0
-3,-2,251,1,252,0
8,8,12,1,252,0
7,-4,34,1,252,0
6,-1,169,1,252,0
7,7,106,1,252,0
6,6,124,1,252,0
5,5,133,1,252,0
4,4,142,1,252,0
3,-2,212,1,252,0
3,3,151,1,252,0
2,2,159,1,252,0
-5,2,159,1,252,0
-3,0,168,1,252,0
-3,-3,169,1,252,0
1,1,169,1,252,0
0,-3,186,1,252,0
0,0,241,1,252,0
1,-6,206,1,252,0
-1,8,237,1,252,0
4,-5,242,1,252,0
8,-7,251,1,252,0
7,8,13,1,252,0
7,-5,41,1,252,0
5,6,107,1,252,0
6,7,109,1,252,0
4,-6,111,1,252,0
4,5,118,1,252,0
3,4,128,1,252,0
3,-3,129,1,252,0
2,3,136,1,252,0
-3,1,149,1,252,0
-2,-1,155,1,252,0
-4,2,158,1,252,0
-2,0,252,1,252,0
1,2,169,1,252,0
6,-2,175,1,252,0
-5,3,175,1,252,0
-3,-4,175,1,252,0
0,-4,193,1,252,0
1,-7,209,1,252,0
0,1,251,1,252,0
7,9,5,1,252,0
8,0,28,1,252,0
-4,3,37,1,252,0
6,-3,182,1,252,0
7,-6,49,1,252,0
6,8,89,1,252,0
5,7,105,1,252,0
2,4,107,1,252,0
1,3,114,1,252,0
3,5,119,1,252,0
-2,1,143,1,252,0
-1,0,248,1,252,0
-5,4,179,1,252,0
2,-1,219,1,252,0
-5,-1,223,1,252,0
4,-7,225,1,252,0
3,-4,234,1,252,0
4,6,246,1,252,0
0,2,249,1,252,0
-3,2,251,1,252,0
5,-1,166,1,252,0
8,1,61,1,252,0
7,0,71,1,252,0
5,8,96,1,252,0
0,3,179,1,252,0
-4,4,182,1,252,0
6,-4,189,1,252,0
1,4,185,1,252,0
-1,1,187,1,252,0
-2,2,193,1,252,0
0,-6,199,1,252,0
-8,-1,205,1,252,0
2,-2,216,1,252,0
-5,-2,225,1,252,0
4,-8,229,1,252,0
2,5,232,1,252,0
3,-5,236,1,252,0
3,6,244,1,252,0
-3,3,246,1,252,0
7,-7,249,1,252,0
4,7,251,1,252,0
9,3,1,1,252,0
8,-1,36,1,252,0
8,2,58,1,252,0
7,1,66,1,252,0
3,7,69,1,252,0
4,8,71,1,252,0
6,0,79,1,252,0
7,-8,87,1,252,0
3,-6,112,1,252,0
-1,-1,147,1,252,0
-2,-4,177,1,252,0
-4,5,189,1,252,0
-2,3,199,1,252,0
0,4,207,1,252,0
2,-3,222,1,252,0
1,5,229,1,252,0
2,6,237,1,252,0
-3,4,239,1,252,0
-5,-3,239,1,252,0
-1,2,246,1,252,0
6,-5,251,1,252,0
-9,1,3,1,252,0
-5,7,4,1,252,0
8,-2,34,1,252,0
8,3,47,1,252,0
7,2,53,1,252,0
5,-3,197,1,252,0
2,7,59,1,252,0
3,8,66,1,252,0
6,1,89,1,252,0
-1,-2,101,1,252,0
-4,-1,179,1,252,0
-2,-5,184,1,252,0
-3,5,191,1,252,0
1,6,198,1,252,0
1,-1,225,1,252,0
0,5,215,1,252,0
2,-4,229,1,252,0
3,-7,232,1,252,0
-2,4,235,1,252,0
-1,3,244,1,252,0
-8,1,9,1,252,0
8,4,11,1,252,0
-4,7,16,1,252,0
8,-3,23,1,252,0
7,3,51,1,252,0
2,8,62,1,252,0
4,0,66,1,252,0
4,-1,158,1,252,0
5,1,85,1,252,0
6,2,96,1,252,0
1,-2,143,1,252,0
5,-4,191,1,252,0
-3,6,199,1,252,0
-7,-1,211,1,252,0
1,7,213,1,252,0
0,6,224,1,252,0
-2,5,231,1,252,0
3,-8,231,1,252,0
-1,4,238,1,252,0
6,-7,243,1,252,0
-4,-2,248,1,252,0
2,-5,251,1,252,0
-4,8,14,1,252,0
-7,1,15,1,252,0
8,5,31,1,252,0
7,4,43,1,252,0
7,-1,44,1,252,0
4,-2,205,1,252,0
4,1,72,1,252,0
6,3,104,1,252,0
5,2,111,1,252,0
1,-3,133,1,252,0
3,0,167,1,252,0
-2,6,201,1,252,0
1,8,207,1,252,0
0,7,221,1,252,0
-1,5,231,1,252,0
2,-6,245,1,252,0
-4,-3,247,1,252,0
5,-5,249,1,252,0
-3,7,251,1,252,0
-5,0,4,1,253,0
-6,1,21,1,253,0
8,6,27,1,253,0
7,5,35,1,253,0
7,-2,39,1,253,0
4,-3,203,1,253,0
5,3,105,1,253,0
5,-6,108,1,253,0
4,2,118,1,253,0
3,1,125,1,253,0
2,0,165,1,253,0
-3,-1,173,1,253,0
-1,-5,189,1,253,0
1,-4,194,1,253,0
0,-1,196,1,253,0
-1,6,222,1,253,0
0,8,226,1,253,0
2,-7,238,1,253,0
-2,7,243,1,253,0
-3,8,246,1,253,0
-4,0,9,1,253,0
-5,1,24,1,253,0
7,6,26,1,253,0
5,4,35,1,253,0
7,-3,43,1,253,0
4,3,44,1,253,0
8,-6,45,1,253,0
3,-1,151,1,253,0
8,7,98,1,253,0
3,2,119,1,253,0
6,5,125,1,253,0
2,1,132,1,253,0
1,0,227,1,253,0
0,-2,179,1,253,0
-1,-6,192,1,253,0
1,-5,201,1,253,0
-6,-1,218,1,253,0
2,-8,229,1,253,0
-1,7,233,1,253,0
5,-7,237,1,253,0
-2,8,244,1,253,0
-3,-2,252,1,253,0
8,8,12,1,253,0
7,-4,34,1,253,0
6,-1,169,1,253,0
7,7,106,1,253,0
6,6,124,1,253,0
5,5,133,1,253,0
4,4,142,1,253,0
3,-2,212,1,253,0
3,3,151,1,253,0
2,2,159,1,253,0
-5,2,159,1,253,0
-3,0,168,1,253,0
-3,-3,169,1,253,0
1,1,169,1,253,0
0,-3,186,1,253,0
0,0,241,1,253,0
1,-6,206,1,253,0
-1,8,237,1,253,0
4,-5,242,1,253,0
8,-7,252,1,253,0
7,8,13,1,253,0
7,-5,41,1,253,0
5,6,107,1,253,0
6,7,109,1,253,0
4,-6,111,1,253,0
4,5,118,1,253,0
3,4,128,1,253,0
3,-3,129,1,253,0
2,3,136,1,253,0
-3,1,149,1,253,0
-2,-1,155,1,253,0
-4,2,158,1,253,0
-2,0,253,1,253,0
1,2,169,1,253,0
6,-2,175,1,253,0
-5,3,175,1,253,0
-3,-4,175,1,253,0
0,-4,193,1,253,0
1,-7,209,1,253,0
0,1,252,1,253,0
7,9,5,1,253,0
8,0,28,1,253,0
-4,3,37,1,253,0
6,-3,182,1,253,0
7,-6,49,1,253,0
6,8,89,1,253,0
5,7,105,1,253,0
2,4,107,1,253,0
1,3,114,1,253,0
3,5,119,1,253,0
-2,1,143,1,253,0
-1,0,248,1,253,0
-5,4,179,1,253,0
2,-1,219,1,253,0
-5,-1,223,1,253,0
4,-7,225,1,253,0
3,-4,234,1,253,0
4,6,246,1,253,0
0,2,249,1,253,0
-3,2,252,1,253,0
5,-1,166,1,253,0
8,1,61,1,253,0
7,0,71,1,253,0
5,8,96,1,253,0
0,3,179,1,253,0
-4,4,182,1,253,0
6,-4,189,1,253,0
1,4,185,1,253,0
-1,1,187,1,253,0
-2,2,193,1,253,0
0,-6,199,1,253,0
-8,-1,205,1,253,0
2,-2,216,1,253,0
-5,-2,225,1,253,0
4,-8,229,1,253,0
2,5,232,1,253,0
3,-5,236,1,253,0
3,6,244,1,253,0
-3,3,246,1,253,0
7,-7,249,1,253,0
4,7,252,1,253,0
9,3,1,1,253,0
8,-1,36,1,253,0
8,2,58,1,253,0
7,1,66,1,253,0
3,7,69,1,253,0
4,8,71,1,253,0
6,0,79,1,253,0
7,-8,87,1,253,0
3,-6,112,1,253,0
-1,-1,147,1,253,0
-2,-4,177,1,253,0
-4,5,189,1,253,0
-2,3,199,1,253,0
0,4,207,1,253,0
2,-3,222,1,253,0
1,5,229,1,253,0
2,6,237,1,253,0
-3,4,239,1,253,0
-5,-3,239,1,253,0
-1,2,246,1,253,0
6,-5,251,1,253,0
-9,1,3,1,253,0
-5,7,4,1,253,0
8,-2,34,1,253,0
8,3,47,1,253,0
7,2,53,1,253,0
5,-3,197,1,253,0
2,7,59,1,253,0
3,8,66,1,253,0
6,1,89,1,253,0
-1,-2,101,1,253,0
-4,-1,179,1,253,0
-2,-5,184,1,253,0
-3,5,191,1,253,0
1,6,198,1,253,0
1,-1,225,1,253,0
0,5,215,1,253,0
3,-7,232,1,253,0
-2,4,235,1,253,0
-1,3,244,1,253,0
6,-6,252,1,253,0
2,-4,252,1,253,0
-8,1,9,1,253,0
8,4,11,1,253,0
-4,7,16,1,253,0
8,-3,23,1,253,0
7,3,51,1,253,0
2,8,62,1,253,0
4,0,66,1,253,0
4,-1,158,1,253,0
5,1,85,1,253,0
6,2,96,1,253,0
1,-2,143,1,253,0
5,-4,191,1,253,0
-3,6,199,1,253,0
-7,-1,211,1,253,0
1,7,213,1,253,0
0,6,224,1,253,0
-2,5,231,1,253,0
3,-8,231,1,253,0
-1,4,238,1,253,0
6,-7,243,1,253,0
-4,-2,248,1,253,0
2,-5,251,1,253,0
-4,8,14,1,253,0
-7,1,15,1,253,0
8,5,31,1,253,0
7,4,43,1,253,0
7,-1,44,1,253,0
4,-2,205,1,253,0
4,1,72,1,253,0
6,3,104,1,253,0
5,2,111,1,253,0
1,-3,133,1,253,0
3,0,167,1,253,0
-2,6,201,1,253,0
1,8,207,1,253,0
0,7,221,1,253,0
-1,5,231,1,253,0
2,-6,245,1,253,0
-4,-3,247,1,253,0
5,-5,249,1,253,0
-3,7,251,1,253,0
-5,0,4,1,254,0
-6,1,21,1,254,0
8,6,27,1,254,0
7,5,35,1,254,0
7,-2,39,1,254,0
4,-3,203,1,254,0
5,3,105,1,254,0
5,-6,108,1,254,0
4,2,118,1,254,0
3,1,125,1,254,0
2,0,165,1,254,0
-3,-1,173,1,254,0
-1,-5,189,1,254,0
0,-1,196,1,254,0
-1,6,222,1,254,0
0,8,226,1,254,0
2,-7,238,1,254,0
-2,7,243,1,254,0
-3,8,246,1,254,0
1,-4,253,1,254,0
-4,0,9,1,254,0
-5,1,24,1,254,0
7,6,26,1,254,0
5,4,35,1,254,0
7,-3,43,1,254,0
4,3,44,1,254,0
8,-6,45,1,254,0
3,-1,151,1,254,0
8,7,98,1,254,0
3,2,119,1,254,0
6,5,125,1,254,0
2,1,132,1,254,0
1,0,227,1,254,0
0,-2,179,1,254,0
-1,-6,192,1,254,0
1,-5,201,1,254,0
-6,-1,218,1,254,0
2,-8,229,1,254,0
-1,7,233,1,254,0
5,-7,237,1,254,0
-2,8,244,1,254,0
-3,-2,253,1,254,0
8,8,12,1,254,0
7,-4,34,1,254,0
6,-1,169,1,254,0
7,7,106,1,254,0
6,6,124,1,254,0
5,5,133,1,254,0
4,4,142,1,254,0
3,-2,212,1,254,0
3,3,151,1,254,0
2,2,159,1,254,0
-5,2,159,1,254,0
-3,0,168,1,254,0
-3,-3,169,1,254,0
1,1,169,1,254,0
0,-3,186,1,254,0
0,0,241,1,254,0
1,-6,206,1,254,0
-1,8,237,1,254,0
4,-5,242,1,254,0
8,-7,253,1,254,0
7,8,13,1,254,0
7,-5,41,1,254,0
5,6,107,1,254,0
6,7,109,1,254,0
4,-6,111,1,254,0
4,5,118,1,254,0
3,4,128,1,254,0
3,-3,129,1,254,0
2,3,136,1,254,0
-3,1,149,1,254,0
-2,-1,155,1,254,0
-4,2,158,1,254,0
-2,0,254,1,254,0
1,2,169,1,254,0
6,-2,175,1,254,0
-5,3,175,1,254,0
-3,-4,175,1,254,0
0,-4,193,1,254,0
1,-7,209,1,254,0
0,1,253,1,254,0
7,9,5,1,254,0
8,0,28,1,254,0
-4,3,37,1,254,0
6,-3,182,1,254,0
7,-6,49,1,254,0
6,8,89,1,254,0
5,7,105,1,254,0
2,4,107,1,254,0
1,3,114,1,254,0
3,5,119,1,254,0
-2,1,143,1,254,0
-1,0,248,1,254,0
-5,4,179,1,254,0
2,-1,219,1,254,0
-5,-1,223,1,254,0
4,-7,225,1,254,0
3,-4,234,1,254,0
4,6,246,1,254,0
0,2,249,1,254,0
-3,2,253,1,254,0
5,-1,166,1,254,0
8,1,61,1,254,0
7,0,71,1,254,0
5,8,96,1,254,0
0,3,179,1,254,0
-4,4,182,1,254,0
6,-4,189,1,254,0
1,4,185,1,254,0
-1,1,187,1,254,0
-2,2,193,1,254,0
0,-6,199,1,254,0
-8,-1,205,1,254,0
2,-2,216,1,254,0
-5,-2,225,1,254,0
4,-8,229,1,254,0
2,5,232,1,254,0
3,-5,236,1,254,0
3,6,244,1,254,0
-3,3,246,1,254,0
7,-7,249,1,254,0
4,7,253,1,254,0
9,3,1,1,254,0
8,-1,36,1,254,0
8,2,58,1,254,0
7,1,66,1,254,0
3,7,69,1,254,0
4,8,71,1,254,0
6,0,79,1,254,0
7,-8,87,1,254,0
3,-6,112,1,254,0
-1,-1,147,1,254,0
-2,-4,177,1,254,0
-4,5,189,1,254,0
-2,3,199,1,254,0
0,4,207,1,254,0
2,-3,222,1,254,0
1,5,229,1,254,0
2,6,237,1,254,0
-3,4,239,1,254,0
-5,-3,239,1,254,0
-1,2,246,1,254,0
6,-5,251,1,254,0
-9,1,3,1,254,0
-5,7,4,1,254,0
8,-2,34,1,254,0
8,3,47,1,254,0
7,2,53,1,254,0
5,-3,197,1,254,0
2,7,59,1,254,0
3,8,66,1,254,0
6,1,89,1,254,0
-1,-2,101,1,254,0
-4,-1,179,1,254,0
-2,-5,184,1,254,0
-3,5,191,1,254,0
1,6,198,1,254,0
1,-1,225,1,254,0
0,5,215,1,254,0
3,-7,232,1,254,0
-2,4,235,1,254,0
-1,3,244,1,254,0
2,-4,252,1,254,0
6,-6,253,1,254,0
-8,1,9,1,254,0
8,4,11,1,254,0
-4,7,16,1,254,0
8,-3,23,1,254,0
7,3,51,1,254,0
2,8,62,1,254,0
4,0,66,1,254,0
4,-1,158,1,254,0
5,1,85,1,254,0
6,2,96,1,254,0
1,-2,143,1,254,0
5,-4,191,1,254,0
-3,6,199,1,254,0
-7,-1,211,1,254,0
1,7,213,1,254,0
0,6,224,1,254,0
-2,5,231,1,254,0
3,-8,231,1,254,0
-1,4,238,1,254,0
6,-7,243,1,254,0
-4,-2,248,1,254,0
2,-5,251,1,254,0
-4,8,14,1,254,0
-7,1,15,1,254,0
8,5,31,1,254,0
7,4,43,1,254,0
7,-1,44,1,254,0
4,-2,205,1,254,0
4,1,72,1,254,0
6,3,104,1,254,0
5,2,111,1,254,0
1,-3,133,1,254,0
3,0,167,1,254,0
-2,6,201,1,254,0
1,8,207,1,254,0
0,7,221,1,254,0
-1,5,231,1,254,0
2,-6,245,1,254,0
-4,-3,247,1,254,0
5,-5,249,1,254,0
-3,7,253,1,254,0
-5,0,4,1,255,0
-6,1,21,1,255,0
8,6,27,1,255,0
7,5,35,1,255,0
7,-2,39,1,255,0
4,-3,203,1,255,0
5,3,105,1,255,0
5,-6,108,1,255,0
4,2,118,1,255,0
3,1,125,1,255,0
2,0,165,1,255,0
-3,-1,173,1,255,0
-1,-5,189,1,255,0
0,-1,196,1,255,0
-1,6,222,1,255,0
0,8,226,1,255,0
2,-7,238,1,255,0
-2,7,243,1,255,0
-3,8,246,1,255,0
1,-4,254,1,255,0
-4,0,9,1,255,0
-5,1,24,1,255,0
7,6,26,1,255,0
5,4,35,1,255,0
7,-3,43,1,255,0
4,3,44,1,255,0
8,-6,45,1,255,0
3,-1,151,1,255,0
8,7,98,1,255,0
3,2,119,1,255,0
6,5,125,1,255,0
2,1,132,1,255,0
1,0,227,1,255,0
0,-2,179,1,255,0
-1,-6,192,1,255,0
1,-5,201,1,255,0
-6,-1,218,1,255,0
2,-8,229,1,255,0
-1,7,233,1,255,0
5,-7,237,1,255,0
-2,8,244,1,255,0
-3,-2,254,1,255,0
8,8,12,1,255,0
7,-4,34,1,255,0
6,-1,169,1,255,0
7,7,106,1,255,0
6,6,124,1,255,0
5,5,133,1,255,0
4,4,142,1,255,0
3,-2,212,1,255,0
3,3,151,1,255,0
2,2,159,1,255,0
-5,2,159,1,255,0
-3,0,255,1,255,0
-3,-3,169,1,255,0
1,1,169,1,255,0
0,-3,186,1,255,0
0,0,241,1,255,0
1,-6,206,1,255,0
-1,8,237,1,255,0
4,-5,242,1,255,0
8,-7,254,1,255,0
7,8,13,1,255,0
7,-5,41,1,255,0
5,6,107,1,255,0
6,7,109,1,255,0
4,-6,111,1,255,0
4,5,118,1,255,0
3,4,128,1,255,0
3,-3,129,1,255,0
2,3,136,1,255,0
-3,1,149,1,255,0
-2,-1,155,1,255,0
-4,2,158,1,255,0
-2,0,254,1,255,0
1,2,169,1,255,0
6,-2,175,1,255,0
-5,3,175,1,255,0
-3,-4,175,1,255,0
0,-4,193,1,255,0
1,-7,209,1,255,0
0,1,254,1,255,0
7,9,5,1,255,0
8,0,28,1,255,0
-4,3,37,1,255,0
6,-3,182,1,255,0
7,-6,49,1,255,0
6,8,89,1,255,0
5,7,105,1,255,0
2,4,107,1,255,0
1,3,114,1,255,0
3,5,119,1,255,0
-2,1,143,1,255,0
-1,0,248,1,255,0
-5,4,179,1,255,0
2,-1,219,1,255,0
-5,-1,223,1,255,0
4,-7,225,1,255,0
3,-4,234,1,255,0
4,6,246,1,255,0
0,2,249,1,255,0
-3,2,253,1,255,0
5,-1,166,1,255,0
8,1,61,1,255,0
7,0,71,1,255,0
5,8,96,1,255,0
0,3,179,1,255,0
-4,4,182,1,255,0
6,-4,189,1,255,0
1,4,185,1,255,0
-1,1,187,1,255,0
0,-6,199,1,255,0
-8,-1,205,1,255,0
2,-2,216,1,255,0
-5,-2,225,1,255,0
4,-8,229,1,255,0
2,5,232,1,255,0
3,-5,236,1,255,0
3,6,244,1,255,0
-3,3,246,1,255,0
7,-7,249,1,255,0
-2,2,254,1,255,0
4,7,254,1,255,0
9,3,1,1,255,0
8,-1,36,1,255,0
8,2,58,1,255,0
7,1,66,1,255,0
3,7,69,1,255,0
4,8,71,1,255,0
6,0,79,1,255,0
7,-8,87,1,255,0
3,-6,112,1,255,0
-1,-1,147,1,255,0
-2,-4,177,1,255,0
-4,5,189,1,255,0
-2,3,199,1,255,0
0,4,207,1,255,0
2,-3,222,1,255,0
1,5,229,1,255,0
2,6,237,1,255,0
-3,4,239,1,255,0
-5,-3,239,1,255,0
-1,2,246,1,255,0
6,-5,251,1,255,0
-9,1,3,1,255,0
-5,7,4,1,255,0
8,-2,34,1,255,0
8,3,47,1,255,0
7,2,53,1,255,0
5,-3,197,1,255,0
2,7,59,1,255,0
3,8,66,1,255,0
6,1,89,1,255,0
-1,-2,101,1,255,0
-4,-1,179,1,255,0
-2,-5,184,1,255,0
-3,5,191,1,255,0
1,6,198,1,255,0
1,-1,225,1,255,0
0,5,215,1,255,0
3,-7,232,1,255,0
-2,4,235,1,255,0
-1,3,244,1,255,0
2,-4,252,1,255,0
6,-6,254,1,255,0
-8,1,9,1,255,0
8,4,11,1,255,0
8,-3,23,1,255,0
7,3,51,1,255,0
2,8,62,1,255,0
4,0,66,1,255,0
4,-1,158,1,255,0
5,1,85,1,255,0
6,2,96,1,255,0
1,-2,143,1,255,0
5,-4,191,1,255,0
-3,6,199,1,255,0
-7,-1,211,1,255,0
1,7,213,1,255,0
0,6,224,1,255,0
-2,5,231,1,255,0
3,-8,231,1,255,0
-1,4,238,1,255,0
6,-7,243,1,255,0
-4,-2,248,1,255,0
2,-5,251,1,255,0
-4,7,254,1,255,0
-4,8,14,1,255,0
-7,1,15,1,255,0
8,5,31,1,255,0
7,4,43,1,255,0
7,-1,44,1,255,0
4,-2,205,1,255,0
4,1,72,1,255,0
6,3,104,1,255,0
5,2,111,1,255,0
1,-3,133,1,255,0
3,0,167,1,255,0
-2,6,201,1,255,0
1,8,207,1,255,0
0,7,221,1,255,0
-1,5,231,1,255,0
2,-6,245,1,255,0
-4,-3,247,1,255,0
5,-5,249,1,255,0
-3,7,253,1,255,0
-5,0,4,1,256,0
-6,1,21,1,256,0
8,6,27,1,256,0
7,5,35,1,256,0
7,-2,39,1,256,0
4,-3,203,1,256,0
5,3,105,1,256,0
5,-6,108,1,256,0
4,2,118,1,256,0
3,1,125,1,256,0
2,0,165,1,256,0
-3,-1,173,1,256,0
-1,-5,189,1,256,0
0,-1,196,1,256,0
-1,6,222,1,256,0
0,8,226,1,256,0
2,-7,238,1,256,0
-2,7,243,1,256,0
-3,8,246,1,256,0
1,-4,255,1,256,0
-4,0,9,1,256,0
-5,1,24,1,256,0
7,6,26,1,256,0
5,4,35,1,256,0
7,-3,43,1,256,0
4,3,44,1,256,0
8,-6,45,1,256,0
3,-1,151,1,256,0
8,7,98,1,256,0
3,2,119,1,256,0
6,5,125,1,256,0
2,1,132,1,256,0
1,0,227,1,256,0
0,-2,179,1,256,0
-1,-6,192,1,256,0
1,-5,201,1,256,0
-6,-1,218,1,256,0
2,-8,229,1,256,0
-1,7,233,1,256,0
5,-7,237,1,256,0
-2,8,244,1,256,0
-3,-2,255,1,256,0
8,8,12,1,256,0
7,-4,34,1,256,0
6,-1,169,1,256,0
7,7,106,1,256,0
6,6,124,1,256,0
5,5,133,1,256,0
4,4,142,1,256,0
3,-2,212,1,256,0
3,3,151,1,256,0
2,2,159,1,256,0
-5,2,159,1,256,0
-3,0,256,1,256,0
-3,-3,169,1,256,0
1,1,169,1,256,0
0,-3,186,1,256,0
0,0,241,1,256,0
1,-6,206,1,256,0
-1,8,237,1,256,0
4,-5,242,1,256,0
8,-7,255,1,256,0
7,8,13,1,256,0
7,-5,41,1,256,0
5,6,107,1,256,0
6,7,109,1,256,0
4,-6,111,1,256,0
4,5,118,1,256,0
3,4,128,1,256,0
3,-3,129,1,256,0
2,3,136,1,256,0
-3,1,149,1,256,0
-2,-1,155,1,256,0
-4,2,158,1,256,0
-2,0,254,1,256,0
1,2,169,1,256,0
6,-2,175,1,256,0
-5,3,175,1,256,0
-3,-4,175,1,256,0
0,-4,193,1,256,0
1,-7,209,1,256,0
0,1,255,1,256,0
7,9,5,1,256,0
8,0,28,1,256,0
-4,3,37,1,256,0
6,-3,182,1,256,0
7,-6,49,1,256,0
6,8,89,1,256,0
5,7,105,1,256,0
2,4,107,1,256,0
1,3,114,1,256,0
3,5,119,1,256,0
-2,1,143,1,256,0
-1,0,248,1,256,0
-5,4,179,1,256,0
2,-1,219,1,256,0
-5,-1,223,1,256,0
4,-7,225,1,256,0
3,-4,234,1,256,0
4,6,246,1,256,0
0,2,249,1,256,0
-3,2,253,1,256,0
5,-1,166,1,256,0
8,1,61,1,256,0
7,0,71,1,256,0
0,3,179,1,256,0
-4,4,182,1,256,0
6,-4,189,1,256,0
1,4,185,1,256,0
-1,1,187,1,256,0
0,-6,199,1,256,0
-8,-1,205,1,256,0
2,-2,216,1,256,0
-5,-2,225,1,256,0
4,-8,229,1,256,0
2,5,232,1,256,0
3,-5,236,1,256,0
3,6,244,1,256,0
-3,3,246,1,256,0
7,-7,249,1,256,0
4,7,254,1,256,0
-2,2,255,1,256,0
5,8,255,1,256,0
9,3,1,1,256,0
8,-1,36,1,256,0
8,2,58,1,256,0
7,1,66,1,256,0
3,7,69,1,256,0
4,8,71,1,256,0
6,0,79,1,256,0
7,-8,87,1,256,0
3,-6,112,1,256,0
-1,-1,147,1,256,0
-2,-4,177,1,256,0
-4,5,189,1,256,0
-2,3,199,1,256,0
0,4,207,1,256,0
2,-3,222,1,256,0
1,5,229,1,256,0
2,6,237,1,256,0
-3,4,239,1,256,0
-5,-3,239,1,256,0
-1,2,246,1,256,0
6,-5,251,1,256,0
-9,1,3,1,256,0
-5,7,4,1,256,0
8,-2,34,1,256,0
8,3,47,1,256,0
7,2,53,1,256,0
5,-3,197,1,256,0
2,7,59,1,256,0
3,8,66,1,256,0
6,1,89,1,256,0
-1,-2,101,1,256,0
-4,-1,179,1,256,0
-2,-5,184,1,256,0
-3,5,191,1,256,0
1,6,198,1,256,0
1,-1,225,1,256,0
0,5,215,1,256,0
3,-7,232,1,256,0
-2,4,235,1,256,0
-1,3,244,1,256,0
2,-4,252,1,256,0
6,-6,255,1,256,0
-8,1,9,1,256,0
8,4,11,1,256,0
8,-3,23,1,256,0
7,3,51,1,256,0
2,8,62,1,256,0
4,0,66,1,256,0
4,-1,158,1,256,0
5,1,85,1,256,0
6,2,96,1,256,0
1,-2,143,1,256,0
5,-4,191,1,256,0
-3,6,199,1,256,0
-7,-1,211,1,256,0
1,7,213,1,256,0
0,6,224,1,256,0
-2,5,231,1,256,0
3,-8,231,1,256,0
-1,4,238,1,256,0
6,-7,243,1,256,0
-4,-2,248,1,256,0
2,-5,251,1,256,0
-4,7,254,1,256,0
-4,8,14,1,256,0
-7,1,15,1,256,0
8,5,31,1,256,0
7,4,43,1,256,0
7,-1,44,1,256,0
4,-2,205,1,256,0
4,1,72,1,256,0
6,3,104,1,256,0
5,2,111,1,256,0
1,-3,133,1,256,0
3,0,167,1,256,0
-2,6,201,1,256,0
1,8,207,1,256,0
0,7,221,1,256,0
-1,5,231,1,256,0
2,-6,245,1,256,0
-4,-3,247,1,256,0
5,-5,249,1,256,0
-3,7,255,1,256,0
-5,0,4,1,257,0
-6,1,21,1,257,0
8,6,27,1,257,0
7,5,35,1,257,0
7,-2,39,1,257,0
4,-3,203,1,257,0
5,3,105,1,257,0
5,-6,108,1,257,0
4,2,118,1,257,0
3,1,125,1,257,0
2,0,165,1,257,0
-3,-1,173,1,257,0
-1,-5,189,1,257,0
0,-1,196,1,257,0
-1,6,222,1,257,0
0,8,226,1,257,0
2,-7,238,1,257,0
-2,7,243,1,257,0
-3,8,246,1,257,0
1,-4,256,1,257,0
-4,0,9,1,257,0
-5,1,24,1,257,0
7,6,26,1,257,0
5,4,35,1,257,0
7,-3,43,1,257,0
4,3,44,1,257,0
8,-6,45,1,257,0
3,-1,151,1,257,0
8,7,98,1,257,0
3,2,119,1,257,0
6,5,125,1,257,0
2,1,132,1,257,0
1,0,227,1,257,0
0,-2,179,1,257,0
-1,-6,192,1,257,0
1,-5,201,1,257,0
-6,-1,218,1,257,0
2,-8,229,1,257,0
-1,7,233,1,257,0
5,-7,237,1,257,0
-2,8,244,1,257,0
-3,-2,256,1,257,0
8,8,12,1,257,0
7,-4,34,1,257,0
6,-1,169,1,257,0
7,7,106,1,257,0
6,6,124,1,257,0
5,5,133,1,257,0
4,4,142,1,257,0
3,-2,212,1,257,0
3,3,151,1,257,0
2,2,159,1,257,0
-5,2,159,1,257,0
-3,0,257,1,257,0
-3,-3,169,1,257,0
1,1,169,1,257,0
0,-3,186,1,257,0
0,0,241,1,257,0
1,-6,206,1,257,0
-1,8,237,1,257,0
4,-5,242,1,257,0
8,-7,256,1,257,0
7,8,13,1,257,0
7,-5,41,1,257,0
5,6,107,1,257,0
6,7,109,1,257,0
4,-6,111,1,257,0
4,5,118,1,257,0
3,4,128,1,257,0
3,-3,129,1,257,0
2,3,136,1,257,0
-3,1,149,1,257,0
-2,-1,155,1,257,0
-4,2,158,1,257,0
-2,0,254,1,257,0
1,2,169,1,257,0
6,-2,175,1,257,0
-5,3,175,1,257,0
-3,-4,175,1,257,0
0,-4,193,1,257,0
1,-7,209,1,257,0
0,1,256,1,257,0
7,9,5,1,257,0
8,0,28,1,257,0
-4,3,37,1,257,0
6,-3,182,1,257,0
7,-6,49,1,257,0
6,8,89,1,257,0
5,7,105,1,257,0
2,4,107,1,257,0
1,3,114,1,257,0
3,5,119,1,257,0
-2,1,143,1,257,0
-1,0,248,1,257,0
-5,4,179,1,257,0
2,-1,219,1,257,0
-5,-1,223,1,257,0
4,-7,225,1,257,0
3,-4,234,1,257,0
4,6,246,1,257,0
0,2,249,1,257,0
-3,2,253,1,257,0
5,-1,166,1,257,0
8,1,61,1,257,0
7,0,71,1,257,0
0,3,179,1,257,0
-4,4,182,1,257,0
6,-4,189,1,257,0
1,4,185,1,257,0
-1,1,187,1,257,0
0,-6,199,1,257,0
-8,-1,205,1,257,0
2,-2,216,1,257,0
-5,-2,225,1,257,0
4,-8,229,1,257,0
2,5,232,1,257,0
3,-5,236,1,257,0
3,6,244,1,257,0
-3,3,246,1,257,0
7,-7,249,1,257,0
4,7,254,1,257,0
-2,2,256,1,257,0
5,8,256,1,257,0
9,3,1,1,257,0
8,-1,36,1,257,0
8,2,58,1,257,0
7,1,66,1,257,0
3,7,69,1,257,0
4,8,71,1,257,0
6,0,79,1,257,0
7,-8,87,1,257,0
3,-6,112,1,257,0
-1,-1,147,1,257,0
-2,-4,177,1,257,0
-4,5,189,1,257,0
-2,3,199,1,257,0
0,4,207,1,257,0
2,-3,222,1,257,0
1,5,229,1,257,0
2,6,237,1,257,0
-3,4,239,1,257,0
-5,-3,239,1,257,0
-1,2,246,1,257,0
6,-5,256,1,257,0
-9,1,3,1,257,0
-5,7,4,1,257,0
8,-2,34,1,257,0
8,3,47,1,257,0
7,2,53,1,257,0
5,-3,197,1,257,0
2,7,59,1,257,0
3,8,66,1,257,0
6,1,89,1,257,0
-1,-2,101,1,257,0
-4,-1,179,1,257,0
-2,-5,184,1,257,0
-3,5,191,1,257,0
1,6,198,1,257,0
1,-1,225,1,257,0
0,5,215,1,257,0
3,-7,232,1,257,0
-2,4,235,1,257,0
-1,3,244,1,257,0
2,-4,252,1,257,0
6,-6,255,1,257,0
-8,1,9,1,257,0
8,4,11,1,257,0
8,-3,23,1,257,0
7,3,51,1,257,0
2,8,62,1,257,0
4,0,66,1,257,0
4,-1,158,1,257,0
5,1,85,1,257,0
6,2,96,1,257,0
1,-2,143,1,257,0
5,-4,191,1,257,0
-3,6,199,1,257,0
-7,-1,211,1,257,0
1,7,213,1,257,0
0,6,224,1,257,0
-2,5,231,1,257,0
3,-8,231,1,257,0
-1,4,238,1,257,0
6,-7,243,1,257,0
-4,-2,248,1,257,0
2,-5,251,1,257,0
-4,7,254,1,257,0
-4,8,14,1,257,0
-7,1,15,1,257,0
8,5,31,1,257,0
7,4,43,1,257,0
7,-1,44,1,257,0
4,-2,205,1,257,0
4,1,72,1,257,0
6,3,104,1,257,0
5,2,111,1,257,0
1,-3,133,1,257,0
3,0,167,1,257,0
-2,6,201,1,257,0
1,8,207,1,257,0
0,7,221,1,257,0
-1,5,231,1,257,0
2,-6,245,1,257,0
-4,-3,247,1,257,0
5,-5,249,1,257,0
-3,7,256,1,257,0
-5,0,4,1,258,0
-6,1,21,1,258,0
8,6,27,1,258,0
7,5,35,1,258,0
7,-2,39,1,258,0
4,-3,203,1,258,0
5,3,105,1,258,0
5,-6,108,1,258,0
4,2,118,1,258,0
3,1,125,1,258,0
2,0,165,1,258,0
-3,-1,173,1,258,0
-1,-5,189,1,258,0
0,-1,196,1,258,0
-1,6,222,1,258,0
0,8,226,1,258,0
2,-7,238,1,258,0
-2,7,243,1,258,0
-3,8,246,1,258,0
1,-4,257,1,258,0
-4,0,9,1,258,0
-5,1,24,1,258,0
7,6,26,1,258,0
5,4,35,1,258,0
7,-3,43,1,258,0
4,3,44,1,258,0
8,-6,45,1,258,0
3,-1,151,1,258,0
8,7,98,1,258,0
3,2,119,1,258,0
6,5,125,1,258,0
2,1,132,1,258,0
1,0,227,1,258,0
0,-2,179,1,258,0
-1,-6,192,1,258,0
1,-5,201,1,258,0
-6,-1,218,1,258,0
2,-8,229,1,258,0
-1,7,233,1,258,0
5,-7,237,1,258,0
-2,8,244,1,258,0
-3,-2,256,1,258,0
8,8,12,1,258,0
7,-4,34,1,258,0
6,-1,169,1,258,0
7,7,106,1,258,0
6,6,124,1,258,0
5,5,133,1,258,0
4,4,142,1,258,0
3,-2,212,1,258,0
3,3,151,1,258,0
2,2,159,1,258,0
-5,2,159,1,258,0
-3,0,258,1,258,0
-3,-3,169,1,258,0
1,1,169,1,258,0
0,-3,186,1,258,0
0,0,241,1,258,0
1,-6,206,1,258,0
-1,8,237,1,258,0
4,-5,242,1,258,0
8,-7,257,1,258,0
7,8,13,1,258,0
7,-5,41,1,258,0
5,6,107,1,258,0
6,7,109,1,258,0
4,-6,111,1,258,0
4,5,118,1,258,0
3,4,128,1,258,0
3,-3,129,1,258,0
2,3,136,1,258,0
-3,1,149,1,258,0
-2,-1,155,1,258,0
-4,2,158,1,258,0
-2,0,254,1,258,0
1,2,169,1,258,0
6,-2,175,1,258,0
-5,3,175,1,258,0
-3,-4,175,1,258,0
0,-4,193,1,258,0
1,-7,209,1,258,0
0,1,257,1,258,0
7,9,5,1,258,0
8,0,28,1,258,0
-4,3,37,1,258,0
6,-3,182,1,258,0
7,-6,49,1,258,0
6,8,89,1,258,0
5,7,105,1,258,0
2,4,107,1,258,0
1,3,114,1,258,0
3,5,119,1,258,0
-1,0,248,1,258,0
-5,4,179,1,258,0
2,-1,219,1,258,0
-5,-1,223,1,258,0
4,-7,225,1,258,0
3,-4,234,1,258,0
4,6,246,1,258,0
0,2,249,1,258,0
-3,2,253,1,258,0
-2,1,257,1,258,0
-2,-2,257,1,258,0
5,-1,166,1,258,0
8,1,61,1,258,0
7,0,71,1,258,0
0,3,179,1,258,0
-4,4,182,1,258,0
6,-4,189,1,258,0
1,4,185,1,258,0
-1,1,187,1,258,0
0,-6,199,1,258,0
-8,-1,205,1,258,0
2,-2,216,1,258,0
-5,-2,225,1,258,0
4,-8,229,1,258,0
2,5,232,1,258,0
3,-5,236,1,258,0
3,6,244,1,258,0
-3,3,246,1,258,0
7,-7,249,1,258,0
4,7,254,1,258,0
-2,2,256,1,258,0
5,8,257,1,258,0
9,3,1,1,258,0
8,-1,36,1,258,0
8,2,58,1,258,0
7,1,66,1,258,0
3,7,69,1,258,0
4,8,71,1,258,0
6,0,79,1,258,0
7,-8,87,1,258,0
3,-6,112,1,258,0
-1,-1,147,1,258,0
-2,-4,177,1,258,0
-4,5,189,1,258,0
-2,3,199,1,258,0
0,4,207,1,258,0
2,-3,222,1,258,0
1,5,229,1,258,0
2,6,237,1,258,0
-3,4,239,1,258,0
-5,-3,239,1,258,0
-1,2,246,1,258,0
6,-5,257,1,258,0
-9,1,3,1,258,0
-5,7,4,1,258,0
8,-2,34,1,258,0
8,3,47,1,258,0
7,2,53,1,258,0
5,-3,197,1,258,0
2,7,59,1,258,0
3,8,66,1,258,0
6,1,89,1,258,0
-1,-2,101,1,258,0
-4,-1,179,1,258,0
-2,-5,184,1,258,0
-3,5,191,1,258,0
1,6,198,1,258,0
1,-1,225,1,258,0
0,5,215,1,258,0
3,-7,232,1,258,0
-2,4,235,1,258,0
-1,3,244,1,258,0
2,-4,252,1,258,0
6,-6,255,1,258,0
-8,1,9,1,258,0
8,4,11,1,258,0
8,-3,23,1,258,0
7,3,51,1,258,0
2,8,62,1,258,0
4,0,66,1,258,0
4,-1,158,1,258,0
5,1,85,1,258,0
6,2,96,1,258,0
1,-2,143,1,258,0
5,-4,191,1,258,0
-3,6,199,1,258,0
-7,-1,211,1,258,0
1,7,213,1,258,0
0,6,224,1,258,0
-2,5,231,1,258,0
3,-8,231,1,258,0
-1,4,238,1,258,0
6,-7,243,1,258,0
-4,-2,248,1,258,0
2,-5,251,1,258,0
-4,7,254,1,258,0
-4,8,14,1,258,0
-7,1,15,1,258,0
8,5,31,1,258,0
7,4,43,1,258,0
7,-1,44,1,258,0
4,-2,205,1,258,0
4,1,72,1,258,0
6,3,104,1,258,0
5,2,111,1,258,0
1,-3,133,1,258,0
3,0,167,1,258,0
-2,6,201,1,258,0
1,8,207,1,258,0
0,7,221,1,258,0
-1,5,231,1,258,0
2,-6,245,1,258,0
-4,-3,247,1,258,0
5,-5,249,1,258,0
-3,7,257,1,258,0
-5,0,4,1,259,0
-6,1,21,1,259,0
8,6,27,1,259,0
7,5,35,1,259,0
7,-2,39,1,259,0
4,-3,203,1,259,0
5,3,105,1,259,0
5,-6,108,1,259,0
4,2,118,1,259,0
3,1,125,1,259,0
2,0,165,1,259,0
-3,-1,173,1,259,0
-1,-5,189,1,259,0
0,-1,196,1,259,0
-1,6,222,1,259,0
0,8,226,1,259,0
2,-7,238,1,259,0
-2,7,243,1,259,0
-3,8,246,1,259,0
1,-4,258,1,259,0
-4,0,9,1,259,0
-5,1,24,1,259,0
7,6,26,1,259,0
5,4,35,1,259,0
7,-3,43,1,259,0
4,3,44,1,259,0
8,-6,45,1,259,0
3,-1,151,1,259,0
8,7,98,1,259,0
3,2,119,1,259,0
6,5,125,1,259,0
2,1,132,1,259,0
1,0,227,1,259,0
0,-2,179,1,259,0
-1,-6,192,1,259,0
1,-5,201,1,259,0
-6,-1,218,1,259,0
2,-8,229,1,259,0
-1,7,233,1,259,0
5,-7,237,1,259,0
-2,8,244,1,259,0
-3,-2,256,1,259,0
8,8,12,1,259,0
7,-4,34,1,259,0
6,-1,169,1,259,0
7,7,106,1,259,0
6,6,124,1,259,0
5,5,133,1,259,0
4,4,142,1,259,0
3,-2,212,1,259,0
3,3,151,1,259,0
2,2,159,1,259,0
-5,2,159,1,259,0
-3,0,259,1,259,0
-3,-3,169,1,259,0
1,1,169,1,259,0
0,-3,186,1,259,0
1,-6,206,1,259,0
-1,8,237,1,259,0
4,-5,242,1,259,0
8,-7,257,1,259,0
0,0,258,1,259,0
7,8,13,1,259,0
5,6,107,1,259,0
6,7,109,1,259,0
4,-6,111,1,259,0
4,5,118,1,259,0
3,4,128,1,259,0
3,-3,129,1,259,0
2,3,136,1,259,0
-3,1,149,1,259,0
-2,-1,155,1,259,0
-4,2,158,1,259,0
-2,0,254,1,259,0
1,2,169,1,259,0
6,-2,175,1,259,0
-5,3,175,1,259,0
-3,-4,175,1,259,0
0,-4,193,1,259,0
1,-7,209,1,259,0
0,1,257,1,259,0
7,-5,258,1,259,0
7,9,5,1,259,0
8,0,28,1,259,0
-4,3,37,1,259,0
6,-3,182,1,259,0
7,-6,49,1,259,0
6,8,89,1,259,0
2,4,107,1,259,0
1,3,114,1,259,0
3,5,119,1,259,0
-1,0,248,1,259,0
-5,4,179,1,259,0
2,-1,219,1,259,0
-5,-1,223,1,259,0
4,-7,225,1,259,0
3,-4,234,1,259,0
4,6,246,1,259,0
0,2,249,1,259,0
-3,2,253,1,259,0
-2,1,258,1,259,0
-2,-2,258,1,259,0
5,7,258,1,259,0
5,-1,166,1,259,0
8,1,61,1,259,0
7,0,71,1,259,0
0,3,179,1,259,0
-4,4,182,1,259,0
6,-4,189,1,259,0
1,4,185,1,259,0
-1,1,187,1,259,0
0,-6,199,1,259,0
-8,-1,205,1,259,0
2,-2,216,1,259,0
-5,-2,225,1,259,0
4,-8,229,1,259,0
2,5,232,1,259,0
3,-5,236,1,259,0
3,6,244,1,259,0
-3,3,246,1,259,0
4,7,254,1,259,0
-2,2,256,1,259,0
5,8,257,1,259,0
7,-7,258,1,259,0
9,3,1,1,259,0
8,-1,36,1,259,0
8,2,58,1,259,0
7,1,66,1,259,0
3,7,69,1,259,0
4,8,71,1,259,0
6,0,79,1,259,0
7,-8,87,1,259,0
3,-6,112,1,259,0
-1,-1,147,1,259,0
-2,-4,177,1,259,0
-4,5,189,1,259,0
-2,3,199,1,259,0
0,4,207,1,259,0
2,-3,222,1,259,0
1,5,229,1,259,0
2,6,237,1,259,0
-3,4,239,1,259,0
-5,-3,239,1,259,0
-1,2,246,1,259,0
6,-5,257,1,259,0
-9,1,3,1,259,0
-5,7,4,1,259,0
8,-2,34,1,259,0
8,3,47,1,259,0
7,2,53,1,259,0
5,-3,197,1,259,0
2,7,59,1,259,0
3,8,66,1,259,0
6,1,89,1,259,0
-1,-2,101,1,259,0
-4,-1,179,1,259,0
-2,-5,184,1,259,0
-3,5,191,1,259,0
1,6,198,1,259,0
1,-1,225,1,259,0
0,5,215,1,259,0
3,-7,232,1,259,0
-2,4,235,1,259,0
-1,3,244,1,259,0
2,-4,252,1,259,0
6,-6,255,1,259,0
-8,1,9,1,259,0
8,4,11,1,259,0
8,-3,23,1,259,0
7,3,51,1,259,0
2,8,62,1,259,0
4,0,66,1,259,0
4,-1,158,1,259,0
5,1,85,1,259,0
6,2,96,1,259,0
1,-2,143,1,259,0
5,-4,191,1,259,0
-3,6,199,1,259,0
-7,-1,211,1,259,0
1,7,213,1,259,0
0,6,224,1,259,0
-2,5,231,1,259,0
3,-8,231,1,259,0
-1,4,238,1,259,0
6,-7,243,1,259,0
-4,-2,248,1,259,0
2,-5,251,1,259,0
-4,7,254,1,259,0
-4,8,14,1,259,0
-7,1,15,1,259,0
8,5,31,1,259,0
7,4,43,1,259,0
7,-1,44,1,259,0
4,-2,205,1,259,0
4,1,72,1,259,0
6,3,104,1,259,0
5,2,111,1,259,0
1,-3,133,1,259,0
3,0,167,1,259,0
-2,6,201,1,259,0
1,8,207,1,259,0
0,7,221,1,259,0
-1,5,231,1,259,0
2,-6,245,1,259,0
-4,-3,247,1,259,0
5,-5,249,1,259,0
-3,7,258,1,259,0
-5,0,4,1,260,0
-6,1,21,1,260,0
8,6,27,1,260,0
7,5,35,1,260,0
7,-2,39,1,260,0
4,-3,203,1,260,0
5,3,105,1,260,0
5,-6,108,1,260,0
4,2,118,1,260,0
3,1,125,1,260,0
2,0,165,1,260,0
-3,-1,173,1,260,0
-1,-5,189,1,260,0
0,-1,196,1,260,0
-1,6,222,1,260,0
0,8,226,1,260,0
2,-7,238,1,260,0
-2,7,243,1,260,0
-3,8,246,1,260,0
1,-4,258,1,260,0
-4,0,9,1,260,0
-5,1,24,1,260,0
7,6,26,1,260,0
5,4,35,1,260,0
7,-3,43,1,260,0
4,3,44,1,260,0
8,-6,45,1,260,0
3,-1,151,1,260,0
8,7,98,1,260,0
3,2,119,1,260,0
6,5,125,1,260,0
2,1,132,1,260,0
1,0,227,1,260,0
0,-2,179,1,260,0
-1,-6,192,1,260,0
1,-5,201,1,260,0
-6,-1,218,1,260,0
2,-8,229,1,260,0
-1,7,233,1,260,0
5,-7,237,1,260,0
-2,8,244,1,260,0
-3,-2,256,1,260,0
8,8,12,1,260,0
7,-4,34,1,260,0
6,-1,169,1,260,0
7,7,106,1,260,0
6,6,124,1,260,0
5,5,133,1,260,0
4,4,142,1,260,0
3,-2,212,1,260,0
3,3,151,1,260,0
2,2,159,1,260,0
-5,2,159,1,260,0
-3,0,259,1,260,0
-3,-3,169,1,260,0
1,1,169,1,260,0
0,-3,186,1,260,0
1,-6,206,1,260,0
-1,8,237,1,260,0
4,-5,242,1,260,0
8,-7,257,1,260,0
0,0,259,1,260,0
7,8,13,1,260,0
5,6,107,1,260,0
6,7,109,1,260,0
4,-6,111,1,260,0
4,5,118,1,260,0
3,4,128,1,260,0
3,-3,129,1,260,0
2,3,136,1,260,0
-3,1,149,1,260,0
-4,2,158,1,260,0
-2,0,254,1,260,0
1,2,169,1,260,0
6,-2,175,1,260,0
-5,3,175,1,260,0
-3,-4,175,1,260,0
0,-4,193,1,260,0
1,-7,209,1,260,0
0,1,257,1,260,0
-2,-1,259,1,260,0
7,-5,259,1,260,0
7,9,5,1,260,0
8,0,28,1,260,0
-4,3,37,1,260,0
6,-3,182,1,260,0
7,-6,49,1,260,0
6,8,89,1,260,0
2,4,107,1,260,0
1,3,114,1,260,0
3,5,119,1,260,0
-1,0,248,1,260,0
-5,4,179,1,260,0
2,-1,219,1,260,0
-5,-1,223,1,260,0
4,-7,225,1,260,0
3,-4,234,1,260,0
4,6,246,1,260,0
0,2,249,1,260,0
-3,2,253,1,260,0
-2,-2,258,1,260,0
-2,1,259,1,260,0
5,7,259,1,260,0
5,-1,166,1,260,0
8,1,61,1,260,0
7,0,71,1,260,0
0,3,179,1,260,0
-4,4,182,1,260,0
6,-4,189,1,260,0
1,4,185,1,260,0
-1,1,187,1,260,0
0,-6,199,1,260,0
-8,-1,205,1,260,0
2,-2,216,1,260,0
-5,-2,225,1,260,0
4,-8,229,1,260,0
2,5,232,1,260,0
3,-5,236,1,260,0
3,6,244,1,260,0
-3,3,246,1,260,0
4,7,254,1,260,0
-2,2,256,1,260,0
5,8,257,1,260,0
7,-7,259,1,260,0
9,3,1,1,260,0
8,-1,36,1,260,0
8,2,58,1,260,0
7,1,66,1,260,0
3,7,69,1,260,0
4,8,71,1,260,0
6,0,79,1,260,0
7,-8,87,1,260,0
3,-6,112,1,260,0
-1,-1,147,1,260,0
-2,-4,177,1,260,0
-4,5,189,1,260,0
-2,3,199,1,260,0
0,4,207,1,260,0
2,-3,222,1,260,0
1,5,229,1,260,0
2,6,237,1,260,0
-3,4,239,1,260,0
-5,-3,239,1,260,0
-1,2,246,1,260,0
6,-5,257,1,260,0
-9,1,3,1,260,0
-5,7,4,1,260,0
8,-2,34,1,260,0
8,3,47,1,260,0
7,2,53,1,260,0
5,-3,197,1,260,0
2,7,59,1,260,0
3,8,66,1,260,0
6,1,89,1,260,0
-1,-2,101,1,260,0
-4,-1,179,1,260,0
-2,-5,184,1,260,0
-3,5,191,1,260,0
1,6,198,1,260,0
1,-1,225,1,260,0
0,5,215,1,260,0
3,-7,232,1,260,0
-2,4,235,1,260,0
-1,3,244,1,260,0
2,-4,252,1,260,0
6,-6,255,1,260,0
-8,1,9,1,260,0
8,4,11,1,260,0
8,-3,23,1,260,0
7,3,51,1,260,0
2,8,62,1,260,0
4,0,66,1,260,0
4,-1,158,1,260,0
5,1,85,1,260,0
6,2,96,1,260,0
1,-2,143,1,260,0
5,-4,191,1,260,0
-7,-1,211,1,260,0
1,7,213,1,260,0
0,6,224,1,260,0
-2,5,231,1,260,0
3,-8,231,1,260,0
-1,4,238,1,260,0
6,-7,243,1,260,0
-4,-2,248,1,260,0
2,-5,251,1,260,0
-4,7,254,1,260,0
-3,6,259,1,260,0
-4,8,14,1,260,0
-7,1,15,1,260,0
8,5,31,1,260,0
7,4,43,1,260,0
7,-1,44,1,260,0
4,-2,205,1,260,0
4,1,72,1,260,0
6,3,104,1,260,0
5,2,111,1,260,0
3,0,167,1,260,0
-2,6,201,1,260,0
1,8,207,1,260,0
0,7,221,1,260,0
-1,5,231,1,260,0
2,-6,245,1,260,0
-4,-3,247,1,260,0
5,-5,249,1,260,0
-3,7,258,1,260,0
1,-3,259,1,260,0
-5,0,4,1,261,0
-6,1,21,1,261,0
8,6,27,1,261,0
7,5,35,1,261,0
7,-2,39,1,261,0
4,-3,203,1,261,0
5,3,105,1,261,0
5,-6,108,1,261,0
4,2,118,1,261,0
3,1,125,1,261,0
2,0,165,1,261,0
-3,-1,173,1,261,0
-1,-5,189,1,261,0
0,-1,196,1,261,0
-1,6,222,1,261,0
0,8,226,1,261,0
2,-7,238,1,261,0
-2,7,243,1,261,0
-3,8,246,1,261,0
1,-4,258,1,261,0
-4,0,9,1,261,0
-5,1,24,1,261,0
7,6,26,1,261,0
5,4,35,1,261,0
7,-3,43,1,261,0
4,3,44,1,261,0
8,-6,45,1,261,0
3,-1,151,1,261,0
8,7,98,1,261,0
3,2,119,1,261,0
6,5,125,1,261,0
2,1,132,1,261,0
1,0,227,1,261,0
0,-2,179,1,261,0
-1,-6,192,1,261,0
1,-5,201,1,261,0
-6,-1,218,1,261,0
2,-8,229,1,261,0
-1,7,233,1,261,0
5,-7,237,1,261,0
-2,8,244,1,261,0
-3,-2,256,1,261,0
8,8,12,1,261,0
7,-4,34,1,261,0
6,-1,169,1,261,0
7,7,106,1,261,0
6,6,124,1,261,0
5,5,133,1,261,0
4,4,142,1,261,0
3,-2,212,1,261,0
3,3,151,1,261,0
2,2,159,1,261,0
-5,2,159,1,261,0
-3,0,261,1,261,0
-3,-3,169,1,261,0
1,1,169,1,261,0
0,-3,186,1,261,0
1,-6,206,1,261,0
-1,8,237,1,261,0
4,-5,242,1,261,0
8,-7,257,1,261,0
0,0,259,1,261,0
7,8,13,1,261,0
5,6,107,1,261,0
6,7,109,1,261,0
4,-6,111,1,261,0
4,5,118,1,261,0
3,4,128,1,261,0
3,-3,129,1,261,0
2,3,136,1,261,0
-3,1,149,1,261,0
-4,2,158,1,261,0
-2,0,254,1,261,0
1,2,169,1,261,0
6,-2,175,1,261,0
-5,3,175,1,261,0
-3,-4,175,1,261,0
0,-4,193,1,261,0
1,-7,209,1,261,0
0,1,257,1,261,0
-2,-1,259,1,261,0
7,-5,259,1,261,0
7,9,5,1,261,0
8,0,28,1,261,0
-4,3,37,1,261,0
6,-3,182,1,261,0
7,-6,49,1,261,0
6,8,89,1,261,0
2,4,107,1,261,0
1,3,114,1,261,0
3,5,119,1,261,0
-1,0,248,1,261,0
-5,4,179,1,261,0
2,-1,219,1,261,0
-5,-1,223,1,261,0
4,-7,225,1,261,0
3,-4,234,1,261,0
4,6,246,1,261,0
0,2,249,1,261,0
-3,2,253,1,261,0
-2,-2,258,1,261,0
-2,1,259,1,261,0
5,7,259,1,261,0
5,-1,166,1,261,0
8,1,61,1,261,0
7,0,71,1,261,0
0,3,179,1,261,0
-4,4,182,1,261,0
6,-4,189,1,261,0
1,4,185,1,261,0
-1,1,187,1,261,0
0,-6,199,1,261,0
-8,-1,205,1,261,0
2,-2,216,1,261,0
-5,-2,225,1,261,0
4,-8,229,1,261,0
2,5,232,1,261,0
3,-5,236,1,261,0
3,6,244,1,261,0
-3,3,246,1,261,0
4,7,254,1,261,0
-2,2,256,1,261,0
5,8,257,1,261,0
7,-7,259,1,261,0
9,3,1,1,261,0
8,-1,36,1,261,0
8,2,58,1,261,0
7,1,66,1,261,0
3,7,69,1,261,0
4,8,71,1,261,0
6,0,79,1,261,0
7,-8,87,1,261,0
3,-6,112,1,261,0
-1,-1,147,1,261,0
-2,-4,177,1,261,0
-4,5,189,1,261,0
-2,3,199,1,261,0
0,4,207,1,261,0
2,-3,222,1,261,0
1,5,229,1,261,0
2,6,237,1,261,0
-3,4,239,1,261,0
-5,-3,239,1,261,0
-1,2,246,1,261,0
6,-5,257,1,261,0
-9,1,3,1,261,0
-5,7,4,1,261,0
8,-2,34,1,261,0
8,3,47,1,261,0
7,2,53,1,261,0
5,-3,197,1,261,0
2,7,59,1,261,0
3,8,66,1,261,0
6,1,89,1,261,0
-1,-2,101,1,261,0
-4,-1,179,1,261,0
-2,-5,184,1,261,0
-3,5,191,1,261,0
1,6,198,1,261,0
1,-1,225,1,261,0
0,5,215,1,261,0
3,-7,232,1,261,0
-2,4,235,1,261,0
-1,3,244,1,261,0
2,-4,252,1,261,0
6,-6,255,1,261,0
-8,1,9,1,261,0
8,4,11,1,261,0
8,-3,23,1,261,0
7,3,51,1,261,0
2,8,62,1,261,0
4,0,66,1,261,0
4,-1,158,1,261,0
5,1,85,1,261,0
6,2,96,1,261,0
1,-2,143,1,261,0
5,-4,191,1,261,0
-7,-1,211,1,261,0
1,7,213,1,261,0
0,6,224,1,261,0
-2,5,231,1,261,0
3,-8,231,1,261,0
-1,4,238,1,261,0
6,-7,243,1,261,0
-4,-2,248,1,261,0
2,-5,251,1,261,0
-4,7,254,1,261,0
-3,6,259,1,261,0
-4,8,14,1,261,0
-7,1,15,1,261,0
8,5,31,1,261,0
7,4,43,1,261,0
7,-1,44,1,261,0
4,-2,205,1,261,0
4,1,72,1,261,0
6,3,104,1,261,0
5,2,111,1,261,0
3,0,167,1,261,0
-2,6,201,1,261,0
1,8,207,1,261,0
0,7,221,1,261,0
-1,5,231,1,261,0
2,-6,245,1,261,0
-4,-3,247,1,261,0
5,-5,249,1,261,0
-3,7,258,1,261,0
1,-3,259,1,261,0
-5,0,4,1,262,0
-6,1,21,1,262,0
8,6,27,1,262,0
7,5,35,1,262,0
7,-2,39,1,262,0
4,-3,203,1,262,0
5,3,105,1,262,0
5,-6,108,1,262,0
4,2,118,1,262,0
3,1,125,1,262,0
2,0,165,1,262,0
-3,-1,173,1,262,0
-1,-5,189,1,262,0
0,-1,196,1,262,0
-1,6,222,1,262,0
0,8,226,1,262,0
2,-7,238,1,262,0
-2,7,243,1,262,0
-3,8,246,1,262,0
1,-4,258,1,262,0
-4,0,9,1,262,0
-5,1,24,1,262,0
7,6,26,1,262,0
5,4,35,1,262,0
7,-3,43,1,262,0
4,3,44,1,262,0
8,-6,45,1,262,0
3,-1,151,1,262,0
8,7,98,1,262,0
3,2,119,1,262,0
6,5,125,1,262,0
2,1,132,1,262,0
1,0,227,1,262,0
0,-2,179,1,262,0
-1,-6,192,1,262,0
1,-5,201,1,262,0
-6,-1,218,1,262,0
2,-8,229,1,262,0
-1,7,233,1,262,0
5,-7,237,1,262,0
-2,8,244,1,262,0
-3,-2,256,1,262,0
8,8,12,1,262,0
7,-4,34,1,262,0
6,-1,169,1,262,0
7,7,106,1,262,0
6,6,124,1,262,0
5,5,133,1,262,0
4,4,142,1,262,0
3,-2,212,1,262,0
3,3,151,1,262,0
2,2,159,1,262,0
-5,2,159,1,262,0
-3,0,261,1,262,0
-3,-3,169,1,262,0
1,1,169,1,262,0
0,-3,186,1,262,0
1,-6,206,1,262,0
-1,8,237,1,262,0
4,-5,242,1,262,0
8,-7,257,1,262,0
0,0,261,1,262,0
-4,1,262,1,262,0
7,8,13,1,262,0
5,6,107,1,262,0
6,7,109,1,262,0
4,-6,111,1,262,0
4,5,118,1,262,0
3,4,128,1,262,0
3,-3,129,1,262,0
2,3,136,1,262,0
-3,1,149,1,262,0
-4,2,158,1,262,0
-2,0,254,1,262,0
1,2,169,1,262,0
6,-2,175,1,262,0
-5,3,175,1,262,0
-3,-4,175,1,262,0
0,-4,193,1,262,0
1,-7,209,1,262,0
0,1,257,1,262,0
-2,-1,261,1,262,0
7,-5,261,1,262,0
7,9,5,1,262,0
8,0,28,1,262,0
-4,3,37,1,262,0
6,-3,182,1,262,0
7,-6,49,1,262,0
6,8,89,1,262,0
2,4,107,1,262,0
1,3,114,1,262,0
3,5,119,1,262,0
-1,0,248,1,262,0
-5,4,179,1,262,0
2,-1,219,1,262,0
-5,-1,223,1,262,0
4,-7,225,1,262,0
3,-4,234,1,262,0
4,6,246,1,262,0
0,2,249,1,262,0
-3,2,253,1,262,0
-2,-2,258,1,262,0
-2,1,259,1,262,0
5,7,261,1,262,0
5,-1,166,1,262,0
8,1,61,1,262,0
7,0,71,1,262,0
0,3,179,1,262,0
-4,4,182,1,262,0
6,-4,189,1,262,0
1,4,185,1,262,0
0,-6,199,1,262,0
-8,-1,205,1,262,0
2,-2,216,1,262,0
-5,-2,225,1,262,0
4,-8,229,1,262,0
2,5,232,1,262,0
3,-5,236,1,262,0
3,6,244,1,262,0
-3,3,246,1,262,0
4,7,254,1,262,0
-2,2,256,1,262,0
5,8,257,1,262,0
-1,1,261,1,262,0
7,-7,261,1,262,0
9,3,1,1,262,0
8,-1,36,1,262,0
8,2,58,1,262,0
7,1,66,1,262,0
3,7,69,1,262,0
4,8,71,1,262,0
6,0,79,1,262,0
7,-8,87,1,262,0
3,-6,112,1,262,0
-1,-1,147,1,262,0
-2,-4,177,1,262,0
-4,5,189,1,262,0
-2,3,199,1,262,0
0,4,207,1,262,0
2,-3,222,1,262,0
1,5,229,1,262,0
2,6,237,1,262,0
-3,4,239,1,262,0
-5,-3,239,1,262,0
-1,2,246,1,262,0
6,-5,257,1,262,0
-9,1,3,1,262,0
-5,7,4,1,262,0
8,-2,34,1,262,0
8,3,47,1,262,0
7,2,53,1,262,0
5,-3,197,1,262,0
2,7,59,1,262,0
3,8,66,1,262,0
6,1,89,1,262,0
-1,-2,101,1,262,0
-4,-1,179,1,262,0
-2,-5,184,1,262,0
-3,5,191,1,262,0
1,6,198,1,262,0
1,-1,225,1,262,0
0,5,215,1,262,0
3,-7,232,1,262,0
-2,4,235,1,262,0
-1,3,244,1,262,0
2,-4,252,1,262,0
6,-6,255,1,262,0
-8,1,9,1,262,0
8,4,11,1,262,0
8,-3,23,1,262,0
7,3,51,1,262,0
2,8,62,1,262,0
4,0,66,1,262,0
4,-1,158,1,262,0
5,1,85,1,262,0
6,2,96,1,262,0
1,-2,143,1,262,0
5,-4,191,1,262,0
-7,-1,211,1,262,0
1,7,213,1,262,0
0,6,224,1,262,0
-2,5,231,1,262,0
3,-8,231,1,262,0
-1,4,238,1,262,0
6,-7,243,1,262,0
-4,-2,248,1,262,0
2,-5,251,1,262,0
-4,7,254,1,262,0
-3,6,261,1,262,0
-4,8,14,1,262,0
-7,1,15,1,262,0
8,5,31,1,262,0
7,4,43,1,262,0
7,-1,44,1,262,0
4,-2,205,1,262,0
4,1,72,1,262,0
6,3,104,1,262,0
5,2,111,1,262,0
3,0,167,1,262,0
-2,6,201,1,262,0
1,8,207,1,262,0
0,7,221,1,262,0
-1,5,231,1,262,0
2,-6,245,1,262,0
-4,-3,247,1,262,0
5,-5,249,1,262,0
-3,7,258,1,262,0
1,-3,261,1,262,0
-5,0,4,1,263,0
-6,1,21,1,263,0
8,6,27,1,263,0
7,5,35,1,263,0
7,-2,39,1,263,0
4,-3,203,1,263,0
5,3,105,1,263,0
5,-6,108,1,263,0
4,2,118,1,263,0
3,1,125,1,263,0
2,0,165,1,263,0
-3,-1,173,1,263,0
-1,-5,189,1,263,0
0,-1,196,1,263,0
-1,6,222,1,263,0
0,8,226,1,263,0
2,-7,238,1,263,0
-2,7,243,1,263,0
-3,8,246,1,263,0
1,-4,258,1,263,0
-4,0,9,1,263,0
-5,1,24,1,263,0
7,6,26,1,263,0
5,4,35,1,263,0
7,-3,43,1,263,0
4,3,44,1,263,0
8,-6,45,1,263,0
3,-1,151,1,263,0
8,7,98,1,263,0
3,2,119,1,263,0
6,5,125,1,263,0
2,1,132,1,263,0
1,0,227,1,263,0
0,-2,179,1,263,0
-1,-6,192,1,263,0
1,-5,201,1,263,0
-6,-1,218,1,263,0
2,-8,229,1,263,0
-1,7,233,1,263,0
5,-7,237,1,263,0
-2,8,244,1,263,0
-3,-2,256,1,263,0
8,8,12,1,263,0
7,-4,34,1,263,0
6,-1,169,1,263,0
7,7,106,1,263,0
6,6,124,1,263,0
5,5,133,1,263,0
4,4,142,1,263,0
3,-2,212,1,263,0
3,3,151,1,263,0
2,2,159,1,263,0
-5,2,159,1,263,0
-3,0,261,1,263,0
-3,-3,169,1,263,0
1,1,169,1,263,0
0,-3,186,1,263,0
1,-6,206,1,263,0
-1,8,237,1,263,0
4,-5,242,1,263,0
8,-7,257,1,263,0
-4,1,263,1,263,0
0,0,262,1,263,0
7,8,13,1,263,0
5,6,107,1,263,0
6,7,109,1,263,0
4,-6,111,1,263,0
4,5,118,1,263,0
3,4,128,1,263,0
3,-3,129,1,263,0
2,3,136,1,263,0
-3,1,149,1,263,0
-4,2,158,1,263,0
-2,0,254,1,263,0
1,2,169,1,263,0
6,-2,175,1,263,0
-5,3,175,1,263,0
-3,-4,175,1,263,0
0,-4,193,1,263,0
1,-7,209,1,263,0
0,1,257,1,263,0
-2,-1,262,1,263,0
7,-5,262,1,263,0
7,9,5,1,263,0
8,0,28,1,263,0
-4,3,37,1,263,0
6,-3,182,1,263,0
7,-6,49,1,263,0
6,8,89,1,263,0
2,4,107,1,263,0
1,3,114,1,263,0
3,5,119,1,263,0
-1,0,248,1,263,0
-5,4,179,1,263,0
2,-1,219,1,263,0
-5,-1,223,1,263,0
4,-7,225,1,263,0
3,-4,234,1,263,0
4,6,246,1,263,0
0,2,249,1,263,0
-3,2,253,1,263,0
-2,-2,258,1,263,0
-2,1,259,1,263,0
5,7,262,1,263,0
5,-1,166,1,263,0
8,1,61,1,263,0
7,0,71,1,263,0
0,3,179,1,263,0
-4,4,182,1,263,0
6,-4,189,1,263,0
1,4,185,1,263,0
0,-6,199,1,263,0
-8,-1,205,1,263,0
2,-2,216,1,263,0
-5,-2,225,1,263,0
4,-8,229,1,263,0
2,5,232,1,263,0
3,-5,236,1,263,0
3,6,244,1,263,0
-3,3,246,1,263,0
4,7,254,1,263,0
-2,2,256,1,263,0
5,8,257,1,263,0
-1,1,262,1,263,0
7,-7,262,1,263,0
9,3,1,1,263,0
8,-1,36,1,263,0
8,2,58,1,263,0
7,1,66,1,263,0
3,7,69,1,263,0
4,8,71,1,263,0
6,0,79,1,263,0
7,-8,87,1,263,0
3,-6,112,1,263,0
-1,-1,147,1,263,0
-2,-4,177,1,263,0
-4,5,189,1,263,0
-2,3,199,1,263,0
0,4,207,1,263,0
2,-3,222,1,263,0
1,5,229,1,263,0
2,6,237,1,263,0
-3,4,239,1,263,0
-5,-3,239,1,263,0
-1,2,246,1,263,0
6,-5,257,1,263,0
-9,1,3,1,263,0
-5,7,4,1,263,0
8,-2,34,1,263,0
8,3,47,1,263,0
7,2,53,1,263,0
5,-3,197,1,263,0
2,7,59,1,263,0
3,8,66,1,263,0
6,1,89,1,263,0
-1,-2,101,1,263,0
-4,-1,179,1,263,0
-2,-5,184,1,263,0
-3,5,191,1,263,0
1,6,198,1,263,0
1,-1,225,1,263,0
0,5,215,1,263,0
3,-7,232,1,263,0
-2,4,235,1,263,0
-1,3,244,1,263,0
2,-4,252,1,263,0
6,-6,255,1,263,0
-8,1,9,1,263,0
8,4,11,1,263,0
8,-3,23,1,263,0
7,3,51,1,263,0
2,8,62,1,263,0
4,0,66,1,263,0
4,-1,158,1,263,0
5,1,85,1,263,0
6,2,96,1,263,0
1,-2,143,1,263,0
5,-4,191,1,263,0
-7,-1,211,1,263,0
1,7,213,1,263,0
0,6,224,1,263,0
-2,5,231,1,263,0
3,-8,231,1,263,0
-1,4,238,1,263,0
6,-7,243,1,263,0
-4,-2,248,1,263,0
2,-5,251,1,263,0
-4,7,254,1,263,0
-3,6,262,1,263,0
-4,8,14,1,263,0
-7,1,15,1,263,0
8,5,31,1,263,0
7,4,43,1,263,0
7,-1,44,1,263,0
4,-2,205,1,263,0
4,1,72,1,263,0
6,3,104,1,263,0
5,2,111,1,263,0
3,0,167,1,263,0
-2,6,201,1,263,0
1,8,207,1,263,0
0,7,221,1,263,0
-1,5,231,1,263,0
2,-6,245,1,263,0
-4,-3,247,1,263,0
5,-5,249,1,263,0
-3,7,258,1,263,0
1,-3,262,1,263,0
-5,0,4,1,264,0
-6,1,21,1,264,0
8,6,27,1,264,0
7,5,35,1,264,0
7,-2,39,1,264,0
4,-3,203,1,264,0
5,3,105,1,264,0
5,-6,108,1,264,0
4,2,118,1,264,0
3,1,125,1,264,0
2,0,165,1,264,0
-3,-1,173,1,264,0
-1,-5,189,1,264,0
0,-1,196,1,264,0
-1,6,222,1,264,0
0,8,226,1,264,0
2,-7,238,1,264,0
-2,7,243,1,264,0
-3,8,246,1,264,0
1,-4,258,1,264,0
-4,0,9,1,264,0
-5,1,24,1,264,0
7,6,26,1,264,0
5,4,35,1,264,0
7,-3,43,1,264,0
4,3,44,1,264,0
8,-6,45,1,264,0
3,-1,151,1,264,0
8,7,98,1,264,0
3,2,119,1,264,0
6,5,125,1,264,0
2,1,132,1,264,0
1,0,227,1,264,0
0,-2,179,1,264,0
-1,-6,192,1,264,0
1,-5,201,1,264,0
-6,-1,218,1,264,0
2,-8,229,1,264,0
-1,7,233,1,264,0
5,-7,237,1,264,0
-2,8,244,1,264,0
-3,-2,256,1,264,0
8,8,12,1,264,0
7,-4,34,1,264,0
6,-1,169,1,264,0
7,7,106,1,264,0
6,6,124,1,264,0
5,5,133,1,264,0
4,4,142,1,264,0
3,-2,212,1,264,0
3,3,151,1,264,0
2,2,159,1,264,0
-5,2,159,1,264,0
-3,0,261,1,264,0
-3,-3,169,1,264,0
1,1,169,1,264,0
0,-3,186,1,264,0
1,-6,206,1,264,0
-1,8,237,1,264,0
4,-5,242,1,264,0
8,-7,257,1,264,0
-4,1,264,1,264,0
0,0,263,1,264,0
7,8,13,1,264,0
5,6,107,1,264,0
6,7,109,1,264,0
4,-6,111,1,264,0
4,5,118,1,264,0
3,4,128,1,264,0
3,-3,129,1,264,0
2,3,136,1,264,0
-3,1,149,1,264,0
-4,2,158,1,264,0
-2,0,254,1,264,0
1,2,169,1,264,0
6,-2,175,1,264,0
-5,3,175,1,264,0
-3,-4,175,1,264,0
0,-4,193,1,264,0
1,-7,209,1,264,0
0,1,257,1,264,0
-2,-1,263,1,264,0
7,-5,263,1,264,0
7,9,5,1,264,0
8,0,28,1,264,0
-4,3,37,1,264,0
6,-3,182,1,264,0
7,-6,49,1,264,0
6,8,89,1,264,0
2,4,107,1,264,0
1,3,114,1,264,0
3,5,119,1,264,0
-1,0,248,1,264,0
-5,4,179,1,264,0
2,-1,219,1,264,0
-5,-1,223,1,264,0
4,-7,225,1,264,0
3,-4,234,1,264,0
4,6,246,1,264,0
0,2,249,1,264,0
-3,2,253,1,264,0
-2,-2,258,1,264,0
-2,1,259,1,264,0
5,7,263,1,264,0
5,-1,166,1,264,0
8,1,61,1,264,0
7,0,71,1,264,0
0,3,179,1,264,0
-4,4,182,1,264,0
6,-4,189,1,264,0
1,4,185,1,264,0
0,-6,199,1,264,0
-8,-1,205,1,264,0
2,-2,216,1,264,0
-5,-2,225,1,264,0
4,-8,229,1,264,0
2,5,232,1,264,0
3,-5,236,1,264,0
3,6,244,1,264,0
-3,3,246,1,264,0
4,7,254,1,264,0
-2,2,256,1,264,0
5,8,257,1,264,0
7,-7,262,1,264,0
-1,1,263,1,264,0
9,3,1,1,264,0
8,-1,36,1,264,0
8,2,58,1,264,0
7,1,66,1,264,0
3,7,69,1,264,0
4,8,71,1,264,0
6,0,79,1,264,0
7,-8,87,1,264,0
3,-6,112,1,264,0
-1,-1,147,1,264,0
-2,-4,177,1,264,0
-4,5,189,1,264,0
-2,3,199,1,264,0
0,4,207,1,264,0
2,-3,222,1,264,0
1,5,229,1,264,0
2,6,237,1,264,0
-3,4,239,1,264,0
-5,-3,239,1,264,0
-1,2,246,1,264,0
6,-5,257,1,264,0
-9,1,3,1,264,0
-5,7,4,1,264,0
8,-2,34,1,264,0
8,3,47,1,264,0
7,2,53,1,264,0
5,-3,197,1,264,0
2,7,59,1,264,0
3,8,66,1,264,0
6,1,89,1,264,0
-1,-2,101,1,264,0
-4,-1,179,1,264,0
-2,-5,184,1,264,0
-3,5,191,1,264,0
1,6,198,1,264,0
1,-1,225,1,264,0
0,5,215,1,264,0
3,-7,232,1,264,0
-2,4,235,1,264,0
-1,3,244,1,264,0
2,-4,252,1,264,0
6,-6,255,1,264,0
-8,1,9,1,264,0
8,4,11,1,264,0
8,-3,23,1,264,0
7,3,51,1,264,0
2,8,62,1,264,0
4,0,66,1,264,0
4,-1,158,1,264,0
5,1,85,1,264,0
6,2,96,1,264,0
1,-2,143,1,264,0
5,-4,191,1,264,0
-7,-1,211,1,264,0
1,7,213,1,264,0
0,6,224,1,264,0
-2,5,231,1,264,0
3,-8,231,1,264,0
-1,4,238,1,264,0
6,-7,243,1,264,0
-4,-2,248,1,264,0
2,-5,251,1,264,0
-4,7,254,1,264,0
-3,6,263,1,264,0
-4,8,14,1,264,0
-7,1,15,1,264,0
8,5,31,1,264,0
7,4,43,1,264,0
7,-1,44,1,264,0
4,-2,205,1,264,0
4,1,72,1,264,0
6,3,104,1,264,0
5,2,111,1,264,0
3,0,167,1,264,0
-2,6,201,1,264,0
1,8,207,1,264,0
0,7,221,1,264,0
-1,5,231,1,264,0
2,-6,245,1,264,0
-4,-3,247,1,264,0
5,-5,249,1,264,0
-3,7,258,1,264,0
1,-3,262,1,264,0
-5,0,4,1,265,0
-6,1,21,1,265,0
8,6,27,1,265,0
7,5,35,1,265,0
7,-2,39,1,265,0
4,-3,203,1,265,0
5,3,105,1,265,0
5,-6,108,1,265,0
4,2,118,1,265,0
3,1,125,1,265,0
2,0,165,1,265,0
-3,-1,173,1,265,0
-1,-5,189,1,265,0
0,-1,196,1,265,0
-1,6,222,1,265,0
0,8,226,1,265,0
2,-7,238,1,265,0
-2,7,243,1,265,0
-3,8,246,1,265,0
1,-4,258,1,265,0
-4,0,265,1,265,0
-5,1,24,1,265,0
7,6,26,1,265,0
5,4,35,1,265,0
7,-3,43,1,265,0
4,3,44,1,265,0
8,-6,45,1,265,0
3,-1,151,1,265,0
8,7,98,1,265,0
3,2,119,1,265,0
6,5,125,1,265,0
2,1,132,1,265,0
1,0,227,1,265,0
0,-2,179,1,265,0
-1,-6,192,1,265,0
1,-5,201,1,265,0
-6,-1,218,1,265,0
2,-8,229,1,265,0
-1,7,233,1,265,0
5,-7,237,1,265,0
-2,8,244,1,265,0
-3,-2,256,1,265,0
8,8,12,1,265,0
7,-4,34,1,265,0
6,-1,169,1,265,0
7,7,106,1,265,0
6,6,124,1,265,0
5,5,133,1,265,0
4,4,142,1,265,0
3,-2,212,1,265,0
3,3,151,1,265,0
2,2,159,1,265,0
-5,2,159,1,265,0
-3,0,261,1,265,0
-3,-3,169,1,265,0
1,1,169,1,265,0
0,-3,186,1,265,0
1,-6,206,1,265,0
-1,8,237,1,265,0
4,-5,242,1,265,0
8,-7,257,1,265,0
-4,1,264,1,265,0
0,0,264,1,265,0
7,8,13,1,265,0
5,6,107,1,265,0
6,7,109,1,265,0
4,-6,111,1,265,0
4,5,118,1,265,0
3,4,128,1,265,0
3,-3,129,1,265,0
2,3,136,1,265,0
-3,1,149,1,265,0
-4,2,158,1,265,0
-2,0,254,1,265,0
1,2,169,1,265,0
6,-2,175,1,265,0
-5,3,175,1,265,0
-3,-4,175,1,265,0
0,-4,193,1,265,0
1,-7,209,1,265,0
0,1,257,1,265,0
-2,-1,263,1,265,0
7,-5,264,1,265,0
7,9,5,1,265,0
8,0,28,1,265,0
-4,3,37,1,265,0
6,-3,182,1,265,0
6,8,89,1,265,0
2,4,107,1,265,0
1,3,114,1,265,0
3,5,119,1,265,0
-1,0,248,1,265,0
-5,4,179,1,265,0
2,-1,219,1,265,0
-5,-1,223,1,265,0
4,-7,225,1,265,0
3,-4,234,1,265,0
4,6,246,1,265,0
0,2,249,1,265,0
-3,2,253,1,265,0
-2,-2,258,1,265,0
-2,1,259,1,265,0
5,7,264,1,265,0
7,-6,264,1,265,0
5,-1,166,1,265,0
8,1,61,1,265,0
7,0,71,1,265,0
0,3,179,1,265,0
-4,4,182,1,265,0
6,-4,189,1,265,0
1,4,185,1,265,0
0,-6,199,1,265,0
-8,-1,205,1,265,0
2,-2,216,1,265,0
-5,-2,225,1,265,0
4,-8,229,1,265,0
2,5,232,1,265,0
3,-5,236,1,265,0
3,6,244,1,265,0
-3,3,246,1,265,0
4,7,254,1,265,0
-2,2,256,1,265,0
5,8,257,1,265,0
7,-7,263,1,265,0
-1,1,264,1,265,0
9,3,1,1,265,0
8,-1,36,1,265,0
8,2,58,1,265,0
7,1,66,1,265,0
3,7,69,1,265,0
4,8,71,1,265,0
6,0,79,1,265,0
7,-8,87,1,265,0
3,-6,112,1,265,0
-2,-4,177,1,265,0
-4,5,189,1,265,0
-2,3,199,1,265,0
0,4,207,1,265,0
2,-3,222,1,265,0
1,5,229,1,265,0
2,6,237,1,265,0
-3,4,239,1,265,0
-5,-3,239,1,265,0
-1,2,246,1,265,0
6,-5,257,1,265,0
-1,-1,264,1,265,0
-9,1,3,1,265,0
-5,7,4,1,265,0
8,-2,34,1,265,0
8,3,47,1,265,0
7,2,53,1,265,0
5,-3,197,1,265,0
2,7,59,1,265,0
3,8,66,1,265,0
6,1,89,1,265,0
-1,-2,101,1,265,0
-4,-1,179,1,265,0
-2,-5,184,1,265,0
-3,5,191,1,265,0
1,6,198,1,265,0
1,-1,225,1,265,0
0,5,215,1,265,0
3,-7,232,1,265,0
-2,4,235,1,265,0
-1,3,244,1,265,0
2,-4,252,1,265,0
6,-6,255,1,265,0
-8,1,9,1,265,0
8,4,11,1,265,0
8,-3,23,1,265,0
7,3,51,1,265,0
2,8,62,1,265,0
4,0,66,1,265,0
4,-1,158,1,265,0
5,1,85,1,265,0
6,2,96,1,265,0
1,-2,143,1,265,0
5,-4,191,1,265,0
-7,-1,211,1,265,0
1,7,213,1,265,0
0,6,224,1,265,0
-2,5,231,1,265,0
3,-8,231,1,265,0
-1,4,238,1,265,0
6,-7,243,1,265,0
-4,-2,248,1,265,0
2,-5,251,1,265,0
-4,7,254,1,265,0
-3,6,264,1,265,0
-4,8,14,1,265,0
-7,1,15,1,265,0
8,5,31,1,265,0
7,4,43,1,265,0
7,-1,44,1,265,0
4,-2,205,1,265,0
4,1,72,1,265,0
6,3,104,1,265,0
5,2,111,1,265,0
3,0,167,1,265,0
-2,6,201,1,265,0
1,8,207,1,265,0
0,7,221,1,265,0
-1,5,231,1,265,0
2,-6,245,1,265,0
-4,-3,247,1,265,0
5,-5,249,1,265,0
-3,7,258,1,265,0
1,-3,264,1,265,0
-5,0,4,1,266,0
-6,1,21,1,266,0
8,6,27,1,266,0
7,5,35,1,266,0
7,-2,39,1,266,0
4,-3,203,1,266,0
5,3,105,1,266,0
5,-6,108,1,266,0
4,2,118,1,266,0
3,1,125,1,266,0
2,0,165,1,266,0
-3,-1,173,1,266,0
-1,-5,189,1,266,0
0,-1,196,1,266,0
-1,6,222,1,266,0
0,8,226,1,266,0
2,-7,238,1,266,0
-2,7,243,1,266,0
-3,8,246,1,266,0
1,-4,258,1,266,0
8,-5,265,1,266,0
-4,0,266,1,266,0
-5,1,24,1,266,0
7,6,26,1,266,0
5,4,35,1,266,0
7,-3,43,1,266,0
4,3,44,1,266,0
8,-6,45,1,266,0
3,-1,151,1,266,0
8,7,98,1,266,0
3,2,119,1,266,0
6,5,125,1,266,0
2,1,132,1,266,0
1,0,227,1,266,0
0,-2,179,1,266,0
-1,-6,192,1,266,0
1,-5,201,1,266,0
-6,-1,218,1,266,0
2,-8,229,1,266,0
-1,7,233,1,266,0
5,-7,237,1,266,0
-2,8,244,1,266,0
-3,-2,256,1,266,0
8,8,12,1,266,0
7,-4,34,1,266,0
6,-1,169,1,266,0
7,7,106,1,266,0
6,6,124,1,266,0
5,5,133,1,266,0
4,4,142,1,266,0
3,-2,212,1,266,0
3,3,151,1,266,0
2,2,159,1,266,0
-5,2,159,1,266,0
-3,0,261,1,266,0
-3,-3,169,1,266,0
1,1,169,1,266,0
0,-3,186,1,266,0
1,-6,206,1,266,0
-1,8,237,1,266,0
4,-5,242,1,266,0
8,-7,257,1,266,0
-4,1,264,1,266,0
0,0,265,1,266,0
7,8,13,1,266,0
5,6,107,1,266,0
6,7,109,1,266,0
4,-6,111,1,266,0
4,5,118,1,266,0
3,4,128,1,266,0
3,-3,129,1,266,0
2,3,136,1,266,0
-3,1,149,1,266,0
-4,2,158,1,266,0
-2,0,254,1,266,0
1,2,169,1,266,0
6,-2,175,1,266,0
-5,3,175,1,266,0
-3,-4,175,1,266,0
0,-4,193,1,266,0
1,-7,209,1,266,0
0,1,257,1,266,0
-2,-1,263,1,266,0
7,-5,264,1,266,0
7,9,5,1,266,0
8,0,28,1,266,0
-4,3,37,1,266,0
6,-3,182,1,266,0
6,8,89,1,266,0
2,4,107,1,266,0
1,3,114,1,266,0
3,5,119,1,266,0
-1,0,248,1,266,0
-5,4,179,1,266,0
2,-1,219,1,266,0
-5,-1,223,1,266,0
4,-7,225,1,266,0
3,-4,234,1,266,0
4,6,246,1,266,0
0,2,249,1,266,0
-3,2,253,1,266,0
-2,-2,258,1,266,0
-2,1,259,1,266,0
5,7,265,1,266,0
7,-6,265,1,266,0
5,-1,166,1,266,0
8,1,61,1,266,0
7,0,71,1,266,0
0,3,179,1,266,0
-4,4,182,1,266,0
6,-4,189,1,266,0
1,4,185,1,266,0
0,-6,199,1,266,0
-8,-1,205,1,266,0
2,-2,216,1,266,0
-5,-2,225,1,266,0
4,-8,229,1,266,0
2,5,232,1,266,0
3,-5,236,1,266,0
3,6,244,1,266,0
-3,3,246,1,266,0
4,7,254,1,266,0
-2,2,256,1,266,0
5,8,257,1,266,0
7,-7,263,1,266,0
-1,1,265,1,266,0
9,3,1,1,266,0
8,-1,36,1,266,0
8,2,58,1,266,0
7,1,66,1,266,0
3,7,69,1,266,0
4,8,71,1,266,0
6,0,79,1,266,0
7,-8,87,1,266,0
3,-6,112,1,266,0
-2,-4,177,1,266,0
-4,5,189,1,266,0
-2,3,199,1,266,0
0,4,207,1,266,0
2,-3,222,1,266,0
1,5,229,1,266,0
2,6,237,1,266,0
-3,4,239,1,266,0
-5,-3,239,1,266,0
-1,2,246,1,266,0
6,-5,257,1,266,0
-1,-1,265,1,266,0
-9,1,3,1,266,0
-5,7,4,1,266,0
8,-2,34,1,266,0
8,3,47,1,266,0
7,2,53,1,266,0
5,-3,197,1,266,0
2,7,59,1,266,0
3,8,66,1,266,0
6,1,89,1,266,0
-1,-2,101,1,266,0
-4,-1,179,1,266,0
-2,-5,184,1,266,0
-3,5,191,1,266,0
1,6,198,1,266,0
1,-1,225,1,266,0
0,5,215,1,266,0
3,-7,232,1,266,0
-2,4,235,1,266,0
-1,3,244,1,266,0
2,-4,252,1,266,0
6,-6,255,1,266,0
-8,1,9,1,266,0
8,4,11,1,266,0
8,-3,23,1,266,0
7,3,51,1,266,0
2,8,62,1,266,0
4,0,66,1,266,0
4,-1,158,1,266,0
5,1,85,1,266,0
6,2,96,1,266,0
1,-2,143,1,266,0
5,-4,191,1,266,0
-7,-1,211,1,266,0
1,7,213,1,266,0
0,6,224,1,266,0
-2,5,231,1,266,0
3,-8,231,1,266,0
-1,4,238,1,266,0
6,-7,243,1,266,0
-4,-2,248,1,266,0
2,-5,251,1,266,0
-4,7,254,1,266,0
-3,6,265,1,266,0
-4,8,14,1,266,0
-7,1,15,1,266,0
8,5,31,1,266,0
7,4,43,1,266,0
7,-1,44,1,266,0
4,-2,205,1,266,0
4,1,72,1,266,0
6,3,104,1,266,0
5,2,111,1,266,0
3,0,167,1,266,0
-2,6,201,1,266,0
1,8,207,1,266,0
0,7,221,1,266,0
-1,5,231,1,266,0
2,-6,245,1,266,0
-4,-3,247,1,266,0
5,-5,249,1,266,0
-3,7,258,1,266,0
1,-3,265,1,266,0
-5,0,4,1,267,0
-6,1,21,1,267,0
8,6,27,1,267,0
7,5,35,1,267,0
7,-2,39,1,267,0
4,-3,203,1,267,0
5,3,105,1,267,0
5,-6,108,1,267,0
4,2,118,1,267,0
3,1,125,1,267,0
2,0,165,1,267,0
-3,-1,173,1,267,0
-1,-5,189,1,267,0
0,-1,196,1,267,0
-1,6,222,1,267,0
0,8,226,1,267,0
2,-7,238,1,267,0
-2,7,243,1,267,0
-3,8,246,1,267,0
1,-4,258,1,267,0
8,-5,266,1,267,0
-4,0,267,1,267,0
-5,1,24,1,267,0
7,6,26,1,267,0
5,4,35,1,267,0
7,-3,43,1,267,0
4,3,44,1,267,0
8,-6,45,1,267,0
3,-1,151,1,267,0
8,7,98,1,267,0
3,2,119,1,267,0
6,5,125,1,267,0
2,1,132,1,267,0
1,0,227,1,267,0
0,-2,179,1,267,0
-1,-6,192,1,267,0
1,-5,201,1,267,0
-6,-1,218,1,267,0
2,-8,229,1,267,0
-1,7,233,1,267,0
5,-7,237,1,267,0
-2,8,244,1,267,0
-3,-2,256,1,267,0
8,8,12,1,267,0
7,-4,34,1,267,0
6,-1,169,1,267,0
7,7,106,1,267,0
6,6,124,1,267,0
5,5,133,1,267,0
4,4,142,1,267,0
3,-2,212,1,267,0
3,3,151,1,267,0
2,2,159,1,267,0
-5,2,159,1,267,0
-3,0,261,1,267,0
-3,-3,169,1,267,0
1,1,169,1,267,0
0,-3,186,1,267,0
1,-6,206,1,267,0
-1,8,237,1,267,0
4,-5,242,1,267,0
8,-7,257,1,267,0
-4,1,264,1,267,0
0,0,266,1,267,0
7,8,13,1,267,0
5,6,107,1,267,0
6,7,109,1,267,0
4,-6,111,1,267,0
4,5,118,1,267,0
3,4,128,1,267,0
3,-3,129,1,267,0
2,3,136,1,267,0
-3,1,149,1,267,0
-4,2,158,1,267,0
-2,0,254,1,267,0
1,2,169,1,267,0
6,-2,175,1,267,0
-5,3,175,1,267,0
-3,-4,175,1,267,0
0,-4,193,1,267,0
1,-7,209,1,267,0
0,1,257,1,267,0
-2,-1,263,1,267,0
7,-5,264,1,267,0
7,9,5,1,267,0
8,0,28,1,267,0
-4,3,37,1,267,0
6,-3,182,1,267,0
6,8,89,1,267,0
2,4,107,1,267,0
1,3,114,1,267,0
3,5,119,1,267,0
-1,0,248,1,267,0
-5,4,179,1,267,0
2,-1,219,1,267,0
-5,-1,223,1,267,0
4,-7,225,1,267,0
3,-4,234,1,267,0
4,6,246,1,267,0
0,2,249,1,267,0
-3,2,253,1,267,0
-2,-2,258,1,267,0
-2,1,259,1,267,0
7,-6,265,1,267,0
5,7,266,1,267,0
5,-1,166,1,267,0
8,1,61,1,267,0
7,0,71,1,267,0
0,3,179,1,267,0
-4,4,182,1,267,0
6,-4,189,1,267,0
1,4,185,1,267,0
0,-6,199,1,267,0
-8,-1,205,1,267,0
2,-2,216,1,267,0
-5,-2,225,1,267,0
4,-8,229,1,267,0
2,5,232,1,267,0
3,-5,236,1,267,0
3,6,244,1,267,0
-3,3,246,1,267,0
4,7,254,1,267,0
-2,2,256,1,267,0
5,8,257,1,267,0
7,-7,263,1,267,0
-1,1,266,1,267,0
9,3,1,1,267,0
8,-1,36,1,267,0
8,2,58,1,267,0
7,1,66,1,267,0
3,7,69,1,267,0
4,8,71,1,267,0
6,0,79,1,267,0
7,-8,87,1,267,0
3,-6,112,1,267,0
-2,-4,177,1,267,0
-4,5,189,1,267,0
-2,3,199,1,267,0
0,4,207,1,267,0
2,-3,222,1,267,0
1,5,229,1,267,0
2,6,237,1,267,0
-3,4,239,1,267,0
-5,-3,239,1,267,0
-1,2,246,1,267,0
6,-5,257,1,267,0
-1,-1,266,1,267,0
-9,1,3,1,267,0
-5,7,4,1,267,0
8,-2,34,1,267,0
8,3,47,1,267,0
7,2,53,1,267,0
5,-3,197,1,267,0
2,7,59,1,267,0
3,8,66,1,267,0
6,1,89,1,267,0
-1,-2,101,1,267,0
-4,-1,179,1,267,0
-2,-5,184,1,267,0
1,6,198,1,267,0
1,-1,225,1,267,0
0,5,215,1,267,0
3,-7,232,1,267,0
-2,4,235,1,267,0
-1,3,244,1,267,0
2,-4,252,1,267,0
-3,5,266,1,267,0
6,-6,266,1,267,0
-8,1,9,1,267,0
8,4,11,1,267,0
8,-3,23,1,267,0
7,3,51,1,267,0
2,8,62,1,267,0
4,0,66,1,267,0
4,-1,158,1,267,0
5,1,85,1,267,0
6,2,96,1,267,0
5,-4,191,1,267,0
-7,-1,211,1,267,0
1,7,213,1,267,0
0,6,224,1,267,0
-2,5,231,1,267,0
3,-8,231,1,267,0
-1,4,238,1,267,0
6,-7,243,1,267,0
-4,-2,248,1,267,0
2,-5,251,1,267,0
-4,7,254,1,267,0
-3,6,265,1,267,0
1,-2,266,1,267,0
-4,8,14,1,267,0
-7,1,15,1,267,0
8,5,31,1,267,0
7,4,43,1,267,0
7,-1,44,1,267,0
4,-2,205,1,267,0
4,1,72,1,267,0
6,3,104,1,267,0
5,2,111,1,267,0
3,0,167,1,267,0
-2,6,201,1,267,0
1,8,207,1,267,0
0,7,221,1,267,0
-1,5,231,1,267,0
2,-6,245,1,267,0
-4,-3,247,1,267,0
5,-5,249,1,267,0
-3,7,258,1,267,0
1,-3,265,1,267,0
-5,0,4,1,268,0
-6,1,21,1,268,0
8,6,27,1,268,0
7,5,35,1,268,0
7,-2,39,1,268,0
4,-3,203,1,268,0
5,3,105,1,268,0
5,-6,108,1,268,0
4,2,118,1,268,0
3,1,125,1,268,0
2,0,165,1,268,0
-3,-1,173,1,268,0
-1,-5,189,1,268,0
0,-1,196,1,268,0
-1,6,222,1,268,0
0,8,226,1,268,0
2,-7,238,1,268,0
-2,7,243,1,268,0
-3,8,246,1,268,0
1,-4,258,1,268,0
8,-5,267,1,268,0
-4,0,268,1,268,0
-5,1,24,1,268,0
7,6,26,1,268,0
5,4,35,1,268,0
7,-3,43,1,268,0
4,3,44,1,268,0
8,-6,45,1,268,0
3,-1,151,1,268,0
8,7,98,1,268,0
3,2,119,1,268,0
6,5,125,1,268,0
2,1,132,1,268,0
1,0,227,1,268,0
0,-2,179,1,268,0
-1,-6,192,1,268,0
1,-5,201,1,268,0
-6,-1,218,1,268,0
2,-8,229,1,268,0
-1,7,233,1,268,0
5,-7,237,1,268,0
-2,8,244,1,268,0
-3,-2,256,1,268,0
8,8,12,1,268,0
7,-4,34,1,268,0
6,-1,169,1,268,0
7,7,106,1,268,0
6,6,124,1,268,0
5,5,133,1,268,0
4,4,142,1,268,0
3,-2,212,1,268,0
3,3,151,1,268,0
2,2,159,1,268,0
-5,2,159,1,268,0
-3,0,261,1,268,0
-3,-3,169,1,268,0
1,1,169,1,268,0
0,-3,186,1,268,0
1,-6,206,1,268,0
-1,8,237,1,268,0
4,-5,242,1,268,0
8,-7,257,1,268,0
-4,1,264,1,268,0
0,0,267,1,268,0
7,8,13,1,268,0
5,6,107,1,268,0
6,7,109,1,268,0
4,-6,111,1,268,0
4,5,118,1,268,0
3,4,128,1,268,0
3,-3,129,1,268,0
2,3,136,1,268,0
-3,1,149,1,268,0
-4,2,158,1,268,0
-2,0,254,1,268,0
1,2,169,1,268,0
6,-2,175,1,268,0
-5,3,175,1,268,0
-3,-4,175,1,268,0
0,-4,193,1,268,0
1,-7,209,1,268,0
0,1,257,1,268,0
-2,-1,263,1,268,0
7,-5,264,1,268,0
7,9,5,1,268,0
8,0,28,1,268,0
-4,3,37,1,268,0
6,-3,182,1,268,0
6,8,89,1,268,0
2,4,107,1,268,0
1,3,114,1,268,0
3,5,119,1,268,0
-1,0,248,1,268,0
-5,4,179,1,268,0
2,-1,219,1,268,0
-5,-1,223,1,268,0
4,-7,225,1,268,0
3,-4,234,1,268,0
4,6,246,1,268,0
0,2,249,1,268,0
-3,2,253,1,268,0
-2,-2,258,1,268,0
-2,1,259,1,268,0
7,-6,265,1,268,0
5,7,267,1,268,0
5,-1,166,1,268,0
8,1,61,1,268,0
7,0,71,1,268,0
0,3,179,1,268,0
-4,4,182,1,268,0
6,-4,189,1,268,0
1,4,185,1,268,0
0,-6,199,1,268,0
-8,-1,205,1,268,0
2,-2,216,1,268,0
-5,-2,225,1,268,0
4,-8,229,1,268,0
2,5,232,1,268,0
3,-5,236,1,268,0
3,6,244,1,268,0
-3,3,246,1,268,0
4,7,254,1,268,0
-2,2,256,1,268,0
5,8,257,1,268,0
7,-7,263,1,268,0
-1,1,267,1,268,0
9,3,1,1,268,0
8,-1,36,1,268,0
8,2,58,1,268,0
7,1,66,1,268,0
3,7,69,1,268,0
4,8,71,1,268,0
6,0,79,1,268,0
7,-8,87,1,268,0
3,-6,112,1,268,0
-2,-4,177,1,268,0
-4,5,189,1,268,0
-2,3,199,1,268,0
0,4,207,1,268,0
2,-3,222,1,268,0
1,5,229,1,268,0
2,6,237,1,268,0
-3,4,239,1,268,0
-5,-3,239,1,268,0
-1,2,246,1,268,0
6,-5,257,1,268,0
-1,-1,267,1,268,0
-9,1,3,1,268,0
-5,7,4,1,268,0
8,-2,34,1,268,0
8,3,47,1,268,0
7,2,53,1,268,0
5,-3,197,1,268,0
2,7,59,1,268,0
3,8,66,1,268,0
6,1,89,1,268,0
-1,-2,101,1,268,0
-4,-1,179,1,268,0
-2,-5,184,1,268,0
1,6,198,1,268,0
1,-1,225,1,268,0
0,5,215,1,268,0
3,-7,232,1,268,0
-2,4,235,1,268,0
-1,3,244,1,268,0
2,-4,252,1,268,0
-3,5,267,1,268,0
6,-6,267,1,268,0
-8,1,9,1,268,0
8,4,11,1,268,0
8,-3,23,1,268,0
7,3,51,1,268,0
2,8,62,1,268,0
4,0,66,1,268,0
4,-1,158,1,268,0
5,1,85,1,268,0
6,2,96,1,268,0
5,-4,191,1,268,0
-7,-1,211,1,268,0
1,7,213,1,268,0
0,6,224,1,268,0
-2,5,231,1,268,0
3,-8,231,1,268,0
-1,4,238,1,268,0
6,-7,243,1,268,0
-4,-2,248,1,268,0
2,-5,251,1,268,0
-4,7,254,1,268,0
-3,6,265,1,268,0
1,-2,267,1,268,0
-4,8,14,1,268,0
-7,1,15,1,268,0
8,5,31,1,268,0
7,4,43,1,268,0
7,-1,44,1,268,0
4,-2,205,1,268,0
4,1,72,1,268,0
6,3,104,1,268,0
5,2,111,1,268,0
3,0,167,1,268,0
-2,6,201,1,268,0
1,8,207,1,268,0
0,7,221,1,268,0
-1,5,231,1,268,0
2,-6,245,1,268,0
-4,-3,247,1,268,0
5,-5,249,1,268,0
-3,7,258,1,268,0
1,-3,265,1,268,0
-5,0,269,1,269,0
-6,1,21,1,269,0
8,6,27,1,269,0
7,5,35,1,269,0
7,-2,39,1,269,0
4,-3,203,1,269,0
5,3,105,1,269,0
5,-6,108,1,269,0
4,2,118,1,269,0
3,1,125,1,269,0
2,0,165,1,269,0
-3,-1,173,1,269,0
-1,-5,189,1,269,0
0,-1,196,1,269,0
-1,6,222,1,269,0
0,8,226,1,269,0
2,-7,238,1,269,0
-2,7,243,1,269,0
-3,8,246,1,269,0
1,-4,258,1,269,0
8,-5,267,1,269,0
-4,0,268,1,269,0
-5,1,24,1,269,0
7,6,26,1,269,0
5,4,35,1,269,0
7,-3,43,1,269,0
4,3,44,1,269,0
8,-6,45,1,269,0
3,-1,151,1,269,0
8,7,98,1,269,0
3,2,119,1,269,0
6,5,125,1,269,0
2,1,132,1,269,0
1,0,227,1,269,0
0,-2,179,1,269,0
-1,-6,192,1,269,0
1,-5,201,1,269,0
-6,-1,218,1,269,0
2,-8,229,1,269,0
-1,7,233,1,269,0
5,-7,237,1,269,0
-2,8,244,1,269,0
-3,-2,256,1,269,0
8,8,12,1,269,0
7,-4,34,1,269,0
6,-1,169,1,269,0
7,7,106,1,269,0
6,6,124,1,269,0
5,5,133,1,269,0
4,4,142,1,269,0
3,-2,212,1,269,0
3,3,151,1,269,0
2,2,159,1,269,0
-5,2,159,1,269,0
-3,0,261,1,269,0
-3,-3,169,1,269,0
1,1,169,1,269,0
0,-3,186,1,269,0
1,-6,206,1,269,0
-1,8,237,1,269,0
4,-5,242,1,269,0
8,-7,257,1,269,0
-4,1,264,1,269,0
0,0,268,1,269,0
7,8,13,1,269,0
5,6,107,1,269,0
6,7,109,1,269,0
4,-6,111,1,269,0
4,5,118,1,269,0
3,4,128,1,269,0
3,-3,129,1,269,0
2,3,136,1,269,0
-3,1,149,1,269,0
-4,2,158,1,269,0
-2,0,254,1,269,0
1,2,169,1,269,0
6,-2,175,1,269,0
-5,3,175,1,269,0
-3,-4,175,1,269,0
0,-4,193,1,269,0
1,-7,209,1,269,0
0,1,257,1,269,0
-2,-1,263,1,269,0
7,-5,264,1,269,0
7,9,5,1,269,0
8,0,28,1,269,0
-4,3,37,1,269,0
6,-3,182,1,269,0
6,8,89,1,269,0
2,4,107,1,269,0
1,3,114,1,269,0
3,5,119,1,269,0
-5,4,179,1,269,0
2,-1,219,1,269,0
-5,-1,223,1,269,0
4,-7,225,1,269,0
3,-4,234,1,269,0
4,6,246,1,269,0
0,2,249,1,269,0
-3,2,253,1,269,0
-2,-2,258,1,269,0
-2,1,259,1,269,0
7,-6,265,1,269,0
-1,0,268,1,269,0
5,7,268,1,269,0
5,-1,166,1,269,0
8,1,61,1,269,0
7,0,71,1,269,0
0,3,179,1,269,0
-4,4,182,1,269,0
6,-4,189,1,269,0
1,4,185,1,269,0
0,-6,199,1,269,0
-8,-1,205,1,269,0
2,-2,216,1,269,0
-5,-2,225,1,269,0
4,-8,229,1,269,0
2,5,232,1,269,0
3,-5,236,1,269,0
3,6,244,1,269,0
-3,3,246,1,269,0
4,7,254,1,269,0
-2,2,256,1,269,0
5,8,257,1,269,0
7,-7,263,1,269,0
-1,1,267,1,269,0
9,3,1,1,269,0
8,-1,36,1,269,0
8,2,58,1,269,0
7,1,66,1,269,0
3,7,69,1,269,0
4,8,71,1,269,0
6,0,79,1,269,0
7,-8,87,1,269,0
3,-6,112,1,269,0
-2,-4,177,1,269,0
-4,5,189,1,269,0
-2,3,199,1,269,0
0,4,207,1,269,0
2,-3,222,1,269,0
1,5,229,1,269,0
2,6,237,1,269,0
-3,4,239,1,269,0
-5,-3,239,1,269,0
-1,2,246,1,269,0
6,-5,257,1,269,0
-1,-1,268,1,269,0
-9,1,3,1,269,0
-5,7,4,1,269,0
8,-2,34,1,269,0
8,3,47,1,269,0
7,2,53,1,269,0
5,-3,197,1,269,0
2,7,59,1,269,0
3,8,66,1,269,0
6,1,89,1,269,0
-1,-2,101,1,269,0
-4,-1,179,1,269,0
-2,-5,184,1,269,0
1,6,198,1,269,0
1,-1,225,1,269,0
0,5,215,1,269,0
3,-7,232,1,269,0
-2,4,235,1,269,0
-1,3,244,1,269,0
2,-4,252,1,269,0
-3,5,268,1,269,0
6,-6,268,1,269,0
-8,1,9,1,269,0
8,4,11,1,269,0
8,-3,23,1,269,0
7,3,51,1,269,0
2,8,62,1,269,0
4,0,66,1,269,0
4,-1,158,1,269,0
5,1,85,1,269,0
6,2,96,1,269,0
5,-4,191,1,269,0
-7,-1,211,1,269,0
1,7,213,1,269,0
0,6,224,1,269,0
-2,5,231,1,269,0
3,-8,231,1,269,0
-1,4,238,1,269,0
6,-7,243,1,269,0
-4,-2,248,1,269,0
2,-5,251,1,269,0
-4,7,254,1,269,0
-3,6,265,1,269,0
1,-2,268,1,269,0
-4,8,14,1,269,0
-7,1,15,1,269,0
8,5,31,1,269,0
7,4,43,1,269,0
7,-1,44,1,269,0
4,-2,205,1,269,0
4,1,72,1,269,0
6,3,104,1,269,0
5,2,111,1,269,0
3,0,167,1,269,0
-2,6,201,1,269,0
1,8,207,1,269,0
0,7,221,1,269,0
-1,5,231,1,269,0
2,-6,245,1,269,0
-4,-3,247,1,269,0
5,-5,249,1,269,0
-3,7,258,1,269,0
1,-3,265,1,269,0
-5,0,269,1,270,0
-6,1,21,1,270,0
8,6,27,1,270,0
7,5,35,1,270,0
7,-2,39,1,270,0
4,-3,203,1,270,0
5,3,105,1,270,0
5,-6,108,1,270,0
4,2,118,1,270,0
3,1,125,1,270,0
2,0,165,1,270,0
-3,-1,173,1,270,0
-1,-5,189,1,270,0
0,-1,196,1,270,0
-1,6,222,1,270,0
0,8,226,1,270,0
2,-7,238,1,270,0
-2,7,243,1,270,0
-3,8,246,1,270,0
1,-4,258,1,270,0
8,-5,268,1,270,0
-4,0,268,1,270,0
-5,1,24,1,270,0
7,6,26,1,270,0
5,4,35,1,270,0
7,-3,43,1,270,0
4,3,44,1,270,0
8,-6,45,1,270,0
3,-1,151,1,270,0
8,7,98,1,270,0
3,2,119,1,270,0
6,5,125,1,270,0
2,1,132,1,270,0
1,0,227,1,270,0
0,-2,179,1,270,0
-1,-6,192,1,270,0
1,-5,201,1,270,0
-6,-1,218,1,270,0
2,-8,229,1,270,0
-1,7,233,1,270,0
5,-7,237,1,270,0
-2,8,244,1,270,0
-3,-2,256,1,270,0
8,8,12,1,270,0
7,-4,34,1,270,0
6,-1,169,1,270,0
7,7,106,1,270,0
6,6,124,1,270,0
5,5,133,1,270,0
4,4,142,1,270,0
3,-2,212,1,270,0
3,3,151,1,270,0
2,2,159,1,270,0
-5,2,159,1,270,0
-3,0,261,1,270,0
-3,-3,169,1,270,0
1,1,169,1,270,0
0,-3,186,1,270,0
1,-6,206,1,270,0
-1,8,237,1,270,0
4,-5,242,1,270,0
8,-7,257,1,270,0
-4,1,264,1,270,0
0,0,269,1,270,0
7,8,13,1,270,0
5,6,107,1,270,0
6,7,109,1,270,0
4,-6,111,1,270,0
4,5,118,1,270,0
3,4,128,1,270,0
3,-3,129,1,270,0
2,3,136,1,270,0
-3,1,149,1,270,0
-4,2,158,1,270,0
-2,0,254,1,270,0
1,2,169,1,270,0
6,-2,175,1,270,0
-5,3,175,1,270,0
-3,-4,175,1,270,0
0,-4,193,1,270,0
1,-7,209,1,270,0
0,1,257,1,270,0
-2,-1,263,1,270,0
7,-5,269,1,270,0
7,9,5,1,270,0
8,0,28,1,270,0
-4,3,37,1,270,0
6,-3,182,1,270,0
6,8,89,1,270,0
2,4,107,1,270,0
1,3,114,1,270,0
3,5,119,1,270,0
-5,4,179,1,270,0
2,-1,219,1,270,0
-5,-1,223,1,270,0
4,-7,225,1,270,0
3,-4,234,1,270,0
4,6,246,1,270,0
0,2,249,1,270,0
-3,2,253,1,270,0
-2,-2,258,1,270,0
-2,1,259,1,270,0
7,-6,265,1,270,0
-1,0,268,1,270,0
5,7,269,1,270,0
5,-1,166,1,270,0
8,1,61,1,270,0
7,0,71,1,270,0
0,3,179,1,270,0
-4,4,182,1,270,0
6,-4,189,1,270,0
1,4,185,1,270,0
0,-6,199,1,270,0
-8,-1,205,1,270,0
2,-2,216,1,270,0
-5,-2,225,1,270,0
4,-8,229,1,270,0
2,5,232,1,270,0
3,-5,236,1,270,0
3,6,244,1,270,0
-3,3,246,1,270,0
4,7,254,1,270,0
-2,2,256,1,270,0
5,8,257,1,270,0
7,-7,263,1,270,0
-1,1,267,1,270,0
9,3,1,1,270,0
8,-1,36,1,270,0
8,2,58,1,270,0
7,1,66,1,270,0
3,7,69,1,270,0
4,8,71,1,270,0
6,0,79,1,270,0
7,-8,87,1,270,0
3,-6,112,1,270,0
-2,-4,177,1,270,0
-4,5,189,1,270,0
-2,3,199,1,270,0
0,4,207,1,270,0
2,-3,222,1,270,0
1,5,229,1,270,0
2,6,237,1,270,0
-3,4,239,1,270,0
-5,-3,239,1,270,0
-1,2,246,1,270,0
6,-5,257,1,270,0
-1,-1,269,1,270,0
-9,1,3,1,270,0
-5,7,4,1,270,0
8,-2,34,1,270,0
8,3,47,1,270,0
7,2,53,1,270,0
5,-3,197,1,270,0
2,7,59,1,270,0
3,8,66,1,270,0
6,1,89,1,270,0
-1,-2,101,1,270,0
-4,-1,179,1,270,0
-2,-5,184,1,270,0
1,6,198,1,270,0
1,-1,225,1,270,0
0,5,215,1,270,0
3,-7,232,1,270,0
-2,4,235,1,270,0
-1,3,244,1,270,0
2,-4,252,1,270,0
-3,5,268,1,270,0
6,-6,269,1,270,0
-8,1,9,1,270,0
8,4,11,1,270,0
8,-3,23,1,270,0
7,3,51,1,270,0
2,8,62,1,270,0
4,0,66,1,270,0
4,-1,158,1,270,0
5,1,85,1,270,0
6,2,96,1,270,0
5,-4,191,1,270,0
-7,-1,211,1,270,0
1,7,213,1,270,0
0,6,224,1,270,0
3,-8,231,1,270,0
-1,4,238,1,270,0
6,-7,243,1,270,0
-4,-2,248,1,270,0
2,-5,251,1,270,0
-4,7,254,1,270,0
-3,6,265,1,270,0
1,-2,269,1,270,0
-2,5,269,1,270,0
-4,8,14,1,270,0
-7,1,15,1,270,0
8,5,31,1,270,0
7,4,43,1,270,0
7,-1,44,1,270,0
4,-2,205,1,270,0
4,1,72,1,270,0
6,3,104,1,270,0
5,2,111,1,270,0
3,0,167,1,270,0
-2,6,201,1,270,0
1,8,207,1,270,0
0,7,221,1,270,0
-1,5,231,1,270,0
2,-6,245,1,270,0
-4,-3,247,1,270,0
5,-5,249,1,270,0
-3,7,258,1,270,0
1,-3,265,1,270,0
-5,0,269,1,271,0
-6,1,21,1,271,0
8,6,27,1,271,0
7,5,35,1,271,0
7,-2,39,1,271,0
4,-3,203,1,271,0
5,3,105,1,271,0
5,-6,108,1,271,0
4,2,118,1,271,0
3,1,125,1,271,0
2,0,165,1,271,0
-3,-1,173,1,271,0
-1,-5,189,1,271,0
0,-1,196,1,271,0
-1,6,222,1,271,0
0,8,226,1,271,0
2,-7,238,1,271,0
-2,7,243,1,271,0
-3,8,246,1,271,0
1,-4,258,1,271,0
8,-5,268,1,271,0
-4,0,268,1,271,0
-5,1,271,1,271,0
7,6,26,1,271,0
5,4,35,1,271,0
7,-3,43,1,271,0
4,3,44,1,271,0
8,-6,45,1,271,0
3,-1,151,1,271,0
8,7,98,1,271,0
3,2,119,1,271,0
6,5,125,1,271,0
2,1,132,1,271,0
1,0,227,1,271,0
0,-2,179,1,271,0
-1,-6,192,1,271,0
1,-5,201,1,271,0
-6,-1,218,1,271,0
2,-8,229,1,271,0
-1,7,233,1,271,0
5,-7,237,1,271,0
-2,8,244,1,271,0
-3,-2,256,1,271,0
8,8,12,1,271,0
7,-4,34,1,271,0
6,-1,169,1,271,0
7,7,106,1,271,0
6,6,124,1,271,0
5,5,133,1,271,0
4,4,142,1,271,0
3,-2,212,1,271,0
3,3,151,1,271,0
2,2,159,1,271,0
-5,2,159,1,271,0
-3,0,261,1,271,0
-3,-3,169,1,271,0
1,1,169,1,271,0
0,-3,186,1,271,0
1,-6,206,1,271,0
-1,8,237,1,271,0
4,-5,242,1,271,0
8,-7,257,1,271,0
-4,1,264,1,271,0
0,0,269,1,271,0
7,8,13,1,271,0
5,6,107,1,271,0
6,7,109,1,271,0
4,-6,111,1,271,0
4,5,118,1,271,0
3,4,128,1,271,0
3,-3,129,1,271,0
2,3,136,1,271,0
-3,1,149,1,271,0
-4,2,158,1,271,0
-2,0,254,1,271,0
1,2,169,1,271,0
6,-2,175,1,271,0
-5,3,175,1,271,0
-3,-4,175,1,271,0
0,-4,193,1,271,0
1,-7,209,1,271,0
0,1,257,1,271,0
-2,-1,263,1,271,0
7,-5,269,1,271,0
7,9,5,1,271,0
8,0,28,1,271,0
-4,3,37,1,271,0
6,-3,182,1,271,0
6,8,89,1,271,0
2,4,107,1,271,0
1,3,114,1,271,0
3,5,119,1,271,0
-5,4,179,1,271,0
2,-1,219,1,271,0
-5,-1,223,1,271,0
4,-7,225,1,271,0
3,-4,234,1,271,0
4,6,246,1,271,0
0,2,249,1,271,0
-3,2,253,1,271,0
-2,-2,258,1,271,0
-2,1,259,1,271,0
7,-6,265,1,271,0
-1,0,268,1,271,0
5,7,269,1,271,0
5,-1,166,1,271,0
8,1,61,1,271,0
7,0,71,1,271,0
0,3,179,1,271,0
-4,4,182,1,271,0
6,-4,189,1,271,0
1,4,185,1,271,0
0,-6,199,1,271,0
-8,-1,205,1,271,0
2,-2,216,1,271,0
-5,-2,225,1,271,0
4,-8,229,1,271,0
2,5,232,1,271,0
3,-5,236,1,271,0
3,6,244,1,271,0
-3,3,246,1,271,0
4,7,254,1,271,0
-2,2,256,1,271,0
5,8,257,1,271,0
7,-7,263,1,271,0
-1,1,267,1,271,0
9,3,1,1,271,0
8,-1,36,1,271,0
8,2,58,1,271,0
7,1,66,1,271,0
3,7,69,1,271,0
4,8,71,1,271,0
6,0,79,1,271,0
7,-8,87,1,271,0
3,-6,112,1,271,0
-2,-4,177,1,271,0
-4,5,189,1,271,0
-2,3,199,1,271,0
0,4,207,1,271,0
2,-3,222,1,271,0
1,5,229,1,271,0
2,6,237,1,271,0
-3,4,239,1,271,0
-5,-3,239,1,271,0
-1,2,246,1,271,0
6,-5,257,1,271,0
-1,-1,269,1,271,0
-9,1,3,1,271,0
-5,7,4,1,271,0
8,-2,34,1,271,0
8,3,47,1,271,0
7,2,53,1,271,0
5,-3,197,1,271,0
2,7,59,1,271,0
3,8,66,1,271,0
6,1,89,1,271,0
-1,-2,101,1,271,0
-4,-1,179,1,271,0
-2,-5,184,1,271,0
1,6,198,1,271,0
1,-1,225,1,271,0
0,5,215,1,271,0
3,-7,232,1,271,0
-2,4,235,1,271,0
-1,3,244,1,271,0
2,-4,252,1,271,0
-3,5,268,1,271,0
6,-6,269,1,271,0
-8,1,9,1,271,0
8,4,11,1,271,0
8,-3,23,1,271,0
7,3,51,1,271,0
2,8,62,1,271,0
4,0,66,1,271,0
4,-1,158,1,271,0
5,1,85,1,271,0
6,2,96,1,271,0
5,-4,191,1,271,0
-7,-1,211,1,271,0
1,7,213,1,271,0
0,6,224,1,271,0
3,-8,231,1,271,0
-1,4,238,1,271,0
6,-7,243,1,271,0
-4,-2,248,1,271,0
2,-5,251,1,271,0
-4,7,254,1,271,0
-3,6,265,1,271,0
1,-2,269,1,271,0
-2,5,269,1,271,0
-4,8,14,1,271,0
-7,1,15,1,271,0
8,5,31,1,271,0
7,4,43,1,271,0
7,-1,44,1,271,0
4,-2,205,1,271,0
4,1,72,1,271,0
6,3,104,1,271,0
5,2,111,1,271,0
3,0,167,1,271,0
-2,6,201,1,271,0
1,8,207,1,271,0
0,7,221,1,271,0
-1,5,231,1,271,0
2,-6,245,1,271,0
-4,-3,247,1,271,0
5,-5,249,1,271,0
-3,7,258,1,271,0
1,-3,265,1,271,0
-5,0,269,1,272,0
-6,1,21,1,272,0
8,6,27,1,272,0
7,5,35,1,272,0
7,-2,39,1,272,0
4,-3,203,1,272,0
5,3,105,1,272,0
5,-6,108,1,272,0
4,2,118,1,272,0
3,1,125,1,272,0
2,0,165,1,272,0
-3,-1,173,1,272,0
-1,-5,189,1,272,0
0,-1,196,1,272,0
-1,6,222,1,272,0
0,8,226,1,272,0
2,-7,238,1,272,0
-2,7,243,1,272,0
-3,8,246,1,272,0
1,-4,258,1,272,0
8,-5,268,1,272,0
-4,0,268,1,272,0
-5,1,272,1,272,0
7,6,26,1,272,0
5,4,35,1,272,0
7,-3,43,1,272,0
4,3,44,1,272,0
8,-6,45,1,272,0
3,-1,151,1,272,0
8,7,98,1,272,0
3,2,119,1,272,0
6,5,125,1,272,0
2,1,132,1,272,0
0,-2,179,1,272,0
-1,-6,192,1,272,0
1,-5,201,1,272,0
-6,-1,218,1,272,0
2,-8,229,1,272,0
-1,7,233,1,272,0
5,-7,237,1,272,0
-2,8,244,1,272,0
-3,-2,256,1,272,0
1,0,271,1,272,0
8,8,12,1,272,0
7,-4,34,1,272,0
6,-1,169,1,272,0
7,7,106,1,272,0
6,6,124,1,272,0
5,5,133,1,272,0
4,4,142,1,272,0
3,-2,212,1,272,0
3,3,151,1,272,0
2,2,159,1,272,0
-5,2,159,1,272,0
-3,0,261,1,272,0
-3,-3,169,1,272,0
1,1,169,1,272,0
0,-3,186,1,272,0
1,-6,206,1,272,0
-1,8,237,1,272,0
4,-5,242,1,272,0
8,-7,257,1,272,0
-4,1,264,1,272,0
0,0,271,1,272,0
7,8,13,1,272,0
5,6,107,1,272,0
6,7,109,1,272,0
4,-6,111,1,272,0
4,5,118,1,272,0
3,4,128,1,272,0
3,-3,129,1,272,0
2,3,136,1,272,0
-3,1,149,1,272,0
-4,2,158,1,272,0
-2,0,254,1,272,0
1,2,169,1,272,0
6,-2,175,1,272,0
-5,3,175,1,272,0
-3,-4,175,1,272,0
0,-4,193,1,272,0
1,-7,209,1,272,0
0,1,257,1,272,0
-2,-1,263,1,272,0
7,-5,271,1,272,0
7,9,5,1,272,0
8,0,28,1,272,0
-4,3,37,1,272,0
6,-3,182,1,272,0
6,8,89,1,272,0
2,4,107,1,272,0
1,3,114,1,272,0
3,5,119,1,272,0
-5,4,179,1,272,0
2,-1,219,1,272,0
-5,-1,223,1,272,0
4,-7,225,1,272,0
3,-4,234,1,272,0
4,6,246,1,272,0
0,2,249,1,272,0
-3,2,253,1,272,0
-2,-2,258,1,272,0
-2,1,259,1,272,0
7,-6,265,1,272,0
-1,0,271,1,272,0
5,7,271,1,272,0
5,-1,166,1,272,0
8,1,61,1,272,0
7,0,71,1,272,0
0,3,179,1,272,0
-4,4,182,1,272,0
6,-4,189,1,272,0
1,4,185,1,272,0
0,-6,199,1,272,0
-8,-1,205,1,272,0
2,-2,216,1,272,0
-5,-2,225,1,272,0
4,-8,229,1,272,0
2,5,232,1,272,0
3,-5,236,1,272,0
3,6,244,1,272,0
-3,3,246,1,272,0
4,7,254,1,272,0
-2,2,256,1,272,0
5,8,257,1,272,0
7,-7,263,1,272,0
-1,1,267,1,272,0
9,3,1,1,272,0
8,-1,36,1,272,0
8,2,58,1,272,0
7,1,66,1,272,0
3,7,69,1,272,0
4,8,71,1,272,0
6,0,79,1,272,0
7,-8,87,1,272,0
3,-6,112,1,272,0
-2,-4,177,1,272,0
-4,5,189,1,272,0
-2,3,199,1,272,0
0,4,207,1,272,0
2,-3,222,1,272,0
1,5,229,1,272,0
2,6,237,1,272,0
-3,4,239,1,272,0
-5,-3,239,1,272,0
-1,2,246,1,272,0
6,-5,257,1,272,0
-1,-1,269,1,272,0
-9,1,3,1,272,0
-5,7,4,1,272,0
8,-2,34,1,272,0
8,3,47,1,272,0
7,2,53,1,272,0
5,-3,197,1,272,0
2,7,59,1,272,0
3,8,66,1,272,0
6,1,89,1,272,0
-1,-2,101,1,272,0
-4,-1,179,1,272,0
-2,-5,184,1,272,0
1,6,198,1,272,0
1,-1,225,1,272,0
0,5,215,1,272,0
3,-7,232,1,272,0
-2,4,235,1,272,0
-1,3,244,1,272,0
2,-4,252,1,272,0
-3,5,268,1,272,0
6,-6,271,1,272,0
-8,1,9,1,272,0
8,4,11,1,272,0
8,-3,23,1,272,0
7,3,51,1,272,0
2,8,62,1,272,0
4,0,66,1,272,0
4,-1,158,1,272,0
5,1,85,1,272,0
6,2,96,1,272,0
5,-4,191,1,272,0
-7,-1,211,1,272,0
1,7,213,1,272,0
0,6,224,1,272,0
3,-8,231,1,272,0
-1,4,238,1,272,0
6,-7,243,1,272,0
-4,-2,248,1,272,0
2,-5,251,1,272,0
-4,7,254,1,272,0
-3,6,265,1,272,0
1,-2,271,1,272,0
-2,5,271,1,272,0
-4,8,14,1,272,0
-7,1,15,1,272,0
8,5,31,1,272,0
7,4,43,1,272,0
7,-1,44,1,272,0
4,-2,205,1,272,0
4,1,72,1,272,0
6,3,104,1,272,0
5,2,111,1,272,0
3,0,167,1,272,0
-2,6,201,1,272,0
1,8,207,1,272,0
0,7,221,1,272,0
-1,5,231,1,272,0
2,-6,245,1,272,0
-4,-3,247,1,272,0
5,-5,249,1,272,0
-3,7,258,1,272,0
1,-3,265,1,272,0
-5,0,269,1,273,0
-6,1,21,1,273,0
8,6,27,1,273,0
7,5,35,1,273,0
7,-2,39,1,273,0
4,-3,203,1,273,0
5,3,105,1,273,0
5,-6,108,1,273,0
4,2,118,1,273,0
3,1,125,1,273,0
2,0,165,1,273,0
-3,-1,173,1,273,0
-1,-5,189,1,273,0
-1,6,222,1,273,0
0,8,226,1,273,0
2,-7,238,1,273,0
-2,7,243,1,273,0
-3,8,246,1,273,0
1,-4,258,1,273,0
8,-5,268,1,273,0
0,-1,272,1,273,0
-4,0,268,1,273,0
-5,1,273,1,273,0
7,6,26,1,273,0
5,4,35,1,273,0
7,-3,43,1,273,0
4,3,44,1,273,0
8,-6,45,1,273,0
3,-1,151,1,273,0
8,7,98,1,273,0
3,2,119,1,273,0
6,5,125,1,273,0
2,1,132,1,273,0
0,-2,179,1,273,0
-1,-6,192,1,273,0
1,-5,201,1,273,0
-6,-1,218,1,273,0
2,-8,229,1,273,0
-1,7,233,1,273,0
5,-7,237,1,273,0
-2,8,244,1,273,0
-3,-2,256,1,273,0
1,0,272,1,273,0
8,8,12,1,273,0
7,-4,34,1,273,0
6,-1,169,1,273,0
7,7,106,1,273,0
6,6,124,1,273,0
5,5,133,1,273,0
4,4,142,1,273,0
3,-2,212,1,273,0
3,3,151,1,273,0
2,2,159,1,273,0
-5,2,159,1,273,0
-3,0,261,1,273,0
-3,-3,169,1,273,0
1,1,169,1,273,0
0,-3,186,1,273,0
1,-6,206,1,273,0
-1,8,237,1,273,0
4,-5,242,1,273,0
8,-7,257,1,273,0
-4,1,264,1,273,0
0,0,272,1,273,0
7,8,13,1,273,0
5,6,107,1,273,0
6,7,109,1,273,0
4,-6,111,1,273,0
4,5,118,1,273,0
3,4,128,1,273,0
3,-3,129,1,273,0
2,3,136,1,273,0
-3,1,149,1,273,0
-4,2,158,1,273,0
-2,0,254,1,273,0
1,2,169,1,273,0
6,-2,175,1,273,0
-5,3,175,1,273,0
-3,-4,175,1,273,0
0,-4,193,1,273,0
1,-7,209,1,273,0
0,1,257,1,273,0
-2,-1,263,1,273,0
7,-5,272,1,273,0
7,9,5,1,273,0
8,0,28,1,273,0
-4,3,37,1,273,0
6,-3,182,1,273,0
6,8,89,1,273,0
2,4,107,1,273,0
1,3,114,1,273,0
3,5,119,1,273,0
-5,4,179,1,273,0
2,-1,219,1,273,0
-5,-1,223,1,273,0
4,-7,225,1,273,0
3,-4,234,1,273,0
4,6,246,1,273,0
0,2,249,1,273,0
-3,2,253,1,273,0
-2,-2,258,1,273,0
-2,1,259,1,273,0
7,-6,265,1,273,0
-1,0,271,1,273,0
5,7,272,1,273,0
5,-1,166,1,273,0
8,1,61,1,273,0
7,0,71,1,273,0
0,3,179,1,273,0
-4,4,182,1,273,0
6,-4,189,1,273,0
1,4,185,1,273,0
0,-6,199,1,273,0
-8,-1,205,1,273,0
2,-2,216,1,273,0
-5,-2,225,1,273,0
4,-8,229,1,273,0
2,5,232,1,273,0
3,-5,236,1,273,0
3,6,244,1,273,0
-3,3,246,1,273,0
4,7,254,1,273,0
-2,2,256,1,273,0
5,8,257,1,273,0
7,-7,263,1,273,0
-1,1,267,1,273,0
9,3,1,1,273,0
8,-1,36,1,273,0
8,2,58,1,273,0
7,1,66,1,273,0
3,7,69,1,273,0
4,8,71,1,273,0
6,0,79,1,273,0
7,-8,87,1,273,0
3,-6,112,1,273,0
-2,-4,177,1,273,0
-4,5,189,1,273,0
-2,3,199,1,273,0
0,4,207,1,273,0
2,-3,222,1,273,0
1,5,229,1,273,0
2,6,237,1,273,0
-3,4,239,1,273,0
-5,-3,239,1,273,0
-1,2,246,1,273,0
6,-5,257,1,273,0
-1,-1,269,1,273,0
-9,1,3,1,273,0
-5,7,4,1,273,0
8,-2,34,1,273,0
8,3,47,1,273,0
7,2,53,1,273,0
5,-3,197,1,273,0
2,7,59,1,273,0
3,8,66,1,273,0
6,1,89,1,273,0
-1,-2,101,1,273,0
-4,-1,179,1,273,0
-2,-5,184,1,273,0
1,6,198,1,273,0
1,-1,225,1,273,0
0,5,215,1,273,0
3,-7,232,1,273,0
-2,4,235,1,273,0
-1,3,244,1,273,0
2,-4,252,1,273,0
-3,5,268,1,273,0
6,-6,272,1,273,0
-8,1,9,1,273,0
8,4,11,1,273,0
8,-3,23,1,273,0
7,3,51,1,273,0
2,8,62,1,273,0
4,0,66,1,273,0
4,-1,158,1,273,0
5,1,85,1,273,0
6,2,96,1,273,0
5,-4,191,1,273,0
-7,-1,211,1,273,0
1,7,213,1,273,0
0,6,224,1,273,0
3,-8,231,1,273,0
-1,4,238,1,273,0
6,-7,243,1,273,0
-4,-2,248,1,273,0
2,-5,251,1,273,0
-4,7,254,1,273,0
-3,6,265,1,273,0
1,-2,271,1,273,0
-2,5,272,1,273,0
-4,8,14,1,273,0
-7,1,15,1,273,0
8,5,31,1,273,0
7,4,43,1,273,0
7,-1,44,1,273,0
4,-2,205,1,273,0
4,1,72,1,273,0
6,3,104,1,273,0
5,2,111,1,273,0
3,0,167,1,273,0
-2,6,201,1,273,0
1,8,207,1,273,0
0,7,221,1,273,0
-1,5,231,1,273,0
2,-6,245,1,273,0
-4,-3,247,1,273,0
5,-5,249,1,273,0
-3,7,258,1,273,0
1,-3,265,1,273,0
-5,0,269,1,274,0
-6,1,21,1,274,0
8,6,27,1,274,0
7,5,35,1,274,0
7,-2,39,1,274,0
4,-3,203,1,274,0
5,3,105,1,274,0
5,-6,108,1,274,0
4,2,118,1,274,0
3,1,125,1,274,0
2,0,165,1,274,0
-3,-1,173,1,274,0
-1,-5,189,1,274,0
-1,6,222,1,274,0
0,8,226,1,274,0
2,-7,238,1,274,0
-2,7,243,1,274,0
-3,8,246,1,274,0
1,-4,258,1,274,0
8,-5,268,1,274,0
0,-1,273,1,274,0
-4,0,268,1,274,0
-5,1,274,1,274,0
7,6,26,1,274,0
5,4,35,1,274,0
7,-3,43,1,274,0
4,3,44,1,274,0
8,-6,45,1,274,0
3,-1,151,1,274,0
8,7,98,1,274,0
3,2,119,1,274,0
6,5,125,1,274,0
2,1,132,1,274,0
0,-2,179,1,274,0
-1,-6,192,1,274,0
1,-5,201,1,274,0
-6,-1,218,1,274,0
2,-8,229,1,274,0
-1,7,233,1,274,0
5,-7,237,1,274,0
-2,8,244,1,274,0
-3,-2,256,1,274,0
1,0,273,1,274,0
8,8,12,1,274,0
7,-4,34,1,274,0
6,-1,169,1,274,0
7,7,106,1,274,0
6,6,124,1,274,0
5,5,133,1,274,0
4,4,142,1,274,0
3,-2,212,1,274,0
3,3,151,1,274,0
2,2,159,1,274,0
-5,2,159,1,274,0
-3,0,261,1,274,0
-3,-3,169,1,274,0
1,1,169,1,274,0
0,-3,186,1,274,0
1,-6,206,1,274,0
-1,8,237,1,274,0
4,-5,242,1,274,0
8,-7,257,1,274,0
-4,1,264,1,274,0
0,0,273,1,274,0
7,8,13,1,274,0
5,6,107,1,274,0
6,7,109,1,274,0
4,-6,111,1,274,0
4,5,118,1,274,0
3,4,128,1,274,0
3,-3,129,1,274,0
2,3,136,1,274,0
-3,1,149,1,274,0
-4,2,158,1,274,0
-2,0,254,1,274,0
1,2,169,1,274,0
6,-2,175,1,274,0
-5,3,175,1,274,0
-3,-4,175,1,274,0
0,-4,193,1,274,0
1,-7,209,1,274,0
0,1,257,1,274,0
-2,-1,263,1,274,0
7,-5,273,1,274,0
7,9,5,1,274,0
8,0,28,1,274,0
-4,3,37,1,274,0
6,-3,182,1,274,0
6,8,89,1,274,0
2,4,107,1,274,0
1,3,114,1,274,0
3,5,119,1,274,0
-5,4,179,1,274,0
2,-1,219,1,274,0
-5,-1,223,1,274,0
4,-7,225,1,274,0
3,-4,234,1,274,0
4,6,246,1,274,0
0,2,249,1,274,0
-3,2,253,1,274,0
-2,-2,258,1,274,0
-2,1,259,1,274,0
7,-6,265,1,274,0
-1,0,271,1,274,0
5,7,273,1,274,0
5,-1,166,1,274,0
8,1,61,1,274,0
7,0,71,1,274,0
0,3,179,1,274,0
-4,4,182,1,274,0
6,-4,189,1,274,0
1,4,185,1,274,0
0,-6,199,1,274,0
-8,-1,205,1,274,0
2,-2,216,1,274,0
-5,-2,225,1,274,0
4,-8,229,1,274,0
2,5,232,1,274,0
3,-5,236,1,274,0
3,6,244,1,274,0
-3,3,246,1,274,0
4,7,254,1,274,0
-2,2,256,1,274,0
5,8,257,1,274,0
7,-7,263,1,274,0
-1,1,267,1,274,0
9,3,1,1,274,0
8,-1,36,1,274,0
8,2,58,1,274,0
7,1,66,1,274,0
3,7,69,1,274,0
4,8,71,1,274,0
6,0,79,1,274,0
7,-8,87,1,274,0
3,-6,112,1,274,0
-2,-4,177,1,274,0
-4,5,189,1,274,0
-2,3,199,1,274,0
0,4,207,1,274,0
2,-3,222,1,274,0
1,5,229,1,274,0
2,6,237,1,274,0
-3,4,239,1,274,0
-5,-3,239,1,274,0
-1,2,246,1,274,0
-1,-1,269,1,274,0
6,-5,273,1,274,0
-9,1,3,1,274,0
-5,7,4,1,274,0
8,-2,34,1,274,0
8,3,47,1,274,0
7,2,53,1,274,0
5,-3,197,1,274,0
2,7,59,1,274,0
3,8,66,1,274,0
6,1,89,1,274,0
-1,-2,101,1,274,0
-4,-1,179,1,274,0
-2,-5,184,1,274,0
1,6,198,1,274,0
1,-1,225,1,274,0
0,5,215,1,274,0
3,-7,232,1,274,0
-1,3,244,1,274,0
2,-4,252,1,274,0
-3,5,268,1,274,0
6,-6,272,1,274,0
-2,4,273,1,274,0
-8,1,9,1,274,0
8,4,11,1,274,0
8,-3,23,1,274,0
7,3,51,1,274,0
2,8,62,1,274,0
4,0,66,1,274,0
4,-1,158,1,274,0
5,1,85,1,274,0
6,2,96,1,274,0
5,-4,191,1,274,0
-7,-1,211,1,274,0
1,7,213,1,274,0
0,6,224,1,274,0
3,-8,231,1,274,0
-1,4,238,1,274,0
6,-7,243,1,274,0
-4,-2,248,1,274,0
2,-5,251,1,274,0
-4,7,254,1,274,0
-3,6,265,1,274,0
1,-2,271,1,274,0
-2,5,272,1,274,0
-4,8,14,1,274,0
-7,1,15,1,274,0
8,5,31,1,274,0
7,4,43,1,274,0
7,-1,44,1,274,0
4,-2,205,1,274,0
4,1,72,1,274,0
6,3,104,1,274,0
5,2,111,1,274,0
3,0,167,1,274,0
-2,6,201,1,274,0
1,8,207,1,274,0
0,7,221,1,274,0
-1,5,231,1,274,0
2,-6,245,1,274,0
-4,-3,247,1,274,0
5,-5,249,1,274,0
-3,7,258,1,274,0
1,-3,265,1,274,0
-5,0,269,1,275,0
-6,1,21,1,275,0
8,6,27,1,275,0
7,5,35,1,275,0
7,-2,39,1,275,0
4,-3,203,1,275,0
5,3,105,1,275,0
5,-6,108,1,275,0
4,2,118,1,275,0
3,1,125,1,275,0
2,0,165,1,275,0
-3,-1,173,1,275,0
-1,-5,189,1,275,0
-1,6,222,1,275,0
0,8,226,1,275,0
2,-7,238,1,275,0
-2,7,243,1,275,0
-3,8,246,1,275,0
1,-4,258,1,275,0
8,-5,274,1,275,0
0,-1,274,1,275,0
-4,0,268,1,275,0
-5,1,275,1,275,0
7,6,26,1,275,0
5,4,35,1,275,0
7,-3,43,1,275,0
4,3,44,1,275,0
8,-6,45,1,275,0
3,-1,151,1,275,0
8,7,98,1,275,0
3,2,119,1,275,0
6,5,125,1,275,0
2,1,132,1,275,0
0,-2,179,1,275,0
-1,-6,192,1,275,0
1,-5,201,1,275,0
-6,-1,218,1,275,0
2,-8,229,1,275,0
-1,7,233,1,275,0
5,-7,237,1,275,0
-2,8,244,1,275,0
-3,-2,256,1,275,0
1,0,274,1,275,0
8,8,12,1,275,0
7,-4,34,1,275,0
6,-1,169,1,275,0
7,7,106,1,275,0
6,6,124,1,275,0
5,5,133,1,275,0
4,4,142,1,275,0
3,-2,212,1,275,0
3,3,151,1,275,0
2,2,159,1,275,0
-5,2,159,1,275,0
-3,0,261,1,275,0
-3,-3,169,1,275,0
1,1,169,1,275,0
0,-3,186,1,275,0
1,-6,206,1,275,0
-1,8,237,1,275,0
4,-5,242,1,275,0
8,-7,257,1,275,0
-4,1,264,1,275,0
0,0,274,1,275,0
7,8,13,1,275,0
5,6,107,1,275,0
6,7,109,1,275,0
4,-6,111,1,275,0
4,5,118,1,275,0
3,4,128,1,275,0
3,-3,129,1,275,0
2,3,136,1,275,0
-3,1,149,1,275,0
-4,2,158,1,275,0
-2,0,254,1,275,0
1,2,169,1,275,0
6,-2,175,1,275,0
-5,3,175,1,275,0
-3,-4,175,1,275,0
0,-4,193,1,275,0
1,-7,209,1,275,0
0,1,257,1,275,0
-2,-1,263,1,275,0
7,-5,273,1,275,0
7,9,5,1,275,0
8,0,28,1,275,0
-4,3,37,1,275,0
6,-3,182,1,275,0
6,8,89,1,275,0
2,4,107,1,275,0
1,3,114,1,275,0
3,5,119,1,275,0
-5,4,179,1,275,0
2,-1,219,1,275,0
-5,-1,223,1,275,0
4,-7,225,1,275,0
3,-4,234,1,275,0
4,6,246,1,275,0
0,2,249,1,275,0
-3,2,253,1,275,0
-2,-2,258,1,275,0
-2,1,259,1,275,0
7,-6,265,1,275,0
-1,0,271,1,275,0
5,7,274,1,275,0
5,-1,166,1,275,0
8,1,61,1,275,0
7,0,71,1,275,0
0,3,179,1,275,0
-4,4,182,1,275,0
6,-4,189,1,275,0
1,4,185,1,275,0
0,-6,199,1,275,0
-8,-1,205,1,275,0
2,-2,216,1,275,0
-5,-2,225,1,275,0
4,-8,229,1,275,0
2,5,232,1,275,0
3,-5,236,1,275,0
3,6,244,1,275,0
-3,3,246,1,275,0
4,7,254,1,275,0
-2,2,256,1,275,0
5,8,257,1,275,0
7,-7,263,1,275,0
-1,1,267,1,275,0
9,3,1,1,275,0
8,-1,36,1,275,0
8,2,58,1,275,0
7,1,66,1,275,0
3,7,69,1,275,0
4,8,71,1,275,0
6,0,79,1,275,0
7,-8,87,1,275,0
3,-6,112,1,275,0
-2,-4,177,1,275,0
-4,5,189,1,275,0
-2,3,199,1,275,0
0,4,207,1,275,0
2,-3,222,1,275,0
1,5,229,1,275,0
2,6,237,1,275,0
-3,4,239,1,275,0
-5,-3,239,1,275,0
-1,2,246,1,275,0
-1,-1,269,1,275,0
6,-5,274,1,275,0
-9,1,3,1,275,0
-5,7,4,1,275,0
8,-2,34,1,275,0
8,3,47,1,275,0
7,2,53,1,275,0
5,-3,197,1,275,0
2,7,59,1,275,0
3,8,66,1,275,0
6,1,89,1,275,0
-1,-2,101,1,275,0
-4,-1,179,1,275,0
-2,-5,184,1,275,0
1,6,198,1,275,0
1,-1,225,1,275,0
0,5,215,1,275,0
3,-7,232,1,275,0
-1,3,244,1,275,0
2,-4,252,1,275,0
-3,5,268,1,275,0
6,-6,272,1,275,0
-2,4,274,1,275,0
-8,1,9,1,275,0
8,4,11,1,275,0
8,-3,23,1,275,0
7,3,51,1,275,0
2,8,62,1,275,0
4,0,66,1,275,0
4,-1,158,1,275,0
5,1,85,1,275,0
6,2,96,1,275,0
5,-4,191,1,275,0
-7,-1,211,1,275,0
1,7,213,1,275,0
0,6,224,1,275,0
3,-8,231,1,275,0
-1,4,238,1,275,0
6,-7,243,1,275,0
-4,-2,248,1,275,0
2,-5,251,1,275,0
-4,7,254,1,275,0
-3,6,265,1,275,0
1,-2,271,1,275,0
-2,5,272,1,275,0
-4,8,14,1,275,0
-7,1,15,1,275,0
8,5,31,1,275,0
7,4,43,1,275,0
7,-1,44,1,275,0
4,-2,205,1,275,0
4,1,72,1,275,0
6,3,104,1,275,0
5,2,111,1,275,0
3,0,167,1,275,0
-2,6,201,1,275,0
1,8,207,1,275,0
0,7,221,1,275,0
-1,5,231,1,275,0
2,-6,245,1,275,0
-4,-3,247,1,275,0
5,-5,249,1,275,0
-3,7,258,1,275,0
1,-3,265,1,275,0
-5,0,269,1,276,0
-6,1,21,1,276,0
8,6,27,1,276,0
7,5,35,1,276,0
7,-2,39,1,276,0
4,-3,203,1,276,0
5,3,105,1,276,0
5,-6,108,1,276,0
4,2,118,1,276,0
3,1,125,1,276,0
2,0,165,1,276,0
-3,-1,173,1,276,0
-1,-5,189,1,276,0
-1,6,222,1,276,0
0,8,226,1,276,0
2,-7,238,1,276,0
-2,7,243,1,276,0
-3,8,246,1,276,0
1,-4,258,1,276,0
8,-5,275,1,276,0
0,-1,275,1,276,0
-4,0,268,1,276,0
-5,1,276,1,276,0
7,6,26,1,276,0
5,4,35,1,276,0
7,-3,43,1,276,0
4,3,44,1,276,0
8,-6,45,1,276,0
3,-1,151,1,276,0
8,7,98,1,276,0
3,2,119,1,276,0
6,5,125,1,276,0
2,1,132,1,276,0
0,-2,179,1,276,0
-1,-6,192,1,276,0
1,-5,201,1,276,0
-6,-1,218,1,276,0
2,-8,229,1,276,0
-1,7,233,1,276,0
5,-7,237,1,276,0
-2,8,244,1,276,0
-3,-2,256,1,276,0
1,0,275,1,276,0
8,8,12,1,276,0
7,-4,34,1,276,0
6,-1,169,1,276,0
7,7,106,1,276,0
6,6,124,1,276,0
5,5,133,1,276,0
4,4,142,1,276,0
3,-2,212,1,276,0
3,3,151,1,276,0
2,2,159,1,276,0
-5,2,159,1,276,0
-3,0,261,1,276,0
-3,-3,169,1,276,0
1,1,169,1,276,0
0,-3,186,1,276,0
1,-6,206,1,276,0
-1,8,237,1,276,0
4,-5,242,1,276,0
8,-7,257,1,276,0
-4,1,264,1,276,0
0,0,275,1,276,0
7,8,13,1,276,0
5,6,107,1,276,0
6,7,109,1,276,0
4,-6,111,1,276,0
4,5,118,1,276,0
3,4,128,1,276,0
3,-3,129,1,276,0
2,3,136,1,276,0
-3,1,149,1,276,0
-4,2,158,1,276,0
-2,0,254,1,276,0
1,2,169,1,276,0
6,-2,175,1,276,0
-5,3,175,1,276,0
-3,-4,175,1,276,0
0,-4,193,1,276,0
1,-7,209,1,276,0
0,1,257,1,276,0
-2,-1,263,1,276,0
7,-5,273,1,276,0
7,9,5,1,276,0
8,0,28,1,276,0
-4,3,37,1,276,0
6,-3,182,1,276,0
6,8,89,1,276,0
2,4,107,1,276,0
1,3,114,1,276,0
3,5,119,1,276,0
-5,4,179,1,276,0
2,-1,219,1,276,0
-5,-1,223,1,276,0
4,-7,225,1,276,0
3,-4,234,1,276,0
4,6,246,1,276,0
0,2,249,1,276,0
-3,2,253,1,276,0
-2,-2,258,1,276,0
-2,1,259,1,276,0
7,-6,265,1,276,0
-1,0,271,1,276,0
5,7,275,1,276,0
5,-1,166,1,276,0
8,1,61,1,276,0
7,0,71,1,276,0
0,3,179,1,276,0
-4,4,182,1,276,0
6,-4,189,1,276,0
1,4,185,1,276,0
0,-6,199,1,276,0
-8,-1,205,1,276,0
2,-2,216,1,276,0
-5,-2,225,1,276,0
4,-8,229,1,276,0
2,5,232,1,276,0
3,-5,236,1,276,0
3,6,244,1,276,0
-3,3,246,1,276,0
4,7,254,1,276,0
-2,2,256,1,276,0
5,8,257,1,276,0
7,-7,263,1,276,0
-1,1,267,1,276,0
9,3,1,1,276,0
8,-1,36,1,276,0
8,2,58,1,276,0
7,1,66,1,276,0
3,7,69,1,276,0
4,8,71,1,276,0
6,0,79,1,276,0
7,-8,87,1,276,0
3,-6,112,1,276,0
-2,-4,177,1,276,0
-4,5,189,1,276,0
-2,3,199,1,276,0
0,4,207,1,276,0
2,-3,222,1,276,0
1,5,229,1,276,0
2,6,237,1,276,0
-3,4,239,1,276,0
-5,-3,239,1,276,0
-1,2,246,1,276,0
-1,-1,269,1,276,0
6,-5,274,1,276,0
-9,1,3,1,276,0
-5,7,4,1,276,0
8,-2,34,1,276,0
8,3,47,1,276,0
7,2,53,1,276,0
5,-3,197,1,276,0
2,7,59,1,276,0
3,8,66,1,276,0
6,1,89,1,276,0
-1,-2,101,1,276,0
-4,-1,179,1,276,0
-2,-5,184,1,276,0
1,6,198,1,276,0
1,-1,225,1,276,0
0,5,215,1,276,0
3,-7,232,1,276,0
-1,3,244,1,276,0
2,-4,252,1,276,0
-3,5,268,1,276,0
6,-6,272,1,276,0
-2,4,275,1,276,0
-8,1,9,1,276,0
8,4,11,1,276,0
8,-3,23,1,276,0
7,3,51,1,276,0
2,8,62,1,276,0
4,0,66,1,276,0
4,-1,158,1,276,0
5,1,85,1,276,0
6,2,96,1,276,0
5,-4,191,1,276,0
-7,-1,211,1,276,0
1,7,213,1,276,0
0,6,224,1,276,0
3,-8,231,1,276,0
-1,4,238,1,276,0
6,-7,243,1,276,0
-4,-2,248,1,276,0
2,-5,251,1,276,0
-4,7,254,1,276,0
-3,6,265,1,276,0
1,-2,271,1,276,0
-2,5,272,1,276,0
-4,8,14,1,276,0
-7,1,15,1,276,0
8,5,31,1,276,0
7,4,43,1,276,0
7,-1,44,1,276,0
4,-2,205,1,276,0
4,1,72,1,276,0
6,3,104,1,276,0
5,2,111,1,276,0
3,0,167,1,276,0
-2,6,201,1,276,0
1,8,207,1,276,0
0,7,221,1,276,0
-1,5,231,1,276,0
2,-6,245,1,276,0
-4,-3,247,1,276,0
-3,7,258,1,276,0
1,-3,265,1,276,0
5,-5,275,1,276,0
-5,0,269,1,277,0
-6,1,277,1,277,0
8,6,27,1,277,0
7,5,35,1,277,0
7,-2,39,1,277,0
4,-3,203,1,277,0
5,3,105,1,277,0
5,-6,108,1,277,0
4,2,118,1,277,0
3,1,125,1,277,0
2,0,165,1,277,0
-3,-1,173,1,277,0
-1,-5,189,1,277,0
-1,6,222,1,277,0
0,8,226,1,277,0
2,-7,238,1,277,0
-2,7,243,1,277,0
-3,8,246,1,277,0
1,-4,258,1,277,0
8,-5,276,1,277,0
0,-1,276,1,277,0
-4,0,268,1,277,0
-5,1,276,1,277,0
7,6,26,1,277,0
5,4,35,1,277,0
7,-3,43,1,277,0
4,3,44,1,277,0
8,-6,45,1,277,0
3,-1,151,1,277,0
8,7,98,1,277,0
3,2,119,1,277,0
6,5,125,1,277,0
2,1,132,1,277,0
0,-2,179,1,277,0
-1,-6,192,1,277,0
1,-5,201,1,277,0
-6,-1,218,1,277,0
2,-8,229,1,277,0
-1,7,233,1,277,0
5,-7,237,1,277,0
-2,8,244,1,277,0
-3,-2,256,1,277,0
1,0,276,1,277,0
8,8,12,1,277,0
7,-4,34,1,277,0
6,-1,169,1,277,0
7,7,106,1,277,0
6,6,124,1,277,0
5,5,133,1,277,0
4,4,142,1,277,0
3,-2,212,1,277,0
3,3,151,1,277,0
2,2,159,1,277,0
-5,2,159,1,277,0
-3,0,261,1,277,0
-3,-3,169,1,277,0
1,1,169,1,277,0
0,-3,186,1,277,0
1,-6,206,1,277,0
-1,8,237,1,277,0
4,-5,242,1,277,0
8,-7,257,1,277,0
-4,1,264,1,277,0
0,0,276,1,277,0
7,8,13,1,277,0
5,6,107,1,277,0
6,7,109,1,277,0
4,-6,111,1,277,0
4,5,118,1,277,0
3,4,128,1,277,0
3,-3,129,1,277,0
2,3,136,1,277,0
-3,1,149,1,277,0
-4,2,158,1,277,0
-2,0,254,1,277,0
1,2,169,1,277,0
6,-2,175,1,277,0
-5,3,175,1,277,0
-3,-4,175,1,277,0
0,-4,193,1,277,0
1,-7,209,1,277,0
0,1,257,1,277,0
-2,-1,263,1,277,0
7,-5,273,1,277,0
7,9,5,1,277,0
8,0,28,1,277,0
-4,3,37,1,277,0
6,-3,182,1,277,0
6,8,89,1,277,0
2,4,107,1,277,0
1,3,114,1,277,0
3,5,119,1,277,0
-5,4,179,1,277,0
2,-1,219,1,277,0
-5,-1,223,1,277,0
4,-7,225,1,277,0
3,-4,234,1,277,0
4,6,246,1,277,0
0,2,249,1,277,0
-3,2,253,1,277,0
-2,-2,258,1,277,0
-2,1,259,1,277,0
7,-6,265,1,277,0
-1,0,271,1,277,0
5,7,276,1,277,0
5,-1,166,1,277,0
8,1,61,1,277,0
7,0,71,1,277,0
0,3,179,1,277,0
-4,4,182,1,277,0
6,-4,189,1,277,0
1,4,185,1,277,0
0,-6,199,1,277,0
-8,-1,205,1,277,0
2,-2,216,1,277,0
-5,-2,225,1,277,0
4,-8,229,1,277,0
2,5,232,1,277,0
3,-5,236,1,277,0
3,6,244,1,277,0
-3,3,246,1,277,0
4,7,254,1,277,0
-2,2,256,1,277,0
5,8,257,1,277,0
7,-7,263,1,277,0
-1,1,267,1,277,0
9,3,1,1,277,0
8,-1,36,1,277,0
8,2,58,1,277,0
7,1,66,1,277,0
3,7,69,1,277,0
4,8,71,1,277,0
6,0,79,1,277,0
7,-8,87,1,277,0
3,-6,112,1,277,0
-2,-4,177,1,277,0
-4,5,189,1,277,0
-2,3,199,1,277,0
0,4,207,1,277,0
2,-3,222,1,277,0
1,5,229,1,277,0
2,6,237,1,277,0
-3,4,239,1,277,0
-5,-3,239,1,277,0
-1,2,246,1,277,0
-1,-1,269,1,277,0
6,-5,274,1,277,0
-9,1,3,1,277,0
-5,7,4,1,277,0
8,-2,34,1,277,0
8,3,47,1,277,0
7,2,53,1,277,0
5,-3,197,1,277,0
2,7,59,1,277,0
3,8,66,1,277,0
6,1,89,1,277,0
-1,-2,101,1,277,0
-4,-1,179,1,277,0
-2,-5,184,1,277,0
1,6,198,1,277,0
1,-1,225,1,277,0
0,5,215,1,277,0
3,-7,232,1,277,0
-1,3,244,1,277,0
2,-4,252,1,277,0
-3,5,268,1,277,0
6,-6,272,1,277,0
-2,4,276,1,277,0
-8,1,9,1,277,0
8,4,11,1,277,0
8,-3,23,1,277,0
7,3,51,1,277,0
2,8,62,1,277,0
4,0,66,1,277,0
4,-1,158,1,277,0
5,1,85,1,277,0
6,2,96,1,277,0
5,-4,191,1,277,0
-7,-1,211,1,277,0
1,7,213,1,277,0
0,6,224,1,277,0
3,-8,231,1,277,0
-1,4,238,1,277,0
6,-7,243,1,277,0
-4,-2,248,1,277,0
2,-5,251,1,277,0
-4,7,254,1,277,0
-3,6,265,1,277,0
1,-2,271,1,277,0
-2,5,272,1,277,0
-4,8,14,1,277,0
-7,1,15,1,277,0
8,5,31,1,277,0
7,4,43,1,277,0
7,-1,44,1,277,0
4,-2,205,1,277,0
4,1,72,1,277,0
6,3,104,1,277,0
5,2,111,1,277,0
3,0,167,1,277,0
-2,6,201,1,277,0
1,8,207,1,277,0
0,7,221,1,277,0
-1,5,231,1,277,0
2,-6,245,1,277,0
-4,-3,247,1,277,0
-3,7,258,1,277,0
1,-3,265,1,277,0
5,-5,276,1,277,0
-5,0,269,1,278,0
-6,1,278,1,278,0
8,6,27,1,278,0
7,5,35,1,278,0
7,-2,39,1,278,0
4,-3,203,1,278,0
5,3,105,1,278,0
5,-6,108,1,278,0
4,2,118,1,278,0
3,1,125,1,278,0
-3,-1,173,1,278,0
-1,-5,189,1,278,0
-1,6,222,1,278,0
0,8,226,1,278,0
2,-7,238,1,278,0
-2,7,243,1,278,0
-3,8,246,1,278,0
1,-4,258,1,278,0
8,-5,276,1,278,0
2,0,277,1,278,0
0,-1,277,1,278,0
-4,0,268,1,278,0
-5,1,276,1,278,0
7,6,26,1,278,0
5,4,35,1,278,0
7,-3,43,1,278,0
4,3,44,1,278,0
8,-6,45,1,278,0
3,-1,151,1,278,0
8,7,98,1,278,0
3,2,119,1,278,0
6,5,125,1,278,0
2,1,132,1,278,0
0,-2,179,1,278,0
-1,-6,192,1,278,0
1,-5,201,1,278,0
-6,-1,218,1,278,0
2,-8,229,1,278,0
-1,7,233,1,278,0
5,-7,237,1,278,0
-2,8,244,1,278,0
-3,-2,256,1,278,0
1,0,276,1,278,0
8,8,12,1,278,0
7,-4,34,1,278,0
6,-1,169,1,278,0
7,7,106,1,278,0
6,6,124,1,278,0
5,5,133,1,278,0
4,4,142,1,278,0
3,-2,212,1,278,0
3,3,151,1,278,0
2,2,159,1,278,0
-5,2,159,1,278,0
-3,0,261,1,278,0
-3,-3,169,1,278,0
1,1,169,1,278,0
0,-3,186,1,278,0
1,-6,206,1,278,0
-1,8,237,1,278,0
4,-5,242,1,278,0
8,-7,257,1,278,0
-4,1,264,1,278,0
0,0,277,1,278,0
7,8,13,1,278,0
5,6,107,1,278,0
6,7,109,1,278,0
4,-6,111,1,278,0
4,5,118,1,278,0
3,4,128,1,278,0
3,-3,129,1,278,0
2,3,136,1,278,0
-3,1,149,1,278,0
-4,2,158,1,278,0
-2,0,254,1,278,0
1,2,169,1,278,0
6,-2,175,1,278,0
-5,3,175,1,278,0
-3,-4,175,1,278,0
0,-4,193,1,278,0
1,-7,209,1,278,0
0,1,257,1,278,0
-2,-1,263,1,278,0
7,-5,273,1,278,0
7,9,5,1,278,0
8,0,28,1,278,0
-4,3,37,1,278,0
6,-3,182,1,278,0
6,8,89,1,278,0
2,4,107,1,278,0
1,3,114,1,278,0
3,5,119,1,278,0
-5,4,179,1,278,0
2,-1,219,1,278,0
-5,-1,223,1,278,0
4,-7,225,1,278,0
3,-4,234,1,278,0
4,6,246,1,278,0
0,2,249,1,278,0
-3,2,253,1,278,0
-2,-2,258,1,278,0
-2,1,259,1,278,0
7,-6,265,1,278,0
-1,0,271,1,278,0
5,7,277,1,278,0
5,-1,166,1,278,0
8,1,61,1,278,0
7,0,71,1,278,0
0,3,179,1,278,0
-4,4,182,1,278,0
6,-4,189,1,278,0
1,4,185,1,278,0
0,-6,199,1,278,0
-8,-1,205,1,278,0
2,-2,216,1,278,0
-5,-2,225,1,278,0
4,-8,229,1,278,0
2,5,232,1,278,0
3,-5,236,1,278,0
3,6,244,1,278,0
-3,3,246,1,278,0
4,7,254,1,278,0
-2,2,256,1,278,0
5,8,257,1,278,0
7,-7,263,1,278,0
-1,1,267,1,278,0
9,3,1,1,278,0
8,-1,36,1,278,0
8,2,58,1,278,0
7,1,66,1,278,0
3,7,69,1,278,0
4,8,71,1,278,0
6,0,79,1,278,0
7,-8,87,1,278,0
3,-6,112,1,278,0
-2,-4,177,1,278,0
-4,5,189,1,278,0
-2,3,199,1,278,0
0,4,207,1,278,0
2,-3,222,1,278,0
1,5,229,1,278,0
2,6,237,1,278,0
-3,4,239,1,278,0
-5,-3,239,1,278,0
-1,2,246,1,278,0
-1,-1,269,1,278,0
6,-5,274,1,278,0
-9,1,3,1,278,0
-5,7,4,1,278,0
8,-2,34,1,278,0
8,3,47,1,278,0
7,2,53,1,278,0
5,-3,197,1,278,0
2,7,59,1,278,0
3,8,66,1,278,0
6,1,89,1,278,0
-1,-2,101,1,278,0
-4,-1,179,1,278,0
-2,-5,184,1,278,0
1,6,198,1,278,0
1,-1,225,1,278,0
0,5,215,1,278,0
3,-7,232,1,278,0
-1,3,244,1,278,0
2,-4,252,1,278,0
-3,5,268,1,278,0
6,-6,272,1,278,0
-2,4,277,1,278,0
-8,1,9,1,278,0
8,4,11,1,278,0
8,-3,23,1,278,0
7,3,51,1,278,0
2,8,62,1,278,0
4,0,66,1,278,0
4,-1,158,1,278,0
5,1,85,1,278,0
6,2,96,1,278,0
5,-4,191,1,278,0
-7,-1,211,1,278,0
1,7,213,1,278,0
0,6,224,1,278,0
3,-8,231,1,278,0
-1,4,238,1,278,0
6,-7,243,1,278,0
-4,-2,248,1,278,0
2,-5,251,1,278,0
-4,7,254,1,278,0
-3,6,265,1,278,0
1,-2,271,1,278,0
-2,5,272,1,278,0
-4,8,14,1,278,0
-7,1,15,1,278,0
8,5,31,1,278,0
7,4,43,1,278,0
7,-1,44,1,278,0
4,-2,205,1,278,0
4,1,72,1,278,0
6,3,104,1,278,0
5,2,111,1,278,0
3,0,167,1,278,0
-2,6,201,1,278,0
1,8,207,1,278,0
0,7,221,1,278,0
-1,5,231,1,278,0
2,-6,245,1,278,0
-4,-3,247,1,278,0
-3,7,258,1,278,0
1,-3,265,1,278,0
8,-4,277,1,278,0
5,-5,277,1,278,0
-5,0,269,1,279,0
-6,1,279,1,279,0
8,6,27,1,279,0
7,5,35,1,279,0
7,-2,39,1,279,0
4,-3,203,1,279,0
5,3,105,1,279,0
5,-6,108,1,279,0
4,2,118,1,279,0
3,1,125,1,279,0
-3,-1,173,1,279,0
-1,-5,189,1,279,0
-1,6,222,1,279,0
0,8,226,1,279,0
2,-7,238,1,279,0
-2,7,243,1,279,0
-3,8,246,1,279,0
1,-4,258,1,279,0
8,-5,276,1,279,0
2,0,277,1,279,0
0,-1,278,1,279,0
-4,0,268,1,279,0
-5,1,276,1,279,0
7,6,26,1,279,0
5,4,35,1,279,0
7,-3,43,1,279,0
4,3,44,1,279,0
8,-6,45,1,279,0
3,-1,151,1,279,0
8,7,98,1,279,0
3,2,119,1,279,0
6,5,125,1,279,0
0,-2,179,1,279,0
-1,-6,192,1,279,0
1,-5,201,1,279,0
-6,-1,218,1,279,0
2,-8,229,1,279,0
-1,7,233,1,279,0
5,-7,237,1,279,0
-2,8,244,1,279,0
-3,-2,256,1,279,0
1,0,276,1,279,0
2,1,278,1,279,0
8,8,12,1,279,0
7,-4,34,1,279,0
6,-1,169,1,279,0
7,7,106,1,279,0
6,6,124,1,279,0
5,5,133,1,279,0
4,4,142,1,279,0
3,-2,212,1,279,0
3,3,151,1,279,0
2,2,159,1,279,0
-5,2,159,1,279,0
-3,0,261,1,279,0
-3,-3,169,1,279,0
1,1,169,1,279,0
0,-3,186,1,279,0
1,-6,206,1,279,0
-1,8,237,1,279,0
4,-5,242,1,279,0
8,-7,257,1,279,0
-4,1,264,1,279,0
0,0,278,1,279,0
7,8,13,1,279,0
5,6,107,1,279,0
6,7,109,1,279,0
4,-6,111,1,279,0
4,5,118,1,279,0
3,4,128,1,279,0
3,-3,129,1,279,0
2,3,136,1,279,0
-3,1,149,1,279,0
-4,2,158,1,279,0
-2,0,254,1,279,0
1,2,169,1,279,0
6,-2,175,1,279,0
-5,3,175,1,279,0
-3,-4,175,1,279,0
0,-4,193,1,279,0
1,-7,209,1,279,0
0,1,257,1,279,0
-2,-1,263,1,279,0
7,-5,273,1,279,0
7,9,5,1,279,0
8,0,28,1,279,0
-4,3,37,1,279,0
6,-3,182,1,279,0
6,8,89,1,279,0
2,4,107,1,279,0
1,3,114,1,279,0
3,5,119,1,279,0
-5,4,179,1,279,0
2,-1,219,1,279,0
-5,-1,223,1,279,0
4,-7,225,1,279,0
3,-4,234,1,279,0
4,6,246,1,279,0
0,2,249,1,279,0
-3,2,253,1,279,0
-2,-2,258,1,279,0
-2,1,259,1,279,0
7,-6,265,1,279,0
-1,0,271,1,279,0
5,7,278,1,279,0
5,-1,166,1,279,0
8,1,61,1,279,0
7,0,71,1,279,0
0,3,179,1,279,0
-4,4,182,1,279,0
6,-4,189,1,279,0
1,4,185,1,279,0
0,-6,199,1,279,0
-8,-1,205,1,279,0
2,-2,216,1,279,0
-5,-2,225,1,279,0
4,-8,229,1,279,0
2,5,232,1,279,0
3,-5,236,1,279,0
3,6,244,1,279,0
-3,3,246,1,279,0
4,7,254,1,279,0
-2,2,256,1,279,0
5,8,257,1,279,0
7,-7,263,1,279,0
-1,1,267,1,279,0
9,3,1,1,279,0
8,-1,36,1,279,0
8,2,58,1,279,0
7,1,66,1,279,0
3,7,69,1,279,0
4,8,71,1,279,0
6,0,79,1,279,0
7,-8,87,1,279,0
3,-6,112,1,279,0
-2,-4,177,1,279,0
-4,5,189,1,279,0
-2,3,199,1,279,0
0,4,207,1,279,0
2,-3,222,1,279,0
1,5,229,1,279,0
2,6,237,1,279,0
-3,4,239,1,279,0
-5,-3,239,1,279,0
-1,2,246,1,279,0
-1,-1,269,1,279,0
6,-5,274,1,279,0
-9,1,3,1,279,0
-5,7,4,1,279,0
8,-2,34,1,279,0
8,3,47,1,279,0
7,2,53,1,279,0
5,-3,197,1,279,0
2,7,59,1,279,0
3,8,66,1,279,0
6,1,89,1,279,0
-1,-2,101,1,279,0
-4,-1,179,1,279,0
-2,-5,184,1,279,0
1,6,198,1,279,0
1,-1,225,1,279,0
0,5,215,1,279,0
3,-7,232,1,279,0
-1,3,244,1,279,0
2,-4,252,1,279,0
-3,5,268,1,279,0
6,-6,272,1,279,0
-2,4,278,1,279,0
-8,1,9,1,279,0
8,4,11,1,279,0
8,-3,23,1,279,0
7,3,51,1,279,0
2,8,62,1,279,0
4,0,66,1,279,0
4,-1,158,1,279,0
5,1,85,1,279,0
6,2,96,1,279,0
5,-4,191,1,279,0
-7,-1,211,1,279,0
1,7,213,1,279,0
0,6,224,1,279,0
3,-8,231,1,279,0
-1,4,238,1,279,0
6,-7,243,1,279,0
-4,-2,248,1,279,0
2,-5,251,1,279,0
-4,7,254,1,279,0
-3,6,265,1,279,0
1,-2,271,1,279,0
-2,5,272,1,279,0
-4,8,14,1,279,0
-7,1,15,1,279,0
8,5,31,1,279,0
7,4,43,1,279,0
7,-1,44,1,279,0
4,-2,205,1,279,0
4,1,72,1,279,0
6,3,104,1,279,0
5,2,111,1,279,0
3,0,167,1,279,0
-2,6,201,1,279,0
1,8,207,1,279,0
0,7,221,1,279,0
-1,5,231,1,279,0
2,-6,245,1,279,0
-4,-3,247,1,279,0
-3,7,258,1,279,0
1,-3,265,1,279,0
8,-4,278,1,279,0
5,-5,278,1,279,0
-5,0,269,1,280,0
-6,1,279,1,280,0
8,6,27,1,280,0
7,5,35,1,280,0
7,-2,39,1,280,0
4,-3,203,1,280,0
5,3,105,1,280,0
5,-6,108,1,280,0
4,2,118,1,280,0
3,1,125,1,280,0
-3,-1,173,1,280,0
-1,-5,189,1,280,0
-1,6,222,1,280,0
0,8,226,1,280,0
2,-7,238,1,280,0
-2,7,243,1,280,0
-3,8,246,1,280,0
1,-4,258,1,280,0
8,-5,276,1,280,0
2,0,277,1,280,0
0,-1,278,1,280,0
-4,0,268,1,280,0
-5,1,276,1,280,0
7,6,26,1,280,0
5,4,35,1,280,0
7,-3,43,1,280,0
4,3,44,1,280,0
8,-6,45,1,280,0
3,-1,151,1,280,0
8,7,98,1,280,0
3,2,119,1,280,0
6,5,125,1,280,0
0,-2,179,1,280,0
-1,-6,192,1,280,0
1,-5,201,1,280,0
-6,-1,218,1,280,0
2,-8,229,1,280,0
-1,7,233,1,280,0
5,-7,237,1,280,0
-2,8,244,1,280,0
-3,-2,256,1,280,0
2,1,279,1,280,0
1,0,279,1,280,0
8,8,12,1,280,0
6,-1,169,1,280,0
7,7,106,1,280,0
6,6,124,1,280,0
5,5,133,1,280,0
4,4,142,1,280,0
3,-2,212,1,280,0
3,3,151,1,280,0
2,2,159,1,280,0
-5,2,159,1,280,0
-3,0,261,1,280,0
-3,-3,169,1,280,0
1,1,169,1,280,0
0,-3,186,1,280,0
1,-6,206,1,280,0
-1,8,237,1,280,0
4,-5,242,1,280,0
8,-7,257,1,280,0
-4,1,264,1,280,0
7,-4,279,1,280,0
0,0,279,1,280,0
7,8,13,1,280,0
5,6,107,1,280,0
6,7,109,1,280,0
4,-6,111,1,280,0
4,5,118,1,280,0
3,4,128,1,280,0
3,-3,129,1,280,0
2,3,136,1,280,0
-3,1,149,1,280,0
-4,2,158,1,280,0
-2,0,254,1,280,0
1,2,169,1,280,0
6,-2,175,1,280,0
-5,3,175,1,280,0
-3,-4,175,1,280,0
0,-4,193,1,280,0
1,-7,209,1,280,0
0,1,257,1,280,0
-2,-1,263,1,280,0
7,-5,273,1,280,0
7,9,5,1,280,0
8,0,28,1,280,0
-4,3,37,1,280,0
6,-3,182,1,280,0
6,8,89,1,280,0
2,4,107,1,280,0
1,3,114,1,280,0
3,5,119,1,280,0
-5,4,179,1,280,0
2,-1,219,1,280,0
-5,-1,223,1,280,0
4,-7,225,1,280,0
3,-4,234,1,280,0
4,6,246,1,280,0
0,2,249,1,280,0
-3,2,253,1,280,0
-2,-2,258,1,280,0
-2,1,259,1,280,0
7,-6,265,1,280,0
-1,0,271,1,280,0
5,7,278,1,280,0
5,-1,166,1,280,0
8,1,61,1,280,0
7,0,71,1,280,0
0,3,179,1,280,0
-4,4,182,1,280,0
6,-4,189,1,280,0
1,4,185,1,280,0
0,-6,199,1,280,0
-8,-1,205,1,280,0
2,-2,216,1,280,0
-5,-2,225,1,280,0
4,-8,229,1,280,0
2,5,232,1,280,0
3,-5,236,1,280,0
3,6,244,1,280,0
-3,3,246,1,280,0
4,7,254,1,280,0
-2,2,256,1,280,0
5,8,257,1,280,0
7,-7,263,1,280,0
-1,1,267,1,280,0
9,3,1,1,280,0
8,-1,36,1,280,0
8,2,58,1,280,0
7,1,66,1,280,0
3,7,69,1,280,0
4,8,71,1,280,0
6,0,79,1,280,0
7,-8,87,1,280,0
3,-6,112,1,280,0
-2,-4,177,1,280,0
-4,5,189,1,280,0
-2,3,199,1,280,0
0,4,207,1,280,0
2,-3,222,1,280,0
1,5,229,1,280,0
2,6,237,1,280,0
-3,4,239,1,280,0
-5,-3,239,1,280,0
-1,2,246,1,280,0
-1,-1,269,1,280,0
6,-5,274,1,280,0
-9,1,3,1,280,0
-5,7,4,1,280,0
8,-2,34,1,280,0
8,3,47,1,280,0
7,2,53,1,280,0
5,-3,197,1,280,0
2,7,59,1,280,0
3,8,66,1,280,0
6,1,89,1,280,0
-1,-2,101,1,280,0
-4,-1,179,1,280,0
-2,-5,184,1,280,0
1,6,198,1,280,0
1,-1,225,1,280,0
0,5,215,1,280,0
3,-7,232,1,280,0
-1,3,244,1,280,0
2,-4,252,1,280,0
-3,5,268,1,280,0
6,-6,272,1,280,0
-2,4,279,1,280,0
-8,1,9,1,280,0
8,4,11,1,280,0
8,-3,23,1,280,0
7,3,51,1,280,0
2,8,62,1,280,0
4,0,66,1,280,0
4,-1,158,1,280,0
5,1,85,1,280,0
6,2,96,1,280,0
5,-4,191,1,280,0
-7,-1,211,1,280,0
1,7,213,1,280,0
0,6,224,1,280,0
3,-8,231,1,280,0
-1,4,238,1,280,0
6,-7,243,1,280,0
-4,-2,248,1,280,0
2,-5,251,1,280,0
-4,7,254,1,280,0
-3,6,265,1,280,0
1,-2,271,1,280,0
-2,5,272,1,280,0
-4,8,14,1,280,0
-7,1,15,1,280,0
8,5,31,1,280,0
7,4,43,1,280,0
7,-1,44,1,280,0
4,-2,205,1,280,0
4,1,72,1,280,0
6,3,104,1,280,0
5,2,111,1,280,0
3,0,167,1,280,0
-2,6,201,1,280,0
1,8,207,1,280,0
0,7,221,1,280,0
-1,5,231,1,280,0
2,-6,245,1,280,0
-4,-3,247,1,280,0
-3,7,258,1,280,0
1,-3,265,1,280,0
8,-4,278,1,280,0
5,-5,279,1,280,0
-5,0,269,1,281,0
-6,1,281,1,281,0
8,6,27,1,281,0
7,5,35,1,281,0
7,-2,39,1,281,0
4,-3,203,1,281,0
5,3,105,1,281,0
5,-6,108,1,281,0
4,2,118,1,281,0
3,1,125,1,281,0
-3,-1,173,1,281,0
-1,-5,189,1,281,0
-1,6,222,1,281,0
0,8,226,1,281,0
2,-7,238,1,281,0
-2,7,243,1,281,0
-3,8,246,1,281,0
1,-4,258,1,281,0
8,-5,276,1,281,0
2,0,277,1,281,0
0,-1,278,1,281,0
-4,0,268,1,281,0
-5,1,276,1,281,0
7,6,26,1,281,0
5,4,35,1,281,0
7,-3,43,1,281,0
4,3,44,1,281,0
8,-6,45,1,281,0
3,-1,151,1,281,0
8,7,98,1,281,0
3,2,119,1,281,0
6,5,125,1,281,0
0,-2,179,1,281,0
-1,-6,192,1,281,0
1,-5,201,1,281,0
-6,-1,218,1,281,0
2,-8,229,1,281,0
-1,7,233,1,281,0
5,-7,237,1,281,0
-2,8,244,1,281,0
-3,-2,256,1,281,0
2,1,279,1,281,0
1,0,279,1,281,0
8,8,12,1,281,0
6,-1,169,1,281,0
7,7,106,1,281,0
6,6,124,1,281,0
5,5,133,1,281,0
4,4,142,1,281,0
3,-2,212,1,281,0
3,3,151,1,281,0
2,2,159,1,281,0
-5,2,159,1,281,0
-3,0,261,1,281,0
-3,-3,169,1,281,0
1,1,169,1,281,0
0,-3,186,1,281,0
1,-6,206,1,281,0
-1,8,237,1,281,0
4,-5,242,1,281,0
8,-7,257,1,281,0
-4,1,264,1,281,0
7,-4,279,1,281,0
0,0,279,1,281,0
7,8,13,1,281,0
5,6,107,1,281,0
6,7,109,1,281,0
4,-6,111,1,281,0
4,5,118,1,281,0
3,4,128,1,281,0
3,-3,129,1,281,0
2,3,136,1,281,0
-3,1,149,1,281,0
-4,2,158,1,281,0
-2,0,254,1,281,0
1,2,169,1,281,0
6,-2,175,1,281,0
-5,3,175,1,281,0
-3,-4,175,1,281,0
0,-4,193,1,281,0
1,-7,209,1,281,0
0,1,257,1,281,0
-2,-1,263,1,281,0
7,-5,273,1,281,0
7,9,5,1,281,0
8,0,28,1,281,0
-4,3,37,1,281,0
6,-3,182,1,281,0
6,8,89,1,281,0
2,4,107,1,281,0
1,3,114,1,281,0
3,5,119,1,281,0
-5,4,179,1,281,0
2,-1,219,1,281,0
-5,-1,223,1,281,0
4,-7,225,1,281,0
3,-4,234,1,281,0
4,6,246,1,281,0
0,2,249,1,281,0
-3,2,253,1,281,0
-2,-2,258,1,281,0
-2,1,259,1,281,0
7,-6,265,1,281,0
-1,0,271,1,281,0
5,7,279,1,281,0
5,-1,166,1,281,0
8,1,61,1,281,0
7,0,71,1,281,0
0,3,179,1,281,0
-4,4,182,1,281,0
6,-4,189,1,281,0
1,4,185,1,281,0
0,-6,199,1,281,0
-8,-1,205,1,281,0
2,-2,216,1,281,0
-5,-2,225,1,281,0
4,-8,229,1,281,0
2,5,232,1,281,0
3,-5,236,1,281,0
3,6,244,1,281,0
-3,3,246,1,281,0
4,7,254,1,281,0
-2,2,256,1,281,0
5,8,257,1,281,0
7,-7,263,1,281,0
-1,1,267,1,281,0
9,3,1,1,281,0
8,-1,36,1,281,0
8,2,58,1,281,0
7,1,66,1,281,0
3,7,69,1,281,0
4,8,71,1,281,0
6,0,79,1,281,0
7,-8,87,1,281,0
3,-6,112,1,281,0
-2,-4,177,1,281,0
-4,5,189,1,281,0
-2,3,199,1,281,0
0,4,207,1,281,0
2,-3,222,1,281,0
1,5,229,1,281,0
2,6,237,1,281,0
-3,4,239,1,281,0
-5,-3,239,1,281,0
-1,2,246,1,281,0
-1,-1,269,1,281,0
6,-5,274,1,281,0
-9,1,3,1,281,0
-5,7,4,1,281,0
8,-2,34,1,281,0
8,3,47,1,281,0
7,2,53,1,281,0
5,-3,197,1,281,0
2,7,59,1,281,0
3,8,66,1,281,0
6,1,89,1,281,0
-1,-2,101,1,281,0
-4,-1,179,1,281,0
-2,-5,184,1,281,0
1,6,198,1,281,0
1,-1,225,1,281,0
0,5,215,1,281,0
3,-7,232,1,281,0
-1,3,244,1,281,0
2,-4,252,1,281,0
-3,5,268,1,281,0
6,-6,272,1,281,0
-2,4,279,1,281,0
-8,1,9,1,281,0
8,4,11,1,281,0
8,-3,23,1,281,0
7,3,51,1,281,0
2,8,62,1,281,0
4,0,66,1,281,0
4,-1,158,1,281,0
5,1,85,1,281,0
6,2,96,1,281,0
5,-4,191,1,281,0
-7,-1,211,1,281,0
1,7,213,1,281,0
0,6,224,1,281,0
3,-8,231,1,281,0
-1,4,238,1,281,0
6,-7,243,1,281,0
-4,-2,248,1,281,0
2,-5,251,1,281,0
-4,7,254,1,281,0
-3,6,265,1,281,0
1,-2,271,1,281,0
-2,5,272,1,281,0
-4,8,14,1,281,0
-7,1,15,1,281,0
8,5,31,1,281,0
7,4,43,1,281,0
7,-1,44,1,281,0
4,-2,205,1,281,0
4,1,72,1,281,0
6,3,104,1,281,0
5,2,111,1,281,0
3,0,167,1,281,0
-2,6,201,1,281,0
1,8,207,1,281,0
0,7,221,1,281,0
-1,5,231,1,281,0
2,-6,245,1,281,0
-4,-3,247,1,281,0
-3,7,258,1,281,0
1,-3,265,1,281,0
8,-4,278,1,281,0
5,-5,279,1,281,0
-5,0,269,1,282,0
-6,1,282,1,282,0
8,6,27,1,282,0
7,5,35,1,282,0
7,-2,39,1,282,0
4,-3,203,1,282,0
5,3,105,1,282,0
5,-6,108,1,282,0
4,2,118,1,282,0
3,1,125,1,282,0
-3,-1,173,1,282,0
-1,-5,189,1,282,0
-1,6,222,1,282,0
0,8,226,1,282,0
2,-7,238,1,282,0
-2,7,243,1,282,0
-3,8,246,1,282,0
1,-4,258,1,282,0
8,-5,276,1,282,0
2,0,277,1,282,0
0,-1,278,1,282,0
-4,0,268,1,282,0
-5,1,276,1,282,0
7,6,26,1,282,0
5,4,35,1,282,0
7,-3,43,1,282,0
4,3,44,1,282,0
8,-6,45,1,282,0
3,-1,151,1,282,0
8,7,98,1,282,0
3,2,119,1,282,0
6,5,125,1,282,0
0,-2,179,1,282,0
-1,-6,192,1,282,0
1,-5,201,1,282,0
-6,-1,218,1,282,0
2,-8,229,1,282,0
-1,7,233,1,282,0
5,-7,237,1,282,0
-2,8,244,1,282,0
-3,-2,256,1,282,0
2,1,281,1,282,0
1,0,281,1,282,0
8,8,12,1,282,0
6,-1,169,1,282,0
7,7,106,1,282,0
6,6,124,1,282,0
5,5,133,1,282,0
4,4,142,1,282,0
3,-2,212,1,282,0
3,3,151,1,282,0
2,2,159,1,282,0
-5,2,159,1,282,0
-3,0,261,1,282,0
-3,-3,169,1,282,0
1,1,169,1,282,0
0,-3,186,1,282,0
1,-6,206,1,282,0
-1,8,237,1,282,0
4,-5,242,1,282,0
8,-7,257,1,282,0
-4,1,264,1,282,0
7,-4,281,1,282,0
0,0,281,1,282,0
7,8,13,1,282,0
5,6,107,1,282,0
6,7,109,1,282,0
4,-6,111,1,282,0
4,5,118,1,282,0
3,4,128,1,282,0
3,-3,129,1,282,0
2,3,136,1,282,0
-3,1,149,1,282,0
-4,2,158,1,282,0
-2,0,254,1,282,0
1,2,169,1,282,0
6,-2,175,1,282,0
-5,3,175,1,282,0
-3,-4,175,1,282,0
0,-4,193,1,282,0
1,-7,209,1,282,0
0,1,257,1,282,0
-2,-1,263,1,282,0
7,-5,273,1,282,0
7,9,5,1,282,0
8,0,28,1,282,0
-4,3,37,1,282,0
6,-3,182,1,282,0
6,8,89,1,282,0
2,4,107,1,282,0
1,3,114,1,282,0
3,5,119,1,282,0
-5,4,179,1,282,0
2,-1,219,1,282,0
-5,-1,223,1,282,0
4,-7,225,1,282,0
3,-4,234,1,282,0
4,6,246,1,282,0
0,2,249,1,282,0
-3,2,253,1,282,0
-2,-2,258,1,282,0
-2,1,259,1,282,0
7,-6,265,1,282,0
-1,0,271,1,282,0
5,7,281,1,282,0
5,-1,166,1,282,0
8,1,61,1,282,0
7,0,71,1,282,0
0,3,179,1,282,0
-4,4,182,1,282,0
6,-4,189,1,282,0
1,4,185,1,282,0
0,-6,199,1,282,0
-8,-1,205,1,282,0
2,-2,216,1,282,0
-5,-2,225,1,282,0
4,-8,229,1,282,0
2,5,232,1,282,0
3,-5,236,1,282,0
3,6,244,1,282,0
-3,3,246,1,282,0
4,7,254,1,282,0
-2,2,256,1,282,0
5,8,257,1,282,0
7,-7,263,1,282,0
-1,1,267,1,282,0
9,3,1,1,282,0
8,-1,36,1,282,0
8,2,58,1,282,0
7,1,66,1,282,0
3,7,69,1,282,0
4,8,71,1,282,0
6,0,79,1,282,0
7,-8,87,1,282,0
3,-6,112,1,282,0
-2,-4,177,1,282,0
-4,5,189,1,282,0
0,4,207,1,282,0
2,-3,222,1,282,0
1,5,229,1,282,0
2,6,237,1,282,0
-3,4,239,1,282,0
-5,-3,239,1,282,0
-1,2,246,1,282,0
-1,-1,269,1,282,0
6,-5,274,1,282,0
-2,3,281,1,282,0
-9,1,3,1,282,0
-5,7,4,1,282,0
8,-2,34,1,282,0
8,3,47,1,282,0
7,2,53,1,282,0
5,-3,197,1,282,0
2,7,59,1,282,0
3,8,66,1,282,0
6,1,89,1,282,0
-1,-2,101,1,282,0
-4,-1,179,1,282,0
-2,-5,184,1,282,0
1,6,198,1,282,0
1,-1,225,1,282,0
0,5,215,1,282,0
3,-7,232,1,282,0
-1,3,244,1,282,0
2,-4,252,1,282,0
-3,5,268,1,282,0
6,-6,272,1,282,0
-2,4,279,1,282,0
-8,1,9,1,282,0
8,4,11,1,282,0
8,-3,23,1,282,0
7,3,51,1,282,0
2,8,62,1,282,0
4,0,66,1,282,0
4,-1,158,1,282,0
5,1,85,1,282,0
6,2,96,1,282,0
5,-4,191,1,282,0
-7,-1,211,1,282,0
1,7,213,1,282,0
0,6,224,1,282,0
3,-8,231,1,282,0
-1,4,238,1,282,0
6,-7,243,1,282,0
-4,-2,248,1,282,0
2,-5,251,1,282,0
-4,7,254,1,282,0
-3,6,265,1,282,0
1,-2,271,1,282,0
-2,5,272,1,282,0
-4,8,14,1,282,0
-7,1,15,1,282,0
8,5,31,1,282,0
7,4,43,1,282,0
7,-1,44,1,282,0
4,-2,205,1,282,0
4,1,72,1,282,0
6,3,104,1,282,0
5,2,111,1,282,0
3,0,167,1,282,0
-2,6,201,1,282,0
1,8,207,1,282,0
0,7,221,1,282,0
-1,5,231,1,282,0
2,-6,245,1,282,0
-4,-3,247,1,282,0
-3,7,258,1,282,0
1,-3,265,1,282,0
8,-4,278,1,282,0
5,-5,281,1,282,0
-5,0,269,1,283,0
-6,1,283,1,283,0
8,6,27,1,283,0
7,5,35,1,283,0
7,-2,39,1,283,0
4,-3,203,1,283,0
5,3,105,1,283,0
5,-6,108,1,283,0
4,2,118,1,283,0
3,1,125,1,283,0
-3,-1,173,1,283,0
-1,-5,189,1,283,0
-1,6,222,1,283,0
0,8,226,1,283,0
2,-7,238,1,283,0
-2,7,243,1,283,0
-3,8,246,1,283,0
1,-4,258,1,283,0
8,-5,276,1,283,0
2,0,277,1,283,0
0,-1,278,1,283,0
-4,0,268,1,283,0
-5,1,276,1,283,0
7,6,26,1,283,0
5,4,35,1,283,0
7,-3,43,1,283,0
4,3,44,1,283,0
8,-6,45,1,283,0
3,-1,151,1,283,0
8,7,98,1,283,0
3,2,119,1,283,0
6,5,125,1,283,0
0,-2,179,1,283,0
-1,-6,192,1,283,0
1,-5,201,1,283,0
-6,-1,218,1,283,0
2,-8,229,1,283,0
-1,7,233,1,283,0
5,-7,237,1,283,0
-2,8,244,1,283,0
-3,-2,256,1,283,0
2,1,282,1,283,0
1,0,282,1,283,0
8,8,12,1,283,0
6,-1,169,1,283,0
7,7,106,1,283,0
6,6,124,1,283,0
5,5,133,1,283,0
4,4,142,1,283,0
3,-2,212,1,283,0
3,3,151,1,283,0
2,2,159,1,283,0
-5,2,159,1,283,0
-3,0,261,1,283,0
-3,-3,169,1,283,0
1,1,169,1,283,0
0,-3,186,1,283,0
1,-6,206,1,283,0
-1,8,237,1,283,0
4,-5,242,1,283,0
8,-7,257,1,283,0
-4,1,264,1,283,0
7,-4,282,1,283,0
0,0,282,1,283,0
7,8,13,1,283,0
5,6,107,1,283,0
6,7,109,1,283,0
4,-6,111,1,283,0
4,5,118,1,283,0
3,4,128,1,283,0
3,-3,129,1,283,0
2,3,136,1,283,0
-3,1,149,1,283,0
-4,2,158,1,283,0
-2,0,254,1,283,0
1,2,169,1,283,0
6,-2,175,1,283,0
-5,3,175,1,283,0
-3,-4,175,1,283,0
0,-4,193,1,283,0
1,-7,209,1,283,0
0,1,257,1,283,0
-2,-1,263,1,283,0
7,-5,273,1,283,0
7,9,5,1,283,0
8,0,28,1,283,0
-4,3,37,1,283,0
6,-3,182,1,283,0
6,8,89,1,283,0
2,4,107,1,283,0
1,3,114,1,283,0
3,5,119,1,283,0
-5,4,179,1,283,0
2,-1,219,1,283,0
-5,-1,223,1,283,0
4,-7,225,1,283,0
3,-4,234,1,283,0
4,6,246,1,283,0
0,2,249,1,283,0
-3,2,253,1,283,0
-2,-2,258,1,283,0
-2,1,259,1,283,0
7,-6,265,1,283,0
-1,0,271,1,283,0
5,7,282,1,283,0
5,-1,166,1,283,0
8,1,61,1,283,0
7,0,71,1,283,0
0,3,179,1,283,0
-4,4,182,1,283,0
6,-4,189,1,283,0
1,4,185,1,283,0
0,-6,199,1,283,0
-8,-1,205,1,283,0
2,-2,216,1,283,0
-5,-2,225,1,283,0
4,-8,229,1,283,0
2,5,232,1,283,0
3,-5,236,1,283,0
3,6,244,1,283,0
-3,3,246,1,283,0
4,7,254,1,283,0
-2,2,256,1,283,0
5,8,257,1,283,0
7,-7,263,1,283,0
-1,1,267,1,283,0
9,3,1,1,283,0
8,-1,36,1,283,0
8,2,58,1,283,0
7,1,66,1,283,0
3,7,69,1,283,0
4,8,71,1,283,0
6,0,79,1,283,0
7,-8,87,1,283,0
3,-6,112,1,283,0
-2,-4,177,1,283,0
-4,5,189,1,283,0
0,4,207,1,283,0
2,-3,222,1,283,0
1,5,229,1,283,0
2,6,237,1,283,0
-3,4,239,1,283,0
-5,-3,239,1,283,0
-1,2,246,1,283,0
-1,-1,269,1,283,0
6,-5,274,1,283,0
-2,3,282,1,283,0
-9,1,3,1,283,0
-5,7,4,1,283,0
8,-2,34,1,283,0
8,3,47,1,283,0
7,2,53,1,283,0
5,-3,197,1,283,0
2,7,59,1,283,0
3,8,66,1,283,0
6,1,89,1,283,0
-1,-2,101,1,283,0
-4,-1,179,1,283,0
-2,-5,184,1,283,0
1,6,198,1,283,0
1,-1,225,1,283,0
0,5,215,1,283,0
3,-7,232,1,283,0
-1,3,244,1,283,0
2,-4,252,1,283,0
-3,5,268,1,283,0
6,-6,272,1,283,0
-2,4,279,1,283,0
-8,1,9,1,283,0
8,4,11,1,283,0
8,-3,23,1,283,0
7,3,51,1,283,0
2,8,62,1,283,0
4,0,66,1,283,0
4,-1,158,1,283,0
5,1,85,1,283,0
6,2,96,1,283,0
-7,-1,211,1,283,0
1,7,213,1,283,0
0,6,224,1,283,0
3,-8,231,1,283,0
-1,4,238,1,283,0
6,-7,243,1,283,0
-4,-2,248,1,283,0
2,-5,251,1,283,0
-4,7,254,1,283,0
-3,6,265,1,283,0
1,-2,271,1,283,0
-2,5,272,1,283,0
5,-4,282,1,283,0
-4,8,14,1,283,0
-7,1,15,1,283,0
8,5,31,1,283,0
7,4,43,1,283,0
7,-1,44,1,283,0
4,-2,205,1,283,0
4,1,72,1,283,0
6,3,104,1,283,0
5,2,111,1,283,0
3,0,167,1,283,0
-2,6,201,1,283,0
1,8,207,1,283,0
0,7,221,1,283,0
-1,5,231,1,283,0
2,-6,245,1,283,0
-4,-3,247,1,283,0
-3,7,258,1,283,0
1,-3,265,1,283,0
8,-4,278,1,283,0
5,-5,281,1,283,0
-5,0,269,1,284,0
-6,1,283,1,284,0
8,6,27,1,284,0
7,5,35,1,284,0
7,-2,39,1,284,0
4,-3,203,1,284,0
5,3,105,1,284,0
5,-6,108,1,284,0
4,2,118,1,284,0
3,1,125,1,284,0
-3,-1,173,1,284,0
-1,-5,189,1,284,0
-1,6,222,1,284,0
0,8,226,1,284,0
2,-7,238,1,284,0
-2,7,243,1,284,0
-3,8,246,1,284,0
1,-4,258,1,284,0
8,-5,276,1,284,0
2,0,277,1,284,0
0,-1,278,1,284,0
-4,0,268,1,284,0
-5,1,276,1,284,0
7,6,26,1,284,0
5,4,35,1,284,0
7,-3,43,1,284,0
4,3,44,1,284,0
8,-6,45,1,284,0
3,-1,151,1,284,0
8,7,98,1,284,0
3,2,119,1,284,0
6,5,125,1,284,0
0,-2,179,1,284,0
-1,-6,192,1,284,0
1,-5,201,1,284,0
-6,-1,218,1,284,0
2,-8,229,1,284,0
-1,7,233,1,284,0
5,-7,237,1,284,0
-2,8,244,1,284,0
-3,-2,256,1,284,0
1,0,282,1,284,0
2,1,283,1,284,0
8,8,12,1,284,0
6,-1,169,1,284,0
7,7,106,1,284,0
6,6,124,1,284,0
5,5,133,1,284,0
4,4,142,1,284,0
3,-2,212,1,284,0
3,3,151,1,284,0
2,2,159,1,284,0
-5,2,159,1,284,0
-3,0,261,1,284,0
-3,-3,169,1,284,0
0,-3,186,1,284,0
1,-6,206,1,284,0
-1,8,237,1,284,0
4,-5,242,1,284,0
8,-7,257,1,284,0
-4,1,264,1,284,0
1,1,283,1,284,0
7,-4,283,1,284,0
0,0,283,1,284,0
7,8,13,1,284,0
5,6,107,1,284,0
6,7,109,1,284,0
4,-6,111,1,284,0
4,5,118,1,284,0
3,4,128,1,284,0
3,-3,129,1,284,0
2,3,136,1,284,0
-3,1,149,1,284,0
-4,2,158,1,284,0
-2,0,254,1,284,0
1,2,169,1,284,0
6,-2,175,1,284,0
-5,3,175,1,284,0
-3,-4,175,1,284,0
0,-4,193,1,284,0
1,-7,209,1,284,0
0,1,257,1,284,0
-2,-1,263,1,284,0
7,-5,273,1,284,0
7,9,5,1,284,0
8,0,28,1,284,0
-4,3,37,1,284,0
6,-3,182,1,284,0
6,8,89,1,284,0
2,4,107,1,284,0
1,3,114,1,284,0
3,5,119,1,284,0
-5,4,179,1,284,0
2,-1,219,1,284,0
-5,-1,223,1,284,0
4,-7,225,1,284,0
3,-4,234,1,284,0
4,6,246,1,284,0
0,2,249,1,284,0
-3,2,253,1,284,0
-2,-2,258,1,284,0
-2,1,259,1,284,0
7,-6,265,1,284,0
-1,0,271,1,284,0
5,7,283,1,284,0
5,-1,166,1,284,0
8,1,61,1,284,0
7,0,71,1,284,0
0,3,179,1,284,0
-4,4,182,1,284,0
6,-4,189,1,284,0
1,4,185,1,284,0
0,-6,199,1,284,0
-8,-1,205,1,284,0
2,-2,216,1,284,0
-5,-2,225,1,284,0
4,-8,229,1,284,0
2,5,232,1,284,0
3,-5,236,1,284,0
3,6,244,1,284,0
-3,3,246,1,284,0
4,7,254,1,284,0
-2,2,256,1,284,0
5,8,257,1,284,0
7,-7,263,1,284,0
-1,1,267,1,284,0
9,3,1,1,284,0
8,-1,36,1,284,0
8,2,58,1,284,0
7,1,66,1,284,0
3,7,69,1,284,0
4,8,71,1,284,0
6,0,79,1,284,0
7,-8,87,1,284,0
3,-6,112,1,284,0
-2,-4,177,1,284,0
-4,5,189,1,284,0
0,4,207,1,284,0
2,-3,222,1,284,0
1,5,229,1,284,0
2,6,237,1,284,0
-3,4,239,1,284,0
-5,-3,239,1,284,0
-1,2,246,1,284,0
-1,-1,269,1,284,0
6,-5,274,1,284,0
-2,3,282,1,284,0
-9,1,3,1,284,0
-5,7,4,1,284,0
8,-2,34,1,284,0
8,3,47,1,284,0
7,2,53,1,284,0
5,-3,197,1,284,0
2,7,59,1,284,0
3,8,66,1,284,0
6,1,89,1,284,0
-1,-2,101,1,284,0
-4,-1,179,1,284,0
-2,-5,184,1,284,0
1,6,198,1,284,0
1,-1,225,1,284,0
0,5,215,1,284,0
3,-7,232,1,284,0
2,-4,252,1,284,0
-3,5,268,1,284,0
6,-6,272,1,284,0
-2,4,279,1,284,0
-1,3,283,1,284,0
-8,1,9,1,284,0
8,4,11,1,284,0
8,-3,23,1,284,0
7,3,51,1,284,0
2,8,62,1,284,0
4,0,66,1,284,0
4,-1,158,1,284,0
5,1,85,1,284,0
6,2,96,1,284,0
-7,-1,211,1,284,0
1,7,213,1,284,0
0,6,224,1,284,0
3,-8,231,1,284,0
-1,4,238,1,284,0
6,-7,243,1,284,0
-4,-2,248,1,284,0
2,-5,251,1,284,0
-4,7,254,1,284,0
-3,6,265,1,284,0
1,-2,271,1,284,0
-2,5,272,1,284,0
5,-4,283,1,284,0
-4,8,14,1,284,0
-7,1,284,1,284,0
8,5,31,1,284,0
7,4,43,1,284,0
7,-1,44,1,284,0
4,-2,205,1,284,0
4,1,72,1,284,0
6,3,104,1,284,0
5,2,111,1,284,0
3,0,167,1,284,0
-2,6,201,1,284,0
1,8,207,1,284,0
0,7,221,1,284,0
-1,5,231,1,284,0
2,-6,245,1,284,0
-4,-3,247,1,284,0
-3,7,258,1,284,0
1,-3,265,1,284,0
8,-4,278,1,284,0
5,-5,281,1,284,0
-5,0,269,1,285,0
-6,1,283,1,285,0
8,6,27,1,285,0
7,5,35,1,285,0
7,-2,39,1,285,0
4,-3,203,1,285,0
5,3,105,1,285,0
5,-6,108,1,285,0
4,2,118,1,285,0
-3,-1,173,1,285,0
-1,-5,189,1,285,0
-1,6,222,1,285,0
0,8,226,1,285,0
2,-7,238,1,285,0
-2,7,243,1,285,0
-3,8,246,1,285,0
1,-4,258,1,285,0
8,-5,276,1,285,0
2,0,277,1,285,0
0,-1,278,1,285,0
3,1,284,1,285,0
-4,0,268,1,285,0
-5,1,276,1,285,0
7,6,26,1,285,0
5,4,35,1,285,0
7,-3,43,1,285,0
4,3,44,1,285,0
8,-6,45,1,285,0
3,-1,151,1,285,0
8,7,98,1,285,0
3,2,119,1,285,0
6,5,125,1,285,0
0,-2,179,1,285,0
-1,-6,192,1,285,0
1,-5,201,1,285,0
-6,-1,218,1,285,0
2,-8,229,1,285,0
-1,7,233,1,285,0
5,-7,237,1,285,0
-2,8,244,1,285,0
-3,-2,256,1,285,0
1,0,282,1,285,0
2,1,283,1,285,0
4,-4,284,1,285,0
8,8,12,1,285,0
6,-1,169,1,285,0
7,7,106,1,285,0
6,6,124,1,285,0
5,5,133,1,285,0
4,4,142,1,285,0
3,-2,212,1,285,0
3,3,151,1,285,0
2,2,159,1,285,0
-5,2,159,1,285,0
-3,0,261,1,285,0
-3,-3,169,1,285,0
0,-3,186,1,285,0
1,-6,206,1,285,0
-1,8,237,1,285,0
4,-5,242,1,285,0
8,-7,257,1,285,0
-4,1,264,1,285,0
1,1,284,1,285,0
7,-4,284,1,285,0
0,0,284,1,285,0
7,8,13,1,285,0
5,6,107,1,285,0
6,7,109,1,285,0
4,-6,111,1,285,0
4,5,118,1,285,0
3,4,128,1,285,0
3,-3,129,1,285,0
2,3,136,1,285,0
-3,1,149,1,285,0
-4,2,158,1,285,0
-2,0,254,1,285,0
1,2,169,1,285,0
6,-2,175,1,285,0
-5,3,175,1,285,0
-3,-4,175,1,285,0
0,-4,193,1,285,0
1,-7,209,1,285,0
0,1,257,1,285,0
-2,-1,263,1,285,0
7,-5,273,1,285,0
7,9,5,1,285,0
8,0,28,1,285,0
-4,3,37,1,285,0
6,-3,182,1,285,0
6,8,89,1,285,0
2,4,107,1,285,0
1,3,114,1,285,0
3,5,119,1,285,0
-5,4,179,1,285,0
2,-1,219,1,285,0
-5,-1,223,1,285,0
4,-7,225,1,285,0
3,-4,234,1,285,0
4,6,246,1,285,0
0,2,249,1,285,0
-3,2,253,1,285,0
-2,-2,258,1,285,0
-2,1,259,1,285,0
7,-6,265,1,285,0
-1,0,271,1,285,0
5,7,284,1,285,0
5,-1,166,1,285,0
8,1,61,1,285,0
7,0,71,1,285,0
0,3,179,1,285,0
-4,4,182,1,285,0
6,-4,189,1,285,0
1,4,185,1,285,0
0,-6,199,1,285,0
-8,-1,205,1,285,0
2,-2,216,1,285,0
-5,-2,225,1,285,0
4,-8,229,1,285,0
2,5,232,1,285,0
3,-5,236,1,285,0
3,6,244,1,285,0
-3,3,246,1,285,0
4,7,254,1,285,0
-2,2,256,1,285,0
5,8,257,1,285,0
7,-7,263,1,285,0
-1,1,267,1,285,0
9,3,1,1,285,0
8,-1,36,1,285,0
8,2,58,1,285,0
7,1,66,1,285,0
3,7,69,1,285,0
4,8,71,1,285,0
6,0,79,1,285,0
7,-8,87,1,285,0
3,-6,112,1,285,0
-2,-4,177,1,285,0
-4,5,189,1,285,0
0,4,207,1,285,0
2,-3,222,1,285,0
1,5,229,1,285,0
2,6,237,1,285,0
-3,4,239,1,285,0
-5,-3,239,1,285,0
-1,2,246,1,285,0
-1,-1,269,1,285,0
6,-5,274,1,285,0
-2,3,282,1,285,0
-9,1,3,1,285,0
-5,7,4,1,285,0
8,-2,34,1,285,0
8,3,47,1,285,0
7,2,53,1,285,0
5,-3,197,1,285,0
2,7,59,1,285,0
3,8,66,1,285,0
6,1,89,1,285,0
-1,-2,101,1,285,0
-4,-1,179,1,285,0
-2,-5,184,1,285,0
1,6,198,1,285,0
1,-1,225,1,285,0
0,5,215,1,285,0
3,-7,232,1,285,0
2,-4,252,1,285,0
-3,5,268,1,285,0
6,-6,272,1,285,0
-2,4,279,1,285,0
-1,3,284,1,285,0
-8,1,9,1,285,0
8,4,11,1,285,0
8,-3,23,1,285,0
7,3,51,1,285,0
2,8,62,1,285,0
4,0,66,1,285,0
4,-1,158,1,285,0
5,1,85,1,285,0
6,2,96,1,285,0
-7,-1,211,1,285,0
1,7,213,1,285,0
0,6,224,1,285,0
3,-8,231,1,285,0
-1,4,238,1,285,0
6,-7,243,1,285,0
-4,-2,248,1,285,0
2,-5,251,1,285,0
-4,7,254,1,285,0
-3,6,265,1,285,0
1,-2,271,1,285,0
-2,5,272,1,285,0
5,-4,283,1,285,0
-4,8,14,1,285,0
-7,1,285,1,285,0
8,5,31,1,285,0
7,4,43,1,285,0
7,-1,44,1,285,0
4,-2,205,1,285,0
4,1,72,1,285,0
6,3,104,1,285,0
5,2,111,1,285,0
3,0,167,1,285,0
-2,6,201,1,285,0
1,8,207,1,285,0
0,7,221,1,285,0
-1,5,231,1,285,0
2,-6,245,1,285,0
-4,-3,247,1,285,0
-3,7,258,1,285,0
1,-3,265,1,285,0
8,-4,278,1,285,0
5,-5,281,1,285,0
-5,0,269,1,286,0
-6,1,283,1,286,0
8,6,27,1,286,0
7,5,35,1,286,0
7,-2,39,1,286,0
4,-3,203,1,286,0
5,3,105,1,286,0
5,-6,108,1,286,0
4,2,118,1,286,0
-3,-1,173,1,286,0
-1,-5,189,1,286,0
-1,6,222,1,286,0
0,8,226,1,286,0
2,-7,238,1,286,0
-2,7,243,1,286,0
-3,8,246,1,286,0
1,-4,258,1,286,0
8,-5,276,1,286,0
2,0,277,1,286,0
0,-1,278,1,286,0
3,1,285,1,286,0
-4,0,268,1,286,0
-5,1,276,1,286,0
7,6,26,1,286,0
5,4,35,1,286,0
7,-3,43,1,286,0
4,3,44,1,286,0
8,-6,45,1,286,0
3,-1,151,1,286,0
8,7,98,1,286,0
3,2,119,1,286,0
6,5,125,1,286,0
0,-2,179,1,286,0
-1,-6,192,1,286,0
1,-5,201,1,286,0
-6,-1,218,1,286,0
2,-8,229,1,286,0
-1,7,233,1,286,0
5,-7,237,1,286,0
-2,8,244,1,286,0
-3,-2,256,1,286,0
2,1,283,1,286,0
1,0,285,1,286,0
4,-4,285,1,286,0
8,8,12,1,286,0
6,-1,169,1,286,0
7,7,106,1,286,0
6,6,124,1,286,0
5,5,133,1,286,0
4,4,142,1,286,0
3,-2,212,1,286,0
3,3,151,1,286,0
2,2,159,1,286,0
-5,2,159,1,286,0
-3,0,261,1,286,0
-3,-3,169,1,286,0
0,-3,186,1,286,0
1,-6,206,1,286,0
-1,8,237,1,286,0
4,-5,242,1,286,0
8,-7,257,1,286,0
-4,1,264,1,286,0
1,1,285,1,286,0
7,-4,285,1,286,0
0,0,285,1,286,0
7,8,13,1,286,0
6,7,109,1,286,0
4,-6,111,1,286,0
4,5,118,1,286,0
3,4,128,1,286,0
3,-3,129,1,286,0
2,3,136,1,286,0
-3,1,149,1,286,0
-4,2,158,1,286,0
-2,0,254,1,286,0
1,2,169,1,286,0
6,-2,175,1,286,0
-5,3,175,1,286,0
-3,-4,175,1,286,0
0,-4,193,1,286,0
1,-7,209,1,286,0
0,1,257,1,286,0
-2,-1,263,1,286,0
7,-5,273,1,286,0
5,6,285,1,286,0
7,9,5,1,286,0
8,0,28,1,286,0
-4,3,37,1,286,0
6,-3,182,1,286,0
6,8,89,1,286,0
2,4,107,1,286,0
1,3,114,1,286,0
3,5,119,1,286,0
-5,4,179,1,286,0
2,-1,219,1,286,0
-5,-1,223,1,286,0
4,-7,225,1,286,0
3,-4,234,1,286,0
4,6,246,1,286,0
0,2,249,1,286,0
-3,2,253,1,286,0
-2,-2,258,1,286,0
-2,1,259,1,286,0
7,-6,265,1,286,0
-1,0,271,1,286,0
5,7,284,1,286,0
5,-1,166,1,286,0
8,1,61,1,286,0
7,0,71,1,286,0
0,3,179,1,286,0
-4,4,182,1,286,0
6,-4,189,1,286,0
1,4,185,1,286,0
0,-6,199,1,286,0
-8,-1,205,1,286,0
2,-2,216,1,286,0
-5,-2,225,1,286,0
4,-8,229,1,286,0
2,5,232,1,286,0
3,-5,236,1,286,0
3,6,244,1,286,0
-3,3,246,1,286,0
4,7,254,1,286,0
-2,2,256,1,286,0
5,8,257,1,286,0
7,-7,263,1,286,0
-1,1,267,1,286,0
9,3,1,1,286,0
8,-1,36,1,286,0
8,2,58,1,286,0
7,1,66,1,286,0
3,7,69,1,286,0
4,8,71,1,286,0
6,0,79,1,286,0
7,-8,87,1,286,0
3,-6,112,1,286,0
-2,-4,177,1,286,0
-4,5,189,1,286,0
0,4,207,1,286,0
2,-3,222,1,286,0
1,5,229,1,286,0
2,6,237,1,286,0
-3,4,239,1,286,0
-5,-3,239,1,286,0
-1,2,246,1,286,0
-1,-1,269,1,286,0
6,-5,274,1,286,0
-2,3,282,1,286,0
-9,1,3,1,286,0
-5,7,4,1,286,0
8,-2,34,1,286,0
8,3,47,1,286,0
7,2,53,1,286,0
5,-3,197,1,286,0
2,7,59,1,286,0
3,8,66,1,286,0
6,1,89,1,286,0
-1,-2,101,1,286,0
-4,-1,179,1,286,0
-2,-5,184,1,286,0
1,6,198,1,286,0
1,-1,225,1,286,0
0,5,215,1,286,0
3,-7,232,1,286,0
2,-4,252,1,286,0
-3,5,268,1,286,0
6,-6,272,1,286,0
-2,4,279,1,286,0
-1,3,285,1,286,0
-8,1,9,1,286,0
8,4,11,1,286,0
8,-3,23,1,286,0
7,3,51,1,286,0
2,8,62,1,286,0
4,0,66,1,286,0
4,-1,158,1,286,0
5,1,85,1,286,0
6,2,96,1,286,0
-7,-1,211,1,286,0
1,7,213,1,286,0
0,6,224,1,286,0
3,-8,231,1,286,0
-1,4,238,1,286,0
6,-7,243,1,286,0
-4,-2,248,1,286,0
2,-5,251,1,286,0
-4,7,254,1,286,0
-3,6,265,1,286,0
1,-2,271,1,286,0
-2,5,272,1,286,0
5,-4,283,1,286,0
-4,8,14,1,286,0
-7,1,286,1,286,0
8,5,31,1,286,0
7,4,43,1,286,0
7,-1,44,1,286,0
4,-2,205,1,286,0
4,1,72,1,286,0
6,3,104,1,286,0
5,2,111,1,286,0
3,0,167,1,286,0
-2,6,201,1,286,0
1,8,207,1,286,0
0,7,221,1,286,0
-1,5,231,1,286,0
2,-6,245,1,286,0
-4,-3,247,1,286,0
-3,7,258,1,286,0
1,-3,265,1,286,0
8,-4,278,1,286,0
5,-5,281,1,286,0
-5,0,269,1,287,0
-6,1,283,1,287,0
8,6,27,1,287,0
7,5,35,1,287,0
7,-2,39,1,287,0
4,-3,203,1,287,0
5,3,105,1,287,0
5,-6,108,1,287,0
4,2,118,1,287,0
-3,-1,173,1,287,0
-1,-5,189,1,287,0
-1,6,222,1,287,0
0,8,226,1,287,0
2,-7,238,1,287,0
-2,7,243,1,287,0
-3,8,246,1,287,0
1,-4,258,1,287,0
8,-5,276,1,287,0
2,0,277,1,287,0
0,-1,278,1,287,0
3,1,286,1,287,0
-4,0,268,1,287,0
-5,1,276,1,287,0
7,6,26,1,287,0
5,4,35,1,287,0
4,3,44,1,287,0
8,-6,45,1,287,0
3,-1,151,1,287,0
8,7,98,1,287,0
3,2,119,1,287,0
6,5,125,1,287,0
0,-2,179,1,287,0
-1,-6,192,1,287,0
1,-5,201,1,287,0
-6,-1,218,1,287,0
2,-8,229,1,287,0
-1,7,233,1,287,0
5,-7,237,1,287,0
-2,8,244,1,287,0
-3,-2,256,1,287,0
2,1,283,1,287,0
7,-3,286,1,287,0
1,0,286,1,287,0
4,-4,286,1,287,0
8,8,12,1,287,0
6,-1,169,1,287,0
7,7,106,1,287,0
6,6,124,1,287,0
5,5,133,1,287,0
4,4,142,1,287,0
3,-2,212,1,287,0
3,3,151,1,287,0
2,2,159,1,287,0
-5,2,159,1,287,0
-3,0,261,1,287,0
-3,-3,169,1,287,0
0,-3,186,1,287,0
1,-6,206,1,287,0
-1,8,237,1,287,0
4,-5,242,1,287,0
8,-7,257,1,287,0
-4,1,264,1,287,0
7,-4,285,1,287,0
0,0,285,1,287,0
1,1,286,1,287,0
7,8,13,1,287,0
6,7,109,1,287,0
4,-6,111,1,287,0
4,5,118,1,287,0
3,4,128,1,287,0
3,-3,129,1,287,0
2,3,136,1,287,0
-3,1,149,1,287,0
-4,2,158,1,287,0
-2,0,254,1,287,0
1,2,169,1,287,0
6,-2,175,1,287,0
-5,3,175,1,287,0
-3,-4,175,1,287,0
0,-4,193,1,287,0
1,-7,209,1,287,0
0,1,257,1,287,0
-2,-1,263,1,287,0
7,-5,273,1,287,0
5,6,285,1,287,0
7,9,5,1,287,0
8,0,28,1,287,0
-4,3,37,1,287,0
6,-3,182,1,287,0
6,8,89,1,287,0
2,4,107,1,287,0
1,3,114,1,287,0
3,5,119,1,287,0
-5,4,179,1,287,0
2,-1,219,1,287,0
-5,-1,223,1,287,0
4,-7,225,1,287,0
3,-4,234,1,287,0
0,2,249,1,287,0
-3,2,253,1,287,0
-2,-2,258,1,287,0
-2,1,259,1,287,0
7,-6,265,1,287,0
-1,0,271,1,287,0
5,7,284,1,287,0
4,6,286,1,287,0
5,-1,166,1,287,0
8,1,61,1,287,0
7,0,71,1,287,0
0,3,179,1,287,0
-4,4,182,1,287,0
6,-4,189,1,287,0
1,4,185,1,287,0
0,-6,199,1,287,0
-8,-1,205,1,287,0
2,-2,216,1,287,0
-5,-2,225,1,287,0
4,-8,229,1,287,0
2,5,232,1,287,0
3,-5,236,1,287,0
3,6,244,1,287,0
-3,3,246,1,287,0
4,7,254,1,287,0
-2,2,256,1,287,0
5,8,257,1,287,0
7,-7,263,1,287,0
-1,1,267,1,287,0
9,3,1,1,287,0
8,-1,36,1,287,0
8,2,58,1,287,0
7,1,66,1,287,0
3,7,69,1,287,0
4,8,71,1,287,0
6,0,79,1,287,0
7,-8,87,1,287,0
3,-6,112,1,287,0
-2,-4,177,1,287,0
-4,5,189,1,287,0
0,4,207,1,287,0
2,-3,222,1,287,0
1,5,229,1,287,0
2,6,237,1,287,0
-3,4,239,1,287,0
-5,-3,239,1,287,0
-1,2,246,1,287,0
-1,-1,269,1,287,0
6,-5,274,1,287,0
-2,3,282,1,287,0
-9,1,3,1,287,0
-5,7,4,1,287,0
8,-2,34,1,287,0
8,3,47,1,287,0
7,2,53,1,287,0
5,-3,197,1,287,0
2,7,59,1,287,0
3,8,66,1,287,0
6,1,89,1,287,0
-1,-2,101,1,287,0
-4,-1,179,1,287,0
-2,-5,184,1,287,0
1,6,198,1,287,0
1,-1,225,1,287,0
0,5,215,1,287,0
3,-7,232,1,287,0
2,-4,252,1,287,0
-3,5,268,1,287,0
6,-6,272,1,287,0
-2,4,279,1,287,0
-1,3,286,1,287,0
-8,1,9,1,287,0
8,4,11,1,287,0
8,-3,23,1,287,0
7,3,51,1,287,0
2,8,62,1,287,0
4,0,66,1,287,0
4,-1,158,1,287,0
5,1,85,1,287,0
6,2,96,1,287,0
-7,-1,211,1,287,0
1,7,213,1,287,0
0,6,224,1,287,0
3,-8,231,1,287,0
-1,4,238,1,287,0
6,-7,243,1,287,0
-4,-2,248,1,287,0
2,-5,251,1,287,0
-4,7,254,1,287,0
-3,6,265,1,287,0
1,-2,271,1,287,0
-2,5,272,1,287,0
5,-4,283,1,287,0
-4,8,14,1,287,0
-7,1,287,1,287,0
8,5,31,1,287,0
7,4,43,1,287,0
7,-1,44,1,287,0
4,-2,205,1,287,0
4,1,72,1,287,0
6,3,104,1,287,0
5,2,111,1,287,0
3,0,167,1,287,0
-2,6,201,1,287,0
1,8,207,1,287,0
0,7,221,1,287,0
-1,5,231,1,287,0
2,-6,245,1,287,0
-4,-3,247,1,287,0
-3,7,258,1,287,0
1,-3,265,1,287,0
8,-4,278,1,287,0
5,-5,281,1,287,0
-5,0,269,1,288,0
-6,1,283,1,288,0
8,6,27,1,288,0
7,5,35,1,288,0
7,-2,39,1,288,0
4,-3,203,1,288,0
5,3,105,1,288,0
5,-6,108,1,288,0
4,2,118,1,288,0
-3,-1,173,1,288,0
-1,-5,189,1,288,0
-1,6,222,1,288,0
0,8,226,1,288,0
2,-7,238,1,288,0
-2,7,243,1,288,0
-3,8,246,1,288,0
1,-4,258,1,288,0
8,-5,276,1,288,0
2,0,277,1,288,0
0,-1,278,1,288,0
3,1,286,1,288,0
-4,0,268,1,288,0
-5,1,276,1,288,0
7,6,26,1,288,0
5,4,35,1,288,0
4,3,44,1,288,0
8,-6,45,1,288,0
3,-1,151,1,288,0
8,7,98,1,288,0
3,2,119,1,288,0
6,5,125,1,288,0
0,-2,179,1,288,0
-1,-6,192,1,288,0
1,-5,201,1,288,0
-6,-1,218,1,288,0
2,-8,229,1,288,0
-1,7,233,1,288,0
5,-7,237,1,288,0
-2,8,244,1,288,0
-3,-2,256,1,288,0
2,1,283,1,288,0
7,-3,287,1,288,0
1,0,287,1,288,0
4,-4,287,1,288,0
8,8,12,1,288,0
6,-1,169,1,288,0
7,7,106,1,288,0
6,6,124,1,288,0
5,5,133,1,288,0
4,4,142,1,288,0
3,-2,212,1,288,0
3,3,151,1,288,0
2,2,159,1,288,0
-5,2,159,1,288,0
-3,0,261,1,288,0
-3,-3,169,1,288,0
0,-3,186,1,288,0
1,-6,206,1,288,0
-1,8,237,1,288,0
4,-5,242,1,288,0
8,-7,257,1,288,0
-4,1,264,1,288,0
7,-4,285,1,288,0
0,0,285,1,288,0
1,1,287,1,288,0
7,8,13,1,288,0
6,7,109,1,288,0
4,-6,111,1,288,0
4,5,118,1,288,0
3,4,128,1,288,0
3,-3,129,1,288,0
2,3,136,1,288,0
-3,1,149,1,288,0
-4,2,158,1,288,0
-2,0,254,1,288,0
1,2,169,1,288,0
6,-2,175,1,288,0
-5,3,175,1,288,0
-3,-4,175,1,288,0
0,-4,193,1,288,0
1,-7,209,1,288,0
0,1,257,1,288,0
-2,-1,263,1,288,0
7,-5,273,1,288,0
5,6,285,1,288,0
7,9,5,1,288,0
8,0,28,1,288,0
-4,3,37,1,288,0
6,-3,182,1,288,0
6,8,89,1,288,0
2,4,107,1,288,0
1,3,114,1,288,0
3,5,119,1,288,0
-5,4,179,1,288,0
2,-1,219,1,288,0
-5,-1,223,1,288,0
4,-7,225,1,288,0
3,-4,234,1,288,0
0,2,249,1,288,0
-3,2,253,1,288,0
-2,-2,258,1,288,0
-2,1,259,1,288,0
7,-6,265,1,288,0
-1,0,271,1,288,0
5,7,284,1,288,0
4,6,287,1,288,0
5,-1,166,1,288,0
8,1,61,1,288,0
7,0,71,1,288,0
0,3,179,1,288,0
-4,4,182,1,288,0
6,-4,189,1,288,0
1,4,185,1,288,0
0,-6,199,1,288,0
-8,-1,205,1,288,0
2,-2,216,1,288,0
-5,-2,225,1,288,0
4,-8,229,1,288,0
2,5,232,1,288,0
3,-5,236,1,288,0
3,6,244,1,288,0
-3,3,246,1,288,0
4,7,254,1,288,0
-2,2,256,1,288,0
5,8,257,1,288,0
7,-7,263,1,288,0
-1,1,267,1,288,0
9,3,1,1,288,0
8,-1,36,1,288,0
8,2,58,1,288,0
7,1,66,1,288,0
3,7,69,1,288,0
4,8,71,1,288,0
6,0,79,1,288,0
7,-8,87,1,288,0
3,-6,112,1,288,0
-2,-4,177,1,288,0
-4,5,189,1,288,0
0,4,207,1,288,0
2,-3,222,1,288,0
1,5,229,1,288,0
2,6,237,1,288,0
-3,4,239,1,288,0
-5,-3,239,1,288,0
-1,-1,269,1,288,0
6,-5,274,1,288,0
-2,3,282,1,288,0
-1,2,287,1,288,0
-9,1,3,1,288,0
-5,7,4,1,288,0
8,-2,34,1,288,0
8,3,47,1,288,0
7,2,53,1,288,0
5,-3,197,1,288,0
2,7,59,1,288,0
3,8,66,1,288,0
6,1,89,1,288,0
-1,-2,101,1,288,0
-4,-1,179,1,288,0
-2,-5,184,1,288,0
1,6,198,1,288,0
1,-1,225,1,288,0
0,5,215,1,288,0
3,-7,232,1,288,0
2,-4,252,1,288,0
-3,5,268,1,288,0
6,-6,272,1,288,0
-2,4,279,1,288,0
-1,3,286,1,288,0
-8,1,9,1,288,0
8,4,11,1,288,0
8,-3,23,1,288,0
7,3,51,1,288,0
2,8,62,1,288,0
4,0,66,1,288,0
4,-1,158,1,288,0
5,1,85,1,288,0
6,2,96,1,288,0
-7,-1,211,1,288,0
1,7,213,1,288,0
0,6,224,1,288,0
3,-8,231,1,288,0
-1,4,238,1,288,0
6,-7,243,1,288,0
-4,-2,248,1,288,0
2,-5,251,1,288,0
-4,7,254,1,288,0
-3,6,265,1,288,0
1,-2,271,1,288,0
-2,5,272,1,288,0
5,-4,283,1,288,0
-4,8,14,1,288,0
-7,1,288,1,288,0
8,5,31,1,288,0
7,4,43,1,288,0
7,-1,44,1,288,0
4,-2,205,1,288,0
4,1,72,1,288,0
6,3,104,1,288,0
5,2,111,1,288,0
3,0,167,1,288,0
-2,6,201,1,288,0
1,8,207,1,288,0
0,7,221,1,288,0
-1,5,231,1,288,0
2,-6,245,1,288,0
-4,-3,247,1,288,0
-3,7,258,1,288,0
1,-3,265,1,288,0
8,-4,278,1,288,0
5,-5,281,1,288,0
-5,0,269,1,289,0
-6,1,283,1,289,0
8,6,27,1,289,0
7,5,35,1,289,0
7,-2,39,1,289,0
4,-3,203,1,289,0
5,3,105,1,289,0
5,-6,108,1,289,0
4,2,118,1,289,0
-3,-1,173,1,289,0
-1,-5,189,1,289,0
-1,6,222,1,289,0
0,8,226,1,289,0
2,-7,238,1,289,0
-2,7,243,1,289,0
-3,8,246,1,289,0
1,-4,258,1,289,0
8,-5,276,1,289,0
2,0,277,1,289,0
0,-1,278,1,289,0
3,1,287,1,289,0
-4,0,268,1,289,0
-5,1,276,1,289,0
7,6,26,1,289,0
5,4,35,1,289,0
4,3,44,1,289,0
8,-6,45,1,289,0
3,-1,151,1,289,0
8,7,98,1,289,0
3,2,119,1,289,0
6,5,125,1,289,0
0,-2,179,1,289,0
-1,-6,192,1,289,0
1,-5,201,1,289,0
-6,-1,218,1,289,0
2,-8,229,1,289,0
-1,7,233,1,289,0
5,-7,237,1,289,0
-2,8,244,1,289,0
-3,-2,256,1,289,0
2,1,283,1,289,0
7,-3,288,1,289,0
1,0,288,1,289,0
4,-4,288,1,289,0
8,8,12,1,289,0
6,-1,169,1,289,0
7,7,106,1,289,0
6,6,124,1,289,0
5,5,133,1,289,0
4,4,142,1,289,0
3,-2,212,1,289,0
3,3,151,1,289,0
2,2,159,1,289,0
-5,2,159,1,289,0
-3,0,261,1,289,0
-3,-3,169,1,289,0
0,-3,186,1,289,0
1,-6,206,1,289,0
-1,8,237,1,289,0
4,-5,242,1,289,0
8,-7,257,1,289,0
-4,1,264,1,289,0
7,-4,285,1,289,0
0,0,285,1,289,0
1,1,288,1,289,0
7,8,13,1,289,0
6,7,109,1,289,0
4,-6,111,1,289,0
4,5,118,1,289,0
3,4,128,1,289,0
3,-3,129,1,289,0
2,3,136,1,289,0
-3,1,149,1,289,0
-4,2,158,1,289,0
-2,0,254,1,289,0
1,2,169,1,289,0
6,-2,175,1,289,0
-5,3,175,1,289,0
-3,-4,175,1,289,0
0,-4,193,1,289,0
1,-7,209,1,289,0
0,1,257,1,289,0
-2,-1,263,1,289,0
7,-5,273,1,289,0
5,6,285,1,289,0
7,9,5,1,289,0
8,0,28,1,289,0
-4,3,37,1,289,0
6,-3,182,1,289,0
6,8,89,1,289,0
2,4,107,1,289,0
1,3,114,1,289,0
3,5,119,1,289,0
-5,4,179,1,289,0
2,-1,219,1,289,0
-5,-1,223,1,289,0
4,-7,225,1,289,0
3,-4,234,1,289,0
0,2,249,1,289,0
-3,2,253,1,289,0
-2,-2,258,1,289,0
-2,1,259,1,289,0
7,-6,265,1,289,0
-1,0,271,1,289,0
5,7,284,1,289,0
4,6,288,1,289,0
5,-1,166,1,289,0
8,1,61,1,289,0
7,0,71,1,289,0
0,3,179,1,289,0
-4,4,182,1,289,0
6,-4,189,1,289,0
1,4,185,1,289,0
0,-6,199,1,289,0
-8,-1,205,1,289,0
2,-2,216,1,289,0
-5,-2,225,1,289,0
4,-8,229,1,289,0
2,5,232,1,289,0
3,-5,236,1,289,0
3,6,244,1,289,0
-3,3,246,1,289,0
4,7,254,1,289,0
-2,2,256,1,289,0
5,8,257,1,289,0
7,-7,263,1,289,0
-1,1,267,1,289,0
9,3,1,1,289,0
8,-1,36,1,289,0
8,2,58,1,289,0
7,1,66,1,289,0
3,7,69,1,289,0
4,8,71,1,289,0
6,0,79,1,289,0
7,-8,87,1,289,0
3,-6,112,1,289,0
-2,-4,177,1,289,0
-4,5,189,1,289,0
0,4,207,1,289,0
2,-3,222,1,289,0
1,5,229,1,289,0
2,6,237,1,289,0
-3,4,239,1,289,0
-5,-3,239,1,289,0
-1,-1,269,1,289,0
6,-5,274,1,289,0
-2,3,282,1,289,0
-1,2,288,1,289,0
-9,1,3,1,289,0
-5,7,4,1,289,0
8,-2,34,1,289,0
8,3,47,1,289,0
7,2,53,1,289,0
5,-3,197,1,289,0
2,7,59,1,289,0
3,8,66,1,289,0
6,1,89,1,289,0
-1,-2,101,1,289,0
-4,-1,179,1,289,0
-2,-5,184,1,289,0
1,6,198,1,289,0
1,-1,225,1,289,0
0,5,215,1,289,0
3,-7,232,1,289,0
2,-4,252,1,289,0
-3,5,268,1,289,0
6,-6,272,1,289,0
-2,4,279,1,289,0
-1,3,286,1,289,0
-8,1,9,1,289,0
8,4,11,1,289,0
8,-3,23,1,289,0
7,3,51,1,289,0
2,8,62,1,289,0
4,0,66,1,289,0
4,-1,158,1,289,0
5,1,85,1,289,0
6,2,96,1,289,0
-7,-1,211,1,289,0
1,7,213,1,289,0
0,6,224,1,289,0
3,-8,231,1,289,0
-1,4,238,1,289,0
6,-7,243,1,289,0
-4,-2,248,1,289,0
2,-5,251,1,289,0
-4,7,254,1,289,0
-3,6,265,1,289,0
1,-2,271,1,289,0
-2,5,272,1,289,0
5,-4,283,1,289,0
-4,8,14,1,289,0
-7,1,289,1,289,0
8,5,31,1,289,0
7,4,43,1,289,0
7,-1,44,1,289,0
4,-2,205,1,289,0
4,1,72,1,289,0
6,3,104,1,289,0
5,2,111,1,289,0
3,0,167,1,289,0
-2,6,201,1,289,0
1,8,207,1,289,0
0,7,221,1,289,0
-1,5,231,1,289,0
2,-6,245,1,289,0
-4,-3,247,1,289,0
-3,7,258,1,289,0
1,-3,265,1,289,0
8,-4,278,1,289,0
5,-5,281,1,289,0
-5,0,269,1,290,0
-6,1,283,1,290,0
8,6,27,1,290,0
7,5,35,1,290,0
7,-2,39,1,290,0
4,-3,203,1,290,0
5,3,105,1,290,0
5,-6,108,1,290,0
4,2,118,1,290,0
-3,-1,173,1,290,0
-1,-5,189,1,290,0
-1,6,222,1,290,0
0,8,226,1,290,0
2,-7,238,1,290,0
-2,7,243,1,290,0
-3,8,246,1,290,0
1,-4,258,1,290,0
8,-5,276,1,290,0
2,0,277,1,290,0
0,-1,278,1,290,0
3,1,289,1,290,0
-4,0,268,1,290,0
-5,1,276,1,290,0
7,6,26,1,290,0
5,4,35,1,290,0
4,3,44,1,290,0
8,-6,45,1,290,0
3,-1,151,1,290,0
8,7,98,1,290,0
3,2,119,1,290,0
6,5,125,1,290,0
0,-2,179,1,290,0
-1,-6,192,1,290,0
1,-5,201,1,290,0
-6,-1,218,1,290,0
2,-8,229,1,290,0
-1,7,233,1,290,0
5,-7,237,1,290,0
-2,8,244,1,290,0
-3,-2,256,1,290,0
2,1,289,1,290,0
1,0,289,1,290,0
7,-3,289,1,290,0
4,-4,289,1,290,0
8,8,12,1,290,0
6,-1,169,1,290,0
7,7,106,1,290,0
6,6,124,1,290,0
5,5,133,1,290,0
4,4,142,1,290,0
3,-2,212,1,290,0
3,3,151,1,290,0
2,2,159,1,290,0
-5,2,159,1,290,0
-3,0,261,1,290,0
-3,-3,169,1,290,0
0,-3,186,1,290,0
1,-6,206,1,290,0
-1,8,237,1,290,0
4,-5,242,1,290,0
8,-7,257,1,290,0
-4,1,264,1,290,0
7,-4,285,1,290,0
0,0,285,1,290,0
1,1,288,1,290,0
7,8,13,1,290,0
6,7,109,1,290,0
4,-6,111,1,290,0
4,5,118,1,290,0
3,4,128,1,290,0
3,-3,129,1,290,0
2,3,136,1,290,0
-3,1,149,1,290,0
-4,2,158,1,290,0
-2,0,254,1,290,0
1,2,169,1,290,0
6,-2,175,1,290,0
-5,3,175,1,290,0
-3,-4,175,1,290,0
0,-4,193,1,290,0
1,-7,209,1,290,0
0,1,257,1,290,0
-2,-1,263,1,290,0
7,-5,273,1,290,0
5,6,285,1,290,0
7,9,5,1,290,0
8,0,28,1,290,0
-4,3,37,1,290,0
6,-3,182,1,290,0
6,8,89,1,290,0
2,4,107,1,290,0
1,3,114,1,290,0
3,5,119,1,290,0
-5,4,179,1,290,0
2,-1,219,1,290,0
-5,-1,223,1,290,0
4,-7,225,1,290,0
3,-4,234,1,290,0
0,2,249,1,290,0
-3,2,253,1,290,0
-2,-2,258,1,290,0
-2,1,259,1,290,0
7,-6,265,1,290,0
-1,0,271,1,290,0
5,7,284,1,290,0
4,6,289,1,290,0
5,-1,166,1,290,0
8,1,61,1,290,0
7,0,71,1,290,0
0,3,179,1,290,0
-4,4,182,1,290,0
6,-4,189,1,290,0
1,4,185,1,290,0
0,-6,199,1,290,0
-8,-1,205,1,290,0
2,-2,216,1,290,0
-5,-2,225,1,290,0
4,-8,229,1,290,0
2,5,232,1,290,0
3,-5,236,1,290,0
3,6,244,1,290,0
-3,3,246,1,290,0
4,7,254,1,290,0
-2,2,256,1,290,0
5,8,257,1,290,0
7,-7,263,1,290,0
-1,1,267,1,290,0
9,3,1,1,290,0
8,-1,36,1,290,0
8,2,58,1,290,0
7,1,66,1,290,0
3,7,69,1,290,0
4,8,71,1,290,0
6,0,79,1,290,0
7,-8,87,1,290,0
3,-6,112,1,290,0
-2,-4,177,1,290,0
-4,5,189,1,290,0
0,4,207,1,290,0
2,-3,222,1,290,0
1,5,229,1,290,0
2,6,237,1,290,0
-3,4,239,1,290,0
-5,-3,239,1,290,0
-1,-1,269,1,290,0
6,-5,274,1,290,0
-2,3,282,1,290,0
-1,2,289,1,290,0
-9,1,3,1,290,0
-5,7,4,1,290,0
8,-2,34,1,290,0
8,3,47,1,290,0
7,2,53,1,290,0
5,-3,197,1,290,0
2,7,59,1,290,0
3,8,66,1,290,0
6,1,89,1,290,0
-1,-2,101,1,290,0
-4,-1,179,1,290,0
-2,-5,184,1,290,0
1,6,198,1,290,0
0,5,215,1,290,0
3,-7,232,1,290,0
2,-4,252,1,290,0
-3,5,268,1,290,0
6,-6,272,1,290,0
-2,4,279,1,290,0
-1,3,286,1,290,0
1,-1,289,1,290,0
-8,1,9,1,290,0
8,4,11,1,290,0
8,-3,23,1,290,0
7,3,51,1,290,0
2,8,62,1,290,0
4,0,66,1,290,0
4,-1,158,1,290,0
5,1,85,1,290,0
6,2,96,1,290,0
-7,-1,211,1,290,0
1,7,213,1,290,0
0,6,224,1,290,0
3,-8,231,1,290,0
-1,4,238,1,290,0
6,-7,243,1,290,0
-4,-2,248,1,290,0
2,-5,251,1,290,0
-4,7,254,1,290,0
-3,6,265,1,290,0
1,-2,271,1,290,0
-2,5,272,1,290,0
5,-4,283,1,290,0
-4,8,14,1,290,0
-7,1,289,1,290,0
8,5,31,1,290,0
7,4,43,1,290,0
7,-1,44,1,290,0
4,-2,205,1,290,0
4,1,72,1,290,0
6,3,104,1,290,0
5,2,111,1,290,0
3,0,167,1,290,0
-2,6,201,1,290,0
1,8,207,1,290,0
0,7,221,1,290,0
-1,5,231,1,290,0
2,-6,245,1,290,0
-4,-3,247,1,290,0
-3,7,258,1,290,0
1,-3,265,1,290,0
8,-4,278,1,290,0
5,-5,281,1,290,0
-5,0,269,1,291,0
-6,1,283,1,291,0
8,6,27,1,291,0
7,5,35,1,291,0
7,-2,39,1,291,0
4,-3,203,1,291,0
5,3,105,1,291,0
5,-6,108,1,291,0
4,2,118,1,291,0
-3,-1,173,1,291,0
-1,-5,189,1,291,0
-1,6,222,1,291,0
0,8,226,1,291,0
2,-7,238,1,291,0
-2,7,243,1,291,0
-3,8,246,1,291,0
1,-4,258,1,291,0
8,-5,276,1,291,0
2,0,277,1,291,0
0,-1,278,1,291,0
3,1,289,1,291,0
-4,0,268,1,291,0
-5,1,276,1,291,0
7,6,26,1,291,0
5,4,35,1,291,0
4,3,44,1,291,0
8,-6,45,1,291,0
3,-1,151,1,291,0
8,7,98,1,291,0
3,2,119,1,291,0
6,5,125,1,291,0
0,-2,179,1,291,0
-1,-6,192,1,291,0
1,-5,201,1,291,0
-6,-1,218,1,291,0
2,-8,229,1,291,0
-1,7,233,1,291,0
5,-7,237,1,291,0
-2,8,244,1,291,0
-3,-2,256,1,291,0
2,1,289,1,291,0
1,0,289,1,291,0
7,-3,289,1,291,0
4,-4,289,1,291,0
8,8,12,1,291,0
6,-1,169,1,291,0
7,7,106,1,291,0
6,6,124,1,291,0
5,5,133,1,291,0
4,4,142,1,291,0
3,-2,212,1,291,0
3,3,151,1,291,0
2,2,159,1,291,0
-5,2,159,1,291,0
-3,0,261,1,291,0
-3,-3,169,1,291,0
0,-3,186,1,291,0
1,-6,206,1,291,0
-1,8,237,1,291,0
4,-5,242,1,291,0
8,-7,257,1,291,0
-4,1,264,1,291,0
7,-4,285,1,291,0
0,0,285,1,291,0
1,1,288,1,291,0
7,8,13,1,291,0
6,7,109,1,291,0
4,-6,111,1,291,0
4,5,118,1,291,0
3,4,128,1,291,0
3,-3,129,1,291,0
2,3,136,1,291,0
-3,1,149,1,291,0
-4,2,158,1,291,0
-2,0,254,1,291,0
1,2,169,1,291,0
6,-2,175,1,291,0
-5,3,175,1,291,0
-3,-4,175,1,291,0
0,-4,193,1,291,0
1,-7,209,1,291,0
0,1,257,1,291,0
-2,-1,263,1,291,0
7,-5,273,1,291,0
5,6,285,1,291,0
7,9,5,1,291,0
8,0,28,1,291,0
-4,3,37,1,291,0
6,-3,182,1,291,0
6,8,89,1,291,0
2,4,107,1,291,0
1,3,114,1,291,0
3,5,119,1,291,0
-5,4,179,1,291,0
2,-1,219,1,291,0
-5,-1,223,1,291,0
4,-7,225,1,291,0
3,-4,234,1,291,0
0,2,249,1,291,0
-3,2,253,1,291,0
-2,-2,258,1,291,0
-2,1,259,1,291,0
7,-6,265,1,291,0
-1,0,271,1,291,0
5,7,284,1,291,0
4,6,289,1,291,0
5,-1,166,1,291,0
8,1,61,1,291,0
7,0,71,1,291,0
0,3,179,1,291,0
-4,4,182,1,291,0
6,-4,189,1,291,0
1,4,185,1,291,0
0,-6,199,1,291,0
-8,-1,205,1,291,0
2,-2,216,1,291,0
-5,-2,225,1,291,0
4,-8,229,1,291,0
2,5,232,1,291,0
3,-5,236,1,291,0
3,6,244,1,291,0
-3,3,246,1,291,0
4,7,254,1,291,0
-2,2,256,1,291,0
5,8,257,1,291,0
7,-7,263,1,291,0
-1,1,267,1,291,0
9,3,1,1,291,0
8,-1,36,1,291,0
8,2,58,1,291,0
7,1,66,1,291,0
3,7,69,1,291,0
4,8,71,1,291,0
6,0,79,1,291,0
7,-8,87,1,291,0
3,-6,112,1,291,0
-2,-4,177,1,291,0
-4,5,189,1,291,0
0,4,207,1,291,0
2,-3,222,1,291,0
1,5,229,1,291,0
2,6,237,1,291,0
-3,4,239,1,291,0
-5,-3,239,1,291,0
-1,-1,269,1,291,0
6,-5,274,1,291,0
-2,3,282,1,291,0
-1,2,289,1,291,0
-9,1,3,1,291,0
-5,7,4,1,291,0
8,-2,34,1,291,0
8,3,47,1,291,0
7,2,53,1,291,0
5,-3,197,1,291,0
2,7,59,1,291,0
3,8,66,1,291,0
6,1,89,1,291,0
-1,-2,101,1,291,0
-4,-1,179,1,291,0
-2,-5,184,1,291,0
1,6,198,1,291,0
0,5,215,1,291,0
3,-7,232,1,291,0
2,-4,252,1,291,0
-3,5,268,1,291,0
6,-6,272,1,291,0
-2,4,279,1,291,0
-1,3,286,1,291,0
1,-1,289,1,291,0
-8,1,291,1,291,0
8,4,11,1,291,0
8,-3,23,1,291,0
7,3,51,1,291,0
2,8,62,1,291,0
4,0,66,1,291,0
4,-1,158,1,291,0
5,1,85,1,291,0
6,2,96,1,291,0
-7,-1,211,1,291,0
1,7,213,1,291,0
0,6,224,1,291,0
3,-8,231,1,291,0
-1,4,238,1,291,0
6,-7,243,1,291,0
-4,-2,248,1,291,0
2,-5,251,1,291,0
-4,7,254,1,291,0
-3,6,265,1,291,0
1,-2,271,1,291,0
-2,5,272,1,291,0
5,-4,283,1,291,0
-4,8,14,1,291,0
-7,1,289,1,291,0
8,5,31,1,291,0
7,4,43,1,291,0
7,-1,44,1,291,0
4,-2,205,1,291,0
4,1,72,1,291,0
6,3,104,1,291,0
5,2,111,1,291,0
3,0,167,1,291,0
-2,6,201,1,291,0
1,8,207,1,291,0
0,7,221,1,291,0
-1,5,231,1,291,0
2,-6,245,1,291,0
-4,-3,247,1,291,0
-3,7,258,1,291,0
1,-3,265,1,291,0
8,-4,278,1,291,0
5,-5,281,1,291,0
-5,0,269,1,292,0
-6,1,283,1,292,0
8,6,27,1,292,0
7,5,35,1,292,0
7,-2,39,1,292,0
5,3,105,1,292,0
5,-6,108,1,292,0
4,2,118,1,292,0
-3,-1,173,1,292,0
-1,-5,189,1,292,0
-1,6,222,1,292,0
0,8,226,1,292,0
2,-7,238,1,292,0
-2,7,243,1,292,0
-3,8,246,1,292,0
1,-4,258,1,292,0
8,-5,276,1,292,0
2,0,277,1,292,0
0,-1,278,1,292,0
3,1,289,1,292,0
4,-3,291,1,292,0
-4,0,268,1,292,0
-5,1,276,1,292,0
7,6,26,1,292,0
5,4,35,1,292,0
4,3,44,1,292,0
8,-6,45,1,292,0
3,-1,151,1,292,0
8,7,98,1,292,0
3,2,119,1,292,0
6,5,125,1,292,0
0,-2,179,1,292,0
-1,-6,192,1,292,0
1,-5,201,1,292,0
-6,-1,218,1,292,0
2,-8,229,1,292,0
-1,7,233,1,292,0
5,-7,237,1,292,0
-2,8,244,1,292,0
-3,-2,256,1,292,0
2,1,289,1,292,0
1,0,289,1,292,0
4,-4,289,1,292,0
7,-3,291,1,292,0
8,8,12,1,292,0
6,-1,169,1,292,0
7,7,106,1,292,0
6,6,124,1,292,0
5,5,133,1,292,0
4,4,142,1,292,0
3,-2,212,1,292,0
3,3,151,1,292,0
-5,2,159,1,292,0
-3,0,261,1,292,0
-3,-3,169,1,292,0
0,-3,186,1,292,0
1,-6,206,1,292,0
-1,8,237,1,292,0
4,-5,242,1,292,0
8,-7,257,1,292,0
-4,1,264,1,292,0
7,-4,285,1,292,0
0,0,285,1,292,0
1,1,288,1,292,0
2,2,291,1,292,0
7,8,13,1,292,0
6,7,109,1,292,0
4,-6,111,1,292,0
4,5,118,1,292,0
3,4,128,1,292,0
3,-3,129,1,292,0
2,3,136,1,292,0
-3,1,149,1,292,0
-4,2,158,1,292,0
-2,0,254,1,292,0
1,2,169,1,292,0
6,-2,175,1,292,0
-5,3,175,1,292,0
-3,-4,175,1,292,0
0,-4,193,1,292,0
1,-7,209,1,292,0
0,1,257,1,292,0
-2,-1,263,1,292,0
7,-5,273,1,292,0
5,6,285,1,292,0
7,9,5,1,292,0
8,0,28,1,292,0
-4,3,37,1,292,0
6,-3,182,1,292,0
6,8,89,1,292,0
2,4,107,1,292,0
1,3,114,1,292,0
3,5,119,1,292,0
-5,4,179,1,292,0
2,-1,219,1,292,0
-5,-1,223,1,292,0
4,-7,225,1,292,0
3,-4,234,1,292,0
0,2,249,1,292,0
-3,2,253,1,292,0
-2,-2,258,1,292,0
-2,1,259,1,292,0
7,-6,265,1,292,0
-1,0,271,1,292,0
5,7,284,1,292,0
4,6,291,1,292,0
5,-1,166,1,292,0
8,1,61,1,292,0
7,0,71,1,292,0
0,3,179,1,292,0
-4,4,182,1,292,0
6,-4,189,1,292,0
1,4,185,1,292,0
0,-6,199,1,292,0
-8,-1,205,1,292,0
2,-2,216,1,292,0
-5,-2,225,1,292,0
4,-8,229,1,292,0
2,5,232,1,292,0
3,-5,236,1,292,0
3,6,244,1,292,0
-3,3,246,1,292,0
4,7,254,1,292,0
-2,2,256,1,292,0
5,8,257,1,292,0
7,-7,263,1,292,0
-1,1,267,1,292,0
9,3,1,1,292,0
8,-1,36,1,292,0
8,2,58,1,292,0
7,1,66,1,292,0
3,7,69,1,292,0
4,8,71,1,292,0
6,0,79,1,292,0
7,-8,87,1,292,0
3,-6,112,1,292,0
-2,-4,177,1,292,0
-4,5,189,1,292,0
0,4,207,1,292,0
2,-3,222,1,292,0
1,5,229,1,292,0
2,6,237,1,292,0
-3,4,239,1,292,0
-5,-3,239,1,292,0
-1,-1,269,1,292,0
6,-5,274,1,292,0
-2,3,282,1,292,0
-1,2,291,1,292,0
-9,1,3,1,292,0
-5,7,4,1,292,0
8,-2,34,1,292,0
8,3,47,1,292,0
7,2,53,1,292,0
5,-3,197,1,292,0
2,7,59,1,292,0
3,8,66,1,292,0
6,1,89,1,292,0
-1,-2,101,1,292,0
-4,-1,179,1,292,0
-2,-5,184,1,292,0
1,6,198,1,292,0
0,5,215,1,292,0
3,-7,232,1,292,0
2,-4,252,1,292,0
-3,5,268,1,292,0
6,-6,272,1,292,0
-2,4,279,1,292,0
-1,3,286,1,292,0
1,-1,291,1,292,0
-8,1,292,1,292,0
8,4,11,1,292,0
8,-3,23,1,292,0
7,3,51,1,292,0
2,8,62,1,292,0
4,0,66,1,292,0
4,-1,158,1,292,0
5,1,85,1,292,0
6,2,96,1,292,0
-7,-1,211,1,292,0
1,7,213,1,292,0
0,6,224,1,292,0
3,-8,231,1,292,0
-1,4,238,1,292,0
6,-7,243,1,292,0
-4,-2,248,1,292,0
2,-5,251,1,292,0
-4,7,254,1,292,0
-3,6,265,1,292,0
1,-2,271,1,292,0
-2,5,272,1,292,0
5,-4,283,1,292,0
-4,8,14,1,292,0
-7,1,289,1,292,0
8,5,31,1,292,0
7,4,43,1,292,0
7,-1,44,1,292,0
4,-2,205,1,292,0
6,3,104,1,292,0
5,2,111,1,292,0
3,0,167,1,292,0
-2,6,201,1,292,0
1,8,207,1,292,0
0,7,221,1,292,0
-1,5,231,1,292,0
2,-6,245,1,292,0
-4,-3,247,1,292,0
-3,7,258,1,292,0
1,-3,265,1,292,0
8,-4,278,1,292,0
5,-5,281,1,292,0
4,1,291,1,292,0
-5,0,269,1,293,0
-6,1,283,1,293,0
8,6,27,1,293,0
7,5,35,1,293,0
7,-2,39,1,293,0
5,3,105,1,293,0
5,-6,108,1,293,0
4,2,118,1,293,0
-3,-1,173,1,293,0
-1,-5,189,1,293,0
-1,6,222,1,293,0
0,8,226,1,293,0
2,-7,238,1,293,0
-2,7,243,1,293,0
-3,8,246,1,293,0
1,-4,258,1,293,0
8,-5,276,1,293,0
2,0,277,1,293,0
0,-1,278,1,293,0
3,1,289,1,293,0
4,-3,291,1,293,0
-4,0,268,1,293,0
-5,1,276,1,293,0
7,6,26,1,293,0
5,4,35,1,293,0
4,3,44,1,293,0
8,-6,45,1,293,0
3,-1,151,1,293,0
8,7,98,1,293,0
3,2,119,1,293,0
6,5,125,1,293,0
0,-2,179,1,293,0
-1,-6,192,1,293,0
1,-5,201,1,293,0
-6,-1,218,1,293,0
2,-8,229,1,293,0
-1,7,233,1,293,0
5,-7,237,1,293,0
-2,8,244,1,293,0
-3,-2,256,1,293,0
2,1,289,1,293,0
1,0,289,1,293,0
4,-4,289,1,293,0
7,-3,292,1,293,0
8,8,12,1,293,0
6,-1,169,1,293,0
7,7,106,1,293,0
6,6,124,1,293,0
5,5,133,1,293,0
4,4,142,1,293,0
3,-2,212,1,293,0
3,3,151,1,293,0
-5,2,159,1,293,0
-3,0,261,1,293,0
-3,-3,169,1,293,0
0,-3,186,1,293,0
1,-6,206,1,293,0
-1,8,237,1,293,0
4,-5,242,1,293,0
8,-7,257,1,293,0
-4,1,264,1,293,0
7,-4,285,1,293,0
0,0,285,1,293,0
1,1,288,1,293,0
2,2,292,1,293,0
7,8,13,1,293,0
6,7,109,1,293,0
4,-6,111,1,293,0
3,4,128,1,293,0
2,3,136,1,293,0
-3,1,149,1,293,0
-4,2,158,1,293,0
-2,0,254,1,293,0
1,2,169,1,293,0
6,-2,175,1,293,0
-5,3,175,1,293,0
-3,-4,175,1,293,0
0,-4,193,1,293,0
1,-7,209,1,293,0
0,1,257,1,293,0
-2,-1,263,1,293,0
7,-5,273,1,293,0
5,6,285,1,293,0
4,5,292,1,293,0
3,-3,292,1,293,0
7,9,5,1,293,0
8,0,28,1,293,0
-4,3,37,1,293,0
6,-3,182,1,293,0
6,8,89,1,293,0
2,4,107,1,293,0
1,3,114,1,293,0
3,5,119,1,293,0
-5,4,179,1,293,0
2,-1,219,1,293,0
-5,-1,223,1,293,0
4,-7,225,1,293,0
3,-4,234,1,293,0
0,2,249,1,293,0
-3,2,253,1,293,0
-2,-2,258,1,293,0
-2,1,259,1,293,0
7,-6,265,1,293,0
-1,0,271,1,293,0
5,7,284,1,293,0
4,6,291,1,293,0
5,-1,166,1,293,0
8,1,61,1,293,0
7,0,71,1,293,0
0,3,179,1,293,0
-4,4,182,1,293,0
6,-4,189,1,293,0
1,4,185,1,293,0
0,-6,199,1,293,0
-8,-1,205,1,293,0
2,-2,216,1,293,0
-5,-2,225,1,293,0
4,-8,229,1,293,0
2,5,232,1,293,0
3,-5,236,1,293,0
3,6,244,1,293,0
-3,3,246,1,293,0
4,7,254,1,293,0
-2,2,256,1,293,0
5,8,257,1,293,0
7,-7,263,1,293,0
-1,1,267,1,293,0
9,3,1,1,293,0
8,-1,36,1,293,0
8,2,58,1,293,0
7,1,66,1,293,0
3,7,69,1,293,0
4,8,71,1,293,0
6,0,79,1,293,0
7,-8,87,1,293,0
3,-6,112,1,293,0
-2,-4,177,1,293,0
-4,5,189,1,293,0
0,4,207,1,293,0
2,-3,222,1,293,0
1,5,229,1,293,0
2,6,237,1,293,0
-3,4,239,1,293,0
-5,-3,239,1,293,0
-1,-1,269,1,293,0
6,-5,274,1,293,0
-2,3,282,1,293,0
-1,2,292,1,293,0
-9,1,3,1,293,0
-5,7,4,1,293,0
8,-2,34,1,293,0
8,3,47,1,293,0
7,2,53,1,293,0
5,-3,197,1,293,0
2,7,59,1,293,0
3,8,66,1,293,0
6,1,89,1,293,0
-1,-2,101,1,293,0
-4,-1,179,1,293,0
-2,-5,184,1,293,0
1,6,198,1,293,0
0,5,215,1,293,0
3,-7,232,1,293,0
2,-4,252,1,293,0
-3,5,268,1,293,0
6,-6,272,1,293,0
-2,4,279,1,293,0
-1,3,286,1,293,0
1,-1,292,1,293,0
-8,1,293,1,293,0
8,4,11,1,293,0
8,-3,23,1,293,0
7,3,51,1,293,0
2,8,62,1,293,0
4,0,66,1,293,0
4,-1,158,1,293,0
5,1,85,1,293,0
6,2,96,1,293,0
-7,-1,211,1,293,0
1,7,213,1,293,0
0,6,224,1,293,0
3,-8,231,1,293,0
-1,4,238,1,293,0
6,-7,243,1,293,0
-4,-2,248,1,293,0
2,-5,251,1,293,0
-4,7,254,1,293,0
-3,6,265,1,293,0
1,-2,271,1,293,0
-2,5,272,1,293,0
5,-4,283,1,293,0
-4,8,14,1,293,0
-7,1,289,1,293,0
8,5,31,1,293,0
7,4,43,1,293,0
7,-1,44,1,293,0
4,-2,205,1,293,0
6,3,104,1,293,0
5,2,111,1,293,0
3,0,167,1,293,0
-2,6,201,1,293,0
1,8,207,1,293,0
0,7,221,1,293,0
-1,5,231,1,293,0
2,-6,245,1,293,0
-4,-3,247,1,293,0
-3,7,258,1,293,0
1,-3,265,1,293,0
8,-4,278,1,293,0
5,-5,281,1,293,0
4,1,292,1,293,0
-5,0,269,1,294,0
-6,1,283,1,294,0
8,6,27,1,294,0
7,5,35,1,294,0
7,-2,39,1,294,0
5,3,105,1,294,0
5,-6,108,1,294,0
4,2,118,1,294,0
-3,-1,173,1,294,0
-1,-5,189,1,294,0
-1,6,222,1,294,0
0,8,226,1,294,0
2,-7,238,1,294,0
-2,7,243,1,294,0
-3,8,246,1,294,0
1,-4,258,1,294,0
8,-5,276,1,294,0
2,0,277,1,294,0
0,-1,278,1,294,0
3,1,289,1,294,0
4,-3,291,1,294,0
-4,0,268,1,294,0
-5,1,276,1,294,0
7,6,26,1,294,0
5,4,35,1,294,0
4,3,44,1,294,0
8,-6,45,1,294,0
3,-1,151,1,294,0
8,7,98,1,294,0
3,2,119,1,294,0
6,5,125,1,294,0
0,-2,179,1,294,0
-1,-6,192,1,294,0
1,-5,201,1,294,0
-6,-1,218,1,294,0
2,-8,229,1,294,0
-1,7,233,1,294,0
5,-7,237,1,294,0
-2,8,244,1,294,0
-3,-2,256,1,294,0
2,1,289,1,294,0
1,0,289,1,294,0
4,-4,289,1,294,0
7,-3,293,1,294,0
8,8,12,1,294,0
6,-1,169,1,294,0
7,7,106,1,294,0
6,6,124,1,294,0
5,5,133,1,294,0
4,4,142,1,294,0
3,-2,212,1,294,0
3,3,151,1,294,0
-5,2,159,1,294,0
-3,0,261,1,294,0
-3,-3,169,1,294,0
0,-3,186,1,294,0
1,-6,206,1,294,0
-1,8,237,1,294,0
4,-5,242,1,294,0
8,-7,257,1,294,0
-4,1,264,1,294,0
7,-4,285,1,294,0
0,0,285,1,294,0
1,1,288,1,294,0
2,2,293,1,294,0
7,8,13,1,294,0
6,7,109,1,294,0
4,-6,111,1,294,0
3,4,128,1,294,0
2,3,136,1,294,0
-3,1,149,1,294,0
-4,2,158,1,294,0
-2,0,254,1,294,0
1,2,169,1,294,0
6,-2,175,1,294,0
-5,3,175,1,294,0
-3,-4,175,1,294,0
0,-4,193,1,294,0
1,-7,209,1,294,0
0,1,257,1,294,0
-2,-1,263,1,294,0
7,-5,273,1,294,0
5,6,285,1,294,0
4,5,293,1,294,0
3,-3,293,1,294,0
7,9,5,1,294,0
8,0,28,1,294,0
-4,3,37,1,294,0
6,-3,182,1,294,0
6,8,89,1,294,0
2,4,107,1,294,0
1,3,114,1,294,0
3,5,119,1,294,0
-5,4,179,1,294,0
2,-1,219,1,294,0
-5,-1,223,1,294,0
4,-7,225,1,294,0
3,-4,234,1,294,0
0,2,249,1,294,0
-3,2,253,1,294,0
-2,-2,258,1,294,0
-2,1,259,1,294,0
7,-6,265,1,294,0
-1,0,271,1,294,0
5,7,284,1,294,0
4,6,291,1,294,0
5,-1,166,1,294,0
8,1,61,1,294,0
7,0,71,1,294,0
0,3,179,1,294,0
-4,4,182,1,294,0
6,-4,189,1,294,0
1,4,185,1,294,0
0,-6,199,1,294,0
-8,-1,205,1,294,0
2,-2,216,1,294,0
-5,-2,225,1,294,0
4,-8,229,1,294,0
2,5,232,1,294,0
3,-5,236,1,294,0
3,6,244,1,294,0
-3,3,246,1,294,0
4,7,254,1,294,0
-2,2,256,1,294,0
5,8,257,1,294,0
7,-7,263,1,294,0
-1,1,267,1,294,0
9,3,1,1,294,0
8,-1,36,1,294,0
8,2,58,1,294,0
7,1,66,1,294,0
3,7,69,1,294,0
4,8,71,1,294,0
6,0,79,1,294,0
7,-8,87,1,294,0
3,-6,112,1,294,0
-2,-4,177,1,294,0
-4,5,189,1,294,0
0,4,207,1,294,0
2,-3,222,1,294,0
1,5,229,1,294,0
2,6,237,1,294,0
-3,4,239,1,294,0
-5,-3,239,1,294,0
-1,-1,269,1,294,0
6,-5,274,1,294,0
-2,3,282,1,294,0
-1,2,293,1,294,0
-9,1,3,1,294,0
-5,7,4,1,294,0
8,-2,34,1,294,0
8,3,47,1,294,0
7,2,53,1,294,0
5,-3,197,1,294,0
2,7,59,1,294,0
3,8,66,1,294,0
6,1,89,1,294,0
-1,-2,101,1,294,0
-4,-1,179,1,294,0
-2,-5,184,1,294,0
1,6,198,1,294,0
0,5,215,1,294,0
3,-7,232,1,294,0
2,-4,252,1,294,0
-3,5,268,1,294,0
6,-6,272,1,294,0
-2,4,279,1,294,0
-1,3,286,1,294,0
1,-1,293,1,294,0
-8,1,294,1,294,0
8,4,11,1,294,0
8,-3,23,1,294,0
7,3,51,1,294,0
2,8,62,1,294,0
4,0,66,1,294,0
4,-1,158,1,294,0
5,1,85,1,294,0
6,2,96,1,294,0
-7,-1,211,1,294,0
1,7,213,1,294,0
0,6,224,1,294,0
3,-8,231,1,294,0
-1,4,238,1,294,0
6,-7,243,1,294,0
-4,-2,248,1,294,0
2,-5,251,1,294,0
-4,7,254,1,294,0
-3,6,265,1,294,0
1,-2,271,1,294,0
-2,5,272,1,294,0
5,-4,283,1,294,0
-4,8,14,1,294,0
-7,1,289,1,294,0
8,5,31,1,294,0
7,4,43,1,294,0
7,-1,44,1,294,0
4,-2,205,1,294,0
6,3,104,1,294,0
5,2,111,1,294,0
3,0,167,1,294,0
-2,6,201,1,294,0
1,8,207,1,294,0
0,7,221,1,294,0
-1,5,231,1,294,0
2,-6,245,1,294,0
-4,-3,247,1,294,0
-3,7,258,1,294,0
1,-3,265,1,294,0
8,-4,278,1,294,0
5,-5,281,1,294,0
4,1,293,1,294,0
-5,0,269,1,295,0
-6,1,283,1,295,0
8,6,27,1,295,0
7,5,35,1,295,0
7,-2,39,1,295,0
5,3,105,1,295,0
5,-6,108,1,295,0
4,2,118,1,295,0
-3,-1,173,1,295,0
-1,-5,189,1,295,0
-1,6,222,1,295,0
0,8,226,1,295,0
2,-7,238,1,295,0
-2,7,243,1,295,0
-3,8,246,1,295,0
1,-4,258,1,295,0
8,-5,276,1,295,0
2,0,277,1,295,0
0,-1,278,1,295,0
3,1,289,1,295,0
4,-3,291,1,295,0
-4,0,268,1,295,0
-5,1,276,1,295,0
7,6,26,1,295,0
5,4,35,1,295,0
4,3,44,1,295,0
8,-6,45,1,295,0
3,-1,151,1,295,0
8,7,98,1,295,0
3,2,119,1,295,0
6,5,125,1,295,0
0,-2,179,1,295,0
-1,-6,192,1,295,0
1,-5,201,1,295,0
-6,-1,218,1,295,0
2,-8,229,1,295,0
-1,7,233,1,295,0
5,-7,237,1,295,0
-2,8,244,1,295,0
-3,-2,256,1,295,0
2,1,289,1,295,0
1,0,289,1,295,0
4,-4,289,1,295,0
7,-3,293,1,295,0
8,8,12,1,295,0
6,-1,169,1,295,0
7,7,106,1,295,0
6,6,124,1,295,0
5,5,133,1,295,0
4,4,142,1,295,0
3,-2,212,1,295,0
3,3,151,1,295,0
-5,2,159,1,295,0
-3,0,261,1,295,0
-3,-3,169,1,295,0
0,-3,186,1,295,0
1,-6,206,1,295,0
-1,8,237,1,295,0
4,-5,242,1,295,0
8,-7,257,1,295,0
-4,1,264,1,295,0
7,-4,285,1,295,0
0,0,285,1,295,0
1,1,288,1,295,0
2,2,294,1,295,0
7,8,13,1,295,0
6,7,109,1,295,0
4,-6,111,1,295,0
3,4,128,1,295,0
2,3,136,1,295,0
-3,1,149,1,295,0
-4,2,158,1,295,0
-2,0,254,1,295,0
1,2,169,1,295,0
6,-2,175,1,295,0
-5,3,175,1,295,0
-3,-4,175,1,295,0
0,-4,193,1,295,0
1,-7,209,1,295,0
0,1,257,1,295,0
-2,-1,263,1,295,0
7,-5,273,1,295,0
5,6,285,1,295,0
4,5,294,1,295,0
3,-3,294,1,295,0
7,9,5,1,295,0
8,0,28,1,295,0
-4,3,37,1,295,0
6,-3,182,1,295,0
6,8,89,1,295,0
2,4,107,1,295,0
1,3,114,1,295,0
3,5,119,1,295,0
-5,4,179,1,295,0
2,-1,219,1,295,0
-5,-1,223,1,295,0
4,-7,225,1,295,0
3,-4,234,1,295,0
0,2,249,1,295,0
-3,2,253,1,295,0
-2,-2,258,1,295,0
-2,1,259,1,295,0
7,-6,265,1,295,0
-1,0,271,1,295,0
5,7,284,1,295,0
4,6,291,1,295,0
5,-1,166,1,295,0
8,1,61,1,295,0
7,0,71,1,295,0
0,3,179,1,295,0
-4,4,182,1,295,0
6,-4,189,1,295,0
1,4,185,1,295,0
0,-6,199,1,295,0
-8,-1,205,1,295,0
2,-2,216,1,295,0
-5,-2,225,1,295,0
4,-8,229,1,295,0
2,5,232,1,295,0
3,-5,236,1,295,0
3,6,244,1,295,0
-3,3,246,1,295,0
4,7,254,1,295,0
-2,2,256,1,295,0
5,8,257,1,295,0
7,-7,263,1,295,0
-1,1,294,1,295,0
9,3,1,1,295,0
8,-1,36,1,295,0
8,2,58,1,295,0
7,1,66,1,295,0
3,7,69,1,295,0
4,8,71,1,295,0
6,0,79,1,295,0
7,-8,87,1,295,0
3,-6,112,1,295,0
-2,-4,177,1,295,0
-4,5,189,1,295,0
0,4,207,1,295,0
2,-3,222,1,295,0
1,5,229,1,295,0
2,6,237,1,295,0
-3,4,239,1,295,0
-5,-3,239,1,295,0
-1,-1,269,1,295,0
6,-5,274,1,295,0
-2,3,282,1,295,0
-1,2,293,1,295,0
-9,1,3,1,295,0
-5,7,4,1,295,0
8,-2,34,1,295,0
8,3,47,1,295,0
7,2,53,1,295,0
5,-3,197,1,295,0
2,7,59,1,295,0
3,8,66,1,295,0
6,1,89,1,295,0
-1,-2,101,1,295,0
-4,-1,179,1,295,0
-2,-5,184,1,295,0
1,6,198,1,295,0
0,5,215,1,295,0
3,-7,232,1,295,0
2,-4,252,1,295,0
-3,5,268,1,295,0
6,-6,272,1,295,0
-2,4,279,1,295,0
-1,3,286,1,295,0
1,-1,294,1,295,0
-8,1,295,1,295,0
8,4,11,1,295,0
8,-3,23,1,295,0
7,3,51,1,295,0
2,8,62,1,295,0
4,0,66,1,295,0
4,-1,158,1,295,0
5,1,85,1,295,0
6,2,96,1,295,0
-7,-1,211,1,295,0
1,7,213,1,295,0
0,6,224,1,295,0
3,-8,231,1,295,0
-1,4,238,1,295,0
6,-7,243,1,295,0
-4,-2,248,1,295,0
2,-5,251,1,295,0
-4,7,254,1,295,0
-3,6,265,1,295,0
1,-2,271,1,295,0
-2,5,272,1,295,0
5,-4,283,1,295,0
-4,8,14,1,295,0
-7,1,289,1,295,0
8,5,31,1,295,0
7,4,43,1,295,0
7,-1,44,1,295,0
4,-2,205,1,295,0
6,3,104,1,295,0
5,2,111,1,295,0
3,0,167,1,295,0
-2,6,201,1,295,0
1,8,207,1,295,0
0,7,221,1,295,0
-1,5,231,1,295,0
2,-6,245,1,295,0
-4,-3,247,1,295,0
-3,7,258,1,295,0
1,-3,265,1,295,0
8,-4,278,1,295,0
5,-5,281,1,295,0
4,1,294,1,295,0
-5,0,269,1,296,0
-6,1,283,1,296,0
8,6,27,1,296,0
7,5,35,1,296,0
7,-2,39,1,296,0
5,3,105,1,296,0
5,-6,108,1,296,0
4,2,118,1,296,0
-3,-1,173,1,296,0
-1,-5,189,1,296,0
-1,6,222,1,296,0
0,8,226,1,296,0
2,-7,238,1,296,0
-2,7,243,1,296,0
-3,8,246,1,296,0
1,-4,258,1,296,0
8,-5,276,1,296,0
2,0,277,1,296,0
0,-1,278,1,296,0
3,1,289,1,296,0
4,-3,291,1,296,0
-4,0,268,1,296,0
-5,1,276,1,296,0
7,6,26,1,296,0
5,4,35,1,296,0
4,3,44,1,296,0
8,-6,45,1,296,0
3,-1,151,1,296,0
8,7,98,1,296,0
3,2,119,1,296,0
6,5,125,1,296,0
0,-2,179,1,296,0
-1,-6,192,1,296,0
1,-5,201,1,296,0
-6,-1,218,1,296,0
2,-8,229,1,296,0
-1,7,233,1,296,0
5,-7,237,1,296,0
-2,8,244,1,296,0
-3,-2,256,1,296,0
2,1,289,1,296,0
1,0,289,1,296,0
4,-4,289,1,296,0
7,-3,295,1,296,0
8,8,12,1,296,0
6,-1,169,1,296,0
7,7,106,1,296,0
6,6,124,1,296,0
5,5,133,1,296,0
4,4,142,1,296,0
3,-2,212,1,296,0
3,3,151,1,296,0
-5,2,159,1,296,0
-3,0,261,1,296,0
-3,-3,169,1,296,0
0,-3,186,1,296,0
1,-6,206,1,296,0
-1,8,237,1,296,0
4,-5,242,1,296,0
8,-7,257,1,296,0
-4,1,264,1,296,0
7,-4,285,1,296,0
0,0,285,1,296,0
1,1,288,1,296,0
2,2,295,1,296,0
7,8,13,1,296,0
6,7,109,1,296,0
4,-6,111,1,296,0
3,4,128,1,296,0
2,3,136,1,296,0
-3,1,149,1,296,0
-4,2,158,1,296,0
-2,0,254,1,296,0
1,2,169,1,296,0
6,-2,175,1,296,0
-5,3,175,1,296,0
-3,-4,175,1,296,0
0,-4,193,1,296,0
1,-7,209,1,296,0
0,1,257,1,296,0
-2,-1,263,1,296,0
7,-5,273,1,296,0
5,6,285,1,296,0
4,5,295,1,296,0
3,-3,295,1,296,0
7,9,5,1,296,0
8,0,28,1,296,0
-4,3,37,1,296,0
6,-3,182,1,296,0
6,8,89,1,296,0
2,4,107,1,296,0
1,3,114,1,296,0
3,5,119,1,296,0
-5,4,179,1,296,0
2,-1,219,1,296,0
-5,-1,223,1,296,0
4,-7,225,1,296,0
3,-4,234,1,296,0
0,2,249,1,296,0
-3,2,253,1,296,0
-2,-2,258,1,296,0
-2,1,259,1,296,0
7,-6,265,1,296,0
-1,0,271,1,296,0
5,7,284,1,296,0
4,6,291,1,296,0
5,-1,166,1,296,0
8,1,61,1,296,0
7,0,71,1,296,0
0,3,179,1,296,0
-4,4,182,1,296,0
6,-4,189,1,296,0
1,4,185,1,296,0
0,-6,199,1,296,0
-8,-1,205,1,296,0
2,-2,216,1,296,0
-5,-2,225,1,296,0
4,-8,229,1,296,0
2,5,232,1,296,0
3,-5,236,1,296,0
3,6,244,1,296,0
-3,3,246,1,296,0
4,7,254,1,296,0
-2,2,256,1,296,0
5,8,257,1,296,0
7,-7,263,1,296,0
-1,1,295,1,296,0
9,3,1,1,296,0
8,-1,36,1,296,0
8,2,58,1,296,0
7,1,66,1,296,0
3,7,69,1,296,0
4,8,71,1,296,0
6,0,79,1,296,0
7,-8,87,1,296,0
3,-6,112,1,296,0
-2,-4,177,1,296,0
-4,5,189,1,296,0
0,4,207,1,296,0
2,-3,222,1,296,0
1,5,229,1,296,0
2,6,237,1,296,0
-3,4,239,1,296,0
-5,-3,239,1,296,0
-1,-1,269,1,296,0
6,-5,274,1,296,0
-2,3,282,1,296,0
-1,2,293,1,296,0
-9,1,3,1,296,0
-5,7,4,1,296,0
8,-2,34,1,296,0
8,3,47,1,296,0
7,2,53,1,296,0
5,-3,197,1,296,0
2,7,59,1,296,0
3,8,66,1,296,0
6,1,89,1,296,0
-1,-2,101,1,296,0
-4,-1,179,1,296,0
-2,-5,184,1,296,0
1,6,198,1,296,0
0,5,215,1,296,0
3,-7,232,1,296,0
2,-4,252,1,296,0
-3,5,268,1,296,0
6,-6,272,1,296,0
-2,4,279,1,296,0
-1,3,286,1,296,0
1,-1,295,1,296,0
-8,1,295,1,296,0
8,4,11,1,296,0
8,-3,23,1,296,0
7,3,51,1,296,0
2,8,62,1,296,0
4,0,66,1,296,0
4,-1,158,1,296,0
5,1,85,1,296,0
6,2,96,1,296,0
-7,-1,211,1,296,0
1,7,213,1,296,0
0,6,224,1,296,0
3,-8,231,1,296,0
-1,4,238,1,296,0
6,-7,243,1,296,0
-4,-2,248,1,296,0
2,-5,251,1,296,0
-4,7,254,1,296,0
-3,6,265,1,296,0
1,-2,271,1,296,0
-2,5,272,1,296,0
5,-4,283,1,296,0
-4,8,14,1,296,0
-7,1,296,1,296,0
8,5,31,1,296,0
7,4,43,1,296,0
7,-1,44,1,296,0
4,-2,205,1,296,0
6,3,104,1,296,0
5,2,111,1,296,0
3,0,167,1,296,0
-2,6,201,1,296,0
1,8,207,1,296,0
0,7,221,1,296,0
-1,5,231,1,296,0
2,-6,245,1,296,0
-4,-3,247,1,296,0
-3,7,258,1,296,0
1,-3,265,1,296,0
8,-4,278,1,296,0
5,-5,281,1,296,0
4,1,295,1,296,0
-5,0,269,1,297,0
-6,1,283,1,297,0
8,6,27,1,297,0
7,5,35,1,297,0
7,-2,39,1,297,0
5,3,105,1,297,0
5,-6,108,1,297,0
4,2,118,1,297,0
-3,-1,173,1,297,0
-1,-5,189,1,297,0
-1,6,222,1,297,0
0,8,226,1,297,0
2,-7,238,1,297,0
-2,7,243,1,297,0
-3,8,246,1,297,0
1,-4,258,1,297,0
8,-5,276,1,297,0
2,0,277,1,297,0
0,-1,278,1,297,0
3,1,289,1,297,0
4,-3,291,1,297,0
-4,0,268,1,297,0
-5,1,276,1,297,0
7,6,26,1,297,0
5,4,35,1,297,0
4,3,44,1,297,0
8,-6,45,1,297,0
3,-1,151,1,297,0
8,7,98,1,297,0
3,2,119,1,297,0
6,5,125,1,297,0
0,-2,179,1,297,0
-1,-6,192,1,297,0
1,-5,201,1,297,0
-6,-1,218,1,297,0
2,-8,229,1,297,0
-1,7,233,1,297,0
5,-7,237,1,297,0
-2,8,244,1,297,0
-3,-2,256,1,297,0
2,1,289,1,297,0
1,0,289,1,297,0
4,-4,289,1,297,0
7,-3,296,1,297,0
8,8,12,1,297,0
6,-1,169,1,297,0
7,7,106,1,297,0
6,6,124,1,297,0
5,5,133,1,297,0
4,4,142,1,297,0
3,-2,212,1,297,0
3,3,151,1,297,0
-5,2,159,1,297,0
-3,0,261,1,297,0
-3,-3,169,1,297,0
0,-3,186,1,297,0
1,-6,206,1,297,0
-1,8,237,1,297,0
4,-5,242,1,297,0
8,-7,257,1,297,0
-4,1,264,1,297,0
7,-4,285,1,297,0
0,0,285,1,297,0
1,1,288,1,297,0
2,2,296,1,297,0
7,8,13,1,297,0
6,7,109,1,297,0
4,-6,111,1,297,0
3,4,128,1,297,0
2,3,136,1,297,0
-3,1,149,1,297,0
-4,2,158,1,297,0
-2,0,254,1,297,0
1,2,169,1,297,0
6,-2,175,1,297,0
-5,3,175,1,297,0
-3,-4,175,1,297,0
0,-4,193,1,297,0
1,-7,209,1,297,0
0,1,257,1,297,0
-2,-1,263,1,297,0
7,-5,273,1,297,0
5,6,285,1,297,0
4,5,296,1,297,0
3,-3,296,1,297,0
7,9,5,1,297,0
8,0,28,1,297,0
-4,3,37,1,297,0
6,-3,182,1,297,0
6,8,89,1,297,0
2,4,107,1,297,0
1,3,114,1,297,0
3,5,119,1,297,0
-5,4,179,1,297,0
-5,-1,223,1,297,0
4,-7,225,1,297,0
3,-4,234,1,297,0
0,2,249,1,297,0
-3,2,253,1,297,0
-2,-2,258,1,297,0
-2,1,259,1,297,0
7,-6,265,1,297,0
-1,0,271,1,297,0
5,7,284,1,297,0
4,6,291,1,297,0
2,-1,296,1,297,0
5,-1,166,1,297,0
8,1,61,1,297,0
7,0,71,1,297,0
0,3,179,1,297,0
-4,4,182,1,297,0
6,-4,189,1,297,0
1,4,185,1,297,0
0,-6,199,1,297,0
-8,-1,205,1,297,0
2,-2,216,1,297,0
-5,-2,225,1,297,0
4,-8,229,1,297,0
2,5,232,1,297,0
3,-5,236,1,297,0
3,6,244,1,297,0
-3,3,246,1,297,0
4,7,254,1,297,0
-2,2,256,1,297,0
5,8,257,1,297,0
7,-7,263,1,297,0
-1,1,296,1,297,0
9,3,1,1,297,0
8,-1,36,1,297,0
8,2,58,1,297,0
7,1,66,1,297,0
3,7,69,1,297,0
4,8,71,1,297,0
6,0,79,1,297,0
7,-8,87,1,297,0
3,-6,112,1,297,0
-2,-4,177,1,297,0
-4,5,189,1,297,0
0,4,207,1,297,0
2,-3,222,1,297,0
1,5,229,1,297,0
2,6,237,1,297,0
-3,4,239,1,297,0
-5,-3,239,1,297,0
-1,-1,269,1,297,0
6,-5,274,1,297,0
-2,3,282,1,297,0
-1,2,293,1,297,0
-9,1,3,1,297,0
-5,7,4,1,297,0
8,-2,34,1,297,0
8,3,47,1,297,0
7,2,53,1,297,0
5,-3,197,1,297,0
2,7,59,1,297,0
3,8,66,1,297,0
6,1,89,1,297,0
-1,-2,101,1,297,0
-4,-1,179,1,297,0
-2,-5,184,1,297,0
1,6,198,1,297,0
0,5,215,1,297,0
3,-7,232,1,297,0
2,-4,252,1,297,0
-3,5,268,1,297,0
6,-6,272,1,297,0
-2,4,279,1,297,0
-1,3,286,1,297,0
1,-1,296,1,297,0
-8,1,295,1,297,0
8,4,11,1,297,0
8,-3,23,1,297,0
7,3,51,1,297,0
2,8,62,1,297,0
4,0,66,1,297,0
4,-1,158,1,297,0
5,1,85,1,297,0
6,2,96,1,297,0
-7,-1,211,1,297,0
1,7,213,1,297,0
0,6,224,1,297,0
3,-8,231,1,297,0
-1,4,238,1,297,0
6,-7,243,1,297,0
-4,-2,248,1,297,0
2,-5,251,1,297,0
-4,7,254,1,297,0
-3,6,265,1,297,0
1,-2,271,1,297,0
-2,5,272,1,297,0
5,-4,283,1,297,0
-4,8,14,1,297,0
-7,1,297,1,297,0
8,5,31,1,297,0
7,4,43,1,297,0
7,-1,44,1,297,0
4,-2,205,1,297,0
6,3,104,1,297,0
5,2,111,1,297,0
3,0,167,1,297,0
-2,6,201,1,297,0
1,8,207,1,297,0
0,7,221,1,297,0
-1,5,231,1,297,0
2,-6,245,1,297,0
-4,-3,247,1,297,0
-3,7,258,1,297,0
1,-3,265,1,297,0
8,-4,278,1,297,0
5,-5,281,1,297,0
4,1,296,1,297,0
-5,0,269,1,298,0
-6,1,283,1,298,0
8,6,27,1,298,0
7,5,35,1,298,0
7,-2,39,1,298,0
5,3,105,1,298,0
5,-6,108,1,298,0
4,2,118,1,298,0
-3,-1,173,1,298,0
-1,-5,189,1,298,0
-1,6,222,1,298,0
0,8,226,1,298,0
2,-7,238,1,298,0
-2,7,243,1,298,0
-3,8,246,1,298,0
1,-4,258,1,298,0
8,-5,276,1,298,0
2,0,277,1,298,0
0,-1,278,1,298,0
3,1,289,1,298,0
4,-3,291,1,298,0
-4,0,268,1,298,0
-5,1,276,1,298,0
7,6,26,1,298,0
5,4,35,1,298,0
4,3,44,1,298,0
8,-6,45,1,298,0
3,-1,151,1,298,0
8,7,98,1,298,0
3,2,119,1,298,0
6,5,125,1,298,0
0,-2,179,1,298,0
-1,-6,192,1,298,0
1,-5,201,1,298,0
-6,-1,218,1,298,0
2,-8,229,1,298,0
-1,7,233,1,298,0
5,-7,237,1,298,0
-2,8,244,1,298,0
-3,-2,256,1,298,0
2,1,289,1,298,0
1,0,289,1,298,0
4,-4,289,1,298,0
7,-3,296,1,298,0
8,8,12,1,298,0
6,-1,169,1,298,0
7,7,106,1,298,0
6,6,124,1,298,0
5,5,133,1,298,0
4,4,142,1,298,0
3,-2,212,1,298,0
3,3,151,1,298,0
-5,2,159,1,298,0
-3,0,261,1,298,0
-3,-3,169,1,298,0
0,-3,186,1,298,0
1,-6,206,1,298,0
-1,8,237,1,298,0
4,-5,242,1,298,0
8,-7,257,1,298,0
-4,1,264,1,298,0
7,-4,285,1,298,0
0,0,285,1,298,0
1,1,288,1,298,0
2,2,297,1,298,0
7,8,13,1,298,0
6,7,109,1,298,0
4,-6,111,1,298,0
3,4,128,1,298,0
2,3,136,1,298,0
-3,1,149,1,298,0
-4,2,158,1,298,0
-2,0,254,1,298,0
1,2,169,1,298,0
6,-2,175,1,298,0
-5,3,175,1,298,0
-3,-4,175,1,298,0
0,-4,193,1,298,0
1,-7,209,1,298,0
-2,-1,263,1,298,0
7,-5,273,1,298,0
5,6,285,1,298,0
4,5,296,1,298,0
0,1,297,1,298,0
3,-3,297,1,298,0
7,9,5,1,298,0
8,0,28,1,298,0
-4,3,37,1,298,0
6,8,89,1,298,0
2,4,107,1,298,0
1,3,114,1,298,0
-5,4,179,1,298,0
-5,-1,223,1,298,0
4,-7,225,1,298,0
3,-4,234,1,298,0
0,2,249,1,298,0
-3,2,253,1,298,0
-2,-2,258,1,298,0
-2,1,259,1,298,0
7,-6,265,1,298,0
-1,0,271,1,298,0
5,7,284,1,298,0
4,6,291,1,298,0
2,-1,296,1,298,0
6,-3,297,1,298,0
3,5,297,1,298,0
5,-1,166,1,298,0
8,1,61,1,298,0
7,0,71,1,298,0
0,3,179,1,298,0
-4,4,182,1,298,0
6,-4,189,1,298,0
1,4,185,1,298,0
0,-6,199,1,298,0
-8,-1,205,1,298,0
-5,-2,225,1,298,0
4,-8,229,1,298,0
2,5,232,1,298,0
3,-5,236,1,298,0
3,6,244,1,298,0
-3,3,246,1,298,0
4,7,254,1,298,0
-2,2,256,1,298,0
5,8,257,1,298,0
7,-7,263,1,298,0
-1,1,296,1,298,0
2,-2,297,1,298,0
9,3,1,1,298,0
8,-1,36,1,298,0
8,2,58,1,298,0
7,1,66,1,298,0
3,7,69,1,298,0
4,8,71,1,298,0
6,0,79,1,298,0
7,-8,87,1,298,0
3,-6,112,1,298,0
-2,-4,177,1,298,0
-4,5,189,1,298,0
0,4,207,1,298,0
2,-3,222,1,298,0
1,5,229,1,298,0
2,6,237,1,298,0
-3,4,239,1,298,0
-5,-3,239,1,298,0
-1,-1,269,1,298,0
6,-5,274,1,298,0
-2,3,282,1,298,0
-1,2,293,1,298,0
-9,1,3,1,298,0
-5,7,4,1,298,0
8,-2,34,1,298,0
8,3,47,1,298,0
7,2,53,1,298,0
5,-3,197,1,298,0
2,7,59,1,298,0
3,8,66,1,298,0
6,1,89,1,298,0
-1,-2,101,1,298,0
-4,-1,179,1,298,0
-2,-5,184,1,298,0
1,6,198,1,298,0
0,5,215,1,298,0
3,-7,232,1,298,0
2,-4,252,1,298,0
-3,5,268,1,298,0
6,-6,272,1,298,0
-2,4,279,1,298,0
-1,3,286,1,298,0
1,-1,297,1,298,0
-8,1,295,1,298,0
8,4,11,1,298,0
8,-3,23,1,298,0
7,3,51,1,298,0
2,8,62,1,298,0
4,0,66,1,298,0
4,-1,158,1,298,0
6,2,96,1,298,0
-7,-1,211,1,298,0
1,7,213,1,298,0
0,6,224,1,298,0
3,-8,231,1,298,0
-1,4,238,1,298,0
6,-7,243,1,298,0
-4,-2,248,1,298,0
2,-5,251,1,298,0
-4,7,254,1,298,0
-3,6,265,1,298,0
1,-2,271,1,298,0
-2,5,272,1,298,0
5,-4,283,1,298,0
5,1,297,1,298,0
-4,8,14,1,298,0
-7,1,298,1,298,0
8,5,31,1,298,0
7,4,43,1,298,0
7,-1,44,1,298,0
4,-2,205,1,298,0
6,3,104,1,298,0
5,2,111,1,298,0
3,0,167,1,298,0
-2,6,201,1,298,0
1,8,207,1,298,0
0,7,221,1,298,0
-1,5,231,1,298,0
2,-6,245,1,298,0
-4,-3,247,1,298,0
-3,7,258,1,298,0
1,-3,265,1,298,0
8,-4,278,1,298,0
5,-5,281,1,298,0
4,1,296,1,298,0
-5,0,269,1,299,0
-6,1,283,1,299,0
8,6,27,1,299,0
7,5,35,1,299,0
7,-2,39,1,299,0
5,3,105,1,299,0
5,-6,108,1,299,0
4,2,118,1,299,0
-3,-1,173,1,299,0
-1,-5,189,1,299,0
-1,6,222,1,299,0
0,8,226,1,299,0
2,-7,238,1,299,0
-2,7,243,1,299,0
-3,8,246,1,299,0
1,-4,258,1,299,0
8,-5,276,1,299,0
2,0,277,1,299,0
0,-1,278,1,299,0
3,1,289,1,299,0
4,-3,291,1,299,0
-4,0,268,1,299,0
-5,1,276,1,299,0
7,6,26,1,299,0
5,4,35,1,299,0
4,3,44,1,299,0
8,-6,45,1,299,0
3,-1,151,1,299,0
8,7,98,1,299,0
3,2,119,1,299,0
6,5,125,1,299,0
0,-2,179,1,299,0
-1,-6,192,1,299,0
1,-5,201,1,299,0
-6,-1,218,1,299,0
2,-8,229,1,299,0
-1,7,233,1,299,0
5,-7,237,1,299,0
-2,8,244,1,299,0
-3,-2,256,1,299,0
2,1,289,1,299,0
1,0,289,1,299,0
4,-4,289,1,299,0
7,-3,296,1,299,0
8,8,12,1,299,0
6,-1,169,1,299,0
7,7,106,1,299,0
6,6,124,1,299,0
5,5,133,1,299,0
4,4,142,1,299,0
3,-2,212,1,299,0
3,3,151,1,299,0
-5,2,159,1,299,0
-3,0,261,1,299,0
-3,-3,169,1,299,0
0,-3,186,1,299,0
1,-6,206,1,299,0
-1,8,237,1,299,0
4,-5,242,1,299,0
8,-7,257,1,299,0
-4,1,264,1,299,0
7,-4,285,1,299,0
0,0,285,1,299,0
1,1,288,1,299,0
2,2,298,1,299,0
7,8,13,1,299,0
6,7,109,1,299,0
4,-6,111,1,299,0
3,4,128,1,299,0
2,3,136,1,299,0
-3,1,149,1,299,0
-4,2,158,1,299,0
-2,0,254,1,299,0
1,2,169,1,299,0
-5,3,175,1,299,0
-3,-4,175,1,299,0
0,-4,193,1,299,0
1,-7,209,1,299,0
-2,-1,263,1,299,0
7,-5,273,1,299,0
5,6,285,1,299,0
4,5,296,1,299,0
6,-2,298,1,299,0
0,1,298,1,299,0
3,-3,298,1,299,0
7,9,5,1,299,0
8,0,28,1,299,0
-4,3,37,1,299,0
6,8,89,1,299,0
2,4,107,1,299,0
1,3,114,1,299,0
-5,4,179,1,299,0
-5,-1,223,1,299,0
4,-7,225,1,299,0
3,-4,234,1,299,0
0,2,249,1,299,0
-3,2,253,1,299,0
-2,-2,258,1,299,0
-2,1,259,1,299,0
7,-6,265,1,299,0
-1,0,271,1,299,0
5,7,284,1,299,0
4,6,291,1,299,0
2,-1,296,1,299,0
6,-3,297,1,299,0
3,5,298,1,299,0
5,-1,166,1,299,0
8,1,61,1,299,0
7,0,71,1,299,0
0,3,179,1,299,0
-4,4,182,1,299,0
6,-4,189,1,299,0
1,4,185,1,299,0
0,-6,199,1,299,0
-8,-1,205,1,299,0
-5,-2,225,1,299,0
4,-8,229,1,299,0
2,5,232,1,299,0
3,-5,236,1,299,0
3,6,244,1,299,0
-3,3,246,1,299,0
4,7,254,1,299,0
-2,2,256,1,299,0
5,8,257,1,299,0
7,-7,263,1,299,0
-1,1,296,1,299,0
2,-2,298,1,299,0
9,3,1,1,299,0
8,-1,36,1,299,0
8,2,58,1,299,0
7,1,66,1,299,0
3,7,69,1,299,0
4,8,71,1,299,0
6,0,79,1,299,0
7,-8,87,1,299,0
3,-6,112,1,299,0
-2,-4,177,1,299,0
-4,5,189,1,299,0
0,4,207,1,299,0
2,-3,222,1,299,0
1,5,229,1,299,0
2,6,237,1,299,0
-3,4,239,1,299,0
-5,-3,239,1,299,0
-1,-1,269,1,299,0
6,-5,274,1,299,0
-2,3,282,1,299,0
-1,2,293,1,299,0
-9,1,3,1,299,0
-5,7,4,1,299,0
8,-2,34,1,299,0
8,3,47,1,299,0
7,2,53,1,299,0
5,-3,197,1,299,0
2,7,59,1,299,0
3,8,66,1,299,0
6,1,89,1,299,0
-1,-2,101,1,299,0
-4,-1,179,1,299,0
-2,-5,184,1,299,0
1,6,198,1,299,0
0,5,215,1,299,0
3,-7,232,1,299,0
2,-4,252,1,299,0
-3,5,268,1,299,0
6,-6,272,1,299,0
-2,4,279,1,299,0
-1,3,286,1,299,0
1,-1,297,1,299,0
-8,1,295,1,299,0
8,4,11,1,299,0
8,-3,23,1,299,0
7,3,51,1,299,0
2,8,62,1,299,0
4,0,66,1,299,0
4,-1,158,1,299,0
6,2,96,1,299,0
-7,-1,211,1,299,0
1,7,213,1,299,0
0,6,224,1,299,0
3,-8,231,1,299,0
-1,4,238,1,299,0
6,-7,243,1,299,0
-4,-2,248,1,299,0
2,-5,251,1,299,0
-4,7,254,1,299,0
-3,6,265,1,299,0
-2,5,272,1,299,0
5,-4,283,1,299,0
5,1,298,1,299,0
1,-2,298,1,299,0
-4,8,14,1,299,0
-7,1,299,1,299,0
8,5,31,1,299,0
7,4,43,1,299,0
7,-1,44,1,299,0
4,-2,205,1,299,0
6,3,104,1,299,0
5,2,111,1,299,0
3,0,167,1,299,0
-2,6,201,1,299,0
1,8,207,1,299,0
0,7,221,1,299,0
-1,5,231,1,299,0
2,-6,245,1,299,0
-4,-3,247,1,299,0
-3,7,258,1,299,0
1,-3,265,1,299,0
8,-4,278,1,299,0
5,-5,281,1,299,0
4,1,296,1,299,0
