4,-1,1,1,1,0
-8,3,1,1,2,0
8,-6,1,1,2,0
-4,-6,1,1,2,0
-5,5,1,1,2,0
7,-7,1,1,2,0
-5,-3,1,1,2,0
6,-6,1,1,2,0
4,-1,2,1,2,0
-8,3,2,1,3,0
8,-6,2,1,3,0
-4,-6,2,1,3,0
-5,5,2,1,3,0
7,-7,2,1,3,0
-5,-3,2,1,3,0
6,-6,2,1,3,0
4,-1,3,1,3,0
0,6,1,1,3,0
1,7,1,1,3,0
-8,3,3,1,4,0
8,-6,3,1,4,0
-4,-6,3,1,4,0
8,-7,3,1,4,0
7,-7,2,1,4,0
-5,5,3,1,4,0
-5,-3,3,1,4,0
6,-6,3,1,4,0
4,-1,4,1,4,0
0,6,2,1,4,0
1,7,2,1,4,0
-8,3,4,1,5,0
8,-6,4,1,5,0
8,-7,3,1,5,0
-4,-6,4,1,5,0
-5,5,4,1,5,0
7,-7,4,1,5,0
-5,-3,4,1,5,0
6,-6,4,1,5,0
4,-1,5,1,5,0
0,6,3,1,5,0
1,7,3,1,5,0
-8,3,5,1,6,0
8,-6,5,1,6,0
-4,-6,5,1,6,0
8,-7,5,1,6,0
7,-7,4,1,6,0
-5,5,5,1,6,0
-5,-3,5,1,6,0
6,-6,5,1,6,0
4,-1,6,1,6,0
0,6,4,1,6,0
1,7,4,1,6,0
-8,3,6,1,7,0
8,-6,6,1,7,0
-4,-6,6,1,7,0
8,-7,6,1,7,0
7,-7,4,1,7,0
-5,5,6,1,7,0
-5,-3,5,1,7,0
1,5,5,1,7,0
-5,-4,6,1,7,0
6,-6,6,1,7,0
4,-1,7,1,7,0
0,6,4,1,7,0
1,7,5,1,7,0
8,-5,7,1,8,0
-8,3,7,1,8,0
8,-6,7,1,8,0
8,-7,6,1,8,0
-4,-6,7,1,8,0
7,-7,4,1,8,0
-5,5,7,1,8,0
-5,-3,5,1,8,0
1,5,6,1,8,0
-5,-4,7,1,8,0
6,-6,7,1,8,0
4,-1,8,1,8,0
0,6,4,1,8,0
1,7,6,1,8,0
-8,3,7,1,9,0
8,-5,8,1,9,0
8,-6,7,1,9,0
8,-7,6,1,9,0
-4,-6,8,1,9,0
7,-6,8,1,9,0
7,-7,4,1,9,0
-5,5,8,1,9,0
-5,-3,5,1,9,0
1,5,7,1,9,0
-5,-4,8,1,9,0
6,-6,8,1,9,0
4,-1,9,1,9,0
0,6,4,1,9,0
1,7,7,1,9,0
-8,2,8,1,9,0
-8,3,7,1,10,0
8,-5,9,1,10,0
8,-6,7,1,10,0
8,-7,6,1,10,0
-4,-6,9,1,10,0
7,-6,9,1,10,0
7,-7,4,1,10,0
-5,5,9,1,10,0
-5,-3,5,1,10,0
1,5,8,1,10,0
-5,-4,9,1,10,0
6,-6,9,1,10,0
4,-1,9,1,10,0
0,6,4,1,10,0
1,7,8,1,10,0
-8,2,9,1,10,0
-8,3,7,1,11,0
8,-5,9,1,11,0
8,-6,7,1,11,0
8,-7,6,1,11,0
-4,-6,9,1,11,0
7,-6,9,1,11,0
7,-7,4,1,11,0
-5,5,9,1,11,0
-5,-3,5,1,11,0
1,5,9,1,11,0
-5,-4,9,1,11,0
6,-6,9,1,11,0
4,-1,9,1,11,0
0,6,4,1,11,0
1,7,9,1,11,0
4,0,11,1,11,0
-8,2,9,1,11,0
-8,3,7,1,12,0
8,-5,9,1,12,0
5,-6,11,1,12,0
8,-6,7,1,12,0
-4,-5,11,1,12,0
8,-7,6,1,12,0
-4,-6,9,1,12,0
7,-5,11,1,12,0
7,-6,11,1,12,0
7,-7,4,1,12,0
-5,5,9,1,12,0
-5,-3,5,1,12,0
1,5,9,1,12,0
-4,5,11,1,12,0
6,-6,9,1,12,0
-5,-4,11,1,12,0
5,0,12,1,12,0
4,-1,9,1,12,0
0,6,4,1,12,0
1,7,9,1,12,0
4,0,11,1,12,0
1,8,11,1,12,0
-8,2,11,1,12,0
-8,3,7,1,13,0
8,-5,9,1,13,0
-7,2,12,1,13,0
5,-6,12,1,13,0
8,-6,7,1,13,0
-4,-5,12,1,13,0
8,-7,6,1,13,0
-4,-6,9,1,13,0
7,-5,12,1,13,0
7,-6,12,1,13,0
7,-7,4,1,13,0
-5,5,9,1,13,0
2,5,12,1,13,0
-5,-3,5,1,13,0
1,5,11,1,13,0
-4,5,12,1,13,0
6,-6,9,1,13,0
5,0,13,1,13,0
-5,-4,12,1,13,0
4,-1,9,1,13,0
0,6,4,1,13,0
4,0,11,1,13,0
1,7,12,1,13,0
1,8,11,1,13,0
-8,2,11,1,13,0
-8,3,7,1,14,0
8,-5,9,1,14,0
-7,2,13,1,14,0
5,-6,13,1,14,0
8,-6,7,1,14,0
-4,-5,13,1,14,0
8,-7,6,1,14,0
-4,-6,9,1,14,0
7,-5,13,1,14,0
7,-6,13,1,14,0
7,-7,4,1,14,0
-5,5,9,1,14,0
2,5,13,1,14,0
1,5,11,1,14,0
-4,5,12,1,14,0
-5,-3,13,1,14,0
6,-6,9,1,14,0
5,0,14,1,14,0
-5,-4,12,1,14,0
4,-1,9,1,14,0
0,6,4,1,14,0
4,0,11,1,14,0
1,7,13,1,14,0
1,8,11,1,14,0
-8,2,11,1,14,0
-8,3,7,1,15,0
8,-5,9,1,15,0
-7,2,14,1,15,0
5,-6,14,1,15,0
8,-6,7,1,15,0
-4,-5,13,1,15,0
8,-7,6,1,15,0
-4,-6,9,1,15,0
7,-5,14,1,15,0
7,-6,13,1,15,0
7,-7,4,1,15,0
-5,5,9,1,15,0
2,5,14,1,15,0
1,5,11,1,15,0
-4,5,13,1,15,0
-5,-3,14,1,15,0
6,-6,9,1,15,0
5,0,15,1,15,0
-5,-4,12,1,15,0
4,-1,9,1,15,0
0,6,4,1,15,0
4,0,11,1,15,0
1,7,14,1,15,0
-5,-5,14,1,15,0
1,8,11,1,15,0
-8,2,11,1,15,0
-8,3,7,1,16,0
8,-5,9,1,16,0
-7,2,14,1,16,0
5,-6,15,1,16,0
8,-6,7,1,16,0
-4,-5,13,1,16,0
8,-7,6,1,16,0
-4,-6,9,1,16,0
7,-5,15,1,16,0
7,-6,13,1,16,0
7,-7,4,1,16,0
-5,5,9,1,16,0
2,5,15,1,16,0
1,5,11,1,16,0
-4,5,14,1,16,0
-5,-3,15,1,16,0
6,-6,9,1,16,0
5,0,16,1,16,0
-5,-4,12,1,16,0
4,-1,9,1,16,0
0,6,4,1,16,0
4,0,11,1,16,0
1,7,15,1,16,0
-5,-5,15,1,16,0
1,8,11,1,16,0
-8,2,11,1,16,0
-7,1,15,1,16,0
-8,3,7,1,17,0
8,-5,9,1,17,0
-7,2,14,1,17,0
5,-6,15,1,17,0
8,-6,7,1,17,0
-4,-5,16,1,17,0
8,-7,6,1,17,0
-4,-6,9,1,17,0
7,-5,16,1,17,0
7,-6,13,1,17,0
7,-7,4,1,17,0
-5,5,9,1,17,0
2,5,16,1,17,0
1,5,11,1,17,0
-4,5,15,1,17,0
-5,-3,16,1,17,0
6,-6,9,1,17,0
5,0,17,1,17,0
-5,-4,12,1,17,0
2,7,16,1,17,0
4,-1,9,1,17,0
0,6,4,1,17,0
4,0,11,1,17,0
1,7,15,1,17,0
-5,-5,15,1,17,0
1,8,11,1,17,0
-8,2,11,1,17,0
-7,1,16,1,17,0
5,-5,16,1,17,0
-8,3,7,1,18,0
8,-5,9,1,18,0
-7,2,14,1,18,0
5,-6,15,1,18,0
8,-6,7,1,18,0
-4,-5,17,1,18,0
8,-7,6,1,18,0
-4,-6,9,1,18,0
7,-5,17,1,18,0
7,-6,13,1,18,0
7,-7,4,1,18,0
-5,5,9,1,18,0
-4,4,16,1,18,0
2,5,17,1,18,0
1,5,11,1,18,0
-4,5,15,1,18,0
-5,-3,16,1,18,0
6,-6,9,1,18,0
5,0,18,1,18,0
-5,-4,12,1,18,0
2,7,17,1,18,0
4,-1,9,1,18,0
0,6,4,1,18,0
4,0,11,1,18,0
1,7,15,1,18,0
-5,-5,15,1,18,0
1,8,11,1,18,0
-8,2,11,1,18,0
-4,-3,17,1,18,0
-7,1,17,1,18,0
5,-5,17,1,18,0
-8,3,7,1,19,0
8,-5,9,1,19,0
-7,2,14,1,19,0
5,-6,15,1,19,0
8,-6,7,1,19,0
-4,-5,18,1,19,0
8,-7,6,1,19,0
-4,-6,9,1,19,0
7,-5,18,1,19,0
7,-6,13,1,19,0
2,4,18,1,19,0
7,-7,4,1,19,0
-5,5,9,1,19,0
2,5,17,1,19,0
-4,4,17,1,19,0
1,5,11,1,19,0
-4,5,15,1,19,0
-5,-3,16,1,19,0
6,-6,9,1,19,0
5,0,19,1,19,0
-5,-4,12,1,19,0
2,7,18,1,19,0
4,-1,9,1,19,0
0,6,4,1,19,0
4,0,11,1,19,0
1,7,15,1,19,0
-5,-5,15,1,19,0
1,8,11,1,19,0
-8,2,11,1,19,0
-4,-3,18,1,19,0
-7,1,18,1,19,0
5,-5,18,1,19,0
-8,3,7,1,20,0
8,-5,9,1,20,0
-7,2,14,1,20,0
5,-6,15,1,20,0
8,-6,7,1,20,0
-4,-5,19,1,20,0
8,-7,6,1,20,0
-4,-6,9,1,20,0
7,-5,19,1,20,0
7,-6,13,1,20,0
2,4,19,1,20,0
7,-7,4,1,20,0
-5,5,9,1,20,0
2,5,17,1,20,0
-4,4,18,1,20,0
1,5,11,1,20,0
-4,5,15,1,20,0
-5,-3,16,1,20,0
6,-5,19,1,20,0
6,-6,9,1,20,0
5,0,19,1,20,0
-5,-4,12,1,20,0
2,7,18,1,20,0
4,-1,9,1,20,0
0,6,4,1,20,0
4,0,11,1,20,0
-5,-5,15,1,20,0
1,7,19,1,20,0
1,8,11,1,20,0
-8,2,11,1,20,0
-4,-3,19,1,20,0
-7,1,19,1,20,0
5,-5,19,1,20,0
-8,3,7,1,21,0
8,-5,9,1,21,0
-7,2,14,1,21,0
5,-6,15,1,21,0
8,-6,7,1,21,0
-4,-5,19,1,21,0
8,-7,6,1,21,0
-4,-6,9,1,21,0
7,-5,19,1,21,0
7,-6,13,1,21,0
2,4,19,1,21,0
7,-7,4,1,21,0
-5,5,9,1,21,0
2,5,17,1,21,0
-4,4,19,1,21,0
1,5,11,1,21,0
-4,5,15,1,21,0
-5,-3,16,1,21,0
6,-5,19,1,21,0
6,-6,9,1,21,0
5,0,21,1,21,0
-5,-4,12,1,21,0
2,7,18,1,21,0
4,-1,9,1,21,0
0,6,4,1,21,0
4,0,11,1,21,0
-5,-5,15,1,21,0
1,7,19,1,21,0
1,8,11,1,21,0
-8,2,11,1,21,0
-4,-3,19,1,21,0
-7,1,19,1,21,0
5,-5,19,1,21,0
-8,3,7,1,22,0
8,-5,9,1,22,0
-7,2,14,1,22,0
5,-6,15,1,22,0
-4,-4,21,1,22,0
8,-6,7,1,22,0
-4,-5,19,1,22,0
8,-7,6,1,22,0
-4,-6,9,1,22,0
7,-5,21,1,22,0
7,-6,13,1,22,0
2,4,21,1,22,0
7,-7,4,1,22,0
-5,5,9,1,22,0
2,5,17,1,22,0
-4,4,19,1,22,0
1,5,11,1,22,0
-4,5,15,1,22,0
-5,-3,16,1,22,0
6,-5,21,1,22,0
6,-6,9,1,22,0
5,0,22,1,22,0
-5,-4,12,1,22,0
2,7,18,1,22,0
4,-1,9,1,22,0
0,6,4,1,22,0
4,0,11,1,22,0
-5,-5,15,1,22,0
1,7,21,1,22,0
1,8,11,1,22,0
-8,2,11,1,22,0
-4,-3,21,1,22,0
-7,1,21,1,22,0
5,-5,21,1,22,0
-8,3,7,1,23,0
8,-5,9,1,23,0
-7,2,14,1,23,0
5,-6,15,1,23,0
-4,-4,22,1,23,0
8,-6,7,1,23,0
-4,-5,19,1,23,0
8,-7,6,1,23,0
-4,-6,9,1,23,0
7,-5,22,1,23,0
7,-6,13,1,23,0
2,4,22,1,23,0
7,-7,4,1,23,0
-5,5,9,1,23,0
2,5,17,1,23,0
-4,4,21,1,23,0
1,5,11,1,23,0
-4,5,15,1,23,0
-5,-3,16,1,23,0
6,-5,22,1,23,0
6,-6,9,1,23,0
5,0,23,1,23,0
-5,-4,12,1,23,0
2,7,18,1,23,0
4,-1,9,1,23,0
0,6,4,1,23,0
4,0,11,1,23,0
-5,-5,15,1,23,0
1,7,22,1,23,0
-7,0,22,1,23,0
1,8,11,1,23,0
-8,2,11,1,23,0
-7,1,21,1,23,0
-4,-3,22,1,23,0
5,-5,22,1,23,0
-8,3,7,1,24,0
8,-5,9,1,24,0
-7,2,14,1,24,0
5,-6,15,1,24,0
-4,-4,22,1,24,0
8,-6,7,1,24,0
-4,-5,19,1,24,0
8,-7,6,1,24,0
-4,-6,9,1,24,0
7,-5,23,1,24,0
7,-6,13,1,24,0
-3,-5,23,1,24,0
2,4,23,1,24,0
7,-7,4,1,24,0
-5,5,9,1,24,0
2,5,17,1,24,0
-4,4,22,1,24,0
1,5,11,1,24,0
-4,5,15,1,24,0
-5,-3,16,1,24,0
6,-5,23,1,24,0
6,-6,9,1,24,0
5,0,24,1,24,0
-5,-4,12,1,24,0
2,7,18,1,24,0
4,-1,9,1,24,0
0,6,4,1,24,0
4,0,11,1,24,0
-5,-5,15,1,24,0
1,7,23,1,24,0
-7,0,23,1,24,0
1,8,11,1,24,0
-8,2,11,1,24,0
-7,1,21,1,24,0
-4,-3,23,1,24,0
5,-5,23,1,24,0
-8,3,7,1,25,0
8,-5,9,1,25,0
-7,2,14,1,25,0
5,-6,15,1,25,0
-4,-4,22,1,25,0
8,-6,7,1,25,0
-4,-5,19,1,25,0
8,-7,6,1,25,0
-4,-6,9,1,25,0
7,-5,24,1,25,0
7,-6,13,1,25,0
-4,3,23,1,25,0
-3,-5,24,1,25,0
2,4,24,1,25,0
7,-7,4,1,25,0
-5,5,9,1,25,0
2,5,17,1,25,0
-4,4,22,1,25,0
1,5,11,1,25,0
-4,5,15,1,25,0
-5,-3,16,1,25,0
6,-5,24,1,25,0
6,-6,9,1,25,0
5,0,25,1,25,0
-5,-4,12,1,25,0
2,7,18,1,25,0
4,-1,9,1,25,0
0,6,4,1,25,0
4,0,11,1,25,0
-5,-5,15,1,25,0
1,7,24,1,25,0
-7,0,24,1,25,0
1,8,11,1,25,0
-8,2,11,1,25,0
-7,1,21,1,25,0
-4,-3,24,1,25,0
5,-5,24,1,25,0
-8,3,7,1,26,0
8,-5,9,1,26,0
-7,2,14,1,26,0
5,-6,15,1,26,0
-4,-4,22,1,26,0
8,-6,7,1,26,0
-4,-5,19,1,26,0
8,-7,6,1,26,0
-4,-6,9,1,26,0
-3,-4,25,1,26,0
2,3,25,1,26,0
7,-5,25,1,26,0
7,-6,13,1,26,0
-3,-5,24,1,26,0
2,4,24,1,26,0
-4,3,24,1,26,0
7,-7,4,1,26,0
-5,5,9,1,26,0
2,5,17,1,26,0
-4,4,22,1,26,0
1,5,11,1,26,0
-4,5,15,1,26,0
-5,-3,16,1,26,0
6,-5,25,1,26,0
6,-6,9,1,26,0
5,0,25,1,26,0
-5,-4,12,1,26,0
2,7,18,1,26,0
4,-1,9,1,26,0
0,6,4,1,26,0
4,0,11,1,26,0
-5,-5,15,1,26,0
1,7,25,1,26,0
-7,0,25,1,26,0
5,1,26,1,26,0
1,8,11,1,26,0
-8,2,11,1,26,0
-7,1,21,1,26,0
5,-5,24,1,26,0
-4,-3,25,1,26,0
-8,3,7,1,27,0
8,-5,9,1,27,0
-7,2,14,1,27,0
5,-6,15,1,27,0
-4,-4,22,1,27,0
8,-6,7,1,27,0
-4,-5,19,1,27,0
8,-7,6,1,27,0
-4,-6,9,1,27,0
7,-5,25,1,27,0
-3,-4,26,1,27,0
2,3,26,1,27,0
-3,-5,24,1,27,0
2,4,24,1,27,0
-4,3,25,1,27,0
7,-6,26,1,27,0
7,-7,4,1,27,0
-5,5,9,1,27,0
2,5,17,1,27,0
-4,4,22,1,27,0
6,-4,26,1,27,0
1,5,11,1,27,0
-4,5,15,1,27,0
-5,-3,16,1,27,0
6,-5,26,1,27,0
6,-6,9,1,27,0
5,0,25,1,27,0
-5,-4,12,1,27,0
2,7,18,1,27,0
4,-1,9,1,27,0
0,6,4,1,27,0
4,0,11,1,27,0
-5,-5,15,1,27,0
5,1,27,1,27,0
1,7,26,1,27,0
-7,0,26,1,27,0
1,8,11,1,27,0
-8,2,11,1,27,0
-7,1,21,1,27,0
5,-5,24,1,27,0
-4,-3,26,1,27,0
-8,3,7,1,28,0
8,-5,9,1,28,0
-7,2,14,1,28,0
5,-6,15,1,28,0
-4,-4,22,1,28,0
8,-6,7,1,28,0
-4,-5,19,1,28,0
8,-7,6,1,28,0
-4,-6,9,1,28,0
7,-5,25,1,28,0
-3,-4,27,1,28,0
2,3,27,1,28,0
-3,-5,24,1,28,0
2,4,24,1,28,0
-4,3,26,1,28,0
7,-6,27,1,28,0
7,-7,4,1,28,0
-5,5,9,1,28,0
2,5,17,1,28,0
-4,4,22,1,28,0
6,-4,27,1,28,0
1,5,11,1,28,0
-4,5,15,1,28,0
-5,-3,16,1,28,0
6,-5,27,1,28,0
6,-6,9,1,28,0
5,0,25,1,28,0
-5,-4,12,1,28,0
2,7,18,1,28,0
1,6,27,1,28,0
4,-1,9,1,28,0
0,6,4,1,28,0
4,0,11,1,28,0
-5,-5,15,1,28,0
5,1,28,1,28,0
1,7,26,1,28,0
-4,-2,27,1,28,0
-7,0,27,1,28,0
1,8,11,1,28,0
-8,2,11,1,28,0
-7,1,21,1,28,0
5,-5,24,1,28,0
-4,-3,26,1,28,0
-8,3,7,1,29,0
8,-5,9,1,29,0
-7,2,14,1,29,0
5,-6,15,1,29,0
-4,-4,22,1,29,0
8,-6,7,1,29,0
-4,-5,19,1,29,0
8,-7,6,1,29,0
-4,-6,9,1,29,0
7,-5,25,1,29,0
-3,-4,28,1,29,0
2,3,28,1,29,0
-3,-5,24,1,29,0
2,4,24,1,29,0
7,-6,27,1,29,0
-4,3,27,1,29,0
7,-7,4,1,29,0
-5,5,9,1,29,0
2,5,17,1,29,0
-4,4,22,1,29,0
6,-4,28,1,29,0
1,5,11,1,29,0
-4,5,15,1,29,0
-5,-3,16,1,29,0
6,-5,27,1,29,0
5,0,25,1,29,0
-5,-4,12,1,29,0
2,7,18,1,29,0
1,6,28,1,29,0
6,-6,28,1,29,0
4,-1,9,1,29,0
0,6,4,1,29,0
4,0,11,1,29,0
-5,-5,15,1,29,0
5,1,29,1,29,0
1,7,26,1,29,0
-7,0,27,1,29,0
-4,-2,28,1,29,0
-7,-1,28,1,29,0
1,8,11,1,29,0
-8,2,11,1,29,0
-7,1,21,1,29,0
5,-5,24,1,29,0
-4,-3,26,1,29,0
-8,3,7,1,30,0
8,-5,9,1,30,0
-7,2,14,1,30,0
5,-6,15,1,30,0
-4,-4,22,1,30,0
8,-6,7,1,30,0
-4,-5,19,1,30,0
8,-7,6,1,30,0
-4,-6,9,1,30,0
7,-5,25,1,30,0
-3,-4,29,1,30,0
2,3,29,1,30,0
-3,-5,24,1,30,0
2,4,24,1,30,0
-4,3,28,1,30,0
7,-6,29,1,30,0
7,-7,4,1,30,0
-5,5,9,1,30,0
2,5,17,1,30,0
-4,4,22,1,30,0
6,-4,29,1,30,0
1,5,11,1,30,0
-4,5,15,1,30,0
-5,-3,16,1,30,0
6,-5,27,1,30,0
5,0,25,1,30,0
-5,-4,12,1,30,0
2,7,18,1,30,0
1,6,29,1,30,0
6,-6,29,1,30,0
4,-1,9,1,30,0
0,6,4,1,30,0
4,0,11,1,30,0
-5,-5,15,1,30,0
5,1,29,1,30,0
1,7,26,1,30,0
-7,0,27,1,30,0
-4,-2,29,1,30,0
-7,-1,29,1,30,0
1,8,11,1,30,0
-8,2,11,1,30,0
-7,1,21,1,30,0
5,-5,24,1,30,0
-4,-3,26,1,30,0
-8,3,7,1,31,0
8,-5,9,1,31,0
-7,2,14,1,31,0
5,-6,15,1,31,0
-4,-4,22,1,31,0
8,-6,7,1,31,0
-4,-5,19,1,31,0
8,-7,6,1,31,0
-4,-6,9,1,31,0
7,-5,25,1,31,0
-3,-4,29,1,31,0
2,3,29,1,31,0
-3,-5,24,1,31,0
2,4,24,1,31,0
7,-6,29,1,31,0
-4,3,29,1,31,0
7,-7,4,1,31,0
-5,5,9,1,31,0
2,5,17,1,31,0
-4,4,22,1,31,0
6,-4,29,1,31,0
1,5,11,1,31,0
-4,5,15,1,31,0
-5,-3,16,1,31,0
6,-5,27,1,31,0
5,0,25,1,31,0
-5,-4,12,1,31,0
2,7,18,1,31,0
1,6,29,1,31,0
6,-6,29,1,31,0
4,-1,9,1,31,0
0,6,4,1,31,0
4,0,11,1,31,0
-5,-5,15,1,31,0
5,1,31,1,31,0
1,7,26,1,31,0
-7,0,27,1,31,0
-4,-2,29,1,31,0
-7,-1,29,1,31,0
1,8,11,1,31,0
-8,2,11,1,31,0
-7,1,21,1,31,0
5,-5,24,1,31,0
-4,-3,26,1,31,0
-8,3,7,1,32,0
8,-5,9,1,32,0
-7,2,14,1,32,0
5,-6,15,1,32,0
-4,-4,22,1,32,0
8,-6,7,1,32,0
-4,-5,19,1,32,0
8,-7,6,1,32,0
-4,-6,9,1,32,0
7,-5,25,1,32,0
-3,-4,29,1,32,0
2,3,31,1,32,0
-3,-5,24,1,32,0
2,4,24,1,32,0
7,-6,29,1,32,0
-4,3,29,1,32,0
7,-7,4,1,32,0
-5,5,9,1,32,0
2,5,17,1,32,0
-4,4,22,1,32,0
6,-4,31,1,32,0
1,5,11,1,32,0
-4,5,15,1,32,0
-5,-3,16,1,32,0
6,-5,27,1,32,0
-2,-4,31,1,32,0
5,0,25,1,32,0
-5,-4,12,1,32,0
2,7,18,1,32,0
1,6,31,1,32,0
6,-6,31,1,32,0
4,-1,9,1,32,0
0,6,4,1,32,0
4,0,11,1,32,0
-5,-5,15,1,32,0
5,1,32,1,32,0
1,7,26,1,32,0
-7,0,27,1,32,0
-4,-2,31,1,32,0
-7,-1,31,1,32,0
1,8,11,1,32,0
-8,2,11,1,32,0
-7,1,21,1,32,0
5,-5,24,1,32,0
-4,-3,26,1,32,0
-8,3,7,1,33,0
8,-5,9,1,33,0
-7,2,14,1,33,0
5,-6,15,1,33,0
-4,-4,22,1,33,0
8,-6,7,1,33,0
-4,-5,19,1,33,0
8,-7,6,1,33,0
-4,-6,9,1,33,0
7,-5,25,1,33,0
-3,-4,29,1,33,0
2,3,32,1,33,0
-3,-5,24,1,33,0
2,4,24,1,33,0
7,-6,29,1,33,0
-4,3,31,1,33,0
7,-7,4,1,33,0
-5,5,9,1,33,0
2,5,17,1,33,0
-4,4,22,1,33,0
6,-4,32,1,33,0
1,5,11,1,33,0
-4,5,15,1,33,0
-5,-3,16,1,33,0
6,-5,27,1,33,0
-2,-4,32,1,33,0
5,0,25,1,33,0
-5,-4,12,1,33,0
2,7,18,1,33,0
1,6,32,1,33,0
6,-6,32,1,33,0
4,-1,9,1,33,0
0,6,4,1,33,0
4,0,11,1,33,0
-5,-5,15,1,33,0
5,1,33,1,33,0
1,7,26,1,33,0
-7,0,27,1,33,0
-4,-2,32,1,33,0
-7,-1,32,1,33,0
1,8,11,1,33,0
-8,2,11,1,33,0
-7,1,21,1,33,0
5,-5,24,1,33,0
-4,-3,26,1,33,0
-8,3,7,1,34,0
8,-5,9,1,34,0
-7,2,14,1,34,0
5,-6,15,1,34,0
-4,-4,22,1,34,0
8,-6,7,1,34,0
-4,-5,19,1,34,0
8,-7,6,1,34,0
-4,-6,9,1,34,0
7,-5,25,1,34,0
-3,-4,29,1,34,0
2,3,33,1,34,0
-3,-5,24,1,34,0
2,4,24,1,34,0
7,-6,29,1,34,0
-4,3,31,1,34,0
7,-7,4,1,34,0
-5,5,9,1,34,0
2,5,17,1,34,0
-4,4,22,1,34,0
-3,3,32,1,34,0
6,-4,33,1,34,0
1,5,11,1,34,0
-4,5,15,1,34,0
-5,-3,16,1,34,0
6,-5,27,1,34,0
-2,-4,33,1,34,0
5,0,25,1,34,0
-5,-4,12,1,34,0
2,7,18,1,34,0
1,6,33,1,34,0
6,-6,33,1,34,0
4,-1,9,1,34,0
0,6,4,1,34,0
4,0,11,1,34,0
-5,-5,15,1,34,0
5,1,34,1,34,0
1,7,26,1,34,0
-7,0,27,1,34,0
-4,-2,33,1,34,0
-7,-1,33,1,34,0
1,8,11,1,34,0
-8,2,11,1,34,0
-7,1,21,1,34,0
5,-5,24,1,34,0
-4,-3,26,1,34,0
-8,3,7,1,35,0
8,-5,9,1,35,0
-7,2,14,1,35,0
5,-6,15,1,35,0
-4,-4,22,1,35,0
8,-6,7,1,35,0
-4,-5,19,1,35,0
8,-7,6,1,35,0
-4,-6,9,1,35,0
7,-5,25,1,35,0
-3,-4,29,1,35,0
2,3,34,1,35,0
-3,-5,24,1,35,0
2,4,24,1,35,0
7,-6,29,1,35,0
-4,3,31,1,35,0
7,-7,4,1,35,0
-5,5,9,1,35,0
2,5,17,1,35,0
-4,4,22,1,35,0
-3,3,33,1,35,0
6,-4,34,1,35,0
1,5,11,1,35,0
-4,5,15,1,35,0
-5,-3,16,1,35,0
-2,-4,34,1,35,0
6,-5,34,1,35,0
5,0,35,1,35,0
-5,-4,12,1,35,0
2,7,18,1,35,0
1,6,34,1,35,0
6,-6,33,1,35,0
4,-1,9,1,35,0
0,6,4,1,35,0
4,0,11,1,35,0
-5,-5,15,1,35,0
5,1,34,1,35,0
1,7,26,1,35,0
-7,0,27,1,35,0
-4,-2,34,1,35,0
-7,-1,34,1,35,0
6,-7,34,1,35,0
1,8,11,1,35,0
-8,2,11,1,35,0
-7,1,21,1,35,0
5,-5,24,1,35,0
-4,-3,26,1,35,0
-8,3,7,1,36,0
8,-5,9,1,36,0
-7,2,14,1,36,0
5,-6,15,1,36,0
-4,-4,22,1,36,0
8,-6,7,1,36,0
-4,-5,19,1,36,0
-6,-1,35,1,36,0
8,-7,6,1,36,0
-4,-6,9,1,36,0
3,3,35,1,36,0
7,-5,25,1,36,0
-3,-4,29,1,36,0
2,3,34,1,36,0
-3,-5,24,1,36,0
2,4,24,1,36,0
7,-6,29,1,36,0
-4,3,31,1,36,0
7,-7,4,1,36,0
-5,5,9,1,36,0
2,5,17,1,36,0
-4,4,22,1,36,0
-3,3,34,1,36,0
-5,-2,35,1,36,0
6,-4,35,1,36,0
1,5,11,1,36,0
-4,5,15,1,36,0
-5,-3,16,1,36,0
-2,-4,35,1,36,0
6,-5,35,1,36,0
5,0,36,1,36,0
-5,-4,12,1,36,0
2,7,18,1,36,0
1,6,35,1,36,0
6,-6,33,1,36,0
4,-1,9,1,36,0
0,6,4,1,36,0
4,0,11,1,36,0
-5,-5,15,1,36,0
5,1,34,1,36,0
1,7,26,1,36,0
-7,0,27,1,36,0
-4,-2,34,1,36,0
-7,-1,34,1,36,0
6,-7,35,1,36,0
1,8,11,1,36,0
-8,2,11,1,36,0
-7,1,21,1,36,0
5,-5,24,1,36,0
-4,-3,26,1,36,0
-8,3,7,1,37,0
8,-5,9,1,37,0
-7,2,14,1,37,0
5,-6,15,1,37,0
-4,-4,22,1,37,0
8,-6,7,1,37,0
-4,-5,19,1,37,0
-6,-1,36,1,37,0
8,-7,6,1,37,0
-4,-6,9,1,37,0
3,3,36,1,37,0
7,-5,25,1,37,0
-3,-4,29,1,37,0
2,3,34,1,37,0
-3,-5,24,1,37,0
2,4,24,1,37,0
7,-6,29,1,37,0
-4,3,31,1,37,0
7,-7,4,1,37,0
-5,5,9,1,37,0
2,5,17,1,37,0
-4,4,22,1,37,0
-3,3,35,1,37,0
-5,-2,36,1,37,0
6,-4,36,1,37,0
1,5,11,1,37,0
-4,5,15,1,37,0
-5,-3,16,1,37,0
-2,-4,36,1,37,0
6,-5,36,1,37,0
5,0,37,1,37,0
-5,-4,12,1,37,0
2,7,18,1,37,0
1,6,36,1,37,0
6,-6,33,1,37,0
4,-1,9,1,37,0
0,6,4,1,37,0
4,0,11,1,37,0
-5,-5,15,1,37,0
5,1,34,1,37,0
1,7,26,1,37,0
-7,0,27,1,37,0
-4,-2,34,1,37,0
-7,-1,34,1,37,0
6,-7,36,1,37,0
1,8,11,1,37,0
-8,2,11,1,37,0
-7,1,21,1,37,0
5,-5,24,1,37,0
-4,-3,26,1,37,0
-8,3,7,1,38,0
8,-5,9,1,38,0
-7,2,14,1,38,0
5,-6,15,1,38,0
-4,-4,22,1,38,0
8,-6,7,1,38,0
-4,-5,19,1,38,0
-6,-1,37,1,38,0
8,-7,6,1,38,0
-4,-6,9,1,38,0
3,3,36,1,38,0
7,-5,25,1,38,0
-3,-4,29,1,38,0
2,3,34,1,38,0
3,4,37,1,38,0
-3,-5,24,1,38,0
2,4,24,1,38,0
7,-6,29,1,38,0
-4,3,31,1,38,0
7,-7,4,1,38,0
-5,5,9,1,38,0
2,5,17,1,38,0
-4,4,22,1,38,0
-3,3,36,1,38,0
-5,-2,37,1,38,0
6,-4,37,1,38,0
1,5,11,1,38,0
-4,5,15,1,38,0
-5,-3,16,1,38,0
2,6,37,1,38,0
-2,-4,37,1,38,0
6,-5,37,1,38,0
5,0,38,1,38,0
-5,-4,12,1,38,0
2,7,18,1,38,0
1,6,36,1,38,0
6,-6,33,1,38,0
4,-1,9,1,38,0
0,6,4,1,38,0
4,0,11,1,38,0
-5,-5,15,1,38,0
5,1,34,1,38,0
1,7,26,1,38,0
-7,0,27,1,38,0
-4,-2,34,1,38,0
-7,-1,34,1,38,0
6,-7,37,1,38,0
1,8,11,1,38,0
-8,2,11,1,38,0
-7,1,21,1,38,0
5,-5,24,1,38,0
-4,-3,26,1,38,0
-8,3,7,1,39,0
8,-5,9,1,39,0
-7,2,14,1,39,0
5,-6,15,1,39,0
-4,-4,22,1,39,0
8,-6,7,1,39,0
-4,-5,19,1,39,0
-6,-1,38,1,39,0
8,-7,6,1,39,0
-4,-6,9,1,39,0
3,3,36,1,39,0
7,-5,25,1,39,0
-3,-4,29,1,39,0
2,3,34,1,39,0
3,4,38,1,39,0
-3,-5,24,1,39,0
2,4,24,1,39,0
7,-6,29,1,39,0
-4,3,31,1,39,0
7,-7,4,1,39,0
-5,5,9,1,39,0
2,5,17,1,39,0
-4,4,22,1,39,0
-3,3,37,1,39,0
-5,-2,38,1,39,0
6,-4,38,1,39,0
1,5,11,1,39,0
-4,5,15,1,39,0
-5,-3,16,1,39,0
-2,-4,37,1,39,0
2,6,38,1,39,0
6,-5,38,1,39,0
5,0,39,1,39,0
-5,-4,12,1,39,0
2,7,18,1,39,0
1,6,36,1,39,0
6,-6,33,1,39,0
4,-1,9,1,39,0
0,6,4,1,39,0
4,0,11,1,39,0
-5,-5,15,1,39,0
5,1,34,1,39,0
1,7,26,1,39,0
-7,0,27,1,39,0
-4,-2,34,1,39,0
-7,-1,34,1,39,0
6,-7,38,1,39,0
1,8,11,1,39,0
-8,2,11,1,39,0
-7,1,21,1,39,0
5,-5,24,1,39,0
-4,-3,26,1,39,0
-1,-4,38,1,39,0
-8,3,7,1,40,0
8,-5,9,1,40,0
-7,2,14,1,40,0
5,-6,15,1,40,0
-4,-4,22,1,40,0
8,-6,7,1,40,0
-4,-5,19,1,40,0
-6,-1,39,1,40,0
8,-7,6,1,40,0
-4,-6,9,1,40,0
3,3,36,1,40,0
7,-5,25,1,40,0
-3,-4,29,1,40,0
2,3,34,1,40,0
3,4,39,1,40,0
-3,-5,24,1,40,0
2,4,24,1,40,0
7,-6,29,1,40,0
-4,3,31,1,40,0
7,-7,4,1,40,0
-5,5,9,1,40,0
2,5,17,1,40,0
-4,4,22,1,40,0
-3,3,38,1,40,0
-5,-2,39,1,40,0
6,-4,39,1,40,0
1,5,11,1,40,0
-4,5,15,1,40,0
-5,-3,16,1,40,0
-2,-4,37,1,40,0
6,-5,38,1,40,0
2,6,39,1,40,0
5,0,39,1,40,0
-5,-4,12,1,40,0
2,7,18,1,40,0
1,6,36,1,40,0
6,-6,39,1,40,0
4,-1,9,1,40,0
0,6,4,1,40,0
4,0,11,1,40,0
-5,-5,15,1,40,0
5,1,34,1,40,0
1,7,26,1,40,0
-7,0,27,1,40,0
-4,-2,34,1,40,0
-7,-1,34,1,40,0
6,-7,39,1,40,0
1,8,11,1,40,0
-8,2,11,1,40,0
-7,1,21,1,40,0
5,-5,24,1,40,0
-4,-3,26,1,40,0
-1,-4,39,1,40,0
-8,3,7,1,41,0
8,-5,9,1,41,0
-7,2,14,1,41,0
5,-6,15,1,41,0
-4,-4,22,1,41,0
8,-6,7,1,41,0
-4,-5,19,1,41,0
-6,-1,39,1,41,0
8,-7,6,1,41,0
-4,-6,9,1,41,0
3,3,36,1,41,0
7,-5,25,1,41,0
-3,-4,29,1,41,0
2,3,34,1,41,0
3,4,39,1,41,0
-3,-5,24,1,41,0
2,4,24,1,41,0
7,-6,29,1,41,0
-4,3,31,1,41,0
7,-7,4,1,41,0
-5,5,9,1,41,0
2,5,17,1,41,0
-4,4,22,1,41,0
-5,-2,39,1,41,0
6,-4,39,1,41,0
-3,3,39,1,41,0
1,5,11,1,41,0
-4,5,15,1,41,0
-5,-3,16,1,41,0
-2,-4,37,1,41,0
6,-5,38,1,41,0
2,6,39,1,41,0
6,0,41,1,41,0
5,0,39,1,41,0
-5,-4,12,1,41,0
2,7,18,1,41,0
1,6,36,1,41,0
6,-6,39,1,41,0
4,-1,9,1,41,0
0,6,4,1,41,0
4,0,11,1,41,0
-5,-5,15,1,41,0
5,1,34,1,41,0
1,7,26,1,41,0
-7,0,27,1,41,0
-4,-2,34,1,41,0
-7,-1,34,1,41,0
6,-7,39,1,41,0
1,8,11,1,41,0
-8,2,11,1,41,0
-7,1,21,1,41,0
5,-5,24,1,41,0
-4,-3,26,1,41,0
-1,-4,39,1,41,0
-8,3,7,1,42,0
8,-5,9,1,42,0
-7,2,14,1,42,0
5,-6,15,1,42,0
-4,-4,22,1,42,0
8,-6,7,1,42,0
-4,-5,19,1,42,0
-6,-1,41,1,42,0
8,-7,6,1,42,0
-4,-6,9,1,42,0
3,3,36,1,42,0
7,-5,25,1,42,0
-3,-4,29,1,42,0
2,3,34,1,42,0
3,4,41,1,42,0
-3,-5,24,1,42,0
2,4,24,1,42,0
7,-6,29,1,42,0
-4,3,31,1,42,0
7,-7,4,1,42,0
-5,5,9,1,42,0
2,5,17,1,42,0
-4,4,22,1,42,0
6,-4,39,1,42,0
-3,3,39,1,42,0
-5,-2,41,1,42,0
1,5,11,1,42,0
-4,5,15,1,42,0
-5,-3,16,1,42,0
-2,-4,37,1,42,0
6,0,42,1,42,0
2,6,41,1,42,0
6,-5,41,1,42,0
5,0,39,1,42,0
-5,-4,12,1,42,0
2,7,18,1,42,0
1,6,36,1,42,0
6,-6,41,1,42,0
4,-1,9,1,42,0
0,6,4,1,42,0
4,0,11,1,42,0
-5,-5,15,1,42,0
5,1,34,1,42,0
1,7,26,1,42,0
-7,0,27,1,42,0
-4,-2,34,1,42,0
-7,-1,34,1,42,0
-1,-3,41,1,42,0
6,-7,41,1,42,0
1,8,11,1,42,0
-8,2,11,1,42,0
-7,1,21,1,42,0
5,-5,24,1,42,0
-4,-3,26,1,42,0
-1,-4,39,1,42,0
-8,3,7,1,43,0
8,-5,9,1,43,0
-7,2,14,1,43,0
5,-6,15,1,43,0
-4,-4,22,1,43,0
8,-6,7,1,43,0
-4,-5,19,1,43,0
-6,-1,41,1,43,0
8,-7,6,1,43,0
-4,-6,9,1,43,0
3,3,36,1,43,0
7,-5,25,1,43,0
-3,-4,29,1,43,0
2,3,34,1,43,0
3,4,42,1,43,0
-3,-5,24,1,43,0
2,4,24,1,43,0
7,-6,29,1,43,0
-4,3,31,1,43,0
7,-7,4,1,43,0
-5,5,9,1,43,0
2,5,17,1,43,0
-4,4,22,1,43,0
6,-4,39,1,43,0
-3,3,41,1,43,0
-5,-2,42,1,43,0
1,5,11,1,43,0
-4,5,15,1,43,0
-5,-3,16,1,43,0
-2,-4,37,1,43,0
6,0,43,1,43,0
2,6,42,1,43,0
6,-5,42,1,43,0
5,0,39,1,43,0
-5,-4,12,1,43,0
2,7,18,1,43,0
1,6,36,1,43,0
6,-6,42,1,43,0
4,-1,9,1,43,0
0,6,4,1,43,0
4,0,11,1,43,0
-5,-5,15,1,43,0
5,1,34,1,43,0
1,7,26,1,43,0
-7,0,27,1,43,0
-4,-2,34,1,43,0
-7,-1,34,1,43,0
-1,-3,41,1,43,0
6,-7,42,1,43,0
1,8,11,1,43,0
-8,2,11,1,43,0
-7,1,21,1,43,0
5,-5,24,1,43,0
-4,-3,26,1,43,0
-1,-4,42,1,43,0
-6,0,42,1,43,0
-8,3,7,1,44,0
8,-5,9,1,44,0
-7,2,14,1,44,0
5,-6,15,1,44,0
-4,-4,22,1,44,0
8,-6,7,1,44,0
-4,-5,19,1,44,0
-6,-1,41,1,44,0
8,-7,6,1,44,0
-4,-6,9,1,44,0
3,3,36,1,44,0
7,-5,25,1,44,0
-3,-4,29,1,44,0
2,3,34,1,44,0
3,4,43,1,44,0
-3,-5,24,1,44,0
2,4,24,1,44,0
7,-6,29,1,44,0
-4,3,31,1,44,0
7,-7,4,1,44,0
-5,5,9,1,44,0
2,5,17,1,44,0
-4,4,22,1,44,0
6,-4,39,1,44,0
-3,3,42,1,44,0
-5,-2,43,1,44,0
1,5,11,1,44,0
-4,5,15,1,44,0
-5,-3,16,1,44,0
-2,-4,37,1,44,0
6,0,44,1,44,0
2,6,43,1,44,0
6,-5,43,1,44,0
5,0,39,1,44,0
-5,-4,12,1,44,0
2,7,18,1,44,0
1,6,36,1,44,0
6,-6,43,1,44,0
4,-1,9,1,44,0
0,6,4,1,44,0
4,0,11,1,44,0
-5,-5,15,1,44,0
5,1,34,1,44,0
1,7,26,1,44,0
-7,0,27,1,44,0
-4,-2,34,1,44,0
-7,-1,34,1,44,0
-1,-3,41,1,44,0
6,-7,42,1,44,0
1,8,11,1,44,0
-8,2,11,1,44,0
-7,1,21,1,44,0
5,-5,24,1,44,0
-4,-3,26,1,44,0
-1,-4,43,1,44,0
-6,0,43,1,44,0
-8,3,7,1,45,0
8,-5,9,1,45,0
-7,2,14,1,45,0
5,-6,15,1,45,0
-4,-4,22,1,45,0
8,-6,7,1,45,0
-4,-5,19,1,45,0
-6,-1,41,1,45,0
8,-7,6,1,45,0
-4,-6,9,1,45,0
3,3,36,1,45,0
7,-5,25,1,45,0
-3,-4,29,1,45,0
2,3,34,1,45,0
3,4,44,1,45,0
-3,-5,24,1,45,0
2,4,24,1,45,0
7,-6,29,1,45,0
-4,3,31,1,45,0
7,-7,4,1,45,0
-5,5,9,1,45,0
2,5,17,1,45,0
-4,4,22,1,45,0
6,-4,39,1,45,0
-5,-2,43,1,45,0
-3,3,43,1,45,0
1,5,11,1,45,0
-4,5,15,1,45,0
-2,-4,37,1,45,0
6,0,45,1,45,0
2,6,44,1,45,0
-5,-3,44,1,45,0
6,-5,44,1,45,0
5,0,39,1,45,0
-5,-4,12,1,45,0
2,7,18,1,45,0
1,6,36,1,45,0
6,-6,44,1,45,0
4,-1,9,1,45,0
0,6,4,1,45,0
4,0,11,1,45,0
-5,-5,15,1,45,0
5,1,34,1,45,0
1,7,26,1,45,0
-7,0,27,1,45,0
-4,-2,34,1,45,0
-7,-1,34,1,45,0
-1,-3,44,1,45,0
6,-7,44,1,45,0
1,8,11,1,45,0
-8,2,11,1,45,0
-7,1,21,1,45,0
5,-5,24,1,45,0
-4,-3,26,1,45,0
-1,-4,43,1,45,0
-6,0,44,1,45,0
-8,3,7,1,46,0
8,-5,9,1,46,0
-7,2,14,1,46,0
5,-6,15,1,46,0
-4,-4,22,1,46,0
8,-6,7,1,46,0
-4,-5,19,1,46,0
-6,-1,41,1,46,0
8,-7,6,1,46,0
-4,-6,9,1,46,0
3,3,36,1,46,0
0,-3,45,1,46,0
7,-5,25,1,46,0
-3,-4,29,1,46,0
2,3,34,1,46,0
3,4,45,1,46,0
-3,-5,24,1,46,0
2,4,24,1,46,0
7,-6,29,1,46,0
-4,3,31,1,46,0
7,-7,4,1,46,0
-5,5,9,1,46,0
2,5,17,1,46,0
-4,4,22,1,46,0
-5,-2,43,1,46,0
-3,3,43,1,46,0
3,6,45,1,46,0
6,-4,45,1,46,0
1,5,11,1,46,0
-4,5,15,1,46,0
-2,-4,37,1,46,0
6,0,46,1,46,0
2,6,44,1,46,0
6,-5,44,1,46,0
-2,3,44,1,46,0
-5,-3,45,1,46,0
5,0,39,1,46,0
-5,-4,12,1,46,0
2,7,18,1,46,0
1,6,36,1,46,0
6,-6,45,1,46,0
4,-1,9,1,46,0
0,6,4,1,46,0
4,0,11,1,46,0
-5,-5,15,1,46,0
5,1,34,1,46,0
1,7,26,1,46,0
-7,0,27,1,46,0
-4,-2,34,1,46,0
-7,-1,34,1,46,0
-1,-3,44,1,46,0
6,-7,45,1,46,0
1,8,11,1,46,0
-8,2,11,1,46,0
-7,1,21,1,46,0
5,-5,24,1,46,0
-4,-3,26,1,46,0
-1,-4,43,1,46,0
-6,0,45,1,46,0
-8,3,7,1,47,0
8,-5,9,1,47,0
-7,2,14,1,47,0
5,-6,15,1,47,0
-4,-4,22,1,47,0
8,-6,7,1,47,0
-4,-5,19,1,47,0
-6,-1,41,1,47,0
8,-7,6,1,47,0
-4,-6,9,1,47,0
0,-3,46,1,47,0
3,3,46,1,47,0
7,-5,25,1,47,0
-3,-4,29,1,47,0
2,3,34,1,47,0
3,4,45,1,47,0
-3,-5,24,1,47,0
2,4,24,1,47,0
7,-6,29,1,47,0
-4,3,31,1,47,0
7,-7,4,1,47,0
-5,5,9,1,47,0
2,5,17,1,47,0
-4,4,22,1,47,0
-5,-2,43,1,47,0
-3,3,43,1,47,0
3,6,46,1,47,0
6,-4,46,1,47,0
1,5,11,1,47,0
-4,5,15,1,47,0
-2,-4,37,1,47,0
6,0,47,1,47,0
2,6,44,1,47,0
6,-5,44,1,47,0
-2,3,45,1,47,0
-5,-3,46,1,47,0
5,0,39,1,47,0
-5,-4,12,1,47,0
2,7,18,1,47,0
1,6,36,1,47,0
6,-6,46,1,47,0
4,-1,9,1,47,0
0,6,4,1,47,0
4,0,11,1,47,0
-5,-5,15,1,47,0
5,1,34,1,47,0
1,7,26,1,47,0
-7,0,27,1,47,0
-4,-2,34,1,47,0
-7,-1,34,1,47,0
-1,-3,44,1,47,0
6,-7,46,1,47,0
1,8,11,1,47,0
-8,2,11,1,47,0
-7,1,21,1,47,0
5,-5,24,1,47,0
-4,-3,26,1,47,0
-1,-4,43,1,47,0
-6,0,46,1,47,0
-8,3,7,1,48,0
8,-5,9,1,48,0
-7,2,14,1,48,0
5,-6,15,1,48,0
-4,-4,22,1,48,0
8,-6,7,1,48,0
-4,-5,19,1,48,0
-6,-1,41,1,48,0
8,-7,6,1,48,0
-4,-6,9,1,48,0
0,-3,47,1,48,0
3,3,47,1,48,0
7,-5,25,1,48,0
-3,-4,29,1,48,0
2,3,34,1,48,0
3,4,45,1,48,0
-3,-5,24,1,48,0
2,4,24,1,48,0
7,-6,29,1,48,0
-4,3,31,1,48,0
7,-7,4,1,48,0
-5,5,9,1,48,0
2,5,17,1,48,0
-4,4,22,1,48,0
-5,-2,43,1,48,0
-3,3,43,1,48,0
3,6,47,1,48,0
6,-4,47,1,48,0
1,5,11,1,48,0
-4,5,15,1,48,0
-2,-4,37,1,48,0
6,0,48,1,48,0
2,6,44,1,48,0
6,-5,44,1,48,0
-5,-3,46,1,48,0
-2,3,46,1,48,0
5,0,39,1,48,0
-5,-4,12,1,48,0
2,7,18,1,48,0
1,6,36,1,48,0
6,-6,47,1,48,0
4,-1,9,1,48,0
0,6,4,1,48,0
4,0,11,1,48,0
-5,-5,15,1,48,0
5,1,34,1,48,0
1,7,26,1,48,0
-7,0,27,1,48,0
-4,-2,34,1,48,0
-7,-1,34,1,48,0
-1,-3,44,1,48,0
6,-7,47,1,48,0
1,8,11,1,48,0
-8,2,11,1,48,0
-7,1,21,1,48,0
5,-5,24,1,48,0
-1,-4,43,1,48,0
-4,-3,47,1,48,0
-6,0,47,1,48,0
-8,3,7,1,49,0
8,-5,9,1,49,0
-7,2,14,1,49,0
5,-6,15,1,49,0
-4,-4,22,1,49,0
8,-6,7,1,49,0
-4,-5,19,1,49,0
-6,-1,41,1,49,0
5,-7,48,1,49,0
8,-7,6,1,49,0
-4,-6,9,1,49,0
0,-3,48,1,49,0
3,3,48,1,49,0
7,-5,25,1,49,0
-3,-4,29,1,49,0
2,3,34,1,49,0
3,4,45,1,49,0
-3,-5,24,1,49,0
2,4,24,1,49,0
7,-6,29,1,49,0
-4,3,31,1,49,0
7,-7,4,1,49,0
-5,5,9,1,49,0
2,5,17,1,49,0
-4,4,22,1,49,0
-5,-2,43,1,49,0
-3,3,43,1,49,0
3,6,48,1,49,0
6,-4,48,1,49,0
1,5,11,1,49,0
-4,5,15,1,49,0
-2,-4,37,1,49,0
6,0,49,1,49,0
2,6,44,1,49,0
6,-5,44,1,49,0
-5,-3,46,1,49,0
-2,3,47,1,49,0
5,0,39,1,49,0
-5,-4,12,1,49,0
2,7,18,1,49,0
1,6,36,1,49,0
6,-6,48,1,49,0
4,-1,9,1,49,0
0,6,4,1,49,0
4,0,11,1,49,0
-5,-5,15,1,49,0
5,1,34,1,49,0
1,7,26,1,49,0
-7,0,27,1,49,0
-4,-2,34,1,49,0
-7,-1,34,1,49,0
-1,-3,44,1,49,0
6,-7,47,1,49,0
1,8,11,1,49,0
-8,2,11,1,49,0
-7,1,21,1,49,0
5,-5,24,1,49,0
-1,-4,43,1,49,0
-4,-3,48,1,49,0
-6,0,48,1,49,0
-8,3,7,1,50,0
8,-5,9,1,50,0
-7,2,14,1,50,0
5,-6,15,1,50,0
-4,-4,22,1,50,0
8,-6,7,1,50,0
-4,-5,19,1,50,0
-6,-1,41,1,50,0
5,-7,49,1,50,0
8,-7,6,1,50,0
-4,-6,9,1,50,0
0,-3,49,1,50,0
3,3,49,1,50,0
7,-5,25,1,50,0
-3,-4,29,1,50,0
2,3,34,1,50,0
3,4,45,1,50,0
-3,-5,24,1,50,0
2,4,24,1,50,0
7,-6,29,1,50,0
-4,3,31,1,50,0
7,-7,4,1,50,0
-5,5,9,1,50,0
2,5,17,1,50,0
-4,4,22,1,50,0
-5,-2,43,1,50,0
-3,3,43,1,50,0
3,6,49,1,50,0
6,-4,49,1,50,0
1,5,11,1,50,0
-4,5,15,1,50,0
-2,-4,37,1,50,0
6,0,49,1,50,0
2,6,44,1,50,0
6,-5,44,1,50,0
-5,-3,46,1,50,0
-2,3,48,1,50,0
5,0,39,1,50,0
-5,-4,12,1,50,0
2,7,18,1,50,0
1,6,36,1,50,0
6,-6,48,1,50,0
4,-1,9,1,50,0
0,6,4,1,50,0
4,0,11,1,50,0
-5,-5,15,1,50,0
5,1,34,1,50,0
1,7,26,1,50,0
-7,0,27,1,50,0
-4,-2,34,1,50,0
-7,-1,34,1,50,0
-1,-3,44,1,50,0
6,-7,47,1,50,0
1,8,11,1,50,0
-8,2,11,1,50,0
-7,1,21,1,50,0
5,-5,24,1,50,0
-1,-4,43,1,50,0
-4,-3,49,1,50,0
-6,0,49,1,50,0
-8,3,7,1,51,0
8,-5,9,1,51,0
-7,2,14,1,51,0
5,-6,15,1,51,0
-4,-4,22,1,51,0
8,-6,7,1,51,0
-4,-5,19,1,51,0
-6,-1,41,1,51,0
5,-7,49,1,51,0
8,-7,6,1,51,0
-4,-6,9,1,51,0
0,-3,49,1,51,0
3,3,49,1,51,0
7,-5,25,1,51,0
-3,-4,29,1,51,0
2,3,34,1,51,0
3,4,45,1,51,0
-3,-5,24,1,51,0
2,4,24,1,51,0
7,-6,29,1,51,0
-4,3,31,1,51,0
7,-7,4,1,51,0
-5,5,9,1,51,0
2,5,17,1,51,0
-4,4,22,1,51,0
-5,-2,43,1,51,0
-3,3,43,1,51,0
3,6,49,1,51,0
6,-4,49,1,51,0
7,0,51,1,51,0
1,5,11,1,51,0
-4,5,15,1,51,0
-2,-4,37,1,51,0
6,0,49,1,51,0
2,6,44,1,51,0
6,-5,44,1,51,0
-5,-3,46,1,51,0
-2,3,49,1,51,0
5,0,39,1,51,0
-5,-4,12,1,51,0
2,7,18,1,51,0
1,6,36,1,51,0
6,-6,49,1,51,0
4,-1,9,1,51,0
0,6,4,1,51,0
4,0,11,1,51,0
-5,-5,15,1,51,0
5,1,34,1,51,0
1,7,26,1,51,0
-7,0,27,1,51,0
-4,-2,34,1,51,0
-7,-1,34,1,51,0
-1,-3,44,1,51,0
6,-7,47,1,51,0
1,8,11,1,51,0
-8,2,11,1,51,0
-7,1,21,1,51,0
5,-5,24,1,51,0
-1,-4,43,1,51,0
-4,-3,49,1,51,0
-6,0,49,1,51,0
-8,3,7,1,52,0
8,-5,9,1,52,0
-7,2,14,1,52,0
5,-6,15,1,52,0
-4,-4,22,1,52,0
8,-6,7,1,52,0
-4,-5,19,1,52,0
-6,-1,41,1,52,0
5,-7,51,1,52,0
8,-7,6,1,52,0
-4,-6,9,1,52,0
0,-3,51,1,52,0
3,3,51,1,52,0
7,-5,25,1,52,0
-3,-4,29,1,52,0
2,3,34,1,52,0
3,4,45,1,52,0
-3,-5,24,1,52,0
2,4,24,1,52,0
7,-6,29,1,52,0
-4,3,31,1,52,0
7,-7,4,1,52,0
-5,5,9,1,52,0
2,5,17,1,52,0
-4,4,22,1,52,0
-5,-2,43,1,52,0
-3,3,43,1,52,0
7,0,52,1,52,0
3,6,51,1,52,0
6,-4,51,1,52,0
1,5,11,1,52,0
-4,5,15,1,52,0
-2,-4,37,1,52,0
6,0,49,1,52,0
2,6,44,1,52,0
6,-5,44,1,52,0
-5,-3,46,1,52,0
-2,3,49,1,52,0
5,0,39,1,52,0
-5,-4,12,1,52,0
2,7,18,1,52,0
1,6,36,1,52,0
6,-6,51,1,52,0
4,-1,9,1,52,0
0,6,4,1,52,0
4,0,11,1,52,0
-5,-5,15,1,52,0
5,1,34,1,52,0
1,7,26,1,52,0
-7,0,27,1,52,0
-4,-2,34,1,52,0
-7,-1,34,1,52,0
-1,-3,44,1,52,0
6,-7,47,1,52,0
1,8,11,1,52,0
-8,2,11,1,52,0
-7,1,21,1,52,0
5,-5,24,1,52,0
-1,-4,43,1,52,0
-4,-3,51,1,52,0
-6,0,51,1,52,0
-8,3,7,1,53,0
8,-5,9,1,53,0
-7,2,14,1,53,0
5,-6,15,1,53,0
-4,-4,22,1,53,0
8,-6,7,1,53,0
-4,-5,19,1,53,0
-6,-1,41,1,53,0
5,-7,52,1,53,0
8,-7,6,1,53,0
-4,-6,9,1,53,0
0,-3,52,1,53,0
3,3,52,1,53,0
7,-5,25,1,53,0
-3,-4,29,1,53,0
2,3,34,1,53,0
3,4,45,1,53,0
-3,-5,24,1,53,0
2,4,24,1,53,0
7,-6,29,1,53,0
-4,3,31,1,53,0
7,-7,4,1,53,0
-5,5,9,1,53,0
2,5,17,1,53,0
-4,4,22,1,53,0
-5,-2,43,1,53,0
7,0,53,1,53,0
3,6,52,1,53,0
-3,3,51,1,53,0
6,-4,52,1,53,0
1,5,11,1,53,0
-4,5,15,1,53,0
-2,-4,37,1,53,0
6,0,49,1,53,0
2,6,44,1,53,0
6,-5,44,1,53,0
-5,-3,46,1,53,0
-2,3,49,1,53,0
5,0,39,1,53,0
-5,-4,12,1,53,0
2,7,18,1,53,0
1,6,36,1,53,0
6,-6,52,1,53,0
4,-1,9,1,53,0
0,6,4,1,53,0
4,0,11,1,53,0
-5,-5,15,1,53,0
5,1,34,1,53,0
1,7,26,1,53,0
-7,0,27,1,53,0
-4,-2,34,1,53,0
-7,-1,34,1,53,0
-1,-3,44,1,53,0
6,-7,47,1,53,0
1,8,11,1,53,0
-8,2,11,1,53,0
-7,1,21,1,53,0
5,-5,24,1,53,0
-1,-4,43,1,53,0
-4,-3,52,1,53,0
-6,0,52,1,53,0
-8,3,7,1,54,0
8,-5,9,1,54,0
-7,2,14,1,54,0
5,-6,15,1,54,0
-4,-4,22,1,54,0
8,-6,7,1,54,0
-4,-5,19,1,54,0
-6,-1,41,1,54,0
5,-7,53,1,54,0
8,-7,6,1,54,0
-4,-6,9,1,54,0
0,-3,52,1,54,0
3,3,53,1,54,0
7,-5,25,1,54,0
-3,-4,29,1,54,0
2,3,34,1,54,0
3,4,45,1,54,0
-3,-5,24,1,54,0
2,4,24,1,54,0
7,-6,29,1,54,0
-4,3,31,1,54,0
7,-7,4,1,54,0
-5,5,9,1,54,0
2,5,17,1,54,0
-4,4,22,1,54,0
-5,-2,43,1,54,0
7,0,54,1,54,0
3,6,53,1,54,0
-3,3,52,1,54,0
6,-4,53,1,54,0
1,5,11,1,54,0
-4,5,15,1,54,0
-2,-4,37,1,54,0
6,0,49,1,54,0
2,6,44,1,54,0
6,-5,44,1,54,0
-5,-3,46,1,54,0
-2,3,49,1,54,0
5,0,39,1,54,0
-5,-4,12,1,54,0
2,7,18,1,54,0
1,6,36,1,54,0
6,-6,53,1,54,0
4,-1,9,1,54,0
0,6,4,1,54,0
4,0,11,1,54,0
-5,-5,15,1,54,0
5,1,34,1,54,0
1,7,26,1,54,0
-7,0,27,1,54,0
-4,-2,34,1,54,0
-7,-1,34,1,54,0
-1,-3,44,1,54,0
6,-7,47,1,54,0
1,8,11,1,54,0
-8,2,11,1,54,0
-7,1,21,1,54,0
5,-5,24,1,54,0
-1,-4,43,1,54,0
1,-3,53,1,54,0
-4,-3,53,1,54,0
-6,0,53,1,54,0
-8,3,7,1,55,0
8,-5,9,1,55,0
-7,2,14,1,55,0
5,-6,15,1,55,0
-4,-4,22,1,55,0
8,-6,7,1,55,0
-4,-5,19,1,55,0
-6,-1,41,1,55,0
5,-7,54,1,55,0
8,-7,6,1,55,0
-4,-6,9,1,55,0
0,-3,52,1,55,0
3,3,54,1,55,0
7,-5,25,1,55,0
-3,-4,29,1,55,0
2,3,34,1,55,0
3,4,45,1,55,0
-3,-5,24,1,55,0
2,4,24,1,55,0
7,-6,29,1,55,0
-4,3,31,1,55,0
4,6,54,1,55,0
7,-7,4,1,55,0
-5,5,9,1,55,0
2,5,17,1,55,0
-4,4,22,1,55,0
-5,-2,43,1,55,0
7,0,55,1,55,0
3,6,53,1,55,0
-3,3,53,1,55,0
6,-4,54,1,55,0
1,5,11,1,55,0
-4,5,15,1,55,0
-2,-4,37,1,55,0
6,0,49,1,55,0
2,6,44,1,55,0
6,-5,44,1,55,0
-5,-3,46,1,55,0
-2,3,49,1,55,0
5,0,39,1,55,0
-5,-4,12,1,55,0
2,7,18,1,55,0
1,6,36,1,55,0
6,-6,54,1,55,0
4,-1,9,1,55,0
0,6,4,1,55,0
4,0,11,1,55,0
-5,-5,15,1,55,0
5,1,34,1,55,0
1,7,26,1,55,0
-7,0,27,1,55,0
-4,-2,34,1,55,0
-7,-1,34,1,55,0
-1,-3,44,1,55,0
6,-7,47,1,55,0
1,-2,54,1,55,0
1,8,11,1,55,0
-8,2,11,1,55,0
-7,1,21,1,55,0
5,-5,24,1,55,0
-1,-4,43,1,55,0
1,-3,53,1,55,0
-4,-3,54,1,55,0
-6,0,54,1,55,0
-8,3,7,1,56,0
8,-5,9,1,56,0
-7,2,14,1,56,0
5,-6,15,1,56,0
-4,-4,22,1,56,0
8,-6,7,1,56,0
-4,-5,19,1,56,0
-6,-1,41,1,56,0
5,-7,55,1,56,0
8,-7,6,1,56,0
-4,-6,9,1,56,0
0,-3,52,1,56,0
3,3,54,1,56,0
7,-5,25,1,56,0
-3,-4,29,1,56,0
3,4,45,1,56,0
2,3,55,1,56,0
-3,-5,24,1,56,0
2,4,24,1,56,0
7,-6,29,1,56,0
-4,3,31,1,56,0
4,6,55,1,56,0
7,-7,4,1,56,0
-5,5,9,1,56,0
2,5,17,1,56,0
-4,4,22,1,56,0
-5,-2,43,1,56,0
7,0,56,1,56,0
3,6,53,1,56,0
-3,3,54,1,56,0
6,-4,55,1,56,0
1,5,11,1,56,0
-4,5,15,1,56,0
-2,-4,37,1,56,0
6,0,49,1,56,0
2,6,44,1,56,0
6,-5,44,1,56,0
-5,-3,46,1,56,0
-2,3,49,1,56,0
5,0,39,1,56,0
-5,-4,12,1,56,0
2,7,18,1,56,0
1,6,36,1,56,0
6,-6,54,1,56,0
4,-1,9,1,56,0
0,6,4,1,56,0
4,0,11,1,56,0
-5,-5,15,1,56,0
5,1,34,1,56,0
1,7,26,1,56,0
-7,0,27,1,56,0
-4,-2,34,1,56,0
-7,-1,34,1,56,0
-1,-3,44,1,56,0
1,-2,55,1,56,0
6,-7,55,1,56,0
1,8,11,1,56,0
-8,2,11,1,56,0
-7,1,21,1,56,0
5,-5,24,1,56,0
-1,-4,43,1,56,0
1,-3,53,1,56,0
-4,-3,55,1,56,0
-6,0,55,1,56,0
-8,3,7,1,57,0
8,-5,9,1,57,0
-7,2,14,1,57,0
5,-6,15,1,57,0
-4,-4,22,1,57,0
8,-6,7,1,57,0
-4,-5,19,1,57,0
-6,-1,41,1,57,0
5,-7,56,1,57,0
8,-7,6,1,57,0
-4,-6,9,1,57,0
0,-3,52,1,57,0
3,3,54,1,57,0
7,-5,25,1,57,0
-3,-4,29,1,57,0
3,4,45,1,57,0
2,3,56,1,57,0
-3,-5,24,1,57,0
2,4,24,1,57,0
7,-6,29,1,57,0
-4,3,31,1,57,0
4,6,56,1,57,0
-3,2,55,1,57,0
7,-7,4,1,57,0
-5,5,9,1,57,0
2,5,17,1,57,0
-4,4,22,1,57,0
-5,-2,43,1,57,0
7,0,57,1,57,0
3,6,53,1,57,0
-3,3,54,1,57,0
6,-4,56,1,57,0
1,5,11,1,57,0
-4,5,15,1,57,0
-2,-4,37,1,57,0
6,0,49,1,57,0
2,6,44,1,57,0
6,-5,44,1,57,0
-5,-3,46,1,57,0
-2,3,49,1,57,0
5,0,39,1,57,0
-5,-4,12,1,57,0
2,7,18,1,57,0
1,6,36,1,57,0
6,-6,54,1,57,0
4,-1,9,1,57,0
0,6,4,1,57,0
4,0,11,1,57,0
-5,-5,15,1,57,0
5,1,34,1,57,0
1,7,26,1,57,0
-7,0,27,1,57,0
-4,-2,34,1,57,0
-7,-1,34,1,57,0
-1,-3,44,1,57,0
1,-2,56,1,57,0
6,-7,56,1,57,0
1,8,11,1,57,0
-8,2,11,1,57,0
-7,1,21,1,57,0
5,-5,24,1,57,0
-1,-4,43,1,57,0
1,-3,53,1,57,0
-4,-3,56,1,57,0
-6,0,56,1,57,0
-8,3,7,1,58,0
8,-5,9,1,58,0
-7,2,14,1,58,0
5,-6,15,1,58,0
-4,-4,22,1,58,0
8,-6,7,1,58,0
-4,-5,19,1,58,0
-6,-1,41,1,58,0
5,-7,57,1,58,0
8,-7,6,1,58,0
-4,-6,9,1,58,0
0,-3,52,1,58,0
3,3,54,1,58,0
7,-5,25,1,58,0
-3,-4,29,1,58,0
3,4,45,1,58,0
2,3,57,1,58,0
-3,-5,24,1,58,0
2,4,24,1,58,0
7,-6,29,1,58,0
-4,3,31,1,58,0
-3,2,55,1,58,0
4,6,57,1,58,0
7,-7,4,1,58,0
-5,5,9,1,58,0
2,5,17,1,58,0
-4,4,22,1,58,0
-5,-2,43,1,58,0
7,0,58,1,58,0
3,6,53,1,58,0
-3,3,56,1,58,0
6,-4,57,1,58,0
1,5,11,1,58,0
-4,5,15,1,58,0
-2,-4,37,1,58,0
6,0,49,1,58,0
2,6,44,1,58,0
6,-5,44,1,58,0
-5,-3,46,1,58,0
-2,3,49,1,58,0
5,0,39,1,58,0
-5,-4,12,1,58,0
2,7,18,1,58,0
1,6,36,1,58,0
6,-6,54,1,58,0
4,-1,9,1,58,0
0,6,4,1,58,0
4,0,11,1,58,0
-5,-5,15,1,58,0
5,1,34,1,58,0
1,7,26,1,58,0
-7,0,27,1,58,0
-4,-2,34,1,58,0
-7,-1,34,1,58,0
-1,-3,44,1,58,0
1,-2,57,1,58,0
6,-7,57,1,58,0
1,8,11,1,58,0
-8,2,11,1,58,0
-7,1,21,1,58,0
5,-5,24,1,58,0
-1,-4,43,1,58,0
1,-3,53,1,58,0
-4,-3,57,1,58,0
-6,0,57,1,58,0
-8,3,7,1,59,0
8,-5,9,1,59,0
-7,2,14,1,59,0
5,-6,15,1,59,0
-4,-4,22,1,59,0
8,-6,7,1,59,0
-4,-5,19,1,59,0
-6,-1,41,1,59,0
5,-7,58,1,59,0
8,-7,6,1,59,0
-4,-6,9,1,59,0
0,-3,52,1,59,0
3,3,54,1,59,0
7,-5,25,1,59,0
-3,-4,29,1,59,0
3,4,45,1,59,0
2,3,58,1,59,0
-3,-5,24,1,59,0
2,4,24,1,59,0
7,-6,29,1,59,0
-4,3,31,1,59,0
-3,2,55,1,59,0
4,6,58,1,59,0
6,-3,58,1,59,0
7,-7,4,1,59,0
-5,5,9,1,59,0
2,5,17,1,59,0
-4,4,22,1,59,0
-5,-2,43,1,59,0
7,0,59,1,59,0
3,6,53,1,59,0
6,-4,57,1,59,0
-3,3,57,1,59,0
1,5,11,1,59,0
-4,5,15,1,59,0
-2,-4,37,1,59,0
6,0,49,1,59,0
2,6,44,1,59,0
6,-5,44,1,59,0
-5,-3,46,1,59,0
-2,3,49,1,59,0
5,0,39,1,59,0
-5,-4,12,1,59,0
2,7,18,1,59,0
1,6,36,1,59,0
6,-6,54,1,59,0
4,-1,9,1,59,0
0,6,4,1,59,0
4,0,11,1,59,0
-5,-5,15,1,59,0
5,1,34,1,59,0
1,7,26,1,59,0
-7,0,27,1,59,0
-4,-2,34,1,59,0
-7,-1,34,1,59,0
-1,-3,44,1,59,0
1,-2,58,1,59,0
6,-7,58,1,59,0
1,8,11,1,59,0
-8,2,11,1,59,0
-7,1,21,1,59,0
5,-5,24,1,59,0
-1,-4,43,1,59,0
1,-3,53,1,59,0
-4,-3,58,1,59,0
-6,0,58,1,59,0
-8,3,7,1,60,0
8,-5,9,1,60,0
-7,2,14,1,60,0
5,-6,15,1,60,0
-4,-4,22,1,60,0
8,-6,7,1,60,0
-4,-5,19,1,60,0
-6,-1,41,1,60,0
5,-7,59,1,60,0
8,-7,6,1,60,0
-4,-6,9,1,60,0
0,-3,52,1,60,0
3,3,54,1,60,0
7,-5,25,1,60,0
-3,-4,29,1,60,0
3,4,45,1,60,0
4,5,59,1,60,0
2,3,59,1,60,0
-3,-5,24,1,60,0
2,4,24,1,60,0
7,-6,29,1,60,0
-4,3,31,1,60,0
-3,2,55,1,60,0
4,6,58,1,60,0
6,-3,58,1,60,0
7,-7,4,1,60,0
-5,5,9,1,60,0
2,5,17,1,60,0
-4,4,22,1,60,0
-5,-2,43,1,60,0
7,0,59,1,60,0
3,6,53,1,60,0
6,-4,57,1,60,0
-3,3,58,1,60,0
1,5,11,1,60,0
-4,5,15,1,60,0
-2,-4,37,1,60,0
6,0,49,1,60,0
2,6,44,1,60,0
6,-5,44,1,60,0
-5,-3,46,1,60,0
-2,3,49,1,60,0
5,0,39,1,60,0
-5,-4,12,1,60,0
2,7,18,1,60,0
1,6,36,1,60,0
6,-6,54,1,60,0
5,-3,59,1,60,0
4,-1,9,1,60,0
0,6,4,1,60,0
4,0,11,1,60,0
-5,-5,15,1,60,0
5,1,34,1,60,0
1,7,26,1,60,0
-7,0,27,1,60,0
-4,-2,34,1,60,0
-7,-1,34,1,60,0
-1,-3,44,1,60,0
1,-2,59,1,60,0
6,-7,59,1,60,0
1,8,11,1,60,0
-8,2,11,1,60,0
-7,1,21,1,60,0
5,-5,24,1,60,0
-1,-4,43,1,60,0
1,-3,53,1,60,0
-4,-3,59,1,60,0
-6,0,59,1,60,0
-8,3,7,1,61,0
8,-5,9,1,61,0
-7,2,14,1,61,0
5,-6,15,1,61,0
-4,-4,22,1,61,0
8,-6,7,1,61,0
-4,-5,19,1,61,0
-6,-1,41,1,61,0
5,-7,59,1,61,0
8,-7,6,1,61,0
-4,-6,9,1,61,0
0,-3,52,1,61,0
3,3,54,1,61,0
7,-5,25,1,61,0
-3,-4,29,1,61,0
3,4,45,1,61,0
4,5,59,1,61,0
2,3,59,1,61,0
-3,-5,24,1,61,0
2,4,24,1,61,0
7,-6,29,1,61,0
-4,3,31,1,61,0
-3,2,55,1,61,0
4,6,58,1,61,0
6,-3,58,1,61,0
7,-7,4,1,61,0
-5,5,9,1,61,0
2,5,17,1,61,0
-4,4,22,1,61,0
-5,-2,43,1,61,0
7,0,61,1,61,0
3,6,53,1,61,0
6,-4,57,1,61,0
-3,3,59,1,61,0
1,5,11,1,61,0
-4,5,15,1,61,0
-2,-4,37,1,61,0
6,0,49,1,61,0
2,6,44,1,61,0
6,-5,44,1,61,0
-5,-3,46,1,61,0
-2,3,49,1,61,0
5,0,39,1,61,0
-5,-4,12,1,61,0
2,7,18,1,61,0
1,6,36,1,61,0
6,-6,54,1,61,0
5,-3,59,1,61,0
4,-1,9,1,61,0
0,6,4,1,61,0
4,0,11,1,61,0
-5,-5,15,1,61,0
5,1,34,1,61,0
1,7,26,1,61,0
-7,0,27,1,61,0
-4,-2,34,1,61,0
-7,-1,34,1,61,0
-1,-3,44,1,61,0
1,-2,59,1,61,0
6,-7,59,1,61,0
1,8,11,1,61,0
-8,2,11,1,61,0
-7,1,21,1,61,0
5,-5,24,1,61,0
-1,-4,43,1,61,0
1,-3,53,1,61,0
-4,-3,59,1,61,0
-6,0,59,1,61,0
-8,3,7,1,62,0
8,-5,9,1,62,0
-7,2,14,1,62,0
5,-6,15,1,62,0
-4,-4,22,1,62,0
8,-6,7,1,62,0
-4,-5,19,1,62,0
-6,-1,41,1,62,0
5,-7,61,1,62,0
8,-7,6,1,62,0
-4,-6,9,1,62,0
0,-3,52,1,62,0
3,3,54,1,62,0
7,-5,25,1,62,0
-3,-4,29,1,62,0
3,4,45,1,62,0
2,3,59,1,62,0
4,5,61,1,62,0
-3,-5,24,1,62,0
7,-6,29,1,62,0
-4,3,31,1,62,0
-3,2,55,1,62,0
4,6,58,1,62,0
6,-3,58,1,62,0
2,4,61,1,62,0
7,-7,4,1,62,0
-5,5,9,1,62,0
2,5,17,1,62,0
-4,4,22,1,62,0
-5,-2,43,1,62,0
7,0,62,1,62,0
3,6,53,1,62,0
6,-4,57,1,62,0
-3,3,59,1,62,0
1,5,11,1,62,0
-4,5,15,1,62,0
-2,-4,37,1,62,0
6,0,49,1,62,0
2,6,44,1,62,0
6,-5,44,1,62,0
-5,-3,46,1,62,0
-2,3,49,1,62,0
5,0,39,1,62,0
-5,-4,12,1,62,0
2,7,18,1,62,0
1,6,36,1,62,0
6,-6,54,1,62,0
5,-3,61,1,62,0
4,-1,9,1,62,0
0,6,4,1,62,0
4,0,11,1,62,0
-5,-5,15,1,62,0
5,1,34,1,62,0
1,7,26,1,62,0
-7,0,27,1,62,0
-4,-2,34,1,62,0
-1,-3,44,1,62,0
1,-2,61,1,62,0
6,-7,61,1,62,0
-7,-1,61,1,62,0
1,8,11,1,62,0
-8,2,11,1,62,0
-7,1,21,1,62,0
5,-5,24,1,62,0
-1,-4,43,1,62,0
1,-3,53,1,62,0
-4,-3,59,1,62,0
-6,0,59,1,62,0
-8,3,7,1,63,0
8,-5,9,1,63,0
-7,2,14,1,63,0
5,-6,15,1,63,0
-4,-4,22,1,63,0
8,-6,7,1,63,0
-4,-5,19,1,63,0
-6,-1,41,1,63,0
5,-7,62,1,63,0
8,-7,6,1,63,0
-4,-6,9,1,63,0
0,-3,52,1,63,0
3,3,54,1,63,0
7,-5,25,1,63,0
-3,-4,29,1,63,0
3,4,45,1,63,0
2,3,59,1,63,0
4,5,62,1,63,0
-3,-5,24,1,63,0
7,-6,29,1,63,0
-4,3,31,1,63,0
-3,2,55,1,63,0
4,6,58,1,63,0
6,-3,58,1,63,0
2,4,62,1,63,0
8,0,63,1,63,0
7,-7,4,1,63,0
-5,5,9,1,63,0
2,5,17,1,63,0
-4,4,22,1,63,0
-5,-2,43,1,63,0
7,0,62,1,63,0
3,6,53,1,63,0
6,-4,57,1,63,0
-3,3,61,1,63,0
2,-2,62,1,63,0
1,5,11,1,63,0
-4,5,15,1,63,0
-2,-4,37,1,63,0
6,0,49,1,63,0
2,6,44,1,63,0
6,-5,44,1,63,0
-5,-3,46,1,63,0
-2,3,49,1,63,0
5,0,39,1,63,0
-5,-4,12,1,63,0
2,7,18,1,63,0
1,6,36,1,63,0
6,-6,54,1,63,0
5,-3,61,1,63,0
4,-1,9,1,63,0
0,6,4,1,63,0
4,0,11,1,63,0
-5,-5,15,1,63,0
5,1,34,1,63,0
1,7,26,1,63,0
-7,0,27,1,63,0
-4,-2,34,1,63,0
-1,-3,44,1,63,0
1,-2,61,1,63,0
6,-7,62,1,63,0
-7,-1,62,1,63,0
5,-4,62,1,63,0
1,8,11,1,63,0
-8,2,11,1,63,0
-7,1,21,1,63,0
5,-5,24,1,63,0
-1,-4,43,1,63,0
1,-3,53,1,63,0
-6,0,59,1,63,0
-4,-3,62,1,63,0
-8,3,7,1,64,0
8,-5,9,1,64,0
-7,2,14,1,64,0
5,-6,15,1,64,0
-4,-4,22,1,64,0
8,-6,7,1,64,0
-4,-5,19,1,64,0
-6,-1,41,1,64,0
5,-7,63,1,64,0
8,-7,6,1,64,0
-4,-6,9,1,64,0
0,-3,52,1,64,0
3,3,54,1,64,0
7,-5,25,1,64,0
-3,-4,29,1,64,0
3,4,45,1,64,0
2,3,59,1,64,0
4,5,63,1,64,0
-3,-5,24,1,64,0
7,-6,29,1,64,0
-4,3,31,1,64,0
-3,2,55,1,64,0
4,6,58,1,64,0
6,-3,58,1,64,0
8,0,63,1,64,0
2,4,63,1,64,0
7,-7,4,1,64,0
-5,5,9,1,64,0
2,5,17,1,64,0
-4,4,22,1,64,0
-5,-2,43,1,64,0
7,0,62,1,64,0
3,6,53,1,64,0
6,-4,57,1,64,0
-3,3,62,1,64,0
2,-2,63,1,64,0
1,5,11,1,64,0
-4,5,15,1,64,0
-2,-4,37,1,64,0
6,0,49,1,64,0
2,6,44,1,64,0
6,-5,44,1,64,0
-5,-3,46,1,64,0
-2,3,49,1,64,0
8,-1,64,1,64,0
5,0,39,1,64,0
-5,-4,12,1,64,0
2,7,18,1,64,0
1,6,36,1,64,0
6,-6,54,1,64,0
5,-3,61,1,64,0
4,-1,9,1,64,0
0,6,4,1,64,0
4,0,11,1,64,0
-5,-5,15,1,64,0
5,1,34,1,64,0
1,7,26,1,64,0
-7,0,27,1,64,0
-4,-2,34,1,64,0
-1,-3,44,1,64,0
1,-2,61,1,64,0
6,-7,63,1,64,0
-7,-1,63,1,64,0
5,-4,63,1,64,0
1,8,11,1,64,0
-8,2,11,1,64,0
-7,1,21,1,64,0
5,-5,24,1,64,0
-1,-4,43,1,64,0
1,-3,53,1,64,0
-6,0,59,1,64,0
-4,-3,63,1,64,0
-8,3,7,1,65,0
8,-5,9,1,65,0
-7,2,14,1,65,0
5,-6,15,1,65,0
-4,-4,22,1,65,0
8,-6,7,1,65,0
-4,-5,19,1,65,0
-6,-1,41,1,65,0
5,-7,63,1,65,0
8,-7,6,1,65,0
-4,-6,9,1,65,0
0,-3,52,1,65,0
3,3,54,1,65,0
7,-5,25,1,65,0
-3,-4,29,1,65,0
3,4,45,1,65,0
2,3,59,1,65,0
4,5,64,1,65,0
-3,-5,24,1,65,0
7,-6,29,1,65,0
-4,3,31,1,65,0
-3,2,55,1,65,0
4,6,58,1,65,0
6,-3,58,1,65,0
8,0,63,1,65,0
2,-1,64,1,65,0
2,4,64,1,65,0
7,-7,4,1,65,0
-5,5,9,1,65,0
2,5,17,1,65,0
-4,4,22,1,65,0
-5,-2,43,1,65,0
7,0,62,1,65,0
3,6,53,1,65,0
6,-4,57,1,65,0
2,-2,63,1,65,0
-3,3,63,1,65,0
1,5,11,1,65,0
-4,5,15,1,65,0
-2,-4,37,1,65,0
6,0,49,1,65,0
2,6,44,1,65,0
6,-5,44,1,65,0
-5,-3,46,1,65,0
-2,3,49,1,65,0
8,-1,65,1,65,0
5,0,39,1,65,0
-5,-4,12,1,65,0
2,7,18,1,65,0
1,6,36,1,65,0
6,-6,54,1,65,0
5,-3,61,1,65,0
4,-1,9,1,65,0
0,6,4,1,65,0
4,0,11,1,65,0
-5,-5,15,1,65,0
5,1,34,1,65,0
1,7,26,1,65,0
-7,0,27,1,65,0
-4,-2,34,1,65,0
-1,-3,44,1,65,0
1,-2,61,1,65,0
6,-7,64,1,65,0
-7,-1,64,1,65,0
5,-4,64,1,65,0
1,8,11,1,65,0
-8,2,11,1,65,0
-7,1,21,1,65,0
5,-5,24,1,65,0
-1,-4,43,1,65,0
1,-3,53,1,65,0
-6,0,59,1,65,0
-4,-3,64,1,65,0
-8,3,7,1,66,0
8,-5,9,1,66,0
-7,2,14,1,66,0
5,-6,15,1,66,0
-4,-4,22,1,66,0
8,-6,7,1,66,0
-4,-5,19,1,66,0
-6,-1,41,1,66,0
5,-7,65,1,66,0
8,-7,6,1,66,0
-4,-6,9,1,66,0
0,-3,52,1,66,0
3,3,54,1,66,0
7,-5,25,1,66,0
-3,-4,29,1,66,0
3,4,45,1,66,0
2,3,59,1,66,0
4,5,64,1,66,0
-3,-5,24,1,66,0
7,-6,29,1,66,0
-4,3,31,1,66,0
-3,2,55,1,66,0
6,-3,58,1,66,0
8,0,63,1,66,0
4,6,65,1,66,0
2,-1,65,1,66,0
2,4,65,1,66,0
7,-7,4,1,66,0
-5,5,9,1,66,0
2,5,17,1,66,0
-4,4,22,1,66,0
-5,-2,43,1,66,0
7,0,62,1,66,0
3,6,53,1,66,0
6,-4,57,1,66,0
2,-2,63,1,66,0
-3,3,63,1,66,0
1,5,11,1,66,0
-4,5,15,1,66,0
-2,-4,37,1,66,0
6,0,49,1,66,0
2,6,44,1,66,0
6,-5,44,1,66,0
-5,-3,46,1,66,0
-2,3,49,1,66,0
8,-1,66,1,66,0
-3,4,64,1,66,0
5,0,39,1,66,0
-5,-4,12,1,66,0
2,7,18,1,66,0
1,6,36,1,66,0
6,-6,54,1,66,0
5,-3,65,1,66,0
4,-1,9,1,66,0
0,6,4,1,66,0
4,0,11,1,66,0
-5,-5,15,1,66,0
5,1,34,1,66,0
1,7,26,1,66,0
-7,0,27,1,66,0
-4,-2,34,1,66,0
-1,-3,44,1,66,0
1,-2,61,1,66,0
6,-7,64,1,66,0
5,-4,64,1,66,0
-7,-1,65,1,66,0
1,8,11,1,66,0
-8,2,11,1,66,0
-7,1,21,1,66,0
5,-5,24,1,66,0
-1,-4,43,1,66,0
1,-3,53,1,66,0
-6,0,59,1,66,0
-4,-3,65,1,66,0
-8,3,7,1,67,0
8,-5,9,1,67,0
-7,2,14,1,67,0
5,-6,15,1,67,0
-4,-4,22,1,67,0
8,-6,7,1,67,0
-4,-5,19,1,67,0
-6,-1,41,1,67,0
5,-7,66,1,67,0
8,-7,6,1,67,0
-4,-6,9,1,67,0
0,-3,52,1,67,0
3,3,54,1,67,0
-3,-3,66,1,67,0
7,-5,25,1,67,0
-3,-4,29,1,67,0
3,4,45,1,67,0
2,3,59,1,67,0
4,5,64,1,67,0
-3,-5,24,1,67,0
7,-6,29,1,67,0
-4,3,31,1,67,0
-3,2,55,1,67,0
6,-3,58,1,67,0
8,0,63,1,67,0
4,6,66,1,67,0
2,-1,66,1,67,0
2,4,66,1,67,0
7,-7,4,1,67,0
-5,5,9,1,67,0
2,5,17,1,67,0
-4,4,22,1,67,0
-5,-2,43,1,67,0
7,0,62,1,67,0
3,6,53,1,67,0
6,-4,57,1,67,0
2,-2,63,1,67,0
-3,3,63,1,67,0
1,5,11,1,67,0
-4,5,15,1,67,0
-2,-4,37,1,67,0
6,0,49,1,67,0
2,6,44,1,67,0
6,-5,44,1,67,0
-5,-3,46,1,67,0
-2,3,49,1,67,0
8,-1,67,1,67,0
-3,4,65,1,67,0
5,0,39,1,67,0
-5,-4,12,1,67,0
2,7,18,1,67,0
1,6,36,1,67,0
6,-6,54,1,67,0
5,-3,66,1,67,0
4,-1,9,1,67,0
0,6,4,1,67,0
4,0,11,1,67,0
-5,-5,15,1,67,0
5,1,34,1,67,0
1,7,26,1,67,0
-7,0,27,1,67,0
-4,-2,34,1,67,0
-1,-3,44,1,67,0
1,-2,61,1,67,0
5,-4,64,1,67,0
-7,-1,66,1,67,0
6,-7,66,1,67,0
1,8,11,1,67,0
-8,2,11,1,67,0
-7,1,21,1,67,0
5,-5,24,1,67,0
-1,-4,43,1,67,0
1,-3,53,1,67,0
-6,0,59,1,67,0
-4,-3,65,1,67,0
-8,3,7,1,68,0
8,-5,9,1,68,0
-7,2,14,1,68,0
5,-6,15,1,68,0
-4,-4,22,1,68,0
8,-6,7,1,68,0
-4,-5,19,1,68,0
-6,-1,41,1,68,0
-3,-2,67,1,68,0
5,-7,67,1,68,0
8,-7,6,1,68,0
-4,-6,9,1,68,0
0,-3,52,1,68,0
3,3,54,1,68,0
-3,-3,66,1,68,0
7,-5,25,1,68,0
-3,-4,29,1,68,0
3,4,45,1,68,0
2,3,59,1,68,0
4,5,64,1,68,0
-3,-5,24,1,68,0
7,-6,29,1,68,0
-4,3,31,1,68,0
-3,2,55,1,68,0
6,-3,58,1,68,0
8,0,63,1,68,0
4,6,67,1,68,0
2,-1,67,1,68,0
2,4,67,1,68,0
7,-7,4,1,68,0
-5,5,9,1,68,0
2,5,17,1,68,0
-4,4,22,1,68,0
-5,-2,43,1,68,0
7,0,62,1,68,0
3,6,53,1,68,0
6,-4,57,1,68,0
2,-2,63,1,68,0
-3,3,63,1,68,0
1,5,11,1,68,0
-4,5,15,1,68,0
-2,-4,37,1,68,0
6,0,49,1,68,0
2,6,44,1,68,0
6,-5,44,1,68,0
-5,-3,46,1,68,0
-2,3,49,1,68,0
8,-1,67,1,68,0
-3,4,66,1,68,0
5,0,39,1,68,0
-5,-4,12,1,68,0
2,7,18,1,68,0
1,6,36,1,68,0
6,-6,54,1,68,0
5,-3,67,1,68,0
4,-1,9,1,68,0
0,6,4,1,68,0
4,0,11,1,68,0
-5,-5,15,1,68,0
5,1,34,1,68,0
1,7,26,1,68,0
-7,0,27,1,68,0
-4,-2,34,1,68,0
-1,-3,44,1,68,0
1,-2,61,1,68,0
5,-4,64,1,68,0
-7,-1,67,1,68,0
6,-7,67,1,68,0
1,8,11,1,68,0
-8,2,11,1,68,0
-7,1,21,1,68,0
5,-5,24,1,68,0
-1,-4,43,1,68,0
1,-3,53,1,68,0
-6,0,59,1,68,0
-4,-3,65,1,68,0
7,-1,68,1,68,0
-8,3,7,1,69,0
8,-5,9,1,69,0
-7,2,14,1,69,0
5,-6,15,1,69,0
-4,-4,22,1,69,0
4,-3,68,1,69,0
8,-6,7,1,69,0
-4,-5,19,1,69,0
-6,-1,41,1,69,0
-3,-2,68,1,69,0
5,-7,68,1,69,0
8,-7,6,1,69,0
-4,-6,9,1,69,0
0,-3,52,1,69,0
3,3,54,1,69,0
-3,-3,66,1,69,0
7,-5,25,1,69,0
-3,-4,29,1,69,0
3,4,45,1,69,0
2,3,59,1,69,0
4,5,64,1,69,0
-3,-5,24,1,69,0
7,-6,29,1,69,0
-4,3,31,1,69,0
-3,2,55,1,69,0
6,-3,58,1,69,0
8,0,63,1,69,0
4,6,68,1,69,0
2,-1,68,1,69,0
2,4,68,1,69,0
7,-7,4,1,69,0
-5,5,9,1,69,0
2,5,17,1,69,0
-4,4,22,1,69,0
-5,-2,43,1,69,0
7,0,62,1,69,0
3,6,53,1,69,0
6,-4,57,1,69,0
2,-2,63,1,69,0
-3,3,63,1,69,0
1,5,11,1,69,0
-4,5,15,1,69,0
-2,-4,37,1,69,0
6,0,49,1,69,0
2,6,44,1,69,0
6,-5,44,1,69,0
-5,-3,46,1,69,0
-2,3,49,1,69,0
8,-1,67,1,69,0
-3,4,67,1,69,0
5,0,39,1,69,0
-5,-4,12,1,69,0
2,7,18,1,69,0
1,6,36,1,69,0
6,-6,54,1,69,0
5,-3,67,1,69,0
4,-1,9,1,69,0
0,6,4,1,69,0
4,0,11,1,69,0
-5,-5,15,1,69,0
5,1,34,1,69,0
1,7,26,1,69,0
-7,0,27,1,69,0
-4,-2,34,1,69,0
-1,-3,44,1,69,0
1,-2,61,1,69,0
5,-4,64,1,69,0
-7,-1,68,1,69,0
6,-7,68,1,69,0
1,8,11,1,69,0
-8,2,11,1,69,0
-7,1,21,1,69,0
5,-5,24,1,69,0
-1,-4,43,1,69,0
1,-3,53,1,69,0
-6,0,59,1,69,0
-4,-3,65,1,69,0
7,-1,69,1,69,0
-8,3,7,1,70,0
8,-5,9,1,70,0
-7,2,14,1,70,0
5,-6,15,1,70,0
-4,-4,22,1,70,0
4,-3,69,1,70,0
8,-6,7,1,70,0
-4,-5,19,1,70,0
-6,-1,41,1,70,0
-3,-2,69,1,70,0
5,-7,69,1,70,0
8,-7,6,1,70,0
-4,-6,9,1,70,0
0,-3,52,1,70,0
3,3,54,1,70,0
-3,-3,66,1,70,0
7,-5,25,1,70,0
-3,-4,29,1,70,0
3,4,45,1,70,0
2,3,59,1,70,0
4,5,64,1,70,0
-3,-5,24,1,70,0
7,-6,29,1,70,0
-4,3,31,1,70,0
-3,2,55,1,70,0
6,-3,58,1,70,0
8,0,63,1,70,0
4,6,69,1,70,0
2,-1,69,1,70,0
2,4,69,1,70,0
7,-7,4,1,70,0
-5,5,9,1,70,0
2,5,17,1,70,0
-4,4,22,1,70,0
-5,-2,43,1,70,0
7,0,62,1,70,0
3,6,53,1,70,0
6,-4,57,1,70,0
2,-2,63,1,70,0
-3,3,63,1,70,0
1,5,11,1,70,0
-4,5,15,1,70,0
-2,-4,37,1,70,0
6,0,49,1,70,0
2,6,44,1,70,0
6,-5,44,1,70,0
-5,-3,46,1,70,0
-2,3,49,1,70,0
8,-1,67,1,70,0
-3,4,69,1,70,0
5,0,39,1,70,0
-5,-4,12,1,70,0
2,7,18,1,70,0
1,6,36,1,70,0
6,-6,54,1,70,0
5,-3,67,1,70,0
4,-1,9,1,70,0
0,6,4,1,70,0
4,0,11,1,70,0
-5,-5,15,1,70,0
5,1,34,1,70,0
1,7,26,1,70,0
-7,0,27,1,70,0
-4,-2,34,1,70,0
-1,-3,44,1,70,0
1,-2,61,1,70,0
5,-4,64,1,70,0
-7,-1,68,1,70,0
6,-7,69,1,70,0
1,8,11,1,70,0
-8,2,11,1,70,0
-7,1,21,1,70,0
5,-5,24,1,70,0
-1,-4,43,1,70,0
1,-3,53,1,70,0
-6,0,59,1,70,0
-4,-3,65,1,70,0
7,-1,69,1,70,0
-8,3,7,1,71,0
8,-5,9,1,71,0
-7,2,14,1,71,0
5,-6,15,1,71,0
-4,-4,22,1,71,0
4,-3,69,1,71,0
7,-2,71,1,71,0
8,-6,7,1,71,0
-4,-5,19,1,71,0
-6,-1,41,1,71,0
-3,-2,69,1,71,0
5,-7,69,1,71,0
8,-7,6,1,71,0
-4,-6,9,1,71,0
0,-3,52,1,71,0
3,3,54,1,71,0
-3,-3,66,1,71,0
7,-5,25,1,71,0
-3,-4,29,1,71,0
3,4,45,1,71,0
2,3,59,1,71,0
4,5,64,1,71,0
-3,-5,24,1,71,0
7,-6,29,1,71,0
-4,3,31,1,71,0
-3,2,55,1,71,0
6,-3,58,1,71,0
8,0,63,1,71,0
4,6,69,1,71,0
2,-1,69,1,71,0
2,4,69,1,71,0
7,-7,4,1,71,0
-5,5,9,1,71,0
2,5,17,1,71,0
-4,4,22,1,71,0
-5,-2,43,1,71,0
7,0,62,1,71,0
3,6,53,1,71,0
6,-4,57,1,71,0
2,-2,63,1,71,0
-3,3,63,1,71,0
1,5,11,1,71,0
-4,5,15,1,71,0
-2,-4,37,1,71,0
6,0,49,1,71,0
2,6,44,1,71,0
6,-5,44,1,71,0
-5,-3,46,1,71,0
-2,3,49,1,71,0
8,-1,67,1,71,0
-3,4,69,1,71,0
5,0,39,1,71,0
-5,-4,12,1,71,0
2,7,18,1,71,0
1,6,36,1,71,0
6,-6,54,1,71,0
5,-3,67,1,71,0
4,-1,9,1,71,0
0,6,4,1,71,0
4,0,11,1,71,0
-5,-5,15,1,71,0
5,1,34,1,71,0
1,7,26,1,71,0
-7,0,27,1,71,0
-4,-2,34,1,71,0
-1,-3,44,1,71,0
1,-2,61,1,71,0
5,-4,64,1,71,0
6,-7,69,1,71,0
-7,-1,69,1,71,0
1,8,11,1,71,0
-8,2,11,1,71,0
-7,1,21,1,71,0
5,-5,24,1,71,0
-1,-4,43,1,71,0
1,-3,53,1,71,0
-6,0,59,1,71,0
-4,-3,65,1,71,0
7,-1,69,1,71,0
-8,3,7,1,72,0
8,-5,9,1,72,0
-7,2,14,1,72,0
5,-6,15,1,72,0
-4,-4,22,1,72,0
7,-2,71,1,72,0
4,-3,71,1,72,0
8,-6,7,1,72,0
-4,-5,19,1,72,0
-6,-1,41,1,72,0
-3,-2,71,1,72,0
5,-7,71,1,72,0
8,-7,6,1,72,0
-4,-6,9,1,72,0
0,-3,52,1,72,0
3,3,54,1,72,0
-3,-3,66,1,72,0
7,-5,25,1,72,0
-3,-4,29,1,72,0
3,4,45,1,72,0
2,3,59,1,72,0
4,5,71,1,72,0
-3,-5,24,1,72,0
7,-6,29,1,72,0
-4,3,31,1,72,0
-3,2,55,1,72,0
6,-3,58,1,72,0
8,0,63,1,72,0
4,6,69,1,72,0
2,-1,71,1,72,0
2,4,71,1,72,0
7,-7,4,1,72,0
-5,5,9,1,72,0
2,5,17,1,72,0
-5,-2,43,1,72,0
7,0,62,1,72,0
3,6,53,1,72,0
6,-4,57,1,72,0
2,-2,63,1,72,0
-3,3,63,1,72,0
-4,4,71,1,72,0
1,5,11,1,72,0
-4,5,15,1,72,0
-2,-4,37,1,72,0
6,0,49,1,72,0
2,6,44,1,72,0
6,-5,44,1,72,0
-5,-3,46,1,72,0
-2,3,49,1,72,0
8,-1,67,1,72,0
-3,4,69,1,72,0
5,0,39,1,72,0
-5,-4,12,1,72,0
2,7,18,1,72,0
1,6,36,1,72,0
6,-6,54,1,72,0
5,-3,67,1,72,0
8,-2,72,1,72,0
4,-1,9,1,72,0
0,6,4,1,72,0
4,0,11,1,72,0
-5,-5,15,1,72,0
5,1,34,1,72,0
1,7,26,1,72,0
-7,0,27,1,72,0
-4,-2,34,1,72,0
-1,-3,44,1,72,0
1,-2,61,1,72,0
5,-4,64,1,72,0
-7,-1,71,1,72,0
6,-7,71,1,72,0
1,8,11,1,72,0
-8,2,11,1,72,0
-7,1,21,1,72,0
5,-5,24,1,72,0
-1,-4,43,1,72,0
1,-3,53,1,72,0
-6,0,59,1,72,0
-4,-3,65,1,72,0
7,-1,69,1,72,0
-8,3,7,1,73,0
8,-5,9,1,73,0
-7,2,14,1,73,0
5,-6,15,1,73,0
-4,-4,22,1,73,0
7,-2,71,1,73,0
4,-3,72,1,73,0
8,-6,7,1,73,0
-4,-5,19,1,73,0
-6,-1,41,1,73,0
5,-7,71,1,73,0
-3,-2,72,1,73,0
8,-7,6,1,73,0
-4,-6,9,1,73,0
0,-3,52,1,73,0
3,3,54,1,73,0
-3,-3,66,1,73,0
7,-5,25,1,73,0
-3,-4,29,1,73,0
3,4,45,1,73,0
2,3,59,1,73,0
4,5,72,1,73,0
-3,-5,24,1,73,0
7,-6,29,1,73,0
-4,3,31,1,73,0
-3,2,55,1,73,0
6,-3,58,1,73,0
8,0,63,1,73,0
4,6,69,1,73,0
2,-1,72,1,73,0
2,4,72,1,73,0
4,-7,72,1,73,0
7,-7,4,1,73,0
-5,5,9,1,73,0
2,5,17,1,73,0
-5,-2,43,1,73,0
7,0,62,1,73,0
3,6,53,1,73,0
6,-4,57,1,73,0
2,-2,63,1,73,0
-3,3,63,1,73,0
-4,4,72,1,73,0
1,5,11,1,73,0
-4,5,15,1,73,0
-2,-4,37,1,73,0
6,0,49,1,73,0
2,6,44,1,73,0
6,-5,44,1,73,0
-5,-3,46,1,73,0
-2,3,49,1,73,0
8,-1,67,1,73,0
-3,4,69,1,73,0
5,0,39,1,73,0
-5,-4,12,1,73,0
2,7,18,1,73,0
1,6,36,1,73,0
6,-6,54,1,73,0
5,-3,67,1,73,0
8,-2,73,1,73,0
4,-1,9,1,73,0
0,6,4,1,73,0
4,0,11,1,73,0
-5,-5,15,1,73,0
5,1,34,1,73,0
1,7,26,1,73,0
-7,0,27,1,73,0
-4,-2,34,1,73,0
-1,-3,44,1,73,0
1,-2,61,1,73,0
5,-4,64,1,73,0
-7,-1,72,1,73,0
6,-7,72,1,73,0
1,8,11,1,73,0
-8,2,11,1,73,0
-7,1,21,1,73,0
5,-5,24,1,73,0
-1,-4,43,1,73,0
1,-3,53,1,73,0
-6,0,59,1,73,0
-4,-3,65,1,73,0
7,-1,69,1,73,0
-8,3,7,1,74,0
8,-5,9,1,74,0
-7,2,14,1,74,0
5,-6,15,1,74,0
-4,-4,22,1,74,0
7,-2,71,1,74,0
4,-3,73,1,74,0
8,-6,7,1,74,0
-4,-5,19,1,74,0
-6,-1,41,1,74,0
5,-7,71,1,74,0
-3,-2,72,1,74,0
8,-7,6,1,74,0
-4,-6,9,1,74,0
0,-3,52,1,74,0
3,3,54,1,74,0
-3,-3,66,1,74,0
7,-5,25,1,74,0
-3,-4,29,1,74,0
3,4,45,1,74,0
2,3,59,1,74,0
4,5,73,1,74,0
-3,-5,24,1,74,0
7,-6,29,1,74,0
-4,3,31,1,74,0
-3,2,55,1,74,0
6,-3,58,1,74,0
8,0,63,1,74,0
4,6,69,1,74,0
2,-1,73,1,74,0
-2,-2,73,1,74,0
2,4,73,1,74,0
4,-7,73,1,74,0
7,-7,4,1,74,0
-5,5,9,1,74,0
2,5,17,1,74,0
-5,-2,43,1,74,0
7,0,62,1,74,0
3,6,53,1,74,0
6,-4,57,1,74,0
2,-2,63,1,74,0
-3,3,63,1,74,0
-4,4,73,1,74,0
1,5,11,1,74,0
-4,5,15,1,74,0
-2,-4,37,1,74,0
6,0,49,1,74,0
2,6,44,1,74,0
6,-5,44,1,74,0
-5,-3,46,1,74,0
-2,3,49,1,74,0
8,-1,67,1,74,0
-3,4,69,1,74,0
5,0,39,1,74,0
-5,-4,12,1,74,0
2,7,18,1,74,0
1,6,36,1,74,0
6,-6,54,1,74,0
5,-3,67,1,74,0
8,-2,74,1,74,0
4,-1,9,1,74,0
0,6,4,1,74,0
4,0,11,1,74,0
-5,-5,15,1,74,0
5,1,34,1,74,0
1,7,26,1,74,0
-7,0,27,1,74,0
-4,-2,34,1,74,0
-1,-3,44,1,74,0
1,-2,61,1,74,0
5,-4,64,1,74,0
-7,-1,73,1,74,0
6,-7,73,1,74,0
1,8,11,1,74,0
-8,2,11,1,74,0
-7,1,21,1,74,0
5,-5,24,1,74,0
-1,-4,43,1,74,0
1,-3,53,1,74,0
-6,0,59,1,74,0
-4,-3,65,1,74,0
7,-1,69,1,74,0
-8,3,7,1,75,0
8,-5,9,1,75,0
-7,2,14,1,75,0
5,-6,15,1,75,0
-4,-4,22,1,75,0
7,-2,71,1,75,0
4,-3,74,1,75,0
8,-6,7,1,75,0
-4,-5,19,1,75,0
-6,-1,41,1,75,0
5,-7,71,1,75,0
-3,-2,72,1,75,0
8,-7,6,1,75,0
-4,-6,9,1,75,0
0,-3,52,1,75,0
3,3,54,1,75,0
-3,-3,66,1,75,0
7,-5,25,1,75,0
-3,-4,29,1,75,0
3,4,45,1,75,0
2,3,59,1,75,0
4,5,74,1,75,0
-3,-5,24,1,75,0
7,-6,29,1,75,0
-4,3,31,1,75,0
-3,2,55,1,75,0
6,-3,58,1,75,0
8,0,63,1,75,0
4,6,69,1,75,0
2,-1,74,1,75,0
-2,-2,74,1,75,0
2,4,74,1,75,0
4,-7,74,1,75,0
7,-7,4,1,75,0
-5,5,9,1,75,0
2,5,17,1,75,0
-5,-2,43,1,75,0
7,0,62,1,75,0
3,6,53,1,75,0
6,-4,57,1,75,0
2,-2,63,1,75,0
-3,3,63,1,75,0
-4,4,74,1,75,0
1,5,11,1,75,0
-4,5,15,1,75,0
-2,-4,37,1,75,0
6,0,49,1,75,0
2,6,44,1,75,0
6,-5,44,1,75,0
-5,-3,46,1,75,0
-2,3,49,1,75,0
8,-1,67,1,75,0
-3,4,69,1,75,0
5,0,39,1,75,0
-5,-4,12,1,75,0
2,7,18,1,75,0
1,6,36,1,75,0
6,-6,54,1,75,0
5,-3,67,1,75,0
8,-2,75,1,75,0
4,-1,9,1,75,0
0,6,4,1,75,0
4,0,11,1,75,0
-5,-5,15,1,75,0
5,1,34,1,75,0
1,7,26,1,75,0
-7,0,27,1,75,0
-4,-2,34,1,75,0
-1,-3,44,1,75,0
1,-2,61,1,75,0
5,-4,64,1,75,0
-7,-1,73,1,75,0
6,-7,74,1,75,0
1,8,11,1,75,0
-8,2,11,1,75,0
-7,1,21,1,75,0
5,-5,24,1,75,0
-1,-4,43,1,75,0
1,-3,53,1,75,0
-6,0,59,1,75,0
-4,-3,65,1,75,0
7,-1,69,1,75,0
-7,-2,74,1,75,0
-8,3,7,1,76,0
8,-5,9,1,76,0
-7,2,14,1,76,0
5,-6,15,1,76,0
-4,-4,22,1,76,0
7,-2,71,1,76,0
4,-3,75,1,76,0
8,-6,7,1,76,0
-4,-5,19,1,76,0
-6,-1,41,1,76,0
-3,-2,72,1,76,0
5,-7,75,1,76,0
8,-7,6,1,76,0
-4,-6,9,1,76,0
0,-3,52,1,76,0
3,3,54,1,76,0
-3,-3,66,1,76,0
7,-5,25,1,76,0
-3,-4,29,1,76,0
3,4,45,1,76,0
2,3,59,1,76,0
4,5,74,1,76,0
-3,-5,24,1,76,0
7,-6,29,1,76,0
-4,3,31,1,76,0
-3,2,55,1,76,0
6,-3,58,1,76,0
8,0,63,1,76,0
4,6,75,1,76,0
2,-1,75,1,76,0
-2,-2,75,1,76,0
2,4,75,1,76,0
4,-7,75,1,76,0
7,-7,4,1,76,0
-5,5,9,1,76,0
2,5,17,1,76,0
-5,-2,43,1,76,0
7,0,62,1,76,0
3,6,53,1,76,0
6,-4,57,1,76,0
2,-2,63,1,76,0
-3,3,63,1,76,0
-4,4,75,1,76,0
1,5,11,1,76,0
-4,5,15,1,76,0
-2,-4,37,1,76,0
6,0,49,1,76,0
2,6,44,1,76,0
6,-5,44,1,76,0
-5,-3,46,1,76,0
-2,3,49,1,76,0
8,-1,67,1,76,0
-3,4,69,1,76,0
5,0,39,1,76,0
-5,-4,12,1,76,0
2,7,18,1,76,0
1,6,36,1,76,0
6,-6,54,1,76,0
5,-3,67,1,76,0
8,-2,76,1,76,0
4,-1,9,1,76,0
0,6,4,1,76,0
4,0,11,1,76,0
-5,-5,15,1,76,0
5,1,34,1,76,0
1,7,26,1,76,0
-7,0,27,1,76,0
-4,-2,34,1,76,0
-1,-3,44,1,76,0
1,-2,61,1,76,0
5,-4,64,1,76,0
-7,-1,73,1,76,0
6,-7,74,1,76,0
1,8,11,1,76,0
-8,2,11,1,76,0
-7,1,21,1,76,0
5,-5,24,1,76,0
-1,-4,43,1,76,0
1,-3,53,1,76,0
-6,0,59,1,76,0
-4,-3,65,1,76,0
7,-1,69,1,76,0
-7,-2,75,1,76,0
-8,3,7,1,77,0
8,-5,9,1,77,0
-7,2,14,1,77,0
5,-6,15,1,77,0
-4,-4,22,1,77,0
7,-2,71,1,77,0
4,-3,76,1,77,0
8,-6,7,1,77,0
-4,-5,19,1,77,0
-6,-1,41,1,77,0
-3,-2,72,1,77,0
5,-7,76,1,77,0
8,-7,6,1,77,0
-4,-6,9,1,77,0
0,-3,52,1,77,0
3,3,54,1,77,0
-3,-3,66,1,77,0
7,-5,25,1,77,0
-3,-4,29,1,77,0
3,4,45,1,77,0
2,3,59,1,77,0
4,5,74,1,77,0
-3,-5,24,1,77,0
7,-6,29,1,77,0
-4,3,31,1,77,0
-3,2,55,1,77,0
6,-3,58,1,77,0
8,0,63,1,77,0
4,6,76,1,77,0
2,-1,76,1,77,0
-2,-2,76,1,77,0
2,4,76,1,77,0
4,-7,76,1,77,0
7,-7,4,1,77,0
-5,5,9,1,77,0
2,5,17,1,77,0
-5,-2,43,1,77,0
7,0,62,1,77,0
3,6,53,1,77,0
6,-4,57,1,77,0
2,-2,63,1,77,0
-3,3,63,1,77,0
-4,4,76,1,77,0
1,5,11,1,77,0
-4,5,15,1,77,0
-2,-4,37,1,77,0
6,0,49,1,77,0
2,6,44,1,77,0
6,-5,44,1,77,0
-5,-3,46,1,77,0
-2,3,49,1,77,0
8,-1,67,1,77,0
-3,4,69,1,77,0
5,0,39,1,77,0
-5,-4,12,1,77,0
2,7,18,1,77,0
1,6,36,1,77,0
6,-6,54,1,77,0
5,-3,67,1,77,0
8,-2,77,1,77,0
4,-1,9,1,77,0
0,6,4,1,77,0
4,0,11,1,77,0
-5,-5,15,1,77,0
5,1,34,1,77,0
1,7,26,1,77,0
-7,0,27,1,77,0
-4,-2,34,1,77,0
-1,-3,44,1,77,0
1,-2,61,1,77,0
5,-4,64,1,77,0
-7,-1,73,1,77,0
6,-7,74,1,77,0
1,8,11,1,77,0
-8,2,11,1,77,0
-7,1,21,1,77,0
5,-5,24,1,77,0
-1,-4,43,1,77,0
1,-3,53,1,77,0
-6,0,59,1,77,0
-4,-3,65,1,77,0
7,-1,69,1,77,0
-7,-2,76,1,77,0
-8,3,7,1,78,0
8,-5,9,1,78,0
-7,2,14,1,78,0
-4,-4,22,1,78,0
7,-2,71,1,78,0
5,-6,77,1,78,0
4,-3,77,1,78,0
8,-6,7,1,78,0
-4,-5,19,1,78,0
-6,-1,41,1,78,0
-3,-2,72,1,78,0
5,-7,76,1,78,0
8,-7,6,1,78,0
-4,-6,9,1,78,0
0,-3,52,1,78,0
3,3,54,1,78,0
-3,-3,66,1,78,0
7,-5,25,1,78,0
-3,-4,29,1,78,0
3,4,45,1,78,0
2,3,59,1,78,0
4,5,74,1,78,0
-3,-5,24,1,78,0
7,-6,29,1,78,0
-3,2,55,1,78,0
6,-3,58,1,78,0
8,0,63,1,78,0
4,6,77,1,78,0
2,-1,77,1,78,0
-2,-2,77,1,78,0
2,4,77,1,78,0
-4,3,77,1,78,0
4,-7,77,1,78,0
7,-7,4,1,78,0
-5,5,9,1,78,0
2,5,17,1,78,0
-5,-2,43,1,78,0
7,0,62,1,78,0
3,6,53,1,78,0
6,-4,57,1,78,0
2,-2,63,1,78,0
-3,3,63,1,78,0
-4,4,76,1,78,0
1,5,11,1,78,0
-4,5,15,1,78,0
-2,-4,37,1,78,0
6,0,49,1,78,0
2,6,44,1,78,0
6,-5,44,1,78,0
-5,-3,46,1,78,0
-2,3,49,1,78,0
8,-1,67,1,78,0
-3,4,69,1,78,0
5,0,39,1,78,0
-5,-4,12,1,78,0
2,7,18,1,78,0
1,6,36,1,78,0
6,-6,54,1,78,0
5,-3,67,1,78,0
8,-2,78,1,78,0
4,-1,9,1,78,0
0,6,4,1,78,0
4,0,11,1,78,0
-5,-5,15,1,78,0
5,1,34,1,78,0
1,7,26,1,78,0
-7,0,27,1,78,0
-4,-2,34,1,78,0
-1,-3,44,1,78,0
1,-2,61,1,78,0
5,-4,64,1,78,0
-7,-1,73,1,78,0
6,-7,74,1,78,0
1,8,11,1,78,0
-8,2,11,1,78,0
-7,1,21,1,78,0
5,-5,24,1,78,0
-1,-4,43,1,78,0
1,-3,53,1,78,0
-6,0,59,1,78,0
-4,-3,65,1,78,0
7,-1,69,1,78,0
-7,-2,77,1,78,0
-8,3,7,1,79,0
8,-5,9,1,79,0
-7,2,14,1,79,0
-4,-4,22,1,79,0
7,-2,79,1,79,0
5,-6,78,1,79,0
4,-3,78,1,79,0
8,-6,7,1,79,0
-4,-5,19,1,79,0
-6,-1,41,1,79,0
-3,-2,72,1,79,0
5,-7,76,1,79,0
8,-7,6,1,79,0
-4,-6,9,1,79,0
0,-3,52,1,79,0
3,3,54,1,79,0
-3,-3,66,1,79,0
7,-5,25,1,79,0
-3,-4,29,1,79,0
3,4,45,1,79,0
2,3,59,1,79,0
4,5,74,1,79,0
-3,-5,24,1,79,0
7,-6,29,1,79,0
-3,2,55,1,79,0
6,-3,58,1,79,0
8,0,63,1,79,0
2,4,77,1,79,0
4,6,78,1,79,0
2,-1,78,1,79,0
-2,-2,78,1,79,0
-4,3,78,1,79,0
4,-7,78,1,79,0
7,-7,4,1,79,0
-5,5,9,1,79,0
2,5,17,1,79,0
-5,-2,43,1,79,0
7,0,62,1,79,0
3,6,53,1,79,0
6,-4,57,1,79,0
2,-2,63,1,79,0
-3,3,63,1,79,0
-4,4,76,1,79,0
1,5,11,1,79,0
-4,5,15,1,79,0
-2,-4,37,1,79,0
6,0,49,1,79,0
2,6,44,1,79,0
6,-5,44,1,79,0
-5,-3,46,1,79,0
-2,3,49,1,79,0
8,-1,67,1,79,0
-3,4,69,1,79,0
5,0,39,1,79,0
-5,-4,12,1,79,0
2,7,18,1,79,0
1,6,36,1,79,0
6,-6,54,1,79,0
5,-3,67,1,79,0
8,-2,78,1,79,0
4,-1,9,1,79,0
0,6,4,1,79,0
4,0,11,1,79,0
-5,-5,15,1,79,0
5,1,34,1,79,0
1,7,26,1,79,0
-7,0,27,1,79,0
-4,-2,34,1,79,0
-1,-3,44,1,79,0
1,-2,61,1,79,0
5,-4,64,1,79,0
-7,-1,73,1,79,0
6,-7,74,1,79,0
1,8,11,1,79,0
-8,2,11,1,79,0
-7,1,21,1,79,0
5,-5,24,1,79,0
-1,-4,43,1,79,0
1,-3,53,1,79,0
-6,0,59,1,79,0
-4,-3,65,1,79,0
7,-1,69,1,79,0
-7,-2,78,1,79,0
-8,3,7,1,80,0
8,-5,9,1,80,0
-7,2,14,1,80,0
-4,-4,22,1,80,0
7,-2,79,1,80,0
5,-6,78,1,80,0
4,-3,78,1,80,0
8,-6,7,1,80,0
-4,-5,19,1,80,0
-6,-1,41,1,80,0
-3,-2,72,1,80,0
5,-7,79,1,80,0
4,-4,79,1,80,0
8,-7,6,1,80,0
-4,-6,9,1,80,0
0,-3,52,1,80,0
3,3,54,1,80,0
-3,-3,66,1,80,0
7,-5,25,1,80,0
-3,-4,29,1,80,0
3,4,45,1,80,0
2,3,59,1,80,0
4,5,74,1,80,0
-3,-5,24,1,80,0
7,-6,29,1,80,0
-3,2,55,1,80,0
6,-3,58,1,80,0
8,0,63,1,80,0
2,4,77,1,80,0
4,6,79,1,80,0
2,-1,79,1,80,0
-2,-2,79,1,80,0
-4,3,79,1,80,0
4,-7,79,1,80,0
7,-7,4,1,80,0
-5,5,9,1,80,0
2,5,17,1,80,0
-5,-2,43,1,80,0
7,0,62,1,80,0
3,6,53,1,80,0
6,-4,57,1,80,0
2,-2,63,1,80,0
-3,3,63,1,80,0
-4,4,76,1,80,0
1,4,78,1,80,0
1,5,11,1,80,0
-4,5,15,1,80,0
-2,-4,37,1,80,0
6,0,49,1,80,0
2,6,44,1,80,0
6,-5,44,1,80,0
-5,-3,46,1,80,0
-2,3,49,1,80,0
8,-1,67,1,80,0
-3,4,69,1,80,0
5,0,39,1,80,0
-5,-4,12,1,80,0
2,7,18,1,80,0
1,6,36,1,80,0
6,-6,54,1,80,0
5,-3,67,1,80,0
8,-2,78,1,80,0
4,-1,9,1,80,0
0,6,4,1,80,0
4,0,11,1,80,0
-5,-5,15,1,80,0
5,1,34,1,80,0
1,7,26,1,80,0
-7,0,27,1,80,0
-4,-2,34,1,80,0
-1,-3,44,1,80,0
1,-2,61,1,80,0
5,-4,64,1,80,0
-7,-1,73,1,80,0
6,-7,74,1,80,0
1,8,11,1,80,0
-8,2,11,1,80,0
-7,1,21,1,80,0
5,-5,24,1,80,0
-1,-4,43,1,80,0
1,-3,53,1,80,0
-6,0,59,1,80,0
-4,-3,65,1,80,0
7,-1,69,1,80,0
-7,-2,79,1,80,0
-8,3,7,1,81,0
8,-5,9,1,81,0
-7,2,14,1,81,0
-4,-4,22,1,81,0
7,-2,79,1,81,0
5,-6,78,1,81,0
4,-3,78,1,81,0
8,-6,7,1,81,0
-4,-5,19,1,81,0
-6,-1,41,1,81,0
-3,-2,72,1,81,0
5,-7,79,1,81,0
4,-4,79,1,81,0
8,-7,6,1,81,0
-4,-6,9,1,81,0
0,-3,52,1,81,0
3,3,54,1,81,0
-3,-3,66,1,81,0
7,-5,25,1,81,0
-3,-4,29,1,81,0
3,4,45,1,81,0
2,3,59,1,81,0
4,5,74,1,81,0
-3,-5,24,1,81,0
7,-6,29,1,81,0
-3,2,55,1,81,0
6,-3,58,1,81,0
8,0,63,1,81,0
2,4,77,1,81,0
4,6,79,1,81,0
2,-1,79,1,81,0
-2,-2,79,1,81,0
-4,3,79,1,81,0
4,-7,79,1,81,0
1,3,79,1,81,0
7,-7,4,1,81,0
-5,5,9,1,81,0
2,5,17,1,81,0
-5,-2,43,1,81,0
7,0,62,1,81,0
3,6,53,1,81,0
6,-4,57,1,81,0
2,-2,63,1,81,0
-3,3,63,1,81,0
-4,4,76,1,81,0
1,4,78,1,81,0
1,5,11,1,81,0
-4,5,15,1,81,0
-2,-4,37,1,81,0
6,0,49,1,81,0
2,6,44,1,81,0
6,-5,44,1,81,0
-5,-3,46,1,81,0
-2,3,49,1,81,0
8,-1,67,1,81,0
-3,4,69,1,81,0
5,0,39,1,81,0
-5,-4,12,1,81,0
2,7,18,1,81,0
1,6,36,1,81,0
6,-6,54,1,81,0
5,-3,67,1,81,0
8,-2,81,1,81,0
4,-1,9,1,81,0
0,6,4,1,81,0
4,0,11,1,81,0
-5,-5,15,1,81,0
5,1,34,1,81,0
1,7,26,1,81,0
-7,0,27,1,81,0
-4,-2,34,1,81,0
-1,-3,44,1,81,0
1,-2,61,1,81,0
5,-4,64,1,81,0
-7,-1,73,1,81,0
6,-7,74,1,81,0
1,8,11,1,81,0
-8,2,11,1,81,0
-7,1,21,1,81,0
5,-5,24,1,81,0
-1,-4,43,1,81,0
1,-3,53,1,81,0
-6,0,59,1,81,0
-4,-3,65,1,81,0
7,-1,69,1,81,0
-7,-2,79,1,81,0
-8,3,7,1,82,0
8,-5,9,1,82,0
-7,2,14,1,82,0
-4,-4,22,1,82,0
7,-2,79,1,82,0
5,-6,78,1,82,0
4,-3,78,1,82,0
8,-6,7,1,82,0
-4,-5,19,1,82,0
-6,-1,41,1,82,0
-3,-2,72,1,82,0
5,-7,81,1,82,0
4,-4,81,1,82,0
8,-7,6,1,82,0
-4,-6,9,1,82,0
0,-3,52,1,82,0
3,3,54,1,82,0
-3,-3,66,1,82,0
7,-5,25,1,82,0
-3,-4,29,1,82,0
3,4,45,1,82,0
2,3,59,1,82,0
4,5,74,1,82,0
-3,-5,24,1,82,0
7,-6,29,1,82,0
-3,2,55,1,82,0
6,-3,58,1,82,0
8,0,63,1,82,0
2,4,77,1,82,0
4,-7,79,1,82,0
1,3,79,1,82,0
4,6,81,1,82,0
2,-1,81,1,82,0
-2,-2,81,1,82,0
-4,3,81,1,82,0
7,-7,4,1,82,0
-5,5,9,1,82,0
2,5,17,1,82,0
-5,-2,43,1,82,0
7,0,62,1,82,0
3,6,53,1,82,0
6,-4,57,1,82,0
2,-2,63,1,82,0
-3,3,63,1,82,0
-4,4,76,1,82,0
1,4,78,1,82,0
1,5,11,1,82,0
-4,5,15,1,82,0
-2,-4,37,1,82,0
6,0,49,1,82,0
2,6,44,1,82,0
6,-5,44,1,82,0
-5,-3,46,1,82,0
-2,3,49,1,82,0
8,-1,67,1,82,0
-3,4,69,1,82,0
5,0,39,1,82,0
-5,-4,12,1,82,0
2,7,18,1,82,0
1,6,36,1,82,0
6,-6,54,1,82,0
5,-3,67,1,82,0
8,-2,82,1,82,0
3,-7,81,1,82,0
4,-1,9,1,82,0
0,6,4,1,82,0
4,0,11,1,82,0
-5,-5,15,1,82,0
5,1,34,1,82,0
1,7,26,1,82,0
-7,0,27,1,82,0
-4,-2,34,1,82,0
-1,-3,44,1,82,0
1,-2,61,1,82,0
5,-4,64,1,82,0
-7,-1,73,1,82,0
6,-7,74,1,82,0
1,8,11,1,82,0
-8,2,11,1,82,0
-7,1,21,1,82,0
5,-5,24,1,82,0
-1,-4,43,1,82,0
1,-3,53,1,82,0
-6,0,59,1,82,0
-4,-3,65,1,82,0
7,-1,69,1,82,0
-7,-2,81,1,82,0
-8,3,7,1,83,0
8,-5,9,1,83,0
-7,2,14,1,83,0
-4,-4,22,1,83,0
7,-2,79,1,83,0
5,-6,78,1,83,0
4,-3,78,1,83,0
8,-6,7,1,83,0
-4,-5,19,1,83,0
-6,-1,41,1,83,0
-3,-2,72,1,83,0
3,-1,82,1,83,0
5,-7,82,1,83,0
4,-4,82,1,83,0
8,-7,6,1,83,0
-4,-6,9,1,83,0
0,-3,52,1,83,0
3,3,54,1,83,0
-3,-3,66,1,83,0
7,-5,25,1,83,0
-3,-4,29,1,83,0
3,4,45,1,83,0
2,3,59,1,83,0
4,5,74,1,83,0
-3,-5,24,1,83,0
7,-6,29,1,83,0
-3,2,55,1,83,0
6,-3,58,1,83,0
8,0,63,1,83,0
2,4,77,1,83,0
4,-7,79,1,83,0
2,-1,81,1,83,0
4,6,82,1,83,0
1,3,81,1,83,0
-2,-2,82,1,83,0
-4,3,82,1,83,0
7,-7,4,1,83,0
-5,5,9,1,83,0
2,5,17,1,83,0
-5,-2,43,1,83,0
7,0,62,1,83,0
3,6,53,1,83,0
6,-4,57,1,83,0
2,-2,63,1,83,0
-3,3,63,1,83,0
-4,4,76,1,83,0
1,4,78,1,83,0
1,5,11,1,83,0
-4,5,15,1,83,0
-2,-4,37,1,83,0
6,0,49,1,83,0
2,6,44,1,83,0
6,-5,44,1,83,0
-5,-3,46,1,83,0
-2,3,49,1,83,0
8,-1,67,1,83,0
-3,4,69,1,83,0
5,0,39,1,83,0
-5,-4,12,1,83,0
2,7,18,1,83,0
1,6,36,1,83,0
6,-6,54,1,83,0
5,-3,67,1,83,0
8,-2,83,1,83,0
3,-7,82,1,83,0
4,-1,9,1,83,0
0,6,4,1,83,0
4,0,11,1,83,0
-5,-5,15,1,83,0
5,1,34,1,83,0
1,7,26,1,83,0
-7,0,27,1,83,0
-4,-2,34,1,83,0
-1,-3,44,1,83,0
1,-2,61,1,83,0
5,-4,64,1,83,0
-7,-1,73,1,83,0
6,-7,74,1,83,0
1,8,11,1,83,0
-8,2,11,1,83,0
-7,1,21,1,83,0
5,-5,24,1,83,0
-1,-4,43,1,83,0
1,-3,53,1,83,0
-6,0,59,1,83,0
-4,-3,65,1,83,0
7,-1,69,1,83,0
-7,-2,82,1,83,0
-8,3,7,1,84,0
8,-5,9,1,84,0
-7,2,14,1,84,0
-4,-4,22,1,84,0
7,-2,79,1,84,0
5,-6,78,1,84,0
4,-3,78,1,84,0
8,-6,7,1,84,0
-4,-5,19,1,84,0
-6,-1,41,1,84,0
-3,-2,72,1,84,0
3,-1,82,1,84,0
5,-7,83,1,84,0
4,-4,83,1,84,0
8,-7,6,1,84,0
-4,-6,9,1,84,0
0,-3,52,1,84,0
3,3,54,1,84,0
-3,-3,66,1,84,0
7,-5,25,1,84,0
-3,-4,29,1,84,0
3,4,45,1,84,0
2,3,59,1,84,0
4,5,74,1,84,0
-3,-5,24,1,84,0
7,-6,29,1,84,0
-3,2,55,1,84,0
6,-3,58,1,84,0
8,0,63,1,84,0
2,4,77,1,84,0
4,-7,79,1,84,0
2,-1,81,1,84,0
-4,3,82,1,84,0
4,6,83,1,84,0
1,3,82,1,84,0
-2,-2,83,1,84,0
7,-7,4,1,84,0
-5,5,9,1,84,0
2,5,17,1,84,0
-5,-2,43,1,84,0
7,0,62,1,84,0
3,6,53,1,84,0
6,-4,57,1,84,0
2,-2,63,1,84,0
-3,3,63,1,84,0
-4,4,76,1,84,0
1,4,78,1,84,0
1,5,11,1,84,0
-4,5,15,1,84,0
-2,-4,37,1,84,0
6,0,49,1,84,0
2,6,44,1,84,0
6,-5,44,1,84,0
-5,-3,46,1,84,0
-2,3,49,1,84,0
8,-1,67,1,84,0
-3,4,69,1,84,0
5,0,39,1,84,0
-5,-4,12,1,84,0
2,7,18,1,84,0
1,6,36,1,84,0
6,-6,54,1,84,0
5,-3,67,1,84,0
8,-2,84,1,84,0
3,-7,83,1,84,0
4,-1,9,1,84,0
0,6,4,1,84,0
4,0,11,1,84,0
-5,-5,15,1,84,0
5,1,34,1,84,0
1,7,26,1,84,0
-7,0,27,1,84,0
-4,-2,34,1,84,0
-1,-3,44,1,84,0
1,-2,61,1,84,0
5,-4,64,1,84,0
-7,-1,73,1,84,0
6,-7,74,1,84,0
1,8,11,1,84,0
-8,2,11,1,84,0
-7,1,21,1,84,0
5,-5,24,1,84,0
-1,-4,43,1,84,0
1,-3,53,1,84,0
-6,0,59,1,84,0
-4,-3,65,1,84,0
7,-1,69,1,84,0
3,0,83,1,84,0
-7,-2,83,1,84,0
-8,3,7,1,85,0
8,-5,9,1,85,0
-7,2,14,1,85,0
-4,-4,22,1,85,0
7,-2,79,1,85,0
4,-3,78,1,85,0
2,0,84,1,85,0
5,-6,84,1,85,0
8,-6,7,1,85,0
-4,-5,19,1,85,0
-6,-1,41,1,85,0
-3,-2,72,1,85,0
3,-1,82,1,85,0
5,-7,83,1,85,0
4,-4,84,1,85,0
8,-7,6,1,85,0
-4,-6,9,1,85,0
0,-3,52,1,85,0
3,3,54,1,85,0
-3,-3,66,1,85,0
7,-5,25,1,85,0
-3,-4,29,1,85,0
3,4,45,1,85,0
2,3,59,1,85,0
4,5,74,1,85,0
-3,-5,24,1,85,0
7,-6,29,1,85,0
-3,2,55,1,85,0
6,-3,58,1,85,0
8,0,63,1,85,0
2,4,77,1,85,0
4,-7,79,1,85,0
2,-1,81,1,85,0
4,6,84,1,85,0
-4,3,83,1,85,0
1,3,83,1,85,0
-2,-2,84,1,85,0
7,-7,4,1,85,0
-5,5,9,1,85,0
2,5,17,1,85,0
-5,-2,43,1,85,0
7,0,62,1,85,0
3,6,53,1,85,0
6,-4,57,1,85,0
2,-2,63,1,85,0
-3,3,63,1,85,0
-4,4,76,1,85,0
1,4,78,1,85,0
1,5,11,1,85,0
-4,5,15,1,85,0
-2,-4,37,1,85,0
6,0,49,1,85,0
2,6,44,1,85,0
6,-5,44,1,85,0
-5,-3,46,1,85,0
-2,3,49,1,85,0
8,-1,67,1,85,0
-3,4,69,1,85,0
5,0,39,1,85,0
-5,-4,12,1,85,0
2,7,18,1,85,0
1,6,36,1,85,0
6,-6,54,1,85,0
5,-3,67,1,85,0
8,-2,85,1,85,0
3,-7,84,1,85,0
4,-1,9,1,85,0
0,6,4,1,85,0
4,0,11,1,85,0
-5,-5,15,1,85,0
5,1,34,1,85,0
1,7,26,1,85,0
-7,0,27,1,85,0
-4,-2,34,1,85,0
-1,-3,44,1,85,0
1,-2,61,1,85,0
5,-4,64,1,85,0
-7,-1,73,1,85,0
6,-7,74,1,85,0
1,8,11,1,85,0
-8,2,11,1,85,0
-7,1,21,1,85,0
5,-5,24,1,85,0
-1,-4,43,1,85,0
1,-3,53,1,85,0
-6,0,59,1,85,0
-4,-3,65,1,85,0
7,-1,69,1,85,0
3,0,83,1,85,0
-7,-2,84,1,85,0
-8,3,7,1,86,0
8,-5,9,1,86,0
-7,2,14,1,86,0
-4,-4,22,1,86,0
7,-2,79,1,86,0
4,-3,78,1,86,0
2,0,85,1,86,0
5,-6,85,1,86,0
8,-6,7,1,86,0
-4,-5,19,1,86,0
-6,-1,41,1,86,0
-3,-2,72,1,86,0
3,-1,82,1,86,0
5,-7,83,1,86,0
4,-4,85,1,86,0
8,-7,6,1,86,0
-4,-6,9,1,86,0
0,-3,52,1,86,0
3,3,54,1,86,0
-3,-3,66,1,86,0
7,-5,25,1,86,0
-3,-4,29,1,86,0
3,4,45,1,86,0
2,3,59,1,86,0
4,5,74,1,86,0
-3,-5,24,1,86,0
7,-6,29,1,86,0
-3,2,55,1,86,0
6,-3,58,1,86,0
8,0,63,1,86,0
2,4,77,1,86,0
4,-7,79,1,86,0
2,-1,81,1,86,0
-2,-2,84,1,86,0
4,6,85,1,86,0
-4,3,84,1,86,0
1,3,84,1,86,0
7,-7,4,1,86,0
-5,5,9,1,86,0
2,5,17,1,86,0
-5,-2,43,1,86,0
7,0,62,1,86,0
3,6,53,1,86,0
6,-4,57,1,86,0
2,-2,63,1,86,0
-3,3,63,1,86,0
-4,4,76,1,86,0
1,4,78,1,86,0
-2,-3,85,1,86,0
1,5,11,1,86,0
-4,5,15,1,86,0
-2,-4,37,1,86,0
6,0,49,1,86,0
2,6,44,1,86,0
6,-5,44,1,86,0
-5,-3,46,1,86,0
-2,3,49,1,86,0
8,-1,67,1,86,0
-3,4,69,1,86,0
5,0,39,1,86,0
-5,-4,12,1,86,0
2,7,18,1,86,0
1,6,36,1,86,0
6,-6,54,1,86,0
5,-3,67,1,86,0
8,-2,86,1,86,0
3,-7,85,1,86,0
4,-1,9,1,86,0
0,6,4,1,86,0
4,0,11,1,86,0
-5,-5,15,1,86,0
5,1,34,1,86,0
1,7,26,1,86,0
-7,0,27,1,86,0
-4,-2,34,1,86,0
-1,-3,44,1,86,0
1,-2,61,1,86,0
5,-4,64,1,86,0
-7,-1,73,1,86,0
6,-7,74,1,86,0
1,8,11,1,86,0
-8,2,11,1,86,0
-7,1,21,1,86,0
5,-5,24,1,86,0
-1,-4,43,1,86,0
1,-3,53,1,86,0
-6,0,59,1,86,0
-4,-3,65,1,86,0
7,-1,69,1,86,0
3,0,83,1,86,0
-7,-2,85,1,86,0
-8,3,7,1,87,0
8,-5,9,1,87,0
-7,2,14,1,87,0
-4,-4,22,1,87,0
7,-2,87,1,87,0
4,-3,78,1,87,0
2,0,86,1,87,0
5,-6,86,1,87,0
8,-6,7,1,87,0
-4,-5,19,1,87,0
-6,-1,41,1,87,0
-3,-2,72,1,87,0
3,-1,82,1,87,0
5,-7,83,1,87,0
4,-4,86,1,87,0
8,-7,6,1,87,0
-4,-6,9,1,87,0
0,-3,52,1,87,0
3,3,54,1,87,0
-3,-3,66,1,87,0
7,-5,25,1,87,0
-3,-4,29,1,87,0
3,4,45,1,87,0
2,3,59,1,87,0
4,5,74,1,87,0
-4,2,85,1,87,0
-3,-5,24,1,87,0
7,-6,29,1,87,0
-3,2,55,1,87,0
6,-3,58,1,87,0
8,0,63,1,87,0
2,4,77,1,87,0
4,-7,79,1,87,0
2,-1,81,1,87,0
-2,-2,84,1,87,0
-4,3,84,1,87,0
4,6,86,1,87,0
1,3,85,1,87,0
7,-7,4,1,87,0
-5,5,9,1,87,0
2,5,17,1,87,0
-5,-2,43,1,87,0
7,0,62,1,87,0
3,6,53,1,87,0
6,-4,57,1,87,0
2,-2,63,1,87,0
-3,3,63,1,87,0
-4,4,76,1,87,0
1,4,78,1,87,0
-2,-3,86,1,87,0
1,5,11,1,87,0
-4,5,15,1,87,0
-2,-4,37,1,87,0
6,0,49,1,87,0
2,6,44,1,87,0
6,-5,44,1,87,0
-5,-3,46,1,87,0
-2,3,49,1,87,0
8,-1,67,1,87,0
-3,4,69,1,87,0
5,0,39,1,87,0
-5,-4,12,1,87,0
2,7,18,1,87,0
1,6,36,1,87,0
6,-6,54,1,87,0
5,-3,67,1,87,0
8,-2,86,1,87,0
3,-7,86,1,87,0
4,-1,9,1,87,0
0,6,4,1,87,0
4,0,11,1,87,0
-5,-5,15,1,87,0
5,1,34,1,87,0
1,7,26,1,87,0
-7,0,27,1,87,0
-4,-2,34,1,87,0
-1,-3,44,1,87,0
1,-2,61,1,87,0
5,-4,64,1,87,0
-7,-1,73,1,87,0
6,-7,74,1,87,0
1,8,11,1,87,0
-8,2,11,1,87,0
-7,1,21,1,87,0
5,-5,24,1,87,0
-1,-4,43,1,87,0
1,-3,53,1,87,0
-6,0,59,1,87,0
-4,-3,65,1,87,0
7,-1,69,1,87,0
3,0,83,1,87,0
-7,-2,86,1,87,0
-8,3,7,1,88,0
8,-5,9,1,88,0
-7,2,14,1,88,0
-4,-4,22,1,88,0
7,-2,88,1,88,0
4,-3,78,1,88,0
2,0,87,1,88,0
5,-6,87,1,88,0
8,-6,7,1,88,0
-4,-5,19,1,88,0
-6,-1,41,1,88,0
-3,-2,72,1,88,0
3,-1,82,1,88,0
5,-7,83,1,88,0
4,-4,87,1,88,0
8,-7,6,1,88,0
-4,-6,9,1,88,0
0,-3,52,1,88,0
3,3,54,1,88,0
-3,-3,66,1,88,0
7,-5,25,1,88,0
-3,-4,29,1,88,0
3,4,45,1,88,0
4,5,74,1,88,0
-4,2,86,1,88,0
2,3,86,1,88,0
-3,-5,24,1,88,0
7,-6,29,1,88,0
-3,2,55,1,88,0
6,-3,58,1,88,0
8,0,63,1,88,0
2,4,77,1,88,0
4,-7,79,1,88,0
2,-1,81,1,88,0
-2,-2,84,1,88,0
-4,3,84,1,88,0
4,6,86,1,88,0
1,3,85,1,88,0
7,-7,4,1,88,0
-5,5,9,1,88,0
2,5,17,1,88,0
-5,-2,43,1,88,0
7,0,62,1,88,0
3,6,53,1,88,0
6,-4,57,1,88,0
2,-2,63,1,88,0
-3,3,63,1,88,0
-4,4,76,1,88,0
1,4,78,1,88,0
4,7,87,1,88,0
-2,-3,87,1,88,0
1,5,11,1,88,0
-4,5,15,1,88,0
-2,-4,37,1,88,0
6,0,49,1,88,0
2,6,44,1,88,0
6,-5,44,1,88,0
-5,-3,46,1,88,0
-2,3,49,1,88,0
8,-1,67,1,88,0
-3,4,69,1,88,0
5,0,39,1,88,0
-5,-4,12,1,88,0
2,7,18,1,88,0
1,6,36,1,88,0
6,-6,54,1,88,0
5,-3,67,1,88,0
8,-2,86,1,88,0
3,-7,87,1,88,0
4,-1,9,1,88,0
0,6,4,1,88,0
4,0,11,1,88,0
-5,-5,15,1,88,0
5,1,34,1,88,0
1,7,26,1,88,0
-7,0,27,1,88,0
-4,-2,34,1,88,0
-1,-3,44,1,88,0
1,-2,61,1,88,0
5,-4,64,1,88,0
-7,-1,73,1,88,0
6,-7,74,1,88,0
1,8,11,1,88,0
-8,2,11,1,88,0
-7,1,21,1,88,0
5,-5,24,1,88,0
-1,-4,43,1,88,0
1,-3,53,1,88,0
-6,0,59,1,88,0
-4,-3,65,1,88,0
7,-1,69,1,88,0
3,0,83,1,88,0
-7,-2,87,1,88,0
-8,3,7,1,89,0
8,-5,9,1,89,0
-7,2,14,1,89,0
-4,-4,22,1,89,0
7,-2,89,1,89,0
4,-3,78,1,89,0
5,-6,87,1,89,0
2,0,88,1,89,0
8,-6,7,1,89,0
-4,-5,19,1,89,0
-6,-1,41,1,89,0
-3,-2,72,1,89,0
3,-1,82,1,89,0
5,-7,83,1,89,0
4,-4,88,1,89,0
8,-7,6,1,89,0
-4,-6,9,1,89,0
0,-3,52,1,89,0
3,3,54,1,89,0
-3,-3,66,1,89,0
2,2,87,1,89,0
7,-5,25,1,89,0
-3,-4,29,1,89,0
3,4,45,1,89,0
4,5,74,1,89,0
2,3,86,1,89,0
-4,2,87,1,89,0
-3,-5,24,1,89,0
7,-6,29,1,89,0
-3,2,55,1,89,0
6,-3,58,1,89,0
8,0,63,1,89,0
2,4,77,1,89,0
4,-7,79,1,89,0
2,-1,81,1,89,0
-2,-2,84,1,89,0
-4,3,84,1,89,0
4,6,86,1,89,0
1,3,85,1,89,0
7,-7,4,1,89,0
-5,5,9,1,89,0
2,5,17,1,89,0
-5,-2,43,1,89,0
7,0,62,1,89,0
3,6,53,1,89,0
6,-4,57,1,89,0
2,-2,63,1,89,0
-3,3,63,1,89,0
-4,4,76,1,89,0
1,4,78,1,89,0
4,7,88,1,89,0
-2,-3,88,1,89,0
1,5,11,1,89,0
-4,5,15,1,89,0
-2,-4,37,1,89,0
6,0,49,1,89,0
2,6,44,1,89,0
6,-5,44,1,89,0
-5,-3,46,1,89,0
-2,3,49,1,89,0
8,-1,67,1,89,0
-3,4,69,1,89,0
5,0,39,1,89,0
-5,-4,12,1,89,0
2,7,18,1,89,0
1,6,36,1,89,0
5,-3,67,1,89,0
8,-2,86,1,89,0
3,-7,88,1,89,0
6,-6,88,1,89,0
4,-1,9,1,89,0
0,6,4,1,89,0
4,0,11,1,89,0
-5,-5,15,1,89,0
5,1,34,1,89,0
1,7,26,1,89,0
-7,0,27,1,89,0
-4,-2,34,1,89,0
-1,-3,44,1,89,0
1,-2,61,1,89,0
5,-4,64,1,89,0
-7,-1,73,1,89,0
6,-7,74,1,89,0
1,8,11,1,89,0
-8,2,11,1,89,0
-7,1,21,1,89,0
5,-5,24,1,89,0
-1,-4,43,1,89,0
1,-3,53,1,89,0
-6,0,59,1,89,0
-4,-3,65,1,89,0
7,-1,69,1,89,0
3,0,83,1,89,0
-7,-2,88,1,89,0
-8,3,7,1,90,0
8,-5,9,1,90,0
-7,2,14,1,90,0
-4,-4,22,1,90,0
7,-2,89,1,90,0
4,-3,78,1,90,0
5,-6,87,1,90,0
2,0,89,1,90,0
8,-6,7,1,90,0
-4,-5,19,1,90,0
-6,-1,41,1,90,0
-3,-2,72,1,90,0
3,-1,82,1,90,0
5,-7,83,1,90,0
4,-4,89,1,90,0
8,-7,6,1,90,0
-4,-6,9,1,90,0
0,-3,52,1,90,0
3,3,54,1,90,0
-3,-3,66,1,90,0
2,2,88,1,90,0
7,-5,25,1,90,0
-3,-4,29,1,90,0
3,4,45,1,90,0
4,5,74,1,90,0
2,3,86,1,90,0
-4,2,89,1,90,0
-3,-5,24,1,90,0
7,-6,29,1,90,0
-3,2,55,1,90,0
6,-3,58,1,90,0
8,0,63,1,90,0
2,4,77,1,90,0
4,-7,79,1,90,0
2,-1,81,1,90,0
-2,-2,84,1,90,0
-4,3,84,1,90,0
4,6,86,1,90,0
1,3,85,1,90,0
7,-7,4,1,90,0
-5,5,9,1,90,0
2,5,17,1,90,0
-5,-2,43,1,90,0
7,0,62,1,90,0
3,6,53,1,90,0
6,-4,57,1,90,0
2,-2,63,1,90,0
-3,3,63,1,90,0
-4,4,76,1,90,0
1,4,78,1,90,0
4,7,89,1,90,0
-2,-3,89,1,90,0
1,5,11,1,90,0
-4,5,15,1,90,0
-2,-4,37,1,90,0
6,0,49,1,90,0
2,6,44,1,90,0
6,-5,44,1,90,0
-5,-3,46,1,90,0
-2,3,49,1,90,0
8,-1,67,1,90,0
-3,4,69,1,90,0
5,0,39,1,90,0
-5,-4,12,1,90,0
2,7,18,1,90,0
1,6,36,1,90,0
5,-3,67,1,90,0
8,-2,86,1,90,0
3,-7,89,1,90,0
6,-6,89,1,90,0
4,-1,9,1,90,0
0,6,4,1,90,0
4,0,11,1,90,0
-5,-5,15,1,90,0
5,1,34,1,90,0
1,7,26,1,90,0
-7,0,27,1,90,0
-4,-2,34,1,90,0
-1,-3,44,1,90,0
1,-2,61,1,90,0
5,-4,64,1,90,0
-7,-1,73,1,90,0
6,-7,74,1,90,0
1,8,11,1,90,0
-8,2,11,1,90,0
-7,1,21,1,90,0
5,-5,24,1,90,0
-1,-4,43,1,90,0
1,-3,53,1,90,0
-6,0,59,1,90,0
-4,-3,65,1,90,0
7,-1,69,1,90,0
3,0,83,1,90,0
-7,-2,89,1,90,0
-8,3,7,1,91,0
8,-5,9,1,91,0
-7,2,14,1,91,0
-4,-4,22,1,91,0
7,-2,91,1,91,0
4,-3,78,1,91,0
5,-6,87,1,91,0
2,0,89,1,91,0
8,-6,7,1,91,0
-4,-5,19,1,91,0
-6,-1,41,1,91,0
-3,-2,72,1,91,0
3,-1,82,1,91,0
5,-7,83,1,91,0
4,-4,89,1,91,0
8,-7,6,1,91,0
-4,-6,9,1,91,0
0,-3,52,1,91,0
3,3,54,1,91,0
-3,-3,66,1,91,0
2,2,89,1,91,0
7,-5,25,1,91,0
-3,-4,29,1,91,0
3,4,45,1,91,0
4,5,74,1,91,0
2,3,86,1,91,0
-4,2,89,1,91,0
-3,-5,24,1,91,0
7,-6,29,1,91,0
-3,2,55,1,91,0
6,-3,58,1,91,0
8,0,63,1,91,0
2,4,77,1,91,0
4,-7,79,1,91,0
2,-1,81,1,91,0
-2,-2,84,1,91,0
-4,3,84,1,91,0
4,6,86,1,91,0
1,3,85,1,91,0
7,-7,4,1,91,0
-5,5,9,1,91,0
2,5,17,1,91,0
-5,-2,43,1,91,0
7,0,62,1,91,0
3,6,53,1,91,0
6,-4,57,1,91,0
2,-2,63,1,91,0
-3,3,63,1,91,0
-4,4,76,1,91,0
1,4,78,1,91,0
4,7,89,1,91,0
-2,-3,89,1,91,0
1,5,11,1,91,0
-4,5,15,1,91,0
-2,-4,37,1,91,0
6,0,49,1,91,0
2,6,44,1,91,0
6,-5,44,1,91,0
-5,-3,46,1,91,0
-2,3,49,1,91,0
8,-1,67,1,91,0
-3,4,69,1,91,0
5,0,39,1,91,0
-5,-4,12,1,91,0
2,7,18,1,91,0
1,6,36,1,91,0
5,-3,67,1,91,0
8,-2,86,1,91,0
3,-7,89,1,91,0
6,-6,89,1,91,0
4,-1,9,1,91,0
0,6,4,1,91,0
4,0,11,1,91,0
-5,-5,15,1,91,0
5,1,34,1,91,0
1,7,26,1,91,0
-7,0,27,1,91,0
-4,-2,34,1,91,0
-1,-3,44,1,91,0
1,-2,61,1,91,0
5,-4,64,1,91,0
-7,-1,73,1,91,0
6,-7,74,1,91,0
1,8,11,1,91,0
-8,2,11,1,91,0
-7,1,21,1,91,0
5,-5,24,1,91,0
-1,-4,43,1,91,0
1,-3,53,1,91,0
-6,0,59,1,91,0
-4,-3,65,1,91,0
7,-1,69,1,91,0
3,0,83,1,91,0
-7,-2,89,1,91,0
-8,3,7,1,92,0
8,-5,9,1,92,0
-7,2,14,1,92,0
-4,-4,22,1,92,0
7,-2,92,1,92,0
4,-3,78,1,92,0
5,-6,87,1,92,0
2,0,89,1,92,0
8,-6,7,1,92,0
-4,-5,19,1,92,0
-6,-1,41,1,92,0
-3,-2,72,1,92,0
3,-1,82,1,92,0
5,-7,83,1,92,0
4,-4,91,1,92,0
8,-7,6,1,92,0
-4,-6,9,1,92,0
0,-3,52,1,92,0
3,3,54,1,92,0
-3,-3,66,1,92,0
2,2,91,1,92,0
7,-5,25,1,92,0
-3,-4,29,1,92,0
3,4,45,1,92,0
4,5,74,1,92,0
2,3,86,1,92,0
-4,2,91,1,92,0
-3,-5,24,1,92,0
7,-6,29,1,92,0
-3,2,55,1,92,0
6,-3,58,1,92,0
8,0,63,1,92,0
2,4,77,1,92,0
4,-7,79,1,92,0
-2,-2,84,1,92,0
-4,3,84,1,92,0
4,6,86,1,92,0
1,3,85,1,92,0
2,-1,91,1,92,0
7,-7,4,1,92,0
-5,5,9,1,92,0
2,5,17,1,92,0
-5,-2,43,1,92,0
7,0,62,1,92,0
3,6,53,1,92,0
6,-4,57,1,92,0
2,-2,63,1,92,0
-3,3,63,1,92,0
-4,4,76,1,92,0
1,4,78,1,92,0
-2,-3,89,1,92,0
4,7,91,1,92,0
1,5,11,1,92,0
-4,5,15,1,92,0
6,0,49,1,92,0
2,6,44,1,92,0
6,-5,44,1,92,0
-5,-3,46,1,92,0
-2,3,49,1,92,0
8,-1,67,1,92,0
-3,4,69,1,92,0
-2,-4,91,1,92,0
-8,-2,91,1,92,0
5,0,39,1,92,0
-5,-4,12,1,92,0
2,7,18,1,92,0
1,6,36,1,92,0
5,-3,67,1,92,0
8,-2,86,1,92,0
3,-7,91,1,92,0
6,-6,91,1,92,0
4,-1,9,1,92,0
0,6,4,1,92,0
4,0,11,1,92,0
-5,-5,15,1,92,0
5,1,34,1,92,0
1,7,26,1,92,0
-7,0,27,1,92,0
-4,-2,34,1,92,0
-1,-3,44,1,92,0
1,-2,61,1,92,0
5,-4,64,1,92,0
-7,-1,73,1,92,0
6,-7,74,1,92,0
1,8,11,1,92,0
-8,2,11,1,92,0
-7,1,21,1,92,0
5,-5,24,1,92,0
-1,-4,43,1,92,0
1,-3,53,1,92,0
-6,0,59,1,92,0
-4,-3,65,1,92,0
7,-1,69,1,92,0
3,0,83,1,92,0
-7,-2,89,1,92,0
-8,3,7,1,93,0
8,-5,9,1,93,0
-7,2,14,1,93,0
-4,-4,22,1,93,0
7,-2,93,1,93,0
4,-3,78,1,93,0
5,-6,87,1,93,0
2,0,89,1,93,0
8,-6,7,1,93,0
-4,-5,19,1,93,0
-6,-1,41,1,93,0
-3,-2,72,1,93,0
3,-1,82,1,93,0
5,-7,83,1,93,0
4,-4,92,1,93,0
8,-7,6,1,93,0
-4,-6,9,1,93,0
0,-3,52,1,93,0
3,3,54,1,93,0
-3,-3,66,1,93,0
2,2,92,1,93,0
-4,1,92,1,93,0
7,-5,25,1,93,0
-3,-4,29,1,93,0
3,4,45,1,93,0
4,5,74,1,93,0
2,3,86,1,93,0
-4,2,91,1,93,0
-3,-5,24,1,93,0
7,-6,29,1,93,0
-3,2,55,1,93,0
6,-3,58,1,93,0
8,0,63,1,93,0
2,4,77,1,93,0
4,-7,79,1,93,0
-2,-2,84,1,93,0
-4,3,84,1,93,0
4,6,86,1,93,0
1,3,85,1,93,0
2,-1,92,1,93,0
7,-7,4,1,93,0
-5,5,9,1,93,0
2,5,17,1,93,0
-5,-2,43,1,93,0
7,0,62,1,93,0
3,6,53,1,93,0
6,-4,57,1,93,0
2,-2,63,1,93,0
-3,3,63,1,93,0
-4,4,76,1,93,0
1,4,78,1,93,0
-2,-3,89,1,93,0
4,7,92,1,93,0
1,5,11,1,93,0
-4,5,15,1,93,0
6,0,49,1,93,0
2,6,44,1,93,0
6,-5,44,1,93,0
-5,-3,46,1,93,0
-2,3,49,1,93,0
8,-1,67,1,93,0
-3,4,69,1,93,0
-2,-4,92,1,93,0
-8,-2,92,1,93,0
5,0,39,1,93,0
-5,-4,12,1,93,0
2,7,18,1,93,0
1,6,36,1,93,0
5,-3,67,1,93,0
8,-2,86,1,93,0
3,-7,92,1,93,0
6,-6,92,1,93,0
4,-1,9,1,93,0
0,6,4,1,93,0
4,0,11,1,93,0
-5,-5,15,1,93,0
5,1,34,1,93,0
1,7,26,1,93,0
-7,0,27,1,93,0
-4,-2,34,1,93,0
-1,-3,44,1,93,0
1,-2,61,1,93,0
5,-4,64,1,93,0
-7,-1,73,1,93,0
6,-7,74,1,93,0
1,8,11,1,93,0
-8,2,11,1,93,0
-7,1,21,1,93,0
5,-5,24,1,93,0
-1,-4,43,1,93,0
1,-3,53,1,93,0
-6,0,59,1,93,0
-4,-3,65,1,93,0
7,-1,69,1,93,0
3,0,83,1,93,0
-7,-2,89,1,93,0
-8,3,7,1,94,0
8,-5,9,1,94,0
-7,2,14,1,94,0
-4,-4,22,1,94,0
7,-2,94,1,94,0
4,-3,78,1,94,0
5,-6,87,1,94,0
2,0,89,1,94,0
8,-6,7,1,94,0
-4,-5,19,1,94,0
-6,-1,41,1,94,0
-3,-2,72,1,94,0
3,-1,82,1,94,0
5,-7,83,1,94,0
2,1,93,1,94,0
4,-4,93,1,94,0
8,-7,6,1,94,0
-4,-6,9,1,94,0
0,-3,52,1,94,0
3,3,54,1,94,0
-3,-3,66,1,94,0
2,2,92,1,94,0
-4,1,93,1,94,0
7,-5,25,1,94,0
-3,-4,29,1,94,0
3,4,45,1,94,0
4,5,74,1,94,0
2,3,86,1,94,0
-4,2,91,1,94,0
-3,-5,24,1,94,0
7,-6,29,1,94,0
-3,2,55,1,94,0
6,-3,58,1,94,0
8,0,63,1,94,0
2,4,77,1,94,0
4,-7,79,1,94,0
-2,-2,84,1,94,0
-4,3,84,1,94,0
4,6,86,1,94,0
1,3,85,1,94,0
2,-1,93,1,94,0
7,-7,4,1,94,0
-5,5,9,1,94,0
2,5,17,1,94,0
-5,-2,43,1,94,0
7,0,62,1,94,0
3,6,53,1,94,0
6,-4,57,1,94,0
2,-2,63,1,94,0
-3,3,63,1,94,0
-4,4,76,1,94,0
1,4,78,1,94,0
-2,-3,89,1,94,0
4,7,93,1,94,0
1,5,11,1,94,0
-4,5,15,1,94,0
6,0,49,1,94,0
2,6,44,1,94,0
6,-5,44,1,94,0
-5,-3,46,1,94,0
-2,3,49,1,94,0
8,-1,67,1,94,0
-3,4,69,1,94,0
-2,-4,93,1,94,0
-8,-2,93,1,94,0
5,0,39,1,94,0
-5,-4,12,1,94,0
2,7,18,1,94,0
1,6,36,1,94,0
5,-3,67,1,94,0
8,-2,86,1,94,0
3,-7,93,1,94,0
6,-6,93,1,94,0
4,-1,9,1,94,0
0,6,4,1,94,0
4,0,11,1,94,0
-5,-5,15,1,94,0
5,1,34,1,94,0
1,7,26,1,94,0
-7,0,27,1,94,0
-4,-2,34,1,94,0
-1,-3,44,1,94,0
1,-2,61,1,94,0
5,-4,64,1,94,0
-7,-1,73,1,94,0
6,-7,74,1,94,0
1,8,11,1,94,0
-8,2,11,1,94,0
-7,1,21,1,94,0
5,-5,24,1,94,0
-1,-4,43,1,94,0
1,-3,53,1,94,0
-6,0,59,1,94,0
-4,-3,65,1,94,0
7,-1,69,1,94,0
3,0,83,1,94,0
-7,-2,89,1,94,0
-8,3,7,1,95,0
8,-5,9,1,95,0
-7,2,14,1,95,0
-4,-4,22,1,95,0
7,-2,94,1,95,0
4,-3,78,1,95,0
5,-6,87,1,95,0
2,0,89,1,95,0
8,-6,7,1,95,0
-4,-5,19,1,95,0
-6,-1,41,1,95,0
-3,-2,72,1,95,0
3,-1,82,1,95,0
5,-7,83,1,95,0
2,1,94,1,95,0
4,-4,94,1,95,0
8,-7,6,1,95,0
-4,-6,9,1,95,0
0,-3,52,1,95,0
3,3,54,1,95,0
-3,-3,66,1,95,0
2,2,92,1,95,0
-4,1,94,1,95,0
7,-5,25,1,95,0
-3,-4,29,1,95,0
3,4,45,1,95,0
4,5,74,1,95,0
2,3,86,1,95,0
-4,2,91,1,95,0
6,-2,95,1,95,0
-3,-5,24,1,95,0
7,-6,29,1,95,0
-3,2,55,1,95,0
6,-3,58,1,95,0
8,0,63,1,95,0
2,4,77,1,95,0
4,-7,79,1,95,0
-2,-2,84,1,95,0
-4,3,84,1,95,0
4,6,86,1,95,0
1,3,85,1,95,0
2,-1,94,1,95,0
7,-7,4,1,95,0
-5,5,9,1,95,0
2,5,17,1,95,0
-5,-2,43,1,95,0
7,0,62,1,95,0
3,6,53,1,95,0
6,-4,57,1,95,0
2,-2,63,1,95,0
-3,3,63,1,95,0
-4,4,76,1,95,0
1,4,78,1,95,0
-2,-3,89,1,95,0
4,7,94,1,95,0
1,5,11,1,95,0
-4,5,15,1,95,0
6,0,49,1,95,0
2,6,44,1,95,0
6,-5,44,1,95,0
-5,-3,46,1,95,0
-2,3,49,1,95,0
8,-1,67,1,95,0
-3,4,69,1,95,0
-2,-4,94,1,95,0
-8,-2,94,1,95,0
5,0,39,1,95,0
-5,-4,12,1,95,0
2,7,18,1,95,0
1,6,36,1,95,0
5,-3,67,1,95,0
8,-2,86,1,95,0
3,-7,94,1,95,0
6,-6,94,1,95,0
4,-1,9,1,95,0
0,6,4,1,95,0
4,0,11,1,95,0
-5,-5,15,1,95,0
5,1,34,1,95,0
1,7,26,1,95,0
-7,0,27,1,95,0
-4,-2,34,1,95,0
-1,-3,44,1,95,0
1,-2,61,1,95,0
5,-4,64,1,95,0
-7,-1,73,1,95,0
6,-7,74,1,95,0
1,8,11,1,95,0
-8,2,11,1,95,0
-7,1,21,1,95,0
5,-5,24,1,95,0
-1,-4,43,1,95,0
1,-3,53,1,95,0
-6,0,59,1,95,0
-4,-3,65,1,95,0
7,-1,69,1,95,0
3,0,83,1,95,0
-7,-2,89,1,95,0
-8,3,7,1,96,0
8,-5,9,1,96,0
-7,2,14,1,96,0
-4,-4,22,1,96,0
7,-2,94,1,96,0
4,-3,78,1,96,0
5,-6,87,1,96,0
2,0,89,1,96,0
2,-7,95,1,96,0
8,-6,7,1,96,0
-4,-5,19,1,96,0
-6,-1,41,1,96,0
-3,-2,72,1,96,0
3,-1,82,1,96,0
5,-7,83,1,96,0
2,1,95,1,96,0
4,-4,95,1,96,0
8,-7,6,1,96,0
-4,-6,9,1,96,0
0,-3,52,1,96,0
3,3,54,1,96,0
-3,-3,66,1,96,0
2,2,92,1,96,0
-4,1,95,1,96,0
7,-5,25,1,96,0
-3,-4,29,1,96,0
3,4,45,1,96,0
4,5,74,1,96,0
2,3,86,1,96,0
-4,2,91,1,96,0
6,-2,96,1,96,0
-3,-5,24,1,96,0
7,-6,29,1,96,0
-3,2,55,1,96,0
6,-3,58,1,96,0
8,0,63,1,96,0
2,4,77,1,96,0
4,-7,79,1,96,0
-2,-2,84,1,96,0
-4,3,84,1,96,0
4,6,86,1,96,0
1,3,85,1,96,0
2,-1,95,1,96,0
7,-7,4,1,96,0
-5,5,9,1,96,0
2,5,17,1,96,0
-5,-2,43,1,96,0
7,0,62,1,96,0
3,6,53,1,96,0
6,-4,57,1,96,0
2,-2,63,1,96,0
-3,3,63,1,96,0
-4,4,76,1,96,0
1,4,78,1,96,0
-2,-3,89,1,96,0
4,7,95,1,96,0
1,5,11,1,96,0
-4,5,15,1,96,0
6,0,49,1,96,0
2,6,44,1,96,0
6,-5,44,1,96,0
-5,-3,46,1,96,0
-2,3,49,1,96,0
8,-1,67,1,96,0
-3,4,69,1,96,0
-8,-2,94,1,96,0
-2,-4,95,1,96,0
5,0,39,1,96,0
-5,-4,12,1,96,0
2,7,18,1,96,0
1,6,36,1,96,0
5,-3,67,1,96,0
8,-2,86,1,96,0
3,-7,94,1,96,0
6,-6,95,1,96,0
4,-1,9,1,96,0
0,6,4,1,96,0
4,0,11,1,96,0
-5,-5,15,1,96,0
5,1,34,1,96,0
1,7,26,1,96,0
-7,0,27,1,96,0
-4,-2,34,1,96,0
-1,-3,44,1,96,0
1,-2,61,1,96,0
5,-4,64,1,96,0
-7,-1,73,1,96,0
6,-7,74,1,96,0
1,8,11,1,96,0
-8,2,11,1,96,0
-7,1,21,1,96,0
5,-5,24,1,96,0
-1,-4,43,1,96,0
1,-3,53,1,96,0
-6,0,59,1,96,0
-4,-3,65,1,96,0
7,-1,69,1,96,0
3,0,83,1,96,0
-7,-2,95,1,96,0
-8,3,7,1,97,0
8,-5,9,1,97,0
-7,2,14,1,97,0
-4,-4,22,1,97,0
7,-2,94,1,97,0
4,-3,78,1,97,0
5,-6,87,1,97,0
2,0,89,1,97,0
2,-7,96,1,97,0
8,-6,7,1,97,0
-4,-5,19,1,97,0
-6,-1,41,1,97,0
-3,-2,72,1,97,0
3,-1,82,1,97,0
5,-7,83,1,97,0
2,1,96,1,97,0
4,-4,96,1,97,0
8,-7,6,1,97,0
-4,-6,9,1,97,0
0,-3,52,1,97,0
3,3,54,1,97,0
-3,-3,66,1,97,0
2,2,92,1,97,0
-4,1,96,1,97,0
6,-1,97,1,97,0
7,-5,25,1,97,0
-3,-4,29,1,97,0
3,4,45,1,97,0
4,5,74,1,97,0
2,3,86,1,97,0
-4,2,91,1,97,0
6,-2,96,1,97,0
-3,-5,24,1,97,0
7,-6,29,1,97,0
-3,2,55,1,97,0
6,-3,58,1,97,0
8,0,63,1,97,0
2,4,77,1,97,0
4,-7,79,1,97,0
-2,-2,84,1,97,0
-4,3,84,1,97,0
4,6,86,1,97,0
1,3,85,1,97,0
2,-1,96,1,97,0
7,-7,4,1,97,0
-5,5,9,1,97,0
2,5,17,1,97,0
-5,-2,43,1,97,0
7,0,62,1,97,0
3,6,53,1,97,0
6,-4,57,1,97,0
2,-2,63,1,97,0
-3,3,63,1,97,0
-4,4,76,1,97,0
1,4,78,1,97,0
-2,-3,89,1,97,0
4,7,96,1,97,0
1,5,11,1,97,0
-4,5,15,1,97,0
6,0,49,1,97,0
2,6,44,1,97,0
6,-5,44,1,97,0
-5,-3,46,1,97,0
-2,3,49,1,97,0
8,-1,67,1,97,0
-3,4,69,1,97,0
-8,-2,94,1,97,0
-2,-4,96,1,97,0
5,0,39,1,97,0
-5,-4,12,1,97,0
2,7,18,1,97,0
1,6,36,1,97,0
5,-3,67,1,97,0
8,-2,86,1,97,0
3,-7,94,1,97,0
6,-6,96,1,97,0
4,-1,9,1,97,0
0,6,4,1,97,0
4,0,11,1,97,0
-5,-5,15,1,97,0
5,1,34,1,97,0
1,7,26,1,97,0
-7,0,27,1,97,0
-4,-2,34,1,97,0
-1,-3,44,1,97,0
1,-2,61,1,97,0
5,-4,64,1,97,0
6,-7,74,1,97,0
-7,-1,96,1,97,0
1,8,11,1,97,0
-8,2,11,1,97,0
-7,1,21,1,97,0
5,-5,24,1,97,0
-1,-4,43,1,97,0
1,-3,53,1,97,0
-6,0,59,1,97,0
-4,-3,65,1,97,0
7,-1,69,1,97,0
3,0,83,1,97,0
-7,-2,95,1,97,0
-8,3,7,1,98,0
8,-5,9,1,98,0
-7,2,14,1,98,0
-4,-4,22,1,98,0
7,-2,94,1,98,0
4,-3,78,1,98,0
5,-6,87,1,98,0
2,0,89,1,98,0
2,-7,97,1,98,0
8,-6,7,1,98,0
-4,-5,19,1,98,0
-6,-1,41,1,98,0
-3,-2,72,1,98,0
3,-1,82,1,98,0
5,-7,83,1,98,0
2,1,97,1,98,0
4,-4,97,1,98,0
8,-7,6,1,98,0
-4,-6,9,1,98,0
0,-3,52,1,98,0
3,3,54,1,98,0
-3,-3,66,1,98,0
2,2,92,1,98,0
6,-1,97,1,98,0
-4,1,97,1,98,0
7,-5,25,1,98,0
-3,-4,29,1,98,0
3,4,45,1,98,0
4,5,74,1,98,0
2,3,86,1,98,0
-4,2,91,1,98,0
6,-2,96,1,98,0
-3,-5,24,1,98,0
-3,2,55,1,98,0
6,-3,58,1,98,0
8,0,63,1,98,0
2,4,77,1,98,0
4,-7,79,1,98,0
-2,-2,84,1,98,0
-4,3,84,1,98,0
4,6,86,1,98,0
1,3,85,1,98,0
5,7,97,1,98,0
2,-1,97,1,98,0
7,-6,97,1,98,0
7,-7,4,1,98,0
-5,5,9,1,98,0
2,5,17,1,98,0
-5,-2,43,1,98,0
7,0,62,1,98,0
3,6,53,1,98,0
6,-4,57,1,98,0
2,-2,63,1,98,0
-3,3,63,1,98,0
-4,4,76,1,98,0
1,4,78,1,98,0
-2,-3,89,1,98,0
4,7,96,1,98,0
-8,-1,97,1,98,0
1,5,11,1,98,0
-4,5,15,1,98,0
6,0,49,1,98,0
2,6,44,1,98,0
6,-5,44,1,98,0
-5,-3,46,1,98,0
-2,3,49,1,98,0
8,-1,67,1,98,0
-3,4,69,1,98,0
-8,-2,94,1,98,0
-2,-4,96,1,98,0
5,0,39,1,98,0
-5,-4,12,1,98,0
2,7,18,1,98,0
1,6,36,1,98,0
5,-3,67,1,98,0
8,-2,86,1,98,0
3,-7,94,1,98,0
6,-6,96,1,98,0
4,-1,9,1,98,0
0,6,4,1,98,0
4,0,11,1,98,0
-5,-5,15,1,98,0
5,1,34,1,98,0
1,7,26,1,98,0
-7,0,27,1,98,0
-4,-2,34,1,98,0
-1,-3,44,1,98,0
1,-2,61,1,98,0
5,-4,64,1,98,0
6,-7,74,1,98,0
-7,-1,96,1,98,0
1,8,11,1,98,0
-8,2,11,1,98,0
-7,1,21,1,98,0
5,-5,24,1,98,0
1,-3,53,1,98,0
-6,0,59,1,98,0
-4,-3,65,1,98,0
7,-1,98,1,98,0
3,0,83,1,98,0
-7,-2,95,1,98,0
-1,-4,97,1,98,0
-8,3,7,1,99,0
8,-5,9,1,99,0
-7,2,14,1,99,0
-4,-4,22,1,99,0
7,-2,94,1,99,0
4,-3,78,1,99,0
5,-6,87,1,99,0
2,0,89,1,99,0
2,-7,98,1,99,0
8,-6,7,1,99,0
-4,-5,19,1,99,0
-6,-1,41,1,99,0
-3,-2,72,1,99,0
3,-1,82,1,99,0
5,-7,83,1,99,0
2,1,97,1,99,0
4,-4,98,1,99,0
8,-7,6,1,99,0
-4,-6,9,1,99,0
0,-3,52,1,99,0
3,3,54,1,99,0
-3,-3,66,1,99,0
2,2,92,1,99,0
6,-1,97,1,99,0
1,1,98,1,99,0
-4,1,98,1,99,0
7,-5,25,1,99,0
-3,-4,29,1,99,0
3,4,45,1,99,0
4,5,74,1,99,0
2,3,86,1,99,0
-4,2,91,1,99,0
6,-2,96,1,99,0
-3,-5,24,1,99,0
-3,2,55,1,99,0
6,-3,58,1,99,0
8,0,63,1,99,0
2,4,77,1,99,0
4,-7,79,1,99,0
-2,-2,84,1,99,0
-4,3,84,1,99,0
4,6,86,1,99,0
1,3,85,1,99,0
5,7,98,1,99,0
2,-1,98,1,99,0
7,-6,98,1,99,0
7,-7,4,1,99,0
-5,5,9,1,99,0
2,5,17,1,99,0
-5,-2,43,1,99,0
7,0,62,1,99,0
3,6,53,1,99,0
6,-4,57,1,99,0
2,-2,63,1,99,0
-3,3,63,1,99,0
-4,4,76,1,99,0
1,4,78,1,99,0
-2,-3,89,1,99,0
4,7,96,1,99,0
-8,-1,97,1,99,0
1,5,11,1,99,0
-4,5,15,1,99,0
6,0,49,1,99,0
2,6,44,1,99,0
6,-5,44,1,99,0
-5,-3,46,1,99,0
-2,3,49,1,99,0
8,-1,67,1,99,0
-3,4,69,1,99,0
-8,-2,94,1,99,0
-2,-4,96,1,99,0
5,0,39,1,99,0
-5,-4,12,1,99,0
2,7,18,1,99,0
1,6,36,1,99,0
5,-3,67,1,99,0
8,-2,86,1,99,0
3,-7,94,1,99,0
6,-6,96,1,99,0
4,-1,9,1,99,0
0,6,4,1,99,0
4,0,11,1,99,0
-5,-5,15,1,99,0
5,1,34,1,99,0
1,7,26,1,99,0
-7,0,27,1,99,0
-4,-2,34,1,99,0
-1,-3,44,1,99,0
1,-2,61,1,99,0
5,-4,64,1,99,0
6,-7,74,1,99,0
-7,-1,98,1,99,0
1,8,11,1,99,0
-8,2,11,1,99,0
-7,1,21,1,99,0
5,-5,24,1,99,0
1,-3,53,1,99,0
-6,0,59,1,99,0
-4,-3,65,1,99,0
7,-1,99,1,99,0
3,0,83,1,99,0
-7,-2,95,1,99,0
-1,-4,98,1,99,0
-8,3,7,1,100,0
8,-5,9,1,100,0
-7,2,14,1,100,0
-4,-4,22,1,100,0
7,-2,94,1,100,0
4,-3,78,1,100,0
5,-6,87,1,100,0
2,0,89,1,100,0
-1,-5,99,1,100,0
2,-7,99,1,100,0
8,-6,7,1,100,0
-4,-5,19,1,100,0
-6,-1,41,1,100,0
-3,-2,72,1,100,0
3,-1,82,1,100,0
5,-7,83,1,100,0
2,1,97,1,100,0
-4,0,99,1,100,0
4,-4,99,1,100,0
8,-7,6,1,100,0
-4,-6,9,1,100,0
0,-3,52,1,100,0
3,3,54,1,100,0
-3,-3,66,1,100,0
2,2,92,1,100,0
6,-1,97,1,100,0
-4,1,98,1,100,0
3,-2,99,1,100,0
1,1,99,1,100,0
7,-5,25,1,100,0
-3,-4,29,1,100,0
3,4,45,1,100,0
4,5,74,1,100,0
2,3,86,1,100,0
-4,2,91,1,100,0
6,-2,96,1,100,0
-3,-5,24,1,100,0
-3,2,55,1,100,0
6,-3,58,1,100,0
8,0,63,1,100,0
2,4,77,1,100,0
4,-7,79,1,100,0
-2,-2,84,1,100,0
-4,3,84,1,100,0
4,6,86,1,100,0
1,3,85,1,100,0
2,-1,98,1,100,0
7,-6,98,1,100,0
5,7,99,1,100,0
-5,5,9,1,100,0
2,5,17,1,100,0
-5,-2,43,1,100,0
7,0,62,1,100,0
3,6,53,1,100,0
6,-4,57,1,100,0
2,-2,63,1,100,0
-3,3,63,1,100,0
-4,4,76,1,100,0
1,4,78,1,100,0
-2,-3,89,1,100,0
4,7,96,1,100,0
-8,-1,97,1,100,0
7,-7,99,1,100,0
1,5,11,1,100,0
-4,5,15,1,100,0
6,0,49,1,100,0
2,6,44,1,100,0
6,-5,44,1,100,0
-5,-3,46,1,100,0
-2,3,49,1,100,0
8,-1,67,1,100,0
-3,4,69,1,100,0
-8,-2,94,1,100,0
-2,-4,96,1,100,0
5,0,39,1,100,0
-5,-4,12,1,100,0
2,7,18,1,100,0
1,6,36,1,100,0
5,-3,67,1,100,0
8,-2,86,1,100,0
3,-7,94,1,100,0
6,-6,96,1,100,0
4,-1,9,1,100,0
0,6,4,1,100,0
4,0,11,1,100,0
-5,-5,15,1,100,0
5,1,34,1,100,0
1,7,26,1,100,0
-7,0,27,1,100,0
-4,-2,34,1,100,0
-1,-3,44,1,100,0
1,-2,61,1,100,0
5,-4,64,1,100,0
6,-7,74,1,100,0
-7,-1,99,1,100,0
1,8,11,1,100,0
-8,2,11,1,100,0
-7,1,21,1,100,0
5,-5,24,1,100,0
1,-3,53,1,100,0
-6,0,59,1,100,0
-4,-3,65,1,100,0
7,-1,99,1,100,0
3,0,83,1,100,0
-7,-2,95,1,100,0
-1,-4,98,1,100,0
-8,3,7,1,101,0
8,-5,9,1,101,0
-7,2,14,1,101,0
-4,-4,22,1,101,0
7,-2,94,1,101,0
4,-3,78,1,101,0
5,-6,87,1,101,0
2,0,89,1,101,0
-1,-5,99,1,101,0
2,-7,99,1,101,0
8,-6,7,1,101,0
-4,-5,19,1,101,0
-6,-1,41,1,101,0
-3,-2,72,1,101,0
3,-1,82,1,101,0
5,-7,83,1,101,0
2,1,97,1,101,0
-4,0,99,1,101,0
4,-4,99,1,101,0
8,-7,6,1,101,0
-4,-6,9,1,101,0
0,-3,52,1,101,0
3,3,54,1,101,0
-3,-3,66,1,101,0
2,2,92,1,101,0
6,-1,97,1,101,0
-4,1,98,1,101,0
3,-2,99,1,101,0
1,1,99,1,101,0
7,-5,25,1,101,0
-3,-4,29,1,101,0
3,4,45,1,101,0
4,5,74,1,101,0
2,3,86,1,101,0
-4,2,91,1,101,0
6,-2,96,1,101,0
-3,-5,24,1,101,0
-3,2,55,1,101,0
6,-3,58,1,101,0
8,0,63,1,101,0
2,4,77,1,101,0
4,-7,79,1,101,0
-2,-2,84,1,101,0
-4,3,84,1,101,0
4,6,86,1,101,0
1,3,85,1,101,0
2,-1,98,1,101,0
7,-6,98,1,101,0
5,7,99,1,101,0
-5,5,9,1,101,0
2,5,17,1,101,0
-5,-2,43,1,101,0
7,0,62,1,101,0
3,6,53,1,101,0
6,-4,57,1,101,0
2,-2,63,1,101,0
-3,3,63,1,101,0
-4,4,76,1,101,0
1,4,78,1,101,0
-2,-3,89,1,101,0
4,7,96,1,101,0
-8,-1,97,1,101,0
7,-7,99,1,101,0
1,5,11,1,101,0
-4,5,15,1,101,0
6,0,49,1,101,0
2,6,44,1,101,0
6,-5,44,1,101,0
-5,-3,46,1,101,0
-2,3,49,1,101,0
8,-1,67,1,101,0
-3,4,69,1,101,0
-8,-2,94,1,101,0
-2,-4,96,1,101,0
5,0,39,1,101,0
-5,-4,12,1,101,0
2,7,18,1,101,0
1,6,36,1,101,0
5,-3,67,1,101,0
8,-2,86,1,101,0
3,-7,94,1,101,0
6,-6,96,1,101,0
4,-1,9,1,101,0
0,6,4,1,101,0
4,0,11,1,101,0
-5,-5,15,1,101,0
5,1,34,1,101,0
1,7,26,1,101,0
-7,0,27,1,101,0
-4,-2,34,1,101,0
-1,-3,44,1,101,0
1,-2,61,1,101,0
5,-4,64,1,101,0
6,-7,74,1,101,0
-7,-1,99,1,101,0
1,8,11,1,101,0
-8,2,11,1,101,0
-7,1,21,1,101,0
5,-5,24,1,101,0
1,-3,53,1,101,0
-6,0,59,1,101,0
-4,-3,65,1,101,0
7,-1,101,1,101,0
3,0,83,1,101,0
-7,-2,95,1,101,0
-1,-4,98,1,101,0
-8,3,7,1,102,0
8,-5,9,1,102,0
-7,2,14,1,102,0
-4,-4,22,1,102,0
7,-2,94,1,102,0
4,-3,78,1,102,0
5,-6,87,1,102,0
-1,-5,101,1,102,0
2,0,101,1,102,0
2,-7,101,1,102,0
8,-6,7,1,102,0
-4,-5,19,1,102,0
-6,-1,41,1,102,0
-3,-2,72,1,102,0
3,-1,82,1,102,0
5,-7,83,1,102,0
2,1,97,1,102,0
-4,0,101,1,102,0
4,-4,101,1,102,0
8,-7,6,1,102,0
-4,-6,9,1,102,0
0,-3,52,1,102,0
3,3,54,1,102,0
-3,-3,66,1,102,0
2,2,92,1,102,0
6,-1,97,1,102,0
-4,1,98,1,102,0
1,1,99,1,102,0
3,-2,101,1,102,0
7,-5,25,1,102,0
-3,-4,29,1,102,0
3,4,45,1,102,0
4,5,74,1,102,0
2,3,86,1,102,0
-4,2,91,1,102,0
6,-2,96,1,102,0
-3,-5,24,1,102,0
-3,2,55,1,102,0
6,-3,58,1,102,0
8,0,63,1,102,0
2,4,77,1,102,0
4,-7,79,1,102,0
-2,-2,84,1,102,0
-4,3,84,1,102,0
4,6,86,1,102,0
1,3,85,1,102,0
2,-1,98,1,102,0
7,-6,98,1,102,0
5,7,101,1,102,0
-5,5,9,1,102,0
2,5,17,1,102,0
-5,-2,43,1,102,0
7,0,62,1,102,0
3,6,53,1,102,0
6,-4,57,1,102,0
2,-2,63,1,102,0
-3,3,63,1,102,0
-4,4,76,1,102,0
1,4,78,1,102,0
-2,-3,89,1,102,0
4,7,96,1,102,0
-8,-1,101,1,102,0
7,-7,101,1,102,0
1,5,11,1,102,0
-4,5,15,1,102,0
6,0,49,1,102,0
2,6,44,1,102,0
6,-5,44,1,102,0
-5,-3,46,1,102,0
-2,3,49,1,102,0
8,-1,67,1,102,0
-3,4,69,1,102,0
-8,-2,94,1,102,0
-2,-4,96,1,102,0
5,0,39,1,102,0
-5,-4,12,1,102,0
2,7,18,1,102,0
1,6,36,1,102,0
5,-3,67,1,102,0
8,-2,86,1,102,0
3,-7,94,1,102,0
6,-6,96,1,102,0
4,-1,9,1,102,0
0,6,4,1,102,0
4,0,11,1,102,0
-5,-5,15,1,102,0
5,1,34,1,102,0
1,7,26,1,102,0
-7,0,27,1,102,0
-4,-2,34,1,102,0
-1,-3,44,1,102,0
1,-2,61,1,102,0
5,-4,64,1,102,0
6,-7,74,1,102,0
-7,-1,99,1,102,0
1,8,11,1,102,0
-8,2,11,1,102,0
-7,1,21,1,102,0
5,-5,24,1,102,0
1,-3,53,1,102,0
-6,0,59,1,102,0
-4,-3,65,1,102,0
7,-1,102,1,102,0
3,0,83,1,102,0
-7,-2,95,1,102,0
-1,-4,98,1,102,0
-8,3,7,1,103,0
8,-5,9,1,103,0
-7,2,14,1,103,0
-4,-4,22,1,103,0
7,-2,94,1,103,0
4,-3,78,1,103,0
5,-6,87,1,103,0
-1,-5,102,1,103,0
2,0,102,1,103,0
2,-7,102,1,103,0
8,-6,7,1,103,0
-4,-5,19,1,103,0
-6,-1,41,1,103,0
-3,-2,72,1,103,0
3,-1,82,1,103,0
5,-7,83,1,103,0
2,1,97,1,103,0
-4,0,102,1,103,0
4,-4,102,1,103,0
8,-7,6,1,103,0
-4,-6,9,1,103,0
0,-3,52,1,103,0
3,3,54,1,103,0
-3,-3,66,1,103,0
2,2,92,1,103,0
6,-1,97,1,103,0
-4,1,98,1,103,0
1,1,99,1,103,0
3,-2,102,1,103,0
7,-5,25,1,103,0
-3,-4,29,1,103,0
3,4,45,1,103,0
4,5,74,1,103,0
2,3,86,1,103,0
-4,2,91,1,103,0
6,-2,96,1,103,0
-3,-5,24,1,103,0
-3,2,55,1,103,0
6,-3,58,1,103,0
8,0,63,1,103,0
2,4,77,1,103,0
4,-7,79,1,103,0
-2,-2,84,1,103,0
-4,3,84,1,103,0
4,6,86,1,103,0
1,3,85,1,103,0
2,-1,98,1,103,0
7,-6,98,1,103,0
5,7,102,1,103,0
-5,5,9,1,103,0
2,5,17,1,103,0
-5,-2,43,1,103,0
7,0,62,1,103,0
3,6,53,1,103,0
6,-4,57,1,103,0
2,-2,63,1,103,0
-3,3,63,1,103,0
-4,4,76,1,103,0
1,4,78,1,103,0
-2,-3,89,1,103,0
4,7,96,1,103,0
-8,-1,102,1,103,0
7,-7,102,1,103,0
1,5,11,1,103,0
-4,5,15,1,103,0
6,0,49,1,103,0
2,6,44,1,103,0
6,-5,44,1,103,0
-5,-3,46,1,103,0
-2,3,49,1,103,0
8,-1,67,1,103,0
-3,4,69,1,103,0
-8,-2,94,1,103,0
-2,-4,96,1,103,0
5,0,39,1,103,0
-5,-4,12,1,103,0
2,7,18,1,103,0
1,6,36,1,103,0
5,-3,67,1,103,0
8,-2,86,1,103,0
3,-7,94,1,103,0
6,-6,96,1,103,0
4,-1,9,1,103,0
0,6,4,1,103,0
4,0,11,1,103,0
-5,-5,15,1,103,0
5,1,34,1,103,0
1,7,26,1,103,0
-7,0,27,1,103,0
-4,-2,34,1,103,0
-1,-3,44,1,103,0
1,-2,61,1,103,0
5,-4,64,1,103,0
6,-7,74,1,103,0
-7,-1,99,1,103,0
1,8,11,1,103,0
-8,2,11,1,103,0
-7,1,21,1,103,0
5,-5,24,1,103,0
1,-3,53,1,103,0
-6,0,59,1,103,0
-4,-3,65,1,103,0
7,-1,103,1,103,0
3,0,83,1,103,0
-7,-2,95,1,103,0
-1,-4,98,1,103,0
-8,3,7,1,104,0
8,-5,9,1,104,0
-7,2,14,1,104,0
-4,-4,22,1,104,0
7,-2,94,1,104,0
4,-3,78,1,104,0
5,-6,87,1,104,0
-1,-5,103,1,104,0
2,0,103,1,104,0
2,-7,103,1,104,0
8,-6,7,1,104,0
-4,-5,19,1,104,0
-6,-1,41,1,104,0
-3,-2,72,1,104,0
3,-1,82,1,104,0
5,-7,83,1,104,0
2,1,97,1,104,0
4,-4,102,1,104,0
-4,0,103,1,104,0
8,-7,6,1,104,0
-4,-6,9,1,104,0
0,-3,52,1,104,0
3,3,54,1,104,0
-3,-3,66,1,104,0
2,2,92,1,104,0
6,-1,97,1,104,0
-4,1,98,1,104,0
1,1,99,1,104,0
3,-2,103,1,104,0
7,-5,25,1,104,0
-3,-4,29,1,104,0
3,4,45,1,104,0
4,5,74,1,104,0
2,3,86,1,104,0
-4,2,91,1,104,0
6,-2,96,1,104,0
5,6,103,1,104,0
-3,-5,24,1,104,0
-3,2,55,1,104,0
6,-3,58,1,104,0
8,0,63,1,104,0
2,4,77,1,104,0
4,-7,79,1,104,0
-2,-2,84,1,104,0
-4,3,84,1,104,0
4,6,86,1,104,0
1,3,85,1,104,0
2,-1,98,1,104,0
7,-6,98,1,104,0
5,7,102,1,104,0
3,-4,103,1,104,0
-5,5,9,1,104,0
2,5,17,1,104,0
-5,-2,43,1,104,0
7,0,62,1,104,0
3,6,53,1,104,0
6,-4,57,1,104,0
2,-2,63,1,104,0
-3,3,63,1,104,0
-4,4,76,1,104,0
1,4,78,1,104,0
-2,-3,89,1,104,0
4,7,96,1,104,0
-8,-1,102,1,104,0
7,-7,103,1,104,0
1,5,11,1,104,0
-4,5,15,1,104,0
6,0,49,1,104,0
2,6,44,1,104,0
6,-5,44,1,104,0
-5,-3,46,1,104,0
-2,3,49,1,104,0
8,-1,67,1,104,0
-3,4,69,1,104,0
-8,-2,94,1,104,0
-2,-4,96,1,104,0
5,0,39,1,104,0
-5,-4,12,1,104,0
2,7,18,1,104,0
1,6,36,1,104,0
5,-3,67,1,104,0
8,-2,86,1,104,0
3,-7,94,1,104,0
6,-6,96,1,104,0
4,-1,9,1,104,0
0,6,4,1,104,0
4,0,11,1,104,0
-5,-5,15,1,104,0
5,1,34,1,104,0
1,7,26,1,104,0
-7,0,27,1,104,0
-4,-2,34,1,104,0
-1,-3,44,1,104,0
1,-2,61,1,104,0
5,-4,64,1,104,0
6,-7,74,1,104,0
-7,-1,103,1,104,0
1,8,11,1,104,0
-8,2,11,1,104,0
-7,1,21,1,104,0
5,-5,24,1,104,0
1,-3,53,1,104,0
-6,0,59,1,104,0
-4,-3,65,1,104,0
7,-1,104,1,104,0
3,0,83,1,104,0
-7,-2,95,1,104,0
-1,-4,98,1,104,0
-8,3,7,1,105,0
8,-5,9,1,105,0
-7,2,14,1,105,0
-4,-4,22,1,105,0
7,-2,94,1,105,0
4,-3,78,1,105,0
5,-6,87,1,105,0
-1,-5,104,1,105,0
2,0,104,1,105,0
2,-7,104,1,105,0
8,-6,7,1,105,0
-4,-5,19,1,105,0
-6,-1,41,1,105,0
-3,-2,72,1,105,0
3,-1,82,1,105,0
5,-7,83,1,105,0
2,1,97,1,105,0
4,-4,102,1,105,0
-4,0,104,1,105,0
8,-7,6,1,105,0
-4,-6,9,1,105,0
0,-3,52,1,105,0
3,3,54,1,105,0
-3,-3,66,1,105,0
2,2,92,1,105,0
6,-1,97,1,105,0
-4,1,98,1,105,0
1,1,99,1,105,0
3,-2,104,1,105,0
7,-5,25,1,105,0
-3,-4,29,1,105,0
3,4,45,1,105,0
4,5,74,1,105,0
2,3,86,1,105,0
-4,2,91,1,105,0
6,-2,96,1,105,0
5,6,103,1,105,0
-3,-5,24,1,105,0
-3,2,55,1,105,0
6,-3,58,1,105,0
8,0,63,1,105,0
2,4,77,1,105,0
4,-7,79,1,105,0
-2,-2,84,1,105,0
-4,3,84,1,105,0
1,3,85,1,105,0
2,-1,98,1,105,0
7,-6,98,1,105,0
5,7,102,1,105,0
4,6,104,1,105,0
3,-4,104,1,105,0
-5,5,9,1,105,0
2,5,17,1,105,0
-5,-2,43,1,105,0
7,0,62,1,105,0
3,6,53,1,105,0
6,-4,57,1,105,0
2,-2,63,1,105,0
-3,3,63,1,105,0
-4,4,76,1,105,0
1,4,78,1,105,0
-2,-3,89,1,105,0
4,7,96,1,105,0
-8,-1,102,1,105,0
7,-7,104,1,105,0
1,5,11,1,105,0
-4,5,15,1,105,0
6,0,49,1,105,0
2,6,44,1,105,0
6,-5,44,1,105,0
-5,-3,46,1,105,0
-2,3,49,1,105,0
8,-1,67,1,105,0
-3,4,69,1,105,0
-8,-2,94,1,105,0
-2,-4,96,1,105,0
5,0,39,1,105,0
-5,-4,12,1,105,0
2,7,18,1,105,0
1,6,36,1,105,0
5,-3,67,1,105,0
8,-2,86,1,105,0
3,-7,94,1,105,0
6,-6,96,1,105,0
4,-1,9,1,105,0
0,6,4,1,105,0
4,0,11,1,105,0
-5,-5,15,1,105,0
5,1,34,1,105,0
1,7,26,1,105,0
-4,-2,34,1,105,0
-1,-3,44,1,105,0
1,-2,61,1,105,0
5,-4,64,1,105,0
6,-7,74,1,105,0
-7,-1,103,1,105,0
-7,0,104,1,105,0
1,8,11,1,105,0
-8,2,11,1,105,0
-7,1,21,1,105,0
5,-5,24,1,105,0
1,-3,53,1,105,0
-6,0,59,1,105,0
-4,-3,65,1,105,0
7,-1,105,1,105,0
3,0,83,1,105,0
-7,-2,95,1,105,0
-1,-4,98,1,105,0
-8,3,7,1,106,0
8,-5,9,1,106,0
-7,2,14,1,106,0
-4,-4,22,1,106,0
7,-2,94,1,106,0
4,-3,78,1,106,0
5,-6,87,1,106,0
-1,-5,105,1,106,0
2,0,105,1,106,0
2,-7,105,1,106,0
8,-6,7,1,106,0
-4,-5,19,1,106,0
-6,-1,41,1,106,0
-3,-2,72,1,106,0
3,-1,82,1,106,0
5,-7,83,1,106,0
2,1,97,1,106,0
4,-4,102,1,106,0
-4,0,105,1,106,0
8,-7,6,1,106,0
-4,-6,9,1,106,0
0,-3,52,1,106,0
3,3,54,1,106,0
-3,-3,66,1,106,0
2,2,92,1,106,0
6,-1,97,1,106,0
-4,1,98,1,106,0
1,1,99,1,106,0
3,-2,104,1,106,0
7,-5,25,1,106,0
-3,-4,29,1,106,0
3,4,45,1,106,0
4,5,74,1,106,0
2,3,86,1,106,0
-4,2,91,1,106,0
6,-2,96,1,106,0
5,6,103,1,106,0
3,-3,105,1,106,0
-3,-5,24,1,106,0
-3,2,55,1,106,0
6,-3,58,1,106,0
8,0,63,1,106,0
2,4,77,1,106,0
4,-7,79,1,106,0
-2,-2,84,1,106,0
-4,3,84,1,106,0
1,3,85,1,106,0
2,-1,98,1,106,0
7,-6,98,1,106,0
5,7,102,1,106,0
4,6,105,1,106,0
3,-4,105,1,106,0
-5,5,9,1,106,0
2,5,17,1,106,0
-5,-2,43,1,106,0
7,0,62,1,106,0
3,6,53,1,106,0
6,-4,57,1,106,0
2,-2,63,1,106,0
-3,3,63,1,106,0
-4,4,76,1,106,0
1,4,78,1,106,0
-2,-3,89,1,106,0
4,7,96,1,106,0
-8,-1,102,1,106,0
7,-7,105,1,106,0
1,5,11,1,106,0
-4,5,15,1,106,0
6,0,49,1,106,0
2,6,44,1,106,0
6,-5,44,1,106,0
-5,-3,46,1,106,0
-2,3,49,1,106,0
8,-1,67,1,106,0
-3,4,69,1,106,0
-8,-2,94,1,106,0
-2,-4,96,1,106,0
5,0,39,1,106,0
-5,-4,12,1,106,0
2,7,18,1,106,0
1,6,36,1,106,0
5,-3,67,1,106,0
8,-2,86,1,106,0
3,-7,94,1,106,0
6,-6,96,1,106,0
4,-1,9,1,106,0
0,6,4,1,106,0
4,0,11,1,106,0
-5,-5,15,1,106,0
5,1,34,1,106,0
1,7,26,1,106,0
-4,-2,34,1,106,0
-1,-3,44,1,106,0
1,-2,61,1,106,0
5,-4,64,1,106,0
6,-7,74,1,106,0
-7,-1,103,1,106,0
-7,0,105,1,106,0
1,8,11,1,106,0
-8,2,11,1,106,0
-7,1,21,1,106,0
5,-5,24,1,106,0
1,-3,53,1,106,0
-6,0,59,1,106,0
-4,-3,65,1,106,0
7,-1,106,1,106,0
3,0,83,1,106,0
-7,-2,95,1,106,0
-1,-4,98,1,106,0
-8,3,7,1,107,0
8,-5,9,1,107,0
-7,2,14,1,107,0
-4,-4,22,1,107,0
7,-2,94,1,107,0
4,-3,78,1,107,0
5,-6,87,1,107,0
-1,-5,106,1,107,0
2,0,106,1,107,0
2,-7,106,1,107,0
8,-6,7,1,107,0
-4,-5,19,1,107,0
-6,-1,41,1,107,0
-3,-2,72,1,107,0
3,-1,82,1,107,0
5,-7,83,1,107,0
2,1,97,1,107,0
4,-4,102,1,107,0
-4,0,105,1,107,0
8,-7,6,1,107,0
-4,-6,9,1,107,0
0,-3,52,1,107,0
3,3,54,1,107,0
-3,-3,66,1,107,0
2,2,92,1,107,0
6,-1,97,1,107,0
-4,1,98,1,107,0
1,1,99,1,107,0
3,-2,104,1,107,0
7,-5,25,1,107,0
-3,-4,29,1,107,0
3,4,45,1,107,0
4,5,74,1,107,0
2,3,86,1,107,0
-4,2,91,1,107,0
6,-2,96,1,107,0
5,6,103,1,107,0
3,-3,106,1,107,0
-3,-5,24,1,107,0
-3,2,55,1,107,0
6,-3,58,1,107,0
8,0,63,1,107,0
2,4,77,1,107,0
4,-7,79,1,107,0
-2,-2,84,1,107,0
-4,3,84,1,107,0
1,3,85,1,107,0
2,-1,98,1,107,0
7,-6,98,1,107,0
5,7,102,1,107,0
4,6,106,1,107,0
3,-4,106,1,107,0
-5,5,9,1,107,0
2,5,17,1,107,0
-5,-2,43,1,107,0
7,0,62,1,107,0
3,6,53,1,107,0
6,-4,57,1,107,0
2,-2,63,1,107,0
-3,3,63,1,107,0
-4,4,76,1,107,0
1,4,78,1,107,0
-2,-3,89,1,107,0
4,7,96,1,107,0
-8,-1,102,1,107,0
7,-7,106,1,107,0
1,5,11,1,107,0
-4,5,15,1,107,0
6,0,49,1,107,0
2,6,44,1,107,0
6,-5,44,1,107,0
-5,-3,46,1,107,0
-2,3,49,1,107,0
8,-1,67,1,107,0
-3,4,69,1,107,0
-8,-2,94,1,107,0
-2,-4,96,1,107,0
5,0,39,1,107,0
-5,-4,12,1,107,0
2,7,18,1,107,0
1,6,36,1,107,0
5,-3,67,1,107,0
8,-2,86,1,107,0
3,-7,94,1,107,0
6,-6,96,1,107,0
-4,-1,106,1,107,0
4,-1,9,1,107,0
0,6,4,1,107,0
4,0,11,1,107,0
-5,-5,15,1,107,0
5,1,34,1,107,0
1,7,26,1,107,0
-4,-2,34,1,107,0
-1,-3,44,1,107,0
1,-2,61,1,107,0
5,-4,64,1,107,0
6,-7,74,1,107,0
-7,-1,103,1,107,0
-7,0,106,1,107,0
1,8,11,1,107,0
-8,2,11,1,107,0
-7,1,21,1,107,0
5,-5,24,1,107,0
1,-3,53,1,107,0
-6,0,59,1,107,0
-4,-3,65,1,107,0
7,-1,107,1,107,0
3,0,83,1,107,0
-7,-2,95,1,107,0
-1,-4,98,1,107,0
-8,3,7,1,108,0
8,-5,9,1,108,0
-7,2,14,1,108,0
-4,-4,22,1,108,0
7,-2,94,1,108,0
4,-3,78,1,108,0
5,-6,87,1,108,0
-1,-5,107,1,108,0
2,0,107,1,108,0
2,-7,107,1,108,0
8,-6,7,1,108,0
-4,-5,19,1,108,0
-6,-1,41,1,108,0
-3,-2,72,1,108,0
3,-1,82,1,108,0
5,-7,83,1,108,0
2,1,97,1,108,0
4,-4,102,1,108,0
-4,0,105,1,108,0
8,-7,6,1,108,0
-4,-6,9,1,108,0
0,-3,52,1,108,0
3,3,54,1,108,0
-3,-3,66,1,108,0
2,2,92,1,108,0
6,-1,97,1,108,0
-4,1,98,1,108,0
1,1,99,1,108,0
3,-2,104,1,108,0
7,-5,25,1,108,0
-3,-4,29,1,108,0
3,4,45,1,108,0
4,5,74,1,108,0
2,3,86,1,108,0
-4,2,91,1,108,0
6,-2,96,1,108,0
5,6,103,1,108,0
3,-3,107,1,108,0
-3,-5,24,1,108,0
-3,2,55,1,108,0
6,-3,58,1,108,0
8,0,63,1,108,0
2,4,77,1,108,0
4,-7,79,1,108,0
-2,-2,84,1,108,0
-4,3,84,1,108,0
1,3,85,1,108,0
2,-1,98,1,108,0
7,-6,98,1,108,0
5,7,102,1,108,0
4,6,107,1,108,0
3,-4,107,1,108,0
-5,5,9,1,108,0
2,5,17,1,108,0
-5,-2,43,1,108,0
7,0,62,1,108,0
3,6,53,1,108,0
6,-4,57,1,108,0
2,-2,63,1,108,0
-3,3,63,1,108,0
-4,4,76,1,108,0
1,4,78,1,108,0
-2,-3,89,1,108,0
4,7,96,1,108,0
-8,-1,102,1,108,0
7,-7,107,1,108,0
1,5,11,1,108,0
-4,5,15,1,108,0
6,0,49,1,108,0
2,6,44,1,108,0
6,-5,44,1,108,0
-5,-3,46,1,108,0
-2,3,49,1,108,0
8,-1,67,1,108,0
-3,4,69,1,108,0
-8,-2,94,1,108,0
-2,-4,96,1,108,0
5,0,39,1,108,0
-5,-4,12,1,108,0
2,7,18,1,108,0
1,6,36,1,108,0
5,-3,67,1,108,0
8,-2,86,1,108,0
3,-7,94,1,108,0
6,-6,96,1,108,0
-4,-1,107,1,108,0
4,-1,9,1,108,0
0,6,4,1,108,0
4,0,11,1,108,0
-5,-5,15,1,108,0
5,1,34,1,108,0
1,7,26,1,108,0
-4,-2,34,1,108,0
-1,-3,44,1,108,0
1,-2,61,1,108,0
5,-4,64,1,108,0
6,-7,74,1,108,0
-7,-1,103,1,108,0
-7,0,107,1,108,0
1,8,11,1,108,0
-8,2,11,1,108,0
-7,1,21,1,108,0
5,-5,24,1,108,0
1,-3,53,1,108,0
-6,0,59,1,108,0
-4,-3,65,1,108,0
7,-1,108,1,108,0
3,0,83,1,108,0
-7,-2,95,1,108,0
-1,-4,98,1,108,0
-8,3,7,1,109,0
8,-5,9,1,109,0
-7,2,14,1,109,0
-4,-4,22,1,109,0
7,-2,94,1,109,0
4,-3,78,1,109,0
5,-6,87,1,109,0
2,0,107,1,109,0
-1,-5,108,1,109,0
2,-7,108,1,109,0
8,-6,7,1,109,0
-4,-5,19,1,109,0
-6,-1,41,1,109,0
-3,-2,72,1,109,0
3,-1,82,1,109,0
5,-7,83,1,109,0
2,1,97,1,109,0
4,-4,102,1,109,0
-4,0,105,1,109,0
1,0,108,1,109,0
8,-7,6,1,109,0
-4,-6,9,1,109,0
0,-3,52,1,109,0
3,3,54,1,109,0
-3,-3,66,1,109,0
2,2,92,1,109,0
6,-1,97,1,109,0
-4,1,98,1,109,0
1,1,99,1,109,0
3,-2,104,1,109,0
7,-5,25,1,109,0
-3,-4,29,1,109,0
3,4,45,1,109,0
4,5,74,1,109,0
2,3,86,1,109,0
-4,2,91,1,109,0
6,-2,96,1,109,0
5,6,103,1,109,0
3,-3,108,1,109,0
-3,-5,24,1,109,0
-3,2,55,1,109,0
6,-3,58,1,109,0
8,0,63,1,109,0
2,4,77,1,109,0
4,-7,79,1,109,0
-2,-2,84,1,109,0
-4,3,84,1,109,0
1,3,85,1,109,0
2,-1,98,1,109,0
7,-6,98,1,109,0
5,7,102,1,109,0
3,-4,107,1,109,0
4,6,108,1,109,0
-5,5,9,1,109,0
2,5,17,1,109,0
-5,-2,43,1,109,0
7,0,62,1,109,0
3,6,53,1,109,0
6,-4,57,1,109,0
2,-2,63,1,109,0
-3,3,63,1,109,0
-4,4,76,1,109,0
1,4,78,1,109,0
-2,-3,89,1,109,0
4,7,96,1,109,0
-8,-1,102,1,109,0
7,-7,108,1,109,0
1,5,11,1,109,0
-4,5,15,1,109,0
6,0,49,1,109,0
2,6,44,1,109,0
6,-5,44,1,109,0
-5,-3,46,1,109,0
-2,3,49,1,109,0
8,-1,67,1,109,0
-3,4,69,1,109,0
-8,-2,94,1,109,0
-2,-4,96,1,109,0
5,0,39,1,109,0
-5,-4,12,1,109,0
2,7,18,1,109,0
1,6,36,1,109,0
5,-3,67,1,109,0
8,-2,86,1,109,0
3,-7,94,1,109,0
6,-6,96,1,109,0
-4,-1,108,1,109,0
4,-1,9,1,109,0
0,6,4,1,109,0
4,0,11,1,109,0
-5,-5,15,1,109,0
5,1,34,1,109,0
1,7,26,1,109,0
-4,-2,34,1,109,0
-1,-3,44,1,109,0
1,-2,61,1,109,0
5,-4,64,1,109,0
6,-7,74,1,109,0
-7,-1,103,1,109,0
-7,0,107,1,109,0
1,8,11,1,109,0
-8,2,11,1,109,0
-7,1,21,1,109,0
5,-5,24,1,109,0
1,-3,53,1,109,0
-6,0,59,1,109,0
-4,-3,65,1,109,0
7,-1,109,1,109,0
3,0,83,1,109,0
-7,-2,95,1,109,0
-1,-4,98,1,109,0
-8,3,7,1,110,0
8,-5,9,1,110,0
-7,2,14,1,110,0
-4,-4,22,1,110,0
7,-2,94,1,110,0
4,-3,78,1,110,0
5,-6,87,1,110,0
2,0,107,1,110,0
-1,-5,108,1,110,0
2,-7,108,1,110,0
8,-6,7,1,110,0
-4,-5,19,1,110,0
-6,-1,41,1,110,0
-3,-2,72,1,110,0
3,-1,82,1,110,0
5,-7,83,1,110,0
2,1,97,1,110,0
4,-4,102,1,110,0
-4,0,105,1,110,0
1,0,108,1,110,0
8,-7,6,1,110,0
-4,-6,9,1,110,0
0,-3,52,1,110,0
3,3,54,1,110,0
-3,-3,66,1,110,0
2,2,92,1,110,0
6,-1,97,1,110,0
-4,1,98,1,110,0
1,1,99,1,110,0
3,-2,104,1,110,0
7,-5,25,1,110,0
-3,-4,29,1,110,0
3,4,45,1,110,0
4,5,74,1,110,0
2,3,86,1,110,0
-4,2,91,1,110,0
6,-2,96,1,110,0
5,6,103,1,110,0
1,-7,109,1,110,0
3,-3,109,1,110,0
-3,-5,24,1,110,0
-3,2,55,1,110,0
6,-3,58,1,110,0
8,0,63,1,110,0
2,4,77,1,110,0
4,-7,79,1,110,0
-2,-2,84,1,110,0
-4,3,84,1,110,0
1,3,85,1,110,0
2,-1,98,1,110,0
7,-6,98,1,110,0
5,7,102,1,110,0
3,-4,107,1,110,0
4,6,109,1,110,0
-5,5,9,1,110,0
2,5,17,1,110,0
-5,-2,43,1,110,0
7,0,62,1,110,0
3,6,53,1,110,0
6,-4,57,1,110,0
2,-2,63,1,110,0
-3,3,63,1,110,0
-4,4,76,1,110,0
1,4,78,1,110,0
-2,-3,89,1,110,0
4,7,96,1,110,0
-8,-1,102,1,110,0
7,-7,109,1,110,0
1,5,11,1,110,0
-4,5,15,1,110,0
6,0,49,1,110,0
2,6,44,1,110,0
6,-5,44,1,110,0
-5,-3,46,1,110,0
-2,3,49,1,110,0
8,-1,67,1,110,0
-3,4,69,1,110,0
-8,-2,94,1,110,0
-2,-4,96,1,110,0
5,0,39,1,110,0
-5,-4,12,1,110,0
2,7,18,1,110,0
1,6,36,1,110,0
5,-3,67,1,110,0
8,-2,86,1,110,0
3,-7,94,1,110,0
6,-6,96,1,110,0
1,-1,109,1,110,0
-4,-1,109,1,110,0
4,-1,9,1,110,0
0,6,4,1,110,0
4,0,11,1,110,0
-5,-5,15,1,110,0
5,1,34,1,110,0
1,7,26,1,110,0
-4,-2,34,1,110,0
-1,-3,44,1,110,0
1,-2,61,1,110,0
5,-4,64,1,110,0
6,-7,74,1,110,0
-7,-1,103,1,110,0
-7,0,108,1,110,0
1,8,11,1,110,0
-8,2,11,1,110,0
-7,1,21,1,110,0
5,-5,24,1,110,0
1,-3,53,1,110,0
-6,0,59,1,110,0
-4,-3,65,1,110,0
7,-1,109,1,110,0
3,0,83,1,110,0
-7,-2,95,1,110,0
-1,-4,98,1,110,0
-8,3,7,1,111,0
8,-5,9,1,111,0
-7,2,14,1,111,0
-4,-4,22,1,111,0
7,-2,94,1,111,0
4,-3,78,1,111,0
5,-6,87,1,111,0
2,0,107,1,111,0
2,-7,108,1,111,0
-1,-5,109,1,111,0
8,-6,7,1,111,0
-4,-5,19,1,111,0
-6,-1,41,1,111,0
-3,-2,72,1,111,0
3,-1,82,1,111,0
5,-7,83,1,111,0
2,1,97,1,111,0
4,-4,102,1,111,0
-4,0,105,1,111,0
1,0,108,1,111,0
8,-7,6,1,111,0
-4,-6,9,1,111,0
0,-3,52,1,111,0
3,3,54,1,111,0
-3,-3,66,1,111,0
2,2,92,1,111,0
6,-1,97,1,111,0
-4,1,98,1,111,0
1,1,99,1,111,0
3,-2,104,1,111,0
7,-5,25,1,111,0
-3,-4,29,1,111,0
3,4,45,1,111,0
4,5,74,1,111,0
2,3,86,1,111,0
-4,2,91,1,111,0
6,-2,96,1,111,0
5,6,103,1,111,0
1,-7,109,1,111,0
3,-3,109,1,111,0
-3,-5,24,1,111,0
-3,2,55,1,111,0
6,-3,58,1,111,0
8,0,63,1,111,0
2,4,77,1,111,0
4,-7,79,1,111,0
-2,-2,84,1,111,0
-4,3,84,1,111,0
1,3,85,1,111,0
2,-1,98,1,111,0
7,-6,98,1,111,0
5,7,102,1,111,0
3,-4,107,1,111,0
4,6,109,1,111,0
-5,5,9,1,111,0
2,5,17,1,111,0
-5,-2,43,1,111,0
7,0,62,1,111,0
3,6,53,1,111,0
6,-4,57,1,111,0
2,-2,63,1,111,0
-3,3,63,1,111,0
-4,4,76,1,111,0
1,4,78,1,111,0
-2,-3,89,1,111,0
4,7,96,1,111,0
-8,-1,102,1,111,0
7,-7,109,1,111,0
1,5,11,1,111,0
-4,5,15,1,111,0
6,0,49,1,111,0
2,6,44,1,111,0
6,-5,44,1,111,0
-5,-3,46,1,111,0
-2,3,49,1,111,0
8,-1,67,1,111,0
-3,4,69,1,111,0
-8,-2,94,1,111,0
-2,-4,96,1,111,0
5,0,39,1,111,0
-5,-4,12,1,111,0
2,7,18,1,111,0
1,6,36,1,111,0
5,-3,67,1,111,0
8,-2,86,1,111,0
3,-7,94,1,111,0
6,-6,96,1,111,0
1,-1,109,1,111,0
-4,-1,109,1,111,0
4,-1,9,1,111,0
0,6,4,1,111,0
4,0,11,1,111,0
-5,-5,15,1,111,0
5,1,34,1,111,0
1,7,26,1,111,0
-4,-2,34,1,111,0
-1,-3,44,1,111,0
1,-2,61,1,111,0
5,-4,64,1,111,0
6,-7,74,1,111,0
-7,-1,103,1,111,0
-7,0,109,1,111,0
1,8,11,1,111,0
-8,2,11,1,111,0
-7,1,21,1,111,0
5,-5,24,1,111,0
1,-3,53,1,111,0
-6,0,59,1,111,0
-4,-3,65,1,111,0
7,-1,111,1,111,0
3,0,83,1,111,0
-7,-2,95,1,111,0
-1,-4,98,1,111,0
-8,3,7,1,112,0
8,-5,9,1,112,0
-7,2,14,1,112,0
-4,-4,22,1,112,0
7,-2,94,1,112,0
4,-3,78,1,112,0
5,-6,87,1,112,0
2,0,107,1,112,0
2,-7,108,1,112,0
-1,-5,111,1,112,0
8,-6,7,1,112,0
-4,-5,19,1,112,0
-6,-1,41,1,112,0
-3,-2,72,1,112,0
3,-1,82,1,112,0
5,-7,83,1,112,0
2,1,97,1,112,0
4,-4,102,1,112,0
-4,0,105,1,112,0
1,0,108,1,112,0
8,-7,6,1,112,0
-4,-6,9,1,112,0
0,-3,52,1,112,0
3,3,54,1,112,0
-3,-3,66,1,112,0
2,2,92,1,112,0
6,-1,97,1,112,0
-4,1,98,1,112,0
1,1,99,1,112,0
3,-2,104,1,112,0
7,-5,25,1,112,0
-3,-4,29,1,112,0
3,4,45,1,112,0
4,5,74,1,112,0
2,3,86,1,112,0
-4,2,91,1,112,0
6,-2,96,1,112,0
5,6,103,1,112,0
1,-7,111,1,112,0
3,-3,111,1,112,0
-3,-5,24,1,112,0
-3,2,55,1,112,0
6,-3,58,1,112,0
8,0,63,1,112,0
2,4,77,1,112,0
4,-7,79,1,112,0
-2,-2,84,1,112,0
-4,3,84,1,112,0
1,3,85,1,112,0
2,-1,98,1,112,0
7,-6,98,1,112,0
5,7,102,1,112,0
4,6,111,1,112,0
3,-4,111,1,112,0
-5,5,9,1,112,0
2,5,17,1,112,0
-5,-2,43,1,112,0
7,0,62,1,112,0
3,6,53,1,112,0
6,-4,57,1,112,0
2,-2,63,1,112,0
-3,3,63,1,112,0
-4,4,76,1,112,0
1,4,78,1,112,0
-2,-3,89,1,112,0
4,7,96,1,112,0
-8,-1,102,1,112,0
7,-7,111,1,112,0
1,5,11,1,112,0
-4,5,15,1,112,0
6,0,49,1,112,0
2,6,44,1,112,0
6,-5,44,1,112,0
-5,-3,46,1,112,0
-2,3,49,1,112,0
8,-1,67,1,112,0
-3,4,69,1,112,0
-8,-2,94,1,112,0
-2,-4,96,1,112,0
5,0,39,1,112,0
-5,-4,12,1,112,0
2,7,18,1,112,0
1,6,36,1,112,0
5,-3,67,1,112,0
8,-2,86,1,112,0
3,-7,94,1,112,0
6,-6,96,1,112,0
1,-1,111,1,112,0
-4,-1,111,1,112,0
4,-1,9,1,112,0
0,6,4,1,112,0
4,0,11,1,112,0
-5,-5,15,1,112,0
5,1,34,1,112,0
1,7,26,1,112,0
-4,-2,34,1,112,0
-1,-3,44,1,112,0
1,-2,61,1,112,0
5,-4,64,1,112,0
6,-7,74,1,112,0
-7,-1,103,1,112,0
-7,0,109,1,112,0
1,8,11,1,112,0
-8,2,11,1,112,0
-7,1,21,1,112,0
5,-5,24,1,112,0
1,-3,53,1,112,0
-6,0,59,1,112,0
-4,-3,65,1,112,0
7,-1,112,1,112,0
3,0,83,1,112,0
-7,-2,95,1,112,0
-1,-4,98,1,112,0
-8,3,7,1,113,0
8,-5,9,1,113,0
-7,2,14,1,113,0
-4,-4,22,1,113,0
7,-2,94,1,113,0
4,-3,78,1,113,0
5,-6,87,1,113,0
2,0,107,1,113,0
2,-7,108,1,113,0
-1,-5,112,1,113,0
8,-6,7,1,113,0
-4,-5,19,1,113,0
-6,-1,41,1,113,0
-3,-2,72,1,113,0
3,-1,82,1,113,0
5,-7,83,1,113,0
2,1,97,1,113,0
4,-4,102,1,113,0
-4,0,105,1,113,0
1,0,108,1,113,0
8,-7,6,1,113,0
-4,-6,9,1,113,0
0,-3,52,1,113,0
3,3,54,1,113,0
-3,-3,66,1,113,0
2,2,92,1,113,0
6,-1,97,1,113,0
-4,1,98,1,113,0
1,1,99,1,113,0
3,-2,104,1,113,0
7,-5,25,1,113,0
-3,-4,29,1,113,0
3,4,45,1,113,0
2,3,86,1,113,0
-4,2,91,1,113,0
6,-2,96,1,113,0
5,6,103,1,113,0
4,5,112,1,113,0
1,-7,112,1,113,0
3,-3,112,1,113,0
-3,-5,24,1,113,0
-3,2,55,1,113,0
6,-3,58,1,113,0
8,0,63,1,113,0
2,4,77,1,113,0
4,-7,79,1,113,0
-2,-2,84,1,113,0
-4,3,84,1,113,0
1,3,85,1,113,0
2,-1,98,1,113,0
7,-6,98,1,113,0
5,7,102,1,113,0
4,6,111,1,113,0
3,-4,111,1,113,0
-5,5,9,1,113,0
2,5,17,1,113,0
-5,-2,43,1,113,0
7,0,62,1,113,0
3,6,53,1,113,0
6,-4,57,1,113,0
2,-2,63,1,113,0
-3,3,63,1,113,0
-4,4,76,1,113,0
1,4,78,1,113,0
-2,-3,89,1,113,0
4,7,96,1,113,0
-8,-1,102,1,113,0
7,-7,112,1,113,0
1,5,11,1,113,0
-4,5,15,1,113,0
6,0,49,1,113,0
2,6,44,1,113,0
6,-5,44,1,113,0
-5,-3,46,1,113,0
-2,3,49,1,113,0
8,-1,67,1,113,0
-3,4,69,1,113,0
-8,-2,94,1,113,0
-2,-4,96,1,113,0
5,0,39,1,113,0
-5,-4,12,1,113,0
2,7,18,1,113,0
1,6,36,1,113,0
5,-3,67,1,113,0
8,-2,86,1,113,0
3,-7,94,1,113,0
6,-6,96,1,113,0
2,-4,112,1,113,0
1,-1,112,1,113,0
-4,-1,112,1,113,0
4,-1,9,1,113,0
0,6,4,1,113,0
4,0,11,1,113,0
-5,-5,15,1,113,0
5,1,34,1,113,0
1,7,26,1,113,0
-4,-2,34,1,113,0
-1,-3,44,1,113,0
1,-2,61,1,113,0
5,-4,64,1,113,0
6,-7,74,1,113,0
-7,-1,103,1,113,0
-7,0,111,1,113,0
1,8,11,1,113,0
-8,2,11,1,113,0
-7,1,21,1,113,0
5,-5,24,1,113,0
1,-3,53,1,113,0
-6,0,59,1,113,0
-4,-3,65,1,113,0
7,-1,113,1,113,0
3,0,83,1,113,0
-7,-2,95,1,113,0
-1,-4,98,1,113,0
-8,3,7,1,114,0
8,-5,9,1,114,0
-7,2,14,1,114,0
-4,-4,22,1,114,0
7,-2,94,1,114,0
4,-3,78,1,114,0
5,-6,87,1,114,0
2,0,107,1,114,0
2,-7,108,1,114,0
-1,-5,112,1,114,0
8,-6,7,1,114,0
-4,-5,19,1,114,0
-6,-1,41,1,114,0
-3,-2,72,1,114,0
3,-1,82,1,114,0
5,-7,83,1,114,0
2,1,97,1,114,0
4,-4,102,1,114,0
-4,0,105,1,114,0
1,0,108,1,114,0
8,-7,6,1,114,0
-4,-6,9,1,114,0
0,-3,52,1,114,0
3,3,54,1,114,0
-3,-3,66,1,114,0
2,2,92,1,114,0
6,-1,97,1,114,0
-4,1,98,1,114,0
1,1,99,1,114,0
3,-2,104,1,114,0
7,-5,25,1,114,0
-3,-4,29,1,114,0
3,4,45,1,114,0
2,3,86,1,114,0
-4,2,91,1,114,0
6,-2,96,1,114,0
5,6,103,1,114,0
4,5,112,1,114,0
1,-7,113,1,114,0
3,-3,113,1,114,0
-3,-5,24,1,114,0
-3,2,55,1,114,0
6,-3,58,1,114,0
8,0,63,1,114,0
2,4,77,1,114,0
4,-7,79,1,114,0
-2,-2,84,1,114,0
-4,3,84,1,114,0
1,3,85,1,114,0
2,-1,98,1,114,0
5,7,102,1,114,0
4,6,111,1,114,0
3,-4,111,1,114,0
3,5,113,1,114,0
7,-6,113,1,114,0
-5,5,9,1,114,0
2,5,17,1,114,0
-5,-2,43,1,114,0
7,0,62,1,114,0
3,6,53,1,114,0
6,-4,57,1,114,0
2,-2,63,1,114,0
-3,3,63,1,114,0
-4,4,76,1,114,0
1,4,78,1,114,0
-2,-3,89,1,114,0
4,7,96,1,114,0
-8,-1,102,1,114,0
7,-7,112,1,114,0
1,5,11,1,114,0
-4,5,15,1,114,0
6,0,49,1,114,0
2,6,44,1,114,0
6,-5,44,1,114,0
-5,-3,46,1,114,0
-2,3,49,1,114,0
8,-1,67,1,114,0
-3,4,69,1,114,0
-8,-2,94,1,114,0
-2,-4,96,1,114,0
5,0,39,1,114,0
-5,-4,12,1,114,0
2,7,18,1,114,0
1,6,36,1,114,0
5,-3,67,1,114,0
8,-2,86,1,114,0
3,-7,94,1,114,0
6,-6,96,1,114,0
2,-4,113,1,114,0
-2,-5,113,1,114,0
1,-1,113,1,114,0
-4,-1,113,1,114,0
4,-1,9,1,114,0
0,6,4,1,114,0
4,0,11,1,114,0
-5,-5,15,1,114,0
5,1,34,1,114,0
1,7,26,1,114,0
-4,-2,34,1,114,0
-1,-3,44,1,114,0
1,-2,61,1,114,0
5,-4,64,1,114,0
6,-7,74,1,114,0
-7,-1,103,1,114,0
-7,0,112,1,114,0
1,8,11,1,114,0
-8,2,11,1,114,0
-7,1,21,1,114,0
5,-5,24,1,114,0
1,-3,53,1,114,0
-6,0,59,1,114,0
-4,-3,65,1,114,0
7,-1,114,1,114,0
3,0,83,1,114,0
-7,-2,95,1,114,0
-1,-4,98,1,114,0
-8,3,7,1,115,0
8,-5,9,1,115,0
-7,2,14,1,115,0
-4,-4,22,1,115,0
7,-2,94,1,115,0
4,-3,78,1,115,0
5,-6,87,1,115,0
2,0,107,1,115,0
2,-7,108,1,115,0
-1,-5,112,1,115,0
8,-6,7,1,115,0
-4,-5,19,1,115,0
-6,-1,41,1,115,0
-3,-2,72,1,115,0
3,-1,82,1,115,0
5,-7,83,1,115,0
2,1,97,1,115,0
4,-4,102,1,115,0
-4,0,105,1,115,0
1,0,108,1,115,0
8,-7,6,1,115,0
-4,-6,9,1,115,0
0,-3,52,1,115,0
3,3,54,1,115,0
-3,-3,66,1,115,0
2,2,92,1,115,0
6,-1,97,1,115,0
-4,1,98,1,115,0
1,1,99,1,115,0
3,-2,104,1,115,0
7,-5,25,1,115,0
-3,-4,29,1,115,0
3,4,45,1,115,0
2,3,86,1,115,0
-4,2,91,1,115,0
6,-2,96,1,115,0
5,6,103,1,115,0
4,5,112,1,115,0
1,-7,114,1,115,0
3,-3,114,1,115,0
-3,-5,24,1,115,0
-3,2,55,1,115,0
6,-3,58,1,115,0
8,0,63,1,115,0
2,4,77,1,115,0
4,-7,79,1,115,0
-2,-2,84,1,115,0
-4,3,84,1,115,0
1,3,85,1,115,0
2,-1,98,1,115,0
5,7,102,1,115,0
4,6,111,1,115,0
3,-4,111,1,115,0
3,5,114,1,115,0
7,-6,114,1,115,0
-5,5,9,1,115,0
2,5,17,1,115,0
-5,-2,43,1,115,0
7,0,62,1,115,0
3,6,53,1,115,0
6,-4,57,1,115,0
2,-2,63,1,115,0
-3,3,63,1,115,0
-4,4,76,1,115,0
1,4,78,1,115,0
-2,-3,89,1,115,0
4,7,96,1,115,0
-8,-1,102,1,115,0
7,-7,112,1,115,0
1,5,11,1,115,0
-4,5,15,1,115,0
6,0,49,1,115,0
2,6,44,1,115,0
6,-5,44,1,115,0
-5,-3,46,1,115,0
-2,3,49,1,115,0
8,-1,67,1,115,0
-3,4,69,1,115,0
-8,-2,94,1,115,0
-2,-4,96,1,115,0
5,0,39,1,115,0
-5,-4,12,1,115,0
2,7,18,1,115,0
1,6,36,1,115,0
5,-3,67,1,115,0
8,-2,86,1,115,0
3,-7,94,1,115,0
6,-6,96,1,115,0
2,-4,114,1,115,0
-2,-5,114,1,115,0
1,-1,114,1,115,0
-4,-1,114,1,115,0
4,-1,9,1,115,0
0,6,4,1,115,0
4,0,11,1,115,0
-5,-5,15,1,115,0
5,1,34,1,115,0
1,7,26,1,115,0
-4,-2,34,1,115,0
-1,-3,44,1,115,0
1,-2,61,1,115,0
5,-4,64,1,115,0
6,-7,74,1,115,0
-7,-1,103,1,115,0
-7,0,113,1,115,0
1,8,11,1,115,0
-8,2,11,1,115,0
-7,1,21,1,115,0
5,-5,24,1,115,0
1,-3,53,1,115,0
-6,0,59,1,115,0
-4,-3,65,1,115,0
7,-1,115,1,115,0
3,0,83,1,115,0
-7,-2,95,1,115,0
-1,-4,98,1,115,0
-8,3,7,1,116,0
8,-5,9,1,116,0
-7,2,14,1,116,0
-4,-4,22,1,116,0
7,-2,94,1,116,0
4,-3,78,1,116,0
5,-6,87,1,116,0
2,0,107,1,116,0
2,-7,108,1,116,0
-1,-5,112,1,116,0
8,-6,7,1,116,0
-4,-5,19,1,116,0
-6,-1,41,1,116,0
-3,-2,72,1,116,0
3,-1,82,1,116,0
5,-7,83,1,116,0
2,1,97,1,116,0
4,-4,102,1,116,0
-4,0,105,1,116,0
1,0,115,1,116,0
8,-7,6,1,116,0
-4,-6,9,1,116,0
0,-3,52,1,116,0
3,3,54,1,116,0
-3,-3,66,1,116,0
2,2,92,1,116,0
6,-1,97,1,116,0
-4,1,98,1,116,0
1,1,99,1,116,0
3,-2,104,1,116,0
7,-5,25,1,116,0
-3,-4,29,1,116,0
3,4,45,1,116,0
2,3,86,1,116,0
-4,2,91,1,116,0
6,-2,96,1,116,0
5,6,103,1,116,0
4,5,112,1,116,0
1,-7,115,1,116,0
3,-3,115,1,116,0
-3,-5,24,1,116,0
-3,2,55,1,116,0
6,-3,58,1,116,0
8,0,63,1,116,0
2,4,77,1,116,0
4,-7,79,1,116,0
-2,-2,84,1,116,0
-4,3,84,1,116,0
1,3,85,1,116,0
2,-1,98,1,116,0
5,7,102,1,116,0
4,6,111,1,116,0
3,-4,111,1,116,0
3,5,115,1,116,0
7,-6,115,1,116,0
-5,5,9,1,116,0
2,5,17,1,116,0
-5,-2,43,1,116,0
7,0,62,1,116,0
3,6,53,1,116,0
6,-4,57,1,116,0
2,-2,63,1,116,0
-3,3,63,1,116,0
-4,4,76,1,116,0
1,4,78,1,116,0
-2,-3,89,1,116,0
4,7,96,1,116,0
-8,-1,102,1,116,0
7,-7,112,1,116,0
1,5,11,1,116,0
-4,5,15,1,116,0
6,0,49,1,116,0
2,6,44,1,116,0
6,-5,44,1,116,0
-5,-3,46,1,116,0
-2,3,49,1,116,0
8,-1,67,1,116,0
-3,4,69,1,116,0
-8,-2,94,1,116,0
-2,-4,96,1,116,0
5,0,39,1,116,0
-5,-4,12,1,116,0
2,7,18,1,116,0
1,6,36,1,116,0
5,-3,67,1,116,0
8,-2,86,1,116,0
3,-7,94,1,116,0
6,-6,96,1,116,0
1,-1,114,1,116,0
2,-4,115,1,116,0
-2,-5,115,1,116,0
-4,-1,115,1,116,0
4,-1,9,1,116,0
0,6,4,1,116,0
4,0,11,1,116,0
-5,-5,15,1,116,0
5,1,34,1,116,0
1,7,26,1,116,0
-4,-2,34,1,116,0
-1,-3,44,1,116,0
1,-2,61,1,116,0
5,-4,64,1,116,0
6,-7,74,1,116,0
-7,-1,103,1,116,0
-7,0,114,1,116,0
1,8,11,1,116,0
-8,2,11,1,116,0
-7,1,21,1,116,0
5,-5,24,1,116,0
1,-3,53,1,116,0
-6,0,59,1,116,0
-4,-3,65,1,116,0
7,-1,116,1,116,0
3,0,83,1,116,0
-7,-2,95,1,116,0
-1,-4,98,1,116,0
-8,3,7,1,117,0
8,-5,9,1,117,0
-7,2,14,1,117,0
-4,-4,22,1,117,0
7,-2,94,1,117,0
4,-3,78,1,117,0
5,-6,87,1,117,0
2,-7,108,1,117,0
-1,-5,112,1,117,0
2,0,116,1,117,0
8,-6,7,1,117,0
-4,-5,19,1,117,0
-6,-1,41,1,117,0
-3,-2,72,1,117,0
3,-1,82,1,117,0
5,-7,83,1,117,0
2,1,97,1,117,0
4,-4,102,1,117,0
-4,0,105,1,117,0
1,0,115,1,117,0
8,-7,6,1,117,0
-4,-6,9,1,117,0
0,-3,52,1,117,0
3,3,54,1,117,0
-3,-3,66,1,117,0
2,2,92,1,117,0
6,-1,97,1,117,0
-4,1,98,1,117,0
1,1,99,1,117,0
3,-2,116,1,117,0
7,-5,25,1,117,0
-3,-4,29,1,117,0
3,4,45,1,117,0
2,3,86,1,117,0
-4,2,91,1,117,0
6,-2,96,1,117,0
5,6,103,1,117,0
4,5,112,1,117,0
3,-3,115,1,117,0
1,-7,116,1,117,0
-3,-5,24,1,117,0
-3,2,55,1,117,0
6,-3,58,1,117,0
8,0,63,1,117,0
2,4,77,1,117,0
4,-7,79,1,117,0
-2,-2,84,1,117,0
-4,3,84,1,117,0
1,3,85,1,117,0
2,-1,98,1,117,0
5,7,102,1,117,0
4,6,111,1,117,0
3,-4,111,1,117,0
3,5,116,1,117,0
7,-6,116,1,117,0
-5,5,9,1,117,0
2,5,17,1,117,0
-5,-2,43,1,117,0
7,0,62,1,117,0
3,6,53,1,117,0
6,-4,57,1,117,0
2,-2,63,1,117,0
-3,3,63,1,117,0
-4,4,76,1,117,0
1,4,78,1,117,0
-2,-3,89,1,117,0
4,7,96,1,117,0
-8,-1,102,1,117,0
7,-7,112,1,117,0
1,5,11,1,117,0
-4,5,15,1,117,0
6,0,49,1,117,0
2,6,44,1,117,0
6,-5,44,1,117,0
-5,-3,46,1,117,0
-2,3,49,1,117,0
8,-1,67,1,117,0
-3,4,69,1,117,0
-8,-2,94,1,117,0
-2,-4,96,1,117,0
5,0,39,1,117,0
-5,-4,12,1,117,0
2,7,18,1,117,0
1,6,36,1,117,0
5,-3,67,1,117,0
8,-2,86,1,117,0
3,-7,94,1,117,0
6,-6,96,1,117,0
1,-1,114,1,117,0
2,-4,116,1,117,0
-2,-5,116,1,117,0
-4,-1,116,1,117,0
4,-1,9,1,117,0
0,6,4,1,117,0
4,0,11,1,117,0
-5,-5,15,1,117,0
5,1,34,1,117,0
1,7,26,1,117,0
-4,-2,34,1,117,0
-1,-3,44,1,117,0
1,-2,61,1,117,0
5,-4,64,1,117,0
6,-7,74,1,117,0
-7,-1,103,1,117,0
-7,0,115,1,117,0
1,8,11,1,117,0
-8,2,11,1,117,0
-7,1,21,1,117,0
5,-5,24,1,117,0
1,-3,53,1,117,0
-6,0,59,1,117,0
-4,-3,65,1,117,0
7,-1,117,1,117,0
3,0,83,1,117,0
-7,-2,95,1,117,0
-1,-4,98,1,117,0
-8,3,7,1,118,0
8,-5,9,1,118,0
-7,2,14,1,118,0
-4,-4,22,1,118,0
7,-2,94,1,118,0
4,-3,78,1,118,0
5,-6,87,1,118,0
2,-7,108,1,118,0
-1,-5,112,1,118,0
2,0,117,1,118,0
8,-6,7,1,118,0
-4,-5,19,1,118,0
-6,-1,41,1,118,0
-3,-2,72,1,118,0
3,-1,82,1,118,0
5,-7,83,1,118,0
2,1,97,1,118,0
4,-4,102,1,118,0
-4,0,105,1,118,0
1,0,115,1,118,0
8,-7,6,1,118,0
-4,-6,9,1,118,0
0,-3,52,1,118,0
3,3,54,1,118,0
-3,-3,66,1,118,0
2,2,92,1,118,0
6,-1,97,1,118,0
-4,1,98,1,118,0
1,1,99,1,118,0
3,-2,116,1,118,0
7,-5,25,1,118,0
-3,-4,29,1,118,0
3,4,45,1,118,0
2,3,86,1,118,0
-4,2,91,1,118,0
6,-2,96,1,118,0
5,6,103,1,118,0
4,5,112,1,118,0
3,-3,115,1,118,0
1,-7,117,1,118,0
-3,-5,24,1,118,0
-3,2,55,1,118,0
6,-3,58,1,118,0
8,0,63,1,118,0
2,4,77,1,118,0
4,-7,79,1,118,0
-2,-2,84,1,118,0
-4,3,84,1,118,0
1,3,85,1,118,0
2,-1,98,1,118,0
5,7,102,1,118,0
4,6,111,1,118,0
3,-4,111,1,118,0
3,5,117,1,118,0
7,-6,117,1,118,0
-5,5,9,1,118,0
2,5,17,1,118,0
-5,-2,43,1,118,0
7,0,62,1,118,0
3,6,53,1,118,0
6,-4,57,1,118,0
-3,3,63,1,118,0
-4,4,76,1,118,0
1,4,78,1,118,0
-2,-3,89,1,118,0
4,7,96,1,118,0
-8,-1,102,1,118,0
7,-7,112,1,118,0
2,-2,117,1,118,0
1,5,11,1,118,0
-4,5,15,1,118,0
6,0,49,1,118,0
2,6,44,1,118,0
6,-5,44,1,118,0
-5,-3,46,1,118,0
-2,3,49,1,118,0
8,-1,67,1,118,0
-3,4,69,1,118,0
-8,-2,94,1,118,0
-2,-4,96,1,118,0
5,0,39,1,118,0
-5,-4,12,1,118,0
2,7,18,1,118,0
1,6,36,1,118,0
5,-3,67,1,118,0
8,-2,86,1,118,0
3,-7,94,1,118,0
6,-6,96,1,118,0
1,-1,114,1,118,0
2,-4,117,1,118,0
-2,-5,117,1,118,0
-4,-1,117,1,118,0
4,-1,9,1,118,0
0,6,4,1,118,0
4,0,11,1,118,0
-5,-5,15,1,118,0
5,1,34,1,118,0
1,7,26,1,118,0
-4,-2,34,1,118,0
-1,-3,44,1,118,0
1,-2,61,1,118,0
5,-4,64,1,118,0
6,-7,74,1,118,0
-7,-1,103,1,118,0
-7,0,116,1,118,0
1,8,11,1,118,0
-8,2,11,1,118,0
-7,1,21,1,118,0
5,-5,24,1,118,0
1,-3,53,1,118,0
-6,0,59,1,118,0
-4,-3,65,1,118,0
7,-1,118,1,118,0
3,0,83,1,118,0
-7,-2,95,1,118,0
-1,-4,98,1,118,0
-8,3,7,1,119,0
8,-5,9,1,119,0
-7,2,14,1,119,0
-4,-4,22,1,119,0
7,-2,94,1,119,0
4,-3,78,1,119,0
5,-6,87,1,119,0
2,-7,108,1,119,0
-1,-5,112,1,119,0
2,0,118,1,119,0
8,-6,7,1,119,0
-4,-5,19,1,119,0
-6,-1,41,1,119,0
-3,-2,72,1,119,0
3,-1,82,1,119,0
5,-7,83,1,119,0
2,1,97,1,119,0
4,-4,102,1,119,0
1,0,115,1,119,0
-4,0,118,1,119,0
8,-7,6,1,119,0
-4,-6,9,1,119,0
0,-3,52,1,119,0
3,3,54,1,119,0
-3,-3,66,1,119,0
2,2,92,1,119,0
6,-1,97,1,119,0
-4,1,98,1,119,0
1,1,99,1,119,0
3,-2,116,1,119,0
7,-5,25,1,119,0
-3,-4,29,1,119,0
3,4,45,1,119,0
2,3,86,1,119,0
-4,2,91,1,119,0
6,-2,96,1,119,0
5,6,103,1,119,0
4,5,112,1,119,0
3,-3,115,1,119,0
1,-7,118,1,119,0
-3,-5,24,1,119,0
-3,2,55,1,119,0
6,-3,58,1,119,0
8,0,63,1,119,0
2,4,77,1,119,0
4,-7,79,1,119,0
-2,-2,84,1,119,0
-4,3,84,1,119,0
1,3,85,1,119,0
2,-1,98,1,119,0
5,7,102,1,119,0
4,6,111,1,119,0
3,-4,111,1,119,0
3,5,118,1,119,0
7,-6,118,1,119,0
-5,5,9,1,119,0
2,5,17,1,119,0
-5,-2,43,1,119,0
7,0,119,1,119,0
3,6,53,1,119,0
6,-4,57,1,119,0
-3,3,63,1,119,0
-4,4,76,1,119,0
1,4,78,1,119,0
-2,-3,89,1,119,0
4,7,96,1,119,0
-8,-1,102,1,119,0
7,-7,112,1,119,0
2,-2,118,1,119,0
1,5,11,1,119,0
-4,5,15,1,119,0
6,0,49,1,119,0
2,6,44,1,119,0
6,-5,44,1,119,0
-5,-3,46,1,119,0
-2,3,49,1,119,0
8,-1,67,1,119,0
-3,4,69,1,119,0
-8,-2,94,1,119,0
-2,-4,118,1,119,0
5,0,39,1,119,0
-5,-4,12,1,119,0
2,7,18,1,119,0
1,6,36,1,119,0
5,-3,67,1,119,0
8,-2,86,1,119,0
3,-7,94,1,119,0
6,-6,96,1,119,0
1,-1,114,1,119,0
-2,-5,117,1,119,0
-4,-1,117,1,119,0
2,-4,118,1,119,0
4,-1,9,1,119,0
0,6,4,1,119,0
4,0,11,1,119,0
-5,-5,15,1,119,0
5,1,34,1,119,0
1,7,26,1,119,0
-4,-2,34,1,119,0
-1,-3,44,1,119,0
1,-2,61,1,119,0
5,-4,64,1,119,0
6,-7,74,1,119,0
-7,-1,103,1,119,0
-7,0,116,1,119,0
1,8,11,1,119,0
-8,2,11,1,119,0
5,-5,24,1,119,0
1,-3,53,1,119,0
-6,0,59,1,119,0
-4,-3,65,1,119,0
7,-1,118,1,119,0
3,0,83,1,119,0
-7,-2,95,1,119,0
-1,-4,98,1,119,0
-7,1,118,1,119,0
-8,3,7,1,120,0
8,-5,9,1,120,0
-7,2,14,1,120,0
-4,-4,22,1,120,0
7,-2,94,1,120,0
4,-3,78,1,120,0
5,-6,87,1,120,0
2,-7,108,1,120,0
-1,-5,112,1,120,0
2,0,119,1,120,0
8,-6,7,1,120,0
-4,-5,19,1,120,0
-6,-1,41,1,120,0
-3,-2,72,1,120,0
3,-1,82,1,120,0
5,-7,83,1,120,0
2,1,97,1,120,0
4,-4,102,1,120,0
1,0,115,1,120,0
-4,0,119,1,120,0
8,-7,6,1,120,0
-4,-6,9,1,120,0
0,-3,52,1,120,0
3,3,54,1,120,0
-3,-3,66,1,120,0
2,2,92,1,120,0
6,-1,97,1,120,0
-4,1,98,1,120,0
1,1,99,1,120,0
3,-2,116,1,120,0
7,-5,25,1,120,0
-3,-4,29,1,120,0
3,4,45,1,120,0
2,3,86,1,120,0
-4,2,91,1,120,0
6,-2,96,1,120,0
5,6,103,1,120,0
4,5,112,1,120,0
3,-3,115,1,120,0
1,-7,119,1,120,0
-3,-5,24,1,120,0
-3,2,55,1,120,0
6,-3,58,1,120,0
8,0,63,1,120,0
2,4,77,1,120,0
4,-7,79,1,120,0
-2,-2,84,1,120,0
-4,3,84,1,120,0
1,3,85,1,120,0
2,-1,98,1,120,0
5,7,102,1,120,0
4,6,111,1,120,0
3,-4,111,1,120,0
3,5,119,1,120,0
7,-6,119,1,120,0
-5,5,9,1,120,0
2,5,17,1,120,0
-5,-2,43,1,120,0
7,0,119,1,120,0
3,6,53,1,120,0
6,-4,57,1,120,0
-3,3,63,1,120,0
-4,4,76,1,120,0
1,4,78,1,120,0
-2,-3,89,1,120,0
4,7,96,1,120,0
-8,-1,102,1,120,0
7,-7,112,1,120,0
2,-2,119,1,120,0
1,5,11,1,120,0
-4,5,15,1,120,0
6,0,49,1,120,0
2,6,44,1,120,0
6,-5,44,1,120,0
-5,-3,46,1,120,0
-2,3,49,1,120,0
8,-1,67,1,120,0
-3,4,69,1,120,0
-8,-2,94,1,120,0
-2,-4,119,1,120,0
5,0,39,1,120,0
-5,-4,12,1,120,0
2,7,18,1,120,0
1,6,36,1,120,0
5,-3,67,1,120,0
8,-2,86,1,120,0
3,-7,94,1,120,0
6,-6,96,1,120,0
1,-1,114,1,120,0
-2,-5,117,1,120,0
-4,-1,117,1,120,0
2,-4,119,1,120,0
4,-1,9,1,120,0
0,6,4,1,120,0
4,0,11,1,120,0
-5,-5,15,1,120,0
5,1,34,1,120,0
1,7,26,1,120,0
-4,-2,34,1,120,0
-1,-3,44,1,120,0
1,-2,61,1,120,0
5,-4,64,1,120,0
6,-7,74,1,120,0
-7,-1,103,1,120,0
-7,0,116,1,120,0
1,8,11,1,120,0
-8,2,11,1,120,0
5,-5,24,1,120,0
1,-3,53,1,120,0
-6,0,59,1,120,0
-4,-3,65,1,120,0
7,-1,118,1,120,0
3,0,83,1,120,0
-7,-2,95,1,120,0
-1,-4,98,1,120,0
-7,1,119,1,120,0
-8,3,7,1,121,0
8,-5,9,1,121,0
-7,2,14,1,121,0
-4,-4,22,1,121,0
7,-2,94,1,121,0
4,-3,78,1,121,0
5,-6,87,1,121,0
2,-7,108,1,121,0
-1,-5,112,1,121,0
2,0,119,1,121,0
8,-6,7,1,121,0
-4,-5,19,1,121,0
-6,-1,41,1,121,0
-3,-2,72,1,121,0
3,-1,82,1,121,0
5,-7,83,1,121,0
2,1,97,1,121,0
4,-4,102,1,121,0
1,0,115,1,121,0
-4,0,119,1,121,0
8,-7,6,1,121,0
-4,-6,9,1,121,0
0,-3,52,1,121,0
3,3,54,1,121,0
-3,-3,66,1,121,0
2,2,92,1,121,0
6,-1,97,1,121,0
-4,1,98,1,121,0
1,1,99,1,121,0
3,-2,116,1,121,0
7,-5,25,1,121,0
-3,-4,29,1,121,0
3,4,45,1,121,0
2,3,86,1,121,0
-4,2,91,1,121,0
6,-2,96,1,121,0
5,6,103,1,121,0
4,5,112,1,121,0
3,-3,115,1,121,0
1,-7,119,1,121,0
-3,-5,24,1,121,0
-3,2,55,1,121,0
6,-3,58,1,121,0
8,0,63,1,121,0
2,4,77,1,121,0
4,-7,79,1,121,0
-2,-2,84,1,121,0
-4,3,84,1,121,0
1,3,85,1,121,0
2,-1,98,1,121,0
5,7,102,1,121,0
4,6,111,1,121,0
3,-4,111,1,121,0
3,5,119,1,121,0
7,-6,119,1,121,0
-5,5,9,1,121,0
2,5,17,1,121,0
-5,-2,43,1,121,0
7,0,121,1,121,0
3,6,53,1,121,0
6,-4,57,1,121,0
-3,3,63,1,121,0
-4,4,76,1,121,0
1,4,78,1,121,0
-2,-3,89,1,121,0
4,7,96,1,121,0
-8,-1,102,1,121,0
7,-7,112,1,121,0
2,-2,119,1,121,0
1,5,11,1,121,0
-4,5,15,1,121,0
6,0,49,1,121,0
2,6,44,1,121,0
6,-5,44,1,121,0
-5,-3,46,1,121,0
-2,3,49,1,121,0
8,-1,67,1,121,0
-3,4,69,1,121,0
-8,-2,94,1,121,0
-2,-4,119,1,121,0
5,0,39,1,121,0
-5,-4,12,1,121,0
2,7,18,1,121,0
1,6,36,1,121,0
5,-3,67,1,121,0
8,-2,86,1,121,0
3,-7,94,1,121,0
6,-6,96,1,121,0
1,-1,114,1,121,0
-2,-5,117,1,121,0
-4,-1,117,1,121,0
2,-4,119,1,121,0
4,-1,9,1,121,0
0,6,4,1,121,0
4,0,11,1,121,0
-5,-5,15,1,121,0
5,1,34,1,121,0
1,7,26,1,121,0
-4,-2,34,1,121,0
-1,-3,44,1,121,0
1,-2,61,1,121,0
5,-4,64,1,121,0
6,-7,74,1,121,0
-7,-1,103,1,121,0
-7,0,116,1,121,0
1,8,11,1,121,0
-8,2,11,1,121,0
5,-5,24,1,121,0
1,-3,53,1,121,0
-6,0,59,1,121,0
-4,-3,65,1,121,0
7,-1,118,1,121,0
3,0,83,1,121,0
-7,-2,95,1,121,0
-1,-4,98,1,121,0
-7,1,119,1,121,0
-8,3,7,1,122,0
8,-5,9,1,122,0
-7,2,14,1,122,0
-4,-4,22,1,122,0
7,-2,94,1,122,0
4,-3,78,1,122,0
5,-6,87,1,122,0
2,-7,108,1,122,0
-1,-5,112,1,122,0
1,-4,121,1,122,0
2,0,121,1,122,0
8,-6,7,1,122,0
-4,-5,19,1,122,0
-6,-1,41,1,122,0
-3,-2,72,1,122,0
3,-1,82,1,122,0
5,-7,83,1,122,0
2,1,97,1,122,0
4,-4,102,1,122,0
1,0,115,1,122,0
-4,0,119,1,122,0
8,-7,6,1,122,0
-4,-6,9,1,122,0
0,-3,52,1,122,0
3,3,54,1,122,0
-3,-3,66,1,122,0
2,2,92,1,122,0
6,-1,97,1,122,0
-4,1,98,1,122,0
1,1,99,1,122,0
3,-2,116,1,122,0
7,-5,25,1,122,0
-3,-4,29,1,122,0
2,3,86,1,122,0
-4,2,91,1,122,0
6,-2,96,1,122,0
5,6,103,1,122,0
4,5,112,1,122,0
3,-3,115,1,122,0
3,4,121,1,122,0
1,-7,121,1,122,0
-3,-5,24,1,122,0
-3,2,55,1,122,0
6,-3,58,1,122,0
8,0,63,1,122,0
2,4,77,1,122,0
4,-7,79,1,122,0
-2,-2,84,1,122,0
-4,3,84,1,122,0
1,3,85,1,122,0
2,-1,98,1,122,0
5,7,102,1,122,0
4,6,111,1,122,0
3,-4,111,1,122,0
3,5,119,1,122,0
7,-6,121,1,122,0
-5,5,9,1,122,0
2,5,17,1,122,0
-5,-2,43,1,122,0
7,0,122,1,122,0
3,6,53,1,122,0
6,-4,57,1,122,0
-3,3,63,1,122,0
-4,4,76,1,122,0
1,4,78,1,122,0
-2,-3,89,1,122,0
4,7,96,1,122,0
-8,-1,102,1,122,0
7,-7,112,1,122,0
2,-2,121,1,122,0
1,5,11,1,122,0
-4,5,15,1,122,0
6,0,49,1,122,0
2,6,44,1,122,0
6,-5,44,1,122,0
-5,-3,46,1,122,0
-2,3,49,1,122,0
8,-1,67,1,122,0
-3,4,69,1,122,0
-8,-2,94,1,122,0
-2,-4,121,1,122,0
5,0,39,1,122,0
-5,-4,12,1,122,0
2,7,18,1,122,0
1,6,36,1,122,0
5,-3,67,1,122,0
8,-2,86,1,122,0
3,-7,94,1,122,0
6,-6,96,1,122,0
1,-1,114,1,122,0
-2,-5,117,1,122,0
-4,-1,117,1,122,0
2,-4,119,1,122,0
4,-1,9,1,122,0
0,6,4,1,122,0
4,0,11,1,122,0
-5,-5,15,1,122,0
5,1,34,1,122,0
1,7,26,1,122,0
-4,-2,34,1,122,0
-1,-3,44,1,122,0
1,-2,61,1,122,0
5,-4,64,1,122,0
6,-7,74,1,122,0
-7,-1,103,1,122,0
-7,0,121,1,122,0
1,8,11,1,122,0
-8,2,11,1,122,0
5,-5,24,1,122,0
1,-3,53,1,122,0
-6,0,59,1,122,0
-4,-3,65,1,122,0
7,-1,118,1,122,0
3,0,83,1,122,0
-7,-2,95,1,122,0
-1,-4,98,1,122,0
-7,1,119,1,122,0
-8,3,7,1,123,0
8,-5,9,1,123,0
-7,2,14,1,123,0
-4,-4,22,1,123,0
7,-2,94,1,123,0
4,-3,78,1,123,0
5,-6,87,1,123,0
2,-7,108,1,123,0
-1,-5,112,1,123,0
-3,-1,121,1,123,0
1,-4,122,1,123,0
2,0,122,1,123,0
8,-6,7,1,123,0
-4,-5,19,1,123,0
-6,-1,41,1,123,0
-3,-2,72,1,123,0
3,-1,82,1,123,0
5,-7,83,1,123,0
2,1,97,1,123,0
4,-4,102,1,123,0
1,0,115,1,123,0
-4,0,119,1,123,0
8,-7,6,1,123,0
-4,-6,9,1,123,0
0,-3,52,1,123,0
3,3,54,1,123,0
-3,-3,66,1,123,0
2,2,92,1,123,0
6,-1,97,1,123,0
-4,1,98,1,123,0
1,1,99,1,123,0
3,-2,116,1,123,0
7,-5,25,1,123,0
-3,-4,29,1,123,0
2,3,86,1,123,0
-4,2,91,1,123,0
6,-2,96,1,123,0
5,6,103,1,123,0
4,5,112,1,123,0
3,-3,115,1,123,0
3,4,122,1,123,0
1,-7,122,1,123,0
-3,-5,24,1,123,0
-3,2,55,1,123,0
6,-3,58,1,123,0
8,0,63,1,123,0
2,4,77,1,123,0
4,-7,79,1,123,0
-2,-2,84,1,123,0
-4,3,84,1,123,0
1,3,85,1,123,0
2,-1,98,1,123,0
5,7,102,1,123,0
4,6,111,1,123,0
3,-4,111,1,123,0
3,5,119,1,123,0
7,-6,122,1,123,0
-5,5,9,1,123,0
2,5,17,1,123,0
-5,-2,43,1,123,0
7,0,123,1,123,0
3,6,53,1,123,0
6,-4,57,1,123,0
-3,3,63,1,123,0
-4,4,76,1,123,0
1,4,78,1,123,0
-2,-3,89,1,123,0
4,7,96,1,123,0
-8,-1,102,1,123,0
7,-7,112,1,123,0
2,-2,122,1,123,0
1,5,11,1,123,0
-4,5,15,1,123,0
6,0,49,1,123,0
2,6,44,1,123,0
6,-5,44,1,123,0
-5,-3,46,1,123,0
-2,3,49,1,123,0
8,-1,67,1,123,0
-3,4,69,1,123,0
-8,-2,94,1,123,0
-2,-4,122,1,123,0
5,0,39,1,123,0
-5,-4,12,1,123,0
2,7,18,1,123,0
1,6,36,1,123,0
5,-3,67,1,123,0
8,-2,86,1,123,0
3,-7,94,1,123,0
6,-6,96,1,123,0
1,-1,114,1,123,0
-2,-5,117,1,123,0
-4,-1,117,1,123,0
2,-4,119,1,123,0
4,-1,9,1,123,0
0,6,4,1,123,0
4,0,11,1,123,0
-5,-5,15,1,123,0
5,1,34,1,123,0
1,7,26,1,123,0
-4,-2,34,1,123,0
-1,-3,44,1,123,0
1,-2,61,1,123,0
5,-4,64,1,123,0
6,-7,74,1,123,0
-7,-1,103,1,123,0
-7,0,122,1,123,0
1,8,11,1,123,0
-8,2,11,1,123,0
5,-5,24,1,123,0
1,-3,53,1,123,0
-6,0,59,1,123,0
-4,-3,65,1,123,0
7,-1,118,1,123,0
3,0,83,1,123,0
-7,-2,95,1,123,0
-1,-4,98,1,123,0
-7,1,119,1,123,0
-8,3,7,1,124,0
8,-5,9,1,124,0
-7,2,14,1,124,0
-4,-4,22,1,124,0
7,-2,94,1,124,0
4,-3,78,1,124,0
5,-6,87,1,124,0
2,-7,108,1,124,0
-1,-5,112,1,124,0
2,0,122,1,124,0
-3,-1,122,1,124,0
1,-4,123,1,124,0
8,-6,7,1,124,0
-4,-5,19,1,124,0
-6,-1,41,1,124,0
-3,-2,72,1,124,0
3,-1,82,1,124,0
5,-7,83,1,124,0
2,1,97,1,124,0
4,-4,102,1,124,0
1,0,115,1,124,0
-4,0,119,1,124,0
8,-7,6,1,124,0
-4,-6,9,1,124,0
0,-3,52,1,124,0
3,3,54,1,124,0
-3,-3,66,1,124,0
2,2,92,1,124,0
6,-1,97,1,124,0
-4,1,98,1,124,0
1,1,99,1,124,0
3,-2,116,1,124,0
-3,0,123,1,124,0
7,-5,25,1,124,0
-3,-4,29,1,124,0
2,3,86,1,124,0
-4,2,91,1,124,0
6,-2,96,1,124,0
5,6,103,1,124,0
4,5,112,1,124,0
3,-3,115,1,124,0
3,4,123,1,124,0
1,-7,123,1,124,0
-3,-5,24,1,124,0
-3,2,55,1,124,0
6,-3,58,1,124,0
8,0,124,1,124,0
2,4,77,1,124,0
4,-7,79,1,124,0
-2,-2,84,1,124,0
-4,3,84,1,124,0
1,3,85,1,124,0
2,-1,98,1,124,0
5,7,102,1,124,0
4,6,111,1,124,0
3,-4,111,1,124,0
3,5,119,1,124,0
7,-6,123,1,124,0
-5,5,9,1,124,0
2,5,17,1,124,0
-5,-2,43,1,124,0
7,0,123,1,124,0
3,6,53,1,124,0
6,-4,57,1,124,0
-3,3,63,1,124,0
-4,4,76,1,124,0
1,4,78,1,124,0
-2,-3,89,1,124,0
4,7,96,1,124,0
-8,-1,102,1,124,0
7,-7,112,1,124,0
2,-2,123,1,124,0
1,5,11,1,124,0
-4,5,15,1,124,0
6,0,49,1,124,0
2,6,44,1,124,0
6,-5,44,1,124,0
-5,-3,46,1,124,0
-2,3,49,1,124,0
8,-1,67,1,124,0
-3,4,69,1,124,0
-8,-2,94,1,124,0
-2,-4,123,1,124,0
5,0,39,1,124,0
-5,-4,12,1,124,0
2,7,18,1,124,0
1,6,36,1,124,0
5,-3,67,1,124,0
8,-2,86,1,124,0
3,-7,94,1,124,0
6,-6,96,1,124,0
1,-1,114,1,124,0
-2,-5,117,1,124,0
-4,-1,117,1,124,0
2,-4,119,1,124,0
4,-1,9,1,124,0
0,6,4,1,124,0
4,0,11,1,124,0
-5,-5,15,1,124,0
5,1,34,1,124,0
1,7,26,1,124,0
-4,-2,34,1,124,0
-1,-3,44,1,124,0
1,-2,61,1,124,0
5,-4,64,1,124,0
6,-7,74,1,124,0
-7,-1,103,1,124,0
-7,0,123,1,124,0
1,8,11,1,124,0
-8,2,11,1,124,0
5,-5,24,1,124,0
1,-3,53,1,124,0
-6,0,59,1,124,0
-4,-3,65,1,124,0
7,-1,118,1,124,0
-7,-2,95,1,124,0
-1,-4,98,1,124,0
-7,1,119,1,124,0
3,0,123,1,124,0
-8,3,7,1,125,0
8,-5,9,1,125,0
-7,2,14,1,125,0
-4,-4,22,1,125,0
7,-2,94,1,125,0
4,-3,78,1,125,0
5,-6,87,1,125,0
2,-7,108,1,125,0
-1,-5,112,1,125,0
2,0,122,1,125,0
1,-4,124,1,125,0
-3,-1,124,1,125,0
8,-6,7,1,125,0
-4,-5,19,1,125,0
-6,-1,41,1,125,0
-3,-2,72,1,125,0
3,-1,82,1,125,0
5,-7,83,1,125,0
2,1,97,1,125,0
4,-4,102,1,125,0
1,0,115,1,125,0
-4,0,119,1,125,0
8,-7,6,1,125,0
-4,-6,9,1,125,0
0,-3,52,1,125,0
3,3,54,1,125,0
-3,-3,66,1,125,0
2,2,92,1,125,0
6,-1,97,1,125,0
-4,1,98,1,125,0
1,1,99,1,125,0
3,-2,116,1,125,0
-3,0,123,1,125,0
7,-5,25,1,125,0
-3,-4,29,1,125,0
2,3,86,1,125,0
-4,2,91,1,125,0
6,-2,96,1,125,0
5,6,103,1,125,0
4,5,112,1,125,0
3,-3,115,1,125,0
3,4,124,1,125,0
1,-7,124,1,125,0
-3,-5,24,1,125,0
-3,2,55,1,125,0
6,-3,58,1,125,0
8,0,125,1,125,0
2,4,77,1,125,0
4,-7,79,1,125,0
-2,-2,84,1,125,0
-4,3,84,1,125,0
1,3,85,1,125,0
2,-1,98,1,125,0
5,7,102,1,125,0
4,6,111,1,125,0
3,-4,111,1,125,0
3,5,119,1,125,0
7,-6,124,1,125,0
-5,5,9,1,125,0
2,5,17,1,125,0
-5,-2,43,1,125,0
7,0,123,1,125,0
3,6,53,1,125,0
6,-4,57,1,125,0
-3,3,63,1,125,0
-4,4,76,1,125,0
1,4,78,1,125,0
-2,-3,89,1,125,0
4,7,96,1,125,0
-8,-1,102,1,125,0
7,-7,112,1,125,0
2,-2,124,1,125,0
1,5,11,1,125,0
-4,5,15,1,125,0
6,0,49,1,125,0
2,6,44,1,125,0
6,-5,44,1,125,0
-5,-3,46,1,125,0
-2,3,49,1,125,0
8,-1,67,1,125,0
-3,4,69,1,125,0
-8,-2,94,1,125,0
-2,-4,124,1,125,0
5,0,39,1,125,0
-5,-4,12,1,125,0
2,7,18,1,125,0
1,6,36,1,125,0
5,-3,67,1,125,0
8,-2,86,1,125,0
3,-7,94,1,125,0
6,-6,96,1,125,0
1,-1,114,1,125,0
-2,-5,117,1,125,0
-4,-1,117,1,125,0
2,-4,119,1,125,0
4,-1,9,1,125,0
0,6,4,1,125,0
4,0,11,1,125,0
-5,-5,15,1,125,0
5,1,34,1,125,0
1,7,26,1,125,0
-4,-2,34,1,125,0
-1,-3,44,1,125,0
1,-2,61,1,125,0
5,-4,64,1,125,0
6,-7,74,1,125,0
-7,-1,103,1,125,0
-7,0,124,1,125,0
1,8,11,1,125,0
-8,2,11,1,125,0
5,-5,24,1,125,0
1,-3,53,1,125,0
-6,0,59,1,125,0
-4,-3,65,1,125,0
7,-1,118,1,125,0
-7,-2,95,1,125,0
-1,-4,98,1,125,0
-7,1,119,1,125,0
3,0,124,1,125,0
-8,3,7,1,126,0
8,-5,9,1,126,0
-7,2,14,1,126,0
-4,-4,22,1,126,0
7,-2,94,1,126,0
4,-3,78,1,126,0
5,-6,87,1,126,0
2,-7,108,1,126,0
-1,-5,112,1,126,0
2,0,122,1,126,0
1,-4,125,1,126,0
-3,-1,125,1,126,0
8,-6,7,1,126,0
-4,-5,19,1,126,0
-6,-1,41,1,126,0
-3,-2,72,1,126,0
3,-1,82,1,126,0
5,-7,83,1,126,0
2,1,97,1,126,0
4,-4,102,1,126,0
1,0,115,1,126,0
-4,0,119,1,126,0
8,-7,6,1,126,0
-4,-6,9,1,126,0
0,-3,52,1,126,0
3,3,54,1,126,0
-3,-3,66,1,126,0
2,2,92,1,126,0
6,-1,97,1,126,0
-4,1,98,1,126,0
1,1,99,1,126,0
3,-2,116,1,126,0
-3,0,123,1,126,0
7,-5,25,1,126,0
-3,-4,29,1,126,0
2,3,86,1,126,0
-4,2,91,1,126,0
6,-2,96,1,126,0
5,6,103,1,126,0
4,5,112,1,126,0
3,-3,115,1,126,0
3,4,125,1,126,0
1,-7,125,1,126,0
-3,-5,24,1,126,0
-3,2,55,1,126,0
6,-3,58,1,126,0
8,0,125,1,126,0
2,4,77,1,126,0
4,-7,79,1,126,0
-2,-2,84,1,126,0
-4,3,84,1,126,0
1,3,85,1,126,0
2,-1,98,1,126,0
5,7,102,1,126,0
4,6,111,1,126,0
3,-4,111,1,126,0
3,5,119,1,126,0
7,-6,125,1,126,0
-5,5,9,1,126,0
2,5,17,1,126,0
-5,-2,43,1,126,0
7,0,123,1,126,0
3,6,53,1,126,0
6,-4,57,1,126,0
-3,3,63,1,126,0
-4,4,76,1,126,0
1,4,78,1,126,0
4,7,96,1,126,0
-8,-1,102,1,126,0
7,-7,112,1,126,0
2,-2,124,1,126,0
-2,-3,125,1,126,0
8,1,126,1,126,0
1,5,11,1,126,0
-4,5,15,1,126,0
6,0,49,1,126,0
2,6,44,1,126,0
6,-5,44,1,126,0
-5,-3,46,1,126,0
-2,3,49,1,126,0
8,-1,67,1,126,0
-3,4,69,1,126,0
-8,-2,94,1,126,0
-2,-4,124,1,126,0
5,0,39,1,126,0
-5,-4,12,1,126,0
2,7,18,1,126,0
1,6,36,1,126,0
5,-3,67,1,126,0
8,-2,86,1,126,0
3,-7,94,1,126,0
6,-6,96,1,126,0
1,-1,114,1,126,0
-2,-5,117,1,126,0
-4,-1,117,1,126,0
2,-4,119,1,126,0
4,-1,9,1,126,0
0,6,4,1,126,0
4,0,11,1,126,0
-5,-5,15,1,126,0
5,1,34,1,126,0
1,7,26,1,126,0
-4,-2,34,1,126,0
-1,-3,44,1,126,0
5,-4,64,1,126,0
6,-7,74,1,126,0
-7,-1,103,1,126,0
-7,0,125,1,126,0
1,-2,125,1,126,0
1,8,11,1,126,0
-8,2,11,1,126,0
5,-5,24,1,126,0
1,-3,53,1,126,0
-6,0,59,1,126,0
-4,-3,65,1,126,0
7,-1,118,1,126,0
-7,-2,95,1,126,0
-1,-4,98,1,126,0
-7,1,119,1,126,0
3,0,125,1,126,0
-8,3,7,1,127,0
8,-5,9,1,127,0
-7,2,14,1,127,0
-4,-4,22,1,127,0
7,-2,94,1,127,0
4,-3,78,1,127,0
5,-6,87,1,127,0
2,-7,108,1,127,0
-1,-5,112,1,127,0
2,0,122,1,127,0
1,-4,126,1,127,0
-3,-1,126,1,127,0
8,-6,7,1,127,0
-4,-5,19,1,127,0
-6,-1,41,1,127,0
-3,-2,72,1,127,0
5,-7,83,1,127,0
2,1,97,1,127,0
4,-4,102,1,127,0
1,0,115,1,127,0
-4,0,119,1,127,0
3,-1,126,1,127,0
8,-7,6,1,127,0
-4,-6,9,1,127,0
0,-3,52,1,127,0
3,3,54,1,127,0
-3,-3,66,1,127,0
2,2,92,1,127,0
6,-1,97,1,127,0
-4,1,98,1,127,0
1,1,99,1,127,0
3,-2,116,1,127,0
-3,0,123,1,127,0
7,-5,25,1,127,0
-3,-4,29,1,127,0
2,3,86,1,127,0
-4,2,91,1,127,0
6,-2,96,1,127,0
5,6,103,1,127,0
4,5,112,1,127,0
3,-3,115,1,127,0
3,4,126,1,127,0
1,-7,126,1,127,0
-3,-5,24,1,127,0
-3,2,55,1,127,0
6,-3,58,1,127,0
8,0,125,1,127,0
2,4,77,1,127,0
4,-7,79,1,127,0
-2,-2,84,1,127,0
-4,3,84,1,127,0
1,3,85,1,127,0
2,-1,98,1,127,0
5,7,102,1,127,0
4,6,111,1,127,0
3,-4,111,1,127,0
3,5,119,1,127,0
7,-6,126,1,127,0
-5,5,9,1,127,0
2,5,17,1,127,0
-5,-2,43,1,127,0
7,0,123,1,127,0
3,6,53,1,127,0
6,-4,57,1,127,0
-3,3,63,1,127,0
-4,4,76,1,127,0
1,4,78,1,127,0
4,7,96,1,127,0
-8,-1,102,1,127,0
7,-7,112,1,127,0
2,-2,124,1,127,0
8,1,127,1,127,0
-2,-3,126,1,127,0
1,5,11,1,127,0
-4,5,15,1,127,0
6,0,49,1,127,0
2,6,44,1,127,0
6,-5,44,1,127,0
-5,-3,46,1,127,0
-2,3,49,1,127,0
8,-1,67,1,127,0
-3,4,69,1,127,0
-8,-2,94,1,127,0
-2,-4,124,1,127,0
5,0,39,1,127,0
-5,-4,12,1,127,0
2,7,18,1,127,0
1,6,36,1,127,0
5,-3,67,1,127,0
8,-2,86,1,127,0
3,-7,94,1,127,0
6,-6,96,1,127,0
1,-1,114,1,127,0
-2,-5,117,1,127,0
-4,-1,117,1,127,0
2,-4,119,1,127,0
4,-1,9,1,127,0
0,6,4,1,127,0
4,0,11,1,127,0
-5,-5,15,1,127,0
5,1,34,1,127,0
1,7,26,1,127,0
-4,-2,34,1,127,0
-1,-3,44,1,127,0
5,-4,64,1,127,0
6,-7,74,1,127,0
-7,-1,103,1,127,0
-7,0,126,1,127,0
1,-2,126,1,127,0
1,8,11,1,127,0
-8,2,11,1,127,0
5,-5,24,1,127,0
1,-3,53,1,127,0
-6,0,59,1,127,0
-4,-3,65,1,127,0
7,-1,118,1,127,0
-7,-2,95,1,127,0
-1,-4,98,1,127,0
-7,1,119,1,127,0
3,0,125,1,127,0
-8,3,7,1,128,0
8,-5,9,1,128,0
-7,2,14,1,128,0
-4,-4,22,1,128,0
7,-2,94,1,128,0
4,-3,78,1,128,0
5,-6,87,1,128,0
2,-7,108,1,128,0
-1,-5,112,1,128,0
2,0,122,1,128,0
1,-4,127,1,128,0
-3,-1,127,1,128,0
8,-6,7,1,128,0
-4,-5,19,1,128,0
-6,-1,41,1,128,0
-3,-2,72,1,128,0
5,-7,83,1,128,0
2,1,97,1,128,0
4,-4,102,1,128,0
1,0,115,1,128,0
-4,0,119,1,128,0
3,-1,127,1,128,0
8,-7,6,1,128,0
-4,-6,9,1,128,0
0,-3,52,1,128,0
-3,-3,66,1,128,0
2,2,92,1,128,0
6,-1,97,1,128,0
-4,1,98,1,128,0
1,1,99,1,128,0
3,-2,116,1,128,0
-3,0,123,1,128,0
3,3,127,1,128,0
7,-5,25,1,128,0
-3,-4,29,1,128,0
2,3,86,1,128,0
-4,2,91,1,128,0
6,-2,96,1,128,0
5,6,103,1,128,0
4,5,112,1,128,0
3,-3,115,1,128,0
3,4,126,1,128,0
1,-7,127,1,128,0
-3,-5,24,1,128,0
-3,2,55,1,128,0
6,-3,58,1,128,0
8,0,125,1,128,0
2,4,77,1,128,0
4,-7,79,1,128,0
-2,-2,84,1,128,0
-4,3,84,1,128,0
1,3,85,1,128,0
2,-1,98,1,128,0
5,7,102,1,128,0
4,6,111,1,128,0
3,-4,111,1,128,0
3,5,119,1,128,0
7,-6,127,1,128,0
-5,5,9,1,128,0
2,5,17,1,128,0
-5,-2,43,1,128,0
7,0,123,1,128,0
3,6,53,1,128,0
6,-4,57,1,128,0
-3,3,63,1,128,0
-4,4,76,1,128,0
1,4,78,1,128,0
4,7,96,1,128,0
-8,-1,102,1,128,0
7,-7,112,1,128,0
2,-2,124,1,128,0
8,1,128,1,128,0
-2,-3,127,1,128,0
1,5,11,1,128,0
-4,5,15,1,128,0
6,0,49,1,128,0
2,6,44,1,128,0
6,-5,44,1,128,0
-5,-3,46,1,128,0
-2,3,49,1,128,0
8,-1,67,1,128,0
-3,4,69,1,128,0
-8,-2,94,1,128,0
-2,-4,124,1,128,0
5,0,39,1,128,0
-5,-4,12,1,128,0
2,7,18,1,128,0
1,6,36,1,128,0
5,-3,67,1,128,0
8,-2,86,1,128,0
3,-7,94,1,128,0
6,-6,96,1,128,0
1,-1,114,1,128,0
-2,-5,117,1,128,0
-4,-1,117,1,128,0
2,-4,119,1,128,0
4,-1,9,1,128,0
0,6,4,1,128,0
4,0,11,1,128,0
-5,-5,15,1,128,0
5,1,34,1,128,0
1,7,26,1,128,0
-4,-2,34,1,128,0
-1,-3,44,1,128,0
5,-4,64,1,128,0
6,-7,74,1,128,0
-7,-1,103,1,128,0
1,-2,126,1,128,0
-7,0,127,1,128,0
1,8,11,1,128,0
-8,2,11,1,128,0
5,-5,24,1,128,0
1,-3,53,1,128,0
-6,0,59,1,128,0
-4,-3,65,1,128,0
7,-1,118,1,128,0
-7,-2,95,1,128,0
-1,-4,98,1,128,0
-7,1,119,1,128,0
3,0,125,1,128,0
-8,3,7,1,129,0
8,-5,9,1,129,0
-7,2,14,1,129,0
-4,-4,22,1,129,0
7,-2,94,1,129,0
4,-3,78,1,129,0
5,-6,87,1,129,0
2,-7,108,1,129,0
-1,-5,112,1,129,0
2,0,122,1,129,0
1,-4,128,1,129,0
-3,-1,128,1,129,0
8,-6,7,1,129,0
-4,-5,19,1,129,0
-6,-1,41,1,129,0
-3,-2,72,1,129,0
5,-7,83,1,129,0
2,1,97,1,129,0
4,-4,102,1,129,0
1,0,115,1,129,0
-4,0,119,1,129,0
3,-1,128,1,129,0
8,-7,6,1,129,0
-4,-6,9,1,129,0
0,-3,52,1,129,0
-3,-3,66,1,129,0
2,2,92,1,129,0
6,-1,97,1,129,0
-4,1,98,1,129,0
1,1,99,1,129,0
3,-2,116,1,129,0
-3,0,123,1,129,0
3,3,128,1,129,0
7,-5,25,1,129,0
-3,-4,29,1,129,0
2,3,86,1,129,0
-4,2,91,1,129,0
6,-2,96,1,129,0
5,6,103,1,129,0
4,5,112,1,129,0
3,-3,115,1,129,0
3,4,126,1,129,0
1,-7,128,1,129,0
-3,-5,24,1,129,0
-3,2,55,1,129,0
6,-3,58,1,129,0
8,0,125,1,129,0
2,4,77,1,129,0
4,-7,79,1,129,0
-2,-2,84,1,129,0
-4,3,84,1,129,0
1,3,85,1,129,0
2,-1,98,1,129,0
5,7,102,1,129,0
4,6,111,1,129,0
3,-4,111,1,129,0
3,5,119,1,129,0
7,-6,128,1,129,0
-5,5,9,1,129,0
2,5,17,1,129,0
-5,-2,43,1,129,0
7,0,123,1,129,0
3,6,53,1,129,0
6,-4,57,1,129,0
-3,3,63,1,129,0
-4,4,76,1,129,0
1,4,78,1,129,0
4,7,96,1,129,0
-8,-1,102,1,129,0
7,-7,112,1,129,0
2,-2,124,1,129,0
8,1,128,1,129,0
-2,-3,128,1,129,0
1,5,11,1,129,0
-4,5,15,1,129,0
6,0,49,1,129,0
2,6,44,1,129,0
6,-5,44,1,129,0
-5,-3,46,1,129,0
-2,3,49,1,129,0
8,-1,67,1,129,0
-3,4,69,1,129,0
-8,-2,94,1,129,0
-2,-4,124,1,129,0
7,1,129,1,129,0
5,0,39,1,129,0
-5,-4,12,1,129,0
2,7,18,1,129,0
1,6,36,1,129,0
5,-3,67,1,129,0
8,-2,86,1,129,0
3,-7,94,1,129,0
6,-6,96,1,129,0
-2,-5,117,1,129,0
-4,-1,117,1,129,0
2,-4,119,1,129,0
1,-1,128,1,129,0
4,-1,9,1,129,0
0,6,4,1,129,0
4,0,11,1,129,0
-5,-5,15,1,129,0
5,1,34,1,129,0
1,7,26,1,129,0
-4,-2,34,1,129,0
-1,-3,44,1,129,0
5,-4,64,1,129,0
6,-7,74,1,129,0
-7,-1,103,1,129,0
1,-2,126,1,129,0
-7,0,128,1,129,0
1,8,11,1,129,0
-8,2,11,1,129,0
5,-5,24,1,129,0
1,-3,53,1,129,0
-6,0,59,1,129,0
-4,-3,65,1,129,0
7,-1,118,1,129,0
-7,-2,95,1,129,0
-1,-4,98,1,129,0
-7,1,119,1,129,0
3,0,125,1,129,0
-8,3,7,1,130,0
8,-5,9,1,130,0
-7,2,14,1,130,0
-4,-4,22,1,130,0
7,-2,94,1,130,0
4,-3,78,1,130,0
5,-6,87,1,130,0
2,-7,108,1,130,0
-1,-5,112,1,130,0
2,0,122,1,130,0
1,-4,129,1,130,0
-3,-1,129,1,130,0
8,-6,7,1,130,0
-4,-5,19,1,130,0
-6,-1,41,1,130,0
-3,-2,72,1,130,0
5,-7,83,1,130,0
2,1,97,1,130,0
4,-4,102,1,130,0
1,0,115,1,130,0
-4,0,119,1,130,0
3,-1,129,1,130,0
8,-7,6,1,130,0
-4,-6,9,1,130,0
0,-3,52,1,130,0
-3,-3,66,1,130,0
2,2,92,1,130,0
6,-1,97,1,130,0
-4,1,98,1,130,0
1,1,99,1,130,0
3,-2,116,1,130,0
-3,0,123,1,130,0
3,3,128,1,130,0
7,-5,25,1,130,0
-3,-4,29,1,130,0
-4,2,91,1,130,0
6,-2,96,1,130,0
5,6,103,1,130,0
4,5,112,1,130,0
3,-3,115,1,130,0
3,4,126,1,130,0
2,3,129,1,130,0
1,-7,129,1,130,0
-3,-5,24,1,130,0
-3,2,55,1,130,0
6,-3,58,1,130,0
8,0,125,1,130,0
2,4,77,1,130,0
4,-7,79,1,130,0
-2,-2,84,1,130,0
-4,3,84,1,130,0
1,3,85,1,130,0
2,-1,98,1,130,0
5,7,102,1,130,0
4,6,111,1,130,0
3,-4,111,1,130,0
3,5,119,1,130,0
7,-6,129,1,130,0
-5,5,9,1,130,0
2,5,17,1,130,0
-5,-2,43,1,130,0
7,0,123,1,130,0
3,6,53,1,130,0
6,-4,57,1,130,0
-3,3,63,1,130,0
-4,4,76,1,130,0
1,4,78,1,130,0
4,7,96,1,130,0
-8,-1,102,1,130,0
7,-7,112,1,130,0
2,-2,124,1,130,0
8,1,128,1,130,0
-2,-3,129,1,130,0
1,5,11,1,130,0
-4,5,15,1,130,0
6,0,49,1,130,0
2,6,44,1,130,0
6,-5,44,1,130,0
-5,-3,46,1,130,0
-2,3,49,1,130,0
8,-1,67,1,130,0
-3,4,69,1,130,0
-8,-2,94,1,130,0
-2,-4,124,1,130,0
7,1,129,1,130,0
5,0,39,1,130,0
-5,-4,12,1,130,0
2,7,18,1,130,0
1,6,36,1,130,0
5,-3,67,1,130,0
8,-2,86,1,130,0
3,-7,94,1,130,0
6,-6,96,1,130,0
-2,-5,117,1,130,0
-4,-1,117,1,130,0
2,-4,119,1,130,0
1,-1,129,1,130,0
4,-1,9,1,130,0
0,6,4,1,130,0
4,0,11,1,130,0
-5,-5,15,1,130,0
5,1,34,1,130,0
1,7,26,1,130,0
-4,-2,34,1,130,0
-1,-3,44,1,130,0
5,-4,64,1,130,0
6,-7,74,1,130,0
-7,-1,103,1,130,0
1,-2,126,1,130,0
-7,0,128,1,130,0
1,8,11,1,130,0
-8,2,11,1,130,0
5,-5,24,1,130,0
1,-3,53,1,130,0
-4,-3,65,1,130,0
7,-1,118,1,130,0
-7,-2,95,1,130,0
-1,-4,98,1,130,0
-7,1,119,1,130,0
3,0,125,1,130,0
-6,0,129,1,130,0
-8,3,7,1,131,0
8,-5,9,1,131,0
-7,2,14,1,131,0
-4,-4,22,1,131,0
7,-2,94,1,131,0
4,-3,78,1,131,0
5,-6,87,1,131,0
2,-7,108,1,131,0
-1,-5,112,1,131,0
2,0,122,1,131,0
1,-4,129,1,131,0
-3,-1,129,1,131,0
8,-6,7,1,131,0
-4,-5,19,1,131,0
-6,-1,41,1,131,0
-3,-2,72,1,131,0
5,-7,83,1,131,0
2,1,97,1,131,0
4,-4,102,1,131,0
1,0,115,1,131,0
-4,0,119,1,131,0
3,-1,129,1,131,0
8,-7,6,1,131,0
-4,-6,9,1,131,0
0,-3,52,1,131,0
-3,-3,66,1,131,0
2,2,92,1,131,0
6,-1,97,1,131,0
-4,1,98,1,131,0
1,1,99,1,131,0
3,-2,116,1,131,0
-3,0,123,1,131,0
3,3,128,1,131,0
7,-5,25,1,131,0
-3,-4,29,1,131,0
-4,2,91,1,131,0
6,-2,96,1,131,0
5,6,103,1,131,0
4,5,112,1,131,0
3,-3,115,1,131,0
3,4,126,1,131,0
2,3,129,1,131,0
1,-7,129,1,131,0
-3,-5,24,1,131,0
-3,2,55,1,131,0
6,-3,58,1,131,0
8,0,125,1,131,0
2,4,77,1,131,0
4,-7,79,1,131,0
-2,-2,84,1,131,0
-4,3,84,1,131,0
1,3,85,1,131,0
2,-1,98,1,131,0
5,7,102,1,131,0
4,6,111,1,131,0
3,-4,111,1,131,0
3,5,119,1,131,0
7,-6,129,1,131,0
-5,5,9,1,131,0
2,5,17,1,131,0
-5,-2,43,1,131,0
7,0,123,1,131,0
3,6,53,1,131,0
6,-4,57,1,131,0
-3,3,63,1,131,0
-4,4,76,1,131,0
1,4,78,1,131,0
4,7,96,1,131,0
-8,-1,102,1,131,0
7,-7,112,1,131,0
2,-2,124,1,131,0
8,1,128,1,131,0
-2,-3,129,1,131,0
1,5,11,1,131,0
-4,5,15,1,131,0
6,0,49,1,131,0
2,6,44,1,131,0
6,-5,44,1,131,0
-5,-3,46,1,131,0
-2,3,49,1,131,0
8,-1,67,1,131,0
-3,4,69,1,131,0
-8,-2,94,1,131,0
-2,-4,124,1,131,0
7,1,131,1,131,0
5,0,39,1,131,0
-5,-4,12,1,131,0
2,7,18,1,131,0
1,6,36,1,131,0
5,-3,67,1,131,0
8,-2,86,1,131,0
3,-7,94,1,131,0
6,-6,96,1,131,0
-2,-5,117,1,131,0
-4,-1,117,1,131,0
2,-4,119,1,131,0
1,-1,129,1,131,0
4,-1,9,1,131,0
0,6,4,1,131,0
4,0,11,1,131,0
-5,-5,15,1,131,0
5,1,34,1,131,0
1,7,26,1,131,0
-4,-2,34,1,131,0
-1,-3,44,1,131,0
5,-4,64,1,131,0
6,-7,74,1,131,0
-7,-1,103,1,131,0
1,-2,126,1,131,0
-7,0,128,1,131,0
1,8,11,1,131,0
-8,2,11,1,131,0
5,-5,24,1,131,0
1,-3,53,1,131,0
-4,-3,65,1,131,0
7,-1,118,1,131,0
-7,-2,95,1,131,0
-1,-4,98,1,131,0
-7,1,119,1,131,0
3,0,125,1,131,0
-6,0,129,1,131,0
-8,3,7,1,132,0
8,-5,9,1,132,0
-7,2,14,1,132,0
-4,-4,22,1,132,0
7,-2,94,1,132,0
4,-3,78,1,132,0
5,-6,87,1,132,0
2,-7,108,1,132,0
-1,-5,112,1,132,0
2,0,122,1,132,0
1,-4,129,1,132,0
-3,-1,131,1,132,0
8,-6,7,1,132,0
-4,-5,19,1,132,0
-6,-1,41,1,132,0
-3,-2,72,1,132,0
5,-7,83,1,132,0
2,1,97,1,132,0
4,-4,102,1,132,0
1,0,115,1,132,0
-4,0,119,1,132,0
3,-1,129,1,132,0
8,-7,6,1,132,0
-4,-6,9,1,132,0
0,-3,52,1,132,0
2,2,92,1,132,0
6,-1,97,1,132,0
-4,1,98,1,132,0
1,1,99,1,132,0
3,-2,116,1,132,0
-3,0,123,1,132,0
3,3,128,1,132,0
-3,-3,131,1,132,0
7,-5,25,1,132,0
-3,-4,29,1,132,0
-4,2,91,1,132,0
6,-2,96,1,132,0
5,6,103,1,132,0
4,5,112,1,132,0
3,-3,115,1,132,0
3,4,126,1,132,0
1,-7,129,1,132,0
2,3,131,1,132,0
-3,-5,24,1,132,0
-3,2,55,1,132,0
6,-3,58,1,132,0
8,0,125,1,132,0
2,4,77,1,132,0
4,-7,79,1,132,0
-2,-2,84,1,132,0
-4,3,84,1,132,0
1,3,85,1,132,0
5,7,102,1,132,0
4,6,111,1,132,0
3,-4,111,1,132,0
3,5,119,1,132,0
2,-1,131,1,132,0
7,-6,131,1,132,0
-5,5,9,1,132,0
2,5,17,1,132,0
-5,-2,43,1,132,0
7,0,123,1,132,0
3,6,53,1,132,0
6,-4,57,1,132,0
-3,3,63,1,132,0
-4,4,76,1,132,0
1,4,78,1,132,0
4,7,96,1,132,0
-8,-1,102,1,132,0
7,-7,112,1,132,0
2,-2,124,1,132,0
8,1,128,1,132,0
-2,-3,129,1,132,0
1,5,11,1,132,0
-4,5,15,1,132,0
6,0,49,1,132,0
2,6,44,1,132,0
6,-5,44,1,132,0
-5,-3,46,1,132,0
-2,3,49,1,132,0
8,-1,67,1,132,0
-3,4,69,1,132,0
-8,-2,94,1,132,0
-2,-4,124,1,132,0
7,1,132,1,132,0
0,-7,131,1,132,0
5,0,39,1,132,0
-5,-4,12,1,132,0
2,7,18,1,132,0
1,6,36,1,132,0
5,-3,67,1,132,0
8,-2,86,1,132,0
3,-7,94,1,132,0
6,-6,96,1,132,0
-2,-5,117,1,132,0
-4,-1,117,1,132,0
2,-4,119,1,132,0
1,-1,131,1,132,0
4,-1,9,1,132,0
0,6,4,1,132,0
4,0,11,1,132,0
-5,-5,15,1,132,0
5,1,34,1,132,0
1,7,26,1,132,0
-4,-2,34,1,132,0
-1,-3,44,1,132,0
5,-4,64,1,132,0
6,-7,74,1,132,0
-7,-1,103,1,132,0
1,-2,126,1,132,0
-7,0,128,1,132,0
1,8,11,1,132,0
-8,2,11,1,132,0
5,-5,24,1,132,0
-4,-3,65,1,132,0
7,-1,118,1,132,0
-7,-2,95,1,132,0
-1,-4,98,1,132,0
-7,1,119,1,132,0
3,0,125,1,132,0
1,-3,131,1,132,0
-6,0,131,1,132,0
-8,3,7,1,133,0
8,-5,9,1,133,0
-7,2,14,1,133,0
-4,-4,22,1,133,0
7,-2,94,1,133,0
4,-3,78,1,133,0
5,-6,87,1,133,0
2,-7,108,1,133,0
-1,-5,112,1,133,0
2,0,122,1,133,0
1,-4,129,1,133,0
-3,-1,132,1,133,0
0,-1,132,1,133,0
8,-6,7,1,133,0
-4,-5,19,1,133,0
-6,-1,41,1,133,0
-3,-2,72,1,133,0
5,-7,83,1,133,0
2,1,97,1,133,0
4,-4,102,1,133,0
1,0,115,1,133,0
-4,0,119,1,133,0
3,-1,129,1,133,0
8,-7,6,1,133,0
-4,-6,9,1,133,0
0,-3,52,1,133,0
2,2,92,1,133,0
6,-1,97,1,133,0
-4,1,98,1,133,0
1,1,99,1,133,0
3,-2,116,1,133,0
-3,0,123,1,133,0
3,3,128,1,133,0
-3,-3,132,1,133,0
7,-5,25,1,133,0
-3,-4,29,1,133,0
-4,2,91,1,133,0
6,-2,96,1,133,0
5,6,103,1,133,0
4,5,112,1,133,0
3,-3,115,1,133,0
3,4,126,1,133,0
1,-7,129,1,133,0
2,3,132,1,133,0
-3,-5,24,1,133,0
-3,2,55,1,133,0
6,-3,58,1,133,0
8,0,125,1,133,0
2,4,77,1,133,0
4,-7,79,1,133,0
-2,-2,84,1,133,0
-4,3,84,1,133,0
1,3,85,1,133,0
5,7,102,1,133,0
4,6,111,1,133,0
3,-4,111,1,133,0
3,5,119,1,133,0
2,-1,132,1,133,0
7,-6,132,1,133,0
-5,5,9,1,133,0
2,5,17,1,133,0
-5,-2,43,1,133,0
7,0,123,1,133,0
3,6,53,1,133,0
6,-4,57,1,133,0
-3,3,63,1,133,0
-4,4,76,1,133,0
1,4,78,1,133,0
4,7,96,1,133,0
-8,-1,102,1,133,0
7,-7,112,1,133,0
2,-2,124,1,133,0
8,1,128,1,133,0
-2,-3,129,1,133,0
1,5,11,1,133,0
-4,5,15,1,133,0
6,0,49,1,133,0
2,6,44,1,133,0
6,-5,44,1,133,0
-5,-3,46,1,133,0
-2,3,49,1,133,0
8,-1,67,1,133,0
-3,4,69,1,133,0
-8,-2,94,1,133,0
-2,-4,124,1,133,0
7,1,133,1,133,0
0,-7,132,1,133,0
5,0,39,1,133,0
-5,-4,12,1,133,0
2,7,18,1,133,0
1,6,36,1,133,0
5,-3,67,1,133,0
8,-2,86,1,133,0
3,-7,94,1,133,0
6,-6,96,1,133,0
-2,-5,117,1,133,0
-4,-1,117,1,133,0
2,-4,119,1,133,0
1,-1,131,1,133,0
4,-1,9,1,133,0
0,6,4,1,133,0
4,0,11,1,133,0
-5,-5,15,1,133,0
5,1,34,1,133,0
1,7,26,1,133,0
-4,-2,34,1,133,0
-1,-3,44,1,133,0
5,-4,64,1,133,0
6,-7,74,1,133,0
-7,-1,103,1,133,0
1,-2,126,1,133,0
-7,0,128,1,133,0
1,8,11,1,133,0
-8,2,11,1,133,0
5,-5,24,1,133,0
-4,-3,65,1,133,0
7,-1,118,1,133,0
-7,-2,95,1,133,0
-1,-4,98,1,133,0
-7,1,119,1,133,0
3,0,125,1,133,0
-6,0,131,1,133,0
1,-3,132,1,133,0
-8,3,7,1,134,0
8,-5,9,1,134,0
-7,2,14,1,134,0
-4,-4,22,1,134,0
7,-2,94,1,134,0
4,-3,78,1,134,0
5,-6,87,1,134,0
2,-7,108,1,134,0
-1,-5,112,1,134,0
2,0,122,1,134,0
1,-4,129,1,134,0
-3,-1,133,1,134,0
0,-1,133,1,134,0
8,-6,7,1,134,0
-4,-5,19,1,134,0
-6,-1,41,1,134,0
-3,-2,72,1,134,0
5,-7,83,1,134,0
2,1,97,1,134,0
4,-4,102,1,134,0
1,0,115,1,134,0
-4,0,119,1,134,0
3,-1,129,1,134,0
8,-7,6,1,134,0
-4,-6,9,1,134,0
0,-3,52,1,134,0
2,2,92,1,134,0
6,-1,97,1,134,0
-4,1,98,1,134,0
1,1,99,1,134,0
3,-2,116,1,134,0
-3,0,123,1,134,0
3,3,128,1,134,0
-3,-3,133,1,134,0
7,-5,25,1,134,0
-3,-4,29,1,134,0
-4,2,91,1,134,0
6,-2,96,1,134,0
5,6,103,1,134,0
4,5,112,1,134,0
3,-3,115,1,134,0
3,4,126,1,134,0
1,-7,129,1,134,0
2,3,133,1,134,0
-3,-5,24,1,134,0
-3,2,55,1,134,0
6,-3,58,1,134,0
8,0,125,1,134,0
2,4,77,1,134,0
4,-7,79,1,134,0
-2,-2,84,1,134,0
-4,3,84,1,134,0
1,3,85,1,134,0
5,7,102,1,134,0
4,6,111,1,134,0
3,-4,111,1,134,0
3,5,119,1,134,0
2,-1,133,1,134,0
7,-6,133,1,134,0
-5,5,9,1,134,0
2,5,17,1,134,0
-5,-2,43,1,134,0
7,0,123,1,134,0
3,6,53,1,134,0
6,-4,57,1,134,0
-3,3,63,1,134,0
-4,4,76,1,134,0
1,4,78,1,134,0
4,7,96,1,134,0
-8,-1,102,1,134,0
7,-7,112,1,134,0
2,-2,124,1,134,0
8,1,128,1,134,0
-2,-3,129,1,134,0
1,5,11,1,134,0
-4,5,15,1,134,0
6,0,49,1,134,0
2,6,44,1,134,0
6,-5,44,1,134,0
-5,-3,46,1,134,0
-2,3,49,1,134,0
8,-1,67,1,134,0
-3,4,69,1,134,0
-8,-2,94,1,134,0
-2,-4,124,1,134,0
7,1,134,1,134,0
0,-7,133,1,134,0
5,0,39,1,134,0
-5,-4,12,1,134,0
2,7,18,1,134,0
1,6,36,1,134,0
5,-3,67,1,134,0
8,-2,86,1,134,0
3,-7,94,1,134,0
6,-6,96,1,134,0
-2,-5,117,1,134,0
-4,-1,117,1,134,0
2,-4,119,1,134,0
1,-1,131,1,134,0
4,-1,9,1,134,0
0,6,4,1,134,0
4,0,11,1,134,0
-5,-5,15,1,134,0
5,1,34,1,134,0
1,7,26,1,134,0
-4,-2,34,1,134,0
-1,-3,44,1,134,0
5,-4,64,1,134,0
6,-7,74,1,134,0
-7,-1,103,1,134,0
1,-2,126,1,134,0
-7,0,128,1,134,0
1,8,11,1,134,0
-8,2,11,1,134,0
5,-5,24,1,134,0
-4,-3,65,1,134,0
7,-1,118,1,134,0
-7,-2,95,1,134,0
-1,-4,98,1,134,0
-7,1,119,1,134,0
3,0,125,1,134,0
-6,0,132,1,134,0
1,-3,133,1,134,0
-8,3,7,1,135,0
8,-5,9,1,135,0
-7,2,14,1,135,0
-4,-4,22,1,135,0
7,-2,94,1,135,0
4,-3,78,1,135,0
5,-6,87,1,135,0
2,-7,108,1,135,0
-1,-5,112,1,135,0
2,0,122,1,135,0
1,-4,129,1,135,0
-3,-1,133,1,135,0
0,-1,134,1,135,0
8,-6,7,1,135,0
-4,-5,19,1,135,0
-6,-1,41,1,135,0
-3,-2,72,1,135,0
5,-7,83,1,135,0
2,1,97,1,135,0
4,-4,102,1,135,0
1,0,115,1,135,0
-4,0,119,1,135,0
3,-1,129,1,135,0
8,-7,6,1,135,0
-4,-6,9,1,135,0
6,-1,97,1,135,0
-4,1,98,1,135,0
1,1,99,1,135,0
3,-2,116,1,135,0
-3,0,123,1,135,0
3,3,128,1,135,0
2,2,134,1,135,0
0,-3,134,1,135,0
-3,-3,134,1,135,0
7,-5,25,1,135,0
-3,-4,29,1,135,0
-4,2,91,1,135,0
6,-2,96,1,135,0
5,6,103,1,135,0
4,5,112,1,135,0
3,-3,115,1,135,0
3,4,126,1,135,0
1,-7,129,1,135,0
2,3,133,1,135,0
-3,-5,24,1,135,0
-3,2,55,1,135,0
6,-3,58,1,135,0
8,0,125,1,135,0
2,4,77,1,135,0
4,-7,79,1,135,0
-2,-2,84,1,135,0
-4,3,84,1,135,0
1,3,85,1,135,0
5,7,102,1,135,0
4,6,111,1,135,0
3,-4,111,1,135,0
3,5,119,1,135,0
2,-1,134,1,135,0
7,-6,134,1,135,0
-5,5,9,1,135,0
2,5,17,1,135,0
-5,-2,43,1,135,0
7,0,123,1,135,0
3,6,53,1,135,0
6,-4,57,1,135,0
-3,3,63,1,135,0
-4,4,76,1,135,0
1,4,78,1,135,0
4,7,96,1,135,0
-8,-1,102,1,135,0
7,-7,112,1,135,0
2,-2,124,1,135,0
8,1,128,1,135,0
-2,-3,129,1,135,0
1,5,11,1,135,0
-4,5,15,1,135,0
6,0,49,1,135,0
2,6,44,1,135,0
6,-5,44,1,135,0
-5,-3,46,1,135,0
-2,3,49,1,135,0
8,-1,67,1,135,0
-3,4,69,1,135,0
-8,-2,94,1,135,0
-2,-4,124,1,135,0
7,1,135,1,135,0
0,-7,134,1,135,0
5,0,39,1,135,0
-5,-4,12,1,135,0
2,7,18,1,135,0
1,6,36,1,135,0
5,-3,67,1,135,0
8,-2,86,1,135,0
3,-7,94,1,135,0
6,-6,96,1,135,0
-2,-5,117,1,135,0
-4,-1,117,1,135,0
2,-4,119,1,135,0
1,-1,131,1,135,0
4,-1,9,1,135,0
0,6,4,1,135,0
4,0,11,1,135,0
-5,-5,15,1,135,0
5,1,34,1,135,0
1,7,26,1,135,0
-1,-3,44,1,135,0
5,-4,64,1,135,0
6,-7,74,1,135,0
-7,-1,103,1,135,0
1,-2,126,1,135,0
-7,0,128,1,135,0
-4,-2,134,1,135,0
1,8,11,1,135,0
-8,2,11,1,135,0
5,-5,24,1,135,0
-4,-3,65,1,135,0
7,-1,118,1,135,0
-7,-2,95,1,135,0
-1,-4,98,1,135,0
-7,1,119,1,135,0
3,0,125,1,135,0
1,-3,133,1,135,0
-6,0,133,1,135,0
-8,3,7,1,136,0
8,-5,9,1,136,0
-7,2,14,1,136,0
-4,-4,22,1,136,0
7,-2,94,1,136,0
4,-3,78,1,136,0
5,-6,87,1,136,0
2,-7,108,1,136,0
-1,-5,112,1,136,0
2,0,122,1,136,0
1,-4,129,1,136,0
-3,-1,133,1,136,0
0,-1,135,1,136,0
8,-6,7,1,136,0
-4,-5,19,1,136,0
-6,-1,41,1,136,0
-3,-2,72,1,136,0
5,-7,83,1,136,0
2,1,97,1,136,0
4,-4,102,1,136,0
1,0,115,1,136,0
-4,0,119,1,136,0
3,-1,129,1,136,0
8,-7,6,1,136,0
-4,-6,9,1,136,0
6,-1,97,1,136,0
-4,1,98,1,136,0
1,1,99,1,136,0
3,-2,116,1,136,0
-3,0,123,1,136,0
3,3,128,1,136,0
2,2,135,1,136,0
0,-3,135,1,136,0
-3,-3,135,1,136,0
7,-5,25,1,136,0
-3,-4,29,1,136,0
-4,2,91,1,136,0
6,-2,96,1,136,0
5,6,103,1,136,0
4,5,112,1,136,0
3,-3,115,1,136,0
3,4,126,1,136,0
1,-7,129,1,136,0
2,3,133,1,136,0
-3,-5,24,1,136,0
-3,2,55,1,136,0
6,-3,58,1,136,0
8,0,125,1,136,0
2,4,77,1,136,0
4,-7,79,1,136,0
-2,-2,84,1,136,0
-4,3,84,1,136,0
1,3,85,1,136,0
5,7,102,1,136,0
4,6,111,1,136,0
3,-4,111,1,136,0
3,5,119,1,136,0
2,-1,135,1,136,0
7,-6,135,1,136,0
-5,5,9,1,136,0
2,5,17,1,136,0
-5,-2,43,1,136,0
7,0,123,1,136,0
3,6,53,1,136,0
6,-4,57,1,136,0
-3,3,63,1,136,0
-4,4,76,1,136,0
1,4,78,1,136,0
4,7,96,1,136,0
-8,-1,102,1,136,0
7,-7,112,1,136,0
2,-2,124,1,136,0
8,1,128,1,136,0
-2,-3,129,1,136,0
1,5,11,1,136,0
-4,5,15,1,136,0
6,0,49,1,136,0
2,6,44,1,136,0
6,-5,44,1,136,0
-5,-3,46,1,136,0
-2,3,49,1,136,0
8,-1,67,1,136,0
-3,4,69,1,136,0
-8,-2,94,1,136,0
-2,-4,124,1,136,0
7,1,135,1,136,0
0,-7,135,1,136,0
5,0,39,1,136,0
-5,-4,12,1,136,0
2,7,18,1,136,0
1,6,36,1,136,0
5,-3,67,1,136,0
8,-2,86,1,136,0
3,-7,94,1,136,0
6,-6,96,1,136,0
-2,-5,117,1,136,0
-4,-1,117,1,136,0
2,-4,119,1,136,0
1,-1,131,1,136,0
6,1,136,1,136,0
4,-1,9,1,136,0
0,6,4,1,136,0
4,0,11,1,136,0
-5,-5,15,1,136,0
5,1,34,1,136,0
1,7,26,1,136,0
-1,-3,44,1,136,0
5,-4,64,1,136,0
6,-7,74,1,136,0
-7,-1,103,1,136,0
1,-2,126,1,136,0
-7,0,128,1,136,0
-4,-2,135,1,136,0
1,8,11,1,136,0
-8,2,11,1,136,0
5,-5,24,1,136,0
-4,-3,65,1,136,0
7,-1,118,1,136,0
-7,-2,95,1,136,0
-1,-4,98,1,136,0
-7,1,119,1,136,0
3,0,125,1,136,0
1,-3,133,1,136,0
-6,0,134,1,136,0
-8,3,7,1,137,0
8,-5,9,1,137,0
-7,2,14,1,137,0
-4,-4,22,1,137,0
7,-2,94,1,137,0
4,-3,78,1,137,0
5,-6,87,1,137,0
2,-7,108,1,137,0
-1,-5,112,1,137,0
2,0,122,1,137,0
1,-4,129,1,137,0
-3,-1,133,1,137,0
0,-1,136,1,137,0
8,-6,7,1,137,0
-4,-5,19,1,137,0
-6,-1,41,1,137,0
-3,-2,72,1,137,0
5,-7,83,1,137,0
2,1,97,1,137,0
4,-4,102,1,137,0
1,0,115,1,137,0
-4,0,119,1,137,0
3,-1,129,1,137,0
8,-7,6,1,137,0
-4,-6,9,1,137,0
6,-1,97,1,137,0
-4,1,98,1,137,0
1,1,99,1,137,0
3,-2,116,1,137,0
-3,0,123,1,137,0
3,3,128,1,137,0
0,-3,135,1,137,0
2,2,136,1,137,0
-3,-3,136,1,137,0
7,-5,25,1,137,0
-3,-4,29,1,137,0
-4,2,91,1,137,0
6,-2,96,1,137,0
5,6,103,1,137,0
4,5,112,1,137,0
3,-3,115,1,137,0
3,4,126,1,137,0
1,-7,129,1,137,0
2,3,133,1,137,0
0,-4,136,1,137,0
-3,-5,24,1,137,0
-3,2,55,1,137,0
6,-3,58,1,137,0
8,0,125,1,137,0
2,4,77,1,137,0
4,-7,79,1,137,0
-2,-2,84,1,137,0
-4,3,84,1,137,0
1,3,85,1,137,0
5,7,102,1,137,0
4,6,111,1,137,0
3,-4,111,1,137,0
3,5,119,1,137,0
2,-1,136,1,137,0
7,-6,136,1,137,0
-5,5,9,1,137,0
2,5,17,1,137,0
-5,-2,43,1,137,0
7,0,123,1,137,0
3,6,53,1,137,0
6,-4,57,1,137,0
-3,3,63,1,137,0
-4,4,76,1,137,0
1,4,78,1,137,0
4,7,96,1,137,0
-8,-1,102,1,137,0
7,-7,112,1,137,0
2,-2,124,1,137,0
8,1,128,1,137,0
-2,-3,129,1,137,0
1,5,11,1,137,0
-4,5,15,1,137,0
6,0,49,1,137,0
2,6,44,1,137,0
6,-5,44,1,137,0
-5,-3,46,1,137,0
-2,3,49,1,137,0
8,-1,67,1,137,0
-3,4,69,1,137,0
-8,-2,94,1,137,0
-2,-4,124,1,137,0
7,1,135,1,137,0
0,-7,136,1,137,0
5,0,39,1,137,0
-5,-4,12,1,137,0
2,7,18,1,137,0
1,6,36,1,137,0
5,-3,67,1,137,0
8,-2,86,1,137,0
3,-7,94,1,137,0
6,-6,96,1,137,0
-2,-5,117,1,137,0
2,-4,119,1,137,0
1,-1,131,1,137,0
6,1,137,1,137,0
-4,-1,136,1,137,0
4,-1,9,1,137,0
0,6,4,1,137,0
4,0,11,1,137,0
-5,-5,15,1,137,0
5,1,34,1,137,0
1,7,26,1,137,0
-1,-3,44,1,137,0
5,-4,64,1,137,0
6,-7,74,1,137,0
-7,-1,103,1,137,0
1,-2,126,1,137,0
-7,0,128,1,137,0
-4,-2,135,1,137,0
1,8,11,1,137,0
-8,2,11,1,137,0
5,-5,24,1,137,0
-4,-3,65,1,137,0
7,-1,118,1,137,0
-7,-2,95,1,137,0
-1,-4,98,1,137,0
-7,1,119,1,137,0
3,0,125,1,137,0
1,-3,133,1,137,0
-6,0,135,1,137,0
-8,3,7,1,138,0
8,-5,9,1,138,0
-7,2,14,1,138,0
-4,-4,22,1,138,0
7,-2,94,1,138,0
4,-3,78,1,138,0
5,-6,87,1,138,0
2,-7,108,1,138,0
-1,-5,112,1,138,0
2,0,122,1,138,0
1,-4,129,1,138,0
-3,-1,133,1,138,0
0,-1,136,1,138,0
8,-6,7,1,138,0
-4,-5,19,1,138,0
-6,-1,41,1,138,0
-3,-2,72,1,138,0
5,-7,83,1,138,0
2,1,97,1,138,0
4,-4,102,1,138,0
1,0,115,1,138,0
-4,0,119,1,138,0
3,-1,129,1,138,0
8,-7,6,1,138,0
-4,-6,9,1,138,0
6,-1,97,1,138,0
-4,1,98,1,138,0
1,1,99,1,138,0
3,-2,116,1,138,0
-3,0,123,1,138,0
3,3,128,1,138,0
0,-3,135,1,138,0
2,2,136,1,138,0
-3,-3,136,1,138,0
7,-5,25,1,138,0
-3,-4,29,1,138,0
-4,2,91,1,138,0
6,-2,96,1,138,0
5,6,103,1,138,0
4,5,112,1,138,0
3,-3,115,1,138,0
3,4,126,1,138,0
1,-7,129,1,138,0
2,3,133,1,138,0
0,-4,137,1,138,0
-3,-5,24,1,138,0
-3,2,55,1,138,0
6,-3,58,1,138,0
8,0,125,1,138,0
2,4,77,1,138,0
4,-7,79,1,138,0
-2,-2,84,1,138,0
-4,3,84,1,138,0
1,3,85,1,138,0
5,7,102,1,138,0
4,6,111,1,138,0
3,-4,111,1,138,0
3,5,119,1,138,0
2,-1,137,1,138,0
7,-6,137,1,138,0
-5,5,9,1,138,0
2,5,17,1,138,0
-5,-2,43,1,138,0
7,0,123,1,138,0
3,6,53,1,138,0
6,-4,57,1,138,0
-3,3,63,1,138,0
-4,4,76,1,138,0
1,4,78,1,138,0
4,7,96,1,138,0
-8,-1,102,1,138,0
7,-7,112,1,138,0
2,-2,124,1,138,0
8,1,128,1,138,0
-2,-3,129,1,138,0
1,5,11,1,138,0
-4,5,15,1,138,0
6,0,49,1,138,0
2,6,44,1,138,0
6,-5,44,1,138,0
-5,-3,46,1,138,0
-2,3,49,1,138,0
8,-1,67,1,138,0
-3,4,69,1,138,0
-8,-2,94,1,138,0
-2,-4,124,1,138,0
7,1,135,1,138,0
0,-7,136,1,138,0
5,0,39,1,138,0
-5,-4,12,1,138,0
2,7,18,1,138,0
1,6,36,1,138,0
5,-3,67,1,138,0
8,-2,86,1,138,0
3,-7,94,1,138,0
6,-6,96,1,138,0
-2,-5,117,1,138,0
2,-4,119,1,138,0
1,-1,131,1,138,0
6,1,138,1,138,0
-4,-1,137,1,138,0
0,-8,137,1,138,0
4,-1,9,1,138,0
0,6,4,1,138,0
4,0,11,1,138,0
-5,-5,15,1,138,0
5,1,34,1,138,0
1,7,26,1,138,0
-1,-3,44,1,138,0
5,-4,64,1,138,0
6,-7,74,1,138,0
-7,-1,103,1,138,0
1,-2,126,1,138,0
-7,0,128,1,138,0
-4,-2,135,1,138,0
1,8,11,1,138,0
-8,2,11,1,138,0
5,-5,24,1,138,0
-4,-3,65,1,138,0
7,-1,118,1,138,0
-7,-2,95,1,138,0
-1,-4,98,1,138,0
-7,1,119,1,138,0
3,0,125,1,138,0
1,-3,133,1,138,0
-6,0,137,1,138,0
-8,3,7,1,139,0
8,-5,9,1,139,0
-7,2,14,1,139,0
-4,-4,22,1,139,0
7,-2,94,1,139,0
4,-3,78,1,139,0
5,-6,87,1,139,0
2,-7,108,1,139,0
-1,-5,112,1,139,0
2,0,122,1,139,0
1,-4,129,1,139,0
-3,-1,133,1,139,0
0,-1,136,1,139,0
8,-6,7,1,139,0
-4,-5,19,1,139,0
-6,-1,41,1,139,0
-3,-2,72,1,139,0
5,-7,83,1,139,0
2,1,97,1,139,0
4,-4,102,1,139,0
1,0,115,1,139,0
-4,0,119,1,139,0
3,-1,129,1,139,0
0,-2,138,1,139,0
8,-7,6,1,139,0
-4,-6,9,1,139,0
6,-1,97,1,139,0
-4,1,98,1,139,0
1,1,99,1,139,0
3,-2,116,1,139,0
-3,0,123,1,139,0
3,3,128,1,139,0
0,-3,135,1,139,0
-3,-3,137,1,139,0
2,2,137,1,139,0
7,-5,25,1,139,0
-3,-4,29,1,139,0
-4,2,91,1,139,0
6,-2,96,1,139,0
5,6,103,1,139,0
4,5,112,1,139,0
3,-3,115,1,139,0
3,4,126,1,139,0
1,-7,129,1,139,0
2,3,133,1,139,0
0,-4,138,1,139,0
-3,-5,24,1,139,0
-3,2,55,1,139,0
6,-3,58,1,139,0
8,0,125,1,139,0
2,4,77,1,139,0
4,-7,79,1,139,0
-2,-2,84,1,139,0
-4,3,84,1,139,0
1,3,85,1,139,0
5,7,102,1,139,0
4,6,111,1,139,0
3,-4,111,1,139,0
3,5,119,1,139,0
2,-1,138,1,139,0
7,-6,138,1,139,0
-5,5,9,1,139,0
2,5,17,1,139,0
-5,-2,43,1,139,0
7,0,123,1,139,0
3,6,53,1,139,0
6,-4,57,1,139,0
-3,3,63,1,139,0
-4,4,76,1,139,0
1,4,78,1,139,0
4,7,96,1,139,0
-8,-1,102,1,139,0
7,-7,112,1,139,0
2,-2,124,1,139,0
8,1,128,1,139,0
-2,-3,129,1,139,0
1,5,11,1,139,0
-4,5,15,1,139,0
6,0,49,1,139,0
2,6,44,1,139,0
6,-5,44,1,139,0
-5,-3,46,1,139,0
-2,3,49,1,139,0
8,-1,67,1,139,0
-3,4,69,1,139,0
-8,-2,94,1,139,0
-2,-4,124,1,139,0
7,1,135,1,139,0
0,-7,136,1,139,0
5,0,39,1,139,0
-5,-4,12,1,139,0
2,7,18,1,139,0
1,6,36,1,139,0
5,-3,67,1,139,0
8,-2,86,1,139,0
3,-7,94,1,139,0
6,-6,96,1,139,0
-2,-5,117,1,139,0
2,-4,119,1,139,0
1,-1,131,1,139,0
6,1,139,1,139,0
-4,-1,138,1,139,0
0,-8,138,1,139,0
4,-1,9,1,139,0
0,6,4,1,139,0
4,0,11,1,139,0
-5,-5,15,1,139,0
5,1,34,1,139,0
1,7,26,1,139,0
-1,-3,44,1,139,0
5,-4,64,1,139,0
6,-7,74,1,139,0
-7,-1,103,1,139,0
1,-2,126,1,139,0
-7,0,128,1,139,0
-4,-2,135,1,139,0
1,8,11,1,139,0
-8,2,11,1,139,0
5,-5,24,1,139,0
-4,-3,65,1,139,0
7,-1,118,1,139,0
-7,-2,95,1,139,0
-1,-4,98,1,139,0
-7,1,119,1,139,0
3,0,125,1,139,0
1,-3,133,1,139,0
-6,0,138,1,139,0
-8,3,7,1,140,0
8,-5,9,1,140,0
-7,2,14,1,140,0
-4,-4,22,1,140,0
7,-2,94,1,140,0
4,-3,78,1,140,0
5,-6,87,1,140,0
2,-7,108,1,140,0
-1,-5,112,1,140,0
2,0,122,1,140,0
1,-4,129,1,140,0
-3,-1,133,1,140,0
0,-1,136,1,140,0
8,-6,7,1,140,0
-4,-5,19,1,140,0
-3,-2,72,1,140,0
5,-7,83,1,140,0
2,1,97,1,140,0
4,-4,102,1,140,0
1,0,115,1,140,0
-4,0,119,1,140,0
3,-1,129,1,140,0
-6,-1,139,1,140,0
0,-2,139,1,140,0
8,-7,6,1,140,0
-4,-6,9,1,140,0
6,-1,97,1,140,0
-4,1,98,1,140,0
1,1,99,1,140,0
3,-2,116,1,140,0
-3,0,123,1,140,0
3,3,128,1,140,0
0,-3,135,1,140,0
2,2,138,1,140,0
-3,-3,139,1,140,0
7,-5,25,1,140,0
-3,-4,29,1,140,0
-4,2,91,1,140,0
6,-2,96,1,140,0
5,6,103,1,140,0
4,5,112,1,140,0
3,-3,115,1,140,0
3,4,126,1,140,0
1,-7,129,1,140,0
2,3,133,1,140,0
0,-4,139,1,140,0
-3,-5,24,1,140,0
-3,2,55,1,140,0
6,-3,58,1,140,0
8,0,125,1,140,0
2,4,77,1,140,0
4,-7,79,1,140,0
-2,-2,84,1,140,0
-4,3,84,1,140,0
1,3,85,1,140,0
5,7,102,1,140,0
4,6,111,1,140,0
3,-4,111,1,140,0
3,5,119,1,140,0
2,-1,138,1,140,0
7,-6,139,1,140,0
-5,5,9,1,140,0
2,5,17,1,140,0
-5,-2,43,1,140,0
7,0,123,1,140,0
3,6,53,1,140,0
6,-4,57,1,140,0
-3,3,63,1,140,0
-4,4,76,1,140,0
1,4,78,1,140,0
4,7,96,1,140,0
-8,-1,102,1,140,0
7,-7,112,1,140,0
2,-2,124,1,140,0
8,1,128,1,140,0
-2,-3,129,1,140,0
1,5,11,1,140,0
-4,5,15,1,140,0
6,0,49,1,140,0
2,6,44,1,140,0
6,-5,44,1,140,0
-5,-3,46,1,140,0
-2,3,49,1,140,0
8,-1,67,1,140,0
-3,4,69,1,140,0
-8,-2,94,1,140,0
-2,-4,124,1,140,0
7,1,135,1,140,0
0,-7,136,1,140,0
5,0,39,1,140,0
-5,-4,12,1,140,0
2,7,18,1,140,0
1,6,36,1,140,0
5,-3,67,1,140,0
8,-2,86,1,140,0
3,-7,94,1,140,0
6,-6,96,1,140,0
-2,-5,117,1,140,0
2,-4,119,1,140,0
6,1,139,1,140,0
1,-1,139,1,140,0
-4,-1,139,1,140,0
0,-8,139,1,140,0
4,-1,9,1,140,0
0,6,4,1,140,0
4,0,11,1,140,0
-5,-5,15,1,140,0
5,1,34,1,140,0
1,7,26,1,140,0
-1,-3,44,1,140,0
5,-4,64,1,140,0
6,-7,74,1,140,0
-7,-1,103,1,140,0
1,-2,126,1,140,0
-7,0,128,1,140,0
-4,-2,135,1,140,0
1,8,11,1,140,0
-8,2,11,1,140,0
5,-5,24,1,140,0
-4,-3,65,1,140,0
7,-1,118,1,140,0
-7,-2,95,1,140,0
-1,-4,98,1,140,0
-7,1,119,1,140,0
3,0,125,1,140,0
1,-3,133,1,140,0
-6,0,138,1,140,0
-8,3,7,1,141,0
8,-5,9,1,141,0
-7,2,14,1,141,0
-4,-4,22,1,141,0
7,-2,94,1,141,0
4,-3,78,1,141,0
5,-6,87,1,141,0
2,-7,108,1,141,0
-1,-5,112,1,141,0
2,0,122,1,141,0
1,-4,129,1,141,0
-3,-1,133,1,141,0
0,-1,136,1,141,0
8,-6,7,1,141,0
-4,-5,19,1,141,0
-3,-2,72,1,141,0
5,-7,83,1,141,0
2,1,97,1,141,0
4,-4,102,1,141,0
1,0,115,1,141,0
-4,0,119,1,141,0
3,-1,129,1,141,0
-6,-1,139,1,141,0
0,-2,139,1,141,0
8,-7,6,1,141,0
-4,-6,9,1,141,0
6,-1,97,1,141,0
-4,1,98,1,141,0
1,1,99,1,141,0
3,-2,116,1,141,0
-3,0,123,1,141,0
3,3,128,1,141,0
0,-3,135,1,141,0
-3,-3,139,1,141,0
2,2,139,1,141,0
7,-5,25,1,141,0
-3,-4,29,1,141,0
-4,2,91,1,141,0
6,-2,96,1,141,0
5,6,103,1,141,0
4,5,112,1,141,0
3,-3,115,1,141,0
3,4,126,1,141,0
1,-7,129,1,141,0
2,3,133,1,141,0
0,-4,139,1,141,0
-3,-5,24,1,141,0
-3,2,55,1,141,0
6,-3,58,1,141,0
8,0,125,1,141,0
2,4,77,1,141,0
4,-7,79,1,141,0
-2,-2,84,1,141,0
-4,3,84,1,141,0
1,3,85,1,141,0
5,7,102,1,141,0
4,6,111,1,141,0
3,-4,111,1,141,0
3,5,119,1,141,0
2,-1,138,1,141,0
7,-6,139,1,141,0
-5,5,9,1,141,0
2,5,17,1,141,0
-5,-2,43,1,141,0
7,0,123,1,141,0
3,6,53,1,141,0
6,-4,57,1,141,0
-3,3,63,1,141,0
-4,4,76,1,141,0
1,4,78,1,141,0
4,7,96,1,141,0
-8,-1,102,1,141,0
7,-7,112,1,141,0
2,-2,124,1,141,0
8,1,128,1,141,0
-2,-3,129,1,141,0
1,5,11,1,141,0
-4,5,15,1,141,0
6,0,49,1,141,0
2,6,44,1,141,0
6,-5,44,1,141,0
-5,-3,46,1,141,0
-2,3,49,1,141,0
8,-1,67,1,141,0
-3,4,69,1,141,0
-8,-2,94,1,141,0
-2,-4,124,1,141,0
7,1,135,1,141,0
0,-7,136,1,141,0
5,0,39,1,141,0
-5,-4,12,1,141,0
2,7,18,1,141,0
1,6,36,1,141,0
5,-3,67,1,141,0
8,-2,86,1,141,0
3,-7,94,1,141,0
6,-6,96,1,141,0
-2,-5,117,1,141,0
2,-4,119,1,141,0
6,1,141,1,141,0
1,-1,139,1,141,0
-4,-1,139,1,141,0
0,-8,139,1,141,0
4,-1,9,1,141,0
0,6,4,1,141,0
4,0,11,1,141,0
-5,-5,15,1,141,0
5,1,34,1,141,0
1,7,26,1,141,0
-1,-3,44,1,141,0
5,-4,64,1,141,0
6,-7,74,1,141,0
-7,-1,103,1,141,0
1,-2,126,1,141,0
-7,0,128,1,141,0
-4,-2,135,1,141,0
1,8,11,1,141,0
-8,2,11,1,141,0
5,-5,24,1,141,0
-4,-3,65,1,141,0
7,-1,118,1,141,0
-7,-2,95,1,141,0
-1,-4,98,1,141,0
-7,1,119,1,141,0
3,0,125,1,141,0
1,-3,133,1,141,0
-6,0,138,1,141,0
-8,3,7,1,142,0
8,-5,9,1,142,0
-7,2,14,1,142,0
-4,-4,22,1,142,0
7,-2,94,1,142,0
4,-3,78,1,142,0
5,-6,87,1,142,0
2,-7,108,1,142,0
-1,-5,112,1,142,0
2,0,122,1,142,0
1,-4,129,1,142,0
-3,-1,133,1,142,0
0,-1,136,1,142,0
8,-6,7,1,142,0
-4,-5,19,1,142,0
-3,-2,72,1,142,0
5,-7,83,1,142,0
2,1,97,1,142,0
4,-4,102,1,142,0
1,0,115,1,142,0
-4,0,119,1,142,0
3,-1,129,1,142,0
-6,-1,139,1,142,0
0,-2,139,1,142,0
8,-7,6,1,142,0
-4,-6,9,1,142,0
6,-1,97,1,142,0
-4,1,98,1,142,0
1,1,99,1,142,0
3,-2,116,1,142,0
-3,0,123,1,142,0
3,3,128,1,142,0
0,-3,135,1,142,0
2,2,139,1,142,0
-3,-3,141,1,142,0
7,-5,25,1,142,0
-3,-4,29,1,142,0
-4,2,91,1,142,0
6,-2,96,1,142,0
5,6,103,1,142,0
4,5,112,1,142,0
3,-3,115,1,142,0
3,4,126,1,142,0
1,-7,129,1,142,0
2,3,133,1,142,0
0,-4,141,1,142,0
-3,-5,24,1,142,0
-3,2,55,1,142,0
6,-3,58,1,142,0
8,0,125,1,142,0
2,4,77,1,142,0
4,-7,79,1,142,0
-2,-2,84,1,142,0
-4,3,84,1,142,0
1,3,85,1,142,0
5,7,102,1,142,0
4,6,111,1,142,0
3,-4,111,1,142,0
3,5,119,1,142,0
2,-1,138,1,142,0
7,-6,139,1,142,0
-5,5,9,1,142,0
2,5,17,1,142,0
-5,-2,43,1,142,0
7,0,123,1,142,0
3,6,53,1,142,0
6,-4,57,1,142,0
-3,3,63,1,142,0
-4,4,76,1,142,0
1,4,78,1,142,0
4,7,96,1,142,0
-8,-1,102,1,142,0
7,-7,112,1,142,0
2,-2,124,1,142,0
8,1,128,1,142,0
-2,-3,129,1,142,0
1,5,11,1,142,0
-4,5,15,1,142,0
6,0,49,1,142,0
2,6,44,1,142,0
6,-5,44,1,142,0
-5,-3,46,1,142,0
-2,3,49,1,142,0
8,-1,67,1,142,0
-3,4,69,1,142,0
-8,-2,94,1,142,0
-2,-4,124,1,142,0
7,1,135,1,142,0
0,-7,136,1,142,0
5,0,39,1,142,0
-5,-4,12,1,142,0
2,7,18,1,142,0
1,6,36,1,142,0
5,-3,67,1,142,0
8,-2,86,1,142,0
3,-7,94,1,142,0
-2,-5,117,1,142,0
2,-4,119,1,142,0
6,1,142,1,142,0
-4,-1,139,1,142,0
1,-1,141,1,142,0
0,-8,141,1,142,0
6,-6,141,1,142,0
-1,-2,141,1,142,0
4,-1,9,1,142,0
0,6,4,1,142,0
4,0,11,1,142,0
-5,-5,15,1,142,0
5,1,34,1,142,0
1,7,26,1,142,0
-1,-3,44,1,142,0
5,-4,64,1,142,0
6,-7,74,1,142,0
-7,-1,103,1,142,0
1,-2,126,1,142,0
-7,0,128,1,142,0
-4,-2,135,1,142,0
1,8,11,1,142,0
-8,2,11,1,142,0
5,-5,24,1,142,0
-4,-3,65,1,142,0
7,-1,118,1,142,0
-7,-2,95,1,142,0
-1,-4,98,1,142,0
-7,1,119,1,142,0
3,0,125,1,142,0
1,-3,133,1,142,0
-6,0,138,1,142,0
-8,3,7,1,143,0
8,-5,9,1,143,0
-7,2,14,1,143,0
-4,-4,22,1,143,0
7,-2,94,1,143,0
4,-3,78,1,143,0
5,-6,87,1,143,0
2,-7,108,1,143,0
-1,-5,112,1,143,0
2,0,122,1,143,0
1,-4,129,1,143,0
-3,-1,133,1,143,0
0,-1,136,1,143,0
8,-6,7,1,143,0
-4,-5,19,1,143,0
-3,-2,72,1,143,0
5,-7,83,1,143,0
4,-4,102,1,143,0
-4,0,119,1,143,0
3,-1,129,1,143,0
0,-2,139,1,143,0
-6,-1,141,1,143,0
2,1,141,1,143,0
1,0,142,1,143,0
8,-7,6,1,143,0
-4,-6,9,1,143,0
6,-1,97,1,143,0
-4,1,98,1,143,0
1,1,99,1,143,0
3,-2,116,1,143,0
-3,0,123,1,143,0
3,3,128,1,143,0
0,-3,135,1,143,0
2,2,139,1,143,0
-3,-3,142,1,143,0
7,-5,25,1,143,0
-3,-4,29,1,143,0
-4,2,91,1,143,0
6,-2,96,1,143,0
5,6,103,1,143,0
4,5,112,1,143,0
3,-3,115,1,143,0
3,4,126,1,143,0
1,-7,129,1,143,0
2,3,133,1,143,0
0,-4,142,1,143,0
-3,-5,24,1,143,0
-3,2,55,1,143,0
6,-3,58,1,143,0
8,0,125,1,143,0
2,4,77,1,143,0
4,-7,79,1,143,0
-2,-2,84,1,143,0
-4,3,84,1,143,0
1,3,85,1,143,0
5,7,102,1,143,0
4,6,111,1,143,0
3,-4,111,1,143,0
3,5,119,1,143,0
2,-1,138,1,143,0
7,-6,139,1,143,0
-5,5,9,1,143,0
2,5,17,1,143,0
-5,-2,43,1,143,0
7,0,123,1,143,0
3,6,53,1,143,0
6,-4,57,1,143,0
-3,3,63,1,143,0
-4,4,76,1,143,0
1,4,78,1,143,0
4,7,96,1,143,0
-8,-1,102,1,143,0
7,-7,112,1,143,0
2,-2,124,1,143,0
8,1,128,1,143,0
-2,-3,129,1,143,0
1,5,11,1,143,0
-4,5,15,1,143,0
6,0,49,1,143,0
2,6,44,1,143,0
6,-5,44,1,143,0
-5,-3,46,1,143,0
-2,3,49,1,143,0
8,-1,67,1,143,0
-3,4,69,1,143,0
-8,-2,94,1,143,0
-2,-4,124,1,143,0
7,1,135,1,143,0
0,-7,136,1,143,0
5,0,39,1,143,0
-5,-4,12,1,143,0
2,7,18,1,143,0
1,6,36,1,143,0
5,-3,67,1,143,0
8,-2,86,1,143,0
3,-7,94,1,143,0
-2,-5,117,1,143,0
2,-4,119,1,143,0
6,1,143,1,143,0
1,-1,141,1,143,0
-4,-1,141,1,143,0
0,-8,142,1,143,0
6,-6,142,1,143,0
-1,-2,142,1,143,0
4,-1,9,1,143,0
0,6,4,1,143,0
4,0,11,1,143,0
-5,-5,15,1,143,0
5,1,34,1,143,0
1,7,26,1,143,0
-1,-3,44,1,143,0
5,-4,64,1,143,0
6,-7,74,1,143,0
-7,-1,103,1,143,0
1,-2,126,1,143,0
-7,0,128,1,143,0
-4,-2,135,1,143,0
1,8,11,1,143,0
-8,2,11,1,143,0
5,-5,24,1,143,0
-4,-3,65,1,143,0
7,-1,118,1,143,0
-7,-2,95,1,143,0
-1,-4,98,1,143,0
-7,1,119,1,143,0
3,0,125,1,143,0
1,-3,133,1,143,0
-6,0,138,1,143,0
-8,3,7,1,144,0
8,-5,9,1,144,0
-7,2,14,1,144,0
-4,-4,22,1,144,0
7,-2,94,1,144,0
4,-3,78,1,144,0
5,-6,87,1,144,0
2,-7,108,1,144,0
-1,-5,112,1,144,0
2,0,122,1,144,0
1,-4,129,1,144,0
-3,-1,133,1,144,0
0,-1,136,1,144,0
8,-6,7,1,144,0
-4,-5,19,1,144,0
-3,-2,72,1,144,0
5,-7,83,1,144,0
4,-4,102,1,144,0
-4,0,119,1,144,0
3,-1,129,1,144,0
0,-2,139,1,144,0
-6,-1,142,1,144,0
2,1,142,1,144,0
1,0,143,1,144,0
8,-7,6,1,144,0
-4,-6,9,1,144,0
6,-1,97,1,144,0
-4,1,98,1,144,0
1,1,99,1,144,0
3,-2,116,1,144,0
-3,0,123,1,144,0
3,3,128,1,144,0
0,-3,135,1,144,0
2,2,139,1,144,0
-3,-3,143,1,144,0
7,-5,25,1,144,0
-3,-4,29,1,144,0
-4,2,91,1,144,0
6,-2,96,1,144,0
5,6,103,1,144,0
4,5,112,1,144,0
3,-3,115,1,144,0
3,4,126,1,144,0
1,-7,129,1,144,0
2,3,133,1,144,0
0,-4,142,1,144,0
-3,-5,24,1,144,0
-3,2,55,1,144,0
6,-3,58,1,144,0
8,0,125,1,144,0
2,4,77,1,144,0
4,-7,79,1,144,0
-2,-2,84,1,144,0
-4,3,84,1,144,0
1,3,85,1,144,0
5,7,102,1,144,0
4,6,111,1,144,0
3,-4,111,1,144,0
3,5,119,1,144,0
2,-1,138,1,144,0
7,-6,139,1,144,0
0,-5,143,1,144,0
-5,5,9,1,144,0
2,5,17,1,144,0
-5,-2,43,1,144,0
7,0,123,1,144,0
3,6,53,1,144,0
6,-4,57,1,144,0
-3,3,63,1,144,0
-4,4,76,1,144,0
1,4,78,1,144,0
4,7,96,1,144,0
-8,-1,102,1,144,0
7,-7,112,1,144,0
2,-2,124,1,144,0
8,1,128,1,144,0
-2,-3,129,1,144,0
1,5,11,1,144,0
-4,5,15,1,144,0
6,0,49,1,144,0
2,6,44,1,144,0
6,-5,44,1,144,0
-5,-3,46,1,144,0
-2,3,49,1,144,0
8,-1,67,1,144,0
-3,4,69,1,144,0
-8,-2,94,1,144,0
-2,-4,124,1,144,0
7,1,135,1,144,0
0,-7,136,1,144,0
5,0,39,1,144,0
-5,-4,12,1,144,0
2,7,18,1,144,0
1,6,36,1,144,0
5,-3,67,1,144,0
8,-2,86,1,144,0
3,-7,94,1,144,0
-2,-5,117,1,144,0
2,-4,119,1,144,0
6,1,143,1,144,0
1,-1,141,1,144,0
-4,-1,142,1,144,0
0,-8,143,1,144,0
6,-6,143,1,144,0
-1,-2,143,1,144,0
4,-1,9,1,144,0
0,6,4,1,144,0
4,0,11,1,144,0
-5,-5,15,1,144,0
5,1,144,1,144,0
1,7,26,1,144,0
-1,-3,44,1,144,0
5,-4,64,1,144,0
6,-7,74,1,144,0
-7,-1,103,1,144,0
1,-2,126,1,144,0
-7,0,128,1,144,0
-4,-2,135,1,144,0
1,8,11,1,144,0
-8,2,11,1,144,0
5,-5,24,1,144,0
-4,-3,65,1,144,0
7,-1,118,1,144,0
-7,-2,95,1,144,0
-1,-4,98,1,144,0
-7,1,119,1,144,0
3,0,125,1,144,0
1,-3,133,1,144,0
-6,0,138,1,144,0
-8,3,7,1,145,0
8,-5,9,1,145,0
-7,2,14,1,145,0
-4,-4,22,1,145,0
7,-2,94,1,145,0
4,-3,78,1,145,0
5,-6,87,1,145,0
2,-7,108,1,145,0
-1,-5,112,1,145,0
2,0,122,1,145,0
1,-4,129,1,145,0
-3,-1,133,1,145,0
0,-1,136,1,145,0
8,-6,7,1,145,0
-4,-5,19,1,145,0
-3,-2,72,1,145,0
5,-7,83,1,145,0
4,-4,102,1,145,0
-4,0,119,1,145,0
3,-1,129,1,145,0
0,-2,139,1,145,0
1,0,143,1,145,0
-6,-1,143,1,145,0
2,1,143,1,145,0
8,-7,6,1,145,0
-4,-6,9,1,145,0
6,-1,97,1,145,0
-4,1,98,1,145,0
1,1,99,1,145,0
3,-2,116,1,145,0
-3,0,123,1,145,0
3,3,128,1,145,0
0,-3,135,1,145,0
2,2,139,1,145,0
-3,-3,144,1,145,0
7,-5,25,1,145,0
-3,-4,29,1,145,0
-4,2,91,1,145,0
6,-2,96,1,145,0
5,6,103,1,145,0
4,5,112,1,145,0
3,-3,115,1,145,0
3,4,126,1,145,0
1,-7,129,1,145,0
2,3,133,1,145,0
0,-4,142,1,145,0
-3,-5,24,1,145,0
-3,2,55,1,145,0
6,-3,58,1,145,0
8,0,125,1,145,0
2,4,77,1,145,0
4,-7,79,1,145,0
-2,-2,84,1,145,0
-4,3,84,1,145,0
1,3,85,1,145,0
5,7,102,1,145,0
4,6,111,1,145,0
3,-4,111,1,145,0
3,5,119,1,145,0
2,-1,138,1,145,0
7,-6,139,1,145,0
0,-5,144,1,145,0
-5,5,9,1,145,0
2,5,17,1,145,0
-5,-2,43,1,145,0
7,0,123,1,145,0
3,6,53,1,145,0
6,-4,57,1,145,0
-3,3,63,1,145,0
-4,4,76,1,145,0
1,4,78,1,145,0
4,7,96,1,145,0
-8,-1,102,1,145,0
7,-7,112,1,145,0
2,-2,124,1,145,0
8,1,128,1,145,0
-2,-3,129,1,145,0
1,5,11,1,145,0
-4,5,15,1,145,0
6,0,49,1,145,0
2,6,44,1,145,0
6,-5,44,1,145,0
-5,-3,46,1,145,0
-2,3,49,1,145,0
8,-1,67,1,145,0
-3,4,69,1,145,0
-8,-2,94,1,145,0
-2,-4,124,1,145,0
7,1,135,1,145,0
0,-7,136,1,145,0
5,0,39,1,145,0
-5,-4,12,1,145,0
2,7,18,1,145,0
1,6,36,1,145,0
5,-3,67,1,145,0
8,-2,86,1,145,0
3,-7,94,1,145,0
-2,-5,117,1,145,0
2,-4,119,1,145,0
6,1,143,1,145,0
1,-1,141,1,145,0
-4,-1,143,1,145,0
0,-8,144,1,145,0
6,-6,144,1,145,0
-1,-2,144,1,145,0
4,-1,9,1,145,0
0,6,4,1,145,0
4,0,11,1,145,0
-5,-5,15,1,145,0
5,1,144,1,145,0
1,7,26,1,145,0
-1,-3,44,1,145,0
5,-4,64,1,145,0
6,-7,74,1,145,0
-7,-1,103,1,145,0
1,-2,126,1,145,0
-7,0,128,1,145,0
-4,-2,135,1,145,0
1,8,11,1,145,0
-8,2,11,1,145,0
5,-5,24,1,145,0
-4,-3,65,1,145,0
7,-1,118,1,145,0
-7,-2,95,1,145,0
-1,-4,98,1,145,0
-7,1,119,1,145,0
3,0,125,1,145,0
1,-3,133,1,145,0
-6,0,138,1,145,0
5,2,145,1,145,0
-8,3,7,1,146,0
8,-5,9,1,146,0
-7,2,14,1,146,0
-4,-4,22,1,146,0
7,-2,94,1,146,0
4,-3,78,1,146,0
5,-6,87,1,146,0
2,-7,108,1,146,0
-1,-5,112,1,146,0
2,0,122,1,146,0
1,-4,129,1,146,0
-3,-1,133,1,146,0
0,-1,136,1,146,0
-5,0,144,1,146,0
8,-6,7,1,146,0
-4,-5,19,1,146,0
-3,-2,72,1,146,0
5,-7,83,1,146,0
4,-4,102,1,146,0
-4,0,119,1,146,0
3,-1,129,1,146,0
0,-2,139,1,146,0
1,0,144,1,146,0
2,1,144,1,146,0
-6,-1,144,1,146,0
8,-7,6,1,146,0
-4,-6,9,1,146,0
6,-1,97,1,146,0
-4,1,98,1,146,0
1,1,99,1,146,0
3,-2,116,1,146,0
-3,0,123,1,146,0
3,3,128,1,146,0
0,-3,135,1,146,0
2,2,139,1,146,0
-3,-3,145,1,146,0
7,-5,25,1,146,0
-3,-4,29,1,146,0
-4,2,91,1,146,0
6,-2,96,1,146,0
5,6,103,1,146,0
4,5,112,1,146,0
3,-3,115,1,146,0
3,4,126,1,146,0
1,-7,129,1,146,0
2,3,133,1,146,0
0,-4,142,1,146,0
-3,-5,24,1,146,0
-3,2,55,1,146,0
6,-3,58,1,146,0
8,0,125,1,146,0
2,4,77,1,146,0
4,-7,79,1,146,0
-2,-2,84,1,146,0
-4,3,84,1,146,0
1,3,85,1,146,0
5,7,102,1,146,0
4,6,111,1,146,0
3,-4,111,1,146,0
3,5,119,1,146,0
2,-1,138,1,146,0
7,-6,139,1,146,0
0,-5,145,1,146,0
-5,5,9,1,146,0
2,5,17,1,146,0
-5,-2,43,1,146,0
7,0,123,1,146,0
3,6,53,1,146,0
6,-4,57,1,146,0
-3,3,63,1,146,0
-4,4,76,1,146,0
1,4,78,1,146,0
4,7,96,1,146,0
-8,-1,102,1,146,0
7,-7,112,1,146,0
2,-2,124,1,146,0
8,1,128,1,146,0
-2,-3,129,1,146,0
1,5,11,1,146,0
-4,5,15,1,146,0
6,0,49,1,146,0
2,6,44,1,146,0
6,-5,44,1,146,0
-5,-3,46,1,146,0
-2,3,49,1,146,0
8,-1,67,1,146,0
-3,4,69,1,146,0
-8,-2,94,1,146,0
-2,-4,124,1,146,0
7,1,135,1,146,0
0,-7,136,1,146,0
5,0,39,1,146,0
-5,-4,12,1,146,0
2,7,18,1,146,0
1,6,36,1,146,0
5,-3,67,1,146,0
8,-2,86,1,146,0
3,-7,94,1,146,0
-2,-5,117,1,146,0
2,-4,119,1,146,0
6,1,143,1,146,0
1,-1,141,1,146,0
-4,-1,143,1,146,0
0,-8,145,1,146,0
6,-6,145,1,146,0
-1,-2,145,1,146,0
4,-1,9,1,146,0
0,6,4,1,146,0
4,0,11,1,146,0
-5,-5,15,1,146,0
5,1,144,1,146,0
1,7,26,1,146,0
-1,-3,44,1,146,0
5,-4,64,1,146,0
6,-7,74,1,146,0
-7,-1,103,1,146,0
1,-2,126,1,146,0
-7,0,128,1,146,0
-4,-2,135,1,146,0
1,8,11,1,146,0
-8,2,11,1,146,0
5,-5,24,1,146,0
-4,-3,65,1,146,0
7,-1,118,1,146,0
-7,-2,95,1,146,0
-1,-4,98,1,146,0
-7,1,119,1,146,0
3,0,125,1,146,0
1,-3,133,1,146,0
-6,0,138,1,146,0
5,2,146,1,146,0
-8,3,7,1,147,0
8,-5,9,1,147,0
-7,2,14,1,147,0
-4,-4,22,1,147,0
7,-2,94,1,147,0
4,-3,78,1,147,0
5,-6,87,1,147,0
2,-7,108,1,147,0
-1,-5,112,1,147,0
2,0,122,1,147,0
1,-4,129,1,147,0
-3,-1,133,1,147,0
0,-1,136,1,147,0
-5,0,145,1,147,0
8,-6,7,1,147,0
-4,-5,19,1,147,0
-3,-2,72,1,147,0
5,-7,83,1,147,0
4,-4,102,1,147,0
-4,0,119,1,147,0
3,-1,129,1,147,0
0,-2,139,1,147,0
-6,-1,144,1,147,0
1,0,145,1,147,0
2,1,145,1,147,0
8,-7,6,1,147,0
-4,-6,9,1,147,0
6,-1,97,1,147,0
-4,1,98,1,147,0
1,1,99,1,147,0
3,-2,116,1,147,0
-3,0,123,1,147,0
3,3,128,1,147,0
0,-3,135,1,147,0
2,2,139,1,147,0
-6,-2,145,1,147,0
-3,-3,146,1,147,0
7,-5,25,1,147,0
-3,-4,29,1,147,0
-4,2,91,1,147,0
6,-2,96,1,147,0
5,6,103,1,147,0
4,5,112,1,147,0
3,-3,115,1,147,0
3,4,126,1,147,0
1,-7,129,1,147,0
2,3,133,1,147,0
0,-4,142,1,147,0
-3,-5,24,1,147,0
-3,2,55,1,147,0
6,-3,58,1,147,0
8,0,125,1,147,0
2,4,77,1,147,0
4,-7,79,1,147,0
-2,-2,84,1,147,0
-4,3,84,1,147,0
1,3,85,1,147,0
5,7,102,1,147,0
4,6,111,1,147,0
3,-4,111,1,147,0
3,5,119,1,147,0
2,-1,138,1,147,0
7,-6,139,1,147,0
0,-5,146,1,147,0
-5,5,9,1,147,0
2,5,17,1,147,0
-5,-2,43,1,147,0
7,0,123,1,147,0
3,6,53,1,147,0
6,-4,57,1,147,0
-3,3,63,1,147,0
-4,4,76,1,147,0
1,4,78,1,147,0
4,7,96,1,147,0
-8,-1,102,1,147,0
7,-7,112,1,147,0
2,-2,124,1,147,0
8,1,128,1,147,0
-2,-3,129,1,147,0
1,5,11,1,147,0
-4,5,15,1,147,0
6,0,49,1,147,0
2,6,44,1,147,0
6,-5,44,1,147,0
-5,-3,46,1,147,0
-2,3,49,1,147,0
8,-1,67,1,147,0
-3,4,69,1,147,0
-8,-2,94,1,147,0
-2,-4,124,1,147,0
7,1,135,1,147,0
0,-7,136,1,147,0
5,0,39,1,147,0
-5,-4,12,1,147,0
2,7,18,1,147,0
1,6,36,1,147,0
5,-3,67,1,147,0
8,-2,86,1,147,0
3,-7,94,1,147,0
-2,-5,117,1,147,0
2,-4,119,1,147,0
6,1,143,1,147,0
1,-1,141,1,147,0
-4,-1,143,1,147,0
0,-8,146,1,147,0
6,-6,146,1,147,0
-1,-2,146,1,147,0
4,-1,9,1,147,0
0,6,4,1,147,0
4,0,11,1,147,0
-5,-5,15,1,147,0
5,1,144,1,147,0
1,7,26,1,147,0
-1,-3,44,1,147,0
5,-4,64,1,147,0
6,-7,74,1,147,0
-7,-1,103,1,147,0
1,-2,126,1,147,0
-7,0,128,1,147,0
-4,-2,135,1,147,0
1,8,11,1,147,0
-8,2,11,1,147,0
5,-5,24,1,147,0
-4,-3,65,1,147,0
7,-1,118,1,147,0
-7,-2,95,1,147,0
-1,-4,98,1,147,0
-7,1,119,1,147,0
3,0,125,1,147,0
1,-3,133,1,147,0
-6,0,138,1,147,0
5,2,147,1,147,0
-8,3,7,1,148,0
8,-5,9,1,148,0
-7,2,14,1,148,0
-4,-4,22,1,148,0
7,-2,94,1,148,0
4,-3,78,1,148,0
2,-7,108,1,148,0
-1,-5,112,1,148,0
2,0,122,1,148,0
1,-4,129,1,148,0
-3,-1,133,1,148,0
0,-1,136,1,148,0
-5,0,146,1,148,0
5,-6,147,1,148,0
8,-6,7,1,148,0
-4,-5,19,1,148,0
-3,-2,72,1,148,0
5,-7,83,1,148,0
4,-4,102,1,148,0
-4,0,119,1,148,0
3,-1,129,1,148,0
0,-2,139,1,148,0
-6,-1,144,1,148,0
1,0,146,1,148,0
2,1,146,1,148,0
8,-7,6,1,148,0
-4,-6,9,1,148,0
6,-1,97,1,148,0
-4,1,98,1,148,0
1,1,99,1,148,0
3,-2,116,1,148,0
-3,0,123,1,148,0
3,3,128,1,148,0
0,-3,135,1,148,0
2,2,139,1,148,0
-3,-3,146,1,148,0
-6,-2,146,1,148,0
7,-5,25,1,148,0
-3,-4,29,1,148,0
-4,2,91,1,148,0
6,-2,96,1,148,0
5,6,103,1,148,0
4,5,112,1,148,0
3,-3,115,1,148,0
3,4,126,1,148,0
1,-7,129,1,148,0
2,3,133,1,148,0
0,-4,142,1,148,0
-3,-5,24,1,148,0
-3,2,55,1,148,0
6,-3,58,1,148,0
8,0,125,1,148,0
2,4,77,1,148,0
4,-7,79,1,148,0
-4,3,84,1,148,0
1,3,85,1,148,0
5,7,102,1,148,0
4,6,111,1,148,0
3,-4,111,1,148,0
3,5,119,1,148,0
2,-1,138,1,148,0
7,-6,139,1,148,0
0,-5,147,1,148,0
-2,-2,147,1,148,0
-5,5,9,1,148,0
2,5,17,1,148,0
-5,-2,43,1,148,0
7,0,123,1,148,0
3,6,53,1,148,0
6,-4,57,1,148,0
-3,3,63,1,148,0
-4,4,76,1,148,0
1,4,78,1,148,0
4,7,96,1,148,0
-8,-1,102,1,148,0
7,-7,112,1,148,0
2,-2,124,1,148,0
8,1,128,1,148,0
-2,-3,129,1,148,0
1,5,11,1,148,0
-4,5,15,1,148,0
6,0,49,1,148,0
2,6,44,1,148,0
6,-5,44,1,148,0
-5,-3,46,1,148,0
-2,3,49,1,148,0
8,-1,67,1,148,0
-3,4,69,1,148,0
-8,-2,94,1,148,0
-2,-4,124,1,148,0
7,1,135,1,148,0
0,-7,136,1,148,0
5,0,39,1,148,0
-5,-4,12,1,148,0
2,7,18,1,148,0
1,6,36,1,148,0
5,-3,67,1,148,0
8,-2,86,1,148,0
3,-7,94,1,148,0
-2,-5,117,1,148,0
2,-4,119,1,148,0
6,1,143,1,148,0
1,-1,141,1,148,0
-4,-1,143,1,148,0
6,-6,146,1,148,0
-1,-2,146,1,148,0
0,-8,147,1,148,0
4,-1,9,1,148,0
0,6,4,1,148,0
4,0,11,1,148,0
-5,-5,15,1,148,0
5,1,148,1,148,0
1,7,26,1,148,0
-1,-3,44,1,148,0
5,-4,64,1,148,0
6,-7,74,1,148,0
-7,-1,103,1,148,0
1,-2,126,1,148,0
-7,0,128,1,148,0
-4,-2,135,1,148,0
1,8,11,1,148,0
-8,2,11,1,148,0
5,-5,24,1,148,0
-4,-3,65,1,148,0
7,-1,118,1,148,0
-7,-2,95,1,148,0
-1,-4,98,1,148,0
-7,1,119,1,148,0
3,0,125,1,148,0
1,-3,133,1,148,0
-6,0,138,1,148,0
5,2,147,1,148,0
-8,3,7,1,149,0
8,-5,9,1,149,0
-7,2,14,1,149,0
-4,-4,22,1,149,0
7,-2,94,1,149,0
4,-3,78,1,149,0
2,-7,108,1,149,0
-1,-5,112,1,149,0
1,-4,129,1,149,0
-3,-1,133,1,149,0
0,-1,136,1,149,0
-5,0,147,1,149,0
2,0,147,1,149,0
5,-6,148,1,149,0
8,-6,7,1,149,0
-4,-5,19,1,149,0
-3,-2,72,1,149,0
5,-7,83,1,149,0
4,-4,102,1,149,0
-4,0,119,1,149,0
3,-1,129,1,149,0
0,-2,139,1,149,0
-6,-1,144,1,149,0
2,1,146,1,149,0
1,0,147,1,149,0
8,-7,6,1,149,0
-4,-6,9,1,149,0
6,-1,97,1,149,0
-4,1,98,1,149,0
1,1,99,1,149,0
3,-2,116,1,149,0
-3,0,123,1,149,0
3,3,128,1,149,0
0,-3,135,1,149,0
2,2,139,1,149,0
-6,-2,147,1,149,0
-3,-3,147,1,149,0
7,-5,25,1,149,0
-3,-4,29,1,149,0
-4,2,91,1,149,0
6,-2,96,1,149,0
5,6,103,1,149,0
4,5,112,1,149,0
3,-3,115,1,149,0
3,4,126,1,149,0
1,-7,129,1,149,0
2,3,133,1,149,0
0,-4,142,1,149,0
-3,-5,24,1,149,0
-3,2,55,1,149,0
6,-3,58,1,149,0
8,0,125,1,149,0
2,4,77,1,149,0
4,-7,79,1,149,0
-4,3,84,1,149,0
1,3,85,1,149,0
5,7,102,1,149,0
4,6,111,1,149,0
3,-4,111,1,149,0
3,5,119,1,149,0
2,-1,138,1,149,0
7,-6,139,1,149,0
0,-5,148,1,149,0
-2,-2,148,1,149,0
-5,5,9,1,149,0
2,5,17,1,149,0
-5,-2,43,1,149,0
7,0,123,1,149,0
3,6,53,1,149,0
6,-4,57,1,149,0
-3,3,63,1,149,0
-4,4,76,1,149,0
1,4,78,1,149,0
4,7,96,1,149,0
-8,-1,102,1,149,0
7,-7,112,1,149,0
2,-2,124,1,149,0
8,1,128,1,149,0
-2,-3,129,1,149,0
1,5,11,1,149,0
-4,5,15,1,149,0
6,0,49,1,149,0
2,6,44,1,149,0
6,-5,44,1,149,0
-5,-3,46,1,149,0
-2,3,49,1,149,0
8,-1,67,1,149,0
-3,4,69,1,149,0
-8,-2,94,1,149,0
-2,-4,124,1,149,0
7,1,135,1,149,0
0,-7,136,1,149,0
5,0,39,1,149,0
-5,-4,12,1,149,0
2,7,18,1,149,0
1,6,36,1,149,0
5,-3,67,1,149,0
8,-2,86,1,149,0
3,-7,94,1,149,0
-2,-5,117,1,149,0
2,-4,119,1,149,0
6,1,143,1,149,0
1,-1,141,1,149,0
-4,-1,143,1,149,0
6,-6,146,1,149,0
-1,-2,146,1,149,0
0,-8,148,1,149,0
4,-1,9,1,149,0
0,6,4,1,149,0
4,0,11,1,149,0
-5,-5,15,1,149,0
5,1,149,1,149,0
1,7,26,1,149,0
-1,-3,44,1,149,0
5,-4,64,1,149,0
6,-7,74,1,149,0
-7,-1,103,1,149,0
1,-2,126,1,149,0
-7,0,128,1,149,0
-4,-2,135,1,149,0
1,8,11,1,149,0
-8,2,11,1,149,0
5,-5,24,1,149,0
-4,-3,65,1,149,0
7,-1,118,1,149,0
-7,-2,95,1,149,0
-1,-4,98,1,149,0
-7,1,119,1,149,0
3,0,125,1,149,0
1,-3,133,1,149,0
-6,0,138,1,149,0
5,2,147,1,149,0
-8,3,7,1,150,0
8,-5,9,1,150,0
-7,2,14,1,150,0
-4,-4,22,1,150,0
7,-2,94,1,150,0
4,-3,78,1,150,0
2,-7,108,1,150,0
-1,-5,112,1,150,0
1,-4,129,1,150,0
-3,-1,133,1,150,0
0,-1,136,1,150,0
2,0,149,1,150,0
-5,0,148,1,150,0
5,-6,149,1,150,0
8,-6,7,1,150,0
-4,-5,19,1,150,0
-3,-2,72,1,150,0
5,-7,83,1,150,0
4,-4,102,1,150,0
-4,0,119,1,150,0
3,-1,129,1,150,0
0,-2,139,1,150,0
-6,-1,144,1,150,0
2,1,146,1,150,0
1,0,148,1,150,0
8,-7,6,1,150,0
-4,-6,9,1,150,0
6,-1,97,1,150,0
-4,1,98,1,150,0
1,1,99,1,150,0
3,-2,116,1,150,0
-3,0,123,1,150,0
3,3,128,1,150,0
0,-3,135,1,150,0
2,2,139,1,150,0
-6,-2,147,1,150,0
-3,-3,148,1,150,0
7,-5,25,1,150,0
-3,-4,29,1,150,0
-4,2,91,1,150,0
6,-2,96,1,150,0
5,6,103,1,150,0
4,5,112,1,150,0
3,-3,115,1,150,0
3,4,126,1,150,0
1,-7,129,1,150,0
2,3,133,1,150,0
0,-4,142,1,150,0
-3,-5,24,1,150,0
-3,2,55,1,150,0
6,-3,58,1,150,0
8,0,125,1,150,0
2,4,77,1,150,0
4,-7,79,1,150,0
-4,3,84,1,150,0
1,3,85,1,150,0
5,7,102,1,150,0
4,6,111,1,150,0
3,-4,111,1,150,0
3,5,119,1,150,0
2,-1,138,1,150,0
7,-6,139,1,150,0
-2,-2,148,1,150,0
0,-5,149,1,150,0
-5,5,9,1,150,0
2,5,17,1,150,0
7,0,123,1,150,0
3,6,53,1,150,0
6,-4,57,1,150,0
-3,3,63,1,150,0
-4,4,76,1,150,0
1,4,78,1,150,0
4,7,96,1,150,0
-8,-1,102,1,150,0
7,-7,112,1,150,0
2,-2,124,1,150,0
8,1,128,1,150,0
-2,-3,129,1,150,0
-5,-2,148,1,150,0
1,5,11,1,150,0
-4,5,15,1,150,0
6,0,49,1,150,0
2,6,44,1,150,0
6,-5,44,1,150,0
-5,-3,46,1,150,0
-2,3,49,1,150,0
8,-1,67,1,150,0
-3,4,69,1,150,0
-8,-2,94,1,150,0
-2,-4,124,1,150,0
7,1,135,1,150,0
0,-7,136,1,150,0
5,0,39,1,150,0
-5,-4,12,1,150,0
2,7,18,1,150,0
1,6,36,1,150,0
5,-3,67,1,150,0
8,-2,86,1,150,0
3,-7,94,1,150,0
-2,-5,117,1,150,0
2,-4,119,1,150,0
6,1,143,1,150,0
1,-1,141,1,150,0
-4,-1,143,1,150,0
6,-6,146,1,150,0
-1,-2,146,1,150,0
0,-8,149,1,150,0
4,-1,9,1,150,0
0,6,4,1,150,0
4,0,11,1,150,0
-5,-5,15,1,150,0
5,1,149,1,150,0
1,7,26,1,150,0
-1,-3,44,1,150,0
5,-4,64,1,150,0
6,-7,74,1,150,0
-7,-1,103,1,150,0
1,-2,126,1,150,0
-7,0,128,1,150,0
-4,-2,135,1,150,0
1,8,11,1,150,0
-8,2,11,1,150,0
5,-5,24,1,150,0
-4,-3,65,1,150,0
7,-1,118,1,150,0
-7,-2,95,1,150,0
-1,-4,98,1,150,0
-7,1,119,1,150,0
3,0,125,1,150,0
1,-3,133,1,150,0
-6,0,138,1,150,0
5,2,147,1,150,0
-8,3,7,1,151,0
8,-5,9,1,151,0
-7,2,14,1,151,0
-4,-4,22,1,151,0
7,-2,94,1,151,0
4,-3,78,1,151,0
2,-7,108,1,151,0
-1,-5,112,1,151,0
1,-4,129,1,151,0
-3,-1,133,1,151,0
0,-1,136,1,151,0
2,0,149,1,151,0
5,-6,149,1,151,0
-5,0,149,1,151,0
8,-6,7,1,151,0
-4,-5,19,1,151,0
-3,-2,72,1,151,0
5,-7,83,1,151,0
4,-4,102,1,151,0
-4,0,119,1,151,0
3,-1,129,1,151,0
0,-2,139,1,151,0
-6,-1,144,1,151,0
2,1,146,1,151,0
1,0,149,1,151,0
8,-7,6,1,151,0
-4,-6,9,1,151,0
6,-1,97,1,151,0
-4,1,98,1,151,0
1,1,99,1,151,0
3,-2,116,1,151,0
-3,0,123,1,151,0
3,3,128,1,151,0
0,-3,135,1,151,0
2,2,139,1,151,0
-6,-2,147,1,151,0
-3,-3,149,1,151,0
7,-5,25,1,151,0
-3,-4,29,1,151,0
-4,2,91,1,151,0
6,-2,96,1,151,0
5,6,103,1,151,0
4,5,112,1,151,0
3,-3,115,1,151,0
3,4,126,1,151,0
1,-7,129,1,151,0
2,3,133,1,151,0
0,-4,142,1,151,0
-3,-5,24,1,151,0
-3,2,55,1,151,0
6,-3,58,1,151,0
8,0,125,1,151,0
2,4,77,1,151,0
4,-7,79,1,151,0
-4,3,84,1,151,0
1,3,85,1,151,0
5,7,102,1,151,0
4,6,111,1,151,0
3,-4,111,1,151,0
3,5,119,1,151,0
2,-1,138,1,151,0
7,-6,139,1,151,0
0,-5,149,1,151,0
-2,-2,149,1,151,0
-5,5,9,1,151,0
2,5,17,1,151,0
7,0,123,1,151,0
3,6,53,1,151,0
6,-4,57,1,151,0
-3,3,63,1,151,0
-4,4,76,1,151,0
1,4,78,1,151,0
4,7,96,1,151,0
-8,-1,102,1,151,0
7,-7,112,1,151,0
2,-2,124,1,151,0
8,1,128,1,151,0
-2,-3,129,1,151,0
-5,-2,149,1,151,0
1,5,11,1,151,0
-4,5,15,1,151,0
6,0,49,1,151,0
2,6,44,1,151,0
6,-5,44,1,151,0
-5,-3,46,1,151,0
-2,3,49,1,151,0
8,-1,67,1,151,0
-3,4,69,1,151,0
-8,-2,94,1,151,0
-2,-4,124,1,151,0
7,1,135,1,151,0
0,-7,136,1,151,0
5,0,39,1,151,0
-5,-4,12,1,151,0
2,7,18,1,151,0
1,6,36,1,151,0
5,-3,67,1,151,0
8,-2,86,1,151,0
3,-7,94,1,151,0
-2,-5,117,1,151,0
2,-4,119,1,151,0
6,1,143,1,151,0
1,-1,141,1,151,0
-4,-1,143,1,151,0
6,-6,146,1,151,0
-1,-2,146,1,151,0
0,-8,149,1,151,0
4,-1,9,1,151,0
0,6,4,1,151,0
4,0,11,1,151,0
-5,-5,15,1,151,0
5,1,149,1,151,0
1,7,26,1,151,0
-1,-3,44,1,151,0
5,-4,64,1,151,0
6,-7,74,1,151,0
-7,-1,103,1,151,0
1,-2,126,1,151,0
-7,0,128,1,151,0
-4,-2,135,1,151,0
1,8,11,1,151,0
-8,2,11,1,151,0
5,-5,24,1,151,0
-4,-3,65,1,151,0
7,-1,118,1,151,0
-7,-2,95,1,151,0
-1,-4,98,1,151,0
-7,1,119,1,151,0
3,0,125,1,151,0
1,-3,133,1,151,0
-6,0,138,1,151,0
5,2,147,1,151,0
4,1,151,1,151,0
-8,3,7,1,152,0
8,-5,9,1,152,0
-7,2,14,1,152,0
-4,-4,22,1,152,0
7,-2,94,1,152,0
4,-3,78,1,152,0
2,-7,108,1,152,0
-1,-5,112,1,152,0
1,-4,129,1,152,0
-3,-1,133,1,152,0
0,-1,136,1,152,0
2,0,149,1,152,0
5,-6,149,1,152,0
-5,0,149,1,152,0
4,2,152,1,152,0
8,-6,7,1,152,0
-4,-5,19,1,152,0
-3,-2,72,1,152,0
5,-7,83,1,152,0
4,-4,102,1,152,0
-4,0,119,1,152,0
3,-1,129,1,152,0
0,-2,139,1,152,0
-6,-1,144,1,152,0
2,1,146,1,152,0
1,0,149,1,152,0
8,-7,6,1,152,0
-4,-6,9,1,152,0
6,-1,97,1,152,0
-4,1,98,1,152,0
1,1,99,1,152,0
3,-2,116,1,152,0
-3,0,123,1,152,0
3,3,128,1,152,0
0,-3,135,1,152,0
2,2,139,1,152,0
-6,-2,147,1,152,0
-3,-3,149,1,152,0
7,-5,25,1,152,0
-3,-4,29,1,152,0
-4,2,91,1,152,0
6,-2,96,1,152,0
5,6,103,1,152,0
4,5,112,1,152,0
3,-3,115,1,152,0
3,4,126,1,152,0
1,-7,129,1,152,0
2,3,133,1,152,0
0,-4,142,1,152,0
-3,-5,24,1,152,0
-3,2,55,1,152,0
6,-3,58,1,152,0
8,0,125,1,152,0
2,4,77,1,152,0
4,-7,79,1,152,0
-4,3,84,1,152,0
1,3,85,1,152,0
5,7,102,1,152,0
4,6,111,1,152,0
3,-4,111,1,152,0
3,5,119,1,152,0
2,-1,138,1,152,0
7,-6,139,1,152,0
0,-5,149,1,152,0
-2,-2,149,1,152,0
1,-8,151,1,152,0
-5,5,9,1,152,0
2,5,17,1,152,0
7,0,123,1,152,0
3,6,53,1,152,0
6,-4,57,1,152,0
-3,3,63,1,152,0
-4,4,76,1,152,0
1,4,78,1,152,0
4,7,96,1,152,0
-8,-1,102,1,152,0
7,-7,112,1,152,0
2,-2,124,1,152,0
8,1,128,1,152,0
-2,-3,129,1,152,0
-5,-2,149,1,152,0
0,-6,151,1,152,0
1,5,11,1,152,0
-4,5,15,1,152,0
6,0,49,1,152,0
2,6,44,1,152,0
6,-5,44,1,152,0
-5,-3,46,1,152,0
-2,3,49,1,152,0
8,-1,67,1,152,0
-3,4,69,1,152,0
-8,-2,94,1,152,0
-2,-4,124,1,152,0
7,1,135,1,152,0
0,-7,136,1,152,0
5,0,39,1,152,0
-5,-4,12,1,152,0
2,7,18,1,152,0
1,6,36,1,152,0
5,-3,67,1,152,0
8,-2,86,1,152,0
3,-7,94,1,152,0
-2,-5,117,1,152,0
2,-4,119,1,152,0
6,1,143,1,152,0
1,-1,141,1,152,0
-4,-1,143,1,152,0
6,-6,146,1,152,0
-1,-2,146,1,152,0
0,-8,149,1,152,0
4,-1,9,1,152,0
0,6,4,1,152,0
4,0,11,1,152,0
-5,-5,15,1,152,0
5,1,149,1,152,0
1,7,26,1,152,0
-1,-3,44,1,152,0
5,-4,64,1,152,0
6,-7,74,1,152,0
-7,-1,103,1,152,0
1,-2,126,1,152,0
-7,0,128,1,152,0
-4,-2,135,1,152,0
1,8,11,1,152,0
-8,2,11,1,152,0
-4,-3,65,1,152,0
7,-1,118,1,152,0
-7,-2,95,1,152,0
-1,-4,98,1,152,0
-7,1,119,1,152,0
3,0,125,1,152,0
1,-3,133,1,152,0
-6,0,138,1,152,0
5,2,147,1,152,0
4,1,151,1,152,0
5,-5,151,1,152,0
-8,3,7,1,153,0
8,-5,9,1,153,0
-7,2,14,1,153,0
-4,-4,22,1,153,0
7,-2,94,1,153,0
4,-3,78,1,153,0
2,-7,108,1,153,0
-1,-5,112,1,153,0
1,-4,129,1,153,0
-3,-1,133,1,153,0
0,-1,136,1,153,0
5,-6,149,1,153,0
4,2,153,1,153,0
2,0,151,1,153,0
-5,0,151,1,153,0
8,-6,7,1,153,0
-4,-5,19,1,153,0
-3,-2,72,1,153,0
5,-7,83,1,153,0
4,-4,102,1,153,0
-4,0,119,1,153,0
3,-1,129,1,153,0
0,-2,139,1,153,0
-6,-1,144,1,153,0
2,1,146,1,153,0
1,0,149,1,153,0
8,-7,6,1,153,0
-4,-6,9,1,153,0
6,-1,97,1,153,0
-4,1,98,1,153,0
3,-2,116,1,153,0
-3,0,123,1,153,0
3,3,128,1,153,0
0,-3,135,1,153,0
2,2,139,1,153,0
-6,-2,147,1,153,0
-3,-3,149,1,153,0
1,1,151,1,153,0
7,-5,25,1,153,0
-3,-4,29,1,153,0
-4,2,91,1,153,0
6,-2,96,1,153,0
5,6,103,1,153,0
4,5,112,1,153,0
3,-3,115,1,153,0
3,4,126,1,153,0
1,-7,129,1,153,0
2,3,133,1,153,0
0,-4,142,1,153,0
-3,-5,24,1,153,0
-3,2,55,1,153,0
6,-3,58,1,153,0
8,0,125,1,153,0
2,4,77,1,153,0
4,-7,79,1,153,0
-4,3,84,1,153,0
1,3,85,1,153,0
5,7,102,1,153,0
4,6,111,1,153,0
3,-4,111,1,153,0
3,5,119,1,153,0
2,-1,138,1,153,0
7,-6,139,1,153,0
0,-5,149,1,153,0
-2,-2,149,1,153,0
1,-8,152,1,153,0
-5,5,9,1,153,0
2,5,17,1,153,0
7,0,123,1,153,0
3,6,53,1,153,0
6,-4,57,1,153,0
-3,3,63,1,153,0
-4,4,76,1,153,0
1,4,78,1,153,0
4,7,96,1,153,0
-8,-1,102,1,153,0
7,-7,112,1,153,0
2,-2,124,1,153,0
8,1,128,1,153,0
0,-6,152,1,153,0
-2,-3,151,1,153,0
-5,-2,151,1,153,0
1,5,11,1,153,0
-4,5,15,1,153,0
6,0,49,1,153,0
2,6,44,1,153,0
6,-5,44,1,153,0
-5,-3,46,1,153,0
-2,3,49,1,153,0
8,-1,67,1,153,0
-3,4,69,1,153,0
-8,-2,94,1,153,0
-2,-4,124,1,153,0
7,1,135,1,153,0
0,-7,136,1,153,0
5,0,39,1,153,0
-5,-4,12,1,153,0
2,7,18,1,153,0
1,6,36,1,153,0
5,-3,67,1,153,0
8,-2,86,1,153,0
3,-7,94,1,153,0
-2,-5,117,1,153,0
2,-4,119,1,153,0
6,1,143,1,153,0
1,-1,141,1,153,0
-4,-1,143,1,153,0
6,-6,146,1,153,0
-1,-2,146,1,153,0
0,-8,149,1,153,0
4,-1,9,1,153,0
0,6,4,1,153,0
4,0,11,1,153,0
-5,-5,15,1,153,0
5,1,149,1,153,0
1,7,26,1,153,0
-1,-3,44,1,153,0
5,-4,64,1,153,0
6,-7,74,1,153,0
-7,-1,103,1,153,0
1,-2,126,1,153,0
-7,0,128,1,153,0
-4,-2,135,1,153,0
1,8,11,1,153,0
-8,2,11,1,153,0
-4,-3,65,1,153,0
7,-1,118,1,153,0
-7,-2,95,1,153,0
-1,-4,98,1,153,0
-7,1,119,1,153,0
3,0,125,1,153,0
1,-3,133,1,153,0
-6,0,138,1,153,0
5,2,147,1,153,0
4,1,151,1,153,0
5,-5,152,1,153,0
-8,3,7,1,154,0
8,-5,9,1,154,0
-7,2,14,1,154,0
-4,-4,22,1,154,0
7,-2,94,1,154,0
4,-3,78,1,154,0
2,-7,108,1,154,0
-1,-5,112,1,154,0
1,-4,129,1,154,0
-3,-1,133,1,154,0
0,-1,136,1,154,0
5,-6,149,1,154,0
4,2,154,1,154,0
2,0,152,1,154,0
-5,0,152,1,154,0
8,-6,7,1,154,0
-4,-5,19,1,154,0
5,-7,83,1,154,0
4,-4,102,1,154,0
-4,0,119,1,154,0
3,-1,129,1,154,0
0,-2,139,1,154,0
-6,-1,144,1,154,0
2,1,146,1,154,0
1,0,149,1,154,0
-3,-2,152,1,154,0
8,-7,6,1,154,0
-4,-6,9,1,154,0
6,-1,97,1,154,0
-4,1,98,1,154,0
3,-2,116,1,154,0
-3,0,123,1,154,0
3,3,128,1,154,0
0,-3,135,1,154,0
2,2,139,1,154,0
-6,-2,147,1,154,0
1,1,152,1,154,0
-3,-3,151,1,154,0
7,-5,25,1,154,0
-3,-4,29,1,154,0
-4,2,91,1,154,0
6,-2,96,1,154,0
5,6,103,1,154,0
4,5,112,1,154,0
3,-3,115,1,154,0
3,4,126,1,154,0
1,-7,129,1,154,0
2,3,133,1,154,0
0,-4,142,1,154,0
-3,-5,24,1,154,0
-3,2,55,1,154,0
6,-3,58,1,154,0
8,0,125,1,154,0
2,4,77,1,154,0
4,-7,79,1,154,0
-4,3,84,1,154,0
1,3,85,1,154,0
5,7,102,1,154,0
4,6,111,1,154,0
3,-4,111,1,154,0
3,5,119,1,154,0
2,-1,138,1,154,0
7,-6,139,1,154,0
0,-5,149,1,154,0
-2,-2,149,1,154,0
1,-8,153,1,154,0
-5,5,9,1,154,0
2,5,17,1,154,0
7,0,123,1,154,0
3,6,53,1,154,0
6,-4,57,1,154,0
-3,3,63,1,154,0
-4,4,76,1,154,0
1,4,78,1,154,0
4,7,96,1,154,0
-8,-1,102,1,154,0
7,-7,112,1,154,0
2,-2,124,1,154,0
8,1,128,1,154,0
0,-6,153,1,154,0
-2,-3,152,1,154,0
-5,-2,152,1,154,0
1,5,11,1,154,0
-4,5,15,1,154,0
6,0,49,1,154,0
2,6,44,1,154,0
6,-5,44,1,154,0
-5,-3,46,1,154,0
-2,3,49,1,154,0
8,-1,67,1,154,0
-3,4,69,1,154,0
-8,-2,94,1,154,0
-2,-4,124,1,154,0
7,1,135,1,154,0
0,-7,136,1,154,0
5,0,39,1,154,0
-5,-4,12,1,154,0
2,7,18,1,154,0
1,6,36,1,154,0
5,-3,67,1,154,0
8,-2,86,1,154,0
3,-7,94,1,154,0
-2,-5,117,1,154,0
2,-4,119,1,154,0
6,1,143,1,154,0
1,-1,141,1,154,0
-4,-1,143,1,154,0
6,-6,146,1,154,0
-1,-2,146,1,154,0
0,-8,149,1,154,0
4,-1,9,1,154,0
0,6,4,1,154,0
4,0,11,1,154,0
-5,-5,15,1,154,0
5,1,149,1,154,0
1,7,26,1,154,0
-1,-3,44,1,154,0
5,-4,64,1,154,0
6,-7,74,1,154,0
-7,-1,103,1,154,0
1,-2,126,1,154,0
-7,0,128,1,154,0
-4,-2,135,1,154,0
1,8,11,1,154,0
-8,2,11,1,154,0
-4,-3,65,1,154,0
7,-1,118,1,154,0
-7,-2,95,1,154,0
-1,-4,98,1,154,0
-7,1,119,1,154,0
3,0,125,1,154,0
1,-3,133,1,154,0
-6,0,138,1,154,0
5,2,147,1,154,0
4,1,151,1,154,0
5,-5,153,1,154,0
-8,3,7,1,155,0
8,-5,9,1,155,0
-7,2,14,1,155,0
-4,-4,22,1,155,0
7,-2,94,1,155,0
4,-3,78,1,155,0
2,-7,108,1,155,0
-1,-5,112,1,155,0
1,-4,129,1,155,0
-3,-1,133,1,155,0
0,-1,136,1,155,0
5,-6,149,1,155,0
4,2,154,1,155,0
-5,0,153,1,155,0
2,0,153,1,155,0
8,-6,7,1,155,0
-4,-5,19,1,155,0
5,-7,83,1,155,0
4,-4,102,1,155,0
-4,0,119,1,155,0
3,-1,129,1,155,0
0,-2,139,1,155,0
-6,-1,144,1,155,0
2,1,146,1,155,0
1,0,149,1,155,0
-3,-2,153,1,155,0
8,-7,6,1,155,0
-4,-6,9,1,155,0
6,-1,97,1,155,0
-4,1,98,1,155,0
3,-2,116,1,155,0
-3,0,123,1,155,0
3,3,128,1,155,0
0,-3,135,1,155,0
2,2,139,1,155,0
-6,-2,147,1,155,0
-3,-3,151,1,155,0
1,1,153,1,155,0
4,-5,154,1,155,0
7,-5,25,1,155,0
-3,-4,29,1,155,0
-4,2,91,1,155,0
6,-2,96,1,155,0
5,6,103,1,155,0
4,5,112,1,155,0
3,-3,115,1,155,0
3,4,126,1,155,0
2,3,133,1,155,0
0,-4,142,1,155,0
1,-7,154,1,155,0
-3,-5,24,1,155,0
-3,2,55,1,155,0
6,-3,58,1,155,0
8,0,125,1,155,0
2,4,77,1,155,0
4,-7,79,1,155,0
-4,3,84,1,155,0
1,3,85,1,155,0
5,7,102,1,155,0
4,6,111,1,155,0
3,-4,111,1,155,0
3,5,119,1,155,0
7,-6,139,1,155,0
0,-5,149,1,155,0
-2,-2,149,1,155,0
1,-8,153,1,155,0
2,-1,154,1,155,0
-5,5,9,1,155,0
2,5,17,1,155,0
7,0,123,1,155,0
3,6,53,1,155,0
6,-4,57,1,155,0
-3,3,63,1,155,0
-4,4,76,1,155,0
1,4,78,1,155,0
4,7,96,1,155,0
-8,-1,102,1,155,0
7,-7,112,1,155,0
2,-2,124,1,155,0
8,1,128,1,155,0
-2,-3,153,1,155,0
-5,-2,153,1,155,0
0,-6,154,1,155,0
1,5,11,1,155,0
-4,5,15,1,155,0
6,0,49,1,155,0
2,6,44,1,155,0
6,-5,44,1,155,0
-5,-3,46,1,155,0
-2,3,49,1,155,0
8,-1,67,1,155,0
-3,4,69,1,155,0
-8,-2,94,1,155,0
-2,-4,124,1,155,0
7,1,135,1,155,0
0,-7,136,1,155,0
5,0,39,1,155,0
-5,-4,12,1,155,0
2,7,18,1,155,0
1,6,36,1,155,0
5,-3,67,1,155,0
8,-2,86,1,155,0
3,-7,94,1,155,0
-2,-5,117,1,155,0
2,-4,119,1,155,0
6,1,143,1,155,0
1,-1,141,1,155,0
-4,-1,143,1,155,0
6,-6,146,1,155,0
-1,-2,146,1,155,0
0,-8,149,1,155,0
4,-1,9,1,155,0
0,6,4,1,155,0
4,0,11,1,155,0
-5,-5,15,1,155,0
5,1,149,1,155,0
1,7,26,1,155,0
-1,-3,44,1,155,0
5,-4,64,1,155,0
6,-7,74,1,155,0
-7,-1,103,1,155,0
1,-2,126,1,155,0
-7,0,128,1,155,0
-4,-2,135,1,155,0
1,8,11,1,155,0
-8,2,11,1,155,0
-4,-3,65,1,155,0
7,-1,118,1,155,0
-7,-2,95,1,155,0
-1,-4,98,1,155,0
-7,1,119,1,155,0
3,0,125,1,155,0
1,-3,133,1,155,0
-6,0,138,1,155,0
5,2,147,1,155,0
4,1,155,1,155,0
5,-5,153,1,155,0
-8,3,7,1,156,0
8,-5,9,1,156,0
-7,2,14,1,156,0
-4,-4,22,1,156,0
7,-2,94,1,156,0
4,-3,78,1,156,0
2,-7,108,1,156,0
-1,-5,112,1,156,0
1,-4,129,1,156,0
-3,-1,133,1,156,0
0,-1,136,1,156,0
5,-6,149,1,156,0
4,2,154,1,156,0
-5,0,153,1,156,0
2,0,153,1,156,0
8,-6,7,1,156,0
-4,-5,19,1,156,0
5,-7,83,1,156,0
4,-4,102,1,156,0
-4,0,119,1,156,0
3,-1,129,1,156,0
0,-2,139,1,156,0
-6,-1,144,1,156,0
2,1,146,1,156,0
1,0,149,1,156,0
-3,-2,153,1,156,0
-5,1,154,1,156,0
8,-7,6,1,156,0
-4,-6,9,1,156,0
6,-1,97,1,156,0
-4,1,98,1,156,0
3,-2,116,1,156,0
-3,0,123,1,156,0
3,3,128,1,156,0
0,-3,135,1,156,0
2,2,139,1,156,0
-6,-2,147,1,156,0
-3,-3,151,1,156,0
1,1,154,1,156,0
4,-5,155,1,156,0
7,-5,25,1,156,0
-3,-4,29,1,156,0
-4,2,91,1,156,0
6,-2,96,1,156,0
5,6,103,1,156,0
4,5,112,1,156,0
3,-3,115,1,156,0
3,4,126,1,156,0
2,3,133,1,156,0
0,-4,142,1,156,0
1,-7,155,1,156,0
-3,-5,24,1,156,0
-3,2,55,1,156,0
6,-3,58,1,156,0
8,0,125,1,156,0
2,4,77,1,156,0
4,-7,79,1,156,0
-4,3,84,1,156,0
1,3,85,1,156,0
5,7,102,1,156,0
4,6,111,1,156,0
3,-4,111,1,156,0
3,5,119,1,156,0
7,-6,139,1,156,0
0,-5,149,1,156,0
1,-8,153,1,156,0
2,-1,155,1,156,0
-2,-2,154,1,156,0
-5,5,9,1,156,0
2,5,17,1,156,0
7,0,123,1,156,0
3,6,53,1,156,0
6,-4,57,1,156,0
-3,3,63,1,156,0
-4,4,76,1,156,0
1,4,78,1,156,0
4,7,96,1,156,0
-8,-1,102,1,156,0
7,-7,112,1,156,0
2,-2,124,1,156,0
8,1,128,1,156,0
-5,-2,153,1,156,0
-2,-3,154,1,156,0
0,-6,155,1,156,0
1,5,11,1,156,0
-4,5,15,1,156,0
6,0,49,1,156,0
2,6,44,1,156,0
6,-5,44,1,156,0
-2,3,49,1,156,0
8,-1,67,1,156,0
-3,4,69,1,156,0
-8,-2,94,1,156,0
-2,-4,124,1,156,0
7,1,135,1,156,0
0,-7,136,1,156,0
-5,-3,154,1,156,0
5,0,39,1,156,0
-5,-4,12,1,156,0
2,7,18,1,156,0
1,6,36,1,156,0
5,-3,67,1,156,0
8,-2,86,1,156,0
3,-7,94,1,156,0
-2,-5,117,1,156,0
2,-4,119,1,156,0
6,1,143,1,156,0
1,-1,141,1,156,0
-4,-1,143,1,156,0
6,-6,146,1,156,0
-1,-2,146,1,156,0
0,-8,149,1,156,0
4,-1,9,1,156,0
0,6,4,1,156,0
4,0,11,1,156,0
-5,-5,15,1,156,0
5,1,149,1,156,0
1,7,26,1,156,0
-1,-3,44,1,156,0
5,-4,64,1,156,0
6,-7,74,1,156,0
-7,-1,103,1,156,0
1,-2,126,1,156,0
-7,0,128,1,156,0
-4,-2,135,1,156,0
1,8,11,1,156,0
-8,2,11,1,156,0
-4,-3,65,1,156,0
7,-1,118,1,156,0
-7,-2,95,1,156,0
-1,-4,98,1,156,0
-7,1,119,1,156,0
3,0,125,1,156,0
1,-3,133,1,156,0
-6,0,138,1,156,0
5,2,147,1,156,0
4,1,156,1,156,0
5,-5,153,1,156,0
-8,3,7,1,157,0
8,-5,9,1,157,0
-7,2,14,1,157,0
-4,-4,22,1,157,0
7,-2,94,1,157,0
4,-3,78,1,157,0
2,-7,108,1,157,0
-1,-5,112,1,157,0
1,-4,129,1,157,0
-3,-1,133,1,157,0
0,-1,136,1,157,0
5,-6,149,1,157,0
4,2,154,1,157,0
-5,0,153,1,157,0
2,0,153,1,157,0
8,-6,7,1,157,0
-4,-5,19,1,157,0
5,-7,83,1,157,0
4,-4,102,1,157,0
-4,0,119,1,157,0
3,-1,129,1,157,0
0,-2,139,1,157,0
-6,-1,144,1,157,0
2,1,146,1,157,0
1,0,149,1,157,0
-3,-2,153,1,157,0
-5,1,155,1,157,0
8,-7,6,1,157,0
-4,-6,9,1,157,0
6,-1,97,1,157,0
-4,1,98,1,157,0
3,-2,116,1,157,0
-3,0,123,1,157,0
3,3,128,1,157,0
0,-3,135,1,157,0
2,2,139,1,157,0
-6,-2,147,1,157,0
-3,-3,151,1,157,0
1,1,155,1,157,0
4,-5,156,1,157,0
7,-5,25,1,157,0
-3,-4,29,1,157,0
-4,2,91,1,157,0
6,-2,96,1,157,0
5,6,103,1,157,0
4,5,112,1,157,0
3,-3,115,1,157,0
3,4,126,1,157,0
2,3,133,1,157,0
0,-4,142,1,157,0
1,-7,156,1,157,0
-3,-5,24,1,157,0
-3,2,55,1,157,0
6,-3,58,1,157,0
8,0,125,1,157,0
2,4,77,1,157,0
4,-7,79,1,157,0
-4,3,84,1,157,0
1,3,85,1,157,0
5,7,102,1,157,0
4,6,111,1,157,0
3,-4,111,1,157,0
3,5,119,1,157,0
7,-6,139,1,157,0
0,-5,149,1,157,0
1,-8,153,1,157,0
2,-1,156,1,157,0
-2,-2,155,1,157,0
-5,5,9,1,157,0
2,5,17,1,157,0
7,0,123,1,157,0
3,6,53,1,157,0
6,-4,57,1,157,0
-3,3,63,1,157,0
-4,4,76,1,157,0
1,4,78,1,157,0
4,7,96,1,157,0
-8,-1,102,1,157,0
7,-7,112,1,157,0
2,-2,124,1,157,0
8,1,128,1,157,0
-5,-2,153,1,157,0
-2,-3,155,1,157,0
0,-6,156,1,157,0
1,5,11,1,157,0
-4,5,15,1,157,0
6,0,49,1,157,0
2,6,44,1,157,0
6,-5,44,1,157,0
-2,3,49,1,157,0
8,-1,67,1,157,0
-3,4,69,1,157,0
-8,-2,94,1,157,0
-2,-4,124,1,157,0
7,1,135,1,157,0
0,-7,136,1,157,0
-5,-3,155,1,157,0
5,0,39,1,157,0
-5,-4,12,1,157,0
2,7,18,1,157,0
1,6,36,1,157,0
5,-3,67,1,157,0
8,-2,86,1,157,0
3,-7,94,1,157,0
-2,-5,117,1,157,0
2,-4,119,1,157,0
6,1,143,1,157,0
1,-1,141,1,157,0
-4,-1,143,1,157,0
6,-6,146,1,157,0
-1,-2,146,1,157,0
0,-8,149,1,157,0
4,-1,9,1,157,0
0,6,4,1,157,0
4,0,11,1,157,0
-5,-5,15,1,157,0
5,1,149,1,157,0
1,7,26,1,157,0
-1,-3,44,1,157,0
5,-4,64,1,157,0
6,-7,74,1,157,0
-7,-1,103,1,157,0
1,-2,126,1,157,0
-7,0,128,1,157,0
-4,-2,135,1,157,0
1,8,11,1,157,0
-8,2,11,1,157,0
-4,-3,65,1,157,0
7,-1,118,1,157,0
-7,-2,95,1,157,0
-1,-4,98,1,157,0
-7,1,119,1,157,0
3,0,125,1,157,0
1,-3,133,1,157,0
-6,0,138,1,157,0
5,2,147,1,157,0
4,1,157,1,157,0
5,-5,153,1,157,0
-8,3,7,1,158,0
8,-5,9,1,158,0
-7,2,14,1,158,0
-4,-4,22,1,158,0
7,-2,94,1,158,0
4,-3,78,1,158,0
2,-7,108,1,158,0
-1,-5,112,1,158,0
1,-4,129,1,158,0
-3,-1,133,1,158,0
0,-1,136,1,158,0
5,-6,149,1,158,0
4,2,158,1,158,0
-5,0,153,1,158,0
2,0,153,1,158,0
8,-6,7,1,158,0
-4,-5,19,1,158,0
5,-7,83,1,158,0
4,-4,102,1,158,0
-4,0,119,1,158,0
3,-1,129,1,158,0
0,-2,139,1,158,0
-6,-1,144,1,158,0
2,1,146,1,158,0
1,0,149,1,158,0
-3,-2,153,1,158,0
-5,1,156,1,158,0
8,-7,6,1,158,0
-4,-6,9,1,158,0
6,-1,97,1,158,0
-4,1,98,1,158,0
3,-2,116,1,158,0
-3,0,123,1,158,0
3,3,128,1,158,0
0,-3,135,1,158,0
2,2,139,1,158,0
-6,-2,147,1,158,0
-3,-3,151,1,158,0
1,1,156,1,158,0
4,-5,157,1,158,0
7,-5,25,1,158,0
-3,-4,29,1,158,0
-4,2,91,1,158,0
6,-2,96,1,158,0
5,6,103,1,158,0
4,5,112,1,158,0
3,-3,115,1,158,0
3,4,126,1,158,0
2,3,133,1,158,0
0,-4,142,1,158,0
1,-7,156,1,158,0
-3,-5,24,1,158,0
-3,2,55,1,158,0
6,-3,58,1,158,0
8,0,125,1,158,0
2,4,77,1,158,0
4,-7,79,1,158,0
-4,3,84,1,158,0
1,3,85,1,158,0
5,7,102,1,158,0
4,6,111,1,158,0
3,-4,111,1,158,0
3,5,119,1,158,0
7,-6,139,1,158,0
0,-5,149,1,158,0
1,-8,153,1,158,0
2,-1,157,1,158,0
-2,-2,156,1,158,0
-5,5,9,1,158,0
2,5,17,1,158,0
7,0,123,1,158,0
3,6,53,1,158,0
6,-4,57,1,158,0
-3,3,63,1,158,0
-4,4,76,1,158,0
1,4,78,1,158,0
4,7,96,1,158,0
-8,-1,102,1,158,0
7,-7,112,1,158,0
2,-2,124,1,158,0
8,1,128,1,158,0
-5,-2,153,1,158,0
0,-6,156,1,158,0
-2,-3,156,1,158,0
1,5,11,1,158,0
-4,5,15,1,158,0
6,0,49,1,158,0
2,6,44,1,158,0
6,-5,44,1,158,0
-2,3,49,1,158,0
8,-1,67,1,158,0
-3,4,69,1,158,0
-8,-2,94,1,158,0
-2,-4,124,1,158,0
7,1,135,1,158,0
-5,-3,156,1,158,0
0,-7,157,1,158,0
5,0,39,1,158,0
-5,-4,12,1,158,0
2,7,18,1,158,0
1,6,36,1,158,0
5,-3,67,1,158,0
8,-2,86,1,158,0
3,-7,94,1,158,0
-2,-5,117,1,158,0
2,-4,119,1,158,0
6,1,143,1,158,0
1,-1,141,1,158,0
-4,-1,143,1,158,0
6,-6,146,1,158,0
-1,-2,146,1,158,0
0,-8,149,1,158,0
4,-1,9,1,158,0
0,6,4,1,158,0
4,0,11,1,158,0
-5,-5,15,1,158,0
5,1,149,1,158,0
1,7,26,1,158,0
-1,-3,44,1,158,0
5,-4,64,1,158,0
6,-7,74,1,158,0
-7,-1,103,1,158,0
1,-2,126,1,158,0
-7,0,128,1,158,0
-4,-2,135,1,158,0
1,8,11,1,158,0
-8,2,11,1,158,0
-4,-3,65,1,158,0
7,-1,118,1,158,0
-7,-2,95,1,158,0
-1,-4,98,1,158,0
-7,1,119,1,158,0
3,0,125,1,158,0
1,-3,133,1,158,0
-6,0,138,1,158,0
5,2,147,1,158,0
4,1,157,1,158,0
5,-5,153,1,158,0
-8,3,7,1,159,0
8,-5,9,1,159,0
-7,2,14,1,159,0
-4,-4,22,1,159,0
7,-2,94,1,159,0
4,-3,78,1,159,0
2,-7,108,1,159,0
-1,-5,112,1,159,0
1,-4,129,1,159,0
-3,-1,133,1,159,0
0,-1,136,1,159,0
5,-6,149,1,159,0
4,2,159,1,159,0
-5,0,153,1,159,0
2,0,153,1,159,0
8,-6,7,1,159,0
-4,-5,19,1,159,0
5,-7,83,1,159,0
4,-4,102,1,159,0
-4,0,119,1,159,0
3,-1,129,1,159,0
0,-2,139,1,159,0
-6,-1,144,1,159,0
2,1,146,1,159,0
1,0,149,1,159,0
-3,-2,153,1,159,0
-5,1,157,1,159,0
-1,-6,157,1,159,0
8,-7,6,1,159,0
-4,-6,9,1,159,0
6,-1,97,1,159,0
-4,1,98,1,159,0
3,-2,116,1,159,0
-3,0,123,1,159,0
3,3,128,1,159,0
0,-3,135,1,159,0
2,2,139,1,159,0
-6,-2,147,1,159,0
-3,-3,151,1,159,0
1,1,157,1,159,0
4,-5,158,1,159,0
7,-5,25,1,159,0
-3,-4,29,1,159,0
-4,2,91,1,159,0
6,-2,96,1,159,0
5,6,103,1,159,0
4,5,112,1,159,0
3,-3,115,1,159,0
3,4,126,1,159,0
2,3,133,1,159,0
0,-4,142,1,159,0
1,-7,156,1,159,0
-3,-5,24,1,159,0
-3,2,55,1,159,0
6,-3,58,1,159,0
8,0,125,1,159,0
2,4,77,1,159,0
4,-7,79,1,159,0
-4,3,84,1,159,0
1,3,85,1,159,0
5,7,102,1,159,0
4,6,111,1,159,0
3,-4,111,1,159,0
3,5,119,1,159,0
7,-6,139,1,159,0
0,-5,149,1,159,0
1,-8,153,1,159,0
2,-1,158,1,159,0
-2,-2,157,1,159,0
-5,5,9,1,159,0
2,5,17,1,159,0
7,0,123,1,159,0
3,6,53,1,159,0
6,-4,57,1,159,0
-3,3,63,1,159,0
-4,4,76,1,159,0
1,4,78,1,159,0
4,7,96,1,159,0
-8,-1,102,1,159,0
7,-7,112,1,159,0
2,-2,124,1,159,0
8,1,128,1,159,0
-5,-2,153,1,159,0
0,-6,156,1,159,0
-2,-3,157,1,159,0
1,5,11,1,159,0
-4,5,15,1,159,0
6,0,49,1,159,0
2,6,44,1,159,0
6,-5,44,1,159,0
-2,3,49,1,159,0
8,-1,67,1,159,0
-3,4,69,1,159,0
-8,-2,94,1,159,0
-2,-4,124,1,159,0
7,1,135,1,159,0
-5,-3,157,1,159,0
0,-7,158,1,159,0
5,0,39,1,159,0
-5,-4,12,1,159,0
2,7,18,1,159,0
1,6,36,1,159,0
5,-3,67,1,159,0
8,-2,86,1,159,0
3,-7,94,1,159,0
-2,-5,117,1,159,0
2,-4,119,1,159,0
6,1,143,1,159,0
1,-1,141,1,159,0
-4,-1,143,1,159,0
6,-6,146,1,159,0
-1,-2,146,1,159,0
0,-8,149,1,159,0
4,-1,9,1,159,0
0,6,4,1,159,0
4,0,11,1,159,0
-5,-5,15,1,159,0
5,1,149,1,159,0
1,7,26,1,159,0
-1,-3,44,1,159,0
5,-4,64,1,159,0
6,-7,74,1,159,0
-7,-1,103,1,159,0
1,-2,126,1,159,0
-7,0,128,1,159,0
-4,-2,135,1,159,0
1,8,11,1,159,0
-8,2,11,1,159,0
-4,-3,65,1,159,0
7,-1,118,1,159,0
-7,-2,95,1,159,0
-1,-4,98,1,159,0
-7,1,119,1,159,0
3,0,125,1,159,0
1,-3,133,1,159,0
-6,0,138,1,159,0
5,2,147,1,159,0
4,1,157,1,159,0
5,-5,153,1,159,0
-8,3,7,1,160,0
8,-5,9,1,160,0
-7,2,14,1,160,0
-4,-4,22,1,160,0
7,-2,94,1,160,0
4,-3,78,1,160,0
2,-7,108,1,160,0
-1,-5,112,1,160,0
1,-4,129,1,160,0
-3,-1,133,1,160,0
0,-1,136,1,160,0
5,-6,149,1,160,0
4,2,159,1,160,0
-5,0,153,1,160,0
2,0,153,1,160,0
8,-6,7,1,160,0
-4,-5,19,1,160,0
5,-7,83,1,160,0
4,-4,102,1,160,0
-4,0,119,1,160,0
3,-1,129,1,160,0
0,-2,139,1,160,0
-6,-1,144,1,160,0
2,1,146,1,160,0
1,0,149,1,160,0
-3,-2,153,1,160,0
-5,1,158,1,160,0
-1,-6,158,1,160,0
8,-7,6,1,160,0
-4,-6,9,1,160,0
6,-1,97,1,160,0
-4,1,98,1,160,0
3,-2,116,1,160,0
-3,0,123,1,160,0
3,3,128,1,160,0
0,-3,135,1,160,0
2,2,139,1,160,0
-6,-2,147,1,160,0
-3,-3,151,1,160,0
1,1,158,1,160,0
4,-5,159,1,160,0
7,-5,25,1,160,0
-3,-4,29,1,160,0
-4,2,91,1,160,0
6,-2,96,1,160,0
5,6,103,1,160,0
4,5,112,1,160,0
3,-3,115,1,160,0
3,4,126,1,160,0
2,3,133,1,160,0
0,-4,142,1,160,0
1,-7,156,1,160,0
-3,-5,24,1,160,0
-3,2,55,1,160,0
6,-3,58,1,160,0
8,0,125,1,160,0
2,4,77,1,160,0
4,-7,79,1,160,0
-4,3,84,1,160,0
1,3,85,1,160,0
5,7,102,1,160,0
4,6,111,1,160,0
3,-4,111,1,160,0
3,5,119,1,160,0
7,-6,139,1,160,0
0,-5,149,1,160,0
1,-8,153,1,160,0
2,-1,159,1,160,0
-2,-2,158,1,160,0
-5,5,9,1,160,0
2,5,17,1,160,0
7,0,123,1,160,0
3,6,53,1,160,0
6,-4,57,1,160,0
-3,3,63,1,160,0
-4,4,76,1,160,0
1,4,78,1,160,0
4,7,96,1,160,0
-8,-1,102,1,160,0
7,-7,112,1,160,0
2,-2,124,1,160,0
8,1,128,1,160,0
-5,-2,153,1,160,0
0,-6,156,1,160,0
-2,-3,158,1,160,0
1,5,11,1,160,0
-4,5,15,1,160,0
6,0,49,1,160,0
2,6,44,1,160,0
6,-5,44,1,160,0
-2,3,49,1,160,0
8,-1,67,1,160,0
-3,4,69,1,160,0
-8,-2,94,1,160,0
-2,-4,124,1,160,0
7,1,135,1,160,0
-5,-3,158,1,160,0
0,-7,159,1,160,0
5,0,39,1,160,0
-5,-4,12,1,160,0
2,7,18,1,160,0
1,6,36,1,160,0
5,-3,67,1,160,0
8,-2,86,1,160,0
3,-7,94,1,160,0
-2,-5,117,1,160,0
2,-4,119,1,160,0
6,1,143,1,160,0
1,-1,141,1,160,0
-4,-1,143,1,160,0
6,-6,146,1,160,0
-1,-2,146,1,160,0
0,-8,149,1,160,0
4,-1,9,1,160,0
0,6,4,1,160,0
4,0,11,1,160,0
-5,-5,15,1,160,0
5,1,149,1,160,0
1,7,26,1,160,0
-1,-3,44,1,160,0
5,-4,64,1,160,0
6,-7,74,1,160,0
-7,-1,103,1,160,0
1,-2,126,1,160,0
-7,0,128,1,160,0
-4,-2,135,1,160,0
1,8,11,1,160,0
-8,2,11,1,160,0
-4,-3,65,1,160,0
7,-1,118,1,160,0
-7,-2,95,1,160,0
-1,-4,98,1,160,0
-7,1,119,1,160,0
3,0,125,1,160,0
1,-3,133,1,160,0
-6,0,138,1,160,0
5,2,147,1,160,0
4,1,157,1,160,0
5,-5,153,1,160,0
-8,3,7,1,161,0
8,-5,9,1,161,0
-7,2,14,1,161,0
-4,-4,22,1,161,0
7,-2,94,1,161,0
4,-3,78,1,161,0
2,-7,108,1,161,0
-1,-5,112,1,161,0
1,-4,129,1,161,0
-3,-1,133,1,161,0
0,-1,136,1,161,0
5,-6,149,1,161,0
4,2,161,1,161,0
-5,0,153,1,161,0
2,0,153,1,161,0
8,-6,7,1,161,0
-4,-5,19,1,161,0
5,-7,83,1,161,0
4,-4,102,1,161,0
-4,0,119,1,161,0
3,-1,129,1,161,0
0,-2,139,1,161,0
-6,-1,144,1,161,0
2,1,146,1,161,0
1,0,149,1,161,0
-3,-2,153,1,161,0
-5,1,159,1,161,0
-1,-6,159,1,161,0
8,-7,6,1,161,0
-4,-6,9,1,161,0
6,-1,97,1,161,0
-4,1,98,1,161,0
3,-2,116,1,161,0
-3,0,123,1,161,0
3,3,128,1,161,0
0,-3,135,1,161,0
2,2,139,1,161,0
-6,-2,147,1,161,0
-3,-3,151,1,161,0
1,1,158,1,161,0
4,-5,159,1,161,0
7,-5,25,1,161,0
-3,-4,29,1,161,0
-4,2,91,1,161,0
6,-2,96,1,161,0
5,6,103,1,161,0
4,5,112,1,161,0
3,-3,115,1,161,0
3,4,126,1,161,0
2,3,133,1,161,0
0,-4,142,1,161,0
1,-7,156,1,161,0
1,2,159,1,161,0
-3,-5,24,1,161,0
-3,2,55,1,161,0
6,-3,58,1,161,0
8,0,125,1,161,0
2,4,77,1,161,0
4,-7,79,1,161,0
-4,3,84,1,161,0
1,3,85,1,161,0
5,7,102,1,161,0
4,6,111,1,161,0
3,-4,111,1,161,0
3,5,119,1,161,0
7,-6,139,1,161,0
0,-5,149,1,161,0
1,-8,153,1,161,0
2,-1,159,1,161,0
-2,-2,159,1,161,0
-5,5,9,1,161,0
2,5,17,1,161,0
7,0,123,1,161,0
3,6,53,1,161,0
6,-4,57,1,161,0
-3,3,63,1,161,0
-4,4,76,1,161,0
1,4,78,1,161,0
4,7,96,1,161,0
-8,-1,102,1,161,0
7,-7,112,1,161,0
2,-2,124,1,161,0
8,1,128,1,161,0
-5,-2,153,1,161,0
0,-6,156,1,161,0
-2,-3,159,1,161,0
1,5,11,1,161,0
-4,5,15,1,161,0
6,0,49,1,161,0
2,6,44,1,161,0
6,-5,44,1,161,0
-2,3,49,1,161,0
8,-1,67,1,161,0
-3,4,69,1,161,0
-8,-2,94,1,161,0
-2,-4,124,1,161,0
7,1,135,1,161,0
0,-7,159,1,161,0
-5,-3,159,1,161,0
5,0,39,1,161,0
-5,-4,12,1,161,0
2,7,18,1,161,0
1,6,36,1,161,0
5,-3,67,1,161,0
8,-2,86,1,161,0
3,-7,94,1,161,0
-2,-5,117,1,161,0
2,-4,119,1,161,0
6,1,143,1,161,0
1,-1,141,1,161,0
-4,-1,143,1,161,0
6,-6,146,1,161,0
-1,-2,146,1,161,0
0,-8,149,1,161,0
4,-1,9,1,161,0
0,6,4,1,161,0
4,0,11,1,161,0
-5,-5,15,1,161,0
5,1,149,1,161,0
1,7,26,1,161,0
-1,-3,44,1,161,0
5,-4,64,1,161,0
6,-7,74,1,161,0
-7,-1,103,1,161,0
1,-2,126,1,161,0
-7,0,128,1,161,0
-4,-2,135,1,161,0
1,8,11,1,161,0
-8,2,11,1,161,0
-4,-3,65,1,161,0
7,-1,118,1,161,0
-7,-2,95,1,161,0
-1,-4,98,1,161,0
-7,1,119,1,161,0
3,0,125,1,161,0
1,-3,133,1,161,0
-6,0,138,1,161,0
5,2,147,1,161,0
4,1,157,1,161,0
5,-5,153,1,161,0
-8,3,7,1,162,0
8,-5,9,1,162,0
-7,2,14,1,162,0
-4,-4,22,1,162,0
7,-2,94,1,162,0
4,-3,78,1,162,0
2,-7,108,1,162,0
-1,-5,112,1,162,0
1,-4,129,1,162,0
-3,-1,133,1,162,0
0,-1,136,1,162,0
5,-6,149,1,162,0
4,2,162,1,162,0
-5,0,153,1,162,0
2,0,153,1,162,0
8,-6,7,1,162,0
-4,-5,19,1,162,0
5,-7,83,1,162,0
4,-4,102,1,162,0
-4,0,119,1,162,0
3,-1,129,1,162,0
0,-2,139,1,162,0
-6,-1,144,1,162,0
2,1,146,1,162,0
1,0,149,1,162,0
-3,-2,153,1,162,0
-5,1,159,1,162,0
-1,-6,159,1,162,0
8,-7,6,1,162,0
-4,-6,9,1,162,0
6,-1,97,1,162,0
-4,1,98,1,162,0
3,-2,116,1,162,0
-3,0,123,1,162,0
3,3,128,1,162,0
0,-3,135,1,162,0
2,2,139,1,162,0
-6,-2,147,1,162,0
-3,-3,151,1,162,0
1,1,158,1,162,0
-5,2,161,1,162,0
4,-5,161,1,162,0
7,-5,25,1,162,0
-3,-4,29,1,162,0
-4,2,91,1,162,0
6,-2,96,1,162,0
5,6,103,1,162,0
4,5,112,1,162,0
3,-3,115,1,162,0
3,4,126,1,162,0
2,3,133,1,162,0
0,-4,142,1,162,0
1,-7,156,1,162,0
1,2,161,1,162,0
-3,-5,24,1,162,0
-3,2,55,1,162,0
6,-3,58,1,162,0
8,0,125,1,162,0
2,4,77,1,162,0
4,-7,79,1,162,0
-4,3,84,1,162,0
1,3,85,1,162,0
5,7,102,1,162,0
4,6,111,1,162,0
3,-4,111,1,162,0
3,5,119,1,162,0
7,-6,139,1,162,0
0,-5,149,1,162,0
1,-8,153,1,162,0
2,-1,159,1,162,0
-2,-2,159,1,162,0
-5,5,9,1,162,0
2,5,17,1,162,0
7,0,123,1,162,0
3,6,53,1,162,0
6,-4,57,1,162,0
-3,3,63,1,162,0
-4,4,76,1,162,0
1,4,78,1,162,0
4,7,96,1,162,0
-8,-1,102,1,162,0
7,-7,112,1,162,0
2,-2,124,1,162,0
8,1,128,1,162,0
-5,-2,153,1,162,0
0,-6,156,1,162,0
-2,-3,159,1,162,0
1,5,11,1,162,0
-4,5,15,1,162,0
6,0,49,1,162,0
2,6,44,1,162,0
6,-5,44,1,162,0
-2,3,49,1,162,0
8,-1,67,1,162,0
-3,4,69,1,162,0
-8,-2,94,1,162,0
-2,-4,124,1,162,0
7,1,135,1,162,0
-5,-3,159,1,162,0
0,-7,161,1,162,0
5,0,39,1,162,0
-5,-4,12,1,162,0
2,7,18,1,162,0
1,6,36,1,162,0
5,-3,67,1,162,0
8,-2,86,1,162,0
3,-7,94,1,162,0
-2,-5,117,1,162,0
2,-4,119,1,162,0
6,1,143,1,162,0
1,-1,141,1,162,0
-4,-1,143,1,162,0
6,-6,146,1,162,0
-1,-2,146,1,162,0
0,-8,149,1,162,0
4,-1,9,1,162,0
0,6,4,1,162,0
4,0,11,1,162,0
-5,-5,15,1,162,0
5,1,149,1,162,0
1,7,26,1,162,0
-1,-3,44,1,162,0
5,-4,64,1,162,0
6,-7,74,1,162,0
-7,-1,103,1,162,0
1,-2,126,1,162,0
-7,0,128,1,162,0
-4,-2,135,1,162,0
1,8,11,1,162,0
-8,2,11,1,162,0
-4,-3,65,1,162,0
7,-1,118,1,162,0
-7,-2,95,1,162,0
-1,-4,98,1,162,0
-7,1,119,1,162,0
3,0,125,1,162,0
1,-3,133,1,162,0
-6,0,138,1,162,0
5,2,147,1,162,0
4,1,157,1,162,0
5,-5,153,1,162,0
-8,3,7,1,163,0
8,-5,9,1,163,0
-7,2,14,1,163,0
7,-2,94,1,163,0
4,-3,78,1,163,0
2,-7,108,1,163,0
-1,-5,112,1,163,0
1,-4,129,1,163,0
-3,-1,133,1,163,0
0,-1,136,1,163,0
5,-6,149,1,163,0
4,2,163,1,163,0
-5,0,153,1,163,0
2,0,153,1,163,0
-4,-4,161,1,163,0
8,-6,7,1,163,0
-4,-5,19,1,163,0
5,-7,83,1,163,0
-4,0,119,1,163,0
3,-1,129,1,163,0
0,-2,139,1,163,0
-6,-1,144,1,163,0
2,1,146,1,163,0
1,0,149,1,163,0
-3,-2,153,1,163,0
-5,1,159,1,163,0
-1,-6,159,1,163,0
4,-4,162,1,163,0
8,-7,6,1,163,0
-4,-6,9,1,163,0
6,-1,97,1,163,0
-4,1,98,1,163,0
3,-2,116,1,163,0
-3,0,123,1,163,0
3,3,128,1,163,0
0,-3,135,1,163,0
2,2,139,1,163,0
-6,-2,147,1,163,0
-3,-3,151,1,163,0
1,1,158,1,163,0
4,-5,161,1,163,0
-5,2,162,1,163,0
-1,-7,161,1,163,0
7,-5,25,1,163,0
-3,-4,29,1,163,0
-4,2,91,1,163,0
6,-2,96,1,163,0
5,6,103,1,163,0
4,5,112,1,163,0
3,-3,115,1,163,0
3,4,126,1,163,0
2,3,133,1,163,0
0,-4,142,1,163,0
1,-7,156,1,163,0
1,2,162,1,163,0
-2,-1,161,1,163,0
-3,-5,24,1,163,0
-3,2,55,1,163,0
6,-3,58,1,163,0
8,0,125,1,163,0
2,4,77,1,163,0
4,-7,79,1,163,0
-4,3,84,1,163,0
1,3,85,1,163,0
5,7,102,1,163,0
4,6,111,1,163,0
3,-4,111,1,163,0
3,5,119,1,163,0
7,-6,139,1,163,0
0,-5,149,1,163,0
1,-8,153,1,163,0
2,-1,159,1,163,0
-2,-2,159,1,163,0
-5,5,9,1,163,0
2,5,17,1,163,0
7,0,123,1,163,0
3,6,53,1,163,0
6,-4,57,1,163,0
-3,3,63,1,163,0
-4,4,76,1,163,0
1,4,78,1,163,0
4,7,96,1,163,0
-8,-1,102,1,163,0
7,-7,112,1,163,0
8,1,128,1,163,0
-5,-2,153,1,163,0
0,-6,156,1,163,0
-2,-3,161,1,163,0
2,-2,161,1,163,0
1,5,11,1,163,0
-4,5,15,1,163,0
6,0,49,1,163,0
2,6,44,1,163,0
6,-5,44,1,163,0
-2,3,49,1,163,0
8,-1,67,1,163,0
-3,4,69,1,163,0
-8,-2,94,1,163,0
-2,-4,124,1,163,0
7,1,135,1,163,0
-5,-3,159,1,163,0
0,-7,162,1,163,0
5,0,39,1,163,0
-5,-4,12,1,163,0
2,7,18,1,163,0
1,6,36,1,163,0
5,-3,67,1,163,0
8,-2,86,1,163,0
3,-7,94,1,163,0
-2,-5,117,1,163,0
2,-4,119,1,163,0
6,1,143,1,163,0
1,-1,141,1,163,0
-4,-1,143,1,163,0
6,-6,146,1,163,0
-1,-2,146,1,163,0
0,-8,149,1,163,0
4,-1,9,1,163,0
0,6,4,1,163,0
4,0,11,1,163,0
-5,-5,15,1,163,0
5,1,149,1,163,0
1,7,26,1,163,0
-1,-3,44,1,163,0
5,-4,64,1,163,0
6,-7,74,1,163,0
-7,-1,103,1,163,0
1,-2,126,1,163,0
-7,0,128,1,163,0
-4,-2,135,1,163,0
1,8,11,1,163,0
-8,2,11,1,163,0
-4,-3,65,1,163,0
7,-1,118,1,163,0
-7,-2,95,1,163,0
-1,-4,98,1,163,0
-7,1,119,1,163,0
3,0,125,1,163,0
1,-3,133,1,163,0
-6,0,138,1,163,0
5,2,147,1,163,0
4,1,157,1,163,0
5,-5,153,1,163,0
-8,3,7,1,164,0
8,-5,9,1,164,0
-7,2,14,1,164,0
7,-2,94,1,164,0
4,-3,78,1,164,0
2,-7,108,1,164,0
-1,-5,112,1,164,0
1,-4,129,1,164,0
-3,-1,133,1,164,0
0,-1,136,1,164,0
5,-6,149,1,164,0
4,2,164,1,164,0
-5,0,153,1,164,0
2,0,153,1,164,0
-4,-4,162,1,164,0
8,-6,7,1,164,0
-4,-5,19,1,164,0
5,-7,83,1,164,0
-4,0,119,1,164,0
3,-1,129,1,164,0
0,-2,139,1,164,0
-6,-1,144,1,164,0
2,1,146,1,164,0
1,0,149,1,164,0
-3,-2,153,1,164,0
-5,1,159,1,164,0
-1,-6,159,1,164,0
4,-4,162,1,164,0
8,-7,6,1,164,0
-4,-6,9,1,164,0
6,-1,97,1,164,0
-4,1,98,1,164,0
3,-2,116,1,164,0
-3,0,123,1,164,0
3,3,128,1,164,0
0,-3,135,1,164,0
2,2,139,1,164,0
-6,-2,147,1,164,0
-3,-3,151,1,164,0
1,1,158,1,164,0
4,-5,161,1,164,0
-5,2,163,1,164,0
-1,-7,162,1,164,0
7,-5,25,1,164,0
-3,-4,29,1,164,0
-4,2,91,1,164,0
6,-2,96,1,164,0
5,6,103,1,164,0
4,5,112,1,164,0
3,-3,115,1,164,0
3,4,126,1,164,0
2,3,133,1,164,0
0,-4,142,1,164,0
1,-7,156,1,164,0
1,2,163,1,164,0
-2,-1,162,1,164,0
-3,-5,24,1,164,0
-3,2,55,1,164,0
6,-3,58,1,164,0
8,0,125,1,164,0
2,4,77,1,164,0
4,-7,79,1,164,0
-4,3,84,1,164,0
1,3,85,1,164,0
5,7,102,1,164,0
4,6,111,1,164,0
3,5,119,1,164,0
7,-6,139,1,164,0
0,-5,149,1,164,0
1,-8,153,1,164,0
2,-1,159,1,164,0
-2,-2,159,1,164,0
3,-4,163,1,164,0
-5,5,9,1,164,0
2,5,17,1,164,0
7,0,123,1,164,0
3,6,53,1,164,0
6,-4,57,1,164,0
-3,3,63,1,164,0
-4,4,76,1,164,0
1,4,78,1,164,0
4,7,96,1,164,0
-8,-1,102,1,164,0
7,-7,112,1,164,0
8,1,128,1,164,0
-5,-2,153,1,164,0
0,-6,156,1,164,0
-2,-3,162,1,164,0
2,-2,162,1,164,0
1,5,11,1,164,0
-4,5,15,1,164,0
6,0,49,1,164,0
2,6,44,1,164,0
6,-5,44,1,164,0
-2,3,49,1,164,0
8,-1,67,1,164,0
-3,4,69,1,164,0
-8,-2,94,1,164,0
-2,-4,124,1,164,0
7,1,135,1,164,0
-5,-3,159,1,164,0
0,-7,163,1,164,0
5,0,39,1,164,0
-5,-4,12,1,164,0
2,7,18,1,164,0
1,6,36,1,164,0
5,-3,67,1,164,0
8,-2,86,1,164,0
3,-7,94,1,164,0
-2,-5,117,1,164,0
2,-4,119,1,164,0
6,1,143,1,164,0
1,-1,141,1,164,0
-4,-1,143,1,164,0
6,-6,146,1,164,0
-1,-2,146,1,164,0
0,-8,149,1,164,0
4,-1,9,1,164,0
0,6,4,1,164,0
4,0,11,1,164,0
-5,-5,15,1,164,0
5,1,149,1,164,0
1,7,26,1,164,0
-1,-3,44,1,164,0
5,-4,64,1,164,0
6,-7,74,1,164,0
-7,-1,103,1,164,0
1,-2,126,1,164,0
-7,0,128,1,164,0
-4,-2,135,1,164,0
1,8,11,1,164,0
-8,2,11,1,164,0
-4,-3,65,1,164,0
7,-1,118,1,164,0
-7,-2,95,1,164,0
-1,-4,98,1,164,0
-7,1,119,1,164,0
3,0,125,1,164,0
1,-3,133,1,164,0
-6,0,138,1,164,0
5,2,147,1,164,0
4,1,157,1,164,0
5,-5,153,1,164,0
-8,3,7,1,165,0
8,-5,9,1,165,0
-7,2,14,1,165,0
7,-2,94,1,165,0
4,-3,78,1,165,0
2,-7,108,1,165,0
-1,-5,112,1,165,0
1,-4,129,1,165,0
-3,-1,133,1,165,0
0,-1,136,1,165,0
5,-6,149,1,165,0
4,2,165,1,165,0
-5,0,153,1,165,0
2,0,153,1,165,0
-4,-4,163,1,165,0
8,-6,7,1,165,0
-4,-5,19,1,165,0
5,-7,83,1,165,0
-4,0,119,1,165,0
3,-1,129,1,165,0
0,-2,139,1,165,0
-6,-1,144,1,165,0
2,1,146,1,165,0
1,0,149,1,165,0
-3,-2,153,1,165,0
-5,1,159,1,165,0
-1,-6,159,1,165,0
4,-4,162,1,165,0
8,-7,6,1,165,0
-4,-6,9,1,165,0
6,-1,97,1,165,0
-4,1,98,1,165,0
3,-2,116,1,165,0
-3,0,123,1,165,0
3,3,128,1,165,0
0,-3,135,1,165,0
2,2,139,1,165,0
-6,-2,147,1,165,0
-3,-3,151,1,165,0
1,1,158,1,165,0
4,-5,161,1,165,0
-5,2,163,1,165,0
-1,-7,163,1,165,0
7,-5,25,1,165,0
-3,-4,29,1,165,0
-4,2,91,1,165,0
6,-2,96,1,165,0
5,6,103,1,165,0
4,5,112,1,165,0
3,-3,115,1,165,0
3,4,126,1,165,0
2,3,133,1,165,0
0,-4,142,1,165,0
1,-7,156,1,165,0
1,2,164,1,165,0
-2,-1,163,1,165,0
-3,-5,24,1,165,0
-3,2,55,1,165,0
6,-3,58,1,165,0
8,0,125,1,165,0
2,4,77,1,165,0
4,-7,79,1,165,0
-4,3,84,1,165,0
1,3,85,1,165,0
5,7,102,1,165,0
4,6,111,1,165,0
3,5,119,1,165,0
7,-6,139,1,165,0
0,-5,149,1,165,0
1,-8,153,1,165,0
2,-1,159,1,165,0
-2,-2,159,1,165,0
3,-4,164,1,165,0
-5,5,9,1,165,0
2,5,17,1,165,0
7,0,123,1,165,0
3,6,53,1,165,0
6,-4,57,1,165,0
-3,3,63,1,165,0
-4,4,76,1,165,0
1,4,78,1,165,0
4,7,96,1,165,0
-8,-1,102,1,165,0
7,-7,112,1,165,0
8,1,128,1,165,0
-5,-2,153,1,165,0
0,-6,156,1,165,0
2,-2,162,1,165,0
-2,-3,163,1,165,0
1,5,11,1,165,0
-4,5,15,1,165,0
6,0,49,1,165,0
2,6,44,1,165,0
6,-5,44,1,165,0
-2,3,49,1,165,0
8,-1,67,1,165,0
-3,4,69,1,165,0
-8,-2,94,1,165,0
-2,-4,124,1,165,0
7,1,135,1,165,0
-5,-3,159,1,165,0
0,-7,163,1,165,0
5,0,39,1,165,0
-5,-4,12,1,165,0
2,7,18,1,165,0
1,6,36,1,165,0
5,-3,67,1,165,0
8,-2,86,1,165,0
3,-7,94,1,165,0
-2,-5,117,1,165,0
2,-4,119,1,165,0
6,1,143,1,165,0
1,-1,141,1,165,0
-4,-1,143,1,165,0
6,-6,146,1,165,0
-1,-2,146,1,165,0
0,-8,149,1,165,0
4,-1,9,1,165,0
0,6,4,1,165,0
4,0,11,1,165,0
-5,-5,15,1,165,0
5,1,149,1,165,0
1,7,26,1,165,0
-1,-3,44,1,165,0
5,-4,64,1,165,0
6,-7,74,1,165,0
-7,-1,103,1,165,0
-7,0,128,1,165,0
-4,-2,135,1,165,0
1,-2,163,1,165,0
1,8,11,1,165,0
-8,2,11,1,165,0
-4,-3,65,1,165,0
7,-1,118,1,165,0
-7,-2,95,1,165,0
-1,-4,98,1,165,0
-7,1,119,1,165,0
3,0,125,1,165,0
1,-3,133,1,165,0
-6,0,138,1,165,0
5,2,147,1,165,0
4,1,157,1,165,0
5,-5,153,1,165,0
-8,3,7,1,166,0
8,-5,9,1,166,0
-7,2,14,1,166,0
7,-2,94,1,166,0
4,-3,78,1,166,0
2,-7,108,1,166,0
-1,-5,112,1,166,0
1,-4,129,1,166,0
-3,-1,133,1,166,0
0,-1,136,1,166,0
5,-6,149,1,166,0
4,2,166,1,166,0
-5,0,153,1,166,0
2,0,153,1,166,0
-4,-4,164,1,166,0
8,-6,7,1,166,0
-4,-5,19,1,166,0
5,-7,83,1,166,0
-4,0,119,1,166,0
3,-1,129,1,166,0
0,-2,139,1,166,0
-6,-1,144,1,166,0
2,1,146,1,166,0
1,0,149,1,166,0
-3,-2,153,1,166,0
-5,1,159,1,166,0
-1,-6,159,1,166,0
4,-4,162,1,166,0
8,-7,6,1,166,0
-4,-6,9,1,166,0
6,-1,97,1,166,0
-4,1,98,1,166,0
3,-2,116,1,166,0
-3,0,123,1,166,0
3,3,128,1,166,0
0,-3,135,1,166,0
2,2,139,1,166,0
-6,-2,147,1,166,0
1,1,158,1,166,0
4,-5,161,1,166,0
-1,-7,163,1,166,0
-3,-3,164,1,166,0
-5,2,165,1,166,0
7,-5,25,1,166,0
-3,-4,29,1,166,0
-4,2,91,1,166,0
6,-2,96,1,166,0
5,6,103,1,166,0
4,5,112,1,166,0
3,-3,115,1,166,0
3,4,126,1,166,0
2,3,133,1,166,0
0,-4,142,1,166,0
1,-7,156,1,166,0
1,2,165,1,166,0
-2,-1,164,1,166,0
-3,-5,24,1,166,0
-3,2,55,1,166,0
6,-3,58,1,166,0
8,0,125,1,166,0
2,4,77,1,166,0
4,-7,79,1,166,0
-4,3,84,1,166,0
1,3,85,1,166,0
5,7,102,1,166,0
4,6,111,1,166,0
3,5,119,1,166,0
7,-6,139,1,166,0
0,-5,149,1,166,0
1,-8,153,1,166,0
2,-1,159,1,166,0
-2,-2,159,1,166,0
3,-4,165,1,166,0
-5,5,9,1,166,0
2,5,17,1,166,0
7,0,123,1,166,0
3,6,53,1,166,0
6,-4,57,1,166,0
-3,3,63,1,166,0
-4,4,76,1,166,0
1,4,78,1,166,0
4,7,96,1,166,0
-8,-1,102,1,166,0
7,-7,112,1,166,0
8,1,128,1,166,0
-5,-2,153,1,166,0
0,-6,156,1,166,0
2,-2,162,1,166,0
-2,-3,163,1,166,0
1,5,11,1,166,0
-4,5,15,1,166,0
6,0,49,1,166,0
2,6,44,1,166,0
6,-5,44,1,166,0
-2,3,49,1,166,0
8,-1,67,1,166,0
-3,4,69,1,166,0
-8,-2,94,1,166,0
-2,-4,124,1,166,0
7,1,135,1,166,0
-5,-3,159,1,166,0
0,-7,164,1,166,0
5,0,39,1,166,0
-5,-4,12,1,166,0
2,7,18,1,166,0
1,6,36,1,166,0
5,-3,67,1,166,0
8,-2,86,1,166,0
3,-7,94,1,166,0
-2,-5,117,1,166,0
2,-4,119,1,166,0
6,1,143,1,166,0
1,-1,141,1,166,0
-4,-1,143,1,166,0
6,-6,146,1,166,0
-1,-2,146,1,166,0
0,-8,149,1,166,0
4,-1,9,1,166,0
0,6,4,1,166,0
4,0,11,1,166,0
-5,-5,15,1,166,0
5,1,149,1,166,0
1,7,26,1,166,0
-1,-3,44,1,166,0
5,-4,64,1,166,0
6,-7,74,1,166,0
-7,-1,103,1,166,0
-7,0,128,1,166,0
-4,-2,135,1,166,0
1,-2,164,1,166,0
1,8,11,1,166,0
-8,2,11,1,166,0
-4,-3,65,1,166,0
7,-1,118,1,166,0
-7,-2,95,1,166,0
-1,-4,98,1,166,0
-7,1,119,1,166,0
3,0,125,1,166,0
1,-3,133,1,166,0
-6,0,138,1,166,0
5,2,147,1,166,0
4,1,157,1,166,0
5,-5,153,1,166,0
-2,-7,164,1,166,0
-8,3,7,1,167,0
8,-5,9,1,167,0
-7,2,14,1,167,0
7,-2,94,1,167,0
4,-3,78,1,167,0
2,-7,108,1,167,0
-1,-5,112,1,167,0
1,-4,129,1,167,0
-3,-1,133,1,167,0
0,-1,136,1,167,0
5,-6,149,1,167,0
4,2,167,1,167,0
-5,0,153,1,167,0
2,0,153,1,167,0
-4,-4,165,1,167,0
8,-6,7,1,167,0
-4,-5,19,1,167,0
5,-7,83,1,167,0
-4,0,119,1,167,0
3,-1,129,1,167,0
0,-2,139,1,167,0
-6,-1,144,1,167,0
2,1,146,1,167,0
1,0,149,1,167,0
-3,-2,153,1,167,0
-5,1,159,1,167,0
-1,-6,159,1,167,0
4,-4,162,1,167,0
8,-7,6,1,167,0
-4,-6,9,1,167,0
6,-1,97,1,167,0
-4,1,98,1,167,0
3,-2,116,1,167,0
-3,0,123,1,167,0
3,3,128,1,167,0
0,-3,135,1,167,0
2,2,139,1,167,0
-6,-2,147,1,167,0
1,1,158,1,167,0
4,-5,161,1,167,0
-1,-7,163,1,167,0
-5,2,165,1,167,0
-3,-3,165,1,167,0
7,-5,25,1,167,0
-3,-4,29,1,167,0
6,-2,96,1,167,0
5,6,103,1,167,0
4,5,112,1,167,0
3,-3,115,1,167,0
3,4,126,1,167,0
2,3,133,1,167,0
0,-4,142,1,167,0
1,-7,156,1,167,0
-2,-1,164,1,167,0
1,2,166,1,167,0
-4,2,166,1,167,0
-3,-5,24,1,167,0
-3,2,55,1,167,0
6,-3,58,1,167,0
8,0,125,1,167,0
2,4,77,1,167,0
4,-7,79,1,167,0
-4,3,84,1,167,0
1,3,85,1,167,0
5,7,102,1,167,0
4,6,111,1,167,0
3,5,119,1,167,0
7,-6,139,1,167,0
0,-5,149,1,167,0
1,-8,153,1,167,0
2,-1,159,1,167,0
-2,-2,159,1,167,0
3,-4,165,1,167,0
-5,5,9,1,167,0
2,5,17,1,167,0
7,0,123,1,167,0
3,6,53,1,167,0
6,-4,57,1,167,0
-3,3,63,1,167,0
-4,4,76,1,167,0
1,4,78,1,167,0
4,7,96,1,167,0
-8,-1,102,1,167,0
7,-7,112,1,167,0
8,1,128,1,167,0
-5,-2,153,1,167,0
0,-6,156,1,167,0
2,-2,162,1,167,0
-2,-3,163,1,167,0
1,5,11,1,167,0
-4,5,15,1,167,0
6,0,49,1,167,0
2,6,44,1,167,0
6,-5,44,1,167,0
-2,3,49,1,167,0
8,-1,67,1,167,0
-3,4,69,1,167,0
-8,-2,94,1,167,0
-2,-4,124,1,167,0
7,1,135,1,167,0
-5,-3,159,1,167,0
-1,-1,166,1,167,0
0,-7,165,1,167,0
5,0,39,1,167,0
-5,-4,12,1,167,0
2,7,18,1,167,0
1,6,36,1,167,0
5,-3,67,1,167,0
8,-2,86,1,167,0
3,-7,94,1,167,0
-2,-5,117,1,167,0
2,-4,119,1,167,0
6,1,143,1,167,0
1,-1,141,1,167,0
-4,-1,143,1,167,0
6,-6,146,1,167,0
-1,-2,146,1,167,0
0,-8,149,1,167,0
4,-1,9,1,167,0
0,6,4,1,167,0
4,0,11,1,167,0
-5,-5,15,1,167,0
5,1,149,1,167,0
1,7,26,1,167,0
-1,-3,44,1,167,0
5,-4,64,1,167,0
6,-7,74,1,167,0
-7,-1,103,1,167,0
-7,0,128,1,167,0
-4,-2,135,1,167,0
1,-2,165,1,167,0
1,8,11,1,167,0
-8,2,11,1,167,0
-4,-3,65,1,167,0
7,-1,118,1,167,0
-7,-2,95,1,167,0
-1,-4,98,1,167,0
-7,1,119,1,167,0
3,0,125,1,167,0
1,-3,133,1,167,0
-6,0,138,1,167,0
5,2,147,1,167,0
4,1,157,1,167,0
5,-5,153,1,167,0
-2,-7,165,1,167,0
-8,3,7,1,168,0
8,-5,9,1,168,0
-7,2,14,1,168,0
7,-2,94,1,168,0
4,-3,78,1,168,0
2,-7,108,1,168,0
-1,-5,112,1,168,0
1,-4,129,1,168,0
-3,-1,133,1,168,0
0,-1,136,1,168,0
5,-6,149,1,168,0
4,2,168,1,168,0
-5,0,153,1,168,0
2,0,153,1,168,0
-4,-4,166,1,168,0
8,-6,7,1,168,0
-4,-5,19,1,168,0
5,-7,83,1,168,0
-4,0,119,1,168,0
3,-1,129,1,168,0
0,-2,139,1,168,0
-6,-1,144,1,168,0
2,1,146,1,168,0
1,0,149,1,168,0
-3,-2,153,1,168,0
-5,1,159,1,168,0
-1,-6,159,1,168,0
4,-4,162,1,168,0
8,-7,6,1,168,0
-4,-6,9,1,168,0
6,-1,97,1,168,0
-4,1,98,1,168,0
3,-2,116,1,168,0
-3,0,123,1,168,0
3,3,128,1,168,0
0,-3,135,1,168,0
2,2,139,1,168,0
-6,-2,147,1,168,0
1,1,158,1,168,0
4,-5,161,1,168,0
-1,-7,163,1,168,0
-5,2,165,1,168,0
-3,-3,166,1,168,0
7,-5,25,1,168,0
6,-2,96,1,168,0
5,6,103,1,168,0
4,5,112,1,168,0
3,-3,115,1,168,0
3,4,126,1,168,0
2,3,133,1,168,0
0,-4,142,1,168,0
1,-7,156,1,168,0
-2,-1,164,1,168,0
1,2,167,1,168,0
-4,2,167,1,168,0
-3,-4,167,1,168,0
-3,-5,24,1,168,0
-3,2,55,1,168,0
6,-3,58,1,168,0
8,0,125,1,168,0
2,4,77,1,168,0
4,-7,79,1,168,0
-4,3,84,1,168,0
1,3,85,1,168,0
5,7,102,1,168,0
4,6,111,1,168,0
3,5,119,1,168,0
7,-6,139,1,168,0
0,-5,149,1,168,0
1,-8,153,1,168,0
2,-1,159,1,168,0
-2,-2,159,1,168,0
3,-4,166,1,168,0
-5,5,9,1,168,0
2,5,17,1,168,0
7,0,123,1,168,0
3,6,53,1,168,0
6,-4,57,1,168,0
-3,3,63,1,168,0
-4,4,76,1,168,0
1,4,78,1,168,0
4,7,96,1,168,0
-8,-1,102,1,168,0
7,-7,112,1,168,0
8,1,128,1,168,0
-5,-2,153,1,168,0
0,-6,156,1,168,0
2,-2,162,1,168,0
-2,-3,163,1,168,0
1,5,11,1,168,0
-4,5,15,1,168,0
6,0,49,1,168,0
2,6,44,1,168,0
6,-5,44,1,168,0
-2,3,49,1,168,0
8,-1,67,1,168,0
-3,4,69,1,168,0
-8,-2,94,1,168,0
-2,-4,124,1,168,0
7,1,135,1,168,0
-5,-3,159,1,168,0
-1,-1,167,1,168,0
0,-7,166,1,168,0
5,0,39,1,168,0
-5,-4,12,1,168,0
2,7,18,1,168,0
1,6,36,1,168,0
5,-3,67,1,168,0
8,-2,86,1,168,0
3,-7,94,1,168,0
-2,-5,117,1,168,0
2,-4,119,1,168,0
6,1,143,1,168,0
1,-1,141,1,168,0
-4,-1,143,1,168,0
6,-6,146,1,168,0
-1,-2,146,1,168,0
0,-8,149,1,168,0
4,-1,9,1,168,0
0,6,4,1,168,0
4,0,11,1,168,0
-5,-5,15,1,168,0
5,1,149,1,168,0
1,7,26,1,168,0
-1,-3,44,1,168,0
5,-4,64,1,168,0
6,-7,74,1,168,0
-7,-1,103,1,168,0
-7,0,128,1,168,0
-4,-2,135,1,168,0
1,-2,166,1,168,0
1,8,11,1,168,0
-8,2,11,1,168,0
-4,-3,65,1,168,0
7,-1,118,1,168,0
-7,-2,95,1,168,0
-1,-4,98,1,168,0
-7,1,119,1,168,0
3,0,125,1,168,0
1,-3,133,1,168,0
-6,0,138,1,168,0
5,2,147,1,168,0
4,1,157,1,168,0
5,-5,153,1,168,0
-2,-7,166,1,168,0
-8,3,7,1,169,0
8,-5,9,1,169,0
-7,2,14,1,169,0
7,-2,94,1,169,0
4,-3,78,1,169,0
2,-7,108,1,169,0
-1,-5,112,1,169,0
1,-4,129,1,169,0
-3,-1,133,1,169,0
0,-1,136,1,169,0
5,-6,149,1,169,0
4,2,168,1,169,0
-5,0,153,1,169,0
2,0,153,1,169,0
-4,-4,168,1,169,0
8,-6,7,1,169,0
-4,-5,19,1,169,0
5,-7,83,1,169,0
-4,0,119,1,169,0
3,-1,129,1,169,0
0,-2,139,1,169,0
-6,-1,144,1,169,0
2,1,146,1,169,0
1,0,149,1,169,0
-3,-2,153,1,169,0
-5,1,159,1,169,0
-1,-6,159,1,169,0
4,-4,162,1,169,0
3,2,169,1,169,0
8,-7,6,1,169,0
-4,-6,9,1,169,0
6,-1,97,1,169,0
3,-2,116,1,169,0
-3,0,123,1,169,0
3,3,128,1,169,0
0,-3,135,1,169,0
2,2,139,1,169,0
-6,-2,147,1,169,0
1,1,158,1,169,0
4,-5,161,1,169,0
-1,-7,163,1,169,0
-5,2,165,1,169,0
-3,-3,166,1,169,0
-4,1,168,1,169,0
7,-5,25,1,169,0
6,-2,96,1,169,0
5,6,103,1,169,0
4,5,112,1,169,0
3,-3,115,1,169,0
3,4,126,1,169,0
2,3,133,1,169,0
0,-4,142,1,169,0
1,-7,156,1,169,0
-2,-1,164,1,169,0
-4,2,167,1,169,0
1,2,168,1,169,0
-3,-4,168,1,169,0
-3,-5,24,1,169,0
-3,2,55,1,169,0
6,-3,58,1,169,0
8,0,125,1,169,0
2,4,77,1,169,0
4,-7,79,1,169,0
-4,3,84,1,169,0
1,3,85,1,169,0
5,7,102,1,169,0
4,6,111,1,169,0
3,5,119,1,169,0
7,-6,139,1,169,0
0,-5,149,1,169,0
1,-8,153,1,169,0
2,-1,159,1,169,0
-2,-2,159,1,169,0
-1,0,168,1,169,0
3,-4,167,1,169,0
-5,5,9,1,169,0
2,5,17,1,169,0
7,0,123,1,169,0
3,6,53,1,169,0
6,-4,57,1,169,0
-3,3,63,1,169,0
-4,4,76,1,169,0
1,4,78,1,169,0
4,7,96,1,169,0
-8,-1,102,1,169,0
7,-7,112,1,169,0
8,1,128,1,169,0
-5,-2,153,1,169,0
0,-6,156,1,169,0
2,-2,162,1,169,0
-2,-3,163,1,169,0
1,5,11,1,169,0
-4,5,15,1,169,0
6,0,49,1,169,0
2,6,44,1,169,0
6,-5,44,1,169,0
-2,3,49,1,169,0
8,-1,67,1,169,0
-3,4,69,1,169,0
-8,-2,94,1,169,0
-2,-4,124,1,169,0
7,1,135,1,169,0
-5,-3,159,1,169,0
-1,-1,167,1,169,0
0,-7,167,1,169,0
5,0,39,1,169,0
-5,-4,12,1,169,0
2,7,18,1,169,0
1,6,36,1,169,0
5,-3,67,1,169,0
8,-2,86,1,169,0
3,-7,94,1,169,0
-2,-5,117,1,169,0
2,-4,119,1,169,0
6,1,143,1,169,0
1,-1,141,1,169,0
-4,-1,143,1,169,0
6,-6,146,1,169,0
-1,-2,146,1,169,0
0,-8,149,1,169,0
4,-1,9,1,169,0
0,6,4,1,169,0
4,0,11,1,169,0
-5,-5,15,1,169,0
5,1,149,1,169,0
1,7,26,1,169,0
-1,-3,44,1,169,0
5,-4,64,1,169,0
6,-7,74,1,169,0
-7,-1,103,1,169,0
-7,0,128,1,169,0
-4,-2,135,1,169,0
1,-2,167,1,169,0
1,8,11,1,169,0
-8,2,11,1,169,0
-4,-3,65,1,169,0
7,-1,118,1,169,0
-7,-2,95,1,169,0
-1,-4,98,1,169,0
-7,1,119,1,169,0
3,0,125,1,169,0
1,-3,133,1,169,0
-6,0,138,1,169,0
5,2,147,1,169,0
4,1,157,1,169,0
5,-5,153,1,169,0
-2,-7,167,1,169,0
-8,3,7,1,170,0
8,-5,9,1,170,0
-7,2,14,1,170,0
7,-2,94,1,170,0
4,-3,78,1,170,0
2,-7,108,1,170,0
-1,-5,112,1,170,0
1,-4,129,1,170,0
-3,-1,133,1,170,0
0,-1,136,1,170,0
5,-6,149,1,170,0
4,2,168,1,170,0
-5,0,153,1,170,0
2,0,153,1,170,0
-4,-4,168,1,170,0
8,-6,7,1,170,0
-4,-5,19,1,170,0
5,-7,83,1,170,0
-4,0,119,1,170,0
3,-1,129,1,170,0
0,-2,139,1,170,0
-6,-1,144,1,170,0
2,1,146,1,170,0
1,0,149,1,170,0
-3,-2,153,1,170,0
-5,1,159,1,170,0
-1,-6,159,1,170,0
4,-4,162,1,170,0
3,2,169,1,170,0
8,-7,6,1,170,0
-4,-6,9,1,170,0
6,-1,97,1,170,0
3,-2,116,1,170,0
-3,0,123,1,170,0
3,3,128,1,170,0
0,-3,135,1,170,0
2,2,139,1,170,0
-6,-2,147,1,170,0
1,1,158,1,170,0
4,-5,161,1,170,0
-1,-7,163,1,170,0
-5,2,165,1,170,0
-3,-3,166,1,170,0
-4,1,169,1,170,0
7,-5,25,1,170,0
6,-2,96,1,170,0
5,6,103,1,170,0
4,5,112,1,170,0
3,-3,115,1,170,0
3,4,126,1,170,0
2,3,133,1,170,0
0,-4,142,1,170,0
1,-7,156,1,170,0
-2,-1,164,1,170,0
-4,2,167,1,170,0
1,2,169,1,170,0
-3,-4,169,1,170,0
-3,-5,24,1,170,0
-3,2,55,1,170,0
6,-3,58,1,170,0
8,0,125,1,170,0
2,4,77,1,170,0
4,-7,79,1,170,0
-4,3,84,1,170,0
1,3,85,1,170,0
5,7,102,1,170,0
4,6,111,1,170,0
3,5,119,1,170,0
7,-6,139,1,170,0
0,-5,149,1,170,0
1,-8,153,1,170,0
2,-1,159,1,170,0
-2,-2,159,1,170,0
-1,0,169,1,170,0
3,-4,168,1,170,0
-5,5,9,1,170,0
2,5,17,1,170,0
7,0,123,1,170,0
3,6,53,1,170,0
6,-4,57,1,170,0
-3,3,63,1,170,0
-4,4,76,1,170,0
1,4,78,1,170,0
4,7,96,1,170,0
-8,-1,102,1,170,0
7,-7,112,1,170,0
8,1,128,1,170,0
-5,-2,153,1,170,0
0,-6,156,1,170,0
2,-2,162,1,170,0
-2,-3,163,1,170,0
1,5,11,1,170,0
-4,5,15,1,170,0
6,0,49,1,170,0
2,6,44,1,170,0
6,-5,44,1,170,0
-2,3,49,1,170,0
8,-1,67,1,170,0
-3,4,69,1,170,0
-8,-2,94,1,170,0
-2,-4,124,1,170,0
7,1,135,1,170,0
-5,-3,159,1,170,0
-1,-1,167,1,170,0
0,-7,168,1,170,0
5,0,39,1,170,0
-5,-4,12,1,170,0
2,7,18,1,170,0
1,6,36,1,170,0
5,-3,67,1,170,0
8,-2,86,1,170,0
3,-7,94,1,170,0
-2,-5,117,1,170,0
2,-4,119,1,170,0
6,1,143,1,170,0
1,-1,141,1,170,0
-4,-1,143,1,170,0
6,-6,146,1,170,0
-1,-2,146,1,170,0
0,-8,149,1,170,0
4,-1,9,1,170,0
0,6,4,1,170,0
4,0,11,1,170,0
-5,-5,15,1,170,0
5,1,149,1,170,0
1,7,26,1,170,0
-1,-3,44,1,170,0
5,-4,64,1,170,0
6,-7,74,1,170,0
-7,-1,103,1,170,0
-7,0,128,1,170,0
-4,-2,135,1,170,0
1,-2,168,1,170,0
1,8,11,1,170,0
-8,2,11,1,170,0
-4,-3,65,1,170,0
7,-1,118,1,170,0
-7,-2,95,1,170,0
-1,-4,98,1,170,0
-7,1,119,1,170,0
3,0,125,1,170,0
1,-3,133,1,170,0
-6,0,138,1,170,0
5,2,147,1,170,0
4,1,157,1,170,0
5,-5,153,1,170,0
-2,-7,169,1,170,0
-8,3,7,1,171,0
8,-5,9,1,171,0
-7,2,14,1,171,0
7,-2,94,1,171,0
4,-3,78,1,171,0
2,-7,108,1,171,0
-1,-5,112,1,171,0
1,-4,129,1,171,0
-3,-1,133,1,171,0
0,-1,136,1,171,0
5,-6,149,1,171,0
4,2,168,1,171,0
-5,0,153,1,171,0
2,0,153,1,171,0
-4,-4,168,1,171,0
8,-6,7,1,171,0
-4,-5,19,1,171,0
5,-7,83,1,171,0
-4,0,119,1,171,0
3,-1,129,1,171,0
0,-2,139,1,171,0
-6,-1,144,1,171,0
2,1,146,1,171,0
1,0,149,1,171,0
-3,-2,153,1,171,0
-5,1,159,1,171,0
-1,-6,159,1,171,0
4,-4,162,1,171,0
3,2,171,1,171,0
8,-7,6,1,171,0
-4,-6,9,1,171,0
6,-1,97,1,171,0
3,-2,116,1,171,0
-3,0,123,1,171,0
3,3,128,1,171,0
0,-3,135,1,171,0
2,2,139,1,171,0
-6,-2,147,1,171,0
1,1,158,1,171,0
4,-5,161,1,171,0
-1,-7,163,1,171,0
-5,2,165,1,171,0
-3,-3,166,1,171,0
-4,1,169,1,171,0
7,-5,25,1,171,0
6,-2,96,1,171,0
5,6,103,1,171,0
4,5,112,1,171,0
3,-3,115,1,171,0
3,4,126,1,171,0
2,3,133,1,171,0
0,-4,142,1,171,0
1,-7,156,1,171,0
-2,-1,164,1,171,0
-4,2,167,1,171,0
1,2,169,1,171,0
-3,-4,169,1,171,0
-3,-5,24,1,171,0
-3,2,55,1,171,0
6,-3,58,1,171,0
8,0,125,1,171,0
2,4,77,1,171,0
4,-7,79,1,171,0
-4,3,84,1,171,0
1,3,85,1,171,0
5,7,102,1,171,0
4,6,111,1,171,0
3,5,119,1,171,0
7,-6,139,1,171,0
0,-5,149,1,171,0
1,-8,153,1,171,0
2,-1,159,1,171,0
-2,-2,159,1,171,0
-1,0,169,1,171,0
3,-4,169,1,171,0
-5,5,9,1,171,0
2,5,17,1,171,0
7,0,123,1,171,0
3,6,53,1,171,0
6,-4,57,1,171,0
-3,3,63,1,171,0
-4,4,76,1,171,0
1,4,78,1,171,0
4,7,96,1,171,0
-8,-1,102,1,171,0
7,-7,112,1,171,0
8,1,128,1,171,0
-5,-2,153,1,171,0
2,-2,162,1,171,0
-2,-3,163,1,171,0
0,-6,169,1,171,0
1,5,11,1,171,0
-4,5,15,1,171,0
6,0,49,1,171,0
2,6,44,1,171,0
6,-5,44,1,171,0
-2,3,49,1,171,0
8,-1,67,1,171,0
-3,4,69,1,171,0
-8,-2,94,1,171,0
-2,-4,124,1,171,0
7,1,135,1,171,0
-5,-3,159,1,171,0
-1,-1,167,1,171,0
0,-7,168,1,171,0
5,0,39,1,171,0
-5,-4,12,1,171,0
2,7,18,1,171,0
1,6,36,1,171,0
5,-3,67,1,171,0
8,-2,86,1,171,0
3,-7,94,1,171,0
-2,-5,117,1,171,0
2,-4,119,1,171,0
6,1,143,1,171,0
1,-1,141,1,171,0
-4,-1,143,1,171,0
6,-6,146,1,171,0
-1,-2,146,1,171,0
0,-8,149,1,171,0
4,-1,9,1,171,0
0,6,4,1,171,0
4,0,11,1,171,0
-5,-5,15,1,171,0
5,1,149,1,171,0
1,7,26,1,171,0
-1,-3,44,1,171,0
5,-4,64,1,171,0
6,-7,74,1,171,0
-7,-1,103,1,171,0
-7,0,128,1,171,0
-4,-2,135,1,171,0
1,-2,168,1,171,0
1,8,11,1,171,0
-8,2,11,1,171,0
-4,-3,65,1,171,0
7,-1,118,1,171,0
-7,-2,95,1,171,0
-1,-4,98,1,171,0
-7,1,119,1,171,0
3,0,125,1,171,0
-6,0,138,1,171,0
5,2,147,1,171,0
4,1,157,1,171,0
5,-5,153,1,171,0
-2,-7,169,1,171,0
1,-3,169,1,171,0
-8,3,7,1,172,0
8,-5,9,1,172,0
-7,2,14,1,172,0
7,-2,94,1,172,0
4,-3,78,1,172,0
2,-7,108,1,172,0
-1,-5,112,1,172,0
1,-4,129,1,172,0
-3,-1,133,1,172,0
0,-1,136,1,172,0
5,-6,149,1,172,0
4,2,168,1,172,0
-5,0,153,1,172,0
2,0,153,1,172,0
-4,-4,168,1,172,0
8,-6,7,1,172,0
-4,-5,19,1,172,0
5,-7,83,1,172,0
-4,0,119,1,172,0
3,-1,129,1,172,0
0,-2,139,1,172,0
-6,-1,144,1,172,0
2,1,146,1,172,0
1,0,149,1,172,0
-3,-2,153,1,172,0
-5,1,159,1,172,0
-1,-6,159,1,172,0
4,-4,162,1,172,0
3,2,172,1,172,0
8,-7,6,1,172,0
-4,-6,9,1,172,0
6,-1,97,1,172,0
3,-2,116,1,172,0
-3,0,123,1,172,0
3,3,128,1,172,0
0,-3,135,1,172,0
2,2,139,1,172,0
-6,-2,147,1,172,0
4,-5,161,1,172,0
-1,-7,163,1,172,0
-5,2,165,1,172,0
-3,-3,166,1,172,0
1,1,171,1,172,0
-4,1,171,1,172,0
7,-5,25,1,172,0
6,-2,96,1,172,0
5,6,103,1,172,0
4,5,112,1,172,0
3,-3,115,1,172,0
3,4,126,1,172,0
2,3,133,1,172,0
0,-4,142,1,172,0
1,-7,156,1,172,0
-2,-1,164,1,172,0
-4,2,167,1,172,0
1,2,169,1,172,0
-3,-4,171,1,172,0
-3,2,55,1,172,0
6,-3,58,1,172,0
8,0,125,1,172,0
2,4,77,1,172,0
4,-7,79,1,172,0
-4,3,84,1,172,0
1,3,85,1,172,0
5,7,102,1,172,0
4,6,111,1,172,0
3,5,119,1,172,0
7,-6,139,1,172,0
0,-5,149,1,172,0
1,-8,153,1,172,0
2,-1,159,1,172,0
-2,-2,159,1,172,0
3,-4,169,1,172,0
-1,0,171,1,172,0
-3,-5,171,1,172,0
-5,5,9,1,172,0
2,5,17,1,172,0
7,0,123,1,172,0
3,6,53,1,172,0
6,-4,57,1,172,0
-3,3,63,1,172,0
-4,4,76,1,172,0
1,4,78,1,172,0
4,7,96,1,172,0
-8,-1,102,1,172,0
7,-7,112,1,172,0
8,1,128,1,172,0
-5,-2,153,1,172,0
2,-2,162,1,172,0
-2,-3,163,1,172,0
0,-6,169,1,172,0
1,5,11,1,172,0
-4,5,15,1,172,0
6,0,49,1,172,0
2,6,44,1,172,0
6,-5,44,1,172,0
-2,3,49,1,172,0
8,-1,67,1,172,0
-3,4,69,1,172,0
-8,-2,94,1,172,0
-2,-4,124,1,172,0
7,1,135,1,172,0
-5,-3,159,1,172,0
-1,-1,167,1,172,0
0,-7,168,1,172,0
-3,-7,171,1,172,0
5,0,39,1,172,0
-5,-4,12,1,172,0
2,7,18,1,172,0
1,6,36,1,172,0
5,-3,67,1,172,0
8,-2,86,1,172,0
3,-7,94,1,172,0
-2,-5,117,1,172,0
2,-4,119,1,172,0
6,1,143,1,172,0
1,-1,141,1,172,0
-4,-1,143,1,172,0
6,-6,146,1,172,0
-1,-2,146,1,172,0
0,-8,149,1,172,0
4,-1,9,1,172,0
0,6,4,1,172,0
4,0,11,1,172,0
-5,-5,15,1,172,0
5,1,149,1,172,0
1,7,26,1,172,0
-1,-3,44,1,172,0
5,-4,64,1,172,0
6,-7,74,1,172,0
-7,-1,103,1,172,0
-7,0,128,1,172,0
-4,-2,135,1,172,0
1,-2,168,1,172,0
1,8,11,1,172,0
-8,2,11,1,172,0
-4,-3,65,1,172,0
7,-1,118,1,172,0
-7,-2,95,1,172,0
-1,-4,98,1,172,0
-7,1,119,1,172,0
3,0,125,1,172,0
-6,0,138,1,172,0
5,2,147,1,172,0
4,1,157,1,172,0
5,-5,153,1,172,0
-2,-7,169,1,172,0
1,-3,171,1,172,0
-8,3,7,1,173,0
8,-5,9,1,173,0
-7,2,14,1,173,0
7,-2,94,1,173,0
4,-3,78,1,173,0
2,-7,108,1,173,0
-1,-5,112,1,173,0
1,-4,129,1,173,0
-3,-1,133,1,173,0
0,-1,136,1,173,0
5,-6,149,1,173,0
4,2,168,1,173,0
-5,0,153,1,173,0
2,0,153,1,173,0
-4,-4,168,1,173,0
8,-6,7,1,173,0
-4,-5,19,1,173,0
5,-7,83,1,173,0
-4,0,119,1,173,0
3,-1,129,1,173,0
0,-2,139,1,173,0
-6,-1,144,1,173,0
1,0,149,1,173,0
-3,-2,153,1,173,0
-5,1,159,1,173,0
-1,-6,159,1,173,0
4,-4,162,1,173,0
3,2,173,1,173,0
2,1,172,1,173,0
8,-7,6,1,173,0
-4,-6,9,1,173,0
6,-1,97,1,173,0
3,-2,116,1,173,0
-3,0,123,1,173,0
3,3,128,1,173,0
0,-3,135,1,173,0
2,2,139,1,173,0
-6,-2,147,1,173,0
4,-5,161,1,173,0
-1,-7,163,1,173,0
-5,2,165,1,173,0
-3,-3,166,1,173,0
1,1,171,1,173,0
-4,1,172,1,173,0
7,-5,25,1,173,0
6,-2,96,1,173,0
5,6,103,1,173,0
4,5,112,1,173,0
3,4,126,1,173,0
2,3,133,1,173,0
0,-4,142,1,173,0
1,-7,156,1,173,0
-2,-1,164,1,173,0
-4,2,167,1,173,0
1,2,169,1,173,0
3,-3,171,1,173,0
-3,-4,172,1,173,0
-3,2,55,1,173,0
6,-3,58,1,173,0
8,0,125,1,173,0
2,4,77,1,173,0
4,-7,79,1,173,0
-4,3,84,1,173,0
1,3,85,1,173,0
5,7,102,1,173,0
4,6,111,1,173,0
3,5,119,1,173,0
7,-6,139,1,173,0
0,-5,149,1,173,0
1,-8,153,1,173,0
2,-1,159,1,173,0
-2,-2,159,1,173,0
3,-4,169,1,173,0
-1,0,172,1,173,0
-3,-5,172,1,173,0
-5,5,9,1,173,0
2,5,17,1,173,0
7,0,123,1,173,0
3,6,53,1,173,0
6,-4,57,1,173,0
-3,3,63,1,173,0
-4,4,76,1,173,0
1,4,78,1,173,0
4,7,96,1,173,0
-8,-1,102,1,173,0
7,-7,112,1,173,0
8,1,128,1,173,0
-5,-2,153,1,173,0
2,-2,162,1,173,0
-2,-3,163,1,173,0
0,-6,172,1,173,0
1,5,11,1,173,0
-4,5,15,1,173,0
6,0,49,1,173,0
2,6,44,1,173,0
6,-5,44,1,173,0
-2,3,49,1,173,0
8,-1,67,1,173,0
-3,4,69,1,173,0
-8,-2,94,1,173,0
-2,-4,124,1,173,0
7,1,135,1,173,0
-5,-3,159,1,173,0
-1,-1,167,1,173,0
0,-7,168,1,173,0
-3,-7,172,1,173,0
5,0,39,1,173,0
-5,-4,12,1,173,0
2,7,18,1,173,0
1,6,36,1,173,0
5,-3,67,1,173,0
8,-2,86,1,173,0
3,-7,94,1,173,0
-2,-5,117,1,173,0
2,-4,119,1,173,0
6,1,143,1,173,0
1,-1,141,1,173,0
-4,-1,143,1,173,0
6,-6,146,1,173,0
-1,-2,146,1,173,0
0,-8,149,1,173,0
4,-1,9,1,173,0
0,6,4,1,173,0
4,0,11,1,173,0
-5,-5,15,1,173,0
5,1,149,1,173,0
1,7,26,1,173,0
-1,-3,44,1,173,0
5,-4,64,1,173,0
6,-7,74,1,173,0
-7,-1,103,1,173,0
-7,0,128,1,173,0
-4,-2,135,1,173,0
1,-2,168,1,173,0
1,8,11,1,173,0
-8,2,11,1,173,0
-4,-3,65,1,173,0
7,-1,118,1,173,0
-7,-2,95,1,173,0
-1,-4,98,1,173,0
-7,1,119,1,173,0
3,0,125,1,173,0
-6,0,138,1,173,0
5,2,147,1,173,0
4,1,157,1,173,0
5,-5,153,1,173,0
-2,-7,169,1,173,0
1,-3,172,1,173,0
-8,3,7,1,174,0
8,-5,9,1,174,0
-7,2,14,1,174,0
7,-2,94,1,174,0
4,-3,78,1,174,0
2,-7,108,1,174,0
-1,-5,112,1,174,0
1,-4,129,1,174,0
-3,-1,133,1,174,0
0,-1,136,1,174,0
5,-6,149,1,174,0
4,2,168,1,174,0
-5,0,153,1,174,0
2,0,153,1,174,0
-4,-4,168,1,174,0
8,-6,7,1,174,0
-4,-5,19,1,174,0
5,-7,83,1,174,0
-4,0,119,1,174,0
3,-1,129,1,174,0
0,-2,139,1,174,0
-6,-1,144,1,174,0
1,0,149,1,174,0
-3,-2,153,1,174,0
-5,1,159,1,174,0
-1,-6,159,1,174,0
4,-4,162,1,174,0
3,2,174,1,174,0
2,1,173,1,174,0
8,-7,6,1,174,0
-4,-6,9,1,174,0
6,-1,97,1,174,0
3,-2,116,1,174,0
-3,0,123,1,174,0
3,3,128,1,174,0
0,-3,135,1,174,0
2,2,139,1,174,0
-6,-2,147,1,174,0
4,-5,161,1,174,0
-1,-7,163,1,174,0
-5,2,165,1,174,0
-3,-3,166,1,174,0
1,1,171,1,174,0
-4,1,173,1,174,0
7,-5,25,1,174,0
6,-2,96,1,174,0
5,6,103,1,174,0
4,5,112,1,174,0
3,4,126,1,174,0
2,3,133,1,174,0
0,-4,142,1,174,0
1,-7,156,1,174,0
-2,-1,164,1,174,0
-4,2,167,1,174,0
1,2,169,1,174,0
-3,-4,172,1,174,0
3,-3,172,1,174,0
-3,2,55,1,174,0
6,-3,58,1,174,0
8,0,125,1,174,0
2,4,77,1,174,0
4,-7,79,1,174,0
-4,3,84,1,174,0
1,3,85,1,174,0
5,7,102,1,174,0
4,6,111,1,174,0
3,5,119,1,174,0
7,-6,139,1,174,0
0,-5,149,1,174,0
1,-8,153,1,174,0
2,-1,159,1,174,0
-2,-2,159,1,174,0
3,-4,169,1,174,0
-1,0,173,1,174,0
-3,-5,173,1,174,0
-5,5,9,1,174,0
2,5,17,1,174,0
7,0,123,1,174,0
3,6,53,1,174,0
6,-4,57,1,174,0
-3,3,63,1,174,0
-4,4,76,1,174,0
1,4,78,1,174,0
4,7,96,1,174,0
-8,-1,102,1,174,0
7,-7,112,1,174,0
8,1,128,1,174,0
-5,-2,153,1,174,0
2,-2,162,1,174,0
-2,-3,163,1,174,0
0,-6,173,1,174,0
1,5,11,1,174,0
-4,5,15,1,174,0
6,0,49,1,174,0
2,6,44,1,174,0
6,-5,44,1,174,0
-2,3,49,1,174,0
8,-1,67,1,174,0
-3,4,69,1,174,0
-8,-2,94,1,174,0
-2,-4,124,1,174,0
7,1,135,1,174,0
-5,-3,159,1,174,0
-1,-1,167,1,174,0
0,-7,168,1,174,0
-3,-7,173,1,174,0
5,0,39,1,174,0
-5,-4,12,1,174,0
2,7,18,1,174,0
1,6,36,1,174,0
5,-3,67,1,174,0
8,-2,86,1,174,0
3,-7,94,1,174,0
-2,-5,117,1,174,0
2,-4,119,1,174,0
6,1,143,1,174,0
1,-1,141,1,174,0
-4,-1,143,1,174,0
6,-6,146,1,174,0
-1,-2,146,1,174,0
0,-8,149,1,174,0
4,-1,9,1,174,0
0,6,4,1,174,0
4,0,11,1,174,0
-5,-5,15,1,174,0
5,1,149,1,174,0
1,7,26,1,174,0
-1,-3,44,1,174,0
5,-4,64,1,174,0
6,-7,74,1,174,0
-7,-1,103,1,174,0
-7,0,128,1,174,0
-4,-2,135,1,174,0
1,-2,168,1,174,0
1,8,11,1,174,0
-8,2,11,1,174,0
-4,-3,65,1,174,0
7,-1,118,1,174,0
-7,-2,95,1,174,0
-1,-4,98,1,174,0
-7,1,119,1,174,0
3,0,125,1,174,0
-6,0,138,1,174,0
5,2,147,1,174,0
4,1,157,1,174,0
5,-5,153,1,174,0
-2,-7,169,1,174,0
1,-3,173,1,174,0
-8,3,7,1,175,0
8,-5,9,1,175,0
-7,2,14,1,175,0
7,-2,94,1,175,0
4,-3,78,1,175,0
2,-7,108,1,175,0
-1,-5,112,1,175,0
1,-4,129,1,175,0
-3,-1,133,1,175,0
0,-1,136,1,175,0
5,-6,149,1,175,0
4,2,168,1,175,0
-5,0,153,1,175,0
2,0,153,1,175,0
-4,-4,168,1,175,0
8,-6,7,1,175,0
-4,-5,19,1,175,0
5,-7,83,1,175,0
-4,0,119,1,175,0
3,-1,129,1,175,0
0,-2,139,1,175,0
-6,-1,144,1,175,0
1,0,149,1,175,0
-3,-2,153,1,175,0
-5,1,159,1,175,0
-1,-6,159,1,175,0
4,-4,162,1,175,0
3,2,175,1,175,0
2,1,174,1,175,0
8,-7,6,1,175,0
-4,-6,9,1,175,0
6,-1,97,1,175,0
3,-2,116,1,175,0
-3,0,123,1,175,0
3,3,128,1,175,0
0,-3,135,1,175,0
2,2,139,1,175,0
-6,-2,147,1,175,0
4,-5,161,1,175,0
-1,-7,163,1,175,0
-5,2,165,1,175,0
-3,-3,166,1,175,0
1,1,171,1,175,0
-4,1,174,1,175,0
7,-5,25,1,175,0
6,-2,96,1,175,0
5,6,103,1,175,0
4,5,112,1,175,0
3,4,126,1,175,0
2,3,133,1,175,0
0,-4,142,1,175,0
1,-7,156,1,175,0
-2,-1,164,1,175,0
-4,2,167,1,175,0
1,2,169,1,175,0
3,-3,173,1,175,0
-3,-4,174,1,175,0
-3,2,55,1,175,0
6,-3,58,1,175,0
8,0,125,1,175,0
2,4,77,1,175,0
4,-7,79,1,175,0
-4,3,84,1,175,0
1,3,85,1,175,0
5,7,102,1,175,0
4,6,111,1,175,0
3,5,119,1,175,0
7,-6,139,1,175,0
0,-5,149,1,175,0
1,-8,153,1,175,0
2,-1,159,1,175,0
-2,-2,159,1,175,0
3,-4,169,1,175,0
-3,-5,173,1,175,0
-1,0,174,1,175,0
-5,5,9,1,175,0
2,5,17,1,175,0
7,0,123,1,175,0
3,6,53,1,175,0
6,-4,57,1,175,0
-3,3,63,1,175,0
-4,4,76,1,175,0
1,4,78,1,175,0
4,7,96,1,175,0
-8,-1,102,1,175,0
7,-7,112,1,175,0
8,1,128,1,175,0
-5,-2,153,1,175,0
2,-2,162,1,175,0
-2,-3,163,1,175,0
0,-6,174,1,175,0
1,5,11,1,175,0
-4,5,15,1,175,0
6,0,49,1,175,0
2,6,44,1,175,0
6,-5,44,1,175,0
-2,3,49,1,175,0
8,-1,67,1,175,0
-3,4,69,1,175,0
-8,-2,94,1,175,0
-2,-4,124,1,175,0
7,1,135,1,175,0
-5,-3,159,1,175,0
-1,-1,167,1,175,0
0,-7,168,1,175,0
-3,-7,174,1,175,0
5,0,39,1,175,0
-5,-4,12,1,175,0
2,7,18,1,175,0
1,6,36,1,175,0
5,-3,67,1,175,0
8,-2,86,1,175,0
3,-7,94,1,175,0
-2,-5,117,1,175,0
2,-4,119,1,175,0
6,1,143,1,175,0
1,-1,141,1,175,0
-4,-1,143,1,175,0
6,-6,146,1,175,0
-1,-2,146,1,175,0
0,-8,149,1,175,0
4,-1,9,1,175,0
0,6,4,1,175,0
4,0,11,1,175,0
-5,-5,15,1,175,0
5,1,149,1,175,0
1,7,26,1,175,0
-1,-3,44,1,175,0
5,-4,64,1,175,0
6,-7,74,1,175,0
-7,-1,103,1,175,0
-7,0,128,1,175,0
-4,-2,135,1,175,0
1,-2,168,1,175,0
1,8,11,1,175,0
-8,2,11,1,175,0
-4,-3,65,1,175,0
7,-1,118,1,175,0
-7,-2,95,1,175,0
-1,-4,98,1,175,0
-7,1,119,1,175,0
3,0,125,1,175,0
-6,0,138,1,175,0
5,2,147,1,175,0
4,1,157,1,175,0
5,-5,153,1,175,0
-2,-7,169,1,175,0
1,-3,174,1,175,0
-8,3,7,1,176,0
8,-5,9,1,176,0
-7,2,14,1,176,0
7,-2,94,1,176,0
4,-3,78,1,176,0
2,-7,108,1,176,0
-1,-5,112,1,176,0
1,-4,129,1,176,0
-3,-1,133,1,176,0
0,-1,136,1,176,0
5,-6,149,1,176,0
4,2,168,1,176,0
-5,0,153,1,176,0
2,0,153,1,176,0
-4,-4,168,1,176,0
8,-6,7,1,176,0
-4,-5,19,1,176,0
5,-7,83,1,176,0
-4,0,119,1,176,0
3,-1,129,1,176,0
0,-2,139,1,176,0
-6,-1,144,1,176,0
1,0,149,1,176,0
-3,-2,153,1,176,0
-5,1,159,1,176,0
-1,-6,159,1,176,0
4,-4,162,1,176,0
3,2,176,1,176,0
2,1,175,1,176,0
8,-7,6,1,176,0
-4,-6,9,1,176,0
6,-1,97,1,176,0
3,-2,116,1,176,0
-3,0,123,1,176,0
3,3,128,1,176,0
0,-3,135,1,176,0
2,2,139,1,176,0
-6,-2,147,1,176,0
4,-5,161,1,176,0
-1,-7,163,1,176,0
-5,2,165,1,176,0
-3,-3,166,1,176,0
1,1,171,1,176,0
-4,1,175,1,176,0
7,-5,25,1,176,0
6,-2,96,1,176,0
5,6,103,1,176,0
4,5,112,1,176,0
3,4,126,1,176,0
2,3,133,1,176,0
0,-4,142,1,176,0
1,-7,156,1,176,0
-2,-1,164,1,176,0
-4,2,167,1,176,0
1,2,169,1,176,0
3,-3,174,1,176,0
-3,-4,175,1,176,0
-3,2,55,1,176,0
6,-3,58,1,176,0
8,0,125,1,176,0
2,4,77,1,176,0
4,-7,79,1,176,0
-4,3,84,1,176,0
1,3,85,1,176,0
5,7,102,1,176,0
4,6,111,1,176,0
3,5,119,1,176,0
7,-6,139,1,176,0
0,-5,149,1,176,0
1,-8,153,1,176,0
2,-1,159,1,176,0
-2,-2,159,1,176,0
3,-4,169,1,176,0
-1,0,174,1,176,0
-3,-5,175,1,176,0
-5,5,9,1,176,0
2,5,17,1,176,0
7,0,123,1,176,0
3,6,53,1,176,0
6,-4,57,1,176,0
-3,3,63,1,176,0
-4,4,76,1,176,0
1,4,78,1,176,0
4,7,96,1,176,0
-8,-1,102,1,176,0
7,-7,112,1,176,0
8,1,128,1,176,0
-5,-2,153,1,176,0
2,-2,162,1,176,0
-2,-3,163,1,176,0
-1,1,175,1,176,0
0,-6,175,1,176,0
1,5,11,1,176,0
-4,5,15,1,176,0
6,0,49,1,176,0
2,6,44,1,176,0
6,-5,44,1,176,0
-2,3,49,1,176,0
8,-1,67,1,176,0
-3,4,69,1,176,0
-8,-2,94,1,176,0
-2,-4,124,1,176,0
7,1,135,1,176,0
-5,-3,159,1,176,0
-1,-1,167,1,176,0
0,-7,168,1,176,0
-3,-7,175,1,176,0
2,-3,175,1,176,0
5,0,39,1,176,0
-5,-4,12,1,176,0
2,7,18,1,176,0
1,6,36,1,176,0
5,-3,67,1,176,0
8,-2,86,1,176,0
3,-7,94,1,176,0
-2,-5,117,1,176,0
2,-4,119,1,176,0
6,1,143,1,176,0
1,-1,141,1,176,0
-4,-1,143,1,176,0
6,-6,146,1,176,0
-1,-2,146,1,176,0
0,-8,149,1,176,0
4,-1,9,1,176,0
0,6,4,1,176,0
4,0,11,1,176,0
-5,-5,15,1,176,0
5,1,149,1,176,0
1,7,26,1,176,0
-1,-3,44,1,176,0
5,-4,64,1,176,0
6,-7,74,1,176,0
-7,-1,103,1,176,0
-7,0,128,1,176,0
-4,-2,135,1,176,0
1,-2,168,1,176,0
1,8,11,1,176,0
-8,2,11,1,176,0
-4,-3,65,1,176,0
7,-1,118,1,176,0
-7,-2,95,1,176,0
-1,-4,98,1,176,0
-7,1,119,1,176,0
3,0,125,1,176,0
-6,0,138,1,176,0
5,2,147,1,176,0
4,1,157,1,176,0
5,-5,153,1,176,0
-2,-7,169,1,176,0
1,-3,175,1,176,0
-8,3,7,1,177,0
8,-5,9,1,177,0
-7,2,14,1,177,0
7,-2,94,1,177,0
4,-3,78,1,177,0
2,-7,108,1,177,0
-1,-5,112,1,177,0
1,-4,129,1,177,0
-3,-1,133,1,177,0
0,-1,136,1,177,0
5,-6,149,1,177,0
4,2,168,1,177,0
-5,0,153,1,177,0
2,0,153,1,177,0
-4,-4,168,1,177,0
8,-6,7,1,177,0
-4,-5,19,1,177,0
5,-7,83,1,177,0
-4,0,119,1,177,0
3,-1,129,1,177,0
0,-2,139,1,177,0
-6,-1,144,1,177,0
1,0,149,1,177,0
-3,-2,153,1,177,0
-5,1,159,1,177,0
-1,-6,159,1,177,0
4,-4,162,1,177,0
3,2,176,1,177,0
2,1,176,1,177,0
8,-7,6,1,177,0
-4,-6,9,1,177,0
6,-1,97,1,177,0
3,-2,116,1,177,0
-3,0,123,1,177,0
3,3,128,1,177,0
2,2,177,1,177,0
-6,-2,147,1,177,0
4,-5,161,1,177,0
-1,-7,163,1,177,0
-5,2,165,1,177,0
-3,-3,166,1,177,0
1,1,171,1,177,0
0,-3,176,1,177,0
-4,1,176,1,177,0
7,-5,25,1,177,0
6,-2,96,1,177,0
5,6,103,1,177,0
4,5,112,1,177,0
3,4,126,1,177,0
2,3,133,1,177,0
0,-4,142,1,177,0
1,-7,156,1,177,0
-2,-1,164,1,177,0
-4,2,167,1,177,0
1,2,169,1,177,0
3,-3,174,1,177,0
-3,-4,176,1,177,0
-3,2,55,1,177,0
6,-3,58,1,177,0
8,0,125,1,177,0
2,4,77,1,177,0
4,-7,79,1,177,0
-4,3,84,1,177,0
1,3,85,1,177,0
5,7,102,1,177,0
4,6,111,1,177,0
3,5,119,1,177,0
7,-6,139,1,177,0
0,-5,149,1,177,0
1,-8,153,1,177,0
2,-1,159,1,177,0
-2,-2,159,1,177,0
3,-4,169,1,177,0
-1,0,174,1,177,0
-3,-5,176,1,177,0
-5,5,9,1,177,0
2,5,17,1,177,0
7,0,123,1,177,0
3,6,53,1,177,0
6,-4,57,1,177,0
-3,3,63,1,177,0
-4,4,76,1,177,0
1,4,78,1,177,0
4,7,96,1,177,0
-8,-1,102,1,177,0
7,-7,112,1,177,0
8,1,128,1,177,0
-5,-2,153,1,177,0
2,-2,162,1,177,0
-2,-3,163,1,177,0
0,-6,175,1,177,0
-1,1,176,1,177,0
1,5,11,1,177,0
-4,5,15,1,177,0
6,0,49,1,177,0
2,6,44,1,177,0
6,-5,44,1,177,0
-2,3,49,1,177,0
8,-1,67,1,177,0
-3,4,69,1,177,0
-8,-2,94,1,177,0
-2,-4,124,1,177,0
7,1,135,1,177,0
-5,-3,159,1,177,0
-1,-1,167,1,177,0
0,-7,168,1,177,0
-3,-7,176,1,177,0
2,-3,176,1,177,0
5,0,39,1,177,0
-5,-4,12,1,177,0
2,7,18,1,177,0
1,6,36,1,177,0
5,-3,67,1,177,0
8,-2,86,1,177,0
3,-7,94,1,177,0
-2,-5,117,1,177,0
2,-4,119,1,177,0
6,1,143,1,177,0
1,-1,141,1,177,0
-4,-1,143,1,177,0
6,-6,146,1,177,0
-1,-2,146,1,177,0
0,-8,149,1,177,0
4,-1,9,1,177,0
0,6,4,1,177,0
4,0,11,1,177,0
-5,-5,15,1,177,0
5,1,149,1,177,0
1,7,26,1,177,0
-1,-3,44,1,177,0
5,-4,64,1,177,0
6,-7,74,1,177,0
-7,-1,103,1,177,0
-7,0,128,1,177,0
-4,-2,135,1,177,0
1,-2,168,1,177,0
1,8,11,1,177,0
-8,2,11,1,177,0
-4,-3,65,1,177,0
7,-1,118,1,177,0
-7,-2,95,1,177,0
-1,-4,98,1,177,0
-7,1,119,1,177,0
3,0,125,1,177,0
-6,0,138,1,177,0
5,2,147,1,177,0
4,1,157,1,177,0
5,-5,153,1,177,0
-2,-7,169,1,177,0
1,-3,175,1,177,0
-8,3,7,1,178,0
8,-5,9,1,178,0
-7,2,14,1,178,0
7,-2,94,1,178,0
4,-3,78,1,178,0
2,-7,108,1,178,0
-1,-5,112,1,178,0
1,-4,129,1,178,0
-3,-1,133,1,178,0
0,-1,136,1,178,0
5,-6,149,1,178,0
4,2,168,1,178,0
-5,0,153,1,178,0
2,0,153,1,178,0
-4,-4,168,1,178,0
8,-6,7,1,178,0
-4,-5,19,1,178,0
5,-7,83,1,178,0
3,-1,129,1,178,0
0,-2,139,1,178,0
-6,-1,144,1,178,0
1,0,149,1,178,0
-3,-2,153,1,178,0
-5,1,159,1,178,0
-1,-6,159,1,178,0
4,-4,162,1,178,0
3,2,176,1,178,0
2,1,177,1,178,0
-4,0,177,1,178,0
8,-7,6,1,178,0
-4,-6,9,1,178,0
6,-1,97,1,178,0
3,-2,116,1,178,0
-3,0,123,1,178,0
3,3,128,1,178,0
2,2,178,1,178,0
-6,-2,147,1,178,0
4,-5,161,1,178,0
-1,-7,163,1,178,0
-5,2,165,1,178,0
1,1,171,1,178,0
-4,1,176,1,178,0
0,-3,177,1,178,0
-3,-3,177,1,178,0
7,-5,25,1,178,0
6,-2,96,1,178,0
5,6,103,1,178,0
4,5,112,1,178,0
3,4,126,1,178,0
2,3,133,1,178,0
0,-4,142,1,178,0
1,-7,156,1,178,0
-2,-1,164,1,178,0
-4,2,167,1,178,0
1,2,169,1,178,0
3,-3,174,1,178,0
-3,-4,176,1,178,0
-3,2,55,1,178,0
6,-3,58,1,178,0
8,0,125,1,178,0
2,4,77,1,178,0
4,-7,79,1,178,0
-4,3,84,1,178,0
1,3,85,1,178,0
5,7,102,1,178,0
4,6,111,1,178,0
3,5,119,1,178,0
7,-6,139,1,178,0
0,-5,149,1,178,0
1,-8,153,1,178,0
2,-1,159,1,178,0
-2,-2,159,1,178,0
3,-4,169,1,178,0
-1,0,174,1,178,0
-3,-5,176,1,178,0
-5,5,9,1,178,0
2,5,17,1,178,0
7,0,123,1,178,0
3,6,53,1,178,0
6,-4,57,1,178,0
-3,3,63,1,178,0
-4,4,76,1,178,0
1,4,78,1,178,0
4,7,96,1,178,0
-8,-1,102,1,178,0
7,-7,112,1,178,0
8,1,128,1,178,0
-5,-2,153,1,178,0
2,-2,162,1,178,0
-2,-3,163,1,178,0
-1,1,177,1,178,0
0,-6,177,1,178,0
-3,-6,177,1,178,0
1,5,11,1,178,0
-4,5,15,1,178,0
6,0,49,1,178,0
2,6,44,1,178,0
6,-5,44,1,178,0
-2,3,49,1,178,0
8,-1,67,1,178,0
-3,4,69,1,178,0
-8,-2,94,1,178,0
-2,-4,124,1,178,0
7,1,135,1,178,0
-5,-3,159,1,178,0
-1,-1,167,1,178,0
0,-7,168,1,178,0
-3,-7,177,1,178,0
2,-3,177,1,178,0
5,0,39,1,178,0
-5,-4,12,1,178,0
2,7,18,1,178,0
1,6,36,1,178,0
5,-3,67,1,178,0
8,-2,86,1,178,0
3,-7,94,1,178,0
-2,-5,117,1,178,0
2,-4,119,1,178,0
6,1,143,1,178,0
1,-1,141,1,178,0
-4,-1,143,1,178,0
6,-6,146,1,178,0
-1,-2,146,1,178,0
0,-8,149,1,178,0
4,-1,9,1,178,0
0,6,4,1,178,0
4,0,11,1,178,0
-5,-5,15,1,178,0
5,1,149,1,178,0
1,7,26,1,178,0
-1,-3,44,1,178,0
5,-4,64,1,178,0
6,-7,74,1,178,0
-7,-1,103,1,178,0
-7,0,128,1,178,0
-4,-2,135,1,178,0
1,-2,168,1,178,0
1,8,11,1,178,0
-8,2,11,1,178,0
-4,-3,65,1,178,0
7,-1,118,1,178,0
-7,-2,95,1,178,0
-1,-4,98,1,178,0
-7,1,119,1,178,0
3,0,125,1,178,0
-6,0,138,1,178,0
5,2,147,1,178,0
4,1,157,1,178,0
5,-5,153,1,178,0
-2,-7,169,1,178,0
1,-3,175,1,178,0
-8,3,7,1,179,0
8,-5,9,1,179,0
-7,2,14,1,179,0
7,-2,94,1,179,0
4,-3,78,1,179,0
2,-7,108,1,179,0
-1,-5,112,1,179,0
1,-4,129,1,179,0
-3,-1,133,1,179,0
0,-1,136,1,179,0
5,-6,149,1,179,0
4,2,168,1,179,0
-5,0,153,1,179,0
2,0,153,1,179,0
-4,-4,168,1,179,0
8,-6,7,1,179,0
-4,-5,19,1,179,0
5,-7,83,1,179,0
3,-1,129,1,179,0
0,-2,139,1,179,0
-6,-1,144,1,179,0
1,0,149,1,179,0
-3,-2,153,1,179,0
-5,1,159,1,179,0
-1,-6,159,1,179,0
4,-4,162,1,179,0
3,2,176,1,179,0
2,1,178,1,179,0
-4,0,178,1,179,0
8,-7,6,1,179,0
-4,-6,9,1,179,0
6,-1,97,1,179,0
3,-2,116,1,179,0
-3,0,123,1,179,0
3,3,128,1,179,0
2,2,179,1,179,0
-6,-2,147,1,179,0
4,-5,161,1,179,0
-1,-7,163,1,179,0
-5,2,165,1,179,0
1,1,171,1,179,0
-4,1,176,1,179,0
0,-3,178,1,179,0
-3,-3,178,1,179,0
7,-5,25,1,179,0
6,-2,96,1,179,0
5,6,103,1,179,0
4,5,112,1,179,0
3,4,126,1,179,0
2,3,133,1,179,0
0,-4,142,1,179,0
1,-7,156,1,179,0
-2,-1,164,1,179,0
-4,2,167,1,179,0
1,2,169,1,179,0
3,-3,174,1,179,0
-3,-4,176,1,179,0
-3,2,55,1,179,0
6,-3,58,1,179,0
8,0,125,1,179,0
2,4,77,1,179,0
4,-7,79,1,179,0
-4,3,84,1,179,0
1,3,85,1,179,0
5,7,102,1,179,0
4,6,111,1,179,0
3,5,119,1,179,0
7,-6,139,1,179,0
0,-5,149,1,179,0
1,-8,153,1,179,0
2,-1,159,1,179,0
-2,-2,159,1,179,0
3,-4,169,1,179,0
-1,0,174,1,179,0
-3,-5,176,1,179,0
-5,5,9,1,179,0
2,5,17,1,179,0
7,0,123,1,179,0
3,6,53,1,179,0
6,-4,57,1,179,0
-3,3,63,1,179,0
-4,4,76,1,179,0
1,4,78,1,179,0
4,7,96,1,179,0
-8,-1,102,1,179,0
7,-7,112,1,179,0
8,1,128,1,179,0
-5,-2,153,1,179,0
2,-2,162,1,179,0
-2,-3,163,1,179,0
-1,1,178,1,179,0
0,-6,178,1,179,0
-3,-6,178,1,179,0
1,5,11,1,179,0
-4,5,15,1,179,0
6,0,49,1,179,0
2,6,44,1,179,0
6,-5,44,1,179,0
-2,3,49,1,179,0
8,-1,67,1,179,0
-3,4,69,1,179,0
-8,-2,94,1,179,0
-2,-4,124,1,179,0
7,1,135,1,179,0
-5,-3,159,1,179,0
-1,-1,167,1,179,0
0,-7,168,1,179,0
-3,-7,178,1,179,0
2,-3,178,1,179,0
5,0,39,1,179,0
-5,-4,12,1,179,0
2,7,18,1,179,0
1,6,36,1,179,0
5,-3,67,1,179,0
8,-2,86,1,179,0
3,-7,94,1,179,0
-2,-5,117,1,179,0
2,-4,119,1,179,0
6,1,143,1,179,0
1,-1,141,1,179,0
-4,-1,143,1,179,0
6,-6,146,1,179,0
-1,-2,146,1,179,0
0,-8,149,1,179,0
4,-1,9,1,179,0
0,6,4,1,179,0
4,0,11,1,179,0
-5,-5,15,1,179,0
5,1,149,1,179,0
1,7,26,1,179,0
-1,-3,44,1,179,0
5,-4,64,1,179,0
6,-7,74,1,179,0
-7,-1,103,1,179,0
-7,0,128,1,179,0
-4,-2,135,1,179,0
1,-2,168,1,179,0
1,8,11,1,179,0
-8,2,11,1,179,0
-4,-3,65,1,179,0
7,-1,118,1,179,0
-7,-2,95,1,179,0
-1,-4,98,1,179,0
-7,1,119,1,179,0
3,0,125,1,179,0
-6,0,138,1,179,0
5,2,147,1,179,0
4,1,157,1,179,0
5,-5,153,1,179,0
-2,-7,169,1,179,0
1,-3,175,1,179,0
-8,3,7,1,180,0
8,-5,9,1,180,0
-7,2,14,1,180,0
7,-2,94,1,180,0
4,-3,78,1,180,0
2,-7,108,1,180,0
-1,-5,112,1,180,0
1,-4,129,1,180,0
-3,-1,133,1,180,0
0,-1,136,1,180,0
5,-6,149,1,180,0
4,2,168,1,180,0
-5,0,153,1,180,0
-4,-4,168,1,180,0
2,0,179,1,180,0
8,-6,7,1,180,0
-4,-5,19,1,180,0
5,-7,83,1,180,0
3,-1,129,1,180,0
0,-2,139,1,180,0
-6,-1,144,1,180,0
1,0,149,1,180,0
-3,-2,153,1,180,0
-5,1,159,1,180,0
-1,-6,159,1,180,0
4,-4,162,1,180,0
3,2,176,1,180,0
2,1,178,1,180,0
-4,0,179,1,180,0
8,-7,6,1,180,0
6,-1,97,1,180,0
3,-2,116,1,180,0
-3,0,123,1,180,0
3,3,128,1,180,0
2,2,179,1,180,0
-6,-2,147,1,180,0
4,-5,161,1,180,0
-1,-7,163,1,180,0
-5,2,165,1,180,0
1,1,171,1,180,0
-4,1,176,1,180,0
0,-3,179,1,180,0
-4,-6,179,1,180,0
-3,-3,179,1,180,0
7,-5,25,1,180,0
6,-2,96,1,180,0
5,6,103,1,180,0
4,5,112,1,180,0
3,4,126,1,180,0
2,3,133,1,180,0
0,-4,142,1,180,0
1,-7,156,1,180,0
-2,-1,164,1,180,0
-4,2,167,1,180,0
1,2,169,1,180,0
3,-3,174,1,180,0
-3,-4,176,1,180,0
-3,2,55,1,180,0
6,-3,58,1,180,0
8,0,125,1,180,0
2,4,77,1,180,0
4,-7,79,1,180,0
-4,3,84,1,180,0
1,3,85,1,180,0
5,7,102,1,180,0
4,6,111,1,180,0
3,5,119,1,180,0
7,-6,139,1,180,0
0,-5,149,1,180,0
1,-8,153,1,180,0
2,-1,159,1,180,0
-2,-2,159,1,180,0
3,-4,169,1,180,0
-1,0,174,1,180,0
-3,-5,176,1,180,0
-5,5,9,1,180,0
2,5,17,1,180,0
7,0,123,1,180,0
3,6,53,1,180,0
6,-4,57,1,180,0
-3,3,63,1,180,0
-4,4,76,1,180,0
1,4,78,1,180,0
4,7,96,1,180,0
-8,-1,102,1,180,0
7,-7,112,1,180,0
8,1,128,1,180,0
-5,-2,153,1,180,0
2,-2,162,1,180,0
-2,-3,163,1,180,0
-3,-6,178,1,180,0
-1,1,179,1,180,0
0,-6,179,1,180,0
1,5,11,1,180,0
-4,5,15,1,180,0
6,0,49,1,180,0
2,6,44,1,180,0
6,-5,44,1,180,0
-2,3,49,1,180,0
8,-1,67,1,180,0
-3,4,69,1,180,0
-8,-2,94,1,180,0
-2,-4,124,1,180,0
7,1,135,1,180,0
-5,-3,159,1,180,0
-1,-1,167,1,180,0
0,-7,168,1,180,0
-3,-7,179,1,180,0
2,-3,179,1,180,0
5,0,39,1,180,0
-5,-4,12,1,180,0
2,7,18,1,180,0
1,6,36,1,180,0
5,-3,67,1,180,0
8,-2,86,1,180,0
3,-7,94,1,180,0
-2,-5,117,1,180,0
2,-4,119,1,180,0
6,1,143,1,180,0
1,-1,141,1,180,0
-4,-1,143,1,180,0
6,-6,146,1,180,0
-1,-2,146,1,180,0
0,-8,149,1,180,0
4,-1,9,1,180,0
0,6,4,1,180,0
4,0,11,1,180,0
-5,-5,15,1,180,0
5,1,149,1,180,0
1,7,26,1,180,0
-1,-3,44,1,180,0
5,-4,64,1,180,0
6,-7,74,1,180,0
-7,-1,103,1,180,0
-7,0,128,1,180,0
-4,-2,135,1,180,0
1,-2,168,1,180,0
1,8,11,1,180,0
-8,2,11,1,180,0
-4,-3,65,1,180,0
7,-1,118,1,180,0
-7,-2,95,1,180,0
-1,-4,98,1,180,0
-7,1,119,1,180,0
3,0,125,1,180,0
-6,0,138,1,180,0
5,2,147,1,180,0
4,1,157,1,180,0
5,-5,153,1,180,0
-2,-7,169,1,180,0
1,-3,175,1,180,0
-8,3,7,1,181,0
8,-5,9,1,181,0
-7,2,14,1,181,0
7,-2,94,1,181,0
4,-3,78,1,181,0
2,-7,108,1,181,0
-1,-5,112,1,181,0
1,-4,129,1,181,0
-3,-1,133,1,181,0
0,-1,136,1,181,0
5,-6,149,1,181,0
4,2,168,1,181,0
-5,0,153,1,181,0
-4,-4,168,1,181,0
2,0,179,1,181,0
8,-6,7,1,181,0
-4,-5,19,1,181,0
5,-7,83,1,181,0
3,-1,129,1,181,0
0,-2,139,1,181,0
-6,-1,144,1,181,0
1,0,149,1,181,0
-3,-2,153,1,181,0
-5,1,159,1,181,0
-1,-6,159,1,181,0
4,-4,162,1,181,0
3,2,176,1,181,0
2,1,178,1,181,0
-4,0,179,1,181,0
8,-7,6,1,181,0
6,-1,97,1,181,0
3,-2,116,1,181,0
-3,0,123,1,181,0
3,3,128,1,181,0
2,2,179,1,181,0
-6,-2,147,1,181,0
4,-5,161,1,181,0
-1,-7,163,1,181,0
-5,2,165,1,181,0
1,1,171,1,181,0
-4,1,176,1,181,0
0,-3,179,1,181,0
-4,-6,179,1,181,0
-3,-3,179,1,181,0
7,-5,25,1,181,0
6,-2,96,1,181,0
5,6,103,1,181,0
4,5,112,1,181,0
3,4,126,1,181,0
2,3,181,1,181,0
0,-4,142,1,181,0
1,-7,156,1,181,0
-2,-1,164,1,181,0
-4,2,167,1,181,0
1,2,169,1,181,0
3,-3,174,1,181,0
-3,-4,176,1,181,0
-3,2,55,1,181,0
6,-3,58,1,181,0
8,0,125,1,181,0
2,4,77,1,181,0
4,-7,79,1,181,0
-4,3,84,1,181,0
1,3,85,1,181,0
5,7,102,1,181,0
4,6,111,1,181,0
3,5,119,1,181,0
7,-6,139,1,181,0
0,-5,149,1,181,0
1,-8,153,1,181,0
2,-1,159,1,181,0
-2,-2,159,1,181,0
3,-4,169,1,181,0
-1,0,174,1,181,0
-3,-5,176,1,181,0
-5,5,9,1,181,0
2,5,17,1,181,0
7,0,123,1,181,0
3,6,53,1,181,0
6,-4,57,1,181,0
-3,3,63,1,181,0
-4,4,76,1,181,0
1,4,78,1,181,0
4,7,96,1,181,0
-8,-1,102,1,181,0
7,-7,112,1,181,0
8,1,128,1,181,0
-5,-2,153,1,181,0
2,-2,162,1,181,0
-2,-3,163,1,181,0
-3,-6,178,1,181,0
-1,1,179,1,181,0
0,-6,179,1,181,0
1,5,11,1,181,0
-4,5,15,1,181,0
6,0,49,1,181,0
2,6,44,1,181,0
6,-5,44,1,181,0
-2,3,49,1,181,0
8,-1,67,1,181,0
-3,4,69,1,181,0
-8,-2,94,1,181,0
-2,-4,124,1,181,0
7,1,135,1,181,0
-5,-3,159,1,181,0
-1,-1,167,1,181,0
0,-7,168,1,181,0
-3,-7,179,1,181,0
2,-3,179,1,181,0
5,0,39,1,181,0
-5,-4,12,1,181,0
2,7,18,1,181,0
1,6,36,1,181,0
5,-3,67,1,181,0
8,-2,86,1,181,0
3,-7,94,1,181,0
-2,-5,117,1,181,0
2,-4,119,1,181,0
6,1,143,1,181,0
1,-1,141,1,181,0
-4,-1,143,1,181,0
6,-6,146,1,181,0
-1,-2,146,1,181,0
0,-8,149,1,181,0
4,-1,9,1,181,0
0,6,4,1,181,0
4,0,11,1,181,0
-5,-5,15,1,181,0
5,1,149,1,181,0
1,7,26,1,181,0
-1,-3,44,1,181,0
5,-4,64,1,181,0
6,-7,74,1,181,0
-7,-1,103,1,181,0
-7,0,128,1,181,0
-4,-2,135,1,181,0
1,-2,168,1,181,0
1,8,11,1,181,0
-8,2,11,1,181,0
-4,-3,65,1,181,0
7,-1,118,1,181,0
-7,-2,95,1,181,0
-1,-4,98,1,181,0
-7,1,119,1,181,0
3,0,125,1,181,0
-6,0,138,1,181,0
5,2,147,1,181,0
4,1,157,1,181,0
5,-5,153,1,181,0
-2,-7,169,1,181,0
1,-3,175,1,181,0
-8,3,7,1,182,0
8,-5,9,1,182,0
-7,2,14,1,182,0
7,-2,94,1,182,0
4,-3,78,1,182,0
2,-7,108,1,182,0
-1,-5,112,1,182,0
1,-4,129,1,182,0
-3,-1,133,1,182,0
0,-1,136,1,182,0
5,-6,149,1,182,0
4,2,168,1,182,0
-5,0,153,1,182,0
-4,-4,168,1,182,0
2,0,181,1,182,0
8,-6,7,1,182,0
-4,-5,19,1,182,0
5,-7,83,1,182,0
3,-1,129,1,182,0
0,-2,139,1,182,0
-6,-1,144,1,182,0
1,0,149,1,182,0
-3,-2,153,1,182,0
-5,1,159,1,182,0
-1,-6,159,1,182,0
4,-4,162,1,182,0
3,2,176,1,182,0
2,1,178,1,182,0
-4,0,181,1,182,0
8,-7,6,1,182,0
6,-1,97,1,182,0
3,-2,116,1,182,0
-3,0,123,1,182,0
3,3,128,1,182,0
2,2,179,1,182,0
-6,-2,147,1,182,0
4,-5,161,1,182,0
-1,-7,163,1,182,0
-5,2,165,1,182,0
1,1,171,1,182,0
-4,1,176,1,182,0
-3,-3,179,1,182,0
0,-3,181,1,182,0
-4,-6,181,1,182,0
7,-5,25,1,182,0
6,-2,96,1,182,0
5,6,103,1,182,0
4,5,112,1,182,0
3,4,126,1,182,0
2,3,182,1,182,0
0,-4,142,1,182,0
1,-7,156,1,182,0
-2,-1,164,1,182,0
-4,2,167,1,182,0
1,2,169,1,182,0
3,-3,174,1,182,0
-3,-4,181,1,182,0
-3,2,55,1,182,0
6,-3,58,1,182,0
8,0,125,1,182,0
2,4,77,1,182,0
4,-7,79,1,182,0
-4,3,84,1,182,0
1,3,85,1,182,0
5,7,102,1,182,0
4,6,111,1,182,0
3,5,119,1,182,0
7,-6,139,1,182,0
0,-5,149,1,182,0
1,-8,153,1,182,0
2,-1,159,1,182,0
-2,-2,159,1,182,0
3,-4,169,1,182,0
-1,0,174,1,182,0
-3,-5,176,1,182,0
-5,5,9,1,182,0
2,5,17,1,182,0
7,0,123,1,182,0
3,6,53,1,182,0
6,-4,57,1,182,0
-3,3,63,1,182,0
-4,4,76,1,182,0
1,4,78,1,182,0
4,7,96,1,182,0
-8,-1,102,1,182,0
7,-7,112,1,182,0
8,1,128,1,182,0
-5,-2,153,1,182,0
2,-2,162,1,182,0
-2,-3,163,1,182,0
-3,-6,178,1,182,0
-1,1,181,1,182,0
0,-6,181,1,182,0
1,5,11,1,182,0
-4,5,15,1,182,0
6,0,49,1,182,0
2,6,44,1,182,0
6,-5,44,1,182,0
-2,3,49,1,182,0
8,-1,67,1,182,0
-3,4,69,1,182,0
-8,-2,94,1,182,0
-2,-4,124,1,182,0
7,1,135,1,182,0
-5,-3,159,1,182,0
-1,-1,167,1,182,0
0,-7,168,1,182,0
-3,-7,179,1,182,0
2,-3,181,1,182,0
5,0,39,1,182,0
-5,-4,12,1,182,0
2,7,18,1,182,0
1,6,36,1,182,0
5,-3,67,1,182,0
8,-2,86,1,182,0
3,-7,94,1,182,0
-2,-5,117,1,182,0
2,-4,119,1,182,0
6,1,143,1,182,0
1,-1,141,1,182,0
-4,-1,143,1,182,0
6,-6,146,1,182,0
-1,-2,146,1,182,0
0,-8,149,1,182,0
4,-1,9,1,182,0
0,6,4,1,182,0
4,0,11,1,182,0
-5,-5,15,1,182,0
5,1,149,1,182,0
1,7,26,1,182,0
-1,-3,44,1,182,0
5,-4,64,1,182,0
6,-7,74,1,182,0
-7,-1,103,1,182,0
-7,0,128,1,182,0
-4,-2,135,1,182,0
1,-2,168,1,182,0
1,8,11,1,182,0
-8,2,11,1,182,0
-4,-3,65,1,182,0
7,-1,118,1,182,0
-7,-2,95,1,182,0
-1,-4,98,1,182,0
-7,1,119,1,182,0
3,0,125,1,182,0
-6,0,138,1,182,0
5,2,147,1,182,0
4,1,157,1,182,0
5,-5,153,1,182,0
-2,-7,169,1,182,0
1,-3,175,1,182,0
-8,3,7,1,183,0
8,-5,9,1,183,0
-7,2,14,1,183,0
7,-2,94,1,183,0
4,-3,78,1,183,0
2,-7,108,1,183,0
-1,-5,112,1,183,0
1,-4,129,1,183,0
-3,-1,133,1,183,0
0,-1,136,1,183,0
5,-6,149,1,183,0
4,2,168,1,183,0
-5,0,153,1,183,0
-4,-4,168,1,183,0
2,0,182,1,183,0
8,-6,7,1,183,0
-4,-5,19,1,183,0
5,-7,83,1,183,0
3,-1,129,1,183,0
0,-2,139,1,183,0
-6,-1,144,1,183,0
1,0,149,1,183,0
-3,-2,153,1,183,0
-5,1,159,1,183,0
-1,-6,159,1,183,0
4,-4,162,1,183,0
3,2,176,1,183,0
2,1,178,1,183,0
-4,0,182,1,183,0
8,-7,6,1,183,0
6,-1,97,1,183,0
3,-2,116,1,183,0
-3,0,123,1,183,0
3,3,128,1,183,0
2,2,179,1,183,0
-6,-2,147,1,183,0
4,-5,161,1,183,0
-1,-7,163,1,183,0
-5,2,165,1,183,0
1,1,171,1,183,0
-4,1,176,1,183,0
-3,-3,179,1,183,0
0,-3,182,1,183,0
-4,-6,182,1,183,0
7,-5,25,1,183,0
6,-2,96,1,183,0
5,6,103,1,183,0
4,5,112,1,183,0
3,4,126,1,183,0
2,3,183,1,183,0
0,-4,142,1,183,0
1,-7,156,1,183,0
-2,-1,164,1,183,0
-4,2,167,1,183,0
1,2,169,1,183,0
3,-3,174,1,183,0
-3,-4,182,1,183,0
-3,2,55,1,183,0
6,-3,58,1,183,0
8,0,125,1,183,0
2,4,77,1,183,0
4,-7,79,1,183,0
-4,3,84,1,183,0
1,3,85,1,183,0
5,7,102,1,183,0
4,6,111,1,183,0
3,5,119,1,183,0
7,-6,139,1,183,0
0,-5,149,1,183,0
1,-8,153,1,183,0
2,-1,159,1,183,0
-2,-2,159,1,183,0
3,-4,169,1,183,0
-1,0,174,1,183,0
-3,-5,176,1,183,0
-5,5,9,1,183,0
2,5,17,1,183,0
7,0,123,1,183,0
3,6,53,1,183,0
6,-4,57,1,183,0
-3,3,63,1,183,0
-4,4,76,1,183,0
1,4,78,1,183,0
4,7,96,1,183,0
-8,-1,102,1,183,0
7,-7,112,1,183,0
8,1,128,1,183,0
-5,-2,153,1,183,0
2,-2,162,1,183,0
-2,-3,163,1,183,0
-3,-6,178,1,183,0
-1,1,181,1,183,0
0,-6,182,1,183,0
1,5,11,1,183,0
-4,5,15,1,183,0
6,0,49,1,183,0
2,6,44,1,183,0
6,-5,44,1,183,0
-2,3,49,1,183,0
8,-1,67,1,183,0
-3,4,69,1,183,0
-8,-2,94,1,183,0
-2,-4,124,1,183,0
7,1,135,1,183,0
-5,-3,159,1,183,0
-1,-1,167,1,183,0
0,-7,168,1,183,0
2,-3,181,1,183,0
-3,-7,182,1,183,0
-1,2,182,1,183,0
5,0,39,1,183,0
-5,-4,12,1,183,0
2,7,18,1,183,0
1,6,36,1,183,0
5,-3,67,1,183,0
8,-2,86,1,183,0
3,-7,94,1,183,0
-2,-5,117,1,183,0
6,1,143,1,183,0
1,-1,141,1,183,0
-4,-1,143,1,183,0
6,-6,146,1,183,0
-1,-2,146,1,183,0
0,-8,149,1,183,0
2,-4,182,1,183,0
4,-1,9,1,183,0
0,6,4,1,183,0
4,0,11,1,183,0
-5,-5,15,1,183,0
5,1,149,1,183,0
1,7,26,1,183,0
-1,-3,44,1,183,0
5,-4,64,1,183,0
6,-7,74,1,183,0
-7,-1,103,1,183,0
-7,0,128,1,183,0
-4,-2,135,1,183,0
1,-2,168,1,183,0
1,8,11,1,183,0
-8,2,11,1,183,0
-4,-3,65,1,183,0
7,-1,118,1,183,0
-7,-2,95,1,183,0
-1,-4,98,1,183,0
-7,1,119,1,183,0
3,0,125,1,183,0
-6,0,138,1,183,0
5,2,147,1,183,0
4,1,157,1,183,0
5,-5,153,1,183,0
-2,-7,169,1,183,0
1,-3,175,1,183,0
-8,3,7,1,184,0
8,-5,9,1,184,0
-7,2,14,1,184,0
7,-2,94,1,184,0
4,-3,78,1,184,0
2,-7,108,1,184,0
-1,-5,112,1,184,0
1,-4,129,1,184,0
-3,-1,133,1,184,0
0,-1,136,1,184,0
5,-6,149,1,184,0
4,2,168,1,184,0
-5,0,153,1,184,0
-4,-4,168,1,184,0
2,0,183,1,184,0
8,-6,7,1,184,0
-4,-5,19,1,184,0
5,-7,83,1,184,0
3,-1,129,1,184,0
0,-2,139,1,184,0
-6,-1,144,1,184,0
1,0,149,1,184,0
-3,-2,153,1,184,0
-5,1,159,1,184,0
-1,-6,159,1,184,0
4,-4,162,1,184,0
3,2,176,1,184,0
2,1,178,1,184,0
-4,0,183,1,184,0
8,-7,6,1,184,0
6,-1,97,1,184,0
3,-2,116,1,184,0
-3,0,123,1,184,0
3,3,128,1,184,0
2,2,179,1,184,0
-6,-2,147,1,184,0
4,-5,161,1,184,0
-1,-7,163,1,184,0
-5,2,165,1,184,0
1,1,171,1,184,0
-4,1,176,1,184,0
-3,-3,179,1,184,0
0,-3,182,1,184,0
-4,-6,183,1,184,0
7,-5,25,1,184,0
6,-2,96,1,184,0
5,6,103,1,184,0
4,5,112,1,184,0
3,4,126,1,184,0
2,3,184,1,184,0
0,-4,142,1,184,0
1,-7,156,1,184,0
-2,-1,164,1,184,0
-4,2,167,1,184,0
1,2,169,1,184,0
3,-3,174,1,184,0
-3,-4,183,1,184,0
-3,2,55,1,184,0
6,-3,58,1,184,0
8,0,125,1,184,0
2,4,77,1,184,0
4,-7,79,1,184,0
-4,3,84,1,184,0
1,3,85,1,184,0
5,7,102,1,184,0
4,6,111,1,184,0
3,5,119,1,184,0
7,-6,139,1,184,0
0,-5,149,1,184,0
1,-8,153,1,184,0
2,-1,159,1,184,0
-2,-2,159,1,184,0
3,-4,169,1,184,0
-1,0,174,1,184,0
-3,-5,176,1,184,0
-5,5,9,1,184,0
2,5,17,1,184,0
7,0,123,1,184,0
3,6,53,1,184,0
6,-4,57,1,184,0
-3,3,63,1,184,0
-4,4,76,1,184,0
1,4,78,1,184,0
4,7,96,1,184,0
-8,-1,102,1,184,0
7,-7,112,1,184,0
8,1,128,1,184,0
-5,-2,153,1,184,0
2,-2,162,1,184,0
-2,-3,163,1,184,0
-3,-6,178,1,184,0
-1,1,181,1,184,0
0,-6,183,1,184,0
1,5,11,1,184,0
-4,5,15,1,184,0
6,0,49,1,184,0
2,6,44,1,184,0
6,-5,44,1,184,0
-2,3,49,1,184,0
8,-1,67,1,184,0
-3,4,69,1,184,0
-8,-2,94,1,184,0
-2,-4,124,1,184,0
7,1,135,1,184,0
-5,-3,159,1,184,0
-1,-1,167,1,184,0
0,-7,168,1,184,0
2,-3,181,1,184,0
-3,-7,183,1,184,0
-1,2,183,1,184,0
5,0,39,1,184,0
-5,-4,12,1,184,0
2,7,18,1,184,0
1,6,36,1,184,0
5,-3,67,1,184,0
8,-2,86,1,184,0
3,-7,94,1,184,0
-2,-5,117,1,184,0
6,1,143,1,184,0
1,-1,141,1,184,0
-4,-1,143,1,184,0
6,-6,146,1,184,0
-1,-2,146,1,184,0
0,-8,149,1,184,0
2,-4,183,1,184,0
4,-1,9,1,184,0
0,6,4,1,184,0
4,0,11,1,184,0
-5,-5,15,1,184,0
5,1,149,1,184,0
1,7,26,1,184,0
5,-4,64,1,184,0
6,-7,74,1,184,0
-7,-1,103,1,184,0
-7,0,128,1,184,0
-4,-2,135,1,184,0
1,-2,168,1,184,0
-1,-3,183,1,184,0
1,8,11,1,184,0
-8,2,11,1,184,0
-4,-3,65,1,184,0
7,-1,118,1,184,0
-7,-2,95,1,184,0
-1,-4,98,1,184,0
-7,1,119,1,184,0
3,0,125,1,184,0
-6,0,138,1,184,0
5,2,147,1,184,0
4,1,157,1,184,0
5,-5,153,1,184,0
-2,-7,169,1,184,0
1,-3,175,1,184,0
-8,3,7,1,185,0
8,-5,9,1,185,0
-7,2,14,1,185,0
7,-2,94,1,185,0
4,-3,78,1,185,0
2,-7,108,1,185,0
-1,-5,112,1,185,0
1,-4,129,1,185,0
-3,-1,133,1,185,0
0,-1,136,1,185,0
5,-6,149,1,185,0
4,2,168,1,185,0
-5,0,153,1,185,0
-4,-4,168,1,185,0
2,0,184,1,185,0
8,-6,7,1,185,0
-4,-5,19,1,185,0
5,-7,83,1,185,0
3,-1,129,1,185,0
0,-2,139,1,185,0
-6,-1,144,1,185,0
1,0,149,1,185,0
-3,-2,153,1,185,0
-5,1,159,1,185,0
-1,-6,159,1,185,0
4,-4,162,1,185,0
3,2,176,1,185,0
2,1,178,1,185,0
-4,0,184,1,185,0
8,-7,6,1,185,0
6,-1,97,1,185,0
3,-2,116,1,185,0
-3,0,123,1,185,0
3,3,128,1,185,0
2,2,185,1,185,0
-6,-2,147,1,185,0
4,-5,161,1,185,0
-1,-7,163,1,185,0
-5,2,165,1,185,0
1,1,171,1,185,0
-4,1,176,1,185,0
-3,-3,179,1,185,0
0,-3,182,1,185,0
-4,-6,184,1,185,0
7,-5,25,1,185,0
6,-2,96,1,185,0
5,6,103,1,185,0
4,5,112,1,185,0
3,4,126,1,185,0
2,3,184,1,185,0
0,-4,142,1,185,0
1,-7,156,1,185,0
-2,-1,164,1,185,0
-4,2,167,1,185,0
1,2,169,1,185,0
3,-3,174,1,185,0
-3,-4,184,1,185,0
-3,2,55,1,185,0
6,-3,58,1,185,0
8,0,125,1,185,0
2,4,77,1,185,0
4,-7,79,1,185,0
-4,3,84,1,185,0
1,3,85,1,185,0
5,7,102,1,185,0
4,6,111,1,185,0
3,5,119,1,185,0
7,-6,139,1,185,0
0,-5,149,1,185,0
1,-8,153,1,185,0
2,-1,159,1,185,0
-2,-2,159,1,185,0
3,-4,169,1,185,0
-1,0,174,1,185,0
-3,-5,176,1,185,0
-5,5,9,1,185,0
2,5,17,1,185,0
7,0,123,1,185,0
3,6,53,1,185,0
6,-4,57,1,185,0
-3,3,63,1,185,0
-4,4,76,1,185,0
1,4,78,1,185,0
4,7,96,1,185,0
-8,-1,102,1,185,0
7,-7,112,1,185,0
8,1,128,1,185,0
-5,-2,153,1,185,0
2,-2,162,1,185,0
-2,-3,163,1,185,0
-3,-6,178,1,185,0
-1,1,181,1,185,0
0,-6,184,1,185,0
1,5,11,1,185,0
-4,5,15,1,185,0
6,0,49,1,185,0
2,6,44,1,185,0
6,-5,44,1,185,0
-2,3,49,1,185,0
8,-1,67,1,185,0
-3,4,69,1,185,0
-8,-2,94,1,185,0
-2,-4,124,1,185,0
7,1,135,1,185,0
-5,-3,159,1,185,0
-1,-1,167,1,185,0
0,-7,168,1,185,0
2,-3,181,1,185,0
-3,-7,183,1,185,0
-1,2,184,1,185,0
5,0,39,1,185,0
-5,-4,12,1,185,0
2,7,18,1,185,0
1,6,36,1,185,0
5,-3,67,1,185,0
8,-2,86,1,185,0
3,-7,94,1,185,0
-2,-5,117,1,185,0
6,1,143,1,185,0
1,-1,141,1,185,0
-4,-1,143,1,185,0
6,-6,146,1,185,0
-1,-2,146,1,185,0
0,-8,149,1,185,0
2,-4,184,1,185,0
4,-1,9,1,185,0
0,6,4,1,185,0
4,0,11,1,185,0
-5,-5,15,1,185,0
5,1,149,1,185,0
1,7,26,1,185,0
5,-4,64,1,185,0
6,-7,74,1,185,0
-7,-1,103,1,185,0
-7,0,128,1,185,0
-4,-2,135,1,185,0
1,-2,168,1,185,0
-1,-3,184,1,185,0
1,8,11,1,185,0
-8,2,11,1,185,0
-4,-3,65,1,185,0
7,-1,118,1,185,0
-7,-2,95,1,185,0
-1,-4,98,1,185,0
-7,1,119,1,185,0
3,0,125,1,185,0
-6,0,138,1,185,0
5,2,147,1,185,0
4,1,157,1,185,0
5,-5,153,1,185,0
-2,-7,169,1,185,0
1,-3,175,1,185,0
-8,3,7,1,186,0
8,-5,9,1,186,0
-7,2,14,1,186,0
7,-2,94,1,186,0
4,-3,78,1,186,0
2,-7,108,1,186,0
-1,-5,112,1,186,0
1,-4,129,1,186,0
-3,-1,133,1,186,0
0,-1,136,1,186,0
5,-6,149,1,186,0
4,2,168,1,186,0
-5,0,153,1,186,0
-4,-4,168,1,186,0
2,0,185,1,186,0
8,-6,7,1,186,0
-4,-5,19,1,186,0
5,-7,83,1,186,0
3,-1,129,1,186,0
0,-2,139,1,186,0
-6,-1,144,1,186,0
1,0,149,1,186,0
-3,-2,153,1,186,0
-5,1,159,1,186,0
-1,-6,159,1,186,0
4,-4,162,1,186,0
3,2,176,1,186,0
2,1,178,1,186,0
-4,0,185,1,186,0
8,-7,6,1,186,0
6,-1,97,1,186,0
3,-2,116,1,186,0
-3,0,123,1,186,0
3,3,128,1,186,0
2,2,186,1,186,0
-6,-2,147,1,186,0
4,-5,161,1,186,0
-1,-7,163,1,186,0
-5,2,165,1,186,0
1,1,171,1,186,0
-4,1,176,1,186,0
-3,-3,179,1,186,0
0,-3,182,1,186,0
-4,-6,185,1,186,0
7,-5,25,1,186,0
6,-2,96,1,186,0
5,6,103,1,186,0
4,5,112,1,186,0
3,4,126,1,186,0
2,3,184,1,186,0
0,-4,142,1,186,0
1,-7,156,1,186,0
-2,-1,164,1,186,0
-4,2,167,1,186,0
1,2,169,1,186,0
3,-3,174,1,186,0
-3,-4,185,1,186,0
-3,2,55,1,186,0
6,-3,58,1,186,0
8,0,125,1,186,0
2,4,77,1,186,0
4,-7,79,1,186,0
-4,3,84,1,186,0
1,3,85,1,186,0
5,7,102,1,186,0
4,6,111,1,186,0
3,5,119,1,186,0
7,-6,139,1,186,0
1,-8,153,1,186,0
2,-1,159,1,186,0
-2,-2,159,1,186,0
3,-4,169,1,186,0
-1,0,174,1,186,0
-3,-5,176,1,186,0
0,-5,185,1,186,0
-5,5,9,1,186,0
2,5,17,1,186,0
7,0,123,1,186,0
3,6,53,1,186,0
6,-4,57,1,186,0
-3,3,63,1,186,0
-4,4,76,1,186,0
1,4,78,1,186,0
4,7,96,1,186,0
-8,-1,102,1,186,0
7,-7,112,1,186,0
8,1,128,1,186,0
-5,-2,153,1,186,0
2,-2,162,1,186,0
-2,-3,163,1,186,0
-3,-6,178,1,186,0
-1,1,181,1,186,0
0,-6,184,1,186,0
1,5,11,1,186,0
-4,5,15,1,186,0
6,0,49,1,186,0
2,6,44,1,186,0
6,-5,44,1,186,0
-2,3,49,1,186,0
8,-1,67,1,186,0
-3,4,69,1,186,0
-8,-2,94,1,186,0
-2,-4,124,1,186,0
7,1,135,1,186,0
-5,-3,159,1,186,0
-1,-1,167,1,186,0
0,-7,168,1,186,0
2,-3,181,1,186,0
-3,-7,185,1,186,0
-1,2,185,1,186,0
5,0,39,1,186,0
-5,-4,12,1,186,0
2,7,18,1,186,0
1,6,36,1,186,0
5,-3,67,1,186,0
8,-2,86,1,186,0
3,-7,94,1,186,0
-2,-5,117,1,186,0
6,1,143,1,186,0
1,-1,141,1,186,0
-4,-1,143,1,186,0
6,-6,146,1,186,0
-1,-2,146,1,186,0
0,-8,149,1,186,0
2,-4,185,1,186,0
4,-1,9,1,186,0
0,6,4,1,186,0
4,0,11,1,186,0
-5,-5,15,1,186,0
5,1,149,1,186,0
1,7,26,1,186,0
5,-4,64,1,186,0
6,-7,74,1,186,0
-7,-1,103,1,186,0
-7,0,128,1,186,0
-4,-2,135,1,186,0
1,-2,168,1,186,0
-1,-3,185,1,186,0
1,8,11,1,186,0
-8,2,11,1,186,0
-4,-3,65,1,186,0
7,-1,118,1,186,0
-7,-2,95,1,186,0
-1,-4,98,1,186,0
-7,1,119,1,186,0
3,0,125,1,186,0
-6,0,138,1,186,0
5,2,147,1,186,0
4,1,157,1,186,0
5,-5,153,1,186,0
-2,-7,169,1,186,0
1,-3,175,1,186,0
-8,3,7,1,187,0
8,-5,9,1,187,0
-7,2,14,1,187,0
7,-2,94,1,187,0
4,-3,78,1,187,0
2,-7,108,1,187,0
-1,-5,112,1,187,0
1,-4,129,1,187,0
-3,-1,133,1,187,0
0,-1,136,1,187,0
5,-6,149,1,187,0
4,2,168,1,187,0
-5,0,153,1,187,0
-4,-4,168,1,187,0
2,0,186,1,187,0
8,-6,7,1,187,0
-4,-5,19,1,187,0
5,-7,83,1,187,0
3,-1,129,1,187,0
0,-2,139,1,187,0
-6,-1,144,1,187,0
1,0,149,1,187,0
-3,-2,153,1,187,0
-5,1,159,1,187,0
-1,-6,159,1,187,0
4,-4,162,1,187,0
3,2,176,1,187,0
2,1,178,1,187,0
-4,0,186,1,187,0
8,-7,6,1,187,0
6,-1,97,1,187,0
3,-2,116,1,187,0
-3,0,123,1,187,0
3,3,128,1,187,0
2,2,187,1,187,0
-6,-2,147,1,187,0
4,-5,161,1,187,0
-1,-7,163,1,187,0
-5,2,165,1,187,0
1,1,171,1,187,0
-4,1,176,1,187,0
-3,-3,179,1,187,0
0,-3,182,1,187,0
-4,-6,185,1,187,0
7,-5,25,1,187,0
6,-2,96,1,187,0
5,6,103,1,187,0
4,5,112,1,187,0
3,4,126,1,187,0
2,3,184,1,187,0
0,-4,142,1,187,0
1,-7,156,1,187,0
-2,-1,164,1,187,0
-4,2,167,1,187,0
1,2,169,1,187,0
3,-3,174,1,187,0
-3,-4,186,1,187,0
-3,2,55,1,187,0
6,-3,58,1,187,0
8,0,125,1,187,0
2,4,77,1,187,0
4,-7,79,1,187,0
-4,3,84,1,187,0
1,3,85,1,187,0
5,7,102,1,187,0
4,6,111,1,187,0
3,5,119,1,187,0
7,-6,139,1,187,0
1,-8,153,1,187,0
2,-1,159,1,187,0
-2,-2,159,1,187,0
3,-4,169,1,187,0
-1,0,174,1,187,0
-3,-5,176,1,187,0
0,-5,186,1,187,0
-5,5,9,1,187,0
2,5,17,1,187,0
7,0,123,1,187,0
3,6,53,1,187,0
6,-4,57,1,187,0
-3,3,63,1,187,0
-4,4,76,1,187,0
1,4,78,1,187,0
4,7,96,1,187,0
-8,-1,102,1,187,0
7,-7,112,1,187,0
8,1,128,1,187,0
-5,-2,153,1,187,0
2,-2,162,1,187,0
-2,-3,163,1,187,0
-1,1,181,1,187,0
0,-6,184,1,187,0
-3,-6,186,1,187,0
1,5,11,1,187,0
-4,5,15,1,187,0
6,0,49,1,187,0
2,6,44,1,187,0
6,-5,44,1,187,0
-2,3,49,1,187,0
8,-1,67,1,187,0
-3,4,69,1,187,0
-8,-2,94,1,187,0
-2,-4,124,1,187,0
7,1,135,1,187,0
-5,-3,159,1,187,0
-1,-1,167,1,187,0
0,-7,168,1,187,0
-3,-7,186,1,187,0
-1,2,186,1,187,0
2,-3,186,1,187,0
5,0,39,1,187,0
-5,-4,12,1,187,0
2,7,18,1,187,0
1,6,36,1,187,0
5,-3,67,1,187,0
8,-2,86,1,187,0
3,-7,94,1,187,0
-2,-5,117,1,187,0
6,1,143,1,187,0
1,-1,141,1,187,0
-4,-1,143,1,187,0
6,-6,146,1,187,0
-1,-2,146,1,187,0
0,-8,149,1,187,0
2,-4,185,1,187,0
4,-1,9,1,187,0
0,6,4,1,187,0
4,0,11,1,187,0
-5,-5,15,1,187,0
5,1,149,1,187,0
1,7,26,1,187,0
5,-4,64,1,187,0
6,-7,74,1,187,0
-7,-1,103,1,187,0
-7,0,128,1,187,0
-4,-2,135,1,187,0
1,-2,168,1,187,0
-1,-3,186,1,187,0
1,8,11,1,187,0
-8,2,11,1,187,0
-4,-3,65,1,187,0
7,-1,118,1,187,0
-7,-2,95,1,187,0
-1,-4,98,1,187,0
-7,1,119,1,187,0
3,0,125,1,187,0
-6,0,138,1,187,0
5,2,147,1,187,0
4,1,157,1,187,0
5,-5,153,1,187,0
-2,-7,169,1,187,0
1,-3,175,1,187,0
-8,3,7,1,188,0
8,-5,9,1,188,0
-7,2,14,1,188,0
7,-2,94,1,188,0
4,-3,78,1,188,0
2,-7,108,1,188,0
-1,-5,112,1,188,0
1,-4,129,1,188,0
-3,-1,133,1,188,0
0,-1,136,1,188,0
5,-6,149,1,188,0
4,2,168,1,188,0
-5,0,153,1,188,0
-4,-4,168,1,188,0
2,0,187,1,188,0
8,-6,7,1,188,0
-4,-5,19,1,188,0
5,-7,83,1,188,0
3,-1,129,1,188,0
0,-2,139,1,188,0
-6,-1,144,1,188,0
1,0,149,1,188,0
-3,-2,153,1,188,0
-5,1,159,1,188,0
-1,-6,159,1,188,0
4,-4,162,1,188,0
3,2,176,1,188,0
2,1,178,1,188,0
-4,0,187,1,188,0
8,-7,6,1,188,0
6,-1,97,1,188,0
3,-2,116,1,188,0
-3,0,123,1,188,0
3,3,128,1,188,0
2,2,188,1,188,0
-6,-2,147,1,188,0
4,-5,161,1,188,0
-1,-7,163,1,188,0
-5,2,165,1,188,0
1,1,171,1,188,0
-4,1,176,1,188,0
-3,-3,179,1,188,0
0,-3,182,1,188,0
-4,-6,187,1,188,0
7,-5,25,1,188,0
6,-2,96,1,188,0
5,6,103,1,188,0
4,5,112,1,188,0
3,4,126,1,188,0
2,3,184,1,188,0
0,-4,142,1,188,0
1,-7,156,1,188,0
-2,-1,164,1,188,0
-4,2,167,1,188,0
1,2,169,1,188,0
3,-3,174,1,188,0
-3,-4,187,1,188,0
-3,2,55,1,188,0
6,-3,58,1,188,0
8,0,125,1,188,0
2,4,77,1,188,0
4,-7,79,1,188,0
-4,3,84,1,188,0
1,3,85,1,188,0
5,7,102,1,188,0
4,6,111,1,188,0
3,5,119,1,188,0
7,-6,139,1,188,0
1,-8,153,1,188,0
2,-1,159,1,188,0
-2,-2,159,1,188,0
3,-4,169,1,188,0
-1,0,174,1,188,0
-3,-5,176,1,188,0
0,-5,187,1,188,0
-5,5,9,1,188,0
2,5,17,1,188,0
7,0,123,1,188,0
3,6,53,1,188,0
6,-4,57,1,188,0
-3,3,63,1,188,0
-4,4,76,1,188,0
1,4,78,1,188,0
4,7,96,1,188,0
-8,-1,102,1,188,0
7,-7,112,1,188,0
8,1,128,1,188,0
-5,-2,153,1,188,0
2,-2,162,1,188,0
-2,-3,163,1,188,0
-1,1,181,1,188,0
0,-6,184,1,188,0
-3,-6,186,1,188,0
1,5,11,1,188,0
-4,5,15,1,188,0
6,0,49,1,188,0
2,6,44,1,188,0
6,-5,44,1,188,0
-2,3,49,1,188,0
8,-1,67,1,188,0
-3,4,69,1,188,0
-8,-2,94,1,188,0
-2,-4,124,1,188,0
7,1,135,1,188,0
-5,-3,159,1,188,0
-1,-1,167,1,188,0
0,-7,168,1,188,0
-3,-7,187,1,188,0
-1,2,187,1,188,0
2,-3,187,1,188,0
5,0,39,1,188,0
-5,-4,12,1,188,0
2,7,18,1,188,0
1,6,36,1,188,0
5,-3,67,1,188,0
8,-2,86,1,188,0
3,-7,94,1,188,0
-2,-5,117,1,188,0
6,1,143,1,188,0
1,-1,141,1,188,0
-4,-1,143,1,188,0
6,-6,146,1,188,0
-1,-2,146,1,188,0
0,-8,149,1,188,0
2,-4,185,1,188,0
4,-1,9,1,188,0
0,6,4,1,188,0
4,0,11,1,188,0
-5,-5,15,1,188,0
5,1,149,1,188,0
1,7,26,1,188,0
5,-4,64,1,188,0
6,-7,74,1,188,0
-7,-1,103,1,188,0
-7,0,128,1,188,0
-4,-2,135,1,188,0
1,-2,168,1,188,0
-1,-3,187,1,188,0
1,8,11,1,188,0
-8,2,11,1,188,0
-4,-3,65,1,188,0
7,-1,118,1,188,0
-7,-2,95,1,188,0
-1,-4,98,1,188,0
-7,1,119,1,188,0
3,0,125,1,188,0
-6,0,138,1,188,0
5,2,147,1,188,0
4,1,157,1,188,0
5,-5,153,1,188,0
-2,-7,169,1,188,0
1,-3,175,1,188,0
-8,3,7,1,189,0
8,-5,9,1,189,0
-7,2,14,1,189,0
7,-2,94,1,189,0
4,-3,78,1,189,0
2,-7,108,1,189,0
-1,-5,112,1,189,0
1,-4,129,1,189,0
-3,-1,133,1,189,0
0,-1,136,1,189,0
5,-6,149,1,189,0
4,2,168,1,189,0
-5,0,153,1,189,0
-4,-4,168,1,189,0
2,0,188,1,189,0
8,-6,7,1,189,0
-4,-5,19,1,189,0
5,-7,83,1,189,0
3,-1,129,1,189,0
0,-2,139,1,189,0
-6,-1,144,1,189,0
1,0,149,1,189,0
-3,-2,153,1,189,0
-5,1,159,1,189,0
-1,-6,159,1,189,0
4,-4,162,1,189,0
3,2,176,1,189,0
2,1,178,1,189,0
-4,0,187,1,189,0
8,-7,6,1,189,0
6,-1,97,1,189,0
3,-2,116,1,189,0
-3,0,123,1,189,0
3,3,128,1,189,0
2,2,189,1,189,0
-6,-2,147,1,189,0
4,-5,161,1,189,0
-1,-7,163,1,189,0
-5,2,165,1,189,0
1,1,171,1,189,0
-4,1,176,1,189,0
-3,-3,179,1,189,0
0,-3,182,1,189,0
-4,-6,188,1,189,0
7,-5,25,1,189,0
6,-2,96,1,189,0
5,6,103,1,189,0
4,5,112,1,189,0
3,4,126,1,189,0
2,3,184,1,189,0
0,-4,142,1,189,0
1,-7,156,1,189,0
-2,-1,164,1,189,0
-4,2,167,1,189,0
1,2,169,1,189,0
3,-3,174,1,189,0
-3,-4,188,1,189,0
-3,2,55,1,189,0
6,-3,58,1,189,0
8,0,125,1,189,0
2,4,77,1,189,0
4,-7,79,1,189,0
-4,3,84,1,189,0
1,3,85,1,189,0
5,7,102,1,189,0
4,6,111,1,189,0
3,5,119,1,189,0
7,-6,139,1,189,0
1,-8,153,1,189,0
2,-1,159,1,189,0
-2,-2,159,1,189,0
3,-4,169,1,189,0
-1,0,174,1,189,0
-3,-5,176,1,189,0
0,-5,188,1,189,0
-5,5,9,1,189,0
2,5,17,1,189,0
7,0,123,1,189,0
3,6,53,1,189,0
6,-4,57,1,189,0
-3,3,63,1,189,0
-4,4,76,1,189,0
1,4,78,1,189,0
4,7,96,1,189,0
-8,-1,102,1,189,0
7,-7,112,1,189,0
8,1,128,1,189,0
-5,-2,153,1,189,0
2,-2,162,1,189,0
-2,-3,163,1,189,0
-1,1,181,1,189,0
0,-6,184,1,189,0
-3,-6,186,1,189,0
1,5,11,1,189,0
-4,5,15,1,189,0
6,0,49,1,189,0
2,6,44,1,189,0
6,-5,44,1,189,0
-2,3,49,1,189,0
8,-1,67,1,189,0
-3,4,69,1,189,0
-8,-2,94,1,189,0
-2,-4,124,1,189,0
7,1,135,1,189,0
-5,-3,159,1,189,0
-1,-1,167,1,189,0
0,-7,168,1,189,0
-3,-7,187,1,189,0
-1,2,187,1,189,0
2,-3,188,1,189,0
5,0,39,1,189,0
-5,-4,12,1,189,0
2,7,18,1,189,0
1,6,36,1,189,0
5,-3,67,1,189,0
8,-2,86,1,189,0
3,-7,94,1,189,0
-2,-5,117,1,189,0
6,1,143,1,189,0
1,-1,141,1,189,0
6,-6,146,1,189,0
-1,-2,146,1,189,0
0,-8,149,1,189,0
2,-4,185,1,189,0
-1,3,188,1,189,0
-4,-1,188,1,189,0
4,-1,9,1,189,0
0,6,4,1,189,0
4,0,11,1,189,0
-5,-5,15,1,189,0
5,1,149,1,189,0
1,7,26,1,189,0
5,-4,64,1,189,0
6,-7,74,1,189,0
-7,-1,103,1,189,0
-7,0,128,1,189,0
-4,-2,135,1,189,0
1,-2,168,1,189,0
-1,-3,188,1,189,0
1,8,11,1,189,0
-8,2,11,1,189,0
-4,-3,65,1,189,0
7,-1,118,1,189,0
-7,-2,95,1,189,0
-1,-4,98,1,189,0
-7,1,119,1,189,0
3,0,125,1,189,0
-6,0,138,1,189,0
5,2,147,1,189,0
4,1,157,1,189,0
5,-5,153,1,189,0
1,-3,175,1,189,0
-2,-7,188,1,189,0
-8,3,7,1,190,0
8,-5,9,1,190,0
-7,2,14,1,190,0
7,-2,94,1,190,0
4,-3,78,1,190,0
2,-7,108,1,190,0
-1,-5,112,1,190,0
1,-4,129,1,190,0
-3,-1,133,1,190,0
0,-1,136,1,190,0
5,-6,149,1,190,0
4,2,168,1,190,0
-5,0,153,1,190,0
-4,-4,168,1,190,0
2,0,189,1,190,0
8,-6,7,1,190,0
-4,-5,19,1,190,0
5,-7,83,1,190,0
3,-1,129,1,190,0
0,-2,139,1,190,0
-6,-1,144,1,190,0
1,0,149,1,190,0
-3,-2,153,1,190,0
-5,1,159,1,190,0
-1,-6,159,1,190,0
4,-4,162,1,190,0
3,2,176,1,190,0
2,1,178,1,190,0
-4,0,187,1,190,0
8,-7,6,1,190,0
6,-1,97,1,190,0
3,-2,116,1,190,0
-3,0,123,1,190,0
3,3,128,1,190,0
2,2,189,1,190,0
-6,-2,147,1,190,0
4,-5,161,1,190,0
-1,-7,163,1,190,0
-5,2,165,1,190,0
1,1,171,1,190,0
-4,1,176,1,190,0
-3,-3,179,1,190,0
0,-3,182,1,190,0
-4,-6,189,1,190,0
7,-5,25,1,190,0
6,-2,96,1,190,0
5,6,103,1,190,0
4,5,112,1,190,0
3,4,126,1,190,0
2,3,184,1,190,0
0,-4,142,1,190,0
1,-7,156,1,190,0
-2,-1,164,1,190,0
-4,2,167,1,190,0
1,2,169,1,190,0
3,-3,174,1,190,0
-3,-4,189,1,190,0
-3,2,55,1,190,0
6,-3,58,1,190,0
8,0,125,1,190,0
2,4,77,1,190,0
4,-7,79,1,190,0
-4,3,84,1,190,0
1,3,85,1,190,0
5,7,102,1,190,0
4,6,111,1,190,0
3,5,119,1,190,0
7,-6,139,1,190,0
1,-8,153,1,190,0
2,-1,159,1,190,0
-2,-2,159,1,190,0
3,-4,169,1,190,0
-1,0,174,1,190,0
-3,-5,176,1,190,0
0,-5,189,1,190,0
-5,5,9,1,190,0
2,5,17,1,190,0
7,0,123,1,190,0
3,6,53,1,190,0
6,-4,57,1,190,0
-3,3,63,1,190,0
-4,4,76,1,190,0
1,4,78,1,190,0
4,7,96,1,190,0
-8,-1,102,1,190,0
7,-7,112,1,190,0
8,1,128,1,190,0
-5,-2,153,1,190,0
2,-2,162,1,190,0
-2,-3,163,1,190,0
-1,1,181,1,190,0
0,-6,184,1,190,0
-3,-6,186,1,190,0
1,5,11,1,190,0
-4,5,15,1,190,0
6,0,49,1,190,0
2,6,44,1,190,0
6,-5,44,1,190,0
-2,3,49,1,190,0
8,-1,67,1,190,0
-3,4,69,1,190,0
-8,-2,94,1,190,0
-2,-4,124,1,190,0
7,1,135,1,190,0
-5,-3,159,1,190,0
-1,-1,167,1,190,0
0,-7,168,1,190,0
-3,-7,187,1,190,0
-1,2,187,1,190,0
2,-3,188,1,190,0
5,0,39,1,190,0
-5,-4,12,1,190,0
2,7,18,1,190,0
1,6,36,1,190,0
5,-3,67,1,190,0
8,-2,86,1,190,0
3,-7,94,1,190,0
-2,-5,117,1,190,0
6,1,143,1,190,0
1,-1,141,1,190,0
6,-6,146,1,190,0
0,-8,149,1,190,0
2,-4,185,1,190,0
-1,-2,189,1,190,0
-1,3,189,1,190,0
-4,-1,189,1,190,0
4,-1,9,1,190,0
0,6,4,1,190,0
4,0,11,1,190,0
-5,-5,15,1,190,0
5,1,149,1,190,0
1,7,26,1,190,0
5,-4,64,1,190,0
6,-7,74,1,190,0
-7,-1,103,1,190,0
-7,0,128,1,190,0
-4,-2,135,1,190,0
1,-2,168,1,190,0
-1,-3,188,1,190,0
1,8,11,1,190,0
-8,2,11,1,190,0
-4,-3,65,1,190,0
7,-1,118,1,190,0
-7,-2,95,1,190,0
-1,-4,98,1,190,0
-7,1,119,1,190,0
3,0,125,1,190,0
-6,0,138,1,190,0
5,2,147,1,190,0
4,1,157,1,190,0
5,-5,153,1,190,0
1,-3,175,1,190,0
-2,-7,189,1,190,0
-8,3,7,1,191,0
8,-5,9,1,191,0
-7,2,14,1,191,0
7,-2,94,1,191,0
4,-3,78,1,191,0
2,-7,108,1,191,0
-1,-5,112,1,191,0
1,-4,129,1,191,0
-3,-1,133,1,191,0
0,-1,136,1,191,0
5,-6,149,1,191,0
4,2,168,1,191,0
-5,0,153,1,191,0
-4,-4,168,1,191,0
2,0,189,1,191,0
8,-6,7,1,191,0
-4,-5,19,1,191,0
5,-7,83,1,191,0
3,-1,129,1,191,0
0,-2,139,1,191,0
-6,-1,144,1,191,0
1,0,149,1,191,0
-3,-2,153,1,191,0
-5,1,159,1,191,0
-1,-6,159,1,191,0
4,-4,162,1,191,0
3,2,176,1,191,0
2,1,178,1,191,0
-4,0,187,1,191,0
8,-7,6,1,191,0
6,-1,97,1,191,0
3,-2,116,1,191,0
-3,0,123,1,191,0
3,3,128,1,191,0
2,2,189,1,191,0
-6,-2,147,1,191,0
4,-5,161,1,191,0
-1,-7,163,1,191,0
-5,2,165,1,191,0
1,1,171,1,191,0
-4,1,176,1,191,0
-3,-3,179,1,191,0
0,-3,182,1,191,0
-4,-6,189,1,191,0
7,-5,25,1,191,0
6,-2,96,1,191,0
5,6,103,1,191,0
4,5,112,1,191,0
3,4,126,1,191,0
2,3,191,1,191,0
0,-4,142,1,191,0
1,-7,156,1,191,0
-2,-1,164,1,191,0
-4,2,167,1,191,0
1,2,169,1,191,0
3,-3,174,1,191,0
-3,-4,189,1,191,0
-3,2,55,1,191,0
6,-3,58,1,191,0
8,0,125,1,191,0
2,4,77,1,191,0
4,-7,79,1,191,0
-4,3,84,1,191,0
1,3,85,1,191,0
5,7,102,1,191,0
4,6,111,1,191,0
3,5,119,1,191,0
7,-6,139,1,191,0
1,-8,153,1,191,0
2,-1,159,1,191,0
-2,-2,159,1,191,0
3,-4,169,1,191,0
-1,0,174,1,191,0
-3,-5,176,1,191,0
0,-5,189,1,191,0
-5,5,9,1,191,0
2,5,17,1,191,0
7,0,123,1,191,0
3,6,53,1,191,0
6,-4,57,1,191,0
-3,3,63,1,191,0
-4,4,76,1,191,0
1,4,78,1,191,0
4,7,96,1,191,0
-8,-1,102,1,191,0
7,-7,112,1,191,0
8,1,128,1,191,0
-5,-2,153,1,191,0
2,-2,162,1,191,0
-2,-3,163,1,191,0
-1,1,181,1,191,0
0,-6,184,1,191,0
-3,-6,186,1,191,0
1,5,11,1,191,0
-4,5,15,1,191,0
6,0,49,1,191,0
2,6,44,1,191,0
6,-5,44,1,191,0
-2,3,49,1,191,0
8,-1,67,1,191,0
-3,4,69,1,191,0
-8,-2,94,1,191,0
-2,-4,124,1,191,0
7,1,135,1,191,0
-5,-3,159,1,191,0
-1,-1,167,1,191,0
0,-7,168,1,191,0
-3,-7,187,1,191,0
-1,2,187,1,191,0
2,-3,189,1,191,0
5,0,39,1,191,0
-5,-4,12,1,191,0
2,7,18,1,191,0
1,6,36,1,191,0
5,-3,67,1,191,0
8,-2,86,1,191,0
3,-7,94,1,191,0
-2,-5,117,1,191,0
6,1,143,1,191,0
1,-1,141,1,191,0
6,-6,146,1,191,0
0,-8,149,1,191,0
2,-4,185,1,191,0
-1,-2,189,1,191,0
-1,3,189,1,191,0
-4,-1,189,1,191,0
4,-1,9,1,191,0
0,6,4,1,191,0
4,0,11,1,191,0
-5,-5,15,1,191,0
5,1,149,1,191,0
1,7,26,1,191,0
5,-4,64,1,191,0
6,-7,74,1,191,0
-7,-1,103,1,191,0
-7,0,128,1,191,0
-4,-2,135,1,191,0
1,-2,168,1,191,0
-1,-3,188,1,191,0
1,8,11,1,191,0
-8,2,11,1,191,0
-4,-3,65,1,191,0
7,-1,118,1,191,0
-7,-2,95,1,191,0
-1,-4,98,1,191,0
-7,1,119,1,191,0
3,0,125,1,191,0
-6,0,138,1,191,0
5,2,147,1,191,0
4,1,157,1,191,0
5,-5,153,1,191,0
1,-3,175,1,191,0
-2,-7,189,1,191,0
-8,3,7,1,192,0
8,-5,9,1,192,0
-7,2,14,1,192,0
7,-2,94,1,192,0
4,-3,78,1,192,0
2,-7,108,1,192,0
-1,-5,112,1,192,0
1,-4,129,1,192,0
-3,-1,133,1,192,0
0,-1,136,1,192,0
5,-6,149,1,192,0
4,2,168,1,192,0
-5,0,153,1,192,0
-4,-4,168,1,192,0
2,0,189,1,192,0
8,-6,7,1,192,0
-4,-5,19,1,192,0
5,-7,83,1,192,0
3,-1,129,1,192,0
0,-2,139,1,192,0
-6,-1,144,1,192,0
1,0,149,1,192,0
-3,-2,153,1,192,0
-5,1,159,1,192,0
-1,-6,159,1,192,0
4,-4,162,1,192,0
3,2,176,1,192,0
2,1,178,1,192,0
-4,0,187,1,192,0
1,-5,191,1,192,0
8,-7,6,1,192,0
6,-1,97,1,192,0
3,-2,116,1,192,0
-3,0,123,1,192,0
3,3,128,1,192,0
2,2,189,1,192,0
-6,-2,147,1,192,0
4,-5,161,1,192,0
-1,-7,163,1,192,0
-5,2,165,1,192,0
1,1,171,1,192,0
-4,1,176,1,192,0
-3,-3,179,1,192,0
0,-3,182,1,192,0
-4,-6,191,1,192,0
7,-5,25,1,192,0
6,-2,96,1,192,0
5,6,103,1,192,0
4,5,112,1,192,0
3,4,126,1,192,0
2,3,192,1,192,0
0,-4,142,1,192,0
1,-7,156,1,192,0
-2,-1,164,1,192,0
-4,2,167,1,192,0
1,2,169,1,192,0
3,-3,174,1,192,0
-3,-4,191,1,192,0
-3,2,55,1,192,0
6,-3,58,1,192,0
8,0,125,1,192,0
2,4,77,1,192,0
4,-7,79,1,192,0
-4,3,84,1,192,0
1,3,85,1,192,0
5,7,102,1,192,0
4,6,111,1,192,0
3,5,119,1,192,0
7,-6,139,1,192,0
1,-8,153,1,192,0
-2,-2,159,1,192,0
3,-4,169,1,192,0
-1,0,174,1,192,0
-3,-5,176,1,192,0
0,-5,189,1,192,0
2,-1,191,1,192,0
-5,5,9,1,192,0
2,5,17,1,192,0
7,0,123,1,192,0
3,6,53,1,192,0
6,-4,57,1,192,0
-3,3,63,1,192,0
-4,4,76,1,192,0
1,4,78,1,192,0
4,7,96,1,192,0
-8,-1,102,1,192,0
7,-7,112,1,192,0
8,1,128,1,192,0
-5,-2,153,1,192,0
2,-2,162,1,192,0
-2,-3,163,1,192,0
-1,1,181,1,192,0
0,-6,184,1,192,0
-3,-6,186,1,192,0
1,5,11,1,192,0
-4,5,15,1,192,0
6,0,49,1,192,0
2,6,44,1,192,0
6,-5,44,1,192,0
-2,3,49,1,192,0
8,-1,67,1,192,0
-3,4,69,1,192,0
-8,-2,94,1,192,0
-2,-4,124,1,192,0
7,1,135,1,192,0
-5,-3,159,1,192,0
-1,-1,167,1,192,0
0,-7,168,1,192,0
-3,-7,187,1,192,0
-1,2,187,1,192,0
2,-3,191,1,192,0
5,0,39,1,192,0
-5,-4,12,1,192,0
2,7,18,1,192,0
1,6,36,1,192,0
5,-3,67,1,192,0
8,-2,86,1,192,0
3,-7,94,1,192,0
-2,-5,117,1,192,0
6,1,143,1,192,0
1,-1,141,1,192,0
6,-6,146,1,192,0
0,-8,149,1,192,0
2,-4,185,1,192,0
-1,-2,191,1,192,0
-1,3,191,1,192,0
-4,-1,191,1,192,0
4,-1,9,1,192,0
0,6,4,1,192,0
4,0,11,1,192,0
-5,-5,15,1,192,0
5,1,149,1,192,0
1,7,26,1,192,0
5,-4,64,1,192,0
6,-7,74,1,192,0
-7,-1,103,1,192,0
-7,0,128,1,192,0
-4,-2,135,1,192,0
1,-2,168,1,192,0
-1,-3,188,1,192,0
1,8,11,1,192,0
-8,2,11,1,192,0
-4,-3,65,1,192,0
7,-1,118,1,192,0
-7,-2,95,1,192,0
-1,-4,98,1,192,0
-7,1,119,1,192,0
3,0,125,1,192,0
-6,0,138,1,192,0
5,2,147,1,192,0
4,1,157,1,192,0
5,-5,153,1,192,0
1,-3,175,1,192,0
-2,-7,191,1,192,0
-8,3,7,1,193,0
8,-5,9,1,193,0
-7,2,14,1,193,0
7,-2,94,1,193,0
4,-3,78,1,193,0
2,-7,108,1,193,0
-1,-5,112,1,193,0
1,-4,129,1,193,0
-3,-1,133,1,193,0
0,-1,136,1,193,0
5,-6,149,1,193,0
4,2,168,1,193,0
-5,0,153,1,193,0
-4,-4,168,1,193,0
2,0,189,1,193,0
8,-6,7,1,193,0
-4,-5,19,1,193,0
5,-7,83,1,193,0
3,-1,129,1,193,0
0,-2,139,1,193,0
-6,-1,144,1,193,0
1,0,149,1,193,0
-3,-2,153,1,193,0
-5,1,159,1,193,0
-1,-6,159,1,193,0
4,-4,162,1,193,0
3,2,176,1,193,0
2,1,178,1,193,0
-4,0,187,1,193,0
1,-5,192,1,193,0
8,-7,6,1,193,0
6,-1,97,1,193,0
3,-2,116,1,193,0
-3,0,123,1,193,0
3,3,128,1,193,0
2,2,189,1,193,0
-6,-2,147,1,193,0
4,-5,161,1,193,0
-1,-7,163,1,193,0
-5,2,165,1,193,0
1,1,171,1,193,0
-4,1,176,1,193,0
-3,-3,179,1,193,0
0,-3,182,1,193,0
-4,-6,192,1,193,0
7,-5,25,1,193,0
6,-2,96,1,193,0
5,6,103,1,193,0
4,5,112,1,193,0
3,4,126,1,193,0
2,3,193,1,193,0
0,-4,142,1,193,0
1,-7,156,1,193,0
-2,-1,164,1,193,0
-4,2,167,1,193,0
1,2,169,1,193,0
3,-3,174,1,193,0
-3,-4,192,1,193,0
-3,2,55,1,193,0
6,-3,58,1,193,0
8,0,125,1,193,0
2,4,77,1,193,0
4,-7,79,1,193,0
-4,3,84,1,193,0
1,3,85,1,193,0
5,7,102,1,193,0
4,6,111,1,193,0
3,5,119,1,193,0
7,-6,139,1,193,0
1,-8,153,1,193,0
-2,-2,159,1,193,0
3,-4,169,1,193,0
-1,0,174,1,193,0
-3,-5,176,1,193,0
0,-5,189,1,193,0
2,-1,192,1,193,0
-5,5,9,1,193,0
2,5,17,1,193,0
7,0,123,1,193,0
3,6,53,1,193,0
6,-4,57,1,193,0
-3,3,63,1,193,0
-4,4,76,1,193,0
1,4,78,1,193,0
4,7,96,1,193,0
-8,-1,102,1,193,0
7,-7,112,1,193,0
8,1,128,1,193,0
-5,-2,153,1,193,0
2,-2,162,1,193,0
-2,-3,163,1,193,0
-1,1,181,1,193,0
0,-6,184,1,193,0
-3,-6,186,1,193,0
1,5,11,1,193,0
-4,5,15,1,193,0
6,0,49,1,193,0
2,6,44,1,193,0
6,-5,44,1,193,0
-2,3,49,1,193,0
8,-1,67,1,193,0
-3,4,69,1,193,0
-8,-2,94,1,193,0
-2,-4,124,1,193,0
7,1,135,1,193,0
-5,-3,159,1,193,0
-1,-1,167,1,193,0
0,-7,168,1,193,0
-3,-7,187,1,193,0
-1,2,187,1,193,0
2,-3,192,1,193,0
5,0,39,1,193,0
-5,-4,12,1,193,0
2,7,18,1,193,0
1,6,36,1,193,0
5,-3,67,1,193,0
8,-2,86,1,193,0
3,-7,94,1,193,0
-2,-5,117,1,193,0
6,1,143,1,193,0
1,-1,141,1,193,0
6,-6,146,1,193,0
0,-8,149,1,193,0
2,-4,185,1,193,0
-1,-2,192,1,193,0
-1,3,192,1,193,0
-4,-1,192,1,193,0
4,-1,9,1,193,0
0,6,4,1,193,0
4,0,11,1,193,0
-5,-5,15,1,193,0
5,1,149,1,193,0
1,7,26,1,193,0
5,-4,64,1,193,0
6,-7,74,1,193,0
-7,-1,103,1,193,0
-7,0,128,1,193,0
-4,-2,135,1,193,0
1,-2,168,1,193,0
-1,-3,188,1,193,0
1,8,11,1,193,0
-8,2,11,1,193,0
-4,-3,65,1,193,0
7,-1,118,1,193,0
-7,-2,95,1,193,0
-1,-4,98,1,193,0
-7,1,119,1,193,0
3,0,125,1,193,0
-6,0,138,1,193,0
5,2,147,1,193,0
4,1,157,1,193,0
5,-5,153,1,193,0
1,-3,175,1,193,0
-2,-7,192,1,193,0
-8,3,7,1,194,0
8,-5,9,1,194,0
-7,2,14,1,194,0
7,-2,94,1,194,0
4,-3,78,1,194,0
2,-7,108,1,194,0
-1,-5,112,1,194,0
1,-4,129,1,194,0
-3,-1,133,1,194,0
0,-1,136,1,194,0
5,-6,149,1,194,0
4,2,168,1,194,0
-5,0,153,1,194,0
-4,-4,168,1,194,0
2,0,193,1,194,0
8,-6,7,1,194,0
-4,-5,19,1,194,0
5,-7,83,1,194,0
3,-1,129,1,194,0
0,-2,139,1,194,0
-6,-1,144,1,194,0
1,0,149,1,194,0
-3,-2,153,1,194,0
-5,1,159,1,194,0
-1,-6,159,1,194,0
4,-4,162,1,194,0
3,2,176,1,194,0
2,1,178,1,194,0
-4,0,187,1,194,0
1,-5,193,1,194,0
8,-7,6,1,194,0
6,-1,97,1,194,0
3,-2,116,1,194,0
-3,0,123,1,194,0
3,3,128,1,194,0
2,2,189,1,194,0
-6,-2,147,1,194,0
4,-5,161,1,194,0
-1,-7,163,1,194,0
-5,2,165,1,194,0
1,1,171,1,194,0
-4,1,176,1,194,0
-3,-3,179,1,194,0
0,-3,182,1,194,0
-4,-6,193,1,194,0
7,-5,25,1,194,0
6,-2,96,1,194,0
5,6,103,1,194,0
4,5,112,1,194,0
3,4,126,1,194,0
2,3,194,1,194,0
0,-4,142,1,194,0
1,-7,156,1,194,0
-2,-1,164,1,194,0
-4,2,167,1,194,0
1,2,169,1,194,0
3,-3,174,1,194,0
-3,-4,193,1,194,0
-3,2,55,1,194,0
6,-3,58,1,194,0
8,0,125,1,194,0
2,4,77,1,194,0
4,-7,79,1,194,0
-4,3,84,1,194,0
1,3,85,1,194,0
5,7,102,1,194,0
4,6,111,1,194,0
3,5,119,1,194,0
7,-6,139,1,194,0
1,-8,153,1,194,0
-2,-2,159,1,194,0
3,-4,169,1,194,0
-1,0,174,1,194,0
-3,-5,176,1,194,0
0,-5,189,1,194,0
2,-1,192,1,194,0
-5,5,9,1,194,0
2,5,17,1,194,0
7,0,123,1,194,0
3,6,53,1,194,0
6,-4,57,1,194,0
-3,3,63,1,194,0
-4,4,76,1,194,0
1,4,78,1,194,0
4,7,96,1,194,0
-8,-1,102,1,194,0
7,-7,112,1,194,0
8,1,128,1,194,0
-5,-2,153,1,194,0
2,-2,162,1,194,0
-2,-3,163,1,194,0
-1,1,181,1,194,0
0,-6,184,1,194,0
-3,-6,186,1,194,0
1,5,11,1,194,0
-4,5,15,1,194,0
6,0,49,1,194,0
2,6,44,1,194,0
6,-5,44,1,194,0
-2,3,49,1,194,0
8,-1,67,1,194,0
-3,4,69,1,194,0
-8,-2,94,1,194,0
-2,-4,124,1,194,0
7,1,135,1,194,0
-5,-3,159,1,194,0
-1,-1,167,1,194,0
0,-7,168,1,194,0
-3,-7,187,1,194,0
-1,2,187,1,194,0
2,-3,193,1,194,0
5,0,39,1,194,0
-5,-4,12,1,194,0
2,7,18,1,194,0
1,6,36,1,194,0
5,-3,67,1,194,0
8,-2,86,1,194,0
3,-7,94,1,194,0
-2,-5,117,1,194,0
6,1,143,1,194,0
1,-1,141,1,194,0
6,-6,146,1,194,0
0,-8,149,1,194,0
2,-4,185,1,194,0
-1,-2,193,1,194,0
-1,3,193,1,194,0
-4,-1,193,1,194,0
4,-1,9,1,194,0
0,6,4,1,194,0
4,0,11,1,194,0
-5,-5,15,1,194,0
5,1,149,1,194,0
1,7,26,1,194,0
5,-4,64,1,194,0
6,-7,74,1,194,0
-7,-1,103,1,194,0
-7,0,128,1,194,0
-4,-2,135,1,194,0
1,-2,168,1,194,0
-1,-3,188,1,194,0
1,8,11,1,194,0
-8,2,11,1,194,0
-4,-3,65,1,194,0
7,-1,118,1,194,0
-7,-2,95,1,194,0
-1,-4,98,1,194,0
-7,1,119,1,194,0
3,0,125,1,194,0
-6,0,138,1,194,0
5,2,147,1,194,0
4,1,157,1,194,0
5,-5,153,1,194,0
1,-3,175,1,194,0
-2,-7,193,1,194,0
-8,3,7,1,195,0
8,-5,9,1,195,0
-7,2,14,1,195,0
7,-2,94,1,195,0
4,-3,78,1,195,0
2,-7,108,1,195,0
-1,-5,112,1,195,0
1,-4,129,1,195,0
-3,-1,133,1,195,0
0,-1,136,1,195,0
5,-6,149,1,195,0
4,2,168,1,195,0
-5,0,153,1,195,0
-4,-4,168,1,195,0
2,0,194,1,195,0
8,-6,7,1,195,0
-4,-5,19,1,195,0
5,-7,83,1,195,0
3,-1,129,1,195,0
0,-2,139,1,195,0
-6,-1,144,1,195,0
1,0,149,1,195,0
-3,-2,153,1,195,0
-5,1,159,1,195,0
-1,-6,159,1,195,0
4,-4,162,1,195,0
3,2,176,1,195,0
2,1,178,1,195,0
-4,0,187,1,195,0
1,-5,193,1,195,0
8,-7,6,1,195,0
6,-1,97,1,195,0
3,-2,116,1,195,0
-3,0,123,1,195,0
3,3,128,1,195,0
2,2,189,1,195,0
-6,-2,147,1,195,0
4,-5,161,1,195,0
-1,-7,163,1,195,0
-5,2,165,1,195,0
1,1,171,1,195,0
-4,1,176,1,195,0
-3,-3,179,1,195,0
0,-3,182,1,195,0
-4,-6,194,1,195,0
7,-5,25,1,195,0
6,-2,96,1,195,0
5,6,103,1,195,0
4,5,112,1,195,0
3,4,126,1,195,0
2,3,195,1,195,0
0,-4,142,1,195,0
1,-7,156,1,195,0
-2,-1,164,1,195,0
-4,2,167,1,195,0
1,2,169,1,195,0
3,-3,174,1,195,0
-3,-4,193,1,195,0
-3,2,55,1,195,0
6,-3,58,1,195,0
8,0,125,1,195,0
2,4,77,1,195,0
4,-7,79,1,195,0
-4,3,84,1,195,0
1,3,85,1,195,0
5,7,102,1,195,0
4,6,111,1,195,0
3,5,119,1,195,0
7,-6,139,1,195,0
1,-8,153,1,195,0
-2,-2,159,1,195,0
3,-4,169,1,195,0
-1,0,174,1,195,0
0,-5,189,1,195,0
2,-1,192,1,195,0
-3,-5,194,1,195,0
-5,5,9,1,195,0
2,5,17,1,195,0
7,0,123,1,195,0
3,6,53,1,195,0
6,-4,57,1,195,0
-3,3,63,1,195,0
-4,4,76,1,195,0
1,4,78,1,195,0
4,7,96,1,195,0
-8,-1,102,1,195,0
7,-7,112,1,195,0
8,1,128,1,195,0
-5,-2,153,1,195,0
2,-2,162,1,195,0
-2,-3,163,1,195,0
-1,1,181,1,195,0
0,-6,184,1,195,0
-3,-6,186,1,195,0
1,5,11,1,195,0
-4,5,15,1,195,0
6,0,49,1,195,0
2,6,44,1,195,0
6,-5,44,1,195,0
-2,3,49,1,195,0
8,-1,67,1,195,0
-3,4,69,1,195,0
-8,-2,94,1,195,0
-2,-4,124,1,195,0
7,1,135,1,195,0
-5,-3,159,1,195,0
-1,-1,167,1,195,0
0,-7,168,1,195,0
-3,-7,187,1,195,0
-1,2,187,1,195,0
2,-3,194,1,195,0
5,0,39,1,195,0
-5,-4,12,1,195,0
2,7,18,1,195,0
1,6,36,1,195,0
5,-3,67,1,195,0
8,-2,86,1,195,0
3,-7,94,1,195,0
-2,-5,117,1,195,0
6,1,143,1,195,0
1,-1,141,1,195,0
6,-6,146,1,195,0
0,-8,149,1,195,0
2,-4,185,1,195,0
-1,-2,194,1,195,0
-1,3,194,1,195,0
-4,-1,194,1,195,0
4,-1,9,1,195,0
0,6,4,1,195,0
4,0,11,1,195,0
-5,-5,15,1,195,0
5,1,149,1,195,0
1,7,26,1,195,0
5,-4,64,1,195,0
6,-7,74,1,195,0
-7,-1,103,1,195,0
-7,0,128,1,195,0
-4,-2,135,1,195,0
1,-2,168,1,195,0
-1,-3,188,1,195,0
1,8,11,1,195,0
-8,2,11,1,195,0
-4,-3,65,1,195,0
7,-1,118,1,195,0
-7,-2,95,1,195,0
-1,-4,98,1,195,0
-7,1,119,1,195,0
3,0,125,1,195,0
-6,0,138,1,195,0
5,2,147,1,195,0
4,1,157,1,195,0
5,-5,153,1,195,0
1,-3,175,1,195,0
-2,-7,194,1,195,0
-8,3,7,1,196,0
8,-5,9,1,196,0
-7,2,14,1,196,0
7,-2,94,1,196,0
4,-3,78,1,196,0
2,-7,108,1,196,0
-1,-5,112,1,196,0
1,-4,129,1,196,0
-3,-1,133,1,196,0
0,-1,136,1,196,0
5,-6,149,1,196,0
4,2,168,1,196,0
-5,0,153,1,196,0
-4,-4,168,1,196,0
2,0,195,1,196,0
8,-6,7,1,196,0
-4,-5,19,1,196,0
5,-7,83,1,196,0
3,-1,129,1,196,0
-6,-1,144,1,196,0
1,0,149,1,196,0
-3,-2,153,1,196,0
-5,1,159,1,196,0
-1,-6,159,1,196,0
4,-4,162,1,196,0
3,2,176,1,196,0
2,1,178,1,196,0
0,-2,195,1,196,0
-4,0,195,1,196,0
1,-5,195,1,196,0
8,-7,6,1,196,0
6,-1,97,1,196,0
3,-2,116,1,196,0
-3,0,123,1,196,0
3,3,128,1,196,0
2,2,196,1,196,0
-6,-2,147,1,196,0
4,-5,161,1,196,0
-1,-7,163,1,196,0
-5,2,165,1,196,0
1,1,171,1,196,0
-4,1,176,1,196,0
-3,-3,179,1,196,0
0,-3,182,1,196,0
-4,-6,194,1,196,0
7,-5,25,1,196,0
6,-2,96,1,196,0
5,6,103,1,196,0
4,5,112,1,196,0
3,4,126,1,196,0
2,3,195,1,196,0
0,-4,142,1,196,0
1,-7,156,1,196,0
-2,-1,164,1,196,0
-4,2,167,1,196,0
1,2,169,1,196,0
3,-3,174,1,196,0
-3,-4,193,1,196,0
-3,2,55,1,196,0
6,-3,58,1,196,0
8,0,125,1,196,0
2,4,77,1,196,0
4,-7,79,1,196,0
-4,3,84,1,196,0
1,3,85,1,196,0
5,7,102,1,196,0
4,6,111,1,196,0
3,5,119,1,196,0
7,-6,139,1,196,0
1,-8,153,1,196,0
-2,-2,159,1,196,0
3,-4,169,1,196,0
-1,0,174,1,196,0
0,-5,189,1,196,0
2,-1,192,1,196,0
-3,-5,194,1,196,0
-5,5,9,1,196,0
2,5,17,1,196,0
7,0,123,1,196,0
3,6,53,1,196,0
6,-4,57,1,196,0
-3,3,63,1,196,0
-4,4,76,1,196,0
1,4,78,1,196,0
4,7,96,1,196,0
-8,-1,102,1,196,0
7,-7,112,1,196,0
8,1,128,1,196,0
-5,-2,153,1,196,0
2,-2,162,1,196,0
-2,-3,163,1,196,0
-1,1,181,1,196,0
0,-6,184,1,196,0
-3,-6,186,1,196,0
1,5,11,1,196,0
-4,5,15,1,196,0
6,0,49,1,196,0
2,6,44,1,196,0
6,-5,44,1,196,0
-2,3,49,1,196,0
8,-1,67,1,196,0
-3,4,69,1,196,0
-8,-2,94,1,196,0
-2,-4,124,1,196,0
7,1,135,1,196,0
-5,-3,159,1,196,0
-1,-1,167,1,196,0
0,-7,168,1,196,0
-3,-7,187,1,196,0
-1,2,187,1,196,0
2,-3,194,1,196,0
5,0,39,1,196,0
-5,-4,12,1,196,0
2,7,18,1,196,0
1,6,36,1,196,0
5,-3,67,1,196,0
8,-2,86,1,196,0
3,-7,94,1,196,0
-2,-5,117,1,196,0
6,1,143,1,196,0
1,-1,141,1,196,0
6,-6,146,1,196,0
0,-8,149,1,196,0
2,-4,185,1,196,0
-1,-2,194,1,196,0
-1,3,194,1,196,0
-4,-1,194,1,196,0
4,-1,9,1,196,0
0,6,4,1,196,0
4,0,11,1,196,0
-5,-5,15,1,196,0
5,1,149,1,196,0
1,7,26,1,196,0
5,-4,64,1,196,0
6,-7,74,1,196,0
-7,-1,103,1,196,0
-7,0,128,1,196,0
-4,-2,135,1,196,0
1,-2,168,1,196,0
-1,-3,188,1,196,0
-1,4,195,1,196,0
1,8,11,1,196,0
-8,2,11,1,196,0
-4,-3,65,1,196,0
7,-1,118,1,196,0
-7,-2,95,1,196,0
-1,-4,98,1,196,0
-7,1,119,1,196,0
3,0,125,1,196,0
-6,0,138,1,196,0
5,2,147,1,196,0
4,1,157,1,196,0
5,-5,153,1,196,0
-2,-7,195,1,196,0
-5,-6,195,1,196,0
1,-3,195,1,196,0
-8,3,7,1,197,0
8,-5,9,1,197,0
-7,2,14,1,197,0
7,-2,94,1,197,0
4,-3,78,1,197,0
2,-7,108,1,197,0
-1,-5,112,1,197,0
1,-4,129,1,197,0
-3,-1,133,1,197,0
0,-1,136,1,197,0
5,-6,149,1,197,0
4,2,168,1,197,0
-5,0,153,1,197,0
-4,-4,168,1,197,0
2,0,196,1,197,0
8,-6,7,1,197,0
-4,-5,19,1,197,0
5,-7,83,1,197,0
3,-1,129,1,197,0
-6,-1,144,1,197,0
1,0,149,1,197,0
-3,-2,153,1,197,0
-5,1,159,1,197,0
-1,-6,159,1,197,0
4,-4,162,1,197,0
3,2,176,1,197,0
2,1,178,1,197,0
1,-5,195,1,197,0
0,-2,196,1,197,0
-4,0,196,1,197,0
8,-7,6,1,197,0
6,-1,97,1,197,0
3,-2,116,1,197,0
-3,0,123,1,197,0
3,3,128,1,197,0
2,2,197,1,197,0
-6,-2,147,1,197,0
4,-5,161,1,197,0
-1,-7,163,1,197,0
-5,2,165,1,197,0
1,1,171,1,197,0
-4,1,176,1,197,0
-3,-3,179,1,197,0
0,-3,182,1,197,0
-4,-6,194,1,197,0
7,-5,25,1,197,0
6,-2,96,1,197,0
5,6,103,1,197,0
4,5,112,1,197,0
3,4,126,1,197,0
2,3,195,1,197,0
0,-4,142,1,197,0
1,-7,156,1,197,0
-2,-1,164,1,197,0
-4,2,167,1,197,0
1,2,169,1,197,0
3,-3,174,1,197,0
-3,-4,193,1,197,0
-3,2,55,1,197,0
6,-3,58,1,197,0
8,0,125,1,197,0
2,4,77,1,197,0
4,-7,79,1,197,0
-4,3,84,1,197,0
1,3,85,1,197,0
5,7,102,1,197,0
4,6,111,1,197,0
3,5,119,1,197,0
7,-6,139,1,197,0
1,-8,153,1,197,0
-2,-2,159,1,197,0
3,-4,169,1,197,0
-1,0,174,1,197,0
0,-5,189,1,197,0
2,-1,192,1,197,0
-3,-5,195,1,197,0
-5,5,9,1,197,0
2,5,17,1,197,0
7,0,123,1,197,0
3,6,53,1,197,0
6,-4,57,1,197,0
-3,3,63,1,197,0
-4,4,76,1,197,0
1,4,78,1,197,0
4,7,96,1,197,0
-8,-1,102,1,197,0
7,-7,112,1,197,0
8,1,128,1,197,0
-5,-2,153,1,197,0
2,-2,162,1,197,0
-2,-3,163,1,197,0
-1,1,181,1,197,0
0,-6,184,1,197,0
-3,-6,186,1,197,0
1,5,11,1,197,0
-4,5,15,1,197,0
6,0,49,1,197,0
2,6,44,1,197,0
6,-5,44,1,197,0
-2,3,49,1,197,0
8,-1,67,1,197,0
-3,4,69,1,197,0
-8,-2,94,1,197,0
-2,-4,124,1,197,0
7,1,135,1,197,0
-5,-3,159,1,197,0
-1,-1,167,1,197,0
0,-7,168,1,197,0
-3,-7,187,1,197,0
-1,2,187,1,197,0
2,-3,194,1,197,0
5,0,39,1,197,0
-5,-4,12,1,197,0
2,7,18,1,197,0
1,6,36,1,197,0
5,-3,67,1,197,0
8,-2,86,1,197,0
3,-7,94,1,197,0
-2,-5,117,1,197,0
6,1,143,1,197,0
1,-1,141,1,197,0
6,-6,146,1,197,0
0,-8,149,1,197,0
2,-4,185,1,197,0
-1,-2,194,1,197,0
-1,3,194,1,197,0
-4,-1,194,1,197,0
4,-1,9,1,197,0
0,6,4,1,197,0
4,0,11,1,197,0
-5,-5,15,1,197,0
5,1,149,1,197,0
1,7,26,1,197,0
5,-4,64,1,197,0
6,-7,74,1,197,0
-7,-1,103,1,197,0
-7,0,128,1,197,0
-4,-2,135,1,197,0
1,-2,168,1,197,0
-1,-3,188,1,197,0
-1,4,196,1,197,0
1,8,11,1,197,0
-8,2,11,1,197,0
-4,-3,65,1,197,0
7,-1,118,1,197,0
-7,-2,95,1,197,0
-1,-4,98,1,197,0
-7,1,119,1,197,0
3,0,125,1,197,0
-6,0,138,1,197,0
5,2,147,1,197,0
4,1,157,1,197,0
5,-5,153,1,197,0
-2,-7,196,1,197,0
-5,-6,196,1,197,0
1,-3,196,1,197,0
-8,3,7,1,198,0
8,-5,9,1,198,0
-7,2,14,1,198,0
7,-2,94,1,198,0
4,-3,78,1,198,0
2,-7,108,1,198,0
-1,-5,112,1,198,0
1,-4,129,1,198,0
-3,-1,133,1,198,0
0,-1,136,1,198,0
5,-6,149,1,198,0
4,2,168,1,198,0
-5,0,153,1,198,0
-4,-4,168,1,198,0
2,0,197,1,198,0
8,-6,7,1,198,0
-4,-5,19,1,198,0
5,-7,83,1,198,0
3,-1,129,1,198,0
-6,-1,144,1,198,0
1,0,149,1,198,0
-3,-2,153,1,198,0
-5,1,159,1,198,0
-1,-6,159,1,198,0
4,-4,162,1,198,0
3,2,176,1,198,0
2,1,178,1,198,0
0,-2,197,1,198,0
1,-5,196,1,198,0
-4,0,197,1,198,0
8,-7,6,1,198,0
6,-1,97,1,198,0
3,-2,116,1,198,0
-3,0,123,1,198,0
3,3,128,1,198,0
2,2,198,1,198,0
-6,-2,147,1,198,0
4,-5,161,1,198,0
-1,-7,163,1,198,0
-5,2,165,1,198,0
1,1,171,1,198,0
-4,1,176,1,198,0
-3,-3,179,1,198,0
0,-3,182,1,198,0
-4,-6,194,1,198,0
7,-5,25,1,198,0
6,-2,96,1,198,0
5,6,103,1,198,0
4,5,112,1,198,0
3,4,126,1,198,0
2,3,195,1,198,0
0,-4,142,1,198,0
1,-7,156,1,198,0
-2,-1,164,1,198,0
-4,2,167,1,198,0
1,2,169,1,198,0
3,-3,174,1,198,0
-3,-4,193,1,198,0
-3,2,55,1,198,0
6,-3,58,1,198,0
8,0,125,1,198,0
2,4,77,1,198,0
4,-7,79,1,198,0
-4,3,84,1,198,0
1,3,85,1,198,0
5,7,102,1,198,0
4,6,111,1,198,0
3,5,119,1,198,0
7,-6,139,1,198,0
1,-8,153,1,198,0
-2,-2,159,1,198,0
3,-4,169,1,198,0
-1,0,174,1,198,0
0,-5,189,1,198,0
2,-1,192,1,198,0
-3,-5,197,1,198,0
-5,5,9,1,198,0
2,5,17,1,198,0
7,0,123,1,198,0
3,6,53,1,198,0
6,-4,57,1,198,0
-3,3,63,1,198,0
-4,4,76,1,198,0
1,4,78,1,198,0
4,7,96,1,198,0
-8,-1,102,1,198,0
7,-7,112,1,198,0
8,1,128,1,198,0
-5,-2,153,1,198,0
2,-2,162,1,198,0
-2,-3,163,1,198,0
-1,1,181,1,198,0
0,-6,184,1,198,0
-3,-6,186,1,198,0
1,5,11,1,198,0
-4,5,15,1,198,0
6,0,49,1,198,0
2,6,44,1,198,0
6,-5,44,1,198,0
-2,3,49,1,198,0
8,-1,67,1,198,0
-3,4,69,1,198,0
-8,-2,94,1,198,0
-2,-4,124,1,198,0
7,1,135,1,198,0
-5,-3,159,1,198,0
-1,-1,167,1,198,0
0,-7,168,1,198,0
-3,-7,187,1,198,0
-1,2,187,1,198,0
2,-3,194,1,198,0
5,0,39,1,198,0
-5,-4,12,1,198,0
2,7,18,1,198,0
1,6,36,1,198,0
5,-3,67,1,198,0
8,-2,86,1,198,0
3,-7,94,1,198,0
-2,-5,117,1,198,0
6,1,143,1,198,0
1,-1,141,1,198,0
6,-6,146,1,198,0
0,-8,149,1,198,0
2,-4,185,1,198,0
-1,-2,194,1,198,0
-1,3,194,1,198,0
-4,-1,194,1,198,0
4,-1,9,1,198,0
0,6,4,1,198,0
4,0,11,1,198,0
-5,-5,15,1,198,0
5,1,149,1,198,0
1,7,26,1,198,0
5,-4,64,1,198,0
6,-7,74,1,198,0
-7,-1,103,1,198,0
-7,0,128,1,198,0
-4,-2,135,1,198,0
1,-2,168,1,198,0
-1,-3,188,1,198,0
-1,4,197,1,198,0
1,8,11,1,198,0
-8,2,11,1,198,0
-4,-3,65,1,198,0
7,-1,118,1,198,0
-7,-2,95,1,198,0
-1,-4,98,1,198,0
-7,1,119,1,198,0
3,0,125,1,198,0
-6,0,138,1,198,0
5,2,147,1,198,0
4,1,157,1,198,0
5,-5,153,1,198,0
-2,-7,197,1,198,0
-5,-6,197,1,198,0
1,-3,197,1,198,0
-8,3,7,1,199,0
8,-5,9,1,199,0
-7,2,14,1,199,0
7,-2,94,1,199,0
4,-3,78,1,199,0
2,-7,108,1,199,0
-1,-5,112,1,199,0
1,-4,129,1,199,0
-3,-1,133,1,199,0
0,-1,136,1,199,0
5,-6,149,1,199,0
4,2,168,1,199,0
-5,0,153,1,199,0
-4,-4,168,1,199,0
2,0,198,1,199,0
8,-6,7,1,199,0
-4,-5,19,1,199,0
5,-7,83,1,199,0
3,-1,129,1,199,0
-6,-1,144,1,199,0
1,0,149,1,199,0
-3,-2,153,1,199,0
-5,1,159,1,199,0
-1,-6,159,1,199,0
4,-4,162,1,199,0
3,2,176,1,199,0
2,1,178,1,199,0
0,-2,197,1,199,0
1,-5,197,1,199,0
-4,0,198,1,199,0
8,-7,6,1,199,0
6,-1,97,1,199,0
3,-2,116,1,199,0
-3,0,123,1,199,0
3,3,128,1,199,0
2,2,199,1,199,0
-6,-2,147,1,199,0
4,-5,161,1,199,0
-1,-7,163,1,199,0
-5,2,165,1,199,0
1,1,171,1,199,0
-4,1,176,1,199,0
-3,-3,179,1,199,0
0,-3,182,1,199,0
-4,-6,194,1,199,0
7,-5,25,1,199,0
6,-2,96,1,199,0
5,6,103,1,199,0
4,5,112,1,199,0
3,4,126,1,199,0
2,3,195,1,199,0
0,-4,142,1,199,0
1,-7,156,1,199,0
-2,-1,164,1,199,0
-4,2,167,1,199,0
1,2,169,1,199,0
3,-3,174,1,199,0
-3,-4,193,1,199,0
-3,2,55,1,199,0
6,-3,58,1,199,0
8,0,125,1,199,0
2,4,77,1,199,0
4,-7,79,1,199,0
-4,3,84,1,199,0
1,3,85,1,199,0
5,7,102,1,199,0
4,6,111,1,199,0
3,5,119,1,199,0
7,-6,139,1,199,0
1,-8,153,1,199,0
-2,-2,159,1,199,0
3,-4,169,1,199,0
-1,0,174,1,199,0
0,-5,189,1,199,0
2,-1,192,1,199,0
-3,-5,197,1,199,0
-5,5,9,1,199,0
2,5,17,1,199,0
7,0,123,1,199,0
3,6,53,1,199,0
6,-4,57,1,199,0
-3,3,63,1,199,0
-4,4,76,1,199,0
1,4,78,1,199,0
4,7,96,1,199,0
-8,-1,102,1,199,0
7,-7,112,1,199,0
8,1,128,1,199,0
-5,-2,153,1,199,0
2,-2,162,1,199,0
-2,-3,163,1,199,0
-1,1,181,1,199,0
0,-6,184,1,199,0
-3,-6,186,1,199,0
1,5,11,1,199,0
-4,5,15,1,199,0
6,0,49,1,199,0
2,6,44,1,199,0
6,-5,44,1,199,0
-2,3,49,1,199,0
8,-1,67,1,199,0
-3,4,69,1,199,0
-8,-2,94,1,199,0
-2,-4,124,1,199,0
7,1,135,1,199,0
-5,-3,159,1,199,0
-1,-1,167,1,199,0
0,-7,168,1,199,0
-3,-7,187,1,199,0
-1,2,187,1,199,0
2,-3,194,1,199,0
5,0,39,1,199,0
-5,-4,12,1,199,0
2,7,18,1,199,0
1,6,36,1,199,0
5,-3,67,1,199,0
8,-2,86,1,199,0
3,-7,94,1,199,0
6,1,143,1,199,0
1,-1,141,1,199,0
6,-6,146,1,199,0
0,-8,149,1,199,0
2,-4,185,1,199,0
-1,3,194,1,199,0
-4,-1,194,1,199,0
-1,-2,198,1,199,0
-2,-5,198,1,199,0
4,-1,9,1,199,0
0,6,4,1,199,0
4,0,11,1,199,0
-5,-5,15,1,199,0
5,1,149,1,199,0
1,7,26,1,199,0
5,-4,64,1,199,0
6,-7,74,1,199,0
-7,-1,103,1,199,0
-7,0,128,1,199,0
-4,-2,135,1,199,0
1,-2,168,1,199,0
-1,-3,188,1,199,0
-1,4,198,1,199,0
1,8,11,1,199,0
-8,2,11,1,199,0
-4,-3,65,1,199,0
7,-1,118,1,199,0
-7,-2,95,1,199,0
-1,-4,98,1,199,0
-7,1,119,1,199,0
3,0,125,1,199,0
-6,0,138,1,199,0
5,2,147,1,199,0
4,1,157,1,199,0
5,-5,153,1,199,0
-2,-7,198,1,199,0
-5,-6,198,1,199,0
1,-3,198,1,199,0
-8,3,7,1,200,0
8,-5,9,1,200,0
-7,2,14,1,200,0
7,-2,94,1,200,0
4,-3,78,1,200,0
2,-7,108,1,200,0
-1,-5,112,1,200,0
-3,-1,133,1,200,0
0,-1,136,1,200,0
5,-6,149,1,200,0
4,2,168,1,200,0
-5,0,153,1,200,0
-4,-4,168,1,200,0
2,0,199,1,200,0
1,-4,199,1,200,0
8,-6,7,1,200,0
-4,-5,19,1,200,0
5,-7,83,1,200,0
3,-1,129,1,200,0
-6,-1,144,1,200,0
1,0,149,1,200,0
-3,-2,153,1,200,0
-5,1,159,1,200,0
-1,-6,159,1,200,0
4,-4,162,1,200,0
3,2,176,1,200,0
2,1,178,1,200,0
0,-2,197,1,200,0
1,-5,198,1,200,0
-4,0,199,1,200,0
8,-7,6,1,200,0
6,-1,97,1,200,0
3,-2,116,1,200,0
-3,0,123,1,200,0
3,3,128,1,200,0
2,2,199,1,200,0
-6,-2,147,1,200,0
4,-5,161,1,200,0
-1,-7,163,1,200,0
-5,2,165,1,200,0
1,1,171,1,200,0
-4,1,176,1,200,0
-3,-3,179,1,200,0
0,-3,182,1,200,0
-4,-6,194,1,200,0
7,-5,25,1,200,0
6,-2,96,1,200,0
5,6,103,1,200,0
4,5,112,1,200,0
3,4,126,1,200,0
2,3,195,1,200,0
0,-4,142,1,200,0
1,-7,156,1,200,0
-2,-1,164,1,200,0
-4,2,167,1,200,0
1,2,169,1,200,0
3,-3,174,1,200,0
-3,-4,193,1,200,0
-3,2,55,1,200,0
6,-3,58,1,200,0
8,0,125,1,200,0
2,4,77,1,200,0
4,-7,79,1,200,0
-4,3,84,1,200,0
1,3,85,1,200,0
5,7,102,1,200,0
4,6,111,1,200,0
3,5,119,1,200,0
7,-6,139,1,200,0
1,-8,153,1,200,0
-2,-2,159,1,200,0
3,-4,169,1,200,0
-1,0,174,1,200,0
0,-5,189,1,200,0
2,-1,192,1,200,0
-3,-5,197,1,200,0
-5,5,9,1,200,0
2,5,17,1,200,0
7,0,123,1,200,0
3,6,53,1,200,0
6,-4,57,1,200,0
-3,3,63,1,200,0
-4,4,76,1,200,0
1,4,78,1,200,0
4,7,96,1,200,0
-8,-1,102,1,200,0
7,-7,112,1,200,0
8,1,128,1,200,0
-5,-2,153,1,200,0
2,-2,162,1,200,0
-2,-3,163,1,200,0
-1,1,181,1,200,0
0,-6,184,1,200,0
-3,-6,186,1,200,0
1,5,11,1,200,0
-4,5,15,1,200,0
6,0,49,1,200,0
2,6,44,1,200,0
6,-5,44,1,200,0
-2,3,49,1,200,0
8,-1,67,1,200,0
-3,4,69,1,200,0
-8,-2,94,1,200,0
-2,-4,124,1,200,0
7,1,135,1,200,0
-5,-3,159,1,200,0
-1,-1,167,1,200,0
0,-7,168,1,200,0
-3,-7,187,1,200,0
-1,2,187,1,200,0
2,-3,194,1,200,0
5,0,39,1,200,0
-5,-4,12,1,200,0
2,7,18,1,200,0
1,6,36,1,200,0
5,-3,67,1,200,0
8,-2,86,1,200,0
3,-7,94,1,200,0
6,1,143,1,200,0
1,-1,141,1,200,0
6,-6,146,1,200,0
0,-8,149,1,200,0
2,-4,185,1,200,0
-1,3,194,1,200,0
-4,-1,194,1,200,0
-1,-2,199,1,200,0
-2,-5,199,1,200,0
4,-1,9,1,200,0
0,6,4,1,200,0
4,0,11,1,200,0
-5,-5,15,1,200,0
5,1,149,1,200,0
1,7,26,1,200,0
5,-4,64,1,200,0
6,-7,74,1,200,0
-7,-1,103,1,200,0
-7,0,128,1,200,0
-4,-2,135,1,200,0
1,-2,168,1,200,0
-1,-3,188,1,200,0
-1,4,199,1,200,0
1,8,11,1,200,0
-8,2,11,1,200,0
-4,-3,65,1,200,0
7,-1,118,1,200,0
-7,-2,95,1,200,0
-1,-4,98,1,200,0
-7,1,119,1,200,0
3,0,125,1,200,0
-6,0,138,1,200,0
5,2,147,1,200,0
4,1,157,1,200,0
5,-5,153,1,200,0
1,-3,198,1,200,0
-2,-7,199,1,200,0
-5,-6,199,1,200,0
-8,3,7,1,201,0
8,-5,9,1,201,0
-7,2,14,1,201,0
7,-2,94,1,201,0
4,-3,78,1,201,0
2,-7,108,1,201,0
-1,-5,112,1,201,0
-3,-1,133,1,201,0
0,-1,136,1,201,0
5,-6,149,1,201,0
4,2,168,1,201,0
-5,0,153,1,201,0
-4,-4,168,1,201,0
2,0,199,1,201,0
1,-4,199,1,201,0
8,-6,7,1,201,0
-4,-5,19,1,201,0
5,-7,83,1,201,0
3,-1,129,1,201,0
-6,-1,144,1,201,0
1,0,149,1,201,0
-3,-2,153,1,201,0
-5,1,159,1,201,0
-1,-6,159,1,201,0
4,-4,162,1,201,0
3,2,176,1,201,0
2,1,178,1,201,0
0,-2,197,1,201,0
-4,0,199,1,201,0
1,-5,199,1,201,0
8,-7,6,1,201,0
6,-1,97,1,201,0
3,-2,116,1,201,0
-3,0,123,1,201,0
3,3,128,1,201,0
2,2,201,1,201,0
-6,-2,147,1,201,0
4,-5,161,1,201,0
-1,-7,163,1,201,0
-5,2,165,1,201,0
1,1,171,1,201,0
-4,1,176,1,201,0
-3,-3,179,1,201,0
0,-3,182,1,201,0
-4,-6,194,1,201,0
7,-5,25,1,201,0
6,-2,96,1,201,0
5,6,103,1,201,0
4,5,112,1,201,0
3,4,126,1,201,0
2,3,195,1,201,0
0,-4,142,1,201,0
1,-7,156,1,201,0
-2,-1,164,1,201,0
-4,2,167,1,201,0
1,2,169,1,201,0
3,-3,174,1,201,0
-3,-4,193,1,201,0
-3,2,55,1,201,0
6,-3,58,1,201,0
8,0,125,1,201,0
2,4,77,1,201,0
4,-7,79,1,201,0
-4,3,84,1,201,0
1,3,85,1,201,0
5,7,102,1,201,0
4,6,111,1,201,0
3,5,119,1,201,0
7,-6,139,1,201,0
1,-8,153,1,201,0
-2,-2,159,1,201,0
3,-4,169,1,201,0
-1,0,174,1,201,0
0,-5,189,1,201,0
2,-1,192,1,201,0
-3,-5,197,1,201,0
-5,5,9,1,201,0
2,5,17,1,201,0
7,0,123,1,201,0
3,6,53,1,201,0
6,-4,57,1,201,0
-3,3,63,1,201,0
-4,4,76,1,201,0
1,4,78,1,201,0
4,7,96,1,201,0
-8,-1,102,1,201,0
7,-7,112,1,201,0
8,1,128,1,201,0
-5,-2,153,1,201,0
2,-2,162,1,201,0
-2,-3,163,1,201,0
-1,1,181,1,201,0
0,-6,184,1,201,0
-3,-6,186,1,201,0
1,5,11,1,201,0
-4,5,15,1,201,0
6,0,49,1,201,0
2,6,44,1,201,0
6,-5,44,1,201,0
-2,3,49,1,201,0
8,-1,67,1,201,0
-3,4,69,1,201,0
-8,-2,94,1,201,0
-2,-4,124,1,201,0
7,1,135,1,201,0
-5,-3,159,1,201,0
-1,-1,167,1,201,0
0,-7,168,1,201,0
-3,-7,187,1,201,0
-1,2,187,1,201,0
2,-3,194,1,201,0
5,0,39,1,201,0
-5,-4,12,1,201,0
2,7,18,1,201,0
1,6,36,1,201,0
5,-3,67,1,201,0
8,-2,86,1,201,0
3,-7,94,1,201,0
6,1,143,1,201,0
1,-1,141,1,201,0
6,-6,146,1,201,0
0,-8,149,1,201,0
2,-4,185,1,201,0
-1,3,194,1,201,0
-4,-1,194,1,201,0
-1,-2,199,1,201,0
-2,-5,199,1,201,0
4,-1,9,1,201,0
0,6,4,1,201,0
4,0,11,1,201,0
-5,-5,15,1,201,0
5,1,149,1,201,0
1,7,26,1,201,0
5,-4,64,1,201,0
6,-7,74,1,201,0
-7,-1,103,1,201,0
-7,0,128,1,201,0
-4,-2,135,1,201,0
1,-2,168,1,201,0
-1,-3,188,1,201,0
-1,4,199,1,201,0
1,8,11,1,201,0
-8,2,11,1,201,0
-4,-3,65,1,201,0
7,-1,118,1,201,0
-7,-2,95,1,201,0
-1,-4,98,1,201,0
-7,1,119,1,201,0
3,0,125,1,201,0
-6,0,138,1,201,0
5,2,147,1,201,0
4,1,157,1,201,0
5,-5,153,1,201,0
1,-3,198,1,201,0
-2,-7,199,1,201,0
-5,-6,199,1,201,0
-8,3,7,1,202,0
8,-5,9,1,202,0
-7,2,14,1,202,0
7,-2,94,1,202,0
4,-3,78,1,202,0
2,-7,108,1,202,0
-1,-5,112,1,202,0
-3,-1,133,1,202,0
0,-1,136,1,202,0
5,-6,149,1,202,0
4,2,168,1,202,0
-5,0,153,1,202,0
-4,-4,168,1,202,0
1,-4,199,1,202,0
2,0,201,1,202,0
8,-6,7,1,202,0
-4,-5,19,1,202,0
5,-7,83,1,202,0
3,-1,129,1,202,0
-6,-1,144,1,202,0
1,0,149,1,202,0
-3,-2,153,1,202,0
-5,1,159,1,202,0
-1,-6,159,1,202,0
4,-4,162,1,202,0
3,2,176,1,202,0
2,1,178,1,202,0
0,-2,197,1,202,0
-4,0,199,1,202,0
1,-5,199,1,202,0
8,-7,6,1,202,0
6,-1,97,1,202,0
3,-2,116,1,202,0
-3,0,123,1,202,0
3,3,128,1,202,0
2,2,202,1,202,0
-6,-2,147,1,202,0
4,-5,161,1,202,0
-1,-7,163,1,202,0
-5,2,165,1,202,0
1,1,171,1,202,0
-4,1,176,1,202,0
-3,-3,179,1,202,0
0,-3,182,1,202,0
-4,-6,194,1,202,0
7,-5,25,1,202,0
6,-2,96,1,202,0
5,6,103,1,202,0
4,5,112,1,202,0
3,4,126,1,202,0
2,3,195,1,202,0
0,-4,142,1,202,0
1,-7,156,1,202,0
-2,-1,164,1,202,0
-4,2,167,1,202,0
1,2,169,1,202,0
3,-3,174,1,202,0
-3,-4,193,1,202,0
-3,2,55,1,202,0
6,-3,58,1,202,0
8,0,125,1,202,0
2,4,77,1,202,0
4,-7,79,1,202,0
-4,3,84,1,202,0
1,3,85,1,202,0
5,7,102,1,202,0
4,6,111,1,202,0
3,5,119,1,202,0
7,-6,139,1,202,0
1,-8,153,1,202,0
-2,-2,159,1,202,0
3,-4,169,1,202,0
-1,0,174,1,202,0
0,-5,189,1,202,0
2,-1,192,1,202,0
-3,-5,197,1,202,0
-5,5,9,1,202,0
2,5,17,1,202,0
7,0,123,1,202,0
3,6,53,1,202,0
6,-4,57,1,202,0
-3,3,63,1,202,0
-4,4,76,1,202,0
1,4,78,1,202,0
4,7,96,1,202,0
-8,-1,102,1,202,0
7,-7,112,1,202,0
8,1,128,1,202,0
-5,-2,153,1,202,0
2,-2,162,1,202,0
-2,-3,163,1,202,0
-1,1,181,1,202,0
0,-6,184,1,202,0
-3,-6,186,1,202,0
1,5,11,1,202,0
-4,5,15,1,202,0
6,0,49,1,202,0
2,6,44,1,202,0
6,-5,44,1,202,0
-2,3,49,1,202,0
8,-1,67,1,202,0
-3,4,69,1,202,0
-8,-2,94,1,202,0
-2,-4,124,1,202,0
7,1,135,1,202,0
-5,-3,159,1,202,0
-1,-1,167,1,202,0
0,-7,168,1,202,0
-3,-7,187,1,202,0
-1,2,187,1,202,0
2,-3,194,1,202,0
5,0,39,1,202,0
-5,-4,12,1,202,0
2,7,18,1,202,0
1,6,36,1,202,0
5,-3,67,1,202,0
8,-2,86,1,202,0
3,-7,94,1,202,0
6,1,143,1,202,0
1,-1,141,1,202,0
6,-6,146,1,202,0
0,-8,149,1,202,0
2,-4,185,1,202,0
-1,3,194,1,202,0
-1,-2,201,1,202,0
-4,-1,201,1,202,0
-2,-5,201,1,202,0
4,-1,9,1,202,0
0,6,4,1,202,0
4,0,11,1,202,0
5,1,149,1,202,0
1,7,26,1,202,0
5,-4,64,1,202,0
6,-7,74,1,202,0
-7,-1,103,1,202,0
-7,0,128,1,202,0
-4,-2,135,1,202,0
1,-2,168,1,202,0
-1,-3,188,1,202,0
-2,-6,201,1,202,0
-1,4,201,1,202,0
-5,-5,201,1,202,0
1,8,11,1,202,0
-8,2,11,1,202,0
-4,-3,65,1,202,0
7,-1,118,1,202,0
-7,-2,95,1,202,0
-1,-4,98,1,202,0
-7,1,119,1,202,0
3,0,125,1,202,0
-6,0,138,1,202,0
5,2,147,1,202,0
4,1,157,1,202,0
5,-5,153,1,202,0
1,-3,198,1,202,0
-2,-7,199,1,202,0
-5,-6,199,1,202,0
-8,3,7,1,203,0
8,-5,9,1,203,0
-7,2,14,1,203,0
7,-2,94,1,203,0
4,-3,78,1,203,0
2,-7,108,1,203,0
-1,-5,112,1,203,0
-3,-1,133,1,203,0
0,-1,136,1,203,0
5,-6,149,1,203,0
4,2,168,1,203,0
-5,0,153,1,203,0
-4,-4,168,1,203,0
2,0,202,1,203,0
1,-4,202,1,203,0
8,-6,7,1,203,0
-4,-5,19,1,203,0
5,-7,83,1,203,0
3,-1,129,1,203,0
-6,-1,144,1,203,0
1,0,149,1,203,0
-3,-2,153,1,203,0
-5,1,159,1,203,0
-1,-6,159,1,203,0
4,-4,162,1,203,0
3,2,176,1,203,0
2,1,178,1,203,0
0,-2,197,1,203,0
-4,0,199,1,203,0
1,-5,199,1,203,0
8,-7,6,1,203,0
6,-1,97,1,203,0
3,-2,116,1,203,0
-3,0,123,1,203,0
3,3,128,1,203,0
2,2,203,1,203,0
-6,-2,147,1,203,0
4,-5,161,1,203,0
-1,-7,163,1,203,0
-5,2,165,1,203,0
1,1,171,1,203,0
-4,1,176,1,203,0
-3,-3,179,1,203,0
0,-3,182,1,203,0
-4,-6,194,1,203,0
7,-5,25,1,203,0
6,-2,96,1,203,0
5,6,103,1,203,0
4,5,112,1,203,0
3,4,126,1,203,0
2,3,195,1,203,0
0,-4,142,1,203,0
1,-7,156,1,203,0
-2,-1,164,1,203,0
-4,2,167,1,203,0
1,2,169,1,203,0
3,-3,174,1,203,0
-3,-4,193,1,203,0
-3,2,55,1,203,0
6,-3,58,1,203,0
8,0,125,1,203,0
2,4,77,1,203,0
4,-7,79,1,203,0
-4,3,84,1,203,0
1,3,85,1,203,0
5,7,102,1,203,0
4,6,111,1,203,0
3,5,119,1,203,0
7,-6,139,1,203,0
1,-8,153,1,203,0
-2,-2,159,1,203,0
3,-4,169,1,203,0
-1,0,174,1,203,0
0,-5,189,1,203,0
2,-1,192,1,203,0
-3,-5,197,1,203,0
-5,5,9,1,203,0
2,5,17,1,203,0
7,0,123,1,203,0
3,6,53,1,203,0
6,-4,57,1,203,0
-3,3,63,1,203,0
-4,4,76,1,203,0
1,4,78,1,203,0
4,7,96,1,203,0
-8,-1,102,1,203,0
7,-7,112,1,203,0
8,1,128,1,203,0
-5,-2,153,1,203,0
2,-2,162,1,203,0
-2,-3,163,1,203,0
-1,1,181,1,203,0
0,-6,184,1,203,0
-3,-6,186,1,203,0
1,5,11,1,203,0
-4,5,15,1,203,0
6,0,49,1,203,0
2,6,44,1,203,0
6,-5,44,1,203,0
-2,3,49,1,203,0
8,-1,67,1,203,0
-3,4,69,1,203,0
-8,-2,94,1,203,0
-2,-4,124,1,203,0
7,1,135,1,203,0
-5,-3,159,1,203,0
-1,-1,167,1,203,0
0,-7,168,1,203,0
-3,-7,187,1,203,0
-1,2,187,1,203,0
2,-3,194,1,203,0
5,0,39,1,203,0
-5,-4,12,1,203,0
2,7,18,1,203,0
1,6,36,1,203,0
5,-3,67,1,203,0
8,-2,86,1,203,0
3,-7,94,1,203,0
6,1,143,1,203,0
1,-1,141,1,203,0
6,-6,146,1,203,0
0,-8,149,1,203,0
2,-4,185,1,203,0
-1,3,194,1,203,0
-1,-2,202,1,203,0
-2,4,202,1,203,0
-4,-1,202,1,203,0
-2,-5,202,1,203,0
4,-1,9,1,203,0
0,6,4,1,203,0
4,0,11,1,203,0
5,1,149,1,203,0
1,7,26,1,203,0
5,-4,64,1,203,0
6,-7,74,1,203,0
-7,-1,103,1,203,0
-7,0,128,1,203,0
-4,-2,135,1,203,0
1,-2,168,1,203,0
-1,-3,188,1,203,0
-1,4,201,1,203,0
-2,-6,202,1,203,0
-5,-5,202,1,203,0
1,8,11,1,203,0
-8,2,11,1,203,0
-4,-3,65,1,203,0
7,-1,118,1,203,0
-7,-2,95,1,203,0
-1,-4,98,1,203,0
-7,1,119,1,203,0
3,0,125,1,203,0
-6,0,138,1,203,0
5,2,147,1,203,0
4,1,157,1,203,0
5,-5,153,1,203,0
1,-3,198,1,203,0
-2,-7,199,1,203,0
-5,-6,199,1,203,0
-8,3,7,1,204,0
8,-5,9,1,204,0
-7,2,14,1,204,0
7,-2,94,1,204,0
4,-3,78,1,204,0
2,-7,108,1,204,0
-1,-5,112,1,204,0
-3,-1,133,1,204,0
0,-1,136,1,204,0
5,-6,149,1,204,0
4,2,168,1,204,0
-5,0,153,1,204,0
-4,-4,168,1,204,0
2,0,202,1,204,0
1,-4,202,1,204,0
8,-6,7,1,204,0
-4,-5,19,1,204,0
5,-7,83,1,204,0
3,-1,129,1,204,0
-6,-1,144,1,204,0
1,0,149,1,204,0
-3,-2,153,1,204,0
-5,1,159,1,204,0
-1,-6,159,1,204,0
4,-4,162,1,204,0
3,2,176,1,204,0
2,1,178,1,204,0
0,-2,197,1,204,0
-4,0,199,1,204,0
1,-5,199,1,204,0
8,-7,6,1,204,0
6,-1,97,1,204,0
3,-2,116,1,204,0
-3,0,123,1,204,0
3,3,128,1,204,0
2,2,204,1,204,0
-6,-2,147,1,204,0
4,-5,161,1,204,0
-1,-7,163,1,204,0
-5,2,165,1,204,0
1,1,171,1,204,0
-4,1,176,1,204,0
-3,-3,179,1,204,0
0,-3,182,1,204,0
-4,-6,194,1,204,0
7,-5,25,1,204,0
6,-2,96,1,204,0
5,6,103,1,204,0
4,5,112,1,204,0
3,4,126,1,204,0
2,3,195,1,204,0
0,-4,142,1,204,0
1,-7,156,1,204,0
-2,-1,164,1,204,0
-4,2,167,1,204,0
1,2,169,1,204,0
3,-3,174,1,204,0
-3,-4,193,1,204,0
-3,2,55,1,204,0
6,-3,58,1,204,0
8,0,125,1,204,0
2,4,77,1,204,0
4,-7,79,1,204,0
-4,3,84,1,204,0
1,3,85,1,204,0
5,7,102,1,204,0
4,6,111,1,204,0
3,5,119,1,204,0
7,-6,139,1,204,0
1,-8,153,1,204,0
-2,-2,159,1,204,0
3,-4,169,1,204,0
-1,0,174,1,204,0
0,-5,189,1,204,0
-3,-5,197,1,204,0
2,-1,203,1,204,0
-5,5,9,1,204,0
2,5,17,1,204,0
7,0,123,1,204,0
3,6,53,1,204,0
6,-4,57,1,204,0
-3,3,63,1,204,0
-4,4,76,1,204,0
1,4,78,1,204,0
4,7,96,1,204,0
-8,-1,102,1,204,0
7,-7,112,1,204,0
8,1,128,1,204,0
-5,-2,153,1,204,0
2,-2,162,1,204,0
-2,-3,163,1,204,0
-1,1,181,1,204,0
0,-6,184,1,204,0
-3,-6,186,1,204,0
1,5,11,1,204,0
-4,5,15,1,204,0
6,0,49,1,204,0
2,6,44,1,204,0
6,-5,44,1,204,0
-2,3,49,1,204,0
8,-1,67,1,204,0
-3,4,69,1,204,0
-8,-2,94,1,204,0
-2,-4,124,1,204,0
7,1,135,1,204,0
-5,-3,159,1,204,0
-1,-1,167,1,204,0
0,-7,168,1,204,0
-3,-7,187,1,204,0
-1,2,187,1,204,0
2,-3,194,1,204,0
5,0,39,1,204,0
-5,-4,12,1,204,0
2,7,18,1,204,0
1,6,36,1,204,0
5,-3,67,1,204,0
8,-2,86,1,204,0
3,-7,94,1,204,0
6,1,143,1,204,0
1,-1,141,1,204,0
6,-6,146,1,204,0
0,-8,149,1,204,0
2,-4,185,1,204,0
-1,3,194,1,204,0
-1,-2,203,1,204,0
-2,4,203,1,204,0
-4,-1,203,1,204,0
-2,-5,203,1,204,0
4,-1,9,1,204,0
0,6,4,1,204,0
4,0,11,1,204,0
5,1,149,1,204,0
1,7,26,1,204,0
5,-4,64,1,204,0
6,-7,74,1,204,0
-7,-1,103,1,204,0
-7,0,128,1,204,0
-4,-2,135,1,204,0
1,-2,168,1,204,0
-1,-3,188,1,204,0
-1,4,201,1,204,0
-2,-6,202,1,204,0
-5,-5,202,1,204,0
1,8,11,1,204,0
-8,2,11,1,204,0
-4,-3,65,1,204,0
7,-1,118,1,204,0
-7,-2,95,1,204,0
-1,-4,98,1,204,0
-7,1,119,1,204,0
3,0,125,1,204,0
-6,0,138,1,204,0
5,2,147,1,204,0
4,1,157,1,204,0
5,-5,153,1,204,0
1,-3,198,1,204,0
-2,-7,199,1,204,0
-5,-6,203,1,204,0
-8,3,7,1,205,0
8,-5,9,1,205,0
-7,2,14,1,205,0
7,-2,94,1,205,0
4,-3,78,1,205,0
2,-7,108,1,205,0
-1,-5,112,1,205,0
-3,-1,133,1,205,0
0,-1,136,1,205,0
5,-6,149,1,205,0
4,2,168,1,205,0
-5,0,153,1,205,0
-4,-4,168,1,205,0
2,0,202,1,205,0
1,-4,203,1,205,0
8,-6,7,1,205,0
-4,-5,19,1,205,0
5,-7,83,1,205,0
3,-1,129,1,205,0
-6,-1,144,1,205,0
1,0,149,1,205,0
-3,-2,153,1,205,0
-5,1,159,1,205,0
-1,-6,159,1,205,0
4,-4,162,1,205,0
3,2,176,1,205,0
2,1,205,1,205,0
0,-2,197,1,205,0
-4,0,199,1,205,0
1,-5,199,1,205,0
8,-7,6,1,205,0
6,-1,97,1,205,0
3,-2,116,1,205,0
-3,0,123,1,205,0
3,3,128,1,205,0
2,2,204,1,205,0
-6,-2,147,1,205,0
4,-5,161,1,205,0
-1,-7,163,1,205,0
-5,2,165,1,205,0
1,1,171,1,205,0
-4,1,176,1,205,0
-3,-3,179,1,205,0
0,-3,182,1,205,0
-4,-6,194,1,205,0
7,-5,25,1,205,0
6,-2,96,1,205,0
5,6,103,1,205,0
4,5,112,1,205,0
3,4,126,1,205,0
2,3,195,1,205,0
0,-4,142,1,205,0
1,-7,156,1,205,0
-2,-1,164,1,205,0
-4,2,167,1,205,0
1,2,169,1,205,0
3,-3,174,1,205,0
-3,-4,193,1,205,0
-3,2,55,1,205,0
6,-3,58,1,205,0
8,0,125,1,205,0
2,4,77,1,205,0
4,-7,79,1,205,0
-4,3,84,1,205,0
1,3,85,1,205,0
5,7,102,1,205,0
4,6,111,1,205,0
3,5,119,1,205,0
7,-6,139,1,205,0
1,-8,153,1,205,0
-2,-2,159,1,205,0
3,-4,169,1,205,0
-1,0,174,1,205,0
0,-5,189,1,205,0
-3,-5,197,1,205,0
2,-1,204,1,205,0
-5,5,9,1,205,0
2,5,17,1,205,0
7,0,123,1,205,0
3,6,53,1,205,0
6,-4,57,1,205,0
-3,3,63,1,205,0
-4,4,76,1,205,0
1,4,78,1,205,0
4,7,96,1,205,0
-8,-1,102,1,205,0
7,-7,112,1,205,0
8,1,128,1,205,0
-5,-2,153,1,205,0
2,-2,162,1,205,0
-2,-3,163,1,205,0
-1,1,181,1,205,0
0,-6,184,1,205,0
-3,-6,186,1,205,0
1,5,11,1,205,0
-4,5,15,1,205,0
6,0,49,1,205,0
2,6,44,1,205,0
6,-5,44,1,205,0
-2,3,49,1,205,0
8,-1,67,1,205,0
-3,4,69,1,205,0
-8,-2,94,1,205,0
-2,-4,124,1,205,0
7,1,135,1,205,0
-5,-3,159,1,205,0
-1,-1,167,1,205,0
0,-7,168,1,205,0
-3,-7,187,1,205,0
-1,2,187,1,205,0
2,-3,194,1,205,0
5,0,39,1,205,0
-5,-4,12,1,205,0
2,7,18,1,205,0
1,6,36,1,205,0
5,-3,67,1,205,0
8,-2,86,1,205,0
3,-7,94,1,205,0
6,1,143,1,205,0
1,-1,141,1,205,0
6,-6,146,1,205,0
0,-8,149,1,205,0
2,-4,185,1,205,0
-1,3,194,1,205,0
-1,-2,204,1,205,0
-2,4,204,1,205,0
-4,-1,204,1,205,0
-2,-5,204,1,205,0
4,-1,9,1,205,0
0,6,4,1,205,0
4,0,11,1,205,0
5,1,149,1,205,0
1,7,26,1,205,0
5,-4,64,1,205,0
6,-7,74,1,205,0
-7,-1,103,1,205,0
-7,0,128,1,205,0
-4,-2,135,1,205,0
1,-2,168,1,205,0
-1,-3,188,1,205,0
-1,4,201,1,205,0
-5,-5,202,1,205,0
-2,-6,203,1,205,0
1,8,11,1,205,0
-8,2,11,1,205,0
-4,-3,65,1,205,0
7,-1,118,1,205,0
-7,-2,95,1,205,0
-1,-4,98,1,205,0
-7,1,119,1,205,0
3,0,125,1,205,0
-6,0,138,1,205,0
5,2,147,1,205,0
4,1,157,1,205,0
5,-5,153,1,205,0
1,-3,198,1,205,0
-2,-7,199,1,205,0
-5,-6,204,1,205,0
-8,3,7,1,206,0
8,-5,9,1,206,0
-7,2,14,1,206,0
7,-2,94,1,206,0
4,-3,78,1,206,0
2,-7,108,1,206,0
-1,-5,112,1,206,0
-3,-1,133,1,206,0
0,-1,136,1,206,0
5,-6,149,1,206,0
4,2,168,1,206,0
-5,0,153,1,206,0
-4,-4,168,1,206,0
2,0,202,1,206,0
1,-4,204,1,206,0
8,-6,7,1,206,0
-4,-5,19,1,206,0
5,-7,83,1,206,0
3,-1,129,1,206,0
-6,-1,144,1,206,0
1,0,149,1,206,0
-3,-2,153,1,206,0
-5,1,159,1,206,0
4,-4,162,1,206,0
3,2,176,1,206,0
2,1,206,1,206,0
0,-2,197,1,206,0
-4,0,199,1,206,0
1,-5,199,1,206,0
-1,-6,204,1,206,0
8,-7,6,1,206,0
6,-1,97,1,206,0
3,-2,116,1,206,0
-3,0,123,1,206,0
3,3,128,1,206,0
2,2,204,1,206,0
-6,-2,147,1,206,0
4,-5,161,1,206,0
-1,-7,163,1,206,0
-5,2,165,1,206,0
1,1,171,1,206,0
-4,1,176,1,206,0
-3,-3,179,1,206,0
0,-3,182,1,206,0
-4,-6,194,1,206,0
7,-5,25,1,206,0
6,-2,96,1,206,0
5,6,103,1,206,0
4,5,112,1,206,0
3,4,126,1,206,0
2,3,195,1,206,0
0,-4,142,1,206,0
1,-7,156,1,206,0
-2,-1,164,1,206,0
-4,2,167,1,206,0
1,2,169,1,206,0
3,-3,174,1,206,0
-3,-4,193,1,206,0
-3,2,55,1,206,0
6,-3,58,1,206,0
8,0,125,1,206,0
2,4,77,1,206,0
4,-7,79,1,206,0
-4,3,84,1,206,0
1,3,85,1,206,0
5,7,102,1,206,0
4,6,111,1,206,0
3,5,119,1,206,0
7,-6,139,1,206,0
1,-8,153,1,206,0
-2,-2,159,1,206,0
3,-4,169,1,206,0
-1,0,174,1,206,0
0,-5,189,1,206,0
-3,-5,197,1,206,0
2,-1,204,1,206,0
-5,5,9,1,206,0
2,5,17,1,206,0
7,0,123,1,206,0
3,6,53,1,206,0
6,-4,57,1,206,0
-3,3,63,1,206,0
-4,4,76,1,206,0
1,4,78,1,206,0
4,7,96,1,206,0
-8,-1,102,1,206,0
7,-7,112,1,206,0
8,1,128,1,206,0
-5,-2,153,1,206,0
2,-2,162,1,206,0
-2,-3,163,1,206,0
-1,1,181,1,206,0
0,-6,184,1,206,0
-3,-6,186,1,206,0
-6,-5,205,1,206,0
1,5,11,1,206,0
-4,5,15,1,206,0
6,0,49,1,206,0
2,6,44,1,206,0
6,-5,44,1,206,0
-2,3,49,1,206,0
8,-1,67,1,206,0
-3,4,69,1,206,0
-8,-2,94,1,206,0
-2,-4,124,1,206,0
7,1,135,1,206,0
-5,-3,159,1,206,0
-1,-1,167,1,206,0
0,-7,168,1,206,0
-3,-7,187,1,206,0
-1,2,187,1,206,0
2,-3,194,1,206,0
5,0,39,1,206,0
-5,-4,12,1,206,0
2,7,18,1,206,0
1,6,36,1,206,0
5,-3,67,1,206,0
8,-2,86,1,206,0
3,-7,94,1,206,0
6,1,143,1,206,0
6,-6,146,1,206,0
0,-8,149,1,206,0
-2,4,204,1,206,0
-1,-2,205,1,206,0
-1,3,205,1,206,0
1,-1,205,1,206,0
-4,-1,205,1,206,0
2,-4,205,1,206,0
-2,-5,205,1,206,0
4,-1,9,1,206,0
0,6,4,1,206,0
4,0,11,1,206,0
5,1,149,1,206,0
1,7,26,1,206,0
5,-4,64,1,206,0
6,-7,74,1,206,0
-7,-1,103,1,206,0
-7,0,128,1,206,0
-4,-2,135,1,206,0
1,-2,168,1,206,0
-1,-3,188,1,206,0
-1,4,201,1,206,0
-5,-5,202,1,206,0
-2,-6,203,1,206,0
1,8,11,1,206,0
-8,2,11,1,206,0
-4,-3,65,1,206,0
7,-1,118,1,206,0
-7,-2,95,1,206,0
-1,-4,98,1,206,0
-7,1,119,1,206,0
3,0,125,1,206,0
-6,0,138,1,206,0
5,2,147,1,206,0
4,1,157,1,206,0
5,-5,153,1,206,0
1,-3,198,1,206,0
-2,-7,199,1,206,0
-5,-6,204,1,206,0
-8,3,7,1,207,0
8,-5,9,1,207,0
-7,2,14,1,207,0
7,-2,94,1,207,0
4,-3,78,1,207,0
2,-7,108,1,207,0
-3,-1,133,1,207,0
0,-1,136,1,207,0
5,-6,149,1,207,0
4,2,168,1,207,0
-5,0,153,1,207,0
-4,-4,168,1,207,0
2,0,202,1,207,0
1,-4,205,1,207,0
-1,-5,206,1,207,0
8,-6,7,1,207,0
-4,-5,19,1,207,0
5,-7,83,1,207,0
3,-1,129,1,207,0
-6,-1,144,1,207,0
1,0,149,1,207,0
-3,-2,153,1,207,0
-5,1,159,1,207,0
4,-4,162,1,207,0
3,2,176,1,207,0
2,1,207,1,207,0
0,-2,197,1,207,0
-4,0,199,1,207,0
1,-5,199,1,207,0
-1,-6,205,1,207,0
8,-7,6,1,207,0
6,-1,97,1,207,0
3,-2,116,1,207,0
-3,0,123,1,207,0
3,3,128,1,207,0
2,2,204,1,207,0
-6,-2,147,1,207,0
4,-5,161,1,207,0
-1,-7,163,1,207,0
-5,2,165,1,207,0
1,1,171,1,207,0
-4,1,176,1,207,0
-3,-3,179,1,207,0
0,-3,182,1,207,0
-4,-6,194,1,207,0
7,-5,25,1,207,0
6,-2,96,1,207,0
5,6,103,1,207,0
4,5,112,1,207,0
3,4,126,1,207,0
2,3,195,1,207,0
0,-4,142,1,207,0
1,-7,156,1,207,0
-2,-1,164,1,207,0
-4,2,167,1,207,0
1,2,169,1,207,0
3,-3,174,1,207,0
-3,-4,193,1,207,0
-3,2,55,1,207,0
6,-3,58,1,207,0
8,0,125,1,207,0
2,4,77,1,207,0
4,-7,79,1,207,0
-4,3,84,1,207,0
1,3,85,1,207,0
5,7,102,1,207,0
4,6,111,1,207,0
3,5,119,1,207,0
7,-6,139,1,207,0
1,-8,153,1,207,0
-2,-2,159,1,207,0
3,-4,169,1,207,0
-1,0,174,1,207,0
0,-5,189,1,207,0
-3,-5,197,1,207,0
2,-1,204,1,207,0
-5,5,9,1,207,0
2,5,17,1,207,0
7,0,123,1,207,0
3,6,53,1,207,0
6,-4,57,1,207,0
-3,3,63,1,207,0
-4,4,76,1,207,0
1,4,78,1,207,0
4,7,96,1,207,0
-8,-1,102,1,207,0
7,-7,112,1,207,0
8,1,128,1,207,0
-5,-2,153,1,207,0
2,-2,162,1,207,0
-2,-3,163,1,207,0
-1,1,181,1,207,0
0,-6,184,1,207,0
-3,-6,186,1,207,0
-6,-5,206,1,207,0
1,5,11,1,207,0
-4,5,15,1,207,0
6,0,49,1,207,0
2,6,44,1,207,0
6,-5,44,1,207,0
-2,3,49,1,207,0
8,-1,67,1,207,0
-3,4,69,1,207,0
-8,-2,94,1,207,0
-2,-4,124,1,207,0
7,1,135,1,207,0
-5,-3,159,1,207,0
-1,-1,167,1,207,0
0,-7,168,1,207,0
-3,-7,187,1,207,0
-1,2,187,1,207,0
2,-3,194,1,207,0
5,0,39,1,207,0
-5,-4,12,1,207,0
2,7,18,1,207,0
1,6,36,1,207,0
5,-3,67,1,207,0
8,-2,86,1,207,0
3,-7,94,1,207,0
6,1,143,1,207,0
6,-6,146,1,207,0
0,-8,149,1,207,0
-2,4,204,1,207,0
-2,-5,205,1,207,0
-1,-2,206,1,207,0
-1,3,206,1,207,0
1,-1,206,1,207,0
-4,-1,206,1,207,0
2,-4,206,1,207,0
4,-1,9,1,207,0
0,6,4,1,207,0
4,0,11,1,207,0
5,1,149,1,207,0
1,7,26,1,207,0
5,-4,64,1,207,0
6,-7,74,1,207,0
-7,-1,103,1,207,0
-7,0,128,1,207,0
-4,-2,135,1,207,0
1,-2,168,1,207,0
-1,-3,188,1,207,0
-1,4,201,1,207,0
-5,-5,202,1,207,0
-2,-6,203,1,207,0
1,8,11,1,207,0
-8,2,11,1,207,0
-4,-3,65,1,207,0
7,-1,118,1,207,0
-7,-2,95,1,207,0
-1,-4,98,1,207,0
-7,1,119,1,207,0
3,0,125,1,207,0
-6,0,138,1,207,0
5,2,147,1,207,0
4,1,157,1,207,0
5,-5,153,1,207,0
1,-3,198,1,207,0
-2,-7,199,1,207,0
-5,-6,204,1,207,0
-8,3,7,1,208,0
8,-5,9,1,208,0
-7,2,14,1,208,0
7,-2,94,1,208,0
4,-3,78,1,208,0
2,-7,108,1,208,0
-3,-1,133,1,208,0
0,-1,136,1,208,0
5,-6,149,1,208,0
4,2,168,1,208,0
-5,0,153,1,208,0
-4,-4,168,1,208,0
2,0,202,1,208,0
1,-4,205,1,208,0
-1,-5,206,1,208,0
8,-6,7,1,208,0
-4,-5,19,1,208,0
5,-7,83,1,208,0
3,-1,129,1,208,0
-6,-1,144,1,208,0
1,0,149,1,208,0
-3,-2,153,1,208,0
-5,1,159,1,208,0
4,-4,162,1,208,0
3,2,176,1,208,0
2,1,208,1,208,0
0,-2,197,1,208,0
-4,0,199,1,208,0
1,-5,199,1,208,0
-1,-6,206,1,208,0
8,-7,6,1,208,0
6,-1,97,1,208,0
3,-2,116,1,208,0
-3,0,123,1,208,0
3,3,128,1,208,0
2,2,204,1,208,0
-6,-2,147,1,208,0
4,-5,161,1,208,0
-1,-7,163,1,208,0
-5,2,165,1,208,0
1,1,171,1,208,0
-4,1,176,1,208,0
-3,-3,179,1,208,0
0,-3,182,1,208,0
-4,-6,194,1,208,0
7,-5,25,1,208,0
6,-2,96,1,208,0
5,6,103,1,208,0
4,5,112,1,208,0
3,4,126,1,208,0
2,3,195,1,208,0
0,-4,142,1,208,0
1,-7,156,1,208,0
-2,-1,164,1,208,0
-4,2,167,1,208,0
1,2,169,1,208,0
3,-3,174,1,208,0
-3,-4,193,1,208,0
-3,2,55,1,208,0
6,-3,58,1,208,0
8,0,125,1,208,0
2,4,77,1,208,0
4,-7,79,1,208,0
-4,3,84,1,208,0
1,3,85,1,208,0
5,7,102,1,208,0
4,6,111,1,208,0
3,5,119,1,208,0
7,-6,139,1,208,0
1,-8,153,1,208,0
3,-4,169,1,208,0
-1,0,174,1,208,0
0,-5,189,1,208,0
-3,-5,197,1,208,0
2,-1,204,1,208,0
-2,-2,207,1,208,0
-5,5,9,1,208,0
2,5,17,1,208,0
7,0,123,1,208,0
3,6,53,1,208,0
6,-4,57,1,208,0
-3,3,63,1,208,0
-4,4,76,1,208,0
1,4,78,1,208,0
4,7,96,1,208,0
-8,-1,102,1,208,0
7,-7,112,1,208,0
8,1,128,1,208,0
-5,-2,153,1,208,0
2,-2,162,1,208,0
-2,-3,163,1,208,0
-1,1,181,1,208,0
0,-6,184,1,208,0
-3,-6,186,1,208,0
-6,-5,207,1,208,0
1,5,11,1,208,0
-4,5,15,1,208,0
6,0,49,1,208,0
2,6,44,1,208,0
6,-5,44,1,208,0
-2,3,49,1,208,0
8,-1,67,1,208,0
-3,4,69,1,208,0
-8,-2,94,1,208,0
-2,-4,124,1,208,0
7,1,135,1,208,0
-5,-3,159,1,208,0
-1,-1,167,1,208,0
0,-7,168,1,208,0
-3,-7,187,1,208,0
-1,2,187,1,208,0
2,-3,194,1,208,0
5,0,39,1,208,0
-5,-4,12,1,208,0
2,7,18,1,208,0
1,6,36,1,208,0
5,-3,67,1,208,0
8,-2,86,1,208,0
3,-7,94,1,208,0
6,1,143,1,208,0
6,-6,146,1,208,0
0,-8,149,1,208,0
-2,4,204,1,208,0
-2,-5,205,1,208,0
-1,-2,206,1,208,0
-1,3,207,1,208,0
1,-1,207,1,208,0
-4,-1,207,1,208,0
2,-4,207,1,208,0
4,-1,9,1,208,0
0,6,4,1,208,0
4,0,11,1,208,0
5,1,149,1,208,0
1,7,26,1,208,0
5,-4,64,1,208,0
6,-7,74,1,208,0
-7,-1,103,1,208,0
-7,0,128,1,208,0
-4,-2,135,1,208,0
1,-2,168,1,208,0
-1,-3,188,1,208,0
-1,4,201,1,208,0
-5,-5,202,1,208,0
-2,-6,203,1,208,0
1,8,11,1,208,0
-8,2,11,1,208,0
-4,-3,65,1,208,0
7,-1,118,1,208,0
-7,-2,95,1,208,0
-1,-4,98,1,208,0
-7,1,119,1,208,0
3,0,125,1,208,0
-6,0,138,1,208,0
5,2,147,1,208,0
4,1,157,1,208,0
5,-5,153,1,208,0
1,-3,198,1,208,0
-2,-7,199,1,208,0
-5,-6,204,1,208,0
-8,3,7,1,209,0
8,-5,9,1,209,0
-7,2,14,1,209,0
7,-2,94,1,209,0
4,-3,78,1,209,0
2,-7,108,1,209,0
-3,-1,133,1,209,0
0,-1,136,1,209,0
5,-6,149,1,209,0
4,2,168,1,209,0
-5,0,153,1,209,0
-4,-4,168,1,209,0
2,0,202,1,209,0
1,-4,205,1,209,0
-1,-5,208,1,209,0
8,-6,7,1,209,0
-4,-5,19,1,209,0
5,-7,83,1,209,0
3,-1,129,1,209,0
-6,-1,144,1,209,0
1,0,149,1,209,0
-3,-2,153,1,209,0
-5,1,159,1,209,0
4,-4,162,1,209,0
3,2,176,1,209,0
2,1,209,1,209,0
0,-2,197,1,209,0
-4,0,199,1,209,0
1,-5,199,1,209,0
-1,-6,207,1,209,0
8,-7,6,1,209,0
6,-1,97,1,209,0
3,-2,116,1,209,0
-3,0,123,1,209,0
3,3,128,1,209,0
2,2,204,1,209,0
-6,-2,147,1,209,0
4,-5,161,1,209,0
-1,-7,163,1,209,0
-5,2,165,1,209,0
1,1,171,1,209,0
-4,1,176,1,209,0
-3,-3,179,1,209,0
0,-3,182,1,209,0
-4,-6,194,1,209,0
7,-5,25,1,209,0
6,-2,96,1,209,0
5,6,103,1,209,0
4,5,112,1,209,0
3,4,126,1,209,0
2,3,195,1,209,0
0,-4,142,1,209,0
1,-7,156,1,209,0
-2,-1,164,1,209,0
-4,2,167,1,209,0
1,2,169,1,209,0
3,-3,174,1,209,0
-3,-4,193,1,209,0
-3,2,55,1,209,0
6,-3,58,1,209,0
8,0,125,1,209,0
2,4,77,1,209,0
4,-7,79,1,209,0
-4,3,84,1,209,0
1,3,85,1,209,0
5,7,102,1,209,0
4,6,111,1,209,0
3,5,119,1,209,0
7,-6,139,1,209,0
1,-8,153,1,209,0
3,-4,169,1,209,0
-1,0,174,1,209,0
0,-5,189,1,209,0
-3,-5,197,1,209,0
2,-1,204,1,209,0
-2,-2,208,1,209,0
-5,5,9,1,209,0
2,5,17,1,209,0
7,0,123,1,209,0
3,6,53,1,209,0
6,-4,57,1,209,0
-3,3,63,1,209,0
-4,4,76,1,209,0
1,4,78,1,209,0
4,7,96,1,209,0
-8,-1,102,1,209,0
7,-7,112,1,209,0
8,1,128,1,209,0
-5,-2,153,1,209,0
2,-2,162,1,209,0
-2,-3,163,1,209,0
-1,1,181,1,209,0
0,-6,184,1,209,0
-3,-6,186,1,209,0
-6,-5,208,1,209,0
1,5,11,1,209,0
-4,5,15,1,209,0
6,0,49,1,209,0
2,6,44,1,209,0
6,-5,44,1,209,0
-2,3,49,1,209,0
8,-1,67,1,209,0
-3,4,69,1,209,0
-8,-2,94,1,209,0
-2,-4,124,1,209,0
7,1,135,1,209,0
-5,-3,159,1,209,0
-1,-1,167,1,209,0
0,-7,168,1,209,0
-3,-7,187,1,209,0
-1,2,187,1,209,0
2,-3,194,1,209,0
5,0,39,1,209,0
-5,-4,12,1,209,0
2,7,18,1,209,0
1,6,36,1,209,0
5,-3,67,1,209,0
8,-2,86,1,209,0
3,-7,94,1,209,0
6,1,143,1,209,0
6,-6,146,1,209,0
0,-8,149,1,209,0
-2,4,204,1,209,0
-2,-5,205,1,209,0
-1,-2,206,1,209,0
-1,3,208,1,209,0
1,-1,208,1,209,0
-4,-1,208,1,209,0
2,-4,208,1,209,0
4,-1,9,1,209,0
0,6,4,1,209,0
4,0,11,1,209,0
5,1,149,1,209,0
1,7,26,1,209,0
5,-4,64,1,209,0
6,-7,74,1,209,0
-7,-1,103,1,209,0
-7,0,128,1,209,0
-4,-2,135,1,209,0
1,-2,168,1,209,0
-1,-3,188,1,209,0
-1,4,201,1,209,0
-5,-5,202,1,209,0
-2,-6,203,1,209,0
2,-5,208,1,209,0
1,8,11,1,209,0
-8,2,11,1,209,0
-4,-3,65,1,209,0
7,-1,118,1,209,0
-7,-2,95,1,209,0
-1,-4,98,1,209,0
-7,1,119,1,209,0
3,0,125,1,209,0
-6,0,138,1,209,0
5,2,147,1,209,0
4,1,157,1,209,0
5,-5,153,1,209,0
1,-3,198,1,209,0
-2,-7,199,1,209,0
-5,-6,204,1,209,0
-8,3,7,1,210,0
8,-5,9,1,210,0
-7,2,14,1,210,0
7,-2,94,1,210,0
4,-3,78,1,210,0
2,-7,108,1,210,0
-3,-1,133,1,210,0
0,-1,136,1,210,0
5,-6,149,1,210,0
4,2,168,1,210,0
-5,0,153,1,210,0
-4,-4,168,1,210,0
2,0,202,1,210,0
1,-4,205,1,210,0
-1,-5,209,1,210,0
8,-6,7,1,210,0
-4,-5,19,1,210,0
5,-7,83,1,210,0
3,-1,129,1,210,0
-6,-1,144,1,210,0
-3,-2,153,1,210,0
-5,1,159,1,210,0
4,-4,162,1,210,0
3,2,176,1,210,0
2,1,209,1,210,0
0,-2,197,1,210,0
-4,0,199,1,210,0
1,-5,199,1,210,0
1,0,209,1,210,0
-1,-6,208,1,210,0
8,-7,6,1,210,0
6,-1,97,1,210,0
3,-2,116,1,210,0
-3,0,123,1,210,0
3,3,128,1,210,0
2,2,204,1,210,0
-6,-2,147,1,210,0
4,-5,161,1,210,0
-1,-7,163,1,210,0
-5,2,165,1,210,0
1,1,171,1,210,0
-4,1,176,1,210,0
-3,-3,179,1,210,0
0,-3,182,1,210,0
-4,-6,194,1,210,0
7,-5,25,1,210,0
6,-2,96,1,210,0
5,6,103,1,210,0
4,5,112,1,210,0
3,4,126,1,210,0
2,3,195,1,210,0
0,-4,142,1,210,0
1,-7,156,1,210,0
-2,-1,164,1,210,0
-4,2,167,1,210,0
1,2,169,1,210,0
3,-3,174,1,210,0
-3,-4,193,1,210,0
-3,2,55,1,210,0
6,-3,58,1,210,0
8,0,125,1,210,0
2,4,77,1,210,0
4,-7,79,1,210,0
-4,3,84,1,210,0
1,3,85,1,210,0
5,7,102,1,210,0
4,6,111,1,210,0
3,5,119,1,210,0
7,-6,139,1,210,0
1,-8,153,1,210,0
3,-4,169,1,210,0
-1,0,174,1,210,0
0,-5,189,1,210,0
-3,-5,197,1,210,0
2,-1,204,1,210,0
-2,-2,209,1,210,0
-5,-1,209,1,210,0
-5,5,9,1,210,0
2,5,17,1,210,0
7,0,123,1,210,0
3,6,53,1,210,0
6,-4,57,1,210,0
-3,3,63,1,210,0
-4,4,76,1,210,0
1,4,78,1,210,0
4,7,96,1,210,0
-8,-1,102,1,210,0
7,-7,112,1,210,0
8,1,128,1,210,0
-5,-2,153,1,210,0
2,-2,162,1,210,0
-2,-3,163,1,210,0
-1,1,181,1,210,0
0,-6,184,1,210,0
-3,-6,186,1,210,0
-6,-5,209,1,210,0
1,5,11,1,210,0
-4,5,15,1,210,0
6,0,49,1,210,0
2,6,44,1,210,0
6,-5,44,1,210,0
-2,3,49,1,210,0
8,-1,67,1,210,0
-3,4,69,1,210,0
-8,-2,94,1,210,0
-2,-4,124,1,210,0
7,1,135,1,210,0
-5,-3,159,1,210,0
-1,-1,167,1,210,0
0,-7,168,1,210,0
-3,-7,187,1,210,0
-1,2,187,1,210,0
2,-3,194,1,210,0
5,0,39,1,210,0
-5,-4,12,1,210,0
2,7,18,1,210,0
1,6,36,1,210,0
5,-3,67,1,210,0
8,-2,86,1,210,0
3,-7,94,1,210,0
6,1,143,1,210,0
6,-6,146,1,210,0
0,-8,149,1,210,0
-2,4,204,1,210,0
-2,-5,205,1,210,0
-1,-2,206,1,210,0
1,-1,208,1,210,0
-4,-1,208,1,210,0
2,-4,208,1,210,0
-1,3,209,1,210,0
4,-1,9,1,210,0
0,6,4,1,210,0
4,0,11,1,210,0
5,1,149,1,210,0
1,7,26,1,210,0
5,-4,64,1,210,0
6,-7,74,1,210,0
-7,-1,103,1,210,0
-7,0,128,1,210,0
-4,-2,135,1,210,0
1,-2,168,1,210,0
-1,-3,188,1,210,0
-1,4,201,1,210,0
-5,-5,202,1,210,0
-2,-6,203,1,210,0
2,-5,209,1,210,0
1,8,11,1,210,0
-8,2,11,1,210,0
-4,-3,65,1,210,0
7,-1,118,1,210,0
-7,-2,95,1,210,0
-1,-4,98,1,210,0
-7,1,119,1,210,0
3,0,125,1,210,0
-6,0,138,1,210,0
5,2,147,1,210,0
4,1,157,1,210,0
5,-5,153,1,210,0
1,-3,198,1,210,0
-2,-7,199,1,210,0
-5,-6,204,1,210,0
-8,3,7,1,211,0
8,-5,9,1,211,0
-7,2,14,1,211,0
7,-2,94,1,211,0
4,-3,78,1,211,0
2,-7,108,1,211,0
-3,-1,133,1,211,0
0,-1,136,1,211,0
5,-6,149,1,211,0
4,2,168,1,211,0
-5,0,153,1,211,0
-4,-4,168,1,211,0
2,0,202,1,211,0
1,-4,205,1,211,0
-1,-5,209,1,211,0
8,-6,7,1,211,0
-4,-5,19,1,211,0
5,-7,83,1,211,0
3,-1,129,1,211,0
-6,-1,144,1,211,0
-3,-2,153,1,211,0
-5,1,159,1,211,0
4,-4,162,1,211,0
3,2,176,1,211,0
2,1,211,1,211,0
0,-2,197,1,211,0
-4,0,199,1,211,0
1,-5,199,1,211,0
1,0,209,1,211,0
-1,-6,209,1,211,0
8,-7,6,1,211,0
6,-1,97,1,211,0
3,-2,116,1,211,0
-3,0,123,1,211,0
3,3,128,1,211,0
2,2,204,1,211,0
-6,-2,147,1,211,0
4,-5,161,1,211,0
-1,-7,163,1,211,0
-5,2,165,1,211,0
1,1,171,1,211,0
-4,1,176,1,211,0
-3,-3,179,1,211,0
0,-3,182,1,211,0
-4,-6,194,1,211,0
7,-5,25,1,211,0
6,-2,96,1,211,0
5,6,103,1,211,0
4,5,112,1,211,0
3,4,126,1,211,0
2,3,195,1,211,0
0,-4,142,1,211,0
1,-7,156,1,211,0
-2,-1,164,1,211,0
-4,2,167,1,211,0
1,2,169,1,211,0
3,-3,174,1,211,0
-3,-4,193,1,211,0
-3,2,55,1,211,0
6,-3,58,1,211,0
8,0,125,1,211,0
2,4,77,1,211,0
4,-7,79,1,211,0
-4,3,84,1,211,0
1,3,85,1,211,0
5,7,102,1,211,0
4,6,111,1,211,0
3,5,119,1,211,0
7,-6,139,1,211,0
1,-8,153,1,211,0
3,-4,169,1,211,0
-1,0,174,1,211,0
0,-5,189,1,211,0
-3,-5,197,1,211,0
2,-1,204,1,211,0
-2,-2,209,1,211,0
-5,-1,209,1,211,0
-5,5,9,1,211,0
2,5,17,1,211,0
7,0,123,1,211,0
3,6,53,1,211,0
6,-4,57,1,211,0
-3,3,63,1,211,0
-4,4,76,1,211,0
1,4,78,1,211,0
4,7,96,1,211,0
-8,-1,102,1,211,0
7,-7,112,1,211,0
8,1,128,1,211,0
-5,-2,153,1,211,0
2,-2,162,1,211,0
-2,-3,163,1,211,0
-1,1,181,1,211,0
0,-6,184,1,211,0
-3,-6,186,1,211,0
-6,-5,209,1,211,0
1,5,11,1,211,0
-4,5,15,1,211,0
6,0,49,1,211,0
2,6,44,1,211,0
6,-5,44,1,211,0
-2,3,49,1,211,0
8,-1,67,1,211,0
-3,4,69,1,211,0
-8,-2,94,1,211,0
-2,-4,124,1,211,0
7,1,135,1,211,0
-5,-3,159,1,211,0
-1,-1,167,1,211,0
0,-7,168,1,211,0
-3,-7,187,1,211,0
-1,2,187,1,211,0
2,-3,194,1,211,0
5,0,39,1,211,0
-5,-4,12,1,211,0
2,7,18,1,211,0
1,6,36,1,211,0
5,-3,67,1,211,0
8,-2,86,1,211,0
3,-7,94,1,211,0
6,1,143,1,211,0
6,-6,146,1,211,0
0,-8,149,1,211,0
-2,4,204,1,211,0
-2,-5,205,1,211,0
-1,-2,206,1,211,0
1,-1,208,1,211,0
-4,-1,208,1,211,0
2,-4,208,1,211,0
-1,3,209,1,211,0
4,-1,9,1,211,0
0,6,4,1,211,0
4,0,11,1,211,0
5,1,149,1,211,0
1,7,26,1,211,0
5,-4,64,1,211,0
6,-7,74,1,211,0
-7,-1,103,1,211,0
-7,0,128,1,211,0
-4,-2,135,1,211,0
1,-2,168,1,211,0
-1,-3,188,1,211,0
-1,4,201,1,211,0
-5,-5,202,1,211,0
-2,-6,203,1,211,0
2,-5,209,1,211,0
1,8,11,1,211,0
-8,2,11,1,211,0
-4,-3,65,1,211,0
7,-1,118,1,211,0
-7,-2,95,1,211,0
-1,-4,98,1,211,0
-7,1,119,1,211,0
3,0,125,1,211,0
-6,0,138,1,211,0
5,2,147,1,211,0
4,1,157,1,211,0
5,-5,153,1,211,0
1,-3,198,1,211,0
-2,-7,199,1,211,0
-5,-6,204,1,211,0
-8,3,7,1,212,0
8,-5,9,1,212,0
-7,2,14,1,212,0
7,-2,94,1,212,0
4,-3,78,1,212,0
2,-7,108,1,212,0
-3,-1,133,1,212,0
0,-1,136,1,212,0
5,-6,149,1,212,0
4,2,168,1,212,0
-4,-4,168,1,212,0
2,0,202,1,212,0
1,-4,205,1,212,0
-5,0,211,1,212,0
-1,-5,211,1,212,0
8,-6,7,1,212,0
-4,-5,19,1,212,0
5,-7,83,1,212,0
3,-1,129,1,212,0
-6,-1,144,1,212,0
-3,-2,153,1,212,0
-5,1,159,1,212,0
4,-4,162,1,212,0
3,2,176,1,212,0
2,1,212,1,212,0
0,-2,197,1,212,0
-4,0,199,1,212,0
1,-5,199,1,212,0
-1,-6,209,1,212,0
1,0,211,1,212,0
8,-7,6,1,212,0
6,-1,97,1,212,0
3,-2,116,1,212,0
-3,0,123,1,212,0
3,3,128,1,212,0
2,2,204,1,212,0
-6,-2,147,1,212,0
4,-5,161,1,212,0
-1,-7,163,1,212,0
-5,2,165,1,212,0
1,1,171,1,212,0
-4,1,176,1,212,0
-3,-3,179,1,212,0
0,-3,182,1,212,0
-4,-6,194,1,212,0
7,-5,25,1,212,0
6,-2,96,1,212,0
5,6,103,1,212,0
4,5,112,1,212,0
3,4,126,1,212,0
2,3,195,1,212,0
0,-4,142,1,212,0
1,-7,156,1,212,0
-2,-1,164,1,212,0
-4,2,167,1,212,0
1,2,169,1,212,0
3,-3,174,1,212,0
-3,-4,193,1,212,0
-3,2,55,1,212,0
6,-3,58,1,212,0
8,0,125,1,212,0
2,4,77,1,212,0
4,-7,79,1,212,0
-4,3,84,1,212,0
1,3,85,1,212,0
5,7,102,1,212,0
4,6,111,1,212,0
3,5,119,1,212,0
7,-6,139,1,212,0
1,-8,153,1,212,0
3,-4,169,1,212,0
-1,0,174,1,212,0
0,-5,189,1,212,0
-3,-5,197,1,212,0
2,-1,204,1,212,0
-5,-1,209,1,212,0
-2,-2,211,1,212,0
-5,5,9,1,212,0
2,5,17,1,212,0
7,0,123,1,212,0
3,6,53,1,212,0
6,-4,57,1,212,0
-3,3,63,1,212,0
-4,4,76,1,212,0
1,4,78,1,212,0
4,7,96,1,212,0
-8,-1,102,1,212,0
7,-7,112,1,212,0
8,1,128,1,212,0
-5,-2,153,1,212,0
2,-2,162,1,212,0
-2,-3,163,1,212,0
-1,1,181,1,212,0
0,-6,184,1,212,0
-3,-6,186,1,212,0
-6,-5,211,1,212,0
1,5,11,1,212,0
-4,5,15,1,212,0
6,0,49,1,212,0
2,6,44,1,212,0
6,-5,44,1,212,0
-2,3,49,1,212,0
8,-1,67,1,212,0
-3,4,69,1,212,0
-8,-2,94,1,212,0
-2,-4,124,1,212,0
7,1,135,1,212,0
-5,-3,159,1,212,0
-1,-1,167,1,212,0
0,-7,168,1,212,0
-3,-7,187,1,212,0
-1,2,187,1,212,0
2,-3,194,1,212,0
5,0,39,1,212,0
-5,-4,12,1,212,0
2,7,18,1,212,0
1,6,36,1,212,0
5,-3,67,1,212,0
8,-2,86,1,212,0
3,-7,94,1,212,0
6,1,143,1,212,0
6,-6,146,1,212,0
0,-8,149,1,212,0
-2,4,204,1,212,0
-2,-5,205,1,212,0
-1,-2,206,1,212,0
1,-1,208,1,212,0
-4,-1,208,1,212,0
-1,3,211,1,212,0
2,-4,211,1,212,0
4,-1,9,1,212,0
0,6,4,1,212,0
4,0,11,1,212,0
5,1,149,1,212,0
1,7,26,1,212,0
5,-4,64,1,212,0
6,-7,74,1,212,0
-7,-1,103,1,212,0
-7,0,128,1,212,0
-4,-2,135,1,212,0
1,-2,168,1,212,0
-1,-3,188,1,212,0
-1,4,201,1,212,0
-5,-5,202,1,212,0
-2,-6,203,1,212,0
2,-5,211,1,212,0
1,8,11,1,212,0
-8,2,11,1,212,0
-4,-3,65,1,212,0
7,-1,118,1,212,0
-7,-2,95,1,212,0
-1,-4,98,1,212,0
-7,1,119,1,212,0
3,0,125,1,212,0
-6,0,138,1,212,0
5,2,147,1,212,0
4,1,157,1,212,0
5,-5,153,1,212,0
1,-3,198,1,212,0
-2,-7,199,1,212,0
-5,-6,204,1,212,0
-8,3,7,1,213,0
8,-5,9,1,213,0
-7,2,14,1,213,0
7,-2,94,1,213,0
4,-3,78,1,213,0
2,-7,108,1,213,0
-3,-1,133,1,213,0
0,-1,136,1,213,0
5,-6,149,1,213,0
4,2,168,1,213,0
-4,-4,168,1,213,0
2,0,202,1,213,0
-5,0,212,1,213,0
1,-4,212,1,213,0
-1,-5,212,1,213,0
8,-6,7,1,213,0
-4,-5,19,1,213,0
5,-7,83,1,213,0
3,-1,129,1,213,0
-6,-1,144,1,213,0
-3,-2,153,1,213,0
-5,1,159,1,213,0
4,-4,162,1,213,0
3,2,176,1,213,0
2,1,212,1,213,0
0,-2,197,1,213,0
-4,0,199,1,213,0
1,-5,199,1,213,0
1,0,212,1,213,0
-1,-6,211,1,213,0
8,-7,6,1,213,0
6,-1,97,1,213,0
3,-2,116,1,213,0
-3,0,123,1,213,0
3,3,128,1,213,0
2,2,213,1,213,0
-6,-2,147,1,213,0
4,-5,161,1,213,0
-1,-7,163,1,213,0
-5,2,165,1,213,0
1,1,171,1,213,0
-4,1,176,1,213,0
-3,-3,179,1,213,0
0,-3,182,1,213,0
-4,-6,194,1,213,0
7,-5,25,1,213,0
6,-2,96,1,213,0
5,6,103,1,213,0
4,5,112,1,213,0
3,4,126,1,213,0
2,3,195,1,213,0
0,-4,142,1,213,0
1,-7,156,1,213,0
-2,-1,164,1,213,0
-4,2,167,1,213,0
1,2,169,1,213,0
3,-3,174,1,213,0
-3,-4,193,1,213,0
-3,2,55,1,213,0
6,-3,58,1,213,0
8,0,125,1,213,0
2,4,77,1,213,0
4,-7,79,1,213,0
-4,3,84,1,213,0
1,3,85,1,213,0
5,7,102,1,213,0
4,6,111,1,213,0
3,5,119,1,213,0
7,-6,139,1,213,0
1,-8,153,1,213,0
3,-4,169,1,213,0
-1,0,174,1,213,0
0,-5,189,1,213,0
-3,-5,197,1,213,0
2,-1,204,1,213,0
-5,-1,209,1,213,0
-2,-2,211,1,213,0
-5,5,9,1,213,0
2,5,17,1,213,0
7,0,123,1,213,0
3,6,53,1,213,0
6,-4,57,1,213,0
-3,3,63,1,213,0
-4,4,76,1,213,0
1,4,78,1,213,0
4,7,96,1,213,0
-8,-1,102,1,213,0
7,-7,112,1,213,0
8,1,128,1,213,0
-5,-2,153,1,213,0
2,-2,162,1,213,0
-1,1,181,1,213,0
0,-6,184,1,213,0
-3,-6,186,1,213,0
-2,-3,212,1,213,0
-6,-5,212,1,213,0
1,5,11,1,213,0
-4,5,15,1,213,0
6,0,49,1,213,0
2,6,44,1,213,0
6,-5,44,1,213,0
-2,3,49,1,213,0
8,-1,67,1,213,0
-3,4,69,1,213,0
-8,-2,94,1,213,0
-2,-4,124,1,213,0
7,1,135,1,213,0
-5,-3,159,1,213,0
-1,-1,167,1,213,0
0,-7,168,1,213,0
-3,-7,187,1,213,0
-1,2,187,1,213,0
2,-3,194,1,213,0
5,0,39,1,213,0
-5,-4,12,1,213,0
2,7,18,1,213,0
1,6,36,1,213,0
5,-3,67,1,213,0
8,-2,86,1,213,0
3,-7,94,1,213,0
6,1,143,1,213,0
6,-6,146,1,213,0
0,-8,149,1,213,0
-2,4,204,1,213,0
-2,-5,205,1,213,0
-1,-2,206,1,213,0
1,-1,208,1,213,0
-4,-1,208,1,213,0
2,-4,211,1,213,0
-1,3,212,1,213,0
4,-1,9,1,213,0
0,6,4,1,213,0
4,0,11,1,213,0
5,1,149,1,213,0
1,7,26,1,213,0
5,-4,64,1,213,0
6,-7,74,1,213,0
-7,-1,103,1,213,0
-7,0,128,1,213,0
-4,-2,135,1,213,0
1,-2,168,1,213,0
-1,-3,188,1,213,0
-1,4,201,1,213,0
-5,-5,202,1,213,0
-2,-6,203,1,213,0
2,-5,212,1,213,0
1,8,11,1,213,0
-8,2,11,1,213,0
-4,-3,65,1,213,0
7,-1,118,1,213,0
-7,-2,95,1,213,0
-1,-4,98,1,213,0
-7,1,119,1,213,0
3,0,125,1,213,0
-6,0,138,1,213,0
5,2,147,1,213,0
4,1,157,1,213,0
5,-5,153,1,213,0
1,-3,198,1,213,0
-2,-7,199,1,213,0
-5,-6,204,1,213,0
-8,3,7,1,214,0
8,-5,9,1,214,0
-7,2,14,1,214,0
7,-2,94,1,214,0
4,-3,78,1,214,0
2,-7,108,1,214,0
-3,-1,133,1,214,0
0,-1,136,1,214,0
5,-6,149,1,214,0
4,2,168,1,214,0
-4,-4,168,1,214,0
2,0,202,1,214,0
-5,0,213,1,214,0
1,-4,213,1,214,0
-1,-5,213,1,214,0
8,-6,7,1,214,0
-4,-5,19,1,214,0
5,-7,83,1,214,0
3,-1,129,1,214,0
-6,-1,144,1,214,0
-3,-2,153,1,214,0
-5,1,159,1,214,0
4,-4,162,1,214,0
3,2,214,1,214,0
2,1,212,1,214,0
0,-2,197,1,214,0
-4,0,199,1,214,0
1,-5,199,1,214,0
1,0,213,1,214,0
-1,-6,212,1,214,0
8,-7,6,1,214,0
6,-1,97,1,214,0
3,-2,116,1,214,0
-3,0,123,1,214,0
3,3,128,1,214,0
2,2,213,1,214,0
-6,-2,147,1,214,0
4,-5,161,1,214,0
-1,-7,163,1,214,0
-5,2,165,1,214,0
1,1,171,1,214,0
-4,1,176,1,214,0
-3,-3,179,1,214,0
0,-3,182,1,214,0
-4,-6,194,1,214,0
7,-5,25,1,214,0
6,-2,96,1,214,0
5,6,103,1,214,0
4,5,112,1,214,0
3,4,126,1,214,0
2,3,195,1,214,0
0,-4,142,1,214,0
1,-7,156,1,214,0
-2,-1,164,1,214,0
-4,2,167,1,214,0
1,2,169,1,214,0
3,-3,174,1,214,0
-3,-4,193,1,214,0
-3,2,55,1,214,0
6,-3,58,1,214,0
8,0,125,1,214,0
2,4,77,1,214,0
4,-7,79,1,214,0
-4,3,84,1,214,0
1,3,85,1,214,0
5,7,102,1,214,0
4,6,111,1,214,0
3,5,119,1,214,0
7,-6,139,1,214,0
1,-8,153,1,214,0
3,-4,169,1,214,0
-1,0,174,1,214,0
0,-5,189,1,214,0
-3,-5,197,1,214,0
2,-1,204,1,214,0
-5,-1,209,1,214,0
-2,-2,211,1,214,0
-5,5,9,1,214,0
2,5,17,1,214,0
7,0,123,1,214,0
3,6,53,1,214,0
6,-4,57,1,214,0
-3,3,63,1,214,0
-4,4,76,1,214,0
1,4,78,1,214,0
4,7,96,1,214,0
-8,-1,102,1,214,0
7,-7,112,1,214,0
8,1,128,1,214,0
-5,-2,153,1,214,0
2,-2,162,1,214,0
-1,1,181,1,214,0
0,-6,184,1,214,0
-3,-6,186,1,214,0
-2,-3,213,1,214,0
-6,-5,213,1,214,0
1,5,11,1,214,0
-4,5,15,1,214,0
6,0,49,1,214,0
2,6,44,1,214,0
6,-5,44,1,214,0
-2,3,49,1,214,0
8,-1,67,1,214,0
-3,4,69,1,214,0
-8,-2,94,1,214,0
-2,-4,124,1,214,0
7,1,135,1,214,0
-5,-3,159,1,214,0
-1,-1,167,1,214,0
0,-7,168,1,214,0
-3,-7,187,1,214,0
-1,2,187,1,214,0
2,-3,194,1,214,0
5,0,39,1,214,0
-5,-4,12,1,214,0
2,7,18,1,214,0
1,6,36,1,214,0
5,-3,67,1,214,0
8,-2,86,1,214,0
3,-7,94,1,214,0
6,1,143,1,214,0
6,-6,146,1,214,0
0,-8,149,1,214,0
-2,4,204,1,214,0
-2,-5,205,1,214,0
-1,-2,206,1,214,0
1,-1,208,1,214,0
-4,-1,208,1,214,0
2,-4,211,1,214,0
-1,3,213,1,214,0
4,-1,9,1,214,0
0,6,4,1,214,0
4,0,11,1,214,0
5,1,149,1,214,0
1,7,26,1,214,0
5,-4,64,1,214,0
6,-7,74,1,214,0
-7,-1,103,1,214,0
-7,0,128,1,214,0
-4,-2,135,1,214,0
1,-2,168,1,214,0
-1,-3,188,1,214,0
-1,4,201,1,214,0
-5,-5,202,1,214,0
-2,-6,203,1,214,0
2,-5,213,1,214,0
1,8,11,1,214,0
-8,2,11,1,214,0
-4,-3,65,1,214,0
7,-1,118,1,214,0
-7,-2,95,1,214,0
-1,-4,98,1,214,0
-7,1,119,1,214,0
3,0,125,1,214,0
-6,0,138,1,214,0
5,2,147,1,214,0
4,1,157,1,214,0
5,-5,153,1,214,0
1,-3,198,1,214,0
-2,-7,199,1,214,0
-5,-6,204,1,214,0
-8,3,7,1,215,0
8,-5,9,1,215,0
-7,2,14,1,215,0
7,-2,94,1,215,0
4,-3,78,1,215,0
2,-7,108,1,215,0
-3,-1,133,1,215,0
0,-1,136,1,215,0
5,-6,149,1,215,0
4,2,168,1,215,0
-4,-4,168,1,215,0
2,0,202,1,215,0
-5,0,213,1,215,0
1,-4,214,1,215,0
-1,-5,214,1,215,0
8,-6,7,1,215,0
-4,-5,19,1,215,0
5,-7,83,1,215,0
3,-1,129,1,215,0
-6,-1,144,1,215,0
-3,-2,153,1,215,0
-5,1,159,1,215,0
4,-4,162,1,215,0
3,2,215,1,215,0
2,1,212,1,215,0
0,-2,197,1,215,0
-4,0,199,1,215,0
1,-5,199,1,215,0
1,0,214,1,215,0
-1,-6,213,1,215,0
8,-7,6,1,215,0
6,-1,97,1,215,0
3,-2,116,1,215,0
-3,0,123,1,215,0
3,3,128,1,215,0
2,2,213,1,215,0
-6,-2,147,1,215,0
4,-5,161,1,215,0
-1,-7,163,1,215,0
-5,2,165,1,215,0
1,1,171,1,215,0
-4,1,176,1,215,0
-3,-3,179,1,215,0
0,-3,182,1,215,0
-4,-6,194,1,215,0
7,-5,25,1,215,0
6,-2,96,1,215,0
5,6,103,1,215,0
4,5,112,1,215,0
3,4,126,1,215,0
2,3,195,1,215,0
0,-4,142,1,215,0
1,-7,156,1,215,0
-2,-1,164,1,215,0
-4,2,167,1,215,0
1,2,169,1,215,0
3,-3,174,1,215,0
-3,-4,193,1,215,0
-3,2,55,1,215,0
6,-3,58,1,215,0
8,0,125,1,215,0
2,4,77,1,215,0
4,-7,79,1,215,0
-4,3,84,1,215,0
1,3,85,1,215,0
5,7,102,1,215,0
4,6,111,1,215,0
3,5,119,1,215,0
7,-6,139,1,215,0
1,-8,153,1,215,0
3,-4,169,1,215,0
-1,0,174,1,215,0
0,-5,189,1,215,0
-3,-5,197,1,215,0
2,-1,204,1,215,0
-2,-2,211,1,215,0
-5,-1,214,1,215,0
-5,5,9,1,215,0
2,5,17,1,215,0
7,0,123,1,215,0
3,6,53,1,215,0
6,-4,57,1,215,0
-3,3,63,1,215,0
-4,4,76,1,215,0
1,4,78,1,215,0
4,7,96,1,215,0
-8,-1,102,1,215,0
7,-7,112,1,215,0
8,1,128,1,215,0
-5,-2,153,1,215,0
2,-2,162,1,215,0
-1,1,181,1,215,0
0,-6,184,1,215,0
-3,-6,186,1,215,0
-6,-5,213,1,215,0
-2,-3,214,1,215,0
1,5,11,1,215,0
-4,5,15,1,215,0
6,0,49,1,215,0
2,6,44,1,215,0
6,-5,44,1,215,0
-2,3,49,1,215,0
8,-1,67,1,215,0
-3,4,69,1,215,0
-8,-2,94,1,215,0
-2,-4,124,1,215,0
7,1,135,1,215,0
-5,-3,159,1,215,0
-1,-1,167,1,215,0
0,-7,168,1,215,0
-3,-7,187,1,215,0
-1,2,187,1,215,0
2,-3,194,1,215,0
5,0,39,1,215,0
-5,-4,12,1,215,0
2,7,18,1,215,0
1,6,36,1,215,0
5,-3,67,1,215,0
8,-2,86,1,215,0
3,-7,94,1,215,0
6,1,143,1,215,0
6,-6,146,1,215,0
0,-8,149,1,215,0
-2,4,204,1,215,0
-2,-5,205,1,215,0
-1,-2,206,1,215,0
1,-1,208,1,215,0
-4,-1,208,1,215,0
2,-4,211,1,215,0
-1,3,214,1,215,0
4,-1,9,1,215,0
0,6,4,1,215,0
4,0,11,1,215,0
5,1,149,1,215,0
1,7,26,1,215,0
5,-4,64,1,215,0
6,-7,74,1,215,0
-7,-1,103,1,215,0
-7,0,128,1,215,0
-4,-2,135,1,215,0
1,-2,168,1,215,0
-1,-3,188,1,215,0
-1,4,201,1,215,0
-2,-6,203,1,215,0
2,-5,213,1,215,0
-5,-5,214,1,215,0
1,8,11,1,215,0
-8,2,11,1,215,0
-4,-3,65,1,215,0
7,-1,118,1,215,0
-7,-2,95,1,215,0
-1,-4,98,1,215,0
-7,1,119,1,215,0
3,0,125,1,215,0
-6,0,138,1,215,0
5,2,147,1,215,0
4,1,157,1,215,0
5,-5,153,1,215,0
1,-3,198,1,215,0
-2,-7,199,1,215,0
-5,-6,204,1,215,0
-8,3,7,1,216,0
8,-5,9,1,216,0
-7,2,14,1,216,0
7,-2,94,1,216,0
4,-3,78,1,216,0
2,-7,108,1,216,0
-3,-1,133,1,216,0
0,-1,136,1,216,0
5,-6,149,1,216,0
4,2,168,1,216,0
-4,-4,168,1,216,0
2,0,202,1,216,0
-5,0,213,1,216,0
1,-4,215,1,216,0
-1,-5,215,1,216,0
8,-6,7,1,216,0
-4,-5,19,1,216,0
5,-7,83,1,216,0
3,-1,129,1,216,0
-6,-1,144,1,216,0
-3,-2,153,1,216,0
-5,1,159,1,216,0
4,-4,162,1,216,0
3,2,216,1,216,0
2,1,212,1,216,0
0,-2,197,1,216,0
-4,0,199,1,216,0
1,-5,199,1,216,0
1,0,215,1,216,0
-1,-6,214,1,216,0
8,-7,6,1,216,0
6,-1,97,1,216,0
3,-2,116,1,216,0
-3,0,123,1,216,0
3,3,128,1,216,0
2,2,213,1,216,0
-6,-2,147,1,216,0
4,-5,161,1,216,0
-1,-7,163,1,216,0
-5,2,165,1,216,0
1,1,171,1,216,0
-4,1,176,1,216,0
0,-3,182,1,216,0
-4,-6,194,1,216,0
-3,-3,215,1,216,0
7,-5,25,1,216,0
6,-2,96,1,216,0
5,6,103,1,216,0
4,5,112,1,216,0
3,4,126,1,216,0
2,3,195,1,216,0
0,-4,142,1,216,0
1,-7,156,1,216,0
-2,-1,164,1,216,0
-4,2,167,1,216,0
1,2,169,1,216,0
3,-3,174,1,216,0
-3,-4,193,1,216,0
-3,2,55,1,216,0
6,-3,58,1,216,0
8,0,125,1,216,0
2,4,77,1,216,0
4,-7,79,1,216,0
-4,3,84,1,216,0
1,3,85,1,216,0
5,7,102,1,216,0
4,6,111,1,216,0
3,5,119,1,216,0
7,-6,139,1,216,0
1,-8,153,1,216,0
3,-4,169,1,216,0
-1,0,174,1,216,0
0,-5,189,1,216,0
-3,-5,197,1,216,0
2,-1,204,1,216,0
-2,-2,211,1,216,0
-5,-1,215,1,216,0
-5,5,9,1,216,0
2,5,17,1,216,0
7,0,123,1,216,0
3,6,53,1,216,0
6,-4,57,1,216,0
-3,3,63,1,216,0
-4,4,76,1,216,0
1,4,78,1,216,0
4,7,96,1,216,0
-8,-1,102,1,216,0
7,-7,112,1,216,0
8,1,128,1,216,0
-5,-2,153,1,216,0
2,-2,162,1,216,0
-1,1,181,1,216,0
0,-6,184,1,216,0
-3,-6,186,1,216,0
-6,-5,213,1,216,0
-2,-3,214,1,216,0
1,5,11,1,216,0
-4,5,15,1,216,0
6,0,49,1,216,0
2,6,44,1,216,0
6,-5,44,1,216,0
-2,3,49,1,216,0
8,-1,67,1,216,0
-3,4,69,1,216,0
-8,-2,94,1,216,0
-2,-4,124,1,216,0
7,1,135,1,216,0
-5,-3,159,1,216,0
-1,-1,167,1,216,0
0,-7,168,1,216,0
-3,-7,187,1,216,0
-1,2,187,1,216,0
2,-3,194,1,216,0
5,0,39,1,216,0
-5,-4,12,1,216,0
2,7,18,1,216,0
1,6,36,1,216,0
5,-3,67,1,216,0
8,-2,86,1,216,0
3,-7,94,1,216,0
6,1,143,1,216,0
6,-6,146,1,216,0
0,-8,149,1,216,0
-2,4,204,1,216,0
-2,-5,205,1,216,0
-1,-2,206,1,216,0
1,-1,208,1,216,0
-4,-1,208,1,216,0
2,-4,211,1,216,0
-1,3,215,1,216,0
4,-1,9,1,216,0
0,6,4,1,216,0
4,0,11,1,216,0
5,1,149,1,216,0
1,7,26,1,216,0
5,-4,64,1,216,0
6,-7,74,1,216,0
-7,-1,103,1,216,0
-7,0,128,1,216,0
-4,-2,135,1,216,0
1,-2,168,1,216,0
-1,-3,188,1,216,0
-1,4,201,1,216,0
-2,-6,203,1,216,0
2,-5,214,1,216,0
-5,-5,215,1,216,0
1,8,11,1,216,0
-8,2,11,1,216,0
-4,-3,65,1,216,0
7,-1,118,1,216,0
-7,-2,95,1,216,0
-1,-4,98,1,216,0
-7,1,119,1,216,0
3,0,125,1,216,0
-6,0,138,1,216,0
5,2,147,1,216,0
4,1,157,1,216,0
5,-5,153,1,216,0
1,-3,198,1,216,0
-2,-7,199,1,216,0
-5,-6,204,1,216,0
-8,3,7,1,217,0
8,-5,9,1,217,0
-7,2,14,1,217,0
7,-2,94,1,217,0
4,-3,78,1,217,0
2,-7,108,1,217,0
-3,-1,133,1,217,0
0,-1,136,1,217,0
5,-6,149,1,217,0
4,2,168,1,217,0
-4,-4,168,1,217,0
2,0,202,1,217,0
-5,0,213,1,217,0
1,-4,215,1,217,0
-1,-5,215,1,217,0
8,-6,7,1,217,0
-4,-5,19,1,217,0
5,-7,83,1,217,0
3,-1,129,1,217,0
-6,-1,144,1,217,0
-3,-2,153,1,217,0
-5,1,159,1,217,0
4,-4,162,1,217,0
3,2,217,1,217,0
2,1,212,1,217,0
0,-2,197,1,217,0
-4,0,199,1,217,0
1,-5,199,1,217,0
1,0,215,1,217,0
-1,-6,215,1,217,0
8,-7,6,1,217,0
6,-1,97,1,217,0
3,-2,116,1,217,0
-3,0,123,1,217,0
3,3,128,1,217,0
2,2,213,1,217,0
-6,-2,147,1,217,0
4,-5,161,1,217,0
-1,-7,163,1,217,0
-5,2,165,1,217,0
1,1,171,1,217,0
-4,1,176,1,217,0
0,-3,182,1,217,0
-4,-6,194,1,217,0
-3,-3,216,1,217,0
7,-5,25,1,217,0
6,-2,96,1,217,0
5,6,103,1,217,0
4,5,112,1,217,0
3,4,126,1,217,0
2,3,195,1,217,0
0,-4,142,1,217,0
1,-7,156,1,217,0
-2,-1,164,1,217,0
-4,2,167,1,217,0
1,2,169,1,217,0
3,-3,174,1,217,0
-3,-4,193,1,217,0
-3,2,55,1,217,0
6,-3,58,1,217,0
8,0,125,1,217,0
2,4,77,1,217,0
4,-7,79,1,217,0
-4,3,84,1,217,0
1,3,85,1,217,0
5,7,102,1,217,0
4,6,111,1,217,0
3,5,119,1,217,0
7,-6,139,1,217,0
1,-8,153,1,217,0
3,-4,169,1,217,0
-1,0,174,1,217,0
0,-5,189,1,217,0
-3,-5,197,1,217,0
2,-1,204,1,217,0
-2,-2,211,1,217,0
-5,-1,215,1,217,0
-5,5,9,1,217,0
2,5,17,1,217,0
7,0,123,1,217,0
3,6,53,1,217,0
6,-4,57,1,217,0
-3,3,63,1,217,0
-4,4,76,1,217,0
1,4,78,1,217,0
4,7,96,1,217,0
-8,-1,102,1,217,0
7,-7,112,1,217,0
8,1,128,1,217,0
-5,-2,153,1,217,0
2,-2,162,1,217,0
-1,1,181,1,217,0
0,-6,184,1,217,0
-3,-6,186,1,217,0
-6,-5,213,1,217,0
-2,-3,214,1,217,0
1,5,11,1,217,0
-4,5,15,1,217,0
6,0,49,1,217,0
2,6,44,1,217,0
6,-5,44,1,217,0
-2,3,49,1,217,0
8,-1,67,1,217,0
-3,4,69,1,217,0
-8,-2,94,1,217,0
-2,-4,124,1,217,0
7,1,135,1,217,0
-5,-3,159,1,217,0
-1,-1,167,1,217,0
0,-7,168,1,217,0
-3,-7,187,1,217,0
-1,2,187,1,217,0
2,-3,194,1,217,0
5,0,39,1,217,0
2,7,18,1,217,0
1,6,36,1,217,0
5,-3,67,1,217,0
8,-2,86,1,217,0
3,-7,94,1,217,0
6,1,143,1,217,0
6,-6,146,1,217,0
0,-8,149,1,217,0
-2,4,204,1,217,0
-2,-5,205,1,217,0
-1,-2,206,1,217,0
2,-4,211,1,217,0
-1,3,216,1,217,0
1,-1,216,1,217,0
-4,-1,216,1,217,0
-5,-4,216,1,217,0
4,-1,9,1,217,0
0,6,4,1,217,0
4,0,11,1,217,0
5,1,149,1,217,0
1,7,26,1,217,0
5,-4,64,1,217,0
6,-7,74,1,217,0
-7,-1,103,1,217,0
-7,0,128,1,217,0
-4,-2,135,1,217,0
1,-2,168,1,217,0
-1,-3,188,1,217,0
-1,4,201,1,217,0
-2,-6,203,1,217,0
-5,-5,215,1,217,0
2,-5,215,1,217,0
1,8,11,1,217,0
-8,2,11,1,217,0
-4,-3,65,1,217,0
7,-1,118,1,217,0
-7,-2,95,1,217,0
-7,1,119,1,217,0
3,0,125,1,217,0
-6,0,138,1,217,0
5,2,147,1,217,0
4,1,157,1,217,0
5,-5,153,1,217,0
1,-3,198,1,217,0
-2,-7,199,1,217,0
-5,-6,204,1,217,0
-1,-4,216,1,217,0
-8,3,7,1,218,0
8,-5,9,1,218,0
-7,2,14,1,218,0
7,-2,94,1,218,0
4,-3,78,1,218,0
2,-7,108,1,218,0
-3,-1,133,1,218,0
0,-1,136,1,218,0
5,-6,149,1,218,0
4,2,168,1,218,0
-4,-4,168,1,218,0
2,0,202,1,218,0
-5,0,213,1,218,0
-1,-5,215,1,218,0
1,-4,217,1,218,0
8,-6,7,1,218,0
-4,-5,19,1,218,0
5,-7,83,1,218,0
3,-1,129,1,218,0
-6,-1,144,1,218,0
-3,-2,153,1,218,0
-5,1,159,1,218,0
4,-4,162,1,218,0
3,2,218,1,218,0
2,1,212,1,218,0
0,-2,197,1,218,0
-4,0,199,1,218,0
1,-5,199,1,218,0
1,0,215,1,218,0
-1,-6,216,1,218,0
8,-7,6,1,218,0
6,-1,97,1,218,0
3,-2,116,1,218,0
-3,0,123,1,218,0
3,3,128,1,218,0
2,2,213,1,218,0
-6,-2,147,1,218,0
4,-5,161,1,218,0
-1,-7,163,1,218,0
-5,2,165,1,218,0
1,1,171,1,218,0
-4,1,176,1,218,0
0,-3,182,1,218,0
-4,-6,194,1,218,0
-3,-3,217,1,218,0
7,-5,25,1,218,0
6,-2,96,1,218,0
5,6,103,1,218,0
4,5,112,1,218,0
3,4,126,1,218,0
2,3,195,1,218,0
0,-4,142,1,218,0
1,-7,156,1,218,0
-2,-1,164,1,218,0
-4,2,167,1,218,0
1,2,169,1,218,0
3,-3,174,1,218,0
-3,-4,193,1,218,0
-3,2,55,1,218,0
6,-3,58,1,218,0
8,0,125,1,218,0
2,4,77,1,218,0
4,-7,79,1,218,0
-4,3,84,1,218,0
1,3,85,1,218,0
5,7,102,1,218,0
4,6,111,1,218,0
3,5,119,1,218,0
7,-6,139,1,218,0
1,-8,153,1,218,0
3,-4,169,1,218,0
-1,0,174,1,218,0
0,-5,189,1,218,0
-3,-5,197,1,218,0
2,-1,204,1,218,0
-2,-2,211,1,218,0
-5,-1,215,1,218,0
-5,5,9,1,218,0
2,5,17,1,218,0
7,0,123,1,218,0
3,6,53,1,218,0
6,-4,57,1,218,0
-3,3,63,1,218,0
-4,4,76,1,218,0
1,4,78,1,218,0
4,7,96,1,218,0
-8,-1,102,1,218,0
7,-7,112,1,218,0
8,1,128,1,218,0
-5,-2,153,1,218,0
2,-2,162,1,218,0
-1,1,181,1,218,0
0,-6,184,1,218,0
-3,-6,186,1,218,0
-6,-5,213,1,218,0
-2,-3,214,1,218,0
1,5,11,1,218,0
-4,5,15,1,218,0
6,0,49,1,218,0
2,6,44,1,218,0
6,-5,44,1,218,0
-2,3,49,1,218,0
8,-1,67,1,218,0
-3,4,69,1,218,0
-8,-2,94,1,218,0
-2,-4,124,1,218,0
7,1,135,1,218,0
-5,-3,159,1,218,0
-1,-1,167,1,218,0
0,-7,168,1,218,0
-3,-7,187,1,218,0
-1,2,187,1,218,0
2,-3,194,1,218,0
5,0,39,1,218,0
2,7,18,1,218,0
1,6,36,1,218,0
5,-3,67,1,218,0
8,-2,86,1,218,0
3,-7,94,1,218,0
6,1,143,1,218,0
6,-6,146,1,218,0
0,-8,149,1,218,0
-2,4,204,1,218,0
-2,-5,205,1,218,0
-1,-2,206,1,218,0
2,-4,211,1,218,0
-1,3,217,1,218,0
1,-1,217,1,218,0
-4,-1,217,1,218,0
-5,-4,217,1,218,0
4,-1,9,1,218,0
0,6,4,1,218,0
4,0,11,1,218,0
5,1,149,1,218,0
1,7,26,1,218,0
5,-4,64,1,218,0
6,-7,74,1,218,0
-7,-1,103,1,218,0
-7,0,128,1,218,0
-4,-2,135,1,218,0
1,-2,168,1,218,0
-1,-3,188,1,218,0
-1,4,201,1,218,0
-2,-6,203,1,218,0
-5,-5,215,1,218,0
2,-5,216,1,218,0
1,8,11,1,218,0
-8,2,11,1,218,0
-4,-3,65,1,218,0
7,-1,118,1,218,0
-7,-2,95,1,218,0
-7,1,119,1,218,0
3,0,125,1,218,0
-6,0,138,1,218,0
5,2,147,1,218,0
4,1,157,1,218,0
5,-5,153,1,218,0
1,-3,198,1,218,0
-2,-7,199,1,218,0
-5,-6,204,1,218,0
-1,-4,217,1,218,0
-8,3,7,1,219,0
8,-5,9,1,219,0
-7,2,14,1,219,0
7,-2,94,1,219,0
4,-3,78,1,219,0
2,-7,108,1,219,0
-3,-1,133,1,219,0
0,-1,136,1,219,0
5,-6,149,1,219,0
4,2,168,1,219,0
-4,-4,168,1,219,0
2,0,202,1,219,0
-5,0,213,1,219,0
-1,-5,215,1,219,0
1,-4,217,1,219,0
8,-6,7,1,219,0
-4,-5,19,1,219,0
5,-7,83,1,219,0
3,-1,129,1,219,0
-6,-1,144,1,219,0
-3,-2,153,1,219,0
-5,1,159,1,219,0
4,-4,162,1,219,0
3,2,219,1,219,0
2,1,212,1,219,0
0,-2,197,1,219,0
-4,0,199,1,219,0
1,-5,199,1,219,0
1,0,215,1,219,0
-1,-6,217,1,219,0
8,-7,6,1,219,0
6,-1,97,1,219,0
3,-2,116,1,219,0
-3,0,123,1,219,0
3,3,128,1,219,0
2,2,213,1,219,0
-6,-2,147,1,219,0
4,-5,161,1,219,0
-1,-7,163,1,219,0
-5,2,165,1,219,0
1,1,171,1,219,0
-4,1,176,1,219,0
0,-3,182,1,219,0
-4,-6,194,1,219,0
-3,-3,218,1,219,0
7,-5,25,1,219,0
6,-2,96,1,219,0
5,6,103,1,219,0
4,5,112,1,219,0
3,4,126,1,219,0
2,3,195,1,219,0
0,-4,142,1,219,0
1,-7,156,1,219,0
-2,-1,164,1,219,0
-4,2,167,1,219,0
1,2,169,1,219,0
3,-3,174,1,219,0
-3,-4,193,1,219,0
-3,2,55,1,219,0
6,-3,58,1,219,0
8,0,125,1,219,0
2,4,77,1,219,0
4,-7,79,1,219,0
-4,3,84,1,219,0
1,3,85,1,219,0
5,7,102,1,219,0
4,6,111,1,219,0
3,5,119,1,219,0
7,-6,139,1,219,0
1,-8,153,1,219,0
3,-4,169,1,219,0
-1,0,174,1,219,0
0,-5,189,1,219,0
-3,-5,197,1,219,0
2,-1,204,1,219,0
-2,-2,211,1,219,0
-5,-1,215,1,219,0
-5,5,9,1,219,0
2,5,17,1,219,0
7,0,123,1,219,0
3,6,53,1,219,0
6,-4,57,1,219,0
-3,3,63,1,219,0
-4,4,76,1,219,0
1,4,78,1,219,0
4,7,96,1,219,0
-8,-1,102,1,219,0
7,-7,112,1,219,0
8,1,128,1,219,0
-5,-2,153,1,219,0
2,-2,162,1,219,0
-1,1,181,1,219,0
0,-6,184,1,219,0
-3,-6,186,1,219,0
-6,-5,213,1,219,0
-2,-3,214,1,219,0
1,5,11,1,219,0
-4,5,15,1,219,0
6,0,49,1,219,0
2,6,44,1,219,0
6,-5,44,1,219,0
8,-1,67,1,219,0
-3,4,69,1,219,0
-8,-2,94,1,219,0
-2,-4,124,1,219,0
7,1,135,1,219,0
-5,-3,159,1,219,0
-1,-1,167,1,219,0
0,-7,168,1,219,0
-3,-7,187,1,219,0
-1,2,187,1,219,0
2,-3,194,1,219,0
-2,3,218,1,219,0
5,0,39,1,219,0
2,7,18,1,219,0
1,6,36,1,219,0
5,-3,67,1,219,0
8,-2,86,1,219,0
3,-7,94,1,219,0
6,1,143,1,219,0
6,-6,146,1,219,0
0,-8,149,1,219,0
-2,4,204,1,219,0
-2,-5,205,1,219,0
-1,-2,206,1,219,0
2,-4,211,1,219,0
-1,3,217,1,219,0
1,-1,217,1,219,0
-4,-1,218,1,219,0
-5,-4,218,1,219,0
4,-1,9,1,219,0
0,6,4,1,219,0
4,0,11,1,219,0
5,1,149,1,219,0
1,7,26,1,219,0
5,-4,64,1,219,0
6,-7,74,1,219,0
-7,-1,103,1,219,0
-7,0,128,1,219,0
-4,-2,135,1,219,0
1,-2,168,1,219,0
-1,-3,188,1,219,0
-1,4,201,1,219,0
-2,-6,203,1,219,0
-5,-5,215,1,219,0
2,-5,216,1,219,0
1,8,11,1,219,0
-8,2,11,1,219,0
-4,-3,65,1,219,0
7,-1,118,1,219,0
-7,-2,95,1,219,0
-7,1,119,1,219,0
3,0,125,1,219,0
-6,0,138,1,219,0
5,2,147,1,219,0
4,1,157,1,219,0
5,-5,153,1,219,0
1,-3,198,1,219,0
-2,-7,199,1,219,0
-5,-6,204,1,219,0
-1,-4,217,1,219,0
2,-6,217,1,219,0
-8,3,7,1,220,0
8,-5,9,1,220,0
-7,2,14,1,220,0
7,-2,94,1,220,0
4,-3,78,1,220,0
2,-7,108,1,220,0
-3,-1,133,1,220,0
0,-1,136,1,220,0
5,-6,149,1,220,0
4,2,168,1,220,0
-4,-4,168,1,220,0
2,0,202,1,220,0
-5,0,213,1,220,0
-1,-5,215,1,220,0
1,-4,218,1,220,0
8,-6,7,1,220,0
-4,-5,19,1,220,0
5,-7,83,1,220,0
3,-1,129,1,220,0
-6,-1,144,1,220,0
-3,-2,153,1,220,0
-5,1,159,1,220,0
4,-4,162,1,220,0
3,2,219,1,220,0
2,1,212,1,220,0
0,-2,197,1,220,0
-4,0,199,1,220,0
1,-5,199,1,220,0
1,0,215,1,220,0
-1,-6,217,1,220,0
8,-7,6,1,220,0
6,-1,97,1,220,0
3,-2,116,1,220,0
-3,0,123,1,220,0
3,3,128,1,220,0
2,2,213,1,220,0
-6,-2,147,1,220,0
4,-5,161,1,220,0
-1,-7,163,1,220,0
-5,2,165,1,220,0
1,1,171,1,220,0
-4,1,176,1,220,0
0,-3,182,1,220,0
-4,-6,194,1,220,0
-3,-3,218,1,220,0
7,-5,25,1,220,0
6,-2,96,1,220,0
5,6,103,1,220,0
4,5,112,1,220,0
3,4,126,1,220,0
2,3,195,1,220,0
0,-4,142,1,220,0
1,-7,156,1,220,0
-2,-1,164,1,220,0
-4,2,167,1,220,0
1,2,169,1,220,0
3,-3,174,1,220,0
-3,-4,193,1,220,0
-3,2,55,1,220,0
6,-3,58,1,220,0
8,0,125,1,220,0
2,4,77,1,220,0
4,-7,79,1,220,0
-4,3,84,1,220,0
1,3,85,1,220,0
5,7,102,1,220,0
4,6,111,1,220,0
3,5,119,1,220,0
7,-6,139,1,220,0
1,-8,153,1,220,0
3,-4,169,1,220,0
-1,0,174,1,220,0
0,-5,189,1,220,0
-3,-5,197,1,220,0
2,-1,204,1,220,0
-2,-2,211,1,220,0
-5,-1,215,1,220,0
-5,5,9,1,220,0
2,5,17,1,220,0
7,0,123,1,220,0
3,6,53,1,220,0
6,-4,57,1,220,0
-3,3,63,1,220,0
-4,4,76,1,220,0
1,4,78,1,220,0
4,7,96,1,220,0
-8,-1,102,1,220,0
7,-7,112,1,220,0
8,1,128,1,220,0
-5,-2,153,1,220,0
2,-2,162,1,220,0
-1,1,181,1,220,0
0,-6,184,1,220,0
-3,-6,186,1,220,0
-6,-5,213,1,220,0
-2,-3,214,1,220,0
1,5,11,1,220,0
-4,5,15,1,220,0
6,0,49,1,220,0
2,6,44,1,220,0
6,-5,44,1,220,0
8,-1,67,1,220,0
-3,4,69,1,220,0
-8,-2,94,1,220,0
-2,-4,124,1,220,0
7,1,135,1,220,0
-5,-3,159,1,220,0
-1,-1,167,1,220,0
0,-7,168,1,220,0
-3,-7,187,1,220,0
-1,2,187,1,220,0
2,-3,194,1,220,0
-2,3,219,1,220,0
5,0,39,1,220,0
2,7,18,1,220,0
1,6,36,1,220,0
5,-3,67,1,220,0
8,-2,86,1,220,0
3,-7,94,1,220,0
6,1,143,1,220,0
6,-6,146,1,220,0
0,-8,149,1,220,0
-2,4,204,1,220,0
-2,-5,205,1,220,0
-1,-2,206,1,220,0
2,-4,211,1,220,0
-1,3,217,1,220,0
-4,-1,218,1,220,0
-5,-4,218,1,220,0
1,-1,218,1,220,0
4,-1,9,1,220,0
0,6,4,1,220,0
4,0,11,1,220,0
5,1,149,1,220,0
1,7,26,1,220,0
5,-4,64,1,220,0
6,-7,74,1,220,0
-7,-1,103,1,220,0
-7,0,128,1,220,0
-4,-2,135,1,220,0
1,-2,168,1,220,0
-1,-3,188,1,220,0
-1,4,201,1,220,0
-2,-6,203,1,220,0
-5,-5,215,1,220,0
2,-5,216,1,220,0
1,8,11,1,220,0
-8,2,11,1,220,0
-4,-3,65,1,220,0
7,-1,118,1,220,0
-7,-2,95,1,220,0
-7,1,119,1,220,0
3,0,125,1,220,0
-6,0,138,1,220,0
5,2,147,1,220,0
4,1,157,1,220,0
5,-5,153,1,220,0
1,-3,198,1,220,0
-2,-7,199,1,220,0
-5,-6,204,1,220,0
-1,-4,218,1,220,0
2,-6,218,1,220,0
-8,3,7,1,221,0
8,-5,9,1,221,0
-7,2,14,1,221,0
7,-2,94,1,221,0
4,-3,78,1,221,0
2,-7,108,1,221,0
-3,-1,133,1,221,0
0,-1,136,1,221,0
5,-6,149,1,221,0
4,2,168,1,221,0
-4,-4,168,1,221,0
2,0,202,1,221,0
-5,0,213,1,221,0
-1,-5,215,1,221,0
1,-4,219,1,221,0
8,-6,7,1,221,0
-4,-5,19,1,221,0
5,-7,83,1,221,0
3,-1,129,1,221,0
-6,-1,144,1,221,0
-3,-2,153,1,221,0
-5,1,159,1,221,0
4,-4,162,1,221,0
3,2,221,1,221,0
2,1,212,1,221,0
0,-2,197,1,221,0
-4,0,199,1,221,0
1,-5,199,1,221,0
1,0,215,1,221,0
-1,-6,218,1,221,0
8,-7,6,1,221,0
6,-1,97,1,221,0
3,-2,116,1,221,0
-3,0,123,1,221,0
3,3,128,1,221,0
2,2,213,1,221,0
-6,-2,147,1,221,0
4,-5,161,1,221,0
-1,-7,163,1,221,0
-5,2,165,1,221,0
1,1,171,1,221,0
-4,1,176,1,221,0
0,-3,182,1,221,0
-4,-6,194,1,221,0
-3,-3,219,1,221,0
7,-5,25,1,221,0
6,-2,96,1,221,0
5,6,103,1,221,0
4,5,112,1,221,0
3,4,126,1,221,0
2,3,195,1,221,0
0,-4,142,1,221,0
1,-7,156,1,221,0
-2,-1,164,1,221,0
-4,2,167,1,221,0
1,2,169,1,221,0
3,-3,174,1,221,0
-3,-4,193,1,221,0
-3,2,55,1,221,0
6,-3,58,1,221,0
8,0,125,1,221,0
2,4,77,1,221,0
4,-7,79,1,221,0
-4,3,84,1,221,0
1,3,85,1,221,0
5,7,102,1,221,0
4,6,111,1,221,0
3,5,119,1,221,0
7,-6,139,1,221,0
1,-8,153,1,221,0
3,-4,169,1,221,0
-1,0,174,1,221,0
0,-5,189,1,221,0
-3,-5,197,1,221,0
2,-1,204,1,221,0
-2,-2,211,1,221,0
-5,-1,215,1,221,0
-5,5,9,1,221,0
2,5,17,1,221,0
7,0,123,1,221,0
3,6,53,1,221,0
6,-4,57,1,221,0
-3,3,63,1,221,0
-4,4,76,1,221,0
1,4,78,1,221,0
4,7,96,1,221,0
-8,-1,102,1,221,0
7,-7,112,1,221,0
8,1,128,1,221,0
-5,-2,153,1,221,0
2,-2,162,1,221,0
-1,1,181,1,221,0
0,-6,184,1,221,0
-3,-6,186,1,221,0
-6,-5,213,1,221,0
-2,-3,214,1,221,0
1,5,11,1,221,0
-4,5,15,1,221,0
6,0,49,1,221,0
2,6,44,1,221,0
6,-5,44,1,221,0
8,-1,67,1,221,0
-3,4,69,1,221,0
-8,-2,94,1,221,0
-2,-4,124,1,221,0
7,1,135,1,221,0
-5,-3,159,1,221,0
-1,-1,167,1,221,0
0,-7,168,1,221,0
-3,-7,187,1,221,0
-1,2,187,1,221,0
2,-3,194,1,221,0
-2,3,219,1,221,0
5,0,39,1,221,0
2,7,18,1,221,0
1,6,36,1,221,0
5,-3,67,1,221,0
8,-2,86,1,221,0
3,-7,94,1,221,0
6,1,143,1,221,0
6,-6,146,1,221,0
0,-8,149,1,221,0
-2,4,204,1,221,0
-2,-5,205,1,221,0
-1,-2,206,1,221,0
2,-4,211,1,221,0
-1,3,217,1,221,0
-5,-4,219,1,221,0
-4,-1,219,1,221,0
1,-1,219,1,221,0
4,-1,9,1,221,0
0,6,4,1,221,0
4,0,11,1,221,0
5,1,149,1,221,0
1,7,26,1,221,0
5,-4,64,1,221,0
6,-7,74,1,221,0
-7,-1,103,1,221,0
-7,0,128,1,221,0
-4,-2,135,1,221,0
1,-2,168,1,221,0
-1,-3,188,1,221,0
-1,4,201,1,221,0
-2,-6,203,1,221,0
-5,-5,215,1,221,0
2,-5,216,1,221,0
1,8,11,1,221,0
-8,2,11,1,221,0
-4,-3,65,1,221,0
7,-1,118,1,221,0
-7,-2,95,1,221,0
-7,1,119,1,221,0
3,0,125,1,221,0
-6,0,138,1,221,0
5,2,147,1,221,0
4,1,157,1,221,0
5,-5,153,1,221,0
1,-3,198,1,221,0
-2,-7,199,1,221,0
-5,-6,204,1,221,0
-1,-4,219,1,221,0
2,-6,219,1,221,0
-8,3,7,1,222,0
8,-5,9,1,222,0
-7,2,14,1,222,0
7,-2,94,1,222,0
4,-3,78,1,222,0
2,-7,108,1,222,0
-3,-1,133,1,222,0
0,-1,136,1,222,0
5,-6,149,1,222,0
4,2,168,1,222,0
-4,-4,168,1,222,0
2,0,202,1,222,0
-5,0,213,1,222,0
-1,-5,215,1,222,0
1,-4,219,1,222,0
8,-6,7,1,222,0
-4,-5,19,1,222,0
5,-7,83,1,222,0
3,-1,129,1,222,0
-6,-1,144,1,222,0
-3,-2,153,1,222,0
-5,1,159,1,222,0
4,-4,162,1,222,0
3,2,222,1,222,0
2,1,212,1,222,0
0,-2,197,1,222,0
-4,0,199,1,222,0
1,-5,199,1,222,0
1,0,215,1,222,0
-1,-6,219,1,222,0
8,-7,6,1,222,0
6,-1,97,1,222,0
3,-2,116,1,222,0
-3,0,123,1,222,0
3,3,128,1,222,0
2,2,213,1,222,0
-6,-2,147,1,222,0
4,-5,161,1,222,0
-1,-7,163,1,222,0
-5,2,165,1,222,0
1,1,171,1,222,0
-4,1,176,1,222,0
0,-3,182,1,222,0
-4,-6,194,1,222,0
-3,-3,219,1,222,0
7,-5,25,1,222,0
6,-2,96,1,222,0
5,6,103,1,222,0
4,5,112,1,222,0
3,4,126,1,222,0
2,3,195,1,222,0
0,-4,142,1,222,0
1,-7,156,1,222,0
-2,-1,164,1,222,0
-4,2,167,1,222,0
1,2,169,1,222,0
3,-3,174,1,222,0
-3,-4,193,1,222,0
-3,2,55,1,222,0
6,-3,58,1,222,0
8,0,125,1,222,0
2,4,77,1,222,0
4,-7,79,1,222,0
-4,3,84,1,222,0
1,3,85,1,222,0
5,7,102,1,222,0
4,6,111,1,222,0
3,5,119,1,222,0
7,-6,139,1,222,0
1,-8,153,1,222,0
3,-4,169,1,222,0
-1,0,174,1,222,0
0,-5,189,1,222,0
-3,-5,197,1,222,0
2,-1,204,1,222,0
-2,-2,211,1,222,0
-5,-1,215,1,222,0
-5,5,9,1,222,0
2,5,17,1,222,0
7,0,123,1,222,0
3,6,53,1,222,0
6,-4,57,1,222,0
-3,3,63,1,222,0
-4,4,76,1,222,0
1,4,78,1,222,0
4,7,96,1,222,0
-8,-1,102,1,222,0
7,-7,112,1,222,0
8,1,128,1,222,0
-5,-2,153,1,222,0
2,-2,162,1,222,0
-1,1,181,1,222,0
0,-6,184,1,222,0
-3,-6,186,1,222,0
-6,-5,213,1,222,0
-2,-3,214,1,222,0
1,5,11,1,222,0
-4,5,15,1,222,0
6,0,49,1,222,0
2,6,44,1,222,0
6,-5,44,1,222,0
8,-1,67,1,222,0
-3,4,69,1,222,0
-8,-2,94,1,222,0
-2,-4,124,1,222,0
7,1,135,1,222,0
-5,-3,159,1,222,0
-1,-1,167,1,222,0
0,-7,168,1,222,0
-3,-7,187,1,222,0
-1,2,187,1,222,0
2,-3,194,1,222,0
-2,3,221,1,222,0
5,0,39,1,222,0
2,7,18,1,222,0
1,6,36,1,222,0
5,-3,67,1,222,0
8,-2,86,1,222,0
3,-7,94,1,222,0
6,1,143,1,222,0
6,-6,146,1,222,0
0,-8,149,1,222,0
-2,4,204,1,222,0
-2,-5,205,1,222,0
-1,-2,206,1,222,0
2,-4,211,1,222,0
-1,3,217,1,222,0
-5,-4,219,1,222,0
-4,-1,219,1,222,0
1,-1,219,1,222,0
4,-1,9,1,222,0
0,6,4,1,222,0
4,0,11,1,222,0
5,1,149,1,222,0
1,7,26,1,222,0
5,-4,64,1,222,0
6,-7,74,1,222,0
-7,-1,103,1,222,0
-7,0,128,1,222,0
-4,-2,135,1,222,0
1,-2,168,1,222,0
-1,-3,188,1,222,0
-1,4,201,1,222,0
-2,-6,203,1,222,0
-5,-5,215,1,222,0
2,-5,216,1,222,0
1,8,11,1,222,0
-8,2,11,1,222,0
-4,-3,65,1,222,0
7,-1,118,1,222,0
-7,-2,95,1,222,0
-7,1,119,1,222,0
3,0,125,1,222,0
-6,0,138,1,222,0
5,2,147,1,222,0
4,1,157,1,222,0
5,-5,153,1,222,0
1,-3,198,1,222,0
-2,-7,199,1,222,0
-5,-6,204,1,222,0
-1,-4,219,1,222,0
2,-6,219,1,222,0
-8,3,7,1,223,0
8,-5,9,1,223,0
-7,2,14,1,223,0
7,-2,94,1,223,0
4,-3,78,1,223,0
2,-7,108,1,223,0
-3,-1,133,1,223,0
0,-1,136,1,223,0
5,-6,149,1,223,0
4,2,223,1,223,0
-4,-4,168,1,223,0
2,0,202,1,223,0
-5,0,213,1,223,0
-1,-5,215,1,223,0
1,-4,219,1,223,0
8,-6,7,1,223,0
-4,-5,19,1,223,0
5,-7,83,1,223,0
3,-1,129,1,223,0
-6,-1,144,1,223,0
-3,-2,153,1,223,0
-5,1,159,1,223,0
4,-4,162,1,223,0
3,2,222,1,223,0
2,1,212,1,223,0
0,-2,197,1,223,0
-4,0,199,1,223,0
1,-5,199,1,223,0
1,0,215,1,223,0
-1,-6,219,1,223,0
8,-7,6,1,223,0
6,-1,97,1,223,0
3,-2,116,1,223,0
-3,0,123,1,223,0
3,3,128,1,223,0
2,2,213,1,223,0
-6,-2,147,1,223,0
4,-5,161,1,223,0
-1,-7,163,1,223,0
-5,2,165,1,223,0
1,1,171,1,223,0
-4,1,176,1,223,0
0,-3,182,1,223,0
-4,-6,194,1,223,0
-3,-3,221,1,223,0
7,-5,25,1,223,0
6,-2,96,1,223,0
5,6,103,1,223,0
4,5,112,1,223,0
3,4,126,1,223,0
2,3,195,1,223,0
1,-7,156,1,223,0
-2,-1,164,1,223,0
-4,2,167,1,223,0
1,2,169,1,223,0
3,-3,174,1,223,0
-3,-4,193,1,223,0
0,-4,221,1,223,0
-3,2,55,1,223,0
6,-3,58,1,223,0
8,0,125,1,223,0
2,4,77,1,223,0
4,-7,79,1,223,0
-4,3,84,1,223,0
1,3,85,1,223,0
5,7,102,1,223,0
4,6,111,1,223,0
3,5,119,1,223,0
7,-6,139,1,223,0
1,-8,153,1,223,0
3,-4,169,1,223,0
-1,0,174,1,223,0
0,-5,189,1,223,0
-3,-5,197,1,223,0
-2,-2,211,1,223,0
-5,-1,215,1,223,0
2,-1,221,1,223,0
-5,5,9,1,223,0
2,5,17,1,223,0
7,0,123,1,223,0
3,6,53,1,223,0
6,-4,57,1,223,0
-3,3,63,1,223,0
-4,4,76,1,223,0
1,4,78,1,223,0
4,7,96,1,223,0
-8,-1,102,1,223,0
7,-7,112,1,223,0
8,1,128,1,223,0
-5,-2,153,1,223,0
2,-2,162,1,223,0
-1,1,181,1,223,0
0,-6,184,1,223,0
-3,-6,186,1,223,0
-6,-5,213,1,223,0
-2,-3,214,1,223,0
1,5,11,1,223,0
-4,5,15,1,223,0
6,0,49,1,223,0
2,6,44,1,223,0
6,-5,44,1,223,0
8,-1,67,1,223,0
-3,4,69,1,223,0
-8,-2,94,1,223,0
-2,-4,124,1,223,0
7,1,135,1,223,0
-5,-3,159,1,223,0
-1,-1,167,1,223,0
0,-7,168,1,223,0
-3,-7,187,1,223,0
-1,2,187,1,223,0
2,-3,194,1,223,0
-2,3,222,1,223,0
5,0,39,1,223,0
2,7,18,1,223,0
1,6,36,1,223,0
5,-3,67,1,223,0
8,-2,86,1,223,0
3,-7,94,1,223,0
6,1,143,1,223,0
6,-6,146,1,223,0
0,-8,149,1,223,0
-2,4,204,1,223,0
-2,-5,205,1,223,0
-1,-2,206,1,223,0
2,-4,211,1,223,0
-1,3,217,1,223,0
-5,-4,219,1,223,0
1,-1,219,1,223,0
-4,-1,221,1,223,0
4,-1,9,1,223,0
0,6,4,1,223,0
4,0,11,1,223,0
5,1,149,1,223,0
1,7,26,1,223,0
5,-4,64,1,223,0
6,-7,74,1,223,0
-7,-1,103,1,223,0
-7,0,128,1,223,0
-4,-2,135,1,223,0
1,-2,168,1,223,0
-1,-3,188,1,223,0
-1,4,201,1,223,0
-2,-6,203,1,223,0
2,-5,216,1,223,0
-5,-5,221,1,223,0
1,8,11,1,223,0
-8,2,11,1,223,0
-4,-3,65,1,223,0
7,-1,118,1,223,0
-7,-2,95,1,223,0
-7,1,119,1,223,0
3,0,125,1,223,0
-6,0,138,1,223,0
5,2,147,1,223,0
4,1,157,1,223,0
5,-5,153,1,223,0
1,-3,198,1,223,0
-2,-7,199,1,223,0
-5,-6,204,1,223,0
-1,-4,221,1,223,0
2,-6,221,1,223,0
-8,3,7,1,224,0
8,-5,9,1,224,0
-7,2,14,1,224,0
7,-2,94,1,224,0
4,-3,78,1,224,0
2,-7,108,1,224,0
-3,-1,133,1,224,0
0,-1,136,1,224,0
5,-6,149,1,224,0
4,2,224,1,224,0
-4,-4,168,1,224,0
2,0,202,1,224,0
-5,0,213,1,224,0
-1,-5,215,1,224,0
1,-4,219,1,224,0
8,-6,7,1,224,0
-4,-5,19,1,224,0
5,-7,83,1,224,0
3,-1,129,1,224,0
-6,-1,144,1,224,0
-3,-2,153,1,224,0
-5,1,159,1,224,0
4,-4,162,1,224,0
3,2,222,1,224,0
2,1,212,1,224,0
0,-2,197,1,224,0
-4,0,199,1,224,0
1,-5,199,1,224,0
1,0,215,1,224,0
-1,-6,221,1,224,0
8,-7,6,1,224,0
6,-1,97,1,224,0
3,-2,116,1,224,0
-3,0,123,1,224,0
3,3,128,1,224,0
2,2,213,1,224,0
-6,-2,147,1,224,0
4,-5,161,1,224,0
-1,-7,163,1,224,0
-5,2,165,1,224,0
1,1,171,1,224,0
-4,1,176,1,224,0
0,-3,182,1,224,0
-4,-6,194,1,224,0
-3,-3,222,1,224,0
7,-5,25,1,224,0
6,-2,96,1,224,0
5,6,103,1,224,0
4,5,112,1,224,0
3,4,126,1,224,0
2,3,195,1,224,0
1,-7,156,1,224,0
-2,-1,164,1,224,0
-4,2,167,1,224,0
1,2,169,1,224,0
3,-3,174,1,224,0
-3,-4,193,1,224,0
0,-4,222,1,224,0
-3,2,55,1,224,0
6,-3,58,1,224,0
8,0,125,1,224,0
2,4,77,1,224,0
4,-7,79,1,224,0
-4,3,84,1,224,0
1,3,85,1,224,0
5,7,102,1,224,0
4,6,111,1,224,0
3,5,119,1,224,0
7,-6,139,1,224,0
1,-8,153,1,224,0
3,-4,169,1,224,0
-1,0,174,1,224,0
0,-5,189,1,224,0
-3,-5,197,1,224,0
-2,-2,211,1,224,0
-5,-1,215,1,224,0
2,-1,222,1,224,0
-5,5,9,1,224,0
2,5,17,1,224,0
7,0,123,1,224,0
3,6,53,1,224,0
6,-4,57,1,224,0
-3,3,63,1,224,0
-4,4,76,1,224,0
1,4,78,1,224,0
4,7,96,1,224,0
-8,-1,102,1,224,0
7,-7,112,1,224,0
8,1,128,1,224,0
-5,-2,153,1,224,0
2,-2,162,1,224,0
-1,1,181,1,224,0
0,-6,184,1,224,0
-3,-6,186,1,224,0
-6,-5,213,1,224,0
-2,-3,214,1,224,0
1,5,11,1,224,0
-4,5,15,1,224,0
6,0,49,1,224,0
2,6,44,1,224,0
6,-5,44,1,224,0
8,-1,67,1,224,0
-3,4,69,1,224,0
-8,-2,94,1,224,0
-2,-4,124,1,224,0
7,1,135,1,224,0
-5,-3,159,1,224,0
-1,-1,167,1,224,0
0,-7,168,1,224,0
-3,-7,187,1,224,0
-1,2,187,1,224,0
2,-3,194,1,224,0
-2,3,223,1,224,0
5,0,39,1,224,0
2,7,18,1,224,0
1,6,36,1,224,0
5,-3,67,1,224,0
8,-2,86,1,224,0
3,-7,94,1,224,0
6,1,143,1,224,0
6,-6,146,1,224,0
0,-8,149,1,224,0
-2,4,204,1,224,0
-2,-5,205,1,224,0
-1,-2,206,1,224,0
2,-4,211,1,224,0
-1,3,217,1,224,0
-5,-4,219,1,224,0
1,-1,219,1,224,0
-4,-1,222,1,224,0
4,-1,9,1,224,0
0,6,4,1,224,0
4,0,11,1,224,0
5,1,149,1,224,0
1,7,26,1,224,0
5,-4,64,1,224,0
6,-7,74,1,224,0
-7,-1,103,1,224,0
-7,0,128,1,224,0
-4,-2,135,1,224,0
1,-2,168,1,224,0
-1,-3,188,1,224,0
-1,4,201,1,224,0
-2,-6,203,1,224,0
2,-5,216,1,224,0
-5,-5,222,1,224,0
1,8,11,1,224,0
-8,2,11,1,224,0
-4,-3,65,1,224,0
7,-1,118,1,224,0
-7,-2,95,1,224,0
-7,1,119,1,224,0
3,0,125,1,224,0
-6,0,138,1,224,0
5,2,147,1,224,0
4,1,157,1,224,0
5,-5,153,1,224,0
1,-3,198,1,224,0
-2,-7,199,1,224,0
-5,-6,204,1,224,0
-1,-4,222,1,224,0
2,-6,223,1,224,0
-8,3,7,1,225,0
8,-5,9,1,225,0
-7,2,14,1,225,0
7,-2,94,1,225,0
4,-3,78,1,225,0
-3,-1,133,1,225,0
0,-1,136,1,225,0
5,-6,149,1,225,0
4,2,225,1,225,0
-4,-4,168,1,225,0
2,0,202,1,225,0
-5,0,213,1,225,0
-1,-5,215,1,225,0
1,-4,219,1,225,0
2,-7,224,1,225,0
8,-6,7,1,225,0
-4,-5,19,1,225,0
5,-7,83,1,225,0
3,-1,129,1,225,0
-6,-1,144,1,225,0
-3,-2,153,1,225,0
-5,1,159,1,225,0
4,-4,162,1,225,0
3,2,222,1,225,0
2,1,212,1,225,0
0,-2,197,1,225,0
-4,0,199,1,225,0
1,-5,199,1,225,0
1,0,215,1,225,0
-1,-6,221,1,225,0
8,-7,6,1,225,0
6,-1,97,1,225,0
3,-2,116,1,225,0
-3,0,123,1,225,0
3,3,128,1,225,0
2,2,213,1,225,0
-6,-2,147,1,225,0
4,-5,161,1,225,0
-1,-7,163,1,225,0
-5,2,165,1,225,0
1,1,171,1,225,0
-4,1,176,1,225,0
0,-3,182,1,225,0
-4,-6,194,1,225,0
-3,-3,222,1,225,0
7,-5,25,1,225,0
6,-2,96,1,225,0
5,6,103,1,225,0
4,5,112,1,225,0
3,4,126,1,225,0
2,3,195,1,225,0
1,-7,156,1,225,0
-2,-1,164,1,225,0
-4,2,167,1,225,0
1,2,169,1,225,0
3,-3,174,1,225,0
-3,-4,193,1,225,0
0,-4,223,1,225,0
-3,2,55,1,225,0
6,-3,58,1,225,0
8,0,125,1,225,0
2,4,77,1,225,0
4,-7,79,1,225,0
-4,3,84,1,225,0
1,3,85,1,225,0
5,7,102,1,225,0
4,6,111,1,225,0
3,5,119,1,225,0
7,-6,139,1,225,0
1,-8,153,1,225,0
3,-4,169,1,225,0
-1,0,174,1,225,0
0,-5,189,1,225,0
-3,-5,197,1,225,0
-2,-2,211,1,225,0
-5,-1,215,1,225,0
2,-1,223,1,225,0
-5,5,9,1,225,0
2,5,17,1,225,0
7,0,123,1,225,0
3,6,53,1,225,0
6,-4,57,1,225,0
-3,3,63,1,225,0
-4,4,76,1,225,0
1,4,78,1,225,0
4,7,96,1,225,0
-8,-1,102,1,225,0
7,-7,112,1,225,0
8,1,128,1,225,0
-5,-2,153,1,225,0
2,-2,162,1,225,0
-1,1,181,1,225,0
0,-6,184,1,225,0
-3,-6,186,1,225,0
-6,-5,213,1,225,0
-2,-3,214,1,225,0
1,5,11,1,225,0
-4,5,15,1,225,0
6,0,49,1,225,0
2,6,44,1,225,0
6,-5,44,1,225,0
8,-1,67,1,225,0
-3,4,69,1,225,0
-8,-2,94,1,225,0
-2,-4,124,1,225,0
7,1,135,1,225,0
-5,-3,159,1,225,0
-1,-1,167,1,225,0
0,-7,168,1,225,0
-3,-7,187,1,225,0
-1,2,187,1,225,0
2,-3,194,1,225,0
-2,3,223,1,225,0
5,0,39,1,225,0
2,7,18,1,225,0
1,6,36,1,225,0
5,-3,67,1,225,0
8,-2,86,1,225,0
3,-7,94,1,225,0
6,1,143,1,225,0
6,-6,146,1,225,0
0,-8,149,1,225,0
-2,4,204,1,225,0
-2,-5,205,1,225,0
-1,-2,206,1,225,0
2,-4,211,1,225,0
-1,3,217,1,225,0
-5,-4,219,1,225,0
1,-1,219,1,225,0
-4,-1,222,1,225,0
4,-1,9,1,225,0
0,6,4,1,225,0
4,0,11,1,225,0
5,1,149,1,225,0
1,7,26,1,225,0
5,-4,64,1,225,0
6,-7,74,1,225,0
-7,-1,103,1,225,0
-7,0,128,1,225,0
-4,-2,135,1,225,0
1,-2,168,1,225,0
-1,-3,188,1,225,0
-1,4,201,1,225,0
-2,-6,203,1,225,0
2,-5,216,1,225,0
-5,-5,222,1,225,0
1,8,11,1,225,0
-8,2,11,1,225,0
7,-1,118,1,225,0
-7,-2,95,1,225,0
-7,1,119,1,225,0
3,0,125,1,225,0
-6,0,138,1,225,0
5,2,147,1,225,0
4,1,157,1,225,0
5,-5,153,1,225,0
1,-3,198,1,225,0
-2,-7,199,1,225,0
-5,-6,204,1,225,0
2,-6,223,1,225,0
-1,-4,223,1,225,0
-4,-3,223,1,225,0
-8,3,7,1,226,0
8,-5,9,1,226,0
-7,2,14,1,226,0
7,-2,94,1,226,0
4,-3,78,1,226,0
-3,-1,133,1,226,0
0,-1,136,1,226,0
5,-6,149,1,226,0
4,2,225,1,226,0
-5,0,213,1,226,0
-1,-5,215,1,226,0
1,-4,219,1,226,0
2,0,224,1,226,0
-4,-4,224,1,226,0
2,-7,225,1,226,0
8,-6,7,1,226,0
-4,-5,19,1,226,0
5,-7,83,1,226,0
3,-1,129,1,226,0
-6,-1,144,1,226,0
-3,-2,153,1,226,0
-5,1,159,1,226,0
4,-4,162,1,226,0
3,2,222,1,226,0
2,1,212,1,226,0
0,-2,197,1,226,0
-4,0,199,1,226,0
1,-5,199,1,226,0
1,0,215,1,226,0
-1,-6,223,1,226,0
8,-7,6,1,226,0
6,-1,97,1,226,0
3,-2,116,1,226,0
-3,0,123,1,226,0
3,3,128,1,226,0
2,2,213,1,226,0
-6,-2,147,1,226,0
4,-5,161,1,226,0
-1,-7,163,1,226,0
-5,2,165,1,226,0
1,1,171,1,226,0
-4,1,176,1,226,0
0,-3,182,1,226,0
-4,-6,194,1,226,0
-3,-3,222,1,226,0
7,-5,25,1,226,0
6,-2,96,1,226,0
5,6,103,1,226,0
4,5,112,1,226,0
3,4,126,1,226,0
2,3,195,1,226,0
1,-7,156,1,226,0
-2,-1,164,1,226,0
-4,2,167,1,226,0
1,2,169,1,226,0
3,-3,174,1,226,0
-3,-4,193,1,226,0
0,-4,225,1,226,0
-3,2,55,1,226,0
6,-3,58,1,226,0
8,0,125,1,226,0
2,4,77,1,226,0
4,-7,79,1,226,0
-4,3,84,1,226,0
1,3,85,1,226,0
5,7,102,1,226,0
4,6,111,1,226,0
3,5,119,1,226,0
7,-6,139,1,226,0
1,-8,153,1,226,0
3,-4,169,1,226,0
-1,0,174,1,226,0
0,-5,189,1,226,0
-3,-5,197,1,226,0
-2,-2,211,1,226,0
-5,-1,215,1,226,0
2,-1,223,1,226,0
-5,5,9,1,226,0
2,5,17,1,226,0
7,0,123,1,226,0
3,6,53,1,226,0
6,-4,57,1,226,0
-3,3,63,1,226,0
-4,4,76,1,226,0
1,4,78,1,226,0
4,7,96,1,226,0
-8,-1,102,1,226,0
7,-7,112,1,226,0
8,1,128,1,226,0
-5,-2,153,1,226,0
2,-2,162,1,226,0
-1,1,181,1,226,0
0,-6,184,1,226,0
-3,-6,186,1,226,0
-6,-5,213,1,226,0
-2,-3,214,1,226,0
1,5,11,1,226,0
-4,5,15,1,226,0
6,0,49,1,226,0
2,6,44,1,226,0
6,-5,44,1,226,0
8,-1,67,1,226,0
-3,4,69,1,226,0
-8,-2,94,1,226,0
-2,-4,124,1,226,0
7,1,135,1,226,0
-5,-3,159,1,226,0
-1,-1,167,1,226,0
0,-7,168,1,226,0
-3,-7,187,1,226,0
-1,2,187,1,226,0
2,-3,194,1,226,0
-2,3,224,1,226,0
5,0,39,1,226,0
2,7,18,1,226,0
1,6,36,1,226,0
5,-3,67,1,226,0
8,-2,86,1,226,0
3,-7,94,1,226,0
6,1,143,1,226,0
6,-6,146,1,226,0
0,-8,149,1,226,0
-2,4,204,1,226,0
-2,-5,205,1,226,0
-1,-2,206,1,226,0
2,-4,211,1,226,0
-1,3,217,1,226,0
-5,-4,219,1,226,0
1,-1,219,1,226,0
-4,-1,224,1,226,0
4,-1,9,1,226,0
0,6,4,1,226,0
4,0,11,1,226,0
5,1,149,1,226,0
1,7,26,1,226,0
5,-4,64,1,226,0
6,-7,74,1,226,0
-7,-1,103,1,226,0
-7,0,128,1,226,0
-4,-2,135,1,226,0
1,-2,168,1,226,0
-1,4,201,1,226,0
-2,-6,203,1,226,0
2,-5,216,1,226,0
-1,-3,224,1,226,0
-5,-5,224,1,226,0
1,8,11,1,226,0
-8,2,11,1,226,0
7,-1,118,1,226,0
-7,-2,95,1,226,0
-7,1,119,1,226,0
3,0,125,1,226,0
-6,0,138,1,226,0
5,2,147,1,226,0
4,1,226,1,226,0
5,-5,153,1,226,0
1,-3,198,1,226,0
-2,-7,199,1,226,0
-5,-6,204,1,226,0
2,-6,223,1,226,0
-1,-4,223,1,226,0
-4,-3,223,1,226,0
-8,3,7,1,227,0
8,-5,9,1,227,0
-7,2,14,1,227,0
7,-2,94,1,227,0
4,-3,78,1,227,0
-3,-1,133,1,227,0
0,-1,136,1,227,0
5,-6,149,1,227,0
4,2,225,1,227,0
-5,0,213,1,227,0
-1,-5,215,1,227,0
1,-4,219,1,227,0
2,0,224,1,227,0
-4,-4,225,1,227,0
2,-7,226,1,227,0
8,-6,7,1,227,0
-4,-5,19,1,227,0
5,-7,83,1,227,0
3,-1,129,1,227,0
-6,-1,144,1,227,0
-3,-2,153,1,227,0
-5,1,159,1,227,0
4,-4,162,1,227,0
3,2,222,1,227,0
2,1,212,1,227,0
0,-2,197,1,227,0
-4,0,199,1,227,0
1,-5,199,1,227,0
-1,-6,224,1,227,0
1,0,225,1,227,0
8,-7,6,1,227,0
6,-1,97,1,227,0
3,-2,116,1,227,0
-3,0,123,1,227,0
3,3,128,1,227,0
2,2,213,1,227,0
-6,-2,147,1,227,0
4,-5,161,1,227,0
-1,-7,163,1,227,0
-5,2,165,1,227,0
1,1,171,1,227,0
-4,1,176,1,227,0
0,-3,182,1,227,0
-4,-6,194,1,227,0
-3,-3,222,1,227,0
7,-5,25,1,227,0
6,-2,96,1,227,0
5,6,103,1,227,0
4,5,112,1,227,0
3,4,126,1,227,0
2,3,195,1,227,0
1,-7,156,1,227,0
-2,-1,164,1,227,0
-4,2,167,1,227,0
1,2,169,1,227,0
3,-3,174,1,227,0
-3,-4,193,1,227,0
0,-4,226,1,227,0
-3,2,55,1,227,0
6,-3,58,1,227,0
8,0,125,1,227,0
2,4,77,1,227,0
4,-7,79,1,227,0
-4,3,84,1,227,0
1,3,85,1,227,0
5,7,102,1,227,0
4,6,111,1,227,0
3,5,119,1,227,0
7,-6,139,1,227,0
1,-8,153,1,227,0
3,-4,169,1,227,0
-1,0,174,1,227,0
0,-5,189,1,227,0
-3,-5,197,1,227,0
-2,-2,211,1,227,0
-5,-1,215,1,227,0
2,-1,223,1,227,0
-5,5,9,1,227,0
2,5,17,1,227,0
7,0,123,1,227,0
3,6,53,1,227,0
6,-4,57,1,227,0
-4,4,76,1,227,0
1,4,78,1,227,0
4,7,96,1,227,0
-8,-1,102,1,227,0
7,-7,112,1,227,0
8,1,128,1,227,0
-5,-2,153,1,227,0
2,-2,162,1,227,0
-1,1,181,1,227,0
0,-6,184,1,227,0
-3,-6,186,1,227,0
-6,-5,213,1,227,0
-2,-3,214,1,227,0
-3,3,225,1,227,0
1,5,11,1,227,0
-4,5,15,1,227,0
6,0,49,1,227,0
2,6,44,1,227,0
6,-5,44,1,227,0
8,-1,67,1,227,0
-3,4,69,1,227,0
-8,-2,94,1,227,0
-2,-4,124,1,227,0
7,1,135,1,227,0
-5,-3,159,1,227,0
-1,-1,167,1,227,0
0,-7,168,1,227,0
-3,-7,187,1,227,0
-1,2,187,1,227,0
2,-3,194,1,227,0
-2,3,224,1,227,0
5,0,39,1,227,0
2,7,18,1,227,0
1,6,36,1,227,0
5,-3,67,1,227,0
8,-2,86,1,227,0
3,-7,94,1,227,0
6,1,143,1,227,0
6,-6,146,1,227,0
0,-8,149,1,227,0
-2,4,204,1,227,0
-2,-5,205,1,227,0
-1,-2,206,1,227,0
2,-4,211,1,227,0
-1,3,217,1,227,0
-5,-4,219,1,227,0
1,-1,219,1,227,0
-4,-1,225,1,227,0
4,-1,9,1,227,0
0,6,4,1,227,0
4,0,11,1,227,0
5,1,149,1,227,0
1,7,26,1,227,0
5,-4,64,1,227,0
6,-7,74,1,227,0
-7,-1,103,1,227,0
-7,0,128,1,227,0
-4,-2,135,1,227,0
1,-2,168,1,227,0
-1,4,201,1,227,0
-2,-6,203,1,227,0
2,-5,216,1,227,0
-1,-3,225,1,227,0
-5,-5,225,1,227,0
1,8,11,1,227,0
-8,2,11,1,227,0
7,-1,118,1,227,0
-7,-2,95,1,227,0
-7,1,119,1,227,0
3,0,125,1,227,0
-6,0,138,1,227,0
5,2,147,1,227,0
4,1,227,1,227,0
5,-5,153,1,227,0
1,-3,198,1,227,0
-2,-7,199,1,227,0
-5,-6,204,1,227,0
2,-6,223,1,227,0
-1,-4,223,1,227,0
-4,-3,223,1,227,0
-8,3,7,1,228,0
8,-5,9,1,228,0
-7,2,14,1,228,0
7,-2,94,1,228,0
4,-3,78,1,228,0
-3,-1,133,1,228,0
0,-1,136,1,228,0
5,-6,149,1,228,0
4,2,225,1,228,0
-5,0,213,1,228,0
-1,-5,215,1,228,0
1,-4,219,1,228,0
2,0,224,1,228,0
2,-7,226,1,228,0
-4,-4,226,1,228,0
8,-6,7,1,228,0
-4,-5,19,1,228,0
5,-7,83,1,228,0
3,-1,129,1,228,0
-6,-1,144,1,228,0
-3,-2,153,1,228,0
-5,1,159,1,228,0
4,-4,162,1,228,0
3,2,222,1,228,0
2,1,212,1,228,0
0,-2,197,1,228,0
-4,0,199,1,228,0
1,-5,199,1,228,0
1,0,226,1,228,0
-1,-6,226,1,228,0
8,-7,6,1,228,0
6,-1,97,1,228,0
3,-2,116,1,228,0
-3,0,123,1,228,0
3,3,128,1,228,0
2,2,213,1,228,0
-6,-2,147,1,228,0
4,-5,161,1,228,0
-1,-7,163,1,228,0
-5,2,165,1,228,0
1,1,171,1,228,0
-4,1,176,1,228,0
0,-3,182,1,228,0
-4,-6,194,1,228,0
-3,-3,222,1,228,0
7,-5,25,1,228,0
6,-2,96,1,228,0
5,6,103,1,228,0
4,5,112,1,228,0
3,4,126,1,228,0
2,3,195,1,228,0
-2,-1,164,1,228,0
-4,2,167,1,228,0
1,2,169,1,228,0
3,-3,174,1,228,0
-3,-4,193,1,228,0
0,-4,227,1,228,0
1,-7,227,1,228,0
-3,2,55,1,228,0
6,-3,58,1,228,0
8,0,125,1,228,0
2,4,77,1,228,0
4,-7,79,1,228,0
-4,3,84,1,228,0
1,3,85,1,228,0
5,7,102,1,228,0
4,6,111,1,228,0
3,5,119,1,228,0
7,-6,139,1,228,0
1,-8,153,1,228,0
3,-4,169,1,228,0
-1,0,174,1,228,0
0,-5,189,1,228,0
-3,-5,197,1,228,0
-2,-2,211,1,228,0
-5,-1,215,1,228,0
2,-1,223,1,228,0
-5,5,9,1,228,0
2,5,17,1,228,0
7,0,123,1,228,0
3,6,53,1,228,0
6,-4,57,1,228,0
-4,4,76,1,228,0
1,4,78,1,228,0
4,7,96,1,228,0
-8,-1,102,1,228,0
7,-7,112,1,228,0
8,1,128,1,228,0
-5,-2,153,1,228,0
2,-2,162,1,228,0
-1,1,181,1,228,0
0,-6,184,1,228,0
-3,-6,186,1,228,0
-6,-5,213,1,228,0
-2,-3,214,1,228,0
-3,3,226,1,228,0
1,5,11,1,228,0
-4,5,15,1,228,0
6,0,49,1,228,0
2,6,44,1,228,0
6,-5,44,1,228,0
8,-1,67,1,228,0
-3,4,69,1,228,0
-8,-2,94,1,228,0
-2,-4,124,1,228,0
7,1,135,1,228,0
-5,-3,159,1,228,0
-1,-1,167,1,228,0
0,-7,168,1,228,0
-3,-7,187,1,228,0
-1,2,187,1,228,0
2,-3,194,1,228,0
-2,3,224,1,228,0
5,0,39,1,228,0
2,7,18,1,228,0
1,6,36,1,228,0
5,-3,67,1,228,0
8,-2,86,1,228,0
3,-7,94,1,228,0
6,1,143,1,228,0
6,-6,146,1,228,0
0,-8,149,1,228,0
-2,4,204,1,228,0
-2,-5,205,1,228,0
-1,-2,206,1,228,0
2,-4,211,1,228,0
-1,3,217,1,228,0
-5,-4,219,1,228,0
1,-1,219,1,228,0
-4,-1,226,1,228,0
4,-1,9,1,228,0
0,6,4,1,228,0
4,0,11,1,228,0
5,1,149,1,228,0
1,7,26,1,228,0
5,-4,64,1,228,0
6,-7,74,1,228,0
-7,-1,103,1,228,0
-7,0,128,1,228,0
-4,-2,135,1,228,0
1,-2,168,1,228,0
-1,4,201,1,228,0
-2,-6,203,1,228,0
2,-5,216,1,228,0
-5,-5,227,1,228,0
-1,-3,227,1,228,0
1,8,11,1,228,0
-8,2,11,1,228,0
7,-1,118,1,228,0
-7,-2,95,1,228,0
-7,1,119,1,228,0
3,0,125,1,228,0
-6,0,138,1,228,0
5,2,147,1,228,0
4,1,228,1,228,0
5,-5,153,1,228,0
1,-3,198,1,228,0
-2,-7,199,1,228,0
-5,-6,204,1,228,0
2,-6,223,1,228,0
-1,-4,223,1,228,0
-4,-3,223,1,228,0
-8,3,7,1,229,0
8,-5,9,1,229,0
-7,2,14,1,229,0
7,-2,94,1,229,0
4,-3,78,1,229,0
-3,-1,133,1,229,0
0,-1,136,1,229,0
5,-6,149,1,229,0
4,2,225,1,229,0
-5,0,213,1,229,0
-1,-5,215,1,229,0
1,-4,219,1,229,0
2,0,224,1,229,0
2,-7,226,1,229,0
-4,-4,227,1,229,0
8,-6,7,1,229,0
-4,-5,19,1,229,0
5,-7,83,1,229,0
3,-1,129,1,229,0
-6,-1,144,1,229,0
-3,-2,153,1,229,0
-5,1,159,1,229,0
4,-4,162,1,229,0
3,2,222,1,229,0
2,1,212,1,229,0
0,-2,197,1,229,0
1,-5,199,1,229,0
-4,0,227,1,229,0
1,0,227,1,229,0
-1,-6,227,1,229,0
8,-7,6,1,229,0
6,-1,97,1,229,0
3,-2,116,1,229,0
-3,0,123,1,229,0
3,3,128,1,229,0
2,2,213,1,229,0
-6,-2,147,1,229,0
4,-5,161,1,229,0
-1,-7,163,1,229,0
-5,2,165,1,229,0
1,1,171,1,229,0
-4,1,176,1,229,0
0,-3,182,1,229,0
-4,-6,194,1,229,0
-3,-3,222,1,229,0
7,-5,25,1,229,0
6,-2,96,1,229,0
5,6,103,1,229,0
4,5,112,1,229,0
3,4,126,1,229,0
2,3,195,1,229,0
-2,-1,164,1,229,0
-4,2,167,1,229,0
1,2,169,1,229,0
3,-3,174,1,229,0
-3,-4,193,1,229,0
0,-4,227,1,229,0
1,-7,228,1,229,0
-3,2,55,1,229,0
6,-3,58,1,229,0
8,0,125,1,229,0
2,4,77,1,229,0
4,-7,79,1,229,0
-4,3,84,1,229,0
1,3,85,1,229,0
5,7,102,1,229,0
4,6,111,1,229,0
3,5,119,1,229,0
7,-6,139,1,229,0
1,-8,153,1,229,0
3,-4,169,1,229,0
-1,0,174,1,229,0
0,-5,189,1,229,0
-3,-5,197,1,229,0
-2,-2,211,1,229,0
-5,-1,215,1,229,0
2,-1,223,1,229,0
-5,5,9,1,229,0
2,5,17,1,229,0
7,0,123,1,229,0
3,6,53,1,229,0
6,-4,57,1,229,0
-4,4,76,1,229,0
1,4,78,1,229,0
4,7,96,1,229,0
-8,-1,102,1,229,0
7,-7,112,1,229,0
8,1,128,1,229,0
-5,-2,153,1,229,0
2,-2,162,1,229,0
-1,1,181,1,229,0
0,-6,184,1,229,0
-3,-6,186,1,229,0
-6,-5,213,1,229,0
-3,3,227,1,229,0
-2,-3,228,1,229,0
1,5,11,1,229,0
-4,5,15,1,229,0
6,0,49,1,229,0
2,6,44,1,229,0
6,-5,44,1,229,0
8,-1,67,1,229,0
-3,4,69,1,229,0
-8,-2,94,1,229,0
-2,-4,124,1,229,0
7,1,135,1,229,0
-5,-3,159,1,229,0
-1,-1,167,1,229,0
0,-7,168,1,229,0
-3,-7,187,1,229,0
-1,2,187,1,229,0
2,-3,194,1,229,0
-2,3,224,1,229,0
5,0,39,1,229,0
2,7,18,1,229,0
1,6,36,1,229,0
5,-3,67,1,229,0
8,-2,86,1,229,0
3,-7,94,1,229,0
6,1,143,1,229,0
6,-6,146,1,229,0
0,-8,149,1,229,0
-2,4,204,1,229,0
-2,-5,205,1,229,0
-1,-2,206,1,229,0
2,-4,211,1,229,0
-1,3,217,1,229,0
-5,-4,219,1,229,0
1,-1,219,1,229,0
-4,-1,226,1,229,0
4,-1,9,1,229,0
0,6,4,1,229,0
4,0,11,1,229,0
5,1,149,1,229,0
1,7,26,1,229,0
5,-4,64,1,229,0
6,-7,74,1,229,0
-7,-1,103,1,229,0
-7,0,128,1,229,0
-4,-2,135,1,229,0
1,-2,168,1,229,0
-1,4,201,1,229,0
-2,-6,203,1,229,0
2,-5,216,1,229,0
-5,-5,227,1,229,0
-1,-3,227,1,229,0
1,8,11,1,229,0
-8,2,11,1,229,0
7,-1,118,1,229,0
-7,-2,95,1,229,0
-7,1,119,1,229,0
3,0,125,1,229,0
-6,0,138,1,229,0
5,2,147,1,229,0
4,1,229,1,229,0
5,-5,153,1,229,0
1,-3,198,1,229,0
-2,-7,199,1,229,0
-5,-6,204,1,229,0
2,-6,223,1,229,0
-4,-3,223,1,229,0
-1,-4,228,1,229,0
-8,3,7,1,230,0
8,-5,9,1,230,0
-7,2,14,1,230,0
7,-2,94,1,230,0
4,-3,78,1,230,0
-3,-1,133,1,230,0
0,-1,136,1,230,0
5,-6,149,1,230,0
4,2,225,1,230,0
-5,0,213,1,230,0
1,-4,219,1,230,0
2,0,224,1,230,0
2,-7,226,1,230,0
-4,-4,229,1,230,0
-1,-5,229,1,230,0
8,-6,7,1,230,0
-4,-5,19,1,230,0
5,-7,83,1,230,0
3,-1,129,1,230,0
-6,-1,144,1,230,0
-3,-2,153,1,230,0
-5,1,159,1,230,0
4,-4,162,1,230,0
3,2,222,1,230,0
2,1,212,1,230,0
0,-2,197,1,230,0
1,-5,199,1,230,0
-4,0,228,1,230,0
-1,-6,228,1,230,0
1,0,229,1,230,0
8,-7,6,1,230,0
6,-1,97,1,230,0
3,-2,116,1,230,0
-3,0,123,1,230,0
3,3,128,1,230,0
2,2,213,1,230,0
-6,-2,147,1,230,0
4,-5,161,1,230,0
-1,-7,163,1,230,0
-5,2,165,1,230,0
1,1,171,1,230,0
-4,1,176,1,230,0
0,-3,182,1,230,0
-4,-6,194,1,230,0
-3,-3,222,1,230,0
7,-5,25,1,230,0
6,-2,96,1,230,0
5,6,103,1,230,0
4,5,112,1,230,0
3,4,126,1,230,0
2,3,195,1,230,0
-2,-1,164,1,230,0
-4,2,167,1,230,0
1,2,169,1,230,0
3,-3,174,1,230,0
-3,-4,193,1,230,0
0,-4,227,1,230,0
1,-7,229,1,230,0
-3,2,55,1,230,0
6,-3,58,1,230,0
8,0,125,1,230,0
2,4,77,1,230,0
4,-7,79,1,230,0
-4,3,84,1,230,0
1,3,85,1,230,0
5,7,102,1,230,0
4,6,111,1,230,0
3,5,119,1,230,0
7,-6,139,1,230,0
1,-8,153,1,230,0
3,-4,169,1,230,0
-1,0,174,1,230,0
0,-5,189,1,230,0
-3,-5,197,1,230,0
-2,-2,211,1,230,0
-5,-1,215,1,230,0
2,-1,223,1,230,0
-5,5,9,1,230,0
2,5,17,1,230,0
7,0,123,1,230,0
3,6,53,1,230,0
6,-4,57,1,230,0
-4,4,76,1,230,0
1,4,78,1,230,0
4,7,96,1,230,0
-8,-1,102,1,230,0
7,-7,112,1,230,0
8,1,128,1,230,0
-5,-2,153,1,230,0
2,-2,162,1,230,0
-1,1,181,1,230,0
0,-6,184,1,230,0
-3,-6,186,1,230,0
-6,-5,213,1,230,0
-3,3,228,1,230,0
-2,-3,229,1,230,0
1,5,11,1,230,0
-4,5,15,1,230,0
6,0,49,1,230,0
2,6,44,1,230,0
6,-5,44,1,230,0
8,-1,67,1,230,0
-3,4,69,1,230,0
-8,-2,94,1,230,0
-2,-4,124,1,230,0
7,1,135,1,230,0
-5,-3,159,1,230,0
-1,-1,167,1,230,0
0,-7,168,1,230,0
-3,-7,187,1,230,0
-1,2,187,1,230,0
2,-3,194,1,230,0
-2,3,224,1,230,0
5,0,39,1,230,0
2,7,18,1,230,0
1,6,36,1,230,0
5,-3,67,1,230,0
8,-2,86,1,230,0
3,-7,94,1,230,0
6,1,143,1,230,0
6,-6,146,1,230,0
0,-8,149,1,230,0
-2,4,204,1,230,0
-2,-5,205,1,230,0
-1,-2,206,1,230,0
2,-4,211,1,230,0
-1,3,217,1,230,0
-5,-4,219,1,230,0
1,-1,219,1,230,0
-4,-1,226,1,230,0
4,-1,9,1,230,0
0,6,4,1,230,0
4,0,11,1,230,0
5,1,149,1,230,0
1,7,26,1,230,0
5,-4,64,1,230,0
6,-7,74,1,230,0
-7,-1,103,1,230,0
-7,0,128,1,230,0
-4,-2,135,1,230,0
1,-2,168,1,230,0
-1,4,201,1,230,0
-2,-6,203,1,230,0
2,-5,216,1,230,0
-1,-3,227,1,230,0
-5,-5,229,1,230,0
1,8,11,1,230,0
-8,2,11,1,230,0
7,-1,118,1,230,0
-7,-2,95,1,230,0
-7,1,119,1,230,0
3,0,125,1,230,0
-6,0,138,1,230,0
5,2,147,1,230,0
4,1,229,1,230,0
5,-5,153,1,230,0
1,-3,198,1,230,0
-2,-7,199,1,230,0
-5,-6,204,1,230,0
2,-6,223,1,230,0
-4,-3,223,1,230,0
-1,-4,228,1,230,0
-8,3,7,1,231,0
8,-5,9,1,231,0
-7,2,14,1,231,0
7,-2,94,1,231,0
4,-3,78,1,231,0
-3,-1,133,1,231,0
0,-1,136,1,231,0
5,-6,149,1,231,0
4,2,225,1,231,0
-5,0,213,1,231,0
1,-4,219,1,231,0
2,0,224,1,231,0
2,-7,226,1,231,0
-4,-4,229,1,231,0
-1,-5,229,1,231,0
8,-6,7,1,231,0
-4,-5,19,1,231,0
5,-7,83,1,231,0
3,-1,129,1,231,0
-6,-1,144,1,231,0
-3,-2,153,1,231,0
-5,1,159,1,231,0
4,-4,162,1,231,0
3,2,222,1,231,0
2,1,212,1,231,0
0,-2,197,1,231,0
1,-5,199,1,231,0
1,0,229,1,231,0
-4,0,229,1,231,0
-1,-6,229,1,231,0
8,-7,6,1,231,0
6,-1,97,1,231,0
3,-2,116,1,231,0
-3,0,123,1,231,0
3,3,128,1,231,0
2,2,213,1,231,0
-6,-2,147,1,231,0
4,-5,161,1,231,0
-1,-7,163,1,231,0
-5,2,165,1,231,0
1,1,171,1,231,0
-4,1,176,1,231,0
0,-3,182,1,231,0
-4,-6,194,1,231,0
-3,-3,222,1,231,0
7,-5,25,1,231,0
6,-2,96,1,231,0
5,6,103,1,231,0
4,5,112,1,231,0
3,4,126,1,231,0
2,3,195,1,231,0
-2,-1,164,1,231,0
-4,2,167,1,231,0
1,2,169,1,231,0
3,-3,174,1,231,0
-3,-4,193,1,231,0
0,-4,227,1,231,0
1,-7,229,1,231,0
-3,2,55,1,231,0
6,-3,58,1,231,0
8,0,125,1,231,0
2,4,77,1,231,0
4,-7,79,1,231,0
-4,3,84,1,231,0
1,3,85,1,231,0
5,7,102,1,231,0
4,6,111,1,231,0
3,5,119,1,231,0
7,-6,139,1,231,0
1,-8,153,1,231,0
3,-4,169,1,231,0
-1,0,174,1,231,0
0,-5,189,1,231,0
-3,-5,197,1,231,0
-2,-2,211,1,231,0
-5,-1,215,1,231,0
2,-1,223,1,231,0
-5,5,9,1,231,0
2,5,17,1,231,0
7,0,123,1,231,0
3,6,53,1,231,0
6,-4,57,1,231,0
-4,4,76,1,231,0
1,4,78,1,231,0
4,7,96,1,231,0
-8,-1,102,1,231,0
7,-7,112,1,231,0
8,1,128,1,231,0
-5,-2,153,1,231,0
2,-2,162,1,231,0
-1,1,181,1,231,0
0,-6,184,1,231,0
-3,-6,186,1,231,0
-6,-5,213,1,231,0
-2,-3,229,1,231,0
-3,3,229,1,231,0
1,5,11,1,231,0
-4,5,15,1,231,0
6,0,49,1,231,0
2,6,44,1,231,0
6,-5,44,1,231,0
8,-1,67,1,231,0
-3,4,69,1,231,0
-8,-2,94,1,231,0
-2,-4,124,1,231,0
7,1,135,1,231,0
-5,-3,159,1,231,0
-1,-1,167,1,231,0
0,-7,168,1,231,0
-3,-7,187,1,231,0
-1,2,187,1,231,0
2,-3,194,1,231,0
-2,3,224,1,231,0
5,0,39,1,231,0
2,7,18,1,231,0
1,6,36,1,231,0
5,-3,67,1,231,0
8,-2,86,1,231,0
3,-7,94,1,231,0
6,1,143,1,231,0
6,-6,146,1,231,0
0,-8,149,1,231,0
-2,4,204,1,231,0
-2,-5,205,1,231,0
-1,-2,206,1,231,0
2,-4,211,1,231,0
-1,3,217,1,231,0
-5,-4,219,1,231,0
1,-1,219,1,231,0
-4,-1,226,1,231,0
4,-1,9,1,231,0
0,6,4,1,231,0
4,0,11,1,231,0
5,1,231,1,231,0
1,7,26,1,231,0
5,-4,64,1,231,0
6,-7,74,1,231,0
-7,-1,103,1,231,0
-7,0,128,1,231,0
-4,-2,135,1,231,0
1,-2,168,1,231,0
-1,4,201,1,231,0
-2,-6,203,1,231,0
2,-5,216,1,231,0
-1,-3,227,1,231,0
-5,-5,229,1,231,0
1,8,11,1,231,0
-8,2,11,1,231,0
7,-1,118,1,231,0
-7,-2,95,1,231,0
-7,1,119,1,231,0
3,0,125,1,231,0
-6,0,138,1,231,0
5,2,147,1,231,0
4,1,229,1,231,0
5,-5,153,1,231,0
1,-3,198,1,231,0
-2,-7,199,1,231,0
-5,-6,204,1,231,0
2,-6,223,1,231,0
-4,-3,223,1,231,0
-1,-4,228,1,231,0
-8,3,7,1,232,0
8,-5,9,1,232,0
-7,2,14,1,232,0
7,-2,94,1,232,0
4,-3,78,1,232,0
-3,-1,133,1,232,0
0,-1,136,1,232,0
5,-6,149,1,232,0
4,2,225,1,232,0
-5,0,213,1,232,0
1,-4,219,1,232,0
2,0,224,1,232,0
2,-7,226,1,232,0
-4,-4,231,1,232,0
-1,-5,231,1,232,0
8,-6,7,1,232,0
-4,-5,19,1,232,0
5,-7,83,1,232,0
3,-1,129,1,232,0
-6,-1,144,1,232,0
-3,-2,153,1,232,0
-5,1,159,1,232,0
4,-4,162,1,232,0
3,2,222,1,232,0
2,1,212,1,232,0
0,-2,197,1,232,0
1,-5,199,1,232,0
-4,0,229,1,232,0
-1,-6,229,1,232,0
1,0,231,1,232,0
8,-7,6,1,232,0
6,-1,97,1,232,0
3,-2,116,1,232,0
-3,0,123,1,232,0
3,3,128,1,232,0
2,2,213,1,232,0
-6,-2,147,1,232,0
4,-5,161,1,232,0
-1,-7,163,1,232,0
-5,2,165,1,232,0
1,1,171,1,232,0
-4,1,176,1,232,0
0,-3,182,1,232,0
-4,-6,194,1,232,0
-3,-3,222,1,232,0
7,-5,25,1,232,0
6,-2,96,1,232,0
5,6,103,1,232,0
4,5,112,1,232,0
3,4,126,1,232,0
2,3,195,1,232,0
-2,-1,164,1,232,0
-4,2,167,1,232,0
1,2,169,1,232,0
3,-3,174,1,232,0
-3,-4,193,1,232,0
0,-4,227,1,232,0
1,-7,231,1,232,0
-3,2,55,1,232,0
6,-3,58,1,232,0
8,0,125,1,232,0
2,4,77,1,232,0
4,-7,79,1,232,0
-4,3,84,1,232,0
1,3,85,1,232,0
5,7,102,1,232,0
4,6,111,1,232,0
3,5,119,1,232,0
7,-6,139,1,232,0
1,-8,153,1,232,0
3,-4,169,1,232,0
-1,0,174,1,232,0
0,-5,189,1,232,0
-3,-5,197,1,232,0
-5,-1,215,1,232,0
2,-1,223,1,232,0
-2,-2,231,1,232,0
-5,5,9,1,232,0
2,5,17,1,232,0
7,0,123,1,232,0
3,6,53,1,232,0
6,-4,57,1,232,0
-4,4,76,1,232,0
1,4,78,1,232,0
4,7,96,1,232,0
-8,-1,102,1,232,0
7,-7,112,1,232,0
8,1,128,1,232,0
-5,-2,153,1,232,0
2,-2,162,1,232,0
-1,1,181,1,232,0
0,-6,184,1,232,0
-3,-6,186,1,232,0
-6,-5,213,1,232,0
-2,-3,229,1,232,0
-3,3,229,1,232,0
1,5,11,1,232,0
-4,5,15,1,232,0
6,0,49,1,232,0
2,6,44,1,232,0
6,-5,44,1,232,0
8,-1,67,1,232,0
-3,4,69,1,232,0
-8,-2,94,1,232,0
-2,-4,124,1,232,0
7,1,135,1,232,0
-5,-3,159,1,232,0
-1,-1,167,1,232,0
0,-7,168,1,232,0
-3,-7,187,1,232,0
-1,2,187,1,232,0
2,-3,194,1,232,0
-2,3,224,1,232,0
5,0,39,1,232,0
2,7,18,1,232,0
1,6,36,1,232,0
5,-3,67,1,232,0
8,-2,86,1,232,0
3,-7,94,1,232,0
6,1,143,1,232,0
6,-6,146,1,232,0
0,-8,149,1,232,0
-2,4,204,1,232,0
-2,-5,205,1,232,0
-1,-2,206,1,232,0
2,-4,211,1,232,0
-1,3,217,1,232,0
-5,-4,219,1,232,0
1,-1,219,1,232,0
-4,-1,226,1,232,0
4,-1,9,1,232,0
0,6,4,1,232,0
4,0,11,1,232,0
5,1,232,1,232,0
1,7,26,1,232,0
5,-4,64,1,232,0
6,-7,74,1,232,0
-7,-1,103,1,232,0
-7,0,128,1,232,0
-4,-2,135,1,232,0
1,-2,168,1,232,0
-1,4,201,1,232,0
-2,-6,203,1,232,0
2,-5,216,1,232,0
-1,-3,227,1,232,0
-5,-5,231,1,232,0
1,8,11,1,232,0
-8,2,11,1,232,0
7,-1,118,1,232,0
-7,-2,95,1,232,0
-7,1,119,1,232,0
3,0,125,1,232,0
-6,0,138,1,232,0
5,2,147,1,232,0
4,1,229,1,232,0
5,-5,153,1,232,0
1,-3,198,1,232,0
-2,-7,199,1,232,0
-5,-6,204,1,232,0
2,-6,223,1,232,0
-4,-3,223,1,232,0
-1,-4,228,1,232,0
-8,3,7,1,233,0
8,-5,9,1,233,0
-7,2,14,1,233,0
7,-2,94,1,233,0
4,-3,78,1,233,0
-3,-1,133,1,233,0
0,-1,136,1,233,0
5,-6,149,1,233,0
4,2,225,1,233,0
-5,0,213,1,233,0
1,-4,219,1,233,0
2,0,224,1,233,0
2,-7,226,1,233,0
-4,-4,231,1,233,0
-1,-5,232,1,233,0
8,-6,7,1,233,0
5,-7,83,1,233,0
3,-1,129,1,233,0
-6,-1,144,1,233,0
-3,-2,153,1,233,0
-5,1,159,1,233,0
4,-4,162,1,233,0
3,2,222,1,233,0
2,1,212,1,233,0
0,-2,197,1,233,0
1,-5,199,1,233,0
-4,-5,232,1,233,0
-4,0,231,1,233,0
-1,-6,231,1,233,0
1,0,232,1,233,0
8,-7,6,1,233,0
6,-1,97,1,233,0
3,-2,116,1,233,0
-3,0,123,1,233,0
3,3,128,1,233,0
2,2,213,1,233,0
-6,-2,147,1,233,0
4,-5,161,1,233,0
-1,-7,163,1,233,0
-5,2,165,1,233,0
1,1,171,1,233,0
-4,1,176,1,233,0
0,-3,182,1,233,0
-4,-6,194,1,233,0
-3,-3,222,1,233,0
7,-5,25,1,233,0
6,-2,96,1,233,0
5,6,103,1,233,0
4,5,112,1,233,0
3,4,126,1,233,0
2,3,195,1,233,0
-2,-1,164,1,233,0
-4,2,167,1,233,0
1,2,169,1,233,0
3,-3,174,1,233,0
-3,-4,193,1,233,0
0,-4,227,1,233,0
1,-7,232,1,233,0
-3,2,55,1,233,0
6,-3,58,1,233,0
8,0,125,1,233,0
2,4,77,1,233,0
4,-7,79,1,233,0
-4,3,84,1,233,0
1,3,85,1,233,0
5,7,102,1,233,0
4,6,111,1,233,0
3,5,119,1,233,0
7,-6,139,1,233,0
1,-8,153,1,233,0
3,-4,169,1,233,0
-1,0,174,1,233,0
0,-5,189,1,233,0
-3,-5,197,1,233,0
-5,-1,215,1,233,0
2,-1,223,1,233,0
-2,-2,232,1,233,0
-5,5,9,1,233,0
2,5,17,1,233,0
7,0,123,1,233,0
3,6,53,1,233,0
6,-4,57,1,233,0
-4,4,76,1,233,0
1,4,78,1,233,0
4,7,96,1,233,0
-8,-1,102,1,233,0
7,-7,112,1,233,0
8,1,128,1,233,0
-5,-2,153,1,233,0
2,-2,162,1,233,0
-1,1,181,1,233,0
0,-6,184,1,233,0
-3,-6,186,1,233,0
-6,-5,213,1,233,0
-2,-3,229,1,233,0
-3,3,231,1,233,0
1,5,11,1,233,0
-4,5,15,1,233,0
6,0,49,1,233,0
2,6,44,1,233,0
6,-5,44,1,233,0
8,-1,67,1,233,0
-3,4,69,1,233,0
-8,-2,94,1,233,0
-2,-4,124,1,233,0
7,1,135,1,233,0
-5,-3,159,1,233,0
-1,-1,167,1,233,0
0,-7,168,1,233,0
-3,-7,187,1,233,0
-1,2,187,1,233,0
2,-3,194,1,233,0
-2,3,224,1,233,0
5,0,39,1,233,0
2,7,18,1,233,0
1,6,36,1,233,0
5,-3,67,1,233,0
8,-2,86,1,233,0
3,-7,94,1,233,0
6,1,143,1,233,0
6,-6,146,1,233,0
0,-8,149,1,233,0
-2,4,204,1,233,0
-2,-5,205,1,233,0
-1,-2,206,1,233,0
2,-4,211,1,233,0
-1,3,217,1,233,0
-5,-4,219,1,233,0
1,-1,219,1,233,0
-4,-1,226,1,233,0
4,-1,9,1,233,0
0,6,4,1,233,0
4,0,11,1,233,0
5,1,233,1,233,0
1,7,26,1,233,0
5,-4,64,1,233,0
6,-7,74,1,233,0
-7,-1,103,1,233,0
-7,0,128,1,233,0
-4,-2,135,1,233,0
1,-2,168,1,233,0
-1,4,201,1,233,0
-2,-6,203,1,233,0
2,-5,216,1,233,0
-1,-3,227,1,233,0
-5,-5,232,1,233,0
1,8,11,1,233,0
-8,2,11,1,233,0
7,-1,118,1,233,0
-7,-2,95,1,233,0
-7,1,119,1,233,0
3,0,125,1,233,0
-6,0,138,1,233,0
5,2,147,1,233,0
4,1,229,1,233,0
5,-5,153,1,233,0
1,-3,198,1,233,0
-2,-7,199,1,233,0
-5,-6,204,1,233,0
2,-6,223,1,233,0
-4,-3,223,1,233,0
-1,-4,228,1,233,0
-8,3,7,1,234,0
8,-5,9,1,234,0
-7,2,14,1,234,0
7,-2,94,1,234,0
4,-3,78,1,234,0
-3,-1,133,1,234,0
0,-1,136,1,234,0
5,-6,149,1,234,0
4,2,225,1,234,0
-5,0,213,1,234,0
1,-4,219,1,234,0
2,0,224,1,234,0
2,-7,226,1,234,0
-4,-4,231,1,234,0
-1,-5,233,1,234,0
8,-6,7,1,234,0
5,-7,83,1,234,0
3,-1,129,1,234,0
-6,-1,144,1,234,0
-3,-2,153,1,234,0
-5,1,159,1,234,0
4,-4,162,1,234,0
3,2,222,1,234,0
2,1,212,1,234,0
0,-2,197,1,234,0
1,-5,199,1,234,0
-4,-5,233,1,234,0
-1,-6,232,1,234,0
1,0,233,1,234,0
-4,0,233,1,234,0
8,-7,6,1,234,0
6,-1,97,1,234,0
3,-2,116,1,234,0
-3,0,123,1,234,0
3,3,128,1,234,0
2,2,213,1,234,0
-6,-2,147,1,234,0
4,-5,161,1,234,0
-1,-7,163,1,234,0
-5,2,165,1,234,0
1,1,171,1,234,0
-4,1,176,1,234,0
0,-3,182,1,234,0
-4,-6,194,1,234,0
-3,-3,222,1,234,0
7,-5,25,1,234,0
6,-2,96,1,234,0
5,6,103,1,234,0
4,5,112,1,234,0
3,4,126,1,234,0
2,3,195,1,234,0
-2,-1,164,1,234,0
-4,2,167,1,234,0
1,2,169,1,234,0
3,-3,174,1,234,0
-3,-4,193,1,234,0
0,-4,227,1,234,0
1,-7,233,1,234,0
-3,2,55,1,234,0
6,-3,58,1,234,0
8,0,125,1,234,0
2,4,77,1,234,0
4,-7,79,1,234,0
-4,3,84,1,234,0
1,3,85,1,234,0
5,7,102,1,234,0
4,6,111,1,234,0
3,5,119,1,234,0
7,-6,139,1,234,0
1,-8,153,1,234,0
3,-4,169,1,234,0
-1,0,174,1,234,0
0,-5,189,1,234,0
-3,-5,197,1,234,0
-5,-1,215,1,234,0
2,-1,223,1,234,0
-2,-2,233,1,234,0
-5,5,9,1,234,0
2,5,17,1,234,0
7,0,123,1,234,0
3,6,53,1,234,0
6,-4,57,1,234,0
-4,4,76,1,234,0
1,4,78,1,234,0
4,7,96,1,234,0
-8,-1,102,1,234,0
7,-7,112,1,234,0
8,1,128,1,234,0
-5,-2,153,1,234,0
2,-2,162,1,234,0
-1,1,181,1,234,0
0,-6,184,1,234,0
-3,-6,186,1,234,0
-6,-5,213,1,234,0
-2,-3,229,1,234,0
-3,3,232,1,234,0
1,5,11,1,234,0
-4,5,15,1,234,0
6,0,49,1,234,0
2,6,44,1,234,0
6,-5,44,1,234,0
8,-1,67,1,234,0
-3,4,69,1,234,0
-8,-2,94,1,234,0
-2,-4,124,1,234,0
7,1,135,1,234,0
-5,-3,159,1,234,0
-1,-1,167,1,234,0
0,-7,168,1,234,0
-3,-7,187,1,234,0
-1,2,187,1,234,0
2,-3,194,1,234,0
-2,3,224,1,234,0
5,0,39,1,234,0
2,7,18,1,234,0
1,6,36,1,234,0
5,-3,67,1,234,0
8,-2,86,1,234,0
3,-7,94,1,234,0
6,1,143,1,234,0
6,-6,146,1,234,0
0,-8,149,1,234,0
-2,4,204,1,234,0
-2,-5,205,1,234,0
-1,-2,206,1,234,0
2,-4,211,1,234,0
-1,3,217,1,234,0
-5,-4,219,1,234,0
1,-1,219,1,234,0
-4,-1,226,1,234,0
4,-1,9,1,234,0
0,6,4,1,234,0
4,0,11,1,234,0
5,1,234,1,234,0
1,7,26,1,234,0
5,-4,64,1,234,0
6,-7,74,1,234,0
-7,-1,103,1,234,0
-7,0,128,1,234,0
-4,-2,135,1,234,0
1,-2,168,1,234,0
-1,4,201,1,234,0
-2,-6,203,1,234,0
2,-5,216,1,234,0
-1,-3,227,1,234,0
-5,-5,233,1,234,0
1,8,11,1,234,0
-8,2,11,1,234,0
7,-1,118,1,234,0
-7,-2,95,1,234,0
-7,1,119,1,234,0
3,0,125,1,234,0
-6,0,138,1,234,0
5,2,147,1,234,0
4,1,229,1,234,0
5,-5,153,1,234,0
1,-3,198,1,234,0
-2,-7,199,1,234,0
-5,-6,204,1,234,0
2,-6,223,1,234,0
-4,-3,223,1,234,0
-1,-4,228,1,234,0
-8,3,7,1,235,0
8,-5,9,1,235,0
-7,2,14,1,235,0
7,-2,94,1,235,0
4,-3,78,1,235,0
-3,-1,133,1,235,0
0,-1,136,1,235,0
5,-6,149,1,235,0
4,2,225,1,235,0
-5,0,213,1,235,0
1,-4,219,1,235,0
2,0,224,1,235,0
2,-7,226,1,235,0
-4,-4,231,1,235,0
-1,-5,234,1,235,0
8,-6,7,1,235,0
5,-7,83,1,235,0
3,-1,129,1,235,0
-6,-1,144,1,235,0
-3,-2,153,1,235,0
-5,1,159,1,235,0
4,-4,162,1,235,0
3,2,222,1,235,0
2,1,212,1,235,0
0,-2,197,1,235,0
1,-5,199,1,235,0
-4,-5,233,1,235,0
-1,-6,233,1,235,0
1,0,234,1,235,0
-4,0,234,1,235,0
8,-7,6,1,235,0
6,-1,97,1,235,0
3,-2,116,1,235,0
-3,0,123,1,235,0
3,3,128,1,235,0
2,2,213,1,235,0
-6,-2,147,1,235,0
4,-5,161,1,235,0
-1,-7,163,1,235,0
-5,2,165,1,235,0
1,1,171,1,235,0
-4,1,176,1,235,0
0,-3,182,1,235,0
-4,-6,194,1,235,0
-3,-3,222,1,235,0
7,-5,25,1,235,0
6,-2,96,1,235,0
5,6,103,1,235,0
4,5,112,1,235,0
3,4,126,1,235,0
2,3,195,1,235,0
-2,-1,164,1,235,0
-4,2,167,1,235,0
1,2,169,1,235,0
3,-3,174,1,235,0
-3,-4,193,1,235,0
0,-4,227,1,235,0
1,-7,234,1,235,0
-3,2,55,1,235,0
6,-3,58,1,235,0
8,0,125,1,235,0
2,4,77,1,235,0
4,-7,79,1,235,0
-4,3,84,1,235,0
1,3,85,1,235,0
5,7,102,1,235,0
4,6,111,1,235,0
3,5,119,1,235,0
7,-6,139,1,235,0
1,-8,153,1,235,0
3,-4,169,1,235,0
-1,0,174,1,235,0
0,-5,189,1,235,0
-3,-5,197,1,235,0
-5,-1,215,1,235,0
2,-1,223,1,235,0
-2,-2,234,1,235,0
-5,5,9,1,235,0
2,5,17,1,235,0
7,0,123,1,235,0
3,6,53,1,235,0
6,-4,57,1,235,0
-4,4,76,1,235,0
1,4,78,1,235,0
4,7,96,1,235,0
-8,-1,102,1,235,0
7,-7,112,1,235,0
8,1,128,1,235,0
-5,-2,153,1,235,0
2,-2,162,1,235,0
-1,1,181,1,235,0
0,-6,184,1,235,0
-3,-6,186,1,235,0
-6,-5,213,1,235,0
-2,-3,229,1,235,0
-3,3,233,1,235,0
1,5,11,1,235,0
-4,5,15,1,235,0
6,0,49,1,235,0
2,6,44,1,235,0
6,-5,44,1,235,0
8,-1,67,1,235,0
-3,4,69,1,235,0
-8,-2,94,1,235,0
-2,-4,124,1,235,0
7,1,135,1,235,0
-5,-3,159,1,235,0
-1,-1,167,1,235,0
0,-7,168,1,235,0
-3,-7,187,1,235,0
-1,2,187,1,235,0
2,-3,194,1,235,0
-2,3,224,1,235,0
5,0,39,1,235,0
2,7,18,1,235,0
1,6,36,1,235,0
5,-3,67,1,235,0
8,-2,86,1,235,0
3,-7,94,1,235,0
6,1,143,1,235,0
6,-6,146,1,235,0
0,-8,149,1,235,0
-2,4,204,1,235,0
-2,-5,205,1,235,0
-1,-2,206,1,235,0
2,-4,211,1,235,0
-1,3,217,1,235,0
-5,-4,219,1,235,0
1,-1,219,1,235,0
-4,-1,226,1,235,0
4,-1,9,1,235,0
0,6,4,1,235,0
4,0,11,1,235,0
5,1,235,1,235,0
1,7,26,1,235,0
5,-4,64,1,235,0
6,-7,74,1,235,0
-7,-1,103,1,235,0
-7,0,128,1,235,0
-4,-2,135,1,235,0
1,-2,168,1,235,0
-1,4,201,1,235,0
-2,-6,203,1,235,0
2,-5,216,1,235,0
-1,-3,227,1,235,0
-5,-5,234,1,235,0
1,8,11,1,235,0
-8,2,11,1,235,0
7,-1,118,1,235,0
-7,-2,95,1,235,0
-7,1,119,1,235,0
3,0,125,1,235,0
-6,0,138,1,235,0
5,2,147,1,235,0
4,1,229,1,235,0
5,-5,153,1,235,0
1,-3,198,1,235,0
-2,-7,199,1,235,0
-5,-6,204,1,235,0
2,-6,223,1,235,0
-4,-3,223,1,235,0
-1,-4,228,1,235,0
-8,3,7,1,236,0
8,-5,9,1,236,0
-7,2,14,1,236,0
7,-2,94,1,236,0
4,-3,78,1,236,0
-3,-1,133,1,236,0
0,-1,136,1,236,0
5,-6,149,1,236,0
4,2,225,1,236,0
-5,0,213,1,236,0
1,-4,219,1,236,0
2,0,224,1,236,0
2,-7,226,1,236,0
-4,-4,231,1,236,0
-1,-5,235,1,236,0
8,-6,7,1,236,0
5,-7,83,1,236,0
3,-1,129,1,236,0
-6,-1,144,1,236,0
-3,-2,153,1,236,0
-5,1,159,1,236,0
4,-4,162,1,236,0
3,2,222,1,236,0
2,1,212,1,236,0
0,-2,197,1,236,0
1,-5,199,1,236,0
-4,-5,233,1,236,0
-1,-6,233,1,236,0
-4,0,234,1,236,0
1,0,235,1,236,0
8,-7,6,1,236,0
6,-1,97,1,236,0
3,-2,116,1,236,0
-3,0,123,1,236,0
3,3,128,1,236,0
2,2,213,1,236,0
-6,-2,147,1,236,0
4,-5,161,1,236,0
-1,-7,163,1,236,0
-5,2,165,1,236,0
1,1,171,1,236,0
-4,1,176,1,236,0
0,-3,182,1,236,0
-4,-6,194,1,236,0
-3,-3,222,1,236,0
7,-5,25,1,236,0
6,-2,96,1,236,0
5,6,103,1,236,0
4,5,112,1,236,0
3,4,126,1,236,0
2,3,195,1,236,0
-2,-1,164,1,236,0
-4,2,167,1,236,0
1,2,169,1,236,0
3,-3,174,1,236,0
-3,-4,193,1,236,0
0,-4,227,1,236,0
1,-7,235,1,236,0
6,-3,58,1,236,0
8,0,125,1,236,0
2,4,77,1,236,0
4,-7,79,1,236,0
-4,3,84,1,236,0
1,3,85,1,236,0
5,7,102,1,236,0
4,6,111,1,236,0
3,5,119,1,236,0
7,-6,139,1,236,0
1,-8,153,1,236,0
3,-4,169,1,236,0
-1,0,174,1,236,0
0,-5,189,1,236,0
-3,-5,197,1,236,0
2,-1,223,1,236,0
-3,2,234,1,236,0
-5,-1,235,1,236,0
-2,-2,235,1,236,0
-5,5,9,1,236,0
2,5,17,1,236,0
7,0,123,1,236,0
3,6,53,1,236,0
6,-4,57,1,236,0
-4,4,76,1,236,0
1,4,78,1,236,0
4,7,96,1,236,0
-8,-1,102,1,236,0
7,-7,112,1,236,0
8,1,128,1,236,0
-5,-2,153,1,236,0
2,-2,162,1,236,0
-1,1,181,1,236,0
0,-6,184,1,236,0
-3,-6,186,1,236,0
-6,-5,213,1,236,0
-2,-3,229,1,236,0
-3,3,233,1,236,0
1,5,11,1,236,0
-4,5,15,1,236,0
6,0,49,1,236,0
2,6,44,1,236,0
6,-5,44,1,236,0
8,-1,67,1,236,0
-3,4,69,1,236,0
-8,-2,94,1,236,0
-2,-4,124,1,236,0
7,1,135,1,236,0
-5,-3,159,1,236,0
-1,-1,167,1,236,0
0,-7,168,1,236,0
-3,-7,187,1,236,0
-1,2,187,1,236,0
2,-3,194,1,236,0
-2,3,224,1,236,0
5,0,39,1,236,0
2,7,18,1,236,0
1,6,36,1,236,0
5,-3,67,1,236,0
8,-2,86,1,236,0
3,-7,94,1,236,0
6,1,143,1,236,0
6,-6,146,1,236,0
0,-8,149,1,236,0
-2,4,204,1,236,0
-2,-5,205,1,236,0
-1,-2,206,1,236,0
2,-4,211,1,236,0
-1,3,217,1,236,0
-5,-4,219,1,236,0
1,-1,219,1,236,0
-4,-1,226,1,236,0
4,-1,9,1,236,0
0,6,4,1,236,0
4,0,11,1,236,0
5,1,236,1,236,0
1,7,26,1,236,0
5,-4,64,1,236,0
6,-7,74,1,236,0
-7,-1,103,1,236,0
-7,0,128,1,236,0
-4,-2,135,1,236,0
1,-2,168,1,236,0
-1,4,201,1,236,0
-2,-6,203,1,236,0
2,-5,216,1,236,0
-1,-3,227,1,236,0
-5,-5,235,1,236,0
1,8,11,1,236,0
-8,2,11,1,236,0
7,-1,118,1,236,0
-7,-2,95,1,236,0
-7,1,119,1,236,0
3,0,125,1,236,0
-6,0,138,1,236,0
5,2,147,1,236,0
4,1,229,1,236,0
5,-5,153,1,236,0
1,-3,198,1,236,0
-2,-7,199,1,236,0
-5,-6,204,1,236,0
2,-6,223,1,236,0
-4,-3,223,1,236,0
-1,-4,228,1,236,0
-8,3,7,1,237,0
8,-5,9,1,237,0
-7,2,14,1,237,0
7,-2,94,1,237,0
4,-3,78,1,237,0
-3,-1,133,1,237,0
0,-1,136,1,237,0
5,-6,149,1,237,0
4,2,225,1,237,0
-5,0,213,1,237,0
1,-4,219,1,237,0
2,0,224,1,237,0
2,-7,226,1,237,0
-4,-4,231,1,237,0
-1,-5,236,1,237,0
8,-6,7,1,237,0
5,-7,83,1,237,0
3,-1,129,1,237,0
-6,-1,144,1,237,0
-3,-2,153,1,237,0
-5,1,159,1,237,0
4,-4,162,1,237,0
3,2,222,1,237,0
2,1,212,1,237,0
0,-2,197,1,237,0
1,-5,199,1,237,0
-4,-5,233,1,237,0
-1,-6,233,1,237,0
-4,0,234,1,237,0
1,0,236,1,237,0
8,-7,6,1,237,0
6,-1,97,1,237,0
3,-2,116,1,237,0
-3,0,123,1,237,0
3,3,128,1,237,0
2,2,213,1,237,0
-6,-2,147,1,237,0
4,-5,161,1,237,0
-1,-7,163,1,237,0
-5,2,165,1,237,0
1,1,171,1,237,0
-4,1,176,1,237,0
0,-3,182,1,237,0
-4,-6,194,1,237,0
-3,-3,222,1,237,0
7,-5,25,1,237,0
6,-2,96,1,237,0
5,6,103,1,237,0
4,5,112,1,237,0
3,4,126,1,237,0
2,3,195,1,237,0
-2,-1,164,1,237,0
-4,2,167,1,237,0
1,2,169,1,237,0
3,-3,174,1,237,0
-3,-4,193,1,237,0
0,-4,227,1,237,0
1,-7,235,1,237,0
6,-3,58,1,237,0
8,0,125,1,237,0
2,4,77,1,237,0
4,-7,79,1,237,0
-4,3,84,1,237,0
1,3,85,1,237,0
5,7,102,1,237,0
4,6,111,1,237,0
3,5,119,1,237,0
7,-6,139,1,237,0
1,-8,153,1,237,0
3,-4,169,1,237,0
-1,0,174,1,237,0
0,-5,189,1,237,0
-3,-5,197,1,237,0
2,-1,223,1,237,0
-3,2,234,1,237,0
-5,-1,236,1,237,0
-2,-2,236,1,237,0
-5,5,9,1,237,0
2,5,17,1,237,0
7,0,123,1,237,0
3,6,53,1,237,0
6,-4,57,1,237,0
-4,4,76,1,237,0
1,4,78,1,237,0
4,7,96,1,237,0
-8,-1,102,1,237,0
7,-7,112,1,237,0
8,1,128,1,237,0
-5,-2,153,1,237,0
2,-2,162,1,237,0
-1,1,181,1,237,0
0,-6,184,1,237,0
-3,-6,186,1,237,0
-6,-5,213,1,237,0
-2,-3,229,1,237,0
-3,3,235,1,237,0
1,5,11,1,237,0
-4,5,15,1,237,0
6,0,49,1,237,0
2,6,44,1,237,0
6,-5,44,1,237,0
8,-1,67,1,237,0
-3,4,69,1,237,0
-8,-2,94,1,237,0
-2,-4,124,1,237,0
7,1,135,1,237,0
-5,-3,159,1,237,0
-1,-1,167,1,237,0
-3,-7,187,1,237,0
-1,2,187,1,237,0
2,-3,194,1,237,0
-2,3,224,1,237,0
0,-7,236,1,237,0
5,0,237,1,237,0
2,7,18,1,237,0
1,6,36,1,237,0
5,-3,67,1,237,0
8,-2,86,1,237,0
3,-7,94,1,237,0
6,1,143,1,237,0
6,-6,146,1,237,0
0,-8,149,1,237,0
-2,4,204,1,237,0
-2,-5,205,1,237,0
-1,-2,206,1,237,0
2,-4,211,1,237,0
-1,3,217,1,237,0
-5,-4,219,1,237,0
1,-1,219,1,237,0
-4,-1,226,1,237,0
4,-1,9,1,237,0
0,6,4,1,237,0
4,0,11,1,237,0
5,1,236,1,237,0
1,7,26,1,237,0
5,-4,64,1,237,0
6,-7,74,1,237,0
-7,-1,103,1,237,0
-7,0,128,1,237,0
-4,-2,135,1,237,0
1,-2,168,1,237,0
-1,4,201,1,237,0
-2,-6,203,1,237,0
2,-5,216,1,237,0
-1,-3,227,1,237,0
-5,-5,236,1,237,0
1,8,11,1,237,0
-8,2,11,1,237,0
7,-1,118,1,237,0
-7,-2,95,1,237,0
-7,1,119,1,237,0
3,0,125,1,237,0
-6,0,138,1,237,0
5,2,147,1,237,0
4,1,229,1,237,0
5,-5,153,1,237,0
1,-3,198,1,237,0
-2,-7,199,1,237,0
-5,-6,204,1,237,0
2,-6,223,1,237,0
-4,-3,223,1,237,0
-1,-4,228,1,237,0
-8,3,7,1,238,0
8,-5,9,1,238,0
-7,2,14,1,238,0
7,-2,94,1,238,0
4,-3,78,1,238,0
-3,-1,133,1,238,0
0,-1,136,1,238,0
5,-6,149,1,238,0
4,2,225,1,238,0
-5,0,213,1,238,0
1,-4,219,1,238,0
2,0,224,1,238,0
2,-7,226,1,238,0
-4,-4,231,1,238,0
-1,-5,237,1,238,0
8,-6,7,1,238,0
5,-7,83,1,238,0
3,-1,129,1,238,0
-6,-1,144,1,238,0
-3,-2,153,1,238,0
-5,1,159,1,238,0
4,-4,162,1,238,0
3,2,222,1,238,0
2,1,212,1,238,0
0,-2,197,1,238,0
1,-5,199,1,238,0
-4,-5,233,1,238,0
-1,-6,233,1,238,0
-4,0,234,1,238,0
1,0,237,1,238,0
8,-7,6,1,238,0
6,-1,97,1,238,0
3,-2,116,1,238,0
-3,0,123,1,238,0
3,3,128,1,238,0
2,2,213,1,238,0
-6,-2,147,1,238,0
4,-5,161,1,238,0
-1,-7,163,1,238,0
-5,2,165,1,238,0
1,1,171,1,238,0
-4,1,176,1,238,0
0,-3,182,1,238,0
-4,-6,194,1,238,0
-3,-3,222,1,238,0
7,-5,25,1,238,0
6,-2,96,1,238,0
5,6,103,1,238,0
4,5,112,1,238,0
3,4,126,1,238,0
2,3,195,1,238,0
-2,-1,164,1,238,0
-4,2,167,1,238,0
1,2,169,1,238,0
3,-3,174,1,238,0
-3,-4,193,1,238,0
0,-4,227,1,238,0
1,-7,235,1,238,0
6,-3,58,1,238,0
8,0,125,1,238,0
2,4,77,1,238,0
4,-7,79,1,238,0
-4,3,84,1,238,0
1,3,85,1,238,0
5,7,102,1,238,0
4,6,111,1,238,0
3,5,119,1,238,0
7,-6,139,1,238,0
1,-8,153,1,238,0
3,-4,169,1,238,0
-1,0,174,1,238,0
0,-5,189,1,238,0
-3,-5,197,1,238,0
2,-1,223,1,238,0
-3,2,234,1,238,0
-5,-1,237,1,238,0
-2,-2,237,1,238,0
-5,5,9,1,238,0
2,5,17,1,238,0
7,0,123,1,238,0
3,6,53,1,238,0
6,-4,57,1,238,0
-4,4,76,1,238,0
1,4,78,1,238,0
4,7,96,1,238,0
-8,-1,102,1,238,0
7,-7,112,1,238,0
8,1,128,1,238,0
-5,-2,153,1,238,0
2,-2,162,1,238,0
-1,1,181,1,238,0
0,-6,184,1,238,0
-3,-6,186,1,238,0
-6,-5,213,1,238,0
-2,-3,229,1,238,0
-3,3,236,1,238,0
1,5,11,1,238,0
-4,5,15,1,238,0
6,0,49,1,238,0
2,6,44,1,238,0
6,-5,44,1,238,0
8,-1,67,1,238,0
-3,4,69,1,238,0
-8,-2,94,1,238,0
-2,-4,124,1,238,0
7,1,135,1,238,0
-5,-3,159,1,238,0
-1,-1,167,1,238,0
-3,-7,187,1,238,0
-1,2,187,1,238,0
2,-3,194,1,238,0
-2,3,224,1,238,0
0,-7,237,1,238,0
5,0,238,1,238,0
2,7,18,1,238,0
1,6,36,1,238,0
5,-3,67,1,238,0
8,-2,86,1,238,0
3,-7,94,1,238,0
6,1,143,1,238,0
6,-6,146,1,238,0
0,-8,149,1,238,0
-2,4,204,1,238,0
-1,-2,206,1,238,0
2,-4,211,1,238,0
-1,3,217,1,238,0
-5,-4,219,1,238,0
1,-1,219,1,238,0
-4,-1,226,1,238,0
-2,-5,237,1,238,0
4,-1,9,1,238,0
0,6,4,1,238,0
4,0,11,1,238,0
5,1,236,1,238,0
1,7,26,1,238,0
5,-4,64,1,238,0
6,-7,74,1,238,0
-7,-1,103,1,238,0
-7,0,128,1,238,0
-4,-2,135,1,238,0
1,-2,168,1,238,0
-1,4,201,1,238,0
-2,-6,203,1,238,0
2,-5,216,1,238,0
-1,-3,227,1,238,0
-5,-5,237,1,238,0
1,8,11,1,238,0
-8,2,11,1,238,0
7,-1,118,1,238,0
-7,-2,95,1,238,0
-7,1,119,1,238,0
3,0,125,1,238,0
-6,0,138,1,238,0
5,2,147,1,238,0
4,1,229,1,238,0
5,-5,153,1,238,0
1,-3,198,1,238,0
-2,-7,199,1,238,0
-5,-6,204,1,238,0
2,-6,223,1,238,0
-4,-3,223,1,238,0
-1,-4,228,1,238,0
-8,3,7,1,239,0
8,-5,9,1,239,0
-7,2,14,1,239,0
7,-2,94,1,239,0
4,-3,78,1,239,0
-3,-1,133,1,239,0
0,-1,136,1,239,0
5,-6,149,1,239,0
4,2,225,1,239,0
-5,0,213,1,239,0
1,-4,219,1,239,0
2,0,224,1,239,0
2,-7,226,1,239,0
-4,-4,231,1,239,0
-1,-5,238,1,239,0
8,-6,7,1,239,0
5,-7,83,1,239,0
3,-1,129,1,239,0
-6,-1,144,1,239,0
-3,-2,153,1,239,0
-5,1,159,1,239,0
4,-4,162,1,239,0
3,2,222,1,239,0
2,1,212,1,239,0
0,-2,197,1,239,0
1,-5,199,1,239,0
-4,-5,233,1,239,0
-1,-6,233,1,239,0
-4,0,234,1,239,0
1,0,238,1,239,0
8,-7,6,1,239,0
6,-1,97,1,239,0
3,-2,116,1,239,0
-3,0,123,1,239,0
3,3,128,1,239,0
2,2,213,1,239,0
-6,-2,147,1,239,0
4,-5,161,1,239,0
-1,-7,163,1,239,0
-5,2,165,1,239,0
1,1,171,1,239,0
-4,1,176,1,239,0
0,-3,182,1,239,0
-4,-6,194,1,239,0
-3,-3,222,1,239,0
7,-5,25,1,239,0
6,-2,96,1,239,0
5,6,103,1,239,0
4,5,112,1,239,0
3,4,126,1,239,0
2,3,195,1,239,0
-2,-1,164,1,239,0
-4,2,167,1,239,0
1,2,169,1,239,0
3,-3,174,1,239,0
-3,-4,193,1,239,0
0,-4,227,1,239,0
1,-7,235,1,239,0
6,-3,58,1,239,0
8,0,125,1,239,0
2,4,77,1,239,0
4,-7,79,1,239,0
-4,3,84,1,239,0
1,3,85,1,239,0
5,7,102,1,239,0
4,6,111,1,239,0
3,5,119,1,239,0
7,-6,139,1,239,0
1,-8,153,1,239,0
3,-4,169,1,239,0
-1,0,174,1,239,0
0,-5,189,1,239,0
-3,-5,197,1,239,0
2,-1,223,1,239,0
-3,2,234,1,239,0
-5,-1,238,1,239,0
-2,-2,238,1,239,0
-5,5,9,1,239,0
2,5,17,1,239,0
7,0,123,1,239,0
3,6,53,1,239,0
6,-4,57,1,239,0
-4,4,76,1,239,0
1,4,78,1,239,0
4,7,96,1,239,0
-8,-1,102,1,239,0
7,-7,112,1,239,0
8,1,128,1,239,0
-5,-2,153,1,239,0
2,-2,162,1,239,0
-1,1,181,1,239,0
0,-6,184,1,239,0
-3,-6,186,1,239,0
-6,-5,213,1,239,0
-2,-3,229,1,239,0
-3,3,237,1,239,0
1,5,11,1,239,0
-4,5,15,1,239,0
6,0,239,1,239,0
2,6,44,1,239,0
6,-5,44,1,239,0
8,-1,67,1,239,0
-3,4,69,1,239,0
-8,-2,94,1,239,0
-2,-4,124,1,239,0
7,1,135,1,239,0
-5,-3,159,1,239,0
-1,-1,167,1,239,0
-3,-7,187,1,239,0
-1,2,187,1,239,0
2,-3,194,1,239,0
-2,3,224,1,239,0
0,-7,238,1,239,0
5,0,238,1,239,0
2,7,18,1,239,0
1,6,36,1,239,0
5,-3,67,1,239,0
8,-2,86,1,239,0
3,-7,94,1,239,0
6,1,143,1,239,0
6,-6,146,1,239,0
0,-8,149,1,239,0
-2,4,204,1,239,0
-1,-2,206,1,239,0
2,-4,211,1,239,0
-1,3,217,1,239,0
-5,-4,219,1,239,0
1,-1,219,1,239,0
-4,-1,226,1,239,0
-2,-5,238,1,239,0
4,-1,9,1,239,0
0,6,4,1,239,0
4,0,11,1,239,0
5,1,236,1,239,0
1,7,26,1,239,0
5,-4,64,1,239,0
6,-7,74,1,239,0
-7,-1,103,1,239,0
-7,0,128,1,239,0
-4,-2,135,1,239,0
1,-2,168,1,239,0
-1,4,201,1,239,0
-2,-6,203,1,239,0
2,-5,216,1,239,0
-1,-3,227,1,239,0
-5,-5,238,1,239,0
1,8,11,1,239,0
-8,2,11,1,239,0
7,-1,118,1,239,0
-7,-2,95,1,239,0
-7,1,119,1,239,0
3,0,125,1,239,0
-6,0,138,1,239,0
5,2,147,1,239,0
4,1,229,1,239,0
5,-5,153,1,239,0
1,-3,198,1,239,0
-2,-7,199,1,239,0
-5,-6,204,1,239,0
2,-6,223,1,239,0
-4,-3,223,1,239,0
-1,-4,228,1,239,0
-8,3,7,1,240,0
8,-5,9,1,240,0
-7,2,14,1,240,0
7,-2,94,1,240,0
4,-3,78,1,240,0
-3,-1,133,1,240,0
0,-1,136,1,240,0
5,-6,149,1,240,0
4,2,225,1,240,0
-5,0,213,1,240,0
1,-4,219,1,240,0
2,0,224,1,240,0
2,-7,226,1,240,0
-4,-4,231,1,240,0
-1,-5,239,1,240,0
8,-6,7,1,240,0
5,-7,83,1,240,0
3,-1,129,1,240,0
-6,-1,144,1,240,0
-5,1,159,1,240,0
4,-4,162,1,240,0
3,2,222,1,240,0
2,1,212,1,240,0
0,-2,197,1,240,0
1,-5,199,1,240,0
-1,-6,233,1,240,0
-4,0,234,1,240,0
1,0,238,1,240,0
-4,-5,239,1,240,0
-3,-2,239,1,240,0
8,-7,6,1,240,0
6,-1,97,1,240,0
3,-2,116,1,240,0
-3,0,123,1,240,0
3,3,128,1,240,0
2,2,213,1,240,0
-6,-2,147,1,240,0
4,-5,161,1,240,0
-1,-7,163,1,240,0
-5,2,165,1,240,0
1,1,171,1,240,0
-4,1,176,1,240,0
0,-3,182,1,240,0
-4,-6,194,1,240,0
-3,-3,222,1,240,0
0,0,239,1,240,0
7,-5,25,1,240,0
6,-2,96,1,240,0
5,6,103,1,240,0
4,5,112,1,240,0
3,4,126,1,240,0
2,3,195,1,240,0
-2,-1,164,1,240,0
-4,2,167,1,240,0
1,2,169,1,240,0
3,-3,174,1,240,0
-3,-4,193,1,240,0
0,-4,227,1,240,0
1,-7,235,1,240,0
6,-3,58,1,240,0
8,0,125,1,240,0
2,4,77,1,240,0
4,-7,79,1,240,0
-4,3,84,1,240,0
1,3,85,1,240,0
5,7,102,1,240,0
4,6,111,1,240,0
3,5,119,1,240,0
7,-6,139,1,240,0
1,-8,153,1,240,0
3,-4,169,1,240,0
-1,0,174,1,240,0
0,-5,189,1,240,0
-3,-5,197,1,240,0
2,-1,223,1,240,0
-3,2,234,1,240,0
-2,-2,238,1,240,0
-5,-1,239,1,240,0
-5,5,9,1,240,0
2,5,17,1,240,0
7,0,123,1,240,0
3,6,53,1,240,0
6,-4,57,1,240,0
-4,4,76,1,240,0
1,4,78,1,240,0
4,7,96,1,240,0
-8,-1,102,1,240,0
7,-7,112,1,240,0
8,1,128,1,240,0
-5,-2,153,1,240,0
2,-2,162,1,240,0
-1,1,181,1,240,0
0,-6,184,1,240,0
-3,-6,186,1,240,0
-6,-5,213,1,240,0
-2,-3,229,1,240,0
-3,3,238,1,240,0
1,5,11,1,240,0
-4,5,15,1,240,0
6,0,239,1,240,0
2,6,44,1,240,0
6,-5,44,1,240,0
8,-1,67,1,240,0
-3,4,69,1,240,0
-8,-2,94,1,240,0
-2,-4,124,1,240,0
7,1,135,1,240,0
-5,-3,159,1,240,0
-1,-1,167,1,240,0
-3,-7,187,1,240,0
-1,2,187,1,240,0
2,-3,194,1,240,0
-2,3,224,1,240,0
0,-7,239,1,240,0
5,0,238,1,240,0
2,7,18,1,240,0
1,6,36,1,240,0
5,-3,67,1,240,0
8,-2,86,1,240,0
3,-7,94,1,240,0
6,1,143,1,240,0
6,-6,146,1,240,0
0,-8,149,1,240,0
-2,4,204,1,240,0
-1,-2,206,1,240,0
2,-4,211,1,240,0
-1,3,217,1,240,0
-5,-4,219,1,240,0
1,-1,219,1,240,0
-4,-1,226,1,240,0
-2,-5,239,1,240,0
4,-1,9,1,240,0
0,6,4,1,240,0
4,0,11,1,240,0
5,1,236,1,240,0
1,7,26,1,240,0
5,-4,64,1,240,0
6,-7,74,1,240,0
-7,-1,103,1,240,0
-7,0,128,1,240,0
-4,-2,135,1,240,0
1,-2,168,1,240,0
-1,4,201,1,240,0
-2,-6,203,1,240,0
2,-5,216,1,240,0
-1,-3,227,1,240,0
-5,-5,239,1,240,0
1,8,11,1,240,0
-8,2,11,1,240,0
7,-1,118,1,240,0
-7,-2,95,1,240,0
-7,1,119,1,240,0
3,0,125,1,240,0
-6,0,138,1,240,0
5,2,147,1,240,0
4,1,229,1,240,0
5,-5,153,1,240,0
1,-3,198,1,240,0
-2,-7,199,1,240,0
-5,-6,204,1,240,0
2,-6,223,1,240,0
-4,-3,223,1,240,0
-1,-4,228,1,240,0
-8,3,7,1,241,0
8,-5,9,1,241,0
-7,2,14,1,241,0
7,-2,94,1,241,0
4,-3,78,1,241,0
-3,-1,133,1,241,0
0,-1,136,1,241,0
5,-6,149,1,241,0
4,2,225,1,241,0
-5,0,213,1,241,0
1,-4,219,1,241,0
2,0,224,1,241,0
2,-7,226,1,241,0
-4,-4,231,1,241,0
-1,-5,239,1,241,0
8,-6,7,1,241,0
5,-7,83,1,241,0
3,-1,129,1,241,0
-6,-1,144,1,241,0
-5,1,159,1,241,0
4,-4,162,1,241,0
3,2,222,1,241,0
2,1,212,1,241,0
0,-2,197,1,241,0
1,-5,199,1,241,0
-1,-6,233,1,241,0
-4,0,234,1,241,0
1,0,238,1,241,0
-4,-5,239,1,241,0
-3,-2,239,1,241,0
8,-7,6,1,241,0
6,-1,97,1,241,0
3,-2,116,1,241,0
-3,0,123,1,241,0
3,3,128,1,241,0
2,2,213,1,241,0
-6,-2,147,1,241,0
4,-5,161,1,241,0
-1,-7,163,1,241,0
-5,2,165,1,241,0
1,1,171,1,241,0
-4,1,176,1,241,0
0,-3,182,1,241,0
-4,-6,194,1,241,0
-3,-3,222,1,241,0
0,0,239,1,241,0
7,-5,25,1,241,0
6,-2,96,1,241,0
5,6,103,1,241,0
4,5,112,1,241,0
3,4,126,1,241,0
2,3,195,1,241,0
-2,-1,164,1,241,0
-4,2,167,1,241,0
1,2,169,1,241,0
3,-3,174,1,241,0
-3,-4,193,1,241,0
0,-4,227,1,241,0
1,-7,235,1,241,0
6,-3,58,1,241,0
8,0,125,1,241,0
2,4,77,1,241,0
4,-7,79,1,241,0
-4,3,84,1,241,0
1,3,85,1,241,0
5,7,102,1,241,0
4,6,111,1,241,0
3,5,119,1,241,0
7,-6,139,1,241,0
1,-8,153,1,241,0
3,-4,169,1,241,0
-1,0,174,1,241,0
0,-5,189,1,241,0
-3,-5,197,1,241,0
2,-1,223,1,241,0
-3,2,234,1,241,0
-2,-2,238,1,241,0
-5,-1,239,1,241,0
-5,5,9,1,241,0
2,5,17,1,241,0
7,0,123,1,241,0
3,6,53,1,241,0
6,-4,57,1,241,0
-4,4,76,1,241,0
1,4,78,1,241,0
4,7,96,1,241,0
-8,-1,102,1,241,0
7,-7,112,1,241,0
8,1,128,1,241,0
-5,-2,153,1,241,0
2,-2,162,1,241,0
-1,1,181,1,241,0
0,-6,184,1,241,0
-3,-6,186,1,241,0
-6,-5,213,1,241,0
-2,-3,229,1,241,0
-3,3,239,1,241,0
1,5,11,1,241,0
-4,5,15,1,241,0
6,0,241,1,241,0
2,6,44,1,241,0
6,-5,44,1,241,0
8,-1,67,1,241,0
-3,4,69,1,241,0
-8,-2,94,1,241,0
-2,-4,124,1,241,0
7,1,135,1,241,0
-5,-3,159,1,241,0
-1,-1,167,1,241,0
-3,-7,187,1,241,0
-1,2,187,1,241,0
2,-3,194,1,241,0
-2,3,224,1,241,0
0,-7,239,1,241,0
5,0,238,1,241,0
2,7,18,1,241,0
1,6,36,1,241,0
5,-3,67,1,241,0
8,-2,86,1,241,0
3,-7,94,1,241,0
6,1,143,1,241,0
6,-6,146,1,241,0
0,-8,149,1,241,0
-2,4,204,1,241,0
-1,-2,206,1,241,0
2,-4,211,1,241,0
-1,3,217,1,241,0
-5,-4,219,1,241,0
1,-1,219,1,241,0
-4,-1,226,1,241,0
-2,-5,239,1,241,0
4,-1,9,1,241,0
0,6,4,1,241,0
4,0,11,1,241,0
5,1,236,1,241,0
1,7,26,1,241,0
5,-4,64,1,241,0
6,-7,74,1,241,0
-7,-1,103,1,241,0
-7,0,128,1,241,0
-4,-2,135,1,241,0
1,-2,168,1,241,0
-1,4,201,1,241,0
-2,-6,203,1,241,0
2,-5,216,1,241,0
-1,-3,227,1,241,0
-5,-5,239,1,241,0
1,8,11,1,241,0
-8,2,11,1,241,0
7,-1,118,1,241,0
-7,-2,95,1,241,0
-7,1,119,1,241,0
3,0,125,1,241,0
-6,0,138,1,241,0
5,2,147,1,241,0
4,1,229,1,241,0
5,-5,153,1,241,0
1,-3,198,1,241,0
-2,-7,199,1,241,0
-5,-6,204,1,241,0
2,-6,223,1,241,0
-4,-3,223,1,241,0
-1,-4,228,1,241,0
-8,3,7,1,242,0
8,-5,9,1,242,0
-7,2,14,1,242,0
7,-2,94,1,242,0
4,-3,78,1,242,0
-3,-1,133,1,242,0
0,-1,136,1,242,0
5,-6,149,1,242,0
4,2,225,1,242,0
1,-4,219,1,242,0
2,0,224,1,242,0
2,-7,226,1,242,0
-4,-4,231,1,242,0
-5,0,241,1,242,0
-1,-5,241,1,242,0
8,-6,7,1,242,0
5,-7,83,1,242,0
3,-1,129,1,242,0
-6,-1,144,1,242,0
-5,1,159,1,242,0
4,-4,162,1,242,0
3,2,222,1,242,0
2,1,212,1,242,0
0,-2,197,1,242,0
1,-5,199,1,242,0
-1,-6,233,1,242,0
-4,0,234,1,242,0
1,0,238,1,242,0
-4,-5,239,1,242,0
-3,-2,241,1,242,0
8,-7,6,1,242,0
6,-1,97,1,242,0
3,-2,116,1,242,0
-3,0,123,1,242,0
3,3,128,1,242,0
2,2,213,1,242,0
-6,-2,147,1,242,0
4,-5,161,1,242,0
-1,-7,163,1,242,0
-5,2,165,1,242,0
1,1,171,1,242,0
-4,1,176,1,242,0
0,-3,182,1,242,0
-3,-3,222,1,242,0
0,0,241,1,242,0
-4,-6,241,1,242,0
7,-5,25,1,242,0
6,-2,96,1,242,0
5,6,103,1,242,0
4,5,112,1,242,0
3,4,126,1,242,0
2,3,195,1,242,0
-2,-1,164,1,242,0
-4,2,167,1,242,0
1,2,169,1,242,0
3,-3,174,1,242,0
-3,-4,193,1,242,0
0,-4,227,1,242,0
1,-7,235,1,242,0
6,-3,58,1,242,0
8,0,125,1,242,0
2,4,77,1,242,0
4,-7,79,1,242,0
-4,3,84,1,242,0
1,3,85,1,242,0
5,7,102,1,242,0
4,6,111,1,242,0
3,5,119,1,242,0
7,-6,139,1,242,0
1,-8,153,1,242,0
3,-4,169,1,242,0
-1,0,174,1,242,0
0,-5,189,1,242,0
-3,-5,197,1,242,0
2,-1,223,1,242,0
-3,2,234,1,242,0
-2,-2,238,1,242,0
-5,-1,239,1,242,0
-5,5,9,1,242,0
2,5,17,1,242,0
7,0,123,1,242,0
3,6,53,1,242,0
6,-4,57,1,242,0
-4,4,76,1,242,0
1,4,78,1,242,0
4,7,96,1,242,0
-8,-1,102,1,242,0
7,-7,112,1,242,0
8,1,128,1,242,0
-5,-2,153,1,242,0
2,-2,162,1,242,0
-1,1,181,1,242,0
0,-6,184,1,242,0
-3,-6,186,1,242,0
-6,-5,213,1,242,0
-2,-3,229,1,242,0
-3,3,239,1,242,0
1,5,11,1,242,0
-4,5,15,1,242,0
6,0,242,1,242,0
2,6,44,1,242,0
6,-5,44,1,242,0
8,-1,67,1,242,0
-3,4,69,1,242,0
-8,-2,94,1,242,0
7,1,135,1,242,0
-5,-3,159,1,242,0
-1,-1,167,1,242,0
-3,-7,187,1,242,0
-1,2,187,1,242,0
2,-3,194,1,242,0
-2,3,224,1,242,0
-2,-4,241,1,242,0
0,-7,241,1,242,0
5,0,238,1,242,0
2,7,18,1,242,0
1,6,36,1,242,0
5,-3,67,1,242,0
8,-2,86,1,242,0
3,-7,94,1,242,0
6,1,143,1,242,0
6,-6,146,1,242,0
0,-8,149,1,242,0
-2,4,204,1,242,0
-1,-2,206,1,242,0
2,-4,211,1,242,0
-1,3,217,1,242,0
1,-1,219,1,242,0
-4,-1,226,1,242,0
-2,-5,239,1,242,0
-5,-4,241,1,242,0
4,-1,9,1,242,0
0,6,4,1,242,0
4,0,11,1,242,0
5,1,236,1,242,0
1,7,26,1,242,0
5,-4,64,1,242,0
6,-7,74,1,242,0
-7,-1,103,1,242,0
-7,0,128,1,242,0
-4,-2,135,1,242,0
1,-2,168,1,242,0
-1,4,201,1,242,0
-2,-6,203,1,242,0
2,-5,216,1,242,0
-1,-3,227,1,242,0
-5,-5,239,1,242,0
1,8,11,1,242,0
-8,2,11,1,242,0
7,-1,118,1,242,0
-7,-2,95,1,242,0
-7,1,119,1,242,0
3,0,125,1,242,0
-6,0,138,1,242,0
5,2,147,1,242,0
4,1,229,1,242,0
5,-5,153,1,242,0
1,-3,198,1,242,0
-2,-7,199,1,242,0
-5,-6,204,1,242,0
2,-6,223,1,242,0
-4,-3,223,1,242,0
-1,-4,228,1,242,0
-8,3,7,1,243,0
8,-5,9,1,243,0
-7,2,14,1,243,0
7,-2,94,1,243,0
4,-3,78,1,243,0
-3,-1,133,1,243,0
0,-1,136,1,243,0
5,-6,149,1,243,0
4,2,225,1,243,0
1,-4,219,1,243,0
2,0,224,1,243,0
2,-7,226,1,243,0
-4,-4,231,1,243,0
-5,0,241,1,243,0
-1,-5,242,1,243,0
8,-6,7,1,243,0
5,-7,83,1,243,0
3,-1,129,1,243,0
-6,-1,144,1,243,0
-5,1,159,1,243,0
4,-4,162,1,243,0
3,2,222,1,243,0
2,1,212,1,243,0
0,-2,197,1,243,0
1,-5,199,1,243,0
-1,-6,233,1,243,0
-4,0,234,1,243,0
1,0,238,1,243,0
-4,-5,239,1,243,0
-3,-2,242,1,243,0
8,-7,6,1,243,0
6,-1,97,1,243,0
3,-2,116,1,243,0
-3,0,123,1,243,0
3,3,128,1,243,0
2,2,213,1,243,0
-6,-2,147,1,243,0
4,-5,161,1,243,0
-1,-7,163,1,243,0
-5,2,165,1,243,0
1,1,171,1,243,0
-4,1,176,1,243,0
0,-3,182,1,243,0
-3,-3,222,1,243,0
0,0,242,1,243,0
-4,-6,242,1,243,0
7,-5,25,1,243,0
6,-2,96,1,243,0
5,6,103,1,243,0
4,5,112,1,243,0
3,4,126,1,243,0
2,3,195,1,243,0
-2,-1,164,1,243,0
-4,2,167,1,243,0
1,2,169,1,243,0
3,-3,174,1,243,0
-3,-4,193,1,243,0
0,-4,227,1,243,0
1,-7,235,1,243,0
6,-3,58,1,243,0
8,0,125,1,243,0
2,4,77,1,243,0
4,-7,79,1,243,0
-4,3,84,1,243,0
1,3,85,1,243,0
5,7,102,1,243,0
4,6,111,1,243,0
3,5,119,1,243,0
7,-6,139,1,243,0
1,-8,153,1,243,0
3,-4,169,1,243,0
-1,0,174,1,243,0
0,-5,189,1,243,0
-3,-5,197,1,243,0
2,-1,223,1,243,0
-3,2,234,1,243,0
-2,-2,238,1,243,0
-5,-1,239,1,243,0
-5,5,9,1,243,0
2,5,17,1,243,0
7,0,123,1,243,0
3,6,53,1,243,0
6,-4,57,1,243,0
-4,4,76,1,243,0
1,4,78,1,243,0
4,7,96,1,243,0
-8,-1,102,1,243,0
7,-7,112,1,243,0
8,1,128,1,243,0
-5,-2,153,1,243,0
2,-2,162,1,243,0
-1,1,181,1,243,0
0,-6,184,1,243,0
-3,-6,186,1,243,0
-6,-5,213,1,243,0
-2,-3,229,1,243,0
-3,3,241,1,243,0
1,5,11,1,243,0
-4,5,15,1,243,0
6,0,243,1,243,0
2,6,44,1,243,0
6,-5,44,1,243,0
8,-1,67,1,243,0
-3,4,69,1,243,0
-8,-2,94,1,243,0
7,1,135,1,243,0
-5,-3,159,1,243,0
-1,-1,167,1,243,0
-3,-7,187,1,243,0
-1,2,187,1,243,0
2,-3,194,1,243,0
-2,3,224,1,243,0
0,-7,241,1,243,0
-2,-4,242,1,243,0
5,0,238,1,243,0
2,7,18,1,243,0
1,6,36,1,243,0
5,-3,67,1,243,0
8,-2,86,1,243,0
3,-7,94,1,243,0
6,1,143,1,243,0
6,-6,146,1,243,0
-2,4,204,1,243,0
-1,-2,206,1,243,0
2,-4,211,1,243,0
-1,3,217,1,243,0
1,-1,219,1,243,0
-4,-1,226,1,243,0
-2,-5,239,1,243,0
-5,-4,242,1,243,0
0,-8,242,1,243,0
4,-1,9,1,243,0
0,6,4,1,243,0
4,0,11,1,243,0
5,1,236,1,243,0
1,7,26,1,243,0
5,-4,64,1,243,0
6,-7,74,1,243,0
-7,-1,103,1,243,0
-7,0,128,1,243,0
-4,-2,135,1,243,0
1,-2,168,1,243,0
-1,4,201,1,243,0
-2,-6,203,1,243,0
2,-5,216,1,243,0
-1,-3,227,1,243,0
-5,-5,239,1,243,0
1,8,11,1,243,0
-8,2,11,1,243,0
7,-1,118,1,243,0
-7,-2,95,1,243,0
-7,1,119,1,243,0
3,0,125,1,243,0
5,2,147,1,243,0
4,1,229,1,243,0
5,-5,153,1,243,0
1,-3,198,1,243,0
-2,-7,199,1,243,0
-5,-6,204,1,243,0
2,-6,223,1,243,0
-4,-3,223,1,243,0
-1,-4,228,1,243,0
-6,0,242,1,243,0
-8,3,7,1,244,0
8,-5,9,1,244,0
-7,2,14,1,244,0
7,-2,94,1,244,0
4,-3,78,1,244,0
-3,-1,133,1,244,0
0,-1,136,1,244,0
5,-6,149,1,244,0
4,2,225,1,244,0
1,-4,219,1,244,0
2,0,224,1,244,0
2,-7,226,1,244,0
-4,-4,231,1,244,0
-5,0,241,1,244,0
-1,-5,243,1,244,0
8,-6,7,1,244,0
5,-7,83,1,244,0
3,-1,129,1,244,0
-6,-1,144,1,244,0
-5,1,159,1,244,0
4,-4,162,1,244,0
3,2,222,1,244,0
2,1,212,1,244,0
0,-2,197,1,244,0
1,-5,199,1,244,0
-1,-6,233,1,244,0
-4,0,234,1,244,0
1,0,238,1,244,0
-4,-5,239,1,244,0
-3,-2,243,1,244,0
8,-7,6,1,244,0
6,-1,97,1,244,0
3,-2,116,1,244,0
-3,0,123,1,244,0
3,3,128,1,244,0
2,2,213,1,244,0
-6,-2,147,1,244,0
4,-5,161,1,244,0
-1,-7,163,1,244,0
-5,2,165,1,244,0
1,1,171,1,244,0
-4,1,176,1,244,0
0,-3,182,1,244,0
-3,-3,222,1,244,0
0,0,243,1,244,0
-4,-6,243,1,244,0
7,-5,25,1,244,0
6,-2,96,1,244,0
5,6,103,1,244,0
4,5,112,1,244,0
3,4,126,1,244,0
2,3,195,1,244,0
-2,-1,164,1,244,0
-4,2,167,1,244,0
1,2,169,1,244,0
3,-3,174,1,244,0
-3,-4,193,1,244,0
0,-4,227,1,244,0
1,-7,235,1,244,0
6,-3,58,1,244,0
8,0,125,1,244,0
2,4,77,1,244,0
4,-7,79,1,244,0
-4,3,84,1,244,0
1,3,85,1,244,0
5,7,102,1,244,0
4,6,111,1,244,0
3,5,119,1,244,0
7,-6,139,1,244,0
1,-8,153,1,244,0
3,-4,169,1,244,0
-1,0,174,1,244,0
0,-5,189,1,244,0
-3,-5,197,1,244,0
2,-1,223,1,244,0
-3,2,234,1,244,0
-2,-2,238,1,244,0
-5,-1,239,1,244,0
-5,5,9,1,244,0
2,5,17,1,244,0
7,0,123,1,244,0
3,6,53,1,244,0
6,-4,57,1,244,0
-4,4,76,1,244,0
1,4,78,1,244,0
4,7,96,1,244,0
-8,-1,102,1,244,0
7,-7,112,1,244,0
8,1,128,1,244,0
-5,-2,153,1,244,0
2,-2,162,1,244,0
-1,1,181,1,244,0
0,-6,184,1,244,0
-3,-6,186,1,244,0
-6,-5,213,1,244,0
-2,-3,229,1,244,0
-3,3,242,1,244,0
1,5,11,1,244,0
-4,5,15,1,244,0
6,0,244,1,244,0
2,6,44,1,244,0
6,-5,44,1,244,0
8,-1,67,1,244,0
-3,4,69,1,244,0
-8,-2,94,1,244,0
7,1,135,1,244,0
-5,-3,159,1,244,0
-1,-1,167,1,244,0
-3,-7,187,1,244,0
-1,2,187,1,244,0
2,-3,194,1,244,0
-2,3,224,1,244,0
0,-7,241,1,244,0
-2,-4,243,1,244,0
5,0,238,1,244,0
2,7,18,1,244,0
1,6,36,1,244,0
5,-3,67,1,244,0
8,-2,86,1,244,0
3,-7,94,1,244,0
6,1,143,1,244,0
6,-6,146,1,244,0
-2,4,204,1,244,0
-1,-2,206,1,244,0
2,-4,211,1,244,0
-1,3,217,1,244,0
1,-1,219,1,244,0
-4,-1,226,1,244,0
-2,-5,239,1,244,0
-5,-4,243,1,244,0
0,-8,243,1,244,0
4,-1,9,1,244,0
0,6,4,1,244,0
4,0,11,1,244,0
5,1,236,1,244,0
1,7,26,1,244,0
5,-4,64,1,244,0
6,-7,74,1,244,0
-7,-1,103,1,244,0
-7,0,128,1,244,0
-4,-2,135,1,244,0
1,-2,168,1,244,0
-1,4,201,1,244,0
-2,-6,203,1,244,0
2,-5,216,1,244,0
-1,-3,227,1,244,0
-5,-5,239,1,244,0
1,8,11,1,244,0
-8,2,11,1,244,0
7,-1,118,1,244,0
-7,-2,95,1,244,0
-7,1,119,1,244,0
3,0,125,1,244,0
5,2,147,1,244,0
4,1,229,1,244,0
5,-5,153,1,244,0
1,-3,198,1,244,0
-2,-7,199,1,244,0
-5,-6,204,1,244,0
2,-6,223,1,244,0
-4,-3,223,1,244,0
-1,-4,228,1,244,0
-6,0,243,1,244,0
-8,3,7,1,245,0
8,-5,9,1,245,0
-7,2,14,1,245,0
7,-2,94,1,245,0
4,-3,78,1,245,0
-3,-1,133,1,245,0
0,-1,136,1,245,0
5,-6,149,1,245,0
4,2,225,1,245,0
1,-4,219,1,245,0
2,0,224,1,245,0
2,-7,226,1,245,0
-4,-4,231,1,245,0
-5,0,241,1,245,0
-1,-5,244,1,245,0
8,-6,7,1,245,0
5,-7,83,1,245,0
3,-1,129,1,245,0
-6,-1,144,1,245,0
-5,1,159,1,245,0
4,-4,162,1,245,0
3,2,222,1,245,0
2,1,212,1,245,0
0,-2,197,1,245,0
1,-5,199,1,245,0
-1,-6,233,1,245,0
-4,0,234,1,245,0
1,0,238,1,245,0
-4,-5,239,1,245,0
-3,-2,244,1,245,0
8,-7,6,1,245,0
6,-1,97,1,245,0
3,-2,116,1,245,0
-3,0,123,1,245,0
3,3,128,1,245,0
2,2,213,1,245,0
-6,-2,147,1,245,0
4,-5,161,1,245,0
-1,-7,163,1,245,0
-5,2,165,1,245,0
1,1,171,1,245,0
-4,1,176,1,245,0
0,-3,182,1,245,0
-3,-3,222,1,245,0
0,0,244,1,245,0
-4,-6,244,1,245,0
7,-5,25,1,245,0
6,-2,96,1,245,0
5,6,103,1,245,0
4,5,112,1,245,0
3,4,126,1,245,0
2,3,195,1,245,0
-2,-1,164,1,245,0
-4,2,167,1,245,0
1,2,169,1,245,0
3,-3,174,1,245,0
-3,-4,193,1,245,0
0,-4,227,1,245,0
1,-7,235,1,245,0
6,-3,58,1,245,0
8,0,125,1,245,0
2,4,77,1,245,0
4,-7,79,1,245,0
1,3,85,1,245,0
5,7,102,1,245,0
4,6,111,1,245,0
3,5,119,1,245,0
7,-6,139,1,245,0
1,-8,153,1,245,0
3,-4,169,1,245,0
-1,0,174,1,245,0
0,-5,189,1,245,0
-3,-5,197,1,245,0
2,-1,223,1,245,0
-3,2,234,1,245,0
-2,-2,238,1,245,0
-5,-1,239,1,245,0
-4,3,244,1,245,0
-5,5,9,1,245,0
2,5,17,1,245,0
7,0,123,1,245,0
3,6,53,1,245,0
6,-4,57,1,245,0
-4,4,76,1,245,0
1,4,78,1,245,0
4,7,96,1,245,0
-8,-1,102,1,245,0
7,-7,112,1,245,0
8,1,128,1,245,0
-5,-2,153,1,245,0
2,-2,162,1,245,0
-1,1,181,1,245,0
0,-6,184,1,245,0
-3,-6,186,1,245,0
-6,-5,213,1,245,0
-2,-3,229,1,245,0
-3,3,243,1,245,0
1,5,11,1,245,0
-4,5,15,1,245,0
6,0,245,1,245,0
2,6,44,1,245,0
6,-5,44,1,245,0
8,-1,67,1,245,0
-3,4,69,1,245,0
-8,-2,94,1,245,0
7,1,135,1,245,0
-5,-3,159,1,245,0
-1,-1,167,1,245,0
-3,-7,187,1,245,0
-1,2,187,1,245,0
2,-3,194,1,245,0
-2,3,224,1,245,0
0,-7,241,1,245,0
-2,-4,244,1,245,0
5,0,238,1,245,0
2,7,18,1,245,0
1,6,36,1,245,0
5,-3,67,1,245,0
8,-2,86,1,245,0
3,-7,94,1,245,0
6,1,143,1,245,0
6,-6,146,1,245,0
-2,4,204,1,245,0
-1,-2,206,1,245,0
2,-4,211,1,245,0
-1,3,217,1,245,0
1,-1,219,1,245,0
-4,-1,226,1,245,0
-2,-5,239,1,245,0
-5,-4,244,1,245,0
0,-8,244,1,245,0
4,-1,9,1,245,0
0,6,4,1,245,0
4,0,11,1,245,0
5,1,236,1,245,0
1,7,26,1,245,0
5,-4,64,1,245,0
6,-7,74,1,245,0
-7,-1,103,1,245,0
-7,0,128,1,245,0
-4,-2,135,1,245,0
1,-2,168,1,245,0
-1,4,201,1,245,0
-2,-6,203,1,245,0
2,-5,216,1,245,0
-1,-3,227,1,245,0
-5,-5,239,1,245,0
1,8,11,1,245,0
-8,2,11,1,245,0
7,-1,118,1,245,0
-7,-2,95,1,245,0
-7,1,119,1,245,0
3,0,125,1,245,0
5,2,147,1,245,0
4,1,229,1,245,0
5,-5,153,1,245,0
1,-3,198,1,245,0
-2,-7,199,1,245,0
-5,-6,204,1,245,0
2,-6,223,1,245,0
-4,-3,223,1,245,0
-1,-4,228,1,245,0
-6,0,244,1,245,0
-8,3,7,1,246,0
8,-5,9,1,246,0
-7,2,14,1,246,0
7,-2,94,1,246,0
4,-3,78,1,246,0
-3,-1,133,1,246,0
0,-1,136,1,246,0
5,-6,149,1,246,0
4,2,225,1,246,0
1,-4,219,1,246,0
2,0,224,1,246,0
2,-7,226,1,246,0
-4,-4,231,1,246,0
-5,0,241,1,246,0
-1,-5,245,1,246,0
8,-6,7,1,246,0
5,-7,83,1,246,0
3,-1,129,1,246,0
-6,-1,144,1,246,0
-5,1,159,1,246,0
4,-4,162,1,246,0
3,2,222,1,246,0
2,1,212,1,246,0
0,-2,197,1,246,0
1,-5,199,1,246,0
-1,-6,233,1,246,0
-4,0,234,1,246,0
1,0,238,1,246,0
-4,-5,239,1,246,0
-3,-2,245,1,246,0
8,-7,6,1,246,0
6,-1,246,1,246,0
3,-2,116,1,246,0
-3,0,123,1,246,0
3,3,128,1,246,0
2,2,213,1,246,0
-6,-2,147,1,246,0
4,-5,161,1,246,0
-1,-7,163,1,246,0
-5,2,165,1,246,0
1,1,171,1,246,0
-4,1,176,1,246,0
0,-3,182,1,246,0
-3,-3,222,1,246,0
0,0,245,1,246,0
-4,-6,245,1,246,0
7,-5,25,1,246,0
6,-2,96,1,246,0
5,6,103,1,246,0
4,5,112,1,246,0
3,4,126,1,246,0
2,3,195,1,246,0
-2,-1,164,1,246,0
-4,2,167,1,246,0
1,2,169,1,246,0
3,-3,174,1,246,0
-3,-4,193,1,246,0
0,-4,227,1,246,0
1,-7,235,1,246,0
6,-3,58,1,246,0
8,0,125,1,246,0
2,4,77,1,246,0
4,-7,79,1,246,0
1,3,85,1,246,0
5,7,102,1,246,0
4,6,111,1,246,0
3,5,119,1,246,0
7,-6,139,1,246,0
1,-8,153,1,246,0
3,-4,169,1,246,0
-1,0,174,1,246,0
0,-5,189,1,246,0
-3,-5,197,1,246,0
2,-1,223,1,246,0
-3,2,234,1,246,0
-2,-2,238,1,246,0
-5,-1,239,1,246,0
-4,3,244,1,246,0
-5,5,9,1,246,0
2,5,17,1,246,0
7,0,123,1,246,0
3,6,53,1,246,0
6,-4,57,1,246,0
1,4,78,1,246,0
4,7,96,1,246,0
-8,-1,102,1,246,0
7,-7,112,1,246,0
8,1,128,1,246,0
-5,-2,153,1,246,0
2,-2,162,1,246,0
-1,1,181,1,246,0
0,-6,184,1,246,0
-3,-6,186,1,246,0
-6,-5,213,1,246,0
-2,-3,229,1,246,0
-3,3,243,1,246,0
-4,4,245,1,246,0
1,5,11,1,246,0
-4,5,15,1,246,0
6,0,245,1,246,0
2,6,44,1,246,0
6,-5,44,1,246,0
8,-1,67,1,246,0
-3,4,69,1,246,0
-8,-2,94,1,246,0
7,1,135,1,246,0
-5,-3,159,1,246,0
-1,-1,167,1,246,0
-3,-7,187,1,246,0
-1,2,187,1,246,0
2,-3,194,1,246,0
-2,3,224,1,246,0
0,-7,241,1,246,0
-2,-4,245,1,246,0
5,0,238,1,246,0
2,7,18,1,246,0
1,6,36,1,246,0
5,-3,67,1,246,0
8,-2,86,1,246,0
3,-7,94,1,246,0
6,1,143,1,246,0
6,-6,146,1,246,0
-2,4,204,1,246,0
-1,-2,206,1,246,0
2,-4,211,1,246,0
-1,3,217,1,246,0
1,-1,219,1,246,0
-4,-1,226,1,246,0
-2,-5,239,1,246,0
-5,-4,245,1,246,0
0,-8,245,1,246,0
4,-1,9,1,246,0
0,6,4,1,246,0
4,0,11,1,246,0
5,1,236,1,246,0
1,7,26,1,246,0
5,-4,64,1,246,0
6,-7,74,1,246,0
-7,-1,103,1,246,0
-7,0,128,1,246,0
-4,-2,135,1,246,0
1,-2,168,1,246,0
-1,4,201,1,246,0
-2,-6,203,1,246,0
2,-5,216,1,246,0
-1,-3,227,1,246,0
-5,-5,239,1,246,0
1,8,11,1,246,0
-8,2,11,1,246,0
7,-1,118,1,246,0
-7,-2,95,1,246,0
-7,1,119,1,246,0
3,0,125,1,246,0
5,2,147,1,246,0
4,1,229,1,246,0
5,-5,153,1,246,0
1,-3,198,1,246,0
-2,-7,199,1,246,0
-5,-6,204,1,246,0
2,-6,223,1,246,0
-4,-3,223,1,246,0
-1,-4,228,1,246,0
-6,0,245,1,246,0
-8,3,7,1,247,0
8,-5,9,1,247,0
-7,2,14,1,247,0
7,-2,94,1,247,0
4,-3,78,1,247,0
-3,-1,133,1,247,0
0,-1,136,1,247,0
5,-6,149,1,247,0
4,2,225,1,247,0
1,-4,219,1,247,0
2,0,224,1,247,0
2,-7,226,1,247,0
-4,-4,231,1,247,0
-5,0,241,1,247,0
-1,-5,246,1,247,0
8,-6,7,1,247,0
5,-7,83,1,247,0
3,-1,129,1,247,0
-6,-1,144,1,247,0
-5,1,159,1,247,0
4,-4,162,1,247,0
3,2,222,1,247,0
2,1,212,1,247,0
0,-2,197,1,247,0
1,-5,199,1,247,0
-1,-6,233,1,247,0
-4,0,234,1,247,0
1,0,238,1,247,0
-4,-5,239,1,247,0
-3,-2,245,1,247,0
8,-7,6,1,247,0
6,-1,247,1,247,0
3,-2,116,1,247,0
-3,0,123,1,247,0
3,3,128,1,247,0
2,2,213,1,247,0
-6,-2,147,1,247,0
4,-5,161,1,247,0
-1,-7,163,1,247,0
-5,2,165,1,247,0
1,1,171,1,247,0
-4,1,176,1,247,0
0,-3,182,1,247,0
-3,-3,222,1,247,0
0,0,246,1,247,0
-4,-6,246,1,247,0
7,-5,25,1,247,0
6,-2,96,1,247,0
5,6,103,1,247,0
4,5,112,1,247,0
3,4,126,1,247,0
2,3,195,1,247,0
-2,-1,164,1,247,0
-4,2,167,1,247,0
1,2,169,1,247,0
3,-3,174,1,247,0
0,-4,227,1,247,0
1,-7,235,1,247,0
-3,-4,246,1,247,0
-1,-8,246,1,247,0
6,-3,58,1,247,0
8,0,125,1,247,0
2,4,77,1,247,0
4,-7,79,1,247,0
1,3,85,1,247,0
5,7,102,1,247,0
4,6,111,1,247,0
3,5,119,1,247,0
7,-6,139,1,247,0
1,-8,153,1,247,0
3,-4,169,1,247,0
-1,0,174,1,247,0
0,-5,189,1,247,0
-3,-5,197,1,247,0
2,-1,223,1,247,0
-3,2,234,1,247,0
-2,-2,238,1,247,0
-5,-1,239,1,247,0
-4,3,244,1,247,0
-6,-4,246,1,247,0
-5,5,9,1,247,0
2,5,17,1,247,0
7,0,123,1,247,0
3,6,53,1,247,0
6,-4,57,1,247,0
1,4,78,1,247,0
4,7,96,1,247,0
-8,-1,102,1,247,0
7,-7,112,1,247,0
8,1,128,1,247,0
-5,-2,153,1,247,0
2,-2,162,1,247,0
-1,1,181,1,247,0
0,-6,184,1,247,0
-3,-6,186,1,247,0
-6,-5,213,1,247,0
-2,-3,229,1,247,0
-3,3,243,1,247,0
-4,4,246,1,247,0
1,5,11,1,247,0
-4,5,15,1,247,0
6,0,245,1,247,0
2,6,44,1,247,0
6,-5,44,1,247,0
8,-1,67,1,247,0
-3,4,69,1,247,0
-8,-2,94,1,247,0
7,1,135,1,247,0
-5,-3,159,1,247,0
-1,-1,167,1,247,0
-3,-7,187,1,247,0
-1,2,187,1,247,0
2,-3,194,1,247,0
-2,3,224,1,247,0
0,-7,241,1,247,0
-2,-4,245,1,247,0
5,0,238,1,247,0
2,7,18,1,247,0
1,6,36,1,247,0
5,-3,67,1,247,0
8,-2,86,1,247,0
3,-7,94,1,247,0
6,1,143,1,247,0
6,-6,146,1,247,0
-2,4,204,1,247,0
-1,-2,206,1,247,0
2,-4,211,1,247,0
-1,3,217,1,247,0
1,-1,219,1,247,0
-4,-1,226,1,247,0
-2,-5,239,1,247,0
-5,-4,245,1,247,0
0,-8,245,1,247,0
4,-1,9,1,247,0
0,6,4,1,247,0
4,0,11,1,247,0
5,1,236,1,247,0
1,7,26,1,247,0
5,-4,64,1,247,0
6,-7,74,1,247,0
-7,-1,103,1,247,0
-7,0,128,1,247,0
1,-2,168,1,247,0
-1,4,201,1,247,0
-2,-6,203,1,247,0
2,-5,216,1,247,0
-1,-3,227,1,247,0
-5,-5,239,1,247,0
-4,-2,246,1,247,0
1,8,11,1,247,0
-8,2,11,1,247,0
7,-1,118,1,247,0
-7,-2,95,1,247,0
-7,1,119,1,247,0
3,0,125,1,247,0
5,2,147,1,247,0
4,1,229,1,247,0
5,-5,153,1,247,0
1,-3,198,1,247,0
-2,-7,199,1,247,0
-5,-6,204,1,247,0
2,-6,223,1,247,0
-4,-3,223,1,247,0
-1,-4,228,1,247,0
-6,0,246,1,247,0
-8,3,7,1,248,0
8,-5,9,1,248,0
-7,2,14,1,248,0
7,-2,94,1,248,0
4,-3,78,1,248,0
-3,-1,133,1,248,0
0,-1,136,1,248,0
5,-6,149,1,248,0
4,2,225,1,248,0
1,-4,219,1,248,0
2,0,224,1,248,0
2,-7,226,1,248,0
-4,-4,231,1,248,0
-5,0,241,1,248,0
-1,-5,247,1,248,0
8,-6,7,1,248,0
5,-7,83,1,248,0
3,-1,129,1,248,0
-6,-1,144,1,248,0
-5,1,159,1,248,0
4,-4,162,1,248,0
3,2,222,1,248,0
2,1,212,1,248,0
0,-2,197,1,248,0
1,-5,199,1,248,0
-1,-6,233,1,248,0
-4,0,234,1,248,0
1,0,238,1,248,0
-4,-5,239,1,248,0
-3,-2,245,1,248,0
8,-7,6,1,248,0
6,-1,248,1,248,0
3,-2,116,1,248,0
-3,0,123,1,248,0
3,3,128,1,248,0
2,2,213,1,248,0
-6,-2,147,1,248,0
4,-5,161,1,248,0
-1,-7,163,1,248,0
-5,2,165,1,248,0
1,1,171,1,248,0
-4,1,176,1,248,0
0,-3,182,1,248,0
-3,-3,222,1,248,0
0,0,247,1,248,0
-4,-6,247,1,248,0
7,-5,25,1,248,0
6,-2,96,1,248,0
5,6,103,1,248,0
4,5,112,1,248,0
3,4,126,1,248,0
2,3,195,1,248,0
-2,-1,164,1,248,0
-4,2,167,1,248,0
1,2,169,1,248,0
3,-3,174,1,248,0
0,-4,227,1,248,0
1,-7,235,1,248,0
-3,-4,247,1,248,0
-1,-8,247,1,248,0
6,-3,58,1,248,0
8,0,125,1,248,0
2,4,77,1,248,0
4,-7,79,1,248,0
1,3,85,1,248,0
5,7,102,1,248,0
4,6,111,1,248,0
3,5,119,1,248,0
7,-6,139,1,248,0
1,-8,153,1,248,0
3,-4,169,1,248,0
-1,0,174,1,248,0
0,-5,189,1,248,0
-3,-5,197,1,248,0
2,-1,223,1,248,0
-3,2,234,1,248,0
-2,-2,238,1,248,0
-5,-1,239,1,248,0
-4,3,244,1,248,0
-6,-4,247,1,248,0
-5,5,9,1,248,0
2,5,17,1,248,0
7,0,123,1,248,0
3,6,53,1,248,0
6,-4,57,1,248,0
1,4,78,1,248,0
4,7,96,1,248,0
-8,-1,102,1,248,0
7,-7,112,1,248,0
8,1,128,1,248,0
-5,-2,153,1,248,0
2,-2,162,1,248,0
-1,1,181,1,248,0
0,-6,184,1,248,0
-3,-6,186,1,248,0
-6,-5,213,1,248,0
-2,-3,229,1,248,0
-3,3,243,1,248,0
-4,4,247,1,248,0
1,5,11,1,248,0
-4,5,15,1,248,0
6,0,245,1,248,0
2,6,44,1,248,0
6,-5,44,1,248,0
8,-1,67,1,248,0
-3,4,69,1,248,0
-8,-2,94,1,248,0
7,1,135,1,248,0
-5,-3,159,1,248,0
-1,-1,167,1,248,0
-3,-7,187,1,248,0
-1,2,187,1,248,0
2,-3,194,1,248,0
-2,3,224,1,248,0
0,-7,241,1,248,0
-2,-4,245,1,248,0
5,0,238,1,248,0
2,7,18,1,248,0
1,6,36,1,248,0
5,-3,67,1,248,0
8,-2,86,1,248,0
3,-7,94,1,248,0
6,1,143,1,248,0
6,-6,146,1,248,0
-2,4,204,1,248,0
-1,-2,206,1,248,0
2,-4,211,1,248,0
-1,3,217,1,248,0
1,-1,219,1,248,0
-4,-1,226,1,248,0
-2,-5,239,1,248,0
-5,-4,245,1,248,0
0,-8,245,1,248,0
4,-1,9,1,248,0
0,6,4,1,248,0
4,0,11,1,248,0
5,1,236,1,248,0
1,7,26,1,248,0
5,-4,64,1,248,0
6,-7,74,1,248,0
-7,-1,103,1,248,0
-7,0,128,1,248,0
1,-2,168,1,248,0
-1,4,201,1,248,0
-2,-6,203,1,248,0
2,-5,216,1,248,0
-1,-3,227,1,248,0
-5,-5,239,1,248,0
-4,-2,247,1,248,0
1,8,11,1,248,0
-8,2,11,1,248,0
7,-1,118,1,248,0
-7,-2,95,1,248,0
-7,1,119,1,248,0
3,0,125,1,248,0
5,2,147,1,248,0
4,1,229,1,248,0
5,-5,153,1,248,0
1,-3,198,1,248,0
-2,-7,199,1,248,0
-5,-6,204,1,248,0
2,-6,223,1,248,0
-4,-3,223,1,248,0
-1,-4,228,1,248,0
-6,0,247,1,248,0
-8,3,7,1,249,0
8,-5,9,1,249,0
-7,2,14,1,249,0
7,-2,94,1,249,0
4,-3,78,1,249,0
-3,-1,133,1,249,0
0,-1,136,1,249,0
5,-6,149,1,249,0
4,2,225,1,249,0
1,-4,219,1,249,0
2,0,224,1,249,0
2,-7,226,1,249,0
-4,-4,231,1,249,0
-5,0,241,1,249,0
-1,-5,248,1,249,0
8,-6,7,1,249,0
5,-7,83,1,249,0
3,-1,129,1,249,0
-6,-1,144,1,249,0
-5,1,159,1,249,0
4,-4,162,1,249,0
3,2,222,1,249,0
2,1,212,1,249,0
0,-2,197,1,249,0
1,-5,199,1,249,0
-1,-6,233,1,249,0
-4,0,234,1,249,0
1,0,238,1,249,0
-4,-5,239,1,249,0
-3,-2,245,1,249,0
8,-7,6,1,249,0
6,-1,249,1,249,0
3,-2,116,1,249,0
-3,0,123,1,249,0
3,3,128,1,249,0
2,2,213,1,249,0
-6,-2,147,1,249,0
4,-5,161,1,249,0
-1,-7,163,1,249,0
-5,2,165,1,249,0
1,1,171,1,249,0
-4,1,176,1,249,0
0,-3,182,1,249,0
-3,-3,222,1,249,0
0,0,248,1,249,0
-4,-6,248,1,249,0
7,-5,25,1,249,0
6,-2,96,1,249,0
5,6,103,1,249,0
4,5,112,1,249,0
3,4,126,1,249,0
2,3,195,1,249,0
-2,-1,164,1,249,0
-4,2,167,1,249,0
1,2,169,1,249,0
3,-3,174,1,249,0
0,-4,227,1,249,0
1,-7,235,1,249,0
-3,-4,248,1,249,0
-1,-8,248,1,249,0
6,-3,58,1,249,0
8,0,125,1,249,0
2,4,77,1,249,0
4,-7,79,1,249,0
1,3,85,1,249,0
5,7,102,1,249,0
4,6,111,1,249,0
3,5,119,1,249,0
7,-6,139,1,249,0
1,-8,153,1,249,0
3,-4,169,1,249,0
-1,0,174,1,249,0
0,-5,189,1,249,0
-3,-5,197,1,249,0
2,-1,223,1,249,0
-3,2,234,1,249,0
-2,-2,238,1,249,0
-5,-1,239,1,249,0
-4,3,244,1,249,0
-6,-4,248,1,249,0
-5,5,9,1,249,0
2,5,17,1,249,0
7,0,123,1,249,0
3,6,53,1,249,0
6,-4,57,1,249,0
1,4,78,1,249,0
4,7,96,1,249,0
-8,-1,102,1,249,0
7,-7,112,1,249,0
8,1,128,1,249,0
-5,-2,153,1,249,0
2,-2,162,1,249,0
-1,1,181,1,249,0
0,-6,184,1,249,0
-3,-6,186,1,249,0
-6,-5,213,1,249,0
-2,-3,229,1,249,0
-3,3,243,1,249,0
-4,4,248,1,249,0
1,5,11,1,249,0
-4,5,15,1,249,0
6,0,245,1,249,0
2,6,44,1,249,0
6,-5,44,1,249,0
8,-1,67,1,249,0
-3,4,69,1,249,0
-8,-2,94,1,249,0
7,1,135,1,249,0
-5,-3,159,1,249,0
-1,-1,167,1,249,0
-3,-7,187,1,249,0
-1,2,187,1,249,0
2,-3,194,1,249,0
-2,3,224,1,249,0
0,-7,241,1,249,0
-2,-4,245,1,249,0
5,0,238,1,249,0
2,7,18,1,249,0
1,6,36,1,249,0
5,-3,67,1,249,0
8,-2,86,1,249,0
3,-7,94,1,249,0
6,1,143,1,249,0
6,-6,146,1,249,0
-2,4,204,1,249,0
-1,-2,206,1,249,0
2,-4,211,1,249,0
-1,3,217,1,249,0
1,-1,219,1,249,0
-4,-1,226,1,249,0
-2,-5,239,1,249,0
-5,-4,245,1,249,0
0,-8,245,1,249,0
4,-1,9,1,249,0
0,6,4,1,249,0
4,0,11,1,249,0
5,1,236,1,249,0
1,7,26,1,249,0
5,-4,64,1,249,0
6,-7,74,1,249,0
-7,-1,103,1,249,0
-7,0,128,1,249,0
1,-2,168,1,249,0
-1,4,201,1,249,0
-2,-6,203,1,249,0
2,-5,216,1,249,0
-1,-3,227,1,249,0
-5,-5,239,1,249,0
-4,-2,248,1,249,0
1,8,11,1,249,0
-8,2,11,1,249,0
7,-1,118,1,249,0
-7,-2,95,1,249,0
-7,1,119,1,249,0
3,0,125,1,249,0
5,2,147,1,249,0
4,1,229,1,249,0
5,-5,153,1,249,0
1,-3,198,1,249,0
-2,-7,199,1,249,0
-5,-6,204,1,249,0
2,-6,223,1,249,0
-4,-3,223,1,249,0
-1,-4,228,1,249,0
-6,0,248,1,249,0
-8,3,7,1,250,0
8,-5,9,1,250,0
-7,2,14,1,250,0
7,-2,94,1,250,0
4,-3,78,1,250,0
-3,-1,133,1,250,0
0,-1,136,1,250,0
5,-6,149,1,250,0
4,2,225,1,250,0
1,-4,219,1,250,0
2,0,224,1,250,0
2,-7,226,1,250,0
-4,-4,231,1,250,0
-5,0,241,1,250,0
-1,-5,249,1,250,0
8,-6,7,1,250,0
5,-7,83,1,250,0
3,-1,129,1,250,0
-5,1,159,1,250,0
4,-4,162,1,250,0
3,2,222,1,250,0
2,1,212,1,250,0
0,-2,197,1,250,0
1,-5,199,1,250,0
-1,-6,233,1,250,0
-4,0,234,1,250,0
1,0,238,1,250,0
-4,-5,239,1,250,0
-3,-2,245,1,250,0
-6,-1,249,1,250,0
8,-7,6,1,250,0
6,-1,249,1,250,0
3,-2,116,1,250,0
-3,0,123,1,250,0
3,3,128,1,250,0
2,2,213,1,250,0
-6,-2,147,1,250,0
4,-5,161,1,250,0
-1,-7,163,1,250,0
-5,2,165,1,250,0
1,1,171,1,250,0
-4,1,176,1,250,0
0,-3,182,1,250,0
-3,-3,222,1,250,0
0,0,249,1,250,0
-4,-6,249,1,250,0
7,-5,25,1,250,0
6,-2,96,1,250,0
5,6,103,1,250,0
4,5,112,1,250,0
3,4,126,1,250,0
2,3,195,1,250,0
-2,-1,164,1,250,0
-4,2,167,1,250,0
1,2,169,1,250,0
3,-3,174,1,250,0
0,-4,227,1,250,0
1,-7,235,1,250,0
-3,-4,249,1,250,0
-1,-8,249,1,250,0
6,-3,58,1,250,0
8,0,125,1,250,0
2,4,77,1,250,0
4,-7,79,1,250,0
1,3,85,1,250,0
5,7,102,1,250,0
4,6,111,1,250,0
3,5,119,1,250,0
7,-6,139,1,250,0
1,-8,153,1,250,0
3,-4,169,1,250,0
-1,0,174,1,250,0
0,-5,189,1,250,0
-3,-5,197,1,250,0
2,-1,223,1,250,0
-3,2,234,1,250,0
-2,-2,238,1,250,0
-5,-1,239,1,250,0
-4,3,244,1,250,0
-6,-4,249,1,250,0
-5,5,9,1,250,0
2,5,17,1,250,0
7,0,123,1,250,0
3,6,53,1,250,0
6,-4,57,1,250,0
1,4,78,1,250,0
4,7,96,1,250,0
-8,-1,102,1,250,0
7,-7,112,1,250,0
8,1,128,1,250,0
-5,-2,153,1,250,0
2,-2,162,1,250,0
-1,1,181,1,250,0
0,-6,184,1,250,0
-3,-6,186,1,250,0
-6,-5,213,1,250,0
-2,-3,229,1,250,0
-3,3,243,1,250,0
-4,4,248,1,250,0
1,5,11,1,250,0
-4,5,15,1,250,0
6,0,245,1,250,0
2,6,44,1,250,0
6,-5,44,1,250,0
8,-1,67,1,250,0
-8,-2,94,1,250,0
7,1,135,1,250,0
-5,-3,159,1,250,0
-1,-1,167,1,250,0
-3,-7,187,1,250,0
-1,2,187,1,250,0
2,-3,194,1,250,0
-2,3,224,1,250,0
0,-7,241,1,250,0
-2,-4,245,1,250,0
-3,4,249,1,250,0
5,0,238,1,250,0
2,7,18,1,250,0
1,6,36,1,250,0
5,-3,67,1,250,0
8,-2,86,1,250,0
3,-7,94,1,250,0
6,1,143,1,250,0
6,-6,146,1,250,0
-2,4,204,1,250,0
-1,-2,206,1,250,0
2,-4,211,1,250,0
-1,3,217,1,250,0
1,-1,219,1,250,0
-4,-1,226,1,250,0
-2,-5,239,1,250,0
-5,-4,245,1,250,0
0,-8,245,1,250,0
4,-1,9,1,250,0
0,6,4,1,250,0
4,0,11,1,250,0
5,1,236,1,250,0
1,7,26,1,250,0
5,-4,64,1,250,0
6,-7,74,1,250,0
-7,-1,103,1,250,0
-7,0,128,1,250,0
1,-2,168,1,250,0
-1,4,201,1,250,0
-2,-6,203,1,250,0
2,-5,216,1,250,0
-1,-3,227,1,250,0
-5,-5,239,1,250,0
-4,-2,249,1,250,0
1,8,11,1,250,0
-8,2,11,1,250,0
7,-1,118,1,250,0
-7,-2,95,1,250,0
-7,1,119,1,250,0
3,0,125,1,250,0
5,2,147,1,250,0
4,1,229,1,250,0
5,-5,153,1,250,0
1,-3,198,1,250,0
-2,-7,199,1,250,0
-5,-6,204,1,250,0
2,-6,223,1,250,0
-4,-3,223,1,250,0
-1,-4,228,1,250,0
-6,0,248,1,250,0
-8,3,7,1,251,0
8,-5,9,1,251,0
-7,2,14,1,251,0
7,-2,94,1,251,0
4,-3,78,1,251,0
-3,-1,133,1,251,0
0,-1,136,1,251,0
5,-6,149,1,251,0
4,2,225,1,251,0
1,-4,219,1,251,0
2,0,224,1,251,0
2,-7,226,1,251,0
-4,-4,231,1,251,0
-5,0,241,1,251,0
-1,-5,249,1,251,0
8,-6,7,1,251,0
5,-7,83,1,251,0
3,-1,129,1,251,0
-5,1,159,1,251,0
4,-4,162,1,251,0
3,2,222,1,251,0
2,1,212,1,251,0
0,-2,197,1,251,0
1,-5,199,1,251,0
-1,-6,233,1,251,0
-4,0,234,1,251,0
1,0,238,1,251,0
-4,-5,239,1,251,0
-3,-2,245,1,251,0
-6,-1,249,1,251,0
8,-7,6,1,251,0
6,-1,251,1,251,0
3,-2,116,1,251,0
-3,0,123,1,251,0
3,3,128,1,251,0
2,2,213,1,251,0
-6,-2,147,1,251,0
4,-5,161,1,251,0
-1,-7,163,1,251,0
-5,2,165,1,251,0
1,1,171,1,251,0
-4,1,176,1,251,0
0,-3,182,1,251,0
-3,-3,222,1,251,0
0,0,249,1,251,0
-4,-6,249,1,251,0
7,-5,25,1,251,0
6,-2,96,1,251,0
5,6,103,1,251,0
4,5,112,1,251,0
3,4,126,1,251,0
2,3,195,1,251,0
-2,-1,164,1,251,0
-4,2,167,1,251,0
1,2,169,1,251,0
3,-3,174,1,251,0
0,-4,227,1,251,0
1,-7,235,1,251,0
-3,-4,249,1,251,0
-1,-8,249,1,251,0
6,-3,58,1,251,0
8,0,125,1,251,0
2,4,77,1,251,0
4,-7,79,1,251,0
1,3,85,1,251,0
5,7,102,1,251,0
4,6,111,1,251,0
3,5,119,1,251,0
7,-6,139,1,251,0
1,-8,153,1,251,0
3,-4,169,1,251,0
-1,0,174,1,251,0
0,-5,189,1,251,0
-3,-5,197,1,251,0
2,-1,223,1,251,0
-3,2,234,1,251,0
-2,-2,238,1,251,0
-5,-1,239,1,251,0
-4,3,244,1,251,0
-6,-4,249,1,251,0
-5,5,9,1,251,0
2,5,17,1,251,0
7,0,123,1,251,0
3,6,53,1,251,0
6,-4,57,1,251,0
1,4,78,1,251,0
4,7,96,1,251,0
-8,-1,102,1,251,0
7,-7,112,1,251,0
8,1,128,1,251,0
-5,-2,153,1,251,0
2,-2,162,1,251,0
-1,1,181,1,251,0
0,-6,184,1,251,0
-3,-6,186,1,251,0
-6,-5,213,1,251,0
-2,-3,229,1,251,0
-3,3,243,1,251,0
-4,4,248,1,251,0
1,5,11,1,251,0
-4,5,15,1,251,0
6,0,245,1,251,0
2,6,44,1,251,0
6,-5,44,1,251,0
8,-1,67,1,251,0
-8,-2,94,1,251,0
7,1,135,1,251,0
-5,-3,159,1,251,0
-1,-1,167,1,251,0
-3,-7,187,1,251,0
-1,2,187,1,251,0
2,-3,194,1,251,0
-2,3,224,1,251,0
0,-7,241,1,251,0
-2,-4,245,1,251,0
-3,4,249,1,251,0
5,0,238,1,251,0
2,7,18,1,251,0
1,6,36,1,251,0
5,-3,67,1,251,0
8,-2,86,1,251,0
3,-7,94,1,251,0
6,1,143,1,251,0
6,-6,146,1,251,0
-2,4,204,1,251,0
-1,-2,206,1,251,0
2,-4,211,1,251,0
-1,3,217,1,251,0
1,-1,219,1,251,0
-4,-1,226,1,251,0
-2,-5,239,1,251,0
-5,-4,245,1,251,0
0,-8,245,1,251,0
4,-1,9,1,251,0
0,6,4,1,251,0
4,0,11,1,251,0
5,1,236,1,251,0
1,7,26,1,251,0
5,-4,64,1,251,0
6,-7,74,1,251,0
-7,-1,103,1,251,0
-7,0,128,1,251,0
1,-2,168,1,251,0
-1,4,201,1,251,0
-2,-6,203,1,251,0
2,-5,216,1,251,0
-1,-3,227,1,251,0
-5,-5,239,1,251,0
-4,-2,249,1,251,0
1,8,11,1,251,0
-8,2,11,1,251,0
7,-1,118,1,251,0
-7,-2,95,1,251,0
-7,1,119,1,251,0
3,0,125,1,251,0
5,2,147,1,251,0
4,1,229,1,251,0
5,-5,153,1,251,0
1,-3,198,1,251,0
-2,-7,199,1,251,0
-5,-6,204,1,251,0
2,-6,223,1,251,0
-4,-3,223,1,251,0
-1,-4,228,1,251,0
-6,0,248,1,251,0
-8,3,7,1,252,0
8,-5,9,1,252,0
-7,2,14,1,252,0
7,-2,94,1,252,0
4,-3,78,1,252,0
-3,-1,133,1,252,0
0,-1,136,1,252,0
5,-6,149,1,252,0
4,2,225,1,252,0
1,-4,219,1,252,0
2,0,224,1,252,0
2,-7,226,1,252,0
-4,-4,231,1,252,0
-5,0,241,1,252,0
-1,-5,251,1,252,0
8,-6,7,1,252,0
5,-7,83,1,252,0
3,-1,129,1,252,0
-5,1,159,1,252,0
4,-4,162,1,252,0
3,2,222,1,252,0
2,1,212,1,252,0
0,-2,197,1,252,0
1,-5,199,1,252,0
-1,-6,233,1,252,0
-4,0,234,1,252,0
1,0,238,1,252,0
-4,-5,239,1,252,0
-3,-2,245,1,252,0
-6,-1,251,1,252,0
8,-7,6,1,252,0
6,-1,252,1,252,0
3,-2,116,1,252,0
-3,0,123,1,252,0
3,3,128,1,252,0
2,2,213,1,252,0
-6,-2,147,1,252,0
4,-5,161,1,252,0
-1,-7,163,1,252,0
-5,2,165,1,252,0
1,1,171,1,252,0
-4,1,176,1,252,0
0,-3,182,1,252,0
-3,-3,222,1,252,0
0,0,251,1,252,0
-4,-6,251,1,252,0
7,-5,25,1,252,0
6,-2,96,1,252,0
5,6,103,1,252,0
4,5,112,1,252,0
3,4,126,1,252,0
2,3,195,1,252,0
-2,-1,164,1,252,0
-4,2,167,1,252,0
1,2,169,1,252,0
3,-3,174,1,252,0
0,-4,227,1,252,0
1,-7,235,1,252,0
-3,-4,251,1,252,0
-1,-8,251,1,252,0
6,-3,58,1,252,0
8,0,125,1,252,0
2,4,77,1,252,0
4,-7,79,1,252,0
1,3,85,1,252,0
5,7,102,1,252,0
4,6,111,1,252,0
3,5,119,1,252,0
7,-6,139,1,252,0
1,-8,153,1,252,0
3,-4,169,1,252,0
-1,0,174,1,252,0
0,-5,189,1,252,0
-3,-5,197,1,252,0
2,-1,223,1,252,0
-3,2,234,1,252,0
-2,-2,238,1,252,0
-5,-1,239,1,252,0
-4,3,244,1,252,0
-6,-4,251,1,252,0
-5,5,9,1,252,0
2,5,17,1,252,0
7,0,123,1,252,0
3,6,53,1,252,0
6,-4,57,1,252,0
1,4,78,1,252,0
4,7,96,1,252,0
-8,-1,102,1,252,0
7,-7,112,1,252,0
8,1,128,1,252,0
-5,-2,153,1,252,0
2,-2,162,1,252,0
-1,1,181,1,252,0
0,-6,184,1,252,0
-3,-6,186,1,252,0
-6,-5,213,1,252,0
-2,-3,229,1,252,0
-3,3,243,1,252,0
-4,4,248,1,252,0
1,5,11,1,252,0
-4,5,15,1,252,0
6,0,245,1,252,0
2,6,44,1,252,0
6,-5,44,1,252,0
8,-1,67,1,252,0
-8,-2,94,1,252,0
7,1,135,1,252,0
-5,-3,159,1,252,0
-1,-1,167,1,252,0
-3,-7,187,1,252,0
-1,2,187,1,252,0
2,-3,194,1,252,0
-2,3,224,1,252,0
0,-7,241,1,252,0
-2,-4,245,1,252,0
-3,4,251,1,252,0
5,0,238,1,252,0
2,7,18,1,252,0
1,6,36,1,252,0
5,-3,67,1,252,0
8,-2,86,1,252,0
3,-7,94,1,252,0
6,1,143,1,252,0
6,-6,146,1,252,0
-2,4,204,1,252,0
-1,-2,206,1,252,0
2,-4,211,1,252,0
-1,3,217,1,252,0
1,-1,219,1,252,0
-4,-1,226,1,252,0
-2,-5,239,1,252,0
-5,-4,245,1,252,0
0,-8,245,1,252,0
4,-1,9,1,252,0
0,6,4,1,252,0
4,0,11,1,252,0
5,1,236,1,252,0
1,7,26,1,252,0
5,-4,64,1,252,0
6,-7,74,1,252,0
-7,-1,103,1,252,0
-7,0,128,1,252,0
1,-2,168,1,252,0
-1,4,201,1,252,0
-2,-6,203,1,252,0
2,-5,216,1,252,0
-1,-3,227,1,252,0
-5,-5,239,1,252,0
-4,-2,251,1,252,0
1,8,11,1,252,0
-8,2,11,1,252,0
7,-1,118,1,252,0
-7,-2,95,1,252,0
-7,1,119,1,252,0
3,0,125,1,252,0
5,2,147,1,252,0
4,1,229,1,252,0
5,-5,153,1,252,0
1,-3,198,1,252,0
-2,-7,199,1,252,0
-5,-6,204,1,252,0
2,-6,223,1,252,0
-4,-3,223,1,252,0
-1,-4,228,1,252,0
-6,0,248,1,252,0
-8,3,7,1,253,0
8,-5,9,1,253,0
-7,2,14,1,253,0
7,-2,94,1,253,0
4,-3,78,1,253,0
-3,-1,133,1,253,0
0,-1,136,1,253,0
5,-6,149,1,253,0
4,2,225,1,253,0
1,-4,219,1,253,0
2,0,224,1,253,0
2,-7,226,1,253,0
-4,-4,231,1,253,0
-5,0,241,1,253,0
-1,-5,252,1,253,0
-2,-8,252,1,253,0
8,-6,7,1,253,0
5,-7,83,1,253,0
3,-1,129,1,253,0
-5,1,159,1,253,0
4,-4,162,1,253,0
3,2,222,1,253,0
2,1,212,1,253,0
0,-2,197,1,253,0
1,-5,199,1,253,0
-1,-6,233,1,253,0
-4,0,234,1,253,0
1,0,238,1,253,0
-4,-5,239,1,253,0
-3,-2,245,1,253,0
-6,-1,252,1,253,0
8,-7,6,1,253,0
6,-1,252,1,253,0
3,-2,116,1,253,0
-3,0,123,1,253,0
3,3,128,1,253,0
2,2,213,1,253,0
-6,-2,147,1,253,0
4,-5,161,1,253,0
-1,-7,163,1,253,0
-5,2,165,1,253,0
1,1,171,1,253,0
-4,1,176,1,253,0
0,-3,182,1,253,0
-3,-3,222,1,253,0
0,0,252,1,253,0
-4,-6,252,1,253,0
7,-5,25,1,253,0
6,-2,96,1,253,0
5,6,103,1,253,0
4,5,112,1,253,0
3,4,126,1,253,0
2,3,195,1,253,0
-2,-1,164,1,253,0
-4,2,167,1,253,0
1,2,169,1,253,0
3,-3,174,1,253,0
0,-4,227,1,253,0
1,-7,235,1,253,0
-1,-8,251,1,253,0
-6,-3,252,1,253,0
-3,-4,252,1,253,0
6,-3,58,1,253,0
8,0,125,1,253,0
2,4,77,1,253,0
4,-7,79,1,253,0
1,3,85,1,253,0
5,7,102,1,253,0
4,6,111,1,253,0
3,5,119,1,253,0
7,-6,139,1,253,0
1,-8,153,1,253,0
3,-4,169,1,253,0
-1,0,174,1,253,0
0,-5,189,1,253,0
-3,-5,197,1,253,0
2,-1,223,1,253,0
-3,2,234,1,253,0
-2,-2,238,1,253,0
-5,-1,239,1,253,0
-4,3,244,1,253,0
-6,-4,251,1,253,0
-5,5,9,1,253,0
2,5,17,1,253,0
7,0,123,1,253,0
3,6,53,1,253,0
6,-4,57,1,253,0
1,4,78,1,253,0
4,7,96,1,253,0
-8,-1,102,1,253,0
7,-7,112,1,253,0
8,1,128,1,253,0
2,-2,162,1,253,0
-1,1,181,1,253,0
0,-6,184,1,253,0
-3,-6,186,1,253,0
-6,-5,213,1,253,0
-2,-3,229,1,253,0
-3,3,243,1,253,0
-4,4,248,1,253,0
-5,-2,252,1,253,0
1,5,11,1,253,0
-4,5,15,1,253,0
6,0,245,1,253,0
2,6,44,1,253,0
6,-5,44,1,253,0
8,-1,67,1,253,0
-8,-2,94,1,253,0
7,1,135,1,253,0
-5,-3,159,1,253,0
-1,-1,167,1,253,0
-3,-7,187,1,253,0
-1,2,187,1,253,0
2,-3,194,1,253,0
-2,3,224,1,253,0
0,-7,241,1,253,0
-2,-4,245,1,253,0
-3,4,252,1,253,0
5,0,238,1,253,0
2,7,18,1,253,0
1,6,36,1,253,0
5,-3,67,1,253,0
8,-2,86,1,253,0
3,-7,94,1,253,0
6,1,143,1,253,0
6,-6,146,1,253,0
-2,4,204,1,253,0
-1,-2,206,1,253,0
2,-4,211,1,253,0
-1,3,217,1,253,0
1,-1,219,1,253,0
-4,-1,226,1,253,0
-2,-5,239,1,253,0
-5,-4,245,1,253,0
0,-8,245,1,253,0
4,-1,9,1,253,0
0,6,4,1,253,0
4,0,11,1,253,0
5,1,236,1,253,0
1,7,26,1,253,0
5,-4,64,1,253,0
6,-7,74,1,253,0
-7,-1,103,1,253,0
-7,0,128,1,253,0
1,-2,168,1,253,0
-1,4,201,1,253,0
-2,-6,203,1,253,0
2,-5,216,1,253,0
-1,-3,227,1,253,0
-5,-5,239,1,253,0
-4,-2,251,1,253,0
1,8,11,1,253,0
-8,2,11,1,253,0
7,-1,253,1,253,0
-7,-2,95,1,253,0
-7,1,119,1,253,0
3,0,125,1,253,0
5,2,147,1,253,0
4,1,229,1,253,0
5,-5,153,1,253,0
1,-3,198,1,253,0
-2,-7,199,1,253,0
-5,-6,204,1,253,0
2,-6,223,1,253,0
-4,-3,223,1,253,0
-1,-4,228,1,253,0
-6,0,248,1,253,0
-8,3,7,1,254,0
8,-5,9,1,254,0
-7,2,14,1,254,0
7,-2,94,1,254,0
4,-3,78,1,254,0
-3,-1,133,1,254,0
0,-1,136,1,254,0
5,-6,149,1,254,0
4,2,225,1,254,0
1,-4,219,1,254,0
2,0,224,1,254,0
2,-7,226,1,254,0
-4,-4,231,1,254,0
-5,0,241,1,254,0
-1,-5,253,1,254,0
-2,-8,253,1,254,0
8,-6,7,1,254,0
5,-7,83,1,254,0
3,-1,129,1,254,0
-5,1,159,1,254,0
4,-4,162,1,254,0
3,2,222,1,254,0
2,1,212,1,254,0
0,-2,197,1,254,0
1,-5,199,1,254,0
-1,-6,233,1,254,0
-4,0,234,1,254,0
1,0,238,1,254,0
-4,-5,239,1,254,0
-3,-2,245,1,254,0
-6,-1,253,1,254,0
8,-7,6,1,254,0
6,-1,252,1,254,0
3,-2,116,1,254,0
-3,0,123,1,254,0
3,3,128,1,254,0
2,2,213,1,254,0
-6,-2,147,1,254,0
4,-5,161,1,254,0
-1,-7,163,1,254,0
-5,2,165,1,254,0
1,1,171,1,254,0
-4,1,176,1,254,0
0,-3,182,1,254,0
-3,-3,222,1,254,0
0,0,252,1,254,0
-4,-6,253,1,254,0
7,-5,25,1,254,0
6,-2,96,1,254,0
5,6,103,1,254,0
4,5,112,1,254,0
3,4,126,1,254,0
2,3,195,1,254,0
-2,-1,164,1,254,0
-4,2,167,1,254,0
1,2,169,1,254,0
3,-3,174,1,254,0
0,-4,227,1,254,0
1,-7,235,1,254,0
-1,-8,251,1,254,0
-6,-3,253,1,254,0
-3,-4,253,1,254,0
6,-3,58,1,254,0
8,0,125,1,254,0
2,4,77,1,254,0
4,-7,79,1,254,0
1,3,85,1,254,0
5,7,102,1,254,0
4,6,111,1,254,0
3,5,119,1,254,0
7,-6,139,1,254,0
1,-8,153,1,254,0
3,-4,169,1,254,0
0,-5,189,1,254,0
-3,-5,197,1,254,0
2,-1,223,1,254,0
-3,2,234,1,254,0
-2,-2,238,1,254,0
-5,-1,239,1,254,0
-4,3,244,1,254,0
-6,-4,251,1,254,0
-1,0,253,1,254,0
-5,5,9,1,254,0
2,5,17,1,254,0
7,0,123,1,254,0
3,6,53,1,254,0
6,-4,57,1,254,0
1,4,78,1,254,0
4,7,96,1,254,0
-8,-1,102,1,254,0
7,-7,112,1,254,0
8,1,128,1,254,0
2,-2,162,1,254,0
-1,1,181,1,254,0
0,-6,184,1,254,0
-3,-6,186,1,254,0
-6,-5,213,1,254,0
-2,-3,229,1,254,0
-3,3,243,1,254,0
-4,4,248,1,254,0
-5,-2,253,1,254,0
1,5,11,1,254,0
-4,5,15,1,254,0
6,0,245,1,254,0
2,6,44,1,254,0
6,-5,44,1,254,0
8,-1,67,1,254,0
-8,-2,94,1,254,0
7,1,135,1,254,0
-5,-3,159,1,254,0
-1,-1,167,1,254,0
-3,-7,187,1,254,0
-1,2,187,1,254,0
2,-3,194,1,254,0
-2,3,224,1,254,0
0,-7,241,1,254,0
-2,-4,245,1,254,0
-3,4,252,1,254,0
5,0,238,1,254,0
2,7,18,1,254,0
1,6,36,1,254,0
5,-3,67,1,254,0
8,-2,86,1,254,0
3,-7,94,1,254,0
6,1,143,1,254,0
6,-6,146,1,254,0
-2,4,204,1,254,0
-1,-2,206,1,254,0
2,-4,211,1,254,0
-1,3,217,1,254,0
1,-1,219,1,254,0
-4,-1,226,1,254,0
-2,-5,239,1,254,0
-5,-4,245,1,254,0
0,-8,245,1,254,0
4,-1,9,1,254,0
0,6,4,1,254,0
4,0,11,1,254,0
5,1,236,1,254,0
1,7,26,1,254,0
5,-4,64,1,254,0
6,-7,74,1,254,0
-7,-1,103,1,254,0
-7,0,128,1,254,0
1,-2,168,1,254,0
-1,4,201,1,254,0
-2,-6,203,1,254,0
2,-5,216,1,254,0
-1,-3,227,1,254,0
-5,-5,239,1,254,0
-4,-2,251,1,254,0
1,8,11,1,254,0
-8,2,11,1,254,0
7,-1,254,1,254,0
-7,-2,95,1,254,0
-7,1,119,1,254,0
3,0,125,1,254,0
5,2,147,1,254,0
4,1,229,1,254,0
5,-5,153,1,254,0
1,-3,198,1,254,0
-2,-7,199,1,254,0
-5,-6,204,1,254,0
2,-6,223,1,254,0
-4,-3,223,1,254,0
-1,-4,228,1,254,0
-6,0,248,1,254,0
-8,3,7,1,255,0
8,-5,9,1,255,0
-7,2,14,1,255,0
7,-2,255,1,255,0
4,-3,78,1,255,0
-3,-1,133,1,255,0
0,-1,136,1,255,0
5,-6,149,1,255,0
4,2,225,1,255,0
1,-4,219,1,255,0
2,0,224,1,255,0
2,-7,226,1,255,0
-4,-4,231,1,255,0
-5,0,241,1,255,0
-1,-5,254,1,255,0
-2,-8,254,1,255,0
8,-6,7,1,255,0
5,-7,83,1,255,0
3,-1,129,1,255,0
-5,1,159,1,255,0
4,-4,162,1,255,0
3,2,222,1,255,0
2,1,212,1,255,0
0,-2,197,1,255,0
1,-5,199,1,255,0
-1,-6,233,1,255,0
-4,0,234,1,255,0
1,0,238,1,255,0
-4,-5,239,1,255,0
-3,-2,245,1,255,0
-6,-1,254,1,255,0
8,-7,6,1,255,0
6,-1,252,1,255,0
3,-2,116,1,255,0
-3,0,123,1,255,0
3,3,128,1,255,0
2,2,213,1,255,0
-6,-2,147,1,255,0
4,-5,161,1,255,0
-1,-7,163,1,255,0
-5,2,165,1,255,0
1,1,171,1,255,0
-4,1,176,1,255,0
0,-3,182,1,255,0
0,0,252,1,255,0
-3,-3,254,1,255,0
-4,-6,254,1,255,0
7,-5,25,1,255,0
6,-2,96,1,255,0
5,6,103,1,255,0
4,5,112,1,255,0
3,4,126,1,255,0
2,3,195,1,255,0
-2,-1,164,1,255,0
-4,2,167,1,255,0
1,2,169,1,255,0
3,-3,174,1,255,0
0,-4,227,1,255,0
1,-7,235,1,255,0
-1,-8,251,1,255,0
-3,-4,253,1,255,0
-6,-3,254,1,255,0
6,-3,58,1,255,0
8,0,125,1,255,0
2,4,77,1,255,0
4,-7,79,1,255,0
1,3,85,1,255,0
5,7,102,1,255,0
4,6,111,1,255,0
3,5,119,1,255,0
7,-6,139,1,255,0
1,-8,153,1,255,0
3,-4,169,1,255,0
0,-5,189,1,255,0
-3,-5,197,1,255,0
2,-1,223,1,255,0
-3,2,234,1,255,0
-2,-2,238,1,255,0
-5,-1,239,1,255,0
-4,3,244,1,255,0
-6,-4,251,1,255,0
-1,0,254,1,255,0
-5,5,9,1,255,0
2,5,17,1,255,0
7,0,123,1,255,0
3,6,53,1,255,0
6,-4,57,1,255,0
1,4,78,1,255,0
4,7,96,1,255,0
-8,-1,102,1,255,0
7,-7,112,1,255,0
8,1,128,1,255,0
2,-2,162,1,255,0
-1,1,181,1,255,0
0,-6,184,1,255,0
-3,-6,186,1,255,0
-6,-5,213,1,255,0
-2,-3,229,1,255,0
-3,3,243,1,255,0
-4,4,248,1,255,0
-5,-2,254,1,255,0
1,5,11,1,255,0
-4,5,15,1,255,0
6,0,245,1,255,0
2,6,44,1,255,0
6,-5,44,1,255,0
8,-1,67,1,255,0
-8,-2,94,1,255,0
7,1,135,1,255,0
-5,-3,159,1,255,0
-1,-1,167,1,255,0
-3,-7,187,1,255,0
-1,2,187,1,255,0
2,-3,194,1,255,0
-2,3,224,1,255,0
0,-7,241,1,255,0
-2,-4,245,1,255,0
-3,4,252,1,255,0
5,0,238,1,255,0
2,7,18,1,255,0
1,6,36,1,255,0
5,-3,67,1,255,0
8,-2,86,1,255,0
3,-7,94,1,255,0
6,1,143,1,255,0
6,-6,146,1,255,0
-2,4,204,1,255,0
-1,-2,206,1,255,0
2,-4,211,1,255,0
-1,3,217,1,255,0
1,-1,219,1,255,0
-4,-1,226,1,255,0
-2,-5,239,1,255,0
-5,-4,245,1,255,0
0,-8,245,1,255,0
-3,5,253,1,255,0
4,-1,9,1,255,0
0,6,4,1,255,0
4,0,11,1,255,0
5,1,236,1,255,0
1,7,26,1,255,0
5,-4,64,1,255,0
6,-7,74,1,255,0
-7,-1,103,1,255,0
-7,0,128,1,255,0
1,-2,168,1,255,0
-1,4,201,1,255,0
-2,-6,203,1,255,0
2,-5,216,1,255,0
-1,-3,227,1,255,0
-5,-5,239,1,255,0
-4,-2,251,1,255,0
1,8,11,1,255,0
-8,2,11,1,255,0
7,-1,254,1,255,0
-7,-2,95,1,255,0
-7,1,119,1,255,0
3,0,125,1,255,0
5,2,147,1,255,0
4,1,229,1,255,0
5,-5,153,1,255,0
1,-3,198,1,255,0
-2,-7,199,1,255,0
-5,-6,204,1,255,0
2,-6,223,1,255,0
-4,-3,223,1,255,0
-1,-4,228,1,255,0
-6,0,248,1,255,0
-8,3,7,1,256,0
8,-5,9,1,256,0
-7,2,14,1,256,0
7,-2,255,1,256,0
4,-3,78,1,256,0
-3,-1,133,1,256,0
0,-1,136,1,256,0
5,-6,149,1,256,0
4,2,225,1,256,0
1,-4,219,1,256,0
2,0,224,1,256,0
2,-7,226,1,256,0
-4,-4,231,1,256,0
-5,0,241,1,256,0
-2,-8,254,1,256,0
-1,-5,255,1,256,0
8,-6,7,1,256,0
5,-7,83,1,256,0
3,-1,129,1,256,0
-5,1,159,1,256,0
4,-4,162,1,256,0
3,2,222,1,256,0
2,1,212,1,256,0
0,-2,197,1,256,0
1,-5,199,1,256,0
-1,-6,233,1,256,0
-4,0,234,1,256,0
1,0,238,1,256,0
-4,-5,239,1,256,0
-3,-2,245,1,256,0
-6,-1,255,1,256,0
8,-7,6,1,256,0
6,-1,252,1,256,0
3,-2,116,1,256,0
-3,0,123,1,256,0
3,3,128,1,256,0
2,2,213,1,256,0
-6,-2,147,1,256,0
4,-5,161,1,256,0
-1,-7,163,1,256,0
-5,2,165,1,256,0
1,1,171,1,256,0
-4,1,176,1,256,0
0,-3,182,1,256,0
0,0,252,1,256,0
-3,-3,255,1,256,0
-4,-6,255,1,256,0
7,-5,25,1,256,0
6,-2,256,1,256,0
5,6,103,1,256,0
4,5,112,1,256,0
3,4,126,1,256,0
2,3,195,1,256,0
-2,-1,164,1,256,0
-4,2,167,1,256,0
1,2,169,1,256,0
3,-3,174,1,256,0
0,-4,227,1,256,0
1,-7,235,1,256,0
-1,-8,251,1,256,0
-3,-4,253,1,256,0
-6,-3,255,1,256,0
6,-3,58,1,256,0
8,0,125,1,256,0
2,4,77,1,256,0
4,-7,79,1,256,0
1,3,85,1,256,0
5,7,102,1,256,0
4,6,111,1,256,0
3,5,119,1,256,0
7,-6,139,1,256,0
1,-8,153,1,256,0
3,-4,169,1,256,0
0,-5,189,1,256,0
-3,-5,197,1,256,0
2,-1,223,1,256,0
-3,2,234,1,256,0
-2,-2,238,1,256,0
-5,-1,239,1,256,0
-4,3,244,1,256,0
-6,-4,251,1,256,0
-1,0,255,1,256,0
-5,5,9,1,256,0
2,5,17,1,256,0
7,0,123,1,256,0
3,6,53,1,256,0
6,-4,57,1,256,0
1,4,78,1,256,0
4,7,96,1,256,0
-8,-1,102,1,256,0
7,-7,112,1,256,0
8,1,128,1,256,0
2,-2,162,1,256,0
-1,1,181,1,256,0
0,-6,184,1,256,0
-3,-6,186,1,256,0
-6,-5,213,1,256,0
-2,-3,229,1,256,0
-3,3,243,1,256,0
-4,4,248,1,256,0
-5,-2,255,1,256,0
1,5,11,1,256,0
-4,5,15,1,256,0
6,0,245,1,256,0
2,6,44,1,256,0
6,-5,44,1,256,0
8,-1,67,1,256,0
-8,-2,94,1,256,0
7,1,135,1,256,0
-5,-3,159,1,256,0
-1,-1,167,1,256,0
-3,-7,187,1,256,0
-1,2,187,1,256,0
2,-3,194,1,256,0
-2,3,224,1,256,0
0,-7,241,1,256,0
-2,-4,245,1,256,0
-3,4,252,1,256,0
5,0,238,1,256,0
2,7,18,1,256,0
1,6,36,1,256,0
5,-3,67,1,256,0
8,-2,86,1,256,0
3,-7,94,1,256,0
6,1,143,1,256,0
6,-6,146,1,256,0
-2,4,204,1,256,0
-1,-2,206,1,256,0
2,-4,211,1,256,0
-1,3,217,1,256,0
1,-1,219,1,256,0
-4,-1,226,1,256,0
-2,-5,239,1,256,0
-5,-4,245,1,256,0
0,-8,245,1,256,0
-3,5,254,1,256,0
4,-1,9,1,256,0
0,6,4,1,256,0
4,0,11,1,256,0
5,1,236,1,256,0
1,7,26,1,256,0
5,-4,64,1,256,0
6,-7,74,1,256,0
-7,-1,103,1,256,0
-7,0,128,1,256,0
1,-2,168,1,256,0
-1,4,201,1,256,0
-2,-6,203,1,256,0
2,-5,216,1,256,0
-1,-3,227,1,256,0
-5,-5,239,1,256,0
-4,-2,251,1,256,0
1,8,11,1,256,0
-8,2,11,1,256,0
7,-1,254,1,256,0
-7,-2,95,1,256,0
-7,1,119,1,256,0
3,0,125,1,256,0
5,2,147,1,256,0
4,1,229,1,256,0
5,-5,153,1,256,0
1,-3,198,1,256,0
-5,-6,204,1,256,0
2,-6,223,1,256,0
-4,-3,223,1,256,0
-1,-4,228,1,256,0
-6,0,248,1,256,0
-2,-7,255,1,256,0
-8,3,7,1,257,0
8,-5,9,1,257,0
-7,2,14,1,257,0
7,-2,255,1,257,0
4,-3,78,1,257,0
-3,-1,133,1,257,0
0,-1,136,1,257,0
5,-6,149,1,257,0
4,2,225,1,257,0
1,-4,219,1,257,0
2,0,224,1,257,0
2,-7,226,1,257,0
-4,-4,231,1,257,0
-5,0,241,1,257,0
-2,-8,254,1,257,0
-1,-5,256,1,257,0
8,-6,7,1,257,0
5,-7,83,1,257,0
3,-1,129,1,257,0
-5,1,159,1,257,0
4,-4,162,1,257,0
3,2,222,1,257,0
2,1,212,1,257,0
0,-2,197,1,257,0
1,-5,199,1,257,0
-1,-6,233,1,257,0
-4,0,234,1,257,0
1,0,238,1,257,0
-4,-5,239,1,257,0
-3,-2,245,1,257,0
-6,-1,256,1,257,0
8,-7,6,1,257,0
6,-1,252,1,257,0
3,-2,116,1,257,0
-3,0,123,1,257,0
3,3,128,1,257,0
2,2,213,1,257,0
-6,-2,147,1,257,0
4,-5,161,1,257,0
-1,-7,163,1,257,0
-5,2,165,1,257,0
1,1,171,1,257,0
-4,1,176,1,257,0
0,-3,182,1,257,0
0,0,252,1,257,0
-3,-3,256,1,257,0
-4,-6,256,1,257,0
7,-5,25,1,257,0
6,-2,257,1,257,0
5,6,103,1,257,0
4,5,112,1,257,0
3,4,126,1,257,0
2,3,195,1,257,0
-2,-1,164,1,257,0
-4,2,167,1,257,0
1,2,169,1,257,0
3,-3,174,1,257,0
0,-4,227,1,257,0
1,-7,235,1,257,0
-1,-8,251,1,257,0
-3,-4,253,1,257,0
-6,-3,256,1,257,0
6,-3,58,1,257,0
8,0,125,1,257,0
2,4,77,1,257,0
4,-7,79,1,257,0
1,3,85,1,257,0
5,7,102,1,257,0
4,6,111,1,257,0
3,5,119,1,257,0
7,-6,139,1,257,0
1,-8,153,1,257,0
3,-4,169,1,257,0
0,-5,189,1,257,0
-3,-5,197,1,257,0
2,-1,223,1,257,0
-3,2,234,1,257,0
-2,-2,238,1,257,0
-4,3,244,1,257,0
-6,-4,251,1,257,0
-1,0,256,1,257,0
-5,-1,256,1,257,0
-5,5,9,1,257,0
2,5,17,1,257,0
7,0,123,1,257,0
3,6,53,1,257,0
6,-4,57,1,257,0
1,4,78,1,257,0
4,7,96,1,257,0
-8,-1,102,1,257,0
7,-7,112,1,257,0
8,1,128,1,257,0
2,-2,162,1,257,0
-1,1,181,1,257,0
0,-6,184,1,257,0
-3,-6,186,1,257,0
-6,-5,213,1,257,0
-2,-3,229,1,257,0
-3,3,243,1,257,0
-4,4,248,1,257,0
-5,-2,255,1,257,0
1,5,11,1,257,0
-4,5,15,1,257,0
6,0,245,1,257,0
2,6,44,1,257,0
6,-5,44,1,257,0
8,-1,67,1,257,0
-8,-2,94,1,257,0
7,1,135,1,257,0
-5,-3,159,1,257,0
-1,-1,167,1,257,0
-3,-7,187,1,257,0
-1,2,187,1,257,0
2,-3,194,1,257,0
-2,3,224,1,257,0
0,-7,241,1,257,0
-2,-4,245,1,257,0
-3,4,252,1,257,0
5,0,238,1,257,0
2,7,18,1,257,0
1,6,36,1,257,0
5,-3,67,1,257,0
8,-2,86,1,257,0
3,-7,94,1,257,0
6,1,143,1,257,0
6,-6,146,1,257,0
-2,4,204,1,257,0
-1,-2,206,1,257,0
2,-4,211,1,257,0
-1,3,217,1,257,0
1,-1,219,1,257,0
-4,-1,226,1,257,0
-2,-5,239,1,257,0
-5,-4,245,1,257,0
0,-8,245,1,257,0
-3,5,255,1,257,0
4,-1,9,1,257,0
0,6,4,1,257,0
4,0,11,1,257,0
5,1,236,1,257,0
1,7,26,1,257,0
5,-4,64,1,257,0
6,-7,74,1,257,0
-7,-1,103,1,257,0
-7,0,128,1,257,0
1,-2,168,1,257,0
-1,4,201,1,257,0
-2,-6,203,1,257,0
2,-5,216,1,257,0
-1,-3,227,1,257,0
-5,-5,239,1,257,0
-4,-2,251,1,257,0
1,8,11,1,257,0
-8,2,11,1,257,0
7,-1,254,1,257,0
-7,-2,95,1,257,0
-7,1,119,1,257,0
3,0,125,1,257,0
5,2,147,1,257,0
4,1,229,1,257,0
5,-5,153,1,257,0
1,-3,198,1,257,0
-5,-6,204,1,257,0
2,-6,223,1,257,0
-4,-3,223,1,257,0
-1,-4,228,1,257,0
-6,0,248,1,257,0
-2,-7,255,1,257,0
-8,3,7,1,258,0
8,-5,9,1,258,0
-7,2,14,1,258,0
7,-2,258,1,258,0
4,-3,78,1,258,0
-3,-1,133,1,258,0
0,-1,136,1,258,0
5,-6,149,1,258,0
4,2,225,1,258,0
1,-4,219,1,258,0
2,0,224,1,258,0
2,-7,226,1,258,0
-4,-4,231,1,258,0
-5,0,241,1,258,0
-2,-8,254,1,258,0
-1,-5,257,1,258,0
8,-6,7,1,258,0
5,-7,83,1,258,0
3,-1,129,1,258,0
-5,1,159,1,258,0
4,-4,162,1,258,0
3,2,222,1,258,0
2,1,212,1,258,0
0,-2,197,1,258,0
1,-5,199,1,258,0
-1,-6,233,1,258,0
-4,0,234,1,258,0
1,0,238,1,258,0
-4,-5,239,1,258,0
-3,-2,245,1,258,0
-6,-1,256,1,258,0
8,-7,6,1,258,0
6,-1,252,1,258,0
3,-2,116,1,258,0
-3,0,123,1,258,0
3,3,128,1,258,0
2,2,213,1,258,0
-6,-2,147,1,258,0
4,-5,161,1,258,0
-1,-7,163,1,258,0
-5,2,165,1,258,0
1,1,171,1,258,0
-4,1,176,1,258,0
0,-3,182,1,258,0
0,0,252,1,258,0
-4,-6,256,1,258,0
-3,-3,257,1,258,0
7,-5,25,1,258,0
6,-2,257,1,258,0
5,6,103,1,258,0
4,5,112,1,258,0
3,4,126,1,258,0
2,3,195,1,258,0
-2,-1,164,1,258,0
-4,2,167,1,258,0
1,2,169,1,258,0
3,-3,174,1,258,0
0,-4,227,1,258,0
1,-7,235,1,258,0
-1,-8,251,1,258,0
-3,-4,253,1,258,0
-6,-3,257,1,258,0
-4,-7,257,1,258,0
6,-3,58,1,258,0
8,0,125,1,258,0
2,4,77,1,258,0
4,-7,79,1,258,0
1,3,85,1,258,0
5,7,102,1,258,0
4,6,111,1,258,0
3,5,119,1,258,0
7,-6,139,1,258,0
1,-8,153,1,258,0
3,-4,169,1,258,0
0,-5,189,1,258,0
-3,-5,197,1,258,0
2,-1,223,1,258,0
-3,2,234,1,258,0
-2,-2,238,1,258,0
-4,3,244,1,258,0
-6,-4,251,1,258,0
-1,0,256,1,258,0
-5,-1,257,1,258,0
-5,5,9,1,258,0
2,5,17,1,258,0
7,0,123,1,258,0
3,6,53,1,258,0
6,-4,57,1,258,0
1,4,78,1,258,0
4,7,96,1,258,0
-8,-1,102,1,258,0
7,-7,112,1,258,0
8,1,128,1,258,0
2,-2,162,1,258,0
-1,1,181,1,258,0
0,-6,184,1,258,0
-3,-6,186,1,258,0
-6,-5,213,1,258,0
-2,-3,229,1,258,0
-3,3,243,1,258,0
-4,4,248,1,258,0
-5,-2,255,1,258,0
1,5,11,1,258,0
-4,5,15,1,258,0
6,0,245,1,258,0
2,6,44,1,258,0
6,-5,44,1,258,0
8,-1,67,1,258,0
-8,-2,94,1,258,0
7,1,135,1,258,0
-5,-3,159,1,258,0
-3,-7,187,1,258,0
-1,2,187,1,258,0
2,-3,194,1,258,0
-2,3,224,1,258,0
0,-7,241,1,258,0
-2,-4,245,1,258,0
-3,4,252,1,258,0
-1,-1,257,1,258,0
5,0,238,1,258,0
2,7,18,1,258,0
1,6,36,1,258,0
5,-3,67,1,258,0
8,-2,86,1,258,0
3,-7,94,1,258,0
6,1,143,1,258,0
6,-6,146,1,258,0
-2,4,204,1,258,0
-1,-2,206,1,258,0
2,-4,211,1,258,0
-1,3,217,1,258,0
1,-1,219,1,258,0
-4,-1,226,1,258,0
-2,-5,239,1,258,0
-5,-4,245,1,258,0
0,-8,245,1,258,0
-3,5,256,1,258,0
4,-1,9,1,258,0
0,6,4,1,258,0
4,0,11,1,258,0
5,1,236,1,258,0
1,7,26,1,258,0
5,-4,64,1,258,0
6,-7,74,1,258,0
-7,0,128,1,258,0
1,-2,168,1,258,0
-1,4,201,1,258,0
-2,-6,203,1,258,0
2,-5,216,1,258,0
-1,-3,227,1,258,0
-5,-5,239,1,258,0
-4,-2,251,1,258,0
-7,-1,257,1,258,0
1,8,11,1,258,0
-8,2,11,1,258,0
7,-1,254,1,258,0
-7,-2,95,1,258,0
-7,1,119,1,258,0
3,0,125,1,258,0
5,2,147,1,258,0
4,1,229,1,258,0
5,-5,153,1,258,0
1,-3,198,1,258,0
-5,-6,204,1,258,0
2,-6,223,1,258,0
-4,-3,223,1,258,0
-1,-4,228,1,258,0
-6,0,248,1,258,0
-2,-7,256,1,258,0
-8,3,7,1,259,0
8,-5,9,1,259,0
-7,2,14,1,259,0
7,-2,259,1,259,0
4,-3,78,1,259,0
-3,-1,133,1,259,0
0,-1,136,1,259,0
5,-6,149,1,259,0
4,2,225,1,259,0
1,-4,219,1,259,0
2,0,224,1,259,0
2,-7,226,1,259,0
-4,-4,231,1,259,0
-5,0,241,1,259,0
-2,-8,254,1,259,0
-1,-5,257,1,259,0
8,-6,7,1,259,0
5,-7,83,1,259,0
3,-1,129,1,259,0
-5,1,159,1,259,0
4,-4,162,1,259,0
3,2,222,1,259,0
2,1,212,1,259,0
0,-2,197,1,259,0
1,-5,199,1,259,0
-1,-6,233,1,259,0
-4,0,234,1,259,0
1,0,238,1,259,0
-4,-5,239,1,259,0
-3,-2,245,1,259,0
-6,-1,256,1,259,0
8,-7,6,1,259,0
6,-1,252,1,259,0
3,-2,116,1,259,0
-3,0,123,1,259,0
3,3,128,1,259,0
2,2,213,1,259,0
-6,-2,147,1,259,0
4,-5,161,1,259,0
-1,-7,163,1,259,0
-5,2,165,1,259,0
1,1,171,1,259,0
-4,1,176,1,259,0
0,-3,182,1,259,0
0,0,252,1,259,0
-4,-6,256,1,259,0
-3,-3,258,1,259,0
7,-5,25,1,259,0
6,-2,257,1,259,0
5,6,103,1,259,0
4,5,112,1,259,0
3,4,126,1,259,0
2,3,195,1,259,0
-2,-1,164,1,259,0
-4,2,167,1,259,0
1,2,169,1,259,0
3,-3,174,1,259,0
0,-4,227,1,259,0
1,-7,235,1,259,0
-1,-8,251,1,259,0
-3,-4,253,1,259,0
-4,-7,257,1,259,0
-6,-3,258,1,259,0
6,-3,58,1,259,0
8,0,125,1,259,0
2,4,77,1,259,0
4,-7,79,1,259,0
1,3,85,1,259,0
5,7,102,1,259,0
4,6,111,1,259,0
3,5,119,1,259,0
7,-6,139,1,259,0
1,-8,153,1,259,0
3,-4,169,1,259,0
0,-5,189,1,259,0
-3,-5,197,1,259,0
2,-1,223,1,259,0
-3,2,234,1,259,0
-2,-2,238,1,259,0
-4,3,244,1,259,0
-6,-4,251,1,259,0
-1,0,256,1,259,0
-5,-1,258,1,259,0
-5,5,9,1,259,0
2,5,17,1,259,0
7,0,123,1,259,0
3,6,53,1,259,0
6,-4,57,1,259,0
1,4,78,1,259,0
4,7,96,1,259,0
-8,-1,102,1,259,0
7,-7,112,1,259,0
8,1,128,1,259,0
2,-2,162,1,259,0
-1,1,181,1,259,0
0,-6,184,1,259,0
-3,-6,186,1,259,0
-6,-5,213,1,259,0
-2,-3,229,1,259,0
-3,3,243,1,259,0
-4,4,248,1,259,0
-5,-2,255,1,259,0
1,5,11,1,259,0
-4,5,15,1,259,0
6,0,245,1,259,0
2,6,44,1,259,0
6,-5,44,1,259,0
8,-1,67,1,259,0
-8,-2,94,1,259,0
7,1,135,1,259,0
-5,-3,159,1,259,0
-3,-7,187,1,259,0
-1,2,187,1,259,0
2,-3,194,1,259,0
-2,3,224,1,259,0
0,-7,241,1,259,0
-2,-4,245,1,259,0
-3,4,252,1,259,0
-1,-1,258,1,259,0
5,0,238,1,259,0
2,7,18,1,259,0
1,6,36,1,259,0
5,-3,67,1,259,0
8,-2,86,1,259,0
3,-7,94,1,259,0
6,1,143,1,259,0
6,-6,146,1,259,0
-2,4,204,1,259,0
-1,-2,206,1,259,0
2,-4,211,1,259,0
-1,3,217,1,259,0
1,-1,219,1,259,0
-4,-1,226,1,259,0
-2,-5,239,1,259,0
-5,-4,245,1,259,0
0,-8,245,1,259,0
-3,5,257,1,259,0
4,-1,9,1,259,0
0,6,4,1,259,0
4,0,11,1,259,0
5,1,236,1,259,0
1,7,26,1,259,0
5,-4,64,1,259,0
6,-7,74,1,259,0
-7,0,128,1,259,0
1,-2,168,1,259,0
-1,4,201,1,259,0
-2,-6,203,1,259,0
2,-5,216,1,259,0
-1,-3,227,1,259,0
-5,-5,239,1,259,0
-4,-2,251,1,259,0
-7,-1,258,1,259,0
1,8,11,1,259,0
-8,2,11,1,259,0
7,-1,254,1,259,0
-7,-2,95,1,259,0
-7,1,119,1,259,0
3,0,125,1,259,0
5,2,147,1,259,0
4,1,229,1,259,0
5,-5,153,1,259,0
1,-3,198,1,259,0
2,-6,223,1,259,0
-4,-3,223,1,259,0
-1,-4,228,1,259,0
-6,0,248,1,259,0
-2,-7,257,1,259,0
-5,-6,258,1,259,0
-8,3,7,1,260,0
8,-5,9,1,260,0
-7,2,14,1,260,0
7,-2,259,1,260,0
4,-3,78,1,260,0
-3,-1,133,1,260,0
0,-1,136,1,260,0
5,-6,149,1,260,0
4,2,225,1,260,0
1,-4,219,1,260,0
2,0,224,1,260,0
2,-7,226,1,260,0
-4,-4,231,1,260,0
-5,0,241,1,260,0
-2,-8,254,1,260,0
-1,-5,258,1,260,0
8,-6,7,1,260,0
5,-7,83,1,260,0
3,-1,129,1,260,0
-5,1,159,1,260,0
4,-4,162,1,260,0
3,2,222,1,260,0
2,1,212,1,260,0
0,-2,197,1,260,0
1,-5,199,1,260,0
-1,-6,233,1,260,0
-4,0,234,1,260,0
1,0,238,1,260,0
-4,-5,239,1,260,0
-3,-2,245,1,260,0
-6,-1,256,1,260,0
8,-7,6,1,260,0
6,-1,252,1,260,0
3,-2,116,1,260,0
-3,0,123,1,260,0
3,3,128,1,260,0
2,2,213,1,260,0
-6,-2,147,1,260,0
4,-5,161,1,260,0
-1,-7,163,1,260,0
-5,2,165,1,260,0
1,1,171,1,260,0
-4,1,176,1,260,0
0,-3,182,1,260,0
0,0,252,1,260,0
-4,-6,256,1,260,0
-3,-3,259,1,260,0
7,-5,25,1,260,0
6,-2,257,1,260,0
5,6,103,1,260,0
4,5,112,1,260,0
3,4,126,1,260,0
2,3,195,1,260,0
-2,-1,164,1,260,0
-4,2,167,1,260,0
1,2,169,1,260,0
3,-3,174,1,260,0
0,-4,227,1,260,0
1,-7,235,1,260,0
-1,-8,251,1,260,0
-3,-4,253,1,260,0
-4,-7,257,1,260,0
-6,-3,259,1,260,0
6,-3,58,1,260,0
8,0,125,1,260,0
2,4,77,1,260,0
4,-7,79,1,260,0
1,3,85,1,260,0
5,7,102,1,260,0
4,6,111,1,260,0
3,5,119,1,260,0
7,-6,139,1,260,0
1,-8,153,1,260,0
3,-4,169,1,260,0
0,-5,189,1,260,0
-3,-5,197,1,260,0
2,-1,223,1,260,0
-3,2,234,1,260,0
-2,-2,238,1,260,0
-4,3,244,1,260,0
-6,-4,251,1,260,0
-1,0,256,1,260,0
-5,-1,259,1,260,0
-5,5,9,1,260,0
2,5,17,1,260,0
7,0,123,1,260,0
3,6,53,1,260,0
6,-4,57,1,260,0
1,4,78,1,260,0
4,7,96,1,260,0
-8,-1,102,1,260,0
7,-7,112,1,260,0
8,1,128,1,260,0
2,-2,162,1,260,0
-1,1,181,1,260,0
0,-6,184,1,260,0
-3,-6,186,1,260,0
-6,-5,213,1,260,0
-2,-3,229,1,260,0
-3,3,243,1,260,0
-4,4,248,1,260,0
-5,-2,255,1,260,0
1,5,11,1,260,0
-4,5,15,1,260,0
6,0,245,1,260,0
2,6,44,1,260,0
6,-5,44,1,260,0
8,-1,67,1,260,0
-8,-2,94,1,260,0
7,1,135,1,260,0
-5,-3,159,1,260,0
-3,-7,187,1,260,0
-1,2,187,1,260,0
2,-3,194,1,260,0
-2,3,224,1,260,0
0,-7,241,1,260,0
-2,-4,245,1,260,0
-3,4,252,1,260,0
-1,-1,259,1,260,0
5,0,238,1,260,0
2,7,18,1,260,0
1,6,36,1,260,0
5,-3,67,1,260,0
8,-2,86,1,260,0
3,-7,94,1,260,0
6,1,143,1,260,0
6,-6,146,1,260,0
-2,4,204,1,260,0
-1,-2,206,1,260,0
2,-4,211,1,260,0
-1,3,217,1,260,0
1,-1,219,1,260,0
-4,-1,226,1,260,0
-2,-5,239,1,260,0
-5,-4,245,1,260,0
0,-8,245,1,260,0
-3,5,258,1,260,0
4,-1,9,1,260,0
0,6,4,1,260,0
4,0,11,1,260,0
5,1,236,1,260,0
1,7,26,1,260,0
5,-4,64,1,260,0
6,-7,74,1,260,0
-7,0,128,1,260,0
1,-2,168,1,260,0
-1,4,201,1,260,0
-2,-6,203,1,260,0
2,-5,216,1,260,0
-1,-3,227,1,260,0
-5,-5,239,1,260,0
-4,-2,251,1,260,0
-7,-1,259,1,260,0
1,8,11,1,260,0
-8,2,11,1,260,0
7,-1,254,1,260,0
-7,-2,95,1,260,0
-7,1,119,1,260,0
3,0,125,1,260,0
5,2,147,1,260,0
4,1,229,1,260,0
5,-5,153,1,260,0
1,-3,198,1,260,0
2,-6,223,1,260,0
-4,-3,223,1,260,0
-1,-4,228,1,260,0
-6,0,248,1,260,0
-2,-7,258,1,260,0
-5,-6,259,1,260,0
-8,3,7,1,261,0
8,-5,9,1,261,0
-7,2,14,1,261,0
7,-2,261,1,261,0
4,-3,78,1,261,0
-3,-1,133,1,261,0
0,-1,136,1,261,0
5,-6,149,1,261,0
4,2,225,1,261,0
1,-4,219,1,261,0
2,0,224,1,261,0
2,-7,226,1,261,0
-4,-4,231,1,261,0
-5,0,241,1,261,0
-2,-8,254,1,261,0
-1,-5,259,1,261,0
8,-6,7,1,261,0
5,-7,83,1,261,0
3,-1,129,1,261,0
-5,1,159,1,261,0
4,-4,162,1,261,0
3,2,222,1,261,0
2,1,212,1,261,0
0,-2,197,1,261,0
1,-5,199,1,261,0
-1,-6,233,1,261,0
-4,0,234,1,261,0
1,0,238,1,261,0
-4,-5,239,1,261,0
-3,-2,245,1,261,0
-6,-1,256,1,261,0
8,-7,6,1,261,0
6,-1,252,1,261,0
3,-2,116,1,261,0
-3,0,123,1,261,0
3,3,128,1,261,0
2,2,213,1,261,0
-6,-2,147,1,261,0
4,-5,161,1,261,0
-1,-7,163,1,261,0
-5,2,165,1,261,0
1,1,171,1,261,0
-4,1,176,1,261,0
0,-3,182,1,261,0
0,0,252,1,261,0
-4,-6,256,1,261,0
-3,-3,259,1,261,0
7,-5,25,1,261,0
6,-2,257,1,261,0
5,6,103,1,261,0
4,5,112,1,261,0
3,4,126,1,261,0
2,3,195,1,261,0
-2,-1,164,1,261,0
-4,2,167,1,261,0
1,2,169,1,261,0
3,-3,174,1,261,0
0,-4,227,1,261,0
1,-7,235,1,261,0
-1,-8,251,1,261,0
-3,-4,253,1,261,0
-4,-7,257,1,261,0
-6,-3,259,1,261,0
6,-3,58,1,261,0
8,0,125,1,261,0
2,4,77,1,261,0
4,-7,79,1,261,0
1,3,85,1,261,0
5,7,102,1,261,0
4,6,111,1,261,0
3,5,119,1,261,0
7,-6,139,1,261,0
1,-8,153,1,261,0
3,-4,169,1,261,0
0,-5,189,1,261,0
-3,-5,197,1,261,0
2,-1,223,1,261,0
-3,2,234,1,261,0
-2,-2,238,1,261,0
-4,3,244,1,261,0
-6,-4,251,1,261,0
-1,0,256,1,261,0
-5,-1,259,1,261,0
-5,5,9,1,261,0
2,5,17,1,261,0
7,0,123,1,261,0
3,6,53,1,261,0
6,-4,57,1,261,0
1,4,78,1,261,0
4,7,96,1,261,0
-8,-1,102,1,261,0
7,-7,112,1,261,0
8,1,128,1,261,0
2,-2,162,1,261,0
-1,1,181,1,261,0
0,-6,184,1,261,0
-3,-6,186,1,261,0
-6,-5,213,1,261,0
-2,-3,229,1,261,0
-3,3,243,1,261,0
-4,4,248,1,261,0
-5,-2,255,1,261,0
1,5,11,1,261,0
-4,5,15,1,261,0
6,0,245,1,261,0
2,6,44,1,261,0
6,-5,44,1,261,0
8,-1,67,1,261,0
-8,-2,94,1,261,0
7,1,135,1,261,0
-5,-3,159,1,261,0
-1,2,187,1,261,0
2,-3,194,1,261,0
-2,3,224,1,261,0
0,-7,241,1,261,0
-2,-4,245,1,261,0
-3,4,252,1,261,0
-1,-1,259,1,261,0
-3,-7,259,1,261,0
5,0,238,1,261,0
2,7,18,1,261,0
1,6,36,1,261,0
5,-3,67,1,261,0
8,-2,86,1,261,0
3,-7,94,1,261,0
6,1,143,1,261,0
6,-6,146,1,261,0
-2,4,204,1,261,0
-1,-2,206,1,261,0
2,-4,211,1,261,0
-1,3,217,1,261,0
1,-1,219,1,261,0
-4,-1,226,1,261,0
-2,-5,239,1,261,0
-5,-4,245,1,261,0
0,-8,245,1,261,0
-3,5,259,1,261,0
4,-1,9,1,261,0
0,6,4,1,261,0
4,0,11,1,261,0
5,1,236,1,261,0
1,7,26,1,261,0
5,-4,64,1,261,0
6,-7,74,1,261,0
-7,0,128,1,261,0
1,-2,168,1,261,0
-1,4,201,1,261,0
-2,-6,203,1,261,0
2,-5,216,1,261,0
-1,-3,227,1,261,0
-5,-5,239,1,261,0
-4,-2,251,1,261,0
-7,-1,259,1,261,0
1,8,11,1,261,0
-8,2,11,1,261,0
7,-1,254,1,261,0
-7,-2,95,1,261,0
-7,1,119,1,261,0
3,0,125,1,261,0
5,2,147,1,261,0
4,1,229,1,261,0
5,-5,153,1,261,0
1,-3,198,1,261,0
2,-6,223,1,261,0
-4,-3,223,1,261,0
-1,-4,228,1,261,0
-6,0,248,1,261,0
-2,-7,258,1,261,0
-5,-6,259,1,261,0
-8,3,7,1,262,0
8,-5,9,1,262,0
-7,2,14,1,262,0
7,-2,262,1,262,0
4,-3,78,1,262,0
-3,-1,133,1,262,0
0,-1,136,1,262,0
5,-6,149,1,262,0
4,2,225,1,262,0
1,-4,219,1,262,0
2,0,224,1,262,0
2,-7,226,1,262,0
-4,-4,231,1,262,0
-5,0,241,1,262,0
-2,-8,254,1,262,0
-1,-5,259,1,262,0
8,-6,7,1,262,0
5,-7,83,1,262,0
3,-1,129,1,262,0
-5,1,159,1,262,0
4,-4,162,1,262,0
3,2,222,1,262,0
2,1,212,1,262,0
0,-2,197,1,262,0
1,-5,199,1,262,0
-1,-6,233,1,262,0
-4,0,234,1,262,0
1,0,238,1,262,0
-4,-5,239,1,262,0
-3,-2,245,1,262,0
-6,-1,261,1,262,0
8,-7,6,1,262,0
6,-1,252,1,262,0
3,-2,116,1,262,0
-3,0,123,1,262,0
3,3,128,1,262,0
2,2,213,1,262,0
4,-5,161,1,262,0
-1,-7,163,1,262,0
-5,2,165,1,262,0
1,1,171,1,262,0
-4,1,176,1,262,0
0,-3,182,1,262,0
0,0,252,1,262,0
-4,-6,256,1,262,0
-6,-2,261,1,262,0
-3,-3,261,1,262,0
7,-5,25,1,262,0
6,-2,257,1,262,0
5,6,103,1,262,0
4,5,112,1,262,0
3,4,126,1,262,0
2,3,195,1,262,0
-4,2,167,1,262,0
1,2,169,1,262,0
3,-3,174,1,262,0
0,-4,227,1,262,0
1,-7,235,1,262,0
-1,-8,251,1,262,0
-3,-4,253,1,262,0
-4,-7,257,1,262,0
-6,-3,259,1,262,0
-2,-1,261,1,262,0
6,-3,58,1,262,0
8,0,125,1,262,0
2,4,77,1,262,0
4,-7,79,1,262,0
1,3,85,1,262,0
5,7,102,1,262,0
4,6,111,1,262,0
3,5,119,1,262,0
7,-6,139,1,262,0
1,-8,153,1,262,0
3,-4,169,1,262,0
0,-5,189,1,262,0
-3,-5,197,1,262,0
2,-1,223,1,262,0
-3,2,234,1,262,0
-2,-2,238,1,262,0
-4,3,244,1,262,0
-6,-4,251,1,262,0
-1,0,256,1,262,0
-5,-1,259,1,262,0
-5,5,9,1,262,0
2,5,17,1,262,0
7,0,123,1,262,0
3,6,53,1,262,0
6,-4,57,1,262,0
1,4,78,1,262,0
4,7,96,1,262,0
-8,-1,102,1,262,0
7,-7,112,1,262,0
8,1,128,1,262,0
2,-2,162,1,262,0
-1,1,181,1,262,0
0,-6,184,1,262,0
-3,-6,186,1,262,0
-6,-5,213,1,262,0
-2,-3,229,1,262,0
-3,3,243,1,262,0
-4,4,248,1,262,0
-5,-2,255,1,262,0
1,5,11,1,262,0
-4,5,15,1,262,0
6,0,245,1,262,0
2,6,44,1,262,0
6,-5,44,1,262,0
8,-1,67,1,262,0
-8,-2,94,1,262,0
7,1,135,1,262,0
-5,-3,159,1,262,0
-1,2,187,1,262,0
2,-3,194,1,262,0
-2,3,224,1,262,0
0,-7,241,1,262,0
-2,-4,245,1,262,0
-3,4,252,1,262,0
-1,-1,259,1,262,0
-3,-7,259,1,262,0
5,0,238,1,262,0
2,7,18,1,262,0
1,6,36,1,262,0
5,-3,67,1,262,0
8,-2,86,1,262,0
3,-7,94,1,262,0
6,1,143,1,262,0
6,-6,146,1,262,0
-2,4,204,1,262,0
-1,-2,206,1,262,0
2,-4,211,1,262,0
-1,3,217,1,262,0
1,-1,219,1,262,0
-4,-1,226,1,262,0
-2,-5,239,1,262,0
-5,-4,245,1,262,0
0,-8,245,1,262,0
-3,5,259,1,262,0
4,-1,9,1,262,0
0,6,4,1,262,0
4,0,11,1,262,0
5,1,236,1,262,0
1,7,26,1,262,0
5,-4,64,1,262,0
6,-7,74,1,262,0
-7,0,128,1,262,0
1,-2,168,1,262,0
-1,4,201,1,262,0
-2,-6,203,1,262,0
2,-5,216,1,262,0
-1,-3,227,1,262,0
-5,-5,239,1,262,0
-4,-2,251,1,262,0
-7,-1,261,1,262,0
1,8,11,1,262,0
-8,2,11,1,262,0
7,-1,254,1,262,0
-7,-2,95,1,262,0
-7,1,119,1,262,0
3,0,125,1,262,0
5,2,147,1,262,0
4,1,229,1,262,0
5,-5,153,1,262,0
1,-3,198,1,262,0
2,-6,223,1,262,0
-4,-3,223,1,262,0
-1,-4,228,1,262,0
-6,0,248,1,262,0
-2,-7,258,1,262,0
-5,-6,261,1,262,0
-8,3,7,1,263,0
8,-5,9,1,263,0
-7,2,14,1,263,0
7,-2,263,1,263,0
4,-3,78,1,263,0
-3,-1,133,1,263,0
0,-1,136,1,263,0
5,-6,149,1,263,0
4,2,225,1,263,0
1,-4,219,1,263,0
2,0,224,1,263,0
2,-7,226,1,263,0
-4,-4,231,1,263,0
-5,0,241,1,263,0
-2,-8,254,1,263,0
-1,-5,259,1,263,0
8,-6,7,1,263,0
5,-7,83,1,263,0
3,-1,129,1,263,0
-5,1,159,1,263,0
4,-4,162,1,263,0
3,2,222,1,263,0
2,1,212,1,263,0
0,-2,197,1,263,0
1,-5,199,1,263,0
-4,0,234,1,263,0
1,0,238,1,263,0
-4,-5,239,1,263,0
-3,-2,245,1,263,0
-1,-6,261,1,263,0
-6,-1,262,1,263,0
8,-7,6,1,263,0
6,-1,252,1,263,0
3,-2,116,1,263,0
-3,0,123,1,263,0
3,3,128,1,263,0
2,2,213,1,263,0
4,-5,161,1,263,0
-1,-7,163,1,263,0
-5,2,165,1,263,0
1,1,171,1,263,0
-4,1,176,1,263,0
0,-3,182,1,263,0
0,0,252,1,263,0
-4,-6,256,1,263,0
-6,-2,262,1,263,0
-3,-3,262,1,263,0
7,-5,25,1,263,0
6,-2,257,1,263,0
5,6,103,1,263,0
4,5,112,1,263,0
3,4,126,1,263,0
2,3,195,1,263,0
-4,2,167,1,263,0
1,2,169,1,263,0
3,-3,174,1,263,0
0,-4,227,1,263,0
1,-7,235,1,263,0
-1,-8,251,1,263,0
-3,-4,253,1,263,0
-4,-7,257,1,263,0
-6,-3,259,1,263,0
-2,-1,262,1,263,0
6,-3,58,1,263,0
8,0,125,1,263,0
2,4,77,1,263,0
4,-7,79,1,263,0
1,3,85,1,263,0
5,7,102,1,263,0
4,6,111,1,263,0
3,5,119,1,263,0
7,-6,139,1,263,0
1,-8,153,1,263,0
3,-4,169,1,263,0
0,-5,189,1,263,0
-3,-5,197,1,263,0
2,-1,223,1,263,0
-3,2,234,1,263,0
-2,-2,238,1,263,0
-4,3,244,1,263,0
-6,-4,251,1,263,0
-1,0,256,1,263,0
-5,-1,259,1,263,0
-5,5,9,1,263,0
2,5,17,1,263,0
7,0,123,1,263,0
3,6,53,1,263,0
6,-4,57,1,263,0
1,4,78,1,263,0
4,7,96,1,263,0
-8,-1,102,1,263,0
7,-7,112,1,263,0
8,1,128,1,263,0
2,-2,162,1,263,0
-1,1,181,1,263,0
0,-6,184,1,263,0
-3,-6,186,1,263,0
-6,-5,213,1,263,0
-2,-3,229,1,263,0
-3,3,243,1,263,0
-4,4,248,1,263,0
-5,-2,255,1,263,0
1,5,11,1,263,0
-4,5,15,1,263,0
6,0,245,1,263,0
2,6,44,1,263,0
6,-5,44,1,263,0
8,-1,67,1,263,0
-8,-2,94,1,263,0
7,1,135,1,263,0
-5,-3,159,1,263,0
-1,2,187,1,263,0
2,-3,194,1,263,0
-2,3,224,1,263,0
0,-7,241,1,263,0
-2,-4,245,1,263,0
-3,4,252,1,263,0
-1,-1,259,1,263,0
-3,-7,261,1,263,0
5,0,238,1,263,0
2,7,18,1,263,0
1,6,36,1,263,0
5,-3,67,1,263,0
8,-2,86,1,263,0
3,-7,94,1,263,0
6,1,143,1,263,0
6,-6,146,1,263,0
-2,4,204,1,263,0
-1,-2,206,1,263,0
2,-4,211,1,263,0
-1,3,217,1,263,0
1,-1,219,1,263,0
-4,-1,226,1,263,0
-2,-5,239,1,263,0
-5,-4,245,1,263,0
0,-8,245,1,263,0
-3,5,261,1,263,0
4,-1,9,1,263,0
0,6,4,1,263,0
4,0,11,1,263,0
5,1,236,1,263,0
1,7,26,1,263,0
5,-4,64,1,263,0
6,-7,74,1,263,0
-7,0,128,1,263,0
1,-2,168,1,263,0
-1,4,201,1,263,0
-2,-6,203,1,263,0
2,-5,216,1,263,0
-1,-3,227,1,263,0
-5,-5,239,1,263,0
-4,-2,251,1,263,0
-7,-1,262,1,263,0
1,8,11,1,263,0
-8,2,11,1,263,0
7,-1,254,1,263,0
-7,-2,95,1,263,0
-7,1,119,1,263,0
3,0,125,1,263,0
5,2,147,1,263,0
4,1,229,1,263,0
5,-5,153,1,263,0
1,-3,198,1,263,0
2,-6,223,1,263,0
-4,-3,223,1,263,0
-1,-4,228,1,263,0
-6,0,248,1,263,0
-2,-7,258,1,263,0
-5,-6,262,1,263,0
-8,3,7,1,264,0
8,-5,9,1,264,0
-7,2,14,1,264,0
7,-2,264,1,264,0
4,-3,78,1,264,0
-3,-1,133,1,264,0
0,-1,136,1,264,0
5,-6,149,1,264,0
4,2,225,1,264,0
1,-4,219,1,264,0
2,0,224,1,264,0
2,-7,226,1,264,0
-4,-4,231,1,264,0
-5,0,241,1,264,0
-2,-8,254,1,264,0
-1,-5,259,1,264,0
8,-6,7,1,264,0
5,-7,83,1,264,0
3,-1,129,1,264,0
-5,1,159,1,264,0
4,-4,162,1,264,0
3,2,222,1,264,0
2,1,212,1,264,0
0,-2,197,1,264,0
1,-5,199,1,264,0
-4,0,234,1,264,0
1,0,238,1,264,0
-4,-5,239,1,264,0
-3,-2,245,1,264,0
-1,-6,261,1,264,0
-6,-1,263,1,264,0
8,-7,6,1,264,0
6,-1,252,1,264,0
3,-2,116,1,264,0
-3,0,123,1,264,0
3,3,128,1,264,0
2,2,213,1,264,0
4,-5,161,1,264,0
-1,-7,163,1,264,0
-5,2,165,1,264,0
1,1,171,1,264,0
-4,1,176,1,264,0
0,-3,182,1,264,0
0,0,252,1,264,0
-4,-6,256,1,264,0
-6,-2,263,1,264,0
-3,-3,263,1,264,0
7,-5,25,1,264,0
6,-2,257,1,264,0
5,6,103,1,264,0
4,5,112,1,264,0
3,4,126,1,264,0
2,3,195,1,264,0
-4,2,167,1,264,0
1,2,169,1,264,0
3,-3,174,1,264,0
0,-4,227,1,264,0
1,-7,235,1,264,0
-1,-8,251,1,264,0
-3,-4,253,1,264,0
-4,-7,257,1,264,0
-6,-3,259,1,264,0
-2,-1,263,1,264,0
6,-3,58,1,264,0
8,0,125,1,264,0
2,4,77,1,264,0
4,-7,79,1,264,0
1,3,85,1,264,0
5,7,102,1,264,0
4,6,111,1,264,0
3,5,119,1,264,0
7,-6,139,1,264,0
1,-8,153,1,264,0
3,-4,169,1,264,0
0,-5,189,1,264,0
-3,-5,197,1,264,0
2,-1,223,1,264,0
-3,2,234,1,264,0
-2,-2,238,1,264,0
-4,3,244,1,264,0
-6,-4,251,1,264,0
-1,0,256,1,264,0
-5,-1,259,1,264,0
-5,5,9,1,264,0
2,5,17,1,264,0
7,0,123,1,264,0
3,6,53,1,264,0
6,-4,57,1,264,0
1,4,78,1,264,0
4,7,96,1,264,0
-8,-1,102,1,264,0
7,-7,112,1,264,0
8,1,128,1,264,0
2,-2,162,1,264,0
-1,1,181,1,264,0
0,-6,184,1,264,0
-3,-6,186,1,264,0
-6,-5,213,1,264,0
-2,-3,229,1,264,0
-3,3,243,1,264,0
-4,4,248,1,264,0
-5,-2,255,1,264,0
1,5,11,1,264,0
-4,5,15,1,264,0
6,0,245,1,264,0
2,6,44,1,264,0
6,-5,44,1,264,0
8,-1,67,1,264,0
-8,-2,94,1,264,0
7,1,135,1,264,0
-5,-3,159,1,264,0
-1,2,187,1,264,0
2,-3,194,1,264,0
-2,3,224,1,264,0
0,-7,241,1,264,0
-2,-4,245,1,264,0
-3,4,252,1,264,0
-1,-1,259,1,264,0
-3,-7,262,1,264,0
5,0,238,1,264,0
2,7,18,1,264,0
1,6,36,1,264,0
5,-3,67,1,264,0
8,-2,86,1,264,0
3,-7,94,1,264,0
6,1,143,1,264,0
6,-6,146,1,264,0
-2,4,204,1,264,0
-1,-2,206,1,264,0
2,-4,211,1,264,0
-1,3,217,1,264,0
1,-1,219,1,264,0
-4,-1,226,1,264,0
-2,-5,239,1,264,0
-5,-4,245,1,264,0
0,-8,245,1,264,0
-3,5,262,1,264,0
4,-1,9,1,264,0
0,6,4,1,264,0
4,0,11,1,264,0
5,1,236,1,264,0
1,7,26,1,264,0
5,-4,64,1,264,0
6,-7,74,1,264,0
-7,0,128,1,264,0
1,-2,168,1,264,0
-1,4,201,1,264,0
2,-5,216,1,264,0
-1,-3,227,1,264,0
-5,-5,239,1,264,0
-4,-2,251,1,264,0
-2,-6,262,1,264,0
-7,-1,263,1,264,0
1,8,11,1,264,0
-8,2,11,1,264,0
7,-1,254,1,264,0
-7,-2,95,1,264,0
-7,1,119,1,264,0
3,0,125,1,264,0
5,2,147,1,264,0
4,1,229,1,264,0
5,-5,153,1,264,0
1,-3,198,1,264,0
2,-6,223,1,264,0
-4,-3,223,1,264,0
-1,-4,228,1,264,0
-6,0,248,1,264,0
-2,-7,258,1,264,0
-5,-6,263,1,264,0
-8,3,7,1,265,0
8,-5,9,1,265,0
-7,2,14,1,265,0
7,-2,265,1,265,0
4,-3,78,1,265,0
-3,-1,133,1,265,0
0,-1,136,1,265,0
5,-6,149,1,265,0
4,2,225,1,265,0
1,-4,219,1,265,0
2,0,224,1,265,0
2,-7,226,1,265,0
-4,-4,231,1,265,0
-5,0,241,1,265,0
-2,-8,254,1,265,0
-1,-5,259,1,265,0
8,-6,7,1,265,0
5,-7,83,1,265,0
3,-1,129,1,265,0
-5,1,159,1,265,0
4,-4,162,1,265,0
3,2,222,1,265,0
2,1,212,1,265,0
0,-2,197,1,265,0
1,-5,199,1,265,0
-4,0,234,1,265,0
1,0,238,1,265,0
-4,-5,239,1,265,0
-3,-2,245,1,265,0
-1,-6,261,1,265,0
-6,-1,264,1,265,0
8,-7,6,1,265,0
6,-1,252,1,265,0
3,-2,116,1,265,0
-3,0,123,1,265,0
3,3,128,1,265,0
2,2,213,1,265,0
4,-5,161,1,265,0
-1,-7,163,1,265,0
-5,2,165,1,265,0
1,1,171,1,265,0
-4,1,176,1,265,0
0,-3,182,1,265,0
0,0,252,1,265,0
-6,-2,263,1,265,0
-3,-3,264,1,265,0
-4,-6,264,1,265,0
7,-5,25,1,265,0
6,-2,257,1,265,0
5,6,103,1,265,0
4,5,112,1,265,0
3,4,126,1,265,0
2,3,195,1,265,0
-4,2,167,1,265,0
1,2,169,1,265,0
3,-3,174,1,265,0
0,-4,227,1,265,0
1,-7,235,1,265,0
-1,-8,251,1,265,0
-3,-4,253,1,265,0
-4,-7,257,1,265,0
-6,-3,259,1,265,0
-2,-1,264,1,265,0
6,-3,58,1,265,0
8,0,125,1,265,0
2,4,77,1,265,0
4,-7,79,1,265,0
1,3,85,1,265,0
5,7,102,1,265,0
4,6,111,1,265,0
3,5,119,1,265,0
7,-6,139,1,265,0
1,-8,153,1,265,0
3,-4,169,1,265,0
0,-5,189,1,265,0
-3,-5,197,1,265,0
2,-1,223,1,265,0
-3,2,234,1,265,0
-2,-2,238,1,265,0
-4,3,244,1,265,0
-6,-4,251,1,265,0
-1,0,256,1,265,0
-5,-1,259,1,265,0
-5,5,9,1,265,0
2,5,17,1,265,0
7,0,123,1,265,0
3,6,53,1,265,0
6,-4,57,1,265,0
1,4,78,1,265,0
4,7,96,1,265,0
-8,-1,102,1,265,0
7,-7,112,1,265,0
8,1,128,1,265,0
2,-2,162,1,265,0
-1,1,181,1,265,0
0,-6,184,1,265,0
-3,-6,186,1,265,0
-6,-5,213,1,265,0
-2,-3,229,1,265,0
-3,3,243,1,265,0
-4,4,248,1,265,0
-5,-2,264,1,265,0
1,5,11,1,265,0
-4,5,15,1,265,0
6,0,245,1,265,0
2,6,44,1,265,0
6,-5,44,1,265,0
8,-1,67,1,265,0
-8,-2,94,1,265,0
7,1,135,1,265,0
-5,-3,159,1,265,0
-1,2,187,1,265,0
2,-3,194,1,265,0
-2,3,224,1,265,0
0,-7,241,1,265,0
-2,-4,245,1,265,0
-3,4,252,1,265,0
-1,-1,259,1,265,0
-3,-7,263,1,265,0
5,0,238,1,265,0
2,7,18,1,265,0
1,6,36,1,265,0
5,-3,67,1,265,0
8,-2,86,1,265,0
3,-7,94,1,265,0
6,1,143,1,265,0
6,-6,146,1,265,0
-2,4,204,1,265,0
-1,-2,206,1,265,0
2,-4,211,1,265,0
-1,3,217,1,265,0
1,-1,219,1,265,0
-4,-1,226,1,265,0
-2,-5,239,1,265,0
-5,-4,245,1,265,0
0,-8,245,1,265,0
-3,5,263,1,265,0
4,-1,9,1,265,0
0,6,4,1,265,0
4,0,11,1,265,0
5,1,236,1,265,0
1,7,26,1,265,0
5,-4,64,1,265,0
6,-7,74,1,265,0
-7,0,128,1,265,0
1,-2,168,1,265,0
-1,4,201,1,265,0
2,-5,216,1,265,0
-1,-3,227,1,265,0
-5,-5,239,1,265,0
-4,-2,251,1,265,0
-2,-6,263,1,265,0
-7,-1,264,1,265,0
1,8,11,1,265,0
-8,2,11,1,265,0
7,-1,254,1,265,0
-7,-2,95,1,265,0
-7,1,119,1,265,0
3,0,125,1,265,0
5,2,147,1,265,0
4,1,229,1,265,0
5,-5,153,1,265,0
1,-3,198,1,265,0
2,-6,223,1,265,0
-4,-3,223,1,265,0
-1,-4,228,1,265,0
-6,0,248,1,265,0
-2,-7,258,1,265,0
-5,-6,263,1,265,0
-8,3,7,1,266,0
8,-5,9,1,266,0
-7,2,14,1,266,0
7,-2,266,1,266,0
4,-3,78,1,266,0
-3,-1,133,1,266,0
0,-1,136,1,266,0
5,-6,149,1,266,0
4,2,225,1,266,0
1,-4,219,1,266,0
2,0,224,1,266,0
2,-7,226,1,266,0
-4,-4,231,1,266,0
-5,0,241,1,266,0
-2,-8,254,1,266,0
-1,-5,259,1,266,0
8,-6,7,1,266,0
5,-7,83,1,266,0
3,-1,129,1,266,0
-5,1,159,1,266,0
4,-4,162,1,266,0
3,2,222,1,266,0
2,1,212,1,266,0
0,-2,197,1,266,0
1,-5,199,1,266,0
-4,0,234,1,266,0
1,0,238,1,266,0
-4,-5,239,1,266,0
-3,-2,245,1,266,0
-1,-6,261,1,266,0
-6,-1,265,1,266,0
8,-7,6,1,266,0
6,-1,252,1,266,0
3,-2,116,1,266,0
-3,0,123,1,266,0
3,3,128,1,266,0
2,2,213,1,266,0
4,-5,161,1,266,0
-1,-7,163,1,266,0
-5,2,165,1,266,0
1,1,171,1,266,0
-4,1,176,1,266,0
0,-3,182,1,266,0
0,0,252,1,266,0
-6,-2,263,1,266,0
-3,-3,265,1,266,0
-4,-6,265,1,266,0
7,-5,25,1,266,0
6,-2,257,1,266,0
5,6,103,1,266,0
4,5,112,1,266,0
3,4,126,1,266,0
2,3,195,1,266,0
-4,2,167,1,266,0
1,2,169,1,266,0
3,-3,174,1,266,0
0,-4,227,1,266,0
1,-7,235,1,266,0
-1,-8,251,1,266,0
-3,-4,253,1,266,0
-4,-7,257,1,266,0
-6,-3,259,1,266,0
-2,-1,265,1,266,0
6,-3,58,1,266,0
8,0,125,1,266,0
2,4,77,1,266,0
4,-7,79,1,266,0
1,3,85,1,266,0
5,7,102,1,266,0
4,6,111,1,266,0
3,5,119,1,266,0
7,-6,139,1,266,0
1,-8,153,1,266,0
3,-4,169,1,266,0
0,-5,189,1,266,0
-3,-5,197,1,266,0
2,-1,223,1,266,0
-3,2,234,1,266,0
-2,-2,238,1,266,0
-4,3,244,1,266,0
-6,-4,251,1,266,0
-1,0,256,1,266,0
-5,-1,259,1,266,0
-5,5,9,1,266,0
2,5,17,1,266,0
7,0,123,1,266,0
3,6,53,1,266,0
6,-4,57,1,266,0
1,4,78,1,266,0
4,7,96,1,266,0
-8,-1,102,1,266,0
7,-7,112,1,266,0
8,1,128,1,266,0
2,-2,162,1,266,0
-1,1,181,1,266,0
0,-6,184,1,266,0
-3,-6,186,1,266,0
-6,-5,213,1,266,0
-2,-3,229,1,266,0
-3,3,243,1,266,0
-4,4,248,1,266,0
-5,-2,265,1,266,0
1,5,11,1,266,0
-4,5,15,1,266,0
6,0,245,1,266,0
2,6,44,1,266,0
6,-5,44,1,266,0
8,-1,67,1,266,0
-8,-2,94,1,266,0
7,1,135,1,266,0
-5,-3,159,1,266,0
-1,2,187,1,266,0
2,-3,194,1,266,0
-2,3,224,1,266,0
0,-7,241,1,266,0
-2,-4,245,1,266,0
-3,4,252,1,266,0
-1,-1,259,1,266,0
-3,-7,264,1,266,0
5,0,238,1,266,0
2,7,18,1,266,0
1,6,36,1,266,0
5,-3,67,1,266,0
8,-2,86,1,266,0
3,-7,94,1,266,0
6,1,143,1,266,0
6,-6,146,1,266,0
-2,4,204,1,266,0
-1,-2,206,1,266,0
2,-4,211,1,266,0
-1,3,217,1,266,0
1,-1,219,1,266,0
-4,-1,226,1,266,0
-2,-5,239,1,266,0
-5,-4,245,1,266,0
0,-8,245,1,266,0
-3,5,264,1,266,0
4,-1,9,1,266,0
0,6,4,1,266,0
4,0,11,1,266,0
5,1,236,1,266,0
1,7,26,1,266,0
5,-4,64,1,266,0
6,-7,74,1,266,0
-7,0,128,1,266,0
1,-2,168,1,266,0
-1,4,201,1,266,0
2,-5,216,1,266,0
-1,-3,227,1,266,0
-5,-5,239,1,266,0
-4,-2,251,1,266,0
-2,-6,264,1,266,0
-7,-1,265,1,266,0
1,8,11,1,266,0
-8,2,11,1,266,0
7,-1,254,1,266,0
-7,-2,95,1,266,0
-7,1,119,1,266,0
3,0,125,1,266,0
5,2,147,1,266,0
4,1,229,1,266,0
5,-5,153,1,266,0
1,-3,198,1,266,0
2,-6,223,1,266,0
-4,-3,223,1,266,0
-1,-4,228,1,266,0
-6,0,248,1,266,0
-2,-7,258,1,266,0
-5,-6,263,1,266,0
-8,3,7,1,267,0
8,-5,9,1,267,0
-7,2,14,1,267,0
7,-2,267,1,267,0
4,-3,78,1,267,0
-3,-1,133,1,267,0
0,-1,136,1,267,0
5,-6,149,1,267,0
4,2,225,1,267,0
1,-4,219,1,267,0
2,0,224,1,267,0
2,-7,226,1,267,0
-4,-4,231,1,267,0
-5,0,241,1,267,0
-2,-8,254,1,267,0
-1,-5,259,1,267,0
8,-6,7,1,267,0
5,-7,83,1,267,0
3,-1,129,1,267,0
-5,1,159,1,267,0
4,-4,162,1,267,0
3,2,222,1,267,0
2,1,212,1,267,0
0,-2,197,1,267,0
1,-5,199,1,267,0
-4,0,234,1,267,0
1,0,238,1,267,0
-4,-5,239,1,267,0
-3,-2,245,1,267,0
-1,-6,261,1,267,0
-6,-1,266,1,267,0
8,-7,6,1,267,0
6,-1,252,1,267,0
3,-2,116,1,267,0
-3,0,123,1,267,0
3,3,128,1,267,0
2,2,213,1,267,0
4,-5,161,1,267,0
-1,-7,163,1,267,0
-5,2,165,1,267,0
1,1,171,1,267,0
-4,1,176,1,267,0
0,-3,182,1,267,0
0,0,252,1,267,0
-6,-2,263,1,267,0
-3,-3,266,1,267,0
-4,-6,266,1,267,0
7,-5,25,1,267,0
6,-2,257,1,267,0
5,6,103,1,267,0
4,5,112,1,267,0
3,4,126,1,267,0
2,3,195,1,267,0
-4,2,167,1,267,0
1,2,169,1,267,0
3,-3,174,1,267,0
0,-4,227,1,267,0
1,-7,235,1,267,0
-1,-8,251,1,267,0
-3,-4,253,1,267,0
-4,-7,257,1,267,0
-6,-3,259,1,267,0
-2,-1,266,1,267,0
6,-3,58,1,267,0
8,0,125,1,267,0
2,4,77,1,267,0
4,-7,79,1,267,0
1,3,85,1,267,0
5,7,102,1,267,0
4,6,111,1,267,0
3,5,119,1,267,0
7,-6,139,1,267,0
1,-8,153,1,267,0
3,-4,169,1,267,0
0,-5,189,1,267,0
-3,-5,197,1,267,0
2,-1,223,1,267,0
-3,2,234,1,267,0
-2,-2,238,1,267,0
-4,3,244,1,267,0
-6,-4,251,1,267,0
-1,0,256,1,267,0
-5,-1,259,1,267,0
-5,5,9,1,267,0
2,5,17,1,267,0
7,0,123,1,267,0
3,6,53,1,267,0
6,-4,57,1,267,0
1,4,78,1,267,0
4,7,96,1,267,0
-8,-1,102,1,267,0
7,-7,112,1,267,0
8,1,128,1,267,0
2,-2,162,1,267,0
-1,1,181,1,267,0
0,-6,184,1,267,0
-3,-6,186,1,267,0
-6,-5,213,1,267,0
-2,-3,229,1,267,0
-3,3,243,1,267,0
-4,4,248,1,267,0
-5,-2,266,1,267,0
1,5,11,1,267,0
-4,5,15,1,267,0
6,0,245,1,267,0
2,6,44,1,267,0
6,-5,44,1,267,0
8,-1,67,1,267,0
-8,-2,94,1,267,0
7,1,135,1,267,0
-5,-3,159,1,267,0
-1,2,187,1,267,0
2,-3,194,1,267,0
-2,3,224,1,267,0
0,-7,241,1,267,0
-2,-4,245,1,267,0
-3,4,252,1,267,0
-1,-1,259,1,267,0
-3,-7,265,1,267,0
5,0,238,1,267,0
2,7,18,1,267,0
1,6,36,1,267,0
5,-3,67,1,267,0
8,-2,86,1,267,0
3,-7,94,1,267,0
6,1,143,1,267,0
6,-6,146,1,267,0
-2,4,204,1,267,0
-1,-2,206,1,267,0
2,-4,211,1,267,0
-1,3,217,1,267,0
1,-1,219,1,267,0
-4,-1,226,1,267,0
-2,-5,239,1,267,0
-5,-4,245,1,267,0
0,-8,245,1,267,0
-3,5,265,1,267,0
4,-1,9,1,267,0
0,6,4,1,267,0
4,0,11,1,267,0
5,1,236,1,267,0
1,7,26,1,267,0
5,-4,64,1,267,0
6,-7,74,1,267,0
-7,0,128,1,267,0
1,-2,168,1,267,0
-1,4,201,1,267,0
2,-5,216,1,267,0
-1,-3,227,1,267,0
-5,-5,239,1,267,0
-4,-2,251,1,267,0
-7,-1,265,1,267,0
-2,-6,265,1,267,0
1,8,11,1,267,0
-8,2,11,1,267,0
7,-1,254,1,267,0
-7,-2,95,1,267,0
-7,1,119,1,267,0
3,0,125,1,267,0
5,2,147,1,267,0
4,1,229,1,267,0
5,-5,153,1,267,0
1,-3,198,1,267,0
2,-6,223,1,267,0
-4,-3,223,1,267,0
-1,-4,228,1,267,0
-6,0,248,1,267,0
-2,-7,258,1,267,0
-5,-6,263,1,267,0
-8,3,7,1,268,0
8,-5,9,1,268,0
-7,2,14,1,268,0
7,-2,268,1,268,0
4,-3,78,1,268,0
-3,-1,133,1,268,0
0,-1,136,1,268,0
5,-6,149,1,268,0
4,2,225,1,268,0
1,-4,219,1,268,0
2,0,224,1,268,0
2,-7,226,1,268,0
-4,-4,231,1,268,0
-5,0,241,1,268,0
-2,-8,254,1,268,0
-1,-5,259,1,268,0
8,-6,7,1,268,0
5,-7,83,1,268,0
3,-1,129,1,268,0
-5,1,159,1,268,0
4,-4,162,1,268,0
3,2,222,1,268,0
2,1,212,1,268,0
0,-2,197,1,268,0
1,-5,199,1,268,0
-4,0,234,1,268,0
1,0,238,1,268,0
-4,-5,239,1,268,0
-3,-2,245,1,268,0
-1,-6,261,1,268,0
-6,-1,266,1,268,0
8,-7,6,1,268,0
6,-1,252,1,268,0
3,-2,116,1,268,0
-3,0,123,1,268,0
3,3,128,1,268,0
2,2,213,1,268,0
4,-5,161,1,268,0
-1,-7,163,1,268,0
-5,2,165,1,268,0
1,1,171,1,268,0
-4,1,176,1,268,0
0,-3,182,1,268,0
0,0,252,1,268,0
-6,-2,263,1,268,0
-3,-3,267,1,268,0
-4,-6,267,1,268,0
7,-5,25,1,268,0
6,-2,257,1,268,0
5,6,103,1,268,0
4,5,112,1,268,0
3,4,126,1,268,0
2,3,195,1,268,0
-4,2,167,1,268,0
1,2,169,1,268,0
3,-3,174,1,268,0
0,-4,227,1,268,0
1,-7,235,1,268,0
-1,-8,251,1,268,0
-3,-4,253,1,268,0
-4,-7,257,1,268,0
-6,-3,259,1,268,0
-2,-1,267,1,268,0
6,-3,58,1,268,0
8,0,125,1,268,0
2,4,77,1,268,0
4,-7,79,1,268,0
1,3,85,1,268,0
5,7,102,1,268,0
4,6,111,1,268,0
3,5,119,1,268,0
7,-6,139,1,268,0
1,-8,153,1,268,0
3,-4,169,1,268,0
0,-5,189,1,268,0
-3,-5,197,1,268,0
2,-1,223,1,268,0
-3,2,234,1,268,0
-2,-2,238,1,268,0
-4,3,244,1,268,0
-6,-4,251,1,268,0
-1,0,256,1,268,0
-5,-1,267,1,268,0
-5,5,9,1,268,0
2,5,17,1,268,0
7,0,123,1,268,0
3,6,53,1,268,0
6,-4,57,1,268,0
1,4,78,1,268,0
4,7,96,1,268,0
-8,-1,102,1,268,0
7,-7,112,1,268,0
8,1,128,1,268,0
2,-2,162,1,268,0
-1,1,181,1,268,0
0,-6,184,1,268,0
-3,-6,186,1,268,0
-6,-5,213,1,268,0
-2,-3,229,1,268,0
-3,3,243,1,268,0
-4,4,248,1,268,0
-5,-2,266,1,268,0
1,5,11,1,268,0
-4,5,15,1,268,0
6,0,245,1,268,0
2,6,44,1,268,0
6,-5,44,1,268,0
8,-1,67,1,268,0
-8,-2,94,1,268,0
7,1,135,1,268,0
-5,-3,159,1,268,0
-1,2,187,1,268,0
2,-3,194,1,268,0
-2,3,224,1,268,0
0,-7,241,1,268,0
-2,-4,245,1,268,0
-3,4,252,1,268,0
-1,-1,259,1,268,0
-3,-7,266,1,268,0
5,0,238,1,268,0
2,7,18,1,268,0
1,6,36,1,268,0
5,-3,67,1,268,0
8,-2,86,1,268,0
3,-7,94,1,268,0
6,1,143,1,268,0
6,-6,146,1,268,0
-2,4,204,1,268,0
-1,-2,206,1,268,0
2,-4,211,1,268,0
-1,3,217,1,268,0
1,-1,219,1,268,0
-4,-1,226,1,268,0
-2,-5,239,1,268,0
-5,-4,245,1,268,0
0,-8,245,1,268,0
-3,5,266,1,268,0
4,-1,9,1,268,0
0,6,4,1,268,0
4,0,11,1,268,0
5,1,236,1,268,0
1,7,26,1,268,0
5,-4,64,1,268,0
6,-7,74,1,268,0
-7,0,128,1,268,0
1,-2,168,1,268,0
-1,4,201,1,268,0
2,-5,216,1,268,0
-1,-3,227,1,268,0
-5,-5,239,1,268,0
-4,-2,251,1,268,0
-2,-6,266,1,268,0
-7,-1,267,1,268,0
1,8,11,1,268,0
-8,2,11,1,268,0
7,-1,254,1,268,0
-7,-2,95,1,268,0
-7,1,119,1,268,0
3,0,125,1,268,0
5,2,147,1,268,0
4,1,229,1,268,0
5,-5,153,1,268,0
1,-3,198,1,268,0
2,-6,223,1,268,0
-4,-3,223,1,268,0
-1,-4,228,1,268,0
-6,0,248,1,268,0
-2,-7,258,1,268,0
-5,-6,263,1,268,0
-8,3,7,1,269,0
8,-5,9,1,269,0
-7,2,14,1,269,0
7,-2,269,1,269,0
4,-3,78,1,269,0
0,-1,136,1,269,0
5,-6,149,1,269,0
4,2,225,1,269,0
1,-4,219,1,269,0
2,0,224,1,269,0
2,-7,226,1,269,0
-4,-4,231,1,269,0
-5,0,241,1,269,0
-2,-8,254,1,269,0
-1,-5,259,1,269,0
-3,-1,268,1,269,0
8,-6,7,1,269,0
5,-7,83,1,269,0
3,-1,129,1,269,0
-5,1,159,1,269,0
4,-4,162,1,269,0
3,2,222,1,269,0
2,1,212,1,269,0
0,-2,197,1,269,0
1,-5,199,1,269,0
-4,0,234,1,269,0
1,0,238,1,269,0
-3,-2,245,1,269,0
-1,-6,261,1,269,0
-6,-1,266,1,269,0
-4,-5,268,1,269,0
8,-7,6,1,269,0
6,-1,252,1,269,0
3,-2,116,1,269,0
-3,0,123,1,269,0
3,3,128,1,269,0
2,2,213,1,269,0
4,-5,161,1,269,0
-1,-7,163,1,269,0
-5,2,165,1,269,0
1,1,171,1,269,0
-4,1,176,1,269,0
0,-3,182,1,269,0
0,0,252,1,269,0
-6,-2,263,1,269,0
-4,-6,267,1,269,0
-3,-3,268,1,269,0
7,-5,25,1,269,0
6,-2,257,1,269,0
5,6,103,1,269,0
4,5,112,1,269,0
3,4,126,1,269,0
2,3,195,1,269,0
-4,2,167,1,269,0
1,2,169,1,269,0
3,-3,174,1,269,0
0,-4,227,1,269,0
1,-7,235,1,269,0
-1,-8,251,1,269,0
-3,-4,253,1,269,0
-6,-3,259,1,269,0
-2,-1,267,1,269,0
-4,-7,267,1,269,0
6,-3,58,1,269,0
8,0,125,1,269,0
2,4,77,1,269,0
4,-7,79,1,269,0
1,3,85,1,269,0
5,7,102,1,269,0
4,6,111,1,269,0
3,5,119,1,269,0
7,-6,139,1,269,0
1,-8,153,1,269,0
3,-4,169,1,269,0
0,-5,189,1,269,0
-3,-5,197,1,269,0
2,-1,223,1,269,0
-3,2,234,1,269,0
-2,-2,238,1,269,0
-4,3,244,1,269,0
-6,-4,251,1,269,0
-1,0,256,1,269,0
-5,-1,268,1,269,0
-5,5,9,1,269,0
2,5,17,1,269,0
7,0,123,1,269,0
3,6,53,1,269,0
6,-4,57,1,269,0
1,4,78,1,269,0
4,7,96,1,269,0
-8,-1,102,1,269,0
7,-7,112,1,269,0
8,1,128,1,269,0
2,-2,162,1,269,0
-1,1,181,1,269,0
0,-6,184,1,269,0
-3,-6,186,1,269,0
-6,-5,213,1,269,0
-2,-3,229,1,269,0
-3,3,243,1,269,0
-4,4,248,1,269,0
-5,-2,266,1,269,0
1,5,11,1,269,0
-4,5,15,1,269,0
6,0,245,1,269,0
2,6,44,1,269,0
6,-5,44,1,269,0
8,-1,67,1,269,0
-8,-2,94,1,269,0
7,1,135,1,269,0
-5,-3,159,1,269,0
-1,2,187,1,269,0
2,-3,194,1,269,0
-2,3,224,1,269,0
0,-7,241,1,269,0
-2,-4,245,1,269,0
-3,4,252,1,269,0
-1,-1,259,1,269,0
-3,-7,266,1,269,0
5,0,238,1,269,0
2,7,18,1,269,0
1,6,36,1,269,0
5,-3,67,1,269,0
8,-2,86,1,269,0
3,-7,94,1,269,0
6,1,143,1,269,0
6,-6,146,1,269,0
-2,4,204,1,269,0
-1,-2,206,1,269,0
2,-4,211,1,269,0
-1,3,217,1,269,0
1,-1,219,1,269,0
-4,-1,226,1,269,0
-2,-5,239,1,269,0
-5,-4,245,1,269,0
0,-8,245,1,269,0
-3,5,267,1,269,0
4,-1,9,1,269,0
0,6,4,1,269,0
4,0,11,1,269,0
5,1,236,1,269,0
1,7,26,1,269,0
5,-4,64,1,269,0
6,-7,74,1,269,0
-7,0,128,1,269,0
1,-2,168,1,269,0
-1,4,201,1,269,0
2,-5,216,1,269,0
-1,-3,227,1,269,0
-5,-5,239,1,269,0
-4,-2,251,1,269,0
-2,-6,267,1,269,0
-7,-1,268,1,269,0
1,8,11,1,269,0
-8,2,11,1,269,0
7,-1,254,1,269,0
-7,-2,95,1,269,0
-7,1,119,1,269,0
3,0,125,1,269,0
5,2,147,1,269,0
4,1,229,1,269,0
5,-5,153,1,269,0
1,-3,198,1,269,0
2,-6,223,1,269,0
-4,-3,223,1,269,0
-1,-4,228,1,269,0
-6,0,248,1,269,0
-2,-7,258,1,269,0
-5,-6,263,1,269,0
-8,3,7,1,270,0
8,-5,9,1,270,0
-7,2,14,1,270,0
7,-2,269,1,270,0
4,-3,78,1,270,0
0,-1,136,1,270,0
5,-6,149,1,270,0
4,2,225,1,270,0
1,-4,219,1,270,0
2,0,224,1,270,0
2,-7,226,1,270,0
-4,-4,231,1,270,0
-5,0,241,1,270,0
-2,-8,254,1,270,0
-1,-5,259,1,270,0
-3,-1,268,1,270,0
8,-6,7,1,270,0
5,-7,83,1,270,0
3,-1,129,1,270,0
-5,1,159,1,270,0
4,-4,162,1,270,0
3,2,222,1,270,0
2,1,212,1,270,0
0,-2,197,1,270,0
1,-5,199,1,270,0
-4,0,234,1,270,0
1,0,238,1,270,0
-3,-2,245,1,270,0
-1,-6,261,1,270,0
-6,-1,266,1,270,0
-4,-5,269,1,270,0
8,-7,6,1,270,0
6,-1,252,1,270,0
3,-2,116,1,270,0
3,3,128,1,270,0
2,2,213,1,270,0
4,-5,161,1,270,0
-1,-7,163,1,270,0
-5,2,165,1,270,0
1,1,171,1,270,0
-4,1,176,1,270,0
0,-3,182,1,270,0
0,0,252,1,270,0
-6,-2,263,1,270,0
-4,-6,267,1,270,0
-3,-3,269,1,270,0
-3,0,269,1,270,0
7,-5,25,1,270,0
6,-2,257,1,270,0
5,6,103,1,270,0
4,5,112,1,270,0
3,4,126,1,270,0
2,3,195,1,270,0
-4,2,167,1,270,0
1,2,169,1,270,0
3,-3,174,1,270,0
0,-4,227,1,270,0
1,-7,235,1,270,0
-1,-8,251,1,270,0
-3,-4,253,1,270,0
-6,-3,259,1,270,0
-2,-1,267,1,270,0
-4,-7,268,1,270,0
6,-3,58,1,270,0
8,0,125,1,270,0
2,4,77,1,270,0
4,-7,79,1,270,0
1,3,85,1,270,0
5,7,102,1,270,0
4,6,111,1,270,0
3,5,119,1,270,0
7,-6,139,1,270,0
1,-8,153,1,270,0
3,-4,169,1,270,0
0,-5,189,1,270,0
-3,-5,197,1,270,0
2,-1,223,1,270,0
-3,2,234,1,270,0
-2,-2,238,1,270,0
-4,3,244,1,270,0
-6,-4,251,1,270,0
-1,0,256,1,270,0
-5,-1,269,1,270,0
-5,5,9,1,270,0
2,5,17,1,270,0
7,0,123,1,270,0
3,6,53,1,270,0
6,-4,57,1,270,0
1,4,78,1,270,0
4,7,96,1,270,0
-8,-1,102,1,270,0
7,-7,112,1,270,0
8,1,128,1,270,0
2,-2,162,1,270,0
-1,1,181,1,270,0
0,-6,184,1,270,0
-3,-6,186,1,270,0
-6,-5,213,1,270,0
-2,-3,229,1,270,0
-3,3,243,1,270,0
-4,4,248,1,270,0
-5,-2,266,1,270,0
1,5,11,1,270,0
-4,5,15,1,270,0
6,0,245,1,270,0
2,6,44,1,270,0
6,-5,44,1,270,0
8,-1,67,1,270,0
-8,-2,94,1,270,0
7,1,135,1,270,0
-5,-3,159,1,270,0
-1,2,187,1,270,0
2,-3,194,1,270,0
-2,3,224,1,270,0
0,-7,241,1,270,0
-2,-4,245,1,270,0
-3,4,252,1,270,0
-1,-1,259,1,270,0
-3,-7,266,1,270,0
5,0,238,1,270,0
2,7,18,1,270,0
1,6,36,1,270,0
5,-3,67,1,270,0
8,-2,86,1,270,0
3,-7,94,1,270,0
6,1,143,1,270,0
6,-6,146,1,270,0
-2,4,204,1,270,0
-1,-2,206,1,270,0
2,-4,211,1,270,0
-1,3,217,1,270,0
1,-1,219,1,270,0
-4,-1,226,1,270,0
-2,-5,239,1,270,0
-5,-4,245,1,270,0
0,-8,245,1,270,0
-3,5,268,1,270,0
4,-1,9,1,270,0
0,6,4,1,270,0
4,0,11,1,270,0
5,1,236,1,270,0
1,7,26,1,270,0
5,-4,64,1,270,0
6,-7,74,1,270,0
1,-2,168,1,270,0
-1,4,201,1,270,0
2,-5,216,1,270,0
-1,-3,227,1,270,0
-5,-5,239,1,270,0
-4,-2,251,1,270,0
-2,-6,268,1,270,0
-7,0,269,1,270,0
-7,-1,268,1,270,0
1,8,11,1,270,0
-8,2,11,1,270,0
7,-1,254,1,270,0
-7,-2,95,1,270,0
-7,1,119,1,270,0
3,0,125,1,270,0
5,2,147,1,270,0
4,1,229,1,270,0
5,-5,153,1,270,0
1,-3,198,1,270,0
2,-6,223,1,270,0
-4,-3,223,1,270,0
-1,-4,228,1,270,0
-6,0,248,1,270,0
-2,-7,258,1,270,0
-5,-6,263,1,270,0
-8,3,7,1,271,0
8,-5,9,1,271,0
-7,2,14,1,271,0
7,-2,269,1,271,0
4,-3,78,1,271,0
0,-1,136,1,271,0
5,-6,149,1,271,0
4,2,225,1,271,0
1,-4,219,1,271,0
2,0,224,1,271,0
2,-7,226,1,271,0
-4,-4,231,1,271,0
-5,0,241,1,271,0
-2,-8,254,1,271,0
-1,-5,259,1,271,0
-3,-1,268,1,271,0
8,-6,7,1,271,0
5,-7,83,1,271,0
3,-1,129,1,271,0
-5,1,159,1,271,0
4,-4,162,1,271,0
3,2,222,1,271,0
2,1,212,1,271,0
0,-2,197,1,271,0
1,-5,199,1,271,0
-4,0,234,1,271,0
1,0,238,1,271,0
-3,-2,245,1,271,0
-1,-6,261,1,271,0
-6,-1,266,1,271,0
-4,-5,269,1,271,0
8,-7,6,1,271,0
6,-1,252,1,271,0
3,-2,116,1,271,0
3,3,128,1,271,0
2,2,213,1,271,0
4,-5,161,1,271,0
-1,-7,163,1,271,0
-5,2,165,1,271,0
1,1,171,1,271,0
-4,1,176,1,271,0
0,-3,182,1,271,0
0,0,252,1,271,0
-6,-2,263,1,271,0
-4,-6,267,1,271,0
-3,-3,269,1,271,0
-3,0,269,1,271,0
7,-5,25,1,271,0
6,-2,271,1,271,0
5,6,103,1,271,0
4,5,112,1,271,0
3,4,126,1,271,0
2,3,195,1,271,0
-4,2,167,1,271,0
1,2,169,1,271,0
3,-3,174,1,271,0
0,-4,227,1,271,0
1,-7,235,1,271,0
-1,-8,251,1,271,0
-3,-4,253,1,271,0
-6,-3,259,1,271,0
-2,-1,267,1,271,0
-4,-7,269,1,271,0
6,-3,58,1,271,0
8,0,125,1,271,0
2,4,77,1,271,0
4,-7,79,1,271,0
1,3,85,1,271,0
5,7,102,1,271,0
4,6,111,1,271,0
3,5,119,1,271,0
7,-6,139,1,271,0
1,-8,153,1,271,0
3,-4,169,1,271,0
0,-5,189,1,271,0
-3,-5,197,1,271,0
2,-1,223,1,271,0
-3,2,234,1,271,0
-2,-2,238,1,271,0
-4,3,244,1,271,0
-6,-4,251,1,271,0
-1,0,256,1,271,0
-5,-1,269,1,271,0
-5,5,9,1,271,0
2,5,17,1,271,0
7,0,123,1,271,0
3,6,53,1,271,0
6,-4,57,1,271,0
1,4,78,1,271,0
4,7,96,1,271,0
-8,-1,102,1,271,0
7,-7,112,1,271,0
8,1,128,1,271,0
2,-2,162,1,271,0
-1,1,181,1,271,0
0,-6,184,1,271,0
-3,-6,186,1,271,0
-6,-5,213,1,271,0
-2,-3,229,1,271,0
-3,3,243,1,271,0
-4,4,248,1,271,0
-5,-2,266,1,271,0
1,5,11,1,271,0
-4,5,15,1,271,0
6,0,245,1,271,0
2,6,44,1,271,0
6,-5,44,1,271,0
8,-1,67,1,271,0
-8,-2,94,1,271,0
7,1,135,1,271,0
-5,-3,159,1,271,0
-1,2,187,1,271,0
2,-3,194,1,271,0
-2,3,224,1,271,0
0,-7,241,1,271,0
-2,-4,245,1,271,0
-3,4,252,1,271,0
-1,-1,259,1,271,0
-3,-7,266,1,271,0
5,0,238,1,271,0
2,7,18,1,271,0
1,6,36,1,271,0
5,-3,67,1,271,0
8,-2,86,1,271,0
3,-7,94,1,271,0
6,1,143,1,271,0
6,-6,146,1,271,0
-2,4,204,1,271,0
-1,-2,206,1,271,0
2,-4,211,1,271,0
-1,3,217,1,271,0
1,-1,219,1,271,0
-4,-1,226,1,271,0
-2,-5,239,1,271,0
-5,-4,245,1,271,0
0,-8,245,1,271,0
-3,5,269,1,271,0
4,-1,9,1,271,0
0,6,4,1,271,0
4,0,11,1,271,0
5,1,236,1,271,0
1,7,26,1,271,0
5,-4,64,1,271,0
6,-7,74,1,271,0
1,-2,168,1,271,0
-1,4,201,1,271,0
2,-5,216,1,271,0
-1,-3,227,1,271,0
-5,-5,239,1,271,0
-4,-2,251,1,271,0
-2,-6,269,1,271,0
-7,0,269,1,271,0
-7,-1,268,1,271,0
1,8,11,1,271,0
-8,2,11,1,271,0
7,-1,254,1,271,0
-7,-2,95,1,271,0
-7,1,119,1,271,0
3,0,125,1,271,0
5,2,147,1,271,0
4,1,229,1,271,0
5,-5,153,1,271,0
1,-3,198,1,271,0
2,-6,223,1,271,0
-4,-3,223,1,271,0
-1,-4,228,1,271,0
-6,0,248,1,271,0
-2,-7,258,1,271,0
-5,-6,263,1,271,0
-8,3,7,1,272,0
8,-5,9,1,272,0
-7,2,14,1,272,0
7,-2,269,1,272,0
4,-3,78,1,272,0
0,-1,136,1,272,0
5,-6,149,1,272,0
4,2,225,1,272,0
1,-4,219,1,272,0
2,0,224,1,272,0
2,-7,226,1,272,0
-4,-4,231,1,272,0
-5,0,241,1,272,0
-2,-8,254,1,272,0
-1,-5,259,1,272,0
-3,-1,268,1,272,0
8,-6,7,1,272,0
5,-7,83,1,272,0
3,-1,129,1,272,0
-5,1,159,1,272,0
4,-4,162,1,272,0
3,2,222,1,272,0
2,1,212,1,272,0
0,-2,197,1,272,0
1,-5,199,1,272,0
-4,0,234,1,272,0
1,0,238,1,272,0
-3,-2,245,1,272,0
-1,-6,261,1,272,0
-6,-1,266,1,272,0
-4,-5,271,1,272,0
8,-7,6,1,272,0
6,-1,252,1,272,0
3,-2,116,1,272,0
3,3,128,1,272,0
2,2,213,1,272,0
4,-5,161,1,272,0
-1,-7,163,1,272,0
-5,2,165,1,272,0
1,1,171,1,272,0
-4,1,176,1,272,0
0,-3,182,1,272,0
0,0,252,1,272,0
-6,-2,263,1,272,0
-4,-6,267,1,272,0
-3,-3,271,1,272,0
-3,0,271,1,272,0
7,-5,25,1,272,0
6,-2,272,1,272,0
5,6,103,1,272,0
4,5,112,1,272,0
3,4,126,1,272,0
2,3,195,1,272,0
-4,2,167,1,272,0
1,2,169,1,272,0
3,-3,174,1,272,0
0,-4,227,1,272,0
1,-7,235,1,272,0
-1,-8,251,1,272,0
-3,-4,253,1,272,0
-6,-3,259,1,272,0
-2,-1,267,1,272,0
-4,-7,269,1,272,0
6,-3,58,1,272,0
8,0,125,1,272,0
2,4,77,1,272,0
4,-7,79,1,272,0
1,3,85,1,272,0
5,7,102,1,272,0
4,6,111,1,272,0
3,5,119,1,272,0
7,-6,139,1,272,0
1,-8,153,1,272,0
3,-4,169,1,272,0
0,-5,189,1,272,0
-3,-5,197,1,272,0
2,-1,223,1,272,0
-3,2,234,1,272,0
-2,-2,238,1,272,0
-4,3,244,1,272,0
-6,-4,251,1,272,0
-1,0,256,1,272,0
-5,-1,271,1,272,0
-5,5,9,1,272,0
2,5,17,1,272,0
7,0,123,1,272,0
3,6,53,1,272,0
6,-4,57,1,272,0
1,4,78,1,272,0
4,7,96,1,272,0
-8,-1,102,1,272,0
7,-7,112,1,272,0
8,1,128,1,272,0
2,-2,162,1,272,0
-1,1,181,1,272,0
0,-6,184,1,272,0
-3,-6,186,1,272,0
-6,-5,213,1,272,0
-2,-3,229,1,272,0
-3,3,243,1,272,0
-4,4,248,1,272,0
-5,-2,266,1,272,0
1,5,11,1,272,0
-4,5,15,1,272,0
6,0,245,1,272,0
2,6,44,1,272,0
6,-5,44,1,272,0
8,-1,67,1,272,0
-8,-2,94,1,272,0
7,1,135,1,272,0
-5,-3,159,1,272,0
-1,2,187,1,272,0
2,-3,194,1,272,0
-2,3,224,1,272,0
0,-7,241,1,272,0
-2,-4,245,1,272,0
-3,4,252,1,272,0
-1,-1,259,1,272,0
-3,-7,266,1,272,0
5,0,238,1,272,0
2,7,18,1,272,0
1,6,36,1,272,0
5,-3,67,1,272,0
8,-2,86,1,272,0
3,-7,94,1,272,0
6,1,143,1,272,0
6,-6,146,1,272,0
-2,4,204,1,272,0
-1,-2,206,1,272,0
2,-4,211,1,272,0
-1,3,217,1,272,0
1,-1,219,1,272,0
-4,-1,226,1,272,0
-2,-5,239,1,272,0
-5,-4,245,1,272,0
0,-8,245,1,272,0
-3,5,269,1,272,0
4,-1,9,1,272,0
0,6,4,1,272,0
4,0,11,1,272,0
5,1,236,1,272,0
1,7,26,1,272,0
5,-4,64,1,272,0
6,-7,74,1,272,0
1,-2,168,1,272,0
-1,4,201,1,272,0
2,-5,216,1,272,0
-1,-3,227,1,272,0
-5,-5,239,1,272,0
-4,-2,251,1,272,0
-2,-6,269,1,272,0
-7,-1,268,1,272,0
-7,0,271,1,272,0
1,8,11,1,272,0
-8,2,11,1,272,0
7,-1,254,1,272,0
-7,-2,95,1,272,0
-7,1,119,1,272,0
3,0,125,1,272,0
5,2,147,1,272,0
4,1,229,1,272,0
5,-5,153,1,272,0
1,-3,198,1,272,0
2,-6,223,1,272,0
-4,-3,223,1,272,0
-1,-4,228,1,272,0
-6,0,248,1,272,0
-2,-7,258,1,272,0
-5,-6,263,1,272,0
-8,3,7,1,273,0
8,-5,9,1,273,0
-7,2,14,1,273,0
7,-2,269,1,273,0
4,-3,78,1,273,0
0,-1,136,1,273,0
5,-6,149,1,273,0
4,2,225,1,273,0
1,-4,219,1,273,0
2,0,224,1,273,0
2,-7,226,1,273,0
-4,-4,231,1,273,0
-5,0,241,1,273,0
-2,-8,254,1,273,0
-1,-5,259,1,273,0
-3,-1,268,1,273,0
8,-6,7,1,273,0
5,-7,83,1,273,0
3,-1,129,1,273,0
-5,1,159,1,273,0
4,-4,162,1,273,0
3,2,222,1,273,0
2,1,212,1,273,0
0,-2,197,1,273,0
1,-5,199,1,273,0
-4,0,234,1,273,0
1,0,238,1,273,0
-3,-2,245,1,273,0
-1,-6,261,1,273,0
-6,-1,266,1,273,0
-4,-5,272,1,273,0
8,-7,6,1,273,0
6,-1,252,1,273,0
3,-2,116,1,273,0
3,3,128,1,273,0
2,2,213,1,273,0
4,-5,161,1,273,0
-1,-7,163,1,273,0
-5,2,165,1,273,0
1,1,171,1,273,0
-4,1,176,1,273,0
0,-3,182,1,273,0
0,0,252,1,273,0
-6,-2,263,1,273,0
-4,-6,267,1,273,0
-3,-3,272,1,273,0
-3,0,272,1,273,0
7,-5,25,1,273,0
6,-2,273,1,273,0
5,6,103,1,273,0
4,5,112,1,273,0
3,4,126,1,273,0
2,3,195,1,273,0
-4,2,167,1,273,0
1,2,169,1,273,0
3,-3,174,1,273,0
0,-4,227,1,273,0
1,-7,235,1,273,0
-1,-8,251,1,273,0
-3,-4,253,1,273,0
-6,-3,259,1,273,0
-2,-1,267,1,273,0
-4,-7,272,1,273,0
6,-3,58,1,273,0
8,0,125,1,273,0
2,4,77,1,273,0
4,-7,79,1,273,0
1,3,85,1,273,0
5,7,102,1,273,0
4,6,111,1,273,0
3,5,119,1,273,0
7,-6,139,1,273,0
1,-8,153,1,273,0
3,-4,169,1,273,0
0,-5,189,1,273,0
-3,-5,197,1,273,0
2,-1,223,1,273,0
-3,2,234,1,273,0
-2,-2,238,1,273,0
-4,3,244,1,273,0
-6,-4,251,1,273,0
-1,0,256,1,273,0
-5,-1,271,1,273,0
-5,5,9,1,273,0
2,5,17,1,273,0
7,0,123,1,273,0
3,6,53,1,273,0
6,-4,57,1,273,0
1,4,78,1,273,0
4,7,96,1,273,0
-8,-1,102,1,273,0
7,-7,112,1,273,0
8,1,128,1,273,0
2,-2,162,1,273,0
-1,1,181,1,273,0
0,-6,184,1,273,0
-3,-6,186,1,273,0
-6,-5,213,1,273,0
-2,-3,229,1,273,0
-3,3,243,1,273,0
-4,4,248,1,273,0
-5,-2,272,1,273,0
1,5,11,1,273,0
-4,5,15,1,273,0
6,0,245,1,273,0
2,6,44,1,273,0
6,-5,44,1,273,0
8,-1,67,1,273,0
-8,-2,94,1,273,0
7,1,135,1,273,0
-5,-3,159,1,273,0
-1,2,187,1,273,0
2,-3,194,1,273,0
-2,3,224,1,273,0
0,-7,241,1,273,0
-2,-4,245,1,273,0
-3,4,252,1,273,0
-1,-1,259,1,273,0
-3,-7,266,1,273,0
5,0,238,1,273,0
2,7,18,1,273,0
1,6,36,1,273,0
5,-3,67,1,273,0
8,-2,86,1,273,0
3,-7,94,1,273,0
6,1,143,1,273,0
6,-6,146,1,273,0
-2,4,204,1,273,0
-1,-2,206,1,273,0
2,-4,211,1,273,0
-1,3,217,1,273,0
1,-1,219,1,273,0
-4,-1,226,1,273,0
-2,-5,239,1,273,0
-5,-4,245,1,273,0
0,-8,245,1,273,0
-3,5,271,1,273,0
4,-1,9,1,273,0
0,6,4,1,273,0
4,0,11,1,273,0
5,1,236,1,273,0
1,7,26,1,273,0
5,-4,64,1,273,0
6,-7,74,1,273,0
1,-2,168,1,273,0
-1,4,201,1,273,0
2,-5,216,1,273,0
-1,-3,227,1,273,0
-5,-5,239,1,273,0
-4,-2,251,1,273,0
-2,-6,271,1,273,0
-7,-1,268,1,273,0
-7,0,272,1,273,0
1,8,11,1,273,0
-8,2,11,1,273,0
7,-1,254,1,273,0
-7,-2,95,1,273,0
-7,1,119,1,273,0
3,0,125,1,273,0
5,2,147,1,273,0
4,1,229,1,273,0
5,-5,153,1,273,0
1,-3,198,1,273,0
2,-6,223,1,273,0
-4,-3,223,1,273,0
-1,-4,228,1,273,0
-6,0,248,1,273,0
-2,-7,258,1,273,0
-5,-6,263,1,273,0
-8,3,7,1,274,0
8,-5,9,1,274,0
-7,2,14,1,274,0
7,-2,269,1,274,0
4,-3,78,1,274,0
0,-1,136,1,274,0
5,-6,149,1,274,0
4,2,225,1,274,0
1,-4,219,1,274,0
2,0,224,1,274,0
2,-7,226,1,274,0
-4,-4,231,1,274,0
-5,0,241,1,274,0
-2,-8,254,1,274,0
-1,-5,259,1,274,0
-3,-1,268,1,274,0
-5,-7,273,1,274,0
8,-6,7,1,274,0
5,-7,83,1,274,0
3,-1,129,1,274,0
-5,1,159,1,274,0
4,-4,162,1,274,0
3,2,222,1,274,0
2,1,212,1,274,0
0,-2,197,1,274,0
1,-5,199,1,274,0
-4,0,234,1,274,0
1,0,238,1,274,0
-3,-2,245,1,274,0
-1,-6,261,1,274,0
-6,-1,266,1,274,0
-4,-5,273,1,274,0
8,-7,6,1,274,0
6,-1,252,1,274,0
3,-2,116,1,274,0
3,3,128,1,274,0
2,2,213,1,274,0
4,-5,161,1,274,0
-1,-7,163,1,274,0
-5,2,165,1,274,0
1,1,171,1,274,0
-4,1,176,1,274,0
0,-3,182,1,274,0
0,0,252,1,274,0
-6,-2,263,1,274,0
-4,-6,267,1,274,0
-3,-3,273,1,274,0
-3,0,273,1,274,0
7,-5,25,1,274,0
6,-2,274,1,274,0
5,6,103,1,274,0
4,5,112,1,274,0
3,4,126,1,274,0
2,3,195,1,274,0
-4,2,167,1,274,0
1,2,169,1,274,0
3,-3,174,1,274,0
0,-4,227,1,274,0
1,-7,235,1,274,0
-1,-8,251,1,274,0
-3,-4,253,1,274,0
-6,-3,259,1,274,0
-2,-1,267,1,274,0
-4,-7,272,1,274,0
6,-3,58,1,274,0
8,0,125,1,274,0
2,4,77,1,274,0
4,-7,79,1,274,0
1,3,85,1,274,0
5,7,102,1,274,0
4,6,111,1,274,0
3,5,119,1,274,0
7,-6,139,1,274,0
1,-8,153,1,274,0
3,-4,169,1,274,0
0,-5,189,1,274,0
-3,-5,197,1,274,0
2,-1,223,1,274,0
-3,2,234,1,274,0
-2,-2,238,1,274,0
-4,3,244,1,274,0
-6,-4,251,1,274,0
-1,0,256,1,274,0
-5,-1,271,1,274,0
-5,5,9,1,274,0
2,5,17,1,274,0
7,0,123,1,274,0
3,6,53,1,274,0
6,-4,57,1,274,0
1,4,78,1,274,0
4,7,96,1,274,0
-8,-1,102,1,274,0
7,-7,112,1,274,0
8,1,128,1,274,0
2,-2,162,1,274,0
-1,1,181,1,274,0
0,-6,184,1,274,0
-6,-5,213,1,274,0
-2,-3,229,1,274,0
-3,3,243,1,274,0
-4,4,248,1,274,0
-5,-2,273,1,274,0
-3,-6,272,1,274,0
1,5,11,1,274,0
-4,5,15,1,274,0
6,0,245,1,274,0
2,6,44,1,274,0
6,-5,44,1,274,0
8,-1,67,1,274,0
-8,-2,94,1,274,0
7,1,135,1,274,0
-5,-3,159,1,274,0
-1,2,187,1,274,0
2,-3,194,1,274,0
-2,3,224,1,274,0
0,-7,241,1,274,0
-2,-4,245,1,274,0
-3,4,252,1,274,0
-1,-1,259,1,274,0
-3,-7,266,1,274,0
5,0,238,1,274,0
2,7,18,1,274,0
1,6,36,1,274,0
5,-3,67,1,274,0
8,-2,86,1,274,0
3,-7,94,1,274,0
6,1,143,1,274,0
6,-6,146,1,274,0
-2,4,204,1,274,0
-1,-2,206,1,274,0
2,-4,211,1,274,0
-1,3,217,1,274,0
1,-1,219,1,274,0
-4,-1,226,1,274,0
-2,-5,239,1,274,0
-5,-4,245,1,274,0
0,-8,245,1,274,0
-3,5,273,1,274,0
4,-1,9,1,274,0
0,6,4,1,274,0
4,0,11,1,274,0
5,1,236,1,274,0
1,7,26,1,274,0
5,-4,64,1,274,0
6,-7,74,1,274,0
1,-2,168,1,274,0
-1,4,201,1,274,0
2,-5,216,1,274,0
-1,-3,227,1,274,0
-5,-5,239,1,274,0
-4,-2,251,1,274,0
-2,-6,271,1,274,0
-7,0,273,1,274,0
-7,-1,268,1,274,0
1,8,11,1,274,0
-8,2,11,1,274,0
7,-1,254,1,274,0
-7,-2,95,1,274,0
-7,1,119,1,274,0
3,0,125,1,274,0
5,2,147,1,274,0
4,1,229,1,274,0
5,-5,153,1,274,0
1,-3,198,1,274,0
2,-6,223,1,274,0
-4,-3,223,1,274,0
-1,-4,228,1,274,0
-6,0,248,1,274,0
-2,-7,258,1,274,0
-5,-6,263,1,274,0
-8,3,7,1,275,0
8,-5,9,1,275,0
-7,2,14,1,275,0
7,-2,269,1,275,0
4,-3,78,1,275,0
0,-1,136,1,275,0
5,-6,149,1,275,0
4,2,225,1,275,0
1,-4,219,1,275,0
2,0,224,1,275,0
2,-7,226,1,275,0
-4,-4,231,1,275,0
-5,0,241,1,275,0
-2,-8,254,1,275,0
-1,-5,259,1,275,0
-3,-1,268,1,275,0
-5,-7,274,1,275,0
8,-6,7,1,275,0
5,-7,83,1,275,0
3,-1,129,1,275,0
-5,1,159,1,275,0
4,-4,162,1,275,0
3,2,222,1,275,0
2,1,212,1,275,0
0,-2,197,1,275,0
1,-5,199,1,275,0
-4,0,234,1,275,0
1,0,238,1,275,0
-3,-2,245,1,275,0
-1,-6,261,1,275,0
-6,-1,266,1,275,0
-4,-5,274,1,275,0
8,-7,6,1,275,0
6,-1,252,1,275,0
3,-2,116,1,275,0
3,3,128,1,275,0
2,2,213,1,275,0
4,-5,161,1,275,0
-1,-7,163,1,275,0
-5,2,165,1,275,0
1,1,171,1,275,0
-4,1,176,1,275,0
0,-3,182,1,275,0
0,0,252,1,275,0
-6,-2,263,1,275,0
-4,-6,267,1,275,0
-3,-3,274,1,275,0
-3,0,274,1,275,0
7,-5,25,1,275,0
6,-2,275,1,275,0
5,6,103,1,275,0
4,5,112,1,275,0
3,4,126,1,275,0
2,3,195,1,275,0
-4,2,167,1,275,0
1,2,169,1,275,0
3,-3,174,1,275,0
0,-4,227,1,275,0
1,-7,235,1,275,0
-1,-8,251,1,275,0
-3,-4,253,1,275,0
-6,-3,259,1,275,0
-2,-1,267,1,275,0
-4,-7,272,1,275,0
6,-3,58,1,275,0
8,0,125,1,275,0
2,4,77,1,275,0
4,-7,79,1,275,0
1,3,85,1,275,0
5,7,102,1,275,0
4,6,111,1,275,0
3,5,119,1,275,0
7,-6,139,1,275,0
1,-8,153,1,275,0
3,-4,169,1,275,0
0,-5,189,1,275,0
-3,-5,197,1,275,0
2,-1,223,1,275,0
-3,2,234,1,275,0
-2,-2,238,1,275,0
-4,3,244,1,275,0
-6,-4,251,1,275,0
-1,0,256,1,275,0
-5,-1,271,1,275,0
-5,5,9,1,275,0
2,5,17,1,275,0
7,0,123,1,275,0
3,6,53,1,275,0
6,-4,57,1,275,0
1,4,78,1,275,0
4,7,96,1,275,0
-8,-1,102,1,275,0
7,-7,112,1,275,0
8,1,128,1,275,0
2,-2,162,1,275,0
-1,1,181,1,275,0
0,-6,184,1,275,0
-6,-5,213,1,275,0
-2,-3,229,1,275,0
-3,3,243,1,275,0
-4,4,248,1,275,0
-5,-2,274,1,275,0
-3,-6,273,1,275,0
1,5,11,1,275,0
-4,5,15,1,275,0
6,0,245,1,275,0
2,6,44,1,275,0
6,-5,44,1,275,0
8,-1,67,1,275,0
-8,-2,94,1,275,0
7,1,135,1,275,0
-5,-3,159,1,275,0
-1,2,187,1,275,0
2,-3,194,1,275,0
-2,3,224,1,275,0
0,-7,241,1,275,0
-2,-4,245,1,275,0
-3,4,252,1,275,0
-1,-1,259,1,275,0
-3,-7,266,1,275,0
5,0,238,1,275,0
2,7,18,1,275,0
1,6,36,1,275,0
5,-3,67,1,275,0
8,-2,86,1,275,0
3,-7,94,1,275,0
6,1,143,1,275,0
6,-6,146,1,275,0
-2,4,204,1,275,0
-1,-2,206,1,275,0
2,-4,211,1,275,0
-1,3,217,1,275,0
1,-1,219,1,275,0
-4,-1,226,1,275,0
-2,-5,239,1,275,0
-5,-4,245,1,275,0
0,-8,245,1,275,0
-3,5,274,1,275,0
4,-1,9,1,275,0
0,6,4,1,275,0
4,0,11,1,275,0
5,1,236,1,275,0
1,7,26,1,275,0
5,-4,64,1,275,0
6,-7,74,1,275,0
1,-2,168,1,275,0
-1,4,201,1,275,0
2,-5,216,1,275,0
-1,-3,227,1,275,0
-5,-5,239,1,275,0
-4,-2,251,1,275,0
-2,-6,271,1,275,0
-7,0,274,1,275,0
-7,-1,268,1,275,0
1,8,11,1,275,0
-8,2,11,1,275,0
7,-1,254,1,275,0
-7,-2,95,1,275,0
-7,1,119,1,275,0
3,0,125,1,275,0
5,2,147,1,275,0
4,1,229,1,275,0
5,-5,153,1,275,0
1,-3,198,1,275,0
2,-6,223,1,275,0
-4,-3,223,1,275,0
-1,-4,228,1,275,0
-6,0,248,1,275,0
-2,-7,258,1,275,0
-5,-6,263,1,275,0
-8,3,7,1,276,0
8,-5,9,1,276,0
-7,2,14,1,276,0
7,-2,269,1,276,0
4,-3,78,1,276,0
0,-1,136,1,276,0
5,-6,149,1,276,0
4,2,225,1,276,0
1,-4,219,1,276,0
2,0,224,1,276,0
2,-7,226,1,276,0
-5,0,241,1,276,0
-2,-8,254,1,276,0
-1,-5,259,1,276,0
-3,-1,268,1,276,0
-4,-4,275,1,276,0
-5,-7,275,1,276,0
8,-6,7,1,276,0
5,-7,83,1,276,0
3,-1,129,1,276,0
-5,1,159,1,276,0
4,-4,162,1,276,0
3,2,222,1,276,0
2,1,212,1,276,0
0,-2,197,1,276,0
1,-5,199,1,276,0
-4,0,234,1,276,0
1,0,238,1,276,0
-3,-2,245,1,276,0
-1,-6,261,1,276,0
-6,-1,266,1,276,0
-4,-5,274,1,276,0
8,-7,6,1,276,0
6,-1,252,1,276,0
3,-2,116,1,276,0
3,3,128,1,276,0
2,2,213,1,276,0
4,-5,161,1,276,0
-1,-7,163,1,276,0
-5,2,165,1,276,0
1,1,171,1,276,0
-4,1,176,1,276,0
0,-3,182,1,276,0
0,0,252,1,276,0
-6,-2,263,1,276,0
-4,-6,267,1,276,0
-3,-3,275,1,276,0
-3,0,275,1,276,0
7,-5,25,1,276,0
6,-2,276,1,276,0
5,6,103,1,276,0
4,5,112,1,276,0
3,4,126,1,276,0
2,3,195,1,276,0
-4,2,167,1,276,0
1,2,169,1,276,0
3,-3,174,1,276,0
0,-4,227,1,276,0
1,-7,235,1,276,0
-1,-8,251,1,276,0
-3,-4,253,1,276,0
-6,-3,259,1,276,0
-2,-1,267,1,276,0
-4,-7,272,1,276,0
6,-3,58,1,276,0
8,0,125,1,276,0
2,4,77,1,276,0
4,-7,79,1,276,0
1,3,85,1,276,0
5,7,102,1,276,0
4,6,111,1,276,0
3,5,119,1,276,0
7,-6,139,1,276,0
1,-8,153,1,276,0
3,-4,169,1,276,0
0,-5,189,1,276,0
-3,-5,197,1,276,0
2,-1,223,1,276,0
-3,2,234,1,276,0
-2,-2,238,1,276,0
-4,3,244,1,276,0
-6,-4,251,1,276,0
-1,0,256,1,276,0
-5,-1,275,1,276,0
-5,5,9,1,276,0
2,5,17,1,276,0
7,0,123,1,276,0
3,6,53,1,276,0
6,-4,57,1,276,0
1,4,78,1,276,0
4,7,96,1,276,0
-8,-1,102,1,276,0
7,-7,112,1,276,0
8,1,128,1,276,0
2,-2,162,1,276,0
-1,1,181,1,276,0
0,-6,184,1,276,0
-6,-5,213,1,276,0
-2,-3,229,1,276,0
-3,3,243,1,276,0
-4,4,248,1,276,0
-5,-2,274,1,276,0
-3,-6,275,1,276,0
1,5,11,1,276,0
-4,5,15,1,276,0
6,0,245,1,276,0
2,6,44,1,276,0
6,-5,44,1,276,0
8,-1,67,1,276,0
-8,-2,94,1,276,0
7,1,135,1,276,0
-5,-3,159,1,276,0
-1,2,187,1,276,0
2,-3,194,1,276,0
-2,3,224,1,276,0
0,-7,241,1,276,0
-2,-4,245,1,276,0
-3,4,252,1,276,0
-1,-1,259,1,276,0
-3,-7,266,1,276,0
5,0,238,1,276,0
2,7,18,1,276,0
1,6,36,1,276,0
5,-3,67,1,276,0
8,-2,86,1,276,0
3,-7,94,1,276,0
6,1,143,1,276,0
6,-6,146,1,276,0
-2,4,204,1,276,0
-1,-2,206,1,276,0
2,-4,211,1,276,0
-1,3,217,1,276,0
1,-1,219,1,276,0
-4,-1,226,1,276,0
-2,-5,239,1,276,0
-5,-4,245,1,276,0
0,-8,245,1,276,0
-3,5,275,1,276,0
4,-1,9,1,276,0
0,6,4,1,276,0
4,0,11,1,276,0
5,1,236,1,276,0
1,7,26,1,276,0
5,-4,64,1,276,0
6,-7,74,1,276,0
1,-2,168,1,276,0
-1,4,201,1,276,0
2,-5,216,1,276,0
-1,-3,227,1,276,0
-5,-5,239,1,276,0
-4,-2,251,1,276,0
-2,-6,271,1,276,0
-7,0,275,1,276,0
-7,-1,268,1,276,0
1,8,11,1,276,0
-8,2,11,1,276,0
7,-1,254,1,276,0
-7,-2,95,1,276,0
-7,1,119,1,276,0
3,0,125,1,276,0
5,2,147,1,276,0
4,1,229,1,276,0
5,-5,153,1,276,0
1,-3,198,1,276,0
2,-6,223,1,276,0
-4,-3,223,1,276,0
-1,-4,228,1,276,0
-6,0,248,1,276,0
-2,-7,258,1,276,0
-5,-6,263,1,276,0
-8,3,7,1,277,0
8,-5,9,1,277,0
-7,2,14,1,277,0
7,-2,269,1,277,0
4,-3,78,1,277,0
0,-1,136,1,277,0
5,-6,149,1,277,0
4,2,225,1,277,0
1,-4,219,1,277,0
2,0,224,1,277,0
2,-7,226,1,277,0
-5,0,241,1,277,0
-2,-8,254,1,277,0
-1,-5,259,1,277,0
-3,-1,268,1,277,0
-4,-4,275,1,277,0
-5,-7,276,1,277,0
8,-6,7,1,277,0
5,-7,83,1,277,0
3,-1,129,1,277,0
-5,1,159,1,277,0
4,-4,162,1,277,0
3,2,222,1,277,0
2,1,212,1,277,0
0,-2,197,1,277,0
1,-5,199,1,277,0
-4,0,234,1,277,0
1,0,238,1,277,0
-3,-2,245,1,277,0
-1,-6,261,1,277,0
-6,-1,266,1,277,0
-4,-5,274,1,277,0
8,-7,6,1,277,0
6,-1,252,1,277,0
3,-2,116,1,277,0
3,3,128,1,277,0
2,2,213,1,277,0
4,-5,161,1,277,0
-1,-7,163,1,277,0
-5,2,165,1,277,0
1,1,171,1,277,0
-4,1,176,1,277,0
0,-3,182,1,277,0
0,0,252,1,277,0
-6,-2,263,1,277,0
-4,-6,267,1,277,0
-3,-3,276,1,277,0
-3,0,276,1,277,0
7,-5,25,1,277,0
6,-2,277,1,277,0
5,6,103,1,277,0
4,5,112,1,277,0
3,4,126,1,277,0
2,3,195,1,277,0
-4,2,167,1,277,0
1,2,169,1,277,0
3,-3,174,1,277,0
0,-4,227,1,277,0
1,-7,235,1,277,0
-1,-8,251,1,277,0
-6,-3,259,1,277,0
-2,-1,267,1,277,0
-4,-7,272,1,277,0
-3,-4,276,1,277,0
6,-3,58,1,277,0
8,0,125,1,277,0
2,4,77,1,277,0
4,-7,79,1,277,0
1,3,85,1,277,0
5,7,102,1,277,0
4,6,111,1,277,0
3,5,119,1,277,0
7,-6,139,1,277,0
1,-8,153,1,277,0
3,-4,169,1,277,0
0,-5,189,1,277,0
-3,-5,197,1,277,0
2,-1,223,1,277,0
-3,2,234,1,277,0
-2,-2,238,1,277,0
-4,3,244,1,277,0
-6,-4,251,1,277,0
-1,0,256,1,277,0
-5,-1,275,1,277,0
-5,5,9,1,277,0
2,5,17,1,277,0
7,0,123,1,277,0
3,6,53,1,277,0
6,-4,57,1,277,0
1,4,78,1,277,0
4,7,96,1,277,0
-8,-1,102,1,277,0
7,-7,112,1,277,0
8,1,128,1,277,0
2,-2,162,1,277,0
-1,1,181,1,277,0
0,-6,184,1,277,0
-6,-5,213,1,277,0
-2,-3,229,1,277,0
-3,3,243,1,277,0
-4,4,248,1,277,0
-5,-2,274,1,277,0
-3,-6,276,1,277,0
1,5,11,1,277,0
-4,5,15,1,277,0
6,0,245,1,277,0
2,6,44,1,277,0
6,-5,44,1,277,0
8,-1,67,1,277,0
-8,-2,94,1,277,0
7,1,135,1,277,0
-5,-3,159,1,277,0
-1,2,187,1,277,0
2,-3,194,1,277,0
-2,3,224,1,277,0
0,-7,241,1,277,0
-2,-4,245,1,277,0
-3,4,252,1,277,0
-1,-1,259,1,277,0
-3,-7,266,1,277,0
5,0,238,1,277,0
2,7,18,1,277,0
1,6,36,1,277,0
5,-3,67,1,277,0
8,-2,86,1,277,0
3,-7,94,1,277,0
6,1,143,1,277,0
6,-6,146,1,277,0
-2,4,204,1,277,0
-1,-2,206,1,277,0
2,-4,211,1,277,0
-1,3,217,1,277,0
1,-1,219,1,277,0
-2,-5,239,1,277,0
-5,-4,245,1,277,0
0,-8,245,1,277,0
-3,5,275,1,277,0
-4,-1,276,1,277,0
4,-1,9,1,277,0
0,6,4,1,277,0
4,0,11,1,277,0
5,1,236,1,277,0
1,7,26,1,277,0
5,-4,64,1,277,0
6,-7,74,1,277,0
1,-2,168,1,277,0
-1,4,201,1,277,0
2,-5,216,1,277,0
-1,-3,227,1,277,0
-5,-5,239,1,277,0
-4,-2,251,1,277,0
-2,-6,271,1,277,0
-2,5,276,1,277,0
-7,-1,268,1,277,0
-7,0,276,1,277,0
1,8,11,1,277,0
-8,2,11,1,277,0
7,-1,254,1,277,0
-7,-2,95,1,277,0
-7,1,119,1,277,0
3,0,125,1,277,0
5,2,147,1,277,0
4,1,229,1,277,0
5,-5,153,1,277,0
1,-3,198,1,277,0
2,-6,223,1,277,0
-4,-3,223,1,277,0
-1,-4,228,1,277,0
-6,0,248,1,277,0
-2,-7,258,1,277,0
-5,-6,263,1,277,0
-8,3,7,1,278,0
8,-5,9,1,278,0
-7,2,14,1,278,0
7,-2,269,1,278,0
4,-3,78,1,278,0
0,-1,136,1,278,0
5,-6,149,1,278,0
4,2,225,1,278,0
1,-4,219,1,278,0
2,0,224,1,278,0
2,-7,226,1,278,0
-5,0,241,1,278,0
-2,-8,254,1,278,0
-1,-5,259,1,278,0
-3,-1,268,1,278,0
-4,-4,277,1,278,0
-5,-7,277,1,278,0
8,-6,7,1,278,0
5,-7,83,1,278,0
3,-1,129,1,278,0
-5,1,159,1,278,0
4,-4,162,1,278,0
3,2,222,1,278,0
2,1,212,1,278,0
0,-2,197,1,278,0
1,-5,199,1,278,0
-4,0,234,1,278,0
1,0,238,1,278,0
-3,-2,245,1,278,0
-1,-6,261,1,278,0
-6,-1,266,1,278,0
-4,-5,274,1,278,0
8,-7,6,1,278,0
6,-1,252,1,278,0
3,-2,116,1,278,0
3,3,128,1,278,0
2,2,213,1,278,0
4,-5,161,1,278,0
-1,-7,163,1,278,0
-5,2,165,1,278,0
1,1,171,1,278,0
-4,1,176,1,278,0
0,-3,182,1,278,0
0,0,252,1,278,0
-6,-2,263,1,278,0
-4,-6,267,1,278,0
-3,-3,277,1,278,0
-3,0,277,1,278,0
7,-5,25,1,278,0
6,-2,277,1,278,0
5,6,103,1,278,0
4,5,112,1,278,0
3,4,126,1,278,0
2,3,195,1,278,0
-4,2,167,1,278,0
1,2,169,1,278,0
3,-3,174,1,278,0
0,-4,227,1,278,0
1,-7,235,1,278,0
-1,-8,251,1,278,0
-6,-3,259,1,278,0
-2,-1,267,1,278,0
-4,-7,272,1,278,0
-3,-4,276,1,278,0
6,-3,58,1,278,0
8,0,125,1,278,0
2,4,77,1,278,0
4,-7,79,1,278,0
1,3,85,1,278,0
5,7,102,1,278,0
4,6,111,1,278,0
3,5,119,1,278,0
7,-6,139,1,278,0
1,-8,153,1,278,0
3,-4,169,1,278,0
0,-5,189,1,278,0
-3,-5,197,1,278,0
2,-1,223,1,278,0
-3,2,234,1,278,0
-2,-2,238,1,278,0
-4,3,244,1,278,0
-6,-4,251,1,278,0
-1,0,256,1,278,0
-5,-1,275,1,278,0
-5,5,9,1,278,0
2,5,17,1,278,0
7,0,123,1,278,0
3,6,53,1,278,0
6,-4,57,1,278,0
1,4,78,1,278,0
4,7,96,1,278,0
-8,-1,102,1,278,0
7,-7,112,1,278,0
8,1,128,1,278,0
2,-2,162,1,278,0
-1,1,181,1,278,0
0,-6,184,1,278,0
-6,-5,213,1,278,0
-2,-3,229,1,278,0
-3,3,243,1,278,0
-4,4,248,1,278,0
-5,-2,274,1,278,0
-3,-6,277,1,278,0
1,5,11,1,278,0
-4,5,15,1,278,0
6,0,245,1,278,0
2,6,44,1,278,0
6,-5,44,1,278,0
8,-1,67,1,278,0
-8,-2,94,1,278,0
7,1,135,1,278,0
-5,-3,159,1,278,0
-1,2,187,1,278,0
2,-3,194,1,278,0
-2,3,224,1,278,0
0,-7,241,1,278,0
-2,-4,245,1,278,0
-3,4,252,1,278,0
-1,-1,259,1,278,0
-3,-7,266,1,278,0
5,-2,278,1,278,0
5,0,238,1,278,0
2,7,18,1,278,0
1,6,36,1,278,0
5,-3,67,1,278,0
8,-2,86,1,278,0
3,-7,94,1,278,0
6,1,143,1,278,0
6,-6,146,1,278,0
-2,4,204,1,278,0
-1,-2,206,1,278,0
2,-4,211,1,278,0
-1,3,217,1,278,0
1,-1,219,1,278,0
-2,-5,239,1,278,0
-5,-4,245,1,278,0
0,-8,245,1,278,0
-3,5,275,1,278,0
-4,-1,277,1,278,0
4,-1,9,1,278,0
0,6,4,1,278,0
4,0,11,1,278,0
5,1,236,1,278,0
1,7,26,1,278,0
5,-4,64,1,278,0
6,-7,74,1,278,0
1,-2,168,1,278,0
-1,4,201,1,278,0
2,-5,216,1,278,0
-1,-3,227,1,278,0
-5,-5,239,1,278,0
-4,-2,251,1,278,0
-2,-6,271,1,278,0
-2,5,276,1,278,0
-7,-1,268,1,278,0
-7,0,277,1,278,0
1,8,11,1,278,0
-8,2,11,1,278,0
7,-1,254,1,278,0
-7,-2,95,1,278,0
-7,1,119,1,278,0
3,0,125,1,278,0
5,2,147,1,278,0
4,1,229,1,278,0
5,-5,153,1,278,0
1,-3,198,1,278,0
2,-6,223,1,278,0
-4,-3,223,1,278,0
-1,-4,228,1,278,0
-6,0,248,1,278,0
-2,-7,258,1,278,0
-5,-6,263,1,278,0
-2,6,277,1,278,0
-8,3,7,1,279,0
8,-5,9,1,279,0
-7,2,14,1,279,0
7,-2,269,1,279,0
4,-3,78,1,279,0
0,-1,136,1,279,0
5,-6,149,1,279,0
4,2,225,1,279,0
1,-4,219,1,279,0
2,0,224,1,279,0
2,-7,226,1,279,0
-5,0,241,1,279,0
-2,-8,254,1,279,0
-1,-5,259,1,279,0
-3,-1,268,1,279,0
-4,-4,278,1,279,0
-5,-7,278,1,279,0
8,-6,7,1,279,0
5,-7,83,1,279,0
3,-1,129,1,279,0
-5,1,159,1,279,0
4,-4,162,1,279,0
3,2,222,1,279,0
2,1,212,1,279,0
0,-2,197,1,279,0
1,-5,199,1,279,0
-4,0,234,1,279,0
1,0,238,1,279,0
-3,-2,245,1,279,0
-1,-6,261,1,279,0
-6,-1,266,1,279,0
-4,-5,274,1,279,0
8,-7,6,1,279,0
6,-1,252,1,279,0
3,-2,116,1,279,0
3,3,128,1,279,0
2,2,213,1,279,0
4,-5,161,1,279,0
-1,-7,163,1,279,0
-5,2,165,1,279,0
1,1,171,1,279,0
-4,1,176,1,279,0
0,-3,182,1,279,0
0,0,252,1,279,0
-6,-2,263,1,279,0
-4,-6,267,1,279,0
-3,-3,278,1,279,0
-3,0,278,1,279,0
7,-5,25,1,279,0
6,-2,277,1,279,0
5,6,103,1,279,0
4,5,112,1,279,0
3,4,126,1,279,0
2,3,195,1,279,0
-4,2,167,1,279,0
1,2,169,1,279,0
3,-3,174,1,279,0
0,-4,227,1,279,0
1,-7,235,1,279,0
-1,-8,251,1,279,0
-6,-3,259,1,279,0
-2,-1,267,1,279,0
-4,-7,272,1,279,0
-3,-4,276,1,279,0
6,-3,58,1,279,0
8,0,125,1,279,0
2,4,77,1,279,0
4,-7,79,1,279,0
1,3,85,1,279,0
5,7,102,1,279,0
4,6,111,1,279,0
3,5,119,1,279,0
7,-6,139,1,279,0
1,-8,153,1,279,0
3,-4,169,1,279,0
0,-5,189,1,279,0
-3,-5,197,1,279,0
2,-1,223,1,279,0
-3,2,234,1,279,0
-2,-2,238,1,279,0
-4,3,244,1,279,0
-6,-4,251,1,279,0
-1,0,256,1,279,0
-5,-1,278,1,279,0
-5,5,9,1,279,0
2,5,17,1,279,0
7,0,123,1,279,0
3,6,53,1,279,0
6,-4,57,1,279,0
1,4,78,1,279,0
4,7,96,1,279,0
-8,-1,102,1,279,0
7,-7,112,1,279,0
8,1,128,1,279,0
2,-2,162,1,279,0
-1,1,181,1,279,0
0,-6,184,1,279,0
-6,-5,213,1,279,0
-2,-3,229,1,279,0
-3,3,243,1,279,0
-4,4,248,1,279,0
-5,-2,274,1,279,0
-3,-6,278,1,279,0
1,5,11,1,279,0
-4,5,15,1,279,0
6,0,245,1,279,0
2,6,44,1,279,0
6,-5,44,1,279,0
8,-1,67,1,279,0
-8,-2,94,1,279,0
7,1,135,1,279,0
-5,-3,159,1,279,0
-1,2,187,1,279,0
2,-3,194,1,279,0
-2,3,224,1,279,0
0,-7,241,1,279,0
-2,-4,245,1,279,0
-3,4,252,1,279,0
-1,-1,259,1,279,0
-3,-7,266,1,279,0
5,-2,279,1,279,0
5,0,238,1,279,0
2,7,18,1,279,0
1,6,36,1,279,0
5,-3,67,1,279,0
8,-2,86,1,279,0
3,-7,94,1,279,0
6,1,143,1,279,0
6,-6,146,1,279,0
-2,4,204,1,279,0
-1,-2,206,1,279,0
2,-4,211,1,279,0
-1,3,217,1,279,0
1,-1,219,1,279,0
-2,-5,239,1,279,0
-5,-4,245,1,279,0
0,-8,245,1,279,0
-3,5,275,1,279,0
-4,-1,277,1,279,0
4,-1,9,1,279,0
0,6,4,1,279,0
4,0,11,1,279,0
5,1,236,1,279,0
1,7,26,1,279,0
5,-4,64,1,279,0
6,-7,74,1,279,0
1,-2,168,1,279,0
-1,4,201,1,279,0
2,-5,216,1,279,0
-1,-3,227,1,279,0
-5,-5,239,1,279,0
-4,-2,251,1,279,0
-2,-6,271,1,279,0
-2,5,276,1,279,0
-7,0,278,1,279,0
-7,-1,268,1,279,0
1,8,11,1,279,0
-8,2,11,1,279,0
7,-1,254,1,279,0
-7,-2,95,1,279,0
-7,1,119,1,279,0
3,0,125,1,279,0
5,2,147,1,279,0
4,1,229,1,279,0
5,-5,153,1,279,0
1,-3,198,1,279,0
2,-6,223,1,279,0
-4,-3,223,1,279,0
-1,-4,228,1,279,0
-6,0,248,1,279,0
-2,-7,258,1,279,0
-5,-6,263,1,279,0
-2,6,278,1,279,0
-8,3,7,1,280,0
8,-5,9,1,280,0
-7,2,14,1,280,0
7,-2,269,1,280,0
4,-3,78,1,280,0
0,-1,136,1,280,0
5,-6,149,1,280,0
4,2,225,1,280,0
1,-4,219,1,280,0
2,0,224,1,280,0
2,-7,226,1,280,0
-5,0,241,1,280,0
-2,-8,254,1,280,0
-1,-5,259,1,280,0
-3,-1,268,1,280,0
-4,-4,279,1,280,0
-5,-7,279,1,280,0
8,-6,7,1,280,0
5,-7,83,1,280,0
3,-1,129,1,280,0
-5,1,159,1,280,0
4,-4,162,1,280,0
3,2,222,1,280,0
2,1,212,1,280,0
0,-2,197,1,280,0
1,-5,199,1,280,0
-4,0,234,1,280,0
1,0,238,1,280,0
-3,-2,245,1,280,0
-1,-6,261,1,280,0
-6,-1,266,1,280,0
-4,-5,274,1,280,0
8,-7,6,1,280,0
6,-1,252,1,280,0
3,-2,116,1,280,0
3,3,128,1,280,0
2,2,213,1,280,0
4,-5,161,1,280,0
-1,-7,163,1,280,0
-5,2,165,1,280,0
1,1,171,1,280,0
-4,1,176,1,280,0
0,-3,182,1,280,0
0,0,252,1,280,0
-6,-2,263,1,280,0
-4,-6,267,1,280,0
-3,-3,279,1,280,0
-3,0,279,1,280,0
7,-5,25,1,280,0
6,-2,277,1,280,0
5,6,103,1,280,0
4,5,112,1,280,0
3,4,126,1,280,0
2,3,195,1,280,0
-4,2,167,1,280,0
1,2,169,1,280,0
3,-3,174,1,280,0
0,-4,227,1,280,0
1,-7,235,1,280,0
-1,-8,251,1,280,0
-6,-3,259,1,280,0
-2,-1,267,1,280,0
-4,-7,272,1,280,0
-3,-4,276,1,280,0
6,-3,58,1,280,0
8,0,125,1,280,0
2,4,77,1,280,0
4,-7,79,1,280,0
1,3,85,1,280,0
5,7,102,1,280,0
4,6,111,1,280,0
3,5,119,1,280,0
7,-6,139,1,280,0
1,-8,153,1,280,0
3,-4,169,1,280,0
0,-5,189,1,280,0
-3,-5,197,1,280,0
2,-1,223,1,280,0
-3,2,234,1,280,0
-2,-2,238,1,280,0
-4,3,244,1,280,0
-6,-4,251,1,280,0
-1,0,256,1,280,0
-5,-1,279,1,280,0
-5,5,9,1,280,0
2,5,17,1,280,0
7,0,123,1,280,0
3,6,53,1,280,0
6,-4,57,1,280,0
1,4,78,1,280,0
4,7,96,1,280,0
-8,-1,102,1,280,0
7,-7,112,1,280,0
8,1,128,1,280,0
2,-2,162,1,280,0
-1,1,181,1,280,0
0,-6,184,1,280,0
-6,-5,213,1,280,0
-2,-3,229,1,280,0
-3,3,243,1,280,0
-4,4,248,1,280,0
-5,-2,274,1,280,0
-3,-6,279,1,280,0
1,5,11,1,280,0
-4,5,15,1,280,0
6,0,245,1,280,0
2,6,44,1,280,0
6,-5,44,1,280,0
8,-1,67,1,280,0
-8,-2,94,1,280,0
7,1,135,1,280,0
-5,-3,159,1,280,0
-1,2,187,1,280,0
2,-3,194,1,280,0
-2,3,224,1,280,0
0,-7,241,1,280,0
-2,-4,245,1,280,0
-3,4,252,1,280,0
-1,-1,259,1,280,0
-3,-7,266,1,280,0
5,-2,279,1,280,0
5,0,238,1,280,0
2,7,18,1,280,0
1,6,36,1,280,0
5,-3,67,1,280,0
8,-2,86,1,280,0
3,-7,94,1,280,0
6,1,143,1,280,0
6,-6,146,1,280,0
-2,4,204,1,280,0
-1,-2,206,1,280,0
2,-4,211,1,280,0
-1,3,217,1,280,0
1,-1,219,1,280,0
-2,-5,239,1,280,0
-5,-4,245,1,280,0
0,-8,245,1,280,0
-3,5,275,1,280,0
-4,-1,277,1,280,0
4,-1,9,1,280,0
0,6,4,1,280,0
4,0,11,1,280,0
5,1,236,1,280,0
1,7,26,1,280,0
5,-4,64,1,280,0
6,-7,74,1,280,0
1,-2,168,1,280,0
-1,4,201,1,280,0
2,-5,216,1,280,0
-1,-3,227,1,280,0
-5,-5,239,1,280,0
-4,-2,251,1,280,0
-2,-6,271,1,280,0
-2,5,276,1,280,0
-7,0,279,1,280,0
-7,-1,268,1,280,0
1,8,11,1,280,0
-8,2,11,1,280,0
7,-1,254,1,280,0
-7,-2,95,1,280,0
-7,1,119,1,280,0
3,0,125,1,280,0
5,2,147,1,280,0
4,1,229,1,280,0
5,-5,153,1,280,0
1,-3,198,1,280,0
2,-6,223,1,280,0
-4,-3,223,1,280,0
-1,-4,228,1,280,0
-6,0,248,1,280,0
-2,-7,258,1,280,0
-5,-6,263,1,280,0
-2,6,278,1,280,0
-8,3,7,1,281,0
8,-5,9,1,281,0
-7,2,14,1,281,0
7,-2,269,1,281,0
4,-3,78,1,281,0
0,-1,136,1,281,0
5,-6,149,1,281,0
4,2,225,1,281,0
1,-4,219,1,281,0
2,0,224,1,281,0
2,-7,226,1,281,0
-5,0,241,1,281,0
-2,-8,254,1,281,0
-1,-5,259,1,281,0
-3,-1,268,1,281,0
-4,-4,279,1,281,0
-5,-7,279,1,281,0
8,-6,7,1,281,0
5,-7,83,1,281,0
3,-1,129,1,281,0
-5,1,159,1,281,0
4,-4,162,1,281,0
3,2,222,1,281,0
2,1,212,1,281,0
0,-2,197,1,281,0
1,-5,199,1,281,0
-4,0,234,1,281,0
1,0,238,1,281,0
-3,-2,245,1,281,0
-1,-6,261,1,281,0
-6,-1,266,1,281,0
-4,-5,274,1,281,0
8,-7,6,1,281,0
6,-1,252,1,281,0
3,-2,116,1,281,0
3,3,128,1,281,0
2,2,213,1,281,0
4,-5,161,1,281,0
-1,-7,163,1,281,0
-5,2,165,1,281,0
1,1,171,1,281,0
-4,1,176,1,281,0
0,-3,182,1,281,0
0,0,252,1,281,0
-6,-2,263,1,281,0
-4,-6,267,1,281,0
-3,-3,279,1,281,0
-3,0,279,1,281,0
7,-5,25,1,281,0
6,-2,277,1,281,0
5,6,103,1,281,0
4,5,112,1,281,0
3,4,126,1,281,0
2,3,195,1,281,0
-4,2,167,1,281,0
1,2,169,1,281,0
3,-3,174,1,281,0
0,-4,227,1,281,0
1,-7,235,1,281,0
-1,-8,251,1,281,0
-6,-3,259,1,281,0
-2,-1,267,1,281,0
-4,-7,272,1,281,0
-3,-4,276,1,281,0
6,-3,58,1,281,0
8,0,125,1,281,0
2,4,77,1,281,0
4,-7,79,1,281,0
1,3,85,1,281,0
5,7,102,1,281,0
4,6,111,1,281,0
3,5,119,1,281,0
7,-6,139,1,281,0
1,-8,153,1,281,0
3,-4,169,1,281,0
0,-5,189,1,281,0
-3,-5,197,1,281,0
2,-1,223,1,281,0
-3,2,234,1,281,0
-2,-2,238,1,281,0
-4,3,244,1,281,0
-6,-4,251,1,281,0
-1,0,256,1,281,0
-5,-1,279,1,281,0
-5,5,9,1,281,0
2,5,17,1,281,0
7,0,123,1,281,0
3,6,53,1,281,0
6,-4,57,1,281,0
1,4,78,1,281,0
4,7,96,1,281,0
-8,-1,102,1,281,0
7,-7,112,1,281,0
8,1,128,1,281,0
2,-2,162,1,281,0
-1,1,181,1,281,0
0,-6,184,1,281,0
-6,-5,213,1,281,0
-2,-3,229,1,281,0
-3,3,243,1,281,0
-4,4,248,1,281,0
-5,-2,274,1,281,0
-3,-6,279,1,281,0
1,5,11,1,281,0
-4,5,15,1,281,0
6,0,245,1,281,0
2,6,44,1,281,0
6,-5,44,1,281,0
8,-1,67,1,281,0
-8,-2,94,1,281,0
7,1,135,1,281,0
-5,-3,159,1,281,0
-1,2,187,1,281,0
2,-3,194,1,281,0
-2,3,224,1,281,0
0,-7,241,1,281,0
-2,-4,245,1,281,0
-3,4,252,1,281,0
-1,-1,259,1,281,0
-3,-7,266,1,281,0
5,-2,281,1,281,0
5,0,238,1,281,0
2,7,18,1,281,0
1,6,36,1,281,0
5,-3,67,1,281,0
8,-2,86,1,281,0
3,-7,94,1,281,0
6,1,143,1,281,0
6,-6,146,1,281,0
-2,4,204,1,281,0
-1,-2,206,1,281,0
2,-4,211,1,281,0
-1,3,217,1,281,0
1,-1,219,1,281,0
-2,-5,239,1,281,0
-5,-4,245,1,281,0
0,-8,245,1,281,0
-3,5,275,1,281,0
-4,-1,277,1,281,0
4,-1,9,1,281,0
0,6,4,1,281,0
4,0,11,1,281,0
5,1,236,1,281,0
1,7,26,1,281,0
5,-4,64,1,281,0
6,-7,74,1,281,0
1,-2,168,1,281,0
-1,4,201,1,281,0
2,-5,216,1,281,0
-1,-3,227,1,281,0
-5,-5,239,1,281,0
-4,-2,251,1,281,0
-2,-6,271,1,281,0
-2,5,276,1,281,0
-7,-1,268,1,281,0
-7,0,279,1,281,0
1,8,11,1,281,0
-8,2,11,1,281,0
7,-1,254,1,281,0
-7,-2,95,1,281,0
-7,1,119,1,281,0
3,0,125,1,281,0
5,2,147,1,281,0
4,1,229,1,281,0
5,-5,153,1,281,0
1,-3,198,1,281,0
2,-6,223,1,281,0
-4,-3,223,1,281,0
-1,-4,228,1,281,0
-6,0,248,1,281,0
-2,-7,258,1,281,0
-5,-6,263,1,281,0
-2,6,279,1,281,0
-8,3,7,1,282,0
8,-5,9,1,282,0
-7,2,14,1,282,0
7,-2,269,1,282,0
4,-3,78,1,282,0
0,-1,136,1,282,0
5,-6,149,1,282,0
4,2,225,1,282,0
1,-4,219,1,282,0
2,0,224,1,282,0
2,-7,226,1,282,0
-5,0,241,1,282,0
-2,-8,254,1,282,0
-1,-5,259,1,282,0
-3,-1,268,1,282,0
-5,-7,279,1,282,0
-4,-4,281,1,282,0
8,-6,7,1,282,0
5,-7,83,1,282,0
3,-1,129,1,282,0
-5,1,159,1,282,0
4,-4,162,1,282,0
3,2,222,1,282,0
2,1,212,1,282,0
0,-2,197,1,282,0
1,-5,199,1,282,0
-4,0,234,1,282,0
1,0,238,1,282,0
-3,-2,245,1,282,0
-1,-6,261,1,282,0
-6,-1,266,1,282,0
-4,-5,274,1,282,0
8,-7,6,1,282,0
6,-1,252,1,282,0
3,-2,116,1,282,0
3,3,128,1,282,0
2,2,213,1,282,0
4,-5,161,1,282,0
-1,-7,163,1,282,0
-5,2,165,1,282,0
1,1,171,1,282,0
-4,1,176,1,282,0
0,-3,182,1,282,0
0,0,252,1,282,0
-6,-2,263,1,282,0
-3,-3,281,1,282,0
-3,0,281,1,282,0
-4,-6,281,1,282,0
7,-5,25,1,282,0
6,-2,277,1,282,0
5,6,103,1,282,0
4,5,112,1,282,0
3,4,126,1,282,0
2,3,195,1,282,0
-4,2,167,1,282,0
1,2,169,1,282,0
3,-3,174,1,282,0
0,-4,227,1,282,0
1,-7,235,1,282,0
-1,-8,251,1,282,0
-6,-3,259,1,282,0
-2,-1,267,1,282,0
-4,-7,272,1,282,0
-3,-4,276,1,282,0
6,-3,58,1,282,0
8,0,125,1,282,0
2,4,77,1,282,0
4,-7,79,1,282,0
1,3,85,1,282,0
5,7,102,1,282,0
4,6,111,1,282,0
3,5,119,1,282,0
7,-6,139,1,282,0
1,-8,153,1,282,0
3,-4,169,1,282,0
0,-5,189,1,282,0
-3,-5,197,1,282,0
2,-1,223,1,282,0
-3,2,234,1,282,0
-2,-2,238,1,282,0
-4,3,244,1,282,0
-6,-4,251,1,282,0
-1,0,256,1,282,0
-5,-1,279,1,282,0
-5,5,9,1,282,0
2,5,17,1,282,0
7,0,123,1,282,0
3,6,53,1,282,0
6,-4,57,1,282,0
1,4,78,1,282,0
4,7,96,1,282,0
-8,-1,102,1,282,0
7,-7,112,1,282,0
8,1,128,1,282,0
2,-2,162,1,282,0
-1,1,181,1,282,0
0,-6,184,1,282,0
-6,-5,213,1,282,0
-2,-3,229,1,282,0
-3,3,243,1,282,0
-4,4,248,1,282,0
-5,-2,274,1,282,0
-3,-6,279,1,282,0
1,5,11,1,282,0
-4,5,15,1,282,0
6,0,245,1,282,0
2,6,44,1,282,0
6,-5,44,1,282,0
8,-1,67,1,282,0
-8,-2,94,1,282,0
7,1,135,1,282,0
-5,-3,159,1,282,0
-1,2,187,1,282,0
2,-3,194,1,282,0
-2,3,224,1,282,0
0,-7,241,1,282,0
-2,-4,245,1,282,0
-3,4,252,1,282,0
-1,-1,259,1,282,0
-3,-7,266,1,282,0
5,-2,282,1,282,0
5,0,238,1,282,0
2,7,18,1,282,0
1,6,36,1,282,0
5,-3,67,1,282,0
8,-2,86,1,282,0
3,-7,94,1,282,0
6,1,143,1,282,0
6,-6,146,1,282,0
-2,4,204,1,282,0
-1,-2,206,1,282,0
2,-4,211,1,282,0
-1,3,217,1,282,0
1,-1,219,1,282,0
-2,-5,239,1,282,0
-5,-4,245,1,282,0
0,-8,245,1,282,0
-3,5,275,1,282,0
-4,-1,277,1,282,0
-6,-7,281,1,282,0
4,-1,9,1,282,0
0,6,4,1,282,0
4,0,11,1,282,0
5,1,236,1,282,0
1,7,26,1,282,0
5,-4,64,1,282,0
6,-7,74,1,282,0
1,-2,168,1,282,0
-1,4,201,1,282,0
2,-5,216,1,282,0
-1,-3,227,1,282,0
-5,-5,239,1,282,0
-2,-6,271,1,282,0
-2,5,276,1,282,0
-4,-2,281,1,282,0
-7,-1,268,1,282,0
-7,0,279,1,282,0
1,8,11,1,282,0
-8,2,11,1,282,0
7,-1,254,1,282,0
-7,-2,95,1,282,0
3,0,125,1,282,0
5,2,147,1,282,0
4,1,229,1,282,0
5,-5,153,1,282,0
1,-3,198,1,282,0
2,-6,223,1,282,0
-4,-3,223,1,282,0
-1,-4,228,1,282,0
-6,0,248,1,282,0
-2,-7,258,1,282,0
-5,-6,263,1,282,0
-2,6,279,1,282,0
-7,1,281,1,282,0
-8,3,7,1,283,0
8,-5,9,1,283,0
-7,2,14,1,283,0
7,-2,269,1,283,0
4,-3,78,1,283,0
0,-1,136,1,283,0
5,-6,149,1,283,0
4,2,225,1,283,0
1,-4,219,1,283,0
2,0,224,1,283,0
2,-7,226,1,283,0
-5,0,241,1,283,0
-2,-8,254,1,283,0
-1,-5,259,1,283,0
-3,-1,268,1,283,0
-5,-7,279,1,283,0
-4,-4,281,1,283,0
8,-6,7,1,283,0
5,-7,83,1,283,0
3,-1,129,1,283,0
-5,1,159,1,283,0
4,-4,162,1,283,0
3,2,222,1,283,0
2,1,212,1,283,0
0,-2,197,1,283,0
1,-5,199,1,283,0
-4,0,234,1,283,0
1,0,238,1,283,0
-1,-6,261,1,283,0
-6,-1,266,1,283,0
-4,-5,274,1,283,0
-3,-2,282,1,283,0
8,-7,6,1,283,0
6,-1,252,1,283,0
3,-2,116,1,283,0
3,3,128,1,283,0
2,2,213,1,283,0
4,-5,161,1,283,0
-1,-7,163,1,283,0
-5,2,165,1,283,0
1,1,171,1,283,0
-4,1,176,1,283,0
0,-3,182,1,283,0
0,0,252,1,283,0
-6,-2,263,1,283,0
-3,-3,281,1,283,0
-4,-6,281,1,283,0
-3,0,282,1,283,0
7,-5,25,1,283,0
6,-2,277,1,283,0
5,6,103,1,283,0
4,5,112,1,283,0
3,4,126,1,283,0
2,3,195,1,283,0
-4,2,167,1,283,0
1,2,169,1,283,0
3,-3,174,1,283,0
0,-4,227,1,283,0
1,-7,235,1,283,0
-1,-8,251,1,283,0
-6,-3,259,1,283,0
-2,-1,267,1,283,0
-3,-4,276,1,283,0
-4,-7,282,1,283,0
6,-3,58,1,283,0
8,0,125,1,283,0
2,4,77,1,283,0
4,-7,79,1,283,0
1,3,85,1,283,0
5,7,102,1,283,0
4,6,111,1,283,0
3,5,119,1,283,0
7,-6,139,1,283,0
1,-8,153,1,283,0
3,-4,169,1,283,0
0,-5,189,1,283,0
-3,-5,197,1,283,0
2,-1,223,1,283,0
-3,2,234,1,283,0
-2,-2,238,1,283,0
-4,3,244,1,283,0
-6,-4,251,1,283,0
-1,0,256,1,283,0
-5,-1,279,1,283,0
-5,5,9,1,283,0
2,5,17,1,283,0
7,0,123,1,283,0
3,6,53,1,283,0
6,-4,57,1,283,0
1,4,78,1,283,0
4,7,96,1,283,0
-8,-1,102,1,283,0
7,-7,112,1,283,0
8,1,128,1,283,0
2,-2,162,1,283,0
-1,1,181,1,283,0
0,-6,184,1,283,0
-6,-5,213,1,283,0
-2,-3,229,1,283,0
-3,3,243,1,283,0
-4,4,248,1,283,0
-5,-2,274,1,283,0
-3,-6,279,1,283,0
5,-1,283,1,283,0
1,5,11,1,283,0
-4,5,15,1,283,0
6,0,245,1,283,0
2,6,44,1,283,0
6,-5,44,1,283,0
8,-1,67,1,283,0
-8,-2,94,1,283,0
7,1,135,1,283,0
-5,-3,159,1,283,0
-1,2,187,1,283,0
2,-3,194,1,283,0
-2,3,224,1,283,0
0,-7,241,1,283,0
-2,-4,245,1,283,0
-3,4,252,1,283,0
-1,-1,259,1,283,0
-3,-7,266,1,283,0
5,-2,282,1,283,0
5,0,238,1,283,0
2,7,18,1,283,0
1,6,36,1,283,0
5,-3,67,1,283,0
8,-2,86,1,283,0
3,-7,94,1,283,0
6,1,143,1,283,0
6,-6,146,1,283,0
-2,4,204,1,283,0
-1,-2,206,1,283,0
2,-4,211,1,283,0
-1,3,217,1,283,0
1,-1,219,1,283,0
-2,-5,239,1,283,0
-5,-4,245,1,283,0
0,-8,245,1,283,0
-3,5,275,1,283,0
-4,-1,277,1,283,0
-6,-7,282,1,283,0
4,-1,9,1,283,0
0,6,4,1,283,0
4,0,11,1,283,0
5,1,236,1,283,0
1,7,26,1,283,0
5,-4,64,1,283,0
6,-7,74,1,283,0
1,-2,168,1,283,0
-1,4,201,1,283,0
2,-5,216,1,283,0
-1,-3,227,1,283,0
-5,-5,239,1,283,0
-2,-6,271,1,283,0
-2,5,276,1,283,0
-4,-2,282,1,283,0
-7,0,281,1,283,0
-7,-1,268,1,283,0
1,8,11,1,283,0
-8,2,11,1,283,0
7,-1,254,1,283,0
-7,-2,95,1,283,0
3,0,125,1,283,0
5,2,147,1,283,0
4,1,229,1,283,0
5,-5,153,1,283,0
1,-3,198,1,283,0
2,-6,223,1,283,0
-1,-4,228,1,283,0
-6,0,248,1,283,0
-2,-7,258,1,283,0
-5,-6,263,1,283,0
-2,6,281,1,283,0
-4,-3,282,1,283,0
-7,1,282,1,283,0
-8,3,7,1,284,0
8,-5,9,1,284,0
-7,2,14,1,284,0
7,-2,269,1,284,0
4,-3,78,1,284,0
0,-1,136,1,284,0
5,-6,149,1,284,0
4,2,225,1,284,0
1,-4,219,1,284,0
2,0,224,1,284,0
2,-7,226,1,284,0
-5,0,241,1,284,0
-2,-8,254,1,284,0
-1,-5,259,1,284,0
-3,-1,268,1,284,0
-5,-7,279,1,284,0
-4,-4,281,1,284,0
-1,6,282,1,284,0
-6,1,283,1,284,0
8,-6,7,1,284,0
5,-7,83,1,284,0
3,-1,129,1,284,0
-5,1,159,1,284,0
4,-4,162,1,284,0
3,2,222,1,284,0
2,1,212,1,284,0
0,-2,197,1,284,0
1,-5,199,1,284,0
-4,0,234,1,284,0
1,0,238,1,284,0
-1,-6,261,1,284,0
-6,-1,266,1,284,0
-4,-5,274,1,284,0
-3,-2,283,1,284,0
8,-7,6,1,284,0
6,-1,252,1,284,0
3,-2,116,1,284,0
3,3,128,1,284,0
2,2,213,1,284,0
4,-5,161,1,284,0
-1,-7,163,1,284,0
-5,2,165,1,284,0
1,1,171,1,284,0
-4,1,176,1,284,0
0,-3,182,1,284,0
0,0,252,1,284,0
-6,-2,263,1,284,0
-3,-3,281,1,284,0
-4,-6,281,1,284,0
-3,0,283,1,284,0
7,-5,25,1,284,0
6,-2,277,1,284,0
5,6,103,1,284,0
4,5,112,1,284,0
3,4,126,1,284,0
2,3,195,1,284,0
-4,2,167,1,284,0
1,2,169,1,284,0
3,-3,174,1,284,0
0,-4,227,1,284,0
1,-7,235,1,284,0
-1,-8,251,1,284,0
-6,-3,259,1,284,0
-2,-1,267,1,284,0
-3,-4,276,1,284,0
-4,-7,283,1,284,0
6,-3,58,1,284,0
8,0,125,1,284,0
2,4,77,1,284,0
4,-7,79,1,284,0
1,3,85,1,284,0
5,7,102,1,284,0
4,6,111,1,284,0
3,5,119,1,284,0
7,-6,139,1,284,0
1,-8,153,1,284,0
3,-4,169,1,284,0
0,-5,189,1,284,0
-3,-5,197,1,284,0
2,-1,223,1,284,0
-3,2,234,1,284,0
-2,-2,238,1,284,0
-4,3,244,1,284,0
-6,-4,251,1,284,0
-1,0,256,1,284,0
-5,-1,279,1,284,0
-5,5,9,1,284,0
2,5,17,1,284,0
7,0,123,1,284,0
3,6,53,1,284,0
6,-4,57,1,284,0
1,4,78,1,284,0
4,7,96,1,284,0
-8,-1,102,1,284,0
7,-7,112,1,284,0
8,1,128,1,284,0
2,-2,162,1,284,0
-1,1,181,1,284,0
0,-6,184,1,284,0
-6,-5,213,1,284,0
-2,-3,229,1,284,0
-3,3,243,1,284,0
-4,4,248,1,284,0
-5,-2,274,1,284,0
-3,-6,279,1,284,0
5,-1,284,1,284,0
1,5,11,1,284,0
-4,5,15,1,284,0
6,0,245,1,284,0
2,6,44,1,284,0
6,-5,44,1,284,0
8,-1,67,1,284,0
-8,-2,94,1,284,0
7,1,135,1,284,0
-5,-3,159,1,284,0
-1,2,187,1,284,0
2,-3,194,1,284,0
-2,3,224,1,284,0
0,-7,241,1,284,0
-2,-4,245,1,284,0
-3,4,252,1,284,0
-1,-1,259,1,284,0
-3,-7,266,1,284,0
5,-2,282,1,284,0
5,0,238,1,284,0
2,7,18,1,284,0
1,6,36,1,284,0
5,-3,67,1,284,0
8,-2,86,1,284,0
3,-7,94,1,284,0
6,1,143,1,284,0
6,-6,146,1,284,0
-2,4,204,1,284,0
-1,-2,206,1,284,0
2,-4,211,1,284,0
-1,3,217,1,284,0
1,-1,219,1,284,0
-2,-5,239,1,284,0
-5,-4,245,1,284,0
0,-8,245,1,284,0
-3,5,275,1,284,0
-4,-1,277,1,284,0
-6,-7,283,1,284,0
4,-1,9,1,284,0
0,6,4,1,284,0
4,0,11,1,284,0
5,1,236,1,284,0
1,7,26,1,284,0
5,-4,64,1,284,0
6,-7,74,1,284,0
1,-2,168,1,284,0
-1,4,201,1,284,0
2,-5,216,1,284,0
-1,-3,227,1,284,0
-5,-5,239,1,284,0
-2,-6,271,1,284,0
-2,5,276,1,284,0
-7,0,281,1,284,0
-4,-2,283,1,284,0
-7,-1,268,1,284,0
1,8,11,1,284,0
-8,2,11,1,284,0
7,-1,254,1,284,0
-7,-2,95,1,284,0
3,0,125,1,284,0
5,2,147,1,284,0
4,1,229,1,284,0
5,-5,153,1,284,0
1,-3,198,1,284,0
2,-6,223,1,284,0
-1,-4,228,1,284,0
-6,0,248,1,284,0
-2,-7,258,1,284,0
-5,-6,263,1,284,0
-2,6,281,1,284,0
-4,-3,283,1,284,0
-7,1,283,1,284,0
-8,3,7,1,285,0
8,-5,9,1,285,0
-7,2,14,1,285,0
7,-2,269,1,285,0
4,-3,78,1,285,0
0,-1,136,1,285,0
5,-6,149,1,285,0
4,2,225,1,285,0
1,-4,219,1,285,0
2,0,224,1,285,0
2,-7,226,1,285,0
-5,0,241,1,285,0
-2,-8,254,1,285,0
-1,-5,259,1,285,0
-3,-1,268,1,285,0
-5,-7,279,1,285,0
-4,-4,281,1,285,0
-6,1,283,1,285,0
-1,6,283,1,285,0
8,-6,7,1,285,0
5,-7,83,1,285,0
3,-1,129,1,285,0
-5,1,159,1,285,0
4,-4,162,1,285,0
3,2,222,1,285,0
2,1,212,1,285,0
0,-2,197,1,285,0
1,-5,199,1,285,0
-4,0,234,1,285,0
1,0,238,1,285,0
-1,-6,261,1,285,0
-6,-1,266,1,285,0
-4,-5,274,1,285,0
-3,-2,283,1,285,0
8,-7,6,1,285,0
6,-1,252,1,285,0
3,-2,116,1,285,0
3,3,128,1,285,0
2,2,213,1,285,0
4,-5,161,1,285,0
-1,-7,163,1,285,0
-5,2,165,1,285,0
1,1,171,1,285,0
-4,1,176,1,285,0
0,-3,182,1,285,0
0,0,252,1,285,0
-6,-2,263,1,285,0
-4,-6,281,1,285,0
-3,-3,284,1,285,0
-3,0,284,1,285,0
7,-5,25,1,285,0
6,-2,277,1,285,0
5,6,103,1,285,0
4,5,112,1,285,0
3,4,126,1,285,0
2,3,195,1,285,0
-4,2,167,1,285,0
1,2,169,1,285,0
3,-3,174,1,285,0
0,-4,227,1,285,0
1,-7,235,1,285,0
-1,-8,251,1,285,0
-6,-3,259,1,285,0
-2,-1,267,1,285,0
-3,-4,276,1,285,0
-4,-7,284,1,285,0
6,-3,58,1,285,0
8,0,125,1,285,0
2,4,77,1,285,0
4,-7,79,1,285,0
1,3,85,1,285,0
5,7,102,1,285,0
4,6,111,1,285,0
3,5,119,1,285,0
7,-6,139,1,285,0
1,-8,153,1,285,0
3,-4,169,1,285,0
0,-5,189,1,285,0
-3,-5,197,1,285,0
2,-1,223,1,285,0
-3,2,234,1,285,0
-2,-2,238,1,285,0
-4,3,244,1,285,0
-6,-4,251,1,285,0
-1,0,256,1,285,0
-5,-1,279,1,285,0
-5,5,9,1,285,0
2,5,17,1,285,0
7,0,123,1,285,0
3,6,53,1,285,0
6,-4,57,1,285,0
1,4,78,1,285,0
4,7,96,1,285,0
-8,-1,102,1,285,0
7,-7,112,1,285,0
8,1,128,1,285,0
2,-2,162,1,285,0
-1,1,181,1,285,0
0,-6,184,1,285,0
-6,-5,213,1,285,0
-2,-3,229,1,285,0
-3,3,243,1,285,0
-4,4,248,1,285,0
-5,-2,274,1,285,0
-3,-6,279,1,285,0
5,-1,285,1,285,0
1,5,11,1,285,0
-4,5,15,1,285,0
6,0,245,1,285,0
2,6,44,1,285,0
6,-5,44,1,285,0
8,-1,67,1,285,0
-8,-2,94,1,285,0
7,1,135,1,285,0
-5,-3,159,1,285,0
-1,2,187,1,285,0
2,-3,194,1,285,0
-2,3,224,1,285,0
0,-7,241,1,285,0
-2,-4,245,1,285,0
-3,4,252,1,285,0
-1,-1,259,1,285,0
-3,-7,266,1,285,0
5,-2,282,1,285,0
5,0,238,1,285,0
2,7,18,1,285,0
1,6,36,1,285,0
5,-3,67,1,285,0
8,-2,86,1,285,0
3,-7,94,1,285,0
6,1,143,1,285,0
6,-6,146,1,285,0
-2,4,204,1,285,0
-1,-2,206,1,285,0
2,-4,211,1,285,0
-1,3,217,1,285,0
1,-1,219,1,285,0
-2,-5,239,1,285,0
-5,-4,245,1,285,0
0,-8,245,1,285,0
-3,5,275,1,285,0
-4,-1,277,1,285,0
-6,-7,284,1,285,0
4,-1,9,1,285,0
0,6,4,1,285,0
4,0,11,1,285,0
5,1,236,1,285,0
1,7,26,1,285,0
5,-4,64,1,285,0
6,-7,74,1,285,0
1,-2,168,1,285,0
-1,4,201,1,285,0
2,-5,216,1,285,0
-1,-3,227,1,285,0
-5,-5,239,1,285,0
-2,-6,271,1,285,0
-2,5,276,1,285,0
-7,0,281,1,285,0
-4,-2,284,1,285,0
-7,-1,268,1,285,0
1,8,11,1,285,0
-8,2,11,1,285,0
7,-1,254,1,285,0
-7,-2,95,1,285,0
3,0,125,1,285,0
5,2,147,1,285,0
4,1,229,1,285,0
5,-5,153,1,285,0
1,-3,198,1,285,0
2,-6,223,1,285,0
-1,-4,228,1,285,0
-2,-7,258,1,285,0
-5,-6,263,1,285,0
-2,6,281,1,285,0
-7,1,283,1,285,0
-6,0,284,1,285,0
-4,-3,284,1,285,0
-8,3,7,1,286,0
8,-5,9,1,286,0
-7,2,14,1,286,0
7,-2,269,1,286,0
4,-3,78,1,286,0
0,-1,136,1,286,0
5,-6,149,1,286,0
4,2,225,1,286,0
1,-4,219,1,286,0
2,0,224,1,286,0
2,-7,226,1,286,0
-5,0,241,1,286,0
-2,-8,254,1,286,0
-1,-5,259,1,286,0
-3,-1,268,1,286,0
-5,-7,279,1,286,0
-4,-4,281,1,286,0
-6,1,283,1,286,0
-1,6,284,1,286,0
8,-6,7,1,286,0
5,-7,83,1,286,0
3,-1,129,1,286,0
-5,1,159,1,286,0
4,-4,162,1,286,0
3,2,222,1,286,0
2,1,212,1,286,0
0,-2,197,1,286,0
1,-5,199,1,286,0
-4,0,234,1,286,0
1,0,238,1,286,0
-1,-6,261,1,286,0
-6,-1,266,1,286,0
-4,-5,274,1,286,0
-3,-2,285,1,286,0
8,-7,6,1,286,0
6,-1,252,1,286,0
3,-2,116,1,286,0
3,3,128,1,286,0
2,2,213,1,286,0
4,-5,161,1,286,0
-1,-7,163,1,286,0
-5,2,165,1,286,0
1,1,171,1,286,0
-4,1,176,1,286,0
0,-3,182,1,286,0
0,0,252,1,286,0
-6,-2,263,1,286,0
-4,-6,281,1,286,0
-3,-3,284,1,286,0
-3,0,285,1,286,0
7,-5,25,1,286,0
6,-2,277,1,286,0
5,6,103,1,286,0
4,5,112,1,286,0
3,4,126,1,286,0
2,3,195,1,286,0
-4,2,167,1,286,0
1,2,169,1,286,0
3,-3,174,1,286,0
0,-4,227,1,286,0
1,-7,235,1,286,0
-1,-8,251,1,286,0
-6,-3,259,1,286,0
-2,-1,267,1,286,0
-3,-4,276,1,286,0
-4,-7,285,1,286,0
6,-3,58,1,286,0
8,0,125,1,286,0
2,4,77,1,286,0
4,-7,79,1,286,0
1,3,85,1,286,0
5,7,102,1,286,0
4,6,111,1,286,0
3,5,119,1,286,0
7,-6,139,1,286,0
1,-8,153,1,286,0
3,-4,169,1,286,0
0,-5,189,1,286,0
-3,-5,197,1,286,0
2,-1,223,1,286,0
-3,2,234,1,286,0
-2,-2,238,1,286,0
-4,3,244,1,286,0
-6,-4,251,1,286,0
-1,0,256,1,286,0
-5,-1,279,1,286,0
-5,5,9,1,286,0
2,5,17,1,286,0
7,0,123,1,286,0
3,6,53,1,286,0
6,-4,57,1,286,0
1,4,78,1,286,0
4,7,96,1,286,0
-8,-1,102,1,286,0
7,-7,112,1,286,0
8,1,128,1,286,0
2,-2,162,1,286,0
-1,1,181,1,286,0
0,-6,184,1,286,0
-6,-5,213,1,286,0
-2,-3,229,1,286,0
-3,3,243,1,286,0
-4,4,248,1,286,0
-5,-2,274,1,286,0
-3,-6,279,1,286,0
5,-1,285,1,286,0
1,5,11,1,286,0
-4,5,15,1,286,0
6,0,245,1,286,0
2,6,44,1,286,0
6,-5,44,1,286,0
8,-1,67,1,286,0
-8,-2,94,1,286,0
7,1,135,1,286,0
-5,-3,159,1,286,0
-1,2,187,1,286,0
2,-3,194,1,286,0
-2,3,224,1,286,0
0,-7,241,1,286,0
-2,-4,245,1,286,0
-3,4,252,1,286,0
-1,-1,259,1,286,0
-3,-7,266,1,286,0
5,-2,282,1,286,0
5,0,238,1,286,0
2,7,18,1,286,0
1,6,36,1,286,0
5,-3,67,1,286,0
8,-2,86,1,286,0
3,-7,94,1,286,0
6,1,143,1,286,0
6,-6,146,1,286,0
-2,4,204,1,286,0
-1,-2,206,1,286,0
2,-4,211,1,286,0
-1,3,217,1,286,0
1,-1,219,1,286,0
-2,-5,239,1,286,0
-5,-4,245,1,286,0
0,-8,245,1,286,0
-3,5,275,1,286,0
-4,-1,277,1,286,0
-6,-7,285,1,286,0
4,-1,286,1,286,0
0,6,4,1,286,0
4,0,11,1,286,0
5,1,236,1,286,0
1,7,26,1,286,0
5,-4,64,1,286,0
6,-7,74,1,286,0
1,-2,168,1,286,0
-1,4,201,1,286,0
2,-5,216,1,286,0
-1,-3,227,1,286,0
-5,-5,239,1,286,0
-2,-6,271,1,286,0
-2,5,276,1,286,0
-7,0,281,1,286,0
-4,-2,285,1,286,0
-7,-1,268,1,286,0
1,8,11,1,286,0
-8,2,11,1,286,0
7,-1,254,1,286,0
-7,-2,95,1,286,0
3,0,125,1,286,0
5,2,147,1,286,0
4,1,229,1,286,0
5,-5,153,1,286,0
1,-3,198,1,286,0
2,-6,223,1,286,0
-1,-4,228,1,286,0
-2,-7,258,1,286,0
-5,-6,263,1,286,0
-2,6,281,1,286,0
-7,1,284,1,286,0
-6,0,285,1,286,0
-4,-3,285,1,286,0
-8,3,7,1,287,0
8,-5,9,1,287,0
-7,2,14,1,287,0
7,-2,269,1,287,0
4,-3,78,1,287,0
0,-1,136,1,287,0
5,-6,149,1,287,0
4,2,225,1,287,0
1,-4,219,1,287,0
2,0,224,1,287,0
2,-7,226,1,287,0
-5,0,241,1,287,0
-2,-8,254,1,287,0
-1,-5,259,1,287,0
-3,-1,268,1,287,0
-5,-7,279,1,287,0
-4,-4,281,1,287,0
-6,1,283,1,287,0
-1,6,285,1,287,0
8,-6,7,1,287,0
5,-7,83,1,287,0
3,-1,129,1,287,0
-5,1,159,1,287,0
4,-4,162,1,287,0
3,2,222,1,287,0
2,1,212,1,287,0
0,-2,197,1,287,0
1,-5,199,1,287,0
-4,0,234,1,287,0
1,0,238,1,287,0
-1,-6,261,1,287,0
-6,-1,266,1,287,0
-4,-5,274,1,287,0
-3,-2,286,1,287,0
8,-7,6,1,287,0
6,-1,252,1,287,0
3,-2,116,1,287,0
3,3,128,1,287,0
2,2,213,1,287,0
4,-5,161,1,287,0
-1,-7,163,1,287,0
-5,2,165,1,287,0
1,1,171,1,287,0
-4,1,176,1,287,0
0,-3,182,1,287,0
0,0,252,1,287,0
-6,-2,263,1,287,0
-4,-6,281,1,287,0
-3,-3,284,1,287,0
-3,0,286,1,287,0
7,-5,25,1,287,0
6,-2,277,1,287,0
5,6,103,1,287,0
4,5,112,1,287,0
3,4,126,1,287,0
2,3,195,1,287,0
-4,2,167,1,287,0
1,2,169,1,287,0
3,-3,174,1,287,0
0,-4,227,1,287,0
1,-7,235,1,287,0
-1,-8,251,1,287,0
-6,-3,259,1,287,0
-2,-1,267,1,287,0
-3,-4,276,1,287,0
-4,-7,286,1,287,0
6,-3,58,1,287,0
8,0,125,1,287,0
2,4,77,1,287,0
4,-7,79,1,287,0
1,3,85,1,287,0
5,7,102,1,287,0
4,6,111,1,287,0
3,5,119,1,287,0
7,-6,139,1,287,0
1,-8,153,1,287,0
3,-4,169,1,287,0
0,-5,189,1,287,0
-3,-5,197,1,287,0
2,-1,223,1,287,0
-3,2,234,1,287,0
-2,-2,238,1,287,0
-4,3,244,1,287,0
-6,-4,251,1,287,0
-1,0,256,1,287,0
-5,-1,279,1,287,0
-5,5,9,1,287,0
2,5,17,1,287,0
7,0,123,1,287,0
3,6,53,1,287,0
6,-4,57,1,287,0
1,4,78,1,287,0
4,7,96,1,287,0
-8,-1,102,1,287,0
7,-7,112,1,287,0
8,1,128,1,287,0
2,-2,162,1,287,0
-1,1,181,1,287,0
0,-6,184,1,287,0
-6,-5,213,1,287,0
-2,-3,229,1,287,0
-3,3,243,1,287,0
-4,4,248,1,287,0
-5,-2,274,1,287,0
-3,-6,279,1,287,0
5,-1,285,1,287,0
1,5,11,1,287,0
-4,5,15,1,287,0
6,0,245,1,287,0
2,6,44,1,287,0
6,-5,44,1,287,0
8,-1,67,1,287,0
-8,-2,94,1,287,0
7,1,135,1,287,0
-5,-3,159,1,287,0
-1,2,187,1,287,0
2,-3,194,1,287,0
-2,3,224,1,287,0
0,-7,241,1,287,0
-2,-4,245,1,287,0
-3,4,252,1,287,0
-1,-1,259,1,287,0
-3,-7,266,1,287,0
5,-2,282,1,287,0
5,0,238,1,287,0
2,7,18,1,287,0
1,6,36,1,287,0
5,-3,67,1,287,0
8,-2,86,1,287,0
3,-7,94,1,287,0
6,1,143,1,287,0
6,-6,146,1,287,0
-2,4,204,1,287,0
-1,-2,206,1,287,0
2,-4,211,1,287,0
-1,3,217,1,287,0
1,-1,219,1,287,0
-2,-5,239,1,287,0
-5,-4,245,1,287,0
0,-8,245,1,287,0
-3,5,275,1,287,0
-4,-1,277,1,287,0
-6,-7,286,1,287,0
4,-1,287,1,287,0
0,6,4,1,287,0
4,0,11,1,287,0
5,1,236,1,287,0
1,7,26,1,287,0
5,-4,64,1,287,0
6,-7,74,1,287,0
1,-2,168,1,287,0
-1,4,201,1,287,0
2,-5,216,1,287,0
-1,-3,227,1,287,0
-5,-5,239,1,287,0
-2,-6,271,1,287,0
-2,5,276,1,287,0
-4,-2,286,1,287,0
-7,0,286,1,287,0
-7,-1,268,1,287,0
1,8,11,1,287,0
-8,2,11,1,287,0
7,-1,254,1,287,0
-7,-2,95,1,287,0
3,0,125,1,287,0
5,2,147,1,287,0
4,1,229,1,287,0
5,-5,153,1,287,0
1,-3,198,1,287,0
2,-6,223,1,287,0
-1,-4,228,1,287,0
-2,-7,258,1,287,0
-5,-6,263,1,287,0
-2,6,281,1,287,0
-6,0,285,1,287,0
-7,1,285,1,287,0
-4,-3,286,1,287,0
-8,3,7,1,288,0
8,-5,9,1,288,0
-7,2,14,1,288,0
7,-2,269,1,288,0
4,-3,78,1,288,0
0,-1,136,1,288,0
5,-6,149,1,288,0
4,2,225,1,288,0
1,-4,219,1,288,0
2,0,224,1,288,0
2,-7,226,1,288,0
-5,0,241,1,288,0
-2,-8,254,1,288,0
-1,-5,259,1,288,0
-3,-1,268,1,288,0
-5,-7,279,1,288,0
-4,-4,281,1,288,0
-6,1,283,1,288,0
-1,6,286,1,288,0
8,-6,7,1,288,0
5,-7,83,1,288,0
3,-1,129,1,288,0
-5,1,159,1,288,0
4,-4,162,1,288,0
3,2,222,1,288,0
2,1,212,1,288,0
0,-2,197,1,288,0
1,-5,199,1,288,0
-4,0,234,1,288,0
1,0,238,1,288,0
-1,-6,261,1,288,0
-6,-1,266,1,288,0
-4,-5,274,1,288,0
-3,-2,287,1,288,0
8,-7,6,1,288,0
6,-1,252,1,288,0
3,-2,116,1,288,0
3,3,128,1,288,0
2,2,213,1,288,0
4,-5,161,1,288,0
-1,-7,163,1,288,0
-5,2,165,1,288,0
1,1,171,1,288,0
-4,1,176,1,288,0
0,-3,182,1,288,0
0,0,252,1,288,0
-6,-2,263,1,288,0
-4,-6,281,1,288,0
-3,-3,284,1,288,0
-3,0,287,1,288,0
7,-5,25,1,288,0
6,-2,277,1,288,0
5,6,103,1,288,0
4,5,112,1,288,0
3,4,126,1,288,0
2,3,195,1,288,0
-4,2,167,1,288,0
1,2,169,1,288,0
3,-3,174,1,288,0
0,-4,227,1,288,0
1,-7,235,1,288,0
-1,-8,251,1,288,0
-6,-3,259,1,288,0
-2,-1,267,1,288,0
-3,-4,276,1,288,0
-4,-7,287,1,288,0
6,-3,58,1,288,0
8,0,125,1,288,0
2,4,77,1,288,0
4,-7,79,1,288,0
1,3,85,1,288,0
5,7,102,1,288,0
4,6,111,1,288,0
3,5,119,1,288,0
7,-6,139,1,288,0
1,-8,153,1,288,0
3,-4,169,1,288,0
0,-5,189,1,288,0
-3,-5,197,1,288,0
2,-1,223,1,288,0
-3,2,234,1,288,0
-2,-2,238,1,288,0
-4,3,244,1,288,0
-6,-4,251,1,288,0
-1,0,256,1,288,0
-5,-1,279,1,288,0
-5,5,9,1,288,0
2,5,17,1,288,0
7,0,123,1,288,0
3,6,53,1,288,0
6,-4,57,1,288,0
1,4,78,1,288,0
4,7,96,1,288,0
-8,-1,102,1,288,0
7,-7,112,1,288,0
8,1,128,1,288,0
2,-2,162,1,288,0
-1,1,181,1,288,0
0,-6,184,1,288,0
-6,-5,213,1,288,0
-2,-3,229,1,288,0
-3,3,243,1,288,0
-4,4,248,1,288,0
-5,-2,274,1,288,0
-3,-6,279,1,288,0
5,-1,285,1,288,0
1,5,11,1,288,0
-4,5,15,1,288,0
6,0,245,1,288,0
2,6,44,1,288,0
6,-5,44,1,288,0
8,-1,67,1,288,0
-8,-2,94,1,288,0
7,1,135,1,288,0
-5,-3,159,1,288,0
-1,2,187,1,288,0
2,-3,194,1,288,0
-2,3,224,1,288,0
0,-7,241,1,288,0
-2,-4,245,1,288,0
-3,4,252,1,288,0
-1,-1,259,1,288,0
-3,-7,266,1,288,0
5,-2,282,1,288,0
5,0,238,1,288,0
2,7,18,1,288,0
1,6,36,1,288,0
5,-3,67,1,288,0
8,-2,86,1,288,0
3,-7,94,1,288,0
6,1,143,1,288,0
6,-6,146,1,288,0
-2,4,204,1,288,0
-1,-2,206,1,288,0
2,-4,211,1,288,0
-1,3,217,1,288,0
1,-1,219,1,288,0
-2,-5,239,1,288,0
-5,-4,245,1,288,0
0,-8,245,1,288,0
-3,5,275,1,288,0
-4,-1,277,1,288,0
-6,-7,287,1,288,0
4,-1,288,1,288,0
0,6,4,1,288,0
4,0,11,1,288,0
5,1,236,1,288,0
1,7,26,1,288,0
5,-4,64,1,288,0
6,-7,74,1,288,0
1,-2,168,1,288,0
-1,4,201,1,288,0
2,-5,216,1,288,0
-1,-3,227,1,288,0
-5,-5,239,1,288,0
-2,-6,271,1,288,0
-2,5,276,1,288,0
-4,-2,287,1,288,0
-7,0,287,1,288,0
-7,-1,268,1,288,0
1,8,11,1,288,0
-8,2,11,1,288,0
7,-1,254,1,288,0
-7,-2,95,1,288,0
3,0,125,1,288,0
5,2,147,1,288,0
4,1,229,1,288,0
5,-5,153,1,288,0
1,-3,198,1,288,0
2,-6,223,1,288,0
-1,-4,228,1,288,0
-2,-7,258,1,288,0
-5,-6,263,1,288,0
-2,6,281,1,288,0
-6,0,285,1,288,0
-4,-3,287,1,288,0
-7,1,287,1,288,0
-8,3,7,1,289,0
8,-5,9,1,289,0
-7,2,14,1,289,0
7,-2,269,1,289,0
4,-3,78,1,289,0
0,-1,136,1,289,0
5,-6,149,1,289,0
4,2,225,1,289,0
1,-4,219,1,289,0
2,0,224,1,289,0
2,-7,226,1,289,0
-5,0,241,1,289,0
-2,-8,254,1,289,0
-1,-5,259,1,289,0
-3,-1,268,1,289,0
-5,-7,279,1,289,0
-4,-4,281,1,289,0
-6,1,283,1,289,0
-1,6,287,1,289,0
8,-6,7,1,289,0
5,-7,83,1,289,0
3,-1,129,1,289,0
-5,1,159,1,289,0
4,-4,162,1,289,0
3,2,222,1,289,0
2,1,212,1,289,0
0,-2,197,1,289,0
1,-5,199,1,289,0
-4,0,234,1,289,0
1,0,238,1,289,0
-1,-6,261,1,289,0
-6,-1,266,1,289,0
-4,-5,274,1,289,0
-3,-2,287,1,289,0
8,-7,6,1,289,0
6,-1,252,1,289,0
3,-2,116,1,289,0
3,3,128,1,289,0
2,2,213,1,289,0
4,-5,161,1,289,0
-1,-7,163,1,289,0
-5,2,165,1,289,0
1,1,171,1,289,0
-4,1,176,1,289,0
0,-3,182,1,289,0
0,0,252,1,289,0
-6,-2,263,1,289,0
-4,-6,281,1,289,0
-3,-3,288,1,289,0
-3,0,288,1,289,0
7,-5,25,1,289,0
6,-2,277,1,289,0
5,6,103,1,289,0
4,5,112,1,289,0
3,4,126,1,289,0
2,3,195,1,289,0
-4,2,167,1,289,0
1,2,169,1,289,0
3,-3,174,1,289,0
0,-4,227,1,289,0
1,-7,235,1,289,0
-1,-8,251,1,289,0
-6,-3,259,1,289,0
-2,-1,267,1,289,0
-3,-4,276,1,289,0
-4,-7,288,1,289,0
-7,-6,288,1,289,0
6,-3,58,1,289,0
8,0,125,1,289,0
2,4,77,1,289,0
4,-7,79,1,289,0
1,3,85,1,289,0
5,7,102,1,289,0
4,6,111,1,289,0
3,5,119,1,289,0
7,-6,139,1,289,0
1,-8,153,1,289,0
3,-4,169,1,289,0
0,-5,189,1,289,0
-3,-5,197,1,289,0
2,-1,223,1,289,0
-3,2,234,1,289,0
-2,-2,238,1,289,0
-4,3,244,1,289,0
-6,-4,251,1,289,0
-1,0,256,1,289,0
-5,-1,279,1,289,0
-5,5,9,1,289,0
2,5,17,1,289,0
7,0,123,1,289,0
3,6,53,1,289,0
6,-4,57,1,289,0
1,4,78,1,289,0
4,7,96,1,289,0
-8,-1,102,1,289,0
7,-7,112,1,289,0
8,1,128,1,289,0
2,-2,162,1,289,0
-1,1,181,1,289,0
0,-6,184,1,289,0
-6,-5,213,1,289,0
-2,-3,229,1,289,0
-3,3,243,1,289,0
-4,4,248,1,289,0
-5,-2,274,1,289,0
-3,-6,279,1,289,0
5,-1,285,1,289,0
1,5,11,1,289,0
-4,5,15,1,289,0
6,0,245,1,289,0
2,6,44,1,289,0
6,-5,44,1,289,0
8,-1,67,1,289,0
-8,-2,94,1,289,0
7,1,135,1,289,0
-5,-3,159,1,289,0
-1,2,187,1,289,0
2,-3,194,1,289,0
-2,3,224,1,289,0
0,-7,241,1,289,0
-2,-4,245,1,289,0
-3,4,252,1,289,0
-1,-1,259,1,289,0
-3,-7,266,1,289,0
5,-2,282,1,289,0
5,0,238,1,289,0
2,7,18,1,289,0
1,6,36,1,289,0
5,-3,67,1,289,0
8,-2,86,1,289,0
3,-7,94,1,289,0
6,1,143,1,289,0
6,-6,146,1,289,0
-2,4,204,1,289,0
-1,-2,206,1,289,0
2,-4,211,1,289,0
-1,3,217,1,289,0
1,-1,219,1,289,0
-2,-5,239,1,289,0
-5,-4,245,1,289,0
0,-8,245,1,289,0
-3,5,275,1,289,0
-4,-1,277,1,289,0
-6,-7,287,1,289,0
4,-1,289,1,289,0
0,6,4,1,289,0
4,0,11,1,289,0
5,1,236,1,289,0
1,7,26,1,289,0
5,-4,64,1,289,0
6,-7,74,1,289,0
1,-2,168,1,289,0
-1,4,201,1,289,0
2,-5,216,1,289,0
-1,-3,227,1,289,0
-5,-5,239,1,289,0
-2,-6,271,1,289,0
-2,5,276,1,289,0
-4,-2,287,1,289,0
-7,0,288,1,289,0
-7,-1,268,1,289,0
1,8,11,1,289,0
-8,2,11,1,289,0
7,-1,254,1,289,0
-7,-2,95,1,289,0
3,0,125,1,289,0
5,2,147,1,289,0
4,1,229,1,289,0
5,-5,153,1,289,0
1,-3,198,1,289,0
2,-6,223,1,289,0
-1,-4,228,1,289,0
-2,-7,258,1,289,0
-5,-6,263,1,289,0
-2,6,281,1,289,0
-6,0,285,1,289,0
-4,-3,288,1,289,0
-7,1,288,1,289,0
-8,3,7,1,290,0
8,-5,9,1,290,0
-7,2,14,1,290,0
7,-2,269,1,290,0
4,-3,78,1,290,0
0,-1,136,1,290,0
5,-6,149,1,290,0
4,2,225,1,290,0
1,-4,219,1,290,0
2,0,224,1,290,0
2,-7,226,1,290,0
-5,0,241,1,290,0
-2,-8,254,1,290,0
-1,-5,259,1,290,0
-3,-1,268,1,290,0
-5,-7,279,1,290,0
-4,-4,281,1,290,0
-6,1,283,1,290,0
-1,6,288,1,290,0
8,-6,7,1,290,0
5,-7,83,1,290,0
3,-1,129,1,290,0
-5,1,159,1,290,0
4,-4,162,1,290,0
3,2,222,1,290,0
2,1,212,1,290,0
0,-2,197,1,290,0
1,-5,199,1,290,0
-4,0,234,1,290,0
1,0,238,1,290,0
-1,-6,261,1,290,0
-6,-1,266,1,290,0
-4,-5,274,1,290,0
-3,-2,287,1,290,0
8,-7,6,1,290,0
6,-1,252,1,290,0
3,-2,116,1,290,0
3,3,128,1,290,0
2,2,213,1,290,0
4,-5,161,1,290,0
-1,-7,163,1,290,0
-5,2,165,1,290,0
1,1,171,1,290,0
-4,1,176,1,290,0
0,-3,182,1,290,0
0,0,252,1,290,0
-6,-2,263,1,290,0
-3,-3,289,1,290,0
-3,0,289,1,290,0
-4,-6,289,1,290,0
7,-5,25,1,290,0
6,-2,277,1,290,0
5,6,103,1,290,0
4,5,112,1,290,0
3,4,126,1,290,0
2,3,195,1,290,0
-4,2,167,1,290,0
1,2,169,1,290,0
3,-3,174,1,290,0
0,-4,227,1,290,0
1,-7,235,1,290,0
-1,-8,251,1,290,0
-6,-3,259,1,290,0
-2,-1,267,1,290,0
-3,-4,276,1,290,0
-4,-7,288,1,290,0
-7,-6,289,1,290,0
6,-3,58,1,290,0
8,0,125,1,290,0
2,4,77,1,290,0
4,-7,79,1,290,0
1,3,85,1,290,0
5,7,102,1,290,0
4,6,111,1,290,0
3,5,119,1,290,0
7,-6,139,1,290,0
1,-8,153,1,290,0
3,-4,169,1,290,0
0,-5,189,1,290,0
-3,-5,197,1,290,0
2,-1,223,1,290,0
-3,2,234,1,290,0
-2,-2,238,1,290,0
-4,3,244,1,290,0
-6,-4,251,1,290,0
-1,0,256,1,290,0
-5,-1,279,1,290,0
-5,5,9,1,290,0
2,5,17,1,290,0
7,0,123,1,290,0
3,6,53,1,290,0
6,-4,57,1,290,0
1,4,78,1,290,0
4,7,96,1,290,0
-8,-1,102,1,290,0
7,-7,112,1,290,0
8,1,128,1,290,0
2,-2,162,1,290,0
-1,1,181,1,290,0
0,-6,184,1,290,0
-6,-5,213,1,290,0
-2,-3,229,1,290,0
-3,3,243,1,290,0
-4,4,248,1,290,0
-5,-2,274,1,290,0
-3,-6,279,1,290,0
5,-1,285,1,290,0
1,5,11,1,290,0
-4,5,15,1,290,0
6,0,245,1,290,0
2,6,44,1,290,0
6,-5,44,1,290,0
8,-1,67,1,290,0
-8,-2,94,1,290,0
7,1,135,1,290,0
-5,-3,159,1,290,0
-1,2,187,1,290,0
2,-3,194,1,290,0
-2,3,224,1,290,0
0,-7,241,1,290,0
-2,-4,245,1,290,0
-3,4,252,1,290,0
-1,-1,259,1,290,0
-3,-7,266,1,290,0
5,-2,282,1,290,0
5,0,238,1,290,0
2,7,18,1,290,0
1,6,36,1,290,0
5,-3,67,1,290,0
8,-2,86,1,290,0
3,-7,94,1,290,0
6,1,143,1,290,0
6,-6,146,1,290,0
-2,4,204,1,290,0
-1,-2,206,1,290,0
2,-4,211,1,290,0
-1,3,217,1,290,0
1,-1,219,1,290,0
-2,-5,239,1,290,0
-5,-4,245,1,290,0
0,-8,245,1,290,0
-3,5,275,1,290,0
-4,-1,277,1,290,0
-6,-7,287,1,290,0
4,-1,289,1,290,0
0,6,4,1,290,0
4,0,11,1,290,0
5,1,236,1,290,0
1,7,26,1,290,0
5,-4,64,1,290,0
6,-7,74,1,290,0
1,-2,168,1,290,0
-1,4,201,1,290,0
2,-5,216,1,290,0
-1,-3,227,1,290,0
-5,-5,239,1,290,0
-2,-6,271,1,290,0
-2,5,276,1,290,0
-4,-2,288,1,290,0
-7,0,289,1,290,0
-7,-1,268,1,290,0
1,8,11,1,290,0
-8,2,11,1,290,0
7,-1,254,1,290,0
-7,-2,95,1,290,0
3,0,125,1,290,0
5,2,147,1,290,0
4,1,229,1,290,0
5,-5,153,1,290,0
1,-3,198,1,290,0
2,-6,223,1,290,0
-1,-4,228,1,290,0
-2,-7,258,1,290,0
-5,-6,263,1,290,0
-2,6,281,1,290,0
-6,0,285,1,290,0
-4,-3,289,1,290,0
-7,1,289,1,290,0
-8,3,7,1,291,0
8,-5,9,1,291,0
-7,2,14,1,291,0
7,-2,269,1,291,0
4,-3,78,1,291,0
0,-1,136,1,291,0
5,-6,149,1,291,0
4,2,225,1,291,0
1,-4,219,1,291,0
2,0,224,1,291,0
2,-7,226,1,291,0
-5,0,241,1,291,0
-2,-8,254,1,291,0
-1,-5,259,1,291,0
-3,-1,268,1,291,0
-5,-7,279,1,291,0
-4,-4,281,1,291,0
-6,1,283,1,291,0
-1,6,288,1,291,0
8,-6,7,1,291,0
5,-7,83,1,291,0
3,-1,129,1,291,0
-5,1,159,1,291,0
4,-4,162,1,291,0
3,2,222,1,291,0
2,1,212,1,291,0
0,-2,197,1,291,0
1,-5,199,1,291,0
-4,0,234,1,291,0
1,0,238,1,291,0
-1,-6,261,1,291,0
-6,-1,266,1,291,0
-4,-5,274,1,291,0
-3,-2,287,1,291,0
8,-7,6,1,291,0
6,-1,252,1,291,0
3,-2,116,1,291,0
3,3,128,1,291,0
2,2,213,1,291,0
4,-5,161,1,291,0
-1,-7,163,1,291,0
-5,2,165,1,291,0
1,1,171,1,291,0
-4,1,176,1,291,0
0,-3,182,1,291,0
0,0,252,1,291,0
-6,-2,263,1,291,0
-3,-3,289,1,291,0
-3,0,289,1,291,0
-4,-6,289,1,291,0
7,-5,25,1,291,0
6,-2,277,1,291,0
5,6,103,1,291,0
4,5,112,1,291,0
3,4,126,1,291,0
2,3,195,1,291,0
-4,2,167,1,291,0
1,2,169,1,291,0
3,-3,174,1,291,0
0,-4,227,1,291,0
1,-7,235,1,291,0
-1,-8,251,1,291,0
-6,-3,259,1,291,0
-2,-1,267,1,291,0
-3,-4,276,1,291,0
-4,-7,288,1,291,0
-7,-6,289,1,291,0
6,-3,58,1,291,0
8,0,125,1,291,0
2,4,77,1,291,0
4,-7,79,1,291,0
1,3,85,1,291,0
5,7,102,1,291,0
4,6,111,1,291,0
3,5,119,1,291,0
7,-6,139,1,291,0
1,-8,153,1,291,0
3,-4,169,1,291,0
0,-5,189,1,291,0
-3,-5,197,1,291,0
2,-1,223,1,291,0
-3,2,234,1,291,0
-2,-2,238,1,291,0
-4,3,244,1,291,0
-6,-4,251,1,291,0
-1,0,256,1,291,0
-5,-1,279,1,291,0
-5,5,9,1,291,0
2,5,17,1,291,0
7,0,123,1,291,0
3,6,53,1,291,0
6,-4,57,1,291,0
1,4,78,1,291,0
4,7,96,1,291,0
-8,-1,102,1,291,0
7,-7,112,1,291,0
8,1,128,1,291,0
2,-2,162,1,291,0
-1,1,181,1,291,0
0,-6,184,1,291,0
-6,-5,213,1,291,0
-2,-3,229,1,291,0
-3,3,243,1,291,0
-4,4,248,1,291,0
-5,-2,274,1,291,0
-3,-6,279,1,291,0
5,-1,285,1,291,0
1,5,11,1,291,0
-4,5,15,1,291,0
6,0,245,1,291,0
2,6,44,1,291,0
6,-5,44,1,291,0
8,-1,67,1,291,0
-8,-2,94,1,291,0
7,1,135,1,291,0
-5,-3,159,1,291,0
-1,2,187,1,291,0
2,-3,194,1,291,0
-2,3,224,1,291,0
0,-7,241,1,291,0
-2,-4,245,1,291,0
-3,4,252,1,291,0
-1,-1,259,1,291,0
-3,-7,266,1,291,0
5,-2,282,1,291,0
5,0,238,1,291,0
2,7,18,1,291,0
1,6,36,1,291,0
5,-3,67,1,291,0
8,-2,86,1,291,0
3,-7,94,1,291,0
6,1,143,1,291,0
6,-6,146,1,291,0
-2,4,204,1,291,0
-1,-2,206,1,291,0
2,-4,211,1,291,0
-1,3,217,1,291,0
1,-1,219,1,291,0
-2,-5,239,1,291,0
-5,-4,245,1,291,0
0,-8,245,1,291,0
-3,5,275,1,291,0
-4,-1,277,1,291,0
-6,-7,287,1,291,0
4,-1,291,1,291,0
4,0,11,1,291,0
5,1,236,1,291,0
1,7,26,1,291,0
5,-4,64,1,291,0
6,-7,74,1,291,0
1,-2,168,1,291,0
-1,4,201,1,291,0
2,-5,216,1,291,0
-1,-3,227,1,291,0
-5,-5,239,1,291,0
-2,-6,271,1,291,0
-2,5,276,1,291,0
-4,-2,288,1,291,0
-7,0,289,1,291,0
0,6,289,1,291,0
-7,-1,268,1,291,0
1,8,11,1,291,0
-8,2,11,1,291,0
7,-1,254,1,291,0
-7,-2,95,1,291,0
3,0,125,1,291,0
5,2,147,1,291,0
4,1,229,1,291,0
5,-5,153,1,291,0
1,-3,198,1,291,0
2,-6,223,1,291,0
-1,-4,228,1,291,0
-2,-7,258,1,291,0
-5,-6,263,1,291,0
-2,6,281,1,291,0
-6,0,285,1,291,0
-7,1,289,1,291,0
-4,-3,289,1,291,0
-8,3,7,1,292,0
8,-5,9,1,292,0
-7,2,14,1,292,0
7,-2,269,1,292,0
4,-3,78,1,292,0
0,-1,136,1,292,0
5,-6,149,1,292,0
4,2,225,1,292,0
1,-4,219,1,292,0
2,0,224,1,292,0
2,-7,226,1,292,0
-5,0,241,1,292,0
-2,-8,254,1,292,0
-1,-5,259,1,292,0
-3,-1,268,1,292,0
-5,-7,279,1,292,0
-4,-4,281,1,292,0
-6,1,283,1,292,0
-1,6,288,1,292,0
8,-6,7,1,292,0
5,-7,83,1,292,0
3,-1,129,1,292,0
-5,1,159,1,292,0
4,-4,162,1,292,0
3,2,222,1,292,0
2,1,212,1,292,0
0,-2,197,1,292,0
1,-5,199,1,292,0
-4,0,234,1,292,0
1,0,238,1,292,0
-1,-6,261,1,292,0
-6,-1,266,1,292,0
-4,-5,274,1,292,0
-3,-2,287,1,292,0
8,-7,6,1,292,0
6,-1,252,1,292,0
3,-2,116,1,292,0
3,3,128,1,292,0
2,2,213,1,292,0
4,-5,161,1,292,0
-1,-7,163,1,292,0
-5,2,165,1,292,0
1,1,171,1,292,0
-4,1,176,1,292,0
0,-3,182,1,292,0
0,0,252,1,292,0
-6,-2,263,1,292,0
-3,-3,289,1,292,0
-4,-6,289,1,292,0
-3,0,291,1,292,0
7,-5,25,1,292,0
6,-2,277,1,292,0
5,6,103,1,292,0
4,5,112,1,292,0
3,4,126,1,292,0
2,3,195,1,292,0
-4,2,167,1,292,0
1,2,169,1,292,0
3,-3,174,1,292,0
0,-4,227,1,292,0
1,-7,235,1,292,0
-1,-8,251,1,292,0
-6,-3,259,1,292,0
-2,-1,267,1,292,0
-3,-4,276,1,292,0
-4,-7,288,1,292,0
-7,-6,291,1,292,0
6,-3,58,1,292,0
8,0,125,1,292,0
2,4,77,1,292,0
4,-7,79,1,292,0
1,3,85,1,292,0
5,7,102,1,292,0
4,6,111,1,292,0
3,5,119,1,292,0
7,-6,139,1,292,0
1,-8,153,1,292,0
3,-4,169,1,292,0
0,-5,189,1,292,0
-3,-5,197,1,292,0
2,-1,223,1,292,0
-3,2,234,1,292,0
-2,-2,238,1,292,0
-4,3,244,1,292,0
-6,-4,251,1,292,0
-1,0,256,1,292,0
-5,-1,279,1,292,0
-5,5,9,1,292,0
2,5,17,1,292,0
7,0,123,1,292,0
3,6,53,1,292,0
6,-4,57,1,292,0
1,4,78,1,292,0
4,7,96,1,292,0
-8,-1,102,1,292,0
7,-7,112,1,292,0
8,1,128,1,292,0
2,-2,162,1,292,0
-1,1,181,1,292,0
0,-6,184,1,292,0
-6,-5,213,1,292,0
-3,3,243,1,292,0
-4,4,248,1,292,0
-5,-2,274,1,292,0
-3,-6,279,1,292,0
5,-1,285,1,292,0
-2,-3,291,1,292,0
1,5,11,1,292,0
-4,5,15,1,292,0
6,0,245,1,292,0
2,6,44,1,292,0
6,-5,44,1,292,0
8,-1,67,1,292,0
-8,-2,94,1,292,0
7,1,135,1,292,0
-5,-3,159,1,292,0
-1,2,187,1,292,0
2,-3,194,1,292,0
-2,3,224,1,292,0
0,-7,241,1,292,0
-2,-4,245,1,292,0
-3,4,252,1,292,0
-1,-1,259,1,292,0
-3,-7,266,1,292,0
5,-2,282,1,292,0
5,0,238,1,292,0
2,7,18,1,292,0
1,6,36,1,292,0
5,-3,67,1,292,0
8,-2,86,1,292,0
3,-7,94,1,292,0
6,1,143,1,292,0
6,-6,146,1,292,0
-2,4,204,1,292,0
-1,-2,206,1,292,0
2,-4,211,1,292,0
-1,3,217,1,292,0
1,-1,219,1,292,0
-2,-5,239,1,292,0
-5,-4,245,1,292,0
0,-8,245,1,292,0
-3,5,275,1,292,0
-4,-1,277,1,292,0
-6,-7,287,1,292,0
4,-1,292,1,292,0
4,0,11,1,292,0
5,1,236,1,292,0
1,7,26,1,292,0
5,-4,64,1,292,0
6,-7,74,1,292,0
1,-2,168,1,292,0
-1,4,201,1,292,0
2,-5,216,1,292,0
-1,-3,227,1,292,0
-5,-5,239,1,292,0
-2,-6,271,1,292,0
-2,5,276,1,292,0
0,6,289,1,292,0
-7,0,291,1,292,0
-4,-2,291,1,292,0
-7,-1,268,1,292,0
1,8,11,1,292,0
-8,2,11,1,292,0
7,-1,254,1,292,0
-7,-2,95,1,292,0
3,0,125,1,292,0
5,2,147,1,292,0
4,1,229,1,292,0
5,-5,153,1,292,0
1,-3,198,1,292,0
2,-6,223,1,292,0
-1,-4,228,1,292,0
-2,-7,258,1,292,0
-2,6,281,1,292,0
-6,0,285,1,292,0
-7,1,289,1,292,0
-4,-3,291,1,292,0
-5,-6,291,1,292,0
-8,3,7,1,293,0
8,-5,9,1,293,0
-7,2,14,1,293,0
7,-2,269,1,293,0
4,-3,78,1,293,0
0,-1,136,1,293,0
5,-6,149,1,293,0
4,2,225,1,293,0
1,-4,219,1,293,0
2,0,224,1,293,0
2,-7,226,1,293,0
-5,0,241,1,293,0
-2,-8,254,1,293,0
-1,-5,259,1,293,0
-3,-1,268,1,293,0
-5,-7,279,1,293,0
-4,-4,281,1,293,0
-6,1,283,1,293,0
-1,6,288,1,293,0
8,-6,7,1,293,0
5,-7,83,1,293,0
3,-1,129,1,293,0
-5,1,159,1,293,0
4,-4,162,1,293,0
3,2,222,1,293,0
2,1,212,1,293,0
0,-2,197,1,293,0
1,-5,199,1,293,0
-4,0,234,1,293,0
1,0,238,1,293,0
-1,-6,261,1,293,0
-6,-1,266,1,293,0
-4,-5,274,1,293,0
-3,-2,287,1,293,0
8,-7,6,1,293,0
6,-1,252,1,293,0
3,-2,116,1,293,0
3,3,128,1,293,0
2,2,213,1,293,0
4,-5,161,1,293,0
-1,-7,163,1,293,0
-5,2,165,1,293,0
1,1,171,1,293,0
-4,1,176,1,293,0
0,-3,182,1,293,0
0,0,252,1,293,0
-6,-2,263,1,293,0
-3,-3,289,1,293,0
-4,-6,289,1,293,0
-3,0,292,1,293,0
7,-5,25,1,293,0
6,-2,277,1,293,0
5,6,103,1,293,0
4,5,112,1,293,0
3,4,126,1,293,0
2,3,195,1,293,0
-4,2,167,1,293,0
1,2,169,1,293,0
3,-3,174,1,293,0
0,-4,227,1,293,0
1,-7,235,1,293,0
-1,-8,251,1,293,0
-6,-3,259,1,293,0
-2,-1,267,1,293,0
-3,-4,276,1,293,0
-4,-7,288,1,293,0
-7,-6,292,1,293,0
6,-3,58,1,293,0
8,0,125,1,293,0
2,4,77,1,293,0
4,-7,79,1,293,0
1,3,85,1,293,0
5,7,102,1,293,0
4,6,111,1,293,0
3,5,119,1,293,0
7,-6,139,1,293,0
1,-8,153,1,293,0
3,-4,169,1,293,0
0,-5,189,1,293,0
-3,-5,197,1,293,0
2,-1,223,1,293,0
-3,2,234,1,293,0
-2,-2,238,1,293,0
-4,3,244,1,293,0
-6,-4,251,1,293,0
-1,0,256,1,293,0
-5,-1,279,1,293,0
-5,5,9,1,293,0
2,5,17,1,293,0
7,0,123,1,293,0
3,6,53,1,293,0
6,-4,57,1,293,0
1,4,78,1,293,0
4,7,96,1,293,0
-8,-1,102,1,293,0
7,-7,112,1,293,0
8,1,128,1,293,0
2,-2,162,1,293,0
-1,1,181,1,293,0
0,-6,184,1,293,0
-6,-5,213,1,293,0
-3,3,243,1,293,0
-4,4,248,1,293,0
-5,-2,274,1,293,0
-3,-6,279,1,293,0
5,-1,285,1,293,0
-2,-3,292,1,293,0
1,5,11,1,293,0
-4,5,15,1,293,0
6,0,245,1,293,0
2,6,44,1,293,0
6,-5,44,1,293,0
8,-1,67,1,293,0
-8,-2,94,1,293,0
7,1,135,1,293,0
-5,-3,159,1,293,0
-1,2,187,1,293,0
2,-3,194,1,293,0
-2,3,224,1,293,0
0,-7,241,1,293,0
-2,-4,245,1,293,0
-3,4,252,1,293,0
-1,-1,259,1,293,0
-3,-7,266,1,293,0
5,-2,282,1,293,0
5,0,238,1,293,0
2,7,18,1,293,0
1,6,36,1,293,0
5,-3,67,1,293,0
8,-2,86,1,293,0
3,-7,94,1,293,0
6,1,143,1,293,0
6,-6,146,1,293,0
-2,4,204,1,293,0
-1,-2,206,1,293,0
2,-4,211,1,293,0
-1,3,217,1,293,0
1,-1,219,1,293,0
-2,-5,239,1,293,0
-5,-4,245,1,293,0
0,-8,245,1,293,0
-3,5,275,1,293,0
-4,-1,277,1,293,0
-6,-7,287,1,293,0
4,-1,293,1,293,0
4,0,11,1,293,0
5,1,236,1,293,0
1,7,26,1,293,0
5,-4,64,1,293,0
6,-7,74,1,293,0
1,-2,168,1,293,0
-1,4,201,1,293,0
2,-5,216,1,293,0
-1,-3,227,1,293,0
-5,-5,239,1,293,0
-2,-6,271,1,293,0
-2,5,276,1,293,0
0,6,291,1,293,0
-7,0,292,1,293,0
-4,-2,292,1,293,0
-7,-1,268,1,293,0
1,8,11,1,293,0
-8,2,11,1,293,0
7,-1,254,1,293,0
-7,-2,95,1,293,0
3,0,125,1,293,0
5,2,147,1,293,0
4,1,229,1,293,0
5,-5,153,1,293,0
1,-3,198,1,293,0
2,-6,223,1,293,0
-1,-4,228,1,293,0
-2,-7,258,1,293,0
-2,6,281,1,293,0
-6,0,285,1,293,0
-4,-3,292,1,293,0
-5,-6,292,1,293,0
-7,1,292,1,293,0
-8,3,7,1,294,0
8,-5,9,1,294,0
-7,2,14,1,294,0
7,-2,269,1,294,0
4,-3,78,1,294,0
0,-1,136,1,294,0
5,-6,149,1,294,0
4,2,225,1,294,0
1,-4,219,1,294,0
2,0,224,1,294,0
2,-7,226,1,294,0
-5,0,241,1,294,0
-2,-8,254,1,294,0
-1,-5,259,1,294,0
-3,-1,268,1,294,0
-5,-7,279,1,294,0
-4,-4,281,1,294,0
-6,1,283,1,294,0
-1,6,288,1,294,0
8,-6,7,1,294,0
5,-7,83,1,294,0
3,-1,294,1,294,0
-5,1,159,1,294,0
4,-4,162,1,294,0
3,2,222,1,294,0
2,1,212,1,294,0
0,-2,197,1,294,0
1,-5,199,1,294,0
-4,0,234,1,294,0
1,0,238,1,294,0
-1,-6,261,1,294,0
-6,-1,266,1,294,0
-4,-5,274,1,294,0
-3,-2,287,1,294,0
8,-7,6,1,294,0
6,-1,252,1,294,0
3,-2,116,1,294,0
3,3,128,1,294,0
2,2,213,1,294,0
4,-5,161,1,294,0
-1,-7,163,1,294,0
-5,2,165,1,294,0
1,1,171,1,294,0
-4,1,176,1,294,0
0,-3,182,1,294,0
0,0,252,1,294,0
-6,-2,263,1,294,0
-3,-3,289,1,294,0
-4,-6,289,1,294,0
-3,0,293,1,294,0
7,-5,25,1,294,0
6,-2,277,1,294,0
5,6,103,1,294,0
4,5,112,1,294,0
3,4,126,1,294,0
2,3,195,1,294,0
-4,2,167,1,294,0
1,2,169,1,294,0
3,-3,174,1,294,0
0,-4,227,1,294,0
1,-7,235,1,294,0
-1,-8,251,1,294,0
-6,-3,259,1,294,0
-2,-1,267,1,294,0
-3,-4,276,1,294,0
-4,-7,288,1,294,0
-7,-6,293,1,294,0
6,-3,58,1,294,0
8,0,125,1,294,0
2,4,77,1,294,0
4,-7,79,1,294,0
1,3,85,1,294,0
5,7,102,1,294,0
4,6,111,1,294,0
3,5,119,1,294,0
7,-6,139,1,294,0
1,-8,153,1,294,0
3,-4,169,1,294,0
0,-5,189,1,294,0
-3,-5,197,1,294,0
2,-1,223,1,294,0
-3,2,234,1,294,0
-2,-2,238,1,294,0
-4,3,244,1,294,0
-6,-4,251,1,294,0
-1,0,256,1,294,0
-5,-1,279,1,294,0
-5,5,9,1,294,0
2,5,17,1,294,0
7,0,123,1,294,0
3,6,53,1,294,0
6,-4,57,1,294,0
1,4,78,1,294,0
4,7,96,1,294,0
-8,-1,102,1,294,0
7,-7,112,1,294,0
8,1,128,1,294,0
2,-2,162,1,294,0
-1,1,181,1,294,0
0,-6,184,1,294,0
-6,-5,213,1,294,0
-3,3,243,1,294,0
-4,4,248,1,294,0
-5,-2,274,1,294,0
-3,-6,279,1,294,0
5,-1,285,1,294,0
-2,-3,293,1,294,0
1,5,11,1,294,0
-4,5,15,1,294,0
6,0,245,1,294,0
2,6,44,1,294,0
6,-5,44,1,294,0
8,-1,67,1,294,0
-8,-2,94,1,294,0
7,1,135,1,294,0
-5,-3,159,1,294,0
-1,2,187,1,294,0
2,-3,194,1,294,0
-2,3,224,1,294,0
0,-7,241,1,294,0
-2,-4,245,1,294,0
-3,4,252,1,294,0
-1,-1,259,1,294,0
-3,-7,266,1,294,0
5,-2,282,1,294,0
5,0,238,1,294,0
2,7,18,1,294,0
1,6,36,1,294,0
5,-3,67,1,294,0
8,-2,86,1,294,0
3,-7,94,1,294,0
6,1,143,1,294,0
6,-6,146,1,294,0
-2,4,204,1,294,0
-1,-2,206,1,294,0
2,-4,211,1,294,0
-1,3,217,1,294,0
1,-1,219,1,294,0
-2,-5,239,1,294,0
-5,-4,245,1,294,0
0,-8,245,1,294,0
-3,5,275,1,294,0
-4,-1,277,1,294,0
-6,-7,287,1,294,0
4,-1,293,1,294,0
4,0,11,1,294,0
5,1,236,1,294,0
1,7,26,1,294,0
5,-4,64,1,294,0
6,-7,74,1,294,0
1,-2,168,1,294,0
-1,4,201,1,294,0
2,-5,216,1,294,0
-1,-3,227,1,294,0
-5,-5,239,1,294,0
-2,-6,271,1,294,0
-2,5,276,1,294,0
0,6,292,1,294,0
-7,0,293,1,294,0
-4,-2,293,1,294,0
-7,-1,268,1,294,0
1,8,11,1,294,0
-8,2,11,1,294,0
7,-1,254,1,294,0
-7,-2,95,1,294,0
3,0,125,1,294,0
5,2,147,1,294,0
4,1,229,1,294,0
5,-5,153,1,294,0
1,-3,198,1,294,0
2,-6,223,1,294,0
-1,-4,228,1,294,0
-2,-7,258,1,294,0
-2,6,281,1,294,0
-6,0,285,1,294,0
-4,-3,293,1,294,0
-5,-6,293,1,294,0
-7,1,293,1,294,0
-8,3,7,1,295,0
8,-5,9,1,295,0
-7,2,14,1,295,0
7,-2,269,1,295,0
4,-3,78,1,295,0
0,-1,136,1,295,0
5,-6,149,1,295,0
4,2,225,1,295,0
1,-4,219,1,295,0
2,0,224,1,295,0
2,-7,226,1,295,0
-5,0,241,1,295,0
-2,-8,254,1,295,0
-1,-5,259,1,295,0
-3,-1,268,1,295,0
-5,-7,279,1,295,0
-4,-4,281,1,295,0
-6,1,283,1,295,0
-1,6,288,1,295,0
8,-6,7,1,295,0
5,-7,83,1,295,0
3,-1,294,1,295,0
-5,1,159,1,295,0
4,-4,162,1,295,0
3,2,222,1,295,0
2,1,212,1,295,0
0,-2,197,1,295,0
1,-5,199,1,295,0
-4,0,234,1,295,0
1,0,238,1,295,0
-1,-6,261,1,295,0
-6,-1,266,1,295,0
-4,-5,274,1,295,0
-3,-2,287,1,295,0
8,-7,6,1,295,0
6,-1,252,1,295,0
3,-2,116,1,295,0
3,3,128,1,295,0
2,2,213,1,295,0
4,-5,161,1,295,0
-1,-7,163,1,295,0
-5,2,165,1,295,0
1,1,171,1,295,0
-4,1,176,1,295,0
0,-3,182,1,295,0
0,0,252,1,295,0
-6,-2,263,1,295,0
-3,-3,289,1,295,0
-4,-6,289,1,295,0
-3,0,294,1,295,0
7,-5,25,1,295,0
6,-2,277,1,295,0
5,6,103,1,295,0
4,5,112,1,295,0
3,4,126,1,295,0
2,3,195,1,295,0
-4,2,167,1,295,0
1,2,169,1,295,0
3,-3,174,1,295,0
0,-4,227,1,295,0
1,-7,235,1,295,0
-1,-8,251,1,295,0
-6,-3,259,1,295,0
-2,-1,267,1,295,0
-3,-4,276,1,295,0
-4,-7,288,1,295,0
-7,-6,294,1,295,0
6,-3,58,1,295,0
8,0,125,1,295,0
2,4,77,1,295,0
4,-7,79,1,295,0
1,3,85,1,295,0
5,7,102,1,295,0
4,6,111,1,295,0
3,5,119,1,295,0
7,-6,139,1,295,0
1,-8,153,1,295,0
3,-4,169,1,295,0
0,-5,189,1,295,0
-3,-5,197,1,295,0
2,-1,223,1,295,0
-3,2,234,1,295,0
-2,-2,238,1,295,0
-4,3,244,1,295,0
-6,-4,251,1,295,0
-1,0,256,1,295,0
-5,-1,279,1,295,0
-5,5,9,1,295,0
2,5,17,1,295,0
7,0,123,1,295,0
3,6,53,1,295,0
6,-4,57,1,295,0
1,4,78,1,295,0
4,7,96,1,295,0
-8,-1,102,1,295,0
7,-7,112,1,295,0
8,1,128,1,295,0
2,-2,162,1,295,0
-1,1,181,1,295,0
0,-6,184,1,295,0
-6,-5,213,1,295,0
-3,3,243,1,295,0
-4,4,248,1,295,0
-5,-2,274,1,295,0
-3,-6,279,1,295,0
5,-1,285,1,295,0
-2,-3,294,1,295,0
1,5,11,1,295,0
-4,5,15,1,295,0
6,0,245,1,295,0
2,6,44,1,295,0
6,-5,44,1,295,0
8,-1,67,1,295,0
-8,-2,94,1,295,0
7,1,135,1,295,0
-5,-3,159,1,295,0
-1,2,187,1,295,0
2,-3,194,1,295,0
-2,3,224,1,295,0
0,-7,241,1,295,0
-2,-4,245,1,295,0
-3,4,252,1,295,0
-1,-1,259,1,295,0
-3,-7,266,1,295,0
5,-2,282,1,295,0
5,0,238,1,295,0
2,7,18,1,295,0
1,6,36,1,295,0
5,-3,67,1,295,0
8,-2,86,1,295,0
3,-7,94,1,295,0
6,1,143,1,295,0
6,-6,146,1,295,0
-2,4,204,1,295,0
-1,-2,206,1,295,0
2,-4,211,1,295,0
-1,3,217,1,295,0
1,-1,219,1,295,0
-2,-5,239,1,295,0
-5,-4,245,1,295,0
0,-8,245,1,295,0
-3,5,275,1,295,0
-4,-1,277,1,295,0
-6,-7,287,1,295,0
4,-1,293,1,295,0
4,0,11,1,295,0
5,1,236,1,295,0
1,7,26,1,295,0
5,-4,64,1,295,0
6,-7,74,1,295,0
1,-2,168,1,295,0
-1,4,201,1,295,0
2,-5,216,1,295,0
-1,-3,227,1,295,0
-5,-5,239,1,295,0
-2,-6,271,1,295,0
-2,5,276,1,295,0
0,6,292,1,295,0
-7,0,294,1,295,0
-4,-2,294,1,295,0
-7,-1,268,1,295,0
1,8,11,1,295,0
-8,2,11,1,295,0
7,-1,254,1,295,0
-7,-2,95,1,295,0
3,0,295,1,295,0
5,2,147,1,295,0
4,1,229,1,295,0
5,-5,153,1,295,0
1,-3,198,1,295,0
2,-6,223,1,295,0
-1,-4,228,1,295,0
-2,-7,258,1,295,0
-2,6,281,1,295,0
-6,0,285,1,295,0
-4,-3,294,1,295,0
0,7,294,1,295,0
-5,-6,294,1,295,0
-7,1,294,1,295,0
-8,3,7,1,296,0
8,-5,9,1,296,0
-7,2,14,1,296,0
7,-2,269,1,296,0
4,-3,78,1,296,0
0,-1,136,1,296,0
5,-6,149,1,296,0
4,2,225,1,296,0
1,-4,219,1,296,0
2,0,224,1,296,0
2,-7,226,1,296,0
-5,0,241,1,296,0
-2,-8,254,1,296,0
-1,-5,259,1,296,0
-3,-1,268,1,296,0
-5,-7,279,1,296,0
-4,-4,281,1,296,0
-6,1,283,1,296,0
-1,6,288,1,296,0
8,-6,7,1,296,0
5,-7,83,1,296,0
3,-1,294,1,296,0
-5,1,159,1,296,0
4,-4,162,1,296,0
3,2,222,1,296,0
2,1,212,1,296,0
0,-2,197,1,296,0
1,-5,199,1,296,0
-4,0,234,1,296,0
1,0,238,1,296,0
-1,-6,261,1,296,0
-6,-1,266,1,296,0
-4,-5,274,1,296,0
-3,-2,295,1,296,0
8,-7,6,1,296,0
6,-1,252,1,296,0
3,-2,116,1,296,0
3,3,128,1,296,0
2,2,213,1,296,0
4,-5,161,1,296,0
-1,-7,163,1,296,0
-5,2,165,1,296,0
1,1,171,1,296,0
-4,1,176,1,296,0
0,-3,182,1,296,0
0,0,252,1,296,0
-6,-2,263,1,296,0
-3,-3,289,1,296,0
-4,-6,289,1,296,0
-3,0,294,1,296,0
7,-5,25,1,296,0
6,-2,277,1,296,0
5,6,103,1,296,0
4,5,112,1,296,0
3,4,126,1,296,0
2,3,195,1,296,0
-4,2,167,1,296,0
1,2,169,1,296,0
3,-3,174,1,296,0
0,-4,227,1,296,0
1,-7,235,1,296,0
-1,-8,251,1,296,0
-6,-3,259,1,296,0
-2,-1,267,1,296,0
-3,-4,276,1,296,0
-4,-7,288,1,296,0
-7,-6,294,1,296,0
-3,1,295,1,296,0
6,-3,58,1,296,0
8,0,125,1,296,0
2,4,77,1,296,0
4,-7,79,1,296,0
1,3,85,1,296,0
5,7,102,1,296,0
4,6,111,1,296,0
3,5,119,1,296,0
7,-6,139,1,296,0
1,-8,153,1,296,0
3,-4,169,1,296,0
0,-5,189,1,296,0
-3,-5,197,1,296,0
2,-1,223,1,296,0
-3,2,234,1,296,0
-2,-2,238,1,296,0
-4,3,244,1,296,0
-6,-4,251,1,296,0
-1,0,256,1,296,0
-5,-1,279,1,296,0
-5,5,9,1,296,0
2,5,17,1,296,0
7,0,123,1,296,0
3,6,53,1,296,0
6,-4,57,1,296,0
1,4,78,1,296,0
4,7,96,1,296,0
-8,-1,102,1,296,0
7,-7,112,1,296,0
8,1,128,1,296,0
2,-2,162,1,296,0
-1,1,181,1,296,0
0,-6,184,1,296,0
-6,-5,213,1,296,0
-3,3,243,1,296,0
-4,4,248,1,296,0
-5,-2,274,1,296,0
-3,-6,279,1,296,0
5,-1,285,1,296,0
-2,-3,295,1,296,0
1,5,11,1,296,0
-4,5,15,1,296,0
6,0,245,1,296,0
2,6,44,1,296,0
6,-5,44,1,296,0
8,-1,67,1,296,0
-8,-2,94,1,296,0
7,1,135,1,296,0
-5,-3,159,1,296,0
-1,2,187,1,296,0
2,-3,194,1,296,0
-2,3,224,1,296,0
0,-7,241,1,296,0
-2,-4,245,1,296,0
-3,4,252,1,296,0
-1,-1,259,1,296,0
-3,-7,266,1,296,0
5,-2,282,1,296,0
5,0,238,1,296,0
2,7,18,1,296,0
1,6,36,1,296,0
5,-3,67,1,296,0
8,-2,86,1,296,0
3,-7,94,1,296,0
6,1,143,1,296,0
6,-6,146,1,296,0
-2,4,204,1,296,0
-1,-2,206,1,296,0
2,-4,211,1,296,0
-1,3,217,1,296,0
1,-1,219,1,296,0
-2,-5,239,1,296,0
-5,-4,245,1,296,0
0,-8,245,1,296,0
-3,5,275,1,296,0
-4,-1,277,1,296,0
-6,-7,287,1,296,0
4,-1,293,1,296,0
4,0,11,1,296,0
5,1,236,1,296,0
1,7,26,1,296,0
5,-4,64,1,296,0
6,-7,74,1,296,0
1,-2,168,1,296,0
-1,4,201,1,296,0
2,-5,216,1,296,0
-1,-3,227,1,296,0
-5,-5,239,1,296,0
-2,-6,271,1,296,0
-2,5,276,1,296,0
0,6,292,1,296,0
-4,-2,294,1,296,0
-7,-1,268,1,296,0
-7,0,295,1,296,0
1,8,11,1,296,0
-8,2,11,1,296,0
7,-1,254,1,296,0
-7,-2,95,1,296,0
3,0,296,1,296,0
5,2,147,1,296,0
4,1,229,1,296,0
5,-5,153,1,296,0
1,-3,198,1,296,0
2,-6,223,1,296,0
-1,-4,228,1,296,0
-2,-7,258,1,296,0
-2,6,281,1,296,0
-6,0,285,1,296,0
-7,1,294,1,296,0
-4,-3,295,1,296,0
0,7,295,1,296,0
-5,-6,295,1,296,0
-8,3,7,1,297,0
8,-5,9,1,297,0
-7,2,14,1,297,0
7,-2,269,1,297,0
4,-3,78,1,297,0
0,-1,136,1,297,0
5,-6,149,1,297,0
4,2,225,1,297,0
1,-4,219,1,297,0
2,0,224,1,297,0
2,-7,226,1,297,0
-5,0,241,1,297,0
-2,-8,254,1,297,0
-1,-5,259,1,297,0
-3,-1,268,1,297,0
-5,-7,279,1,297,0
-6,1,283,1,297,0
-1,6,288,1,297,0
-4,-4,296,1,297,0
8,-6,7,1,297,0
5,-7,83,1,297,0
3,-1,294,1,297,0
-5,1,159,1,297,0
4,-4,162,1,297,0
3,2,222,1,297,0
2,1,212,1,297,0
0,-2,197,1,297,0
1,-5,199,1,297,0
-4,0,234,1,297,0
1,0,238,1,297,0
-1,-6,261,1,297,0
-6,-1,266,1,297,0
-4,-5,274,1,297,0
-3,-2,296,1,297,0
8,-7,6,1,297,0
6,-1,252,1,297,0
3,-2,116,1,297,0
3,3,128,1,297,0
2,2,213,1,297,0
4,-5,161,1,297,0
-1,-7,163,1,297,0
-5,2,165,1,297,0
1,1,171,1,297,0
-4,1,176,1,297,0
0,-3,182,1,297,0
0,0,252,1,297,0
-6,-2,263,1,297,0
-3,-3,289,1,297,0
-4,-6,289,1,297,0
-3,0,294,1,297,0
7,-5,25,1,297,0
6,-2,277,1,297,0
5,6,103,1,297,0
4,5,112,1,297,0
3,4,126,1,297,0
2,3,195,1,297,0
-4,2,167,1,297,0
1,2,169,1,297,0
3,-3,174,1,297,0
0,-4,227,1,297,0
1,-7,235,1,297,0
-1,-8,251,1,297,0
-6,-3,259,1,297,0
-2,-1,267,1,297,0
-3,-4,276,1,297,0
-4,-7,288,1,297,0
-3,1,296,1,297,0
-7,-6,296,1,297,0
6,-3,58,1,297,0
8,0,125,1,297,0
2,4,77,1,297,0
4,-7,79,1,297,0
1,3,85,1,297,0
5,7,102,1,297,0
4,6,111,1,297,0
3,5,119,1,297,0
7,-6,139,1,297,0
1,-8,153,1,297,0
3,-4,169,1,297,0
0,-5,189,1,297,0
-3,-5,197,1,297,0
2,-1,223,1,297,0
-3,2,234,1,297,0
-2,-2,238,1,297,0
-4,3,244,1,297,0
-6,-4,251,1,297,0
-1,0,256,1,297,0
-5,-1,279,1,297,0
-5,5,9,1,297,0
2,5,17,1,297,0
7,0,123,1,297,0
3,6,53,1,297,0
6,-4,57,1,297,0
1,4,78,1,297,0
4,7,96,1,297,0
-8,-1,102,1,297,0
7,-7,112,1,297,0
8,1,128,1,297,0
2,-2,162,1,297,0
-1,1,181,1,297,0
0,-6,184,1,297,0
-6,-5,213,1,297,0
-3,3,243,1,297,0
-4,4,248,1,297,0
-5,-2,274,1,297,0
-3,-6,279,1,297,0
5,-1,285,1,297,0
-2,-3,296,1,297,0
1,5,11,1,297,0
-4,5,15,1,297,0
6,0,245,1,297,0
2,6,44,1,297,0
6,-5,44,1,297,0
8,-1,67,1,297,0
-8,-2,94,1,297,0
7,1,135,1,297,0
-5,-3,159,1,297,0
-1,2,187,1,297,0
2,-3,194,1,297,0
-2,3,224,1,297,0
0,-7,241,1,297,0
-2,-4,245,1,297,0
-3,4,252,1,297,0
-1,-1,259,1,297,0
-3,-7,266,1,297,0
5,-2,282,1,297,0
5,0,238,1,297,0
2,7,18,1,297,0
1,6,36,1,297,0
5,-3,67,1,297,0
8,-2,86,1,297,0
3,-7,94,1,297,0
6,1,143,1,297,0
6,-6,146,1,297,0
-2,4,204,1,297,0
-1,-2,206,1,297,0
2,-4,211,1,297,0
-1,3,217,1,297,0
1,-1,219,1,297,0
-2,-5,239,1,297,0
-5,-4,245,1,297,0
0,-8,245,1,297,0
-3,5,275,1,297,0
-4,-1,277,1,297,0
-6,-7,287,1,297,0
4,-1,293,1,297,0
4,0,11,1,297,0
5,1,236,1,297,0
1,7,26,1,297,0
5,-4,64,1,297,0
6,-7,74,1,297,0
1,-2,168,1,297,0
-1,4,201,1,297,0
2,-5,216,1,297,0
-1,-3,227,1,297,0
-5,-5,239,1,297,0
-2,-6,271,1,297,0
-2,5,276,1,297,0
0,6,292,1,297,0
-4,-2,294,1,297,0
-7,-1,268,1,297,0
-7,0,296,1,297,0
1,8,11,1,297,0
-8,2,11,1,297,0
7,-1,254,1,297,0
-7,-2,95,1,297,0
3,0,297,1,297,0
5,2,147,1,297,0
4,1,229,1,297,0
5,-5,153,1,297,0
1,-3,198,1,297,0
2,-6,223,1,297,0
-1,-4,228,1,297,0
-2,-7,258,1,297,0
-2,6,281,1,297,0
-6,0,285,1,297,0
-7,1,294,1,297,0
-4,-3,295,1,297,0
0,7,296,1,297,0
-5,-6,296,1,297,0
-8,3,7,1,298,0
8,-5,9,1,298,0
-7,2,14,1,298,0
7,-2,269,1,298,0
4,-3,78,1,298,0
0,-1,136,1,298,0
5,-6,149,1,298,0
4,2,225,1,298,0
1,-4,219,1,298,0
2,0,224,1,298,0
2,-7,226,1,298,0
-5,0,241,1,298,0
-2,-8,254,1,298,0
-1,-5,259,1,298,0
-3,-1,268,1,298,0
-5,-7,279,1,298,0
-6,1,283,1,298,0
-1,6,288,1,298,0
-4,-4,297,1,298,0
8,-6,7,1,298,0
5,-7,83,1,298,0
3,-1,294,1,298,0
-5,1,159,1,298,0
4,-4,162,1,298,0
3,2,222,1,298,0
2,1,212,1,298,0
0,-2,197,1,298,0
1,-5,199,1,298,0
-4,0,234,1,298,0
1,0,238,1,298,0
-1,-6,261,1,298,0
-6,-1,266,1,298,0
-4,-5,274,1,298,0
-3,-2,297,1,298,0
8,-7,6,1,298,0
6,-1,252,1,298,0
3,-2,116,1,298,0
3,3,128,1,298,0
2,2,213,1,298,0
4,-5,161,1,298,0
-1,-7,163,1,298,0
-5,2,165,1,298,0
1,1,171,1,298,0
-4,1,176,1,298,0
0,-3,182,1,298,0
0,0,252,1,298,0
-6,-2,263,1,298,0
-3,-3,289,1,298,0
-4,-6,289,1,298,0
-3,0,294,1,298,0
7,-5,25,1,298,0
6,-2,277,1,298,0
5,6,103,1,298,0
4,5,112,1,298,0
3,4,126,1,298,0
2,3,195,1,298,0
-4,2,167,1,298,0
1,2,169,1,298,0
3,-3,174,1,298,0
0,-4,227,1,298,0
1,-7,235,1,298,0
-1,-8,251,1,298,0
-6,-3,259,1,298,0
-2,-1,267,1,298,0
-3,-4,276,1,298,0
-4,-7,288,1,298,0
-3,1,297,1,298,0
-7,-6,297,1,298,0
6,-3,58,1,298,0
8,0,125,1,298,0
2,4,77,1,298,0
4,-7,79,1,298,0
1,3,85,1,298,0
5,7,102,1,298,0
4,6,111,1,298,0
3,5,119,1,298,0
7,-6,139,1,298,0
1,-8,153,1,298,0
3,-4,169,1,298,0
0,-5,189,1,298,0
-3,-5,197,1,298,0
2,-1,223,1,298,0
-3,2,234,1,298,0
-2,-2,238,1,298,0
-4,3,244,1,298,0
-6,-4,251,1,298,0
-1,0,256,1,298,0
-5,-1,279,1,298,0
-5,5,9,1,298,0
2,5,17,1,298,0
7,0,123,1,298,0
3,6,53,1,298,0
6,-4,57,1,298,0
1,4,78,1,298,0
4,7,96,1,298,0
-8,-1,102,1,298,0
7,-7,112,1,298,0
8,1,128,1,298,0
2,-2,162,1,298,0
-1,1,181,1,298,0
0,-6,184,1,298,0
-6,-5,213,1,298,0
-3,3,243,1,298,0
-4,4,248,1,298,0
-5,-2,274,1,298,0
-3,-6,279,1,298,0
5,-1,285,1,298,0
-2,-3,297,1,298,0
1,5,11,1,298,0
-4,5,15,1,298,0
6,0,245,1,298,0
2,6,44,1,298,0
6,-5,44,1,298,0
8,-1,67,1,298,0
-8,-2,94,1,298,0
7,1,135,1,298,0
-5,-3,159,1,298,0
-1,2,187,1,298,0
2,-3,194,1,298,0
-2,3,224,1,298,0
0,-7,241,1,298,0
-2,-4,245,1,298,0
-3,4,252,1,298,0
-1,-1,259,1,298,0
-3,-7,266,1,298,0
5,-2,282,1,298,0
5,0,238,1,298,0
2,7,18,1,298,0
1,6,36,1,298,0
5,-3,67,1,298,0
8,-2,86,1,298,0
3,-7,94,1,298,0
6,1,143,1,298,0
6,-6,146,1,298,0
-2,4,204,1,298,0
-1,-2,206,1,298,0
2,-4,211,1,298,0
-1,3,217,1,298,0
1,-1,219,1,298,0
-2,-5,239,1,298,0
-5,-4,245,1,298,0
0,-8,245,1,298,0
-3,5,275,1,298,0
-4,-1,277,1,298,0
-6,-7,287,1,298,0
4,-1,293,1,298,0
4,0,11,1,298,0
5,1,236,1,298,0
1,7,26,1,298,0
5,-4,64,1,298,0
6,-7,74,1,298,0
1,-2,168,1,298,0
-1,4,201,1,298,0
2,-5,216,1,298,0
-1,-3,227,1,298,0
-5,-5,239,1,298,0
-2,-6,271,1,298,0
-2,5,276,1,298,0
0,6,292,1,298,0
-4,-2,294,1,298,0
-7,0,296,1,298,0
-7,-1,268,1,298,0
1,8,11,1,298,0
-8,2,11,1,298,0
7,-1,254,1,298,0
-7,-2,95,1,298,0
3,0,298,1,298,0
5,2,147,1,298,0
4,1,229,1,298,0
5,-5,153,1,298,0
1,-3,198,1,298,0
2,-6,223,1,298,0
-1,-4,228,1,298,0
-2,-7,258,1,298,0
-2,6,281,1,298,0
-6,0,285,1,298,0
-4,-3,295,1,298,0
0,7,297,1,298,0
-5,-6,297,1,298,0
-7,1,297,1,298,0
-8,3,7,1,299,0
8,-5,9,1,299,0
-7,2,14,1,299,0
7,-2,269,1,299,0
4,-3,78,1,299,0
0,-1,136,1,299,0
5,-6,149,1,299,0
4,2,225,1,299,0
1,-4,219,1,299,0
2,0,224,1,299,0
2,-7,226,1,299,0
-5,0,241,1,299,0
-2,-8,254,1,299,0
-1,-5,259,1,299,0
-3,-1,268,1,299,0
-5,-7,279,1,299,0
-1,6,288,1,299,0
-4,-4,298,1,299,0
-6,1,298,1,299,0
8,-6,7,1,299,0
5,-7,83,1,299,0
3,-1,294,1,299,0
-5,1,159,1,299,0
4,-4,162,1,299,0
3,2,222,1,299,0
2,1,212,1,299,0
0,-2,197,1,299,0
1,-5,199,1,299,0
-4,0,234,1,299,0
1,0,238,1,299,0
-1,-6,261,1,299,0
-6,-1,266,1,299,0
-4,-5,274,1,299,0
-3,-2,298,1,299,0
8,-7,6,1,299,0
6,-1,252,1,299,0
3,-2,116,1,299,0
3,3,128,1,299,0
2,2,213,1,299,0
4,-5,161,1,299,0
-1,-7,163,1,299,0
-5,2,165,1,299,0
1,1,171,1,299,0
-4,1,176,1,299,0
0,-3,182,1,299,0
0,0,252,1,299,0
-6,-2,263,1,299,0
-3,-3,289,1,299,0
-4,-6,289,1,299,0
-3,0,294,1,299,0
7,-5,25,1,299,0
6,-2,277,1,299,0
5,6,103,1,299,0
4,5,112,1,299,0
3,4,126,1,299,0
2,3,195,1,299,0
-4,2,167,1,299,0
1,2,169,1,299,0
3,-3,174,1,299,0
0,-4,227,1,299,0
1,-7,235,1,299,0
-1,-8,251,1,299,0
-6,-3,259,1,299,0
-2,-1,267,1,299,0
-3,-4,276,1,299,0
-4,-7,288,1,299,0
-3,1,298,1,299,0
-7,-6,298,1,299,0
6,-3,58,1,299,0
8,0,125,1,299,0
2,4,77,1,299,0
4,-7,79,1,299,0
1,3,85,1,299,0
5,7,102,1,299,0
4,6,111,1,299,0
3,5,119,1,299,0
7,-6,139,1,299,0
1,-8,153,1,299,0
3,-4,169,1,299,0
0,-5,189,1,299,0
-3,-5,197,1,299,0
2,-1,223,1,299,0
-3,2,234,1,299,0
-2,-2,238,1,299,0
-4,3,244,1,299,0
-6,-4,251,1,299,0
-1,0,256,1,299,0
-5,-1,279,1,299,0
-5,5,9,1,299,0
2,5,17,1,299,0
7,0,123,1,299,0
3,6,53,1,299,0
6,-4,57,1,299,0
1,4,78,1,299,0
4,7,96,1,299,0
-8,-1,102,1,299,0
7,-7,112,1,299,0
8,1,128,1,299,0
2,-2,162,1,299,0
-1,1,181,1,299,0
0,-6,184,1,299,0
-6,-5,213,1,299,0
-3,3,243,1,299,0
-4,4,248,1,299,0
-5,-2,274,1,299,0
-3,-6,279,1,299,0
5,-1,285,1,299,0
-2,-3,297,1,299,0
1,5,11,1,299,0
-4,5,15,1,299,0
6,0,245,1,299,0
2,6,44,1,299,0
6,-5,44,1,299,0
8,-1,67,1,299,0
-8,-2,94,1,299,0
7,1,135,1,299,0
-5,-3,159,1,299,0
-1,2,187,1,299,0
2,-3,194,1,299,0
-2,3,224,1,299,0
0,-7,241,1,299,0
-3,4,252,1,299,0
-1,-1,259,1,299,0
-3,-7,266,1,299,0
5,-2,282,1,299,0
-2,-4,298,1,299,0
5,0,238,1,299,0
2,7,18,1,299,0
1,6,36,1,299,0
5,-3,67,1,299,0
8,-2,86,1,299,0
3,-7,94,1,299,0
6,1,143,1,299,0
6,-6,146,1,299,0
-2,4,204,1,299,0
-1,-2,206,1,299,0
2,-4,211,1,299,0
-1,3,217,1,299,0
1,-1,219,1,299,0
-2,-5,239,1,299,0
-5,-4,245,1,299,0
0,-8,245,1,299,0
-3,5,275,1,299,0
-4,-1,277,1,299,0
-6,-7,287,1,299,0
4,-1,293,1,299,0
4,0,11,1,299,0
5,1,236,1,299,0
1,7,26,1,299,0
5,-4,64,1,299,0
6,-7,74,1,299,0
1,-2,168,1,299,0
-1,4,201,1,299,0
2,-5,216,1,299,0
-1,-3,227,1,299,0
-2,-6,271,1,299,0
-2,5,276,1,299,0
0,6,292,1,299,0
-4,-2,294,1,299,0
-7,0,296,1,299,0
-5,-5,298,1,299,0
-7,-1,268,1,299,0
1,8,11,1,299,0
-8,2,11,1,299,0
7,-1,254,1,299,0
-7,-2,95,1,299,0
3,0,299,1,299,0
5,2,147,1,299,0
4,1,229,1,299,0
5,-5,153,1,299,0
1,-3,198,1,299,0
2,-6,223,1,299,0
-1,-4,228,1,299,0
-2,-7,258,1,299,0
-2,6,281,1,299,0
-6,0,285,1,299,0
-4,-3,295,1,299,0
-5,-6,297,1,299,0
0,7,298,1,299,0
-7,1,298,1,299,0
