4,0,1,1,1,0
-7,3,1,1,2,0
-7,4,1,1,2,0
-3,0,1,1,2,0
3,-3,1,1,2,0
-3,-4,1,1,2,0
9,1,1,1,2,0
0,-8,1,1,2,0
4,0,2,1,2,0
-7,3,2,1,3,0
-7,4,2,1,3,0
3,-2,2,1,3,0
-3,0,2,1,3,0
3,-3,1,1,3,0
-3,-4,2,1,3,0
9,1,2,1,3,0
0,-6,1,1,3,0
-1,3,1,1,3,0
0,-8,2,1,3,0
4,0,3,1,3,0
-4,-4,3,1,4,0
-7,3,2,1,4,0
3,-2,3,1,4,0
-7,4,3,1,4,0
-3,0,3,1,4,0
3,-3,1,1,4,0
-3,-4,2,1,4,0
-7,5,3,1,4,0
9,1,3,1,4,0
0,-6,2,1,4,0
-1,3,2,1,4,0
0,-8,3,1,4,0
4,0,4,1,4,0
-4,-4,4,1,5,0
-7,3,2,1,5,0
3,-2,4,1,5,0
-7,4,4,1,5,0
-3,0,4,1,5,0
3,-3,1,1,5,0
-3,-4,2,1,5,0
-7,5,4,1,5,0
9,1,3,1,5,0
0,-6,2,1,5,0
8,1,4,1,5,0
0,-7,4,1,5,0
-1,3,3,1,5,0
0,-8,4,1,5,0
4,0,5,1,5,0
-4,-4,5,1,6,0
-7,3,2,1,6,0
3,-2,5,1,6,0
-7,4,5,1,6,0
-3,0,5,1,6,0
3,-3,1,1,6,0
-3,-4,2,1,6,0
-7,5,5,1,6,0
9,1,3,1,6,0
0,-6,2,1,6,0
8,1,5,1,6,0
0,-7,5,1,6,0
-1,3,4,1,6,0
0,-8,5,1,6,0
4,0,6,1,6,0
-4,-4,6,1,7,0
-7,3,2,1,7,0
3,-2,6,1,7,0
-7,4,6,1,7,0
-3,0,6,1,7,0
3,-3,1,1,7,0
-3,-4,2,1,7,0
-7,5,6,1,7,0
9,1,3,1,7,0
0,-6,2,1,7,0
8,1,6,1,7,0
0,-7,6,1,7,0
-1,3,4,1,7,0
-2,4,5,1,7,0
0,-8,6,1,7,0
5,0,7,1,7,0
4,0,6,1,7,0
-4,-4,7,1,8,0
-7,3,7,1,8,0
-7,4,6,1,8,0
-3,0,6,1,8,0
3,-2,7,1,8,0
3,-3,1,1,8,0
-3,-4,2,1,8,0
-7,5,6,1,8,0
-2,0,7,1,8,0
9,1,3,1,8,0
0,-6,2,1,8,0
8,1,7,1,8,0
0,-7,7,1,8,0
-1,3,4,1,8,0
5,0,8,1,8,0
0,-8,7,1,8,0
-2,4,6,1,8,0
4,0,6,1,8,0
-4,-4,8,1,9,0
-7,3,8,1,9,0
-7,4,6,1,9,0
-3,0,6,1,9,0
3,-2,8,1,9,0
3,-3,1,1,9,0
-3,-4,2,1,9,0
-7,5,7,1,9,0
-2,0,8,1,9,0
9,1,3,1,9,0
8,1,8,1,9,0
0,-6,8,1,9,0
0,-7,8,1,9,0
-1,3,4,1,9,0
5,0,9,1,9,0
0,-8,7,1,9,0
-2,4,7,1,9,0
4,0,6,1,9,0
-4,-4,9,1,10,0
3,-1,9,1,10,0
-7,3,9,1,10,0
-7,4,6,1,10,0
-3,0,6,1,10,0
3,-2,8,1,10,0
3,-3,1,1,10,0
-3,-4,2,1,10,0
-7,5,8,1,10,0
-2,0,9,1,10,0
9,1,3,1,10,0
8,1,9,1,10,0
0,-6,9,1,10,0
0,-7,9,1,10,0
-1,3,4,1,10,0
5,0,9,1,10,0
0,-8,7,1,10,0
-2,4,8,1,10,0
4,0,6,1,10,0
-4,-4,9,1,11,0
3,-1,9,1,11,0
-7,3,9,1,11,0
-7,4,6,1,11,0
-3,0,6,1,11,0
3,-2,8,1,11,0
3,-3,1,1,11,0
-3,-4,2,1,11,0
-2,0,9,1,11,0
-7,5,9,1,11,0
9,1,3,1,11,0
8,1,9,1,11,0
0,-6,9,1,11,0
0,-7,9,1,11,0
-1,3,4,1,11,0
5,0,11,1,11,0
0,-8,7,1,11,0
-2,4,9,1,11,0
4,0,6,1,11,0
-4,-4,9,1,12,0
3,-1,11,1,12,0
-7,3,11,1,12,0
-7,4,6,1,12,0
-3,0,6,1,12,0
3,-2,8,1,12,0
3,-3,1,1,12,0
-3,-4,2,1,12,0
-7,5,9,1,12,0
-2,0,11,1,12,0
9,1,3,1,12,0
8,1,9,1,12,0
0,-6,11,1,12,0
0,-7,11,1,12,0
7,1,11,1,12,0
-1,3,4,1,12,0
5,0,12,1,12,0
0,-8,7,1,12,0
-2,4,9,1,12,0
-5,-4,11,1,12,0
4,0,6,1,12,0
-4,-4,9,1,13,0
3,-1,12,1,13,0
-7,3,12,1,13,0
-7,4,6,1,13,0
-3,0,6,1,13,0
3,-2,8,1,13,0
3,-3,1,1,13,0
-3,-4,2,1,13,0
-7,5,9,1,13,0
-2,0,12,1,13,0
9,1,3,1,13,0
-7,6,11,1,13,0
8,1,9,1,13,0
0,-6,12,1,13,0
0,-7,12,1,13,0
7,1,12,1,13,0
6,0,13,1,13,0
-1,3,4,1,13,0
5,0,12,1,13,0
0,-8,7,1,13,0
-2,4,11,1,13,0
-5,-4,12,1,13,0
4,0,6,1,13,0
-2,5,12,1,13,0
-4,-4,9,1,14,0
3,-1,13,1,14,0
-7,3,13,1,14,0
-7,4,6,1,14,0
-3,0,6,1,14,0
3,-2,8,1,14,0
3,-3,1,1,14,0
-3,-4,2,1,14,0
-7,5,9,1,14,0
-2,0,12,1,14,0
9,1,3,1,14,0
-7,6,11,1,14,0
-1,0,13,1,14,0
8,1,9,1,14,0
-6,6,12,1,14,0
0,-6,13,1,14,0
6,0,14,1,14,0
0,-7,13,1,14,0
7,1,13,1,14,0
-1,3,4,1,14,0
5,0,12,1,14,0
0,-8,7,1,14,0
-2,4,11,1,14,0
-5,-4,13,1,14,0
4,0,6,1,14,0
-2,5,13,1,14,0
-4,-4,9,1,15,0
-7,3,13,1,15,0
3,-1,14,1,15,0
-6,2,14,1,15,0
-7,4,6,1,15,0
-3,0,6,1,15,0
3,-2,8,1,15,0
3,-3,1,1,15,0
-3,-4,2,1,15,0
-7,5,9,1,15,0
-2,0,12,1,15,0
9,1,3,1,15,0
-7,6,11,1,15,0
-1,0,14,1,15,0
8,1,9,1,15,0
-6,6,13,1,15,0
0,-6,14,1,15,0
6,0,15,1,15,0
0,-7,14,1,15,0
7,1,14,1,15,0
-1,3,4,1,15,0
5,0,12,1,15,0
0,-8,7,1,15,0
-2,4,11,1,15,0
-5,-4,14,1,15,0
4,0,6,1,15,0
-2,5,14,1,15,0
-4,-4,9,1,16,0
-7,3,13,1,16,0
1,-5,15,1,16,0
3,-1,15,1,16,0
-6,2,15,1,16,0
-7,4,6,1,16,0
-3,0,6,1,16,0
3,-2,8,1,16,0
3,-3,1,1,16,0
-3,-4,2,1,16,0
-7,5,9,1,16,0
-2,0,12,1,16,0
9,1,3,1,16,0
-7,6,11,1,16,0
1,-8,15,1,16,0
-1,0,15,1,16,0
8,1,9,1,16,0
0,-6,14,1,16,0
-6,6,14,1,16,0
6,0,16,1,16,0
0,-7,14,1,16,0
7,1,15,1,16,0
-1,3,4,1,16,0
5,0,12,1,16,0
0,-8,7,1,16,0
-2,4,11,1,16,0
-5,-4,15,1,16,0
4,0,6,1,16,0
-2,5,15,1,16,0
-4,-4,9,1,17,0
-7,3,13,1,17,0
1,-5,16,1,17,0
3,-1,16,1,17,0
-6,2,16,1,17,0
-7,4,6,1,17,0
-3,0,6,1,17,0
3,-2,8,1,17,0
3,-3,1,1,17,0
-3,-4,2,1,17,0
-7,5,9,1,17,0
-2,0,12,1,17,0
9,1,3,1,17,0
-7,6,11,1,17,0
1,-8,16,1,17,0
-1,0,16,1,17,0
8,1,9,1,17,0
0,-6,14,1,17,0
-6,6,15,1,17,0
6,0,17,1,17,0
0,-7,14,1,17,0
7,1,16,1,17,0
-1,3,4,1,17,0
5,0,12,1,17,0
0,-8,7,1,17,0
-2,4,11,1,17,0
-5,-4,16,1,17,0
4,0,6,1,17,0
-2,5,16,1,17,0
-4,-4,9,1,18,0
-7,3,13,1,18,0
1,-5,17,1,18,0
3,-1,17,1,18,0
-6,2,17,1,18,0
-7,4,6,1,18,0
-3,0,6,1,18,0
3,-2,8,1,18,0
3,-3,1,1,18,0
-3,-4,2,1,18,0
-7,5,9,1,18,0
-2,0,12,1,18,0
9,1,3,1,18,0
-7,6,11,1,18,0
1,-8,17,1,18,0
-6,-4,17,1,18,0
-1,0,17,1,18,0
8,1,9,1,18,0
0,-6,14,1,18,0
-6,6,16,1,18,0
6,0,18,1,18,0
0,-7,14,1,18,0
7,1,17,1,18,0
-1,3,4,1,18,0
5,0,12,1,18,0
0,-8,7,1,18,0
-2,4,11,1,18,0
-5,-4,16,1,18,0
4,0,6,1,18,0
-2,5,17,1,18,0
-4,-4,9,1,19,0
-7,3,13,1,19,0
3,-1,17,1,19,0
1,-5,18,1,19,0
-6,2,18,1,19,0
-7,4,6,1,19,0
-3,0,6,1,19,0
3,-2,8,1,19,0
6,-1,19,1,19,0
3,-3,1,1,19,0
-3,-4,2,1,19,0
-7,5,9,1,19,0
-2,0,12,1,19,0
1,-7,18,1,19,0
9,1,3,1,19,0
-7,6,11,1,19,0
1,-8,17,1,19,0
-1,0,17,1,19,0
-6,-4,18,1,19,0
8,1,9,1,19,0
0,-6,14,1,19,0
-6,6,17,1,19,0
6,0,18,1,19,0
0,-7,14,1,19,0
7,1,18,1,19,0
-1,3,4,1,19,0
5,0,12,1,19,0
0,-8,7,1,19,0
-2,4,11,1,19,0
-5,-4,16,1,19,0
4,0,6,1,19,0
-2,5,18,1,19,0
3,0,18,1,19,0
-4,-4,9,1,20,0
-7,3,13,1,20,0
3,-1,17,1,20,0
1,-5,19,1,20,0
-6,2,19,1,20,0
-7,4,6,1,20,0
-3,0,6,1,20,0
3,-2,8,1,20,0
6,-1,19,1,20,0
0,0,19,1,20,0
3,-3,1,1,20,0
-3,-4,2,1,20,0
-7,5,9,1,20,0
-2,0,12,1,20,0
1,-7,19,1,20,0
9,1,3,1,20,0
-7,6,11,1,20,0
1,-8,17,1,20,0
-1,0,18,1,20,0
-6,-4,19,1,20,0
8,1,9,1,20,0
0,-6,14,1,20,0
-6,6,18,1,20,0
6,0,18,1,20,0
0,-7,14,1,20,0
7,1,19,1,20,0
-1,3,4,1,20,0
5,0,12,1,20,0
0,-8,7,1,20,0
-2,4,11,1,20,0
-5,-4,16,1,20,0
4,0,6,1,20,0
-2,5,18,1,20,0
3,0,19,1,20,0
-2,6,19,1,20,0
-4,-4,9,1,21,0
-7,3,13,1,21,0
3,-1,17,1,21,0
1,-5,19,1,21,0
-6,2,19,1,21,0
-7,4,6,1,21,0
-3,0,6,1,21,0
3,-2,8,1,21,0
6,-1,21,1,21,0
0,0,19,1,21,0
3,-3,1,1,21,0
-3,-4,2,1,21,0
-7,5,9,1,21,0
-2,0,12,1,21,0
1,-7,19,1,21,0
9,1,3,1,21,0
-7,6,11,1,21,0
1,-8,17,1,21,0
-1,0,18,1,21,0
-6,-4,19,1,21,0
8,1,9,1,21,0
0,-6,14,1,21,0
-6,6,19,1,21,0
6,0,18,1,21,0
0,-7,14,1,21,0
7,1,19,1,21,0
-1,3,4,1,21,0
5,0,12,1,21,0
0,-8,7,1,21,0
-2,4,11,1,21,0
-5,-4,16,1,21,0
4,0,6,1,21,0
-2,5,18,1,21,0
3,0,19,1,21,0
-2,6,19,1,21,0
-4,-4,9,1,22,0
-1,6,21,1,22,0
-7,3,13,1,22,0
3,-1,17,1,22,0
1,-5,21,1,22,0
-6,2,21,1,22,0
-7,4,6,1,22,0
-3,0,6,1,22,0
3,-2,8,1,22,0
6,-1,22,1,22,0
0,0,21,1,22,0
3,-3,1,1,22,0
-3,-4,2,1,22,0
-7,5,9,1,22,0
-2,0,12,1,22,0
1,-7,21,1,22,0
9,1,3,1,22,0
-7,6,11,1,22,0
1,-8,17,1,22,0
-1,0,18,1,22,0
-6,-4,21,1,22,0
8,1,9,1,22,0
0,-6,14,1,22,0
-6,6,19,1,22,0
6,0,18,1,22,0
0,-7,14,1,22,0
7,1,19,1,22,0
-1,3,4,1,22,0
5,0,12,1,22,0
0,-8,7,1,22,0
-2,4,11,1,22,0
-5,-4,16,1,22,0
7,2,21,1,22,0
4,0,6,1,22,0
-2,5,18,1,22,0
-2,6,19,1,22,0
3,0,21,1,22,0
-4,-4,9,1,23,0
-1,6,22,1,23,0
-7,3,13,1,23,0
3,-1,17,1,23,0
-6,2,21,1,23,0
1,-5,22,1,23,0
-7,4,6,1,23,0
-3,0,6,1,23,0
3,-2,8,1,23,0
6,-1,22,1,23,0
-5,2,22,1,23,0
0,0,22,1,23,0
3,-3,1,1,23,0
-3,-4,2,1,23,0
-7,5,9,1,23,0
-2,0,12,1,23,0
1,-7,22,1,23,0
9,1,3,1,23,0
-7,6,11,1,23,0
1,-8,17,1,23,0
-1,0,18,1,23,0
-6,-4,22,1,23,0
8,1,9,1,23,0
0,-6,14,1,23,0
-6,6,19,1,23,0
6,0,18,1,23,0
0,-7,14,1,23,0
7,1,19,1,23,0
-5,6,21,1,23,0
-1,3,4,1,23,0
5,0,12,1,23,0
0,-8,7,1,23,0
-2,4,11,1,23,0
-5,-4,16,1,23,0
7,2,22,1,23,0
4,0,6,1,23,0
-2,5,18,1,23,0
-2,6,19,1,23,0
3,0,22,1,23,0
7,-1,23,1,23,0
-4,-4,9,1,24,0
-1,6,23,1,24,0
-7,3,13,1,24,0
3,-1,17,1,24,0
-6,2,21,1,24,0
1,-5,22,1,24,0
-7,-4,23,1,24,0
-7,4,6,1,24,0
-3,0,6,1,24,0
3,-2,8,1,24,0
6,-1,22,1,24,0
-5,2,23,1,24,0
0,0,23,1,24,0
3,-3,1,1,24,0
-3,-4,2,1,24,0
-7,5,9,1,24,0
-2,0,12,1,24,0
1,-7,23,1,24,0
9,1,3,1,24,0
-7,6,11,1,24,0
1,-8,17,1,24,0
-1,0,18,1,24,0
-6,-4,22,1,24,0
8,1,9,1,24,0
0,-6,14,1,24,0
-6,6,19,1,24,0
6,0,18,1,24,0
0,-7,14,1,24,0
7,1,19,1,24,0
-5,6,22,1,24,0
-1,3,4,1,24,0
5,0,12,1,24,0
0,-8,7,1,24,0
-2,4,11,1,24,0
-5,-4,16,1,24,0
7,2,23,1,24,0
4,0,6,1,24,0
-2,5,18,1,24,0
2,-5,23,1,24,0
-2,6,19,1,24,0
7,-1,24,1,24,0
3,0,23,1,24,0
-4,-4,9,1,25,0
2,-7,24,1,25,0
3,1,24,1,25,0
-1,6,24,1,25,0
-7,3,13,1,25,0
3,-1,17,1,25,0
-6,2,21,1,25,0
1,-5,22,1,25,0
-7,-4,24,1,25,0
-7,4,6,1,25,0
-3,0,6,1,25,0
3,-2,8,1,25,0
6,-1,22,1,25,0
-5,2,24,1,25,0
0,0,24,1,25,0
3,-3,1,1,25,0
-3,-4,2,1,25,0
-7,5,9,1,25,0
-2,0,12,1,25,0
1,-7,23,1,25,0
9,1,3,1,25,0
-7,6,11,1,25,0
1,-8,17,1,25,0
-1,0,18,1,25,0
-6,-4,22,1,25,0
8,1,9,1,25,0
0,-6,14,1,25,0
-6,6,19,1,25,0
6,0,18,1,25,0
0,-7,14,1,25,0
7,1,19,1,25,0
-5,6,23,1,25,0
-1,3,4,1,25,0
5,0,12,1,25,0
0,-8,7,1,25,0
-2,4,11,1,25,0
-5,-4,16,1,25,0
7,2,24,1,25,0
4,0,6,1,25,0
-2,5,18,1,25,0
2,-5,24,1,25,0
-2,6,19,1,25,0
7,-1,25,1,25,0
3,0,23,1,25,0
-4,-4,9,1,26,0
2,-7,25,1,26,0
3,1,25,1,26,0
-1,6,25,1,26,0
-7,3,13,1,26,0
3,-1,17,1,26,0
-6,2,21,1,26,0
1,-5,22,1,26,0
-7,-4,25,1,26,0
1,0,25,1,26,0
-7,4,6,1,26,0
-3,0,6,1,26,0
3,-2,8,1,26,0
6,-1,22,1,26,0
0,0,24,1,26,0
-5,2,25,1,26,0
3,-3,1,1,26,0
-3,-4,2,1,26,0
-7,5,9,1,26,0
-2,0,12,1,26,0
1,-7,23,1,26,0
9,1,3,1,26,0
-7,6,11,1,26,0
1,-8,17,1,26,0
-1,0,18,1,26,0
-6,-4,22,1,26,0
8,1,9,1,26,0
0,-6,14,1,26,0
-6,6,19,1,26,0
6,0,18,1,26,0
0,-7,14,1,26,0
7,1,19,1,26,0
-5,6,25,1,26,0
-1,3,4,1,26,0
5,0,12,1,26,0
0,-8,7,1,26,0
-2,4,11,1,26,0
-5,-4,16,1,26,0
7,2,25,1,26,0
4,0,6,1,26,0
-2,5,18,1,26,0
2,-5,25,1,26,0
-2,6,19,1,26,0
7,-1,26,1,26,0
3,0,23,1,26,0
-4,-4,9,1,27,0
2,-7,26,1,27,0
3,1,26,1,27,0
-1,6,26,1,27,0
-7,3,13,1,27,0
3,-1,17,1,27,0
-6,2,21,1,27,0
1,-5,22,1,27,0
-7,-4,26,1,27,0
1,0,26,1,27,0
-7,4,6,1,27,0
-3,0,6,1,27,0
3,-2,8,1,27,0
6,-1,22,1,27,0
0,0,24,1,27,0
-5,2,26,1,27,0
3,-3,1,1,27,0
-3,-4,2,1,27,0
-7,5,9,1,27,0
-2,0,12,1,27,0
1,-7,23,1,27,0
9,1,3,1,27,0
-7,6,11,1,27,0
1,-8,17,1,27,0
-1,0,18,1,27,0
-6,-4,22,1,27,0
8,1,9,1,27,0
0,-6,14,1,27,0
-6,6,19,1,27,0
6,0,18,1,27,0
0,-7,14,1,27,0
7,1,19,1,27,0
-5,6,25,1,27,0
8,2,26,1,27,0
-1,3,4,1,27,0
5,0,12,1,27,0
0,-8,7,1,27,0
-2,4,11,1,27,0
-5,-4,16,1,27,0
7,2,25,1,27,0
-4,6,26,1,27,0
4,0,6,1,27,0
-2,5,18,1,27,0
2,-5,26,1,27,0
-2,6,19,1,27,0
7,-1,27,1,27,0
3,0,23,1,27,0
-4,-4,9,1,28,0
2,-7,27,1,28,0
3,1,27,1,28,0
-1,6,27,1,28,0
-7,3,13,1,28,0
3,-1,17,1,28,0
-6,2,21,1,28,0
1,-5,22,1,28,0
-7,-4,27,1,28,0
1,0,27,1,28,0
-7,4,6,1,28,0
-3,0,6,1,28,0
3,-2,8,1,28,0
6,-1,22,1,28,0
0,0,24,1,28,0
-5,2,27,1,28,0
3,-3,1,1,28,0
-3,-4,2,1,28,0
-7,5,9,1,28,0
-2,0,12,1,28,0
1,-7,23,1,28,0
9,1,3,1,28,0
-7,6,11,1,28,0
1,-8,17,1,28,0
-1,0,18,1,28,0
-6,-4,22,1,28,0
8,1,9,1,28,0
0,-6,14,1,28,0
-6,6,19,1,28,0
6,0,18,1,28,0
0,-7,14,1,28,0
7,1,19,1,28,0
-5,6,25,1,28,0
8,2,27,1,28,0
-1,3,4,1,28,0
5,0,12,1,28,0
0,-8,7,1,28,0
-2,4,11,1,28,0
-5,-4,16,1,28,0
7,2,25,1,28,0
-4,6,27,1,28,0
4,0,6,1,28,0
-2,5,18,1,28,0
2,-5,27,1,28,0
-2,6,19,1,28,0
7,-1,28,1,28,0
3,0,23,1,28,0
-4,-4,9,1,29,0
2,-7,28,1,29,0
3,1,28,1,29,0
-1,6,28,1,29,0
-7,3,13,1,29,0
3,-1,17,1,29,0
-6,2,21,1,29,0
1,-5,22,1,29,0
-7,-4,28,1,29,0
1,0,28,1,29,0
-7,4,6,1,29,0
-3,0,6,1,29,0
3,-2,8,1,29,0
6,-1,22,1,29,0
0,0,24,1,29,0
-5,2,28,1,29,0
3,-3,1,1,29,0
-3,-4,2,1,29,0
-7,5,9,1,29,0
-2,0,12,1,29,0
1,-7,23,1,29,0
9,1,3,1,29,0
-7,6,11,1,29,0
1,-8,17,1,29,0
-1,0,18,1,29,0
-6,-4,22,1,29,0
8,1,9,1,29,0
0,-6,14,1,29,0
-6,6,19,1,29,0
6,0,18,1,29,0
0,-7,14,1,29,0
7,1,19,1,29,0
-5,6,25,1,29,0
8,2,27,1,29,0
-1,3,4,1,29,0
5,0,12,1,29,0
0,-8,7,1,29,0
-2,4,11,1,29,0
-5,-4,16,1,29,0
7,2,25,1,29,0
-4,6,28,1,29,0
8,3,28,1,29,0
4,0,6,1,29,0
-2,5,18,1,29,0
2,-5,28,1,29,0
-2,6,19,1,29,0
7,-1,29,1,29,0
3,0,23,1,29,0
-4,-4,9,1,30,0
-1,6,28,1,30,0
2,-7,29,1,30,0
3,1,29,1,30,0
-7,3,13,1,30,0
3,-1,17,1,30,0
-6,2,21,1,30,0
1,-5,22,1,30,0
-7,-4,28,1,30,0
1,0,29,1,30,0
-7,4,6,1,30,0
-3,0,6,1,30,0
3,-2,8,1,30,0
6,-1,22,1,30,0
0,0,24,1,30,0
-5,2,28,1,30,0
3,-3,1,1,30,0
-3,-4,2,1,30,0
-7,5,9,1,30,0
-2,0,12,1,30,0
1,-7,23,1,30,0
-4,2,29,1,30,0
9,1,3,1,30,0
-7,6,11,1,30,0
1,-8,17,1,30,0
-1,0,18,1,30,0
-6,-4,22,1,30,0
8,1,9,1,30,0
0,-6,14,1,30,0
-6,6,19,1,30,0
6,0,18,1,30,0
0,-7,14,1,30,0
7,1,19,1,30,0
-5,6,25,1,30,0
8,2,27,1,30,0
-1,3,4,1,30,0
5,0,12,1,30,0
0,-8,7,1,30,0
-2,4,11,1,30,0
-5,-4,16,1,30,0
7,2,25,1,30,0
8,3,28,1,30,0
-4,6,29,1,30,0
4,0,6,1,30,0
-2,5,18,1,30,0
7,3,29,1,30,0
2,-5,29,1,30,0
-8,-4,29,1,30,0
0,6,29,1,30,0
-2,6,19,1,30,0
7,-1,29,1,30,0
3,0,23,1,30,0
-4,-4,9,1,31,0
-1,6,28,1,31,0
2,-7,29,1,31,0
3,1,29,1,31,0
-7,3,13,1,31,0
3,-1,17,1,31,0
-6,2,21,1,31,0
1,-5,22,1,31,0
-7,-4,28,1,31,0
1,0,29,1,31,0
-7,4,6,1,31,0
-3,0,6,1,31,0
3,-2,8,1,31,0
6,-1,22,1,31,0
0,0,24,1,31,0
-5,2,28,1,31,0
3,-3,1,1,31,0
-3,-4,2,1,31,0
-7,5,9,1,31,0
-2,0,12,1,31,0
1,-7,23,1,31,0
-4,2,29,1,31,0
9,1,3,1,31,0
-7,6,11,1,31,0
1,-8,17,1,31,0
-1,0,18,1,31,0
-6,-4,22,1,31,0
8,1,9,1,31,0
0,-6,14,1,31,0
-6,6,19,1,31,0
6,0,18,1,31,0
0,-7,14,1,31,0
7,1,19,1,31,0
-5,6,25,1,31,0
8,2,27,1,31,0
8,-1,31,1,31,0
-1,3,4,1,31,0
5,0,12,1,31,0
0,-8,7,1,31,0
-2,4,11,1,31,0
-5,-4,16,1,31,0
7,2,25,1,31,0
8,3,28,1,31,0
-4,6,29,1,31,0
4,0,6,1,31,0
-2,5,18,1,31,0
7,3,29,1,31,0
2,-5,29,1,31,0
-8,-4,29,1,31,0
0,6,29,1,31,0
-2,6,19,1,31,0
7,-1,29,1,31,0
3,0,23,1,31,0
-4,-4,9,1,32,0
-1,6,28,1,32,0
2,-7,29,1,32,0
3,1,29,1,32,0
-7,3,13,1,32,0
3,-1,17,1,32,0
-6,2,21,1,32,0
1,-5,22,1,32,0
-7,-4,28,1,32,0
3,2,31,1,32,0
1,0,31,1,32,0
-7,4,6,1,32,0
-3,0,6,1,32,0
3,-2,8,1,32,0
6,-1,22,1,32,0
0,0,24,1,32,0
-5,2,28,1,32,0
3,-3,1,1,32,0
-3,-4,2,1,32,0
-7,5,9,1,32,0
-2,0,12,1,32,0
1,-7,23,1,32,0
-4,2,29,1,32,0
9,1,3,1,32,0
-7,6,11,1,32,0
1,-8,17,1,32,0
-1,0,18,1,32,0
-6,-4,22,1,32,0
8,1,9,1,32,0
0,-6,14,1,32,0
-6,6,19,1,32,0
3,-5,31,1,32,0
6,0,18,1,32,0
0,-7,14,1,32,0
7,1,19,1,32,0
-5,6,25,1,32,0
8,2,27,1,32,0
8,-1,32,1,32,0
-1,3,4,1,32,0
5,0,12,1,32,0
0,-8,7,1,32,0
-2,4,11,1,32,0
-5,-4,16,1,32,0
7,2,25,1,32,0
8,3,28,1,32,0
-4,6,31,1,32,0
3,-7,31,1,32,0
4,0,6,1,32,0
-2,5,18,1,32,0
2,-5,29,1,32,0
7,3,31,1,32,0
-8,-4,31,1,32,0
0,6,31,1,32,0
-2,6,19,1,32,0
7,-1,29,1,32,0
3,0,23,1,32,0
-4,-4,9,1,33,0
-1,6,28,1,33,0
2,-7,29,1,33,0
3,1,29,1,33,0
2,0,32,1,33,0
-7,3,13,1,33,0
3,-1,17,1,33,0
-6,2,21,1,33,0
1,-5,22,1,33,0
-7,-4,28,1,33,0
1,0,31,1,33,0
3,2,32,1,33,0
-7,4,6,1,33,0
-3,0,6,1,33,0
3,-2,8,1,33,0
6,-1,22,1,33,0
0,0,24,1,33,0
-5,2,28,1,33,0
3,-3,1,1,33,0
-3,-4,2,1,33,0
-7,5,9,1,33,0
-2,0,12,1,33,0
1,-7,23,1,33,0
-4,2,31,1,33,0
9,1,3,1,33,0
-7,6,11,1,33,0
1,-8,17,1,33,0
-1,0,18,1,33,0
-6,-4,22,1,33,0
8,1,9,1,33,0
0,-6,14,1,33,0
-6,6,19,1,33,0
3,-5,32,1,33,0
6,0,18,1,33,0
0,-7,14,1,33,0
7,1,19,1,33,0
-5,6,25,1,33,0
8,2,27,1,33,0
8,-1,33,1,33,0
-1,3,4,1,33,0
5,0,12,1,33,0
0,-8,7,1,33,0
-2,4,11,1,33,0
-5,-4,16,1,33,0
7,2,25,1,33,0
8,3,28,1,33,0
-4,6,31,1,33,0
3,-7,32,1,33,0
4,0,6,1,33,0
-2,5,18,1,33,0
2,-5,29,1,33,0
-3,6,32,1,33,0
7,3,32,1,33,0
-8,-4,32,1,33,0
0,6,32,1,33,0
-2,6,19,1,33,0
7,-1,29,1,33,0
3,0,23,1,33,0
-4,-4,9,1,34,0
-1,6,28,1,34,0
2,-7,29,1,34,0
3,1,29,1,34,0
2,0,33,1,34,0
-7,3,13,1,34,0
3,-1,17,1,34,0
-6,2,21,1,34,0
1,-5,22,1,34,0
-7,-4,28,1,34,0
1,0,31,1,34,0
3,2,33,1,34,0
-7,4,6,1,34,0
-3,0,6,1,34,0
3,-2,8,1,34,0
6,-1,22,1,34,0
0,0,24,1,34,0
-5,2,28,1,34,0
3,-3,1,1,34,0
-3,-4,2,1,34,0
-7,5,9,1,34,0
-2,0,12,1,34,0
1,-7,23,1,34,0
-4,2,33,1,34,0
9,1,3,1,34,0
-7,6,11,1,34,0
1,-8,17,1,34,0
-1,0,18,1,34,0
-6,-4,22,1,34,0
8,1,9,1,34,0
0,-6,14,1,34,0
-6,6,19,1,34,0
3,-5,33,1,34,0
6,0,18,1,34,0
0,-7,14,1,34,0
7,1,19,1,34,0
-5,6,25,1,34,0
8,2,27,1,34,0
8,-1,34,1,34,0
-1,3,4,1,34,0
5,0,12,1,34,0
0,-8,7,1,34,0
-2,4,11,1,34,0
-5,-4,16,1,34,0
7,2,25,1,34,0
8,3,28,1,34,0
-4,6,31,1,34,0
3,-7,33,1,34,0
4,0,6,1,34,0
-2,5,18,1,34,0
2,-5,29,1,34,0
-3,6,33,1,34,0
7,3,33,1,34,0
-8,-4,33,1,34,0
0,6,33,1,34,0
-2,6,19,1,34,0
7,-1,29,1,34,0
3,0,23,1,34,0
-4,-4,9,1,35,0
-1,6,28,1,35,0
2,-7,29,1,35,0
3,1,29,1,35,0
2,0,34,1,35,0
-7,3,13,1,35,0
3,-1,17,1,35,0
-6,2,21,1,35,0
1,-5,22,1,35,0
-7,-4,28,1,35,0
1,0,31,1,35,0
3,2,34,1,35,0
-7,4,6,1,35,0
-3,0,6,1,35,0
3,-2,8,1,35,0
6,-1,22,1,35,0
0,0,24,1,35,0
-5,2,28,1,35,0
3,-3,1,1,35,0
-3,-4,2,1,35,0
-7,5,9,1,35,0
-2,0,12,1,35,0
1,-7,23,1,35,0
-4,2,34,1,35,0
9,1,3,1,35,0
-7,6,11,1,35,0
1,-8,17,1,35,0
-1,0,18,1,35,0
-6,-4,22,1,35,0
8,1,9,1,35,0
0,-6,14,1,35,0
-6,6,19,1,35,0
3,-5,34,1,35,0
6,0,18,1,35,0
0,-7,14,1,35,0
7,1,19,1,35,0
-5,6,25,1,35,0
8,2,27,1,35,0
8,-1,35,1,35,0
-1,3,4,1,35,0
5,0,12,1,35,0
0,-8,7,1,35,0
-2,4,11,1,35,0
-5,-4,16,1,35,0
7,2,25,1,35,0
8,3,28,1,35,0
-4,6,31,1,35,0
3,-7,34,1,35,0
4,0,6,1,35,0
-2,5,18,1,35,0
2,-5,29,1,35,0
7,3,33,1,35,0
-3,6,34,1,35,0
-8,-4,34,1,35,0
0,6,34,1,35,0
-2,6,19,1,35,0
7,-1,29,1,35,0
3,0,23,1,35,0
7,4,34,1,35,0
-4,-4,9,1,36,0
-1,6,28,1,36,0
2,-7,29,1,36,0
3,1,29,1,36,0
2,0,35,1,36,0
-7,3,13,1,36,0
3,-1,17,1,36,0
-6,2,21,1,36,0
1,-5,22,1,36,0
1,0,31,1,36,0
3,2,35,1,36,0
-7,-4,35,1,36,0
-7,4,6,1,36,0
-3,0,6,1,36,0
3,-2,8,1,36,0
6,-1,22,1,36,0
0,0,24,1,36,0
-5,2,28,1,36,0
3,-3,1,1,36,0
-3,-4,2,1,36,0
-7,5,9,1,36,0
-2,0,12,1,36,0
1,-7,23,1,36,0
-4,2,34,1,36,0
9,1,3,1,36,0
-7,6,11,1,36,0
1,-8,17,1,36,0
-1,0,18,1,36,0
-6,-4,22,1,36,0
-3,2,35,1,36,0
8,1,9,1,36,0
0,-6,14,1,36,0
-6,6,19,1,36,0
3,-5,35,1,36,0
6,0,18,1,36,0
0,-7,14,1,36,0
7,1,19,1,36,0
-5,6,25,1,36,0
8,2,27,1,36,0
8,-1,35,1,36,0
-1,3,4,1,36,0
5,0,12,1,36,0
0,-8,7,1,36,0
-2,4,11,1,36,0
-5,-4,16,1,36,0
7,2,25,1,36,0
8,3,28,1,36,0
-4,6,31,1,36,0
3,-7,35,1,36,0
1,6,35,1,36,0
4,0,6,1,36,0
-2,5,18,1,36,0
2,-5,29,1,36,0
7,3,33,1,36,0
-3,6,34,1,36,0
-8,-4,34,1,36,0
0,6,34,1,36,0
-2,6,19,1,36,0
7,-1,36,1,36,0
3,0,23,1,36,0
-3,7,35,1,36,0
7,4,35,1,36,0
-4,-4,9,1,37,0
-1,6,28,1,37,0
2,-7,29,1,37,0
3,1,29,1,37,0
2,0,35,1,37,0
-7,3,13,1,37,0
3,-1,17,1,37,0
-6,2,21,1,37,0
1,-5,22,1,37,0
3,2,36,1,37,0
-7,-4,36,1,37,0
1,0,36,1,37,0
-7,4,6,1,37,0
-3,0,6,1,37,0
3,-2,8,1,37,0
6,-1,22,1,37,0
0,0,24,1,37,0
-5,2,28,1,37,0
4,-5,36,1,37,0
3,-3,1,1,37,0
-3,-4,2,1,37,0
-7,5,9,1,37,0
-2,0,12,1,37,0
1,-7,23,1,37,0
-4,2,34,1,37,0
9,1,3,1,37,0
-7,6,11,1,37,0
1,-8,17,1,37,0
-1,0,18,1,37,0
-6,-4,22,1,37,0
-3,2,36,1,37,0
8,1,9,1,37,0
0,-6,14,1,37,0
-6,6,19,1,37,0
3,-5,35,1,37,0
6,0,18,1,37,0
0,-7,14,1,37,0
7,1,19,1,37,0
-5,6,25,1,37,0
8,2,27,1,37,0
8,-1,35,1,37,0
-1,3,4,1,37,0
5,0,12,1,37,0
0,-8,7,1,37,0
-2,4,11,1,37,0
-5,-4,16,1,37,0
7,2,25,1,37,0
8,3,28,1,37,0
-4,6,31,1,37,0
3,-7,36,1,37,0
1,6,36,1,37,0
4,0,6,1,37,0
-2,5,18,1,37,0
2,-5,29,1,37,0
7,3,33,1,37,0
-3,6,34,1,37,0
-8,-4,34,1,37,0
0,6,34,1,37,0
-2,6,19,1,37,0
7,-1,37,1,37,0
3,0,23,1,37,0
-3,7,36,1,37,0
7,4,36,1,37,0
-4,-4,9,1,38,0
-1,6,28,1,38,0
2,-7,29,1,38,0
3,1,29,1,38,0
2,0,35,1,38,0
4,2,37,1,38,0
-7,3,13,1,38,0
3,-1,17,1,38,0
-6,2,21,1,38,0
1,-5,22,1,38,0
3,2,36,1,38,0
-7,-4,37,1,38,0
1,0,37,1,38,0
-7,4,6,1,38,0
-3,0,6,1,38,0
3,-2,8,1,38,0
6,-1,22,1,38,0
0,0,24,1,38,0
-5,2,28,1,38,0
4,-5,37,1,38,0
3,-3,1,1,38,0
-3,-4,2,1,38,0
-7,5,9,1,38,0
-2,0,12,1,38,0
1,-7,23,1,38,0
-4,2,34,1,38,0
9,1,3,1,38,0
-7,6,11,1,38,0
1,-8,17,1,38,0
-1,0,18,1,38,0
-6,-4,22,1,38,0
4,-7,37,1,38,0
-3,2,37,1,38,0
8,1,9,1,38,0
0,-6,14,1,38,0
-6,6,19,1,38,0
3,-5,35,1,38,0
6,0,18,1,38,0
0,-7,14,1,38,0
7,1,19,1,38,0
-5,6,25,1,38,0
8,2,27,1,38,0
8,-1,35,1,38,0
-1,3,4,1,38,0
5,0,12,1,38,0
0,-8,7,1,38,0
-2,4,11,1,38,0
-5,-4,16,1,38,0
7,2,25,1,38,0
8,3,28,1,38,0
-4,6,31,1,38,0
3,-7,36,1,38,0
1,6,37,1,38,0
4,0,6,1,38,0
-2,5,18,1,38,0
2,-5,29,1,38,0
7,3,33,1,38,0
-3,6,34,1,38,0
-8,-4,34,1,38,0
0,6,34,1,38,0
-2,6,19,1,38,0
7,-1,38,1,38,0
3,0,23,1,38,0
-3,7,37,1,38,0
7,4,37,1,38,0
-4,-4,9,1,39,0
-1,6,28,1,39,0
2,-7,29,1,39,0
3,1,29,1,39,0
2,0,35,1,39,0
4,2,37,1,39,0
-7,3,13,1,39,0
3,-1,17,1,39,0
-6,2,21,1,39,0
1,-5,22,1,39,0
3,2,36,1,39,0
4,3,38,1,39,0
-7,-4,38,1,39,0
1,0,38,1,39,0
-7,4,6,1,39,0
-3,0,6,1,39,0
3,-2,8,1,39,0
6,-1,22,1,39,0
0,0,24,1,39,0
-5,2,28,1,39,0
4,-5,38,1,39,0
3,-3,1,1,39,0
-3,-4,2,1,39,0
-7,5,9,1,39,0
-2,0,12,1,39,0
1,-7,23,1,39,0
-4,2,34,1,39,0
9,1,3,1,39,0
-7,6,11,1,39,0
1,-8,17,1,39,0
-1,0,18,1,39,0
-6,-4,22,1,39,0
4,-7,38,1,39,0
-3,2,38,1,39,0
8,1,9,1,39,0
0,-6,14,1,39,0
-6,6,19,1,39,0
3,-5,35,1,39,0
6,0,18,1,39,0
0,-7,14,1,39,0
7,1,19,1,39,0
-5,6,25,1,39,0
8,2,27,1,39,0
8,-1,35,1,39,0
-1,3,4,1,39,0
5,0,12,1,39,0
0,-8,7,1,39,0
-2,4,11,1,39,0
-5,-4,16,1,39,0
7,2,25,1,39,0
8,3,28,1,39,0
-4,6,31,1,39,0
3,-7,36,1,39,0
1,6,38,1,39,0
4,0,6,1,39,0
-2,5,18,1,39,0
2,-5,29,1,39,0
7,3,33,1,39,0
-3,6,34,1,39,0
-8,-4,34,1,39,0
0,6,34,1,39,0
-2,6,19,1,39,0
7,-1,39,1,39,0
3,0,23,1,39,0
-3,7,38,1,39,0
7,4,38,1,39,0
-4,-4,9,1,40,0
-1,6,28,1,40,0
2,-7,29,1,40,0
3,1,29,1,40,0
2,0,35,1,40,0
4,2,37,1,40,0
-7,3,13,1,40,0
3,-1,17,1,40,0
-6,2,21,1,40,0
1,-5,22,1,40,0
3,2,36,1,40,0
4,3,39,1,40,0
-7,-4,39,1,40,0
1,0,39,1,40,0
-7,4,6,1,40,0
-3,0,6,1,40,0
3,-2,8,1,40,0
6,-1,22,1,40,0
0,0,24,1,40,0
-5,2,28,1,40,0
4,-5,39,1,40,0
3,-3,1,1,40,0
-3,-4,2,1,40,0
-7,5,9,1,40,0
-2,0,12,1,40,0
1,-7,23,1,40,0
-4,2,34,1,40,0
9,1,3,1,40,0
-7,6,11,1,40,0
1,-8,17,1,40,0
-1,0,18,1,40,0
-6,-4,22,1,40,0
4,-7,39,1,40,0
-3,2,39,1,40,0
8,1,9,1,40,0
0,-6,14,1,40,0
-6,6,19,1,40,0
3,-5,35,1,40,0
6,0,18,1,40,0
0,-7,14,1,40,0
7,1,19,1,40,0
-5,6,25,1,40,0
8,2,27,1,40,0
8,-1,35,1,40,0
-1,3,4,1,40,0
5,0,12,1,40,0
0,-8,7,1,40,0
-2,4,11,1,40,0
-5,-4,16,1,40,0
7,2,25,1,40,0
8,3,28,1,40,0
-4,6,31,1,40,0
3,-7,36,1,40,0
1,6,39,1,40,0
4,0,6,1,40,0
-2,5,18,1,40,0
2,-5,29,1,40,0
7,3,33,1,40,0
-3,6,34,1,40,0
-8,-4,34,1,40,0
0,6,34,1,40,0
-2,6,19,1,40,0
7,-1,39,1,40,0
3,0,23,1,40,0
-3,7,39,1,40,0
7,4,39,1,40,0
-4,-4,9,1,41,0
-1,6,28,1,41,0
2,-7,29,1,41,0
3,1,29,1,41,0
2,0,35,1,41,0
4,2,37,1,41,0
-7,3,13,1,41,0
3,-1,17,1,41,0
-6,2,21,1,41,0
1,-5,22,1,41,0
3,2,36,1,41,0
4,3,39,1,41,0
-7,-4,39,1,41,0
1,0,39,1,41,0
-7,4,6,1,41,0
-3,0,6,1,41,0
3,-2,8,1,41,0
6,-1,22,1,41,0
0,0,24,1,41,0
-5,2,28,1,41,0
4,-5,39,1,41,0
3,-3,1,1,41,0
-3,-4,2,1,41,0
-7,5,9,1,41,0
-2,0,12,1,41,0
1,-7,23,1,41,0
-4,2,34,1,41,0
9,1,3,1,41,0
-7,6,11,1,41,0
1,-8,17,1,41,0
-1,0,18,1,41,0
-6,-4,22,1,41,0
4,-7,39,1,41,0
-3,2,39,1,41,0
8,1,9,1,41,0
0,-6,14,1,41,0
-6,6,19,1,41,0
3,-5,35,1,41,0
6,0,18,1,41,0
0,-7,14,1,41,0
7,1,19,1,41,0
-5,6,25,1,41,0
8,2,27,1,41,0
8,-1,35,1,41,0
-1,3,4,1,41,0
5,0,12,1,41,0
0,-8,7,1,41,0
-2,4,11,1,41,0
-5,-4,16,1,41,0
7,2,25,1,41,0
8,3,28,1,41,0
-4,6,31,1,41,0
3,-7,36,1,41,0
1,6,39,1,41,0
8,-2,41,1,41,0
4,0,6,1,41,0
-2,5,18,1,41,0
2,-5,29,1,41,0
7,3,33,1,41,0
-3,6,34,1,41,0
-8,-4,34,1,41,0
0,6,34,1,41,0
-2,6,19,1,41,0
7,-1,39,1,41,0
3,0,23,1,41,0
-3,7,39,1,41,0
7,4,39,1,41,0
-4,-4,9,1,42,0
-1,6,28,1,42,0
2,-7,29,1,42,0
3,1,29,1,42,0
2,0,35,1,42,0
4,2,37,1,42,0
7,5,41,1,42,0
-7,3,13,1,42,0
3,-1,17,1,42,0
-6,2,21,1,42,0
1,-5,22,1,42,0
3,2,36,1,42,0
-7,-4,39,1,42,0
4,3,41,1,42,0
1,0,41,1,42,0
-7,4,6,1,42,0
-3,0,6,1,42,0
3,-2,8,1,42,0
6,-1,22,1,42,0
0,0,24,1,42,0
-5,2,28,1,42,0
4,-5,41,1,42,0
3,-3,1,1,42,0
-3,-4,2,1,42,0
-7,5,9,1,42,0
-2,0,12,1,42,0
1,-7,23,1,42,0
-4,2,34,1,42,0
9,1,3,1,42,0
-7,6,11,1,42,0
1,-8,17,1,42,0
-1,0,18,1,42,0
-3,2,39,1,42,0
4,-7,41,1,42,0
-6,-4,41,1,42,0
8,1,9,1,42,0
0,-6,14,1,42,0
-6,6,19,1,42,0
3,-5,35,1,42,0
-2,2,41,1,42,0
6,0,18,1,42,0
0,-7,14,1,42,0
7,1,19,1,42,0
-5,6,25,1,42,0
8,2,27,1,42,0
8,-1,35,1,42,0
-1,3,4,1,42,0
5,0,12,1,42,0
0,-8,7,1,42,0
-2,4,11,1,42,0
-5,-4,16,1,42,0
7,2,25,1,42,0
8,3,28,1,42,0
-4,6,31,1,42,0
3,-7,36,1,42,0
8,-2,42,1,42,0
1,6,41,1,42,0
4,0,6,1,42,0
-2,5,18,1,42,0
2,-5,29,1,42,0
7,3,33,1,42,0
-3,6,34,1,42,0
-8,-4,34,1,42,0
0,6,34,1,42,0
-2,6,19,1,42,0
7,-1,39,1,42,0
3,0,23,1,42,0
7,4,39,1,42,0
-3,7,41,1,42,0
-4,-4,9,1,43,0
-1,6,28,1,43,0
2,-7,29,1,43,0
3,1,29,1,43,0
2,0,35,1,43,0
4,2,37,1,43,0
-3,8,42,1,43,0
7,5,42,1,43,0
-7,3,13,1,43,0
3,-1,17,1,43,0
-6,2,21,1,43,0
1,-5,22,1,43,0
3,2,36,1,43,0
-7,-4,39,1,43,0
1,0,41,1,43,0
4,3,42,1,43,0
-7,4,6,1,43,0
-3,0,6,1,43,0
3,-2,8,1,43,0
6,-1,22,1,43,0
-5,2,28,1,43,0
4,-5,41,1,43,0
0,0,42,1,43,0
3,-3,1,1,43,0
-3,-4,2,1,43,0
-7,5,9,1,43,0
-2,0,12,1,43,0
1,-7,23,1,43,0
-4,2,34,1,43,0
9,1,3,1,43,0
-7,6,11,1,43,0
1,-8,17,1,43,0
-1,0,18,1,43,0
-3,2,39,1,43,0
4,-7,42,1,43,0
-6,-4,42,1,43,0
8,1,9,1,43,0
0,-6,14,1,43,0
-6,6,19,1,43,0
3,-5,35,1,43,0
-2,2,42,1,43,0
6,0,18,1,43,0
0,-7,14,1,43,0
7,1,19,1,43,0
-5,6,25,1,43,0
8,2,27,1,43,0
8,-1,35,1,43,0
-1,3,4,1,43,0
5,0,12,1,43,0
0,-8,7,1,43,0
-2,4,11,1,43,0
-5,-4,16,1,43,0
7,2,25,1,43,0
8,3,28,1,43,0
-4,6,31,1,43,0
3,-7,36,1,43,0
8,-2,43,1,43,0
1,6,41,1,43,0
4,0,6,1,43,0
-2,5,18,1,43,0
2,-5,29,1,43,0
7,3,33,1,43,0
-3,6,34,1,43,0
-8,-4,34,1,43,0
0,6,34,1,43,0
-2,6,19,1,43,0
7,-1,39,1,43,0
3,0,23,1,43,0
7,4,39,1,43,0
-3,7,41,1,43,0
5,-5,42,1,43,0
-4,-4,9,1,44,0
-1,6,28,1,44,0
2,-7,29,1,44,0
3,1,29,1,44,0
2,0,35,1,44,0
4,2,37,1,44,0
-3,8,43,1,44,0
7,5,43,1,44,0
-7,3,13,1,44,0
3,-1,17,1,44,0
-6,2,21,1,44,0
1,-5,22,1,44,0
3,2,36,1,44,0
-7,-4,39,1,44,0
1,0,41,1,44,0
4,3,43,1,44,0
-7,4,6,1,44,0
-3,0,6,1,44,0
3,-2,8,1,44,0
6,-1,22,1,44,0
-5,2,28,1,44,0
4,-5,41,1,44,0
0,0,43,1,44,0
3,-3,1,1,44,0
-3,-4,2,1,44,0
-7,5,9,1,44,0
-2,0,12,1,44,0
1,-7,23,1,44,0
-4,2,34,1,44,0
9,1,3,1,44,0
-7,6,11,1,44,0
1,-8,17,1,44,0
-1,0,18,1,44,0
-3,2,39,1,44,0
4,-7,43,1,44,0
-6,-4,43,1,44,0
8,1,9,1,44,0
0,-6,14,1,44,0
-6,6,19,1,44,0
3,-5,35,1,44,0
-2,2,43,1,44,0
6,0,18,1,44,0
0,-7,14,1,44,0
7,1,19,1,44,0
-5,6,25,1,44,0
8,2,27,1,44,0
8,-1,35,1,44,0
2,6,42,1,44,0
-1,3,4,1,44,0
5,0,12,1,44,0
0,-8,7,1,44,0
-2,4,11,1,44,0
-5,-4,16,1,44,0
7,2,25,1,44,0
8,3,28,1,44,0
-4,6,31,1,44,0
3,-7,36,1,44,0
8,-2,44,1,44,0
1,6,41,1,44,0
4,0,6,1,44,0
-2,5,18,1,44,0
2,-5,29,1,44,0
7,3,33,1,44,0
-3,6,34,1,44,0
-8,-4,34,1,44,0
0,6,34,1,44,0
-2,6,19,1,44,0
7,-1,39,1,44,0
3,0,23,1,44,0
7,4,39,1,44,0
-3,7,41,1,44,0
5,-5,43,1,44,0
-4,-4,9,1,45,0
-1,6,28,1,45,0
2,-7,29,1,45,0
3,1,29,1,45,0
2,0,35,1,45,0
4,2,37,1,45,0
-3,8,44,1,45,0
7,5,44,1,45,0
-7,3,13,1,45,0
3,-1,17,1,45,0
-6,2,21,1,45,0
1,-5,22,1,45,0
3,2,36,1,45,0
-7,-4,39,1,45,0
1,0,41,1,45,0
4,3,44,1,45,0
-7,4,6,1,45,0
-3,0,6,1,45,0
3,-2,8,1,45,0
6,-1,22,1,45,0
-5,2,28,1,45,0
4,-5,41,1,45,0
0,0,44,1,45,0
3,-3,1,1,45,0
-3,-4,2,1,45,0
-7,5,9,1,45,0
-2,0,12,1,45,0
1,-7,23,1,45,0
-4,2,34,1,45,0
9,1,3,1,45,0
-7,6,11,1,45,0
1,-8,17,1,45,0
-1,0,18,1,45,0
-3,2,39,1,45,0
4,-7,44,1,45,0
-6,-4,44,1,45,0
8,1,9,1,45,0
0,-6,14,1,45,0
-6,6,19,1,45,0
3,-5,35,1,45,0
-2,2,44,1,45,0
6,0,18,1,45,0
0,-7,14,1,45,0
7,1,19,1,45,0
-5,6,25,1,45,0
8,2,27,1,45,0
8,-1,35,1,45,0
2,6,44,1,45,0
-1,3,4,1,45,0
5,0,12,1,45,0
0,-8,7,1,45,0
-2,4,11,1,45,0
-5,-4,16,1,45,0
7,2,25,1,45,0
8,3,28,1,45,0
-4,6,31,1,45,0
3,-7,36,1,45,0
8,-2,45,1,45,0
1,6,41,1,45,0
4,0,6,1,45,0
-2,5,18,1,45,0
2,-5,29,1,45,0
7,3,33,1,45,0
-3,6,34,1,45,0
-8,-4,34,1,45,0
0,6,34,1,45,0
-2,6,19,1,45,0
7,-1,39,1,45,0
3,0,23,1,45,0
7,4,39,1,45,0
-3,7,41,1,45,0
5,-5,44,1,45,0
-4,-4,9,1,46,0
-1,6,28,1,46,0
2,-7,29,1,46,0
3,1,29,1,46,0
2,0,35,1,46,0
4,2,37,1,46,0
-3,8,44,1,46,0
7,5,44,1,46,0
-2,7,45,1,46,0
-7,3,13,1,46,0
3,-1,17,1,46,0
-6,2,21,1,46,0
1,-5,22,1,46,0
3,2,36,1,46,0
-7,-4,39,1,46,0
1,0,41,1,46,0
4,3,45,1,46,0
-7,4,6,1,46,0
-3,0,6,1,46,0
3,-2,8,1,46,0
6,-1,22,1,46,0
-5,2,28,1,46,0
4,-5,41,1,46,0
0,0,45,1,46,0
3,-3,1,1,46,0
-3,-4,2,1,46,0
-7,5,9,1,46,0
-2,0,12,1,46,0
1,-7,23,1,46,0
-4,2,34,1,46,0
9,1,3,1,46,0
-7,6,11,1,46,0
1,-8,17,1,46,0
-1,0,18,1,46,0
-3,2,39,1,46,0
4,-7,45,1,46,0
-6,-4,45,1,46,0
8,1,9,1,46,0
0,-6,14,1,46,0
-6,6,19,1,46,0
3,-5,35,1,46,0
-2,2,45,1,46,0
6,0,18,1,46,0
0,-7,14,1,46,0
7,1,19,1,46,0
-5,6,25,1,46,0
8,2,27,1,46,0
8,-1,35,1,46,0
2,6,45,1,46,0
-1,3,4,1,46,0
5,0,12,1,46,0
0,-8,7,1,46,0
-2,4,11,1,46,0
-5,-4,16,1,46,0
7,2,25,1,46,0
8,3,28,1,46,0
-4,6,31,1,46,0
3,-7,36,1,46,0
8,-2,46,1,46,0
1,6,41,1,46,0
4,0,6,1,46,0
-2,5,18,1,46,0
2,-5,29,1,46,0
7,3,33,1,46,0
-3,6,34,1,46,0
-8,-4,34,1,46,0
0,6,34,1,46,0
-2,6,19,1,46,0
7,-1,39,1,46,0
3,0,23,1,46,0
7,4,39,1,46,0
-3,7,41,1,46,0
8,5,45,1,46,0
5,-5,45,1,46,0
-4,-4,9,1,47,0
-1,6,28,1,47,0
2,-7,29,1,47,0
3,1,29,1,47,0
2,0,35,1,47,0
4,2,37,1,47,0
-3,8,44,1,47,0
7,5,44,1,47,0
-2,7,46,1,47,0
-7,3,13,1,47,0
3,-1,17,1,47,0
-6,2,21,1,47,0
1,-5,22,1,47,0
3,2,36,1,47,0
-7,-4,39,1,47,0
1,0,41,1,47,0
4,3,46,1,47,0
-7,4,6,1,47,0
-3,0,6,1,47,0
3,-2,8,1,47,0
6,-1,22,1,47,0
-5,2,28,1,47,0
4,-5,41,1,47,0
0,0,46,1,47,0
3,-3,1,1,47,0
-3,-4,2,1,47,0
-7,5,9,1,47,0
-2,0,12,1,47,0
1,-7,23,1,47,0
-4,2,34,1,47,0
9,1,3,1,47,0
-7,6,11,1,47,0
1,-8,17,1,47,0
-1,0,18,1,47,0
-3,2,39,1,47,0
4,-7,46,1,47,0
-6,-4,46,1,47,0
8,1,9,1,47,0
0,-6,14,1,47,0
-6,6,19,1,47,0
3,-5,35,1,47,0
-2,2,46,1,47,0
6,0,18,1,47,0
0,-7,14,1,47,0
7,1,19,1,47,0
-5,6,25,1,47,0
8,2,27,1,47,0
8,-1,35,1,47,0
2,6,46,1,47,0
-1,3,4,1,47,0
5,0,12,1,47,0
0,-8,7,1,47,0
-2,4,11,1,47,0
-5,-4,16,1,47,0
7,2,25,1,47,0
8,3,28,1,47,0
-4,6,31,1,47,0
3,-7,36,1,47,0
8,-2,47,1,47,0
1,6,41,1,47,0
4,0,6,1,47,0
-2,5,18,1,47,0
2,-5,29,1,47,0
7,3,33,1,47,0
-3,6,34,1,47,0
-8,-4,34,1,47,0
0,6,34,1,47,0
-2,6,19,1,47,0
7,-1,39,1,47,0
3,0,23,1,47,0
7,4,39,1,47,0
-3,7,41,1,47,0
8,5,46,1,47,0
5,-5,46,1,47,0
-4,-4,9,1,48,0
-1,6,28,1,48,0
2,-7,29,1,48,0
3,1,29,1,48,0
2,0,35,1,48,0
4,2,37,1,48,0
-3,8,44,1,48,0
-2,7,47,1,48,0
7,5,47,1,48,0
5,3,47,1,48,0
7,-2,48,1,48,0
-7,3,13,1,48,0
3,-1,17,1,48,0
-6,2,21,1,48,0
1,-5,22,1,48,0
3,2,36,1,48,0
-7,-4,39,1,48,0
1,0,41,1,48,0
4,3,46,1,48,0
-7,4,6,1,48,0
-3,0,6,1,48,0
3,-2,8,1,48,0
6,-1,22,1,48,0
-5,2,28,1,48,0
4,-5,41,1,48,0
0,0,47,1,48,0
3,-3,1,1,48,0
-3,-4,2,1,48,0
-7,5,9,1,48,0
-2,0,12,1,48,0
1,-7,23,1,48,0
-4,2,34,1,48,0
9,1,3,1,48,0
-7,6,11,1,48,0
1,-8,17,1,48,0
-1,0,18,1,48,0
-3,2,39,1,48,0
-6,-4,46,1,48,0
4,-7,47,1,48,0
8,1,9,1,48,0
0,-6,14,1,48,0
-6,6,19,1,48,0
3,-5,35,1,48,0
-2,2,46,1,48,0
6,0,18,1,48,0
0,-7,14,1,48,0
7,1,19,1,48,0
-5,6,25,1,48,0
8,2,27,1,48,0
8,-1,35,1,48,0
-1,2,47,1,48,0
2,6,47,1,48,0
-1,3,4,1,48,0
5,0,12,1,48,0
0,-8,7,1,48,0
-2,4,11,1,48,0
7,2,25,1,48,0
8,3,28,1,48,0
-4,6,31,1,48,0
3,-7,36,1,48,0
8,-2,47,1,48,0
1,6,41,1,48,0
-5,-4,47,1,48,0
4,0,6,1,48,0
-2,5,18,1,48,0
2,-5,29,1,48,0
7,3,33,1,48,0
-3,6,34,1,48,0
-8,-4,34,1,48,0
0,6,34,1,48,0
-2,6,19,1,48,0
7,-1,39,1,48,0
3,0,23,1,48,0
7,4,39,1,48,0
-3,7,41,1,48,0
8,5,46,1,48,0
5,-5,47,1,48,0
-4,-4,9,1,49,0
-1,6,28,1,49,0
2,-7,29,1,49,0
3,1,29,1,49,0
2,0,35,1,49,0
4,2,37,1,49,0
-3,8,44,1,49,0
5,3,47,1,49,0
7,-2,48,1,49,0
-2,7,48,1,49,0
7,5,48,1,49,0
-7,3,13,1,49,0
3,-1,17,1,49,0
-6,2,21,1,49,0
1,-5,22,1,49,0
3,2,36,1,49,0
-7,-4,39,1,49,0
1,0,41,1,49,0
4,3,46,1,49,0
5,4,48,1,49,0
7,-3,49,1,49,0
-7,4,6,1,49,0
-3,0,6,1,49,0
3,-2,8,1,49,0
6,-1,22,1,49,0
-5,2,28,1,49,0
4,-5,41,1,49,0
0,0,48,1,49,0
3,-3,1,1,49,0
-3,-4,2,1,49,0
-7,5,9,1,49,0
-2,0,12,1,49,0
1,-7,23,1,49,0
-4,2,34,1,49,0
9,1,3,1,49,0
-7,6,11,1,49,0
1,-8,17,1,49,0
-1,0,18,1,49,0
-3,2,39,1,49,0
-6,-4,46,1,49,0
4,-7,48,1,49,0
8,1,9,1,49,0
0,-6,14,1,49,0
-6,6,19,1,49,0
3,-5,35,1,49,0
-2,2,46,1,49,0
3,6,48,1,49,0
6,0,18,1,49,0
0,-7,14,1,49,0
7,1,19,1,49,0
-5,6,25,1,49,0
8,2,27,1,49,0
8,-1,35,1,49,0
2,6,47,1,49,0
6,-5,48,1,49,0
-1,2,48,1,49,0
-1,3,4,1,49,0
5,0,12,1,49,0
0,-8,7,1,49,0
-2,4,11,1,49,0
7,2,25,1,49,0
8,3,28,1,49,0
-4,6,31,1,49,0
3,-7,36,1,49,0
8,-2,47,1,49,0
1,6,41,1,49,0
-5,-4,48,1,49,0
4,0,6,1,49,0
-2,5,18,1,49,0
2,-5,29,1,49,0
7,3,33,1,49,0
-3,6,34,1,49,0
-8,-4,34,1,49,0
0,6,34,1,49,0
-2,6,19,1,49,0
7,-1,39,1,49,0
3,0,23,1,49,0
7,4,39,1,49,0
-3,7,41,1,49,0
8,5,46,1,49,0
5,-5,47,1,49,0
-4,-4,9,1,50,0
-1,6,28,1,50,0
2,-7,29,1,50,0
3,1,29,1,50,0
2,0,35,1,50,0
4,2,37,1,50,0
-3,8,44,1,50,0
5,3,47,1,50,0
7,-2,48,1,50,0
-2,7,49,1,50,0
7,5,49,1,50,0
-7,3,13,1,50,0
3,-1,17,1,50,0
-6,2,21,1,50,0
1,-5,22,1,50,0
3,2,36,1,50,0
-7,-4,39,1,50,0
1,0,41,1,50,0
4,3,46,1,50,0
7,-3,49,1,50,0
5,4,49,1,50,0
-7,4,6,1,50,0
-3,0,6,1,50,0
3,-2,8,1,50,0
6,-1,22,1,50,0
-5,2,28,1,50,0
4,-5,41,1,50,0
0,0,48,1,50,0
3,-3,1,1,50,0
-3,-4,2,1,50,0
-7,5,9,1,50,0
-2,0,12,1,50,0
1,-7,23,1,50,0
-4,2,34,1,50,0
9,1,3,1,50,0
-7,6,11,1,50,0
1,-8,17,1,50,0
-3,2,39,1,50,0
-6,-4,46,1,50,0
4,-7,49,1,50,0
-1,0,49,1,50,0
8,1,9,1,50,0
0,-6,14,1,50,0
-6,6,19,1,50,0
3,-5,35,1,50,0
-2,2,46,1,50,0
3,6,49,1,50,0
6,0,18,1,50,0
0,-7,14,1,50,0
7,1,19,1,50,0
-5,6,25,1,50,0
8,2,27,1,50,0
8,-1,35,1,50,0
2,6,47,1,50,0
6,-5,49,1,50,0
-1,2,49,1,50,0
-1,3,4,1,50,0
5,0,12,1,50,0
0,-8,7,1,50,0
-2,4,11,1,50,0
7,2,25,1,50,0
8,3,28,1,50,0
-4,6,31,1,50,0
3,-7,36,1,50,0
8,-2,47,1,50,0
1,6,41,1,50,0
-5,-4,49,1,50,0
4,0,6,1,50,0
-2,5,18,1,50,0
2,-5,29,1,50,0
7,3,33,1,50,0
-3,6,34,1,50,0
-8,-4,34,1,50,0
0,6,34,1,50,0
-2,6,19,1,50,0
7,-1,39,1,50,0
3,0,23,1,50,0
7,4,39,1,50,0
-3,7,41,1,50,0
8,5,46,1,50,0
5,-5,47,1,50,0
-4,-4,9,1,51,0
-1,6,28,1,51,0
2,-7,29,1,51,0
3,1,29,1,51,0
2,0,35,1,51,0
4,2,37,1,51,0
-3,8,44,1,51,0
5,3,47,1,51,0
7,-2,48,1,51,0
-2,7,49,1,51,0
7,5,49,1,51,0
-7,3,13,1,51,0
3,-1,17,1,51,0
-6,2,21,1,51,0
1,-5,22,1,51,0
3,2,36,1,51,0
-7,-4,39,1,51,0
1,0,41,1,51,0
4,3,46,1,51,0
7,-3,51,1,51,0
5,4,49,1,51,0
-7,4,6,1,51,0
-3,0,6,1,51,0
3,-2,8,1,51,0
6,-1,22,1,51,0
-5,2,28,1,51,0
4,-5,41,1,51,0
0,0,48,1,51,0
3,-3,1,1,51,0
-3,-4,2,1,51,0
-7,5,9,1,51,0
-2,0,12,1,51,0
1,-7,23,1,51,0
-4,2,34,1,51,0
9,1,3,1,51,0
-7,6,11,1,51,0
1,-8,17,1,51,0
-3,2,39,1,51,0
-6,-4,46,1,51,0
4,-7,49,1,51,0
-1,0,49,1,51,0
8,1,9,1,51,0
0,-6,14,1,51,0
-6,6,19,1,51,0
3,-5,35,1,51,0
-2,2,46,1,51,0
3,6,49,1,51,0
6,0,18,1,51,0
0,-7,14,1,51,0
7,1,19,1,51,0
-5,6,25,1,51,0
8,2,27,1,51,0
8,-1,35,1,51,0
2,6,47,1,51,0
6,-5,49,1,51,0
-1,2,49,1,51,0
-1,3,4,1,51,0
5,0,12,1,51,0
0,-8,7,1,51,0
-2,4,11,1,51,0
7,2,25,1,51,0
8,3,28,1,51,0
-4,6,31,1,51,0
3,-7,36,1,51,0
8,-2,47,1,51,0
1,6,41,1,51,0
-5,-4,49,1,51,0
4,0,6,1,51,0
-2,5,18,1,51,0
2,-5,29,1,51,0
7,3,33,1,51,0
-3,6,34,1,51,0
-8,-4,34,1,51,0
0,6,34,1,51,0
-2,6,19,1,51,0
7,-1,39,1,51,0
3,0,23,1,51,0
7,4,39,1,51,0
-3,7,41,1,51,0
8,5,46,1,51,0
5,-5,47,1,51,0
-4,-4,9,1,52,0
-1,6,28,1,52,0
2,-7,29,1,52,0
3,1,29,1,52,0
2,0,35,1,52,0
4,2,37,1,52,0
-3,8,44,1,52,0
5,3,47,1,52,0
7,-2,48,1,52,0
-2,7,51,1,52,0
7,5,51,1,52,0
-7,3,13,1,52,0
3,-1,17,1,52,0
-6,2,21,1,52,0
1,-5,22,1,52,0
3,2,36,1,52,0
-7,-4,39,1,52,0
1,0,41,1,52,0
4,3,46,1,52,0
7,-3,52,1,52,0
5,4,51,1,52,0
-7,4,6,1,52,0
-3,0,6,1,52,0
3,-2,8,1,52,0
6,-1,22,1,52,0
-5,2,28,1,52,0
4,-5,41,1,52,0
0,0,48,1,52,0
3,-3,1,1,52,0
-3,-4,2,1,52,0
-7,5,9,1,52,0
-2,0,12,1,52,0
1,-7,23,1,52,0
-4,2,34,1,52,0
9,1,3,1,52,0
-7,6,11,1,52,0
1,-8,17,1,52,0
-3,2,39,1,52,0
-6,-4,46,1,52,0
4,-7,49,1,52,0
-1,0,51,1,52,0
8,1,9,1,52,0
0,-6,14,1,52,0
-6,6,19,1,52,0
3,-5,35,1,52,0
-2,2,46,1,52,0
3,6,51,1,52,0
6,0,18,1,52,0
0,-7,14,1,52,0
7,1,19,1,52,0
-5,6,25,1,52,0
8,2,27,1,52,0
8,-1,35,1,52,0
2,6,47,1,52,0
6,-5,51,1,52,0
-1,2,51,1,52,0
-1,3,4,1,52,0
5,0,12,1,52,0
0,-8,7,1,52,0
-2,4,11,1,52,0
7,2,25,1,52,0
8,3,28,1,52,0
-4,6,31,1,52,0
3,-7,36,1,52,0
8,-2,47,1,52,0
1,6,41,1,52,0
-5,-4,51,1,52,0
4,0,6,1,52,0
-2,5,18,1,52,0
2,-5,29,1,52,0
7,3,33,1,52,0
-3,6,34,1,52,0
-8,-4,34,1,52,0
0,6,34,1,52,0
-2,6,19,1,52,0
7,-1,39,1,52,0
3,0,23,1,52,0
7,4,39,1,52,0
-3,7,41,1,52,0
8,5,46,1,52,0
5,-5,47,1,52,0
-4,-4,9,1,53,0
-1,6,28,1,53,0
2,-7,29,1,53,0
3,1,29,1,53,0
2,0,35,1,53,0
4,2,37,1,53,0
-3,8,44,1,53,0
5,3,47,1,53,0
7,-2,48,1,53,0
-2,7,52,1,53,0
7,5,52,1,53,0
-7,3,13,1,53,0
3,-1,17,1,53,0
-6,2,21,1,53,0
1,-5,22,1,53,0
3,2,36,1,53,0
-7,-4,39,1,53,0
1,0,41,1,53,0
4,3,46,1,53,0
7,-3,53,1,53,0
5,4,52,1,53,0
-7,4,6,1,53,0
-3,0,6,1,53,0
3,-2,8,1,53,0
6,-1,22,1,53,0
-5,2,28,1,53,0
4,-5,41,1,53,0
0,0,48,1,53,0
3,-3,1,1,53,0
-3,-4,2,1,53,0
-7,5,9,1,53,0
-2,0,12,1,53,0
1,-7,23,1,53,0
-4,2,34,1,53,0
9,1,3,1,53,0
-7,6,11,1,53,0
1,-8,17,1,53,0
-3,2,39,1,53,0
-6,-4,46,1,53,0
4,-7,52,1,53,0
-1,0,52,1,53,0
8,1,9,1,53,0
0,-6,14,1,53,0
-6,6,19,1,53,0
3,-5,35,1,53,0
-2,2,46,1,53,0
3,6,52,1,53,0
6,0,18,1,53,0
0,-7,14,1,53,0
7,1,19,1,53,0
-5,6,25,1,53,0
8,2,27,1,53,0
8,-1,35,1,53,0
2,6,47,1,53,0
6,-5,52,1,53,0
-1,2,52,1,53,0
-1,3,4,1,53,0
5,0,12,1,53,0
0,-8,7,1,53,0
-2,4,11,1,53,0
7,2,25,1,53,0
8,3,28,1,53,0
-4,6,31,1,53,0
3,-7,36,1,53,0
8,-2,47,1,53,0
1,6,41,1,53,0
-5,-4,52,1,53,0
4,0,6,1,53,0
-2,5,18,1,53,0
2,-5,29,1,53,0
7,3,33,1,53,0
-3,6,34,1,53,0
-8,-4,34,1,53,0
0,6,34,1,53,0
-2,6,19,1,53,0
7,-1,39,1,53,0
3,0,23,1,53,0
7,4,39,1,53,0
-3,7,41,1,53,0
8,5,46,1,53,0
5,-5,47,1,53,0
-4,-4,9,1,54,0
-1,6,28,1,54,0
2,-7,29,1,54,0
3,1,29,1,54,0
2,0,35,1,54,0
4,2,37,1,54,0
-3,8,44,1,54,0
5,3,47,1,54,0
7,-2,48,1,54,0
-2,7,52,1,54,0
7,5,53,1,54,0
-7,3,13,1,54,0
3,-1,17,1,54,0
-6,2,21,1,54,0
1,-5,22,1,54,0
3,2,36,1,54,0
-7,-4,39,1,54,0
1,0,41,1,54,0
4,3,46,1,54,0
7,-3,54,1,54,0
-1,7,53,1,54,0
5,4,53,1,54,0
-7,4,6,1,54,0
-3,0,6,1,54,0
3,-2,8,1,54,0
6,-1,22,1,54,0
-5,2,28,1,54,0
4,-5,41,1,54,0
0,0,48,1,54,0
3,-3,1,1,54,0
-3,-4,2,1,54,0
-7,5,9,1,54,0
-2,0,12,1,54,0
1,-7,23,1,54,0
-4,2,34,1,54,0
9,1,3,1,54,0
-7,6,11,1,54,0
1,-8,17,1,54,0
-3,2,39,1,54,0
-6,-4,46,1,54,0
4,-7,53,1,54,0
-1,0,53,1,54,0
8,1,9,1,54,0
0,-6,14,1,54,0
-6,6,19,1,54,0
3,-5,35,1,54,0
-2,2,46,1,54,0
3,6,53,1,54,0
6,0,18,1,54,0
0,-7,14,1,54,0
7,1,19,1,54,0
-5,6,25,1,54,0
8,2,27,1,54,0
8,-1,35,1,54,0
2,6,47,1,54,0
6,-5,53,1,54,0
-1,2,53,1,54,0
-1,3,4,1,54,0
5,0,12,1,54,0
0,-8,7,1,54,0
-2,4,11,1,54,0
7,2,25,1,54,0
8,3,28,1,54,0
-4,6,31,1,54,0
3,-7,36,1,54,0
8,-2,47,1,54,0
1,6,41,1,54,0
-5,-4,53,1,54,0
4,0,6,1,54,0
-2,5,18,1,54,0
2,-5,29,1,54,0
7,3,33,1,54,0
-3,6,34,1,54,0
-8,-4,34,1,54,0
0,6,34,1,54,0
-2,6,19,1,54,0
7,-1,39,1,54,0
3,0,23,1,54,0
7,4,39,1,54,0
-3,7,41,1,54,0
8,5,46,1,54,0
5,-5,47,1,54,0
-1,6,28,1,55,0
2,-7,29,1,55,0
3,1,29,1,55,0
2,0,35,1,55,0
4,2,37,1,55,0
-3,8,44,1,55,0
5,3,47,1,55,0
7,-2,48,1,55,0
-2,7,52,1,55,0
7,5,53,1,55,0
-4,-4,54,1,55,0
-7,3,13,1,55,0
3,-1,17,1,55,0
-6,2,21,1,55,0
1,-5,22,1,55,0
3,2,36,1,55,0
-7,-4,39,1,55,0
1,0,41,1,55,0
4,3,46,1,55,0
7,-3,54,1,55,0
-1,7,54,1,55,0
7,6,54,1,55,0
5,4,54,1,55,0
-7,4,6,1,55,0
-3,0,6,1,55,0
3,-2,8,1,55,0
6,-1,22,1,55,0
-5,2,28,1,55,0
4,-5,41,1,55,0
0,0,48,1,55,0
7,-4,55,1,55,0
3,-3,1,1,55,0
-3,-4,2,1,55,0
-7,5,9,1,55,0
-2,0,12,1,55,0
1,-7,23,1,55,0
-4,2,34,1,55,0
9,1,3,1,55,0
-7,6,11,1,55,0
1,-8,17,1,55,0
-3,2,39,1,55,0
-6,-4,46,1,55,0
4,-7,54,1,55,0
0,2,54,1,55,0
4,6,54,1,55,0
-1,0,54,1,55,0
8,1,9,1,55,0
0,-6,14,1,55,0
-6,6,19,1,55,0
3,-5,35,1,55,0
-2,2,46,1,55,0
3,6,53,1,55,0
6,0,18,1,55,0
0,-7,14,1,55,0
7,1,19,1,55,0
-5,6,25,1,55,0
8,2,27,1,55,0
8,-1,35,1,55,0
2,6,47,1,55,0
-1,2,53,1,55,0
6,-5,54,1,55,0
-1,3,4,1,55,0
5,0,12,1,55,0
0,-8,7,1,55,0
-2,4,11,1,55,0
7,2,25,1,55,0
8,3,28,1,55,0
-4,6,31,1,55,0
3,-7,36,1,55,0
8,-2,47,1,55,0
1,6,41,1,55,0
-5,-4,53,1,55,0
4,0,6,1,55,0
-2,5,18,1,55,0
2,-5,29,1,55,0
7,3,33,1,55,0
-3,6,34,1,55,0
-8,-4,34,1,55,0
0,6,34,1,55,0
-2,6,19,1,55,0
7,-1,39,1,55,0
3,0,23,1,55,0
7,4,39,1,55,0
-3,7,41,1,55,0
8,5,46,1,55,0
5,-5,47,1,55,0
-1,6,28,1,56,0
2,-7,29,1,56,0
3,1,29,1,56,0
2,0,35,1,56,0
4,2,37,1,56,0
-3,8,44,1,56,0
5,3,47,1,56,0
7,-2,48,1,56,0
-2,7,52,1,56,0
7,5,53,1,56,0
-4,-4,55,1,56,0
-7,3,13,1,56,0
3,-1,17,1,56,0
-6,2,21,1,56,0
1,-5,22,1,56,0
3,2,36,1,56,0
-7,-4,39,1,56,0
1,0,41,1,56,0
4,3,46,1,56,0
7,-3,54,1,56,0
-1,7,54,1,56,0
7,6,55,1,56,0
5,4,55,1,56,0
-7,4,6,1,56,0
-3,0,6,1,56,0
3,-2,8,1,56,0
6,-1,22,1,56,0
-5,2,28,1,56,0
4,-5,41,1,56,0
0,0,48,1,56,0
7,-4,56,1,56,0
-1,8,55,1,56,0
3,-3,1,1,56,0
-3,-4,2,1,56,0
-7,5,9,1,56,0
1,-7,23,1,56,0
-4,2,34,1,56,0
4,-6,55,1,56,0
7,-5,55,1,56,0
0,1,55,1,56,0
-2,0,55,1,56,0
9,1,3,1,56,0
-7,6,11,1,56,0
1,-8,17,1,56,0
-3,2,39,1,56,0
-6,-4,46,1,56,0
4,-7,54,1,56,0
0,2,54,1,56,0
-1,0,54,1,56,0
4,6,55,1,56,0
8,1,9,1,56,0
0,-6,14,1,56,0
-6,6,19,1,56,0
3,-5,35,1,56,0
-2,2,46,1,56,0
3,6,53,1,56,0
6,0,18,1,56,0
0,-7,14,1,56,0
7,1,19,1,56,0
-5,6,25,1,56,0
8,2,27,1,56,0
8,-1,35,1,56,0
2,6,47,1,56,0
-1,2,53,1,56,0
6,-5,54,1,56,0
-1,3,4,1,56,0
5,0,12,1,56,0
0,-8,7,1,56,0
-2,4,11,1,56,0
7,2,25,1,56,0
8,3,28,1,56,0
-4,6,31,1,56,0
3,-7,36,1,56,0
8,-2,47,1,56,0
1,6,41,1,56,0
-5,-4,53,1,56,0
4,0,6,1,56,0
-2,5,18,1,56,0
2,-5,29,1,56,0
7,3,33,1,56,0
-3,6,34,1,56,0
-8,-4,34,1,56,0
0,6,34,1,56,0
-2,6,19,1,56,0
7,-1,39,1,56,0
3,0,23,1,56,0
7,4,39,1,56,0
-3,7,41,1,56,0
8,5,46,1,56,0
5,-5,47,1,56,0
-1,6,28,1,57,0
2,-7,29,1,57,0
3,1,29,1,57,0
2,0,35,1,57,0
4,2,37,1,57,0
-3,8,44,1,57,0
5,3,47,1,57,0
7,-2,48,1,57,0
-2,7,52,1,57,0
7,5,53,1,57,0
6,4,56,1,57,0
-4,-4,56,1,57,0
-7,3,13,1,57,0
3,-1,17,1,57,0
-6,2,21,1,57,0
1,-5,22,1,57,0
3,2,36,1,57,0
-7,-4,39,1,57,0
1,0,41,1,57,0
4,3,46,1,57,0
7,-3,54,1,57,0
-1,7,54,1,57,0
5,4,55,1,57,0
7,6,56,1,57,0
-7,4,6,1,57,0
-3,0,6,1,57,0
3,-2,8,1,57,0
6,-1,22,1,57,0
-5,2,28,1,57,0
4,-5,41,1,57,0
0,0,48,1,57,0
7,-4,56,1,57,0
-1,8,56,1,57,0
3,-3,1,1,57,0
-3,-4,2,1,57,0
-7,5,9,1,57,0
1,-7,23,1,57,0
-4,2,34,1,57,0
4,-6,56,1,57,0
7,-5,56,1,57,0
0,1,56,1,57,0
-2,0,56,1,57,0
9,1,3,1,57,0
-7,6,11,1,57,0
1,-8,17,1,57,0
-3,2,39,1,57,0
-6,-4,46,1,57,0
4,-7,54,1,57,0
0,2,54,1,57,0
-1,0,54,1,57,0
4,6,56,1,57,0
8,1,9,1,57,0
0,-6,14,1,57,0
-6,6,19,1,57,0
3,-5,35,1,57,0
-2,2,46,1,57,0
3,6,53,1,57,0
6,0,18,1,57,0
0,-7,14,1,57,0
7,1,19,1,57,0
-5,6,25,1,57,0
8,2,27,1,57,0
8,-1,35,1,57,0
2,6,47,1,57,0
-1,2,53,1,57,0
6,-5,54,1,57,0
-1,3,4,1,57,0
5,0,12,1,57,0
0,-8,7,1,57,0
-2,4,11,1,57,0
7,2,25,1,57,0
8,3,28,1,57,0
-4,6,31,1,57,0
3,-7,36,1,57,0
8,-2,47,1,57,0
1,6,41,1,57,0
-5,-4,53,1,57,0
4,0,6,1,57,0
-2,5,18,1,57,0
2,-5,29,1,57,0
7,3,33,1,57,0
-3,6,34,1,57,0
-8,-4,34,1,57,0
0,6,34,1,57,0
-2,6,19,1,57,0
7,-1,39,1,57,0
3,0,23,1,57,0
7,4,39,1,57,0
-3,7,41,1,57,0
8,5,46,1,57,0
5,-5,47,1,57,0
8,-4,57,1,57,0
-1,6,28,1,58,0
2,-7,29,1,58,0
3,1,29,1,58,0
2,0,35,1,58,0
4,2,37,1,58,0
-3,8,44,1,58,0
5,3,47,1,58,0
7,-2,48,1,58,0
-2,7,52,1,58,0
7,5,53,1,58,0
6,4,57,1,58,0
-4,-4,57,1,58,0
-7,3,13,1,58,0
3,-1,17,1,58,0
-6,2,21,1,58,0
1,-5,22,1,58,0
3,2,36,1,58,0
-7,-4,39,1,58,0
1,0,41,1,58,0
4,3,46,1,58,0
7,-3,54,1,58,0
-1,7,54,1,58,0
5,4,55,1,58,0
7,6,57,1,58,0
-7,4,6,1,58,0
-3,0,6,1,58,0
3,-2,8,1,58,0
6,-1,22,1,58,0
-5,2,28,1,58,0
4,-5,41,1,58,0
0,0,48,1,58,0
7,-4,56,1,58,0
-1,8,57,1,58,0
3,-3,1,1,58,0
-3,-4,2,1,58,0
-7,5,9,1,58,0
1,-7,23,1,58,0
-4,2,34,1,58,0
4,-6,56,1,58,0
0,1,56,1,58,0
7,-5,57,1,58,0
-2,0,57,1,58,0
9,1,3,1,58,0
-7,6,11,1,58,0
1,-8,17,1,58,0
-3,2,39,1,58,0
-6,-4,46,1,58,0
-1,0,54,1,58,0
4,-7,57,1,58,0
0,2,57,1,58,0
4,6,57,1,58,0
8,1,9,1,58,0
0,-6,14,1,58,0
-6,6,19,1,58,0
3,-5,35,1,58,0
-2,2,46,1,58,0
3,6,53,1,58,0
6,0,18,1,58,0
0,-7,14,1,58,0
7,1,19,1,58,0
-5,6,25,1,58,0
8,2,27,1,58,0
8,-1,35,1,58,0
2,6,47,1,58,0
-1,2,53,1,58,0
6,-5,54,1,58,0
-1,3,4,1,58,0
5,0,12,1,58,0
0,-8,7,1,58,0
-2,4,11,1,58,0
7,2,25,1,58,0
8,3,28,1,58,0
-4,6,31,1,58,0
3,-7,36,1,58,0
8,-2,47,1,58,0
1,6,41,1,58,0
-5,-4,53,1,58,0
4,0,6,1,58,0
-2,5,18,1,58,0
2,-5,29,1,58,0
7,3,33,1,58,0
-3,6,34,1,58,0
-8,-4,34,1,58,0
0,6,34,1,58,0
-2,6,19,1,58,0
7,-1,39,1,58,0
3,0,23,1,58,0
7,4,39,1,58,0
-3,7,41,1,58,0
8,5,46,1,58,0
5,-5,47,1,58,0
8,-4,58,1,58,0
-1,6,28,1,59,0
2,-7,29,1,59,0
3,1,29,1,59,0
2,0,35,1,59,0
4,2,37,1,59,0
-3,8,44,1,59,0
5,3,47,1,59,0
7,-2,48,1,59,0
-2,7,52,1,59,0
7,5,53,1,59,0
6,4,58,1,59,0
-4,-4,58,1,59,0
-7,3,13,1,59,0
3,-1,17,1,59,0
-6,2,21,1,59,0
1,-5,22,1,59,0
3,2,36,1,59,0
-7,-4,39,1,59,0
1,0,41,1,59,0
4,3,46,1,59,0
7,-3,54,1,59,0
-1,7,54,1,59,0
5,4,55,1,59,0
5,-7,58,1,59,0
7,6,58,1,59,0
-7,4,6,1,59,0
-3,0,6,1,59,0
3,-2,8,1,59,0
6,-1,22,1,59,0
-5,2,28,1,59,0
4,-5,41,1,59,0
0,0,48,1,59,0
7,-4,59,1,59,0
-1,8,58,1,59,0
3,-3,1,1,59,0
-3,-4,2,1,59,0
-7,5,9,1,59,0
1,-7,23,1,59,0
-4,2,34,1,59,0
4,-6,56,1,59,0
0,1,56,1,59,0
7,-5,58,1,59,0
-2,0,58,1,59,0
9,1,3,1,59,0
-7,6,11,1,59,0
1,-8,17,1,59,0
-3,2,39,1,59,0
-6,-4,46,1,59,0
-1,0,54,1,59,0
4,-7,57,1,59,0
0,2,58,1,59,0
4,6,58,1,59,0
8,1,9,1,59,0
0,-6,14,1,59,0
-6,6,19,1,59,0
3,-5,35,1,59,0
-2,2,46,1,59,0
3,6,53,1,59,0
6,0,18,1,59,0
0,-7,14,1,59,0
7,1,19,1,59,0
-5,6,25,1,59,0
8,2,27,1,59,0
8,-1,35,1,59,0
2,6,47,1,59,0
-1,2,53,1,59,0
6,-5,54,1,59,0
-1,3,4,1,59,0
5,0,12,1,59,0
0,-8,7,1,59,0
-2,4,11,1,59,0
7,2,25,1,59,0
8,3,28,1,59,0
-4,6,31,1,59,0
3,-7,36,1,59,0
8,-2,47,1,59,0
1,6,41,1,59,0
-5,-4,53,1,59,0
4,0,6,1,59,0
-2,5,18,1,59,0
2,-5,29,1,59,0
7,3,33,1,59,0
-3,6,34,1,59,0
-8,-4,34,1,59,0
0,6,34,1,59,0
-2,6,19,1,59,0
7,-1,39,1,59,0
3,0,23,1,59,0
7,4,39,1,59,0
-3,7,41,1,59,0
8,5,46,1,59,0
5,-5,47,1,59,0
8,-4,58,1,59,0
-1,6,28,1,60,0
2,-7,29,1,60,0
3,1,29,1,60,0
2,0,35,1,60,0
4,2,37,1,60,0
-3,8,44,1,60,0
5,3,47,1,60,0
7,-2,48,1,60,0
-2,7,52,1,60,0
7,5,53,1,60,0
6,4,58,1,60,0
-4,-4,59,1,60,0
-7,3,13,1,60,0
3,-1,17,1,60,0
-6,2,21,1,60,0
1,-5,22,1,60,0
3,2,36,1,60,0
-7,-4,39,1,60,0
1,0,41,1,60,0
4,3,46,1,60,0
7,-3,54,1,60,0
5,4,55,1,60,0
-1,7,59,1,60,0
5,-7,59,1,60,0
7,6,59,1,60,0
6,5,59,1,60,0
-7,4,6,1,60,0
-3,0,6,1,60,0
3,-2,8,1,60,0
6,-1,22,1,60,0
-5,2,28,1,60,0
4,-5,41,1,60,0
0,0,48,1,60,0
7,-4,59,1,60,0
-1,8,58,1,60,0
3,-3,1,1,60,0
-3,-4,2,1,60,0
-7,5,9,1,60,0
1,-7,23,1,60,0
-4,2,34,1,60,0
4,-6,56,1,60,0
0,1,56,1,60,0
7,-5,59,1,60,0
-2,0,59,1,60,0
9,1,3,1,60,0
-7,6,11,1,60,0
1,-8,17,1,60,0
-3,2,39,1,60,0
-6,-4,46,1,60,0
-1,0,54,1,60,0
4,-7,57,1,60,0
0,2,59,1,60,0
4,6,59,1,60,0
8,1,9,1,60,0
0,-6,14,1,60,0
-6,6,19,1,60,0
3,-5,35,1,60,0
-2,2,46,1,60,0
3,6,53,1,60,0
6,0,18,1,60,0
0,-7,14,1,60,0
7,1,19,1,60,0
-5,6,25,1,60,0
8,2,27,1,60,0
8,-1,35,1,60,0
2,6,47,1,60,0
-1,2,53,1,60,0
6,-5,54,1,60,0
-1,3,4,1,60,0
5,0,12,1,60,0
0,-8,7,1,60,0
-2,4,11,1,60,0
7,2,25,1,60,0
8,3,28,1,60,0
-4,6,31,1,60,0
3,-7,36,1,60,0
8,-2,47,1,60,0
1,6,41,1,60,0
-5,-4,53,1,60,0
4,0,6,1,60,0
-2,5,18,1,60,0
2,-5,29,1,60,0
7,3,33,1,60,0
-3,6,34,1,60,0
-8,-4,34,1,60,0
0,6,34,1,60,0
-2,6,19,1,60,0
7,-1,39,1,60,0
3,0,23,1,60,0
7,4,39,1,60,0
-3,7,41,1,60,0
8,5,46,1,60,0
5,-5,47,1,60,0
8,-4,58,1,60,0
-1,6,28,1,61,0
2,-7,29,1,61,0
3,1,29,1,61,0
2,0,35,1,61,0
4,2,37,1,61,0
-3,8,44,1,61,0
5,3,47,1,61,0
7,-2,48,1,61,0
-2,7,52,1,61,0
7,5,53,1,61,0
6,4,58,1,61,0
-4,-4,59,1,61,0
-7,3,13,1,61,0
3,-1,17,1,61,0
-6,2,21,1,61,0
1,-5,22,1,61,0
3,2,36,1,61,0
-7,-4,39,1,61,0
1,0,41,1,61,0
4,3,46,1,61,0
7,-3,54,1,61,0
5,4,55,1,61,0
-1,7,59,1,61,0
5,-7,59,1,61,0
7,6,59,1,61,0
6,5,59,1,61,0
-7,4,6,1,61,0
-3,0,6,1,61,0
3,-2,8,1,61,0
6,-1,22,1,61,0
-5,2,28,1,61,0
4,-5,41,1,61,0
0,0,48,1,61,0
7,-4,61,1,61,0
-1,8,58,1,61,0
3,-3,1,1,61,0
-3,-4,2,1,61,0
-7,5,9,1,61,0
1,-7,23,1,61,0
-4,2,34,1,61,0
4,-6,56,1,61,0
0,1,56,1,61,0
7,-5,59,1,61,0
-2,0,59,1,61,0
9,1,3,1,61,0
-7,6,11,1,61,0
1,-8,17,1,61,0
-3,2,39,1,61,0
-6,-4,46,1,61,0
-1,0,54,1,61,0
4,-7,57,1,61,0
0,2,59,1,61,0
4,6,59,1,61,0
8,1,9,1,61,0
0,-6,14,1,61,0
-6,6,19,1,61,0
3,-5,35,1,61,0
-2,2,46,1,61,0
3,6,53,1,61,0
6,0,18,1,61,0
0,-7,14,1,61,0
7,1,19,1,61,0
-5,6,25,1,61,0
8,2,27,1,61,0
8,-1,35,1,61,0
2,6,47,1,61,0
-1,2,53,1,61,0
6,-5,54,1,61,0
-1,3,4,1,61,0
5,0,12,1,61,0
0,-8,7,1,61,0
-2,4,11,1,61,0
7,2,25,1,61,0
8,3,28,1,61,0
-4,6,31,1,61,0
3,-7,36,1,61,0
8,-2,47,1,61,0
1,6,41,1,61,0
-5,-4,53,1,61,0
4,0,6,1,61,0
-2,5,18,1,61,0
2,-5,29,1,61,0
7,3,33,1,61,0
-3,6,34,1,61,0
-8,-4,34,1,61,0
0,6,34,1,61,0
-2,6,19,1,61,0
7,-1,39,1,61,0
3,0,23,1,61,0
7,4,39,1,61,0
-3,7,41,1,61,0
8,5,46,1,61,0
5,-5,47,1,61,0
8,-4,58,1,61,0
-1,6,28,1,62,0
2,-7,29,1,62,0
3,1,29,1,62,0
2,0,35,1,62,0
4,2,37,1,62,0
-3,8,44,1,62,0
5,3,47,1,62,0
7,-2,48,1,62,0
-2,7,52,1,62,0
7,5,53,1,62,0
6,4,58,1,62,0
-4,-4,59,1,62,0
5,-6,61,1,62,0
-7,3,13,1,62,0
3,-1,17,1,62,0
-6,2,21,1,62,0
1,-5,22,1,62,0
3,2,36,1,62,0
-7,-4,39,1,62,0
1,0,41,1,62,0
4,3,46,1,62,0
7,-3,54,1,62,0
5,4,55,1,62,0
-1,7,59,1,62,0
5,-7,59,1,62,0
7,6,59,1,62,0
6,5,61,1,62,0
-7,4,6,1,62,0
3,-2,8,1,62,0
6,-1,22,1,62,0
-5,2,28,1,62,0
4,-5,41,1,62,0
0,0,48,1,62,0
7,-4,62,1,62,0
-1,8,58,1,62,0
7,7,61,1,62,0
-3,0,61,1,62,0
3,-3,1,1,62,0
-7,5,9,1,62,0
1,-7,23,1,62,0
-4,2,34,1,62,0
4,-6,56,1,62,0
0,1,56,1,62,0
-2,0,59,1,62,0
7,-5,61,1,62,0
1,2,61,1,62,0
-3,-4,61,1,62,0
5,6,61,1,62,0
9,1,3,1,62,0
-7,6,11,1,62,0
1,-8,17,1,62,0
-3,2,39,1,62,0
-6,-4,46,1,62,0
-1,0,54,1,62,0
4,-7,57,1,62,0
0,2,59,1,62,0
4,6,59,1,62,0
8,1,9,1,62,0
0,-6,14,1,62,0
-6,6,19,1,62,0
3,-5,35,1,62,0
-2,2,46,1,62,0
3,6,53,1,62,0
6,0,18,1,62,0
0,-7,14,1,62,0
7,1,19,1,62,0
-5,6,25,1,62,0
8,2,27,1,62,0
8,-1,35,1,62,0
2,6,47,1,62,0
-1,2,53,1,62,0
6,-5,54,1,62,0
-1,3,4,1,62,0
5,0,12,1,62,0
0,-8,7,1,62,0
-2,4,11,1,62,0
7,2,25,1,62,0
8,3,28,1,62,0
-4,6,31,1,62,0
3,-7,36,1,62,0
8,-2,47,1,62,0
1,6,41,1,62,0
-5,-4,53,1,62,0
4,0,6,1,62,0
-2,5,18,1,62,0
2,-5,29,1,62,0
7,3,33,1,62,0
-3,6,34,1,62,0
-8,-4,34,1,62,0
0,6,34,1,62,0
-2,6,19,1,62,0
7,-1,39,1,62,0
3,0,23,1,62,0
7,4,39,1,62,0
-3,7,41,1,62,0
8,5,46,1,62,0
5,-5,47,1,62,0
8,-4,58,1,62,0
0,7,61,1,62,0
-1,6,28,1,63,0
2,-7,29,1,63,0
3,1,29,1,63,0
2,0,35,1,63,0
4,2,37,1,63,0
-3,8,44,1,63,0
5,3,47,1,63,0
7,-2,48,1,63,0
-2,7,52,1,63,0
7,5,53,1,63,0
6,4,58,1,63,0
-4,-4,59,1,63,0
5,-6,62,1,63,0
8,-5,62,1,63,0
-7,3,13,1,63,0
3,-1,17,1,63,0
-6,2,21,1,63,0
1,-5,22,1,63,0
3,2,36,1,63,0
-7,-4,39,1,63,0
1,0,41,1,63,0
4,3,46,1,63,0
7,-3,54,1,63,0
5,4,55,1,63,0
-1,7,59,1,63,0
5,-7,59,1,63,0
7,6,59,1,63,0
6,5,62,1,63,0
-7,4,6,1,63,0
3,-2,8,1,63,0
6,-1,22,1,63,0
-5,2,28,1,63,0
4,-5,41,1,63,0
0,0,48,1,63,0
7,-4,63,1,63,0
-1,8,58,1,63,0
7,7,62,1,63,0
-3,0,62,1,63,0
3,-3,1,1,63,0
-7,5,9,1,63,0
1,-7,23,1,63,0
-4,2,34,1,63,0
4,-6,56,1,63,0
0,1,56,1,63,0
-2,0,59,1,63,0
7,-5,61,1,63,0
1,2,62,1,63,0
-3,-4,62,1,63,0
5,6,62,1,63,0
9,1,3,1,63,0
-7,6,11,1,63,0
1,-8,17,1,63,0
-3,2,39,1,63,0
-6,-4,46,1,63,0
-1,0,54,1,63,0
4,-7,57,1,63,0
0,2,59,1,63,0
4,6,59,1,63,0
8,1,9,1,63,0
0,-6,14,1,63,0
-6,6,19,1,63,0
3,-5,35,1,63,0
-2,2,46,1,63,0
3,6,53,1,63,0
6,0,18,1,63,0
0,-7,14,1,63,0
7,1,19,1,63,0
-5,6,25,1,63,0
8,2,27,1,63,0
8,-1,35,1,63,0
2,6,47,1,63,0
-1,2,53,1,63,0
6,-5,54,1,63,0
-1,3,4,1,63,0
5,0,12,1,63,0
0,-8,7,1,63,0
-2,4,11,1,63,0
7,2,25,1,63,0
8,3,28,1,63,0
-4,6,31,1,63,0
3,-7,36,1,63,0
8,-2,47,1,63,0
1,6,41,1,63,0
-5,-4,53,1,63,0
4,0,6,1,63,0
-2,5,18,1,63,0
2,-5,29,1,63,0
7,3,33,1,63,0
-3,6,34,1,63,0
-8,-4,34,1,63,0
0,6,34,1,63,0
-2,6,19,1,63,0
7,-1,39,1,63,0
3,0,23,1,63,0
7,4,39,1,63,0
-3,7,41,1,63,0
8,5,46,1,63,0
5,-5,47,1,63,0
8,-4,58,1,63,0
0,7,62,1,63,0
-1,6,28,1,64,0
2,-7,29,1,64,0
3,1,29,1,64,0
2,0,35,1,64,0
4,2,37,1,64,0
-3,8,44,1,64,0
5,3,47,1,64,0
7,-2,48,1,64,0
-2,7,52,1,64,0
7,5,53,1,64,0
6,4,58,1,64,0
-4,-4,59,1,64,0
5,-6,63,1,64,0
8,-5,63,1,64,0
-7,3,13,1,64,0
3,-1,17,1,64,0
-6,2,21,1,64,0
1,-5,22,1,64,0
3,2,36,1,64,0
-7,-4,39,1,64,0
1,0,41,1,64,0
4,3,46,1,64,0
7,-3,54,1,64,0
5,4,55,1,64,0
-1,7,59,1,64,0
5,-7,59,1,64,0
7,6,59,1,64,0
6,5,63,1,64,0
-7,4,6,1,64,0
3,-2,8,1,64,0
6,-1,22,1,64,0
-5,2,28,1,64,0
4,-5,41,1,64,0
0,0,48,1,64,0
7,-4,64,1,64,0
-1,8,58,1,64,0
7,7,63,1,64,0
-3,0,63,1,64,0
3,-3,1,1,64,0
-7,5,9,1,64,0
1,-7,23,1,64,0
-4,2,34,1,64,0
4,-6,56,1,64,0
0,1,56,1,64,0
-2,0,59,1,64,0
7,-5,61,1,64,0
1,2,63,1,64,0
-3,-4,63,1,64,0
5,6,63,1,64,0
9,1,3,1,64,0
-7,6,11,1,64,0
1,-8,17,1,64,0
-3,2,39,1,64,0
-6,-4,46,1,64,0
-1,0,54,1,64,0
4,-7,57,1,64,0
0,2,59,1,64,0
4,6,59,1,64,0
8,1,9,1,64,0
0,-6,14,1,64,0
-6,6,19,1,64,0
3,-5,35,1,64,0
-2,2,46,1,64,0
3,6,53,1,64,0
6,0,18,1,64,0
0,-7,14,1,64,0
7,1,19,1,64,0
-5,6,25,1,64,0
8,2,27,1,64,0
8,-1,35,1,64,0
2,6,47,1,64,0
-1,2,53,1,64,0
6,-5,54,1,64,0
-1,3,4,1,64,0
5,0,12,1,64,0
0,-8,7,1,64,0
-2,4,11,1,64,0
7,2,25,1,64,0
8,3,28,1,64,0
-4,6,31,1,64,0
3,-7,36,1,64,0
8,-2,47,1,64,0
1,6,41,1,64,0
-5,-4,53,1,64,0
4,0,6,1,64,0
-2,5,18,1,64,0
2,-5,29,1,64,0
7,3,33,1,64,0
-3,6,34,1,64,0
-8,-4,34,1,64,0
0,6,34,1,64,0
-2,6,19,1,64,0
7,-1,39,1,64,0
3,0,23,1,64,0
7,4,39,1,64,0
-3,7,41,1,64,0
8,5,46,1,64,0
5,-5,47,1,64,0
8,-4,58,1,64,0
0,7,63,1,64,0
-1,6,28,1,65,0
2,-7,29,1,65,0
3,1,29,1,65,0
2,0,35,1,65,0
4,2,37,1,65,0
-3,8,44,1,65,0
5,3,47,1,65,0
7,-2,48,1,65,0
-2,7,52,1,65,0
7,5,53,1,65,0
6,4,58,1,65,0
-4,-4,59,1,65,0
5,-6,64,1,65,0
8,-5,64,1,65,0
-7,3,13,1,65,0
3,-1,17,1,65,0
-6,2,21,1,65,0
1,-5,22,1,65,0
3,2,36,1,65,0
-7,-4,39,1,65,0
1,0,41,1,65,0
4,3,46,1,65,0
7,-3,65,1,65,0
5,4,55,1,65,0
-1,7,59,1,65,0
5,-7,59,1,65,0
7,6,59,1,65,0
6,5,63,1,65,0
-7,4,6,1,65,0
3,-2,8,1,65,0
6,-1,22,1,65,0
-5,2,28,1,65,0
4,-5,41,1,65,0
0,0,48,1,65,0
7,-4,64,1,65,0
-1,8,58,1,65,0
7,7,64,1,65,0
5,5,64,1,65,0
-3,0,64,1,65,0
3,-3,1,1,65,0
-7,5,9,1,65,0
1,-7,23,1,65,0
-4,2,34,1,65,0
4,-6,56,1,65,0
0,1,56,1,65,0
-2,0,59,1,65,0
7,-5,61,1,65,0
5,6,63,1,65,0
1,2,64,1,65,0
-3,-4,64,1,65,0
9,1,3,1,65,0
-7,6,11,1,65,0
1,-8,17,1,65,0
-3,2,39,1,65,0
-6,-4,46,1,65,0
-1,0,54,1,65,0
4,-7,57,1,65,0
0,2,59,1,65,0
4,6,59,1,65,0
8,1,9,1,65,0
0,-6,14,1,65,0
-6,6,19,1,65,0
3,-5,35,1,65,0
-2,2,46,1,65,0
3,6,53,1,65,0
6,0,18,1,65,0
0,-7,14,1,65,0
7,1,19,1,65,0
-5,6,25,1,65,0
8,2,27,1,65,0
8,-1,35,1,65,0
2,6,47,1,65,0
-1,2,53,1,65,0
6,-5,54,1,65,0
-1,3,4,1,65,0
5,0,12,1,65,0
0,-8,7,1,65,0
-2,4,11,1,65,0
7,2,25,1,65,0
8,3,28,1,65,0
-4,6,31,1,65,0
3,-7,36,1,65,0
8,-2,47,1,65,0
1,6,41,1,65,0
-5,-4,53,1,65,0
4,0,6,1,65,0
-2,5,18,1,65,0
2,-5,29,1,65,0
7,3,33,1,65,0
-3,6,34,1,65,0
-8,-4,34,1,65,0
0,6,34,1,65,0
-2,6,19,1,65,0
7,-1,39,1,65,0
3,0,23,1,65,0
7,4,39,1,65,0
-3,7,41,1,65,0
8,5,46,1,65,0
5,-5,47,1,65,0
8,-4,58,1,65,0
0,7,64,1,65,0
-1,6,28,1,66,0
2,-7,29,1,66,0
3,1,29,1,66,0
2,0,35,1,66,0
4,2,37,1,66,0
-3,8,44,1,66,0
5,3,47,1,66,0
7,-2,48,1,66,0
-2,7,52,1,66,0
7,5,53,1,66,0
6,4,58,1,66,0
-4,-4,59,1,66,0
8,-5,64,1,66,0
5,-6,65,1,66,0
-7,3,13,1,66,0
3,-1,17,1,66,0
-6,2,21,1,66,0
1,-5,22,1,66,0
3,2,36,1,66,0
-7,-4,39,1,66,0
1,0,41,1,66,0
4,3,46,1,66,0
7,-3,66,1,66,0
5,4,55,1,66,0
-1,7,59,1,66,0
5,-7,59,1,66,0
7,6,59,1,66,0
6,5,63,1,66,0
8,-6,65,1,66,0
-7,4,6,1,66,0
3,-2,8,1,66,0
6,-1,22,1,66,0
-5,2,28,1,66,0
4,-5,41,1,66,0
0,0,48,1,66,0
7,-4,64,1,66,0
-1,8,58,1,66,0
7,7,65,1,66,0
5,5,65,1,66,0
-3,0,65,1,66,0
3,-3,1,1,66,0
-7,5,9,1,66,0
1,-7,23,1,66,0
-4,2,34,1,66,0
4,-6,56,1,66,0
0,1,56,1,66,0
-2,0,59,1,66,0
7,-5,61,1,66,0
1,2,65,1,66,0
-3,-4,65,1,66,0
5,6,65,1,66,0
9,1,3,1,66,0
-7,6,11,1,66,0
1,-8,17,1,66,0
-3,2,39,1,66,0
-6,-4,46,1,66,0
-1,0,54,1,66,0
4,-7,57,1,66,0
0,2,59,1,66,0
4,6,59,1,66,0
8,1,9,1,66,0
0,-6,14,1,66,0
-6,6,19,1,66,0
3,-5,35,1,66,0
-2,2,46,1,66,0
3,6,53,1,66,0
6,0,18,1,66,0
0,-7,14,1,66,0
7,1,19,1,66,0
-5,6,25,1,66,0
8,2,27,1,66,0
8,-1,35,1,66,0
2,6,47,1,66,0
-1,2,53,1,66,0
6,-5,54,1,66,0
-1,3,4,1,66,0
5,0,12,1,66,0
0,-8,7,1,66,0
-2,4,11,1,66,0
7,2,25,1,66,0
8,3,28,1,66,0
-4,6,31,1,66,0
3,-7,36,1,66,0
8,-2,47,1,66,0
1,6,41,1,66,0
-5,-4,53,1,66,0
4,0,6,1,66,0
-2,5,18,1,66,0
2,-5,29,1,66,0
7,3,33,1,66,0
-3,6,34,1,66,0
-8,-4,34,1,66,0
0,6,34,1,66,0
-2,6,19,1,66,0
7,-1,39,1,66,0
3,0,23,1,66,0
7,4,39,1,66,0
-3,7,41,1,66,0
8,5,46,1,66,0
5,-5,47,1,66,0
8,-4,58,1,66,0
0,7,65,1,66,0
-1,6,28,1,67,0
2,-7,29,1,67,0
3,1,29,1,67,0
2,0,35,1,67,0
4,2,37,1,67,0
-3,8,44,1,67,0
5,3,47,1,67,0
7,-2,48,1,67,0
-2,7,52,1,67,0
7,5,53,1,67,0
6,4,58,1,67,0
-4,-4,59,1,67,0
8,-5,64,1,67,0
5,-6,66,1,67,0
-7,3,13,1,67,0
3,-1,17,1,67,0
-6,2,21,1,67,0
1,-5,22,1,67,0
3,2,36,1,67,0
-7,-4,39,1,67,0
1,0,41,1,67,0
4,3,46,1,67,0
7,-3,67,1,67,0
5,4,55,1,67,0
-1,7,59,1,67,0
5,-7,59,1,67,0
7,6,59,1,67,0
6,5,63,1,67,0
8,7,66,1,67,0
8,-6,66,1,67,0
-7,4,6,1,67,0
3,-2,8,1,67,0
6,-1,22,1,67,0
-5,2,28,1,67,0
4,-5,41,1,67,0
0,0,48,1,67,0
7,-4,64,1,67,0
-1,8,58,1,67,0
7,7,65,1,67,0
5,5,66,1,67,0
-3,0,66,1,67,0
3,-3,1,1,67,0
-7,5,9,1,67,0
1,-7,23,1,67,0
-4,2,34,1,67,0
4,-6,56,1,67,0
0,1,56,1,67,0
-2,0,59,1,67,0
7,-5,61,1,67,0
-3,-4,65,1,67,0
5,6,65,1,67,0
1,2,66,1,67,0
9,1,3,1,67,0
-7,6,11,1,67,0
1,-8,17,1,67,0
-3,2,39,1,67,0
-6,-4,46,1,67,0
-1,0,54,1,67,0
4,-7,57,1,67,0
0,2,59,1,67,0
4,6,59,1,67,0
5,7,66,1,67,0
8,1,9,1,67,0
0,-6,14,1,67,0
-6,6,19,1,67,0
3,-5,35,1,67,0
-2,2,46,1,67,0
3,6,53,1,67,0
6,0,18,1,67,0
0,-7,14,1,67,0
7,1,19,1,67,0
-5,6,25,1,67,0
8,2,27,1,67,0
8,-1,35,1,67,0
2,6,47,1,67,0
-1,2,53,1,67,0
6,-5,54,1,67,0
-2,-4,66,1,67,0
-1,3,4,1,67,0
5,0,12,1,67,0
0,-8,7,1,67,0
-2,4,11,1,67,0
7,2,25,1,67,0
8,3,28,1,67,0
-4,6,31,1,67,0
3,-7,36,1,67,0
8,-2,47,1,67,0
1,6,41,1,67,0
-5,-4,53,1,67,0
4,0,6,1,67,0
-2,5,18,1,67,0
2,-5,29,1,67,0
7,3,33,1,67,0
-3,6,34,1,67,0
-8,-4,34,1,67,0
0,6,34,1,67,0
-2,6,19,1,67,0
7,-1,39,1,67,0
3,0,23,1,67,0
7,4,39,1,67,0
-3,7,41,1,67,0
8,5,46,1,67,0
5,-5,47,1,67,0
8,-4,58,1,67,0
0,7,66,1,67,0
-1,6,28,1,68,0
2,-7,29,1,68,0
3,1,29,1,68,0
2,0,35,1,68,0
4,2,37,1,68,0
-3,8,44,1,68,0
5,3,47,1,68,0
7,-2,48,1,68,0
-2,7,52,1,68,0
7,5,53,1,68,0
6,4,58,1,68,0
-4,-4,59,1,68,0
8,-5,64,1,68,0
0,8,67,1,68,0
5,-6,67,1,68,0
-7,3,13,1,68,0
3,-1,17,1,68,0
-6,2,21,1,68,0
1,-5,22,1,68,0
3,2,36,1,68,0
-7,-4,39,1,68,0
1,0,41,1,68,0
4,3,46,1,68,0
7,-3,68,1,68,0
5,4,55,1,68,0
-1,7,59,1,68,0
5,-7,59,1,68,0
7,6,59,1,68,0
6,5,63,1,68,0
8,7,66,1,68,0
8,-6,67,1,68,0
-4,0,67,1,68,0
-7,4,6,1,68,0
3,-2,8,1,68,0
6,-1,22,1,68,0
-5,2,28,1,68,0
4,-5,41,1,68,0
0,0,48,1,68,0
7,-4,64,1,68,0
-1,8,58,1,68,0
7,7,65,1,68,0
-3,0,66,1,68,0
8,8,67,1,68,0
5,5,67,1,68,0
2,2,67,1,68,0
3,-3,1,1,68,0
-7,5,9,1,68,0
1,-7,23,1,68,0
-4,2,34,1,68,0
4,-6,56,1,68,0
0,1,56,1,68,0
-2,0,59,1,68,0
7,-5,61,1,68,0
-3,-4,65,1,68,0
5,6,65,1,68,0
1,2,66,1,68,0
9,1,3,1,68,0
-7,6,11,1,68,0
1,-8,17,1,68,0
-3,2,39,1,68,0
-6,-4,46,1,68,0
-1,0,54,1,68,0
4,-7,57,1,68,0
0,2,59,1,68,0
4,6,59,1,68,0
5,7,67,1,68,0
8,1,9,1,68,0
0,-6,14,1,68,0
-6,6,19,1,68,0
3,-5,35,1,68,0
-2,2,46,1,68,0
3,6,53,1,68,0
6,0,18,1,68,0
0,-7,14,1,68,0
7,1,19,1,68,0
-5,6,25,1,68,0
8,2,27,1,68,0
8,-1,35,1,68,0
2,6,47,1,68,0
-1,2,53,1,68,0
6,-5,54,1,68,0
-2,-4,67,1,68,0
-1,3,4,1,68,0
5,0,12,1,68,0
0,-8,7,1,68,0
-2,4,11,1,68,0
7,2,25,1,68,0
8,3,28,1,68,0
-4,6,31,1,68,0
3,-7,36,1,68,0
8,-2,47,1,68,0
1,6,41,1,68,0
-5,-4,53,1,68,0
4,0,6,1,68,0
-2,5,18,1,68,0
2,-5,29,1,68,0
7,3,33,1,68,0
-3,6,34,1,68,0
-8,-4,34,1,68,0
0,6,34,1,68,0
-2,6,19,1,68,0
7,-1,39,1,68,0
3,0,23,1,68,0
7,4,39,1,68,0
-3,7,41,1,68,0
8,5,46,1,68,0
5,-5,47,1,68,0
8,-4,58,1,68,0
0,7,66,1,68,0
-1,6,28,1,69,0
2,-7,29,1,69,0
3,1,29,1,69,0
2,0,35,1,69,0
4,2,37,1,69,0
-3,8,44,1,69,0
5,3,47,1,69,0
7,-2,48,1,69,0
-2,7,52,1,69,0
7,5,53,1,69,0
6,4,58,1,69,0
-4,-4,59,1,69,0
8,-5,64,1,69,0
0,8,68,1,69,0
5,-6,68,1,69,0
-7,3,13,1,69,0
3,-1,17,1,69,0
-6,2,21,1,69,0
1,-5,22,1,69,0
3,2,36,1,69,0
-7,-4,39,1,69,0
1,0,41,1,69,0
4,3,46,1,69,0
7,-3,69,1,69,0
5,4,55,1,69,0
-1,7,59,1,69,0
5,-7,59,1,69,0
7,6,59,1,69,0
6,5,63,1,69,0
8,7,66,1,69,0
8,-6,68,1,69,0
-4,0,68,1,69,0
-7,4,6,1,69,0
3,-2,8,1,69,0
6,-1,22,1,69,0
-5,2,28,1,69,0
4,-5,41,1,69,0
0,0,48,1,69,0
7,-4,64,1,69,0
-1,8,58,1,69,0
7,7,65,1,69,0
-3,0,66,1,69,0
8,8,68,1,69,0
5,5,68,1,69,0
2,2,68,1,69,0
3,-3,1,1,69,0
-7,5,9,1,69,0
1,-7,23,1,69,0
-4,2,34,1,69,0
4,-6,56,1,69,0
0,1,56,1,69,0
-2,0,59,1,69,0
7,-5,61,1,69,0
-3,-4,65,1,69,0
5,6,65,1,69,0
1,2,66,1,69,0
9,1,3,1,69,0
-7,6,11,1,69,0
1,-8,17,1,69,0
-3,2,39,1,69,0
-6,-4,46,1,69,0
-1,0,54,1,69,0
4,-7,57,1,69,0
0,2,59,1,69,0
4,6,59,1,69,0
5,7,68,1,69,0
8,1,9,1,69,0
0,-6,14,1,69,0
-6,6,19,1,69,0
3,-5,35,1,69,0
-2,2,46,1,69,0
3,6,53,1,69,0
6,0,18,1,69,0
0,-7,14,1,69,0
7,1,19,1,69,0
-5,6,25,1,69,0
8,2,27,1,69,0
8,-1,35,1,69,0
2,6,47,1,69,0
-1,2,53,1,69,0
6,-5,54,1,69,0
-2,-4,68,1,69,0
-1,3,4,1,69,0
5,0,12,1,69,0
0,-8,7,1,69,0
-2,4,11,1,69,0
7,2,25,1,69,0
8,3,28,1,69,0
-4,6,31,1,69,0
3,-7,36,1,69,0
8,-2,47,1,69,0
1,6,41,1,69,0
-5,-4,53,1,69,0
4,0,6,1,69,0
-2,5,18,1,69,0
2,-5,29,1,69,0
7,3,33,1,69,0
-3,6,34,1,69,0
-8,-4,34,1,69,0
0,6,34,1,69,0
-2,6,19,1,69,0
7,-1,39,1,69,0
3,0,23,1,69,0
7,4,39,1,69,0
-3,7,41,1,69,0
8,5,46,1,69,0
5,-5,47,1,69,0
8,-4,58,1,69,0
0,7,66,1,69,0
-1,6,28,1,70,0
2,-7,29,1,70,0
3,1,29,1,70,0
2,0,35,1,70,0
4,2,37,1,70,0
-3,8,44,1,70,0
5,3,47,1,70,0
7,-2,48,1,70,0
-2,7,52,1,70,0
7,5,53,1,70,0
6,4,58,1,70,0
-4,-4,59,1,70,0
8,-5,64,1,70,0
0,8,68,1,70,0
5,-6,69,1,70,0
-7,3,13,1,70,0
3,-1,17,1,70,0
-6,2,21,1,70,0
1,-5,22,1,70,0
3,2,36,1,70,0
-7,-4,39,1,70,0
1,0,41,1,70,0
4,3,46,1,70,0
7,-3,69,1,70,0
5,4,55,1,70,0
-1,7,59,1,70,0
5,-7,59,1,70,0
7,6,59,1,70,0
6,5,63,1,70,0
8,7,66,1,70,0
8,-6,69,1,70,0
-4,0,69,1,70,0
-7,4,6,1,70,0
3,-2,8,1,70,0
6,-1,22,1,70,0
-5,2,28,1,70,0
4,-5,41,1,70,0
0,0,48,1,70,0
7,-4,64,1,70,0
-1,8,58,1,70,0
7,7,65,1,70,0
-3,0,66,1,70,0
8,8,68,1,70,0
5,5,69,1,70,0
2,2,69,1,70,0
3,-3,1,1,70,0
-7,5,9,1,70,0
1,-7,23,1,70,0
-4,2,34,1,70,0
4,-6,56,1,70,0
0,1,56,1,70,0
-2,0,59,1,70,0
7,-5,61,1,70,0
-3,-4,65,1,70,0
5,6,65,1,70,0
1,2,66,1,70,0
7,8,69,1,70,0
6,7,69,1,70,0
9,1,3,1,70,0
-7,6,11,1,70,0
1,-8,17,1,70,0
-3,2,39,1,70,0
-6,-4,46,1,70,0
-1,0,54,1,70,0
4,-7,57,1,70,0
0,2,59,1,70,0
4,6,59,1,70,0
5,7,68,1,70,0
8,1,9,1,70,0
0,-6,14,1,70,0
-6,6,19,1,70,0
3,-5,35,1,70,0
-2,2,46,1,70,0
3,6,53,1,70,0
6,0,18,1,70,0
0,-7,14,1,70,0
7,1,19,1,70,0
-5,6,25,1,70,0
8,2,27,1,70,0
8,-1,35,1,70,0
2,6,47,1,70,0
-1,2,53,1,70,0
6,-5,54,1,70,0
-2,-4,69,1,70,0
-1,3,4,1,70,0
5,0,12,1,70,0
0,-8,7,1,70,0
-2,4,11,1,70,0
7,2,25,1,70,0
8,3,28,1,70,0
-4,6,31,1,70,0
3,-7,36,1,70,0
8,-2,47,1,70,0
1,6,41,1,70,0
-5,-4,53,1,70,0
4,0,6,1,70,0
-2,5,18,1,70,0
2,-5,29,1,70,0
7,3,33,1,70,0
-3,6,34,1,70,0
-8,-4,34,1,70,0
0,6,34,1,70,0
-2,6,19,1,70,0
7,-1,39,1,70,0
3,0,23,1,70,0
7,4,39,1,70,0
-3,7,41,1,70,0
8,5,46,1,70,0
5,-5,47,1,70,0
8,-4,58,1,70,0
0,7,66,1,70,0
1,8,69,1,70,0
-1,6,28,1,71,0
2,-7,29,1,71,0
3,1,29,1,71,0
2,0,35,1,71,0
4,2,37,1,71,0
-3,8,44,1,71,0
5,3,47,1,71,0
7,-2,48,1,71,0
-2,7,52,1,71,0
7,5,53,1,71,0
6,4,58,1,71,0
-4,-4,59,1,71,0
8,-5,64,1,71,0
0,8,68,1,71,0
5,-6,69,1,71,0
-7,3,13,1,71,0
3,-1,17,1,71,0
-6,2,21,1,71,0
1,-5,22,1,71,0
3,2,36,1,71,0
-7,-4,39,1,71,0
1,0,41,1,71,0
4,3,46,1,71,0
7,-3,71,1,71,0
5,4,55,1,71,0
-1,7,59,1,71,0
5,-7,59,1,71,0
7,6,59,1,71,0
6,5,63,1,71,0
8,7,66,1,71,0
8,-6,69,1,71,0
-4,0,69,1,71,0
-7,4,6,1,71,0
3,-2,8,1,71,0
6,-1,22,1,71,0
-5,2,28,1,71,0
4,-5,41,1,71,0
0,0,48,1,71,0
7,-4,64,1,71,0
-1,8,58,1,71,0
7,7,65,1,71,0
-3,0,66,1,71,0
8,8,68,1,71,0
5,5,69,1,71,0
2,2,69,1,71,0
3,-3,1,1,71,0
-7,5,9,1,71,0
1,-7,23,1,71,0
-4,2,34,1,71,0
4,-6,56,1,71,0
0,1,56,1,71,0
-2,0,59,1,71,0
7,-5,61,1,71,0
-3,-4,65,1,71,0
5,6,65,1,71,0
1,2,66,1,71,0
7,8,69,1,71,0
6,7,69,1,71,0
9,1,3,1,71,0
-7,6,11,1,71,0
1,-8,17,1,71,0
-3,2,39,1,71,0
-6,-4,46,1,71,0
-1,0,54,1,71,0
4,-7,57,1,71,0
0,2,59,1,71,0
4,6,59,1,71,0
5,7,68,1,71,0
8,1,9,1,71,0
0,-6,14,1,71,0
-6,6,19,1,71,0
3,-5,35,1,71,0
-2,2,46,1,71,0
3,6,53,1,71,0
6,0,18,1,71,0
0,-7,14,1,71,0
7,1,19,1,71,0
-5,6,25,1,71,0
8,2,27,1,71,0
8,-1,35,1,71,0
2,6,47,1,71,0
-1,2,53,1,71,0
6,-5,54,1,71,0
-2,-4,69,1,71,0
-1,3,4,1,71,0
5,0,12,1,71,0
0,-8,7,1,71,0
-2,4,11,1,71,0
7,2,25,1,71,0
8,3,28,1,71,0
-4,6,31,1,71,0
3,-7,36,1,71,0
8,-2,47,1,71,0
1,6,41,1,71,0
-5,-4,53,1,71,0
4,0,6,1,71,0
-2,5,18,1,71,0
2,-5,29,1,71,0
7,3,33,1,71,0
-3,6,34,1,71,0
-8,-4,34,1,71,0
0,6,34,1,71,0
-2,6,19,1,71,0
7,-1,39,1,71,0
3,0,23,1,71,0
7,4,39,1,71,0
-3,7,41,1,71,0
8,5,46,1,71,0
5,-5,47,1,71,0
8,-4,58,1,71,0
0,7,66,1,71,0
1,8,69,1,71,0
-1,6,28,1,72,0
2,-7,29,1,72,0
3,1,29,1,72,0
2,0,35,1,72,0
4,2,37,1,72,0
-3,8,44,1,72,0
5,3,47,1,72,0
7,-2,48,1,72,0
-2,7,52,1,72,0
7,5,53,1,72,0
6,4,58,1,72,0
-4,-4,59,1,72,0
8,-5,64,1,72,0
0,8,68,1,72,0
5,-6,71,1,72,0
-7,3,13,1,72,0
3,-1,17,1,72,0
-6,2,21,1,72,0
1,-5,22,1,72,0
3,2,36,1,72,0
-7,-4,39,1,72,0
1,0,41,1,72,0
4,3,46,1,72,0
7,-3,72,1,72,0
5,4,55,1,72,0
-1,7,59,1,72,0
5,-7,59,1,72,0
7,6,59,1,72,0
6,5,63,1,72,0
8,7,66,1,72,0
8,-6,69,1,72,0
-4,0,71,1,72,0
-7,4,6,1,72,0
3,-2,8,1,72,0
6,-1,22,1,72,0
-5,2,28,1,72,0
4,-5,41,1,72,0
0,0,48,1,72,0
7,-4,64,1,72,0
-1,8,58,1,72,0
7,7,65,1,72,0
-3,0,66,1,72,0
8,8,68,1,72,0
5,5,71,1,72,0
2,2,71,1,72,0
3,-3,1,1,72,0
-7,5,9,1,72,0
1,-7,23,1,72,0
-4,2,34,1,72,0
4,-6,56,1,72,0
0,1,56,1,72,0
-2,0,59,1,72,0
7,-5,61,1,72,0
-3,-4,65,1,72,0
5,6,65,1,72,0
1,2,66,1,72,0
7,8,71,1,72,0
6,7,71,1,72,0
9,1,3,1,72,0
-7,6,11,1,72,0
1,-8,17,1,72,0
-3,2,39,1,72,0
-6,-4,46,1,72,0
-1,0,54,1,72,0
4,-7,57,1,72,0
0,2,59,1,72,0
4,6,59,1,72,0
5,7,68,1,72,0
7,-6,71,1,72,0
8,1,9,1,72,0
0,-6,14,1,72,0
-6,6,19,1,72,0
3,-5,35,1,72,0
-2,2,46,1,72,0
3,6,53,1,72,0
6,0,18,1,72,0
0,-7,14,1,72,0
7,1,19,1,72,0
-5,6,25,1,72,0
8,2,27,1,72,0
8,-1,35,1,72,0
2,6,47,1,72,0
-1,2,53,1,72,0
6,-5,54,1,72,0
-2,-4,71,1,72,0
-1,3,4,1,72,0
5,0,12,1,72,0
0,-8,7,1,72,0
-2,4,11,1,72,0
7,2,25,1,72,0
8,3,28,1,72,0
-4,6,31,1,72,0
3,-7,36,1,72,0
8,-2,47,1,72,0
1,6,41,1,72,0
-5,-4,53,1,72,0
4,0,6,1,72,0
-2,5,18,1,72,0
2,-5,29,1,72,0
7,3,33,1,72,0
-3,6,34,1,72,0
-8,-4,34,1,72,0
0,6,34,1,72,0
1,7,71,1,72,0
-2,6,19,1,72,0
7,-1,39,1,72,0
3,0,23,1,72,0
7,4,39,1,72,0
-3,7,41,1,72,0
8,5,46,1,72,0
5,-5,47,1,72,0
8,-4,58,1,72,0
0,7,66,1,72,0
1,8,69,1,72,0
-1,6,28,1,73,0
2,-7,29,1,73,0
3,1,29,1,73,0
2,0,35,1,73,0
4,2,37,1,73,0
-3,8,44,1,73,0
5,3,47,1,73,0
7,-2,48,1,73,0
-2,7,52,1,73,0
7,5,53,1,73,0
6,4,58,1,73,0
-4,-4,59,1,73,0
8,-5,64,1,73,0
0,8,68,1,73,0
5,-6,72,1,73,0
-7,3,13,1,73,0
3,-1,17,1,73,0
-6,2,21,1,73,0
1,-5,22,1,73,0
3,2,36,1,73,0
-7,-4,39,1,73,0
1,0,41,1,73,0
4,3,46,1,73,0
7,-3,73,1,73,0
5,4,55,1,73,0
-1,7,59,1,73,0
5,-7,59,1,73,0
7,6,59,1,73,0
6,5,63,1,73,0
8,7,66,1,73,0
8,-6,69,1,73,0
-4,0,72,1,73,0
-7,4,6,1,73,0
3,-2,8,1,73,0
6,-1,22,1,73,0
-5,2,28,1,73,0
4,-5,41,1,73,0
0,0,48,1,73,0
7,-4,64,1,73,0
-1,8,58,1,73,0
7,7,65,1,73,0
-3,0,66,1,73,0
8,8,68,1,73,0
2,2,71,1,73,0
5,5,72,1,73,0
3,-3,1,1,73,0
-7,5,9,1,73,0
1,-7,23,1,73,0
-4,2,34,1,73,0
4,-6,56,1,73,0
0,1,56,1,73,0
-2,0,59,1,73,0
7,-5,61,1,73,0
-3,-4,65,1,73,0
5,6,65,1,73,0
1,2,66,1,73,0
7,8,72,1,73,0
2,3,72,1,73,0
6,7,72,1,73,0
9,1,3,1,73,0
-7,6,11,1,73,0
1,-8,17,1,73,0
-3,2,39,1,73,0
-6,-4,46,1,73,0
-1,0,54,1,73,0
4,-7,57,1,73,0
0,2,59,1,73,0
4,6,59,1,73,0
5,7,68,1,73,0
7,-6,71,1,73,0
8,1,9,1,73,0
0,-6,14,1,73,0
-6,6,19,1,73,0
3,-5,35,1,73,0
-2,2,46,1,73,0
3,6,53,1,73,0
7,-7,72,1,73,0
6,0,18,1,73,0
0,-7,14,1,73,0
7,1,19,1,73,0
-5,6,25,1,73,0
8,2,27,1,73,0
8,-1,35,1,73,0
2,6,47,1,73,0
-1,2,53,1,73,0
6,-5,54,1,73,0
-2,-4,71,1,73,0
-1,3,4,1,73,0
5,0,12,1,73,0
0,-8,7,1,73,0
-2,4,11,1,73,0
7,2,25,1,73,0
8,3,28,1,73,0
-4,6,31,1,73,0
3,-7,36,1,73,0
8,-2,47,1,73,0
1,6,41,1,73,0
-5,-4,53,1,73,0
4,0,6,1,73,0
-2,5,18,1,73,0
2,-5,29,1,73,0
7,3,33,1,73,0
-3,6,34,1,73,0
-8,-4,34,1,73,0
0,6,34,1,73,0
1,7,72,1,73,0
-2,6,19,1,73,0
7,-1,39,1,73,0
3,0,23,1,73,0
7,4,39,1,73,0
-3,7,41,1,73,0
8,5,46,1,73,0
5,-5,47,1,73,0
8,-4,58,1,73,0
0,7,66,1,73,0
1,8,69,1,73,0
-1,-4,72,1,73,0
-1,6,28,1,74,0
2,-7,29,1,74,0
3,1,29,1,74,0
2,0,35,1,74,0
4,2,37,1,74,0
-3,8,44,1,74,0
5,3,47,1,74,0
7,-2,48,1,74,0
-2,7,52,1,74,0
7,5,53,1,74,0
6,4,58,1,74,0
-4,-4,59,1,74,0
8,-5,64,1,74,0
0,8,68,1,74,0
5,-6,73,1,74,0
-7,3,13,1,74,0
3,-1,17,1,74,0
-6,2,21,1,74,0
1,-5,22,1,74,0
3,2,36,1,74,0
-7,-4,39,1,74,0
1,0,41,1,74,0
4,3,46,1,74,0
7,-3,73,1,74,0
5,4,55,1,74,0
-1,7,59,1,74,0
5,-7,59,1,74,0
7,6,59,1,74,0
6,5,63,1,74,0
8,7,66,1,74,0
8,-6,69,1,74,0
-4,0,73,1,74,0
-7,4,6,1,74,0
3,-2,8,1,74,0
6,-1,22,1,74,0
-5,2,28,1,74,0
4,-5,41,1,74,0
0,0,48,1,74,0
7,-4,64,1,74,0
-1,8,58,1,74,0
7,7,65,1,74,0
-3,0,66,1,74,0
8,8,68,1,74,0
2,2,71,1,74,0
5,5,72,1,74,0
3,-3,1,1,74,0
-7,5,9,1,74,0
1,-7,23,1,74,0
-4,2,34,1,74,0
4,-6,56,1,74,0
0,1,56,1,74,0
-2,0,59,1,74,0
7,-5,61,1,74,0
-3,-4,65,1,74,0
5,6,65,1,74,0
1,2,66,1,74,0
6,7,72,1,74,0
7,8,73,1,74,0
4,5,73,1,74,0
2,3,73,1,74,0
6,-2,74,1,74,0
9,1,3,1,74,0
-7,6,11,1,74,0
1,-8,17,1,74,0
-3,2,39,1,74,0
-6,-4,46,1,74,0
-1,0,54,1,74,0
4,-7,57,1,74,0
0,2,59,1,74,0
4,6,59,1,74,0
5,7,68,1,74,0
7,-6,71,1,74,0
6,8,73,1,74,0
8,1,9,1,74,0
0,-6,14,1,74,0
-6,6,19,1,74,0
3,-5,35,1,74,0
-2,2,46,1,74,0
3,6,53,1,74,0
7,-7,73,1,74,0
6,0,18,1,74,0
0,-7,14,1,74,0
7,1,19,1,74,0
-5,6,25,1,74,0
8,2,27,1,74,0
8,-1,35,1,74,0
2,6,47,1,74,0
-1,2,53,1,74,0
6,-5,54,1,74,0
-2,-4,71,1,74,0
-1,3,4,1,74,0
5,0,12,1,74,0
0,-8,7,1,74,0
-2,4,11,1,74,0
7,2,25,1,74,0
8,3,28,1,74,0
-4,6,31,1,74,0
3,-7,36,1,74,0
8,-2,47,1,74,0
1,6,41,1,74,0
-5,-4,53,1,74,0
4,0,6,1,74,0
-2,5,18,1,74,0
2,-5,29,1,74,0
7,3,33,1,74,0
-3,6,34,1,74,0
-8,-4,34,1,74,0
0,6,34,1,74,0
1,7,73,1,74,0
-2,6,19,1,74,0
7,-1,39,1,74,0
3,0,23,1,74,0
7,4,39,1,74,0
-3,7,41,1,74,0
8,5,46,1,74,0
5,-5,47,1,74,0
8,-4,58,1,74,0
0,7,66,1,74,0
1,8,69,1,74,0
-1,-4,73,1,74,0
-1,6,28,1,75,0
2,-7,29,1,75,0
3,1,29,1,75,0
2,0,35,1,75,0
4,2,37,1,75,0
-3,8,44,1,75,0
5,3,47,1,75,0
7,-2,48,1,75,0
-2,7,52,1,75,0
7,5,53,1,75,0
6,4,58,1,75,0
-4,-4,59,1,75,0
8,-5,64,1,75,0
0,8,68,1,75,0
5,-6,74,1,75,0
-7,3,13,1,75,0
3,-1,17,1,75,0
-6,2,21,1,75,0
1,-5,22,1,75,0
3,2,36,1,75,0
-7,-4,39,1,75,0
1,0,41,1,75,0
4,3,46,1,75,0
7,-3,73,1,75,0
5,4,55,1,75,0
-1,7,59,1,75,0
5,-7,59,1,75,0
7,6,59,1,75,0
6,5,63,1,75,0
8,7,66,1,75,0
8,-6,69,1,75,0
-4,0,74,1,75,0
-7,4,6,1,75,0
3,-2,8,1,75,0
6,-1,22,1,75,0
-5,2,28,1,75,0
4,-5,41,1,75,0
0,0,48,1,75,0
7,-4,64,1,75,0
-1,8,58,1,75,0
-3,0,66,1,75,0
8,8,68,1,75,0
2,2,71,1,75,0
5,5,72,1,75,0
7,7,74,1,75,0
3,-3,1,1,75,0
-7,5,9,1,75,0
1,-7,23,1,75,0
-4,2,34,1,75,0
4,-6,56,1,75,0
0,1,56,1,75,0
-2,0,59,1,75,0
7,-5,61,1,75,0
-3,-4,65,1,75,0
5,6,65,1,75,0
1,2,66,1,75,0
6,7,72,1,75,0
7,8,73,1,75,0
6,-2,75,1,75,0
4,5,74,1,75,0
2,3,74,1,75,0
9,1,3,1,75,0
-7,6,11,1,75,0
1,-8,17,1,75,0
-3,2,39,1,75,0
-6,-4,46,1,75,0
-1,0,54,1,75,0
4,-7,57,1,75,0
0,2,59,1,75,0
4,6,59,1,75,0
5,7,68,1,75,0
7,-6,71,1,75,0
6,8,74,1,75,0
8,1,9,1,75,0
0,-6,14,1,75,0
-6,6,19,1,75,0
3,-5,35,1,75,0
-2,2,46,1,75,0
3,6,53,1,75,0
7,-7,74,1,75,0
6,0,18,1,75,0
0,-7,14,1,75,0
7,1,19,1,75,0
-5,6,25,1,75,0
8,2,27,1,75,0
8,-1,35,1,75,0
2,6,47,1,75,0
-1,2,53,1,75,0
6,-5,54,1,75,0
-2,-4,71,1,75,0
-1,3,4,1,75,0
5,0,12,1,75,0
0,-8,7,1,75,0
-2,4,11,1,75,0
7,2,25,1,75,0
8,3,28,1,75,0
-4,6,31,1,75,0
3,-7,36,1,75,0
8,-2,47,1,75,0
1,6,41,1,75,0
-5,-4,53,1,75,0
4,0,6,1,75,0
-2,5,18,1,75,0
2,-5,29,1,75,0
7,3,33,1,75,0
-3,6,34,1,75,0
-8,-4,34,1,75,0
0,6,34,1,75,0
1,7,74,1,75,0
-2,6,19,1,75,0
7,-1,39,1,75,0
3,0,23,1,75,0
7,4,39,1,75,0
-3,7,41,1,75,0
8,5,46,1,75,0
5,-5,47,1,75,0
8,-4,58,1,75,0
0,7,66,1,75,0
1,8,69,1,75,0
-1,-4,74,1,75,0
-1,6,28,1,76,0
2,-7,29,1,76,0
3,1,29,1,76,0
2,0,35,1,76,0
4,2,37,1,76,0
-3,8,44,1,76,0
5,3,47,1,76,0
7,-2,48,1,76,0
-2,7,52,1,76,0
7,5,53,1,76,0
6,4,58,1,76,0
-4,-4,59,1,76,0
8,-5,64,1,76,0
0,8,68,1,76,0
5,-6,74,1,76,0
-7,3,13,1,76,0
3,-1,17,1,76,0
-6,2,21,1,76,0
1,-5,22,1,76,0
3,2,36,1,76,0
-7,-4,39,1,76,0
1,0,41,1,76,0
4,3,46,1,76,0
7,-3,73,1,76,0
5,4,55,1,76,0
-1,7,59,1,76,0
5,-7,59,1,76,0
7,6,59,1,76,0
6,5,63,1,76,0
8,7,66,1,76,0
8,-6,69,1,76,0
-4,0,75,1,76,0
-7,4,6,1,76,0
3,-2,8,1,76,0
6,-1,22,1,76,0
-5,2,28,1,76,0
4,-5,41,1,76,0
0,0,48,1,76,0
7,-4,64,1,76,0
-1,8,58,1,76,0
-3,0,66,1,76,0
8,8,68,1,76,0
2,2,71,1,76,0
5,5,72,1,76,0
7,7,75,1,76,0
3,-3,1,1,76,0
-7,5,9,1,76,0
1,-7,23,1,76,0
-4,2,34,1,76,0
4,-6,56,1,76,0
0,1,56,1,76,0
-2,0,59,1,76,0
7,-5,61,1,76,0
-3,-4,65,1,76,0
5,6,65,1,76,0
1,2,66,1,76,0
6,7,72,1,76,0
7,8,73,1,76,0
6,-2,76,1,76,0
4,5,75,1,76,0
2,3,75,1,76,0
9,1,3,1,76,0
-7,6,11,1,76,0
1,-8,17,1,76,0
-3,2,39,1,76,0
-6,-4,46,1,76,0
-1,0,54,1,76,0
4,-7,57,1,76,0
0,2,59,1,76,0
4,6,59,1,76,0
5,7,68,1,76,0
7,-6,71,1,76,0
6,8,75,1,76,0
8,1,9,1,76,0
0,-6,14,1,76,0
-6,6,19,1,76,0
3,-5,35,1,76,0
-2,2,46,1,76,0
3,6,53,1,76,0
7,-7,75,1,76,0
6,0,18,1,76,0
0,-7,14,1,76,0
7,1,19,1,76,0
-5,6,25,1,76,0
8,2,27,1,76,0
8,-1,35,1,76,0
2,6,47,1,76,0
-1,2,53,1,76,0
6,-5,54,1,76,0
-2,-4,71,1,76,0
-1,3,4,1,76,0
5,0,12,1,76,0
0,-8,7,1,76,0
-2,4,11,1,76,0
7,2,25,1,76,0
8,3,28,1,76,0
-4,6,31,1,76,0
3,-7,36,1,76,0
8,-2,47,1,76,0
1,6,41,1,76,0
-5,-4,53,1,76,0
6,-6,75,1,76,0
4,0,6,1,76,0
-2,5,18,1,76,0
2,-5,29,1,76,0
7,3,33,1,76,0
-3,6,34,1,76,0
-8,-4,34,1,76,0
0,6,34,1,76,0
1,7,75,1,76,0
-2,6,19,1,76,0
7,-1,39,1,76,0
3,0,23,1,76,0
7,4,39,1,76,0
-3,7,41,1,76,0
8,5,46,1,76,0
5,-5,47,1,76,0
8,-4,58,1,76,0
0,7,66,1,76,0
1,8,69,1,76,0
-1,-4,75,1,76,0
-1,6,28,1,77,0
2,-7,29,1,77,0
3,1,29,1,77,0
2,0,35,1,77,0
4,2,37,1,77,0
-3,8,44,1,77,0
5,3,47,1,77,0
7,-2,48,1,77,0
-2,7,52,1,77,0
7,5,53,1,77,0
6,4,58,1,77,0
-4,-4,59,1,77,0
8,-5,64,1,77,0
0,8,68,1,77,0
5,-6,74,1,77,0
-7,3,13,1,77,0
3,-1,17,1,77,0
-6,2,21,1,77,0
1,-5,22,1,77,0
3,2,36,1,77,0
-7,-4,39,1,77,0
1,0,41,1,77,0
4,3,46,1,77,0
7,-3,73,1,77,0
5,4,55,1,77,0
-1,7,59,1,77,0
5,-7,59,1,77,0
7,6,59,1,77,0
6,5,63,1,77,0
8,7,66,1,77,0
8,-6,69,1,77,0
-4,0,76,1,77,0
-7,4,6,1,77,0
3,-2,8,1,77,0
6,-1,22,1,77,0
-5,2,28,1,77,0
4,-5,41,1,77,0
0,0,48,1,77,0
7,-4,64,1,77,0
-1,8,58,1,77,0
-3,0,66,1,77,0
8,8,68,1,77,0
2,2,71,1,77,0
5,5,72,1,77,0
7,7,76,1,77,0
3,-3,1,1,77,0
-7,5,9,1,77,0
1,-7,23,1,77,0
-4,2,34,1,77,0
4,-6,56,1,77,0
0,1,56,1,77,0
-2,0,59,1,77,0
7,-5,61,1,77,0
-3,-4,65,1,77,0
5,6,65,1,77,0
1,2,66,1,77,0
6,7,72,1,77,0
7,8,73,1,77,0
6,-2,77,1,77,0
4,5,76,1,77,0
2,3,76,1,77,0
9,1,3,1,77,0
-7,6,11,1,77,0
1,-8,17,1,77,0
-3,2,39,1,77,0
-6,-4,46,1,77,0
-1,0,54,1,77,0
4,-7,57,1,77,0
0,2,59,1,77,0
4,6,59,1,77,0
5,7,68,1,77,0
7,-6,71,1,77,0
6,8,75,1,77,0
8,1,9,1,77,0
0,-6,14,1,77,0
-6,6,19,1,77,0
3,-5,35,1,77,0
-2,2,46,1,77,0
3,6,53,1,77,0
7,-7,76,1,77,0
5,8,76,1,77,0
6,0,18,1,77,0
0,-7,14,1,77,0
7,1,19,1,77,0
-5,6,25,1,77,0
8,2,27,1,77,0
8,-1,35,1,77,0
2,6,47,1,77,0
-1,2,53,1,77,0
6,-5,54,1,77,0
-2,-4,71,1,77,0
-1,3,4,1,77,0
5,0,12,1,77,0
0,-8,7,1,77,0
-2,4,11,1,77,0
7,2,25,1,77,0
8,3,28,1,77,0
-4,6,31,1,77,0
3,-7,36,1,77,0
8,-2,47,1,77,0
1,6,41,1,77,0
-5,-4,53,1,77,0
6,-6,76,1,77,0
4,0,6,1,77,0
-2,5,18,1,77,0
2,-5,29,1,77,0
7,3,33,1,77,0
-3,6,34,1,77,0
-8,-4,34,1,77,0
0,6,34,1,77,0
1,7,76,1,77,0
-2,6,19,1,77,0
7,-1,39,1,77,0
3,0,23,1,77,0
7,4,39,1,77,0
-3,7,41,1,77,0
8,5,46,1,77,0
5,-5,47,1,77,0
8,-4,58,1,77,0
0,7,66,1,77,0
1,8,69,1,77,0
-1,-4,76,1,77,0
-1,6,28,1,78,0
2,-7,29,1,78,0
3,1,29,1,78,0
2,0,35,1,78,0
4,2,37,1,78,0
-3,8,44,1,78,0
5,3,47,1,78,0
7,-2,48,1,78,0
-2,7,52,1,78,0
7,5,53,1,78,0
6,4,58,1,78,0
-4,-4,59,1,78,0
8,-5,64,1,78,0
0,8,68,1,78,0
5,-6,74,1,78,0
-7,3,13,1,78,0
3,-1,17,1,78,0
-6,2,21,1,78,0
1,-5,22,1,78,0
3,2,36,1,78,0
-7,-4,39,1,78,0
1,0,41,1,78,0
4,3,46,1,78,0
7,-3,73,1,78,0
5,4,55,1,78,0
-1,7,59,1,78,0
5,-7,59,1,78,0
7,6,59,1,78,0
6,5,63,1,78,0
8,7,66,1,78,0
8,-6,69,1,78,0
-4,0,77,1,78,0
-7,4,6,1,78,0
3,-2,8,1,78,0
6,-1,22,1,78,0
-5,2,28,1,78,0
4,-5,41,1,78,0
0,0,48,1,78,0
7,-4,64,1,78,0
-1,8,58,1,78,0
-3,0,66,1,78,0
8,8,68,1,78,0
2,2,71,1,78,0
5,5,72,1,78,0
7,7,77,1,78,0
3,3,77,1,78,0
3,-3,1,1,78,0
-7,5,9,1,78,0
1,-7,23,1,78,0
-4,2,34,1,78,0
4,-6,56,1,78,0
0,1,56,1,78,0
-2,0,59,1,78,0
7,-5,61,1,78,0
-3,-4,65,1,78,0
5,6,65,1,78,0
1,2,66,1,78,0
6,7,72,1,78,0
7,8,73,1,78,0
6,-2,78,1,78,0
2,3,76,1,78,0
4,5,77,1,78,0
9,1,3,1,78,0
-7,6,11,1,78,0
1,-8,17,1,78,0
-3,2,39,1,78,0
-6,-4,46,1,78,0
-1,0,54,1,78,0
4,-7,57,1,78,0
0,2,59,1,78,0
4,6,59,1,78,0
5,7,68,1,78,0
7,-6,71,1,78,0
6,8,75,1,78,0
8,1,9,1,78,0
0,-6,14,1,78,0
-6,6,19,1,78,0
3,-5,35,1,78,0
-2,2,46,1,78,0
3,6,53,1,78,0
7,-7,77,1,78,0
5,8,77,1,78,0
6,0,18,1,78,0
0,-7,14,1,78,0
7,1,19,1,78,0
-5,6,25,1,78,0
8,2,27,1,78,0
8,-1,35,1,78,0
2,6,47,1,78,0
-1,2,53,1,78,0
6,-5,54,1,78,0
-2,-4,71,1,78,0
-1,3,4,1,78,0
5,0,12,1,78,0
0,-8,7,1,78,0
-2,4,11,1,78,0
7,2,25,1,78,0
8,3,28,1,78,0
-4,6,31,1,78,0
3,-7,36,1,78,0
8,-2,47,1,78,0
1,6,41,1,78,0
-5,-4,53,1,78,0
2,7,77,1,78,0
6,-6,77,1,78,0
4,0,6,1,78,0
-2,5,18,1,78,0
2,-5,29,1,78,0
7,3,33,1,78,0
-3,6,34,1,78,0
-8,-4,34,1,78,0
0,6,34,1,78,0
1,7,76,1,78,0
-2,6,19,1,78,0
7,-1,39,1,78,0
3,0,23,1,78,0
7,4,39,1,78,0
-3,7,41,1,78,0
8,5,46,1,78,0
5,-5,47,1,78,0
8,-4,58,1,78,0
0,7,66,1,78,0
1,8,69,1,78,0
-1,-4,77,1,78,0
-1,6,28,1,79,0
2,-7,29,1,79,0
3,1,29,1,79,0
2,0,35,1,79,0
4,2,37,1,79,0
-3,8,44,1,79,0
5,3,47,1,79,0
7,-2,48,1,79,0
-2,7,52,1,79,0
7,5,53,1,79,0
6,4,58,1,79,0
-4,-4,59,1,79,0
8,-5,64,1,79,0
0,8,68,1,79,0
5,-6,74,1,79,0
-7,3,13,1,79,0
3,-1,17,1,79,0
-6,2,21,1,79,0
1,-5,22,1,79,0
3,2,36,1,79,0
-7,-4,39,1,79,0
1,0,41,1,79,0
4,3,46,1,79,0
7,-3,73,1,79,0
5,4,55,1,79,0
-1,7,59,1,79,0
5,-7,59,1,79,0
7,6,59,1,79,0
6,5,63,1,79,0
8,7,66,1,79,0
8,-6,69,1,79,0
-4,0,78,1,79,0
-7,4,6,1,79,0
3,-2,8,1,79,0
6,-1,22,1,79,0
-5,2,28,1,79,0
4,-5,41,1,79,0
0,0,48,1,79,0
7,-4,64,1,79,0
-1,8,58,1,79,0
-3,0,66,1,79,0
8,8,68,1,79,0
2,2,71,1,79,0
5,5,72,1,79,0
7,7,78,1,79,0
3,3,78,1,79,0
3,-3,1,1,79,0
-7,5,9,1,79,0
1,-7,23,1,79,0
-4,2,34,1,79,0
4,-6,56,1,79,0
0,1,56,1,79,0
-2,0,59,1,79,0
7,-5,61,1,79,0
-3,-4,65,1,79,0
5,6,65,1,79,0
1,2,66,1,79,0
6,7,72,1,79,0
7,8,73,1,79,0
6,-2,79,1,79,0
2,3,76,1,79,0
4,5,78,1,79,0
9,1,3,1,79,0
-7,6,11,1,79,0
1,-8,17,1,79,0
-3,2,39,1,79,0
-6,-4,46,1,79,0
-1,0,54,1,79,0
4,-7,57,1,79,0
0,2,59,1,79,0
4,6,59,1,79,0
5,7,68,1,79,0
7,-6,71,1,79,0
6,8,75,1,79,0
8,1,9,1,79,0
0,-6,14,1,79,0
-6,6,19,1,79,0
3,-5,35,1,79,0
-2,2,46,1,79,0
3,6,53,1,79,0
7,-7,78,1,79,0
5,8,78,1,79,0
6,0,18,1,79,0
0,-7,14,1,79,0
7,1,19,1,79,0
-5,6,25,1,79,0
8,2,27,1,79,0
8,-1,35,1,79,0
2,6,47,1,79,0
-1,2,53,1,79,0
6,-5,54,1,79,0
-2,-4,71,1,79,0
-1,3,4,1,79,0
5,0,12,1,79,0
0,-8,7,1,79,0
-2,4,11,1,79,0
7,2,25,1,79,0
8,3,28,1,79,0
-4,6,31,1,79,0
3,-7,36,1,79,0
8,-2,47,1,79,0
1,6,41,1,79,0
-5,-4,53,1,79,0
6,-6,77,1,79,0
2,7,78,1,79,0
4,0,6,1,79,0
-2,5,18,1,79,0
2,-5,29,1,79,0
7,3,33,1,79,0
-3,6,34,1,79,0
-8,-4,34,1,79,0
0,6,34,1,79,0
1,7,76,1,79,0
6,-7,78,1,79,0
-2,6,19,1,79,0
7,-1,39,1,79,0
3,0,23,1,79,0
7,4,39,1,79,0
-3,7,41,1,79,0
8,5,46,1,79,0
5,-5,47,1,79,0
8,-4,58,1,79,0
0,7,66,1,79,0
1,8,69,1,79,0
-1,-4,78,1,79,0
-1,6,28,1,80,0
2,-7,29,1,80,0
3,1,29,1,80,0
2,0,35,1,80,0
4,2,37,1,80,0
-3,8,44,1,80,0
5,3,47,1,80,0
7,-2,48,1,80,0
-2,7,52,1,80,0
7,5,53,1,80,0
6,4,58,1,80,0
-4,-4,59,1,80,0
8,-5,64,1,80,0
0,8,68,1,80,0
5,-6,74,1,80,0
-7,3,13,1,80,0
3,-1,17,1,80,0
-6,2,21,1,80,0
1,-5,22,1,80,0
3,2,36,1,80,0
-7,-4,39,1,80,0
1,0,41,1,80,0
4,3,46,1,80,0
7,-3,73,1,80,0
5,4,55,1,80,0
-1,7,59,1,80,0
5,-7,59,1,80,0
7,6,59,1,80,0
6,5,63,1,80,0
8,7,66,1,80,0
8,-6,69,1,80,0
-4,0,79,1,80,0
-7,4,6,1,80,0
3,-2,8,1,80,0
6,-1,22,1,80,0
-5,2,28,1,80,0
4,-5,41,1,80,0
0,0,48,1,80,0
7,-4,64,1,80,0
-1,8,58,1,80,0
-3,0,66,1,80,0
8,8,68,1,80,0
2,2,71,1,80,0
5,5,72,1,80,0
7,7,79,1,80,0
4,4,79,1,80,0
3,3,79,1,80,0
3,-3,1,1,80,0
-7,5,9,1,80,0
1,-7,23,1,80,0
-4,2,34,1,80,0
4,-6,56,1,80,0
0,1,56,1,80,0
-2,0,59,1,80,0
7,-5,61,1,80,0
-3,-4,65,1,80,0
5,6,65,1,80,0
1,2,66,1,80,0
6,7,72,1,80,0
7,8,73,1,80,0
6,-2,79,1,80,0
2,3,76,1,80,0
4,5,78,1,80,0
8,-8,79,1,80,0
0,-4,79,1,80,0
9,1,3,1,80,0
-7,6,11,1,80,0
1,-8,17,1,80,0
-3,2,39,1,80,0
-6,-4,46,1,80,0
-1,0,54,1,80,0
4,-7,57,1,80,0
0,2,59,1,80,0
4,6,59,1,80,0
5,7,68,1,80,0
7,-6,71,1,80,0
6,8,75,1,80,0
8,1,9,1,80,0
0,-6,14,1,80,0
-6,6,19,1,80,0
3,-5,35,1,80,0
-2,2,46,1,80,0
3,6,53,1,80,0
7,-7,78,1,80,0
5,8,79,1,80,0
6,0,18,1,80,0
0,-7,14,1,80,0
7,1,19,1,80,0
-5,6,25,1,80,0
8,2,27,1,80,0
8,-1,35,1,80,0
2,6,47,1,80,0
-1,2,53,1,80,0
6,-5,54,1,80,0
-2,-4,71,1,80,0
-1,3,4,1,80,0
5,0,12,1,80,0
0,-8,7,1,80,0
-2,4,11,1,80,0
7,2,25,1,80,0
8,3,28,1,80,0
-4,6,31,1,80,0
3,-7,36,1,80,0
8,-2,47,1,80,0
1,6,41,1,80,0
-5,-4,53,1,80,0
6,-6,77,1,80,0
2,7,79,1,80,0
4,0,6,1,80,0
-2,5,18,1,80,0
2,-5,29,1,80,0
7,3,33,1,80,0
-3,6,34,1,80,0
-8,-4,34,1,80,0
0,6,34,1,80,0
1,7,76,1,80,0
6,-7,79,1,80,0
-2,6,19,1,80,0
7,-1,39,1,80,0
3,0,23,1,80,0
7,4,39,1,80,0
-3,7,41,1,80,0
8,5,46,1,80,0
5,-5,47,1,80,0
8,-4,58,1,80,0
0,7,66,1,80,0
1,8,69,1,80,0
-1,-4,78,1,80,0
-1,6,28,1,81,0
2,-7,29,1,81,0
3,1,29,1,81,0
2,0,35,1,81,0
4,2,37,1,81,0
-3,8,44,1,81,0
5,3,47,1,81,0
7,-2,48,1,81,0
-2,7,52,1,81,0
7,5,53,1,81,0
6,4,58,1,81,0
-4,-4,59,1,81,0
8,-5,64,1,81,0
0,8,68,1,81,0
5,-6,74,1,81,0
-7,3,13,1,81,0
3,-1,17,1,81,0
-6,2,21,1,81,0
1,-5,22,1,81,0
3,2,36,1,81,0
-7,-4,39,1,81,0
1,0,41,1,81,0
4,3,46,1,81,0
7,-3,73,1,81,0
5,4,55,1,81,0
-1,7,59,1,81,0
5,-7,59,1,81,0
7,6,59,1,81,0
6,5,63,1,81,0
8,7,66,1,81,0
8,-6,69,1,81,0
-4,0,79,1,81,0
-7,4,6,1,81,0
3,-2,8,1,81,0
6,-1,22,1,81,0
-5,2,28,1,81,0
4,-5,41,1,81,0
0,0,48,1,81,0
7,-4,64,1,81,0
-1,8,58,1,81,0
-3,0,66,1,81,0
8,8,68,1,81,0
2,2,71,1,81,0
5,5,72,1,81,0
7,7,79,1,81,0
4,4,79,1,81,0
3,3,79,1,81,0
3,-3,1,1,81,0
-7,5,9,1,81,0
1,-7,23,1,81,0
-4,2,34,1,81,0
4,-6,56,1,81,0
0,1,56,1,81,0
-2,0,59,1,81,0
7,-5,61,1,81,0
-3,-4,65,1,81,0
5,6,65,1,81,0
1,2,66,1,81,0
6,7,72,1,81,0
7,8,73,1,81,0
6,-2,79,1,81,0
2,3,76,1,81,0
4,5,78,1,81,0
8,-8,79,1,81,0
0,-4,79,1,81,0
9,1,3,1,81,0
-7,6,11,1,81,0
1,-8,17,1,81,0
-3,2,39,1,81,0
-6,-4,46,1,81,0
-1,0,54,1,81,0
4,-7,57,1,81,0
0,2,59,1,81,0
4,6,59,1,81,0
5,7,68,1,81,0
7,-6,71,1,81,0
6,8,75,1,81,0
8,1,9,1,81,0
0,-6,14,1,81,0
-6,6,19,1,81,0
3,-5,35,1,81,0
-2,2,46,1,81,0
3,6,53,1,81,0
7,-7,78,1,81,0
5,8,79,1,81,0
6,0,18,1,81,0
0,-7,14,1,81,0
7,1,19,1,81,0
-5,6,25,1,81,0
8,2,27,1,81,0
8,-1,35,1,81,0
2,6,47,1,81,0
-1,2,53,1,81,0
6,-5,54,1,81,0
-2,-4,71,1,81,0
5,-2,81,1,81,0
-1,3,4,1,81,0
5,0,12,1,81,0
0,-8,7,1,81,0
-2,4,11,1,81,0
7,2,25,1,81,0
8,3,28,1,81,0
-4,6,31,1,81,0
3,-7,36,1,81,0
8,-2,47,1,81,0
1,6,41,1,81,0
-5,-4,53,1,81,0
6,-6,77,1,81,0
2,7,79,1,81,0
4,0,6,1,81,0
-2,5,18,1,81,0
2,-5,29,1,81,0
7,3,33,1,81,0
-3,6,34,1,81,0
-8,-4,34,1,81,0
0,6,34,1,81,0
1,7,76,1,81,0
6,-7,79,1,81,0
-2,6,19,1,81,0
7,-1,39,1,81,0
3,0,23,1,81,0
7,4,39,1,81,0
-3,7,41,1,81,0
8,5,46,1,81,0
5,-5,47,1,81,0
8,-4,58,1,81,0
0,7,66,1,81,0
1,8,69,1,81,0
-1,-4,78,1,81,0
-1,6,28,1,82,0
2,-7,29,1,82,0
3,1,29,1,82,0
2,0,35,1,82,0
4,2,37,1,82,0
-3,8,44,1,82,0
5,3,47,1,82,0
7,-2,48,1,82,0
-2,7,52,1,82,0
7,5,53,1,82,0
6,4,58,1,82,0
-4,-4,59,1,82,0
8,-5,64,1,82,0
0,8,68,1,82,0
5,-6,74,1,82,0
-7,3,13,1,82,0
3,-1,17,1,82,0
-6,2,21,1,82,0
1,-5,22,1,82,0
3,2,36,1,82,0
-7,-4,39,1,82,0
1,0,41,1,82,0
4,3,46,1,82,0
7,-3,73,1,82,0
5,4,55,1,82,0
-1,7,59,1,82,0
5,-7,59,1,82,0
7,6,59,1,82,0
6,5,63,1,82,0
8,7,66,1,82,0
8,-6,69,1,82,0
-4,0,81,1,82,0
-7,4,6,1,82,0
3,-2,8,1,82,0
6,-1,22,1,82,0
-5,2,28,1,82,0
4,-5,41,1,82,0
0,0,48,1,82,0
7,-4,64,1,82,0
-1,8,58,1,82,0
-3,0,66,1,82,0
8,8,68,1,82,0
2,2,71,1,82,0
5,5,72,1,82,0
3,3,79,1,82,0
7,7,81,1,82,0
4,4,81,1,82,0
3,-3,1,1,82,0
-7,5,9,1,82,0
1,-7,23,1,82,0
-4,2,34,1,82,0
4,-6,56,1,82,0
0,1,56,1,82,0
-2,0,59,1,82,0
7,-5,61,1,82,0
-3,-4,65,1,82,0
5,6,65,1,82,0
1,2,66,1,82,0
6,7,72,1,82,0
7,8,73,1,82,0
6,-2,79,1,82,0
2,3,76,1,82,0
4,5,78,1,82,0
8,-8,81,1,82,0
3,4,81,1,82,0
0,-4,81,1,82,0
9,1,3,1,82,0
-7,6,11,1,82,0
1,-8,17,1,82,0
-3,2,39,1,82,0
-6,-4,46,1,82,0
-1,0,54,1,82,0
4,-7,57,1,82,0
0,2,59,1,82,0
4,6,59,1,82,0
7,-6,71,1,82,0
6,8,75,1,82,0
5,7,81,1,82,0
8,1,9,1,82,0
0,-6,14,1,82,0
-6,6,19,1,82,0
3,-5,35,1,82,0
-2,2,46,1,82,0
3,6,53,1,82,0
7,-7,78,1,82,0
5,8,79,1,82,0
6,0,18,1,82,0
0,-7,14,1,82,0
7,1,19,1,82,0
-5,6,25,1,82,0
8,2,27,1,82,0
8,-1,35,1,82,0
2,6,47,1,82,0
-1,2,53,1,82,0
6,-5,54,1,82,0
-2,-4,71,1,82,0
5,-2,82,1,82,0
-1,3,4,1,82,0
5,0,12,1,82,0
0,-8,7,1,82,0
-2,4,11,1,82,0
7,2,25,1,82,0
8,3,28,1,82,0
-4,6,31,1,82,0
3,-7,36,1,82,0
8,-2,47,1,82,0
1,6,41,1,82,0
-5,-4,53,1,82,0
6,-6,77,1,82,0
2,7,81,1,82,0
4,0,6,1,82,0
-2,5,18,1,82,0
2,-5,29,1,82,0
7,3,33,1,82,0
-3,6,34,1,82,0
-8,-4,34,1,82,0
0,6,34,1,82,0
1,7,76,1,82,0
6,-7,81,1,82,0
-2,6,19,1,82,0
7,-1,39,1,82,0
3,0,23,1,82,0
7,4,39,1,82,0
-3,7,41,1,82,0
8,5,46,1,82,0
5,-5,47,1,82,0
8,-4,58,1,82,0
0,7,66,1,82,0
1,8,69,1,82,0
-1,-4,78,1,82,0
-1,6,28,1,83,0
2,-7,29,1,83,0
3,1,29,1,83,0
2,0,35,1,83,0
4,2,37,1,83,0
-3,8,44,1,83,0
5,3,47,1,83,0
7,-2,48,1,83,0
-2,7,52,1,83,0
7,5,53,1,83,0
6,4,58,1,83,0
-4,-4,59,1,83,0
8,-5,64,1,83,0
0,8,68,1,83,0
5,-6,74,1,83,0
-7,3,13,1,83,0
3,-1,17,1,83,0
-6,2,21,1,83,0
1,-5,22,1,83,0
3,2,36,1,83,0
-7,-4,39,1,83,0
1,0,41,1,83,0
4,3,46,1,83,0
7,-3,73,1,83,0
5,4,55,1,83,0
-1,7,59,1,83,0
5,-7,59,1,83,0
7,6,59,1,83,0
6,5,63,1,83,0
8,7,66,1,83,0
8,-6,69,1,83,0
-4,0,82,1,83,0
-7,4,6,1,83,0
3,-2,8,1,83,0
6,-1,22,1,83,0
-5,2,28,1,83,0
4,-5,41,1,83,0
0,0,48,1,83,0
7,-4,64,1,83,0
-1,8,58,1,83,0
-3,0,66,1,83,0
8,8,68,1,83,0
2,2,71,1,83,0
5,5,72,1,83,0
3,3,79,1,83,0
7,7,82,1,83,0
4,4,82,1,83,0
3,-3,1,1,83,0
-7,5,9,1,83,0
1,-7,23,1,83,0
-4,2,34,1,83,0
4,-6,56,1,83,0
0,1,56,1,83,0
-2,0,59,1,83,0
7,-5,61,1,83,0
-3,-4,65,1,83,0
5,6,65,1,83,0
1,2,66,1,83,0
6,7,72,1,83,0
7,8,73,1,83,0
6,-2,79,1,83,0
2,3,76,1,83,0
4,5,78,1,83,0
8,-8,82,1,83,0
3,4,82,1,83,0
0,-4,82,1,83,0
9,1,3,1,83,0
-7,6,11,1,83,0
1,-8,17,1,83,0
-3,2,39,1,83,0
-6,-4,46,1,83,0
-1,0,54,1,83,0
4,-7,57,1,83,0
0,2,59,1,83,0
4,6,59,1,83,0
7,-6,71,1,83,0
6,8,75,1,83,0
5,7,82,1,83,0
8,1,9,1,83,0
0,-6,14,1,83,0
-6,6,19,1,83,0
3,-5,35,1,83,0
-2,2,46,1,83,0
3,6,53,1,83,0
7,-7,78,1,83,0
5,8,79,1,83,0
6,0,18,1,83,0
0,-7,14,1,83,0
7,1,19,1,83,0
-5,6,25,1,83,0
8,2,27,1,83,0
8,-1,35,1,83,0
2,6,47,1,83,0
-1,2,53,1,83,0
6,-5,54,1,83,0
-2,-4,71,1,83,0
5,-2,83,1,83,0
-1,3,4,1,83,0
5,0,12,1,83,0
0,-8,7,1,83,0
-2,4,11,1,83,0
7,2,25,1,83,0
8,3,28,1,83,0
-4,6,31,1,83,0
3,-7,36,1,83,0
8,-2,47,1,83,0
1,6,41,1,83,0
-5,-4,53,1,83,0
6,-6,77,1,83,0
2,7,82,1,83,0
4,0,6,1,83,0
-2,5,18,1,83,0
2,-5,29,1,83,0
7,3,33,1,83,0
-3,6,34,1,83,0
-8,-4,34,1,83,0
0,6,34,1,83,0
1,7,76,1,83,0
6,-7,82,1,83,0
-2,6,19,1,83,0
7,-1,39,1,83,0
3,0,23,1,83,0
7,4,39,1,83,0
-3,7,41,1,83,0
8,5,46,1,83,0
5,-5,47,1,83,0
8,-4,58,1,83,0
0,7,66,1,83,0
1,8,69,1,83,0
-1,-4,78,1,83,0
-1,6,28,1,84,0
2,-7,29,1,84,0
3,1,29,1,84,0
2,0,35,1,84,0
4,2,37,1,84,0
-3,8,44,1,84,0
5,3,47,1,84,0
7,-2,48,1,84,0
-2,7,52,1,84,0
7,5,53,1,84,0
6,4,58,1,84,0
-4,-4,59,1,84,0
8,-5,64,1,84,0
0,8,68,1,84,0
5,-6,74,1,84,0
-7,3,13,1,84,0
3,-1,17,1,84,0
-6,2,21,1,84,0
1,-5,22,1,84,0
3,2,36,1,84,0
-7,-4,39,1,84,0
1,0,41,1,84,0
4,3,46,1,84,0
7,-3,73,1,84,0
5,4,55,1,84,0
-1,7,59,1,84,0
5,-7,59,1,84,0
6,5,63,1,84,0
8,7,66,1,84,0
8,-6,69,1,84,0
7,6,83,1,84,0
-4,0,83,1,84,0
-7,4,6,1,84,0
3,-2,8,1,84,0
6,-1,22,1,84,0
-5,2,28,1,84,0
4,-5,41,1,84,0
0,0,48,1,84,0
7,-4,64,1,84,0
-1,8,58,1,84,0
-3,0,66,1,84,0
8,8,68,1,84,0
2,2,71,1,84,0
5,5,72,1,84,0
3,3,79,1,84,0
7,7,82,1,84,0
4,4,83,1,84,0
3,-3,1,1,84,0
-7,5,9,1,84,0
1,-7,23,1,84,0
-4,2,34,1,84,0
4,-6,56,1,84,0
0,1,56,1,84,0
-2,0,59,1,84,0
7,-5,61,1,84,0
-3,-4,65,1,84,0
5,6,65,1,84,0
1,2,66,1,84,0
6,7,72,1,84,0
7,8,73,1,84,0
6,-2,79,1,84,0
2,3,76,1,84,0
4,5,78,1,84,0
8,-8,83,1,84,0
3,4,83,1,84,0
0,-4,83,1,84,0
9,1,3,1,84,0
-7,6,11,1,84,0
1,-8,17,1,84,0
-3,2,39,1,84,0
-6,-4,46,1,84,0
-1,0,54,1,84,0
4,-7,57,1,84,0
0,2,59,1,84,0
4,6,59,1,84,0
7,-6,71,1,84,0
6,8,75,1,84,0
5,7,83,1,84,0
8,1,9,1,84,0
0,-6,14,1,84,0
-6,6,19,1,84,0
3,-5,35,1,84,0
-2,2,46,1,84,0
3,6,53,1,84,0
7,-7,78,1,84,0
5,8,79,1,84,0
6,0,18,1,84,0
0,-7,14,1,84,0
7,1,19,1,84,0
-5,6,25,1,84,0
8,2,27,1,84,0
8,-1,35,1,84,0
2,6,47,1,84,0
-1,2,53,1,84,0
6,-5,54,1,84,0
-2,-4,71,1,84,0
5,-2,84,1,84,0
-1,3,4,1,84,0
5,0,12,1,84,0
0,-8,7,1,84,0
-2,4,11,1,84,0
7,2,25,1,84,0
8,3,28,1,84,0
-4,6,31,1,84,0
3,-7,36,1,84,0
8,-2,47,1,84,0
1,6,41,1,84,0
-5,-4,53,1,84,0
6,-6,77,1,84,0
2,7,83,1,84,0
4,0,6,1,84,0
-2,5,18,1,84,0
2,-5,29,1,84,0
7,3,33,1,84,0
-3,6,34,1,84,0
-8,-4,34,1,84,0
0,6,34,1,84,0
1,7,76,1,84,0
6,-7,83,1,84,0
-2,6,19,1,84,0
7,-1,39,1,84,0
3,0,23,1,84,0
7,4,39,1,84,0
-3,7,41,1,84,0
8,5,46,1,84,0
5,-5,47,1,84,0
8,-4,58,1,84,0
0,7,66,1,84,0
1,8,69,1,84,0
-1,-4,78,1,84,0
-1,6,28,1,85,0
2,-7,29,1,85,0
3,1,29,1,85,0
2,0,35,1,85,0
4,2,37,1,85,0
-3,8,44,1,85,0
5,3,47,1,85,0
7,-2,48,1,85,0
-2,7,52,1,85,0
7,5,53,1,85,0
6,4,58,1,85,0
-4,-4,59,1,85,0
8,-5,64,1,85,0
0,8,68,1,85,0
5,-6,74,1,85,0
-7,3,13,1,85,0
3,-1,17,1,85,0
-6,2,21,1,85,0
1,-5,22,1,85,0
3,2,36,1,85,0
-7,-4,39,1,85,0
1,0,41,1,85,0
4,3,46,1,85,0
7,-3,73,1,85,0
5,4,55,1,85,0
-1,7,59,1,85,0
5,-7,59,1,85,0
6,5,63,1,85,0
8,7,66,1,85,0
8,-6,69,1,85,0
7,6,83,1,85,0
-4,0,84,1,85,0
-7,4,6,1,85,0
3,-2,8,1,85,0
6,-1,22,1,85,0
-5,2,28,1,85,0
4,-5,41,1,85,0
0,0,48,1,85,0
7,-4,64,1,85,0
-1,8,58,1,85,0
-3,0,66,1,85,0
8,8,68,1,85,0
2,2,71,1,85,0
5,5,72,1,85,0
3,3,79,1,85,0
7,7,82,1,85,0
4,4,84,1,85,0
3,-3,1,1,85,0
-7,5,9,1,85,0
1,-7,23,1,85,0
-4,2,34,1,85,0
4,-6,56,1,85,0
0,1,56,1,85,0
-2,0,59,1,85,0
7,-5,61,1,85,0
-3,-4,65,1,85,0
5,6,65,1,85,0
1,2,66,1,85,0
6,7,72,1,85,0
7,8,73,1,85,0
6,-2,79,1,85,0
2,3,76,1,85,0
4,5,78,1,85,0
8,-8,84,1,85,0
3,4,84,1,85,0
0,-4,84,1,85,0
9,1,3,1,85,0
-7,6,11,1,85,0
1,-8,17,1,85,0
-3,2,39,1,85,0
-6,-4,46,1,85,0
-1,0,54,1,85,0
4,-7,57,1,85,0
0,2,59,1,85,0
4,6,59,1,85,0
7,-6,71,1,85,0
6,8,75,1,85,0
5,7,84,1,85,0
8,1,9,1,85,0
0,-6,14,1,85,0
-6,6,19,1,85,0
3,-5,35,1,85,0
-2,2,46,1,85,0
3,6,53,1,85,0
7,-7,78,1,85,0
5,8,79,1,85,0
6,0,18,1,85,0
0,-7,14,1,85,0
7,1,19,1,85,0
-5,6,25,1,85,0
8,2,27,1,85,0
8,-1,35,1,85,0
2,6,47,1,85,0
-1,2,53,1,85,0
6,-5,54,1,85,0
-2,-4,71,1,85,0
5,-2,84,1,85,0
3,7,84,1,85,0
-1,3,4,1,85,0
5,0,12,1,85,0
0,-8,7,1,85,0
-2,4,11,1,85,0
7,2,25,1,85,0
8,3,28,1,85,0
-4,6,31,1,85,0
3,-7,36,1,85,0
8,-2,47,1,85,0
1,6,41,1,85,0
-5,-4,53,1,85,0
6,-6,77,1,85,0
2,7,83,1,85,0
5,-3,85,1,85,0
4,0,6,1,85,0
-2,5,18,1,85,0
2,-5,29,1,85,0
7,3,33,1,85,0
-3,6,34,1,85,0
-8,-4,34,1,85,0
0,6,34,1,85,0
1,7,76,1,85,0
6,-7,84,1,85,0
-2,6,19,1,85,0
7,-1,39,1,85,0
3,0,23,1,85,0
7,4,39,1,85,0
-3,7,41,1,85,0
8,5,46,1,85,0
5,-5,47,1,85,0
8,-4,58,1,85,0
0,7,66,1,85,0
1,8,69,1,85,0
-1,-4,78,1,85,0
-1,6,28,1,86,0
2,-7,29,1,86,0
3,1,29,1,86,0
2,0,35,1,86,0
4,2,37,1,86,0
-3,8,44,1,86,0
5,3,47,1,86,0
7,-2,48,1,86,0
-2,7,52,1,86,0
7,5,53,1,86,0
6,4,58,1,86,0
-4,-4,59,1,86,0
8,-5,64,1,86,0
0,8,68,1,86,0
5,-6,74,1,86,0
8,6,84,1,86,0
1,-4,85,1,86,0
-7,3,13,1,86,0
3,-1,17,1,86,0
-6,2,21,1,86,0
1,-5,22,1,86,0
3,2,36,1,86,0
-7,-4,39,1,86,0
1,0,41,1,86,0
4,3,46,1,86,0
7,-3,73,1,86,0
5,4,55,1,86,0
-1,7,59,1,86,0
5,-7,59,1,86,0
6,5,63,1,86,0
8,7,66,1,86,0
8,-6,69,1,86,0
7,6,83,1,86,0
-4,0,85,1,86,0
-7,4,6,1,86,0
3,-2,8,1,86,0
6,-1,22,1,86,0
-5,2,28,1,86,0
4,-5,41,1,86,0
0,0,48,1,86,0
7,-4,64,1,86,0
-1,8,58,1,86,0
-3,0,66,1,86,0
8,8,68,1,86,0
2,2,71,1,86,0
5,5,72,1,86,0
3,3,79,1,86,0
7,7,82,1,86,0
4,4,85,1,86,0
3,-3,1,1,86,0
-7,5,9,1,86,0
1,-7,23,1,86,0
-4,2,34,1,86,0
4,-6,56,1,86,0
0,1,56,1,86,0
-2,0,59,1,86,0
7,-5,61,1,86,0
-3,-4,65,1,86,0
5,6,65,1,86,0
1,2,66,1,86,0
6,7,72,1,86,0
7,8,73,1,86,0
6,-2,79,1,86,0
2,3,76,1,86,0
4,5,78,1,86,0
0,-4,84,1,86,0
8,-8,85,1,86,0
3,4,85,1,86,0
9,1,3,1,86,0
-7,6,11,1,86,0
1,-8,17,1,86,0
-3,2,39,1,86,0
-6,-4,46,1,86,0
-1,0,54,1,86,0
4,-7,57,1,86,0
0,2,59,1,86,0
4,6,59,1,86,0
7,-6,71,1,86,0
6,8,75,1,86,0
5,7,84,1,86,0
8,1,9,1,86,0
0,-6,14,1,86,0
-6,6,19,1,86,0
3,-5,35,1,86,0
-2,2,46,1,86,0
3,6,53,1,86,0
7,-7,78,1,86,0
5,8,79,1,86,0
4,7,85,1,86,0
6,0,18,1,86,0
0,-7,14,1,86,0
7,1,19,1,86,0
-5,6,25,1,86,0
8,2,27,1,86,0
8,-1,35,1,86,0
2,6,47,1,86,0
-1,2,53,1,86,0
6,-5,54,1,86,0
-2,-4,71,1,86,0
5,-2,84,1,86,0
3,7,85,1,86,0
-1,3,4,1,86,0
5,0,12,1,86,0
0,-8,7,1,86,0
-2,4,11,1,86,0
7,2,25,1,86,0
8,3,28,1,86,0
-4,6,31,1,86,0
3,-7,36,1,86,0
8,-2,47,1,86,0
1,6,41,1,86,0
-5,-4,53,1,86,0
6,-6,77,1,86,0
2,7,83,1,86,0
5,-3,86,1,86,0
4,0,6,1,86,0
-2,5,18,1,86,0
2,-5,29,1,86,0
7,3,33,1,86,0
-3,6,34,1,86,0
-8,-4,34,1,86,0
0,6,34,1,86,0
1,7,76,1,86,0
6,-7,84,1,86,0
-2,6,19,1,86,0
7,-1,39,1,86,0
3,0,23,1,86,0
7,4,39,1,86,0
-3,7,41,1,86,0
8,5,46,1,86,0
5,-5,47,1,86,0
8,-4,58,1,86,0
0,7,66,1,86,0
1,8,69,1,86,0
-1,-4,78,1,86,0
6,-8,85,1,86,0
-1,6,28,1,87,0
2,-7,29,1,87,0
3,1,29,1,87,0
2,0,35,1,87,0
4,2,37,1,87,0
-3,8,44,1,87,0
5,3,47,1,87,0
7,-2,48,1,87,0
-2,7,52,1,87,0
7,5,53,1,87,0
6,4,58,1,87,0
-4,-4,59,1,87,0
8,-5,64,1,87,0
0,8,68,1,87,0
5,-6,74,1,87,0
8,6,85,1,87,0
1,-4,86,1,87,0
4,-3,87,1,87,0
-7,3,13,1,87,0
3,-1,17,1,87,0
-6,2,21,1,87,0
1,-5,22,1,87,0
3,2,36,1,87,0
-7,-4,39,1,87,0
1,0,41,1,87,0
4,3,46,1,87,0
7,-3,73,1,87,0
5,4,55,1,87,0
-1,7,59,1,87,0
5,-7,59,1,87,0
6,5,63,1,87,0
8,7,66,1,87,0
8,-6,69,1,87,0
7,6,83,1,87,0
-4,0,86,1,87,0
-7,4,6,1,87,0
3,-2,8,1,87,0
6,-1,22,1,87,0
-5,2,28,1,87,0
4,-5,41,1,87,0
0,0,48,1,87,0
7,-4,64,1,87,0
-1,8,58,1,87,0
-3,0,66,1,87,0
8,8,68,1,87,0
2,2,71,1,87,0
5,5,72,1,87,0
3,3,79,1,87,0
7,7,82,1,87,0
4,4,86,1,87,0
3,-3,1,1,87,0
-7,5,9,1,87,0
1,-7,23,1,87,0
-4,2,34,1,87,0
4,-6,56,1,87,0
0,1,56,1,87,0
-2,0,59,1,87,0
7,-5,61,1,87,0
-3,-4,65,1,87,0
5,6,65,1,87,0
1,2,66,1,87,0
6,7,72,1,87,0
7,8,73,1,87,0
6,-2,79,1,87,0
2,3,76,1,87,0
4,5,78,1,87,0
0,-4,84,1,87,0
8,-8,86,1,87,0
3,4,86,1,87,0
9,1,3,1,87,0
-7,6,11,1,87,0
1,-8,17,1,87,0
-3,2,39,1,87,0
-6,-4,46,1,87,0
-1,0,54,1,87,0
4,-7,57,1,87,0
0,2,59,1,87,0
4,6,59,1,87,0
7,-6,71,1,87,0
6,8,75,1,87,0
5,7,84,1,87,0
8,1,9,1,87,0
0,-6,14,1,87,0
-6,6,19,1,87,0
3,-5,35,1,87,0
-2,2,46,1,87,0
3,6,53,1,87,0
7,-7,78,1,87,0
5,8,79,1,87,0
4,7,86,1,87,0
6,0,18,1,87,0
0,-7,14,1,87,0
7,1,19,1,87,0
-5,6,25,1,87,0
8,2,27,1,87,0
8,-1,35,1,87,0
2,6,47,1,87,0
-1,2,53,1,87,0
6,-5,54,1,87,0
-2,-4,71,1,87,0
5,-2,84,1,87,0
3,7,85,1,87,0
-1,3,4,1,87,0
5,0,12,1,87,0
0,-8,7,1,87,0
-2,4,11,1,87,0
7,2,25,1,87,0
8,3,28,1,87,0
-4,6,31,1,87,0
3,-7,36,1,87,0
8,-2,47,1,87,0
1,6,41,1,87,0
-5,-4,53,1,87,0
6,-6,77,1,87,0
2,7,83,1,87,0
5,-3,86,1,87,0
3,8,86,1,87,0
4,0,6,1,87,0
-2,5,18,1,87,0
2,-5,29,1,87,0
7,3,33,1,87,0
-3,6,34,1,87,0
-8,-4,34,1,87,0
0,6,34,1,87,0
1,7,76,1,87,0
6,-7,84,1,87,0
-2,6,19,1,87,0
7,-1,39,1,87,0
3,0,23,1,87,0
7,4,39,1,87,0
-3,7,41,1,87,0
8,5,46,1,87,0
5,-5,47,1,87,0
8,-4,58,1,87,0
0,7,66,1,87,0
1,8,69,1,87,0
-1,-4,78,1,87,0
6,-8,86,1,87,0
-1,6,28,1,88,0
2,-7,29,1,88,0
3,1,29,1,88,0
2,0,35,1,88,0
4,2,37,1,88,0
-3,8,44,1,88,0
5,3,47,1,88,0
7,-2,48,1,88,0
-2,7,52,1,88,0
7,5,53,1,88,0
6,4,58,1,88,0
-4,-4,59,1,88,0
8,-5,64,1,88,0
0,8,68,1,88,0
5,-6,74,1,88,0
1,-4,86,1,88,0
4,-3,87,1,88,0
8,6,86,1,88,0
-7,3,13,1,88,0
3,-1,17,1,88,0
-6,2,21,1,88,0
1,-5,22,1,88,0
3,2,36,1,88,0
-7,-4,39,1,88,0
1,0,41,1,88,0
4,3,46,1,88,0
7,-3,73,1,88,0
5,4,55,1,88,0
-1,7,59,1,88,0
5,-7,59,1,88,0
6,5,63,1,88,0
8,7,66,1,88,0
8,-6,69,1,88,0
7,6,83,1,88,0
-4,0,87,1,88,0
-7,4,6,1,88,0
3,-2,8,1,88,0
6,-1,22,1,88,0
-5,2,28,1,88,0
4,-5,41,1,88,0
0,0,48,1,88,0
7,-4,64,1,88,0
-1,8,58,1,88,0
-3,0,66,1,88,0
8,8,68,1,88,0
2,2,71,1,88,0
5,5,72,1,88,0
3,3,79,1,88,0
7,7,82,1,88,0
4,4,86,1,88,0
3,-3,1,1,88,0
-7,5,9,1,88,0
1,-7,23,1,88,0
-4,2,34,1,88,0
4,-6,56,1,88,0
0,1,56,1,88,0
-2,0,59,1,88,0
7,-5,61,1,88,0
-3,-4,65,1,88,0
5,6,65,1,88,0
1,2,66,1,88,0
6,7,72,1,88,0
7,8,73,1,88,0
6,-2,79,1,88,0
2,3,76,1,88,0
0,-4,84,1,88,0
8,-8,86,1,88,0
4,5,87,1,88,0
3,4,87,1,88,0
9,1,3,1,88,0
-7,6,11,1,88,0
1,-8,17,1,88,0
-3,2,39,1,88,0
-6,-4,46,1,88,0
-1,0,54,1,88,0
4,-7,57,1,88,0
0,2,59,1,88,0
4,6,59,1,88,0
7,-6,71,1,88,0
6,8,75,1,88,0
5,7,84,1,88,0
8,1,9,1,88,0
0,-6,14,1,88,0
-6,6,19,1,88,0
3,-5,35,1,88,0
-2,2,46,1,88,0
3,6,53,1,88,0
5,8,79,1,88,0
7,-7,87,1,88,0
4,7,87,1,88,0
6,0,18,1,88,0
0,-7,14,1,88,0
7,1,19,1,88,0
-5,6,25,1,88,0
8,2,27,1,88,0
8,-1,35,1,88,0
2,6,47,1,88,0
-1,2,53,1,88,0
6,-5,54,1,88,0
-2,-4,71,1,88,0
5,-2,84,1,88,0
3,7,85,1,88,0
-1,3,4,1,88,0
5,0,12,1,88,0
0,-8,7,1,88,0
-2,4,11,1,88,0
7,2,25,1,88,0
8,3,28,1,88,0
-4,6,31,1,88,0
3,-7,36,1,88,0
8,-2,47,1,88,0
1,6,41,1,88,0
-5,-4,53,1,88,0
6,-6,77,1,88,0
2,7,83,1,88,0
5,-3,88,1,88,0
3,8,87,1,88,0
4,0,6,1,88,0
-2,5,18,1,88,0
2,-5,29,1,88,0
7,3,33,1,88,0
-3,6,34,1,88,0
-8,-4,34,1,88,0
0,6,34,1,88,0
1,7,76,1,88,0
6,-7,84,1,88,0
-2,6,19,1,88,0
7,-1,39,1,88,0
3,0,23,1,88,0
7,4,39,1,88,0
-3,7,41,1,88,0
8,5,46,1,88,0
5,-5,47,1,88,0
8,-4,58,1,88,0
0,7,66,1,88,0
1,8,69,1,88,0
-1,-4,78,1,88,0
6,-8,87,1,88,0
1,-3,87,1,88,0
-1,6,28,1,89,0
2,-7,29,1,89,0
3,1,29,1,89,0
2,0,35,1,89,0
4,2,37,1,89,0
-3,8,44,1,89,0
5,3,47,1,89,0
7,-2,48,1,89,0
-2,7,52,1,89,0
7,5,53,1,89,0
6,4,58,1,89,0
-4,-4,59,1,89,0
8,-5,64,1,89,0
0,8,68,1,89,0
5,-6,74,1,89,0
1,-4,86,1,89,0
4,-3,87,1,89,0
8,6,87,1,89,0
-7,3,13,1,89,0
3,-1,17,1,89,0
-6,2,21,1,89,0
1,-5,22,1,89,0
3,2,36,1,89,0
-7,-4,39,1,89,0
1,0,41,1,89,0
4,3,46,1,89,0
7,-3,73,1,89,0
5,4,55,1,89,0
-1,7,59,1,89,0
5,-7,59,1,89,0
6,5,63,1,89,0
8,7,66,1,89,0
8,-6,69,1,89,0
7,6,83,1,89,0
-4,0,88,1,89,0
-7,4,6,1,89,0
3,-2,8,1,89,0
6,-1,22,1,89,0
-5,2,28,1,89,0
4,-5,41,1,89,0
0,0,48,1,89,0
7,-4,64,1,89,0
-1,8,58,1,89,0
-3,0,66,1,89,0
8,8,68,1,89,0
2,2,71,1,89,0
5,5,72,1,89,0
3,3,79,1,89,0
7,7,82,1,89,0
4,4,86,1,89,0
3,-3,1,1,89,0
-7,5,9,1,89,0
1,-7,23,1,89,0
-4,2,34,1,89,0
4,-6,56,1,89,0
0,1,56,1,89,0
-2,0,59,1,89,0
7,-5,61,1,89,0
-3,-4,65,1,89,0
5,6,65,1,89,0
1,2,66,1,89,0
6,7,72,1,89,0
7,8,73,1,89,0
6,-2,79,1,89,0
2,3,76,1,89,0
0,-4,84,1,89,0
8,-8,86,1,89,0
3,4,87,1,89,0
4,5,88,1,89,0
9,1,3,1,89,0
-7,6,11,1,89,0
1,-8,17,1,89,0
-3,2,39,1,89,0
-6,-4,46,1,89,0
-1,0,54,1,89,0
4,-7,57,1,89,0
0,2,59,1,89,0
4,6,59,1,89,0
7,-6,71,1,89,0
6,8,75,1,89,0
5,7,84,1,89,0
3,5,88,1,89,0
8,1,9,1,89,0
0,-6,14,1,89,0
-6,6,19,1,89,0
3,-5,35,1,89,0
-2,2,46,1,89,0
3,6,53,1,89,0
5,8,79,1,89,0
7,-7,88,1,89,0
4,7,88,1,89,0
6,0,18,1,89,0
0,-7,14,1,89,0
7,1,19,1,89,0
-5,6,25,1,89,0
8,2,27,1,89,0
8,-1,35,1,89,0
2,6,47,1,89,0
-1,2,53,1,89,0
6,-5,54,1,89,0
-2,-4,71,1,89,0
5,-2,84,1,89,0
3,7,85,1,89,0
-1,3,4,1,89,0
5,0,12,1,89,0
0,-8,7,1,89,0
-2,4,11,1,89,0
7,2,25,1,89,0
8,3,28,1,89,0
-4,6,31,1,89,0
3,-7,36,1,89,0
8,-2,47,1,89,0
1,6,41,1,89,0
-5,-4,53,1,89,0
6,-6,77,1,89,0
2,7,83,1,89,0
5,-3,89,1,89,0
3,8,88,1,89,0
4,0,6,1,89,0
-2,5,18,1,89,0
2,-5,29,1,89,0
7,3,33,1,89,0
-3,6,34,1,89,0
-8,-4,34,1,89,0
0,6,34,1,89,0
1,7,76,1,89,0
6,-7,88,1,89,0
-2,6,19,1,89,0
7,-1,39,1,89,0
3,0,23,1,89,0
7,4,39,1,89,0
-3,7,41,1,89,0
8,5,46,1,89,0
5,-5,47,1,89,0
8,-4,58,1,89,0
0,7,66,1,89,0
1,8,69,1,89,0
-1,-4,78,1,89,0
6,-8,87,1,89,0
1,-3,88,1,89,0
-1,6,28,1,90,0
2,-7,29,1,90,0
3,1,29,1,90,0
2,0,35,1,90,0
4,2,37,1,90,0
-3,8,44,1,90,0
5,3,47,1,90,0
7,-2,48,1,90,0
-2,7,52,1,90,0
7,5,53,1,90,0
6,4,58,1,90,0
-4,-4,59,1,90,0
8,-5,64,1,90,0
0,8,68,1,90,0
5,-6,74,1,90,0
1,-4,86,1,90,0
4,-3,87,1,90,0
8,6,88,1,90,0
-7,3,13,1,90,0
3,-1,17,1,90,0
-6,2,21,1,90,0
1,-5,22,1,90,0
3,2,36,1,90,0
-7,-4,39,1,90,0
1,0,41,1,90,0
4,3,46,1,90,0
7,-3,73,1,90,0
5,4,55,1,90,0
-1,7,59,1,90,0
5,-7,59,1,90,0
6,5,63,1,90,0
8,7,66,1,90,0
8,-6,69,1,90,0
7,6,83,1,90,0
-4,0,89,1,90,0
-7,4,6,1,90,0
3,-2,8,1,90,0
6,-1,22,1,90,0
-5,2,28,1,90,0
4,-5,41,1,90,0
0,0,48,1,90,0
7,-4,64,1,90,0
-1,8,58,1,90,0
-3,0,66,1,90,0
8,8,68,1,90,0
2,2,71,1,90,0
5,5,72,1,90,0
3,3,79,1,90,0
7,7,82,1,90,0
4,4,86,1,90,0
8,-7,89,1,90,0
3,-3,1,1,90,0
-7,5,9,1,90,0
1,-7,23,1,90,0
-4,2,34,1,90,0
4,-6,56,1,90,0
0,1,56,1,90,0
-2,0,59,1,90,0
7,-5,61,1,90,0
-3,-4,65,1,90,0
5,6,65,1,90,0
1,2,66,1,90,0
6,7,72,1,90,0
7,8,73,1,90,0
6,-2,79,1,90,0
2,3,76,1,90,0
0,-4,84,1,90,0
8,-8,86,1,90,0
3,4,87,1,90,0
4,5,89,1,90,0
9,1,3,1,90,0
-7,6,11,1,90,0
1,-8,17,1,90,0
-3,2,39,1,90,0
-6,-4,46,1,90,0
-1,0,54,1,90,0
4,-7,57,1,90,0
0,2,59,1,90,0
4,6,59,1,90,0
7,-6,71,1,90,0
6,8,75,1,90,0
5,7,84,1,90,0
3,5,89,1,90,0
8,1,9,1,90,0
0,-6,14,1,90,0
-6,6,19,1,90,0
3,-5,35,1,90,0
-2,2,46,1,90,0
3,6,53,1,90,0
5,8,79,1,90,0
7,-7,88,1,90,0
4,7,89,1,90,0
6,0,18,1,90,0
0,-7,14,1,90,0
7,1,19,1,90,0
-5,6,25,1,90,0
8,2,27,1,90,0
8,-1,35,1,90,0
2,6,47,1,90,0
-1,2,53,1,90,0
6,-5,54,1,90,0
-2,-4,71,1,90,0
5,-2,84,1,90,0
3,7,89,1,90,0
-1,3,4,1,90,0
5,0,12,1,90,0
0,-8,7,1,90,0
-2,4,11,1,90,0
7,2,25,1,90,0
8,3,28,1,90,0
-4,6,31,1,90,0
3,-7,36,1,90,0
8,-2,47,1,90,0
1,6,41,1,90,0
-5,-4,53,1,90,0
6,-6,77,1,90,0
2,7,83,1,90,0
5,-3,89,1,90,0
3,8,88,1,90,0
4,0,6,1,90,0
-2,5,18,1,90,0
2,-5,29,1,90,0
7,3,33,1,90,0
-3,6,34,1,90,0
-8,-4,34,1,90,0
0,6,34,1,90,0
1,7,76,1,90,0
6,-7,89,1,90,0
-2,6,19,1,90,0
7,-1,39,1,90,0
3,0,23,1,90,0
7,4,39,1,90,0
-3,7,41,1,90,0
8,5,46,1,90,0
5,-5,47,1,90,0
8,-4,58,1,90,0
0,7,66,1,90,0
1,8,69,1,90,0
-1,-4,78,1,90,0
6,-8,87,1,90,0
1,-3,89,1,90,0
-1,6,28,1,91,0
2,-7,29,1,91,0
3,1,29,1,91,0
2,0,35,1,91,0
4,2,37,1,91,0
-3,8,44,1,91,0
5,3,47,1,91,0
7,-2,48,1,91,0
-2,7,52,1,91,0
7,5,53,1,91,0
6,4,58,1,91,0
-4,-4,59,1,91,0
8,-5,64,1,91,0
0,8,68,1,91,0
5,-6,74,1,91,0
1,-4,86,1,91,0
4,-3,87,1,91,0
8,6,89,1,91,0
-7,3,13,1,91,0
3,-1,17,1,91,0
-6,2,21,1,91,0
1,-5,22,1,91,0
3,2,36,1,91,0
-7,-4,39,1,91,0
1,0,41,1,91,0
4,3,46,1,91,0
7,-3,73,1,91,0
5,4,55,1,91,0
-1,7,59,1,91,0
5,-7,59,1,91,0
6,5,63,1,91,0
8,7,66,1,91,0
8,-6,69,1,91,0
7,6,83,1,91,0
-4,0,89,1,91,0
-7,4,6,1,91,0
3,-2,8,1,91,0
6,-1,22,1,91,0
-5,2,28,1,91,0
4,-5,41,1,91,0
0,0,48,1,91,0
7,-4,64,1,91,0
-1,8,58,1,91,0
-3,0,66,1,91,0
8,8,68,1,91,0
2,2,71,1,91,0
5,5,72,1,91,0
3,3,79,1,91,0
7,7,82,1,91,0
4,4,86,1,91,0
8,-7,89,1,91,0
3,-3,1,1,91,0
-7,5,9,1,91,0
1,-7,23,1,91,0
-4,2,34,1,91,0
4,-6,56,1,91,0
0,1,56,1,91,0
-2,0,59,1,91,0
7,-5,61,1,91,0
-3,-4,65,1,91,0
5,6,65,1,91,0
1,2,66,1,91,0
6,7,72,1,91,0
7,8,73,1,91,0
6,-2,79,1,91,0
2,3,76,1,91,0
0,-4,84,1,91,0
8,-8,86,1,91,0
3,4,87,1,91,0
4,5,89,1,91,0
9,1,3,1,91,0
-7,6,11,1,91,0
1,-8,17,1,91,0
-3,2,39,1,91,0
-6,-4,46,1,91,0
-1,0,54,1,91,0
4,-7,57,1,91,0
0,2,59,1,91,0
4,6,59,1,91,0
7,-6,71,1,91,0
6,8,75,1,91,0
5,7,84,1,91,0
3,5,89,1,91,0
8,1,9,1,91,0
0,-6,14,1,91,0
-6,6,19,1,91,0
3,-5,35,1,91,0
-2,2,46,1,91,0
3,6,53,1,91,0
5,8,79,1,91,0
7,-7,88,1,91,0
4,7,89,1,91,0
6,0,18,1,91,0
0,-7,14,1,91,0
7,1,19,1,91,0
-5,6,25,1,91,0
8,2,27,1,91,0
8,-1,35,1,91,0
2,6,47,1,91,0
-1,2,53,1,91,0
6,-5,54,1,91,0
-2,-4,71,1,91,0
5,-2,84,1,91,0
3,7,89,1,91,0
-1,3,4,1,91,0
5,0,12,1,91,0
0,-8,7,1,91,0
-2,4,11,1,91,0
7,2,25,1,91,0
8,3,28,1,91,0
-4,6,31,1,91,0
3,-7,36,1,91,0
8,-2,47,1,91,0
1,6,41,1,91,0
-5,-4,53,1,91,0
6,-6,77,1,91,0
2,7,83,1,91,0
5,-3,91,1,91,0
3,8,88,1,91,0
4,0,6,1,91,0
-2,5,18,1,91,0
2,-5,29,1,91,0
7,3,33,1,91,0
-3,6,34,1,91,0
-8,-4,34,1,91,0
0,6,34,1,91,0
1,7,76,1,91,0
6,-7,89,1,91,0
-2,6,19,1,91,0
7,-1,39,1,91,0
3,0,23,1,91,0
7,4,39,1,91,0
-3,7,41,1,91,0
8,5,46,1,91,0
5,-5,47,1,91,0
8,-4,58,1,91,0
0,7,66,1,91,0
1,8,69,1,91,0
-1,-4,78,1,91,0
6,-8,87,1,91,0
1,-3,89,1,91,0
-1,6,28,1,92,0
2,-7,29,1,92,0
3,1,29,1,92,0
2,0,35,1,92,0
4,2,37,1,92,0
-3,8,44,1,92,0
5,3,47,1,92,0
7,-2,48,1,92,0
-2,7,52,1,92,0
7,5,53,1,92,0
6,4,58,1,92,0
-4,-4,59,1,92,0
8,-5,64,1,92,0
0,8,68,1,92,0
5,-6,74,1,92,0
1,-4,86,1,92,0
4,-3,87,1,92,0
8,6,89,1,92,0
-5,0,91,1,92,0
-7,3,13,1,92,0
3,-1,17,1,92,0
-6,2,21,1,92,0
1,-5,22,1,92,0
3,2,36,1,92,0
-7,-4,39,1,92,0
1,0,41,1,92,0
4,3,46,1,92,0
7,-3,73,1,92,0
5,4,55,1,92,0
-1,7,59,1,92,0
5,-7,59,1,92,0
6,5,63,1,92,0
8,7,66,1,92,0
8,-6,69,1,92,0
7,6,83,1,92,0
-4,0,89,1,92,0
-7,4,6,1,92,0
3,-2,8,1,92,0
6,-1,22,1,92,0
-5,2,28,1,92,0
4,-5,41,1,92,0
0,0,48,1,92,0
7,-4,64,1,92,0
-1,8,58,1,92,0
-3,0,66,1,92,0
8,8,68,1,92,0
2,2,71,1,92,0
5,5,72,1,92,0
3,3,79,1,92,0
7,7,82,1,92,0
4,4,86,1,92,0
8,-7,91,1,92,0
3,-3,1,1,92,0
-7,5,9,1,92,0
1,-7,23,1,92,0
-4,2,34,1,92,0
4,-6,56,1,92,0
0,1,56,1,92,0
-2,0,59,1,92,0
7,-5,61,1,92,0
-3,-4,65,1,92,0
5,6,65,1,92,0
1,2,66,1,92,0
6,7,72,1,92,0
7,8,73,1,92,0
6,-2,79,1,92,0
2,3,76,1,92,0
0,-4,84,1,92,0
8,-8,86,1,92,0
3,4,87,1,92,0
4,5,91,1,92,0
9,1,3,1,92,0
-7,6,11,1,92,0
1,-8,17,1,92,0
-3,2,39,1,92,0
-6,-4,46,1,92,0
-1,0,54,1,92,0
4,-7,57,1,92,0
0,2,59,1,92,0
4,6,59,1,92,0
7,-6,71,1,92,0
6,8,75,1,92,0
5,7,84,1,92,0
3,5,91,1,92,0
8,1,9,1,92,0
0,-6,14,1,92,0
-6,6,19,1,92,0
3,-5,35,1,92,0
-2,2,46,1,92,0
3,6,53,1,92,0
7,-7,88,1,92,0
4,7,89,1,92,0
5,8,91,1,92,0
6,0,18,1,92,0
0,-7,14,1,92,0
7,1,19,1,92,0
-5,6,25,1,92,0
8,2,27,1,92,0
8,-1,35,1,92,0
2,6,47,1,92,0
-1,2,53,1,92,0
6,-5,54,1,92,0
-2,-4,71,1,92,0
5,-2,84,1,92,0
3,7,91,1,92,0
-1,3,4,1,92,0
5,0,12,1,92,0
0,-8,7,1,92,0
-2,4,11,1,92,0
7,2,25,1,92,0
8,3,28,1,92,0
-4,6,31,1,92,0
3,-7,36,1,92,0
8,-2,47,1,92,0
1,6,41,1,92,0
-5,-4,53,1,92,0
6,-6,77,1,92,0
2,7,83,1,92,0
5,-3,92,1,92,0
3,8,88,1,92,0
4,0,6,1,92,0
-2,5,18,1,92,0
2,-5,29,1,92,0
7,3,33,1,92,0
-3,6,34,1,92,0
-8,-4,34,1,92,0
0,6,34,1,92,0
1,7,76,1,92,0
6,-7,89,1,92,0
-2,6,19,1,92,0
7,-1,39,1,92,0
3,0,23,1,92,0
7,4,39,1,92,0
-3,7,41,1,92,0
8,5,46,1,92,0
5,-5,47,1,92,0
8,-4,58,1,92,0
0,7,66,1,92,0
1,8,69,1,92,0
-1,-4,78,1,92,0
6,-8,91,1,92,0
1,-3,91,1,92,0
-1,6,28,1,93,0
2,-7,29,1,93,0
3,1,29,1,93,0
2,0,35,1,93,0
4,2,37,1,93,0
-3,8,44,1,93,0
5,3,47,1,93,0
7,-2,48,1,93,0
-2,7,52,1,93,0
7,5,53,1,93,0
6,4,58,1,93,0
-4,-4,59,1,93,0
8,-5,64,1,93,0
0,8,68,1,93,0
5,-6,74,1,93,0
1,-4,86,1,93,0
4,-3,87,1,93,0
8,6,91,1,93,0
-5,0,92,1,93,0
-7,3,13,1,93,0
3,-1,17,1,93,0
-6,2,21,1,93,0
1,-5,22,1,93,0
3,2,36,1,93,0
-7,-4,39,1,93,0
1,0,41,1,93,0
4,3,46,1,93,0
7,-3,73,1,93,0
5,4,55,1,93,0
-1,7,59,1,93,0
5,-7,59,1,93,0
6,5,63,1,93,0
8,7,66,1,93,0
8,-6,69,1,93,0
7,6,83,1,93,0
-4,0,89,1,93,0
-7,4,6,1,93,0
3,-2,8,1,93,0
6,-1,22,1,93,0
-5,2,28,1,93,0
4,-5,41,1,93,0
0,0,48,1,93,0
7,-4,64,1,93,0
-1,8,58,1,93,0
-3,0,66,1,93,0
8,8,68,1,93,0
2,2,71,1,93,0
5,5,72,1,93,0
3,3,79,1,93,0
7,7,82,1,93,0
4,4,86,1,93,0
8,-7,92,1,93,0
3,-3,1,1,93,0
-7,5,9,1,93,0
1,-7,23,1,93,0
-4,2,34,1,93,0
4,-6,56,1,93,0
0,1,56,1,93,0
-2,0,59,1,93,0
7,-5,61,1,93,0
-3,-4,65,1,93,0
5,6,65,1,93,0
1,2,66,1,93,0
6,7,72,1,93,0
7,8,73,1,93,0
6,-2,79,1,93,0
2,3,76,1,93,0
0,-4,84,1,93,0
8,-8,86,1,93,0
3,4,87,1,93,0
4,5,92,1,93,0
9,1,3,1,93,0
-7,6,11,1,93,0
1,-8,17,1,93,0
-3,2,39,1,93,0
-6,-4,46,1,93,0
-1,0,54,1,93,0
4,-7,57,1,93,0
0,2,59,1,93,0
4,6,59,1,93,0
7,-6,71,1,93,0
6,8,75,1,93,0
5,7,84,1,93,0
3,5,92,1,93,0
8,1,9,1,93,0
0,-6,14,1,93,0
-6,6,19,1,93,0
3,-5,35,1,93,0
-2,2,46,1,93,0
3,6,53,1,93,0
7,-7,88,1,93,0
4,7,89,1,93,0
5,8,92,1,93,0
6,0,18,1,93,0
0,-7,14,1,93,0
7,1,19,1,93,0
-5,6,25,1,93,0
8,2,27,1,93,0
8,-1,35,1,93,0
2,6,47,1,93,0
-1,2,53,1,93,0
6,-5,54,1,93,0
-2,-4,71,1,93,0
5,-2,84,1,93,0
3,7,92,1,93,0
-1,3,4,1,93,0
5,0,12,1,93,0
0,-8,7,1,93,0
-2,4,11,1,93,0
7,2,25,1,93,0
8,3,28,1,93,0
-4,6,31,1,93,0
3,-7,36,1,93,0
8,-2,47,1,93,0
1,6,41,1,93,0
-5,-4,53,1,93,0
6,-6,77,1,93,0
2,7,83,1,93,0
5,-3,93,1,93,0
3,8,88,1,93,0
4,0,6,1,93,0
-2,5,18,1,93,0
2,-5,29,1,93,0
7,3,33,1,93,0
-3,6,34,1,93,0
-8,-4,34,1,93,0
0,6,34,1,93,0
1,7,76,1,93,0
6,-7,89,1,93,0
-2,6,19,1,93,0
7,-1,39,1,93,0
3,0,23,1,93,0
7,4,39,1,93,0
-3,7,41,1,93,0
8,5,46,1,93,0
5,-5,47,1,93,0
8,-4,58,1,93,0
0,7,66,1,93,0
1,8,69,1,93,0
-1,-4,78,1,93,0
6,-8,92,1,93,0
1,-3,92,1,93,0
-1,6,28,1,94,0
2,-7,29,1,94,0
3,1,29,1,94,0
2,0,35,1,94,0
4,2,37,1,94,0
-3,8,44,1,94,0
5,3,47,1,94,0
7,-2,48,1,94,0
-2,7,52,1,94,0
7,5,53,1,94,0
6,4,58,1,94,0
-4,-4,59,1,94,0
8,-5,64,1,94,0
0,8,68,1,94,0
5,-6,74,1,94,0
1,-4,86,1,94,0
4,-3,87,1,94,0
-5,0,92,1,94,0
8,6,92,1,94,0
-7,3,13,1,94,0
3,-1,17,1,94,0
-6,2,21,1,94,0
1,-5,22,1,94,0
3,2,36,1,94,0
-7,-4,39,1,94,0
1,0,41,1,94,0
4,3,46,1,94,0
7,-3,73,1,94,0
5,4,55,1,94,0
-1,7,59,1,94,0
5,-7,59,1,94,0
6,5,63,1,94,0
8,7,66,1,94,0
8,-6,69,1,94,0
7,6,83,1,94,0
-4,0,89,1,94,0
-5,1,93,1,94,0
-7,4,6,1,94,0
3,-2,8,1,94,0
6,-1,22,1,94,0
-5,2,28,1,94,0
4,-5,41,1,94,0
0,0,48,1,94,0
7,-4,64,1,94,0
-1,8,58,1,94,0
-3,0,66,1,94,0
8,8,68,1,94,0
2,2,71,1,94,0
5,5,72,1,94,0
3,3,79,1,94,0
7,7,82,1,94,0
4,4,86,1,94,0
8,-7,93,1,94,0
3,-3,1,1,94,0
-7,5,9,1,94,0
1,-7,23,1,94,0
-4,2,34,1,94,0
4,-6,56,1,94,0
0,1,56,1,94,0
-2,0,59,1,94,0
7,-5,61,1,94,0
-3,-4,65,1,94,0
5,6,65,1,94,0
1,2,66,1,94,0
6,7,72,1,94,0
7,8,73,1,94,0
6,-2,79,1,94,0
2,3,76,1,94,0
0,-4,84,1,94,0
8,-8,86,1,94,0
3,4,87,1,94,0
4,5,93,1,94,0
9,1,3,1,94,0
-7,6,11,1,94,0
1,-8,17,1,94,0
-3,2,39,1,94,0
-6,-4,46,1,94,0
-1,0,54,1,94,0
4,-7,57,1,94,0
0,2,59,1,94,0
4,6,59,1,94,0
7,-6,71,1,94,0
6,8,75,1,94,0
5,7,84,1,94,0
3,5,93,1,94,0
8,1,9,1,94,0
0,-6,14,1,94,0
-6,6,19,1,94,0
3,-5,35,1,94,0
-2,2,46,1,94,0
3,6,53,1,94,0
7,-7,88,1,94,0
4,7,89,1,94,0
5,8,93,1,94,0
6,0,18,1,94,0
0,-7,14,1,94,0
7,1,19,1,94,0
-5,6,25,1,94,0
8,2,27,1,94,0
8,-1,35,1,94,0
2,6,47,1,94,0
-1,2,53,1,94,0
6,-5,54,1,94,0
-2,-4,71,1,94,0
5,-2,84,1,94,0
3,7,93,1,94,0
2,-3,93,1,94,0
-1,3,4,1,94,0
5,0,12,1,94,0
0,-8,7,1,94,0
-2,4,11,1,94,0
7,2,25,1,94,0
8,3,28,1,94,0
-4,6,31,1,94,0
3,-7,36,1,94,0
8,-2,47,1,94,0
1,6,41,1,94,0
-5,-4,53,1,94,0
6,-6,77,1,94,0
2,7,83,1,94,0
5,-3,94,1,94,0
3,8,88,1,94,0
4,0,6,1,94,0
-2,5,18,1,94,0
2,-5,29,1,94,0
7,3,33,1,94,0
-3,6,34,1,94,0
-8,-4,34,1,94,0
0,6,34,1,94,0
1,7,76,1,94,0
6,-7,89,1,94,0
-2,6,19,1,94,0
7,-1,39,1,94,0
3,0,23,1,94,0
7,4,39,1,94,0
-3,7,41,1,94,0
8,5,46,1,94,0
5,-5,47,1,94,0
8,-4,58,1,94,0
0,7,66,1,94,0
1,8,69,1,94,0
-1,-4,78,1,94,0
1,-3,92,1,94,0
6,-8,93,1,94,0
-1,6,28,1,95,0
2,-7,29,1,95,0
3,1,29,1,95,0
2,0,35,1,95,0
4,2,37,1,95,0
-3,8,44,1,95,0
5,3,47,1,95,0
7,-2,48,1,95,0
-2,7,52,1,95,0
7,5,53,1,95,0
6,4,58,1,95,0
-4,-4,59,1,95,0
8,-5,64,1,95,0
0,8,68,1,95,0
5,-6,74,1,95,0
1,-4,86,1,95,0
4,-3,87,1,95,0
-5,0,92,1,95,0
8,6,93,1,95,0
-7,3,13,1,95,0
3,-1,17,1,95,0
-6,2,21,1,95,0
1,-5,22,1,95,0
3,2,36,1,95,0
-7,-4,39,1,95,0
1,0,41,1,95,0
4,3,46,1,95,0
7,-3,73,1,95,0
5,4,55,1,95,0
-1,7,59,1,95,0
5,-7,59,1,95,0
6,5,63,1,95,0
8,7,66,1,95,0
8,-6,69,1,95,0
7,6,83,1,95,0
-4,0,89,1,95,0
-5,1,94,1,95,0
-7,4,6,1,95,0
3,-2,8,1,95,0
6,-1,22,1,95,0
-5,2,28,1,95,0
4,-5,41,1,95,0
0,0,48,1,95,0
7,-4,64,1,95,0
-1,8,58,1,95,0
-3,0,66,1,95,0
8,8,68,1,95,0
2,2,71,1,95,0
5,5,72,1,95,0
3,3,79,1,95,0
7,7,82,1,95,0
4,4,86,1,95,0
8,-7,93,1,95,0
3,-3,1,1,95,0
-7,5,9,1,95,0
1,-7,23,1,95,0
-4,2,34,1,95,0
4,-6,56,1,95,0
0,1,56,1,95,0
-2,0,59,1,95,0
7,-5,61,1,95,0
-3,-4,65,1,95,0
5,6,65,1,95,0
1,2,66,1,95,0
6,7,72,1,95,0
7,8,73,1,95,0
6,-2,79,1,95,0
2,3,76,1,95,0
0,-4,84,1,95,0
8,-8,86,1,95,0
3,4,87,1,95,0
4,5,94,1,95,0
9,1,3,1,95,0
-7,6,11,1,95,0
1,-8,17,1,95,0
-3,2,39,1,95,0
-6,-4,46,1,95,0
-1,0,54,1,95,0
4,-7,57,1,95,0
0,2,59,1,95,0
4,6,59,1,95,0
7,-6,71,1,95,0
6,8,75,1,95,0
3,5,93,1,95,0
5,7,94,1,95,0
8,1,9,1,95,0
0,-6,14,1,95,0
-6,6,19,1,95,0
3,-5,35,1,95,0
-2,2,46,1,95,0
3,6,53,1,95,0
4,7,89,1,95,0
5,8,93,1,95,0
7,-7,94,1,95,0
2,5,94,1,95,0
6,0,18,1,95,0
0,-7,14,1,95,0
7,1,19,1,95,0
-5,6,25,1,95,0
8,2,27,1,95,0
8,-1,35,1,95,0
2,6,47,1,95,0
-1,2,53,1,95,0
6,-5,54,1,95,0
-2,-4,71,1,95,0
5,-2,84,1,95,0
3,7,93,1,95,0
2,-3,94,1,95,0
-1,3,4,1,95,0
5,0,12,1,95,0
0,-8,7,1,95,0
-2,4,11,1,95,0
7,2,25,1,95,0
8,3,28,1,95,0
-4,6,31,1,95,0
3,-7,36,1,95,0
8,-2,47,1,95,0
1,6,41,1,95,0
-5,-4,53,1,95,0
6,-6,77,1,95,0
2,7,83,1,95,0
5,-3,95,1,95,0
3,8,94,1,95,0
4,0,6,1,95,0
-2,5,18,1,95,0
2,-5,29,1,95,0
7,3,33,1,95,0
-3,6,34,1,95,0
-8,-4,34,1,95,0
0,6,34,1,95,0
1,7,76,1,95,0
6,-7,89,1,95,0
-2,6,19,1,95,0
7,-1,39,1,95,0
3,0,23,1,95,0
7,4,39,1,95,0
-3,7,41,1,95,0
8,5,46,1,95,0
5,-5,47,1,95,0
8,-4,58,1,95,0
0,7,66,1,95,0
1,8,69,1,95,0
-1,-4,78,1,95,0
1,-3,92,1,95,0
6,-8,94,1,95,0
-1,6,28,1,96,0
2,-7,29,1,96,0
3,1,29,1,96,0
2,0,35,1,96,0
4,2,37,1,96,0
-3,8,44,1,96,0
5,3,47,1,96,0
7,-2,48,1,96,0
-2,7,52,1,96,0
7,5,53,1,96,0
6,4,58,1,96,0
-4,-4,59,1,96,0
8,-5,64,1,96,0
0,8,68,1,96,0
5,-6,74,1,96,0
1,-4,86,1,96,0
4,-3,87,1,96,0
-5,0,92,1,96,0
8,6,94,1,96,0
-7,3,13,1,96,0
3,-1,17,1,96,0
-6,2,21,1,96,0
1,-5,22,1,96,0
3,2,36,1,96,0
-7,-4,39,1,96,0
1,0,41,1,96,0
4,3,46,1,96,0
7,-3,73,1,96,0
5,4,55,1,96,0
-1,7,59,1,96,0
5,-7,59,1,96,0
6,5,63,1,96,0
8,7,66,1,96,0
8,-6,69,1,96,0
7,6,83,1,96,0
-4,0,89,1,96,0
-5,1,95,1,96,0
-7,4,6,1,96,0
3,-2,8,1,96,0
6,-1,22,1,96,0
-5,2,28,1,96,0
4,-5,41,1,96,0
0,0,48,1,96,0
7,-4,64,1,96,0
-1,8,58,1,96,0
-3,0,66,1,96,0
8,8,68,1,96,0
2,2,71,1,96,0
5,5,72,1,96,0
3,3,79,1,96,0
7,7,82,1,96,0
4,4,86,1,96,0
8,-7,93,1,96,0
3,-3,1,1,96,0
-7,5,9,1,96,0
1,-7,23,1,96,0
-4,2,34,1,96,0
4,-6,56,1,96,0
0,1,56,1,96,0
-2,0,59,1,96,0
7,-5,61,1,96,0
-3,-4,65,1,96,0
5,6,65,1,96,0
1,2,66,1,96,0
6,7,72,1,96,0
7,8,73,1,96,0
6,-2,79,1,96,0
2,3,76,1,96,0
0,-4,84,1,96,0
8,-8,86,1,96,0
3,4,87,1,96,0
4,5,95,1,96,0
9,1,3,1,96,0
-7,6,11,1,96,0
1,-8,17,1,96,0
-3,2,39,1,96,0
-6,-4,46,1,96,0
-1,0,54,1,96,0
4,-7,57,1,96,0
0,2,59,1,96,0
4,6,59,1,96,0
7,-6,71,1,96,0
6,8,75,1,96,0
3,5,93,1,96,0
5,7,95,1,96,0
8,1,9,1,96,0
0,-6,14,1,96,0
-6,6,19,1,96,0
3,-5,35,1,96,0
-2,2,46,1,96,0
3,6,53,1,96,0
4,7,89,1,96,0
5,8,93,1,96,0
7,-7,94,1,96,0
2,5,95,1,96,0
6,0,18,1,96,0
0,-7,14,1,96,0
7,1,19,1,96,0
-5,6,25,1,96,0
8,2,27,1,96,0
8,-1,35,1,96,0
2,6,47,1,96,0
-1,2,53,1,96,0
6,-5,54,1,96,0
-2,-4,71,1,96,0
5,-2,84,1,96,0
3,7,93,1,96,0
7,-8,95,1,96,0
2,-3,95,1,96,0
-1,3,4,1,96,0
5,0,12,1,96,0
0,-8,7,1,96,0
-2,4,11,1,96,0
7,2,25,1,96,0
8,3,28,1,96,0
-4,6,31,1,96,0
3,-7,36,1,96,0
8,-2,47,1,96,0
1,6,41,1,96,0
-5,-4,53,1,96,0
6,-6,77,1,96,0
2,7,83,1,96,0
5,-3,96,1,96,0
3,8,95,1,96,0
4,0,6,1,96,0
-2,5,18,1,96,0
2,-5,29,1,96,0
7,3,33,1,96,0
-3,6,34,1,96,0
-8,-4,34,1,96,0
0,6,34,1,96,0
1,7,76,1,96,0
6,-7,95,1,96,0
-2,6,19,1,96,0
7,-1,39,1,96,0
3,0,23,1,96,0
7,4,39,1,96,0
-3,7,41,1,96,0
8,5,46,1,96,0
5,-5,47,1,96,0
8,-4,58,1,96,0
0,7,66,1,96,0
1,8,69,1,96,0
-1,-4,78,1,96,0
1,-3,92,1,96,0
6,-8,94,1,96,0
-1,6,28,1,97,0
2,-7,29,1,97,0
3,1,29,1,97,0
2,0,35,1,97,0
4,2,37,1,97,0
-3,8,44,1,97,0
5,3,47,1,97,0
7,-2,48,1,97,0
-2,7,52,1,97,0
7,5,53,1,97,0
6,4,58,1,97,0
-4,-4,59,1,97,0
8,-5,64,1,97,0
0,8,68,1,97,0
5,-6,74,1,97,0
1,-4,86,1,97,0
4,-3,87,1,97,0
-5,0,92,1,97,0
8,6,96,1,97,0
-7,3,13,1,97,0
3,-1,17,1,97,0
-6,2,21,1,97,0
1,-5,22,1,97,0
3,2,36,1,97,0
-7,-4,39,1,97,0
1,0,41,1,97,0
4,3,46,1,97,0
7,-3,73,1,97,0
5,4,55,1,97,0
-1,7,59,1,97,0
5,-7,59,1,97,0
6,5,63,1,97,0
8,7,66,1,97,0
8,-6,69,1,97,0
7,6,83,1,97,0
-4,0,89,1,97,0
-5,1,96,1,97,0
-7,4,6,1,97,0
3,-2,8,1,97,0
6,-1,22,1,97,0
-5,2,28,1,97,0
4,-5,41,1,97,0
0,0,48,1,97,0
7,-4,64,1,97,0
-1,8,58,1,97,0
-3,0,66,1,97,0
8,8,68,1,97,0
2,2,71,1,97,0
5,5,72,1,97,0
3,3,79,1,97,0
7,7,82,1,97,0
4,4,86,1,97,0
8,-7,93,1,97,0
3,-3,1,1,97,0
-7,5,9,1,97,0
1,-7,23,1,97,0
-4,2,34,1,97,0
4,-6,56,1,97,0
0,1,56,1,97,0
-2,0,59,1,97,0
7,-5,61,1,97,0
-3,-4,65,1,97,0
5,6,65,1,97,0
1,2,66,1,97,0
6,7,72,1,97,0
7,8,73,1,97,0
6,-2,79,1,97,0
2,3,76,1,97,0
0,-4,84,1,97,0
8,-8,86,1,97,0
3,4,87,1,97,0
4,5,96,1,97,0
9,1,3,1,97,0
-7,6,11,1,97,0
1,-8,17,1,97,0
-3,2,39,1,97,0
-6,-4,46,1,97,0
-1,0,54,1,97,0
4,-7,57,1,97,0
0,2,59,1,97,0
4,6,59,1,97,0
7,-6,71,1,97,0
6,8,75,1,97,0
3,5,93,1,97,0
5,7,96,1,97,0
8,1,9,1,97,0
0,-6,14,1,97,0
-6,6,19,1,97,0
3,-5,35,1,97,0
-2,2,46,1,97,0
3,6,53,1,97,0
4,7,89,1,97,0
5,8,93,1,97,0
7,-7,94,1,97,0
2,5,96,1,97,0
6,0,18,1,97,0
0,-7,14,1,97,0
7,1,19,1,97,0
-5,6,25,1,97,0
8,2,27,1,97,0
8,-1,35,1,97,0
2,6,47,1,97,0
-1,2,53,1,97,0
6,-5,54,1,97,0
-2,-4,71,1,97,0
5,-2,84,1,97,0
3,7,93,1,97,0
7,-8,96,1,97,0
2,-3,96,1,97,0
-1,3,4,1,97,0
5,0,12,1,97,0
0,-8,7,1,97,0
-2,4,11,1,97,0
7,2,25,1,97,0
8,3,28,1,97,0
-4,6,31,1,97,0
3,-7,36,1,97,0
8,-2,47,1,97,0
1,6,41,1,97,0
-5,-4,53,1,97,0
6,-6,77,1,97,0
2,7,83,1,97,0
5,-3,96,1,97,0
3,8,96,1,97,0
4,0,6,1,97,0
-2,5,18,1,97,0
2,-5,29,1,97,0
7,3,33,1,97,0
-3,6,34,1,97,0
-8,-4,34,1,97,0
0,6,34,1,97,0
1,7,76,1,97,0
6,-7,96,1,97,0
5,-4,97,1,97,0
-2,6,19,1,97,0
7,-1,39,1,97,0
3,0,23,1,97,0
7,4,39,1,97,0
-3,7,41,1,97,0
8,5,46,1,97,0
5,-5,47,1,97,0
8,-4,58,1,97,0
0,7,66,1,97,0
1,8,69,1,97,0
-1,-4,78,1,97,0
1,-3,92,1,97,0
6,-8,94,1,97,0
-1,6,28,1,98,0
2,-7,29,1,98,0
3,1,29,1,98,0
2,0,35,1,98,0
4,2,37,1,98,0
-3,8,44,1,98,0
5,3,47,1,98,0
7,-2,48,1,98,0
-2,7,52,1,98,0
7,5,53,1,98,0
6,4,58,1,98,0
-4,-4,59,1,98,0
8,-5,64,1,98,0
0,8,68,1,98,0
5,-6,74,1,98,0
1,-4,86,1,98,0
4,-3,87,1,98,0
-5,0,92,1,98,0
8,6,97,1,98,0
-7,3,13,1,98,0
3,-1,17,1,98,0
-6,2,21,1,98,0
1,-5,22,1,98,0
3,2,36,1,98,0
-7,-4,39,1,98,0
1,0,41,1,98,0
4,3,46,1,98,0
7,-3,73,1,98,0
5,4,55,1,98,0
-1,7,59,1,98,0
5,-7,59,1,98,0
6,5,63,1,98,0
8,7,66,1,98,0
8,-6,69,1,98,0
7,6,83,1,98,0
-4,0,89,1,98,0
-5,1,97,1,98,0
-7,4,6,1,98,0
3,-2,8,1,98,0
6,-1,22,1,98,0
-5,2,28,1,98,0
4,-5,41,1,98,0
0,0,48,1,98,0
7,-4,64,1,98,0
-1,8,58,1,98,0
-3,0,66,1,98,0
8,8,68,1,98,0
2,2,71,1,98,0
3,3,79,1,98,0
7,7,82,1,98,0
4,4,86,1,98,0
8,-7,93,1,98,0
5,5,97,1,98,0
3,-3,1,1,98,0
-7,5,9,1,98,0
1,-7,23,1,98,0
-4,2,34,1,98,0
4,-6,56,1,98,0
0,1,56,1,98,0
-2,0,59,1,98,0
7,-5,61,1,98,0
-3,-4,65,1,98,0
5,6,65,1,98,0
1,2,66,1,98,0
6,7,72,1,98,0
7,8,73,1,98,0
6,-2,79,1,98,0
2,3,76,1,98,0
0,-4,84,1,98,0
8,-8,86,1,98,0
3,4,87,1,98,0
4,5,96,1,98,0
9,1,3,1,98,0
-7,6,11,1,98,0
1,-8,17,1,98,0
-3,2,39,1,98,0
-6,-4,46,1,98,0
-1,0,54,1,98,0
4,-7,57,1,98,0
0,2,59,1,98,0
4,6,59,1,98,0
7,-6,71,1,98,0
6,8,75,1,98,0
3,5,93,1,98,0
5,7,97,1,98,0
8,1,9,1,98,0
0,-6,14,1,98,0
-6,6,19,1,98,0
3,-5,35,1,98,0
-2,2,46,1,98,0
3,6,53,1,98,0
4,7,89,1,98,0
5,8,93,1,98,0
7,-7,94,1,98,0
2,5,97,1,98,0
6,0,18,1,98,0
0,-7,14,1,98,0
7,1,19,1,98,0
-5,6,25,1,98,0
8,2,27,1,98,0
8,-1,35,1,98,0
2,6,47,1,98,0
-1,2,53,1,98,0
6,-5,54,1,98,0
-2,-4,71,1,98,0
5,-2,84,1,98,0
3,7,97,1,98,0
7,-8,97,1,98,0
2,-3,97,1,98,0
-1,3,4,1,98,0
5,0,12,1,98,0
0,-8,7,1,98,0
-2,4,11,1,98,0
7,2,25,1,98,0
8,3,28,1,98,0
-4,6,31,1,98,0
3,-7,36,1,98,0
8,-2,47,1,98,0
1,6,41,1,98,0
-5,-4,53,1,98,0
6,-6,77,1,98,0
2,7,83,1,98,0
5,-3,96,1,98,0
3,8,96,1,98,0
4,0,6,1,98,0
-2,5,18,1,98,0
2,-5,29,1,98,0
7,3,33,1,98,0
-3,6,34,1,98,0
-8,-4,34,1,98,0
0,6,34,1,98,0
1,7,76,1,98,0
5,-4,98,1,98,0
6,-7,97,1,98,0
-2,6,19,1,98,0
7,-1,39,1,98,0
3,0,23,1,98,0
7,4,39,1,98,0
-3,7,41,1,98,0
8,5,46,1,98,0
5,-5,47,1,98,0
8,-4,58,1,98,0
0,7,66,1,98,0
1,8,69,1,98,0
-1,-4,78,1,98,0
1,-3,92,1,98,0
6,-8,94,1,98,0
-1,6,28,1,99,0
2,-7,29,1,99,0
3,1,29,1,99,0
2,0,35,1,99,0
4,2,37,1,99,0
-3,8,44,1,99,0
5,3,47,1,99,0
7,-2,48,1,99,0
-2,7,52,1,99,0
7,5,53,1,99,0
6,4,58,1,99,0
-4,-4,59,1,99,0
8,-5,64,1,99,0
0,8,68,1,99,0
5,-6,74,1,99,0
1,-4,86,1,99,0
4,-3,87,1,99,0
-5,0,92,1,99,0
8,6,98,1,99,0
-7,3,13,1,99,0
3,-1,17,1,99,0
-6,2,21,1,99,0
1,-5,22,1,99,0
3,2,36,1,99,0
-7,-4,39,1,99,0
1,0,41,1,99,0
4,3,46,1,99,0
7,-3,73,1,99,0
5,4,55,1,99,0
-1,7,59,1,99,0
5,-7,59,1,99,0
6,5,63,1,99,0
8,7,66,1,99,0
8,-6,69,1,99,0
7,6,83,1,99,0
-4,0,89,1,99,0
-5,1,98,1,99,0
-7,4,6,1,99,0
3,-2,8,1,99,0
6,-1,22,1,99,0
-5,2,28,1,99,0
4,-5,41,1,99,0
0,0,48,1,99,0
7,-4,64,1,99,0
-1,8,58,1,99,0
-3,0,66,1,99,0
8,8,68,1,99,0
2,2,71,1,99,0
3,3,79,1,99,0
7,7,82,1,99,0
4,4,86,1,99,0
8,-7,93,1,99,0
5,5,98,1,99,0
3,-3,1,1,99,0
-7,5,9,1,99,0
1,-7,23,1,99,0
-4,2,34,1,99,0
4,-6,56,1,99,0
0,1,56,1,99,0
-2,0,59,1,99,0
7,-5,61,1,99,0
-3,-4,65,1,99,0
5,6,65,1,99,0
1,2,66,1,99,0
6,7,72,1,99,0
7,8,73,1,99,0
6,-2,79,1,99,0
2,3,76,1,99,0
0,-4,84,1,99,0
8,-8,86,1,99,0
3,4,87,1,99,0
4,5,96,1,99,0
9,1,3,1,99,0
-7,6,11,1,99,0
1,-8,17,1,99,0
-3,2,39,1,99,0
-6,-4,46,1,99,0
-1,0,54,1,99,0
4,-7,57,1,99,0
0,2,59,1,99,0
4,6,59,1,99,0
7,-6,71,1,99,0
6,8,75,1,99,0
3,5,93,1,99,0
5,7,98,1,99,0
8,1,9,1,99,0
0,-6,14,1,99,0
-6,6,19,1,99,0
3,-5,35,1,99,0
-2,2,46,1,99,0
3,6,53,1,99,0
4,7,89,1,99,0
5,8,93,1,99,0
7,-7,94,1,99,0
2,5,98,1,99,0
6,-4,99,1,99,0
6,0,18,1,99,0
0,-7,14,1,99,0
7,1,19,1,99,0
-5,6,25,1,99,0
8,2,27,1,99,0
8,-1,35,1,99,0
2,6,47,1,99,0
-1,2,53,1,99,0
6,-5,54,1,99,0
-2,-4,71,1,99,0
5,-2,84,1,99,0
3,7,98,1,99,0
7,-8,98,1,99,0
2,-3,98,1,99,0
-1,3,4,1,99,0
5,0,12,1,99,0
0,-8,7,1,99,0
-2,4,11,1,99,0
7,2,25,1,99,0
8,3,28,1,99,0
-4,6,31,1,99,0
3,-7,36,1,99,0
8,-2,47,1,99,0
1,6,41,1,99,0
-5,-4,53,1,99,0
6,-6,77,1,99,0
2,7,83,1,99,0
5,-3,96,1,99,0
3,8,96,1,99,0
4,0,6,1,99,0
-2,5,18,1,99,0
2,-5,29,1,99,0
7,3,33,1,99,0
-3,6,34,1,99,0
-8,-4,34,1,99,0
0,6,34,1,99,0
1,7,76,1,99,0
5,-4,98,1,99,0
6,-7,98,1,99,0
-2,6,19,1,99,0
7,-1,39,1,99,0
3,0,23,1,99,0
7,4,39,1,99,0
-3,7,41,1,99,0
8,5,46,1,99,0
5,-5,47,1,99,0
8,-4,58,1,99,0
0,7,66,1,99,0
1,8,69,1,99,0
-1,-4,78,1,99,0
1,-3,92,1,99,0
6,-8,94,1,99,0
-1,6,28,1,100,0
2,-7,29,1,100,0
3,1,29,1,100,0
2,0,35,1,100,0
4,2,37,1,100,0
-3,8,44,1,100,0
5,3,47,1,100,0
7,-2,48,1,100,0
-2,7,52,1,100,0
7,5,53,1,100,0
6,4,58,1,100,0
-4,-4,59,1,100,0
8,-5,64,1,100,0
0,8,68,1,100,0
5,-6,74,1,100,0
1,-4,86,1,100,0
4,-3,87,1,100,0
-5,0,92,1,100,0
8,6,99,1,100,0
-7,3,13,1,100,0
3,-1,17,1,100,0
-6,2,21,1,100,0
1,-5,22,1,100,0
3,2,36,1,100,0
-7,-4,39,1,100,0
1,0,41,1,100,0
4,3,46,1,100,0
7,-3,73,1,100,0
5,4,55,1,100,0
-1,7,59,1,100,0
5,-7,59,1,100,0
6,5,63,1,100,0
8,7,66,1,100,0
8,-6,69,1,100,0
7,6,83,1,100,0
-4,0,89,1,100,0
-5,1,99,1,100,0
-7,4,6,1,100,0
3,-2,8,1,100,0
6,-1,22,1,100,0
-5,2,28,1,100,0
4,-5,41,1,100,0
0,0,48,1,100,0
7,-4,64,1,100,0
-1,8,58,1,100,0
-3,0,66,1,100,0
8,8,68,1,100,0
2,2,71,1,100,0
3,3,79,1,100,0
7,7,82,1,100,0
4,4,86,1,100,0
8,-7,93,1,100,0
5,5,98,1,100,0
3,-3,1,1,100,0
-7,5,9,1,100,0
1,-7,23,1,100,0
-4,2,34,1,100,0
4,-6,56,1,100,0
0,1,56,1,100,0
-2,0,59,1,100,0
7,-5,61,1,100,0
-3,-4,65,1,100,0
1,2,66,1,100,0
6,7,72,1,100,0
7,8,73,1,100,0
6,-2,79,1,100,0
2,3,76,1,100,0
0,-4,84,1,100,0
3,4,87,1,100,0
4,5,96,1,100,0
8,-8,99,1,100,0
5,6,99,1,100,0
9,1,3,1,100,0
-7,6,11,1,100,0
1,-8,17,1,100,0
-3,2,39,1,100,0
-6,-4,46,1,100,0
-1,0,54,1,100,0
4,-7,57,1,100,0
0,2,59,1,100,0
4,6,59,1,100,0
7,-6,71,1,100,0
6,8,75,1,100,0
3,5,93,1,100,0
5,7,99,1,100,0
8,1,9,1,100,0
0,-6,14,1,100,0
-6,6,19,1,100,0
3,-5,35,1,100,0
-2,2,46,1,100,0
3,6,53,1,100,0
4,7,89,1,100,0
5,8,93,1,100,0
7,-7,94,1,100,0
6,-4,99,1,100,0
2,5,99,1,100,0
2,-2,99,1,100,0
6,0,18,1,100,0
0,-7,14,1,100,0
7,1,19,1,100,0
-5,6,25,1,100,0
8,2,27,1,100,0
8,-1,35,1,100,0
2,6,47,1,100,0
-1,2,53,1,100,0
6,-5,54,1,100,0
-2,-4,71,1,100,0
5,-2,84,1,100,0
7,-8,98,1,100,0
2,-3,98,1,100,0
3,7,99,1,100,0
-1,3,4,1,100,0
5,0,12,1,100,0
0,-8,7,1,100,0
-2,4,11,1,100,0
7,2,25,1,100,0
8,3,28,1,100,0
-4,6,31,1,100,0
3,-7,36,1,100,0
8,-2,47,1,100,0
1,6,41,1,100,0
-5,-4,53,1,100,0
6,-6,77,1,100,0
2,7,83,1,100,0
5,-3,96,1,100,0
3,8,96,1,100,0
4,0,6,1,100,0
-2,5,18,1,100,0
2,-5,29,1,100,0
7,3,33,1,100,0
-3,6,34,1,100,0
-8,-4,34,1,100,0
0,6,34,1,100,0
1,7,76,1,100,0
5,-4,98,1,100,0
6,-7,99,1,100,0
-2,6,19,1,100,0
7,-1,39,1,100,0
3,0,23,1,100,0
7,4,39,1,100,0
-3,7,41,1,100,0
8,5,46,1,100,0
5,-5,47,1,100,0
8,-4,58,1,100,0
0,7,66,1,100,0
1,8,69,1,100,0
-1,-4,78,1,100,0
1,-3,92,1,100,0
6,-8,94,1,100,0
-1,6,28,1,101,0
2,-7,29,1,101,0
3,1,29,1,101,0
2,0,35,1,101,0
4,2,37,1,101,0
-3,8,44,1,101,0
5,3,47,1,101,0
7,-2,48,1,101,0
-2,7,52,1,101,0
7,5,53,1,101,0
6,4,58,1,101,0
-4,-4,59,1,101,0
8,-5,64,1,101,0
0,8,68,1,101,0
5,-6,74,1,101,0
1,-4,86,1,101,0
4,-3,87,1,101,0
-5,0,92,1,101,0
8,6,99,1,101,0
-7,3,13,1,101,0
3,-1,17,1,101,0
-6,2,21,1,101,0
1,-5,22,1,101,0
3,2,36,1,101,0
-7,-4,39,1,101,0
1,0,41,1,101,0
4,3,46,1,101,0
7,-3,73,1,101,0
5,4,55,1,101,0
-1,7,59,1,101,0
5,-7,59,1,101,0
6,5,63,1,101,0
8,7,66,1,101,0
8,-6,69,1,101,0
7,6,83,1,101,0
-4,0,89,1,101,0
-5,1,99,1,101,0
-7,4,6,1,101,0
3,-2,8,1,101,0
6,-1,22,1,101,0
-5,2,28,1,101,0
4,-5,41,1,101,0
0,0,48,1,101,0
7,-4,64,1,101,0
-1,8,58,1,101,0
-3,0,66,1,101,0
8,8,68,1,101,0
2,2,71,1,101,0
3,3,79,1,101,0
7,7,82,1,101,0
4,4,86,1,101,0
8,-7,93,1,101,0
5,5,98,1,101,0
3,-3,1,1,101,0
-7,5,9,1,101,0
1,-7,23,1,101,0
-4,2,34,1,101,0
4,-6,56,1,101,0
0,1,56,1,101,0
-2,0,59,1,101,0
7,-5,61,1,101,0
-3,-4,65,1,101,0
1,2,66,1,101,0
6,7,72,1,101,0
7,8,73,1,101,0
6,-2,79,1,101,0
2,3,76,1,101,0
0,-4,84,1,101,0
3,4,87,1,101,0
4,5,96,1,101,0
8,-8,99,1,101,0
5,6,99,1,101,0
9,1,3,1,101,0
-7,6,11,1,101,0
1,-8,17,1,101,0
-3,2,39,1,101,0
-6,-4,46,1,101,0
-1,0,54,1,101,0
4,-7,57,1,101,0
0,2,59,1,101,0
4,6,59,1,101,0
7,-6,71,1,101,0
6,8,75,1,101,0
3,5,93,1,101,0
5,7,99,1,101,0
8,1,9,1,101,0
0,-6,14,1,101,0
-6,6,19,1,101,0
3,-5,35,1,101,0
-2,2,46,1,101,0
3,6,53,1,101,0
4,7,89,1,101,0
5,8,93,1,101,0
7,-7,94,1,101,0
6,-4,101,1,101,0
2,5,99,1,101,0
2,-2,99,1,101,0
6,0,18,1,101,0
0,-7,14,1,101,0
7,1,19,1,101,0
-5,6,25,1,101,0
8,2,27,1,101,0
8,-1,35,1,101,0
2,6,47,1,101,0
-1,2,53,1,101,0
6,-5,54,1,101,0
-2,-4,71,1,101,0
5,-2,84,1,101,0
7,-8,98,1,101,0
2,-3,98,1,101,0
3,7,99,1,101,0
-1,3,4,1,101,0
5,0,12,1,101,0
0,-8,7,1,101,0
-2,4,11,1,101,0
7,2,25,1,101,0
8,3,28,1,101,0
-4,6,31,1,101,0
3,-7,36,1,101,0
8,-2,47,1,101,0
1,6,41,1,101,0
-5,-4,53,1,101,0
6,-6,77,1,101,0
2,7,83,1,101,0
5,-3,96,1,101,0
3,8,96,1,101,0
4,0,6,1,101,0
-2,5,18,1,101,0
2,-5,29,1,101,0
7,3,33,1,101,0
-3,6,34,1,101,0
-8,-4,34,1,101,0
0,6,34,1,101,0
1,7,76,1,101,0
5,-4,98,1,101,0
6,-7,99,1,101,0
-2,6,19,1,101,0
7,-1,39,1,101,0
3,0,23,1,101,0
7,4,39,1,101,0
-3,7,41,1,101,0
8,5,46,1,101,0
5,-5,47,1,101,0
8,-4,58,1,101,0
0,7,66,1,101,0
1,8,69,1,101,0
-1,-4,78,1,101,0
1,-3,92,1,101,0
6,-8,94,1,101,0
-1,6,28,1,102,0
2,-7,29,1,102,0
3,1,29,1,102,0
2,0,35,1,102,0
4,2,37,1,102,0
-3,8,44,1,102,0
5,3,47,1,102,0
7,-2,48,1,102,0
-2,7,52,1,102,0
7,5,53,1,102,0
6,4,58,1,102,0
-4,-4,59,1,102,0
8,-5,64,1,102,0
0,8,68,1,102,0
5,-6,74,1,102,0
1,-4,86,1,102,0
4,-3,87,1,102,0
-5,0,92,1,102,0
8,6,99,1,102,0
-7,3,13,1,102,0
3,-1,17,1,102,0
-6,2,21,1,102,0
1,-5,22,1,102,0
3,2,36,1,102,0
-7,-4,39,1,102,0
1,0,41,1,102,0
4,3,46,1,102,0
7,-3,73,1,102,0
5,4,55,1,102,0
-1,7,59,1,102,0
5,-7,59,1,102,0
6,5,63,1,102,0
8,7,66,1,102,0
8,-6,69,1,102,0
-4,0,89,1,102,0
-5,1,99,1,102,0
7,6,101,1,102,0
-7,4,6,1,102,0
6,-1,22,1,102,0
4,-5,41,1,102,0
0,0,48,1,102,0
7,-4,64,1,102,0
-1,8,58,1,102,0
-3,0,66,1,102,0
8,8,68,1,102,0
2,2,71,1,102,0
3,3,79,1,102,0
7,7,82,1,102,0
4,4,86,1,102,0
5,5,98,1,102,0
8,-7,101,1,102,0
3,-2,101,1,102,0
-5,2,101,1,102,0
3,-3,1,1,102,0
-7,5,9,1,102,0
1,-7,23,1,102,0
-4,2,34,1,102,0
4,-6,56,1,102,0
0,1,56,1,102,0
-2,0,59,1,102,0
7,-5,61,1,102,0
-3,-4,65,1,102,0
1,2,66,1,102,0
6,7,72,1,102,0
7,8,73,1,102,0
6,-2,79,1,102,0
2,3,76,1,102,0
0,-4,84,1,102,0
3,4,87,1,102,0
4,5,96,1,102,0
8,-8,99,1,102,0
5,6,101,1,102,0
9,1,3,1,102,0
-7,6,11,1,102,0
1,-8,17,1,102,0
-3,2,39,1,102,0
-6,-4,46,1,102,0
-1,0,54,1,102,0
4,-7,57,1,102,0
0,2,59,1,102,0
4,6,59,1,102,0
7,-6,71,1,102,0
6,8,75,1,102,0
3,5,93,1,102,0
5,7,101,1,102,0
8,1,9,1,102,0
0,-6,14,1,102,0
-6,6,19,1,102,0
3,-5,35,1,102,0
-2,2,46,1,102,0
3,6,53,1,102,0
4,7,89,1,102,0
5,8,93,1,102,0
7,-7,94,1,102,0
6,-4,102,1,102,0
2,5,99,1,102,0
2,-2,99,1,102,0
6,0,18,1,102,0
0,-7,14,1,102,0
7,1,19,1,102,0
-5,6,25,1,102,0
8,2,27,1,102,0
8,-1,35,1,102,0
2,6,47,1,102,0
-1,2,53,1,102,0
6,-5,54,1,102,0
-2,-4,71,1,102,0
5,-2,84,1,102,0
7,-8,98,1,102,0
2,-3,98,1,102,0
3,7,99,1,102,0
1,5,101,1,102,0
-1,3,4,1,102,0
5,0,12,1,102,0
0,-8,7,1,102,0
-2,4,11,1,102,0
7,2,25,1,102,0
8,3,28,1,102,0
-4,6,31,1,102,0
3,-7,36,1,102,0
8,-2,47,1,102,0
1,6,41,1,102,0
-5,-4,53,1,102,0
6,-6,77,1,102,0
2,7,83,1,102,0
5,-3,96,1,102,0
3,8,101,1,102,0
4,0,6,1,102,0
-2,5,18,1,102,0
2,-5,29,1,102,0
7,3,33,1,102,0
-3,6,34,1,102,0
-8,-4,34,1,102,0
0,6,34,1,102,0
1,7,76,1,102,0
5,-4,98,1,102,0
6,-7,99,1,102,0
-2,6,19,1,102,0
7,-1,39,1,102,0
3,0,23,1,102,0
7,4,39,1,102,0
-3,7,41,1,102,0
8,5,46,1,102,0
5,-5,47,1,102,0
8,-4,58,1,102,0
0,7,66,1,102,0
1,8,69,1,102,0
-1,-4,78,1,102,0
1,-3,92,1,102,0
6,-8,94,1,102,0
-1,6,28,1,103,0
2,-7,29,1,103,0
3,1,29,1,103,0
2,0,35,1,103,0
4,2,37,1,103,0
-3,8,44,1,103,0
5,3,47,1,103,0
7,-2,48,1,103,0
-2,7,52,1,103,0
7,5,53,1,103,0
6,4,58,1,103,0
-4,-4,59,1,103,0
8,-5,64,1,103,0
0,8,68,1,103,0
5,-6,74,1,103,0
1,-4,86,1,103,0
4,-3,87,1,103,0
-5,0,92,1,103,0
8,6,99,1,103,0
-7,3,13,1,103,0
3,-1,17,1,103,0
-6,2,21,1,103,0
1,-5,22,1,103,0
3,2,36,1,103,0
-7,-4,39,1,103,0
1,0,41,1,103,0
4,3,46,1,103,0
7,-3,73,1,103,0
5,4,55,1,103,0
-1,7,59,1,103,0
5,-7,59,1,103,0
6,5,63,1,103,0
8,7,66,1,103,0
8,-6,69,1,103,0
-4,0,89,1,103,0
-5,1,99,1,103,0
7,6,102,1,103,0
-7,4,6,1,103,0
6,-1,22,1,103,0
4,-5,41,1,103,0
0,0,48,1,103,0
7,-4,64,1,103,0
-1,8,58,1,103,0
-3,0,66,1,103,0
8,8,68,1,103,0
2,2,71,1,103,0
3,3,79,1,103,0
7,7,82,1,103,0
4,4,86,1,103,0
8,-7,102,1,103,0
5,5,102,1,103,0
3,-2,102,1,103,0
-5,2,102,1,103,0
3,-3,1,1,103,0
-7,5,9,1,103,0
1,-7,23,1,103,0
-4,2,34,1,103,0
4,-6,56,1,103,0
0,1,56,1,103,0
-2,0,59,1,103,0
7,-5,61,1,103,0
-3,-4,65,1,103,0
1,2,66,1,103,0
6,7,72,1,103,0
7,8,73,1,103,0
6,-2,79,1,103,0
2,3,76,1,103,0
0,-4,84,1,103,0
3,4,87,1,103,0
4,5,96,1,103,0
8,-8,99,1,103,0
5,6,101,1,103,0
9,1,3,1,103,0
-7,6,11,1,103,0
1,-8,17,1,103,0
-3,2,39,1,103,0
-6,-4,46,1,103,0
-1,0,54,1,103,0
4,-7,57,1,103,0
0,2,59,1,103,0
4,6,59,1,103,0
7,-6,71,1,103,0
6,8,75,1,103,0
3,5,93,1,103,0
5,7,102,1,103,0
8,1,9,1,103,0
0,-6,14,1,103,0
-6,6,19,1,103,0
3,-5,35,1,103,0
-2,2,46,1,103,0
3,6,53,1,103,0
4,7,89,1,103,0
5,8,93,1,103,0
7,-7,94,1,103,0
6,-4,103,1,103,0
2,5,99,1,103,0
2,-2,99,1,103,0
6,0,18,1,103,0
0,-7,14,1,103,0
7,1,19,1,103,0
-5,6,25,1,103,0
8,2,27,1,103,0
8,-1,35,1,103,0
2,6,47,1,103,0
-1,2,53,1,103,0
6,-5,54,1,103,0
-2,-4,71,1,103,0
5,-2,84,1,103,0
7,-8,98,1,103,0
2,-3,98,1,103,0
3,7,99,1,103,0
1,5,102,1,103,0
-1,3,4,1,103,0
5,0,12,1,103,0
0,-8,7,1,103,0
-2,4,11,1,103,0
7,2,25,1,103,0
8,3,28,1,103,0
-4,6,31,1,103,0
3,-7,36,1,103,0
8,-2,47,1,103,0
1,6,41,1,103,0
-5,-4,53,1,103,0
6,-6,77,1,103,0
2,7,83,1,103,0
5,-3,96,1,103,0
3,8,102,1,103,0
4,0,6,1,103,0
-2,5,18,1,103,0
2,-5,29,1,103,0
7,3,33,1,103,0
-3,6,34,1,103,0
-8,-4,34,1,103,0
0,6,34,1,103,0
1,7,76,1,103,0
5,-4,98,1,103,0
6,-7,99,1,103,0
-2,6,19,1,103,0
7,-1,39,1,103,0
3,0,23,1,103,0
7,4,39,1,103,0
-3,7,41,1,103,0
8,5,46,1,103,0
5,-5,47,1,103,0
8,-4,58,1,103,0
0,7,66,1,103,0
1,8,69,1,103,0
-1,-4,78,1,103,0
1,-3,92,1,103,0
6,-8,101,1,103,0
-1,6,28,1,104,0
2,-7,29,1,104,0
3,1,29,1,104,0
2,0,35,1,104,0
4,2,37,1,104,0
-3,8,44,1,104,0
5,3,47,1,104,0
7,-2,48,1,104,0
-2,7,52,1,104,0
7,5,53,1,104,0
6,4,58,1,104,0
-4,-4,59,1,104,0
8,-5,64,1,104,0
0,8,68,1,104,0
5,-6,74,1,104,0
1,-4,86,1,104,0
4,-3,87,1,104,0
-5,0,92,1,104,0
8,6,99,1,104,0
-7,3,13,1,104,0
3,-1,17,1,104,0
-6,2,21,1,104,0
1,-5,22,1,104,0
3,2,36,1,104,0
-7,-4,39,1,104,0
1,0,41,1,104,0
4,3,46,1,104,0
7,-3,73,1,104,0
5,4,55,1,104,0
-1,7,59,1,104,0
5,-7,59,1,104,0
6,5,63,1,104,0
8,7,66,1,104,0
8,-6,69,1,104,0
-4,0,89,1,104,0
-5,1,99,1,104,0
7,6,103,1,104,0
-7,4,6,1,104,0
6,-1,22,1,104,0
4,-5,41,1,104,0
0,0,48,1,104,0
7,-4,64,1,104,0
-1,8,58,1,104,0
-3,0,66,1,104,0
8,8,68,1,104,0
2,2,71,1,104,0
3,3,79,1,104,0
7,7,82,1,104,0
4,4,86,1,104,0
8,-7,103,1,104,0
5,-8,102,1,104,0
5,5,103,1,104,0
3,-2,103,1,104,0
-5,2,103,1,104,0
3,-3,1,1,104,0
-7,5,9,1,104,0
1,-7,23,1,104,0
-4,2,34,1,104,0
4,-6,56,1,104,0
0,1,56,1,104,0
-2,0,59,1,104,0
7,-5,61,1,104,0
-3,-4,65,1,104,0
1,2,66,1,104,0
6,7,72,1,104,0
7,8,73,1,104,0
6,-2,79,1,104,0
2,3,76,1,104,0
0,-4,84,1,104,0
3,4,87,1,104,0
4,5,96,1,104,0
8,-8,99,1,104,0
5,6,101,1,104,0
9,1,3,1,104,0
-7,6,11,1,104,0
1,-8,17,1,104,0
-3,2,39,1,104,0
-6,-4,46,1,104,0
-1,0,54,1,104,0
4,-7,57,1,104,0
0,2,59,1,104,0
4,6,59,1,104,0
7,-6,71,1,104,0
6,8,75,1,104,0
3,5,93,1,104,0
5,7,102,1,104,0
8,1,9,1,104,0
0,-6,14,1,104,0
-6,6,19,1,104,0
3,-5,35,1,104,0
-2,2,46,1,104,0
3,6,53,1,104,0
4,7,89,1,104,0
5,8,93,1,104,0
7,-7,94,1,104,0
6,-4,104,1,104,0
2,5,99,1,104,0
2,-2,99,1,104,0
6,0,18,1,104,0
0,-7,14,1,104,0
7,1,19,1,104,0
-5,6,25,1,104,0
8,2,27,1,104,0
8,-1,35,1,104,0
2,6,47,1,104,0
-1,2,53,1,104,0
6,-5,54,1,104,0
-2,-4,71,1,104,0
5,-2,84,1,104,0
7,-8,98,1,104,0
2,-3,98,1,104,0
3,7,99,1,104,0
1,5,103,1,104,0
-1,3,4,1,104,0
5,0,12,1,104,0
0,-8,7,1,104,0
-2,4,11,1,104,0
7,2,25,1,104,0
8,3,28,1,104,0
-4,6,31,1,104,0
3,-7,36,1,104,0
8,-2,47,1,104,0
1,6,41,1,104,0
-5,-4,53,1,104,0
6,-6,77,1,104,0
2,7,83,1,104,0
5,-3,96,1,104,0
3,8,103,1,104,0
4,0,6,1,104,0
-2,5,18,1,104,0
2,-5,29,1,104,0
7,3,33,1,104,0
-3,6,34,1,104,0
-8,-4,34,1,104,0
0,6,34,1,104,0
1,7,76,1,104,0
5,-4,98,1,104,0
6,-7,99,1,104,0
-2,6,19,1,104,0
7,-1,39,1,104,0
3,0,23,1,104,0
7,4,39,1,104,0
-3,7,41,1,104,0
8,5,46,1,104,0
5,-5,47,1,104,0
8,-4,58,1,104,0
0,7,66,1,104,0
1,8,69,1,104,0
-1,-4,78,1,104,0
1,-3,92,1,104,0
6,-8,101,1,104,0
-1,6,28,1,105,0
2,-7,29,1,105,0
3,1,29,1,105,0
2,0,35,1,105,0
4,2,37,1,105,0
-3,8,44,1,105,0
5,3,47,1,105,0
7,-2,48,1,105,0
-2,7,52,1,105,0
7,5,53,1,105,0
6,4,58,1,105,0
-4,-4,59,1,105,0
8,-5,64,1,105,0
0,8,68,1,105,0
5,-6,74,1,105,0
1,-4,86,1,105,0
4,-3,87,1,105,0
-5,0,92,1,105,0
8,6,99,1,105,0
-7,3,13,1,105,0
3,-1,17,1,105,0
-6,2,21,1,105,0
1,-5,22,1,105,0
3,2,36,1,105,0
-7,-4,39,1,105,0
1,0,41,1,105,0
4,3,46,1,105,0
7,-3,73,1,105,0
5,4,55,1,105,0
-1,7,59,1,105,0
6,5,63,1,105,0
8,7,66,1,105,0
8,-6,69,1,105,0
-4,0,89,1,105,0
-5,1,99,1,105,0
7,6,104,1,105,0
5,-7,103,1,105,0
-7,4,6,1,105,0
6,-1,22,1,105,0
4,-5,41,1,105,0
0,0,48,1,105,0
7,-4,64,1,105,0
-1,8,58,1,105,0
-3,0,66,1,105,0
8,8,68,1,105,0
2,2,71,1,105,0
3,3,79,1,105,0
7,7,82,1,105,0
4,4,86,1,105,0
5,-8,102,1,105,0
8,-7,104,1,105,0
5,5,104,1,105,0
3,-2,104,1,105,0
-5,2,104,1,105,0
3,-3,1,1,105,0
-7,5,9,1,105,0
1,-7,23,1,105,0
-4,2,34,1,105,0
4,-6,56,1,105,0
0,1,56,1,105,0
-2,0,59,1,105,0
7,-5,61,1,105,0
-3,-4,65,1,105,0
1,2,66,1,105,0
6,7,72,1,105,0
7,8,73,1,105,0
6,-2,79,1,105,0
2,3,76,1,105,0
0,-4,84,1,105,0
3,4,87,1,105,0
4,5,96,1,105,0
8,-8,99,1,105,0
5,6,101,1,105,0
9,1,3,1,105,0
-7,6,11,1,105,0
1,-8,17,1,105,0
-3,2,39,1,105,0
-6,-4,46,1,105,0
-1,0,54,1,105,0
4,-7,57,1,105,0
0,2,59,1,105,0
4,6,59,1,105,0
7,-6,71,1,105,0
6,8,75,1,105,0
3,5,93,1,105,0
5,7,103,1,105,0
8,1,9,1,105,0
0,-6,14,1,105,0
-6,6,19,1,105,0
3,-5,35,1,105,0
-2,2,46,1,105,0
3,6,53,1,105,0
4,7,89,1,105,0
5,8,93,1,105,0
7,-7,94,1,105,0
6,-4,105,1,105,0
2,5,99,1,105,0
2,-2,99,1,105,0
1,4,104,1,105,0
6,0,18,1,105,0
0,-7,14,1,105,0
7,1,19,1,105,0
-5,6,25,1,105,0
8,2,27,1,105,0
8,-1,35,1,105,0
2,6,47,1,105,0
-1,2,53,1,105,0
6,-5,54,1,105,0
-2,-4,71,1,105,0
5,-2,84,1,105,0
7,-8,98,1,105,0
2,-3,98,1,105,0
3,7,99,1,105,0
1,5,103,1,105,0
-1,3,4,1,105,0
5,0,12,1,105,0
0,-8,7,1,105,0
-2,4,11,1,105,0
7,2,25,1,105,0
8,3,28,1,105,0
-4,6,31,1,105,0
3,-7,36,1,105,0
8,-2,47,1,105,0
1,6,41,1,105,0
-5,-4,53,1,105,0
6,-6,77,1,105,0
2,7,83,1,105,0
5,-3,96,1,105,0
3,8,104,1,105,0
4,0,6,1,105,0
-2,5,18,1,105,0
2,-5,29,1,105,0
7,3,33,1,105,0
-3,6,34,1,105,0
-8,-4,34,1,105,0
0,6,34,1,105,0
1,7,76,1,105,0
5,-4,98,1,105,0
6,-7,99,1,105,0
-2,6,19,1,105,0
7,-1,39,1,105,0
3,0,23,1,105,0
7,4,39,1,105,0
-3,7,41,1,105,0
8,5,46,1,105,0
5,-5,47,1,105,0
8,-4,58,1,105,0
0,7,66,1,105,0
1,8,69,1,105,0
-1,-4,78,1,105,0
1,-3,92,1,105,0
6,-8,101,1,105,0
-1,6,28,1,106,0
2,-7,29,1,106,0
3,1,29,1,106,0
2,0,35,1,106,0
4,2,37,1,106,0
-3,8,44,1,106,0
5,3,47,1,106,0
7,-2,48,1,106,0
-2,7,52,1,106,0
7,5,53,1,106,0
6,4,58,1,106,0
-4,-4,59,1,106,0
8,-5,64,1,106,0
0,8,68,1,106,0
5,-6,74,1,106,0
1,-4,86,1,106,0
4,-3,87,1,106,0
-5,0,92,1,106,0
8,6,99,1,106,0
-7,3,13,1,106,0
3,-1,17,1,106,0
-6,2,21,1,106,0
1,-5,22,1,106,0
3,2,36,1,106,0
-7,-4,39,1,106,0
1,0,41,1,106,0
4,3,46,1,106,0
7,-3,73,1,106,0
5,4,55,1,106,0
-1,7,59,1,106,0
8,7,66,1,106,0
8,-6,69,1,106,0
-4,0,89,1,106,0
-5,1,99,1,106,0
7,6,105,1,106,0
5,-7,104,1,106,0
6,5,105,1,106,0
-7,4,6,1,106,0
6,-1,22,1,106,0
4,-5,41,1,106,0
0,0,48,1,106,0
7,-4,64,1,106,0
-1,8,58,1,106,0
-3,0,66,1,106,0
8,8,68,1,106,0
2,2,71,1,106,0
3,3,79,1,106,0
7,7,82,1,106,0
4,4,86,1,106,0
5,-8,102,1,106,0
5,5,104,1,106,0
8,-7,105,1,106,0
3,-2,105,1,106,0
-5,2,105,1,106,0
3,-3,1,1,106,0
-7,5,9,1,106,0
1,-7,23,1,106,0
-4,2,34,1,106,0
4,-6,56,1,106,0
0,1,56,1,106,0
-2,0,59,1,106,0
7,-5,61,1,106,0
-3,-4,65,1,106,0
1,2,66,1,106,0
6,7,72,1,106,0
7,8,73,1,106,0
6,-2,79,1,106,0
2,3,76,1,106,0
0,-4,84,1,106,0
3,4,87,1,106,0
4,5,96,1,106,0
8,-8,99,1,106,0
5,6,104,1,106,0
9,1,3,1,106,0
-7,6,11,1,106,0
1,-8,17,1,106,0
-3,2,39,1,106,0
-6,-4,46,1,106,0
-1,0,54,1,106,0
4,-7,57,1,106,0
0,2,59,1,106,0
4,6,59,1,106,0
7,-6,71,1,106,0
6,8,75,1,106,0
3,5,93,1,106,0
5,7,103,1,106,0
8,1,9,1,106,0
0,-6,14,1,106,0
-6,6,19,1,106,0
3,-5,35,1,106,0
-2,2,46,1,106,0
3,6,53,1,106,0
4,7,89,1,106,0
5,8,93,1,106,0
7,-7,94,1,106,0
6,-4,106,1,106,0
2,5,99,1,106,0
2,-2,99,1,106,0
1,4,105,1,106,0
6,0,18,1,106,0
0,-7,14,1,106,0
7,1,19,1,106,0
-5,6,25,1,106,0
8,2,27,1,106,0
8,-1,35,1,106,0
2,6,47,1,106,0
-1,2,53,1,106,0
6,-5,54,1,106,0
-2,-4,71,1,106,0
5,-2,84,1,106,0
7,-8,98,1,106,0
2,-3,98,1,106,0
1,5,103,1,106,0
3,7,105,1,106,0
-1,3,4,1,106,0
5,0,12,1,106,0
0,-8,7,1,106,0
-2,4,11,1,106,0
7,2,25,1,106,0
8,3,28,1,106,0
-4,6,31,1,106,0
3,-7,36,1,106,0
8,-2,47,1,106,0
1,6,41,1,106,0
-5,-4,53,1,106,0
6,-6,77,1,106,0
2,7,83,1,106,0
5,-3,96,1,106,0
3,8,104,1,106,0
4,0,6,1,106,0
-2,5,18,1,106,0
2,-5,29,1,106,0
7,3,33,1,106,0
-3,6,34,1,106,0
-8,-4,34,1,106,0
0,6,34,1,106,0
1,7,76,1,106,0
5,-4,98,1,106,0
6,-7,99,1,106,0
-2,6,19,1,106,0
7,-1,39,1,106,0
3,0,23,1,106,0
7,4,39,1,106,0
-3,7,41,1,106,0
8,5,46,1,106,0
5,-5,47,1,106,0
8,-4,58,1,106,0
0,7,66,1,106,0
1,8,69,1,106,0
-1,-4,78,1,106,0
1,-3,92,1,106,0
6,-8,101,1,106,0
-1,6,28,1,107,0
2,-7,29,1,107,0
3,1,29,1,107,0
2,0,35,1,107,0
4,2,37,1,107,0
-3,8,44,1,107,0
5,3,47,1,107,0
7,-2,48,1,107,0
-2,7,52,1,107,0
7,5,53,1,107,0
6,4,58,1,107,0
-4,-4,59,1,107,0
8,-5,64,1,107,0
0,8,68,1,107,0
5,-6,74,1,107,0
1,-4,86,1,107,0
4,-3,87,1,107,0
-5,0,92,1,107,0
8,6,99,1,107,0
-7,3,13,1,107,0
3,-1,17,1,107,0
-6,2,21,1,107,0
1,-5,22,1,107,0
3,2,36,1,107,0
-7,-4,39,1,107,0
1,0,41,1,107,0
4,3,46,1,107,0
7,-3,73,1,107,0
5,4,55,1,107,0
-1,7,59,1,107,0
8,7,66,1,107,0
8,-6,69,1,107,0
-4,0,89,1,107,0
-5,1,99,1,107,0
7,6,106,1,107,0
5,-7,105,1,107,0
6,5,106,1,107,0
-7,4,6,1,107,0
6,-1,22,1,107,0
4,-5,41,1,107,0
0,0,48,1,107,0
7,-4,107,1,107,0
-1,8,58,1,107,0
-3,0,66,1,107,0
8,8,68,1,107,0
2,2,71,1,107,0
3,3,79,1,107,0
7,7,82,1,107,0
4,4,86,1,107,0
5,-8,102,1,107,0
5,5,104,1,107,0
6,6,105,1,107,0
8,-7,106,1,107,0
3,-2,106,1,107,0
-5,2,106,1,107,0
3,-3,1,1,107,0
-7,5,9,1,107,0
1,-7,23,1,107,0
-4,2,34,1,107,0
4,-6,56,1,107,0
0,1,56,1,107,0
-2,0,59,1,107,0
7,-5,61,1,107,0
-3,-4,65,1,107,0
1,2,66,1,107,0
6,7,72,1,107,0
7,8,73,1,107,0
6,-2,79,1,107,0
2,3,76,1,107,0
0,-4,84,1,107,0
3,4,87,1,107,0
4,5,96,1,107,0
8,-8,99,1,107,0
5,6,104,1,107,0
9,1,3,1,107,0
-7,6,11,1,107,0
1,-8,17,1,107,0
-3,2,39,1,107,0
-6,-4,46,1,107,0
-1,0,54,1,107,0
4,-7,57,1,107,0
0,2,59,1,107,0
4,6,59,1,107,0
7,-6,71,1,107,0
6,8,75,1,107,0
3,5,93,1,107,0
5,7,103,1,107,0
8,1,9,1,107,0
0,-6,14,1,107,0
-6,6,19,1,107,0
3,-5,35,1,107,0
-2,2,46,1,107,0
3,6,53,1,107,0
4,7,89,1,107,0
5,8,93,1,107,0
7,-7,94,1,107,0
6,-4,106,1,107,0
2,5,99,1,107,0
2,-2,99,1,107,0
1,4,106,1,107,0
6,0,18,1,107,0
0,-7,14,1,107,0
7,1,19,1,107,0
-5,6,25,1,107,0
8,2,27,1,107,0
8,-1,35,1,107,0
2,6,47,1,107,0
-1,2,53,1,107,0
6,-5,54,1,107,0
-2,-4,71,1,107,0
5,-2,84,1,107,0
7,-8,98,1,107,0
2,-3,98,1,107,0
1,5,103,1,107,0
3,7,106,1,107,0
-1,3,4,1,107,0
5,0,12,1,107,0
0,-8,7,1,107,0
-2,4,11,1,107,0
7,2,25,1,107,0
8,3,28,1,107,0
-4,6,31,1,107,0
3,-7,36,1,107,0
8,-2,47,1,107,0
1,6,41,1,107,0
-5,-4,53,1,107,0
6,-6,77,1,107,0
2,7,83,1,107,0
5,-3,96,1,107,0
3,8,104,1,107,0
4,0,6,1,107,0
-2,5,18,1,107,0
2,-5,29,1,107,0
7,3,33,1,107,0
-3,6,34,1,107,0
-8,-4,34,1,107,0
0,6,34,1,107,0
1,7,76,1,107,0
5,-4,98,1,107,0
6,-7,99,1,107,0
-2,6,19,1,107,0
7,-1,39,1,107,0
3,0,23,1,107,0
7,4,39,1,107,0
-3,7,41,1,107,0
8,5,46,1,107,0
5,-5,47,1,107,0
8,-4,58,1,107,0
0,7,66,1,107,0
1,8,69,1,107,0
-1,-4,78,1,107,0
1,-3,92,1,107,0
6,-8,101,1,107,0
-1,6,28,1,108,0
2,-7,29,1,108,0
3,1,29,1,108,0
2,0,35,1,108,0
4,2,37,1,108,0
-3,8,44,1,108,0
5,3,47,1,108,0
7,-2,48,1,108,0
-2,7,52,1,108,0
7,5,53,1,108,0
6,4,58,1,108,0
-4,-4,59,1,108,0
8,-5,64,1,108,0
0,8,68,1,108,0
5,-6,74,1,108,0
1,-4,86,1,108,0
4,-3,87,1,108,0
-5,0,92,1,108,0
8,6,99,1,108,0
-7,3,13,1,108,0
3,-1,17,1,108,0
-6,2,21,1,108,0
1,-5,22,1,108,0
3,2,36,1,108,0
-7,-4,39,1,108,0
1,0,41,1,108,0
4,3,46,1,108,0
7,-3,73,1,108,0
5,4,55,1,108,0
-1,7,59,1,108,0
8,7,66,1,108,0
8,-6,69,1,108,0
-4,0,89,1,108,0
-5,1,99,1,108,0
5,-7,105,1,108,0
7,6,107,1,108,0
6,5,107,1,108,0
-7,4,6,1,108,0
6,-1,22,1,108,0
4,-5,41,1,108,0
0,0,48,1,108,0
7,-4,108,1,108,0
-1,8,58,1,108,0
-3,0,66,1,108,0
8,8,68,1,108,0
2,2,71,1,108,0
3,3,79,1,108,0
7,7,82,1,108,0
4,4,86,1,108,0
5,5,104,1,108,0
-5,2,106,1,108,0
6,6,106,1,108,0
8,-7,107,1,108,0
5,-8,106,1,108,0
3,-2,107,1,108,0
3,-3,1,1,108,0
-7,5,9,1,108,0
1,-7,23,1,108,0
-4,2,34,1,108,0
4,-6,56,1,108,0
0,1,56,1,108,0
-2,0,59,1,108,0
7,-5,61,1,108,0
-3,-4,65,1,108,0
1,2,66,1,108,0
6,7,72,1,108,0
7,8,73,1,108,0
6,-2,79,1,108,0
2,3,76,1,108,0
0,-4,84,1,108,0
3,4,87,1,108,0
4,5,96,1,108,0
8,-8,99,1,108,0
5,6,104,1,108,0
9,1,3,1,108,0
-7,6,11,1,108,0
1,-8,17,1,108,0
-3,2,39,1,108,0
-6,-4,46,1,108,0
-1,0,54,1,108,0
4,-7,57,1,108,0
0,2,59,1,108,0
4,6,59,1,108,0
7,-6,71,1,108,0
6,8,75,1,108,0
3,5,93,1,108,0
5,7,103,1,108,0
8,1,9,1,108,0
0,-6,14,1,108,0
-6,6,19,1,108,0
3,-5,35,1,108,0
-2,2,46,1,108,0
3,6,53,1,108,0
4,7,89,1,108,0
5,8,93,1,108,0
7,-7,94,1,108,0
6,-4,106,1,108,0
2,5,99,1,108,0
2,-2,99,1,108,0
1,4,107,1,108,0
6,0,18,1,108,0
0,-7,14,1,108,0
7,1,19,1,108,0
-5,6,25,1,108,0
8,2,27,1,108,0
8,-1,35,1,108,0
2,6,47,1,108,0
-1,2,53,1,108,0
6,-5,54,1,108,0
-2,-4,71,1,108,0
5,-2,84,1,108,0
7,-8,98,1,108,0
2,-3,98,1,108,0
1,5,103,1,108,0
3,7,107,1,108,0
-1,3,4,1,108,0
5,0,12,1,108,0
0,-8,7,1,108,0
-2,4,11,1,108,0
7,2,25,1,108,0
8,3,28,1,108,0
-4,6,31,1,108,0
3,-7,36,1,108,0
8,-2,47,1,108,0
1,6,41,1,108,0
-5,-4,53,1,108,0
6,-6,77,1,108,0
2,7,83,1,108,0
5,-3,96,1,108,0
3,8,104,1,108,0
4,0,6,1,108,0
-2,5,18,1,108,0
2,-5,29,1,108,0
7,3,33,1,108,0
-3,6,34,1,108,0
-8,-4,34,1,108,0
0,6,34,1,108,0
1,7,76,1,108,0
5,-4,98,1,108,0
6,-7,99,1,108,0
-2,6,19,1,108,0
7,-1,39,1,108,0
3,0,23,1,108,0
7,4,39,1,108,0
-3,7,41,1,108,0
8,5,46,1,108,0
5,-5,47,1,108,0
8,-4,58,1,108,0
0,7,66,1,108,0
1,8,69,1,108,0
-1,-4,78,1,108,0
1,-3,92,1,108,0
6,-8,101,1,108,0
-1,6,28,1,109,0
2,-7,29,1,109,0
3,1,29,1,109,0
2,0,35,1,109,0
4,2,37,1,109,0
-3,8,44,1,109,0
5,3,47,1,109,0
7,-2,48,1,109,0
-2,7,52,1,109,0
7,5,53,1,109,0
6,4,58,1,109,0
-4,-4,59,1,109,0
8,-5,64,1,109,0
0,8,68,1,109,0
5,-6,74,1,109,0
1,-4,86,1,109,0
4,-3,87,1,109,0
-5,0,92,1,109,0
8,6,99,1,109,0
-7,3,13,1,109,0
3,-1,17,1,109,0
-6,2,21,1,109,0
1,-5,22,1,109,0
3,2,36,1,109,0
-7,-4,39,1,109,0
1,0,41,1,109,0
4,3,46,1,109,0
7,-3,73,1,109,0
5,4,55,1,109,0
-1,7,59,1,109,0
8,7,66,1,109,0
-4,0,89,1,109,0
-5,1,99,1,109,0
5,-7,105,1,109,0
7,6,108,1,109,0
8,-6,108,1,109,0
6,5,108,1,109,0
-7,4,6,1,109,0
6,-1,22,1,109,0
4,-5,41,1,109,0
0,0,48,1,109,0
7,-4,109,1,109,0
-1,8,58,1,109,0
-3,0,66,1,109,0
8,8,68,1,109,0
2,2,71,1,109,0
3,3,79,1,109,0
7,7,82,1,109,0
4,4,86,1,109,0
5,5,104,1,109,0
-5,2,106,1,109,0
8,-7,107,1,109,0
5,-8,107,1,109,0
3,-2,108,1,109,0
6,6,108,1,109,0
3,-3,1,1,109,0
-7,5,9,1,109,0
1,-7,23,1,109,0
-4,2,34,1,109,0
4,-6,56,1,109,0
0,1,56,1,109,0
-2,0,59,1,109,0
7,-5,61,1,109,0
-3,-4,65,1,109,0
1,2,66,1,109,0
6,7,72,1,109,0
7,8,73,1,109,0
6,-2,79,1,109,0
2,3,76,1,109,0
0,-4,84,1,109,0
3,4,87,1,109,0
4,5,96,1,109,0
8,-8,99,1,109,0
5,6,104,1,109,0
-5,3,107,1,109,0
9,1,3,1,109,0
-7,6,11,1,109,0
1,-8,17,1,109,0
-3,2,39,1,109,0
-6,-4,46,1,109,0
-1,0,54,1,109,0
4,-7,57,1,109,0
0,2,59,1,109,0
4,6,59,1,109,0
7,-6,71,1,109,0
6,8,75,1,109,0
3,5,93,1,109,0
5,7,103,1,109,0
8,1,9,1,109,0
0,-6,14,1,109,0
-6,6,19,1,109,0
3,-5,35,1,109,0
-2,2,46,1,109,0
3,6,53,1,109,0
4,7,89,1,109,0
5,8,93,1,109,0
7,-7,94,1,109,0
6,-4,106,1,109,0
2,5,99,1,109,0
2,-2,99,1,109,0
1,4,108,1,109,0
6,0,18,1,109,0
0,-7,14,1,109,0
7,1,19,1,109,0
-5,6,25,1,109,0
8,2,27,1,109,0
8,-1,35,1,109,0
2,6,47,1,109,0
-1,2,53,1,109,0
6,-5,54,1,109,0
-2,-4,71,1,109,0
5,-2,84,1,109,0
7,-8,98,1,109,0
2,-3,98,1,109,0
1,5,103,1,109,0
3,7,107,1,109,0
-1,3,4,1,109,0
5,0,12,1,109,0
0,-8,7,1,109,0
-2,4,11,1,109,0
7,2,25,1,109,0
8,3,28,1,109,0
-4,6,31,1,109,0
3,-7,36,1,109,0
8,-2,47,1,109,0
1,6,41,1,109,0
-5,-4,53,1,109,0
6,-6,77,1,109,0
2,7,83,1,109,0
5,-3,96,1,109,0
3,8,108,1,109,0
4,0,6,1,109,0
-2,5,18,1,109,0
2,-5,29,1,109,0
7,3,33,1,109,0
-3,6,34,1,109,0
-8,-4,34,1,109,0
0,6,34,1,109,0
1,7,76,1,109,0
5,-4,98,1,109,0
6,-7,99,1,109,0
-2,6,19,1,109,0
7,-1,39,1,109,0
3,0,23,1,109,0
7,4,39,1,109,0
-3,7,41,1,109,0
8,5,46,1,109,0
5,-5,47,1,109,0
8,-4,58,1,109,0
0,7,66,1,109,0
1,8,69,1,109,0
-1,-4,78,1,109,0
1,-3,92,1,109,0
6,-8,101,1,109,0
-1,6,28,1,110,0
2,-7,29,1,110,0
3,1,29,1,110,0
2,0,35,1,110,0
4,2,37,1,110,0
-3,8,44,1,110,0
5,3,47,1,110,0
7,-2,48,1,110,0
-2,7,52,1,110,0
7,5,53,1,110,0
6,4,58,1,110,0
-4,-4,59,1,110,0
8,-5,64,1,110,0
0,8,68,1,110,0
5,-6,74,1,110,0
1,-4,86,1,110,0
4,-3,87,1,110,0
-5,0,92,1,110,0
8,6,99,1,110,0
-7,3,13,1,110,0
3,-1,17,1,110,0
-6,2,21,1,110,0
1,-5,22,1,110,0
3,2,36,1,110,0
-7,-4,39,1,110,0
1,0,41,1,110,0
4,3,46,1,110,0
7,-3,73,1,110,0
5,4,55,1,110,0
-1,7,59,1,110,0
8,7,66,1,110,0
-4,0,89,1,110,0
-5,1,99,1,110,0
5,-7,105,1,110,0
7,6,109,1,110,0
8,-6,109,1,110,0
6,5,109,1,110,0
-7,4,6,1,110,0
6,-1,22,1,110,0
4,-5,41,1,110,0
0,0,48,1,110,0
7,-4,109,1,110,0
-1,8,58,1,110,0
-3,0,66,1,110,0
8,8,68,1,110,0
2,2,71,1,110,0
3,3,79,1,110,0
7,7,82,1,110,0
4,4,86,1,110,0
5,5,104,1,110,0
-5,2,106,1,110,0
8,-7,107,1,110,0
3,-2,108,1,110,0
5,-8,108,1,110,0
6,6,109,1,110,0
3,-3,1,1,110,0
-7,5,9,1,110,0
1,-7,23,1,110,0
-4,2,34,1,110,0
4,-6,56,1,110,0
0,1,56,1,110,0
-2,0,59,1,110,0
7,-5,61,1,110,0
-3,-4,65,1,110,0
1,2,66,1,110,0
6,7,72,1,110,0
7,8,73,1,110,0
6,-2,79,1,110,0
2,3,76,1,110,0
0,-4,84,1,110,0
3,4,87,1,110,0
4,5,96,1,110,0
8,-8,99,1,110,0
5,6,104,1,110,0
-5,3,108,1,110,0
9,1,3,1,110,0
-7,6,11,1,110,0
1,-8,17,1,110,0
-3,2,39,1,110,0
-6,-4,46,1,110,0
-1,0,54,1,110,0
4,-7,57,1,110,0
0,2,59,1,110,0
4,6,59,1,110,0
7,-6,71,1,110,0
6,8,75,1,110,0
3,5,93,1,110,0
5,7,103,1,110,0
8,1,9,1,110,0
0,-6,14,1,110,0
-6,6,19,1,110,0
3,-5,35,1,110,0
-2,2,46,1,110,0
3,6,53,1,110,0
4,7,89,1,110,0
5,8,93,1,110,0
7,-7,94,1,110,0
6,-4,106,1,110,0
2,5,99,1,110,0
2,-2,99,1,110,0
1,4,109,1,110,0
6,0,18,1,110,0
0,-7,14,1,110,0
7,1,19,1,110,0
-5,6,25,1,110,0
8,2,27,1,110,0
8,-1,35,1,110,0
2,6,47,1,110,0
-1,2,53,1,110,0
6,-5,54,1,110,0
-2,-4,71,1,110,0
5,-2,84,1,110,0
7,-8,98,1,110,0
2,-3,98,1,110,0
1,5,103,1,110,0
3,7,107,1,110,0
-1,3,4,1,110,0
5,0,12,1,110,0
0,-8,7,1,110,0
-2,4,11,1,110,0
7,2,25,1,110,0
8,3,28,1,110,0
-4,6,31,1,110,0
3,-7,36,1,110,0
8,-2,47,1,110,0
1,6,41,1,110,0
-5,-4,53,1,110,0
6,-6,77,1,110,0
2,7,83,1,110,0
5,-3,96,1,110,0
3,8,109,1,110,0
4,0,6,1,110,0
-2,5,18,1,110,0
2,-5,29,1,110,0
7,3,33,1,110,0
-3,6,34,1,110,0
-8,-4,34,1,110,0
0,6,34,1,110,0
1,7,76,1,110,0
5,-4,98,1,110,0
6,-7,99,1,110,0
-2,6,19,1,110,0
7,-1,39,1,110,0
3,0,23,1,110,0
7,4,39,1,110,0
-3,7,41,1,110,0
8,5,46,1,110,0
5,-5,47,1,110,0
8,-4,58,1,110,0
0,7,66,1,110,0
1,8,69,1,110,0
-1,-4,78,1,110,0
1,-3,92,1,110,0
6,-8,101,1,110,0
4,-2,109,1,110,0
-1,6,28,1,111,0
2,-7,29,1,111,0
3,1,29,1,111,0
2,0,35,1,111,0
4,2,37,1,111,0
-3,8,44,1,111,0
5,3,47,1,111,0
7,-2,48,1,111,0
-2,7,52,1,111,0
7,5,53,1,111,0
6,4,58,1,111,0
-4,-4,59,1,111,0
8,-5,64,1,111,0
0,8,68,1,111,0
5,-6,74,1,111,0
1,-4,86,1,111,0
4,-3,87,1,111,0
-5,0,92,1,111,0
8,6,99,1,111,0
-7,3,13,1,111,0
3,-1,17,1,111,0
-6,2,21,1,111,0
1,-5,22,1,111,0
3,2,36,1,111,0
-7,-4,39,1,111,0
1,0,41,1,111,0
4,3,46,1,111,0
7,-3,111,1,111,0
5,4,55,1,111,0
-1,7,59,1,111,0
8,7,66,1,111,0
-4,0,89,1,111,0
-5,1,99,1,111,0
5,-7,105,1,111,0
7,6,109,1,111,0
8,-6,109,1,111,0
6,5,109,1,111,0
-7,4,6,1,111,0
6,-1,22,1,111,0
4,-5,41,1,111,0
0,0,48,1,111,0
7,-4,109,1,111,0
-1,8,58,1,111,0
-3,0,66,1,111,0
8,8,68,1,111,0
2,2,71,1,111,0
3,3,79,1,111,0
7,7,82,1,111,0
4,4,86,1,111,0
5,5,104,1,111,0
-5,2,106,1,111,0
8,-7,107,1,111,0
3,-2,108,1,111,0
6,6,109,1,111,0
5,-8,109,1,111,0
3,-3,1,1,111,0
-7,5,9,1,111,0
1,-7,23,1,111,0
-4,2,34,1,111,0
4,-6,56,1,111,0
0,1,56,1,111,0
-2,0,59,1,111,0
7,-5,61,1,111,0
-3,-4,65,1,111,0
1,2,66,1,111,0
6,7,72,1,111,0
7,8,73,1,111,0
6,-2,79,1,111,0
2,3,76,1,111,0
0,-4,84,1,111,0
3,4,87,1,111,0
4,5,96,1,111,0
8,-8,99,1,111,0
5,6,104,1,111,0
-5,3,109,1,111,0
9,1,3,1,111,0
-7,6,11,1,111,0
1,-8,17,1,111,0
-3,2,39,1,111,0
-6,-4,46,1,111,0
-1,0,54,1,111,0
4,-7,57,1,111,0
0,2,59,1,111,0
4,6,59,1,111,0
7,-6,71,1,111,0
6,8,75,1,111,0
3,5,93,1,111,0
5,7,103,1,111,0
8,1,9,1,111,0
0,-6,14,1,111,0
-6,6,19,1,111,0
3,-5,35,1,111,0
-2,2,46,1,111,0
3,6,53,1,111,0
4,7,89,1,111,0
5,8,93,1,111,0
7,-7,94,1,111,0
6,-4,106,1,111,0
2,5,99,1,111,0
2,-2,99,1,111,0
1,4,109,1,111,0
6,0,18,1,111,0
0,-7,14,1,111,0
7,1,19,1,111,0
-5,6,25,1,111,0
8,2,27,1,111,0
8,-1,35,1,111,0
2,6,47,1,111,0
-1,2,53,1,111,0
6,-5,54,1,111,0
-2,-4,71,1,111,0
5,-2,84,1,111,0
7,-8,98,1,111,0
2,-3,98,1,111,0
1,5,103,1,111,0
3,7,107,1,111,0
-1,3,4,1,111,0
5,0,12,1,111,0
0,-8,7,1,111,0
-2,4,11,1,111,0
7,2,25,1,111,0
8,3,28,1,111,0
-4,6,31,1,111,0
3,-7,36,1,111,0
8,-2,47,1,111,0
1,6,41,1,111,0
-5,-4,53,1,111,0
6,-6,77,1,111,0
2,7,83,1,111,0
5,-3,96,1,111,0
3,8,109,1,111,0
4,0,6,1,111,0
-2,5,18,1,111,0
2,-5,29,1,111,0
7,3,33,1,111,0
-3,6,34,1,111,0
-8,-4,34,1,111,0
0,6,34,1,111,0
1,7,76,1,111,0
5,-4,98,1,111,0
6,-7,99,1,111,0
-2,6,19,1,111,0
7,-1,39,1,111,0
3,0,23,1,111,0
7,4,39,1,111,0
-3,7,41,1,111,0
8,5,46,1,111,0
5,-5,47,1,111,0
8,-4,58,1,111,0
0,7,66,1,111,0
1,8,69,1,111,0
-1,-4,78,1,111,0
1,-3,92,1,111,0
6,-8,101,1,111,0
4,-2,109,1,111,0
-1,6,28,1,112,0
2,-7,29,1,112,0
3,1,29,1,112,0
2,0,35,1,112,0
4,2,37,1,112,0
-3,8,44,1,112,0
5,3,47,1,112,0
7,-2,48,1,112,0
-2,7,52,1,112,0
6,4,58,1,112,0
-4,-4,59,1,112,0
8,-5,64,1,112,0
0,8,68,1,112,0
5,-6,74,1,112,0
1,-4,86,1,112,0
4,-3,87,1,112,0
-5,0,92,1,112,0
8,6,99,1,112,0
7,5,111,1,112,0
-7,3,13,1,112,0
3,-1,17,1,112,0
-6,2,21,1,112,0
1,-5,22,1,112,0
3,2,36,1,112,0
-7,-4,39,1,112,0
1,0,41,1,112,0
4,3,46,1,112,0
7,-3,112,1,112,0
5,4,55,1,112,0
-1,7,59,1,112,0
8,7,66,1,112,0
-4,0,89,1,112,0
-5,1,99,1,112,0
5,-7,105,1,112,0
7,6,109,1,112,0
8,-6,111,1,112,0
6,5,111,1,112,0
-7,4,6,1,112,0
6,-1,22,1,112,0
4,-5,41,1,112,0
0,0,48,1,112,0
7,-4,109,1,112,0
-1,8,58,1,112,0
-3,0,66,1,112,0
8,8,68,1,112,0
2,2,71,1,112,0
3,3,79,1,112,0
7,7,82,1,112,0
4,4,86,1,112,0
5,5,104,1,112,0
-5,2,106,1,112,0
8,-7,107,1,112,0
3,-2,108,1,112,0
5,-8,109,1,112,0
6,6,111,1,112,0
3,-3,1,1,112,0
-7,5,9,1,112,0
1,-7,23,1,112,0
-4,2,34,1,112,0
4,-6,56,1,112,0
0,1,56,1,112,0
-2,0,59,1,112,0
7,-5,61,1,112,0
-3,-4,65,1,112,0
1,2,66,1,112,0
6,7,72,1,112,0
7,8,73,1,112,0
6,-2,79,1,112,0
2,3,76,1,112,0
0,-4,84,1,112,0
3,4,87,1,112,0
4,5,96,1,112,0
8,-8,99,1,112,0
5,6,104,1,112,0
-5,3,109,1,112,0
9,1,3,1,112,0
-7,6,11,1,112,0
1,-8,17,1,112,0
-3,2,39,1,112,0
-6,-4,46,1,112,0
-1,0,54,1,112,0
4,-7,57,1,112,0
0,2,59,1,112,0
4,6,59,1,112,0
7,-6,71,1,112,0
6,8,75,1,112,0
3,5,93,1,112,0
5,7,103,1,112,0
1,3,111,1,112,0
-4,3,111,1,112,0
8,1,9,1,112,0
0,-6,14,1,112,0
-6,6,19,1,112,0
3,-5,35,1,112,0
-2,2,46,1,112,0
3,6,53,1,112,0
4,7,89,1,112,0
5,8,93,1,112,0
7,-7,94,1,112,0
6,-4,106,1,112,0
2,5,99,1,112,0
2,-2,99,1,112,0
1,4,109,1,112,0
6,0,18,1,112,0
0,-7,14,1,112,0
7,1,19,1,112,0
-5,6,25,1,112,0
8,2,27,1,112,0
8,-1,35,1,112,0
2,6,47,1,112,0
-1,2,53,1,112,0
6,-5,54,1,112,0
-2,-4,71,1,112,0
5,-2,84,1,112,0
7,-8,98,1,112,0
2,-3,98,1,112,0
1,5,103,1,112,0
3,7,111,1,112,0
-1,3,4,1,112,0
5,0,12,1,112,0
0,-8,7,1,112,0
-2,4,11,1,112,0
7,2,25,1,112,0
8,3,28,1,112,0
-4,6,31,1,112,0
3,-7,36,1,112,0
8,-2,47,1,112,0
1,6,41,1,112,0
-5,-4,53,1,112,0
6,-6,77,1,112,0
2,7,83,1,112,0
5,-3,96,1,112,0
3,8,109,1,112,0
4,0,6,1,112,0
-2,5,18,1,112,0
2,-5,29,1,112,0
7,3,33,1,112,0
-3,6,34,1,112,0
-8,-4,34,1,112,0
0,6,34,1,112,0
1,7,76,1,112,0
5,-4,98,1,112,0
6,-7,99,1,112,0
-2,6,19,1,112,0
7,-1,39,1,112,0
3,0,23,1,112,0
7,4,39,1,112,0
-3,7,41,1,112,0
8,5,46,1,112,0
5,-5,47,1,112,0
8,-4,58,1,112,0
0,7,66,1,112,0
1,8,69,1,112,0
-1,-4,78,1,112,0
1,-3,92,1,112,0
6,-8,101,1,112,0
4,-2,111,1,112,0
-1,6,28,1,113,0
2,-7,29,1,113,0
3,1,29,1,113,0
2,0,35,1,113,0
4,2,37,1,113,0
-3,8,44,1,113,0
5,3,47,1,113,0
7,-2,48,1,113,0
-2,7,52,1,113,0
6,4,58,1,113,0
-4,-4,59,1,113,0
8,-5,64,1,113,0
0,8,68,1,113,0
5,-6,74,1,113,0
1,-4,86,1,113,0
4,-3,87,1,113,0
-5,0,92,1,113,0
8,6,99,1,113,0
7,5,111,1,113,0
-7,3,13,1,113,0
3,-1,17,1,113,0
-6,2,21,1,113,0
1,-5,22,1,113,0
3,2,36,1,113,0
-7,-4,39,1,113,0
1,0,41,1,113,0
4,3,46,1,113,0
7,-3,113,1,113,0
5,4,55,1,113,0
-1,7,59,1,113,0
8,7,66,1,113,0
-4,0,89,1,113,0
-5,1,99,1,113,0
5,-7,105,1,113,0
8,-6,111,1,113,0
7,6,112,1,113,0
6,5,112,1,113,0
-7,4,6,1,113,0
6,-1,22,1,113,0
4,-5,41,1,113,0
0,0,48,1,113,0
7,-4,109,1,113,0
-1,8,58,1,113,0
-3,0,66,1,113,0
8,8,68,1,113,0
2,2,71,1,113,0
3,3,79,1,113,0
4,4,86,1,113,0
5,5,104,1,113,0
-5,2,106,1,113,0
8,-7,107,1,113,0
3,-2,108,1,113,0
5,-8,109,1,113,0
6,6,111,1,113,0
7,7,112,1,113,0
3,-3,1,1,113,0
-7,5,9,1,113,0
1,-7,23,1,113,0
-4,2,34,1,113,0
4,-6,56,1,113,0
0,1,56,1,113,0
-2,0,59,1,113,0
7,-5,61,1,113,0
-3,-4,65,1,113,0
1,2,66,1,113,0
6,7,72,1,113,0
7,8,73,1,113,0
6,-2,79,1,113,0
2,3,76,1,113,0
0,-4,84,1,113,0
3,4,87,1,113,0
4,5,96,1,113,0
8,-8,99,1,113,0
5,6,104,1,113,0
-5,3,109,1,113,0
9,1,3,1,113,0
-7,6,11,1,113,0
1,-8,17,1,113,0
-3,2,39,1,113,0
-6,-4,46,1,113,0
-1,0,54,1,113,0
4,-7,57,1,113,0
0,2,59,1,113,0
4,6,59,1,113,0
6,8,75,1,113,0
3,5,93,1,113,0
5,7,103,1,113,0
7,-6,112,1,113,0
1,3,112,1,113,0
-4,3,112,1,113,0
8,1,9,1,113,0
0,-6,14,1,113,0
-6,6,19,1,113,0
3,-5,35,1,113,0
-2,2,46,1,113,0
3,6,53,1,113,0
4,7,89,1,113,0
5,8,93,1,113,0
7,-7,94,1,113,0
6,-4,106,1,113,0
2,5,99,1,113,0
2,-2,99,1,113,0
1,4,109,1,113,0
6,0,18,1,113,0
0,-7,14,1,113,0
7,1,19,1,113,0
-5,6,25,1,113,0
8,2,27,1,113,0
8,-1,35,1,113,0
2,6,47,1,113,0
-1,2,53,1,113,0
6,-5,54,1,113,0
-2,-4,71,1,113,0
5,-2,84,1,113,0
7,-8,98,1,113,0
2,-3,98,1,113,0
1,5,103,1,113,0
3,7,112,1,113,0
-1,3,4,1,113,0
5,0,12,1,113,0
0,-8,7,1,113,0
-2,4,11,1,113,0
7,2,25,1,113,0
8,3,28,1,113,0
-4,6,31,1,113,0
3,-7,36,1,113,0
8,-2,47,1,113,0
1,6,41,1,113,0
-5,-4,53,1,113,0
6,-6,77,1,113,0
2,7,83,1,113,0
5,-3,96,1,113,0
3,8,109,1,113,0
4,0,6,1,113,0
-2,5,18,1,113,0
2,-5,29,1,113,0
7,3,33,1,113,0
-3,6,34,1,113,0
-8,-4,34,1,113,0
0,6,34,1,113,0
1,7,76,1,113,0
5,-4,98,1,113,0
6,-7,99,1,113,0
-2,6,19,1,113,0
7,-1,39,1,113,0
3,0,23,1,113,0
7,4,39,1,113,0
-3,7,41,1,113,0
8,5,46,1,113,0
5,-5,47,1,113,0
8,-4,58,1,113,0
0,7,66,1,113,0
1,8,69,1,113,0
-1,-4,78,1,113,0
1,-3,92,1,113,0
6,-8,101,1,113,0
4,-2,112,1,113,0
-1,6,28,1,114,0
2,-7,29,1,114,0
3,1,29,1,114,0
2,0,35,1,114,0
4,2,37,1,114,0
-3,8,44,1,114,0
5,3,47,1,114,0
7,-2,48,1,114,0
-2,7,52,1,114,0
6,4,58,1,114,0
-4,-4,59,1,114,0
8,-5,64,1,114,0
0,8,68,1,114,0
5,-6,74,1,114,0
1,-4,86,1,114,0
4,-3,87,1,114,0
-5,0,92,1,114,0
8,6,99,1,114,0
7,5,113,1,114,0
-7,3,13,1,114,0
3,-1,17,1,114,0
-6,2,21,1,114,0
1,-5,22,1,114,0
3,2,36,1,114,0
-7,-4,39,1,114,0
1,0,41,1,114,0
4,3,46,1,114,0
7,-3,114,1,114,0
5,4,55,1,114,0
-1,7,59,1,114,0
8,7,66,1,114,0
-4,0,89,1,114,0
-5,1,99,1,114,0
8,-6,111,1,114,0
6,5,112,1,114,0
7,6,113,1,114,0
5,-7,111,1,114,0
-7,4,6,1,114,0
6,-1,22,1,114,0
4,-5,41,1,114,0
0,0,48,1,114,0
7,-4,109,1,114,0
-1,8,58,1,114,0
-3,0,66,1,114,0
8,8,68,1,114,0
2,2,71,1,114,0
3,3,79,1,114,0
4,4,86,1,114,0
5,5,104,1,114,0
-5,2,106,1,114,0
8,-7,107,1,114,0
3,-2,108,1,114,0
6,6,111,1,114,0
7,7,113,1,114,0
5,-8,112,1,114,0
3,-3,1,1,114,0
-7,5,9,1,114,0
1,-7,23,1,114,0
-4,2,34,1,114,0
4,-6,56,1,114,0
0,1,56,1,114,0
-2,0,59,1,114,0
7,-5,61,1,114,0
-3,-4,65,1,114,0
1,2,66,1,114,0
6,7,72,1,114,0
7,8,73,1,114,0
6,-2,79,1,114,0
2,3,76,1,114,0
0,-4,84,1,114,0
3,4,87,1,114,0
4,5,96,1,114,0
8,-8,99,1,114,0
5,6,104,1,114,0
-5,3,109,1,114,0
9,1,3,1,114,0
-7,6,11,1,114,0
1,-8,17,1,114,0
-3,2,39,1,114,0
-6,-4,46,1,114,0
-1,0,54,1,114,0
4,-7,57,1,114,0
0,2,59,1,114,0
4,6,59,1,114,0
6,8,75,1,114,0
3,5,93,1,114,0
5,7,103,1,114,0
7,-6,113,1,114,0
1,3,113,1,114,0
-4,3,113,1,114,0
8,1,9,1,114,0
0,-6,14,1,114,0
-6,6,19,1,114,0
3,-5,35,1,114,0
-2,2,46,1,114,0
3,6,53,1,114,0
4,7,89,1,114,0
5,8,93,1,114,0
7,-7,94,1,114,0
6,-4,106,1,114,0
2,5,99,1,114,0
2,-2,99,1,114,0
1,4,109,1,114,0
6,0,18,1,114,0
0,-7,14,1,114,0
7,1,19,1,114,0
-5,6,25,1,114,0
8,2,27,1,114,0
8,-1,35,1,114,0
2,6,47,1,114,0
-1,2,53,1,114,0
6,-5,54,1,114,0
-2,-4,71,1,114,0
5,-2,84,1,114,0
7,-8,98,1,114,0
2,-3,98,1,114,0
1,5,103,1,114,0
3,7,113,1,114,0
-1,3,4,1,114,0
5,0,12,1,114,0
0,-8,7,1,114,0
-2,4,11,1,114,0
7,2,25,1,114,0
8,3,28,1,114,0
-4,6,31,1,114,0
3,-7,36,1,114,0
8,-2,47,1,114,0
1,6,41,1,114,0
-5,-4,53,1,114,0
6,-6,77,1,114,0
2,7,83,1,114,0
5,-3,96,1,114,0
3,8,109,1,114,0
4,0,6,1,114,0
-2,5,18,1,114,0
2,-5,29,1,114,0
7,3,33,1,114,0
-3,6,34,1,114,0
-8,-4,34,1,114,0
0,6,34,1,114,0
1,7,76,1,114,0
5,-4,98,1,114,0
6,-7,99,1,114,0
-2,6,19,1,114,0
7,-1,39,1,114,0
3,0,23,1,114,0
7,4,39,1,114,0
-3,7,41,1,114,0
8,5,46,1,114,0
5,-5,47,1,114,0
8,-4,58,1,114,0
0,7,66,1,114,0
1,8,69,1,114,0
-1,-4,78,1,114,0
1,-3,92,1,114,0
6,-8,101,1,114,0
4,-2,113,1,114,0
-1,6,28,1,115,0
2,-7,29,1,115,0
3,1,29,1,115,0
2,0,35,1,115,0
4,2,37,1,115,0
-3,8,44,1,115,0
5,3,47,1,115,0
7,-2,48,1,115,0
-2,7,52,1,115,0
6,4,58,1,115,0
-4,-4,59,1,115,0
8,-5,64,1,115,0
0,8,68,1,115,0
5,-6,74,1,115,0
1,-4,86,1,115,0
4,-3,87,1,115,0
-5,0,92,1,115,0
8,6,99,1,115,0
7,5,114,1,115,0
-7,3,13,1,115,0
3,-1,17,1,115,0
-6,2,21,1,115,0
1,-5,22,1,115,0
3,2,36,1,115,0
-7,-4,39,1,115,0
1,0,41,1,115,0
4,3,46,1,115,0
7,-3,114,1,115,0
5,4,55,1,115,0
-1,7,59,1,115,0
8,7,66,1,115,0
-4,0,89,1,115,0
-5,1,99,1,115,0
8,-6,111,1,115,0
6,5,112,1,115,0
5,-7,111,1,115,0
7,6,114,1,115,0
-7,4,6,1,115,0
6,-1,22,1,115,0
4,-5,41,1,115,0
0,0,48,1,115,0
7,-4,109,1,115,0
-1,8,58,1,115,0
-3,0,66,1,115,0
8,8,68,1,115,0
2,2,71,1,115,0
3,3,79,1,115,0
4,4,86,1,115,0
5,5,104,1,115,0
-5,2,106,1,115,0
8,-7,107,1,115,0
3,-2,108,1,115,0
6,6,111,1,115,0
7,7,114,1,115,0
5,-8,113,1,115,0
3,-3,1,1,115,0
-7,5,9,1,115,0
1,-7,23,1,115,0
-4,2,34,1,115,0
4,-6,56,1,115,0
0,1,56,1,115,0
-2,0,59,1,115,0
7,-5,61,1,115,0
-3,-4,65,1,115,0
1,2,66,1,115,0
6,7,72,1,115,0
7,8,73,1,115,0
6,-2,79,1,115,0
2,3,76,1,115,0
0,-4,84,1,115,0
3,4,87,1,115,0
4,5,96,1,115,0
8,-8,99,1,115,0
5,6,104,1,115,0
-5,3,109,1,115,0
9,1,3,1,115,0
-7,6,11,1,115,0
1,-8,17,1,115,0
-3,2,39,1,115,0
-6,-4,46,1,115,0
-1,0,54,1,115,0
4,-7,57,1,115,0
0,2,59,1,115,0
4,6,59,1,115,0
6,8,75,1,115,0
3,5,93,1,115,0
5,7,103,1,115,0
7,-6,114,1,115,0
1,3,114,1,115,0
-4,3,114,1,115,0
8,1,9,1,115,0
0,-6,14,1,115,0
-6,6,19,1,115,0
3,-5,35,1,115,0
-2,2,46,1,115,0
3,6,53,1,115,0
4,7,89,1,115,0
5,8,93,1,115,0
7,-7,94,1,115,0
6,-4,106,1,115,0
2,5,99,1,115,0
2,-2,99,1,115,0
1,4,109,1,115,0
6,0,18,1,115,0
0,-7,14,1,115,0
7,1,19,1,115,0
-5,6,25,1,115,0
8,2,27,1,115,0
8,-1,35,1,115,0
2,6,47,1,115,0
-1,2,53,1,115,0
6,-5,54,1,115,0
-2,-4,71,1,115,0
5,-2,84,1,115,0
7,-8,98,1,115,0
2,-3,98,1,115,0
1,5,103,1,115,0
3,7,113,1,115,0
-1,3,4,1,115,0
5,0,12,1,115,0
0,-8,7,1,115,0
-2,4,11,1,115,0
7,2,25,1,115,0
8,3,28,1,115,0
-4,6,31,1,115,0
3,-7,36,1,115,0
8,-2,47,1,115,0
1,6,41,1,115,0
-5,-4,53,1,115,0
6,-6,77,1,115,0
2,7,83,1,115,0
5,-3,96,1,115,0
3,8,114,1,115,0
4,0,6,1,115,0
-2,5,18,1,115,0
2,-5,29,1,115,0
7,3,33,1,115,0
-3,6,34,1,115,0
-8,-4,34,1,115,0
0,6,34,1,115,0
1,7,76,1,115,0
5,-4,98,1,115,0
6,-7,99,1,115,0
4,-1,114,1,115,0
8,-3,115,1,115,0
-2,6,19,1,115,0
7,-1,39,1,115,0
3,0,23,1,115,0
7,4,39,1,115,0
-3,7,41,1,115,0
8,5,46,1,115,0
5,-5,47,1,115,0
8,-4,58,1,115,0
0,7,66,1,115,0
1,8,69,1,115,0
-1,-4,78,1,115,0
1,-3,92,1,115,0
6,-8,101,1,115,0
4,-2,113,1,115,0
-1,6,28,1,116,0
2,-7,29,1,116,0
3,1,29,1,116,0
2,0,35,1,116,0
4,2,37,1,116,0
-3,8,44,1,116,0
5,3,47,1,116,0
7,-2,48,1,116,0
-2,7,52,1,116,0
6,4,58,1,116,0
-4,-4,59,1,116,0
8,-5,64,1,116,0
0,8,68,1,116,0
5,-6,74,1,116,0
1,-4,86,1,116,0
4,-3,87,1,116,0
-5,0,92,1,116,0
8,6,99,1,116,0
7,5,114,1,116,0
-7,3,13,1,116,0
3,-1,17,1,116,0
-6,2,21,1,116,0
1,-5,22,1,116,0
3,2,36,1,116,0
-7,-4,39,1,116,0
1,0,41,1,116,0
4,3,46,1,116,0
7,-3,114,1,116,0
5,4,55,1,116,0
-1,7,59,1,116,0
8,7,66,1,116,0
-4,0,89,1,116,0
-5,1,99,1,116,0
8,-6,111,1,116,0
6,5,112,1,116,0
5,-7,111,1,116,0
7,6,115,1,116,0
-7,4,6,1,116,0
6,-1,22,1,116,0
4,-5,41,1,116,0
0,0,48,1,116,0
7,-4,109,1,116,0
-1,8,58,1,116,0
-3,0,66,1,116,0
8,8,68,1,116,0
2,2,71,1,116,0
3,3,79,1,116,0
4,4,86,1,116,0
5,5,104,1,116,0
-5,2,106,1,116,0
8,-7,107,1,116,0
3,-2,108,1,116,0
6,6,111,1,116,0
5,-8,114,1,116,0
7,7,115,1,116,0
3,-3,1,1,116,0
-7,5,9,1,116,0
1,-7,23,1,116,0
-4,2,34,1,116,0
4,-6,56,1,116,0
0,1,56,1,116,0
-2,0,59,1,116,0
-3,-4,65,1,116,0
1,2,66,1,116,0
6,7,72,1,116,0
7,8,73,1,116,0
6,-2,79,1,116,0
2,3,76,1,116,0
0,-4,84,1,116,0
3,4,87,1,116,0
4,5,96,1,116,0
8,-8,99,1,116,0
5,6,104,1,116,0
-5,3,109,1,116,0
7,-5,115,1,116,0
9,1,3,1,116,0
-7,6,11,1,116,0
1,-8,17,1,116,0
-3,2,39,1,116,0
-6,-4,46,1,116,0
-1,0,54,1,116,0
4,-7,57,1,116,0
0,2,59,1,116,0
4,6,59,1,116,0
6,8,75,1,116,0
3,5,93,1,116,0
5,7,103,1,116,0
7,-6,114,1,116,0
1,3,114,1,116,0
-4,3,115,1,116,0
8,1,9,1,116,0
0,-6,14,1,116,0
-6,6,19,1,116,0
3,-5,35,1,116,0
-2,2,46,1,116,0
3,6,53,1,116,0
4,7,89,1,116,0
5,8,93,1,116,0
7,-7,94,1,116,0
6,-4,106,1,116,0
2,5,99,1,116,0
2,-2,99,1,116,0
1,4,115,1,116,0
6,0,18,1,116,0
0,-7,14,1,116,0
7,1,19,1,116,0
-5,6,25,1,116,0
8,2,27,1,116,0
8,-1,35,1,116,0
2,6,47,1,116,0
-1,2,53,1,116,0
6,-5,54,1,116,0
-2,-4,71,1,116,0
5,-2,84,1,116,0
7,-8,98,1,116,0
2,-3,98,1,116,0
1,5,103,1,116,0
3,7,113,1,116,0
-1,3,4,1,116,0
5,0,12,1,116,0
0,-8,7,1,116,0
-2,4,11,1,116,0
7,2,25,1,116,0
8,3,28,1,116,0
-4,6,31,1,116,0
3,-7,36,1,116,0
8,-2,47,1,116,0
1,6,41,1,116,0
-5,-4,53,1,116,0
6,-6,77,1,116,0
2,7,83,1,116,0
5,-3,96,1,116,0
3,8,115,1,116,0
4,0,6,1,116,0
-2,5,18,1,116,0
2,-5,29,1,116,0
7,3,33,1,116,0
-3,6,34,1,116,0
-8,-4,34,1,116,0
0,6,34,1,116,0
1,7,76,1,116,0
5,-4,98,1,116,0
6,-7,99,1,116,0
8,-3,116,1,116,0
4,-1,115,1,116,0
-2,6,19,1,116,0
7,-1,39,1,116,0
3,0,23,1,116,0
-3,7,41,1,116,0
8,5,46,1,116,0
5,-5,47,1,116,0
8,-4,58,1,116,0
0,7,66,1,116,0
1,8,69,1,116,0
-1,-4,78,1,116,0
1,-3,92,1,116,0
6,-8,101,1,116,0
4,-2,113,1,116,0
7,4,115,1,116,0
-1,6,28,1,117,0
2,-7,29,1,117,0
3,1,29,1,117,0
2,0,35,1,117,0
4,2,37,1,117,0
-3,8,44,1,117,0
5,3,47,1,117,0
7,-2,48,1,117,0
-2,7,52,1,117,0
6,4,58,1,117,0
-4,-4,59,1,117,0
8,-5,64,1,117,0
0,8,68,1,117,0
5,-6,74,1,117,0
1,-4,86,1,117,0
4,-3,87,1,117,0
-5,0,92,1,117,0
8,6,99,1,117,0
7,5,114,1,117,0
-7,3,13,1,117,0
3,-1,17,1,117,0
-6,2,21,1,117,0
1,-5,22,1,117,0
3,2,36,1,117,0
-7,-4,39,1,117,0
1,0,41,1,117,0
4,3,46,1,117,0
7,-3,114,1,117,0
5,4,55,1,117,0
-1,7,59,1,117,0
8,7,66,1,117,0
-4,0,89,1,117,0
-5,1,99,1,117,0
8,-6,111,1,117,0
6,5,112,1,117,0
5,-7,111,1,117,0
7,6,116,1,117,0
-7,4,6,1,117,0
6,-1,22,1,117,0
4,-5,41,1,117,0
0,0,48,1,117,0
7,-4,109,1,117,0
-1,8,58,1,117,0
-3,0,66,1,117,0
8,8,68,1,117,0
2,2,71,1,117,0
3,3,79,1,117,0
4,4,86,1,117,0
5,5,104,1,117,0
-5,2,106,1,117,0
8,-7,107,1,117,0
3,-2,108,1,117,0
6,6,111,1,117,0
5,-8,115,1,117,0
7,7,116,1,117,0
3,-3,1,1,117,0
-7,5,9,1,117,0
1,-7,23,1,117,0
-4,2,34,1,117,0
4,-6,56,1,117,0
0,1,56,1,117,0
-2,0,59,1,117,0
-3,-4,65,1,117,0
1,2,66,1,117,0
6,7,72,1,117,0
7,8,73,1,117,0
6,-2,79,1,117,0
2,3,76,1,117,0
0,-4,84,1,117,0
3,4,87,1,117,0
4,5,96,1,117,0
8,-8,99,1,117,0
5,6,104,1,117,0
-5,3,109,1,117,0
7,-5,116,1,117,0
9,1,3,1,117,0
-7,6,11,1,117,0
1,-8,17,1,117,0
-3,2,39,1,117,0
-6,-4,46,1,117,0
-1,0,54,1,117,0
4,-7,57,1,117,0
0,2,59,1,117,0
4,6,59,1,117,0
6,8,75,1,117,0
3,5,93,1,117,0
5,7,103,1,117,0
7,-6,114,1,117,0
1,3,114,1,117,0
-4,3,115,1,117,0
8,1,9,1,117,0
0,-6,14,1,117,0
-6,6,19,1,117,0
3,-5,35,1,117,0
-2,2,46,1,117,0
3,6,53,1,117,0
4,7,89,1,117,0
5,8,93,1,117,0
7,-7,94,1,117,0
6,-4,106,1,117,0
2,5,99,1,117,0
2,-2,99,1,117,0
1,4,116,1,117,0
-4,4,116,1,117,0
6,0,18,1,117,0
0,-7,14,1,117,0
7,1,19,1,117,0
-5,6,25,1,117,0
8,2,27,1,117,0
8,-1,35,1,117,0
2,6,47,1,117,0
-1,2,53,1,117,0
6,-5,54,1,117,0
-2,-4,71,1,117,0
5,-2,84,1,117,0
7,-8,98,1,117,0
2,-3,98,1,117,0
1,5,103,1,117,0
3,7,113,1,117,0
-1,3,4,1,117,0
5,0,12,1,117,0
0,-8,7,1,117,0
-2,4,11,1,117,0
7,2,25,1,117,0
8,3,28,1,117,0
-4,6,31,1,117,0
3,-7,36,1,117,0
8,-2,47,1,117,0
1,6,41,1,117,0
-5,-4,53,1,117,0
6,-6,77,1,117,0
2,7,83,1,117,0
5,-3,96,1,117,0
3,8,116,1,117,0
4,0,6,1,117,0
-2,5,18,1,117,0
2,-5,29,1,117,0
7,3,33,1,117,0
-3,6,34,1,117,0
-8,-4,34,1,117,0
0,6,34,1,117,0
1,7,76,1,117,0
5,-4,98,1,117,0
6,-7,99,1,117,0
8,-3,117,1,117,0
4,-1,116,1,117,0
-2,6,19,1,117,0
7,-1,39,1,117,0
3,0,23,1,117,0
-3,7,41,1,117,0
8,5,46,1,117,0
5,-5,47,1,117,0
8,-4,58,1,117,0
0,7,66,1,117,0
1,8,69,1,117,0
-1,-4,78,1,117,0
1,-3,92,1,117,0
6,-8,101,1,117,0
4,-2,113,1,117,0
7,4,116,1,117,0
-1,6,28,1,118,0
2,-7,29,1,118,0
3,1,29,1,118,0
2,0,35,1,118,0
4,2,37,1,118,0
-3,8,44,1,118,0
5,3,47,1,118,0
7,-2,48,1,118,0
-2,7,52,1,118,0
6,4,58,1,118,0
-4,-4,59,1,118,0
8,-5,64,1,118,0
0,8,68,1,118,0
5,-6,74,1,118,0
1,-4,86,1,118,0
4,-3,87,1,118,0
-5,0,92,1,118,0
8,6,99,1,118,0
7,5,114,1,118,0
-7,3,13,1,118,0
3,-1,17,1,118,0
-6,2,21,1,118,0
1,-5,22,1,118,0
3,2,36,1,118,0
-7,-4,39,1,118,0
1,0,41,1,118,0
4,3,46,1,118,0
7,-3,114,1,118,0
5,4,55,1,118,0
-1,7,59,1,118,0
8,7,66,1,118,0
-4,0,89,1,118,0
-5,1,99,1,118,0
8,-6,111,1,118,0
6,5,112,1,118,0
5,-7,111,1,118,0
7,6,117,1,118,0
-7,4,6,1,118,0
6,-1,22,1,118,0
4,-5,41,1,118,0
0,0,48,1,118,0
7,-4,109,1,118,0
-1,8,58,1,118,0
-3,0,66,1,118,0
8,8,68,1,118,0
2,2,71,1,118,0
3,3,79,1,118,0
4,4,86,1,118,0
5,5,104,1,118,0
-5,2,106,1,118,0
8,-7,107,1,118,0
3,-2,108,1,118,0
6,6,111,1,118,0
5,-8,116,1,118,0
7,7,117,1,118,0
3,-3,1,1,118,0
-7,5,9,1,118,0
1,-7,23,1,118,0
-4,2,34,1,118,0
4,-6,56,1,118,0
0,1,56,1,118,0
-2,0,59,1,118,0
-3,-4,65,1,118,0
1,2,66,1,118,0
6,7,72,1,118,0
7,8,73,1,118,0
6,-2,79,1,118,0
2,3,76,1,118,0
0,-4,84,1,118,0
3,4,87,1,118,0
4,5,96,1,118,0
8,-8,99,1,118,0
5,6,104,1,118,0
-5,3,109,1,118,0
7,-5,117,1,118,0
9,1,3,1,118,0
-7,6,11,1,118,0
1,-8,17,1,118,0
-3,2,39,1,118,0
-6,-4,46,1,118,0
-1,0,54,1,118,0
4,-7,57,1,118,0
0,2,59,1,118,0
4,6,59,1,118,0
6,8,75,1,118,0
3,5,93,1,118,0
5,7,103,1,118,0
7,-6,114,1,118,0
1,3,114,1,118,0
-4,3,115,1,118,0
8,1,9,1,118,0
0,-6,14,1,118,0
-6,6,19,1,118,0
3,-5,35,1,118,0
-2,2,46,1,118,0
3,6,53,1,118,0
4,7,89,1,118,0
5,8,93,1,118,0
7,-7,94,1,118,0
6,-4,106,1,118,0
2,5,99,1,118,0
2,-2,99,1,118,0
1,4,117,1,118,0
-4,4,117,1,118,0
6,0,18,1,118,0
0,-7,14,1,118,0
7,1,19,1,118,0
-5,6,25,1,118,0
8,2,27,1,118,0
8,-1,35,1,118,0
2,6,47,1,118,0
-1,2,53,1,118,0
6,-5,54,1,118,0
-2,-4,71,1,118,0
5,-2,84,1,118,0
7,-8,98,1,118,0
2,-3,98,1,118,0
1,5,103,1,118,0
3,7,117,1,118,0
-1,3,4,1,118,0
5,0,12,1,118,0
0,-8,7,1,118,0
-2,4,11,1,118,0
7,2,25,1,118,0
8,3,28,1,118,0
-4,6,31,1,118,0
3,-7,36,1,118,0
8,-2,47,1,118,0
1,6,41,1,118,0
-5,-4,53,1,118,0
6,-6,77,1,118,0
2,7,83,1,118,0
5,-3,96,1,118,0
3,8,116,1,118,0
4,0,6,1,118,0
-2,5,18,1,118,0
2,-5,29,1,118,0
7,3,33,1,118,0
-3,6,34,1,118,0
-8,-4,34,1,118,0
0,6,34,1,118,0
1,7,76,1,118,0
5,-4,98,1,118,0
6,-7,99,1,118,0
8,-3,118,1,118,0
4,-1,117,1,118,0
-2,6,19,1,118,0
7,-1,39,1,118,0
3,0,23,1,118,0
-3,7,41,1,118,0
8,5,46,1,118,0
5,-5,47,1,118,0
8,-4,58,1,118,0
0,7,66,1,118,0
1,8,69,1,118,0
-1,-4,78,1,118,0
1,-3,92,1,118,0
6,-8,101,1,118,0
4,-2,113,1,118,0
7,4,117,1,118,0
-1,6,28,1,119,0
2,-7,29,1,119,0
3,1,29,1,119,0
2,0,35,1,119,0
4,2,37,1,119,0
-3,8,44,1,119,0
5,3,47,1,119,0
7,-2,48,1,119,0
-2,7,52,1,119,0
6,4,58,1,119,0
-4,-4,59,1,119,0
0,8,68,1,119,0
5,-6,74,1,119,0
1,-4,86,1,119,0
4,-3,87,1,119,0
-5,0,92,1,119,0
8,6,99,1,119,0
7,5,114,1,119,0
8,-5,118,1,119,0
-7,3,13,1,119,0
3,-1,17,1,119,0
-6,2,21,1,119,0
1,-5,22,1,119,0
3,2,36,1,119,0
-7,-4,39,1,119,0
1,0,41,1,119,0
4,3,46,1,119,0
7,-3,114,1,119,0
5,4,55,1,119,0
-1,7,59,1,119,0
8,7,66,1,119,0
-4,0,89,1,119,0
-5,1,99,1,119,0
8,-6,111,1,119,0
6,5,112,1,119,0
5,-7,111,1,119,0
7,6,118,1,119,0
-7,4,6,1,119,0
6,-1,22,1,119,0
4,-5,41,1,119,0
0,0,48,1,119,0
7,-4,109,1,119,0
-1,8,58,1,119,0
-3,0,66,1,119,0
8,8,68,1,119,0
2,2,71,1,119,0
3,3,79,1,119,0
4,4,86,1,119,0
5,5,104,1,119,0
-5,2,106,1,119,0
8,-7,107,1,119,0
3,-2,108,1,119,0
6,6,111,1,119,0
5,-8,117,1,119,0
7,7,118,1,119,0
3,-3,1,1,119,0
-7,5,9,1,119,0
1,-7,23,1,119,0
-4,2,34,1,119,0
4,-6,56,1,119,0
0,1,56,1,119,0
-2,0,59,1,119,0
-3,-4,65,1,119,0
1,2,66,1,119,0
6,7,72,1,119,0
7,8,73,1,119,0
6,-2,79,1,119,0
2,3,76,1,119,0
0,-4,84,1,119,0
3,4,87,1,119,0
4,5,96,1,119,0
8,-8,99,1,119,0
5,6,104,1,119,0
-5,3,109,1,119,0
7,-5,117,1,119,0
9,1,3,1,119,0
-7,6,11,1,119,0
1,-8,17,1,119,0
-3,2,39,1,119,0
-6,-4,46,1,119,0
-1,0,54,1,119,0
4,-7,57,1,119,0
0,2,59,1,119,0
4,6,59,1,119,0
6,8,75,1,119,0
3,5,93,1,119,0
5,7,103,1,119,0
7,-6,114,1,119,0
1,3,114,1,119,0
-4,3,115,1,119,0
8,1,9,1,119,0
0,-6,14,1,119,0
-6,6,19,1,119,0
3,-5,35,1,119,0
-2,2,46,1,119,0
3,6,53,1,119,0
4,7,89,1,119,0
5,8,93,1,119,0
7,-7,94,1,119,0
6,-4,106,1,119,0
2,5,99,1,119,0
2,-2,99,1,119,0
1,4,117,1,119,0
-4,4,118,1,119,0
6,0,18,1,119,0
0,-7,14,1,119,0
7,1,19,1,119,0
-5,6,25,1,119,0
8,2,27,1,119,0
8,-1,35,1,119,0
2,6,47,1,119,0
-1,2,53,1,119,0
6,-5,54,1,119,0
-2,-4,71,1,119,0
5,-2,84,1,119,0
7,-8,98,1,119,0
2,-3,98,1,119,0
1,5,103,1,119,0
3,7,118,1,119,0
0,4,118,1,119,0
-1,3,4,1,119,0
5,0,12,1,119,0
0,-8,7,1,119,0
-2,4,11,1,119,0
7,2,25,1,119,0
8,3,28,1,119,0
-4,6,31,1,119,0
3,-7,36,1,119,0
8,-2,47,1,119,0
1,6,41,1,119,0
-5,-4,53,1,119,0
6,-6,77,1,119,0
2,7,83,1,119,0
5,-3,96,1,119,0
3,8,116,1,119,0
4,0,6,1,119,0
-2,5,18,1,119,0
2,-5,29,1,119,0
7,3,33,1,119,0
-3,6,34,1,119,0
-8,-4,34,1,119,0
0,6,34,1,119,0
1,7,76,1,119,0
5,-4,98,1,119,0
6,-7,99,1,119,0
8,-3,119,1,119,0
4,-1,118,1,119,0
-2,6,19,1,119,0
7,-1,39,1,119,0
3,0,23,1,119,0
-3,7,41,1,119,0
8,5,46,1,119,0
5,-5,47,1,119,0
8,-4,58,1,119,0
0,7,66,1,119,0
1,8,69,1,119,0
-1,-4,78,1,119,0
1,-3,92,1,119,0
6,-8,101,1,119,0
4,-2,113,1,119,0
7,4,118,1,119,0
-1,6,28,1,120,0
2,-7,29,1,120,0
3,1,29,1,120,0
2,0,35,1,120,0
4,2,37,1,120,0
-3,8,44,1,120,0
5,3,47,1,120,0
7,-2,48,1,120,0
-2,7,52,1,120,0
6,4,58,1,120,0
-4,-4,59,1,120,0
0,8,68,1,120,0
5,-6,74,1,120,0
1,-4,86,1,120,0
4,-3,87,1,120,0
-5,0,92,1,120,0
8,6,99,1,120,0
7,5,114,1,120,0
8,-5,119,1,120,0
-7,3,13,1,120,0
3,-1,17,1,120,0
-6,2,21,1,120,0
1,-5,22,1,120,0
3,2,36,1,120,0
-7,-4,39,1,120,0
1,0,41,1,120,0
4,3,46,1,120,0
7,-3,114,1,120,0
5,4,55,1,120,0
-1,7,59,1,120,0
8,7,66,1,120,0
-4,0,89,1,120,0
-5,1,99,1,120,0
8,-6,111,1,120,0
6,5,112,1,120,0
5,-7,111,1,120,0
7,6,119,1,120,0
-7,4,6,1,120,0
6,-1,22,1,120,0
4,-5,41,1,120,0
0,0,48,1,120,0
7,-4,109,1,120,0
-1,8,58,1,120,0
-3,0,66,1,120,0
8,8,68,1,120,0
2,2,71,1,120,0
3,3,79,1,120,0
4,4,86,1,120,0
5,5,104,1,120,0
-5,2,106,1,120,0
8,-7,107,1,120,0
3,-2,108,1,120,0
6,6,111,1,120,0
7,7,118,1,120,0
5,-8,118,1,120,0
3,-3,1,1,120,0
-7,5,9,1,120,0
1,-7,23,1,120,0
-4,2,34,1,120,0
4,-6,56,1,120,0
0,1,56,1,120,0
-2,0,59,1,120,0
-3,-4,65,1,120,0
1,2,66,1,120,0
6,7,72,1,120,0
7,8,73,1,120,0
6,-2,79,1,120,0
2,3,76,1,120,0
0,-4,84,1,120,0
3,4,87,1,120,0
4,5,96,1,120,0
8,-8,99,1,120,0
5,6,104,1,120,0
-5,3,109,1,120,0
7,-5,117,1,120,0
9,1,3,1,120,0
-7,6,11,1,120,0
1,-8,17,1,120,0
-3,2,39,1,120,0
-6,-4,46,1,120,0
-1,0,54,1,120,0
4,-7,57,1,120,0
0,2,59,1,120,0
4,6,59,1,120,0
6,8,75,1,120,0
3,5,93,1,120,0
5,7,103,1,120,0
7,-6,114,1,120,0
1,3,114,1,120,0
-4,3,115,1,120,0
8,1,9,1,120,0
0,-6,14,1,120,0
-6,6,19,1,120,0
3,-5,35,1,120,0
-2,2,46,1,120,0
3,6,53,1,120,0
4,7,89,1,120,0
5,8,93,1,120,0
7,-7,94,1,120,0
6,-4,106,1,120,0
2,5,99,1,120,0
2,-2,99,1,120,0
1,4,117,1,120,0
-4,4,118,1,120,0
6,0,18,1,120,0
0,-7,14,1,120,0
7,1,19,1,120,0
-5,6,25,1,120,0
8,2,27,1,120,0
8,-1,35,1,120,0
2,6,47,1,120,0
-1,2,53,1,120,0
6,-5,54,1,120,0
-2,-4,71,1,120,0
5,-2,84,1,120,0
7,-8,98,1,120,0
2,-3,98,1,120,0
1,5,103,1,120,0
3,7,119,1,120,0
0,4,119,1,120,0
-3,4,119,1,120,0
-1,3,4,1,120,0
5,0,12,1,120,0
0,-8,7,1,120,0
-2,4,11,1,120,0
7,2,25,1,120,0
8,3,28,1,120,0
-4,6,31,1,120,0
3,-7,36,1,120,0
8,-2,47,1,120,0
1,6,41,1,120,0
-5,-4,53,1,120,0
6,-6,77,1,120,0
2,7,83,1,120,0
5,-3,96,1,120,0
3,8,116,1,120,0
4,0,6,1,120,0
-2,5,18,1,120,0
2,-5,29,1,120,0
7,3,33,1,120,0
-3,6,34,1,120,0
-8,-4,34,1,120,0
0,6,34,1,120,0
1,7,76,1,120,0
5,-4,98,1,120,0
6,-7,99,1,120,0
8,-3,119,1,120,0
4,-1,119,1,120,0
-2,6,19,1,120,0
7,-1,39,1,120,0
3,0,23,1,120,0
-3,7,41,1,120,0
8,5,46,1,120,0
5,-5,47,1,120,0
8,-4,58,1,120,0
0,7,66,1,120,0
1,8,69,1,120,0
-1,-4,78,1,120,0
1,-3,92,1,120,0
6,-8,101,1,120,0
4,-2,113,1,120,0
7,4,119,1,120,0
-1,6,28,1,121,0
2,-7,29,1,121,0
3,1,29,1,121,0
2,0,35,1,121,0
4,2,37,1,121,0
-3,8,44,1,121,0
5,3,47,1,121,0
7,-2,48,1,121,0
-2,7,52,1,121,0
6,4,58,1,121,0
-4,-4,59,1,121,0
0,8,68,1,121,0
5,-6,74,1,121,0
1,-4,86,1,121,0
4,-3,87,1,121,0
-5,0,92,1,121,0
8,6,99,1,121,0
7,5,114,1,121,0
8,-5,119,1,121,0
-7,3,13,1,121,0
3,-1,17,1,121,0
-6,2,21,1,121,0
1,-5,22,1,121,0
3,2,36,1,121,0
-7,-4,39,1,121,0
1,0,41,1,121,0
4,3,46,1,121,0
7,-3,114,1,121,0
5,4,55,1,121,0
-1,7,59,1,121,0
8,7,66,1,121,0
-4,0,89,1,121,0
-5,1,99,1,121,0
8,-6,111,1,121,0
6,5,112,1,121,0
5,-7,111,1,121,0
7,6,119,1,121,0
-7,4,6,1,121,0
6,-1,22,1,121,0
4,-5,41,1,121,0
0,0,48,1,121,0
7,-4,109,1,121,0
-1,8,58,1,121,0
-3,0,66,1,121,0
8,8,68,1,121,0
2,2,71,1,121,0
3,3,79,1,121,0
4,4,86,1,121,0
5,5,104,1,121,0
-5,2,106,1,121,0
8,-7,107,1,121,0
3,-2,108,1,121,0
6,6,111,1,121,0
5,-8,118,1,121,0
7,7,119,1,121,0
3,-3,1,1,121,0
-7,5,9,1,121,0
1,-7,23,1,121,0
-4,2,34,1,121,0
4,-6,56,1,121,0
0,1,56,1,121,0
-2,0,59,1,121,0
-3,-4,65,1,121,0
1,2,66,1,121,0
6,7,72,1,121,0
7,8,73,1,121,0
6,-2,79,1,121,0
2,3,76,1,121,0
0,-4,84,1,121,0
3,4,87,1,121,0
4,5,96,1,121,0
8,-8,99,1,121,0
5,6,104,1,121,0
-5,3,109,1,121,0
7,-5,117,1,121,0
9,1,3,1,121,0
-7,6,11,1,121,0
1,-8,17,1,121,0
-3,2,39,1,121,0
-6,-4,46,1,121,0
-1,0,54,1,121,0
0,2,59,1,121,0
4,6,59,1,121,0
6,8,75,1,121,0
3,5,93,1,121,0
5,7,103,1,121,0
7,-6,114,1,121,0
1,3,114,1,121,0
-4,3,115,1,121,0
4,-7,119,1,121,0
8,1,9,1,121,0
0,-6,14,1,121,0
-6,6,19,1,121,0
3,-5,35,1,121,0
-2,2,46,1,121,0
3,6,53,1,121,0
4,7,89,1,121,0
5,8,93,1,121,0
7,-7,94,1,121,0
6,-4,106,1,121,0
2,5,99,1,121,0
2,-2,99,1,121,0
1,4,117,1,121,0
-4,4,118,1,121,0
6,0,18,1,121,0
0,-7,14,1,121,0
7,1,19,1,121,0
-5,6,25,1,121,0
8,2,27,1,121,0
8,-1,35,1,121,0
2,6,47,1,121,0
-1,2,53,1,121,0
6,-5,54,1,121,0
-2,-4,71,1,121,0
5,-2,84,1,121,0
7,-8,98,1,121,0
2,-3,98,1,121,0
1,5,103,1,121,0
3,7,119,1,121,0
0,4,119,1,121,0
-3,4,119,1,121,0
-1,3,4,1,121,0
5,0,12,1,121,0
0,-8,7,1,121,0
-2,4,11,1,121,0
7,2,25,1,121,0
8,3,28,1,121,0
-4,6,31,1,121,0
3,-7,36,1,121,0
8,-2,121,1,121,0
1,6,41,1,121,0
-5,-4,53,1,121,0
6,-6,77,1,121,0
2,7,83,1,121,0
5,-3,96,1,121,0
3,8,116,1,121,0
4,0,6,1,121,0
-2,5,18,1,121,0
2,-5,29,1,121,0
7,3,33,1,121,0
-3,6,34,1,121,0
-8,-4,34,1,121,0
0,6,34,1,121,0
1,7,76,1,121,0
5,-4,98,1,121,0
6,-7,99,1,121,0
8,-3,119,1,121,0
4,-1,119,1,121,0
-2,6,19,1,121,0
7,-1,39,1,121,0
3,0,23,1,121,0
-3,7,41,1,121,0
8,5,46,1,121,0
5,-5,47,1,121,0
8,-4,58,1,121,0
0,7,66,1,121,0
1,8,69,1,121,0
-1,-4,78,1,121,0
1,-3,92,1,121,0
6,-8,101,1,121,0
4,-2,113,1,121,0
7,4,119,1,121,0
-1,6,28,1,122,0
2,-7,29,1,122,0
3,1,29,1,122,0
2,0,35,1,122,0
4,2,37,1,122,0
-3,8,44,1,122,0
5,3,47,1,122,0
7,-2,122,1,122,0
-2,7,52,1,122,0
6,4,58,1,122,0
-4,-4,59,1,122,0
0,8,68,1,122,0
5,-6,74,1,122,0
1,-4,86,1,122,0
4,-3,87,1,122,0
-5,0,92,1,122,0
8,6,99,1,122,0
7,5,114,1,122,0
8,-5,121,1,122,0
-7,3,13,1,122,0
3,-1,17,1,122,0
-6,2,21,1,122,0
1,-5,22,1,122,0
3,2,36,1,122,0
-7,-4,39,1,122,0
1,0,41,1,122,0
4,3,46,1,122,0
7,-3,114,1,122,0
5,4,55,1,122,0
-1,7,59,1,122,0
8,7,66,1,122,0
-4,0,89,1,122,0
-5,1,99,1,122,0
8,-6,111,1,122,0
6,5,112,1,122,0
5,-7,111,1,122,0
7,6,121,1,122,0
-7,4,6,1,122,0
6,-1,22,1,122,0
4,-5,41,1,122,0
0,0,48,1,122,0
7,-4,109,1,122,0
-1,8,58,1,122,0
-3,0,66,1,122,0
8,8,68,1,122,0
2,2,71,1,122,0
3,3,79,1,122,0
4,4,86,1,122,0
5,5,104,1,122,0
-5,2,106,1,122,0
8,-7,107,1,122,0
3,-2,108,1,122,0
6,6,111,1,122,0
5,-8,118,1,122,0
7,7,119,1,122,0
3,-3,1,1,122,0
-7,5,9,1,122,0
1,-7,23,1,122,0
-4,2,34,1,122,0
4,-6,56,1,122,0
0,1,56,1,122,0
-2,0,59,1,122,0
-3,-4,65,1,122,0
1,2,66,1,122,0
6,7,72,1,122,0
7,8,73,1,122,0
6,-2,79,1,122,0
2,3,76,1,122,0
0,-4,84,1,122,0
3,4,87,1,122,0
4,5,96,1,122,0
8,-8,99,1,122,0
5,6,104,1,122,0
-5,3,109,1,122,0
7,-5,117,1,122,0
9,1,3,1,122,0
-7,6,11,1,122,0
1,-8,17,1,122,0
-3,2,39,1,122,0
-6,-4,46,1,122,0
-1,0,54,1,122,0
0,2,59,1,122,0
4,6,59,1,122,0
6,8,75,1,122,0
3,5,93,1,122,0
5,7,103,1,122,0
7,-6,114,1,122,0
1,3,114,1,122,0
-4,3,115,1,122,0
4,-7,119,1,122,0
8,1,9,1,122,0
0,-6,14,1,122,0
-6,6,19,1,122,0
3,-5,35,1,122,0
-2,2,46,1,122,0
3,6,53,1,122,0
4,7,89,1,122,0
5,8,93,1,122,0
7,-7,94,1,122,0
6,-4,106,1,122,0
2,5,99,1,122,0
2,-2,99,1,122,0
1,4,117,1,122,0
-4,4,118,1,122,0
6,0,18,1,122,0
0,-7,14,1,122,0
7,1,19,1,122,0
-5,6,25,1,122,0
8,2,27,1,122,0
8,-1,35,1,122,0
2,6,47,1,122,0
-1,2,53,1,122,0
6,-5,54,1,122,0
-2,-4,71,1,122,0
5,-2,84,1,122,0
7,-8,98,1,122,0
2,-3,98,1,122,0
1,5,103,1,122,0
3,7,119,1,122,0
-3,4,119,1,122,0
0,4,121,1,122,0
-1,3,4,1,122,0
5,0,12,1,122,0
0,-8,7,1,122,0
-2,4,11,1,122,0
7,2,25,1,122,0
8,3,28,1,122,0
-4,6,31,1,122,0
3,-7,36,1,122,0
8,-2,121,1,122,0
1,6,41,1,122,0
-5,-4,53,1,122,0
6,-6,77,1,122,0
2,7,83,1,122,0
5,-3,96,1,122,0
3,8,121,1,122,0
-2,5,18,1,122,0
2,-5,29,1,122,0
7,3,33,1,122,0
-3,6,34,1,122,0
-8,-4,34,1,122,0
0,6,34,1,122,0
1,7,76,1,122,0
5,-4,98,1,122,0
6,-7,99,1,122,0
8,-3,119,1,122,0
4,-1,119,1,122,0
4,0,121,1,122,0
-2,6,19,1,122,0
7,-1,39,1,122,0
3,0,23,1,122,0
-3,7,41,1,122,0
8,5,46,1,122,0
5,-5,47,1,122,0
8,-4,58,1,122,0
0,7,66,1,122,0
1,8,69,1,122,0
-1,-4,78,1,122,0
1,-3,92,1,122,0
6,-8,101,1,122,0
4,-2,113,1,122,0
7,4,121,1,122,0
-1,6,28,1,123,0
2,-7,29,1,123,0
3,1,29,1,123,0
2,0,35,1,123,0
4,2,37,1,123,0
-3,8,44,1,123,0
5,3,47,1,123,0
7,-2,123,1,123,0
-2,7,52,1,123,0
6,4,58,1,123,0
-4,-4,59,1,123,0
0,8,68,1,123,0
5,-6,74,1,123,0
1,-4,86,1,123,0
4,-3,87,1,123,0
-5,0,92,1,123,0
8,6,99,1,123,0
7,5,114,1,123,0
8,-5,121,1,123,0
-7,3,13,1,123,0
3,-1,17,1,123,0
-6,2,21,1,123,0
1,-5,22,1,123,0
3,2,36,1,123,0
-7,-4,39,1,123,0
1,0,41,1,123,0
4,3,46,1,123,0
7,-3,114,1,123,0
5,4,55,1,123,0
-1,7,59,1,123,0
8,7,66,1,123,0
-4,0,89,1,123,0
-5,1,99,1,123,0
8,-6,111,1,123,0
6,5,112,1,123,0
5,-7,111,1,123,0
7,6,122,1,123,0
-7,4,6,1,123,0
6,-1,22,1,123,0
4,-5,41,1,123,0
0,0,48,1,123,0
7,-4,109,1,123,0
-1,8,58,1,123,0
-3,0,66,1,123,0
2,2,71,1,123,0
3,3,79,1,123,0
4,4,86,1,123,0
5,5,104,1,123,0
-5,2,106,1,123,0
8,-7,107,1,123,0
3,-2,108,1,123,0
6,6,111,1,123,0
5,-8,118,1,123,0
7,7,119,1,123,0
8,8,121,1,123,0
3,-3,1,1,123,0
-7,5,9,1,123,0
1,-7,23,1,123,0
-4,2,34,1,123,0
4,-6,56,1,123,0
0,1,56,1,123,0
-2,0,59,1,123,0
-3,-4,65,1,123,0
1,2,66,1,123,0
6,7,72,1,123,0
7,8,73,1,123,0
6,-2,79,1,123,0
2,3,76,1,123,0
0,-4,84,1,123,0
3,4,87,1,123,0
4,5,96,1,123,0
8,-8,99,1,123,0
5,6,104,1,123,0
-5,3,109,1,123,0
7,-5,117,1,123,0
9,1,3,1,123,0
-7,6,11,1,123,0
1,-8,17,1,123,0
-3,2,39,1,123,0
-6,-4,46,1,123,0
-1,0,54,1,123,0
0,2,59,1,123,0
4,6,59,1,123,0
6,8,75,1,123,0
3,5,93,1,123,0
5,7,103,1,123,0
7,-6,114,1,123,0
1,3,114,1,123,0
-4,3,115,1,123,0
4,-7,121,1,123,0
8,1,9,1,123,0
0,-6,14,1,123,0
-6,6,19,1,123,0
3,-5,35,1,123,0
-2,2,46,1,123,0
3,6,53,1,123,0
4,7,89,1,123,0
5,8,93,1,123,0
7,-7,94,1,123,0
6,-4,106,1,123,0
2,5,99,1,123,0
2,-2,99,1,123,0
1,4,117,1,123,0
-4,4,118,1,123,0
6,0,18,1,123,0
0,-7,14,1,123,0
7,1,19,1,123,0
-5,6,25,1,123,0
8,2,27,1,123,0
8,-1,35,1,123,0
2,6,47,1,123,0
-1,2,53,1,123,0
6,-5,54,1,123,0
-2,-4,71,1,123,0
5,-2,84,1,123,0
7,-8,98,1,123,0
2,-3,98,1,123,0
1,5,103,1,123,0
3,7,119,1,123,0
-3,4,121,1,123,0
0,4,122,1,123,0
-1,3,4,1,123,0
0,-8,7,1,123,0
-2,4,11,1,123,0
7,2,25,1,123,0
8,3,28,1,123,0
-4,6,31,1,123,0
3,-7,36,1,123,0
8,-2,121,1,123,0
1,6,41,1,123,0
-5,-4,53,1,123,0
6,-6,77,1,123,0
2,7,83,1,123,0
5,-3,96,1,123,0
3,8,122,1,123,0
5,0,122,1,123,0
-2,5,18,1,123,0
2,-5,29,1,123,0
7,3,33,1,123,0
-3,6,34,1,123,0
-8,-4,34,1,123,0
0,6,34,1,123,0
1,7,76,1,123,0
5,-4,98,1,123,0
6,-7,99,1,123,0
8,-3,119,1,123,0
4,-1,119,1,123,0
4,0,121,1,123,0
8,4,122,1,123,0
-2,6,19,1,123,0
7,-1,39,1,123,0
3,0,23,1,123,0
-3,7,41,1,123,0
8,5,46,1,123,0
5,-5,47,1,123,0
0,7,66,1,123,0
1,8,69,1,123,0
-1,-4,78,1,123,0
1,-3,92,1,123,0
6,-8,101,1,123,0
4,-2,113,1,123,0
7,4,121,1,123,0
8,-4,122,1,123,0
-1,6,28,1,124,0
2,-7,29,1,124,0
3,1,29,1,124,0
2,0,35,1,124,0
4,2,37,1,124,0
-3,8,44,1,124,0
5,3,47,1,124,0
7,-2,124,1,124,0
-2,7,52,1,124,0
6,4,58,1,124,0
-4,-4,59,1,124,0
0,8,68,1,124,0
5,-6,74,1,124,0
1,-4,86,1,124,0
4,-3,87,1,124,0
-5,0,92,1,124,0
8,6,99,1,124,0
7,5,114,1,124,0
8,-5,121,1,124,0
-7,3,13,1,124,0
3,-1,17,1,124,0
-6,2,21,1,124,0
1,-5,22,1,124,0
3,2,36,1,124,0
-7,-4,39,1,124,0
1,0,41,1,124,0
4,3,46,1,124,0
7,-3,114,1,124,0
5,4,55,1,124,0
-1,7,59,1,124,0
8,7,66,1,124,0
-4,0,89,1,124,0
-5,1,99,1,124,0
8,-6,111,1,124,0
6,5,112,1,124,0
5,-7,111,1,124,0
7,6,123,1,124,0
-7,4,6,1,124,0
6,-1,22,1,124,0
4,-5,41,1,124,0
0,0,48,1,124,0
7,-4,109,1,124,0
-1,8,58,1,124,0
-3,0,66,1,124,0
2,2,71,1,124,0
3,3,79,1,124,0
4,4,86,1,124,0
5,5,104,1,124,0
-5,2,106,1,124,0
8,-7,107,1,124,0
3,-2,108,1,124,0
6,6,111,1,124,0
5,-8,118,1,124,0
7,7,119,1,124,0
8,8,122,1,124,0
3,-3,1,1,124,0
-7,5,9,1,124,0
1,-7,23,1,124,0
-4,2,34,1,124,0
4,-6,56,1,124,0
0,1,56,1,124,0
-2,0,59,1,124,0
-3,-4,65,1,124,0
1,2,66,1,124,0
6,7,72,1,124,0
7,8,73,1,124,0
6,-2,79,1,124,0
2,3,76,1,124,0
0,-4,84,1,124,0
3,4,87,1,124,0
4,5,96,1,124,0
8,-8,99,1,124,0
5,6,104,1,124,0
-5,3,109,1,124,0
7,-5,117,1,124,0
9,1,3,1,124,0
-7,6,11,1,124,0
1,-8,17,1,124,0
-3,2,39,1,124,0
-6,-4,46,1,124,0
-1,0,54,1,124,0
0,2,59,1,124,0
4,6,59,1,124,0
6,8,75,1,124,0
3,5,93,1,124,0
5,7,103,1,124,0
7,-6,114,1,124,0
1,3,114,1,124,0
-4,3,115,1,124,0
4,-7,122,1,124,0
8,1,9,1,124,0
0,-6,14,1,124,0
-6,6,19,1,124,0
3,-5,35,1,124,0
-2,2,46,1,124,0
3,6,53,1,124,0
4,7,89,1,124,0
5,8,93,1,124,0
7,-7,94,1,124,0
6,-4,106,1,124,0
2,5,99,1,124,0
2,-2,99,1,124,0
1,4,117,1,124,0
-4,4,118,1,124,0
6,0,18,1,124,0
0,-7,14,1,124,0
7,1,19,1,124,0
-5,6,25,1,124,0
8,2,27,1,124,0
8,-1,35,1,124,0
2,6,47,1,124,0
-1,2,53,1,124,0
6,-5,54,1,124,0
-2,-4,71,1,124,0
5,-2,84,1,124,0
7,-8,98,1,124,0
2,-3,98,1,124,0
1,5,103,1,124,0
3,7,119,1,124,0
0,4,122,1,124,0
-3,4,122,1,124,0
-1,3,4,1,124,0
0,-8,7,1,124,0
-2,4,11,1,124,0
7,2,25,1,124,0
8,3,28,1,124,0
-4,6,31,1,124,0
3,-7,36,1,124,0
8,-2,121,1,124,0
1,6,41,1,124,0
-5,-4,53,1,124,0
6,-6,77,1,124,0
2,7,83,1,124,0
5,-3,96,1,124,0
3,8,123,1,124,0
5,0,123,1,124,0
-2,5,18,1,124,0
2,-5,29,1,124,0
7,3,33,1,124,0
-3,6,34,1,124,0
-8,-4,34,1,124,0
0,6,34,1,124,0
1,7,76,1,124,0
5,-4,98,1,124,0
6,-7,99,1,124,0
8,-3,119,1,124,0
4,-1,119,1,124,0
4,0,121,1,124,0
8,4,123,1,124,0
-2,6,19,1,124,0
7,-1,39,1,124,0
3,0,23,1,124,0
-3,7,41,1,124,0
8,5,46,1,124,0
5,-5,47,1,124,0
0,7,66,1,124,0
1,8,69,1,124,0
-1,-4,78,1,124,0
1,-3,92,1,124,0
6,-8,101,1,124,0
4,-2,113,1,124,0
7,4,121,1,124,0
8,-4,123,1,124,0
-1,6,28,1,125,0
2,-7,29,1,125,0
3,1,29,1,125,0
2,0,35,1,125,0
4,2,37,1,125,0
-3,8,44,1,125,0
5,3,47,1,125,0
7,-2,125,1,125,0
-2,7,52,1,125,0
6,4,58,1,125,0
-4,-4,59,1,125,0
0,8,68,1,125,0
5,-6,74,1,125,0
1,-4,86,1,125,0
4,-3,87,1,125,0
-5,0,92,1,125,0
8,6,99,1,125,0
7,5,114,1,125,0
8,-5,121,1,125,0
-7,3,13,1,125,0
3,-1,17,1,125,0
-6,2,21,1,125,0
1,-5,22,1,125,0
3,2,36,1,125,0
-7,-4,39,1,125,0
1,0,41,1,125,0
4,3,46,1,125,0
7,-3,114,1,125,0
5,4,55,1,125,0
-1,7,59,1,125,0
8,7,66,1,125,0
-4,0,89,1,125,0
-5,1,99,1,125,0
8,-6,111,1,125,0
6,5,112,1,125,0
5,-7,111,1,125,0
7,6,124,1,125,0
-7,4,6,1,125,0
6,-1,22,1,125,0
4,-5,41,1,125,0
0,0,48,1,125,0
7,-4,109,1,125,0
-1,8,58,1,125,0
-3,0,66,1,125,0
2,2,71,1,125,0
3,3,79,1,125,0
4,4,86,1,125,0
5,5,104,1,125,0
-5,2,106,1,125,0
8,-7,107,1,125,0
3,-2,108,1,125,0
6,6,111,1,125,0
5,-8,118,1,125,0
7,7,119,1,125,0
8,8,123,1,125,0
3,-3,1,1,125,0
-7,5,9,1,125,0
1,-7,23,1,125,0
-4,2,34,1,125,0
4,-6,56,1,125,0
0,1,56,1,125,0
-2,0,59,1,125,0
-3,-4,65,1,125,0
1,2,66,1,125,0
6,7,72,1,125,0
7,8,73,1,125,0
6,-2,79,1,125,0
2,3,76,1,125,0
0,-4,84,1,125,0
3,4,87,1,125,0
4,5,96,1,125,0
8,-8,99,1,125,0
5,6,104,1,125,0
-5,3,109,1,125,0
7,-5,117,1,125,0
9,1,3,1,125,0
-7,6,11,1,125,0
1,-8,17,1,125,0
-3,2,39,1,125,0
-6,-4,46,1,125,0
-1,0,54,1,125,0
0,2,59,1,125,0
4,6,59,1,125,0
6,8,75,1,125,0
3,5,93,1,125,0
5,7,103,1,125,0
7,-6,114,1,125,0
1,3,114,1,125,0
-4,3,115,1,125,0
4,-7,124,1,125,0
8,1,9,1,125,0
0,-6,14,1,125,0
-6,6,19,1,125,0
3,-5,35,1,125,0
-2,2,46,1,125,0
3,6,53,1,125,0
4,7,89,1,125,0
5,8,93,1,125,0
7,-7,94,1,125,0
6,-4,106,1,125,0
2,5,99,1,125,0
2,-2,99,1,125,0
1,4,117,1,125,0
-4,4,118,1,125,0
6,0,18,1,125,0
0,-7,14,1,125,0
7,1,19,1,125,0
-5,6,25,1,125,0
8,2,27,1,125,0
8,-1,35,1,125,0
2,6,47,1,125,0
-1,2,53,1,125,0
6,-5,54,1,125,0
-2,-4,71,1,125,0
5,-2,84,1,125,0
7,-8,98,1,125,0
2,-3,98,1,125,0
1,5,103,1,125,0
3,7,124,1,125,0
-3,4,123,1,125,0
0,4,123,1,125,0
-1,3,4,1,125,0
0,-8,7,1,125,0
-2,4,11,1,125,0
7,2,25,1,125,0
-4,6,31,1,125,0
3,-7,36,1,125,0
8,-2,121,1,125,0
1,6,41,1,125,0
-5,-4,53,1,125,0
6,-6,77,1,125,0
2,7,83,1,125,0
5,-3,96,1,125,0
3,8,123,1,125,0
8,3,124,1,125,0
5,0,124,1,125,0
-2,5,18,1,125,0
2,-5,29,1,125,0
7,3,33,1,125,0
-3,6,34,1,125,0
-8,-4,34,1,125,0
0,6,34,1,125,0
1,7,76,1,125,0
5,-4,98,1,125,0
6,-7,99,1,125,0
8,-3,119,1,125,0
4,-1,119,1,125,0
4,0,121,1,125,0
8,4,123,1,125,0
-2,6,19,1,125,0
7,-1,39,1,125,0
3,0,23,1,125,0
-3,7,41,1,125,0
8,5,46,1,125,0
5,-5,47,1,125,0
0,7,66,1,125,0
1,8,69,1,125,0
-1,-4,78,1,125,0
1,-3,92,1,125,0
6,-8,101,1,125,0
4,-2,113,1,125,0
7,4,121,1,125,0
8,-4,124,1,125,0
-1,6,28,1,126,0
2,-7,29,1,126,0
3,1,29,1,126,0
2,0,35,1,126,0
4,2,37,1,126,0
-3,8,44,1,126,0
5,3,47,1,126,0
7,-2,125,1,126,0
-2,7,52,1,126,0
6,4,58,1,126,0
-4,-4,59,1,126,0
0,8,68,1,126,0
5,-6,74,1,126,0
1,-4,86,1,126,0
4,-3,87,1,126,0
-5,0,92,1,126,0
8,6,99,1,126,0
7,5,114,1,126,0
8,-5,121,1,126,0
-7,3,13,1,126,0
3,-1,17,1,126,0
-6,2,21,1,126,0
1,-5,22,1,126,0
3,2,36,1,126,0
-7,-4,39,1,126,0
1,0,41,1,126,0
4,3,46,1,126,0
7,-3,114,1,126,0
5,4,55,1,126,0
-1,7,59,1,126,0
-4,0,89,1,126,0
-5,1,99,1,126,0
8,-6,111,1,126,0
6,5,112,1,126,0
5,-7,111,1,126,0
8,7,124,1,126,0
7,6,125,1,126,0
-7,4,6,1,126,0
6,-1,22,1,126,0
4,-5,41,1,126,0
0,0,48,1,126,0
7,-4,109,1,126,0
-1,8,58,1,126,0
-3,0,66,1,126,0
2,2,71,1,126,0
3,3,79,1,126,0
4,4,86,1,126,0
5,5,104,1,126,0
-5,2,106,1,126,0
8,-7,107,1,126,0
3,-2,108,1,126,0
6,6,111,1,126,0
5,-8,118,1,126,0
8,8,123,1,126,0
7,7,125,1,126,0
3,-3,1,1,126,0
-7,5,9,1,126,0
1,-7,23,1,126,0
-4,2,34,1,126,0
4,-6,56,1,126,0
0,1,56,1,126,0
-2,0,59,1,126,0
-3,-4,65,1,126,0
1,2,66,1,126,0
6,7,72,1,126,0
7,8,73,1,126,0
6,-2,79,1,126,0
2,3,76,1,126,0
0,-4,84,1,126,0
3,4,87,1,126,0
4,5,96,1,126,0
8,-8,99,1,126,0
5,6,104,1,126,0
-5,3,109,1,126,0
7,-5,117,1,126,0
9,1,3,1,126,0
-7,6,11,1,126,0
1,-8,17,1,126,0
-3,2,39,1,126,0
-6,-4,46,1,126,0
-1,0,54,1,126,0
0,2,59,1,126,0
4,6,59,1,126,0
6,8,75,1,126,0
3,5,93,1,126,0
5,7,103,1,126,0
7,-6,114,1,126,0
1,3,114,1,126,0
-4,3,115,1,126,0
4,-7,125,1,126,0
8,1,9,1,126,0
0,-6,14,1,126,0
-6,6,19,1,126,0
3,-5,35,1,126,0
-2,2,46,1,126,0
3,6,53,1,126,0
4,7,89,1,126,0
5,8,93,1,126,0
7,-7,94,1,126,0
6,-4,106,1,126,0
2,5,99,1,126,0
2,-2,99,1,126,0
1,4,117,1,126,0
-4,4,118,1,126,0
6,0,18,1,126,0
0,-7,14,1,126,0
7,1,19,1,126,0
-5,6,25,1,126,0
8,2,27,1,126,0
8,-1,35,1,126,0
2,6,47,1,126,0
-1,2,53,1,126,0
6,-5,54,1,126,0
-2,-4,71,1,126,0
5,-2,84,1,126,0
7,-8,98,1,126,0
2,-3,98,1,126,0
1,5,103,1,126,0
0,4,123,1,126,0
3,7,125,1,126,0
-3,4,124,1,126,0
-1,3,4,1,126,0
0,-8,7,1,126,0
-2,4,11,1,126,0
7,2,25,1,126,0
-4,6,31,1,126,0
3,-7,36,1,126,0
8,-2,121,1,126,0
1,6,41,1,126,0
-5,-4,53,1,126,0
6,-6,77,1,126,0
2,7,83,1,126,0
5,-3,96,1,126,0
3,8,123,1,126,0
8,3,125,1,126,0
5,0,125,1,126,0
-2,5,18,1,126,0
2,-5,29,1,126,0
7,3,33,1,126,0
-3,6,34,1,126,0
-8,-4,34,1,126,0
0,6,34,1,126,0
1,7,76,1,126,0
5,-4,98,1,126,0
6,-7,99,1,126,0
8,-3,119,1,126,0
4,-1,119,1,126,0
4,0,121,1,126,0
8,4,123,1,126,0
-1,4,124,1,126,0
-2,6,19,1,126,0
7,-1,126,1,126,0
3,0,23,1,126,0
-3,7,41,1,126,0
8,5,46,1,126,0
5,-5,47,1,126,0
0,7,66,1,126,0
1,8,69,1,126,0
-1,-4,78,1,126,0
1,-3,92,1,126,0
6,-8,101,1,126,0
4,-2,113,1,126,0
7,4,121,1,126,0
8,-4,125,1,126,0
-1,6,28,1,127,0
2,-7,29,1,127,0
3,1,29,1,127,0
2,0,35,1,127,0
4,2,37,1,127,0
-3,8,44,1,127,0
5,3,47,1,127,0
7,-2,125,1,127,0
-2,7,52,1,127,0
6,4,58,1,127,0
-4,-4,59,1,127,0
0,8,68,1,127,0
5,-6,74,1,127,0
1,-4,86,1,127,0
4,-3,87,1,127,0
-5,0,92,1,127,0
8,6,99,1,127,0
7,5,114,1,127,0
8,-5,121,1,127,0
-7,3,13,1,127,0
3,-1,17,1,127,0
-6,2,21,1,127,0
1,-5,22,1,127,0
3,2,36,1,127,0
-7,-4,39,1,127,0
1,0,41,1,127,0
4,3,46,1,127,0
7,-3,114,1,127,0
5,4,55,1,127,0
-1,7,59,1,127,0
-4,0,89,1,127,0
-5,1,99,1,127,0
8,-6,111,1,127,0
6,5,112,1,127,0
5,-7,111,1,127,0
8,7,124,1,127,0
7,6,126,1,127,0
-7,4,6,1,127,0
6,-1,22,1,127,0
4,-5,41,1,127,0
0,0,48,1,127,0
-1,8,58,1,127,0
-3,0,66,1,127,0
2,2,71,1,127,0
3,3,79,1,127,0
4,4,86,1,127,0
5,5,104,1,127,0
-5,2,106,1,127,0
8,-7,107,1,127,0
3,-2,108,1,127,0
6,6,111,1,127,0
5,-8,118,1,127,0
8,8,123,1,127,0
7,-4,126,1,127,0
7,7,126,1,127,0
3,-3,1,1,127,0
-7,5,9,1,127,0
1,-7,23,1,127,0
-4,2,34,1,127,0
4,-6,56,1,127,0
0,1,56,1,127,0
-2,0,59,1,127,0
-3,-4,65,1,127,0
1,2,66,1,127,0
6,7,72,1,127,0
7,8,73,1,127,0
6,-2,79,1,127,0
2,3,76,1,127,0
0,-4,84,1,127,0
3,4,87,1,127,0
4,5,96,1,127,0
8,-8,99,1,127,0
5,6,104,1,127,0
-5,3,109,1,127,0
7,-5,117,1,127,0
9,1,3,1,127,0
-7,6,11,1,127,0
1,-8,17,1,127,0
-3,2,39,1,127,0
-6,-4,46,1,127,0
-1,0,54,1,127,0
0,2,59,1,127,0
4,6,59,1,127,0
6,8,75,1,127,0
3,5,93,1,127,0
5,7,103,1,127,0
7,-6,114,1,127,0
1,3,114,1,127,0
-4,3,115,1,127,0
4,-7,126,1,127,0
8,1,9,1,127,0
0,-6,14,1,127,0
-6,6,19,1,127,0
3,-5,35,1,127,0
-2,2,46,1,127,0
3,6,53,1,127,0
4,7,89,1,127,0
5,8,93,1,127,0
7,-7,94,1,127,0
6,-4,106,1,127,0
2,5,99,1,127,0
2,-2,99,1,127,0
1,4,117,1,127,0
-4,4,118,1,127,0
6,0,18,1,127,0
0,-7,14,1,127,0
7,1,19,1,127,0
-5,6,25,1,127,0
8,2,27,1,127,0
8,-1,35,1,127,0
2,6,47,1,127,0
-1,2,53,1,127,0
6,-5,54,1,127,0
-2,-4,71,1,127,0
5,-2,84,1,127,0
7,-8,98,1,127,0
2,-3,98,1,127,0
1,5,103,1,127,0
0,4,123,1,127,0
3,7,126,1,127,0
-3,4,125,1,127,0
-1,3,4,1,127,0
0,-8,7,1,127,0
-2,4,11,1,127,0
7,2,25,1,127,0
-4,6,31,1,127,0
3,-7,36,1,127,0
8,-2,121,1,127,0
1,6,41,1,127,0
-5,-4,53,1,127,0
6,-6,77,1,127,0
2,7,83,1,127,0
5,-3,96,1,127,0
3,8,123,1,127,0
8,3,126,1,127,0
5,0,126,1,127,0
-2,5,18,1,127,0
2,-5,29,1,127,0
7,3,33,1,127,0
-3,6,34,1,127,0
-8,-4,34,1,127,0
0,6,34,1,127,0
1,7,76,1,127,0
5,-4,98,1,127,0
6,-7,99,1,127,0
8,-3,119,1,127,0
4,-1,119,1,127,0
4,0,121,1,127,0
8,4,123,1,127,0
-1,4,125,1,127,0
-2,6,19,1,127,0
7,-1,127,1,127,0
3,0,23,1,127,0
-3,7,41,1,127,0
8,5,46,1,127,0
5,-5,47,1,127,0
0,7,66,1,127,0
1,8,69,1,127,0
-1,-4,78,1,127,0
1,-3,92,1,127,0
6,-8,101,1,127,0
4,-2,113,1,127,0
7,4,121,1,127,0
8,-4,125,1,127,0
-1,6,28,1,128,0
2,-7,29,1,128,0
3,1,29,1,128,0
2,0,35,1,128,0
4,2,37,1,128,0
-3,8,44,1,128,0
5,3,47,1,128,0
7,-2,125,1,128,0
-2,7,52,1,128,0
6,4,58,1,128,0
-4,-4,59,1,128,0
0,8,68,1,128,0
5,-6,74,1,128,0
1,-4,86,1,128,0
4,-3,87,1,128,0
-5,0,92,1,128,0
8,6,99,1,128,0
7,5,114,1,128,0
8,-5,121,1,128,0
-7,3,13,1,128,0
3,-1,17,1,128,0
-6,2,21,1,128,0
1,-5,22,1,128,0
3,2,36,1,128,0
-7,-4,39,1,128,0
1,0,41,1,128,0
4,3,46,1,128,0
7,-3,114,1,128,0
5,4,55,1,128,0
-1,7,59,1,128,0
-4,0,89,1,128,0
-5,1,99,1,128,0
8,-6,111,1,128,0
6,5,112,1,128,0
5,-7,111,1,128,0
8,7,124,1,128,0
7,6,127,1,128,0
-7,4,6,1,128,0
6,-1,22,1,128,0
4,-5,41,1,128,0
0,0,48,1,128,0
-1,8,58,1,128,0
-3,0,66,1,128,0
2,2,71,1,128,0
3,3,79,1,128,0
4,4,86,1,128,0
5,5,104,1,128,0
-5,2,106,1,128,0
8,-7,107,1,128,0
3,-2,108,1,128,0
6,6,111,1,128,0
5,-8,118,1,128,0
8,8,123,1,128,0
7,-4,127,1,128,0
7,7,127,1,128,0
3,-3,1,1,128,0
-7,5,9,1,128,0
1,-7,23,1,128,0
-4,2,34,1,128,0
4,-6,56,1,128,0
0,1,56,1,128,0
-2,0,59,1,128,0
-3,-4,65,1,128,0
1,2,66,1,128,0
6,7,72,1,128,0
7,8,73,1,128,0
6,-2,79,1,128,0
2,3,76,1,128,0
0,-4,84,1,128,0
3,4,87,1,128,0
4,5,96,1,128,0
8,-8,99,1,128,0
5,6,104,1,128,0
-5,3,109,1,128,0
7,-5,117,1,128,0
9,1,3,1,128,0
-7,6,11,1,128,0
1,-8,17,1,128,0
-3,2,39,1,128,0
-6,-4,46,1,128,0
-1,0,54,1,128,0
0,2,59,1,128,0
4,6,59,1,128,0
6,8,75,1,128,0
3,5,93,1,128,0
5,7,103,1,128,0
7,-6,114,1,128,0
1,3,114,1,128,0
-4,3,115,1,128,0
4,-7,127,1,128,0
8,1,9,1,128,0
0,-6,14,1,128,0
-6,6,19,1,128,0
3,-5,35,1,128,0
-2,2,46,1,128,0
3,6,53,1,128,0
4,7,89,1,128,0
5,8,93,1,128,0
7,-7,94,1,128,0
6,-4,106,1,128,0
2,5,99,1,128,0
2,-2,99,1,128,0
1,4,117,1,128,0
-4,4,118,1,128,0
6,0,18,1,128,0
0,-7,14,1,128,0
7,1,19,1,128,0
-5,6,25,1,128,0
8,2,27,1,128,0
8,-1,35,1,128,0
2,6,47,1,128,0
-1,2,53,1,128,0
6,-5,54,1,128,0
-2,-4,71,1,128,0
5,-2,84,1,128,0
7,-8,98,1,128,0
2,-3,98,1,128,0
1,5,103,1,128,0
0,4,123,1,128,0
3,7,126,1,128,0
-3,4,126,1,128,0
-1,3,4,1,128,0
0,-8,7,1,128,0
-2,4,11,1,128,0
7,2,25,1,128,0
-4,6,31,1,128,0
3,-7,36,1,128,0
8,-2,121,1,128,0
1,6,41,1,128,0
-5,-4,53,1,128,0
6,-6,77,1,128,0
5,-3,96,1,128,0
3,8,123,1,128,0
2,7,127,1,128,0
8,3,127,1,128,0
5,0,127,1,128,0
-2,5,18,1,128,0
2,-5,29,1,128,0
7,3,33,1,128,0
-3,6,34,1,128,0
-8,-4,34,1,128,0
0,6,34,1,128,0
1,7,76,1,128,0
5,-4,98,1,128,0
6,-7,99,1,128,0
8,-3,119,1,128,0
4,-1,119,1,128,0
4,0,121,1,128,0
8,4,123,1,128,0
-1,4,126,1,128,0
-2,6,19,1,128,0
7,-1,128,1,128,0
3,0,23,1,128,0
-3,7,41,1,128,0
8,5,46,1,128,0
5,-5,47,1,128,0
0,7,66,1,128,0
1,8,69,1,128,0
-1,-4,78,1,128,0
1,-3,92,1,128,0
6,-8,101,1,128,0
4,-2,113,1,128,0
7,4,121,1,128,0
8,-4,125,1,128,0
-1,6,28,1,129,0
2,-7,29,1,129,0
3,1,29,1,129,0
2,0,35,1,129,0
4,2,37,1,129,0
-3,8,44,1,129,0
5,3,47,1,129,0
7,-2,125,1,129,0
-2,7,52,1,129,0
6,4,58,1,129,0
-4,-4,59,1,129,0
0,8,68,1,129,0
5,-6,74,1,129,0
1,-4,86,1,129,0
4,-3,87,1,129,0
-5,0,92,1,129,0
8,6,99,1,129,0
7,5,114,1,129,0
8,-5,121,1,129,0
-7,3,13,1,129,0
3,-1,17,1,129,0
-6,2,21,1,129,0
1,-5,22,1,129,0
3,2,36,1,129,0
-7,-4,39,1,129,0
1,0,41,1,129,0
4,3,46,1,129,0
7,-3,114,1,129,0
5,4,55,1,129,0
-1,7,59,1,129,0
-4,0,89,1,129,0
-5,1,99,1,129,0
8,-6,111,1,129,0
6,5,112,1,129,0
5,-7,111,1,129,0
8,7,124,1,129,0
7,6,128,1,129,0
-7,4,6,1,129,0
6,-1,22,1,129,0
4,-5,41,1,129,0
0,0,48,1,129,0
-1,8,58,1,129,0
-3,0,66,1,129,0
2,2,71,1,129,0
3,3,79,1,129,0
4,4,86,1,129,0
5,5,104,1,129,0
-5,2,106,1,129,0
8,-7,107,1,129,0
3,-2,108,1,129,0
6,6,111,1,129,0
5,-8,118,1,129,0
8,8,123,1,129,0
7,7,127,1,129,0
7,-4,128,1,129,0
3,-3,1,1,129,0
-7,5,9,1,129,0
1,-7,23,1,129,0
-4,2,34,1,129,0
4,-6,56,1,129,0
0,1,56,1,129,0
-2,0,59,1,129,0
-3,-4,65,1,129,0
1,2,66,1,129,0
6,7,72,1,129,0
6,-2,79,1,129,0
2,3,76,1,129,0
0,-4,84,1,129,0
3,4,87,1,129,0
4,5,96,1,129,0
8,-8,99,1,129,0
5,6,104,1,129,0
-5,3,109,1,129,0
7,-5,117,1,129,0
7,8,128,1,129,0
9,1,3,1,129,0
-7,6,11,1,129,0
1,-8,17,1,129,0
-3,2,39,1,129,0
-6,-4,46,1,129,0
-1,0,54,1,129,0
0,2,59,1,129,0
4,6,59,1,129,0
6,8,75,1,129,0
3,5,93,1,129,0
5,7,103,1,129,0
7,-6,114,1,129,0
1,3,114,1,129,0
-4,3,115,1,129,0
4,-7,128,1,129,0
8,1,9,1,129,0
0,-6,14,1,129,0
-6,6,19,1,129,0
3,-5,35,1,129,0
-2,2,46,1,129,0
3,6,53,1,129,0
4,7,89,1,129,0
5,8,93,1,129,0
7,-7,94,1,129,0
6,-4,106,1,129,0
2,5,99,1,129,0
2,-2,99,1,129,0
1,4,117,1,129,0
-4,4,118,1,129,0
6,0,18,1,129,0
0,-7,14,1,129,0
7,1,19,1,129,0
-5,6,25,1,129,0
8,2,27,1,129,0
8,-1,35,1,129,0
2,6,47,1,129,0
-1,2,53,1,129,0
6,-5,54,1,129,0
-2,-4,71,1,129,0
5,-2,84,1,129,0
7,-8,98,1,129,0
2,-3,98,1,129,0
1,5,103,1,129,0
0,4,123,1,129,0
3,7,126,1,129,0
-3,4,126,1,129,0
-1,3,4,1,129,0
0,-8,7,1,129,0
7,2,25,1,129,0
-4,6,31,1,129,0
3,-7,36,1,129,0
8,-2,121,1,129,0
1,6,41,1,129,0
-5,-4,53,1,129,0
6,-6,77,1,129,0
5,-3,96,1,129,0
3,8,123,1,129,0
2,7,127,1,129,0
-2,4,127,1,129,0
8,3,128,1,129,0
5,0,128,1,129,0
-2,5,18,1,129,0
2,-5,29,1,129,0
7,3,33,1,129,0
-3,6,34,1,129,0
-8,-4,34,1,129,0
0,6,34,1,129,0
1,7,76,1,129,0
5,-4,98,1,129,0
6,-7,99,1,129,0
8,-3,119,1,129,0
4,-1,119,1,129,0
4,0,121,1,129,0
8,4,123,1,129,0
2,8,128,1,129,0
-1,4,127,1,129,0
-2,6,19,1,129,0
7,-1,129,1,129,0
3,0,23,1,129,0
-3,7,41,1,129,0
8,5,46,1,129,0
5,-5,47,1,129,0
0,7,66,1,129,0
1,8,69,1,129,0
-1,-4,78,1,129,0
1,-3,92,1,129,0
6,-8,101,1,129,0
4,-2,113,1,129,0
7,4,121,1,129,0
8,-4,125,1,129,0
-1,6,28,1,130,0
2,-7,29,1,130,0
3,1,29,1,130,0
2,0,35,1,130,0
4,2,37,1,130,0
-3,8,44,1,130,0
5,3,47,1,130,0
7,-2,125,1,130,0
-2,7,52,1,130,0
6,4,58,1,130,0
-4,-4,59,1,130,0
0,8,68,1,130,0
5,-6,74,1,130,0
1,-4,86,1,130,0
4,-3,87,1,130,0
-5,0,92,1,130,0
8,6,99,1,130,0
7,5,114,1,130,0
8,-5,121,1,130,0
-7,3,13,1,130,0
3,-1,17,1,130,0
-6,2,21,1,130,0
1,-5,22,1,130,0
3,2,36,1,130,0
-7,-4,39,1,130,0
1,0,41,1,130,0
4,3,46,1,130,0
7,-3,114,1,130,0
5,4,55,1,130,0
-1,7,59,1,130,0
-4,0,89,1,130,0
-5,1,99,1,130,0
8,-6,111,1,130,0
6,5,112,1,130,0
5,-7,111,1,130,0
8,7,124,1,130,0
7,6,129,1,130,0
-7,4,6,1,130,0
6,-1,22,1,130,0
4,-5,41,1,130,0
0,0,48,1,130,0
-1,8,58,1,130,0
-3,0,66,1,130,0
2,2,71,1,130,0
3,3,79,1,130,0
4,4,86,1,130,0
5,5,104,1,130,0
-5,2,106,1,130,0
8,-7,107,1,130,0
3,-2,108,1,130,0
6,6,111,1,130,0
5,-8,118,1,130,0
8,8,123,1,130,0
7,7,127,1,130,0
7,-4,129,1,130,0
3,-3,1,1,130,0
-7,5,9,1,130,0
1,-7,23,1,130,0
-4,2,34,1,130,0
4,-6,56,1,130,0
0,1,56,1,130,0
-2,0,59,1,130,0
-3,-4,65,1,130,0
1,2,66,1,130,0
6,7,72,1,130,0
6,-2,79,1,130,0
2,3,76,1,130,0
0,-4,84,1,130,0
3,4,87,1,130,0
4,5,96,1,130,0
8,-8,99,1,130,0
5,6,104,1,130,0
-5,3,109,1,130,0
7,-5,117,1,130,0
7,8,129,1,130,0
9,1,3,1,130,0
-7,6,11,1,130,0
1,-8,17,1,130,0
-3,2,39,1,130,0
-6,-4,46,1,130,0
-1,0,54,1,130,0
0,2,59,1,130,0
4,6,59,1,130,0
6,8,75,1,130,0
3,5,93,1,130,0
5,7,103,1,130,0
7,-6,114,1,130,0
1,3,114,1,130,0
-4,3,115,1,130,0
4,-7,129,1,130,0
8,1,9,1,130,0
0,-6,14,1,130,0
-6,6,19,1,130,0
3,-5,35,1,130,0
-2,2,46,1,130,0
3,6,53,1,130,0
4,7,89,1,130,0
5,8,93,1,130,0
7,-7,94,1,130,0
6,-4,106,1,130,0
2,5,99,1,130,0
2,-2,99,1,130,0
1,4,117,1,130,0
-4,4,118,1,130,0
0,-7,14,1,130,0
7,1,19,1,130,0
-5,6,25,1,130,0
8,2,27,1,130,0
8,-1,35,1,130,0
2,6,47,1,130,0
-1,2,53,1,130,0
6,-5,54,1,130,0
-2,-4,71,1,130,0
5,-2,84,1,130,0
7,-8,98,1,130,0
2,-3,98,1,130,0
1,5,103,1,130,0
0,4,123,1,130,0
3,7,126,1,130,0
-3,4,126,1,130,0
6,0,129,1,130,0
-1,3,4,1,130,0
0,-8,7,1,130,0
7,2,25,1,130,0
-4,6,31,1,130,0
3,-7,36,1,130,0
8,-2,121,1,130,0
1,6,41,1,130,0
-5,-4,53,1,130,0
6,-6,77,1,130,0
5,-3,96,1,130,0
3,8,123,1,130,0
2,7,127,1,130,0
8,3,128,1,130,0
5,0,128,1,130,0
-2,4,128,1,130,0
-2,5,18,1,130,0
2,-5,29,1,130,0
-3,6,34,1,130,0
-8,-4,34,1,130,0
0,6,34,1,130,0
1,7,76,1,130,0
5,-4,98,1,130,0
6,-7,99,1,130,0
8,-3,119,1,130,0
4,-1,119,1,130,0
4,0,121,1,130,0
8,4,123,1,130,0
2,8,129,1,130,0
-1,4,128,1,130,0
7,3,129,1,130,0
-2,6,19,1,130,0
7,-1,129,1,130,0
3,0,23,1,130,0
-3,7,41,1,130,0
8,5,46,1,130,0
5,-5,47,1,130,0
0,7,66,1,130,0
1,8,69,1,130,0
-1,-4,78,1,130,0
1,-3,92,1,130,0
6,-8,101,1,130,0
4,-2,113,1,130,0
7,4,121,1,130,0
8,-4,125,1,130,0
-1,6,28,1,131,0
2,-7,29,1,131,0
3,1,29,1,131,0
2,0,35,1,131,0
4,2,37,1,131,0
-3,8,44,1,131,0
5,3,47,1,131,0
7,-2,125,1,131,0
-2,7,52,1,131,0
6,4,58,1,131,0
-4,-4,59,1,131,0
0,8,68,1,131,0
5,-6,74,1,131,0
1,-4,86,1,131,0
4,-3,87,1,131,0
-5,0,92,1,131,0
8,6,99,1,131,0
7,5,114,1,131,0
8,-5,121,1,131,0
-7,3,13,1,131,0
3,-1,17,1,131,0
-6,2,21,1,131,0
1,-5,22,1,131,0
3,2,36,1,131,0
-7,-4,39,1,131,0
1,0,41,1,131,0
4,3,46,1,131,0
7,-3,114,1,131,0
5,4,55,1,131,0
-1,7,59,1,131,0
-4,0,89,1,131,0
-5,1,99,1,131,0
8,-6,111,1,131,0
6,5,112,1,131,0
5,-7,111,1,131,0
8,7,124,1,131,0
7,6,129,1,131,0
-7,4,6,1,131,0
6,-1,22,1,131,0
4,-5,41,1,131,0
0,0,48,1,131,0
-1,8,58,1,131,0
-3,0,66,1,131,0
2,2,71,1,131,0
3,3,79,1,131,0
4,4,86,1,131,0
5,5,104,1,131,0
-5,2,106,1,131,0
8,-7,107,1,131,0
3,-2,108,1,131,0
6,6,111,1,131,0
5,-8,118,1,131,0
8,8,123,1,131,0
7,7,127,1,131,0
7,-4,129,1,131,0
3,-3,1,1,131,0
-7,5,9,1,131,0
1,-7,23,1,131,0
-4,2,34,1,131,0
4,-6,56,1,131,0
0,1,56,1,131,0
-2,0,59,1,131,0
-3,-4,65,1,131,0
1,2,66,1,131,0
6,7,72,1,131,0
6,-2,79,1,131,0
2,3,76,1,131,0
0,-4,84,1,131,0
3,4,87,1,131,0
4,5,96,1,131,0
8,-8,99,1,131,0
5,6,104,1,131,0
-5,3,109,1,131,0
7,-5,117,1,131,0
7,8,129,1,131,0
9,1,3,1,131,0
-7,6,11,1,131,0
1,-8,17,1,131,0
-3,2,39,1,131,0
-6,-4,46,1,131,0
-1,0,54,1,131,0
0,2,59,1,131,0
4,6,59,1,131,0
6,8,75,1,131,0
3,5,93,1,131,0
5,7,103,1,131,0
7,-6,114,1,131,0
1,3,114,1,131,0
-4,3,115,1,131,0
4,-7,129,1,131,0
8,1,9,1,131,0
0,-6,14,1,131,0
-6,6,19,1,131,0
3,-5,35,1,131,0
-2,2,46,1,131,0
3,6,53,1,131,0
4,7,89,1,131,0
5,8,93,1,131,0
7,-7,94,1,131,0
6,-4,106,1,131,0
2,5,99,1,131,0
2,-2,99,1,131,0
1,4,117,1,131,0
-4,4,118,1,131,0
0,-7,14,1,131,0
7,1,19,1,131,0
-5,6,25,1,131,0
8,2,27,1,131,0
8,-1,35,1,131,0
2,6,47,1,131,0
-1,2,53,1,131,0
6,-5,54,1,131,0
-2,-4,71,1,131,0
5,-2,84,1,131,0
7,-8,98,1,131,0
2,-3,98,1,131,0
1,5,103,1,131,0
0,4,123,1,131,0
3,7,126,1,131,0
-3,4,126,1,131,0
6,0,129,1,131,0
-1,3,4,1,131,0
0,-8,7,1,131,0
7,2,25,1,131,0
-4,6,31,1,131,0
3,-7,36,1,131,0
8,-2,121,1,131,0
1,6,41,1,131,0
-5,-4,53,1,131,0
6,-6,77,1,131,0
5,-3,96,1,131,0
3,8,123,1,131,0
2,7,127,1,131,0
8,3,128,1,131,0
5,0,128,1,131,0
-2,4,129,1,131,0
-2,5,18,1,131,0
2,-5,29,1,131,0
-3,6,34,1,131,0
-8,-4,34,1,131,0
0,6,34,1,131,0
1,7,76,1,131,0
5,-4,98,1,131,0
6,-7,99,1,131,0
8,-3,119,1,131,0
4,-1,119,1,131,0
4,0,121,1,131,0
8,4,123,1,131,0
2,8,129,1,131,0
7,3,129,1,131,0
-1,4,129,1,131,0
-2,6,19,1,131,0
7,-1,131,1,131,0
3,0,23,1,131,0
-3,7,41,1,131,0
8,5,46,1,131,0
5,-5,47,1,131,0
0,7,66,1,131,0
1,8,69,1,131,0
-1,-4,78,1,131,0
1,-3,92,1,131,0
6,-8,101,1,131,0
4,-2,113,1,131,0
7,4,121,1,131,0
8,-4,125,1,131,0
-1,6,28,1,132,0
2,-7,29,1,132,0
3,1,29,1,132,0
2,0,35,1,132,0
4,2,37,1,132,0
-3,8,44,1,132,0
5,3,47,1,132,0
7,-2,125,1,132,0
-2,7,52,1,132,0
6,4,58,1,132,0
-4,-4,59,1,132,0
0,8,68,1,132,0
5,-6,74,1,132,0
1,-4,86,1,132,0
4,-3,87,1,132,0
-5,0,92,1,132,0
8,6,99,1,132,0
7,5,114,1,132,0
8,-5,121,1,132,0
-7,3,13,1,132,0
3,-1,17,1,132,0
-6,2,21,1,132,0
1,-5,22,1,132,0
3,2,36,1,132,0
-7,-4,39,1,132,0
1,0,41,1,132,0
4,3,46,1,132,0
7,-3,114,1,132,0
5,4,55,1,132,0
-1,7,59,1,132,0
-4,0,89,1,132,0
-5,1,99,1,132,0
8,-6,111,1,132,0
6,5,112,1,132,0
5,-7,111,1,132,0
8,7,124,1,132,0
7,6,131,1,132,0
-7,4,6,1,132,0
6,-1,22,1,132,0
4,-5,41,1,132,0
0,0,48,1,132,0
-1,8,58,1,132,0
-3,0,66,1,132,0
2,2,71,1,132,0
3,3,79,1,132,0
4,4,86,1,132,0
5,5,104,1,132,0
-5,2,106,1,132,0
8,-7,107,1,132,0
3,-2,108,1,132,0
6,6,111,1,132,0
5,-8,118,1,132,0
8,8,123,1,132,0
7,-4,131,1,132,0
7,7,131,1,132,0
3,-3,1,1,132,0
-7,5,9,1,132,0
1,-7,23,1,132,0
-4,2,34,1,132,0
4,-6,56,1,132,0
0,1,56,1,132,0
-2,0,59,1,132,0
-3,-4,65,1,132,0
1,2,66,1,132,0
6,7,72,1,132,0
6,-2,79,1,132,0
2,3,76,1,132,0
0,-4,84,1,132,0
3,4,87,1,132,0
4,5,96,1,132,0
8,-8,99,1,132,0
5,6,104,1,132,0
-5,3,109,1,132,0
7,-5,117,1,132,0
7,8,129,1,132,0
9,1,3,1,132,0
-7,6,11,1,132,0
1,-8,17,1,132,0
-3,2,39,1,132,0
-6,-4,46,1,132,0
-1,0,54,1,132,0
0,2,59,1,132,0
4,6,59,1,132,0
6,8,75,1,132,0
3,5,93,1,132,0
5,7,103,1,132,0
7,-6,114,1,132,0
1,3,114,1,132,0
-4,3,115,1,132,0
4,-7,129,1,132,0
8,1,9,1,132,0
0,-6,14,1,132,0
-6,6,19,1,132,0
3,-5,35,1,132,0
-2,2,46,1,132,0
3,6,53,1,132,0
4,7,89,1,132,0
5,8,93,1,132,0
7,-7,94,1,132,0
6,-4,106,1,132,0
2,5,99,1,132,0
2,-2,99,1,132,0
1,4,117,1,132,0
-4,4,118,1,132,0
0,-7,14,1,132,0
7,1,19,1,132,0
-5,6,25,1,132,0
8,2,27,1,132,0
8,-1,35,1,132,0
2,6,47,1,132,0
-1,2,53,1,132,0
6,-5,54,1,132,0
-2,-4,71,1,132,0
5,-2,84,1,132,0
7,-8,98,1,132,0
2,-3,98,1,132,0
1,5,103,1,132,0
0,4,123,1,132,0
3,7,126,1,132,0
-3,4,126,1,132,0
6,0,131,1,132,0
-1,3,4,1,132,0
0,-8,7,1,132,0
-4,6,31,1,132,0
8,-2,121,1,132,0
1,6,41,1,132,0
-5,-4,53,1,132,0
6,-6,77,1,132,0
5,-3,96,1,132,0
3,8,123,1,132,0
8,3,128,1,132,0
5,0,128,1,132,0
-2,4,129,1,132,0
2,7,131,1,132,0
3,-7,131,1,132,0
7,2,131,1,132,0
-2,5,18,1,132,0
2,-5,29,1,132,0
-3,6,34,1,132,0
-8,-4,34,1,132,0
0,6,34,1,132,0
1,7,76,1,132,0
5,-4,98,1,132,0
6,-7,99,1,132,0
8,-3,119,1,132,0
4,-1,119,1,132,0
4,0,121,1,132,0
8,4,123,1,132,0
2,8,129,1,132,0
7,3,129,1,132,0
-1,4,129,1,132,0
-2,6,19,1,132,0
7,-1,132,1,132,0
3,0,23,1,132,0
-3,7,41,1,132,0
8,5,46,1,132,0
5,-5,47,1,132,0
0,7,66,1,132,0
1,8,69,1,132,0
-1,-4,78,1,132,0
1,-3,92,1,132,0
6,-8,101,1,132,0
4,-2,113,1,132,0
7,4,121,1,132,0
8,-4,125,1,132,0
-1,6,28,1,133,0
2,-7,29,1,133,0
3,1,29,1,133,0
2,0,35,1,133,0
4,2,37,1,133,0
-3,8,44,1,133,0
5,3,47,1,133,0
7,-2,125,1,133,0
-2,7,52,1,133,0
6,4,58,1,133,0
-4,-4,59,1,133,0
0,8,68,1,133,0
5,-6,74,1,133,0
1,-4,86,1,133,0
4,-3,87,1,133,0
-5,0,92,1,133,0
8,6,99,1,133,0
7,5,114,1,133,0
8,-5,121,1,133,0
-7,3,13,1,133,0
3,-1,17,1,133,0
-6,2,21,1,133,0
1,-5,22,1,133,0
3,2,36,1,133,0
-7,-4,39,1,133,0
1,0,41,1,133,0
4,3,46,1,133,0
7,-3,114,1,133,0
5,4,55,1,133,0
-1,7,59,1,133,0
-4,0,89,1,133,0
-5,1,99,1,133,0
8,-6,111,1,133,0
6,5,112,1,133,0
5,-7,111,1,133,0
8,7,124,1,133,0
7,6,131,1,133,0
-7,4,6,1,133,0
6,-1,22,1,133,0
4,-5,41,1,133,0
0,0,48,1,133,0
-1,8,58,1,133,0
-3,0,66,1,133,0
2,2,71,1,133,0
3,3,79,1,133,0
4,4,86,1,133,0
5,5,104,1,133,0
-5,2,106,1,133,0
8,-7,107,1,133,0
3,-2,108,1,133,0
6,6,111,1,133,0
5,-8,118,1,133,0
8,8,123,1,133,0
7,7,131,1,133,0
7,-4,132,1,133,0
3,-3,1,1,133,0
-7,5,9,1,133,0
1,-7,23,1,133,0
-4,2,34,1,133,0
4,-6,56,1,133,0
0,1,56,1,133,0
-2,0,59,1,133,0
-3,-4,65,1,133,0
1,2,66,1,133,0
6,7,72,1,133,0
6,-2,79,1,133,0
2,3,76,1,133,0
0,-4,84,1,133,0
3,4,87,1,133,0
4,5,96,1,133,0
8,-8,99,1,133,0
5,6,104,1,133,0
-5,3,109,1,133,0
7,-5,117,1,133,0
7,8,129,1,133,0
9,1,3,1,133,0
-7,6,11,1,133,0
1,-8,17,1,133,0
-3,2,39,1,133,0
-6,-4,46,1,133,0
-1,0,54,1,133,0
0,2,59,1,133,0
4,6,59,1,133,0
6,8,75,1,133,0
3,5,93,1,133,0
5,7,103,1,133,0
7,-6,114,1,133,0
1,3,114,1,133,0
-4,3,115,1,133,0
4,-7,129,1,133,0
8,0,133,1,133,0
8,1,9,1,133,0
0,-6,14,1,133,0
-6,6,19,1,133,0
3,-5,35,1,133,0
-2,2,46,1,133,0
3,6,53,1,133,0
4,7,89,1,133,0
5,8,93,1,133,0
7,-7,94,1,133,0
6,-4,106,1,133,0
2,5,99,1,133,0
2,-2,99,1,133,0
1,4,117,1,133,0
-4,4,118,1,133,0
0,-7,14,1,133,0
7,1,19,1,133,0
-5,6,25,1,133,0
8,2,27,1,133,0
8,-1,35,1,133,0
2,6,47,1,133,0
-1,2,53,1,133,0
6,-5,54,1,133,0
-2,-4,71,1,133,0
5,-2,84,1,133,0
7,-8,98,1,133,0
2,-3,98,1,133,0
1,5,103,1,133,0
0,4,123,1,133,0
3,7,126,1,133,0
-3,4,126,1,133,0
6,0,132,1,133,0
-1,3,4,1,133,0
0,-8,7,1,133,0
-4,6,31,1,133,0
8,-2,121,1,133,0
1,6,41,1,133,0
-5,-4,53,1,133,0
6,-6,77,1,133,0
5,-3,96,1,133,0
3,8,123,1,133,0
8,3,128,1,133,0
5,0,128,1,133,0
3,-7,131,1,133,0
2,7,132,1,133,0
-2,4,131,1,133,0
7,2,132,1,133,0
-2,5,18,1,133,0
2,-5,29,1,133,0
-3,6,34,1,133,0
-8,-4,34,1,133,0
0,6,34,1,133,0
1,7,76,1,133,0
5,-4,98,1,133,0
6,-7,99,1,133,0
8,-3,119,1,133,0
4,-1,119,1,133,0
4,0,121,1,133,0
8,4,123,1,133,0
2,8,129,1,133,0
7,3,129,1,133,0
-1,4,131,1,133,0
3,-8,132,1,133,0
-2,6,19,1,133,0
7,-1,132,1,133,0
3,0,23,1,133,0
-3,7,41,1,133,0
8,5,46,1,133,0
5,-5,47,1,133,0
0,7,66,1,133,0
1,8,69,1,133,0
-1,-4,78,1,133,0
1,-3,92,1,133,0
6,-8,101,1,133,0
4,-2,113,1,133,0
7,4,121,1,133,0
8,-4,125,1,133,0
-1,6,28,1,134,0
2,-7,29,1,134,0
3,1,29,1,134,0
2,0,35,1,134,0
4,2,37,1,134,0
-3,8,44,1,134,0
5,3,47,1,134,0
7,-2,125,1,134,0
-2,7,52,1,134,0
6,4,58,1,134,0
-4,-4,59,1,134,0
0,8,68,1,134,0
5,-6,74,1,134,0
1,-4,86,1,134,0
4,-3,87,1,134,0
-5,0,92,1,134,0
8,6,99,1,134,0
7,5,114,1,134,0
8,-5,121,1,134,0
-7,3,13,1,134,0
3,-1,17,1,134,0
-6,2,21,1,134,0
1,-5,22,1,134,0
3,2,36,1,134,0
-7,-4,39,1,134,0
1,0,41,1,134,0
4,3,46,1,134,0
7,-3,114,1,134,0
5,4,55,1,134,0
-1,7,59,1,134,0
-4,0,89,1,134,0
-5,1,99,1,134,0
8,-6,111,1,134,0
6,5,112,1,134,0
5,-7,111,1,134,0
8,7,124,1,134,0
7,6,133,1,134,0
-7,4,6,1,134,0
6,-1,22,1,134,0
4,-5,41,1,134,0
0,0,48,1,134,0
-1,8,58,1,134,0
-3,0,66,1,134,0
2,2,71,1,134,0
3,3,79,1,134,0
4,4,86,1,134,0
5,5,104,1,134,0
-5,2,106,1,134,0
8,-7,107,1,134,0
3,-2,108,1,134,0
6,6,111,1,134,0
5,-8,118,1,134,0
8,8,123,1,134,0
7,7,132,1,134,0
7,-4,133,1,134,0
3,-3,1,1,134,0
-7,5,9,1,134,0
1,-7,23,1,134,0
-4,2,34,1,134,0
4,-6,56,1,134,0
0,1,56,1,134,0
-2,0,59,1,134,0
-3,-4,65,1,134,0
1,2,66,1,134,0
6,7,72,1,134,0
6,-2,79,1,134,0
2,3,76,1,134,0
0,-4,84,1,134,0
3,4,87,1,134,0
4,5,96,1,134,0
8,-8,99,1,134,0
5,6,104,1,134,0
-5,3,109,1,134,0
7,-5,117,1,134,0
7,8,129,1,134,0
9,1,3,1,134,0
-7,6,11,1,134,0
1,-8,17,1,134,0
-3,2,39,1,134,0
-6,-4,46,1,134,0
-1,0,54,1,134,0
0,2,59,1,134,0
4,6,59,1,134,0
6,8,75,1,134,0
3,5,93,1,134,0
5,7,103,1,134,0
7,-6,114,1,134,0
1,3,114,1,134,0
-4,3,115,1,134,0
4,-7,129,1,134,0
8,0,134,1,134,0
8,1,9,1,134,0
0,-6,14,1,134,0
-6,6,19,1,134,0
3,-5,35,1,134,0
-2,2,46,1,134,0
3,6,53,1,134,0
4,7,89,1,134,0
5,8,93,1,134,0
7,-7,94,1,134,0
6,-4,106,1,134,0
2,5,99,1,134,0
2,-2,99,1,134,0
1,4,117,1,134,0
-4,4,118,1,134,0
0,-7,14,1,134,0
7,1,19,1,134,0
-5,6,25,1,134,0
8,2,27,1,134,0
8,-1,35,1,134,0
2,6,47,1,134,0
-1,2,53,1,134,0
6,-5,54,1,134,0
-2,-4,71,1,134,0
5,-2,84,1,134,0
7,-8,98,1,134,0
2,-3,98,1,134,0
1,5,103,1,134,0
0,4,123,1,134,0
3,7,126,1,134,0
-3,4,126,1,134,0
6,0,133,1,134,0
-1,3,4,1,134,0
0,-8,7,1,134,0
-4,6,31,1,134,0
8,-2,121,1,134,0
1,6,41,1,134,0
-5,-4,53,1,134,0
6,-6,77,1,134,0
5,-3,96,1,134,0
3,8,123,1,134,0
8,3,128,1,134,0
5,0,128,1,134,0
3,-7,131,1,134,0
2,7,133,1,134,0
-2,4,132,1,134,0
7,2,133,1,134,0
-2,5,18,1,134,0
2,-5,29,1,134,0
-3,6,34,1,134,0
-8,-4,34,1,134,0
0,6,34,1,134,0
1,7,76,1,134,0
5,-4,98,1,134,0
6,-7,99,1,134,0
8,-3,119,1,134,0
4,-1,119,1,134,0
4,0,121,1,134,0
8,4,123,1,134,0
2,8,129,1,134,0
7,3,129,1,134,0
-1,4,132,1,134,0
3,-8,133,1,134,0
-2,6,19,1,134,0
7,-1,132,1,134,0
3,0,23,1,134,0
-3,7,41,1,134,0
8,5,46,1,134,0
5,-5,47,1,134,0
0,7,66,1,134,0
1,8,69,1,134,0
-1,-4,78,1,134,0
1,-3,92,1,134,0
6,-8,101,1,134,0
4,-2,113,1,134,0
7,4,121,1,134,0
8,-4,125,1,134,0
-1,6,28,1,135,0
2,-7,29,1,135,0
3,1,29,1,135,0
2,0,35,1,135,0
4,2,37,1,135,0
-3,8,44,1,135,0
5,3,47,1,135,0
7,-2,125,1,135,0
-2,7,52,1,135,0
6,4,58,1,135,0
-4,-4,59,1,135,0
0,8,68,1,135,0
5,-6,74,1,135,0
1,-4,86,1,135,0
4,-3,87,1,135,0
-5,0,92,1,135,0
8,6,99,1,135,0
7,5,114,1,135,0
8,-5,121,1,135,0
-7,3,13,1,135,0
3,-1,17,1,135,0
-6,2,21,1,135,0
1,-5,22,1,135,0
3,2,36,1,135,0
-7,-4,39,1,135,0
1,0,41,1,135,0
4,3,46,1,135,0
7,-3,114,1,135,0
5,4,55,1,135,0
-1,7,59,1,135,0
-4,0,89,1,135,0
-5,1,99,1,135,0
8,-6,111,1,135,0
6,5,112,1,135,0
5,-7,111,1,135,0
8,7,124,1,135,0
7,6,134,1,135,0
-7,4,6,1,135,0
6,-1,22,1,135,0
4,-5,41,1,135,0
0,0,48,1,135,0
-1,8,58,1,135,0
-3,0,66,1,135,0
2,2,71,1,135,0
3,3,79,1,135,0
4,4,86,1,135,0
5,5,104,1,135,0
-5,2,106,1,135,0
8,-7,107,1,135,0
3,-2,108,1,135,0
6,6,111,1,135,0
5,-8,118,1,135,0
8,8,123,1,135,0
7,-4,133,1,135,0
7,7,133,1,135,0
3,-3,1,1,135,0
-7,5,9,1,135,0
1,-7,23,1,135,0
-4,2,34,1,135,0
4,-6,56,1,135,0
0,1,56,1,135,0
-2,0,59,1,135,0
-3,-4,65,1,135,0
1,2,66,1,135,0
6,7,72,1,135,0
6,-2,79,1,135,0
2,3,76,1,135,0
0,-4,84,1,135,0
3,4,87,1,135,0
4,5,96,1,135,0
8,-8,99,1,135,0
5,6,104,1,135,0
-5,3,109,1,135,0
7,-5,117,1,135,0
7,8,129,1,135,0
9,1,3,1,135,0
-7,6,11,1,135,0
1,-8,17,1,135,0
-3,2,39,1,135,0
-6,-4,46,1,135,0
-1,0,54,1,135,0
0,2,59,1,135,0
4,6,59,1,135,0
6,8,75,1,135,0
3,5,93,1,135,0
5,7,103,1,135,0
7,-6,114,1,135,0
1,3,114,1,135,0
-4,3,115,1,135,0
4,-7,129,1,135,0
8,0,135,1,135,0
6,-3,134,1,135,0
8,1,9,1,135,0
0,-6,14,1,135,0
-6,6,19,1,135,0
3,-5,35,1,135,0
-2,2,46,1,135,0
3,6,53,1,135,0
4,7,89,1,135,0
5,8,93,1,135,0
7,-7,94,1,135,0
6,-4,106,1,135,0
2,5,99,1,135,0
2,-2,99,1,135,0
1,4,117,1,135,0
-4,4,118,1,135,0
0,-7,14,1,135,0
7,1,19,1,135,0
-5,6,25,1,135,0
8,2,27,1,135,0
8,-1,35,1,135,0
2,6,47,1,135,0
-1,2,53,1,135,0
6,-5,54,1,135,0
-2,-4,71,1,135,0
5,-2,84,1,135,0
7,-8,98,1,135,0
2,-3,98,1,135,0
1,5,103,1,135,0
0,4,123,1,135,0
3,7,126,1,135,0
-3,4,126,1,135,0
6,0,133,1,135,0
-1,3,4,1,135,0
0,-8,7,1,135,0
-4,6,31,1,135,0
8,-2,121,1,135,0
1,6,41,1,135,0
-5,-4,53,1,135,0
6,-6,77,1,135,0
5,-3,96,1,135,0
3,8,123,1,135,0
8,3,128,1,135,0
5,0,128,1,135,0
2,7,134,1,135,0
-2,4,133,1,135,0
3,-7,134,1,135,0
7,2,134,1,135,0
6,1,134,1,135,0
-2,5,18,1,135,0
2,-5,29,1,135,0
-3,6,34,1,135,0
-8,-4,34,1,135,0
0,6,34,1,135,0
1,7,76,1,135,0
5,-4,98,1,135,0
6,-7,99,1,135,0
8,-3,119,1,135,0
4,-1,119,1,135,0
4,0,121,1,135,0
8,4,123,1,135,0
2,8,129,1,135,0
7,3,129,1,135,0
3,-8,133,1,135,0
-1,4,134,1,135,0
-2,6,19,1,135,0
7,-1,132,1,135,0
3,0,23,1,135,0
-3,7,41,1,135,0
8,5,46,1,135,0
5,-5,47,1,135,0
0,7,66,1,135,0
1,8,69,1,135,0
-1,-4,78,1,135,0
1,-3,92,1,135,0
6,-8,101,1,135,0
4,-2,113,1,135,0
7,4,121,1,135,0
8,-4,125,1,135,0
-1,6,28,1,136,0
2,-7,29,1,136,0
3,1,29,1,136,0
2,0,35,1,136,0
4,2,37,1,136,0
-3,8,44,1,136,0
5,3,47,1,136,0
7,-2,125,1,136,0
-2,7,52,1,136,0
6,4,58,1,136,0
-4,-4,59,1,136,0
0,8,68,1,136,0
5,-6,74,1,136,0
1,-4,86,1,136,0
4,-3,87,1,136,0
-5,0,92,1,136,0
8,6,99,1,136,0
7,5,114,1,136,0
8,-5,121,1,136,0
-7,3,13,1,136,0
3,-1,17,1,136,0
-6,2,21,1,136,0
1,-5,22,1,136,0
3,2,36,1,136,0
-7,-4,39,1,136,0
1,0,41,1,136,0
4,3,46,1,136,0
7,-3,114,1,136,0
5,4,55,1,136,0
-1,7,59,1,136,0
-4,0,89,1,136,0
-5,1,99,1,136,0
8,-6,111,1,136,0
6,5,112,1,136,0
5,-7,111,1,136,0
8,7,124,1,136,0
7,6,135,1,136,0
-7,4,6,1,136,0
6,-1,22,1,136,0
4,-5,41,1,136,0
0,0,48,1,136,0
-1,8,58,1,136,0
-3,0,66,1,136,0
2,2,71,1,136,0
3,3,79,1,136,0
4,4,86,1,136,0
5,5,104,1,136,0
-5,2,106,1,136,0
8,-7,107,1,136,0
3,-2,108,1,136,0
6,6,111,1,136,0
5,-8,118,1,136,0
8,8,123,1,136,0
7,-4,133,1,136,0
7,7,134,1,136,0
3,-3,1,1,136,0
-7,5,9,1,136,0
1,-7,23,1,136,0
-4,2,34,1,136,0
4,-6,56,1,136,0
0,1,56,1,136,0
-2,0,59,1,136,0
-3,-4,65,1,136,0
1,2,66,1,136,0
6,7,72,1,136,0
6,-2,79,1,136,0
2,3,76,1,136,0
0,-4,84,1,136,0
3,4,87,1,136,0
4,5,96,1,136,0
8,-8,99,1,136,0
5,6,104,1,136,0
-5,3,109,1,136,0
7,-5,117,1,136,0
7,8,129,1,136,0
9,1,3,1,136,0
-7,6,11,1,136,0
1,-8,17,1,136,0
-3,2,39,1,136,0
-6,-4,46,1,136,0
-1,0,54,1,136,0
0,2,59,1,136,0
4,6,59,1,136,0
6,8,75,1,136,0
3,5,93,1,136,0
5,7,103,1,136,0
7,-6,114,1,136,0
1,3,114,1,136,0
-4,3,115,1,136,0
4,-7,129,1,136,0
8,0,136,1,136,0
6,-3,135,1,136,0
8,1,9,1,136,0
0,-6,14,1,136,0
-6,6,19,1,136,0
3,-5,35,1,136,0
-2,2,46,1,136,0
3,6,53,1,136,0
4,7,89,1,136,0
5,8,93,1,136,0
7,-7,94,1,136,0
6,-4,106,1,136,0
2,5,99,1,136,0
2,-2,99,1,136,0
1,4,117,1,136,0
-4,4,118,1,136,0
0,-7,14,1,136,0
7,1,19,1,136,0
-5,6,25,1,136,0
8,2,27,1,136,0
8,-1,35,1,136,0
2,6,47,1,136,0
-1,2,53,1,136,0
6,-5,54,1,136,0
-2,-4,71,1,136,0
5,-2,84,1,136,0
7,-8,98,1,136,0
2,-3,98,1,136,0
1,5,103,1,136,0
3,7,126,1,136,0
-3,4,126,1,136,0
6,0,133,1,136,0
0,4,135,1,136,0
-1,3,4,1,136,0
0,-8,7,1,136,0
-4,6,31,1,136,0
8,-2,121,1,136,0
1,6,41,1,136,0
-5,-4,53,1,136,0
6,-6,77,1,136,0
5,-3,96,1,136,0
3,8,123,1,136,0
8,3,128,1,136,0
5,0,128,1,136,0
2,7,135,1,136,0
-2,4,134,1,136,0
3,-7,135,1,136,0
7,2,135,1,136,0
6,1,135,1,136,0
-2,5,18,1,136,0
2,-5,29,1,136,0
-3,6,34,1,136,0
-8,-4,34,1,136,0
0,6,34,1,136,0
1,7,76,1,136,0
5,-4,98,1,136,0
6,-7,99,1,136,0
8,-3,119,1,136,0
4,-1,119,1,136,0
4,0,121,1,136,0
8,4,123,1,136,0
2,8,129,1,136,0
7,3,129,1,136,0
3,-8,133,1,136,0
-1,4,134,1,136,0
-2,6,19,1,136,0
7,-1,132,1,136,0
3,0,23,1,136,0
-3,7,41,1,136,0
8,5,46,1,136,0
5,-5,47,1,136,0
0,7,66,1,136,0
1,8,69,1,136,0
-1,-4,78,1,136,0
1,-3,92,1,136,0
6,-8,101,1,136,0
4,-2,113,1,136,0
7,4,121,1,136,0
8,-4,125,1,136,0
-1,6,28,1,137,0
2,-7,29,1,137,0
3,1,29,1,137,0
2,0,35,1,137,0
4,2,37,1,137,0
-3,8,44,1,137,0
5,3,47,1,137,0
7,-2,125,1,137,0
-2,7,52,1,137,0
6,4,58,1,137,0
-4,-4,59,1,137,0
0,8,68,1,137,0
5,-6,74,1,137,0
1,-4,86,1,137,0
4,-3,87,1,137,0
-5,0,92,1,137,0
8,6,99,1,137,0
7,5,114,1,137,0
8,-5,121,1,137,0
-7,3,13,1,137,0
3,-1,17,1,137,0
-6,2,21,1,137,0
1,-5,22,1,137,0
3,2,36,1,137,0
-7,-4,39,1,137,0
1,0,41,1,137,0
4,3,46,1,137,0
7,-3,114,1,137,0
5,4,55,1,137,0
-1,7,59,1,137,0
-4,0,89,1,137,0
-5,1,99,1,137,0
8,-6,111,1,137,0
6,5,112,1,137,0
5,-7,111,1,137,0
8,7,124,1,137,0
7,6,135,1,137,0
-7,4,6,1,137,0
6,-1,22,1,137,0
4,-5,41,1,137,0
0,0,48,1,137,0
-1,8,58,1,137,0
-3,0,66,1,137,0
2,2,71,1,137,0
3,3,79,1,137,0
4,4,86,1,137,0
5,5,104,1,137,0
-5,2,106,1,137,0
8,-7,107,1,137,0
3,-2,108,1,137,0
6,6,111,1,137,0
5,-8,118,1,137,0
8,8,123,1,137,0
7,-4,133,1,137,0
7,7,135,1,137,0
3,-3,1,1,137,0
-7,5,9,1,137,0
1,-7,23,1,137,0
-4,2,34,1,137,0
4,-6,56,1,137,0
0,1,56,1,137,0
-2,0,59,1,137,0
-3,-4,65,1,137,0
1,2,66,1,137,0
6,-2,79,1,137,0
2,3,76,1,137,0
0,-4,84,1,137,0
3,4,87,1,137,0
4,5,96,1,137,0
8,-8,99,1,137,0
5,6,104,1,137,0
-5,3,109,1,137,0
7,-5,117,1,137,0
7,8,129,1,137,0
6,7,136,1,137,0
9,1,3,1,137,0
-7,6,11,1,137,0
1,-8,17,1,137,0
-3,2,39,1,137,0
-6,-4,46,1,137,0
-1,0,54,1,137,0
0,2,59,1,137,0
4,6,59,1,137,0
6,8,75,1,137,0
3,5,93,1,137,0
5,7,103,1,137,0
7,-6,114,1,137,0
1,3,114,1,137,0
-4,3,115,1,137,0
4,-7,129,1,137,0
8,0,136,1,137,0
6,-3,136,1,137,0
8,1,9,1,137,0
0,-6,14,1,137,0
-6,6,19,1,137,0
3,-5,35,1,137,0
-2,2,46,1,137,0
3,6,53,1,137,0
4,7,89,1,137,0
5,8,93,1,137,0
7,-7,94,1,137,0
6,-4,106,1,137,0
2,5,99,1,137,0
2,-2,99,1,137,0
1,4,117,1,137,0
-4,4,118,1,137,0
7,0,137,1,137,0
0,-7,14,1,137,0
7,1,19,1,137,0
-5,6,25,1,137,0
8,2,27,1,137,0
8,-1,35,1,137,0
2,6,47,1,137,0
-1,2,53,1,137,0
6,-5,54,1,137,0
-2,-4,71,1,137,0
5,-2,84,1,137,0
7,-8,98,1,137,0
2,-3,98,1,137,0
1,5,103,1,137,0
3,7,126,1,137,0
-3,4,126,1,137,0
6,0,133,1,137,0
-2,3,135,1,137,0
0,4,136,1,137,0
-1,3,4,1,137,0
0,-8,7,1,137,0
-4,6,31,1,137,0
8,-2,121,1,137,0
1,6,41,1,137,0
-5,-4,53,1,137,0
6,-6,77,1,137,0
5,-3,96,1,137,0
3,8,123,1,137,0
8,3,128,1,137,0
5,0,128,1,137,0
-2,4,134,1,137,0
2,7,136,1,137,0
3,-7,136,1,137,0
7,2,136,1,137,0
6,1,136,1,137,0
-2,5,18,1,137,0
2,-5,29,1,137,0
-3,6,34,1,137,0
-8,-4,34,1,137,0
0,6,34,1,137,0
1,7,76,1,137,0
5,-4,98,1,137,0
6,-7,99,1,137,0
8,-3,119,1,137,0
4,-1,119,1,137,0
4,0,121,1,137,0
8,4,123,1,137,0
2,8,129,1,137,0
7,3,129,1,137,0
3,-8,133,1,137,0
-1,4,134,1,137,0
-2,6,19,1,137,0
7,-1,132,1,137,0
3,0,23,1,137,0
-3,7,41,1,137,0
8,5,46,1,137,0
5,-5,47,1,137,0
0,7,66,1,137,0
1,8,69,1,137,0
-1,-4,78,1,137,0
1,-3,92,1,137,0
6,-8,101,1,137,0
4,-2,113,1,137,0
7,4,121,1,137,0
8,-4,125,1,137,0
-1,6,28,1,138,0
2,-7,29,1,138,0
3,1,29,1,138,0
2,0,35,1,138,0
4,2,37,1,138,0
-3,8,44,1,138,0
5,3,47,1,138,0
7,-2,125,1,138,0
-2,7,52,1,138,0
6,4,58,1,138,0
-4,-4,59,1,138,0
0,8,68,1,138,0
5,-6,74,1,138,0
1,-4,86,1,138,0
4,-3,87,1,138,0
-5,0,92,1,138,0
7,5,114,1,138,0
8,-5,121,1,138,0
8,6,136,1,138,0
-7,3,13,1,138,0
3,-1,17,1,138,0
-6,2,21,1,138,0
1,-5,22,1,138,0
3,2,36,1,138,0
-7,-4,39,1,138,0
1,0,41,1,138,0
4,3,46,1,138,0
7,-3,114,1,138,0
5,4,55,1,138,0
-1,7,59,1,138,0
-4,0,89,1,138,0
-5,1,99,1,138,0
8,-6,111,1,138,0
6,5,112,1,138,0
5,-7,111,1,138,0
8,7,124,1,138,0
7,6,135,1,138,0
-7,4,6,1,138,0
6,-1,22,1,138,0
4,-5,41,1,138,0
0,0,48,1,138,0
-1,8,58,1,138,0
-3,0,66,1,138,0
2,2,71,1,138,0
3,3,79,1,138,0
4,4,86,1,138,0
5,5,104,1,138,0
-5,2,106,1,138,0
8,-7,107,1,138,0
3,-2,108,1,138,0
6,6,111,1,138,0
5,-8,118,1,138,0
8,8,123,1,138,0
7,-4,133,1,138,0
7,7,135,1,138,0
3,-3,1,1,138,0
-7,5,9,1,138,0
1,-7,23,1,138,0
-4,2,34,1,138,0
4,-6,56,1,138,0
0,1,56,1,138,0
-2,0,59,1,138,0
-3,-4,65,1,138,0
1,2,66,1,138,0
6,-2,79,1,138,0
2,3,76,1,138,0
0,-4,84,1,138,0
3,4,87,1,138,0
4,5,96,1,138,0
8,-8,99,1,138,0
5,6,104,1,138,0
-5,3,109,1,138,0
7,-5,117,1,138,0
7,8,129,1,138,0
6,7,137,1,138,0
9,1,3,1,138,0
-7,6,11,1,138,0
1,-8,17,1,138,0
-3,2,39,1,138,0
-6,-4,46,1,138,0
-1,0,54,1,138,0
0,2,59,1,138,0
4,6,59,1,138,0
6,8,75,1,138,0
3,5,93,1,138,0
5,7,103,1,138,0
7,-6,114,1,138,0
1,3,114,1,138,0
-4,3,115,1,138,0
4,-7,129,1,138,0
8,0,136,1,138,0
6,-3,137,1,138,0
8,1,9,1,138,0
0,-6,14,1,138,0
-6,6,19,1,138,0
3,-5,35,1,138,0
-2,2,46,1,138,0
3,6,53,1,138,0
4,7,89,1,138,0
5,8,93,1,138,0
7,-7,94,1,138,0
6,-4,106,1,138,0
2,5,99,1,138,0
2,-2,99,1,138,0
1,4,117,1,138,0
-4,4,118,1,138,0
7,0,138,1,138,0
0,-7,14,1,138,0
-5,6,25,1,138,0
8,2,27,1,138,0
8,-1,35,1,138,0
-1,2,53,1,138,0
6,-5,54,1,138,0
-2,-4,71,1,138,0
5,-2,84,1,138,0
7,-8,98,1,138,0
2,-3,98,1,138,0
1,5,103,1,138,0
3,7,126,1,138,0
-3,4,126,1,138,0
6,0,133,1,138,0
0,4,136,1,138,0
2,6,137,1,138,0
-2,3,136,1,138,0
7,1,137,1,138,0
-1,3,4,1,138,0
0,-8,7,1,138,0
-4,6,31,1,138,0
8,-2,121,1,138,0
1,6,41,1,138,0
-5,-4,53,1,138,0
6,-6,77,1,138,0
5,-3,96,1,138,0
3,8,123,1,138,0
8,3,128,1,138,0
5,0,128,1,138,0
-2,4,134,1,138,0
2,7,136,1,138,0
7,2,136,1,138,0
3,-7,137,1,138,0
6,1,137,1,138,0
-2,5,18,1,138,0
2,-5,29,1,138,0
-3,6,34,1,138,0
-8,-4,34,1,138,0
0,6,34,1,138,0
1,7,76,1,138,0
5,-4,98,1,138,0
6,-7,99,1,138,0
8,-3,119,1,138,0
4,-1,119,1,138,0
4,0,121,1,138,0
8,4,123,1,138,0
2,8,129,1,138,0
7,3,129,1,138,0
3,-8,133,1,138,0
-1,4,134,1,138,0
-2,6,19,1,138,0
7,-1,132,1,138,0
3,0,23,1,138,0
-3,7,41,1,138,0
8,5,46,1,138,0
5,-5,47,1,138,0
0,7,66,1,138,0
1,8,69,1,138,0
-1,-4,78,1,138,0
1,-3,92,1,138,0
6,-8,101,1,138,0
4,-2,113,1,138,0
7,4,121,1,138,0
8,-4,125,1,138,0
-1,6,28,1,139,0
2,-7,29,1,139,0
3,1,29,1,139,0
2,0,35,1,139,0
4,2,37,1,139,0
-3,8,44,1,139,0
5,3,47,1,139,0
7,-2,125,1,139,0
-2,7,52,1,139,0
6,4,58,1,139,0
-4,-4,59,1,139,0
0,8,68,1,139,0
5,-6,74,1,139,0
1,-4,86,1,139,0
4,-3,87,1,139,0
-5,0,92,1,139,0
7,5,114,1,139,0
8,-5,121,1,139,0
8,6,138,1,139,0
-7,3,13,1,139,0
3,-1,17,1,139,0
-6,2,21,1,139,0
1,-5,22,1,139,0
3,2,36,1,139,0
-7,-4,39,1,139,0
1,0,41,1,139,0
4,3,46,1,139,0
7,-3,114,1,139,0
5,4,55,1,139,0
-1,7,59,1,139,0
-4,0,89,1,139,0
-5,1,99,1,139,0
8,-6,111,1,139,0
6,5,112,1,139,0
5,-7,111,1,139,0
8,7,124,1,139,0
7,6,135,1,139,0
-7,4,6,1,139,0
6,-1,22,1,139,0
4,-5,41,1,139,0
0,0,48,1,139,0
-1,8,58,1,139,0
-3,0,66,1,139,0
2,2,71,1,139,0
3,3,79,1,139,0
4,4,86,1,139,0
5,5,104,1,139,0
-5,2,106,1,139,0
8,-7,107,1,139,0
3,-2,108,1,139,0
6,6,111,1,139,0
5,-8,118,1,139,0
8,8,123,1,139,0
7,-4,133,1,139,0
7,7,135,1,139,0
3,-3,1,1,139,0
-7,5,9,1,139,0
1,-7,23,1,139,0
-4,2,34,1,139,0
4,-6,56,1,139,0
0,1,56,1,139,0
-2,0,59,1,139,0
-3,-4,65,1,139,0
1,2,66,1,139,0
6,-2,79,1,139,0
2,3,76,1,139,0
0,-4,84,1,139,0
3,4,87,1,139,0
4,5,96,1,139,0
8,-8,99,1,139,0
5,6,104,1,139,0
-5,3,109,1,139,0
7,-5,117,1,139,0
7,8,129,1,139,0
6,7,137,1,139,0
9,1,3,1,139,0
-7,6,11,1,139,0
1,-8,17,1,139,0
-3,2,39,1,139,0
-6,-4,46,1,139,0
-1,0,54,1,139,0
0,2,59,1,139,0
4,6,59,1,139,0
3,5,93,1,139,0
5,7,103,1,139,0
7,-6,114,1,139,0
1,3,114,1,139,0
-4,3,115,1,139,0
4,-7,129,1,139,0
8,0,136,1,139,0
6,-3,138,1,139,0
6,8,138,1,139,0
8,1,9,1,139,0
0,-6,14,1,139,0
-6,6,19,1,139,0
3,-5,35,1,139,0
-2,2,46,1,139,0
3,6,53,1,139,0
4,7,89,1,139,0
5,8,93,1,139,0
7,-7,94,1,139,0
6,-4,106,1,139,0
2,5,99,1,139,0
2,-2,99,1,139,0
1,4,117,1,139,0
-4,4,118,1,139,0
7,0,139,1,139,0
0,-7,14,1,139,0
-5,6,25,1,139,0
8,2,27,1,139,0
8,-1,35,1,139,0
-1,2,53,1,139,0
6,-5,54,1,139,0
-2,-4,71,1,139,0
5,-2,84,1,139,0
7,-8,98,1,139,0
2,-3,98,1,139,0
1,5,103,1,139,0
3,7,126,1,139,0
-3,4,126,1,139,0
6,0,133,1,139,0
2,6,138,1,139,0
-2,3,137,1,139,0
0,4,137,1,139,0
7,1,138,1,139,0
-1,3,4,1,139,0
0,-8,7,1,139,0
-4,6,31,1,139,0
8,-2,121,1,139,0
1,6,41,1,139,0
-5,-4,53,1,139,0
6,-6,77,1,139,0
5,-3,96,1,139,0
3,8,123,1,139,0
8,3,128,1,139,0
5,0,128,1,139,0
-2,4,134,1,139,0
2,7,136,1,139,0
7,2,136,1,139,0
3,-7,138,1,139,0
6,1,138,1,139,0
-2,5,18,1,139,0
2,-5,29,1,139,0
-3,6,34,1,139,0
-8,-4,34,1,139,0
0,6,34,1,139,0
1,7,76,1,139,0
5,-4,98,1,139,0
6,-7,99,1,139,0
8,-3,119,1,139,0
4,-1,119,1,139,0
4,0,121,1,139,0
8,4,123,1,139,0
2,8,129,1,139,0
7,3,129,1,139,0
3,-8,133,1,139,0
-1,4,138,1,139,0
-2,6,19,1,139,0
7,-1,132,1,139,0
3,0,23,1,139,0
-3,7,41,1,139,0
8,5,46,1,139,0
5,-5,47,1,139,0
0,7,66,1,139,0
1,8,69,1,139,0
-1,-4,78,1,139,0
1,-3,92,1,139,0
6,-8,101,1,139,0
4,-2,113,1,139,0
7,4,121,1,139,0
8,-4,125,1,139,0
-1,6,28,1,140,0
2,-7,29,1,140,0
3,1,29,1,140,0
2,0,35,1,140,0
4,2,37,1,140,0
-3,8,44,1,140,0
5,3,47,1,140,0
7,-2,125,1,140,0
-2,7,52,1,140,0
6,4,58,1,140,0
-4,-4,59,1,140,0
0,8,68,1,140,0
5,-6,74,1,140,0
1,-4,86,1,140,0
4,-3,87,1,140,0
-5,0,92,1,140,0
7,5,114,1,140,0
8,-5,121,1,140,0
8,6,138,1,140,0
-7,3,13,1,140,0
3,-1,17,1,140,0
-6,2,21,1,140,0
1,-5,22,1,140,0
3,2,36,1,140,0
-7,-4,39,1,140,0
1,0,41,1,140,0
4,3,46,1,140,0
7,-3,114,1,140,0
5,4,55,1,140,0
-1,7,59,1,140,0
-4,0,89,1,140,0
-5,1,99,1,140,0
8,-6,111,1,140,0
6,5,112,1,140,0
5,-7,111,1,140,0
8,7,124,1,140,0
7,6,135,1,140,0
-7,4,6,1,140,0
6,-1,22,1,140,0
4,-5,41,1,140,0
0,0,48,1,140,0
-1,8,58,1,140,0
-3,0,66,1,140,0
2,2,71,1,140,0
3,3,79,1,140,0
4,4,86,1,140,0
5,5,104,1,140,0
-5,2,106,1,140,0
8,-7,107,1,140,0
3,-2,108,1,140,0
6,6,111,1,140,0
5,-8,118,1,140,0
8,8,123,1,140,0
7,-4,133,1,140,0
7,7,135,1,140,0
3,-3,1,1,140,0
-7,5,9,1,140,0
1,-7,23,1,140,0
-4,2,34,1,140,0
4,-6,56,1,140,0
0,1,56,1,140,0
-2,0,59,1,140,0
-3,-4,65,1,140,0
1,2,66,1,140,0
6,-2,79,1,140,0
2,3,76,1,140,0
0,-4,84,1,140,0
3,4,87,1,140,0
4,5,96,1,140,0
8,-8,99,1,140,0
5,6,104,1,140,0
-5,3,109,1,140,0
7,-5,117,1,140,0
7,8,129,1,140,0
6,7,137,1,140,0
9,1,3,1,140,0
-7,6,11,1,140,0
1,-8,17,1,140,0
-3,2,39,1,140,0
-6,-4,46,1,140,0
-1,0,54,1,140,0
0,2,59,1,140,0
4,6,59,1,140,0
3,5,93,1,140,0
5,7,103,1,140,0
7,-6,114,1,140,0
1,3,114,1,140,0
-4,3,115,1,140,0
4,-7,129,1,140,0
8,0,136,1,140,0
6,-3,139,1,140,0
6,8,139,1,140,0
8,1,9,1,140,0
0,-6,14,1,140,0
-6,6,19,1,140,0
3,-5,35,1,140,0
-2,2,46,1,140,0
3,6,53,1,140,0
4,7,89,1,140,0
5,8,93,1,140,0
7,-7,94,1,140,0
6,-4,106,1,140,0
2,5,99,1,140,0
2,-2,99,1,140,0
1,4,117,1,140,0
-4,4,118,1,140,0
7,0,139,1,140,0
0,-7,14,1,140,0
-5,6,25,1,140,0
8,2,27,1,140,0
8,-1,35,1,140,0
-1,2,53,1,140,0
6,-5,54,1,140,0
-2,-4,71,1,140,0
5,-2,84,1,140,0
7,-8,98,1,140,0
2,-3,98,1,140,0
1,5,103,1,140,0
3,7,126,1,140,0
-3,4,126,1,140,0
6,0,133,1,140,0
0,4,137,1,140,0
2,6,139,1,140,0
-2,3,138,1,140,0
7,1,139,1,140,0
-1,3,4,1,140,0
0,-8,7,1,140,0
-4,6,31,1,140,0
8,-2,121,1,140,0
1,6,41,1,140,0
-5,-4,53,1,140,0
6,-6,77,1,140,0
5,-3,96,1,140,0
3,8,123,1,140,0
8,3,128,1,140,0
5,0,128,1,140,0
-2,4,134,1,140,0
2,7,136,1,140,0
7,2,136,1,140,0
3,-7,139,1,140,0
6,1,139,1,140,0
-2,5,18,1,140,0
2,-5,29,1,140,0
-3,6,34,1,140,0
-8,-4,34,1,140,0
0,6,34,1,140,0
1,7,76,1,140,0
5,-4,98,1,140,0
6,-7,99,1,140,0
8,-3,119,1,140,0
4,-1,119,1,140,0
4,0,121,1,140,0
8,4,123,1,140,0
2,8,129,1,140,0
7,3,129,1,140,0
3,-8,133,1,140,0
-1,4,139,1,140,0
-2,6,19,1,140,0
7,-1,132,1,140,0
3,0,23,1,140,0
-3,7,41,1,140,0
8,5,46,1,140,0
5,-5,47,1,140,0
0,7,66,1,140,0
1,8,69,1,140,0
-1,-4,78,1,140,0
1,-3,92,1,140,0
6,-8,101,1,140,0
4,-2,113,1,140,0
7,4,121,1,140,0
8,-4,125,1,140,0
-1,6,28,1,141,0
2,-7,29,1,141,0
3,1,29,1,141,0
2,0,35,1,141,0
4,2,37,1,141,0
-3,8,44,1,141,0
5,3,47,1,141,0
7,-2,125,1,141,0
-2,7,52,1,141,0
6,4,58,1,141,0
-4,-4,59,1,141,0
0,8,68,1,141,0
5,-6,74,1,141,0
1,-4,86,1,141,0
4,-3,87,1,141,0
-5,0,92,1,141,0
7,5,114,1,141,0
8,-5,121,1,141,0
8,6,139,1,141,0
-7,3,13,1,141,0
3,-1,17,1,141,0
-6,2,21,1,141,0
1,-5,22,1,141,0
3,2,36,1,141,0
-7,-4,39,1,141,0
1,0,41,1,141,0
4,3,46,1,141,0
7,-3,114,1,141,0
5,4,55,1,141,0
-1,7,59,1,141,0
-4,0,89,1,141,0
-5,1,99,1,141,0
8,-6,111,1,141,0
6,5,112,1,141,0
5,-7,111,1,141,0
8,7,124,1,141,0
7,6,135,1,141,0
-7,4,6,1,141,0
6,-1,22,1,141,0
4,-5,41,1,141,0
0,0,48,1,141,0
-1,8,58,1,141,0
-3,0,66,1,141,0
2,2,71,1,141,0
3,3,79,1,141,0
4,4,86,1,141,0
5,5,104,1,141,0
-5,2,106,1,141,0
8,-7,107,1,141,0
3,-2,108,1,141,0
6,6,111,1,141,0
5,-8,118,1,141,0
8,8,123,1,141,0
7,-4,133,1,141,0
7,7,135,1,141,0
3,-3,1,1,141,0
-7,5,9,1,141,0
1,-7,23,1,141,0
-4,2,34,1,141,0
4,-6,56,1,141,0
0,1,56,1,141,0
-2,0,59,1,141,0
-3,-4,65,1,141,0
1,2,66,1,141,0
6,-2,79,1,141,0
2,3,76,1,141,0
0,-4,84,1,141,0
3,4,87,1,141,0
4,5,96,1,141,0
8,-8,99,1,141,0
5,6,104,1,141,0
-5,3,109,1,141,0
7,-5,117,1,141,0
7,8,129,1,141,0
6,7,137,1,141,0
9,1,3,1,141,0
-7,6,11,1,141,0
1,-8,17,1,141,0
-3,2,39,1,141,0
-6,-4,46,1,141,0
-1,0,54,1,141,0
0,2,59,1,141,0
4,6,59,1,141,0
3,5,93,1,141,0
5,7,103,1,141,0
7,-6,114,1,141,0
1,3,114,1,141,0
-4,3,115,1,141,0
4,-7,129,1,141,0
8,0,141,1,141,0
6,-3,139,1,141,0
6,8,139,1,141,0
8,1,9,1,141,0
0,-6,14,1,141,0
-6,6,19,1,141,0
3,-5,35,1,141,0
-2,2,46,1,141,0
3,6,53,1,141,0
4,7,89,1,141,0
5,8,93,1,141,0
7,-7,94,1,141,0
6,-4,106,1,141,0
2,5,99,1,141,0
2,-2,99,1,141,0
1,4,117,1,141,0
-4,4,118,1,141,0
7,0,139,1,141,0
0,-7,14,1,141,0
-5,6,25,1,141,0
8,2,27,1,141,0
8,-1,35,1,141,0
-1,2,53,1,141,0
6,-5,54,1,141,0
-2,-4,71,1,141,0
5,-2,84,1,141,0
7,-8,98,1,141,0
2,-3,98,1,141,0
1,5,103,1,141,0
3,7,126,1,141,0
-3,4,126,1,141,0
6,0,133,1,141,0
0,4,137,1,141,0
2,6,139,1,141,0
7,1,139,1,141,0
-2,3,139,1,141,0
-1,3,4,1,141,0
0,-8,7,1,141,0
-4,6,31,1,141,0
8,-2,121,1,141,0
1,6,41,1,141,0
-5,-4,53,1,141,0
6,-6,77,1,141,0
5,-3,96,1,141,0
3,8,123,1,141,0
8,3,128,1,141,0
5,0,128,1,141,0
-2,4,134,1,141,0
2,7,136,1,141,0
7,2,136,1,141,0
3,-7,139,1,141,0
6,1,139,1,141,0
-2,5,18,1,141,0
2,-5,29,1,141,0
-3,6,34,1,141,0
-8,-4,34,1,141,0
0,6,34,1,141,0
1,7,76,1,141,0
5,-4,98,1,141,0
6,-7,99,1,141,0
8,-3,119,1,141,0
4,-1,119,1,141,0
4,0,121,1,141,0
8,4,123,1,141,0
2,8,129,1,141,0
7,3,129,1,141,0
3,-8,133,1,141,0
-1,4,139,1,141,0
-2,6,19,1,141,0
7,-1,132,1,141,0
3,0,23,1,141,0
-3,7,41,1,141,0
8,5,46,1,141,0
5,-5,47,1,141,0
0,7,66,1,141,0
1,8,69,1,141,0
-1,-4,78,1,141,0
1,-3,92,1,141,0
6,-8,101,1,141,0
4,-2,113,1,141,0
7,4,121,1,141,0
8,-4,125,1,141,0
-1,6,28,1,142,0
2,-7,29,1,142,0
3,1,29,1,142,0
2,0,35,1,142,0
4,2,37,1,142,0
-3,8,44,1,142,0
5,3,47,1,142,0
7,-2,125,1,142,0
-2,7,52,1,142,0
6,4,58,1,142,0
-4,-4,59,1,142,0
0,8,68,1,142,0
5,-6,74,1,142,0
1,-4,86,1,142,0
4,-3,87,1,142,0
-5,0,92,1,142,0
7,5,114,1,142,0
8,-5,121,1,142,0
8,6,141,1,142,0
-7,3,13,1,142,0
3,-1,17,1,142,0
-6,2,21,1,142,0
1,-5,22,1,142,0
3,2,36,1,142,0
-7,-4,39,1,142,0
1,0,41,1,142,0
4,3,46,1,142,0
7,-3,114,1,142,0
5,4,55,1,142,0
-1,7,59,1,142,0
-4,0,89,1,142,0
-5,1,99,1,142,0
8,-6,111,1,142,0
6,5,112,1,142,0
5,-7,111,1,142,0
8,7,124,1,142,0
7,6,135,1,142,0
-7,4,6,1,142,0
6,-1,22,1,142,0
4,-5,41,1,142,0
0,0,48,1,142,0
-1,8,58,1,142,0
-3,0,66,1,142,0
2,2,71,1,142,0
3,3,79,1,142,0
4,4,86,1,142,0
5,5,104,1,142,0
-5,2,106,1,142,0
8,-7,107,1,142,0
3,-2,108,1,142,0
6,6,111,1,142,0
5,-8,118,1,142,0
8,8,123,1,142,0
7,-4,133,1,142,0
7,7,135,1,142,0
3,-3,1,1,142,0
-7,5,9,1,142,0
1,-7,23,1,142,0
-4,2,34,1,142,0
4,-6,56,1,142,0
0,1,56,1,142,0
-2,0,59,1,142,0
-3,-4,65,1,142,0
1,2,66,1,142,0
6,-2,79,1,142,0
2,3,76,1,142,0
0,-4,84,1,142,0
3,4,87,1,142,0
4,5,96,1,142,0
8,-8,99,1,142,0
5,6,104,1,142,0
-5,3,109,1,142,0
7,-5,117,1,142,0
7,8,129,1,142,0
6,7,141,1,142,0
9,1,3,1,142,0
-7,6,11,1,142,0
1,-8,17,1,142,0
-3,2,39,1,142,0
-6,-4,46,1,142,0
-1,0,54,1,142,0
0,2,59,1,142,0
4,6,59,1,142,0
3,5,93,1,142,0
5,7,103,1,142,0
7,-6,114,1,142,0
1,3,114,1,142,0
-4,3,115,1,142,0
4,-7,129,1,142,0
8,0,142,1,142,0
6,8,139,1,142,0
6,-3,141,1,142,0
8,1,9,1,142,0
0,-6,14,1,142,0
-6,6,19,1,142,0
3,-5,35,1,142,0
-2,2,46,1,142,0
3,6,53,1,142,0
4,7,89,1,142,0
5,8,93,1,142,0
7,-7,94,1,142,0
6,-4,106,1,142,0
2,5,99,1,142,0
2,-2,99,1,142,0
1,4,117,1,142,0
-4,4,118,1,142,0
7,0,139,1,142,0
0,-7,14,1,142,0
-5,6,25,1,142,0
8,-1,35,1,142,0
-1,2,53,1,142,0
6,-5,54,1,142,0
-2,-4,71,1,142,0
5,-2,84,1,142,0
7,-8,98,1,142,0
2,-3,98,1,142,0
1,5,103,1,142,0
3,7,126,1,142,0
-3,4,126,1,142,0
6,0,133,1,142,0
0,4,137,1,142,0
2,6,139,1,142,0
7,1,139,1,142,0
8,2,141,1,142,0
-2,3,141,1,142,0
-1,3,4,1,142,0
0,-8,7,1,142,0
-4,6,31,1,142,0
8,-2,121,1,142,0
1,6,41,1,142,0
-5,-4,53,1,142,0
6,-6,77,1,142,0
5,-3,96,1,142,0
3,8,123,1,142,0
8,3,128,1,142,0
5,0,128,1,142,0
-2,4,134,1,142,0
2,7,136,1,142,0
7,2,136,1,142,0
6,1,139,1,142,0
3,-7,141,1,142,0
-2,5,18,1,142,0
2,-5,29,1,142,0
-3,6,34,1,142,0
-8,-4,34,1,142,0
0,6,34,1,142,0
1,7,76,1,142,0
5,-4,98,1,142,0
6,-7,99,1,142,0
8,-3,119,1,142,0
4,-1,119,1,142,0
4,0,121,1,142,0
8,4,123,1,142,0
2,8,129,1,142,0
7,3,129,1,142,0
3,-8,133,1,142,0
-1,4,141,1,142,0
6,2,141,1,142,0
-2,6,19,1,142,0
7,-1,132,1,142,0
3,0,23,1,142,0
-3,7,41,1,142,0
8,5,46,1,142,0
5,-5,47,1,142,0
0,7,66,1,142,0
1,8,69,1,142,0
-1,-4,78,1,142,0
1,-3,92,1,142,0
6,-8,101,1,142,0
4,-2,113,1,142,0
7,4,121,1,142,0
8,-4,125,1,142,0
-1,6,28,1,143,0
2,-7,29,1,143,0
3,1,29,1,143,0
2,0,35,1,143,0
4,2,37,1,143,0
-3,8,44,1,143,0
5,3,47,1,143,0
7,-2,125,1,143,0
-2,7,52,1,143,0
6,4,58,1,143,0
-4,-4,59,1,143,0
0,8,68,1,143,0
5,-6,74,1,143,0
1,-4,86,1,143,0
4,-3,87,1,143,0
-5,0,92,1,143,0
7,5,114,1,143,0
8,-5,121,1,143,0
8,6,142,1,143,0
-7,3,13,1,143,0
3,-1,17,1,143,0
-6,2,21,1,143,0
1,-5,22,1,143,0
3,2,36,1,143,0
-7,-4,39,1,143,0
1,0,41,1,143,0
4,3,46,1,143,0
7,-3,114,1,143,0
5,4,55,1,143,0
-1,7,59,1,143,0
-4,0,89,1,143,0
-5,1,99,1,143,0
8,-6,111,1,143,0
6,5,112,1,143,0
5,-7,111,1,143,0
8,7,124,1,143,0
7,6,135,1,143,0
-7,4,6,1,143,0
6,-1,22,1,143,0
4,-5,41,1,143,0
0,0,48,1,143,0
-1,8,58,1,143,0
-3,0,66,1,143,0
2,2,71,1,143,0
3,3,79,1,143,0
4,4,86,1,143,0
5,5,104,1,143,0
-5,2,106,1,143,0
8,-7,107,1,143,0
3,-2,108,1,143,0
6,6,111,1,143,0
5,-8,118,1,143,0
8,8,123,1,143,0
7,-4,133,1,143,0
7,7,135,1,143,0
3,-3,1,1,143,0
-7,5,9,1,143,0
1,-7,23,1,143,0
-4,2,34,1,143,0
4,-6,56,1,143,0
0,1,56,1,143,0
-2,0,59,1,143,0
-3,-4,65,1,143,0
1,2,66,1,143,0
2,3,76,1,143,0
0,-4,84,1,143,0
3,4,87,1,143,0
4,5,96,1,143,0
8,-8,99,1,143,0
5,6,104,1,143,0
-5,3,109,1,143,0
7,-5,117,1,143,0
7,8,129,1,143,0
6,-2,142,1,143,0
6,7,142,1,143,0
9,1,3,1,143,0
-7,6,11,1,143,0
1,-8,17,1,143,0
-3,2,39,1,143,0
-6,-4,46,1,143,0
-1,0,54,1,143,0
0,2,59,1,143,0
4,6,59,1,143,0
3,5,93,1,143,0
5,7,103,1,143,0
7,-6,114,1,143,0
1,3,114,1,143,0
-4,3,115,1,143,0
4,-7,129,1,143,0
8,0,143,1,143,0
6,8,139,1,143,0
6,-3,141,1,143,0
8,1,9,1,143,0
0,-6,14,1,143,0
-6,6,19,1,143,0
3,-5,35,1,143,0
3,6,53,1,143,0
4,7,89,1,143,0
5,8,93,1,143,0
7,-7,94,1,143,0
6,-4,106,1,143,0
2,5,99,1,143,0
2,-2,99,1,143,0
1,4,117,1,143,0
-4,4,118,1,143,0
7,0,139,1,143,0
-2,2,142,1,143,0
0,-7,14,1,143,0
-5,6,25,1,143,0
8,-1,35,1,143,0
-1,2,53,1,143,0
6,-5,54,1,143,0
-2,-4,71,1,143,0
5,-2,84,1,143,0
7,-8,98,1,143,0
2,-3,98,1,143,0
1,5,103,1,143,0
3,7,126,1,143,0
-3,4,126,1,143,0
6,0,133,1,143,0
7,1,139,1,143,0
-2,3,141,1,143,0
3,-6,142,1,143,0
2,6,141,1,143,0
8,2,142,1,143,0
0,4,142,1,143,0
-1,3,4,1,143,0
0,-8,7,1,143,0
-4,6,31,1,143,0
8,-2,121,1,143,0
1,6,41,1,143,0
-5,-4,53,1,143,0
6,-6,77,1,143,0
5,-3,96,1,143,0
3,8,123,1,143,0
8,3,128,1,143,0
5,0,128,1,143,0
-2,4,134,1,143,0
2,7,136,1,143,0
7,2,136,1,143,0
6,1,139,1,143,0
3,-7,141,1,143,0
-2,5,18,1,143,0
2,-5,29,1,143,0
-3,6,34,1,143,0
-8,-4,34,1,143,0
0,6,34,1,143,0
1,7,76,1,143,0
5,-4,98,1,143,0
6,-7,99,1,143,0
8,-3,119,1,143,0
4,-1,119,1,143,0
4,0,121,1,143,0
8,4,123,1,143,0
2,8,129,1,143,0
7,3,129,1,143,0
3,-8,133,1,143,0
-1,4,141,1,143,0
6,2,142,1,143,0
-2,6,19,1,143,0
7,-1,132,1,143,0
3,0,23,1,143,0
-3,7,41,1,143,0
8,5,46,1,143,0
5,-5,47,1,143,0
0,7,66,1,143,0
1,8,69,1,143,0
-1,-4,78,1,143,0
1,-3,92,1,143,0
6,-8,101,1,143,0
4,-2,113,1,143,0
7,4,121,1,143,0
8,-4,125,1,143,0
-1,6,28,1,144,0
2,-7,29,1,144,0
3,1,29,1,144,0
2,0,35,1,144,0
4,2,37,1,144,0
-3,8,44,1,144,0
5,3,47,1,144,0
7,-2,125,1,144,0
-2,7,52,1,144,0
6,4,58,1,144,0
-4,-4,59,1,144,0
0,8,68,1,144,0
5,-6,74,1,144,0
1,-4,86,1,144,0
4,-3,87,1,144,0
-5,0,92,1,144,0
7,5,114,1,144,0
8,-5,121,1,144,0
8,6,142,1,144,0
-7,3,13,1,144,0
3,-1,17,1,144,0
-6,2,21,1,144,0
1,-5,22,1,144,0
3,2,36,1,144,0
-7,-4,39,1,144,0
1,0,41,1,144,0
4,3,46,1,144,0
7,-3,114,1,144,0
5,4,55,1,144,0
-1,7,59,1,144,0
-4,0,89,1,144,0
-5,1,99,1,144,0
8,-6,111,1,144,0
6,5,112,1,144,0
5,-7,111,1,144,0
8,7,124,1,144,0
7,6,143,1,144,0
-7,4,6,1,144,0
6,-1,22,1,144,0
4,-5,41,1,144,0
0,0,48,1,144,0
-1,8,58,1,144,0
-3,0,66,1,144,0
2,2,71,1,144,0
3,3,79,1,144,0
4,4,86,1,144,0
5,5,104,1,144,0
-5,2,106,1,144,0
8,-7,107,1,144,0
3,-2,108,1,144,0
6,6,111,1,144,0
5,-8,118,1,144,0
8,8,123,1,144,0
7,-4,133,1,144,0
7,7,135,1,144,0
3,-3,1,1,144,0
-7,5,9,1,144,0
1,-7,23,1,144,0
-4,2,34,1,144,0
4,-6,56,1,144,0
0,1,56,1,144,0
-2,0,59,1,144,0
-3,-4,65,1,144,0
1,2,66,1,144,0
2,3,76,1,144,0
0,-4,84,1,144,0
3,4,87,1,144,0
4,5,96,1,144,0
8,-8,99,1,144,0
5,6,104,1,144,0
-5,3,109,1,144,0
7,-5,117,1,144,0
7,8,129,1,144,0
6,-2,143,1,144,0
6,7,143,1,144,0
9,1,3,1,144,0
-7,6,11,1,144,0
1,-8,17,1,144,0
-3,2,39,1,144,0
-6,-4,46,1,144,0
-1,0,54,1,144,0
0,2,59,1,144,0
4,6,59,1,144,0
3,5,93,1,144,0
5,7,103,1,144,0
7,-6,114,1,144,0
1,3,114,1,144,0
-4,3,115,1,144,0
4,-7,129,1,144,0
8,0,144,1,144,0
6,8,139,1,144,0
6,-3,141,1,144,0
8,1,9,1,144,0
0,-6,14,1,144,0
-6,6,19,1,144,0
3,-5,35,1,144,0
3,6,53,1,144,0
4,7,89,1,144,0
5,8,93,1,144,0
7,-7,94,1,144,0
6,-4,106,1,144,0
2,5,99,1,144,0
2,-2,99,1,144,0
1,4,117,1,144,0
-4,4,118,1,144,0
7,0,139,1,144,0
-2,2,143,1,144,0
0,-7,14,1,144,0
-5,6,25,1,144,0
8,-1,35,1,144,0
-1,2,53,1,144,0
6,-5,54,1,144,0
-2,-4,71,1,144,0
5,-2,84,1,144,0
7,-8,98,1,144,0
2,-3,98,1,144,0
1,5,103,1,144,0
3,7,126,1,144,0
-3,4,126,1,144,0
6,0,133,1,144,0
7,1,139,1,144,0
-2,3,141,1,144,0
3,-6,142,1,144,0
2,6,143,1,144,0
8,2,143,1,144,0
0,4,143,1,144,0
-1,3,4,1,144,0
0,-8,7,1,144,0
-4,6,31,1,144,0
8,-2,121,1,144,0
1,6,41,1,144,0
-5,-4,53,1,144,0
6,-6,77,1,144,0
5,-3,96,1,144,0
3,8,123,1,144,0
8,3,128,1,144,0
5,0,128,1,144,0
-2,4,134,1,144,0
2,7,136,1,144,0
7,2,136,1,144,0
6,1,139,1,144,0
3,-7,141,1,144,0
-2,5,18,1,144,0
2,-5,29,1,144,0
-3,6,34,1,144,0
-8,-4,34,1,144,0
0,6,34,1,144,0
1,7,76,1,144,0
5,-4,98,1,144,0
6,-7,99,1,144,0
8,-3,119,1,144,0
4,-1,119,1,144,0
4,0,121,1,144,0
8,4,123,1,144,0
2,8,129,1,144,0
7,3,129,1,144,0
3,-8,133,1,144,0
-1,4,141,1,144,0
6,2,143,1,144,0
-2,6,19,1,144,0
7,-1,132,1,144,0
3,0,23,1,144,0
-3,7,41,1,144,0
8,5,46,1,144,0
5,-5,47,1,144,0
0,7,66,1,144,0
1,8,69,1,144,0
-1,-4,78,1,144,0
1,-3,92,1,144,0
6,-8,101,1,144,0
4,-2,113,1,144,0
7,4,121,1,144,0
8,-4,125,1,144,0
2,-6,143,1,144,0
-1,6,28,1,145,0
2,-7,29,1,145,0
3,1,29,1,145,0
2,0,35,1,145,0
4,2,37,1,145,0
-3,8,44,1,145,0
5,3,47,1,145,0
7,-2,125,1,145,0
-2,7,52,1,145,0
6,4,58,1,145,0
-4,-4,59,1,145,0
0,8,68,1,145,0
5,-6,74,1,145,0
1,-4,86,1,145,0
4,-3,87,1,145,0
-5,0,92,1,145,0
7,5,114,1,145,0
8,-5,121,1,145,0
8,6,142,1,145,0
-7,3,13,1,145,0
3,-1,17,1,145,0
-6,2,21,1,145,0
1,-5,22,1,145,0
3,2,36,1,145,0
-7,-4,39,1,145,0
1,0,41,1,145,0
4,3,46,1,145,0
7,-3,114,1,145,0
5,4,55,1,145,0
-1,7,59,1,145,0
-4,0,89,1,145,0
-5,1,99,1,145,0
8,-6,111,1,145,0
6,5,112,1,145,0
5,-7,111,1,145,0
8,7,124,1,145,0
7,6,144,1,145,0
-7,4,6,1,145,0
6,-1,22,1,145,0
4,-5,41,1,145,0
0,0,48,1,145,0
-1,8,58,1,145,0
-3,0,66,1,145,0
2,2,71,1,145,0
3,3,79,1,145,0
4,4,86,1,145,0
5,5,104,1,145,0
-5,2,106,1,145,0
8,-7,107,1,145,0
3,-2,108,1,145,0
6,6,111,1,145,0
5,-8,118,1,145,0
8,8,123,1,145,0
7,-4,133,1,145,0
7,7,135,1,145,0
3,-3,1,1,145,0
-7,5,9,1,145,0
1,-7,23,1,145,0
-4,2,34,1,145,0
4,-6,56,1,145,0
0,1,56,1,145,0
-2,0,59,1,145,0
-3,-4,65,1,145,0
1,2,66,1,145,0
2,3,76,1,145,0
0,-4,84,1,145,0
3,4,87,1,145,0
4,5,96,1,145,0
8,-8,99,1,145,0
5,6,104,1,145,0
-5,3,109,1,145,0
7,-5,117,1,145,0
7,8,129,1,145,0
6,-2,143,1,145,0
6,7,144,1,145,0
9,1,3,1,145,0
-7,6,11,1,145,0
1,-8,17,1,145,0
-3,2,39,1,145,0
-6,-4,46,1,145,0
-1,0,54,1,145,0
0,2,59,1,145,0
4,6,59,1,145,0
3,5,93,1,145,0
5,7,103,1,145,0
7,-6,114,1,145,0
1,3,114,1,145,0
-4,3,115,1,145,0
4,-7,129,1,145,0
8,0,145,1,145,0
6,8,139,1,145,0
6,-3,141,1,145,0
0,-6,14,1,145,0
-6,6,19,1,145,0
3,-5,35,1,145,0
3,6,53,1,145,0
4,7,89,1,145,0
5,8,93,1,145,0
7,-7,94,1,145,0
6,-4,106,1,145,0
2,-2,99,1,145,0
1,4,117,1,145,0
-4,4,118,1,145,0
7,0,139,1,145,0
2,5,144,1,145,0
8,1,144,1,145,0
-2,2,144,1,145,0
0,-7,14,1,145,0
-5,6,25,1,145,0
8,-1,35,1,145,0
-1,2,53,1,145,0
6,-5,54,1,145,0
-2,-4,71,1,145,0
7,-8,98,1,145,0
2,-3,98,1,145,0
1,5,103,1,145,0
3,7,126,1,145,0
-3,4,126,1,145,0
6,0,133,1,145,0
7,1,139,1,145,0
-2,3,141,1,145,0
3,-6,142,1,145,0
2,6,143,1,145,0
8,2,143,1,145,0
0,4,143,1,145,0
5,-2,144,1,145,0
-1,3,4,1,145,0
0,-8,7,1,145,0
-4,6,31,1,145,0
8,-2,121,1,145,0
1,6,41,1,145,0
-5,-4,53,1,145,0
6,-6,77,1,145,0
5,-3,96,1,145,0
3,8,123,1,145,0
8,3,128,1,145,0
5,0,128,1,145,0
-2,4,134,1,145,0
2,7,136,1,145,0
7,2,136,1,145,0
6,1,139,1,145,0
3,-7,141,1,145,0
-2,5,18,1,145,0
2,-5,29,1,145,0
-3,6,34,1,145,0
-8,-4,34,1,145,0
0,6,34,1,145,0
1,7,76,1,145,0
5,-4,98,1,145,0
6,-7,99,1,145,0
8,-3,119,1,145,0
4,-1,119,1,145,0
4,0,121,1,145,0
8,4,123,1,145,0
2,8,129,1,145,0
7,3,129,1,145,0
3,-8,133,1,145,0
-1,4,144,1,145,0
6,2,144,1,145,0
-2,6,19,1,145,0
7,-1,132,1,145,0
3,0,23,1,145,0
-3,7,41,1,145,0
8,5,46,1,145,0
5,-5,47,1,145,0
0,7,66,1,145,0
1,8,69,1,145,0
-1,-4,78,1,145,0
1,-3,92,1,145,0
6,-8,101,1,145,0
4,-2,113,1,145,0
7,4,121,1,145,0
8,-4,125,1,145,0
2,-6,144,1,145,0
-1,6,28,1,146,0
2,-7,29,1,146,0
3,1,29,1,146,0
2,0,35,1,146,0
4,2,37,1,146,0
-3,8,44,1,146,0
5,3,47,1,146,0
7,-2,125,1,146,0
-2,7,52,1,146,0
6,4,58,1,146,0
-4,-4,59,1,146,0
0,8,68,1,146,0
5,-6,74,1,146,0
1,-4,86,1,146,0
4,-3,87,1,146,0
-5,0,92,1,146,0
7,5,114,1,146,0
8,-5,121,1,146,0
8,6,142,1,146,0
-7,3,13,1,146,0
3,-1,17,1,146,0
-6,2,21,1,146,0
1,-5,22,1,146,0
3,2,36,1,146,0
-7,-4,39,1,146,0
1,0,41,1,146,0
4,3,46,1,146,0
7,-3,114,1,146,0
5,4,55,1,146,0
-1,7,59,1,146,0
-4,0,89,1,146,0
-5,1,99,1,146,0
8,-6,111,1,146,0
6,5,112,1,146,0
5,-7,111,1,146,0
8,7,124,1,146,0
7,6,145,1,146,0
-7,4,6,1,146,0
6,-1,22,1,146,0
4,-5,41,1,146,0
0,0,48,1,146,0
-1,8,58,1,146,0
-3,0,66,1,146,0
2,2,71,1,146,0
3,3,79,1,146,0
4,4,86,1,146,0
5,5,104,1,146,0
-5,2,106,1,146,0
8,-7,107,1,146,0
3,-2,108,1,146,0
6,6,111,1,146,0
5,-8,118,1,146,0
8,8,123,1,146,0
7,-4,133,1,146,0
7,7,135,1,146,0
3,-3,1,1,146,0
-7,5,9,1,146,0
1,-7,23,1,146,0
-4,2,34,1,146,0
4,-6,56,1,146,0
0,1,56,1,146,0
-2,0,59,1,146,0
-3,-4,65,1,146,0
1,2,66,1,146,0
2,3,76,1,146,0
0,-4,84,1,146,0
3,4,87,1,146,0
4,5,96,1,146,0
8,-8,99,1,146,0
5,6,104,1,146,0
-5,3,109,1,146,0
7,-5,117,1,146,0
7,8,129,1,146,0
6,-2,143,1,146,0
6,7,145,1,146,0
9,1,3,1,146,0
-7,6,11,1,146,0
1,-8,17,1,146,0
-3,2,39,1,146,0
-6,-4,46,1,146,0
-1,0,54,1,146,0
0,2,59,1,146,0
4,6,59,1,146,0
3,5,93,1,146,0
5,7,103,1,146,0
7,-6,114,1,146,0
1,3,114,1,146,0
-4,3,115,1,146,0
4,-7,129,1,146,0
8,0,145,1,146,0
6,8,139,1,146,0
6,-3,141,1,146,0
0,-6,14,1,146,0
-6,6,19,1,146,0
3,-5,35,1,146,0
3,6,53,1,146,0
4,7,89,1,146,0
5,8,93,1,146,0
7,-7,94,1,146,0
6,-4,106,1,146,0
2,-2,99,1,146,0
1,4,117,1,146,0
-4,4,118,1,146,0
7,0,139,1,146,0
2,5,145,1,146,0
8,1,146,1,146,0
-2,2,145,1,146,0
0,-7,14,1,146,0
-5,6,25,1,146,0
8,-1,35,1,146,0
-1,2,53,1,146,0
6,-5,54,1,146,0
-2,-4,71,1,146,0
7,-8,98,1,146,0
2,-3,98,1,146,0
1,5,103,1,146,0
3,7,126,1,146,0
-3,4,126,1,146,0
6,0,133,1,146,0
7,1,139,1,146,0
-2,3,141,1,146,0
3,-6,142,1,146,0
2,6,143,1,146,0
8,2,143,1,146,0
0,4,143,1,146,0
5,-2,145,1,146,0
-1,3,4,1,146,0
0,-8,7,1,146,0
-4,6,31,1,146,0
8,-2,121,1,146,0
1,6,41,1,146,0
-5,-4,53,1,146,0
6,-6,77,1,146,0
5,-3,96,1,146,0
3,8,123,1,146,0
8,3,128,1,146,0
5,0,128,1,146,0
-2,4,134,1,146,0
2,7,136,1,146,0
7,2,136,1,146,0
6,1,139,1,146,0
3,-7,141,1,146,0
-2,5,18,1,146,0
2,-5,29,1,146,0
-3,6,34,1,146,0
-8,-4,34,1,146,0
0,6,34,1,146,0
1,7,76,1,146,0
5,-4,98,1,146,0
6,-7,99,1,146,0
8,-3,119,1,146,0
4,-1,119,1,146,0
4,0,121,1,146,0
8,4,123,1,146,0
2,8,129,1,146,0
7,3,129,1,146,0
3,-8,133,1,146,0
-1,4,145,1,146,0
6,2,145,1,146,0
-2,6,19,1,146,0
7,-1,132,1,146,0
3,0,23,1,146,0
-3,7,41,1,146,0
8,5,46,1,146,0
5,-5,47,1,146,0
0,7,66,1,146,0
1,8,69,1,146,0
-1,-4,78,1,146,0
1,-3,92,1,146,0
6,-8,101,1,146,0
4,-2,113,1,146,0
7,4,121,1,146,0
8,-4,125,1,146,0
2,-6,145,1,146,0
-1,6,28,1,147,0
2,-7,29,1,147,0
3,1,29,1,147,0
2,0,35,1,147,0
4,2,37,1,147,0
-3,8,44,1,147,0
5,3,47,1,147,0
7,-2,125,1,147,0
-2,7,52,1,147,0
6,4,58,1,147,0
-4,-4,59,1,147,0
0,8,68,1,147,0
5,-6,74,1,147,0
1,-4,86,1,147,0
4,-3,87,1,147,0
-5,0,92,1,147,0
7,5,114,1,147,0
8,-5,121,1,147,0
8,6,142,1,147,0
-7,3,13,1,147,0
3,-1,17,1,147,0
-6,2,21,1,147,0
1,-5,22,1,147,0
3,2,36,1,147,0
-7,-4,39,1,147,0
1,0,41,1,147,0
4,3,46,1,147,0
7,-3,114,1,147,0
5,4,55,1,147,0
-1,7,59,1,147,0
-4,0,89,1,147,0
-5,1,99,1,147,0
8,-6,111,1,147,0
6,5,112,1,147,0
5,-7,111,1,147,0
8,7,124,1,147,0
7,6,146,1,147,0
-7,4,6,1,147,0
6,-1,22,1,147,0
4,-5,41,1,147,0
0,0,48,1,147,0
-1,8,58,1,147,0
-3,0,66,1,147,0
2,2,71,1,147,0
3,3,79,1,147,0
4,4,86,1,147,0
5,5,104,1,147,0
-5,2,106,1,147,0
8,-7,107,1,147,0
3,-2,108,1,147,0
6,6,111,1,147,0
5,-8,118,1,147,0
8,8,123,1,147,0
7,-4,133,1,147,0
7,7,135,1,147,0
3,-3,1,1,147,0
-7,5,9,1,147,0
1,-7,23,1,147,0
-4,2,34,1,147,0
4,-6,56,1,147,0
0,1,56,1,147,0
-2,0,59,1,147,0
-3,-4,65,1,147,0
1,2,66,1,147,0
2,3,76,1,147,0
0,-4,84,1,147,0
3,4,87,1,147,0
4,5,96,1,147,0
8,-8,99,1,147,0
5,6,104,1,147,0
-5,3,109,1,147,0
7,-5,117,1,147,0
7,8,129,1,147,0
6,-2,143,1,147,0
6,7,146,1,147,0
9,1,3,1,147,0
-7,6,11,1,147,0
1,-8,17,1,147,0
-3,2,39,1,147,0
-6,-4,46,1,147,0
-1,0,54,1,147,0
0,2,59,1,147,0
4,6,59,1,147,0
3,5,93,1,147,0
5,7,103,1,147,0
7,-6,114,1,147,0
1,3,114,1,147,0
-4,3,115,1,147,0
4,-7,129,1,147,0
8,0,145,1,147,0
6,8,139,1,147,0
6,-3,141,1,147,0
0,-6,14,1,147,0
-6,6,19,1,147,0
3,-5,35,1,147,0
3,6,53,1,147,0
4,7,89,1,147,0
5,8,93,1,147,0
7,-7,94,1,147,0
6,-4,106,1,147,0
2,-2,99,1,147,0
1,4,117,1,147,0
-4,4,118,1,147,0
7,0,139,1,147,0
-2,2,145,1,147,0
2,5,146,1,147,0
8,1,147,1,147,0
0,-7,14,1,147,0
-5,6,25,1,147,0
8,-1,35,1,147,0
6,-5,54,1,147,0
-2,-4,71,1,147,0
7,-8,98,1,147,0
2,-3,98,1,147,0
1,5,103,1,147,0
3,7,126,1,147,0
-3,4,126,1,147,0
6,0,133,1,147,0
7,1,139,1,147,0
-2,3,141,1,147,0
3,-6,142,1,147,0
2,6,143,1,147,0
8,2,143,1,147,0
0,4,143,1,147,0
5,-2,146,1,147,0
-1,2,146,1,147,0
-1,3,4,1,147,0
0,-8,7,1,147,0
-4,6,31,1,147,0
8,-2,121,1,147,0
1,6,41,1,147,0
-5,-4,53,1,147,0
6,-6,77,1,147,0
5,-3,96,1,147,0
3,8,123,1,147,0
8,3,128,1,147,0
5,0,128,1,147,0
-2,4,134,1,147,0
2,7,136,1,147,0
7,2,136,1,147,0
6,1,139,1,147,0
3,-7,141,1,147,0
-2,5,18,1,147,0
2,-5,29,1,147,0
-3,6,34,1,147,0
-8,-4,34,1,147,0
0,6,34,1,147,0
1,7,76,1,147,0
5,-4,98,1,147,0
6,-7,99,1,147,0
8,-3,119,1,147,0
4,-1,119,1,147,0
4,0,121,1,147,0
8,4,123,1,147,0
2,8,129,1,147,0
7,3,129,1,147,0
3,-8,133,1,147,0
-1,4,146,1,147,0
6,2,146,1,147,0
-2,6,19,1,147,0
7,-1,132,1,147,0
3,0,23,1,147,0
-3,7,41,1,147,0
8,5,46,1,147,0
5,-5,47,1,147,0
0,7,66,1,147,0
1,8,69,1,147,0
-1,-4,78,1,147,0
1,-3,92,1,147,0
6,-8,101,1,147,0
4,-2,113,1,147,0
7,4,121,1,147,0
8,-4,125,1,147,0
2,-6,146,1,147,0
-1,6,28,1,148,0
2,-7,29,1,148,0
3,1,29,1,148,0
2,0,35,1,148,0
4,2,37,1,148,0
-3,8,44,1,148,0
5,3,47,1,148,0
7,-2,125,1,148,0
-2,7,52,1,148,0
6,4,58,1,148,0
-4,-4,59,1,148,0
0,8,68,1,148,0
5,-6,74,1,148,0
1,-4,86,1,148,0
4,-3,87,1,148,0
-5,0,92,1,148,0
7,5,114,1,148,0
8,-5,121,1,148,0
8,6,142,1,148,0
-7,3,13,1,148,0
3,-1,17,1,148,0
-6,2,21,1,148,0
1,-5,22,1,148,0
3,2,36,1,148,0
-7,-4,39,1,148,0
1,0,41,1,148,0
4,3,46,1,148,0
7,-3,114,1,148,0
5,4,55,1,148,0
-1,7,59,1,148,0
-4,0,89,1,148,0
-5,1,99,1,148,0
8,-6,111,1,148,0
6,5,112,1,148,0
5,-7,111,1,148,0
8,7,124,1,148,0
7,6,146,1,148,0
-7,4,6,1,148,0
6,-1,22,1,148,0
4,-5,41,1,148,0
0,0,48,1,148,0
-1,8,58,1,148,0
-3,0,66,1,148,0
2,2,71,1,148,0
3,3,79,1,148,0
4,4,86,1,148,0
5,5,104,1,148,0
-5,2,106,1,148,0
8,-7,107,1,148,0
3,-2,108,1,148,0
6,6,111,1,148,0
5,-8,118,1,148,0
8,8,123,1,148,0
7,-4,133,1,148,0
7,7,135,1,148,0
3,-3,1,1,148,0
-7,5,9,1,148,0
1,-7,23,1,148,0
-4,2,34,1,148,0
4,-6,56,1,148,0
0,1,56,1,148,0
-2,0,59,1,148,0
-3,-4,65,1,148,0
1,2,66,1,148,0
2,3,76,1,148,0
0,-4,84,1,148,0
3,4,87,1,148,0
4,5,96,1,148,0
8,-8,99,1,148,0
5,6,104,1,148,0
-5,3,109,1,148,0
7,-5,117,1,148,0
7,8,129,1,148,0
6,7,146,1,148,0
6,-2,147,1,148,0
9,1,3,1,148,0
-7,6,11,1,148,0
1,-8,17,1,148,0
-3,2,39,1,148,0
-6,-4,46,1,148,0
-1,0,54,1,148,0
0,2,59,1,148,0
4,6,59,1,148,0
3,5,93,1,148,0
7,-6,114,1,148,0
1,3,114,1,148,0
-4,3,115,1,148,0
4,-7,129,1,148,0
8,0,145,1,148,0
6,8,139,1,148,0
6,-3,141,1,148,0
5,7,147,1,148,0
0,-6,14,1,148,0
-6,6,19,1,148,0
3,-5,35,1,148,0
3,6,53,1,148,0
4,7,89,1,148,0
5,8,93,1,148,0
7,-7,94,1,148,0
6,-4,106,1,148,0
2,-2,99,1,148,0
1,4,117,1,148,0
-4,4,118,1,148,0
7,0,139,1,148,0
-2,2,145,1,148,0
8,1,148,1,148,0
2,5,147,1,148,0
0,-7,14,1,148,0
-5,6,25,1,148,0
8,-1,35,1,148,0
6,-5,54,1,148,0
-2,-4,71,1,148,0
7,-8,98,1,148,0
2,-3,98,1,148,0
1,5,103,1,148,0
3,7,126,1,148,0
-3,4,126,1,148,0
6,0,133,1,148,0
7,1,139,1,148,0
-2,3,141,1,148,0
3,-6,142,1,148,0
2,6,143,1,148,0
5,-2,146,1,148,0
8,2,147,1,148,0
0,4,147,1,148,0
-1,2,147,1,148,0
-1,3,4,1,148,0
0,-8,7,1,148,0
-4,6,31,1,148,0
8,-2,121,1,148,0
1,6,41,1,148,0
-5,-4,53,1,148,0
6,-6,77,1,148,0
5,-3,96,1,148,0
3,8,123,1,148,0
8,3,128,1,148,0
5,0,128,1,148,0
-2,4,134,1,148,0
2,7,136,1,148,0
7,2,136,1,148,0
6,1,139,1,148,0
3,-7,141,1,148,0
-2,5,18,1,148,0
2,-5,29,1,148,0
-3,6,34,1,148,0
-8,-4,34,1,148,0
0,6,34,1,148,0
1,7,76,1,148,0
5,-4,98,1,148,0
6,-7,99,1,148,0
8,-3,119,1,148,0
4,-1,119,1,148,0
4,0,121,1,148,0
8,4,123,1,148,0
2,8,129,1,148,0
7,3,129,1,148,0
3,-8,133,1,148,0
-1,4,146,1,148,0
6,2,146,1,148,0
-2,6,19,1,148,0
7,-1,132,1,148,0
3,0,23,1,148,0
-3,7,41,1,148,0
8,5,46,1,148,0
5,-5,47,1,148,0
0,7,66,1,148,0
1,8,69,1,148,0
-1,-4,78,1,148,0
1,-3,92,1,148,0
6,-8,101,1,148,0
4,-2,113,1,148,0
7,4,121,1,148,0
8,-4,125,1,148,0
2,-6,147,1,148,0
5,2,147,1,148,0
-1,6,28,1,149,0
2,-7,29,1,149,0
3,1,29,1,149,0
2,0,35,1,149,0
4,2,37,1,149,0
-3,8,44,1,149,0
5,3,47,1,149,0
7,-2,125,1,149,0
-2,7,52,1,149,0
6,4,58,1,149,0
-4,-4,59,1,149,0
0,8,68,1,149,0
5,-6,74,1,149,0
1,-4,86,1,149,0
4,-3,87,1,149,0
-5,0,92,1,149,0
7,5,114,1,149,0
8,-5,121,1,149,0
8,6,142,1,149,0
-7,3,13,1,149,0
3,-1,17,1,149,0
-6,2,21,1,149,0
1,-5,22,1,149,0
3,2,36,1,149,0
-7,-4,39,1,149,0
1,0,41,1,149,0
4,3,46,1,149,0
7,-3,114,1,149,0
5,4,55,1,149,0
-1,7,59,1,149,0
-4,0,89,1,149,0
-5,1,99,1,149,0
8,-6,111,1,149,0
6,5,112,1,149,0
5,-7,111,1,149,0
8,7,124,1,149,0
7,6,147,1,149,0
-7,4,6,1,149,0
6,-1,22,1,149,0
4,-5,41,1,149,0
0,0,48,1,149,0
-1,8,58,1,149,0
-3,0,66,1,149,0
2,2,71,1,149,0
3,3,79,1,149,0
4,4,86,1,149,0
5,5,104,1,149,0
-5,2,106,1,149,0
8,-7,107,1,149,0
3,-2,108,1,149,0
6,6,111,1,149,0
5,-8,118,1,149,0
8,8,123,1,149,0
7,-4,133,1,149,0
7,7,135,1,149,0
3,-3,1,1,149,0
-7,5,9,1,149,0
1,-7,23,1,149,0
-4,2,34,1,149,0
4,-6,56,1,149,0
0,1,56,1,149,0
-2,0,59,1,149,0
-3,-4,65,1,149,0
1,2,66,1,149,0
2,3,76,1,149,0
0,-4,84,1,149,0
3,4,87,1,149,0
4,5,96,1,149,0
8,-8,99,1,149,0
5,6,104,1,149,0
-5,3,109,1,149,0
7,-5,117,1,149,0
7,8,129,1,149,0
6,7,146,1,149,0
6,-2,148,1,149,0
9,1,3,1,149,0
-7,6,11,1,149,0
1,-8,17,1,149,0
-3,2,39,1,149,0
-6,-4,46,1,149,0
-1,0,54,1,149,0
0,2,59,1,149,0
4,6,59,1,149,0
3,5,93,1,149,0
7,-6,114,1,149,0
1,3,114,1,149,0
-4,3,115,1,149,0
4,-7,129,1,149,0
8,0,145,1,149,0
6,8,139,1,149,0
6,-3,141,1,149,0
5,7,148,1,149,0
0,-6,14,1,149,0
-6,6,19,1,149,0
3,-5,35,1,149,0
3,6,53,1,149,0
4,7,89,1,149,0
5,8,93,1,149,0
7,-7,94,1,149,0
6,-4,106,1,149,0
2,-2,99,1,149,0
1,4,117,1,149,0
-4,4,118,1,149,0
7,0,139,1,149,0
-2,2,145,1,149,0
8,1,149,1,149,0
2,5,148,1,149,0
0,-7,14,1,149,0
-5,6,25,1,149,0
8,-1,35,1,149,0
6,-5,54,1,149,0
-2,-4,71,1,149,0
7,-8,98,1,149,0
2,-3,98,1,149,0
1,5,103,1,149,0
3,7,126,1,149,0
-3,4,126,1,149,0
6,0,133,1,149,0
7,1,139,1,149,0
-2,3,141,1,149,0
3,-6,142,1,149,0
2,6,143,1,149,0
5,-2,146,1,149,0
8,2,148,1,149,0
0,4,148,1,149,0
-1,2,148,1,149,0
-1,3,4,1,149,0
0,-8,7,1,149,0
-4,6,31,1,149,0
8,-2,121,1,149,0
1,6,41,1,149,0
-5,-4,53,1,149,0
6,-6,77,1,149,0
5,-3,96,1,149,0
3,8,123,1,149,0
8,3,128,1,149,0
5,0,128,1,149,0
-2,4,134,1,149,0
2,7,136,1,149,0
7,2,136,1,149,0
6,1,139,1,149,0
3,-7,141,1,149,0
-2,5,18,1,149,0
2,-5,29,1,149,0
-3,6,34,1,149,0
-8,-4,34,1,149,0
0,6,34,1,149,0
1,7,76,1,149,0
5,-4,98,1,149,0
6,-7,99,1,149,0
8,-3,119,1,149,0
4,-1,119,1,149,0
4,0,121,1,149,0
8,4,123,1,149,0
2,8,129,1,149,0
7,3,129,1,149,0
3,-8,133,1,149,0
-1,4,146,1,149,0
6,2,146,1,149,0
-2,6,19,1,149,0
7,-1,132,1,149,0
3,0,23,1,149,0
-3,7,41,1,149,0
8,5,46,1,149,0
5,-5,47,1,149,0
0,7,66,1,149,0
1,8,69,1,149,0
-1,-4,78,1,149,0
1,-3,92,1,149,0
6,-8,101,1,149,0
4,-2,113,1,149,0
7,4,121,1,149,0
8,-4,125,1,149,0
2,-6,147,1,149,0
5,2,148,1,149,0
-1,6,28,1,150,0
2,-7,29,1,150,0
3,1,29,1,150,0
2,0,35,1,150,0
4,2,37,1,150,0
-3,8,44,1,150,0
5,3,47,1,150,0
7,-2,125,1,150,0
-2,7,52,1,150,0
6,4,58,1,150,0
-4,-4,59,1,150,0
0,8,68,1,150,0
5,-6,74,1,150,0
1,-4,86,1,150,0
4,-3,87,1,150,0
-5,0,92,1,150,0
7,5,114,1,150,0
8,-5,121,1,150,0
8,6,142,1,150,0
-7,3,13,1,150,0
3,-1,17,1,150,0
-6,2,21,1,150,0
1,-5,22,1,150,0
3,2,36,1,150,0
-7,-4,39,1,150,0
1,0,41,1,150,0
4,3,46,1,150,0
7,-3,114,1,150,0
5,4,55,1,150,0
-1,7,59,1,150,0
-4,0,89,1,150,0
-5,1,99,1,150,0
8,-6,111,1,150,0
6,5,112,1,150,0
5,-7,111,1,150,0
8,7,124,1,150,0
7,6,149,1,150,0
-7,4,6,1,150,0
6,-1,22,1,150,0
4,-5,41,1,150,0
0,0,48,1,150,0
-1,8,58,1,150,0
-3,0,66,1,150,0
2,2,71,1,150,0
3,3,79,1,150,0
4,4,86,1,150,0
5,5,104,1,150,0
-5,2,106,1,150,0
8,-7,107,1,150,0
3,-2,108,1,150,0
6,6,111,1,150,0
5,-8,118,1,150,0
8,8,123,1,150,0
7,-4,133,1,150,0
7,7,135,1,150,0
3,-3,1,1,150,0
-7,5,9,1,150,0
1,-7,23,1,150,0
-4,2,34,1,150,0
4,-6,56,1,150,0
0,1,56,1,150,0
-2,0,59,1,150,0
-3,-4,65,1,150,0
1,2,66,1,150,0
2,3,76,1,150,0
0,-4,84,1,150,0
3,4,87,1,150,0
4,5,96,1,150,0
8,-8,99,1,150,0
5,6,104,1,150,0
-5,3,109,1,150,0
7,-5,117,1,150,0
7,8,129,1,150,0
6,7,146,1,150,0
6,-2,149,1,150,0
9,1,3,1,150,0
-7,6,11,1,150,0
1,-8,17,1,150,0
-3,2,39,1,150,0
-6,-4,46,1,150,0
-1,0,54,1,150,0
0,2,59,1,150,0
4,6,59,1,150,0
3,5,93,1,150,0
7,-6,114,1,150,0
1,3,114,1,150,0
-4,3,115,1,150,0
4,-7,129,1,150,0
8,0,145,1,150,0
6,8,139,1,150,0
6,-3,141,1,150,0
5,7,149,1,150,0
0,-6,14,1,150,0
-6,6,19,1,150,0
3,-5,35,1,150,0
3,6,53,1,150,0
4,7,89,1,150,0
5,8,93,1,150,0
7,-7,94,1,150,0
6,-4,106,1,150,0
2,-2,99,1,150,0
1,4,117,1,150,0
-4,4,118,1,150,0
7,0,139,1,150,0
-2,2,145,1,150,0
8,1,149,1,150,0
2,5,149,1,150,0
0,-7,14,1,150,0
-5,6,25,1,150,0
8,-1,35,1,150,0
6,-5,54,1,150,0
-2,-4,71,1,150,0
7,-8,98,1,150,0
2,-3,98,1,150,0
1,5,103,1,150,0
3,7,126,1,150,0
-3,4,126,1,150,0
6,0,133,1,150,0
7,1,139,1,150,0
-2,3,141,1,150,0
3,-6,142,1,150,0
2,6,143,1,150,0
5,-2,146,1,150,0
8,2,149,1,150,0
0,4,149,1,150,0
-1,2,149,1,150,0
-1,3,4,1,150,0
0,-8,7,1,150,0
-4,6,31,1,150,0
8,-2,121,1,150,0
1,6,41,1,150,0
-5,-4,53,1,150,0
6,-6,77,1,150,0
5,-3,96,1,150,0
3,8,123,1,150,0
8,3,128,1,150,0
5,0,128,1,150,0
-2,4,134,1,150,0
2,7,136,1,150,0
7,2,136,1,150,0
6,1,139,1,150,0
3,-7,141,1,150,0
-2,5,18,1,150,0
2,-5,29,1,150,0
-3,6,34,1,150,0
-8,-4,34,1,150,0
0,6,34,1,150,0
1,7,76,1,150,0
5,-4,98,1,150,0
6,-7,99,1,150,0
8,-3,119,1,150,0
4,-1,119,1,150,0
4,0,121,1,150,0
8,4,123,1,150,0
2,8,129,1,150,0
7,3,129,1,150,0
3,-8,133,1,150,0
-1,4,146,1,150,0
6,2,146,1,150,0
-2,6,19,1,150,0
7,-1,132,1,150,0
3,0,23,1,150,0
-3,7,41,1,150,0
8,5,46,1,150,0
5,-5,47,1,150,0
0,7,66,1,150,0
1,8,69,1,150,0
-1,-4,78,1,150,0
1,-3,92,1,150,0
6,-8,101,1,150,0
4,-2,113,1,150,0
7,4,121,1,150,0
8,-4,125,1,150,0
2,-6,149,1,150,0
5,2,149,1,150,0
-1,6,28,1,151,0
2,-7,29,1,151,0
3,1,29,1,151,0
2,0,35,1,151,0
4,2,37,1,151,0
-3,8,44,1,151,0
5,3,47,1,151,0
7,-2,125,1,151,0
-2,7,52,1,151,0
6,4,58,1,151,0
-4,-4,59,1,151,0
0,8,68,1,151,0
5,-6,74,1,151,0
1,-4,86,1,151,0
4,-3,87,1,151,0
-5,0,92,1,151,0
7,5,114,1,151,0
8,-5,121,1,151,0
8,6,142,1,151,0
-7,3,13,1,151,0
3,-1,17,1,151,0
-6,2,21,1,151,0
1,-5,22,1,151,0
3,2,36,1,151,0
-7,-4,39,1,151,0
1,0,41,1,151,0
4,3,46,1,151,0
7,-3,114,1,151,0
5,4,55,1,151,0
-1,7,59,1,151,0
-4,0,89,1,151,0
-5,1,99,1,151,0
8,-6,111,1,151,0
6,5,112,1,151,0
5,-7,111,1,151,0
8,7,124,1,151,0
7,6,149,1,151,0
-7,4,6,1,151,0
6,-1,22,1,151,0
4,-5,41,1,151,0
0,0,48,1,151,0
-1,8,58,1,151,0
-3,0,66,1,151,0
2,2,71,1,151,0
3,3,79,1,151,0
4,4,86,1,151,0
5,5,104,1,151,0
-5,2,106,1,151,0
8,-7,107,1,151,0
3,-2,108,1,151,0
6,6,111,1,151,0
5,-8,118,1,151,0
8,8,123,1,151,0
7,-4,133,1,151,0
7,7,135,1,151,0
3,-3,1,1,151,0
-7,5,9,1,151,0
1,-7,23,1,151,0
-4,2,34,1,151,0
4,-6,56,1,151,0
0,1,56,1,151,0
-2,0,59,1,151,0
-3,-4,65,1,151,0
1,2,66,1,151,0
2,3,76,1,151,0
0,-4,84,1,151,0
3,4,87,1,151,0
4,5,96,1,151,0
8,-8,99,1,151,0
5,6,104,1,151,0
-5,3,109,1,151,0
7,-5,117,1,151,0
7,8,129,1,151,0
6,7,146,1,151,0
6,-2,149,1,151,0
9,1,3,1,151,0
-7,6,11,1,151,0
1,-8,17,1,151,0
-3,2,39,1,151,0
-6,-4,46,1,151,0
-1,0,54,1,151,0
0,2,59,1,151,0
4,6,59,1,151,0
3,5,93,1,151,0
7,-6,114,1,151,0
1,3,114,1,151,0
-4,3,115,1,151,0
4,-7,129,1,151,0
8,0,145,1,151,0
6,8,139,1,151,0
6,-3,141,1,151,0
5,7,149,1,151,0
0,-6,14,1,151,0
-6,6,19,1,151,0
3,-5,35,1,151,0
3,6,53,1,151,0
4,7,89,1,151,0
5,8,93,1,151,0
7,-7,94,1,151,0
6,-4,106,1,151,0
2,-2,99,1,151,0
1,4,117,1,151,0
-4,4,118,1,151,0
7,0,139,1,151,0
-2,2,145,1,151,0
8,1,149,1,151,0
2,5,149,1,151,0
0,-7,14,1,151,0
-5,6,25,1,151,0
8,-1,35,1,151,0
6,-5,54,1,151,0
-2,-4,71,1,151,0
7,-8,98,1,151,0
2,-3,98,1,151,0
1,5,103,1,151,0
3,7,126,1,151,0
-3,4,126,1,151,0
6,0,133,1,151,0
7,1,151,1,151,0
-2,3,141,1,151,0
3,-6,142,1,151,0
2,6,143,1,151,0
5,-2,146,1,151,0
8,2,149,1,151,0
0,4,149,1,151,0
-1,2,149,1,151,0
-1,3,4,1,151,0
0,-8,7,1,151,0
-4,6,31,1,151,0
8,-2,121,1,151,0
1,6,41,1,151,0
-5,-4,53,1,151,0
6,-6,77,1,151,0
5,-3,96,1,151,0
3,8,123,1,151,0
8,3,128,1,151,0
5,0,128,1,151,0
-2,4,134,1,151,0
2,7,136,1,151,0
7,2,136,1,151,0
6,1,139,1,151,0
3,-7,141,1,151,0
-2,5,18,1,151,0
2,-5,29,1,151,0
-3,6,34,1,151,0
-8,-4,34,1,151,0
0,6,34,1,151,0
1,7,76,1,151,0
5,-4,98,1,151,0
6,-7,99,1,151,0
8,-3,119,1,151,0
4,-1,119,1,151,0
4,0,121,1,151,0
8,4,123,1,151,0
2,8,129,1,151,0
7,3,129,1,151,0
3,-8,133,1,151,0
-1,4,146,1,151,0
6,2,146,1,151,0
-2,6,19,1,151,0
7,-1,132,1,151,0
3,0,23,1,151,0
-3,7,41,1,151,0
8,5,46,1,151,0
5,-5,47,1,151,0
0,7,66,1,151,0
1,8,69,1,151,0
-1,-4,78,1,151,0
1,-3,92,1,151,0
6,-8,101,1,151,0
4,-2,113,1,151,0
7,4,121,1,151,0
8,-4,125,1,151,0
2,-6,149,1,151,0
5,2,149,1,151,0
-1,6,28,1,152,0
2,-7,29,1,152,0
3,1,29,1,152,0
2,0,35,1,152,0
4,2,37,1,152,0
-3,8,44,1,152,0
5,3,47,1,152,0
7,-2,125,1,152,0
-2,7,52,1,152,0
6,4,58,1,152,0
-4,-4,59,1,152,0
0,8,68,1,152,0
5,-6,74,1,152,0
1,-4,86,1,152,0
4,-3,87,1,152,0
-5,0,92,1,152,0
7,5,114,1,152,0
8,-5,121,1,152,0
8,6,142,1,152,0
-7,3,13,1,152,0
3,-1,17,1,152,0
-6,2,21,1,152,0
1,-5,22,1,152,0
3,2,36,1,152,0
-7,-4,39,1,152,0
1,0,41,1,152,0
4,3,46,1,152,0
7,-3,114,1,152,0
5,4,55,1,152,0
-1,7,59,1,152,0
-4,0,89,1,152,0
-5,1,99,1,152,0
8,-6,111,1,152,0
6,5,112,1,152,0
5,-7,111,1,152,0
8,7,124,1,152,0
7,6,151,1,152,0
-7,4,6,1,152,0
4,-5,41,1,152,0
0,0,48,1,152,0
-1,8,58,1,152,0
-3,0,66,1,152,0
2,2,71,1,152,0
3,3,79,1,152,0
4,4,86,1,152,0
5,5,104,1,152,0
-5,2,106,1,152,0
8,-7,107,1,152,0
3,-2,108,1,152,0
6,6,111,1,152,0
5,-8,118,1,152,0
8,8,123,1,152,0
7,-4,133,1,152,0
7,7,135,1,152,0
6,-1,151,1,152,0
3,-3,1,1,152,0
-7,5,9,1,152,0
1,-7,23,1,152,0
-4,2,34,1,152,0
4,-6,56,1,152,0
0,1,56,1,152,0
-2,0,59,1,152,0
-3,-4,65,1,152,0
1,2,66,1,152,0
2,3,76,1,152,0
0,-4,84,1,152,0
3,4,87,1,152,0
4,5,96,1,152,0
8,-8,99,1,152,0
5,6,104,1,152,0
-5,3,109,1,152,0
7,-5,117,1,152,0
7,8,129,1,152,0
6,7,146,1,152,0
6,-2,149,1,152,0
9,1,3,1,152,0
-7,6,11,1,152,0
1,-8,17,1,152,0
-3,2,39,1,152,0
-6,-4,46,1,152,0
-1,0,54,1,152,0
0,2,59,1,152,0
4,6,59,1,152,0
3,5,93,1,152,0
7,-6,114,1,152,0
1,3,114,1,152,0
-4,3,115,1,152,0
4,-7,129,1,152,0
8,0,145,1,152,0
6,8,139,1,152,0
6,-3,141,1,152,0
2,4,151,1,152,0
5,7,151,1,152,0
0,-6,14,1,152,0
-6,6,19,1,152,0
3,-5,35,1,152,0
3,6,53,1,152,0
4,7,89,1,152,0
5,8,93,1,152,0
7,-7,94,1,152,0
6,-4,106,1,152,0
2,-2,99,1,152,0
1,4,117,1,152,0
-4,4,118,1,152,0
7,0,139,1,152,0
-2,2,145,1,152,0
8,1,149,1,152,0
2,5,149,1,152,0
-1,1,151,1,152,0
0,-7,14,1,152,0
-5,6,25,1,152,0
8,-1,35,1,152,0
6,-5,54,1,152,0
-2,-4,71,1,152,0
7,-8,98,1,152,0
2,-3,98,1,152,0
1,5,103,1,152,0
3,7,126,1,152,0
-3,4,126,1,152,0
6,0,133,1,152,0
7,1,152,1,152,0
-2,3,141,1,152,0
3,-6,142,1,152,0
2,6,143,1,152,0
5,-2,146,1,152,0
8,2,149,1,152,0
0,4,149,1,152,0
-1,2,149,1,152,0
-1,3,4,1,152,0
0,-8,7,1,152,0
-4,6,31,1,152,0
8,-2,121,1,152,0
1,6,41,1,152,0
-5,-4,53,1,152,0
6,-6,77,1,152,0
5,-3,96,1,152,0
3,8,123,1,152,0
8,3,128,1,152,0
5,0,128,1,152,0
-2,4,134,1,152,0
2,7,136,1,152,0
6,1,139,1,152,0
3,-7,141,1,152,0
7,2,151,1,152,0
-2,5,18,1,152,0
2,-5,29,1,152,0
-3,6,34,1,152,0
-8,-4,34,1,152,0
0,6,34,1,152,0
1,7,76,1,152,0
5,-4,98,1,152,0
6,-7,99,1,152,0
8,-3,119,1,152,0
4,-1,119,1,152,0
4,0,121,1,152,0
8,4,123,1,152,0
2,8,129,1,152,0
7,3,129,1,152,0
3,-8,133,1,152,0
6,2,146,1,152,0
-1,4,151,1,152,0
-2,6,19,1,152,0
7,-1,132,1,152,0
3,0,23,1,152,0
-3,7,41,1,152,0
8,5,46,1,152,0
5,-5,47,1,152,0
0,7,66,1,152,0
1,8,69,1,152,0
-1,-4,78,1,152,0
1,-3,92,1,152,0
6,-8,101,1,152,0
4,-2,113,1,152,0
7,4,121,1,152,0
8,-4,125,1,152,0
2,-6,149,1,152,0
5,2,151,1,152,0
-1,6,28,1,153,0
2,-7,29,1,153,0
3,1,29,1,153,0
2,0,35,1,153,0
4,2,37,1,153,0
-3,8,44,1,153,0
5,3,47,1,153,0
7,-2,125,1,153,0
-2,7,52,1,153,0
6,4,58,1,153,0
-4,-4,59,1,153,0
0,8,68,1,153,0
5,-6,74,1,153,0
1,-4,86,1,153,0
4,-3,87,1,153,0
-5,0,92,1,153,0
7,5,114,1,153,0
8,-5,121,1,153,0
8,6,142,1,153,0
-7,3,13,1,153,0
3,-1,17,1,153,0
-6,2,21,1,153,0
1,-5,22,1,153,0
3,2,36,1,153,0
-7,-4,39,1,153,0
1,0,41,1,153,0
4,3,46,1,153,0
7,-3,114,1,153,0
5,4,55,1,153,0
-1,7,59,1,153,0
-4,0,89,1,153,0
-5,1,99,1,153,0
8,-6,111,1,153,0
6,5,112,1,153,0
5,-7,111,1,153,0
8,7,124,1,153,0
7,6,152,1,153,0
-7,4,6,1,153,0
4,-5,41,1,153,0
0,0,48,1,153,0
-1,8,58,1,153,0
-3,0,66,1,153,0
2,2,71,1,153,0
3,3,79,1,153,0
4,4,86,1,153,0
5,5,104,1,153,0
-5,2,106,1,153,0
8,-7,107,1,153,0
3,-2,108,1,153,0
6,6,111,1,153,0
5,-8,118,1,153,0
8,8,123,1,153,0
7,-4,133,1,153,0
7,7,135,1,153,0
6,-1,152,1,153,0
3,-3,1,1,153,0
-7,5,9,1,153,0
1,-7,23,1,153,0
-4,2,34,1,153,0
4,-6,56,1,153,0
0,1,56,1,153,0
-2,0,59,1,153,0
-3,-4,65,1,153,0
1,2,66,1,153,0
2,3,76,1,153,0
0,-4,84,1,153,0
3,4,87,1,153,0
4,5,96,1,153,0
8,-8,99,1,153,0
5,6,104,1,153,0
-5,3,109,1,153,0
7,-5,117,1,153,0
7,8,129,1,153,0
6,7,146,1,153,0
6,-2,149,1,153,0
9,1,3,1,153,0
-7,6,11,1,153,0
1,-8,17,1,153,0
-3,2,39,1,153,0
-6,-4,46,1,153,0
-1,0,54,1,153,0
0,2,59,1,153,0
4,6,59,1,153,0
3,5,93,1,153,0
7,-6,114,1,153,0
1,3,114,1,153,0
-4,3,115,1,153,0
4,-7,129,1,153,0
8,0,145,1,153,0
6,8,139,1,153,0
6,-3,141,1,153,0
2,4,152,1,153,0
5,7,152,1,153,0
0,-6,14,1,153,0
-6,6,19,1,153,0
3,-5,35,1,153,0
3,6,53,1,153,0
4,7,89,1,153,0
5,8,93,1,153,0
7,-7,94,1,153,0
6,-4,106,1,153,0
2,-2,99,1,153,0
1,4,117,1,153,0
-4,4,118,1,153,0
7,0,139,1,153,0
-2,2,145,1,153,0
8,1,149,1,153,0
2,5,149,1,153,0
-1,1,152,1,153,0
0,-7,14,1,153,0
-5,6,25,1,153,0
8,-1,35,1,153,0
6,-5,54,1,153,0
-2,-4,71,1,153,0
7,-8,98,1,153,0
2,-3,98,1,153,0
1,5,103,1,153,0
3,7,126,1,153,0
-3,4,126,1,153,0
6,0,133,1,153,0
7,1,153,1,153,0
-2,3,141,1,153,0
3,-6,142,1,153,0
2,6,143,1,153,0
5,-2,146,1,153,0
8,2,149,1,153,0
0,4,149,1,153,0
-1,2,149,1,153,0
-1,3,4,1,153,0
0,-8,7,1,153,0
-4,6,31,1,153,0
8,-2,121,1,153,0
1,6,41,1,153,0
-5,-4,53,1,153,0
6,-6,77,1,153,0
5,-3,96,1,153,0
3,8,123,1,153,0
8,3,128,1,153,0
5,0,128,1,153,0
-2,4,134,1,153,0
2,7,136,1,153,0
6,1,139,1,153,0
3,-7,141,1,153,0
7,2,152,1,153,0
-2,5,18,1,153,0
-3,6,34,1,153,0
-8,-4,34,1,153,0
0,6,34,1,153,0
1,7,76,1,153,0
5,-4,98,1,153,0
6,-7,99,1,153,0
8,-3,119,1,153,0
4,-1,119,1,153,0
4,0,121,1,153,0
8,4,123,1,153,0
2,8,129,1,153,0
7,3,129,1,153,0
3,-8,133,1,153,0
6,2,146,1,153,0
2,-5,152,1,153,0
-1,4,152,1,153,0
-2,6,19,1,153,0
7,-1,132,1,153,0
3,0,23,1,153,0
-3,7,41,1,153,0
8,5,46,1,153,0
5,-5,47,1,153,0
0,7,66,1,153,0
1,8,69,1,153,0
-1,-4,78,1,153,0
1,-3,92,1,153,0
6,-8,101,1,153,0
4,-2,113,1,153,0
7,4,121,1,153,0
8,-4,125,1,153,0
2,-6,149,1,153,0
5,2,152,1,153,0
-1,6,28,1,154,0
2,-7,29,1,154,0
3,1,29,1,154,0
2,0,35,1,154,0
4,2,37,1,154,0
-3,8,44,1,154,0
5,3,47,1,154,0
7,-2,125,1,154,0
-2,7,52,1,154,0
6,4,58,1,154,0
-4,-4,59,1,154,0
0,8,68,1,154,0
5,-6,74,1,154,0
1,-4,86,1,154,0
4,-3,87,1,154,0
-5,0,92,1,154,0
7,5,114,1,154,0
8,-5,121,1,154,0
8,6,142,1,154,0
-7,3,13,1,154,0
3,-1,17,1,154,0
-6,2,21,1,154,0
3,2,36,1,154,0
-7,-4,39,1,154,0
1,0,41,1,154,0
4,3,46,1,154,0
7,-3,114,1,154,0
5,4,55,1,154,0
-1,7,59,1,154,0
-4,0,89,1,154,0
-5,1,99,1,154,0
8,-6,111,1,154,0
6,5,112,1,154,0
5,-7,111,1,154,0
8,7,124,1,154,0
1,-5,153,1,154,0
7,6,153,1,154,0
-7,4,6,1,154,0
4,-5,41,1,154,0
0,0,48,1,154,0
-1,8,58,1,154,0
-3,0,66,1,154,0
2,2,71,1,154,0
3,3,79,1,154,0
4,4,86,1,154,0
5,5,104,1,154,0
-5,2,106,1,154,0
8,-7,107,1,154,0
3,-2,108,1,154,0
6,6,111,1,154,0
5,-8,118,1,154,0
8,8,123,1,154,0
7,-4,133,1,154,0
7,7,135,1,154,0
6,-1,153,1,154,0
3,-3,1,1,154,0
-7,5,9,1,154,0
1,-7,23,1,154,0
-4,2,34,1,154,0
4,-6,56,1,154,0
0,1,56,1,154,0
-2,0,59,1,154,0
-3,-4,65,1,154,0
1,2,66,1,154,0
2,3,76,1,154,0
0,-4,84,1,154,0
3,4,87,1,154,0
4,5,96,1,154,0
8,-8,99,1,154,0
5,6,104,1,154,0
-5,3,109,1,154,0
7,-5,117,1,154,0
7,8,129,1,154,0
6,7,146,1,154,0
6,-2,149,1,154,0
9,1,3,1,154,0
-7,6,11,1,154,0
1,-8,17,1,154,0
-3,2,39,1,154,0
-6,-4,46,1,154,0
-1,0,54,1,154,0
0,2,59,1,154,0
4,6,59,1,154,0
3,5,93,1,154,0
7,-6,114,1,154,0
1,3,114,1,154,0
-4,3,115,1,154,0
4,-7,129,1,154,0
8,0,145,1,154,0
6,8,139,1,154,0
6,-3,141,1,154,0
2,4,153,1,154,0
5,7,153,1,154,0
0,-6,14,1,154,0
-6,6,19,1,154,0
3,-5,35,1,154,0
3,6,53,1,154,0
4,7,89,1,154,0
5,8,93,1,154,0
7,-7,94,1,154,0
6,-4,106,1,154,0
2,-2,99,1,154,0
1,4,117,1,154,0
-4,4,118,1,154,0
7,0,154,1,154,0
-2,2,145,1,154,0
8,1,149,1,154,0
2,5,149,1,154,0
-1,1,153,1,154,0
0,-7,14,1,154,0
-5,6,25,1,154,0
8,-1,35,1,154,0
6,-5,54,1,154,0
-2,-4,71,1,154,0
7,-8,98,1,154,0
2,-3,98,1,154,0
1,5,103,1,154,0
3,7,126,1,154,0
-3,4,126,1,154,0
6,0,133,1,154,0
7,1,153,1,154,0
-2,3,141,1,154,0
3,-6,142,1,154,0
2,6,143,1,154,0
5,-2,146,1,154,0
8,2,149,1,154,0
0,4,149,1,154,0
-1,2,149,1,154,0
-1,3,4,1,154,0
0,-8,7,1,154,0
-4,6,31,1,154,0
8,-2,121,1,154,0
1,6,41,1,154,0
-5,-4,53,1,154,0
6,-6,77,1,154,0
5,-3,96,1,154,0
3,8,123,1,154,0
8,3,128,1,154,0
5,0,128,1,154,0
-2,4,134,1,154,0
2,7,136,1,154,0
6,1,139,1,154,0
3,-7,141,1,154,0
7,2,153,1,154,0
-2,5,18,1,154,0
-3,6,34,1,154,0
-8,-4,34,1,154,0
0,6,34,1,154,0
1,7,76,1,154,0
5,-4,98,1,154,0
6,-7,99,1,154,0
8,-3,119,1,154,0
4,-1,119,1,154,0
4,0,121,1,154,0
8,4,123,1,154,0
2,8,129,1,154,0
7,3,129,1,154,0
3,-8,133,1,154,0
6,2,146,1,154,0
2,-5,152,1,154,0
-1,4,153,1,154,0
-2,6,19,1,154,0
7,-1,132,1,154,0
3,0,23,1,154,0
-3,7,41,1,154,0
8,5,46,1,154,0
5,-5,47,1,154,0
0,7,66,1,154,0
1,8,69,1,154,0
-1,-4,78,1,154,0
1,-3,92,1,154,0
6,-8,101,1,154,0
4,-2,113,1,154,0
7,4,121,1,154,0
8,-4,125,1,154,0
2,-6,149,1,154,0
5,2,153,1,154,0
-1,6,28,1,155,0
2,-7,29,1,155,0
3,1,29,1,155,0
2,0,35,1,155,0
-3,8,44,1,155,0
5,3,47,1,155,0
7,-2,125,1,155,0
-2,7,52,1,155,0
6,4,58,1,155,0
-4,-4,59,1,155,0
0,8,68,1,155,0
5,-6,74,1,155,0
1,-4,86,1,155,0
4,-3,87,1,155,0
-5,0,92,1,155,0
7,5,114,1,155,0
8,-5,121,1,155,0
8,6,142,1,155,0
4,2,154,1,155,0
-7,3,13,1,155,0
3,-1,17,1,155,0
-6,2,21,1,155,0
3,2,36,1,155,0
-7,-4,39,1,155,0
1,0,41,1,155,0
4,3,46,1,155,0
7,-3,114,1,155,0
5,4,55,1,155,0
-1,7,59,1,155,0
-4,0,89,1,155,0
-5,1,99,1,155,0
8,-6,111,1,155,0
6,5,112,1,155,0
5,-7,111,1,155,0
8,7,124,1,155,0
1,-5,154,1,155,0
7,6,154,1,155,0
-7,4,6,1,155,0
4,-5,41,1,155,0
0,0,48,1,155,0
-1,8,58,1,155,0
-3,0,66,1,155,0
2,2,71,1,155,0
3,3,79,1,155,0
4,4,86,1,155,0
5,5,104,1,155,0
-5,2,106,1,155,0
8,-7,107,1,155,0
3,-2,108,1,155,0
6,6,111,1,155,0
5,-8,118,1,155,0
8,8,123,1,155,0
7,-4,133,1,155,0
7,7,135,1,155,0
6,-1,153,1,155,0
3,-3,1,1,155,0
-7,5,9,1,155,0
1,-7,23,1,155,0
-4,2,34,1,155,0
4,-6,56,1,155,0
0,1,56,1,155,0
-2,0,59,1,155,0
-3,-4,65,1,155,0
1,2,66,1,155,0
2,3,76,1,155,0
0,-4,84,1,155,0
3,4,87,1,155,0
4,5,96,1,155,0
8,-8,99,1,155,0
5,6,104,1,155,0
-5,3,109,1,155,0
7,-5,117,1,155,0
7,8,129,1,155,0
6,7,146,1,155,0
6,-2,149,1,155,0
9,1,3,1,155,0
-7,6,11,1,155,0
1,-8,17,1,155,0
-3,2,39,1,155,0
-6,-4,46,1,155,0
-1,0,54,1,155,0
0,2,59,1,155,0
4,6,59,1,155,0
3,5,93,1,155,0
7,-6,114,1,155,0
1,3,114,1,155,0
-4,3,115,1,155,0
4,-7,129,1,155,0
8,0,145,1,155,0
6,8,139,1,155,0
6,-3,141,1,155,0
5,7,153,1,155,0
2,4,154,1,155,0
0,-6,14,1,155,0
-6,6,19,1,155,0
3,-5,35,1,155,0
3,6,53,1,155,0
5,8,93,1,155,0
7,-7,94,1,155,0
6,-4,106,1,155,0
2,-2,99,1,155,0
1,4,117,1,155,0
-4,4,118,1,155,0
7,0,155,1,155,0
-2,2,145,1,155,0
8,1,149,1,155,0
2,5,149,1,155,0
5,-1,154,1,155,0
4,7,154,1,155,0
-1,1,154,1,155,0
0,-7,14,1,155,0
-5,6,25,1,155,0
8,-1,35,1,155,0
6,-5,54,1,155,0
-2,-4,71,1,155,0
7,-8,98,1,155,0
2,-3,98,1,155,0
1,5,103,1,155,0
3,7,126,1,155,0
-3,4,126,1,155,0
6,0,133,1,155,0
7,1,153,1,155,0
-2,3,141,1,155,0
3,-6,142,1,155,0
2,6,143,1,155,0
5,-2,146,1,155,0
8,2,149,1,155,0
0,4,149,1,155,0
-1,2,149,1,155,0
-1,3,4,1,155,0
0,-8,7,1,155,0
-4,6,31,1,155,0
8,-2,121,1,155,0
1,6,41,1,155,0
-5,-4,53,1,155,0
6,-6,77,1,155,0
5,-3,96,1,155,0
3,8,123,1,155,0
8,3,128,1,155,0
5,0,128,1,155,0
-2,4,134,1,155,0
2,7,136,1,155,0
6,1,139,1,155,0
3,-7,141,1,155,0
7,2,154,1,155,0
-2,5,18,1,155,0
-3,6,34,1,155,0
-8,-4,34,1,155,0
0,6,34,1,155,0
1,7,76,1,155,0
5,-4,98,1,155,0
6,-7,99,1,155,0
8,-3,119,1,155,0
4,-1,119,1,155,0
4,0,121,1,155,0
8,4,123,1,155,0
2,8,129,1,155,0
7,3,129,1,155,0
3,-8,133,1,155,0
6,2,146,1,155,0
2,-5,152,1,155,0
-1,4,154,1,155,0
-2,6,19,1,155,0
7,-1,132,1,155,0
3,0,23,1,155,0
-3,7,41,1,155,0
8,5,46,1,155,0
5,-5,47,1,155,0
0,7,66,1,155,0
1,8,69,1,155,0
-1,-4,78,1,155,0
1,-3,92,1,155,0
6,-8,101,1,155,0
4,-2,113,1,155,0
7,4,121,1,155,0
8,-4,125,1,155,0
2,-6,149,1,155,0
5,2,153,1,155,0
-1,6,28,1,156,0
2,-7,29,1,156,0
3,1,29,1,156,0
2,0,35,1,156,0
-3,8,44,1,156,0
5,3,47,1,156,0
7,-2,125,1,156,0
-2,7,52,1,156,0
6,4,58,1,156,0
-4,-4,59,1,156,0
0,8,68,1,156,0
5,-6,74,1,156,0
1,-4,86,1,156,0
4,-3,87,1,156,0
-5,0,92,1,156,0
7,5,114,1,156,0
8,-5,121,1,156,0
8,6,142,1,156,0
4,2,155,1,156,0
-7,3,13,1,156,0
3,-1,17,1,156,0
-6,2,21,1,156,0
3,2,36,1,156,0
-7,-4,39,1,156,0
1,0,41,1,156,0
4,3,46,1,156,0
7,-3,114,1,156,0
5,4,55,1,156,0
-1,7,59,1,156,0
-4,0,89,1,156,0
-5,1,99,1,156,0
8,-6,111,1,156,0
6,5,112,1,156,0
5,-7,111,1,156,0
8,7,124,1,156,0
1,-5,155,1,156,0
7,6,155,1,156,0
-7,4,6,1,156,0
4,-5,41,1,156,0
0,0,48,1,156,0
-1,8,58,1,156,0
-3,0,66,1,156,0
2,2,71,1,156,0
3,3,79,1,156,0
4,4,86,1,156,0
5,5,104,1,156,0
-5,2,106,1,156,0
8,-7,107,1,156,0
3,-2,108,1,156,0
6,6,111,1,156,0
5,-8,118,1,156,0
8,8,123,1,156,0
7,-4,133,1,156,0
7,7,135,1,156,0
6,-1,153,1,156,0
3,-3,1,1,156,0
-7,5,9,1,156,0
1,-7,23,1,156,0
-4,2,34,1,156,0
4,-6,56,1,156,0
-2,0,59,1,156,0
-3,-4,65,1,156,0
1,2,66,1,156,0
2,3,76,1,156,0
0,-4,84,1,156,0
4,5,96,1,156,0
8,-8,99,1,156,0
5,6,104,1,156,0
-5,3,109,1,156,0
7,-5,117,1,156,0
7,8,129,1,156,0
6,7,146,1,156,0
6,-2,149,1,156,0
3,4,155,1,156,0
0,1,155,1,156,0
9,1,3,1,156,0
-7,6,11,1,156,0
1,-8,17,1,156,0
-3,2,39,1,156,0
-6,-4,46,1,156,0
-1,0,54,1,156,0
0,2,59,1,156,0
4,6,59,1,156,0
3,5,93,1,156,0
7,-6,114,1,156,0
1,3,114,1,156,0
-4,3,115,1,156,0
4,-7,129,1,156,0
8,0,145,1,156,0
6,8,139,1,156,0
6,-3,141,1,156,0
5,7,153,1,156,0
2,4,154,1,156,0
0,-6,14,1,156,0
-6,6,19,1,156,0
3,-5,35,1,156,0
3,6,53,1,156,0
5,8,93,1,156,0
7,-7,94,1,156,0
6,-4,106,1,156,0
2,-2,99,1,156,0
1,4,117,1,156,0
-4,4,118,1,156,0
7,0,156,1,156,0
-2,2,145,1,156,0
8,1,149,1,156,0
2,5,149,1,156,0
-1,1,154,1,156,0
5,-1,155,1,156,0
4,7,155,1,156,0
0,-7,14,1,156,0
-5,6,25,1,156,0
8,-1,35,1,156,0
6,-5,54,1,156,0
-2,-4,71,1,156,0
7,-8,98,1,156,0
2,-3,98,1,156,0
1,5,103,1,156,0
3,7,126,1,156,0
-3,4,126,1,156,0
6,0,133,1,156,0
7,1,153,1,156,0
-2,3,141,1,156,0
3,-6,142,1,156,0
2,6,143,1,156,0
5,-2,146,1,156,0
8,2,149,1,156,0
-1,2,149,1,156,0
0,4,155,1,156,0
-1,3,4,1,156,0
0,-8,7,1,156,0
-4,6,31,1,156,0
8,-2,121,1,156,0
1,6,41,1,156,0
-5,-4,53,1,156,0
6,-6,77,1,156,0
5,-3,96,1,156,0
3,8,123,1,156,0
8,3,128,1,156,0
5,0,128,1,156,0
-2,4,134,1,156,0
2,7,136,1,156,0
6,1,139,1,156,0
3,-7,141,1,156,0
7,2,154,1,156,0
-2,5,18,1,156,0
-3,6,34,1,156,0
-8,-4,34,1,156,0
0,6,34,1,156,0
1,7,76,1,156,0
5,-4,98,1,156,0
6,-7,99,1,156,0
8,-3,119,1,156,0
4,-1,119,1,156,0
4,0,121,1,156,0
8,4,123,1,156,0
2,8,129,1,156,0
3,-8,133,1,156,0
6,2,146,1,156,0
2,-5,152,1,156,0
-1,4,154,1,156,0
7,3,155,1,156,0
-2,6,19,1,156,0
7,-1,132,1,156,0
3,0,23,1,156,0
-3,7,41,1,156,0
8,5,46,1,156,0
5,-5,47,1,156,0
0,7,66,1,156,0
1,8,69,1,156,0
-1,-4,78,1,156,0
1,-3,92,1,156,0
6,-8,101,1,156,0
4,-2,113,1,156,0
7,4,121,1,156,0
8,-4,125,1,156,0
2,-6,149,1,156,0
5,2,153,1,156,0
-1,6,28,1,157,0
2,-7,29,1,157,0
3,1,29,1,157,0
2,0,35,1,157,0
-3,8,44,1,157,0
5,3,47,1,157,0
7,-2,125,1,157,0
-2,7,52,1,157,0
6,4,58,1,157,0
-4,-4,59,1,157,0
0,8,68,1,157,0
5,-6,74,1,157,0
1,-4,86,1,157,0
4,-3,87,1,157,0
-5,0,92,1,157,0
7,5,114,1,157,0
8,-5,121,1,157,0
8,6,142,1,157,0
4,2,156,1,157,0
-7,3,13,1,157,0
3,-1,17,1,157,0
-6,2,21,1,157,0
3,2,36,1,157,0
-7,-4,39,1,157,0
1,0,41,1,157,0
4,3,46,1,157,0
7,-3,114,1,157,0
5,4,55,1,157,0
-1,7,59,1,157,0
-4,0,89,1,157,0
-5,1,99,1,157,0
8,-6,111,1,157,0
6,5,112,1,157,0
5,-7,111,1,157,0
8,7,124,1,157,0
1,-5,156,1,157,0
7,6,156,1,157,0
-7,4,6,1,157,0
4,-5,41,1,157,0
0,0,48,1,157,0
-1,8,58,1,157,0
-3,0,66,1,157,0
2,2,71,1,157,0
3,3,79,1,157,0
4,4,86,1,157,0
5,5,104,1,157,0
-5,2,106,1,157,0
8,-7,107,1,157,0
3,-2,108,1,157,0
6,6,111,1,157,0
5,-8,118,1,157,0
8,8,123,1,157,0
7,-4,133,1,157,0
7,7,135,1,157,0
6,-1,153,1,157,0
3,-3,1,1,157,0
-7,5,9,1,157,0
1,-7,23,1,157,0
-4,2,34,1,157,0
4,-6,56,1,157,0
-2,0,59,1,157,0
-3,-4,65,1,157,0
1,2,66,1,157,0
2,3,76,1,157,0
0,-4,84,1,157,0
4,5,96,1,157,0
8,-8,99,1,157,0
5,6,104,1,157,0
-5,3,109,1,157,0
7,-5,117,1,157,0
7,8,129,1,157,0
6,7,146,1,157,0
6,-2,149,1,157,0
3,4,156,1,157,0
0,1,156,1,157,0
9,1,3,1,157,0
-7,6,11,1,157,0
1,-8,17,1,157,0
-3,2,39,1,157,0
-6,-4,46,1,157,0
-1,0,54,1,157,0
0,2,59,1,157,0
4,6,59,1,157,0
3,5,93,1,157,0
7,-6,114,1,157,0
1,3,114,1,157,0
-4,3,115,1,157,0
4,-7,129,1,157,0
8,0,145,1,157,0
6,8,139,1,157,0
6,-3,141,1,157,0
5,7,153,1,157,0
2,4,154,1,157,0
0,-6,14,1,157,0
-6,6,19,1,157,0
3,-5,35,1,157,0
3,6,53,1,157,0
5,8,93,1,157,0
7,-7,94,1,157,0
6,-4,106,1,157,0
2,-2,99,1,157,0
1,4,117,1,157,0
-4,4,118,1,157,0
7,0,157,1,157,0
-2,2,145,1,157,0
8,1,149,1,157,0
2,5,149,1,157,0
-1,1,154,1,157,0
4,7,155,1,157,0
5,-1,156,1,157,0
0,-7,14,1,157,0
-5,6,25,1,157,0
8,-1,35,1,157,0
6,-5,54,1,157,0
-2,-4,71,1,157,0
7,-8,98,1,157,0
2,-3,98,1,157,0
1,5,103,1,157,0
3,7,126,1,157,0
-3,4,126,1,157,0
6,0,133,1,157,0
7,1,153,1,157,0
-2,3,141,1,157,0
3,-6,142,1,157,0
2,6,143,1,157,0
5,-2,146,1,157,0
8,2,149,1,157,0
-1,2,149,1,157,0
0,4,156,1,157,0
4,8,156,1,157,0
-1,3,4,1,157,0
0,-8,7,1,157,0
-4,6,31,1,157,0
8,-2,121,1,157,0
1,6,41,1,157,0
-5,-4,53,1,157,0
6,-6,77,1,157,0
5,-3,96,1,157,0
3,8,123,1,157,0
8,3,128,1,157,0
5,0,128,1,157,0
-2,4,134,1,157,0
2,7,136,1,157,0
6,1,139,1,157,0
3,-7,141,1,157,0
7,2,154,1,157,0
-2,5,18,1,157,0
-3,6,34,1,157,0
-8,-4,34,1,157,0
0,6,34,1,157,0
1,7,76,1,157,0
5,-4,98,1,157,0
6,-7,99,1,157,0
8,-3,119,1,157,0
4,-1,119,1,157,0
4,0,121,1,157,0
8,4,123,1,157,0
2,8,129,1,157,0
3,-8,133,1,157,0
6,2,146,1,157,0
2,-5,152,1,157,0
-1,4,154,1,157,0
7,3,156,1,157,0
-2,6,19,1,157,0
7,-1,132,1,157,0
3,0,23,1,157,0
-3,7,41,1,157,0
8,5,46,1,157,0
5,-5,47,1,157,0
0,7,66,1,157,0
1,8,69,1,157,0
-1,-4,78,1,157,0
1,-3,92,1,157,0
6,-8,101,1,157,0
4,-2,113,1,157,0
7,4,121,1,157,0
8,-4,125,1,157,0
2,-6,149,1,157,0
5,2,153,1,157,0
-1,6,28,1,158,0
2,-7,29,1,158,0
3,1,29,1,158,0
2,0,35,1,158,0
-3,8,44,1,158,0
5,3,47,1,158,0
7,-2,125,1,158,0
-2,7,52,1,158,0
6,4,58,1,158,0
-4,-4,59,1,158,0
0,8,68,1,158,0
5,-6,74,1,158,0
1,-4,86,1,158,0
4,-3,87,1,158,0
-5,0,92,1,158,0
7,5,114,1,158,0
8,-5,121,1,158,0
8,6,142,1,158,0
4,2,157,1,158,0
-7,3,13,1,158,0
3,-1,17,1,158,0
-6,2,21,1,158,0
3,2,36,1,158,0
-7,-4,39,1,158,0
1,0,41,1,158,0
4,3,46,1,158,0
7,-3,114,1,158,0
5,4,55,1,158,0
-1,7,59,1,158,0
-4,0,89,1,158,0
-5,1,99,1,158,0
8,-6,111,1,158,0
6,5,112,1,158,0
5,-7,111,1,158,0
8,7,124,1,158,0
1,-5,157,1,158,0
7,6,157,1,158,0
-7,4,6,1,158,0
4,-5,41,1,158,0
0,0,48,1,158,0
-1,8,58,1,158,0
-3,0,66,1,158,0
2,2,71,1,158,0
3,3,79,1,158,0
4,4,86,1,158,0
5,5,104,1,158,0
-5,2,106,1,158,0
8,-7,107,1,158,0
3,-2,108,1,158,0
6,6,111,1,158,0
5,-8,118,1,158,0
8,8,123,1,158,0
7,-4,133,1,158,0
7,7,135,1,158,0
6,-1,153,1,158,0
3,-3,1,1,158,0
-7,5,9,1,158,0
1,-7,23,1,158,0
-4,2,34,1,158,0
4,-6,56,1,158,0
-2,0,59,1,158,0
-3,-4,65,1,158,0
1,2,66,1,158,0
2,3,76,1,158,0
0,-4,84,1,158,0
4,5,96,1,158,0
8,-8,99,1,158,0
5,6,104,1,158,0
-5,3,109,1,158,0
7,-5,117,1,158,0
7,8,129,1,158,0
6,7,146,1,158,0
6,-2,149,1,158,0
3,4,157,1,158,0
0,1,157,1,158,0
9,1,3,1,158,0
-7,6,11,1,158,0
1,-8,17,1,158,0
-3,2,39,1,158,0
-6,-4,46,1,158,0
-1,0,54,1,158,0
0,2,59,1,158,0
4,6,59,1,158,0
3,5,93,1,158,0
7,-6,114,1,158,0
1,3,114,1,158,0
-4,3,115,1,158,0
4,-7,129,1,158,0
8,0,145,1,158,0
6,8,139,1,158,0
6,-3,141,1,158,0
5,7,153,1,158,0
2,4,154,1,158,0
0,-6,14,1,158,0
-6,6,19,1,158,0
3,-5,35,1,158,0
3,6,53,1,158,0
5,8,93,1,158,0
7,-7,94,1,158,0
6,-4,106,1,158,0
2,-2,99,1,158,0
1,4,117,1,158,0
-4,4,118,1,158,0
7,0,158,1,158,0
-2,2,145,1,158,0
8,1,149,1,158,0
2,5,149,1,158,0
-1,1,154,1,158,0
4,7,155,1,158,0
5,-1,157,1,158,0
0,-7,14,1,158,0
-5,6,25,1,158,0
8,-1,35,1,158,0
6,-5,54,1,158,0
-2,-4,71,1,158,0
7,-8,98,1,158,0
2,-3,98,1,158,0
1,5,103,1,158,0
3,7,126,1,158,0
-3,4,126,1,158,0
6,0,133,1,158,0
7,1,153,1,158,0
-2,3,141,1,158,0
3,-6,142,1,158,0
2,6,143,1,158,0
5,-2,146,1,158,0
8,2,149,1,158,0
-1,2,149,1,158,0
0,4,157,1,158,0
4,8,157,1,158,0
-1,3,4,1,158,0
0,-8,7,1,158,0
-4,6,31,1,158,0
8,-2,121,1,158,0
1,6,41,1,158,0
-5,-4,53,1,158,0
6,-6,77,1,158,0
5,-3,96,1,158,0
3,8,123,1,158,0
8,3,128,1,158,0
5,0,128,1,158,0
-2,4,134,1,158,0
2,7,136,1,158,0
6,1,139,1,158,0
3,-7,141,1,158,0
7,2,154,1,158,0
-2,5,18,1,158,0
-3,6,34,1,158,0
-8,-4,34,1,158,0
0,6,34,1,158,0
1,7,76,1,158,0
5,-4,98,1,158,0
6,-7,99,1,158,0
8,-3,119,1,158,0
4,-1,119,1,158,0
4,0,121,1,158,0
8,4,123,1,158,0
2,8,129,1,158,0
3,-8,133,1,158,0
6,2,146,1,158,0
2,-5,152,1,158,0
-1,4,154,1,158,0
7,3,157,1,158,0
-2,6,19,1,158,0
7,-1,132,1,158,0
3,0,23,1,158,0
-3,7,41,1,158,0
8,5,46,1,158,0
5,-5,47,1,158,0
0,7,66,1,158,0
1,8,69,1,158,0
-1,-4,78,1,158,0
1,-3,92,1,158,0
6,-8,101,1,158,0
4,-2,113,1,158,0
7,4,121,1,158,0
8,-4,125,1,158,0
2,-6,149,1,158,0
5,2,153,1,158,0
-1,6,28,1,159,0
2,-7,29,1,159,0
3,1,29,1,159,0
2,0,35,1,159,0
-3,8,44,1,159,0
5,3,47,1,159,0
7,-2,125,1,159,0
-2,7,52,1,159,0
6,4,58,1,159,0
-4,-4,59,1,159,0
0,8,68,1,159,0
5,-6,74,1,159,0
1,-4,86,1,159,0
4,-3,87,1,159,0
-5,0,92,1,159,0
7,5,114,1,159,0
8,-5,121,1,159,0
8,6,142,1,159,0
4,2,158,1,159,0
-7,3,13,1,159,0
3,-1,17,1,159,0
-6,2,21,1,159,0
3,2,36,1,159,0
-7,-4,39,1,159,0
1,0,41,1,159,0
4,3,46,1,159,0
7,-3,114,1,159,0
5,4,55,1,159,0
-1,7,59,1,159,0
-4,0,89,1,159,0
-5,1,99,1,159,0
8,-6,111,1,159,0
6,5,112,1,159,0
5,-7,111,1,159,0
8,7,124,1,159,0
1,-5,158,1,159,0
7,6,158,1,159,0
-7,4,6,1,159,0
4,-5,41,1,159,0
0,0,48,1,159,0
-1,8,58,1,159,0
-3,0,66,1,159,0
2,2,71,1,159,0
3,3,79,1,159,0
4,4,86,1,159,0
5,5,104,1,159,0
-5,2,106,1,159,0
8,-7,107,1,159,0
3,-2,108,1,159,0
6,6,111,1,159,0
5,-8,118,1,159,0
8,8,123,1,159,0
7,-4,133,1,159,0
7,7,135,1,159,0
6,-1,153,1,159,0
3,-3,1,1,159,0
-7,5,9,1,159,0
1,-7,23,1,159,0
-4,2,34,1,159,0
4,-6,56,1,159,0
-2,0,59,1,159,0
-3,-4,65,1,159,0
1,2,66,1,159,0
2,3,76,1,159,0
0,-4,84,1,159,0
4,5,96,1,159,0
8,-8,99,1,159,0
5,6,104,1,159,0
-5,3,109,1,159,0
7,-5,117,1,159,0
7,8,129,1,159,0
6,7,146,1,159,0
6,-2,149,1,159,0
3,4,158,1,159,0
0,1,158,1,159,0
9,1,3,1,159,0
-7,6,11,1,159,0
1,-8,17,1,159,0
-3,2,39,1,159,0
-6,-4,46,1,159,0
-1,0,54,1,159,0
0,2,59,1,159,0
4,6,59,1,159,0
3,5,93,1,159,0
7,-6,114,1,159,0
1,3,114,1,159,0
-4,3,115,1,159,0
4,-7,129,1,159,0
8,0,159,1,159,0
6,8,139,1,159,0
6,-3,141,1,159,0
5,7,153,1,159,0
2,4,154,1,159,0
0,-6,14,1,159,0
-6,6,19,1,159,0
3,-5,35,1,159,0
3,6,53,1,159,0
5,8,93,1,159,0
7,-7,94,1,159,0
6,-4,106,1,159,0
2,-2,99,1,159,0
1,4,117,1,159,0
-4,4,118,1,159,0
7,0,158,1,159,0
-2,2,145,1,159,0
8,1,149,1,159,0
2,5,149,1,159,0
-1,1,154,1,159,0
4,7,155,1,159,0
5,-1,158,1,159,0
0,-7,14,1,159,0
-5,6,25,1,159,0
8,-1,35,1,159,0
6,-5,54,1,159,0
-2,-4,71,1,159,0
7,-8,98,1,159,0
2,-3,98,1,159,0
1,5,103,1,159,0
3,7,126,1,159,0
-3,4,126,1,159,0
6,0,133,1,159,0
7,1,153,1,159,0
-2,3,141,1,159,0
3,-6,142,1,159,0
2,6,143,1,159,0
5,-2,146,1,159,0
8,2,149,1,159,0
-1,2,149,1,159,0
0,4,157,1,159,0
4,8,158,1,159,0
-1,3,4,1,159,0
0,-8,7,1,159,0
-4,6,31,1,159,0
8,-2,121,1,159,0
1,6,41,1,159,0
-5,-4,53,1,159,0
6,-6,77,1,159,0
5,-3,96,1,159,0
3,8,123,1,159,0
8,3,128,1,159,0
5,0,128,1,159,0
-2,4,134,1,159,0
2,7,136,1,159,0
6,1,139,1,159,0
3,-7,141,1,159,0
7,2,154,1,159,0
-2,5,18,1,159,0
-3,6,34,1,159,0
-8,-4,34,1,159,0
0,6,34,1,159,0
1,7,76,1,159,0
5,-4,98,1,159,0
6,-7,99,1,159,0
8,-3,119,1,159,0
4,-1,119,1,159,0
4,0,121,1,159,0
8,4,123,1,159,0
2,8,129,1,159,0
3,-8,133,1,159,0
6,2,146,1,159,0
2,-5,152,1,159,0
7,3,158,1,159,0
-1,4,158,1,159,0
-2,6,19,1,159,0
7,-1,132,1,159,0
3,0,23,1,159,0
-3,7,41,1,159,0
8,5,46,1,159,0
5,-5,47,1,159,0
0,7,66,1,159,0
1,8,69,1,159,0
-1,-4,78,1,159,0
1,-3,92,1,159,0
6,-8,101,1,159,0
4,-2,113,1,159,0
7,4,121,1,159,0
8,-4,125,1,159,0
2,-6,149,1,159,0
5,2,153,1,159,0
-1,6,28,1,160,0
2,-7,29,1,160,0
3,1,29,1,160,0
2,0,35,1,160,0
-3,8,44,1,160,0
5,3,47,1,160,0
7,-2,125,1,160,0
-2,7,52,1,160,0
6,4,58,1,160,0
-4,-4,59,1,160,0
0,8,68,1,160,0
5,-6,74,1,160,0
1,-4,86,1,160,0
4,-3,87,1,160,0
-5,0,92,1,160,0
8,-5,121,1,160,0
8,6,142,1,160,0
7,5,159,1,160,0
4,2,159,1,160,0
-7,3,13,1,160,0
3,-1,17,1,160,0
-6,2,21,1,160,0
3,2,36,1,160,0
-7,-4,39,1,160,0
1,0,41,1,160,0
4,3,46,1,160,0
7,-3,114,1,160,0
5,4,55,1,160,0
-1,7,59,1,160,0
-4,0,89,1,160,0
-5,1,99,1,160,0
8,-6,111,1,160,0
6,5,112,1,160,0
5,-7,111,1,160,0
8,7,124,1,160,0
1,-5,158,1,160,0
7,6,158,1,160,0
-7,4,6,1,160,0
4,-5,41,1,160,0
0,0,48,1,160,0
-1,8,58,1,160,0
-3,0,66,1,160,0
2,2,71,1,160,0
3,3,79,1,160,0
4,4,86,1,160,0
5,5,104,1,160,0
-5,2,106,1,160,0
8,-7,107,1,160,0
3,-2,108,1,160,0
6,6,111,1,160,0
5,-8,118,1,160,0
8,8,123,1,160,0
7,-4,133,1,160,0
7,7,135,1,160,0
6,-1,153,1,160,0
1,-6,159,1,160,0
3,-3,1,1,160,0
-7,5,9,1,160,0
1,-7,23,1,160,0
-4,2,34,1,160,0
4,-6,56,1,160,0
-2,0,59,1,160,0
-3,-4,65,1,160,0
1,2,66,1,160,0
2,3,76,1,160,0
0,-4,84,1,160,0
4,5,96,1,160,0
8,-8,99,1,160,0
5,6,104,1,160,0
-5,3,109,1,160,0
7,-5,117,1,160,0
7,8,129,1,160,0
6,7,146,1,160,0
6,-2,149,1,160,0
3,4,159,1,160,0
0,1,159,1,160,0
9,1,3,1,160,0
-7,6,11,1,160,0
1,-8,17,1,160,0
-3,2,39,1,160,0
-6,-4,46,1,160,0
-1,0,54,1,160,0
0,2,59,1,160,0
4,6,59,1,160,0
3,5,93,1,160,0
7,-6,114,1,160,0
1,3,114,1,160,0
-4,3,115,1,160,0
4,-7,129,1,160,0
8,0,159,1,160,0
6,8,139,1,160,0
6,-3,141,1,160,0
5,7,153,1,160,0
2,4,154,1,160,0
0,-6,14,1,160,0
-6,6,19,1,160,0
3,-5,35,1,160,0
3,6,53,1,160,0
5,8,93,1,160,0
7,-7,94,1,160,0
6,-4,106,1,160,0
2,-2,99,1,160,0
1,4,117,1,160,0
-4,4,118,1,160,0
7,0,158,1,160,0
-2,2,145,1,160,0
8,1,149,1,160,0
2,5,149,1,160,0
-1,1,154,1,160,0
4,7,155,1,160,0
5,-1,158,1,160,0
0,-7,14,1,160,0
-5,6,25,1,160,0
8,-1,35,1,160,0
6,-5,54,1,160,0
-2,-4,71,1,160,0
7,-8,98,1,160,0
2,-3,98,1,160,0
1,5,103,1,160,0
3,7,126,1,160,0
-3,4,126,1,160,0
6,0,133,1,160,0
7,1,153,1,160,0
-2,3,141,1,160,0
3,-6,142,1,160,0
2,6,143,1,160,0
5,-2,146,1,160,0
8,2,149,1,160,0
-1,2,149,1,160,0
0,4,157,1,160,0
4,8,159,1,160,0
-1,3,4,1,160,0
0,-8,7,1,160,0
-4,6,31,1,160,0
8,-2,121,1,160,0
1,6,41,1,160,0
-5,-4,53,1,160,0
6,-6,77,1,160,0
5,-3,96,1,160,0
3,8,123,1,160,0
8,3,128,1,160,0
-2,4,134,1,160,0
2,7,136,1,160,0
6,1,139,1,160,0
3,-7,141,1,160,0
7,2,154,1,160,0
5,0,159,1,160,0
-2,5,18,1,160,0
-3,6,34,1,160,0
-8,-4,34,1,160,0
0,6,34,1,160,0
1,7,76,1,160,0
5,-4,98,1,160,0
6,-7,99,1,160,0
8,-3,119,1,160,0
4,-1,119,1,160,0
4,0,121,1,160,0
8,4,123,1,160,0
2,8,129,1,160,0
3,-8,133,1,160,0
6,2,146,1,160,0
2,-5,152,1,160,0
7,3,159,1,160,0
-1,4,159,1,160,0
-2,6,19,1,160,0
7,-1,132,1,160,0
3,0,23,1,160,0
-3,7,41,1,160,0
8,5,46,1,160,0
5,-5,47,1,160,0
0,7,66,1,160,0
1,8,69,1,160,0
-1,-4,78,1,160,0
1,-3,92,1,160,0
6,-8,101,1,160,0
4,-2,113,1,160,0
7,4,121,1,160,0
8,-4,125,1,160,0
2,-6,149,1,160,0
5,2,153,1,160,0
-1,6,28,1,161,0
2,-7,29,1,161,0
3,1,29,1,161,0
2,0,35,1,161,0
-3,8,44,1,161,0
5,3,47,1,161,0
7,-2,125,1,161,0
-2,7,52,1,161,0
6,4,58,1,161,0
-4,-4,59,1,161,0
0,8,68,1,161,0
5,-6,74,1,161,0
1,-4,86,1,161,0
4,-3,87,1,161,0
-5,0,92,1,161,0
8,-5,121,1,161,0
8,6,142,1,161,0
7,5,159,1,161,0
4,2,159,1,161,0
-7,3,13,1,161,0
3,-1,17,1,161,0
-6,2,21,1,161,0
3,2,36,1,161,0
-7,-4,39,1,161,0
1,0,41,1,161,0
4,3,46,1,161,0
7,-3,114,1,161,0
5,4,55,1,161,0
-1,7,59,1,161,0
-4,0,89,1,161,0
-5,1,99,1,161,0
8,-6,111,1,161,0
6,5,112,1,161,0
5,-7,111,1,161,0
8,7,124,1,161,0
1,-5,158,1,161,0
7,6,158,1,161,0
-7,4,6,1,161,0
4,-5,41,1,161,0
0,0,48,1,161,0
-1,8,58,1,161,0
-3,0,66,1,161,0
2,2,71,1,161,0
3,3,79,1,161,0
4,4,86,1,161,0
5,5,104,1,161,0
-5,2,106,1,161,0
8,-7,107,1,161,0
3,-2,108,1,161,0
6,6,111,1,161,0
5,-8,118,1,161,0
8,8,123,1,161,0
7,-4,133,1,161,0
7,7,135,1,161,0
6,-1,153,1,161,0
1,-6,159,1,161,0
3,-3,1,1,161,0
-7,5,9,1,161,0
1,-7,23,1,161,0
-4,2,34,1,161,0
4,-6,56,1,161,0
-2,0,59,1,161,0
-3,-4,65,1,161,0
1,2,66,1,161,0
2,3,76,1,161,0
0,-4,84,1,161,0
4,5,96,1,161,0
8,-8,99,1,161,0
5,6,104,1,161,0
-5,3,109,1,161,0
7,-5,117,1,161,0
7,8,129,1,161,0
6,7,146,1,161,0
6,-2,149,1,161,0
3,4,159,1,161,0
0,1,159,1,161,0
9,1,3,1,161,0
-7,6,11,1,161,0
1,-8,17,1,161,0
-3,2,39,1,161,0
-6,-4,46,1,161,0
-1,0,54,1,161,0
0,2,59,1,161,0
4,6,59,1,161,0
3,5,93,1,161,0
7,-6,114,1,161,0
1,3,114,1,161,0
-4,3,115,1,161,0
4,-7,129,1,161,0
8,0,161,1,161,0
6,8,139,1,161,0
6,-3,141,1,161,0
5,7,153,1,161,0
2,4,154,1,161,0
0,-6,14,1,161,0
-6,6,19,1,161,0
3,-5,35,1,161,0
3,6,53,1,161,0
5,8,93,1,161,0
7,-7,94,1,161,0
6,-4,106,1,161,0
2,-2,99,1,161,0
1,4,117,1,161,0
-4,4,118,1,161,0
7,0,158,1,161,0
-2,2,145,1,161,0
8,1,149,1,161,0
2,5,149,1,161,0
-1,1,154,1,161,0
4,7,155,1,161,0
5,-1,158,1,161,0
0,-7,14,1,161,0
-5,6,25,1,161,0
8,-1,35,1,161,0
6,-5,54,1,161,0
-2,-4,71,1,161,0
7,-8,98,1,161,0
2,-3,98,1,161,0
1,5,103,1,161,0
3,7,126,1,161,0
-3,4,126,1,161,0
6,0,133,1,161,0
7,1,153,1,161,0
-2,3,141,1,161,0
3,-6,142,1,161,0
2,6,143,1,161,0
5,-2,146,1,161,0
8,2,149,1,161,0
-1,2,149,1,161,0
0,4,157,1,161,0
4,8,159,1,161,0
-1,3,4,1,161,0
0,-8,7,1,161,0
-4,6,31,1,161,0
8,-2,121,1,161,0
1,6,41,1,161,0
-5,-4,53,1,161,0
6,-6,77,1,161,0
5,-3,96,1,161,0
3,8,123,1,161,0
8,3,128,1,161,0
-2,4,134,1,161,0
2,7,136,1,161,0
6,1,139,1,161,0
3,-7,141,1,161,0
7,2,154,1,161,0
5,0,159,1,161,0
-2,5,18,1,161,0
-3,6,34,1,161,0
-8,-4,34,1,161,0
0,6,34,1,161,0
1,7,76,1,161,0
5,-4,98,1,161,0
6,-7,99,1,161,0
8,-3,119,1,161,0
4,-1,119,1,161,0
4,0,121,1,161,0
8,4,123,1,161,0
2,8,129,1,161,0
3,-8,133,1,161,0
6,2,146,1,161,0
2,-5,152,1,161,0
7,3,159,1,161,0
-1,4,159,1,161,0
-2,6,19,1,161,0
7,-1,132,1,161,0
3,0,23,1,161,0
-3,7,41,1,161,0
8,5,46,1,161,0
5,-5,47,1,161,0
0,7,66,1,161,0
1,8,69,1,161,0
-1,-4,78,1,161,0
1,-3,92,1,161,0
6,-8,101,1,161,0
4,-2,113,1,161,0
7,4,121,1,161,0
8,-4,125,1,161,0
2,-6,149,1,161,0
5,2,153,1,161,0
-1,6,28,1,162,0
2,-7,29,1,162,0
3,1,29,1,162,0
2,0,35,1,162,0
-3,8,44,1,162,0
5,3,47,1,162,0
7,-2,125,1,162,0
-2,7,52,1,162,0
6,4,58,1,162,0
-4,-4,59,1,162,0
0,8,68,1,162,0
5,-6,74,1,162,0
1,-4,86,1,162,0
4,-3,87,1,162,0
-5,0,92,1,162,0
8,-5,121,1,162,0
8,6,142,1,162,0
7,5,159,1,162,0
4,2,161,1,162,0
-7,3,13,1,162,0
3,-1,17,1,162,0
-6,2,21,1,162,0
3,2,36,1,162,0
-7,-4,39,1,162,0
1,0,41,1,162,0
4,3,46,1,162,0
7,-3,114,1,162,0
5,4,55,1,162,0
-1,7,59,1,162,0
-4,0,89,1,162,0
-5,1,99,1,162,0
8,-6,111,1,162,0
6,5,112,1,162,0
5,-7,111,1,162,0
8,7,124,1,162,0
1,-5,158,1,162,0
7,6,161,1,162,0
-7,4,6,1,162,0
4,-5,41,1,162,0
0,0,48,1,162,0
-1,8,58,1,162,0
-3,0,66,1,162,0
2,2,71,1,162,0
3,3,79,1,162,0
4,4,86,1,162,0
5,5,104,1,162,0
-5,2,106,1,162,0
8,-7,107,1,162,0
3,-2,108,1,162,0
6,6,111,1,162,0
5,-8,118,1,162,0
8,8,123,1,162,0
7,-4,133,1,162,0
7,7,135,1,162,0
6,-1,153,1,162,0
1,-6,161,1,162,0
3,-3,1,1,162,0
-7,5,9,1,162,0
1,-7,23,1,162,0
-4,2,34,1,162,0
4,-6,56,1,162,0
-2,0,59,1,162,0
-3,-4,65,1,162,0
1,2,66,1,162,0
2,3,76,1,162,0
0,-4,84,1,162,0
4,5,96,1,162,0
8,-8,99,1,162,0
5,6,104,1,162,0
-5,3,109,1,162,0
7,-5,117,1,162,0
7,8,129,1,162,0
6,7,146,1,162,0
6,-2,149,1,162,0
3,4,161,1,162,0
0,1,161,1,162,0
9,1,3,1,162,0
-7,6,11,1,162,0
1,-8,17,1,162,0
-3,2,39,1,162,0
-6,-4,46,1,162,0
-1,0,54,1,162,0
0,2,59,1,162,0
4,6,59,1,162,0
3,5,93,1,162,0
7,-6,114,1,162,0
1,3,114,1,162,0
-4,3,115,1,162,0
4,-7,129,1,162,0
8,0,162,1,162,0
6,8,139,1,162,0
6,-3,141,1,162,0
5,7,153,1,162,0
2,4,154,1,162,0
0,-6,14,1,162,0
-6,6,19,1,162,0
3,-5,35,1,162,0
3,6,53,1,162,0
5,8,93,1,162,0
7,-7,94,1,162,0
6,-4,106,1,162,0
2,-2,99,1,162,0
1,4,117,1,162,0
-4,4,118,1,162,0
7,0,158,1,162,0
-2,2,145,1,162,0
8,1,149,1,162,0
2,5,149,1,162,0
-1,1,154,1,162,0
5,-1,158,1,162,0
4,7,161,1,162,0
0,-7,14,1,162,0
-5,6,25,1,162,0
8,-1,35,1,162,0
6,-5,54,1,162,0
-2,-4,71,1,162,0
7,-8,98,1,162,0
2,-3,98,1,162,0
1,5,103,1,162,0
3,7,126,1,162,0
-3,4,126,1,162,0
6,0,133,1,162,0
7,1,153,1,162,0
-2,3,141,1,162,0
3,-6,142,1,162,0
2,6,143,1,162,0
5,-2,146,1,162,0
8,2,149,1,162,0
-1,2,149,1,162,0
4,8,159,1,162,0
0,4,161,1,162,0
-1,3,4,1,162,0
0,-8,7,1,162,0
-4,6,31,1,162,0
8,-2,121,1,162,0
1,6,41,1,162,0
-5,-4,53,1,162,0
6,-6,77,1,162,0
5,-3,96,1,162,0
3,8,123,1,162,0
8,3,128,1,162,0
-2,4,134,1,162,0
2,7,136,1,162,0
6,1,139,1,162,0
3,-7,141,1,162,0
7,2,154,1,162,0
5,0,161,1,162,0
-2,5,18,1,162,0
-3,6,34,1,162,0
-8,-4,34,1,162,0
0,6,34,1,162,0
1,7,76,1,162,0
5,-4,98,1,162,0
6,-7,99,1,162,0
8,-3,119,1,162,0
4,-1,119,1,162,0
4,0,121,1,162,0
8,4,123,1,162,0
2,8,129,1,162,0
3,-8,133,1,162,0
6,2,146,1,162,0
2,-5,152,1,162,0
-1,4,159,1,162,0
7,3,161,1,162,0
-2,6,19,1,162,0
7,-1,132,1,162,0
3,0,23,1,162,0
-3,7,41,1,162,0
8,5,46,1,162,0
5,-5,47,1,162,0
0,7,66,1,162,0
1,8,69,1,162,0
-1,-4,78,1,162,0
1,-3,92,1,162,0
6,-8,101,1,162,0
4,-2,113,1,162,0
7,4,121,1,162,0
8,-4,125,1,162,0
2,-6,149,1,162,0
5,2,153,1,162,0
-1,6,28,1,163,0
2,-7,29,1,163,0
3,1,29,1,163,0
2,0,35,1,163,0
-3,8,44,1,163,0
5,3,47,1,163,0
7,-2,125,1,163,0
-2,7,52,1,163,0
6,4,58,1,163,0
-4,-4,59,1,163,0
0,8,68,1,163,0
5,-6,74,1,163,0
1,-4,86,1,163,0
4,-3,87,1,163,0
-5,0,92,1,163,0
8,-5,121,1,163,0
8,6,142,1,163,0
7,5,159,1,163,0
4,2,161,1,163,0
-7,3,13,1,163,0
3,-1,17,1,163,0
-6,2,21,1,163,0
3,2,36,1,163,0
-7,-4,39,1,163,0
1,0,41,1,163,0
4,3,46,1,163,0
7,-3,114,1,163,0
5,4,55,1,163,0
-1,7,59,1,163,0
-4,0,89,1,163,0
-5,1,99,1,163,0
8,-6,111,1,163,0
6,5,112,1,163,0
5,-7,111,1,163,0
8,7,124,1,163,0
1,-5,158,1,163,0
7,6,162,1,163,0
-7,4,6,1,163,0
4,-5,41,1,163,0
0,0,48,1,163,0
-1,8,58,1,163,0
-3,0,66,1,163,0
2,2,71,1,163,0
3,3,79,1,163,0
5,5,104,1,163,0
-5,2,106,1,163,0
8,-7,107,1,163,0
3,-2,108,1,163,0
6,6,111,1,163,0
5,-8,118,1,163,0
8,8,123,1,163,0
7,-4,133,1,163,0
7,7,135,1,163,0
6,-1,153,1,163,0
4,4,162,1,163,0
1,-6,162,1,163,0
3,-3,1,1,163,0
-7,5,9,1,163,0
1,-7,23,1,163,0
-4,2,34,1,163,0
4,-6,56,1,163,0
-2,0,59,1,163,0
-3,-4,65,1,163,0
1,2,66,1,163,0
2,3,76,1,163,0
0,-4,84,1,163,0
4,5,96,1,163,0
8,-8,99,1,163,0
5,6,104,1,163,0
-5,3,109,1,163,0
7,-5,117,1,163,0
7,8,129,1,163,0
6,7,146,1,163,0
6,-2,149,1,163,0
3,4,161,1,163,0
0,1,162,1,163,0
9,1,3,1,163,0
-7,6,11,1,163,0
1,-8,17,1,163,0
-3,2,39,1,163,0
-6,-4,46,1,163,0
-1,0,54,1,163,0
0,2,59,1,163,0
4,6,59,1,163,0
3,5,93,1,163,0
7,-6,114,1,163,0
1,3,114,1,163,0
-4,3,115,1,163,0
4,-7,129,1,163,0
8,0,163,1,163,0
6,8,139,1,163,0
6,-3,141,1,163,0
2,4,154,1,163,0
5,7,162,1,163,0
0,-6,14,1,163,0
-6,6,19,1,163,0
3,-5,35,1,163,0
3,6,53,1,163,0
5,8,93,1,163,0
7,-7,94,1,163,0
6,-4,106,1,163,0
2,-2,99,1,163,0
1,4,117,1,163,0
-4,4,118,1,163,0
7,0,158,1,163,0
-2,2,145,1,163,0
8,1,149,1,163,0
2,5,149,1,163,0
-1,1,154,1,163,0
5,-1,158,1,163,0
4,7,161,1,163,0
0,-7,14,1,163,0
-5,6,25,1,163,0
8,-1,35,1,163,0
6,-5,54,1,163,0
-2,-4,71,1,163,0
7,-8,98,1,163,0
2,-3,98,1,163,0
1,5,103,1,163,0
3,7,126,1,163,0
-3,4,126,1,163,0
6,0,133,1,163,0
7,1,153,1,163,0
-2,3,141,1,163,0
3,-6,142,1,163,0
2,6,143,1,163,0
5,-2,146,1,163,0
8,2,149,1,163,0
-1,2,149,1,163,0
4,8,159,1,163,0
0,4,162,1,163,0
-1,3,4,1,163,0
0,-8,7,1,163,0
-4,6,31,1,163,0
8,-2,121,1,163,0
1,6,41,1,163,0
-5,-4,53,1,163,0
6,-6,77,1,163,0
5,-3,96,1,163,0
3,8,123,1,163,0
8,3,128,1,163,0
-2,4,134,1,163,0
2,7,136,1,163,0
6,1,139,1,163,0
3,-7,141,1,163,0
7,2,154,1,163,0
5,0,162,1,163,0
-2,5,18,1,163,0
-3,6,34,1,163,0
-8,-4,34,1,163,0
0,6,34,1,163,0
1,7,76,1,163,0
5,-4,98,1,163,0
6,-7,99,1,163,0
8,-3,119,1,163,0
4,-1,119,1,163,0
4,0,121,1,163,0
8,4,123,1,163,0
2,8,129,1,163,0
3,-8,133,1,163,0
6,2,146,1,163,0
2,-5,152,1,163,0
-1,4,159,1,163,0
7,3,162,1,163,0
-2,6,19,1,163,0
7,-1,132,1,163,0
3,0,23,1,163,0
-3,7,41,1,163,0
8,5,46,1,163,0
5,-5,47,1,163,0
0,7,66,1,163,0
1,8,69,1,163,0
-1,-4,78,1,163,0
1,-3,92,1,163,0
6,-8,101,1,163,0
4,-2,113,1,163,0
7,4,121,1,163,0
8,-4,125,1,163,0
2,-6,149,1,163,0
5,2,153,1,163,0
4,1,162,1,163,0
-1,6,28,1,164,0
2,-7,29,1,164,0
3,1,29,1,164,0
2,0,35,1,164,0
-3,8,44,1,164,0
5,3,47,1,164,0
7,-2,125,1,164,0
-2,7,52,1,164,0
6,4,58,1,164,0
-4,-4,59,1,164,0
0,8,68,1,164,0
5,-6,74,1,164,0
1,-4,86,1,164,0
4,-3,87,1,164,0
-5,0,92,1,164,0
8,-5,121,1,164,0
8,6,142,1,164,0
7,5,159,1,164,0
4,2,161,1,164,0
-7,3,13,1,164,0
3,-1,17,1,164,0
-6,2,21,1,164,0
3,2,36,1,164,0
-7,-4,39,1,164,0
1,0,41,1,164,0
4,3,46,1,164,0
7,-3,114,1,164,0
5,4,55,1,164,0
-1,7,59,1,164,0
-4,0,89,1,164,0
-5,1,99,1,164,0
8,-6,111,1,164,0
6,5,112,1,164,0
5,-7,111,1,164,0
8,7,124,1,164,0
1,-5,158,1,164,0
7,6,163,1,164,0
-7,4,6,1,164,0
4,-5,41,1,164,0
0,0,48,1,164,0
-1,8,58,1,164,0
-3,0,66,1,164,0
2,2,71,1,164,0
3,3,79,1,164,0
5,5,104,1,164,0
-5,2,106,1,164,0
8,-7,107,1,164,0
3,-2,108,1,164,0
6,6,111,1,164,0
5,-8,118,1,164,0
8,8,123,1,164,0
7,-4,133,1,164,0
7,7,135,1,164,0
6,-1,153,1,164,0
4,4,163,1,164,0
1,-6,163,1,164,0
3,-3,1,1,164,0
-7,5,9,1,164,0
1,-7,23,1,164,0
-4,2,34,1,164,0
4,-6,56,1,164,0
-2,0,59,1,164,0
-3,-4,65,1,164,0
1,2,66,1,164,0
2,3,76,1,164,0
0,-4,84,1,164,0
4,5,96,1,164,0
8,-8,99,1,164,0
5,6,104,1,164,0
-5,3,109,1,164,0
7,-5,117,1,164,0
7,8,129,1,164,0
6,7,146,1,164,0
6,-2,149,1,164,0
3,4,161,1,164,0
0,1,162,1,164,0
9,1,3,1,164,0
-7,6,11,1,164,0
1,-8,17,1,164,0
-3,2,39,1,164,0
-6,-4,46,1,164,0
-1,0,54,1,164,0
0,2,59,1,164,0
4,6,59,1,164,0
3,5,93,1,164,0
7,-6,114,1,164,0
1,3,114,1,164,0
-4,3,115,1,164,0
4,-7,129,1,164,0
8,0,163,1,164,0
6,8,139,1,164,0
6,-3,141,1,164,0
2,4,154,1,164,0
5,7,163,1,164,0
0,-6,14,1,164,0
-6,6,19,1,164,0
3,-5,35,1,164,0
3,6,53,1,164,0
5,8,93,1,164,0
7,-7,94,1,164,0
6,-4,106,1,164,0
2,-2,99,1,164,0
1,4,117,1,164,0
-4,4,118,1,164,0
7,0,158,1,164,0
-2,2,145,1,164,0
8,1,149,1,164,0
2,5,149,1,164,0
-1,1,154,1,164,0
5,-1,158,1,164,0
4,7,161,1,164,0
0,-7,14,1,164,0
-5,6,25,1,164,0
8,-1,164,1,164,0
6,-5,54,1,164,0
-2,-4,71,1,164,0
7,-8,98,1,164,0
2,-3,98,1,164,0
1,5,103,1,164,0
3,7,126,1,164,0
-3,4,126,1,164,0
6,0,133,1,164,0
7,1,153,1,164,0
-2,3,141,1,164,0
3,-6,142,1,164,0
2,6,143,1,164,0
5,-2,146,1,164,0
8,2,149,1,164,0
-1,2,149,1,164,0
4,8,159,1,164,0
0,4,163,1,164,0
-1,3,4,1,164,0
0,-8,7,1,164,0
-4,6,31,1,164,0
8,-2,121,1,164,0
1,6,41,1,164,0
-5,-4,53,1,164,0
6,-6,77,1,164,0
5,-3,96,1,164,0
3,8,123,1,164,0
8,3,128,1,164,0
-2,4,134,1,164,0
2,7,136,1,164,0
6,1,139,1,164,0
3,-7,141,1,164,0
7,2,154,1,164,0
5,0,163,1,164,0
-2,5,18,1,164,0
-3,6,34,1,164,0
-8,-4,34,1,164,0
0,6,34,1,164,0
1,7,76,1,164,0
5,-4,98,1,164,0
6,-7,99,1,164,0
8,-3,119,1,164,0
4,-1,119,1,164,0
4,0,121,1,164,0
8,4,123,1,164,0
2,8,129,1,164,0
3,-8,133,1,164,0
6,2,146,1,164,0
2,-5,152,1,164,0
-1,4,159,1,164,0
7,3,162,1,164,0
-2,6,19,1,164,0
7,-1,132,1,164,0
3,0,23,1,164,0
-3,7,41,1,164,0
8,5,46,1,164,0
5,-5,47,1,164,0
0,7,66,1,164,0
1,8,69,1,164,0
-1,-4,78,1,164,0
1,-3,92,1,164,0
6,-8,101,1,164,0
4,-2,113,1,164,0
8,-4,125,1,164,0
2,-6,149,1,164,0
5,2,153,1,164,0
7,4,163,1,164,0
4,1,163,1,164,0
-1,6,28,1,165,0
2,-7,29,1,165,0
3,1,29,1,165,0
2,0,35,1,165,0
-3,8,44,1,165,0
5,3,47,1,165,0
7,-2,125,1,165,0
-2,7,52,1,165,0
6,4,58,1,165,0
-4,-4,59,1,165,0
0,8,68,1,165,0
5,-6,74,1,165,0
1,-4,86,1,165,0
4,-3,87,1,165,0
-5,0,92,1,165,0
8,-5,121,1,165,0
8,6,142,1,165,0
4,2,161,1,165,0
7,5,164,1,165,0
-7,3,13,1,165,0
3,-1,17,1,165,0
-6,2,21,1,165,0
3,2,36,1,165,0
-7,-4,39,1,165,0
1,0,41,1,165,0
7,-3,114,1,165,0
5,4,55,1,165,0
-1,7,59,1,165,0
-4,0,89,1,165,0
-5,1,99,1,165,0
8,-6,111,1,165,0
6,5,112,1,165,0
5,-7,111,1,165,0
8,7,124,1,165,0
1,-5,158,1,165,0
7,6,163,1,165,0
4,3,164,1,165,0
-7,4,6,1,165,0
4,-5,41,1,165,0
0,0,48,1,165,0
-1,8,58,1,165,0
-3,0,66,1,165,0
2,2,71,1,165,0
3,3,79,1,165,0
5,5,104,1,165,0
-5,2,106,1,165,0
8,-7,107,1,165,0
3,-2,108,1,165,0
6,6,111,1,165,0
5,-8,118,1,165,0
8,8,123,1,165,0
7,-4,133,1,165,0
7,7,135,1,165,0
6,-1,153,1,165,0
4,4,163,1,165,0
1,-6,164,1,165,0
1,1,164,1,165,0
3,-3,1,1,165,0
-7,5,9,1,165,0
1,-7,23,1,165,0
-4,2,34,1,165,0
4,-6,56,1,165,0
-2,0,59,1,165,0
-3,-4,65,1,165,0
1,2,66,1,165,0
2,3,76,1,165,0
0,-4,84,1,165,0
4,5,96,1,165,0
8,-8,99,1,165,0
5,6,104,1,165,0
-5,3,109,1,165,0
7,-5,117,1,165,0
7,8,129,1,165,0
6,7,146,1,165,0
6,-2,149,1,165,0
3,4,161,1,165,0
0,1,162,1,165,0
9,1,3,1,165,0
-7,6,11,1,165,0
1,-8,17,1,165,0
-3,2,39,1,165,0
-6,-4,46,1,165,0
-1,0,54,1,165,0
0,2,59,1,165,0
4,6,59,1,165,0
3,5,93,1,165,0
7,-6,114,1,165,0
1,3,114,1,165,0
-4,3,115,1,165,0
4,-7,129,1,165,0
8,0,163,1,165,0
6,8,139,1,165,0
6,-3,141,1,165,0
2,4,154,1,165,0
5,7,164,1,165,0
0,-6,14,1,165,0
-6,6,19,1,165,0
3,-5,35,1,165,0
3,6,53,1,165,0
5,8,93,1,165,0
7,-7,94,1,165,0
6,-4,106,1,165,0
2,-2,99,1,165,0
1,4,117,1,165,0
-4,4,118,1,165,0
7,0,158,1,165,0
-2,2,145,1,165,0
8,1,149,1,165,0
2,5,149,1,165,0
-1,1,154,1,165,0
5,-1,158,1,165,0
4,7,161,1,165,0
0,-7,14,1,165,0
-5,6,25,1,165,0
8,-1,165,1,165,0
6,-5,54,1,165,0
-2,-4,71,1,165,0
7,-8,98,1,165,0
2,-3,98,1,165,0
1,5,103,1,165,0
3,7,126,1,165,0
-3,4,126,1,165,0
6,0,133,1,165,0
7,1,153,1,165,0
-2,3,141,1,165,0
3,-6,142,1,165,0
2,6,143,1,165,0
5,-2,146,1,165,0
8,2,149,1,165,0
-1,2,149,1,165,0
4,8,159,1,165,0
0,4,164,1,165,0
-1,3,4,1,165,0
0,-8,7,1,165,0
-4,6,31,1,165,0
8,-2,121,1,165,0
1,6,41,1,165,0
-5,-4,53,1,165,0
6,-6,77,1,165,0
5,-3,96,1,165,0
3,8,123,1,165,0
8,3,128,1,165,0
-2,4,134,1,165,0
2,7,136,1,165,0
6,1,139,1,165,0
3,-7,141,1,165,0
7,2,154,1,165,0
5,0,164,1,165,0
-2,5,18,1,165,0
-3,6,34,1,165,0
-8,-4,34,1,165,0
0,6,34,1,165,0
1,7,76,1,165,0
5,-4,98,1,165,0
6,-7,99,1,165,0
8,-3,119,1,165,0
4,-1,119,1,165,0
4,0,121,1,165,0
8,4,123,1,165,0
2,8,129,1,165,0
3,-8,133,1,165,0
6,2,146,1,165,0
2,-5,152,1,165,0
-1,4,159,1,165,0
7,3,162,1,165,0
-2,6,19,1,165,0
7,-1,132,1,165,0
3,0,23,1,165,0
-3,7,41,1,165,0
8,5,46,1,165,0
5,-5,47,1,165,0
0,7,66,1,165,0
1,8,69,1,165,0
-1,-4,78,1,165,0
1,-3,92,1,165,0
6,-8,101,1,165,0
4,-2,113,1,165,0
8,-4,125,1,165,0
2,-6,149,1,165,0
5,2,153,1,165,0
7,4,164,1,165,0
4,1,164,1,165,0
-1,6,28,1,166,0
2,-7,29,1,166,0
3,1,29,1,166,0
2,0,35,1,166,0
-3,8,44,1,166,0
5,3,47,1,166,0
7,-2,125,1,166,0
-2,7,52,1,166,0
6,4,58,1,166,0
-4,-4,59,1,166,0
0,8,68,1,166,0
5,-6,74,1,166,0
1,-4,86,1,166,0
4,-3,87,1,166,0
-5,0,92,1,166,0
8,-5,121,1,166,0
8,6,142,1,166,0
4,2,161,1,166,0
7,5,165,1,166,0
-7,3,13,1,166,0
3,-1,17,1,166,0
-6,2,21,1,166,0
3,2,36,1,166,0
-7,-4,39,1,166,0
1,0,41,1,166,0
7,-3,114,1,166,0
5,4,55,1,166,0
-1,7,59,1,166,0
-4,0,89,1,166,0
-5,1,99,1,166,0
8,-6,111,1,166,0
6,5,112,1,166,0
5,-7,111,1,166,0
8,7,124,1,166,0
1,-5,158,1,166,0
7,6,163,1,166,0
4,3,165,1,166,0
-7,4,6,1,166,0
4,-5,41,1,166,0
0,0,48,1,166,0
-1,8,58,1,166,0
-3,0,66,1,166,0
2,2,71,1,166,0
3,3,79,1,166,0
5,5,104,1,166,0
-5,2,106,1,166,0
8,-7,107,1,166,0
3,-2,108,1,166,0
6,6,111,1,166,0
5,-8,118,1,166,0
8,8,123,1,166,0
7,-4,133,1,166,0
7,7,135,1,166,0
6,-1,153,1,166,0
4,4,163,1,166,0
1,-6,164,1,166,0
1,1,165,1,166,0
3,-3,1,1,166,0
-7,5,9,1,166,0
1,-7,23,1,166,0
-4,2,34,1,166,0
4,-6,56,1,166,0
-2,0,59,1,166,0
-3,-4,65,1,166,0
1,2,66,1,166,0
2,3,76,1,166,0
0,-4,84,1,166,0
4,5,96,1,166,0
8,-8,99,1,166,0
5,6,104,1,166,0
-5,3,109,1,166,0
7,-5,117,1,166,0
7,8,129,1,166,0
6,7,146,1,166,0
6,-2,149,1,166,0
3,4,161,1,166,0
0,1,162,1,166,0
9,1,3,1,166,0
-7,6,11,1,166,0
1,-8,17,1,166,0
-3,2,39,1,166,0
-6,-4,46,1,166,0
-1,0,54,1,166,0
0,2,59,1,166,0
4,6,59,1,166,0
3,5,93,1,166,0
7,-6,114,1,166,0
1,3,114,1,166,0
-4,3,115,1,166,0
4,-7,129,1,166,0
8,0,163,1,166,0
6,8,139,1,166,0
6,-3,141,1,166,0
2,4,154,1,166,0
5,7,165,1,166,0
-6,6,19,1,166,0
3,-5,35,1,166,0
3,6,53,1,166,0
5,8,93,1,166,0
7,-7,94,1,166,0
6,-4,106,1,166,0
2,-2,99,1,166,0
1,4,117,1,166,0
-4,4,118,1,166,0
7,0,158,1,166,0
-2,2,145,1,166,0
8,1,149,1,166,0
2,5,149,1,166,0
-1,1,154,1,166,0
5,-1,158,1,166,0
4,7,161,1,166,0
0,-6,165,1,166,0
0,-7,14,1,166,0
-5,6,25,1,166,0
8,-1,166,1,166,0
6,-5,54,1,166,0
-2,-4,71,1,166,0
7,-8,98,1,166,0
2,-3,98,1,166,0
1,5,103,1,166,0
3,7,126,1,166,0
-3,4,126,1,166,0
6,0,133,1,166,0
7,1,153,1,166,0
-2,3,141,1,166,0
3,-6,142,1,166,0
2,6,143,1,166,0
5,-2,146,1,166,0
8,2,149,1,166,0
-1,2,149,1,166,0
4,8,159,1,166,0
0,4,164,1,166,0
-1,3,4,1,166,0
0,-8,7,1,166,0
-4,6,31,1,166,0
8,-2,121,1,166,0
1,6,41,1,166,0
-5,-4,53,1,166,0
6,-6,77,1,166,0
5,-3,96,1,166,0
3,8,123,1,166,0
8,3,128,1,166,0
-2,4,134,1,166,0
2,7,136,1,166,0
6,1,139,1,166,0
3,-7,141,1,166,0
7,2,154,1,166,0
5,0,165,1,166,0
-2,5,18,1,166,0
-3,6,34,1,166,0
-8,-4,34,1,166,0
0,6,34,1,166,0
1,7,76,1,166,0
5,-4,98,1,166,0
6,-7,99,1,166,0
8,-3,119,1,166,0
4,-1,119,1,166,0
4,0,121,1,166,0
8,4,123,1,166,0
2,8,129,1,166,0
3,-8,133,1,166,0
6,2,146,1,166,0
2,-5,152,1,166,0
7,3,162,1,166,0
-1,4,165,1,166,0
-2,6,19,1,166,0
7,-1,132,1,166,0
3,0,23,1,166,0
-3,7,41,1,166,0
8,5,46,1,166,0
5,-5,47,1,166,0
0,7,66,1,166,0
1,8,69,1,166,0
-1,-4,78,1,166,0
1,-3,92,1,166,0
6,-8,101,1,166,0
4,-2,113,1,166,0
8,-4,125,1,166,0
2,-6,149,1,166,0
5,2,153,1,166,0
7,4,165,1,166,0
4,1,165,1,166,0
-1,6,28,1,167,0
2,-7,29,1,167,0
3,1,29,1,167,0
2,0,35,1,167,0
-3,8,44,1,167,0
5,3,47,1,167,0
7,-2,125,1,167,0
-2,7,52,1,167,0
-4,-4,59,1,167,0
0,8,68,1,167,0
5,-6,74,1,167,0
1,-4,86,1,167,0
4,-3,87,1,167,0
-5,0,92,1,167,0
8,-5,121,1,167,0
8,6,142,1,167,0
4,2,161,1,167,0
7,5,165,1,167,0
6,4,166,1,167,0
-7,3,13,1,167,0
3,-1,17,1,167,0
-6,2,21,1,167,0
3,2,36,1,167,0
-7,-4,39,1,167,0
7,-3,114,1,167,0
5,4,55,1,167,0
-1,7,59,1,167,0
-4,0,89,1,167,0
-5,1,99,1,167,0
8,-6,111,1,167,0
6,5,112,1,167,0
5,-7,111,1,167,0
8,7,124,1,167,0
1,-5,158,1,167,0
7,6,163,1,167,0
4,3,166,1,167,0
1,0,166,1,167,0
-7,4,6,1,167,0
4,-5,41,1,167,0
0,0,48,1,167,0
-1,8,58,1,167,0
-3,0,66,1,167,0
2,2,71,1,167,0
3,3,79,1,167,0
5,5,104,1,167,0
-5,2,106,1,167,0
8,-7,107,1,167,0
3,-2,108,1,167,0
6,6,111,1,167,0
5,-8,118,1,167,0
8,8,123,1,167,0
7,-4,133,1,167,0
7,7,135,1,167,0
6,-1,153,1,167,0
4,4,163,1,167,0
1,-6,164,1,167,0
1,1,165,1,167,0
3,-3,1,1,167,0
-7,5,9,1,167,0
1,-7,23,1,167,0
-4,2,34,1,167,0
4,-6,56,1,167,0
-2,0,59,1,167,0
-3,-4,65,1,167,0
1,2,66,1,167,0
2,3,76,1,167,0
0,-4,84,1,167,0
4,5,96,1,167,0
8,-8,99,1,167,0
5,6,104,1,167,0
-5,3,109,1,167,0
7,-5,117,1,167,0
7,8,129,1,167,0
6,7,146,1,167,0
6,-2,149,1,167,0
3,4,161,1,167,0
0,1,162,1,167,0
9,1,3,1,167,0
-7,6,11,1,167,0
1,-8,17,1,167,0
-3,2,39,1,167,0
-6,-4,46,1,167,0
-1,0,54,1,167,0
0,2,59,1,167,0
4,6,59,1,167,0
3,5,93,1,167,0
7,-6,114,1,167,0
1,3,114,1,167,0
-4,3,115,1,167,0
4,-7,129,1,167,0
8,0,163,1,167,0
6,8,139,1,167,0
6,-3,141,1,167,0
2,4,154,1,167,0
5,7,166,1,167,0
-6,6,19,1,167,0
3,-5,35,1,167,0
3,6,53,1,167,0
5,8,93,1,167,0
7,-7,94,1,167,0
6,-4,106,1,167,0
2,-2,99,1,167,0
1,4,117,1,167,0
-4,4,118,1,167,0
7,0,158,1,167,0
-2,2,145,1,167,0
8,1,149,1,167,0
2,5,149,1,167,0
-1,1,154,1,167,0
5,-1,158,1,167,0
4,7,161,1,167,0
0,-6,166,1,167,0
0,-7,14,1,167,0
-5,6,25,1,167,0
8,-1,167,1,167,0
6,-5,54,1,167,0
-2,-4,71,1,167,0
7,-8,98,1,167,0
2,-3,98,1,167,0
1,5,103,1,167,0
3,7,126,1,167,0
-3,4,126,1,167,0
6,0,133,1,167,0
7,1,153,1,167,0
-2,3,141,1,167,0
3,-6,142,1,167,0
2,6,143,1,167,0
5,-2,146,1,167,0
8,2,149,1,167,0
-1,2,149,1,167,0
4,8,159,1,167,0
0,4,164,1,167,0
-1,3,4,1,167,0
0,-8,7,1,167,0
-4,6,31,1,167,0
8,-2,121,1,167,0
1,6,41,1,167,0
-5,-4,53,1,167,0
6,-6,77,1,167,0
5,-3,96,1,167,0
3,8,123,1,167,0
8,3,128,1,167,0
-2,4,134,1,167,0
2,7,136,1,167,0
6,1,139,1,167,0
3,-7,141,1,167,0
7,2,154,1,167,0
5,0,166,1,167,0
-2,5,18,1,167,0
-3,6,34,1,167,0
-8,-4,34,1,167,0
0,6,34,1,167,0
1,7,76,1,167,0
5,-4,98,1,167,0
6,-7,99,1,167,0
8,-3,119,1,167,0
4,-1,119,1,167,0
4,0,121,1,167,0
8,4,123,1,167,0
2,8,129,1,167,0
3,-8,133,1,167,0
6,2,146,1,167,0
2,-5,152,1,167,0
7,3,162,1,167,0
-1,4,166,1,167,0
-2,6,19,1,167,0
7,-1,132,1,167,0
3,0,23,1,167,0
-3,7,41,1,167,0
5,-5,47,1,167,0
0,7,66,1,167,0
1,8,69,1,167,0
-1,-4,78,1,167,0
1,-3,92,1,167,0
6,-8,101,1,167,0
4,-2,113,1,167,0
8,-4,125,1,167,0
2,-6,149,1,167,0
5,2,153,1,167,0
7,4,165,1,167,0
8,5,166,1,167,0
4,1,166,1,167,0
-1,6,28,1,168,0
2,-7,29,1,168,0
3,1,29,1,168,0
2,0,35,1,168,0
-3,8,44,1,168,0
5,3,47,1,168,0
7,-2,125,1,168,0
-2,7,52,1,168,0
-4,-4,59,1,168,0
0,8,68,1,168,0
5,-6,74,1,168,0
1,-4,86,1,168,0
4,-3,87,1,168,0
-5,0,92,1,168,0
8,-5,121,1,168,0
8,6,142,1,168,0
4,2,161,1,168,0
7,5,165,1,168,0
6,4,167,1,168,0
-7,3,13,1,168,0
3,-1,17,1,168,0
-6,2,21,1,168,0
3,2,36,1,168,0
-7,-4,39,1,168,0
7,-3,114,1,168,0
5,4,55,1,168,0
-1,7,59,1,168,0
-4,0,89,1,168,0
-5,1,99,1,168,0
8,-6,111,1,168,0
6,5,112,1,168,0
5,-7,111,1,168,0
8,7,124,1,168,0
1,-5,158,1,168,0
7,6,163,1,168,0
4,3,167,1,168,0
1,0,167,1,168,0
-7,4,6,1,168,0
4,-5,41,1,168,0
0,0,48,1,168,0
-1,8,58,1,168,0
-3,0,66,1,168,0
2,2,71,1,168,0
3,3,79,1,168,0
5,5,104,1,168,0
-5,2,106,1,168,0
8,-7,107,1,168,0
3,-2,108,1,168,0
6,6,111,1,168,0
5,-8,118,1,168,0
8,8,123,1,168,0
7,-4,133,1,168,0
7,7,135,1,168,0
6,-1,153,1,168,0
4,4,163,1,168,0
1,-6,164,1,168,0
1,1,165,1,168,0
3,-3,1,1,168,0
-7,5,9,1,168,0
1,-7,23,1,168,0
-4,2,34,1,168,0
4,-6,56,1,168,0
-2,0,59,1,168,0
-3,-4,65,1,168,0
1,2,66,1,168,0
2,3,76,1,168,0
0,-4,84,1,168,0
4,5,96,1,168,0
8,-8,99,1,168,0
5,6,104,1,168,0
-5,3,109,1,168,0
7,-5,117,1,168,0
7,8,129,1,168,0
6,7,146,1,168,0
6,-2,149,1,168,0
3,4,161,1,168,0
0,1,162,1,168,0
9,1,3,1,168,0
-7,6,11,1,168,0
1,-8,17,1,168,0
-3,2,39,1,168,0
-6,-4,46,1,168,0
-1,0,54,1,168,0
0,2,59,1,168,0
4,6,59,1,168,0
3,5,93,1,168,0
7,-6,114,1,168,0
1,3,114,1,168,0
-4,3,115,1,168,0
4,-7,129,1,168,0
8,0,163,1,168,0
6,8,139,1,168,0
6,-3,141,1,168,0
2,4,154,1,168,0
5,7,167,1,168,0
-6,6,19,1,168,0
3,-5,35,1,168,0
3,6,53,1,168,0
5,8,93,1,168,0
7,-7,94,1,168,0
6,-4,106,1,168,0
2,-2,99,1,168,0
1,4,117,1,168,0
-4,4,118,1,168,0
7,0,158,1,168,0
-2,2,145,1,168,0
8,1,149,1,168,0
2,5,149,1,168,0
-1,1,154,1,168,0
5,-1,158,1,168,0
4,7,161,1,168,0
0,-6,167,1,168,0
0,-7,14,1,168,0
-5,6,25,1,168,0
8,-1,168,1,168,0
6,-5,54,1,168,0
-2,-4,71,1,168,0
7,-8,98,1,168,0
2,-3,98,1,168,0
1,5,103,1,168,0
3,7,126,1,168,0
-3,4,126,1,168,0
6,0,133,1,168,0
7,1,153,1,168,0
-2,3,141,1,168,0
3,-6,142,1,168,0
2,6,143,1,168,0
5,-2,146,1,168,0
8,2,149,1,168,0
-1,2,149,1,168,0
4,8,159,1,168,0
0,4,164,1,168,0
-1,3,4,1,168,0
0,-8,7,1,168,0
-4,6,31,1,168,0
8,-2,121,1,168,0
1,6,41,1,168,0
-5,-4,53,1,168,0
6,-6,77,1,168,0
5,-3,96,1,168,0
3,8,123,1,168,0
8,3,128,1,168,0
-2,4,134,1,168,0
2,7,136,1,168,0
6,1,139,1,168,0
3,-7,141,1,168,0
7,2,154,1,168,0
5,0,167,1,168,0
-2,5,18,1,168,0
-3,6,34,1,168,0
-8,-4,34,1,168,0
0,6,34,1,168,0
1,7,76,1,168,0
5,-4,98,1,168,0
6,-7,99,1,168,0
8,-3,119,1,168,0
4,-1,119,1,168,0
4,0,121,1,168,0
8,4,123,1,168,0
2,8,129,1,168,0
3,-8,133,1,168,0
6,2,146,1,168,0
2,-5,152,1,168,0
7,3,162,1,168,0
-1,4,167,1,168,0
-2,6,19,1,168,0
7,-1,132,1,168,0
3,0,23,1,168,0
-3,7,41,1,168,0
5,-5,47,1,168,0
0,7,66,1,168,0
1,8,69,1,168,0
-1,-4,78,1,168,0
1,-3,92,1,168,0
6,-8,101,1,168,0
4,-2,113,1,168,0
8,-4,125,1,168,0
2,-6,149,1,168,0
5,2,153,1,168,0
7,4,165,1,168,0
8,5,167,1,168,0
4,1,167,1,168,0
-1,6,28,1,169,0
2,-7,29,1,169,0
3,1,29,1,169,0
2,0,35,1,169,0
-3,8,44,1,169,0
5,3,47,1,169,0
7,-2,125,1,169,0
-2,7,52,1,169,0
-4,-4,59,1,169,0
0,8,68,1,169,0
5,-6,74,1,169,0
1,-4,86,1,169,0
4,-3,87,1,169,0
-5,0,92,1,169,0
8,-5,121,1,169,0
8,6,142,1,169,0
4,2,161,1,169,0
7,5,165,1,169,0
6,4,168,1,169,0
-7,3,13,1,169,0
3,-1,17,1,169,0
-6,2,21,1,169,0
3,2,36,1,169,0
-7,-4,39,1,169,0
7,-3,114,1,169,0
5,4,55,1,169,0
-1,7,59,1,169,0
-4,0,89,1,169,0
-5,1,99,1,169,0
8,-6,111,1,169,0
6,5,112,1,169,0
5,-7,111,1,169,0
8,7,124,1,169,0
1,-5,158,1,169,0
7,6,163,1,169,0
4,3,168,1,169,0
1,0,168,1,169,0
-7,4,6,1,169,0
4,-5,41,1,169,0
0,0,48,1,169,0
-1,8,58,1,169,0
-3,0,66,1,169,0
2,2,71,1,169,0
3,3,79,1,169,0
5,5,104,1,169,0
-5,2,106,1,169,0
8,-7,107,1,169,0
3,-2,108,1,169,0
6,6,111,1,169,0
5,-8,118,1,169,0
8,8,123,1,169,0
7,-4,133,1,169,0
7,7,135,1,169,0
6,-1,153,1,169,0
4,4,163,1,169,0
1,-6,164,1,169,0
1,1,165,1,169,0
3,-3,1,1,169,0
-7,5,9,1,169,0
1,-7,23,1,169,0
-4,2,34,1,169,0
4,-6,56,1,169,0
-2,0,59,1,169,0
-3,-4,65,1,169,0
1,2,66,1,169,0
2,3,76,1,169,0
0,-4,84,1,169,0
4,5,96,1,169,0
8,-8,99,1,169,0
5,6,104,1,169,0
-5,3,109,1,169,0
7,-5,117,1,169,0
7,8,129,1,169,0
6,7,146,1,169,0
6,-2,149,1,169,0
3,4,161,1,169,0
0,1,162,1,169,0
9,1,3,1,169,0
-7,6,11,1,169,0
1,-8,17,1,169,0
-3,2,39,1,169,0
-6,-4,46,1,169,0
-1,0,54,1,169,0
0,2,59,1,169,0
4,6,59,1,169,0
3,5,93,1,169,0
7,-6,114,1,169,0
1,3,114,1,169,0
-4,3,115,1,169,0
4,-7,129,1,169,0
8,0,163,1,169,0
6,8,139,1,169,0
6,-3,141,1,169,0
2,4,154,1,169,0
5,7,168,1,169,0
-6,6,19,1,169,0
3,-5,35,1,169,0
3,6,53,1,169,0
5,8,93,1,169,0
7,-7,94,1,169,0
6,-4,106,1,169,0
2,-2,99,1,169,0
1,4,117,1,169,0
-4,4,118,1,169,0
7,0,158,1,169,0
-2,2,145,1,169,0
8,1,149,1,169,0
2,5,149,1,169,0
-1,1,154,1,169,0
5,-1,158,1,169,0
4,7,161,1,169,0
0,-6,168,1,169,0
0,-7,14,1,169,0
-5,6,25,1,169,0
8,-1,168,1,169,0
6,-5,54,1,169,0
-2,-4,71,1,169,0
7,-8,98,1,169,0
2,-3,98,1,169,0
1,5,103,1,169,0
3,7,126,1,169,0
-3,4,126,1,169,0
6,0,133,1,169,0
7,1,153,1,169,0
-2,3,141,1,169,0
3,-6,142,1,169,0
2,6,143,1,169,0
5,-2,146,1,169,0
8,2,149,1,169,0
-1,2,149,1,169,0
4,8,159,1,169,0
0,4,164,1,169,0
-1,3,4,1,169,0
0,-8,7,1,169,0
-4,6,31,1,169,0
8,-2,121,1,169,0
1,6,41,1,169,0
-5,-4,53,1,169,0
6,-6,77,1,169,0
5,-3,96,1,169,0
3,8,123,1,169,0
8,3,128,1,169,0
-2,4,134,1,169,0
2,7,136,1,169,0
6,1,139,1,169,0
3,-7,141,1,169,0
7,2,154,1,169,0
5,0,167,1,169,0
-2,5,18,1,169,0
-3,6,34,1,169,0
-8,-4,34,1,169,0
0,6,34,1,169,0
1,7,76,1,169,0
5,-4,98,1,169,0
6,-7,99,1,169,0
8,-3,119,1,169,0
4,-1,119,1,169,0
4,0,121,1,169,0
8,4,123,1,169,0
2,8,129,1,169,0
3,-8,133,1,169,0
6,2,146,1,169,0
2,-5,152,1,169,0
7,3,162,1,169,0
-1,4,167,1,169,0
5,1,168,1,169,0
-2,6,19,1,169,0
7,-1,169,1,169,0
3,0,23,1,169,0
-3,7,41,1,169,0
5,-5,47,1,169,0
0,7,66,1,169,0
1,8,69,1,169,0
-1,-4,78,1,169,0
1,-3,92,1,169,0
6,-8,101,1,169,0
4,-2,113,1,169,0
8,-4,125,1,169,0
2,-6,149,1,169,0
5,2,153,1,169,0
7,4,165,1,169,0
8,5,168,1,169,0
4,1,168,1,169,0
-1,6,28,1,170,0
2,-7,29,1,170,0
3,1,29,1,170,0
2,0,35,1,170,0
-3,8,44,1,170,0
7,-2,125,1,170,0
-2,7,52,1,170,0
-4,-4,59,1,170,0
0,8,68,1,170,0
5,-6,74,1,170,0
1,-4,86,1,170,0
4,-3,87,1,170,0
-5,0,92,1,170,0
8,-5,121,1,170,0
8,6,142,1,170,0
4,2,161,1,170,0
5,3,169,1,170,0
7,5,169,1,170,0
6,4,169,1,170,0
-7,3,13,1,170,0
3,-1,17,1,170,0
-6,2,21,1,170,0
3,2,36,1,170,0
-7,-4,39,1,170,0
7,-3,114,1,170,0
5,4,55,1,170,0
-1,7,59,1,170,0
-4,0,89,1,170,0
-5,1,99,1,170,0
8,-6,111,1,170,0
6,5,112,1,170,0
5,-7,111,1,170,0
8,7,124,1,170,0
1,-5,158,1,170,0
7,6,163,1,170,0
4,3,168,1,170,0
1,0,169,1,170,0
-7,4,6,1,170,0
4,-5,41,1,170,0
0,0,48,1,170,0
-1,8,58,1,170,0
-3,0,66,1,170,0
2,2,71,1,170,0
3,3,79,1,170,0
5,5,104,1,170,0
-5,2,106,1,170,0
8,-7,107,1,170,0
3,-2,108,1,170,0
6,6,111,1,170,0
5,-8,118,1,170,0
8,8,123,1,170,0
7,-4,133,1,170,0
7,7,135,1,170,0
6,-1,153,1,170,0
4,4,163,1,170,0
1,-6,164,1,170,0
1,1,165,1,170,0
3,-3,1,1,170,0
-7,5,9,1,170,0
1,-7,23,1,170,0
-4,2,34,1,170,0
4,-6,56,1,170,0
-2,0,59,1,170,0
-3,-4,65,1,170,0
1,2,66,1,170,0
2,3,76,1,170,0
0,-4,84,1,170,0
4,5,96,1,170,0
8,-8,99,1,170,0
5,6,104,1,170,0
-5,3,109,1,170,0
7,-5,117,1,170,0
7,8,129,1,170,0
6,7,146,1,170,0
6,-2,149,1,170,0
3,4,161,1,170,0
0,1,162,1,170,0
9,1,3,1,170,0
-7,6,11,1,170,0
1,-8,17,1,170,0
-3,2,39,1,170,0
-6,-4,46,1,170,0
-1,0,54,1,170,0
0,2,59,1,170,0
4,6,59,1,170,0
3,5,93,1,170,0
7,-6,114,1,170,0
1,3,114,1,170,0
-4,3,115,1,170,0
4,-7,129,1,170,0
8,0,163,1,170,0
6,8,139,1,170,0
6,-3,141,1,170,0
2,4,154,1,170,0
5,7,168,1,170,0
-6,6,19,1,170,0
3,-5,35,1,170,0
3,6,53,1,170,0
5,8,93,1,170,0
7,-7,94,1,170,0
6,-4,106,1,170,0
2,-2,99,1,170,0
1,4,117,1,170,0
-4,4,118,1,170,0
7,0,158,1,170,0
-2,2,145,1,170,0
8,1,149,1,170,0
2,5,149,1,170,0
-1,1,154,1,170,0
5,-1,158,1,170,0
4,7,161,1,170,0
0,-6,169,1,170,0
0,-7,14,1,170,0
-5,6,25,1,170,0
8,-1,168,1,170,0
6,-5,54,1,170,0
-2,-4,71,1,170,0
7,-8,98,1,170,0
2,-3,98,1,170,0
1,5,103,1,170,0
3,7,126,1,170,0
-3,4,126,1,170,0
6,0,133,1,170,0
7,1,153,1,170,0
-2,3,141,1,170,0
3,-6,142,1,170,0
2,6,143,1,170,0
5,-2,146,1,170,0
8,2,149,1,170,0
-1,2,149,1,170,0
4,8,159,1,170,0
0,4,164,1,170,0
-1,3,4,1,170,0
0,-8,7,1,170,0
-4,6,31,1,170,0
8,-2,121,1,170,0
1,6,41,1,170,0
-5,-4,53,1,170,0
6,-6,77,1,170,0
5,-3,96,1,170,0
3,8,123,1,170,0
8,3,128,1,170,0
-2,4,134,1,170,0
2,7,136,1,170,0
6,1,139,1,170,0
3,-7,141,1,170,0
7,2,154,1,170,0
5,0,167,1,170,0
-2,5,18,1,170,0
-3,6,34,1,170,0
-8,-4,34,1,170,0
0,6,34,1,170,0
1,7,76,1,170,0
5,-4,98,1,170,0
6,-7,99,1,170,0
8,-3,119,1,170,0
4,-1,119,1,170,0
4,0,121,1,170,0
8,4,123,1,170,0
2,8,129,1,170,0
3,-8,133,1,170,0
6,2,146,1,170,0
2,-5,152,1,170,0
7,3,162,1,170,0
-1,4,168,1,170,0
5,1,169,1,170,0
-2,6,19,1,170,0
7,-1,169,1,170,0
3,0,23,1,170,0
-3,7,41,1,170,0
5,-5,47,1,170,0
0,7,66,1,170,0
1,8,69,1,170,0
-1,-4,78,1,170,0
1,-3,92,1,170,0
6,-8,101,1,170,0
4,-2,113,1,170,0
8,-4,125,1,170,0
2,-6,149,1,170,0
5,2,153,1,170,0
7,4,165,1,170,0
8,5,168,1,170,0
4,1,169,1,170,0
-1,6,28,1,171,0
2,-7,29,1,171,0
3,1,29,1,171,0
2,0,35,1,171,0
-3,8,44,1,171,0
7,-2,171,1,171,0
-2,7,52,1,171,0
-4,-4,59,1,171,0
0,8,68,1,171,0
5,-6,74,1,171,0
1,-4,86,1,171,0
4,-3,87,1,171,0
-5,0,92,1,171,0
8,-5,121,1,171,0
8,6,142,1,171,0
4,2,161,1,171,0
5,3,169,1,171,0
7,5,169,1,171,0
6,4,169,1,171,0
-7,3,13,1,171,0
3,-1,17,1,171,0
-6,2,21,1,171,0
3,2,36,1,171,0
-7,-4,39,1,171,0
7,-3,114,1,171,0
5,4,55,1,171,0
-1,7,59,1,171,0
-4,0,89,1,171,0
-5,1,99,1,171,0
8,-6,111,1,171,0
6,5,112,1,171,0
5,-7,111,1,171,0
8,7,124,1,171,0
1,-5,158,1,171,0
7,6,163,1,171,0
4,3,168,1,171,0
1,0,169,1,171,0
-7,4,6,1,171,0
4,-5,41,1,171,0
0,0,48,1,171,0
-1,8,58,1,171,0
-3,0,66,1,171,0
2,2,71,1,171,0
3,3,79,1,171,0
5,5,104,1,171,0
-5,2,106,1,171,0
8,-7,107,1,171,0
3,-2,108,1,171,0
6,6,111,1,171,0
5,-8,118,1,171,0
8,8,123,1,171,0
7,-4,133,1,171,0
7,7,135,1,171,0
6,-1,153,1,171,0
4,4,163,1,171,0
1,-6,164,1,171,0
1,1,165,1,171,0
3,-3,1,1,171,0
-7,5,9,1,171,0
1,-7,23,1,171,0
-4,2,34,1,171,0
4,-6,56,1,171,0
-2,0,59,1,171,0
-3,-4,65,1,171,0
1,2,66,1,171,0
2,3,76,1,171,0
0,-4,84,1,171,0
4,5,96,1,171,0
8,-8,99,1,171,0
-5,3,109,1,171,0
7,-5,117,1,171,0
7,8,129,1,171,0
6,7,146,1,171,0
6,-2,149,1,171,0
3,4,161,1,171,0
0,1,162,1,171,0
5,6,169,1,171,0
9,1,3,1,171,0
-7,6,11,1,171,0
1,-8,17,1,171,0
-3,2,39,1,171,0
-6,-4,46,1,171,0
-1,0,54,1,171,0
0,2,59,1,171,0
4,6,59,1,171,0
3,5,93,1,171,0
7,-6,114,1,171,0
1,3,114,1,171,0
-4,3,115,1,171,0
4,-7,129,1,171,0
8,0,163,1,171,0
6,8,139,1,171,0
6,-3,141,1,171,0
2,4,154,1,171,0
5,7,168,1,171,0
-6,6,19,1,171,0
3,-5,35,1,171,0
3,6,53,1,171,0
5,8,93,1,171,0
7,-7,94,1,171,0
6,-4,106,1,171,0
2,-2,99,1,171,0
1,4,117,1,171,0
-4,4,118,1,171,0
7,0,158,1,171,0
-2,2,145,1,171,0
8,1,149,1,171,0
2,5,149,1,171,0
-1,1,154,1,171,0
5,-1,158,1,171,0
4,7,161,1,171,0
0,-6,169,1,171,0
0,-7,14,1,171,0
-5,6,25,1,171,0
8,-1,168,1,171,0
6,-5,54,1,171,0
-2,-4,71,1,171,0
7,-8,98,1,171,0
2,-3,98,1,171,0
1,5,103,1,171,0
3,7,126,1,171,0
-3,4,126,1,171,0
6,0,133,1,171,0
7,1,153,1,171,0
-2,3,141,1,171,0
3,-6,142,1,171,0
2,6,143,1,171,0
5,-2,146,1,171,0
8,2,149,1,171,0
-1,2,149,1,171,0
4,8,159,1,171,0
0,4,169,1,171,0
-1,3,4,1,171,0
0,-8,7,1,171,0
-4,6,31,1,171,0
8,-2,121,1,171,0
1,6,41,1,171,0
-5,-4,53,1,171,0
6,-6,77,1,171,0
5,-3,96,1,171,0
3,8,123,1,171,0
8,3,128,1,171,0
-2,4,134,1,171,0
2,7,136,1,171,0
6,1,139,1,171,0
3,-7,141,1,171,0
7,2,154,1,171,0
5,0,167,1,171,0
-2,5,18,1,171,0
-3,6,34,1,171,0
-8,-4,34,1,171,0
0,6,34,1,171,0
1,7,76,1,171,0
5,-4,98,1,171,0
6,-7,99,1,171,0
8,-3,119,1,171,0
4,-1,119,1,171,0
4,0,121,1,171,0
8,4,123,1,171,0
2,8,129,1,171,0
3,-8,133,1,171,0
6,2,146,1,171,0
2,-5,152,1,171,0
7,3,162,1,171,0
-1,4,168,1,171,0
5,1,169,1,171,0
-2,6,19,1,171,0
7,-1,169,1,171,0
3,0,23,1,171,0
-3,7,41,1,171,0
5,-5,47,1,171,0
0,7,66,1,171,0
1,8,69,1,171,0
-1,-4,78,1,171,0
1,-3,92,1,171,0
6,-8,101,1,171,0
4,-2,113,1,171,0
8,-4,125,1,171,0
2,-6,149,1,171,0
5,2,153,1,171,0
7,4,165,1,171,0
8,5,168,1,171,0
4,1,169,1,171,0
-1,6,28,1,172,0
2,-7,29,1,172,0
-3,8,44,1,172,0
7,-2,171,1,172,0
-2,7,52,1,172,0
-4,-4,59,1,172,0
0,8,68,1,172,0
5,-6,74,1,172,0
1,-4,86,1,172,0
4,-3,87,1,172,0
-5,0,92,1,172,0
8,-5,121,1,172,0
8,6,142,1,172,0
4,2,161,1,172,0
6,4,169,1,172,0
5,3,171,1,172,0
7,5,171,1,172,0
3,1,171,1,172,0
2,0,171,1,172,0
-7,3,13,1,172,0
3,-1,17,1,172,0
-6,2,21,1,172,0
3,2,36,1,172,0
-7,-4,39,1,172,0
7,-3,114,1,172,0
5,4,55,1,172,0
-1,7,59,1,172,0
-4,0,89,1,172,0
-5,1,99,1,172,0
8,-6,111,1,172,0
6,5,112,1,172,0
5,-7,111,1,172,0
8,7,124,1,172,0
1,-5,158,1,172,0
7,6,163,1,172,0
4,3,168,1,172,0
1,0,169,1,172,0
-7,4,6,1,172,0
4,-5,41,1,172,0
0,0,48,1,172,0
-1,8,58,1,172,0
-3,0,66,1,172,0
2,2,71,1,172,0
3,3,79,1,172,0
5,5,104,1,172,0
-5,2,106,1,172,0
8,-7,107,1,172,0
3,-2,108,1,172,0
6,6,111,1,172,0
5,-8,118,1,172,0
8,8,123,1,172,0
7,-4,133,1,172,0
7,7,135,1,172,0
6,-1,153,1,172,0
4,4,163,1,172,0
1,-6,164,1,172,0
1,1,165,1,172,0
3,-3,1,1,172,0
-7,5,9,1,172,0
1,-7,23,1,172,0
-4,2,34,1,172,0
4,-6,56,1,172,0
-2,0,59,1,172,0
-3,-4,65,1,172,0
1,2,66,1,172,0
2,3,76,1,172,0
0,-4,84,1,172,0
4,5,96,1,172,0
8,-8,99,1,172,0
-5,3,109,1,172,0
7,-5,117,1,172,0
7,8,129,1,172,0
6,7,146,1,172,0
6,-2,149,1,172,0
3,4,161,1,172,0
0,1,162,1,172,0
5,6,171,1,172,0
9,1,3,1,172,0
-7,6,11,1,172,0
1,-8,17,1,172,0
-3,2,39,1,172,0
-6,-4,46,1,172,0
-1,0,54,1,172,0
0,2,59,1,172,0
4,6,59,1,172,0
3,5,93,1,172,0
7,-6,114,1,172,0
1,3,114,1,172,0
-4,3,115,1,172,0
4,-7,129,1,172,0
8,0,163,1,172,0
6,8,139,1,172,0
6,-3,141,1,172,0
2,4,154,1,172,0
5,7,168,1,172,0
-6,6,19,1,172,0
3,-5,35,1,172,0
3,6,53,1,172,0
5,8,93,1,172,0
7,-7,94,1,172,0
6,-4,106,1,172,0
2,-2,99,1,172,0
1,4,117,1,172,0
-4,4,118,1,172,0
7,0,158,1,172,0
-2,2,145,1,172,0
8,1,149,1,172,0
2,5,149,1,172,0
-1,1,154,1,172,0
5,-1,158,1,172,0
4,7,161,1,172,0
0,-6,169,1,172,0
-5,6,25,1,172,0
8,-1,168,1,172,0
6,-5,54,1,172,0
-2,-4,71,1,172,0
7,-8,98,1,172,0
2,-3,98,1,172,0
1,5,103,1,172,0
3,7,126,1,172,0
-3,4,126,1,172,0
6,0,133,1,172,0
7,1,153,1,172,0
-2,3,141,1,172,0
3,-6,142,1,172,0
2,6,143,1,172,0
5,-2,146,1,172,0
8,2,149,1,172,0
-1,2,149,1,172,0
4,8,159,1,172,0
0,-7,171,1,172,0
0,4,171,1,172,0
-1,3,4,1,172,0
0,-8,7,1,172,0
-4,6,31,1,172,0
8,-2,172,1,172,0
1,6,41,1,172,0
-5,-4,53,1,172,0
6,-6,77,1,172,0
5,-3,96,1,172,0
3,8,123,1,172,0
8,3,128,1,172,0
-2,4,134,1,172,0
2,7,136,1,172,0
6,1,139,1,172,0
3,-7,141,1,172,0
7,2,154,1,172,0
5,0,171,1,172,0
-2,5,18,1,172,0
-3,6,34,1,172,0
-8,-4,34,1,172,0
0,6,34,1,172,0
1,7,76,1,172,0
5,-4,98,1,172,0
6,-7,99,1,172,0
8,-3,119,1,172,0
4,-1,119,1,172,0
4,0,121,1,172,0
8,4,123,1,172,0
2,8,129,1,172,0
3,-8,133,1,172,0
6,2,146,1,172,0
2,-5,152,1,172,0
7,3,162,1,172,0
-1,4,168,1,172,0
5,1,169,1,172,0
-2,6,19,1,172,0
7,-1,169,1,172,0
3,0,23,1,172,0
-3,7,41,1,172,0
5,-5,47,1,172,0
0,7,66,1,172,0
1,8,69,1,172,0
-1,-4,78,1,172,0
1,-3,92,1,172,0
6,-8,101,1,172,0
4,-2,113,1,172,0
8,-4,125,1,172,0
2,-6,149,1,172,0
5,2,153,1,172,0
7,4,165,1,172,0
8,5,168,1,172,0
4,1,169,1,172,0
6,3,171,1,172,0
-1,6,28,1,173,0
2,-7,29,1,173,0
-3,8,44,1,173,0
7,-2,171,1,173,0
-2,7,52,1,173,0
-4,-4,59,1,173,0
0,8,68,1,173,0
5,-6,74,1,173,0
1,-4,86,1,173,0
4,-3,87,1,173,0
-5,0,92,1,173,0
8,-5,121,1,173,0
8,6,142,1,173,0
4,2,161,1,173,0
6,4,169,1,173,0
7,5,171,1,173,0
5,3,172,1,173,0
3,1,172,1,173,0
2,0,172,1,173,0
-7,3,13,1,173,0
3,-1,17,1,173,0
-6,2,21,1,173,0
3,2,36,1,173,0
-7,-4,39,1,173,0
7,-3,114,1,173,0
5,4,55,1,173,0
-1,7,59,1,173,0
-4,0,89,1,173,0
-5,1,99,1,173,0
8,-6,111,1,173,0
6,5,112,1,173,0
5,-7,111,1,173,0
8,7,124,1,173,0
1,-5,158,1,173,0
4,3,168,1,173,0
1,0,169,1,173,0
7,6,172,1,173,0
-7,4,6,1,173,0
4,-5,41,1,173,0
0,0,48,1,173,0
-1,8,58,1,173,0
-3,0,66,1,173,0
2,2,71,1,173,0
3,3,79,1,173,0
5,5,104,1,173,0
-5,2,106,1,173,0
8,-7,107,1,173,0
3,-2,108,1,173,0
6,6,111,1,173,0
5,-8,118,1,173,0
8,8,123,1,173,0
7,-4,133,1,173,0
7,7,135,1,173,0
6,-1,153,1,173,0
4,4,163,1,173,0
1,-6,164,1,173,0
1,1,165,1,173,0
3,-3,1,1,173,0
-7,5,9,1,173,0
1,-7,23,1,173,0
-4,2,34,1,173,0
4,-6,56,1,173,0
-2,0,59,1,173,0
-3,-4,65,1,173,0
1,2,66,1,173,0
2,3,76,1,173,0
0,-4,84,1,173,0
4,5,96,1,173,0
8,-8,99,1,173,0
-5,3,109,1,173,0
7,-5,117,1,173,0
7,8,129,1,173,0
6,7,146,1,173,0
6,-2,149,1,173,0
3,4,161,1,173,0
0,1,162,1,173,0
5,6,171,1,173,0
9,1,3,1,173,0
-7,6,11,1,173,0
1,-8,17,1,173,0
-3,2,39,1,173,0
-6,-4,46,1,173,0
-1,0,54,1,173,0
0,2,59,1,173,0
4,6,59,1,173,0
3,5,93,1,173,0
7,-6,114,1,173,0
1,3,114,1,173,0
-4,3,115,1,173,0
4,-7,129,1,173,0
8,0,163,1,173,0
6,8,139,1,173,0
6,-3,141,1,173,0
2,4,154,1,173,0
5,7,168,1,173,0
-6,6,19,1,173,0
3,-5,35,1,173,0
3,6,53,1,173,0
5,8,93,1,173,0
7,-7,94,1,173,0
6,-4,106,1,173,0
2,-2,99,1,173,0
1,4,117,1,173,0
-4,4,118,1,173,0
7,0,158,1,173,0
-2,2,145,1,173,0
8,1,149,1,173,0
2,5,149,1,173,0
-1,1,154,1,173,0
5,-1,158,1,173,0
4,7,161,1,173,0
0,-6,169,1,173,0
-5,6,25,1,173,0
8,-1,168,1,173,0
6,-5,54,1,173,0
-2,-4,71,1,173,0
7,-8,98,1,173,0
2,-3,98,1,173,0
1,5,103,1,173,0
3,7,126,1,173,0
-3,4,126,1,173,0
6,0,133,1,173,0
7,1,153,1,173,0
-2,3,141,1,173,0
3,-6,142,1,173,0
2,6,143,1,173,0
5,-2,146,1,173,0
8,2,149,1,173,0
-1,2,149,1,173,0
4,8,159,1,173,0
0,4,171,1,173,0
0,-7,172,1,173,0
-1,3,4,1,173,0
0,-8,7,1,173,0
-4,6,31,1,173,0
8,-2,173,1,173,0
1,6,41,1,173,0
-5,-4,53,1,173,0
6,-6,77,1,173,0
5,-3,96,1,173,0
3,8,123,1,173,0
8,3,128,1,173,0
-2,4,134,1,173,0
2,7,136,1,173,0
6,1,139,1,173,0
3,-7,141,1,173,0
7,2,154,1,173,0
5,0,172,1,173,0
-2,5,18,1,173,0
-3,6,34,1,173,0
-8,-4,34,1,173,0
0,6,34,1,173,0
1,7,76,1,173,0
5,-4,98,1,173,0
6,-7,99,1,173,0
8,-3,119,1,173,0
4,-1,119,1,173,0
4,0,121,1,173,0
8,4,123,1,173,0
2,8,129,1,173,0
3,-8,133,1,173,0
6,2,146,1,173,0
2,-5,152,1,173,0
7,3,162,1,173,0
-1,4,168,1,173,0
5,1,169,1,173,0
-2,6,19,1,173,0
7,-1,169,1,173,0
3,0,23,1,173,0
-3,7,41,1,173,0
5,-5,47,1,173,0
0,7,66,1,173,0
1,8,69,1,173,0
-1,-4,78,1,173,0
1,-3,92,1,173,0
6,-8,101,1,173,0
4,-2,113,1,173,0
8,-4,125,1,173,0
2,-6,149,1,173,0
5,2,153,1,173,0
7,4,165,1,173,0
8,5,168,1,173,0
4,1,169,1,173,0
6,3,172,1,173,0
-1,6,28,1,174,0
2,-7,29,1,174,0
-3,8,44,1,174,0
7,-2,171,1,174,0
-2,7,52,1,174,0
-4,-4,59,1,174,0
0,8,68,1,174,0
5,-6,74,1,174,0
1,-4,86,1,174,0
4,-3,87,1,174,0
-5,0,92,1,174,0
8,-5,121,1,174,0
8,6,142,1,174,0
4,2,161,1,174,0
6,4,169,1,174,0
7,5,171,1,174,0
5,3,173,1,174,0
3,1,173,1,174,0
2,0,173,1,174,0
-7,3,13,1,174,0
3,-1,17,1,174,0
-6,2,21,1,174,0
3,2,36,1,174,0
-7,-4,39,1,174,0
7,-3,114,1,174,0
5,4,55,1,174,0
-1,7,59,1,174,0
-4,0,89,1,174,0
-5,1,99,1,174,0
8,-6,111,1,174,0
6,5,112,1,174,0
5,-7,111,1,174,0
8,7,124,1,174,0
1,-5,158,1,174,0
4,3,168,1,174,0
1,0,169,1,174,0
7,6,173,1,174,0
-7,4,6,1,174,0
4,-5,41,1,174,0
0,0,48,1,174,0
-1,8,58,1,174,0
-3,0,66,1,174,0
2,2,71,1,174,0
3,3,79,1,174,0
5,5,104,1,174,0
-5,2,106,1,174,0
8,-7,107,1,174,0
3,-2,108,1,174,0
6,6,111,1,174,0
5,-8,118,1,174,0
8,8,123,1,174,0
7,-4,133,1,174,0
7,7,135,1,174,0
6,-1,153,1,174,0
4,4,163,1,174,0
1,-6,164,1,174,0
1,1,165,1,174,0
3,-3,1,1,174,0
-7,5,9,1,174,0
1,-7,23,1,174,0
-4,2,34,1,174,0
4,-6,56,1,174,0
-2,0,59,1,174,0
-3,-4,65,1,174,0
1,2,66,1,174,0
2,3,76,1,174,0
0,-4,84,1,174,0
4,5,96,1,174,0
8,-8,99,1,174,0
-5,3,109,1,174,0
7,-5,117,1,174,0
7,8,129,1,174,0
6,7,146,1,174,0
6,-2,149,1,174,0
3,4,161,1,174,0
0,1,162,1,174,0
5,6,173,1,174,0
9,1,3,1,174,0
-7,6,11,1,174,0
1,-8,17,1,174,0
-3,2,39,1,174,0
-6,-4,46,1,174,0
-1,0,54,1,174,0
0,2,59,1,174,0
4,6,59,1,174,0
3,5,93,1,174,0
7,-6,114,1,174,0
1,3,114,1,174,0
-4,3,115,1,174,0
4,-7,129,1,174,0
8,0,163,1,174,0
6,8,139,1,174,0
6,-3,141,1,174,0
2,4,154,1,174,0
5,7,168,1,174,0
-6,6,19,1,174,0
3,-5,35,1,174,0
3,6,53,1,174,0
5,8,93,1,174,0
7,-7,94,1,174,0
6,-4,106,1,174,0
2,-2,99,1,174,0
1,4,117,1,174,0
-4,4,118,1,174,0
7,0,158,1,174,0
-2,2,145,1,174,0
8,1,149,1,174,0
2,5,149,1,174,0
-1,1,154,1,174,0
5,-1,158,1,174,0
4,7,161,1,174,0
0,-6,169,1,174,0
-5,6,25,1,174,0
8,-1,168,1,174,0
6,-5,54,1,174,0
-2,-4,71,1,174,0
7,-8,98,1,174,0
2,-3,98,1,174,0
1,5,103,1,174,0
3,7,126,1,174,0
-3,4,126,1,174,0
6,0,133,1,174,0
7,1,153,1,174,0
-2,3,141,1,174,0
3,-6,142,1,174,0
2,6,143,1,174,0
5,-2,146,1,174,0
8,2,149,1,174,0
-1,2,149,1,174,0
4,8,159,1,174,0
0,4,172,1,174,0
0,-7,173,1,174,0
-1,3,4,1,174,0
0,-8,7,1,174,0
-4,6,31,1,174,0
8,-2,174,1,174,0
1,6,41,1,174,0
-5,-4,53,1,174,0
6,-6,77,1,174,0
5,-3,96,1,174,0
3,8,123,1,174,0
8,3,128,1,174,0
-2,4,134,1,174,0
2,7,136,1,174,0
6,1,139,1,174,0
3,-7,141,1,174,0
7,2,154,1,174,0
5,0,173,1,174,0
-2,5,18,1,174,0
-3,6,34,1,174,0
-8,-4,34,1,174,0
0,6,34,1,174,0
1,7,76,1,174,0
5,-4,98,1,174,0
6,-7,99,1,174,0
8,-3,119,1,174,0
4,-1,119,1,174,0
4,0,121,1,174,0
8,4,123,1,174,0
2,8,129,1,174,0
3,-8,133,1,174,0
6,2,146,1,174,0
2,-5,152,1,174,0
7,3,162,1,174,0
-1,4,168,1,174,0
5,1,169,1,174,0
-2,6,19,1,174,0
7,-1,169,1,174,0
3,0,23,1,174,0
-3,7,41,1,174,0
5,-5,47,1,174,0
0,7,66,1,174,0
1,8,69,1,174,0
-1,-4,78,1,174,0
1,-3,92,1,174,0
6,-8,101,1,174,0
4,-2,113,1,174,0
8,-4,125,1,174,0
2,-6,149,1,174,0
5,2,153,1,174,0
7,4,165,1,174,0
8,5,168,1,174,0
4,1,169,1,174,0
6,3,173,1,174,0
-1,6,28,1,175,0
2,-7,29,1,175,0
-3,8,44,1,175,0
7,-2,171,1,175,0
-2,7,52,1,175,0
-4,-4,59,1,175,0
0,8,68,1,175,0
5,-6,74,1,175,0
1,-4,86,1,175,0
4,-3,87,1,175,0
-5,0,92,1,175,0
8,-5,121,1,175,0
8,6,142,1,175,0
4,2,161,1,175,0
6,4,169,1,175,0
7,5,171,1,175,0
5,3,174,1,175,0
3,1,174,1,175,0
2,0,174,1,175,0
-7,3,13,1,175,0
3,-1,17,1,175,0
-6,2,21,1,175,0
3,2,36,1,175,0
-7,-4,39,1,175,0
7,-3,114,1,175,0
5,4,55,1,175,0
-1,7,59,1,175,0
-4,0,89,1,175,0
-5,1,99,1,175,0
8,-6,111,1,175,0
6,5,112,1,175,0
5,-7,111,1,175,0
8,7,124,1,175,0
1,-5,158,1,175,0
4,3,168,1,175,0
1,0,169,1,175,0
7,6,174,1,175,0
-7,4,6,1,175,0
4,-5,41,1,175,0
0,0,48,1,175,0
-1,8,58,1,175,0
-3,0,66,1,175,0
2,2,71,1,175,0
3,3,79,1,175,0
5,5,104,1,175,0
-5,2,106,1,175,0
8,-7,107,1,175,0
3,-2,108,1,175,0
6,6,111,1,175,0
5,-8,118,1,175,0
8,8,123,1,175,0
7,-4,133,1,175,0
7,7,135,1,175,0
6,-1,153,1,175,0
4,4,163,1,175,0
1,-6,164,1,175,0
1,1,165,1,175,0
3,-3,1,1,175,0
-7,5,9,1,175,0
1,-7,23,1,175,0
-4,2,34,1,175,0
4,-6,56,1,175,0
-2,0,59,1,175,0
-3,-4,65,1,175,0
1,2,66,1,175,0
2,3,76,1,175,0
0,-4,84,1,175,0
4,5,96,1,175,0
8,-8,99,1,175,0
-5,3,109,1,175,0
7,-5,117,1,175,0
7,8,129,1,175,0
6,7,146,1,175,0
6,-2,149,1,175,0
3,4,161,1,175,0
0,1,162,1,175,0
5,6,173,1,175,0
9,1,3,1,175,0
-7,6,11,1,175,0
1,-8,17,1,175,0
-3,2,39,1,175,0
-6,-4,46,1,175,0
-1,0,54,1,175,0
0,2,59,1,175,0
4,6,59,1,175,0
3,5,93,1,175,0
7,-6,114,1,175,0
1,3,114,1,175,0
-4,3,115,1,175,0
4,-7,129,1,175,0
8,0,163,1,175,0
6,8,139,1,175,0
6,-3,141,1,175,0
2,4,154,1,175,0
5,7,168,1,175,0
-6,6,19,1,175,0
3,-5,35,1,175,0
3,6,53,1,175,0
5,8,93,1,175,0
7,-7,94,1,175,0
6,-4,106,1,175,0
2,-2,99,1,175,0
1,4,117,1,175,0
-4,4,118,1,175,0
7,0,158,1,175,0
-2,2,145,1,175,0
8,1,149,1,175,0
2,5,149,1,175,0
-1,1,154,1,175,0
5,-1,158,1,175,0
4,7,161,1,175,0
0,-6,169,1,175,0
-5,6,25,1,175,0
8,-1,168,1,175,0
6,-5,54,1,175,0
-2,-4,71,1,175,0
7,-8,98,1,175,0
2,-3,98,1,175,0
1,5,103,1,175,0
3,7,126,1,175,0
-3,4,126,1,175,0
6,0,133,1,175,0
7,1,153,1,175,0
-2,3,141,1,175,0
3,-6,142,1,175,0
2,6,143,1,175,0
5,-2,146,1,175,0
8,2,149,1,175,0
-1,2,149,1,175,0
4,8,159,1,175,0
0,4,173,1,175,0
0,-7,174,1,175,0
-1,3,4,1,175,0
0,-8,7,1,175,0
-4,6,31,1,175,0
8,-2,175,1,175,0
1,6,41,1,175,0
-5,-4,53,1,175,0
6,-6,77,1,175,0
5,-3,96,1,175,0
3,8,123,1,175,0
8,3,128,1,175,0
-2,4,134,1,175,0
2,7,136,1,175,0
6,1,139,1,175,0
3,-7,141,1,175,0
7,2,154,1,175,0
5,0,174,1,175,0
-2,5,18,1,175,0
-3,6,34,1,175,0
-8,-4,34,1,175,0
0,6,34,1,175,0
1,7,76,1,175,0
5,-4,98,1,175,0
6,-7,99,1,175,0
8,-3,119,1,175,0
4,-1,119,1,175,0
4,0,121,1,175,0
8,4,123,1,175,0
2,8,129,1,175,0
3,-8,133,1,175,0
6,2,146,1,175,0
2,-5,152,1,175,0
7,3,162,1,175,0
-1,4,168,1,175,0
5,1,169,1,175,0
-2,6,19,1,175,0
7,-1,169,1,175,0
3,0,23,1,175,0
-3,7,41,1,175,0
5,-5,47,1,175,0
0,7,66,1,175,0
1,8,69,1,175,0
-1,-4,78,1,175,0
1,-3,92,1,175,0
6,-8,101,1,175,0
4,-2,113,1,175,0
8,-4,125,1,175,0
2,-6,149,1,175,0
5,2,153,1,175,0
7,4,165,1,175,0
8,5,168,1,175,0
4,1,169,1,175,0
6,3,174,1,175,0
-1,6,28,1,176,0
2,-7,29,1,176,0
-3,8,44,1,176,0
7,-2,171,1,176,0
-2,7,52,1,176,0
-4,-4,59,1,176,0
0,8,68,1,176,0
5,-6,74,1,176,0
1,-4,86,1,176,0
4,-3,87,1,176,0
-5,0,92,1,176,0
8,-5,121,1,176,0
8,6,142,1,176,0
4,2,161,1,176,0
6,4,169,1,176,0
7,5,171,1,176,0
5,3,175,1,176,0
3,1,175,1,176,0
2,0,175,1,176,0
-7,3,13,1,176,0
3,-1,17,1,176,0
-6,2,21,1,176,0
3,2,36,1,176,0
-7,-4,39,1,176,0
7,-3,114,1,176,0
5,4,55,1,176,0
-1,7,59,1,176,0
-4,0,89,1,176,0
-5,1,99,1,176,0
8,-6,111,1,176,0
6,5,112,1,176,0
5,-7,111,1,176,0
8,7,124,1,176,0
1,-5,158,1,176,0
4,3,168,1,176,0
1,0,169,1,176,0
7,6,175,1,176,0
-7,4,6,1,176,0
4,-5,41,1,176,0
0,0,48,1,176,0
-1,8,58,1,176,0
-3,0,66,1,176,0
2,2,71,1,176,0
3,3,79,1,176,0
5,5,104,1,176,0
-5,2,106,1,176,0
8,-7,107,1,176,0
3,-2,108,1,176,0
6,6,111,1,176,0
5,-8,118,1,176,0
8,8,123,1,176,0
7,-4,133,1,176,0
7,7,135,1,176,0
6,-1,153,1,176,0
4,4,163,1,176,0
1,-6,164,1,176,0
1,1,165,1,176,0
3,-3,1,1,176,0
-7,5,9,1,176,0
1,-7,23,1,176,0
-4,2,34,1,176,0
4,-6,56,1,176,0
-2,0,59,1,176,0
-3,-4,65,1,176,0
1,2,66,1,176,0
2,3,76,1,176,0
0,-4,84,1,176,0
4,5,96,1,176,0
8,-8,99,1,176,0
-5,3,109,1,176,0
7,-5,117,1,176,0
7,8,129,1,176,0
6,7,146,1,176,0
6,-2,149,1,176,0
3,4,161,1,176,0
0,1,162,1,176,0
5,6,174,1,176,0
9,1,3,1,176,0
-7,6,11,1,176,0
1,-8,17,1,176,0
-3,2,39,1,176,0
-6,-4,46,1,176,0
-1,0,54,1,176,0
0,2,59,1,176,0
4,6,59,1,176,0
3,5,93,1,176,0
7,-6,114,1,176,0
1,3,114,1,176,0
-4,3,115,1,176,0
4,-7,129,1,176,0
8,0,163,1,176,0
6,8,139,1,176,0
6,-3,141,1,176,0
2,4,154,1,176,0
5,7,168,1,176,0
-6,6,19,1,176,0
3,-5,35,1,176,0
3,6,53,1,176,0
5,8,93,1,176,0
7,-7,94,1,176,0
6,-4,106,1,176,0
2,-2,99,1,176,0
1,4,117,1,176,0
-4,4,118,1,176,0
7,0,158,1,176,0
-2,2,145,1,176,0
8,1,149,1,176,0
2,5,149,1,176,0
-1,1,154,1,176,0
5,-1,158,1,176,0
4,7,161,1,176,0
0,-6,169,1,176,0
-5,6,25,1,176,0
8,-1,168,1,176,0
6,-5,54,1,176,0
-2,-4,71,1,176,0
7,-8,98,1,176,0
2,-3,98,1,176,0
1,5,103,1,176,0
3,7,126,1,176,0
-3,4,126,1,176,0
6,0,133,1,176,0
7,1,153,1,176,0
-2,3,141,1,176,0
3,-6,142,1,176,0
2,6,143,1,176,0
5,-2,146,1,176,0
8,2,149,1,176,0
-1,2,149,1,176,0
4,8,159,1,176,0
0,4,174,1,176,0
0,-7,175,1,176,0
-1,3,4,1,176,0
0,-8,7,1,176,0
-4,6,31,1,176,0
8,-2,176,1,176,0
1,6,41,1,176,0
-5,-4,53,1,176,0
6,-6,77,1,176,0
5,-3,96,1,176,0
3,8,123,1,176,0
8,3,128,1,176,0
-2,4,134,1,176,0
2,7,136,1,176,0
6,1,139,1,176,0
3,-7,141,1,176,0
7,2,154,1,176,0
5,0,175,1,176,0
0,5,175,1,176,0
-2,5,18,1,176,0
-3,6,34,1,176,0
-8,-4,34,1,176,0
0,6,34,1,176,0
1,7,76,1,176,0
5,-4,98,1,176,0
6,-7,99,1,176,0
8,-3,119,1,176,0
4,-1,119,1,176,0
4,0,121,1,176,0
8,4,123,1,176,0
2,8,129,1,176,0
3,-8,133,1,176,0
6,2,146,1,176,0
2,-5,152,1,176,0
7,3,162,1,176,0
-1,4,168,1,176,0
5,1,169,1,176,0
-2,6,19,1,176,0
7,-1,169,1,176,0
3,0,23,1,176,0
-3,7,41,1,176,0
5,-5,47,1,176,0
0,7,66,1,176,0
1,8,69,1,176,0
-1,-4,78,1,176,0
1,-3,92,1,176,0
6,-8,101,1,176,0
4,-2,113,1,176,0
8,-4,125,1,176,0
2,-6,149,1,176,0
5,2,153,1,176,0
7,4,165,1,176,0
8,5,168,1,176,0
4,1,169,1,176,0
6,3,175,1,176,0
-1,6,28,1,177,0
2,-7,29,1,177,0
-3,8,44,1,177,0
7,-2,171,1,177,0
-2,7,52,1,177,0
-4,-4,59,1,177,0
0,8,68,1,177,0
5,-6,74,1,177,0
1,-4,86,1,177,0
4,-3,87,1,177,0
-5,0,92,1,177,0
8,-5,121,1,177,0
8,6,142,1,177,0
4,2,161,1,177,0
7,5,171,1,177,0
5,3,176,1,177,0
6,4,176,1,177,0
3,1,176,1,177,0
2,0,176,1,177,0
-7,3,13,1,177,0
3,-1,17,1,177,0
-6,2,21,1,177,0
3,2,36,1,177,0
-7,-4,39,1,177,0
7,-3,114,1,177,0
5,4,55,1,177,0
-1,7,59,1,177,0
-4,0,89,1,177,0
-5,1,99,1,177,0
8,-6,111,1,177,0
6,5,112,1,177,0
5,-7,111,1,177,0
8,7,124,1,177,0
1,-5,158,1,177,0
4,3,168,1,177,0
1,0,169,1,177,0
7,6,176,1,177,0
-7,4,6,1,177,0
4,-5,41,1,177,0
0,0,48,1,177,0
-1,8,58,1,177,0
-3,0,66,1,177,0
2,2,71,1,177,0
3,3,79,1,177,0
-5,2,106,1,177,0
8,-7,107,1,177,0
3,-2,108,1,177,0
6,6,111,1,177,0
5,-8,118,1,177,0
8,8,123,1,177,0
7,-4,133,1,177,0
7,7,135,1,177,0
6,-1,153,1,177,0
4,4,163,1,177,0
1,-6,164,1,177,0
1,1,165,1,177,0
5,5,176,1,177,0
3,-3,1,1,177,0
-7,5,9,1,177,0
1,-7,23,1,177,0
-4,2,34,1,177,0
4,-6,56,1,177,0
-2,0,59,1,177,0
-3,-4,65,1,177,0
1,2,66,1,177,0
2,3,76,1,177,0
0,-4,84,1,177,0
4,5,96,1,177,0
8,-8,99,1,177,0
-5,3,109,1,177,0
7,-5,117,1,177,0
7,8,129,1,177,0
6,7,146,1,177,0
6,-2,149,1,177,0
3,4,161,1,177,0
0,1,162,1,177,0
5,6,174,1,177,0
9,1,3,1,177,0
-7,6,11,1,177,0
1,-8,17,1,177,0
-3,2,39,1,177,0
-6,-4,46,1,177,0
-1,0,54,1,177,0
0,2,59,1,177,0
4,6,59,1,177,0
3,5,93,1,177,0
7,-6,114,1,177,0
1,3,114,1,177,0
-4,3,115,1,177,0
4,-7,129,1,177,0
8,0,163,1,177,0
6,8,139,1,177,0
6,-3,141,1,177,0
2,4,154,1,177,0
5,7,168,1,177,0
-6,6,19,1,177,0
3,-5,35,1,177,0
3,6,53,1,177,0
5,8,93,1,177,0
7,-7,94,1,177,0
6,-4,106,1,177,0
2,-2,99,1,177,0
1,4,117,1,177,0
-4,4,118,1,177,0
7,0,158,1,177,0
-2,2,145,1,177,0
8,1,149,1,177,0
2,5,149,1,177,0
-1,1,154,1,177,0
5,-1,158,1,177,0
4,7,161,1,177,0
0,-6,169,1,177,0
-5,6,25,1,177,0
8,-1,168,1,177,0
6,-5,54,1,177,0
-2,-4,71,1,177,0
7,-8,98,1,177,0
2,-3,98,1,177,0
1,5,103,1,177,0
3,7,126,1,177,0
-3,4,126,1,177,0
6,0,133,1,177,0
7,1,153,1,177,0
-2,3,141,1,177,0
3,-6,142,1,177,0
2,6,143,1,177,0
5,-2,146,1,177,0
8,2,149,1,177,0
-1,2,149,1,177,0
4,8,159,1,177,0
0,4,174,1,177,0
0,-7,176,1,177,0
-1,3,4,1,177,0
0,-8,7,1,177,0
-4,6,31,1,177,0
8,-2,177,1,177,0
1,6,41,1,177,0
-5,-4,53,1,177,0
6,-6,77,1,177,0
5,-3,96,1,177,0
3,8,123,1,177,0
8,3,128,1,177,0
-2,4,134,1,177,0
2,7,136,1,177,0
6,1,139,1,177,0
3,-7,141,1,177,0
7,2,154,1,177,0
0,5,175,1,177,0
5,0,176,1,177,0
-2,5,18,1,177,0
-3,6,34,1,177,0
-8,-4,34,1,177,0
0,6,34,1,177,0
1,7,76,1,177,0
5,-4,98,1,177,0
6,-7,99,1,177,0
8,-3,119,1,177,0
4,-1,119,1,177,0
4,0,121,1,177,0
8,4,123,1,177,0
2,8,129,1,177,0
3,-8,133,1,177,0
6,2,146,1,177,0
2,-5,152,1,177,0
7,3,162,1,177,0
-1,4,168,1,177,0
5,1,169,1,177,0
-2,6,19,1,177,0
7,-1,169,1,177,0
3,0,23,1,177,0
-3,7,41,1,177,0
5,-5,47,1,177,0
0,7,66,1,177,0
1,8,69,1,177,0
-1,-4,78,1,177,0
1,-3,92,1,177,0
6,-8,101,1,177,0
4,-2,113,1,177,0
8,-4,125,1,177,0
2,-6,149,1,177,0
5,2,153,1,177,0
7,4,165,1,177,0
8,5,168,1,177,0
4,1,169,1,177,0
6,3,175,1,177,0
-1,6,28,1,178,0
2,-7,29,1,178,0
-3,8,44,1,178,0
7,-2,171,1,178,0
-2,7,52,1,178,0
-4,-4,59,1,178,0
0,8,68,1,178,0
5,-6,74,1,178,0
1,-4,86,1,178,0
4,-3,87,1,178,0
-5,0,92,1,178,0
8,-5,121,1,178,0
8,6,142,1,178,0
4,2,161,1,178,0
7,5,171,1,178,0
5,3,176,1,178,0
3,1,176,1,178,0
2,0,176,1,178,0
6,4,177,1,178,0
-7,3,13,1,178,0
3,-1,17,1,178,0
-6,2,21,1,178,0
3,2,36,1,178,0
-7,-4,39,1,178,0
7,-3,114,1,178,0
-1,7,59,1,178,0
-4,0,89,1,178,0
-5,1,99,1,178,0
8,-6,111,1,178,0
6,5,112,1,178,0
5,-7,111,1,178,0
8,7,124,1,178,0
1,-5,158,1,178,0
4,3,168,1,178,0
1,0,169,1,178,0
5,4,177,1,178,0
7,6,177,1,178,0
2,1,177,1,178,0
-7,4,6,1,178,0
4,-5,41,1,178,0
0,0,48,1,178,0
-1,8,58,1,178,0
-3,0,66,1,178,0
2,2,71,1,178,0
3,3,79,1,178,0
-5,2,106,1,178,0
8,-7,107,1,178,0
3,-2,108,1,178,0
6,6,111,1,178,0
5,-8,118,1,178,0
8,8,123,1,178,0
7,-4,133,1,178,0
7,7,135,1,178,0
6,-1,153,1,178,0
4,4,163,1,178,0
1,-6,164,1,178,0
1,1,165,1,178,0
5,5,176,1,178,0
3,-3,1,1,178,0
-7,5,9,1,178,0
1,-7,23,1,178,0
-4,2,34,1,178,0
4,-6,56,1,178,0
-2,0,59,1,178,0
-3,-4,65,1,178,0
1,2,66,1,178,0
2,3,76,1,178,0
0,-4,84,1,178,0
4,5,96,1,178,0
8,-8,99,1,178,0
-5,3,109,1,178,0
7,-5,117,1,178,0
7,8,129,1,178,0
6,7,146,1,178,0
6,-2,149,1,178,0
3,4,161,1,178,0
0,1,162,1,178,0
5,6,174,1,178,0
9,1,3,1,178,0
-7,6,11,1,178,0
1,-8,17,1,178,0
-3,2,39,1,178,0
-6,-4,46,1,178,0
-1,0,54,1,178,0
0,2,59,1,178,0
4,6,59,1,178,0
3,5,93,1,178,0
7,-6,114,1,178,0
1,3,114,1,178,0
-4,3,115,1,178,0
4,-7,129,1,178,0
8,0,163,1,178,0
6,8,139,1,178,0
6,-3,141,1,178,0
2,4,154,1,178,0
5,7,168,1,178,0
2,-1,177,1,178,0
-6,6,19,1,178,0
3,-5,35,1,178,0
3,6,53,1,178,0
5,8,93,1,178,0
7,-7,94,1,178,0
6,-4,106,1,178,0
2,-2,99,1,178,0
1,4,117,1,178,0
-4,4,118,1,178,0
7,0,158,1,178,0
-2,2,145,1,178,0
8,1,149,1,178,0
2,5,149,1,178,0
-1,1,154,1,178,0
5,-1,158,1,178,0
4,7,161,1,178,0
0,-6,169,1,178,0
-5,6,25,1,178,0
8,-1,168,1,178,0
6,-5,54,1,178,0
-2,-4,71,1,178,0
7,-8,98,1,178,0
2,-3,98,1,178,0
1,5,103,1,178,0
3,7,126,1,178,0
-3,4,126,1,178,0
6,0,133,1,178,0
7,1,153,1,178,0
-2,3,141,1,178,0
3,-6,142,1,178,0
2,6,143,1,178,0
5,-2,146,1,178,0
8,2,149,1,178,0
-1,2,149,1,178,0
4,8,159,1,178,0
0,4,174,1,178,0
0,-7,177,1,178,0
-1,3,4,1,178,0
0,-8,7,1,178,0
-4,6,31,1,178,0
8,-2,177,1,178,0
1,6,41,1,178,0
-5,-4,53,1,178,0
6,-6,77,1,178,0
5,-3,96,1,178,0
3,8,123,1,178,0
8,3,128,1,178,0
-2,4,134,1,178,0
2,7,136,1,178,0
6,1,139,1,178,0
3,-7,141,1,178,0
7,2,154,1,178,0
5,0,177,1,178,0
0,5,177,1,178,0
-2,5,18,1,178,0
-3,6,34,1,178,0
-8,-4,34,1,178,0
0,6,34,1,178,0
1,7,76,1,178,0
5,-4,98,1,178,0
6,-7,99,1,178,0
8,-3,178,1,178,0
4,-1,119,1,178,0
4,0,121,1,178,0
8,4,123,1,178,0
2,8,129,1,178,0
3,-8,133,1,178,0
6,2,146,1,178,0
2,-5,152,1,178,0
7,3,162,1,178,0
-1,4,168,1,178,0
5,1,169,1,178,0
-2,6,19,1,178,0
7,-1,169,1,178,0
3,0,23,1,178,0
-3,7,41,1,178,0
5,-5,47,1,178,0
0,7,66,1,178,0
1,8,69,1,178,0
-1,-4,78,1,178,0
1,-3,92,1,178,0
6,-8,101,1,178,0
4,-2,113,1,178,0
8,-4,125,1,178,0
2,-6,149,1,178,0
5,2,153,1,178,0
7,4,165,1,178,0
8,5,168,1,178,0
4,1,169,1,178,0
6,3,175,1,178,0
-1,6,28,1,179,0
2,-7,29,1,179,0
-3,8,44,1,179,0
7,-2,171,1,179,0
-2,7,52,1,179,0
-4,-4,59,1,179,0
0,8,68,1,179,0
5,-6,74,1,179,0
1,-4,86,1,179,0
4,-3,87,1,179,0
-5,0,92,1,179,0
8,-5,121,1,179,0
8,6,142,1,179,0
4,2,161,1,179,0
7,5,171,1,179,0
5,3,176,1,179,0
3,1,176,1,179,0
2,0,176,1,179,0
6,4,177,1,179,0
-7,3,13,1,179,0
-6,2,21,1,179,0
3,2,36,1,179,0
-7,-4,39,1,179,0
7,-3,114,1,179,0
-1,7,59,1,179,0
-4,0,89,1,179,0
-5,1,99,1,179,0
8,-6,111,1,179,0
6,5,112,1,179,0
5,-7,111,1,179,0
8,7,124,1,179,0
1,-5,158,1,179,0
4,3,168,1,179,0
1,0,169,1,179,0
7,6,178,1,179,0
5,4,178,1,179,0
2,1,178,1,179,0
3,-1,178,1,179,0
-7,4,6,1,179,0
4,-5,41,1,179,0
0,0,48,1,179,0
-1,8,58,1,179,0
-3,0,66,1,179,0
2,2,71,1,179,0
3,3,79,1,179,0
-5,2,106,1,179,0
8,-7,107,1,179,0
3,-2,108,1,179,0
6,6,111,1,179,0
5,-8,118,1,179,0
8,8,123,1,179,0
7,-4,133,1,179,0
7,7,135,1,179,0
6,-1,153,1,179,0
4,4,163,1,179,0
1,-6,164,1,179,0
1,1,165,1,179,0
5,5,177,1,179,0
3,-3,1,1,179,0
-7,5,9,1,179,0
1,-7,23,1,179,0
-4,2,34,1,179,0
4,-6,56,1,179,0
-2,0,59,1,179,0
-3,-4,65,1,179,0
1,2,66,1,179,0
2,3,76,1,179,0
0,-4,84,1,179,0
4,5,96,1,179,0
8,-8,99,1,179,0
-5,3,109,1,179,0
7,-5,117,1,179,0
7,8,129,1,179,0
6,7,146,1,179,0
6,-2,149,1,179,0
3,4,161,1,179,0
0,1,162,1,179,0
5,6,174,1,179,0
9,1,3,1,179,0
-7,6,11,1,179,0
1,-8,17,1,179,0
-3,2,39,1,179,0
-6,-4,46,1,179,0
-1,0,54,1,179,0
0,2,59,1,179,0
4,6,59,1,179,0
3,5,93,1,179,0
7,-6,114,1,179,0
1,3,114,1,179,0
-4,3,115,1,179,0
4,-7,129,1,179,0
8,0,163,1,179,0
6,8,139,1,179,0
6,-3,141,1,179,0
2,4,154,1,179,0
5,7,168,1,179,0
2,-1,177,1,179,0
-6,6,19,1,179,0
3,-5,35,1,179,0
3,6,53,1,179,0
5,8,93,1,179,0
7,-7,94,1,179,0
6,-4,106,1,179,0
2,-2,99,1,179,0
1,4,117,1,179,0
-4,4,118,1,179,0
7,0,158,1,179,0
-2,2,145,1,179,0
8,1,149,1,179,0
2,5,149,1,179,0
-1,1,154,1,179,0
5,-1,158,1,179,0
4,7,161,1,179,0
0,-6,169,1,179,0
-5,6,25,1,179,0
8,-1,168,1,179,0
6,-5,54,1,179,0
-2,-4,71,1,179,0
7,-8,98,1,179,0
2,-3,98,1,179,0
1,5,103,1,179,0
3,7,126,1,179,0
-3,4,126,1,179,0
6,0,133,1,179,0
7,1,153,1,179,0
-2,3,141,1,179,0
3,-6,142,1,179,0
2,6,143,1,179,0
5,-2,146,1,179,0
8,2,149,1,179,0
-1,2,149,1,179,0
4,8,159,1,179,0
0,4,174,1,179,0
0,-7,177,1,179,0
-1,3,4,1,179,0
-4,6,31,1,179,0
8,-2,177,1,179,0
1,6,41,1,179,0
-5,-4,53,1,179,0
6,-6,77,1,179,0
5,-3,96,1,179,0
3,8,123,1,179,0
8,3,128,1,179,0
-2,4,134,1,179,0
2,7,136,1,179,0
6,1,139,1,179,0
3,-7,141,1,179,0
7,2,154,1,179,0
0,-8,178,1,179,0
5,0,178,1,179,0
0,5,178,1,179,0
-2,5,18,1,179,0
-3,6,34,1,179,0
-8,-4,34,1,179,0
0,6,34,1,179,0
1,7,76,1,179,0
5,-4,98,1,179,0
6,-7,99,1,179,0
8,-3,179,1,179,0
4,-1,119,1,179,0
4,0,121,1,179,0
8,4,123,1,179,0
2,8,129,1,179,0
3,-8,133,1,179,0
6,2,146,1,179,0
2,-5,152,1,179,0
7,3,162,1,179,0
-1,4,168,1,179,0
5,1,169,1,179,0
-2,6,19,1,179,0
7,-1,169,1,179,0
3,0,23,1,179,0
-3,7,41,1,179,0
5,-5,47,1,179,0
0,7,66,1,179,0
1,8,69,1,179,0
-1,-4,78,1,179,0
1,-3,92,1,179,0
6,-8,101,1,179,0
4,-2,113,1,179,0
8,-4,125,1,179,0
2,-6,149,1,179,0
5,2,153,1,179,0
7,4,165,1,179,0
8,5,168,1,179,0
4,1,169,1,179,0
6,3,175,1,179,0
-1,6,28,1,180,0
2,-7,29,1,180,0
-3,8,44,1,180,0
7,-2,171,1,180,0
-2,7,52,1,180,0
-4,-4,59,1,180,0
0,8,68,1,180,0
5,-6,74,1,180,0
1,-4,86,1,180,0
4,-3,87,1,180,0
-5,0,92,1,180,0
8,-5,121,1,180,0
8,6,142,1,180,0
4,2,161,1,180,0
7,5,171,1,180,0
5,3,176,1,180,0
3,1,176,1,180,0
2,0,176,1,180,0
6,4,177,1,180,0
-7,3,13,1,180,0
-6,2,21,1,180,0
3,2,36,1,180,0
-7,-4,39,1,180,0
7,-3,114,1,180,0
-1,7,59,1,180,0
-4,0,89,1,180,0
-5,1,99,1,180,0
8,-6,111,1,180,0
6,5,112,1,180,0
5,-7,111,1,180,0
8,7,124,1,180,0
1,-5,158,1,180,0
4,3,168,1,180,0
1,0,169,1,180,0
7,6,178,1,180,0
5,4,179,1,180,0
2,1,179,1,180,0
3,-1,179,1,180,0
-7,4,6,1,180,0
4,-5,41,1,180,0
0,0,48,1,180,0
-1,8,58,1,180,0
-3,0,66,1,180,0
2,2,71,1,180,0
3,3,79,1,180,0
-5,2,106,1,180,0
8,-7,107,1,180,0
3,-2,108,1,180,0
6,6,111,1,180,0
5,-8,118,1,180,0
8,8,123,1,180,0
7,-4,133,1,180,0
6,-1,153,1,180,0
4,4,163,1,180,0
1,-6,164,1,180,0
1,1,165,1,180,0
5,5,178,1,180,0
7,7,179,1,180,0
3,-3,1,1,180,0
-7,5,9,1,180,0
1,-7,23,1,180,0
-4,2,34,1,180,0
4,-6,56,1,180,0
-2,0,59,1,180,0
-3,-4,65,1,180,0
1,2,66,1,180,0
2,3,76,1,180,0
0,-4,84,1,180,0
4,5,96,1,180,0
8,-8,99,1,180,0
-5,3,109,1,180,0
7,-5,117,1,180,0
7,8,129,1,180,0
6,7,146,1,180,0
6,-2,149,1,180,0
3,4,161,1,180,0
0,1,162,1,180,0
5,6,174,1,180,0
9,1,3,1,180,0
-7,6,11,1,180,0
1,-8,17,1,180,0
-3,2,39,1,180,0
-6,-4,46,1,180,0
-1,0,54,1,180,0
0,2,59,1,180,0
4,6,59,1,180,0
3,5,93,1,180,0
7,-6,114,1,180,0
1,3,114,1,180,0
-4,3,115,1,180,0
4,-7,129,1,180,0
8,0,163,1,180,0
6,8,139,1,180,0
6,-3,141,1,180,0
2,4,154,1,180,0
5,7,168,1,180,0
2,-1,177,1,180,0
-6,6,19,1,180,0
3,-5,35,1,180,0
3,6,53,1,180,0
5,8,93,1,180,0
7,-7,94,1,180,0
6,-4,106,1,180,0
2,-2,99,1,180,0
1,4,117,1,180,0
-4,4,118,1,180,0
7,0,158,1,180,0
-2,2,145,1,180,0
8,1,149,1,180,0
2,5,149,1,180,0
-1,1,154,1,180,0
4,7,161,1,180,0
0,-6,169,1,180,0
5,-1,179,1,180,0
-5,6,25,1,180,0
8,-1,168,1,180,0
6,-5,54,1,180,0
-2,-4,71,1,180,0
7,-8,98,1,180,0
2,-3,98,1,180,0
1,5,103,1,180,0
3,7,126,1,180,0
-3,4,126,1,180,0
6,0,133,1,180,0
7,1,153,1,180,0
-2,3,141,1,180,0
3,-6,142,1,180,0
2,6,143,1,180,0
5,-2,146,1,180,0
8,2,149,1,180,0
-1,2,149,1,180,0
4,8,159,1,180,0
0,4,174,1,180,0
0,-7,177,1,180,0
-1,3,4,1,180,0
-4,6,31,1,180,0
8,-2,177,1,180,0
1,6,41,1,180,0
-5,-4,53,1,180,0
6,-6,77,1,180,0
5,-3,96,1,180,0
3,8,123,1,180,0
8,3,128,1,180,0
-2,4,134,1,180,0
2,7,136,1,180,0
6,1,139,1,180,0
3,-7,141,1,180,0
7,2,154,1,180,0
5,0,178,1,180,0
0,-8,179,1,180,0
0,5,179,1,180,0
-2,5,18,1,180,0
-3,6,34,1,180,0
-8,-4,34,1,180,0
0,6,34,1,180,0
1,7,76,1,180,0
5,-4,98,1,180,0
6,-7,99,1,180,0
8,-3,179,1,180,0
4,-1,119,1,180,0
4,0,121,1,180,0
8,4,123,1,180,0
2,8,129,1,180,0
3,-8,133,1,180,0
6,2,146,1,180,0
2,-5,152,1,180,0
7,3,162,1,180,0
-1,4,168,1,180,0
5,1,169,1,180,0
-2,6,19,1,180,0
7,-1,169,1,180,0
3,0,23,1,180,0
-3,7,41,1,180,0
5,-5,47,1,180,0
0,7,66,1,180,0
1,8,69,1,180,0
-1,-4,78,1,180,0
1,-3,92,1,180,0
6,-8,101,1,180,0
4,-2,113,1,180,0
8,-4,125,1,180,0
2,-6,149,1,180,0
5,2,153,1,180,0
7,4,165,1,180,0
8,5,168,1,180,0
4,1,169,1,180,0
6,3,175,1,180,0
-1,6,28,1,181,0
2,-7,29,1,181,0
-3,8,44,1,181,0
7,-2,171,1,181,0
-2,7,52,1,181,0
-4,-4,59,1,181,0
0,8,68,1,181,0
5,-6,74,1,181,0
1,-4,86,1,181,0
4,-3,87,1,181,0
-5,0,92,1,181,0
8,-5,121,1,181,0
8,6,142,1,181,0
4,2,161,1,181,0
7,5,171,1,181,0
5,3,176,1,181,0
3,1,176,1,181,0
2,0,176,1,181,0
6,4,177,1,181,0
-7,3,13,1,181,0
-6,2,21,1,181,0
3,2,36,1,181,0
-7,-4,39,1,181,0
7,-3,114,1,181,0
-1,7,59,1,181,0
-4,0,89,1,181,0
-5,1,99,1,181,0
8,-6,111,1,181,0
6,5,112,1,181,0
5,-7,111,1,181,0
8,7,124,1,181,0
1,-5,158,1,181,0
4,3,168,1,181,0
1,0,169,1,181,0
7,6,178,1,181,0
2,1,179,1,181,0
3,-1,179,1,181,0
5,4,179,1,181,0
-7,4,6,1,181,0
4,-5,41,1,181,0
0,0,48,1,181,0
-1,8,58,1,181,0
-3,0,66,1,181,0
2,2,71,1,181,0
3,3,79,1,181,0
-5,2,106,1,181,0
8,-7,107,1,181,0
3,-2,108,1,181,0
6,6,111,1,181,0
5,-8,118,1,181,0
8,8,123,1,181,0
7,-4,133,1,181,0
6,-1,153,1,181,0
4,4,163,1,181,0
1,-6,164,1,181,0
1,1,165,1,181,0
7,7,179,1,181,0
5,5,179,1,181,0
3,-3,1,1,181,0
-7,5,9,1,181,0
1,-7,23,1,181,0
-4,2,34,1,181,0
4,-6,56,1,181,0
-2,0,59,1,181,0
-3,-4,65,1,181,0
1,2,66,1,181,0
2,3,76,1,181,0
0,-4,84,1,181,0
4,5,96,1,181,0
8,-8,99,1,181,0
-5,3,109,1,181,0
7,-5,117,1,181,0
7,8,129,1,181,0
6,7,146,1,181,0
6,-2,149,1,181,0
3,4,161,1,181,0
0,1,162,1,181,0
5,6,174,1,181,0
9,1,3,1,181,0
-7,6,11,1,181,0
1,-8,17,1,181,0
-3,2,39,1,181,0
-6,-4,46,1,181,0
-1,0,54,1,181,0
0,2,59,1,181,0
4,6,59,1,181,0
3,5,93,1,181,0
7,-6,114,1,181,0
1,3,114,1,181,0
-4,3,115,1,181,0
4,-7,129,1,181,0
8,0,163,1,181,0
6,8,139,1,181,0
6,-3,141,1,181,0
2,4,154,1,181,0
5,7,168,1,181,0
2,-1,177,1,181,0
-6,6,19,1,181,0
3,-5,35,1,181,0
3,6,53,1,181,0
5,8,93,1,181,0
7,-7,94,1,181,0
6,-4,106,1,181,0
2,-2,99,1,181,0
1,4,117,1,181,0
-4,4,118,1,181,0
7,0,158,1,181,0
-2,2,145,1,181,0
8,1,149,1,181,0
2,5,149,1,181,0
-1,1,154,1,181,0
4,7,161,1,181,0
0,-6,169,1,181,0
5,-1,179,1,181,0
-5,6,25,1,181,0
8,-1,168,1,181,0
6,-5,54,1,181,0
-2,-4,71,1,181,0
7,-8,98,1,181,0
2,-3,98,1,181,0
1,5,103,1,181,0
3,7,126,1,181,0
-3,4,126,1,181,0
6,0,133,1,181,0
7,1,153,1,181,0
-2,3,141,1,181,0
3,-6,142,1,181,0
2,6,143,1,181,0
5,-2,146,1,181,0
8,2,149,1,181,0
-1,2,149,1,181,0
4,8,159,1,181,0
0,4,174,1,181,0
0,-7,177,1,181,0
-1,3,4,1,181,0
-4,6,31,1,181,0
8,-2,177,1,181,0
1,6,41,1,181,0
-5,-4,53,1,181,0
6,-6,77,1,181,0
5,-3,96,1,181,0
3,8,123,1,181,0
8,3,128,1,181,0
-2,4,134,1,181,0
2,7,136,1,181,0
6,1,139,1,181,0
3,-7,141,1,181,0
7,2,154,1,181,0
5,0,178,1,181,0
0,-8,179,1,181,0
0,5,179,1,181,0
-2,5,18,1,181,0
-3,6,34,1,181,0
-8,-4,34,1,181,0
0,6,34,1,181,0
1,7,76,1,181,0
5,-4,98,1,181,0
6,-7,99,1,181,0
8,-3,181,1,181,0
4,-1,119,1,181,0
4,0,121,1,181,0
8,4,123,1,181,0
2,8,129,1,181,0
3,-8,133,1,181,0
6,2,146,1,181,0
2,-5,152,1,181,0
7,3,162,1,181,0
-1,4,168,1,181,0
5,1,169,1,181,0
-2,6,19,1,181,0
7,-1,169,1,181,0
3,0,23,1,181,0
-3,7,41,1,181,0
5,-5,47,1,181,0
0,7,66,1,181,0
1,8,69,1,181,0
-1,-4,78,1,181,0
1,-3,92,1,181,0
6,-8,101,1,181,0
4,-2,113,1,181,0
8,-4,125,1,181,0
2,-6,149,1,181,0
5,2,153,1,181,0
7,4,165,1,181,0
8,5,168,1,181,0
4,1,169,1,181,0
6,3,175,1,181,0
-1,6,28,1,182,0
2,-7,29,1,182,0
-3,8,44,1,182,0
7,-2,171,1,182,0
-2,7,52,1,182,0
-4,-4,59,1,182,0
0,8,68,1,182,0
5,-6,74,1,182,0
1,-4,86,1,182,0
4,-3,87,1,182,0
-5,0,92,1,182,0
8,-5,121,1,182,0
8,6,142,1,182,0
4,2,161,1,182,0
7,5,171,1,182,0
5,3,176,1,182,0
2,0,176,1,182,0
6,4,177,1,182,0
3,1,181,1,182,0
-7,3,13,1,182,0
-6,2,21,1,182,0
3,2,36,1,182,0
-7,-4,39,1,182,0
7,-3,114,1,182,0
-1,7,59,1,182,0
-4,0,89,1,182,0
-5,1,99,1,182,0
8,-6,111,1,182,0
6,5,112,1,182,0
5,-7,111,1,182,0
8,7,124,1,182,0
1,-5,158,1,182,0
4,3,168,1,182,0
1,0,169,1,182,0
7,6,178,1,182,0
2,1,179,1,182,0
5,4,181,1,182,0
3,-1,181,1,182,0
-7,4,6,1,182,0
4,-5,41,1,182,0
0,0,48,1,182,0
-1,8,58,1,182,0
-3,0,66,1,182,0
2,2,71,1,182,0
3,3,79,1,182,0
-5,2,106,1,182,0
8,-7,107,1,182,0
3,-2,108,1,182,0
6,6,111,1,182,0
5,-8,118,1,182,0
8,8,123,1,182,0
7,-4,133,1,182,0
6,-1,153,1,182,0
4,4,163,1,182,0
1,-6,164,1,182,0
1,1,165,1,182,0
7,7,179,1,182,0
5,5,179,1,182,0
3,-3,1,1,182,0
-7,5,9,1,182,0
1,-7,23,1,182,0
-4,2,34,1,182,0
4,-6,56,1,182,0
-2,0,59,1,182,0
-3,-4,65,1,182,0
1,2,66,1,182,0
2,3,76,1,182,0
0,-4,84,1,182,0
4,5,96,1,182,0
8,-8,99,1,182,0
-5,3,109,1,182,0
7,-5,117,1,182,0
7,8,129,1,182,0
6,-2,149,1,182,0
3,4,161,1,182,0
0,1,162,1,182,0
6,7,181,1,182,0
5,6,181,1,182,0
9,1,3,1,182,0
-7,6,11,1,182,0
1,-8,17,1,182,0
-3,2,39,1,182,0
-6,-4,46,1,182,0
-1,0,54,1,182,0
0,2,59,1,182,0
4,6,59,1,182,0
3,5,93,1,182,0
7,-6,114,1,182,0
1,3,114,1,182,0
-4,3,115,1,182,0
4,-7,129,1,182,0
8,0,163,1,182,0
6,8,139,1,182,0
6,-3,141,1,182,0
2,4,154,1,182,0
5,7,168,1,182,0
2,-1,177,1,182,0
-6,6,19,1,182,0
3,-5,35,1,182,0
3,6,53,1,182,0
5,8,93,1,182,0
7,-7,94,1,182,0
6,-4,106,1,182,0
2,-2,99,1,182,0
1,4,117,1,182,0
-4,4,118,1,182,0
7,0,158,1,182,0
-2,2,145,1,182,0
8,1,149,1,182,0
2,5,149,1,182,0
-1,1,154,1,182,0
4,7,161,1,182,0
0,-6,169,1,182,0
5,-1,181,1,182,0
-5,6,25,1,182,0
8,-1,168,1,182,0
6,-5,54,1,182,0
-2,-4,71,1,182,0
7,-8,98,1,182,0
2,-3,98,1,182,0
1,5,103,1,182,0
3,7,126,1,182,0
-3,4,126,1,182,0
6,0,133,1,182,0
7,1,153,1,182,0
-2,3,141,1,182,0
3,-6,142,1,182,0
2,6,143,1,182,0
5,-2,146,1,182,0
8,2,149,1,182,0
-1,2,149,1,182,0
4,8,159,1,182,0
0,4,174,1,182,0
0,-7,181,1,182,0
-1,3,4,1,182,0
-4,6,31,1,182,0
8,-2,177,1,182,0
1,6,41,1,182,0
-5,-4,53,1,182,0
6,-6,77,1,182,0
5,-3,96,1,182,0
3,8,123,1,182,0
8,3,128,1,182,0
-2,4,134,1,182,0
2,7,136,1,182,0
6,1,139,1,182,0
3,-7,141,1,182,0
7,2,154,1,182,0
5,0,178,1,182,0
0,-8,179,1,182,0
0,5,181,1,182,0
-2,5,18,1,182,0
-3,6,34,1,182,0
-8,-4,34,1,182,0
0,6,34,1,182,0
1,7,76,1,182,0
5,-4,98,1,182,0
6,-7,99,1,182,0
8,-3,182,1,182,0
4,-1,119,1,182,0
4,0,121,1,182,0
8,4,123,1,182,0
2,8,129,1,182,0
3,-8,133,1,182,0
6,2,146,1,182,0
2,-5,152,1,182,0
7,3,162,1,182,0
-1,4,168,1,182,0
5,1,169,1,182,0
-2,6,19,1,182,0
7,-1,169,1,182,0
3,0,23,1,182,0
-3,7,41,1,182,0
5,-5,47,1,182,0
0,7,66,1,182,0
1,8,69,1,182,0
-1,-4,78,1,182,0
1,-3,92,1,182,0
6,-8,101,1,182,0
4,-2,113,1,182,0
8,-4,125,1,182,0
2,-6,149,1,182,0
5,2,153,1,182,0
7,4,165,1,182,0
8,5,168,1,182,0
4,1,169,1,182,0
6,3,175,1,182,0
-1,6,28,1,183,0
2,-7,29,1,183,0
-3,8,44,1,183,0
7,-2,171,1,183,0
-2,7,52,1,183,0
-4,-4,59,1,183,0
0,8,68,1,183,0
5,-6,74,1,183,0
1,-4,86,1,183,0
4,-3,87,1,183,0
-5,0,92,1,183,0
8,-5,121,1,183,0
8,6,142,1,183,0
4,2,161,1,183,0
7,5,171,1,183,0
5,3,176,1,183,0
2,0,176,1,183,0
3,1,181,1,183,0
6,4,182,1,183,0
-7,3,13,1,183,0
-6,2,21,1,183,0
3,2,36,1,183,0
-7,-4,39,1,183,0
7,-3,183,1,183,0
-1,7,59,1,183,0
-4,0,89,1,183,0
-5,1,99,1,183,0
8,-6,111,1,183,0
6,5,112,1,183,0
5,-7,111,1,183,0
8,7,124,1,183,0
1,-5,158,1,183,0
4,3,168,1,183,0
1,0,169,1,183,0
7,6,178,1,183,0
2,1,179,1,183,0
5,4,182,1,183,0
3,-1,182,1,183,0
-7,4,6,1,183,0
4,-5,41,1,183,0
0,0,48,1,183,0
-1,8,58,1,183,0
-3,0,66,1,183,0
2,2,71,1,183,0
3,3,79,1,183,0
-5,2,106,1,183,0
8,-7,107,1,183,0
3,-2,108,1,183,0
6,6,111,1,183,0
5,-8,118,1,183,0
8,8,123,1,183,0
7,-4,133,1,183,0
6,-1,153,1,183,0
4,4,163,1,183,0
1,-6,164,1,183,0
1,1,165,1,183,0
5,5,179,1,183,0
7,7,182,1,183,0
3,-3,1,1,183,0
-7,5,9,1,183,0
1,-7,23,1,183,0
-4,2,34,1,183,0
4,-6,56,1,183,0
-2,0,59,1,183,0
-3,-4,65,1,183,0
1,2,66,1,183,0
2,3,76,1,183,0
0,-4,84,1,183,0
4,5,96,1,183,0
8,-8,99,1,183,0
-5,3,109,1,183,0
7,-5,117,1,183,0
7,8,129,1,183,0
6,-2,149,1,183,0
3,4,161,1,183,0
0,1,162,1,183,0
6,7,181,1,183,0
5,6,182,1,183,0
9,1,3,1,183,0
-7,6,11,1,183,0
1,-8,17,1,183,0
-3,2,39,1,183,0
-6,-4,46,1,183,0
-1,0,54,1,183,0
0,2,59,1,183,0
4,6,59,1,183,0
3,5,93,1,183,0
7,-6,114,1,183,0
1,3,114,1,183,0
-4,3,115,1,183,0
4,-7,129,1,183,0
8,0,163,1,183,0
6,8,139,1,183,0
6,-3,141,1,183,0
2,4,154,1,183,0
5,7,168,1,183,0
2,-1,177,1,183,0
-6,6,19,1,183,0
3,-5,35,1,183,0
3,6,53,1,183,0
5,8,93,1,183,0
7,-7,94,1,183,0
6,-4,106,1,183,0
2,-2,99,1,183,0
1,4,117,1,183,0
-4,4,118,1,183,0
7,0,158,1,183,0
-2,2,145,1,183,0
8,1,149,1,183,0
2,5,149,1,183,0
-1,1,154,1,183,0
4,7,161,1,183,0
0,-6,169,1,183,0
5,-1,182,1,183,0
-5,6,25,1,183,0
8,-1,168,1,183,0
6,-5,54,1,183,0
-2,-4,71,1,183,0
7,-8,98,1,183,0
2,-3,98,1,183,0
1,5,103,1,183,0
3,7,126,1,183,0
-3,4,126,1,183,0
6,0,133,1,183,0
7,1,153,1,183,0
-2,3,141,1,183,0
3,-6,142,1,183,0
2,6,143,1,183,0
5,-2,146,1,183,0
8,2,149,1,183,0
-1,2,149,1,183,0
4,8,159,1,183,0
0,4,174,1,183,0
0,-7,182,1,183,0
-1,3,4,1,183,0
-4,6,31,1,183,0
8,-2,177,1,183,0
1,6,41,1,183,0
-5,-4,53,1,183,0
6,-6,77,1,183,0
5,-3,96,1,183,0
3,8,123,1,183,0
8,3,128,1,183,0
-2,4,134,1,183,0
2,7,136,1,183,0
6,1,139,1,183,0
3,-7,141,1,183,0
7,2,154,1,183,0
5,0,178,1,183,0
0,-8,179,1,183,0
0,5,182,1,183,0
-2,5,18,1,183,0
-3,6,34,1,183,0
-8,-4,34,1,183,0
0,6,34,1,183,0
1,7,76,1,183,0
5,-4,98,1,183,0
6,-7,99,1,183,0
8,-3,182,1,183,0
4,-1,119,1,183,0
4,0,121,1,183,0
8,4,123,1,183,0
2,8,129,1,183,0
3,-8,133,1,183,0
6,2,146,1,183,0
2,-5,152,1,183,0
7,3,162,1,183,0
-1,4,168,1,183,0
5,1,169,1,183,0
-2,6,19,1,183,0
7,-1,169,1,183,0
3,0,23,1,183,0
-3,7,41,1,183,0
5,-5,47,1,183,0
0,7,66,1,183,0
1,8,69,1,183,0
-1,-4,78,1,183,0
1,-3,92,1,183,0
6,-8,101,1,183,0
4,-2,113,1,183,0
8,-4,125,1,183,0
2,-6,149,1,183,0
5,2,153,1,183,0
7,4,165,1,183,0
8,5,168,1,183,0
4,1,169,1,183,0
6,3,175,1,183,0
-1,6,28,1,184,0
2,-7,29,1,184,0
-3,8,44,1,184,0
7,-2,171,1,184,0
-2,7,52,1,184,0
-4,-4,59,1,184,0
0,8,68,1,184,0
5,-6,74,1,184,0
1,-4,86,1,184,0
4,-3,87,1,184,0
-5,0,92,1,184,0
8,-5,121,1,184,0
8,6,142,1,184,0
4,2,161,1,184,0
7,5,171,1,184,0
5,3,176,1,184,0
2,0,176,1,184,0
3,1,182,1,184,0
6,4,183,1,184,0
-7,3,13,1,184,0
-6,2,21,1,184,0
3,2,36,1,184,0
-7,-4,39,1,184,0
7,-3,184,1,184,0
-1,7,59,1,184,0
-4,0,89,1,184,0
-5,1,99,1,184,0
8,-6,111,1,184,0
6,5,112,1,184,0
5,-7,111,1,184,0
8,7,124,1,184,0
1,-5,158,1,184,0
4,3,168,1,184,0
1,0,169,1,184,0
7,6,178,1,184,0
2,1,179,1,184,0
5,4,183,1,184,0
3,-1,183,1,184,0
-7,4,6,1,184,0
4,-5,41,1,184,0
0,0,48,1,184,0
-1,8,58,1,184,0
-3,0,66,1,184,0
2,2,71,1,184,0
3,3,79,1,184,0
-5,2,106,1,184,0
8,-7,107,1,184,0
3,-2,108,1,184,0
6,6,111,1,184,0
5,-8,118,1,184,0
8,8,123,1,184,0
7,-4,133,1,184,0
6,-1,153,1,184,0
4,4,163,1,184,0
1,-6,164,1,184,0
1,1,165,1,184,0
5,5,179,1,184,0
7,7,183,1,184,0
3,-3,1,1,184,0
-7,5,9,1,184,0
1,-7,23,1,184,0
-4,2,34,1,184,0
4,-6,56,1,184,0
-2,0,59,1,184,0
-3,-4,65,1,184,0
1,2,66,1,184,0
2,3,76,1,184,0
0,-4,84,1,184,0
4,5,96,1,184,0
8,-8,99,1,184,0
-5,3,109,1,184,0
7,-5,117,1,184,0
7,8,129,1,184,0
6,-2,149,1,184,0
3,4,161,1,184,0
0,1,162,1,184,0
6,7,181,1,184,0
5,6,183,1,184,0
9,1,3,1,184,0
-7,6,11,1,184,0
1,-8,17,1,184,0
-3,2,39,1,184,0
-6,-4,46,1,184,0
-1,0,54,1,184,0
0,2,59,1,184,0
4,6,59,1,184,0
3,5,93,1,184,0
7,-6,114,1,184,0
1,3,114,1,184,0
-4,3,115,1,184,0
4,-7,129,1,184,0
8,0,163,1,184,0
6,8,139,1,184,0
6,-3,141,1,184,0
2,4,154,1,184,0
5,7,168,1,184,0
2,-1,177,1,184,0
-6,6,19,1,184,0
3,-5,35,1,184,0
3,6,53,1,184,0
5,8,93,1,184,0
7,-7,94,1,184,0
6,-4,106,1,184,0
2,-2,99,1,184,0
1,4,117,1,184,0
-4,4,118,1,184,0
7,0,158,1,184,0
-2,2,145,1,184,0
8,1,149,1,184,0
2,5,149,1,184,0
-1,1,154,1,184,0
4,7,161,1,184,0
0,-6,169,1,184,0
5,-1,183,1,184,0
-5,6,25,1,184,0
8,-1,168,1,184,0
6,-5,54,1,184,0
-2,-4,71,1,184,0
7,-8,98,1,184,0
2,-3,98,1,184,0
1,5,103,1,184,0
3,7,126,1,184,0
-3,4,126,1,184,0
6,0,133,1,184,0
7,1,153,1,184,0
-2,3,141,1,184,0
3,-6,142,1,184,0
2,6,143,1,184,0
5,-2,146,1,184,0
8,2,149,1,184,0
-1,2,149,1,184,0
4,8,159,1,184,0
0,4,174,1,184,0
0,-7,183,1,184,0
-1,3,4,1,184,0
-4,6,31,1,184,0
8,-2,177,1,184,0
1,6,41,1,184,0
-5,-4,53,1,184,0
6,-6,77,1,184,0
5,-3,96,1,184,0
3,8,123,1,184,0
8,3,128,1,184,0
-2,4,134,1,184,0
2,7,136,1,184,0
6,1,139,1,184,0
3,-7,141,1,184,0
7,2,154,1,184,0
5,0,178,1,184,0
0,-8,179,1,184,0
0,5,183,1,184,0
-2,5,18,1,184,0
-3,6,34,1,184,0
-8,-4,34,1,184,0
0,6,34,1,184,0
1,7,76,1,184,0
5,-4,98,1,184,0
6,-7,99,1,184,0
8,-3,182,1,184,0
4,-1,119,1,184,0
4,0,121,1,184,0
8,4,123,1,184,0
2,8,129,1,184,0
3,-8,133,1,184,0
6,2,146,1,184,0
2,-5,152,1,184,0
7,3,162,1,184,0
-1,4,168,1,184,0
5,1,169,1,184,0
-2,6,19,1,184,0
7,-1,169,1,184,0
3,0,23,1,184,0
-3,7,41,1,184,0
5,-5,47,1,184,0
0,7,66,1,184,0
1,8,69,1,184,0
-1,-4,78,1,184,0
1,-3,92,1,184,0
6,-8,101,1,184,0
4,-2,113,1,184,0
8,-4,125,1,184,0
2,-6,149,1,184,0
5,2,153,1,184,0
7,4,165,1,184,0
8,5,168,1,184,0
4,1,169,1,184,0
6,3,175,1,184,0
-1,6,28,1,185,0
2,-7,29,1,185,0
-3,8,44,1,185,0
7,-2,171,1,185,0
-2,7,52,1,185,0
-4,-4,59,1,185,0
0,8,68,1,185,0
5,-6,74,1,185,0
1,-4,86,1,185,0
4,-3,87,1,185,0
-5,0,92,1,185,0
8,-5,121,1,185,0
8,6,142,1,185,0
4,2,161,1,185,0
7,5,171,1,185,0
5,3,176,1,185,0
2,0,176,1,185,0
6,4,183,1,185,0
3,1,184,1,185,0
-7,3,13,1,185,0
-6,2,21,1,185,0
3,2,36,1,185,0
-7,-4,39,1,185,0
7,-3,184,1,185,0
-1,7,59,1,185,0
-4,0,89,1,185,0
-5,1,99,1,185,0
8,-6,111,1,185,0
5,-7,111,1,185,0
8,7,124,1,185,0
1,-5,158,1,185,0
4,3,168,1,185,0
1,0,169,1,185,0
7,6,178,1,185,0
2,1,179,1,185,0
5,4,184,1,185,0
6,5,184,1,185,0
3,-1,184,1,185,0
-7,4,6,1,185,0
4,-5,41,1,185,0
0,0,48,1,185,0
-1,8,58,1,185,0
-3,0,66,1,185,0
2,2,71,1,185,0
3,3,79,1,185,0
-5,2,106,1,185,0
8,-7,107,1,185,0
3,-2,108,1,185,0
6,6,111,1,185,0
5,-8,118,1,185,0
8,8,123,1,185,0
7,-4,185,1,185,0
6,-1,153,1,185,0
4,4,163,1,185,0
1,-6,164,1,185,0
1,1,165,1,185,0
5,5,179,1,185,0
7,7,184,1,185,0
3,-3,1,1,185,0
-7,5,9,1,185,0
1,-7,23,1,185,0
-4,2,34,1,185,0
4,-6,56,1,185,0
-2,0,59,1,185,0
-3,-4,65,1,185,0
1,2,66,1,185,0
2,3,76,1,185,0
0,-4,84,1,185,0
4,5,96,1,185,0
8,-8,99,1,185,0
-5,3,109,1,185,0
7,-5,117,1,185,0
7,8,129,1,185,0
6,-2,149,1,185,0
3,4,161,1,185,0
0,1,162,1,185,0
6,7,181,1,185,0
5,6,183,1,185,0
9,1,3,1,185,0
-7,6,11,1,185,0
1,-8,17,1,185,0
-3,2,39,1,185,0
-6,-4,46,1,185,0
-1,0,54,1,185,0
0,2,59,1,185,0
4,6,59,1,185,0
3,5,93,1,185,0
7,-6,114,1,185,0
1,3,114,1,185,0
-4,3,115,1,185,0
4,-7,129,1,185,0
8,0,163,1,185,0
6,8,139,1,185,0
6,-3,141,1,185,0
2,4,154,1,185,0
5,7,168,1,185,0
2,-1,177,1,185,0
-6,6,19,1,185,0
3,-5,35,1,185,0
3,6,53,1,185,0
5,8,93,1,185,0
7,-7,94,1,185,0
6,-4,106,1,185,0
2,-2,99,1,185,0
1,4,117,1,185,0
-4,4,118,1,185,0
7,0,158,1,185,0
-2,2,145,1,185,0
8,1,149,1,185,0
2,5,149,1,185,0
-1,1,154,1,185,0
4,7,161,1,185,0
0,-6,169,1,185,0
5,-1,184,1,185,0
-5,6,25,1,185,0
8,-1,168,1,185,0
6,-5,54,1,185,0
-2,-4,71,1,185,0
7,-8,98,1,185,0
2,-3,98,1,185,0
1,5,103,1,185,0
3,7,126,1,185,0
-3,4,126,1,185,0
6,0,133,1,185,0
7,1,153,1,185,0
-2,3,141,1,185,0
3,-6,142,1,185,0
2,6,143,1,185,0
5,-2,146,1,185,0
8,2,149,1,185,0
-1,2,149,1,185,0
4,8,159,1,185,0
0,4,174,1,185,0
0,-7,183,1,185,0
-1,3,4,1,185,0
-4,6,31,1,185,0
8,-2,177,1,185,0
1,6,41,1,185,0
-5,-4,53,1,185,0
6,-6,77,1,185,0
5,-3,96,1,185,0
3,8,123,1,185,0
8,3,128,1,185,0
-2,4,134,1,185,0
2,7,136,1,185,0
6,1,139,1,185,0
3,-7,141,1,185,0
7,2,154,1,185,0
5,0,178,1,185,0
0,5,183,1,185,0
0,-8,184,1,185,0
-2,5,18,1,185,0
-3,6,34,1,185,0
-8,-4,34,1,185,0
1,7,76,1,185,0
5,-4,98,1,185,0
6,-7,99,1,185,0
8,-3,182,1,185,0
4,-1,119,1,185,0
4,0,121,1,185,0
8,4,123,1,185,0
2,8,129,1,185,0
3,-8,133,1,185,0
6,2,146,1,185,0
2,-5,152,1,185,0
7,3,162,1,185,0
-1,4,168,1,185,0
5,1,169,1,185,0
0,6,184,1,185,0
-2,6,19,1,185,0
7,-1,169,1,185,0
3,0,23,1,185,0
-3,7,41,1,185,0
5,-5,47,1,185,0
0,7,66,1,185,0
1,8,69,1,185,0
-1,-4,78,1,185,0
1,-3,92,1,185,0
6,-8,101,1,185,0
4,-2,113,1,185,0
8,-4,125,1,185,0
2,-6,149,1,185,0
5,2,153,1,185,0
7,4,165,1,185,0
8,5,168,1,185,0
4,1,169,1,185,0
6,3,175,1,185,0
-1,6,28,1,186,0
2,-7,29,1,186,0
-3,8,44,1,186,0
7,-2,171,1,186,0
-2,7,52,1,186,0
-4,-4,59,1,186,0
0,8,68,1,186,0
5,-6,74,1,186,0
1,-4,86,1,186,0
4,-3,87,1,186,0
-5,0,92,1,186,0
8,-5,121,1,186,0
8,6,142,1,186,0
4,2,161,1,186,0
7,5,171,1,186,0
5,3,176,1,186,0
2,0,176,1,186,0
6,4,183,1,186,0
3,1,184,1,186,0
-7,3,13,1,186,0
-6,2,21,1,186,0
-7,-4,39,1,186,0
7,-3,184,1,186,0
-1,7,59,1,186,0
-4,0,89,1,186,0
-5,1,99,1,186,0
8,-6,111,1,186,0
5,-7,111,1,186,0
8,7,124,1,186,0
1,-5,158,1,186,0
4,3,168,1,186,0
1,0,169,1,186,0
7,6,178,1,186,0
2,1,179,1,186,0
5,4,185,1,186,0
6,5,185,1,186,0
3,2,185,1,186,0
3,-1,185,1,186,0
-7,4,6,1,186,0
4,-5,41,1,186,0
0,0,48,1,186,0
-1,8,58,1,186,0
-3,0,66,1,186,0
2,2,71,1,186,0
3,3,79,1,186,0
-5,2,106,1,186,0
8,-7,107,1,186,0
3,-2,108,1,186,0
6,6,111,1,186,0
5,-8,118,1,186,0
8,8,123,1,186,0
7,-4,186,1,186,0
6,-1,153,1,186,0
4,4,163,1,186,0
1,-6,164,1,186,0
1,1,165,1,186,0
7,7,185,1,186,0
5,5,185,1,186,0
3,-3,1,1,186,0
-7,5,9,1,186,0
1,-7,23,1,186,0
-4,2,34,1,186,0
4,-6,56,1,186,0
-2,0,59,1,186,0
-3,-4,65,1,186,0
1,2,66,1,186,0
2,3,76,1,186,0
0,-4,84,1,186,0
4,5,96,1,186,0
8,-8,99,1,186,0
-5,3,109,1,186,0
7,-5,117,1,186,0
7,8,129,1,186,0
6,-2,149,1,186,0
3,4,161,1,186,0
0,1,162,1,186,0
6,7,181,1,186,0
5,6,184,1,186,0
-1,-8,185,1,186,0
9,1,3,1,186,0
-7,6,11,1,186,0
1,-8,17,1,186,0
-3,2,39,1,186,0
-6,-4,46,1,186,0
-1,0,54,1,186,0
0,2,59,1,186,0
4,6,59,1,186,0
3,5,93,1,186,0
7,-6,114,1,186,0
1,3,114,1,186,0
-4,3,115,1,186,0
4,-7,129,1,186,0
8,0,163,1,186,0
6,8,139,1,186,0
6,-3,141,1,186,0
2,4,154,1,186,0
5,7,168,1,186,0
2,-1,177,1,186,0
-6,6,19,1,186,0
3,-5,35,1,186,0
3,6,53,1,186,0
5,8,93,1,186,0
7,-7,94,1,186,0
6,-4,106,1,186,0
2,-2,99,1,186,0
1,4,117,1,186,0
-4,4,118,1,186,0
7,0,158,1,186,0
-2,2,145,1,186,0
8,1,149,1,186,0
2,5,149,1,186,0
-1,1,154,1,186,0
4,7,161,1,186,0
0,-6,169,1,186,0
5,-1,185,1,186,0
-5,6,25,1,186,0
8,-1,168,1,186,0
6,-5,54,1,186,0
-2,-4,71,1,186,0
7,-8,98,1,186,0
2,-3,98,1,186,0
1,5,103,1,186,0
3,7,126,1,186,0
-3,4,126,1,186,0
6,0,133,1,186,0
7,1,153,1,186,0
-2,3,141,1,186,0
3,-6,142,1,186,0
2,6,143,1,186,0
5,-2,146,1,186,0
8,2,149,1,186,0
-1,2,149,1,186,0
4,8,159,1,186,0
0,4,174,1,186,0
0,-7,183,1,186,0
-1,3,4,1,186,0
-4,6,31,1,186,0
8,-2,177,1,186,0
1,6,41,1,186,0
-5,-4,53,1,186,0
6,-6,77,1,186,0
5,-3,96,1,186,0
3,8,123,1,186,0
8,3,128,1,186,0
-2,4,134,1,186,0
2,7,136,1,186,0
6,1,139,1,186,0
3,-7,141,1,186,0
7,2,154,1,186,0
5,0,178,1,186,0
0,5,183,1,186,0
0,-8,184,1,186,0
-2,5,18,1,186,0
-3,6,34,1,186,0
-8,-4,34,1,186,0
1,7,76,1,186,0
5,-4,98,1,186,0
6,-7,99,1,186,0
8,-3,182,1,186,0
4,-1,119,1,186,0
4,0,121,1,186,0
8,4,123,1,186,0
2,8,129,1,186,0
3,-8,133,1,186,0
6,2,146,1,186,0
2,-5,152,1,186,0
7,3,162,1,186,0
-1,4,168,1,186,0
5,1,169,1,186,0
0,6,185,1,186,0
-2,6,19,1,186,0
7,-1,169,1,186,0
3,0,23,1,186,0
-3,7,41,1,186,0
5,-5,47,1,186,0
0,7,66,1,186,0
1,8,69,1,186,0
-1,-4,78,1,186,0
1,-3,92,1,186,0
6,-8,101,1,186,0
4,-2,113,1,186,0
8,-4,125,1,186,0
2,-6,149,1,186,0
5,2,153,1,186,0
7,4,165,1,186,0
8,5,168,1,186,0
4,1,169,1,186,0
6,3,175,1,186,0
-1,6,28,1,187,0
2,-7,29,1,187,0
-3,8,44,1,187,0
7,-2,171,1,187,0
-2,7,52,1,187,0
-4,-4,59,1,187,0
0,8,68,1,187,0
5,-6,74,1,187,0
1,-4,86,1,187,0
4,-3,87,1,187,0
-5,0,92,1,187,0
8,-5,121,1,187,0
8,6,142,1,187,0
4,2,161,1,187,0
7,5,171,1,187,0
5,3,176,1,187,0
2,0,176,1,187,0
3,1,184,1,187,0
6,4,186,1,187,0
-7,3,13,1,187,0
-6,2,21,1,187,0
-7,-4,39,1,187,0
7,-3,184,1,187,0
-1,7,59,1,187,0
-4,0,89,1,187,0
-5,1,99,1,187,0
8,-6,111,1,187,0
5,-7,111,1,187,0
8,7,124,1,187,0
1,-5,158,1,187,0
4,3,168,1,187,0
1,0,169,1,187,0
7,6,178,1,187,0
2,1,179,1,187,0
5,4,185,1,187,0
6,5,186,1,187,0
3,2,186,1,187,0
3,-1,186,1,187,0
-7,4,6,1,187,0
4,-5,41,1,187,0
0,0,48,1,187,0
-1,8,58,1,187,0
-3,0,66,1,187,0
2,2,71,1,187,0
3,3,79,1,187,0
-5,2,106,1,187,0
8,-7,107,1,187,0
3,-2,108,1,187,0
6,6,111,1,187,0
5,-8,118,1,187,0
8,8,123,1,187,0
7,-4,187,1,187,0
6,-1,153,1,187,0
4,4,163,1,187,0
1,-6,164,1,187,0
1,1,165,1,187,0
7,7,186,1,187,0
5,5,186,1,187,0
3,-3,1,1,187,0
-7,5,9,1,187,0
1,-7,23,1,187,0
-4,2,34,1,187,0
4,-6,56,1,187,0
-2,0,59,1,187,0
-3,-4,65,1,187,0
1,2,66,1,187,0
2,3,76,1,187,0
0,-4,84,1,187,0
4,5,96,1,187,0
8,-8,99,1,187,0
-5,3,109,1,187,0
7,-5,117,1,187,0
7,8,129,1,187,0
6,-2,149,1,187,0
3,4,161,1,187,0
0,1,162,1,187,0
6,7,181,1,187,0
5,6,184,1,187,0
-1,-8,185,1,187,0
9,1,3,1,187,0
-7,6,11,1,187,0
1,-8,17,1,187,0
-3,2,39,1,187,0
-6,-4,46,1,187,0
-1,0,54,1,187,0
0,2,59,1,187,0
4,6,59,1,187,0
3,5,93,1,187,0
7,-6,114,1,187,0
1,3,114,1,187,0
-4,3,115,1,187,0
4,-7,129,1,187,0
8,0,163,1,187,0
6,8,139,1,187,0
6,-3,141,1,187,0
2,4,154,1,187,0
5,7,168,1,187,0
2,-1,177,1,187,0
-6,6,19,1,187,0
3,-5,35,1,187,0
3,6,53,1,187,0
5,8,93,1,187,0
7,-7,94,1,187,0
6,-4,106,1,187,0
2,-2,99,1,187,0
1,4,117,1,187,0
-4,4,118,1,187,0
7,0,158,1,187,0
-2,2,145,1,187,0
8,1,149,1,187,0
2,5,149,1,187,0
-1,1,154,1,187,0
4,7,161,1,187,0
0,-6,169,1,187,0
5,-1,186,1,187,0
-5,6,25,1,187,0
8,-1,168,1,187,0
6,-5,54,1,187,0
-2,-4,71,1,187,0
7,-8,98,1,187,0
2,-3,98,1,187,0
1,5,103,1,187,0
3,7,126,1,187,0
-3,4,126,1,187,0
6,0,133,1,187,0
7,1,153,1,187,0
-2,3,141,1,187,0
3,-6,142,1,187,0
2,6,143,1,187,0
5,-2,146,1,187,0
8,2,149,1,187,0
-1,2,149,1,187,0
4,8,159,1,187,0
0,4,174,1,187,0
0,-7,183,1,187,0
-1,3,4,1,187,0
-4,6,31,1,187,0
8,-2,177,1,187,0
1,6,41,1,187,0
-5,-4,53,1,187,0
6,-6,77,1,187,0
5,-3,96,1,187,0
3,8,123,1,187,0
8,3,128,1,187,0
-2,4,134,1,187,0
2,7,136,1,187,0
6,1,139,1,187,0
3,-7,141,1,187,0
7,2,154,1,187,0
5,0,178,1,187,0
0,5,183,1,187,0
0,-8,186,1,187,0
-2,5,18,1,187,0
-3,6,34,1,187,0
-8,-4,34,1,187,0
1,7,76,1,187,0
5,-4,98,1,187,0
6,-7,99,1,187,0
8,-3,182,1,187,0
4,-1,119,1,187,0
4,0,121,1,187,0
8,4,123,1,187,0
2,8,129,1,187,0
3,-8,133,1,187,0
6,2,146,1,187,0
2,-5,152,1,187,0
7,3,162,1,187,0
-1,4,168,1,187,0
5,1,169,1,187,0
0,6,186,1,187,0
-2,6,19,1,187,0
7,-1,169,1,187,0
3,0,23,1,187,0
-3,7,41,1,187,0
5,-5,47,1,187,0
0,7,66,1,187,0
1,8,69,1,187,0
-1,-4,78,1,187,0
1,-3,92,1,187,0
6,-8,101,1,187,0
4,-2,113,1,187,0
8,-4,125,1,187,0
2,-6,149,1,187,0
5,2,153,1,187,0
7,4,165,1,187,0
8,5,168,1,187,0
4,1,169,1,187,0
6,3,175,1,187,0
-1,6,28,1,188,0
2,-7,29,1,188,0
-3,8,44,1,188,0
7,-2,171,1,188,0
-2,7,52,1,188,0
-4,-4,59,1,188,0
0,8,68,1,188,0
5,-6,74,1,188,0
1,-4,86,1,188,0
4,-3,87,1,188,0
-5,0,92,1,188,0
8,-5,121,1,188,0
8,6,142,1,188,0
4,2,161,1,188,0
7,5,171,1,188,0
5,3,176,1,188,0
2,0,176,1,188,0
3,1,184,1,188,0
6,4,187,1,188,0
-7,3,13,1,188,0
-6,2,21,1,188,0
-7,-4,39,1,188,0
7,-3,184,1,188,0
-1,7,59,1,188,0
-4,0,89,1,188,0
-5,1,99,1,188,0
8,-6,111,1,188,0
5,-7,111,1,188,0
8,7,124,1,188,0
1,-5,158,1,188,0
4,3,168,1,188,0
1,0,169,1,188,0
7,6,178,1,188,0
2,1,179,1,188,0
5,4,185,1,188,0
3,-1,186,1,188,0
6,5,187,1,188,0
3,2,187,1,188,0
-7,4,6,1,188,0
4,-5,41,1,188,0
0,0,48,1,188,0
-1,8,58,1,188,0
-3,0,66,1,188,0
2,2,71,1,188,0
3,3,79,1,188,0
-5,2,106,1,188,0
8,-7,107,1,188,0
3,-2,108,1,188,0
6,6,111,1,188,0
5,-8,118,1,188,0
8,8,123,1,188,0
7,-4,188,1,188,0
6,-1,153,1,188,0
4,4,163,1,188,0
1,-6,164,1,188,0
1,1,165,1,188,0
7,7,187,1,188,0
5,5,187,1,188,0
3,-3,1,1,188,0
-7,5,9,1,188,0
1,-7,23,1,188,0
-4,2,34,1,188,0
4,-6,56,1,188,0
-2,0,59,1,188,0
-3,-4,65,1,188,0
1,2,66,1,188,0
2,3,76,1,188,0
0,-4,84,1,188,0
4,5,96,1,188,0
8,-8,99,1,188,0
-5,3,109,1,188,0
7,-5,117,1,188,0
7,8,129,1,188,0
6,-2,149,1,188,0
3,4,161,1,188,0
0,1,162,1,188,0
6,7,181,1,188,0
5,6,184,1,188,0
-1,-8,185,1,188,0
9,1,3,1,188,0
-7,6,11,1,188,0
1,-8,17,1,188,0
-3,2,39,1,188,0
-6,-4,46,1,188,0
-1,0,54,1,188,0
0,2,59,1,188,0
4,6,59,1,188,0
3,5,93,1,188,0
7,-6,114,1,188,0
1,3,114,1,188,0
-4,3,115,1,188,0
4,-7,129,1,188,0
8,0,163,1,188,0
6,8,139,1,188,0
6,-3,141,1,188,0
2,4,154,1,188,0
5,7,168,1,188,0
2,-1,177,1,188,0
-6,6,19,1,188,0
3,-5,35,1,188,0
3,6,53,1,188,0
5,8,93,1,188,0
7,-7,94,1,188,0
6,-4,106,1,188,0
2,-2,99,1,188,0
1,4,117,1,188,0
-4,4,118,1,188,0
7,0,158,1,188,0
-2,2,145,1,188,0
8,1,149,1,188,0
2,5,149,1,188,0
-1,1,154,1,188,0
4,7,161,1,188,0
0,-6,169,1,188,0
5,-1,187,1,188,0
-5,6,25,1,188,0
8,-1,168,1,188,0
6,-5,54,1,188,0
-2,-4,71,1,188,0
7,-8,98,1,188,0
2,-3,98,1,188,0
1,5,103,1,188,0
3,7,126,1,188,0
-3,4,126,1,188,0
6,0,133,1,188,0
7,1,153,1,188,0
-2,3,141,1,188,0
3,-6,142,1,188,0
2,6,143,1,188,0
5,-2,146,1,188,0
8,2,149,1,188,0
-1,2,149,1,188,0
4,8,159,1,188,0
0,4,174,1,188,0
0,-7,187,1,188,0
-1,3,4,1,188,0
-4,6,31,1,188,0
8,-2,177,1,188,0
1,6,41,1,188,0
-5,-4,53,1,188,0
6,-6,77,1,188,0
5,-3,96,1,188,0
3,8,123,1,188,0
8,3,128,1,188,0
-2,4,134,1,188,0
2,7,136,1,188,0
6,1,139,1,188,0
3,-7,141,1,188,0
7,2,154,1,188,0
5,0,178,1,188,0
0,5,183,1,188,0
0,-8,186,1,188,0
-2,5,18,1,188,0
-3,6,34,1,188,0
-8,-4,34,1,188,0
1,7,76,1,188,0
5,-4,98,1,188,0
6,-7,99,1,188,0
8,-3,182,1,188,0
4,-1,119,1,188,0
4,0,121,1,188,0
8,4,123,1,188,0
2,8,129,1,188,0
3,-8,133,1,188,0
6,2,146,1,188,0
2,-5,152,1,188,0
7,3,162,1,188,0
-1,4,168,1,188,0
5,1,169,1,188,0
0,6,187,1,188,0
-2,6,19,1,188,0
7,-1,169,1,188,0
3,0,23,1,188,0
-3,7,41,1,188,0
5,-5,47,1,188,0
0,7,66,1,188,0
1,8,69,1,188,0
-1,-4,78,1,188,0
1,-3,92,1,188,0
6,-8,101,1,188,0
4,-2,113,1,188,0
8,-4,125,1,188,0
2,-6,149,1,188,0
5,2,153,1,188,0
7,4,165,1,188,0
8,5,168,1,188,0
4,1,169,1,188,0
6,3,175,1,188,0
-1,6,28,1,189,0
2,-7,29,1,189,0
-3,8,44,1,189,0
7,-2,171,1,189,0
-2,7,52,1,189,0
-4,-4,59,1,189,0
0,8,68,1,189,0
5,-6,74,1,189,0
1,-4,86,1,189,0
4,-3,87,1,189,0
-5,0,92,1,189,0
8,-5,121,1,189,0
8,6,142,1,189,0
4,2,161,1,189,0
7,5,171,1,189,0
5,3,176,1,189,0
2,0,176,1,189,0
3,1,184,1,189,0
6,4,188,1,189,0
-7,3,13,1,189,0
-6,2,21,1,189,0
-7,-4,39,1,189,0
7,-3,184,1,189,0
-1,7,59,1,189,0
-4,0,89,1,189,0
-5,1,99,1,189,0
8,-6,111,1,189,0
5,-7,111,1,189,0
8,7,124,1,189,0
1,-5,158,1,189,0
4,3,168,1,189,0
1,0,169,1,189,0
7,6,178,1,189,0
2,1,179,1,189,0
5,4,185,1,189,0
3,-1,186,1,189,0
6,5,188,1,189,0
3,2,188,1,189,0
-7,4,6,1,189,0
4,-5,41,1,189,0
0,0,48,1,189,0
-1,8,58,1,189,0
-3,0,66,1,189,0
2,2,71,1,189,0
3,3,79,1,189,0
-5,2,106,1,189,0
8,-7,107,1,189,0
3,-2,108,1,189,0
6,6,111,1,189,0
5,-8,118,1,189,0
8,8,123,1,189,0
7,-4,189,1,189,0
6,-1,153,1,189,0
4,4,163,1,189,0
1,-6,164,1,189,0
1,1,165,1,189,0
5,5,187,1,189,0
7,7,188,1,189,0
3,-3,1,1,189,0
-7,5,9,1,189,0
1,-7,23,1,189,0
-4,2,34,1,189,0
4,-6,56,1,189,0
-2,0,59,1,189,0
-3,-4,65,1,189,0
1,2,66,1,189,0
2,3,76,1,189,0
0,-4,84,1,189,0
4,5,96,1,189,0
8,-8,99,1,189,0
-5,3,109,1,189,0
7,-5,117,1,189,0
7,8,129,1,189,0
6,-2,149,1,189,0
3,4,161,1,189,0
0,1,162,1,189,0
6,7,181,1,189,0
-1,-8,185,1,189,0
5,6,188,1,189,0
9,1,3,1,189,0
-7,6,11,1,189,0
1,-8,17,1,189,0
-3,2,39,1,189,0
-6,-4,46,1,189,0
-1,0,54,1,189,0
0,2,59,1,189,0
4,6,59,1,189,0
3,5,93,1,189,0
7,-6,114,1,189,0
1,3,114,1,189,0
-4,3,115,1,189,0
4,-7,129,1,189,0
8,0,163,1,189,0
6,8,139,1,189,0
6,-3,141,1,189,0
2,4,154,1,189,0
5,7,168,1,189,0
2,-1,177,1,189,0
-6,6,19,1,189,0
3,-5,35,1,189,0
3,6,53,1,189,0
5,8,93,1,189,0
7,-7,94,1,189,0
6,-4,106,1,189,0
2,-2,99,1,189,0
1,4,117,1,189,0
-4,4,118,1,189,0
7,0,158,1,189,0
-2,2,145,1,189,0
8,1,149,1,189,0
2,5,149,1,189,0
-1,1,154,1,189,0
4,7,161,1,189,0
0,-6,169,1,189,0
5,-1,187,1,189,0
-5,6,25,1,189,0
8,-1,168,1,189,0
6,-5,54,1,189,0
-2,-4,71,1,189,0
7,-8,98,1,189,0
2,-3,98,1,189,0
1,5,103,1,189,0
3,7,126,1,189,0
-3,4,126,1,189,0
6,0,133,1,189,0
7,1,153,1,189,0
-2,3,141,1,189,0
3,-6,142,1,189,0
2,6,143,1,189,0
5,-2,146,1,189,0
8,2,149,1,189,0
-1,2,149,1,189,0
4,8,159,1,189,0
0,4,174,1,189,0
0,-7,188,1,189,0
-1,3,4,1,189,0
-4,6,31,1,189,0
8,-2,177,1,189,0
1,6,41,1,189,0
-5,-4,53,1,189,0
6,-6,77,1,189,0
5,-3,96,1,189,0
3,8,123,1,189,0
8,3,128,1,189,0
-2,4,134,1,189,0
2,7,136,1,189,0
6,1,139,1,189,0
3,-7,141,1,189,0
7,2,154,1,189,0
5,0,178,1,189,0
0,5,183,1,189,0
0,-8,186,1,189,0
-2,5,18,1,189,0
-3,6,34,1,189,0
-8,-4,34,1,189,0
1,7,76,1,189,0
5,-4,98,1,189,0
6,-7,99,1,189,0
8,-3,182,1,189,0
4,0,121,1,189,0
8,4,123,1,189,0
2,8,129,1,189,0
3,-8,133,1,189,0
6,2,146,1,189,0
2,-5,152,1,189,0
7,3,162,1,189,0
-1,4,168,1,189,0
5,1,169,1,189,0
0,6,187,1,189,0
4,-1,188,1,189,0
-2,6,19,1,189,0
7,-1,169,1,189,0
3,0,23,1,189,0
-3,7,41,1,189,0
5,-5,47,1,189,0
0,7,66,1,189,0
1,8,69,1,189,0
-1,-4,78,1,189,0
1,-3,92,1,189,0
6,-8,101,1,189,0
4,-2,113,1,189,0
8,-4,125,1,189,0
2,-6,149,1,189,0
5,2,153,1,189,0
7,4,165,1,189,0
8,5,168,1,189,0
4,1,169,1,189,0
6,3,175,1,189,0
-1,6,28,1,190,0
2,-7,29,1,190,0
-3,8,44,1,190,0
7,-2,171,1,190,0
-2,7,52,1,190,0
-4,-4,59,1,190,0
0,8,68,1,190,0
5,-6,74,1,190,0
1,-4,86,1,190,0
4,-3,87,1,190,0
-5,0,92,1,190,0
8,-5,121,1,190,0
8,6,142,1,190,0
4,2,161,1,190,0
7,5,171,1,190,0
5,3,176,1,190,0
2,0,176,1,190,0
3,1,184,1,190,0
6,4,189,1,190,0
-7,3,13,1,190,0
-6,2,21,1,190,0
-7,-4,39,1,190,0
7,-3,184,1,190,0
-1,7,59,1,190,0
-4,0,89,1,190,0
-5,1,99,1,190,0
8,-6,111,1,190,0
5,-7,111,1,190,0
8,7,124,1,190,0
1,-5,158,1,190,0
4,3,168,1,190,0
1,0,169,1,190,0
7,6,178,1,190,0
2,1,179,1,190,0
5,4,185,1,190,0
3,-1,186,1,190,0
6,5,189,1,190,0
3,2,189,1,190,0
-7,4,6,1,190,0
4,-5,41,1,190,0
0,0,48,1,190,0
-1,8,58,1,190,0
-3,0,66,1,190,0
2,2,71,1,190,0
3,3,79,1,190,0
-5,2,106,1,190,0
8,-7,107,1,190,0
3,-2,108,1,190,0
6,6,111,1,190,0
5,-8,118,1,190,0
8,8,123,1,190,0
7,-4,189,1,190,0
6,-1,153,1,190,0
4,4,163,1,190,0
1,-6,164,1,190,0
1,1,165,1,190,0
5,5,187,1,190,0
7,7,189,1,190,0
3,-3,1,1,190,0
-7,5,9,1,190,0
1,-7,23,1,190,0
-4,2,34,1,190,0
4,-6,56,1,190,0
-2,0,59,1,190,0
-3,-4,65,1,190,0
1,2,66,1,190,0
2,3,76,1,190,0
0,-4,84,1,190,0
4,5,96,1,190,0
8,-8,99,1,190,0
-5,3,109,1,190,0
7,-5,117,1,190,0
7,8,129,1,190,0
6,-2,149,1,190,0
3,4,161,1,190,0
0,1,162,1,190,0
6,7,181,1,190,0
-1,-8,185,1,190,0
5,6,189,1,190,0
9,1,3,1,190,0
-7,6,11,1,190,0
1,-8,17,1,190,0
-3,2,39,1,190,0
-6,-4,46,1,190,0
-1,0,54,1,190,0
0,2,59,1,190,0
4,6,59,1,190,0
3,5,93,1,190,0
7,-6,114,1,190,0
1,3,114,1,190,0
-4,3,115,1,190,0
4,-7,129,1,190,0
8,0,163,1,190,0
6,8,139,1,190,0
6,-3,141,1,190,0
2,4,154,1,190,0
5,7,168,1,190,0
2,-1,177,1,190,0
-6,6,19,1,190,0
3,-5,35,1,190,0
3,6,53,1,190,0
5,8,93,1,190,0
7,-7,94,1,190,0
6,-4,106,1,190,0
2,-2,99,1,190,0
1,4,117,1,190,0
-4,4,118,1,190,0
7,0,158,1,190,0
-2,2,145,1,190,0
8,1,149,1,190,0
2,5,149,1,190,0
-1,1,154,1,190,0
4,7,161,1,190,0
0,-6,169,1,190,0
5,-1,187,1,190,0
-5,6,25,1,190,0
8,-1,168,1,190,0
6,-5,54,1,190,0
-2,-4,71,1,190,0
7,-8,98,1,190,0
2,-3,98,1,190,0
1,5,103,1,190,0
3,7,126,1,190,0
-3,4,126,1,190,0
6,0,133,1,190,0
7,1,153,1,190,0
-2,3,141,1,190,0
3,-6,142,1,190,0
2,6,143,1,190,0
5,-2,146,1,190,0
8,2,149,1,190,0
-1,2,149,1,190,0
4,8,159,1,190,0
0,4,174,1,190,0
0,-7,189,1,190,0
-1,3,4,1,190,0
-4,6,31,1,190,0
8,-2,177,1,190,0
1,6,41,1,190,0
-5,-4,53,1,190,0
6,-6,77,1,190,0
5,-3,96,1,190,0
3,8,123,1,190,0
8,3,128,1,190,0
-2,4,134,1,190,0
2,7,136,1,190,0
6,1,139,1,190,0
3,-7,141,1,190,0
7,2,154,1,190,0
5,0,178,1,190,0
0,5,183,1,190,0
0,-8,186,1,190,0
-2,5,18,1,190,0
-3,6,34,1,190,0
-8,-4,34,1,190,0
1,7,76,1,190,0
5,-4,98,1,190,0
6,-7,99,1,190,0
8,-3,182,1,190,0
4,0,121,1,190,0
8,4,123,1,190,0
2,8,129,1,190,0
3,-8,133,1,190,0
6,2,146,1,190,0
2,-5,152,1,190,0
7,3,162,1,190,0
-1,4,168,1,190,0
5,1,169,1,190,0
4,-1,189,1,190,0
0,6,189,1,190,0
-2,6,19,1,190,0
7,-1,169,1,190,0
3,0,23,1,190,0
-3,7,41,1,190,0
5,-5,47,1,190,0
0,7,66,1,190,0
1,8,69,1,190,0
-1,-4,78,1,190,0
1,-3,92,1,190,0
6,-8,101,1,190,0
4,-2,113,1,190,0
8,-4,125,1,190,0
2,-6,149,1,190,0
5,2,153,1,190,0
7,4,165,1,190,0
8,5,168,1,190,0
4,1,169,1,190,0
6,3,175,1,190,0
-1,6,28,1,191,0
2,-7,29,1,191,0
-3,8,44,1,191,0
7,-2,171,1,191,0
-2,7,52,1,191,0
-4,-4,59,1,191,0
0,8,68,1,191,0
5,-6,74,1,191,0
1,-4,86,1,191,0
4,-3,87,1,191,0
-5,0,92,1,191,0
8,-5,121,1,191,0
8,6,142,1,191,0
4,2,161,1,191,0
7,5,171,1,191,0
5,3,176,1,191,0
2,0,176,1,191,0
3,1,184,1,191,0
6,4,189,1,191,0
-7,3,13,1,191,0
-6,2,21,1,191,0
-7,-4,39,1,191,0
7,-3,184,1,191,0
-1,7,59,1,191,0
-4,0,89,1,191,0
-5,1,99,1,191,0
8,-6,111,1,191,0
5,-7,111,1,191,0
8,7,124,1,191,0
1,-5,158,1,191,0
4,3,168,1,191,0
1,0,169,1,191,0
7,6,178,1,191,0
2,1,179,1,191,0
5,4,185,1,191,0
3,-1,186,1,191,0
6,5,189,1,191,0
3,2,189,1,191,0
-7,4,6,1,191,0
4,-5,41,1,191,0
0,0,48,1,191,0
-1,8,58,1,191,0
-3,0,66,1,191,0
2,2,71,1,191,0
3,3,79,1,191,0
-5,2,106,1,191,0
8,-7,107,1,191,0
3,-2,108,1,191,0
6,6,111,1,191,0
5,-8,118,1,191,0
8,8,123,1,191,0
7,-4,191,1,191,0
6,-1,153,1,191,0
4,4,163,1,191,0
1,-6,164,1,191,0
1,1,165,1,191,0
5,5,187,1,191,0
7,7,189,1,191,0
3,-3,1,1,191,0
-7,5,9,1,191,0
1,-7,23,1,191,0
-4,2,34,1,191,0
4,-6,56,1,191,0
-2,0,59,1,191,0
-3,-4,65,1,191,0
1,2,66,1,191,0
2,3,76,1,191,0
0,-4,84,1,191,0
4,5,96,1,191,0
8,-8,99,1,191,0
-5,3,109,1,191,0
7,-5,117,1,191,0
7,8,129,1,191,0
6,-2,149,1,191,0
3,4,161,1,191,0
0,1,162,1,191,0
6,7,181,1,191,0
-1,-8,185,1,191,0
5,6,189,1,191,0
9,1,3,1,191,0
-7,6,11,1,191,0
1,-8,17,1,191,0
-3,2,39,1,191,0
-6,-4,46,1,191,0
-1,0,54,1,191,0
0,2,59,1,191,0
4,6,59,1,191,0
3,5,93,1,191,0
7,-6,114,1,191,0
1,3,114,1,191,0
-4,3,115,1,191,0
4,-7,129,1,191,0
8,0,163,1,191,0
6,8,139,1,191,0
6,-3,141,1,191,0
2,4,154,1,191,0
5,7,168,1,191,0
2,-1,177,1,191,0
-6,6,19,1,191,0
3,-5,35,1,191,0
3,6,53,1,191,0
5,8,93,1,191,0
7,-7,94,1,191,0
6,-4,106,1,191,0
2,-2,99,1,191,0
1,4,117,1,191,0
-4,4,118,1,191,0
7,0,158,1,191,0
-2,2,145,1,191,0
8,1,149,1,191,0
2,5,149,1,191,0
-1,1,154,1,191,0
4,7,161,1,191,0
0,-6,169,1,191,0
5,-1,187,1,191,0
-5,6,25,1,191,0
8,-1,168,1,191,0
6,-5,54,1,191,0
-2,-4,71,1,191,0
7,-8,98,1,191,0
2,-3,98,1,191,0
1,5,103,1,191,0
3,7,126,1,191,0
-3,4,126,1,191,0
6,0,133,1,191,0
7,1,153,1,191,0
-2,3,141,1,191,0
3,-6,142,1,191,0
2,6,143,1,191,0
5,-2,146,1,191,0
8,2,149,1,191,0
-1,2,149,1,191,0
4,8,159,1,191,0
0,4,174,1,191,0
0,-7,189,1,191,0
-1,3,4,1,191,0
-4,6,31,1,191,0
8,-2,177,1,191,0
1,6,41,1,191,0
-5,-4,53,1,191,0
6,-6,77,1,191,0
5,-3,96,1,191,0
3,8,123,1,191,0
8,3,128,1,191,0
-2,4,134,1,191,0
2,7,136,1,191,0
6,1,139,1,191,0
3,-7,141,1,191,0
7,2,154,1,191,0
5,0,178,1,191,0
0,5,183,1,191,0
0,-8,186,1,191,0
-2,5,18,1,191,0
-3,6,34,1,191,0
-8,-4,34,1,191,0
1,7,76,1,191,0
5,-4,98,1,191,0
6,-7,99,1,191,0
8,-3,182,1,191,0
4,0,121,1,191,0
8,4,123,1,191,0
2,8,129,1,191,0
3,-8,133,1,191,0
6,2,146,1,191,0
2,-5,152,1,191,0
7,3,162,1,191,0
-1,4,168,1,191,0
5,1,169,1,191,0
0,6,189,1,191,0
4,-1,189,1,191,0
-2,6,19,1,191,0
7,-1,169,1,191,0
3,0,23,1,191,0
-3,7,41,1,191,0
5,-5,47,1,191,0
0,7,66,1,191,0
1,8,69,1,191,0
-1,-4,78,1,191,0
1,-3,92,1,191,0
6,-8,101,1,191,0
4,-2,113,1,191,0
8,-4,125,1,191,0
2,-6,149,1,191,0
5,2,153,1,191,0
7,4,165,1,191,0
8,5,168,1,191,0
4,1,169,1,191,0
6,3,175,1,191,0
-1,6,28,1,192,0
2,-7,29,1,192,0
-3,8,44,1,192,0
7,-2,171,1,192,0
-2,7,52,1,192,0
-4,-4,59,1,192,0
0,8,68,1,192,0
5,-6,74,1,192,0
1,-4,86,1,192,0
4,-3,87,1,192,0
-5,0,92,1,192,0
8,-5,121,1,192,0
8,6,142,1,192,0
4,2,161,1,192,0
7,5,171,1,192,0
5,3,176,1,192,0
2,0,176,1,192,0
3,1,184,1,192,0
6,4,191,1,192,0
-7,3,13,1,192,0
-6,2,21,1,192,0
-7,-4,39,1,192,0
7,-3,184,1,192,0
-1,7,59,1,192,0
-4,0,89,1,192,0
-5,1,99,1,192,0
8,-6,111,1,192,0
5,-7,111,1,192,0
8,7,124,1,192,0
1,-5,158,1,192,0
4,3,168,1,192,0
1,0,169,1,192,0
7,6,178,1,192,0
2,1,179,1,192,0
5,4,185,1,192,0
3,2,189,1,192,0
6,5,191,1,192,0
3,-1,191,1,192,0
-7,4,6,1,192,0
4,-5,41,1,192,0
0,0,48,1,192,0
-1,8,58,1,192,0
-3,0,66,1,192,0
2,2,71,1,192,0
-5,2,106,1,192,0
8,-7,107,1,192,0
3,-2,108,1,192,0
6,6,111,1,192,0
5,-8,118,1,192,0
8,8,123,1,192,0
7,-4,191,1,192,0
6,-1,153,1,192,0
4,4,163,1,192,0
1,-6,164,1,192,0
1,1,165,1,192,0
5,5,187,1,192,0
7,7,189,1,192,0
3,3,191,1,192,0
3,-3,1,1,192,0
-7,5,9,1,192,0
1,-7,23,1,192,0
-4,2,34,1,192,0
4,-6,56,1,192,0
-2,0,59,1,192,0
-3,-4,65,1,192,0
1,2,66,1,192,0
2,3,76,1,192,0
0,-4,84,1,192,0
4,5,96,1,192,0
8,-8,99,1,192,0
-5,3,109,1,192,0
7,-5,192,1,192,0
7,8,129,1,192,0
6,-2,149,1,192,0
3,4,161,1,192,0
0,1,162,1,192,0
6,7,181,1,192,0
-1,-8,185,1,192,0
5,6,191,1,192,0
9,1,3,1,192,0
-7,6,11,1,192,0
1,-8,17,1,192,0
-3,2,39,1,192,0
-6,-4,46,1,192,0
-1,0,54,1,192,0
0,2,59,1,192,0
4,6,59,1,192,0
3,5,93,1,192,0
7,-6,114,1,192,0
1,3,114,1,192,0
-4,3,115,1,192,0
4,-7,129,1,192,0
8,0,163,1,192,0
6,8,139,1,192,0
6,-3,141,1,192,0
2,4,154,1,192,0
5,7,168,1,192,0
2,-1,177,1,192,0
-6,6,19,1,192,0
3,-5,35,1,192,0
3,6,53,1,192,0
5,8,93,1,192,0
7,-7,94,1,192,0
6,-4,106,1,192,0
2,-2,99,1,192,0
1,4,117,1,192,0
-4,4,118,1,192,0
7,0,158,1,192,0
-2,2,145,1,192,0
8,1,149,1,192,0
2,5,149,1,192,0
-1,1,154,1,192,0
4,7,161,1,192,0
0,-6,169,1,192,0
5,-1,187,1,192,0
-5,6,25,1,192,0
8,-1,168,1,192,0
6,-5,54,1,192,0
-2,-4,71,1,192,0
7,-8,98,1,192,0
2,-3,98,1,192,0
1,5,103,1,192,0
3,7,126,1,192,0
-3,4,126,1,192,0
6,0,133,1,192,0
7,1,153,1,192,0
-2,3,141,1,192,0
3,-6,142,1,192,0
2,6,143,1,192,0
5,-2,146,1,192,0
8,2,149,1,192,0
-1,2,149,1,192,0
4,8,159,1,192,0
0,4,174,1,192,0
0,-7,191,1,192,0
-1,3,4,1,192,0
-4,6,31,1,192,0
8,-2,177,1,192,0
1,6,41,1,192,0
-5,-4,53,1,192,0
6,-6,77,1,192,0
5,-3,96,1,192,0
3,8,123,1,192,0
8,3,128,1,192,0
-2,4,134,1,192,0
2,7,136,1,192,0
6,1,139,1,192,0
3,-7,141,1,192,0
7,2,154,1,192,0
5,0,178,1,192,0
0,5,183,1,192,0
0,-8,186,1,192,0
-2,5,18,1,192,0
-3,6,34,1,192,0
-8,-4,34,1,192,0
1,7,76,1,192,0
5,-4,98,1,192,0
6,-7,99,1,192,0
8,-3,182,1,192,0
4,0,121,1,192,0
8,4,123,1,192,0
2,8,129,1,192,0
3,-8,133,1,192,0
6,2,146,1,192,0
2,-5,152,1,192,0
7,3,162,1,192,0
-1,4,168,1,192,0
5,1,169,1,192,0
0,6,189,1,192,0
4,-1,191,1,192,0
-2,6,19,1,192,0
7,-1,169,1,192,0
3,0,23,1,192,0
-3,7,41,1,192,0
5,-5,47,1,192,0
1,8,69,1,192,0
-1,-4,78,1,192,0
1,-3,92,1,192,0
6,-8,101,1,192,0
4,-2,113,1,192,0
8,-4,125,1,192,0
2,-6,149,1,192,0
5,2,153,1,192,0
7,4,165,1,192,0
8,5,168,1,192,0
4,1,169,1,192,0
6,3,175,1,192,0
0,7,191,1,192,0
-1,6,28,1,193,0
2,-7,29,1,193,0
-3,8,44,1,193,0
7,-2,171,1,193,0
-2,7,52,1,193,0
-4,-4,59,1,193,0
0,8,68,1,193,0
5,-6,74,1,193,0
1,-4,86,1,193,0
4,-3,87,1,193,0
-5,0,92,1,193,0
8,-5,121,1,193,0
8,6,142,1,193,0
4,2,161,1,193,0
5,3,176,1,193,0
2,0,176,1,193,0
3,1,184,1,193,0
6,4,192,1,193,0
7,5,192,1,193,0
-7,3,13,1,193,0
-6,2,21,1,193,0
-7,-4,39,1,193,0
7,-3,184,1,193,0
-1,7,59,1,193,0
-4,0,89,1,193,0
-5,1,99,1,193,0
8,-6,111,1,193,0
5,-7,111,1,193,0
1,-5,158,1,193,0
4,3,168,1,193,0
1,0,169,1,193,0
7,6,178,1,193,0
2,1,179,1,193,0
5,4,185,1,193,0
3,2,189,1,193,0
6,5,191,1,193,0
3,-1,191,1,193,0
8,7,191,1,193,0
-7,4,6,1,193,0
4,-5,41,1,193,0
0,0,48,1,193,0
-1,8,58,1,193,0
-3,0,66,1,193,0
2,2,71,1,193,0
-5,2,106,1,193,0
8,-7,107,1,193,0
3,-2,108,1,193,0
6,6,111,1,193,0
5,-8,118,1,193,0
8,8,123,1,193,0
7,-4,191,1,193,0
6,-1,153,1,193,0
4,4,163,1,193,0
1,-6,164,1,193,0
1,1,165,1,193,0
5,5,187,1,193,0
7,7,189,1,193,0
3,3,192,1,193,0
3,-3,1,1,193,0
-7,5,9,1,193,0
1,-7,23,1,193,0
-4,2,34,1,193,0
4,-6,56,1,193,0
-2,0,59,1,193,0
-3,-4,65,1,193,0
1,2,66,1,193,0
2,3,76,1,193,0
0,-4,84,1,193,0
4,5,96,1,193,0
8,-8,99,1,193,0
-5,3,109,1,193,0
7,-5,193,1,193,0
7,8,129,1,193,0
6,-2,149,1,193,0
3,4,161,1,193,0
0,1,162,1,193,0
6,7,181,1,193,0
-1,-8,185,1,193,0
5,6,192,1,193,0
9,1,3,1,193,0
-7,6,11,1,193,0
1,-8,17,1,193,0
-3,2,39,1,193,0
-6,-4,46,1,193,0
-1,0,54,1,193,0
0,2,59,1,193,0
4,6,59,1,193,0
3,5,93,1,193,0
7,-6,114,1,193,0
1,3,114,1,193,0
-4,3,115,1,193,0
4,-7,129,1,193,0
8,0,163,1,193,0
6,8,139,1,193,0
6,-3,141,1,193,0
2,4,154,1,193,0
5,7,168,1,193,0
2,-1,177,1,193,0
-6,6,19,1,193,0
3,-5,35,1,193,0
3,6,53,1,193,0
5,8,93,1,193,0
7,-7,94,1,193,0
6,-4,106,1,193,0
2,-2,99,1,193,0
1,4,117,1,193,0
-4,4,118,1,193,0
7,0,158,1,193,0
-2,2,145,1,193,0
8,1,149,1,193,0
2,5,149,1,193,0
-1,1,154,1,193,0
4,7,161,1,193,0
0,-6,169,1,193,0
5,-1,187,1,193,0
-5,6,25,1,193,0
8,-1,168,1,193,0
6,-5,54,1,193,0
-2,-4,71,1,193,0
7,-8,98,1,193,0
2,-3,98,1,193,0
1,5,103,1,193,0
3,7,126,1,193,0
-3,4,126,1,193,0
6,0,133,1,193,0
7,1,153,1,193,0
-2,3,141,1,193,0
3,-6,142,1,193,0
2,6,143,1,193,0
5,-2,146,1,193,0
8,2,149,1,193,0
-1,2,149,1,193,0
4,8,159,1,193,0
0,4,174,1,193,0
0,-7,192,1,193,0
-1,3,4,1,193,0
-4,6,31,1,193,0
8,-2,177,1,193,0
1,6,41,1,193,0
-5,-4,53,1,193,0
6,-6,77,1,193,0
5,-3,96,1,193,0
3,8,123,1,193,0
8,3,128,1,193,0
-2,4,134,1,193,0
2,7,136,1,193,0
6,1,139,1,193,0
3,-7,141,1,193,0
7,2,154,1,193,0
5,0,178,1,193,0
0,5,183,1,193,0
0,-8,186,1,193,0
-2,5,18,1,193,0
-3,6,34,1,193,0
-8,-4,34,1,193,0
1,7,76,1,193,0
5,-4,98,1,193,0
6,-7,99,1,193,0
8,-3,182,1,193,0
4,0,121,1,193,0
8,4,123,1,193,0
2,8,129,1,193,0
3,-8,133,1,193,0
6,2,146,1,193,0
2,-5,152,1,193,0
7,3,162,1,193,0
-1,4,168,1,193,0
5,1,169,1,193,0
0,6,189,1,193,0
4,-1,192,1,193,0
-2,6,19,1,193,0
7,-1,169,1,193,0
-3,7,41,1,193,0
5,-5,47,1,193,0
1,8,69,1,193,0
-1,-4,78,1,193,0
1,-3,92,1,193,0
6,-8,101,1,193,0
4,-2,113,1,193,0
8,-4,125,1,193,0
2,-6,149,1,193,0
5,2,153,1,193,0
7,4,165,1,193,0
8,5,168,1,193,0
4,1,169,1,193,0
6,3,175,1,193,0
0,7,191,1,193,0
3,0,192,1,193,0
-1,6,28,1,194,0
2,-7,29,1,194,0
-3,8,44,1,194,0
7,-2,171,1,194,0
-2,7,52,1,194,0
-4,-4,59,1,194,0
0,8,68,1,194,0
5,-6,74,1,194,0
1,-4,86,1,194,0
4,-3,87,1,194,0
-5,0,92,1,194,0
8,-5,121,1,194,0
8,6,142,1,194,0
4,2,161,1,194,0
5,3,176,1,194,0
2,0,176,1,194,0
3,1,184,1,194,0
7,5,192,1,194,0
6,4,193,1,194,0
-7,3,13,1,194,0
-6,2,21,1,194,0
-7,-4,39,1,194,0
7,-3,184,1,194,0
-1,7,59,1,194,0
-4,0,89,1,194,0
-5,1,99,1,194,0
8,-6,111,1,194,0
5,-7,111,1,194,0
1,-5,158,1,194,0
4,3,168,1,194,0
1,0,169,1,194,0
2,1,179,1,194,0
5,4,185,1,194,0
3,2,189,1,194,0
6,5,191,1,194,0
3,-1,191,1,194,0
8,7,191,1,194,0
7,6,193,1,194,0
-7,4,6,1,194,0
4,-5,41,1,194,0
0,0,48,1,194,0
-1,8,58,1,194,0
-3,0,66,1,194,0
2,2,71,1,194,0
-5,2,106,1,194,0
8,-7,107,1,194,0
3,-2,108,1,194,0
6,6,111,1,194,0
5,-8,118,1,194,0
7,-4,191,1,194,0
6,-1,153,1,194,0
4,4,163,1,194,0
1,-6,164,1,194,0
1,1,165,1,194,0
5,5,187,1,194,0
7,7,189,1,194,0
8,8,192,1,194,0
3,3,193,1,194,0
3,-3,1,1,194,0
-7,5,9,1,194,0
1,-7,23,1,194,0
-4,2,34,1,194,0
4,-6,56,1,194,0
-2,0,59,1,194,0
-3,-4,65,1,194,0
1,2,66,1,194,0
2,3,76,1,194,0
0,-4,84,1,194,0
4,5,96,1,194,0
8,-8,99,1,194,0
-5,3,109,1,194,0
7,-5,194,1,194,0
7,8,129,1,194,0
6,-2,149,1,194,0
3,4,161,1,194,0
0,1,162,1,194,0
6,7,181,1,194,0
-1,-8,185,1,194,0
5,6,192,1,194,0
9,1,3,1,194,0
-7,6,11,1,194,0
1,-8,17,1,194,0
-3,2,39,1,194,0
-6,-4,46,1,194,0
-1,0,54,1,194,0
0,2,59,1,194,0
3,5,93,1,194,0
7,-6,114,1,194,0
1,3,114,1,194,0
-4,3,115,1,194,0
4,-7,129,1,194,0
8,0,163,1,194,0
6,8,139,1,194,0
6,-3,141,1,194,0
2,4,154,1,194,0
5,7,168,1,194,0
2,-1,177,1,194,0
4,6,193,1,194,0
-6,6,19,1,194,0
3,-5,35,1,194,0
3,6,53,1,194,0
5,8,93,1,194,0
7,-7,94,1,194,0
6,-4,106,1,194,0
2,-2,99,1,194,0
1,4,117,1,194,0
-4,4,118,1,194,0
7,0,158,1,194,0
-2,2,145,1,194,0
8,1,149,1,194,0
2,5,149,1,194,0
-1,1,154,1,194,0
4,7,161,1,194,0
0,-6,169,1,194,0
5,-1,187,1,194,0
-5,6,25,1,194,0
8,-1,168,1,194,0
6,-5,54,1,194,0
-2,-4,71,1,194,0
7,-8,98,1,194,0
2,-3,98,1,194,0
1,5,103,1,194,0
3,7,126,1,194,0
-3,4,126,1,194,0
6,0,133,1,194,0
7,1,153,1,194,0
-2,3,141,1,194,0
3,-6,142,1,194,0
2,6,143,1,194,0
5,-2,146,1,194,0
8,2,149,1,194,0
-1,2,149,1,194,0
4,8,159,1,194,0
0,4,174,1,194,0
0,-7,193,1,194,0
-1,3,4,1,194,0
-4,6,31,1,194,0
8,-2,177,1,194,0
1,6,41,1,194,0
-5,-4,53,1,194,0
6,-6,77,1,194,0
5,-3,96,1,194,0
3,8,123,1,194,0
8,3,128,1,194,0
-2,4,134,1,194,0
2,7,136,1,194,0
6,1,139,1,194,0
3,-7,141,1,194,0
7,2,154,1,194,0
5,0,178,1,194,0
0,5,183,1,194,0
0,-8,186,1,194,0
-2,5,18,1,194,0
-3,6,34,1,194,0
-8,-4,34,1,194,0
1,7,76,1,194,0
5,-4,98,1,194,0
6,-7,99,1,194,0
8,-3,182,1,194,0
4,0,121,1,194,0
8,4,123,1,194,0
2,8,129,1,194,0
3,-8,133,1,194,0
6,2,146,1,194,0
2,-5,152,1,194,0
7,3,162,1,194,0
-1,4,168,1,194,0
5,1,169,1,194,0
0,6,189,1,194,0
4,-1,193,1,194,0
-2,6,19,1,194,0
7,-1,169,1,194,0
-3,7,41,1,194,0
5,-5,47,1,194,0
1,8,69,1,194,0
-1,-4,78,1,194,0
1,-3,92,1,194,0
6,-8,101,1,194,0
4,-2,113,1,194,0
8,-4,125,1,194,0
2,-6,149,1,194,0
5,2,153,1,194,0
7,4,165,1,194,0
8,5,168,1,194,0
4,1,169,1,194,0
6,3,175,1,194,0
0,7,193,1,194,0
3,0,193,1,194,0
-1,6,28,1,195,0
2,-7,29,1,195,0
-3,8,44,1,195,0
7,-2,171,1,195,0
-2,7,52,1,195,0
-4,-4,59,1,195,0
0,8,68,1,195,0
5,-6,74,1,195,0
1,-4,86,1,195,0
4,-3,87,1,195,0
-5,0,92,1,195,0
8,-5,121,1,195,0
8,6,142,1,195,0
4,2,161,1,195,0
5,3,176,1,195,0
2,0,176,1,195,0
3,1,184,1,195,0
7,5,192,1,195,0
6,4,194,1,195,0
-7,3,13,1,195,0
-6,2,21,1,195,0
-7,-4,39,1,195,0
7,-3,184,1,195,0
-1,7,59,1,195,0
-4,0,89,1,195,0
-5,1,99,1,195,0
8,-6,111,1,195,0
5,-7,111,1,195,0
1,-5,158,1,195,0
4,3,168,1,195,0
1,0,169,1,195,0
2,1,179,1,195,0
5,4,185,1,195,0
3,2,189,1,195,0
6,5,191,1,195,0
3,-1,191,1,195,0
8,7,191,1,195,0
7,6,194,1,195,0
-7,4,6,1,195,0
4,-5,41,1,195,0
0,0,48,1,195,0
-1,8,58,1,195,0
-3,0,66,1,195,0
2,2,71,1,195,0
-5,2,106,1,195,0
8,-7,107,1,195,0
3,-2,108,1,195,0
6,6,111,1,195,0
5,-8,118,1,195,0
7,-4,191,1,195,0
6,-1,153,1,195,0
4,4,163,1,195,0
1,-6,164,1,195,0
1,1,165,1,195,0
5,5,187,1,195,0
7,7,189,1,195,0
3,3,193,1,195,0
8,8,194,1,195,0
3,-3,1,1,195,0
-7,5,9,1,195,0
1,-7,23,1,195,0
-4,2,34,1,195,0
4,-6,56,1,195,0
-2,0,59,1,195,0
-3,-4,65,1,195,0
1,2,66,1,195,0
0,-4,84,1,195,0
4,5,96,1,195,0
8,-8,99,1,195,0
-5,3,109,1,195,0
7,-5,195,1,195,0
7,8,129,1,195,0
6,-2,149,1,195,0
3,4,161,1,195,0
0,1,162,1,195,0
6,7,181,1,195,0
-1,-8,185,1,195,0
5,6,192,1,195,0
2,3,194,1,195,0
9,1,3,1,195,0
-7,6,11,1,195,0
1,-8,17,1,195,0
-3,2,39,1,195,0
-6,-4,46,1,195,0
-1,0,54,1,195,0
0,2,59,1,195,0
3,5,93,1,195,0
7,-6,114,1,195,0
1,3,114,1,195,0
-4,3,115,1,195,0
4,-7,129,1,195,0
8,0,163,1,195,0
6,8,139,1,195,0
6,-3,141,1,195,0
2,4,154,1,195,0
5,7,168,1,195,0
2,-1,177,1,195,0
4,6,194,1,195,0
-6,6,19,1,195,0
3,-5,35,1,195,0
3,6,53,1,195,0
5,8,93,1,195,0
7,-7,94,1,195,0
6,-4,106,1,195,0
2,-2,99,1,195,0
1,4,117,1,195,0
-4,4,118,1,195,0
7,0,158,1,195,0
-2,2,145,1,195,0
8,1,149,1,195,0
2,5,149,1,195,0
-1,1,154,1,195,0
4,7,161,1,195,0
5,-1,187,1,195,0
0,-6,194,1,195,0
-5,6,25,1,195,0
8,-1,168,1,195,0
6,-5,54,1,195,0
-2,-4,71,1,195,0
7,-8,98,1,195,0
2,-3,98,1,195,0
1,5,103,1,195,0
3,7,126,1,195,0
-3,4,126,1,195,0
6,0,133,1,195,0
7,1,153,1,195,0
-2,3,141,1,195,0
3,-6,142,1,195,0
2,6,143,1,195,0
5,-2,146,1,195,0
8,2,149,1,195,0
-1,2,149,1,195,0
4,8,159,1,195,0
0,4,174,1,195,0
0,-7,193,1,195,0
-1,3,4,1,195,0
-4,6,31,1,195,0
8,-2,177,1,195,0
1,6,41,1,195,0
-5,-4,53,1,195,0
6,-6,77,1,195,0
5,-3,96,1,195,0
3,8,123,1,195,0
8,3,128,1,195,0
-2,4,134,1,195,0
2,7,136,1,195,0
6,1,139,1,195,0
3,-7,141,1,195,0
7,2,154,1,195,0
5,0,178,1,195,0
0,5,183,1,195,0
0,-8,186,1,195,0
-2,5,18,1,195,0
-3,6,34,1,195,0
-8,-4,34,1,195,0
1,7,76,1,195,0
5,-4,98,1,195,0
6,-7,99,1,195,0
8,-3,182,1,195,0
8,4,123,1,195,0
2,8,129,1,195,0
3,-8,133,1,195,0
6,2,146,1,195,0
2,-5,152,1,195,0
7,3,162,1,195,0
-1,4,168,1,195,0
5,1,169,1,195,0
0,6,189,1,195,0
4,-1,194,1,195,0
4,0,194,1,195,0
-2,6,19,1,195,0
7,-1,169,1,195,0
-3,7,41,1,195,0
5,-5,47,1,195,0
1,8,69,1,195,0
-1,-4,78,1,195,0
1,-3,92,1,195,0
6,-8,101,1,195,0
4,-2,113,1,195,0
8,-4,125,1,195,0
2,-6,149,1,195,0
5,2,153,1,195,0
7,4,165,1,195,0
8,5,168,1,195,0
4,1,169,1,195,0
6,3,175,1,195,0
3,0,193,1,195,0
0,7,194,1,195,0
-1,6,28,1,196,0
2,-7,29,1,196,0
-3,8,44,1,196,0
7,-2,171,1,196,0
-2,7,52,1,196,0
-4,-4,59,1,196,0
0,8,68,1,196,0
5,-6,74,1,196,0
1,-4,86,1,196,0
4,-3,87,1,196,0
-5,0,92,1,196,0
8,-5,121,1,196,0
8,6,142,1,196,0
4,2,161,1,196,0
5,3,176,1,196,0
2,0,176,1,196,0
3,1,184,1,196,0
7,5,192,1,196,0
6,4,194,1,196,0
-7,3,13,1,196,0
-6,2,21,1,196,0
-7,-4,39,1,196,0
7,-3,184,1,196,0
-1,7,59,1,196,0
-4,0,89,1,196,0
-5,1,99,1,196,0
8,-6,111,1,196,0
5,-7,111,1,196,0
1,-5,158,1,196,0
4,3,168,1,196,0
1,0,169,1,196,0
2,1,179,1,196,0
5,4,185,1,196,0
3,2,189,1,196,0
6,5,191,1,196,0
3,-1,191,1,196,0
8,7,191,1,196,0
7,6,194,1,196,0
-7,4,6,1,196,0
4,-5,41,1,196,0
0,0,48,1,196,0
-1,8,58,1,196,0
-3,0,66,1,196,0
-5,2,106,1,196,0
8,-7,107,1,196,0
3,-2,108,1,196,0
6,6,111,1,196,0
5,-8,118,1,196,0
7,-4,191,1,196,0
6,-1,153,1,196,0
4,4,163,1,196,0
1,-6,164,1,196,0
1,1,165,1,196,0
5,5,187,1,196,0
7,7,189,1,196,0
3,3,193,1,196,0
8,8,195,1,196,0
2,2,195,1,196,0
3,-3,1,1,196,0
-7,5,9,1,196,0
1,-7,23,1,196,0
-4,2,34,1,196,0
4,-6,56,1,196,0
-2,0,59,1,196,0
-3,-4,65,1,196,0
1,2,66,1,196,0
0,-4,84,1,196,0
4,5,96,1,196,0
8,-8,99,1,196,0
-5,3,109,1,196,0
7,-5,196,1,196,0
7,8,129,1,196,0
6,-2,149,1,196,0
3,4,161,1,196,0
0,1,162,1,196,0
6,7,181,1,196,0
-1,-8,185,1,196,0
5,6,192,1,196,0
2,3,194,1,196,0
9,1,3,1,196,0
-7,6,11,1,196,0
1,-8,17,1,196,0
-3,2,39,1,196,0
-6,-4,46,1,196,0
-1,0,54,1,196,0
0,2,59,1,196,0
3,5,93,1,196,0
7,-6,114,1,196,0
1,3,114,1,196,0
-4,3,115,1,196,0
4,-7,129,1,196,0
8,0,163,1,196,0
6,8,139,1,196,0
6,-3,141,1,196,0
2,4,154,1,196,0
5,7,168,1,196,0
2,-1,177,1,196,0
4,6,195,1,196,0
-6,6,19,1,196,0
3,-5,35,1,196,0
3,6,53,1,196,0
5,8,93,1,196,0
7,-7,94,1,196,0
6,-4,106,1,196,0
2,-2,99,1,196,0
1,4,117,1,196,0
-4,4,118,1,196,0
7,0,158,1,196,0
-2,2,145,1,196,0
8,1,149,1,196,0
2,5,149,1,196,0
-1,1,154,1,196,0
4,7,161,1,196,0
5,-1,187,1,196,0
0,-6,195,1,196,0
-5,6,25,1,196,0
8,-1,168,1,196,0
6,-5,54,1,196,0
-2,-4,71,1,196,0
7,-8,98,1,196,0
2,-3,98,1,196,0
1,5,103,1,196,0
3,7,126,1,196,0
-3,4,126,1,196,0
6,0,133,1,196,0
7,1,153,1,196,0
-2,3,141,1,196,0
3,-6,142,1,196,0
2,6,143,1,196,0
5,-2,146,1,196,0
8,2,149,1,196,0
-1,2,149,1,196,0
4,8,159,1,196,0
0,4,174,1,196,0
0,-7,193,1,196,0
-1,3,4,1,196,0
-4,6,31,1,196,0
8,-2,177,1,196,0
1,6,41,1,196,0
-5,-4,53,1,196,0
6,-6,77,1,196,0
5,-3,96,1,196,0
3,8,123,1,196,0
8,3,128,1,196,0
-2,4,134,1,196,0
2,7,136,1,196,0
6,1,139,1,196,0
3,-7,141,1,196,0
7,2,154,1,196,0
5,0,178,1,196,0
0,5,183,1,196,0
0,-8,186,1,196,0
-2,5,18,1,196,0
-3,6,34,1,196,0
-8,-4,34,1,196,0
1,7,76,1,196,0
5,-4,98,1,196,0
6,-7,99,1,196,0
8,-3,182,1,196,0
8,4,123,1,196,0
2,8,129,1,196,0
3,-8,133,1,196,0
6,2,146,1,196,0
2,-5,152,1,196,0
7,3,162,1,196,0
-1,4,168,1,196,0
5,1,169,1,196,0
0,6,189,1,196,0
4,-1,195,1,196,0
4,0,195,1,196,0
-2,6,19,1,196,0
7,-1,169,1,196,0
-3,7,41,1,196,0
5,-5,47,1,196,0
1,8,69,1,196,0
-1,-4,78,1,196,0
1,-3,92,1,196,0
6,-8,101,1,196,0
4,-2,113,1,196,0
8,-4,125,1,196,0
2,-6,149,1,196,0
5,2,153,1,196,0
8,5,168,1,196,0
4,1,169,1,196,0
6,3,175,1,196,0
3,0,193,1,196,0
7,4,195,1,196,0
0,7,195,1,196,0
-1,6,28,1,197,0
2,-7,29,1,197,0
-3,8,44,1,197,0
7,-2,171,1,197,0
-2,7,52,1,197,0
-4,-4,59,1,197,0
0,8,68,1,197,0
5,-6,74,1,197,0
1,-4,86,1,197,0
4,-3,87,1,197,0
-5,0,92,1,197,0
8,-5,121,1,197,0
8,6,142,1,197,0
4,2,161,1,197,0
5,3,176,1,197,0
2,0,176,1,197,0
3,1,184,1,197,0
7,5,192,1,197,0
6,4,194,1,197,0
-7,3,13,1,197,0
-6,2,21,1,197,0
-7,-4,39,1,197,0
7,-3,184,1,197,0
-1,7,59,1,197,0
-4,0,89,1,197,0
-5,1,99,1,197,0
8,-6,111,1,197,0
5,-7,111,1,197,0
1,-5,158,1,197,0
4,3,168,1,197,0
1,0,169,1,197,0
2,1,179,1,197,0
5,4,185,1,197,0
3,2,189,1,197,0
6,5,191,1,197,0
3,-1,191,1,197,0
8,7,191,1,197,0
7,6,196,1,197,0
-7,4,6,1,197,0
4,-5,41,1,197,0
0,0,48,1,197,0
-1,8,58,1,197,0
-3,0,66,1,197,0
-5,2,106,1,197,0
8,-7,107,1,197,0
3,-2,108,1,197,0
6,6,111,1,197,0
5,-8,118,1,197,0
7,-4,191,1,197,0
6,-1,153,1,197,0
4,4,163,1,197,0
1,-6,164,1,197,0
1,1,165,1,197,0
5,5,187,1,197,0
7,7,189,1,197,0
3,3,193,1,197,0
8,8,195,1,197,0
2,2,196,1,197,0
3,-3,1,1,197,0
-7,5,9,1,197,0
1,-7,23,1,197,0
-4,2,34,1,197,0
4,-6,56,1,197,0
-2,0,59,1,197,0
-3,-4,65,1,197,0
1,2,66,1,197,0
0,-4,84,1,197,0
8,-8,99,1,197,0
-5,3,109,1,197,0
7,-5,197,1,197,0
6,-2,149,1,197,0
3,4,161,1,197,0
0,1,162,1,197,0
6,7,181,1,197,0
-1,-8,185,1,197,0
5,6,192,1,197,0
2,3,194,1,197,0
7,8,196,1,197,0
4,5,196,1,197,0
9,1,3,1,197,0
-7,6,11,1,197,0
1,-8,17,1,197,0
-3,2,39,1,197,0
-6,-4,46,1,197,0
-1,0,54,1,197,0
0,2,59,1,197,0
3,5,93,1,197,0
7,-6,114,1,197,0
1,3,114,1,197,0
-4,3,115,1,197,0
4,-7,129,1,197,0
8,0,163,1,197,0
6,8,139,1,197,0
6,-3,141,1,197,0
2,4,154,1,197,0
5,7,168,1,197,0
2,-1,177,1,197,0
4,6,195,1,197,0
-6,6,19,1,197,0
3,-5,35,1,197,0
3,6,53,1,197,0
5,8,93,1,197,0
7,-7,94,1,197,0
6,-4,106,1,197,0
2,-2,99,1,197,0
1,4,117,1,197,0
-4,4,118,1,197,0
7,0,158,1,197,0
-2,2,145,1,197,0
8,1,149,1,197,0
2,5,149,1,197,0
-1,1,154,1,197,0
4,7,161,1,197,0
5,-1,187,1,197,0
0,-6,196,1,197,0
-5,6,25,1,197,0
8,-1,168,1,197,0
6,-5,54,1,197,0
-2,-4,71,1,197,0
7,-8,98,1,197,0
2,-3,98,1,197,0
1,5,103,1,197,0
3,7,126,1,197,0
-3,4,126,1,197,0
6,0,133,1,197,0
7,1,153,1,197,0
-2,3,141,1,197,0
3,-6,142,1,197,0
2,6,143,1,197,0
5,-2,146,1,197,0
8,2,149,1,197,0
-1,2,149,1,197,0
4,8,159,1,197,0
0,4,174,1,197,0
0,-7,193,1,197,0
-1,3,4,1,197,0
-4,6,31,1,197,0
8,-2,177,1,197,0
1,6,41,1,197,0
-5,-4,53,1,197,0
6,-6,77,1,197,0
5,-3,96,1,197,0
3,8,123,1,197,0
8,3,128,1,197,0
-2,4,134,1,197,0
2,7,136,1,197,0
6,1,139,1,197,0
3,-7,141,1,197,0
7,2,154,1,197,0
5,0,178,1,197,0
0,5,183,1,197,0
0,-8,186,1,197,0
-2,5,18,1,197,0
-3,6,34,1,197,0
-8,-4,34,1,197,0
1,7,76,1,197,0
5,-4,98,1,197,0
6,-7,99,1,197,0
8,-3,182,1,197,0
8,4,123,1,197,0
2,8,129,1,197,0
3,-8,133,1,197,0
6,2,146,1,197,0
2,-5,152,1,197,0
7,3,162,1,197,0
-1,4,168,1,197,0
5,1,169,1,197,0
0,6,189,1,197,0
4,-1,195,1,197,0
4,0,196,1,197,0
-2,6,19,1,197,0
7,-1,169,1,197,0
-3,7,41,1,197,0
5,-5,47,1,197,0
1,8,69,1,197,0
-1,-4,78,1,197,0
1,-3,92,1,197,0
6,-8,101,1,197,0
8,-4,125,1,197,0
2,-6,149,1,197,0
5,2,153,1,197,0
8,5,168,1,197,0
4,1,169,1,197,0
6,3,175,1,197,0
3,0,193,1,197,0
7,4,196,1,197,0
4,-2,196,1,197,0
0,7,196,1,197,0
-1,6,28,1,198,0
2,-7,29,1,198,0
-3,8,44,1,198,0
7,-2,171,1,198,0
-2,7,52,1,198,0
-4,-4,59,1,198,0
0,8,68,1,198,0
5,-6,74,1,198,0
1,-4,86,1,198,0
4,-3,87,1,198,0
-5,0,92,1,198,0
8,-5,121,1,198,0
8,6,142,1,198,0
4,2,161,1,198,0
5,3,176,1,198,0
2,0,176,1,198,0
3,1,184,1,198,0
7,5,192,1,198,0
6,4,194,1,198,0
-7,3,13,1,198,0
-6,2,21,1,198,0
-7,-4,39,1,198,0
7,-3,184,1,198,0
-1,7,59,1,198,0
-4,0,89,1,198,0
-5,1,99,1,198,0
8,-6,111,1,198,0
5,-7,111,1,198,0
1,-5,158,1,198,0
4,3,168,1,198,0
1,0,169,1,198,0
2,1,179,1,198,0
5,4,185,1,198,0
3,2,189,1,198,0
3,-1,191,1,198,0
8,7,191,1,198,0
7,6,196,1,198,0
6,5,197,1,198,0
-7,4,6,1,198,0
4,-5,41,1,198,0
0,0,48,1,198,0
-1,8,58,1,198,0
-3,0,66,1,198,0
-5,2,106,1,198,0
8,-7,107,1,198,0
3,-2,108,1,198,0
6,6,111,1,198,0
5,-8,118,1,198,0
7,-4,191,1,198,0
6,-1,153,1,198,0
4,4,163,1,198,0
1,-6,164,1,198,0
1,1,165,1,198,0
5,5,187,1,198,0
7,7,189,1,198,0
3,3,193,1,198,0
8,8,195,1,198,0
2,2,197,1,198,0
3,-3,1,1,198,0
-7,5,9,1,198,0
1,-7,23,1,198,0
-4,2,34,1,198,0
4,-6,56,1,198,0
-2,0,59,1,198,0
-3,-4,65,1,198,0
1,2,66,1,198,0
0,-4,84,1,198,0
8,-8,99,1,198,0
-5,3,109,1,198,0
7,-5,197,1,198,0
6,-2,149,1,198,0
3,4,161,1,198,0
0,1,162,1,198,0
6,7,181,1,198,0
-1,-8,185,1,198,0
5,6,192,1,198,0
2,3,194,1,198,0
7,8,197,1,198,0
4,5,197,1,198,0
9,1,3,1,198,0
-7,6,11,1,198,0
1,-8,17,1,198,0
-3,2,39,1,198,0
-6,-4,46,1,198,0
-1,0,54,1,198,0
0,2,59,1,198,0
3,5,93,1,198,0
7,-6,198,1,198,0
1,3,114,1,198,0
-4,3,115,1,198,0
4,-7,129,1,198,0
8,0,163,1,198,0
6,8,139,1,198,0
6,-3,141,1,198,0
2,4,154,1,198,0
5,7,168,1,198,0
2,-1,177,1,198,0
4,6,195,1,198,0
-6,6,19,1,198,0
3,-5,35,1,198,0
3,6,53,1,198,0
5,8,93,1,198,0
7,-7,94,1,198,0
6,-4,106,1,198,0
2,-2,99,1,198,0
1,4,117,1,198,0
-4,4,118,1,198,0
7,0,158,1,198,0
-2,2,145,1,198,0
8,1,149,1,198,0
2,5,149,1,198,0
-1,1,154,1,198,0
4,7,161,1,198,0
5,-1,187,1,198,0
0,-6,197,1,198,0
-5,6,25,1,198,0
8,-1,168,1,198,0
6,-5,54,1,198,0
-2,-4,71,1,198,0
7,-8,98,1,198,0
2,-3,98,1,198,0
1,5,103,1,198,0
3,7,126,1,198,0
-3,4,126,1,198,0
6,0,133,1,198,0
7,1,153,1,198,0
-2,3,141,1,198,0
3,-6,142,1,198,0
2,6,143,1,198,0
5,-2,146,1,198,0
8,2,149,1,198,0
-1,2,149,1,198,0
4,8,159,1,198,0
0,4,174,1,198,0
0,-7,193,1,198,0
-1,3,4,1,198,0
-4,6,31,1,198,0
8,-2,177,1,198,0
1,6,41,1,198,0
-5,-4,53,1,198,0
6,-6,77,1,198,0
5,-3,96,1,198,0
3,8,123,1,198,0
8,3,128,1,198,0
-2,4,134,1,198,0
2,7,136,1,198,0
6,1,139,1,198,0
3,-7,141,1,198,0
7,2,154,1,198,0
5,0,178,1,198,0
0,5,183,1,198,0
0,-8,186,1,198,0
-2,5,18,1,198,0
-3,6,34,1,198,0
-8,-4,34,1,198,0
1,7,76,1,198,0
5,-4,98,1,198,0
6,-7,99,1,198,0
8,-3,182,1,198,0
8,4,123,1,198,0
2,8,129,1,198,0
3,-8,133,1,198,0
6,2,146,1,198,0
2,-5,152,1,198,0
7,3,162,1,198,0
-1,4,168,1,198,0
5,1,169,1,198,0
0,6,189,1,198,0
4,-1,195,1,198,0
4,0,197,1,198,0
-2,6,19,1,198,0
7,-1,169,1,198,0
-3,7,41,1,198,0
5,-5,47,1,198,0
1,8,69,1,198,0
-1,-4,78,1,198,0
1,-3,92,1,198,0
6,-8,101,1,198,0
8,-4,125,1,198,0
2,-6,149,1,198,0
5,2,153,1,198,0
8,5,168,1,198,0
4,1,169,1,198,0
6,3,175,1,198,0
3,0,193,1,198,0
0,7,196,1,198,0
7,4,197,1,198,0
4,-2,197,1,198,0
-1,6,28,1,199,0
2,-7,29,1,199,0
-3,8,44,1,199,0
7,-2,171,1,199,0
-2,7,52,1,199,0
-4,-4,59,1,199,0
5,-6,74,1,199,0
1,-4,86,1,199,0
4,-3,87,1,199,0
-5,0,92,1,199,0
8,-5,121,1,199,0
8,6,142,1,199,0
4,2,161,1,199,0
5,3,176,1,199,0
2,0,176,1,199,0
3,1,184,1,199,0
7,5,192,1,199,0
6,4,194,1,199,0
0,8,198,1,199,0
-7,3,13,1,199,0
-6,2,21,1,199,0
-7,-4,39,1,199,0
7,-3,184,1,199,0
-1,7,59,1,199,0
-4,0,89,1,199,0
-5,1,99,1,199,0
8,-6,111,1,199,0
5,-7,111,1,199,0
1,-5,158,1,199,0
4,3,168,1,199,0
1,0,169,1,199,0
2,1,179,1,199,0
5,4,185,1,199,0
3,2,189,1,199,0
3,-1,191,1,199,0
8,7,191,1,199,0
7,6,196,1,199,0
-1,-6,198,1,199,0
6,5,198,1,199,0
-7,4,6,1,199,0
4,-5,41,1,199,0
0,0,48,1,199,0
-1,8,58,1,199,0
-3,0,66,1,199,0
-5,2,106,1,199,0
8,-7,107,1,199,0
3,-2,108,1,199,0
6,6,111,1,199,0
5,-8,118,1,199,0
7,-4,191,1,199,0
6,-1,153,1,199,0
4,4,163,1,199,0
1,-6,164,1,199,0
1,1,165,1,199,0
5,5,187,1,199,0
7,7,189,1,199,0
3,3,193,1,199,0
8,8,195,1,199,0
2,2,198,1,199,0
3,-3,1,1,199,0
-7,5,9,1,199,0
1,-7,23,1,199,0
-4,2,34,1,199,0
4,-6,56,1,199,0
-2,0,59,1,199,0
-3,-4,65,1,199,0
1,2,66,1,199,0
0,-4,84,1,199,0
8,-8,99,1,199,0
-5,3,109,1,199,0
7,-5,197,1,199,0
6,-2,149,1,199,0
3,4,161,1,199,0
0,1,162,1,199,0
6,7,181,1,199,0
-1,-8,185,1,199,0
5,6,192,1,199,0
2,3,194,1,199,0
7,8,197,1,199,0
4,5,198,1,199,0
9,1,3,1,199,0
-7,6,11,1,199,0
1,-8,17,1,199,0
-3,2,39,1,199,0
-6,-4,46,1,199,0
-1,0,54,1,199,0
0,2,59,1,199,0
3,5,93,1,199,0
7,-6,199,1,199,0
1,3,114,1,199,0
-4,3,115,1,199,0
4,-7,129,1,199,0
8,0,163,1,199,0
6,8,139,1,199,0
6,-3,141,1,199,0
2,4,154,1,199,0
5,7,168,1,199,0
2,-1,177,1,199,0
4,6,195,1,199,0
-6,6,19,1,199,0
3,-5,35,1,199,0
3,6,53,1,199,0
5,8,93,1,199,0
7,-7,94,1,199,0
6,-4,106,1,199,0
2,-2,99,1,199,0
1,4,117,1,199,0
-4,4,118,1,199,0
7,0,158,1,199,0
-2,2,145,1,199,0
8,1,149,1,199,0
2,5,149,1,199,0
-1,1,154,1,199,0
4,7,161,1,199,0
5,-1,187,1,199,0
0,-6,197,1,199,0
-5,6,25,1,199,0
8,-1,168,1,199,0
6,-5,54,1,199,0
-2,-4,71,1,199,0
7,-8,98,1,199,0
2,-3,98,1,199,0
1,5,103,1,199,0
3,7,126,1,199,0
-3,4,126,1,199,0
6,0,133,1,199,0
7,1,153,1,199,0
-2,3,141,1,199,0
3,-6,142,1,199,0
2,6,143,1,199,0
5,-2,146,1,199,0
8,2,149,1,199,0
-1,2,149,1,199,0
4,8,159,1,199,0
0,4,174,1,199,0
0,-7,193,1,199,0
-1,3,4,1,199,0
-4,6,31,1,199,0
8,-2,177,1,199,0
1,6,41,1,199,0
-5,-4,53,1,199,0
6,-6,77,1,199,0
5,-3,96,1,199,0
3,8,123,1,199,0
8,3,128,1,199,0
-2,4,134,1,199,0
2,7,136,1,199,0
6,1,139,1,199,0
3,-7,141,1,199,0
7,2,154,1,199,0
5,0,178,1,199,0
0,5,183,1,199,0
0,-8,186,1,199,0
-2,5,18,1,199,0
-3,6,34,1,199,0
-8,-4,34,1,199,0
1,7,76,1,199,0
5,-4,98,1,199,0
6,-7,99,1,199,0
8,-3,182,1,199,0
8,4,123,1,199,0
2,8,129,1,199,0
3,-8,133,1,199,0
6,2,146,1,199,0
2,-5,152,1,199,0
7,3,162,1,199,0
-1,4,168,1,199,0
5,1,169,1,199,0
0,6,189,1,199,0
4,-1,195,1,199,0
4,0,198,1,199,0
-2,6,19,1,199,0
7,-1,169,1,199,0
-3,7,41,1,199,0
5,-5,47,1,199,0
1,8,69,1,199,0
-1,-4,78,1,199,0
1,-3,92,1,199,0
6,-8,101,1,199,0
8,-4,125,1,199,0
2,-6,149,1,199,0
5,2,153,1,199,0
8,5,168,1,199,0
4,1,169,1,199,0
6,3,175,1,199,0
3,0,193,1,199,0
0,7,196,1,199,0
7,4,198,1,199,0
4,-2,198,1,199,0
-1,6,28,1,200,0
2,-7,29,1,200,0
-3,8,44,1,200,0
7,-2,171,1,200,0
-2,7,52,1,200,0
-4,-4,59,1,200,0
5,-6,74,1,200,0
1,-4,86,1,200,0
4,-3,87,1,200,0
-5,0,92,1,200,0
8,-5,121,1,200,0
8,6,142,1,200,0
4,2,161,1,200,0
5,3,176,1,200,0
2,0,176,1,200,0
3,1,184,1,200,0
7,5,192,1,200,0
6,4,194,1,200,0
0,8,199,1,200,0
-7,3,13,1,200,0
-6,2,21,1,200,0
-7,-4,39,1,200,0
7,-3,184,1,200,0
-1,7,59,1,200,0
-4,0,89,1,200,0
-5,1,99,1,200,0
8,-6,111,1,200,0
5,-7,111,1,200,0
1,-5,158,1,200,0
4,3,168,1,200,0
1,0,169,1,200,0
2,1,179,1,200,0
5,4,185,1,200,0
3,2,189,1,200,0
3,-1,191,1,200,0
8,7,191,1,200,0
7,6,196,1,200,0
-1,-6,199,1,200,0
6,5,199,1,200,0
-7,4,6,1,200,0
4,-5,41,1,200,0
0,0,48,1,200,0
-1,8,58,1,200,0
-3,0,66,1,200,0
-5,2,106,1,200,0
8,-7,107,1,200,0
3,-2,108,1,200,0
6,6,111,1,200,0
5,-8,118,1,200,0
7,-4,191,1,200,0
6,-1,153,1,200,0
4,4,163,1,200,0
1,-6,164,1,200,0
1,1,165,1,200,0
5,5,187,1,200,0
3,3,193,1,200,0
8,8,195,1,200,0
7,7,199,1,200,0
2,2,199,1,200,0
3,-3,1,1,200,0
-7,5,9,1,200,0
1,-7,23,1,200,0
-4,2,34,1,200,0
4,-6,56,1,200,0
-2,0,59,1,200,0
-3,-4,65,1,200,0
1,2,66,1,200,0
0,-4,84,1,200,0
8,-8,99,1,200,0
-5,3,109,1,200,0
7,-5,197,1,200,0
6,-2,149,1,200,0
3,4,161,1,200,0
0,1,162,1,200,0
6,7,181,1,200,0
-1,-8,185,1,200,0
5,6,192,1,200,0
2,3,194,1,200,0
7,8,197,1,200,0
4,5,199,1,200,0
9,1,3,1,200,0
-7,6,11,1,200,0
1,-8,17,1,200,0
-3,2,39,1,200,0
-6,-4,46,1,200,0
-1,0,54,1,200,0
0,2,59,1,200,0
3,5,93,1,200,0
7,-6,199,1,200,0
1,3,114,1,200,0
-4,3,115,1,200,0
4,-7,129,1,200,0
8,0,163,1,200,0
6,8,139,1,200,0
6,-3,141,1,200,0
2,4,154,1,200,0
5,7,168,1,200,0
2,-1,177,1,200,0
4,6,195,1,200,0
-6,6,19,1,200,0
3,-5,35,1,200,0
3,6,53,1,200,0
5,8,93,1,200,0
7,-7,94,1,200,0
6,-4,106,1,200,0
2,-2,99,1,200,0
1,4,117,1,200,0
-4,4,118,1,200,0
7,0,158,1,200,0
-2,2,145,1,200,0
8,1,149,1,200,0
2,5,149,1,200,0
-1,1,154,1,200,0
4,7,161,1,200,0
5,-1,187,1,200,0
0,-6,197,1,200,0
-5,6,25,1,200,0
8,-1,168,1,200,0
6,-5,54,1,200,0
-2,-4,71,1,200,0
7,-8,98,1,200,0
2,-3,98,1,200,0
1,5,103,1,200,0
3,7,126,1,200,0
-3,4,126,1,200,0
6,0,133,1,200,0
7,1,153,1,200,0
-2,3,141,1,200,0
3,-6,142,1,200,0
2,6,143,1,200,0
5,-2,146,1,200,0
8,2,149,1,200,0
-1,2,149,1,200,0
4,8,159,1,200,0
0,4,174,1,200,0
0,-7,193,1,200,0
-1,3,4,1,200,0
-4,6,31,1,200,0
8,-2,177,1,200,0
1,6,41,1,200,0
-5,-4,53,1,200,0
6,-6,77,1,200,0
5,-3,96,1,200,0
3,8,123,1,200,0
8,3,128,1,200,0
-2,4,134,1,200,0
2,7,136,1,200,0
6,1,139,1,200,0
3,-7,141,1,200,0
7,2,154,1,200,0
5,0,178,1,200,0
0,5,183,1,200,0
0,-8,186,1,200,0
-2,5,18,1,200,0
-3,6,34,1,200,0
-8,-4,34,1,200,0
1,7,76,1,200,0
5,-4,98,1,200,0
6,-7,99,1,200,0
8,-3,182,1,200,0
8,4,123,1,200,0
2,8,129,1,200,0
3,-8,133,1,200,0
6,2,146,1,200,0
2,-5,152,1,200,0
7,3,162,1,200,0
-1,4,168,1,200,0
5,1,169,1,200,0
0,6,189,1,200,0
4,-1,195,1,200,0
4,0,199,1,200,0
-2,6,19,1,200,0
7,-1,169,1,200,0
-3,7,41,1,200,0
5,-5,47,1,200,0
1,8,69,1,200,0
-1,-4,78,1,200,0
1,-3,92,1,200,0
6,-8,101,1,200,0
8,-4,125,1,200,0
2,-6,149,1,200,0
5,2,153,1,200,0
8,5,168,1,200,0
4,1,169,1,200,0
6,3,175,1,200,0
3,0,193,1,200,0
0,7,196,1,200,0
7,4,199,1,200,0
4,-2,199,1,200,0
-1,6,28,1,201,0
2,-7,29,1,201,0
-3,8,44,1,201,0
7,-2,171,1,201,0
-2,7,52,1,201,0
-4,-4,59,1,201,0
5,-6,74,1,201,0
1,-4,86,1,201,0
4,-3,87,1,201,0
-5,0,92,1,201,0
8,-5,121,1,201,0
8,6,142,1,201,0
4,2,161,1,201,0
5,3,176,1,201,0
2,0,176,1,201,0
3,1,184,1,201,0
7,5,192,1,201,0
6,4,194,1,201,0
0,8,199,1,201,0
-7,3,13,1,201,0
-6,2,21,1,201,0
-7,-4,39,1,201,0
7,-3,184,1,201,0
-1,7,59,1,201,0
-4,0,89,1,201,0
-5,1,99,1,201,0
8,-6,111,1,201,0
5,-7,111,1,201,0
1,-5,158,1,201,0
4,3,168,1,201,0
1,0,169,1,201,0
2,1,179,1,201,0
5,4,185,1,201,0
3,2,189,1,201,0
3,-1,191,1,201,0
8,7,191,1,201,0
7,6,196,1,201,0
-1,-6,199,1,201,0
6,5,199,1,201,0
-7,4,6,1,201,0
4,-5,41,1,201,0
0,0,48,1,201,0
-1,8,58,1,201,0
-3,0,66,1,201,0
-5,2,106,1,201,0
8,-7,107,1,201,0
3,-2,108,1,201,0
6,6,111,1,201,0
5,-8,118,1,201,0
7,-4,191,1,201,0
6,-1,153,1,201,0
4,4,163,1,201,0
1,-6,164,1,201,0
1,1,165,1,201,0
5,5,187,1,201,0
3,3,193,1,201,0
8,8,195,1,201,0
7,7,199,1,201,0
2,2,199,1,201,0
3,-3,1,1,201,0
-7,5,9,1,201,0
1,-7,23,1,201,0
-4,2,34,1,201,0
4,-6,56,1,201,0
-2,0,59,1,201,0
-3,-4,65,1,201,0
1,2,66,1,201,0
0,-4,84,1,201,0
8,-8,99,1,201,0
-5,3,109,1,201,0
7,-5,197,1,201,0
6,-2,149,1,201,0
3,4,161,1,201,0
0,1,162,1,201,0
6,7,181,1,201,0
-1,-8,185,1,201,0
5,6,192,1,201,0
2,3,194,1,201,0
7,8,197,1,201,0
4,5,199,1,201,0
9,1,3,1,201,0
-7,6,11,1,201,0
1,-8,17,1,201,0
-3,2,39,1,201,0
-6,-4,46,1,201,0
-1,0,54,1,201,0
0,2,59,1,201,0
3,5,93,1,201,0
7,-6,201,1,201,0
1,3,114,1,201,0
-4,3,115,1,201,0
4,-7,129,1,201,0
8,0,163,1,201,0
6,8,139,1,201,0
6,-3,141,1,201,0
2,4,154,1,201,0
5,7,168,1,201,0
2,-1,177,1,201,0
4,6,195,1,201,0
-6,6,19,1,201,0
3,-5,35,1,201,0
3,6,53,1,201,0
5,8,93,1,201,0
7,-7,94,1,201,0
6,-4,106,1,201,0
2,-2,99,1,201,0
1,4,117,1,201,0
-4,4,118,1,201,0
7,0,158,1,201,0
-2,2,145,1,201,0
8,1,149,1,201,0
2,5,149,1,201,0
-1,1,154,1,201,0
4,7,161,1,201,0
5,-1,187,1,201,0
0,-6,197,1,201,0
-5,6,25,1,201,0
8,-1,168,1,201,0
6,-5,54,1,201,0
-2,-4,71,1,201,0
7,-8,98,1,201,0
2,-3,98,1,201,0
1,5,103,1,201,0
3,7,126,1,201,0
-3,4,126,1,201,0
6,0,133,1,201,0
7,1,153,1,201,0
-2,3,141,1,201,0
3,-6,142,1,201,0
2,6,143,1,201,0
5,-2,146,1,201,0
8,2,149,1,201,0
-1,2,149,1,201,0
4,8,159,1,201,0
0,4,174,1,201,0
0,-7,193,1,201,0
-1,3,4,1,201,0
-4,6,31,1,201,0
8,-2,177,1,201,0
1,6,41,1,201,0
-5,-4,53,1,201,0
6,-6,77,1,201,0
5,-3,96,1,201,0
3,8,123,1,201,0
8,3,128,1,201,0
-2,4,134,1,201,0
2,7,136,1,201,0
6,1,139,1,201,0
3,-7,141,1,201,0
7,2,154,1,201,0
5,0,178,1,201,0
0,5,183,1,201,0
0,-8,186,1,201,0
-2,5,18,1,201,0
-3,6,34,1,201,0
-8,-4,34,1,201,0
1,7,76,1,201,0
5,-4,98,1,201,0
6,-7,99,1,201,0
8,-3,182,1,201,0
8,4,123,1,201,0
2,8,129,1,201,0
3,-8,133,1,201,0
6,2,146,1,201,0
2,-5,152,1,201,0
7,3,162,1,201,0
-1,4,168,1,201,0
5,1,169,1,201,0
0,6,189,1,201,0
4,-1,195,1,201,0
4,0,199,1,201,0
-2,6,19,1,201,0
7,-1,169,1,201,0
-3,7,41,1,201,0
5,-5,47,1,201,0
1,8,69,1,201,0
-1,-4,78,1,201,0
1,-3,92,1,201,0
6,-8,101,1,201,0
8,-4,125,1,201,0
2,-6,149,1,201,0
5,2,153,1,201,0
8,5,168,1,201,0
4,1,169,1,201,0
6,3,175,1,201,0
3,0,193,1,201,0
0,7,196,1,201,0
7,4,199,1,201,0
4,-2,199,1,201,0
-1,6,28,1,202,0
2,-7,29,1,202,0
-3,8,44,1,202,0
7,-2,171,1,202,0
-2,7,52,1,202,0
-4,-4,59,1,202,0
5,-6,74,1,202,0
1,-4,86,1,202,0
4,-3,87,1,202,0
-5,0,92,1,202,0
8,-5,121,1,202,0
8,6,142,1,202,0
4,2,161,1,202,0
5,3,176,1,202,0
2,0,176,1,202,0
3,1,184,1,202,0
7,5,192,1,202,0
6,4,194,1,202,0
0,8,199,1,202,0
-7,3,13,1,202,0
-6,2,21,1,202,0
-7,-4,39,1,202,0
7,-3,184,1,202,0
-1,7,59,1,202,0
-4,0,89,1,202,0
-5,1,99,1,202,0
8,-6,111,1,202,0
5,-7,111,1,202,0
1,-5,158,1,202,0
4,3,168,1,202,0
1,0,169,1,202,0
2,1,179,1,202,0
5,4,185,1,202,0
3,2,189,1,202,0
3,-1,191,1,202,0
8,7,191,1,202,0
6,5,199,1,202,0
-1,-6,201,1,202,0
7,6,201,1,202,0
-7,4,6,1,202,0
4,-5,41,1,202,0
0,0,48,1,202,0
-1,8,58,1,202,0
-3,0,66,1,202,0
-5,2,106,1,202,0
8,-7,107,1,202,0
3,-2,108,1,202,0
6,6,111,1,202,0
5,-8,118,1,202,0
7,-4,191,1,202,0
6,-1,153,1,202,0
4,4,163,1,202,0
1,-6,164,1,202,0
1,1,165,1,202,0
5,5,187,1,202,0
3,3,193,1,202,0
8,8,195,1,202,0
7,7,201,1,202,0
2,2,201,1,202,0
3,-3,1,1,202,0
-7,5,9,1,202,0
1,-7,23,1,202,0
-4,2,34,1,202,0
4,-6,56,1,202,0
-2,0,59,1,202,0
-3,-4,65,1,202,0
1,2,66,1,202,0
0,-4,84,1,202,0
8,-8,99,1,202,0
-5,3,109,1,202,0
7,-5,197,1,202,0
6,-2,149,1,202,0
3,4,161,1,202,0
0,1,162,1,202,0
6,7,181,1,202,0
-1,-8,185,1,202,0
5,6,192,1,202,0
2,3,194,1,202,0
7,8,197,1,202,0
4,5,199,1,202,0
9,1,3,1,202,0
-7,6,11,1,202,0
1,-8,17,1,202,0
-3,2,39,1,202,0
-6,-4,46,1,202,0
-1,0,54,1,202,0
0,2,59,1,202,0
7,-6,202,1,202,0
1,3,114,1,202,0
-4,3,115,1,202,0
4,-7,129,1,202,0
8,0,163,1,202,0
6,8,139,1,202,0
6,-3,141,1,202,0
2,4,154,1,202,0
5,7,168,1,202,0
2,-1,177,1,202,0
4,6,195,1,202,0
3,5,201,1,202,0
-6,6,19,1,202,0
3,-5,35,1,202,0
3,6,53,1,202,0
5,8,93,1,202,0
7,-7,94,1,202,0
6,-4,106,1,202,0
2,-2,99,1,202,0
1,4,117,1,202,0
-4,4,118,1,202,0
7,0,158,1,202,0
-2,2,145,1,202,0
8,1,149,1,202,0
2,5,149,1,202,0
-1,1,154,1,202,0
4,7,161,1,202,0
5,-1,187,1,202,0
0,-6,197,1,202,0
-5,6,25,1,202,0
8,-1,168,1,202,0
6,-5,54,1,202,0
-2,-4,71,1,202,0
7,-8,98,1,202,0
2,-3,98,1,202,0
1,5,103,1,202,0
3,7,126,1,202,0
-3,4,126,1,202,0
6,0,133,1,202,0
7,1,153,1,202,0
-2,3,141,1,202,0
3,-6,142,1,202,0
2,6,143,1,202,0
5,-2,146,1,202,0
8,2,149,1,202,0
-1,2,149,1,202,0
4,8,159,1,202,0
0,4,174,1,202,0
0,-7,193,1,202,0
-1,3,4,1,202,0
-4,6,31,1,202,0
8,-2,177,1,202,0
1,6,41,1,202,0
-5,-4,53,1,202,0
6,-6,77,1,202,0
5,-3,96,1,202,0
3,8,123,1,202,0
8,3,128,1,202,0
-2,4,134,1,202,0
2,7,136,1,202,0
6,1,139,1,202,0
3,-7,141,1,202,0
7,2,154,1,202,0
5,0,178,1,202,0
0,5,183,1,202,0
0,-8,186,1,202,0
-2,5,18,1,202,0
-3,6,34,1,202,0
-8,-4,34,1,202,0
1,7,76,1,202,0
5,-4,98,1,202,0
6,-7,99,1,202,0
8,-3,182,1,202,0
8,4,123,1,202,0
2,8,129,1,202,0
3,-8,133,1,202,0
6,2,146,1,202,0
2,-5,152,1,202,0
7,3,162,1,202,0
-1,4,168,1,202,0
5,1,169,1,202,0
0,6,189,1,202,0
4,-1,195,1,202,0
4,0,201,1,202,0
-2,6,19,1,202,0
7,-1,169,1,202,0
-3,7,41,1,202,0
5,-5,47,1,202,0
1,8,69,1,202,0
-1,-4,78,1,202,0
1,-3,92,1,202,0
6,-8,101,1,202,0
8,-4,125,1,202,0
2,-6,149,1,202,0
5,2,153,1,202,0
8,5,168,1,202,0
4,1,169,1,202,0
6,3,175,1,202,0
3,0,193,1,202,0
7,4,201,1,202,0
4,-2,201,1,202,0
0,7,201,1,202,0
-1,6,28,1,203,0
2,-7,29,1,203,0
-3,8,44,1,203,0
7,-2,171,1,203,0
-2,7,52,1,203,0
-4,-4,59,1,203,0
5,-6,74,1,203,0
1,-4,86,1,203,0
4,-3,87,1,203,0
-5,0,92,1,203,0
8,-5,121,1,203,0
8,6,142,1,203,0
4,2,161,1,203,0
5,3,176,1,203,0
2,0,176,1,203,0
3,1,184,1,203,0
7,5,192,1,203,0
6,4,194,1,203,0
0,8,199,1,203,0
-7,3,13,1,203,0
-6,2,21,1,203,0
-7,-4,39,1,203,0
7,-3,184,1,203,0
-1,7,59,1,203,0
-4,0,89,1,203,0
-5,1,99,1,203,0
8,-6,111,1,203,0
5,-7,111,1,203,0
1,-5,158,1,203,0
4,3,168,1,203,0
1,0,169,1,203,0
2,1,179,1,203,0
5,4,185,1,203,0
3,2,189,1,203,0
3,-1,191,1,203,0
8,7,191,1,203,0
6,5,199,1,203,0
-1,-6,202,1,203,0
7,6,202,1,203,0
-7,4,6,1,203,0
4,-5,41,1,203,0
0,0,48,1,203,0
-1,8,58,1,203,0
-3,0,66,1,203,0
-5,2,106,1,203,0
8,-7,107,1,203,0
3,-2,108,1,203,0
6,6,111,1,203,0
5,-8,118,1,203,0
7,-4,191,1,203,0
6,-1,153,1,203,0
4,4,163,1,203,0
1,-6,164,1,203,0
1,1,165,1,203,0
5,5,187,1,203,0
3,3,193,1,203,0
8,8,195,1,203,0
2,2,201,1,203,0
7,7,202,1,203,0
3,-3,1,1,203,0
-7,5,9,1,203,0
1,-7,23,1,203,0
-4,2,34,1,203,0
4,-6,56,1,203,0
-2,0,59,1,203,0
-3,-4,65,1,203,0
0,-4,84,1,203,0
8,-8,99,1,203,0
-5,3,109,1,203,0
7,-5,197,1,203,0
6,-2,149,1,203,0
3,4,161,1,203,0
0,1,162,1,203,0
6,7,181,1,203,0
-1,-8,185,1,203,0
5,6,192,1,203,0
2,3,194,1,203,0
7,8,197,1,203,0
4,5,199,1,203,0
1,2,202,1,203,0
9,1,3,1,203,0
-7,6,11,1,203,0
1,-8,17,1,203,0
-3,2,39,1,203,0
-6,-4,46,1,203,0
-1,0,54,1,203,0
0,2,59,1,203,0
7,-6,203,1,203,0
1,3,114,1,203,0
-4,3,115,1,203,0
4,-7,129,1,203,0
8,0,163,1,203,0
6,8,139,1,203,0
6,-3,141,1,203,0
2,4,154,1,203,0
5,7,168,1,203,0
2,-1,177,1,203,0
4,6,195,1,203,0
3,5,201,1,203,0
-6,6,19,1,203,0
3,-5,35,1,203,0
5,8,93,1,203,0
7,-7,94,1,203,0
6,-4,106,1,203,0
2,-2,99,1,203,0
1,4,117,1,203,0
-4,4,118,1,203,0
7,0,158,1,203,0
-2,2,145,1,203,0
8,1,149,1,203,0
2,5,149,1,203,0
-1,1,154,1,203,0
4,7,161,1,203,0
5,-1,187,1,203,0
0,-6,197,1,203,0
3,6,202,1,203,0
-5,6,25,1,203,0
8,-1,168,1,203,0
6,-5,54,1,203,0
-2,-4,71,1,203,0
7,-8,98,1,203,0
2,-3,98,1,203,0
1,5,103,1,203,0
3,7,126,1,203,0
-3,4,126,1,203,0
6,0,133,1,203,0
7,1,153,1,203,0
-2,3,141,1,203,0
3,-6,142,1,203,0
2,6,143,1,203,0
5,-2,146,1,203,0
8,2,149,1,203,0
-1,2,149,1,203,0
4,8,159,1,203,0
0,4,174,1,203,0
0,-7,193,1,203,0
-1,3,4,1,203,0
-4,6,31,1,203,0
8,-2,177,1,203,0
1,6,41,1,203,0
-5,-4,53,1,203,0
6,-6,77,1,203,0
5,-3,96,1,203,0
3,8,123,1,203,0
-2,4,134,1,203,0
2,7,136,1,203,0
6,1,139,1,203,0
3,-7,141,1,203,0
7,2,154,1,203,0
0,5,183,1,203,0
0,-8,186,1,203,0
8,3,202,1,203,0
5,0,202,1,203,0
-2,5,18,1,203,0
-3,6,34,1,203,0
-8,-4,34,1,203,0
1,7,76,1,203,0
5,-4,98,1,203,0
6,-7,99,1,203,0
8,-3,182,1,203,0
8,4,123,1,203,0
2,8,129,1,203,0
3,-8,133,1,203,0
6,2,146,1,203,0
2,-5,152,1,203,0
7,3,162,1,203,0
-1,4,168,1,203,0
5,1,169,1,203,0
0,6,189,1,203,0
4,-1,195,1,203,0
4,0,201,1,203,0
-2,6,19,1,203,0
7,-1,169,1,203,0
-3,7,41,1,203,0
5,-5,47,1,203,0
1,8,69,1,203,0
-1,-4,78,1,203,0
1,-3,92,1,203,0
6,-8,101,1,203,0
8,-4,125,1,203,0
2,-6,149,1,203,0
5,2,153,1,203,0
8,5,168,1,203,0
4,1,169,1,203,0
6,3,175,1,203,0
3,0,193,1,203,0
7,4,201,1,203,0
4,-2,202,1,203,0
0,7,202,1,203,0
-1,6,28,1,204,0
2,-7,29,1,204,0
-3,8,44,1,204,0
7,-2,171,1,204,0
-2,7,52,1,204,0
-4,-4,59,1,204,0
5,-6,74,1,204,0
1,-4,86,1,204,0
-5,0,92,1,204,0
8,-5,121,1,204,0
8,6,142,1,204,0
4,2,161,1,204,0
5,3,176,1,204,0
2,0,176,1,204,0
3,1,184,1,204,0
7,5,192,1,204,0
6,4,194,1,204,0
0,8,199,1,204,0
-1,-5,203,1,204,0
4,-3,203,1,204,0
-7,3,13,1,204,0
-6,2,21,1,204,0
-7,-4,39,1,204,0
7,-3,184,1,204,0
-1,7,59,1,204,0
-4,0,89,1,204,0
-5,1,99,1,204,0
8,-6,111,1,204,0
5,-7,111,1,204,0
1,-5,158,1,204,0
4,3,168,1,204,0
1,0,169,1,204,0
2,1,179,1,204,0
5,4,185,1,204,0
3,2,189,1,204,0
3,-1,191,1,204,0
8,7,191,1,204,0
6,5,199,1,204,0
-1,-6,202,1,204,0
7,6,203,1,204,0
-7,4,6,1,204,0
4,-5,41,1,204,0
0,0,48,1,204,0
-1,8,58,1,204,0
-3,0,66,1,204,0
-5,2,106,1,204,0
8,-7,107,1,204,0
3,-2,108,1,204,0
6,6,111,1,204,0
5,-8,118,1,204,0
7,-4,191,1,204,0
6,-1,153,1,204,0
4,4,163,1,204,0
1,-6,164,1,204,0
1,1,165,1,204,0
5,5,187,1,204,0
3,3,193,1,204,0
8,8,195,1,204,0
2,2,201,1,204,0
7,7,203,1,204,0
3,-3,1,1,204,0
-7,5,9,1,204,0
1,-7,23,1,204,0
-4,2,34,1,204,0
4,-6,56,1,204,0
-2,0,59,1,204,0
-3,-4,65,1,204,0
0,-4,84,1,204,0
8,-8,99,1,204,0
-5,3,109,1,204,0
7,-5,197,1,204,0
6,-2,149,1,204,0
3,4,161,1,204,0
0,1,162,1,204,0
6,7,181,1,204,0
-1,-8,185,1,204,0
5,6,192,1,204,0
2,3,194,1,204,0
7,8,197,1,204,0
4,5,199,1,204,0
1,2,203,1,204,0
9,1,3,1,204,0
-7,6,11,1,204,0
1,-8,17,1,204,0
-3,2,39,1,204,0
-6,-4,46,1,204,0
-1,0,54,1,204,0
0,2,59,1,204,0
7,-6,204,1,204,0
1,3,114,1,204,0
-4,3,115,1,204,0
4,-7,129,1,204,0
8,0,163,1,204,0
6,8,139,1,204,0
6,-3,141,1,204,0
2,4,154,1,204,0
5,7,168,1,204,0
2,-1,177,1,204,0
4,6,195,1,204,0
3,5,201,1,204,0
-6,6,19,1,204,0
3,-5,35,1,204,0
5,8,93,1,204,0
7,-7,94,1,204,0
6,-4,106,1,204,0
2,-2,99,1,204,0
1,4,117,1,204,0
-4,4,118,1,204,0
7,0,158,1,204,0
-2,2,145,1,204,0
8,1,149,1,204,0
2,5,149,1,204,0
-1,1,154,1,204,0
4,7,161,1,204,0
5,-1,187,1,204,0
0,-6,197,1,204,0
3,6,203,1,204,0
-5,6,25,1,204,0
8,-1,168,1,204,0
6,-5,54,1,204,0
-2,-4,71,1,204,0
7,-8,98,1,204,0
2,-3,98,1,204,0
1,5,103,1,204,0
3,7,126,1,204,0
-3,4,126,1,204,0
6,0,133,1,204,0
7,1,153,1,204,0
-2,3,141,1,204,0
3,-6,142,1,204,0
2,6,143,1,204,0
5,-2,146,1,204,0
8,2,149,1,204,0
-1,2,149,1,204,0
4,8,159,1,204,0
0,4,174,1,204,0
0,-7,193,1,204,0
-1,3,4,1,204,0
-4,6,31,1,204,0
8,-2,177,1,204,0
1,6,41,1,204,0
-5,-4,53,1,204,0
6,-6,77,1,204,0
5,-3,96,1,204,0
3,8,123,1,204,0
-2,4,134,1,204,0
2,7,136,1,204,0
6,1,139,1,204,0
3,-7,141,1,204,0
7,2,154,1,204,0
0,5,183,1,204,0
0,-8,186,1,204,0
5,0,202,1,204,0
8,3,203,1,204,0
-2,5,18,1,204,0
-3,6,34,1,204,0
-8,-4,34,1,204,0
1,7,76,1,204,0
5,-4,98,1,204,0
6,-7,99,1,204,0
8,-3,182,1,204,0
8,4,123,1,204,0
2,8,129,1,204,0
3,-8,133,1,204,0
6,2,146,1,204,0
2,-5,152,1,204,0
7,3,162,1,204,0
-1,4,168,1,204,0
0,6,189,1,204,0
4,-1,195,1,204,0
4,0,201,1,204,0
5,1,203,1,204,0
-2,6,19,1,204,0
7,-1,169,1,204,0
-3,7,41,1,204,0
5,-5,47,1,204,0
1,8,69,1,204,0
-1,-4,78,1,204,0
1,-3,92,1,204,0
6,-8,101,1,204,0
8,-4,125,1,204,0
2,-6,149,1,204,0
5,2,153,1,204,0
8,5,168,1,204,0
4,1,169,1,204,0
6,3,175,1,204,0
3,0,193,1,204,0
7,4,201,1,204,0
4,-2,202,1,204,0
0,7,203,1,204,0
-1,6,28,1,205,0
2,-7,29,1,205,0
-3,8,44,1,205,0
7,-2,171,1,205,0
-2,7,52,1,205,0
-4,-4,59,1,205,0
5,-6,74,1,205,0
1,-4,86,1,205,0
-5,0,92,1,205,0
8,-5,121,1,205,0
8,6,142,1,205,0
4,2,161,1,205,0
5,3,176,1,205,0
2,0,176,1,205,0
3,1,184,1,205,0
7,5,192,1,205,0
6,4,194,1,205,0
0,8,199,1,205,0
-1,-5,204,1,205,0
4,-3,204,1,205,0
-7,3,13,1,205,0
-6,2,21,1,205,0
-7,-4,39,1,205,0
7,-3,184,1,205,0
-1,7,59,1,205,0
-4,0,89,1,205,0
-5,1,99,1,205,0
8,-6,111,1,205,0
5,-7,111,1,205,0
1,-5,158,1,205,0
4,3,168,1,205,0
1,0,169,1,205,0
2,1,179,1,205,0
5,4,185,1,205,0
3,2,189,1,205,0
3,-1,191,1,205,0
8,7,191,1,205,0
6,5,199,1,205,0
-1,-6,202,1,205,0
7,6,204,1,205,0
-7,4,6,1,205,0
4,-5,41,1,205,0
0,0,48,1,205,0
-1,8,58,1,205,0
-3,0,66,1,205,0
-5,2,106,1,205,0
8,-7,107,1,205,0
3,-2,108,1,205,0
6,6,111,1,205,0
5,-8,118,1,205,0
7,-4,191,1,205,0
6,-1,153,1,205,0
4,4,163,1,205,0
1,-6,164,1,205,0
1,1,165,1,205,0
5,5,187,1,205,0
3,3,193,1,205,0
8,8,195,1,205,0
2,2,201,1,205,0
7,7,204,1,205,0
3,-3,1,1,205,0
-7,5,9,1,205,0
1,-7,23,1,205,0
-4,2,34,1,205,0
4,-6,56,1,205,0
-2,0,59,1,205,0
-3,-4,65,1,205,0
0,-4,84,1,205,0
8,-8,99,1,205,0
-5,3,109,1,205,0
7,-5,197,1,205,0
6,-2,149,1,205,0
3,4,161,1,205,0
0,1,162,1,205,0
6,7,181,1,205,0
-1,-8,185,1,205,0
5,6,192,1,205,0
2,3,194,1,205,0
7,8,197,1,205,0
4,5,199,1,205,0
1,2,203,1,205,0
9,1,3,1,205,0
-7,6,11,1,205,0
1,-8,17,1,205,0
-3,2,39,1,205,0
-6,-4,46,1,205,0
-1,0,54,1,205,0
0,2,59,1,205,0
7,-6,204,1,205,0
-4,3,115,1,205,0
4,-7,129,1,205,0
8,0,163,1,205,0
6,8,139,1,205,0
6,-3,141,1,205,0
2,4,154,1,205,0
5,7,168,1,205,0
2,-1,177,1,205,0
4,6,195,1,205,0
3,5,201,1,205,0
1,3,204,1,205,0
-6,6,19,1,205,0
3,-5,35,1,205,0
5,8,93,1,205,0
7,-7,205,1,205,0
6,-4,106,1,205,0
2,-2,99,1,205,0
1,4,117,1,205,0
-4,4,118,1,205,0
7,0,158,1,205,0
-2,2,145,1,205,0
8,1,149,1,205,0
2,5,149,1,205,0
-1,1,154,1,205,0
4,7,161,1,205,0
5,-1,187,1,205,0
0,-6,197,1,205,0
3,6,204,1,205,0
-5,6,25,1,205,0
8,-1,168,1,205,0
6,-5,54,1,205,0
-2,-4,71,1,205,0
7,-8,98,1,205,0
2,-3,98,1,205,0
1,5,103,1,205,0
3,7,126,1,205,0
-3,4,126,1,205,0
6,0,133,1,205,0
7,1,153,1,205,0
-2,3,141,1,205,0
3,-6,142,1,205,0
2,6,143,1,205,0
5,-2,146,1,205,0
8,2,149,1,205,0
-1,2,149,1,205,0
4,8,159,1,205,0
0,4,174,1,205,0
0,-7,193,1,205,0
-1,3,4,1,205,0
-4,6,31,1,205,0
8,-2,177,1,205,0
1,6,41,1,205,0
-5,-4,53,1,205,0
6,-6,77,1,205,0
5,-3,96,1,205,0
3,8,123,1,205,0
-2,4,134,1,205,0
2,7,136,1,205,0
6,1,139,1,205,0
3,-7,141,1,205,0
7,2,154,1,205,0
0,5,183,1,205,0
0,-8,186,1,205,0
5,0,202,1,205,0
8,3,204,1,205,0
-2,5,18,1,205,0
-3,6,34,1,205,0
-8,-4,34,1,205,0
1,7,76,1,205,0
5,-4,98,1,205,0
6,-7,99,1,205,0
8,-3,182,1,205,0
8,4,123,1,205,0
2,8,129,1,205,0
3,-8,133,1,205,0
6,2,146,1,205,0
2,-5,152,1,205,0
7,3,162,1,205,0
-1,4,168,1,205,0
0,6,189,1,205,0
4,-1,195,1,205,0
4,0,201,1,205,0
5,1,204,1,205,0
-2,6,19,1,205,0
7,-1,169,1,205,0
-3,7,41,1,205,0
5,-5,47,1,205,0
1,8,69,1,205,0
-1,-4,78,1,205,0
1,-3,92,1,205,0
6,-8,101,1,205,0
8,-4,125,1,205,0
2,-6,149,1,205,0
5,2,153,1,205,0
8,5,168,1,205,0
4,1,169,1,205,0
6,3,175,1,205,0
3,0,193,1,205,0
7,4,201,1,205,0
4,-2,202,1,205,0
0,7,204,1,205,0
-1,6,28,1,206,0
2,-7,29,1,206,0
-3,8,44,1,206,0
7,-2,171,1,206,0
-2,7,52,1,206,0
-4,-4,59,1,206,0
5,-6,74,1,206,0
1,-4,86,1,206,0
-5,0,92,1,206,0
8,-5,121,1,206,0
8,6,142,1,206,0
4,2,161,1,206,0
5,3,176,1,206,0
2,0,176,1,206,0
3,1,184,1,206,0
7,5,192,1,206,0
6,4,194,1,206,0
0,8,199,1,206,0
-1,-5,204,1,206,0
4,-3,205,1,206,0
-7,3,13,1,206,0
-6,2,21,1,206,0
-7,-4,39,1,206,0
7,-3,184,1,206,0
-1,7,59,1,206,0
-4,0,89,1,206,0
-5,1,99,1,206,0
8,-6,111,1,206,0
5,-7,111,1,206,0
1,-5,158,1,206,0
4,3,168,1,206,0
1,0,169,1,206,0
2,1,179,1,206,0
5,4,185,1,206,0
3,2,189,1,206,0
3,-1,191,1,206,0
8,7,191,1,206,0
-1,-6,202,1,206,0
7,6,204,1,206,0
6,5,205,1,206,0
-7,4,6,1,206,0
4,-5,41,1,206,0
0,0,48,1,206,0
-1,8,58,1,206,0
-3,0,66,1,206,0
-5,2,106,1,206,0
8,-7,107,1,206,0
3,-2,108,1,206,0
6,6,111,1,206,0
5,-8,118,1,206,0
7,-4,191,1,206,0
6,-1,153,1,206,0
4,4,163,1,206,0
1,-6,164,1,206,0
1,1,165,1,206,0
5,5,187,1,206,0
3,3,193,1,206,0
8,8,195,1,206,0
2,2,201,1,206,0
7,7,204,1,206,0
3,-3,1,1,206,0
-7,5,9,1,206,0
1,-7,23,1,206,0
-4,2,34,1,206,0
4,-6,56,1,206,0
-2,0,59,1,206,0
-3,-4,65,1,206,0
0,-4,84,1,206,0
8,-8,99,1,206,0
-5,3,109,1,206,0
7,-5,197,1,206,0
6,-2,149,1,206,0
3,4,161,1,206,0
0,1,162,1,206,0
6,7,181,1,206,0
-1,-8,185,1,206,0
5,6,192,1,206,0
2,3,194,1,206,0
7,8,197,1,206,0
4,5,199,1,206,0
1,2,203,1,206,0
9,1,3,1,206,0
-7,6,11,1,206,0
1,-8,17,1,206,0
-3,2,39,1,206,0
-6,-4,46,1,206,0
-1,0,54,1,206,0
0,2,59,1,206,0
7,-6,204,1,206,0
-4,3,115,1,206,0
4,-7,129,1,206,0
8,0,163,1,206,0
6,8,139,1,206,0
6,-3,141,1,206,0
2,4,154,1,206,0
5,7,168,1,206,0
2,-1,177,1,206,0
4,6,195,1,206,0
3,5,201,1,206,0
1,3,205,1,206,0
-6,6,19,1,206,0
3,-5,35,1,206,0
5,8,93,1,206,0
7,-7,206,1,206,0
6,-4,106,1,206,0
2,-2,99,1,206,0
1,4,117,1,206,0
-4,4,118,1,206,0
7,0,158,1,206,0
-2,2,145,1,206,0
8,1,149,1,206,0
2,5,149,1,206,0
-1,1,154,1,206,0
4,7,161,1,206,0
5,-1,187,1,206,0
0,-6,197,1,206,0
3,6,205,1,206,0
-5,6,25,1,206,0
8,-1,168,1,206,0
6,-5,54,1,206,0
-2,-4,71,1,206,0
7,-8,98,1,206,0
2,-3,98,1,206,0
1,5,103,1,206,0
3,7,126,1,206,0
-3,4,126,1,206,0
6,0,133,1,206,0
7,1,153,1,206,0
-2,3,141,1,206,0
3,-6,142,1,206,0
2,6,143,1,206,0
5,-2,146,1,206,0
8,2,149,1,206,0
-1,2,149,1,206,0
4,8,159,1,206,0
0,4,174,1,206,0
0,-7,193,1,206,0
-1,3,4,1,206,0
-4,6,31,1,206,0
8,-2,177,1,206,0
1,6,41,1,206,0
-5,-4,53,1,206,0
6,-6,77,1,206,0
5,-3,96,1,206,0
3,8,123,1,206,0
-2,4,134,1,206,0
2,7,136,1,206,0
6,1,139,1,206,0
3,-7,141,1,206,0
7,2,154,1,206,0
0,5,183,1,206,0
0,-8,186,1,206,0
5,0,202,1,206,0
8,3,204,1,206,0
-2,5,18,1,206,0
-3,6,34,1,206,0
-8,-4,34,1,206,0
1,7,76,1,206,0
5,-4,98,1,206,0
6,-7,99,1,206,0
8,-3,182,1,206,0
8,4,123,1,206,0
2,8,129,1,206,0
3,-8,133,1,206,0
6,2,146,1,206,0
2,-5,152,1,206,0
-1,4,168,1,206,0
0,6,189,1,206,0
4,-1,195,1,206,0
4,0,201,1,206,0
7,3,205,1,206,0
5,1,205,1,206,0
-2,6,19,1,206,0
7,-1,169,1,206,0
-3,7,41,1,206,0
5,-5,47,1,206,0
1,8,69,1,206,0
-1,-4,78,1,206,0
1,-3,92,1,206,0
6,-8,101,1,206,0
8,-4,125,1,206,0
2,-6,149,1,206,0
5,2,153,1,206,0
8,5,168,1,206,0
4,1,169,1,206,0
6,3,175,1,206,0
3,0,193,1,206,0
7,4,201,1,206,0
4,-2,202,1,206,0
0,7,205,1,206,0
-1,6,28,1,207,0
2,-7,29,1,207,0
-3,8,44,1,207,0
7,-2,171,1,207,0
-2,7,52,1,207,0
-4,-4,59,1,207,0
5,-6,74,1,207,0
1,-4,86,1,207,0
-5,0,92,1,207,0
8,-5,121,1,207,0
8,6,142,1,207,0
4,2,161,1,207,0
5,3,176,1,207,0
2,0,176,1,207,0
3,1,184,1,207,0
7,5,192,1,207,0
6,4,194,1,207,0
0,8,199,1,207,0
-1,-5,205,1,207,0
4,-3,206,1,207,0
-7,3,13,1,207,0
-6,2,21,1,207,0
-7,-4,39,1,207,0
7,-3,184,1,207,0
-1,7,59,1,207,0
-4,0,89,1,207,0
-5,1,99,1,207,0
8,-6,111,1,207,0
5,-7,111,1,207,0
1,-5,158,1,207,0
4,3,168,1,207,0
1,0,169,1,207,0
2,1,179,1,207,0
5,4,185,1,207,0
3,2,189,1,207,0
3,-1,191,1,207,0
8,7,191,1,207,0
-1,-6,202,1,207,0
7,6,204,1,207,0
6,5,206,1,207,0
-7,4,6,1,207,0
4,-5,41,1,207,0
0,0,48,1,207,0
-1,8,58,1,207,0
-3,0,66,1,207,0
-5,2,106,1,207,0
8,-7,107,1,207,0
3,-2,108,1,207,0
6,6,111,1,207,0
5,-8,118,1,207,0
7,-4,191,1,207,0
6,-1,153,1,207,0
4,4,163,1,207,0
1,-6,164,1,207,0
1,1,165,1,207,0
5,5,187,1,207,0
3,3,193,1,207,0
8,8,195,1,207,0
2,2,201,1,207,0
7,7,205,1,207,0
3,-3,1,1,207,0
-7,5,9,1,207,0
1,-7,23,1,207,0
-4,2,34,1,207,0
4,-6,56,1,207,0
-2,0,59,1,207,0
-3,-4,65,1,207,0
0,-4,84,1,207,0
8,-8,99,1,207,0
-5,3,109,1,207,0
7,-5,197,1,207,0
6,-2,149,1,207,0
3,4,161,1,207,0
0,1,162,1,207,0
6,7,181,1,207,0
-1,-8,185,1,207,0
5,6,192,1,207,0
2,3,194,1,207,0
7,8,197,1,207,0
4,5,199,1,207,0
1,2,203,1,207,0
9,1,3,1,207,0
-7,6,11,1,207,0
1,-8,17,1,207,0
-3,2,39,1,207,0
-6,-4,46,1,207,0
-1,0,54,1,207,0
0,2,59,1,207,0
7,-6,204,1,207,0
-4,3,115,1,207,0
4,-7,129,1,207,0
8,0,163,1,207,0
6,8,139,1,207,0
6,-3,141,1,207,0
2,4,154,1,207,0
5,7,168,1,207,0
2,-1,177,1,207,0
4,6,195,1,207,0
3,5,201,1,207,0
1,3,206,1,207,0
-6,6,19,1,207,0
3,-5,35,1,207,0
5,8,93,1,207,0
7,-7,207,1,207,0
6,-4,106,1,207,0
2,-2,99,1,207,0
1,4,117,1,207,0
-4,4,118,1,207,0
7,0,158,1,207,0
-2,2,145,1,207,0
8,1,149,1,207,0
2,5,149,1,207,0
-1,1,154,1,207,0
4,7,161,1,207,0
5,-1,187,1,207,0
0,-6,197,1,207,0
3,6,206,1,207,0
-5,6,25,1,207,0
8,-1,168,1,207,0
6,-5,54,1,207,0
-2,-4,71,1,207,0
7,-8,98,1,207,0
2,-3,98,1,207,0
1,5,103,1,207,0
3,7,126,1,207,0
-3,4,126,1,207,0
6,0,133,1,207,0
7,1,153,1,207,0
-2,3,141,1,207,0
3,-6,142,1,207,0
2,6,143,1,207,0
5,-2,146,1,207,0
8,2,149,1,207,0
-1,2,149,1,207,0
4,8,159,1,207,0
0,4,174,1,207,0
0,-7,193,1,207,0
-1,3,4,1,207,0
-4,6,31,1,207,0
8,-2,177,1,207,0
1,6,41,1,207,0
-5,-4,53,1,207,0
6,-6,77,1,207,0
5,-3,96,1,207,0
3,8,123,1,207,0
-2,4,134,1,207,0
2,7,136,1,207,0
6,1,139,1,207,0
3,-7,141,1,207,0
7,2,154,1,207,0
0,5,183,1,207,0
0,-8,186,1,207,0
5,0,202,1,207,0
8,3,204,1,207,0
-2,5,18,1,207,0
-3,6,34,1,207,0
-8,-4,34,1,207,0
1,7,76,1,207,0
5,-4,98,1,207,0
6,-7,99,1,207,0
8,-3,182,1,207,0
8,4,123,1,207,0
2,8,129,1,207,0
3,-8,133,1,207,0
6,2,146,1,207,0
2,-5,152,1,207,0
-1,4,168,1,207,0
0,6,189,1,207,0
4,-1,195,1,207,0
4,0,201,1,207,0
7,3,206,1,207,0
5,1,206,1,207,0
-2,6,19,1,207,0
7,-1,169,1,207,0
-3,7,41,1,207,0
5,-5,47,1,207,0
1,8,69,1,207,0
-1,-4,78,1,207,0
1,-3,92,1,207,0
6,-8,101,1,207,0
8,-4,125,1,207,0
2,-6,149,1,207,0
5,2,153,1,207,0
8,5,168,1,207,0
4,1,169,1,207,0
6,3,175,1,207,0
3,0,193,1,207,0
7,4,201,1,207,0
4,-2,202,1,207,0
0,7,206,1,207,0
-1,6,28,1,208,0
2,-7,29,1,208,0
-3,8,44,1,208,0
7,-2,171,1,208,0
-2,7,52,1,208,0
-4,-4,59,1,208,0
5,-6,74,1,208,0
1,-4,86,1,208,0
-5,0,92,1,208,0
8,-5,121,1,208,0
8,6,142,1,208,0
4,2,161,1,208,0
5,3,176,1,208,0
2,0,176,1,208,0
3,1,184,1,208,0
7,5,192,1,208,0
6,4,194,1,208,0
0,8,199,1,208,0
-1,-5,206,1,208,0
4,-3,207,1,208,0
-7,3,13,1,208,0
-6,2,21,1,208,0
-7,-4,39,1,208,0
7,-3,184,1,208,0
-1,7,59,1,208,0
-4,0,89,1,208,0
-5,1,99,1,208,0
8,-6,111,1,208,0
5,-7,111,1,208,0
1,-5,158,1,208,0
4,3,168,1,208,0
1,0,169,1,208,0
2,1,179,1,208,0
5,4,185,1,208,0
3,2,189,1,208,0
3,-1,191,1,208,0
8,7,191,1,208,0
-1,-6,202,1,208,0
7,6,204,1,208,0
6,5,207,1,208,0
-7,4,6,1,208,0
4,-5,41,1,208,0
0,0,48,1,208,0
-1,8,58,1,208,0
-3,0,66,1,208,0
-5,2,106,1,208,0
8,-7,107,1,208,0
3,-2,108,1,208,0
6,6,111,1,208,0
5,-8,118,1,208,0
7,-4,191,1,208,0
6,-1,153,1,208,0
4,4,163,1,208,0
1,-6,164,1,208,0
1,1,165,1,208,0
5,5,187,1,208,0
3,3,193,1,208,0
8,8,195,1,208,0
2,2,201,1,208,0
7,7,205,1,208,0
3,-3,1,1,208,0
-7,5,9,1,208,0
1,-7,23,1,208,0
-4,2,34,1,208,0
4,-6,56,1,208,0
-2,0,59,1,208,0
-3,-4,65,1,208,0
0,-4,84,1,208,0
8,-8,99,1,208,0
-5,3,109,1,208,0
7,-5,197,1,208,0
6,-2,149,1,208,0
3,4,161,1,208,0
0,1,162,1,208,0
-1,-8,185,1,208,0
5,6,192,1,208,0
2,3,194,1,208,0
7,8,197,1,208,0
4,5,199,1,208,0
1,2,203,1,208,0
6,7,206,1,208,0
9,1,3,1,208,0
-7,6,11,1,208,0
1,-8,17,1,208,0
-3,2,39,1,208,0
-6,-4,46,1,208,0
-1,0,54,1,208,0
0,2,59,1,208,0
7,-6,204,1,208,0
-4,3,115,1,208,0
4,-7,129,1,208,0
8,0,163,1,208,0
6,8,139,1,208,0
6,-3,141,1,208,0
2,4,154,1,208,0
5,7,168,1,208,0
2,-1,177,1,208,0
4,6,195,1,208,0
3,5,201,1,208,0
1,3,207,1,208,0
-6,6,19,1,208,0
3,-5,35,1,208,0
5,8,93,1,208,0
7,-7,208,1,208,0
6,-4,106,1,208,0
2,-2,99,1,208,0
1,4,117,1,208,0
-4,4,118,1,208,0
7,0,158,1,208,0
-2,2,145,1,208,0
8,1,149,1,208,0
2,5,149,1,208,0
-1,1,154,1,208,0
4,7,161,1,208,0
5,-1,187,1,208,0
0,-6,197,1,208,0
3,6,207,1,208,0
-5,6,25,1,208,0
8,-1,168,1,208,0
6,-5,54,1,208,0
-2,-4,71,1,208,0
7,-8,98,1,208,0
2,-3,98,1,208,0
1,5,103,1,208,0
3,7,126,1,208,0
-3,4,126,1,208,0
6,0,133,1,208,0
7,1,153,1,208,0
-2,3,141,1,208,0
3,-6,142,1,208,0
2,6,143,1,208,0
5,-2,146,1,208,0
8,2,149,1,208,0
-1,2,149,1,208,0
4,8,159,1,208,0
0,4,174,1,208,0
0,-7,193,1,208,0
-1,3,4,1,208,0
-4,6,31,1,208,0
8,-2,177,1,208,0
1,6,41,1,208,0
-5,-4,53,1,208,0
6,-6,77,1,208,0
5,-3,96,1,208,0
3,8,123,1,208,0
-2,4,134,1,208,0
2,7,136,1,208,0
6,1,139,1,208,0
3,-7,141,1,208,0
7,2,154,1,208,0
0,5,183,1,208,0
0,-8,186,1,208,0
5,0,202,1,208,0
8,3,204,1,208,0
-2,5,18,1,208,0
-3,6,34,1,208,0
-8,-4,34,1,208,0
1,7,76,1,208,0
5,-4,98,1,208,0
6,-7,99,1,208,0
8,-3,182,1,208,0
8,4,123,1,208,0
2,8,129,1,208,0
3,-8,133,1,208,0
6,2,146,1,208,0
2,-5,152,1,208,0
-1,4,168,1,208,0
0,6,189,1,208,0
4,-1,195,1,208,0
4,0,201,1,208,0
7,3,207,1,208,0
5,1,207,1,208,0
-2,6,19,1,208,0
7,-1,169,1,208,0
-3,7,41,1,208,0
5,-5,47,1,208,0
1,8,69,1,208,0
-1,-4,78,1,208,0
1,-3,92,1,208,0
6,-8,101,1,208,0
8,-4,125,1,208,0
2,-6,149,1,208,0
5,2,153,1,208,0
8,5,168,1,208,0
4,1,169,1,208,0
6,3,175,1,208,0
3,0,193,1,208,0
7,4,201,1,208,0
4,-2,202,1,208,0
0,7,207,1,208,0
-1,6,28,1,209,0
2,-7,29,1,209,0
-3,8,44,1,209,0
7,-2,171,1,209,0
-2,7,52,1,209,0
-4,-4,59,1,209,0
5,-6,74,1,209,0
1,-4,86,1,209,0
-5,0,92,1,209,0
8,-5,121,1,209,0
8,6,142,1,209,0
4,2,161,1,209,0
5,3,176,1,209,0
2,0,176,1,209,0
3,1,184,1,209,0
7,5,192,1,209,0
6,4,194,1,209,0
0,8,199,1,209,0
-1,-5,207,1,209,0
4,-3,208,1,209,0
-7,3,13,1,209,0
-6,2,21,1,209,0
-7,-4,39,1,209,0
7,-3,184,1,209,0
-1,7,59,1,209,0
-4,0,89,1,209,0
-5,1,99,1,209,0
8,-6,111,1,209,0
5,-7,111,1,209,0
1,-5,158,1,209,0
4,3,168,1,209,0
1,0,169,1,209,0
2,1,179,1,209,0
5,4,185,1,209,0
3,2,189,1,209,0
3,-1,191,1,209,0
8,7,191,1,209,0
-1,-6,202,1,209,0
7,6,204,1,209,0
6,5,207,1,209,0
-7,4,6,1,209,0
4,-5,41,1,209,0
0,0,48,1,209,0
-1,8,58,1,209,0
-3,0,66,1,209,0
-5,2,106,1,209,0
8,-7,107,1,209,0
3,-2,108,1,209,0
5,-8,118,1,209,0
7,-4,191,1,209,0
6,-1,153,1,209,0
4,4,163,1,209,0
1,-6,164,1,209,0
1,1,165,1,209,0
5,5,187,1,209,0
3,3,193,1,209,0
8,8,195,1,209,0
2,2,201,1,209,0
7,7,205,1,209,0
6,6,208,1,209,0
3,-3,1,1,209,0
-7,5,9,1,209,0
1,-7,23,1,209,0
-4,2,34,1,209,0
4,-6,56,1,209,0
-2,0,59,1,209,0
-3,-4,65,1,209,0
0,-4,84,1,209,0
8,-8,99,1,209,0
-5,3,109,1,209,0
7,-5,197,1,209,0
6,-2,149,1,209,0
3,4,161,1,209,0
0,1,162,1,209,0
-1,-8,185,1,209,0
5,6,192,1,209,0
2,3,194,1,209,0
7,8,197,1,209,0
4,5,199,1,209,0
1,2,203,1,209,0
6,7,206,1,209,0
9,1,3,1,209,0
-7,6,11,1,209,0
1,-8,17,1,209,0
-3,2,39,1,209,0
-6,-4,46,1,209,0
-1,0,54,1,209,0
0,2,59,1,209,0
7,-6,204,1,209,0
-4,3,115,1,209,0
4,-7,129,1,209,0
8,0,163,1,209,0
6,8,139,1,209,0
6,-3,141,1,209,0
2,4,154,1,209,0
5,7,168,1,209,0
2,-1,177,1,209,0
4,6,195,1,209,0
3,5,201,1,209,0
1,3,208,1,209,0
-6,6,19,1,209,0
3,-5,35,1,209,0
5,8,93,1,209,0
7,-7,209,1,209,0
6,-4,106,1,209,0
2,-2,99,1,209,0
1,4,117,1,209,0
-4,4,118,1,209,0
7,0,158,1,209,0
-2,2,145,1,209,0
8,1,149,1,209,0
2,5,149,1,209,0
-1,1,154,1,209,0
4,7,161,1,209,0
5,-1,187,1,209,0
0,-6,197,1,209,0
3,6,208,1,209,0
-5,6,25,1,209,0
8,-1,168,1,209,0
6,-5,54,1,209,0
-2,-4,71,1,209,0
7,-8,98,1,209,0
2,-3,98,1,209,0
1,5,103,1,209,0
3,7,126,1,209,0
-3,4,126,1,209,0
6,0,133,1,209,0
7,1,153,1,209,0
-2,3,141,1,209,0
3,-6,142,1,209,0
2,6,143,1,209,0
5,-2,146,1,209,0
8,2,149,1,209,0
-1,2,149,1,209,0
4,8,159,1,209,0
0,4,174,1,209,0
0,-7,193,1,209,0
-1,3,4,1,209,0
-4,6,31,1,209,0
8,-2,177,1,209,0
1,6,41,1,209,0
-5,-4,53,1,209,0
6,-6,77,1,209,0
5,-3,96,1,209,0
3,8,123,1,209,0
-2,4,134,1,209,0
2,7,136,1,209,0
6,1,139,1,209,0
3,-7,141,1,209,0
7,2,154,1,209,0
0,5,183,1,209,0
0,-8,186,1,209,0
5,0,202,1,209,0
8,3,208,1,209,0
-2,5,18,1,209,0
-3,6,34,1,209,0
-8,-4,34,1,209,0
1,7,76,1,209,0
5,-4,98,1,209,0
6,-7,99,1,209,0
8,-3,182,1,209,0
8,4,123,1,209,0
2,8,129,1,209,0
3,-8,133,1,209,0
6,2,146,1,209,0
2,-5,152,1,209,0
-1,4,168,1,209,0
4,-1,195,1,209,0
4,0,201,1,209,0
7,3,207,1,209,0
0,6,208,1,209,0
5,1,208,1,209,0
-2,6,19,1,209,0
7,-1,169,1,209,0
-3,7,41,1,209,0
5,-5,47,1,209,0
1,8,69,1,209,0
-1,-4,78,1,209,0
1,-3,92,1,209,0
6,-8,101,1,209,0
8,-4,125,1,209,0
2,-6,149,1,209,0
5,2,153,1,209,0
8,5,168,1,209,0
4,1,169,1,209,0
6,3,175,1,209,0
3,0,193,1,209,0
7,4,201,1,209,0
4,-2,202,1,209,0
0,7,207,1,209,0
-1,6,28,1,210,0
2,-7,29,1,210,0
-3,8,44,1,210,0
7,-2,171,1,210,0
-2,7,52,1,210,0
-4,-4,59,1,210,0
5,-6,74,1,210,0
1,-4,86,1,210,0
-5,0,92,1,210,0
8,-5,121,1,210,0
8,6,142,1,210,0
4,2,161,1,210,0
5,3,176,1,210,0
2,0,176,1,210,0
3,1,184,1,210,0
7,5,192,1,210,0
6,4,194,1,210,0
0,8,199,1,210,0
4,-3,208,1,210,0
-1,-5,208,1,210,0
-7,3,13,1,210,0
-6,2,21,1,210,0
-7,-4,39,1,210,0
7,-3,184,1,210,0
-1,7,59,1,210,0
-4,0,89,1,210,0
-5,1,99,1,210,0
8,-6,111,1,210,0
5,-7,111,1,210,0
1,-5,158,1,210,0
4,3,168,1,210,0
1,0,169,1,210,0
2,1,179,1,210,0
5,4,185,1,210,0
3,2,189,1,210,0
3,-1,191,1,210,0
8,7,191,1,210,0
-1,-6,202,1,210,0
7,6,204,1,210,0
6,5,207,1,210,0
4,-4,209,1,210,0
-7,4,6,1,210,0
4,-5,41,1,210,0
0,0,48,1,210,0
-1,8,58,1,210,0
-3,0,66,1,210,0
-5,2,106,1,210,0
8,-7,107,1,210,0
3,-2,108,1,210,0
5,-8,118,1,210,0
7,-4,191,1,210,0
6,-1,153,1,210,0
4,4,163,1,210,0
1,-6,164,1,210,0
1,1,165,1,210,0
5,5,187,1,210,0
3,3,193,1,210,0
8,8,195,1,210,0
2,2,201,1,210,0
7,7,205,1,210,0
6,6,209,1,210,0
3,-3,1,1,210,0
-7,5,9,1,210,0
1,-7,23,1,210,0
-4,2,34,1,210,0
4,-6,56,1,210,0
-2,0,59,1,210,0
-3,-4,65,1,210,0
0,-4,84,1,210,0
8,-8,99,1,210,0
-5,3,109,1,210,0
7,-5,197,1,210,0
6,-2,149,1,210,0
3,4,161,1,210,0
0,1,162,1,210,0
-1,-8,185,1,210,0
5,6,192,1,210,0
2,3,194,1,210,0
7,8,197,1,210,0
4,5,199,1,210,0
1,2,203,1,210,0
6,7,206,1,210,0
9,1,3,1,210,0
-7,6,11,1,210,0
1,-8,17,1,210,0
-3,2,39,1,210,0
-6,-4,46,1,210,0
-1,0,54,1,210,0
0,2,59,1,210,0
7,-6,204,1,210,0
-4,3,115,1,210,0
4,-7,129,1,210,0
8,0,163,1,210,0
6,8,139,1,210,0
6,-3,141,1,210,0
2,4,154,1,210,0
5,7,168,1,210,0
2,-1,177,1,210,0
4,6,195,1,210,0
3,5,201,1,210,0
1,3,209,1,210,0
-6,6,19,1,210,0
3,-5,35,1,210,0
5,8,93,1,210,0
7,-7,209,1,210,0
6,-4,106,1,210,0
2,-2,99,1,210,0
1,4,117,1,210,0
-4,4,118,1,210,0
7,0,158,1,210,0
-2,2,145,1,210,0
8,1,149,1,210,0
2,5,149,1,210,0
-1,1,154,1,210,0
4,7,161,1,210,0
5,-1,187,1,210,0
0,-6,197,1,210,0
3,6,208,1,210,0
-5,6,25,1,210,0
8,-1,168,1,210,0
6,-5,54,1,210,0
-2,-4,71,1,210,0
7,-8,98,1,210,0
2,-3,98,1,210,0
1,5,103,1,210,0
-3,4,126,1,210,0
6,0,133,1,210,0
7,1,153,1,210,0
-2,3,141,1,210,0
3,-6,142,1,210,0
2,6,143,1,210,0
5,-2,146,1,210,0
8,2,149,1,210,0
-1,2,149,1,210,0
4,8,159,1,210,0
0,4,174,1,210,0
0,-7,193,1,210,0
3,7,209,1,210,0
-1,3,4,1,210,0
-4,6,31,1,210,0
8,-2,177,1,210,0
1,6,41,1,210,0
-5,-4,53,1,210,0
6,-6,77,1,210,0
5,-3,96,1,210,0
3,8,123,1,210,0
-2,4,134,1,210,0
2,7,136,1,210,0
3,-7,141,1,210,0
7,2,154,1,210,0
0,5,183,1,210,0
0,-8,186,1,210,0
5,0,202,1,210,0
8,3,209,1,210,0
6,1,209,1,210,0
-2,5,18,1,210,0
-3,6,34,1,210,0
-8,-4,34,1,210,0
1,7,76,1,210,0
5,-4,98,1,210,0
6,-7,99,1,210,0
8,-3,182,1,210,0
8,4,123,1,210,0
2,8,129,1,210,0
3,-8,133,1,210,0
6,2,146,1,210,0
2,-5,152,1,210,0
-1,4,168,1,210,0
4,-1,195,1,210,0
4,0,201,1,210,0
7,3,207,1,210,0
5,1,208,1,210,0
0,6,209,1,210,0
-2,6,19,1,210,0
7,-1,169,1,210,0
-3,7,41,1,210,0
5,-5,47,1,210,0
1,8,69,1,210,0
-1,-4,78,1,210,0
1,-3,92,1,210,0
6,-8,101,1,210,0
8,-4,125,1,210,0
2,-6,149,1,210,0
5,2,153,1,210,0
8,5,168,1,210,0
4,1,169,1,210,0
6,3,175,1,210,0
3,0,193,1,210,0
7,4,201,1,210,0
4,-2,202,1,210,0
0,7,207,1,210,0
-1,6,28,1,211,0
2,-7,29,1,211,0
-3,8,44,1,211,0
7,-2,171,1,211,0
-2,7,52,1,211,0
-4,-4,59,1,211,0
5,-6,74,1,211,0
1,-4,86,1,211,0
-5,0,92,1,211,0
8,-5,121,1,211,0
8,6,142,1,211,0
4,2,161,1,211,0
5,3,176,1,211,0
2,0,176,1,211,0
3,1,184,1,211,0
7,5,192,1,211,0
6,4,194,1,211,0
0,8,199,1,211,0
4,-3,208,1,211,0
-1,-5,208,1,211,0
-7,3,13,1,211,0
-6,2,21,1,211,0
-7,-4,39,1,211,0
7,-3,184,1,211,0
-1,7,59,1,211,0
-4,0,89,1,211,0
-5,1,99,1,211,0
8,-6,111,1,211,0
5,-7,111,1,211,0
1,-5,158,1,211,0
4,3,168,1,211,0
1,0,169,1,211,0
2,1,179,1,211,0
5,4,185,1,211,0
3,2,189,1,211,0
3,-1,191,1,211,0
8,7,191,1,211,0
-1,-6,202,1,211,0
7,6,204,1,211,0
6,5,207,1,211,0
4,-4,209,1,211,0
-7,4,6,1,211,0
4,-5,41,1,211,0
0,0,48,1,211,0
-1,8,58,1,211,0
-3,0,66,1,211,0
-5,2,106,1,211,0
8,-7,107,1,211,0
3,-2,108,1,211,0
5,-8,118,1,211,0
7,-4,191,1,211,0
6,-1,153,1,211,0
4,4,163,1,211,0
1,-6,164,1,211,0
1,1,165,1,211,0
5,5,187,1,211,0
3,3,193,1,211,0
8,8,195,1,211,0
2,2,201,1,211,0
7,7,205,1,211,0
6,6,209,1,211,0
3,-3,1,1,211,0
-7,5,9,1,211,0
1,-7,23,1,211,0
-4,2,34,1,211,0
4,-6,56,1,211,0
-2,0,59,1,211,0
-3,-4,65,1,211,0
0,-4,84,1,211,0
8,-8,99,1,211,0
-5,3,109,1,211,0
7,-5,197,1,211,0
6,-2,149,1,211,0
3,4,161,1,211,0
0,1,162,1,211,0
-1,-8,185,1,211,0
5,6,192,1,211,0
2,3,194,1,211,0
7,8,197,1,211,0
4,5,199,1,211,0
1,2,203,1,211,0
6,7,206,1,211,0
9,1,3,1,211,0
-7,6,11,1,211,0
1,-8,17,1,211,0
-3,2,39,1,211,0
-6,-4,46,1,211,0
-1,0,54,1,211,0
0,2,59,1,211,0
7,-6,204,1,211,0
-4,3,115,1,211,0
4,-7,129,1,211,0
8,0,163,1,211,0
6,8,139,1,211,0
6,-3,141,1,211,0
2,4,154,1,211,0
5,7,168,1,211,0
2,-1,177,1,211,0
4,6,195,1,211,0
3,5,201,1,211,0
1,3,209,1,211,0
-6,6,19,1,211,0
3,-5,35,1,211,0
5,8,93,1,211,0
7,-7,209,1,211,0
6,-4,106,1,211,0
2,-2,99,1,211,0
1,4,117,1,211,0
-4,4,118,1,211,0
7,0,158,1,211,0
-2,2,145,1,211,0
8,1,149,1,211,0
2,5,149,1,211,0
-1,1,154,1,211,0
4,7,161,1,211,0
5,-1,187,1,211,0
0,-6,197,1,211,0
3,6,208,1,211,0
-5,6,25,1,211,0
8,-1,168,1,211,0
6,-5,54,1,211,0
-2,-4,71,1,211,0
7,-8,211,1,211,0
2,-3,98,1,211,0
1,5,103,1,211,0
-3,4,126,1,211,0
6,0,133,1,211,0
7,1,153,1,211,0
-2,3,141,1,211,0
3,-6,142,1,211,0
2,6,143,1,211,0
5,-2,146,1,211,0
8,2,149,1,211,0
-1,2,149,1,211,0
4,8,159,1,211,0
0,4,174,1,211,0
0,-7,193,1,211,0
3,7,209,1,211,0
-1,3,4,1,211,0
-4,6,31,1,211,0
8,-2,177,1,211,0
1,6,41,1,211,0
-5,-4,53,1,211,0
6,-6,77,1,211,0
5,-3,96,1,211,0
3,8,123,1,211,0
-2,4,134,1,211,0
2,7,136,1,211,0
3,-7,141,1,211,0
7,2,154,1,211,0
0,5,183,1,211,0
0,-8,186,1,211,0
5,0,202,1,211,0
8,3,209,1,211,0
6,1,209,1,211,0
-2,-5,209,1,211,0
-2,5,18,1,211,0
-3,6,34,1,211,0
-8,-4,34,1,211,0
1,7,76,1,211,0
5,-4,98,1,211,0
6,-7,99,1,211,0
8,-3,182,1,211,0
8,4,123,1,211,0
2,8,129,1,211,0
3,-8,133,1,211,0
6,2,146,1,211,0
2,-5,152,1,211,0
-1,4,168,1,211,0
4,-1,195,1,211,0
4,0,201,1,211,0
7,3,207,1,211,0
5,1,208,1,211,0
0,6,209,1,211,0
-2,6,19,1,211,0
7,-1,169,1,211,0
-3,7,41,1,211,0
5,-5,47,1,211,0
1,8,69,1,211,0
-1,-4,78,1,211,0
1,-3,92,1,211,0
6,-8,101,1,211,0
8,-4,125,1,211,0
2,-6,149,1,211,0
5,2,153,1,211,0
8,5,168,1,211,0
4,1,169,1,211,0
6,3,175,1,211,0
3,0,193,1,211,0
7,4,201,1,211,0
4,-2,202,1,211,0
0,7,207,1,211,0
-1,6,28,1,212,0
2,-7,29,1,212,0
-3,8,44,1,212,0
7,-2,171,1,212,0
-2,7,52,1,212,0
-4,-4,59,1,212,0
5,-6,74,1,212,0
1,-4,86,1,212,0
-5,0,92,1,212,0
8,-5,121,1,212,0
8,6,142,1,212,0
4,2,161,1,212,0
5,3,176,1,212,0
2,0,176,1,212,0
3,1,184,1,212,0
7,5,192,1,212,0
6,4,194,1,212,0
0,8,199,1,212,0
4,-3,208,1,212,0
-1,-5,208,1,212,0
-7,3,13,1,212,0
-6,2,21,1,212,0
-7,-4,39,1,212,0
7,-3,184,1,212,0
-1,7,59,1,212,0
-4,0,89,1,212,0
-5,1,99,1,212,0
8,-6,111,1,212,0
5,-7,111,1,212,0
1,-5,158,1,212,0
4,3,168,1,212,0
1,0,169,1,212,0
2,1,179,1,212,0
5,4,185,1,212,0
3,2,189,1,212,0
3,-1,191,1,212,0
8,7,191,1,212,0
-1,-6,202,1,212,0
7,6,204,1,212,0
6,5,207,1,212,0
4,-4,211,1,212,0
-7,4,6,1,212,0
4,-5,41,1,212,0
0,0,48,1,212,0
-1,8,58,1,212,0
-3,0,66,1,212,0
-5,2,106,1,212,0
8,-7,107,1,212,0
3,-2,108,1,212,0
5,-8,118,1,212,0
7,-4,191,1,212,0
6,-1,153,1,212,0
4,4,163,1,212,0
1,-6,164,1,212,0
1,1,165,1,212,0
5,5,187,1,212,0
3,3,193,1,212,0
8,8,195,1,212,0
2,2,201,1,212,0
7,7,205,1,212,0
6,6,211,1,212,0
3,-3,1,1,212,0
-7,5,9,1,212,0
1,-7,23,1,212,0
-4,2,34,1,212,0
4,-6,56,1,212,0
-2,0,59,1,212,0
-3,-4,65,1,212,0
0,-4,84,1,212,0
8,-8,99,1,212,0
-5,3,109,1,212,0
7,-5,197,1,212,0
6,-2,149,1,212,0
3,4,161,1,212,0
0,1,162,1,212,0
-1,-8,185,1,212,0
5,6,192,1,212,0
2,3,194,1,212,0
7,8,197,1,212,0
4,5,199,1,212,0
1,2,203,1,212,0
6,7,206,1,212,0
9,1,3,1,212,0
-7,6,11,1,212,0
1,-8,17,1,212,0
-3,2,39,1,212,0
-6,-4,46,1,212,0
-1,0,54,1,212,0
0,2,59,1,212,0
7,-6,204,1,212,0
-4,3,115,1,212,0
4,-7,129,1,212,0
8,0,163,1,212,0
6,8,139,1,212,0
6,-3,141,1,212,0
2,4,154,1,212,0
5,7,168,1,212,0
2,-1,177,1,212,0
4,6,195,1,212,0
3,5,201,1,212,0
1,3,211,1,212,0
-6,6,19,1,212,0
3,-5,35,1,212,0
5,8,93,1,212,0
7,-7,209,1,212,0
6,-4,106,1,212,0
2,-2,99,1,212,0
1,4,117,1,212,0
-4,4,118,1,212,0
7,0,158,1,212,0
-2,2,145,1,212,0
8,1,149,1,212,0
2,5,149,1,212,0
-1,1,154,1,212,0
4,7,161,1,212,0
5,-1,187,1,212,0
0,-6,197,1,212,0
3,6,208,1,212,0
-5,6,25,1,212,0
8,-1,168,1,212,0
6,-5,54,1,212,0
-2,-4,71,1,212,0
7,-8,212,1,212,0
2,-3,98,1,212,0
1,5,103,1,212,0
-3,4,126,1,212,0
6,0,133,1,212,0
7,1,153,1,212,0
-2,3,141,1,212,0
3,-6,142,1,212,0
2,6,143,1,212,0
5,-2,146,1,212,0
8,2,149,1,212,0
-1,2,149,1,212,0
4,8,159,1,212,0
0,4,174,1,212,0
0,-7,193,1,212,0
3,7,211,1,212,0
-1,3,4,1,212,0
-4,6,31,1,212,0
8,-2,177,1,212,0
1,6,41,1,212,0
-5,-4,53,1,212,0
6,-6,77,1,212,0
5,-3,96,1,212,0
3,8,123,1,212,0
-2,4,134,1,212,0
2,7,136,1,212,0
3,-7,141,1,212,0
7,2,154,1,212,0
0,5,183,1,212,0
0,-8,186,1,212,0
5,0,202,1,212,0
8,3,209,1,212,0
-2,-5,209,1,212,0
6,1,211,1,212,0
-2,5,18,1,212,0
-3,6,34,1,212,0
-8,-4,34,1,212,0
1,7,76,1,212,0
5,-4,98,1,212,0
6,-7,99,1,212,0
8,-3,182,1,212,0
8,4,123,1,212,0
2,8,129,1,212,0
3,-8,133,1,212,0
6,2,146,1,212,0
2,-5,152,1,212,0
-1,4,168,1,212,0
4,-1,195,1,212,0
4,0,201,1,212,0
5,1,208,1,212,0
0,6,209,1,212,0
7,3,211,1,212,0
-2,6,19,1,212,0
7,-1,169,1,212,0
-3,7,41,1,212,0
5,-5,47,1,212,0
1,8,69,1,212,0
-1,-4,78,1,212,0
1,-3,92,1,212,0
6,-8,101,1,212,0
8,-4,125,1,212,0
2,-6,149,1,212,0
5,2,153,1,212,0
8,5,168,1,212,0
4,1,169,1,212,0
6,3,175,1,212,0
3,0,193,1,212,0
7,4,201,1,212,0
4,-2,202,1,212,0
0,7,207,1,212,0
-1,6,28,1,213,0
2,-7,29,1,213,0
-3,8,44,1,213,0
7,-2,171,1,213,0
-2,7,52,1,213,0
-4,-4,59,1,213,0
5,-6,74,1,213,0
1,-4,86,1,213,0
-5,0,92,1,213,0
8,-5,121,1,213,0
8,6,142,1,213,0
4,2,161,1,213,0
5,3,176,1,213,0
2,0,176,1,213,0
3,1,184,1,213,0
7,5,192,1,213,0
6,4,194,1,213,0
0,8,199,1,213,0
4,-3,208,1,213,0
-1,-5,208,1,213,0
-7,3,13,1,213,0
-6,2,21,1,213,0
-7,-4,39,1,213,0
7,-3,184,1,213,0
-1,7,59,1,213,0
-4,0,89,1,213,0
-5,1,99,1,213,0
8,-6,111,1,213,0
5,-7,111,1,213,0
1,-5,158,1,213,0
4,3,168,1,213,0
1,0,169,1,213,0
2,1,179,1,213,0
5,4,185,1,213,0
3,2,189,1,213,0
3,-1,191,1,213,0
8,7,191,1,213,0
-1,-6,202,1,213,0
7,6,204,1,213,0
6,5,207,1,213,0
4,-4,212,1,213,0
-7,4,6,1,213,0
4,-5,41,1,213,0
0,0,48,1,213,0
-1,8,58,1,213,0
-3,0,66,1,213,0
-5,2,106,1,213,0
8,-7,107,1,213,0
3,-2,108,1,213,0
5,-8,118,1,213,0
7,-4,191,1,213,0
6,-1,153,1,213,0
4,4,163,1,213,0
1,-6,164,1,213,0
1,1,165,1,213,0
5,5,187,1,213,0
3,3,193,1,213,0
8,8,195,1,213,0
2,2,201,1,213,0
7,7,205,1,213,0
6,6,212,1,213,0
3,-3,1,1,213,0
-7,5,9,1,213,0
1,-7,23,1,213,0
-4,2,34,1,213,0
4,-6,56,1,213,0
-2,0,59,1,213,0
-3,-4,65,1,213,0
0,-4,84,1,213,0
8,-8,99,1,213,0
-5,3,109,1,213,0
7,-5,197,1,213,0
6,-2,149,1,213,0
3,4,161,1,213,0
0,1,162,1,213,0
-1,-8,185,1,213,0
5,6,192,1,213,0
2,3,194,1,213,0
7,8,197,1,213,0
4,5,199,1,213,0
1,2,203,1,213,0
6,7,212,1,213,0
9,1,3,1,213,0
-7,6,11,1,213,0
1,-8,17,1,213,0
-3,2,39,1,213,0
-6,-4,46,1,213,0
-1,0,54,1,213,0
0,2,59,1,213,0
7,-6,204,1,213,0
-4,3,115,1,213,0
4,-7,129,1,213,0
8,0,163,1,213,0
6,8,139,1,213,0
6,-3,141,1,213,0
2,4,154,1,213,0
5,7,168,1,213,0
2,-1,177,1,213,0
4,6,195,1,213,0
3,5,201,1,213,0
1,3,212,1,213,0
-6,6,19,1,213,0
3,-5,35,1,213,0
5,8,93,1,213,0
7,-7,209,1,213,0
6,-4,106,1,213,0
2,-2,99,1,213,0
1,4,117,1,213,0
-4,4,118,1,213,0
7,0,158,1,213,0
-2,2,145,1,213,0
8,1,149,1,213,0
2,5,149,1,213,0
-1,1,154,1,213,0
4,7,161,1,213,0
5,-1,187,1,213,0
0,-6,197,1,213,0
3,6,208,1,213,0
-5,6,25,1,213,0
8,-1,168,1,213,0
6,-5,54,1,213,0
7,-8,213,1,213,0
2,-3,98,1,213,0
1,5,103,1,213,0
-3,4,126,1,213,0
6,0,133,1,213,0
7,1,153,1,213,0
-2,3,141,1,213,0
3,-6,142,1,213,0
2,6,143,1,213,0
5,-2,146,1,213,0
8,2,149,1,213,0
-1,2,149,1,213,0
4,8,159,1,213,0
0,4,174,1,213,0
0,-7,193,1,213,0
-2,-4,211,1,213,0
3,7,212,1,213,0
-1,3,4,1,213,0
-4,6,31,1,213,0
8,-2,177,1,213,0
1,6,41,1,213,0
-5,-4,53,1,213,0
6,-6,77,1,213,0
5,-3,96,1,213,0
3,8,123,1,213,0
-2,4,134,1,213,0
2,7,136,1,213,0
3,-7,141,1,213,0
7,2,154,1,213,0
0,5,183,1,213,0
0,-8,186,1,213,0
5,0,202,1,213,0
8,3,209,1,213,0
-2,-5,209,1,213,0
6,1,212,1,213,0
-2,5,18,1,213,0
-3,6,34,1,213,0
-8,-4,34,1,213,0
1,7,76,1,213,0
5,-4,98,1,213,0
6,-7,99,1,213,0
8,-3,182,1,213,0
8,4,123,1,213,0
2,8,129,1,213,0
3,-8,133,1,213,0
6,2,146,1,213,0
2,-5,152,1,213,0
-1,4,168,1,213,0
4,-1,195,1,213,0
4,0,201,1,213,0
5,1,208,1,213,0
7,3,212,1,213,0
0,6,211,1,213,0
-2,6,19,1,213,0
7,-1,169,1,213,0
-3,7,41,1,213,0
5,-5,47,1,213,0
1,8,69,1,213,0
-1,-4,78,1,213,0
1,-3,92,1,213,0
6,-8,101,1,213,0
8,-4,125,1,213,0
2,-6,149,1,213,0
5,2,153,1,213,0
8,5,168,1,213,0
4,1,169,1,213,0
6,3,175,1,213,0
3,0,193,1,213,0
7,4,201,1,213,0
4,-2,202,1,213,0
0,7,207,1,213,0
2,-7,29,1,214,0
-3,8,44,1,214,0
7,-2,171,1,214,0
-2,7,52,1,214,0
-4,-4,59,1,214,0
5,-6,74,1,214,0
1,-4,86,1,214,0
-5,0,92,1,214,0
8,-5,121,1,214,0
8,6,142,1,214,0
4,2,161,1,214,0
5,3,176,1,214,0
2,0,176,1,214,0
3,1,184,1,214,0
7,5,192,1,214,0
6,4,194,1,214,0
0,8,199,1,214,0
4,-3,208,1,214,0
-1,-5,208,1,214,0
-1,6,213,1,214,0
-7,3,13,1,214,0
-6,2,21,1,214,0
-7,-4,39,1,214,0
7,-3,184,1,214,0
-1,7,59,1,214,0
-4,0,89,1,214,0
-5,1,99,1,214,0
8,-6,111,1,214,0
5,-7,111,1,214,0
1,-5,158,1,214,0
4,3,168,1,214,0
1,0,169,1,214,0
2,1,179,1,214,0
5,4,185,1,214,0
3,2,189,1,214,0
3,-1,191,1,214,0
8,7,191,1,214,0
-1,-6,202,1,214,0
7,6,204,1,214,0
6,5,207,1,214,0
4,-4,213,1,214,0
-7,4,6,1,214,0
4,-5,41,1,214,0
0,0,48,1,214,0
-1,8,58,1,214,0
-3,0,66,1,214,0
-5,2,106,1,214,0
8,-7,107,1,214,0
3,-2,108,1,214,0
5,-8,118,1,214,0
7,-4,191,1,214,0
6,-1,153,1,214,0
4,4,163,1,214,0
1,-6,164,1,214,0
1,1,165,1,214,0
5,5,187,1,214,0
3,3,193,1,214,0
8,8,195,1,214,0
2,2,201,1,214,0
7,7,205,1,214,0
6,6,213,1,214,0
3,-3,1,1,214,0
-7,5,9,1,214,0
1,-7,23,1,214,0
-4,2,34,1,214,0
4,-6,56,1,214,0
-2,0,59,1,214,0
-3,-4,65,1,214,0
0,-4,84,1,214,0
8,-8,99,1,214,0
-5,3,109,1,214,0
7,-5,197,1,214,0
6,-2,149,1,214,0
3,4,161,1,214,0
0,1,162,1,214,0
-1,-8,185,1,214,0
5,6,192,1,214,0
2,3,194,1,214,0
7,8,197,1,214,0
4,5,199,1,214,0
1,2,203,1,214,0
6,7,213,1,214,0
9,1,3,1,214,0
-7,6,11,1,214,0
1,-8,17,1,214,0
-3,2,39,1,214,0
-6,-4,46,1,214,0
-1,0,54,1,214,0
0,2,59,1,214,0
7,-6,204,1,214,0
-4,3,115,1,214,0
4,-7,129,1,214,0
8,0,163,1,214,0
6,8,139,1,214,0
6,-3,141,1,214,0
2,4,154,1,214,0
5,7,168,1,214,0
2,-1,177,1,214,0
4,6,195,1,214,0
3,5,201,1,214,0
1,3,213,1,214,0
-6,6,19,1,214,0
3,-5,35,1,214,0
5,8,93,1,214,0
7,-7,214,1,214,0
6,-4,106,1,214,0
2,-2,99,1,214,0
1,4,117,1,214,0
-4,4,118,1,214,0
7,0,158,1,214,0
-2,2,145,1,214,0
8,1,149,1,214,0
2,5,149,1,214,0
-1,1,154,1,214,0
4,7,161,1,214,0
5,-1,187,1,214,0
0,-6,197,1,214,0
3,6,208,1,214,0
-5,6,25,1,214,0
8,-1,168,1,214,0
6,-5,54,1,214,0
7,-8,213,1,214,0
2,-3,98,1,214,0
1,5,103,1,214,0
-3,4,126,1,214,0
6,0,133,1,214,0
7,1,153,1,214,0
-2,3,141,1,214,0
3,-6,142,1,214,0
2,6,143,1,214,0
5,-2,146,1,214,0
8,2,149,1,214,0
-1,2,149,1,214,0
4,8,159,1,214,0
0,4,174,1,214,0
0,-7,193,1,214,0
-2,-4,212,1,214,0
3,7,213,1,214,0
-1,3,4,1,214,0
-4,6,31,1,214,0
8,-2,177,1,214,0
1,6,41,1,214,0
-5,-4,53,1,214,0
6,-6,77,1,214,0
5,-3,96,1,214,0
3,8,123,1,214,0
-2,4,134,1,214,0
2,7,136,1,214,0
3,-7,141,1,214,0
7,2,154,1,214,0
0,5,183,1,214,0
0,-8,186,1,214,0
5,0,202,1,214,0
8,3,209,1,214,0
-2,-5,209,1,214,0
6,1,213,1,214,0
-2,5,18,1,214,0
-3,6,34,1,214,0
-8,-4,34,1,214,0
1,7,76,1,214,0
5,-4,98,1,214,0
6,-7,99,1,214,0
8,-3,182,1,214,0
8,4,123,1,214,0
2,8,129,1,214,0
3,-8,133,1,214,0
6,2,146,1,214,0
2,-5,152,1,214,0
-1,4,168,1,214,0
4,-1,195,1,214,0
4,0,201,1,214,0
5,1,208,1,214,0
0,6,211,1,214,0
7,3,213,1,214,0
-2,6,19,1,214,0
7,-1,169,1,214,0
-3,7,41,1,214,0
5,-5,47,1,214,0
1,8,69,1,214,0
-1,-4,78,1,214,0
1,-3,92,1,214,0
6,-8,101,1,214,0
8,-4,125,1,214,0
2,-6,149,1,214,0
5,2,153,1,214,0
8,5,168,1,214,0
4,1,169,1,214,0
6,3,175,1,214,0
3,0,193,1,214,0
7,4,201,1,214,0
4,-2,202,1,214,0
0,7,207,1,214,0
2,-7,29,1,215,0
-3,8,44,1,215,0
7,-2,171,1,215,0
-2,7,52,1,215,0
-4,-4,59,1,215,0
5,-6,74,1,215,0
1,-4,86,1,215,0
-5,0,92,1,215,0
8,-5,121,1,215,0
8,6,142,1,215,0
4,2,161,1,215,0
5,3,176,1,215,0
2,0,176,1,215,0
3,1,184,1,215,0
7,5,192,1,215,0
6,4,194,1,215,0
0,8,199,1,215,0
4,-3,208,1,215,0
-1,-5,208,1,215,0
-1,6,214,1,215,0
-7,3,13,1,215,0
-6,2,21,1,215,0
-7,-4,39,1,215,0
7,-3,184,1,215,0
-1,7,59,1,215,0
-4,0,89,1,215,0
-5,1,99,1,215,0
8,-6,111,1,215,0
5,-7,111,1,215,0
1,-5,158,1,215,0
4,3,168,1,215,0
1,0,169,1,215,0
2,1,179,1,215,0
5,4,185,1,215,0
3,2,189,1,215,0
3,-1,191,1,215,0
8,7,191,1,215,0
-1,-6,202,1,215,0
7,6,204,1,215,0
6,5,207,1,215,0
4,-4,214,1,215,0
-7,4,6,1,215,0
4,-5,41,1,215,0
0,0,48,1,215,0
-1,8,58,1,215,0
-3,0,66,1,215,0
-5,2,106,1,215,0
8,-7,107,1,215,0
3,-2,108,1,215,0
5,-8,118,1,215,0
7,-4,191,1,215,0
6,-1,153,1,215,0
4,4,163,1,215,0
1,-6,164,1,215,0
1,1,165,1,215,0
5,5,187,1,215,0
3,3,193,1,215,0
8,8,195,1,215,0
2,2,201,1,215,0
7,7,205,1,215,0
6,6,214,1,215,0
3,-3,1,1,215,0
-7,5,9,1,215,0
1,-7,23,1,215,0
-4,2,34,1,215,0
4,-6,56,1,215,0
-2,0,59,1,215,0
-3,-4,65,1,215,0
0,-4,84,1,215,0
8,-8,99,1,215,0
-5,3,109,1,215,0
7,-5,197,1,215,0
6,-2,149,1,215,0
3,4,161,1,215,0
0,1,162,1,215,0
-1,-8,185,1,215,0
5,6,192,1,215,0
2,3,194,1,215,0
7,8,197,1,215,0
4,5,199,1,215,0
1,2,203,1,215,0
6,7,214,1,215,0
9,1,3,1,215,0
-7,6,11,1,215,0
1,-8,17,1,215,0
-3,2,39,1,215,0
-6,-4,46,1,215,0
-1,0,54,1,215,0
0,2,59,1,215,0
7,-6,204,1,215,0
-4,3,115,1,215,0
4,-7,129,1,215,0
8,0,163,1,215,0
6,8,139,1,215,0
6,-3,141,1,215,0
2,4,154,1,215,0
5,7,168,1,215,0
2,-1,177,1,215,0
4,6,195,1,215,0
3,5,201,1,215,0
1,3,214,1,215,0
-6,6,19,1,215,0
3,-5,35,1,215,0
5,8,93,1,215,0
7,-7,215,1,215,0
6,-4,106,1,215,0
2,-2,99,1,215,0
1,4,117,1,215,0
-4,4,118,1,215,0
7,0,158,1,215,0
-2,2,145,1,215,0
8,1,149,1,215,0
2,5,149,1,215,0
-1,1,154,1,215,0
4,7,161,1,215,0
5,-1,187,1,215,0
0,-6,197,1,215,0
3,6,208,1,215,0
-5,6,25,1,215,0
8,-1,168,1,215,0
6,-5,54,1,215,0
7,-8,213,1,215,0
2,-3,98,1,215,0
1,5,103,1,215,0
-3,4,126,1,215,0
6,0,133,1,215,0
7,1,153,1,215,0
-2,3,141,1,215,0
3,-6,142,1,215,0
2,6,143,1,215,0
5,-2,146,1,215,0
8,2,149,1,215,0
-1,2,149,1,215,0
4,8,159,1,215,0
0,4,174,1,215,0
0,-7,193,1,215,0
-2,-4,213,1,215,0
3,7,214,1,215,0
-1,3,4,1,215,0
-4,6,31,1,215,0
8,-2,177,1,215,0
1,6,41,1,215,0
-5,-4,53,1,215,0
6,-6,77,1,215,0
5,-3,96,1,215,0
3,8,123,1,215,0
-2,4,134,1,215,0
2,7,136,1,215,0
3,-7,141,1,215,0
7,2,154,1,215,0
0,5,183,1,215,0
0,-8,186,1,215,0
5,0,202,1,215,0
8,3,209,1,215,0
-2,-5,209,1,215,0
6,1,214,1,215,0
-2,5,18,1,215,0
-3,6,34,1,215,0
-8,-4,34,1,215,0
1,7,76,1,215,0
5,-4,98,1,215,0
6,-7,99,1,215,0
8,-3,182,1,215,0
8,4,123,1,215,0
2,8,129,1,215,0
3,-8,133,1,215,0
6,2,146,1,215,0
2,-5,152,1,215,0
-1,4,168,1,215,0
4,-1,195,1,215,0
4,0,201,1,215,0
5,1,208,1,215,0
0,6,211,1,215,0
7,3,214,1,215,0
-2,6,19,1,215,0
7,-1,169,1,215,0
-3,7,41,1,215,0
5,-5,47,1,215,0
1,8,69,1,215,0
-1,-4,78,1,215,0
1,-3,92,1,215,0
6,-8,101,1,215,0
8,-4,125,1,215,0
2,-6,149,1,215,0
5,2,153,1,215,0
8,5,168,1,215,0
4,1,169,1,215,0
6,3,175,1,215,0
3,0,193,1,215,0
7,4,201,1,215,0
4,-2,202,1,215,0
0,7,207,1,215,0
2,-7,29,1,216,0
-3,8,44,1,216,0
7,-2,171,1,216,0
-2,7,52,1,216,0
-4,-4,59,1,216,0
5,-6,74,1,216,0
1,-4,86,1,216,0
-5,0,92,1,216,0
8,-5,121,1,216,0
8,6,142,1,216,0
4,2,161,1,216,0
5,3,176,1,216,0
2,0,176,1,216,0
3,1,184,1,216,0
7,5,192,1,216,0
6,4,194,1,216,0
0,8,199,1,216,0
4,-3,208,1,216,0
-1,-5,208,1,216,0
-1,6,215,1,216,0
-7,3,13,1,216,0
-6,2,21,1,216,0
-7,-4,39,1,216,0
7,-3,184,1,216,0
-1,7,59,1,216,0
-4,0,89,1,216,0
-5,1,99,1,216,0
8,-6,111,1,216,0
5,-7,111,1,216,0
1,-5,158,1,216,0
4,3,168,1,216,0
1,0,169,1,216,0
2,1,179,1,216,0
5,4,185,1,216,0
3,2,189,1,216,0
3,-1,191,1,216,0
8,7,191,1,216,0
-1,-6,202,1,216,0
7,6,204,1,216,0
6,5,207,1,216,0
4,-4,215,1,216,0
-7,4,6,1,216,0
4,-5,41,1,216,0
0,0,48,1,216,0
-1,8,58,1,216,0
-3,0,66,1,216,0
-5,2,106,1,216,0
8,-7,107,1,216,0
3,-2,108,1,216,0
5,-8,118,1,216,0
7,-4,191,1,216,0
6,-1,153,1,216,0
4,4,163,1,216,0
1,-6,164,1,216,0
1,1,165,1,216,0
5,5,187,1,216,0
3,3,193,1,216,0
8,8,195,1,216,0
2,2,201,1,216,0
7,7,205,1,216,0
6,6,215,1,216,0
3,-3,1,1,216,0
-7,5,9,1,216,0
1,-7,23,1,216,0
-4,2,34,1,216,0
4,-6,56,1,216,0
-2,0,59,1,216,0
-3,-4,65,1,216,0
0,-4,84,1,216,0
8,-8,99,1,216,0
-5,3,109,1,216,0
7,-5,197,1,216,0
6,-2,149,1,216,0
3,4,161,1,216,0
0,1,162,1,216,0
-1,-8,185,1,216,0
5,6,192,1,216,0
2,3,194,1,216,0
7,8,197,1,216,0
4,5,199,1,216,0
1,2,203,1,216,0
6,7,215,1,216,0
9,1,3,1,216,0
-7,6,11,1,216,0
1,-8,17,1,216,0
-3,2,39,1,216,0
-6,-4,46,1,216,0
-1,0,54,1,216,0
0,2,59,1,216,0
7,-6,204,1,216,0
-4,3,115,1,216,0
4,-7,129,1,216,0
8,0,163,1,216,0
6,8,139,1,216,0
6,-3,141,1,216,0
2,4,154,1,216,0
5,7,168,1,216,0
2,-1,177,1,216,0
4,6,195,1,216,0
3,5,201,1,216,0
1,3,215,1,216,0
-6,6,19,1,216,0
3,-5,35,1,216,0
5,8,93,1,216,0
7,-7,216,1,216,0
6,-4,106,1,216,0
2,-2,99,1,216,0
1,4,117,1,216,0
-4,4,118,1,216,0
7,0,158,1,216,0
-2,2,145,1,216,0
8,1,149,1,216,0
2,5,149,1,216,0
-1,1,154,1,216,0
4,7,161,1,216,0
5,-1,187,1,216,0
0,-6,197,1,216,0
3,6,208,1,216,0
-5,6,25,1,216,0
8,-1,168,1,216,0
6,-5,54,1,216,0
7,-8,213,1,216,0
2,-3,98,1,216,0
1,5,103,1,216,0
-3,4,126,1,216,0
6,0,133,1,216,0
7,1,153,1,216,0
-2,3,141,1,216,0
3,-6,142,1,216,0
2,6,143,1,216,0
5,-2,146,1,216,0
8,2,149,1,216,0
-1,2,149,1,216,0
4,8,159,1,216,0
0,4,174,1,216,0
0,-7,193,1,216,0
-2,-4,214,1,216,0
3,7,215,1,216,0
-1,3,4,1,216,0
-4,6,31,1,216,0
8,-2,177,1,216,0
1,6,41,1,216,0
-5,-4,53,1,216,0
6,-6,77,1,216,0
5,-3,96,1,216,0
3,8,123,1,216,0
-2,4,134,1,216,0
2,7,136,1,216,0
3,-7,141,1,216,0
7,2,154,1,216,0
0,5,183,1,216,0
0,-8,186,1,216,0
5,0,202,1,216,0
-2,-5,209,1,216,0
8,3,215,1,216,0
6,1,215,1,216,0
-2,5,18,1,216,0
-3,6,34,1,216,0
-8,-4,34,1,216,0
1,7,76,1,216,0
5,-4,98,1,216,0
6,-7,99,1,216,0
8,-3,182,1,216,0
8,4,123,1,216,0
2,8,129,1,216,0
3,-8,133,1,216,0
6,2,146,1,216,0
2,-5,152,1,216,0
-1,4,168,1,216,0
4,-1,195,1,216,0
4,0,201,1,216,0
5,1,208,1,216,0
0,6,211,1,216,0
7,3,214,1,216,0
-2,6,19,1,216,0
7,-1,169,1,216,0
-3,7,41,1,216,0
5,-5,47,1,216,0
1,8,69,1,216,0
-1,-4,78,1,216,0
1,-3,92,1,216,0
6,-8,101,1,216,0
8,-4,125,1,216,0
2,-6,149,1,216,0
5,2,153,1,216,0
8,5,168,1,216,0
4,1,169,1,216,0
6,3,175,1,216,0
3,0,193,1,216,0
7,4,201,1,216,0
4,-2,202,1,216,0
0,7,207,1,216,0
2,-7,29,1,217,0
-3,8,44,1,217,0
7,-2,171,1,217,0
-2,7,52,1,217,0
-4,-4,59,1,217,0
5,-6,74,1,217,0
1,-4,86,1,217,0
-5,0,92,1,217,0
8,-5,121,1,217,0
8,6,142,1,217,0
4,2,161,1,217,0
5,3,176,1,217,0
2,0,176,1,217,0
3,1,184,1,217,0
7,5,192,1,217,0
6,4,194,1,217,0
0,8,199,1,217,0
4,-3,208,1,217,0
-1,-5,208,1,217,0
-1,6,215,1,217,0
-7,3,13,1,217,0
-6,2,21,1,217,0
-7,-4,39,1,217,0
7,-3,184,1,217,0
-1,7,59,1,217,0
-4,0,89,1,217,0
-5,1,99,1,217,0
8,-6,111,1,217,0
5,-7,111,1,217,0
1,-5,158,1,217,0
4,3,168,1,217,0
1,0,169,1,217,0
2,1,179,1,217,0
5,4,185,1,217,0
3,2,189,1,217,0
3,-1,191,1,217,0
8,7,191,1,217,0
-1,-6,202,1,217,0
7,6,204,1,217,0
6,5,207,1,217,0
4,-4,215,1,217,0
-7,4,6,1,217,0
0,0,48,1,217,0
-1,8,58,1,217,0
-3,0,66,1,217,0
-5,2,106,1,217,0
8,-7,107,1,217,0
3,-2,108,1,217,0
5,-8,118,1,217,0
7,-4,191,1,217,0
6,-1,153,1,217,0
4,4,163,1,217,0
1,-6,164,1,217,0
1,1,165,1,217,0
5,5,187,1,217,0
3,3,193,1,217,0
8,8,195,1,217,0
2,2,201,1,217,0
7,7,205,1,217,0
6,6,215,1,217,0
4,-5,216,1,217,0
3,-3,1,1,217,0
-7,5,9,1,217,0
1,-7,23,1,217,0
-4,2,34,1,217,0
4,-6,56,1,217,0
-2,0,59,1,217,0
-3,-4,65,1,217,0
0,-4,84,1,217,0
8,-8,99,1,217,0
-5,3,109,1,217,0
7,-5,197,1,217,0
6,-2,149,1,217,0
3,4,161,1,217,0
0,1,162,1,217,0
-1,-8,185,1,217,0
2,3,194,1,217,0
7,8,197,1,217,0
4,5,199,1,217,0
1,2,203,1,217,0
6,7,216,1,217,0
5,6,216,1,217,0
9,1,3,1,217,0
-7,6,11,1,217,0
1,-8,17,1,217,0
-3,2,39,1,217,0
-6,-4,46,1,217,0
-1,0,54,1,217,0
0,2,59,1,217,0
7,-6,204,1,217,0
-4,3,115,1,217,0
4,-7,129,1,217,0
8,0,163,1,217,0
6,8,139,1,217,0
6,-3,141,1,217,0
2,4,154,1,217,0
5,7,168,1,217,0
2,-1,177,1,217,0
4,6,195,1,217,0
3,5,201,1,217,0
1,3,216,1,217,0
-6,6,19,1,217,0
3,-5,35,1,217,0
5,8,93,1,217,0
7,-7,217,1,217,0
6,-4,106,1,217,0
2,-2,99,1,217,0
1,4,117,1,217,0
-4,4,118,1,217,0
7,0,158,1,217,0
-2,2,145,1,217,0
8,1,149,1,217,0
2,5,149,1,217,0
-1,1,154,1,217,0
4,7,161,1,217,0
5,-1,187,1,217,0
0,-6,197,1,217,0
3,6,208,1,217,0
-5,6,25,1,217,0
8,-1,168,1,217,0
6,-5,54,1,217,0
7,-8,213,1,217,0
2,-3,98,1,217,0
1,5,103,1,217,0
-3,4,126,1,217,0
6,0,133,1,217,0
-2,3,141,1,217,0
3,-6,142,1,217,0
2,6,143,1,217,0
5,-2,146,1,217,0
8,2,149,1,217,0
-1,2,149,1,217,0
4,8,159,1,217,0
0,4,174,1,217,0
0,-7,193,1,217,0
3,7,215,1,217,0
-2,-4,216,1,217,0
7,1,216,1,217,0
-1,3,4,1,217,0
-4,6,31,1,217,0
8,-2,177,1,217,0
1,6,41,1,217,0
-5,-4,53,1,217,0
6,-6,77,1,217,0
5,-3,96,1,217,0
-2,4,134,1,217,0
2,7,136,1,217,0
3,-7,141,1,217,0
7,2,154,1,217,0
0,5,183,1,217,0
0,-8,186,1,217,0
5,0,202,1,217,0
-2,-5,209,1,217,0
6,1,215,1,217,0
8,3,216,1,217,0
3,8,216,1,217,0
-2,5,18,1,217,0
-3,6,34,1,217,0
-8,-4,34,1,217,0
1,7,76,1,217,0
5,-4,98,1,217,0
6,-7,99,1,217,0
8,-3,182,1,217,0
8,4,123,1,217,0
2,8,129,1,217,0
3,-8,133,1,217,0
6,2,146,1,217,0
2,-5,152,1,217,0
-1,4,168,1,217,0
4,-1,195,1,217,0
4,0,201,1,217,0
5,1,208,1,217,0
0,6,211,1,217,0
7,3,214,1,217,0
-2,6,19,1,217,0
7,-1,169,1,217,0
-3,7,41,1,217,0
5,-5,47,1,217,0
1,8,69,1,217,0
-1,-4,78,1,217,0
1,-3,92,1,217,0
6,-8,101,1,217,0
8,-4,125,1,217,0
2,-6,149,1,217,0
5,2,153,1,217,0
8,5,168,1,217,0
4,1,169,1,217,0
6,3,175,1,217,0
3,0,193,1,217,0
7,4,201,1,217,0
4,-2,202,1,217,0
0,7,207,1,217,0
2,-7,29,1,218,0
-3,8,44,1,218,0
7,-2,171,1,218,0
-2,7,52,1,218,0
-4,-4,59,1,218,0
5,-6,74,1,218,0
1,-4,86,1,218,0
-5,0,92,1,218,0
8,-5,121,1,218,0
8,6,142,1,218,0
4,2,161,1,218,0
5,3,176,1,218,0
2,0,176,1,218,0
3,1,184,1,218,0
7,5,192,1,218,0
6,4,194,1,218,0
0,8,199,1,218,0
4,-3,208,1,218,0
-1,-5,208,1,218,0
-1,6,217,1,218,0
-7,3,13,1,218,0
-6,2,21,1,218,0
-7,-4,39,1,218,0
7,-3,184,1,218,0
-1,7,59,1,218,0
-4,0,89,1,218,0
-5,1,99,1,218,0
8,-6,111,1,218,0
5,-7,111,1,218,0
1,-5,158,1,218,0
4,3,168,1,218,0
1,0,169,1,218,0
2,1,179,1,218,0
5,4,185,1,218,0
3,2,189,1,218,0
3,-1,191,1,218,0
8,7,191,1,218,0
-1,-6,202,1,218,0
7,6,204,1,218,0
6,5,207,1,218,0
4,-4,215,1,218,0
-7,4,6,1,218,0
0,0,48,1,218,0
-1,8,58,1,218,0
-3,0,66,1,218,0
-5,2,106,1,218,0
8,-7,107,1,218,0
3,-2,108,1,218,0
5,-8,118,1,218,0
7,-4,191,1,218,0
6,-1,153,1,218,0
4,4,163,1,218,0
1,-6,164,1,218,0
1,1,165,1,218,0
5,5,187,1,218,0
3,3,193,1,218,0
8,8,195,1,218,0
2,2,201,1,218,0
7,7,205,1,218,0
6,6,215,1,218,0
4,-5,217,1,218,0
3,-3,1,1,218,0
-7,5,9,1,218,0
1,-7,23,1,218,0
-4,2,34,1,218,0
4,-6,56,1,218,0
-2,0,59,1,218,0
-3,-4,65,1,218,0
0,-4,84,1,218,0
8,-8,99,1,218,0
-5,3,109,1,218,0
7,-5,197,1,218,0
6,-2,149,1,218,0
3,4,161,1,218,0
0,1,162,1,218,0
-1,-8,185,1,218,0
2,3,194,1,218,0
7,8,197,1,218,0
4,5,199,1,218,0
1,2,203,1,218,0
6,7,217,1,218,0
5,6,217,1,218,0
9,1,3,1,218,0
-7,6,11,1,218,0
1,-8,17,1,218,0
-3,2,39,1,218,0
-6,-4,46,1,218,0
-1,0,54,1,218,0
0,2,59,1,218,0
7,-6,204,1,218,0
-4,3,115,1,218,0
4,-7,129,1,218,0
8,0,163,1,218,0
6,8,139,1,218,0
6,-3,141,1,218,0
2,4,154,1,218,0
5,7,168,1,218,0
2,-1,177,1,218,0
4,6,195,1,218,0
3,5,201,1,218,0
1,3,217,1,218,0
-6,6,19,1,218,0
3,-5,35,1,218,0
5,8,93,1,218,0
7,-7,218,1,218,0
6,-4,106,1,218,0
2,-2,99,1,218,0
1,4,117,1,218,0
-4,4,118,1,218,0
7,0,158,1,218,0
-2,2,145,1,218,0
8,1,149,1,218,0
2,5,149,1,218,0
-1,1,154,1,218,0
4,7,161,1,218,0
5,-1,187,1,218,0
0,-6,197,1,218,0
3,6,208,1,218,0
-5,6,25,1,218,0
8,-1,168,1,218,0
6,-5,54,1,218,0
7,-8,213,1,218,0
2,-3,98,1,218,0
1,5,103,1,218,0
-3,4,126,1,218,0
6,0,133,1,218,0
-2,3,141,1,218,0
3,-6,142,1,218,0
2,6,143,1,218,0
5,-2,146,1,218,0
8,2,149,1,218,0
-1,2,149,1,218,0
4,8,159,1,218,0
0,4,174,1,218,0
0,-7,193,1,218,0
3,7,215,1,218,0
-2,-4,217,1,218,0
7,1,217,1,218,0
-1,3,4,1,218,0
-4,6,31,1,218,0
8,-2,177,1,218,0
1,6,41,1,218,0
-5,-4,53,1,218,0
6,-6,77,1,218,0
5,-3,96,1,218,0
-2,4,134,1,218,0
2,7,136,1,218,0
3,-7,141,1,218,0
7,2,154,1,218,0
0,5,183,1,218,0
0,-8,186,1,218,0
5,0,202,1,218,0
-2,-5,209,1,218,0
6,1,215,1,218,0
8,3,217,1,218,0
3,8,217,1,218,0
-2,5,18,1,218,0
-3,6,34,1,218,0
-8,-4,34,1,218,0
1,7,76,1,218,0
5,-4,98,1,218,0
6,-7,99,1,218,0
8,-3,182,1,218,0
8,4,123,1,218,0
2,8,129,1,218,0
3,-8,133,1,218,0
6,2,146,1,218,0
2,-5,152,1,218,0
-1,4,168,1,218,0
4,-1,195,1,218,0
4,0,201,1,218,0
5,1,208,1,218,0
0,6,211,1,218,0
7,3,214,1,218,0
-2,6,19,1,218,0
7,-1,169,1,218,0
-3,7,41,1,218,0
5,-5,47,1,218,0
1,8,69,1,218,0
-1,-4,78,1,218,0
1,-3,92,1,218,0
6,-8,101,1,218,0
8,-4,125,1,218,0
2,-6,149,1,218,0
5,2,153,1,218,0
8,5,168,1,218,0
4,1,169,1,218,0
6,3,175,1,218,0
3,0,193,1,218,0
7,4,201,1,218,0
4,-2,202,1,218,0
0,7,207,1,218,0
2,-7,29,1,219,0
-3,8,44,1,219,0
7,-2,171,1,219,0
-2,7,52,1,219,0
-4,-4,59,1,219,0
5,-6,74,1,219,0
1,-4,86,1,219,0
-5,0,92,1,219,0
8,-5,121,1,219,0
8,6,142,1,219,0
4,2,161,1,219,0
5,3,176,1,219,0
2,0,176,1,219,0
3,1,184,1,219,0
7,5,192,1,219,0
6,4,194,1,219,0
0,8,199,1,219,0
4,-3,208,1,219,0
-1,-5,208,1,219,0
-1,6,217,1,219,0
-7,3,13,1,219,0
-6,2,21,1,219,0
-7,-4,39,1,219,0
7,-3,184,1,219,0
-1,7,59,1,219,0
-4,0,89,1,219,0
-5,1,99,1,219,0
8,-6,111,1,219,0
5,-7,111,1,219,0
1,-5,158,1,219,0
4,3,168,1,219,0
1,0,169,1,219,0
2,1,179,1,219,0
5,4,185,1,219,0
3,2,189,1,219,0
3,-1,191,1,219,0
8,7,191,1,219,0
-1,-6,202,1,219,0
7,6,204,1,219,0
6,5,207,1,219,0
4,-4,215,1,219,0
-7,4,6,1,219,0
0,0,48,1,219,0
-1,8,58,1,219,0
-3,0,66,1,219,0
-5,2,106,1,219,0
8,-7,107,1,219,0
3,-2,108,1,219,0
5,-8,118,1,219,0
7,-4,191,1,219,0
6,-1,153,1,219,0
4,4,163,1,219,0
1,-6,164,1,219,0
1,1,165,1,219,0
5,5,187,1,219,0
3,3,193,1,219,0
8,8,195,1,219,0
2,2,201,1,219,0
7,7,205,1,219,0
6,6,215,1,219,0
4,-5,218,1,219,0
3,-3,1,1,219,0
-7,5,9,1,219,0
1,-7,23,1,219,0
-4,2,34,1,219,0
4,-6,56,1,219,0
-2,0,59,1,219,0
-3,-4,65,1,219,0
0,-4,84,1,219,0
8,-8,99,1,219,0
-5,3,109,1,219,0
7,-5,197,1,219,0
6,-2,149,1,219,0
3,4,161,1,219,0
0,1,162,1,219,0
-1,-8,185,1,219,0
2,3,194,1,219,0
7,8,197,1,219,0
4,5,199,1,219,0
1,2,203,1,219,0
6,7,218,1,219,0
5,6,218,1,219,0
9,1,3,1,219,0
-7,6,11,1,219,0
1,-8,17,1,219,0
-3,2,39,1,219,0
-6,-4,46,1,219,0
-1,0,54,1,219,0
0,2,59,1,219,0
7,-6,204,1,219,0
-4,3,115,1,219,0
4,-7,129,1,219,0
8,0,163,1,219,0
6,8,139,1,219,0
6,-3,141,1,219,0
2,4,154,1,219,0
5,7,168,1,219,0
2,-1,177,1,219,0
4,6,195,1,219,0
3,5,201,1,219,0
1,3,218,1,219,0
-6,6,19,1,219,0
3,-5,35,1,219,0
5,8,93,1,219,0
7,-7,219,1,219,0
6,-4,106,1,219,0
2,-2,99,1,219,0
1,4,117,1,219,0
-4,4,118,1,219,0
7,0,158,1,219,0
-2,2,145,1,219,0
8,1,149,1,219,0
2,5,149,1,219,0
-1,1,154,1,219,0
4,7,161,1,219,0
5,-1,187,1,219,0
0,-6,197,1,219,0
3,6,208,1,219,0
-2,-3,218,1,219,0
-5,6,25,1,219,0
8,-1,168,1,219,0
6,-5,54,1,219,0
7,-8,213,1,219,0
2,-3,98,1,219,0
1,5,103,1,219,0
-3,4,126,1,219,0
6,0,133,1,219,0
-2,3,141,1,219,0
3,-6,142,1,219,0
2,6,143,1,219,0
5,-2,146,1,219,0
8,2,149,1,219,0
-1,2,149,1,219,0
4,8,159,1,219,0
0,4,174,1,219,0
0,-7,193,1,219,0
3,7,215,1,219,0
-2,-4,217,1,219,0
7,1,218,1,219,0
-1,3,4,1,219,0
-4,6,31,1,219,0
8,-2,177,1,219,0
1,6,41,1,219,0
-5,-4,53,1,219,0
6,-6,77,1,219,0
5,-3,96,1,219,0
-2,4,134,1,219,0
2,7,136,1,219,0
3,-7,141,1,219,0
7,2,154,1,219,0
0,5,183,1,219,0
0,-8,186,1,219,0
5,0,202,1,219,0
-2,-5,209,1,219,0
6,1,215,1,219,0
8,3,217,1,219,0
3,8,218,1,219,0
-2,5,18,1,219,0
-3,6,34,1,219,0
-8,-4,34,1,219,0
1,7,76,1,219,0
5,-4,98,1,219,0
6,-7,99,1,219,0
8,-3,182,1,219,0
8,4,123,1,219,0
2,8,129,1,219,0
3,-8,133,1,219,0
6,2,146,1,219,0
2,-5,152,1,219,0
-1,4,168,1,219,0
4,-1,195,1,219,0
4,0,201,1,219,0
5,1,208,1,219,0
0,6,211,1,219,0
7,3,218,1,219,0
-2,6,19,1,219,0
7,-1,169,1,219,0
-3,7,41,1,219,0
5,-5,47,1,219,0
1,8,69,1,219,0
-1,-4,78,1,219,0
1,-3,92,1,219,0
6,-8,101,1,219,0
8,-4,125,1,219,0
2,-6,149,1,219,0
5,2,153,1,219,0
8,5,168,1,219,0
4,1,169,1,219,0
6,3,175,1,219,0
3,0,193,1,219,0
7,4,201,1,219,0
4,-2,202,1,219,0
0,7,207,1,219,0
2,-7,29,1,220,0
-3,8,44,1,220,0
7,-2,171,1,220,0
-2,7,52,1,220,0
-4,-4,59,1,220,0
5,-6,74,1,220,0
1,-4,86,1,220,0
-5,0,92,1,220,0
8,-5,121,1,220,0
8,6,142,1,220,0
4,2,161,1,220,0
5,3,176,1,220,0
2,0,176,1,220,0
3,1,184,1,220,0
7,5,192,1,220,0
6,4,194,1,220,0
0,8,199,1,220,0
4,-3,208,1,220,0
-1,-5,208,1,220,0
-1,6,217,1,220,0
-7,3,13,1,220,0
-6,2,21,1,220,0
-7,-4,39,1,220,0
7,-3,184,1,220,0
-1,7,59,1,220,0
-4,0,89,1,220,0
-5,1,99,1,220,0
8,-6,111,1,220,0
5,-7,111,1,220,0
1,-5,158,1,220,0
4,3,168,1,220,0
1,0,169,1,220,0
2,1,179,1,220,0
5,4,185,1,220,0
3,2,189,1,220,0
3,-1,191,1,220,0
8,7,191,1,220,0
-1,-6,202,1,220,0
7,6,204,1,220,0
6,5,207,1,220,0
4,-4,215,1,220,0
-7,4,6,1,220,0
0,0,48,1,220,0
-1,8,58,1,220,0
-3,0,66,1,220,0
-5,2,106,1,220,0
8,-7,107,1,220,0
3,-2,108,1,220,0
5,-8,118,1,220,0
7,-4,191,1,220,0
6,-1,153,1,220,0
4,4,163,1,220,0
1,-6,164,1,220,0
1,1,165,1,220,0
5,5,187,1,220,0
3,3,193,1,220,0
8,8,195,1,220,0
2,2,201,1,220,0
7,7,205,1,220,0
6,6,215,1,220,0
4,-5,219,1,220,0
3,-3,1,1,220,0
-7,5,9,1,220,0
1,-7,23,1,220,0
-4,2,34,1,220,0
4,-6,56,1,220,0
-2,0,59,1,220,0
-3,-4,65,1,220,0
0,-4,84,1,220,0
8,-8,99,1,220,0
-5,3,109,1,220,0
7,-5,197,1,220,0
6,-2,149,1,220,0
3,4,161,1,220,0
0,1,162,1,220,0
-1,-8,185,1,220,0
2,3,194,1,220,0
7,8,197,1,220,0
4,5,199,1,220,0
1,2,203,1,220,0
6,7,218,1,220,0
5,6,219,1,220,0
9,1,3,1,220,0
-7,6,11,1,220,0
1,-8,17,1,220,0
-3,2,39,1,220,0
-6,-4,46,1,220,0
-1,0,54,1,220,0
0,2,59,1,220,0
7,-6,204,1,220,0
-4,3,115,1,220,0
4,-7,129,1,220,0
8,0,163,1,220,0
6,-3,141,1,220,0
2,4,154,1,220,0
5,7,168,1,220,0
2,-1,177,1,220,0
4,6,195,1,220,0
3,5,201,1,220,0
6,8,219,1,220,0
1,3,219,1,220,0
-6,6,19,1,220,0
3,-5,35,1,220,0
5,8,93,1,220,0
7,-7,219,1,220,0
6,-4,106,1,220,0
2,-2,99,1,220,0
1,4,117,1,220,0
-4,4,118,1,220,0
7,0,158,1,220,0
-2,2,145,1,220,0
8,1,149,1,220,0
2,5,149,1,220,0
-1,1,154,1,220,0
4,7,161,1,220,0
5,-1,187,1,220,0
0,-6,197,1,220,0
3,6,208,1,220,0
-2,-3,219,1,220,0
-5,6,25,1,220,0
8,-1,168,1,220,0
6,-5,54,1,220,0
7,-8,213,1,220,0
2,-3,98,1,220,0
1,5,103,1,220,0
-3,4,126,1,220,0
6,0,133,1,220,0
-2,3,141,1,220,0
3,-6,142,1,220,0
2,6,143,1,220,0
5,-2,146,1,220,0
8,2,149,1,220,0
-1,2,149,1,220,0
4,8,159,1,220,0
0,4,174,1,220,0
0,-7,193,1,220,0
3,7,215,1,220,0
-2,-4,217,1,220,0
7,1,219,1,220,0
-1,3,4,1,220,0
-4,6,31,1,220,0
8,-2,177,1,220,0
1,6,41,1,220,0
-5,-4,53,1,220,0
6,-6,77,1,220,0
5,-3,96,1,220,0
-2,4,134,1,220,0
2,7,136,1,220,0
3,-7,141,1,220,0
7,2,154,1,220,0
0,5,183,1,220,0
0,-8,186,1,220,0
5,0,202,1,220,0
-2,-5,209,1,220,0
6,1,215,1,220,0
8,3,217,1,220,0
3,8,219,1,220,0
-2,5,18,1,220,0
-3,6,34,1,220,0
-8,-4,34,1,220,0
1,7,76,1,220,0
5,-4,98,1,220,0
6,-7,99,1,220,0
8,-3,182,1,220,0
8,4,123,1,220,0
2,8,129,1,220,0
3,-8,133,1,220,0
6,2,146,1,220,0
2,-5,152,1,220,0
-1,4,168,1,220,0
4,-1,195,1,220,0
4,0,201,1,220,0
5,1,208,1,220,0
0,6,211,1,220,0
7,3,218,1,220,0
-2,6,19,1,220,0
7,-1,169,1,220,0
-3,7,41,1,220,0
5,-5,47,1,220,0
1,8,69,1,220,0
-1,-4,78,1,220,0
1,-3,92,1,220,0
6,-8,101,1,220,0
8,-4,125,1,220,0
2,-6,149,1,220,0
5,2,153,1,220,0
8,5,168,1,220,0
4,1,169,1,220,0
6,3,175,1,220,0
3,0,193,1,220,0
7,4,201,1,220,0
4,-2,202,1,220,0
0,7,207,1,220,0
-1,5,218,1,220,0
2,-7,29,1,221,0
-3,8,44,1,221,0
7,-2,171,1,221,0
-2,7,52,1,221,0
-4,-4,59,1,221,0
5,-6,74,1,221,0
1,-4,86,1,221,0
-5,0,92,1,221,0
8,-5,121,1,221,0
8,6,142,1,221,0
4,2,161,1,221,0
5,3,176,1,221,0
2,0,176,1,221,0
3,1,184,1,221,0
7,5,192,1,221,0
6,4,194,1,221,0
0,8,199,1,221,0
4,-3,208,1,221,0
-1,-5,208,1,221,0
-1,6,217,1,221,0
-7,3,13,1,221,0
-6,2,21,1,221,0
-7,-4,39,1,221,0
7,-3,184,1,221,0
-1,7,59,1,221,0
-4,0,89,1,221,0
-5,1,99,1,221,0
8,-6,111,1,221,0
5,-7,111,1,221,0
1,-5,158,1,221,0
4,3,168,1,221,0
1,0,169,1,221,0
2,1,179,1,221,0
5,4,185,1,221,0
3,2,189,1,221,0
3,-1,191,1,221,0
8,7,191,1,221,0
-1,-6,202,1,221,0
7,6,204,1,221,0
6,5,207,1,221,0
4,-4,215,1,221,0
-7,4,6,1,221,0
0,0,48,1,221,0
-1,8,58,1,221,0
-3,0,66,1,221,0
-5,2,106,1,221,0
8,-7,107,1,221,0
3,-2,108,1,221,0
5,-8,118,1,221,0
7,-4,191,1,221,0
6,-1,153,1,221,0
4,4,163,1,221,0
1,-6,164,1,221,0
1,1,165,1,221,0
5,5,187,1,221,0
3,3,193,1,221,0
8,8,195,1,221,0
2,2,201,1,221,0
7,7,205,1,221,0
6,6,215,1,221,0
4,-5,219,1,221,0
3,-3,1,1,221,0
-7,5,9,1,221,0
1,-7,23,1,221,0
-4,2,34,1,221,0
4,-6,56,1,221,0
-2,0,59,1,221,0
-3,-4,65,1,221,0
0,-4,84,1,221,0
8,-8,99,1,221,0
-5,3,109,1,221,0
7,-5,197,1,221,0
6,-2,149,1,221,0
3,4,161,1,221,0
0,1,162,1,221,0
-1,-8,185,1,221,0
2,3,194,1,221,0
7,8,197,1,221,0
4,5,199,1,221,0
1,2,203,1,221,0
6,7,218,1,221,0
5,6,219,1,221,0
9,1,3,1,221,0
-7,6,11,1,221,0
1,-8,17,1,221,0
-3,2,39,1,221,0
-6,-4,46,1,221,0
-1,0,54,1,221,0
0,2,59,1,221,0
7,-6,204,1,221,0
-4,3,115,1,221,0
4,-7,129,1,221,0
8,0,163,1,221,0
6,-3,141,1,221,0
2,4,154,1,221,0
5,7,168,1,221,0
2,-1,177,1,221,0
4,6,195,1,221,0
3,5,201,1,221,0
6,8,219,1,221,0
1,3,219,1,221,0
-6,6,19,1,221,0
3,-5,35,1,221,0
5,8,93,1,221,0
7,-7,221,1,221,0
6,-4,106,1,221,0
2,-2,99,1,221,0
1,4,117,1,221,0
-4,4,118,1,221,0
7,0,158,1,221,0
-2,2,145,1,221,0
8,1,149,1,221,0
2,5,149,1,221,0
-1,1,154,1,221,0
4,7,161,1,221,0
5,-1,187,1,221,0
0,-6,197,1,221,0
3,6,208,1,221,0
-2,-3,219,1,221,0
-5,6,25,1,221,0
8,-1,168,1,221,0
6,-5,54,1,221,0
7,-8,213,1,221,0
2,-3,98,1,221,0
1,5,103,1,221,0
-3,4,126,1,221,0
6,0,133,1,221,0
-2,3,141,1,221,0
3,-6,142,1,221,0
2,6,143,1,221,0
5,-2,146,1,221,0
8,2,149,1,221,0
-1,2,149,1,221,0
4,8,159,1,221,0
0,4,174,1,221,0
0,-7,193,1,221,0
3,7,215,1,221,0
-2,-4,217,1,221,0
7,1,219,1,221,0
-1,3,4,1,221,0
-4,6,31,1,221,0
8,-2,177,1,221,0
1,6,41,1,221,0
-5,-4,53,1,221,0
6,-6,77,1,221,0
5,-3,96,1,221,0
-2,4,134,1,221,0
2,7,136,1,221,0
3,-7,141,1,221,0
7,2,154,1,221,0
0,5,183,1,221,0
0,-8,186,1,221,0
5,0,202,1,221,0
-2,-5,209,1,221,0
6,1,215,1,221,0
8,3,217,1,221,0
3,8,219,1,221,0
-2,5,18,1,221,0
-3,6,34,1,221,0
-8,-4,34,1,221,0
1,7,76,1,221,0
5,-4,98,1,221,0
6,-7,99,1,221,0
8,-3,182,1,221,0
8,4,123,1,221,0
2,8,129,1,221,0
3,-8,133,1,221,0
6,2,146,1,221,0
2,-5,152,1,221,0
-1,4,168,1,221,0
4,-1,195,1,221,0
4,0,201,1,221,0
5,1,208,1,221,0
0,6,211,1,221,0
7,3,219,1,221,0
-2,6,19,1,221,0
7,-1,169,1,221,0
-3,7,41,1,221,0
5,-5,47,1,221,0
1,8,69,1,221,0
-1,-4,78,1,221,0
1,-3,92,1,221,0
6,-8,101,1,221,0
8,-4,125,1,221,0
2,-6,149,1,221,0
5,2,153,1,221,0
8,5,168,1,221,0
4,1,169,1,221,0
6,3,175,1,221,0
3,0,193,1,221,0
7,4,201,1,221,0
4,-2,202,1,221,0
0,7,207,1,221,0
-1,5,219,1,221,0
2,-7,29,1,222,0
-3,8,44,1,222,0
7,-2,171,1,222,0
-2,7,52,1,222,0
-4,-4,59,1,222,0
5,-6,74,1,222,0
1,-4,86,1,222,0
-5,0,92,1,222,0
8,-5,121,1,222,0
8,6,142,1,222,0
4,2,161,1,222,0
5,3,176,1,222,0
2,0,176,1,222,0
3,1,184,1,222,0
7,5,192,1,222,0
6,4,194,1,222,0
0,8,199,1,222,0
4,-3,208,1,222,0
-1,-5,208,1,222,0
-1,6,217,1,222,0
-7,3,13,1,222,0
-6,2,21,1,222,0
-7,-4,39,1,222,0
7,-3,184,1,222,0
-1,7,59,1,222,0
-4,0,89,1,222,0
-5,1,99,1,222,0
8,-6,111,1,222,0
5,-7,111,1,222,0
1,-5,158,1,222,0
4,3,168,1,222,0
1,0,169,1,222,0
2,1,179,1,222,0
5,4,185,1,222,0
3,2,189,1,222,0
3,-1,191,1,222,0
8,7,191,1,222,0
-1,-6,202,1,222,0
7,6,204,1,222,0
6,5,207,1,222,0
4,-4,215,1,222,0
-7,4,6,1,222,0
0,0,48,1,222,0
-1,8,58,1,222,0
-3,0,66,1,222,0
-5,2,106,1,222,0
8,-7,107,1,222,0
3,-2,108,1,222,0
5,-8,118,1,222,0
7,-4,191,1,222,0
6,-1,153,1,222,0
4,4,163,1,222,0
1,-6,164,1,222,0
1,1,165,1,222,0
5,5,187,1,222,0
3,3,193,1,222,0
8,8,195,1,222,0
2,2,201,1,222,0
7,7,205,1,222,0
6,6,215,1,222,0
4,-5,221,1,222,0
3,-3,1,1,222,0
-7,5,9,1,222,0
1,-7,23,1,222,0
-4,2,34,1,222,0
4,-6,56,1,222,0
-2,0,59,1,222,0
-3,-4,65,1,222,0
0,-4,84,1,222,0
8,-8,99,1,222,0
-5,3,109,1,222,0
7,-5,197,1,222,0
6,-2,149,1,222,0
3,4,161,1,222,0
0,1,162,1,222,0
-1,-8,185,1,222,0
2,3,194,1,222,0
7,8,197,1,222,0
4,5,199,1,222,0
1,2,203,1,222,0
6,7,218,1,222,0
5,6,221,1,222,0
9,1,3,1,222,0
-7,6,11,1,222,0
1,-8,17,1,222,0
-3,2,39,1,222,0
-6,-4,46,1,222,0
-1,0,54,1,222,0
0,2,59,1,222,0
7,-6,222,1,222,0
-4,3,115,1,222,0
4,-7,129,1,222,0
8,0,163,1,222,0
6,-3,141,1,222,0
2,4,154,1,222,0
5,7,168,1,222,0
2,-1,177,1,222,0
4,6,195,1,222,0
3,5,201,1,222,0
6,8,221,1,222,0
1,3,221,1,222,0
-6,6,19,1,222,0
3,-5,35,1,222,0
5,8,93,1,222,0
7,-7,221,1,222,0
6,-4,106,1,222,0
2,-2,99,1,222,0
1,4,117,1,222,0
-4,4,118,1,222,0
7,0,158,1,222,0
-2,2,145,1,222,0
8,1,149,1,222,0
2,5,149,1,222,0
-1,1,154,1,222,0
4,7,161,1,222,0
5,-1,187,1,222,0
0,-6,197,1,222,0
3,6,208,1,222,0
-2,-3,219,1,222,0
-5,6,25,1,222,0
8,-1,168,1,222,0
6,-5,54,1,222,0
7,-8,213,1,222,0
2,-3,98,1,222,0
1,5,103,1,222,0
-3,4,126,1,222,0
6,0,133,1,222,0
-2,3,141,1,222,0
3,-6,142,1,222,0
2,6,143,1,222,0
5,-2,146,1,222,0
8,2,149,1,222,0
-1,2,149,1,222,0
4,8,159,1,222,0
0,4,174,1,222,0
0,-7,193,1,222,0
-2,-4,217,1,222,0
3,7,221,1,222,0
7,1,221,1,222,0
-1,3,4,1,222,0
-4,6,31,1,222,0
8,-2,177,1,222,0
1,6,41,1,222,0
-5,-4,53,1,222,0
6,-6,77,1,222,0
5,-3,96,1,222,0
-2,4,134,1,222,0
2,7,136,1,222,0
3,-7,141,1,222,0
7,2,154,1,222,0
0,5,183,1,222,0
0,-8,186,1,222,0
5,0,202,1,222,0
-2,-5,209,1,222,0
6,1,215,1,222,0
8,3,217,1,222,0
3,8,219,1,222,0
-2,5,18,1,222,0
-3,6,34,1,222,0
-8,-4,34,1,222,0
1,7,76,1,222,0
5,-4,98,1,222,0
6,-7,99,1,222,0
8,-3,182,1,222,0
8,4,123,1,222,0
2,8,129,1,222,0
3,-8,133,1,222,0
6,2,146,1,222,0
2,-5,152,1,222,0
-1,4,168,1,222,0
4,-1,195,1,222,0
4,0,201,1,222,0
5,1,208,1,222,0
0,6,211,1,222,0
7,3,221,1,222,0
-1,-3,221,1,222,0
-2,6,19,1,222,0
7,-1,169,1,222,0
-3,7,41,1,222,0
5,-5,47,1,222,0
1,8,69,1,222,0
-1,-4,78,1,222,0
1,-3,92,1,222,0
6,-8,101,1,222,0
8,-4,125,1,222,0
2,-6,149,1,222,0
5,2,153,1,222,0
8,5,168,1,222,0
4,1,169,1,222,0
6,3,175,1,222,0
3,0,193,1,222,0
7,4,201,1,222,0
4,-2,202,1,222,0
0,7,207,1,222,0
-1,5,219,1,222,0
2,-7,29,1,223,0
-3,8,44,1,223,0
7,-2,171,1,223,0
-2,7,52,1,223,0
-4,-4,59,1,223,0
5,-6,74,1,223,0
1,-4,86,1,223,0
-5,0,92,1,223,0
8,-5,121,1,223,0
8,6,142,1,223,0
4,2,161,1,223,0
5,3,176,1,223,0
2,0,176,1,223,0
3,1,184,1,223,0
7,5,192,1,223,0
6,4,194,1,223,0
0,8,199,1,223,0
4,-3,208,1,223,0
-1,-5,208,1,223,0
-1,6,217,1,223,0
-7,3,13,1,223,0
-6,2,21,1,223,0
-7,-4,39,1,223,0
7,-3,184,1,223,0
-1,7,59,1,223,0
-4,0,89,1,223,0
-5,1,99,1,223,0
8,-6,111,1,223,0
5,-7,111,1,223,0
1,-5,158,1,223,0
4,3,168,1,223,0
1,0,169,1,223,0
2,1,179,1,223,0
5,4,185,1,223,0
3,2,189,1,223,0
3,-1,191,1,223,0
8,7,191,1,223,0
-1,-6,202,1,223,0
7,6,204,1,223,0
6,5,207,1,223,0
4,-4,215,1,223,0
-7,4,6,1,223,0
0,0,48,1,223,0
-1,8,58,1,223,0
-3,0,66,1,223,0
-5,2,106,1,223,0
8,-7,107,1,223,0
3,-2,108,1,223,0
5,-8,118,1,223,0
7,-4,191,1,223,0
6,-1,153,1,223,0
4,4,163,1,223,0
1,-6,164,1,223,0
1,1,165,1,223,0
5,5,187,1,223,0
3,3,193,1,223,0
8,8,195,1,223,0
2,2,201,1,223,0
7,7,205,1,223,0
6,6,215,1,223,0
4,-5,221,1,223,0
3,-3,1,1,223,0
-7,5,9,1,223,0
1,-7,23,1,223,0
-4,2,34,1,223,0
-2,0,59,1,223,0
-3,-4,65,1,223,0
0,-4,84,1,223,0
8,-8,99,1,223,0
-5,3,109,1,223,0
7,-5,197,1,223,0
6,-2,149,1,223,0
3,4,161,1,223,0
0,1,162,1,223,0
-1,-8,185,1,223,0
2,3,194,1,223,0
7,8,197,1,223,0
4,5,199,1,223,0
1,2,203,1,223,0
6,7,218,1,223,0
4,-6,222,1,223,0
5,6,222,1,223,0
9,1,3,1,223,0
-7,6,11,1,223,0
1,-8,17,1,223,0
-3,2,39,1,223,0
-6,-4,46,1,223,0
-1,0,54,1,223,0
0,2,59,1,223,0
7,-6,222,1,223,0
-4,3,115,1,223,0
4,-7,129,1,223,0
8,0,163,1,223,0
6,-3,141,1,223,0
2,4,154,1,223,0
5,7,168,1,223,0
2,-1,177,1,223,0
4,6,195,1,223,0
3,5,201,1,223,0
6,8,222,1,223,0
1,3,222,1,223,0
-6,6,19,1,223,0
3,-5,35,1,223,0
5,8,93,1,223,0
7,-7,221,1,223,0
6,-4,106,1,223,0
2,-2,99,1,223,0
1,4,117,1,223,0
-4,4,118,1,223,0
7,0,158,1,223,0
-2,2,145,1,223,0
2,5,149,1,223,0
-1,1,154,1,223,0
4,7,161,1,223,0
5,-1,187,1,223,0
0,-6,197,1,223,0
3,6,208,1,223,0
-2,-3,219,1,223,0
8,1,222,1,223,0
-5,6,25,1,223,0
8,-1,168,1,223,0
6,-5,54,1,223,0
7,-8,213,1,223,0
2,-3,98,1,223,0
1,5,103,1,223,0
-3,4,126,1,223,0
6,0,133,1,223,0
-2,3,141,1,223,0
3,-6,142,1,223,0
2,6,143,1,223,0
5,-2,146,1,223,0
8,2,149,1,223,0
-1,2,149,1,223,0
4,8,159,1,223,0
0,4,174,1,223,0
0,-7,193,1,223,0
-2,-4,217,1,223,0
7,1,221,1,223,0
3,7,222,1,223,0
-1,3,4,1,223,0
-4,6,31,1,223,0
8,-2,177,1,223,0
1,6,41,1,223,0
-5,-4,53,1,223,0
6,-6,223,1,223,0
5,-3,96,1,223,0
-2,4,134,1,223,0
2,7,136,1,223,0
3,-7,141,1,223,0
7,2,154,1,223,0
0,5,183,1,223,0
0,-8,186,1,223,0
5,0,202,1,223,0
-2,-5,209,1,223,0
6,1,215,1,223,0
3,8,219,1,223,0
8,3,222,1,223,0
-3,6,34,1,223,0
-8,-4,34,1,223,0
1,7,76,1,223,0
5,-4,98,1,223,0
6,-7,99,1,223,0
8,-3,182,1,223,0
8,4,123,1,223,0
2,8,129,1,223,0
3,-8,133,1,223,0
6,2,146,1,223,0
2,-5,152,1,223,0
-1,4,168,1,223,0
4,-1,195,1,223,0
4,0,201,1,223,0
5,1,208,1,223,0
0,6,211,1,223,0
7,3,221,1,223,0
-2,5,221,1,223,0
-1,-3,222,1,223,0
-2,6,19,1,223,0
7,-1,169,1,223,0
-3,7,41,1,223,0
5,-5,47,1,223,0
1,8,69,1,223,0
-1,-4,78,1,223,0
1,-3,92,1,223,0
6,-8,101,1,223,0
8,-4,125,1,223,0
2,-6,149,1,223,0
5,2,153,1,223,0
8,5,168,1,223,0
4,1,169,1,223,0
6,3,175,1,223,0
3,0,193,1,223,0
7,4,201,1,223,0
4,-2,202,1,223,0
0,7,207,1,223,0
-1,5,219,1,223,0
2,-7,29,1,224,0
-3,8,44,1,224,0
7,-2,171,1,224,0
-2,7,52,1,224,0
-4,-4,59,1,224,0
5,-6,74,1,224,0
1,-4,86,1,224,0
-5,0,92,1,224,0
8,-5,121,1,224,0
8,6,142,1,224,0
4,2,161,1,224,0
5,3,176,1,224,0
2,0,176,1,224,0
3,1,184,1,224,0
7,5,192,1,224,0
6,4,194,1,224,0
0,8,199,1,224,0
4,-3,208,1,224,0
-1,-5,208,1,224,0
-1,6,217,1,224,0
-7,3,13,1,224,0
-6,2,21,1,224,0
-7,-4,39,1,224,0
7,-3,184,1,224,0
-1,7,59,1,224,0
-4,0,89,1,224,0
-5,1,99,1,224,0
8,-6,111,1,224,0
5,-7,111,1,224,0
1,-5,158,1,224,0
4,3,168,1,224,0
1,0,169,1,224,0
2,1,179,1,224,0
5,4,185,1,224,0
3,2,189,1,224,0
3,-1,191,1,224,0
8,7,191,1,224,0
-1,-6,202,1,224,0
7,6,204,1,224,0
6,5,207,1,224,0
4,-4,215,1,224,0
-7,4,6,1,224,0
0,0,48,1,224,0
-1,8,58,1,224,0
-3,0,66,1,224,0
-5,2,106,1,224,0
8,-7,107,1,224,0
3,-2,108,1,224,0
5,-8,118,1,224,0
7,-4,191,1,224,0
6,-1,153,1,224,0
4,4,163,1,224,0
1,-6,164,1,224,0
1,1,165,1,224,0
5,5,187,1,224,0
3,3,193,1,224,0
8,8,195,1,224,0
2,2,201,1,224,0
7,7,205,1,224,0
6,6,215,1,224,0
4,-5,221,1,224,0
3,-3,1,1,224,0
-7,5,9,1,224,0
1,-7,23,1,224,0
-4,2,34,1,224,0
-2,0,59,1,224,0
-3,-4,65,1,224,0
0,-4,84,1,224,0
8,-8,99,1,224,0
-5,3,109,1,224,0
7,-5,197,1,224,0
6,-2,149,1,224,0
3,4,161,1,224,0
0,1,162,1,224,0
-1,-8,185,1,224,0
2,3,194,1,224,0
7,8,197,1,224,0
4,5,199,1,224,0
1,2,203,1,224,0
6,7,218,1,224,0
4,-6,223,1,224,0
5,6,223,1,224,0
9,1,3,1,224,0
-7,6,11,1,224,0
1,-8,17,1,224,0
-3,2,39,1,224,0
-6,-4,46,1,224,0
-1,0,54,1,224,0
0,2,59,1,224,0
7,-6,222,1,224,0
-4,3,115,1,224,0
4,-7,129,1,224,0
8,0,163,1,224,0
6,-3,141,1,224,0
2,4,154,1,224,0
5,7,168,1,224,0
2,-1,177,1,224,0
4,6,195,1,224,0
3,5,201,1,224,0
6,8,223,1,224,0
1,3,223,1,224,0
-6,6,19,1,224,0
3,-5,35,1,224,0
5,8,93,1,224,0
7,-7,221,1,224,0
6,-4,106,1,224,0
2,-2,99,1,224,0
1,4,117,1,224,0
-4,4,118,1,224,0
7,0,158,1,224,0
-2,2,145,1,224,0
2,5,149,1,224,0
-1,1,154,1,224,0
4,7,161,1,224,0
5,-1,187,1,224,0
0,-6,197,1,224,0
3,6,208,1,224,0
-2,-3,219,1,224,0
8,1,223,1,224,0
-5,6,25,1,224,0
8,-1,168,1,224,0
6,-5,54,1,224,0
7,-8,213,1,224,0
2,-3,98,1,224,0
1,5,103,1,224,0
-3,4,126,1,224,0
6,0,133,1,224,0
-2,3,141,1,224,0
3,-6,142,1,224,0
2,6,143,1,224,0
5,-2,146,1,224,0
8,2,149,1,224,0
-1,2,149,1,224,0
4,8,159,1,224,0
0,4,174,1,224,0
0,-7,193,1,224,0
-2,-4,217,1,224,0
7,1,221,1,224,0
3,7,223,1,224,0
-1,3,4,1,224,0
-4,6,31,1,224,0
8,-2,177,1,224,0
1,6,41,1,224,0
-5,-4,53,1,224,0
6,-6,224,1,224,0
5,-3,96,1,224,0
-2,4,134,1,224,0
2,7,136,1,224,0
3,-7,141,1,224,0
7,2,154,1,224,0
0,5,183,1,224,0
0,-8,186,1,224,0
5,0,202,1,224,0
-2,-5,209,1,224,0
6,1,215,1,224,0
3,8,219,1,224,0
8,3,223,1,224,0
-3,6,34,1,224,0
-8,-4,34,1,224,0
1,7,76,1,224,0
5,-4,98,1,224,0
6,-7,99,1,224,0
8,-3,182,1,224,0
8,4,123,1,224,0
2,8,129,1,224,0
3,-8,133,1,224,0
6,2,146,1,224,0
2,-5,152,1,224,0
-1,4,168,1,224,0
4,-1,195,1,224,0
4,0,201,1,224,0
5,1,208,1,224,0
0,6,211,1,224,0
7,3,221,1,224,0
-2,5,222,1,224,0
-1,-3,223,1,224,0
-2,6,19,1,224,0
7,-1,169,1,224,0
-3,7,41,1,224,0
5,-5,47,1,224,0
1,8,69,1,224,0
-1,-4,78,1,224,0
1,-3,92,1,224,0
6,-8,101,1,224,0
8,-4,125,1,224,0
2,-6,149,1,224,0
5,2,153,1,224,0
8,5,168,1,224,0
4,1,169,1,224,0
6,3,175,1,224,0
3,0,193,1,224,0
7,4,201,1,224,0
4,-2,202,1,224,0
0,7,207,1,224,0
-1,5,219,1,224,0
2,-7,29,1,225,0
-3,8,44,1,225,0
7,-2,171,1,225,0
-2,7,52,1,225,0
-4,-4,59,1,225,0
5,-6,74,1,225,0
1,-4,86,1,225,0
-5,0,92,1,225,0
8,-5,121,1,225,0
8,6,142,1,225,0
4,2,161,1,225,0
5,3,176,1,225,0
2,0,176,1,225,0
3,1,184,1,225,0
7,5,192,1,225,0
6,4,194,1,225,0
0,8,199,1,225,0
4,-3,208,1,225,0
-1,-5,208,1,225,0
-1,6,217,1,225,0
-7,3,13,1,225,0
-6,2,21,1,225,0
-7,-4,39,1,225,0
7,-3,184,1,225,0
-1,7,59,1,225,0
-4,0,89,1,225,0
-5,1,99,1,225,0
8,-6,111,1,225,0
5,-7,111,1,225,0
1,-5,158,1,225,0
4,3,168,1,225,0
1,0,169,1,225,0
2,1,179,1,225,0
5,4,185,1,225,0
3,2,189,1,225,0
3,-1,191,1,225,0
8,7,191,1,225,0
-1,-6,202,1,225,0
7,6,204,1,225,0
6,5,207,1,225,0
4,-4,215,1,225,0
-7,4,6,1,225,0
0,0,48,1,225,0
-1,8,58,1,225,0
-3,0,66,1,225,0
-5,2,106,1,225,0
8,-7,107,1,225,0
3,-2,108,1,225,0
5,-8,118,1,225,0
7,-4,191,1,225,0
6,-1,153,1,225,0
4,4,163,1,225,0
1,-6,164,1,225,0
1,1,165,1,225,0
5,5,187,1,225,0
3,3,193,1,225,0
8,8,195,1,225,0
2,2,201,1,225,0
7,7,205,1,225,0
6,6,215,1,225,0
4,-5,221,1,225,0
3,-3,1,1,225,0
-7,5,9,1,225,0
1,-7,23,1,225,0
-4,2,34,1,225,0
-2,0,59,1,225,0
-3,-4,65,1,225,0
0,-4,84,1,225,0
8,-8,99,1,225,0
-5,3,109,1,225,0
7,-5,197,1,225,0
6,-2,149,1,225,0
3,4,161,1,225,0
0,1,162,1,225,0
-1,-8,185,1,225,0
2,3,194,1,225,0
7,8,197,1,225,0
4,5,199,1,225,0
1,2,203,1,225,0
5,6,223,1,225,0
6,7,224,1,225,0
4,-6,224,1,225,0
9,1,3,1,225,0
-7,6,11,1,225,0
1,-8,17,1,225,0
-3,2,39,1,225,0
-6,-4,46,1,225,0
-1,0,54,1,225,0
0,2,59,1,225,0
7,-6,222,1,225,0
-4,3,115,1,225,0
4,-7,129,1,225,0
8,0,163,1,225,0
6,-3,141,1,225,0
2,4,154,1,225,0
2,-1,177,1,225,0
4,6,195,1,225,0
3,5,201,1,225,0
6,8,223,1,225,0
5,7,224,1,225,0
1,3,224,1,225,0
-6,6,19,1,225,0
3,-5,35,1,225,0
5,8,93,1,225,0
7,-7,221,1,225,0
6,-4,106,1,225,0
2,-2,99,1,225,0
1,4,117,1,225,0
-4,4,118,1,225,0
7,0,158,1,225,0
-2,2,145,1,225,0
2,5,149,1,225,0
-1,1,154,1,225,0
4,7,161,1,225,0
5,-1,187,1,225,0
0,-6,197,1,225,0
3,6,208,1,225,0
-2,-3,219,1,225,0
8,1,224,1,225,0
-5,6,25,1,225,0
8,-1,168,1,225,0
6,-5,54,1,225,0
7,-8,213,1,225,0
2,-3,98,1,225,0
1,5,103,1,225,0
-3,4,126,1,225,0
6,0,133,1,225,0
-2,3,141,1,225,0
3,-6,142,1,225,0
2,6,143,1,225,0
5,-2,146,1,225,0
8,2,149,1,225,0
-1,2,149,1,225,0
4,8,159,1,225,0
0,4,174,1,225,0
0,-7,193,1,225,0
-2,-4,217,1,225,0
7,1,221,1,225,0
3,7,224,1,225,0
-1,3,4,1,225,0
-4,6,31,1,225,0
8,-2,177,1,225,0
1,6,41,1,225,0
-5,-4,53,1,225,0
6,-6,225,1,225,0
5,-3,96,1,225,0
-2,4,134,1,225,0
2,7,136,1,225,0
3,-7,141,1,225,0
7,2,154,1,225,0
0,5,183,1,225,0
0,-8,186,1,225,0
5,0,202,1,225,0
-2,-5,209,1,225,0
6,1,215,1,225,0
3,8,219,1,225,0
8,3,223,1,225,0
-3,6,34,1,225,0
-8,-4,34,1,225,0
1,7,76,1,225,0
5,-4,98,1,225,0
6,-7,99,1,225,0
8,-3,182,1,225,0
8,4,123,1,225,0
2,8,129,1,225,0
3,-8,133,1,225,0
6,2,146,1,225,0
2,-5,152,1,225,0
-1,4,168,1,225,0
4,-1,195,1,225,0
4,0,201,1,225,0
5,1,208,1,225,0
0,6,211,1,225,0
7,3,224,1,225,0
-2,5,223,1,225,0
-1,-3,224,1,225,0
-2,6,19,1,225,0
7,-1,169,1,225,0
-3,7,41,1,225,0
5,-5,47,1,225,0
1,8,69,1,225,0
-1,-4,78,1,225,0
1,-3,92,1,225,0
6,-8,101,1,225,0
8,-4,125,1,225,0
2,-6,149,1,225,0
5,2,153,1,225,0
8,5,168,1,225,0
4,1,169,1,225,0
6,3,175,1,225,0
3,0,193,1,225,0
7,4,201,1,225,0
4,-2,202,1,225,0
0,7,207,1,225,0
-1,5,219,1,225,0
2,-7,29,1,226,0
-3,8,44,1,226,0
7,-2,171,1,226,0
-2,7,52,1,226,0
-4,-4,59,1,226,0
5,-6,74,1,226,0
1,-4,86,1,226,0
-5,0,92,1,226,0
8,-5,121,1,226,0
8,6,142,1,226,0
4,2,161,1,226,0
5,3,176,1,226,0
2,0,176,1,226,0
3,1,184,1,226,0
7,5,192,1,226,0
6,4,194,1,226,0
0,8,199,1,226,0
4,-3,208,1,226,0
-1,-5,208,1,226,0
-1,6,217,1,226,0
-7,3,13,1,226,0
-6,2,21,1,226,0
-7,-4,39,1,226,0
7,-3,184,1,226,0
-1,7,59,1,226,0
-4,0,89,1,226,0
-5,1,99,1,226,0
8,-6,111,1,226,0
5,-7,111,1,226,0
1,-5,158,1,226,0
4,3,168,1,226,0
1,0,169,1,226,0
2,1,179,1,226,0
5,4,185,1,226,0
3,2,189,1,226,0
3,-1,191,1,226,0
8,7,191,1,226,0
-1,-6,202,1,226,0
7,6,204,1,226,0
6,5,207,1,226,0
4,-4,215,1,226,0
-7,4,6,1,226,0
0,0,48,1,226,0
-1,8,58,1,226,0
-3,0,66,1,226,0
-5,2,106,1,226,0
8,-7,107,1,226,0
3,-2,108,1,226,0
5,-8,118,1,226,0
7,-4,191,1,226,0
6,-1,153,1,226,0
4,4,163,1,226,0
1,-6,164,1,226,0
1,1,165,1,226,0
5,5,187,1,226,0
3,3,193,1,226,0
8,8,195,1,226,0
2,2,201,1,226,0
7,7,205,1,226,0
6,6,215,1,226,0
4,-5,225,1,226,0
3,-3,1,1,226,0
-7,5,9,1,226,0
1,-7,23,1,226,0
-4,2,34,1,226,0
-2,0,59,1,226,0
-3,-4,65,1,226,0
0,-4,84,1,226,0
8,-8,99,1,226,0
-5,3,109,1,226,0
7,-5,197,1,226,0
6,-2,149,1,226,0
3,4,161,1,226,0
0,1,162,1,226,0
-1,-8,185,1,226,0
2,3,194,1,226,0
7,8,197,1,226,0
4,5,199,1,226,0
1,2,203,1,226,0
5,6,223,1,226,0
4,-6,224,1,226,0
6,7,225,1,226,0
9,1,3,1,226,0
-7,6,11,1,226,0
1,-8,17,1,226,0
-3,2,39,1,226,0
-6,-4,46,1,226,0
-1,0,54,1,226,0
0,2,59,1,226,0
7,-6,222,1,226,0
-4,3,115,1,226,0
4,-7,129,1,226,0
8,0,163,1,226,0
6,-3,141,1,226,0
2,4,154,1,226,0
2,-1,177,1,226,0
4,6,195,1,226,0
3,5,201,1,226,0
6,8,223,1,226,0
5,7,225,1,226,0
1,3,225,1,226,0
-6,6,19,1,226,0
3,-5,35,1,226,0
5,8,93,1,226,0
7,-7,221,1,226,0
6,-4,106,1,226,0
2,-2,99,1,226,0
1,4,117,1,226,0
-4,4,118,1,226,0
7,0,158,1,226,0
-2,2,145,1,226,0
2,5,149,1,226,0
-1,1,154,1,226,0
4,7,161,1,226,0
5,-1,187,1,226,0
0,-6,197,1,226,0
3,6,208,1,226,0
-2,-3,219,1,226,0
8,1,224,1,226,0
-5,6,25,1,226,0
8,-1,168,1,226,0
6,-5,54,1,226,0
7,-8,213,1,226,0
2,-3,98,1,226,0
1,5,103,1,226,0
-3,4,126,1,226,0
6,0,133,1,226,0
-2,3,141,1,226,0
3,-6,142,1,226,0
2,6,143,1,226,0
5,-2,146,1,226,0
8,2,149,1,226,0
-1,2,149,1,226,0
4,8,159,1,226,0
0,4,174,1,226,0
0,-7,193,1,226,0
-2,-4,217,1,226,0
3,7,225,1,226,0
7,1,225,1,226,0
-1,3,4,1,226,0
-4,6,31,1,226,0
8,-2,177,1,226,0
1,6,41,1,226,0
-5,-4,53,1,226,0
6,-6,226,1,226,0
5,-3,96,1,226,0
-2,4,134,1,226,0
2,7,136,1,226,0
3,-7,141,1,226,0
7,2,154,1,226,0
0,5,183,1,226,0
0,-8,186,1,226,0
5,0,202,1,226,0
-2,-5,209,1,226,0
6,1,215,1,226,0
3,8,219,1,226,0
8,3,223,1,226,0
-3,6,34,1,226,0
-8,-4,34,1,226,0
1,7,76,1,226,0
5,-4,98,1,226,0
6,-7,99,1,226,0
8,-3,182,1,226,0
8,4,123,1,226,0
2,8,129,1,226,0
3,-8,133,1,226,0
6,2,146,1,226,0
2,-5,152,1,226,0
-1,4,168,1,226,0
4,-1,195,1,226,0
4,0,201,1,226,0
5,1,208,1,226,0
0,6,211,1,226,0
7,3,225,1,226,0
-2,5,224,1,226,0
-1,-3,225,1,226,0
-2,6,19,1,226,0
7,-1,169,1,226,0
-3,7,41,1,226,0
5,-5,47,1,226,0
1,8,69,1,226,0
-1,-4,78,1,226,0
1,-3,92,1,226,0
6,-8,101,1,226,0
8,-4,125,1,226,0
2,-6,149,1,226,0
5,2,153,1,226,0
8,5,168,1,226,0
4,1,169,1,226,0
6,3,175,1,226,0
3,0,193,1,226,0
7,4,201,1,226,0
4,-2,202,1,226,0
0,7,207,1,226,0
-1,5,219,1,226,0
2,-7,29,1,227,0
-3,8,44,1,227,0
7,-2,171,1,227,0
-2,7,52,1,227,0
-4,-4,59,1,227,0
5,-6,74,1,227,0
1,-4,86,1,227,0
-5,0,92,1,227,0
8,-5,121,1,227,0
8,6,142,1,227,0
4,2,161,1,227,0
5,3,176,1,227,0
2,0,176,1,227,0
3,1,184,1,227,0
7,5,192,1,227,0
6,4,194,1,227,0
0,8,199,1,227,0
4,-3,208,1,227,0
-1,-5,208,1,227,0
-1,6,217,1,227,0
-7,3,13,1,227,0
-6,2,21,1,227,0
-7,-4,39,1,227,0
7,-3,184,1,227,0
-1,7,59,1,227,0
-4,0,89,1,227,0
-5,1,99,1,227,0
8,-6,111,1,227,0
5,-7,111,1,227,0
1,-5,158,1,227,0
4,3,168,1,227,0
1,0,169,1,227,0
2,1,179,1,227,0
5,4,185,1,227,0
3,2,189,1,227,0
3,-1,191,1,227,0
8,7,191,1,227,0
-1,-6,202,1,227,0
7,6,204,1,227,0
6,5,207,1,227,0
4,-4,215,1,227,0
-7,4,6,1,227,0
0,0,48,1,227,0
-1,8,58,1,227,0
-3,0,66,1,227,0
-5,2,106,1,227,0
8,-7,107,1,227,0
3,-2,108,1,227,0
5,-8,118,1,227,0
7,-4,191,1,227,0
6,-1,153,1,227,0
4,4,163,1,227,0
1,-6,164,1,227,0
1,1,165,1,227,0
5,5,187,1,227,0
3,3,193,1,227,0
8,8,195,1,227,0
2,2,201,1,227,0
7,7,205,1,227,0
6,6,215,1,227,0
4,-5,226,1,227,0
3,-3,1,1,227,0
-7,5,9,1,227,0
1,-7,23,1,227,0
-4,2,34,1,227,0
-2,0,59,1,227,0
-3,-4,65,1,227,0
0,-4,84,1,227,0
8,-8,99,1,227,0
-5,3,109,1,227,0
7,-5,197,1,227,0
6,-2,149,1,227,0
3,4,161,1,227,0
0,1,162,1,227,0
-1,-8,185,1,227,0
2,3,194,1,227,0
7,8,197,1,227,0
4,5,199,1,227,0
1,2,203,1,227,0
5,6,223,1,227,0
4,-6,224,1,227,0
6,7,226,1,227,0
9,1,3,1,227,0
-7,6,11,1,227,0
1,-8,17,1,227,0
-3,2,39,1,227,0
-6,-4,46,1,227,0
-1,0,54,1,227,0
0,2,59,1,227,0
7,-6,222,1,227,0
-4,3,115,1,227,0
4,-7,129,1,227,0
8,0,163,1,227,0
6,-3,141,1,227,0
2,4,154,1,227,0
2,-1,177,1,227,0
4,6,195,1,227,0
3,5,201,1,227,0
6,8,223,1,227,0
5,7,225,1,227,0
1,3,226,1,227,0
-6,6,19,1,227,0
3,-5,35,1,227,0
5,8,93,1,227,0
7,-7,221,1,227,0
6,-4,106,1,227,0
2,-2,99,1,227,0
1,4,117,1,227,0
-4,4,118,1,227,0
7,0,158,1,227,0
-2,2,145,1,227,0
2,5,149,1,227,0
-1,1,154,1,227,0
5,-1,187,1,227,0
0,-6,197,1,227,0
3,6,208,1,227,0
-2,-3,219,1,227,0
8,1,224,1,227,0
4,7,226,1,227,0
-5,6,25,1,227,0
8,-1,168,1,227,0
6,-5,54,1,227,0
7,-8,213,1,227,0
2,-3,98,1,227,0
1,5,103,1,227,0
-3,4,126,1,227,0
6,0,133,1,227,0
-2,3,141,1,227,0
3,-6,142,1,227,0
2,6,143,1,227,0
5,-2,146,1,227,0
8,2,149,1,227,0
-1,2,149,1,227,0
4,8,159,1,227,0
0,4,174,1,227,0
0,-7,193,1,227,0
-2,-4,217,1,227,0
3,7,225,1,227,0
7,1,226,1,227,0
-1,3,4,1,227,0
-4,6,31,1,227,0
8,-2,177,1,227,0
1,6,41,1,227,0
-5,-4,53,1,227,0
6,-6,227,1,227,0
5,-3,96,1,227,0
-2,4,134,1,227,0
3,-7,141,1,227,0
7,2,154,1,227,0
0,5,183,1,227,0
0,-8,186,1,227,0
5,0,202,1,227,0
-2,-5,209,1,227,0
6,1,215,1,227,0
3,8,219,1,227,0
8,3,223,1,227,0
2,7,226,1,227,0
-3,6,34,1,227,0
-8,-4,34,1,227,0
1,7,76,1,227,0
5,-4,98,1,227,0
6,-7,99,1,227,0
8,-3,182,1,227,0
8,4,123,1,227,0
2,8,129,1,227,0
3,-8,133,1,227,0
6,2,146,1,227,0
2,-5,152,1,227,0
-1,4,168,1,227,0
4,-1,195,1,227,0
4,0,201,1,227,0
5,1,208,1,227,0
0,6,211,1,227,0
7,3,226,1,227,0
-2,5,225,1,227,0
-1,-3,226,1,227,0
-2,6,19,1,227,0
7,-1,169,1,227,0
-3,7,41,1,227,0
5,-5,47,1,227,0
1,8,69,1,227,0
-1,-4,78,1,227,0
1,-3,92,1,227,0
6,-8,101,1,227,0
8,-4,125,1,227,0
2,-6,149,1,227,0
5,2,153,1,227,0
8,5,168,1,227,0
4,1,169,1,227,0
6,3,175,1,227,0
3,0,193,1,227,0
7,4,201,1,227,0
4,-2,202,1,227,0
0,7,207,1,227,0
-1,5,219,1,227,0
2,-7,29,1,228,0
-3,8,44,1,228,0
7,-2,171,1,228,0
-2,7,52,1,228,0
-4,-4,59,1,228,0
5,-6,74,1,228,0
1,-4,86,1,228,0
-5,0,92,1,228,0
8,-5,121,1,228,0
8,6,142,1,228,0
4,2,161,1,228,0
5,3,176,1,228,0
2,0,176,1,228,0
3,1,184,1,228,0
7,5,192,1,228,0
6,4,194,1,228,0
0,8,199,1,228,0
4,-3,208,1,228,0
-1,-5,208,1,228,0
-1,6,217,1,228,0
-7,3,13,1,228,0
-6,2,21,1,228,0
-7,-4,39,1,228,0
7,-3,184,1,228,0
-1,7,59,1,228,0
-4,0,89,1,228,0
-5,1,99,1,228,0
8,-6,111,1,228,0
5,-7,111,1,228,0
1,-5,158,1,228,0
4,3,168,1,228,0
1,0,169,1,228,0
2,1,179,1,228,0
5,4,185,1,228,0
3,2,189,1,228,0
3,-1,191,1,228,0
8,7,191,1,228,0
-1,-6,202,1,228,0
7,6,204,1,228,0
6,5,207,1,228,0
4,-4,215,1,228,0
-7,4,6,1,228,0
0,0,48,1,228,0
-1,8,58,1,228,0
-3,0,66,1,228,0
-5,2,106,1,228,0
8,-7,107,1,228,0
3,-2,108,1,228,0
5,-8,118,1,228,0
7,-4,191,1,228,0
6,-1,153,1,228,0
4,4,163,1,228,0
1,-6,164,1,228,0
1,1,165,1,228,0
5,5,187,1,228,0
3,3,193,1,228,0
8,8,195,1,228,0
2,2,201,1,228,0
7,7,205,1,228,0
6,6,215,1,228,0
4,-5,227,1,228,0
3,-3,1,1,228,0
-7,5,9,1,228,0
1,-7,23,1,228,0
-4,2,34,1,228,0
-2,0,59,1,228,0
-3,-4,65,1,228,0
0,-4,84,1,228,0
8,-8,99,1,228,0
-5,3,109,1,228,0
7,-5,197,1,228,0
6,-2,149,1,228,0
3,4,161,1,228,0
0,1,162,1,228,0
-1,-8,185,1,228,0
2,3,194,1,228,0
7,8,197,1,228,0
4,5,199,1,228,0
1,2,203,1,228,0
5,6,223,1,228,0
4,-6,224,1,228,0
6,7,226,1,228,0
9,1,3,1,228,0
-7,6,11,1,228,0
1,-8,17,1,228,0
-3,2,39,1,228,0
-6,-4,46,1,228,0
-1,0,54,1,228,0
0,2,59,1,228,0
7,-6,222,1,228,0
-4,3,115,1,228,0
4,-7,129,1,228,0
8,0,163,1,228,0
6,-3,141,1,228,0
2,4,154,1,228,0
2,-1,177,1,228,0
4,6,195,1,228,0
3,5,201,1,228,0
5,7,225,1,228,0
6,8,227,1,228,0
1,3,227,1,228,0
-6,6,19,1,228,0
3,-5,35,1,228,0
5,8,93,1,228,0
7,-7,221,1,228,0
6,-4,106,1,228,0
2,-2,99,1,228,0
1,4,117,1,228,0
-4,4,118,1,228,0
7,0,158,1,228,0
-2,2,145,1,228,0
2,5,149,1,228,0
-1,1,154,1,228,0
5,-1,187,1,228,0
0,-6,197,1,228,0
3,6,208,1,228,0
-2,-3,219,1,228,0
8,1,224,1,228,0
4,7,227,1,228,0
-5,6,25,1,228,0
8,-1,168,1,228,0
6,-5,54,1,228,0
7,-8,213,1,228,0
2,-3,98,1,228,0
1,5,103,1,228,0
-3,4,126,1,228,0
6,0,133,1,228,0
-2,3,141,1,228,0
3,-6,142,1,228,0
2,6,143,1,228,0
5,-2,146,1,228,0
8,2,149,1,228,0
-1,2,149,1,228,0
4,8,159,1,228,0
0,4,174,1,228,0
0,-7,193,1,228,0
-2,-4,217,1,228,0
3,7,225,1,228,0
7,1,227,1,228,0
-1,3,4,1,228,0
-4,6,31,1,228,0
8,-2,177,1,228,0
1,6,41,1,228,0
-5,-4,53,1,228,0
6,-6,228,1,228,0
5,-3,96,1,228,0
-2,4,134,1,228,0
3,-7,141,1,228,0
7,2,154,1,228,0
0,5,183,1,228,0
0,-8,186,1,228,0
5,0,202,1,228,0
-2,-5,209,1,228,0
6,1,215,1,228,0
3,8,219,1,228,0
8,3,227,1,228,0
-1,-2,227,1,228,0
2,7,227,1,228,0
-3,6,34,1,228,0
-8,-4,34,1,228,0
1,7,76,1,228,0
5,-4,98,1,228,0
6,-7,99,1,228,0
8,-3,182,1,228,0
8,4,123,1,228,0
2,8,129,1,228,0
3,-8,133,1,228,0
6,2,146,1,228,0
2,-5,152,1,228,0
-1,4,168,1,228,0
4,-1,195,1,228,0
4,0,201,1,228,0
5,1,208,1,228,0
0,6,211,1,228,0
7,3,226,1,228,0
-2,5,225,1,228,0
-1,-3,226,1,228,0
7,-1,169,1,228,0
-3,7,41,1,228,0
5,-5,47,1,228,0
1,8,69,1,228,0
-1,-4,78,1,228,0
1,-3,92,1,228,0
6,-8,101,1,228,0
8,-4,125,1,228,0
2,-6,149,1,228,0
5,2,153,1,228,0
8,5,168,1,228,0
4,1,169,1,228,0
6,3,175,1,228,0
3,0,193,1,228,0
7,4,201,1,228,0
4,-2,202,1,228,0
0,7,207,1,228,0
-1,5,219,1,228,0
-2,6,226,1,228,0
2,-7,29,1,229,0
-3,8,44,1,229,0
7,-2,171,1,229,0
-2,7,52,1,229,0
-4,-4,59,1,229,0
5,-6,74,1,229,0
1,-4,86,1,229,0
-5,0,92,1,229,0
8,-5,121,1,229,0
8,6,142,1,229,0
4,2,161,1,229,0
5,3,176,1,229,0
2,0,176,1,229,0
3,1,184,1,229,0
7,5,192,1,229,0
6,4,194,1,229,0
0,8,199,1,229,0
4,-3,208,1,229,0
-1,-5,208,1,229,0
-1,6,217,1,229,0
-7,3,13,1,229,0
-6,2,21,1,229,0
-7,-4,39,1,229,0
7,-3,184,1,229,0
-1,7,59,1,229,0
-4,0,89,1,229,0
-5,1,99,1,229,0
8,-6,111,1,229,0
5,-7,111,1,229,0
1,-5,158,1,229,0
4,3,168,1,229,0
1,0,169,1,229,0
2,1,179,1,229,0
5,4,185,1,229,0
3,2,189,1,229,0
3,-1,191,1,229,0
8,7,191,1,229,0
-1,-6,202,1,229,0
7,6,204,1,229,0
6,5,207,1,229,0
4,-4,215,1,229,0
-7,4,6,1,229,0
0,0,48,1,229,0
-1,8,58,1,229,0
-3,0,66,1,229,0
-5,2,106,1,229,0
8,-7,107,1,229,0
3,-2,108,1,229,0
5,-8,118,1,229,0
7,-4,191,1,229,0
6,-1,153,1,229,0
4,4,163,1,229,0
1,-6,164,1,229,0
1,1,165,1,229,0
5,5,187,1,229,0
3,3,193,1,229,0
8,8,195,1,229,0
2,2,201,1,229,0
7,7,205,1,229,0
6,6,215,1,229,0
4,-5,228,1,229,0
3,-3,1,1,229,0
-7,5,9,1,229,0
1,-7,23,1,229,0
-4,2,34,1,229,0
-2,0,59,1,229,0
-3,-4,65,1,229,0
0,-4,84,1,229,0
8,-8,99,1,229,0
-5,3,109,1,229,0
7,-5,197,1,229,0
6,-2,149,1,229,0
3,4,161,1,229,0
0,1,162,1,229,0
-1,-8,185,1,229,0
2,3,194,1,229,0
7,8,197,1,229,0
4,5,199,1,229,0
1,2,203,1,229,0
5,6,223,1,229,0
4,-6,224,1,229,0
6,7,226,1,229,0
9,1,3,1,229,0
-7,6,11,1,229,0
1,-8,17,1,229,0
-3,2,39,1,229,0
-6,-4,46,1,229,0
-1,0,54,1,229,0
0,2,59,1,229,0
7,-6,222,1,229,0
-4,3,115,1,229,0
4,-7,129,1,229,0
8,0,163,1,229,0
6,-3,141,1,229,0
2,4,154,1,229,0
2,-1,177,1,229,0
4,6,195,1,229,0
3,5,201,1,229,0
5,7,225,1,229,0
6,8,228,1,229,0
1,3,228,1,229,0
-6,6,19,1,229,0
3,-5,35,1,229,0
5,8,93,1,229,0
7,-7,221,1,229,0
6,-4,106,1,229,0
2,-2,99,1,229,0
1,4,117,1,229,0
-4,4,118,1,229,0
7,0,158,1,229,0
-2,2,145,1,229,0
2,5,149,1,229,0
-1,1,154,1,229,0
5,-1,187,1,229,0
0,-6,197,1,229,0
3,6,208,1,229,0
-2,-3,219,1,229,0
8,1,224,1,229,0
4,7,228,1,229,0
-5,6,25,1,229,0
8,-1,168,1,229,0
6,-5,54,1,229,0
7,-8,213,1,229,0
2,-3,98,1,229,0
1,5,103,1,229,0
-3,4,126,1,229,0
6,0,133,1,229,0
-2,3,141,1,229,0
3,-6,142,1,229,0
2,6,143,1,229,0
5,-2,146,1,229,0
-1,2,149,1,229,0
4,8,159,1,229,0
0,4,174,1,229,0
0,-7,193,1,229,0
-2,-4,217,1,229,0
3,7,225,1,229,0
8,2,228,1,229,0
7,1,228,1,229,0
-1,3,4,1,229,0
-4,6,31,1,229,0
8,-2,177,1,229,0
1,6,41,1,229,0
-5,-4,53,1,229,0
6,-6,229,1,229,0
5,-3,96,1,229,0
-2,4,134,1,229,0
3,-7,141,1,229,0
7,2,154,1,229,0
0,5,183,1,229,0
0,-8,186,1,229,0
5,0,202,1,229,0
-2,-5,209,1,229,0
6,1,215,1,229,0
3,8,219,1,229,0
8,3,227,1,229,0
-1,-2,228,1,229,0
2,7,228,1,229,0
-3,6,34,1,229,0
-8,-4,34,1,229,0
1,7,76,1,229,0
5,-4,98,1,229,0
6,-7,99,1,229,0
8,-3,182,1,229,0
8,4,123,1,229,0
2,8,129,1,229,0
3,-8,133,1,229,0
6,2,146,1,229,0
2,-5,152,1,229,0
-1,4,168,1,229,0
4,-1,195,1,229,0
4,0,201,1,229,0
5,1,208,1,229,0
0,6,211,1,229,0
7,3,226,1,229,0
-2,5,225,1,229,0
-1,-3,226,1,229,0
7,-1,169,1,229,0
-3,7,41,1,229,0
5,-5,47,1,229,0
1,8,69,1,229,0
-1,-4,78,1,229,0
1,-3,92,1,229,0
6,-8,101,1,229,0
8,-4,125,1,229,0
2,-6,149,1,229,0
5,2,153,1,229,0
8,5,168,1,229,0
4,1,169,1,229,0
6,3,175,1,229,0
3,0,193,1,229,0
7,4,201,1,229,0
4,-2,202,1,229,0
0,7,207,1,229,0
-1,5,219,1,229,0
-2,6,227,1,229,0
2,-7,29,1,230,0
-3,8,44,1,230,0
7,-2,171,1,230,0
-2,7,52,1,230,0
-4,-4,59,1,230,0
5,-6,74,1,230,0
1,-4,86,1,230,0
-5,0,92,1,230,0
8,-5,121,1,230,0
8,6,142,1,230,0
4,2,161,1,230,0
5,3,176,1,230,0
2,0,176,1,230,0
3,1,184,1,230,0
7,5,192,1,230,0
6,4,194,1,230,0
0,8,199,1,230,0
4,-3,208,1,230,0
-1,-5,208,1,230,0
-1,6,217,1,230,0
-7,3,13,1,230,0
-6,2,21,1,230,0
-7,-4,39,1,230,0
7,-3,184,1,230,0
-1,7,59,1,230,0
-4,0,89,1,230,0
-5,1,99,1,230,0
8,-6,111,1,230,0
5,-7,111,1,230,0
1,-5,158,1,230,0
4,3,168,1,230,0
1,0,169,1,230,0
2,1,179,1,230,0
5,4,185,1,230,0
3,2,189,1,230,0
3,-1,191,1,230,0
8,7,191,1,230,0
-1,-6,202,1,230,0
7,6,204,1,230,0
6,5,207,1,230,0
4,-4,215,1,230,0
-7,4,6,1,230,0
0,0,48,1,230,0
-1,8,58,1,230,0
-3,0,66,1,230,0
-5,2,106,1,230,0
8,-7,107,1,230,0
3,-2,108,1,230,0
5,-8,118,1,230,0
7,-4,191,1,230,0
6,-1,153,1,230,0
4,4,163,1,230,0
1,-6,164,1,230,0
1,1,165,1,230,0
5,5,187,1,230,0
3,3,193,1,230,0
8,8,195,1,230,0
2,2,201,1,230,0
7,7,205,1,230,0
6,6,215,1,230,0
4,-5,229,1,230,0
3,-3,1,1,230,0
-7,5,9,1,230,0
1,-7,23,1,230,0
-4,2,34,1,230,0
-2,0,59,1,230,0
-3,-4,65,1,230,0
0,-4,84,1,230,0
8,-8,99,1,230,0
-5,3,109,1,230,0
7,-5,197,1,230,0
6,-2,149,1,230,0
3,4,161,1,230,0
0,1,162,1,230,0
-1,-8,185,1,230,0
2,3,194,1,230,0
7,8,197,1,230,0
4,5,199,1,230,0
1,2,203,1,230,0
5,6,223,1,230,0
4,-6,224,1,230,0
6,7,226,1,230,0
9,1,3,1,230,0
-7,6,11,1,230,0
1,-8,17,1,230,0
-3,2,39,1,230,0
-6,-4,46,1,230,0
-1,0,54,1,230,0
0,2,59,1,230,0
7,-6,222,1,230,0
-4,3,115,1,230,0
4,-7,129,1,230,0
8,0,163,1,230,0
6,-3,141,1,230,0
2,4,154,1,230,0
2,-1,177,1,230,0
4,6,195,1,230,0
3,5,201,1,230,0
6,8,229,1,230,0
5,7,229,1,230,0
1,3,229,1,230,0
-6,6,19,1,230,0
3,-5,35,1,230,0
5,8,93,1,230,0
7,-7,221,1,230,0
6,-4,106,1,230,0
2,-2,99,1,230,0
1,4,117,1,230,0
-4,4,118,1,230,0
7,0,158,1,230,0
-2,2,145,1,230,0
2,5,149,1,230,0
-1,1,154,1,230,0
5,-1,187,1,230,0
0,-6,197,1,230,0
3,6,208,1,230,0
-2,-3,219,1,230,0
8,1,224,1,230,0
4,7,228,1,230,0
-5,6,25,1,230,0
8,-1,168,1,230,0
6,-5,54,1,230,0
7,-8,213,1,230,0
2,-3,98,1,230,0
1,5,103,1,230,0
-3,4,126,1,230,0
6,0,133,1,230,0
-2,3,141,1,230,0
3,-6,142,1,230,0
2,6,143,1,230,0
5,-2,146,1,230,0
-1,2,149,1,230,0
4,8,159,1,230,0
0,4,174,1,230,0
0,-7,193,1,230,0
-2,-4,217,1,230,0
3,7,225,1,230,0
8,2,229,1,230,0
7,1,229,1,230,0
-1,3,4,1,230,0
-4,6,31,1,230,0
8,-2,177,1,230,0
1,6,41,1,230,0
-5,-4,53,1,230,0
6,-6,229,1,230,0
5,-3,96,1,230,0
-2,4,134,1,230,0
3,-7,141,1,230,0
7,2,154,1,230,0
0,5,183,1,230,0
0,-8,186,1,230,0
5,0,202,1,230,0
-2,-5,209,1,230,0
6,1,215,1,230,0
3,8,219,1,230,0
8,3,227,1,230,0
-1,-2,228,1,230,0
2,7,229,1,230,0
-3,6,34,1,230,0
-8,-4,34,1,230,0
1,7,76,1,230,0
5,-4,98,1,230,0
6,-7,99,1,230,0
8,-3,182,1,230,0
8,4,123,1,230,0
2,8,129,1,230,0
3,-8,133,1,230,0
6,2,146,1,230,0
2,-5,152,1,230,0
-1,4,168,1,230,0
4,-1,195,1,230,0
4,0,201,1,230,0
5,1,208,1,230,0
0,6,211,1,230,0
7,3,226,1,230,0
-2,5,225,1,230,0
-1,-3,226,1,230,0
7,-1,169,1,230,0
-3,7,41,1,230,0
5,-5,47,1,230,0
1,8,69,1,230,0
-1,-4,78,1,230,0
1,-3,92,1,230,0
6,-8,101,1,230,0
8,-4,125,1,230,0
2,-6,149,1,230,0
5,2,153,1,230,0
8,5,168,1,230,0
4,1,169,1,230,0
6,3,175,1,230,0
3,0,193,1,230,0
7,4,201,1,230,0
4,-2,202,1,230,0
0,7,207,1,230,0
-1,5,219,1,230,0
-2,6,228,1,230,0
2,-7,29,1,231,0
-3,8,44,1,231,0
7,-2,171,1,231,0
-2,7,52,1,231,0
-4,-4,59,1,231,0
5,-6,231,1,231,0
1,-4,86,1,231,0
-5,0,92,1,231,0
8,-5,121,1,231,0
8,6,142,1,231,0
4,2,161,1,231,0
5,3,176,1,231,0
2,0,176,1,231,0
3,1,184,1,231,0
7,5,192,1,231,0
6,4,194,1,231,0
0,8,199,1,231,0
4,-3,208,1,231,0
-1,-5,208,1,231,0
-1,6,217,1,231,0
-7,3,13,1,231,0
-6,2,21,1,231,0
-7,-4,39,1,231,0
7,-3,184,1,231,0
-1,7,59,1,231,0
-4,0,89,1,231,0
-5,1,99,1,231,0
8,-6,111,1,231,0
5,-7,111,1,231,0
1,-5,158,1,231,0
4,3,168,1,231,0
1,0,169,1,231,0
2,1,179,1,231,0
5,4,185,1,231,0
3,2,189,1,231,0
3,-1,191,1,231,0
8,7,191,1,231,0
-1,-6,202,1,231,0
7,6,204,1,231,0
6,5,207,1,231,0
4,-4,215,1,231,0
-7,4,6,1,231,0
0,0,48,1,231,0
-1,8,58,1,231,0
-3,0,66,1,231,0
-5,2,106,1,231,0
8,-7,107,1,231,0
3,-2,108,1,231,0
5,-8,118,1,231,0
7,-4,191,1,231,0
6,-1,153,1,231,0
4,4,163,1,231,0
1,-6,164,1,231,0
1,1,165,1,231,0
5,5,187,1,231,0
3,3,193,1,231,0
8,8,195,1,231,0
2,2,201,1,231,0
7,7,205,1,231,0
6,6,215,1,231,0
4,-5,229,1,231,0
3,-3,1,1,231,0
-7,5,9,1,231,0
1,-7,23,1,231,0
-4,2,34,1,231,0
-2,0,59,1,231,0
-3,-4,65,1,231,0
0,-4,84,1,231,0
8,-8,99,1,231,0
-5,3,109,1,231,0
7,-5,197,1,231,0
6,-2,149,1,231,0
3,4,161,1,231,0
0,1,162,1,231,0
-1,-8,185,1,231,0
2,3,194,1,231,0
7,8,197,1,231,0
4,5,199,1,231,0
1,2,203,1,231,0
5,6,223,1,231,0
4,-6,224,1,231,0
6,7,226,1,231,0
9,1,3,1,231,0
-7,6,11,1,231,0
1,-8,17,1,231,0
-3,2,39,1,231,0
-6,-4,46,1,231,0
-1,0,54,1,231,0
0,2,59,1,231,0
7,-6,222,1,231,0
-4,3,115,1,231,0
4,-7,129,1,231,0
8,0,163,1,231,0
6,-3,141,1,231,0
2,4,154,1,231,0
2,-1,177,1,231,0
4,6,195,1,231,0
3,5,201,1,231,0
6,8,229,1,231,0
5,7,229,1,231,0
1,3,229,1,231,0
-6,6,19,1,231,0
3,-5,35,1,231,0
5,8,93,1,231,0
7,-7,221,1,231,0
6,-4,106,1,231,0
2,-2,99,1,231,0
1,4,117,1,231,0
-4,4,118,1,231,0
7,0,158,1,231,0
-2,2,145,1,231,0
2,5,149,1,231,0
-1,1,154,1,231,0
5,-1,187,1,231,0
0,-6,197,1,231,0
3,6,208,1,231,0
-2,-3,219,1,231,0
8,1,224,1,231,0
4,7,228,1,231,0
-5,6,25,1,231,0
8,-1,168,1,231,0
6,-5,54,1,231,0
7,-8,213,1,231,0
2,-3,98,1,231,0
1,5,103,1,231,0
-3,4,126,1,231,0
6,0,133,1,231,0
-2,3,141,1,231,0
3,-6,142,1,231,0
2,6,143,1,231,0
5,-2,146,1,231,0
-1,2,149,1,231,0
4,8,159,1,231,0
0,4,174,1,231,0
0,-7,193,1,231,0
-2,-4,217,1,231,0
3,7,225,1,231,0
8,2,229,1,231,0
7,1,229,1,231,0
-1,3,4,1,231,0
-4,6,31,1,231,0
8,-2,177,1,231,0
1,6,41,1,231,0
-5,-4,53,1,231,0
6,-6,229,1,231,0
5,-3,96,1,231,0
-2,4,134,1,231,0
3,-7,141,1,231,0
7,2,154,1,231,0
0,5,183,1,231,0
0,-8,186,1,231,0
5,0,202,1,231,0
-2,-5,209,1,231,0
6,1,215,1,231,0
3,8,219,1,231,0
8,3,227,1,231,0
2,7,229,1,231,0
-1,-2,229,1,231,0
-3,6,34,1,231,0
-8,-4,34,1,231,0
1,7,76,1,231,0
5,-4,98,1,231,0
6,-7,99,1,231,0
8,-3,182,1,231,0
8,4,123,1,231,0
2,8,129,1,231,0
3,-8,133,1,231,0
6,2,146,1,231,0
2,-5,152,1,231,0
-1,4,168,1,231,0
4,-1,195,1,231,0
4,0,201,1,231,0
5,1,208,1,231,0
0,6,211,1,231,0
7,3,226,1,231,0
-2,5,225,1,231,0
-1,-3,226,1,231,0
7,-1,169,1,231,0
-3,7,41,1,231,0
5,-5,47,1,231,0
1,8,69,1,231,0
-1,-4,78,1,231,0
1,-3,92,1,231,0
6,-8,101,1,231,0
8,-4,125,1,231,0
2,-6,149,1,231,0
5,2,153,1,231,0
8,5,168,1,231,0
4,1,169,1,231,0
6,3,175,1,231,0
3,0,193,1,231,0
7,4,201,1,231,0
4,-2,202,1,231,0
0,7,207,1,231,0
-1,5,219,1,231,0
-2,6,229,1,231,0
2,-7,29,1,232,0
-3,8,44,1,232,0
7,-2,171,1,232,0
-2,7,52,1,232,0
-4,-4,59,1,232,0
5,-6,232,1,232,0
1,-4,86,1,232,0
-5,0,92,1,232,0
8,-5,121,1,232,0
8,6,142,1,232,0
4,2,161,1,232,0
5,3,176,1,232,0
2,0,176,1,232,0
3,1,184,1,232,0
7,5,192,1,232,0
6,4,194,1,232,0
0,8,199,1,232,0
4,-3,208,1,232,0
-1,-5,208,1,232,0
-1,6,217,1,232,0
-7,3,13,1,232,0
-6,2,21,1,232,0
-7,-4,39,1,232,0
7,-3,184,1,232,0
-1,7,59,1,232,0
-4,0,89,1,232,0
-5,1,99,1,232,0
8,-6,111,1,232,0
5,-7,111,1,232,0
1,-5,158,1,232,0
4,3,168,1,232,0
1,0,169,1,232,0
2,1,179,1,232,0
5,4,185,1,232,0
3,2,189,1,232,0
3,-1,191,1,232,0
8,7,191,1,232,0
-1,-6,202,1,232,0
7,6,204,1,232,0
6,5,207,1,232,0
4,-4,215,1,232,0
0,-2,231,1,232,0
-7,4,6,1,232,0
0,0,48,1,232,0
-1,8,58,1,232,0
-3,0,66,1,232,0
-5,2,106,1,232,0
8,-7,107,1,232,0
3,-2,108,1,232,0
5,-8,118,1,232,0
7,-4,191,1,232,0
6,-1,153,1,232,0
4,4,163,1,232,0
1,-6,164,1,232,0
1,1,165,1,232,0
5,5,187,1,232,0
3,3,193,1,232,0
8,8,195,1,232,0
2,2,201,1,232,0
7,7,205,1,232,0
6,6,215,1,232,0
4,-5,231,1,232,0
3,-3,1,1,232,0
-7,5,9,1,232,0
1,-7,23,1,232,0
-4,2,34,1,232,0
-2,0,59,1,232,0
-3,-4,65,1,232,0
0,-4,84,1,232,0
8,-8,99,1,232,0
-5,3,109,1,232,0
7,-5,197,1,232,0
6,-2,149,1,232,0
3,4,161,1,232,0
0,1,162,1,232,0
-1,-8,185,1,232,0
2,3,194,1,232,0
7,8,197,1,232,0
4,5,199,1,232,0
1,2,203,1,232,0
5,6,223,1,232,0
4,-6,224,1,232,0
6,7,231,1,232,0
9,1,3,1,232,0
-7,6,11,1,232,0
1,-8,17,1,232,0
-3,2,39,1,232,0
-6,-4,46,1,232,0
-1,0,54,1,232,0
0,2,59,1,232,0
7,-6,222,1,232,0
-4,3,115,1,232,0
4,-7,129,1,232,0
8,0,163,1,232,0
6,-3,141,1,232,0
2,4,154,1,232,0
2,-1,177,1,232,0
4,6,195,1,232,0
3,5,201,1,232,0
6,8,229,1,232,0
5,7,231,1,232,0
1,3,231,1,232,0
-6,6,19,1,232,0
3,-5,35,1,232,0
5,8,93,1,232,0
7,-7,221,1,232,0
6,-4,106,1,232,0
2,-2,99,1,232,0
1,4,117,1,232,0
-4,4,118,1,232,0
7,0,158,1,232,0
-2,2,145,1,232,0
2,5,149,1,232,0
-1,1,154,1,232,0
5,-1,187,1,232,0
0,-6,197,1,232,0
3,6,208,1,232,0
-2,-3,219,1,232,0
8,1,224,1,232,0
4,7,228,1,232,0
-5,6,25,1,232,0
8,-1,168,1,232,0
6,-5,54,1,232,0
7,-8,213,1,232,0
2,-3,98,1,232,0
1,5,103,1,232,0
-3,4,126,1,232,0
6,0,133,1,232,0
-2,3,141,1,232,0
3,-6,142,1,232,0
2,6,143,1,232,0
5,-2,146,1,232,0
-1,2,149,1,232,0
4,8,159,1,232,0
0,4,174,1,232,0
0,-7,193,1,232,0
-2,-4,217,1,232,0
3,7,225,1,232,0
8,2,229,1,232,0
7,1,231,1,232,0
-1,3,4,1,232,0
-4,6,31,1,232,0
8,-2,177,1,232,0
1,6,41,1,232,0
-5,-4,53,1,232,0
6,-6,229,1,232,0
5,-3,96,1,232,0
-2,4,134,1,232,0
3,-7,141,1,232,0
0,5,183,1,232,0
0,-8,186,1,232,0
5,0,202,1,232,0
-2,-5,209,1,232,0
6,1,215,1,232,0
3,8,219,1,232,0
8,3,227,1,232,0
-1,-2,229,1,232,0
7,2,231,1,232,0
2,7,231,1,232,0
-3,6,34,1,232,0
-8,-4,34,1,232,0
1,7,76,1,232,0
5,-4,98,1,232,0
6,-7,99,1,232,0
8,-3,182,1,232,0
8,4,123,1,232,0
2,8,129,1,232,0
3,-8,133,1,232,0
6,2,146,1,232,0
2,-5,152,1,232,0
-1,4,168,1,232,0
4,-1,195,1,232,0
4,0,201,1,232,0
5,1,208,1,232,0
0,6,211,1,232,0
7,3,226,1,232,0
-2,5,225,1,232,0
-1,-3,226,1,232,0
7,-1,169,1,232,0
-3,7,41,1,232,0
5,-5,47,1,232,0
1,8,69,1,232,0
-1,-4,78,1,232,0
1,-3,92,1,232,0
6,-8,101,1,232,0
8,-4,125,1,232,0
2,-6,149,1,232,0
5,2,153,1,232,0
8,5,168,1,232,0
4,1,169,1,232,0
6,3,175,1,232,0
3,0,193,1,232,0
7,4,201,1,232,0
4,-2,202,1,232,0
0,7,207,1,232,0
-1,5,219,1,232,0
-2,6,229,1,232,0
2,-7,29,1,233,0
-3,8,44,1,233,0
7,-2,171,1,233,0
-2,7,52,1,233,0
-4,-4,59,1,233,0
5,-6,233,1,233,0
1,-4,86,1,233,0
-5,0,92,1,233,0
8,-5,121,1,233,0
8,6,142,1,233,0
4,2,161,1,233,0
5,3,176,1,233,0
2,0,176,1,233,0
3,1,184,1,233,0
7,5,192,1,233,0
6,4,194,1,233,0
0,8,199,1,233,0
4,-3,208,1,233,0
-1,-5,208,1,233,0
-1,6,217,1,233,0
-7,3,13,1,233,0
-6,2,21,1,233,0
-7,-4,39,1,233,0
7,-3,184,1,233,0
-1,7,59,1,233,0
-4,0,89,1,233,0
-5,1,99,1,233,0
8,-6,111,1,233,0
5,-7,111,1,233,0
1,-5,158,1,233,0
4,3,168,1,233,0
1,0,169,1,233,0
2,1,179,1,233,0
5,4,185,1,233,0
3,2,189,1,233,0
3,-1,191,1,233,0
8,7,191,1,233,0
-1,-6,202,1,233,0
7,6,204,1,233,0
6,5,207,1,233,0
4,-4,215,1,233,0
0,-2,232,1,233,0
-7,4,6,1,233,0
0,0,48,1,233,0
-1,8,58,1,233,0
-3,0,66,1,233,0
-5,2,106,1,233,0
8,-7,107,1,233,0
3,-2,108,1,233,0
5,-8,118,1,233,0
7,-4,191,1,233,0
6,-1,153,1,233,0
4,4,163,1,233,0
1,-6,164,1,233,0
1,1,165,1,233,0
5,5,187,1,233,0
3,3,193,1,233,0
8,8,195,1,233,0
2,2,201,1,233,0
7,7,205,1,233,0
6,6,215,1,233,0
4,-5,232,1,233,0
3,-3,1,1,233,0
-7,5,9,1,233,0
1,-7,23,1,233,0
-4,2,34,1,233,0
-2,0,59,1,233,0
-3,-4,65,1,233,0
0,-4,84,1,233,0
8,-8,99,1,233,0
-5,3,109,1,233,0
7,-5,197,1,233,0
6,-2,149,1,233,0
3,4,161,1,233,0
0,1,162,1,233,0
-1,-8,185,1,233,0
2,3,194,1,233,0
7,8,197,1,233,0
4,5,199,1,233,0
1,2,203,1,233,0
5,6,223,1,233,0
4,-6,224,1,233,0
6,7,232,1,233,0
9,1,3,1,233,0
-7,6,11,1,233,0
1,-8,17,1,233,0
-3,2,39,1,233,0
-6,-4,46,1,233,0
-1,0,54,1,233,0
0,2,59,1,233,0
7,-6,222,1,233,0
-4,3,115,1,233,0
4,-7,129,1,233,0
8,0,163,1,233,0
6,-3,141,1,233,0
2,4,154,1,233,0
2,-1,177,1,233,0
4,6,195,1,233,0
3,5,201,1,233,0
6,8,229,1,233,0
5,7,232,1,233,0
1,3,232,1,233,0
-6,6,19,1,233,0
3,-5,35,1,233,0
5,8,93,1,233,0
7,-7,221,1,233,0
6,-4,106,1,233,0
2,-2,99,1,233,0
1,4,117,1,233,0
-4,4,118,1,233,0
7,0,158,1,233,0
-2,2,145,1,233,0
2,5,149,1,233,0
-1,1,154,1,233,0
5,-1,187,1,233,0
0,-6,197,1,233,0
3,6,208,1,233,0
-2,-3,219,1,233,0
8,1,224,1,233,0
4,7,228,1,233,0
-5,6,25,1,233,0
8,-1,168,1,233,0
6,-5,54,1,233,0
7,-8,213,1,233,0
2,-3,98,1,233,0
1,5,103,1,233,0
-3,4,126,1,233,0
6,0,133,1,233,0
-2,3,141,1,233,0
3,-6,142,1,233,0
2,6,143,1,233,0
5,-2,146,1,233,0
-1,2,149,1,233,0
4,8,159,1,233,0
0,4,174,1,233,0
0,-7,193,1,233,0
-2,-4,217,1,233,0
3,7,225,1,233,0
8,2,229,1,233,0
7,1,232,1,233,0
-1,3,4,1,233,0
-4,6,31,1,233,0
8,-2,177,1,233,0
1,6,41,1,233,0
-5,-4,53,1,233,0
6,-6,229,1,233,0
5,-3,96,1,233,0
-2,4,134,1,233,0
3,-7,141,1,233,0
0,5,183,1,233,0
0,-8,186,1,233,0
5,0,202,1,233,0
-2,-5,209,1,233,0
6,1,215,1,233,0
3,8,219,1,233,0
8,3,227,1,233,0
-1,-2,229,1,233,0
7,2,232,1,233,0
2,7,232,1,233,0
-8,-4,34,1,233,0
1,7,76,1,233,0
5,-4,98,1,233,0
6,-7,99,1,233,0
8,-3,182,1,233,0
8,4,123,1,233,0
2,8,129,1,233,0
3,-8,133,1,233,0
6,2,146,1,233,0
2,-5,152,1,233,0
-1,4,168,1,233,0
4,-1,195,1,233,0
4,0,201,1,233,0
5,1,208,1,233,0
0,6,211,1,233,0
7,3,226,1,233,0
-2,5,225,1,233,0
-1,-3,226,1,233,0
-3,6,231,1,233,0
7,-1,169,1,233,0
-3,7,41,1,233,0
5,-5,47,1,233,0
1,8,69,1,233,0
-1,-4,78,1,233,0
1,-3,92,1,233,0
6,-8,101,1,233,0
8,-4,125,1,233,0
2,-6,149,1,233,0
5,2,153,1,233,0
8,5,168,1,233,0
4,1,169,1,233,0
6,3,175,1,233,0
3,0,193,1,233,0
7,4,201,1,233,0
4,-2,202,1,233,0
0,7,207,1,233,0
-1,5,219,1,233,0
-2,6,229,1,233,0
2,-7,29,1,234,0
-3,8,44,1,234,0
7,-2,171,1,234,0
-2,7,52,1,234,0
-4,-4,59,1,234,0
5,-6,233,1,234,0
1,-4,86,1,234,0
-5,0,92,1,234,0
8,-5,121,1,234,0
8,6,142,1,234,0
4,2,161,1,234,0
5,3,176,1,234,0
2,0,176,1,234,0
3,1,184,1,234,0
7,5,192,1,234,0
6,4,194,1,234,0
0,8,199,1,234,0
4,-3,208,1,234,0
-1,-5,208,1,234,0
-1,6,217,1,234,0
-7,3,13,1,234,0
-6,2,21,1,234,0
-7,-4,39,1,234,0
7,-3,184,1,234,0
-1,7,59,1,234,0
-4,0,89,1,234,0
-5,1,99,1,234,0
8,-6,111,1,234,0
5,-7,111,1,234,0
1,-5,158,1,234,0
4,3,168,1,234,0
1,0,169,1,234,0
2,1,179,1,234,0
5,4,185,1,234,0
3,2,189,1,234,0
3,-1,191,1,234,0
8,7,191,1,234,0
-1,-6,202,1,234,0
7,6,204,1,234,0
6,5,207,1,234,0
4,-4,215,1,234,0
0,-2,233,1,234,0
-7,4,6,1,234,0
0,0,48,1,234,0
-1,8,58,1,234,0
-3,0,66,1,234,0
-5,2,106,1,234,0
8,-7,107,1,234,0
3,-2,108,1,234,0
5,-8,118,1,234,0
7,-4,191,1,234,0
6,-1,153,1,234,0
4,4,163,1,234,0
1,-6,164,1,234,0
1,1,165,1,234,0
5,5,187,1,234,0
3,3,193,1,234,0
8,8,195,1,234,0
2,2,201,1,234,0
7,7,205,1,234,0
6,6,215,1,234,0
4,-5,232,1,234,0
3,-3,1,1,234,0
-7,5,9,1,234,0
1,-7,23,1,234,0
-4,2,34,1,234,0
-2,0,59,1,234,0
-3,-4,65,1,234,0
0,-4,84,1,234,0
8,-8,99,1,234,0
-5,3,109,1,234,0
7,-5,197,1,234,0
6,-2,149,1,234,0
3,4,161,1,234,0
0,1,162,1,234,0
-1,-8,185,1,234,0
2,3,194,1,234,0
7,8,197,1,234,0
4,5,199,1,234,0
1,2,203,1,234,0
5,6,223,1,234,0
4,-6,224,1,234,0
6,7,233,1,234,0
9,1,3,1,234,0
-7,6,11,1,234,0
1,-8,17,1,234,0
-3,2,39,1,234,0
-6,-4,46,1,234,0
-1,0,54,1,234,0
0,2,59,1,234,0
7,-6,222,1,234,0
-4,3,115,1,234,0
4,-7,129,1,234,0
8,0,163,1,234,0
6,-3,141,1,234,0
2,4,154,1,234,0
2,-1,177,1,234,0
4,6,195,1,234,0
3,5,201,1,234,0
6,8,229,1,234,0
5,7,232,1,234,0
1,3,233,1,234,0
-6,6,19,1,234,0
3,-5,35,1,234,0
7,-7,221,1,234,0
6,-4,106,1,234,0
2,-2,99,1,234,0
1,4,117,1,234,0
-4,4,118,1,234,0
7,0,158,1,234,0
-2,2,145,1,234,0
2,5,149,1,234,0
-1,1,154,1,234,0
5,-1,187,1,234,0
0,-6,197,1,234,0
3,6,208,1,234,0
-2,-3,219,1,234,0
8,1,224,1,234,0
4,7,228,1,234,0
5,8,233,1,234,0
-5,6,25,1,234,0
8,-1,168,1,234,0
6,-5,54,1,234,0
7,-8,213,1,234,0
2,-3,98,1,234,0
1,5,103,1,234,0
-3,4,126,1,234,0
6,0,133,1,234,0
-2,3,141,1,234,0
3,-6,142,1,234,0
2,6,143,1,234,0
5,-2,146,1,234,0
-1,2,149,1,234,0
4,8,159,1,234,0
0,4,174,1,234,0
0,-7,193,1,234,0
-2,-4,217,1,234,0
3,7,225,1,234,0
8,2,229,1,234,0
7,1,233,1,234,0
-1,3,4,1,234,0
-4,6,31,1,234,0
8,-2,177,1,234,0
1,6,41,1,234,0
-5,-4,53,1,234,0
6,-6,234,1,234,0
5,-3,96,1,234,0
-2,4,134,1,234,0
3,-7,141,1,234,0
0,5,183,1,234,0
0,-8,186,1,234,0
5,0,202,1,234,0
-2,-5,209,1,234,0
6,1,215,1,234,0
3,8,219,1,234,0
8,3,227,1,234,0
-1,-2,229,1,234,0
2,7,232,1,234,0
7,2,233,1,234,0
-8,-4,34,1,234,0
5,-4,98,1,234,0
6,-7,99,1,234,0
8,-3,182,1,234,0
8,4,123,1,234,0
2,8,129,1,234,0
3,-8,133,1,234,0
6,2,146,1,234,0
2,-5,152,1,234,0
-1,4,168,1,234,0
4,-1,195,1,234,0
4,0,201,1,234,0
5,1,208,1,234,0
0,6,211,1,234,0
7,3,226,1,234,0
-2,5,225,1,234,0
-1,-3,226,1,234,0
-3,6,232,1,234,0
1,7,233,1,234,0
7,-1,169,1,234,0
-3,7,41,1,234,0
1,8,69,1,234,0
-1,-4,78,1,234,0
1,-3,92,1,234,0
6,-8,101,1,234,0
8,-4,125,1,234,0
2,-6,149,1,234,0
5,2,153,1,234,0
8,5,168,1,234,0
4,1,169,1,234,0
6,3,175,1,234,0
3,0,193,1,234,0
7,4,201,1,234,0
4,-2,202,1,234,0
0,7,207,1,234,0
-1,5,219,1,234,0
-2,6,229,1,234,0
5,-5,233,1,234,0
2,-7,29,1,235,0
-3,8,44,1,235,0
7,-2,171,1,235,0
-2,7,52,1,235,0
-4,-4,59,1,235,0
5,-6,233,1,235,0
1,-4,86,1,235,0
-5,0,92,1,235,0
8,-5,121,1,235,0
8,6,142,1,235,0
4,2,161,1,235,0
5,3,176,1,235,0
2,0,176,1,235,0
3,1,184,1,235,0
7,5,192,1,235,0
6,4,194,1,235,0
0,8,199,1,235,0
4,-3,208,1,235,0
-1,-5,208,1,235,0
-1,6,217,1,235,0
-7,3,13,1,235,0
-6,2,21,1,235,0
-7,-4,39,1,235,0
7,-3,184,1,235,0
-1,7,59,1,235,0
-4,0,89,1,235,0
-5,1,99,1,235,0
8,-6,111,1,235,0
5,-7,111,1,235,0
1,-5,158,1,235,0
4,3,168,1,235,0
1,0,169,1,235,0
2,1,179,1,235,0
5,4,185,1,235,0
3,2,189,1,235,0
3,-1,191,1,235,0
8,7,191,1,235,0
-1,-6,202,1,235,0
7,6,204,1,235,0
6,5,207,1,235,0
0,-2,234,1,235,0
4,-4,234,1,235,0
-7,4,6,1,235,0
0,0,48,1,235,0
-1,8,58,1,235,0
-3,0,66,1,235,0
-5,2,106,1,235,0
8,-7,107,1,235,0
3,-2,108,1,235,0
5,-8,118,1,235,0
7,-4,191,1,235,0
6,-1,153,1,235,0
4,4,163,1,235,0
1,-6,164,1,235,0
1,1,165,1,235,0
5,5,187,1,235,0
3,3,193,1,235,0
8,8,195,1,235,0
2,2,201,1,235,0
7,7,205,1,235,0
6,6,215,1,235,0
4,-5,232,1,235,0
3,-3,1,1,235,0
-7,5,9,1,235,0
1,-7,23,1,235,0
-4,2,34,1,235,0
-2,0,59,1,235,0
-3,-4,65,1,235,0
0,-4,84,1,235,0
8,-8,99,1,235,0
-5,3,109,1,235,0
7,-5,197,1,235,0
6,-2,149,1,235,0
3,4,161,1,235,0
0,1,162,1,235,0
-1,-8,185,1,235,0
2,3,194,1,235,0
7,8,197,1,235,0
4,5,199,1,235,0
5,6,223,1,235,0
4,-6,224,1,235,0
6,7,233,1,235,0
1,2,234,1,235,0
9,1,3,1,235,0
-7,6,11,1,235,0
1,-8,17,1,235,0
-3,2,39,1,235,0
-6,-4,46,1,235,0
-1,0,54,1,235,0
0,2,59,1,235,0
7,-6,222,1,235,0
-4,3,115,1,235,0
4,-7,129,1,235,0
8,0,163,1,235,0
6,-3,141,1,235,0
2,4,154,1,235,0
2,-1,177,1,235,0
4,6,195,1,235,0
3,5,201,1,235,0
5,7,232,1,235,0
1,3,233,1,235,0
6,8,234,1,235,0
-6,6,19,1,235,0
3,-5,35,1,235,0
7,-7,221,1,235,0
6,-4,106,1,235,0
2,-2,99,1,235,0
1,4,117,1,235,0
-4,4,118,1,235,0
7,0,158,1,235,0
-2,2,145,1,235,0
2,5,149,1,235,0
-1,1,154,1,235,0
5,-1,187,1,235,0
0,-6,197,1,235,0
3,6,208,1,235,0
-2,-3,219,1,235,0
8,1,224,1,235,0
4,7,228,1,235,0
5,8,234,1,235,0
-5,6,25,1,235,0
8,-1,168,1,235,0
6,-5,54,1,235,0
7,-8,213,1,235,0
2,-3,98,1,235,0
1,5,103,1,235,0
-3,4,126,1,235,0
6,0,133,1,235,0
-2,3,141,1,235,0
3,-6,142,1,235,0
2,6,143,1,235,0
5,-2,146,1,235,0
-1,2,149,1,235,0
4,8,159,1,235,0
0,4,174,1,235,0
0,-7,193,1,235,0
-2,-4,217,1,235,0
3,7,225,1,235,0
8,2,229,1,235,0
7,1,233,1,235,0
-1,3,4,1,235,0
-4,6,31,1,235,0
8,-2,177,1,235,0
1,6,41,1,235,0
-5,-4,53,1,235,0
6,-6,235,1,235,0
5,-3,96,1,235,0
-2,4,134,1,235,0
3,-7,141,1,235,0
0,5,183,1,235,0
0,-8,186,1,235,0
5,0,202,1,235,0
-2,-5,209,1,235,0
3,8,219,1,235,0
8,3,227,1,235,0
-1,-2,229,1,235,0
2,7,232,1,235,0
7,2,234,1,235,0
6,1,234,1,235,0
-8,-4,34,1,235,0
5,-4,98,1,235,0
6,-7,99,1,235,0
8,-3,182,1,235,0
8,4,123,1,235,0
2,8,129,1,235,0
3,-8,133,1,235,0
6,2,146,1,235,0
2,-5,152,1,235,0
-1,4,168,1,235,0
4,-1,195,1,235,0
4,0,201,1,235,0
5,1,208,1,235,0
0,6,211,1,235,0
7,3,226,1,235,0
-2,5,225,1,235,0
-1,-3,226,1,235,0
-3,6,233,1,235,0
1,7,234,1,235,0
7,-1,169,1,235,0
-3,7,41,1,235,0
1,8,69,1,235,0
-1,-4,78,1,235,0
1,-3,92,1,235,0
6,-8,101,1,235,0
8,-4,125,1,235,0
2,-6,149,1,235,0
5,2,153,1,235,0
8,5,168,1,235,0
4,1,169,1,235,0
6,3,175,1,235,0
3,0,193,1,235,0
7,4,201,1,235,0
4,-2,202,1,235,0
0,7,207,1,235,0
-1,5,219,1,235,0
-2,6,229,1,235,0
5,-5,233,1,235,0
2,-7,29,1,236,0
-3,8,44,1,236,0
7,-2,171,1,236,0
-2,7,52,1,236,0
-4,-4,59,1,236,0
5,-6,233,1,236,0
1,-4,86,1,236,0
-5,0,92,1,236,0
8,-5,121,1,236,0
8,6,142,1,236,0
4,2,161,1,236,0
5,3,176,1,236,0
2,0,176,1,236,0
3,1,184,1,236,0
7,5,192,1,236,0
6,4,194,1,236,0
0,8,199,1,236,0
4,-3,208,1,236,0
-1,-5,208,1,236,0
-1,6,217,1,236,0
-7,3,13,1,236,0
-6,2,21,1,236,0
-7,-4,39,1,236,0
7,-3,184,1,236,0
-1,7,59,1,236,0
-4,0,89,1,236,0
-5,1,99,1,236,0
8,-6,111,1,236,0
5,-7,111,1,236,0
1,-5,158,1,236,0
4,3,168,1,236,0
1,0,169,1,236,0
2,1,179,1,236,0
5,4,185,1,236,0
3,2,189,1,236,0
3,-1,191,1,236,0
8,7,191,1,236,0
-1,-6,202,1,236,0
7,6,204,1,236,0
6,5,207,1,236,0
0,-2,235,1,236,0
4,-4,235,1,236,0
-7,4,6,1,236,0
0,0,48,1,236,0
-1,8,58,1,236,0
-3,0,66,1,236,0
-5,2,106,1,236,0
8,-7,107,1,236,0
3,-2,108,1,236,0
5,-8,118,1,236,0
7,-4,191,1,236,0
6,-1,153,1,236,0
4,4,163,1,236,0
1,-6,164,1,236,0
1,1,165,1,236,0
5,5,187,1,236,0
3,3,193,1,236,0
8,8,195,1,236,0
2,2,201,1,236,0
7,7,205,1,236,0
6,6,215,1,236,0
4,-5,232,1,236,0
3,-3,1,1,236,0
-7,5,9,1,236,0
1,-7,23,1,236,0
-4,2,34,1,236,0
-2,0,59,1,236,0
-3,-4,65,1,236,0
0,-4,84,1,236,0
8,-8,99,1,236,0
-5,3,109,1,236,0
7,-5,197,1,236,0
6,-2,149,1,236,0
3,4,161,1,236,0
0,1,162,1,236,0
-1,-8,185,1,236,0
2,3,194,1,236,0
7,8,197,1,236,0
4,5,199,1,236,0
5,6,223,1,236,0
4,-6,224,1,236,0
6,7,233,1,236,0
1,2,235,1,236,0
9,1,3,1,236,0
-7,6,11,1,236,0
1,-8,17,1,236,0
-3,2,39,1,236,0
-6,-4,46,1,236,0
-1,0,54,1,236,0
0,2,59,1,236,0
7,-6,222,1,236,0
-4,3,115,1,236,0
4,-7,129,1,236,0
8,0,163,1,236,0
6,-3,141,1,236,0
2,4,154,1,236,0
2,-1,177,1,236,0
4,6,195,1,236,0
3,5,201,1,236,0
5,7,232,1,236,0
1,3,233,1,236,0
6,8,235,1,236,0
-6,6,19,1,236,0
3,-5,35,1,236,0
7,-7,221,1,236,0
6,-4,106,1,236,0
2,-2,99,1,236,0
1,4,117,1,236,0
-4,4,118,1,236,0
7,0,158,1,236,0
-2,2,145,1,236,0
2,5,149,1,236,0
-1,1,154,1,236,0
5,-1,187,1,236,0
0,-6,197,1,236,0
3,6,208,1,236,0
-2,-3,219,1,236,0
8,1,224,1,236,0
4,7,228,1,236,0
5,8,235,1,236,0
-5,6,25,1,236,0
8,-1,168,1,236,0
6,-5,54,1,236,0
7,-8,213,1,236,0
2,-3,98,1,236,0
1,5,103,1,236,0
-3,4,126,1,236,0
6,0,133,1,236,0
-2,3,141,1,236,0
3,-6,142,1,236,0
2,6,143,1,236,0
5,-2,146,1,236,0
-1,2,149,1,236,0
4,8,159,1,236,0
0,4,174,1,236,0
0,-7,193,1,236,0
-2,-4,217,1,236,0
3,7,225,1,236,0
8,2,229,1,236,0
7,1,233,1,236,0
-1,3,4,1,236,0
-4,6,31,1,236,0
8,-2,177,1,236,0
1,6,41,1,236,0
-5,-4,53,1,236,0
6,-6,236,1,236,0
5,-3,96,1,236,0
-2,4,134,1,236,0
3,-7,141,1,236,0
0,5,183,1,236,0
0,-8,186,1,236,0
5,0,202,1,236,0
-2,-5,209,1,236,0
3,8,219,1,236,0
8,3,227,1,236,0
-1,-2,229,1,236,0
2,7,232,1,236,0
7,2,235,1,236,0
6,1,235,1,236,0
-8,-4,34,1,236,0
5,-4,98,1,236,0
6,-7,99,1,236,0
8,-3,182,1,236,0
8,4,123,1,236,0
2,8,129,1,236,0
3,-8,133,1,236,0
6,2,146,1,236,0
2,-5,152,1,236,0
-1,4,168,1,236,0
4,-1,195,1,236,0
4,0,201,1,236,0
5,1,208,1,236,0
0,6,211,1,236,0
7,3,226,1,236,0
-2,5,225,1,236,0
-1,-3,226,1,236,0
-3,6,234,1,236,0
1,7,235,1,236,0
7,-1,169,1,236,0
1,8,69,1,236,0
-1,-4,78,1,236,0
1,-3,92,1,236,0
6,-8,101,1,236,0
8,-4,125,1,236,0
2,-6,149,1,236,0
5,2,153,1,236,0
8,5,168,1,236,0
4,1,169,1,236,0
6,3,175,1,236,0
3,0,193,1,236,0
7,4,201,1,236,0
4,-2,202,1,236,0
0,7,207,1,236,0
-1,5,219,1,236,0
-2,6,229,1,236,0
5,-5,233,1,236,0
-3,7,235,1,236,0
2,-7,29,1,237,0
-3,8,44,1,237,0
7,-2,171,1,237,0
-2,7,52,1,237,0
-4,-4,59,1,237,0
5,-6,233,1,237,0
1,-4,86,1,237,0
-5,0,92,1,237,0
8,-5,121,1,237,0
8,6,142,1,237,0
4,2,161,1,237,0
5,3,176,1,237,0
2,0,176,1,237,0
3,1,184,1,237,0
7,5,192,1,237,0
6,4,194,1,237,0
0,8,199,1,237,0
4,-3,208,1,237,0
-1,-5,208,1,237,0
-1,6,217,1,237,0
-7,3,13,1,237,0
-6,2,21,1,237,0
-7,-4,39,1,237,0
7,-3,184,1,237,0
-1,7,59,1,237,0
-4,0,89,1,237,0
-5,1,99,1,237,0
8,-6,111,1,237,0
5,-7,111,1,237,0
1,-5,158,1,237,0
4,3,168,1,237,0
1,0,169,1,237,0
2,1,179,1,237,0
5,4,185,1,237,0
3,2,189,1,237,0
3,-1,191,1,237,0
8,7,191,1,237,0
-1,-6,202,1,237,0
7,6,204,1,237,0
6,5,207,1,237,0
0,-2,236,1,237,0
4,-4,236,1,237,0
-7,4,6,1,237,0
0,0,48,1,237,0
-1,8,58,1,237,0
-3,0,66,1,237,0
-5,2,106,1,237,0
8,-7,107,1,237,0
3,-2,108,1,237,0
5,-8,118,1,237,0
7,-4,191,1,237,0
6,-1,153,1,237,0
4,4,163,1,237,0
1,-6,164,1,237,0
1,1,165,1,237,0
5,5,187,1,237,0
3,3,193,1,237,0
8,8,195,1,237,0
2,2,201,1,237,0
7,7,205,1,237,0
6,6,215,1,237,0
4,-5,232,1,237,0
3,-3,1,1,237,0
-7,5,9,1,237,0
1,-7,23,1,237,0
-4,2,34,1,237,0
-2,0,59,1,237,0
-3,-4,65,1,237,0
0,-4,84,1,237,0
8,-8,99,1,237,0
-5,3,109,1,237,0
7,-5,197,1,237,0
6,-2,149,1,237,0
3,4,161,1,237,0
0,1,162,1,237,0
-1,-8,185,1,237,0
2,3,194,1,237,0
7,8,197,1,237,0
4,5,199,1,237,0
5,6,223,1,237,0
4,-6,224,1,237,0
6,7,233,1,237,0
1,2,236,1,237,0
9,1,3,1,237,0
-7,6,11,1,237,0
1,-8,17,1,237,0
-3,2,39,1,237,0
-6,-4,46,1,237,0
-1,0,54,1,237,0
0,2,59,1,237,0
7,-6,222,1,237,0
-4,3,115,1,237,0
4,-7,129,1,237,0
8,0,163,1,237,0
6,-3,141,1,237,0
2,4,154,1,237,0
2,-1,177,1,237,0
4,6,195,1,237,0
3,5,201,1,237,0
1,3,233,1,237,0
6,8,236,1,237,0
5,7,236,1,237,0
-6,6,19,1,237,0
3,-5,35,1,237,0
7,-7,221,1,237,0
6,-4,106,1,237,0
2,-2,99,1,237,0
1,4,117,1,237,0
-4,4,118,1,237,0
7,0,158,1,237,0
-2,2,145,1,237,0
2,5,149,1,237,0
-1,1,154,1,237,0
5,-1,187,1,237,0
0,-6,197,1,237,0
3,6,208,1,237,0
-2,-3,219,1,237,0
8,1,224,1,237,0
4,7,228,1,237,0
5,8,235,1,237,0
-5,6,25,1,237,0
8,-1,168,1,237,0
6,-5,54,1,237,0
7,-8,213,1,237,0
2,-3,98,1,237,0
1,5,103,1,237,0
-3,4,126,1,237,0
6,0,133,1,237,0
-2,3,141,1,237,0
3,-6,142,1,237,0
2,6,143,1,237,0
5,-2,146,1,237,0
-1,2,149,1,237,0
4,8,159,1,237,0
0,4,174,1,237,0
0,-7,193,1,237,0
-2,-4,217,1,237,0
3,7,225,1,237,0
8,2,229,1,237,0
7,1,233,1,237,0
-1,3,4,1,237,0
-4,6,31,1,237,0
8,-2,177,1,237,0
1,6,41,1,237,0
-5,-4,53,1,237,0
6,-6,237,1,237,0
5,-3,96,1,237,0
-2,4,134,1,237,0
3,-7,141,1,237,0
0,5,183,1,237,0
0,-8,186,1,237,0
5,0,202,1,237,0
-2,-5,209,1,237,0
3,8,219,1,237,0
8,3,227,1,237,0
-1,-2,229,1,237,0
2,7,232,1,237,0
7,2,235,1,237,0
6,1,236,1,237,0
-8,-4,34,1,237,0
5,-4,98,1,237,0
6,-7,99,1,237,0
8,-3,182,1,237,0
8,4,123,1,237,0
2,8,129,1,237,0
3,-8,133,1,237,0
6,2,146,1,237,0
2,-5,152,1,237,0
-1,4,168,1,237,0
4,-1,195,1,237,0
4,0,201,1,237,0
5,1,208,1,237,0
0,6,211,1,237,0
7,3,226,1,237,0
-2,5,225,1,237,0
-1,-3,226,1,237,0
-3,6,234,1,237,0
1,7,236,1,237,0
7,-1,169,1,237,0
1,8,69,1,237,0
-1,-4,78,1,237,0
1,-3,92,1,237,0
6,-8,101,1,237,0
8,-4,125,1,237,0
2,-6,149,1,237,0
5,2,153,1,237,0
8,5,168,1,237,0
4,1,169,1,237,0
6,3,175,1,237,0
3,0,193,1,237,0
7,4,201,1,237,0
4,-2,202,1,237,0
0,7,207,1,237,0
-1,5,219,1,237,0
-2,6,229,1,237,0
5,-5,233,1,237,0
-3,7,235,1,237,0
2,-7,29,1,238,0
-3,8,44,1,238,0
7,-2,171,1,238,0
-2,7,52,1,238,0
-4,-4,59,1,238,0
5,-6,238,1,238,0
1,-4,86,1,238,0
-5,0,92,1,238,0
8,-5,121,1,238,0
8,6,142,1,238,0
4,2,161,1,238,0
5,3,176,1,238,0
2,0,176,1,238,0
3,1,184,1,238,0
7,5,192,1,238,0
6,4,194,1,238,0
0,8,199,1,238,0
4,-3,208,1,238,0
-1,-5,208,1,238,0
-1,6,217,1,238,0
-7,3,13,1,238,0
-6,2,21,1,238,0
-7,-4,39,1,238,0
7,-3,184,1,238,0
-1,7,59,1,238,0
-4,0,89,1,238,0
-5,1,99,1,238,0
8,-6,111,1,238,0
5,-7,111,1,238,0
1,-5,158,1,238,0
4,3,168,1,238,0
1,0,169,1,238,0
2,1,179,1,238,0
5,4,185,1,238,0
3,2,189,1,238,0
3,-1,191,1,238,0
8,7,191,1,238,0
-1,-6,202,1,238,0
7,6,204,1,238,0
6,5,207,1,238,0
0,-2,237,1,238,0
4,-4,237,1,238,0
-7,4,6,1,238,0
0,0,48,1,238,0
-1,8,58,1,238,0
-3,0,66,1,238,0
-5,2,106,1,238,0
8,-7,107,1,238,0
3,-2,108,1,238,0
5,-8,118,1,238,0
7,-4,191,1,238,0
6,-1,153,1,238,0
4,4,163,1,238,0
1,-6,164,1,238,0
1,1,165,1,238,0
5,5,187,1,238,0
3,3,193,1,238,0
8,8,195,1,238,0
2,2,201,1,238,0
7,7,205,1,238,0
6,6,215,1,238,0
4,-5,232,1,238,0
3,-3,1,1,238,0
-7,5,9,1,238,0
1,-7,23,1,238,0
-4,2,34,1,238,0
-2,0,59,1,238,0
-3,-4,65,1,238,0
0,-4,84,1,238,0
8,-8,99,1,238,0
-5,3,109,1,238,0
7,-5,197,1,238,0
6,-2,149,1,238,0
3,4,161,1,238,0
0,1,162,1,238,0
-1,-8,185,1,238,0
2,3,194,1,238,0
7,8,197,1,238,0
4,5,199,1,238,0
5,6,223,1,238,0
4,-6,224,1,238,0
6,7,233,1,238,0
1,2,236,1,238,0
9,1,3,1,238,0
-7,6,11,1,238,0
1,-8,17,1,238,0
-3,2,39,1,238,0
-6,-4,46,1,238,0
-1,0,54,1,238,0
0,2,59,1,238,0
7,-6,222,1,238,0
-4,3,115,1,238,0
4,-7,129,1,238,0
8,0,163,1,238,0
6,-3,141,1,238,0
2,4,154,1,238,0
2,-1,177,1,238,0
4,6,195,1,238,0
3,5,201,1,238,0
1,3,233,1,238,0
5,7,236,1,238,0
6,8,237,1,238,0
-6,6,19,1,238,0
3,-5,35,1,238,0
7,-7,221,1,238,0
6,-4,106,1,238,0
2,-2,99,1,238,0
1,4,117,1,238,0
-4,4,118,1,238,0
7,0,158,1,238,0
-2,2,145,1,238,0
2,5,149,1,238,0
-1,1,154,1,238,0
5,-1,187,1,238,0
0,-6,197,1,238,0
3,6,208,1,238,0
-2,-3,219,1,238,0
8,1,224,1,238,0
5,8,235,1,238,0
4,7,237,1,238,0
-5,6,25,1,238,0
8,-1,168,1,238,0
6,-5,54,1,238,0
7,-8,213,1,238,0
2,-3,98,1,238,0
1,5,103,1,238,0
-3,4,126,1,238,0
6,0,133,1,238,0
-2,3,141,1,238,0
3,-6,142,1,238,0
2,6,143,1,238,0
5,-2,146,1,238,0
-1,2,149,1,238,0
4,8,159,1,238,0
0,4,174,1,238,0
0,-7,193,1,238,0
-2,-4,217,1,238,0
3,7,225,1,238,0
8,2,229,1,238,0
7,1,233,1,238,0
-1,3,4,1,238,0
-4,6,31,1,238,0
8,-2,177,1,238,0
1,6,41,1,238,0
-5,-4,53,1,238,0
6,-6,237,1,238,0
5,-3,96,1,238,0
-2,4,134,1,238,0
3,-7,141,1,238,0
0,5,183,1,238,0
0,-8,186,1,238,0
5,0,202,1,238,0
-2,-5,209,1,238,0
3,8,219,1,238,0
8,3,227,1,238,0
-1,-2,229,1,238,0
7,2,236,1,238,0
2,7,237,1,238,0
6,1,237,1,238,0
-8,-4,34,1,238,0
5,-4,98,1,238,0
6,-7,99,1,238,0
8,-3,182,1,238,0
8,4,123,1,238,0
2,8,129,1,238,0
3,-8,133,1,238,0
6,2,146,1,238,0
2,-5,152,1,238,0
-1,4,168,1,238,0
4,-1,195,1,238,0
4,0,201,1,238,0
5,1,208,1,238,0
0,6,211,1,238,0
7,3,226,1,238,0
-2,5,225,1,238,0
-1,-3,226,1,238,0
-3,6,234,1,238,0
1,7,236,1,238,0
7,-1,169,1,238,0
1,8,69,1,238,0
-1,-4,78,1,238,0
1,-3,92,1,238,0
6,-8,101,1,238,0
8,-4,125,1,238,0
2,-6,149,1,238,0
5,2,153,1,238,0
8,5,168,1,238,0
4,1,169,1,238,0
6,3,175,1,238,0
3,0,193,1,238,0
7,4,201,1,238,0
4,-2,202,1,238,0
0,7,207,1,238,0
-1,5,219,1,238,0
-2,6,229,1,238,0
5,-5,233,1,238,0
-3,7,237,1,238,0
2,-7,29,1,239,0
-3,8,44,1,239,0
7,-2,171,1,239,0
-2,7,52,1,239,0
-4,-4,59,1,239,0
5,-6,239,1,239,0
1,-4,86,1,239,0
-5,0,92,1,239,0
8,-5,121,1,239,0
8,6,142,1,239,0
4,2,161,1,239,0
5,3,176,1,239,0
2,0,176,1,239,0
3,1,184,1,239,0
7,5,192,1,239,0
6,4,194,1,239,0
0,8,199,1,239,0
4,-3,208,1,239,0
-1,-5,208,1,239,0
-1,6,217,1,239,0
-7,3,13,1,239,0
-6,2,21,1,239,0
-7,-4,39,1,239,0
7,-3,184,1,239,0
-1,7,59,1,239,0
-4,0,89,1,239,0
-5,1,99,1,239,0
8,-6,111,1,239,0
5,-7,111,1,239,0
1,-5,158,1,239,0
4,3,168,1,239,0
1,0,169,1,239,0
2,1,179,1,239,0
5,4,185,1,239,0
3,2,189,1,239,0
3,-1,191,1,239,0
8,7,191,1,239,0
-1,-6,202,1,239,0
7,6,204,1,239,0
6,5,207,1,239,0
0,-2,237,1,239,0
4,-4,238,1,239,0
-7,4,6,1,239,0
0,0,48,1,239,0
-1,8,58,1,239,0
-3,0,66,1,239,0
-5,2,106,1,239,0
8,-7,107,1,239,0
3,-2,108,1,239,0
5,-8,118,1,239,0
7,-4,191,1,239,0
6,-1,153,1,239,0
4,4,163,1,239,0
1,-6,164,1,239,0
1,1,165,1,239,0
5,5,187,1,239,0
3,3,193,1,239,0
8,8,195,1,239,0
2,2,201,1,239,0
7,7,205,1,239,0
6,6,215,1,239,0
4,-5,232,1,239,0
3,-3,1,1,239,0
-7,5,9,1,239,0
1,-7,23,1,239,0
-4,2,34,1,239,0
-2,0,59,1,239,0
-3,-4,65,1,239,0
0,-4,84,1,239,0
8,-8,99,1,239,0
-5,3,109,1,239,0
7,-5,197,1,239,0
6,-2,149,1,239,0
3,4,161,1,239,0
0,1,162,1,239,0
-1,-8,185,1,239,0
2,3,194,1,239,0
7,8,197,1,239,0
4,5,199,1,239,0
5,6,223,1,239,0
4,-6,224,1,239,0
1,2,237,1,239,0
6,7,238,1,239,0
9,1,3,1,239,0
-7,6,11,1,239,0
1,-8,17,1,239,0
-3,2,39,1,239,0
-6,-4,46,1,239,0
-1,0,54,1,239,0
0,2,59,1,239,0
7,-6,222,1,239,0
-4,3,115,1,239,0
4,-7,129,1,239,0
8,0,163,1,239,0
6,-3,141,1,239,0
2,4,154,1,239,0
2,-1,177,1,239,0
4,6,195,1,239,0
3,5,201,1,239,0
1,3,233,1,239,0
5,7,236,1,239,0
6,8,237,1,239,0
-6,6,19,1,239,0
3,-5,35,1,239,0
7,-7,221,1,239,0
6,-4,106,1,239,0
2,-2,99,1,239,0
1,4,117,1,239,0
-4,4,118,1,239,0
7,0,158,1,239,0
-2,2,145,1,239,0
2,5,149,1,239,0
-1,1,154,1,239,0
5,-1,187,1,239,0
0,-6,197,1,239,0
3,6,208,1,239,0
-2,-3,219,1,239,0
8,1,224,1,239,0
5,8,235,1,239,0
4,7,238,1,239,0
-5,6,25,1,239,0
8,-1,168,1,239,0
6,-5,54,1,239,0
7,-8,213,1,239,0
2,-3,98,1,239,0
1,5,103,1,239,0
-3,4,126,1,239,0
6,0,133,1,239,0
-2,3,141,1,239,0
3,-6,142,1,239,0
2,6,143,1,239,0
5,-2,146,1,239,0
-1,2,149,1,239,0
4,8,159,1,239,0
0,4,174,1,239,0
0,-7,193,1,239,0
-2,-4,217,1,239,0
3,7,225,1,239,0
8,2,229,1,239,0
7,1,233,1,239,0
-1,3,4,1,239,0
-4,6,31,1,239,0
8,-2,177,1,239,0
1,6,41,1,239,0
-5,-4,53,1,239,0
6,-6,237,1,239,0
5,-3,96,1,239,0
-2,4,134,1,239,0
3,-7,141,1,239,0
0,5,183,1,239,0
0,-8,186,1,239,0
5,0,202,1,239,0
-2,-5,209,1,239,0
3,8,219,1,239,0
8,3,227,1,239,0
-1,-2,229,1,239,0
7,2,236,1,239,0
2,7,238,1,239,0
6,1,238,1,239,0
-8,-4,34,1,239,0
5,-4,98,1,239,0
6,-7,99,1,239,0
8,-3,182,1,239,0
8,4,123,1,239,0
2,8,129,1,239,0
3,-8,133,1,239,0
6,2,146,1,239,0
2,-5,152,1,239,0
-1,4,168,1,239,0
4,-1,195,1,239,0
4,0,201,1,239,0
5,1,208,1,239,0
0,6,211,1,239,0
-2,5,225,1,239,0
-1,-3,226,1,239,0
-3,6,234,1,239,0
1,7,236,1,239,0
1,-2,238,1,239,0
7,3,237,1,239,0
7,-1,169,1,239,0
1,8,69,1,239,0
-1,-4,78,1,239,0
1,-3,92,1,239,0
6,-8,101,1,239,0
8,-4,125,1,239,0
2,-6,149,1,239,0
5,2,153,1,239,0
8,5,168,1,239,0
4,1,169,1,239,0
6,3,175,1,239,0
3,0,193,1,239,0
7,4,201,1,239,0
4,-2,202,1,239,0
0,7,207,1,239,0
-1,5,219,1,239,0
-2,6,229,1,239,0
5,-5,233,1,239,0
-3,7,238,1,239,0
2,-7,29,1,240,0
-3,8,44,1,240,0
7,-2,171,1,240,0
-2,7,52,1,240,0
-4,-4,59,1,240,0
5,-6,239,1,240,0
1,-4,86,1,240,0
-5,0,92,1,240,0
8,-5,121,1,240,0
8,6,142,1,240,0
4,2,161,1,240,0
5,3,176,1,240,0
2,0,176,1,240,0
3,1,184,1,240,0
7,5,192,1,240,0
6,4,194,1,240,0
0,8,199,1,240,0
4,-3,208,1,240,0
-1,-5,208,1,240,0
-1,6,217,1,240,0
-7,3,13,1,240,0
-6,2,21,1,240,0
-7,-4,39,1,240,0
7,-3,184,1,240,0
-1,7,59,1,240,0
-4,0,89,1,240,0
-5,1,99,1,240,0
8,-6,111,1,240,0
5,-7,111,1,240,0
1,-5,158,1,240,0
4,3,168,1,240,0
1,0,169,1,240,0
2,1,179,1,240,0
5,4,185,1,240,0
3,2,189,1,240,0
3,-1,191,1,240,0
8,7,191,1,240,0
-1,-6,202,1,240,0
7,6,204,1,240,0
6,5,207,1,240,0
0,-2,237,1,240,0
4,-4,239,1,240,0
-7,4,6,1,240,0
0,0,48,1,240,0
-1,8,58,1,240,0
-3,0,66,1,240,0
-5,2,106,1,240,0
8,-7,107,1,240,0
3,-2,108,1,240,0
5,-8,118,1,240,0
7,-4,191,1,240,0
6,-1,153,1,240,0
4,4,163,1,240,0
1,-6,164,1,240,0
1,1,165,1,240,0
5,5,187,1,240,0
3,3,193,1,240,0
8,8,195,1,240,0
2,2,201,1,240,0
7,7,205,1,240,0
6,6,215,1,240,0
4,-5,232,1,240,0
3,-3,1,1,240,0
-7,5,9,1,240,0
1,-7,23,1,240,0
-4,2,34,1,240,0
-2,0,59,1,240,0
-3,-4,65,1,240,0
0,-4,84,1,240,0
8,-8,99,1,240,0
-5,3,109,1,240,0
7,-5,197,1,240,0
6,-2,149,1,240,0
3,4,161,1,240,0
0,1,162,1,240,0
-1,-8,185,1,240,0
2,3,194,1,240,0
7,8,197,1,240,0
4,5,199,1,240,0
5,6,223,1,240,0
4,-6,224,1,240,0
1,2,237,1,240,0
6,7,239,1,240,0
9,1,3,1,240,0
-7,6,11,1,240,0
1,-8,17,1,240,0
-3,2,39,1,240,0
-6,-4,46,1,240,0
-1,0,54,1,240,0
7,-6,222,1,240,0
-4,3,115,1,240,0
4,-7,129,1,240,0
8,0,163,1,240,0
6,-3,141,1,240,0
2,4,154,1,240,0
2,-1,177,1,240,0
4,6,195,1,240,0
3,5,201,1,240,0
1,3,233,1,240,0
5,7,236,1,240,0
6,8,237,1,240,0
0,2,238,1,240,0
-6,6,19,1,240,0
3,-5,35,1,240,0
7,-7,221,1,240,0
6,-4,106,1,240,0
2,-2,99,1,240,0
1,4,117,1,240,0
-4,4,118,1,240,0
7,0,158,1,240,0
-2,2,145,1,240,0
2,5,149,1,240,0
-1,1,154,1,240,0
5,-1,187,1,240,0
0,-6,197,1,240,0
3,6,208,1,240,0
-2,-3,219,1,240,0
8,1,224,1,240,0
5,8,235,1,240,0
4,7,239,1,240,0
-5,6,25,1,240,0
8,-1,168,1,240,0
6,-5,54,1,240,0
7,-8,213,1,240,0
2,-3,98,1,240,0
1,5,103,1,240,0
-3,4,126,1,240,0
6,0,133,1,240,0
-2,3,141,1,240,0
3,-6,142,1,240,0
2,6,143,1,240,0
5,-2,146,1,240,0
-1,2,149,1,240,0
4,8,159,1,240,0
0,4,174,1,240,0
0,-7,193,1,240,0
-2,-4,217,1,240,0
3,7,225,1,240,0
8,2,229,1,240,0
7,1,233,1,240,0
-1,3,4,1,240,0
-4,6,31,1,240,0
8,-2,177,1,240,0
1,6,41,1,240,0
-5,-4,53,1,240,0
6,-6,237,1,240,0
5,-3,96,1,240,0
-2,4,134,1,240,0
3,-7,141,1,240,0
0,5,183,1,240,0
0,-8,186,1,240,0
5,0,202,1,240,0
-2,-5,209,1,240,0
3,8,219,1,240,0
8,3,227,1,240,0
-1,-2,229,1,240,0
7,2,236,1,240,0
1,-1,239,1,240,0
2,7,239,1,240,0
6,1,239,1,240,0
-8,-4,34,1,240,0
5,-4,98,1,240,0
6,-7,99,1,240,0
8,-3,182,1,240,0
8,4,123,1,240,0
2,8,129,1,240,0
3,-8,133,1,240,0
6,2,146,1,240,0
2,-5,152,1,240,0
-1,4,168,1,240,0
4,-1,195,1,240,0
4,0,201,1,240,0
5,1,208,1,240,0
0,6,211,1,240,0
-2,5,225,1,240,0
-1,-3,226,1,240,0
-3,6,234,1,240,0
1,7,236,1,240,0
1,-2,238,1,240,0
7,3,237,1,240,0
7,-1,169,1,240,0
1,8,69,1,240,0
-1,-4,78,1,240,0
1,-3,92,1,240,0
6,-8,101,1,240,0
8,-4,125,1,240,0
2,-6,149,1,240,0
5,2,153,1,240,0
8,5,168,1,240,0
4,1,169,1,240,0
3,0,193,1,240,0
7,4,201,1,240,0
4,-2,202,1,240,0
0,7,207,1,240,0
-1,5,219,1,240,0
-2,6,229,1,240,0
5,-5,233,1,240,0
-3,7,238,1,240,0
6,3,238,1,240,0
2,-7,29,1,241,0
-3,8,44,1,241,0
7,-2,171,1,241,0
-2,7,52,1,241,0
-4,-4,59,1,241,0
5,-6,239,1,241,0
1,-4,86,1,241,0
-5,0,92,1,241,0
8,-5,121,1,241,0
8,6,142,1,241,0
4,2,161,1,241,0
5,3,176,1,241,0
2,0,176,1,241,0
3,1,184,1,241,0
7,5,192,1,241,0
6,4,194,1,241,0
0,8,199,1,241,0
4,-3,208,1,241,0
-1,-5,208,1,241,0
-1,6,217,1,241,0
-7,3,13,1,241,0
-6,2,21,1,241,0
-7,-4,39,1,241,0
7,-3,184,1,241,0
-1,7,59,1,241,0
-4,0,89,1,241,0
-5,1,99,1,241,0
8,-6,111,1,241,0
5,-7,111,1,241,0
1,-5,158,1,241,0
4,3,168,1,241,0
1,0,169,1,241,0
2,1,179,1,241,0
5,4,185,1,241,0
3,2,189,1,241,0
3,-1,191,1,241,0
8,7,191,1,241,0
-1,-6,202,1,241,0
7,6,204,1,241,0
6,5,207,1,241,0
0,-2,237,1,241,0
4,-4,239,1,241,0
-7,4,6,1,241,0
0,0,48,1,241,0
-1,8,58,1,241,0
-3,0,66,1,241,0
-5,2,106,1,241,0
8,-7,107,1,241,0
3,-2,108,1,241,0
5,-8,118,1,241,0
7,-4,191,1,241,0
6,-1,153,1,241,0
4,4,163,1,241,0
1,-6,164,1,241,0
1,1,165,1,241,0
5,5,187,1,241,0
3,3,193,1,241,0
8,8,195,1,241,0
2,2,201,1,241,0
7,7,205,1,241,0
6,6,215,1,241,0
4,-5,232,1,241,0
3,-3,1,1,241,0
-7,5,9,1,241,0
1,-7,23,1,241,0
-4,2,34,1,241,0
-2,0,59,1,241,0
-3,-4,65,1,241,0
0,-4,84,1,241,0
8,-8,99,1,241,0
-5,3,109,1,241,0
7,-5,197,1,241,0
6,-2,149,1,241,0
3,4,161,1,241,0
0,1,162,1,241,0
-1,-8,185,1,241,0
2,3,194,1,241,0
7,8,197,1,241,0
4,5,199,1,241,0
5,6,223,1,241,0
4,-6,224,1,241,0
1,2,237,1,241,0
6,7,239,1,241,0
9,1,3,1,241,0
-7,6,11,1,241,0
1,-8,17,1,241,0
-3,2,39,1,241,0
-6,-4,46,1,241,0
-1,0,54,1,241,0
7,-6,222,1,241,0
-4,3,115,1,241,0
4,-7,129,1,241,0
8,0,163,1,241,0
6,-3,141,1,241,0
2,4,154,1,241,0
2,-1,177,1,241,0
4,6,195,1,241,0
3,5,201,1,241,0
1,3,233,1,241,0
5,7,236,1,241,0
6,8,237,1,241,0
0,2,239,1,241,0
-6,6,19,1,241,0
3,-5,35,1,241,0
7,-7,221,1,241,0
6,-4,106,1,241,0
2,-2,99,1,241,0
1,4,117,1,241,0
-4,4,118,1,241,0
7,0,158,1,241,0
-2,2,145,1,241,0
2,5,149,1,241,0
-1,1,154,1,241,0
5,-1,187,1,241,0
0,-6,197,1,241,0
3,6,208,1,241,0
-2,-3,219,1,241,0
8,1,224,1,241,0
5,8,235,1,241,0
4,7,239,1,241,0
-5,6,25,1,241,0
8,-1,168,1,241,0
6,-5,54,1,241,0
7,-8,213,1,241,0
2,-3,98,1,241,0
1,5,103,1,241,0
-3,4,126,1,241,0
6,0,133,1,241,0
-2,3,141,1,241,0
3,-6,142,1,241,0
2,6,143,1,241,0
5,-2,146,1,241,0
-1,2,149,1,241,0
4,8,159,1,241,0
0,4,174,1,241,0
0,-7,193,1,241,0
-2,-4,217,1,241,0
3,7,225,1,241,0
8,2,229,1,241,0
7,1,233,1,241,0
-1,3,4,1,241,0
-4,6,31,1,241,0
8,-2,177,1,241,0
1,6,41,1,241,0
-5,-4,53,1,241,0
6,-6,241,1,241,0
5,-3,96,1,241,0
-2,4,134,1,241,0
3,-7,141,1,241,0
0,5,183,1,241,0
0,-8,186,1,241,0
5,0,202,1,241,0
-2,-5,209,1,241,0
3,8,219,1,241,0
8,3,227,1,241,0
-1,-2,229,1,241,0
7,2,236,1,241,0
1,-1,239,1,241,0
2,7,239,1,241,0
6,1,239,1,241,0
-8,-4,34,1,241,0
5,-4,98,1,241,0
6,-7,99,1,241,0
8,-3,182,1,241,0
8,4,123,1,241,0
2,8,129,1,241,0
3,-8,133,1,241,0
6,2,146,1,241,0
2,-5,152,1,241,0
-1,4,168,1,241,0
4,-1,195,1,241,0
4,0,201,1,241,0
5,1,208,1,241,0
0,6,211,1,241,0
-2,5,225,1,241,0
-1,-3,226,1,241,0
-3,6,234,1,241,0
1,7,236,1,241,0
1,-2,238,1,241,0
7,3,237,1,241,0
7,-1,169,1,241,0
1,8,69,1,241,0
-1,-4,78,1,241,0
1,-3,92,1,241,0
6,-8,101,1,241,0
8,-4,125,1,241,0
2,-6,149,1,241,0
5,2,153,1,241,0
8,5,168,1,241,0
4,1,169,1,241,0
3,0,193,1,241,0
7,4,201,1,241,0
4,-2,202,1,241,0
0,7,207,1,241,0
-1,5,219,1,241,0
-2,6,229,1,241,0
5,-5,233,1,241,0
-3,7,239,1,241,0
6,3,239,1,241,0
2,-7,29,1,242,0
-3,8,44,1,242,0
7,-2,171,1,242,0
-2,7,52,1,242,0
-4,-4,59,1,242,0
5,-6,239,1,242,0
1,-4,86,1,242,0
-5,0,92,1,242,0
8,-5,121,1,242,0
8,6,142,1,242,0
4,2,161,1,242,0
5,3,176,1,242,0
2,0,176,1,242,0
3,1,184,1,242,0
7,5,192,1,242,0
6,4,194,1,242,0
0,8,199,1,242,0
4,-3,208,1,242,0
-1,-5,208,1,242,0
-1,6,217,1,242,0
0,-1,241,1,242,0
-7,3,13,1,242,0
-6,2,21,1,242,0
-7,-4,39,1,242,0
7,-3,184,1,242,0
-1,7,59,1,242,0
-4,0,89,1,242,0
-5,1,99,1,242,0
8,-6,111,1,242,0
5,-7,111,1,242,0
1,-5,158,1,242,0
4,3,168,1,242,0
1,0,169,1,242,0
2,1,179,1,242,0
5,4,185,1,242,0
3,2,189,1,242,0
3,-1,191,1,242,0
8,7,191,1,242,0
-1,-6,202,1,242,0
7,6,204,1,242,0
6,5,207,1,242,0
0,-2,237,1,242,0
4,-4,241,1,242,0
-7,4,6,1,242,0
0,0,48,1,242,0
-1,8,58,1,242,0
-3,0,66,1,242,0
-5,2,106,1,242,0
8,-7,107,1,242,0
3,-2,108,1,242,0
5,-8,118,1,242,0
7,-4,191,1,242,0
6,-1,153,1,242,0
4,4,163,1,242,0
1,-6,164,1,242,0
1,1,165,1,242,0
5,5,187,1,242,0
3,3,193,1,242,0
8,8,195,1,242,0
2,2,201,1,242,0
7,7,205,1,242,0
6,6,215,1,242,0
4,-5,232,1,242,0
3,-3,1,1,242,0
-7,5,9,1,242,0
1,-7,23,1,242,0
-4,2,34,1,242,0
-2,0,59,1,242,0
-3,-4,65,1,242,0
0,-4,84,1,242,0
8,-8,99,1,242,0
-5,3,109,1,242,0
7,-5,197,1,242,0
6,-2,149,1,242,0
3,4,161,1,242,0
0,1,162,1,242,0
-1,-8,185,1,242,0
2,3,194,1,242,0
7,8,197,1,242,0
4,5,199,1,242,0
5,6,223,1,242,0
4,-6,224,1,242,0
1,2,237,1,242,0
6,7,241,1,242,0
9,1,3,1,242,0
-7,6,11,1,242,0
1,-8,17,1,242,0
-3,2,39,1,242,0
-6,-4,46,1,242,0
-1,0,54,1,242,0
7,-6,222,1,242,0
-4,3,115,1,242,0
4,-7,129,1,242,0
8,0,163,1,242,0
6,-3,141,1,242,0
2,4,154,1,242,0
2,-1,177,1,242,0
4,6,195,1,242,0
3,5,201,1,242,0
1,3,233,1,242,0
5,7,236,1,242,0
6,8,237,1,242,0
0,2,241,1,242,0
-6,6,19,1,242,0
3,-5,35,1,242,0
7,-7,221,1,242,0
6,-4,106,1,242,0
2,-2,99,1,242,0
1,4,117,1,242,0
-4,4,118,1,242,0
7,0,158,1,242,0
-2,2,145,1,242,0
2,5,149,1,242,0
-1,1,154,1,242,0
5,-1,187,1,242,0
0,-6,197,1,242,0
3,6,208,1,242,0
-2,-3,219,1,242,0
8,1,224,1,242,0
5,8,235,1,242,0
4,7,239,1,242,0
-5,6,25,1,242,0
8,-1,168,1,242,0
6,-5,54,1,242,0
7,-8,213,1,242,0
2,-3,98,1,242,0
1,5,103,1,242,0
-3,4,126,1,242,0
-2,3,141,1,242,0
3,-6,142,1,242,0
2,6,143,1,242,0
5,-2,146,1,242,0
-1,2,149,1,242,0
0,4,174,1,242,0
0,-7,193,1,242,0
-2,-4,217,1,242,0
3,7,225,1,242,0
8,2,229,1,242,0
7,1,233,1,242,0
4,8,241,1,242,0
6,0,241,1,242,0
-1,3,4,1,242,0
-4,6,31,1,242,0
8,-2,177,1,242,0
1,6,41,1,242,0
-5,-4,53,1,242,0
6,-6,242,1,242,0
5,-3,96,1,242,0
-2,4,134,1,242,0
3,-7,141,1,242,0
0,5,183,1,242,0
0,-8,186,1,242,0
5,0,202,1,242,0
-2,-5,209,1,242,0
3,8,219,1,242,0
8,3,227,1,242,0
-1,-2,229,1,242,0
7,2,236,1,242,0
1,-1,239,1,242,0
2,7,239,1,242,0
6,1,239,1,242,0
-8,-4,34,1,242,0
5,-4,98,1,242,0
6,-7,99,1,242,0
8,-3,182,1,242,0
8,4,123,1,242,0
2,8,129,1,242,0
3,-8,133,1,242,0
6,2,146,1,242,0
2,-5,152,1,242,0
-1,4,168,1,242,0
4,-1,195,1,242,0
4,0,201,1,242,0
5,1,208,1,242,0
0,6,211,1,242,0
-2,5,225,1,242,0
-1,-3,226,1,242,0
-3,6,234,1,242,0
1,-2,238,1,242,0
7,3,237,1,242,0
1,7,241,1,242,0
7,-1,169,1,242,0
1,8,69,1,242,0
-1,-4,78,1,242,0
1,-3,92,1,242,0
6,-8,101,1,242,0
8,-4,125,1,242,0
2,-6,149,1,242,0
5,2,153,1,242,0
8,5,168,1,242,0
4,1,169,1,242,0
3,0,193,1,242,0
7,4,201,1,242,0
4,-2,202,1,242,0
0,7,207,1,242,0
-1,5,219,1,242,0
-2,6,229,1,242,0
5,-5,233,1,242,0
-3,7,239,1,242,0
6,3,241,1,242,0
2,-7,29,1,243,0
-3,8,44,1,243,0
7,-2,171,1,243,0
-2,7,52,1,243,0
-4,-4,59,1,243,0
5,-6,239,1,243,0
1,-4,86,1,243,0
-5,0,92,1,243,0
8,-5,121,1,243,0
8,6,142,1,243,0
4,2,161,1,243,0
5,3,176,1,243,0
2,0,176,1,243,0
3,1,184,1,243,0
7,5,192,1,243,0
6,4,194,1,243,0
0,8,199,1,243,0
4,-3,208,1,243,0
-1,-5,208,1,243,0
-1,6,217,1,243,0
0,-1,242,1,243,0
-7,3,13,1,243,0
-6,2,21,1,243,0
-7,-4,39,1,243,0
7,-3,184,1,243,0
-1,7,59,1,243,0
-4,0,89,1,243,0
-5,1,99,1,243,0
8,-6,111,1,243,0
5,-7,111,1,243,0
1,-5,158,1,243,0
4,3,168,1,243,0
1,0,169,1,243,0
2,1,179,1,243,0
5,4,185,1,243,0
3,2,189,1,243,0
3,-1,191,1,243,0
8,7,191,1,243,0
-1,-6,202,1,243,0
7,6,204,1,243,0
6,5,207,1,243,0
0,-2,237,1,243,0
4,-4,242,1,243,0
-7,4,6,1,243,0
0,0,48,1,243,0
-1,8,58,1,243,0
-3,0,66,1,243,0
-5,2,106,1,243,0
8,-7,107,1,243,0
3,-2,108,1,243,0
5,-8,118,1,243,0
7,-4,191,1,243,0
6,-1,153,1,243,0
4,4,163,1,243,0
1,-6,164,1,243,0
1,1,165,1,243,0
5,5,187,1,243,0
3,3,193,1,243,0
8,8,195,1,243,0
2,2,201,1,243,0
6,6,215,1,243,0
4,-5,232,1,243,0
7,7,242,1,243,0
3,-3,1,1,243,0
-7,5,9,1,243,0
1,-7,23,1,243,0
-4,2,34,1,243,0
-2,0,59,1,243,0
-3,-4,65,1,243,0
0,-4,84,1,243,0
8,-8,99,1,243,0
-5,3,109,1,243,0
7,-5,197,1,243,0
6,-2,149,1,243,0
3,4,161,1,243,0
0,1,162,1,243,0
-1,-8,185,1,243,0
2,3,194,1,243,0
7,8,197,1,243,0
4,5,199,1,243,0
5,6,223,1,243,0
4,-6,224,1,243,0
1,2,237,1,243,0
6,7,241,1,243,0
9,1,3,1,243,0
-7,6,11,1,243,0
1,-8,17,1,243,0
-3,2,39,1,243,0
-6,-4,46,1,243,0
-1,0,54,1,243,0
7,-6,222,1,243,0
-4,3,115,1,243,0
4,-7,129,1,243,0
8,0,163,1,243,0
6,-3,141,1,243,0
2,4,154,1,243,0
2,-1,177,1,243,0
4,6,195,1,243,0
3,5,201,1,243,0
1,3,233,1,243,0
5,7,236,1,243,0
6,8,237,1,243,0
0,2,242,1,243,0
-6,6,19,1,243,0
3,-5,35,1,243,0
7,-7,221,1,243,0
6,-4,106,1,243,0
2,-2,99,1,243,0
1,4,117,1,243,0
-4,4,118,1,243,0
7,0,158,1,243,0
-2,2,145,1,243,0
2,5,149,1,243,0
-1,1,154,1,243,0
5,-1,187,1,243,0
0,-6,197,1,243,0
3,6,208,1,243,0
-2,-3,219,1,243,0
8,1,224,1,243,0
5,8,235,1,243,0
4,7,239,1,243,0
-5,6,25,1,243,0
8,-1,168,1,243,0
6,-5,54,1,243,0
7,-8,213,1,243,0
2,-3,98,1,243,0
1,5,103,1,243,0
-3,4,126,1,243,0
-2,3,141,1,243,0
3,-6,142,1,243,0
2,6,143,1,243,0
5,-2,146,1,243,0
-1,2,149,1,243,0
0,4,174,1,243,0
0,-7,193,1,243,0
-2,-4,217,1,243,0
3,7,225,1,243,0
8,2,229,1,243,0
7,1,233,1,243,0
4,8,242,1,243,0
6,0,242,1,243,0
-1,3,4,1,243,0
-4,6,31,1,243,0
8,-2,177,1,243,0
1,6,41,1,243,0
-5,-4,53,1,243,0
6,-6,243,1,243,0
5,-3,96,1,243,0
-2,4,134,1,243,0
3,-7,141,1,243,0
0,5,183,1,243,0
0,-8,186,1,243,0
5,0,202,1,243,0
-2,-5,209,1,243,0
3,8,219,1,243,0
8,3,227,1,243,0
-1,-2,229,1,243,0
7,2,236,1,243,0
1,-1,239,1,243,0
2,7,239,1,243,0
6,1,239,1,243,0
-8,-4,34,1,243,0
5,-4,98,1,243,0
6,-7,99,1,243,0
8,-3,182,1,243,0
8,4,123,1,243,0
2,8,129,1,243,0
3,-8,133,1,243,0
6,2,146,1,243,0
2,-5,152,1,243,0
-1,4,168,1,243,0
4,-1,195,1,243,0
4,0,201,1,243,0
5,1,208,1,243,0
0,6,211,1,243,0
-2,5,225,1,243,0
-1,-3,226,1,243,0
-3,6,234,1,243,0
1,-2,238,1,243,0
7,3,237,1,243,0
1,7,242,1,243,0
7,-1,169,1,243,0
1,8,69,1,243,0
-1,-4,78,1,243,0
1,-3,92,1,243,0
6,-8,101,1,243,0
8,-4,125,1,243,0
2,-6,149,1,243,0
5,2,153,1,243,0
8,5,168,1,243,0
4,1,169,1,243,0
3,0,193,1,243,0
7,4,201,1,243,0
4,-2,202,1,243,0
0,7,207,1,243,0
-1,5,219,1,243,0
-2,6,229,1,243,0
5,-5,233,1,243,0
6,3,242,1,243,0
-3,7,241,1,243,0
2,-7,29,1,244,0
-3,8,44,1,244,0
7,-2,171,1,244,0
-2,7,52,1,244,0
-4,-4,59,1,244,0
5,-6,239,1,244,0
1,-4,86,1,244,0
-5,0,92,1,244,0
8,-5,121,1,244,0
8,6,142,1,244,0
4,2,161,1,244,0
5,3,176,1,244,0
2,0,176,1,244,0
3,1,184,1,244,0
7,5,192,1,244,0
6,4,194,1,244,0
0,8,199,1,244,0
-1,-5,208,1,244,0
-1,6,217,1,244,0
0,-1,243,1,244,0
4,-3,243,1,244,0
-7,3,13,1,244,0
-6,2,21,1,244,0
-7,-4,39,1,244,0
7,-3,184,1,244,0
-1,7,59,1,244,0
-4,0,89,1,244,0
-5,1,99,1,244,0
8,-6,111,1,244,0
5,-7,111,1,244,0
1,-5,158,1,244,0
4,3,168,1,244,0
1,0,169,1,244,0
2,1,179,1,244,0
5,4,185,1,244,0
3,2,189,1,244,0
3,-1,191,1,244,0
8,7,191,1,244,0
-1,-6,202,1,244,0
7,6,204,1,244,0
6,5,207,1,244,0
0,-2,237,1,244,0
4,-4,242,1,244,0
-7,4,6,1,244,0
0,0,48,1,244,0
-1,8,58,1,244,0
-3,0,66,1,244,0
-5,2,106,1,244,0
8,-7,107,1,244,0
3,-2,108,1,244,0
5,-8,118,1,244,0
7,-4,191,1,244,0
6,-1,153,1,244,0
4,4,163,1,244,0
1,-6,164,1,244,0
1,1,165,1,244,0
5,5,187,1,244,0
3,3,193,1,244,0
8,8,195,1,244,0
2,2,201,1,244,0
6,6,215,1,244,0
4,-5,232,1,244,0
7,7,243,1,244,0
3,-3,1,1,244,0
-7,5,9,1,244,0
1,-7,23,1,244,0
-4,2,34,1,244,0
-2,0,59,1,244,0
-3,-4,65,1,244,0
0,-4,84,1,244,0
8,-8,99,1,244,0
-5,3,109,1,244,0
7,-5,197,1,244,0
6,-2,149,1,244,0
3,4,161,1,244,0
0,1,162,1,244,0
-1,-8,185,1,244,0
2,3,194,1,244,0
7,8,197,1,244,0
4,5,199,1,244,0
5,6,223,1,244,0
4,-6,224,1,244,0
1,2,237,1,244,0
6,7,241,1,244,0
9,1,3,1,244,0
-7,6,11,1,244,0
1,-8,17,1,244,0
-3,2,39,1,244,0
-6,-4,46,1,244,0
-1,0,54,1,244,0
7,-6,222,1,244,0
-4,3,115,1,244,0
4,-7,129,1,244,0
8,0,163,1,244,0
6,-3,141,1,244,0
2,4,154,1,244,0
2,-1,177,1,244,0
4,6,195,1,244,0
3,5,201,1,244,0
1,3,233,1,244,0
5,7,236,1,244,0
6,8,237,1,244,0
0,2,242,1,244,0
-6,6,19,1,244,0
3,-5,35,1,244,0
7,-7,221,1,244,0
6,-4,106,1,244,0
2,-2,99,1,244,0
1,4,117,1,244,0
-4,4,118,1,244,0
7,0,158,1,244,0
-2,2,145,1,244,0
2,5,149,1,244,0
-1,1,154,1,244,0
5,-1,187,1,244,0
0,-6,197,1,244,0
3,6,208,1,244,0
-2,-3,219,1,244,0
8,1,224,1,244,0
5,8,235,1,244,0
4,7,239,1,244,0
-5,6,25,1,244,0
8,-1,168,1,244,0
6,-5,54,1,244,0
7,-8,213,1,244,0
2,-3,98,1,244,0
1,5,103,1,244,0
-3,4,126,1,244,0
-2,3,141,1,244,0
3,-6,142,1,244,0
2,6,143,1,244,0
5,-2,146,1,244,0
-1,2,149,1,244,0
0,4,174,1,244,0
0,-7,193,1,244,0
-2,-4,217,1,244,0
3,7,225,1,244,0
8,2,229,1,244,0
7,1,233,1,244,0
4,8,243,1,244,0
6,0,243,1,244,0
-1,3,4,1,244,0
-4,6,31,1,244,0
8,-2,177,1,244,0
1,6,41,1,244,0
-5,-4,53,1,244,0
6,-6,244,1,244,0
5,-3,96,1,244,0
-2,4,134,1,244,0
3,-7,141,1,244,0
0,5,183,1,244,0
0,-8,186,1,244,0
5,0,202,1,244,0
-2,-5,209,1,244,0
3,8,219,1,244,0
8,3,227,1,244,0
-1,-2,229,1,244,0
7,2,236,1,244,0
1,-1,239,1,244,0
2,7,239,1,244,0
6,1,239,1,244,0
-8,-4,34,1,244,0
5,-4,98,1,244,0
6,-7,99,1,244,0
8,-3,182,1,244,0
8,4,123,1,244,0
2,8,129,1,244,0
3,-8,133,1,244,0
2,-5,152,1,244,0
-1,4,168,1,244,0
4,-1,195,1,244,0
4,0,201,1,244,0
5,1,208,1,244,0
0,6,211,1,244,0
-2,5,225,1,244,0
-1,-3,226,1,244,0
-3,6,234,1,244,0
1,-2,238,1,244,0
7,3,237,1,244,0
6,2,243,1,244,0
1,7,243,1,244,0
7,-1,169,1,244,0
1,8,69,1,244,0
-1,-4,78,1,244,0
1,-3,92,1,244,0
6,-8,101,1,244,0
8,-4,125,1,244,0
2,-6,149,1,244,0
5,2,153,1,244,0
8,5,168,1,244,0
4,1,169,1,244,0
3,0,193,1,244,0
7,4,201,1,244,0
4,-2,202,1,244,0
0,7,207,1,244,0
-1,5,219,1,244,0
-2,6,229,1,244,0
5,-5,233,1,244,0
6,3,242,1,244,0
-3,7,242,1,244,0
2,-7,29,1,245,0
7,-2,171,1,245,0
-2,7,52,1,245,0
-4,-4,59,1,245,0
5,-6,239,1,245,0
1,-4,86,1,245,0
-5,0,92,1,245,0
8,-5,121,1,245,0
8,6,142,1,245,0
4,2,161,1,245,0
5,3,176,1,245,0
2,0,176,1,245,0
3,1,184,1,245,0
7,5,192,1,245,0
6,4,194,1,245,0
0,8,199,1,245,0
-1,-5,208,1,245,0
-1,6,217,1,245,0
-3,8,243,1,245,0
0,-1,244,1,245,0
4,-3,244,1,245,0
-7,3,13,1,245,0
-6,2,21,1,245,0
-7,-4,39,1,245,0
7,-3,184,1,245,0
-1,7,59,1,245,0
-4,0,89,1,245,0
-5,1,99,1,245,0
8,-6,111,1,245,0
5,-7,111,1,245,0
1,-5,158,1,245,0
4,3,168,1,245,0
1,0,169,1,245,0
2,1,179,1,245,0
5,4,185,1,245,0
3,2,189,1,245,0
3,-1,191,1,245,0
8,7,191,1,245,0
-1,-6,202,1,245,0
7,6,204,1,245,0
6,5,207,1,245,0
0,-2,237,1,245,0
4,-4,242,1,245,0
-7,4,6,1,245,0
0,0,48,1,245,0
-1,8,58,1,245,0
-3,0,66,1,245,0
-5,2,106,1,245,0
8,-7,107,1,245,0
3,-2,108,1,245,0
5,-8,118,1,245,0
7,-4,191,1,245,0
6,-1,153,1,245,0
4,4,163,1,245,0
1,-6,164,1,245,0
1,1,165,1,245,0
5,5,187,1,245,0
3,3,193,1,245,0
8,8,195,1,245,0
2,2,201,1,245,0
6,6,215,1,245,0
4,-5,232,1,245,0
7,7,244,1,245,0
3,-3,1,1,245,0
-7,5,9,1,245,0
1,-7,23,1,245,0
-4,2,34,1,245,0
-2,0,59,1,245,0
-3,-4,65,1,245,0
0,-4,84,1,245,0
8,-8,99,1,245,0
-5,3,109,1,245,0
7,-5,197,1,245,0
6,-2,149,1,245,0
3,4,161,1,245,0
0,1,162,1,245,0
-1,-8,185,1,245,0
2,3,194,1,245,0
7,8,197,1,245,0
4,5,199,1,245,0
5,6,223,1,245,0
4,-6,224,1,245,0
1,2,237,1,245,0
6,7,241,1,245,0
9,1,3,1,245,0
-7,6,11,1,245,0
1,-8,17,1,245,0
-3,2,39,1,245,0
-6,-4,46,1,245,0
-1,0,54,1,245,0
7,-6,222,1,245,0
-4,3,115,1,245,0
4,-7,129,1,245,0
8,0,163,1,245,0
6,-3,141,1,245,0
2,4,154,1,245,0
2,-1,177,1,245,0
4,6,195,1,245,0
3,5,201,1,245,0
1,3,233,1,245,0
5,7,236,1,245,0
6,8,237,1,245,0
0,2,244,1,245,0
-6,6,19,1,245,0
3,-5,35,1,245,0
7,-7,221,1,245,0
6,-4,106,1,245,0
2,-2,99,1,245,0
1,4,117,1,245,0
-4,4,118,1,245,0
7,0,158,1,245,0
-2,2,145,1,245,0
2,5,149,1,245,0
-1,1,154,1,245,0
5,-1,187,1,245,0
0,-6,197,1,245,0
3,6,208,1,245,0
-2,-3,219,1,245,0
8,1,224,1,245,0
5,8,235,1,245,0
4,7,239,1,245,0
-5,6,25,1,245,0
8,-1,168,1,245,0
6,-5,54,1,245,0
7,-8,213,1,245,0
2,-3,98,1,245,0
1,5,103,1,245,0
-3,4,126,1,245,0
-2,3,141,1,245,0
3,-6,142,1,245,0
2,6,143,1,245,0
5,-2,146,1,245,0
-1,2,149,1,245,0
0,4,174,1,245,0
0,-7,193,1,245,0
-2,-4,217,1,245,0
3,7,225,1,245,0
8,2,229,1,245,0
7,1,233,1,245,0
4,8,244,1,245,0
6,0,244,1,245,0
-1,3,4,1,245,0
-4,6,31,1,245,0
8,-2,177,1,245,0
1,6,41,1,245,0
-5,-4,53,1,245,0
6,-6,245,1,245,0
5,-3,96,1,245,0
-2,4,134,1,245,0
3,-7,141,1,245,0
0,5,183,1,245,0
0,-8,186,1,245,0
5,0,202,1,245,0
-2,-5,209,1,245,0
3,8,219,1,245,0
8,3,227,1,245,0
-1,-2,229,1,245,0
7,2,236,1,245,0
1,-1,239,1,245,0
2,7,239,1,245,0
6,1,239,1,245,0
-8,-4,34,1,245,0
5,-4,98,1,245,0
6,-7,99,1,245,0
8,-3,182,1,245,0
8,4,123,1,245,0
2,8,129,1,245,0
3,-8,133,1,245,0
2,-5,152,1,245,0
-1,4,168,1,245,0
4,-1,195,1,245,0
4,0,201,1,245,0
5,1,208,1,245,0
0,6,211,1,245,0
-2,5,225,1,245,0
-1,-3,226,1,245,0
-3,6,234,1,245,0
1,-2,238,1,245,0
7,3,237,1,245,0
6,2,244,1,245,0
1,7,244,1,245,0
7,-1,169,1,245,0
1,8,69,1,245,0
-1,-4,78,1,245,0
1,-3,92,1,245,0
6,-8,101,1,245,0
8,-4,125,1,245,0
2,-6,149,1,245,0
5,2,153,1,245,0
8,5,168,1,245,0
4,1,169,1,245,0
3,0,193,1,245,0
7,4,201,1,245,0
4,-2,202,1,245,0
0,7,207,1,245,0
-1,5,219,1,245,0
-2,6,229,1,245,0
5,-5,233,1,245,0
6,3,242,1,245,0
-3,7,242,1,245,0
2,-7,29,1,246,0
7,-2,171,1,246,0
-2,7,52,1,246,0
-4,-4,59,1,246,0
5,-6,239,1,246,0
1,-4,86,1,246,0
-5,0,92,1,246,0
8,-5,121,1,246,0
8,6,142,1,246,0
4,2,161,1,246,0
5,3,176,1,246,0
2,0,176,1,246,0
3,1,184,1,246,0
7,5,192,1,246,0
6,4,194,1,246,0
0,8,199,1,246,0
-1,-5,208,1,246,0
-1,6,217,1,246,0
-3,8,244,1,246,0
0,-1,245,1,246,0
4,-3,245,1,246,0
-7,3,13,1,246,0
-6,2,21,1,246,0
-7,-4,39,1,246,0
7,-3,184,1,246,0
-1,7,59,1,246,0
-4,0,89,1,246,0
-5,1,99,1,246,0
8,-6,111,1,246,0
5,-7,246,1,246,0
1,-5,158,1,246,0
4,3,168,1,246,0
1,0,169,1,246,0
2,1,179,1,246,0
5,4,185,1,246,0
3,2,189,1,246,0
3,-1,191,1,246,0
8,7,191,1,246,0
-1,-6,202,1,246,0
7,6,204,1,246,0
6,5,207,1,246,0
0,-2,237,1,246,0
4,-4,242,1,246,0
-7,4,6,1,246,0
0,0,48,1,246,0
-1,8,58,1,246,0
-3,0,66,1,246,0
-5,2,106,1,246,0
8,-7,107,1,246,0
3,-2,108,1,246,0
5,-8,118,1,246,0
7,-4,191,1,246,0
6,-1,153,1,246,0
4,4,163,1,246,0
1,-6,164,1,246,0
1,1,165,1,246,0
5,5,187,1,246,0
3,3,193,1,246,0
8,8,195,1,246,0
2,2,201,1,246,0
6,6,215,1,246,0
4,-5,232,1,246,0
7,7,245,1,246,0
3,-3,1,1,246,0
-7,5,9,1,246,0
1,-7,23,1,246,0
-4,2,34,1,246,0
-2,0,59,1,246,0
-3,-4,65,1,246,0
0,-4,84,1,246,0
8,-8,99,1,246,0
-5,3,109,1,246,0
7,-5,197,1,246,0
6,-2,149,1,246,0
3,4,161,1,246,0
0,1,162,1,246,0
-1,-8,185,1,246,0
2,3,194,1,246,0
7,8,197,1,246,0
4,5,199,1,246,0
5,6,223,1,246,0
4,-6,224,1,246,0
1,2,237,1,246,0
6,7,241,1,246,0
9,1,3,1,246,0
-7,6,11,1,246,0
1,-8,17,1,246,0
-3,2,39,1,246,0
-6,-4,46,1,246,0
-1,0,54,1,246,0
7,-6,222,1,246,0
-4,3,115,1,246,0
4,-7,129,1,246,0
8,0,163,1,246,0
6,-3,141,1,246,0
2,4,154,1,246,0
2,-1,177,1,246,0
4,6,195,1,246,0
3,5,201,1,246,0
1,3,233,1,246,0
5,7,236,1,246,0
6,8,237,1,246,0
0,2,244,1,246,0
-6,6,19,1,246,0
3,-5,35,1,246,0
7,-7,221,1,246,0
6,-4,106,1,246,0
2,-2,99,1,246,0
1,4,117,1,246,0
-4,4,118,1,246,0
7,0,158,1,246,0
-2,2,145,1,246,0
2,5,149,1,246,0
-1,1,154,1,246,0
5,-1,187,1,246,0
0,-6,197,1,246,0
3,6,208,1,246,0
-2,-3,219,1,246,0
8,1,224,1,246,0
5,8,235,1,246,0
4,7,245,1,246,0
-5,6,25,1,246,0
8,-1,168,1,246,0
6,-5,54,1,246,0
7,-8,213,1,246,0
2,-3,98,1,246,0
1,5,103,1,246,0
-3,4,126,1,246,0
-2,3,141,1,246,0
3,-6,142,1,246,0
2,6,143,1,246,0
5,-2,146,1,246,0
-1,2,149,1,246,0
0,4,174,1,246,0
0,-7,193,1,246,0
-2,-4,217,1,246,0
3,7,225,1,246,0
8,2,229,1,246,0
7,1,233,1,246,0
4,8,244,1,246,0
6,0,245,1,246,0
-1,3,4,1,246,0
-4,6,31,1,246,0
8,-2,177,1,246,0
1,6,41,1,246,0
-5,-4,53,1,246,0
6,-6,245,1,246,0
5,-3,96,1,246,0
-2,4,134,1,246,0
3,-7,141,1,246,0
0,5,183,1,246,0
0,-8,186,1,246,0
5,0,202,1,246,0
-2,-5,209,1,246,0
3,8,219,1,246,0
8,3,227,1,246,0
-1,-2,229,1,246,0
7,2,236,1,246,0
1,-1,239,1,246,0
6,1,239,1,246,0
2,7,245,1,246,0
-8,-4,34,1,246,0
5,-4,98,1,246,0
6,-7,99,1,246,0
8,-3,182,1,246,0
8,4,123,1,246,0
2,8,129,1,246,0
3,-8,133,1,246,0
2,-5,152,1,246,0
-1,4,168,1,246,0
4,-1,195,1,246,0
4,0,201,1,246,0
5,1,208,1,246,0
0,6,211,1,246,0
-2,5,225,1,246,0
-1,-3,226,1,246,0
-3,6,234,1,246,0
1,-2,238,1,246,0
7,3,237,1,246,0
1,7,244,1,246,0
6,2,245,1,246,0
7,-1,169,1,246,0
1,8,69,1,246,0
-1,-4,78,1,246,0
1,-3,92,1,246,0
6,-8,101,1,246,0
8,-4,125,1,246,0
2,-6,149,1,246,0
5,2,153,1,246,0
8,5,168,1,246,0
4,1,169,1,246,0
3,0,193,1,246,0
7,4,201,1,246,0
4,-2,202,1,246,0
0,7,207,1,246,0
-1,5,219,1,246,0
-2,6,229,1,246,0
5,-5,233,1,246,0
6,3,242,1,246,0
-3,7,242,1,246,0
2,-7,29,1,247,0
7,-2,171,1,247,0
-2,7,52,1,247,0
-4,-4,59,1,247,0
5,-6,239,1,247,0
1,-4,86,1,247,0
-5,0,92,1,247,0
8,-5,121,1,247,0
8,6,142,1,247,0
4,2,161,1,247,0
5,3,176,1,247,0
2,0,176,1,247,0
3,1,184,1,247,0
7,5,192,1,247,0
6,4,194,1,247,0
0,8,199,1,247,0
-1,-5,208,1,247,0
-1,6,217,1,247,0
0,-1,245,1,247,0
-3,8,245,1,247,0
4,-3,246,1,247,0
-7,3,13,1,247,0
-6,2,21,1,247,0
-7,-4,39,1,247,0
7,-3,184,1,247,0
-1,7,59,1,247,0
-4,0,89,1,247,0
-5,1,99,1,247,0
8,-6,111,1,247,0
5,-7,247,1,247,0
1,-5,158,1,247,0
4,3,168,1,247,0
1,0,169,1,247,0
2,1,179,1,247,0
5,4,185,1,247,0
3,2,189,1,247,0
3,-1,191,1,247,0
8,7,191,1,247,0
-1,-6,202,1,247,0
7,6,204,1,247,0
6,5,207,1,247,0
0,-2,237,1,247,0
4,-4,242,1,247,0
-7,4,6,1,247,0
0,0,48,1,247,0
-1,8,58,1,247,0
-3,0,66,1,247,0
-5,2,106,1,247,0
8,-7,107,1,247,0
3,-2,108,1,247,0
5,-8,118,1,247,0
7,-4,191,1,247,0
6,-1,153,1,247,0
4,4,163,1,247,0
1,-6,164,1,247,0
1,1,165,1,247,0
5,5,187,1,247,0
3,3,193,1,247,0
8,8,195,1,247,0
2,2,201,1,247,0
6,6,215,1,247,0
4,-5,232,1,247,0
7,7,246,1,247,0
3,-3,1,1,247,0
-7,5,9,1,247,0
1,-7,23,1,247,0
-4,2,34,1,247,0
-2,0,59,1,247,0
-3,-4,65,1,247,0
0,-4,84,1,247,0
8,-8,99,1,247,0
-5,3,109,1,247,0
7,-5,197,1,247,0
6,-2,149,1,247,0
3,4,161,1,247,0
0,1,162,1,247,0
-1,-8,185,1,247,0
2,3,194,1,247,0
7,8,197,1,247,0
4,5,199,1,247,0
5,6,223,1,247,0
4,-6,224,1,247,0
1,2,237,1,247,0
6,7,241,1,247,0
9,1,3,1,247,0
-7,6,11,1,247,0
1,-8,17,1,247,0
-3,2,39,1,247,0
-6,-4,46,1,247,0
-1,0,54,1,247,0
7,-6,222,1,247,0
-4,3,115,1,247,0
4,-7,129,1,247,0
8,0,163,1,247,0
6,-3,141,1,247,0
2,4,154,1,247,0
2,-1,177,1,247,0
4,6,195,1,247,0
3,5,201,1,247,0
1,3,233,1,247,0
5,7,236,1,247,0
6,8,237,1,247,0
0,2,246,1,247,0
-6,6,19,1,247,0
3,-5,35,1,247,0
7,-7,221,1,247,0
6,-4,106,1,247,0
2,-2,99,1,247,0
1,4,117,1,247,0
-4,4,118,1,247,0
7,0,158,1,247,0
-2,2,145,1,247,0
2,5,149,1,247,0
-1,1,154,1,247,0
5,-1,187,1,247,0
0,-6,197,1,247,0
3,6,208,1,247,0
-2,-3,219,1,247,0
8,1,224,1,247,0
5,8,235,1,247,0
4,7,246,1,247,0
-5,6,25,1,247,0
8,-1,168,1,247,0
6,-5,54,1,247,0
7,-8,213,1,247,0
2,-3,98,1,247,0
1,5,103,1,247,0
-3,4,126,1,247,0
-2,3,141,1,247,0
3,-6,142,1,247,0
2,6,143,1,247,0
5,-2,146,1,247,0
-1,2,149,1,247,0
0,4,174,1,247,0
0,-7,193,1,247,0
-2,-4,217,1,247,0
3,7,225,1,247,0
8,2,229,1,247,0
7,1,233,1,247,0
4,8,244,1,247,0
6,0,246,1,247,0
-1,3,4,1,247,0
-4,6,31,1,247,0
8,-2,177,1,247,0
1,6,41,1,247,0
-5,-4,53,1,247,0
6,-6,245,1,247,0
5,-3,96,1,247,0
-2,4,134,1,247,0
3,-7,141,1,247,0
0,5,183,1,247,0
0,-8,186,1,247,0
5,0,202,1,247,0
-2,-5,209,1,247,0
3,8,219,1,247,0
8,3,227,1,247,0
-1,-2,229,1,247,0
7,2,236,1,247,0
1,-1,239,1,247,0
6,1,239,1,247,0
2,7,246,1,247,0
-8,-4,34,1,247,0
5,-4,98,1,247,0
6,-7,99,1,247,0
8,-3,182,1,247,0
8,4,123,1,247,0
2,8,129,1,247,0
3,-8,133,1,247,0
2,-5,152,1,247,0
-1,4,168,1,247,0
4,-1,195,1,247,0
4,0,201,1,247,0
5,1,208,1,247,0
0,6,211,1,247,0
-2,5,225,1,247,0
-1,-3,226,1,247,0
-3,6,234,1,247,0
1,-2,238,1,247,0
7,3,237,1,247,0
1,7,244,1,247,0
6,2,246,1,247,0
7,-1,169,1,247,0
1,8,69,1,247,0
-1,-4,78,1,247,0
1,-3,92,1,247,0
6,-8,101,1,247,0
8,-4,125,1,247,0
2,-6,149,1,247,0
5,2,153,1,247,0
8,5,168,1,247,0
4,1,169,1,247,0
3,0,193,1,247,0
7,4,201,1,247,0
4,-2,202,1,247,0
0,7,207,1,247,0
-1,5,219,1,247,0
-2,6,229,1,247,0
5,-5,233,1,247,0
6,3,242,1,247,0
-3,7,242,1,247,0
2,-7,29,1,248,0
7,-2,171,1,248,0
-2,7,52,1,248,0
-4,-4,59,1,248,0
5,-6,239,1,248,0
1,-4,86,1,248,0
-5,0,92,1,248,0
8,-5,121,1,248,0
8,6,142,1,248,0
4,2,161,1,248,0
5,3,176,1,248,0
2,0,176,1,248,0
3,1,184,1,248,0
7,5,192,1,248,0
6,4,194,1,248,0
0,8,199,1,248,0
-1,-5,208,1,248,0
-1,6,217,1,248,0
-3,8,245,1,248,0
4,-3,246,1,248,0
0,-1,247,1,248,0
-7,3,13,1,248,0
-6,2,21,1,248,0
-7,-4,39,1,248,0
7,-3,184,1,248,0
-1,7,59,1,248,0
-4,0,89,1,248,0
-5,1,99,1,248,0
8,-6,111,1,248,0
5,-7,248,1,248,0
1,-5,158,1,248,0
4,3,168,1,248,0
1,0,169,1,248,0
2,1,179,1,248,0
5,4,185,1,248,0
3,2,189,1,248,0
3,-1,191,1,248,0
8,7,191,1,248,0
-1,-6,202,1,248,0
7,6,204,1,248,0
6,5,207,1,248,0
0,-2,237,1,248,0
4,-4,242,1,248,0
-7,4,6,1,248,0
0,0,48,1,248,0
-1,8,58,1,248,0
-3,0,66,1,248,0
-5,2,106,1,248,0
8,-7,107,1,248,0
3,-2,108,1,248,0
5,-8,118,1,248,0
7,-4,191,1,248,0
6,-1,153,1,248,0
4,4,163,1,248,0
1,-6,164,1,248,0
1,1,165,1,248,0
5,5,187,1,248,0
3,3,193,1,248,0
8,8,195,1,248,0
2,2,201,1,248,0
6,6,215,1,248,0
4,-5,232,1,248,0
7,7,247,1,248,0
-7,5,9,1,248,0
1,-7,23,1,248,0
-4,2,34,1,248,0
-2,0,59,1,248,0
-3,-4,65,1,248,0
0,-4,84,1,248,0
8,-8,99,1,248,0
-5,3,109,1,248,0
7,-5,197,1,248,0
6,-2,149,1,248,0
3,4,161,1,248,0
0,1,162,1,248,0
-1,-8,185,1,248,0
2,3,194,1,248,0
7,8,197,1,248,0
4,5,199,1,248,0
5,6,223,1,248,0
4,-6,224,1,248,0
1,2,237,1,248,0
6,7,241,1,248,0
3,-3,247,1,248,0
9,1,3,1,248,0
-7,6,11,1,248,0
1,-8,17,1,248,0
-3,2,39,1,248,0
-6,-4,46,1,248,0
-1,0,54,1,248,0
7,-6,222,1,248,0
-4,3,115,1,248,0
4,-7,129,1,248,0
8,0,163,1,248,0
6,-3,141,1,248,0
2,4,154,1,248,0
2,-1,177,1,248,0
4,6,195,1,248,0
3,5,201,1,248,0
1,3,233,1,248,0
5,7,236,1,248,0
6,8,237,1,248,0
0,2,247,1,248,0
-6,6,19,1,248,0
3,-5,35,1,248,0
7,-7,221,1,248,0
6,-4,106,1,248,0
2,-2,99,1,248,0
1,4,117,1,248,0
-4,4,118,1,248,0
7,0,158,1,248,0
-2,2,145,1,248,0
2,5,149,1,248,0
-1,1,154,1,248,0
5,-1,187,1,248,0
0,-6,197,1,248,0
3,6,208,1,248,0
-2,-3,219,1,248,0
8,1,224,1,248,0
5,8,235,1,248,0
4,7,247,1,248,0
-5,6,25,1,248,0
8,-1,168,1,248,0
6,-5,54,1,248,0
7,-8,213,1,248,0
2,-3,98,1,248,0
1,5,103,1,248,0
-3,4,126,1,248,0
-2,3,141,1,248,0
3,-6,142,1,248,0
2,6,143,1,248,0
5,-2,146,1,248,0
-1,2,149,1,248,0
0,4,174,1,248,0
0,-7,193,1,248,0
-2,-4,217,1,248,0
3,7,225,1,248,0
8,2,229,1,248,0
7,1,233,1,248,0
4,8,244,1,248,0
6,0,247,1,248,0
-1,3,4,1,248,0
-4,6,31,1,248,0
8,-2,177,1,248,0
1,6,41,1,248,0
-5,-4,53,1,248,0
6,-6,245,1,248,0
5,-3,96,1,248,0
-2,4,134,1,248,0
3,-7,141,1,248,0
0,5,183,1,248,0
0,-8,186,1,248,0
5,0,202,1,248,0
-2,-5,209,1,248,0
3,8,219,1,248,0
8,3,227,1,248,0
-1,-2,229,1,248,0
7,2,236,1,248,0
1,-1,239,1,248,0
6,1,239,1,248,0
2,7,247,1,248,0
-8,-4,34,1,248,0
5,-4,98,1,248,0
6,-7,99,1,248,0
8,-3,182,1,248,0
8,4,123,1,248,0
2,8,129,1,248,0
3,-8,133,1,248,0
2,-5,152,1,248,0
-1,4,168,1,248,0
4,-1,195,1,248,0
4,0,201,1,248,0
5,1,208,1,248,0
0,6,211,1,248,0
-2,5,225,1,248,0
-1,-3,226,1,248,0
-3,6,234,1,248,0
1,-2,238,1,248,0
7,3,237,1,248,0
1,7,244,1,248,0
6,2,247,1,248,0
7,-1,169,1,248,0
1,8,69,1,248,0
-1,-4,78,1,248,0
1,-3,92,1,248,0
6,-8,101,1,248,0
8,-4,125,1,248,0
2,-6,149,1,248,0
5,2,153,1,248,0
8,5,168,1,248,0
4,1,169,1,248,0
3,0,193,1,248,0
7,4,201,1,248,0
4,-2,202,1,248,0
0,7,207,1,248,0
-1,5,219,1,248,0
-2,6,229,1,248,0
5,-5,233,1,248,0
6,3,242,1,248,0
-3,7,246,1,248,0
2,-7,29,1,249,0
7,-2,171,1,249,0
-2,7,52,1,249,0
-4,-4,59,1,249,0
5,-6,239,1,249,0
1,-4,86,1,249,0
-5,0,92,1,249,0
8,-5,121,1,249,0
8,6,142,1,249,0
4,2,161,1,249,0
5,3,176,1,249,0
2,0,176,1,249,0
3,1,184,1,249,0
7,5,192,1,249,0
6,4,194,1,249,0
0,8,199,1,249,0
-1,-5,208,1,249,0
-1,6,217,1,249,0
-3,8,245,1,249,0
4,-3,246,1,249,0
0,-1,247,1,249,0
-7,3,13,1,249,0
-6,2,21,1,249,0
-7,-4,39,1,249,0
7,-3,184,1,249,0
-1,7,59,1,249,0
-4,0,89,1,249,0
-5,1,99,1,249,0
8,-6,111,1,249,0
5,-7,248,1,249,0
1,-5,158,1,249,0
4,3,168,1,249,0
1,0,169,1,249,0
2,1,179,1,249,0
5,4,185,1,249,0
3,2,189,1,249,0
3,-1,191,1,249,0
8,7,191,1,249,0
-1,-6,202,1,249,0
7,6,204,1,249,0
6,5,207,1,249,0
0,-2,237,1,249,0
4,-4,242,1,249,0
-7,4,6,1,249,0
-1,8,58,1,249,0
-3,0,66,1,249,0
-5,2,106,1,249,0
8,-7,107,1,249,0
3,-2,108,1,249,0
5,-8,118,1,249,0
7,-4,191,1,249,0
4,4,163,1,249,0
1,-6,164,1,249,0
1,1,165,1,249,0
5,5,187,1,249,0
3,3,193,1,249,0
8,8,195,1,249,0
2,2,201,1,249,0
6,6,215,1,249,0
4,-5,232,1,249,0
7,7,247,1,249,0
0,0,248,1,249,0
6,-1,248,1,249,0
-7,5,9,1,249,0
1,-7,23,1,249,0
-4,2,34,1,249,0
-2,0,59,1,249,0
-3,-4,65,1,249,0
0,-4,84,1,249,0
8,-8,99,1,249,0
-5,3,109,1,249,0
7,-5,197,1,249,0
6,-2,149,1,249,0
3,4,161,1,249,0
0,1,162,1,249,0
-1,-8,185,1,249,0
2,3,194,1,249,0
7,8,197,1,249,0
4,5,199,1,249,0
5,6,223,1,249,0
4,-6,224,1,249,0
1,2,237,1,249,0
6,7,241,1,249,0
3,-3,247,1,249,0
9,1,3,1,249,0
-7,6,11,1,249,0
1,-8,17,1,249,0
-3,2,39,1,249,0
-6,-4,46,1,249,0
-1,0,54,1,249,0
7,-6,222,1,249,0
-4,3,115,1,249,0
4,-7,129,1,249,0
8,0,163,1,249,0
6,-3,141,1,249,0
2,4,154,1,249,0
2,-1,177,1,249,0
4,6,195,1,249,0
3,5,201,1,249,0
1,3,233,1,249,0
5,7,236,1,249,0
6,8,237,1,249,0
3,-4,248,1,249,0
0,2,248,1,249,0
-6,6,19,1,249,0
3,-5,35,1,249,0
7,-7,221,1,249,0
6,-4,106,1,249,0
2,-2,99,1,249,0
1,4,117,1,249,0
-4,4,118,1,249,0
7,0,158,1,249,0
-2,2,145,1,249,0
2,5,149,1,249,0
-1,1,154,1,249,0
5,-1,187,1,249,0
0,-6,197,1,249,0
3,6,208,1,249,0
-2,-3,219,1,249,0
8,1,224,1,249,0
5,8,235,1,249,0
4,7,248,1,249,0
-5,6,25,1,249,0
8,-1,168,1,249,0
6,-5,54,1,249,0
7,-8,213,1,249,0
2,-3,98,1,249,0
1,5,103,1,249,0
-3,4,126,1,249,0
-2,3,141,1,249,0
3,-6,142,1,249,0
2,6,143,1,249,0
5,-2,146,1,249,0
-1,2,149,1,249,0
0,4,174,1,249,0
0,-7,193,1,249,0
-2,-4,217,1,249,0
3,7,225,1,249,0
8,2,229,1,249,0
7,1,233,1,249,0
4,8,244,1,249,0
6,0,247,1,249,0
-1,3,4,1,249,0
-4,6,31,1,249,0
8,-2,177,1,249,0
1,6,41,1,249,0
-5,-4,53,1,249,0
6,-6,245,1,249,0
5,-3,96,1,249,0
-2,4,134,1,249,0
3,-7,141,1,249,0
0,5,183,1,249,0
0,-8,186,1,249,0
5,0,202,1,249,0
-2,-5,209,1,249,0
3,8,219,1,249,0
8,3,227,1,249,0
-1,-2,229,1,249,0
7,2,236,1,249,0
1,-1,239,1,249,0
6,1,239,1,249,0
2,7,248,1,249,0
-8,-4,34,1,249,0
5,-4,98,1,249,0
6,-7,249,1,249,0
8,-3,182,1,249,0
8,4,123,1,249,0
2,8,129,1,249,0
3,-8,133,1,249,0
2,-5,152,1,249,0
-1,4,168,1,249,0
4,-1,195,1,249,0
4,0,201,1,249,0
5,1,208,1,249,0
0,6,211,1,249,0
-2,5,225,1,249,0
-1,-3,226,1,249,0
-3,6,234,1,249,0
1,-2,238,1,249,0
7,3,237,1,249,0
1,7,244,1,249,0
6,2,248,1,249,0
7,-1,169,1,249,0
1,8,69,1,249,0
-1,-4,78,1,249,0
1,-3,92,1,249,0
6,-8,101,1,249,0
8,-4,125,1,249,0
2,-6,149,1,249,0
5,2,153,1,249,0
8,5,168,1,249,0
4,1,169,1,249,0
3,0,193,1,249,0
7,4,201,1,249,0
4,-2,202,1,249,0
0,7,207,1,249,0
-1,5,219,1,249,0
-2,6,229,1,249,0
5,-5,233,1,249,0
6,3,242,1,249,0
-3,7,247,1,249,0
2,-7,29,1,250,0
7,-2,171,1,250,0
-2,7,52,1,250,0
-4,-4,59,1,250,0
5,-6,239,1,250,0
1,-4,86,1,250,0
-5,0,92,1,250,0
8,-5,121,1,250,0
8,6,142,1,250,0
4,2,161,1,250,0
5,3,176,1,250,0
2,0,176,1,250,0
3,1,184,1,250,0
7,5,192,1,250,0
6,4,194,1,250,0
0,8,199,1,250,0
-1,-5,208,1,250,0
-1,6,217,1,250,0
-3,8,245,1,250,0
4,-3,246,1,250,0
0,-1,247,1,250,0
-7,3,13,1,250,0
-6,2,21,1,250,0
-7,-4,39,1,250,0
7,-3,184,1,250,0
-1,7,59,1,250,0
-4,0,89,1,250,0
-5,1,99,1,250,0
8,-6,111,1,250,0
5,-7,248,1,250,0
1,-5,158,1,250,0
4,3,168,1,250,0
1,0,169,1,250,0
2,1,179,1,250,0
5,4,185,1,250,0
3,2,189,1,250,0
3,-1,191,1,250,0
-1,-6,202,1,250,0
7,6,204,1,250,0
6,5,207,1,250,0
0,-2,237,1,250,0
4,-4,242,1,250,0
8,7,248,1,250,0
-7,4,6,1,250,0
-1,8,58,1,250,0
-3,0,66,1,250,0
-5,2,106,1,250,0
8,-7,107,1,250,0
3,-2,108,1,250,0
5,-8,118,1,250,0
7,-4,191,1,250,0
4,4,163,1,250,0
1,-6,164,1,250,0
1,1,165,1,250,0
5,5,187,1,250,0
3,3,193,1,250,0
8,8,195,1,250,0
2,2,201,1,250,0
6,6,215,1,250,0
4,-5,232,1,250,0
7,7,247,1,250,0
0,0,248,1,250,0
6,-1,249,1,250,0
-7,5,9,1,250,0
1,-7,23,1,250,0
-4,2,34,1,250,0
-2,0,59,1,250,0
-3,-4,65,1,250,0
0,-4,84,1,250,0
8,-8,99,1,250,0
-5,3,109,1,250,0
7,-5,197,1,250,0
6,-2,149,1,250,0
3,4,161,1,250,0
0,1,162,1,250,0
-1,-8,185,1,250,0
2,3,194,1,250,0
7,8,197,1,250,0
4,5,199,1,250,0
5,6,223,1,250,0
4,-6,224,1,250,0
1,2,237,1,250,0
6,7,241,1,250,0
3,-3,247,1,250,0
9,1,3,1,250,0
-7,6,11,1,250,0
1,-8,17,1,250,0
-3,2,39,1,250,0
-6,-4,46,1,250,0
-1,0,54,1,250,0
7,-6,222,1,250,0
-4,3,115,1,250,0
4,-7,129,1,250,0
8,0,163,1,250,0
6,-3,141,1,250,0
2,4,154,1,250,0
2,-1,177,1,250,0
4,6,195,1,250,0
3,5,201,1,250,0
1,3,233,1,250,0
5,7,236,1,250,0
6,8,237,1,250,0
3,-4,249,1,250,0
0,2,249,1,250,0
-6,6,19,1,250,0
3,-5,35,1,250,0
7,-7,221,1,250,0
6,-4,106,1,250,0
2,-2,99,1,250,0
1,4,117,1,250,0
-4,4,118,1,250,0
7,0,158,1,250,0
-2,2,145,1,250,0
2,5,149,1,250,0
-1,1,154,1,250,0
5,-1,187,1,250,0
0,-6,197,1,250,0
3,6,208,1,250,0
-2,-3,219,1,250,0
8,1,224,1,250,0
5,8,235,1,250,0
4,7,249,1,250,0
-5,6,25,1,250,0
8,-1,168,1,250,0
6,-5,54,1,250,0
7,-8,213,1,250,0
2,-3,98,1,250,0
1,5,103,1,250,0
-3,4,126,1,250,0
-2,3,141,1,250,0
3,-6,142,1,250,0
2,6,143,1,250,0
5,-2,146,1,250,0
-1,2,149,1,250,0
0,4,174,1,250,0
0,-7,193,1,250,0
-2,-4,217,1,250,0
3,7,225,1,250,0
8,2,229,1,250,0
7,1,233,1,250,0
4,8,244,1,250,0
6,0,247,1,250,0
-1,3,4,1,250,0
-4,6,31,1,250,0
8,-2,177,1,250,0
1,6,41,1,250,0
-5,-4,53,1,250,0
6,-6,245,1,250,0
5,-3,96,1,250,0
-2,4,134,1,250,0
3,-7,141,1,250,0
0,5,183,1,250,0
0,-8,186,1,250,0
5,0,202,1,250,0
-2,-5,209,1,250,0
3,8,219,1,250,0
8,3,227,1,250,0
-1,-2,229,1,250,0
7,2,236,1,250,0
1,-1,239,1,250,0
6,1,239,1,250,0
2,7,248,1,250,0
-8,-4,34,1,250,0
5,-4,98,1,250,0
6,-7,249,1,250,0
8,-3,182,1,250,0
8,4,123,1,250,0
2,8,129,1,250,0
3,-8,133,1,250,0
2,-5,152,1,250,0
-1,4,168,1,250,0
4,-1,195,1,250,0
4,0,201,1,250,0
5,1,208,1,250,0
0,6,211,1,250,0
-2,5,225,1,250,0
-1,-3,226,1,250,0
-3,6,234,1,250,0
1,-2,238,1,250,0
7,3,237,1,250,0
6,2,248,1,250,0
1,7,249,1,250,0
7,-1,169,1,250,0
1,8,69,1,250,0
-1,-4,78,1,250,0
1,-3,92,1,250,0
6,-8,101,1,250,0
8,-4,125,1,250,0
2,-6,149,1,250,0
8,5,168,1,250,0
4,1,169,1,250,0
3,0,193,1,250,0
7,4,201,1,250,0
4,-2,202,1,250,0
0,7,207,1,250,0
-1,5,219,1,250,0
-2,6,229,1,250,0
5,-5,233,1,250,0
6,3,242,1,250,0
5,2,249,1,250,0
-3,7,248,1,250,0
2,-7,29,1,251,0
7,-2,171,1,251,0
-2,7,52,1,251,0
-4,-4,59,1,251,0
5,-6,239,1,251,0
1,-4,86,1,251,0
-5,0,92,1,251,0
8,-5,121,1,251,0
8,6,142,1,251,0
4,2,161,1,251,0
5,3,176,1,251,0
2,0,176,1,251,0
3,1,184,1,251,0
7,5,192,1,251,0
6,4,194,1,251,0
0,8,199,1,251,0
-1,-5,208,1,251,0
-1,6,217,1,251,0
4,-3,246,1,251,0
0,-1,247,1,251,0
-3,8,249,1,251,0
-7,3,13,1,251,0
-6,2,21,1,251,0
-7,-4,39,1,251,0
7,-3,184,1,251,0
-1,7,59,1,251,0
-4,0,89,1,251,0
-5,1,99,1,251,0
8,-6,111,1,251,0
5,-7,248,1,251,0
1,-5,158,1,251,0
4,3,168,1,251,0
1,0,169,1,251,0
2,1,179,1,251,0
5,4,185,1,251,0
3,2,189,1,251,0
3,-1,191,1,251,0
-1,-6,202,1,251,0
7,6,204,1,251,0
6,5,207,1,251,0
0,-2,237,1,251,0
4,-4,242,1,251,0
8,7,249,1,251,0
-7,4,6,1,251,0
-1,8,58,1,251,0
-3,0,66,1,251,0
-5,2,106,1,251,0
8,-7,107,1,251,0
3,-2,108,1,251,0
5,-8,118,1,251,0
7,-4,191,1,251,0
4,4,163,1,251,0
1,-6,164,1,251,0
1,1,165,1,251,0
5,5,187,1,251,0
3,3,193,1,251,0
8,8,195,1,251,0
2,2,201,1,251,0
6,6,215,1,251,0
4,-5,232,1,251,0
7,7,247,1,251,0
6,-1,249,1,251,0
0,0,249,1,251,0
-7,5,9,1,251,0
1,-7,23,1,251,0
-4,2,34,1,251,0
-2,0,59,1,251,0
-3,-4,65,1,251,0
0,-4,84,1,251,0
8,-8,99,1,251,0
-5,3,109,1,251,0
7,-5,197,1,251,0
6,-2,149,1,251,0
3,4,161,1,251,0
0,1,162,1,251,0
-1,-8,185,1,251,0
2,3,194,1,251,0
7,8,197,1,251,0
4,5,199,1,251,0
5,6,223,1,251,0
4,-6,224,1,251,0
1,2,237,1,251,0
6,7,241,1,251,0
3,-3,247,1,251,0
9,1,3,1,251,0
-7,6,11,1,251,0
1,-8,17,1,251,0
-3,2,39,1,251,0
-6,-4,46,1,251,0
-1,0,54,1,251,0
7,-6,222,1,251,0
-4,3,115,1,251,0
4,-7,129,1,251,0
8,0,163,1,251,0
6,-3,141,1,251,0
2,4,154,1,251,0
2,-1,177,1,251,0
4,6,195,1,251,0
3,5,201,1,251,0
1,3,233,1,251,0
5,7,236,1,251,0
6,8,237,1,251,0
3,-4,249,1,251,0
0,2,249,1,251,0
-6,6,19,1,251,0
3,-5,35,1,251,0
7,-7,221,1,251,0
6,-4,106,1,251,0
2,-2,99,1,251,0
1,4,117,1,251,0
-4,4,118,1,251,0
7,0,158,1,251,0
-2,2,145,1,251,0
2,5,149,1,251,0
-1,1,154,1,251,0
5,-1,187,1,251,0
0,-6,197,1,251,0
3,6,208,1,251,0
-2,-3,219,1,251,0
8,1,224,1,251,0
5,8,235,1,251,0
4,7,249,1,251,0
-5,6,25,1,251,0
8,-1,168,1,251,0
6,-5,54,1,251,0
7,-8,213,1,251,0
2,-3,98,1,251,0
1,5,103,1,251,0
-3,4,126,1,251,0
-2,3,141,1,251,0
3,-6,142,1,251,0
2,6,143,1,251,0
5,-2,146,1,251,0
-1,2,149,1,251,0
0,4,174,1,251,0
0,-7,193,1,251,0
-2,-4,217,1,251,0
3,7,225,1,251,0
8,2,229,1,251,0
7,1,233,1,251,0
4,8,244,1,251,0
6,0,247,1,251,0
-1,3,4,1,251,0
-4,6,31,1,251,0
8,-2,177,1,251,0
1,6,41,1,251,0
-5,-4,53,1,251,0
6,-6,251,1,251,0
5,-3,96,1,251,0
-2,4,134,1,251,0
3,-7,141,1,251,0
0,5,183,1,251,0
0,-8,186,1,251,0
5,0,202,1,251,0
-2,-5,209,1,251,0
3,8,219,1,251,0
8,3,227,1,251,0
-1,-2,229,1,251,0
7,2,236,1,251,0
1,-1,239,1,251,0
6,1,239,1,251,0
2,7,248,1,251,0
-8,-4,34,1,251,0
5,-4,98,1,251,0
6,-7,249,1,251,0
8,-3,182,1,251,0
8,4,123,1,251,0
2,8,129,1,251,0
3,-8,133,1,251,0
2,-5,152,1,251,0
-1,4,168,1,251,0
4,-1,195,1,251,0
4,0,201,1,251,0
5,1,208,1,251,0
0,6,211,1,251,0
-2,5,225,1,251,0
-1,-3,226,1,251,0
-3,6,234,1,251,0
1,-2,238,1,251,0
7,3,237,1,251,0
6,2,248,1,251,0
1,7,249,1,251,0
7,-1,169,1,251,0
1,8,69,1,251,0
-1,-4,78,1,251,0
1,-3,92,1,251,0
6,-8,101,1,251,0
8,-4,125,1,251,0
2,-6,149,1,251,0
8,5,168,1,251,0
4,1,169,1,251,0
3,0,193,1,251,0
7,4,201,1,251,0
4,-2,202,1,251,0
0,7,207,1,251,0
-1,5,219,1,251,0
-2,6,229,1,251,0
5,-5,233,1,251,0
6,3,242,1,251,0
5,2,249,1,251,0
-3,7,248,1,251,0
2,-7,29,1,252,0
7,-2,171,1,252,0
-2,7,52,1,252,0
-4,-4,59,1,252,0
5,-6,239,1,252,0
1,-4,86,1,252,0
-5,0,92,1,252,0
8,-5,121,1,252,0
8,6,142,1,252,0
4,2,161,1,252,0
2,0,176,1,252,0
3,1,184,1,252,0
7,5,192,1,252,0
6,4,194,1,252,0
0,8,199,1,252,0
-1,-5,208,1,252,0
-1,6,217,1,252,0
4,-3,246,1,252,0
0,-1,247,1,252,0
-3,8,249,1,252,0
5,3,251,1,252,0
-7,3,13,1,252,0
-6,2,21,1,252,0
-7,-4,39,1,252,0
7,-3,184,1,252,0
-1,7,59,1,252,0
-4,0,89,1,252,0
-5,1,99,1,252,0
8,-6,111,1,252,0
5,-7,248,1,252,0
1,-5,158,1,252,0
4,3,168,1,252,0
1,0,169,1,252,0
2,1,179,1,252,0
5,4,185,1,252,0
3,2,189,1,252,0
3,-1,191,1,252,0
-1,-6,202,1,252,0
7,6,204,1,252,0
6,5,207,1,252,0
0,-2,237,1,252,0
4,-4,242,1,252,0
8,7,249,1,252,0
-7,4,6,1,252,0
-1,8,58,1,252,0
-3,0,66,1,252,0
-5,2,106,1,252,0
8,-7,107,1,252,0
3,-2,108,1,252,0
5,-8,118,1,252,0
7,-4,191,1,252,0
4,4,163,1,252,0
1,-6,164,1,252,0
1,1,165,1,252,0
5,5,187,1,252,0
3,3,193,1,252,0
8,8,195,1,252,0
2,2,201,1,252,0
6,6,215,1,252,0
4,-5,232,1,252,0
6,-1,249,1,252,0
0,0,251,1,252,0
7,7,251,1,252,0
-7,5,9,1,252,0
1,-7,23,1,252,0
-4,2,34,1,252,0
-2,0,59,1,252,0
-3,-4,65,1,252,0
0,-4,84,1,252,0
8,-8,99,1,252,0
-5,3,109,1,252,0
7,-5,197,1,252,0
6,-2,149,1,252,0
3,4,161,1,252,0
0,1,162,1,252,0
-1,-8,185,1,252,0
2,3,194,1,252,0
7,8,197,1,252,0
4,5,199,1,252,0
5,6,223,1,252,0
4,-6,224,1,252,0
1,2,237,1,252,0
6,7,241,1,252,0
3,-3,247,1,252,0
9,1,3,1,252,0
-7,6,11,1,252,0
1,-8,17,1,252,0
-3,2,39,1,252,0
-6,-4,46,1,252,0
-1,0,54,1,252,0
7,-6,222,1,252,0
-4,3,115,1,252,0
4,-7,129,1,252,0
8,0,163,1,252,0
6,-3,141,1,252,0
2,4,154,1,252,0
2,-1,177,1,252,0
3,5,201,1,252,0
1,3,233,1,252,0
5,7,236,1,252,0
6,8,237,1,252,0
3,-4,251,1,252,0
4,6,251,1,252,0
0,2,251,1,252,0
-6,6,19,1,252,0
3,-5,35,1,252,0
7,-7,221,1,252,0
6,-4,106,1,252,0
2,-2,99,1,252,0
1,4,117,1,252,0
-4,4,118,1,252,0
7,0,158,1,252,0
-2,2,145,1,252,0
2,5,149,1,252,0
-1,1,154,1,252,0
5,-1,187,1,252,0
0,-6,197,1,252,0
3,6,208,1,252,0
-2,-3,219,1,252,0
8,1,224,1,252,0
5,8,235,1,252,0
4,7,249,1,252,0
-5,6,25,1,252,0
8,-1,168,1,252,0
6,-5,54,1,252,0
7,-8,213,1,252,0
2,-3,98,1,252,0
1,5,103,1,252,0
-3,4,126,1,252,0
-2,3,141,1,252,0
3,-6,142,1,252,0
2,6,143,1,252,0
5,-2,146,1,252,0
-1,2,149,1,252,0
0,4,174,1,252,0
0,-7,193,1,252,0
-2,-4,217,1,252,0
3,7,225,1,252,0
8,2,229,1,252,0
7,1,233,1,252,0
4,8,244,1,252,0
6,0,247,1,252,0
-1,3,4,1,252,0
-4,6,31,1,252,0
8,-2,177,1,252,0
1,6,41,1,252,0
-5,-4,53,1,252,0
6,-6,252,1,252,0
5,-3,96,1,252,0
-2,4,134,1,252,0
3,-7,141,1,252,0
0,5,183,1,252,0
0,-8,186,1,252,0
5,0,202,1,252,0
-2,-5,209,1,252,0
3,8,219,1,252,0
8,3,227,1,252,0
-1,-2,229,1,252,0
7,2,236,1,252,0
1,-1,239,1,252,0
6,1,239,1,252,0
2,7,248,1,252,0
-8,-4,34,1,252,0
5,-4,98,1,252,0
6,-7,249,1,252,0
8,-3,182,1,252,0
8,4,123,1,252,0
2,8,129,1,252,0
3,-8,133,1,252,0
2,-5,152,1,252,0
-1,4,168,1,252,0
4,-1,195,1,252,0
4,0,201,1,252,0
5,1,208,1,252,0
0,6,211,1,252,0
-2,5,225,1,252,0
-1,-3,226,1,252,0
-3,6,234,1,252,0
1,-2,238,1,252,0
7,3,237,1,252,0
6,2,248,1,252,0
1,7,251,1,252,0
1,8,69,1,252,0
-1,-4,78,1,252,0
1,-3,92,1,252,0
6,-8,101,1,252,0
8,-4,125,1,252,0
2,-6,149,1,252,0
8,5,168,1,252,0
4,1,169,1,252,0
3,0,193,1,252,0
7,4,201,1,252,0
4,-2,202,1,252,0
0,7,207,1,252,0
-1,5,219,1,252,0
-2,6,229,1,252,0
5,-5,233,1,252,0
6,3,242,1,252,0
5,2,249,1,252,0
-3,7,248,1,252,0
7,-1,251,1,252,0
2,-7,29,1,253,0
7,-2,171,1,253,0
-2,7,52,1,253,0
-4,-4,59,1,253,0
5,-6,239,1,253,0
1,-4,86,1,253,0
-5,0,92,1,253,0
8,-5,121,1,253,0
8,6,142,1,253,0
4,2,161,1,253,0
2,0,176,1,253,0
3,1,184,1,253,0
7,5,192,1,253,0
6,4,194,1,253,0
0,8,199,1,253,0
-1,-5,208,1,253,0
-1,6,217,1,253,0
4,-3,246,1,253,0
0,-1,247,1,253,0
5,3,252,1,253,0
-3,8,251,1,253,0
-7,3,13,1,253,0
-6,2,21,1,253,0
-7,-4,39,1,253,0
7,-3,184,1,253,0
-1,7,59,1,253,0
-4,0,89,1,253,0
-5,1,99,1,253,0
8,-6,111,1,253,0
5,-7,248,1,253,0
1,-5,158,1,253,0
4,3,168,1,253,0
1,0,169,1,253,0
2,1,179,1,253,0
5,4,185,1,253,0
3,2,189,1,253,0
3,-1,191,1,253,0
-1,-6,202,1,253,0
7,6,204,1,253,0
6,5,207,1,253,0
0,-2,237,1,253,0
4,-4,242,1,253,0
8,7,249,1,253,0
-7,4,6,1,253,0
-1,8,58,1,253,0
-3,0,66,1,253,0
-5,2,106,1,253,0
8,-7,107,1,253,0
3,-2,108,1,253,0
5,-8,118,1,253,0
7,-4,191,1,253,0
4,4,163,1,253,0
1,-6,164,1,253,0
1,1,165,1,253,0
5,5,187,1,253,0
3,3,193,1,253,0
8,8,195,1,253,0
2,2,201,1,253,0
6,6,215,1,253,0
4,-5,232,1,253,0
6,-1,249,1,253,0
0,0,252,1,253,0
7,7,252,1,253,0
-7,5,9,1,253,0
1,-7,23,1,253,0
-4,2,34,1,253,0
-2,0,59,1,253,0
-3,-4,65,1,253,0
0,-4,84,1,253,0
8,-8,99,1,253,0
-5,3,109,1,253,0
7,-5,197,1,253,0
6,-2,149,1,253,0
3,4,161,1,253,0
0,1,162,1,253,0
-1,-8,185,1,253,0
2,3,194,1,253,0
7,8,197,1,253,0
4,5,199,1,253,0
5,6,223,1,253,0
4,-6,224,1,253,0
1,2,237,1,253,0
6,7,241,1,253,0
3,-3,247,1,253,0
9,1,3,1,253,0
-7,6,11,1,253,0
1,-8,17,1,253,0
-3,2,39,1,253,0
-6,-4,46,1,253,0
-1,0,54,1,253,0
7,-6,222,1,253,0
-4,3,115,1,253,0
4,-7,129,1,253,0
8,0,163,1,253,0
6,-3,141,1,253,0
2,4,154,1,253,0
2,-1,177,1,253,0
3,5,201,1,253,0
1,3,233,1,253,0
5,7,236,1,253,0
6,8,237,1,253,0
3,-4,252,1,253,0
4,6,252,1,253,0
0,2,252,1,253,0
-6,6,19,1,253,0
3,-5,35,1,253,0
7,-7,221,1,253,0
6,-4,106,1,253,0
2,-2,99,1,253,0
1,4,117,1,253,0
-4,4,118,1,253,0
7,0,158,1,253,0
-2,2,145,1,253,0
2,5,149,1,253,0
-1,1,154,1,253,0
5,-1,187,1,253,0
0,-6,197,1,253,0
3,6,208,1,253,0
-2,-3,219,1,253,0
8,1,224,1,253,0
5,8,235,1,253,0
4,7,249,1,253,0
-5,6,25,1,253,0
8,-1,168,1,253,0
6,-5,54,1,253,0
7,-8,213,1,253,0
2,-3,98,1,253,0
1,5,103,1,253,0
-3,4,126,1,253,0
-2,3,141,1,253,0
3,-6,142,1,253,0
2,6,143,1,253,0
5,-2,146,1,253,0
-1,2,149,1,253,0
0,4,174,1,253,0
0,-7,193,1,253,0
-2,-4,217,1,253,0
3,7,225,1,253,0
8,2,229,1,253,0
7,1,233,1,253,0
4,8,244,1,253,0
6,0,247,1,253,0
-1,3,4,1,253,0
-4,6,31,1,253,0
8,-2,177,1,253,0
1,6,41,1,253,0
-5,-4,53,1,253,0
6,-6,253,1,253,0
5,-3,96,1,253,0
-2,4,134,1,253,0
3,-7,141,1,253,0
0,5,183,1,253,0
0,-8,186,1,253,0
5,0,202,1,253,0
-2,-5,209,1,253,0
3,8,219,1,253,0
8,3,227,1,253,0
-1,-2,229,1,253,0
7,2,236,1,253,0
1,-1,239,1,253,0
6,1,239,1,253,0
2,7,248,1,253,0
-8,-4,34,1,253,0
5,-4,98,1,253,0
6,-7,249,1,253,0
8,-3,182,1,253,0
8,4,123,1,253,0
2,8,129,1,253,0
3,-8,133,1,253,0
2,-5,152,1,253,0
-1,4,168,1,253,0
4,-1,195,1,253,0
4,0,201,1,253,0
5,1,208,1,253,0
0,6,211,1,253,0
-2,5,225,1,253,0
-1,-3,226,1,253,0
-3,6,234,1,253,0
1,-2,238,1,253,0
7,3,237,1,253,0
6,2,248,1,253,0
1,7,252,1,253,0
1,8,69,1,253,0
-1,-4,78,1,253,0
1,-3,92,1,253,0
6,-8,101,1,253,0
8,-4,125,1,253,0
2,-6,149,1,253,0
8,5,168,1,253,0
4,1,169,1,253,0
3,0,193,1,253,0
7,4,201,1,253,0
4,-2,202,1,253,0
0,7,207,1,253,0
-1,5,219,1,253,0
-2,6,229,1,253,0
5,-5,233,1,253,0
6,3,242,1,253,0
5,2,249,1,253,0
-3,7,248,1,253,0
7,-1,252,1,253,0
2,-7,29,1,254,0
7,-2,171,1,254,0
-2,7,52,1,254,0
-4,-4,59,1,254,0
5,-6,239,1,254,0
1,-4,86,1,254,0
-5,0,92,1,254,0
8,-5,121,1,254,0
8,6,142,1,254,0
4,2,161,1,254,0
2,0,176,1,254,0
3,1,184,1,254,0
7,5,192,1,254,0
6,4,194,1,254,0
0,8,199,1,254,0
-1,-5,208,1,254,0
-1,6,217,1,254,0
4,-3,246,1,254,0
0,-1,247,1,254,0
5,3,253,1,254,0
-3,8,252,1,254,0
-7,3,13,1,254,0
-6,2,21,1,254,0
-7,-4,39,1,254,0
7,-3,184,1,254,0
-1,7,59,1,254,0
-4,0,89,1,254,0
-5,1,99,1,254,0
8,-6,111,1,254,0
5,-7,248,1,254,0
1,-5,158,1,254,0
4,3,168,1,254,0
1,0,169,1,254,0
2,1,179,1,254,0
5,4,185,1,254,0
3,2,189,1,254,0
3,-1,191,1,254,0
-1,-6,202,1,254,0
7,6,204,1,254,0
6,5,207,1,254,0
0,-2,237,1,254,0
4,-4,242,1,254,0
8,7,249,1,254,0
-7,4,6,1,254,0
-1,8,58,1,254,0
-3,0,66,1,254,0
-5,2,106,1,254,0
8,-7,107,1,254,0
3,-2,108,1,254,0
5,-8,118,1,254,0
7,-4,191,1,254,0
4,4,163,1,254,0
1,-6,164,1,254,0
1,1,165,1,254,0
5,5,187,1,254,0
3,3,193,1,254,0
8,8,195,1,254,0
2,2,201,1,254,0
6,6,215,1,254,0
4,-5,232,1,254,0
6,-1,249,1,254,0
0,0,253,1,254,0
7,7,253,1,254,0
-7,5,9,1,254,0
1,-7,23,1,254,0
-4,2,34,1,254,0
-2,0,59,1,254,0
-3,-4,65,1,254,0
0,-4,84,1,254,0
8,-8,99,1,254,0
-5,3,109,1,254,0
7,-5,197,1,254,0
6,-2,149,1,254,0
3,4,161,1,254,0
0,1,162,1,254,0
-1,-8,185,1,254,0
2,3,194,1,254,0
7,8,197,1,254,0
4,5,199,1,254,0
5,6,223,1,254,0
4,-6,224,1,254,0
1,2,237,1,254,0
6,7,241,1,254,0
3,-3,247,1,254,0
9,1,3,1,254,0
-7,6,11,1,254,0
1,-8,17,1,254,0
-3,2,39,1,254,0
-6,-4,46,1,254,0
-1,0,54,1,254,0
7,-6,222,1,254,0
-4,3,115,1,254,0
4,-7,129,1,254,0
8,0,163,1,254,0
6,-3,141,1,254,0
2,4,154,1,254,0
2,-1,177,1,254,0
3,5,201,1,254,0
1,3,233,1,254,0
5,7,236,1,254,0
6,8,237,1,254,0
3,-4,253,1,254,0
4,6,253,1,254,0
0,2,253,1,254,0
-6,6,19,1,254,0
3,-5,35,1,254,0
7,-7,221,1,254,0
6,-4,106,1,254,0
2,-2,99,1,254,0
1,4,117,1,254,0
-4,4,118,1,254,0
7,0,158,1,254,0
-2,2,145,1,254,0
2,5,149,1,254,0
-1,1,154,1,254,0
5,-1,187,1,254,0
0,-6,197,1,254,0
3,6,208,1,254,0
-2,-3,219,1,254,0
8,1,224,1,254,0
5,8,235,1,254,0
4,7,249,1,254,0
-5,6,25,1,254,0
8,-1,168,1,254,0
6,-5,54,1,254,0
7,-8,213,1,254,0
2,-3,98,1,254,0
1,5,103,1,254,0
-3,4,126,1,254,0
-2,3,141,1,254,0
3,-6,142,1,254,0
2,6,143,1,254,0
5,-2,146,1,254,0
-1,2,149,1,254,0
0,4,174,1,254,0
0,-7,193,1,254,0
-2,-4,217,1,254,0
3,7,225,1,254,0
8,2,229,1,254,0
7,1,233,1,254,0
4,8,244,1,254,0
6,0,247,1,254,0
-1,3,4,1,254,0
-4,6,31,1,254,0
8,-2,177,1,254,0
1,6,41,1,254,0
-5,-4,53,1,254,0
6,-6,254,1,254,0
5,-3,96,1,254,0
-2,4,134,1,254,0
3,-7,141,1,254,0
0,5,183,1,254,0
0,-8,186,1,254,0
5,0,202,1,254,0
-2,-5,209,1,254,0
3,8,219,1,254,0
8,3,227,1,254,0
-1,-2,229,1,254,0
7,2,236,1,254,0
1,-1,239,1,254,0
6,1,239,1,254,0
2,7,248,1,254,0
-8,-4,34,1,254,0
5,-4,98,1,254,0
6,-7,249,1,254,0
8,-3,182,1,254,0
8,4,123,1,254,0
2,8,129,1,254,0
3,-8,133,1,254,0
2,-5,152,1,254,0
-1,4,168,1,254,0
4,-1,195,1,254,0
4,0,201,1,254,0
5,1,208,1,254,0
0,6,211,1,254,0
-2,5,225,1,254,0
-1,-3,226,1,254,0
-3,6,234,1,254,0
1,-2,238,1,254,0
7,3,237,1,254,0
6,2,248,1,254,0
1,7,253,1,254,0
1,8,69,1,254,0
-1,-4,78,1,254,0
1,-3,92,1,254,0
6,-8,101,1,254,0
8,-4,125,1,254,0
2,-6,149,1,254,0
8,5,168,1,254,0
4,1,169,1,254,0
3,0,193,1,254,0
7,4,201,1,254,0
4,-2,202,1,254,0
0,7,207,1,254,0
-1,5,219,1,254,0
-2,6,229,1,254,0
5,-5,233,1,254,0
6,3,242,1,254,0
5,2,249,1,254,0
-3,7,248,1,254,0
7,-1,253,1,254,0
2,-7,29,1,255,0
7,-2,171,1,255,0
-2,7,52,1,255,0
-4,-4,59,1,255,0
5,-6,239,1,255,0
1,-4,86,1,255,0
-5,0,92,1,255,0
8,-5,121,1,255,0
8,6,142,1,255,0
4,2,161,1,255,0
2,0,176,1,255,0
3,1,184,1,255,0
7,5,192,1,255,0
6,4,194,1,255,0
0,8,199,1,255,0
-1,-5,208,1,255,0
-1,6,217,1,255,0
4,-3,246,1,255,0
0,-1,247,1,255,0
5,3,254,1,255,0
-3,8,253,1,255,0
-7,3,13,1,255,0
-6,2,21,1,255,0
-7,-4,39,1,255,0
7,-3,184,1,255,0
-1,7,59,1,255,0
-4,0,89,1,255,0
-5,1,99,1,255,0
8,-6,111,1,255,0
5,-7,248,1,255,0
1,-5,158,1,255,0
4,3,168,1,255,0
1,0,169,1,255,0
2,1,179,1,255,0
5,4,185,1,255,0
3,2,189,1,255,0
3,-1,191,1,255,0
-1,-6,202,1,255,0
7,6,204,1,255,0
6,5,207,1,255,0
0,-2,237,1,255,0
4,-4,242,1,255,0
8,7,249,1,255,0
-7,4,6,1,255,0
-1,8,58,1,255,0
-3,0,66,1,255,0
-5,2,106,1,255,0
8,-7,107,1,255,0
3,-2,108,1,255,0
5,-8,118,1,255,0
7,-4,191,1,255,0
4,4,163,1,255,0
1,-6,164,1,255,0
1,1,165,1,255,0
5,5,187,1,255,0
3,3,193,1,255,0
8,8,195,1,255,0
2,2,201,1,255,0
6,6,215,1,255,0
4,-5,232,1,255,0
6,-1,249,1,255,0
7,7,253,1,255,0
0,0,254,1,255,0
-7,5,9,1,255,0
1,-7,23,1,255,0
-4,2,34,1,255,0
-2,0,59,1,255,0
-3,-4,65,1,255,0
0,-4,84,1,255,0
8,-8,99,1,255,0
-5,3,109,1,255,0
7,-5,197,1,255,0
6,-2,149,1,255,0
3,4,161,1,255,0
0,1,162,1,255,0
-1,-8,185,1,255,0
2,3,194,1,255,0
7,8,197,1,255,0
4,5,199,1,255,0
5,6,223,1,255,0
4,-6,224,1,255,0
1,2,237,1,255,0
6,7,241,1,255,0
3,-3,247,1,255,0
9,1,3,1,255,0
-7,6,11,1,255,0
1,-8,17,1,255,0
-3,2,39,1,255,0
-6,-4,46,1,255,0
-1,0,54,1,255,0
7,-6,222,1,255,0
-4,3,115,1,255,0
4,-7,129,1,255,0
8,0,163,1,255,0
6,-3,141,1,255,0
2,4,154,1,255,0
2,-1,177,1,255,0
3,5,201,1,255,0
1,3,233,1,255,0
5,7,236,1,255,0
6,8,237,1,255,0
3,-4,254,1,255,0
4,6,254,1,255,0
0,2,254,1,255,0
-6,6,19,1,255,0
3,-5,35,1,255,0
7,-7,221,1,255,0
6,-4,106,1,255,0
2,-2,99,1,255,0
1,4,117,1,255,0
-4,4,118,1,255,0
7,0,158,1,255,0
-2,2,145,1,255,0
2,5,149,1,255,0
-1,1,154,1,255,0
5,-1,187,1,255,0
0,-6,197,1,255,0
3,6,208,1,255,0
-2,-3,219,1,255,0
8,1,224,1,255,0
5,8,235,1,255,0
4,7,249,1,255,0
-5,6,25,1,255,0
8,-1,168,1,255,0
6,-5,54,1,255,0
7,-8,213,1,255,0
2,-3,98,1,255,0
1,5,103,1,255,0
-3,4,126,1,255,0
-2,3,141,1,255,0
3,-6,142,1,255,0
2,6,143,1,255,0
5,-2,146,1,255,0
-1,2,149,1,255,0
0,4,174,1,255,0
0,-7,193,1,255,0
-2,-4,217,1,255,0
3,7,225,1,255,0
8,2,229,1,255,0
7,1,233,1,255,0
4,8,244,1,255,0
6,0,247,1,255,0
-1,3,4,1,255,0
-4,6,31,1,255,0
8,-2,177,1,255,0
1,6,41,1,255,0
-5,-4,53,1,255,0
6,-6,255,1,255,0
5,-3,96,1,255,0
-2,4,134,1,255,0
3,-7,141,1,255,0
0,5,183,1,255,0
0,-8,186,1,255,0
5,0,202,1,255,0
-2,-5,209,1,255,0
3,8,219,1,255,0
8,3,227,1,255,0
-1,-2,229,1,255,0
7,2,236,1,255,0
1,-1,239,1,255,0
6,1,239,1,255,0
2,7,248,1,255,0
-8,-4,34,1,255,0
5,-4,98,1,255,0
6,-7,249,1,255,0
8,-3,182,1,255,0
8,4,123,1,255,0
2,8,129,1,255,0
3,-8,133,1,255,0
2,-5,152,1,255,0
-1,4,168,1,255,0
4,-1,195,1,255,0
4,0,201,1,255,0
5,1,208,1,255,0
0,6,211,1,255,0
-2,5,225,1,255,0
-1,-3,226,1,255,0
-3,6,234,1,255,0
1,-2,238,1,255,0
7,3,237,1,255,0
6,2,248,1,255,0
1,7,254,1,255,0
1,8,69,1,255,0
-1,-4,78,1,255,0
1,-3,92,1,255,0
6,-8,101,1,255,0
8,-4,125,1,255,0
2,-6,149,1,255,0
8,5,168,1,255,0
4,1,169,1,255,0
3,0,193,1,255,0
7,4,201,1,255,0
4,-2,202,1,255,0
0,7,207,1,255,0
-1,5,219,1,255,0
-2,6,229,1,255,0
5,-5,233,1,255,0
6,3,242,1,255,0
5,2,249,1,255,0
-3,7,248,1,255,0
7,-1,254,1,255,0
2,-7,29,1,256,0
7,-2,171,1,256,0
-2,7,52,1,256,0
-4,-4,59,1,256,0
5,-6,239,1,256,0
1,-4,86,1,256,0
-5,0,92,1,256,0
8,-5,121,1,256,0
8,6,142,1,256,0
4,2,161,1,256,0
2,0,176,1,256,0
3,1,184,1,256,0
7,5,192,1,256,0
6,4,194,1,256,0
0,8,199,1,256,0
-1,-5,208,1,256,0
-1,6,217,1,256,0
4,-3,246,1,256,0
0,-1,247,1,256,0
5,3,255,1,256,0
-3,8,254,1,256,0
-7,3,13,1,256,0
-6,2,21,1,256,0
-7,-4,39,1,256,0
7,-3,184,1,256,0
-1,7,59,1,256,0
-4,0,89,1,256,0
-5,1,99,1,256,0
8,-6,111,1,256,0
5,-7,248,1,256,0
1,-5,158,1,256,0
4,3,168,1,256,0
1,0,169,1,256,0
2,1,179,1,256,0
5,4,185,1,256,0
3,2,189,1,256,0
3,-1,191,1,256,0
-1,-6,202,1,256,0
7,6,204,1,256,0
6,5,207,1,256,0
0,-2,237,1,256,0
4,-4,242,1,256,0
8,7,254,1,256,0
-7,4,6,1,256,0
-1,8,58,1,256,0
-3,0,66,1,256,0
-5,2,106,1,256,0
8,-7,107,1,256,0
3,-2,108,1,256,0
5,-8,118,1,256,0
7,-4,191,1,256,0
4,4,163,1,256,0
1,-6,164,1,256,0
1,1,165,1,256,0
5,5,187,1,256,0
3,3,193,1,256,0
8,8,195,1,256,0
2,2,201,1,256,0
6,6,215,1,256,0
4,-5,232,1,256,0
6,-1,249,1,256,0
7,7,253,1,256,0
0,0,254,1,256,0
-7,5,9,1,256,0
1,-7,23,1,256,0
-4,2,34,1,256,0
-2,0,59,1,256,0
-3,-4,65,1,256,0
0,-4,84,1,256,0
8,-8,99,1,256,0
-5,3,109,1,256,0
7,-5,197,1,256,0
6,-2,149,1,256,0
3,4,161,1,256,0
0,1,162,1,256,0
-1,-8,185,1,256,0
2,3,194,1,256,0
7,8,197,1,256,0
4,5,199,1,256,0
5,6,223,1,256,0
4,-6,224,1,256,0
1,2,237,1,256,0
6,7,241,1,256,0
3,-3,247,1,256,0
9,1,3,1,256,0
-7,6,11,1,256,0
1,-8,17,1,256,0
-3,2,39,1,256,0
-6,-4,46,1,256,0
7,-6,222,1,256,0
-4,3,115,1,256,0
4,-7,129,1,256,0
8,0,163,1,256,0
6,-3,141,1,256,0
2,4,154,1,256,0
2,-1,177,1,256,0
3,5,201,1,256,0
1,3,233,1,256,0
5,7,236,1,256,0
6,8,237,1,256,0
4,6,254,1,256,0
-1,0,255,1,256,0
3,-4,255,1,256,0
0,2,255,1,256,0
-6,6,19,1,256,0
3,-5,35,1,256,0
7,-7,221,1,256,0
6,-4,106,1,256,0
2,-2,99,1,256,0
1,4,117,1,256,0
-4,4,118,1,256,0
7,0,158,1,256,0
-2,2,145,1,256,0
2,5,149,1,256,0
-1,1,154,1,256,0
5,-1,187,1,256,0
0,-6,197,1,256,0
3,6,208,1,256,0
-2,-3,219,1,256,0
8,1,224,1,256,0
5,8,235,1,256,0
4,7,249,1,256,0
-5,6,25,1,256,0
8,-1,168,1,256,0
6,-5,54,1,256,0
7,-8,213,1,256,0
2,-3,98,1,256,0
1,5,103,1,256,0
-3,4,126,1,256,0
-2,3,141,1,256,0
3,-6,142,1,256,0
2,6,143,1,256,0
5,-2,146,1,256,0
-1,2,149,1,256,0
0,4,174,1,256,0
0,-7,193,1,256,0
-2,-4,217,1,256,0
3,7,225,1,256,0
8,2,229,1,256,0
7,1,233,1,256,0
4,8,244,1,256,0
6,0,247,1,256,0
-1,3,4,1,256,0
-4,6,31,1,256,0
8,-2,177,1,256,0
1,6,41,1,256,0
-5,-4,53,1,256,0
6,-6,256,1,256,0
5,-3,96,1,256,0
-2,4,134,1,256,0
3,-7,141,1,256,0
0,5,183,1,256,0
0,-8,186,1,256,0
5,0,202,1,256,0
-2,-5,209,1,256,0
3,8,219,1,256,0
8,3,227,1,256,0
-1,-2,229,1,256,0
7,2,236,1,256,0
1,-1,239,1,256,0
6,1,239,1,256,0
2,7,255,1,256,0
-8,-4,34,1,256,0
5,-4,98,1,256,0
6,-7,249,1,256,0
8,-3,182,1,256,0
8,4,123,1,256,0
2,8,129,1,256,0
3,-8,133,1,256,0
2,-5,152,1,256,0
-1,4,168,1,256,0
4,-1,195,1,256,0
4,0,201,1,256,0
5,1,208,1,256,0
0,6,211,1,256,0
-2,5,225,1,256,0
-1,-3,226,1,256,0
-3,6,234,1,256,0
1,-2,238,1,256,0
7,3,237,1,256,0
6,2,248,1,256,0
1,7,254,1,256,0
1,8,69,1,256,0
-1,-4,78,1,256,0
1,-3,92,1,256,0
6,-8,101,1,256,0
8,-4,125,1,256,0
2,-6,149,1,256,0
8,5,168,1,256,0
4,1,169,1,256,0
3,0,193,1,256,0
7,4,201,1,256,0
4,-2,202,1,256,0
0,7,207,1,256,0
-1,5,219,1,256,0
-2,6,229,1,256,0
5,-5,233,1,256,0
6,3,242,1,256,0
5,2,249,1,256,0
-3,7,248,1,256,0
7,-1,255,1,256,0
2,-7,29,1,257,0
7,-2,171,1,257,0
-2,7,52,1,257,0
-4,-4,59,1,257,0
5,-6,239,1,257,0
1,-4,86,1,257,0
-5,0,92,1,257,0
8,-5,121,1,257,0
8,6,142,1,257,0
4,2,161,1,257,0
2,0,176,1,257,0
3,1,184,1,257,0
7,5,192,1,257,0
6,4,194,1,257,0
0,8,199,1,257,0
-1,-5,208,1,257,0
-1,6,217,1,257,0
4,-3,246,1,257,0
0,-1,247,1,257,0
5,3,256,1,257,0
-3,8,255,1,257,0
-7,3,13,1,257,0
-6,2,21,1,257,0
-7,-4,39,1,257,0
7,-3,184,1,257,0
-1,7,59,1,257,0
-4,0,89,1,257,0
-5,1,99,1,257,0
8,-6,111,1,257,0
5,-7,248,1,257,0
1,-5,158,1,257,0
4,3,168,1,257,0
1,0,169,1,257,0
2,1,179,1,257,0
5,4,185,1,257,0
3,2,189,1,257,0
3,-1,191,1,257,0
-1,-6,202,1,257,0
7,6,204,1,257,0
6,5,207,1,257,0
0,-2,237,1,257,0
4,-4,242,1,257,0
8,7,256,1,257,0
-7,4,6,1,257,0
-1,8,58,1,257,0
-3,0,66,1,257,0
-5,2,106,1,257,0
8,-7,107,1,257,0
3,-2,108,1,257,0
5,-8,118,1,257,0
7,-4,191,1,257,0
4,4,163,1,257,0
1,-6,164,1,257,0
1,1,165,1,257,0
5,5,187,1,257,0
3,3,193,1,257,0
8,8,195,1,257,0
2,2,201,1,257,0
6,6,215,1,257,0
4,-5,232,1,257,0
6,-1,249,1,257,0
7,7,253,1,257,0
0,0,254,1,257,0
-7,5,9,1,257,0
1,-7,23,1,257,0
-4,2,34,1,257,0
-2,0,59,1,257,0
-3,-4,65,1,257,0
0,-4,84,1,257,0
8,-8,99,1,257,0
-5,3,109,1,257,0
7,-5,197,1,257,0
6,-2,149,1,257,0
3,4,161,1,257,0
0,1,162,1,257,0
-1,-8,185,1,257,0
2,3,194,1,257,0
7,8,197,1,257,0
4,5,199,1,257,0
5,6,223,1,257,0
4,-6,224,1,257,0
1,2,237,1,257,0
6,7,241,1,257,0
3,-3,247,1,257,0
9,1,3,1,257,0
-7,6,11,1,257,0
1,-8,17,1,257,0
-3,2,39,1,257,0
-6,-4,46,1,257,0
7,-6,222,1,257,0
-4,3,115,1,257,0
4,-7,129,1,257,0
8,0,163,1,257,0
6,-3,141,1,257,0
2,4,154,1,257,0
2,-1,177,1,257,0
3,5,201,1,257,0
1,3,233,1,257,0
5,7,236,1,257,0
6,8,237,1,257,0
3,-4,255,1,257,0
4,6,255,1,257,0
-1,0,256,1,257,0
0,2,256,1,257,0
-6,6,19,1,257,0
3,-5,35,1,257,0
7,-7,221,1,257,0
6,-4,106,1,257,0
2,-2,99,1,257,0
1,4,117,1,257,0
-4,4,118,1,257,0
7,0,158,1,257,0
-2,2,145,1,257,0
2,5,149,1,257,0
-1,1,154,1,257,0
5,-1,187,1,257,0
0,-6,197,1,257,0
3,6,208,1,257,0
-2,-3,219,1,257,0
8,1,224,1,257,0
5,8,235,1,257,0
4,7,249,1,257,0
-5,6,25,1,257,0
8,-1,168,1,257,0
6,-5,54,1,257,0
7,-8,213,1,257,0
2,-3,98,1,257,0
1,5,103,1,257,0
-3,4,126,1,257,0
-2,3,141,1,257,0
3,-6,142,1,257,0
2,6,143,1,257,0
5,-2,146,1,257,0
-1,2,149,1,257,0
0,4,174,1,257,0
0,-7,193,1,257,0
-2,-4,217,1,257,0
3,7,225,1,257,0
8,2,229,1,257,0
7,1,233,1,257,0
4,8,244,1,257,0
6,0,247,1,257,0
-1,3,4,1,257,0
-4,6,31,1,257,0
8,-2,177,1,257,0
1,6,41,1,257,0
-5,-4,53,1,257,0
6,-6,257,1,257,0
5,-3,96,1,257,0
-2,4,134,1,257,0
3,-7,141,1,257,0
0,5,183,1,257,0
0,-8,186,1,257,0
5,0,202,1,257,0
-2,-5,209,1,257,0
3,8,219,1,257,0
8,3,227,1,257,0
-1,-2,229,1,257,0
7,2,236,1,257,0
1,-1,239,1,257,0
6,1,239,1,257,0
2,-4,256,1,257,0
2,7,256,1,257,0
-8,-4,34,1,257,0
5,-4,98,1,257,0
6,-7,249,1,257,0
8,-3,182,1,257,0
8,4,123,1,257,0
2,8,129,1,257,0
3,-8,133,1,257,0
2,-5,152,1,257,0
-1,4,168,1,257,0
4,-1,195,1,257,0
4,0,201,1,257,0
5,1,208,1,257,0
0,6,211,1,257,0
-2,5,225,1,257,0
-1,-3,226,1,257,0
-3,6,234,1,257,0
1,-2,238,1,257,0
7,3,237,1,257,0
6,2,248,1,257,0
1,7,254,1,257,0
1,8,69,1,257,0
-1,-4,78,1,257,0
1,-3,92,1,257,0
6,-8,101,1,257,0
8,-4,125,1,257,0
2,-6,149,1,257,0
8,5,168,1,257,0
4,1,169,1,257,0
3,0,193,1,257,0
7,4,201,1,257,0
4,-2,202,1,257,0
0,7,207,1,257,0
-1,5,219,1,257,0
-2,6,229,1,257,0
5,-5,233,1,257,0
6,3,242,1,257,0
5,2,249,1,257,0
-3,7,248,1,257,0
7,-1,256,1,257,0
2,-7,29,1,258,0
7,-2,171,1,258,0
-2,7,52,1,258,0
-4,-4,59,1,258,0
5,-6,239,1,258,0
1,-4,86,1,258,0
-5,0,92,1,258,0
8,-5,121,1,258,0
8,6,142,1,258,0
4,2,161,1,258,0
2,0,176,1,258,0
3,1,184,1,258,0
7,5,192,1,258,0
6,4,194,1,258,0
0,8,199,1,258,0
-1,-5,208,1,258,0
-1,6,217,1,258,0
4,-3,246,1,258,0
0,-1,247,1,258,0
-3,8,255,1,258,0
5,3,257,1,258,0
-7,3,13,1,258,0
-6,2,21,1,258,0
-7,-4,39,1,258,0
7,-3,184,1,258,0
-1,7,59,1,258,0
-4,0,89,1,258,0
-5,1,99,1,258,0
8,-6,111,1,258,0
5,-7,248,1,258,0
1,-5,158,1,258,0
4,3,168,1,258,0
1,0,169,1,258,0
2,1,179,1,258,0
5,4,185,1,258,0
3,2,189,1,258,0
3,-1,191,1,258,0
-1,-6,202,1,258,0
7,6,204,1,258,0
6,5,207,1,258,0
0,-2,237,1,258,0
4,-4,242,1,258,0
8,7,257,1,258,0
-7,4,6,1,258,0
-1,8,58,1,258,0
-3,0,66,1,258,0
-5,2,106,1,258,0
8,-7,107,1,258,0
3,-2,108,1,258,0
5,-8,118,1,258,0
7,-4,191,1,258,0
4,4,163,1,258,0
1,-6,164,1,258,0
1,1,165,1,258,0
5,5,187,1,258,0
3,3,193,1,258,0
8,8,195,1,258,0
2,2,201,1,258,0
6,6,215,1,258,0
4,-5,232,1,258,0
6,-1,249,1,258,0
7,7,253,1,258,0
0,0,254,1,258,0
-7,5,9,1,258,0
1,-7,23,1,258,0
-4,2,34,1,258,0
-2,0,59,1,258,0
-3,-4,65,1,258,0
0,-4,84,1,258,0
8,-8,99,1,258,0
-5,3,109,1,258,0
7,-5,197,1,258,0
6,-2,149,1,258,0
3,4,161,1,258,0
0,1,162,1,258,0
-1,-8,185,1,258,0
2,3,194,1,258,0
7,8,197,1,258,0
4,5,199,1,258,0
5,6,223,1,258,0
4,-6,224,1,258,0
1,2,237,1,258,0
6,7,241,1,258,0
3,-3,247,1,258,0
9,1,3,1,258,0
-7,6,11,1,258,0
1,-8,17,1,258,0
-3,2,39,1,258,0
-6,-4,46,1,258,0
7,-6,222,1,258,0
-4,3,115,1,258,0
4,-7,129,1,258,0
8,0,163,1,258,0
6,-3,141,1,258,0
2,4,154,1,258,0
2,-1,177,1,258,0
3,5,201,1,258,0
1,3,233,1,258,0
5,7,236,1,258,0
6,8,237,1,258,0
3,-4,255,1,258,0
-1,0,257,1,258,0
4,6,257,1,258,0
0,2,257,1,258,0
-6,6,19,1,258,0
3,-5,35,1,258,0
7,-7,221,1,258,0
6,-4,106,1,258,0
2,-2,99,1,258,0
1,4,117,1,258,0
-4,4,118,1,258,0
7,0,158,1,258,0
-2,2,145,1,258,0
2,5,149,1,258,0
-1,1,154,1,258,0
5,-1,187,1,258,0
0,-6,197,1,258,0
3,6,208,1,258,0
-2,-3,219,1,258,0
8,1,224,1,258,0
5,8,235,1,258,0
4,7,249,1,258,0
-5,6,25,1,258,0
8,-1,168,1,258,0
6,-5,54,1,258,0
7,-8,213,1,258,0
2,-3,98,1,258,0
1,5,103,1,258,0
-3,4,126,1,258,0
-2,3,141,1,258,0
3,-6,142,1,258,0
2,6,143,1,258,0
5,-2,146,1,258,0
-1,2,149,1,258,0
0,4,174,1,258,0
0,-7,193,1,258,0
-2,-4,217,1,258,0
3,7,225,1,258,0
8,2,229,1,258,0
7,1,233,1,258,0
4,8,244,1,258,0
6,0,247,1,258,0
-1,3,4,1,258,0
-4,6,31,1,258,0
8,-2,177,1,258,0
1,6,41,1,258,0
-5,-4,53,1,258,0
6,-6,258,1,258,0
5,-3,96,1,258,0
-2,4,134,1,258,0
3,-7,141,1,258,0
0,5,183,1,258,0
0,-8,186,1,258,0
5,0,202,1,258,0
-2,-5,209,1,258,0
3,8,219,1,258,0
8,3,227,1,258,0
-1,-2,229,1,258,0
7,2,236,1,258,0
1,-1,239,1,258,0
6,1,239,1,258,0
2,-4,257,1,258,0
2,7,257,1,258,0
-8,-4,34,1,258,0
5,-4,98,1,258,0
6,-7,249,1,258,0
8,-3,182,1,258,0
8,4,123,1,258,0
2,8,129,1,258,0
3,-8,133,1,258,0
2,-5,152,1,258,0
-1,4,168,1,258,0
4,-1,195,1,258,0
4,0,201,1,258,0
5,1,208,1,258,0
0,6,211,1,258,0
-2,5,225,1,258,0
-1,-3,226,1,258,0
-3,6,234,1,258,0
1,-2,238,1,258,0
7,3,237,1,258,0
6,2,248,1,258,0
1,7,254,1,258,0
1,8,69,1,258,0
-1,-4,78,1,258,0
1,-3,92,1,258,0
6,-8,101,1,258,0
8,-4,125,1,258,0
2,-6,149,1,258,0
8,5,168,1,258,0
4,1,169,1,258,0
3,0,193,1,258,0
7,4,201,1,258,0
4,-2,202,1,258,0
0,7,207,1,258,0
-1,5,219,1,258,0
-2,6,229,1,258,0
5,-5,233,1,258,0
6,3,242,1,258,0
5,2,249,1,258,0
-3,7,256,1,258,0
7,-1,257,1,258,0
2,-7,29,1,259,0
7,-2,171,1,259,0
-2,7,52,1,259,0
-4,-4,59,1,259,0
5,-6,239,1,259,0
1,-4,86,1,259,0
-5,0,92,1,259,0
8,-5,121,1,259,0
8,6,142,1,259,0
4,2,161,1,259,0
2,0,176,1,259,0
3,1,184,1,259,0
7,5,192,1,259,0
6,4,194,1,259,0
0,8,199,1,259,0
-1,-5,208,1,259,0
-1,6,217,1,259,0
4,-3,246,1,259,0
0,-1,247,1,259,0
-3,8,255,1,259,0
5,3,257,1,259,0
-7,3,13,1,259,0
-6,2,21,1,259,0
-7,-4,39,1,259,0
7,-3,184,1,259,0
-1,7,59,1,259,0
-4,0,89,1,259,0
-5,1,99,1,259,0
8,-6,111,1,259,0
5,-7,248,1,259,0
1,-5,158,1,259,0
1,0,169,1,259,0
2,1,179,1,259,0
5,4,185,1,259,0
3,2,189,1,259,0
3,-1,191,1,259,0
-1,-6,202,1,259,0
6,5,207,1,259,0
0,-2,237,1,259,0
4,-4,242,1,259,0
8,7,257,1,259,0
4,3,258,1,259,0
7,6,258,1,259,0
-7,4,6,1,259,0
-1,8,58,1,259,0
-3,0,66,1,259,0
-5,2,106,1,259,0
8,-7,107,1,259,0
3,-2,108,1,259,0
5,-8,118,1,259,0
7,-4,191,1,259,0
4,4,163,1,259,0
1,-6,164,1,259,0
1,1,165,1,259,0
5,5,187,1,259,0
3,3,193,1,259,0
8,8,195,1,259,0
2,2,201,1,259,0
6,6,215,1,259,0
4,-5,232,1,259,0
6,-1,249,1,259,0
7,7,253,1,259,0
0,0,254,1,259,0
-7,5,9,1,259,0
1,-7,23,1,259,0
-4,2,34,1,259,0
-2,0,59,1,259,0
-3,-4,65,1,259,0
0,-4,84,1,259,0
8,-8,99,1,259,0
-5,3,109,1,259,0
7,-5,197,1,259,0
6,-2,149,1,259,0
3,4,161,1,259,0
0,1,162,1,259,0
-1,-8,185,1,259,0
2,3,194,1,259,0
7,8,197,1,259,0
5,6,223,1,259,0
4,-6,224,1,259,0
1,2,237,1,259,0
6,7,241,1,259,0
3,-3,247,1,259,0
4,5,258,1,259,0
9,1,3,1,259,0
-7,6,11,1,259,0
1,-8,17,1,259,0
-3,2,39,1,259,0
-6,-4,46,1,259,0
7,-6,222,1,259,0
-4,3,115,1,259,0
4,-7,129,1,259,0
8,0,163,1,259,0
6,-3,141,1,259,0
2,4,154,1,259,0
2,-1,177,1,259,0
3,5,201,1,259,0
1,3,233,1,259,0
5,7,236,1,259,0
6,8,237,1,259,0
3,-4,255,1,259,0
4,6,257,1,259,0
-1,0,258,1,259,0
0,2,258,1,259,0
-6,6,19,1,259,0
3,-5,35,1,259,0
7,-7,221,1,259,0
6,-4,106,1,259,0
2,-2,99,1,259,0
1,4,117,1,259,0
-4,4,118,1,259,0
7,0,158,1,259,0
-2,2,145,1,259,0
2,5,149,1,259,0
-1,1,154,1,259,0
5,-1,187,1,259,0
0,-6,197,1,259,0
3,6,208,1,259,0
-2,-3,219,1,259,0
8,1,224,1,259,0
5,8,235,1,259,0
4,7,249,1,259,0
-5,6,25,1,259,0
6,-5,54,1,259,0
7,-8,213,1,259,0
2,-3,98,1,259,0
1,5,103,1,259,0
-3,4,126,1,259,0
-2,3,141,1,259,0
3,-6,142,1,259,0
2,6,143,1,259,0
5,-2,146,1,259,0
-1,2,149,1,259,0
0,4,174,1,259,0
0,-7,193,1,259,0
-2,-4,217,1,259,0
3,7,225,1,259,0
8,2,229,1,259,0
7,1,233,1,259,0
4,8,244,1,259,0
6,0,247,1,259,0
8,-1,258,1,259,0
-1,3,4,1,259,0
-4,6,31,1,259,0
8,-2,177,1,259,0
1,6,41,1,259,0
-5,-4,53,1,259,0
6,-6,259,1,259,0
5,-3,96,1,259,0
-2,4,134,1,259,0
3,-7,141,1,259,0
0,5,183,1,259,0
0,-8,186,1,259,0
5,0,202,1,259,0
-2,-5,209,1,259,0
3,8,219,1,259,0
8,3,227,1,259,0
-1,-2,229,1,259,0
7,2,236,1,259,0
1,-1,239,1,259,0
6,1,239,1,259,0
2,-4,257,1,259,0
2,7,258,1,259,0
-8,-4,34,1,259,0
5,-4,98,1,259,0
6,-7,249,1,259,0
8,-3,182,1,259,0
8,4,123,1,259,0
2,8,129,1,259,0
3,-8,133,1,259,0
-1,4,168,1,259,0
4,-1,195,1,259,0
4,0,201,1,259,0
5,1,208,1,259,0
0,6,211,1,259,0
-2,5,225,1,259,0
-1,-3,226,1,259,0
-3,6,234,1,259,0
1,-2,238,1,259,0
7,3,237,1,259,0
6,2,248,1,259,0
1,7,254,1,259,0
2,-5,258,1,259,0
1,8,69,1,259,0
-1,-4,78,1,259,0
1,-3,92,1,259,0
6,-8,101,1,259,0
8,-4,125,1,259,0
2,-6,149,1,259,0
8,5,168,1,259,0
4,1,169,1,259,0
3,0,193,1,259,0
7,4,201,1,259,0
4,-2,202,1,259,0
0,7,207,1,259,0
-1,5,219,1,259,0
-2,6,229,1,259,0
5,-5,233,1,259,0
6,3,242,1,259,0
5,2,249,1,259,0
7,-1,257,1,259,0
-3,7,257,1,259,0
2,-7,29,1,260,0
7,-2,171,1,260,0
-2,7,52,1,260,0
-4,-4,59,1,260,0
5,-6,239,1,260,0
1,-4,86,1,260,0
-5,0,92,1,260,0
8,-5,121,1,260,0
8,6,142,1,260,0
4,2,161,1,260,0
2,0,176,1,260,0
3,1,184,1,260,0
7,5,192,1,260,0
6,4,194,1,260,0
0,8,199,1,260,0
-1,-5,208,1,260,0
-1,6,217,1,260,0
4,-3,246,1,260,0
0,-1,247,1,260,0
-3,8,255,1,260,0
5,3,257,1,260,0
-7,3,13,1,260,0
-6,2,21,1,260,0
-7,-4,39,1,260,0
7,-3,184,1,260,0
-1,7,59,1,260,0
-4,0,89,1,260,0
-5,1,99,1,260,0
8,-6,111,1,260,0
5,-7,248,1,260,0
1,-5,158,1,260,0
1,0,169,1,260,0
2,1,179,1,260,0
5,4,185,1,260,0
3,2,189,1,260,0
3,-1,191,1,260,0
-1,-6,202,1,260,0
6,5,207,1,260,0
0,-2,237,1,260,0
4,-4,242,1,260,0
8,7,257,1,260,0
4,3,258,1,260,0
7,6,259,1,260,0
-7,4,6,1,260,0
-1,8,58,1,260,0
-3,0,66,1,260,0
-5,2,106,1,260,0
8,-7,107,1,260,0
3,-2,108,1,260,0
5,-8,118,1,260,0
7,-4,191,1,260,0
1,-6,164,1,260,0
1,1,165,1,260,0
5,5,187,1,260,0
3,3,193,1,260,0
8,8,195,1,260,0
2,2,201,1,260,0
6,6,215,1,260,0
4,-5,232,1,260,0
6,-1,249,1,260,0
7,7,253,1,260,0
0,0,254,1,260,0
4,4,259,1,260,0
-7,5,9,1,260,0
1,-7,23,1,260,0
-4,2,34,1,260,0
-2,0,59,1,260,0
-3,-4,65,1,260,0
0,-4,84,1,260,0
8,-8,99,1,260,0
-5,3,109,1,260,0
7,-5,197,1,260,0
6,-2,149,1,260,0
3,4,161,1,260,0
0,1,162,1,260,0
-1,-8,185,1,260,0
2,3,194,1,260,0
7,8,197,1,260,0
5,6,223,1,260,0
4,-6,224,1,260,0
1,2,237,1,260,0
6,7,241,1,260,0
3,-3,247,1,260,0
4,5,259,1,260,0
9,1,3,1,260,0
-7,6,11,1,260,0
1,-8,17,1,260,0
-3,2,39,1,260,0
-6,-4,46,1,260,0
7,-6,222,1,260,0
-4,3,115,1,260,0
4,-7,129,1,260,0
8,0,163,1,260,0
6,-3,141,1,260,0
2,4,154,1,260,0
2,-1,177,1,260,0
3,5,201,1,260,0
1,3,233,1,260,0
5,7,236,1,260,0
6,8,237,1,260,0
3,-4,255,1,260,0
4,6,257,1,260,0
-1,0,259,1,260,0
0,2,259,1,260,0
-6,6,19,1,260,0
3,-5,35,1,260,0
7,-7,221,1,260,0
6,-4,106,1,260,0
2,-2,99,1,260,0
1,4,117,1,260,0
-4,4,118,1,260,0
7,0,158,1,260,0
-2,2,145,1,260,0
2,5,149,1,260,0
-1,1,154,1,260,0
5,-1,187,1,260,0
0,-6,197,1,260,0
3,6,208,1,260,0
-2,-3,219,1,260,0
8,1,224,1,260,0
5,8,235,1,260,0
4,7,249,1,260,0
-5,6,25,1,260,0
6,-5,54,1,260,0
7,-8,213,1,260,0
2,-3,98,1,260,0
1,5,103,1,260,0
-3,4,126,1,260,0
-2,3,141,1,260,0
3,-6,142,1,260,0
2,6,143,1,260,0
5,-2,146,1,260,0
-1,2,149,1,260,0
0,4,174,1,260,0
0,-7,193,1,260,0
-2,-4,217,1,260,0
3,7,225,1,260,0
8,2,229,1,260,0
7,1,233,1,260,0
4,8,244,1,260,0
6,0,247,1,260,0
8,-1,259,1,260,0
-1,3,4,1,260,0
-4,6,31,1,260,0
8,-2,177,1,260,0
1,6,41,1,260,0
-5,-4,53,1,260,0
6,-6,259,1,260,0
5,-3,96,1,260,0
-2,4,134,1,260,0
3,-7,141,1,260,0
0,5,183,1,260,0
0,-8,186,1,260,0
5,0,202,1,260,0
-2,-5,209,1,260,0
3,8,219,1,260,0
8,3,227,1,260,0
-1,-2,229,1,260,0
7,2,236,1,260,0
1,-1,239,1,260,0
6,1,239,1,260,0
2,-4,257,1,260,0
2,7,258,1,260,0
-8,-4,34,1,260,0
5,-4,98,1,260,0
6,-7,249,1,260,0
8,-3,182,1,260,0
8,4,123,1,260,0
2,8,129,1,260,0
3,-8,133,1,260,0
-1,4,168,1,260,0
4,-1,195,1,260,0
4,0,201,1,260,0
5,1,208,1,260,0
0,6,211,1,260,0
-2,5,225,1,260,0
-1,-3,226,1,260,0
-3,6,234,1,260,0
1,-2,238,1,260,0
7,3,237,1,260,0
6,2,248,1,260,0
2,-5,259,1,260,0
1,7,259,1,260,0
1,8,69,1,260,0
-1,-4,78,1,260,0
1,-3,92,1,260,0
6,-8,101,1,260,0
8,-4,125,1,260,0
2,-6,149,1,260,0
8,5,168,1,260,0
4,1,169,1,260,0
3,0,193,1,260,0
7,4,201,1,260,0
4,-2,202,1,260,0
0,7,207,1,260,0
-1,5,219,1,260,0
-2,6,229,1,260,0
5,-5,233,1,260,0
6,3,242,1,260,0
5,2,249,1,260,0
7,-1,257,1,260,0
-3,7,258,1,260,0
2,-7,29,1,261,0
7,-2,171,1,261,0
-2,7,52,1,261,0
-4,-4,59,1,261,0
5,-6,239,1,261,0
1,-4,86,1,261,0
-5,0,92,1,261,0
8,-5,121,1,261,0
8,6,142,1,261,0
4,2,161,1,261,0
2,0,176,1,261,0
3,1,184,1,261,0
7,5,192,1,261,0
6,4,194,1,261,0
0,8,199,1,261,0
-1,-5,208,1,261,0
-1,6,217,1,261,0
4,-3,246,1,261,0
0,-1,247,1,261,0
-3,8,255,1,261,0
5,3,257,1,261,0
-7,3,13,1,261,0
-6,2,21,1,261,0
-7,-4,39,1,261,0
7,-3,184,1,261,0
-1,7,59,1,261,0
-4,0,89,1,261,0
-5,1,99,1,261,0
8,-6,111,1,261,0
5,-7,248,1,261,0
1,-5,158,1,261,0
1,0,169,1,261,0
2,1,179,1,261,0
5,4,185,1,261,0
3,2,189,1,261,0
3,-1,191,1,261,0
-1,-6,202,1,261,0
6,5,207,1,261,0
0,-2,237,1,261,0
4,-4,242,1,261,0
8,7,257,1,261,0
4,3,258,1,261,0
7,6,259,1,261,0
-7,4,6,1,261,0
-1,8,58,1,261,0
-3,0,66,1,261,0
-5,2,106,1,261,0
8,-7,107,1,261,0
3,-2,108,1,261,0
5,-8,118,1,261,0
7,-4,191,1,261,0
1,-6,164,1,261,0
1,1,165,1,261,0
5,5,187,1,261,0
3,3,193,1,261,0
8,8,195,1,261,0
2,2,201,1,261,0
6,6,215,1,261,0
4,-5,232,1,261,0
6,-1,249,1,261,0
7,7,253,1,261,0
0,0,254,1,261,0
4,4,259,1,261,0
-7,5,9,1,261,0
1,-7,23,1,261,0
-4,2,34,1,261,0
-2,0,59,1,261,0
-3,-4,65,1,261,0
0,-4,84,1,261,0
8,-8,99,1,261,0
-5,3,109,1,261,0
7,-5,261,1,261,0
6,-2,149,1,261,0
3,4,161,1,261,0
0,1,162,1,261,0
-1,-8,185,1,261,0
2,3,194,1,261,0
7,8,197,1,261,0
5,6,223,1,261,0
4,-6,224,1,261,0
1,2,237,1,261,0
6,7,241,1,261,0
3,-3,247,1,261,0
4,5,259,1,261,0
9,1,3,1,261,0
-7,6,11,1,261,0
1,-8,17,1,261,0
-3,2,39,1,261,0
-6,-4,46,1,261,0
7,-6,222,1,261,0
-4,3,115,1,261,0
4,-7,129,1,261,0
8,0,163,1,261,0
6,-3,141,1,261,0
2,4,154,1,261,0
2,-1,177,1,261,0
3,5,201,1,261,0
1,3,233,1,261,0
5,7,236,1,261,0
6,8,237,1,261,0
3,-4,255,1,261,0
4,6,257,1,261,0
-1,0,259,1,261,0
0,2,259,1,261,0
-6,6,19,1,261,0
3,-5,35,1,261,0
7,-7,221,1,261,0
6,-4,106,1,261,0
2,-2,99,1,261,0
1,4,117,1,261,0
-4,4,118,1,261,0
7,0,158,1,261,0
-2,2,145,1,261,0
2,5,149,1,261,0
-1,1,154,1,261,0
5,-1,187,1,261,0
0,-6,197,1,261,0
3,6,208,1,261,0
-2,-3,219,1,261,0
8,1,224,1,261,0
5,8,235,1,261,0
4,7,249,1,261,0
-5,6,25,1,261,0
6,-5,54,1,261,0
7,-8,213,1,261,0
2,-3,98,1,261,0
1,5,103,1,261,0
-3,4,126,1,261,0
-2,3,141,1,261,0
3,-6,142,1,261,0
2,6,143,1,261,0
5,-2,146,1,261,0
-1,2,149,1,261,0
0,4,174,1,261,0
0,-7,193,1,261,0
-2,-4,217,1,261,0
3,7,225,1,261,0
8,2,229,1,261,0
7,1,233,1,261,0
4,8,244,1,261,0
6,0,247,1,261,0
8,-1,259,1,261,0
-1,3,4,1,261,0
-4,6,31,1,261,0
8,-2,177,1,261,0
1,6,41,1,261,0
-5,-4,53,1,261,0
6,-6,259,1,261,0
5,-3,96,1,261,0
-2,4,134,1,261,0
3,-7,141,1,261,0
0,5,183,1,261,0
0,-8,186,1,261,0
5,0,202,1,261,0
-2,-5,209,1,261,0
3,8,219,1,261,0
8,3,227,1,261,0
-1,-2,229,1,261,0
7,2,236,1,261,0
1,-1,239,1,261,0
6,1,239,1,261,0
2,-4,257,1,261,0
2,7,258,1,261,0
-8,-4,34,1,261,0
5,-4,98,1,261,0
6,-7,249,1,261,0
8,-3,182,1,261,0
8,4,123,1,261,0
2,8,129,1,261,0
3,-8,133,1,261,0
-1,4,168,1,261,0
4,-1,195,1,261,0
4,0,201,1,261,0
5,1,208,1,261,0
0,6,211,1,261,0
-2,5,225,1,261,0
-1,-3,226,1,261,0
-3,6,234,1,261,0
1,-2,238,1,261,0
7,3,237,1,261,0
6,2,248,1,261,0
2,-5,259,1,261,0
1,7,259,1,261,0
1,8,69,1,261,0
-1,-4,78,1,261,0
1,-3,92,1,261,0
6,-8,101,1,261,0
8,-4,125,1,261,0
2,-6,149,1,261,0
8,5,168,1,261,0
4,1,169,1,261,0
3,0,193,1,261,0
7,4,201,1,261,0
4,-2,202,1,261,0
0,7,207,1,261,0
-1,5,219,1,261,0
-2,6,229,1,261,0
5,-5,233,1,261,0
6,3,242,1,261,0
5,2,249,1,261,0
7,-1,257,1,261,0
-3,7,258,1,261,0
-4,8,259,1,261,0
2,-7,29,1,262,0
7,-2,171,1,262,0
-2,7,52,1,262,0
-4,-4,59,1,262,0
5,-6,239,1,262,0
1,-4,86,1,262,0
-5,0,92,1,262,0
8,-5,121,1,262,0
8,6,142,1,262,0
4,2,161,1,262,0
2,0,176,1,262,0
3,1,184,1,262,0
7,5,192,1,262,0
6,4,194,1,262,0
0,8,199,1,262,0
-1,-5,208,1,262,0
-1,6,217,1,262,0
4,-3,246,1,262,0
0,-1,247,1,262,0
-3,8,255,1,262,0
5,3,257,1,262,0
-7,3,13,1,262,0
-6,2,21,1,262,0
-7,-4,39,1,262,0
7,-3,184,1,262,0
-1,7,59,1,262,0
-4,0,89,1,262,0
-5,1,99,1,262,0
8,-6,111,1,262,0
5,-7,248,1,262,0
1,-5,158,1,262,0
1,0,169,1,262,0
2,1,179,1,262,0
5,4,185,1,262,0
3,2,189,1,262,0
3,-1,191,1,262,0
-1,-6,202,1,262,0
6,5,207,1,262,0
0,-2,237,1,262,0
4,-4,242,1,262,0
8,7,257,1,262,0
4,3,258,1,262,0
7,6,259,1,262,0
-7,4,6,1,262,0
-1,8,58,1,262,0
-3,0,66,1,262,0
-5,2,106,1,262,0
8,-7,107,1,262,0
3,-2,108,1,262,0
5,-8,118,1,262,0
7,-4,191,1,262,0
1,-6,164,1,262,0
1,1,165,1,262,0
5,5,187,1,262,0
3,3,193,1,262,0
8,8,195,1,262,0
2,2,201,1,262,0
6,6,215,1,262,0
4,-5,232,1,262,0
6,-1,249,1,262,0
7,7,253,1,262,0
0,0,254,1,262,0
4,4,261,1,262,0
-7,5,9,1,262,0
1,-7,23,1,262,0
-4,2,34,1,262,0
-2,0,59,1,262,0
-3,-4,65,1,262,0
0,-4,84,1,262,0
8,-8,99,1,262,0
-5,3,109,1,262,0
7,-5,262,1,262,0
6,-2,149,1,262,0
3,4,161,1,262,0
0,1,162,1,262,0
-1,-8,185,1,262,0
2,3,194,1,262,0
7,8,197,1,262,0
5,6,223,1,262,0
4,-6,224,1,262,0
1,2,237,1,262,0
6,7,241,1,262,0
3,-3,247,1,262,0
4,5,261,1,262,0
9,1,3,1,262,0
-7,6,11,1,262,0
1,-8,17,1,262,0
-3,2,39,1,262,0
-6,-4,46,1,262,0
7,-6,222,1,262,0
-4,3,115,1,262,0
4,-7,129,1,262,0
8,0,163,1,262,0
6,-3,141,1,262,0
2,4,154,1,262,0
2,-1,177,1,262,0
3,5,201,1,262,0
1,3,233,1,262,0
5,7,236,1,262,0
6,8,237,1,262,0
3,-4,255,1,262,0
4,6,257,1,262,0
-1,0,261,1,262,0
0,2,261,1,262,0
-6,6,19,1,262,0
3,-5,35,1,262,0
7,-7,221,1,262,0
6,-4,106,1,262,0
2,-2,99,1,262,0
1,4,117,1,262,0
-4,4,118,1,262,0
7,0,158,1,262,0
-2,2,145,1,262,0
2,5,149,1,262,0
-1,1,154,1,262,0
5,-1,187,1,262,0
0,-6,197,1,262,0
3,6,208,1,262,0
-2,-3,219,1,262,0
8,1,224,1,262,0
5,8,235,1,262,0
4,7,249,1,262,0
-5,6,25,1,262,0
6,-5,54,1,262,0
7,-8,213,1,262,0
2,-3,98,1,262,0
1,5,103,1,262,0
-3,4,126,1,262,0
-2,3,141,1,262,0
3,-6,142,1,262,0
2,6,143,1,262,0
5,-2,146,1,262,0
-1,2,149,1,262,0
0,4,174,1,262,0
0,-7,193,1,262,0
-2,-4,217,1,262,0
3,7,225,1,262,0
8,2,229,1,262,0
7,1,233,1,262,0
4,8,244,1,262,0
6,0,247,1,262,0
8,-1,261,1,262,0
-1,3,4,1,262,0
-4,6,31,1,262,0
8,-2,177,1,262,0
1,6,41,1,262,0
-5,-4,53,1,262,0
6,-6,259,1,262,0
5,-3,96,1,262,0
-2,4,134,1,262,0
3,-7,141,1,262,0
0,5,183,1,262,0
0,-8,186,1,262,0
5,0,202,1,262,0
-2,-5,209,1,262,0
3,8,219,1,262,0
8,3,227,1,262,0
-1,-2,229,1,262,0
7,2,236,1,262,0
1,-1,239,1,262,0
6,1,239,1,262,0
2,-4,257,1,262,0
2,7,258,1,262,0
-8,-4,34,1,262,0
5,-4,98,1,262,0
6,-7,249,1,262,0
8,-3,182,1,262,0
8,4,123,1,262,0
2,8,129,1,262,0
3,-8,133,1,262,0
-1,4,168,1,262,0
4,-1,195,1,262,0
4,0,201,1,262,0
5,1,208,1,262,0
0,6,211,1,262,0
-2,5,225,1,262,0
-1,-3,226,1,262,0
-3,6,234,1,262,0
1,-2,238,1,262,0
7,3,237,1,262,0
6,2,248,1,262,0
2,-5,261,1,262,0
1,7,261,1,262,0
1,8,69,1,262,0
-1,-4,78,1,262,0
1,-3,92,1,262,0
6,-8,101,1,262,0
8,-4,125,1,262,0
2,-6,149,1,262,0
8,5,168,1,262,0
4,1,169,1,262,0
3,0,193,1,262,0
7,4,201,1,262,0
4,-2,202,1,262,0
0,7,207,1,262,0
-1,5,219,1,262,0
-2,6,229,1,262,0
5,-5,233,1,262,0
6,3,242,1,262,0
5,2,249,1,262,0
7,-1,257,1,262,0
-3,7,258,1,262,0
-4,8,259,1,262,0
2,-7,29,1,263,0
7,-2,171,1,263,0
-2,7,52,1,263,0
-4,-4,59,1,263,0
5,-6,239,1,263,0
1,-4,86,1,263,0
-5,0,92,1,263,0
8,-5,121,1,263,0
4,2,161,1,263,0
2,0,176,1,263,0
3,1,184,1,263,0
7,5,192,1,263,0
6,4,194,1,263,0
0,8,199,1,263,0
-1,-5,208,1,263,0
-1,6,217,1,263,0
4,-3,246,1,263,0
0,-1,247,1,263,0
-3,8,255,1,263,0
5,3,257,1,263,0
8,6,261,1,263,0
-7,3,13,1,263,0
-6,2,21,1,263,0
-7,-4,39,1,263,0
7,-3,184,1,263,0
-1,7,59,1,263,0
-4,0,89,1,263,0
-5,1,99,1,263,0
8,-6,111,1,263,0
5,-7,248,1,263,0
1,-5,158,1,263,0
1,0,169,1,263,0
2,1,179,1,263,0
5,4,185,1,263,0
3,2,189,1,263,0
3,-1,191,1,263,0
-1,-6,202,1,263,0
6,5,207,1,263,0
0,-2,237,1,263,0
4,-4,242,1,263,0
8,7,257,1,263,0
4,3,258,1,263,0
7,6,259,1,263,0
-7,4,6,1,263,0
-1,8,58,1,263,0
-3,0,66,1,263,0
-5,2,106,1,263,0
8,-7,107,1,263,0
3,-2,108,1,263,0
5,-8,118,1,263,0
7,-4,191,1,263,0
1,-6,164,1,263,0
1,1,165,1,263,0
5,5,187,1,263,0
3,3,193,1,263,0
8,8,195,1,263,0
2,2,201,1,263,0
6,6,215,1,263,0
4,-5,232,1,263,0
6,-1,249,1,263,0
7,7,253,1,263,0
0,0,254,1,263,0
4,4,262,1,263,0
-7,5,9,1,263,0
1,-7,23,1,263,0
-4,2,34,1,263,0
-3,-4,65,1,263,0
0,-4,84,1,263,0
8,-8,99,1,263,0
-5,3,109,1,263,0
7,-5,263,1,263,0
6,-2,149,1,263,0
3,4,161,1,263,0
0,1,162,1,263,0
-1,-8,185,1,263,0
2,3,194,1,263,0
7,8,197,1,263,0
5,6,223,1,263,0
4,-6,224,1,263,0
1,2,237,1,263,0
6,7,241,1,263,0
3,-3,247,1,263,0
-2,0,262,1,263,0
4,5,262,1,263,0
9,1,3,1,263,0
-7,6,11,1,263,0
1,-8,17,1,263,0
-3,2,39,1,263,0
-6,-4,46,1,263,0
7,-6,222,1,263,0
-4,3,115,1,263,0
4,-7,129,1,263,0
8,0,163,1,263,0
6,-3,141,1,263,0
2,4,154,1,263,0
2,-1,177,1,263,0
3,5,201,1,263,0
1,3,233,1,263,0
5,7,236,1,263,0
6,8,237,1,263,0
3,-4,255,1,263,0
4,6,257,1,263,0
-1,0,261,1,263,0
0,2,262,1,263,0
-6,6,19,1,263,0
3,-5,35,1,263,0
7,-7,221,1,263,0
6,-4,106,1,263,0
2,-2,99,1,263,0
1,4,117,1,263,0
-4,4,118,1,263,0
7,0,158,1,263,0
-2,2,145,1,263,0
2,5,149,1,263,0
-1,1,154,1,263,0
5,-1,187,1,263,0
0,-6,197,1,263,0
3,6,208,1,263,0
-2,-3,219,1,263,0
8,1,224,1,263,0
5,8,235,1,263,0
4,7,249,1,263,0
-5,6,25,1,263,0
6,-5,54,1,263,0
7,-8,213,1,263,0
2,-3,98,1,263,0
1,5,103,1,263,0
-3,4,126,1,263,0
-2,3,141,1,263,0
3,-6,142,1,263,0
2,6,143,1,263,0
5,-2,146,1,263,0
-1,2,149,1,263,0
0,4,174,1,263,0
0,-7,193,1,263,0
-2,-4,217,1,263,0
3,7,225,1,263,0
8,2,229,1,263,0
7,1,233,1,263,0
4,8,244,1,263,0
6,0,247,1,263,0
8,-1,261,1,263,0
-1,3,4,1,263,0
-4,6,31,1,263,0
8,-2,177,1,263,0
1,6,41,1,263,0
-5,-4,53,1,263,0
6,-6,259,1,263,0
5,-3,96,1,263,0
-2,4,134,1,263,0
3,-7,141,1,263,0
0,5,183,1,263,0
0,-8,186,1,263,0
5,0,202,1,263,0
-2,-5,209,1,263,0
3,8,219,1,263,0
8,3,227,1,263,0
-1,-2,229,1,263,0
7,2,236,1,263,0
1,-1,239,1,263,0
6,1,239,1,263,0
2,-4,257,1,263,0
2,7,258,1,263,0
-8,-4,34,1,263,0
5,-4,98,1,263,0
6,-7,249,1,263,0
8,-3,182,1,263,0
8,4,123,1,263,0
2,8,129,1,263,0
3,-8,133,1,263,0
-1,4,168,1,263,0
4,-1,195,1,263,0
4,0,201,1,263,0
5,1,208,1,263,0
0,6,211,1,263,0
-2,5,225,1,263,0
-1,-3,226,1,263,0
-3,6,234,1,263,0
1,-2,238,1,263,0
7,3,237,1,263,0
6,2,248,1,263,0
2,-5,262,1,263,0
1,7,262,1,263,0
1,8,69,1,263,0
-1,-4,78,1,263,0
1,-3,92,1,263,0
6,-8,101,1,263,0
8,-4,125,1,263,0
2,-6,149,1,263,0
8,5,168,1,263,0
4,1,169,1,263,0
3,0,193,1,263,0
7,4,201,1,263,0
4,-2,202,1,263,0
0,7,207,1,263,0
-1,5,219,1,263,0
-2,6,229,1,263,0
5,-5,233,1,263,0
6,3,242,1,263,0
5,2,249,1,263,0
-3,7,258,1,263,0
-4,8,261,1,263,0
7,-1,262,1,263,0
2,-7,29,1,264,0
7,-2,171,1,264,0
-2,7,52,1,264,0
-4,-4,59,1,264,0
5,-6,239,1,264,0
1,-4,86,1,264,0
-5,0,92,1,264,0
8,-5,121,1,264,0
4,2,161,1,264,0
2,0,176,1,264,0
3,1,184,1,264,0
7,5,192,1,264,0
6,4,194,1,264,0
0,8,199,1,264,0
-1,-5,208,1,264,0
-1,6,217,1,264,0
4,-3,246,1,264,0
0,-1,247,1,264,0
-3,8,255,1,264,0
5,3,257,1,264,0
8,6,262,1,264,0
-7,3,13,1,264,0
-6,2,21,1,264,0
-7,-4,39,1,264,0
7,-3,184,1,264,0
-1,7,59,1,264,0
-4,0,89,1,264,0
-5,1,99,1,264,0
8,-6,111,1,264,0
5,-7,248,1,264,0
1,-5,158,1,264,0
1,0,169,1,264,0
2,1,179,1,264,0
5,4,185,1,264,0
3,2,189,1,264,0
3,-1,191,1,264,0
-1,-6,202,1,264,0
6,5,207,1,264,0
0,-2,237,1,264,0
4,-4,242,1,264,0
8,7,257,1,264,0
4,3,258,1,264,0
7,6,259,1,264,0
-7,4,6,1,264,0
-1,8,58,1,264,0
-3,0,66,1,264,0
-5,2,106,1,264,0
8,-7,107,1,264,0
3,-2,108,1,264,0
5,-8,118,1,264,0
7,-4,191,1,264,0
1,-6,164,1,264,0
1,1,165,1,264,0
3,3,193,1,264,0
8,8,195,1,264,0
2,2,201,1,264,0
6,6,215,1,264,0
4,-5,232,1,264,0
6,-1,249,1,264,0
7,7,253,1,264,0
0,0,254,1,264,0
4,4,263,1,264,0
5,5,263,1,264,0
-7,5,9,1,264,0
1,-7,23,1,264,0
-4,2,34,1,264,0
-3,-4,65,1,264,0
0,-4,84,1,264,0
8,-8,99,1,264,0
-5,3,109,1,264,0
7,-5,264,1,264,0
6,-2,149,1,264,0
3,4,161,1,264,0
0,1,162,1,264,0
-1,-8,185,1,264,0
2,3,194,1,264,0
7,8,197,1,264,0
5,6,223,1,264,0
4,-6,224,1,264,0
1,2,237,1,264,0
6,7,241,1,264,0
3,-3,247,1,264,0
4,5,262,1,264,0
-2,0,263,1,264,0
9,1,3,1,264,0
-7,6,11,1,264,0
1,-8,17,1,264,0
-3,2,39,1,264,0
-6,-4,46,1,264,0
7,-6,222,1,264,0
-4,3,115,1,264,0
4,-7,129,1,264,0
8,0,163,1,264,0
6,-3,141,1,264,0
2,4,154,1,264,0
2,-1,177,1,264,0
3,5,201,1,264,0
1,3,233,1,264,0
5,7,236,1,264,0
6,8,237,1,264,0
3,-4,255,1,264,0
4,6,257,1,264,0
-1,0,261,1,264,0
0,2,263,1,264,0
-6,6,19,1,264,0
3,-5,35,1,264,0
7,-7,221,1,264,0
6,-4,106,1,264,0
2,-2,99,1,264,0
1,4,117,1,264,0
-4,4,118,1,264,0
7,0,158,1,264,0
-2,2,145,1,264,0
2,5,149,1,264,0
-1,1,154,1,264,0
5,-1,187,1,264,0
0,-6,197,1,264,0
3,6,208,1,264,0
-2,-3,219,1,264,0
8,1,224,1,264,0
5,8,235,1,264,0
4,7,249,1,264,0
-5,6,25,1,264,0
6,-5,54,1,264,0
7,-8,213,1,264,0
2,-3,98,1,264,0
1,5,103,1,264,0
-3,4,126,1,264,0
-2,3,141,1,264,0
3,-6,142,1,264,0
2,6,143,1,264,0
5,-2,146,1,264,0
-1,2,149,1,264,0
0,4,174,1,264,0
0,-7,193,1,264,0
-2,-4,217,1,264,0
3,7,225,1,264,0
8,2,229,1,264,0
7,1,233,1,264,0
4,8,244,1,264,0
6,0,247,1,264,0
8,-1,261,1,264,0
-1,3,4,1,264,0
-4,6,31,1,264,0
8,-2,177,1,264,0
1,6,41,1,264,0
-5,-4,53,1,264,0
6,-6,259,1,264,0
5,-3,96,1,264,0
-2,4,134,1,264,0
3,-7,141,1,264,0
0,5,183,1,264,0
0,-8,186,1,264,0
5,0,202,1,264,0
-2,-5,209,1,264,0
3,8,219,1,264,0
8,3,227,1,264,0
-1,-2,229,1,264,0
7,2,236,1,264,0
1,-1,239,1,264,0
6,1,239,1,264,0
2,-4,257,1,264,0
2,7,258,1,264,0
-8,-4,34,1,264,0
5,-4,98,1,264,0
6,-7,249,1,264,0
8,-3,182,1,264,0
8,4,123,1,264,0
2,8,129,1,264,0
3,-8,133,1,264,0
-1,4,168,1,264,0
4,-1,195,1,264,0
4,0,201,1,264,0
5,1,208,1,264,0
0,6,211,1,264,0
-2,5,225,1,264,0
-1,-3,226,1,264,0
-3,6,234,1,264,0
1,-2,238,1,264,0
7,3,237,1,264,0
6,2,248,1,264,0
2,-5,263,1,264,0
1,7,263,1,264,0
1,8,69,1,264,0
-1,-4,78,1,264,0
1,-3,92,1,264,0
6,-8,101,1,264,0
8,-4,125,1,264,0
2,-6,149,1,264,0
8,5,168,1,264,0
4,1,169,1,264,0
3,0,193,1,264,0
7,4,201,1,264,0
4,-2,202,1,264,0
0,7,207,1,264,0
-1,5,219,1,264,0
-2,6,229,1,264,0
5,-5,233,1,264,0
6,3,242,1,264,0
5,2,249,1,264,0
-3,7,258,1,264,0
-4,8,262,1,264,0
7,-1,263,1,264,0
2,-7,29,1,265,0
7,-2,171,1,265,0
-2,7,52,1,265,0
-4,-4,59,1,265,0
5,-6,239,1,265,0
1,-4,86,1,265,0
-5,0,92,1,265,0
8,-5,121,1,265,0
4,2,161,1,265,0
2,0,176,1,265,0
3,1,184,1,265,0
7,5,192,1,265,0
6,4,194,1,265,0
0,8,199,1,265,0
-1,-5,208,1,265,0
-1,6,217,1,265,0
4,-3,246,1,265,0
0,-1,247,1,265,0
-3,8,255,1,265,0
5,3,257,1,265,0
8,6,263,1,265,0
-7,3,13,1,265,0
-6,2,21,1,265,0
-7,-4,39,1,265,0
7,-3,184,1,265,0
-1,7,59,1,265,0
-4,0,89,1,265,0
-5,1,99,1,265,0
8,-6,111,1,265,0
5,-7,248,1,265,0
1,-5,158,1,265,0
1,0,169,1,265,0
2,1,179,1,265,0
5,4,185,1,265,0
3,2,189,1,265,0
3,-1,191,1,265,0
-1,-6,202,1,265,0
6,5,207,1,265,0
0,-2,237,1,265,0
4,-4,242,1,265,0
8,7,257,1,265,0
4,3,258,1,265,0
7,6,259,1,265,0
-7,4,6,1,265,0
-1,8,58,1,265,0
-3,0,66,1,265,0
-5,2,106,1,265,0
8,-7,107,1,265,0
3,-2,108,1,265,0
5,-8,118,1,265,0
7,-4,191,1,265,0
1,-6,164,1,265,0
1,1,165,1,265,0
3,3,193,1,265,0
8,8,195,1,265,0
2,2,201,1,265,0
6,6,215,1,265,0
4,-5,232,1,265,0
6,-1,249,1,265,0
7,7,253,1,265,0
0,0,254,1,265,0
4,4,264,1,265,0
5,5,264,1,265,0
-7,5,9,1,265,0
1,-7,23,1,265,0
-4,2,34,1,265,0
-3,-4,65,1,265,0
0,-4,84,1,265,0
8,-8,99,1,265,0
-5,3,109,1,265,0
7,-5,265,1,265,0
6,-2,149,1,265,0
3,4,161,1,265,0
0,1,162,1,265,0
-1,-8,185,1,265,0
2,3,194,1,265,0
7,8,197,1,265,0
5,6,223,1,265,0
4,-6,224,1,265,0
1,2,237,1,265,0
6,7,241,1,265,0
3,-3,247,1,265,0
4,5,262,1,265,0
-2,0,263,1,265,0
-2,-1,264,1,265,0
9,1,3,1,265,0
-7,6,11,1,265,0
1,-8,17,1,265,0
-3,2,39,1,265,0
-6,-4,46,1,265,0
7,-6,222,1,265,0
-4,3,115,1,265,0
4,-7,129,1,265,0
8,0,163,1,265,0
6,-3,141,1,265,0
2,4,154,1,265,0
2,-1,177,1,265,0
3,5,201,1,265,0
1,3,233,1,265,0
5,7,236,1,265,0
6,8,237,1,265,0
3,-4,255,1,265,0
4,6,257,1,265,0
-1,0,261,1,265,0
0,2,264,1,265,0
-6,6,19,1,265,0
3,-5,35,1,265,0
7,-7,221,1,265,0
6,-4,106,1,265,0
2,-2,99,1,265,0
1,4,117,1,265,0
-4,4,118,1,265,0
7,0,158,1,265,0
-2,2,145,1,265,0
2,5,149,1,265,0
-1,1,154,1,265,0
5,-1,187,1,265,0
0,-6,197,1,265,0
3,6,208,1,265,0
-2,-3,219,1,265,0
8,1,224,1,265,0
5,8,235,1,265,0
4,7,249,1,265,0
-5,6,25,1,265,0
6,-5,54,1,265,0
7,-8,213,1,265,0
2,-3,98,1,265,0
1,5,103,1,265,0
-3,4,126,1,265,0
-2,3,141,1,265,0
3,-6,142,1,265,0
2,6,143,1,265,0
5,-2,146,1,265,0
-1,2,149,1,265,0
0,4,174,1,265,0
0,-7,193,1,265,0
-2,-4,217,1,265,0
3,7,225,1,265,0
8,2,229,1,265,0
7,1,233,1,265,0
4,8,244,1,265,0
6,0,247,1,265,0
8,-1,261,1,265,0
-1,3,4,1,265,0
-4,6,31,1,265,0
8,-2,177,1,265,0
1,6,41,1,265,0
-5,-4,53,1,265,0
6,-6,259,1,265,0
5,-3,96,1,265,0
-2,4,134,1,265,0
3,-7,141,1,265,0
0,5,183,1,265,0
0,-8,186,1,265,0
5,0,202,1,265,0
-2,-5,209,1,265,0
3,8,219,1,265,0
8,3,227,1,265,0
-1,-2,229,1,265,0
7,2,236,1,265,0
1,-1,239,1,265,0
6,1,239,1,265,0
2,-4,257,1,265,0
2,7,258,1,265,0
-8,-4,34,1,265,0
5,-4,98,1,265,0
6,-7,249,1,265,0
8,-3,182,1,265,0
8,4,123,1,265,0
2,8,129,1,265,0
3,-8,133,1,265,0
-1,4,168,1,265,0
4,-1,195,1,265,0
4,0,201,1,265,0
5,1,208,1,265,0
0,6,211,1,265,0
-2,5,225,1,265,0
-1,-3,226,1,265,0
-3,6,234,1,265,0
1,-2,238,1,265,0
7,3,237,1,265,0
6,2,248,1,265,0
2,-5,264,1,265,0
1,7,264,1,265,0
1,8,69,1,265,0
-1,-4,78,1,265,0
1,-3,92,1,265,0
6,-8,101,1,265,0
8,-4,125,1,265,0
2,-6,149,1,265,0
8,5,168,1,265,0
4,1,169,1,265,0
3,0,193,1,265,0
7,4,201,1,265,0
4,-2,202,1,265,0
0,7,207,1,265,0
-1,5,219,1,265,0
-2,6,229,1,265,0
5,-5,233,1,265,0
6,3,242,1,265,0
5,2,249,1,265,0
-3,7,258,1,265,0
-4,8,263,1,265,0
7,-1,264,1,265,0
2,-7,29,1,266,0
7,-2,171,1,266,0
-2,7,52,1,266,0
-4,-4,59,1,266,0
5,-6,239,1,266,0
1,-4,86,1,266,0
-5,0,92,1,266,0
8,-5,121,1,266,0
4,2,161,1,266,0
2,0,176,1,266,0
3,1,184,1,266,0
7,5,192,1,266,0
6,4,194,1,266,0
0,8,199,1,266,0
-1,-5,208,1,266,0
-1,6,217,1,266,0
4,-3,246,1,266,0
0,-1,247,1,266,0
-3,8,255,1,266,0
5,3,257,1,266,0
8,6,264,1,266,0
-7,3,13,1,266,0
-6,2,21,1,266,0
-7,-4,39,1,266,0
7,-3,184,1,266,0
-1,7,59,1,266,0
-4,0,89,1,266,0
-5,1,99,1,266,0
8,-6,111,1,266,0
5,-7,248,1,266,0
1,-5,158,1,266,0
1,0,169,1,266,0
2,1,179,1,266,0
3,2,189,1,266,0
3,-1,191,1,266,0
-1,-6,202,1,266,0
6,5,207,1,266,0
0,-2,237,1,266,0
4,-4,242,1,266,0
8,7,257,1,266,0
4,3,258,1,266,0
7,6,259,1,266,0
5,4,265,1,266,0
-7,4,6,1,266,0
-1,8,58,1,266,0
-3,0,66,1,266,0
-5,2,106,1,266,0
8,-7,107,1,266,0
3,-2,108,1,266,0
5,-8,118,1,266,0
7,-4,191,1,266,0
1,-6,164,1,266,0
1,1,165,1,266,0
3,3,193,1,266,0
8,8,195,1,266,0
2,2,201,1,266,0
6,6,215,1,266,0
4,-5,232,1,266,0
6,-1,249,1,266,0
7,7,253,1,266,0
0,0,254,1,266,0
5,5,264,1,266,0
4,4,265,1,266,0
-7,5,9,1,266,0
1,-7,23,1,266,0
-4,2,34,1,266,0
-3,-4,65,1,266,0
0,-4,84,1,266,0
8,-8,99,1,266,0
-5,3,109,1,266,0
7,-5,266,1,266,0
6,-2,149,1,266,0
3,4,161,1,266,0
0,1,162,1,266,0
-1,-8,185,1,266,0
2,3,194,1,266,0
7,8,197,1,266,0
5,6,223,1,266,0
4,-6,224,1,266,0
1,2,237,1,266,0
6,7,241,1,266,0
3,-3,247,1,266,0
4,5,262,1,266,0
-2,0,263,1,266,0
-2,-1,265,1,266,0
9,1,3,1,266,0
-7,6,11,1,266,0
1,-8,17,1,266,0
-3,2,39,1,266,0
-6,-4,46,1,266,0
7,-6,222,1,266,0
-4,3,115,1,266,0
4,-7,129,1,266,0
8,0,163,1,266,0
6,-3,141,1,266,0
2,4,154,1,266,0
2,-1,177,1,266,0
3,5,201,1,266,0
1,3,233,1,266,0
5,7,236,1,266,0
6,8,237,1,266,0
3,-4,255,1,266,0
4,6,257,1,266,0
-1,0,261,1,266,0
0,2,265,1,266,0
-6,6,19,1,266,0
3,-5,35,1,266,0
7,-7,221,1,266,0
6,-4,106,1,266,0
2,-2,99,1,266,0
1,4,117,1,266,0
-4,4,118,1,266,0
7,0,158,1,266,0
-2,2,145,1,266,0
2,5,149,1,266,0
-1,1,154,1,266,0
5,-1,187,1,266,0
0,-6,197,1,266,0
3,6,208,1,266,0
-2,-3,219,1,266,0
8,1,224,1,266,0
5,8,235,1,266,0
4,7,249,1,266,0
-5,6,25,1,266,0
6,-5,54,1,266,0
7,-8,213,1,266,0
2,-3,98,1,266,0
1,5,103,1,266,0
-3,4,126,1,266,0
-2,3,141,1,266,0
3,-6,142,1,266,0
2,6,143,1,266,0
5,-2,146,1,266,0
-1,2,149,1,266,0
0,4,174,1,266,0
0,-7,193,1,266,0
-2,-4,217,1,266,0
3,7,225,1,266,0
8,2,229,1,266,0
7,1,233,1,266,0
4,8,244,1,266,0
6,0,247,1,266,0
8,-1,261,1,266,0
-1,3,4,1,266,0
-4,6,31,1,266,0
1,6,41,1,266,0
-5,-4,53,1,266,0
6,-6,259,1,266,0
5,-3,96,1,266,0
-2,4,134,1,266,0
3,-7,141,1,266,0
0,5,183,1,266,0
0,-8,186,1,266,0
5,0,202,1,266,0
-2,-5,209,1,266,0
3,8,219,1,266,0
8,3,227,1,266,0
-1,-2,229,1,266,0
7,2,236,1,266,0
1,-1,239,1,266,0
6,1,239,1,266,0
2,-4,257,1,266,0
2,7,265,1,266,0
8,-2,265,1,266,0
-8,-4,34,1,266,0
5,-4,98,1,266,0
6,-7,249,1,266,0
8,-3,182,1,266,0
8,4,123,1,266,0
2,8,129,1,266,0
3,-8,133,1,266,0
-1,4,168,1,266,0
4,-1,195,1,266,0
4,0,201,1,266,0
5,1,208,1,266,0
0,6,211,1,266,0
-2,5,225,1,266,0
-1,-3,226,1,266,0
-3,6,234,1,266,0
1,-2,238,1,266,0
7,3,237,1,266,0
6,2,248,1,266,0
1,7,264,1,266,0
-4,7,264,1,266,0
2,-5,265,1,266,0
1,8,69,1,266,0
-1,-4,78,1,266,0
1,-3,92,1,266,0
6,-8,101,1,266,0
8,-4,125,1,266,0
2,-6,149,1,266,0
8,5,168,1,266,0
4,1,169,1,266,0
3,0,193,1,266,0
7,4,201,1,266,0
4,-2,202,1,266,0
0,7,207,1,266,0
-1,5,219,1,266,0
-2,6,229,1,266,0
5,-5,233,1,266,0
6,3,242,1,266,0
5,2,249,1,266,0
-3,7,258,1,266,0
-4,8,263,1,266,0
7,-1,264,1,266,0
2,-7,29,1,267,0
7,-2,171,1,267,0
-2,7,52,1,267,0
-4,-4,59,1,267,0
5,-6,239,1,267,0
1,-4,86,1,267,0
-5,0,92,1,267,0
8,-5,121,1,267,0
4,2,161,1,267,0
2,0,176,1,267,0
3,1,184,1,267,0
7,5,192,1,267,0
6,4,194,1,267,0
0,8,199,1,267,0
-1,-5,208,1,267,0
-1,6,217,1,267,0
4,-3,246,1,267,0
0,-1,247,1,267,0
-3,8,255,1,267,0
5,3,257,1,267,0
8,6,265,1,267,0
-7,3,13,1,267,0
-6,2,21,1,267,0
-7,-4,39,1,267,0
7,-3,184,1,267,0
-1,7,59,1,267,0
-4,0,89,1,267,0
-5,1,99,1,267,0
8,-6,111,1,267,0
5,-7,248,1,267,0
1,-5,158,1,267,0
1,0,169,1,267,0
2,1,179,1,267,0
3,2,189,1,267,0
3,-1,191,1,267,0
-1,-6,202,1,267,0
6,5,207,1,267,0
0,-2,237,1,267,0
4,-4,242,1,267,0
8,7,257,1,267,0
4,3,258,1,267,0
7,6,259,1,267,0
5,4,266,1,267,0
-7,4,6,1,267,0
-1,8,58,1,267,0
-3,0,66,1,267,0
-5,2,106,1,267,0
8,-7,107,1,267,0
3,-2,108,1,267,0
5,-8,118,1,267,0
7,-4,191,1,267,0
1,-6,164,1,267,0
1,1,165,1,267,0
3,3,193,1,267,0
8,8,195,1,267,0
2,2,201,1,267,0
6,6,215,1,267,0
4,-5,232,1,267,0
6,-1,249,1,267,0
7,7,253,1,267,0
0,0,254,1,267,0
5,5,264,1,267,0
4,4,266,1,267,0
-7,5,9,1,267,0
1,-7,23,1,267,0
-4,2,34,1,267,0
-3,-4,65,1,267,0
0,-4,84,1,267,0
8,-8,99,1,267,0
-5,3,109,1,267,0
7,-5,267,1,267,0
6,-2,149,1,267,0
3,4,161,1,267,0
0,1,162,1,267,0
-1,-8,185,1,267,0
2,3,194,1,267,0
7,8,197,1,267,0
5,6,223,1,267,0
4,-6,224,1,267,0
1,2,237,1,267,0
6,7,241,1,267,0
3,-3,247,1,267,0
4,5,262,1,267,0
-2,0,263,1,267,0
-2,-1,266,1,267,0
9,1,3,1,267,0
-7,6,11,1,267,0
1,-8,17,1,267,0
-3,2,39,1,267,0
-6,-4,46,1,267,0
7,-6,222,1,267,0
-4,3,115,1,267,0
4,-7,129,1,267,0
8,0,163,1,267,0
6,-3,141,1,267,0
2,4,154,1,267,0
2,-1,177,1,267,0
3,5,201,1,267,0
1,3,233,1,267,0
5,7,236,1,267,0
6,8,237,1,267,0
3,-4,255,1,267,0
4,6,257,1,267,0
-1,0,261,1,267,0
0,2,266,1,267,0
-6,6,19,1,267,0
3,-5,35,1,267,0
7,-7,221,1,267,0
6,-4,106,1,267,0
2,-2,99,1,267,0
1,4,117,1,267,0
-4,4,118,1,267,0
7,0,158,1,267,0
-2,2,145,1,267,0
2,5,149,1,267,0
-1,1,154,1,267,0
5,-1,187,1,267,0
0,-6,197,1,267,0
3,6,208,1,267,0
-2,-3,219,1,267,0
8,1,224,1,267,0
5,8,235,1,267,0
4,7,249,1,267,0
-5,6,25,1,267,0
6,-5,54,1,267,0
7,-8,213,1,267,0
2,-3,98,1,267,0
1,5,103,1,267,0
-3,4,126,1,267,0
-2,3,141,1,267,0
3,-6,142,1,267,0
2,6,143,1,267,0
5,-2,146,1,267,0
-1,2,149,1,267,0
0,4,174,1,267,0
0,-7,193,1,267,0
-2,-4,217,1,267,0
3,7,225,1,267,0
8,2,229,1,267,0
7,1,233,1,267,0
4,8,244,1,267,0
6,0,247,1,267,0
8,-1,261,1,267,0
-1,3,4,1,267,0
-4,6,31,1,267,0
1,6,41,1,267,0
-5,-4,53,1,267,0
6,-6,259,1,267,0
5,-3,96,1,267,0
-2,4,134,1,267,0
3,-7,141,1,267,0
0,5,183,1,267,0
0,-8,186,1,267,0
5,0,202,1,267,0
-2,-5,209,1,267,0
3,8,219,1,267,0
8,3,227,1,267,0
-1,-2,229,1,267,0
7,2,236,1,267,0
1,-1,239,1,267,0
6,1,239,1,267,0
2,-4,257,1,267,0
2,7,266,1,267,0
8,-2,266,1,267,0
-8,-4,34,1,267,0
5,-4,98,1,267,0
6,-7,249,1,267,0
8,-3,182,1,267,0
8,4,123,1,267,0
2,8,129,1,267,0
3,-8,133,1,267,0
-1,4,168,1,267,0
4,-1,195,1,267,0
4,0,201,1,267,0
5,1,208,1,267,0
0,6,211,1,267,0
-2,5,225,1,267,0
-1,-3,226,1,267,0
-3,6,234,1,267,0
1,-2,238,1,267,0
7,3,237,1,267,0
6,2,248,1,267,0
1,7,264,1,267,0
-4,7,265,1,267,0
2,-5,266,1,267,0
1,8,69,1,267,0
-1,-4,78,1,267,0
1,-3,92,1,267,0
6,-8,101,1,267,0
8,-4,125,1,267,0
2,-6,149,1,267,0
8,5,168,1,267,0
4,1,169,1,267,0
3,0,193,1,267,0
7,4,201,1,267,0
4,-2,202,1,267,0
0,7,207,1,267,0
-1,5,219,1,267,0
-2,6,229,1,267,0
5,-5,233,1,267,0
6,3,242,1,267,0
5,2,249,1,267,0
-3,7,258,1,267,0
-4,8,263,1,267,0
7,-1,264,1,267,0
2,-7,29,1,268,0
7,-2,171,1,268,0
-2,7,52,1,268,0
-4,-4,59,1,268,0
5,-6,239,1,268,0
1,-4,86,1,268,0
-5,0,92,1,268,0
8,-5,121,1,268,0
4,2,161,1,268,0
2,0,176,1,268,0
3,1,184,1,268,0
7,5,192,1,268,0
6,4,194,1,268,0
0,8,199,1,268,0
-1,-5,208,1,268,0
-1,6,217,1,268,0
4,-3,246,1,268,0
0,-1,247,1,268,0
-3,8,255,1,268,0
5,3,257,1,268,0
8,6,266,1,268,0
-7,3,13,1,268,0
-6,2,21,1,268,0
-7,-4,39,1,268,0
7,-3,184,1,268,0
-1,7,59,1,268,0
-4,0,89,1,268,0
-5,1,99,1,268,0
8,-6,111,1,268,0
5,-7,248,1,268,0
1,-5,158,1,268,0
1,0,169,1,268,0
2,1,179,1,268,0
3,2,189,1,268,0
3,-1,191,1,268,0
-1,-6,202,1,268,0
6,5,207,1,268,0
0,-2,237,1,268,0
4,-4,242,1,268,0
8,7,257,1,268,0
4,3,258,1,268,0
7,6,259,1,268,0
5,4,267,1,268,0
-7,4,6,1,268,0
-1,8,58,1,268,0
-3,0,66,1,268,0
-5,2,106,1,268,0
8,-7,107,1,268,0
3,-2,108,1,268,0
5,-8,118,1,268,0
7,-4,268,1,268,0
1,-6,164,1,268,0
1,1,165,1,268,0
3,3,193,1,268,0
8,8,195,1,268,0
2,2,201,1,268,0
6,6,215,1,268,0
4,-5,232,1,268,0
6,-1,249,1,268,0
7,7,253,1,268,0
0,0,254,1,268,0
5,5,264,1,268,0
4,4,267,1,268,0
-7,5,9,1,268,0
1,-7,23,1,268,0
-4,2,34,1,268,0
-3,-4,65,1,268,0
0,-4,84,1,268,0
8,-8,99,1,268,0
-5,3,109,1,268,0
7,-5,267,1,268,0
6,-2,149,1,268,0
3,4,161,1,268,0
0,1,162,1,268,0
-1,-8,185,1,268,0
2,3,194,1,268,0
7,8,197,1,268,0
5,6,223,1,268,0
4,-6,224,1,268,0
1,2,237,1,268,0
6,7,241,1,268,0
3,-3,247,1,268,0
4,5,262,1,268,0
-2,0,263,1,268,0
-2,-1,267,1,268,0
9,1,3,1,268,0
-7,6,11,1,268,0
1,-8,17,1,268,0
-3,2,39,1,268,0
-6,-4,46,1,268,0
7,-6,222,1,268,0
-4,3,115,1,268,0
4,-7,129,1,268,0
8,0,163,1,268,0
6,-3,141,1,268,0
2,4,154,1,268,0
2,-1,177,1,268,0
3,5,201,1,268,0
1,3,233,1,268,0
5,7,236,1,268,0
6,8,237,1,268,0
3,-4,255,1,268,0
4,6,257,1,268,0
-1,0,261,1,268,0
0,2,267,1,268,0
-6,6,19,1,268,0
3,-5,35,1,268,0
7,-7,221,1,268,0
6,-4,106,1,268,0
2,-2,99,1,268,0
1,4,117,1,268,0
-4,4,118,1,268,0
7,0,158,1,268,0
-2,2,145,1,268,0
2,5,149,1,268,0
-1,1,154,1,268,0
5,-1,187,1,268,0
0,-6,197,1,268,0
3,6,208,1,268,0
-2,-3,219,1,268,0
8,1,224,1,268,0
5,8,235,1,268,0
4,7,249,1,268,0
-5,6,25,1,268,0
6,-5,54,1,268,0
7,-8,213,1,268,0
2,-3,98,1,268,0
1,5,103,1,268,0
-3,4,126,1,268,0
-2,3,141,1,268,0
3,-6,142,1,268,0
2,6,143,1,268,0
5,-2,146,1,268,0
-1,2,149,1,268,0
0,4,174,1,268,0
0,-7,193,1,268,0
-2,-4,217,1,268,0
3,7,225,1,268,0
8,2,229,1,268,0
7,1,233,1,268,0
4,8,244,1,268,0
6,0,247,1,268,0
8,-1,261,1,268,0
-1,3,4,1,268,0
-4,6,31,1,268,0
1,6,41,1,268,0
-5,-4,53,1,268,0
6,-6,259,1,268,0
5,-3,96,1,268,0
-2,4,134,1,268,0
3,-7,141,1,268,0
0,5,183,1,268,0
0,-8,186,1,268,0
5,0,202,1,268,0
-2,-5,209,1,268,0
3,8,219,1,268,0
8,3,227,1,268,0
-1,-2,229,1,268,0
7,2,236,1,268,0
1,-1,239,1,268,0
6,1,239,1,268,0
2,-4,257,1,268,0
2,7,267,1,268,0
8,-2,267,1,268,0
-8,-4,34,1,268,0
5,-4,98,1,268,0
6,-7,249,1,268,0
8,-3,182,1,268,0
8,4,123,1,268,0
2,8,129,1,268,0
3,-8,133,1,268,0
-1,4,168,1,268,0
4,-1,195,1,268,0
4,0,201,1,268,0
5,1,208,1,268,0
0,6,211,1,268,0
-2,5,225,1,268,0
-1,-3,226,1,268,0
-3,6,234,1,268,0
1,-2,238,1,268,0
7,3,237,1,268,0
6,2,248,1,268,0
1,7,264,1,268,0
-4,7,266,1,268,0
2,-5,267,1,268,0
1,8,69,1,268,0
-1,-4,78,1,268,0
1,-3,92,1,268,0
6,-8,101,1,268,0
8,-4,125,1,268,0
2,-6,149,1,268,0
8,5,168,1,268,0
4,1,169,1,268,0
3,0,193,1,268,0
7,4,201,1,268,0
4,-2,202,1,268,0
0,7,207,1,268,0
-1,5,219,1,268,0
-2,6,229,1,268,0
5,-5,233,1,268,0
6,3,242,1,268,0
5,2,249,1,268,0
-3,7,258,1,268,0
-4,8,263,1,268,0
7,-1,264,1,268,0
2,-7,29,1,269,0
7,-2,171,1,269,0
-2,7,52,1,269,0
-4,-4,59,1,269,0
5,-6,239,1,269,0
1,-4,86,1,269,0
-5,0,92,1,269,0
8,-5,121,1,269,0
4,2,161,1,269,0
2,0,176,1,269,0
3,1,184,1,269,0
7,5,192,1,269,0
6,4,194,1,269,0
0,8,199,1,269,0
-1,-5,208,1,269,0
-1,6,217,1,269,0
4,-3,246,1,269,0
0,-1,247,1,269,0
-3,8,255,1,269,0
5,3,257,1,269,0
8,6,267,1,269,0
-7,3,13,1,269,0
-6,2,21,1,269,0
-7,-4,39,1,269,0
7,-3,184,1,269,0
-1,7,59,1,269,0
-4,0,89,1,269,0
-5,1,99,1,269,0
8,-6,111,1,269,0
5,-7,248,1,269,0
1,-5,158,1,269,0
1,0,169,1,269,0
2,1,179,1,269,0
3,2,189,1,269,0
3,-1,191,1,269,0
-1,-6,202,1,269,0
6,5,207,1,269,0
0,-2,237,1,269,0
4,-4,242,1,269,0
8,7,257,1,269,0
4,3,258,1,269,0
7,6,259,1,269,0
5,4,268,1,269,0
-7,4,6,1,269,0
-1,8,58,1,269,0
-3,0,66,1,269,0
-5,2,106,1,269,0
8,-7,107,1,269,0
3,-2,108,1,269,0
5,-8,118,1,269,0
7,-4,269,1,269,0
1,-6,164,1,269,0
1,1,165,1,269,0
3,3,193,1,269,0
8,8,195,1,269,0
2,2,201,1,269,0
6,6,215,1,269,0
4,-5,232,1,269,0
6,-1,249,1,269,0
7,7,253,1,269,0
0,0,254,1,269,0
5,5,264,1,269,0
4,4,268,1,269,0
-7,5,9,1,269,0
1,-7,23,1,269,0
-4,2,34,1,269,0
-3,-4,65,1,269,0
0,-4,84,1,269,0
8,-8,99,1,269,0
-5,3,109,1,269,0
7,-5,267,1,269,0
6,-2,149,1,269,0
3,4,161,1,269,0
0,1,162,1,269,0
-1,-8,185,1,269,0
2,3,194,1,269,0
7,8,197,1,269,0
5,6,223,1,269,0
4,-6,224,1,269,0
1,2,237,1,269,0
6,7,241,1,269,0
3,-3,247,1,269,0
4,5,262,1,269,0
-2,0,263,1,269,0
-2,-1,268,1,269,0
9,1,3,1,269,0
-7,6,11,1,269,0
1,-8,17,1,269,0
-3,2,39,1,269,0
-6,-4,46,1,269,0
7,-6,222,1,269,0
-4,3,115,1,269,0
4,-7,129,1,269,0
8,0,163,1,269,0
6,-3,141,1,269,0
2,4,154,1,269,0
2,-1,177,1,269,0
3,5,201,1,269,0
1,3,233,1,269,0
5,7,236,1,269,0
6,8,237,1,269,0
3,-4,255,1,269,0
4,6,257,1,269,0
-1,0,261,1,269,0
0,2,268,1,269,0
-6,6,19,1,269,0
3,-5,35,1,269,0
7,-7,221,1,269,0
6,-4,106,1,269,0
2,-2,99,1,269,0
1,4,117,1,269,0
-4,4,118,1,269,0
7,0,158,1,269,0
-2,2,145,1,269,0
2,5,149,1,269,0
-1,1,154,1,269,0
5,-1,187,1,269,0
0,-6,197,1,269,0
3,6,208,1,269,0
-2,-3,219,1,269,0
8,1,224,1,269,0
5,8,235,1,269,0
4,7,249,1,269,0
-5,6,25,1,269,0
6,-5,54,1,269,0
7,-8,213,1,269,0
2,-3,98,1,269,0
1,5,103,1,269,0
-3,4,126,1,269,0
-2,3,141,1,269,0
2,6,143,1,269,0
5,-2,146,1,269,0
-1,2,149,1,269,0
0,4,174,1,269,0
0,-7,193,1,269,0
-2,-4,217,1,269,0
3,7,225,1,269,0
8,2,229,1,269,0
7,1,233,1,269,0
4,8,244,1,269,0
6,0,247,1,269,0
8,-1,261,1,269,0
3,-6,268,1,269,0
-1,3,4,1,269,0
-4,6,31,1,269,0
1,6,41,1,269,0
-5,-4,53,1,269,0
6,-6,259,1,269,0
5,-3,96,1,269,0
-2,4,134,1,269,0
3,-7,141,1,269,0
0,5,183,1,269,0
0,-8,186,1,269,0
5,0,202,1,269,0
-2,-5,209,1,269,0
3,8,219,1,269,0
8,3,227,1,269,0
-1,-2,229,1,269,0
7,2,236,1,269,0
1,-1,239,1,269,0
6,1,239,1,269,0
2,-4,257,1,269,0
2,7,267,1,269,0
8,-2,268,1,269,0
-8,-4,34,1,269,0
5,-4,98,1,269,0
6,-7,249,1,269,0
8,-3,182,1,269,0
8,4,123,1,269,0
2,8,129,1,269,0
3,-8,133,1,269,0
-1,4,168,1,269,0
4,-1,195,1,269,0
4,0,201,1,269,0
5,1,208,1,269,0
0,6,211,1,269,0
-2,5,225,1,269,0
-1,-3,226,1,269,0
-3,6,234,1,269,0
1,-2,238,1,269,0
7,3,237,1,269,0
6,2,248,1,269,0
2,-5,267,1,269,0
-4,7,267,1,269,0
1,7,268,1,269,0
1,8,69,1,269,0
-1,-4,78,1,269,0
1,-3,92,1,269,0
6,-8,101,1,269,0
8,-4,125,1,269,0
2,-6,149,1,269,0
8,5,168,1,269,0
4,1,169,1,269,0
3,0,193,1,269,0
7,4,201,1,269,0
4,-2,202,1,269,0
0,7,207,1,269,0
-1,5,219,1,269,0
-2,6,229,1,269,0
5,-5,233,1,269,0
6,3,242,1,269,0
5,2,249,1,269,0
-3,7,258,1,269,0
-4,8,263,1,269,0
7,-1,264,1,269,0
2,-7,29,1,270,0
7,-2,171,1,270,0
-2,7,52,1,270,0
-4,-4,59,1,270,0
5,-6,239,1,270,0
1,-4,86,1,270,0
-5,0,92,1,270,0
8,-5,121,1,270,0
4,2,161,1,270,0
2,0,176,1,270,0
3,1,184,1,270,0
7,5,192,1,270,0
6,4,194,1,270,0
0,8,199,1,270,0
-1,-5,208,1,270,0
-1,6,217,1,270,0
4,-3,246,1,270,0
0,-1,247,1,270,0
-3,8,255,1,270,0
5,3,257,1,270,0
8,6,268,1,270,0
-7,3,13,1,270,0
-6,2,21,1,270,0
-7,-4,39,1,270,0
7,-3,184,1,270,0
-1,7,59,1,270,0
-4,0,89,1,270,0
-5,1,99,1,270,0
8,-6,111,1,270,0
5,-7,248,1,270,0
1,-5,158,1,270,0
1,0,169,1,270,0
2,1,179,1,270,0
3,2,189,1,270,0
3,-1,191,1,270,0
-1,-6,202,1,270,0
6,5,207,1,270,0
0,-2,237,1,270,0
4,-4,242,1,270,0
8,7,257,1,270,0
4,3,258,1,270,0
7,6,259,1,270,0
5,4,269,1,270,0
-7,4,6,1,270,0
-1,8,58,1,270,0
-3,0,66,1,270,0
-5,2,106,1,270,0
8,-7,107,1,270,0
3,-2,108,1,270,0
5,-8,118,1,270,0
7,-4,269,1,270,0
1,-6,164,1,270,0
1,1,165,1,270,0
3,3,193,1,270,0
8,8,195,1,270,0
2,2,201,1,270,0
6,6,215,1,270,0
4,-5,232,1,270,0
6,-1,249,1,270,0
7,7,253,1,270,0
0,0,254,1,270,0
5,5,264,1,270,0
4,4,269,1,270,0
-7,5,9,1,270,0
1,-7,23,1,270,0
-4,2,34,1,270,0
-3,-4,65,1,270,0
0,-4,84,1,270,0
8,-8,99,1,270,0
-5,3,109,1,270,0
7,-5,267,1,270,0
6,-2,149,1,270,0
3,4,161,1,270,0
0,1,162,1,270,0
-1,-8,185,1,270,0
2,3,194,1,270,0
7,8,197,1,270,0
5,6,223,1,270,0
4,-6,224,1,270,0
1,2,237,1,270,0
6,7,241,1,270,0
3,-3,247,1,270,0
4,5,262,1,270,0
-2,0,263,1,270,0
-2,-1,269,1,270,0
9,1,3,1,270,0
-7,6,11,1,270,0
1,-8,17,1,270,0
-3,2,39,1,270,0
-6,-4,46,1,270,0
7,-6,222,1,270,0
-4,3,115,1,270,0
4,-7,129,1,270,0
8,0,163,1,270,0
6,-3,141,1,270,0
2,4,154,1,270,0
2,-1,177,1,270,0
3,5,201,1,270,0
1,3,233,1,270,0
5,7,236,1,270,0
6,8,237,1,270,0
3,-4,255,1,270,0
4,6,257,1,270,0
-1,0,261,1,270,0
0,2,269,1,270,0
-6,6,19,1,270,0
3,-5,35,1,270,0
7,-7,221,1,270,0
6,-4,106,1,270,0
2,-2,99,1,270,0
1,4,117,1,270,0
-4,4,118,1,270,0
7,0,158,1,270,0
-2,2,145,1,270,0
2,5,149,1,270,0
-1,1,154,1,270,0
5,-1,187,1,270,0
0,-6,197,1,270,0
3,6,208,1,270,0
-2,-3,219,1,270,0
8,1,224,1,270,0
5,8,235,1,270,0
4,7,249,1,270,0
-5,6,25,1,270,0
6,-5,54,1,270,0
7,-8,213,1,270,0
2,-3,98,1,270,0
1,5,103,1,270,0
-3,4,126,1,270,0
-2,3,141,1,270,0
2,6,143,1,270,0
5,-2,146,1,270,0
-1,2,149,1,270,0
0,4,174,1,270,0
0,-7,193,1,270,0
-2,-4,217,1,270,0
3,7,225,1,270,0
8,2,229,1,270,0
7,1,233,1,270,0
4,8,244,1,270,0
6,0,247,1,270,0
8,-1,261,1,270,0
3,-6,269,1,270,0
-1,3,4,1,270,0
-4,6,31,1,270,0
1,6,41,1,270,0
-5,-4,53,1,270,0
6,-6,259,1,270,0
5,-3,96,1,270,0
-2,4,134,1,270,0
3,-7,141,1,270,0
0,5,183,1,270,0
0,-8,186,1,270,0
5,0,202,1,270,0
-2,-5,209,1,270,0
3,8,219,1,270,0
8,3,227,1,270,0
-1,-2,229,1,270,0
7,2,236,1,270,0
1,-1,239,1,270,0
6,1,239,1,270,0
2,-4,257,1,270,0
2,7,267,1,270,0
8,-2,269,1,270,0
-8,-4,34,1,270,0
5,-4,98,1,270,0
6,-7,249,1,270,0
8,-3,182,1,270,0
8,4,123,1,270,0
2,8,129,1,270,0
3,-8,133,1,270,0
-1,4,168,1,270,0
4,-1,195,1,270,0
4,0,201,1,270,0
5,1,208,1,270,0
0,6,211,1,270,0
-2,5,225,1,270,0
-1,-3,226,1,270,0
-3,6,234,1,270,0
1,-2,238,1,270,0
7,3,237,1,270,0
6,2,248,1,270,0
2,-5,267,1,270,0
-4,7,268,1,270,0
1,7,269,1,270,0
1,8,69,1,270,0
-1,-4,78,1,270,0
1,-3,92,1,270,0
6,-8,101,1,270,0
8,-4,125,1,270,0
2,-6,149,1,270,0
8,5,168,1,270,0
4,1,169,1,270,0
3,0,193,1,270,0
7,4,201,1,270,0
4,-2,202,1,270,0
0,7,207,1,270,0
-1,5,219,1,270,0
-2,6,229,1,270,0
5,-5,233,1,270,0
6,3,242,1,270,0
5,2,249,1,270,0
-3,7,258,1,270,0
-4,8,263,1,270,0
7,-1,264,1,270,0
2,-7,29,1,271,0
7,-2,171,1,271,0
-2,7,52,1,271,0
-4,-4,59,1,271,0
5,-6,239,1,271,0
1,-4,86,1,271,0
-5,0,92,1,271,0
8,-5,121,1,271,0
4,2,161,1,271,0
2,0,176,1,271,0
3,1,184,1,271,0
7,5,192,1,271,0
6,4,194,1,271,0
0,8,199,1,271,0
-1,-5,208,1,271,0
-1,6,217,1,271,0
4,-3,246,1,271,0
0,-1,247,1,271,0
-3,8,255,1,271,0
5,3,257,1,271,0
8,6,269,1,271,0
-7,3,13,1,271,0
-6,2,21,1,271,0
-7,-4,39,1,271,0
7,-3,184,1,271,0
-1,7,59,1,271,0
-4,0,89,1,271,0
-5,1,99,1,271,0
8,-6,111,1,271,0
5,-7,248,1,271,0
1,-5,158,1,271,0
1,0,169,1,271,0
2,1,179,1,271,0
3,2,189,1,271,0
3,-1,191,1,271,0
-1,-6,202,1,271,0
6,5,207,1,271,0
0,-2,237,1,271,0
4,-4,242,1,271,0
8,7,257,1,271,0
4,3,258,1,271,0
7,6,259,1,271,0
5,4,269,1,271,0
-7,4,6,1,271,0
-1,8,58,1,271,0
-3,0,66,1,271,0
-5,2,106,1,271,0
8,-7,107,1,271,0
3,-2,108,1,271,0
5,-8,118,1,271,0
7,-4,271,1,271,0
1,-6,164,1,271,0
1,1,165,1,271,0
3,3,193,1,271,0
8,8,195,1,271,0
2,2,201,1,271,0
6,6,215,1,271,0
4,-5,232,1,271,0
6,-1,249,1,271,0
7,7,253,1,271,0
0,0,254,1,271,0
5,5,264,1,271,0
4,4,269,1,271,0
-7,5,9,1,271,0
1,-7,23,1,271,0
-4,2,34,1,271,0
-3,-4,65,1,271,0
0,-4,84,1,271,0
8,-8,99,1,271,0
-5,3,109,1,271,0
7,-5,267,1,271,0
6,-2,149,1,271,0
3,4,161,1,271,0
0,1,162,1,271,0
-1,-8,185,1,271,0
2,3,194,1,271,0
7,8,197,1,271,0
5,6,223,1,271,0
4,-6,224,1,271,0
1,2,237,1,271,0
6,7,241,1,271,0
3,-3,247,1,271,0
4,5,262,1,271,0
-2,0,263,1,271,0
-2,-1,269,1,271,0
9,1,3,1,271,0
-7,6,11,1,271,0
1,-8,17,1,271,0
-3,2,39,1,271,0
-6,-4,46,1,271,0
7,-6,222,1,271,0
-4,3,115,1,271,0
4,-7,129,1,271,0
8,0,163,1,271,0
6,-3,141,1,271,0
2,4,154,1,271,0
2,-1,177,1,271,0
3,5,201,1,271,0
1,3,233,1,271,0
5,7,236,1,271,0
6,8,237,1,271,0
3,-4,255,1,271,0
4,6,257,1,271,0
-1,0,261,1,271,0
0,2,269,1,271,0
-6,6,19,1,271,0
3,-5,35,1,271,0
7,-7,221,1,271,0
6,-4,106,1,271,0
2,-2,99,1,271,0
1,4,117,1,271,0
-4,4,118,1,271,0
7,0,158,1,271,0
-2,2,145,1,271,0
2,5,149,1,271,0
-1,1,154,1,271,0
5,-1,187,1,271,0
0,-6,197,1,271,0
3,6,208,1,271,0
-2,-3,219,1,271,0
8,1,224,1,271,0
5,8,235,1,271,0
4,7,249,1,271,0
-5,6,25,1,271,0
6,-5,54,1,271,0
7,-8,213,1,271,0
2,-3,98,1,271,0
1,5,103,1,271,0
-3,4,126,1,271,0
-2,3,141,1,271,0
2,6,143,1,271,0
5,-2,146,1,271,0
-1,2,149,1,271,0
0,4,174,1,271,0
0,-7,193,1,271,0
-2,-4,217,1,271,0
3,7,225,1,271,0
8,2,229,1,271,0
7,1,233,1,271,0
4,8,244,1,271,0
6,0,247,1,271,0
8,-1,261,1,271,0
3,-6,269,1,271,0
-1,3,4,1,271,0
-4,6,31,1,271,0
1,6,41,1,271,0
-5,-4,53,1,271,0
6,-6,259,1,271,0
5,-3,96,1,271,0
-2,4,134,1,271,0
3,-7,141,1,271,0
0,5,183,1,271,0
0,-8,186,1,271,0
5,0,202,1,271,0
-2,-5,209,1,271,0
3,8,219,1,271,0
8,3,227,1,271,0
-1,-2,229,1,271,0
7,2,236,1,271,0
1,-1,239,1,271,0
6,1,239,1,271,0
2,-4,257,1,271,0
2,7,267,1,271,0
8,-2,269,1,271,0
-8,-4,34,1,271,0
5,-4,98,1,271,0
6,-7,249,1,271,0
8,-3,182,1,271,0
8,4,123,1,271,0
2,8,129,1,271,0
3,-8,133,1,271,0
-1,4,168,1,271,0
4,-1,195,1,271,0
4,0,201,1,271,0
5,1,208,1,271,0
0,6,211,1,271,0
-2,5,225,1,271,0
-1,-3,226,1,271,0
-3,6,234,1,271,0
1,-2,238,1,271,0
7,3,237,1,271,0
6,2,248,1,271,0
2,-5,267,1,271,0
1,7,269,1,271,0
-4,7,269,1,271,0
1,8,69,1,271,0
-1,-4,78,1,271,0
1,-3,92,1,271,0
6,-8,101,1,271,0
8,-4,125,1,271,0
2,-6,149,1,271,0
8,5,168,1,271,0
4,1,169,1,271,0
3,0,193,1,271,0
7,4,201,1,271,0
4,-2,202,1,271,0
0,7,207,1,271,0
-1,5,219,1,271,0
-2,6,229,1,271,0
5,-5,233,1,271,0
6,3,242,1,271,0
5,2,249,1,271,0
-3,7,258,1,271,0
-4,8,263,1,271,0
7,-1,264,1,271,0
2,-7,29,1,272,0
7,-2,171,1,272,0
-2,7,52,1,272,0
-4,-4,59,1,272,0
5,-6,239,1,272,0
1,-4,86,1,272,0
-5,0,92,1,272,0
8,-5,121,1,272,0
4,2,161,1,272,0
2,0,176,1,272,0
3,1,184,1,272,0
7,5,192,1,272,0
0,8,199,1,272,0
-1,-5,208,1,272,0
-1,6,217,1,272,0
4,-3,246,1,272,0
0,-1,247,1,272,0
-3,8,255,1,272,0
5,3,257,1,272,0
8,6,269,1,272,0
6,4,271,1,272,0
-7,3,13,1,272,0
-6,2,21,1,272,0
-7,-4,39,1,272,0
7,-3,184,1,272,0
-1,7,59,1,272,0
-4,0,89,1,272,0
-5,1,99,1,272,0
8,-6,111,1,272,0
5,-7,248,1,272,0
1,-5,158,1,272,0
1,0,169,1,272,0
2,1,179,1,272,0
3,2,189,1,272,0
3,-1,191,1,272,0
-1,-6,202,1,272,0
6,5,207,1,272,0
0,-2,237,1,272,0
4,-4,242,1,272,0
8,7,257,1,272,0
4,3,258,1,272,0
7,6,259,1,272,0
5,4,269,1,272,0
-7,4,6,1,272,0
-1,8,58,1,272,0
-3,0,66,1,272,0
-5,2,106,1,272,0
8,-7,107,1,272,0
3,-2,108,1,272,0
5,-8,118,1,272,0
7,-4,271,1,272,0
1,-6,164,1,272,0
1,1,165,1,272,0
3,3,193,1,272,0
8,8,195,1,272,0
2,2,201,1,272,0
6,6,215,1,272,0
4,-5,232,1,272,0
6,-1,249,1,272,0
7,7,253,1,272,0
0,0,254,1,272,0
5,5,264,1,272,0
4,4,269,1,272,0
-7,5,9,1,272,0
1,-7,23,1,272,0
-4,2,34,1,272,0
-3,-4,65,1,272,0
0,-4,84,1,272,0
8,-8,99,1,272,0
-5,3,109,1,272,0
7,-5,272,1,272,0
6,-2,149,1,272,0
0,1,162,1,272,0
-1,-8,185,1,272,0
2,3,194,1,272,0
7,8,197,1,272,0
5,6,223,1,272,0
4,-6,224,1,272,0
1,2,237,1,272,0
6,7,241,1,272,0
3,-3,247,1,272,0
4,5,262,1,272,0
-2,0,263,1,272,0
3,4,271,1,272,0
-2,-1,271,1,272,0
9,1,3,1,272,0
-7,6,11,1,272,0
1,-8,17,1,272,0
-3,2,39,1,272,0
-6,-4,46,1,272,0
7,-6,222,1,272,0
-4,3,115,1,272,0
4,-7,129,1,272,0
8,0,163,1,272,0
6,-3,141,1,272,0
2,4,154,1,272,0
2,-1,177,1,272,0
3,5,201,1,272,0
1,3,233,1,272,0
5,7,236,1,272,0
6,8,237,1,272,0
3,-4,255,1,272,0
4,6,257,1,272,0
-1,0,261,1,272,0
0,2,271,1,272,0
-6,6,19,1,272,0
3,-5,35,1,272,0
7,-7,221,1,272,0
6,-4,106,1,272,0
2,-2,99,1,272,0
1,4,117,1,272,0
-4,4,118,1,272,0
7,0,158,1,272,0
-2,2,145,1,272,0
2,5,149,1,272,0
-1,1,154,1,272,0
5,-1,187,1,272,0
0,-6,197,1,272,0
3,6,208,1,272,0
-2,-3,219,1,272,0
8,1,224,1,272,0
5,8,235,1,272,0
4,7,249,1,272,0
-5,6,25,1,272,0
6,-5,54,1,272,0
7,-8,213,1,272,0
2,-3,98,1,272,0
1,5,103,1,272,0
-3,4,126,1,272,0
-2,3,141,1,272,0
2,6,143,1,272,0
5,-2,146,1,272,0
-1,2,149,1,272,0
0,4,174,1,272,0
0,-7,193,1,272,0
-2,-4,217,1,272,0
3,7,225,1,272,0
8,2,229,1,272,0
7,1,233,1,272,0
4,8,244,1,272,0
6,0,247,1,272,0
8,-1,261,1,272,0
3,-6,271,1,272,0
-1,3,4,1,272,0
-4,6,31,1,272,0
1,6,41,1,272,0
-5,-4,53,1,272,0
6,-6,259,1,272,0
5,-3,96,1,272,0
-2,4,134,1,272,0
3,-7,141,1,272,0
0,5,183,1,272,0
0,-8,186,1,272,0
5,0,202,1,272,0
-2,-5,209,1,272,0
3,8,219,1,272,0
8,3,227,1,272,0
-1,-2,229,1,272,0
7,2,236,1,272,0
1,-1,239,1,272,0
6,1,239,1,272,0
2,-4,257,1,272,0
2,7,267,1,272,0
8,-2,271,1,272,0
-8,-4,34,1,272,0
5,-4,98,1,272,0
6,-7,249,1,272,0
8,-3,182,1,272,0
8,4,123,1,272,0
2,8,129,1,272,0
3,-8,133,1,272,0
-1,4,168,1,272,0
4,-1,195,1,272,0
4,0,201,1,272,0
5,1,208,1,272,0
0,6,211,1,272,0
-2,5,225,1,272,0
-1,-3,226,1,272,0
-3,6,234,1,272,0
1,-2,238,1,272,0
7,3,237,1,272,0
6,2,248,1,272,0
2,-5,267,1,272,0
1,7,269,1,272,0
-4,7,269,1,272,0
1,8,69,1,272,0
-1,-4,78,1,272,0
1,-3,92,1,272,0
6,-8,101,1,272,0
8,-4,125,1,272,0
2,-6,149,1,272,0
8,5,168,1,272,0
4,1,169,1,272,0
3,0,193,1,272,0
7,4,201,1,272,0
4,-2,202,1,272,0
0,7,207,1,272,0
-1,5,219,1,272,0
-2,6,229,1,272,0
5,-5,233,1,272,0
6,3,242,1,272,0
5,2,249,1,272,0
-3,7,258,1,272,0
-4,8,263,1,272,0
7,-1,264,1,272,0
2,-7,29,1,273,0
7,-2,171,1,273,0
-2,7,52,1,273,0
-4,-4,59,1,273,0
5,-6,239,1,273,0
1,-4,86,1,273,0
-5,0,92,1,273,0
8,-5,121,1,273,0
4,2,161,1,273,0
2,0,176,1,273,0
3,1,184,1,273,0
7,5,192,1,273,0
0,8,199,1,273,0
-1,-5,208,1,273,0
-1,6,217,1,273,0
4,-3,246,1,273,0
0,-1,247,1,273,0
-3,8,255,1,273,0
5,3,257,1,273,0
6,4,272,1,273,0
8,6,271,1,273,0
-7,3,13,1,273,0
-6,2,21,1,273,0
-7,-4,39,1,273,0
7,-3,184,1,273,0
-1,7,59,1,273,0
-4,0,89,1,273,0
-5,1,99,1,273,0
8,-6,111,1,273,0
5,-7,248,1,273,0
1,-5,158,1,273,0
1,0,169,1,273,0
2,1,179,1,273,0
3,2,189,1,273,0
3,-1,191,1,273,0
-1,-6,202,1,273,0
6,5,207,1,273,0
0,-2,237,1,273,0
4,-4,242,1,273,0
8,7,257,1,273,0
4,3,258,1,273,0
7,6,259,1,273,0
5,4,269,1,273,0
-7,4,6,1,273,0
-1,8,58,1,273,0
-3,0,66,1,273,0
-5,2,106,1,273,0
8,-7,107,1,273,0
3,-2,108,1,273,0
5,-8,118,1,273,0
7,-4,271,1,273,0
1,-6,164,1,273,0
1,1,165,1,273,0
3,3,193,1,273,0
8,8,195,1,273,0
2,2,201,1,273,0
6,6,215,1,273,0
4,-5,232,1,273,0
6,-1,249,1,273,0
7,7,253,1,273,0
0,0,254,1,273,0
5,5,264,1,273,0
4,4,269,1,273,0
-7,5,9,1,273,0
1,-7,23,1,273,0
-4,2,34,1,273,0
-3,-4,65,1,273,0
0,-4,84,1,273,0
8,-8,99,1,273,0
-5,3,109,1,273,0
7,-5,273,1,273,0
6,-2,149,1,273,0
0,1,162,1,273,0
-1,-8,185,1,273,0
2,3,194,1,273,0
7,8,197,1,273,0
5,6,223,1,273,0
4,-6,224,1,273,0
1,2,237,1,273,0
6,7,241,1,273,0
3,-3,247,1,273,0
4,5,262,1,273,0
-2,0,263,1,273,0
-2,-1,271,1,273,0
3,4,272,1,273,0
9,1,3,1,273,0
-7,6,11,1,273,0
1,-8,17,1,273,0
-3,2,39,1,273,0
-6,-4,46,1,273,0
7,-6,222,1,273,0
-4,3,115,1,273,0
4,-7,129,1,273,0
8,0,163,1,273,0
6,-3,141,1,273,0
2,4,154,1,273,0
2,-1,177,1,273,0
3,5,201,1,273,0
1,3,233,1,273,0
5,7,236,1,273,0
6,8,237,1,273,0
3,-4,255,1,273,0
4,6,257,1,273,0
-1,0,261,1,273,0
-2,-2,272,1,273,0
0,2,272,1,273,0
-6,6,19,1,273,0
3,-5,35,1,273,0
7,-7,221,1,273,0
6,-4,106,1,273,0
2,-2,99,1,273,0
1,4,117,1,273,0
-4,4,118,1,273,0
7,0,158,1,273,0
-2,2,145,1,273,0
2,5,149,1,273,0
-1,1,154,1,273,0
5,-1,187,1,273,0
0,-6,197,1,273,0
3,6,208,1,273,0
-2,-3,219,1,273,0
8,1,224,1,273,0
5,8,235,1,273,0
4,7,249,1,273,0
-5,6,25,1,273,0
6,-5,54,1,273,0
7,-8,213,1,273,0
2,-3,98,1,273,0
1,5,103,1,273,0
-3,4,126,1,273,0
-2,3,141,1,273,0
2,6,143,1,273,0
5,-2,146,1,273,0
-1,2,149,1,273,0
0,4,174,1,273,0
0,-7,193,1,273,0
-2,-4,217,1,273,0
3,7,225,1,273,0
8,2,229,1,273,0
7,1,233,1,273,0
4,8,244,1,273,0
6,0,247,1,273,0
8,-1,261,1,273,0
3,-6,272,1,273,0
-1,3,4,1,273,0
-4,6,31,1,273,0
1,6,41,1,273,0
-5,-4,53,1,273,0
6,-6,259,1,273,0
5,-3,96,1,273,0
-2,4,134,1,273,0
3,-7,141,1,273,0
0,5,183,1,273,0
0,-8,186,1,273,0
5,0,202,1,273,0
-2,-5,209,1,273,0
3,8,219,1,273,0
8,3,227,1,273,0
-1,-2,229,1,273,0
7,2,236,1,273,0
1,-1,239,1,273,0
6,1,239,1,273,0
2,-4,257,1,273,0
2,7,272,1,273,0
8,-2,272,1,273,0
-8,-4,34,1,273,0
5,-4,98,1,273,0
6,-7,249,1,273,0
8,-3,182,1,273,0
8,4,123,1,273,0
2,8,129,1,273,0
3,-8,133,1,273,0
-1,4,168,1,273,0
4,-1,195,1,273,0
4,0,201,1,273,0
5,1,208,1,273,0
0,6,211,1,273,0
-2,5,225,1,273,0
-1,-3,226,1,273,0
-3,6,234,1,273,0
1,-2,238,1,273,0
7,3,237,1,273,0
6,2,248,1,273,0
2,-5,267,1,273,0
1,7,269,1,273,0
-4,7,271,1,273,0
1,8,69,1,273,0
-1,-4,78,1,273,0
1,-3,92,1,273,0
6,-8,101,1,273,0
8,-4,125,1,273,0
2,-6,149,1,273,0
8,5,168,1,273,0
4,1,169,1,273,0
3,0,193,1,273,0
7,4,201,1,273,0
4,-2,202,1,273,0
0,7,207,1,273,0
-1,5,219,1,273,0
-2,6,229,1,273,0
5,-5,233,1,273,0
6,3,242,1,273,0
5,2,249,1,273,0
-3,7,258,1,273,0
-4,8,263,1,273,0
7,-1,264,1,273,0
2,-7,29,1,274,0
7,-2,171,1,274,0
-2,7,52,1,274,0
-4,-4,59,1,274,0
5,-6,239,1,274,0
1,-4,86,1,274,0
-5,0,92,1,274,0
8,-5,121,1,274,0
4,2,161,1,274,0
2,0,176,1,274,0
3,1,184,1,274,0
7,5,192,1,274,0
0,8,199,1,274,0
-1,-5,208,1,274,0
-1,6,217,1,274,0
4,-3,246,1,274,0
0,-1,247,1,274,0
-3,8,255,1,274,0
5,3,257,1,274,0
6,4,272,1,274,0
8,6,272,1,274,0
-7,3,13,1,274,0
-6,2,21,1,274,0
-7,-4,39,1,274,0
-1,7,59,1,274,0
-4,0,89,1,274,0
-5,1,99,1,274,0
8,-6,111,1,274,0
5,-7,248,1,274,0
1,-5,158,1,274,0
1,0,169,1,274,0
2,1,179,1,274,0
3,2,189,1,274,0
3,-1,191,1,274,0
-1,-6,202,1,274,0
0,-2,237,1,274,0
4,-4,242,1,274,0
8,7,257,1,274,0
4,3,258,1,274,0
7,6,259,1,274,0
5,4,269,1,274,0
6,5,273,1,274,0
7,-3,273,1,274,0
-7,4,6,1,274,0
-1,8,58,1,274,0
-3,0,66,1,274,0
-5,2,106,1,274,0
8,-7,107,1,274,0
3,-2,108,1,274,0
5,-8,118,1,274,0
7,-4,271,1,274,0
1,-6,164,1,274,0
1,1,165,1,274,0
3,3,193,1,274,0
8,8,195,1,274,0
2,2,201,1,274,0
6,6,215,1,274,0
4,-5,232,1,274,0
6,-1,249,1,274,0
7,7,253,1,274,0
0,0,254,1,274,0
5,5,264,1,274,0
4,4,269,1,274,0
-7,5,9,1,274,0
1,-7,23,1,274,0
-4,2,34,1,274,0
-3,-4,65,1,274,0
0,-4,84,1,274,0
8,-8,99,1,274,0
-5,3,109,1,274,0
7,-5,274,1,274,0
6,-2,149,1,274,0
0,1,162,1,274,0
-1,-8,185,1,274,0
2,3,194,1,274,0
7,8,197,1,274,0
5,6,223,1,274,0
4,-6,224,1,274,0
1,2,237,1,274,0
6,7,241,1,274,0
3,-3,247,1,274,0
4,5,262,1,274,0
-2,0,263,1,274,0
-2,-1,271,1,274,0
3,4,273,1,274,0
9,1,3,1,274,0
-7,6,11,1,274,0
1,-8,17,1,274,0
-3,2,39,1,274,0
-6,-4,46,1,274,0
7,-6,222,1,274,0
-4,3,115,1,274,0
4,-7,129,1,274,0
8,0,163,1,274,0
6,-3,141,1,274,0
2,4,154,1,274,0
2,-1,177,1,274,0
3,5,201,1,274,0
1,3,233,1,274,0
5,7,236,1,274,0
6,8,237,1,274,0
3,-4,255,1,274,0
4,6,257,1,274,0
-1,0,261,1,274,0
-2,-2,273,1,274,0
0,2,273,1,274,0
-6,6,19,1,274,0
3,-5,35,1,274,0
7,-7,221,1,274,0
6,-4,106,1,274,0
2,-2,99,1,274,0
1,4,117,1,274,0
-4,4,118,1,274,0
7,0,158,1,274,0
-2,2,145,1,274,0
2,5,149,1,274,0
-1,1,154,1,274,0
5,-1,187,1,274,0
0,-6,197,1,274,0
3,6,208,1,274,0
-2,-3,219,1,274,0
8,1,224,1,274,0
5,8,235,1,274,0
4,7,249,1,274,0
6,-5,54,1,274,0
7,-8,213,1,274,0
2,-3,98,1,274,0
1,5,103,1,274,0
-3,4,126,1,274,0
-2,3,141,1,274,0
2,6,143,1,274,0
5,-2,146,1,274,0
-1,2,149,1,274,0
0,4,174,1,274,0
0,-7,193,1,274,0
-2,-4,217,1,274,0
3,7,225,1,274,0
8,2,229,1,274,0
7,1,233,1,274,0
4,8,244,1,274,0
6,0,247,1,274,0
8,-1,261,1,274,0
3,-6,273,1,274,0
-5,6,273,1,274,0
-1,3,4,1,274,0
-4,6,31,1,274,0
1,6,41,1,274,0
-5,-4,53,1,274,0
6,-6,259,1,274,0
5,-3,96,1,274,0
-2,4,134,1,274,0
3,-7,141,1,274,0
0,5,183,1,274,0
0,-8,186,1,274,0
5,0,202,1,274,0
-2,-5,209,1,274,0
3,8,219,1,274,0
8,3,227,1,274,0
-1,-2,229,1,274,0
7,2,236,1,274,0
1,-1,239,1,274,0
6,1,239,1,274,0
2,-4,257,1,274,0
2,7,272,1,274,0
8,-2,272,1,274,0
-8,-4,34,1,274,0
5,-4,98,1,274,0
6,-7,249,1,274,0
8,-3,182,1,274,0
8,4,123,1,274,0
2,8,129,1,274,0
3,-8,133,1,274,0
-1,4,168,1,274,0
4,-1,195,1,274,0
4,0,201,1,274,0
5,1,208,1,274,0
0,6,211,1,274,0
-2,5,225,1,274,0
-1,-3,226,1,274,0
-3,6,234,1,274,0
1,-2,238,1,274,0
7,3,237,1,274,0
6,2,248,1,274,0
2,-5,267,1,274,0
1,7,269,1,274,0
-4,7,272,1,274,0
1,8,69,1,274,0
-1,-4,78,1,274,0
1,-3,92,1,274,0
6,-8,101,1,274,0
8,-4,125,1,274,0
2,-6,149,1,274,0
8,5,168,1,274,0
4,1,169,1,274,0
3,0,193,1,274,0
7,4,201,1,274,0
4,-2,202,1,274,0
0,7,207,1,274,0
-1,5,219,1,274,0
-2,6,229,1,274,0
5,-5,233,1,274,0
6,3,242,1,274,0
5,2,249,1,274,0
-3,7,258,1,274,0
-4,8,263,1,274,0
7,-1,264,1,274,0
2,-7,29,1,275,0
7,-2,171,1,275,0
-2,7,52,1,275,0
-4,-4,59,1,275,0
5,-6,239,1,275,0
1,-4,86,1,275,0
-5,0,92,1,275,0
8,-5,121,1,275,0
4,2,161,1,275,0
2,0,176,1,275,0
3,1,184,1,275,0
7,5,192,1,275,0
0,8,199,1,275,0
-1,-5,208,1,275,0
-1,6,217,1,275,0
4,-3,246,1,275,0
0,-1,247,1,275,0
-3,8,255,1,275,0
5,3,257,1,275,0
6,4,272,1,275,0
8,6,273,1,275,0
-7,3,13,1,275,0
-6,2,21,1,275,0
-7,-4,39,1,275,0
-1,7,59,1,275,0
-4,0,89,1,275,0
-5,1,99,1,275,0
8,-6,111,1,275,0
5,-7,248,1,275,0
1,-5,158,1,275,0
1,0,169,1,275,0
2,1,179,1,275,0
3,2,189,1,275,0
3,-1,191,1,275,0
-1,-6,202,1,275,0
0,-2,237,1,275,0
4,-4,242,1,275,0
8,7,257,1,275,0
4,3,258,1,275,0
7,6,259,1,275,0
5,4,269,1,275,0
6,5,274,1,275,0
7,-3,274,1,275,0
-7,4,6,1,275,0
-1,8,58,1,275,0
-3,0,66,1,275,0
-5,2,106,1,275,0
8,-7,107,1,275,0
3,-2,108,1,275,0
5,-8,118,1,275,0
7,-4,271,1,275,0
1,-6,164,1,275,0
1,1,165,1,275,0
3,3,193,1,275,0
8,8,195,1,275,0
2,2,201,1,275,0
6,6,215,1,275,0
4,-5,232,1,275,0
6,-1,249,1,275,0
7,7,253,1,275,0
0,0,254,1,275,0
5,5,264,1,275,0
4,4,269,1,275,0
-7,5,9,1,275,0
1,-7,23,1,275,0
-4,2,34,1,275,0
-3,-4,65,1,275,0
0,-4,84,1,275,0
8,-8,99,1,275,0
-5,3,109,1,275,0
7,-5,275,1,275,0
6,-2,149,1,275,0
0,1,162,1,275,0
-1,-8,185,1,275,0
2,3,194,1,275,0
7,8,197,1,275,0
5,6,223,1,275,0
4,-6,224,1,275,0
1,2,237,1,275,0
6,7,241,1,275,0
3,-3,247,1,275,0
4,5,262,1,275,0
-2,0,263,1,275,0
-2,-1,271,1,275,0
3,4,274,1,275,0
9,1,3,1,275,0
-7,6,11,1,275,0
1,-8,17,1,275,0
-3,2,39,1,275,0
-6,-4,46,1,275,0
7,-6,222,1,275,0
-4,3,115,1,275,0
4,-7,129,1,275,0
8,0,163,1,275,0
6,-3,141,1,275,0
2,4,154,1,275,0
2,-1,177,1,275,0
3,5,201,1,275,0
1,3,233,1,275,0
5,7,236,1,275,0
6,8,237,1,275,0
3,-4,255,1,275,0
4,6,257,1,275,0
-1,0,261,1,275,0
-2,-2,274,1,275,0
0,2,274,1,275,0
-6,6,19,1,275,0
3,-5,35,1,275,0
7,-7,221,1,275,0
6,-4,106,1,275,0
2,-2,99,1,275,0
1,4,117,1,275,0
-4,4,118,1,275,0
7,0,158,1,275,0
-2,2,145,1,275,0
2,5,149,1,275,0
-1,1,154,1,275,0
5,-1,187,1,275,0
0,-6,197,1,275,0
3,6,208,1,275,0
-2,-3,219,1,275,0
8,1,224,1,275,0
5,8,235,1,275,0
4,7,249,1,275,0
6,-5,54,1,275,0
7,-8,213,1,275,0
2,-3,98,1,275,0
1,5,103,1,275,0
-3,4,126,1,275,0
-2,3,141,1,275,0
2,6,143,1,275,0
5,-2,146,1,275,0
-1,2,149,1,275,0
0,4,174,1,275,0
0,-7,193,1,275,0
-2,-4,217,1,275,0
3,7,225,1,275,0
8,2,229,1,275,0
7,1,233,1,275,0
4,8,244,1,275,0
6,0,247,1,275,0
8,-1,261,1,275,0
3,-6,274,1,275,0
-5,6,274,1,275,0
-1,3,4,1,275,0
-4,6,31,1,275,0
1,6,41,1,275,0
-5,-4,53,1,275,0
6,-6,259,1,275,0
5,-3,96,1,275,0
-2,4,134,1,275,0
3,-7,141,1,275,0
0,5,183,1,275,0
0,-8,186,1,275,0
5,0,202,1,275,0
-2,-5,209,1,275,0
3,8,219,1,275,0
8,3,227,1,275,0
-1,-2,229,1,275,0
7,2,236,1,275,0
1,-1,239,1,275,0
6,1,239,1,275,0
2,-4,257,1,275,0
8,-2,272,1,275,0
2,7,274,1,275,0
-8,-4,34,1,275,0
5,-4,98,1,275,0
6,-7,249,1,275,0
8,-3,182,1,275,0
8,4,123,1,275,0
2,8,129,1,275,0
3,-8,133,1,275,0
-1,4,168,1,275,0
4,-1,195,1,275,0
4,0,201,1,275,0
5,1,208,1,275,0
0,6,211,1,275,0
-2,5,225,1,275,0
-1,-3,226,1,275,0
-3,6,234,1,275,0
1,-2,238,1,275,0
7,3,237,1,275,0
6,2,248,1,275,0
2,-5,267,1,275,0
1,7,269,1,275,0
-4,7,272,1,275,0
1,8,69,1,275,0
-1,-4,78,1,275,0
1,-3,92,1,275,0
6,-8,101,1,275,0
8,-4,125,1,275,0
2,-6,149,1,275,0
8,5,168,1,275,0
4,1,169,1,275,0
3,0,193,1,275,0
7,4,201,1,275,0
4,-2,202,1,275,0
0,7,207,1,275,0
-1,5,219,1,275,0
-2,6,229,1,275,0
5,-5,233,1,275,0
6,3,242,1,275,0
5,2,249,1,275,0
-3,7,258,1,275,0
-4,8,263,1,275,0
7,-1,264,1,275,0
2,-7,29,1,276,0
7,-2,171,1,276,0
-2,7,52,1,276,0
-4,-4,59,1,276,0
5,-6,239,1,276,0
1,-4,86,1,276,0
-5,0,92,1,276,0
8,-5,121,1,276,0
4,2,161,1,276,0
2,0,176,1,276,0
3,1,184,1,276,0
7,5,192,1,276,0
0,8,199,1,276,0
-1,-5,208,1,276,0
-1,6,217,1,276,0
4,-3,246,1,276,0
0,-1,247,1,276,0
-3,8,255,1,276,0
5,3,257,1,276,0
6,4,272,1,276,0
8,6,274,1,276,0
-7,3,13,1,276,0
-6,2,21,1,276,0
-7,-4,39,1,276,0
-1,7,59,1,276,0
-4,0,89,1,276,0
-5,1,99,1,276,0
8,-6,111,1,276,0
5,-7,248,1,276,0
1,-5,158,1,276,0
1,0,169,1,276,0
2,1,179,1,276,0
3,2,189,1,276,0
3,-1,191,1,276,0
-1,-6,202,1,276,0
0,-2,237,1,276,0
4,-4,242,1,276,0
8,7,257,1,276,0
4,3,258,1,276,0
7,6,259,1,276,0
5,4,269,1,276,0
6,5,275,1,276,0
7,-3,275,1,276,0
-7,4,6,1,276,0
-1,8,58,1,276,0
-3,0,66,1,276,0
-5,2,106,1,276,0
8,-7,107,1,276,0
3,-2,108,1,276,0
5,-8,118,1,276,0
7,-4,276,1,276,0
1,-6,164,1,276,0
1,1,165,1,276,0
3,3,193,1,276,0
8,8,195,1,276,0
2,2,201,1,276,0
6,6,215,1,276,0
4,-5,232,1,276,0
6,-1,249,1,276,0
7,7,253,1,276,0
0,0,254,1,276,0
5,5,264,1,276,0
4,4,269,1,276,0
-7,5,9,1,276,0
1,-7,23,1,276,0
-4,2,34,1,276,0
-3,-4,65,1,276,0
0,-4,84,1,276,0
8,-8,99,1,276,0
-5,3,109,1,276,0
7,-5,275,1,276,0
6,-2,149,1,276,0
0,1,162,1,276,0
-1,-8,185,1,276,0
2,3,194,1,276,0
7,8,197,1,276,0
5,6,223,1,276,0
4,-6,224,1,276,0
1,2,237,1,276,0
6,7,241,1,276,0
3,-3,247,1,276,0
4,5,262,1,276,0
-2,0,263,1,276,0
-2,-1,271,1,276,0
3,4,275,1,276,0
9,1,3,1,276,0
-7,6,11,1,276,0
1,-8,17,1,276,0
-3,2,39,1,276,0
-6,-4,46,1,276,0
7,-6,222,1,276,0
-4,3,115,1,276,0
4,-7,129,1,276,0
8,0,163,1,276,0
6,-3,141,1,276,0
2,4,154,1,276,0
2,-1,177,1,276,0
3,5,201,1,276,0
1,3,233,1,276,0
5,7,236,1,276,0
6,8,237,1,276,0
3,-4,255,1,276,0
4,6,257,1,276,0
-1,0,261,1,276,0
-2,-2,275,1,276,0
0,2,275,1,276,0
-6,6,19,1,276,0
3,-5,35,1,276,0
7,-7,221,1,276,0
6,-4,106,1,276,0
2,-2,99,1,276,0
1,4,117,1,276,0
-4,4,118,1,276,0
7,0,158,1,276,0
-2,2,145,1,276,0
2,5,149,1,276,0
-1,1,154,1,276,0
5,-1,187,1,276,0
0,-6,197,1,276,0
3,6,208,1,276,0
-2,-3,219,1,276,0
8,1,224,1,276,0
5,8,235,1,276,0
4,7,249,1,276,0
6,-5,54,1,276,0
7,-8,213,1,276,0
2,-3,98,1,276,0
1,5,103,1,276,0
-3,4,126,1,276,0
-2,3,141,1,276,0
2,6,143,1,276,0
5,-2,146,1,276,0
-1,2,149,1,276,0
0,4,174,1,276,0
0,-7,193,1,276,0
-2,-4,217,1,276,0
3,7,225,1,276,0
8,2,229,1,276,0
7,1,233,1,276,0
4,8,244,1,276,0
6,0,247,1,276,0
8,-1,261,1,276,0
3,-6,275,1,276,0
-5,6,275,1,276,0
-1,3,4,1,276,0
-4,6,31,1,276,0
1,6,41,1,276,0
-5,-4,53,1,276,0
6,-6,259,1,276,0
5,-3,96,1,276,0
-2,4,134,1,276,0
3,-7,141,1,276,0
0,5,183,1,276,0
0,-8,186,1,276,0
5,0,202,1,276,0
-2,-5,209,1,276,0
3,8,219,1,276,0
8,3,227,1,276,0
-1,-2,229,1,276,0
7,2,236,1,276,0
1,-1,239,1,276,0
6,1,239,1,276,0
2,-4,257,1,276,0
8,-2,272,1,276,0
2,7,274,1,276,0
-8,-4,34,1,276,0
5,-4,98,1,276,0
6,-7,249,1,276,0
8,-3,182,1,276,0
8,4,123,1,276,0
2,8,129,1,276,0
3,-8,133,1,276,0
-1,4,168,1,276,0
4,-1,195,1,276,0
4,0,201,1,276,0
5,1,208,1,276,0
0,6,211,1,276,0
-2,5,225,1,276,0
-1,-3,226,1,276,0
-3,6,234,1,276,0
1,-2,238,1,276,0
7,3,237,1,276,0
6,2,248,1,276,0
2,-5,267,1,276,0
-4,7,272,1,276,0
1,7,275,1,276,0
1,8,69,1,276,0
-1,-4,78,1,276,0
1,-3,92,1,276,0
6,-8,101,1,276,0
8,-4,125,1,276,0
2,-6,149,1,276,0
8,5,168,1,276,0
4,1,169,1,276,0
3,0,193,1,276,0
7,4,201,1,276,0
4,-2,202,1,276,0
0,7,207,1,276,0
-1,5,219,1,276,0
-2,6,229,1,276,0
5,-5,233,1,276,0
6,3,242,1,276,0
5,2,249,1,276,0
-3,7,258,1,276,0
-4,8,263,1,276,0
7,-1,264,1,276,0
2,-7,29,1,277,0
7,-2,171,1,277,0
-2,7,52,1,277,0
-4,-4,59,1,277,0
5,-6,239,1,277,0
1,-4,86,1,277,0
-5,0,92,1,277,0
8,-5,121,1,277,0
4,2,161,1,277,0
2,0,176,1,277,0
3,1,184,1,277,0
7,5,192,1,277,0
0,8,199,1,277,0
-1,-5,208,1,277,0
-1,6,217,1,277,0
4,-3,246,1,277,0
0,-1,247,1,277,0
-3,8,255,1,277,0
5,3,257,1,277,0
6,4,272,1,277,0
-3,-1,276,1,277,0
8,6,275,1,277,0
-7,3,13,1,277,0
-6,2,21,1,277,0
-7,-4,39,1,277,0
-1,7,59,1,277,0
-4,0,89,1,277,0
-5,1,99,1,277,0
8,-6,111,1,277,0
5,-7,248,1,277,0
1,-5,158,1,277,0
1,0,169,1,277,0
2,1,179,1,277,0
3,2,189,1,277,0
3,-1,191,1,277,0
-1,-6,202,1,277,0
0,-2,237,1,277,0
4,-4,242,1,277,0
8,7,257,1,277,0
4,3,258,1,277,0
7,6,259,1,277,0
5,4,269,1,277,0
6,5,276,1,277,0
7,-3,276,1,277,0
-7,4,6,1,277,0
-1,8,58,1,277,0
-3,0,66,1,277,0
-5,2,106,1,277,0
8,-7,107,1,277,0
3,-2,108,1,277,0
5,-8,118,1,277,0
7,-4,277,1,277,0
1,-6,164,1,277,0
1,1,165,1,277,0
3,3,193,1,277,0
8,8,195,1,277,0
2,2,201,1,277,0
6,6,215,1,277,0
4,-5,232,1,277,0
6,-1,249,1,277,0
7,7,253,1,277,0
0,0,254,1,277,0
5,5,264,1,277,0
4,4,269,1,277,0
-7,5,9,1,277,0
1,-7,23,1,277,0
-4,2,34,1,277,0
-3,-4,65,1,277,0
0,-4,84,1,277,0
8,-8,99,1,277,0
-5,3,109,1,277,0
7,-5,275,1,277,0
6,-2,149,1,277,0
0,1,162,1,277,0
-1,-8,185,1,277,0
2,3,194,1,277,0
7,8,197,1,277,0
5,6,223,1,277,0
4,-6,224,1,277,0
1,2,237,1,277,0
6,7,241,1,277,0
3,-3,247,1,277,0
4,5,262,1,277,0
-2,0,263,1,277,0
-2,-1,271,1,277,0
3,4,275,1,277,0
9,1,3,1,277,0
-7,6,11,1,277,0
1,-8,17,1,277,0
-3,2,39,1,277,0
-6,-4,46,1,277,0
7,-6,222,1,277,0
-4,3,115,1,277,0
4,-7,129,1,277,0
8,0,163,1,277,0
6,-3,141,1,277,0
2,-1,177,1,277,0
3,5,201,1,277,0
1,3,233,1,277,0
5,7,236,1,277,0
6,8,237,1,277,0
3,-4,255,1,277,0
4,6,257,1,277,0
-1,0,261,1,277,0
-2,-2,275,1,277,0
2,4,276,1,277,0
0,2,276,1,277,0
-6,6,19,1,277,0
3,-5,35,1,277,0
7,-7,221,1,277,0
6,-4,106,1,277,0
2,-2,99,1,277,0
1,4,117,1,277,0
-4,4,118,1,277,0
7,0,158,1,277,0
-2,2,145,1,277,0
2,5,149,1,277,0
-1,1,154,1,277,0
5,-1,187,1,277,0
0,-6,197,1,277,0
3,6,208,1,277,0
-2,-3,219,1,277,0
8,1,224,1,277,0
5,8,235,1,277,0
4,7,249,1,277,0
6,-5,54,1,277,0
7,-8,213,1,277,0
2,-3,98,1,277,0
1,5,103,1,277,0
-3,4,126,1,277,0
-2,3,141,1,277,0
2,6,143,1,277,0
5,-2,146,1,277,0
-1,2,149,1,277,0
0,4,174,1,277,0
0,-7,193,1,277,0
-2,-4,217,1,277,0
3,7,225,1,277,0
8,2,229,1,277,0
7,1,233,1,277,0
4,8,244,1,277,0
6,0,247,1,277,0
8,-1,261,1,277,0
3,-6,275,1,277,0
-5,6,276,1,277,0
-1,3,4,1,277,0
-4,6,31,1,277,0
1,6,41,1,277,0
-5,-4,53,1,277,0
6,-6,259,1,277,0
5,-3,96,1,277,0
-2,4,134,1,277,0
0,5,183,1,277,0
0,-8,186,1,277,0
5,0,202,1,277,0
-2,-5,209,1,277,0
3,8,219,1,277,0
8,3,227,1,277,0
-1,-2,229,1,277,0
7,2,236,1,277,0
1,-1,239,1,277,0
6,1,239,1,277,0
2,-4,257,1,277,0
8,-2,272,1,277,0
2,7,274,1,277,0
3,-7,276,1,277,0
-8,-4,34,1,277,0
5,-4,98,1,277,0
6,-7,249,1,277,0
8,-3,182,1,277,0
8,4,123,1,277,0
2,8,129,1,277,0
3,-8,133,1,277,0
-1,4,168,1,277,0
4,-1,195,1,277,0
4,0,201,1,277,0
5,1,208,1,277,0
0,6,211,1,277,0
-2,5,225,1,277,0
-1,-3,226,1,277,0
-3,6,234,1,277,0
1,-2,238,1,277,0
7,3,237,1,277,0
6,2,248,1,277,0
2,-5,267,1,277,0
-4,7,272,1,277,0
1,7,276,1,277,0
1,8,69,1,277,0
-1,-4,78,1,277,0
1,-3,92,1,277,0
6,-8,101,1,277,0
8,-4,125,1,277,0
2,-6,149,1,277,0
8,5,168,1,277,0
4,1,169,1,277,0
3,0,193,1,277,0
7,4,201,1,277,0
4,-2,202,1,277,0
0,7,207,1,277,0
-1,5,219,1,277,0
-2,6,229,1,277,0
5,-5,233,1,277,0
6,3,242,1,277,0
5,2,249,1,277,0
-3,7,258,1,277,0
-4,8,263,1,277,0
7,-1,264,1,277,0
2,-7,29,1,278,0
7,-2,171,1,278,0
-2,7,52,1,278,0
-4,-4,59,1,278,0
5,-6,239,1,278,0
1,-4,86,1,278,0
-5,0,92,1,278,0
8,-5,121,1,278,0
4,2,161,1,278,0
2,0,176,1,278,0
3,1,184,1,278,0
7,5,192,1,278,0
0,8,199,1,278,0
-1,-5,208,1,278,0
-1,6,217,1,278,0
4,-3,246,1,278,0
0,-1,247,1,278,0
-3,8,255,1,278,0
5,3,257,1,278,0
6,4,272,1,278,0
-3,-1,277,1,278,0
8,6,276,1,278,0
-7,3,13,1,278,0
-6,2,21,1,278,0
-7,-4,39,1,278,0
-1,7,59,1,278,0
-4,0,89,1,278,0
-5,1,99,1,278,0
8,-6,111,1,278,0
5,-7,248,1,278,0
1,-5,158,1,278,0
1,0,169,1,278,0
2,1,179,1,278,0
3,2,189,1,278,0
3,-1,191,1,278,0
-1,-6,202,1,278,0
0,-2,237,1,278,0
4,-4,242,1,278,0
8,7,257,1,278,0
4,3,258,1,278,0
7,6,259,1,278,0
5,4,269,1,278,0
6,5,277,1,278,0
7,-3,277,1,278,0
-7,4,6,1,278,0
-1,8,58,1,278,0
-3,0,66,1,278,0
-5,2,106,1,278,0
8,-7,107,1,278,0
3,-2,108,1,278,0
5,-8,118,1,278,0
7,-4,278,1,278,0
1,-6,164,1,278,0
1,1,165,1,278,0
3,3,193,1,278,0
8,8,195,1,278,0
2,2,201,1,278,0
6,6,215,1,278,0
4,-5,232,1,278,0
6,-1,249,1,278,0
7,7,253,1,278,0
0,0,254,1,278,0
5,5,264,1,278,0
4,4,269,1,278,0
-7,5,9,1,278,0
1,-7,23,1,278,0
-4,2,34,1,278,0
-3,-4,65,1,278,0
0,-4,84,1,278,0
8,-8,99,1,278,0
-5,3,109,1,278,0
7,-5,275,1,278,0
6,-2,149,1,278,0
0,1,162,1,278,0
-1,-8,185,1,278,0
2,3,194,1,278,0
7,8,197,1,278,0
5,6,223,1,278,0
4,-6,224,1,278,0
1,2,237,1,278,0
6,7,241,1,278,0
3,-3,247,1,278,0
4,5,262,1,278,0
-2,0,263,1,278,0
-2,-1,271,1,278,0
3,4,275,1,278,0
9,1,3,1,278,0
-7,6,11,1,278,0
1,-8,17,1,278,0
-3,2,39,1,278,0
-6,-4,46,1,278,0
7,-6,222,1,278,0
-4,3,115,1,278,0
4,-7,129,1,278,0
8,0,163,1,278,0
6,-3,141,1,278,0
2,-1,177,1,278,0
3,5,201,1,278,0
1,3,233,1,278,0
5,7,236,1,278,0
6,8,237,1,278,0
3,-4,255,1,278,0
4,6,257,1,278,0
-1,0,261,1,278,0
-2,-2,275,1,278,0
2,4,277,1,278,0
0,2,277,1,278,0
-6,6,19,1,278,0
3,-5,35,1,278,0
7,-7,221,1,278,0
6,-4,106,1,278,0
2,-2,99,1,278,0
1,4,117,1,278,0
-4,4,118,1,278,0
7,0,158,1,278,0
-2,2,145,1,278,0
2,5,149,1,278,0
-1,1,154,1,278,0
5,-1,187,1,278,0
0,-6,197,1,278,0
3,6,208,1,278,0
-2,-3,219,1,278,0
8,1,224,1,278,0
5,8,235,1,278,0
4,7,249,1,278,0
6,-5,54,1,278,0
7,-8,213,1,278,0
2,-3,98,1,278,0
1,5,103,1,278,0
-3,4,126,1,278,0
-2,3,141,1,278,0
2,6,143,1,278,0
5,-2,146,1,278,0
-1,2,149,1,278,0
0,4,174,1,278,0
0,-7,193,1,278,0
-2,-4,217,1,278,0
3,7,225,1,278,0
8,2,229,1,278,0
7,1,233,1,278,0
4,8,244,1,278,0
6,0,247,1,278,0
8,-1,261,1,278,0
3,-6,275,1,278,0
-5,6,277,1,278,0
-1,3,4,1,278,0
-4,6,31,1,278,0
1,6,41,1,278,0
-5,-4,53,1,278,0
6,-6,259,1,278,0
5,-3,96,1,278,0
-2,4,134,1,278,0
0,5,183,1,278,0
0,-8,186,1,278,0
5,0,202,1,278,0
-2,-5,209,1,278,0
3,8,219,1,278,0
8,3,227,1,278,0
-1,-2,229,1,278,0
7,2,236,1,278,0
1,-1,239,1,278,0
6,1,239,1,278,0
2,-4,257,1,278,0
8,-2,272,1,278,0
2,7,274,1,278,0
3,-7,277,1,278,0
-8,-4,34,1,278,0
5,-4,98,1,278,0
6,-7,249,1,278,0
8,-3,182,1,278,0
8,4,123,1,278,0
2,8,129,1,278,0
3,-8,133,1,278,0
-1,4,168,1,278,0
4,-1,195,1,278,0
4,0,201,1,278,0
5,1,208,1,278,0
0,6,211,1,278,0
-2,5,225,1,278,0
-1,-3,226,1,278,0
-3,6,234,1,278,0
1,-2,238,1,278,0
7,3,237,1,278,0
6,2,248,1,278,0
2,-5,267,1,278,0
-4,7,272,1,278,0
1,7,277,1,278,0
1,8,69,1,278,0
-1,-4,78,1,278,0
1,-3,92,1,278,0
6,-8,101,1,278,0
8,-4,125,1,278,0
2,-6,149,1,278,0
8,5,168,1,278,0
4,1,169,1,278,0
3,0,193,1,278,0
7,4,201,1,278,0
4,-2,202,1,278,0
0,7,207,1,278,0
-1,5,219,1,278,0
-2,6,229,1,278,0
5,-5,233,1,278,0
6,3,242,1,278,0
5,2,249,1,278,0
-3,7,258,1,278,0
-4,8,263,1,278,0
7,-1,264,1,278,0
2,-7,29,1,279,0
7,-2,171,1,279,0
-2,7,52,1,279,0
-4,-4,59,1,279,0
5,-6,239,1,279,0
1,-4,86,1,279,0
-5,0,92,1,279,0
8,-5,121,1,279,0
4,2,161,1,279,0
2,0,176,1,279,0
3,1,184,1,279,0
0,8,199,1,279,0
-1,-5,208,1,279,0
-1,6,217,1,279,0
4,-3,246,1,279,0
0,-1,247,1,279,0
-3,8,255,1,279,0
5,3,257,1,279,0
6,4,272,1,279,0
-3,-1,278,1,279,0
7,5,278,1,279,0
8,6,277,1,279,0
-7,3,13,1,279,0
-6,2,21,1,279,0
-7,-4,39,1,279,0
-1,7,59,1,279,0
-4,0,89,1,279,0
-5,1,99,1,279,0
8,-6,111,1,279,0
5,-7,248,1,279,0
1,-5,158,1,279,0
1,0,169,1,279,0
2,1,179,1,279,0
3,2,189,1,279,0
3,-1,191,1,279,0
-1,-6,202,1,279,0
0,-2,237,1,279,0
4,-4,242,1,279,0
8,7,257,1,279,0
4,3,258,1,279,0
7,6,259,1,279,0
5,4,269,1,279,0
6,5,277,1,279,0
7,-3,278,1,279,0
-7,4,6,1,279,0
-1,8,58,1,279,0
-3,0,66,1,279,0
-5,2,106,1,279,0
8,-7,107,1,279,0
3,-2,108,1,279,0
5,-8,118,1,279,0
7,-4,278,1,279,0
1,-6,164,1,279,0
1,1,165,1,279,0
3,3,193,1,279,0
8,8,195,1,279,0
2,2,201,1,279,0
6,6,215,1,279,0
4,-5,232,1,279,0
6,-1,249,1,279,0
7,7,253,1,279,0
0,0,254,1,279,0
5,5,264,1,279,0
4,4,269,1,279,0
-7,5,9,1,279,0
1,-7,23,1,279,0
-4,2,34,1,279,0
-3,-4,65,1,279,0
0,-4,84,1,279,0
8,-8,99,1,279,0
-5,3,109,1,279,0
7,-5,279,1,279,0
6,-2,149,1,279,0
0,1,162,1,279,0
-1,-8,185,1,279,0
2,3,194,1,279,0
7,8,197,1,279,0
5,6,223,1,279,0
4,-6,224,1,279,0
1,2,237,1,279,0
6,7,241,1,279,0
3,-3,247,1,279,0
4,5,262,1,279,0
-2,0,263,1,279,0
-2,-1,271,1,279,0
3,4,275,1,279,0
9,1,3,1,279,0
-7,6,11,1,279,0
1,-8,17,1,279,0
-3,2,39,1,279,0
-6,-4,46,1,279,0
7,-6,222,1,279,0
-4,3,115,1,279,0
4,-7,129,1,279,0
8,0,163,1,279,0
6,-3,141,1,279,0
2,-1,177,1,279,0
3,5,201,1,279,0
1,3,233,1,279,0
5,7,236,1,279,0
6,8,237,1,279,0
3,-4,255,1,279,0
4,6,257,1,279,0
-1,0,261,1,279,0
-2,-2,275,1,279,0
2,4,277,1,279,0
0,2,278,1,279,0
-6,6,19,1,279,0
3,-5,35,1,279,0
7,-7,221,1,279,0
6,-4,106,1,279,0
2,-2,99,1,279,0
1,4,117,1,279,0
-4,4,118,1,279,0
7,0,158,1,279,0
-2,2,145,1,279,0
-1,1,154,1,279,0
5,-1,187,1,279,0
0,-6,197,1,279,0
3,6,208,1,279,0
-2,-3,219,1,279,0
8,1,224,1,279,0
5,8,235,1,279,0
4,7,249,1,279,0
2,5,278,1,279,0
6,-5,54,1,279,0
7,-8,213,1,279,0
2,-3,98,1,279,0
1,5,103,1,279,0
-3,4,126,1,279,0
-2,3,141,1,279,0
2,6,143,1,279,0
5,-2,146,1,279,0
-1,2,149,1,279,0
0,4,174,1,279,0
0,-7,193,1,279,0
-2,-4,217,1,279,0
3,7,225,1,279,0
8,2,229,1,279,0
7,1,233,1,279,0
4,8,244,1,279,0
6,0,247,1,279,0
8,-1,261,1,279,0
3,-6,275,1,279,0
-5,6,278,1,279,0
-1,3,4,1,279,0
-4,6,31,1,279,0
1,6,41,1,279,0
-5,-4,53,1,279,0
6,-6,259,1,279,0
5,-3,96,1,279,0
-2,4,134,1,279,0
0,5,183,1,279,0
0,-8,186,1,279,0
5,0,202,1,279,0
-2,-5,209,1,279,0
3,8,219,1,279,0
8,3,227,1,279,0
-1,-2,229,1,279,0
7,2,236,1,279,0
1,-1,239,1,279,0
6,1,239,1,279,0
2,-4,257,1,279,0
8,-2,272,1,279,0
2,7,274,1,279,0
3,-7,278,1,279,0
-8,-4,34,1,279,0
5,-4,98,1,279,0
6,-7,249,1,279,0
8,-3,182,1,279,0
8,4,123,1,279,0
2,8,129,1,279,0
3,-8,133,1,279,0
-1,4,168,1,279,0
4,-1,195,1,279,0
4,0,201,1,279,0
5,1,208,1,279,0
0,6,211,1,279,0
-2,5,225,1,279,0
-1,-3,226,1,279,0
-3,6,234,1,279,0
1,-2,238,1,279,0
7,3,237,1,279,0
6,2,248,1,279,0
2,-5,267,1,279,0
-4,7,272,1,279,0
1,7,278,1,279,0
1,8,69,1,279,0
-1,-4,78,1,279,0
1,-3,92,1,279,0
6,-8,101,1,279,0
8,-4,125,1,279,0
2,-6,149,1,279,0
8,5,168,1,279,0
4,1,169,1,279,0
3,0,193,1,279,0
7,4,201,1,279,0
4,-2,202,1,279,0
0,7,207,1,279,0
-1,5,219,1,279,0
-2,6,229,1,279,0
5,-5,233,1,279,0
6,3,242,1,279,0
5,2,249,1,279,0
-3,7,258,1,279,0
-4,8,263,1,279,0
7,-1,264,1,279,0
2,-7,29,1,280,0
7,-2,171,1,280,0
-2,7,52,1,280,0
-4,-4,59,1,280,0
5,-6,239,1,280,0
1,-4,86,1,280,0
-5,0,92,1,280,0
8,-5,121,1,280,0
4,2,161,1,280,0
2,0,176,1,280,0
3,1,184,1,280,0
0,8,199,1,280,0
-1,-5,208,1,280,0
-1,6,217,1,280,0
4,-3,246,1,280,0
0,-1,247,1,280,0
-3,8,255,1,280,0
5,3,257,1,280,0
6,4,272,1,280,0
-3,-1,279,1,280,0
7,5,279,1,280,0
8,6,278,1,280,0
-7,3,13,1,280,0
-6,2,21,1,280,0
-7,-4,39,1,280,0
-1,7,59,1,280,0
-4,0,89,1,280,0
-5,1,99,1,280,0
8,-6,111,1,280,0
5,-7,248,1,280,0
1,-5,158,1,280,0
1,0,169,1,280,0
2,1,179,1,280,0
3,2,189,1,280,0
3,-1,191,1,280,0
-1,-6,202,1,280,0
0,-2,237,1,280,0
4,-4,242,1,280,0
8,7,257,1,280,0
4,3,258,1,280,0
7,6,259,1,280,0
5,4,269,1,280,0
6,5,277,1,280,0
7,-3,279,1,280,0
-7,4,6,1,280,0
-1,8,58,1,280,0
-3,0,66,1,280,0
-5,2,106,1,280,0
8,-7,107,1,280,0
3,-2,108,1,280,0
5,-8,118,1,280,0
7,-4,278,1,280,0
1,-6,164,1,280,0
1,1,165,1,280,0
3,3,193,1,280,0
8,8,195,1,280,0
2,2,201,1,280,0
6,6,215,1,280,0
4,-5,232,1,280,0
6,-1,249,1,280,0
7,7,253,1,280,0
0,0,254,1,280,0
5,5,264,1,280,0
4,4,269,1,280,0
-7,5,9,1,280,0
1,-7,23,1,280,0
-4,2,34,1,280,0
-3,-4,65,1,280,0
0,-4,84,1,280,0
8,-8,99,1,280,0
-5,3,109,1,280,0
7,-5,279,1,280,0
6,-2,149,1,280,0
0,1,162,1,280,0
-1,-8,185,1,280,0
2,3,194,1,280,0
7,8,197,1,280,0
5,6,223,1,280,0
4,-6,224,1,280,0
1,2,237,1,280,0
6,7,241,1,280,0
3,-3,247,1,280,0
4,5,262,1,280,0
-2,0,263,1,280,0
-2,-1,271,1,280,0
3,4,275,1,280,0
9,1,3,1,280,0
-7,6,11,1,280,0
1,-8,17,1,280,0
-3,2,39,1,280,0
-6,-4,46,1,280,0
7,-6,222,1,280,0
-4,3,115,1,280,0
4,-7,129,1,280,0
8,0,163,1,280,0
6,-3,141,1,280,0
2,-1,177,1,280,0
3,5,201,1,280,0
1,3,233,1,280,0
5,7,236,1,280,0
6,8,237,1,280,0
3,-4,255,1,280,0
4,6,257,1,280,0
-1,0,261,1,280,0
-2,-2,275,1,280,0
2,4,277,1,280,0
0,2,279,1,280,0
-6,6,19,1,280,0
3,-5,35,1,280,0
7,-7,221,1,280,0
6,-4,106,1,280,0
2,-2,99,1,280,0
1,4,117,1,280,0
-4,4,118,1,280,0
7,0,158,1,280,0
-2,2,145,1,280,0
-1,1,154,1,280,0
5,-1,187,1,280,0
0,-6,197,1,280,0
3,6,208,1,280,0
-2,-3,219,1,280,0
8,1,224,1,280,0
5,8,235,1,280,0
4,7,249,1,280,0
2,5,279,1,280,0
6,-5,54,1,280,0
7,-8,213,1,280,0
2,-3,98,1,280,0
1,5,103,1,280,0
-3,4,126,1,280,0
-2,3,141,1,280,0
2,6,143,1,280,0
5,-2,146,1,280,0
-1,2,149,1,280,0
0,4,174,1,280,0
0,-7,193,1,280,0
-2,-4,217,1,280,0
3,7,225,1,280,0
8,2,229,1,280,0
7,1,233,1,280,0
4,8,244,1,280,0
6,0,247,1,280,0
8,-1,261,1,280,0
3,-6,275,1,280,0
-5,6,279,1,280,0
-1,3,4,1,280,0
-4,6,31,1,280,0
1,6,41,1,280,0
-5,-4,53,1,280,0
6,-6,259,1,280,0
5,-3,96,1,280,0
-2,4,134,1,280,0
0,5,183,1,280,0
0,-8,186,1,280,0
5,0,202,1,280,0
-2,-5,209,1,280,0
3,8,219,1,280,0
8,3,227,1,280,0
-1,-2,229,1,280,0
7,2,236,1,280,0
1,-1,239,1,280,0
6,1,239,1,280,0
2,-4,257,1,280,0
8,-2,272,1,280,0
3,-7,279,1,280,0
2,7,279,1,280,0
-8,-4,34,1,280,0
5,-4,98,1,280,0
6,-7,249,1,280,0
8,-3,182,1,280,0
8,4,123,1,280,0
2,8,129,1,280,0
3,-8,133,1,280,0
-1,4,168,1,280,0
4,-1,195,1,280,0
4,0,201,1,280,0
5,1,208,1,280,0
0,6,211,1,280,0
-2,5,225,1,280,0
-1,-3,226,1,280,0
-3,6,234,1,280,0
1,-2,238,1,280,0
7,3,237,1,280,0
6,2,248,1,280,0
2,-5,267,1,280,0
-4,7,272,1,280,0
1,7,278,1,280,0
1,8,69,1,280,0
-1,-4,78,1,280,0
1,-3,92,1,280,0
6,-8,101,1,280,0
8,-4,125,1,280,0
2,-6,149,1,280,0
8,5,168,1,280,0
4,1,169,1,280,0
3,0,193,1,280,0
7,4,201,1,280,0
4,-2,202,1,280,0
0,7,207,1,280,0
-1,5,219,1,280,0
-2,6,229,1,280,0
5,-5,233,1,280,0
6,3,242,1,280,0
5,2,249,1,280,0
-3,7,258,1,280,0
-4,8,263,1,280,0
7,-1,264,1,280,0
2,-7,29,1,281,0
7,-2,171,1,281,0
-2,7,52,1,281,0
-4,-4,59,1,281,0
5,-6,239,1,281,0
1,-4,86,1,281,0
-5,0,92,1,281,0
8,-5,121,1,281,0
4,2,161,1,281,0
2,0,176,1,281,0
3,1,184,1,281,0
0,8,199,1,281,0
-1,-5,208,1,281,0
-1,6,217,1,281,0
4,-3,246,1,281,0
0,-1,247,1,281,0
-3,8,255,1,281,0
5,3,257,1,281,0
6,4,272,1,281,0
-3,-1,279,1,281,0
7,5,279,1,281,0
8,6,279,1,281,0
-7,3,13,1,281,0
-6,2,21,1,281,0
-7,-4,39,1,281,0
-1,7,59,1,281,0
-4,0,89,1,281,0
-5,1,99,1,281,0
8,-6,111,1,281,0
5,-7,248,1,281,0
1,-5,158,1,281,0
1,0,169,1,281,0
2,1,179,1,281,0
3,2,189,1,281,0
3,-1,191,1,281,0
-1,-6,202,1,281,0
0,-2,237,1,281,0
4,-4,242,1,281,0
8,7,257,1,281,0
4,3,258,1,281,0
7,6,259,1,281,0
5,4,269,1,281,0
6,5,277,1,281,0
7,-3,279,1,281,0
-7,4,6,1,281,0
-1,8,58,1,281,0
-3,0,66,1,281,0
-5,2,106,1,281,0
8,-7,107,1,281,0
3,-2,108,1,281,0
5,-8,118,1,281,0
7,-4,278,1,281,0
1,-6,164,1,281,0
1,1,165,1,281,0
3,3,193,1,281,0
8,8,195,1,281,0
2,2,201,1,281,0
6,6,215,1,281,0
4,-5,232,1,281,0
6,-1,249,1,281,0
7,7,253,1,281,0
0,0,254,1,281,0
5,5,264,1,281,0
4,4,269,1,281,0
-7,5,9,1,281,0
1,-7,23,1,281,0
-4,2,34,1,281,0
-3,-4,65,1,281,0
0,-4,84,1,281,0
8,-8,99,1,281,0
-5,3,109,1,281,0
7,-5,281,1,281,0
6,-2,149,1,281,0
0,1,162,1,281,0
-1,-8,185,1,281,0
2,3,194,1,281,0
7,8,197,1,281,0
5,6,223,1,281,0
4,-6,224,1,281,0
1,2,237,1,281,0
6,7,241,1,281,0
3,-3,247,1,281,0
4,5,262,1,281,0
-2,0,263,1,281,0
-2,-1,271,1,281,0
3,4,275,1,281,0
9,1,3,1,281,0
-7,6,11,1,281,0
1,-8,17,1,281,0
-3,2,39,1,281,0
-6,-4,46,1,281,0
7,-6,222,1,281,0
-4,3,115,1,281,0
4,-7,129,1,281,0
8,0,163,1,281,0
6,-3,141,1,281,0
2,-1,177,1,281,0
3,5,201,1,281,0
1,3,233,1,281,0
5,7,236,1,281,0
6,8,237,1,281,0
3,-4,255,1,281,0
4,6,257,1,281,0
-1,0,261,1,281,0
-2,-2,275,1,281,0
2,4,277,1,281,0
0,2,279,1,281,0
-6,6,19,1,281,0
3,-5,35,1,281,0
7,-7,221,1,281,0
6,-4,106,1,281,0
2,-2,99,1,281,0
1,4,117,1,281,0
-4,4,118,1,281,0
7,0,158,1,281,0
-2,2,145,1,281,0
-1,1,154,1,281,0
5,-1,187,1,281,0
0,-6,197,1,281,0
3,6,208,1,281,0
-2,-3,219,1,281,0
8,1,224,1,281,0
5,8,235,1,281,0
4,7,249,1,281,0
2,5,279,1,281,0
6,-5,54,1,281,0
7,-8,213,1,281,0
2,-3,98,1,281,0
1,5,103,1,281,0
-3,4,126,1,281,0
-2,3,141,1,281,0
2,6,143,1,281,0
5,-2,146,1,281,0
-1,2,149,1,281,0
0,4,174,1,281,0
0,-7,193,1,281,0
-2,-4,217,1,281,0
3,7,225,1,281,0
8,2,229,1,281,0
7,1,233,1,281,0
4,8,244,1,281,0
6,0,247,1,281,0
8,-1,261,1,281,0
3,-6,275,1,281,0
-5,6,279,1,281,0
-1,3,4,1,281,0
-4,6,31,1,281,0
1,6,41,1,281,0
-5,-4,53,1,281,0
6,-6,259,1,281,0
5,-3,96,1,281,0
-2,4,134,1,281,0
0,5,183,1,281,0
0,-8,186,1,281,0
5,0,202,1,281,0
-2,-5,209,1,281,0
3,8,219,1,281,0
8,3,227,1,281,0
-1,-2,229,1,281,0
7,2,236,1,281,0
1,-1,239,1,281,0
6,1,239,1,281,0
2,-4,257,1,281,0
8,-2,272,1,281,0
3,-7,279,1,281,0
2,7,279,1,281,0
-8,-4,34,1,281,0
5,-4,98,1,281,0
6,-7,249,1,281,0
8,-3,182,1,281,0
8,4,123,1,281,0
2,8,129,1,281,0
3,-8,133,1,281,0
-1,4,168,1,281,0
4,-1,195,1,281,0
4,0,201,1,281,0
5,1,208,1,281,0
0,6,211,1,281,0
-2,5,225,1,281,0
-1,-3,226,1,281,0
-3,6,234,1,281,0
1,-2,238,1,281,0
7,3,237,1,281,0
6,2,248,1,281,0
2,-5,267,1,281,0
-4,7,272,1,281,0
1,7,278,1,281,0
1,8,69,1,281,0
-1,-4,78,1,281,0
1,-3,92,1,281,0
6,-8,101,1,281,0
8,-4,125,1,281,0
2,-6,149,1,281,0
8,5,168,1,281,0
4,1,169,1,281,0
3,0,193,1,281,0
7,4,201,1,281,0
4,-2,202,1,281,0
0,7,207,1,281,0
-1,5,219,1,281,0
-2,6,229,1,281,0
5,-5,233,1,281,0
6,3,242,1,281,0
5,2,249,1,281,0
-3,7,258,1,281,0
-4,8,263,1,281,0
7,-1,264,1,281,0
2,-7,29,1,282,0
7,-2,171,1,282,0
-2,7,52,1,282,0
-4,-4,59,1,282,0
5,-6,239,1,282,0
1,-4,86,1,282,0
-5,0,92,1,282,0
8,-5,121,1,282,0
4,2,161,1,282,0
2,0,176,1,282,0
3,1,184,1,282,0
0,8,199,1,282,0
-1,-5,208,1,282,0
-1,6,217,1,282,0
4,-3,246,1,282,0
0,-1,247,1,282,0
-3,8,255,1,282,0
5,3,257,1,282,0
6,4,272,1,282,0
-3,-1,279,1,282,0
8,6,279,1,282,0
7,5,281,1,282,0
-7,3,13,1,282,0
-6,2,21,1,282,0
-7,-4,39,1,282,0
-1,7,59,1,282,0
-4,0,89,1,282,0
-5,1,99,1,282,0
8,-6,111,1,282,0
5,-7,248,1,282,0
1,-5,158,1,282,0
1,0,169,1,282,0
2,1,179,1,282,0
3,2,189,1,282,0
3,-1,191,1,282,0
-1,-6,202,1,282,0
0,-2,237,1,282,0
4,-4,242,1,282,0
8,7,257,1,282,0
4,3,258,1,282,0
7,6,259,1,282,0
5,4,269,1,282,0
6,5,277,1,282,0
7,-3,279,1,282,0
-3,-2,281,1,282,0
-7,4,6,1,282,0
-1,8,58,1,282,0
-3,0,66,1,282,0
-5,2,106,1,282,0
8,-7,107,1,282,0
3,-2,108,1,282,0
5,-8,118,1,282,0
7,-4,278,1,282,0
1,-6,164,1,282,0
1,1,165,1,282,0
3,3,193,1,282,0
8,8,195,1,282,0
2,2,201,1,282,0
6,6,215,1,282,0
4,-5,232,1,282,0
6,-1,249,1,282,0
7,7,253,1,282,0
0,0,254,1,282,0
5,5,264,1,282,0
4,4,269,1,282,0
-7,5,9,1,282,0
1,-7,23,1,282,0
-4,2,34,1,282,0
-3,-4,65,1,282,0
0,-4,84,1,282,0
8,-8,99,1,282,0
-5,3,109,1,282,0
7,-5,282,1,282,0
6,-2,149,1,282,0
0,1,162,1,282,0
-1,-8,185,1,282,0
2,3,194,1,282,0
7,8,197,1,282,0
5,6,223,1,282,0
4,-6,224,1,282,0
1,2,237,1,282,0
6,7,241,1,282,0
3,-3,247,1,282,0
4,5,262,1,282,0
-2,0,263,1,282,0
-2,-1,271,1,282,0
3,4,275,1,282,0
9,1,3,1,282,0
-7,6,11,1,282,0
1,-8,17,1,282,0
-3,2,39,1,282,0
-6,-4,46,1,282,0
7,-6,222,1,282,0
-4,3,115,1,282,0
4,-7,129,1,282,0
8,0,163,1,282,0
2,-1,177,1,282,0
3,5,201,1,282,0
1,3,233,1,282,0
5,7,236,1,282,0
6,8,237,1,282,0
3,-4,255,1,282,0
4,6,257,1,282,0
-1,0,261,1,282,0
-2,-2,275,1,282,0
2,4,277,1,282,0
0,2,281,1,282,0
6,-3,281,1,282,0
-6,6,19,1,282,0
3,-5,35,1,282,0
7,-7,221,1,282,0
6,-4,106,1,282,0
2,-2,99,1,282,0
1,4,117,1,282,0
-4,4,118,1,282,0
7,0,158,1,282,0
-2,2,145,1,282,0
-1,1,154,1,282,0
5,-1,187,1,282,0
0,-6,197,1,282,0
3,6,208,1,282,0
-2,-3,219,1,282,0
8,1,224,1,282,0
5,8,235,1,282,0
4,7,249,1,282,0
2,5,281,1,282,0
-5,5,281,1,282,0
6,-5,54,1,282,0
7,-8,213,1,282,0
2,-3,98,1,282,0
1,5,103,1,282,0
-3,4,126,1,282,0
-2,3,141,1,282,0
2,6,143,1,282,0
5,-2,146,1,282,0
-1,2,149,1,282,0
0,4,174,1,282,0
0,-7,193,1,282,0
-2,-4,217,1,282,0
3,7,225,1,282,0
8,2,229,1,282,0
7,1,233,1,282,0
4,8,244,1,282,0
6,0,247,1,282,0
8,-1,261,1,282,0
3,-6,275,1,282,0
-5,6,279,1,282,0
-1,3,4,1,282,0
-4,6,31,1,282,0
1,6,41,1,282,0
-5,-4,53,1,282,0
6,-6,259,1,282,0
5,-3,96,1,282,0
-2,4,134,1,282,0
0,5,183,1,282,0
0,-8,186,1,282,0
5,0,202,1,282,0
-2,-5,209,1,282,0
3,8,219,1,282,0
8,3,227,1,282,0
-1,-2,229,1,282,0
7,2,236,1,282,0
1,-1,239,1,282,0
6,1,239,1,282,0
2,-4,257,1,282,0
8,-2,272,1,282,0
3,-7,281,1,282,0
2,7,281,1,282,0
-8,-4,34,1,282,0
5,-4,98,1,282,0
6,-7,249,1,282,0
8,-3,182,1,282,0
8,4,123,1,282,0
2,8,129,1,282,0
3,-8,133,1,282,0
-1,4,168,1,282,0
4,-1,195,1,282,0
4,0,201,1,282,0
5,1,208,1,282,0
0,6,211,1,282,0
-2,5,225,1,282,0
-1,-3,226,1,282,0
-3,6,234,1,282,0
1,-2,238,1,282,0
7,3,237,1,282,0
6,2,248,1,282,0
2,-5,267,1,282,0
-4,7,272,1,282,0
1,7,278,1,282,0
1,8,69,1,282,0
-1,-4,78,1,282,0
1,-3,92,1,282,0
6,-8,101,1,282,0
8,-4,125,1,282,0
2,-6,149,1,282,0
8,5,168,1,282,0
4,1,169,1,282,0
3,0,193,1,282,0
7,4,201,1,282,0
4,-2,202,1,282,0
0,7,207,1,282,0
-1,5,219,1,282,0
-2,6,229,1,282,0
5,-5,233,1,282,0
6,3,242,1,282,0
5,2,249,1,282,0
-3,7,258,1,282,0
-4,8,263,1,282,0
7,-1,264,1,282,0
2,-7,29,1,283,0
7,-2,171,1,283,0
-2,7,52,1,283,0
-4,-4,59,1,283,0
5,-6,239,1,283,0
1,-4,86,1,283,0
-5,0,92,1,283,0
8,-5,121,1,283,0
4,2,161,1,283,0
2,0,176,1,283,0
3,1,184,1,283,0
0,8,199,1,283,0
-1,-5,208,1,283,0
-1,6,217,1,283,0
4,-3,246,1,283,0
0,-1,247,1,283,0
-3,8,255,1,283,0
5,3,257,1,283,0
6,4,272,1,283,0
-3,-1,279,1,283,0
8,6,281,1,283,0
7,5,282,1,283,0
-7,3,13,1,283,0
-6,2,21,1,283,0
-7,-4,39,1,283,0
-1,7,59,1,283,0
-4,0,89,1,283,0
-5,1,99,1,283,0
8,-6,111,1,283,0
5,-7,248,1,283,0
1,-5,158,1,283,0
1,0,169,1,283,0
2,1,179,1,283,0
3,2,189,1,283,0
3,-1,191,1,283,0
-1,-6,202,1,283,0
0,-2,237,1,283,0
4,-4,242,1,283,0
8,7,257,1,283,0
4,3,258,1,283,0
7,6,259,1,283,0
5,4,269,1,283,0
6,5,277,1,283,0
7,-3,279,1,283,0
-3,-2,282,1,283,0
-7,4,6,1,283,0
-1,8,58,1,283,0
-3,0,66,1,283,0
-5,2,106,1,283,0
8,-7,107,1,283,0
3,-2,108,1,283,0
5,-8,118,1,283,0
7,-4,278,1,283,0
1,-6,164,1,283,0
1,1,165,1,283,0
3,3,193,1,283,0
8,8,195,1,283,0
2,2,201,1,283,0
6,6,215,1,283,0
4,-5,232,1,283,0
6,-1,249,1,283,0
7,7,253,1,283,0
0,0,254,1,283,0
5,5,264,1,283,0
4,4,269,1,283,0
-7,5,9,1,283,0
1,-7,23,1,283,0
-4,2,34,1,283,0
-3,-4,65,1,283,0
0,-4,84,1,283,0
8,-8,99,1,283,0
-5,3,109,1,283,0
7,-5,283,1,283,0
6,-2,149,1,283,0
0,1,162,1,283,0
-1,-8,185,1,283,0
2,3,194,1,283,0
7,8,197,1,283,0
5,6,223,1,283,0
4,-6,224,1,283,0
1,2,237,1,283,0
6,7,241,1,283,0
3,-3,247,1,283,0
4,5,262,1,283,0
-2,0,263,1,283,0
-2,-1,271,1,283,0
3,4,275,1,283,0
9,1,3,1,283,0
-7,6,11,1,283,0
1,-8,17,1,283,0
-3,2,39,1,283,0
-6,-4,46,1,283,0
7,-6,222,1,283,0
-4,3,115,1,283,0
4,-7,129,1,283,0
8,0,163,1,283,0
2,-1,177,1,283,0
3,5,201,1,283,0
1,3,233,1,283,0
5,7,236,1,283,0
6,8,237,1,283,0
3,-4,255,1,283,0
4,6,257,1,283,0
-1,0,261,1,283,0
-2,-2,275,1,283,0
2,4,277,1,283,0
0,2,282,1,283,0
6,-3,282,1,283,0
-6,6,19,1,283,0
3,-5,35,1,283,0
7,-7,221,1,283,0
6,-4,106,1,283,0
2,-2,99,1,283,0
1,4,117,1,283,0
-4,4,118,1,283,0
7,0,158,1,283,0
-2,2,145,1,283,0
-1,1,154,1,283,0
5,-1,187,1,283,0
0,-6,197,1,283,0
3,6,208,1,283,0
-2,-3,219,1,283,0
8,1,224,1,283,0
5,8,235,1,283,0
4,7,249,1,283,0
2,5,282,1,283,0
-5,5,282,1,283,0
6,-5,54,1,283,0
7,-8,213,1,283,0
2,-3,98,1,283,0
1,5,103,1,283,0
-3,4,126,1,283,0
-2,3,141,1,283,0
2,6,143,1,283,0
5,-2,146,1,283,0
-1,2,149,1,283,0
0,4,174,1,283,0
0,-7,193,1,283,0
-2,-4,217,1,283,0
3,7,225,1,283,0
8,2,229,1,283,0
7,1,233,1,283,0
4,8,244,1,283,0
6,0,247,1,283,0
8,-1,261,1,283,0
3,-6,275,1,283,0
-5,6,279,1,283,0
-1,3,4,1,283,0
-4,6,31,1,283,0
1,6,41,1,283,0
-5,-4,53,1,283,0
6,-6,259,1,283,0
5,-3,96,1,283,0
-2,4,134,1,283,0
0,5,183,1,283,0
0,-8,186,1,283,0
5,0,202,1,283,0
-2,-5,209,1,283,0
3,8,219,1,283,0
8,3,227,1,283,0
-1,-2,229,1,283,0
7,2,236,1,283,0
1,-1,239,1,283,0
6,1,239,1,283,0
2,-4,257,1,283,0
8,-2,272,1,283,0
3,-7,281,1,283,0
2,7,282,1,283,0
-8,-4,34,1,283,0
5,-4,98,1,283,0
6,-7,249,1,283,0
8,-3,182,1,283,0
8,4,123,1,283,0
2,8,129,1,283,0
-1,4,168,1,283,0
4,-1,195,1,283,0
4,0,201,1,283,0
5,1,208,1,283,0
0,6,211,1,283,0
-2,5,225,1,283,0
-1,-3,226,1,283,0
-3,6,234,1,283,0
1,-2,238,1,283,0
7,3,237,1,283,0
6,2,248,1,283,0
2,-5,267,1,283,0
-4,7,272,1,283,0
1,7,278,1,283,0
3,-8,282,1,283,0
1,8,69,1,283,0
-1,-4,78,1,283,0
1,-3,92,1,283,0
6,-8,101,1,283,0
8,-4,125,1,283,0
2,-6,149,1,283,0
8,5,168,1,283,0
4,1,169,1,283,0
3,0,193,1,283,0
7,4,201,1,283,0
4,-2,202,1,283,0
0,7,207,1,283,0
-1,5,219,1,283,0
-2,6,229,1,283,0
5,-5,233,1,283,0
6,3,242,1,283,0
5,2,249,1,283,0
-3,7,258,1,283,0
-4,8,263,1,283,0
7,-1,264,1,283,0
2,-7,29,1,284,0
7,-2,171,1,284,0
-2,7,52,1,284,0
-4,-4,59,1,284,0
5,-6,239,1,284,0
1,-4,86,1,284,0
-5,0,92,1,284,0
8,-5,121,1,284,0
4,2,161,1,284,0
2,0,176,1,284,0
3,1,184,1,284,0
0,8,199,1,284,0
-1,-5,208,1,284,0
-1,6,217,1,284,0
4,-3,246,1,284,0
0,-1,247,1,284,0
-3,8,255,1,284,0
5,3,257,1,284,0
6,4,272,1,284,0
-3,-1,279,1,284,0
8,6,282,1,284,0
7,5,283,1,284,0
-7,3,13,1,284,0
-6,2,21,1,284,0
-7,-4,39,1,284,0
-1,7,59,1,284,0
-4,0,89,1,284,0
-5,1,99,1,284,0
8,-6,111,1,284,0
5,-7,248,1,284,0
1,-5,158,1,284,0
1,0,169,1,284,0
2,1,179,1,284,0
3,2,189,1,284,0
3,-1,191,1,284,0
-1,-6,202,1,284,0
0,-2,237,1,284,0
4,-4,242,1,284,0
8,7,257,1,284,0
4,3,258,1,284,0
7,6,259,1,284,0
5,4,269,1,284,0
6,5,277,1,284,0
7,-3,279,1,284,0
-3,-2,283,1,284,0
-7,4,6,1,284,0
-1,8,58,1,284,0
-3,0,66,1,284,0
-5,2,106,1,284,0
8,-7,107,1,284,0
3,-2,108,1,284,0
5,-8,118,1,284,0
7,-4,284,1,284,0
1,-6,164,1,284,0
1,1,165,1,284,0
3,3,193,1,284,0
8,8,195,1,284,0
2,2,201,1,284,0
6,6,215,1,284,0
4,-5,232,1,284,0
6,-1,249,1,284,0
7,7,253,1,284,0
0,0,254,1,284,0
5,5,264,1,284,0
4,4,269,1,284,0
-7,5,9,1,284,0
1,-7,23,1,284,0
-4,2,34,1,284,0
-3,-4,65,1,284,0
0,-4,84,1,284,0
8,-8,99,1,284,0
-5,3,109,1,284,0
7,-5,283,1,284,0
6,-2,149,1,284,0
0,1,162,1,284,0
-1,-8,185,1,284,0
2,3,194,1,284,0
7,8,197,1,284,0
5,6,223,1,284,0
4,-6,224,1,284,0
1,2,237,1,284,0
6,7,241,1,284,0
3,-3,247,1,284,0
4,5,262,1,284,0
-2,0,263,1,284,0
-2,-1,271,1,284,0
3,4,275,1,284,0
9,1,3,1,284,0
-7,6,11,1,284,0
1,-8,17,1,284,0
-3,2,39,1,284,0
-6,-4,46,1,284,0
7,-6,222,1,284,0
-4,3,115,1,284,0
4,-7,129,1,284,0
8,0,163,1,284,0
2,-1,177,1,284,0
3,5,201,1,284,0
1,3,233,1,284,0
5,7,236,1,284,0
6,8,237,1,284,0
3,-4,255,1,284,0
4,6,257,1,284,0
-1,0,261,1,284,0
-2,-2,275,1,284,0
2,4,277,1,284,0
0,2,283,1,284,0
6,-3,283,1,284,0
-6,6,19,1,284,0
3,-5,35,1,284,0
7,-7,221,1,284,0
6,-4,106,1,284,0
2,-2,99,1,284,0
1,4,117,1,284,0
-4,4,118,1,284,0
7,0,158,1,284,0
-2,2,145,1,284,0
-1,1,154,1,284,0
5,-1,187,1,284,0
0,-6,197,1,284,0
3,6,208,1,284,0
-2,-3,219,1,284,0
8,1,224,1,284,0
5,8,235,1,284,0
4,7,249,1,284,0
2,5,283,1,284,0
-5,5,283,1,284,0
6,-5,54,1,284,0
7,-8,213,1,284,0
2,-3,98,1,284,0
1,5,103,1,284,0
-3,4,126,1,284,0
-2,3,141,1,284,0
2,6,143,1,284,0
5,-2,146,1,284,0
-1,2,149,1,284,0
0,4,174,1,284,0
0,-7,193,1,284,0
-2,-4,217,1,284,0
3,7,225,1,284,0
8,2,229,1,284,0
7,1,233,1,284,0
4,8,244,1,284,0
6,0,247,1,284,0
8,-1,261,1,284,0
3,-6,275,1,284,0
-5,6,279,1,284,0
-1,3,4,1,284,0
-4,6,31,1,284,0
1,6,41,1,284,0
-5,-4,53,1,284,0
6,-6,259,1,284,0
5,-3,96,1,284,0
-2,4,134,1,284,0
0,5,183,1,284,0
0,-8,186,1,284,0
5,0,202,1,284,0
-2,-5,209,1,284,0
3,8,219,1,284,0
8,3,227,1,284,0
-1,-2,229,1,284,0
7,2,236,1,284,0
1,-1,239,1,284,0
6,1,239,1,284,0
2,-4,257,1,284,0
8,-2,272,1,284,0
3,-7,281,1,284,0
2,7,283,1,284,0
-8,-4,34,1,284,0
5,-4,98,1,284,0
6,-7,249,1,284,0
8,-3,182,1,284,0
8,4,123,1,284,0
2,8,129,1,284,0
-1,4,168,1,284,0
4,-1,195,1,284,0
4,0,201,1,284,0
5,1,208,1,284,0
0,6,211,1,284,0
-2,5,225,1,284,0
-1,-3,226,1,284,0
-3,6,234,1,284,0
1,-2,238,1,284,0
7,3,237,1,284,0
6,2,248,1,284,0
2,-5,267,1,284,0
-4,7,272,1,284,0
1,7,278,1,284,0
3,-8,283,1,284,0
1,8,69,1,284,0
-1,-4,78,1,284,0
1,-3,92,1,284,0
6,-8,101,1,284,0
8,-4,125,1,284,0
2,-6,149,1,284,0
8,5,168,1,284,0
4,1,169,1,284,0
3,0,193,1,284,0
7,4,201,1,284,0
4,-2,202,1,284,0
0,7,207,1,284,0
-1,5,219,1,284,0
-2,6,229,1,284,0
5,-5,233,1,284,0
6,3,242,1,284,0
5,2,249,1,284,0
-3,7,258,1,284,0
-4,8,263,1,284,0
7,-1,264,1,284,0
2,-7,29,1,285,0
7,-2,171,1,285,0
-2,7,52,1,285,0
-4,-4,59,1,285,0
5,-6,239,1,285,0
1,-4,86,1,285,0
-5,0,92,1,285,0
8,-5,121,1,285,0
4,2,161,1,285,0
2,0,176,1,285,0
3,1,184,1,285,0
0,8,199,1,285,0
-1,-5,208,1,285,0
-1,6,217,1,285,0
4,-3,246,1,285,0
0,-1,247,1,285,0
-3,8,255,1,285,0
5,3,257,1,285,0
6,4,272,1,285,0
-3,-1,279,1,285,0
8,6,283,1,285,0
7,5,284,1,285,0
-7,3,13,1,285,0
-6,2,21,1,285,0
-7,-4,39,1,285,0
-1,7,59,1,285,0
-4,0,89,1,285,0
-5,1,99,1,285,0
8,-6,111,1,285,0
5,-7,248,1,285,0
1,-5,158,1,285,0
1,0,169,1,285,0
2,1,179,1,285,0
3,2,189,1,285,0
3,-1,191,1,285,0
-1,-6,202,1,285,0
0,-2,237,1,285,0
4,-4,242,1,285,0
8,7,257,1,285,0
4,3,258,1,285,0
7,6,259,1,285,0
5,4,269,1,285,0
6,5,277,1,285,0
7,-3,279,1,285,0
-3,-2,283,1,285,0
-7,4,6,1,285,0
-1,8,58,1,285,0
-3,0,66,1,285,0
-5,2,106,1,285,0
8,-7,107,1,285,0
3,-2,108,1,285,0
5,-8,118,1,285,0
7,-4,285,1,285,0
1,-6,164,1,285,0
1,1,165,1,285,0
3,3,193,1,285,0
8,8,195,1,285,0
2,2,201,1,285,0
6,6,215,1,285,0
4,-5,232,1,285,0
6,-1,249,1,285,0
7,7,253,1,285,0
0,0,254,1,285,0
5,5,264,1,285,0
4,4,269,1,285,0
-7,5,9,1,285,0
1,-7,23,1,285,0
-4,2,34,1,285,0
-3,-4,65,1,285,0
0,-4,84,1,285,0
8,-8,99,1,285,0
-5,3,109,1,285,0
7,-5,283,1,285,0
6,-2,149,1,285,0
0,1,162,1,285,0
-1,-8,185,1,285,0
2,3,194,1,285,0
7,8,197,1,285,0
5,6,223,1,285,0
4,-6,224,1,285,0
1,2,237,1,285,0
6,7,241,1,285,0
3,-3,247,1,285,0
4,5,262,1,285,0
-2,0,263,1,285,0
-2,-1,271,1,285,0
3,4,275,1,285,0
9,1,3,1,285,0
-7,6,11,1,285,0
1,-8,17,1,285,0
-3,2,39,1,285,0
-6,-4,46,1,285,0
7,-6,222,1,285,0
-4,3,115,1,285,0
4,-7,129,1,285,0
8,0,163,1,285,0
2,-1,177,1,285,0
3,5,201,1,285,0
1,3,233,1,285,0
5,7,236,1,285,0
6,8,237,1,285,0
3,-4,255,1,285,0
4,6,257,1,285,0
-1,0,261,1,285,0
-2,-2,275,1,285,0
2,4,277,1,285,0
0,2,284,1,285,0
6,-3,284,1,285,0
-6,6,19,1,285,0
3,-5,35,1,285,0
7,-7,221,1,285,0
6,-4,106,1,285,0
2,-2,99,1,285,0
1,4,117,1,285,0
-4,4,118,1,285,0
7,0,158,1,285,0
-2,2,145,1,285,0
-1,1,154,1,285,0
5,-1,187,1,285,0
0,-6,197,1,285,0
3,6,208,1,285,0
-2,-3,219,1,285,0
8,1,224,1,285,0
5,8,235,1,285,0
4,7,249,1,285,0
-5,5,283,1,285,0
2,5,284,1,285,0
6,-5,54,1,285,0
7,-8,213,1,285,0
2,-3,98,1,285,0
1,5,103,1,285,0
-3,4,126,1,285,0
-2,3,141,1,285,0
2,6,143,1,285,0
5,-2,146,1,285,0
-1,2,149,1,285,0
0,4,174,1,285,0
0,-7,193,1,285,0
-2,-4,217,1,285,0
3,7,225,1,285,0
8,2,229,1,285,0
7,1,233,1,285,0
4,8,244,1,285,0
6,0,247,1,285,0
8,-1,261,1,285,0
3,-6,275,1,285,0
-5,6,279,1,285,0
-1,3,4,1,285,0
-4,6,31,1,285,0
1,6,41,1,285,0
-5,-4,53,1,285,0
6,-6,259,1,285,0
5,-3,96,1,285,0
-2,4,134,1,285,0
0,5,183,1,285,0
0,-8,186,1,285,0
5,0,202,1,285,0
-2,-5,209,1,285,0
3,8,219,1,285,0
8,3,227,1,285,0
-1,-2,229,1,285,0
7,2,236,1,285,0
1,-1,239,1,285,0
6,1,239,1,285,0
2,-4,257,1,285,0
8,-2,272,1,285,0
3,-7,281,1,285,0
2,7,284,1,285,0
-8,-4,34,1,285,0
5,-4,98,1,285,0
6,-7,249,1,285,0
8,-3,182,1,285,0
8,4,123,1,285,0
2,8,129,1,285,0
-1,4,168,1,285,0
4,-1,195,1,285,0
4,0,201,1,285,0
5,1,208,1,285,0
0,6,211,1,285,0
-2,5,225,1,285,0
-1,-3,226,1,285,0
-3,6,234,1,285,0
1,-2,238,1,285,0
7,3,237,1,285,0
6,2,248,1,285,0
2,-5,267,1,285,0
-4,7,272,1,285,0
1,7,278,1,285,0
-4,-2,284,1,285,0
3,-8,284,1,285,0
1,8,69,1,285,0
-1,-4,78,1,285,0
1,-3,92,1,285,0
6,-8,101,1,285,0
8,-4,125,1,285,0
2,-6,149,1,285,0
8,5,168,1,285,0
4,1,169,1,285,0
3,0,193,1,285,0
7,4,201,1,285,0
4,-2,202,1,285,0
0,7,207,1,285,0
-1,5,219,1,285,0
-2,6,229,1,285,0
5,-5,233,1,285,0
6,3,242,1,285,0
5,2,249,1,285,0
-3,7,258,1,285,0
-4,8,263,1,285,0
7,-1,264,1,285,0
2,-7,29,1,286,0
7,-2,171,1,286,0
-2,7,52,1,286,0
-4,-4,59,1,286,0
5,-6,239,1,286,0
1,-4,86,1,286,0
-5,0,92,1,286,0
8,-5,121,1,286,0
4,2,161,1,286,0
2,0,176,1,286,0
3,1,184,1,286,0
0,8,199,1,286,0
-1,-5,208,1,286,0
-1,6,217,1,286,0
4,-3,246,1,286,0
0,-1,247,1,286,0
-3,8,255,1,286,0
5,3,257,1,286,0
6,4,272,1,286,0
-3,-1,279,1,286,0
7,5,284,1,286,0
8,6,284,1,286,0
-7,3,13,1,286,0
-6,2,21,1,286,0
-7,-4,39,1,286,0
-1,7,59,1,286,0
-4,0,89,1,286,0
-5,1,99,1,286,0
8,-6,111,1,286,0
5,-7,248,1,286,0
1,-5,158,1,286,0
1,0,169,1,286,0
2,1,179,1,286,0
3,2,189,1,286,0
3,-1,191,1,286,0
-1,-6,202,1,286,0
0,-2,237,1,286,0
4,-4,242,1,286,0
8,7,257,1,286,0
4,3,258,1,286,0
7,6,259,1,286,0
5,4,269,1,286,0
6,5,277,1,286,0
7,-3,279,1,286,0
-3,-2,283,1,286,0
-7,4,6,1,286,0
-1,8,58,1,286,0
-3,0,66,1,286,0
-5,2,106,1,286,0
8,-7,107,1,286,0
3,-2,108,1,286,0
5,-8,118,1,286,0
7,-4,286,1,286,0
1,-6,164,1,286,0
1,1,165,1,286,0
3,3,193,1,286,0
8,8,195,1,286,0
2,2,201,1,286,0
6,6,215,1,286,0
4,-5,232,1,286,0
6,-1,249,1,286,0
7,7,253,1,286,0
0,0,254,1,286,0
5,5,264,1,286,0
4,4,269,1,286,0
-7,5,9,1,286,0
1,-7,23,1,286,0
-4,2,34,1,286,0
-3,-4,65,1,286,0
0,-4,84,1,286,0
8,-8,99,1,286,0
-5,3,109,1,286,0
7,-5,283,1,286,0
6,-2,149,1,286,0
0,1,162,1,286,0
-1,-8,185,1,286,0
2,3,194,1,286,0
7,8,197,1,286,0
5,6,223,1,286,0
4,-6,224,1,286,0
1,2,237,1,286,0
6,7,241,1,286,0
3,-3,247,1,286,0
4,5,262,1,286,0
-2,0,263,1,286,0
-2,-1,271,1,286,0
3,4,275,1,286,0
9,1,3,1,286,0
-7,6,11,1,286,0
1,-8,17,1,286,0
-3,2,39,1,286,0
-6,-4,46,1,286,0
7,-6,222,1,286,0
-4,3,115,1,286,0
4,-7,129,1,286,0
8,0,163,1,286,0
2,-1,177,1,286,0
3,5,201,1,286,0
1,3,233,1,286,0
5,7,236,1,286,0
6,8,237,1,286,0
3,-4,255,1,286,0
4,6,257,1,286,0
-1,0,261,1,286,0
-2,-2,275,1,286,0
2,4,277,1,286,0
0,2,285,1,286,0
6,-3,285,1,286,0
-6,6,19,1,286,0
3,-5,35,1,286,0
7,-7,221,1,286,0
6,-4,106,1,286,0
2,-2,99,1,286,0
1,4,117,1,286,0
-4,4,118,1,286,0
7,0,158,1,286,0
-2,2,145,1,286,0
-1,1,154,1,286,0
5,-1,187,1,286,0
0,-6,197,1,286,0
3,6,208,1,286,0
-2,-3,219,1,286,0
8,1,224,1,286,0
5,8,235,1,286,0
4,7,249,1,286,0
2,5,285,1,286,0
-5,5,285,1,286,0
6,-5,54,1,286,0
7,-8,213,1,286,0
2,-3,98,1,286,0
1,5,103,1,286,0
-3,4,126,1,286,0
-2,3,141,1,286,0
2,6,143,1,286,0
5,-2,146,1,286,0
-1,2,149,1,286,0
0,4,174,1,286,0
0,-7,193,1,286,0
-2,-4,217,1,286,0
3,7,225,1,286,0
8,2,229,1,286,0
7,1,233,1,286,0
4,8,244,1,286,0
6,0,247,1,286,0
8,-1,261,1,286,0
3,-6,275,1,286,0
-5,6,279,1,286,0
-1,3,4,1,286,0
-4,6,31,1,286,0
1,6,41,1,286,0
-5,-4,53,1,286,0
6,-6,259,1,286,0
5,-3,96,1,286,0
-2,4,134,1,286,0
0,5,183,1,286,0
0,-8,186,1,286,0
5,0,202,1,286,0
-2,-5,209,1,286,0
3,8,219,1,286,0
8,3,227,1,286,0
-1,-2,229,1,286,0
7,2,236,1,286,0
1,-1,239,1,286,0
6,1,239,1,286,0
2,-4,257,1,286,0
8,-2,272,1,286,0
2,7,284,1,286,0
3,-7,285,1,286,0
-8,-4,34,1,286,0
5,-4,98,1,286,0
6,-7,249,1,286,0
8,-3,182,1,286,0
8,4,123,1,286,0
2,8,129,1,286,0
-1,4,168,1,286,0
4,-1,195,1,286,0
4,0,201,1,286,0
5,1,208,1,286,0
0,6,211,1,286,0
-2,5,225,1,286,0
-1,-3,226,1,286,0
-3,6,234,1,286,0
1,-2,238,1,286,0
7,3,237,1,286,0
6,2,248,1,286,0
2,-5,267,1,286,0
-4,7,272,1,286,0
3,-8,284,1,286,0
-4,-2,285,1,286,0
1,7,285,1,286,0
1,8,69,1,286,0
-1,-4,78,1,286,0
1,-3,92,1,286,0
6,-8,101,1,286,0
8,-4,125,1,286,0
2,-6,149,1,286,0
4,1,169,1,286,0
3,0,193,1,286,0
7,4,201,1,286,0
4,-2,202,1,286,0
0,7,207,1,286,0
-1,5,219,1,286,0
-2,6,229,1,286,0
5,-5,233,1,286,0
6,3,242,1,286,0
5,2,249,1,286,0
-3,7,258,1,286,0
-4,8,263,1,286,0
7,-1,264,1,286,0
8,5,285,1,286,0
2,-7,29,1,287,0
7,-2,171,1,287,0
-2,7,52,1,287,0
-4,-4,59,1,287,0
5,-6,239,1,287,0
1,-4,86,1,287,0
-5,0,92,1,287,0
8,-5,121,1,287,0
4,2,161,1,287,0
2,0,176,1,287,0
3,1,184,1,287,0
0,8,199,1,287,0
-1,-5,208,1,287,0
-1,6,217,1,287,0
4,-3,246,1,287,0
0,-1,247,1,287,0
-3,8,255,1,287,0
5,3,257,1,287,0
6,4,272,1,287,0
-3,-1,279,1,287,0
7,5,284,1,287,0
8,6,285,1,287,0
-7,3,13,1,287,0
-6,2,21,1,287,0
-7,-4,39,1,287,0
-1,7,59,1,287,0
-4,0,89,1,287,0
-5,1,99,1,287,0
8,-6,111,1,287,0
5,-7,248,1,287,0
1,-5,158,1,287,0
1,0,169,1,287,0
2,1,179,1,287,0
3,2,189,1,287,0
3,-1,191,1,287,0
-1,-6,202,1,287,0
0,-2,237,1,287,0
4,-4,242,1,287,0
8,7,257,1,287,0
4,3,258,1,287,0
7,6,259,1,287,0
5,4,269,1,287,0
6,5,277,1,287,0
7,-3,279,1,287,0
-3,-2,283,1,287,0
-7,4,6,1,287,0
-1,8,58,1,287,0
-3,0,66,1,287,0
-5,2,106,1,287,0
8,-7,107,1,287,0
3,-2,108,1,287,0
5,-8,118,1,287,0
7,-4,287,1,287,0
1,-6,164,1,287,0
1,1,165,1,287,0
3,3,193,1,287,0
8,8,195,1,287,0
2,2,201,1,287,0
6,6,215,1,287,0
4,-5,232,1,287,0
6,-1,249,1,287,0
7,7,253,1,287,0
0,0,254,1,287,0
5,5,264,1,287,0
4,4,269,1,287,0
-7,5,9,1,287,0
1,-7,23,1,287,0
-4,2,34,1,287,0
-3,-4,65,1,287,0
0,-4,84,1,287,0
8,-8,99,1,287,0
-5,3,109,1,287,0
7,-5,283,1,287,0
6,-2,149,1,287,0
0,1,162,1,287,0
-1,-8,185,1,287,0
2,3,194,1,287,0
7,8,197,1,287,0
5,6,223,1,287,0
4,-6,224,1,287,0
1,2,237,1,287,0
6,7,241,1,287,0
3,-3,247,1,287,0
4,5,262,1,287,0
-2,0,263,1,287,0
-2,-1,271,1,287,0
3,4,275,1,287,0
9,1,3,1,287,0
-7,6,11,1,287,0
1,-8,17,1,287,0
-3,2,39,1,287,0
-6,-4,46,1,287,0
7,-6,222,1,287,0
-4,3,115,1,287,0
4,-7,129,1,287,0
8,0,163,1,287,0
2,-1,177,1,287,0
3,5,201,1,287,0
1,3,233,1,287,0
5,7,236,1,287,0
6,8,237,1,287,0
3,-4,255,1,287,0
4,6,257,1,287,0
-1,0,261,1,287,0
-2,-2,275,1,287,0
2,4,277,1,287,0
0,2,286,1,287,0
6,-3,286,1,287,0
-6,6,19,1,287,0
3,-5,35,1,287,0
7,-7,221,1,287,0
6,-4,106,1,287,0
2,-2,99,1,287,0
1,4,117,1,287,0
-4,4,118,1,287,0
7,0,158,1,287,0
-2,2,145,1,287,0
-1,1,154,1,287,0
5,-1,187,1,287,0
0,-6,197,1,287,0
3,6,208,1,287,0
-2,-3,219,1,287,0
8,1,224,1,287,0
5,8,235,1,287,0
4,7,249,1,287,0
2,5,285,1,287,0
-5,5,286,1,287,0
6,-5,54,1,287,0
7,-8,213,1,287,0
2,-3,98,1,287,0
1,5,103,1,287,0
-3,4,126,1,287,0
-2,3,141,1,287,0
5,-2,146,1,287,0
-1,2,149,1,287,0
0,4,174,1,287,0
0,-7,193,1,287,0
-2,-4,217,1,287,0
3,7,225,1,287,0
8,2,229,1,287,0
7,1,233,1,287,0
4,8,244,1,287,0
6,0,247,1,287,0
8,-1,261,1,287,0
3,-6,275,1,287,0
-5,6,279,1,287,0
2,6,286,1,287,0
-1,3,4,1,287,0
-4,6,31,1,287,0
1,6,41,1,287,0
-5,-4,53,1,287,0
6,-6,259,1,287,0
5,-3,96,1,287,0
-2,4,134,1,287,0
0,5,183,1,287,0
0,-8,186,1,287,0
5,0,202,1,287,0
-2,-5,209,1,287,0
3,8,219,1,287,0
8,3,227,1,287,0
-1,-2,229,1,287,0
7,2,236,1,287,0
1,-1,239,1,287,0
6,1,239,1,287,0
2,-4,257,1,287,0
8,-2,272,1,287,0
2,7,284,1,287,0
3,-7,286,1,287,0
-8,-4,34,1,287,0
5,-4,98,1,287,0
6,-7,249,1,287,0
8,-3,182,1,287,0
8,4,123,1,287,0
2,8,129,1,287,0
-1,4,168,1,287,0
4,-1,195,1,287,0
4,0,201,1,287,0
5,1,208,1,287,0
0,6,211,1,287,0
-2,5,225,1,287,0
-1,-3,226,1,287,0
-3,6,234,1,287,0
1,-2,238,1,287,0
7,3,237,1,287,0
6,2,248,1,287,0
2,-5,267,1,287,0
-4,7,272,1,287,0
3,-8,284,1,287,0
-4,-2,286,1,287,0
1,7,286,1,287,0
1,8,69,1,287,0
-1,-4,78,1,287,0
1,-3,92,1,287,0
6,-8,101,1,287,0
8,-4,125,1,287,0
2,-6,149,1,287,0
4,1,169,1,287,0
3,0,193,1,287,0
7,4,201,1,287,0
4,-2,202,1,287,0
0,7,207,1,287,0
-1,5,219,1,287,0
-2,6,229,1,287,0
5,-5,233,1,287,0
6,3,242,1,287,0
5,2,249,1,287,0
-3,7,258,1,287,0
-4,8,263,1,287,0
7,-1,264,1,287,0
8,5,286,1,287,0
2,-7,29,1,288,0
7,-2,171,1,288,0
-2,7,52,1,288,0
-4,-4,59,1,288,0
5,-6,239,1,288,0
1,-4,86,1,288,0
-5,0,92,1,288,0
8,-5,288,1,288,0
4,2,161,1,288,0
2,0,176,1,288,0
3,1,184,1,288,0
0,8,199,1,288,0
-1,-5,208,1,288,0
-1,6,217,1,288,0
4,-3,246,1,288,0
0,-1,247,1,288,0
-3,8,255,1,288,0
5,3,257,1,288,0
6,4,272,1,288,0
-3,-1,279,1,288,0
7,5,284,1,288,0
8,6,286,1,288,0
-7,3,13,1,288,0
-6,2,21,1,288,0
-7,-4,39,1,288,0
-1,7,59,1,288,0
-4,0,89,1,288,0
-5,1,99,1,288,0
8,-6,111,1,288,0
5,-7,248,1,288,0
1,-5,158,1,288,0
1,0,169,1,288,0
2,1,179,1,288,0
3,2,189,1,288,0
3,-1,191,1,288,0
-1,-6,202,1,288,0
0,-2,237,1,288,0
4,-4,242,1,288,0
8,7,257,1,288,0
4,3,258,1,288,0
7,6,259,1,288,0
5,4,269,1,288,0
6,5,277,1,288,0
7,-3,279,1,288,0
-3,-2,283,1,288,0
-7,4,6,1,288,0
-1,8,58,1,288,0
-3,0,66,1,288,0
-5,2,106,1,288,0
8,-7,107,1,288,0
3,-2,108,1,288,0
5,-8,118,1,288,0
7,-4,287,1,288,0
1,-6,164,1,288,0
1,1,165,1,288,0
3,3,193,1,288,0
8,8,195,1,288,0
2,2,201,1,288,0
6,6,215,1,288,0
4,-5,232,1,288,0
6,-1,249,1,288,0
7,7,253,1,288,0
0,0,254,1,288,0
5,5,264,1,288,0
4,4,269,1,288,0
-7,5,9,1,288,0
1,-7,23,1,288,0
-4,2,34,1,288,0
-3,-4,65,1,288,0
0,-4,84,1,288,0
8,-8,99,1,288,0
-5,3,109,1,288,0
7,-5,283,1,288,0
6,-2,149,1,288,0
0,1,162,1,288,0
-1,-8,185,1,288,0
2,3,194,1,288,0
7,8,197,1,288,0
5,6,223,1,288,0
4,-6,224,1,288,0
1,2,237,1,288,0
6,7,241,1,288,0
3,-3,247,1,288,0
4,5,262,1,288,0
-2,0,263,1,288,0
-2,-1,271,1,288,0
3,4,275,1,288,0
9,1,3,1,288,0
-7,6,11,1,288,0
1,-8,17,1,288,0
-3,2,39,1,288,0
-6,-4,46,1,288,0
7,-6,222,1,288,0
-4,3,115,1,288,0
4,-7,129,1,288,0
8,0,163,1,288,0
2,-1,177,1,288,0
3,5,201,1,288,0
1,3,233,1,288,0
5,7,236,1,288,0
6,8,237,1,288,0
3,-4,255,1,288,0
4,6,257,1,288,0
-1,0,261,1,288,0
-2,-2,275,1,288,0
2,4,277,1,288,0
-5,4,287,1,288,0
0,2,287,1,288,0
6,-3,287,1,288,0
-6,6,19,1,288,0
3,-5,35,1,288,0
7,-7,221,1,288,0
6,-4,106,1,288,0
2,-2,99,1,288,0
1,4,117,1,288,0
-4,4,118,1,288,0
7,0,158,1,288,0
-2,2,145,1,288,0
-1,1,154,1,288,0
5,-1,187,1,288,0
0,-6,197,1,288,0
3,6,208,1,288,0
-2,-3,219,1,288,0
8,1,224,1,288,0
5,8,235,1,288,0
4,7,249,1,288,0
2,5,285,1,288,0
-5,5,286,1,288,0
6,-5,54,1,288,0
7,-8,213,1,288,0
2,-3,98,1,288,0
1,5,103,1,288,0
-3,4,126,1,288,0
-2,3,141,1,288,0
5,-2,146,1,288,0
-1,2,149,1,288,0
0,4,174,1,288,0
0,-7,193,1,288,0
-2,-4,217,1,288,0
3,7,225,1,288,0
8,2,229,1,288,0
7,1,233,1,288,0
4,8,244,1,288,0
6,0,247,1,288,0
8,-1,261,1,288,0
3,-6,275,1,288,0
-5,6,279,1,288,0
2,6,287,1,288,0
-1,3,4,1,288,0
-4,6,31,1,288,0
1,6,41,1,288,0
-5,-4,53,1,288,0
6,-6,259,1,288,0
5,-3,96,1,288,0
-2,4,134,1,288,0
0,5,183,1,288,0
0,-8,186,1,288,0
5,0,202,1,288,0
-2,-5,209,1,288,0
3,8,219,1,288,0
8,3,227,1,288,0
-1,-2,229,1,288,0
7,2,236,1,288,0
1,-1,239,1,288,0
6,1,239,1,288,0
2,-4,257,1,288,0
8,-2,272,1,288,0
2,7,284,1,288,0
3,-7,287,1,288,0
-8,-4,34,1,288,0
5,-4,98,1,288,0
6,-7,249,1,288,0
8,-3,182,1,288,0
2,8,129,1,288,0
-1,4,168,1,288,0
4,-1,195,1,288,0
4,0,201,1,288,0
5,1,208,1,288,0
0,6,211,1,288,0
-2,5,225,1,288,0
-1,-3,226,1,288,0
-3,6,234,1,288,0
1,-2,238,1,288,0
7,3,237,1,288,0
6,2,248,1,288,0
2,-5,267,1,288,0
-4,7,272,1,288,0
3,-8,284,1,288,0
-4,-2,287,1,288,0
8,4,287,1,288,0
1,7,287,1,288,0
1,8,69,1,288,0
-1,-4,78,1,288,0
1,-3,92,1,288,0
6,-8,101,1,288,0
8,-4,125,1,288,0
2,-6,149,1,288,0
4,1,169,1,288,0
3,0,193,1,288,0
7,4,201,1,288,0
4,-2,202,1,288,0
0,7,207,1,288,0
-1,5,219,1,288,0
-2,6,229,1,288,0
5,-5,233,1,288,0
6,3,242,1,288,0
5,2,249,1,288,0
-3,7,258,1,288,0
-4,8,263,1,288,0
7,-1,264,1,288,0
8,5,286,1,288,0
2,-7,29,1,289,0
7,-2,171,1,289,0
-2,7,52,1,289,0
-4,-4,59,1,289,0
5,-6,239,1,289,0
1,-4,86,1,289,0
-5,0,92,1,289,0
8,-5,289,1,289,0
4,2,161,1,289,0
2,0,176,1,289,0
3,1,184,1,289,0
0,8,199,1,289,0
-1,-5,208,1,289,0
-1,6,217,1,289,0
4,-3,246,1,289,0
0,-1,247,1,289,0
-3,8,255,1,289,0
5,3,257,1,289,0
6,4,272,1,289,0
-3,-1,279,1,289,0
7,5,284,1,289,0
8,6,287,1,289,0
-7,3,13,1,289,0
-6,2,21,1,289,0
-7,-4,39,1,289,0
-1,7,59,1,289,0
-4,0,89,1,289,0
-5,1,99,1,289,0
8,-6,111,1,289,0
5,-7,248,1,289,0
1,-5,158,1,289,0
1,0,169,1,289,0
2,1,179,1,289,0
3,2,189,1,289,0
3,-1,191,1,289,0
-1,-6,202,1,289,0
0,-2,237,1,289,0
4,-4,242,1,289,0
8,7,257,1,289,0
4,3,258,1,289,0
7,6,259,1,289,0
5,4,269,1,289,0
6,5,277,1,289,0
7,-3,279,1,289,0
-3,-2,283,1,289,0
-7,4,6,1,289,0
-1,8,58,1,289,0
-3,0,66,1,289,0
-5,2,106,1,289,0
8,-7,107,1,289,0
3,-2,108,1,289,0
5,-8,118,1,289,0
7,-4,287,1,289,0
1,-6,164,1,289,0
1,1,165,1,289,0
3,3,193,1,289,0
8,8,195,1,289,0
2,2,201,1,289,0
6,6,215,1,289,0
4,-5,232,1,289,0
6,-1,249,1,289,0
7,7,253,1,289,0
0,0,254,1,289,0
5,5,264,1,289,0
4,4,269,1,289,0
-7,5,9,1,289,0
1,-7,23,1,289,0
-4,2,34,1,289,0
-3,-4,65,1,289,0
0,-4,84,1,289,0
8,-8,99,1,289,0
-5,3,109,1,289,0
7,-5,283,1,289,0
6,-2,149,1,289,0
0,1,162,1,289,0
-1,-8,185,1,289,0
2,3,194,1,289,0
7,8,197,1,289,0
5,6,223,1,289,0
4,-6,224,1,289,0
1,2,237,1,289,0
6,7,241,1,289,0
3,-3,247,1,289,0
4,5,262,1,289,0
-2,0,263,1,289,0
-2,-1,271,1,289,0
3,4,275,1,289,0
9,1,3,1,289,0
-7,6,11,1,289,0
1,-8,17,1,289,0
-3,2,39,1,289,0
-6,-4,46,1,289,0
7,-6,222,1,289,0
-4,3,115,1,289,0
4,-7,129,1,289,0
8,0,163,1,289,0
2,-1,177,1,289,0
3,5,201,1,289,0
1,3,233,1,289,0
5,7,236,1,289,0
6,8,237,1,289,0
3,-4,255,1,289,0
4,6,257,1,289,0
-1,0,261,1,289,0
-2,-2,275,1,289,0
2,4,277,1,289,0
6,-3,287,1,289,0
-5,4,288,1,289,0
0,2,288,1,289,0
-6,6,19,1,289,0
3,-5,35,1,289,0
7,-7,221,1,289,0
6,-4,106,1,289,0
2,-2,99,1,289,0
1,4,117,1,289,0
-4,4,118,1,289,0
7,0,158,1,289,0
-2,2,145,1,289,0
-1,1,154,1,289,0
5,-1,187,1,289,0
0,-6,197,1,289,0
3,6,208,1,289,0
-2,-3,219,1,289,0
8,1,224,1,289,0
5,8,235,1,289,0
4,7,249,1,289,0
2,5,285,1,289,0
-5,5,286,1,289,0
6,-5,54,1,289,0
7,-8,213,1,289,0
2,-3,98,1,289,0
1,5,103,1,289,0
-3,4,126,1,289,0
-2,3,141,1,289,0
5,-2,146,1,289,0
-1,2,149,1,289,0
0,4,174,1,289,0
0,-7,193,1,289,0
-2,-4,217,1,289,0
3,7,225,1,289,0
8,2,229,1,289,0
7,1,233,1,289,0
4,8,244,1,289,0
6,0,247,1,289,0
8,-1,261,1,289,0
3,-6,275,1,289,0
-5,6,279,1,289,0
2,6,288,1,289,0
-1,3,4,1,289,0
-4,6,31,1,289,0
1,6,41,1,289,0
-5,-4,53,1,289,0
6,-6,259,1,289,0
-2,4,134,1,289,0
0,5,183,1,289,0
0,-8,186,1,289,0
5,0,202,1,289,0
-2,-5,209,1,289,0
3,8,219,1,289,0
8,3,227,1,289,0
-1,-2,229,1,289,0
7,2,236,1,289,0
1,-1,239,1,289,0
6,1,239,1,289,0
2,-4,257,1,289,0
8,-2,272,1,289,0
2,7,284,1,289,0
3,-7,287,1,289,0
5,-3,288,1,289,0
-8,-4,34,1,289,0
5,-4,98,1,289,0
6,-7,249,1,289,0
8,-3,182,1,289,0
2,8,129,1,289,0
-1,4,168,1,289,0
4,-1,195,1,289,0
4,0,201,1,289,0
5,1,208,1,289,0
0,6,211,1,289,0
-2,5,225,1,289,0
-1,-3,226,1,289,0
-3,6,234,1,289,0
1,-2,238,1,289,0
7,3,237,1,289,0
6,2,248,1,289,0
2,-5,267,1,289,0
-4,7,272,1,289,0
-4,-2,288,1,289,0
3,-8,288,1,289,0
8,4,288,1,289,0
1,7,288,1,289,0
1,8,69,1,289,0
-1,-4,78,1,289,0
1,-3,92,1,289,0
6,-8,101,1,289,0
8,-4,125,1,289,0
2,-6,149,1,289,0
4,1,169,1,289,0
3,0,193,1,289,0
7,4,201,1,289,0
4,-2,202,1,289,0
0,7,207,1,289,0
-1,5,219,1,289,0
-2,6,229,1,289,0
5,-5,233,1,289,0
6,3,242,1,289,0
5,2,249,1,289,0
-3,7,258,1,289,0
-4,8,263,1,289,0
7,-1,264,1,289,0
8,5,286,1,289,0
2,-7,29,1,290,0
7,-2,171,1,290,0
-2,7,52,1,290,0
-4,-4,59,1,290,0
5,-6,239,1,290,0
1,-4,86,1,290,0
-5,0,92,1,290,0
8,-5,289,1,290,0
4,2,161,1,290,0
2,0,176,1,290,0
3,1,184,1,290,0
0,8,199,1,290,0
-1,-5,208,1,290,0
-1,6,217,1,290,0
4,-3,246,1,290,0
0,-1,247,1,290,0
-3,8,255,1,290,0
5,3,257,1,290,0
6,4,272,1,290,0
-3,-1,279,1,290,0
7,5,284,1,290,0
8,6,288,1,290,0
-7,3,13,1,290,0
-6,2,21,1,290,0
-7,-4,39,1,290,0
-1,7,59,1,290,0
-4,0,89,1,290,0
-5,1,99,1,290,0
8,-6,111,1,290,0
5,-7,248,1,290,0
1,-5,158,1,290,0
1,0,169,1,290,0
2,1,179,1,290,0
3,2,189,1,290,0
3,-1,191,1,290,0
-1,-6,202,1,290,0
0,-2,237,1,290,0
4,-4,242,1,290,0
8,7,257,1,290,0
4,3,258,1,290,0
7,6,259,1,290,0
5,4,269,1,290,0
6,5,277,1,290,0
7,-3,279,1,290,0
-3,-2,283,1,290,0
-7,4,6,1,290,0
-1,8,58,1,290,0
-3,0,66,1,290,0
-5,2,106,1,290,0
8,-7,107,1,290,0
3,-2,108,1,290,0
5,-8,118,1,290,0
7,-4,287,1,290,0
1,-6,164,1,290,0
1,1,165,1,290,0
3,3,193,1,290,0
8,8,195,1,290,0
2,2,201,1,290,0
6,6,215,1,290,0
4,-5,232,1,290,0
6,-1,249,1,290,0
7,7,253,1,290,0
0,0,254,1,290,0
5,5,264,1,290,0
4,4,269,1,290,0
-7,5,9,1,290,0
1,-7,23,1,290,0
-4,2,34,1,290,0
-3,-4,65,1,290,0
0,-4,84,1,290,0
8,-8,99,1,290,0
-5,3,109,1,290,0
7,-5,283,1,290,0
6,-2,149,1,290,0
0,1,162,1,290,0
-1,-8,185,1,290,0
2,3,194,1,290,0
7,8,197,1,290,0
5,6,223,1,290,0
4,-6,224,1,290,0
1,2,237,1,290,0
6,7,241,1,290,0
3,-3,247,1,290,0
4,5,262,1,290,0
-2,0,263,1,290,0
-2,-1,271,1,290,0
3,4,275,1,290,0
9,1,3,1,290,0
-7,6,11,1,290,0
1,-8,17,1,290,0
-3,2,39,1,290,0
-6,-4,46,1,290,0
7,-6,222,1,290,0
-4,3,115,1,290,0
4,-7,129,1,290,0
8,0,163,1,290,0
2,-1,177,1,290,0
3,5,201,1,290,0
1,3,233,1,290,0
5,7,236,1,290,0
6,8,237,1,290,0
3,-4,255,1,290,0
4,6,257,1,290,0
-1,0,261,1,290,0
-2,-2,275,1,290,0
2,4,277,1,290,0
6,-3,287,1,290,0
-5,4,288,1,290,0
0,2,289,1,290,0
-6,6,19,1,290,0
3,-5,35,1,290,0
7,-7,221,1,290,0
6,-4,106,1,290,0
2,-2,99,1,290,0
1,4,117,1,290,0
-4,4,118,1,290,0
7,0,158,1,290,0
-2,2,145,1,290,0
-1,1,154,1,290,0
5,-1,187,1,290,0
0,-6,197,1,290,0
3,6,208,1,290,0
-2,-3,219,1,290,0
8,1,224,1,290,0
5,8,235,1,290,0
4,7,249,1,290,0
2,5,285,1,290,0
-5,5,286,1,290,0
6,-5,54,1,290,0
7,-8,213,1,290,0
2,-3,98,1,290,0
-3,4,126,1,290,0
-2,3,141,1,290,0
5,-2,146,1,290,0
-1,2,149,1,290,0
0,4,174,1,290,0
0,-7,193,1,290,0
-2,-4,217,1,290,0
3,7,225,1,290,0
8,2,229,1,290,0
7,1,233,1,290,0
4,8,244,1,290,0
6,0,247,1,290,0
8,-1,261,1,290,0
3,-6,275,1,290,0
-5,6,279,1,290,0
2,6,288,1,290,0
1,5,289,1,290,0
-1,3,4,1,290,0
-4,6,31,1,290,0
1,6,41,1,290,0
-5,-4,53,1,290,0
6,-6,259,1,290,0
-2,4,134,1,290,0
0,5,183,1,290,0
0,-8,186,1,290,0
5,0,202,1,290,0
-2,-5,209,1,290,0
3,8,219,1,290,0
8,3,227,1,290,0
-1,-2,229,1,290,0
7,2,236,1,290,0
1,-1,239,1,290,0
6,1,239,1,290,0
2,-4,257,1,290,0
8,-2,272,1,290,0
3,-7,287,1,290,0
2,7,289,1,290,0
5,-3,289,1,290,0
-8,-4,34,1,290,0
5,-4,98,1,290,0
6,-7,249,1,290,0
8,-3,182,1,290,0
2,8,129,1,290,0
-1,4,168,1,290,0
4,-1,195,1,290,0
4,0,201,1,290,0
5,1,208,1,290,0
0,6,211,1,290,0
-2,5,225,1,290,0
-1,-3,226,1,290,0
-3,6,234,1,290,0
1,-2,238,1,290,0
7,3,237,1,290,0
6,2,248,1,290,0
2,-5,267,1,290,0
-4,7,272,1,290,0
1,7,288,1,290,0
-4,-2,289,1,290,0
3,-8,289,1,290,0
8,4,289,1,290,0
1,8,69,1,290,0
-1,-4,78,1,290,0
1,-3,92,1,290,0
6,-8,101,1,290,0
8,-4,125,1,290,0
2,-6,149,1,290,0
4,1,169,1,290,0
3,0,193,1,290,0
7,4,201,1,290,0
4,-2,202,1,290,0
0,7,207,1,290,0
-1,5,219,1,290,0
-2,6,229,1,290,0
5,-5,233,1,290,0
6,3,242,1,290,0
5,2,249,1,290,0
-3,7,258,1,290,0
-4,8,263,1,290,0
7,-1,264,1,290,0
8,5,286,1,290,0
2,-7,29,1,291,0
7,-2,171,1,291,0
-2,7,52,1,291,0
-4,-4,59,1,291,0
5,-6,239,1,291,0
1,-4,86,1,291,0
-5,0,92,1,291,0
8,-5,291,1,291,0
4,2,161,1,291,0
2,0,176,1,291,0
3,1,184,1,291,0
0,8,199,1,291,0
-1,-5,208,1,291,0
-1,6,217,1,291,0
4,-3,246,1,291,0
0,-1,247,1,291,0
-3,8,255,1,291,0
5,3,257,1,291,0
6,4,272,1,291,0
-3,-1,279,1,291,0
7,5,284,1,291,0
8,6,289,1,291,0
-7,3,13,1,291,0
-6,2,21,1,291,0
-7,-4,39,1,291,0
-1,7,59,1,291,0
-4,0,89,1,291,0
-5,1,99,1,291,0
8,-6,111,1,291,0
5,-7,248,1,291,0
1,-5,158,1,291,0
1,0,169,1,291,0
2,1,179,1,291,0
3,2,189,1,291,0
3,-1,191,1,291,0
-1,-6,202,1,291,0
0,-2,237,1,291,0
4,-4,242,1,291,0
8,7,257,1,291,0
4,3,258,1,291,0
7,6,259,1,291,0
5,4,269,1,291,0
6,5,277,1,291,0
7,-3,279,1,291,0
-3,-2,283,1,291,0
-7,4,6,1,291,0
-1,8,58,1,291,0
-3,0,66,1,291,0
-5,2,106,1,291,0
8,-7,107,1,291,0
3,-2,108,1,291,0
5,-8,118,1,291,0
7,-4,287,1,291,0
1,-6,164,1,291,0
1,1,165,1,291,0
3,3,193,1,291,0
8,8,195,1,291,0
2,2,201,1,291,0
6,6,215,1,291,0
4,-5,232,1,291,0
6,-1,249,1,291,0
7,7,253,1,291,0
0,0,254,1,291,0
5,5,264,1,291,0
4,4,269,1,291,0
-7,5,9,1,291,0
1,-7,23,1,291,0
-4,2,34,1,291,0
-3,-4,65,1,291,0
0,-4,84,1,291,0
8,-8,99,1,291,0
-5,3,109,1,291,0
7,-5,283,1,291,0
6,-2,149,1,291,0
0,1,162,1,291,0
-1,-8,185,1,291,0
2,3,194,1,291,0
7,8,197,1,291,0
5,6,223,1,291,0
4,-6,224,1,291,0
1,2,237,1,291,0
6,7,241,1,291,0
3,-3,247,1,291,0
4,5,262,1,291,0
-2,0,263,1,291,0
-2,-1,271,1,291,0
3,4,275,1,291,0
9,1,3,1,291,0
-7,6,11,1,291,0
1,-8,17,1,291,0
-3,2,39,1,291,0
-6,-4,46,1,291,0
7,-6,222,1,291,0
-4,3,115,1,291,0
4,-7,129,1,291,0
8,0,163,1,291,0
2,-1,177,1,291,0
3,5,201,1,291,0
1,3,233,1,291,0
5,7,236,1,291,0
6,8,237,1,291,0
3,-4,255,1,291,0
4,6,257,1,291,0
-1,0,261,1,291,0
-2,-2,275,1,291,0
2,4,277,1,291,0
6,-3,287,1,291,0
0,2,289,1,291,0
-5,4,289,1,291,0
-6,6,19,1,291,0
3,-5,35,1,291,0
7,-7,221,1,291,0
6,-4,106,1,291,0
2,-2,99,1,291,0
1,4,117,1,291,0
-4,4,118,1,291,0
7,0,158,1,291,0
-2,2,145,1,291,0
-1,1,154,1,291,0
5,-1,187,1,291,0
0,-6,197,1,291,0
3,6,208,1,291,0
-2,-3,219,1,291,0
8,1,224,1,291,0
5,8,235,1,291,0
4,7,249,1,291,0
2,5,285,1,291,0
-5,5,286,1,291,0
6,-5,54,1,291,0
7,-8,213,1,291,0
2,-3,98,1,291,0
-3,4,126,1,291,0
-2,3,141,1,291,0
5,-2,146,1,291,0
-1,2,149,1,291,0
0,4,174,1,291,0
0,-7,193,1,291,0
-2,-4,217,1,291,0
3,7,225,1,291,0
8,2,229,1,291,0
7,1,233,1,291,0
4,8,244,1,291,0
6,0,247,1,291,0
8,-1,261,1,291,0
3,-6,275,1,291,0
-5,6,279,1,291,0
2,6,288,1,291,0
1,5,289,1,291,0
-1,3,4,1,291,0
-4,6,31,1,291,0
1,6,41,1,291,0
-5,-4,53,1,291,0
6,-6,259,1,291,0
-2,4,134,1,291,0
0,5,183,1,291,0
0,-8,186,1,291,0
5,0,202,1,291,0
-2,-5,209,1,291,0
3,8,219,1,291,0
8,3,227,1,291,0
-1,-2,229,1,291,0
7,2,236,1,291,0
1,-1,239,1,291,0
6,1,239,1,291,0
2,-4,257,1,291,0
8,-2,272,1,291,0
3,-7,287,1,291,0
2,7,289,1,291,0
5,-3,289,1,291,0
-8,-4,34,1,291,0
5,-4,98,1,291,0
6,-7,249,1,291,0
8,-3,182,1,291,0
2,8,129,1,291,0
-1,4,168,1,291,0
4,-1,195,1,291,0
4,0,201,1,291,0
5,1,208,1,291,0
0,6,211,1,291,0
-2,5,225,1,291,0
-1,-3,226,1,291,0
-3,6,234,1,291,0
1,-2,238,1,291,0
7,3,237,1,291,0
6,2,248,1,291,0
2,-5,267,1,291,0
-4,7,272,1,291,0
1,7,288,1,291,0
-4,-2,289,1,291,0
3,-8,289,1,291,0
8,4,289,1,291,0
1,8,69,1,291,0
-1,-4,78,1,291,0
1,-3,92,1,291,0
6,-8,101,1,291,0
8,-4,125,1,291,0
2,-6,149,1,291,0
4,1,169,1,291,0
3,0,193,1,291,0
7,4,201,1,291,0
4,-2,202,1,291,0
0,7,207,1,291,0
-1,5,219,1,291,0
-2,6,229,1,291,0
5,-5,233,1,291,0
6,3,242,1,291,0
5,2,249,1,291,0
-3,7,258,1,291,0
-4,8,263,1,291,0
7,-1,264,1,291,0
8,5,286,1,291,0
2,-7,29,1,292,0
7,-2,171,1,292,0
-2,7,52,1,292,0
-4,-4,59,1,292,0
5,-6,239,1,292,0
1,-4,86,1,292,0
-5,0,92,1,292,0
8,-5,292,1,292,0
4,2,161,1,292,0
2,0,176,1,292,0
3,1,184,1,292,0
0,8,199,1,292,0
-1,-5,208,1,292,0
-1,6,217,1,292,0
4,-3,246,1,292,0
0,-1,247,1,292,0
-3,8,255,1,292,0
5,3,257,1,292,0
6,4,272,1,292,0
-3,-1,279,1,292,0
7,5,284,1,292,0
8,6,289,1,292,0
-7,3,13,1,292,0
-6,2,21,1,292,0
-7,-4,39,1,292,0
-1,7,59,1,292,0
-4,0,89,1,292,0
-5,1,99,1,292,0
8,-6,111,1,292,0
5,-7,248,1,292,0
1,-5,158,1,292,0
1,0,169,1,292,0
2,1,179,1,292,0
3,2,189,1,292,0
3,-1,191,1,292,0
-1,-6,202,1,292,0
0,-2,237,1,292,0
4,-4,242,1,292,0
8,7,257,1,292,0
4,3,258,1,292,0
7,6,259,1,292,0
5,4,269,1,292,0
6,5,277,1,292,0
7,-3,279,1,292,0
-3,-2,283,1,292,0
-7,4,6,1,292,0
-1,8,58,1,292,0
-3,0,66,1,292,0
-5,2,106,1,292,0
8,-7,107,1,292,0
3,-2,108,1,292,0
5,-8,118,1,292,0
7,-4,287,1,292,0
1,-6,164,1,292,0
1,1,165,1,292,0
3,3,193,1,292,0
8,8,195,1,292,0
2,2,201,1,292,0
6,6,215,1,292,0
4,-5,232,1,292,0
6,-1,249,1,292,0
7,7,253,1,292,0
0,0,254,1,292,0
5,5,264,1,292,0
4,4,269,1,292,0
-7,5,9,1,292,0
1,-7,23,1,292,0
-4,2,34,1,292,0
-3,-4,65,1,292,0
0,-4,84,1,292,0
8,-8,99,1,292,0
-5,3,109,1,292,0
7,-5,283,1,292,0
6,-2,149,1,292,0
0,1,162,1,292,0
-1,-8,185,1,292,0
2,3,194,1,292,0
7,8,197,1,292,0
5,6,223,1,292,0
4,-6,224,1,292,0
1,2,237,1,292,0
6,7,241,1,292,0
3,-3,247,1,292,0
4,5,262,1,292,0
-2,0,263,1,292,0
-2,-1,271,1,292,0
3,4,275,1,292,0
9,1,3,1,292,0
-7,6,11,1,292,0
1,-8,17,1,292,0
-3,2,39,1,292,0
-6,-4,46,1,292,0
7,-6,222,1,292,0
-4,3,115,1,292,0
4,-7,129,1,292,0
8,0,163,1,292,0
2,-1,177,1,292,0
3,5,201,1,292,0
1,3,233,1,292,0
5,7,236,1,292,0
6,8,237,1,292,0
3,-4,255,1,292,0
4,6,257,1,292,0
-1,0,261,1,292,0
-2,-2,275,1,292,0
2,4,277,1,292,0
6,-3,287,1,292,0
0,2,289,1,292,0
-5,4,291,1,292,0
-6,6,19,1,292,0
3,-5,35,1,292,0
7,-7,221,1,292,0
6,-4,106,1,292,0
2,-2,99,1,292,0
1,4,117,1,292,0
-4,4,118,1,292,0
7,0,158,1,292,0
-2,2,145,1,292,0
-1,1,154,1,292,0
5,-1,187,1,292,0
0,-6,197,1,292,0
3,6,208,1,292,0
-2,-3,219,1,292,0
8,1,224,1,292,0
5,8,235,1,292,0
4,7,249,1,292,0
2,5,285,1,292,0
-5,5,286,1,292,0
6,-5,54,1,292,0
7,-8,213,1,292,0
2,-3,98,1,292,0
-3,4,126,1,292,0
-2,3,141,1,292,0
5,-2,146,1,292,0
-1,2,149,1,292,0
0,4,174,1,292,0
0,-7,193,1,292,0
-2,-4,217,1,292,0
3,7,225,1,292,0
8,2,229,1,292,0
7,1,233,1,292,0
4,8,244,1,292,0
6,0,247,1,292,0
8,-1,261,1,292,0
3,-6,275,1,292,0
-5,6,279,1,292,0
2,6,288,1,292,0
1,5,291,1,292,0
-1,3,4,1,292,0
-4,6,31,1,292,0
1,6,41,1,292,0
-5,-4,53,1,292,0
6,-6,259,1,292,0
-2,4,134,1,292,0
0,5,183,1,292,0
0,-8,186,1,292,0
5,0,202,1,292,0
-2,-5,209,1,292,0
3,8,219,1,292,0
8,3,227,1,292,0
-1,-2,229,1,292,0
7,2,236,1,292,0
1,-1,239,1,292,0
6,1,239,1,292,0
2,-4,257,1,292,0
8,-2,272,1,292,0
3,-7,291,1,292,0
2,7,291,1,292,0
5,-3,291,1,292,0
-8,-4,34,1,292,0
5,-4,98,1,292,0
6,-7,249,1,292,0
8,-3,182,1,292,0
2,8,129,1,292,0
-1,4,168,1,292,0
4,-1,195,1,292,0
4,0,201,1,292,0
5,1,208,1,292,0
0,6,211,1,292,0
-2,5,225,1,292,0
-1,-3,226,1,292,0
-3,6,234,1,292,0
1,-2,238,1,292,0
7,3,237,1,292,0
6,2,248,1,292,0
2,-5,267,1,292,0
-4,7,272,1,292,0
1,7,288,1,292,0
-4,-2,289,1,292,0
3,-8,289,1,292,0
8,4,291,1,292,0
1,8,69,1,292,0
-1,-4,78,1,292,0
1,-3,92,1,292,0
6,-8,101,1,292,0
8,-4,125,1,292,0
2,-6,149,1,292,0
4,1,169,1,292,0
3,0,193,1,292,0
7,4,201,1,292,0
4,-2,202,1,292,0
0,7,207,1,292,0
-1,5,219,1,292,0
-2,6,229,1,292,0
5,-5,233,1,292,0
6,3,242,1,292,0
5,2,249,1,292,0
-3,7,258,1,292,0
-4,8,263,1,292,0
7,-1,264,1,292,0
8,5,286,1,292,0
-4,-3,291,1,292,0
9,6,291,1,292,0
2,-7,29,1,293,0
7,-2,171,1,293,0
-2,7,52,1,293,0
-4,-4,59,1,293,0
5,-6,239,1,293,0
1,-4,86,1,293,0
-5,0,92,1,293,0
8,-5,293,1,293,0
4,2,161,1,293,0
2,0,176,1,293,0
3,1,184,1,293,0
0,8,199,1,293,0
-1,-5,208,1,293,0
-1,6,217,1,293,0
4,-3,246,1,293,0
0,-1,247,1,293,0
-3,8,255,1,293,0
5,3,257,1,293,0
6,4,272,1,293,0
-3,-1,279,1,293,0
7,5,284,1,293,0
8,6,289,1,293,0
-7,3,13,1,293,0
-6,2,21,1,293,0
-7,-4,39,1,293,0
-1,7,59,1,293,0
-4,0,89,1,293,0
-5,1,99,1,293,0
8,-6,111,1,293,0
5,-7,248,1,293,0
1,-5,158,1,293,0
1,0,169,1,293,0
2,1,179,1,293,0
3,2,189,1,293,0
3,-1,191,1,293,0
-1,-6,202,1,293,0
0,-2,237,1,293,0
4,-4,242,1,293,0
8,7,257,1,293,0
4,3,258,1,293,0
7,6,259,1,293,0
5,4,269,1,293,0
6,5,277,1,293,0
7,-3,279,1,293,0
-3,-2,283,1,293,0
-7,4,6,1,293,0
-1,8,58,1,293,0
-3,0,66,1,293,0
-5,2,106,1,293,0
8,-7,107,1,293,0
3,-2,108,1,293,0
5,-8,118,1,293,0
7,-4,287,1,293,0
1,-6,164,1,293,0
1,1,165,1,293,0
3,3,193,1,293,0
8,8,195,1,293,0
2,2,201,1,293,0
6,6,215,1,293,0
4,-5,232,1,293,0
6,-1,249,1,293,0
7,7,253,1,293,0
0,0,254,1,293,0
5,5,264,1,293,0
4,4,269,1,293,0
-7,5,9,1,293,0
1,-7,23,1,293,0
-4,2,34,1,293,0
-3,-4,65,1,293,0
0,-4,84,1,293,0
8,-8,99,1,293,0
-5,3,109,1,293,0
7,-5,283,1,293,0
6,-2,149,1,293,0
0,1,162,1,293,0
-1,-8,185,1,293,0
2,3,194,1,293,0
7,8,197,1,293,0
5,6,223,1,293,0
4,-6,224,1,293,0
1,2,237,1,293,0
6,7,241,1,293,0
3,-3,247,1,293,0
4,5,262,1,293,0
-2,0,263,1,293,0
-2,-1,271,1,293,0
3,4,275,1,293,0
9,1,3,1,293,0
-7,6,11,1,293,0
1,-8,17,1,293,0
-3,2,39,1,293,0
-6,-4,46,1,293,0
7,-6,222,1,293,0
-4,3,115,1,293,0
4,-7,129,1,293,0
8,0,163,1,293,0
2,-1,177,1,293,0
3,5,201,1,293,0
1,3,233,1,293,0
5,7,236,1,293,0
6,8,237,1,293,0
3,-4,255,1,293,0
4,6,257,1,293,0
-1,0,261,1,293,0
-2,-2,275,1,293,0
2,4,277,1,293,0
-5,4,292,1,293,0
0,2,292,1,293,0
6,-3,292,1,293,0
-6,6,19,1,293,0
3,-5,35,1,293,0
7,-7,221,1,293,0
6,-4,106,1,293,0
2,-2,99,1,293,0
1,4,117,1,293,0
-4,4,118,1,293,0
7,0,158,1,293,0
-2,2,145,1,293,0
-1,1,154,1,293,0
5,-1,187,1,293,0
0,-6,197,1,293,0
3,6,208,1,293,0
-2,-3,219,1,293,0
8,1,224,1,293,0
5,8,235,1,293,0
4,7,249,1,293,0
2,5,285,1,293,0
-5,5,286,1,293,0
6,-5,54,1,293,0
7,-8,213,1,293,0
2,-3,98,1,293,0
-3,4,126,1,293,0
-2,3,141,1,293,0
5,-2,146,1,293,0
-1,2,149,1,293,0
0,4,174,1,293,0
0,-7,193,1,293,0
-2,-4,217,1,293,0
3,7,225,1,293,0
8,2,229,1,293,0
7,1,233,1,293,0
4,8,244,1,293,0
6,0,247,1,293,0
8,-1,261,1,293,0
3,-6,275,1,293,0
-5,6,279,1,293,0
2,6,288,1,293,0
1,5,292,1,293,0
-1,3,4,1,293,0
-4,6,31,1,293,0
1,6,41,1,293,0
-5,-4,53,1,293,0
6,-6,259,1,293,0
-2,4,134,1,293,0
0,5,183,1,293,0
0,-8,186,1,293,0
5,0,202,1,293,0
-2,-5,209,1,293,0
3,8,219,1,293,0
8,3,227,1,293,0
-1,-2,229,1,293,0
7,2,236,1,293,0
1,-1,239,1,293,0
6,1,239,1,293,0
2,-4,257,1,293,0
8,-2,272,1,293,0
2,7,291,1,293,0
5,-3,291,1,293,0
3,-7,292,1,293,0
-8,-4,34,1,293,0
5,-4,98,1,293,0
6,-7,249,1,293,0
8,-3,182,1,293,0
2,8,129,1,293,0
-1,4,168,1,293,0
4,-1,195,1,293,0
4,0,201,1,293,0
5,1,208,1,293,0
0,6,211,1,293,0
-2,5,225,1,293,0
-1,-3,226,1,293,0
-3,6,234,1,293,0
1,-2,238,1,293,0
7,3,237,1,293,0
6,2,248,1,293,0
2,-5,267,1,293,0
-4,7,272,1,293,0
-4,-2,289,1,293,0
3,-8,289,1,293,0
8,4,292,1,293,0
1,7,292,1,293,0
1,8,69,1,293,0
-1,-4,78,1,293,0
1,-3,92,1,293,0
6,-8,101,1,293,0
8,-4,125,1,293,0
2,-6,149,1,293,0
4,1,169,1,293,0
3,0,193,1,293,0
7,4,201,1,293,0
4,-2,202,1,293,0
0,7,207,1,293,0
-1,5,219,1,293,0
-2,6,229,1,293,0
5,-5,233,1,293,0
6,3,242,1,293,0
5,2,249,1,293,0
-3,7,258,1,293,0
-4,8,263,1,293,0
7,-1,264,1,293,0
8,5,286,1,293,0
9,6,291,1,293,0
-4,-3,292,1,293,0
2,-7,29,1,294,0
7,-2,171,1,294,0
-2,7,52,1,294,0
-4,-4,59,1,294,0
5,-6,239,1,294,0
1,-4,86,1,294,0
-5,0,92,1,294,0
8,-5,294,1,294,0
4,2,161,1,294,0
2,0,176,1,294,0
3,1,184,1,294,0
0,8,199,1,294,0
-1,-5,208,1,294,0
-1,6,217,1,294,0
4,-3,246,1,294,0
0,-1,247,1,294,0
-3,8,255,1,294,0
5,3,257,1,294,0
6,4,272,1,294,0
-3,-1,279,1,294,0
7,5,284,1,294,0
8,6,289,1,294,0
-7,3,13,1,294,0
-6,2,21,1,294,0
-7,-4,39,1,294,0
-1,7,59,1,294,0
-4,0,89,1,294,0
-5,1,99,1,294,0
8,-6,111,1,294,0
5,-7,248,1,294,0
1,-5,158,1,294,0
1,0,169,1,294,0
2,1,179,1,294,0
3,2,189,1,294,0
3,-1,191,1,294,0
-1,-6,202,1,294,0
0,-2,237,1,294,0
4,-4,242,1,294,0
8,7,257,1,294,0
4,3,258,1,294,0
7,6,259,1,294,0
5,4,269,1,294,0
6,5,277,1,294,0
7,-3,279,1,294,0
-3,-2,283,1,294,0
-7,4,6,1,294,0
-1,8,58,1,294,0
-3,0,66,1,294,0
-5,2,106,1,294,0
8,-7,107,1,294,0
3,-2,108,1,294,0
5,-8,118,1,294,0
7,-4,287,1,294,0
1,-6,164,1,294,0
1,1,165,1,294,0
3,3,193,1,294,0
8,8,195,1,294,0
2,2,201,1,294,0
6,6,215,1,294,0
4,-5,232,1,294,0
6,-1,249,1,294,0
7,7,253,1,294,0
0,0,254,1,294,0
5,5,264,1,294,0
4,4,269,1,294,0
-7,5,9,1,294,0
1,-7,23,1,294,0
-4,2,34,1,294,0
-3,-4,65,1,294,0
0,-4,84,1,294,0
8,-8,99,1,294,0
-5,3,109,1,294,0
7,-5,283,1,294,0
6,-2,149,1,294,0
0,1,162,1,294,0
-1,-8,185,1,294,0
2,3,194,1,294,0
7,8,197,1,294,0
5,6,223,1,294,0
4,-6,224,1,294,0
1,2,237,1,294,0
6,7,241,1,294,0
3,-3,247,1,294,0
4,5,262,1,294,0
-2,0,263,1,294,0
-2,-1,271,1,294,0
3,4,275,1,294,0
9,1,3,1,294,0
-7,6,11,1,294,0
1,-8,17,1,294,0
-3,2,39,1,294,0
-6,-4,46,1,294,0
7,-6,222,1,294,0
-4,3,115,1,294,0
4,-7,129,1,294,0
8,0,163,1,294,0
2,-1,177,1,294,0
3,5,201,1,294,0
1,3,233,1,294,0
5,7,236,1,294,0
6,8,237,1,294,0
3,-4,255,1,294,0
4,6,257,1,294,0
-1,0,261,1,294,0
-2,-2,275,1,294,0
2,4,277,1,294,0
-5,4,293,1,294,0
0,2,293,1,294,0
6,-3,293,1,294,0
-6,6,19,1,294,0
3,-5,35,1,294,0
7,-7,221,1,294,0
6,-4,106,1,294,0
2,-2,99,1,294,0
1,4,117,1,294,0
-4,4,118,1,294,0
7,0,158,1,294,0
-2,2,145,1,294,0
-1,1,154,1,294,0
5,-1,187,1,294,0
0,-6,197,1,294,0
3,6,208,1,294,0
-2,-3,219,1,294,0
8,1,224,1,294,0
5,8,235,1,294,0
4,7,249,1,294,0
2,5,285,1,294,0
-5,5,286,1,294,0
6,-5,54,1,294,0
7,-8,213,1,294,0
2,-3,98,1,294,0
-3,4,126,1,294,0
-2,3,141,1,294,0
5,-2,146,1,294,0
-1,2,149,1,294,0
0,4,174,1,294,0
0,-7,193,1,294,0
-2,-4,217,1,294,0
3,7,225,1,294,0
8,2,229,1,294,0
7,1,233,1,294,0
4,8,244,1,294,0
6,0,247,1,294,0
8,-1,261,1,294,0
3,-6,275,1,294,0
-5,6,279,1,294,0
2,6,288,1,294,0
1,5,293,1,294,0
-5,-3,293,1,294,0
-1,3,4,1,294,0
-4,6,31,1,294,0
1,6,41,1,294,0
-5,-4,53,1,294,0
6,-6,259,1,294,0
-2,4,134,1,294,0
0,5,183,1,294,0
0,-8,186,1,294,0
5,0,202,1,294,0
-2,-5,209,1,294,0
3,8,219,1,294,0
8,3,227,1,294,0
-1,-2,229,1,294,0
7,2,236,1,294,0
1,-1,239,1,294,0
6,1,239,1,294,0
2,-4,257,1,294,0
8,-2,272,1,294,0
2,7,291,1,294,0
5,-3,291,1,294,0
3,-7,292,1,294,0
-8,-4,34,1,294,0
5,-4,98,1,294,0
6,-7,249,1,294,0
8,-3,182,1,294,0
2,8,129,1,294,0
-1,4,168,1,294,0
4,-1,195,1,294,0
4,0,201,1,294,0
5,1,208,1,294,0
0,6,211,1,294,0
-2,5,225,1,294,0
-1,-3,226,1,294,0
-3,6,234,1,294,0
1,-2,238,1,294,0
7,3,237,1,294,0
6,2,248,1,294,0
2,-5,267,1,294,0
-4,7,272,1,294,0
-4,-2,289,1,294,0
3,-8,289,1,294,0
1,7,292,1,294,0
8,4,293,1,294,0
-1,-4,78,1,294,0
1,-3,92,1,294,0
6,-8,101,1,294,0
8,-4,125,1,294,0
2,-6,149,1,294,0
4,1,169,1,294,0
3,0,193,1,294,0
7,4,201,1,294,0
4,-2,202,1,294,0
0,7,207,1,294,0
-1,5,219,1,294,0
-2,6,229,1,294,0
5,-5,233,1,294,0
6,3,242,1,294,0
5,2,249,1,294,0
-3,7,258,1,294,0
-4,8,263,1,294,0
7,-1,264,1,294,0
8,5,286,1,294,0
-4,-3,292,1,294,0
9,6,292,1,294,0
1,8,293,1,294,0
2,-7,29,1,295,0
7,-2,171,1,295,0
-2,7,52,1,295,0
-4,-4,59,1,295,0
5,-6,239,1,295,0
1,-4,86,1,295,0
-5,0,92,1,295,0
8,-5,294,1,295,0
4,2,161,1,295,0
2,0,176,1,295,0
3,1,184,1,295,0
0,8,199,1,295,0
-1,-5,208,1,295,0
-1,6,217,1,295,0
4,-3,246,1,295,0
0,-1,247,1,295,0
-3,8,255,1,295,0
5,3,257,1,295,0
6,4,272,1,295,0
-3,-1,279,1,295,0
7,5,284,1,295,0
8,6,293,1,295,0
-7,3,13,1,295,0
-6,2,21,1,295,0
-7,-4,39,1,295,0
-1,7,59,1,295,0
-4,0,89,1,295,0
-5,1,99,1,295,0
8,-6,295,1,295,0
5,-7,248,1,295,0
1,-5,158,1,295,0
1,0,169,1,295,0
2,1,179,1,295,0
3,2,189,1,295,0
3,-1,191,1,295,0
-1,-6,202,1,295,0
0,-2,237,1,295,0
4,-4,242,1,295,0
8,7,257,1,295,0
4,3,258,1,295,0
7,6,259,1,295,0
5,4,269,1,295,0
6,5,277,1,295,0
7,-3,279,1,295,0
-3,-2,283,1,295,0
-7,4,6,1,295,0
-1,8,58,1,295,0
-3,0,66,1,295,0
-5,2,106,1,295,0
8,-7,107,1,295,0
3,-2,108,1,295,0
5,-8,118,1,295,0
7,-4,287,1,295,0
1,-6,164,1,295,0
1,1,165,1,295,0
3,3,193,1,295,0
8,8,195,1,295,0
2,2,201,1,295,0
6,6,215,1,295,0
4,-5,232,1,295,0
6,-1,249,1,295,0
7,7,253,1,295,0
0,0,254,1,295,0
5,5,264,1,295,0
4,4,269,1,295,0
-7,5,9,1,295,0
1,-7,23,1,295,0
-4,2,34,1,295,0
-3,-4,65,1,295,0
0,-4,84,1,295,0
8,-8,99,1,295,0
-5,3,109,1,295,0
7,-5,283,1,295,0
6,-2,149,1,295,0
0,1,162,1,295,0
-1,-8,185,1,295,0
2,3,194,1,295,0
7,8,197,1,295,0
5,6,223,1,295,0
4,-6,224,1,295,0
1,2,237,1,295,0
6,7,241,1,295,0
3,-3,247,1,295,0
4,5,262,1,295,0
-2,0,263,1,295,0
-2,-1,271,1,295,0
3,4,275,1,295,0
9,1,3,1,295,0
-7,6,11,1,295,0
1,-8,17,1,295,0
-3,2,39,1,295,0
-6,-4,46,1,295,0
7,-6,222,1,295,0
-4,3,115,1,295,0
4,-7,129,1,295,0
8,0,163,1,295,0
2,-1,177,1,295,0
3,5,201,1,295,0
1,3,233,1,295,0
5,7,236,1,295,0
6,8,237,1,295,0
3,-4,255,1,295,0
4,6,257,1,295,0
-1,0,261,1,295,0
-2,-2,275,1,295,0
2,4,277,1,295,0
-5,4,294,1,295,0
0,2,294,1,295,0
6,-3,294,1,295,0
-6,6,19,1,295,0
3,-5,35,1,295,0
7,-7,221,1,295,0
6,-4,106,1,295,0
2,-2,99,1,295,0
1,4,117,1,295,0
-4,4,118,1,295,0
7,0,158,1,295,0
-2,2,145,1,295,0
-1,1,154,1,295,0
5,-1,187,1,295,0
0,-6,197,1,295,0
3,6,208,1,295,0
-2,-3,219,1,295,0
8,1,224,1,295,0
5,8,235,1,295,0
4,7,249,1,295,0
2,5,285,1,295,0
-5,5,286,1,295,0
6,-5,54,1,295,0
7,-8,213,1,295,0
2,-3,98,1,295,0
-3,4,126,1,295,0
-2,3,141,1,295,0
5,-2,146,1,295,0
-1,2,149,1,295,0
0,4,174,1,295,0
0,-7,193,1,295,0
-2,-4,217,1,295,0
3,7,225,1,295,0
8,2,229,1,295,0
7,1,233,1,295,0
4,8,244,1,295,0
6,0,247,1,295,0
8,-1,261,1,295,0
3,-6,275,1,295,0
-5,6,279,1,295,0
2,6,288,1,295,0
1,5,294,1,295,0
-5,-3,294,1,295,0
-1,3,4,1,295,0
-4,6,31,1,295,0
1,6,41,1,295,0
-5,-4,53,1,295,0
6,-6,259,1,295,0
-2,4,134,1,295,0
0,5,183,1,295,0
0,-8,186,1,295,0
5,0,202,1,295,0
-2,-5,209,1,295,0
3,8,219,1,295,0
8,3,227,1,295,0
-1,-2,229,1,295,0
7,2,236,1,295,0
1,-1,239,1,295,0
6,1,239,1,295,0
2,-4,257,1,295,0
8,-2,272,1,295,0
2,7,291,1,295,0
5,-3,291,1,295,0
3,-7,293,1,295,0
-8,-4,34,1,295,0
5,-4,98,1,295,0
6,-7,249,1,295,0
8,-3,182,1,295,0
2,8,129,1,295,0
-1,4,168,1,295,0
4,-1,195,1,295,0
4,0,201,1,295,0
5,1,208,1,295,0
0,6,211,1,295,0
-2,5,225,1,295,0
-1,-3,226,1,295,0
-3,6,234,1,295,0
1,-2,238,1,295,0
7,3,237,1,295,0
6,2,248,1,295,0
2,-5,267,1,295,0
-4,7,272,1,295,0
-4,-2,289,1,295,0
3,-8,289,1,295,0
1,7,292,1,295,0
8,4,293,1,295,0
-1,-4,78,1,295,0
1,-3,92,1,295,0
6,-8,101,1,295,0
8,-4,125,1,295,0
2,-6,149,1,295,0
4,1,169,1,295,0
3,0,193,1,295,0
4,-2,202,1,295,0
0,7,207,1,295,0
-1,5,219,1,295,0
-2,6,229,1,295,0
5,-5,233,1,295,0
6,3,242,1,295,0
5,2,249,1,295,0
-3,7,258,1,295,0
-4,8,263,1,295,0
7,-1,264,1,295,0
8,5,286,1,295,0
-4,-3,292,1,295,0
9,6,292,1,295,0
7,4,294,1,295,0
1,8,294,1,295,0
2,-7,29,1,296,0
7,-2,171,1,296,0
-2,7,52,1,296,0
-4,-4,59,1,296,0
5,-6,239,1,296,0
1,-4,86,1,296,0
-5,0,92,1,296,0
8,-5,294,1,296,0
4,2,161,1,296,0
2,0,176,1,296,0
3,1,184,1,296,0
0,8,199,1,296,0
-1,-5,208,1,296,0
-1,6,217,1,296,0
4,-3,246,1,296,0
0,-1,247,1,296,0
-3,8,255,1,296,0
5,3,257,1,296,0
6,4,272,1,296,0
-3,-1,279,1,296,0
7,5,284,1,296,0
8,6,293,1,296,0
-7,3,13,1,296,0
-6,2,21,1,296,0
-7,-4,39,1,296,0
-1,7,59,1,296,0
-4,0,89,1,296,0
-5,1,99,1,296,0
8,-6,296,1,296,0
5,-7,248,1,296,0
1,-5,158,1,296,0
1,0,169,1,296,0
2,1,179,1,296,0
3,2,189,1,296,0
3,-1,191,1,296,0
-1,-6,202,1,296,0
0,-2,237,1,296,0
4,-4,242,1,296,0
4,3,258,1,296,0
7,6,259,1,296,0
5,4,269,1,296,0
6,5,277,1,296,0
7,-3,279,1,296,0
-3,-2,283,1,296,0
8,7,294,1,296,0
-7,4,6,1,296,0
-1,8,58,1,296,0
-3,0,66,1,296,0
-5,2,106,1,296,0
8,-7,107,1,296,0
3,-2,108,1,296,0
5,-8,118,1,296,0
7,-4,287,1,296,0
1,-6,164,1,296,0
1,1,165,1,296,0
3,3,193,1,296,0
8,8,195,1,296,0
2,2,201,1,296,0
6,6,215,1,296,0
4,-5,232,1,296,0
6,-1,249,1,296,0
7,7,253,1,296,0
0,0,254,1,296,0
5,5,264,1,296,0
4,4,269,1,296,0
-6,3,295,1,296,0
-7,5,9,1,296,0
1,-7,23,1,296,0
-4,2,34,1,296,0
-3,-4,65,1,296,0
0,-4,84,1,296,0
8,-8,99,1,296,0
-5,3,109,1,296,0
7,-5,283,1,296,0
6,-2,149,1,296,0
0,1,162,1,296,0
-1,-8,185,1,296,0
2,3,194,1,296,0
7,8,197,1,296,0
5,6,223,1,296,0
4,-6,224,1,296,0
1,2,237,1,296,0
6,7,241,1,296,0
3,-3,247,1,296,0
4,5,262,1,296,0
-2,0,263,1,296,0
-2,-1,271,1,296,0
3,4,275,1,296,0
9,1,3,1,296,0
-7,6,11,1,296,0
1,-8,17,1,296,0
-3,2,39,1,296,0
-6,-4,46,1,296,0
7,-6,222,1,296,0
-4,3,115,1,296,0
4,-7,129,1,296,0
8,0,163,1,296,0
2,-1,177,1,296,0
3,5,201,1,296,0
1,3,233,1,296,0
5,7,236,1,296,0
6,8,237,1,296,0
3,-4,255,1,296,0
4,6,257,1,296,0
-1,0,261,1,296,0
-2,-2,275,1,296,0
2,4,277,1,296,0
-5,4,294,1,296,0
6,-3,294,1,296,0
0,2,295,1,296,0
-6,6,19,1,296,0
3,-5,35,1,296,0
7,-7,221,1,296,0
6,-4,106,1,296,0
2,-2,99,1,296,0
1,4,117,1,296,0
-4,4,118,1,296,0
7,0,158,1,296,0
-2,2,145,1,296,0
-1,1,154,1,296,0
5,-1,187,1,296,0
0,-6,197,1,296,0
3,6,208,1,296,0
-2,-3,219,1,296,0
8,1,224,1,296,0
5,8,235,1,296,0
4,7,249,1,296,0
2,5,285,1,296,0
-5,5,286,1,296,0
6,-5,54,1,296,0
7,-8,213,1,296,0
2,-3,98,1,296,0
-3,4,126,1,296,0
-2,3,141,1,296,0
5,-2,146,1,296,0
-1,2,149,1,296,0
0,4,174,1,296,0
0,-7,193,1,296,0
-2,-4,217,1,296,0
3,7,225,1,296,0
8,2,229,1,296,0
7,1,233,1,296,0
4,8,244,1,296,0
6,0,247,1,296,0
8,-1,261,1,296,0
3,-6,275,1,296,0
-5,6,279,1,296,0
2,6,288,1,296,0
1,5,295,1,296,0
-5,-3,295,1,296,0
-1,3,4,1,296,0
-4,6,31,1,296,0
1,6,41,1,296,0
-5,-4,53,1,296,0
6,-6,259,1,296,0
-2,4,134,1,296,0
0,5,183,1,296,0
0,-8,186,1,296,0
5,0,202,1,296,0
-2,-5,209,1,296,0
3,8,219,1,296,0
8,3,227,1,296,0
-1,-2,229,1,296,0
7,2,236,1,296,0
1,-1,239,1,296,0
6,1,239,1,296,0
2,-4,257,1,296,0
8,-2,272,1,296,0
2,7,291,1,296,0
3,-7,293,1,296,0
5,-3,295,1,296,0
-8,-4,34,1,296,0
5,-4,98,1,296,0
6,-7,249,1,296,0
8,-3,182,1,296,0
2,8,129,1,296,0
-1,4,168,1,296,0
4,-1,195,1,296,0
4,0,201,1,296,0
5,1,208,1,296,0
0,6,211,1,296,0
-2,5,225,1,296,0
-1,-3,226,1,296,0
-3,6,234,1,296,0
1,-2,238,1,296,0
6,2,248,1,296,0
2,-5,267,1,296,0
-4,7,272,1,296,0
-4,-2,289,1,296,0
1,7,292,1,296,0
8,4,293,1,296,0
3,-8,294,1,296,0
7,3,295,1,296,0
-1,-4,78,1,296,0
1,-3,92,1,296,0
6,-8,101,1,296,0
8,-4,125,1,296,0
2,-6,149,1,296,0
4,1,169,1,296,0
3,0,193,1,296,0
4,-2,202,1,296,0
0,7,207,1,296,0
-1,5,219,1,296,0
-2,6,229,1,296,0
5,-5,233,1,296,0
6,3,242,1,296,0
5,2,249,1,296,0
-3,7,258,1,296,0
-4,8,263,1,296,0
7,-1,264,1,296,0
8,5,286,1,296,0
-4,-3,292,1,296,0
9,6,292,1,296,0
7,4,294,1,296,0
1,8,295,1,296,0
2,-7,29,1,297,0
7,-2,171,1,297,0
-2,7,52,1,297,0
-4,-4,59,1,297,0
5,-6,239,1,297,0
1,-4,86,1,297,0
-5,0,92,1,297,0
8,-5,294,1,297,0
4,2,161,1,297,0
2,0,176,1,297,0
3,1,184,1,297,0
0,8,199,1,297,0
-1,-5,208,1,297,0
-1,6,217,1,297,0
4,-3,246,1,297,0
0,-1,247,1,297,0
-3,8,255,1,297,0
5,3,257,1,297,0
6,4,272,1,297,0
-3,-1,279,1,297,0
7,5,284,1,297,0
8,6,293,1,297,0
-7,3,13,1,297,0
-6,2,21,1,297,0
-7,-4,39,1,297,0
-1,7,59,1,297,0
-4,0,89,1,297,0
-5,1,99,1,297,0
8,-6,297,1,297,0
5,-7,248,1,297,0
1,-5,158,1,297,0
1,0,169,1,297,0
2,1,179,1,297,0
3,2,189,1,297,0
3,-1,191,1,297,0
-1,-6,202,1,297,0
0,-2,237,1,297,0
4,-4,242,1,297,0
4,3,258,1,297,0
7,6,259,1,297,0
5,4,269,1,297,0
6,5,277,1,297,0
7,-3,279,1,297,0
-3,-2,283,1,297,0
8,7,295,1,297,0
-7,4,6,1,297,0
-1,8,58,1,297,0
-3,0,66,1,297,0
-5,2,106,1,297,0
8,-7,107,1,297,0
3,-2,108,1,297,0
5,-8,118,1,297,0
7,-4,287,1,297,0
1,-6,164,1,297,0
1,1,165,1,297,0
3,3,193,1,297,0
8,8,195,1,297,0
2,2,201,1,297,0
6,6,215,1,297,0
4,-5,232,1,297,0
6,-1,249,1,297,0
7,7,253,1,297,0
0,0,254,1,297,0
5,5,264,1,297,0
4,4,269,1,297,0
-6,3,296,1,297,0
-7,5,9,1,297,0
1,-7,23,1,297,0
-4,2,34,1,297,0
-3,-4,65,1,297,0
0,-4,84,1,297,0
8,-8,99,1,297,0
-5,3,109,1,297,0
7,-5,283,1,297,0
6,-2,149,1,297,0
0,1,162,1,297,0
-1,-8,185,1,297,0
2,3,194,1,297,0
7,8,197,1,297,0
5,6,223,1,297,0
4,-6,224,1,297,0
1,2,237,1,297,0
6,7,241,1,297,0
3,-3,247,1,297,0
4,5,262,1,297,0
-2,0,263,1,297,0
-2,-1,271,1,297,0
3,4,275,1,297,0
9,1,3,1,297,0
-7,6,11,1,297,0
1,-8,17,1,297,0
-3,2,39,1,297,0
-6,-4,46,1,297,0
7,-6,222,1,297,0
-4,3,115,1,297,0
4,-7,129,1,297,0
8,0,163,1,297,0
2,-1,177,1,297,0
3,5,201,1,297,0
1,3,233,1,297,0
5,7,236,1,297,0
6,8,237,1,297,0
3,-4,255,1,297,0
4,6,257,1,297,0
-1,0,261,1,297,0
-2,-2,275,1,297,0
2,4,277,1,297,0
-5,4,294,1,297,0
6,-3,294,1,297,0
0,2,296,1,297,0
-6,6,19,1,297,0
3,-5,35,1,297,0
7,-7,221,1,297,0
6,-4,106,1,297,0
2,-2,99,1,297,0
1,4,117,1,297,0
-4,4,118,1,297,0
7,0,158,1,297,0
-2,2,145,1,297,0
-1,1,154,1,297,0
5,-1,187,1,297,0
0,-6,197,1,297,0
3,6,208,1,297,0
-2,-3,219,1,297,0
8,1,224,1,297,0
5,8,235,1,297,0
4,7,249,1,297,0
2,5,285,1,297,0
-5,5,286,1,297,0
6,-5,54,1,297,0
7,-8,213,1,297,0
2,-3,98,1,297,0
-3,4,126,1,297,0
-2,3,141,1,297,0
5,-2,146,1,297,0
-1,2,149,1,297,0
0,4,174,1,297,0
0,-7,193,1,297,0
-2,-4,217,1,297,0
3,7,225,1,297,0
8,2,229,1,297,0
7,1,233,1,297,0
4,8,244,1,297,0
6,0,247,1,297,0
8,-1,261,1,297,0
3,-6,275,1,297,0
-5,6,279,1,297,0
2,6,288,1,297,0
1,5,295,1,297,0
-5,-3,296,1,297,0
-1,3,4,1,297,0
-4,6,31,1,297,0
-5,-4,53,1,297,0
6,-6,259,1,297,0
-2,4,134,1,297,0
0,5,183,1,297,0
0,-8,186,1,297,0
5,0,202,1,297,0
-2,-5,209,1,297,0
3,8,219,1,297,0
8,3,227,1,297,0
-1,-2,229,1,297,0
7,2,236,1,297,0
1,-1,239,1,297,0
6,1,239,1,297,0
2,-4,257,1,297,0
8,-2,272,1,297,0
2,7,291,1,297,0
3,-7,293,1,297,0
1,6,296,1,297,0
5,-3,296,1,297,0
-8,-4,34,1,297,0
5,-4,98,1,297,0
6,-7,249,1,297,0
8,-3,182,1,297,0
2,8,129,1,297,0
-1,4,168,1,297,0
4,-1,195,1,297,0
4,0,201,1,297,0
5,1,208,1,297,0
0,6,211,1,297,0
-2,5,225,1,297,0
-1,-3,226,1,297,0
-3,6,234,1,297,0
1,-2,238,1,297,0
6,2,248,1,297,0
2,-5,267,1,297,0
-4,7,272,1,297,0
-4,-2,289,1,297,0
1,7,292,1,297,0
8,4,293,1,297,0
3,-8,295,1,297,0
7,3,296,1,297,0
-1,-4,78,1,297,0
1,-3,92,1,297,0
6,-8,101,1,297,0
8,-4,125,1,297,0
2,-6,149,1,297,0
4,1,169,1,297,0
3,0,193,1,297,0
4,-2,202,1,297,0
0,7,207,1,297,0
-1,5,219,1,297,0
-2,6,229,1,297,0
5,-5,233,1,297,0
6,3,242,1,297,0
5,2,249,1,297,0
-3,7,258,1,297,0
-4,8,263,1,297,0
7,-1,264,1,297,0
8,5,286,1,297,0
-4,-3,292,1,297,0
9,6,292,1,297,0
7,4,294,1,297,0
1,8,296,1,297,0
2,-7,29,1,298,0
7,-2,171,1,298,0
-2,7,52,1,298,0
-4,-4,59,1,298,0
5,-6,239,1,298,0
1,-4,86,1,298,0
-5,0,92,1,298,0
8,-5,294,1,298,0
4,2,161,1,298,0
2,0,176,1,298,0
3,1,184,1,298,0
0,8,199,1,298,0
-1,-5,208,1,298,0
-1,6,217,1,298,0
4,-3,246,1,298,0
0,-1,247,1,298,0
-3,8,255,1,298,0
5,3,257,1,298,0
6,4,272,1,298,0
-3,-1,279,1,298,0
7,5,284,1,298,0
8,6,293,1,298,0
-7,3,13,1,298,0
-6,2,21,1,298,0
-7,-4,39,1,298,0
-1,7,59,1,298,0
-4,0,89,1,298,0
-5,1,99,1,298,0
8,-6,298,1,298,0
5,-7,248,1,298,0
1,-5,158,1,298,0
1,0,169,1,298,0
2,1,179,1,298,0
3,2,189,1,298,0
3,-1,191,1,298,0
-1,-6,202,1,298,0
0,-2,237,1,298,0
4,-4,242,1,298,0
4,3,258,1,298,0
7,6,259,1,298,0
5,4,269,1,298,0
6,5,277,1,298,0
7,-3,279,1,298,0
-3,-2,283,1,298,0
8,7,296,1,298,0
-7,4,6,1,298,0
-1,8,58,1,298,0
-3,0,66,1,298,0
-5,2,106,1,298,0
8,-7,107,1,298,0
3,-2,108,1,298,0
5,-8,118,1,298,0
7,-4,287,1,298,0
1,-6,164,1,298,0
1,1,165,1,298,0
3,3,193,1,298,0
8,8,195,1,298,0
2,2,201,1,298,0
6,6,215,1,298,0
4,-5,232,1,298,0
6,-1,249,1,298,0
7,7,253,1,298,0
0,0,254,1,298,0
5,5,264,1,298,0
4,4,269,1,298,0
-6,3,297,1,298,0
-7,5,9,1,298,0
1,-7,23,1,298,0
-4,2,34,1,298,0
-3,-4,65,1,298,0
0,-4,84,1,298,0
8,-8,99,1,298,0
-5,3,109,1,298,0
7,-5,283,1,298,0
6,-2,149,1,298,0
0,1,162,1,298,0
-1,-8,185,1,298,0
2,3,194,1,298,0
7,8,197,1,298,0
5,6,223,1,298,0
4,-6,224,1,298,0
1,2,237,1,298,0
6,7,241,1,298,0
3,-3,247,1,298,0
4,5,262,1,298,0
-2,0,263,1,298,0
-2,-1,271,1,298,0
3,4,275,1,298,0
9,1,3,1,298,0
-7,6,11,1,298,0
1,-8,17,1,298,0
-3,2,39,1,298,0
-6,-4,46,1,298,0
7,-6,222,1,298,0
-4,3,115,1,298,0
4,-7,129,1,298,0
8,0,163,1,298,0
2,-1,177,1,298,0
3,5,201,1,298,0
1,3,233,1,298,0
5,7,236,1,298,0
6,8,237,1,298,0
3,-4,255,1,298,0
4,6,257,1,298,0
-1,0,261,1,298,0
-2,-2,275,1,298,0
2,4,277,1,298,0
-5,4,294,1,298,0
6,-3,294,1,298,0
0,2,297,1,298,0
-6,6,19,1,298,0
3,-5,35,1,298,0
7,-7,221,1,298,0
6,-4,106,1,298,0
2,-2,99,1,298,0
1,4,117,1,298,0
-4,4,118,1,298,0
7,0,158,1,298,0
-2,2,145,1,298,0
-1,1,154,1,298,0
5,-1,187,1,298,0
0,-6,197,1,298,0
3,6,208,1,298,0
-2,-3,219,1,298,0
8,1,224,1,298,0
5,8,235,1,298,0
4,7,249,1,298,0
2,5,285,1,298,0
-5,5,286,1,298,0
6,-5,54,1,298,0
7,-8,213,1,298,0
2,-3,98,1,298,0
-3,4,126,1,298,0
-2,3,141,1,298,0
5,-2,146,1,298,0
-1,2,149,1,298,0
0,4,174,1,298,0
0,-7,193,1,298,0
-2,-4,217,1,298,0
3,7,225,1,298,0
8,2,229,1,298,0
7,1,233,1,298,0
4,8,244,1,298,0
6,0,247,1,298,0
8,-1,261,1,298,0
3,-6,275,1,298,0
-5,6,279,1,298,0
2,6,288,1,298,0
1,5,295,1,298,0
-5,-3,297,1,298,0
-1,3,4,1,298,0
-4,6,31,1,298,0
-5,-4,53,1,298,0
6,-6,259,1,298,0
-2,4,134,1,298,0
0,5,183,1,298,0
0,-8,186,1,298,0
5,0,202,1,298,0
-2,-5,209,1,298,0
3,8,219,1,298,0
8,3,227,1,298,0
-1,-2,229,1,298,0
7,2,236,1,298,0
1,-1,239,1,298,0
6,1,239,1,298,0
2,-4,257,1,298,0
8,-2,272,1,298,0
3,-7,293,1,298,0
1,6,297,1,298,0
2,7,297,1,298,0
5,-3,297,1,298,0
-8,-4,34,1,298,0
5,-4,98,1,298,0
6,-7,249,1,298,0
8,-3,182,1,298,0
2,8,129,1,298,0
-1,4,168,1,298,0
4,-1,195,1,298,0
4,0,201,1,298,0
5,1,208,1,298,0
0,6,211,1,298,0
-2,5,225,1,298,0
-1,-3,226,1,298,0
-3,6,234,1,298,0
1,-2,238,1,298,0
6,2,248,1,298,0
2,-5,267,1,298,0
-4,7,272,1,298,0
-4,-2,289,1,298,0
1,7,292,1,298,0
8,4,293,1,298,0
3,-8,296,1,298,0
7,3,297,1,298,0
-1,-4,78,1,298,0
1,-3,92,1,298,0
6,-8,101,1,298,0
8,-4,125,1,298,0
2,-6,149,1,298,0
4,1,169,1,298,0
3,0,193,1,298,0
4,-2,202,1,298,0
0,7,207,1,298,0
-1,5,219,1,298,0
-2,6,229,1,298,0
5,-5,233,1,298,0
6,3,242,1,298,0
5,2,249,1,298,0
-3,7,258,1,298,0
-4,8,263,1,298,0
7,-1,264,1,298,0
8,5,286,1,298,0
-4,-3,292,1,298,0
9,6,292,1,298,0
7,4,294,1,298,0
1,8,296,1,298,0
2,-7,29,1,299,0
7,-2,171,1,299,0
-2,7,52,1,299,0
-4,-4,59,1,299,0
5,-6,239,1,299,0
1,-4,86,1,299,0
-5,0,92,1,299,0
8,-5,294,1,299,0
4,2,161,1,299,0
2,0,176,1,299,0
3,1,184,1,299,0
0,8,199,1,299,0
-1,-5,208,1,299,0
-1,6,217,1,299,0
4,-3,246,1,299,0
0,-1,247,1,299,0
-3,8,255,1,299,0
5,3,257,1,299,0
6,4,272,1,299,0
-3,-1,279,1,299,0
7,5,284,1,299,0
8,6,293,1,299,0
-7,3,13,1,299,0
-6,2,21,1,299,0
-7,-4,39,1,299,0
-1,7,59,1,299,0
-4,0,89,1,299,0
-5,1,99,1,299,0
8,-6,299,1,299,0
5,-7,248,1,299,0
1,-5,158,1,299,0
1,0,169,1,299,0
2,1,179,1,299,0
3,2,189,1,299,0
3,-1,191,1,299,0
-1,-6,202,1,299,0
0,-2,237,1,299,0
4,-4,242,1,299,0
4,3,258,1,299,0
7,6,259,1,299,0
5,4,269,1,299,0
6,5,277,1,299,0
7,-3,279,1,299,0
-3,-2,283,1,299,0
8,7,297,1,299,0
-7,4,6,1,299,0
-1,8,58,1,299,0
-3,0,66,1,299,0
-5,2,106,1,299,0
8,-7,107,1,299,0
3,-2,108,1,299,0
5,-8,118,1,299,0
7,-4,287,1,299,0
1,-6,164,1,299,0
1,1,165,1,299,0
3,3,193,1,299,0
8,8,195,1,299,0
2,2,201,1,299,0
6,6,215,1,299,0
4,-5,232,1,299,0
6,-1,249,1,299,0
7,7,253,1,299,0
0,0,254,1,299,0
5,5,264,1,299,0
4,4,269,1,299,0
-6,3,298,1,299,0
-7,5,9,1,299,0
1,-7,23,1,299,0
-4,2,34,1,299,0
-3,-4,65,1,299,0
0,-4,84,1,299,0
8,-8,99,1,299,0
-5,3,109,1,299,0
7,-5,283,1,299,0
6,-2,149,1,299,0
0,1,162,1,299,0
-1,-8,185,1,299,0
2,3,194,1,299,0
7,8,197,1,299,0
5,6,223,1,299,0
4,-6,224,1,299,0
1,2,237,1,299,0
6,7,241,1,299,0
3,-3,247,1,299,0
4,5,262,1,299,0
-2,0,263,1,299,0
-2,-1,271,1,299,0
3,4,275,1,299,0
9,1,3,1,299,0
-7,6,11,1,299,0
1,-8,17,1,299,0
-3,2,39,1,299,0
-6,-4,46,1,299,0
7,-6,222,1,299,0
-4,3,115,1,299,0
4,-7,129,1,299,0
8,0,163,1,299,0
2,-1,177,1,299,0
3,5,201,1,299,0
1,3,233,1,299,0
5,7,236,1,299,0
6,8,237,1,299,0
3,-4,255,1,299,0
4,6,257,1,299,0
-1,0,261,1,299,0
-2,-2,275,1,299,0
2,4,277,1,299,0
-5,4,294,1,299,0
0,2,298,1,299,0
6,-3,298,1,299,0
-6,6,19,1,299,0
3,-5,35,1,299,0
7,-7,221,1,299,0
6,-4,106,1,299,0
2,-2,99,1,299,0
1,4,117,1,299,0
-4,4,118,1,299,0
7,0,158,1,299,0
-2,2,145,1,299,0
-1,1,154,1,299,0
5,-1,187,1,299,0
0,-6,197,1,299,0
3,6,208,1,299,0
-2,-3,219,1,299,0
8,1,224,1,299,0
5,8,235,1,299,0
4,7,249,1,299,0
2,5,285,1,299,0
-5,5,286,1,299,0
6,-5,54,1,299,0
7,-8,213,1,299,0
2,-3,98,1,299,0
-3,4,126,1,299,0
-2,3,141,1,299,0
5,-2,146,1,299,0
-1,2,149,1,299,0
0,4,174,1,299,0
0,-7,193,1,299,0
-2,-4,217,1,299,0
3,7,225,1,299,0
8,2,229,1,299,0
7,1,233,1,299,0
4,8,244,1,299,0
6,0,247,1,299,0
8,-1,261,1,299,0
3,-6,275,1,299,0
-5,6,279,1,299,0
2,6,288,1,299,0
1,5,295,1,299,0
-5,-3,298,1,299,0
-1,3,4,1,299,0
-4,6,31,1,299,0
-5,-4,53,1,299,0
6,-6,259,1,299,0
-2,4,134,1,299,0
0,5,183,1,299,0
0,-8,186,1,299,0
5,0,202,1,299,0
-2,-5,209,1,299,0
3,8,219,1,299,0
8,3,227,1,299,0
-1,-2,229,1,299,0
7,2,236,1,299,0
1,-1,239,1,299,0
6,1,239,1,299,0
2,-4,257,1,299,0
8,-2,272,1,299,0
5,-3,297,1,299,0
1,6,298,1,299,0
3,-7,297,1,299,0
2,7,298,1,299,0
-8,-4,34,1,299,0
5,-4,98,1,299,0
6,-7,249,1,299,0
8,-3,182,1,299,0
2,8,129,1,299,0
-1,4,168,1,299,0
4,-1,195,1,299,0
4,0,201,1,299,0
5,1,208,1,299,0
0,6,211,1,299,0
-2,5,225,1,299,0
-1,-3,226,1,299,0
-3,6,234,1,299,0
1,-2,238,1,299,0
6,2,248,1,299,0
2,-5,267,1,299,0
-4,7,272,1,299,0
-4,-2,289,1,299,0
1,7,292,1,299,0
8,4,293,1,299,0
3,-8,296,1,299,0
7,3,298,1,299,0
-1,-4,78,1,299,0
1,-3,92,1,299,0
6,-8,101,1,299,0
8,-4,125,1,299,0
2,-6,149,1,299,0
4,1,169,1,299,0
3,0,193,1,299,0
4,-2,202,1,299,0
0,7,207,1,299,0
-1,5,219,1,299,0
-2,6,229,1,299,0
5,-5,233,1,299,0
6,3,242,1,299,0
5,2,249,1,299,0
-3,7,258,1,299,0
-4,8,263,1,299,0
7,-1,264,1,299,0
8,5,286,1,299,0
-4,-3,292,1,299,0
9,6,292,1,299,0
7,4,294,1,299,0
1,8,296,1,299,0
